INSTRUMENT,SYMBOL,EXPIRY_DT,STRIKE_PR,OPTION_TYP,OPEN,HIGH,LOW,CLOSE,SETTLE_PR,CONTRACTS,VAL_INLAKH,OPEN_INT,CHG_IN_OI,TIMESTAMP,
FUTIDX,NIFTY,29-Feb-2024,0,XX,21800.15,21920,21725,21751.45,21751.45,180971,1973460.77,11341800,95300,01-FEB-2024,
FUTIDX,NIFTY,28-Mar-2024,0,XX,21973.65,22051.05,21870.95,21894.55,21894.55,9162,100538.15,863250,84200,01-FEB-2024,
FUTIDX,NIFTY,25-Apr-2024,0,XX,22105,22184.4,22004.25,22022.1,22022.1,2618,28908.11,182300,42750,01-FEB-2024,
OPTIDX,NIFTY,01-Feb-2024,19500,CE,2250,2265,2140.25,2200.65,21697.45,88,955.82,3750,-2750,01-FEB-2024,
OPTIDX,NIFTY,01-Feb-2024,19550,CE,2150,2150,2150,2150,21697.45,1,10.85,0,-50,01-FEB-2024,
OPTIDX,NIFTY,01-Feb-2024,19600,CE,2150,2150,2098,2098,21697.45,22,238.81,650,-450,01-FEB-2024,
OPTIDX,NIFTY,01-Feb-2024,19650,CE,2059,2059,2059,2059,21697.45,1,10.85,0,-50,01-FEB-2024,
OPTIDX,NIFTY,01-Feb-2024,19700,CE,2000,2047,1992.35,2008,21697.45,53,575.52,900,-1450,01-FEB-2024,
OPTIDX,NIFTY,01-Feb-2024,19750,CE,0,0,0,1960,21697.45,0,0,500,0,01-FEB-2024,
OPTIDX,NIFTY,01-Feb-2024,19800,CE,1910,1982.25,1898,1898.35,21697.45,34,369.08,900,-1100,01-FEB-2024,
OPTIDX,NIFTY,01-Feb-2024,19850,CE,1871.55,1885.9,1841.8,1841.8,21697.45,9,97.72,200,-100,01-FEB-2024,
OPTIDX,NIFTY,01-Feb-2024,19900,CE,1800,1845.95,1790,1803.35,21697.45,40,434.22,700,-50,01-FEB-2024,
OPTIDX,NIFTY,01-Feb-2024,19950,CE,1858.6,1858.6,1798.65,1798.65,21697.45,2,21.77,50,50,01-FEB-2024,
OPTIDX,NIFTY,01-Feb-2024,20000,CE,1710.05,1804.55,1645.65,1703.15,21697.45,1446,15695.49,11900,-58550,01-FEB-2024,
OPTIDX,NIFTY,01-Feb-2024,20050,CE,1690,1690,1653.45,1678.6,21697.45,70,760.45,400,-3500,01-FEB-2024,
OPTIDX,NIFTY,01-Feb-2024,20100,CE,1618.05,1670,1580,1602.25,21697.45,115,1249.76,700,-4600,01-FEB-2024,
OPTIDX,NIFTY,01-Feb-2024,20150,CE,1590,1618,1480.4,1569,21697.45,47,510.75,850,-1250,01-FEB-2024,
OPTIDX,NIFTY,01-Feb-2024,20200,CE,1524.95,1577.05,1435.8,1500.7,21697.45,139,1509.77,1200,-2750,01-FEB-2024,
OPTIDX,NIFTY,01-Feb-2024,20250,CE,1485,1485,1485,1485,21697.45,2,21.73,150,0,01-FEB-2024,
OPTIDX,NIFTY,01-Feb-2024,20300,CE,1418.5,1460,1330.55,1406.1,21697.45,72,781.79,1450,-1850,01-FEB-2024,
OPTIDX,NIFTY,01-Feb-2024,20350,CE,1376.05,1435.45,1280.6,1360,21697.45,61,662.62,400,-2500,01-FEB-2024,
OPTIDX,NIFTY,01-Feb-2024,20400,CE,1318.1,1370,1231.2,1300.95,21697.45,61,662.26,1250,-1300,01-FEB-2024,
OPTIDX,NIFTY,01-Feb-2024,20450,CE,1269.35,1298.5,1181.4,1270.9,21697.45,18,195.42,600,-100,01-FEB-2024,
OPTIDX,NIFTY,01-Feb-2024,20500,CE,1218.1,1310.2,1150,1202.6,21697.45,8018,87055.11,32200,-38250,01-FEB-2024,
OPTIDX,NIFTY,01-Feb-2024,20550,CE,1169.05,1198.15,1082.35,1137.1,21697.45,7,75.95,550,-50,01-FEB-2024,
OPTIDX,NIFTY,01-Feb-2024,20600,CE,1118.8,1206.65,1050.05,1102.95,21697.45,417,4528.37,3400,-12100,01-FEB-2024,
OPTIDX,NIFTY,01-Feb-2024,20650,CE,1068.95,1128,992.2,1042.15,21697.45,203,2204,2050,-3150,01-FEB-2024,
OPTIDX,NIFTY,01-Feb-2024,20700,CE,1018.9,1090,953.3,998.9,21697.45,1111,12059.9,56100,-45100,01-FEB-2024,
OPTIDX,NIFTY,01-Feb-2024,20750,CE,970.7,1043.55,900.2,950.85,21697.45,503,5463.64,3000,-2700,01-FEB-2024,
OPTIDX,NIFTY,01-Feb-2024,20800,CE,919.45,1003.35,852.15,905.1,21697.45,2630,28570.28,79150,-79850,01-FEB-2024,
OPTIDX,NIFTY,01-Feb-2024,20850,CE,870.2,968.85,795.85,849.25,21697.45,330,3582.64,4800,-1450,01-FEB-2024,
OPTIDX,NIFTY,01-Feb-2024,20900,CE,820.75,933.3,756.55,799.7,21697.45,9289,100838.89,102650,-18850,01-FEB-2024,
OPTIDX,NIFTY,01-Feb-2024,20950,CE,772.25,827.9,708,751.3,21697.45,202,2193.41,5850,-1050,01-FEB-2024,
OPTIDX,NIFTY,01-Feb-2024,21000,CE,760,827.6,650,699.95,21697.45,10216,110967.61,118200,-174650,01-FEB-2024,
OPTIDX,NIFTY,01-Feb-2024,21050,CE,683,781.7,605.35,650.45,21697.45,465,5051.22,7950,-2750,01-FEB-2024,
OPTIDX,NIFTY,01-Feb-2024,21100,CE,633.95,725.25,562.7,600.8,21697.45,2593,28169.96,50300,-59850,01-FEB-2024,
OPTIDX,NIFTY,01-Feb-2024,21150,CE,586.5,680.75,507.9,548.25,21697.45,815,8856.66,23550,-6150,01-FEB-2024,
OPTIDX,NIFTY,01-Feb-2024,21200,CE,559.8,630.25,461,500.05,21697.45,12143,131959.82,108350,-209850,01-FEB-2024,
OPTIDX,NIFTY,01-Feb-2024,21250,CE,512.5,582.4,411.6,449.6,21697.45,4239,46059.65,25200,-43850,01-FEB-2024,
OPTIDX,NIFTY,01-Feb-2024,21300,CE,470,535.5,366.65,399.65,21697.45,27166,295304.52,302300,-291100,01-FEB-2024,
OPTIDX,NIFTY,01-Feb-2024,21350,CE,416.15,488.25,320.15,350.7,21697.45,12556,136477.13,57950,-101150,01-FEB-2024,
OPTIDX,NIFTY,01-Feb-2024,21400,CE,368.65,440.35,274.65,300.65,21697.45,60470,657375.86,263300,-508750,01-FEB-2024,
OPTIDX,NIFTY,01-Feb-2024,21450,CE,328.15,392.45,233.25,251.5,21697.45,38121,414463.78,109350,-127100,01-FEB-2024,
OPTIDX,NIFTY,01-Feb-2024,21500,CE,295,346.75,186.45,200.95,21697.45,350805,3813794.08,392400,-1139850,01-FEB-2024,
OPTIDX,NIFTY,01-Feb-2024,21550,CE,254.85,300.2,140,151.1,21697.45,246216,2676531.34,152800,-471650,01-FEB-2024,
OPTIDX,NIFTY,01-Feb-2024,21600,CE,191.6,256.7,90,101.4,21697.45,1570282,17069929.81,1037100,-1463250,01-FEB-2024,
OPTIDX,NIFTY,01-Feb-2024,21650,CE,162,214.5,40.6,51,21697.45,3721359,40436408.65,2376050,805550,01-FEB-2024,
OPTIDX,NIFTY,01-Feb-2024,21700,CE,124,177,0.05,4.35,21697.45,26867014,291950373.51,22075200,15833600,01-FEB-2024,
OPTIDX,NIFTY,01-Feb-2024,21750,CE,119.65,144.55,0.05,1.1,21697.45,26037641,283478605.33,14543600,11558650,01-FEB-2024,
OPTIDX,NIFTY,01-Feb-2024,21800,CE,111.15,117.9,0.05,0.4,21697.45,22351190,243931665.96,13158150,7263700,01-FEB-2024,
OPTIDX,NIFTY,01-Feb-2024,21850,CE,79.95,97.95,0.05,0.3,21697.45,10549693,115361900.2,6461250,3621350,01-FEB-2024,
OPTIDX,NIFTY,01-Feb-2024,21900,CE,66,81.95,0.05,0.2,21697.45,11670808,127905682.11,7093400,287250,01-FEB-2024,
OPTIDX,NIFTY,01-Feb-2024,21950,CE,53.8,69,0.05,0.2,21697.45,6553687,71973968.69,4121900,1346250,01-FEB-2024,
OPTIDX,NIFTY,01-Feb-2024,22000,CE,45,58.2,0.05,0.15,21697.45,12952685,142568002.27,11285700,3946100,01-FEB-2024,
OPTIDX,NIFTY,01-Feb-2024,22050,CE,36.55,50,0.05,0.15,21697.45,5110219,56365680.91,3350300,701850,01-FEB-2024,
OPTIDX,NIFTY,01-Feb-2024,22100,CE,22.95,41.4,0.05,0.15,21697.45,7111686,78616967.25,5032400,1359300,01-FEB-2024,
OPTIDX,NIFTY,01-Feb-2024,22150,CE,26.35,34.9,0.05,0.1,21697.45,4257991,47173203.24,2255450,603100,01-FEB-2024,
OPTIDX,NIFTY,01-Feb-2024,22200,CE,14.9,29.2,0.05,0.1,21697.45,6923382,76873494.67,6680850,1609200,01-FEB-2024,
OPTIDX,NIFTY,01-Feb-2024,22250,CE,16.95,24.8,0.05,0.1,21697.45,3715255,41343741.86,3254850,587400,01-FEB-2024,
OPTIDX,NIFTY,01-Feb-2024,22300,CE,11.4,20.95,0.05,0.1,21697.45,5556490,61969474.69,5611200,490000,01-FEB-2024,
OPTIDX,NIFTY,01-Feb-2024,22350,CE,8,17.65,0.05,0.1,21697.45,3073973,34358939.27,2728850,581150,01-FEB-2024,
OPTIDX,NIFTY,01-Feb-2024,22400,CE,8.8,14.85,0.05,0.1,21697.45,4655365,52149550.27,7100300,1527800,01-FEB-2024,
OPTIDX,NIFTY,01-Feb-2024,22450,CE,6.95,12.75,0.05,0.1,21697.45,2322566,26075549.21,3145750,666800,01-FEB-2024,
OPTIDX,NIFTY,01-Feb-2024,22500,CE,2.9,11,0.05,0.1,21697.45,10847728,122057040.41,21409850,11262400,01-FEB-2024,
OPTIDX,NIFTY,01-Feb-2024,22550,CE,3.75,9.2,0.05,0.1,21697.45,1920274,21654107.37,3164800,1132050,01-FEB-2024,
OPTIDX,NIFTY,01-Feb-2024,22600,CE,2.95,7.8,0.05,0.05,21697.45,2820544,31875384.49,6048000,1587700,01-FEB-2024,
OPTIDX,NIFTY,01-Feb-2024,22650,CE,2.35,6.7,0.05,0.05,21697.45,1250286,14160844.15,2243450,672600,01-FEB-2024,
OPTIDX,NIFTY,01-Feb-2024,22700,CE,1.3,5.75,0.05,0.05,21697.45,2878638,32675285.02,6710100,2814850,01-FEB-2024,
OPTIDX,NIFTY,01-Feb-2024,22750,CE,1.55,5.15,0.05,0.05,21697.45,1474216,16770645.11,2641600,1524600,01-FEB-2024,
OPTIDX,NIFTY,01-Feb-2024,22800,CE,1.4,4.45,0.05,0.1,21697.45,2389740,27245184.44,4878250,2281850,01-FEB-2024,
OPTIDX,NIFTY,01-Feb-2024,22850,CE,1.2,3.9,0.05,0.1,21697.45,827455,9454338.97,858100,295550,01-FEB-2024,
OPTIDX,NIFTY,01-Feb-2024,22900,CE,1.05,3.5,0.05,0.05,21697.45,1365079,15631224.52,2116750,966950,01-FEB-2024,
OPTIDX,NIFTY,01-Feb-2024,22950,CE,1.1,3.15,0.05,0.05,21697.45,705773,8099253.85,1689450,1439000,01-FEB-2024,
OPTIDX,NIFTY,01-Feb-2024,23000,CE,1,2.75,0.05,0.1,21697.45,3020180,34733913.52,7949550,2907350,01-FEB-2024,
OPTIDX,NIFTY,01-Feb-2024,23050,CE,0.95,2.7,0.05,0.1,21697.45,487065,5613755.17,572600,309400,01-FEB-2024,
OPTIDX,NIFTY,01-Feb-2024,23100,CE,1,2.5,0.05,0.1,21697.45,787547,9096664.45,1002000,584550,01-FEB-2024,
OPTIDX,NIFTY,01-Feb-2024,23150,CE,0.95,2.4,0.05,0.1,21697.45,381054,4410922.67,646350,427450,01-FEB-2024,
OPTIDX,NIFTY,01-Feb-2024,23200,CE,0.9,2.2,0.05,0.05,21697.45,805220,9340972.6,1841700,1380050,01-FEB-2024,
OPTIDX,NIFTY,01-Feb-2024,23250,CE,0.9,2.1,0.05,0.1,21697.45,236413,2748427.51,402450,216700,01-FEB-2024,
OPTIDX,NIFTY,01-Feb-2024,23300,CE,0.9,1.9,0.05,0.1,21697.45,405149,4720200.91,784850,376650,01-FEB-2024,
OPTIDX,NIFTY,01-Feb-2024,23350,CE,0.9,1.8,0.05,0.05,21697.45,163229,1905785.31,378800,266800,01-FEB-2024,
OPTIDX,NIFTY,01-Feb-2024,23400,CE,0.9,1.6,0.05,0.05,21697.45,315561,3692209.63,670050,-185100,01-FEB-2024,
OPTIDX,NIFTY,01-Feb-2024,23450,CE,0.85,1.5,0.05,0.1,21697.45,153029,1794332.8,258300,165850,01-FEB-2024,
OPTIDX,NIFTY,01-Feb-2024,23500,CE,0.8,1.4,0.05,0.05,21697.45,1216658,14296205.17,2621500,-748550,01-FEB-2024,
OPTIDX,NIFTY,01-Feb-2024,23550,CE,0.85,1.45,0.05,0.1,21697.45,132917,1565156.5,159350,32300,01-FEB-2024,
OPTIDX,NIFTY,01-Feb-2024,23600,CE,0.75,1.35,0.05,0.05,21697.45,179884,2122699.85,397850,158450,01-FEB-2024,
OPTIDX,NIFTY,01-Feb-2024,23650,CE,0.7,1.2,0.05,0.1,21697.45,119033,1407607.02,209100,83250,01-FEB-2024,
OPTIDX,NIFTY,01-Feb-2024,23700,CE,0.7,1.15,0.05,0.05,21697.45,268383,3180422.3,1000400,505550,01-FEB-2024,
OPTIDX,NIFTY,01-Feb-2024,23750,CE,0.65,1.1,0.05,0.05,21697.45,244088,2898613.62,494450,308750,01-FEB-2024,
OPTIDX,NIFTY,01-Feb-2024,23800,CE,0.45,0.95,0.05,0.05,21697.45,383239,4560651.89,1877050,533800,01-FEB-2024,
OPTIDX,NIFTY,01-Feb-2024,23850,CE,0.5,0.95,0.05,0.05,21697.45,448095,5343659.04,2375500,825200,01-FEB-2024,
OPTIDX,NIFTY,01-Feb-2024,19500,PE,0.4,0.95,0.05,0.05,21697.45,920185,8972035.41,2843150,-824250,01-FEB-2024,
OPTIDX,NIFTY,01-Feb-2024,19550,PE,0.65,1.1,0.05,0.05,21697.45,293856,2872523.09,306700,-84350,01-FEB-2024,
OPTIDX,NIFTY,01-Feb-2024,19600,PE,0.6,1.1,0.05,0.05,21697.45,338247,3314917.35,740550,92750,01-FEB-2024,
OPTIDX,NIFTY,01-Feb-2024,19650,PE,0.75,1.1,0.05,0.05,21697.45,197025,1935830.19,334450,-169600,01-FEB-2024,
OPTIDX,NIFTY,01-Feb-2024,19700,PE,0.65,1.1,0.05,0.05,21697.45,202441,1994096.27,874800,-190500,01-FEB-2024,
OPTIDX,NIFTY,01-Feb-2024,19750,PE,0.75,1.05,0.05,0.05,21697.45,101533,1002664.53,134650,-130450,01-FEB-2024,
OPTIDX,NIFTY,01-Feb-2024,19800,PE,1,1.1,0.05,0.05,21697.45,222452,2202327.39,394400,-1050,01-FEB-2024,
OPTIDX,NIFTY,01-Feb-2024,19850,PE,0.75,1.1,0.05,0.05,21697.45,83108,824868.77,257100,62450,01-FEB-2024,
OPTIDX,NIFTY,01-Feb-2024,19900,PE,0.8,1.15,0.05,0.05,21697.45,256489,2552136.21,679450,381650,01-FEB-2024,
OPTIDX,NIFTY,01-Feb-2024,19950,PE,0.7,1.3,0.05,0.05,21697.45,122682,1223793.96,200150,74300,01-FEB-2024,
OPTIDX,NIFTY,01-Feb-2024,20000,PE,0.8,1.15,0.05,0.05,21697.45,1046710,10467447.78,1977500,-757050,01-FEB-2024,
OPTIDX,NIFTY,01-Feb-2024,20050,PE,0.9,1.25,0.05,0.05,21697.45,111070,1113511.68,289250,110350,01-FEB-2024,
OPTIDX,NIFTY,01-Feb-2024,20100,PE,0.85,1.25,0.05,0.05,21697.45,367173,3690229.41,654850,101200,01-FEB-2024,
OPTIDX,NIFTY,01-Feb-2024,20150,PE,1,1.45,0.05,0.05,21697.45,200917,2024320.25,441800,73900,01-FEB-2024,
OPTIDX,NIFTY,01-Feb-2024,20200,PE,1,1.7,0.05,0.05,21697.45,603940,6100044.15,1666100,362250,01-FEB-2024,
OPTIDX,NIFTY,01-Feb-2024,20250,PE,1,1.75,0.05,0.05,21697.45,211325,2139760.98,518950,184450,01-FEB-2024,
OPTIDX,NIFTY,01-Feb-2024,20300,PE,1,1.9,0.05,0.05,21697.45,702304,7128684.09,1217800,270100,01-FEB-2024,
OPTIDX,NIFTY,01-Feb-2024,20350,PE,1,1.8,0.05,0.05,21697.45,327047,3327848.03,696450,373050,01-FEB-2024,
OPTIDX,NIFTY,01-Feb-2024,20400,PE,1,2.45,0.05,0.05,21697.45,660445,6736853.56,1111900,201500,01-FEB-2024,
OPTIDX,NIFTY,01-Feb-2024,20450,PE,1,2.05,0.05,0.05,21697.45,432291,4420376.32,498150,52700,01-FEB-2024,
OPTIDX,NIFTY,01-Feb-2024,20500,PE,1.05,2.15,0.05,0.05,21697.45,2196365,22513901.95,4037800,-339300,01-FEB-2024,
OPTIDX,NIFTY,01-Feb-2024,20550,PE,1.1,2.5,0.05,0.05,21697.45,548098,5632016.38,758350,34600,01-FEB-2024,
OPTIDX,NIFTY,01-Feb-2024,20600,PE,1.25,2.8,0.05,0.05,21697.45,1253057,12907304.28,2094850,-133100,01-FEB-2024,
OPTIDX,NIFTY,01-Feb-2024,20650,PE,1.35,3.35,0.05,0.05,21697.45,769009,7940544.14,1244350,-186550,01-FEB-2024,
OPTIDX,NIFTY,01-Feb-2024,20700,PE,1.65,3.95,0.05,0.1,21697.45,1806484,18698414.39,2460350,-1275800,01-FEB-2024,
OPTIDX,NIFTY,01-Feb-2024,20750,PE,1.9,4.45,0.05,0.05,21697.45,806034,8363222.43,1273950,134400,01-FEB-2024,
OPTIDX,NIFTY,01-Feb-2024,20800,PE,2.1,5.15,0.05,0.05,21697.45,1834583,19081161.79,5205600,1819250,01-FEB-2024,
OPTIDX,NIFTY,01-Feb-2024,20850,PE,2.5,5.95,0.05,0.05,21697.45,965298,10064075.25,1147550,357750,01-FEB-2024,
OPTIDX,NIFTY,01-Feb-2024,20900,PE,2.8,7.15,0.05,0.05,21697.45,2119361,22149312.44,4207900,2324150,01-FEB-2024,
OPTIDX,NIFTY,01-Feb-2024,20950,PE,3.65,8.25,0.05,0.1,21697.45,1429284,14973273.14,2803400,1149250,01-FEB-2024,
OPTIDX,NIFTY,01-Feb-2024,21000,PE,4.3,9.85,0.05,0.1,21697.45,5692205,59775606.02,11810700,4591450,01-FEB-2024,
OPTIDX,NIFTY,01-Feb-2024,21050,PE,5.2,11.1,0.05,0.1,21697.45,1533827,16145632.3,2920650,1807800,01-FEB-2024,
OPTIDX,NIFTY,01-Feb-2024,21100,PE,6.5,12.75,0.05,0.1,21697.45,2850282,30074867.19,4289850,1965100,01-FEB-2024,
OPTIDX,NIFTY,01-Feb-2024,21150,PE,8.1,15.1,0.05,0.1,21697.45,2128236,22509790.5,2717800,1575000,01-FEB-2024,
OPTIDX,NIFTY,01-Feb-2024,21200,PE,10.3,17.45,0.05,0.1,21697.45,4582060,48580032.18,5271750,1640100,01-FEB-2024,
OPTIDX,NIFTY,01-Feb-2024,21250,PE,12.75,20.45,0.05,0.1,21697.45,3153746,33516856.63,2274900,777400,01-FEB-2024,
OPTIDX,NIFTY,01-Feb-2024,21300,PE,16.1,24.7,0.05,0.15,21697.45,5891544,62762580.18,5164350,1205250,01-FEB-2024,
OPTIDX,NIFTY,01-Feb-2024,21350,PE,16.9,29.9,0.05,0.15,21697.45,4373955,46705814.23,2356350,832550,01-FEB-2024,
OPTIDX,NIFTY,01-Feb-2024,21400,PE,21.25,37.25,0.05,0.15,21697.45,7640465,81782500.12,4743900,560400,01-FEB-2024,
OPTIDX,NIFTY,01-Feb-2024,21450,PE,30,46.25,0.05,0.2,21697.45,6093557,65379844.92,2925000,887500,01-FEB-2024,
OPTIDX,NIFTY,01-Feb-2024,21500,PE,35.9,57.05,0.05,0.2,21697.45,12743270,137070556.06,7879000,157750,01-FEB-2024,
OPTIDX,NIFTY,01-Feb-2024,21550,PE,40.05,70.8,0.05,0.3,21697.45,8321454,89716569.54,3739400,1357800,01-FEB-2024,
OPTIDX,NIFTY,01-Feb-2024,21600,PE,63.85,87.3,0.05,0.45,21697.45,14733579,159241609.11,7170150,3004650,01-FEB-2024,
OPTIDX,NIFTY,01-Feb-2024,21650,PE,83.85,107,0.05,0.75,21697.45,17352506,187981859.17,10184350,8414300,01-FEB-2024,
OPTIDX,NIFTY,01-Feb-2024,21700,PE,107.2,133.9,1.55,4.2,21697.45,36507460,396531146.42,19072150,15491950,01-FEB-2024,
OPTIDX,NIFTY,01-Feb-2024,21750,PE,120,169.9,26.1,48.75,21697.45,10289277,112232130.37,3913450,2932050,01-FEB-2024,
OPTIDX,NIFTY,01-Feb-2024,21800,PE,155,207,71,97.6,21697.45,4904227,53726727.11,1822900,412900,01-FEB-2024,
OPTIDX,NIFTY,01-Feb-2024,21850,PE,167.05,249,111.3,148.7,21697.45,882490,9708643.82,551150,179800,01-FEB-2024,
OPTIDX,NIFTY,01-Feb-2024,21900,PE,239.1,291.7,151.25,198.8,21697.45,600451,6634661.73,310750,-172700,01-FEB-2024,
OPTIDX,NIFTY,01-Feb-2024,21950,PE,267.2,335.75,188.55,248.55,21697.45,107968,1197984.38,94950,-61950,01-FEB-2024,
OPTIDX,NIFTY,01-Feb-2024,22000,PE,286,380.25,227.4,299.9,21697.45,216398,2411466.94,809050,24900,01-FEB-2024,
OPTIDX,NIFTY,01-Feb-2024,22050,PE,317.3,425.85,269.65,350.1,21697.45,11002,123134.81,35400,-5150,01-FEB-2024,
OPTIDX,NIFTY,01-Feb-2024,22100,PE,359.9,474.9,313.65,401.3,21697.45,18408,206990.17,32300,-104400,01-FEB-2024,
OPTIDX,NIFTY,01-Feb-2024,22150,PE,422,520.15,359.45,449.6,21697.45,4745,53585.79,19050,7450,01-FEB-2024,
OPTIDX,NIFTY,01-Feb-2024,22200,PE,467.2,572.1,400,500.25,21697.45,10704,121375.54,26300,-22600,01-FEB-2024,
OPTIDX,NIFTY,01-Feb-2024,22250,PE,542.75,613.75,447.4,549.1,21697.45,3132,35653.34,7400,50,01-FEB-2024,
OPTIDX,NIFTY,01-Feb-2024,22300,PE,558.45,664.9,495.1,599.15,21697.45,2893,33092.61,11000,-7200,01-FEB-2024,
OPTIDX,NIFTY,01-Feb-2024,22350,PE,637.6,706.8,554.45,648.9,21697.45,484,5563.19,4600,950,01-FEB-2024,
OPTIDX,NIFTY,01-Feb-2024,22400,PE,629.8,756.75,596.9,699.55,21697.45,1075,12408.32,8450,4900,01-FEB-2024,
OPTIDX,NIFTY,01-Feb-2024,22450,PE,726.55,805.2,639.75,750.5,21697.45,240,2780.99,1800,1650,01-FEB-2024,
OPTIDX,NIFTY,01-Feb-2024,22500,PE,776.45,853.2,685,800.5,21697.45,1888,21975.56,8300,-10600,01-FEB-2024,
OPTIDX,NIFTY,01-Feb-2024,22550,PE,825.15,907.15,774.95,849.75,21697.45,250,2924.77,800,400,01-FEB-2024,
OPTIDX,NIFTY,01-Feb-2024,22600,PE,874.8,952.85,775.6,900.75,21697.45,274,3216.97,3250,2200,01-FEB-2024,
OPTIDX,NIFTY,01-Feb-2024,22650,PE,931.85,1002.45,871,949.3,21697.45,116,1367.41,1000,500,01-FEB-2024,
OPTIDX,NIFTY,01-Feb-2024,22700,PE,981.05,1057.25,896.5,1001.25,21697.45,96,1137.54,1050,600,01-FEB-2024,
OPTIDX,NIFTY,01-Feb-2024,22750,PE,1027.8,1100.55,971.25,1049.7,21697.45,62,737.48,1800,1700,01-FEB-2024,
OPTIDX,NIFTY,01-Feb-2024,22800,PE,1081.4,1151.65,1020.95,1099.25,21697.45,59,704.53,350,250,01-FEB-2024,
OPTIDX,NIFTY,01-Feb-2024,22850,PE,1130.75,1176.65,1071.4,1151,21697.45,39,467.74,800,800,01-FEB-2024,
OPTIDX,NIFTY,01-Feb-2024,22900,PE,1175.5,1181.75,1170.35,1181.75,21697.45,5,60.18,150,50,01-FEB-2024,
OPTIDX,NIFTY,01-Feb-2024,22950,PE,0,0,0,1548.3,21697.45,0,0,0,0,01-FEB-2024,
OPTIDX,NIFTY,01-Feb-2024,23000,PE,1279.25,1350,1189.05,1298.55,21697.45,403,4890.86,5200,-10450,01-FEB-2024,
OPTIDX,NIFTY,01-Feb-2024,23050,PE,0,0,0,1564.35,21697.45,0,0,50,0,01-FEB-2024,
OPTIDX,NIFTY,01-Feb-2024,23100,PE,1405,1432.65,1328.75,1425.95,21697.45,84,1027.81,1900,1800,01-FEB-2024,
OPTIDX,NIFTY,01-Feb-2024,23150,PE,1424.8,1446.8,1413.8,1446.8,21697.45,3,36.86,50,50,01-FEB-2024,
OPTIDX,NIFTY,01-Feb-2024,23200,PE,1476.9,1476.9,1433.1,1433.1,21697.45,3,36.98,150,0,01-FEB-2024,
OPTIDX,NIFTY,01-Feb-2024,23250,PE,0,0,0,1826.25,21697.45,0,0,0,0,01-FEB-2024,
OPTIDX,NIFTY,01-Feb-2024,23300,PE,0,0,0,1873.45,21697.45,0,0,0,0,01-FEB-2024,
OPTIDX,NIFTY,01-Feb-2024,23350,PE,0,0,0,1920.8,21697.45,0,0,0,0,01-FEB-2024,
OPTIDX,NIFTY,01-Feb-2024,23400,PE,0,0,0,1680,21697.45,0,0,200,0,01-FEB-2024,
OPTIDX,NIFTY,01-Feb-2024,23450,PE,0,0,0,2016.15,21697.45,0,0,0,0,01-FEB-2024,
OPTIDX,NIFTY,01-Feb-2024,23500,PE,1800,1833.3,1771.35,1817.3,21697.45,21,265.69,3050,-250,01-FEB-2024,
OPTIDX,NIFTY,01-Feb-2024,23550,PE,0,0,0,2112.15,21697.45,0,0,0,0,01-FEB-2024,
OPTIDX,NIFTY,01-Feb-2024,23600,PE,1872,1872,1872,1872,21697.45,1,12.73,150,-50,01-FEB-2024,
OPTIDX,NIFTY,01-Feb-2024,23650,PE,0,0,0,2208.7,21697.45,0,0,0,0,01-FEB-2024,
OPTIDX,NIFTY,01-Feb-2024,23700,PE,0,0,0,2257.15,21697.45,0,0,0,0,01-FEB-2024,
OPTIDX,NIFTY,01-Feb-2024,23750,PE,0,0,0,2305.75,21697.45,0,0,0,0,01-FEB-2024,
OPTIDX,NIFTY,01-Feb-2024,23800,PE,0,0,0,2354.4,21697.45,0,0,0,0,01-FEB-2024,
OPTIDX,NIFTY,01-Feb-2024,23850,PE,0,0,0,2080.7,21697.45,0,0,100,0,01-FEB-2024,
OPTIDX,NIFTY,08-Feb-2024,19500,CE,2281.8,2290,2195,2196.55,2196.55,48,521.89,2400,2400,01-FEB-2024,
OPTIDX,NIFTY,08-Feb-2024,19550,CE,0,0,0,1900,2172.75,0,0,800,0,01-FEB-2024,
OPTIDX,NIFTY,08-Feb-2024,19600,CE,2125,2135,2123,2135,2122.8,15,162.96,750,750,01-FEB-2024,
OPTIDX,NIFTY,08-Feb-2024,19650,CE,2070,2070,2070,2070,2072.85,1,10.86,50,50,01-FEB-2024,
OPTIDX,NIFTY,08-Feb-2024,19700,CE,2070,2075,1995.3,2018.35,2022.95,18,195.56,900,900,01-FEB-2024,
OPTIDX,NIFTY,08-Feb-2024,19750,CE,2004.5,2040,1977,1977,1973,4,43.51,300,100,01-FEB-2024,
OPTIDX,NIFTY,08-Feb-2024,19800,CE,2025,2025,1872.65,1882,1882,28,304.12,1600,1300,01-FEB-2024,
OPTIDX,NIFTY,08-Feb-2024,19850,CE,1910,1930,1900,1905,1873.15,5,54.4,500,-50,01-FEB-2024,
OPTIDX,NIFTY,08-Feb-2024,19900,CE,1840,1850,1792.25,1800,1800,11,119.47,1300,350,01-FEB-2024,
OPTIDX,NIFTY,08-Feb-2024,19950,CE,0,0,0,1856.4,1773.25,0,0,0,0,01-FEB-2024,
OPTIDX,NIFTY,08-Feb-2024,20000,CE,1760,1850,1676.8,1700.4,1700.4,1130,12274.94,62850,55200,01-FEB-2024,
OPTIDX,NIFTY,08-Feb-2024,20050,CE,0,0,0,1760.1,1673.4,0,0,0,0,01-FEB-2024,
OPTIDX,NIFTY,08-Feb-2024,20100,CE,1640,1690,1599.65,1599.65,1599.65,133,1448.14,10450,6450,01-FEB-2024,
OPTIDX,NIFTY,08-Feb-2024,20150,CE,1675,1675,1570,1585,1573.5,89,969.05,5900,4450,01-FEB-2024,
OPTIDX,NIFTY,08-Feb-2024,20200,CE,1575,1620,1550,1555,1523.6,44,478.87,2200,2200,01-FEB-2024,
OPTIDX,NIFTY,08-Feb-2024,20250,CE,1560,1560,1470,1485,1473.65,22,239.31,1100,1100,01-FEB-2024,
OPTIDX,NIFTY,08-Feb-2024,20300,CE,1510,1510,1410,1450,1423.7,39,424.52,1950,1950,01-FEB-2024,
OPTIDX,NIFTY,08-Feb-2024,20350,CE,1460,1460,1402,1402,1373.8,11,119.92,550,550,01-FEB-2024,
OPTIDX,NIFTY,08-Feb-2024,20400,CE,1379.45,1427.9,1295,1302.4,1302.4,177,1924.75,10900,8750,01-FEB-2024,
OPTIDX,NIFTY,08-Feb-2024,20450,CE,1330,1330,1330,1330,1273.95,2,21.78,850,100,01-FEB-2024,
OPTIDX,NIFTY,08-Feb-2024,20500,CE,1266,1326,1182.45,1199.55,1199.55,980,10653.61,53300,42350,01-FEB-2024,
OPTIDX,NIFTY,08-Feb-2024,20550,CE,1215,1230,1185,1185,1174.1,4,43.52,700,200,01-FEB-2024,
OPTIDX,NIFTY,08-Feb-2024,20600,CE,1175,1181,1090,1099.3,1099.3,78,847.15,4050,3700,01-FEB-2024,
OPTIDX,NIFTY,08-Feb-2024,20650,CE,1165,1165,1041,1041,1041,79,860.31,3950,3950,01-FEB-2024,
OPTIDX,NIFTY,08-Feb-2024,20700,CE,1059.95,1170,988,1008.7,1008.7,496,5396.41,23150,21250,01-FEB-2024,
OPTIDX,NIFTY,08-Feb-2024,20750,CE,1030,1030,961.3,961.3,961.3,14,152.34,700,700,01-FEB-2024,
OPTIDX,NIFTY,08-Feb-2024,20800,CE,960,1050,895,907.4,907.4,487,5299.61,14550,11600,01-FEB-2024,
OPTIDX,NIFTY,08-Feb-2024,20850,CE,855,855,855,855,855,1,10.85,200,50,01-FEB-2024,
OPTIDX,NIFTY,08-Feb-2024,20900,CE,880,970,795,803.5,803.5,156,1695.55,7400,4300,01-FEB-2024,
OPTIDX,NIFTY,08-Feb-2024,20950,CE,870.85,893,771.65,773.15,773.15,8,87.02,700,150,01-FEB-2024,
OPTIDX,NIFTY,08-Feb-2024,21000,CE,812.65,891.5,698.2,713.9,713.9,5077,55238.86,266800,156550,01-FEB-2024,
OPTIDX,NIFTY,08-Feb-2024,21050,CE,774.95,835.1,665.6,668.05,668.05,73,795.34,2450,1350,01-FEB-2024,
OPTIDX,NIFTY,08-Feb-2024,21100,CE,713.5,786,604.8,621.05,621.05,1233,13423.56,127000,39850,01-FEB-2024,
OPTIDX,NIFTY,08-Feb-2024,21150,CE,676.95,740.4,570.15,572.2,572.2,240,2614.55,12200,1300,01-FEB-2024,
OPTIDX,NIFTY,08-Feb-2024,21200,CE,623.3,703.8,517.6,530.65,530.65,2628,28620.53,122200,34400,01-FEB-2024,
OPTIDX,NIFTY,08-Feb-2024,21250,CE,570.05,644.75,475,489.7,489.7,462,5038.13,24000,2000,01-FEB-2024,
OPTIDX,NIFTY,08-Feb-2024,21300,CE,560.15,616.95,430,444.9,444.9,4525,49298.59,143650,62450,01-FEB-2024,
OPTIDX,NIFTY,08-Feb-2024,21350,CE,511.05,575.5,389.05,405.15,405.15,1412,15411.4,32750,4100,01-FEB-2024,
OPTIDX,NIFTY,08-Feb-2024,21400,CE,493,531.9,350,363.8,363.8,10400,113506.05,376500,91800,01-FEB-2024,
OPTIDX,NIFTY,08-Feb-2024,21450,CE,423.05,491.05,313.2,324.75,324.75,3380,36918.31,41100,-4100,01-FEB-2024,
OPTIDX,NIFTY,08-Feb-2024,21500,CE,390,455.45,276,289.2,289.2,61324,670248.76,729250,357050,01-FEB-2024,
OPTIDX,NIFTY,08-Feb-2024,21550,CE,360,416.25,243.15,254.7,254.7,7688,84090.19,77050,5100,01-FEB-2024,
OPTIDX,NIFTY,08-Feb-2024,21600,CE,357.95,382.85,211.7,223.05,223.05,81247,889216.62,674350,266850,01-FEB-2024,
OPTIDX,NIFTY,08-Feb-2024,21650,CE,313.75,349.35,183.65,193.15,193.15,43662,478127.93,338100,189150,01-FEB-2024,
OPTIDX,NIFTY,08-Feb-2024,21700,CE,289.95,318,157.45,167.1,167.1,463741,5083082.93,3146450,2045100,01-FEB-2024,
OPTIDX,NIFTY,08-Feb-2024,21750,CE,270,289.05,134.65,143.4,143.4,205171,2252268.04,973650,581700,01-FEB-2024,
OPTIDX,NIFTY,08-Feb-2024,21800,CE,240,261.1,113.95,121.2,121.2,568970,6254135.38,3409000,1970900,01-FEB-2024,
OPTIDX,NIFTY,08-Feb-2024,21850,CE,212.55,235.25,95.7,101.95,101.95,119504,1315265.86,618850,398500,01-FEB-2024,
OPTIDX,NIFTY,08-Feb-2024,21900,CE,202.95,210.9,79.35,84.55,84.55,262875,2896416.59,1878300,1406300,01-FEB-2024,
OPTIDX,NIFTY,08-Feb-2024,21950,CE,155.15,189,66,70.55,70.55,94528,1043037.06,707400,552450,01-FEB-2024,
OPTIDX,NIFTY,08-Feb-2024,22000,CE,155.95,169.75,54,57.75,57.75,495225,5472053.63,4775050,3546450,01-FEB-2024,
OPTIDX,NIFTY,08-Feb-2024,22050,CE,130,151.15,44.25,47.35,47.35,94369,1044474.97,684200,543000,01-FEB-2024,
OPTIDX,NIFTY,08-Feb-2024,22100,CE,118.9,134.35,35.85,38.3,38.3,245131,2717394.44,1441750,1101600,01-FEB-2024,
OPTIDX,NIFTY,08-Feb-2024,22150,CE,99,118.65,28.85,31.2,31.2,79996,888385.63,372650,249350,01-FEB-2024,
OPTIDX,NIFTY,08-Feb-2024,22200,CE,89.95,104.75,23.2,25,25,337412,3753610.43,2117950,1624750,01-FEB-2024,
OPTIDX,NIFTY,08-Feb-2024,22250,CE,81.05,92.8,18.75,20.1,20.1,77501,863887.7,439300,296200,01-FEB-2024,
OPTIDX,NIFTY,08-Feb-2024,22300,CE,71.95,85,14.8,16.1,16.1,237701,2654722.83,1532500,1165400,01-FEB-2024,
OPTIDX,NIFTY,08-Feb-2024,22350,CE,56.75,72.2,12.15,13.2,13.2,57879,647690.17,389150,274750,01-FEB-2024,
OPTIDX,NIFTY,08-Feb-2024,22400,CE,53,62.6,9.7,10.7,10.7,201933,2264305.43,1464300,1123600,01-FEB-2024,
OPTIDX,NIFTY,08-Feb-2024,22450,CE,44.05,55.25,7.85,8.75,8.75,51723,581175.85,368550,268300,01-FEB-2024,
OPTIDX,NIFTY,08-Feb-2024,22500,CE,42.1,49,6.65,7.4,7.4,288940,3253301.41,3394200,2494150,01-FEB-2024,
OPTIDX,NIFTY,08-Feb-2024,22550,CE,32.15,42.55,5.5,6.1,6.1,52498,592333.85,347250,255350,01-FEB-2024,
OPTIDX,NIFTY,08-Feb-2024,22600,CE,31,37.3,4.65,5.1,5.1,164719,1862260.33,1781550,1496250,01-FEB-2024,
OPTIDX,NIFTY,08-Feb-2024,22650,CE,28.75,32.7,3.85,4.4,4.4,55731,631465.62,682750,608300,01-FEB-2024,
OPTIDX,NIFTY,08-Feb-2024,22700,CE,22,28.65,3.3,3.75,3.75,260844,2961634.85,3954700,3648900,01-FEB-2024,
OPTIDX,NIFTY,08-Feb-2024,22750,CE,19.5,25.15,2.8,3.3,3.3,41790,475563.26,324600,205350,01-FEB-2024,
OPTIDX,NIFTY,08-Feb-2024,22800,CE,16,22.25,2.25,2.85,2.85,152465,1738584.47,1934700,1649650,01-FEB-2024,
OPTIDX,NIFTY,08-Feb-2024,22850,CE,13.8,19.5,2.2,2.6,2.6,34001,388577.92,434200,324750,01-FEB-2024,
OPTIDX,NIFTY,08-Feb-2024,22900,CE,11.3,16.95,1.85,2.15,2.15,77877,891907.52,757200,542800,01-FEB-2024,
OPTIDX,NIFTY,08-Feb-2024,22950,CE,12,15.15,1.8,2.05,2.05,25672,294664.76,221050,104800,01-FEB-2024,
OPTIDX,NIFTY,08-Feb-2024,23000,CE,10,13.5,1.6,1.9,1.9,220961,2541517.55,3887600,3014600,01-FEB-2024,
OPTIDX,NIFTY,08-Feb-2024,23050,CE,8.4,11.95,1.2,1.8,1.8,10656,122834.11,104300,66000,01-FEB-2024,
OPTIDX,NIFTY,08-Feb-2024,23100,CE,8.5,10.65,1.2,1.4,1.4,64676,747112.19,1084000,850300,01-FEB-2024,
OPTIDX,NIFTY,08-Feb-2024,23150,CE,3.05,15.45,1.15,1.4,1.4,5570,64480.36,86350,82550,01-FEB-2024,
OPTIDX,NIFTY,08-Feb-2024,23200,CE,5.9,8.3,1.05,1.2,1.2,78408,909634.52,1473550,1283750,01-FEB-2024,
OPTIDX,NIFTY,08-Feb-2024,23250,CE,5.25,7.6,1.05,1.15,1.15,6007,69842.57,61700,39500,01-FEB-2024,
OPTIDX,NIFTY,08-Feb-2024,23300,CE,4.9,7.25,0.95,1.1,1.1,58227,678402.67,1009300,887500,01-FEB-2024,
OPTIDX,NIFTY,08-Feb-2024,23350,CE,3.05,3.4,0.95,1.15,1.15,3313,38682.16,40400,39150,01-FEB-2024,
OPTIDX,NIFTY,08-Feb-2024,23400,CE,4.3,6.05,0.95,1.05,1.05,40824,477677.9,815700,767700,01-FEB-2024,
OPTIDX,NIFTY,08-Feb-2024,23450,CE,4.1,5.55,0.95,1.05,1.05,5093,59723.59,56700,24250,01-FEB-2024,
OPTIDX,NIFTY,08-Feb-2024,23500,CE,4,5.15,0.95,1.1,1.1,95533,1122604.18,1583700,1283250,01-FEB-2024,
OPTIDX,NIFTY,08-Feb-2024,23550,CE,3.05,3.05,0.9,1.05,1.05,1676,19736.28,33700,31500,01-FEB-2024,
OPTIDX,NIFTY,08-Feb-2024,23600,CE,3.5,4.55,0.85,0.9,0.9,52829,623413.12,1135650,1108350,01-FEB-2024,
OPTIDX,NIFTY,08-Feb-2024,23650,CE,3.35,4.45,0.8,0.95,0.95,6621,78299.84,127250,108050,01-FEB-2024,
OPTIDX,NIFTY,08-Feb-2024,23700,CE,3.2,4.1,0.75,0.85,0.85,13082,155034.48,269250,230700,01-FEB-2024,
OPTIDX,NIFTY,08-Feb-2024,23750,CE,2.95,4.1,0.75,0.9,0.9,4975,59082.95,134450,100250,01-FEB-2024,
OPTIDX,NIFTY,08-Feb-2024,23800,CE,2.85,4,0.75,0.85,0.85,69283,824514.61,2087050,1926250,01-FEB-2024,
OPTIDX,NIFTY,08-Feb-2024,23850,CE,3,3.9,0.75,0.85,0.85,68963,822429.94,1951500,1848250,01-FEB-2024,
OPTIDX,NIFTY,08-Feb-2024,19500,PE,2.85,3.4,1.25,1.4,1.4,79416,774379.35,2675550,2452850,01-FEB-2024,
OPTIDX,NIFTY,08-Feb-2024,19550,PE,3,4.45,1.2,1.4,1.4,2353,23003.53,25000,12300,01-FEB-2024,
OPTIDX,NIFTY,08-Feb-2024,19600,PE,4,5,1.35,1.45,1.45,24770,242767.87,919950,912100,01-FEB-2024,
OPTIDX,NIFTY,08-Feb-2024,19650,PE,3.45,4.2,1.15,1.55,1.55,2103,20664.89,10550,9350,01-FEB-2024,
OPTIDX,NIFTY,08-Feb-2024,19700,PE,3.4,4.05,1.5,1.6,1.6,15900,156632.35,435700,367700,01-FEB-2024,
OPTIDX,NIFTY,08-Feb-2024,19750,PE,3.05,3.05,1.15,1.7,1.7,450,4444.16,9350,9350,01-FEB-2024,
OPTIDX,NIFTY,08-Feb-2024,19800,PE,2.05,2.5,1.55,1.7,1.7,7975,78960.36,226250,226250,01-FEB-2024,
OPTIDX,NIFTY,08-Feb-2024,19850,PE,2.3,2.55,1.55,1.9,1.9,300,2977.79,6550,6550,01-FEB-2024,
OPTIDX,NIFTY,08-Feb-2024,19900,PE,4.8,6,1.75,1.9,1.9,17414,173295.59,285700,202500,01-FEB-2024,
OPTIDX,NIFTY,08-Feb-2024,19950,PE,5,5.85,1.75,2.05,2.05,2626,26198.97,24800,11800,01-FEB-2024,
OPTIDX,NIFTY,08-Feb-2024,20000,PE,5.8,7,1.8,2,2,130044,1300648.15,2432300,1820400,01-FEB-2024,
OPTIDX,NIFTY,08-Feb-2024,20050,PE,3.05,3.4,2.05,2.25,2.25,4202,42130.11,70350,70350,01-FEB-2024,
OPTIDX,NIFTY,08-Feb-2024,20100,PE,6.55,7.55,2.15,2.35,2.35,25918,260523.97,214600,143900,01-FEB-2024,
OPTIDX,NIFTY,08-Feb-2024,20150,PE,3.05,3.05,2.3,2.55,2.55,3025,30480.82,19750,19750,01-FEB-2024,
OPTIDX,NIFTY,08-Feb-2024,20200,PE,7.45,8.6,2.4,2.7,2.7,62188,628242.34,639650,415100,01-FEB-2024,
OPTIDX,NIFTY,08-Feb-2024,20250,PE,8.65,10.85,2.4,3,3,12255,124110.29,175850,135300,01-FEB-2024,
OPTIDX,NIFTY,08-Feb-2024,20300,PE,9.4,10.7,2.55,3.15,3.15,68306,693444.08,783850,580250,01-FEB-2024,
OPTIDX,NIFTY,08-Feb-2024,20350,PE,10,11.65,2.8,3.4,3.4,11951,121627.94,93100,56400,01-FEB-2024,
OPTIDX,NIFTY,08-Feb-2024,20400,PE,11.7,13.05,3.05,3.7,3.7,59433,606355.81,668600,472650,01-FEB-2024,
OPTIDX,NIFTY,08-Feb-2024,20450,PE,15,15,3.3,3.95,3.95,18050,184607.21,207200,184250,01-FEB-2024,
OPTIDX,NIFTY,08-Feb-2024,20500,PE,14.35,16.15,3.4,4.2,4.2,185028,1897057.19,3268250,2798950,01-FEB-2024,
OPTIDX,NIFTY,08-Feb-2024,20550,PE,16.1,17.7,3.75,4.8,4.8,18739,192605.88,130800,106050,01-FEB-2024,
OPTIDX,NIFTY,08-Feb-2024,20600,PE,14.95,19.45,4.05,5.5,5.5,136113,1402420.83,2236450,1937950,01-FEB-2024,
OPTIDX,NIFTY,08-Feb-2024,20650,PE,20.45,22.9,4.6,6,6,19141,197711.11,166250,115850,01-FEB-2024,
OPTIDX,NIFTY,08-Feb-2024,20700,PE,19.6,24.45,5.15,6.8,6.8,130038,1346483.8,1179450,908650,01-FEB-2024,
OPTIDX,NIFTY,08-Feb-2024,20750,PE,25.5,27.85,5.8,7.4,7.4,29844,309799.14,307000,233100,01-FEB-2024,
OPTIDX,NIFTY,08-Feb-2024,20800,PE,25.25,31.2,6.7,8.75,8.75,115875,1205849.49,1219650,822600,01-FEB-2024,
OPTIDX,NIFTY,08-Feb-2024,20850,PE,27.35,35.4,8,10.2,10.2,29795,310867.33,241700,179300,01-FEB-2024,
OPTIDX,NIFTY,08-Feb-2024,20900,PE,38.75,39.9,9.25,11.65,11.65,84510,883849.8,794700,531700,01-FEB-2024,
OPTIDX,NIFTY,08-Feb-2024,20950,PE,42.5,44.2,11,13.65,13.65,38868,407528.78,197350,116900,01-FEB-2024,
OPTIDX,NIFTY,08-Feb-2024,21000,PE,38,54.35,13.05,16.3,16.3,295960,3110973.57,3193450,2238900,01-FEB-2024,
OPTIDX,NIFTY,08-Feb-2024,21050,PE,52.75,55.4,15.25,19,19,36881,388670.18,224850,150200,01-FEB-2024,
OPTIDX,NIFTY,08-Feb-2024,21100,PE,61.65,67.25,17.75,22.8,22.8,118850,1255670.27,1160250,765300,01-FEB-2024,
OPTIDX,NIFTY,08-Feb-2024,21150,PE,70,70,21.45,27.15,27.15,39157,414768.94,293150,230700,01-FEB-2024,
OPTIDX,NIFTY,08-Feb-2024,21200,PE,70,77.8,25.2,32.25,32.25,162434,1725269.87,1364650,805300,01-FEB-2024,
OPTIDX,NIFTY,08-Feb-2024,21250,PE,78,86.2,30,37.55,37.55,42856,456414.53,259500,172600,01-FEB-2024,
OPTIDX,NIFTY,08-Feb-2024,21300,PE,93,100,36,44.4,44.4,287388,3068290.71,1824750,1428650,01-FEB-2024,
OPTIDX,NIFTY,08-Feb-2024,21350,PE,112.75,112.75,43,51.45,51.45,108493,1161438.38,650450,522700,01-FEB-2024,
OPTIDX,NIFTY,08-Feb-2024,21400,PE,110,125,51.45,62.9,62.9,217977,2340260.28,2105450,1485700,01-FEB-2024,
OPTIDX,NIFTY,08-Feb-2024,21450,PE,103.65,145.5,61.2,74.4,74.4,82500,888205.29,527000,415150,01-FEB-2024,
OPTIDX,NIFTY,08-Feb-2024,21500,PE,127.25,149.05,73.15,88.35,88.35,384468,4152095,2386650,1366350,01-FEB-2024,
OPTIDX,NIFTY,08-Feb-2024,21550,PE,136.25,166.15,86.9,103.7,103.7,69940,757699.36,472150,288100,01-FEB-2024,
OPTIDX,NIFTY,08-Feb-2024,21600,PE,167.95,184,102.9,121.5,121.5,278516,3026411.53,2105450,1407900,01-FEB-2024,
OPTIDX,NIFTY,08-Feb-2024,21650,PE,186,204.95,121.95,142.55,142.55,106632,1162444.08,540900,384450,01-FEB-2024,
OPTIDX,NIFTY,08-Feb-2024,21700,PE,195,250,142.3,164.3,164.3,562031,6146610.04,3638550,2773800,01-FEB-2024,
OPTIDX,NIFTY,08-Feb-2024,21750,PE,300,300,165.3,190.4,190.4,176275,1934442.87,514300,326750,01-FEB-2024,
OPTIDX,NIFTY,08-Feb-2024,21800,PE,243.2,278,191.45,218.7,218.7,389826,4292518.99,1703450,1010600,01-FEB-2024,
OPTIDX,NIFTY,08-Feb-2024,21850,PE,297.15,305.55,218,249.45,249.45,39494,436442.69,122000,85000,01-FEB-2024,
OPTIDX,NIFTY,08-Feb-2024,21900,PE,300.1,337.3,244.45,283.05,283.05,57484,637542.05,292600,145650,01-FEB-2024,
OPTIDX,NIFTY,08-Feb-2024,21950,PE,354.25,367.65,272,318,318,8247,91804.67,49650,20300,01-FEB-2024,
OPTIDX,NIFTY,08-Feb-2024,22000,PE,365,401.25,300.95,357.4,357.4,65185,728330.06,834650,656450,01-FEB-2024,
OPTIDX,NIFTY,08-Feb-2024,22050,PE,408.95,435.3,334.1,395.3,395.3,2552,28618.86,25950,1200,01-FEB-2024,
OPTIDX,NIFTY,08-Feb-2024,22100,PE,448.75,470.25,367.3,438.4,438.4,5147,57957.91,76250,17400,01-FEB-2024,
OPTIDX,NIFTY,08-Feb-2024,22150,PE,482.15,508.45,413.3,474.6,474.6,1006,11372.4,28350,13900,01-FEB-2024,
OPTIDX,NIFTY,08-Feb-2024,22200,PE,520.95,553.65,435.05,527.05,527.05,6907,78373.31,189900,146500,01-FEB-2024,
OPTIDX,NIFTY,08-Feb-2024,22250,PE,569,589.95,475.35,567.05,567.05,199,2267.77,11500,2600,01-FEB-2024,
OPTIDX,NIFTY,08-Feb-2024,22300,PE,593.65,636.25,517,614.55,614.55,1631,18663.33,42650,34800,01-FEB-2024,
OPTIDX,NIFTY,08-Feb-2024,22350,PE,647.15,669,559.7,655.45,655.45,125,1435.69,4500,150,01-FEB-2024,
OPTIDX,NIFTY,08-Feb-2024,22400,PE,690,722.4,596.2,701.55,701.55,801,9239.63,26750,12850,01-FEB-2024,
OPTIDX,NIFTY,08-Feb-2024,22450,PE,765,765,695,743.4,743.4,6,69.55,3000,100,01-FEB-2024,
OPTIDX,NIFTY,08-Feb-2024,22500,PE,790.5,820,683.55,804.4,804.4,1655,19241.98,27350,-6400,01-FEB-2024,
OPTIDX,NIFTY,08-Feb-2024,22550,PE,0,0,0,913.85,825.6,0,0,2200,0,01-FEB-2024,
OPTIDX,NIFTY,08-Feb-2024,22600,PE,900,911.75,815.5,901.45,901.45,66,775.04,3050,2450,01-FEB-2024,
OPTIDX,NIFTY,08-Feb-2024,22650,PE,887.95,924.45,887.95,924.45,924.45,7,82.44,250,200,01-FEB-2024,
OPTIDX,NIFTY,08-Feb-2024,22700,PE,951.5,1009.3,895.5,999.6,999.6,35,414.04,900,750,01-FEB-2024,
OPTIDX,NIFTY,08-Feb-2024,22750,PE,0,0,0,1028.7,1023.6,0,0,0,0,01-FEB-2024,
OPTIDX,NIFTY,08-Feb-2024,22800,PE,0,0,0,1070.2,1073.4,0,0,0,0,01-FEB-2024,
OPTIDX,NIFTY,08-Feb-2024,22850,PE,0,0,0,1112.25,1123.2,0,0,0,0,01-FEB-2024,
OPTIDX,NIFTY,08-Feb-2024,22900,PE,1118.75,1210,1118.75,1210,1210,7,84.16,200,200,01-FEB-2024,
OPTIDX,NIFTY,08-Feb-2024,22950,PE,0,0,0,1198,1222.95,0,0,0,0,01-FEB-2024,
OPTIDX,NIFTY,08-Feb-2024,23000,PE,1250,1312.8,1170,1297.45,1297.45,472,5728.15,20650,16050,01-FEB-2024,
OPTIDX,NIFTY,08-Feb-2024,23050,PE,0,0,0,1285.7,1322.75,0,0,0,0,01-FEB-2024,
OPTIDX,NIFTY,08-Feb-2024,23100,PE,0,0,0,1330.2,1372.7,0,0,0,0,01-FEB-2024,
OPTIDX,NIFTY,08-Feb-2024,23150,PE,1427.5,1427.5,1376.6,1376.6,1422.6,4,49.1,100,100,01-FEB-2024,
OPTIDX,NIFTY,08-Feb-2024,23200,PE,0,0,0,1420.5,1472.55,0,0,0,0,01-FEB-2024,
OPTIDX,NIFTY,08-Feb-2024,23250,PE,0,0,0,1466.15,1522.5,0,0,0,0,01-FEB-2024,
OPTIDX,NIFTY,08-Feb-2024,23300,PE,0,0,0,1512.2,1572.4,0,0,0,0,01-FEB-2024,
OPTIDX,NIFTY,08-Feb-2024,23350,PE,0,0,0,1558.5,1622.35,0,0,0,0,01-FEB-2024,
OPTIDX,NIFTY,08-Feb-2024,23400,PE,0,0,0,1605.15,1672.3,0,0,0,0,01-FEB-2024,
OPTIDX,NIFTY,08-Feb-2024,23450,PE,0,0,0,1652.05,1722.2,0,0,0,0,01-FEB-2024,
OPTIDX,NIFTY,08-Feb-2024,23500,PE,1740,1790,1680,1790,1790,16,201.88,950,800,01-FEB-2024,
OPTIDX,NIFTY,08-Feb-2024,23550,PE,0,0,0,1746.55,1822.1,0,0,0,0,01-FEB-2024,
OPTIDX,NIFTY,08-Feb-2024,23600,PE,0,0,0,1794.15,1872,0,0,0,0,01-FEB-2024,
OPTIDX,NIFTY,08-Feb-2024,23650,PE,0,0,0,1442.45,1921.95,0,0,250,0,01-FEB-2024,
OPTIDX,NIFTY,08-Feb-2024,23700,PE,0,0,0,1889.95,1971.9,0,0,0,0,01-FEB-2024,
OPTIDX,NIFTY,08-Feb-2024,23750,PE,0,0,0,1938.05,2021.85,0,0,0,0,01-FEB-2024,
OPTIDX,NIFTY,08-Feb-2024,23800,PE,0,0,0,1986.35,2071.75,0,0,0,0,01-FEB-2024,
OPTIDX,NIFTY,08-Feb-2024,23850,PE,0,0,0,2034.8,2121.7,0,0,0,0,01-FEB-2024,
OPTIDX,NIFTY,15-Feb-2024,19500,CE,0,0,0,2285.3,2247.85,0,0,0,0,01-FEB-2024,
OPTIDX,NIFTY,15-Feb-2024,19550,CE,0,0,0,2236,2198,0,0,0,0,01-FEB-2024,
OPTIDX,NIFTY,15-Feb-2024,19600,CE,0,0,0,2186.8,2148.15,0,0,0,0,01-FEB-2024,
OPTIDX,NIFTY,15-Feb-2024,19650,CE,0,0,0,2137.7,2098.25,0,0,0,0,01-FEB-2024,
OPTIDX,NIFTY,15-Feb-2024,19700,CE,0,0,0,2088.65,2048.4,0,0,0,0,01-FEB-2024,
OPTIDX,NIFTY,15-Feb-2024,19750,CE,0,0,0,2039.7,1998.5,0,0,0,0,01-FEB-2024,
OPTIDX,NIFTY,15-Feb-2024,19800,CE,0,0,0,1810,1948.65,0,0,150,0,01-FEB-2024,
OPTIDX,NIFTY,15-Feb-2024,19850,CE,0,0,0,1750,1898.8,0,0,200,0,01-FEB-2024,
OPTIDX,NIFTY,15-Feb-2024,19900,CE,0,0,0,1850,1848.9,0,0,200,0,01-FEB-2024,
OPTIDX,NIFTY,15-Feb-2024,19950,CE,0,0,0,1400.25,1799.05,0,0,650,0,01-FEB-2024,
OPTIDX,NIFTY,15-Feb-2024,20000,CE,1765,1785.55,1765,1776.15,1749.2,12,130.63,12650,400,01-FEB-2024,
OPTIDX,NIFTY,15-Feb-2024,20050,CE,0,0,0,1748.8,1699.35,0,0,0,0,01-FEB-2024,
OPTIDX,NIFTY,15-Feb-2024,20100,CE,0,0,0,1400,1649.5,0,0,50,0,01-FEB-2024,
OPTIDX,NIFTY,15-Feb-2024,20150,CE,0,0,0,1653.3,1599.7,0,0,0,0,01-FEB-2024,
OPTIDX,NIFTY,15-Feb-2024,20200,CE,0,0,0,1605.9,1549.85,0,0,0,0,01-FEB-2024,
OPTIDX,NIFTY,15-Feb-2024,20250,CE,0,0,0,1558.75,1500.1,0,0,0,0,01-FEB-2024,
OPTIDX,NIFTY,15-Feb-2024,20300,CE,0,0,0,1120,1450.3,0,0,550,0,01-FEB-2024,
OPTIDX,NIFTY,15-Feb-2024,20350,CE,0,0,0,1100,1400.6,0,0,200,0,01-FEB-2024,
OPTIDX,NIFTY,15-Feb-2024,20400,CE,0,0,0,1419.25,1350.95,0,0,0,0,01-FEB-2024,
OPTIDX,NIFTY,15-Feb-2024,20450,CE,0,0,0,1373.5,1301.35,0,0,0,0,01-FEB-2024,
OPTIDX,NIFTY,15-Feb-2024,20500,CE,1313.05,1313.05,1230,1230,1230,3,32.65,2200,0,01-FEB-2024,
OPTIDX,NIFTY,15-Feb-2024,20550,CE,0,0,0,1283.15,1202.45,0,0,0,0,01-FEB-2024,
OPTIDX,NIFTY,15-Feb-2024,20600,CE,0,0,0,1238.7,1153.15,0,0,0,0,01-FEB-2024,
OPTIDX,NIFTY,15-Feb-2024,20650,CE,0,0,0,1194.75,1104.1,0,0,0,0,01-FEB-2024,
OPTIDX,NIFTY,15-Feb-2024,20700,CE,1094.9,1094.9,1094.9,1094.9,1055.2,2,21.79,0,-100,01-FEB-2024,
OPTIDX,NIFTY,15-Feb-2024,20750,CE,0,0,0,1108.4,1006.6,0,0,0,0,01-FEB-2024,
OPTIDX,NIFTY,15-Feb-2024,20800,CE,990.85,1043,965.55,965.55,965.55,8,87.22,1250,150,01-FEB-2024,
OPTIDX,NIFTY,15-Feb-2024,20850,CE,0,0,0,1040.1,910.4,0,0,100,0,01-FEB-2024,
OPTIDX,NIFTY,15-Feb-2024,20900,CE,924.2,948.7,839.2,839.2,862.95,19,207.32,350,100,01-FEB-2024,
OPTIDX,NIFTY,15-Feb-2024,20950,CE,0,0,0,943.15,816.05,0,0,0,0,01-FEB-2024,
OPTIDX,NIFTY,15-Feb-2024,21000,CE,889.75,914.95,742.15,759.6,759.6,169,1840.57,8550,6850,01-FEB-2024,
OPTIDX,NIFTY,15-Feb-2024,21050,CE,0,0,0,864.75,724.1,0,0,0,0,01-FEB-2024,
OPTIDX,NIFTY,15-Feb-2024,21100,CE,730,735,667.5,667.5,667.5,8,87.2,1550,200,01-FEB-2024,
OPTIDX,NIFTY,15-Feb-2024,21150,CE,0,0,0,615.75,635.35,0,0,150,0,01-FEB-2024,
OPTIDX,NIFTY,15-Feb-2024,21200,CE,680,705,598.75,598.75,598.75,10,109.34,1300,100,01-FEB-2024,
OPTIDX,NIFTY,15-Feb-2024,21250,CE,607.4,607.4,536.35,552.15,552.15,137,1495.13,5150,2600,01-FEB-2024,
OPTIDX,NIFTY,15-Feb-2024,21300,CE,600,650,508.35,511.1,511.1,176,1921.15,12400,3500,01-FEB-2024,
OPTIDX,NIFTY,15-Feb-2024,21350,CE,514.3,525.15,467.55,473.65,473.65,7,76.47,3650,100,01-FEB-2024,
OPTIDX,NIFTY,15-Feb-2024,21400,CE,527,586.9,422.4,440.2,440.2,378,4136.47,8900,-200,01-FEB-2024,
OPTIDX,NIFTY,15-Feb-2024,21450,CE,468.65,526.65,400.5,402.15,402.15,72,787.87,3450,-850,01-FEB-2024,
OPTIDX,NIFTY,15-Feb-2024,21500,CE,466,523.65,354.3,367,367,2957,32420.57,88350,54150,01-FEB-2024,
OPTIDX,NIFTY,15-Feb-2024,21550,CE,396.55,475,325.1,341.8,341.8,131,1436.51,24550,-400,01-FEB-2024,
OPTIDX,NIFTY,15-Feb-2024,21600,CE,414.25,450,291.9,303.65,303.65,2095,23006.6,50450,17500,01-FEB-2024,
OPTIDX,NIFTY,15-Feb-2024,21650,CE,376.05,421.55,267,273.95,273.95,1505,16537.02,29600,14500,01-FEB-2024,
OPTIDX,NIFTY,15-Feb-2024,21700,CE,352.7,393.05,237.15,246.6,246.6,10520,115735.81,180450,128750,01-FEB-2024,
OPTIDX,NIFTY,15-Feb-2024,21750,CE,316.9,360,211.8,222.85,222.85,2076,22864.97,37200,16500,01-FEB-2024,
OPTIDX,NIFTY,15-Feb-2024,21800,CE,320,330.7,190.45,199.1,199.1,8104,89396.93,129250,22200,01-FEB-2024,
OPTIDX,NIFTY,15-Feb-2024,21850,CE,298.8,304.75,169.35,176.55,176.55,1097,12113.01,14000,1850,01-FEB-2024,
OPTIDX,NIFTY,15-Feb-2024,21900,CE,245.45,281.75,148.3,156.3,156.3,4336,47916.83,88850,46600,01-FEB-2024,
OPTIDX,NIFTY,15-Feb-2024,21950,CE,221.05,253.65,134,136.95,136.95,822,9095.37,15600,6250,01-FEB-2024,
OPTIDX,NIFTY,15-Feb-2024,22000,CE,197.85,235,114.5,119.55,119.55,10812,119833.32,177500,44850,01-FEB-2024,
OPTIDX,NIFTY,15-Feb-2024,22050,CE,185.75,215.3,99.95,103.4,103.4,795,8815.48,19450,1450,01-FEB-2024,
OPTIDX,NIFTY,15-Feb-2024,22100,CE,170,196.3,85.95,89.45,89.45,4059,45110.2,50200,-6200,01-FEB-2024,
OPTIDX,NIFTY,15-Feb-2024,22150,CE,135.05,177.4,72.75,76.15,76.15,1190,13233.76,35550,29300,01-FEB-2024,
OPTIDX,NIFTY,15-Feb-2024,22200,CE,137.55,160,62.05,65.75,65.75,4243,47309.1,62900,32400,01-FEB-2024,
OPTIDX,NIFTY,15-Feb-2024,22250,CE,123.25,142,54,56.45,56.45,1469,16401.89,36350,25400,01-FEB-2024,
OPTIDX,NIFTY,15-Feb-2024,22300,CE,108.55,130.7,45.2,47.95,47.95,4248,47513.41,67850,45300,01-FEB-2024,
OPTIDX,NIFTY,15-Feb-2024,22350,CE,99,119.35,38.7,41.2,41.2,444,4976.05,9350,3500,01-FEB-2024,
OPTIDX,NIFTY,15-Feb-2024,22400,CE,86.45,105,33.4,35.15,35.15,3786,42498.82,75250,39900,01-FEB-2024,
OPTIDX,NIFTY,15-Feb-2024,22450,CE,60.85,89.55,29.45,30.75,30.75,1184,13318.42,22650,17050,01-FEB-2024,
OPTIDX,NIFTY,15-Feb-2024,22500,CE,75.95,85.55,25.95,27.35,27.35,18159,204700.66,350150,83950,01-FEB-2024,
OPTIDX,NIFTY,15-Feb-2024,22550,CE,24.4,24.75,23.05,23.55,23.55,58,654.63,2750,2750,01-FEB-2024,
OPTIDX,NIFTY,15-Feb-2024,22600,CE,60.8,67.1,18,20.35,20.35,3448,39023.54,54150,21450,01-FEB-2024,
OPTIDX,NIFTY,15-Feb-2024,22650,CE,52,59.85,15.75,17.75,17.75,543,6157.9,10000,1150,01-FEB-2024,
OPTIDX,NIFTY,15-Feb-2024,22700,CE,45.95,54.95,14.8,15.6,15.6,2919,33172.84,53200,9650,01-FEB-2024,
OPTIDX,NIFTY,15-Feb-2024,22750,CE,31.3,31.3,12.65,13.05,13.05,119,1354.54,4950,4950,01-FEB-2024,
OPTIDX,NIFTY,15-Feb-2024,22800,CE,37.15,43.9,10.65,11.95,11.95,3872,44185.66,68350,32250,01-FEB-2024,
OPTIDX,NIFTY,15-Feb-2024,22850,CE,32.65,38,8.85,11.3,11.3,140,1600.86,3900,900,01-FEB-2024,
OPTIDX,NIFTY,15-Feb-2024,22900,CE,36.4,36.4,7.75,8.65,8.65,1295,14839.18,20200,2800,01-FEB-2024,
OPTIDX,NIFTY,15-Feb-2024,22950,CE,0,0,0,63.65,2.9,0,0,0,0,01-FEB-2024,
OPTIDX,NIFTY,15-Feb-2024,23000,CE,25.65,27.5,6.65,7.15,7.15,7023,80811.57,110500,46350,01-FEB-2024,
OPTIDX,NIFTY,15-Feb-2024,23050,CE,10.1,10.1,5.4,5.85,5.85,68,783.91,2550,2550,01-FEB-2024,
OPTIDX,NIFTY,15-Feb-2024,23100,CE,20,24.95,5,5.75,5.75,702,8112.67,9050,3900,01-FEB-2024,
OPTIDX,NIFTY,15-Feb-2024,23150,CE,11.9,13.9,5.4,7.35,7.35,49,567.41,700,-400,01-FEB-2024,
OPTIDX,NIFTY,15-Feb-2024,23200,CE,15.75,21.85,5,5.8,5.8,196,2274.41,7600,2150,01-FEB-2024,
OPTIDX,NIFTY,15-Feb-2024,23250,CE,0,0,0,33.35,0.6,0,0,100,0,01-FEB-2024,
OPTIDX,NIFTY,15-Feb-2024,23300,CE,0,0,0,34.35,0.45,0,0,500,0,01-FEB-2024,
OPTIDX,NIFTY,15-Feb-2024,23350,CE,0,0,0,28.2,0.35,0,0,0,0,01-FEB-2024,
OPTIDX,NIFTY,15-Feb-2024,23400,CE,6,6.6,3.2,4.35,4.35,704,8238.36,12100,9900,01-FEB-2024,
OPTIDX,NIFTY,15-Feb-2024,23450,CE,0,0,0,22.65,0.2,0,0,0,0,01-FEB-2024,
OPTIDX,NIFTY,15-Feb-2024,23500,CE,8.9,11.8,3.4,3.6,3.6,1836,21578.42,74050,16450,01-FEB-2024,
OPTIDX,NIFTY,15-Feb-2024,23550,CE,6.55,6.55,3.2,3.25,3.25,66,777.31,1550,1550,01-FEB-2024,
OPTIDX,NIFTY,15-Feb-2024,23600,CE,4.85,4.85,4,4.55,4.55,6,70.81,100,100,01-FEB-2024,
OPTIDX,NIFTY,15-Feb-2024,23650,CE,8.3,9.35,4.05,4.3,4.3,551,6517.12,21050,11000,01-FEB-2024,
OPTIDX,NIFTY,15-Feb-2024,23700,CE,7.25,8.6,3.15,3.85,3.85,484,5736.5,19000,9200,01-FEB-2024,
OPTIDX,NIFTY,15-Feb-2024,23750,CE,0,0,0,11.35,0.05,0,0,0,0,01-FEB-2024,
OPTIDX,NIFTY,15-Feb-2024,23800,CE,0,0,0,12.35,0.05,0,0,50,0,01-FEB-2024,
OPTIDX,NIFTY,15-Feb-2024,23850,CE,3.05,3.05,2.4,2.45,2.45,21,250.45,1050,1050,01-FEB-2024,
OPTIDX,NIFTY,15-Feb-2024,19500,PE,0,0,0,2.05,0.05,0,0,0,0,01-FEB-2024,
OPTIDX,NIFTY,15-Feb-2024,19550,PE,0,0,0,2.45,0.05,0,0,0,0,01-FEB-2024,
OPTIDX,NIFTY,15-Feb-2024,19600,PE,0,0,0,2.9,0.05,0,0,0,0,01-FEB-2024,
OPTIDX,NIFTY,15-Feb-2024,19650,PE,0,0,0,3.4,0.05,0,0,0,0,01-FEB-2024,
OPTIDX,NIFTY,15-Feb-2024,19700,PE,0,0,0,4.05,0.05,0,0,0,0,01-FEB-2024,
OPTIDX,NIFTY,15-Feb-2024,19750,PE,0,0,0,4.75,0.05,0,0,0,0,01-FEB-2024,
OPTIDX,NIFTY,15-Feb-2024,19800,PE,8.15,10,3.3,4.3,4.3,442,4376.94,14300,5200,01-FEB-2024,
OPTIDX,NIFTY,15-Feb-2024,19850,PE,0,0,0,6.5,0.05,0,0,0,0,01-FEB-2024,
OPTIDX,NIFTY,15-Feb-2024,19900,PE,0,0,0,7.55,0.05,0,0,0,0,01-FEB-2024,
OPTIDX,NIFTY,15-Feb-2024,19950,PE,0,0,0,8.8,0.05,0,0,0,0,01-FEB-2024,
OPTIDX,NIFTY,15-Feb-2024,20000,PE,11.75,12.4,5.2,5.6,5.6,2297,22979.41,58850,18950,01-FEB-2024,
OPTIDX,NIFTY,15-Feb-2024,20050,PE,0,0,0,11.75,0.05,0,0,0,0,01-FEB-2024,
OPTIDX,NIFTY,15-Feb-2024,20100,PE,0,0,0,13.5,0.1,0,0,0,0,01-FEB-2024,
OPTIDX,NIFTY,15-Feb-2024,20150,PE,0,0,0,15.5,0.15,0,0,0,0,01-FEB-2024,
OPTIDX,NIFTY,15-Feb-2024,20200,PE,0,0,0,17.75,0.2,0,0,0,0,01-FEB-2024,
OPTIDX,NIFTY,15-Feb-2024,20250,PE,0,0,0,20.3,0.25,0,0,0,0,01-FEB-2024,
OPTIDX,NIFTY,15-Feb-2024,20300,PE,0,0,0,23.1,0.4,0,0,0,0,01-FEB-2024,
OPTIDX,NIFTY,15-Feb-2024,20350,PE,0,0,0,26.25,0.55,0,0,0,0,01-FEB-2024,
OPTIDX,NIFTY,15-Feb-2024,20400,PE,8.5,8.5,8.5,8.5,0.75,28,285.71,1350,1350,01-FEB-2024,
OPTIDX,NIFTY,15-Feb-2024,20450,PE,0,0,0,33.65,1,0,0,0,0,01-FEB-2024,
OPTIDX,NIFTY,15-Feb-2024,20500,PE,28.75,31.85,11.5,12.6,12.6,6163,63226.37,137500,21000,01-FEB-2024,
OPTIDX,NIFTY,15-Feb-2024,20550,PE,0,0,0,42.6,1.85,0,0,0,0,01-FEB-2024,
OPTIDX,NIFTY,15-Feb-2024,20600,PE,0,0,0,47.8,2.45,0,0,0,0,01-FEB-2024,
OPTIDX,NIFTY,15-Feb-2024,20650,PE,40,40,10.5,18.85,18.85,545,5633.04,15000,9150,01-FEB-2024,
OPTIDX,NIFTY,15-Feb-2024,20700,PE,43.7,47.3,18.6,20.6,20.6,4389,45478.31,74750,48500,01-FEB-2024,
OPTIDX,NIFTY,15-Feb-2024,20750,PE,46.4,46.4,21.6,23.4,23.4,295,3065.12,11950,11400,01-FEB-2024,
OPTIDX,NIFTY,15-Feb-2024,20800,PE,48.9,56.95,24.2,27.4,27.4,5598,58312.21,77550,10450,01-FEB-2024,
OPTIDX,NIFTY,15-Feb-2024,20850,PE,0,0,0,81.8,9.05,0,0,0,0,01-FEB-2024,
OPTIDX,NIFTY,15-Feb-2024,20900,PE,67.1,67.8,32.05,35.9,35.9,2352,24626.7,50900,27200,01-FEB-2024,
OPTIDX,NIFTY,15-Feb-2024,20950,PE,0,0,0,99.8,14.4,0,0,0,0,01-FEB-2024,
OPTIDX,NIFTY,15-Feb-2024,21000,PE,70,84,41.6,46.2,46.2,18449,194222.96,294900,98100,01-FEB-2024,
OPTIDX,NIFTY,15-Feb-2024,21050,PE,0,0,0,93.3,22.2,0,0,1900,0,01-FEB-2024,
OPTIDX,NIFTY,15-Feb-2024,21100,PE,90,104.7,52.65,58.25,58.25,2973,31467.7,57750,31100,01-FEB-2024,
OPTIDX,NIFTY,15-Feb-2024,21150,PE,100,114.7,58.7,64.3,64.3,988,10483.69,30700,25700,01-FEB-2024,
OPTIDX,NIFTY,15-Feb-2024,21200,PE,110,120.15,67.05,73.75,73.75,3649,38829.67,68750,24800,01-FEB-2024,
OPTIDX,NIFTY,15-Feb-2024,21250,PE,130,132.75,75.2,82.9,82.9,1051,11216.58,16850,10550,01-FEB-2024,
OPTIDX,NIFTY,15-Feb-2024,21300,PE,130,153.3,85,94.45,94.45,3532,37803.07,68400,11100,01-FEB-2024,
OPTIDX,NIFTY,15-Feb-2024,21350,PE,128.2,140,95.55,106.8,106.8,722,7748.1,21000,15400,01-FEB-2024,
OPTIDX,NIFTY,15-Feb-2024,21400,PE,168.9,169.7,106.4,120.8,120.8,3408,36694.1,71150,31300,01-FEB-2024,
OPTIDX,NIFTY,15-Feb-2024,21450,PE,187.75,187.75,119.7,133.5,133.5,391,4220.26,8200,150,01-FEB-2024,
OPTIDX,NIFTY,15-Feb-2024,21500,PE,204,204,133.85,150.3,150.3,12287,133062.72,277250,129800,01-FEB-2024,
OPTIDX,NIFTY,15-Feb-2024,21550,PE,196.7,217,150,167.15,167.15,443,4811.76,8850,2650,01-FEB-2024,
OPTIDX,NIFTY,15-Feb-2024,21600,PE,220.05,238,167.8,185.5,185.5,4841,52753.09,61150,25150,01-FEB-2024,
OPTIDX,NIFTY,15-Feb-2024,21650,PE,252.65,260,186.1,207.65,207.65,805,8798.97,12650,3150,01-FEB-2024,
OPTIDX,NIFTY,15-Feb-2024,21700,PE,255.5,282,205,228.8,228.8,9082,99599,149250,85950,01-FEB-2024,
OPTIDX,NIFTY,15-Feb-2024,21750,PE,299,300.1,227.75,253.6,253.6,1707,18785.08,13400,2250,01-FEB-2024,
OPTIDX,NIFTY,15-Feb-2024,21800,PE,318.3,329,248.75,276.65,276.65,6595,72813.09,103150,21050,01-FEB-2024,
OPTIDX,NIFTY,15-Feb-2024,21850,PE,345,350.2,278.5,303.95,303.95,299,3311.72,8200,2000,01-FEB-2024,
OPTIDX,NIFTY,15-Feb-2024,21900,PE,369.1,381.95,300,336.2,336.2,1318,14651.22,12500,4850,01-FEB-2024,
OPTIDX,NIFTY,15-Feb-2024,21950,PE,367.85,373.15,365.2,367.75,367.75,26,290.13,1950,150,01-FEB-2024,
OPTIDX,NIFTY,15-Feb-2024,22000,PE,423.9,440,353.3,398.15,398.15,3842,42999.33,112050,97000,01-FEB-2024,
OPTIDX,NIFTY,15-Feb-2024,22050,PE,431.25,459.75,389.4,435.25,435.25,215,2414.62,12700,7650,01-FEB-2024,
OPTIDX,NIFTY,15-Feb-2024,22100,PE,465,476.85,436,472.8,472.8,426,4803.41,9650,8150,01-FEB-2024,
OPTIDX,NIFTY,15-Feb-2024,22150,PE,0,0,0,343.55,468.1,0,0,50,0,01-FEB-2024,
OPTIDX,NIFTY,15-Feb-2024,22200,PE,534.4,563.7,500,542.3,542.3,74,841.41,6150,1400,01-FEB-2024,
OPTIDX,NIFTY,15-Feb-2024,22250,PE,0,0,0,657.2,547.75,0,0,0,0,01-FEB-2024,
OPTIDX,NIFTY,15-Feb-2024,22300,PE,0,0,0,1021.7,589.4,0,0,1800,0,01-FEB-2024,
OPTIDX,NIFTY,15-Feb-2024,22350,PE,0,0,0,726.75,632.1,0,0,0,0,01-FEB-2024,
OPTIDX,NIFTY,15-Feb-2024,22400,PE,0,0,0,762.8,675.75,0,0,0,0,01-FEB-2024,
OPTIDX,NIFTY,15-Feb-2024,22450,PE,0,0,0,800.6,720.35,0,0,0,0,01-FEB-2024,
OPTIDX,NIFTY,15-Feb-2024,22500,PE,757.2,806.3,735,795.4,795.4,84,977.1,3550,2900,01-FEB-2024,
OPTIDX,NIFTY,15-Feb-2024,22550,PE,0,0,0,875.85,811.7,0,0,0,0,01-FEB-2024,
OPTIDX,NIFTY,15-Feb-2024,22600,PE,0,0,0,914.95,858.35,0,0,0,0,01-FEB-2024,
OPTIDX,NIFTY,15-Feb-2024,22650,PE,0,0,0,954.75,905.55,0,0,0,0,01-FEB-2024,
OPTIDX,NIFTY,15-Feb-2024,22700,PE,0,0,0,995.2,953.15,0,0,0,0,01-FEB-2024,
OPTIDX,NIFTY,15-Feb-2024,22750,PE,0,0,0,1036.3,1001.2,0,0,0,0,01-FEB-2024,
OPTIDX,NIFTY,15-Feb-2024,22800,PE,0,0,0,1078,1049.55,0,0,0,0,01-FEB-2024,
OPTIDX,NIFTY,15-Feb-2024,22850,PE,1093.75,1093.75,1093.75,1093.75,1098.15,6,71.83,300,300,01-FEB-2024,
OPTIDX,NIFTY,15-Feb-2024,22900,PE,0,0,0,1163.05,1147.05,0,0,0,0,01-FEB-2024,
OPTIDX,NIFTY,15-Feb-2024,22950,PE,0,0,0,1206.35,1196.1,0,0,0,0,01-FEB-2024,
OPTIDX,NIFTY,15-Feb-2024,23000,PE,0,0,0,1175,1245.35,0,0,700,0,01-FEB-2024,
OPTIDX,NIFTY,15-Feb-2024,23050,PE,0,0,0,1294.4,1294.7,0,0,0,0,01-FEB-2024,
OPTIDX,NIFTY,15-Feb-2024,23100,PE,0,0,0,1339.1,1344.15,0,0,0,0,01-FEB-2024,
OPTIDX,NIFTY,15-Feb-2024,23150,PE,0,0,0,1384.2,1393.7,0,0,0,0,01-FEB-2024,
OPTIDX,NIFTY,15-Feb-2024,23200,PE,0,0,0,1429.7,1443.35,0,0,0,0,01-FEB-2024,
OPTIDX,NIFTY,15-Feb-2024,23250,PE,0,0,0,1475.5,1493,0,0,0,0,01-FEB-2024,
OPTIDX,NIFTY,15-Feb-2024,23300,PE,0,0,0,1521.65,1542.75,0,0,0,0,01-FEB-2024,
OPTIDX,NIFTY,15-Feb-2024,23350,PE,0,0,0,1568.15,1592.5,0,0,0,0,01-FEB-2024,
OPTIDX,NIFTY,15-Feb-2024,23400,PE,0,0,0,1614.9,1642.3,0,0,0,0,01-FEB-2024,
OPTIDX,NIFTY,15-Feb-2024,23450,PE,0,0,0,1661.9,1692.1,0,0,0,0,01-FEB-2024,
OPTIDX,NIFTY,15-Feb-2024,23500,PE,0,0,0,1709.15,1741.9,0,0,0,0,01-FEB-2024,
OPTIDX,NIFTY,15-Feb-2024,23550,PE,0,0,0,1756.65,1791.75,0,0,0,0,01-FEB-2024,
OPTIDX,NIFTY,15-Feb-2024,23600,PE,0,0,0,1804.3,1841.6,0,0,0,0,01-FEB-2024,
OPTIDX,NIFTY,15-Feb-2024,23650,PE,0,0,0,1852.2,1891.45,0,0,0,0,01-FEB-2024,
OPTIDX,NIFTY,15-Feb-2024,23700,PE,0,0,0,1900.25,1941.3,0,0,0,0,01-FEB-2024,
OPTIDX,NIFTY,15-Feb-2024,23750,PE,0,0,0,1948.45,1991.15,0,0,0,0,01-FEB-2024,
OPTIDX,NIFTY,15-Feb-2024,23800,PE,0,0,0,1996.85,2041.05,0,0,0,0,01-FEB-2024,
OPTIDX,NIFTY,15-Feb-2024,23850,PE,2064.75,2090.35,2064.75,2071.05,2090.9,15,194.47,750,750,01-FEB-2024,
OPTIDX,NIFTY,22-Feb-2024,19500,CE,0,0,0,2102.9,2273.05,0,0,0,0,01-FEB-2024,
OPTIDX,NIFTY,22-Feb-2024,19550,CE,0,0,0,2053.95,2223.25,0,0,0,0,01-FEB-2024,
OPTIDX,NIFTY,22-Feb-2024,19600,CE,0,0,0,2005.1,2173.45,0,0,0,0,01-FEB-2024,
OPTIDX,NIFTY,22-Feb-2024,19650,CE,0,0,0,1956.35,2123.65,0,0,0,0,01-FEB-2024,
OPTIDX,NIFTY,22-Feb-2024,19700,CE,0,0,0,1907.8,2073.9,0,0,0,0,01-FEB-2024,
OPTIDX,NIFTY,22-Feb-2024,19750,CE,0,0,0,1859.35,2024.1,0,0,0,0,01-FEB-2024,
OPTIDX,NIFTY,22-Feb-2024,19800,CE,2040,2040,2040,2040,1974.35,1,10.92,50,50,01-FEB-2024,
OPTIDX,NIFTY,22-Feb-2024,19850,CE,0,0,0,1763,1924.55,0,0,0,0,01-FEB-2024,
OPTIDX,NIFTY,22-Feb-2024,19900,CE,1910,1940,1910,1910,1874.85,5,54.54,300,250,01-FEB-2024,
OPTIDX,NIFTY,22-Feb-2024,19950,CE,0,0,0,1667.45,1825.1,0,0,0,0,01-FEB-2024,
OPTIDX,NIFTY,22-Feb-2024,20000,CE,0,0,0,1620.05,1775.4,0,0,0,0,01-FEB-2024,
OPTIDX,NIFTY,22-Feb-2024,20050,CE,0,0,0,1572.9,1725.75,0,0,0,0,01-FEB-2024,
OPTIDX,NIFTY,22-Feb-2024,20100,CE,0,0,0,1526.05,1676.1,0,0,0,0,01-FEB-2024,
OPTIDX,NIFTY,22-Feb-2024,20150,CE,0,0,0,1479.5,1626.55,0,0,0,0,01-FEB-2024,
OPTIDX,NIFTY,22-Feb-2024,20200,CE,0,0,0,1433.3,1577,0,0,0,0,01-FEB-2024,
OPTIDX,NIFTY,22-Feb-2024,20250,CE,0,0,0,1387.5,1527.55,0,0,0,0,01-FEB-2024,
OPTIDX,NIFTY,22-Feb-2024,20300,CE,0,0,0,1342.05,1478.2,0,0,0,0,01-FEB-2024,
OPTIDX,NIFTY,22-Feb-2024,20350,CE,0,0,0,1297.1,1429,0,0,0,0,01-FEB-2024,
OPTIDX,NIFTY,22-Feb-2024,20400,CE,0,0,0,1300,1379.85,0,0,50,0,01-FEB-2024,
OPTIDX,NIFTY,22-Feb-2024,20450,CE,0,0,0,1360,1330.9,0,0,350,0,01-FEB-2024,
OPTIDX,NIFTY,22-Feb-2024,20500,CE,0,0,0,1290,1282.15,0,0,350,0,01-FEB-2024,
OPTIDX,NIFTY,22-Feb-2024,20550,CE,0,0,0,1122.05,1233.6,0,0,0,0,01-FEB-2024,
OPTIDX,NIFTY,22-Feb-2024,20600,CE,0,0,0,1079.7,1185.3,0,0,0,0,01-FEB-2024,
OPTIDX,NIFTY,22-Feb-2024,20650,CE,0,0,0,1037.95,1137.35,0,0,0,0,01-FEB-2024,
OPTIDX,NIFTY,22-Feb-2024,20700,CE,0,0,0,996.85,1089.7,0,0,0,0,01-FEB-2024,
OPTIDX,NIFTY,22-Feb-2024,20750,CE,0,0,0,956.4,1042.4,0,0,0,0,01-FEB-2024,
OPTIDX,NIFTY,22-Feb-2024,20800,CE,0,0,0,916.7,995.6,0,0,0,0,01-FEB-2024,
OPTIDX,NIFTY,22-Feb-2024,20850,CE,0,0,0,877.75,949.3,0,0,0,0,01-FEB-2024,
OPTIDX,NIFTY,22-Feb-2024,20900,CE,0,0,0,839.55,903.55,0,0,0,0,01-FEB-2024,
OPTIDX,NIFTY,22-Feb-2024,20950,CE,0,0,0,803,858.45,0,0,0,0,01-FEB-2024,
OPTIDX,NIFTY,22-Feb-2024,21000,CE,865.7,938.8,788,792.75,792.75,365,3990.93,3950,-11250,01-FEB-2024,
OPTIDX,NIFTY,22-Feb-2024,21050,CE,0,0,0,729.75,770.4,0,0,0,0,01-FEB-2024,
OPTIDX,NIFTY,22-Feb-2024,21100,CE,0,0,0,702.5,727.6,0,0,0,0,01-FEB-2024,
OPTIDX,NIFTY,22-Feb-2024,21150,CE,0,0,0,661,685.7,0,0,0,0,01-FEB-2024,
OPTIDX,NIFTY,22-Feb-2024,21200,CE,0,0,0,705,644.75,0,0,250,0,01-FEB-2024,
OPTIDX,NIFTY,22-Feb-2024,21250,CE,0,0,0,596,604.9,0,0,0,0,01-FEB-2024,
OPTIDX,NIFTY,22-Feb-2024,21300,CE,651,714,542.45,542.45,542.45,47,515.73,3400,150,01-FEB-2024,
OPTIDX,NIFTY,22-Feb-2024,21350,CE,0,0,0,383.85,528.6,0,0,100,0,01-FEB-2024,
OPTIDX,NIFTY,22-Feb-2024,21400,CE,582.3,614.5,470.05,475.5,475.5,162,1779.19,2500,-500,01-FEB-2024,
OPTIDX,NIFTY,22-Feb-2024,21450,CE,0,0,0,532.6,457.3,0,0,1700,0,01-FEB-2024,
OPTIDX,NIFTY,22-Feb-2024,21500,CE,518.8,570,418,421.65,421.65,360,3958.31,12550,200,01-FEB-2024,
OPTIDX,NIFTY,22-Feb-2024,21550,CE,474.15,475.95,389.25,391.55,391.55,38,417.7,4550,-1050,01-FEB-2024,
OPTIDX,NIFTY,22-Feb-2024,21600,CE,445.55,494.3,355.95,359.45,359.45,378,4162.9,7400,-2850,01-FEB-2024,
OPTIDX,NIFTY,22-Feb-2024,21650,CE,407,445.75,336.45,336.5,336.5,56,617.51,6750,300,01-FEB-2024,
OPTIDX,NIFTY,22-Feb-2024,21700,CE,400,436.2,292.25,300.85,300.85,963,10621.43,21350,10450,01-FEB-2024,
OPTIDX,NIFTY,22-Feb-2024,21750,CE,362.85,404,268.35,275.25,275.25,828,9145.3,16500,10500,01-FEB-2024,
OPTIDX,NIFTY,22-Feb-2024,21800,CE,328.05,380,245,250.05,250.05,578,6391.25,15400,1550,01-FEB-2024,
OPTIDX,NIFTY,22-Feb-2024,21850,CE,300,345,220,220,220,19,210.3,4250,250,01-FEB-2024,
OPTIDX,NIFTY,22-Feb-2024,21900,CE,295,325,198.3,206.4,206.4,493,5462.95,10250,-950,01-FEB-2024,
OPTIDX,NIFTY,22-Feb-2024,21950,CE,249.6,286.9,173.7,182.4,182.4,78,864.81,8050,750,01-FEB-2024,
OPTIDX,NIFTY,22-Feb-2024,22000,CE,244.3,276.75,161,165.8,165.8,3749,41679.88,48100,-18150,01-FEB-2024,
OPTIDX,NIFTY,22-Feb-2024,22050,CE,232.1,239.6,143,144.8,144.8,43,478.37,7600,-350,01-FEB-2024,
OPTIDX,NIFTY,22-Feb-2024,22100,CE,206.65,233.95,127,131.45,131.45,589,6561.57,28350,900,01-FEB-2024,
OPTIDX,NIFTY,22-Feb-2024,22150,CE,182.9,182.9,109.4,109.55,109.55,6,66.87,1300,150,01-FEB-2024,
OPTIDX,NIFTY,22-Feb-2024,22200,CE,169.55,195.35,101,103.3,103.3,374,4176.71,8200,2600,01-FEB-2024,
OPTIDX,NIFTY,22-Feb-2024,22250,CE,119,119,102.7,102.95,93.75,9,100.6,300,-50,01-FEB-2024,
OPTIDX,NIFTY,22-Feb-2024,22300,CE,140.85,159.25,77.2,79.1,79.1,598,6700.49,24550,100,01-FEB-2024,
OPTIDX,NIFTY,22-Feb-2024,22350,CE,79.6,79.6,78.9,79.25,72.45,5,56.07,250,250,01-FEB-2024,
OPTIDX,NIFTY,22-Feb-2024,22400,CE,117,131.75,60.55,62.55,62.55,335,3765.73,9300,5950,01-FEB-2024,
OPTIDX,NIFTY,22-Feb-2024,22450,CE,0,0,0,114.75,55.2,0,0,0,0,01-FEB-2024,
OPTIDX,NIFTY,22-Feb-2024,22500,CE,97.7,109.75,45.5,48.35,48.35,2170,24494.21,35450,11700,01-FEB-2024,
OPTIDX,NIFTY,22-Feb-2024,22550,CE,0,0,0,56.05,41.45,0,0,50,0,01-FEB-2024,
OPTIDX,NIFTY,22-Feb-2024,22600,CE,79.5,85,35,37.35,37.35,868,9828.98,31800,-5600,01-FEB-2024,
OPTIDX,NIFTY,22-Feb-2024,22650,CE,0,0,0,80.6,30.7,0,0,0,0,01-FEB-2024,
OPTIDX,NIFTY,22-Feb-2024,22700,CE,54.35,71.2,27.65,29.15,29.15,592,6733.73,26000,2450,01-FEB-2024,
OPTIDX,NIFTY,22-Feb-2024,22750,CE,29.05,29.45,28,29.45,22.35,3,34.16,150,150,01-FEB-2024,
OPTIDX,NIFTY,22-Feb-2024,22800,CE,43.7,52.1,21.95,22.65,22.65,233,2660.37,4200,2650,01-FEB-2024,
OPTIDX,NIFTY,22-Feb-2024,22850,CE,21.3,21.3,19.15,20.6,20.6,6,68.61,200,200,01-FEB-2024,
OPTIDX,NIFTY,22-Feb-2024,22900,CE,0,0,0,50.15,13.55,0,0,0,0,01-FEB-2024,
OPTIDX,NIFTY,22-Feb-2024,22950,CE,27.5,34,15.05,27.6,27.6,58,666.33,2750,2250,01-FEB-2024,
OPTIDX,NIFTY,22-Feb-2024,23000,CE,39,40,14.3,15.45,15.45,2633,30314.03,59200,18550,01-FEB-2024,
OPTIDX,NIFTY,22-Feb-2024,23050,CE,0,0,0,37.05,7.9,0,0,0,0,01-FEB-2024,
OPTIDX,NIFTY,22-Feb-2024,23100,CE,28.05,30.75,10.5,11.35,11.35,121,1398.88,2750,1900,01-FEB-2024,
OPTIDX,NIFTY,22-Feb-2024,23150,CE,0,0,0,30.05,5.45,0,0,0,0,01-FEB-2024,
OPTIDX,NIFTY,22-Feb-2024,23200,CE,23,24.85,5.7,10.3,10.3,130,1508.91,7800,2900,01-FEB-2024,
OPTIDX,NIFTY,22-Feb-2024,23250,CE,0,0,0,24.25,3.7,0,0,0,0,01-FEB-2024,
OPTIDX,NIFTY,22-Feb-2024,23300,CE,0,0,0,21.7,3,0,0,0,0,01-FEB-2024,
OPTIDX,NIFTY,22-Feb-2024,23350,CE,20,21.05,14.2,14.2,2.45,62,724.43,3350,2250,01-FEB-2024,
OPTIDX,NIFTY,22-Feb-2024,23400,CE,0,0,0,18.25,2,0,0,50,0,01-FEB-2024,
OPTIDX,NIFTY,22-Feb-2024,23450,CE,14,15,6.25,7.25,7.25,47,551.34,1600,1400,01-FEB-2024,
OPTIDX,NIFTY,22-Feb-2024,23500,CE,13.5,18.75,5.5,6.15,6.15,357,4196.43,7200,4950,01-FEB-2024,
OPTIDX,NIFTY,22-Feb-2024,19500,PE,0,0,0,4.05,0.05,0,0,0,0,01-FEB-2024,
OPTIDX,NIFTY,22-Feb-2024,19550,PE,0,0,0,4.75,0.05,0,0,0,0,01-FEB-2024,
OPTIDX,NIFTY,22-Feb-2024,19600,PE,0,0,0,5.55,0.05,0,0,0,0,01-FEB-2024,
OPTIDX,NIFTY,22-Feb-2024,19650,PE,0,0,0,6.5,0.05,0,0,0,0,01-FEB-2024,
OPTIDX,NIFTY,22-Feb-2024,19700,PE,0,0,0,7.55,0.05,0,0,0,0,01-FEB-2024,
OPTIDX,NIFTY,22-Feb-2024,19750,PE,0,0,0,8.75,0.1,0,0,0,0,01-FEB-2024,
OPTIDX,NIFTY,22-Feb-2024,19800,PE,0,0,0,15.3,0.15,0,0,0,0,01-FEB-2024,
OPTIDX,NIFTY,22-Feb-2024,19850,PE,0,0,0,11.7,0.2,0,0,0,0,01-FEB-2024,
OPTIDX,NIFTY,22-Feb-2024,19900,PE,0,0,0,13.45,0.25,0,0,0,0,01-FEB-2024,
OPTIDX,NIFTY,22-Feb-2024,19950,PE,0,0,0,15.45,0.35,0,0,0,0,01-FEB-2024,
OPTIDX,NIFTY,22-Feb-2024,20000,PE,15.6,17.1,8.9,10.05,10.05,550,5503.54,25500,7800,01-FEB-2024,
OPTIDX,NIFTY,22-Feb-2024,20050,PE,0,0,0,20.2,0.55,0,0,0,0,01-FEB-2024,
OPTIDX,NIFTY,22-Feb-2024,20100,PE,0,0,0,23,0.75,0,0,0,0,01-FEB-2024,
OPTIDX,NIFTY,22-Feb-2024,20150,PE,0,0,0,26.1,1,0,0,0,0,01-FEB-2024,
OPTIDX,NIFTY,22-Feb-2024,20200,PE,0,0,0,29.55,1.25,0,0,0,0,01-FEB-2024,
OPTIDX,NIFTY,22-Feb-2024,20250,PE,0,0,0,33.4,1.65,0,0,0,0,01-FEB-2024,
OPTIDX,NIFTY,22-Feb-2024,20300,PE,0,0,0,37.65,2.1,0,0,0,0,01-FEB-2024,
OPTIDX,NIFTY,22-Feb-2024,20350,PE,17.4,17.4,17.4,17.4,2.65,4,40.73,100,100,01-FEB-2024,
OPTIDX,NIFTY,22-Feb-2024,20400,PE,34.6,35.3,17.35,20,20,247,2522.24,14150,-450,01-FEB-2024,
OPTIDX,NIFTY,22-Feb-2024,20450,PE,23.85,23.85,23.35,23.65,23.65,35,358.28,1750,1750,01-FEB-2024,
OPTIDX,NIFTY,22-Feb-2024,20500,PE,43.65,43.65,22.45,24.5,24.5,912,9361.57,16050,3600,01-FEB-2024,
OPTIDX,NIFTY,22-Feb-2024,20550,PE,0,0,0,65.85,6.5,0,0,0,0,01-FEB-2024,
OPTIDX,NIFTY,22-Feb-2024,20600,PE,0,0,0,73.15,8,0,0,0,0,01-FEB-2024,
OPTIDX,NIFTY,22-Feb-2024,20650,PE,0,0,0,81.05,9.85,0,0,0,0,01-FEB-2024,
OPTIDX,NIFTY,22-Feb-2024,20700,PE,56.95,61.35,34.85,38.6,38.6,842,8734.77,16400,5300,01-FEB-2024,
OPTIDX,NIFTY,22-Feb-2024,20750,PE,0,0,0,98.85,14.55,0,0,0,0,01-FEB-2024,
OPTIDX,NIFTY,22-Feb-2024,20800,PE,62.3,71.15,42.8,46.9,46.9,307,3200.74,34550,-650,01-FEB-2024,
OPTIDX,NIFTY,22-Feb-2024,20850,PE,0,0,0,143,21.05,0,0,100,0,01-FEB-2024,
OPTIDX,NIFTY,22-Feb-2024,20900,PE,87,92.05,52.85,57.05,57.05,228,2389.68,11600,-350,01-FEB-2024,
OPTIDX,NIFTY,22-Feb-2024,20950,PE,0,0,0,144,29.8,0,0,0,0,01-FEB-2024,
OPTIDX,NIFTY,22-Feb-2024,21000,PE,96.6,103.3,65,71.3,71.3,1652,17412.48,59800,1650,01-FEB-2024,
OPTIDX,NIFTY,22-Feb-2024,21050,PE,0,0,0,209.2,41.35,0,0,2100,0,01-FEB-2024,
OPTIDX,NIFTY,22-Feb-2024,21100,PE,116,116,79.4,87.5,87.5,731,7745.65,24100,8000,01-FEB-2024,
OPTIDX,NIFTY,22-Feb-2024,21150,PE,0,0,0,148.45,56.25,0,0,150,0,01-FEB-2024,
OPTIDX,NIFTY,22-Feb-2024,21200,PE,130,140.65,98,107.5,107.5,368,3921.95,19550,1800,01-FEB-2024,
OPTIDX,NIFTY,22-Feb-2024,21250,PE,155.65,155.65,120.2,125.45,125.45,5,53.46,850,-50,01-FEB-2024,
OPTIDX,NIFTY,22-Feb-2024,21300,PE,162,170.2,119.3,130.4,130.4,609,6526.4,17900,10950,01-FEB-2024,
OPTIDX,NIFTY,22-Feb-2024,21350,PE,155,155,132.6,132.6,98.4,14,150.4,2250,-350,01-FEB-2024,
OPTIDX,NIFTY,22-Feb-2024,21400,PE,174.4,195,145.4,156,156,616,6642.72,16650,-6100,01-FEB-2024,
OPTIDX,NIFTY,22-Feb-2024,21450,PE,175.85,175.85,168,168.15,168.15,16,172.96,2000,-150,01-FEB-2024,
OPTIDX,NIFTY,22-Feb-2024,21500,PE,226.55,227.35,175.7,189.9,189.9,1106,11997.8,18700,-3450,01-FEB-2024,
OPTIDX,NIFTY,22-Feb-2024,21550,PE,244,244,192.8,212.25,212.25,15,163.18,1750,-200,01-FEB-2024,
OPTIDX,NIFTY,22-Feb-2024,21600,PE,264,264,209,228.8,228.8,471,5140.51,8350,4700,01-FEB-2024,
OPTIDX,NIFTY,22-Feb-2024,21650,PE,285,285,231,253.25,253.25,70,766.57,1450,900,01-FEB-2024,
OPTIDX,NIFTY,22-Feb-2024,21700,PE,305.25,310,246.35,269.95,269.95,1183,12993.71,18800,14150,01-FEB-2024,
OPTIDX,NIFTY,22-Feb-2024,21750,PE,300,326.1,279.3,290.4,290.4,240,2645.27,4750,4750,01-FEB-2024,
OPTIDX,NIFTY,22-Feb-2024,21800,PE,360,360,289,320.25,320.25,799,8834.83,12100,6100,01-FEB-2024,
OPTIDX,NIFTY,22-Feb-2024,21850,PE,0,0,0,522.85,296.85,0,0,0,0,01-FEB-2024,
OPTIDX,NIFTY,22-Feb-2024,21900,PE,390,404,338.5,375.75,375.75,311,3463.39,7500,3400,01-FEB-2024,
OPTIDX,NIFTY,22-Feb-2024,21950,PE,0,0,0,584.6,354.35,0,0,0,0,01-FEB-2024,
OPTIDX,NIFTY,22-Feb-2024,22000,PE,447,465.95,383.65,430.2,430.2,765,8578.61,6900,-500,01-FEB-2024,
OPTIDX,NIFTY,22-Feb-2024,22050,PE,0,0,0,650.05,417.6,0,0,0,0,01-FEB-2024,
OPTIDX,NIFTY,22-Feb-2024,22100,PE,469.2,477.7,444,466.5,451.3,117,1320.38,5850,5850,01-FEB-2024,
OPTIDX,NIFTY,22-Feb-2024,22150,PE,469.75,469.75,469.75,469.75,486.3,1,11.3,50,50,01-FEB-2024,
OPTIDX,NIFTY,22-Feb-2024,22200,PE,0,0,0,754.7,522.55,0,0,0,0,01-FEB-2024,
OPTIDX,NIFTY,22-Feb-2024,22250,PE,0,0,0,791.3,560.05,0,0,0,0,01-FEB-2024,
OPTIDX,NIFTY,22-Feb-2024,22300,PE,0,0,0,829.65,598.7,0,0,0,0,01-FEB-2024,
OPTIDX,NIFTY,22-Feb-2024,22350,PE,0,0,0,866.9,638.4,0,0,0,0,01-FEB-2024,
OPTIDX,NIFTY,22-Feb-2024,22400,PE,0,0,0,905.7,679.1,0,0,0,0,01-FEB-2024,
OPTIDX,NIFTY,22-Feb-2024,22450,PE,0,0,0,945.25,720.75,0,0,0,0,01-FEB-2024,
OPTIDX,NIFTY,22-Feb-2024,22500,PE,830,830,745.6,760,763.25,21,244.18,5050,100,01-FEB-2024,
OPTIDX,NIFTY,22-Feb-2024,22550,PE,0,0,0,1026.25,806.6,0,0,0,0,01-FEB-2024,
OPTIDX,NIFTY,22-Feb-2024,22600,PE,0,0,0,1067.7,850.7,0,0,0,0,01-FEB-2024,
OPTIDX,NIFTY,22-Feb-2024,22650,PE,0,0,0,1109.7,895.45,0,0,0,0,01-FEB-2024,
OPTIDX,NIFTY,22-Feb-2024,22700,PE,0,0,0,1152.3,940.8,0,0,0,0,01-FEB-2024,
OPTIDX,NIFTY,22-Feb-2024,22750,PE,0,0,0,1195.4,986.75,0,0,0,0,01-FEB-2024,
OPTIDX,NIFTY,22-Feb-2024,22800,PE,0,0,0,1238.95,1033.15,0,0,0,0,01-FEB-2024,
OPTIDX,NIFTY,22-Feb-2024,22850,PE,0,0,0,1283,1080.05,0,0,0,0,01-FEB-2024,
OPTIDX,NIFTY,22-Feb-2024,22900,PE,0,0,0,1327.5,1127.35,0,0,0,0,01-FEB-2024,
OPTIDX,NIFTY,22-Feb-2024,22950,PE,0,0,0,1372.4,1174.95,0,0,0,0,01-FEB-2024,
OPTIDX,NIFTY,22-Feb-2024,23000,PE,0,0,0,1417.7,1222.9,0,0,0,0,01-FEB-2024,
OPTIDX,NIFTY,22-Feb-2024,23050,PE,0,0,0,1463.35,1271.15,0,0,0,0,01-FEB-2024,
OPTIDX,NIFTY,22-Feb-2024,23100,PE,0,0,0,1509.35,1319.6,0,0,0,0,01-FEB-2024,
OPTIDX,NIFTY,22-Feb-2024,23150,PE,0,0,0,1555.65,1368.25,0,0,0,0,01-FEB-2024,
OPTIDX,NIFTY,22-Feb-2024,23200,PE,0,0,0,1602.25,1417.1,0,0,0,0,01-FEB-2024,
OPTIDX,NIFTY,22-Feb-2024,23250,PE,0,0,0,1649.15,1466.1,0,0,0,0,01-FEB-2024,
OPTIDX,NIFTY,22-Feb-2024,23300,PE,0,0,0,1696.25,1515.25,0,0,0,0,01-FEB-2024,
OPTIDX,NIFTY,22-Feb-2024,23350,PE,0,0,0,1743.65,1564.5,0,0,0,0,01-FEB-2024,
OPTIDX,NIFTY,22-Feb-2024,23400,PE,0,0,0,1791.2,1613.85,0,0,0,0,01-FEB-2024,
OPTIDX,NIFTY,22-Feb-2024,23450,PE,0,0,0,1839,1663.25,0,0,0,0,01-FEB-2024,
OPTIDX,NIFTY,22-Feb-2024,23500,PE,0,0,0,1886.95,1712.75,0,0,0,0,01-FEB-2024,
OPTIDX,NIFTY,29-Feb-2024,18650,CE,3242.5,3242.5,3193.1,3193.1,3143.75,9,98.31,33050,-50,01-FEB-2024,
OPTIDX,NIFTY,29-Feb-2024,18700,CE,3092.85,3100,3000,3025.1,3025.1,29,315.74,73650,-150,01-FEB-2024,
OPTIDX,NIFTY,29-Feb-2024,18750,CE,3076,3076,3076,3076,3044.3,2,21.82,1150,0,01-FEB-2024,
OPTIDX,NIFTY,29-Feb-2024,18800,CE,2940,2988.8,2940,2988.8,2988.8,3,32.63,11500,50,01-FEB-2024,
OPTIDX,NIFTY,29-Feb-2024,18850,CE,0,0,0,1710.25,2944.8,0,0,0,0,01-FEB-2024,
OPTIDX,NIFTY,29-Feb-2024,18900,CE,0,0,0,2555,2895.05,0,0,2450,0,01-FEB-2024,
OPTIDX,NIFTY,29-Feb-2024,18950,CE,0,0,0,2410,2845.3,0,0,200,0,01-FEB-2024,
OPTIDX,NIFTY,29-Feb-2024,19000,CE,2769.05,2899,2715,2738.35,2738.35,84,914.84,705750,600,01-FEB-2024,
OPTIDX,NIFTY,29-Feb-2024,19050,CE,0,0,0,2476.45,2745.85,0,0,100,0,01-FEB-2024,
OPTIDX,NIFTY,29-Feb-2024,19100,CE,0,0,0,2300.45,2696.1,0,0,2550,0,01-FEB-2024,
OPTIDX,NIFTY,29-Feb-2024,19150,CE,0,0,0,2340,2646.35,0,0,200,0,01-FEB-2024,
OPTIDX,NIFTY,29-Feb-2024,19200,CE,0,0,0,2482.35,2596.65,0,0,3950,0,01-FEB-2024,
OPTIDX,NIFTY,29-Feb-2024,19250,CE,0,0,0,2140,2546.9,0,0,150,0,01-FEB-2024,
OPTIDX,NIFTY,29-Feb-2024,19300,CE,0,0,0,2390,2497.15,0,0,6250,0,01-FEB-2024,
OPTIDX,NIFTY,29-Feb-2024,19350,CE,0,0,0,2359.65,2447.45,0,0,9150,0,01-FEB-2024,
OPTIDX,NIFTY,29-Feb-2024,19400,CE,2414.5,2465.05,2341.1,2341.1,2341.1,57,621.82,8850,-50,01-FEB-2024,
OPTIDX,NIFTY,29-Feb-2024,19450,CE,0,0,0,1231.75,2348,0,0,0,0,01-FEB-2024,
OPTIDX,NIFTY,29-Feb-2024,19500,CE,2290,2389.9,2229.65,2234.55,2234.55,61,664.46,146400,1600,01-FEB-2024,
OPTIDX,NIFTY,29-Feb-2024,19550,CE,0,0,0,1159.6,2248.6,0,0,0,0,01-FEB-2024,
OPTIDX,NIFTY,29-Feb-2024,19600,CE,2202.65,2298,2134,2134.05,2134.05,51,556.15,14400,250,01-FEB-2024,
OPTIDX,NIFTY,29-Feb-2024,19650,CE,2140.05,2140.05,2140.05,2140.05,2149.2,1,10.89,200,0,01-FEB-2024,
OPTIDX,NIFTY,29-Feb-2024,19700,CE,2118.5,2205.05,2030,2044.15,2044.15,84,916.31,24250,300,01-FEB-2024,
OPTIDX,NIFTY,29-Feb-2024,19750,CE,0,0,0,1020.15,2049.9,0,0,0,0,01-FEB-2024,
OPTIDX,NIFTY,29-Feb-2024,19800,CE,2031,2071.75,1937.8,1941,1941,26,283.51,13300,0,01-FEB-2024,
OPTIDX,NIFTY,29-Feb-2024,19850,CE,0,0,0,1615.5,1950.7,0,0,250,0,01-FEB-2024,
OPTIDX,NIFTY,29-Feb-2024,19900,CE,1905,1933.5,1891.15,1933.5,1901.2,7,76.32,10150,-200,01-FEB-2024,
OPTIDX,NIFTY,29-Feb-2024,19950,CE,0,0,0,1493.5,1851.7,0,0,1900,0,01-FEB-2024,
OPTIDX,NIFTY,29-Feb-2024,20000,CE,1822.1,1917.35,1741.2,1752.05,1752.05,781,8521.98,761800,-12650,01-FEB-2024,
OPTIDX,NIFTY,29-Feb-2024,20050,CE,0,0,0,1517.3,1752.9,0,0,50,0,01-FEB-2024,
OPTIDX,NIFTY,29-Feb-2024,20100,CE,1737.3,1737.3,1645.85,1645.85,1645.85,11,120.04,9950,-150,01-FEB-2024,
OPTIDX,NIFTY,29-Feb-2024,20150,CE,0,0,0,1374.15,1654.4,0,0,150,0,01-FEB-2024,
OPTIDX,NIFTY,29-Feb-2024,20200,CE,1605.8,1635,1534.25,1550.45,1550.45,43,468.16,28850,1800,01-FEB-2024,
OPTIDX,NIFTY,29-Feb-2024,20250,CE,1588.45,1588.45,1588.45,1588.45,1556.35,1,10.91,450,0,01-FEB-2024,
OPTIDX,NIFTY,29-Feb-2024,20300,CE,0,0,0,1500,1507.55,0,0,22050,0,01-FEB-2024,
OPTIDX,NIFTY,29-Feb-2024,20350,CE,0,0,0,1136.75,1458.95,0,0,200,0,01-FEB-2024,
OPTIDX,NIFTY,29-Feb-2024,20400,CE,1419.2,1419.2,1390,1401.7,1401.7,5,54.52,42500,-150,01-FEB-2024,
OPTIDX,NIFTY,29-Feb-2024,20450,CE,1371.55,1371.55,1361.5,1368,1362.3,4,43.63,950,0,01-FEB-2024,
OPTIDX,NIFTY,29-Feb-2024,20500,CE,1360,1456.8,1262.3,1280.35,1280.35,1021,11153.2,348400,-9200,01-FEB-2024,
OPTIDX,NIFTY,29-Feb-2024,20550,CE,1222.3,1230,1222.3,1230,1230,4,43.55,900,100,01-FEB-2024,
OPTIDX,NIFTY,29-Feb-2024,20600,CE,1250.65,1328.35,1166.15,1179.9,1179.9,47,513.26,32550,300,01-FEB-2024,
OPTIDX,NIFTY,29-Feb-2024,20650,CE,1160,1188.9,1141.65,1146.15,1146.15,6,65.43,1650,100,01-FEB-2024,
OPTIDX,NIFTY,29-Feb-2024,20700,CE,1180.2,1240.5,1085,1099.4,1099.4,127,1389.97,63950,100,01-FEB-2024,
OPTIDX,NIFTY,29-Feb-2024,20750,CE,1130,1130,1120,1120,1079.9,2,21.87,1800,0,01-FEB-2024,
OPTIDX,NIFTY,29-Feb-2024,20800,CE,1097.55,1174.9,1000,1006.85,1006.85,78,852.56,89850,-1500,01-FEB-2024,
OPTIDX,NIFTY,29-Feb-2024,20850,CE,1050,1050,1023.75,1023.75,989.35,2,21.88,5100,-50,01-FEB-2024,
OPTIDX,NIFTY,29-Feb-2024,20900,CE,1015,1077,922.15,934.65,934.65,923,10084.58,105050,2350,01-FEB-2024,
OPTIDX,NIFTY,29-Feb-2024,20950,CE,984.5,991.45,916.7,957.75,901.2,8,87.63,5550,250,01-FEB-2024,
OPTIDX,NIFTY,29-Feb-2024,21000,CE,960,1010.65,826.05,841.25,841.25,6978,76438.45,685650,5900,01-FEB-2024,
OPTIDX,NIFTY,29-Feb-2024,21050,CE,879,892.3,800,800,800,12,131.5,8350,-200,01-FEB-2024,
OPTIDX,NIFTY,29-Feb-2024,21100,CE,850,905.75,755,763.75,763.75,323,3536.53,86950,-1700,01-FEB-2024,
OPTIDX,NIFTY,29-Feb-2024,21150,CE,786.85,853.1,725,727.5,727.5,32,350.86,14550,-200,01-FEB-2024,
OPTIDX,NIFTY,29-Feb-2024,21200,CE,778.5,838.55,671.4,685.15,685.15,941,10315.37,136300,-8150,01-FEB-2024,
OPTIDX,NIFTY,29-Feb-2024,21250,CE,733,779.95,640,654.1,654.1,167,1835.1,20900,1600,01-FEB-2024,
OPTIDX,NIFTY,29-Feb-2024,21300,CE,698.55,770,596.75,610.55,610.55,7097,77892.1,263100,-122100,01-FEB-2024,
OPTIDX,NIFTY,29-Feb-2024,21350,CE,661.95,720.95,569.45,576.4,576.4,319,3506.57,22300,-500,01-FEB-2024,
OPTIDX,NIFTY,29-Feb-2024,21400,CE,633.85,693,527,541.35,541.35,6732,74074.36,316000,-2350,01-FEB-2024,
OPTIDX,NIFTY,29-Feb-2024,21450,CE,599.05,643,502.2,509.7,509.7,899,9898.66,28350,-7600,01-FEB-2024,
OPTIDX,NIFTY,29-Feb-2024,21500,CE,560.45,624.25,461.85,473.1,473.1,31379,345644.23,1352650,-111350,01-FEB-2024,
OPTIDX,NIFTY,29-Feb-2024,21550,CE,524.95,589.55,430.1,441.4,441.4,1532,16891.4,43100,2100,01-FEB-2024,
OPTIDX,NIFTY,29-Feb-2024,21600,CE,427.3,556.5,401,412.1,412.1,30299,334438.07,487500,-121200,01-FEB-2024,
OPTIDX,NIFTY,29-Feb-2024,21650,CE,459.9,522.45,373.3,383.5,383.5,5598,61833.84,101700,24550,01-FEB-2024,
OPTIDX,NIFTY,29-Feb-2024,21700,CE,449,492.95,344.25,354.1,354.1,73363,811087.81,919050,8550,01-FEB-2024,
OPTIDX,NIFTY,29-Feb-2024,21750,CE,410,460.9,318.75,327.85,327.85,12459,137901.66,136450,39300,01-FEB-2024,
OPTIDX,NIFTY,29-Feb-2024,21800,CE,383.55,433,293.85,301.8,301.8,95731,1060682.14,1248550,228100,01-FEB-2024,
OPTIDX,NIFTY,29-Feb-2024,21850,CE,361.65,402.4,268.8,276.6,276.6,8687,96381.9,91100,4100,01-FEB-2024,
OPTIDX,NIFTY,29-Feb-2024,21900,CE,330.65,376,246.3,253.15,253.15,30915,343327.65,516500,41650,01-FEB-2024,
OPTIDX,NIFTY,29-Feb-2024,21950,CE,304.95,350.25,224.5,231.45,231.45,5043,56073.87,45600,-2700,01-FEB-2024,
OPTIDX,NIFTY,29-Feb-2024,22000,CE,300,325,204.45,210.65,210.65,100098,1114159.75,2136850,38100,01-FEB-2024,
OPTIDX,NIFTY,29-Feb-2024,22050,CE,268,301.4,186.05,191.5,191.5,4821,53741.57,66700,11400,01-FEB-2024,
OPTIDX,NIFTY,29-Feb-2024,22100,CE,231.6,278.05,167,172.6,172.6,16591,185147.22,327200,-15650,01-FEB-2024,
OPTIDX,NIFTY,29-Feb-2024,22150,CE,220.95,257.3,151.05,155,155,3908,43684.7,49500,10700,01-FEB-2024,
OPTIDX,NIFTY,29-Feb-2024,22200,CE,210.1,237.7,135.2,139.9,139.9,39198,438694.4,622100,81800,01-FEB-2024,
OPTIDX,NIFTY,29-Feb-2024,22250,CE,187.45,219.05,121.8,126.4,126.4,2973,33321.44,70900,3800,01-FEB-2024,
OPTIDX,NIFTY,29-Feb-2024,22300,CE,175.25,201.35,108.95,112.95,112.95,19486,218740.97,327100,23650,01-FEB-2024,
OPTIDX,NIFTY,29-Feb-2024,22350,CE,160.65,184.95,97.2,100.95,100.95,4182,47025.34,50950,8950,01-FEB-2024,
OPTIDX,NIFTY,29-Feb-2024,22400,CE,137.9,169.5,87.05,90.4,90.4,18475,208071,315000,-28850,01-FEB-2024,
OPTIDX,NIFTY,29-Feb-2024,22450,CE,133,152.7,77.6,80.7,80.7,2541,28662.71,50700,8200,01-FEB-2024,
OPTIDX,NIFTY,29-Feb-2024,22500,CE,121.4,141.35,69.2,72.2,72.2,71890,812422.62,1414100,-19250,01-FEB-2024,
OPTIDX,NIFTY,29-Feb-2024,22550,CE,102.45,127.75,61.6,64.9,64.9,3938,44581.4,39350,11050,01-FEB-2024,
OPTIDX,NIFTY,29-Feb-2024,22600,CE,100.35,117.5,54.55,57.3,57.3,23943,271562.47,466700,-36950,01-FEB-2024,
OPTIDX,NIFTY,29-Feb-2024,22650,CE,92.1,107.25,48.9,51.35,51.35,1960,22266.29,42300,14300,01-FEB-2024,
OPTIDX,NIFTY,29-Feb-2024,22700,CE,83.4,97.15,43.2,45.05,45.05,22130,251887.87,459050,-28800,01-FEB-2024,
OPTIDX,NIFTY,29-Feb-2024,22750,CE,74.35,88,38.85,40.8,40.8,4895,55809,55600,6600,01-FEB-2024,
OPTIDX,NIFTY,29-Feb-2024,22800,CE,72.75,80,34.85,36.9,36.9,26683,304865.97,458750,49200,01-FEB-2024,
OPTIDX,NIFTY,29-Feb-2024,22850,CE,62.55,72.8,31.05,32.95,32.95,3742,42838.09,67550,2250,01-FEB-2024,
OPTIDX,NIFTY,29-Feb-2024,22900,CE,58.2,66.4,27.95,29.7,29.7,20343,233401.11,294800,89400,01-FEB-2024,
OPTIDX,NIFTY,29-Feb-2024,22950,CE,54.35,60.45,25.4,26.85,26.85,3696,42487.82,70400,24750,01-FEB-2024,
OPTIDX,NIFTY,29-Feb-2024,23000,CE,50.4,56.8,23.9,25.4,25.4,80490,927176.33,4022450,401000,01-FEB-2024,
OPTIDX,NIFTY,29-Feb-2024,23050,CE,44.8,50,20.5,22.05,22.05,3605,41608.76,72350,15750,01-FEB-2024,
OPTIDX,NIFTY,29-Feb-2024,23100,CE,39.85,44.65,12.5,18.15,18.15,23360,270153.87,447900,109600,01-FEB-2024,
OPTIDX,NIFTY,29-Feb-2024,23150,CE,37.5,40.3,15.75,16.75,16.75,1836,21276.83,23000,8750,01-FEB-2024,
OPTIDX,NIFTY,29-Feb-2024,23200,CE,34.55,35.9,10.1,14.6,14.6,25058,290988.58,625600,342700,01-FEB-2024,
OPTIDX,NIFTY,29-Feb-2024,23250,CE,28.5,32.2,12,13.45,13.45,1071,12461.85,21750,10600,01-FEB-2024,
OPTIDX,NIFTY,29-Feb-2024,23300,CE,28.95,30.1,10,11.9,11.9,21293,248272.02,483800,176650,01-FEB-2024,
OPTIDX,NIFTY,29-Feb-2024,23350,CE,25.35,26.8,10.35,11.2,11.2,894,10445.26,23300,11350,01-FEB-2024,
OPTIDX,NIFTY,29-Feb-2024,23400,CE,25.25,25.25,9.4,10.35,10.35,6667,78056.06,194650,56600,01-FEB-2024,
OPTIDX,NIFTY,29-Feb-2024,23450,CE,22.3,22.65,8.9,9.45,9.45,1389,16295.56,30400,12700,01-FEB-2024,
OPTIDX,NIFTY,29-Feb-2024,23500,CE,21.7,22,8.2,9.05,9.05,25494,299715.07,942700,114550,01-FEB-2024,
OPTIDX,NIFTY,29-Feb-2024,23550,CE,18.1,18.65,7.95,8.55,8.55,1015,11957.86,20950,8600,01-FEB-2024,
OPTIDX,NIFTY,29-Feb-2024,23600,CE,18.1,18.1,6.65,7.3,7.3,4814,56833.4,256750,-6650,01-FEB-2024,
OPTIDX,NIFTY,29-Feb-2024,23650,CE,15.3,15.9,7,7.35,7.35,635,7512.48,14350,1350,01-FEB-2024,
OPTIDX,NIFTY,29-Feb-2024,23700,CE,15.2,16.2,6.2,6.9,6.9,2374,28144.02,143950,-700,01-FEB-2024,
OPTIDX,NIFTY,29-Feb-2024,23750,CE,14.75,14.75,6.3,6.9,6.9,814,9670.27,23100,7700,01-FEB-2024,
OPTIDX,NIFTY,29-Feb-2024,23800,CE,13.45,13.45,5.95,6.3,6.3,7098,84498.76,254700,-4300,01-FEB-2024,
OPTIDX,NIFTY,29-Feb-2024,23850,CE,12.7,13.35,6.25,6.85,6.85,2137,25493.38,93000,30350,01-FEB-2024,
OPTIDX,NIFTY,29-Feb-2024,18650,PE,6.35,6.35,4.55,4.85,4.85,305,2844.94,40850,4050,01-FEB-2024,
OPTIDX,NIFTY,29-Feb-2024,18700,PE,5.6,6.05,4.45,4.75,4.75,93,869.78,50250,350,01-FEB-2024,
OPTIDX,NIFTY,29-Feb-2024,18750,PE,0,0,0,77,0.05,0,0,0,0,01-FEB-2024,
OPTIDX,NIFTY,29-Feb-2024,18800,PE,3.05,3.05,3.05,3.05,3.05,1,9.4,5150,0,01-FEB-2024,
OPTIDX,NIFTY,29-Feb-2024,18850,PE,0,0,0,89.45,0.05,0,0,0,0,01-FEB-2024,
OPTIDX,NIFTY,29-Feb-2024,18900,PE,0,0,0,3.1,0.05,0,0,1250,0,01-FEB-2024,
OPTIDX,NIFTY,29-Feb-2024,18950,PE,0,0,0,103.4,0.05,0,0,0,0,01-FEB-2024,
OPTIDX,NIFTY,29-Feb-2024,19000,PE,7.05,7.4,4.6,5,5,3822,36320.62,997200,-28250,01-FEB-2024,
OPTIDX,NIFTY,29-Feb-2024,19050,PE,0,0,0,119.05,0.05,0,0,0,0,01-FEB-2024,
OPTIDX,NIFTY,29-Feb-2024,19100,PE,0,0,0,127.5,0.05,0,0,0,0,01-FEB-2024,
OPTIDX,NIFTY,29-Feb-2024,19150,PE,0,0,0,136.4,0.05,0,0,0,0,01-FEB-2024,
OPTIDX,NIFTY,29-Feb-2024,19200,PE,7.85,8.5,4.4,4.9,4.9,355,3409.16,18150,-2050,01-FEB-2024,
OPTIDX,NIFTY,29-Feb-2024,19250,PE,3.05,3.05,3.05,3.05,0.05,2,19.25,1900,0,01-FEB-2024,
OPTIDX,NIFTY,29-Feb-2024,19300,PE,7.15,10.85,0.05,4.95,4.95,3054,29481.01,70000,1700,01-FEB-2024,
OPTIDX,NIFTY,29-Feb-2024,19350,PE,7.85,8.2,5.65,5.75,5.75,285,2758.31,5200,1000,01-FEB-2024,
OPTIDX,NIFTY,29-Feb-2024,19400,PE,8.6,11.5,4.7,5.05,5.05,1232,11954.72,50300,-2950,01-FEB-2024,
OPTIDX,NIFTY,29-Feb-2024,19450,PE,9.3,9.45,5.65,5.8,5.8,113,1099.34,7800,1500,01-FEB-2024,
OPTIDX,NIFTY,29-Feb-2024,19500,PE,10,10.75,5.45,5.95,5.95,19832,193437.59,974500,48500,01-FEB-2024,
OPTIDX,NIFTY,29-Feb-2024,19550,PE,10.35,10.45,5.95,6.55,6.55,480,4693.95,12150,4400,01-FEB-2024,
OPTIDX,NIFTY,29-Feb-2024,19600,PE,11.2,11.35,6.15,6.6,6.6,5005,49071.37,136550,1150,01-FEB-2024,
OPTIDX,NIFTY,29-Feb-2024,19650,PE,11.75,12.9,4.15,6.75,6.75,1917,18843.15,63000,350,01-FEB-2024,
OPTIDX,NIFTY,29-Feb-2024,19700,PE,12.65,13.5,7.3,7.95,7.95,5062,49887.47,118400,-5750,01-FEB-2024,
OPTIDX,NIFTY,29-Feb-2024,19750,PE,13.05,14.55,8.2,8.65,8.65,1792,17706.8,19650,-12500,01-FEB-2024,
OPTIDX,NIFTY,29-Feb-2024,19800,PE,15,15.9,9.15,9.9,9.9,13569,134421.21,265850,-95500,01-FEB-2024,
OPTIDX,NIFTY,29-Feb-2024,19850,PE,16.1,17.2,9.7,10.55,10.55,1950,19366.1,95150,31450,01-FEB-2024,
OPTIDX,NIFTY,29-Feb-2024,19900,PE,18.7,18.8,11.3,12.45,12.45,14274,142127.73,289000,-127050,01-FEB-2024,
OPTIDX,NIFTY,29-Feb-2024,19950,PE,19.6,20.35,12.3,13.35,13.35,857,8555.55,14250,-2450,01-FEB-2024,
OPTIDX,NIFTY,29-Feb-2024,20000,PE,22.8,26,14.25,15.75,15.75,42920,429591.65,2641200,158550,01-FEB-2024,
OPTIDX,NIFTY,29-Feb-2024,20050,PE,24,24.65,15,16.45,16.45,916,9192.15,11950,-7100,01-FEB-2024,
OPTIDX,NIFTY,29-Feb-2024,20100,PE,25.15,26.4,15.8,17.65,17.65,21646,217759.81,607800,30650,01-FEB-2024,
OPTIDX,NIFTY,29-Feb-2024,20150,PE,27.7,29.4,17.95,19.9,19.9,939,9471.16,9300,-1750,01-FEB-2024,
OPTIDX,NIFTY,29-Feb-2024,20200,PE,30.6,32.5,19.15,21.55,21.55,21281,215191.66,732500,122600,01-FEB-2024,
OPTIDX,NIFTY,29-Feb-2024,20250,PE,32.6,34.9,21.4,23.8,23.8,1935,19617.03,17500,-5350,01-FEB-2024,
OPTIDX,NIFTY,29-Feb-2024,20300,PE,38.55,38.85,23.55,26.55,26.55,23176,235575.7,662200,-700,01-FEB-2024,
OPTIDX,NIFTY,29-Feb-2024,20350,PE,40.8,41.6,25.95,28.8,28.8,2923,29787.76,38700,450,01-FEB-2024,
OPTIDX,NIFTY,29-Feb-2024,20400,PE,42.6,45.4,24.85,32.15,32.15,19986,204205.86,610000,-110700,01-FEB-2024,
OPTIDX,NIFTY,29-Feb-2024,20450,PE,46.05,49.8,32.6,36.1,36.1,2906,29772.15,58100,23850,01-FEB-2024,
OPTIDX,NIFTY,29-Feb-2024,20500,PE,50.25,54.75,36.2,40.35,40.35,58029,596053.69,2810050,317650,01-FEB-2024,
OPTIDX,NIFTY,29-Feb-2024,20550,PE,54.05,58.25,39.05,42.75,42.75,4557,46929.93,60250,-3150,01-FEB-2024,
OPTIDX,NIFTY,29-Feb-2024,20600,PE,58.7,63.15,42,46.8,46.8,17759,183357.53,550500,58150,01-FEB-2024,
OPTIDX,NIFTY,29-Feb-2024,20650,PE,68.1,69.25,47.3,51.5,51.5,3906,40437.93,87600,-16350,01-FEB-2024,
OPTIDX,NIFTY,29-Feb-2024,20700,PE,68.45,74.3,50.95,56.25,56.25,15077,156503.75,533650,5500,01-FEB-2024,
OPTIDX,NIFTY,29-Feb-2024,20750,PE,74.65,81.1,56.6,61.85,61.85,1713,17828.73,36000,2000,01-FEB-2024,
OPTIDX,NIFTY,29-Feb-2024,20800,PE,85,88.05,61.2,66.7,66.7,18681,194953.78,652450,-14400,01-FEB-2024,
OPTIDX,NIFTY,29-Feb-2024,20850,PE,90,95.15,68.05,72.85,72.85,4194,43887.95,33650,-4750,01-FEB-2024,
OPTIDX,NIFTY,29-Feb-2024,20900,PE,94.05,102.8,74.35,81.05,81.05,13513,141788.94,413350,-20000,01-FEB-2024,
OPTIDX,NIFTY,29-Feb-2024,20950,PE,111.1,111.1,82.5,89.05,89.05,2476,26051.48,25950,1500,01-FEB-2024,
OPTIDX,NIFTY,29-Feb-2024,21000,PE,116.3,121.2,89.45,97.85,97.85,92382,974676.26,3499800,331400,01-FEB-2024,
OPTIDX,NIFTY,29-Feb-2024,21050,PE,125,130.05,97.6,105.85,105.85,2414,25538.44,25250,-3850,01-FEB-2024,
OPTIDX,NIFTY,29-Feb-2024,21100,PE,133,139.95,105.75,115.7,115.7,16648,176618.96,392500,-16400,01-FEB-2024,
OPTIDX,NIFTY,29-Feb-2024,21150,PE,140.05,149.5,116.25,127.15,127.15,1794,19087.54,45200,6300,01-FEB-2024,
OPTIDX,NIFTY,29-Feb-2024,21200,PE,155.35,176,126.5,137.05,137.05,22362,238602,857850,-48150,01-FEB-2024,
OPTIDX,NIFTY,29-Feb-2024,21250,PE,174.9,174.9,137.3,149.7,149.7,3112,33303.34,114050,20750,01-FEB-2024,
OPTIDX,NIFTY,29-Feb-2024,21300,PE,172,188.45,148.4,161.9,161.9,30667,329116.9,1240650,145500,01-FEB-2024,
OPTIDX,NIFTY,29-Feb-2024,21350,PE,194.6,201.3,160.95,176.05,176.05,3072,33066.94,59550,-350,01-FEB-2024,
OPTIDX,NIFTY,29-Feb-2024,21400,PE,215.3,216.25,171.4,190.65,190.65,25992,280585.25,724600,54950,01-FEB-2024,
OPTIDX,NIFTY,29-Feb-2024,21450,PE,237.55,237.55,185,205.65,205.65,3167,34292.86,71200,12650,01-FEB-2024,
OPTIDX,NIFTY,29-Feb-2024,21500,PE,233.7,249.9,199.15,222.3,222.3,91055,988926.52,2327500,39600,01-FEB-2024,
OPTIDX,NIFTY,29-Feb-2024,21550,PE,250.05,267.4,215.2,241.5,241.5,3202,34885.28,54850,6400,01-FEB-2024,
OPTIDX,NIFTY,29-Feb-2024,21600,PE,293.6,293.6,208.85,260.7,260.7,41705,455803.16,906500,123800,01-FEB-2024,
OPTIDX,NIFTY,29-Feb-2024,21650,PE,287.9,306.7,249,280,280,6410,70271.63,92700,8700,01-FEB-2024,
OPTIDX,NIFTY,29-Feb-2024,21700,PE,330.55,330.55,266.8,301.45,301.45,81312,894298.35,921400,-84500,01-FEB-2024,
OPTIDX,NIFTY,29-Feb-2024,21750,PE,340.05,355.25,285.6,324.45,324.45,11492,126805.35,107300,25150,01-FEB-2024,
OPTIDX,NIFTY,29-Feb-2024,21800,PE,349.35,373.9,305.05,349.75,349.75,89093,986255.91,893050,190750,01-FEB-2024,
OPTIDX,NIFTY,29-Feb-2024,21850,PE,382.95,399.4,328.25,374.75,374.75,6462,71769.51,55600,4750,01-FEB-2024,
OPTIDX,NIFTY,29-Feb-2024,21900,PE,404.25,425.95,350.1,400.7,400.7,23962,267014.93,459450,-15900,01-FEB-2024,
OPTIDX,NIFTY,29-Feb-2024,21950,PE,429.45,450.3,377.25,427.2,427.2,3462,38713.55,34300,18100,01-FEB-2024,
OPTIDX,NIFTY,29-Feb-2024,22000,PE,431.3,480.05,398.9,458.9,458.9,45430,509764.63,1564000,253550,01-FEB-2024,
OPTIDX,NIFTY,29-Feb-2024,22050,PE,486.65,506.8,425.2,486.85,486.85,3170,35687.65,27700,13050,01-FEB-2024,
OPTIDX,NIFTY,29-Feb-2024,22100,PE,505.95,537.95,451.25,516.2,516.2,5375,60722.9,75900,-4450,01-FEB-2024,
OPTIDX,NIFTY,29-Feb-2024,22150,PE,543.7,567.95,479.5,550.8,550.8,993,11261.71,14650,1700,01-FEB-2024,
OPTIDX,NIFTY,29-Feb-2024,22200,PE,566.95,603.4,509,586.65,586.65,4511,51340.85,103900,2650,01-FEB-2024,
OPTIDX,NIFTY,29-Feb-2024,22250,PE,607.95,635,541,619.35,619.35,569,6499.35,35300,0,01-FEB-2024,
OPTIDX,NIFTY,29-Feb-2024,22300,PE,633.95,673.15,573.25,660.5,660.5,2463,28240.85,67900,1300,01-FEB-2024,
OPTIDX,NIFTY,29-Feb-2024,22350,PE,684.9,706.5,605,694.8,694.8,311,3577.41,15200,1200,01-FEB-2024,
OPTIDX,NIFTY,29-Feb-2024,22400,PE,714.7,749.85,640.05,730.9,730.9,3498,40426.46,152300,40900,01-FEB-2024,
OPTIDX,NIFTY,29-Feb-2024,22450,PE,704,790.85,693.5,777.55,777.55,265,3071.42,19500,1250,01-FEB-2024,
OPTIDX,NIFTY,29-Feb-2024,22500,PE,780,830,710.05,817.5,817.5,5255,61173.4,466400,16500,01-FEB-2024,
OPTIDX,NIFTY,29-Feb-2024,22550,PE,846.9,846.9,757.8,776.65,805.45,5,58.35,10600,0,01-FEB-2024,
OPTIDX,NIFTY,29-Feb-2024,22600,PE,875.9,883.35,799.2,860,847.35,41,480.77,10250,-200,01-FEB-2024,
OPTIDX,NIFTY,29-Feb-2024,22650,PE,900,923.95,900,923.95,890.05,2,23.56,5150,-50,01-FEB-2024,
OPTIDX,NIFTY,29-Feb-2024,22700,PE,977.1,977.1,899.5,945.35,933.4,33,390.13,15400,-250,01-FEB-2024,
OPTIDX,NIFTY,29-Feb-2024,22750,PE,1012.75,1012.75,986.85,986.85,977.35,2,23.74,7450,0,01-FEB-2024,
OPTIDX,NIFTY,29-Feb-2024,22800,PE,0,0,0,1047.6,1021.95,0,0,10700,0,01-FEB-2024,
OPTIDX,NIFTY,29-Feb-2024,22850,PE,1009.45,1009.45,1009.45,1009.45,1067.05,1,11.92,3300,0,01-FEB-2024,
OPTIDX,NIFTY,29-Feb-2024,22900,PE,1086.45,1142.45,1086.45,1130,1112.7,13,156.21,6550,-200,01-FEB-2024,
OPTIDX,NIFTY,29-Feb-2024,22950,PE,0,0,0,1177.85,1158.75,0,0,1250,0,01-FEB-2024,
OPTIDX,NIFTY,29-Feb-2024,23000,PE,1220,1278.3,1126,1260.6,1260.6,794,9610.87,665150,-2700,01-FEB-2024,
OPTIDX,NIFTY,29-Feb-2024,23050,PE,0,0,0,1460.8,1252.1,0,0,850,0,01-FEB-2024,
OPTIDX,NIFTY,29-Feb-2024,23100,PE,0,0,0,1452.15,1299.3,0,0,3500,0,01-FEB-2024,
OPTIDX,NIFTY,29-Feb-2024,23150,PE,0,0,0,1534.4,1346.85,0,0,250,0,01-FEB-2024,
OPTIDX,NIFTY,29-Feb-2024,23200,PE,1398.1,1458.1,1336.55,1442.7,1442.7,43,528.85,5050,-50,01-FEB-2024,
OPTIDX,NIFTY,29-Feb-2024,23250,PE,0,0,0,1629.8,1442.65,0,0,300,0,01-FEB-2024,
OPTIDX,NIFTY,29-Feb-2024,23300,PE,1433.3,1521.9,1420,1493.2,1490.9,16,198.24,5000,-500,01-FEB-2024,
OPTIDX,NIFTY,29-Feb-2024,23350,PE,0,0,0,1496.75,1539.35,0,0,200,0,01-FEB-2024,
OPTIDX,NIFTY,29-Feb-2024,23400,PE,1594.1,1627.15,1527.9,1609.95,1588,12,149.81,1850,250,01-FEB-2024,
OPTIDX,NIFTY,29-Feb-2024,23450,PE,0,0,0,2407.4,1636.8,0,0,0,0,01-FEB-2024,
OPTIDX,NIFTY,29-Feb-2024,23500,PE,1688.75,1737,1578.25,1729.55,1729.55,158,1988.86,90000,1600,01-FEB-2024,
OPTIDX,NIFTY,29-Feb-2024,23550,PE,0,0,0,2500.05,1734.7,0,0,0,0,01-FEB-2024,
OPTIDX,NIFTY,29-Feb-2024,23600,PE,1786.4,1800.95,1754.65,1754.65,1783.85,9,114.18,600,100,01-FEB-2024,
OPTIDX,NIFTY,29-Feb-2024,23650,PE,1825.7,1868.5,1768.25,1868.5,1868.5,8,101.89,600,200,01-FEB-2024,
OPTIDX,NIFTY,29-Feb-2024,23700,PE,1874.6,1904.85,1816.1,1904.85,1882.4,17,217.36,1300,100,01-FEB-2024,
OPTIDX,NIFTY,29-Feb-2024,23750,PE,1928.3,1975.75,1853.7,1975.75,1975.75,8,102.75,1650,250,01-FEB-2024,
OPTIDX,NIFTY,29-Feb-2024,23800,PE,1985.15,2014.05,1953.55,2014.05,1981.2,8,103.15,1950,0,01-FEB-2024,
OPTIDX,NIFTY,29-Feb-2024,23850,PE,2017.9,2035.85,1973.25,2035.85,2035.85,7,90.53,1750,200,01-FEB-2024,
OPTIDX,NIFTY,28-Mar-2024,14000,CE,7850,7850,7675.15,7675.15,7675.15,3,32.61,322250,50,01-FEB-2024,
OPTIDX,NIFTY,28-Mar-2024,15000,CE,6850,6850,6715.45,6715.45,6852,7,76.25,25700,200,01-FEB-2024,
OPTIDX,NIFTY,28-Mar-2024,16000,CE,5800,5800,5800,5800,5862.3,4,43.6,42100,200,01-FEB-2024,
OPTIDX,NIFTY,28-Mar-2024,17000,CE,4857.65,4945,4850,4850,4872.6,9,98.42,140350,-350,01-FEB-2024,
OPTIDX,NIFTY,28-Mar-2024,18000,CE,3870.05,3976.5,3800.25,3821.65,3821.65,162,1770.73,632850,-1800,01-FEB-2024,
OPTIDX,NIFTY,28-Mar-2024,19000,CE,2900,2991.25,2850.05,2861.5,2861.5,38,416.71,470100,-300,01-FEB-2024,
OPTIDX,NIFTY,28-Mar-2024,19500,CE,0,0,0,2517.7,2401.3,0,0,1900,0,01-FEB-2024,
OPTIDX,NIFTY,28-Mar-2024,19550,CE,0,0,0,2607.5,2352.3,0,0,0,0,01-FEB-2024,
OPTIDX,NIFTY,28-Mar-2024,19600,CE,0,0,0,2560.8,2303.35,0,0,0,0,01-FEB-2024,
OPTIDX,NIFTY,28-Mar-2024,19650,CE,0,0,0,2514.3,2254.55,0,0,0,0,01-FEB-2024,
OPTIDX,NIFTY,28-Mar-2024,19700,CE,0,0,0,2467.95,2205.8,0,0,0,0,01-FEB-2024,
OPTIDX,NIFTY,28-Mar-2024,19750,CE,0,0,0,2421.85,2157.15,0,0,0,0,01-FEB-2024,
OPTIDX,NIFTY,28-Mar-2024,19800,CE,0,0,0,1950,2108.6,0,0,950,0,01-FEB-2024,
OPTIDX,NIFTY,28-Mar-2024,19850,CE,0,0,0,2330.25,2060.2,0,0,0,0,01-FEB-2024,
OPTIDX,NIFTY,28-Mar-2024,19900,CE,2023.3,2027.8,2023.3,2027.8,2011.95,4,43.85,200,200,01-FEB-2024,
OPTIDX,NIFTY,28-Mar-2024,19950,CE,0,0,0,2239.55,1963.85,0,0,0,0,01-FEB-2024,
OPTIDX,NIFTY,28-Mar-2024,20000,CE,1924.95,2083.7,1900,1915.1,1915.1,244,2682.23,463050,-4050,01-FEB-2024,
OPTIDX,NIFTY,28-Mar-2024,20050,CE,0,0,0,2149.85,1868.15,0,0,0,0,01-FEB-2024,
OPTIDX,NIFTY,28-Mar-2024,20100,CE,0,0,0,1954.55,1820.6,0,0,100,0,01-FEB-2024,
OPTIDX,NIFTY,28-Mar-2024,20150,CE,0,0,0,2061.25,1773.25,0,0,0,0,01-FEB-2024,
OPTIDX,NIFTY,28-Mar-2024,20200,CE,1773.65,1798.85,1773.65,1798.85,1726.15,4,43.97,250,100,01-FEB-2024,
OPTIDX,NIFTY,28-Mar-2024,20250,CE,0,0,0,1355.8,1679.3,0,0,50,0,01-FEB-2024,
OPTIDX,NIFTY,28-Mar-2024,20300,CE,1662.35,1680.85,1662.35,1680.85,1632.75,4,43.94,400,50,01-FEB-2024,
OPTIDX,NIFTY,28-Mar-2024,20350,CE,0,0,0,1339.55,1586.5,0,0,400,0,01-FEB-2024,
OPTIDX,NIFTY,28-Mar-2024,20400,CE,0,0,0,1656.8,1540.55,0,0,300,0,01-FEB-2024,
OPTIDX,NIFTY,28-Mar-2024,20450,CE,0,0,0,1208.75,1495,0,0,100,0,01-FEB-2024,
OPTIDX,NIFTY,28-Mar-2024,20500,CE,1526.05,1612,1460,1465.4,1465.4,64,704.43,63200,1250,01-FEB-2024,
OPTIDX,NIFTY,28-Mar-2024,20550,CE,0,0,0,1362.95,1405,0,0,1100,0,01-FEB-2024,
OPTIDX,NIFTY,28-Mar-2024,20600,CE,1440.35,1443.8,1440.35,1443.8,1360.6,2,22.04,4050,0,01-FEB-2024,
OPTIDX,NIFTY,28-Mar-2024,20650,CE,0,0,0,1373.2,1316.65,0,0,500,0,01-FEB-2024,
OPTIDX,NIFTY,28-Mar-2024,20700,CE,1338.75,1374.45,1277.5,1292.7,1292.7,9,99.18,1750,400,01-FEB-2024,
OPTIDX,NIFTY,28-Mar-2024,20750,CE,0,0,0,1356.4,1230.25,0,0,800,0,01-FEB-2024,
OPTIDX,NIFTY,28-Mar-2024,20800,CE,1230,1230,1230,1230,1187.85,3,33.04,1850,150,01-FEB-2024,
OPTIDX,NIFTY,28-Mar-2024,20850,CE,0,0,0,1225.75,1146,0,0,250,0,01-FEB-2024,
OPTIDX,NIFTY,28-Mar-2024,20900,CE,1179.55,1214.3,1150,1150,1104.75,13,143.65,2100,500,01-FEB-2024,
OPTIDX,NIFTY,28-Mar-2024,20950,CE,0,0,0,1143.1,1064.1,0,0,250,0,01-FEB-2024,
OPTIDX,NIFTY,28-Mar-2024,21000,CE,1121,1210,1039.8,1054.55,1054.55,696,7688.99,1206350,-6600,01-FEB-2024,
OPTIDX,NIFTY,28-Mar-2024,21050,CE,1038.35,1038.35,1038.35,1038.35,984.7,1,11.04,650,50,01-FEB-2024,
OPTIDX,NIFTY,28-Mar-2024,21100,CE,1038.9,1041.35,970,970,970,10,110.61,7950,-300,01-FEB-2024,
OPTIDX,NIFTY,28-Mar-2024,21150,CE,0,0,0,882.4,908.1,0,0,350,0,01-FEB-2024,
OPTIDX,NIFTY,28-Mar-2024,21200,CE,1013.3,1025.3,896.7,899.55,899.55,32,354.09,26700,-250,01-FEB-2024,
OPTIDX,NIFTY,28-Mar-2024,21250,CE,866.55,866.55,858.7,862.65,862.65,10,110.56,1250,-200,01-FEB-2024,
OPTIDX,NIFTY,28-Mar-2024,21300,CE,880,953.75,849.2,853,798.8,46,509.83,30200,-1000,01-FEB-2024,
OPTIDX,NIFTY,28-Mar-2024,21350,CE,870.6,870.6,846.05,868.15,763.95,4,44.42,2750,-150,01-FEB-2024,
OPTIDX,NIFTY,28-Mar-2024,21400,CE,828,900,760,764.65,764.65,33,366.62,35300,50,01-FEB-2024,
OPTIDX,NIFTY,28-Mar-2024,21450,CE,0,0,0,808.65,696.75,0,0,3800,0,01-FEB-2024,
OPTIDX,NIFTY,28-Mar-2024,21500,CE,767,834,683,694.5,694.5,2139,23797.8,157100,-7750,01-FEB-2024,
OPTIDX,NIFTY,28-Mar-2024,21550,CE,720.5,793.9,651.2,656.75,656.75,52,578.59,9200,1450,01-FEB-2024,
OPTIDX,NIFTY,28-Mar-2024,21600,CE,698.5,762.1,623,631.8,631.8,588,6551.42,65500,1850,01-FEB-2024,
OPTIDX,NIFTY,28-Mar-2024,21650,CE,679.45,715.8,610,610,572.65,62,691.41,7350,1500,01-FEB-2024,
OPTIDX,NIFTY,28-Mar-2024,21700,CE,666,692.85,565.9,573.75,573.75,1321,14741.25,59500,14000,01-FEB-2024,
OPTIDX,NIFTY,28-Mar-2024,21750,CE,635.55,666.9,533.25,547.8,547.8,95,1061.89,9100,1550,01-FEB-2024,
OPTIDX,NIFTY,28-Mar-2024,21800,CE,585.6,641,508.3,515.95,515.95,1495,16715.88,57050,-3900,01-FEB-2024,
OPTIDX,NIFTY,28-Mar-2024,21850,CE,610.2,610.2,487.3,490.8,490.8,24,268.22,1700,150,01-FEB-2024,
OPTIDX,NIFTY,28-Mar-2024,21900,CE,530,581.95,454.45,463.25,463.25,402,4504.88,69650,1050,01-FEB-2024,
OPTIDX,NIFTY,28-Mar-2024,21950,CE,528,528,434.3,440.3,440.3,47,526.61,3850,750,01-FEB-2024,
OPTIDX,NIFTY,28-Mar-2024,22000,CE,485.05,527.8,403.05,412.3,412.3,7173,80543.28,1045400,22300,01-FEB-2024,
OPTIDX,NIFTY,28-Mar-2024,22050,CE,431.05,431.05,395.1,407.75,367.85,42,471.62,11150,-400,01-FEB-2024,
OPTIDX,NIFTY,28-Mar-2024,22100,CE,428.55,472.9,359.25,363.1,363.1,383,4311.64,52400,950,01-FEB-2024,
OPTIDX,NIFTY,28-Mar-2024,22150,CE,430,430,336.6,339.95,339.95,77,867.53,4050,-2350,01-FEB-2024,
OPTIDX,NIFTY,28-Mar-2024,22200,CE,372.85,419.95,314,317.8,317.8,834,9411.99,96750,300,01-FEB-2024,
OPTIDX,NIFTY,28-Mar-2024,22250,CE,351.3,381.95,301.2,303.65,303.65,34,383.96,3150,-300,01-FEB-2024,
OPTIDX,NIFTY,28-Mar-2024,22300,CE,333,373.55,273.25,278.95,278.95,901,10186.77,63650,10200,01-FEB-2024,
OPTIDX,NIFTY,28-Mar-2024,22350,CE,311.2,350,260.45,262.7,262.7,51,577.3,3550,450,01-FEB-2024,
OPTIDX,NIFTY,28-Mar-2024,22400,CE,298.45,336.1,241,244,244,561,6363.09,36800,-1000,01-FEB-2024,
OPTIDX,NIFTY,28-Mar-2024,22450,CE,280.05,306.9,229.65,229.95,229.95,145,1646.85,8750,3600,01-FEB-2024,
OPTIDX,NIFTY,28-Mar-2024,22500,CE,267.55,297.15,208.85,213.7,213.7,5638,64130.69,419900,10700,01-FEB-2024,
OPTIDX,NIFTY,28-Mar-2024,22550,CE,244.15,274.5,195.7,198.8,198.8,1008,11484.08,49100,34650,01-FEB-2024,
OPTIDX,NIFTY,28-Mar-2024,22600,CE,228.05,254.5,180,183.3,183.3,398,4540.56,27050,-1000,01-FEB-2024,
OPTIDX,NIFTY,28-Mar-2024,22650,CE,210,232.3,168.45,168.45,168.45,61,696.73,5000,650,01-FEB-2024,
OPTIDX,NIFTY,28-Mar-2024,22700,CE,197.95,225.25,152.55,155.6,155.6,968,11072.29,67800,4100,01-FEB-2024,
OPTIDX,NIFTY,28-Mar-2024,22750,CE,195.7,198.5,131.4,143.95,143.95,125,1431.98,11250,2250,01-FEB-2024,
OPTIDX,NIFTY,28-Mar-2024,22800,CE,176.4,196.05,130.15,132.3,132.3,1043,11973.55,142600,11650,01-FEB-2024,
OPTIDX,NIFTY,28-Mar-2024,22850,CE,159.8,180.65,122.1,123.75,123.75,83,954.78,8250,750,01-FEB-2024,
OPTIDX,NIFTY,28-Mar-2024,22900,CE,149.5,167.6,113,114.45,114.45,623,7174.88,49750,8250,01-FEB-2024,
OPTIDX,NIFTY,28-Mar-2024,22950,CE,140.45,160.75,104.5,107.85,107.85,342,3946.79,36450,250,01-FEB-2024,
OPTIDX,NIFTY,28-Mar-2024,23000,CE,136.05,148.9,98.55,100.4,100.4,11545,133469.09,955900,92000,01-FEB-2024,
OPTIDX,NIFTY,28-Mar-2024,23050,CE,122,129.45,90.2,90.9,90.9,73,845.06,3900,1450,01-FEB-2024,
OPTIDX,NIFTY,28-Mar-2024,23100,CE,113.4,126.5,83.6,84.75,84.75,439,5092.85,25000,5950,01-FEB-2024,
OPTIDX,NIFTY,28-Mar-2024,23150,CE,106.85,111.65,78.25,78.25,78.25,79,918.16,2750,900,01-FEB-2024,
OPTIDX,NIFTY,28-Mar-2024,23200,CE,102.2,109.9,71.35,72.45,72.45,624,7265.84,27300,5700,01-FEB-2024,
OPTIDX,NIFTY,28-Mar-2024,23250,CE,95.7,100.75,65.95,66.6,66.6,64,746.56,2500,-50,01-FEB-2024,
OPTIDX,NIFTY,28-Mar-2024,23300,CE,88.95,94.55,60.8,61.95,61.95,856,10003.17,40050,7900,01-FEB-2024,
OPTIDX,NIFTY,28-Mar-2024,23350,CE,76.75,84.35,56.5,56.9,56.9,53,620.54,1650,200,01-FEB-2024,
OPTIDX,NIFTY,28-Mar-2024,23400,CE,76,81.35,52.1,52.9,52.9,455,5338.52,18250,1700,01-FEB-2024,
OPTIDX,NIFTY,28-Mar-2024,23450,CE,65.75,71.35,48.7,49.45,49.45,47,552.44,3000,100,01-FEB-2024,
OPTIDX,NIFTY,28-Mar-2024,23500,CE,66.15,71,44.8,45.8,45.8,6234,73420.52,204850,10050,01-FEB-2024,
OPTIDX,NIFTY,28-Mar-2024,23550,CE,57.7,63.95,43.05,43.05,43.05,64,755.22,1500,-450,01-FEB-2024,
OPTIDX,NIFTY,28-Mar-2024,23600,CE,57.6,61.85,39.45,40.35,40.35,234,2766.77,12600,3250,01-FEB-2024,
OPTIDX,NIFTY,28-Mar-2024,23650,CE,54,54,36.4,37.45,37.45,132,1563.95,5050,-600,01-FEB-2024,
OPTIDX,NIFTY,28-Mar-2024,23700,CE,50.2,50.9,34.7,35.2,35.2,172,2041.75,5400,-100,01-FEB-2024,
OPTIDX,NIFTY,28-Mar-2024,23750,CE,47.2,47.2,33,34.2,34.2,84,999.05,3050,1400,01-FEB-2024,
OPTIDX,NIFTY,28-Mar-2024,23800,CE,47,48.5,22.1,29.55,29.55,523,6232.61,12650,1600,01-FEB-2024,
OPTIDX,NIFTY,28-Mar-2024,23850,CE,41.75,42.45,25,30.05,30.05,308,3678.31,9700,-550,01-FEB-2024,
OPTIDX,NIFTY,28-Mar-2024,24000,CE,35.1,35.35,24.15,25.2,25.2,4137,49703.16,793900,22200,01-FEB-2024,
OPTIDX,NIFTY,28-Mar-2024,25000,CE,15.75,20,13.05,13.85,13.85,1132,14158.52,363500,-2750,01-FEB-2024,
OPTIDX,NIFTY,28-Mar-2024,26000,CE,10.65,12.3,9.15,9.8,9.8,359,4668.87,151900,4150,01-FEB-2024,
OPTIDX,NIFTY,28-Mar-2024,27000,CE,8,8.3,5.25,6.8,6.8,87,1174.8,19400,2550,01-FEB-2024,
OPTIDX,NIFTY,28-Mar-2024,14000,PE,3.95,4.25,3.75,4,4,3,21,132700,150,01-FEB-2024,
OPTIDX,NIFTY,28-Mar-2024,15000,PE,5.05,5.05,4.6,4.7,4.7,7,52.51,8550,150,01-FEB-2024,
OPTIDX,NIFTY,28-Mar-2024,16000,PE,3.05,3.05,3.05,3.05,3.05,3,24,179350,0,01-FEB-2024,
OPTIDX,NIFTY,28-Mar-2024,17000,PE,11,12.4,10,10.95,10.95,405,3444.84,326800,-5900,01-FEB-2024,
OPTIDX,NIFTY,28-Mar-2024,18000,PE,16,17.95,13.25,14,14,1180,10628.67,894300,-3650,01-FEB-2024,
OPTIDX,NIFTY,28-Mar-2024,19000,PE,23.45,23.95,20,20.65,20.65,1959,18631.53,1322200,-2300,01-FEB-2024,
OPTIDX,NIFTY,28-Mar-2024,19500,PE,32.8,34.6,26.55,28.25,28.25,2308,22537.69,100450,11650,01-FEB-2024,
OPTIDX,NIFTY,28-Mar-2024,19550,PE,0,0,0,44.35,3.45,0,0,1150,0,01-FEB-2024,
OPTIDX,NIFTY,28-Mar-2024,19600,PE,33,40,29.4,32.55,32.55,312,3062.64,21650,-650,01-FEB-2024,
OPTIDX,NIFTY,28-Mar-2024,19650,PE,0,0,0,60,4.65,0,0,1350,0,01-FEB-2024,
OPTIDX,NIFTY,28-Mar-2024,19700,PE,40.9,41,28.9,33,33,1127,11120.52,104450,20800,01-FEB-2024,
OPTIDX,NIFTY,28-Mar-2024,19750,PE,0,0,0,51,6.2,0,0,750,0,01-FEB-2024,
OPTIDX,NIFTY,28-Mar-2024,19800,PE,44.55,46.5,36.9,37.8,37.8,1195,11855.29,149700,6250,01-FEB-2024,
OPTIDX,NIFTY,28-Mar-2024,19850,PE,0,0,0,66.85,8.25,0,0,200,0,01-FEB-2024,
OPTIDX,NIFTY,28-Mar-2024,19900,PE,51.6,53.15,42.45,44,44,760,7579.72,164300,11650,01-FEB-2024,
OPTIDX,NIFTY,28-Mar-2024,19950,PE,0,0,0,52,10.85,0,0,0,0,01-FEB-2024,
OPTIDX,NIFTY,28-Mar-2024,20000,PE,62.05,64.95,50.6,52.5,52.5,11714,117466.76,2418350,73150,01-FEB-2024,
OPTIDX,NIFTY,28-Mar-2024,20050,PE,0,0,0,60.5,14.1,0,0,0,0,01-FEB-2024,
OPTIDX,NIFTY,28-Mar-2024,20100,PE,65.75,72.9,54.5,56.85,56.85,592,5967.17,170100,8300,01-FEB-2024,
OPTIDX,NIFTY,28-Mar-2024,20150,PE,70.6,71,58.45,59.2,59.2,96,970.25,2550,-100,01-FEB-2024,
OPTIDX,NIFTY,28-Mar-2024,20200,PE,73,74.7,60.9,62.85,62.85,2400,24319.48,209750,-31400,01-FEB-2024,
OPTIDX,NIFTY,28-Mar-2024,20250,PE,0,0,0,51.1,23.2,0,0,100,0,01-FEB-2024,
OPTIDX,NIFTY,28-Mar-2024,20300,PE,84.45,86.85,69.45,71.05,71.05,995,10136.28,28100,20600,01-FEB-2024,
OPTIDX,NIFTY,28-Mar-2024,20350,PE,89.65,89.9,75.35,77.35,77.35,74,756.01,5200,700,01-FEB-2024,
OPTIDX,NIFTY,28-Mar-2024,20400,PE,92.9,96.75,78.2,80.5,80.5,941,9638.2,200300,9850,01-FEB-2024,
OPTIDX,NIFTY,28-Mar-2024,20450,PE,0,0,0,104,36.85,0,0,1150,0,01-FEB-2024,
OPTIDX,NIFTY,28-Mar-2024,20500,PE,110,125.4,91.65,95.4,95.4,7659,78890.34,813300,61250,01-FEB-2024,
OPTIDX,NIFTY,28-Mar-2024,20550,PE,0,0,0,120.45,45.8,0,0,2200,0,01-FEB-2024,
OPTIDX,NIFTY,28-Mar-2024,20600,PE,119.45,123.95,101.9,104.95,104.95,687,7113.39,151700,950,01-FEB-2024,
OPTIDX,NIFTY,28-Mar-2024,20650,PE,50.1,50.1,50.1,50.1,56.45,1,10.35,7800,50,01-FEB-2024,
OPTIDX,NIFTY,28-Mar-2024,20700,PE,130.95,136.55,114.5,117.6,117.6,1374,14305.16,155900,13900,01-FEB-2024,
OPTIDX,NIFTY,28-Mar-2024,20750,PE,142.65,144.55,123.2,126.4,126.4,204,2129.66,13600,2050,01-FEB-2024,
OPTIDX,NIFTY,28-Mar-2024,20800,PE,149.25,154,130.2,135.9,135.9,1187,12427.6,135200,-3350,01-FEB-2024,
OPTIDX,NIFTY,28-Mar-2024,20850,PE,156.25,163.25,140.2,144.75,144.75,189,1984.21,6150,950,01-FEB-2024,
OPTIDX,NIFTY,28-Mar-2024,20900,PE,173.45,173.8,148.5,154.9,154.9,570,6001.46,94900,6350,01-FEB-2024,
OPTIDX,NIFTY,28-Mar-2024,20950,PE,182.8,185.15,160,165.2,165.2,322,3400.27,14100,5000,01-FEB-2024,
OPTIDX,NIFTY,28-Mar-2024,21000,PE,190,200.75,170,176.6,176.6,18727,198320.07,2300000,241450,01-FEB-2024,
OPTIDX,NIFTY,28-Mar-2024,21050,PE,174.6,174.6,174.6,174.6,174.6,1,10.61,8950,-50,01-FEB-2024,
OPTIDX,NIFTY,28-Mar-2024,21100,PE,215.8,217.6,190,196,196,744,7922.85,64300,5800,01-FEB-2024,
OPTIDX,NIFTY,28-Mar-2024,21150,PE,200.25,210.1,200.25,207.7,207.7,8,85.42,3150,200,01-FEB-2024,
OPTIDX,NIFTY,28-Mar-2024,21200,PE,237,249.95,210.2,220.15,220.15,1053,11278.07,56450,5950,01-FEB-2024,
OPTIDX,NIFTY,28-Mar-2024,21250,PE,254.1,254.75,221.6,233.5,233.5,130,1396.57,4400,350,01-FEB-2024,
OPTIDX,NIFTY,28-Mar-2024,21300,PE,259,268,233.1,248.1,248.1,761,8198.72,59650,-1000,01-FEB-2024,
OPTIDX,NIFTY,28-Mar-2024,21350,PE,277.45,282.75,251.95,259.25,259.25,56,605.23,20700,150,01-FEB-2024,
OPTIDX,NIFTY,28-Mar-2024,21400,PE,288.55,296.5,258.15,276.45,276.45,781,8463.39,68450,2050,01-FEB-2024,
OPTIDX,NIFTY,28-Mar-2024,21450,PE,304.5,310.5,273.3,293.15,293.15,72,782.64,8200,1150,01-FEB-2024,
OPTIDX,NIFTY,28-Mar-2024,21500,PE,315.05,329.3,283.65,306.95,306.95,13828,150764.99,682500,-68350,01-FEB-2024,
OPTIDX,NIFTY,28-Mar-2024,21550,PE,338.15,346.7,306.1,328.8,328.8,80,874.95,7450,1250,01-FEB-2024,
OPTIDX,NIFTY,28-Mar-2024,21600,PE,354.8,367.5,318.8,346.25,346.25,1638,17969.85,56300,8200,01-FEB-2024,
OPTIDX,NIFTY,28-Mar-2024,21650,PE,373.25,380.85,343.85,370,370,75,825.32,5100,650,01-FEB-2024,
OPTIDX,NIFTY,28-Mar-2024,21700,PE,399.95,406.65,353.4,386.9,386.9,2886,31860.62,90300,27350,01-FEB-2024,
OPTIDX,NIFTY,28-Mar-2024,21750,PE,420,429.3,375,396.8,396.8,323,3577.11,9450,2700,01-FEB-2024,
OPTIDX,NIFTY,28-Mar-2024,21800,PE,439.95,445.1,390,428.3,428.3,2005,22271.88,83450,29600,01-FEB-2024,
OPTIDX,NIFTY,28-Mar-2024,21850,PE,450.45,457.8,417.65,450,450,48,534.67,2500,-150,01-FEB-2024,
OPTIDX,NIFTY,28-Mar-2024,21900,PE,474.95,488.55,432,470.45,470.45,503,5623.95,54200,1800,01-FEB-2024,
OPTIDX,NIFTY,28-Mar-2024,21950,PE,457.15,498,457.15,498,498,17,190.61,2450,300,01-FEB-2024,
OPTIDX,NIFTY,28-Mar-2024,22000,PE,530,540,473.4,521.7,521.7,6450,72590.14,926150,27950,01-FEB-2024,
OPTIDX,NIFTY,28-Mar-2024,22050,PE,504.9,530.2,504.9,524.9,493.25,39,440.23,2600,1600,01-FEB-2024,
OPTIDX,NIFTY,28-Mar-2024,22100,PE,573.95,585.05,525,568.35,568.35,148,1676.08,20700,200,01-FEB-2024,
OPTIDX,NIFTY,28-Mar-2024,22150,PE,599.3,605.6,599.3,605.6,550.05,4,45.5,700,0,01-FEB-2024,
OPTIDX,NIFTY,28-Mar-2024,22200,PE,630.95,639.05,570,626.15,626.15,271,3090.06,32300,2100,01-FEB-2024,
OPTIDX,NIFTY,28-Mar-2024,22250,PE,0,0,0,603.45,610.45,0,0,350,0,01-FEB-2024,
OPTIDX,NIFTY,28-Mar-2024,22300,PE,686.95,702,627.05,683.4,683.4,187,2147.82,10600,1950,01-FEB-2024,
OPTIDX,NIFTY,28-Mar-2024,22350,PE,686,686,686,686,674.2,1,11.51,1300,0,01-FEB-2024,
OPTIDX,NIFTY,28-Mar-2024,22400,PE,754.95,754.95,683,744.45,744.45,158,1826.52,4500,300,01-FEB-2024,
OPTIDX,NIFTY,28-Mar-2024,22450,PE,714.15,714.15,714.15,714.15,741.3,1,11.58,350,50,01-FEB-2024,
OPTIDX,NIFTY,28-Mar-2024,22500,PE,795.95,824,733,810.8,810.8,1057,12307.07,104850,2800,01-FEB-2024,
OPTIDX,NIFTY,28-Mar-2024,22550,PE,840.5,840.5,801.15,811.35,811.5,9,105.17,1100,0,01-FEB-2024,
OPTIDX,NIFTY,28-Mar-2024,22600,PE,871.65,876.95,815.05,865.25,847.7,17,199.43,2400,150,01-FEB-2024,
OPTIDX,NIFTY,28-Mar-2024,22650,PE,920.6,920.6,882.2,882.2,884.65,6,70.65,2800,0,01-FEB-2024,
OPTIDX,NIFTY,28-Mar-2024,22700,PE,953.8,953.85,869.75,939.6,939.6,74,874.03,4850,250,01-FEB-2024,
OPTIDX,NIFTY,28-Mar-2024,22750,PE,979.85,996.85,910.45,996.85,996.85,6,71.15,800,150,01-FEB-2024,
OPTIDX,NIFTY,28-Mar-2024,22800,PE,1012.9,1012.9,959.45,1000,999.6,16,190.29,2150,350,01-FEB-2024,
OPTIDX,NIFTY,28-Mar-2024,22850,PE,992.7,992.7,992.7,992.7,1039.2,1,11.92,1450,0,01-FEB-2024,
OPTIDX,NIFTY,28-Mar-2024,22900,PE,1100,1120,1100,1120,1120,3,36.01,2400,50,01-FEB-2024,
OPTIDX,NIFTY,28-Mar-2024,22950,PE,1117.6,1117.6,1117.5,1117.5,1120.2,2,24.06,850,100,01-FEB-2024,
OPTIDX,NIFTY,28-Mar-2024,23000,PE,1175.4,1205.05,1080,1191,1191,432,5218.34,181500,-750,01-FEB-2024,
OPTIDX,NIFTY,28-Mar-2024,23050,PE,1228.35,1228.35,1228.35,1228.35,1203.4,1,12.13,1050,0,01-FEB-2024,
OPTIDX,NIFTY,28-Mar-2024,23100,PE,0,0,0,1363.75,1245.8,0,0,400,0,01-FEB-2024,
OPTIDX,NIFTY,28-Mar-2024,23150,PE,0,0,0,1249.2,1288.65,0,0,500,0,01-FEB-2024,
OPTIDX,NIFTY,28-Mar-2024,23200,PE,1286.8,1286.8,1286.8,1286.8,1331.95,1,12.24,700,50,01-FEB-2024,
OPTIDX,NIFTY,28-Mar-2024,23250,PE,1348.75,1350.35,1326.2,1330.55,1375.7,4,49.17,350,200,01-FEB-2024,
OPTIDX,NIFTY,28-Mar-2024,23300,PE,1346.35,1346.35,1346.35,1346.35,1419.85,1,12.32,500,0,01-FEB-2024,
OPTIDX,NIFTY,28-Mar-2024,23350,PE,1372.1,1391,1372.1,1391,1464.4,2,24.73,50,50,01-FEB-2024,
OPTIDX,NIFTY,28-Mar-2024,23400,PE,0,0,0,1425.9,1509.3,0,0,0,0,01-FEB-2024,
OPTIDX,NIFTY,28-Mar-2024,23450,PE,0,0,0,1566.25,1554.55,0,0,0,0,01-FEB-2024,
OPTIDX,NIFTY,28-Mar-2024,23500,PE,1572.3,1572.3,1572.3,1572.3,1600.15,1,12.53,1300,-50,01-FEB-2024,
OPTIDX,NIFTY,28-Mar-2024,23550,PE,0,0,0,1542.3,1646.05,0,0,0,0,01-FEB-2024,
OPTIDX,NIFTY,28-Mar-2024,23600,PE,0,0,0,1581.9,1692.2,0,0,0,0,01-FEB-2024,
OPTIDX,NIFTY,28-Mar-2024,23650,PE,0,0,0,1621.9,1738.65,0,0,0,0,01-FEB-2024,
OPTIDX,NIFTY,28-Mar-2024,23700,PE,0,0,0,1662.25,1785.35,0,0,0,0,01-FEB-2024,
OPTIDX,NIFTY,28-Mar-2024,23750,PE,0,0,0,1702.95,1832.25,0,0,0,0,01-FEB-2024,
OPTIDX,NIFTY,28-Mar-2024,23800,PE,0,0,0,1744.05,1879.4,0,0,0,0,01-FEB-2024,
OPTIDX,NIFTY,28-Mar-2024,23850,PE,0,0,0,1785.45,1926.75,0,0,0,0,01-FEB-2024,
OPTIDX,NIFTY,28-Mar-2024,24000,PE,2050,2100,1960,2094.4,2094.4,145,1888.05,246550,1000,01-FEB-2024,
OPTIDX,NIFTY,28-Mar-2024,25000,PE,2980,3066.55,2900,3059.25,3059.25,124,1736.26,428250,4150,01-FEB-2024,
OPTIDX,NIFTY,28-Mar-2024,26000,PE,3900,3900,3900,3900,4034.75,1,14.95,11050,50,01-FEB-2024,
OPTIDX,NIFTY,28-Mar-2024,27000,PE,4850,4900,4850,4900,5024.4,3,47.8,700,50,01-FEB-2024,
OPTIDX,NIFTY,25-Apr-2024,19600,CE,0,0,0,2149.7,2411.8,0,0,0,0,01-FEB-2024,
OPTIDX,NIFTY,25-Apr-2024,19650,CE,0,0,0,2104.85,2364,0,0,0,0,01-FEB-2024,
OPTIDX,NIFTY,25-Apr-2024,19700,CE,0,0,0,2060.25,2316.35,0,0,0,0,01-FEB-2024,
OPTIDX,NIFTY,25-Apr-2024,19750,CE,0,0,0,2016,2268.85,0,0,0,0,01-FEB-2024,
OPTIDX,NIFTY,25-Apr-2024,19800,CE,0,0,0,1972,2221.55,0,0,0,0,01-FEB-2024,
OPTIDX,NIFTY,25-Apr-2024,19850,CE,0,0,0,1928.35,2174.4,0,0,0,0,01-FEB-2024,
OPTIDX,NIFTY,25-Apr-2024,19900,CE,0,0,0,1885,2127.45,0,0,0,0,01-FEB-2024,
OPTIDX,NIFTY,25-Apr-2024,19950,CE,0,0,0,1842,2080.7,0,0,0,0,01-FEB-2024,
OPTIDX,NIFTY,25-Apr-2024,20000,CE,0,0,0,1799.35,2034.2,0,0,0,0,01-FEB-2024,
OPTIDX,NIFTY,25-Apr-2024,20050,CE,0,0,0,1757.1,1987.9,0,0,0,0,01-FEB-2024,
OPTIDX,NIFTY,25-Apr-2024,20100,CE,0,0,0,1715.15,1941.85,0,0,0,0,01-FEB-2024,
OPTIDX,NIFTY,25-Apr-2024,20150,CE,0,0,0,1673.65,1896.1,0,0,0,0,01-FEB-2024,
OPTIDX,NIFTY,25-Apr-2024,20200,CE,0,0,0,1632.55,1850.6,0,0,0,0,01-FEB-2024,
OPTIDX,NIFTY,25-Apr-2024,20250,CE,0,0,0,1591.85,1805.4,0,0,0,0,01-FEB-2024,
OPTIDX,NIFTY,25-Apr-2024,20300,CE,0,0,0,1551.6,1760.55,0,0,0,0,01-FEB-2024,
OPTIDX,NIFTY,25-Apr-2024,20350,CE,0,0,0,1511.75,1716,0,0,0,0,01-FEB-2024,
OPTIDX,NIFTY,25-Apr-2024,20400,CE,0,0,0,1472.35,1671.8,0,0,0,0,01-FEB-2024,
OPTIDX,NIFTY,25-Apr-2024,20450,CE,0,0,0,1433.45,1627.95,0,0,0,0,01-FEB-2024,
OPTIDX,NIFTY,25-Apr-2024,20500,CE,1641.95,1641.95,1641.95,1641.95,1584.5,2,22.14,100,100,01-FEB-2024,
OPTIDX,NIFTY,25-Apr-2024,20550,CE,0,0,0,1357.05,1541.45,0,0,0,0,01-FEB-2024,
OPTIDX,NIFTY,25-Apr-2024,20600,CE,0,0,0,1319.6,1498.8,0,0,0,0,01-FEB-2024,
OPTIDX,NIFTY,25-Apr-2024,20650,CE,0,0,0,1282.65,1456.6,0,0,0,0,01-FEB-2024,
OPTIDX,NIFTY,25-Apr-2024,20700,CE,0,0,0,1247,1414.9,0,0,0,0,01-FEB-2024,
OPTIDX,NIFTY,25-Apr-2024,20750,CE,0,0,0,1211,1373.6,0,0,0,0,01-FEB-2024,
OPTIDX,NIFTY,25-Apr-2024,20800,CE,0,0,0,1174.75,1332.85,0,0,0,0,01-FEB-2024,
OPTIDX,NIFTY,25-Apr-2024,20850,CE,0,0,0,1139.95,1292.55,0,0,0,0,01-FEB-2024,
OPTIDX,NIFTY,25-Apr-2024,20900,CE,0,0,0,1105.75,1252.85,0,0,0,0,01-FEB-2024,
OPTIDX,NIFTY,25-Apr-2024,20950,CE,0,0,0,1072.05,1213.65,0,0,0,0,01-FEB-2024,
OPTIDX,NIFTY,25-Apr-2024,21000,CE,1255.95,1366.85,1230,1230,1230,20,222.98,3250,350,01-FEB-2024,
OPTIDX,NIFTY,25-Apr-2024,21050,CE,0,0,0,1006.45,1136.95,0,0,0,0,01-FEB-2024,
OPTIDX,NIFTY,25-Apr-2024,21100,CE,0,0,0,974.55,1099.5,0,0,0,0,01-FEB-2024,
OPTIDX,NIFTY,25-Apr-2024,21150,CE,0,0,0,943.2,1062.6,0,0,0,0,01-FEB-2024,
OPTIDX,NIFTY,25-Apr-2024,21200,CE,0,0,0,912.45,1026.4,0,0,0,0,01-FEB-2024,
OPTIDX,NIFTY,25-Apr-2024,21250,CE,0,0,0,882.35,990.8,0,0,0,0,01-FEB-2024,
OPTIDX,NIFTY,25-Apr-2024,21300,CE,0,0,0,852.8,955.85,0,0,0,0,01-FEB-2024,
OPTIDX,NIFTY,25-Apr-2024,21350,CE,0,0,0,823.9,921.55,0,0,0,0,01-FEB-2024,
OPTIDX,NIFTY,25-Apr-2024,21400,CE,0,0,0,795.6,887.95,0,0,0,0,01-FEB-2024,
OPTIDX,NIFTY,25-Apr-2024,21450,CE,0,0,0,767.95,855,0,0,0,0,01-FEB-2024,
OPTIDX,NIFTY,25-Apr-2024,21500,CE,943.05,999,873,875.8,875.8,62,695.57,5400,300,01-FEB-2024,
OPTIDX,NIFTY,25-Apr-2024,21550,CE,0,0,0,714.45,791.25,0,0,0,0,01-FEB-2024,
OPTIDX,NIFTY,25-Apr-2024,21600,CE,850,850,850,850,760.45,1,11.22,550,-50,01-FEB-2024,
OPTIDX,NIFTY,25-Apr-2024,21650,CE,0,0,0,663.45,730.35,0,0,0,0,01-FEB-2024,
OPTIDX,NIFTY,25-Apr-2024,21700,CE,814.55,814.55,728.5,741.3,741.3,9,101.13,250,150,01-FEB-2024,
OPTIDX,NIFTY,25-Apr-2024,21750,CE,0,0,0,614.8,672.35,0,0,0,0,01-FEB-2024,
OPTIDX,NIFTY,25-Apr-2024,21800,CE,0,0,0,591.45,644.45,0,0,0,0,01-FEB-2024,
OPTIDX,NIFTY,25-Apr-2024,21850,CE,0,0,0,568.75,617.3,0,0,0,0,01-FEB-2024,
OPTIDX,NIFTY,25-Apr-2024,21900,CE,0,0,0,546.6,590.85,0,0,0,0,01-FEB-2024,
OPTIDX,NIFTY,25-Apr-2024,21950,CE,0,0,0,525.1,565.15,0,0,0,0,01-FEB-2024,
OPTIDX,NIFTY,25-Apr-2024,22000,CE,650.05,699.7,580.55,589.05,589.05,291,3294.06,23500,4450,01-FEB-2024,
OPTIDX,NIFTY,25-Apr-2024,22050,CE,0,0,0,441.9,516.05,0,0,100,0,01-FEB-2024,
OPTIDX,NIFTY,25-Apr-2024,22100,CE,628.05,636,535,535,535,8,90.72,50,0,01-FEB-2024,
OPTIDX,NIFTY,25-Apr-2024,22150,CE,0,0,0,445,469.85,0,0,0,0,01-FEB-2024,
OPTIDX,NIFTY,25-Apr-2024,22200,CE,0,0,0,426.45,447.85,0,0,0,0,01-FEB-2024,
OPTIDX,NIFTY,25-Apr-2024,22250,CE,0,0,0,408.45,426.55,0,0,0,0,01-FEB-2024,
OPTIDX,NIFTY,25-Apr-2024,22300,CE,499.7,499.7,460,460,406,11,125.3,500,400,01-FEB-2024,
OPTIDX,NIFTY,25-Apr-2024,22350,CE,0,0,0,374.2,386.15,0,0,0,0,01-FEB-2024,
OPTIDX,NIFTY,25-Apr-2024,22400,CE,0,0,0,357.85,367,0,0,0,0,01-FEB-2024,
OPTIDX,NIFTY,25-Apr-2024,22450,CE,0,0,0,342.1,348.55,0,0,0,0,01-FEB-2024,
OPTIDX,NIFTY,25-Apr-2024,22500,CE,401,433.7,354.9,360.45,360.45,128,1464.11,6900,1050,01-FEB-2024,
OPTIDX,NIFTY,25-Apr-2024,22550,CE,0,0,0,312.15,313.7,0,0,0,0,01-FEB-2024,
OPTIDX,NIFTY,25-Apr-2024,22600,CE,0,0,0,297.95,297.3,0,0,0,0,01-FEB-2024,
OPTIDX,NIFTY,25-Apr-2024,22650,CE,0,0,0,284.25,281.5,0,0,0,0,01-FEB-2024,
OPTIDX,NIFTY,25-Apr-2024,22700,CE,0,0,0,271.05,266.4,0,0,0,0,01-FEB-2024,
OPTIDX,NIFTY,25-Apr-2024,22750,CE,0,0,0,258.3,251.85,0,0,0,0,01-FEB-2024,
OPTIDX,NIFTY,25-Apr-2024,22800,CE,314.5,314.5,270,270,237.95,3,34.64,150,50,01-FEB-2024,
OPTIDX,NIFTY,25-Apr-2024,22850,CE,0,0,0,235.4,224.65,0,0,0,0,01-FEB-2024,
OPTIDX,NIFTY,25-Apr-2024,22900,CE,0,0,0,223.25,211.95,0,0,0,0,01-FEB-2024,
OPTIDX,NIFTY,25-Apr-2024,22950,CE,0,0,0,212.35,199.8,0,0,0,0,01-FEB-2024,
OPTIDX,NIFTY,25-Apr-2024,23000,CE,238.75,255.45,202.1,207.95,207.95,409,4747.93,36550,6400,01-FEB-2024,
OPTIDX,NIFTY,25-Apr-2024,23050,CE,0,0,0,191.9,177.15,0,0,0,0,01-FEB-2024,
OPTIDX,NIFTY,25-Apr-2024,23100,CE,181,190.1,181,190.1,166.65,4,46.56,150,150,01-FEB-2024,
OPTIDX,NIFTY,25-Apr-2024,23150,CE,0,0,0,173.05,156.6,0,0,0,0,01-FEB-2024,
OPTIDX,NIFTY,25-Apr-2024,23200,CE,0,0,0,164.2,147.05,0,0,0,0,01-FEB-2024,
OPTIDX,NIFTY,25-Apr-2024,23250,CE,0,0,0,155.7,138,0,0,0,0,01-FEB-2024,
OPTIDX,NIFTY,25-Apr-2024,23300,CE,0,0,0,147.6,129.4,0,0,0,0,01-FEB-2024,
OPTIDX,NIFTY,25-Apr-2024,23350,CE,0,0,0,139.85,121.25,0,0,0,0,01-FEB-2024,
OPTIDX,NIFTY,25-Apr-2024,23400,CE,0,0,0,132.45,113.55,0,0,0,0,01-FEB-2024,
OPTIDX,NIFTY,25-Apr-2024,23450,CE,0,0,0,125.35,106.2,0,0,0,0,01-FEB-2024,
OPTIDX,NIFTY,25-Apr-2024,23500,CE,142.55,142.55,102.2,104.55,104.55,215,2538.33,14150,6600,01-FEB-2024,
OPTIDX,NIFTY,25-Apr-2024,19600,PE,0,0,0,52.8,12.2,0,0,0,0,01-FEB-2024,
OPTIDX,NIFTY,25-Apr-2024,19650,PE,0,0,0,57.1,13.65,0,0,0,0,01-FEB-2024,
OPTIDX,NIFTY,25-Apr-2024,19700,PE,0,0,0,45,15.25,0,0,100,0,01-FEB-2024,
OPTIDX,NIFTY,25-Apr-2024,19750,PE,0,0,0,74,17,0,0,350,0,01-FEB-2024,
OPTIDX,NIFTY,25-Apr-2024,19800,PE,0,0,0,71.65,18.9,0,0,0,0,01-FEB-2024,
OPTIDX,NIFTY,25-Apr-2024,19850,PE,0,0,0,46,21,0,0,50,0,01-FEB-2024,
OPTIDX,NIFTY,25-Apr-2024,19900,PE,0,0,0,82.85,23.25,0,0,0,0,01-FEB-2024,
OPTIDX,NIFTY,25-Apr-2024,19950,PE,0,0,0,89,25.75,0,0,0,0,01-FEB-2024,
OPTIDX,NIFTY,25-Apr-2024,20000,PE,95,96,79,81.4,81.4,731,7340.69,55800,15600,01-FEB-2024,
OPTIDX,NIFTY,25-Apr-2024,20050,PE,0,0,0,102.3,31.4,0,0,0,0,01-FEB-2024,
OPTIDX,NIFTY,25-Apr-2024,20100,PE,45.1,45.1,45.1,45.1,34.6,1,10.07,50,50,01-FEB-2024,
OPTIDX,NIFTY,25-Apr-2024,20150,PE,0,0,0,117.15,38.05,0,0,0,0,01-FEB-2024,
OPTIDX,NIFTY,25-Apr-2024,20200,PE,0,0,0,125.15,41.8,0,0,0,0,01-FEB-2024,
OPTIDX,NIFTY,25-Apr-2024,20250,PE,0,0,0,133.55,45.85,0,0,0,0,01-FEB-2024,
OPTIDX,NIFTY,25-Apr-2024,20300,PE,0,0,0,142.4,50.2,0,0,0,0,01-FEB-2024,
OPTIDX,NIFTY,25-Apr-2024,20350,PE,0,0,0,151.7,54.85,0,0,0,0,01-FEB-2024,
OPTIDX,NIFTY,25-Apr-2024,20400,PE,0,0,0,161.45,59.9,0,0,0,0,01-FEB-2024,
OPTIDX,NIFTY,25-Apr-2024,20450,PE,0,0,0,171.65,65.3,0,0,0,0,01-FEB-2024,
OPTIDX,NIFTY,25-Apr-2024,20500,PE,154,158.7,130,135.55,135.55,392,4045.38,29150,12300,01-FEB-2024,
OPTIDX,NIFTY,25-Apr-2024,20550,PE,0,0,0,193.5,77.25,0,0,0,0,01-FEB-2024,
OPTIDX,NIFTY,25-Apr-2024,20600,PE,0,0,0,205.2,83.85,0,0,0,0,01-FEB-2024,
OPTIDX,NIFTY,25-Apr-2024,20650,PE,0,0,0,217.35,90.85,0,0,0,0,01-FEB-2024,
OPTIDX,NIFTY,25-Apr-2024,20700,PE,0,0,0,230.8,98.35,0,0,0,0,01-FEB-2024,
OPTIDX,NIFTY,25-Apr-2024,20750,PE,0,0,0,243.95,106.3,0,0,0,0,01-FEB-2024,
OPTIDX,NIFTY,25-Apr-2024,20800,PE,0,0,0,256.8,114.75,0,0,0,0,01-FEB-2024,
OPTIDX,NIFTY,25-Apr-2024,20850,PE,0,0,0,271.15,123.75,0,0,0,0,01-FEB-2024,
OPTIDX,NIFTY,25-Apr-2024,20900,PE,0,0,0,286.05,133.25,0,0,0,0,01-FEB-2024,
OPTIDX,NIFTY,25-Apr-2024,20950,PE,0,0,0,301.5,143.25,0,0,0,0,01-FEB-2024,
OPTIDX,NIFTY,25-Apr-2024,21000,PE,256.15,257.45,217.55,229.25,229.25,690,7324.38,42350,13050,01-FEB-2024,
OPTIDX,NIFTY,25-Apr-2024,21050,PE,0,0,0,334.1,165.05,0,0,0,0,01-FEB-2024,
OPTIDX,NIFTY,25-Apr-2024,21100,PE,0,0,0,351.3,176.8,0,0,0,0,01-FEB-2024,
OPTIDX,NIFTY,25-Apr-2024,21150,PE,0,0,0,369.1,189.15,0,0,0,0,01-FEB-2024,
OPTIDX,NIFTY,25-Apr-2024,21200,PE,0,0,0,387.5,202.15,0,0,0,0,01-FEB-2024,
OPTIDX,NIFTY,25-Apr-2024,21250,PE,0,0,0,406.5,215.8,0,0,0,0,01-FEB-2024,
OPTIDX,NIFTY,25-Apr-2024,21300,PE,0,0,0,426.1,230.05,0,0,0,0,01-FEB-2024,
OPTIDX,NIFTY,25-Apr-2024,21350,PE,0,0,0,446.3,245,0,0,0,0,01-FEB-2024,
OPTIDX,NIFTY,25-Apr-2024,21400,PE,325,354.95,323.05,326.9,326.9,31,336.88,1250,850,01-FEB-2024,
OPTIDX,NIFTY,25-Apr-2024,21450,PE,0,0,0,488.6,276.95,0,0,0,0,01-FEB-2024,
OPTIDX,NIFTY,25-Apr-2024,21500,PE,377.45,385,344.95,368.35,368.35,308,3366.78,16250,6000,01-FEB-2024,
OPTIDX,NIFTY,25-Apr-2024,21550,PE,0,0,0,533.35,311.65,0,0,0,0,01-FEB-2024,
OPTIDX,NIFTY,25-Apr-2024,21600,PE,413,417.9,381.55,403.35,403.35,50,549.89,1800,750,01-FEB-2024,
OPTIDX,NIFTY,25-Apr-2024,21650,PE,0,0,0,580.55,349.2,0,0,0,0,01-FEB-2024,
OPTIDX,NIFTY,25-Apr-2024,21700,PE,456.8,471,412.5,437.85,437.85,32,354.37,1400,550,01-FEB-2024,
OPTIDX,NIFTY,25-Apr-2024,21750,PE,0,0,0,630.2,389.65,0,0,0,0,01-FEB-2024,
OPTIDX,NIFTY,25-Apr-2024,21800,PE,480.8,494.8,468.6,478,410.95,25,278.5,350,350,01-FEB-2024,
OPTIDX,NIFTY,25-Apr-2024,21850,PE,0,0,0,682.35,433.05,0,0,0,0,01-FEB-2024,
OPTIDX,NIFTY,25-Apr-2024,21900,PE,0,0,0,709.35,455.85,0,0,0,0,01-FEB-2024,
OPTIDX,NIFTY,25-Apr-2024,21950,PE,0,0,0,736.95,479.4,0,0,0,0,01-FEB-2024,
OPTIDX,NIFTY,25-Apr-2024,22000,PE,585.3,586.45,527,566.2,566.2,248,2797.02,18750,3200,01-FEB-2024,
OPTIDX,NIFTY,25-Apr-2024,22050,PE,0,0,0,793.95,528.7,0,0,0,0,01-FEB-2024,
OPTIDX,NIFTY,25-Apr-2024,22100,PE,0,0,0,823.35,554.45,0,0,0,0,01-FEB-2024,
OPTIDX,NIFTY,25-Apr-2024,22150,PE,0,0,0,853.35,580.95,0,0,0,0,01-FEB-2024,
OPTIDX,NIFTY,25-Apr-2024,22200,PE,0,0,0,883.9,608.2,0,0,0,0,01-FEB-2024,
OPTIDX,NIFTY,25-Apr-2024,22250,PE,0,0,0,915.05,636.15,0,0,0,0,01-FEB-2024,
OPTIDX,NIFTY,25-Apr-2024,22300,PE,0,0,0,946.75,664.8,0,0,0,0,01-FEB-2024,
OPTIDX,NIFTY,25-Apr-2024,22350,PE,0,0,0,979,694.2,0,0,0,0,01-FEB-2024,
OPTIDX,NIFTY,25-Apr-2024,22400,PE,0,0,0,1011.8,724.3,0,0,0,0,01-FEB-2024,
OPTIDX,NIFTY,25-Apr-2024,22450,PE,0,0,0,1045.15,755.05,0,0,0,0,01-FEB-2024,
OPTIDX,NIFTY,25-Apr-2024,22500,PE,781.55,828.7,763.75,809.4,809.4,30,349.53,2500,300,01-FEB-2024,
OPTIDX,NIFTY,25-Apr-2024,22550,PE,0,0,0,1113.45,818.7,0,0,0,0,01-FEB-2024,
OPTIDX,NIFTY,25-Apr-2024,22600,PE,0,0,0,1148.4,851.5,0,0,0,0,01-FEB-2024,
OPTIDX,NIFTY,25-Apr-2024,22650,PE,0,0,0,1183.8,884.95,0,0,0,0,01-FEB-2024,
OPTIDX,NIFTY,25-Apr-2024,22700,PE,0,0,0,1219.7,919.05,0,0,0,0,01-FEB-2024,
OPTIDX,NIFTY,25-Apr-2024,22750,PE,0,0,0,1256.1,953.75,0,0,0,0,01-FEB-2024,
OPTIDX,NIFTY,25-Apr-2024,22800,PE,0,0,0,1294,989.1,0,0,0,0,01-FEB-2024,
OPTIDX,NIFTY,25-Apr-2024,22850,PE,0,0,0,1331.45,1025,0,0,0,0,01-FEB-2024,
OPTIDX,NIFTY,25-Apr-2024,22900,PE,0,0,0,1368.4,1061.5,0,0,0,0,01-FEB-2024,
OPTIDX,NIFTY,25-Apr-2024,22950,PE,0,0,0,1406.65,1098.6,0,0,0,0,01-FEB-2024,
OPTIDX,NIFTY,25-Apr-2024,23000,PE,0,0,0,1445.35,1136.25,0,0,0,0,01-FEB-2024,
OPTIDX,NIFTY,25-Apr-2024,23050,PE,0,0,0,1484.45,1174.4,0,0,0,0,01-FEB-2024,
OPTIDX,NIFTY,25-Apr-2024,23100,PE,0,0,0,1523.9,1213.1,0,0,0,0,01-FEB-2024,
OPTIDX,NIFTY,25-Apr-2024,23150,PE,0,0,0,1563.8,1252.3,0,0,0,0,01-FEB-2024,
OPTIDX,NIFTY,25-Apr-2024,23200,PE,0,0,0,1604.1,1292,0,0,0,0,01-FEB-2024,
OPTIDX,NIFTY,25-Apr-2024,23250,PE,0,0,0,1644.75,1332.2,0,0,0,0,01-FEB-2024,
OPTIDX,NIFTY,25-Apr-2024,23300,PE,0,0,0,1685.75,1372.8,0,0,0,0,01-FEB-2024,
OPTIDX,NIFTY,25-Apr-2024,23350,PE,0,0,0,1727.15,1413.9,0,0,0,0,01-FEB-2024,
OPTIDX,NIFTY,25-Apr-2024,23400,PE,0,0,0,1768.85,1455.4,0,0,0,0,01-FEB-2024,
OPTIDX,NIFTY,25-Apr-2024,23450,PE,0,0,0,1810.85,1497.3,0,0,0,0,01-FEB-2024,
OPTIDX,NIFTY,25-Apr-2024,23500,PE,0,0,0,1853.25,1539.6,0,0,0,0,01-FEB-2024,
OPTIDX,NIFTY,27-Jun-2024,15000,CE,0,0,0,4599.25,7099.75,0,0,50,0,01-FEB-2024,
OPTIDX,NIFTY,27-Jun-2024,16000,CE,0,0,0,2666.1,6126.55,0,0,0,0,01-FEB-2024,
OPTIDX,NIFTY,27-Jun-2024,17000,CE,0,0,0,5010.65,5153.5,0,0,50,0,01-FEB-2024,
OPTIDX,NIFTY,27-Jun-2024,18000,CE,4150,4150,4150,4150,4181.95,2,22.15,18650,100,01-FEB-2024,
OPTIDX,NIFTY,27-Jun-2024,18500,CE,0,0,0,3554.75,3698.75,0,0,2825,0,01-FEB-2024,
OPTIDX,NIFTY,27-Jun-2024,19000,CE,3295,3299,3220,3223.75,3223.75,35,389.57,120000,-200,01-FEB-2024,
OPTIDX,NIFTY,27-Jun-2024,20000,CE,2450,2508.8,2380,2400,2299.25,42,471.28,172500,-700,01-FEB-2024,
OPTIDX,NIFTY,27-Jun-2024,21000,CE,1678.95,1738,1604.8,1610.05,1610.05,96,1088.47,351400,-850,01-FEB-2024,
OPTIDX,NIFTY,27-Jun-2024,22000,CE,1051.6,1111,985,1000.8,1000.8,754,8684.36,367150,6750,01-FEB-2024,
OPTIDX,NIFTY,27-Jun-2024,23000,CE,575,598,524.95,541.95,541.95,1096,12908.48,779500,6050,01-FEB-2024,
OPTIDX,NIFTY,27-Jun-2024,24000,CE,297.7,305.55,260,270.45,270.45,539,6543.3,255650,7500,01-FEB-2024,
OPTIDX,NIFTY,27-Jun-2024,25000,CE,148.5,148.95,121.75,125.6,125.6,375,4712.33,190000,5250,01-FEB-2024,
OPTIDX,NIFTY,27-Jun-2024,26000,CE,65.35,77,65.05,65.2,65.2,95,1238.28,37900,1700,01-FEB-2024,
OPTIDX,NIFTY,27-Jun-2024,27000,CE,0,0,0,331.6,5.2,0,0,0,0,01-FEB-2024,
OPTIDX,NIFTY,27-Jun-2024,14000,PE,0,0,0,3.05,0.05,0,0,7275,0,01-FEB-2024,
OPTIDX,NIFTY,27-Jun-2024,15000,PE,0,0,0,3.05,0.05,0,0,12425,0,01-FEB-2024,
OPTIDX,NIFTY,27-Jun-2024,16000,PE,0,0,0,3.05,0.05,0,0,37950,0,01-FEB-2024,
OPTIDX,NIFTY,27-Jun-2024,17000,PE,38,38,34.1,34.75,34.75,152,1294.74,125250,950,01-FEB-2024,
OPTIDX,NIFTY,27-Jun-2024,18000,PE,57.9,58,50.35,52,52,448,4043.89,521350,6200,01-FEB-2024,
OPTIDX,NIFTY,27-Jun-2024,19000,PE,116,127,108,112.45,112.45,1868,17851.22,804050,6550,01-FEB-2024,
OPTIDX,NIFTY,27-Jun-2024,20000,PE,225.05,236.95,222.25,226.9,226.9,1619,16373.5,1107550,2700,01-FEB-2024,
OPTIDX,NIFTY,27-Jun-2024,21000,PE,426.85,439,415,423.85,423.85,2360,25277.92,1054400,32350,01-FEB-2024,
OPTIDX,NIFTY,27-Jun-2024,22000,PE,770,786,740,769.15,769.15,1193,13576.03,931300,12400,01-FEB-2024,
OPTIDX,NIFTY,27-Jun-2024,23000,PE,1265.6,1310.1,1201.25,1279.25,1279.25,262,3177.09,159300,4150,01-FEB-2024,
OPTIDX,NIFTY,27-Jun-2024,24000,PE,1950,1969,1874.9,1950,1950,70,907.2,47200,-100,01-FEB-2024,
OPTIDX,NIFTY,27-Jun-2024,25000,PE,0,0,0,7199.55,2694.35,0,0,0,0,01-FEB-2024,
OPTIDX,NIFTY,27-Jun-2024,26000,PE,0,0,0,8015.6,3624.6,0,0,0,0,01-FEB-2024,
OPTIDX,NIFTY,27-Jun-2024,27000,PE,0,0,0,8206,4583.65,0,0,0,0,01-FEB-2024,
OPTIDX,NIFTY,26-Sep-2024,16000,CE,0,0,0,4667.4,6386.55,0,0,0,0,01-FEB-2024,
OPTIDX,NIFTY,26-Sep-2024,17000,CE,0,0,0,3800.4,5430.75,0,0,0,0,01-FEB-2024,
OPTIDX,NIFTY,26-Sep-2024,18000,CE,0,0,0,2994.95,4480.3,0,0,0,0,01-FEB-2024,
OPTIDX,NIFTY,26-Sep-2024,19000,CE,0,0,0,2277.4,3548.95,0,0,0,0,01-FEB-2024,
OPTIDX,NIFTY,26-Sep-2024,20000,CE,0,0,0,1666.45,2666.45,0,0,0,0,01-FEB-2024,
OPTIDX,NIFTY,26-Sep-2024,21000,CE,0,0,0,1173.8,1877.2,0,0,0,0,01-FEB-2024,
OPTIDX,NIFTY,26-Sep-2024,22000,CE,1367.35,1367.35,1359.35,1359.35,1359.35,2,23.36,9900,50,01-FEB-2024,
OPTIDX,NIFTY,26-Sep-2024,23000,CE,851.95,881.85,809.05,826.9,826.9,14,166.92,12600,50,01-FEB-2024,
OPTIDX,NIFTY,26-Sep-2024,24000,CE,475,475,474.95,475,475,11,134.61,800,500,01-FEB-2024,
OPTIDX,NIFTY,26-Sep-2024,25000,CE,230,230,230,230,230,1,12.61,1850,0,01-FEB-2024,
OPTIDX,NIFTY,26-Sep-2024,26000,CE,150,150,150,150,96.85,2,26.15,4250,-100,01-FEB-2024,
OPTIDX,NIFTY,26-Sep-2024,27000,CE,0,0,0,68.7,41.9,0,0,0,0,01-FEB-2024,
OPTIDX,NIFTY,26-Sep-2024,16000,PE,0,0,0,39.75,0.15,0,0,0,0,01-FEB-2024,
OPTIDX,NIFTY,26-Sep-2024,17000,PE,0,0,0,103.7,1.3,0,0,0,0,01-FEB-2024,
OPTIDX,NIFTY,26-Sep-2024,18000,PE,0,0,0,229.25,7.75,0,0,0,0,01-FEB-2024,
OPTIDX,NIFTY,26-Sep-2024,19000,PE,0,0,0,239.55,33.35,0,0,2850,0,01-FEB-2024,
OPTIDX,NIFTY,26-Sep-2024,20000,PE,0,0,0,762.75,107.8,0,0,0,0,01-FEB-2024,
OPTIDX,NIFTY,26-Sep-2024,21000,PE,0,0,0,1201.1,275.55,0,0,0,0,01-FEB-2024,
OPTIDX,NIFTY,26-Sep-2024,22000,PE,777,800,777,800,581.15,12,136.7,3350,450,01-FEB-2024,
OPTIDX,NIFTY,26-Sep-2024,23000,PE,0,0,0,913.6,1049.9,0,0,100,0,01-FEB-2024,
OPTIDX,NIFTY,26-Sep-2024,24000,PE,0,0,0,3149.25,1676.9,0,0,0,0,01-FEB-2024,
OPTIDX,NIFTY,26-Sep-2024,25000,PE,0,0,0,3952.4,2433.15,0,0,0,0,01-FEB-2024,
OPTIDX,NIFTY,26-Sep-2024,26000,PE,0,0,0,4801.5,3279.9,0,0,0,0,01-FEB-2024,
OPTIDX,NIFTY,26-Sep-2024,27000,PE,0,0,0,5681.95,4181.85,0,0,0,0,01-FEB-2024,
OPTIDX,NIFTY,26-Dec-2024,14000,CE,0,0,0,8599,8523.85,0,0,100,0,01-FEB-2024,
OPTIDX,NIFTY,26-Dec-2024,15000,CE,0,0,0,7100,7582.95,0,0,2100,0,01-FEB-2024,
OPTIDX,NIFTY,26-Dec-2024,16000,CE,0,0,0,6400,6642.55,0,0,21950,0,01-FEB-2024,
OPTIDX,NIFTY,26-Dec-2024,17000,CE,5600,5600,5600,5600,5704.7,5,56.5,20900,-150,01-FEB-2024,
OPTIDX,NIFTY,26-Dec-2024,18000,CE,0,0,0,4585,4775.85,0,0,24400,0,01-FEB-2024,
OPTIDX,NIFTY,26-Dec-2024,18500,CE,0,0,0,4400,4319,0,0,1000,0,01-FEB-2024,
OPTIDX,NIFTY,26-Dec-2024,19000,CE,3902,3910,3825,3838.85,3838.85,40,457.47,71750,-600,01-FEB-2024,
OPTIDX,NIFTY,26-Dec-2024,20000,CE,3050,3129.7,3050,3066.9,3015.55,23,265.54,77700,250,01-FEB-2024,
OPTIDX,NIFTY,26-Dec-2024,21000,CE,2407.4,2407.4,2277.3,2304,2304,23,268.13,123800,-550,01-FEB-2024,
OPTIDX,NIFTY,26-Dec-2024,22000,CE,1678,1733,1638,1652.65,1652.65,134,1586.21,172350,-2050,01-FEB-2024,
OPTIDX,NIFTY,26-Dec-2024,23000,CE,1130,1176,1106.4,1111.2,1111.2,272,3282.32,153850,750,01-FEB-2024,
OPTIDX,NIFTY,26-Dec-2024,24000,CE,728,762.85,698.3,702.95,702.95,108,1334.8,137600,1000,01-FEB-2024,
OPTIDX,NIFTY,26-Dec-2024,25000,CE,442.05,468,390,423.1,423.1,238,3027.62,175100,0,01-FEB-2024,
OPTIDX,NIFTY,26-Dec-2024,26000,CE,258.15,270,242,242.5,242.5,44,577.56,64050,450,01-FEB-2024,
OPTIDX,NIFTY,26-Dec-2024,27000,CE,145.9,153.5,138.9,140,140,49,665.05,38650,100,01-FEB-2024,
OPTIDX,NIFTY,26-Dec-2024,14000,PE,0,0,0,20.5,0.05,0,0,3300,0,01-FEB-2024,
OPTIDX,NIFTY,26-Dec-2024,15000,PE,7.2,7.2,7.2,7.2,7.2,1,7.5,28250,-50,01-FEB-2024,
OPTIDX,NIFTY,26-Dec-2024,16000,PE,27,27,27,27,27,1,8.01,16450,50,01-FEB-2024,
OPTIDX,NIFTY,26-Dec-2024,17000,PE,71.05,73,68.25,70.5,70.5,66,563.34,73200,-2500,01-FEB-2024,
OPTIDX,NIFTY,26-Dec-2024,18000,PE,110,112,104.25,108.4,108.4,139,1258.49,253300,-700,01-FEB-2024,
OPTIDX,NIFTY,26-Dec-2024,19000,PE,197.5,197.5,185,189.85,189.85,184,1765.39,441500,-2250,01-FEB-2024,
OPTIDX,NIFTY,26-Dec-2024,20000,PE,323.85,325.1,313.7,320.4,320.4,279,2834.32,546600,1050,01-FEB-2024,
OPTIDX,NIFTY,26-Dec-2024,21000,PE,524.9,534,510,529.05,529.05,747,8038.8,852300,-3950,01-FEB-2024,
OPTIDX,NIFTY,26-Dec-2024,22000,PE,808.95,838.35,780.05,831.15,831.15,944,10769.51,354750,13800,01-FEB-2024,
OPTIDX,NIFTY,26-Dec-2024,23000,PE,1210,1247.3,1171,1224,1224,222,2686.65,105750,-350,01-FEB-2024,
OPTIDX,NIFTY,26-Dec-2024,24000,PE,1705,1742.85,1680,1732.7,1732.7,47,604.32,31500,-1150,01-FEB-2024,
OPTIDX,NIFTY,26-Dec-2024,25000,PE,2405.35,2407,2405.35,2407,2227.15,2,27.4,8500,-50,01-FEB-2024,
OPTIDX,NIFTY,26-Dec-2024,26000,PE,0,0,0,7636.7,2994.4,0,0,0,0,01-FEB-2024,
OPTIDX,NIFTY,26-Dec-2024,27000,PE,0,0,0,4500,3830.55,0,0,50,0,01-FEB-2024,
OPTIDX,NIFTY,26-Jun-2025,16000,CE,0,0,0,3227.55,7143.15,0,0,0,0,01-FEB-2024,
OPTIDX,NIFTY,26-Jun-2025,17000,CE,0,0,0,4165.5,6241.1,0,0,2750,0,01-FEB-2024,
OPTIDX,NIFTY,26-Jun-2025,18000,CE,0,0,0,3934,5352.25,0,0,2200,0,01-FEB-2024,
OPTIDX,NIFTY,26-Jun-2025,19000,CE,0,0,0,3077.9,4489.95,0,0,0,0,01-FEB-2024,
OPTIDX,NIFTY,26-Jun-2025,20000,CE,0,0,0,3180.85,3672.55,0,0,0,0,01-FEB-2024,
OPTIDX,NIFTY,26-Jun-2025,21000,CE,0,0,0,3199.45,2921,0,0,0,0,01-FEB-2024,
OPTIDX,NIFTY,26-Jun-2025,22000,CE,0,0,0,2088.15,2254.65,0,0,0,0,01-FEB-2024,
OPTIDX,NIFTY,26-Jun-2025,23000,CE,0,0,0,2003.65,1686.95,0,0,0,0,01-FEB-2024,
OPTIDX,NIFTY,26-Jun-2025,24000,CE,0,0,0,1100.85,1223.05,0,0,0,0,01-FEB-2024,
OPTIDX,NIFTY,26-Jun-2025,25000,CE,0,0,0,945.65,859.5,0,0,0,0,01-FEB-2024,
OPTIDX,NIFTY,26-Jun-2025,26000,CE,0,0,0,811.85,585.95,0,0,0,0,01-FEB-2024,
OPTIDX,NIFTY,26-Jun-2025,27000,CE,0,0,0,803.5,388.05,0,0,0,0,01-FEB-2024,
OPTIDX,NIFTY,26-Jun-2025,14000,PE,0,0,0,42.35,0.1,0,0,675,0,01-FEB-2024,
OPTIDX,NIFTY,26-Jun-2025,15000,PE,0,0,0,134,0.65,0,0,1800,0,01-FEB-2024,
OPTIDX,NIFTY,26-Jun-2025,16000,PE,0,0,0,129.2,2.95,0,0,100,0,01-FEB-2024,
OPTIDX,NIFTY,26-Jun-2025,17000,PE,0,0,0,3497.35,10.75,0,0,0,0,01-FEB-2024,
OPTIDX,NIFTY,26-Jun-2025,18000,PE,0,0,0,3586.15,31.7,0,0,0,0,01-FEB-2024,
OPTIDX,NIFTY,26-Jun-2025,19000,PE,0,0,0,3210.95,79.2,0,0,0,0,01-FEB-2024,
OPTIDX,NIFTY,26-Jun-2025,20000,PE,0,0,0,599.8,171.65,0,0,900,0,01-FEB-2024,
OPTIDX,NIFTY,26-Jun-2025,21000,PE,0,0,0,3070.85,329.95,0,0,0,0,01-FEB-2024,
OPTIDX,NIFTY,26-Jun-2025,22000,PE,0,0,0,3957.4,573.4,0,0,0,0,01-FEB-2024,
OPTIDX,NIFTY,26-Jun-2025,23000,PE,0,0,0,1170,915.5,0,0,0,0,01-FEB-2024,
OPTIDX,NIFTY,26-Jun-2025,24000,PE,0,0,0,5875.1,1361.45,0,0,0,0,01-FEB-2024,
OPTIDX,NIFTY,26-Jun-2025,25000,PE,0,0,0,6576.35,1907.75,0,0,0,0,01-FEB-2024,
OPTIDX,NIFTY,26-Jun-2025,26000,PE,0,0,0,7299,2544.05,0,0,0,0,01-FEB-2024,
OPTIDX,NIFTY,26-Jun-2025,27000,PE,0,0,0,7438.15,3255.95,0,0,0,0,01-FEB-2024,
OPTIDX,NIFTY,24-Dec-2025,16000,CE,0,0,0,7200,7625.5,0,0,50,0,01-FEB-2024,
OPTIDX,NIFTY,24-Dec-2025,17000,CE,0,0,0,5080,6757.15,0,0,650,0,01-FEB-2024,
OPTIDX,NIFTY,24-Dec-2025,18000,CE,0,0,0,6099.95,5903.35,0,0,5650,0,01-FEB-2024,
OPTIDX,NIFTY,24-Dec-2025,19000,CE,0,0,0,4401,5074.95,0,0,3200,0,01-FEB-2024,
OPTIDX,NIFTY,24-Dec-2025,19500,CE,0,0,0,3200,4674.5,0,0,1300,0,01-FEB-2024,
OPTIDX,NIFTY,24-Dec-2025,20000,CE,0,0,0,3800,4285.65,0,0,300,0,01-FEB-2024,
OPTIDX,NIFTY,24-Dec-2025,21000,CE,0,0,0,1400,3550.2,0,0,100,0,01-FEB-2024,
OPTIDX,NIFTY,24-Dec-2025,22000,CE,0,0,0,2751.35,2882.25,0,0,600,0,01-FEB-2024,
OPTIDX,NIFTY,24-Dec-2025,23000,CE,0,0,0,2310,2292.1,0,0,2650,0,01-FEB-2024,
OPTIDX,NIFTY,24-Dec-2025,24000,CE,0,0,0,1396.05,1785.35,0,0,0,0,01-FEB-2024,
OPTIDX,NIFTY,24-Dec-2025,25000,CE,0,0,0,1222.85,1362.45,0,0,0,0,01-FEB-2024,
OPTIDX,NIFTY,24-Dec-2025,26000,CE,0,0,0,1070.85,1019.25,0,0,0,0,01-FEB-2024,
OPTIDX,NIFTY,24-Dec-2025,27000,CE,0,0,0,1071,748.05,0,0,0,0,01-FEB-2024,
OPTIDX,NIFTY,24-Dec-2025,13000,PE,0,0,0,400,0.05,0,0,150,0,01-FEB-2024,
OPTIDX,NIFTY,24-Dec-2025,15000,PE,0,0,0,62.15,1.75,0,0,1100,0,01-FEB-2024,
OPTIDX,NIFTY,24-Dec-2025,16000,PE,0,0,0,79,6.1,0,0,2550,0,01-FEB-2024,
OPTIDX,NIFTY,24-Dec-2025,16500,PE,0,0,0,38.15,10.55,0,0,2600,0,01-FEB-2024,
OPTIDX,NIFTY,24-Dec-2025,17000,PE,0,0,0,155.05,17.6,0,0,2400,0,01-FEB-2024,
OPTIDX,NIFTY,24-Dec-2025,18000,PE,0,0,0,324.95,43.7,0,0,3050,0,01-FEB-2024,
OPTIDX,NIFTY,24-Dec-2025,19000,PE,133.1,133.1,133.1,133.1,95.2,1,9.56,3900,50,01-FEB-2024,
OPTIDX,NIFTY,24-Dec-2025,20000,PE,0,0,0,572,185.75,0,0,4500,0,01-FEB-2024,
OPTIDX,NIFTY,24-Dec-2025,21000,PE,0,0,0,701,330.2,0,0,3200,0,01-FEB-2024,
OPTIDX,NIFTY,24-Dec-2025,22000,PE,0,0,0,1099,542.1,0,0,2550,0,01-FEB-2024,
OPTIDX,NIFTY,24-Dec-2025,23000,PE,0,0,0,1232,831.85,0,0,1000,0,01-FEB-2024,
OPTIDX,NIFTY,24-Dec-2025,24000,PE,0,0,0,5649,1204.95,0,0,0,0,01-FEB-2024,
OPTIDX,NIFTY,24-Dec-2025,25000,PE,0,0,0,6310.55,1661.95,0,0,0,0,01-FEB-2024,
OPTIDX,NIFTY,24-Dec-2025,26000,PE,0,0,0,6993.25,2198.6,0,0,0,0,01-FEB-2024,
OPTIDX,NIFTY,24-Dec-2025,27000,PE,0,0,0,7112.8,2807.3,0,0,0,0,01-FEB-2024,
OPTIDX,NIFTY,25-Jun-2026,12000,CE,0,0,0,8690,11490.3,0,0,50,0,01-FEB-2024,
OPTIDX,NIFTY,25-Jun-2026,16000,CE,0,0,0,4748.3,8097.05,0,0,0,0,01-FEB-2024,
OPTIDX,NIFTY,25-Jun-2026,17000,CE,0,0,0,4348.25,7260.5,0,0,0,0,01-FEB-2024,
OPTIDX,NIFTY,25-Jun-2026,18000,CE,0,0,0,4150,6438.4,0,0,200,0,01-FEB-2024,
OPTIDX,NIFTY,25-Jun-2026,19000,CE,0,0,0,2872.25,5639.55,0,0,100,0,01-FEB-2024,
OPTIDX,NIFTY,25-Jun-2026,20000,CE,0,0,0,3829.5,4874.4,0,0,0,0,01-FEB-2024,
OPTIDX,NIFTY,25-Jun-2026,21000,CE,0,0,0,3881.9,4154.1,0,0,0,0,01-FEB-2024,
OPTIDX,NIFTY,25-Jun-2026,22000,CE,0,0,0,2722.55,3488.9,0,0,0,0,01-FEB-2024,
OPTIDX,NIFTY,25-Jun-2026,23000,CE,0,0,0,2645.65,2887,0,0,0,0,01-FEB-2024,
OPTIDX,NIFTY,25-Jun-2026,24000,CE,0,0,0,1698.3,2353.8,0,0,0,0,01-FEB-2024,
OPTIDX,NIFTY,25-Jun-2026,25000,CE,0,0,0,1510.4,1891.3,0,0,0,0,01-FEB-2024,
OPTIDX,NIFTY,25-Jun-2026,26000,CE,0,0,0,1343.15,1498.25,0,0,0,0,01-FEB-2024,
OPTIDX,NIFTY,25-Jun-2026,27000,CE,0,0,0,1352.8,1170.8,0,0,0,0,01-FEB-2024,
OPTIDX,NIFTY,25-Jun-2026,12000,PE,0,0,0,10.05,0.05,0,0,500,0,01-FEB-2024,
OPTIDX,NIFTY,25-Jun-2026,13000,PE,0,0,0,45.25,0.2,0,0,200,0,01-FEB-2024,
OPTIDX,NIFTY,25-Jun-2026,14000,PE,0,0,0,300,0.9,0,0,100,0,01-FEB-2024,
OPTIDX,NIFTY,25-Jun-2026,15000,PE,0,0,0,105.5,3.15,0,0,850,0,01-FEB-2024,
OPTIDX,NIFTY,25-Jun-2026,16000,PE,0,0,0,54.8,9.2,0,0,500,0,01-FEB-2024,
OPTIDX,NIFTY,25-Jun-2026,17000,PE,0,0,0,2627.25,23.25,0,0,0,0,01-FEB-2024,
OPTIDX,NIFTY,25-Jun-2026,18000,PE,0,0,0,3088.05,51.75,0,0,0,0,01-FEB-2024,
OPTIDX,NIFTY,25-Jun-2026,19000,PE,0,0,0,140.45,103.45,0,0,100,0,01-FEB-2024,
OPTIDX,NIFTY,25-Jun-2026,20000,PE,0,0,0,3159.75,188.95,0,0,0,0,01-FEB-2024,
OPTIDX,NIFTY,25-Jun-2026,21000,PE,0,0,0,3065.6,319.2,0,0,0,0,01-FEB-2024,
OPTIDX,NIFTY,25-Jun-2026,22000,PE,0,0,0,3829.5,504.6,0,0,0,0,01-FEB-2024,
OPTIDX,NIFTY,25-Jun-2026,23000,PE,0,0,0,4171.75,753.35,0,0,0,0,01-FEB-2024,
OPTIDX,NIFTY,25-Jun-2026,24000,PE,0,0,0,5437.7,1070.75,0,0,0,0,01-FEB-2024,
OPTIDX,NIFTY,25-Jun-2026,25000,PE,0,0,0,6063.1,1458.8,0,0,0,0,01-FEB-2024,
OPTIDX,NIFTY,25-Jun-2026,26000,PE,0,0,0,6709.2,1916.35,0,0,0,0,01-FEB-2024,
OPTIDX,NIFTY,25-Jun-2026,27000,PE,0,0,0,6810.7,2439.5,0,0,0,0,01-FEB-2024,
OPTIDX,NIFTY,31-Dec-2026,16000,CE,0,0,0,6200,8567.25,0,0,50,0,01-FEB-2024,
OPTIDX,NIFTY,31-Dec-2026,17000,CE,0,0,0,4955.1,7761.35,0,0,0,0,01-FEB-2024,
OPTIDX,NIFTY,31-Dec-2026,18000,CE,0,0,0,4501.45,6969.15,0,0,0,0,01-FEB-2024,
OPTIDX,NIFTY,31-Dec-2026,19000,CE,0,0,0,4999,6197.75,0,0,200,0,01-FEB-2024,
OPTIDX,NIFTY,31-Dec-2026,20000,CE,0,0,0,3704.3,5455.35,0,0,0,0,01-FEB-2024,
OPTIDX,NIFTY,31-Dec-2026,21000,CE,0,0,0,3356.25,4750.6,0,0,0,0,01-FEB-2024,
OPTIDX,NIFTY,31-Dec-2026,22000,CE,0,0,0,3039,4091.5,0,0,0,0,01-FEB-2024,
OPTIDX,NIFTY,31-Dec-2026,23000,CE,0,0,0,2020,3484.8,0,0,500,0,01-FEB-2024,
OPTIDX,NIFTY,31-Dec-2026,24000,CE,0,0,0,2010.65,2935.4,0,0,0,0,01-FEB-2024,
OPTIDX,NIFTY,31-Dec-2026,25000,CE,0,0,0,1811.2,2445.8,0,0,0,0,01-FEB-2024,
OPTIDX,NIFTY,31-Dec-2026,26000,CE,0,0,0,1631.05,2016.35,0,0,0,0,01-FEB-2024,
OPTIDX,NIFTY,31-Dec-2026,27000,CE,0,0,0,1651.65,1645.45,0,0,0,0,01-FEB-2024,
OPTIDX,NIFTY,31-Dec-2026,12000,PE,0,0,0,250.1,0.1,0,0,600,0,01-FEB-2024,
OPTIDX,NIFTY,31-Dec-2026,13000,PE,0,0,0,450,0.4,0,0,200,0,01-FEB-2024,
OPTIDX,NIFTY,31-Dec-2026,14000,PE,0,0,0,500,1.5,0,0,950,0,01-FEB-2024,
OPTIDX,NIFTY,31-Dec-2026,15000,PE,0,0,0,118.9,4.55,0,0,2200,0,01-FEB-2024,
OPTIDX,NIFTY,31-Dec-2026,16000,PE,0,0,0,73.05,11.95,0,0,2450,0,01-FEB-2024,
OPTIDX,NIFTY,31-Dec-2026,17000,PE,70,70,70,70,27.4,2,17.07,2650,100,01-FEB-2024,
OPTIDX,NIFTY,31-Dec-2026,18000,PE,0,0,0,374.15,56.6,0,0,6350,0,01-FEB-2024,
OPTIDX,NIFTY,31-Dec-2026,19000,PE,0,0,0,450,106.55,0,0,3200,0,01-FEB-2024,
OPTIDX,NIFTY,31-Dec-2026,20000,PE,0,0,0,600,185.55,0,0,3750,0,01-FEB-2024,
OPTIDX,NIFTY,31-Dec-2026,21000,PE,0,0,0,649,302.15,0,0,850,0,01-FEB-2024,
OPTIDX,NIFTY,31-Dec-2026,22000,PE,0,0,0,609.65,464.45,0,0,100,0,01-FEB-2024,
OPTIDX,NIFTY,31-Dec-2026,23000,PE,957.4,957.4,957.4,957.4,679.15,2,23.95,6200,100,01-FEB-2024,
OPTIDX,NIFTY,31-Dec-2026,24000,PE,0,0,0,5233.45,951.1,0,0,0,0,01-FEB-2024,
OPTIDX,NIFTY,31-Dec-2026,25000,PE,0,0,0,5825.75,1282.85,0,0,0,0,01-FEB-2024,
OPTIDX,NIFTY,31-Dec-2026,26000,PE,0,0,0,6437.4,1674.85,0,0,0,0,01-FEB-2024,
OPTIDX,NIFTY,31-Dec-2026,27000,PE,0,0,0,6522.3,2125.35,0,0,0,0,01-FEB-2024,
OPTIDX,NIFTY,24-Jun-2027,16000,CE,0,0,0,4898.4,8987.75,0,0,0,0,01-FEB-2024,
OPTIDX,NIFTY,24-Jun-2027,17000,CE,0,0,0,4464.7,8208.6,0,0,0,0,01-FEB-2024,
OPTIDX,NIFTY,24-Jun-2027,18000,CE,0,0,0,4066.45,7442.15,0,0,0,0,01-FEB-2024,
OPTIDX,NIFTY,24-Jun-2027,19000,CE,0,0,0,3701.25,6694.3,0,0,100,0,01-FEB-2024,
OPTIDX,NIFTY,24-Jun-2027,20000,CE,0,0,0,3367.05,5971.85,0,0,0,0,01-FEB-2024,
OPTIDX,NIFTY,24-Jun-2027,21000,CE,0,0,0,3061.8,5281.75,0,0,0,0,01-FEB-2024,
OPTIDX,NIFTY,24-Jun-2027,22000,CE,0,0,0,2783.5,4630.5,0,0,0,0,01-FEB-2024,
OPTIDX,NIFTY,24-Jun-2027,23000,CE,0,0,0,2530.05,4023.85,0,0,0,0,01-FEB-2024,
OPTIDX,NIFTY,24-Jun-2027,24000,CE,0,0,0,2299.55,3466.2,0,0,0,0,01-FEB-2024,
OPTIDX,NIFTY,24-Jun-2027,25000,CE,0,0,0,2090.05,2960.2,0,0,0,0,01-FEB-2024,
OPTIDX,NIFTY,24-Jun-2027,26000,CE,0,0,0,1900.85,2507,0,0,0,0,01-FEB-2024,
OPTIDX,NIFTY,24-Jun-2027,27000,CE,0,0,0,1932.5,2106.1,0,0,0,0,01-FEB-2024,
OPTIDX,NIFTY,24-Jun-2027,16000,PE,0,0,0,1476.1,13.9,0,0,0,0,01-FEB-2024,
OPTIDX,NIFTY,24-Jun-2027,17000,PE,0,0,0,1814.75,29.95,0,0,0,0,01-FEB-2024,
OPTIDX,NIFTY,24-Jun-2027,18000,PE,0,0,0,2188.9,58.75,0,0,0,0,01-FEB-2024,
OPTIDX,NIFTY,24-Jun-2027,19000,PE,0,0,0,170,106.15,0,0,250,0,01-FEB-2024,
OPTIDX,NIFTY,24-Jun-2027,20000,PE,0,0,0,3034.2,178.9,0,0,0,0,01-FEB-2024,
OPTIDX,NIFTY,24-Jun-2027,21000,PE,0,0,0,3501.35,284,0,0,0,0,01-FEB-2024,
OPTIDX,NIFTY,24-Jun-2027,22000,PE,0,0,0,3995.4,428,0,0,0,0,01-FEB-2024,
OPTIDX,NIFTY,24-Jun-2027,23000,PE,0,0,0,4514.3,616.6,0,0,0,0,01-FEB-2024,
OPTIDX,NIFTY,24-Jun-2027,24000,PE,0,0,0,5056.2,854.15,0,0,0,0,01-FEB-2024,
OPTIDX,NIFTY,24-Jun-2027,25000,PE,0,0,0,5619.05,1143.35,0,0,0,0,01-FEB-2024,
OPTIDX,NIFTY,24-Jun-2027,26000,PE,0,0,0,6202.2,1485.4,0,0,0,0,01-FEB-2024,
OPTIDX,NIFTY,24-Jun-2027,27000,PE,0,0,0,6273.45,1879.75,0,0,0,0,01-FEB-2024,
OPTIDX,NIFTY,30-Dec-2027,16000,CE,0,0,0,7354.45,9426.3,0,0,0,0,01-FEB-2024,
OPTIDX,NIFTY,30-Dec-2027,17000,CE,0,0,0,6805.5,8674.5,0,0,0,0,01-FEB-2024,
OPTIDX,NIFTY,30-Dec-2027,18000,CE,0,0,0,6285.7,7934.3,0,0,0,0,01-FEB-2024,
OPTIDX,NIFTY,30-Dec-2027,19000,CE,0,0,0,5794.9,7210.6,0,0,0,0,01-FEB-2024,
OPTIDX,NIFTY,30-Dec-2027,20000,CE,0,0,0,5333.85,6508.9,0,0,0,0,01-FEB-2024,
OPTIDX,NIFTY,30-Dec-2027,21000,CE,0,0,0,4902.4,5834.85,0,0,0,0,01-FEB-2024,
OPTIDX,NIFTY,30-Dec-2027,22000,CE,0,0,0,4499.55,5193.9,0,0,0,0,01-FEB-2024,
OPTIDX,NIFTY,30-Dec-2027,23000,CE,0,0,0,4125.7,4590.8,0,0,0,0,01-FEB-2024,
OPTIDX,NIFTY,30-Dec-2027,24000,CE,0,0,0,3778.95,4029.45,0,0,0,0,01-FEB-2024,
OPTIDX,NIFTY,30-Dec-2027,25000,CE,0,0,0,3458.35,3512.55,0,0,0,0,01-FEB-2024,
OPTIDX,NIFTY,30-Dec-2027,26000,CE,0,0,0,3162.4,3041.55,0,0,0,0,01-FEB-2024,
OPTIDX,NIFTY,30-Dec-2027,27000,CE,0,0,0,2889.8,2616.8,0,0,0,0,01-FEB-2024,
OPTIDX,NIFTY,30-Dec-2027,15000,PE,0,0,0,27.8,6.8,0,0,350,0,01-FEB-2024,
OPTIDX,NIFTY,30-Dec-2027,16000,PE,0,0,0,479.35,15.4,0,0,0,0,01-FEB-2024,
OPTIDX,NIFTY,30-Dec-2027,17000,PE,0,0,0,514,31.5,0,0,14250,0,01-FEB-2024,
OPTIDX,NIFTY,30-Dec-2027,18000,PE,0,0,0,74.8,59.25,0,0,10500,0,01-FEB-2024,
OPTIDX,NIFTY,30-Dec-2027,19000,PE,0,0,0,760,103.45,0,0,700,0,01-FEB-2024,
OPTIDX,NIFTY,30-Dec-2027,20000,PE,0,0,0,749.95,169.65,0,0,1700,0,01-FEB-2024,
OPTIDX,NIFTY,30-Dec-2027,21000,PE,0,0,0,1563.55,263.55,0,0,0,0,01-FEB-2024,
OPTIDX,NIFTY,30-Dec-2027,22000,PE,0,0,0,1867.9,390.45,0,0,0,0,01-FEB-2024,
OPTIDX,NIFTY,30-Dec-2027,23000,PE,0,0,0,2201.3,555.3,0,0,0,0,01-FEB-2024,
OPTIDX,NIFTY,30-Dec-2027,24000,PE,0,0,0,2561.85,761.85,0,0,0,0,01-FEB-2024,
OPTIDX,NIFTY,30-Dec-2027,25000,PE,0,0,0,2948.45,1012.85,0,0,0,0,01-FEB-2024,
OPTIDX,NIFTY,30-Dec-2027,26000,PE,0,0,0,3359.75,1309.75,0,0,0,0,01-FEB-2024,
OPTIDX,NIFTY,30-Dec-2027,27000,PE,0,0,0,3794.4,1652.95,0,0,0,0,01-FEB-2024,
OPTIDX,NIFTY,29-Jun-2028,16000,CE,0,0,0,8002.3,9833.85,0,0,0,0,01-FEB-2024,
OPTIDX,NIFTY,29-Jun-2028,17000,CE,0,0,0,7393.45,9107.2,0,0,0,0,01-FEB-2024,
OPTIDX,NIFTY,29-Jun-2028,18000,CE,0,0,0,6809.35,8391,0,0,0,0,01-FEB-2024,
OPTIDX,NIFTY,29-Jun-2028,19000,CE,0,0,0,6252.25,7689.5,0,0,0,0,01-FEB-2024,
OPTIDX,NIFTY,29-Jun-2028,20000,CE,0,0,0,5724.65,7007.25,0,0,0,0,01-FEB-2024,
OPTIDX,NIFTY,29-Jun-2028,21000,CE,0,0,0,5226.55,6348.95,0,0,0,0,01-FEB-2024,
OPTIDX,NIFTY,29-Jun-2028,22000,CE,0,0,0,4759.5,5719.15,0,0,0,0,01-FEB-2024,
OPTIDX,NIFTY,29-Jun-2028,23000,CE,0,0,0,4323.1,5122,0,0,0,0,01-FEB-2024,
OPTIDX,NIFTY,29-Jun-2028,24000,CE,0,0,0,3918.85,4560.95,0,0,0,0,01-FEB-2024,
OPTIDX,NIFTY,29-Jun-2028,25000,CE,0,0,0,3545.15,4038.45,0,0,0,0,01-FEB-2024,
OPTIDX,NIFTY,29-Jun-2028,26000,CE,0,0,0,3200.9,3556.3,0,0,0,0,01-FEB-2024,
OPTIDX,NIFTY,29-Jun-2028,27000,CE,0,0,0,2885.15,3115.2,0,0,0,0,01-FEB-2024,
OPTIDX,NIFTY,29-Jun-2028,16000,PE,0,0,0,194.2,16.35,0,0,0,0,01-FEB-2024,
OPTIDX,NIFTY,29-Jun-2028,17000,PE,0,0,0,283.1,32.15,0,0,0,0,01-FEB-2024,
OPTIDX,NIFTY,29-Jun-2028,18000,PE,0,0,0,396.75,58.45,0,0,0,0,01-FEB-2024,
OPTIDX,NIFTY,29-Jun-2028,19000,PE,0,0,0,537.45,99.45,0,0,0,0,01-FEB-2024,
OPTIDX,NIFTY,29-Jun-2028,20000,PE,0,0,0,707.55,159.7,0,0,0,0,01-FEB-2024,
OPTIDX,NIFTY,29-Jun-2028,21000,PE,0,0,0,907.2,243.9,0,0,0,0,01-FEB-2024,
OPTIDX,NIFTY,29-Jun-2028,22000,PE,0,0,0,1137.9,356.6,0,0,0,0,01-FEB-2024,
OPTIDX,NIFTY,29-Jun-2028,23000,PE,0,0,0,1399.25,501.95,0,0,0,0,01-FEB-2024,
OPTIDX,NIFTY,29-Jun-2028,24000,PE,0,0,0,1692.75,683.35,0,0,0,0,01-FEB-2024,
OPTIDX,NIFTY,29-Jun-2028,25000,PE,0,0,0,2016.8,903.4,0,0,0,0,01-FEB-2024,
OPTIDX,NIFTY,29-Jun-2028,26000,PE,0,0,0,2370.3,1163.7,0,0,0,0,01-FEB-2024,
OPTIDX,NIFTY,29-Jun-2028,27000,PE,0,0,0,2752.35,1465.1,0,0,0,0,01-FEB-2024,
OPTIDX,NIFTY,28-Dec-2028,16000,CE,0,0,0,10704.45,10227.55,0,0,0,0,01-FEB-2024,
OPTIDX,NIFTY,28-Dec-2028,17000,CE,0,0,0,10036.4,9524.9,0,0,0,0,01-FEB-2024,
OPTIDX,NIFTY,28-Dec-2028,18000,CE,0,0,0,9380.3,8831.75,0,0,0,0,01-FEB-2024,
OPTIDX,NIFTY,28-Dec-2028,19000,CE,0,0,0,8739,8151.6,0,0,0,0,01-FEB-2024,
OPTIDX,NIFTY,28-Dec-2028,20000,CE,0,0,0,8115.5,7488.35,0,0,0,0,01-FEB-2024,
OPTIDX,NIFTY,28-Dec-2028,21000,CE,0,0,0,7512.5,6846,0,0,0,0,01-FEB-2024,
OPTIDX,NIFTY,28-Dec-2028,22000,CE,0,0,0,6932.45,6228.35,0,0,0,0,01-FEB-2024,
OPTIDX,NIFTY,28-Dec-2028,23000,CE,0,0,0,6377.6,5639,0,0,0,0,01-FEB-2024,
OPTIDX,NIFTY,28-Dec-2028,24000,CE,0,0,0,5850.3,5081,0,0,0,0,01-FEB-2024,
OPTIDX,NIFTY,28-Dec-2028,25000,CE,0,0,0,5350.4,4556.7,0,0,0,0,01-FEB-2024,
OPTIDX,NIFTY,28-Dec-2028,26000,CE,0,0,0,4879.7,4067.9,0,0,0,0,01-FEB-2024,
OPTIDX,NIFTY,28-Dec-2028,27000,CE,0,0,0,4437.95,3615.5,0,0,0,0,01-FEB-2024,
OPTIDX,NIFTY,28-Dec-2028,16000,PE,0,0,0,39.6,16.85,0,0,0,0,01-FEB-2024,
OPTIDX,NIFTY,28-Dec-2028,17000,PE,0,0,0,66.15,32.1,0,0,0,0,01-FEB-2024,
OPTIDX,NIFTY,28-Dec-2028,18000,PE,0,0,0,104.65,56.85,0,0,0,0,01-FEB-2024,
OPTIDX,NIFTY,28-Dec-2028,19000,PE,0,0,0,158,94.65,0,0,0,0,01-FEB-2024,
OPTIDX,NIFTY,28-Dec-2028,20000,PE,0,0,0,229.1,149.3,0,0,0,0,01-FEB-2024,
OPTIDX,NIFTY,28-Dec-2028,21000,PE,0,0,0,320.7,224.85,0,0,0,0,01-FEB-2024,
OPTIDX,NIFTY,28-Dec-2028,22000,PE,0,0,0,435.3,325.15,0,0,0,0,01-FEB-2024,
OPTIDX,NIFTY,28-Dec-2028,23000,PE,0,0,0,575.05,453.7,0,0,0,0,01-FEB-2024,
OPTIDX,NIFTY,28-Dec-2028,24000,PE,0,0,0,742.35,613.6,0,0,0,0,01-FEB-2024,
OPTIDX,NIFTY,28-Dec-2028,25000,PE,0,0,0,937.05,807.25,0,0,0,0,01-FEB-2024,
OPTIDX,NIFTY,28-Dec-2028,26000,PE,0,0,0,1160.95,1036.35,0,0,0,0,01-FEB-2024,
OPTIDX,NIFTY,28-Dec-2028,27000,PE,0,0,0,1413.85,1301.85,0,0,0,0,01-FEB-2024,
