INSTRUMENT,SYMBOL,EXPIRY_DT,STRIKE_PR,OPTION_TYP,OPEN,HIGH,LOW,CLOSE,SETTLE_PR,CONTRACTS,VAL_INLAKH,OPEN_INT,CHG_IN_OI,TIMESTAMP,
FUTIDX,NIFTY,28-Mar-2024,0,XX,22510,22544.95,22466,22497.95,22497.95,75588,850471.07,12709050,-130700,04-MAR-2024,
FUTIDX,NIFTY,25-Apr-2024,0,XX,22890.3,22890.3,22605.45,22639.85,22639.85,7453,84375.59,1384700,197700,04-MAR-2024,
FUTIDX,NIFTY,30-May-2024,0,XX,22769.95,22800,22730.05,22759.75,22759.75,2985,33971.15,235050,69550,04-MAR-2024,
OPTIDX,NIFTY,07-Mar-2024,19850,CE,2517.45,2576.95,2517.45,2576.95,2576.95,4,44.79,950,50,04-MAR-2024,
OPTIDX,NIFTY,07-Mar-2024,19900,CE,2439.1,2489.75,2439.1,2489.75,2516.65,2,22.36,400,0,04-MAR-2024,
OPTIDX,NIFTY,07-Mar-2024,19950,CE,0,0,0,2325,2466.65,0,0,350,0,04-MAR-2024,
OPTIDX,NIFTY,07-Mar-2024,20000,CE,2380.5,2405,2380.5,2394.15,2394.15,45,503.86,59800,-2050,04-MAR-2024,
OPTIDX,NIFTY,07-Mar-2024,20050,CE,0,0,0,2035,2366.7,0,0,950,0,04-MAR-2024,
OPTIDX,NIFTY,07-Mar-2024,20100,CE,2300,2305,2280,2297,2316.75,13,145.55,800,-500,04-MAR-2024,
OPTIDX,NIFTY,07-Mar-2024,20150,CE,0,0,0,1895,2266.8,0,0,1800,0,04-MAR-2024,
OPTIDX,NIFTY,07-Mar-2024,20200,CE,0,0,0,1892.8,2216.8,0,0,950,0,04-MAR-2024,
OPTIDX,NIFTY,07-Mar-2024,20250,CE,0,0,0,1770,2166.85,0,0,100,0,04-MAR-2024,
OPTIDX,NIFTY,07-Mar-2024,20300,CE,0,0,0,1715,2116.85,0,0,2000,0,04-MAR-2024,
OPTIDX,NIFTY,07-Mar-2024,20350,CE,0,0,0,1680,2066.9,0,0,4500,0,04-MAR-2024,
OPTIDX,NIFTY,07-Mar-2024,20400,CE,1981,2026.5,1981,2026.5,2016.9,9,100.76,2500,-150,04-MAR-2024,
OPTIDX,NIFTY,07-Mar-2024,20450,CE,0,0,0,1650,1966.95,0,0,2200,0,04-MAR-2024,
OPTIDX,NIFTY,07-Mar-2024,20500,CE,1897.3,1913.2,1897.3,1909.35,1909.35,89,997.21,23350,-3950,04-MAR-2024,
OPTIDX,NIFTY,07-Mar-2024,20550,CE,1875,1875,1875,1875,1867,2,22.42,2900,0,04-MAR-2024,
OPTIDX,NIFTY,07-Mar-2024,20600,CE,1800,1840,1780,1780,1817.05,44,492.87,2150,-50,04-MAR-2024,
OPTIDX,NIFTY,07-Mar-2024,20650,CE,0,0,0,1246.7,1767.05,0,0,0,0,04-MAR-2024,
OPTIDX,NIFTY,07-Mar-2024,20700,CE,1670.15,1808.7,1670.15,1698.3,1717.1,37,414.53,450,-1300,04-MAR-2024,
OPTIDX,NIFTY,07-Mar-2024,20750,CE,0,0,0,1590,1667.1,0,0,300,0,04-MAR-2024,
OPTIDX,NIFTY,07-Mar-2024,20800,CE,1621,1621,1585,1585,1617.15,2,22.4,17850,-100,04-MAR-2024,
OPTIDX,NIFTY,07-Mar-2024,20850,CE,1547.65,1580,1510.5,1510.5,1567.15,11,123.21,3850,50,04-MAR-2024,
OPTIDX,NIFTY,07-Mar-2024,20900,CE,1510.6,1510.6,1491.25,1491.25,1517.2,2,22.4,12950,0,04-MAR-2024,
OPTIDX,NIFTY,07-Mar-2024,20950,CE,0,0,0,1256.8,1467.2,0,0,1450,0,04-MAR-2024,
OPTIDX,NIFTY,07-Mar-2024,21000,CE,1420.05,1444,1374.1,1397.15,1397.15,1097,12290.31,70900,-22500,04-MAR-2024,
OPTIDX,NIFTY,07-Mar-2024,21050,CE,0,0,0,1270,1367.25,0,0,2050,0,04-MAR-2024,
OPTIDX,NIFTY,07-Mar-2024,21100,CE,1297.9,1298,1280,1292.5,1292.5,7,78.37,7250,-50,04-MAR-2024,
OPTIDX,NIFTY,07-Mar-2024,21150,CE,0,0,0,1224.45,1267.35,0,0,4850,0,04-MAR-2024,
OPTIDX,NIFTY,07-Mar-2024,21200,CE,1224.95,1225,1191,1198,1217.35,36,403.36,58850,-200,04-MAR-2024,
OPTIDX,NIFTY,07-Mar-2024,21250,CE,1168,1198.9,1139,1169.5,1167.4,4,44.83,3900,-100,04-MAR-2024,
OPTIDX,NIFTY,07-Mar-2024,21300,CE,1127.2,1147.5,1088.5,1108,1108,19,212.91,43150,-200,04-MAR-2024,
OPTIDX,NIFTY,07-Mar-2024,21350,CE,1070.2,1081.75,1025.9,1048.85,1067.45,48,537.64,3800,650,04-MAR-2024,
OPTIDX,NIFTY,07-Mar-2024,21400,CE,1025,1046,982.25,987.05,987.05,255,2855.48,58850,-1550,04-MAR-2024,
OPTIDX,NIFTY,07-Mar-2024,21450,CE,990,1000,935.2,939.3,939.3,65,727.8,8500,-50,04-MAR-2024,
OPTIDX,NIFTY,07-Mar-2024,21500,CE,932.1,950.1,871,894,894,4597,51507.76,107000,-69750,04-MAR-2024,
OPTIDX,NIFTY,07-Mar-2024,21550,CE,863.4,890,834.95,848.3,848.3,102,1142.53,23600,-300,04-MAR-2024,
OPTIDX,NIFTY,07-Mar-2024,21600,CE,828.9,854.3,775,798.2,798.2,708,7933.6,34000,-4500,04-MAR-2024,
OPTIDX,NIFTY,07-Mar-2024,21650,CE,782.9,806.35,730,742.35,742.35,168,1882.71,31700,-3800,04-MAR-2024,
OPTIDX,NIFTY,07-Mar-2024,21700,CE,739.9,755,679,699.5,699.5,590,6610.15,190900,-7450,04-MAR-2024,
OPTIDX,NIFTY,07-Mar-2024,21750,CE,682,692.6,637.4,656.8,656.8,216,2420.35,54700,-4900,04-MAR-2024,
OPTIDX,NIFTY,07-Mar-2024,21800,CE,631.9,659,580,609.05,609.05,2344,26270.26,266950,-29250,04-MAR-2024,
OPTIDX,NIFTY,07-Mar-2024,21850,CE,591.35,610.6,534.95,562,562,352,3945.82,53950,-5800,04-MAR-2024,
OPTIDX,NIFTY,07-Mar-2024,21900,CE,535.05,565,487.65,510.75,510.75,3233,36245.4,311850,-28250,04-MAR-2024,
OPTIDX,NIFTY,07-Mar-2024,21950,CE,492.85,518,443.95,468,468,1360,15248.83,195950,-21250,04-MAR-2024,
OPTIDX,NIFTY,07-Mar-2024,22000,CE,451,472.5,397.4,421.85,421.85,34753,389750.98,1760300,-156000,04-MAR-2024,
OPTIDX,NIFTY,07-Mar-2024,22050,CE,412.95,427.1,355.95,377.55,377.55,3093,34704.37,390150,-35750,04-MAR-2024,
OPTIDX,NIFTY,07-Mar-2024,22100,CE,362,384.75,312.8,334.6,334.6,37603,422010.33,1420900,-118350,04-MAR-2024,
OPTIDX,NIFTY,07-Mar-2024,22150,CE,332,358.55,272.8,293.45,293.45,23095,259308.58,1156950,-124450,04-MAR-2024,
OPTIDX,NIFTY,07-Mar-2024,22200,CE,280,301.95,235,253.55,253.55,177317,1991730.53,2796650,-134700,04-MAR-2024,
OPTIDX,NIFTY,07-Mar-2024,22250,CE,248.9,262.6,198.45,217.05,217.05,94542,1062548.37,944300,-102800,04-MAR-2024,
OPTIDX,NIFTY,07-Mar-2024,22300,CE,208.05,226,166.25,181.95,181.95,646456,7270583,2473100,-884500,04-MAR-2024,
OPTIDX,NIFTY,07-Mar-2024,22350,CE,185,192.5,135.95,150.2,150.2,673702,7582753.7,1487900,404900,04-MAR-2024,
OPTIDX,NIFTY,07-Mar-2024,22400,CE,150.95,161.3,109.1,121.85,121.85,2352468,26502270.09,6195300,2601200,04-MAR-2024,
OPTIDX,NIFTY,07-Mar-2024,22450,CE,128,133.2,85.45,96.55,96.55,1136560,12817721.65,2140250,1100700,04-MAR-2024,
OPTIDX,NIFTY,07-Mar-2024,22500,CE,108.9,108.9,65,74.25,74.25,1698195,19175225.76,5216800,1099250,04-MAR-2024,
OPTIDX,NIFTY,07-Mar-2024,22550,CE,77,85.75,48.2,55.55,55.55,553891,6262658.61,1480950,455250,04-MAR-2024,
OPTIDX,NIFTY,07-Mar-2024,22600,CE,58.85,66.35,34.6,40.65,40.65,1051339,11904912.02,3593250,146100,04-MAR-2024,
OPTIDX,NIFTY,07-Mar-2024,22650,CE,42.4,50.8,24.25,28.6,28.6,518353,5879194.04,1394550,298000,04-MAR-2024,
OPTIDX,NIFTY,07-Mar-2024,22700,CE,35.05,37.5,16.65,19.65,19.65,963159,10943493.49,4221900,240300,04-MAR-2024,
OPTIDX,NIFTY,07-Mar-2024,22750,CE,21.65,27.1,10.95,12.9,12.9,625620,7121573.24,2631200,921400,04-MAR-2024,
OPTIDX,NIFTY,07-Mar-2024,22800,CE,10,20,7.1,8.5,8.5,1089713,12428836.78,6455050,564650,04-MAR-2024,
OPTIDX,NIFTY,07-Mar-2024,22850,CE,14,14,4.9,5.8,5.8,517988,5920070.91,2384450,540000,04-MAR-2024,
OPTIDX,NIFTY,07-Mar-2024,22900,CE,8,9.35,3.5,3.95,3.95,644976,7386729.51,4764950,1125950,04-MAR-2024,
OPTIDX,NIFTY,07-Mar-2024,22950,CE,5.5,7.4,2.7,3,3,372658,4277022.53,1553050,211850,04-MAR-2024,
OPTIDX,NIFTY,07-Mar-2024,23000,CE,4.5,5.45,2.3,2.55,2.55,855133,9835451.64,8543100,1117550,04-MAR-2024,
OPTIDX,NIFTY,07-Mar-2024,23050,CE,3.05,3.75,1.75,2,2,289965,3342197.82,1792800,-959450,04-MAR-2024,
OPTIDX,NIFTY,07-Mar-2024,23100,CE,2.5,3.25,1.55,1.75,1.75,486691,5621804.19,2761050,-235900,04-MAR-2024,
OPTIDX,NIFTY,07-Mar-2024,23150,CE,2.1,3,1.5,1.65,1.65,138200,1599795.66,1061500,336000,04-MAR-2024,
OPTIDX,NIFTY,07-Mar-2024,23200,CE,1.65,2.75,1.25,1.45,1.45,223809,2596368.26,3069200,359100,04-MAR-2024,
OPTIDX,NIFTY,07-Mar-2024,23250,CE,1.5,5.6,1.25,1.3,1.3,72769,845994.11,438850,129650,04-MAR-2024,
OPTIDX,NIFTY,07-Mar-2024,23300,CE,1.2,1.6,1.1,1.2,1.2,228661,2664052.73,2163300,894200,04-MAR-2024,
OPTIDX,NIFTY,07-Mar-2024,23350,CE,1.3,1.5,0.8,1.1,1.1,34818,406522.18,275050,-9000,04-MAR-2024,
OPTIDX,NIFTY,07-Mar-2024,23400,CE,0.95,1.4,0.9,1,1,166442,1947467.15,929700,168600,04-MAR-2024,
OPTIDX,NIFTY,07-Mar-2024,23450,CE,0.95,1.25,0.85,0.9,0.9,31256,366493.6,236150,35800,04-MAR-2024,
OPTIDX,NIFTY,07-Mar-2024,23500,CE,1,1.2,0.8,0.85,0.85,254443,2989829.91,4490800,590950,04-MAR-2024,
OPTIDX,NIFTY,07-Mar-2024,23550,CE,0.85,1.2,0.65,0.7,0.7,28015,329888.46,527250,84400,04-MAR-2024,
OPTIDX,NIFTY,07-Mar-2024,23600,CE,0.7,1,0.6,0.65,0.65,85363,1007316.93,855700,149300,04-MAR-2024,
OPTIDX,NIFTY,07-Mar-2024,23650,CE,0.7,0.8,0.6,0.6,0.6,19779,233893.44,427400,-23250,04-MAR-2024,
OPTIDX,NIFTY,07-Mar-2024,23700,CE,0.65,0.75,0.5,0.55,0.55,50743,601320.67,684500,-43350,04-MAR-2024,
OPTIDX,NIFTY,07-Mar-2024,23750,CE,0.5,0.7,0.5,0.55,0.55,25783,306180.91,387800,-63300,04-MAR-2024,
OPTIDX,NIFTY,07-Mar-2024,23800,CE,0.6,0.7,0.5,0.55,0.55,38908,463016.95,632200,-117650,04-MAR-2024,
OPTIDX,NIFTY,07-Mar-2024,23850,CE,0.6,0.65,0.45,0.5,0.5,24980,297893.61,400100,-23050,04-MAR-2024,
OPTIDX,NIFTY,07-Mar-2024,23900,CE,0.6,0.7,0.45,0.5,0.5,23769,284046.55,1220100,-90200,04-MAR-2024,
OPTIDX,NIFTY,07-Mar-2024,23950,CE,0.6,0.65,0.45,0.5,0.5,29085,348300.98,1215250,-74700,04-MAR-2024,
OPTIDX,NIFTY,07-Mar-2024,24000,CE,0.5,0.85,0.45,0.55,0.55,28384,340616.66,213300,85000,04-MAR-2024,
OPTIDX,NIFTY,07-Mar-2024,24050,CE,0.65,0.95,0.4,0.5,0.5,4864,58491.14,78750,70700,04-MAR-2024,
OPTIDX,NIFTY,07-Mar-2024,24100,CE,0.55,0.8,0.4,0.5,0.5,13714,165257.94,129450,94650,04-MAR-2024,
OPTIDX,NIFTY,07-Mar-2024,24150,CE,0.85,0.85,0.4,0.45,0.45,5014,60545.49,96950,96950,04-MAR-2024,
OPTIDX,NIFTY,07-Mar-2024,19850,PE,1.15,1.45,0.6,0.75,0.75,110029,1092080.18,2699000,-429050,04-MAR-2024,
OPTIDX,NIFTY,07-Mar-2024,19900,PE,1.4,1.55,0.8,1,1,31799,316417.18,1909800,53300,04-MAR-2024,
OPTIDX,NIFTY,07-Mar-2024,19950,PE,1.25,1.75,0.9,1.1,1.1,6606,65898.51,90900,-37500,04-MAR-2024,
OPTIDX,NIFTY,07-Mar-2024,20000,PE,1.4,1.7,1,1.25,1.25,92137,921426.92,3361050,101950,04-MAR-2024,
OPTIDX,NIFTY,07-Mar-2024,20050,PE,1.8,1.8,0.9,1.15,1.15,8846,88686.32,75850,-10150,04-MAR-2024,
OPTIDX,NIFTY,07-Mar-2024,20100,PE,1.65,1.65,1.05,1.25,1.25,45331,455605.05,1037800,198450,04-MAR-2024,
OPTIDX,NIFTY,07-Mar-2024,20150,PE,1.4,1.55,1,1.3,1.3,8917,89844.12,125950,30650,04-MAR-2024,
OPTIDX,NIFTY,07-Mar-2024,20200,PE,1.55,1.95,0.9,1.15,1.15,26248,265119.97,482400,186550,04-MAR-2024,
OPTIDX,NIFTY,07-Mar-2024,20250,PE,1.75,1.75,0.95,1.15,1.15,4937,49990.09,84500,-750,04-MAR-2024,
OPTIDX,NIFTY,07-Mar-2024,20300,PE,1.4,1.65,1,1.15,1.15,34865,353900.56,571150,-56600,04-MAR-2024,
OPTIDX,NIFTY,07-Mar-2024,20350,PE,1.6,1.6,1.05,1.3,1.3,12161,123745.87,247750,99150,04-MAR-2024,
OPTIDX,NIFTY,07-Mar-2024,20400,PE,1.55,1.6,1.05,1.25,1.25,30060,306631.42,305700,-72800,04-MAR-2024,
OPTIDX,NIFTY,07-Mar-2024,20450,PE,1.3,1.55,1.15,1.3,1.3,7838,80148.65,59750,-5400,04-MAR-2024,
OPTIDX,NIFTY,07-Mar-2024,20500,PE,1.85,1.85,1.15,1.3,1.3,125378,1285209.09,1367750,-214300,04-MAR-2024,
OPTIDX,NIFTY,07-Mar-2024,20550,PE,1.95,1.95,1,1.35,1.35,8562,87980.43,95700,-1400,04-MAR-2024,
OPTIDX,NIFTY,07-Mar-2024,20600,PE,1.9,1.9,0.05,1.3,1.3,37309,384307.91,270950,-120600,04-MAR-2024,
OPTIDX,NIFTY,07-Mar-2024,20650,PE,1.85,1.85,1,1.35,1.35,11010,113685.72,89400,-13100,04-MAR-2024,
OPTIDX,NIFTY,07-Mar-2024,20700,PE,1.5,1.75,1,1.4,1.4,86720,897611.88,677350,-236300,04-MAR-2024,
OPTIDX,NIFTY,07-Mar-2024,20750,PE,1.65,2.6,1.15,1.45,1.45,21038,218284.53,123600,-55150,04-MAR-2024,
OPTIDX,NIFTY,07-Mar-2024,20800,PE,1.4,1.85,1.25,1.45,1.45,108613,1129656.72,1234000,-850000,04-MAR-2024,
OPTIDX,NIFTY,07-Mar-2024,20850,PE,2.05,2.25,1.3,1.5,1.5,29065,303025.21,176350,-60000,04-MAR-2024,
OPTIDX,NIFTY,07-Mar-2024,20900,PE,2.55,2.55,1.3,1.55,1.55,79307,828820.07,944200,-240800,04-MAR-2024,
OPTIDX,NIFTY,07-Mar-2024,20950,PE,2.2,2.2,1.35,1.65,1.65,46153,483489.85,907500,-111650,04-MAR-2024,
OPTIDX,NIFTY,07-Mar-2024,21000,PE,1.9,2.25,1.55,1.85,1.85,393401,4131077.48,6818400,-387900,04-MAR-2024,
OPTIDX,NIFTY,07-Mar-2024,21050,PE,1.95,2.35,1.55,1.8,1.8,44693,470435.76,659800,-141550,04-MAR-2024,
OPTIDX,NIFTY,07-Mar-2024,21100,PE,2.4,2.55,1.2,1.9,1.9,136079,1435763.48,1373300,-273700,04-MAR-2024,
OPTIDX,NIFTY,07-Mar-2024,21150,PE,2.85,2.85,1.55,1.85,1.85,67226,710978.67,643700,-204400,04-MAR-2024,
OPTIDX,NIFTY,07-Mar-2024,21200,PE,2.85,2.85,1.65,1.95,1.95,269943,2861673.35,1665550,-691450,04-MAR-2024,
OPTIDX,NIFTY,07-Mar-2024,21250,PE,3,3.15,1.75,2,2,79053,840026.98,562000,-136150,04-MAR-2024,
OPTIDX,NIFTY,07-Mar-2024,21300,PE,3.45,3.45,1.9,2.2,2.2,258623,2754655.67,2110700,-279100,04-MAR-2024,
OPTIDX,NIFTY,07-Mar-2024,21350,PE,4.1,4.1,2,2.35,2.35,117939,1259156.39,1259500,370200,04-MAR-2024,
OPTIDX,NIFTY,07-Mar-2024,21400,PE,3.6,4.65,2.25,2.65,2.65,388855,4161365.67,2933250,-1078350,04-MAR-2024,
OPTIDX,NIFTY,07-Mar-2024,21450,PE,4.8,5.15,2.7,3.15,3.15,125716,1348535.41,1001300,480900,04-MAR-2024,
OPTIDX,NIFTY,07-Mar-2024,21500,PE,6,6.1,3.15,3.6,3.6,453435,4875403.24,5267600,955500,04-MAR-2024,
OPTIDX,NIFTY,07-Mar-2024,21550,PE,8,8,3.95,4.45,4.45,236901,2553228.83,2833000,2000800,04-MAR-2024,
OPTIDX,NIFTY,07-Mar-2024,21600,PE,8.9,8.9,4.6,5.1,5.1,420708,4544945.49,3789900,259550,04-MAR-2024,
OPTIDX,NIFTY,07-Mar-2024,21650,PE,9,10.25,5.3,6.05,6.05,176596,1912273.11,1104200,163550,04-MAR-2024,
OPTIDX,NIFTY,07-Mar-2024,21700,PE,10,12.35,6.3,7.15,7.15,431353,4682005.66,4013050,203400,04-MAR-2024,
OPTIDX,NIFTY,07-Mar-2024,21750,PE,13.5,14.75,7.65,8.6,8.6,233498,2540471.59,1692700,653150,04-MAR-2024,
OPTIDX,NIFTY,07-Mar-2024,21800,PE,15.5,17.9,9.5,10.8,10.8,473992,5169460.96,4912850,1065800,04-MAR-2024,
OPTIDX,NIFTY,07-Mar-2024,21850,PE,18.5,21.65,11.6,13.15,13.15,248512,2716876.83,1264250,384950,04-MAR-2024,
OPTIDX,NIFTY,07-Mar-2024,21900,PE,23.1,26.1,14.35,16.15,16.15,500657,5486851.41,4215300,1020350,04-MAR-2024,
OPTIDX,NIFTY,07-Mar-2024,21950,PE,22,31.6,17.75,20.2,20.2,316687,3479238.03,1561200,348900,04-MAR-2024,
OPTIDX,NIFTY,07-Mar-2024,22000,PE,32.45,37.95,21.9,24.85,24.85,899890,9911398.28,7855800,534350,04-MAR-2024,
OPTIDX,NIFTY,07-Mar-2024,22050,PE,38.15,46,26.95,31.15,31.15,343802,3796303.28,1719250,750,04-MAR-2024,
OPTIDX,NIFTY,07-Mar-2024,22100,PE,44.75,54.7,33.1,38.2,38.2,712129,7883876.1,5598700,160650,04-MAR-2024,
OPTIDX,NIFTY,07-Mar-2024,22150,PE,54.25,65.75,40.4,46.9,46.9,378856,4205473.18,2812800,187500,04-MAR-2024,
OPTIDX,NIFTY,07-Mar-2024,22200,PE,65,78.15,49.25,57.15,57.15,992813,11050582.01,8463300,1741650,04-MAR-2024,
OPTIDX,NIFTY,07-Mar-2024,22250,PE,78.05,93.3,60.8,70.4,70.4,520789,5813336.11,2331700,494850,04-MAR-2024,
OPTIDX,NIFTY,07-Mar-2024,22300,PE,89.5,110,74.35,86.1,86.1,1377248,15418774,4891100,543650,04-MAR-2024,
OPTIDX,NIFTY,07-Mar-2024,22350,PE,110,130,90.3,104.55,104.55,1012941,11375143.26,1807800,552200,04-MAR-2024,
OPTIDX,NIFTY,07-Mar-2024,22400,PE,127.3,152.6,109.15,125.8,125.8,2230568,25127143.38,4984250,2473450,04-MAR-2024,
OPTIDX,NIFTY,07-Mar-2024,22450,PE,151,178.1,130.25,150,150,697176,7878903.6,991600,612600,04-MAR-2024,
OPTIDX,NIFTY,07-Mar-2024,22500,PE,176.85,206.8,154.45,177.55,177.55,699682,7934435.42,1843900,520700,04-MAR-2024,
OPTIDX,NIFTY,07-Mar-2024,22550,PE,209.45,239,182.1,209.9,209.9,122914,1398813.52,355600,194050,04-MAR-2024,
OPTIDX,NIFTY,07-Mar-2024,22600,PE,234.45,273.95,212.6,244.05,244.05,146550,1673921.77,654500,275400,04-MAR-2024,
OPTIDX,NIFTY,07-Mar-2024,22650,PE,270.7,310,246.15,281.65,281.65,22431,257163.2,123000,31400,04-MAR-2024,
OPTIDX,NIFTY,07-Mar-2024,22700,PE,319.5,351.9,283.3,324.65,324.65,36709,422525.86,170300,54400,04-MAR-2024,
OPTIDX,NIFTY,07-Mar-2024,22750,PE,345.65,393.95,324.05,367,367,3010,34787.59,50350,21350,04-MAR-2024,
OPTIDX,NIFTY,07-Mar-2024,22800,PE,397.25,441.85,367.55,411.75,411.75,8679,100709.51,67750,8700,04-MAR-2024,
OPTIDX,NIFTY,07-Mar-2024,22850,PE,441.55,488.4,412.65,458.9,458.9,2265,26393.11,13150,2250,04-MAR-2024,
OPTIDX,NIFTY,07-Mar-2024,22900,PE,488.65,536.8,460,505.5,505.5,2356,27561.85,32150,22700,04-MAR-2024,
OPTIDX,NIFTY,07-Mar-2024,22950,PE,517.15,581.45,513.55,566,566,89,1046.15,1300,750,04-MAR-2024,
OPTIDX,NIFTY,07-Mar-2024,23000,PE,575.05,632,555,605.95,605.95,3149,37151.46,63800,-5200,04-MAR-2024,
OPTIDX,NIFTY,07-Mar-2024,23050,PE,632.6,678.35,609.6,630.55,632.15,49,580.52,1000,-150,04-MAR-2024,
OPTIDX,NIFTY,07-Mar-2024,23100,PE,652.45,728,652.45,695.05,695.05,50,594.88,900,50,04-MAR-2024,
OPTIDX,NIFTY,07-Mar-2024,23150,PE,0,0,0,786.6,731.7,0,0,900,0,04-MAR-2024,
OPTIDX,NIFTY,07-Mar-2024,23200,PE,0,0,0,841.05,781.6,0,0,900,0,04-MAR-2024,
OPTIDX,NIFTY,07-Mar-2024,23250,PE,0,0,0,797.6,831.55,0,0,250,0,04-MAR-2024,
OPTIDX,NIFTY,07-Mar-2024,23300,PE,886,923.8,867.25,901.4,881.5,36,435.52,4400,100,04-MAR-2024,
OPTIDX,NIFTY,07-Mar-2024,23350,PE,947.75,960.7,936.55,959.9,931.45,4,48.6,350,50,04-MAR-2024,
OPTIDX,NIFTY,07-Mar-2024,23400,PE,983.25,1014.85,983.25,990,981.45,7,85.38,1050,250,04-MAR-2024,
OPTIDX,NIFTY,07-Mar-2024,23450,PE,1037.8,1068.75,1017.2,1044.4,1044.4,19,232.71,300,0,04-MAR-2024,
OPTIDX,NIFTY,07-Mar-2024,23500,PE,0,0,0,1230.95,1081.35,0,0,20550,0,04-MAR-2024,
OPTIDX,NIFTY,07-Mar-2024,23550,PE,1132.4,1177.85,1132.4,1173.65,1131.35,3,37.06,350,0,04-MAR-2024,
OPTIDX,NIFTY,07-Mar-2024,23600,PE,0,0,0,1428.4,1181.3,0,0,300,0,04-MAR-2024,
OPTIDX,NIFTY,07-Mar-2024,23650,PE,0,0,0,1805.75,1231.3,0,0,0,0,04-MAR-2024,
OPTIDX,NIFTY,07-Mar-2024,23700,PE,0,0,0,1853.35,1281.25,0,0,0,0,04-MAR-2024,
OPTIDX,NIFTY,07-Mar-2024,23750,PE,0,0,0,1901.15,1331.25,0,0,0,0,04-MAR-2024,
OPTIDX,NIFTY,07-Mar-2024,23800,PE,0,0,0,1949.15,1381.2,0,0,0,0,04-MAR-2024,
OPTIDX,NIFTY,07-Mar-2024,23850,PE,0,0,0,1997.3,1431.15,0,0,0,0,04-MAR-2024,
OPTIDX,NIFTY,07-Mar-2024,23900,PE,0,0,0,1450,1481.15,0,0,450,0,04-MAR-2024,
OPTIDX,NIFTY,07-Mar-2024,23950,PE,0,0,0,2094,1531.1,0,0,0,0,04-MAR-2024,
OPTIDX,NIFTY,07-Mar-2024,24000,PE,0,0,0,2142.55,1581.1,0,0,0,0,04-MAR-2024,
OPTIDX,NIFTY,07-Mar-2024,24050,PE,0,0,0,2191.2,1631.05,0,0,0,0,04-MAR-2024,
OPTIDX,NIFTY,07-Mar-2024,24100,PE,0,0,0,2239.95,1681.05,0,0,0,0,04-MAR-2024,
OPTIDX,NIFTY,07-Mar-2024,24150,PE,0,0,0,2288.8,1731,0,0,0,0,04-MAR-2024,
OPTIDX,NIFTY,14-Mar-2024,19850,CE,0,0,0,2385.4,2592.25,0,0,50,0,04-MAR-2024,
OPTIDX,NIFTY,14-Mar-2024,19900,CE,0,0,0,1965.8,2542.35,0,0,0,0,04-MAR-2024,
OPTIDX,NIFTY,14-Mar-2024,19950,CE,0,0,0,2440,2492.45,0,0,50,0,04-MAR-2024,
OPTIDX,NIFTY,14-Mar-2024,20000,CE,2410,2425,2410,2420.3,2420.3,47,526.87,2450,2050,04-MAR-2024,
OPTIDX,NIFTY,14-Mar-2024,20050,CE,2360,2380,2360,2375,2375,4,44.84,250,0,04-MAR-2024,
OPTIDX,NIFTY,14-Mar-2024,20100,CE,0,0,0,2030,2342.75,0,0,350,0,04-MAR-2024,
OPTIDX,NIFTY,14-Mar-2024,20150,CE,2280,2280,2270,2280,2292.85,10,112.13,500,500,04-MAR-2024,
OPTIDX,NIFTY,14-Mar-2024,20200,CE,0,0,0,1831,2242.9,0,0,600,0,04-MAR-2024,
OPTIDX,NIFTY,14-Mar-2024,20250,CE,0,0,0,1630.25,2193,0,0,0,0,04-MAR-2024,
OPTIDX,NIFTY,14-Mar-2024,20300,CE,0,0,0,1583.25,2143.1,0,0,0,0,04-MAR-2024,
OPTIDX,NIFTY,14-Mar-2024,20350,CE,0,0,0,1536.55,2093.2,0,0,0,0,04-MAR-2024,
OPTIDX,NIFTY,14-Mar-2024,20400,CE,2025,2030,2025,2026,2043.3,4,44.85,200,200,04-MAR-2024,
OPTIDX,NIFTY,14-Mar-2024,20450,CE,0,0,0,1444.15,1993.4,0,0,0,0,04-MAR-2024,
OPTIDX,NIFTY,14-Mar-2024,20500,CE,1938.5,1938.5,1936,1936.2,1936.2,80,897.44,4050,4000,04-MAR-2024,
OPTIDX,NIFTY,14-Mar-2024,20550,CE,0,0,0,1353.25,1893.55,0,0,0,0,04-MAR-2024,
OPTIDX,NIFTY,14-Mar-2024,20600,CE,0,0,0,1838.35,1843.65,0,0,500,0,04-MAR-2024,
OPTIDX,NIFTY,14-Mar-2024,20650,CE,0,0,0,1430,1793.75,0,0,100,0,04-MAR-2024,
OPTIDX,NIFTY,14-Mar-2024,20700,CE,1725,1730,1725,1730,1743.85,25,280.37,1400,1250,04-MAR-2024,
OPTIDX,NIFTY,14-Mar-2024,20750,CE,0,0,0,1176.9,1693.95,0,0,0,0,04-MAR-2024,
OPTIDX,NIFTY,14-Mar-2024,20800,CE,1624.55,1640,1624.55,1640,1644.05,2,22.43,100,100,04-MAR-2024,
OPTIDX,NIFTY,14-Mar-2024,20850,CE,0,0,0,1091.9,1594.15,0,0,0,0,04-MAR-2024,
OPTIDX,NIFTY,14-Mar-2024,20900,CE,1535,1535,1523,1523,1544.25,2,22.42,200,100,04-MAR-2024,
OPTIDX,NIFTY,14-Mar-2024,20950,CE,0,0,0,1009.35,1494.35,0,0,0,0,04-MAR-2024,
OPTIDX,NIFTY,14-Mar-2024,21000,CE,1442,1475,1410,1426.8,1426.8,112,1256.29,11100,5450,04-MAR-2024,
OPTIDX,NIFTY,14-Mar-2024,21050,CE,1400,1424,1400,1424,1394.6,2,22.46,200,100,04-MAR-2024,
OPTIDX,NIFTY,14-Mar-2024,21100,CE,0,0,0,990,1344.75,0,0,100,0,04-MAR-2024,
OPTIDX,NIFTY,14-Mar-2024,21150,CE,0,0,0,852.6,1294.9,0,0,0,0,04-MAR-2024,
OPTIDX,NIFTY,14-Mar-2024,21200,CE,0,0,0,800,1245.1,0,0,0,0,04-MAR-2024,
OPTIDX,NIFTY,14-Mar-2024,21250,CE,1191,1191,1191,1191,1195.35,2,22.44,100,100,04-MAR-2024,
OPTIDX,NIFTY,14-Mar-2024,21300,CE,1127.5,1127.5,1127.5,1127.5,1145.65,2,22.42,2450,0,04-MAR-2024,
OPTIDX,NIFTY,14-Mar-2024,21350,CE,0,0,0,708.3,1096.1,0,0,0,0,04-MAR-2024,
OPTIDX,NIFTY,14-Mar-2024,21400,CE,0,0,0,760.45,1046.6,0,0,350,0,04-MAR-2024,
OPTIDX,NIFTY,14-Mar-2024,21450,CE,0,0,0,918.45,997.25,0,0,200,0,04-MAR-2024,
OPTIDX,NIFTY,14-Mar-2024,21500,CE,960,983.6,922.7,936.45,936.45,123,1380.32,20550,2400,04-MAR-2024,
OPTIDX,NIFTY,14-Mar-2024,21550,CE,0,0,0,856.25,899.25,0,0,1100,0,04-MAR-2024,
OPTIDX,NIFTY,14-Mar-2024,21600,CE,888.35,899.9,842,842.85,842.85,158,1775.4,10100,2350,04-MAR-2024,
OPTIDX,NIFTY,14-Mar-2024,21650,CE,0,0,0,762.3,802.5,0,0,1050,0,04-MAR-2024,
OPTIDX,NIFTY,14-Mar-2024,21700,CE,779.95,809.6,739.95,758.15,758.15,367,4122.44,16500,4250,04-MAR-2024,
OPTIDX,NIFTY,14-Mar-2024,21750,CE,775,775,720,722.9,722.9,7,78.73,4550,150,04-MAR-2024,
OPTIDX,NIFTY,14-Mar-2024,21800,CE,675.7,709.8,652.3,662.85,662.85,291,3270.84,22350,-2950,04-MAR-2024,
OPTIDX,NIFTY,14-Mar-2024,21850,CE,669,669,615.55,615.55,615.55,87,978.61,4450,-100,04-MAR-2024,
OPTIDX,NIFTY,14-Mar-2024,21900,CE,619.25,627.45,564,576.4,576.4,176,1979.13,17400,1150,04-MAR-2024,
OPTIDX,NIFTY,14-Mar-2024,21950,CE,571.9,581.65,519.3,544.75,544.75,45,506.36,15400,-250,04-MAR-2024,
OPTIDX,NIFTY,14-Mar-2024,22000,CE,523.05,543.95,478,499.95,499.95,2333,26256.54,138200,-7700,04-MAR-2024,
OPTIDX,NIFTY,14-Mar-2024,22050,CE,490.5,499.6,444.25,454.55,454.55,178,2004.42,10750,50,04-MAR-2024,
OPTIDX,NIFTY,14-Mar-2024,22100,CE,452.95,463.6,400,415.25,415.25,1703,19184.65,88800,-20350,04-MAR-2024,
OPTIDX,NIFTY,14-Mar-2024,22150,CE,403.5,423.5,363,378.3,378.3,616,6941.26,26350,-5650,04-MAR-2024,
OPTIDX,NIFTY,14-Mar-2024,22200,CE,378.05,388.2,330,345.95,345.95,6903,77849.42,242700,-53450,04-MAR-2024,
OPTIDX,NIFTY,14-Mar-2024,22250,CE,340,351.45,296,308.1,308.1,1485,16757.1,51450,3600,04-MAR-2024,
OPTIDX,NIFTY,14-Mar-2024,22300,CE,349.9,349.9,264.4,277.15,277.15,16339,184537.51,207250,23450,04-MAR-2024,
OPTIDX,NIFTY,14-Mar-2024,22350,CE,270,286.1,234.35,244.9,244.9,7040,79581.69,101150,28950,04-MAR-2024,
OPTIDX,NIFTY,14-Mar-2024,22400,CE,248.75,255,205.3,215.8,215.8,34713,392724.5,397000,148950,04-MAR-2024,
OPTIDX,NIFTY,14-Mar-2024,22450,CE,218,228.2,178.95,188.05,188.05,10584,119859.54,90200,27250,04-MAR-2024,
OPTIDX,NIFTY,14-Mar-2024,22500,CE,186.15,203.25,154.2,161.6,161.6,39561,448507.49,699250,379200,04-MAR-2024,
OPTIDX,NIFTY,14-Mar-2024,22550,CE,172.85,174,132.9,138.2,138.2,6067,68858.62,66050,16150,04-MAR-2024,
OPTIDX,NIFTY,14-Mar-2024,22600,CE,144.95,151.1,112.45,118.4,118.4,23628,268509.76,355950,147850,04-MAR-2024,
OPTIDX,NIFTY,14-Mar-2024,22650,CE,145,145,94.4,100.5,100.5,6647,75636.47,97650,28550,04-MAR-2024,
OPTIDX,NIFTY,14-Mar-2024,22700,CE,108.8,111.3,79,83.2,83.2,18241,207876.57,357500,126550,04-MAR-2024,
OPTIDX,NIFTY,14-Mar-2024,22750,CE,92.95,94.2,65.85,69.4,69.4,6300,71903.37,95300,21850,04-MAR-2024,
OPTIDX,NIFTY,14-Mar-2024,22800,CE,77.75,81,53.75,56.35,56.35,22324,255199.99,531700,111350,04-MAR-2024,
OPTIDX,NIFTY,14-Mar-2024,22850,CE,64.6,66.45,44.55,46.8,46.8,5270,60350.88,70200,23500,04-MAR-2024,
OPTIDX,NIFTY,14-Mar-2024,22900,CE,55.5,56.1,36.2,38.2,38.2,21939,251683.12,580650,168550,04-MAR-2024,
OPTIDX,NIFTY,14-Mar-2024,22950,CE,43.85,45.75,28.9,30.75,30.75,6499,74694.2,87950,32100,04-MAR-2024,
OPTIDX,NIFTY,14-Mar-2024,23000,CE,37.3,39.25,23,24.5,24.5,49778,573153.33,884950,263600,04-MAR-2024,
OPTIDX,NIFTY,14-Mar-2024,23050,CE,29.25,30.05,18,19.15,19.15,4897,56493.49,79100,21250,04-MAR-2024,
OPTIDX,NIFTY,14-Mar-2024,23100,CE,23.65,26.4,14,14.9,14.9,23660,273494.74,432000,151100,04-MAR-2024,
OPTIDX,NIFTY,14-Mar-2024,23150,CE,19.75,30.1,10.3,11.1,11.1,7059,81753.88,152400,123000,04-MAR-2024,
OPTIDX,NIFTY,14-Mar-2024,23200,CE,15.6,15.6,8.35,8.8,8.8,12577,145962.44,289200,75450,04-MAR-2024,
OPTIDX,NIFTY,14-Mar-2024,23250,CE,12.75,12.75,6.4,6.75,6.75,4929,57319.65,137350,93950,04-MAR-2024,
OPTIDX,NIFTY,14-Mar-2024,23300,CE,10.05,10.05,5.05,5.4,5.4,9202,107233.32,357900,123450,04-MAR-2024,
OPTIDX,NIFTY,14-Mar-2024,23350,CE,10.95,10.95,4.2,4.4,4.4,2605,30421.18,61000,34050,04-MAR-2024,
OPTIDX,NIFTY,14-Mar-2024,23400,CE,6.45,6.75,3.4,3.6,3.6,6237,72987.65,199650,23900,04-MAR-2024,
OPTIDX,NIFTY,14-Mar-2024,23450,CE,6.1,6.1,3.2,3.35,3.35,951,11152.38,32250,7100,04-MAR-2024,
OPTIDX,NIFTY,14-Mar-2024,23500,CE,5.4,6.2,3,3.15,3.15,7932,93216.32,219050,-11050,04-MAR-2024,
OPTIDX,NIFTY,14-Mar-2024,23550,CE,4.35,5.35,2.7,2.9,2.9,669,7878.57,26550,4600,04-MAR-2024,
OPTIDX,NIFTY,14-Mar-2024,23600,CE,3.9,3.9,2.6,2.75,2.75,1985,23426.13,67250,7850,04-MAR-2024,
OPTIDX,NIFTY,14-Mar-2024,23650,CE,3,4,2.3,2.45,2.45,168,1986.82,3750,-3050,04-MAR-2024,
OPTIDX,NIFTY,14-Mar-2024,23700,CE,3.15,3.9,2.2,2.25,2.25,769,9113.7,17650,250,04-MAR-2024,
OPTIDX,NIFTY,14-Mar-2024,23750,CE,3.2,3.2,2.2,2.3,2.3,474,5629.42,12800,10450,04-MAR-2024,
OPTIDX,NIFTY,14-Mar-2024,23800,CE,3.25,3.25,2.1,2.2,2.2,375,4462.96,15450,200,04-MAR-2024,
OPTIDX,NIFTY,14-Mar-2024,23850,CE,3.2,3.2,1.9,2.05,2.05,454,5414.48,15300,11600,04-MAR-2024,
OPTIDX,NIFTY,14-Mar-2024,23900,CE,2.75,2.75,1.95,2.05,2.05,1143,13660.15,36650,6900,04-MAR-2024,
OPTIDX,NIFTY,14-Mar-2024,23950,CE,2.9,2.95,1.9,1.95,1.95,737,8826.35,35750,-2350,04-MAR-2024,
OPTIDX,NIFTY,14-Mar-2024,24000,CE,3.05,3.05,1.65,1.8,1.8,1226,14713.27,37300,33300,04-MAR-2024,
OPTIDX,NIFTY,14-Mar-2024,24050,CE,2.9,3,1.55,1.8,1.8,169,2032.41,3300,3300,04-MAR-2024,
OPTIDX,NIFTY,14-Mar-2024,24100,CE,2.35,2.35,1.45,1.7,1.7,187,2253.52,5950,5950,04-MAR-2024,
OPTIDX,NIFTY,14-Mar-2024,24150,CE,2.45,2.45,1.6,1.85,1.85,216,2608.39,2750,2750,04-MAR-2024,
OPTIDX,NIFTY,14-Mar-2024,19850,PE,2.75,2.75,1.8,2.3,2.3,151,1498.84,16800,2300,04-MAR-2024,
OPTIDX,NIFTY,14-Mar-2024,19900,PE,2.4,2.65,2.25,2.35,0.05,167,1661.84,5400,1950,04-MAR-2024,
OPTIDX,NIFTY,14-Mar-2024,19950,PE,0,0,0,19.8,0.05,0,0,1000,0,04-MAR-2024,
OPTIDX,NIFTY,14-Mar-2024,20000,PE,3.1,3.15,2.5,2.65,2.65,2191,21912.9,109300,71600,04-MAR-2024,
OPTIDX,NIFTY,14-Mar-2024,20050,PE,0,0,0,25.85,0.05,0,0,1000,0,04-MAR-2024,
OPTIDX,NIFTY,14-Mar-2024,20100,PE,0,0,0,9.8,0.05,0,0,1150,0,04-MAR-2024,
OPTIDX,NIFTY,14-Mar-2024,20150,PE,3.05,3.05,2.65,2.85,2.85,99,997.56,2750,-1600,04-MAR-2024,
OPTIDX,NIFTY,14-Mar-2024,20200,PE,2.7,2.85,2.55,2.8,2.8,779,7868.97,23500,10150,04-MAR-2024,
OPTIDX,NIFTY,14-Mar-2024,20250,PE,0,0,0,19.3,0.05,0,0,0,0,04-MAR-2024,
OPTIDX,NIFTY,14-Mar-2024,20300,PE,0,0,0,21.95,0.05,0,0,0,0,04-MAR-2024,
OPTIDX,NIFTY,14-Mar-2024,20350,PE,0,0,0,24.9,0.05,0,0,0,0,04-MAR-2024,
OPTIDX,NIFTY,14-Mar-2024,20400,PE,0,0,0,28.2,0.05,0,0,0,0,04-MAR-2024,
OPTIDX,NIFTY,14-Mar-2024,20450,PE,0,0,0,31.8,0.05,0,0,0,0,04-MAR-2024,
OPTIDX,NIFTY,14-Mar-2024,20500,PE,3.05,3.65,2.75,2.95,2.95,3481,35685.53,157600,11550,04-MAR-2024,
OPTIDX,NIFTY,14-Mar-2024,20550,PE,0,0,0,7,0.05,0,0,1000,0,04-MAR-2024,
OPTIDX,NIFTY,14-Mar-2024,20600,PE,0,0,0,45,0.05,0,0,0,0,04-MAR-2024,
OPTIDX,NIFTY,14-Mar-2024,20650,PE,0,0,0,5.5,0.05,0,0,12300,0,04-MAR-2024,
OPTIDX,NIFTY,14-Mar-2024,20700,PE,4.25,4.8,3.1,3.45,3.45,831,8602.27,42000,18250,04-MAR-2024,
OPTIDX,NIFTY,14-Mar-2024,20750,PE,3.6,4.3,3.55,4,0.05,10,103.76,16600,300,04-MAR-2024,
OPTIDX,NIFTY,14-Mar-2024,20800,PE,4.55,4.6,3.6,3.8,3.8,2047,21292.92,101150,-3350,04-MAR-2024,
OPTIDX,NIFTY,14-Mar-2024,20850,PE,4.25,4.5,3.6,4.1,4.1,78,813.31,14650,50,04-MAR-2024,
OPTIDX,NIFTY,14-Mar-2024,20900,PE,5.4,7.45,4.05,4.15,4.15,1910,19963.86,123000,5150,04-MAR-2024,
OPTIDX,NIFTY,14-Mar-2024,20950,PE,5.8,6.5,4.55,4.75,4.75,172,1802.15,12400,900,04-MAR-2024,
OPTIDX,NIFTY,14-Mar-2024,21000,PE,7.5,7.5,4.8,5.05,5.05,6651,69854.26,359100,41050,04-MAR-2024,
OPTIDX,NIFTY,14-Mar-2024,21050,PE,8.15,8.15,5.4,5.8,5.8,1311,13802.39,42600,26900,04-MAR-2024,
OPTIDX,NIFTY,14-Mar-2024,21100,PE,7.7,7.75,5.75,6.05,6.05,3026,31934.06,116550,-4000,04-MAR-2024,
OPTIDX,NIFTY,14-Mar-2024,21150,PE,10.45,10.45,6.6,6.85,6.85,689,7288.77,25850,-2900,04-MAR-2024,
OPTIDX,NIFTY,14-Mar-2024,21200,PE,11,11,7.15,7.55,7.55,5860,62140.13,162550,10050,04-MAR-2024,
OPTIDX,NIFTY,14-Mar-2024,21250,PE,7.45,11.05,7.45,8.45,8.45,1519,16146.48,29850,-8550,04-MAR-2024,
OPTIDX,NIFTY,14-Mar-2024,21300,PE,12,13.15,8.6,9.25,9.25,11462,122127.9,229450,-35750,04-MAR-2024,
OPTIDX,NIFTY,14-Mar-2024,21350,PE,15.3,15.3,9.9,10.5,10.5,1661,17740.67,40900,7950,04-MAR-2024,
OPTIDX,NIFTY,14-Mar-2024,21400,PE,15.2,16.75,11.15,11.8,11.8,15574,166746.22,314200,86450,04-MAR-2024,
OPTIDX,NIFTY,14-Mar-2024,21450,PE,18.9,18.9,12.9,13.85,13.85,2810,30158.53,47850,3350,04-MAR-2024,
OPTIDX,NIFTY,14-Mar-2024,21500,PE,18.65,21.9,15.2,16.25,16.25,24638,265075.21,767150,146150,04-MAR-2024,
OPTIDX,NIFTY,14-Mar-2024,21550,PE,22.85,25.15,17.5,18.8,18.8,4117,44402.56,68750,600,04-MAR-2024,
OPTIDX,NIFTY,14-Mar-2024,21600,PE,26.2,29,20.15,21.55,21.55,20108,217397.76,350950,86550,04-MAR-2024,
OPTIDX,NIFTY,14-Mar-2024,21650,PE,30.35,33.05,22.75,24.45,24.45,8692,94203.29,99050,56450,04-MAR-2024,
OPTIDX,NIFTY,14-Mar-2024,21700,PE,33.2,37.7,26.45,27.75,27.75,20018,217499.48,389800,156300,04-MAR-2024,
OPTIDX,NIFTY,14-Mar-2024,21750,PE,36.65,44.05,30.7,32.75,32.75,5828,63482.78,69800,29100,04-MAR-2024,
OPTIDX,NIFTY,14-Mar-2024,21800,PE,43.8,50,35.55,37.9,37.9,25953,283416.08,409050,162150,04-MAR-2024,
OPTIDX,NIFTY,14-Mar-2024,21850,PE,49.05,56.85,41,43.55,43.55,3888,42566.73,72000,15300,04-MAR-2024,
OPTIDX,NIFTY,14-Mar-2024,21900,PE,54.8,64.5,47.3,50.5,50.5,16359,179573.38,277150,76800,04-MAR-2024,
OPTIDX,NIFTY,14-Mar-2024,21950,PE,69.85,73.45,54.9,57.95,57.95,4861,53500.14,80100,4450,04-MAR-2024,
OPTIDX,NIFTY,14-Mar-2024,22000,PE,72.9,83.25,62.1,66.45,66.45,26568,293187.29,721100,130950,04-MAR-2024,
OPTIDX,NIFTY,14-Mar-2024,22050,PE,88.3,95,71.75,77.5,77.5,7399,81877.92,104150,47900,04-MAR-2024,
OPTIDX,NIFTY,14-Mar-2024,22100,PE,94.5,107,81.7,88.25,88.25,29260,324663.77,459850,131800,04-MAR-2024,
OPTIDX,NIFTY,14-Mar-2024,22150,PE,110.45,121,93.7,100.65,100.65,6100,67879.71,124150,13650,04-MAR-2024,
OPTIDX,NIFTY,14-Mar-2024,22200,PE,123.1,135.75,106.5,113.6,113.6,29370,327736.34,701850,215200,04-MAR-2024,
OPTIDX,NIFTY,14-Mar-2024,22250,PE,137,152,121.3,130.4,130.4,5991,67052.59,126800,32650,04-MAR-2024,
OPTIDX,NIFTY,14-Mar-2024,22300,PE,159.95,171.05,137.3,147.35,147.35,29201,327805.23,455000,176050,04-MAR-2024,
OPTIDX,NIFTY,14-Mar-2024,22350,PE,161,190,155,166.95,166.95,12955,145877.35,142350,58000,04-MAR-2024,
OPTIDX,NIFTY,14-Mar-2024,22400,PE,197.05,211,172.95,186.55,186.55,54427,614757.36,527300,354650,04-MAR-2024,
OPTIDX,NIFTY,14-Mar-2024,22450,PE,211.85,235,194.1,209.95,209.95,10859,123042.7,69600,32200,04-MAR-2024,
OPTIDX,NIFTY,14-Mar-2024,22500,PE,234.15,259,216.2,233.5,233.5,22113,251364.01,278700,192150,04-MAR-2024,
OPTIDX,NIFTY,14-Mar-2024,22550,PE,266.05,285.1,241.65,261.3,261.3,1883,21477.56,35800,20000,04-MAR-2024,
OPTIDX,NIFTY,14-Mar-2024,22600,PE,292.95,316,268.5,290.1,290.1,5050,57798.93,65100,25250,04-MAR-2024,
OPTIDX,NIFTY,14-Mar-2024,22650,PE,322.25,344,297.5,320.2,320.2,553,6351.31,17850,6000,04-MAR-2024,
OPTIDX,NIFTY,14-Mar-2024,22700,PE,350.55,378,327.2,353.3,353.3,722,8321.54,26150,12000,04-MAR-2024,
OPTIDX,NIFTY,14-Mar-2024,22750,PE,388.95,410.1,379.2,394.25,394.25,99,1145.63,14300,2000,04-MAR-2024,
OPTIDX,NIFTY,14-Mar-2024,22800,PE,426,453,395,431.05,431.05,880,10219.84,30050,5500,04-MAR-2024,
OPTIDX,NIFTY,14-Mar-2024,22850,PE,459.45,490,440,461.65,461.65,28,326.38,4450,300,04-MAR-2024,
OPTIDX,NIFTY,14-Mar-2024,22900,PE,498.45,524.55,471,499,499,59,690.37,4350,500,04-MAR-2024,
OPTIDX,NIFTY,14-Mar-2024,22950,PE,0,0,0,605.45,534.7,0,0,2050,0,04-MAR-2024,
OPTIDX,NIFTY,14-Mar-2024,23000,PE,575,616.05,553.05,594.4,594.4,321,3785.74,13350,4700,04-MAR-2024,
OPTIDX,NIFTY,14-Mar-2024,23050,PE,0,0,0,651.25,623,0,0,100,0,04-MAR-2024,
OPTIDX,NIFTY,14-Mar-2024,23100,PE,0,0,0,715.2,668.6,0,0,500,0,04-MAR-2024,
OPTIDX,NIFTY,14-Mar-2024,23150,PE,0,0,0,1323.6,714.95,0,0,0,0,04-MAR-2024,
OPTIDX,NIFTY,14-Mar-2024,23200,PE,850,850,740,779.5,779.5,15,179.86,400,400,04-MAR-2024,
OPTIDX,NIFTY,14-Mar-2024,23250,PE,0,0,0,1413.2,809.55,0,0,0,0,04-MAR-2024,
OPTIDX,NIFTY,14-Mar-2024,23300,PE,0,0,0,1458.6,857.55,0,0,0,0,04-MAR-2024,
OPTIDX,NIFTY,14-Mar-2024,23350,PE,0,0,0,1504.3,906,0,0,0,0,04-MAR-2024,
OPTIDX,NIFTY,14-Mar-2024,23400,PE,914.3,914.3,914.3,914.3,954.75,1,12.15,0,-50,04-MAR-2024,
OPTIDX,NIFTY,14-Mar-2024,23450,PE,0,0,0,1596.7,1003.75,0,0,0,0,04-MAR-2024,
OPTIDX,NIFTY,14-Mar-2024,23500,PE,0,0,0,1643.35,1053,0,0,0,0,04-MAR-2024,
OPTIDX,NIFTY,14-Mar-2024,23550,PE,0,0,0,1690.25,1102.35,0,0,0,0,04-MAR-2024,
OPTIDX,NIFTY,14-Mar-2024,23600,PE,0,0,0,1737.4,1151.9,0,0,0,0,04-MAR-2024,
OPTIDX,NIFTY,14-Mar-2024,23650,PE,0,0,0,1784.8,1201.5,0,0,0,0,04-MAR-2024,
OPTIDX,NIFTY,14-Mar-2024,23700,PE,0,0,0,1832.35,1251.2,0,0,0,0,04-MAR-2024,
OPTIDX,NIFTY,14-Mar-2024,23750,PE,0,0,0,1880.15,1300.9,0,0,0,0,04-MAR-2024,
OPTIDX,NIFTY,14-Mar-2024,23800,PE,0,0,0,1928.1,1350.7,0,0,0,0,04-MAR-2024,
OPTIDX,NIFTY,14-Mar-2024,23850,PE,0,0,0,1976.2,1400.55,0,0,0,0,04-MAR-2024,
OPTIDX,NIFTY,14-Mar-2024,23900,PE,0,0,0,2024.5,1450.4,0,0,0,0,04-MAR-2024,
OPTIDX,NIFTY,14-Mar-2024,23950,PE,0,0,0,2072.9,1500.25,0,0,0,0,04-MAR-2024,
OPTIDX,NIFTY,14-Mar-2024,24000,PE,0,0,0,2121.4,1550.1,0,0,0,0,04-MAR-2024,
OPTIDX,NIFTY,14-Mar-2024,24050,PE,0,0,0,2170.05,1600,0,0,0,0,04-MAR-2024,
OPTIDX,NIFTY,14-Mar-2024,24100,PE,0,0,0,2218.8,1649.9,0,0,0,0,04-MAR-2024,
OPTIDX,NIFTY,14-Mar-2024,24150,PE,0,0,0,2267.65,1699.8,0,0,0,0,04-MAR-2024,
OPTIDX,NIFTY,21-Mar-2024,20150,CE,0,0,0,2150,2318.85,0,0,50,0,04-MAR-2024,
OPTIDX,NIFTY,21-Mar-2024,20200,CE,0,0,0,1863.1,2269,0,0,0,0,04-MAR-2024,
OPTIDX,NIFTY,21-Mar-2024,20250,CE,0,0,0,1815,2219.15,0,0,0,0,04-MAR-2024,
OPTIDX,NIFTY,21-Mar-2024,20300,CE,0,0,0,1767.1,2169.35,0,0,0,0,04-MAR-2024,
OPTIDX,NIFTY,21-Mar-2024,20350,CE,0,0,0,1719.45,2119.5,0,0,0,0,04-MAR-2024,
OPTIDX,NIFTY,21-Mar-2024,20400,CE,0,0,0,1672,2069.65,0,0,0,0,04-MAR-2024,
OPTIDX,NIFTY,21-Mar-2024,20450,CE,0,0,0,1624.8,2019.8,0,0,0,0,04-MAR-2024,
OPTIDX,NIFTY,21-Mar-2024,20500,CE,0,0,0,1577.85,1970,0,0,0,0,04-MAR-2024,
OPTIDX,NIFTY,21-Mar-2024,20550,CE,0,0,0,1531.25,1920.15,0,0,0,0,04-MAR-2024,
OPTIDX,NIFTY,21-Mar-2024,20600,CE,0,0,0,1500,1870.35,0,0,100,0,04-MAR-2024,
OPTIDX,NIFTY,21-Mar-2024,20650,CE,0,0,0,1658,1820.55,0,0,50,0,04-MAR-2024,
OPTIDX,NIFTY,21-Mar-2024,20700,CE,0,0,0,1393.5,1770.75,0,0,0,0,04-MAR-2024,
OPTIDX,NIFTY,21-Mar-2024,20750,CE,0,0,0,1348.35,1720.95,0,0,0,0,04-MAR-2024,
OPTIDX,NIFTY,21-Mar-2024,20800,CE,0,0,0,1580,1671.2,0,0,50,0,04-MAR-2024,
OPTIDX,NIFTY,21-Mar-2024,20850,CE,0,0,0,1259.45,1621.45,0,0,0,0,04-MAR-2024,
OPTIDX,NIFTY,21-Mar-2024,20900,CE,0,0,0,1215.7,1571.75,0,0,0,0,04-MAR-2024,
OPTIDX,NIFTY,21-Mar-2024,20950,CE,0,0,0,1172.5,1522.1,0,0,0,0,04-MAR-2024,
OPTIDX,NIFTY,21-Mar-2024,21000,CE,0,0,0,1129.85,1472.5,0,0,0,0,04-MAR-2024,
OPTIDX,NIFTY,21-Mar-2024,21050,CE,0,0,0,1087.8,1422.95,0,0,0,0,04-MAR-2024,
OPTIDX,NIFTY,21-Mar-2024,21100,CE,0,0,0,1046.35,1373.55,0,0,0,0,04-MAR-2024,
OPTIDX,NIFTY,21-Mar-2024,21150,CE,0,0,0,1005.55,1324.2,0,0,0,0,04-MAR-2024,
OPTIDX,NIFTY,21-Mar-2024,21200,CE,0,0,0,965.45,1275,0,0,0,0,04-MAR-2024,
OPTIDX,NIFTY,21-Mar-2024,21250,CE,0,0,0,926,1226,0,0,0,0,04-MAR-2024,
OPTIDX,NIFTY,21-Mar-2024,21300,CE,0,0,0,887.35,1177.15,0,0,0,0,04-MAR-2024,
OPTIDX,NIFTY,21-Mar-2024,21350,CE,0,0,0,849.45,1128.55,0,0,0,0,04-MAR-2024,
OPTIDX,NIFTY,21-Mar-2024,21400,CE,0,0,0,813.1,1080.2,0,0,0,0,04-MAR-2024,
OPTIDX,NIFTY,21-Mar-2024,21450,CE,0,0,0,775.85,1032.25,0,0,0,0,04-MAR-2024,
OPTIDX,NIFTY,21-Mar-2024,21500,CE,1024.7,1024.7,991.3,991.3,991.3,2,22.5,100,50,04-MAR-2024,
OPTIDX,NIFTY,21-Mar-2024,21550,CE,0,0,0,750,937.45,0,0,50,0,04-MAR-2024,
OPTIDX,NIFTY,21-Mar-2024,21600,CE,0,0,0,672.05,890.8,0,0,0,0,04-MAR-2024,
OPTIDX,NIFTY,21-Mar-2024,21650,CE,0,0,0,639.25,844.7,0,0,0,0,04-MAR-2024,
OPTIDX,NIFTY,21-Mar-2024,21700,CE,0,0,0,607.35,799.3,0,0,0,0,04-MAR-2024,
OPTIDX,NIFTY,21-Mar-2024,21750,CE,0,0,0,576.4,754.6,0,0,0,0,04-MAR-2024,
OPTIDX,NIFTY,21-Mar-2024,21800,CE,730,745,716.15,745,710.7,4,45.06,2900,-50,04-MAR-2024,
OPTIDX,NIFTY,21-Mar-2024,21850,CE,0,0,0,678.75,667.7,0,0,50,0,04-MAR-2024,
OPTIDX,NIFTY,21-Mar-2024,21900,CE,651.45,676.3,630.85,657.25,625.75,4,45.1,3350,-50,04-MAR-2024,
OPTIDX,NIFTY,21-Mar-2024,21950,CE,592.3,621.85,592.3,617,617,118,1331.17,4500,-2550,04-MAR-2024,
OPTIDX,NIFTY,21-Mar-2024,22000,CE,599.95,608.7,551.2,565.45,565.45,234,2640.92,20200,-5300,04-MAR-2024,
OPTIDX,NIFTY,21-Mar-2024,22050,CE,519.3,567.85,519.3,566.4,506.55,4,45.2,4800,-100,04-MAR-2024,
OPTIDX,NIFTY,21-Mar-2024,22100,CE,530,532.15,480,490.7,490.7,139,1570.81,5550,-1900,04-MAR-2024,
OPTIDX,NIFTY,21-Mar-2024,22150,CE,481.25,481.25,444.5,464.9,464.9,8,90.45,3750,100,04-MAR-2024,
OPTIDX,NIFTY,21-Mar-2024,22200,CE,449.15,462.9,407.75,425.8,425.8,437,4944.5,41700,4150,04-MAR-2024,
OPTIDX,NIFTY,21-Mar-2024,22250,CE,413,425.35,371.15,389.85,366.35,48,543.51,4700,0,04-MAR-2024,
OPTIDX,NIFTY,21-Mar-2024,22300,CE,379.05,395,350,356.75,356.75,421,4771.95,15000,2700,04-MAR-2024,
OPTIDX,NIFTY,21-Mar-2024,22350,CE,350,363.3,319.5,325.2,325.2,204,2314.1,8700,-900,04-MAR-2024,
OPTIDX,NIFTY,21-Mar-2024,22400,CE,319.5,332.6,289.85,298.45,298.45,1481,16812.35,33750,14900,04-MAR-2024,
OPTIDX,NIFTY,21-Mar-2024,22450,CE,299.75,303.45,260,268.35,268.35,364,4136.1,7300,550,04-MAR-2024,
OPTIDX,NIFTY,21-Mar-2024,22500,CE,268.65,276.7,234.4,241.7,241.7,2380,27070.82,64750,29200,04-MAR-2024,
OPTIDX,NIFTY,21-Mar-2024,22550,CE,239.9,249.2,212.6,219.25,219.25,457,5205.37,5350,-1550,04-MAR-2024,
OPTIDX,NIFTY,21-Mar-2024,22600,CE,228.9,228.9,189.8,194,194,638,7274.06,17550,-2300,04-MAR-2024,
OPTIDX,NIFTY,21-Mar-2024,22650,CE,210.75,210.75,166.05,166.05,166.05,23,262.63,1900,150,04-MAR-2024,
OPTIDX,NIFTY,21-Mar-2024,22700,CE,169.95,181.65,147.3,149.55,149.55,548,6263.04,27650,10450,04-MAR-2024,
OPTIDX,NIFTY,21-Mar-2024,22750,CE,0,0,0,157.15,127.25,0,0,0,0,04-MAR-2024,
OPTIDX,NIFTY,21-Mar-2024,22800,CE,143.75,143.75,112.9,116.6,116.6,598,6854.11,26500,10250,04-MAR-2024,
OPTIDX,NIFTY,21-Mar-2024,22850,CE,110.2,115.75,100,100,100,18,206.59,650,600,04-MAR-2024,
OPTIDX,NIFTY,21-Mar-2024,22900,CE,107,107,84.85,86.85,86.85,281,3230.32,24900,2550,04-MAR-2024,
OPTIDX,NIFTY,21-Mar-2024,22950,CE,80.95,90,77.7,88.35,74.55,12,138.2,2350,100,04-MAR-2024,
OPTIDX,NIFTY,21-Mar-2024,23000,CE,80,85.2,63.95,67.45,67.45,1496,17258.01,64000,16000,04-MAR-2024,
OPTIDX,NIFTY,21-Mar-2024,23050,CE,61.5,68.35,50.55,58.1,58.1,40,462.22,900,-450,04-MAR-2024,
OPTIDX,NIFTY,21-Mar-2024,23100,CE,58,62.45,47.05,49.95,49.95,1086,12571.31,31700,23700,04-MAR-2024,
OPTIDX,NIFTY,21-Mar-2024,23150,CE,44,49.6,39.25,39.25,39.25,60,695.85,2950,2850,04-MAR-2024,
OPTIDX,NIFTY,21-Mar-2024,23200,CE,44.25,47.8,33.8,36.45,36.45,1770,20566.36,61750,41050,04-MAR-2024,
OPTIDX,NIFTY,21-Mar-2024,23250,CE,32.6,39.15,25.1,28.9,28.9,263,3061.85,8300,4800,04-MAR-2024,
OPTIDX,NIFTY,21-Mar-2024,23300,CE,32.05,32.8,24,25.1,25.1,340,3965.75,13800,5250,04-MAR-2024,
OPTIDX,NIFTY,21-Mar-2024,23350,CE,25.15,29.4,19.9,20.85,20.85,129,1507.57,2700,400,04-MAR-2024,
OPTIDX,NIFTY,21-Mar-2024,23400,CE,22,27.15,16,17.25,17.25,386,4519.92,18950,6900,04-MAR-2024,
OPTIDX,NIFTY,21-Mar-2024,23450,CE,21.7,21.7,15,15.95,15.95,23,269.87,3600,600,04-MAR-2024,
OPTIDX,NIFTY,21-Mar-2024,23500,CE,17.9,18.5,11.25,11.85,11.85,1948,22903.2,91700,6600,04-MAR-2024,
OPTIDX,NIFTY,21-Mar-2024,23550,CE,13.5,16,10.55,11.7,11.7,88,1036.74,4750,1650,04-MAR-2024,
OPTIDX,NIFTY,21-Mar-2024,23600,CE,10.5,17.45,9,9.35,9.35,272,3211.18,7600,6850,04-MAR-2024,
OPTIDX,NIFTY,21-Mar-2024,23650,CE,9.45,9.45,9.45,9.45,6.55,8,94.63,400,400,04-MAR-2024,
OPTIDX,NIFTY,21-Mar-2024,23700,CE,8.45,8.7,8.45,8.7,8.7,3,35.56,550,150,04-MAR-2024,
OPTIDX,NIFTY,21-Mar-2024,23750,CE,8.9,8.9,7.45,7.9,7.9,5,59.39,1000,200,04-MAR-2024,
OPTIDX,NIFTY,21-Mar-2024,23800,CE,9.45,9.45,9.45,9.45,3.45,10,119.04,500,500,04-MAR-2024,
OPTIDX,NIFTY,21-Mar-2024,23850,CE,0,0,0,19.95,2.75,0,0,0,0,04-MAR-2024,
OPTIDX,NIFTY,21-Mar-2024,23900,CE,7,9.45,4,4.5,4.5,637,7613.87,21050,13000,04-MAR-2024,
OPTIDX,NIFTY,21-Mar-2024,23950,CE,6.2,6.2,6.2,6.2,1.75,1,11.97,750,-50,04-MAR-2024,
OPTIDX,NIFTY,21-Mar-2024,24000,CE,6,7,3.55,3.8,3.8,201,2412.45,4750,3900,04-MAR-2024,
OPTIDX,NIFTY,21-Mar-2024,24050,CE,4.3,5,4.3,4.5,4.5,20,240.54,900,850,04-MAR-2024,
OPTIDX,NIFTY,21-Mar-2024,24100,CE,6.65,6.65,2.6,4.75,4.75,163,1964.48,4650,2300,04-MAR-2024,
OPTIDX,NIFTY,21-Mar-2024,24150,CE,0,0,0,10.1,0.65,0,0,0,0,04-MAR-2024,
OPTIDX,NIFTY,21-Mar-2024,20150,PE,0,0,0,8.95,0.05,0,0,0,0,04-MAR-2024,
OPTIDX,NIFTY,21-Mar-2024,20200,PE,5.6,9.4,5.45,6,6,55,555.68,6450,1150,04-MAR-2024,
OPTIDX,NIFTY,21-Mar-2024,20250,PE,0,0,0,11.85,0.05,0,0,0,0,04-MAR-2024,
OPTIDX,NIFTY,21-Mar-2024,20300,PE,0,0,0,13.6,0.05,0,0,0,0,04-MAR-2024,
OPTIDX,NIFTY,21-Mar-2024,20350,PE,0,0,0,15.55,0.05,0,0,0,0,04-MAR-2024,
OPTIDX,NIFTY,21-Mar-2024,20400,PE,0,0,0,17.75,0.05,0,0,0,0,04-MAR-2024,
OPTIDX,NIFTY,21-Mar-2024,20450,PE,0,0,0,20.2,0.05,0,0,0,0,04-MAR-2024,
OPTIDX,NIFTY,21-Mar-2024,20500,PE,0,0,0,22.95,0.05,0,0,0,0,04-MAR-2024,
OPTIDX,NIFTY,21-Mar-2024,20550,PE,0,0,0,26,0.05,0,0,0,0,04-MAR-2024,
OPTIDX,NIFTY,21-Mar-2024,20600,PE,0,0,0,29.35,0.1,0,0,0,0,04-MAR-2024,
OPTIDX,NIFTY,21-Mar-2024,20650,PE,0,0,0,33.05,0.1,0,0,0,0,04-MAR-2024,
OPTIDX,NIFTY,21-Mar-2024,20700,PE,0,0,0,37.2,0.15,0,0,0,0,04-MAR-2024,
OPTIDX,NIFTY,21-Mar-2024,20750,PE,0,0,0,41.7,0.2,0,0,0,0,04-MAR-2024,
OPTIDX,NIFTY,21-Mar-2024,20800,PE,11,11,8.1,9.15,9.15,769,8001.05,41350,19250,04-MAR-2024,
OPTIDX,NIFTY,21-Mar-2024,20850,PE,0,0,0,35,0.4,0,0,850,0,04-MAR-2024,
OPTIDX,NIFTY,21-Mar-2024,20900,PE,15.75,15.75,15.75,15.75,15.75,2,20.91,13250,50,04-MAR-2024,
OPTIDX,NIFTY,21-Mar-2024,20950,PE,0,0,0,17.85,0.75,0,0,5200,0,04-MAR-2024,
OPTIDX,NIFTY,21-Mar-2024,21000,PE,14,15.25,11.65,12.65,12.65,1992,20928.99,85650,-15600,04-MAR-2024,
OPTIDX,NIFTY,21-Mar-2024,21050,PE,14.4,14.4,14.4,14.4,14.4,9,94.78,400,400,04-MAR-2024,
OPTIDX,NIFTY,21-Mar-2024,21100,PE,18,20.05,14.15,14.8,14.8,342,3610.94,17350,3800,04-MAR-2024,
OPTIDX,NIFTY,21-Mar-2024,21150,PE,21,21,11.1,11.95,11.95,22,232.82,4900,1050,04-MAR-2024,
OPTIDX,NIFTY,21-Mar-2024,21200,PE,23.4,23.55,15.45,18.15,18.15,284,3013.21,9200,9200,04-MAR-2024,
OPTIDX,NIFTY,21-Mar-2024,21250,PE,24.15,25,23.05,23.05,3.7,126,1340.27,5500,5500,04-MAR-2024,
OPTIDX,NIFTY,21-Mar-2024,21300,PE,25.9,27.15,20.95,22.65,22.65,872,9297.28,57100,7850,04-MAR-2024,
OPTIDX,NIFTY,21-Mar-2024,21350,PE,26.75,27,24.5,24.5,5.95,121,1293.26,5500,5450,04-MAR-2024,
OPTIDX,NIFTY,21-Mar-2024,21400,PE,30,34.1,26.45,28.35,28.35,778,8336.41,36050,9250,04-MAR-2024,
OPTIDX,NIFTY,21-Mar-2024,21450,PE,0,0,0,164.25,9.3,0,0,0,0,04-MAR-2024,
OPTIDX,NIFTY,21-Mar-2024,21500,PE,39.2,43.2,35,36.3,36.3,2956,31831.98,96750,37300,04-MAR-2024,
OPTIDX,NIFTY,21-Mar-2024,21550,PE,0,0,0,193.45,14.2,0,0,0,0,04-MAR-2024,
OPTIDX,NIFTY,21-Mar-2024,21600,PE,50,54,44.05,44.8,44.8,925,10011.38,31200,14550,04-MAR-2024,
OPTIDX,NIFTY,21-Mar-2024,21650,PE,60.6,60.6,46.55,46.55,46.55,62,672.79,7850,450,04-MAR-2024,
OPTIDX,NIFTY,21-Mar-2024,21700,PE,62.2,67.05,54.75,56.5,56.5,944,10270.27,45650,12900,04-MAR-2024,
OPTIDX,NIFTY,21-Mar-2024,21750,PE,76.55,76.55,60,63.7,63.7,50,545.37,3850,2400,04-MAR-2024,
OPTIDX,NIFTY,21-Mar-2024,21800,PE,77,83.55,68.75,70.6,70.6,588,6430.69,40700,6800,04-MAR-2024,
OPTIDX,NIFTY,21-Mar-2024,21850,PE,90.3,90.3,74.4,79.25,79.25,39,427.64,3600,300,04-MAR-2024,
OPTIDX,NIFTY,21-Mar-2024,21900,PE,96,102,85.6,88.7,88.7,405,4453.16,20600,5400,04-MAR-2024,
OPTIDX,NIFTY,21-Mar-2024,21950,PE,93,115.2,93,106,106,28,308.76,5900,800,04-MAR-2024,
OPTIDX,NIFTY,21-Mar-2024,22000,PE,116,124,102.95,109.05,109.05,2533,28004.53,119250,26750,04-MAR-2024,
OPTIDX,NIFTY,21-Mar-2024,22050,PE,145,145,116.35,119.15,119.15,280,3104.03,14600,6600,04-MAR-2024,
OPTIDX,NIFTY,21-Mar-2024,22100,PE,135.15,153.9,127.95,134.1,134.1,570,6337.91,45400,-5800,04-MAR-2024,
OPTIDX,NIFTY,21-Mar-2024,22150,PE,154,166.65,142.8,148.1,148.1,212,2364,8950,-2200,04-MAR-2024,
OPTIDX,NIFTY,21-Mar-2024,22200,PE,179.8,182,154.35,164.95,164.95,1489,16651.86,49200,15300,04-MAR-2024,
OPTIDX,NIFTY,21-Mar-2024,22250,PE,193.4,199.15,170.3,182.85,182.85,176,1974.26,8500,-750,04-MAR-2024,
OPTIDX,NIFTY,21-Mar-2024,22300,PE,200,217.5,187,197.85,197.85,829,9326.43,50650,1850,04-MAR-2024,
OPTIDX,NIFTY,21-Mar-2024,22350,PE,226.95,239.85,207,217.3,217.3,456,5145.83,19350,5350,04-MAR-2024,
OPTIDX,NIFTY,21-Mar-2024,22400,PE,237.95,260,223.75,238.8,238.8,1749,19797.94,34800,3500,04-MAR-2024,
OPTIDX,NIFTY,21-Mar-2024,22450,PE,264.5,282.05,245,260.95,260.95,483,5484.65,6050,5350,04-MAR-2024,
OPTIDX,NIFTY,21-Mar-2024,22500,PE,295,305,266.75,282.6,282.6,784,8930.58,19700,3950,04-MAR-2024,
OPTIDX,NIFTY,21-Mar-2024,22550,PE,316.45,316.45,314.3,314.3,276.95,5,57.16,250,250,04-MAR-2024,
OPTIDX,NIFTY,21-Mar-2024,22600,PE,333.95,357.1,312.95,340.3,340.3,198,2270.87,7000,6150,04-MAR-2024,
OPTIDX,NIFTY,21-Mar-2024,22650,PE,0,0,0,762.1,335.45,0,0,0,0,04-MAR-2024,
OPTIDX,NIFTY,21-Mar-2024,22700,PE,416.65,416.65,383.35,400,367.1,9,103.94,6200,250,04-MAR-2024,
OPTIDX,NIFTY,21-Mar-2024,22750,PE,0,0,0,836.4,400.25,0,0,0,0,04-MAR-2024,
OPTIDX,NIFTY,21-Mar-2024,22800,PE,455,468.65,455,468.65,468.65,6,69.78,250,200,04-MAR-2024,
OPTIDX,NIFTY,21-Mar-2024,22850,PE,0,0,0,911.85,470.9,0,0,0,0,04-MAR-2024,
OPTIDX,NIFTY,21-Mar-2024,22900,PE,0,0,0,951.05,508.3,0,0,0,0,04-MAR-2024,
OPTIDX,NIFTY,21-Mar-2024,22950,PE,0,0,0,990.9,546.9,0,0,0,0,04-MAR-2024,
OPTIDX,NIFTY,21-Mar-2024,23000,PE,600,619,594,599,599,377,4448.61,17800,17800,04-MAR-2024,
OPTIDX,NIFTY,21-Mar-2024,23050,PE,0,0,0,1072.5,627.65,0,0,0,0,04-MAR-2024,
OPTIDX,NIFTY,21-Mar-2024,23100,PE,0,0,0,1114.2,669.6,0,0,0,0,04-MAR-2024,
OPTIDX,NIFTY,21-Mar-2024,23150,PE,0,0,0,1156.45,712.5,0,0,0,0,04-MAR-2024,
OPTIDX,NIFTY,21-Mar-2024,23200,PE,0,0,0,1199.2,756.25,0,0,0,0,04-MAR-2024,
OPTIDX,NIFTY,21-Mar-2024,23250,PE,0,0,0,1242.45,800.75,0,0,0,0,04-MAR-2024,
OPTIDX,NIFTY,21-Mar-2024,23300,PE,0,0,0,1286.2,846,0,0,0,0,04-MAR-2024,
OPTIDX,NIFTY,21-Mar-2024,23350,PE,0,0,0,1330.4,891.85,0,0,0,0,04-MAR-2024,
OPTIDX,NIFTY,21-Mar-2024,23400,PE,0,0,0,1375,938.25,0,0,0,0,04-MAR-2024,
OPTIDX,NIFTY,21-Mar-2024,23450,PE,0,0,0,1420,985.2,0,0,0,0,04-MAR-2024,
OPTIDX,NIFTY,21-Mar-2024,23500,PE,0,0,0,1465.35,1032.55,0,0,0,0,04-MAR-2024,
OPTIDX,NIFTY,21-Mar-2024,23550,PE,0,0,0,1511.05,1080.3,0,0,0,0,04-MAR-2024,
OPTIDX,NIFTY,21-Mar-2024,23600,PE,0,0,0,1557.1,1128.35,0,0,0,0,04-MAR-2024,
OPTIDX,NIFTY,21-Mar-2024,23650,PE,0,0,0,1603.45,1176.7,0,0,0,0,04-MAR-2024,
OPTIDX,NIFTY,21-Mar-2024,23700,PE,0,0,0,1650.1,1225.35,0,0,0,0,04-MAR-2024,
OPTIDX,NIFTY,21-Mar-2024,23750,PE,0,0,0,1696.95,1274.15,0,0,0,0,04-MAR-2024,
OPTIDX,NIFTY,21-Mar-2024,23800,PE,0,0,0,1744.1,1323.15,0,0,0,0,04-MAR-2024,
OPTIDX,NIFTY,21-Mar-2024,23850,PE,0,0,0,1791.45,1372.3,0,0,0,0,04-MAR-2024,
OPTIDX,NIFTY,21-Mar-2024,23900,PE,0,0,0,1839.05,1421.6,0,0,0,0,04-MAR-2024,
OPTIDX,NIFTY,21-Mar-2024,23950,PE,0,0,0,1886.8,1470.95,0,0,0,0,04-MAR-2024,
OPTIDX,NIFTY,21-Mar-2024,24000,PE,0,0,0,1934.75,1520.45,0,0,0,0,04-MAR-2024,
OPTIDX,NIFTY,21-Mar-2024,24050,PE,0,0,0,1982.85,1570,0,0,0,0,04-MAR-2024,
OPTIDX,NIFTY,21-Mar-2024,24100,PE,0,0,0,2031.1,1619.6,0,0,0,0,04-MAR-2024,
OPTIDX,NIFTY,21-Mar-2024,24150,PE,0,0,0,2079.5,1669.25,0,0,0,0,04-MAR-2024,
OPTIDX,NIFTY,28-Mar-2024,14000,CE,8402.05,8402.05,8402.05,8402.05,8402.05,1,11.2,323100,50,04-MAR-2024,
OPTIDX,NIFTY,28-Mar-2024,15000,CE,7430,7520.3,7430,7519.1,7472.05,5,56.25,24100,-100,04-MAR-2024,
OPTIDX,NIFTY,28-Mar-2024,16000,CE,6517.85,6520,6460.75,6475,6476.45,8,89.97,30700,-350,04-MAR-2024,
OPTIDX,NIFTY,28-Mar-2024,17000,CE,5537.6,5537.6,5450,5470,5470,74,831.33,139600,-3550,04-MAR-2024,
OPTIDX,NIFTY,28-Mar-2024,18000,CE,4470,4528.85,4452,4482.35,4482.35,546,6133.81,587550,-15050,04-MAR-2024,
OPTIDX,NIFTY,28-Mar-2024,19000,CE,3490.6,3519.65,3447.4,3484.75,3484.75,451,5069.63,667850,-7400,04-MAR-2024,
OPTIDX,NIFTY,28-Mar-2024,19500,CE,2971.5,2995.2,2971.5,2981.85,2981.85,60,674.54,125050,-550,04-MAR-2024,
OPTIDX,NIFTY,28-Mar-2024,19550,CE,0,0,0,2760,2942.2,0,0,4200,0,04-MAR-2024,
OPTIDX,NIFTY,28-Mar-2024,19600,CE,0,0,0,2550.75,2892.4,0,0,5900,0,04-MAR-2024,
OPTIDX,NIFTY,28-Mar-2024,19650,CE,2840,2840,2840,2840,2840,3,33.73,800,0,04-MAR-2024,
OPTIDX,NIFTY,28-Mar-2024,19700,CE,2790,2790,2790,2790,2790,16,179.92,14400,-800,04-MAR-2024,
OPTIDX,NIFTY,28-Mar-2024,19750,CE,0,0,0,2387.9,2743.05,0,0,100,0,04-MAR-2024,
OPTIDX,NIFTY,28-Mar-2024,19800,CE,0,0,0,2332.2,2693.3,0,0,11900,0,04-MAR-2024,
OPTIDX,NIFTY,28-Mar-2024,19850,CE,0,0,0,2177.45,2643.5,0,0,50,0,04-MAR-2024,
OPTIDX,NIFTY,28-Mar-2024,19900,CE,0,0,0,2498,2593.75,0,0,7150,0,04-MAR-2024,
OPTIDX,NIFTY,28-Mar-2024,19950,CE,0,0,0,2109,2543.95,0,0,100,0,04-MAR-2024,
OPTIDX,NIFTY,28-Mar-2024,20000,CE,2505.7,2530,2461.55,2490.35,2490.35,579,6511.53,936950,-9800,04-MAR-2024,
OPTIDX,NIFTY,28-Mar-2024,20050,CE,2430,2435,2430,2435,2444.4,6,67.44,550,200,04-MAR-2024,
OPTIDX,NIFTY,28-Mar-2024,20100,CE,2400,2410,2380,2390,2390,4,44.99,3850,200,04-MAR-2024,
OPTIDX,NIFTY,28-Mar-2024,20150,CE,0,0,0,2172,2344.85,0,0,300,0,04-MAR-2024,
OPTIDX,NIFTY,28-Mar-2024,20200,CE,2313.35,2319.6,2313.35,2319.6,2295.1,2,22.51,18150,0,04-MAR-2024,
OPTIDX,NIFTY,28-Mar-2024,20250,CE,0,0,0,1900,2245.35,0,0,50,0,04-MAR-2024,
OPTIDX,NIFTY,28-Mar-2024,20300,CE,2202.55,2202.55,2170.5,2195,2195,15,168.68,9450,450,04-MAR-2024,
OPTIDX,NIFTY,28-Mar-2024,20350,CE,0,0,0,1339.55,2145.85,0,0,400,0,04-MAR-2024,
OPTIDX,NIFTY,28-Mar-2024,20400,CE,2105.3,2106.65,2083.9,2083.9,2083.9,11,123.75,7950,50,04-MAR-2024,
OPTIDX,NIFTY,28-Mar-2024,20450,CE,0,0,0,1647.2,2046.4,0,0,600,0,04-MAR-2024,
OPTIDX,NIFTY,28-Mar-2024,20500,CE,2029.6,2035,1974.7,1998.45,1998.45,179,2013.27,270200,-650,04-MAR-2024,
OPTIDX,NIFTY,28-Mar-2024,20550,CE,0,0,0,1570.2,1947,0,0,1150,0,04-MAR-2024,
OPTIDX,NIFTY,28-Mar-2024,20600,CE,1903.85,1914.3,1877.2,1890.65,1890.65,19,213.67,48950,-50,04-MAR-2024,
OPTIDX,NIFTY,28-Mar-2024,20650,CE,0,0,0,1660,1847.7,0,0,850,0,04-MAR-2024,
OPTIDX,NIFTY,28-Mar-2024,20700,CE,1807,1848,1781.3,1781.3,1798.15,5,56.25,23500,-100,04-MAR-2024,
OPTIDX,NIFTY,28-Mar-2024,20750,CE,0,0,0,1735.3,1748.6,0,0,3100,0,04-MAR-2024,
OPTIDX,NIFTY,28-Mar-2024,20800,CE,1700,1709.75,1684.75,1709.75,1699.1,15,168.72,32100,200,04-MAR-2024,
OPTIDX,NIFTY,28-Mar-2024,20850,CE,0,0,0,1475,1649.7,0,0,850,0,04-MAR-2024,
OPTIDX,NIFTY,28-Mar-2024,20900,CE,1600,1600,1588.9,1588.9,1600.4,3,33.74,15150,0,04-MAR-2024,
OPTIDX,NIFTY,28-Mar-2024,20950,CE,0,0,0,1221.8,1551.15,0,0,700,0,04-MAR-2024,
OPTIDX,NIFTY,28-Mar-2024,21000,CE,1537.1,1560.9,1489.8,1516.85,1516.85,874,9840.95,1379050,-1550,04-MAR-2024,
OPTIDX,NIFTY,28-Mar-2024,21050,CE,1450,1450,1450,1450,1453.1,8,90,2850,400,04-MAR-2024,
OPTIDX,NIFTY,28-Mar-2024,21100,CE,1452.2,1452.25,1400.05,1420.05,1420.05,8,90.1,15950,-200,04-MAR-2024,
OPTIDX,NIFTY,28-Mar-2024,21150,CE,0,0,0,1318.3,1355.7,0,0,1300,0,04-MAR-2024,
OPTIDX,NIFTY,28-Mar-2024,21200,CE,1349.7,1365,1297.6,1308.05,1308.05,38,428.03,95250,100,04-MAR-2024,
OPTIDX,NIFTY,28-Mar-2024,21250,CE,0,0,0,940,1259.2,0,0,2500,0,04-MAR-2024,
OPTIDX,NIFTY,28-Mar-2024,21300,CE,1260,1264,1217,1225,1225,164,1847.98,35100,-4500,04-MAR-2024,
OPTIDX,NIFTY,28-Mar-2024,21350,CE,0,0,0,1150,1163.85,0,0,3100,0,04-MAR-2024,
OPTIDX,NIFTY,28-Mar-2024,21400,CE,1150,1150,1117.15,1139.1,1139.1,42,473.25,57950,-100,04-MAR-2024,
OPTIDX,NIFTY,28-Mar-2024,21450,CE,0,0,0,1035.2,1070.05,0,0,3850,0,04-MAR-2024,
OPTIDX,NIFTY,28-Mar-2024,21500,CE,1052.8,1095,1030,1052.85,1052.85,1882,21227.87,556100,31650,04-MAR-2024,
OPTIDX,NIFTY,28-Mar-2024,21550,CE,1025,1030.75,1025,1030.75,978.1,3,33.86,9500,-50,04-MAR-2024,
OPTIDX,NIFTY,28-Mar-2024,21600,CE,989,1002.9,941.35,960.75,960.75,113,1275.13,94900,100,04-MAR-2024,
OPTIDX,NIFTY,28-Mar-2024,21650,CE,917,939,897.55,920,920,10,112.88,11200,-150,04-MAR-2024,
OPTIDX,NIFTY,28-Mar-2024,21700,CE,886.25,920,859.1,874.2,874.2,218,2461.99,108050,-3800,04-MAR-2024,
OPTIDX,NIFTY,28-Mar-2024,21750,CE,862.4,862.4,824.7,829,801.75,37,417.98,18250,700,04-MAR-2024,
OPTIDX,NIFTY,28-Mar-2024,21800,CE,790,838,780,800.15,800.15,542,6126.28,138550,-1750,04-MAR-2024,
OPTIDX,NIFTY,28-Mar-2024,21850,CE,747,782,736.2,761.9,761.9,44,497.38,27500,-50,04-MAR-2024,
OPTIDX,NIFTY,28-Mar-2024,21900,CE,743.6,754.6,699.3,716.6,716.6,1173,13267.55,267100,-1500,04-MAR-2024,
OPTIDX,NIFTY,28-Mar-2024,21950,CE,702.65,716.05,664.3,675.3,675.3,89,1007.1,27500,150,04-MAR-2024,
OPTIDX,NIFTY,28-Mar-2024,22000,CE,659,676,620,638.5,638.5,12391,140292.14,1850600,-65800,04-MAR-2024,
OPTIDX,NIFTY,28-Mar-2024,22050,CE,626.9,638.4,589.75,603.2,603.2,139,1574.59,38350,1600,04-MAR-2024,
OPTIDX,NIFTY,28-Mar-2024,22100,CE,590,603.1,549.4,565.95,565.95,2282,25869.87,548500,-15050,04-MAR-2024,
OPTIDX,NIFTY,28-Mar-2024,22150,CE,549.8,564.4,514.6,531.05,531.05,627,7111.95,57050,-9300,04-MAR-2024,
OPTIDX,NIFTY,28-Mar-2024,22200,CE,520,534,481.8,499.3,499.3,11847,134493.94,1807800,-93350,04-MAR-2024,
OPTIDX,NIFTY,28-Mar-2024,22250,CE,482.55,497.55,449.75,464.4,464.4,550,6248.24,55200,2300,04-MAR-2024,
OPTIDX,NIFTY,28-Mar-2024,22300,CE,465,467.15,418.6,432.35,432.35,11094,126151.09,833700,-4400,04-MAR-2024,
OPTIDX,NIFTY,28-Mar-2024,22350,CE,414.55,432.95,387.5,400.2,400.2,2791,31756.46,73750,14100,04-MAR-2024,
OPTIDX,NIFTY,28-Mar-2024,22400,CE,390,403.4,358,371.2,371.2,33536,381935.92,716600,174800,04-MAR-2024,
OPTIDX,NIFTY,28-Mar-2024,22450,CE,355.05,372.1,329.35,338.6,338.6,2729,31109.25,47450,9350,04-MAR-2024,
OPTIDX,NIFTY,28-Mar-2024,22500,CE,330.05,342.3,300.7,311.95,311.95,48545,553892.68,1940250,226100,04-MAR-2024,
OPTIDX,NIFTY,28-Mar-2024,22550,CE,308.95,315.7,276.85,285.7,285.7,1693,19341.36,70200,6400,04-MAR-2024,
OPTIDX,NIFTY,28-Mar-2024,22600,CE,282.4,289.85,251.5,261.6,261.6,12976,148368.87,483300,111350,04-MAR-2024,
OPTIDX,NIFTY,28-Mar-2024,22650,CE,253,266.65,231.05,237.85,237.85,1021,11688.98,54800,5000,04-MAR-2024,
OPTIDX,NIFTY,28-Mar-2024,22700,CE,231.75,241.75,206.8,214.75,214.75,9584,109843.93,553700,50600,04-MAR-2024,
OPTIDX,NIFTY,28-Mar-2024,22750,CE,210.05,220,188.55,193.9,193.9,1879,21561.91,83950,19100,04-MAR-2024,
OPTIDX,NIFTY,28-Mar-2024,22800,CE,192.05,198.75,168,174.15,174.15,12101,139037.27,1116500,137350,04-MAR-2024,
OPTIDX,NIFTY,28-Mar-2024,22850,CE,172.95,179.3,152.35,155.95,155.95,1337,15383.66,51200,17550,04-MAR-2024,
OPTIDX,NIFTY,28-Mar-2024,22900,CE,158.65,162.8,135.45,141,141,5207,60002.06,418050,-24350,04-MAR-2024,
OPTIDX,NIFTY,28-Mar-2024,22950,CE,140.9,147.4,121.4,126.25,126.25,1130,13040.77,93150,-1750,04-MAR-2024,
OPTIDX,NIFTY,28-Mar-2024,23000,CE,129.1,132.65,108.1,112.25,112.25,35353,408638.4,3309500,-42550,04-MAR-2024,
OPTIDX,NIFTY,28-Mar-2024,23050,CE,115.5,117.3,94.55,98.1,98.1,1897,21961.9,98100,14000,04-MAR-2024,
OPTIDX,NIFTY,28-Mar-2024,23100,CE,101.35,105.1,83.7,86.5,86.5,7641,88605.87,599100,34050,04-MAR-2024,
OPTIDX,NIFTY,28-Mar-2024,23150,CE,89.95,92.55,73,75.35,75.35,1911,22197.68,64800,9100,04-MAR-2024,
OPTIDX,NIFTY,28-Mar-2024,23200,CE,78.3,81.9,63.45,66.75,66.75,14269,166026.95,835650,91800,04-MAR-2024,
OPTIDX,NIFTY,28-Mar-2024,23250,CE,68.3,71.4,55,58,58,913,10642.17,69850,6650,04-MAR-2024,
OPTIDX,NIFTY,28-Mar-2024,23300,CE,61.45,63.35,47.7,49.7,49.7,10084,117751.32,586550,46150,04-MAR-2024,
OPTIDX,NIFTY,28-Mar-2024,23350,CE,53.05,61,41.5,43.4,43.4,2608,30511.12,71050,9000,04-MAR-2024,
OPTIDX,NIFTY,28-Mar-2024,23400,CE,45.05,48.3,35.15,37.1,37.1,7334,85955.6,431800,52800,04-MAR-2024,
OPTIDX,NIFTY,28-Mar-2024,23450,CE,42.1,42.2,30.7,32.05,32.05,2360,27712.57,80600,900,04-MAR-2024,
OPTIDX,NIFTY,28-Mar-2024,23500,CE,35.55,36.95,26.3,27.8,27.8,24393,286991.2,1979050,161950,04-MAR-2024,
OPTIDX,NIFTY,28-Mar-2024,23550,CE,31.1,31.55,22.75,24.4,24.4,1489,17551.96,45100,6150,04-MAR-2024,
OPTIDX,NIFTY,28-Mar-2024,23600,CE,25.9,26.6,15.8,20,20,9795,115688.44,432100,126850,04-MAR-2024,
OPTIDX,NIFTY,28-Mar-2024,23650,CE,22.25,23.2,16.65,17.7,17.7,1986,23503.48,48950,16150,04-MAR-2024,
OPTIDX,NIFTY,28-Mar-2024,23700,CE,18.2,19.65,14,15.1,15.1,9721,115272.99,491550,85500,04-MAR-2024,
OPTIDX,NIFTY,28-Mar-2024,23750,CE,16.4,16.4,12.75,13.45,13.45,1370,16278.64,32200,4000,04-MAR-2024,
OPTIDX,NIFTY,28-Mar-2024,23800,CE,13.6,15.2,10.95,11.55,11.55,10085,120075.23,430350,-59150,04-MAR-2024,
OPTIDX,NIFTY,28-Mar-2024,23850,CE,13.1,14.25,10.5,11.05,11.05,1316,15701.23,59150,11950,04-MAR-2024,
OPTIDX,NIFTY,28-Mar-2024,23900,CE,11.3,15.9,9.5,9.8,9.8,2979,35614.37,84600,-21000,04-MAR-2024,
OPTIDX,NIFTY,28-Mar-2024,23950,CE,11.2,12.15,8.75,9.35,9.35,1322,15837.49,24100,-12700,04-MAR-2024,
OPTIDX,NIFTY,28-Mar-2024,24000,CE,11.4,11.5,8.45,9.2,9.2,19956,239565.34,2146000,9300,04-MAR-2024,
OPTIDX,NIFTY,28-Mar-2024,24050,CE,8.45,10,7,8.35,8.35,86,1034.5,2400,-550,04-MAR-2024,
OPTIDX,NIFTY,28-Mar-2024,24100,CE,9.2,18.45,7,7.35,7.35,2936,35391.26,43800,32650,04-MAR-2024,
OPTIDX,NIFTY,28-Mar-2024,24150,CE,0,0,0,103.5,3.3,0,0,0,0,04-MAR-2024,
OPTIDX,NIFTY,28-Mar-2024,25000,CE,4.9,5.9,4.8,5.05,5.05,3345,41821.07,614650,49600,04-MAR-2024,
OPTIDX,NIFTY,28-Mar-2024,26000,CE,4.15,4.15,3,3.05,3.05,901,11714.49,175550,12450,04-MAR-2024,
OPTIDX,NIFTY,28-Mar-2024,27000,CE,2.55,2.9,2.35,2.55,2.55,179,2416.73,105800,4050,04-MAR-2024,
OPTIDX,NIFTY,28-Mar-2024,14000,PE,2.95,2.95,2.1,2.35,2.35,288,2016.34,154400,6600,04-MAR-2024,
OPTIDX,NIFTY,28-Mar-2024,15000,PE,2.25,2.9,2.25,2.75,2.75,108,810.14,13200,2500,04-MAR-2024,
OPTIDX,NIFTY,28-Mar-2024,16000,PE,2.8,3.1,2.6,3.05,3.05,106,848.15,123200,-2650,04-MAR-2024,
OPTIDX,NIFTY,28-Mar-2024,17000,PE,3.95,4.1,3.65,4.05,4.05,192,1632.38,288150,-3100,04-MAR-2024,
OPTIDX,NIFTY,28-Mar-2024,18000,PE,4.65,4.7,3.3,4.4,4.4,1570,14133.44,874900,14950,04-MAR-2024,
OPTIDX,NIFTY,28-Mar-2024,19000,PE,5.25,6.1,4.6,5.05,5.05,3297,31329.88,1414750,-17650,04-MAR-2024,
OPTIDX,NIFTY,28-Mar-2024,19500,PE,6.4,6.45,4.55,5.45,5.45,2007,19573.45,237950,-23350,04-MAR-2024,
OPTIDX,NIFTY,28-Mar-2024,19550,PE,0,0,0,3.05,0.05,0,0,1200,0,04-MAR-2024,
OPTIDX,NIFTY,28-Mar-2024,19600,PE,4.2,8.45,4.15,5.55,5.55,244,2391.9,23050,-1650,04-MAR-2024,
OPTIDX,NIFTY,28-Mar-2024,19650,PE,3.05,3.05,3.05,3.05,0.05,1,9.82,1400,50,04-MAR-2024,
OPTIDX,NIFTY,28-Mar-2024,19700,PE,3.05,3.05,3.05,3.05,3.05,21,206.88,75100,0,04-MAR-2024,
OPTIDX,NIFTY,28-Mar-2024,19750,PE,0,0,0,51,0.05,0,0,750,0,04-MAR-2024,
OPTIDX,NIFTY,28-Mar-2024,19800,PE,6.85,7.9,5,6.3,6.3,1863,18449.51,137000,20000,04-MAR-2024,
OPTIDX,NIFTY,28-Mar-2024,19850,PE,0,0,0,66.85,0.05,0,0,200,0,04-MAR-2024,
OPTIDX,NIFTY,28-Mar-2024,19900,PE,5.95,6.9,5.7,6.6,6.6,763,7594.28,73750,-10150,04-MAR-2024,
OPTIDX,NIFTY,28-Mar-2024,19950,PE,0,0,0,52,0.05,0,0,0,0,04-MAR-2024,
OPTIDX,NIFTY,28-Mar-2024,20000,PE,7.35,7.9,6.1,6.95,6.95,11844,118479.54,3656700,16950,04-MAR-2024,
OPTIDX,NIFTY,28-Mar-2024,20050,PE,0,0,0,7.2,0.05,0,0,12500,0,04-MAR-2024,
OPTIDX,NIFTY,28-Mar-2024,20100,PE,7,7,5.55,6.5,6.5,3606,36251.51,238350,-14500,04-MAR-2024,
OPTIDX,NIFTY,28-Mar-2024,20150,PE,0,0,0,13.55,0.05,0,0,6550,0,04-MAR-2024,
OPTIDX,NIFTY,28-Mar-2024,20200,PE,8.15,8.15,6.75,7.4,7.4,3393,34281.47,272850,-32700,04-MAR-2024,
OPTIDX,NIFTY,28-Mar-2024,20250,PE,8,8,6.45,7.6,0.05,61,617.85,9600,-1200,04-MAR-2024,
OPTIDX,NIFTY,28-Mar-2024,20300,PE,8,8.45,6.55,7.65,7.65,4621,46920.64,303000,-34250,04-MAR-2024,
OPTIDX,NIFTY,28-Mar-2024,20350,PE,8.9,10.25,6.65,8.3,8.3,279,2839.99,39250,1000,04-MAR-2024,
OPTIDX,NIFTY,28-Mar-2024,20400,PE,9.8,9.95,8.1,8.5,8.5,3481,35521.23,374900,-43900,04-MAR-2024,
OPTIDX,NIFTY,28-Mar-2024,20450,PE,9.75,10.7,8.7,9.1,9.1,131,1340.07,12550,2600,04-MAR-2024,
OPTIDX,NIFTY,28-Mar-2024,20500,PE,11.5,12.9,9,9.55,9.55,23063,236508.24,1858150,-41050,04-MAR-2024,
OPTIDX,NIFTY,28-Mar-2024,20550,PE,10.6,12,9.25,10.35,10.35,855,8789.58,20250,2200,04-MAR-2024,
OPTIDX,NIFTY,28-Mar-2024,20600,PE,9.05,13,9.05,11.1,11.1,7935,81774.3,307800,-107050,04-MAR-2024,
OPTIDX,NIFTY,28-Mar-2024,20650,PE,14.75,14.75,11.45,12.05,12.05,697,7200.75,26200,1900,04-MAR-2024,
OPTIDX,NIFTY,28-Mar-2024,20700,PE,15.15,15.15,10,13.15,13.15,7849,81288.9,465900,-41300,04-MAR-2024,
OPTIDX,NIFTY,28-Mar-2024,20750,PE,14.65,16.25,11.35,14,14,648,6727.65,28350,-2600,04-MAR-2024,
OPTIDX,NIFTY,28-Mar-2024,20800,PE,15.05,17.35,14.35,15.15,15.15,6379,66390.26,563850,-25400,04-MAR-2024,
OPTIDX,NIFTY,28-Mar-2024,20850,PE,17.85,19.25,16.1,17,17,1124,11727.37,43900,-12750,04-MAR-2024,
OPTIDX,NIFTY,28-Mar-2024,20900,PE,19.75,20.9,16.95,17.95,17.95,10423,109016.49,524950,-11150,04-MAR-2024,
OPTIDX,NIFTY,28-Mar-2024,20950,PE,21.05,23.25,19.1,20.3,20.3,917,9615,46550,1150,04-MAR-2024,
OPTIDX,NIFTY,28-Mar-2024,21000,PE,23.65,26.3,21.7,23.25,23.25,29082,305701.49,4491250,71550,04-MAR-2024,
OPTIDX,NIFTY,28-Mar-2024,21050,PE,25.35,28.3,23.3,24.65,24.65,1041,10969.56,48100,3450,04-MAR-2024,
OPTIDX,NIFTY,28-Mar-2024,21100,PE,29.9,30.5,25,26.35,26.35,7654,80852.39,348450,27050,04-MAR-2024,
OPTIDX,NIFTY,28-Mar-2024,21150,PE,30.5,33.85,27.85,29.3,29.3,1458,15440.47,65450,-6650,04-MAR-2024,
OPTIDX,NIFTY,28-Mar-2024,21200,PE,33.9,37.2,30.55,32,32,12300,130582.89,676850,42300,04-MAR-2024,
OPTIDX,NIFTY,28-Mar-2024,21250,PE,36.1,40.55,33.7,34.55,34.55,4296,45722.4,70700,32400,04-MAR-2024,
OPTIDX,NIFTY,28-Mar-2024,21300,PE,39,45,37,38.6,38.6,16094,171719.67,840950,94450,04-MAR-2024,
OPTIDX,NIFTY,28-Mar-2024,21350,PE,50.2,50.2,40.85,42.75,42.75,2390,25565.45,45700,1700,04-MAR-2024,
OPTIDX,NIFTY,28-Mar-2024,21400,PE,49.8,53.9,44,46.55,46.55,17043,182765.18,726550,117450,04-MAR-2024,
OPTIDX,NIFTY,28-Mar-2024,21450,PE,53.9,59.05,49.75,52.15,52.15,1457,15664.86,60550,5050,04-MAR-2024,
OPTIDX,NIFTY,28-Mar-2024,21500,PE,60.9,65.95,55.05,58.45,58.45,34292,369648.52,2345950,96850,04-MAR-2024,
OPTIDX,NIFTY,28-Mar-2024,21550,PE,61.15,71.5,59.65,62.65,62.65,1380,14913.39,42750,14650,04-MAR-2024,
OPTIDX,NIFTY,28-Mar-2024,21600,PE,68.7,78.1,64.95,68.65,68.65,12643,136983.07,676700,52650,04-MAR-2024,
OPTIDX,NIFTY,28-Mar-2024,21650,PE,80.6,85,71.95,75.25,75.25,1298,14099.97,83450,3850,04-MAR-2024,
OPTIDX,NIFTY,28-Mar-2024,21700,PE,86.45,93.5,78.15,83.55,83.55,11923,129867.64,801000,49500,04-MAR-2024,
OPTIDX,NIFTY,28-Mar-2024,21750,PE,96.05,102.4,86.7,92.15,92.15,2239,24452.07,74500,13200,04-MAR-2024,
OPTIDX,NIFTY,28-Mar-2024,21800,PE,96.55,111.9,94.85,100.75,100.75,23945,262213.58,1271100,178750,04-MAR-2024,
OPTIDX,NIFTY,28-Mar-2024,21850,PE,112.2,120.6,104,109.1,109.1,2037,22366.34,86650,15950,04-MAR-2024,
OPTIDX,NIFTY,28-Mar-2024,21900,PE,118.45,133,113.8,120.1,120.1,9649,106245.96,794550,22000,04-MAR-2024,
OPTIDX,NIFTY,28-Mar-2024,21950,PE,131.25,144.15,124,129.85,129.85,1564,17268.24,91650,14350,04-MAR-2024,
OPTIDX,NIFTY,28-Mar-2024,22000,PE,145.5,156.65,134.25,141.6,141.6,42107,466199.21,3573100,140300,04-MAR-2024,
OPTIDX,NIFTY,28-Mar-2024,22050,PE,159.5,171.4,147.5,155.4,155.4,2723,30236.11,123750,44550,04-MAR-2024,
OPTIDX,NIFTY,28-Mar-2024,22100,PE,187,187,160,168.5,168.5,12211,135973.99,845500,65200,04-MAR-2024,
OPTIDX,NIFTY,28-Mar-2024,22150,PE,188.1,201,174.15,182.5,182.5,1592,17778.59,95250,-1700,04-MAR-2024,
OPTIDX,NIFTY,28-Mar-2024,22200,PE,204,216.8,188.05,197.1,197.1,25609,286830.28,2073200,24300,04-MAR-2024,
OPTIDX,NIFTY,28-Mar-2024,22250,PE,210,234.5,205,215.35,215.35,2248,25253.49,104550,5400,04-MAR-2024,
OPTIDX,NIFTY,28-Mar-2024,22300,PE,237.5,253.9,222.55,232.45,232.45,27190,306373.4,1237850,16850,04-MAR-2024,
OPTIDX,NIFTY,28-Mar-2024,22350,PE,269.55,272.35,239.55,251.05,251.05,4041,45672.86,92250,18400,04-MAR-2024,
OPTIDX,NIFTY,28-Mar-2024,22400,PE,271.55,293.05,258.4,270.65,270.65,43150,489211.14,854550,450250,04-MAR-2024,
OPTIDX,NIFTY,28-Mar-2024,22450,PE,291,313.75,277.8,290.45,290.45,3041,34582.52,45400,20150,04-MAR-2024,
OPTIDX,NIFTY,28-Mar-2024,22500,PE,322,336,296.85,311.1,311.1,41847,477356.34,1470100,337500,04-MAR-2024,
OPTIDX,NIFTY,28-Mar-2024,22550,PE,337.35,358.65,320.95,335.65,335.65,1141,13055.57,61150,14700,04-MAR-2024,
OPTIDX,NIFTY,28-Mar-2024,22600,PE,365.4,385.55,343.35,358.55,358.55,4705,54019.15,142600,66500,04-MAR-2024,
OPTIDX,NIFTY,28-Mar-2024,22650,PE,393.75,412.5,369.7,387.05,387.05,701,8076.84,41850,4500,04-MAR-2024,
OPTIDX,NIFTY,28-Mar-2024,22700,PE,414.6,440.85,394.6,412.35,412.35,2845,32883.99,163150,22250,04-MAR-2024,
OPTIDX,NIFTY,28-Mar-2024,22750,PE,450.45,468.5,423.15,438.4,438.4,272,3154.1,32700,3950,04-MAR-2024,
OPTIDX,NIFTY,28-Mar-2024,22800,PE,469.4,500.2,452.2,472.1,472.1,1603,18654,50300,3350,04-MAR-2024,
OPTIDX,NIFTY,28-Mar-2024,22850,PE,507.95,525,484.45,502.35,502.35,140,1634.76,19100,2850,04-MAR-2024,
OPTIDX,NIFTY,28-Mar-2024,22900,PE,542.95,564,514,536.5,536.5,457,5356.3,23100,5250,04-MAR-2024,
OPTIDX,NIFTY,28-Mar-2024,22950,PE,570.75,599.05,547.35,567.55,567.55,235,2763.38,15350,10700,04-MAR-2024,
OPTIDX,NIFTY,28-Mar-2024,23000,PE,607,639.7,583,610.1,610.1,10570,124786.15,1123300,-29400,04-MAR-2024,
OPTIDX,NIFTY,28-Mar-2024,23050,PE,637.05,662.55,619,645.6,635.4,66,781.81,4300,1100,04-MAR-2024,
OPTIDX,NIFTY,28-Mar-2024,23100,PE,678.85,713.75,654.45,681,681,251,2984.91,17300,8850,04-MAR-2024,
OPTIDX,NIFTY,28-Mar-2024,23150,PE,714.5,743.7,713.55,720.4,715,49,584.91,2700,1400,04-MAR-2024,
OPTIDX,NIFTY,28-Mar-2024,23200,PE,782.65,787.7,730.7,758.35,758.35,500,5990.15,117650,-350,04-MAR-2024,
OPTIDX,NIFTY,28-Mar-2024,23250,PE,820,820,770.5,798,798,156,1875.57,7900,5850,04-MAR-2024,
OPTIDX,NIFTY,28-Mar-2024,23300,PE,853.95,865,820.45,840,840,9,108.62,2150,400,04-MAR-2024,
OPTIDX,NIFTY,28-Mar-2024,23350,PE,872.95,880,872.9,880,880,5,60.56,700,100,04-MAR-2024,
OPTIDX,NIFTY,28-Mar-2024,23400,PE,936.85,941.3,921.75,924.6,924.6,15,182.5,1550,200,04-MAR-2024,
OPTIDX,NIFTY,28-Mar-2024,23450,PE,980,980,980,980,973.5,1,12.21,350,50,04-MAR-2024,
OPTIDX,NIFTY,28-Mar-2024,23500,PE,1000,1050.2,986.4,1017.8,1017.8,1247,15289.16,250350,12300,04-MAR-2024,
OPTIDX,NIFTY,28-Mar-2024,23550,PE,0,0,0,1105.15,1064.75,0,0,300,0,04-MAR-2024,
OPTIDX,NIFTY,28-Mar-2024,23600,PE,0,0,0,1182.25,1111.1,0,0,100,0,04-MAR-2024,
OPTIDX,NIFTY,28-Mar-2024,23650,PE,0,0,0,1621.9,1157.85,0,0,0,0,04-MAR-2024,
OPTIDX,NIFTY,28-Mar-2024,23700,PE,0,0,0,1662.25,1205,0,0,0,0,04-MAR-2024,
OPTIDX,NIFTY,28-Mar-2024,23750,PE,0,0,0,1702.95,1252.5,0,0,0,0,04-MAR-2024,
OPTIDX,NIFTY,28-Mar-2024,23800,PE,0,0,0,1665,1300.25,0,0,1850,0,04-MAR-2024,
OPTIDX,NIFTY,28-Mar-2024,23850,PE,0,0,0,1717.1,1348.3,0,0,50,0,04-MAR-2024,
OPTIDX,NIFTY,28-Mar-2024,23900,PE,0,0,0,1720,1396.6,0,0,200,0,04-MAR-2024,
OPTIDX,NIFTY,28-Mar-2024,23950,PE,0,0,0,1811.35,1445.1,0,0,50,0,04-MAR-2024,
OPTIDX,NIFTY,28-Mar-2024,24000,PE,1475.1,1521.05,1450.15,1494.25,1494.25,1467,18695.25,559900,14400,04-MAR-2024,
OPTIDX,NIFTY,28-Mar-2024,24050,PE,0,0,0,1954.25,1542.65,0,0,0,0,04-MAR-2024,
OPTIDX,NIFTY,28-Mar-2024,24100,PE,0,0,0,1600,1591.65,0,0,500,0,04-MAR-2024,
OPTIDX,NIFTY,28-Mar-2024,24150,PE,0,0,0,2040.4,1640.75,0,0,0,0,04-MAR-2024,
OPTIDX,NIFTY,28-Mar-2024,25000,PE,2460.45,2505.15,2440,2480.7,2480.7,206,2830.47,424350,-1150,04-MAR-2024,
OPTIDX,NIFTY,28-Mar-2024,26000,PE,3436,3486.8,3436,3471.05,3471.05,11,162.08,24650,250,04-MAR-2024,
OPTIDX,NIFTY,28-Mar-2024,27000,PE,4450,4458.55,4450,4458.55,4474.85,2,31.45,14400,-100,04-MAR-2024,
OPTIDX,NIFTY,04-Apr-2024,20200,CE,0,0,0,2194.85,2321.3,0,0,0,0,04-MAR-2024,
OPTIDX,NIFTY,04-Apr-2024,20250,CE,0,0,0,2146.35,2271.7,0,0,0,0,04-MAR-2024,
OPTIDX,NIFTY,04-Apr-2024,20300,CE,0,0,0,2098,2222.05,0,0,0,0,04-MAR-2024,
OPTIDX,NIFTY,04-Apr-2024,20350,CE,0,0,0,2049.8,2172.45,0,0,0,0,04-MAR-2024,
OPTIDX,NIFTY,04-Apr-2024,20400,CE,0,0,0,2001.75,2122.85,0,0,0,0,04-MAR-2024,
OPTIDX,NIFTY,04-Apr-2024,20450,CE,0,0,0,1953.85,2073.3,0,0,0,0,04-MAR-2024,
OPTIDX,NIFTY,04-Apr-2024,20500,CE,0,0,0,1906.2,2023.8,0,0,0,0,04-MAR-2024,
OPTIDX,NIFTY,04-Apr-2024,20550,CE,0,0,0,1858.7,1974.35,0,0,0,0,04-MAR-2024,
OPTIDX,NIFTY,04-Apr-2024,20600,CE,0,0,0,1811.45,1924.9,0,0,0,0,04-MAR-2024,
OPTIDX,NIFTY,04-Apr-2024,20650,CE,0,0,0,1764.45,1875.55,0,0,0,0,04-MAR-2024,
OPTIDX,NIFTY,04-Apr-2024,20700,CE,0,0,0,1717.7,1826.3,0,0,0,0,04-MAR-2024,
OPTIDX,NIFTY,04-Apr-2024,20750,CE,0,0,0,1671.25,1777.1,0,0,0,0,04-MAR-2024,
OPTIDX,NIFTY,04-Apr-2024,20800,CE,0,0,0,1625.15,1728,0,0,0,0,04-MAR-2024,
OPTIDX,NIFTY,04-Apr-2024,20850,CE,0,0,0,1579.3,1679,0,0,0,0,04-MAR-2024,
OPTIDX,NIFTY,04-Apr-2024,20900,CE,0,0,0,1533.85,1630.15,0,0,0,0,04-MAR-2024,
OPTIDX,NIFTY,04-Apr-2024,20950,CE,0,0,0,1488.75,1581.45,0,0,0,0,04-MAR-2024,
OPTIDX,NIFTY,04-Apr-2024,21000,CE,0,0,0,1444.05,1532.95,0,0,0,0,04-MAR-2024,
OPTIDX,NIFTY,04-Apr-2024,21050,CE,0,0,0,1399.75,1484.65,0,0,0,0,04-MAR-2024,
OPTIDX,NIFTY,04-Apr-2024,21100,CE,0,0,0,1355.95,1436.55,0,0,0,0,04-MAR-2024,
OPTIDX,NIFTY,04-Apr-2024,21150,CE,0,0,0,1312.55,1388.7,0,0,0,0,04-MAR-2024,
OPTIDX,NIFTY,04-Apr-2024,21200,CE,0,0,0,1107,1341.15,0,0,300,0,04-MAR-2024,
OPTIDX,NIFTY,04-Apr-2024,21250,CE,0,0,0,1227.35,1293.9,0,0,0,0,04-MAR-2024,
OPTIDX,NIFTY,04-Apr-2024,21300,CE,0,0,0,1185.55,1247,0,0,0,0,04-MAR-2024,
OPTIDX,NIFTY,04-Apr-2024,21350,CE,0,0,0,1144.3,1200.5,0,0,0,0,04-MAR-2024,
OPTIDX,NIFTY,04-Apr-2024,21400,CE,0,0,0,1103.65,1154.45,0,0,0,0,04-MAR-2024,
OPTIDX,NIFTY,04-Apr-2024,21450,CE,0,0,0,1063.6,1108.85,0,0,0,0,04-MAR-2024,
OPTIDX,NIFTY,04-Apr-2024,21500,CE,0,0,0,1024.25,1063.8,0,0,0,0,04-MAR-2024,
OPTIDX,NIFTY,04-Apr-2024,21550,CE,0,0,0,985.5,1019.25,0,0,0,0,04-MAR-2024,
OPTIDX,NIFTY,04-Apr-2024,21600,CE,0,0,0,947.45,975.35,0,0,0,0,04-MAR-2024,
OPTIDX,NIFTY,04-Apr-2024,21650,CE,0,0,0,911,932.1,0,0,0,0,04-MAR-2024,
OPTIDX,NIFTY,04-Apr-2024,21700,CE,0,0,0,874.25,889.5,0,0,0,0,04-MAR-2024,
OPTIDX,NIFTY,04-Apr-2024,21750,CE,0,0,0,837.55,847.7,0,0,0,0,04-MAR-2024,
OPTIDX,NIFTY,04-Apr-2024,21800,CE,0,0,0,802.45,806.65,0,0,0,0,04-MAR-2024,
OPTIDX,NIFTY,04-Apr-2024,21850,CE,838.5,849.55,810.65,836.5,766.5,10,113.39,150,-500,04-MAR-2024,
OPTIDX,NIFTY,04-Apr-2024,21900,CE,0,0,0,734.75,727.2,0,0,0,0,04-MAR-2024,
OPTIDX,NIFTY,04-Apr-2024,21950,CE,0,0,0,688,688.8,0,0,550,0,04-MAR-2024,
OPTIDX,NIFTY,04-Apr-2024,22000,CE,730.05,749.5,705.8,716.05,716.05,279,3169.03,34300,8000,04-MAR-2024,
OPTIDX,NIFTY,04-Apr-2024,22050,CE,0,0,0,434.15,615.05,0,0,600,0,04-MAR-2024,
OPTIDX,NIFTY,04-Apr-2024,22100,CE,645,678.45,630.45,655,579.75,18,204.72,3150,-200,04-MAR-2024,
OPTIDX,NIFTY,04-Apr-2024,22150,CE,0,0,0,476.4,545.5,0,0,250,0,04-MAR-2024,
OPTIDX,NIFTY,04-Apr-2024,22200,CE,576.7,582.05,556.9,577.6,577.6,145,1650.85,11150,5650,04-MAR-2024,
OPTIDX,NIFTY,04-Apr-2024,22250,CE,543,543,534.75,534.75,480.4,3,34.18,300,0,04-MAR-2024,
OPTIDX,NIFTY,04-Apr-2024,22300,CE,518.75,536.45,488.3,512.1,512.1,158,1802.13,116000,4050,04-MAR-2024,
OPTIDX,NIFTY,04-Apr-2024,22350,CE,500,500,437.45,474,420,30,342.39,109700,-200,04-MAR-2024,
OPTIDX,NIFTY,04-Apr-2024,22400,CE,453.55,469.55,429.3,444.65,444.65,76,868.29,2450,2250,04-MAR-2024,
OPTIDX,NIFTY,04-Apr-2024,22450,CE,0,0,0,275.55,364.45,0,0,1000,0,04-MAR-2024,
OPTIDX,NIFTY,04-Apr-2024,22500,CE,404.3,416.85,378.65,391.55,391.55,1254,14353.02,247750,45250,04-MAR-2024,
OPTIDX,NIFTY,04-Apr-2024,22550,CE,356.7,376.7,346.7,354.9,354.9,12,137.46,202600,-500,04-MAR-2024,
OPTIDX,NIFTY,04-Apr-2024,22600,CE,348.3,348.3,323,340.85,340.85,488,5596.04,22550,22550,04-MAR-2024,
OPTIDX,NIFTY,04-Apr-2024,22650,CE,320,320,302.8,311.25,311.25,10155,116586.5,501900,501900,04-MAR-2024,
OPTIDX,NIFTY,04-Apr-2024,22700,CE,289.6,294,284,287.5,287.5,10724,123257.4,507400,507400,04-MAR-2024,
OPTIDX,NIFTY,04-Apr-2024,22750,CE,0,0,0,297.4,226.95,0,0,0,0,04-MAR-2024,
OPTIDX,NIFTY,04-Apr-2024,22800,CE,0,0,0,171.9,208.2,0,0,4050,0,04-MAR-2024,
OPTIDX,NIFTY,04-Apr-2024,22850,CE,0,0,0,262.2,190.6,0,0,0,0,04-MAR-2024,
OPTIDX,NIFTY,04-Apr-2024,22900,CE,205,205,184.5,184.5,174.1,2,23.09,250,0,04-MAR-2024,
OPTIDX,NIFTY,04-Apr-2024,22950,CE,0,0,0,181,158.7,0,0,0,0,04-MAR-2024,
OPTIDX,NIFTY,04-Apr-2024,23000,CE,180,187.4,159.9,173.25,173.25,1187,13753.38,48600,46900,04-MAR-2024,
OPTIDX,NIFTY,04-Apr-2024,23050,CE,0,0,0,201.25,130.95,0,0,0,0,04-MAR-2024,
OPTIDX,NIFTY,04-Apr-2024,23100,CE,126.2,126.25,126.2,126.25,118.6,7,81.29,900,350,04-MAR-2024,
OPTIDX,NIFTY,04-Apr-2024,23150,CE,0,0,0,176.15,107.15,0,0,0,0,04-MAR-2024,
OPTIDX,NIFTY,04-Apr-2024,23200,CE,112.8,122.2,112.8,115,96.55,8,93.26,1500,100,04-MAR-2024,
OPTIDX,NIFTY,04-Apr-2024,23250,CE,0,0,0,152,86.85,0,0,0,0,04-MAR-2024,
OPTIDX,NIFTY,04-Apr-2024,23300,CE,0,0,0,65.4,77.9,0,0,400,0,04-MAR-2024,
OPTIDX,NIFTY,04-Apr-2024,23350,CE,0,0,0,131.2,69.75,0,0,0,0,04-MAR-2024,
OPTIDX,NIFTY,04-Apr-2024,23400,CE,69.25,82.25,69.25,70,70,11,129.09,1050,300,04-MAR-2024,
OPTIDX,NIFTY,04-Apr-2024,23450,CE,74.55,81.25,74.55,81.2,55.5,14,164.68,1050,600,04-MAR-2024,
OPTIDX,NIFTY,04-Apr-2024,23500,CE,60.25,66.15,55,57.25,57.25,40,471.19,3950,-300,04-MAR-2024,
OPTIDX,NIFTY,04-Apr-2024,23550,CE,0,0,0,51.5,43.75,0,0,100,0,04-MAR-2024,
OPTIDX,NIFTY,04-Apr-2024,23600,CE,0,0,0,40,38.7,0,0,200,0,04-MAR-2024,
OPTIDX,NIFTY,04-Apr-2024,23650,CE,20,40,20,40,34.2,3,35.52,250,0,04-MAR-2024,
OPTIDX,NIFTY,04-Apr-2024,23700,CE,35,44.8,27.2,33.8,33.8,11,130.54,2950,0,04-MAR-2024,
OPTIDX,NIFTY,04-Apr-2024,23750,CE,22.1,37.1,21.6,36.65,36.65,18,214.02,2400,-200,04-MAR-2024,
OPTIDX,NIFTY,04-Apr-2024,23800,CE,0,0,0,63.95,23.2,0,0,50,0,04-MAR-2024,
OPTIDX,NIFTY,04-Apr-2024,23850,CE,0,0,0,58.7,20.25,0,0,0,0,04-MAR-2024,
OPTIDX,NIFTY,04-Apr-2024,23900,CE,20.7,20.7,20.7,20.7,17.7,1,11.96,50,50,04-MAR-2024,
OPTIDX,NIFTY,04-Apr-2024,23950,CE,24,24,15,20.7,15.4,42,503.36,4350,450,04-MAR-2024,
OPTIDX,NIFTY,04-Apr-2024,24000,CE,0,0,0,27.5,13.35,0,0,100,0,04-MAR-2024,
OPTIDX,NIFTY,04-Apr-2024,24050,CE,0,0,0,41.25,11.55,0,0,0,0,04-MAR-2024,
OPTIDX,NIFTY,04-Apr-2024,24100,CE,21,22.1,16,17,10,6,72.35,350,250,04-MAR-2024,
OPTIDX,NIFTY,04-Apr-2024,24150,CE,5.85,19,5.85,19,8.6,3,36.24,50,50,04-MAR-2024,
OPTIDX,NIFTY,04-Apr-2024,20200,PE,0,0,0,7.5,0.25,0,0,0,0,04-MAR-2024,
OPTIDX,NIFTY,04-Apr-2024,20250,PE,0,0,0,8.6,0.3,0,0,0,0,04-MAR-2024,
OPTIDX,NIFTY,04-Apr-2024,20300,PE,0,0,0,9.8,0.4,0,0,0,0,04-MAR-2024,
OPTIDX,NIFTY,04-Apr-2024,20350,PE,0,0,0,11.2,0.5,0,0,0,0,04-MAR-2024,
OPTIDX,NIFTY,04-Apr-2024,20400,PE,0,0,0,12.7,0.65,0,0,0,0,04-MAR-2024,
OPTIDX,NIFTY,04-Apr-2024,20450,PE,0,0,0,23.2,0.8,0,0,200,0,04-MAR-2024,
OPTIDX,NIFTY,04-Apr-2024,20500,PE,0,0,0,16.3,1,0,0,0,0,04-MAR-2024,
OPTIDX,NIFTY,04-Apr-2024,20550,PE,0,0,0,18.4,1.25,0,0,0,0,04-MAR-2024,
OPTIDX,NIFTY,04-Apr-2024,20600,PE,12.4,12.4,12.4,12.4,12.4,3,30.91,150,150,04-MAR-2024,
OPTIDX,NIFTY,04-Apr-2024,20650,PE,0,0,0,23.35,1.9,0,0,0,0,04-MAR-2024,
OPTIDX,NIFTY,04-Apr-2024,20700,PE,0,0,0,28.55,2.35,0,0,5250,0,04-MAR-2024,
OPTIDX,NIFTY,04-Apr-2024,20750,PE,0,0,0,29.3,2.85,0,0,0,0,04-MAR-2024,
OPTIDX,NIFTY,04-Apr-2024,20800,PE,21.75,21.75,21.75,21.75,3.5,1,10.41,100,50,04-MAR-2024,
OPTIDX,NIFTY,04-Apr-2024,20850,PE,0,0,0,36.5,4.25,0,0,0,0,04-MAR-2024,
OPTIDX,NIFTY,04-Apr-2024,20900,PE,0,0,0,40.6,5.1,0,0,0,0,04-MAR-2024,
OPTIDX,NIFTY,04-Apr-2024,20950,PE,0,0,0,45.1,6.1,0,0,0,0,04-MAR-2024,
OPTIDX,NIFTY,04-Apr-2024,21000,PE,39.75,45.1,33.65,35.1,35.1,415,4365.2,16250,11650,04-MAR-2024,
OPTIDX,NIFTY,04-Apr-2024,21050,PE,0,0,0,55.3,8.7,0,0,0,0,04-MAR-2024,
OPTIDX,NIFTY,04-Apr-2024,21100,PE,0,0,0,61,10.35,0,0,0,0,04-MAR-2024,
OPTIDX,NIFTY,04-Apr-2024,21150,PE,0,0,0,67.25,12.2,0,0,0,0,04-MAR-2024,
OPTIDX,NIFTY,04-Apr-2024,21200,PE,0,0,0,73.95,14.35,0,0,0,0,04-MAR-2024,
OPTIDX,NIFTY,04-Apr-2024,21250,PE,0,0,0,81.15,16.85,0,0,0,0,04-MAR-2024,
OPTIDX,NIFTY,04-Apr-2024,21300,PE,0,0,0,88.95,19.65,0,0,0,0,04-MAR-2024,
OPTIDX,NIFTY,04-Apr-2024,21350,PE,0,0,0,97.3,22.9,0,0,0,0,04-MAR-2024,
OPTIDX,NIFTY,04-Apr-2024,21400,PE,0,0,0,106.2,26.5,0,0,0,0,04-MAR-2024,
OPTIDX,NIFTY,04-Apr-2024,21450,PE,0,0,0,115.75,30.65,0,0,0,0,04-MAR-2024,
OPTIDX,NIFTY,04-Apr-2024,21500,PE,0,0,0,143.35,35.3,0,0,750,0,04-MAR-2024,
OPTIDX,NIFTY,04-Apr-2024,21550,PE,0,0,0,136.8,40.45,0,0,0,0,04-MAR-2024,
OPTIDX,NIFTY,04-Apr-2024,21600,PE,92.05,92.05,92.05,92.05,46.25,3,32.53,600,0,04-MAR-2024,
OPTIDX,NIFTY,04-Apr-2024,21650,PE,0,0,0,161.45,52.7,0,0,0,0,04-MAR-2024,
OPTIDX,NIFTY,04-Apr-2024,21700,PE,82.9,121,82.9,97.95,59.85,47,512.56,4300,200,04-MAR-2024,
OPTIDX,NIFTY,04-Apr-2024,21750,PE,0,0,0,187.15,67.75,0,0,0,0,04-MAR-2024,
OPTIDX,NIFTY,04-Apr-2024,21800,PE,132.6,132.65,112.85,118.95,118.95,88,964.57,4100,450,04-MAR-2024,
OPTIDX,NIFTY,04-Apr-2024,21850,PE,0,0,0,217,86,0,0,0,0,04-MAR-2024,
OPTIDX,NIFTY,04-Apr-2024,21900,PE,154.15,154.95,137,142.05,142.05,17,187.4,1700,-300,04-MAR-2024,
OPTIDX,NIFTY,04-Apr-2024,21950,PE,0,0,0,284.15,107.75,0,0,550,0,04-MAR-2024,
OPTIDX,NIFTY,04-Apr-2024,22000,PE,171.35,182.9,157.4,163.15,163.15,1136,12588.94,67150,39600,04-MAR-2024,
OPTIDX,NIFTY,04-Apr-2024,22050,PE,0,0,0,286.45,133.4,0,0,0,0,04-MAR-2024,
OPTIDX,NIFTY,04-Apr-2024,22100,PE,200,202.5,190,195,147.8,23,256.43,1250,350,04-MAR-2024,
OPTIDX,NIFTY,04-Apr-2024,22150,PE,0,0,0,326.25,163.3,0,0,0,0,04-MAR-2024,
OPTIDX,NIFTY,04-Apr-2024,22200,PE,232.05,235.1,215.8,220.65,220.65,182,2040.68,11200,5650,04-MAR-2024,
OPTIDX,NIFTY,04-Apr-2024,22250,PE,248.3,263.05,226.25,237.2,197.6,35,393.69,1800,1150,04-MAR-2024,
OPTIDX,NIFTY,04-Apr-2024,22300,PE,262.35,278.9,250.05,254.4,254.4,148,1669.46,117450,4850,04-MAR-2024,
OPTIDX,NIFTY,04-Apr-2024,22350,PE,276.15,276.15,276.15,276.15,276.15,10,113.13,108250,-300,04-MAR-2024,
OPTIDX,NIFTY,04-Apr-2024,22400,PE,290.3,316,284.35,298.9,298.9,44,499.44,1100,800,04-MAR-2024,
OPTIDX,NIFTY,04-Apr-2024,22450,PE,0,0,0,525.15,280.5,0,0,50,0,04-MAR-2024,
OPTIDX,NIFTY,04-Apr-2024,22500,PE,348,360.7,325,336.5,336.5,1411,16114.52,238150,37050,04-MAR-2024,
OPTIDX,NIFTY,04-Apr-2024,22550,PE,375.45,375.45,350.5,362.65,362.65,64,733.2,201950,550,04-MAR-2024,
OPTIDX,NIFTY,04-Apr-2024,22600,PE,386,400,375,382.1,382.1,559,6424.63,22700,22650,04-MAR-2024,
OPTIDX,NIFTY,04-Apr-2024,22650,PE,410,412,405.85,408.05,408.05,10287,118599.01,506850,506850,04-MAR-2024,
OPTIDX,NIFTY,04-Apr-2024,22700,PE,434,439.75,429.15,433.3,433.3,10954,126700.89,513050,513050,04-MAR-2024,
OPTIDX,NIFTY,04-Apr-2024,22750,PE,0,0,0,638.6,441.3,0,0,0,0,04-MAR-2024,
OPTIDX,NIFTY,04-Apr-2024,22800,PE,0,0,0,670.2,472.25,0,0,0,0,04-MAR-2024,
OPTIDX,NIFTY,04-Apr-2024,22850,PE,0,0,0,702.6,504.35,0,0,0,0,04-MAR-2024,
OPTIDX,NIFTY,04-Apr-2024,22900,PE,0,0,0,735.8,537.6,0,0,0,0,04-MAR-2024,
OPTIDX,NIFTY,04-Apr-2024,22950,PE,0,0,0,769.75,571.9,0,0,0,0,04-MAR-2024,
OPTIDX,NIFTY,04-Apr-2024,23000,PE,0,0,0,804.5,607.25,0,0,0,0,04-MAR-2024,
OPTIDX,NIFTY,04-Apr-2024,23050,PE,0,0,0,839.95,643.6,0,0,0,0,04-MAR-2024,
OPTIDX,NIFTY,04-Apr-2024,23100,PE,0,0,0,876.15,680.95,0,0,0,0,04-MAR-2024,
OPTIDX,NIFTY,04-Apr-2024,23150,PE,0,0,0,914,719.2,0,0,0,0,04-MAR-2024,
OPTIDX,NIFTY,04-Apr-2024,23200,PE,0,0,0,950.8,758.35,0,0,0,0,04-MAR-2024,
OPTIDX,NIFTY,04-Apr-2024,23250,PE,0,0,0,989,798.35,0,0,0,0,04-MAR-2024,
OPTIDX,NIFTY,04-Apr-2024,23300,PE,0,0,0,1027.9,839.15,0,0,0,0,04-MAR-2024,
OPTIDX,NIFTY,04-Apr-2024,23350,PE,0,0,0,1067.35,880.65,0,0,0,0,04-MAR-2024,
OPTIDX,NIFTY,04-Apr-2024,23400,PE,0,0,0,1107.4,922.95,0,0,0,0,04-MAR-2024,
OPTIDX,NIFTY,04-Apr-2024,23450,PE,0,0,0,1148.05,965.85,0,0,0,0,04-MAR-2024,
OPTIDX,NIFTY,04-Apr-2024,23500,PE,0,0,0,1189.2,1009.4,0,0,0,0,04-MAR-2024,
OPTIDX,NIFTY,04-Apr-2024,23550,PE,0,0,0,1230.9,1053.55,0,0,0,0,04-MAR-2024,
OPTIDX,NIFTY,04-Apr-2024,23600,PE,0,0,0,1273.05,1098.2,0,0,0,0,04-MAR-2024,
OPTIDX,NIFTY,04-Apr-2024,23650,PE,0,0,0,1315.75,1143.4,0,0,0,0,04-MAR-2024,
OPTIDX,NIFTY,04-Apr-2024,23700,PE,0,0,0,1358.85,1189,0,0,0,0,04-MAR-2024,
OPTIDX,NIFTY,04-Apr-2024,23750,PE,0,0,0,1402.4,1235.1,0,0,0,0,04-MAR-2024,
OPTIDX,NIFTY,04-Apr-2024,23800,PE,0,0,0,1446.35,1281.5,0,0,0,0,04-MAR-2024,
OPTIDX,NIFTY,04-Apr-2024,23850,PE,0,0,0,1490.65,1328.35,0,0,0,0,04-MAR-2024,
OPTIDX,NIFTY,04-Apr-2024,23900,PE,0,0,0,1535.4,1375.45,0,0,0,0,04-MAR-2024,
OPTIDX,NIFTY,04-Apr-2024,23950,PE,0,0,0,1580.45,1422.85,0,0,0,0,04-MAR-2024,
OPTIDX,NIFTY,04-Apr-2024,24000,PE,0,0,0,1625.8,1470.55,0,0,0,0,04-MAR-2024,
OPTIDX,NIFTY,04-Apr-2024,24050,PE,0,0,0,1671.5,1518.5,0,0,0,0,04-MAR-2024,
OPTIDX,NIFTY,04-Apr-2024,24100,PE,0,0,0,1717.5,1566.6,0,0,0,0,04-MAR-2024,
OPTIDX,NIFTY,04-Apr-2024,24150,PE,0,0,0,1763.75,1614.95,0,0,0,0,04-MAR-2024,
OPTIDX,NIFTY,25-Apr-2024,19600,CE,0,0,0,2744,2993.45,0,0,50,0,04-MAR-2024,
OPTIDX,NIFTY,25-Apr-2024,19650,CE,0,0,0,2104.85,2944,0,0,0,0,04-MAR-2024,
OPTIDX,NIFTY,25-Apr-2024,19700,CE,0,0,0,2060.25,2894.55,0,0,0,0,04-MAR-2024,
OPTIDX,NIFTY,25-Apr-2024,19750,CE,0,0,0,2016,2845.1,0,0,0,0,04-MAR-2024,
OPTIDX,NIFTY,25-Apr-2024,19800,CE,0,0,0,1972,2795.7,0,0,0,0,04-MAR-2024,
OPTIDX,NIFTY,25-Apr-2024,19850,CE,0,0,0,1928.35,2746.3,0,0,0,0,04-MAR-2024,
OPTIDX,NIFTY,25-Apr-2024,19900,CE,0,0,0,1885,2696.9,0,0,0,0,04-MAR-2024,
OPTIDX,NIFTY,25-Apr-2024,19950,CE,0,0,0,1842,2647.55,0,0,0,0,04-MAR-2024,
OPTIDX,NIFTY,25-Apr-2024,20000,CE,2643,2677.5,2604.7,2646.45,2646.45,679,7687.27,74950,29850,04-MAR-2024,
OPTIDX,NIFTY,25-Apr-2024,20050,CE,0,0,0,1757.1,2548.95,0,0,0,0,04-MAR-2024,
OPTIDX,NIFTY,25-Apr-2024,20100,CE,0,0,0,1715.15,2499.7,0,0,0,0,04-MAR-2024,
OPTIDX,NIFTY,25-Apr-2024,20150,CE,0,0,0,1673.65,2450.5,0,0,0,0,04-MAR-2024,
OPTIDX,NIFTY,25-Apr-2024,20200,CE,0,0,0,1632.55,2401.35,0,0,0,0,04-MAR-2024,
OPTIDX,NIFTY,25-Apr-2024,20250,CE,0,0,0,1591.85,2352.25,0,0,0,0,04-MAR-2024,
OPTIDX,NIFTY,25-Apr-2024,20300,CE,0,0,0,1551.6,2303.25,0,0,0,0,04-MAR-2024,
OPTIDX,NIFTY,25-Apr-2024,20350,CE,0,0,0,1511.75,2254.25,0,0,0,0,04-MAR-2024,
OPTIDX,NIFTY,25-Apr-2024,20400,CE,2248.2,2248.2,2248.2,2248.2,2205.4,1,11.32,800,50,04-MAR-2024,
OPTIDX,NIFTY,25-Apr-2024,20450,CE,0,0,0,1433.45,2156.6,0,0,0,0,04-MAR-2024,
OPTIDX,NIFTY,25-Apr-2024,20500,CE,2150,2167.9,2148.15,2151.25,2151.25,25,283.16,11950,0,04-MAR-2024,
OPTIDX,NIFTY,25-Apr-2024,20550,CE,0,0,0,1357.05,2059.4,0,0,0,0,04-MAR-2024,
OPTIDX,NIFTY,25-Apr-2024,20600,CE,0,0,0,1868.7,2010.95,0,0,600,0,04-MAR-2024,
OPTIDX,NIFTY,25-Apr-2024,20650,CE,0,0,0,1282.65,1962.65,0,0,0,0,04-MAR-2024,
OPTIDX,NIFTY,25-Apr-2024,20700,CE,0,0,0,1247,1914.55,0,0,0,0,04-MAR-2024,
OPTIDX,NIFTY,25-Apr-2024,20750,CE,0,0,0,1211,1866.6,0,0,0,0,04-MAR-2024,
OPTIDX,NIFTY,25-Apr-2024,20800,CE,0,0,0,1174.75,1818.8,0,0,0,0,04-MAR-2024,
OPTIDX,NIFTY,25-Apr-2024,20850,CE,0,0,0,1139.95,1771.25,0,0,0,0,04-MAR-2024,
OPTIDX,NIFTY,25-Apr-2024,20900,CE,0,0,0,1105.75,1723.95,0,0,0,0,04-MAR-2024,
OPTIDX,NIFTY,25-Apr-2024,20950,CE,0,0,0,1072.05,1676.85,0,0,0,0,04-MAR-2024,
OPTIDX,NIFTY,25-Apr-2024,21000,CE,1710,1730,1660,1693.4,1693.4,182,2065.51,51000,800,04-MAR-2024,
OPTIDX,NIFTY,25-Apr-2024,21050,CE,0,0,0,1006.45,1583.55,0,0,0,0,04-MAR-2024,
OPTIDX,NIFTY,25-Apr-2024,21100,CE,0,0,0,1300,1537.35,0,0,50,0,04-MAR-2024,
OPTIDX,NIFTY,25-Apr-2024,21150,CE,0,0,0,1316.4,1491.45,0,0,50,0,04-MAR-2024,
OPTIDX,NIFTY,25-Apr-2024,21200,CE,0,0,0,912.45,1445.95,0,0,0,0,04-MAR-2024,
OPTIDX,NIFTY,25-Apr-2024,21250,CE,0,0,0,1249.15,1400.85,0,0,200,0,04-MAR-2024,
OPTIDX,NIFTY,25-Apr-2024,21300,CE,0,0,0,852.8,1356.2,0,0,0,0,04-MAR-2024,
OPTIDX,NIFTY,25-Apr-2024,21350,CE,0,0,0,823.9,1311.95,0,0,0,0,04-MAR-2024,
OPTIDX,NIFTY,25-Apr-2024,21400,CE,0,0,0,1206.7,1268.15,0,0,150,0,04-MAR-2024,
OPTIDX,NIFTY,25-Apr-2024,21450,CE,0,0,0,767.95,1224.9,0,0,0,0,04-MAR-2024,
OPTIDX,NIFTY,25-Apr-2024,21500,CE,1296,1300,1235.05,1262.15,1262.15,166,1890.11,71450,2500,04-MAR-2024,
OPTIDX,NIFTY,25-Apr-2024,21550,CE,0,0,0,714.45,1139.95,0,0,0,0,04-MAR-2024,
OPTIDX,NIFTY,25-Apr-2024,21600,CE,1186.8,1194.75,1179.9,1179.9,1098.35,5,56.96,3750,150,04-MAR-2024,
OPTIDX,NIFTY,25-Apr-2024,21650,CE,0,0,0,1005.95,1057.4,0,0,50,0,04-MAR-2024,
OPTIDX,NIFTY,25-Apr-2024,21700,CE,1093.05,1110,1092.35,1105.05,1105.05,8,91.19,7650,50,04-MAR-2024,
OPTIDX,NIFTY,25-Apr-2024,21750,CE,0,0,0,840.3,977.35,0,0,600,0,04-MAR-2024,
OPTIDX,NIFTY,25-Apr-2024,21800,CE,997.95,1048.25,997.65,1012,1012,49,559.31,13150,-1150,04-MAR-2024,
OPTIDX,NIFTY,25-Apr-2024,21850,CE,0,0,0,934.3,900.15,0,0,250,0,04-MAR-2024,
OPTIDX,NIFTY,25-Apr-2024,21900,CE,960,986.45,930,943.85,943.85,81,925.58,11950,-1300,04-MAR-2024,
OPTIDX,NIFTY,25-Apr-2024,21950,CE,0,0,0,890.7,825.9,0,0,600,0,04-MAR-2024,
OPTIDX,NIFTY,25-Apr-2024,22000,CE,888.15,912.55,856.1,874.8,874.8,3317,37942.39,389000,36700,04-MAR-2024,
OPTIDX,NIFTY,25-Apr-2024,22050,CE,870.25,870.25,829.5,840.85,840.85,4,45.79,1750,100,04-MAR-2024,
OPTIDX,NIFTY,25-Apr-2024,22100,CE,820,842.7,795.5,802,802,288,3298.67,25300,0,04-MAR-2024,
OPTIDX,NIFTY,25-Apr-2024,22150,CE,0,0,0,750,687.1,0,0,800,0,04-MAR-2024,
OPTIDX,NIFTY,25-Apr-2024,22200,CE,757.1,772,723.5,740.85,740.85,769,8825.11,102250,5950,04-MAR-2024,
OPTIDX,NIFTY,25-Apr-2024,22250,CE,715.35,720,685.35,696.45,622.9,9,103.29,1550,150,04-MAR-2024,
OPTIDX,NIFTY,25-Apr-2024,22300,CE,695,707.55,665,675.15,675.15,482,5538.14,33150,4650,04-MAR-2024,
OPTIDX,NIFTY,25-Apr-2024,22350,CE,655.05,670.6,626.4,645.5,645.5,83,954.35,4000,3450,04-MAR-2024,
OPTIDX,NIFTY,25-Apr-2024,22400,CE,630.05,645.8,600,616.15,616.15,840,9668.65,45600,22600,04-MAR-2024,
OPTIDX,NIFTY,25-Apr-2024,22450,CE,613.1,613.1,581,589,505.35,18,207.43,2450,200,04-MAR-2024,
OPTIDX,NIFTY,25-Apr-2024,22500,CE,574.95,583.75,540.15,557.15,557.15,2814,32444.78,282850,3350,04-MAR-2024,
OPTIDX,NIFTY,25-Apr-2024,22550,CE,521,561.95,514,530.05,452.15,20,230.84,1100,650,04-MAR-2024,
OPTIDX,NIFTY,25-Apr-2024,22600,CE,515,527.6,490,501.3,501.3,564,6515.28,31200,8800,04-MAR-2024,
OPTIDX,NIFTY,25-Apr-2024,22650,CE,501,501,460.05,473.75,473.75,40,462.54,1150,-150,04-MAR-2024,
OPTIDX,NIFTY,25-Apr-2024,22700,CE,462.6,470.7,437.2,447.25,447.25,359,4156.06,22650,4550,04-MAR-2024,
OPTIDX,NIFTY,25-Apr-2024,22750,CE,409.25,430.4,409.2,426.7,426.7,23,266.41,1150,800,04-MAR-2024,
OPTIDX,NIFTY,25-Apr-2024,22800,CE,375,420,375,397.85,397.85,348,4036.96,42850,3950,04-MAR-2024,
OPTIDX,NIFTY,25-Apr-2024,22850,CE,0,0,0,374.5,315.05,0,0,600,0,04-MAR-2024,
OPTIDX,NIFTY,25-Apr-2024,22900,CE,368.95,371.45,343.75,354.35,354.35,308,3581.46,16500,6550,04-MAR-2024,
OPTIDX,NIFTY,25-Apr-2024,22950,CE,328,328,328,328,328,1,11.63,350,50,04-MAR-2024,
OPTIDX,NIFTY,25-Apr-2024,23000,CE,329.5,329.55,300,310.85,310.85,3594,41893.24,501100,15950,04-MAR-2024,
OPTIDX,NIFTY,25-Apr-2024,23050,CE,0,0,0,191.9,241.75,0,0,0,0,04-MAR-2024,
OPTIDX,NIFTY,25-Apr-2024,23100,CE,286.95,289.95,266.25,273.55,273.55,230,2688.16,13800,2950,04-MAR-2024,
OPTIDX,NIFTY,25-Apr-2024,23150,CE,0,0,0,197.6,210.2,0,0,100,0,04-MAR-2024,
OPTIDX,NIFTY,25-Apr-2024,23200,CE,250,255,232,238.1,238.1,498,5838.1,22500,15050,04-MAR-2024,
OPTIDX,NIFTY,25-Apr-2024,23250,CE,219,223.25,209.4,221,181.85,13,152.55,1600,-300,04-MAR-2024,
OPTIDX,NIFTY,25-Apr-2024,23300,CE,220,220,196.9,207.95,207.95,98,1151.78,15450,2150,04-MAR-2024,
OPTIDX,NIFTY,25-Apr-2024,23350,CE,197,197,185.05,185.05,156.55,41,482.63,5100,-2000,04-MAR-2024,
OPTIDX,NIFTY,25-Apr-2024,23400,CE,181.5,188.85,169.55,175.7,175.7,167,1968.71,18000,3650,04-MAR-2024,
OPTIDX,NIFTY,25-Apr-2024,23450,CE,0,0,0,128.5,134.1,0,0,400,0,04-MAR-2024,
OPTIDX,NIFTY,25-Apr-2024,23500,CE,160,165.15,147,152.1,152.1,3156,37327.02,240100,13000,04-MAR-2024,
OPTIDX,NIFTY,25-Apr-2024,23550,CE,0,0,0,108.25,114.25,0,0,800,0,04-MAR-2024,
OPTIDX,NIFTY,25-Apr-2024,23600,CE,137.2,138.1,123.2,129.5,129.5,81,961.05,13800,950,04-MAR-2024,
OPTIDX,NIFTY,25-Apr-2024,23650,CE,0,0,0,117.1,96.85,0,0,1100,0,04-MAR-2024,
OPTIDX,NIFTY,25-Apr-2024,23700,CE,110,116.85,104,106.2,106.2,363,4321.3,66350,1150,04-MAR-2024,
OPTIDX,NIFTY,25-Apr-2024,23750,CE,0,0,0,69.15,81.65,0,0,950,0,04-MAR-2024,
OPTIDX,NIFTY,25-Apr-2024,23800,CE,98.35,100,87.75,91,91,267,3189.61,37150,450,04-MAR-2024,
OPTIDX,NIFTY,25-Apr-2024,23850,CE,0,0,0,76.05,68.5,0,0,2400,0,04-MAR-2024,
OPTIDX,NIFTY,25-Apr-2024,23900,CE,76.75,92.2,72.55,76.45,76.45,336,4028.18,156550,0,04-MAR-2024,
OPTIDX,NIFTY,25-Apr-2024,23950,CE,78,80,65.95,69.65,69.65,275,3302.68,12200,-3250,04-MAR-2024,
OPTIDX,NIFTY,25-Apr-2024,24000,CE,71,71.95,59.8,63.2,63.2,2594,31210.27,66850,49450,04-MAR-2024,
OPTIDX,NIFTY,25-Apr-2024,24050,CE,0,0,0,62.35,47.45,0,0,0,0,04-MAR-2024,
OPTIDX,NIFTY,25-Apr-2024,24100,CE,59.95,60,49.5,52.35,52.35,636,7680.54,14850,13150,04-MAR-2024,
OPTIDX,NIFTY,25-Apr-2024,24150,CE,0,0,0,55.1,39.2,0,0,0,0,04-MAR-2024,
OPTIDX,NIFTY,25-Apr-2024,19600,PE,17.35,21.65,16.05,19.95,19.95,1581,15508.83,104000,36700,04-MAR-2024,
OPTIDX,NIFTY,25-Apr-2024,19650,PE,0,0,0,57.1,0.35,0,0,0,0,04-MAR-2024,
OPTIDX,NIFTY,25-Apr-2024,19700,PE,0,0,0,10.45,0.4,0,0,650,0,04-MAR-2024,
OPTIDX,NIFTY,25-Apr-2024,19750,PE,0,0,0,74,0.5,0,0,350,0,04-MAR-2024,
OPTIDX,NIFTY,25-Apr-2024,19800,PE,0,0,0,71.65,0.6,0,0,0,0,04-MAR-2024,
OPTIDX,NIFTY,25-Apr-2024,19850,PE,0,0,0,46,0.7,0,0,50,0,04-MAR-2024,
OPTIDX,NIFTY,25-Apr-2024,19900,PE,0,0,0,82.85,0.85,0,0,0,0,04-MAR-2024,
OPTIDX,NIFTY,25-Apr-2024,19950,PE,0,0,0,89,1.05,0,0,0,0,04-MAR-2024,
OPTIDX,NIFTY,25-Apr-2024,20000,PE,27,27,21.75,23,23,3791,37953.88,472500,-13700,04-MAR-2024,
OPTIDX,NIFTY,25-Apr-2024,20050,PE,0,0,0,102.3,1.45,0,0,0,0,04-MAR-2024,
OPTIDX,NIFTY,25-Apr-2024,20100,PE,0,0,0,45.1,1.75,0,0,50,0,04-MAR-2024,
OPTIDX,NIFTY,25-Apr-2024,20150,PE,0,0,0,33,2.05,0,0,50,0,04-MAR-2024,
OPTIDX,NIFTY,25-Apr-2024,20200,PE,31.8,31.8,22.1,28.3,28.3,139,1405.93,9250,-1400,04-MAR-2024,
OPTIDX,NIFTY,25-Apr-2024,20250,PE,0,0,0,133.55,2.85,0,0,0,0,04-MAR-2024,
OPTIDX,NIFTY,25-Apr-2024,20300,PE,0,0,0,142.4,3.35,0,0,0,0,04-MAR-2024,
OPTIDX,NIFTY,25-Apr-2024,20350,PE,0,0,0,151.7,3.9,0,0,0,0,04-MAR-2024,
OPTIDX,NIFTY,25-Apr-2024,20400,PE,0,0,0,161.45,4.55,0,0,0,0,04-MAR-2024,
OPTIDX,NIFTY,25-Apr-2024,20450,PE,0,0,0,171.65,5.3,0,0,0,0,04-MAR-2024,
OPTIDX,NIFTY,25-Apr-2024,20500,PE,39.85,44.4,37,38.25,38.25,5282,54244.47,556250,-1150,04-MAR-2024,
OPTIDX,NIFTY,25-Apr-2024,20550,PE,0,0,0,70.85,7.1,0,0,400,0,04-MAR-2024,
OPTIDX,NIFTY,25-Apr-2024,20600,PE,46.85,46.85,39.3,40.7,40.7,420,4334.66,103250,5550,04-MAR-2024,
OPTIDX,NIFTY,25-Apr-2024,20650,PE,0,0,0,217.35,9.45,0,0,0,0,04-MAR-2024,
OPTIDX,NIFTY,25-Apr-2024,20700,PE,49.05,52,44.35,45.65,45.65,893,9263.23,201750,8000,04-MAR-2024,
OPTIDX,NIFTY,25-Apr-2024,20750,PE,0,0,0,243.95,12.4,0,0,0,0,04-MAR-2024,
OPTIDX,NIFTY,25-Apr-2024,20800,PE,55,59.05,49.9,51.5,51.5,1559,16254.89,201250,22650,04-MAR-2024,
OPTIDX,NIFTY,25-Apr-2024,20850,PE,0,0,0,271.15,16.1,0,0,0,0,04-MAR-2024,
OPTIDX,NIFTY,25-Apr-2024,20900,PE,63.95,67.8,57.9,60,60,812,8509.97,159200,11850,04-MAR-2024,
OPTIDX,NIFTY,25-Apr-2024,20950,PE,0,0,0,91.4,20.75,0,0,100,0,04-MAR-2024,
OPTIDX,NIFTY,25-Apr-2024,21000,PE,75,81.9,70.5,72.8,72.8,8898,93759.14,896900,57600,04-MAR-2024,
OPTIDX,NIFTY,25-Apr-2024,21050,PE,0,0,0,334.1,26.45,0,0,0,0,04-MAR-2024,
OPTIDX,NIFTY,25-Apr-2024,21100,PE,81.2,87.5,76.7,79.4,79.4,628,6650.4,71950,-1800,04-MAR-2024,
OPTIDX,NIFTY,25-Apr-2024,21150,PE,86,87.5,82,82,82,25,265.44,1150,-650,04-MAR-2024,
OPTIDX,NIFTY,25-Apr-2024,21200,PE,94.95,100.1,87,89,89,1085,11550.05,96150,8450,04-MAR-2024,
OPTIDX,NIFTY,25-Apr-2024,21250,PE,0,0,0,220.1,41.9,0,0,100,0,04-MAR-2024,
OPTIDX,NIFTY,25-Apr-2024,21300,PE,105,110.9,99.25,101.95,101.95,690,7383.99,66350,4750,04-MAR-2024,
OPTIDX,NIFTY,25-Apr-2024,21350,PE,0,0,0,207.8,52,0,0,650,0,04-MAR-2024,
OPTIDX,NIFTY,25-Apr-2024,21400,PE,120,126.95,112.75,115.5,115.5,555,5970.88,55700,8500,04-MAR-2024,
OPTIDX,NIFTY,25-Apr-2024,21450,PE,0,0,0,201.05,64,0,0,500,0,04-MAR-2024,
OPTIDX,NIFTY,25-Apr-2024,21500,PE,132.45,145.45,130.45,134.7,134.7,5661,61239.5,426450,64950,04-MAR-2024,
OPTIDX,NIFTY,25-Apr-2024,21550,PE,139,142.9,138.7,141.75,141.75,77,835.08,2700,1150,04-MAR-2024,
OPTIDX,NIFTY,25-Apr-2024,21600,PE,153.05,160.9,145.4,150.35,150.35,454,4937.36,33250,3900,04-MAR-2024,
OPTIDX,NIFTY,25-Apr-2024,21650,PE,169,174.35,152.55,163.25,163.25,64,698.01,3500,-1150,04-MAR-2024,
OPTIDX,NIFTY,25-Apr-2024,21700,PE,165.25,182.45,164.8,168.85,168.85,1164,12728.34,68300,-8000,04-MAR-2024,
OPTIDX,NIFTY,25-Apr-2024,21750,PE,161,179.7,161,179.7,113.6,5,54.78,1000,250,04-MAR-2024,
OPTIDX,NIFTY,25-Apr-2024,21800,PE,195,208.45,174.1,188.75,188.75,547,6014.8,53200,4400,04-MAR-2024,
OPTIDX,NIFTY,25-Apr-2024,21850,PE,0,0,0,330.5,135.45,0,0,250,0,04-MAR-2024,
OPTIDX,NIFTY,25-Apr-2024,21900,PE,220.15,233.75,210.8,215.15,215.15,623,6889.17,29150,2450,04-MAR-2024,
OPTIDX,NIFTY,25-Apr-2024,21950,PE,213.85,253.45,213.85,226.85,160.25,29,321.6,2050,550,04-MAR-2024,
OPTIDX,NIFTY,25-Apr-2024,22000,PE,250.05,261.75,234.2,240.35,240.35,10191,113335.04,817250,123150,04-MAR-2024,
OPTIDX,NIFTY,25-Apr-2024,22050,PE,271.95,271.95,252.7,258,258,135,1505.75,7550,5650,04-MAR-2024,
OPTIDX,NIFTY,25-Apr-2024,22100,PE,277.85,294,266.6,275,275,835,9341.33,48750,9950,04-MAR-2024,
OPTIDX,NIFTY,25-Apr-2024,22150,PE,290,294.85,285,294.85,294.85,4,44.88,3000,0,04-MAR-2024,
OPTIDX,NIFTY,25-Apr-2024,22200,PE,305.05,326,298,306.65,306.65,1397,15720.19,110000,5150,04-MAR-2024,
OPTIDX,NIFTY,25-Apr-2024,22250,PE,327.35,346.15,313.35,319.2,319.2,20,225.74,4500,50,04-MAR-2024,
OPTIDX,NIFTY,25-Apr-2024,22300,PE,347.95,361.8,330.95,341.1,341.1,1379,15611.77,81700,20500,04-MAR-2024,
OPTIDX,NIFTY,25-Apr-2024,22350,PE,364,366,346.95,360,360,24,272.56,3200,800,04-MAR-2024,
OPTIDX,NIFTY,25-Apr-2024,22400,PE,378.75,401.25,366.5,379.25,379.25,1027,11697.57,33600,15800,04-MAR-2024,
OPTIDX,NIFTY,25-Apr-2024,22450,PE,401.3,411.4,386.45,397.85,397.85,787,8990.07,26750,26600,04-MAR-2024,
OPTIDX,NIFTY,25-Apr-2024,22500,PE,422.2,439.15,403.25,420.3,420.3,4147,47522.58,322300,41300,04-MAR-2024,
OPTIDX,NIFTY,25-Apr-2024,22550,PE,455,455,455,455,380.75,1,11.5,100,0,04-MAR-2024,
OPTIDX,NIFTY,25-Apr-2024,22600,PE,468.85,471.95,444.6,460.4,460.4,956,11022.69,28500,19750,04-MAR-2024,
OPTIDX,NIFTY,25-Apr-2024,22650,PE,492,496.45,469.5,486.6,486.6,28,323.88,750,300,04-MAR-2024,
OPTIDX,NIFTY,25-Apr-2024,22700,PE,510,525.95,489.15,507.2,507.2,312,3619.52,7750,-5900,04-MAR-2024,
OPTIDX,NIFTY,25-Apr-2024,22750,PE,0,0,0,1256.1,483.7,0,0,0,0,04-MAR-2024,
OPTIDX,NIFTY,25-Apr-2024,22800,PE,555.95,563.15,540,555.95,555.95,86,1004.18,11000,-500,04-MAR-2024,
OPTIDX,NIFTY,25-Apr-2024,22850,PE,0,0,0,845.05,540.75,0,0,400,0,04-MAR-2024,
OPTIDX,NIFTY,25-Apr-2024,22900,PE,615,618,590,613.45,613.45,28,329.12,3700,300,04-MAR-2024,
OPTIDX,NIFTY,25-Apr-2024,22950,PE,0,0,0,645.8,601.4,0,0,50,0,04-MAR-2024,
OPTIDX,NIFTY,25-Apr-2024,23000,PE,674.85,690.55,646,670.75,670.75,2131,25218.19,174350,56350,04-MAR-2024,
OPTIDX,NIFTY,25-Apr-2024,23050,PE,0,0,0,711.55,665.55,0,0,1300,0,04-MAR-2024,
OPTIDX,NIFTY,25-Apr-2024,23100,PE,735,735,720,720,698.9,4,47.66,3250,200,04-MAR-2024,
OPTIDX,NIFTY,25-Apr-2024,23150,PE,0,0,0,923.8,733.05,0,0,50,0,04-MAR-2024,
OPTIDX,NIFTY,25-Apr-2024,23200,PE,773,805,773,782.35,768,7,83.94,850,50,04-MAR-2024,
OPTIDX,NIFTY,25-Apr-2024,23250,PE,0,0,0,1644.75,803.75,0,0,0,0,04-MAR-2024,
OPTIDX,NIFTY,25-Apr-2024,23300,PE,841.05,864.3,840.05,851.5,840.25,8,96.6,250,250,04-MAR-2024,
OPTIDX,NIFTY,25-Apr-2024,23350,PE,0,0,0,1727.15,877.5,0,0,0,0,04-MAR-2024,
OPTIDX,NIFTY,25-Apr-2024,23400,PE,0,0,0,1000,915.45,0,0,50,0,04-MAR-2024,
OPTIDX,NIFTY,25-Apr-2024,23450,PE,0,0,0,1810.85,954.05,0,0,0,0,04-MAR-2024,
OPTIDX,NIFTY,25-Apr-2024,23500,PE,990,1020,972,1000.4,1000.4,277,3393.23,34250,-900,04-MAR-2024,
OPTIDX,NIFTY,25-Apr-2024,23550,PE,0,0,0,1895.9,1033.25,0,0,0,0,04-MAR-2024,
OPTIDX,NIFTY,25-Apr-2024,23600,PE,1099.15,1099.15,1099.15,1099.15,1073.8,6,74.09,300,300,04-MAR-2024,
OPTIDX,NIFTY,25-Apr-2024,23650,PE,1122.1,1126.1,1122.1,1126.1,1114.9,8,99.09,400,400,04-MAR-2024,
OPTIDX,NIFTY,25-Apr-2024,23700,PE,1164,1178.65,1133.35,1138.75,1138.75,187,2324.82,8800,8350,04-MAR-2024,
OPTIDX,NIFTY,25-Apr-2024,23750,PE,1204.35,1209.75,1204.35,1209.75,1198.8,9,112.3,450,450,04-MAR-2024,
OPTIDX,NIFTY,25-Apr-2024,23800,PE,0,0,0,1335.2,1241.5,0,0,700,0,04-MAR-2024,
OPTIDX,NIFTY,25-Apr-2024,23850,PE,0,0,0,1386.2,1284.65,0,0,400,0,04-MAR-2024,
OPTIDX,NIFTY,25-Apr-2024,23900,PE,0,0,0,1324.65,1328.3,0,0,850,0,04-MAR-2024,
OPTIDX,NIFTY,25-Apr-2024,23950,PE,1378.8,1378.8,1378.8,1378.8,1372.35,5,63.32,750,250,04-MAR-2024,
OPTIDX,NIFTY,25-Apr-2024,24000,PE,1400,1426.9,1369.15,1408.4,1408.4,647,8218.9,28550,28550,04-MAR-2024,
OPTIDX,NIFTY,25-Apr-2024,24050,PE,0,0,0,2337.3,1461.7,0,0,0,0,04-MAR-2024,
OPTIDX,NIFTY,25-Apr-2024,24100,PE,0,0,0,2382.7,1506.9,0,0,0,0,04-MAR-2024,
OPTIDX,NIFTY,25-Apr-2024,24150,PE,0,0,0,2428.3,1552.45,0,0,0,0,04-MAR-2024,
OPTIDX,NIFTY,30-May-2024,20250,CE,0,0,0,2161.35,2491.25,0,0,0,0,04-MAR-2024,
OPTIDX,NIFTY,30-May-2024,20300,CE,0,0,0,2116.95,2443.45,0,0,0,0,04-MAR-2024,
OPTIDX,NIFTY,30-May-2024,20350,CE,0,0,0,2072.8,2395.8,0,0,0,0,04-MAR-2024,
OPTIDX,NIFTY,30-May-2024,20400,CE,0,0,0,2028.95,2348.35,0,0,0,0,04-MAR-2024,
OPTIDX,NIFTY,30-May-2024,20450,CE,0,0,0,1985.35,2301,0,0,0,0,04-MAR-2024,
OPTIDX,NIFTY,30-May-2024,20500,CE,0,0,0,1942.15,2253.85,0,0,0,0,04-MAR-2024,
OPTIDX,NIFTY,30-May-2024,20550,CE,0,0,0,1899.25,2206.85,0,0,0,0,04-MAR-2024,
OPTIDX,NIFTY,30-May-2024,20600,CE,0,0,0,1856.7,2160.1,0,0,0,0,04-MAR-2024,
OPTIDX,NIFTY,30-May-2024,20650,CE,0,0,0,1814.45,2113.5,0,0,0,0,04-MAR-2024,
OPTIDX,NIFTY,30-May-2024,20700,CE,0,0,0,1772.6,2067.2,0,0,0,0,04-MAR-2024,
OPTIDX,NIFTY,30-May-2024,20750,CE,0,0,0,1731.15,2021.05,0,0,0,0,04-MAR-2024,
OPTIDX,NIFTY,30-May-2024,20800,CE,0,0,0,1690.1,1975.2,0,0,0,0,04-MAR-2024,
OPTIDX,NIFTY,30-May-2024,20850,CE,0,0,0,1649.4,1929.6,0,0,0,0,04-MAR-2024,
OPTIDX,NIFTY,30-May-2024,20900,CE,0,0,0,1609.15,1884.3,0,0,0,0,04-MAR-2024,
OPTIDX,NIFTY,30-May-2024,20950,CE,0,0,0,1569.3,1839.25,0,0,0,0,04-MAR-2024,
OPTIDX,NIFTY,30-May-2024,21000,CE,1900,1920,1900,1915,1794.55,3,34.36,250,150,04-MAR-2024,
OPTIDX,NIFTY,30-May-2024,21050,CE,0,0,0,1490.95,1750.2,0,0,0,0,04-MAR-2024,
OPTIDX,NIFTY,30-May-2024,21100,CE,0,0,0,1452.45,1706.15,0,0,0,0,04-MAR-2024,
OPTIDX,NIFTY,30-May-2024,21150,CE,0,0,0,1414.4,1662.45,0,0,0,0,04-MAR-2024,
OPTIDX,NIFTY,30-May-2024,21200,CE,0,0,0,1376.85,1619.2,0,0,0,0,04-MAR-2024,
OPTIDX,NIFTY,30-May-2024,21250,CE,0,0,0,1339.8,1576.25,0,0,0,0,04-MAR-2024,
OPTIDX,NIFTY,30-May-2024,21300,CE,0,0,0,1304,1533.8,0,0,0,0,04-MAR-2024,
OPTIDX,NIFTY,30-May-2024,21350,CE,0,0,0,1267.85,1491.7,0,0,0,0,04-MAR-2024,
OPTIDX,NIFTY,30-May-2024,21400,CE,0,0,0,1231.35,1450.1,0,0,0,0,04-MAR-2024,
OPTIDX,NIFTY,30-May-2024,21450,CE,0,0,0,1196.35,1408.95,0,0,0,0,04-MAR-2024,
OPTIDX,NIFTY,30-May-2024,21500,CE,1540,1577.35,1509,1523.05,1368.25,29,333.98,2700,1400,04-MAR-2024,
OPTIDX,NIFTY,30-May-2024,21550,CE,0,0,0,1127.95,1328.1,0,0,0,0,04-MAR-2024,
OPTIDX,NIFTY,30-May-2024,21600,CE,0,0,0,1094.6,1288.4,0,0,0,0,04-MAR-2024,
OPTIDX,NIFTY,30-May-2024,21650,CE,1430,1430,1430,1430,1249.25,1,11.54,0,-50,04-MAR-2024,
OPTIDX,NIFTY,30-May-2024,21700,CE,0,0,0,1029.5,1210.65,0,0,0,0,04-MAR-2024,
OPTIDX,NIFTY,30-May-2024,21750,CE,0,0,0,997.8,1172.65,0,0,0,0,04-MAR-2024,
OPTIDX,NIFTY,30-May-2024,21800,CE,0,0,0,966.7,1135.15,0,0,0,0,04-MAR-2024,
OPTIDX,NIFTY,30-May-2024,21850,CE,0,0,0,936.15,1098.3,0,0,0,0,04-MAR-2024,
OPTIDX,NIFTY,30-May-2024,21900,CE,0,0,0,906.2,1062,0,0,0,0,04-MAR-2024,
OPTIDX,NIFTY,30-May-2024,21950,CE,0,0,0,876.85,1026.35,0,0,0,0,04-MAR-2024,
OPTIDX,NIFTY,30-May-2024,22000,CE,1212,1218,1168.8,1178.05,1178.05,155,1797.45,24150,100,04-MAR-2024,
OPTIDX,NIFTY,30-May-2024,22050,CE,0,0,0,819.9,956.95,0,0,0,0,04-MAR-2024,
OPTIDX,NIFTY,30-May-2024,22100,CE,0,0,0,1100,923.2,0,0,600,0,04-MAR-2024,
OPTIDX,NIFTY,30-May-2024,22150,CE,0,0,0,765.35,890.1,0,0,0,0,04-MAR-2024,
OPTIDX,NIFTY,30-May-2024,22200,CE,1032.4,1032.4,1032.4,1032.4,857.7,1,11.61,550,0,04-MAR-2024,
OPTIDX,NIFTY,30-May-2024,22250,CE,0,0,0,713.2,826,0,0,0,0,04-MAR-2024,
OPTIDX,NIFTY,30-May-2024,22300,CE,1031,1031,1031,1031,794.95,1,11.66,200,-50,04-MAR-2024,
OPTIDX,NIFTY,30-May-2024,22350,CE,0,0,0,663.3,764.6,0,0,0,0,04-MAR-2024,
OPTIDX,NIFTY,30-May-2024,22400,CE,934.35,937.1,903.45,911.7,911.7,17,198.27,1050,750,04-MAR-2024,
OPTIDX,NIFTY,30-May-2024,22450,CE,885.75,889.15,885.75,886.5,886.5,11,128.35,550,550,04-MAR-2024,
OPTIDX,NIFTY,30-May-2024,22500,CE,860,906.1,858.25,873.15,873.15,138,1612.89,11450,3900,04-MAR-2024,
OPTIDX,NIFTY,30-May-2024,22550,CE,0,0,0,570.85,650.3,0,0,0,0,04-MAR-2024,
OPTIDX,NIFTY,30-May-2024,22600,CE,805.25,805.25,799.35,799.35,799.35,4,46.8,350,-100,04-MAR-2024,
OPTIDX,NIFTY,30-May-2024,22650,CE,772.65,772.7,772.65,772.7,772.7,3,35.13,150,150,04-MAR-2024,
OPTIDX,NIFTY,30-May-2024,22700,CE,755,755,755,755,572.05,1,11.72,1200,50,04-MAR-2024,
OPTIDX,NIFTY,30-May-2024,22750,CE,0,0,0,487.8,547.4,0,0,0,0,04-MAR-2024,
OPTIDX,NIFTY,30-May-2024,22800,CE,0,0,0,468.45,523.5,0,0,0,0,04-MAR-2024,
OPTIDX,NIFTY,30-May-2024,22850,CE,0,0,0,449.7,500.3,0,0,0,0,04-MAR-2024,
OPTIDX,NIFTY,30-May-2024,22900,CE,0,0,0,431.45,477.8,0,0,0,0,04-MAR-2024,
OPTIDX,NIFTY,30-May-2024,22950,CE,0,0,0,413.8,456,0,0,0,0,04-MAR-2024,
OPTIDX,NIFTY,30-May-2024,23000,CE,628.15,634.95,592,598.8,598.8,426,5028.08,35000,5200,04-MAR-2024,
OPTIDX,NIFTY,30-May-2024,23050,CE,0,0,0,380.05,414.5,0,0,0,0,04-MAR-2024,
OPTIDX,NIFTY,30-May-2024,23100,CE,550,550,550,550,550,1,11.82,100,50,04-MAR-2024,
OPTIDX,NIFTY,30-May-2024,23150,CE,0,0,0,348.45,375.75,0,0,0,0,04-MAR-2024,
OPTIDX,NIFTY,30-May-2024,23200,CE,0,0,0,333.4,357.4,0,0,0,0,04-MAR-2024,
OPTIDX,NIFTY,30-May-2024,23250,CE,0,0,0,318.85,339.7,0,0,0,0,04-MAR-2024,
OPTIDX,NIFTY,30-May-2024,23300,CE,0,0,0,304.8,322.65,0,0,0,0,04-MAR-2024,
OPTIDX,NIFTY,30-May-2024,23350,CE,0,0,0,291.25,306.25,0,0,0,0,04-MAR-2024,
OPTIDX,NIFTY,30-May-2024,23400,CE,0,0,0,278.15,290.5,0,0,0,0,04-MAR-2024,
OPTIDX,NIFTY,30-May-2024,23450,CE,0,0,0,266.5,275.35,0,0,0,0,04-MAR-2024,
OPTIDX,NIFTY,30-May-2024,23500,CE,400,420,390,395.25,395.25,323,3859.56,29700,1200,04-MAR-2024,
OPTIDX,NIFTY,30-May-2024,23550,CE,0,0,0,242.8,246.85,0,0,0,0,04-MAR-2024,
OPTIDX,NIFTY,30-May-2024,23600,CE,0,0,0,230.65,233.45,0,0,0,0,04-MAR-2024,
OPTIDX,NIFTY,30-May-2024,23650,CE,0,0,0,219.8,220.65,0,0,0,0,04-MAR-2024,
OPTIDX,NIFTY,30-May-2024,23700,CE,0,0,0,209.35,208.4,0,0,0,0,04-MAR-2024,
OPTIDX,NIFTY,30-May-2024,23750,CE,310.7,330,310.7,330,196.7,6,72.22,2350,150,04-MAR-2024,
OPTIDX,NIFTY,30-May-2024,23800,CE,0,0,0,189.65,185.55,0,0,0,0,04-MAR-2024,
OPTIDX,NIFTY,30-May-2024,23850,CE,0,0,0,180.4,174.85,0,0,0,0,04-MAR-2024,
OPTIDX,NIFTY,30-May-2024,23900,CE,0,0,0,171.5,164.7,0,0,0,0,04-MAR-2024,
OPTIDX,NIFTY,30-May-2024,23950,CE,0,0,0,163,155,0,0,0,0,04-MAR-2024,
OPTIDX,NIFTY,30-May-2024,24000,CE,253,265.3,240,253.6,253.6,601,7288.56,20050,18550,04-MAR-2024,
OPTIDX,NIFTY,30-May-2024,24050,CE,0,0,0,146.95,137,0,0,0,0,04-MAR-2024,
OPTIDX,NIFTY,30-May-2024,24100,CE,0,0,0,139.45,128.65,0,0,0,0,04-MAR-2024,
OPTIDX,NIFTY,30-May-2024,24150,CE,244.45,244.45,203.15,206,120.75,4,48.72,150,150,04-MAR-2024,
OPTIDX,NIFTY,30-May-2024,20250,PE,39.25,39.25,39.25,39.25,39.25,2,20.28,100,100,04-MAR-2024,
OPTIDX,NIFTY,30-May-2024,20300,PE,42.65,42.65,42.65,42.65,13.85,23,233.94,1150,1150,04-MAR-2024,
OPTIDX,NIFTY,30-May-2024,20350,PE,0,0,0,70.45,15.45,0,0,0,0,04-MAR-2024,
OPTIDX,NIFTY,30-May-2024,20400,PE,0,0,0,75.7,17.15,0,0,0,0,04-MAR-2024,
OPTIDX,NIFTY,30-May-2024,20450,PE,0,0,0,81.25,19,0,0,0,0,04-MAR-2024,
OPTIDX,NIFTY,30-May-2024,20500,PE,117.7,125.85,116.05,118.3,118.3,693,7144.62,44350,26400,04-MAR-2024,
OPTIDX,NIFTY,30-May-2024,20550,PE,0,0,0,140,23.3,0,0,600,0,04-MAR-2024,
OPTIDX,NIFTY,30-May-2024,20600,PE,0,0,0,99.85,25.7,0,0,0,0,04-MAR-2024,
OPTIDX,NIFTY,30-May-2024,20650,PE,0,0,0,106.7,28.35,0,0,500,0,04-MAR-2024,
OPTIDX,NIFTY,30-May-2024,20700,PE,0,0,0,113.95,31.2,0,0,0,0,04-MAR-2024,
OPTIDX,NIFTY,30-May-2024,20750,PE,0,0,0,121.6,34.3,0,0,0,0,04-MAR-2024,
OPTIDX,NIFTY,30-May-2024,20800,PE,0,0,0,129.6,37.65,0,0,0,0,04-MAR-2024,
OPTIDX,NIFTY,30-May-2024,20850,PE,0,0,0,138,41.25,0,0,0,0,04-MAR-2024,
OPTIDX,NIFTY,30-May-2024,20900,PE,0,0,0,146.85,45.1,0,0,0,0,04-MAR-2024,
OPTIDX,NIFTY,30-May-2024,20950,PE,0,0,0,156.1,49.3,0,0,0,0,04-MAR-2024,
OPTIDX,NIFTY,30-May-2024,21000,PE,205.2,205.2,182.55,186.25,186.25,998,10574.4,69450,28850,04-MAR-2024,
OPTIDX,NIFTY,30-May-2024,21050,PE,0,0,0,175.9,58.6,0,0,0,0,04-MAR-2024,
OPTIDX,NIFTY,30-May-2024,21100,PE,0,0,0,167.85,63.8,0,0,50,0,04-MAR-2024,
OPTIDX,NIFTY,30-May-2024,21150,PE,100.45,100.45,100.45,100.45,69.3,1,10.62,50,50,04-MAR-2024,
OPTIDX,NIFTY,30-May-2024,21200,PE,221.65,234,218,218,218,146,1564.19,7050,6700,04-MAR-2024,
OPTIDX,NIFTY,30-May-2024,21250,PE,0,0,0,221.15,81.5,0,0,0,0,04-MAR-2024,
OPTIDX,NIFTY,30-May-2024,21300,PE,0,0,0,234.45,88.25,0,0,0,0,04-MAR-2024,
OPTIDX,NIFTY,30-May-2024,21350,PE,0,0,0,247.4,95.35,0,0,0,0,04-MAR-2024,
OPTIDX,NIFTY,30-May-2024,21400,PE,0,0,0,260,102.95,0,0,0,0,04-MAR-2024,
OPTIDX,NIFTY,30-May-2024,21450,PE,0,0,0,274.05,111,0,0,0,0,04-MAR-2024,
OPTIDX,NIFTY,30-May-2024,21500,PE,290.05,299,278.65,281.3,281.3,356,3878.45,30750,11450,04-MAR-2024,
OPTIDX,NIFTY,30-May-2024,21550,PE,0,0,0,303.85,128.55,0,0,0,0,04-MAR-2024,
OPTIDX,NIFTY,30-May-2024,21600,PE,0,0,0,349,138.05,0,0,100,0,04-MAR-2024,
OPTIDX,NIFTY,30-May-2024,21650,PE,0,0,0,335.85,148.15,0,0,0,0,04-MAR-2024,
OPTIDX,NIFTY,30-May-2024,21700,PE,0,0,0,363.85,158.75,0,0,2350,0,04-MAR-2024,
OPTIDX,NIFTY,30-May-2024,21750,PE,0,0,0,370.1,169.9,0,0,0,0,04-MAR-2024,
OPTIDX,NIFTY,30-May-2024,21800,PE,370,379.9,358.45,360.55,360.55,30,332.46,4400,150,04-MAR-2024,
OPTIDX,NIFTY,30-May-2024,21850,PE,0,0,0,406.65,193.95,0,0,0,0,04-MAR-2024,
OPTIDX,NIFTY,30-May-2024,21900,PE,408,410,398.75,398.8,206.9,6,66.91,350,200,04-MAR-2024,
OPTIDX,NIFTY,30-May-2024,21950,PE,0,0,0,445.5,220.45,0,0,0,0,04-MAR-2024,
OPTIDX,NIFTY,30-May-2024,22000,PE,430,445.4,419.6,423.95,423.95,691,7750.19,62950,8500,04-MAR-2024,
OPTIDX,NIFTY,30-May-2024,22050,PE,0,0,0,486.75,249.4,0,0,0,0,04-MAR-2024,
OPTIDX,NIFTY,30-May-2024,22100,PE,277.1,277.1,277.1,277.1,264.85,1,11.18,400,50,04-MAR-2024,
OPTIDX,NIFTY,30-May-2024,22150,PE,0,0,0,530.35,281,0,0,0,0,04-MAR-2024,
OPTIDX,NIFTY,30-May-2024,22200,PE,490,490.55,474.55,482.2,482.2,7,79.39,7500,200,04-MAR-2024,
OPTIDX,NIFTY,30-May-2024,22250,PE,0,0,0,576.35,315.25,0,0,0,0,04-MAR-2024,
OPTIDX,NIFTY,30-May-2024,22300,PE,520,536,520,525,333.45,19,216.86,1200,650,04-MAR-2024,
OPTIDX,NIFTY,30-May-2024,22350,PE,0,0,0,624.7,352.3,0,0,0,0,04-MAR-2024,
OPTIDX,NIFTY,30-May-2024,22400,PE,595,595,550.55,560.85,560.85,32,367.42,1000,200,04-MAR-2024,
OPTIDX,NIFTY,30-May-2024,22450,PE,454.05,570.95,454.05,570.95,392.1,3,34.47,100,100,04-MAR-2024,
OPTIDX,NIFTY,30-May-2024,22500,PE,599.95,623.65,592,599.1,599.1,194,2241.18,12750,3250,04-MAR-2024,
OPTIDX,NIFTY,30-May-2024,22550,PE,0,0,0,728.6,434.8,0,0,0,0,04-MAR-2024,
OPTIDX,NIFTY,30-May-2024,22600,PE,637.9,637.9,637.9,637.9,457.2,5,58.09,250,250,04-MAR-2024,
OPTIDX,NIFTY,30-May-2024,22650,PE,0,0,0,784.1,480.3,0,0,0,0,04-MAR-2024,
OPTIDX,NIFTY,30-May-2024,22700,PE,688.7,698.4,668.85,679,504.15,24,280.66,1150,1150,04-MAR-2024,
OPTIDX,NIFTY,30-May-2024,22750,PE,0,0,0,841.9,528.7,0,0,0,0,04-MAR-2024,
OPTIDX,NIFTY,30-May-2024,22800,PE,710.1,710.1,710.1,710.1,554,1,11.75,50,50,04-MAR-2024,
OPTIDX,NIFTY,30-May-2024,22850,PE,0,0,0,902,580,0,0,0,0,04-MAR-2024,
OPTIDX,NIFTY,30-May-2024,22900,PE,790.15,790.15,774.15,774.2,774.2,32,378.92,1600,1600,04-MAR-2024,
OPTIDX,NIFTY,30-May-2024,22950,PE,0,0,0,964.25,634.1,0,0,0,0,04-MAR-2024,
OPTIDX,NIFTY,30-May-2024,23000,PE,827,859,787.75,820.25,820.25,85,1012.6,15400,3500,04-MAR-2024,
OPTIDX,NIFTY,30-May-2024,23050,PE,0,0,0,1028.7,691,0,0,0,0,04-MAR-2024,
OPTIDX,NIFTY,30-May-2024,23100,PE,0,0,0,1061.75,720.5,0,0,0,0,04-MAR-2024,
OPTIDX,NIFTY,30-May-2024,23150,PE,0,0,0,1095.3,750.65,0,0,0,0,04-MAR-2024,
OPTIDX,NIFTY,30-May-2024,23200,PE,0,0,0,1129.35,781.5,0,0,0,0,04-MAR-2024,
OPTIDX,NIFTY,30-May-2024,23250,PE,0,0,0,1163.9,813,0,0,0,0,04-MAR-2024,
OPTIDX,NIFTY,30-May-2024,23300,PE,0,0,0,1198.9,845.2,0,0,0,0,04-MAR-2024,
OPTIDX,NIFTY,30-May-2024,23350,PE,0,0,0,1234.45,878,0,0,0,0,04-MAR-2024,
OPTIDX,NIFTY,30-May-2024,23400,PE,0,0,0,1270.45,911.4,0,0,0,0,04-MAR-2024,
OPTIDX,NIFTY,30-May-2024,23450,PE,0,0,0,1307.9,945.45,0,0,0,0,04-MAR-2024,
OPTIDX,NIFTY,30-May-2024,23500,PE,1074.9,1141.3,1065.85,1120.1,980.1,17,209.12,650,650,04-MAR-2024,
OPTIDX,NIFTY,30-May-2024,23550,PE,0,0,0,1382.35,1015.35,0,0,0,0,04-MAR-2024,
OPTIDX,NIFTY,30-May-2024,23600,PE,0,0,0,1419.3,1051.2,0,0,0,0,04-MAR-2024,
OPTIDX,NIFTY,30-May-2024,23650,PE,0,0,0,1457.55,1087.6,0,0,0,0,04-MAR-2024,
OPTIDX,NIFTY,30-May-2024,23700,PE,0,0,0,1496.2,1124.55,0,0,0,0,04-MAR-2024,
OPTIDX,NIFTY,30-May-2024,23750,PE,0,0,0,1250,1162.05,0,0,100,0,04-MAR-2024,
OPTIDX,NIFTY,30-May-2024,23800,PE,0,0,0,1574.7,1200.1,0,0,0,0,04-MAR-2024,
OPTIDX,NIFTY,30-May-2024,23850,PE,0,0,0,1614.55,1238.6,0,0,0,0,04-MAR-2024,
OPTIDX,NIFTY,30-May-2024,23900,PE,0,0,0,1654.75,1277.65,0,0,0,0,04-MAR-2024,
OPTIDX,NIFTY,30-May-2024,23950,PE,0,0,0,1695.3,1317.15,0,0,0,0,04-MAR-2024,
OPTIDX,NIFTY,30-May-2024,24000,PE,0,0,0,1736.2,1357.15,0,0,0,0,04-MAR-2024,
OPTIDX,NIFTY,30-May-2024,24050,PE,0,0,0,1777.45,1397.55,0,0,0,0,04-MAR-2024,
OPTIDX,NIFTY,30-May-2024,24100,PE,0,0,0,1819.05,1438.4,0,0,0,0,04-MAR-2024,
OPTIDX,NIFTY,30-May-2024,24150,PE,0,0,0,1860.95,1479.7,0,0,0,0,04-MAR-2024,
OPTIDX,NIFTY,27-Jun-2024,15000,CE,0,0,0,4599.25,7721.25,0,0,50,0,04-MAR-2024,
OPTIDX,NIFTY,27-Jun-2024,16000,CE,0,0,0,2666.1,6742.3,0,0,0,0,04-MAR-2024,
OPTIDX,NIFTY,27-Jun-2024,17000,CE,0,0,0,5010.65,5763.35,0,0,50,0,04-MAR-2024,
OPTIDX,NIFTY,27-Jun-2024,18000,CE,4700,4751,4659.95,4707.35,4707.35,414,4695.53,45700,19000,04-MAR-2024,
OPTIDX,NIFTY,27-Jun-2024,18500,CE,0,0,0,4150,4295.3,0,0,2825,0,04-MAR-2024,
OPTIDX,NIFTY,27-Jun-2024,19000,CE,3850,3856.2,3756.2,3786.1,3786.1,465,5297.44,154550,17800,04-MAR-2024,
OPTIDX,NIFTY,27-Jun-2024,20000,CE,2997,2997,2885.95,2913.75,2913.75,146,1673.09,255650,200,04-MAR-2024,
OPTIDX,NIFTY,27-Jun-2024,21000,CE,2120,2130,2068.2,2084.05,2084.05,367,4236.56,440550,-650,04-MAR-2024,
OPTIDX,NIFTY,27-Jun-2024,22000,CE,1355.35,1383.65,1323.05,1346.35,1346.35,932,10882.13,513600,9500,04-MAR-2024,
OPTIDX,NIFTY,27-Jun-2024,23000,CE,777,787.95,748.8,755,755,3259,38720.29,783100,-16900,04-MAR-2024,
OPTIDX,NIFTY,27-Jun-2024,24000,CE,391.8,407.2,381.85,385.35,385.35,4204,51273.05,870350,90500,04-MAR-2024,
OPTIDX,NIFTY,27-Jun-2024,25000,CE,185,185.75,165,166.5,166.5,1180,14852.45,364200,6500,04-MAR-2024,
OPTIDX,NIFTY,27-Jun-2024,26000,CE,73.75,74.75,67.75,68.6,68.6,439,5722.55,157550,6650,04-MAR-2024,
OPTIDX,NIFTY,27-Jun-2024,27000,CE,0,0,0,331.6,4.75,0,0,0,0,04-MAR-2024,
OPTIDX,NIFTY,27-Jun-2024,14000,PE,0,0,0,9,0.05,0,0,7075,0,04-MAR-2024,
OPTIDX,NIFTY,27-Jun-2024,15000,PE,0,0,0,3.05,0.05,0,0,12425,0,04-MAR-2024,
OPTIDX,NIFTY,27-Jun-2024,16000,PE,18.1,20,17.6,19.95,19.95,37,296.34,44500,550,04-MAR-2024,
OPTIDX,NIFTY,27-Jun-2024,17000,PE,25,26.55,24.05,25.7,25.7,57,485.22,147350,50,04-MAR-2024,
OPTIDX,NIFTY,27-Jun-2024,18000,PE,35.9,35.9,32,33.15,33.15,610,5500.25,533250,4000,04-MAR-2024,
OPTIDX,NIFTY,27-Jun-2024,19000,PE,62.55,67.6,60,61.2,61.2,1356,12924.84,801850,-1800,04-MAR-2024,
OPTIDX,NIFTY,27-Jun-2024,20000,PE,131.25,139.95,129.5,130.4,130.4,1674,16852.1,978700,-4750,04-MAR-2024,
OPTIDX,NIFTY,27-Jun-2024,21000,PE,270,276.85,261.45,265.05,265.05,3069,32635.57,1267550,35900,04-MAR-2024,
OPTIDX,NIFTY,27-Jun-2024,22000,PE,508.25,514.95,490.05,499.85,499.85,2224,25021.03,979450,-4100,04-MAR-2024,
OPTIDX,NIFTY,27-Jun-2024,23000,PE,872.05,905,869,879.45,879.45,1190,14210.42,320750,20850,04-MAR-2024,
OPTIDX,NIFTY,27-Jun-2024,24000,PE,1460,1519.35,1460,1479.35,1479.35,607,7734.25,250400,2550,04-MAR-2024,
OPTIDX,NIFTY,27-Jun-2024,25000,PE,0,0,0,7199.55,2146.1,0,0,0,0,04-MAR-2024,
OPTIDX,NIFTY,27-Jun-2024,26000,PE,0,0,0,8015.6,3068.55,0,0,0,0,04-MAR-2024,
OPTIDX,NIFTY,27-Jun-2024,27000,PE,0,0,0,8206,4031,0,0,0,0,04-MAR-2024,
OPTIDX,NIFTY,26-Sep-2024,16000,CE,0,0,0,4667.4,7003.7,0,0,0,0,04-MAR-2024,
OPTIDX,NIFTY,26-Sep-2024,17000,CE,0,0,0,3800.4,6041.2,0,0,0,0,04-MAR-2024,
OPTIDX,NIFTY,26-Sep-2024,18000,CE,0,0,0,2994.95,5079.95,0,0,0,0,04-MAR-2024,
OPTIDX,NIFTY,26-Sep-2024,19000,CE,0,0,0,2277.4,4125.25,0,0,0,0,04-MAR-2024,
OPTIDX,NIFTY,26-Sep-2024,20000,CE,0,0,0,1666.45,3194.15,0,0,0,0,04-MAR-2024,
OPTIDX,NIFTY,26-Sep-2024,21000,CE,0,0,0,1173.8,2323.1,0,0,0,0,04-MAR-2024,
OPTIDX,NIFTY,26-Sep-2024,22000,CE,1755,1794.8,1698.55,1698.55,1563.7,33,391.33,10400,350,04-MAR-2024,
OPTIDX,NIFTY,26-Sep-2024,23000,CE,1142,1150,1100,1107,1107,64,771.82,33050,-200,04-MAR-2024,
OPTIDX,NIFTY,26-Sep-2024,24000,CE,665,699.8,610,649.85,649.85,62,764.18,16350,1250,04-MAR-2024,
OPTIDX,NIFTY,26-Sep-2024,25000,CE,360,374.15,320,358,271.9,88,1115.65,42900,2050,04-MAR-2024,
OPTIDX,NIFTY,26-Sep-2024,26000,CE,180,189,170.25,180,180,62,811.58,11050,300,04-MAR-2024,
OPTIDX,NIFTY,26-Sep-2024,27000,CE,0,0,0,68.7,51.75,0,0,0,0,04-MAR-2024,
OPTIDX,NIFTY,26-Sep-2024,16000,PE,0,0,0,39.75,0.05,0,0,0,0,04-MAR-2024,
OPTIDX,NIFTY,26-Sep-2024,17000,PE,0,0,0,103.7,0.15,0,0,0,0,04-MAR-2024,
OPTIDX,NIFTY,26-Sep-2024,18000,PE,0,0,0,229.25,1.5,0,0,0,0,04-MAR-2024,
OPTIDX,NIFTY,26-Sep-2024,19000,PE,0,0,0,239.55,9.4,0,0,2850,0,04-MAR-2024,
OPTIDX,NIFTY,26-Sep-2024,20000,PE,0,0,0,762.75,41,0,0,0,0,04-MAR-2024,
OPTIDX,NIFTY,26-Sep-2024,21000,PE,310.85,318.75,301.7,306.25,306.25,635,6766.27,167450,16300,04-MAR-2024,
OPTIDX,NIFTY,26-Sep-2024,22000,PE,529,546,525,528.25,528.25,286,3222.39,68250,3250,04-MAR-2024,
OPTIDX,NIFTY,26-Sep-2024,23000,PE,890,900,861.95,879.1,879.1,126,1504.63,22650,3000,04-MAR-2024,
OPTIDX,NIFTY,26-Sep-2024,24000,PE,0,0,0,3149.25,1235.15,0,0,0,0,04-MAR-2024,
OPTIDX,NIFTY,26-Sep-2024,25000,PE,0,0,0,3952.4,1931.8,0,0,0,0,04-MAR-2024,
OPTIDX,NIFTY,26-Sep-2024,26000,PE,0,0,0,4801.5,2747,0,0,0,0,04-MAR-2024,
OPTIDX,NIFTY,26-Sep-2024,27000,PE,0,0,0,5681.95,3636.9,0,0,0,0,04-MAR-2024,
OPTIDX,NIFTY,26-Dec-2024,14000,CE,0,0,0,8599,9153.8,0,0,100,0,04-MAR-2024,
OPTIDX,NIFTY,26-Dec-2024,15000,CE,0,0,0,7573,8207.25,0,0,2550,0,04-MAR-2024,
OPTIDX,NIFTY,26-Dec-2024,16000,CE,0,0,0,6651,7260.8,0,0,21950,0,04-MAR-2024,
OPTIDX,NIFTY,26-Dec-2024,17000,CE,0,0,0,5880,6315,0,0,18100,0,04-MAR-2024,
OPTIDX,NIFTY,26-Dec-2024,18000,CE,5448.5,5463.3,5302,5342.9,5342.9,60,701.35,24100,200,04-MAR-2024,
OPTIDX,NIFTY,26-Dec-2024,18500,CE,0,0,0,4400,4904.6,0,0,1000,0,04-MAR-2024,
OPTIDX,NIFTY,26-Dec-2024,19000,CE,4520,4550,4430,4455,4441.25,19,223.09,80550,-150,04-MAR-2024,
OPTIDX,NIFTY,26-Dec-2024,20000,CE,3600,3700,3600,3651.4,3651.4,76,898.73,76450,-2550,04-MAR-2024,
OPTIDX,NIFTY,26-Dec-2024,21000,CE,2849,2890,2842,2883.2,2883.2,11,131.22,117200,0,04-MAR-2024,
OPTIDX,NIFTY,26-Dec-2024,22000,CE,2175,2201,2151,2175.8,2175.8,139,1680.72,212500,800,04-MAR-2024,
OPTIDX,NIFTY,26-Dec-2024,23000,CE,1508,1530,1476.6,1521.8,1521.8,209,2561.49,167200,2750,04-MAR-2024,
OPTIDX,NIFTY,26-Dec-2024,24000,CE,986.2,995,967.45,971.95,971.95,205,2560.36,165050,550,04-MAR-2024,
OPTIDX,NIFTY,26-Dec-2024,25000,CE,600,614,585.9,588.8,588.8,291,3724.81,202150,700,04-MAR-2024,
OPTIDX,NIFTY,26-Dec-2024,26000,CE,337,345,325,326.5,326.5,122,1606.36,101800,1150,04-MAR-2024,
OPTIDX,NIFTY,26-Dec-2024,27000,CE,180,180,166,168.35,168.35,34,461.95,49750,900,04-MAR-2024,
OPTIDX,NIFTY,26-Dec-2024,14000,PE,0,0,0,20.5,0.05,0,0,3300,0,04-MAR-2024,
OPTIDX,NIFTY,26-Dec-2024,15000,PE,0,0,0,3.05,0.05,0,0,28400,0,04-MAR-2024,
OPTIDX,NIFTY,26-Dec-2024,16000,PE,9.45,9.45,9.45,9.45,0.1,12,96.05,17050,0,04-MAR-2024,
OPTIDX,NIFTY,26-Dec-2024,17000,PE,20.95,34.65,20.95,34.65,0.9,5,42.57,75350,-150,04-MAR-2024,
OPTIDX,NIFTY,26-Dec-2024,18000,PE,81,89.7,80,81.85,81.85,224,2025.24,271550,-450,04-MAR-2024,
OPTIDX,NIFTY,26-Dec-2024,19000,PE,130,132,122.05,126.05,126.05,275,2630.09,385500,-5050,04-MAR-2024,
OPTIDX,NIFTY,26-Dec-2024,20000,PE,226.8,226.8,200.05,219,219,206,2082.85,557600,1250,04-MAR-2024,
OPTIDX,NIFTY,26-Dec-2024,21000,PE,381.55,387.9,370,375.05,375.05,698,7460.67,996750,-10400,04-MAR-2024,
OPTIDX,NIFTY,26-Dec-2024,22000,PE,601.5,619.8,598.8,610.15,610.15,695,7856.32,562250,6350,04-MAR-2024,
OPTIDX,NIFTY,26-Dec-2024,23000,PE,901.05,916.65,894,898.8,898.8,385,4601.45,212700,7300,04-MAR-2024,
OPTIDX,NIFTY,26-Dec-2024,24000,PE,1340.05,1355.9,1316,1333.8,1333.8,143,1811.65,53950,2450,04-MAR-2024,
OPTIDX,NIFTY,26-Dec-2024,25000,PE,1928,1928,1886.35,1889.7,1889.7,31,416.85,28000,150,04-MAR-2024,
OPTIDX,NIFTY,26-Dec-2024,26000,PE,2600,2600,2550,2550,2495.3,2,28.57,2750,50,04-MAR-2024,
OPTIDX,NIFTY,26-Dec-2024,27000,PE,0,0,0,4500,3306.05,0,0,50,0,04-MAR-2024,
OPTIDX,NIFTY,26-Jun-2025,16000,CE,0,0,0,3227.55,7762.9,0,0,0,0,04-MAR-2024,
OPTIDX,NIFTY,26-Jun-2025,17000,CE,0,0,0,4165.5,6850.8,0,0,2750,0,04-MAR-2024,
OPTIDX,NIFTY,26-Jun-2025,18000,CE,0,0,0,3934,5945.65,0,0,2200,0,04-MAR-2024,
OPTIDX,NIFTY,26-Jun-2025,19000,CE,0,0,0,3077.9,5056.65,0,0,0,0,04-MAR-2024,
OPTIDX,NIFTY,26-Jun-2025,20000,CE,0,0,0,3180.85,4198.95,0,0,0,0,04-MAR-2024,
OPTIDX,NIFTY,26-Jun-2025,21000,CE,0,0,0,3199.45,3392.6,0,0,0,0,04-MAR-2024,
OPTIDX,NIFTY,26-Jun-2025,22000,CE,0,0,0,2088.15,2659.55,0,0,0,0,04-MAR-2024,
OPTIDX,NIFTY,26-Jun-2025,23000,CE,0,0,0,2003.65,2018.75,0,0,0,0,04-MAR-2024,
OPTIDX,NIFTY,26-Jun-2025,24000,CE,0,0,0,1100.85,1482.05,0,0,0,0,04-MAR-2024,
OPTIDX,NIFTY,26-Jun-2025,25000,CE,0,0,0,600,1051.95,0,0,100,0,04-MAR-2024,
OPTIDX,NIFTY,26-Jun-2025,26000,CE,0,0,0,811.85,722.2,0,0,0,0,04-MAR-2024,
OPTIDX,NIFTY,26-Jun-2025,27000,CE,0,0,0,803.5,480,0,0,0,0,04-MAR-2024,
OPTIDX,NIFTY,26-Jun-2025,14000,PE,0,0,0,42.35,0.05,0,0,675,0,04-MAR-2024,
OPTIDX,NIFTY,26-Jun-2025,15000,PE,0,0,0,134,0.15,0,0,1800,0,04-MAR-2024,
OPTIDX,NIFTY,26-Jun-2025,16000,PE,0,0,0,129.2,0.95,0,0,100,0,04-MAR-2024,
OPTIDX,NIFTY,26-Jun-2025,17000,PE,0,0,0,3497.35,4.1,0,0,0,0,04-MAR-2024,
OPTIDX,NIFTY,26-Jun-2025,18000,PE,0,0,0,3586.15,14.15,0,0,0,0,04-MAR-2024,
OPTIDX,NIFTY,26-Jun-2025,19000,PE,0,0,0,3210.95,40.4,0,0,0,0,04-MAR-2024,
OPTIDX,NIFTY,26-Jun-2025,20000,PE,0,0,0,312.05,97.9,0,0,900,0,04-MAR-2024,
OPTIDX,NIFTY,26-Jun-2025,21000,PE,0,0,0,3070.85,206.8,0,0,0,0,04-MAR-2024,
OPTIDX,NIFTY,26-Jun-2025,22000,PE,0,0,0,839.9,389,0,0,150,0,04-MAR-2024,
OPTIDX,NIFTY,26-Jun-2025,23000,PE,0,0,0,1020,663.4,0,0,250,0,04-MAR-2024,
OPTIDX,NIFTY,26-Jun-2025,24000,PE,0,0,0,5875.1,1041.9,0,0,0,0,04-MAR-2024,
OPTIDX,NIFTY,26-Jun-2025,25000,PE,0,0,0,6576.35,1527.05,0,0,0,0,04-MAR-2024,
OPTIDX,NIFTY,26-Jun-2025,26000,PE,0,0,0,7299,2112.5,0,0,0,0,04-MAR-2024,
OPTIDX,NIFTY,26-Jun-2025,27000,PE,0,0,0,7438.15,2785.55,0,0,0,0,04-MAR-2024,
OPTIDX,NIFTY,24-Dec-2025,16000,CE,0,0,0,7200,8246.5,0,0,50,0,04-MAR-2024,
OPTIDX,NIFTY,24-Dec-2025,17000,CE,0,0,0,5080,7367.15,0,0,650,0,04-MAR-2024,
OPTIDX,NIFTY,24-Dec-2025,18000,CE,0,0,0,6099.95,6496.65,0,0,5650,0,04-MAR-2024,
OPTIDX,NIFTY,24-Dec-2025,19000,CE,0,0,0,5615,5643.3,0,0,3150,0,04-MAR-2024,
OPTIDX,NIFTY,24-Dec-2025,19500,CE,0,0,0,3200,5226.7,0,0,1300,0,04-MAR-2024,
OPTIDX,NIFTY,24-Dec-2025,20000,CE,0,0,0,3800,4819.1,0,0,300,0,04-MAR-2024,
OPTIDX,NIFTY,24-Dec-2025,21000,CE,0,0,0,1400,4038.4,0,0,100,0,04-MAR-2024,
OPTIDX,NIFTY,24-Dec-2025,22000,CE,0,0,0,3320,3316.4,0,0,800,0,04-MAR-2024,
OPTIDX,NIFTY,24-Dec-2025,23000,CE,2700,2801,2700,2801,2666.4,2,25.75,2350,-50,04-MAR-2024,
OPTIDX,NIFTY,24-Dec-2025,24000,CE,2100,2100,2100,2100,2097.85,1,13.05,50,50,04-MAR-2024,
OPTIDX,NIFTY,24-Dec-2025,25000,CE,0,0,0,1222.85,1615.05,0,0,0,0,04-MAR-2024,
OPTIDX,NIFTY,24-Dec-2025,26000,CE,0,0,0,1070.85,1216.95,0,0,0,0,04-MAR-2024,
OPTIDX,NIFTY,24-Dec-2025,27000,CE,0,0,0,1071,898.1,0,0,0,0,04-MAR-2024,
OPTIDX,NIFTY,24-Dec-2025,13000,PE,0,0,0,400,0.05,0,0,150,0,04-MAR-2024,
OPTIDX,NIFTY,24-Dec-2025,15000,PE,0,0,0,62.15,0.6,0,0,1100,0,04-MAR-2024,
OPTIDX,NIFTY,24-Dec-2025,16000,PE,0,0,0,139.95,2.5,0,0,2150,0,04-MAR-2024,
OPTIDX,NIFTY,24-Dec-2025,16500,PE,0,0,0,38.15,4.65,0,0,2600,0,04-MAR-2024,
OPTIDX,NIFTY,24-Dec-2025,17000,PE,0,0,0,155.05,8.25,0,0,2400,0,04-MAR-2024,
OPTIDX,NIFTY,24-Dec-2025,18000,PE,0,0,0,324.95,22.85,0,0,3050,0,04-MAR-2024,
OPTIDX,NIFTY,24-Dec-2025,19000,PE,0,0,0,335,54.6,0,0,3050,0,04-MAR-2024,
OPTIDX,NIFTY,24-Dec-2025,20000,PE,0,0,0,572,115.5,0,0,4500,0,04-MAR-2024,
OPTIDX,NIFTY,24-Dec-2025,21000,PE,0,0,0,701,219.9,0,0,3200,0,04-MAR-2024,
OPTIDX,NIFTY,24-Dec-2025,22000,PE,0,0,0,801,383,0,0,2350,0,04-MAR-2024,
OPTIDX,NIFTY,24-Dec-2025,23000,PE,1010.1,1080,1010.1,1080,618.1,12,144.34,2400,250,04-MAR-2024,
OPTIDX,NIFTY,24-Dec-2025,24000,PE,0,0,0,5649,934.65,0,0,0,0,04-MAR-2024,
OPTIDX,NIFTY,24-Dec-2025,25000,PE,0,0,0,6310.55,1336.95,0,0,0,0,04-MAR-2024,
OPTIDX,NIFTY,24-Dec-2025,26000,PE,0,0,0,6993.25,1823.95,0,0,0,0,04-MAR-2024,
OPTIDX,NIFTY,24-Dec-2025,27000,PE,0,0,0,7112.8,2390.2,0,0,0,0,04-MAR-2024,
OPTIDX,NIFTY,25-Jun-2026,12000,CE,0,0,0,8690,12137.85,0,0,50,0,04-MAR-2024,
OPTIDX,NIFTY,25-Jun-2026,16000,CE,0,0,0,4748.3,8719.65,0,0,0,0,04-MAR-2024,
OPTIDX,NIFTY,25-Jun-2026,17000,CE,0,0,0,4348.25,7871.8,0,0,0,0,04-MAR-2024,
OPTIDX,NIFTY,25-Jun-2026,18000,CE,0,0,0,4150,7033.45,0,0,200,0,04-MAR-2024,
OPTIDX,NIFTY,25-Jun-2026,19000,CE,0,0,0,2872.25,6211.8,0,0,100,0,04-MAR-2024,
OPTIDX,NIFTY,25-Jun-2026,20000,CE,0,0,0,3829.5,5416.15,0,0,0,0,04-MAR-2024,
OPTIDX,NIFTY,25-Jun-2026,21000,CE,0,0,0,3881.9,4657.45,0,0,0,0,04-MAR-2024,
OPTIDX,NIFTY,25-Jun-2026,22000,CE,0,0,0,2722.55,3946.9,0,0,0,0,04-MAR-2024,
OPTIDX,NIFTY,25-Jun-2026,23000,CE,0,0,0,2645.65,3294.5,0,0,0,0,04-MAR-2024,
OPTIDX,NIFTY,25-Jun-2026,24000,CE,0,0,0,1698.3,2708.05,0,0,0,0,04-MAR-2024,
OPTIDX,NIFTY,25-Jun-2026,25000,CE,0,0,0,1510.4,2192.1,0,0,0,0,04-MAR-2024,
OPTIDX,NIFTY,25-Jun-2026,26000,CE,0,0,0,1343.15,1747.9,0,0,0,0,04-MAR-2024,
OPTIDX,NIFTY,25-Jun-2026,27000,CE,0,0,0,1352.8,1373.4,0,0,0,0,04-MAR-2024,
OPTIDX,NIFTY,25-Jun-2026,12000,PE,0,0,0,10.05,0.05,0,0,500,0,04-MAR-2024,
OPTIDX,NIFTY,25-Jun-2026,13000,PE,0,0,0,45.25,0.05,0,0,200,0,04-MAR-2024,
OPTIDX,NIFTY,25-Jun-2026,14000,PE,0,0,0,300,0.35,0,0,100,0,04-MAR-2024,
OPTIDX,NIFTY,25-Jun-2026,15000,PE,0,0,0,105.5,1.35,0,0,850,0,04-MAR-2024,
OPTIDX,NIFTY,25-Jun-2026,16000,PE,0,0,0,54.8,4.4,0,0,500,0,04-MAR-2024,
OPTIDX,NIFTY,25-Jun-2026,17000,PE,0,0,0,2627.25,12.2,0,0,0,0,04-MAR-2024,
OPTIDX,NIFTY,25-Jun-2026,18000,PE,0,0,0,3088.05,29.5,0,0,0,0,04-MAR-2024,
OPTIDX,NIFTY,25-Jun-2026,19000,PE,0,0,0,140.45,63.5,0,0,100,0,04-MAR-2024,
OPTIDX,NIFTY,25-Jun-2026,20000,PE,0,0,0,3159.75,123.5,0,0,0,0,04-MAR-2024,
OPTIDX,NIFTY,25-Jun-2026,21000,PE,0,0,0,3065.6,220.45,0,0,0,0,04-MAR-2024,
OPTIDX,NIFTY,25-Jun-2026,22000,PE,0,0,0,3829.5,365.5,0,0,0,0,04-MAR-2024,
OPTIDX,NIFTY,25-Jun-2026,23000,PE,0,0,0,859.2,568.8,0,0,150,0,04-MAR-2024,
OPTIDX,NIFTY,25-Jun-2026,24000,PE,0,0,0,5437.7,838,0,0,0,0,04-MAR-2024,
OPTIDX,NIFTY,25-Jun-2026,25000,PE,0,0,0,6063.1,1177.7,0,0,0,0,04-MAR-2024,
OPTIDX,NIFTY,25-Jun-2026,26000,PE,0,0,0,6709.2,1589.15,0,0,0,0,04-MAR-2024,
OPTIDX,NIFTY,25-Jun-2026,27000,PE,0,0,0,6810.7,2070.25,0,0,0,0,04-MAR-2024,
OPTIDX,NIFTY,31-Dec-2026,16000,CE,0,0,0,6200,9191.7,0,0,50,0,04-MAR-2024,
OPTIDX,NIFTY,31-Dec-2026,17000,CE,0,0,0,4955.1,8374.7,0,0,0,0,04-MAR-2024,
OPTIDX,NIFTY,31-Dec-2026,18000,CE,0,0,0,4501.45,7567.15,0,0,0,0,04-MAR-2024,
OPTIDX,NIFTY,31-Dec-2026,19000,CE,0,0,0,6000,6775.05,0,0,200,0,04-MAR-2024,
OPTIDX,NIFTY,31-Dec-2026,20000,CE,0,0,0,3704.3,6005.85,0,0,0,0,04-MAR-2024,
OPTIDX,NIFTY,31-Dec-2026,21000,CE,0,0,0,3356.25,5268,0,0,0,0,04-MAR-2024,
OPTIDX,NIFTY,31-Dec-2026,22000,CE,0,0,0,3039,4570.15,0,0,0,0,04-MAR-2024,
OPTIDX,NIFTY,31-Dec-2026,23000,CE,0,0,0,2020,3920.15,0,0,500,0,04-MAR-2024,
OPTIDX,NIFTY,31-Dec-2026,24000,CE,0,0,0,2010.65,3324.4,0,0,0,0,04-MAR-2024,
OPTIDX,NIFTY,31-Dec-2026,25000,CE,0,0,0,1811.2,2787.35,0,0,0,0,04-MAR-2024,
OPTIDX,NIFTY,31-Dec-2026,26000,CE,0,0,0,1631.05,2311.1,0,0,0,0,04-MAR-2024,
OPTIDX,NIFTY,31-Dec-2026,27000,CE,0,0,0,1651.65,1895.5,0,0,0,0,04-MAR-2024,
OPTIDX,NIFTY,31-Dec-2026,12000,PE,0,0,0,250.1,0.05,0,0,600,0,04-MAR-2024,
OPTIDX,NIFTY,31-Dec-2026,13000,PE,0,0,0,450,0.15,0,0,200,0,04-MAR-2024,
OPTIDX,NIFTY,31-Dec-2026,14000,PE,0,0,0,500,0.65,0,0,950,0,04-MAR-2024,
OPTIDX,NIFTY,31-Dec-2026,15000,PE,0,0,0,23,2.2,0,0,2200,0,04-MAR-2024,
OPTIDX,NIFTY,31-Dec-2026,16000,PE,0,0,0,28.35,6.2,0,0,2450,0,04-MAR-2024,
OPTIDX,NIFTY,31-Dec-2026,17000,PE,0,0,0,40.95,15.45,0,0,2650,0,04-MAR-2024,
OPTIDX,NIFTY,31-Dec-2026,18000,PE,213,233.5,213,233.5,233.5,8,72.9,6200,0,04-MAR-2024,
OPTIDX,NIFTY,31-Dec-2026,19000,PE,0,0,0,139.95,68.3,0,0,3250,0,04-MAR-2024,
OPTIDX,NIFTY,31-Dec-2026,20000,PE,0,0,0,600,125.4,0,0,3750,0,04-MAR-2024,
OPTIDX,NIFTY,31-Dec-2026,21000,PE,0,0,0,649,213.8,0,0,850,0,04-MAR-2024,
OPTIDX,NIFTY,31-Dec-2026,22000,PE,0,0,0,609.65,342.2,0,0,100,0,04-MAR-2024,
OPTIDX,NIFTY,31-Dec-2026,23000,PE,0,0,0,957.4,518.45,0,0,6200,0,04-MAR-2024,
OPTIDX,NIFTY,31-Dec-2026,24000,PE,0,0,0,5233.45,748.95,0,0,0,0,04-MAR-2024,
OPTIDX,NIFTY,31-Dec-2026,25000,PE,0,0,0,5825.75,1038.2,0,0,0,0,04-MAR-2024,
OPTIDX,NIFTY,31-Dec-2026,26000,PE,0,0,0,6437.4,1388.15,0,0,0,0,04-MAR-2024,
OPTIDX,NIFTY,31-Dec-2026,27000,PE,0,0,0,6522.3,1798.8,0,0,0,0,04-MAR-2024,
OPTIDX,NIFTY,24-Jun-2027,16000,CE,0,0,0,4898.4,9614.15,0,0,0,0,04-MAR-2024,
OPTIDX,NIFTY,24-Jun-2027,17000,CE,0,0,0,4464.7,8824.2,0,0,0,0,04-MAR-2024,
OPTIDX,NIFTY,24-Jun-2027,18000,CE,0,0,0,4066.45,8043.35,0,0,0,0,04-MAR-2024,
OPTIDX,NIFTY,24-Jun-2027,19000,CE,0,0,0,3701.25,7276.65,0,0,100,0,04-MAR-2024,
OPTIDX,NIFTY,24-Jun-2027,20000,CE,0,0,0,3367.05,6530.2,0,0,0,0,04-MAR-2024,
OPTIDX,NIFTY,24-Jun-2027,21000,CE,0,0,0,3061.8,5810.9,0,0,0,0,04-MAR-2024,
OPTIDX,NIFTY,24-Jun-2027,22000,CE,0,0,0,2783.5,5125.65,0,0,0,0,04-MAR-2024,
OPTIDX,NIFTY,24-Jun-2027,23000,CE,0,0,0,2530.05,4480.9,0,0,0,0,04-MAR-2024,
OPTIDX,NIFTY,24-Jun-2027,24000,CE,0,0,0,2299.55,3882.2,0,0,0,0,04-MAR-2024,
OPTIDX,NIFTY,24-Jun-2027,25000,CE,0,0,0,2090.05,3333.55,0,0,0,0,04-MAR-2024,
OPTIDX,NIFTY,24-Jun-2027,26000,CE,0,0,0,1900.85,2837.4,0,0,0,0,04-MAR-2024,
OPTIDX,NIFTY,24-Jun-2027,27000,CE,0,0,0,1932.5,2394.5,0,0,0,0,04-MAR-2024,
OPTIDX,NIFTY,24-Jun-2027,16000,PE,0,0,0,1476.1,7.65,0,0,0,0,04-MAR-2024,
OPTIDX,NIFTY,24-Jun-2027,17000,PE,0,0,0,1814.75,17.7,0,0,0,0,04-MAR-2024,
OPTIDX,NIFTY,24-Jun-2027,18000,PE,0,0,0,2188.9,36.75,0,0,0,0,04-MAR-2024,
OPTIDX,NIFTY,24-Jun-2027,19000,PE,0,0,0,170,70,0,0,250,0,04-MAR-2024,
OPTIDX,NIFTY,24-Jun-2027,20000,PE,0,0,0,3034.2,123.5,0,0,0,0,04-MAR-2024,
OPTIDX,NIFTY,24-Jun-2027,21000,PE,0,0,0,3501.35,204.15,0,0,0,0,04-MAR-2024,
OPTIDX,NIFTY,24-Jun-2027,22000,PE,0,0,0,3995.4,318.85,0,0,0,0,04-MAR-2024,
OPTIDX,NIFTY,24-Jun-2027,23000,PE,0,0,0,4514.3,474.05,0,0,0,0,04-MAR-2024,
OPTIDX,NIFTY,24-Jun-2027,24000,PE,0,0,0,5056.2,675.25,0,0,0,0,04-MAR-2024,
OPTIDX,NIFTY,24-Jun-2027,25000,PE,0,0,0,5619.05,926.55,0,0,0,0,04-MAR-2024,
OPTIDX,NIFTY,24-Jun-2027,26000,PE,0,0,0,6202.2,1230.35,0,0,0,0,04-MAR-2024,
OPTIDX,NIFTY,24-Jun-2027,27000,PE,0,0,0,6273.45,1587.45,0,0,0,0,04-MAR-2024,
OPTIDX,NIFTY,30-Dec-2027,16000,CE,0,0,0,7354.45,10055,0,0,0,0,04-MAR-2024,
OPTIDX,NIFTY,30-Dec-2027,17000,CE,0,0,0,6805.5,9292.9,0,0,0,0,04-MAR-2024,
OPTIDX,NIFTY,30-Dec-2027,18000,CE,0,0,0,6285.7,8539.35,0,0,0,0,04-MAR-2024,
OPTIDX,NIFTY,30-Dec-2027,19000,CE,0,0,0,5794.9,7798.45,0,0,0,0,04-MAR-2024,
OPTIDX,NIFTY,30-Dec-2027,20000,CE,0,0,0,5333.85,7075.35,0,0,0,0,04-MAR-2024,
OPTIDX,NIFTY,30-Dec-2027,21000,CE,0,0,0,4902.4,6375.55,0,0,0,0,04-MAR-2024,
OPTIDX,NIFTY,30-Dec-2027,22000,CE,0,0,0,4499.55,5704.7,0,0,0,0,04-MAR-2024,
OPTIDX,NIFTY,30-Dec-2027,23000,CE,0,0,0,4125.7,5068.1,0,0,0,0,04-MAR-2024,
OPTIDX,NIFTY,30-Dec-2027,24000,CE,0,0,0,3778.95,4470.4,0,0,0,0,04-MAR-2024,
OPTIDX,NIFTY,30-Dec-2027,25000,CE,0,0,0,3458.35,3915.3,0,0,0,0,04-MAR-2024,
OPTIDX,NIFTY,30-Dec-2027,26000,CE,0,0,0,3162.4,3405.3,0,0,0,0,04-MAR-2024,
OPTIDX,NIFTY,30-Dec-2027,27000,CE,0,0,0,2889.8,2941.7,0,0,0,0,04-MAR-2024,
OPTIDX,NIFTY,30-Dec-2027,15000,PE,0,0,0,27.8,3.65,0,0,350,0,04-MAR-2024,
OPTIDX,NIFTY,30-Dec-2027,16000,PE,0,0,0,479.35,8.9,0,0,0,0,04-MAR-2024,
OPTIDX,NIFTY,30-Dec-2027,17000,PE,0,0,0,514,19.3,0,0,14250,0,04-MAR-2024,
OPTIDX,NIFTY,30-Dec-2027,18000,PE,0,0,0,74.8,38.15,0,0,10500,0,04-MAR-2024,
OPTIDX,NIFTY,30-Dec-2027,19000,PE,0,0,0,760,69.75,0,0,700,0,04-MAR-2024,
OPTIDX,NIFTY,30-Dec-2027,20000,PE,504.35,504.35,504.35,504.35,504.35,1,10.25,2350,0,04-MAR-2024,
OPTIDX,NIFTY,30-Dec-2027,21000,PE,0,0,0,1563.55,191.75,0,0,0,0,04-MAR-2024,
OPTIDX,NIFTY,30-Dec-2027,22000,PE,0,0,0,1867.9,293.4,0,0,0,0,04-MAR-2024,
OPTIDX,NIFTY,30-Dec-2027,23000,PE,0,0,0,2201.3,429.25,0,0,0,0,04-MAR-2024,
OPTIDX,NIFTY,30-Dec-2027,24000,PE,0,0,0,2561.85,604.05,0,0,0,0,04-MAR-2024,
OPTIDX,NIFTY,30-Dec-2027,25000,PE,0,0,0,2948.45,821.4,0,0,0,0,04-MAR-2024,
OPTIDX,NIFTY,30-Dec-2027,26000,PE,0,0,0,3359.75,1083.9,0,0,0,0,04-MAR-2024,
OPTIDX,NIFTY,30-Dec-2027,27000,PE,0,0,0,3794.4,1392.75,0,0,0,0,04-MAR-2024,
OPTIDX,NIFTY,29-Jun-2028,16000,CE,0,0,0,8002.3,10464.9,0,0,0,0,04-MAR-2024,
OPTIDX,NIFTY,29-Jun-2028,17000,CE,0,0,0,7393.45,9728.45,0,0,0,0,04-MAR-2024,
OPTIDX,NIFTY,29-Jun-2028,18000,CE,0,0,0,6809.35,8999.8,0,0,0,0,04-MAR-2024,
OPTIDX,NIFTY,29-Jun-2028,19000,CE,0,0,0,6252.25,8282.6,0,0,0,0,04-MAR-2024,
OPTIDX,NIFTY,29-Jun-2028,20000,CE,0,0,0,5724.65,7581.05,0,0,0,0,04-MAR-2024,
OPTIDX,NIFTY,29-Jun-2028,21000,CE,0,0,0,5226.55,6899.7,0,0,0,0,04-MAR-2024,
OPTIDX,NIFTY,29-Jun-2028,22000,CE,0,0,0,4759.5,6243.3,0,0,0,0,04-MAR-2024,
OPTIDX,NIFTY,29-Jun-2028,23000,CE,0,0,0,4323.1,5616.35,0,0,0,0,04-MAR-2024,
OPTIDX,NIFTY,29-Jun-2028,24000,CE,0,0,0,3918.85,5022.75,0,0,0,0,04-MAR-2024,
OPTIDX,NIFTY,29-Jun-2028,25000,CE,0,0,0,3545.15,4465.9,0,0,0,0,04-MAR-2024,
OPTIDX,NIFTY,29-Jun-2028,26000,CE,0,0,0,3200.9,3948.15,0,0,0,0,04-MAR-2024,
OPTIDX,NIFTY,29-Jun-2028,27000,CE,0,0,0,2885.15,3471.05,0,0,0,0,04-MAR-2024,
OPTIDX,NIFTY,29-Jun-2028,16000,PE,0,0,0,194.2,9.75,0,0,0,0,04-MAR-2024,
OPTIDX,NIFTY,29-Jun-2028,17000,PE,0,0,0,283.1,20.15,0,0,0,0,04-MAR-2024,
OPTIDX,NIFTY,29-Jun-2028,18000,PE,0,0,0,396.75,38.45,0,0,0,0,04-MAR-2024,
OPTIDX,NIFTY,29-Jun-2028,19000,PE,0,0,0,537.45,68.15,0,0,0,0,04-MAR-2024,
OPTIDX,NIFTY,29-Jun-2028,20000,PE,0,0,0,707.55,113.45,0,0,0,0,04-MAR-2024,
OPTIDX,NIFTY,29-Jun-2028,21000,PE,0,0,0,907.2,179.05,0,0,0,0,04-MAR-2024,
OPTIDX,NIFTY,29-Jun-2028,22000,PE,0,0,0,1137.9,269.55,0,0,0,0,04-MAR-2024,
OPTIDX,NIFTY,29-Jun-2028,23000,PE,0,0,0,1399.25,389.45,0,0,0,0,04-MAR-2024,
OPTIDX,NIFTY,29-Jun-2028,24000,PE,0,0,0,1692.75,542.8,0,0,0,0,04-MAR-2024,
OPTIDX,NIFTY,29-Jun-2028,25000,PE,0,0,0,2016.8,732.8,0,0,0,0,04-MAR-2024,
OPTIDX,NIFTY,29-Jun-2028,26000,PE,0,0,0,2370.3,962,0,0,0,0,04-MAR-2024,
OPTIDX,NIFTY,29-Jun-2028,27000,PE,0,0,0,2752.35,1231.8,0,0,0,0,04-MAR-2024,
OPTIDX,NIFTY,28-Dec-2028,16000,CE,0,0,0,10704.45,10861,0,0,0,0,04-MAR-2024,
OPTIDX,NIFTY,28-Dec-2028,17000,CE,0,0,0,10036.4,10149.05,0,0,0,0,04-MAR-2024,
OPTIDX,NIFTY,28-Dec-2028,18000,CE,0,0,0,9380.3,9444.3,0,0,0,0,04-MAR-2024,
OPTIDX,NIFTY,28-Dec-2028,19000,CE,0,0,0,8739,8749.8,0,0,0,0,04-MAR-2024,
OPTIDX,NIFTY,28-Dec-2028,20000,CE,0,0,0,8115.5,8069.05,0,0,0,0,04-MAR-2024,
OPTIDX,NIFTY,28-Dec-2028,21000,CE,0,0,0,7512.5,7406,0,0,0,0,04-MAR-2024,
OPTIDX,NIFTY,28-Dec-2028,22000,CE,0,0,0,6932.45,6764.5,0,0,0,0,04-MAR-2024,
OPTIDX,NIFTY,28-Dec-2028,23000,CE,0,0,0,6377.6,6148.4,0,0,0,0,04-MAR-2024,
OPTIDX,NIFTY,28-Dec-2028,24000,CE,0,0,0,5850.3,5561.2,0,0,0,0,04-MAR-2024,
OPTIDX,NIFTY,28-Dec-2028,25000,CE,0,0,0,5350.4,5005.8,0,0,0,0,04-MAR-2024,
OPTIDX,NIFTY,28-Dec-2028,26000,CE,0,0,0,4879.7,4484.5,0,0,0,0,04-MAR-2024,
OPTIDX,NIFTY,28-Dec-2028,27000,CE,0,0,0,4437.95,3998.95,0,0,0,0,04-MAR-2024,
OPTIDX,NIFTY,28-Dec-2028,16000,PE,0,0,0,39.6,10.3,0,0,0,0,04-MAR-2024,
OPTIDX,NIFTY,28-Dec-2028,17000,PE,0,0,0,66.15,20.55,0,0,0,0,04-MAR-2024,
OPTIDX,NIFTY,28-Dec-2028,18000,PE,0,0,0,104.65,37.95,0,0,0,0,04-MAR-2024,
OPTIDX,NIFTY,28-Dec-2028,19000,PE,0,0,0,158,65.6,0,0,0,0,04-MAR-2024,
OPTIDX,NIFTY,28-Dec-2028,20000,PE,0,0,0,229.1,107.05,0,0,0,0,04-MAR-2024,
OPTIDX,NIFTY,28-Dec-2028,21000,PE,0,0,0,320.7,166.2,0,0,0,0,04-MAR-2024,
OPTIDX,NIFTY,28-Dec-2028,22000,PE,0,0,0,435.3,246.9,0,0,0,0,04-MAR-2024,
OPTIDX,NIFTY,28-Dec-2028,23000,PE,0,0,0,575.05,353,0,0,0,0,04-MAR-2024,
OPTIDX,NIFTY,28-Dec-2028,24000,PE,0,0,0,742.35,487.95,0,0,0,0,04-MAR-2024,
OPTIDX,NIFTY,28-Dec-2028,25000,PE,0,0,0,937.05,654.7,0,0,0,0,04-MAR-2024,
OPTIDX,NIFTY,28-Dec-2028,26000,PE,0,0,0,1160.95,855.6,0,0,0,0,04-MAR-2024,
OPTIDX,NIFTY,28-Dec-2028,27000,PE,0,0,0,1413.85,1092.25,0,0,0,0,04-MAR-2024,
