INSTRUMENT,SYMBOL,EXPIRY_DT,STRIKE_PR,OPTION_TYP,OPEN,HIGH,LOW,CLOSE,SETTLE_PR,CONTRACTS,VAL_INLAKH,OPEN_INT,CHG_IN_OI,TIMESTAMP,
FUTIDX,NIFTY,29-Feb-2024,0,XX,21925,22036.3,21765,21803.45,21803.45,158291,1733565.28,11792850,-14100,05-FEB-2024,
FUTIDX,NIFTY,28-Mar-2024,0,XX,22050.55,22169,21911,21947.65,21947.65,11764,129693.71,987900,61000,05-FEB-2024,
FUTIDX,NIFTY,25-Apr-2024,0,XX,22201,22305.1,22055.05,22089.4,22089.4,3356,37251.33,322650,33100,05-FEB-2024,
OPTIDX,NIFTY,08-Feb-2024,19500,CE,2450,2450,2250.6,2266.15,2266.15,10,109.08,2600,50,05-FEB-2024,
OPTIDX,NIFTY,08-Feb-2024,19550,CE,2174.95,2174.95,2174.95,2174.95,2174.95,7,76.03,1100,300,05-FEB-2024,
OPTIDX,NIFTY,08-Feb-2024,19600,CE,2173.4,2173.4,2143,2158.6,2158.6,6,65.27,1050,300,05-FEB-2024,
OPTIDX,NIFTY,08-Feb-2024,19650,CE,0,0,0,2070,2132.6,0,0,50,0,05-FEB-2024,
OPTIDX,NIFTY,08-Feb-2024,19700,CE,2019.85,2022.6,2019.85,2021.3,2021.3,3,32.58,1000,100,05-FEB-2024,
OPTIDX,NIFTY,08-Feb-2024,19750,CE,0,0,0,1977,2032.65,0,0,300,0,05-FEB-2024,
OPTIDX,NIFTY,08-Feb-2024,19800,CE,1900,1930,1900,1919.35,1919.35,4,43.42,1600,0,05-FEB-2024,
OPTIDX,NIFTY,08-Feb-2024,19850,CE,2070,2070,2070,2070,1932.7,1,10.96,400,-50,05-FEB-2024,
OPTIDX,NIFTY,08-Feb-2024,19900,CE,0,0,0,2200,1882.75,0,0,1300,0,05-FEB-2024,
OPTIDX,NIFTY,08-Feb-2024,19950,CE,0,0,0,1856.4,1832.75,0,0,0,0,05-FEB-2024,
OPTIDX,NIFTY,08-Feb-2024,20000,CE,1947.85,1950,1701,1719.25,1719.25,67,729.46,59650,-2450,05-FEB-2024,
OPTIDX,NIFTY,08-Feb-2024,20050,CE,1917.4,1917.4,1875.4,1875.4,1732.8,2,21.94,50,50,05-FEB-2024,
OPTIDX,NIFTY,08-Feb-2024,20100,CE,1776.1,1825.9,1609.4,1610.15,1610.15,81,879.85,7000,-3450,05-FEB-2024,
OPTIDX,NIFTY,08-Feb-2024,20150,CE,1765,1765,1765,1765,1632.9,1,10.95,5850,-50,05-FEB-2024,
OPTIDX,NIFTY,08-Feb-2024,20200,CE,1650,1650,1650,1650,1582.9,8,87.4,2600,400,05-FEB-2024,
OPTIDX,NIFTY,08-Feb-2024,20250,CE,1614.95,1615,1593.95,1593.95,1532.95,12,131.14,1400,300,05-FEB-2024,
OPTIDX,NIFTY,08-Feb-2024,20300,CE,1646.3,1646.3,1420,1420,1482.95,3,32.76,1950,0,05-FEB-2024,
OPTIDX,NIFTY,08-Feb-2024,20350,CE,1602.7,1602.7,1541.3,1541.3,1433,2,21.92,600,50,05-FEB-2024,
OPTIDX,NIFTY,08-Feb-2024,20400,CE,1490,1501,1300,1325,1325,9,97.9,10400,-450,05-FEB-2024,
OPTIDX,NIFTY,08-Feb-2024,20450,CE,0,0,0,1330,1333.05,0,0,850,0,05-FEB-2024,
OPTIDX,NIFTY,08-Feb-2024,20500,CE,1405,1441.5,1200.35,1237.75,1237.75,92,1003.06,47450,-1650,05-FEB-2024,
OPTIDX,NIFTY,08-Feb-2024,20550,CE,1186,1186,1186,1186,1186,10,108.68,250,-450,05-FEB-2024,
OPTIDX,NIFTY,08-Feb-2024,20600,CE,1231,1231,1120,1131.45,1131.45,5,54.47,4000,-250,05-FEB-2024,
OPTIDX,NIFTY,08-Feb-2024,20650,CE,0,0,0,1041,1133.15,0,0,3950,0,05-FEB-2024,
OPTIDX,NIFTY,08-Feb-2024,20700,CE,1025.85,1058.85,1025,1053.8,1053.8,41,445.68,21250,-1900,05-FEB-2024,
OPTIDX,NIFTY,08-Feb-2024,20750,CE,1176.75,1182.5,1130.85,1158.95,1033.2,18,197.25,1000,300,05-FEB-2024,
OPTIDX,NIFTY,08-Feb-2024,20800,CE,1059.95,1155.5,981,981,983.25,47,514.44,12550,-1050,05-FEB-2024,
OPTIDX,NIFTY,08-Feb-2024,20850,CE,875,875,875,875,933.25,2,21.72,200,0,05-FEB-2024,
OPTIDX,NIFTY,08-Feb-2024,20900,CE,974,1048.3,800,827.7,827.7,88,958.5,7450,-50,05-FEB-2024,
OPTIDX,NIFTY,08-Feb-2024,20950,CE,973.8,1002.95,767.15,786.95,786.95,16,174.84,800,100,05-FEB-2024,
OPTIDX,NIFTY,08-Feb-2024,21000,CE,858.85,968.1,693.75,753.7,753.7,2837,30964.78,263400,-7750,05-FEB-2024,
OPTIDX,NIFTY,08-Feb-2024,21050,CE,850,910,687.95,690.95,690.95,46,502.38,2800,400,05-FEB-2024,
OPTIDX,NIFTY,08-Feb-2024,21100,CE,775,870,610.8,642.15,642.15,730,7973.8,100500,-14900,05-FEB-2024,
OPTIDX,NIFTY,08-Feb-2024,21150,CE,760,825,565.4,601.95,601.95,199,2172.51,11550,400,05-FEB-2024,
OPTIDX,NIFTY,08-Feb-2024,21200,CE,660.2,774.1,514.2,553.1,553.1,1015,11096.79,120300,850,05-FEB-2024,
OPTIDX,NIFTY,08-Feb-2024,21250,CE,632.65,705,477.1,505,505,278,3037.53,17600,-2650,05-FEB-2024,
OPTIDX,NIFTY,08-Feb-2024,21300,CE,590.5,682.35,421,457.8,457.8,2584,28222.09,132150,3300,05-FEB-2024,
OPTIDX,NIFTY,08-Feb-2024,21350,CE,549.1,627.3,385,417.2,417.2,430,4699.79,28250,1050,05-FEB-2024,
OPTIDX,NIFTY,08-Feb-2024,21400,CE,472.3,587.95,337.4,370.85,370.85,7443,81252.56,212850,-53850,05-FEB-2024,
OPTIDX,NIFTY,08-Feb-2024,21450,CE,428.6,541.6,300,333.3,333.3,1935,21151.56,37850,10950,05-FEB-2024,
OPTIDX,NIFTY,08-Feb-2024,21500,CE,423,498.3,262.95,296.75,296.75,50683,553810.47,566800,-18650,05-FEB-2024,
OPTIDX,NIFTY,08-Feb-2024,21550,CE,359.4,455,228.25,257.75,257.75,8276,90445.65,70750,8750,05-FEB-2024,
OPTIDX,NIFTY,08-Feb-2024,21600,CE,340.2,412.6,197,225.5,225.5,82680,904612.62,457800,47100,05-FEB-2024,
OPTIDX,NIFTY,08-Feb-2024,21650,CE,320.05,371.75,167.7,192.9,192.9,53057,580330.62,165450,27900,05-FEB-2024,
OPTIDX,NIFTY,08-Feb-2024,21700,CE,304,333.4,141.65,164.25,164.25,435105,4768031.67,1661150,288000,05-FEB-2024,
OPTIDX,NIFTY,08-Feb-2024,21750,CE,280,296.65,118.85,138.8,138.8,397401,4355008.56,1024600,624550,05-FEB-2024,
OPTIDX,NIFTY,08-Feb-2024,21800,CE,197.55,262,98.75,116.3,116.3,1271576,13965138.68,3435400,1623900,05-FEB-2024,
OPTIDX,NIFTY,08-Feb-2024,21850,CE,198,229.8,81.7,96.45,96.45,1005803,11065711.16,1495350,731800,05-FEB-2024,
OPTIDX,NIFTY,08-Feb-2024,21900,CE,162.6,199.65,66.75,79.1,79.1,2943779,32437851.7,5338250,3031950,05-FEB-2024,
OPTIDX,NIFTY,08-Feb-2024,21950,CE,130,172.25,54.4,64.55,64.55,1574273,17372152.58,2019250,1004650,05-FEB-2024,
OPTIDX,NIFTY,08-Feb-2024,22000,CE,99,147.45,44.15,53.1,53.1,2879890,31818030.55,7295650,2811550,05-FEB-2024,
OPTIDX,NIFTY,08-Feb-2024,22050,CE,82,125,35.75,43.25,43.25,942005,10422366.05,2047650,1135900,05-FEB-2024,
OPTIDX,NIFTY,08-Feb-2024,22100,CE,67.25,104.9,28.85,34.45,34.45,1610618,17848573.33,5376650,1448500,05-FEB-2024,
OPTIDX,NIFTY,08-Feb-2024,22150,CE,53.05,87.4,22.75,27.05,27.05,814101,9036879.82,2022200,309650,05-FEB-2024,
OPTIDX,NIFTY,08-Feb-2024,22200,CE,40,71.95,18.2,21.55,21.55,1545545,17187646.65,4411700,-130250,05-FEB-2024,
OPTIDX,NIFTY,08-Feb-2024,22250,CE,34,58.8,14.4,17,17,653642,7282259.06,1587900,514000,05-FEB-2024,
OPTIDX,NIFTY,08-Feb-2024,22300,CE,25,47.5,11.4,13.55,13.55,1135415,12674132.31,3728950,620550,05-FEB-2024,
OPTIDX,NIFTY,08-Feb-2024,22350,CE,20.95,37.95,8.85,10.4,10.4,705893,7895119.46,2346600,904850,05-FEB-2024,
OPTIDX,NIFTY,08-Feb-2024,22400,CE,15,30.2,6.95,8.25,8.25,1028256,11524272.28,4002850,1522600,05-FEB-2024,
OPTIDX,NIFTY,08-Feb-2024,22450,CE,15,23.8,5.55,6.6,6.6,653014,7334003.48,2247100,1306150,05-FEB-2024,
OPTIDX,NIFTY,08-Feb-2024,22500,CE,9.7,18.4,4.6,5.25,5.25,1339007,15070329.45,5795850,1751500,05-FEB-2024,
OPTIDX,NIFTY,08-Feb-2024,22550,CE,9,13.95,3.65,4.15,4.15,686042,7737629.04,2412300,1120800,05-FEB-2024,
OPTIDX,NIFTY,08-Feb-2024,22600,CE,5.4,10.95,3.05,3.35,3.35,881646,9965220.26,3928150,1074800,05-FEB-2024,
OPTIDX,NIFTY,08-Feb-2024,22650,CE,5,8.45,2.35,2.85,2.85,364876,4133098.58,1844900,647550,05-FEB-2024,
OPTIDX,NIFTY,08-Feb-2024,22700,CE,4.25,6.5,2.15,2.45,2.45,767313,8710439.3,5711400,799950,05-FEB-2024,
OPTIDX,NIFTY,08-Feb-2024,22750,CE,5.45,5.9,2,2.3,2.3,262689,2988513.66,1479600,300400,05-FEB-2024,
OPTIDX,NIFTY,08-Feb-2024,22800,CE,2.65,4.25,1.75,2,2,623539,7109174.39,4372100,-29150,05-FEB-2024,
OPTIDX,NIFTY,08-Feb-2024,22850,CE,2.85,3.65,1.7,2,2,213167,2435697.2,1715700,679900,05-FEB-2024,
OPTIDX,NIFTY,08-Feb-2024,22900,CE,3,3.2,1.5,1.8,1.8,399087,4569985.99,2774900,435050,05-FEB-2024,
OPTIDX,NIFTY,08-Feb-2024,22950,CE,1.9,5.2,1.45,1.75,1.75,124230,1425664.06,727550,96350,05-FEB-2024,
OPTIDX,NIFTY,08-Feb-2024,23000,CE,1.95,2.6,1.4,1.7,1.7,602848,6933314.05,6998300,1213650,05-FEB-2024,
OPTIDX,NIFTY,08-Feb-2024,23050,CE,1.65,2.35,1.25,1.55,1.55,74841,862607.85,604450,31650,05-FEB-2024,
OPTIDX,NIFTY,08-Feb-2024,23100,CE,1.5,2.05,1.2,1.45,1.45,217104,2507723.08,947650,-152700,05-FEB-2024,
OPTIDX,NIFTY,08-Feb-2024,23150,CE,1.85,2,1.1,1.4,1.4,45961,532033.18,380900,-26900,05-FEB-2024,
OPTIDX,NIFTY,08-Feb-2024,23200,CE,1.4,1.6,0.95,1.25,1.25,214990,2494019.68,2129950,502600,05-FEB-2024,
OPTIDX,NIFTY,08-Feb-2024,23250,CE,1.3,1.65,0.85,1.2,1.2,38035,442180.03,361050,45800,05-FEB-2024,
OPTIDX,NIFTY,08-Feb-2024,23300,CE,1.25,1.6,0.9,1.2,1.2,135211,1575286.49,901400,-441000,05-FEB-2024,
OPTIDX,NIFTY,08-Feb-2024,23350,CE,1.2,1.5,0.9,1.1,1.1,19820,231409.79,156000,17800,05-FEB-2024,
OPTIDX,NIFTY,08-Feb-2024,23400,CE,0.95,1.35,0.8,1.15,1.15,122877,1437723.76,902200,74700,05-FEB-2024,
OPTIDX,NIFTY,08-Feb-2024,23450,CE,1.05,1.25,0.75,1.1,1.1,22634,265395.56,193300,49500,05-FEB-2024,
OPTIDX,NIFTY,08-Feb-2024,23500,CE,0.85,1.15,0.75,1.05,1.05,239449,2813639.95,3060550,936550,05-FEB-2024,
OPTIDX,NIFTY,08-Feb-2024,23550,CE,1,1.1,0.7,0.95,0.95,24636,290100.34,353350,194950,05-FEB-2024,
OPTIDX,NIFTY,08-Feb-2024,23600,CE,0.65,0.95,0.6,0.9,0.9,105046,1239582.8,1305450,-69650,05-FEB-2024,
OPTIDX,NIFTY,08-Feb-2024,23650,CE,0.7,1,0.6,0.9,0.9,14406,170356.71,242350,12650,05-FEB-2024,
OPTIDX,NIFTY,08-Feb-2024,23700,CE,0.7,1,0.6,0.95,0.95,80392,952674.93,948750,242700,05-FEB-2024,
OPTIDX,NIFTY,08-Feb-2024,23750,CE,0.6,1,0.6,0.9,0.9,26116,310138.06,302450,35200,05-FEB-2024,
OPTIDX,NIFTY,08-Feb-2024,23800,CE,0.65,1,0.6,0.85,0.85,97445,1159629.82,2222400,-87450,05-FEB-2024,
OPTIDX,NIFTY,08-Feb-2024,23850,CE,0.65,0.95,0.6,0.8,0.8,57789,689154.35,2004800,69750,05-FEB-2024,
OPTIDX,NIFTY,08-Feb-2024,19500,PE,0.7,0.75,0.45,0.5,0.5,190993,1862232.63,4463450,829900,05-FEB-2024,
OPTIDX,NIFTY,08-Feb-2024,19550,PE,0.7,0.75,0.45,0.5,0.5,12596,123129.45,186200,-8900,05-FEB-2024,
OPTIDX,NIFTY,08-Feb-2024,19600,PE,0.7,0.85,0.5,0.6,0.6,13182,129187.68,1012050,4100,05-FEB-2024,
OPTIDX,NIFTY,08-Feb-2024,19650,PE,0.65,0.85,0.5,0.6,0.6,7815,76784.73,142850,63100,05-FEB-2024,
OPTIDX,NIFTY,08-Feb-2024,19700,PE,0.8,1,0.6,0.7,0.7,10985,108206.46,458800,18450,05-FEB-2024,
OPTIDX,NIFTY,08-Feb-2024,19750,PE,0.75,1.05,0.55,0.7,0.7,8306,82024.85,86550,23200,05-FEB-2024,
OPTIDX,NIFTY,08-Feb-2024,19800,PE,0.75,1.05,0.6,0.7,0.7,21546,213314.24,203250,8400,05-FEB-2024,
OPTIDX,NIFTY,08-Feb-2024,19850,PE,0.75,1.5,0.55,0.75,0.75,9229,91601.56,61400,32500,05-FEB-2024,
OPTIDX,NIFTY,08-Feb-2024,19900,PE,0.8,1.1,0.55,0.7,0.7,28521,283795.94,381950,138350,05-FEB-2024,
OPTIDX,NIFTY,08-Feb-2024,19950,PE,0.9,1.1,0.65,0.75,0.75,8732,87105.5,75500,1550,05-FEB-2024,
OPTIDX,NIFTY,08-Feb-2024,20000,PE,1.1,1.2,0.7,0.85,0.85,110445,1104503.77,2319150,193350,05-FEB-2024,
OPTIDX,NIFTY,08-Feb-2024,20050,PE,1.1,1.35,0.7,0.85,0.85,7932,79522.09,67400,30700,05-FEB-2024,
OPTIDX,NIFTY,08-Feb-2024,20100,PE,1.2,1.45,0.75,0.9,0.9,28945,290912.21,152000,-9000,05-FEB-2024,
OPTIDX,NIFTY,08-Feb-2024,20150,PE,1.15,2.25,0.7,0.95,0.95,10442,105208.58,64800,18800,05-FEB-2024,
OPTIDX,NIFTY,08-Feb-2024,20200,PE,1.15,1.35,0.85,1.05,1.05,55624,561833.13,642950,89950,05-FEB-2024,
OPTIDX,NIFTY,08-Feb-2024,20250,PE,1.55,1.55,0.75,1,1,18236,184649.84,177900,-18950,05-FEB-2024,
OPTIDX,NIFTY,08-Feb-2024,20300,PE,1.2,1.4,0.8,1,1,109271,1109161.05,887250,-18550,05-FEB-2024,
OPTIDX,NIFTY,08-Feb-2024,20350,PE,1.25,4.3,0.9,1.1,1.1,20825,211906.8,133100,68150,05-FEB-2024,
OPTIDX,NIFTY,08-Feb-2024,20400,PE,1.35,1.6,0.95,1.15,1.15,75609,771258.63,698550,78900,05-FEB-2024,
OPTIDX,NIFTY,08-Feb-2024,20450,PE,1.25,4.4,0.95,1.2,1.2,25951,265366.13,289450,64400,05-FEB-2024,
OPTIDX,NIFTY,08-Feb-2024,20500,PE,1.75,1.9,1.1,1.3,1.3,338171,3466496.36,3889050,1047650,05-FEB-2024,
OPTIDX,NIFTY,08-Feb-2024,20550,PE,1.2,1.95,0.8,1.25,1.25,39640,407329.13,264250,50200,05-FEB-2024,
OPTIDX,NIFTY,08-Feb-2024,20600,PE,1.45,2.2,1.1,1.25,1.25,193071,1988782.82,1271050,237750,05-FEB-2024,
OPTIDX,NIFTY,08-Feb-2024,20650,PE,1.7,2.4,1.1,1.3,1.3,55188,569862.07,441700,74450,05-FEB-2024,
OPTIDX,NIFTY,08-Feb-2024,20700,PE,2.15,2.75,1.15,1.35,1.35,259868,2689864.1,1801400,23750,05-FEB-2024,
OPTIDX,NIFTY,08-Feb-2024,20750,PE,2,3.2,1.2,1.55,1.55,123514,1281586.87,769800,145800,05-FEB-2024,
OPTIDX,NIFTY,08-Feb-2024,20800,PE,2.5,3.8,1.4,1.8,1.8,478792,4980002.86,2888850,478350,05-FEB-2024,
OPTIDX,NIFTY,08-Feb-2024,20850,PE,3.7,4.5,1.6,2.25,2.25,173720,1811269.9,1351100,452300,05-FEB-2024,
OPTIDX,NIFTY,08-Feb-2024,20900,PE,3.25,5.6,2.2,2.95,2.95,589718,6163583.38,2526850,252050,05-FEB-2024,
OPTIDX,NIFTY,08-Feb-2024,20950,PE,4.65,6.5,2.8,3.8,3.8,197835,2072744.68,592350,156000,05-FEB-2024,
OPTIDX,NIFTY,08-Feb-2024,21000,PE,4.9,7.8,3.7,5.05,5.05,848837,8915018.45,6434000,759050,05-FEB-2024,
OPTIDX,NIFTY,08-Feb-2024,21050,PE,8.3,9.95,4.4,6.85,6.85,337589,3554238.06,1125450,790200,05-FEB-2024,
OPTIDX,NIFTY,08-Feb-2024,21100,PE,7.9,12.65,5.1,8.6,8.6,476085,5024570.14,2125950,61750,05-FEB-2024,
OPTIDX,NIFTY,08-Feb-2024,21150,PE,9.3,16.05,5.85,10.9,10.9,289694,3064945.25,1058900,389000,05-FEB-2024,
OPTIDX,NIFTY,08-Feb-2024,21200,PE,9.7,20.45,6.9,14.1,14.1,521868,5535005.32,2864550,1040200,05-FEB-2024,
OPTIDX,NIFTY,08-Feb-2024,21250,PE,19.8,25.85,8.3,17.8,17.8,273733,2910498.4,883450,218500,05-FEB-2024,
OPTIDX,NIFTY,08-Feb-2024,21300,PE,14.55,32.7,10.15,22.65,22.65,657337,7006826.89,2783550,667250,05-FEB-2024,
OPTIDX,NIFTY,08-Feb-2024,21350,PE,20.45,40.5,12.15,28.55,28.55,403624,4313289.34,741100,234000,05-FEB-2024,
OPTIDX,NIFTY,08-Feb-2024,21400,PE,25.1,50.1,15,35.85,35.85,762659,8171403.17,2286550,248150,05-FEB-2024,
OPTIDX,NIFTY,08-Feb-2024,21450,PE,33.05,61.6,18.5,45.3,45.3,478058,5135586.55,1110000,275550,05-FEB-2024,
OPTIDX,NIFTY,08-Feb-2024,21500,PE,38,75.45,23,55.65,55.65,1275097,13734610.18,4607200,231600,05-FEB-2024,
OPTIDX,NIFTY,08-Feb-2024,21550,PE,40,91.5,28.3,68.9,68.9,546953,5907570.31,1052750,89400,05-FEB-2024,
OPTIDX,NIFTY,08-Feb-2024,21600,PE,55,109.8,34.85,84.85,84.85,1408822,15258763.52,3293750,-1382650,05-FEB-2024,
OPTIDX,NIFTY,08-Feb-2024,21650,PE,66.75,131,41.55,102.75,102.75,734804,7982392.83,1326850,272750,05-FEB-2024,
OPTIDX,NIFTY,08-Feb-2024,21700,PE,45,154.8,45,123.55,123.55,1979630,21570263.77,4070700,377550,05-FEB-2024,
OPTIDX,NIFTY,08-Feb-2024,21750,PE,95.8,182.2,64.7,148.25,148.25,1193422,13044127.1,1613300,413850,05-FEB-2024,
OPTIDX,NIFTY,08-Feb-2024,21800,PE,110,212.1,78.65,174.95,174.95,2347049,25730509.43,2833200,-270600,05-FEB-2024,
OPTIDX,NIFTY,08-Feb-2024,21850,PE,135.15,244.75,95.1,204.85,204.85,1295429,14243768.05,834100,-120050,05-FEB-2024,
OPTIDX,NIFTY,08-Feb-2024,21900,PE,120,279.4,113.6,238.6,238.6,2609743,28783708.56,2483750,176500,05-FEB-2024,
OPTIDX,NIFTY,08-Feb-2024,21950,PE,184.7,317.6,135.4,275.6,275.6,866164,9583632.66,561800,-118150,05-FEB-2024,
OPTIDX,NIFTY,08-Feb-2024,22000,PE,162.2,356.8,120,312.25,312.25,921298,10233662.9,1972900,-312150,05-FEB-2024,
OPTIDX,NIFTY,08-Feb-2024,22050,PE,246.15,397.6,188.65,353.8,353.8,108766,1212307.26,436000,40250,05-FEB-2024,
OPTIDX,NIFTY,08-Feb-2024,22100,PE,283.25,441.15,219.45,393.8,393.8,171669,1921336.48,715550,70750,05-FEB-2024,
OPTIDX,NIFTY,08-Feb-2024,22150,PE,318.2,484.85,252.75,437.55,437.55,22281,250201.89,188050,-18750,05-FEB-2024,
OPTIDX,NIFTY,08-Feb-2024,22200,PE,386,532.95,289.15,483.75,483.75,56780,640542.52,632850,-20850,05-FEB-2024,
OPTIDX,NIFTY,08-Feb-2024,22250,PE,402.65,566.4,328.75,526.55,526.55,3652,41374.11,43400,-15550,05-FEB-2024,
OPTIDX,NIFTY,08-Feb-2024,22300,PE,446.15,623.2,369.35,579.35,579.35,16847,191820.03,187350,-26750,05-FEB-2024,
OPTIDX,NIFTY,08-Feb-2024,22350,PE,490.25,662.8,415.55,625.55,625.55,1808,20652.19,16800,-550,05-FEB-2024,
OPTIDX,NIFTY,08-Feb-2024,22400,PE,551.95,709,455,658.3,658.3,5399,61911.7,47400,-5550,05-FEB-2024,
OPTIDX,NIFTY,08-Feb-2024,22450,PE,582.1,745.75,499.4,721.5,721.5,394,4537.52,11300,-2400,05-FEB-2024,
OPTIDX,NIFTY,08-Feb-2024,22500,PE,677.8,815.25,547.05,768.45,768.45,7945,91946.83,99950,50,05-FEB-2024,
OPTIDX,NIFTY,08-Feb-2024,22550,PE,701.25,826.65,603.4,820.6,820.6,109,1266.45,11950,-650,05-FEB-2024,
OPTIDX,NIFTY,08-Feb-2024,22600,PE,749.95,900,647.9,882.95,882.95,260,3040.47,10450,-750,05-FEB-2024,
OPTIDX,NIFTY,08-Feb-2024,22650,PE,912,920.5,912,919.45,919.45,13,153.2,1050,400,05-FEB-2024,
OPTIDX,NIFTY,08-Feb-2024,22700,PE,859.5,975,750,966.85,966.85,234,2752.7,15300,1350,05-FEB-2024,
OPTIDX,NIFTY,08-Feb-2024,22750,PE,0,0,0,855,965.7,0,0,50,0,05-FEB-2024,
OPTIDX,NIFTY,08-Feb-2024,22800,PE,952,1093.3,845.1,1053.6,1053.6,61,723.16,1750,0,05-FEB-2024,
OPTIDX,NIFTY,08-Feb-2024,22850,PE,1020,1142.35,901.1,1108.9,1108.9,24,286.87,900,0,05-FEB-2024,
OPTIDX,NIFTY,08-Feb-2024,22900,PE,967.9,1015,951.1,1015,1115.6,4,47.74,1300,50,05-FEB-2024,
OPTIDX,NIFTY,08-Feb-2024,22950,PE,0,0,0,996.2,1165.55,0,0,650,0,05-FEB-2024,
OPTIDX,NIFTY,08-Feb-2024,23000,PE,1132.15,1298.9,1055.3,1277.35,1277.35,180,2173.92,34900,400,05-FEB-2024,
OPTIDX,NIFTY,08-Feb-2024,23050,PE,1287.9,1288,1280.4,1285.1,1285.1,4,48.67,100,100,05-FEB-2024,
OPTIDX,NIFTY,08-Feb-2024,23100,PE,1373.05,1373.05,1350,1369.2,1369.2,6,73.4,250,250,05-FEB-2024,
OPTIDX,NIFTY,08-Feb-2024,23150,PE,1394,1395.7,1394,1395.25,1395.25,8,98.18,400,300,05-FEB-2024,
OPTIDX,NIFTY,08-Feb-2024,23200,PE,1473.25,1473.25,1466.35,1469.35,1469.35,3,37,150,150,05-FEB-2024,
OPTIDX,NIFTY,08-Feb-2024,23250,PE,1486.9,1499.55,1486.6,1489.8,1489.8,6,74.21,100,100,05-FEB-2024,
OPTIDX,NIFTY,08-Feb-2024,23300,PE,1567,1567,1551.3,1561.8,1561.8,3,37.29,150,150,05-FEB-2024,
OPTIDX,NIFTY,08-Feb-2024,23350,PE,1607.1,1607.1,1606.95,1607,1607,3,37.43,150,150,05-FEB-2024,
OPTIDX,NIFTY,08-Feb-2024,23400,PE,1636.2,1636.2,1635.65,1636,1636,3,37.55,150,150,05-FEB-2024,
OPTIDX,NIFTY,08-Feb-2024,23450,PE,1695.55,1695.85,1695.55,1695.7,1695.7,3,37.71,150,150,05-FEB-2024,
OPTIDX,NIFTY,08-Feb-2024,23500,PE,1518.2,1573.45,1518.2,1573.45,1715.25,2,25.04,1450,100,05-FEB-2024,
OPTIDX,NIFTY,08-Feb-2024,23550,PE,0,0,0,1746.55,1765.25,0,0,0,0,05-FEB-2024,
OPTIDX,NIFTY,08-Feb-2024,23600,PE,1845.35,1845.4,1845.35,1845.4,1845.4,3,38.16,300,150,05-FEB-2024,
OPTIDX,NIFTY,08-Feb-2024,23650,PE,0,0,0,1442.45,1865.2,0,0,250,0,05-FEB-2024,
OPTIDX,NIFTY,08-Feb-2024,23700,PE,1955.55,1955.55,1944.65,1948.35,1948.35,3,38.47,150,150,05-FEB-2024,
OPTIDX,NIFTY,08-Feb-2024,23750,PE,2005.65,2005.65,2005.6,2005.65,2005.65,3,38.63,150,150,05-FEB-2024,
OPTIDX,NIFTY,08-Feb-2024,23800,PE,2062.7,2062.7,2056,2059.45,2059.45,3,38.78,150,150,05-FEB-2024,
OPTIDX,NIFTY,08-Feb-2024,23850,PE,2106.35,2106.35,2095.7,2102.8,2102.8,3,38.92,150,150,05-FEB-2024,
OPTIDX,NIFTY,15-Feb-2024,19500,CE,0,0,0,2285.3,2307.75,0,0,0,0,05-FEB-2024,
OPTIDX,NIFTY,15-Feb-2024,19550,CE,0,0,0,2236,2257.8,0,0,0,0,05-FEB-2024,
OPTIDX,NIFTY,15-Feb-2024,19600,CE,0,0,0,2186.8,2207.9,0,0,0,0,05-FEB-2024,
OPTIDX,NIFTY,15-Feb-2024,19650,CE,0,0,0,2137.7,2158,0,0,0,0,05-FEB-2024,
OPTIDX,NIFTY,15-Feb-2024,19700,CE,2000,2000,2000,2000,2000,1,10.85,50,50,05-FEB-2024,
OPTIDX,NIFTY,15-Feb-2024,19750,CE,0,0,0,2039.7,2058.2,0,0,0,0,05-FEB-2024,
OPTIDX,NIFTY,15-Feb-2024,19800,CE,2140,2140,2000,2000,2000,2,21.87,150,0,05-FEB-2024,
OPTIDX,NIFTY,15-Feb-2024,19850,CE,1920,1920,1920,1920,1920,1,10.88,200,0,05-FEB-2024,
OPTIDX,NIFTY,15-Feb-2024,19900,CE,2040,2040,1870,1870,1870,3,32.8,200,0,05-FEB-2024,
OPTIDX,NIFTY,15-Feb-2024,19950,CE,0,0,0,1400.25,1858.55,0,0,650,0,05-FEB-2024,
OPTIDX,NIFTY,15-Feb-2024,20000,CE,1740,1740,1740,1740,1740,30,326.1,14150,1500,05-FEB-2024,
OPTIDX,NIFTY,15-Feb-2024,20050,CE,0,0,0,1748.8,1758.75,0,0,0,0,05-FEB-2024,
OPTIDX,NIFTY,15-Feb-2024,20100,CE,1811,1811,1655,1655,1708.85,58,631.04,2850,2800,05-FEB-2024,
OPTIDX,NIFTY,15-Feb-2024,20150,CE,0,0,0,1653.3,1658.95,0,0,0,0,05-FEB-2024,
OPTIDX,NIFTY,15-Feb-2024,20200,CE,1740,1740,1740,1740,1609.05,1,10.97,50,50,05-FEB-2024,
OPTIDX,NIFTY,15-Feb-2024,20250,CE,0,0,0,1558.75,1559.15,0,0,0,0,05-FEB-2024,
OPTIDX,NIFTY,15-Feb-2024,20300,CE,0,0,0,1120,1509.25,0,0,550,0,05-FEB-2024,
OPTIDX,NIFTY,15-Feb-2024,20350,CE,0,0,0,1100,1459.35,0,0,200,0,05-FEB-2024,
OPTIDX,NIFTY,15-Feb-2024,20400,CE,1381,1381,1343,1365,1409.45,4,43.52,200,200,05-FEB-2024,
OPTIDX,NIFTY,15-Feb-2024,20450,CE,1453.2,1499,1315,1315,1315,5,54.57,650,250,05-FEB-2024,
OPTIDX,NIFTY,15-Feb-2024,20500,CE,1473.75,1473.75,1243.15,1270.6,1270.6,31,337.37,4900,1200,05-FEB-2024,
OPTIDX,NIFTY,15-Feb-2024,20550,CE,1220,1220,1220,1220,1220,10,108.85,500,500,05-FEB-2024,
OPTIDX,NIFTY,15-Feb-2024,20600,CE,0,0,0,1238.7,1210.15,0,0,0,0,05-FEB-2024,
OPTIDX,NIFTY,15-Feb-2024,20650,CE,0,0,0,1194.75,1160.45,0,0,0,0,05-FEB-2024,
OPTIDX,NIFTY,15-Feb-2024,20700,CE,1100,1100,1060,1087.65,1087.65,18,196.08,900,900,05-FEB-2024,
OPTIDX,NIFTY,15-Feb-2024,20750,CE,0,0,0,1108.4,1061.25,0,0,0,0,05-FEB-2024,
OPTIDX,NIFTY,15-Feb-2024,20800,CE,1137.3,1137.3,1136.7,1137,1011.8,4,43.87,1200,100,05-FEB-2024,
OPTIDX,NIFTY,15-Feb-2024,20850,CE,0,0,0,1085,962.55,0,0,500,0,05-FEB-2024,
OPTIDX,NIFTY,15-Feb-2024,20900,CE,950,950,900,900,913.55,17,185.67,850,50,05-FEB-2024,
OPTIDX,NIFTY,15-Feb-2024,20950,CE,1040,1040,1040,1040,864.8,1,10.99,50,50,05-FEB-2024,
OPTIDX,NIFTY,15-Feb-2024,21000,CE,923,1010.5,755.7,795.95,795.95,230,2515.37,14500,5550,05-FEB-2024,
OPTIDX,NIFTY,15-Feb-2024,21050,CE,875,919,875,919,768.5,2,21.94,100,100,05-FEB-2024,
OPTIDX,NIFTY,15-Feb-2024,21100,CE,812,905.15,688,691.65,691.65,63,689.15,2300,750,05-FEB-2024,
OPTIDX,NIFTY,15-Feb-2024,21150,CE,795.95,811,672.15,672.15,672.15,3,32.86,250,100,05-FEB-2024,
OPTIDX,NIFTY,15-Feb-2024,21200,CE,724.2,807,587.55,606.65,606.65,111,1214.29,4200,1750,05-FEB-2024,
OPTIDX,NIFTY,15-Feb-2024,21250,CE,701,768.2,551.05,572.2,572.2,298,3270.06,11650,6750,05-FEB-2024,
OPTIDX,NIFTY,15-Feb-2024,21300,CE,641.05,720.1,509.35,532.4,532.4,172,1884.58,13150,900,05-FEB-2024,
OPTIDX,NIFTY,15-Feb-2024,21350,CE,592.15,692.2,472.35,490.35,490.35,217,2373.87,6900,5650,05-FEB-2024,
OPTIDX,NIFTY,15-Feb-2024,21400,CE,562.95,648.15,434.8,460.65,460.65,477,5224.48,14550,6900,05-FEB-2024,
OPTIDX,NIFTY,15-Feb-2024,21450,CE,507.05,600,396,415.85,415.85,268,2934.92,13700,6700,05-FEB-2024,
OPTIDX,NIFTY,15-Feb-2024,21500,CE,500,571.45,360,383.5,383.5,2693,29535.47,47850,7400,05-FEB-2024,
OPTIDX,NIFTY,15-Feb-2024,21550,CE,439.2,522.7,330.8,346.25,346.25,829,9086.21,29050,7750,05-FEB-2024,
OPTIDX,NIFTY,15-Feb-2024,21600,CE,403.35,495.95,297.5,317.5,317.5,4248,46630.76,96650,53850,05-FEB-2024,
OPTIDX,NIFTY,15-Feb-2024,21650,CE,399.45,456.1,267,287.85,287.85,2207,24252.66,40700,13400,05-FEB-2024,
OPTIDX,NIFTY,15-Feb-2024,21700,CE,340,422.55,238.6,257.85,257.85,12227,134470.76,159850,50950,05-FEB-2024,
OPTIDX,NIFTY,15-Feb-2024,21750,CE,320,387.65,213.5,230.4,230.4,8011,88158.44,78100,61950,05-FEB-2024,
OPTIDX,NIFTY,15-Feb-2024,21800,CE,274,354.6,188,206.05,206.05,31824,350797.69,275050,175750,05-FEB-2024,
OPTIDX,NIFTY,15-Feb-2024,21850,CE,265,323.15,167.5,182.35,182.35,16737,184880.52,93050,10750,05-FEB-2024,
OPTIDX,NIFTY,15-Feb-2024,21900,CE,231.5,293.4,146.65,161.35,161.35,53149,587908.84,329650,168750,05-FEB-2024,
OPTIDX,NIFTY,15-Feb-2024,21950,CE,197.95,264.55,129,140.05,140.05,21899,242569.16,125000,76200,05-FEB-2024,
OPTIDX,NIFTY,15-Feb-2024,22000,CE,187.95,237.9,111.8,122.35,122.35,68514,759596.75,596600,124700,05-FEB-2024,
OPTIDX,NIFTY,15-Feb-2024,22050,CE,165.7,212.15,96.95,105.9,105.9,10560,117217.45,82600,42750,05-FEB-2024,
OPTIDX,NIFTY,15-Feb-2024,22100,CE,145.3,189.45,82.9,91.45,91.45,26669,296484.46,235000,102000,05-FEB-2024,
OPTIDX,NIFTY,15-Feb-2024,22150,CE,135,167.65,71.1,78.65,78.65,12546,139692.04,54000,19050,05-FEB-2024,
OPTIDX,NIFTY,15-Feb-2024,22200,CE,109.55,148.05,60.9,67.15,67.15,38448,428767.22,313950,72500,05-FEB-2024,
OPTIDX,NIFTY,15-Feb-2024,22250,CE,96,129.05,52,57.35,57.35,16106,179868.58,79950,40200,05-FEB-2024,
OPTIDX,NIFTY,15-Feb-2024,22300,CE,83.3,112.2,44.35,49.25,49.25,29611,331250.9,232350,72750,05-FEB-2024,
OPTIDX,NIFTY,15-Feb-2024,22350,CE,75,96.9,37.75,41.95,41.95,12114,135752.95,72400,34950,05-FEB-2024,
OPTIDX,NIFTY,15-Feb-2024,22400,CE,60,83.45,31.6,35.35,35.35,42811,480595.05,428850,86900,05-FEB-2024,
OPTIDX,NIFTY,15-Feb-2024,22450,CE,50.35,71.85,27.4,30.45,30.45,14754,165952.37,91050,32950,05-FEB-2024,
OPTIDX,NIFTY,15-Feb-2024,22500,CE,41.7,61.45,23.65,26.3,26.3,51525,580687.54,578300,169500,05-FEB-2024,
OPTIDX,NIFTY,15-Feb-2024,22550,CE,37.65,52.35,19.85,22.15,22.15,9279,104773.39,69500,47400,05-FEB-2024,
OPTIDX,NIFTY,15-Feb-2024,22600,CE,27.9,44.55,16.9,18.9,18.9,26550,300387.66,240750,109150,05-FEB-2024,
OPTIDX,NIFTY,15-Feb-2024,22650,CE,26.1,37.4,14.3,16.15,16.15,10865,123178.83,86200,59350,05-FEB-2024,
OPTIDX,NIFTY,15-Feb-2024,22700,CE,20.8,31,12.4,14.1,14.1,22804,259038.88,220550,44800,05-FEB-2024,
OPTIDX,NIFTY,15-Feb-2024,22750,CE,17,25.8,9.6,11.6,11.6,9572,108964.25,45200,26400,05-FEB-2024,
OPTIDX,NIFTY,15-Feb-2024,22800,CE,17.9,21.25,9.25,10.15,10.15,17410,198594.51,266100,37900,05-FEB-2024,
OPTIDX,NIFTY,15-Feb-2024,22850,CE,12.65,17.8,8,8.45,8.45,3221,36819.06,27350,-8250,05-FEB-2024,
OPTIDX,NIFTY,15-Feb-2024,22900,CE,10,14.45,6.95,7.45,7.45,11690,133908.75,210400,34150,05-FEB-2024,
OPTIDX,NIFTY,15-Feb-2024,22950,CE,9.5,12.15,6.5,7,7,10752,123427.22,182150,169000,05-FEB-2024,
OPTIDX,NIFTY,15-Feb-2024,23000,CE,7.95,10.2,5,5.85,5.85,24837,285715.63,504850,194000,05-FEB-2024,
OPTIDX,NIFTY,15-Feb-2024,23050,CE,6.8,7.85,4.5,4.85,4.85,2532,29189.06,39950,30900,05-FEB-2024,
OPTIDX,NIFTY,15-Feb-2024,23100,CE,5.75,6.75,4.15,4.4,4.4,3377,39013.3,63650,30050,05-FEB-2024,
OPTIDX,NIFTY,15-Feb-2024,23150,CE,5.2,6.1,3.6,4.25,4.25,733,8486.24,16150,6250,05-FEB-2024,
OPTIDX,NIFTY,15-Feb-2024,23200,CE,4.55,5,2.6,3.3,3.3,3905,45305.47,127050,3800,05-FEB-2024,
OPTIDX,NIFTY,15-Feb-2024,23250,CE,4.1,4.75,3.2,3.5,3.5,724,8417.92,15500,-100,05-FEB-2024,
OPTIDX,NIFTY,15-Feb-2024,23300,CE,3.55,4.75,2.75,3,3,3483,40582.44,119550,103050,05-FEB-2024,
OPTIDX,NIFTY,15-Feb-2024,23350,CE,3.25,5.5,2.9,3.25,3.25,270,3152.7,13150,4950,05-FEB-2024,
OPTIDX,NIFTY,15-Feb-2024,23400,CE,2.9,4.1,2.4,2.75,2.75,2556,29909.09,108450,2900,05-FEB-2024,
OPTIDX,NIFTY,15-Feb-2024,23450,CE,3.2,3.65,2.45,2.85,2.85,139,1629.98,8450,1200,05-FEB-2024,
OPTIDX,NIFTY,15-Feb-2024,23500,CE,2.85,3.15,2.45,2.75,2.75,2993,35171.91,136050,22650,05-FEB-2024,
OPTIDX,NIFTY,15-Feb-2024,23550,CE,3.05,3.3,2.6,2.75,2.75,158,1860.67,6950,3700,05-FEB-2024,
OPTIDX,NIFTY,15-Feb-2024,23600,CE,3.2,3.2,2.25,2.4,2.4,225,2655.29,10600,850,05-FEB-2024,
OPTIDX,NIFTY,15-Feb-2024,23650,CE,2.95,3.2,2.35,2.55,2.55,306,3618.87,28600,4150,05-FEB-2024,
OPTIDX,NIFTY,15-Feb-2024,23700,CE,3.3,3.5,2.25,2.45,2.45,225,2666.54,24550,2000,05-FEB-2024,
OPTIDX,NIFTY,15-Feb-2024,23750,CE,3.35,3.35,1.8,2.6,2.6,85,1009.48,3000,1050,05-FEB-2024,
OPTIDX,NIFTY,15-Feb-2024,23800,CE,2.6,3.15,2,2.3,2.3,177,2106.51,14450,-150,05-FEB-2024,
OPTIDX,NIFTY,15-Feb-2024,23850,CE,2.2,3.45,1.8,2.4,2.4,739,8813.45,26100,6900,05-FEB-2024,
OPTIDX,NIFTY,15-Feb-2024,19500,PE,2.9,3.6,2.3,2.5,2.5,957,9331.98,30300,15900,05-FEB-2024,
OPTIDX,NIFTY,15-Feb-2024,19550,PE,0,0,0,2.45,0.05,0,0,0,0,05-FEB-2024,
OPTIDX,NIFTY,15-Feb-2024,19600,PE,0,0,0,2.9,0.05,0,0,0,0,05-FEB-2024,
OPTIDX,NIFTY,15-Feb-2024,19650,PE,0,0,0,3.4,0.05,0,0,0,0,05-FEB-2024,
OPTIDX,NIFTY,15-Feb-2024,19700,PE,0,0,0,4.05,0.05,0,0,0,0,05-FEB-2024,
OPTIDX,NIFTY,15-Feb-2024,19750,PE,0,0,0,4.75,0.05,0,0,0,0,05-FEB-2024,
OPTIDX,NIFTY,15-Feb-2024,19800,PE,3.35,4,2.55,3.1,3.1,576,5703.32,33350,11650,05-FEB-2024,
OPTIDX,NIFTY,15-Feb-2024,19850,PE,0,0,0,6.5,0.05,0,0,0,0,05-FEB-2024,
OPTIDX,NIFTY,15-Feb-2024,19900,PE,0,0,0,7.55,0.05,0,0,0,0,05-FEB-2024,
OPTIDX,NIFTY,15-Feb-2024,19950,PE,0,0,0,8.8,0.05,0,0,0,0,05-FEB-2024,
OPTIDX,NIFTY,15-Feb-2024,20000,PE,3.6,4.5,2.85,3.3,3.3,3669,36696.15,104700,-8200,05-FEB-2024,
OPTIDX,NIFTY,15-Feb-2024,20050,PE,0,0,0,11.75,0.05,0,0,0,0,05-FEB-2024,
OPTIDX,NIFTY,15-Feb-2024,20100,PE,0,0,0,13.5,0.05,0,0,0,0,05-FEB-2024,
OPTIDX,NIFTY,15-Feb-2024,20150,PE,0,0,0,15.5,0.05,0,0,0,0,05-FEB-2024,
OPTIDX,NIFTY,15-Feb-2024,20200,PE,0,0,0,17.75,0.05,0,0,0,0,05-FEB-2024,
OPTIDX,NIFTY,15-Feb-2024,20250,PE,0,0,0,20.3,0.05,0,0,0,0,05-FEB-2024,
OPTIDX,NIFTY,15-Feb-2024,20300,PE,0,0,0,23.1,0.05,0,0,0,0,05-FEB-2024,
OPTIDX,NIFTY,15-Feb-2024,20350,PE,0,0,0,26.25,0.05,0,0,0,0,05-FEB-2024,
OPTIDX,NIFTY,15-Feb-2024,20400,PE,5.85,7.9,4.55,5.9,5.9,3609,36822.3,51050,23900,05-FEB-2024,
OPTIDX,NIFTY,15-Feb-2024,20450,PE,7.9,9.35,5.2,6.8,6.8,449,4592.45,5300,600,05-FEB-2024,
OPTIDX,NIFTY,15-Feb-2024,20500,PE,7.5,9.2,4.4,7.85,7.85,9369,96065.67,229600,72150,05-FEB-2024,
OPTIDX,NIFTY,15-Feb-2024,20550,PE,9.2,10.3,6.4,8.65,8.65,881,9055.95,8350,4350,05-FEB-2024,
OPTIDX,NIFTY,15-Feb-2024,20600,PE,9.3,11.5,6.5,9.5,9.5,4181,43082.78,51650,34600,05-FEB-2024,
OPTIDX,NIFTY,15-Feb-2024,20650,PE,11.55,13.55,7.55,11,11,2465,25463.98,19000,11350,05-FEB-2024,
OPTIDX,NIFTY,15-Feb-2024,20700,PE,10,15.85,8.25,13.2,13.2,11191,115889.55,216350,89500,05-FEB-2024,
OPTIDX,NIFTY,15-Feb-2024,20750,PE,15.05,18.25,9.75,14.8,14.8,3975,41267.61,19350,10200,05-FEB-2024,
OPTIDX,NIFTY,15-Feb-2024,20800,PE,16.45,21.05,11.1,18.25,18.25,14364,149499.12,277750,144450,05-FEB-2024,
OPTIDX,NIFTY,15-Feb-2024,20850,PE,19,24.6,13,20.05,20.05,4002,41758.27,21300,13600,05-FEB-2024,
OPTIDX,NIFTY,15-Feb-2024,20900,PE,15,28.85,15,23.8,23.8,11947,124966.77,197750,80500,05-FEB-2024,
OPTIDX,NIFTY,15-Feb-2024,20950,PE,21.75,33.05,17.25,26.9,26.9,7641,80128.79,48550,23200,05-FEB-2024,
OPTIDX,NIFTY,15-Feb-2024,21000,PE,24.4,38.45,20.3,31.55,31.55,30535,321027.51,546100,186350,05-FEB-2024,
OPTIDX,NIFTY,15-Feb-2024,21050,PE,31,43.7,22.7,36.35,36.35,5611,59146.04,25300,12350,05-FEB-2024,
OPTIDX,NIFTY,15-Feb-2024,21100,PE,34.75,50.4,26.1,41.85,41.85,20043,211811.25,261650,96100,05-FEB-2024,
OPTIDX,NIFTY,15-Feb-2024,21150,PE,40.25,57.25,29.95,48.6,48.6,5557,58880.7,32700,-1200,05-FEB-2024,
OPTIDX,NIFTY,15-Feb-2024,21200,PE,43.75,65.65,34,54.75,54.75,19504,207184.31,283100,38550,05-FEB-2024,
OPTIDX,NIFTY,15-Feb-2024,21250,PE,51.5,75.15,39.15,63.35,63.35,9124,97182.62,63700,17200,05-FEB-2024,
OPTIDX,NIFTY,15-Feb-2024,21300,PE,59.4,85.9,44.7,72.35,72.35,23526,251274.82,268600,31400,05-FEB-2024,
OPTIDX,NIFTY,15-Feb-2024,21350,PE,66.9,97.5,51,84.5,84.5,7107,76129.72,45300,20300,05-FEB-2024,
OPTIDX,NIFTY,15-Feb-2024,21400,PE,69.45,110.3,56.85,95.05,95.05,26554,285211.36,448250,84350,05-FEB-2024,
OPTIDX,NIFTY,15-Feb-2024,21450,PE,84.5,123.9,65.05,107.95,107.95,10251,110433.64,50950,20250,05-FEB-2024,
OPTIDX,NIFTY,15-Feb-2024,21500,PE,89.95,140.2,73.55,121.85,121.85,41322,446294.76,481450,73850,05-FEB-2024,
OPTIDX,NIFTY,15-Feb-2024,21550,PE,110.3,156.55,83.25,138.2,138.2,10008,108412.71,50100,22300,05-FEB-2024,
OPTIDX,NIFTY,15-Feb-2024,21600,PE,114,176,94.45,155,155,30577,332219.56,465550,164650,05-FEB-2024,
OPTIDX,NIFTY,15-Feb-2024,21650,PE,129.2,196.75,106,173.55,173.55,10259,111820.68,86100,54150,05-FEB-2024,
OPTIDX,NIFTY,15-Feb-2024,21700,PE,131.45,219.05,119.55,191.85,191.85,39946,436777.97,267500,95150,05-FEB-2024,
OPTIDX,NIFTY,15-Feb-2024,21750,PE,162.45,242.5,133.85,217.8,217.8,13448,147543.32,94850,47400,05-FEB-2024,
OPTIDX,NIFTY,15-Feb-2024,21800,PE,160.7,269.25,149.3,239.85,239.85,48739,536227.06,251350,94850,05-FEB-2024,
OPTIDX,NIFTY,15-Feb-2024,21850,PE,189,295,167,267.55,267.55,20150,222396.17,56750,2550,05-FEB-2024,
OPTIDX,NIFTY,15-Feb-2024,21900,PE,200.5,324.3,185.15,293.75,293.75,55501,614213.06,248250,112600,05-FEB-2024,
OPTIDX,NIFTY,15-Feb-2024,21950,PE,248,352,207.25,321.65,321.65,17307,192183.05,86950,47200,05-FEB-2024,
OPTIDX,NIFTY,15-Feb-2024,22000,PE,269.75,388,228.65,356.15,356.15,39673,442128.36,355600,-15950,05-FEB-2024,
OPTIDX,NIFTY,15-Feb-2024,22050,PE,326.45,422.1,255,393.65,393.65,4265,47691.17,19450,-6500,05-FEB-2024,
OPTIDX,NIFTY,15-Feb-2024,22100,PE,350,461.45,281.15,427.35,427.35,5811,65212.03,57000,1850,05-FEB-2024,
OPTIDX,NIFTY,15-Feb-2024,22150,PE,389,494.95,311,467.4,467.4,1960,22086.66,14700,1500,05-FEB-2024,
OPTIDX,NIFTY,15-Feb-2024,22200,PE,393.7,535.95,340,500.4,500.4,4023,45516.2,29150,1100,05-FEB-2024,
OPTIDX,NIFTY,15-Feb-2024,22250,PE,456.55,579.2,373.5,546.35,546.35,208,2363.91,7800,600,05-FEB-2024,
OPTIDX,NIFTY,15-Feb-2024,22300,PE,479.4,614.3,407.95,588.7,588.7,1408,16047.89,24050,15750,05-FEB-2024,
OPTIDX,NIFTY,15-Feb-2024,22350,PE,527.05,653.2,450.3,621.7,621.7,218,2494.07,4150,-250,05-FEB-2024,
OPTIDX,NIFTY,15-Feb-2024,22400,PE,567.25,691.2,481.8,674,674,376,4314.56,7600,-350,05-FEB-2024,
OPTIDX,NIFTY,15-Feb-2024,22450,PE,608.4,719.1,525.1,718.55,654.1,90,1037.72,4250,-1300,05-FEB-2024,
OPTIDX,NIFTY,15-Feb-2024,22500,PE,620,795,563,768.25,768.25,460,5321.49,10000,1800,05-FEB-2024,
OPTIDX,NIFTY,15-Feb-2024,22550,PE,637.15,654.25,605.3,605.3,747.25,6,69.54,3350,-50,05-FEB-2024,
OPTIDX,NIFTY,15-Feb-2024,22600,PE,658,870,658,870,794.8,10,116.74,2600,-50,05-FEB-2024,
OPTIDX,NIFTY,15-Feb-2024,22650,PE,760.85,929.35,693.6,907.8,907.8,7,82.12,1550,0,05-FEB-2024,
OPTIDX,NIFTY,15-Feb-2024,22700,PE,0,0,0,617.85,891.2,0,0,750,0,05-FEB-2024,
OPTIDX,NIFTY,15-Feb-2024,22750,PE,0,0,0,664.6,939.9,0,0,1650,0,05-FEB-2024,
OPTIDX,NIFTY,15-Feb-2024,22800,PE,900,1036.35,849,1036.35,1036.35,10,118.41,700,300,05-FEB-2024,
OPTIDX,NIFTY,15-Feb-2024,22850,PE,0,0,0,1093.75,1038.1,0,0,300,0,05-FEB-2024,
OPTIDX,NIFTY,15-Feb-2024,22900,PE,0,0,0,1163.05,1087.5,0,0,0,0,05-FEB-2024,
OPTIDX,NIFTY,15-Feb-2024,22950,PE,0,0,0,1206.35,1137,0,0,0,0,05-FEB-2024,
OPTIDX,NIFTY,15-Feb-2024,23000,PE,0,0,0,1175,1186.6,0,0,700,0,05-FEB-2024,
OPTIDX,NIFTY,15-Feb-2024,23050,PE,0,0,0,1294.4,1236.3,0,0,0,0,05-FEB-2024,
OPTIDX,NIFTY,15-Feb-2024,23100,PE,0,0,0,1339.1,1286,0,0,0,0,05-FEB-2024,
OPTIDX,NIFTY,15-Feb-2024,23150,PE,0,0,0,1384.2,1335.8,0,0,0,0,05-FEB-2024,
OPTIDX,NIFTY,15-Feb-2024,23200,PE,0,0,0,1429.7,1385.65,0,0,0,0,05-FEB-2024,
OPTIDX,NIFTY,15-Feb-2024,23250,PE,0,0,0,1475.5,1435.5,0,0,0,0,05-FEB-2024,
OPTIDX,NIFTY,15-Feb-2024,23300,PE,0,0,0,1521.65,1485.35,0,0,0,0,05-FEB-2024,
OPTIDX,NIFTY,15-Feb-2024,23350,PE,0,0,0,1568.15,1535.2,0,0,0,0,05-FEB-2024,
OPTIDX,NIFTY,15-Feb-2024,23400,PE,0,0,0,1614.9,1585.1,0,0,0,0,05-FEB-2024,
OPTIDX,NIFTY,15-Feb-2024,23450,PE,0,0,0,1661.9,1635,0,0,0,0,05-FEB-2024,
OPTIDX,NIFTY,15-Feb-2024,23500,PE,0,0,0,1709.15,1684.9,0,0,0,0,05-FEB-2024,
OPTIDX,NIFTY,15-Feb-2024,23550,PE,0,0,0,1756.65,1734.8,0,0,0,0,05-FEB-2024,
OPTIDX,NIFTY,15-Feb-2024,23600,PE,0,0,0,1804.3,1784.7,0,0,0,0,05-FEB-2024,
OPTIDX,NIFTY,15-Feb-2024,23650,PE,0,0,0,1852.2,1834.6,0,0,0,0,05-FEB-2024,
OPTIDX,NIFTY,15-Feb-2024,23700,PE,0,0,0,1900.25,1884.5,0,0,0,0,05-FEB-2024,
OPTIDX,NIFTY,15-Feb-2024,23750,PE,0,0,0,1948.45,1934.4,0,0,0,0,05-FEB-2024,
OPTIDX,NIFTY,15-Feb-2024,23800,PE,0,0,0,1996.85,1984.35,0,0,0,0,05-FEB-2024,
OPTIDX,NIFTY,15-Feb-2024,23850,PE,0,0,0,2071.05,2034.25,0,0,750,0,05-FEB-2024,
OPTIDX,NIFTY,22-Feb-2024,19500,CE,0,0,0,2102.9,2332.9,0,0,0,0,05-FEB-2024,
OPTIDX,NIFTY,22-Feb-2024,19550,CE,0,0,0,2053.95,2283.05,0,0,0,0,05-FEB-2024,
OPTIDX,NIFTY,22-Feb-2024,19600,CE,0,0,0,2005.1,2233.25,0,0,0,0,05-FEB-2024,
OPTIDX,NIFTY,22-Feb-2024,19650,CE,0,0,0,1956.35,2183.4,0,0,0,0,05-FEB-2024,
OPTIDX,NIFTY,22-Feb-2024,19700,CE,0,0,0,1907.8,2133.55,0,0,0,0,05-FEB-2024,
OPTIDX,NIFTY,22-Feb-2024,19750,CE,0,0,0,1859.35,2083.7,0,0,0,0,05-FEB-2024,
OPTIDX,NIFTY,22-Feb-2024,19800,CE,0,0,0,2040,2033.85,0,0,50,0,05-FEB-2024,
OPTIDX,NIFTY,22-Feb-2024,19850,CE,2130,2130,1950,1950,1950,2,21.89,100,100,05-FEB-2024,
OPTIDX,NIFTY,22-Feb-2024,19900,CE,2080,2080,1900,1900,1900,4,43.76,500,150,05-FEB-2024,
OPTIDX,NIFTY,22-Feb-2024,19950,CE,2030,2040,1850,1850,1850,5,54.87,200,200,05-FEB-2024,
OPTIDX,NIFTY,22-Feb-2024,20000,CE,0,0,0,1620.05,1834.55,0,0,0,0,05-FEB-2024,
OPTIDX,NIFTY,22-Feb-2024,20050,CE,0,0,0,1572.9,1784.75,0,0,0,0,05-FEB-2024,
OPTIDX,NIFTY,22-Feb-2024,20100,CE,0,0,0,1526.05,1734.95,0,0,0,0,05-FEB-2024,
OPTIDX,NIFTY,22-Feb-2024,20150,CE,0,0,0,1479.5,1685.2,0,0,0,0,05-FEB-2024,
OPTIDX,NIFTY,22-Feb-2024,20200,CE,0,0,0,1433.3,1635.45,0,0,0,0,05-FEB-2024,
OPTIDX,NIFTY,22-Feb-2024,20250,CE,0,0,0,1387.5,1585.7,0,0,0,0,05-FEB-2024,
OPTIDX,NIFTY,22-Feb-2024,20300,CE,0,0,0,1342.05,1536,0,0,0,0,05-FEB-2024,
OPTIDX,NIFTY,22-Feb-2024,20350,CE,0,0,0,1297.1,1486.4,0,0,0,0,05-FEB-2024,
OPTIDX,NIFTY,22-Feb-2024,20400,CE,0,0,0,1300,1436.8,0,0,50,0,05-FEB-2024,
OPTIDX,NIFTY,22-Feb-2024,20450,CE,0,0,0,1360,1387.3,0,0,350,0,05-FEB-2024,
OPTIDX,NIFTY,22-Feb-2024,20500,CE,0,0,0,1290,1337.9,0,0,350,0,05-FEB-2024,
OPTIDX,NIFTY,22-Feb-2024,20550,CE,0,0,0,1122.05,1288.65,0,0,0,0,05-FEB-2024,
OPTIDX,NIFTY,22-Feb-2024,20600,CE,0,0,0,1079.7,1239.5,0,0,0,0,05-FEB-2024,
OPTIDX,NIFTY,22-Feb-2024,20650,CE,0,0,0,1037.95,1190.55,0,0,0,0,05-FEB-2024,
OPTIDX,NIFTY,22-Feb-2024,20700,CE,0,0,0,996.85,1141.8,0,0,0,0,05-FEB-2024,
OPTIDX,NIFTY,22-Feb-2024,20750,CE,0,0,0,956.4,1093.35,0,0,0,0,05-FEB-2024,
OPTIDX,NIFTY,22-Feb-2024,20800,CE,0,0,0,916.7,1045.15,0,0,0,0,05-FEB-2024,
OPTIDX,NIFTY,22-Feb-2024,20850,CE,0,0,0,877.75,997.35,0,0,0,0,05-FEB-2024,
OPTIDX,NIFTY,22-Feb-2024,20900,CE,0,0,0,839.55,949.95,0,0,0,0,05-FEB-2024,
OPTIDX,NIFTY,22-Feb-2024,20950,CE,0,0,0,803,903,0,0,0,0,05-FEB-2024,
OPTIDX,NIFTY,22-Feb-2024,21000,CE,965.45,1004.5,949.45,994.8,856.65,37,406.64,3950,0,05-FEB-2024,
OPTIDX,NIFTY,22-Feb-2024,21050,CE,0,0,0,729.75,810.9,0,0,0,0,05-FEB-2024,
OPTIDX,NIFTY,22-Feb-2024,21100,CE,0,0,0,702.5,765.85,0,0,0,0,05-FEB-2024,
OPTIDX,NIFTY,22-Feb-2024,21150,CE,0,0,0,661,721.6,0,0,0,0,05-FEB-2024,
OPTIDX,NIFTY,22-Feb-2024,21200,CE,840.3,840.3,840.3,840.3,678.2,1,11.02,300,50,05-FEB-2024,
OPTIDX,NIFTY,22-Feb-2024,21250,CE,0,0,0,596,635.75,0,0,0,0,05-FEB-2024,
OPTIDX,NIFTY,22-Feb-2024,21300,CE,724.65,780,680.55,750,594.4,16,176.27,2900,-500,05-FEB-2024,
OPTIDX,NIFTY,22-Feb-2024,21350,CE,0,0,0,383.85,554.15,0,0,100,0,05-FEB-2024,
OPTIDX,NIFTY,22-Feb-2024,21400,CE,670,680.45,503.7,508.7,508.7,16,176.16,1800,-550,05-FEB-2024,
OPTIDX,NIFTY,22-Feb-2024,21450,CE,612.7,612.7,612.7,612.7,477.45,5,55.15,1950,250,05-FEB-2024,
OPTIDX,NIFTY,22-Feb-2024,21500,CE,549.95,620,423.75,451,451,224,2462.67,10000,2550,05-FEB-2024,
OPTIDX,NIFTY,22-Feb-2024,21550,CE,400,405.2,400,405.2,406.25,6,65.86,3200,-50,05-FEB-2024,
OPTIDX,NIFTY,22-Feb-2024,21600,CE,482,550,362.6,374.45,374.45,198,2180.49,7850,-450,05-FEB-2024,
OPTIDX,NIFTY,22-Feb-2024,21650,CE,439.9,439.9,339.1,357.6,357.6,79,869.33,4150,600,05-FEB-2024,
OPTIDX,NIFTY,22-Feb-2024,21700,CE,410.95,477.05,305,318.9,318.9,696,7666.53,11400,-9600,05-FEB-2024,
OPTIDX,NIFTY,22-Feb-2024,21750,CE,387.9,444.35,277.65,292.95,292.95,517,5701.79,13300,8250,05-FEB-2024,
OPTIDX,NIFTY,22-Feb-2024,21800,CE,351.25,416.2,252.6,272.55,272.55,1989,21987.69,17750,5450,05-FEB-2024,
OPTIDX,NIFTY,22-Feb-2024,21850,CE,320,383.25,232,243.95,243.95,752,8330.3,15350,6200,05-FEB-2024,
OPTIDX,NIFTY,22-Feb-2024,21900,CE,288.9,356,207.75,218.8,218.8,1878,20830.4,22150,3350,05-FEB-2024,
OPTIDX,NIFTY,22-Feb-2024,21950,CE,295,327.55,185,197.2,197.2,830,9217.56,11350,2800,05-FEB-2024,
OPTIDX,NIFTY,22-Feb-2024,22000,CE,262.5,300,168,180.25,180.25,4118,45785.39,138600,22900,05-FEB-2024,
OPTIDX,NIFTY,22-Feb-2024,22050,CE,220.5,269.35,148,161.6,161.6,776,8635.48,9550,-1750,05-FEB-2024,
OPTIDX,NIFTY,22-Feb-2024,22100,CE,197,247.05,130.45,139.95,139.95,1263,14079.68,34850,3300,05-FEB-2024,
OPTIDX,NIFTY,22-Feb-2024,22150,CE,177.9,221,116.55,122.05,122.05,230,2565.94,9750,1200,05-FEB-2024,
OPTIDX,NIFTY,22-Feb-2024,22200,CE,169.75,202,104,113.2,113.2,1375,15369.16,15050,4800,05-FEB-2024,
OPTIDX,NIFTY,22-Feb-2024,22250,CE,130.9,172.8,90.05,97.8,97.8,121,1353.62,3100,-600,05-FEB-2024,
OPTIDX,NIFTY,22-Feb-2024,22300,CE,140.1,164.3,81.75,87.05,87.05,1170,13117.63,35150,3550,05-FEB-2024,
OPTIDX,NIFTY,22-Feb-2024,22350,CE,104.45,121,72.9,75.2,75.2,57,639.43,1750,-200,05-FEB-2024,
OPTIDX,NIFTY,22-Feb-2024,22400,CE,96,132.55,62.95,68.05,68.05,1079,12136.5,29700,8500,05-FEB-2024,
OPTIDX,NIFTY,22-Feb-2024,22450,CE,85.8,104.95,58.2,59.1,59.1,30,337.98,3750,350,05-FEB-2024,
OPTIDX,NIFTY,22-Feb-2024,22500,CE,76.05,104.25,47.65,52.55,52.55,3056,34485.52,58550,17050,05-FEB-2024,
OPTIDX,NIFTY,22-Feb-2024,22550,CE,75,76.6,45,45.2,45.2,102,1153.38,3400,3300,05-FEB-2024,
OPTIDX,NIFTY,22-Feb-2024,22600,CE,57,79.35,36.95,40.85,40.85,1944,22022.46,48500,15250,05-FEB-2024,
OPTIDX,NIFTY,22-Feb-2024,22650,CE,49.4,60.2,32.1,32.9,32.9,212,2405.06,4500,2950,05-FEB-2024,
OPTIDX,NIFTY,22-Feb-2024,22700,CE,46.75,62.45,28.9,31.4,31.4,1390,15806.21,44950,19400,05-FEB-2024,
OPTIDX,NIFTY,22-Feb-2024,22750,CE,45,45,26.05,29.2,29.2,169,1924.92,7050,6900,05-FEB-2024,
OPTIDX,NIFTY,22-Feb-2024,22800,CE,34.9,48.15,22.65,25.45,25.45,1530,17468.93,59050,29700,05-FEB-2024,
OPTIDX,NIFTY,22-Feb-2024,22850,CE,29.5,41.7,16.25,23.2,23.2,616,7047.2,12250,4550,05-FEB-2024,
OPTIDX,NIFTY,22-Feb-2024,22900,CE,27.85,36,15.8,18.6,18.6,307,3519.18,10100,4000,05-FEB-2024,
OPTIDX,NIFTY,22-Feb-2024,22950,CE,30.2,30.2,14.25,16.25,16.25,122,1401.3,11300,3100,05-FEB-2024,
OPTIDX,NIFTY,22-Feb-2024,23000,CE,21,28.3,12.1,15,15,3044,35037.38,113500,19650,05-FEB-2024,
OPTIDX,NIFTY,22-Feb-2024,23050,CE,21.55,23.6,21.55,23.6,5.25,66,761.38,2450,2450,05-FEB-2024,
OPTIDX,NIFTY,22-Feb-2024,23100,CE,15,22.2,10,11.45,11.45,211,2438.56,7350,1550,05-FEB-2024,
OPTIDX,NIFTY,22-Feb-2024,23150,CE,18,18,8,9.95,9.95,114,1320.15,2650,2050,05-FEB-2024,
OPTIDX,NIFTY,22-Feb-2024,23200,CE,11.7,15.95,7.5,8.55,8.55,123,1427.53,12200,650,05-FEB-2024,
OPTIDX,NIFTY,22-Feb-2024,23250,CE,0,0,0,24.25,2.15,0,0,0,0,05-FEB-2024,
OPTIDX,NIFTY,22-Feb-2024,23300,CE,9.5,14,6.1,11.3,11.3,54,629.38,2050,100,05-FEB-2024,
OPTIDX,NIFTY,22-Feb-2024,23350,CE,7.05,9.95,7.05,8.65,1.35,9,105.11,2600,0,05-FEB-2024,
OPTIDX,NIFTY,22-Feb-2024,23400,CE,9,10,5.55,5.55,1.05,46,538.37,2100,500,05-FEB-2024,
OPTIDX,NIFTY,22-Feb-2024,23450,CE,8.45,11.2,5,5,5,195,2287.14,5100,1900,05-FEB-2024,
OPTIDX,NIFTY,22-Feb-2024,23500,CE,5.8,8,5.05,5.5,5.5,2130,25034.62,60350,30700,05-FEB-2024,
OPTIDX,NIFTY,22-Feb-2024,23550,CE,6,6.1,4.65,5.45,5.45,146,1719.55,2000,2000,05-FEB-2024,
OPTIDX,NIFTY,22-Feb-2024,23600,CE,7.5,7.5,3.6,4.95,4.95,372,4390.48,7650,7650,05-FEB-2024,
OPTIDX,NIFTY,22-Feb-2024,19500,PE,0,0,0,4.05,0.05,0,0,0,0,05-FEB-2024,
OPTIDX,NIFTY,22-Feb-2024,19550,PE,0,0,0,4.75,0.05,0,0,0,0,05-FEB-2024,
OPTIDX,NIFTY,22-Feb-2024,19600,PE,0,0,0,5.55,0.05,0,0,0,0,05-FEB-2024,
OPTIDX,NIFTY,22-Feb-2024,19650,PE,0,0,0,6.5,0.05,0,0,0,0,05-FEB-2024,
OPTIDX,NIFTY,22-Feb-2024,19700,PE,0,0,0,7.55,0.05,0,0,0,0,05-FEB-2024,
OPTIDX,NIFTY,22-Feb-2024,19750,PE,0,0,0,8.75,0.05,0,0,0,0,05-FEB-2024,
OPTIDX,NIFTY,22-Feb-2024,19800,PE,0,0,0,15.3,0.05,0,0,0,0,05-FEB-2024,
OPTIDX,NIFTY,22-Feb-2024,19850,PE,0,0,0,11.7,0.05,0,0,0,0,05-FEB-2024,
OPTIDX,NIFTY,22-Feb-2024,19900,PE,0,0,0,13.45,0.05,0,0,0,0,05-FEB-2024,
OPTIDX,NIFTY,22-Feb-2024,19950,PE,0,0,0,15.45,0.05,0,0,0,0,05-FEB-2024,
OPTIDX,NIFTY,22-Feb-2024,20000,PE,8.2,8.5,5.05,6.45,6.45,1478,14784.5,55400,22650,05-FEB-2024,
OPTIDX,NIFTY,22-Feb-2024,20050,PE,0,0,0,20.2,0.1,0,0,0,0,05-FEB-2024,
OPTIDX,NIFTY,22-Feb-2024,20100,PE,0,0,0,23,0.15,0,0,0,0,05-FEB-2024,
OPTIDX,NIFTY,22-Feb-2024,20150,PE,0,0,0,26.1,0.25,0,0,0,0,05-FEB-2024,
OPTIDX,NIFTY,22-Feb-2024,20200,PE,0,0,0,29.55,0.35,0,0,0,0,05-FEB-2024,
OPTIDX,NIFTY,22-Feb-2024,20250,PE,0,0,0,33.4,0.45,0,0,0,0,05-FEB-2024,
OPTIDX,NIFTY,22-Feb-2024,20300,PE,0,0,0,37.65,0.6,0,0,0,0,05-FEB-2024,
OPTIDX,NIFTY,22-Feb-2024,20350,PE,0,0,0,16,0.8,0,0,250,0,05-FEB-2024,
OPTIDX,NIFTY,22-Feb-2024,20400,PE,20,20,11.4,15.25,15.25,166,1694.27,9250,3200,05-FEB-2024,
OPTIDX,NIFTY,22-Feb-2024,20450,PE,15.3,21.25,14,19.55,19.55,8,81.86,2950,300,05-FEB-2024,
OPTIDX,NIFTY,22-Feb-2024,20500,PE,16,21.45,13.5,18.25,18.25,1158,11879.46,47000,30300,05-FEB-2024,
OPTIDX,NIFTY,22-Feb-2024,20550,PE,23.4,23.4,21.05,21.05,21.05,135,1388.68,6350,6350,05-FEB-2024,
OPTIDX,NIFTY,22-Feb-2024,20600,PE,26,26,18.95,24.45,24.45,158,1629.17,8100,6250,05-FEB-2024,
OPTIDX,NIFTY,22-Feb-2024,20650,PE,21.05,21.05,21.05,21.05,4.05,6,62.01,3550,0,05-FEB-2024,
OPTIDX,NIFTY,22-Feb-2024,20700,PE,28.95,34.8,21.05,30.75,30.75,651,6746.45,17150,2100,05-FEB-2024,
OPTIDX,NIFTY,22-Feb-2024,20750,PE,21.95,21.95,21.95,21.95,6.5,6,62.31,1050,0,05-FEB-2024,
OPTIDX,NIFTY,22-Feb-2024,20800,PE,30.2,44,26.5,39.75,39.75,852,8874.64,49750,4350,05-FEB-2024,
OPTIDX,NIFTY,22-Feb-2024,20850,PE,34,51.75,31.55,42.45,42.45,377,3937.1,9400,4250,05-FEB-2024,
OPTIDX,NIFTY,22-Feb-2024,20900,PE,43,54.45,34,49.15,49.15,970,10155.93,25400,11900,05-FEB-2024,
OPTIDX,NIFTY,22-Feb-2024,20950,PE,43,58.2,38.55,52.85,52.85,249,2613.58,6150,5050,05-FEB-2024,
OPTIDX,NIFTY,22-Feb-2024,21000,PE,46.8,70,42.4,61.05,61.05,4668,49135.92,138150,61000,05-FEB-2024,
OPTIDX,NIFTY,22-Feb-2024,21050,PE,32.6,32.6,32.6,32.6,32.6,1,10.54,2150,50,05-FEB-2024,
OPTIDX,NIFTY,22-Feb-2024,21100,PE,58.55,81.55,51.4,73.5,73.5,490,5184.68,27500,4800,05-FEB-2024,
OPTIDX,NIFTY,22-Feb-2024,21150,PE,58.75,85.2,57.85,83.7,83.7,16,169.78,2700,0,05-FEB-2024,
OPTIDX,NIFTY,22-Feb-2024,21200,PE,82.1,106.9,63.45,92.35,92.35,1469,15632.18,32250,350,05-FEB-2024,
OPTIDX,NIFTY,22-Feb-2024,21250,PE,0,0,0,125.45,47.35,0,0,850,0,05-FEB-2024,
OPTIDX,NIFTY,22-Feb-2024,21300,PE,88.4,125,78,112.7,112.7,1126,12049.89,22350,-12750,05-FEB-2024,
OPTIDX,NIFTY,22-Feb-2024,21350,PE,111.85,128.9,87,123.5,123.5,115,1233.73,3100,750,05-FEB-2024,
OPTIDX,NIFTY,22-Feb-2024,21400,PE,109,150,93.2,135.4,135.4,982,10566.71,39500,5650,05-FEB-2024,
OPTIDX,NIFTY,22-Feb-2024,21450,PE,119.4,164.8,104.15,152.85,152.85,298,3214.72,4750,2750,05-FEB-2024,
OPTIDX,NIFTY,22-Feb-2024,21500,PE,119.65,180.7,115,168.55,168.55,3776,40865.81,71000,32950,05-FEB-2024,
OPTIDX,NIFTY,22-Feb-2024,21550,PE,155,209.05,129.75,183.05,183.05,63,683.77,2300,600,05-FEB-2024,
OPTIDX,NIFTY,22-Feb-2024,21600,PE,170,220,140,202.1,202.1,1264,13767.71,13550,-100,05-FEB-2024,
OPTIDX,NIFTY,22-Feb-2024,21650,PE,170.9,234,155.05,222.35,222.35,263,2872.93,3550,2050,05-FEB-2024,
OPTIDX,NIFTY,22-Feb-2024,21700,PE,199.25,261.8,164.5,244.45,244.45,2137,23422.12,28150,2650,05-FEB-2024,
OPTIDX,NIFTY,22-Feb-2024,21750,PE,208.3,287.4,180,262.25,262.25,313,3439.74,2650,600,05-FEB-2024,
OPTIDX,NIFTY,22-Feb-2024,21800,PE,220,310.8,199,284.1,284.1,2873,31668.75,21700,7050,05-FEB-2024,
OPTIDX,NIFTY,22-Feb-2024,21850,PE,260.6,330.05,216.5,311.2,311.2,609,6733.51,3000,-500,05-FEB-2024,
OPTIDX,NIFTY,22-Feb-2024,21900,PE,270,360,234.95,341,341,1958,21712.24,15700,1800,05-FEB-2024,
OPTIDX,NIFTY,22-Feb-2024,21950,PE,316.05,385.5,259.75,366.35,366.35,887,9870.16,1750,-4650,05-FEB-2024,
OPTIDX,NIFTY,22-Feb-2024,22000,PE,369.65,417.7,274.95,393.95,393.95,3146,35129.15,93900,4650,05-FEB-2024,
OPTIDX,NIFTY,22-Feb-2024,22050,PE,341.2,442.85,311,428.3,428.3,108,1211.48,6200,-1700,05-FEB-2024,
OPTIDX,NIFTY,22-Feb-2024,22100,PE,369,475,328.35,462.7,462.7,416,4677.22,5200,-3000,05-FEB-2024,
OPTIDX,NIFTY,22-Feb-2024,22150,PE,428.65,509.5,428.65,498.45,498.45,70,792.27,4200,2650,05-FEB-2024,
OPTIDX,NIFTY,22-Feb-2024,22200,PE,438,543.05,388.1,513.85,513.85,103,1167.33,8250,-2900,05-FEB-2024,
OPTIDX,NIFTY,22-Feb-2024,22250,PE,461.5,461.5,461.5,461.5,495.45,1,11.35,50,50,05-FEB-2024,
OPTIDX,NIFTY,22-Feb-2024,22300,PE,490.05,600,490,600,600,4,45.65,3250,-100,05-FEB-2024,
OPTIDX,NIFTY,22-Feb-2024,22350,PE,0,0,0,866.9,573.5,0,0,0,0,05-FEB-2024,
OPTIDX,NIFTY,22-Feb-2024,22400,PE,554.3,554.3,554.3,554.3,614.25,4,45.9,300,200,05-FEB-2024,
OPTIDX,NIFTY,22-Feb-2024,22450,PE,0,0,0,945.25,656.05,0,0,0,0,05-FEB-2024,
OPTIDX,NIFTY,22-Feb-2024,22500,PE,632.85,632.85,632.85,632.85,698.8,1,11.56,5100,0,05-FEB-2024,
OPTIDX,NIFTY,22-Feb-2024,22550,PE,0,0,0,1026.25,742.45,0,0,0,0,05-FEB-2024,
OPTIDX,NIFTY,22-Feb-2024,22600,PE,0,0,0,1067.7,786.9,0,0,0,0,05-FEB-2024,
OPTIDX,NIFTY,22-Feb-2024,22650,PE,0,0,0,1109.7,832.05,0,0,0,0,05-FEB-2024,
OPTIDX,NIFTY,22-Feb-2024,22700,PE,0,0,0,1152.3,877.85,0,0,0,0,05-FEB-2024,
OPTIDX,NIFTY,22-Feb-2024,22750,PE,0,0,0,1195.4,924.25,0,0,0,0,05-FEB-2024,
OPTIDX,NIFTY,22-Feb-2024,22800,PE,0,0,0,1238.95,971.15,0,0,0,0,05-FEB-2024,
OPTIDX,NIFTY,22-Feb-2024,22850,PE,0,0,0,1283,1018.45,0,0,0,0,05-FEB-2024,
OPTIDX,NIFTY,22-Feb-2024,22900,PE,0,0,0,1327.5,1066.2,0,0,0,0,05-FEB-2024,
OPTIDX,NIFTY,22-Feb-2024,22950,PE,0,0,0,1372.4,1114.25,0,0,0,0,05-FEB-2024,
OPTIDX,NIFTY,22-Feb-2024,23000,PE,0,0,0,1417.7,1162.6,0,0,0,0,05-FEB-2024,
OPTIDX,NIFTY,22-Feb-2024,23050,PE,0,0,0,1463.35,1211.2,0,0,0,0,05-FEB-2024,
OPTIDX,NIFTY,22-Feb-2024,23100,PE,0,0,0,1509.35,1260.05,0,0,0,0,05-FEB-2024,
OPTIDX,NIFTY,22-Feb-2024,23150,PE,0,0,0,1555.65,1309.05,0,0,0,0,05-FEB-2024,
OPTIDX,NIFTY,22-Feb-2024,23200,PE,0,0,0,1602.25,1358.2,0,0,0,0,05-FEB-2024,
OPTIDX,NIFTY,22-Feb-2024,23250,PE,0,0,0,1649.15,1407.5,0,0,0,0,05-FEB-2024,
OPTIDX,NIFTY,22-Feb-2024,23300,PE,0,0,0,1696.25,1456.9,0,0,0,0,05-FEB-2024,
OPTIDX,NIFTY,22-Feb-2024,23350,PE,0,0,0,1743.65,1506.35,0,0,0,0,05-FEB-2024,
OPTIDX,NIFTY,22-Feb-2024,23400,PE,0,0,0,1791.2,1555.9,0,0,0,0,05-FEB-2024,
OPTIDX,NIFTY,22-Feb-2024,23450,PE,0,0,0,1839,1605.5,0,0,0,0,05-FEB-2024,
OPTIDX,NIFTY,22-Feb-2024,23500,PE,0,0,0,1886.95,1655.15,0,0,0,0,05-FEB-2024,
OPTIDX,NIFTY,22-Feb-2024,23550,PE,0,0,0,1935.05,1704.85,0,0,0,0,05-FEB-2024,
OPTIDX,NIFTY,22-Feb-2024,23600,PE,0,0,0,1983.35,1754.6,0,0,0,0,05-FEB-2024,
OPTIDX,NIFTY,29-Feb-2024,18650,CE,3296.7,3304.2,3296.7,3304.2,3204.3,2,21.95,33050,0,05-FEB-2024,
OPTIDX,NIFTY,29-Feb-2024,18700,CE,3300,3300,3050,3100,3100,27,294.34,73550,-500,05-FEB-2024,
OPTIDX,NIFTY,29-Feb-2024,18750,CE,0,0,0,3076,3104.75,0,0,1150,0,05-FEB-2024,
OPTIDX,NIFTY,29-Feb-2024,18800,CE,0,0,0,3170,3054.95,0,0,11350,0,05-FEB-2024,
OPTIDX,NIFTY,29-Feb-2024,18850,CE,0,0,0,1710.25,3005.2,0,0,0,0,05-FEB-2024,
OPTIDX,NIFTY,29-Feb-2024,18900,CE,0,0,0,3180,2955.4,0,0,2400,0,05-FEB-2024,
OPTIDX,NIFTY,29-Feb-2024,18950,CE,0,0,0,2410,2905.6,0,0,200,0,05-FEB-2024,
OPTIDX,NIFTY,29-Feb-2024,19000,CE,2900,3013.95,2701.1,2759,2759,270,2951.56,708200,-3550,05-FEB-2024,
OPTIDX,NIFTY,29-Feb-2024,19050,CE,0,0,0,2476.45,2806.05,0,0,100,0,05-FEB-2024,
OPTIDX,NIFTY,29-Feb-2024,19100,CE,0,0,0,2300.45,2756.3,0,0,2550,0,05-FEB-2024,
OPTIDX,NIFTY,29-Feb-2024,19150,CE,0,0,0,2340,2706.5,0,0,200,0,05-FEB-2024,
OPTIDX,NIFTY,29-Feb-2024,19200,CE,0,0,0,2772,2656.75,0,0,3950,0,05-FEB-2024,
OPTIDX,NIFTY,29-Feb-2024,19250,CE,0,0,0,2140,2606.95,0,0,150,0,05-FEB-2024,
OPTIDX,NIFTY,29-Feb-2024,19300,CE,2500,2500,2500,2500,2557.2,1,10.9,6250,-50,05-FEB-2024,
OPTIDX,NIFTY,29-Feb-2024,19350,CE,0,0,0,2359.65,2507.4,0,0,9150,0,05-FEB-2024,
OPTIDX,NIFTY,29-Feb-2024,19400,CE,2565,2583.6,2325,2385,2385,26,284.13,8700,-100,05-FEB-2024,
OPTIDX,NIFTY,29-Feb-2024,19450,CE,0,0,0,1231.75,2407.85,0,0,0,0,05-FEB-2024,
OPTIDX,NIFTY,29-Feb-2024,19500,CE,2500,2510,2270.3,2279.9,2279.9,145,1579.9,151550,5750,05-FEB-2024,
OPTIDX,NIFTY,29-Feb-2024,19550,CE,0,0,0,1159.6,2308.3,0,0,0,0,05-FEB-2024,
OPTIDX,NIFTY,29-Feb-2024,19600,CE,2305.9,2333.7,2167.7,2198.8,2198.8,22,240.33,14450,0,05-FEB-2024,
OPTIDX,NIFTY,29-Feb-2024,19650,CE,2142.3,2142.3,2142.3,2142.3,2208.8,1,10.89,250,50,05-FEB-2024,
OPTIDX,NIFTY,29-Feb-2024,19700,CE,2200.6,2310.75,2090,2090,2090,7,76.7,24150,-50,05-FEB-2024,
OPTIDX,NIFTY,29-Feb-2024,19750,CE,0,0,0,1020.15,2109.3,0,0,0,0,05-FEB-2024,
OPTIDX,NIFTY,29-Feb-2024,19800,CE,2160,2211.6,2002.35,2015.65,2059.55,26,285.16,13350,0,05-FEB-2024,
OPTIDX,NIFTY,29-Feb-2024,19850,CE,0,0,0,1615.5,2009.85,0,0,250,0,05-FEB-2024,
OPTIDX,NIFTY,29-Feb-2024,19900,CE,2000,2000,2000,2000,1960.15,1,10.95,10150,-50,05-FEB-2024,
OPTIDX,NIFTY,29-Feb-2024,19950,CE,0,0,0,1493.5,1910.45,0,0,1900,0,05-FEB-2024,
OPTIDX,NIFTY,29-Feb-2024,20000,CE,1968.05,2030,1775,1810.1,1810.1,387,4235.03,696950,-5200,05-FEB-2024,
OPTIDX,NIFTY,29-Feb-2024,20050,CE,0,0,0,1517.3,1811.2,0,0,50,0,05-FEB-2024,
OPTIDX,NIFTY,29-Feb-2024,20100,CE,1890,1890,1851.35,1863,1761.65,3,32.95,10250,50,05-FEB-2024,
OPTIDX,NIFTY,29-Feb-2024,20150,CE,0,0,0,1374.15,1712.1,0,0,150,0,05-FEB-2024,
OPTIDX,NIFTY,29-Feb-2024,20200,CE,1800,1800,1585,1610.7,1610.7,64,700.74,27350,-1100,05-FEB-2024,
OPTIDX,NIFTY,29-Feb-2024,20250,CE,0,0,0,1588.45,1613.25,0,0,450,0,05-FEB-2024,
OPTIDX,NIFTY,29-Feb-2024,20300,CE,1637.25,1706.25,1503.25,1503.25,1503.25,25,274.05,20700,-100,05-FEB-2024,
OPTIDX,NIFTY,29-Feb-2024,20350,CE,0,0,0,1136.75,1514.8,0,0,200,0,05-FEB-2024,
OPTIDX,NIFTY,29-Feb-2024,20400,CE,1540,1632.05,1413.45,1437.2,1437.2,7,76.76,42100,-300,05-FEB-2024,
OPTIDX,NIFTY,29-Feb-2024,20450,CE,0,0,0,1368,1416.85,0,0,950,0,05-FEB-2024,
OPTIDX,NIFTY,29-Feb-2024,20500,CE,1441,1540,1294.85,1315.85,1315.85,1333,14585.04,338500,-23800,05-FEB-2024,
OPTIDX,NIFTY,29-Feb-2024,20550,CE,0,0,0,1650.05,1319.6,0,0,800,0,05-FEB-2024,
OPTIDX,NIFTY,29-Feb-2024,20600,CE,1397.35,1397.35,1214.2,1224,1224,13,142.16,32800,-50,05-FEB-2024,
OPTIDX,NIFTY,29-Feb-2024,20650,CE,0,0,0,1330.9,1223.3,0,0,1500,0,05-FEB-2024,
OPTIDX,NIFTY,29-Feb-2024,20700,CE,1330,1335,1143.2,1146.6,1146.6,49,538.3,63800,100,05-FEB-2024,
OPTIDX,NIFTY,29-Feb-2024,20750,CE,1250,1250,1078.95,1095.75,1095.75,4,43.76,1800,0,05-FEB-2024,
OPTIDX,NIFTY,29-Feb-2024,20800,CE,1212.35,1265,1030,1048.25,1048.25,66,724.13,87400,-50,05-FEB-2024,
OPTIDX,NIFTY,29-Feb-2024,20850,CE,0,0,0,1260,1034.9,0,0,5050,0,05-FEB-2024,
OPTIDX,NIFTY,29-Feb-2024,20900,CE,1098.6,1153.75,951.1,965.95,965.95,34,373.1,101400,-750,05-FEB-2024,
OPTIDX,NIFTY,29-Feb-2024,20950,CE,0,0,0,1245.15,943.5,0,0,5400,0,05-FEB-2024,
OPTIDX,NIFTY,29-Feb-2024,21000,CE,1049.95,1096.6,860,881.15,881.15,4053,44541.3,655450,-22250,05-FEB-2024,
OPTIDX,NIFTY,29-Feb-2024,21050,CE,0,0,0,988.95,854.6,0,0,8300,0,05-FEB-2024,
OPTIDX,NIFTY,29-Feb-2024,21100,CE,911.05,998.55,782.3,799.35,799.35,222,2442.62,84050,-300,05-FEB-2024,
OPTIDX,NIFTY,29-Feb-2024,21150,CE,929.65,929.65,767.25,767.25,768.7,3,33.03,13900,50,05-FEB-2024,
OPTIDX,NIFTY,29-Feb-2024,21200,CE,840,922,698,717.3,717.3,362,3985.56,121100,-1550,05-FEB-2024,
OPTIDX,NIFTY,29-Feb-2024,21250,CE,796.45,849.75,796.45,849.75,686.2,5,55.17,18050,-50,05-FEB-2024,
OPTIDX,NIFTY,29-Feb-2024,21300,CE,745.15,840.75,625.7,642.35,642.35,800,8810.44,240650,-10850,05-FEB-2024,
OPTIDX,NIFTY,29-Feb-2024,21350,CE,703.05,767.2,590,599.25,599.25,15,165.22,19500,-300,05-FEB-2024,
OPTIDX,NIFTY,29-Feb-2024,21400,CE,665.9,762,550,571.6,571.6,3042,33520.16,221500,-43050,05-FEB-2024,
OPTIDX,NIFTY,29-Feb-2024,21450,CE,635,721,516,531.25,531.25,172,1893.39,28350,1950,05-FEB-2024,
OPTIDX,NIFTY,29-Feb-2024,21500,CE,601,687,480.5,500.9,500.9,16785,185198.9,1143800,-62250,05-FEB-2024,
OPTIDX,NIFTY,29-Feb-2024,21550,CE,558.05,641.4,449.4,467.15,467.15,524,5785.08,33600,3250,05-FEB-2024,
OPTIDX,NIFTY,29-Feb-2024,21600,CE,541.8,614,419.65,438.6,438.6,9670,106837.34,422600,-66850,05-FEB-2024,
OPTIDX,NIFTY,29-Feb-2024,21650,CE,503.95,574.65,388.8,406.3,406.3,1981,21884.52,70950,3850,05-FEB-2024,
OPTIDX,NIFTY,29-Feb-2024,21700,CE,650,650,360.8,378.9,378.9,18905,209225.55,681850,-21850,05-FEB-2024,
OPTIDX,NIFTY,29-Feb-2024,21750,CE,499.95,506,332.9,351.35,351.35,7347,81237.05,69400,13100,05-FEB-2024,
OPTIDX,NIFTY,29-Feb-2024,21800,CE,402,478.3,306.95,325.25,325.25,39769,441057.43,1142600,-51100,05-FEB-2024,
OPTIDX,NIFTY,29-Feb-2024,21850,CE,382.2,444.55,281.8,298.25,298.25,7909,87845.44,93350,18150,05-FEB-2024,
OPTIDX,NIFTY,29-Feb-2024,21900,CE,350,415,258.15,273.45,273.45,55302,614896.67,691050,-48850,05-FEB-2024,
OPTIDX,NIFTY,29-Feb-2024,21950,CE,325.7,385,235.25,251.15,251.15,7945,88439.25,59350,-1300,05-FEB-2024,
OPTIDX,NIFTY,29-Feb-2024,22000,CE,300.05,356.75,213.8,229.1,229.1,112179,1250009.25,2352250,-128700,05-FEB-2024,
OPTIDX,NIFTY,29-Feb-2024,22050,CE,270.9,330,194.15,208.75,208.75,5391,60134.76,69300,5100,05-FEB-2024,
OPTIDX,NIFTY,29-Feb-2024,22100,CE,260,304.3,175.9,186.4,186.4,25017,279373.22,436150,57750,05-FEB-2024,
OPTIDX,NIFTY,29-Feb-2024,22150,CE,221.95,278.8,159.2,169.5,169.5,6444,72027.47,63900,9200,05-FEB-2024,
OPTIDX,NIFTY,29-Feb-2024,22200,CE,216.3,257.45,142.6,152.9,152.9,56079,627858.45,785000,-98900,05-FEB-2024,
OPTIDX,NIFTY,29-Feb-2024,22250,CE,181.15,235.1,128.7,138.15,138.15,6223,69784.53,83200,-550,05-FEB-2024,
OPTIDX,NIFTY,29-Feb-2024,22300,CE,179.9,214.2,114.95,124.25,124.25,18690,209855.28,391150,4100,05-FEB-2024,
OPTIDX,NIFTY,29-Feb-2024,22350,CE,154.1,194.5,102.9,113.25,113.25,3607,40557.42,68450,13450,05-FEB-2024,
OPTIDX,NIFTY,29-Feb-2024,22400,CE,137.6,176.65,92,99.85,99.85,19883,223961.24,404600,42200,05-FEB-2024,
OPTIDX,NIFTY,29-Feb-2024,22450,CE,122.5,160.4,82.6,88.3,88.3,4268,48149.12,71600,4400,05-FEB-2024,
OPTIDX,NIFTY,29-Feb-2024,22500,CE,113.25,146,73.95,80.65,80.65,67959,768112.24,1973200,-238050,05-FEB-2024,
OPTIDX,NIFTY,29-Feb-2024,22550,CE,97.55,130,65.35,70.55,70.55,4306,48746.37,56150,-800,05-FEB-2024,
OPTIDX,NIFTY,29-Feb-2024,22600,CE,83.5,116.2,57.8,62.5,62.5,16086,182435.68,560900,19450,05-FEB-2024,
OPTIDX,NIFTY,29-Feb-2024,22650,CE,73.95,104.7,51.75,55.8,55.8,2907,33021.75,57250,3500,05-FEB-2024,
OPTIDX,NIFTY,29-Feb-2024,22700,CE,66.35,92.75,45.55,49.4,49.4,22491,255991.83,588850,51700,05-FEB-2024,
OPTIDX,NIFTY,29-Feb-2024,22750,CE,62.35,83.65,40.9,44.4,44.4,6526,74428.86,60400,-46250,05-FEB-2024,
OPTIDX,NIFTY,29-Feb-2024,22800,CE,54,74.3,36.2,39.6,39.6,21343,243855.87,554700,-13950,05-FEB-2024,
OPTIDX,NIFTY,29-Feb-2024,22850,CE,46.3,65.8,32.5,35.4,35.4,4721,54043.35,73050,3600,05-FEB-2024,
OPTIDX,NIFTY,29-Feb-2024,22900,CE,41.65,59.5,29.3,31.85,31.85,13396,153662.23,347500,40800,05-FEB-2024,
OPTIDX,NIFTY,29-Feb-2024,22950,CE,37.05,53.2,26.35,28.85,28.85,4274,49121.29,89900,5950,05-FEB-2024,
OPTIDX,NIFTY,29-Feb-2024,23000,CE,36,48.5,24.1,26.95,26.95,58753,676697.2,4260350,180450,05-FEB-2024,
OPTIDX,NIFTY,29-Feb-2024,23050,CE,31,42.05,21.15,23,23,4038,46595.75,94350,10450,05-FEB-2024,
OPTIDX,NIFTY,29-Feb-2024,23100,CE,25.2,36.75,17.75,19.65,19.65,13645,157771.65,506550,114300,05-FEB-2024,
OPTIDX,NIFTY,29-Feb-2024,23150,CE,23.6,32.4,15.9,17.05,17.05,2565,29719.13,36500,8050,05-FEB-2024,
OPTIDX,NIFTY,29-Feb-2024,23200,CE,20.65,28.25,13.55,15.15,15.15,15393,178703.77,738050,108850,05-FEB-2024,
OPTIDX,NIFTY,29-Feb-2024,23250,CE,18.15,25,12.55,13.95,13.95,2270,26408.73,50100,1850,05-FEB-2024,
OPTIDX,NIFTY,29-Feb-2024,23300,CE,15,22,11,12.4,12.4,14879,173451.79,589850,-87650,05-FEB-2024,
OPTIDX,NIFTY,29-Feb-2024,23350,CE,14.25,19.3,9.7,10.85,10.85,2679,31294.53,85000,45050,05-FEB-2024,
OPTIDX,NIFTY,29-Feb-2024,23400,CE,12.55,17.25,7.15,10.2,10.2,7751,90731.72,262050,38350,05-FEB-2024,
OPTIDX,NIFTY,29-Feb-2024,23450,CE,10.75,15,8.15,9.35,9.35,2413,28306.49,101400,250,05-FEB-2024,
OPTIDX,NIFTY,29-Feb-2024,23500,CE,11.6,14.55,8.45,9.7,9.7,15186,178518.27,917900,57300,05-FEB-2024,
OPTIDX,NIFTY,29-Feb-2024,23550,CE,9.7,11.65,6.8,7.8,7.8,1343,15820,154500,-1700,05-FEB-2024,
OPTIDX,NIFTY,29-Feb-2024,23600,CE,8.35,10.9,6.65,7.5,7.5,3896,45989.4,171100,-4000,05-FEB-2024,
OPTIDX,NIFTY,29-Feb-2024,23650,CE,7.8,10.4,6.15,7,7,1309,15484.26,21850,1500,05-FEB-2024,
OPTIDX,NIFTY,29-Feb-2024,23700,CE,6.9,8.7,5.5,6.6,6.6,2607,30902.26,261100,-250,05-FEB-2024,
OPTIDX,NIFTY,29-Feb-2024,23750,CE,7,8.5,4.6,6.9,6.9,541,6426.27,27100,-1300,05-FEB-2024,
OPTIDX,NIFTY,29-Feb-2024,23800,CE,6.55,7.35,5.1,5.95,5.95,5557,66145.53,321450,-12800,05-FEB-2024,
OPTIDX,NIFTY,29-Feb-2024,23850,CE,5.9,7.35,5.2,6.3,6.3,3743,44647.56,189300,71750,05-FEB-2024,
OPTIDX,NIFTY,29-Feb-2024,18650,PE,4.2,4.8,3.6,4.35,4.35,276,2574.29,46500,3600,05-FEB-2024,
OPTIDX,NIFTY,29-Feb-2024,18700,PE,4.1,4.6,3.25,4.35,4.35,1044,9763.56,52000,-150,05-FEB-2024,
OPTIDX,NIFTY,29-Feb-2024,18750,PE,0,0,0,77,0.05,0,0,0,0,05-FEB-2024,
OPTIDX,NIFTY,29-Feb-2024,18800,PE,4.6,5.1,4.1,4.8,4.8,25,235.05,5700,-500,05-FEB-2024,
OPTIDX,NIFTY,29-Feb-2024,18850,PE,0,0,0,89.45,0.05,0,0,0,0,05-FEB-2024,
OPTIDX,NIFTY,29-Feb-2024,18900,PE,0,0,0,3.1,0.05,0,0,1250,0,05-FEB-2024,
OPTIDX,NIFTY,29-Feb-2024,18950,PE,0,0,0,103.4,0.05,0,0,0,0,05-FEB-2024,
OPTIDX,NIFTY,29-Feb-2024,19000,PE,4.95,5.5,4.5,4.9,4.9,1618,15374.93,970100,6350,05-FEB-2024,
OPTIDX,NIFTY,29-Feb-2024,19050,PE,0,0,0,119.05,0.05,0,0,0,0,05-FEB-2024,
OPTIDX,NIFTY,29-Feb-2024,19100,PE,0,0,0,127.5,0.05,0,0,0,0,05-FEB-2024,
OPTIDX,NIFTY,29-Feb-2024,19150,PE,0,0,0,136.4,0.05,0,0,0,0,05-FEB-2024,
OPTIDX,NIFTY,29-Feb-2024,19200,PE,5.1,5.35,4.4,5.1,5.1,190,1824.47,18500,350,05-FEB-2024,
OPTIDX,NIFTY,29-Feb-2024,19250,PE,3.05,5.45,3.05,5.35,5.35,10,96.27,1500,-400,05-FEB-2024,
OPTIDX,NIFTY,29-Feb-2024,19300,PE,5.8,6.15,5.2,5.9,5.9,129,1245.21,62600,-400,05-FEB-2024,
OPTIDX,NIFTY,29-Feb-2024,19350,PE,0,0,0,5.65,0.05,0,0,4400,0,05-FEB-2024,
OPTIDX,NIFTY,29-Feb-2024,19400,PE,5.75,7,4,5.65,5.65,532,5161.84,45950,1400,05-FEB-2024,
OPTIDX,NIFTY,29-Feb-2024,19450,PE,6.6,7.6,5.6,6.25,6.25,54,525.32,5750,-850,05-FEB-2024,
OPTIDX,NIFTY,29-Feb-2024,19500,PE,7,7.45,5.6,6.8,6.8,4883,47624.62,855550,38550,05-FEB-2024,
OPTIDX,NIFTY,29-Feb-2024,19550,PE,7.25,7.45,5.4,6.95,6.95,72,704.03,8400,0,05-FEB-2024,
OPTIDX,NIFTY,29-Feb-2024,19600,PE,6.1,8.75,5.85,7.25,7.25,1373,13460.26,85750,3650,05-FEB-2024,
OPTIDX,NIFTY,29-Feb-2024,19650,PE,8,8.4,5.1,7.75,7.75,239,2349.05,20200,-650,05-FEB-2024,
OPTIDX,NIFTY,29-Feb-2024,19700,PE,7.7,8.75,6.5,7.9,7.9,3243,31955.73,183900,22150,05-FEB-2024,
OPTIDX,NIFTY,29-Feb-2024,19750,PE,8.95,18.85,7.4,9.3,9.3,393,3882.59,9250,-5650,05-FEB-2024,
OPTIDX,NIFTY,29-Feb-2024,19800,PE,9.15,10.65,7.9,9.7,9.7,5710,56554.85,285700,-6600,05-FEB-2024,
OPTIDX,NIFTY,29-Feb-2024,19850,PE,10.85,12.05,8.8,10.9,10.9,551,5471.47,13500,4450,05-FEB-2024,
OPTIDX,NIFTY,29-Feb-2024,19900,PE,10.7,13.2,9.6,12.3,12.3,4453,44332.3,191600,17550,05-FEB-2024,
OPTIDX,NIFTY,29-Feb-2024,19950,PE,12.8,14.2,10.35,13.1,13.1,652,6507.66,43150,300,05-FEB-2024,
OPTIDX,NIFTY,29-Feb-2024,20000,PE,13.1,16.75,12.1,15.25,15.25,15605,156159.99,2199950,110350,05-FEB-2024,
OPTIDX,NIFTY,29-Feb-2024,20050,PE,15.15,17.2,12.15,15.6,15.6,483,4845.52,19150,0,05-FEB-2024,
OPTIDX,NIFTY,29-Feb-2024,20100,PE,16.2,18.6,13.1,16.9,16.9,2600,26151.21,185750,-3400,05-FEB-2024,
OPTIDX,NIFTY,29-Feb-2024,20150,PE,17.45,20.65,14.1,18.3,18.3,322,3246.82,11100,3350,05-FEB-2024,
OPTIDX,NIFTY,29-Feb-2024,20200,PE,18,22.25,14.9,19.35,19.35,5960,60249.37,557350,25200,05-FEB-2024,
OPTIDX,NIFTY,29-Feb-2024,20250,PE,20,24.75,16.6,21.6,21.6,1395,14138.26,29100,8750,05-FEB-2024,
OPTIDX,NIFTY,29-Feb-2024,20300,PE,20.3,26.95,17.7,23.4,23.4,12781,129865.59,894600,39550,05-FEB-2024,
OPTIDX,NIFTY,29-Feb-2024,20350,PE,24.6,30.15,19.9,26.75,26.75,1150,11715.01,17250,-10250,05-FEB-2024,
OPTIDX,NIFTY,29-Feb-2024,20400,PE,24.45,33.65,21.9,29.15,29.15,11783,120341.14,738750,-650,05-FEB-2024,
OPTIDX,NIFTY,29-Feb-2024,20450,PE,26.3,37.05,24.55,32.15,32.15,1877,19221,52150,3650,05-FEB-2024,
OPTIDX,NIFTY,29-Feb-2024,20500,PE,30,42,27.4,36.15,36.15,45697,469157.22,2812250,145500,05-FEB-2024,
OPTIDX,NIFTY,29-Feb-2024,20550,PE,35.3,43.65,29.45,38.6,38.6,1367,14071.06,45200,700,05-FEB-2024,
OPTIDX,NIFTY,29-Feb-2024,20600,PE,37.45,48.5,31.95,42.35,42.35,6720,69347.43,547150,7600,05-FEB-2024,
OPTIDX,NIFTY,29-Feb-2024,20650,PE,42.15,52.95,35,46.85,46.85,2453,25380.88,77100,9000,05-FEB-2024,
OPTIDX,NIFTY,29-Feb-2024,20700,PE,43,57.4,37.65,50.6,50.6,10715,111150.36,533900,48100,05-FEB-2024,
OPTIDX,NIFTY,29-Feb-2024,20750,PE,49.85,62.8,41.4,56.85,56.85,1822,18951.3,49600,8250,05-FEB-2024,
OPTIDX,NIFTY,29-Feb-2024,20800,PE,53.05,68.25,44.6,60.05,60.05,16693,174065.55,782300,45550,05-FEB-2024,
OPTIDX,NIFTY,29-Feb-2024,20850,PE,63.95,74.65,49.5,66.5,66.5,2816,29442.74,52350,8100,05-FEB-2024,
OPTIDX,NIFTY,29-Feb-2024,20900,PE,60.55,81.65,54.05,72.85,72.85,12843,134630.62,511550,13350,05-FEB-2024,
OPTIDX,NIFTY,29-Feb-2024,20950,PE,73.35,88.85,59.4,80.85,80.85,1984,20853.21,50550,1300,05-FEB-2024,
OPTIDX,NIFTY,29-Feb-2024,21000,PE,70,98,64.95,87.75,87.75,71200,750396.6,3422600,9250,05-FEB-2024,
OPTIDX,NIFTY,29-Feb-2024,21050,PE,80.35,105.65,69.9,95.35,95.35,1722,18197.78,39400,700,05-FEB-2024,
OPTIDX,NIFTY,29-Feb-2024,21100,PE,76,114.4,75.4,103.4,103.4,11973,126867.34,375250,38500,05-FEB-2024,
OPTIDX,NIFTY,29-Feb-2024,21150,PE,101.1,124.45,83,113.75,113.75,2073,22029.32,38450,9500,05-FEB-2024,
OPTIDX,NIFTY,29-Feb-2024,21200,PE,99.55,134.9,89.3,122.5,122.5,19994,213020.56,952850,18600,05-FEB-2024,
OPTIDX,NIFTY,29-Feb-2024,21250,PE,107.95,146.95,97.45,135,135,2341,25015.74,121550,5000,05-FEB-2024,
OPTIDX,NIFTY,29-Feb-2024,21300,PE,129.35,160,105.8,145.75,145.75,18377,196908.34,1155600,30200,05-FEB-2024,
OPTIDX,NIFTY,29-Feb-2024,21350,PE,125.25,172.35,115.55,158.45,158.45,1133,12173.26,81600,2250,05-FEB-2024,
OPTIDX,NIFTY,29-Feb-2024,21400,PE,136.35,186.6,124.95,172.1,172.1,17334,186787.96,598100,-35600,05-FEB-2024,
OPTIDX,NIFTY,29-Feb-2024,21450,PE,151.45,202.65,135.05,190.85,190.85,3659,39555.66,89200,9000,05-FEB-2024,
OPTIDX,NIFTY,29-Feb-2024,21500,PE,141.05,220.05,141.05,203.55,203.55,82801,897590.87,2511450,-174000,05-FEB-2024,
OPTIDX,NIFTY,29-Feb-2024,21550,PE,174.75,235.4,145,221.25,221.25,3881,42199.64,53000,-14750,05-FEB-2024,
OPTIDX,NIFTY,29-Feb-2024,21600,PE,175,256.9,172.4,239.65,239.65,29449,321166.77,959900,36750,05-FEB-2024,
OPTIDX,NIFTY,29-Feb-2024,21650,PE,206.5,275.8,187,257.8,257.8,4840,52950.82,91000,-2450,05-FEB-2024,
OPTIDX,NIFTY,29-Feb-2024,21700,PE,230.95,298.75,201,277.95,277.95,38283,420123.03,1087000,4200,05-FEB-2024,
OPTIDX,NIFTY,29-Feb-2024,21750,PE,258.95,320,216.5,299.65,299.65,7146,78669.33,126150,23750,05-FEB-2024,
OPTIDX,NIFTY,29-Feb-2024,21800,PE,241,343.9,233.4,322,322,57737,637625.98,1018500,-24800,05-FEB-2024,
OPTIDX,NIFTY,29-Feb-2024,21850,PE,284,368.4,252,347.8,347.8,8881,98385.6,102800,15950,05-FEB-2024,
OPTIDX,NIFTY,29-Feb-2024,21900,PE,297.3,395.85,270.3,373.3,373.3,70542,783748.24,685600,-120150,05-FEB-2024,
OPTIDX,NIFTY,29-Feb-2024,21950,PE,336.55,423,289.6,400.05,400.05,8254,92010.35,57400,5550,05-FEB-2024,
OPTIDX,NIFTY,29-Feb-2024,22000,PE,360,450,310,425.5,425.5,95737,1070960.75,1976700,-252250,05-FEB-2024,
OPTIDX,NIFTY,29-Feb-2024,22050,PE,388,481.25,333,457.3,457.3,3331,37393.87,29250,-5700,05-FEB-2024,
OPTIDX,NIFTY,29-Feb-2024,22100,PE,416.15,511.65,356.45,486.15,486.15,11036,124252.62,116900,-44200,05-FEB-2024,
OPTIDX,NIFTY,29-Feb-2024,22150,PE,443.45,545.25,383.2,517,517,2412,27256.41,32100,-3650,05-FEB-2024,
OPTIDX,NIFTY,29-Feb-2024,22200,PE,445,575.3,407,550.4,550.4,28767,326491.99,345400,-209800,05-FEB-2024,
OPTIDX,NIFTY,29-Feb-2024,22250,PE,502.95,613.85,440,590.1,590.1,1046,11912.9,36900,-3500,05-FEB-2024,
OPTIDX,NIFTY,29-Feb-2024,22300,PE,544.95,650.3,466.45,620.8,620.8,3517,40184.78,98150,-4600,05-FEB-2024,
OPTIDX,NIFTY,29-Feb-2024,22350,PE,578.95,669.4,509.85,657,657,164,1879.99,24850,-450,05-FEB-2024,
OPTIDX,NIFTY,29-Feb-2024,22400,PE,610.9,728.05,530,694.5,694.5,5626,64767.34,110600,-1500,05-FEB-2024,
OPTIDX,NIFTY,29-Feb-2024,22450,PE,641.25,739.5,564,739.5,661.9,92,1059.74,19550,250,05-FEB-2024,
OPTIDX,NIFTY,29-Feb-2024,22500,PE,686.95,802.45,596.4,776.05,776.05,10199,118232.7,576250,650,05-FEB-2024,
OPTIDX,NIFTY,29-Feb-2024,22550,PE,0,0,0,683.7,743.1,0,0,10450,0,05-FEB-2024,
OPTIDX,NIFTY,29-Feb-2024,22600,PE,750,887,670,871.55,871.55,83,968.32,13450,150,05-FEB-2024,
OPTIDX,NIFTY,29-Feb-2024,22650,PE,0,0,0,743.9,827.75,0,0,4500,0,05-FEB-2024,
OPTIDX,NIFTY,29-Feb-2024,22700,PE,812,964.85,750,936.5,936.5,194,2278.47,18250,1200,05-FEB-2024,
OPTIDX,NIFTY,29-Feb-2024,22750,PE,0,0,0,799.15,915.35,0,0,7600,0,05-FEB-2024,
OPTIDX,NIFTY,29-Feb-2024,22800,PE,890,1052,830,1052,960.15,13,154.23,5900,-250,05-FEB-2024,
OPTIDX,NIFTY,29-Feb-2024,22850,PE,0,0,0,918.5,1005.5,0,0,3350,0,05-FEB-2024,
OPTIDX,NIFTY,29-Feb-2024,22900,PE,1013.9,1145,930.55,1125.6,1125.6,53,633.27,6300,-550,05-FEB-2024,
OPTIDX,NIFTY,29-Feb-2024,22950,PE,0,0,0,987.1,1097.7,0,0,1300,0,05-FEB-2024,
OPTIDX,NIFTY,29-Feb-2024,23000,PE,1100,1245.5,1000,1216.65,1216.65,1384,16676.56,695550,7600,05-FEB-2024,
OPTIDX,NIFTY,29-Feb-2024,23050,PE,0,0,0,931.7,1191.6,0,0,1050,0,05-FEB-2024,
OPTIDX,NIFTY,29-Feb-2024,23100,PE,1204.3,1323.85,1204.3,1323.85,1323.85,4,48.72,3450,50,05-FEB-2024,
OPTIDX,NIFTY,29-Feb-2024,23150,PE,1175,1190,1175,1190,1286.9,4,48.66,350,100,05-FEB-2024,
OPTIDX,NIFTY,29-Feb-2024,23200,PE,1285.35,1285.4,1198.4,1198.4,1334.95,13,158.94,5150,-150,05-FEB-2024,
OPTIDX,NIFTY,29-Feb-2024,23250,PE,0,0,0,1629.8,1383.25,0,0,300,0,05-FEB-2024,
OPTIDX,NIFTY,29-Feb-2024,23300,PE,0,0,0,1300,1431.75,0,0,4400,0,05-FEB-2024,
OPTIDX,NIFTY,29-Feb-2024,23350,PE,0,0,0,1496.75,1480.45,0,0,200,0,05-FEB-2024,
OPTIDX,NIFTY,29-Feb-2024,23400,PE,1443.45,1503.7,1410.7,1503.7,1529.3,8,99.33,2250,200,05-FEB-2024,
OPTIDX,NIFTY,29-Feb-2024,23450,PE,0,0,0,2407.4,1578.3,0,0,0,0,05-FEB-2024,
OPTIDX,NIFTY,29-Feb-2024,23500,PE,1579.45,1727.15,1470.55,1697.15,1697.15,304,3816.3,94750,5950,05-FEB-2024,
OPTIDX,NIFTY,29-Feb-2024,23550,PE,0,0,0,2500.05,1676.65,0,0,0,0,05-FEB-2024,
OPTIDX,NIFTY,29-Feb-2024,23600,PE,1678.2,1678.2,1612.85,1637.7,1725.95,3,37.86,950,150,05-FEB-2024,
OPTIDX,NIFTY,29-Feb-2024,23650,PE,1624.15,1624.15,1624.15,1624.15,1775.35,1,12.63,800,50,05-FEB-2024,
OPTIDX,NIFTY,29-Feb-2024,23700,PE,1780.95,1879.2,1685.3,1879.2,1824.8,6,76.45,2550,100,05-FEB-2024,
OPTIDX,NIFTY,29-Feb-2024,23750,PE,1785.95,1943.95,1727.9,1928.45,1928.45,7,89.53,1000,350,05-FEB-2024,
OPTIDX,NIFTY,29-Feb-2024,23800,PE,0,0,0,1814.2,1923.85,0,0,1950,0,05-FEB-2024,
OPTIDX,NIFTY,29-Feb-2024,23850,PE,1936.85,2030.95,1828.9,2030.95,2030.95,15,193.05,1900,150,05-FEB-2024,
OPTIDX,NIFTY,07-Mar-2024,19950,CE,0,0,0,1897.15,1937.05,0,0,0,0,05-FEB-2024,
OPTIDX,NIFTY,07-Mar-2024,20000,CE,0,0,0,1848.95,1887.65,0,0,0,0,05-FEB-2024,
OPTIDX,NIFTY,07-Mar-2024,20050,CE,0,0,0,1800.9,1838.35,0,0,0,0,05-FEB-2024,
OPTIDX,NIFTY,07-Mar-2024,20100,CE,0,0,0,1753.05,1789.05,0,0,0,0,05-FEB-2024,
OPTIDX,NIFTY,07-Mar-2024,20150,CE,0,0,0,1705.45,1739.9,0,0,0,0,05-FEB-2024,
OPTIDX,NIFTY,07-Mar-2024,20200,CE,0,0,0,1658.1,1690.85,0,0,0,0,05-FEB-2024,
OPTIDX,NIFTY,07-Mar-2024,20250,CE,0,0,0,1611,1641.9,0,0,0,0,05-FEB-2024,
OPTIDX,NIFTY,07-Mar-2024,20300,CE,0,0,0,1564.15,1593.1,0,0,0,0,05-FEB-2024,
OPTIDX,NIFTY,07-Mar-2024,20350,CE,0,0,0,1517.65,1544.5,0,0,0,0,05-FEB-2024,
OPTIDX,NIFTY,07-Mar-2024,20400,CE,0,0,0,1471.5,1496.05,0,0,0,0,05-FEB-2024,
OPTIDX,NIFTY,07-Mar-2024,20450,CE,0,0,0,1425.7,1447.8,0,0,0,0,05-FEB-2024,
OPTIDX,NIFTY,07-Mar-2024,20500,CE,0,0,0,1380.3,1399.8,0,0,0,0,05-FEB-2024,
OPTIDX,NIFTY,07-Mar-2024,20550,CE,0,0,0,1335.3,1352.1,0,0,0,0,05-FEB-2024,
OPTIDX,NIFTY,07-Mar-2024,20600,CE,0,0,0,1290.75,1304.65,0,0,0,0,05-FEB-2024,
OPTIDX,NIFTY,07-Mar-2024,20650,CE,0,0,0,1246.7,1257.55,0,0,0,0,05-FEB-2024,
OPTIDX,NIFTY,07-Mar-2024,20700,CE,0,0,0,1203.15,1210.85,0,0,0,0,05-FEB-2024,
OPTIDX,NIFTY,07-Mar-2024,20750,CE,0,0,0,1160.1,1164.55,0,0,0,0,05-FEB-2024,
OPTIDX,NIFTY,07-Mar-2024,20800,CE,0,0,0,1117.65,1118.7,0,0,0,0,05-FEB-2024,
OPTIDX,NIFTY,07-Mar-2024,20850,CE,0,0,0,1075.8,1073.35,0,0,0,0,05-FEB-2024,
OPTIDX,NIFTY,07-Mar-2024,20900,CE,0,0,0,1034.55,1028.55,0,0,0,0,05-FEB-2024,
OPTIDX,NIFTY,07-Mar-2024,20950,CE,0,0,0,994,984.35,0,0,0,0,05-FEB-2024,
OPTIDX,NIFTY,07-Mar-2024,21000,CE,0,0,0,954.1,940.8,0,0,0,0,05-FEB-2024,
OPTIDX,NIFTY,07-Mar-2024,21050,CE,914.9,914.9,914.9,914.9,897.9,2,21.96,0,0,05-FEB-2024,
OPTIDX,NIFTY,07-Mar-2024,21100,CE,0,0,0,876.45,855.75,0,0,0,0,05-FEB-2024,
OPTIDX,NIFTY,07-Mar-2024,21150,CE,0,0,0,838.8,814.35,0,0,0,0,05-FEB-2024,
OPTIDX,NIFTY,07-Mar-2024,21200,CE,0,0,0,802.7,773.8,0,0,0,0,05-FEB-2024,
OPTIDX,NIFTY,07-Mar-2024,21250,CE,0,0,0,765.75,734.15,0,0,0,0,05-FEB-2024,
OPTIDX,NIFTY,07-Mar-2024,21300,CE,0,0,0,730.55,695.4,0,0,0,0,05-FEB-2024,
OPTIDX,NIFTY,07-Mar-2024,21350,CE,0,0,0,696.25,657.65,0,0,0,0,05-FEB-2024,
OPTIDX,NIFTY,07-Mar-2024,21400,CE,0,0,0,662.8,620.9,0,0,0,0,05-FEB-2024,
OPTIDX,NIFTY,07-Mar-2024,21450,CE,0,0,0,630.3,585.2,0,0,0,0,05-FEB-2024,
OPTIDX,NIFTY,07-Mar-2024,21500,CE,614.5,615.2,614.5,615.2,550.6,2,22.11,100,100,05-FEB-2024,
OPTIDX,NIFTY,07-Mar-2024,21550,CE,0,0,0,568.05,517.1,0,0,0,0,05-FEB-2024,
OPTIDX,NIFTY,07-Mar-2024,21600,CE,603.1,606.1,603.1,606.1,484.75,2,22.2,100,100,05-FEB-2024,
OPTIDX,NIFTY,07-Mar-2024,21650,CE,0,0,0,509.55,453.6,0,0,0,0,05-FEB-2024,
OPTIDX,NIFTY,07-Mar-2024,21700,CE,448.35,448.35,448.35,448.35,423.65,1,11.07,50,50,05-FEB-2024,
OPTIDX,NIFTY,07-Mar-2024,21750,CE,418.2,418.2,418.2,418.2,418.2,1,11.08,50,50,05-FEB-2024,
OPTIDX,NIFTY,07-Mar-2024,21800,CE,511.75,534.8,390,390,390,23,256.29,1200,650,05-FEB-2024,
OPTIDX,NIFTY,07-Mar-2024,21850,CE,0,0,0,404.15,341.1,0,0,0,0,05-FEB-2024,
OPTIDX,NIFTY,07-Mar-2024,21900,CE,407.35,460.85,328.35,335.35,335.35,326,3639.44,1550,1200,05-FEB-2024,
OPTIDX,NIFTY,07-Mar-2024,21950,CE,373.1,373.1,373.1,373.1,292.25,1,11.16,50,50,05-FEB-2024,
OPTIDX,NIFTY,07-Mar-2024,22000,CE,373,410.6,280,291.15,291.15,186,2078.11,3600,2500,05-FEB-2024,
OPTIDX,NIFTY,07-Mar-2024,22050,CE,279.05,279.05,279.05,279.05,279.05,1,11.16,50,50,05-FEB-2024,
OPTIDX,NIFTY,07-Mar-2024,22100,CE,241,241,241,241,228.2,10,111.7,500,500,05-FEB-2024,
OPTIDX,NIFTY,07-Mar-2024,22150,CE,0,0,0,275.1,209.25,0,0,0,0,05-FEB-2024,
OPTIDX,NIFTY,07-Mar-2024,22200,CE,266.2,307.45,198.85,209.35,209.35,60,674.18,750,750,05-FEB-2024,
OPTIDX,NIFTY,07-Mar-2024,22250,CE,202.5,202.5,188.05,195.3,195.3,2,22.44,50,50,05-FEB-2024,
OPTIDX,NIFTY,07-Mar-2024,22300,CE,204.6,251.15,164.45,164.45,164.45,62,698.11,1750,1700,05-FEB-2024,
OPTIDX,NIFTY,07-Mar-2024,22350,CE,0,0,0,207.45,144.65,0,0,0,0,05-FEB-2024,
OPTIDX,NIFTY,07-Mar-2024,22400,CE,186,209.25,145.3,147.6,147.6,25,282.13,500,500,05-FEB-2024,
OPTIDX,NIFTY,07-Mar-2024,22450,CE,0,0,0,178.7,118.7,0,0,0,0,05-FEB-2024,
OPTIDX,NIFTY,07-Mar-2024,22500,CE,158.3,179.7,110,115.55,115.55,195,2209.3,4650,4400,05-FEB-2024,
OPTIDX,NIFTY,07-Mar-2024,22550,CE,0,0,0,154.15,96.45,0,0,0,0,05-FEB-2024,
OPTIDX,NIFTY,07-Mar-2024,22600,CE,146.8,146.8,96,96,86.65,39,443.39,1250,1250,05-FEB-2024,
OPTIDX,NIFTY,07-Mar-2024,22650,CE,113.5,113.5,113.5,113.5,77.7,4,45.52,200,200,05-FEB-2024,
OPTIDX,NIFTY,07-Mar-2024,22700,CE,0,0,0,120.45,69.45,0,0,0,0,05-FEB-2024,
OPTIDX,NIFTY,07-Mar-2024,22750,CE,0,0,0,110.8,62,0,0,0,0,05-FEB-2024,
OPTIDX,NIFTY,07-Mar-2024,22800,CE,0,0,0,101.85,55.15,0,0,0,0,05-FEB-2024,
OPTIDX,NIFTY,07-Mar-2024,22850,CE,0,0,0,93.45,49,0,0,0,0,05-FEB-2024,
OPTIDX,NIFTY,07-Mar-2024,22900,CE,0,0,0,85.65,43.4,0,0,0,0,05-FEB-2024,
OPTIDX,NIFTY,07-Mar-2024,22950,CE,57.4,57.4,57.4,57.4,57.4,1,11.5,50,50,05-FEB-2024,
OPTIDX,NIFTY,07-Mar-2024,23000,CE,60,69.5,40,41.75,41.75,305,3516.28,5100,4400,05-FEB-2024,
OPTIDX,NIFTY,07-Mar-2024,23050,CE,0,0,0,65.35,29.7,0,0,0,0,05-FEB-2024,
OPTIDX,NIFTY,07-Mar-2024,23100,CE,0,0,0,59.55,26.05,0,0,0,0,05-FEB-2024,
OPTIDX,NIFTY,07-Mar-2024,23150,CE,0,0,0,54.2,22.8,0,0,0,0,05-FEB-2024,
OPTIDX,NIFTY,07-Mar-2024,23200,CE,0,0,0,49.25,19.9,0,0,0,0,05-FEB-2024,
OPTIDX,NIFTY,07-Mar-2024,23250,CE,0,0,0,44.65,17.35,0,0,0,0,05-FEB-2024,
OPTIDX,NIFTY,07-Mar-2024,23300,CE,0,0,0,40.5,15.05,0,0,0,0,05-FEB-2024,
OPTIDX,NIFTY,07-Mar-2024,23350,CE,0,0,0,36.65,13.05,0,0,0,0,05-FEB-2024,
OPTIDX,NIFTY,07-Mar-2024,23400,CE,20.25,20.25,20,20,11.3,6,70.26,250,250,05-FEB-2024,
OPTIDX,NIFTY,07-Mar-2024,23450,CE,17.8,17.8,17.8,17.8,17.8,1,11.73,50,50,05-FEB-2024,
OPTIDX,NIFTY,07-Mar-2024,23500,CE,36.5,36.5,16.8,17.7,17.7,837,9845.44,6800,6800,05-FEB-2024,
OPTIDX,NIFTY,07-Mar-2024,23550,CE,0,0,0,24.2,7.2,0,0,0,0,05-FEB-2024,
OPTIDX,NIFTY,07-Mar-2024,23600,CE,24.4,24.4,24.4,24.4,6.15,1,11.81,50,50,05-FEB-2024,
OPTIDX,NIFTY,07-Mar-2024,19950,PE,0,0,0,9.4,1.3,0,0,0,0,05-FEB-2024,
OPTIDX,NIFTY,07-Mar-2024,20000,PE,27,29.1,19,23.3,23.3,45,450.49,1450,1300,05-FEB-2024,
OPTIDX,NIFTY,07-Mar-2024,20050,PE,0,0,0,12.45,2,0,0,0,0,05-FEB-2024,
OPTIDX,NIFTY,07-Mar-2024,20100,PE,0,0,0,14.25,2.45,0,0,0,0,05-FEB-2024,
OPTIDX,NIFTY,07-Mar-2024,20150,PE,0,0,0,16.3,3,0,0,0,0,05-FEB-2024,
OPTIDX,NIFTY,07-Mar-2024,20200,PE,0,0,0,18.55,3.7,0,0,0,0,05-FEB-2024,
OPTIDX,NIFTY,07-Mar-2024,20250,PE,0,0,0,21.1,4.45,0,0,0,0,05-FEB-2024,
OPTIDX,NIFTY,07-Mar-2024,20300,PE,0,0,0,23.95,5.35,0,0,0,0,05-FEB-2024,
OPTIDX,NIFTY,07-Mar-2024,20350,PE,0,0,0,27.1,6.45,0,0,0,0,05-FEB-2024,
OPTIDX,NIFTY,07-Mar-2024,20400,PE,0,0,0,30.6,7.7,0,0,0,0,05-FEB-2024,
OPTIDX,NIFTY,07-Mar-2024,20450,PE,0,0,0,34.45,9.2,0,0,0,0,05-FEB-2024,
OPTIDX,NIFTY,07-Mar-2024,20500,PE,0,0,0,40,10.9,0,0,50,0,05-FEB-2024,
OPTIDX,NIFTY,07-Mar-2024,20550,PE,0,0,0,43.35,12.9,0,0,0,0,05-FEB-2024,
OPTIDX,NIFTY,07-Mar-2024,20600,PE,0,0,0,48.45,15.2,0,0,0,0,05-FEB-2024,
OPTIDX,NIFTY,07-Mar-2024,20650,PE,0,0,0,54,17.85,0,0,0,0,05-FEB-2024,
OPTIDX,NIFTY,07-Mar-2024,20700,PE,0,0,0,60.1,20.85,0,0,0,0,05-FEB-2024,
OPTIDX,NIFTY,07-Mar-2024,20750,PE,0,0,0,66.75,24.25,0,0,0,0,05-FEB-2024,
OPTIDX,NIFTY,07-Mar-2024,20800,PE,0,0,0,73.9,28.1,0,0,0,0,05-FEB-2024,
OPTIDX,NIFTY,07-Mar-2024,20850,PE,0,0,0,81.7,32.5,0,0,0,0,05-FEB-2024,
OPTIDX,NIFTY,07-Mar-2024,20900,PE,0,0,0,90.1,37.4,0,0,0,0,05-FEB-2024,
OPTIDX,NIFTY,07-Mar-2024,20950,PE,0,0,0,99.2,42.9,0,0,0,0,05-FEB-2024,
OPTIDX,NIFTY,07-Mar-2024,21000,PE,92.05,118.45,89,110.75,110.75,53,559.19,1700,1500,05-FEB-2024,
OPTIDX,NIFTY,07-Mar-2024,21050,PE,0,0,0,119.4,55.85,0,0,0,0,05-FEB-2024,
OPTIDX,NIFTY,07-Mar-2024,21100,PE,0,0,0,130.65,63.4,0,0,0,0,05-FEB-2024,
OPTIDX,NIFTY,07-Mar-2024,21150,PE,0,0,0,142.6,71.75,0,0,0,0,05-FEB-2024,
OPTIDX,NIFTY,07-Mar-2024,21200,PE,0,0,0,156.15,80.95,0,0,0,0,05-FEB-2024,
OPTIDX,NIFTY,07-Mar-2024,21250,PE,0,0,0,168.85,91,0,0,0,0,05-FEB-2024,
OPTIDX,NIFTY,07-Mar-2024,21300,PE,0,0,0,183.3,101.95,0,0,0,0,05-FEB-2024,
OPTIDX,NIFTY,07-Mar-2024,21350,PE,0,0,0,198.65,113.9,0,0,0,0,05-FEB-2024,
OPTIDX,NIFTY,07-Mar-2024,21400,PE,0,0,0,214.85,126.85,0,0,0,0,05-FEB-2024,
OPTIDX,NIFTY,07-Mar-2024,21450,PE,0,0,0,232,140.9,0,0,0,0,05-FEB-2024,
OPTIDX,NIFTY,07-Mar-2024,21500,PE,0,0,0,250.05,156,0,0,0,0,05-FEB-2024,
OPTIDX,NIFTY,07-Mar-2024,21550,PE,0,0,0,269.05,172.2,0,0,0,0,05-FEB-2024,
OPTIDX,NIFTY,07-Mar-2024,21600,PE,220,285.15,220,275.1,275.1,5,54.65,200,150,05-FEB-2024,
OPTIDX,NIFTY,07-Mar-2024,21650,PE,0,0,0,309.85,208.15,0,0,0,0,05-FEB-2024,
OPTIDX,NIFTY,07-Mar-2024,21700,PE,235,320.9,234.95,310.75,310.75,19,208.87,350,250,05-FEB-2024,
OPTIDX,NIFTY,07-Mar-2024,21750,PE,0,0,0,354.55,248.85,0,0,0,0,05-FEB-2024,
OPTIDX,NIFTY,07-Mar-2024,21800,PE,302.7,365.55,274.9,354.7,354.7,35,387.06,850,400,05-FEB-2024,
OPTIDX,NIFTY,07-Mar-2024,21850,PE,0,0,0,403.05,294.5,0,0,0,0,05-FEB-2024,
OPTIDX,NIFTY,07-Mar-2024,21900,PE,356.05,424.85,297.85,403.8,403.8,185,2057.51,1800,1450,05-FEB-2024,
OPTIDX,NIFTY,07-Mar-2024,21950,PE,0,0,0,455.5,345.1,0,0,0,0,05-FEB-2024,
OPTIDX,NIFTY,07-Mar-2024,22000,PE,392.7,465,348,442.75,442.75,68,761.52,1300,750,05-FEB-2024,
OPTIDX,NIFTY,07-Mar-2024,22050,PE,0,0,0,511.8,400.6,0,0,0,0,05-FEB-2024,
OPTIDX,NIFTY,07-Mar-2024,22100,PE,0,0,0,541.4,430.15,0,0,0,0,05-FEB-2024,
OPTIDX,NIFTY,07-Mar-2024,22150,PE,0,0,0,571.9,460.9,0,0,0,0,05-FEB-2024,
OPTIDX,NIFTY,07-Mar-2024,22200,PE,0,0,0,603.3,492.85,0,0,0,0,05-FEB-2024,
OPTIDX,NIFTY,07-Mar-2024,22250,PE,0,0,0,635.6,525.85,0,0,0,0,05-FEB-2024,
OPTIDX,NIFTY,07-Mar-2024,22300,PE,0,0,0,668.8,560,0,0,0,0,05-FEB-2024,
OPTIDX,NIFTY,07-Mar-2024,22350,PE,0,0,0,702.8,595.2,0,0,0,0,05-FEB-2024,
OPTIDX,NIFTY,07-Mar-2024,22400,PE,0,0,0,737.7,631.45,0,0,0,0,05-FEB-2024,
OPTIDX,NIFTY,07-Mar-2024,22450,PE,0,0,0,773.4,668.65,0,0,0,0,05-FEB-2024,
OPTIDX,NIFTY,07-Mar-2024,22500,PE,0,0,0,809.85,706.8,0,0,0,0,05-FEB-2024,
OPTIDX,NIFTY,07-Mar-2024,22550,PE,0,0,0,848.15,745.85,0,0,0,0,05-FEB-2024,
OPTIDX,NIFTY,07-Mar-2024,22600,PE,0,0,0,885.25,785.8,0,0,0,0,05-FEB-2024,
OPTIDX,NIFTY,07-Mar-2024,22650,PE,0,0,0,923.95,826.5,0,0,0,0,05-FEB-2024,
OPTIDX,NIFTY,07-Mar-2024,22700,PE,0,0,0,963.35,868,0,0,0,0,05-FEB-2024,
OPTIDX,NIFTY,07-Mar-2024,22750,PE,0,0,0,1003.35,910.25,0,0,0,0,05-FEB-2024,
OPTIDX,NIFTY,07-Mar-2024,22800,PE,0,0,0,1044.05,953.15,0,0,0,0,05-FEB-2024,
OPTIDX,NIFTY,07-Mar-2024,22850,PE,0,0,0,1085.3,996.65,0,0,0,0,05-FEB-2024,
OPTIDX,NIFTY,07-Mar-2024,22900,PE,0,0,0,1127.15,1040.8,0,0,0,0,05-FEB-2024,
OPTIDX,NIFTY,07-Mar-2024,22950,PE,0,0,0,1169.5,1085.45,0,0,0,0,05-FEB-2024,
OPTIDX,NIFTY,07-Mar-2024,23000,PE,0,0,0,1212.4,1130.6,0,0,0,0,05-FEB-2024,
OPTIDX,NIFTY,07-Mar-2024,23050,PE,0,0,0,1255.8,1176.25,0,0,0,0,05-FEB-2024,
OPTIDX,NIFTY,07-Mar-2024,23100,PE,0,0,0,1299.65,1222.3,0,0,0,0,05-FEB-2024,
OPTIDX,NIFTY,07-Mar-2024,23150,PE,0,0,0,1343.9,1268.8,0,0,0,0,05-FEB-2024,
OPTIDX,NIFTY,07-Mar-2024,23200,PE,0,0,0,1388.6,1315.6,0,0,0,0,05-FEB-2024,
OPTIDX,NIFTY,07-Mar-2024,23250,PE,0,0,0,1433.7,1362.75,0,0,0,0,05-FEB-2024,
OPTIDX,NIFTY,07-Mar-2024,23300,PE,0,0,0,1479.15,1410.2,0,0,0,0,05-FEB-2024,
OPTIDX,NIFTY,07-Mar-2024,23350,PE,0,0,0,1524.95,1457.9,0,0,0,0,05-FEB-2024,
OPTIDX,NIFTY,07-Mar-2024,23400,PE,0,0,0,1571.1,1505.85,0,0,0,0,05-FEB-2024,
OPTIDX,NIFTY,07-Mar-2024,23450,PE,0,0,0,1617.5,1554,0,0,0,0,05-FEB-2024,
OPTIDX,NIFTY,07-Mar-2024,23500,PE,0,0,0,1664.2,1602.35,0,0,0,0,05-FEB-2024,
OPTIDX,NIFTY,07-Mar-2024,23550,PE,0,0,0,1711.15,1650.85,0,0,0,0,05-FEB-2024,
OPTIDX,NIFTY,07-Mar-2024,23600,PE,0,0,0,1758.35,1699.55,0,0,0,0,05-FEB-2024,
OPTIDX,NIFTY,28-Mar-2024,14000,CE,7940,7940,7745.55,7810.25,7810.25,6,65.47,322150,50,05-FEB-2024,
OPTIDX,NIFTY,28-Mar-2024,15000,CE,0,0,0,6918.6,6915.25,0,0,25750,0,05-FEB-2024,
OPTIDX,NIFTY,28-Mar-2024,16000,CE,6025,6025,5850,5850,5924.8,2,21.93,41750,-100,05-FEB-2024,
OPTIDX,NIFTY,28-Mar-2024,17000,CE,4950.8,4950.8,4872.45,4879.8,4879.8,4,43.79,140550,50,05-FEB-2024,
OPTIDX,NIFTY,28-Mar-2024,18000,CE,3993.15,4100,3849.95,3879.5,3879.5,188,2067.34,636250,2800,05-FEB-2024,
OPTIDX,NIFTY,28-Mar-2024,19000,CE,3038.7,3135.85,2870.35,2911.7,2911.7,92,1014.2,468600,-300,05-FEB-2024,
OPTIDX,NIFTY,28-Mar-2024,19500,CE,2561.25,2620,2501.35,2501.35,2501.35,5,55.12,2050,150,05-FEB-2024,
OPTIDX,NIFTY,28-Mar-2024,19550,CE,0,0,0,2607.5,2410.9,0,0,0,0,05-FEB-2024,
OPTIDX,NIFTY,28-Mar-2024,19600,CE,0,0,0,2560.8,2361.75,0,0,0,0,05-FEB-2024,
OPTIDX,NIFTY,28-Mar-2024,19650,CE,0,0,0,2514.3,2312.65,0,0,0,0,05-FEB-2024,
OPTIDX,NIFTY,28-Mar-2024,19700,CE,0,0,0,2467.95,2263.65,0,0,0,0,05-FEB-2024,
OPTIDX,NIFTY,28-Mar-2024,19750,CE,0,0,0,2421.85,2214.7,0,0,0,0,05-FEB-2024,
OPTIDX,NIFTY,28-Mar-2024,19800,CE,0,0,0,1950,2165.85,0,0,950,0,05-FEB-2024,
OPTIDX,NIFTY,28-Mar-2024,19850,CE,0,0,0,2330.25,2117.1,0,0,0,0,05-FEB-2024,
OPTIDX,NIFTY,28-Mar-2024,19900,CE,0,0,0,2027.8,2068.45,0,0,200,0,05-FEB-2024,
OPTIDX,NIFTY,28-Mar-2024,19950,CE,0,0,0,2239.55,2019.95,0,0,0,0,05-FEB-2024,
OPTIDX,NIFTY,28-Mar-2024,20000,CE,2118.25,2184.9,1940,1964.4,1964.4,233,2572.21,461650,0,05-FEB-2024,
OPTIDX,NIFTY,28-Mar-2024,20050,CE,0,0,0,2149.85,1923.3,0,0,0,0,05-FEB-2024,
OPTIDX,NIFTY,28-Mar-2024,20100,CE,0,0,0,1954.55,1875.25,0,0,100,0,05-FEB-2024,
OPTIDX,NIFTY,28-Mar-2024,20150,CE,0,0,0,2061.25,1827.35,0,0,0,0,05-FEB-2024,
OPTIDX,NIFTY,28-Mar-2024,20200,CE,0,0,0,1993.8,1779.65,0,0,350,0,05-FEB-2024,
OPTIDX,NIFTY,28-Mar-2024,20250,CE,0,0,0,1355.8,1732.2,0,0,50,0,05-FEB-2024,
OPTIDX,NIFTY,28-Mar-2024,20300,CE,1798.9,1798.9,1776.55,1776.55,1684.95,4,44.17,500,100,05-FEB-2024,
OPTIDX,NIFTY,28-Mar-2024,20350,CE,0,0,0,1339.55,1638,0,0,400,0,05-FEB-2024,
OPTIDX,NIFTY,28-Mar-2024,20400,CE,1712.1,1712.1,1596.1,1596.1,1591.3,5,55.21,550,100,05-FEB-2024,
OPTIDX,NIFTY,28-Mar-2024,20450,CE,0,0,0,1208.75,1544.9,0,0,100,0,05-FEB-2024,
OPTIDX,NIFTY,28-Mar-2024,20500,CE,1644.95,1715,1487.2,1511.15,1511.15,114,1259.13,60950,-150,05-FEB-2024,
OPTIDX,NIFTY,28-Mar-2024,20550,CE,0,0,0,1362.95,1453.15,0,0,1100,0,05-FEB-2024,
OPTIDX,NIFTY,28-Mar-2024,20600,CE,1536.2,1536.2,1523.65,1523.65,1407.85,4,44.25,3950,-100,05-FEB-2024,
OPTIDX,NIFTY,28-Mar-2024,20650,CE,0,0,0,1373.2,1362.95,0,0,500,0,05-FEB-2024,
OPTIDX,NIFTY,28-Mar-2024,20700,CE,1453.1,1453.1,1349.15,1349.15,1349.15,9,99.58,1450,-250,05-FEB-2024,
OPTIDX,NIFTY,28-Mar-2024,20750,CE,1274.65,1274.65,1274.65,1274.65,1274.45,1,11.01,850,50,05-FEB-2024,
OPTIDX,NIFTY,28-Mar-2024,20800,CE,1410.55,1418,1400.25,1418,1230.95,8,88.82,1600,-200,05-FEB-2024,
OPTIDX,NIFTY,28-Mar-2024,20850,CE,1295.3,1295.3,1295.3,1295.3,1187.95,1,11.07,300,50,05-FEB-2024,
OPTIDX,NIFTY,28-Mar-2024,20900,CE,1333,1345.5,1161.1,1185,1145.5,6,66.55,2100,150,05-FEB-2024,
OPTIDX,NIFTY,28-Mar-2024,20950,CE,0,0,0,1282.75,1103.6,0,0,350,0,05-FEB-2024,
OPTIDX,NIFTY,28-Mar-2024,21000,CE,1211.05,1302.65,1079.85,1096.95,1096.95,963,10671.17,1203000,-350,05-FEB-2024,
OPTIDX,NIFTY,28-Mar-2024,21050,CE,0,0,0,1038.35,1021.75,0,0,650,0,05-FEB-2024,
OPTIDX,NIFTY,28-Mar-2024,21100,CE,1186,1186,1010,1025,981.8,21,233.29,6150,50,05-FEB-2024,
OPTIDX,NIFTY,28-Mar-2024,21150,CE,1084.4,1105.15,1084.4,1105.15,942.55,10,111.22,450,100,05-FEB-2024,
OPTIDX,NIFTY,28-Mar-2024,21200,CE,1115.8,1115.8,950.95,953.65,953.65,9,100.03,26500,250,05-FEB-2024,
OPTIDX,NIFTY,28-Mar-2024,21250,CE,0,0,0,862.65,866.2,0,0,1250,0,05-FEB-2024,
OPTIDX,NIFTY,28-Mar-2024,21300,CE,969.45,1052,861.95,887.85,887.85,33,367.09,30500,-350,05-FEB-2024,
OPTIDX,NIFTY,28-Mar-2024,21350,CE,0,0,0,1025,793,0,0,2750,0,05-FEB-2024,
OPTIDX,NIFTY,28-Mar-2024,21400,CE,898,975,795.25,808.45,808.45,65,724.38,39450,150,05-FEB-2024,
OPTIDX,NIFTY,28-Mar-2024,21450,CE,880,880,762.45,763.7,763.7,18,200.34,4150,250,05-FEB-2024,
OPTIDX,NIFTY,28-Mar-2024,21500,CE,896.65,905.95,720,740.65,740.65,1263,14092.75,155500,3900,05-FEB-2024,
OPTIDX,NIFTY,28-Mar-2024,21550,CE,724.05,724.05,691.9,717.2,717.2,62,690.17,10450,2150,05-FEB-2024,
OPTIDX,NIFTY,28-Mar-2024,21600,CE,761.95,828.95,659.1,668.75,668.75,252,2815.59,65000,-300,05-FEB-2024,
OPTIDX,NIFTY,28-Mar-2024,21650,CE,725,788,628.15,639.7,639.7,35,390.92,5550,600,05-FEB-2024,
OPTIDX,NIFTY,28-Mar-2024,21700,CE,674.2,760.65,597,612.2,612.2,680,7606.05,67100,900,05-FEB-2024,
OPTIDX,NIFTY,28-Mar-2024,21750,CE,675.4,715,569.8,588.9,588.9,157,1758.32,6050,1350,05-FEB-2024,
OPTIDX,NIFTY,28-Mar-2024,21800,CE,647,705,530.2,551.8,551.8,1054,11811.1,68200,5950,05-FEB-2024,
OPTIDX,NIFTY,28-Mar-2024,21850,CE,606.8,658,512.65,530.65,530.65,56,628.07,5450,400,05-FEB-2024,
OPTIDX,NIFTY,28-Mar-2024,21900,CE,564.35,640,481.05,497.25,497.25,1318,14806.39,78350,5650,05-FEB-2024,
OPTIDX,NIFTY,28-Mar-2024,21950,CE,543.4,611.2,459.35,470.55,470.55,134,1508.22,5150,900,05-FEB-2024,
OPTIDX,NIFTY,28-Mar-2024,22000,CE,527.1,581.7,420,445.65,445.65,6948,78188.23,1073050,35250,05-FEB-2024,
OPTIDX,NIFTY,28-Mar-2024,22050,CE,500.65,546,415.2,425.9,425.9,40,450.26,9650,250,05-FEB-2024,
OPTIDX,NIFTY,28-Mar-2024,22100,CE,476.8,525,383.3,397.35,397.35,819,9233.96,56300,600,05-FEB-2024,
OPTIDX,NIFTY,28-Mar-2024,22150,CE,440.95,491,363.95,369.7,369.7,46,519.13,4550,-650,05-FEB-2024,
OPTIDX,NIFTY,28-Mar-2024,22200,CE,405,470,339,350.4,350.4,1675,18934.83,106750,2650,05-FEB-2024,
OPTIDX,NIFTY,28-Mar-2024,22250,CE,394.6,445,322.1,328.65,328.65,84,948.97,2400,-1600,05-FEB-2024,
OPTIDX,NIFTY,28-Mar-2024,22300,CE,361,418.55,300,308.2,308.2,1014,11478.71,66200,900,05-FEB-2024,
OPTIDX,NIFTY,28-Mar-2024,22350,CE,345.95,379.8,284.1,295.8,295.8,45,510.67,3800,-1000,05-FEB-2024,
OPTIDX,NIFTY,28-Mar-2024,22400,CE,325.05,372.55,263.3,272.85,272.85,683,7756.04,39750,-200,05-FEB-2024,
OPTIDX,NIFTY,28-Mar-2024,22450,CE,309.95,335.5,252.65,252.65,252.65,49,557.63,7750,-550,05-FEB-2024,
OPTIDX,NIFTY,28-Mar-2024,22500,CE,280.05,334,231.15,241.9,241.9,5672,64606.67,468500,19400,05-FEB-2024,
OPTIDX,NIFTY,28-Mar-2024,22550,CE,281.95,306.75,220.3,221.55,221.55,187,2131.57,43550,-4700,05-FEB-2024,
OPTIDX,NIFTY,28-Mar-2024,22600,CE,255.15,293,202,212.15,212.15,1131,12916.37,39550,9450,05-FEB-2024,
OPTIDX,NIFTY,28-Mar-2024,22650,CE,251.1,268.25,188.75,195.65,195.65,146,1668.84,6250,-100,05-FEB-2024,
OPTIDX,NIFTY,28-Mar-2024,22700,CE,218.65,256.85,174,180.7,180.7,1910,21881.38,81200,950,05-FEB-2024,
OPTIDX,NIFTY,28-Mar-2024,22750,CE,203.95,240,162,172.65,172.65,93,1066.73,8350,200,05-FEB-2024,
OPTIDX,NIFTY,28-Mar-2024,22800,CE,190,224.15,151.5,157.55,157.55,906,10412.09,185600,4000,05-FEB-2024,
OPTIDX,NIFTY,28-Mar-2024,22850,CE,177.6,207.5,141.2,148,148,332,3822.98,7200,-500,05-FEB-2024,
OPTIDX,NIFTY,28-Mar-2024,22900,CE,173.1,195,130.1,135.45,135.45,1044,12042.01,60100,6850,05-FEB-2024,
OPTIDX,NIFTY,28-Mar-2024,22950,CE,153.15,180,123,128.65,128.65,406,4689.51,36800,350,05-FEB-2024,
OPTIDX,NIFTY,28-Mar-2024,23000,CE,155,172,113.25,119.9,119.9,18311,211872.2,1076750,34050,05-FEB-2024,
OPTIDX,NIFTY,28-Mar-2024,23050,CE,124.15,145,105.85,112.25,112.25,161,1865.73,4900,-500,05-FEB-2024,
OPTIDX,NIFTY,28-Mar-2024,23100,CE,123.2,144.95,96.35,103.05,103.05,856,9937.23,39800,7400,05-FEB-2024,
OPTIDX,NIFTY,28-Mar-2024,23150,CE,113.1,123.75,91.35,94.2,94.2,87,1011.77,2900,600,05-FEB-2024,
OPTIDX,NIFTY,28-Mar-2024,23200,CE,105.85,125,83.1,87.95,87.95,680,7921.96,33550,3400,05-FEB-2024,
OPTIDX,NIFTY,28-Mar-2024,23250,CE,100.5,117.6,77.85,81.8,81.8,164,1914.23,2650,750,05-FEB-2024,
OPTIDX,NIFTY,28-Mar-2024,23300,CE,90.4,107.95,72,76.4,76.4,887,10371.33,42650,3000,05-FEB-2024,
OPTIDX,NIFTY,28-Mar-2024,23350,CE,82.8,100.45,68.95,70.15,70.15,114,1335.58,1800,50,05-FEB-2024,
OPTIDX,NIFTY,28-Mar-2024,23400,CE,76.85,92.3,61.9,65.55,65.55,780,9154.97,30600,4550,05-FEB-2024,
OPTIDX,NIFTY,28-Mar-2024,23450,CE,70,85.85,57.95,60.15,60.15,221,2599,3900,1400,05-FEB-2024,
OPTIDX,NIFTY,28-Mar-2024,23500,CE,64,79.1,54.05,57.55,57.55,12845,151356.45,362050,157800,05-FEB-2024,
OPTIDX,NIFTY,28-Mar-2024,23550,CE,61.25,67.65,50.5,52.65,52.65,241,2845.1,4950,3900,05-FEB-2024,
OPTIDX,NIFTY,28-Mar-2024,23600,CE,56.2,67.2,46.05,50.75,50.75,502,5938.09,10400,1350,05-FEB-2024,
OPTIDX,NIFTY,28-Mar-2024,23650,CE,49.75,57,45.2,46.05,46.05,29,343.63,3300,450,05-FEB-2024,
OPTIDX,NIFTY,28-Mar-2024,23700,CE,48.2,57.15,41.1,42.15,42.15,532,6317.14,15350,3250,05-FEB-2024,
OPTIDX,NIFTY,28-Mar-2024,23750,CE,47.25,52.4,38,39.9,39.9,65,773.35,3400,550,05-FEB-2024,
OPTIDX,NIFTY,28-Mar-2024,23800,CE,39.6,50.55,35,36.9,36.9,497,5924.91,24250,-300,05-FEB-2024,
OPTIDX,NIFTY,28-Mar-2024,23850,CE,41.2,46.9,33.05,34.7,34.7,137,1636.46,12000,600,05-FEB-2024,
OPTIDX,NIFTY,28-Mar-2024,24000,CE,32.95,39.1,27.7,29.35,29.35,6899,82903.47,910150,44050,05-FEB-2024,
OPTIDX,NIFTY,28-Mar-2024,25000,CE,15,20,13.3,13.75,13.75,1607,20099.07,373600,7700,05-FEB-2024,
OPTIDX,NIFTY,28-Mar-2024,26000,CE,10,18,8.15,9,9,794,10325.76,158550,200,05-FEB-2024,
OPTIDX,NIFTY,28-Mar-2024,27000,CE,6.85,8.25,5.85,7,7,69,931.74,21550,1850,05-FEB-2024,
OPTIDX,NIFTY,28-Mar-2024,14000,PE,4.5,4.5,3.1,3.35,3.35,26,182.04,132500,-50,05-FEB-2024,
OPTIDX,NIFTY,28-Mar-2024,15000,PE,5.7,5.7,4.6,5.65,5.65,5,37.51,8600,50,05-FEB-2024,
OPTIDX,NIFTY,28-Mar-2024,16000,PE,7.9,9.4,7.55,9.05,9.05,376,3009.64,179350,650,05-FEB-2024,
OPTIDX,NIFTY,28-Mar-2024,17000,PE,10.1,11.7,10.05,10.8,10.8,567,4822.56,337100,-900,05-FEB-2024,
OPTIDX,NIFTY,28-Mar-2024,18000,PE,14.55,15.7,13.5,14.1,14.1,1378,12411.84,890750,2600,05-FEB-2024,
OPTIDX,NIFTY,28-Mar-2024,19000,PE,21.05,21.9,19.05,19.4,19.4,1783,16956.23,1316350,18050,05-FEB-2024,
OPTIDX,NIFTY,28-Mar-2024,19500,PE,28.95,29.4,25,27.5,27.5,401,3915.16,120650,3350,05-FEB-2024,
OPTIDX,NIFTY,28-Mar-2024,19550,PE,0,0,0,44.35,2.1,0,0,1150,0,05-FEB-2024,
OPTIDX,NIFTY,28-Mar-2024,19600,PE,27.45,32.8,27.45,32.8,32.8,25,245.38,16150,-50,05-FEB-2024,
OPTIDX,NIFTY,28-Mar-2024,19650,PE,0,0,0,60,2.9,0,0,1350,0,05-FEB-2024,
OPTIDX,NIFTY,28-Mar-2024,19700,PE,31.05,34.3,27.45,31.8,31.8,354,3492.3,105250,900,05-FEB-2024,
OPTIDX,NIFTY,28-Mar-2024,19750,PE,0,0,0,51,4,0,0,750,0,05-FEB-2024,
OPTIDX,NIFTY,28-Mar-2024,19800,PE,37.25,38.55,31.5,35.9,35.9,501,4968.5,160350,9650,05-FEB-2024,
OPTIDX,NIFTY,28-Mar-2024,19850,PE,0,0,0,66.85,5.45,0,0,200,0,05-FEB-2024,
OPTIDX,NIFTY,28-Mar-2024,19900,PE,42.95,44.3,36.25,42.1,42.1,1092,10887.58,194600,20650,05-FEB-2024,
OPTIDX,NIFTY,28-Mar-2024,19950,PE,0,0,0,52,7.3,0,0,0,0,05-FEB-2024,
OPTIDX,NIFTY,28-Mar-2024,20000,PE,47.05,53,43.45,50.3,50.3,9330,93524.59,2493950,9550,05-FEB-2024,
OPTIDX,NIFTY,28-Mar-2024,20050,PE,0,0,0,60.5,9.75,0,0,0,0,05-FEB-2024,
OPTIDX,NIFTY,28-Mar-2024,20100,PE,53.9,57,45.9,53.4,53.4,1110,11183.74,204000,18750,05-FEB-2024,
OPTIDX,NIFTY,28-Mar-2024,20150,PE,54.05,54.05,54.05,54.05,54.05,2,20.2,2950,0,05-FEB-2024,
OPTIDX,NIFTY,28-Mar-2024,20200,PE,54.5,62.35,49.65,58.55,58.55,1372,13895.45,225800,7900,05-FEB-2024,
OPTIDX,NIFTY,28-Mar-2024,20250,PE,0,0,0,51.1,16.7,0,0,100,0,05-FEB-2024,
OPTIDX,NIFTY,28-Mar-2024,20300,PE,70,71.4,56.8,66.35,66.35,1793,18255.61,72200,30350,05-FEB-2024,
OPTIDX,NIFTY,28-Mar-2024,20350,PE,65.5,65.5,65.5,65.5,21.55,3,30.62,7550,-100,05-FEB-2024,
OPTIDX,NIFTY,28-Mar-2024,20400,PE,77.95,81.95,63.75,75.4,75.4,1810,18526.77,224200,16050,05-FEB-2024,
OPTIDX,NIFTY,28-Mar-2024,20450,PE,0,0,0,104,27.5,0,0,1150,0,05-FEB-2024,
OPTIDX,NIFTY,28-Mar-2024,20500,PE,84.65,95.95,76.2,90.6,90.6,7632,78548.04,913500,73450,05-FEB-2024,
OPTIDX,NIFTY,28-Mar-2024,20550,PE,0,0,0,58.05,34.8,0,0,2500,0,05-FEB-2024,
OPTIDX,NIFTY,28-Mar-2024,20600,PE,99.2,107.95,84.45,101.85,101.85,711,7357.09,175600,6650,05-FEB-2024,
OPTIDX,NIFTY,28-Mar-2024,20650,PE,100.6,114.5,92,114.5,43.6,6,62.24,6200,50,05-FEB-2024,
OPTIDX,NIFTY,28-Mar-2024,20700,PE,105.05,121.45,93.8,112.1,112.1,1489,15487.35,178200,7750,05-FEB-2024,
OPTIDX,NIFTY,28-Mar-2024,20750,PE,118.1,126.5,100.05,123.6,123.6,44,458.94,13750,-400,05-FEB-2024,
OPTIDX,NIFTY,28-Mar-2024,20800,PE,123.5,137.4,106.6,128.95,128.95,975,10197.64,169000,7650,05-FEB-2024,
OPTIDX,NIFTY,28-Mar-2024,20850,PE,132.85,134.9,115,134.9,66.7,46,482.33,8650,150,05-FEB-2024,
OPTIDX,NIFTY,28-Mar-2024,20900,PE,140.5,156.95,122.5,148.65,148.65,611,6427.28,107050,3250,05-FEB-2024,
OPTIDX,NIFTY,28-Mar-2024,20950,PE,142.4,169.1,137.85,159.1,159.1,71,749.24,11350,600,05-FEB-2024,
OPTIDX,NIFTY,28-Mar-2024,21000,PE,153.05,180.95,141.05,169.25,169.25,15847,167628.16,2522950,54050,05-FEB-2024,
OPTIDX,NIFTY,28-Mar-2024,21050,PE,158,185.2,147,185.2,185.2,6,63.62,12050,100,05-FEB-2024,
OPTIDX,NIFTY,28-Mar-2024,21100,PE,180,201.15,158,190.05,190.05,787,8372.7,66900,5900,05-FEB-2024,
OPTIDX,NIFTY,28-Mar-2024,21150,PE,178.15,202.95,172.3,202.25,202.25,18,192.06,7250,50,05-FEB-2024,
OPTIDX,NIFTY,28-Mar-2024,21200,PE,190.6,227.4,177.15,212.8,212.8,1576,16862.13,87350,8250,05-FEB-2024,
OPTIDX,NIFTY,28-Mar-2024,21250,PE,212,234.25,192.7,227.95,227.95,98,1052.35,11900,-1850,05-FEB-2024,
OPTIDX,NIFTY,28-Mar-2024,21300,PE,225.05,255.7,199,240.15,240.15,4254,45801.44,341350,-102600,05-FEB-2024,
OPTIDX,NIFTY,28-Mar-2024,21350,PE,245,256,245,254,254,56,604.91,21250,-1200,05-FEB-2024,
OPTIDX,NIFTY,28-Mar-2024,21400,PE,249,283.45,222.2,268.25,268.25,1323,14321.41,89900,2900,05-FEB-2024,
OPTIDX,NIFTY,28-Mar-2024,21450,PE,245,290.1,241.7,284.45,284.45,95,1031.29,9250,-1200,05-FEB-2024,
OPTIDX,NIFTY,28-Mar-2024,21500,PE,262.6,314,244.05,297.4,297.4,9301,101264.95,672400,-22600,05-FEB-2024,
OPTIDX,NIFTY,28-Mar-2024,21550,PE,283,323.15,260.6,316,316,94,1027.17,6850,200,05-FEB-2024,
OPTIDX,NIFTY,28-Mar-2024,21600,PE,305,350,273.55,331.9,331.9,1952,21385,99750,16150,05-FEB-2024,
OPTIDX,NIFTY,28-Mar-2024,21650,PE,322,360,292.75,351.05,351.05,49,538.25,4250,-150,05-FEB-2024,
OPTIDX,NIFTY,28-Mar-2024,21700,PE,324.1,388.4,304.5,372.65,372.65,3619,39875.66,110300,10300,05-FEB-2024,
OPTIDX,NIFTY,28-Mar-2024,21750,PE,341.2,402.9,323,390.3,390.3,179,1978.71,7700,1650,05-FEB-2024,
OPTIDX,NIFTY,28-Mar-2024,21800,PE,358,430,334,410.4,410.4,2589,28710.79,96400,15350,05-FEB-2024,
OPTIDX,NIFTY,28-Mar-2024,21850,PE,397.1,445.25,355.75,437.5,437.5,113,1256.9,4500,200,05-FEB-2024,
OPTIDX,NIFTY,28-Mar-2024,21900,PE,413.2,475,373,455.45,455.45,5685,63391.75,138500,64300,05-FEB-2024,
OPTIDX,NIFTY,28-Mar-2024,21950,PE,414.4,480.65,390,476.6,476.6,199,2226.19,5150,750,05-FEB-2024,
OPTIDX,NIFTY,28-Mar-2024,22000,PE,439.45,523.75,382,502.85,502.85,12675,142306.66,1130850,44300,05-FEB-2024,
OPTIDX,NIFTY,28-Mar-2024,22050,PE,478.95,532.55,438.5,520.35,520.35,48,540.4,3100,-600,05-FEB-2024,
OPTIDX,NIFTY,28-Mar-2024,22100,PE,483.5,570,455.55,547.5,547.5,863,9751.54,35400,6900,05-FEB-2024,
OPTIDX,NIFTY,28-Mar-2024,22150,PE,506,586.75,477.95,580.2,580.2,27,305.98,2600,100,05-FEB-2024,
OPTIDX,NIFTY,28-Mar-2024,22200,PE,539,623.05,495,603.55,603.55,839,9545.57,50100,-3350,05-FEB-2024,
OPTIDX,NIFTY,28-Mar-2024,22250,PE,543.95,638.85,532,632.1,632.1,13,148.47,1350,250,05-FEB-2024,
OPTIDX,NIFTY,28-Mar-2024,22300,PE,595,677.05,545,663.25,663.25,148,1695.74,15050,1200,05-FEB-2024,
OPTIDX,NIFTY,28-Mar-2024,22350,PE,682,682,682,682,622.2,1,11.51,2000,0,05-FEB-2024,
OPTIDX,NIFTY,28-Mar-2024,22400,PE,655.95,745.3,596,728,728,232,2674.38,9900,2100,05-FEB-2024,
OPTIDX,NIFTY,28-Mar-2024,22450,PE,700,750,700,750,687.85,2,23.17,900,0,05-FEB-2024,
OPTIDX,NIFTY,28-Mar-2024,22500,PE,700,812,651.5,788.5,788.5,2121,24632.6,153550,17200,05-FEB-2024,
OPTIDX,NIFTY,28-Mar-2024,22550,PE,751.05,804.5,736.55,804.5,756.85,4,46.63,1450,200,05-FEB-2024,
OPTIDX,NIFTY,28-Mar-2024,22600,PE,779.95,860,724,858.1,858.1,55,643.13,4650,200,05-FEB-2024,
OPTIDX,NIFTY,28-Mar-2024,22650,PE,0,0,0,712.65,829.05,0,0,2700,0,05-FEB-2024,
OPTIDX,NIFTY,28-Mar-2024,22700,PE,838.05,932.65,785,932.65,866.25,16,188.32,6200,-150,05-FEB-2024,
OPTIDX,NIFTY,28-Mar-2024,22750,PE,885.05,885.05,872.3,872.3,904.2,5,59.06,1100,150,05-FEB-2024,
OPTIDX,NIFTY,28-Mar-2024,22800,PE,903.4,1017.4,841,965.4,942.8,97,1148.03,1950,-400,05-FEB-2024,
OPTIDX,NIFTY,28-Mar-2024,22850,PE,0,0,0,992.7,982.1,0,0,1450,0,05-FEB-2024,
OPTIDX,NIFTY,28-Mar-2024,22900,PE,999.95,1079.1,948.5,1079.1,1079.1,14,167.35,3150,100,05-FEB-2024,
OPTIDX,NIFTY,28-Mar-2024,22950,PE,0,0,0,962.65,1062.55,0,0,950,0,05-FEB-2024,
OPTIDX,NIFTY,28-Mar-2024,23000,PE,1040,1182,982.15,1153.75,1153.75,1186,14263.07,211400,16700,05-FEB-2024,
OPTIDX,NIFTY,28-Mar-2024,23050,PE,1084.05,1084.05,1084.05,1084.05,1145.4,1,12.06,1000,0,05-FEB-2024,
OPTIDX,NIFTY,28-Mar-2024,23100,PE,1113,1113,1113,1113,1187.6,1,12.1,900,50,05-FEB-2024,
OPTIDX,NIFTY,28-Mar-2024,23150,PE,1192.4,1192.4,1176.15,1176.15,1230.35,5,60.83,800,150,05-FEB-2024,
OPTIDX,NIFTY,28-Mar-2024,23200,PE,0,0,0,1154.45,1273.55,0,0,900,0,05-FEB-2024,
OPTIDX,NIFTY,28-Mar-2024,23250,PE,1269.8,1358.55,1269.8,1358.55,1317.25,4,49.09,450,100,05-FEB-2024,
OPTIDX,NIFTY,28-Mar-2024,23300,PE,1313.65,1366.65,1313.65,1366.65,1366.65,2,24.64,500,0,05-FEB-2024,
OPTIDX,NIFTY,28-Mar-2024,23350,PE,1291.45,1291.45,1291.45,1291.45,1405.85,1,12.32,150,50,05-FEB-2024,
OPTIDX,NIFTY,28-Mar-2024,23400,PE,0,0,0,1425.9,1450.75,0,0,0,0,05-FEB-2024,
OPTIDX,NIFTY,28-Mar-2024,23450,PE,1344.65,1344.65,1344.65,1344.65,1496.05,1,12.39,100,50,05-FEB-2024,
OPTIDX,NIFTY,28-Mar-2024,23500,PE,1480,1480,1418,1424,1541.65,13,162.13,2300,400,05-FEB-2024,
OPTIDX,NIFTY,28-Mar-2024,23550,PE,0,0,0,1285.25,1587.55,0,0,50,0,05-FEB-2024,
OPTIDX,NIFTY,28-Mar-2024,23600,PE,0,0,0,1581.9,1633.8,0,0,0,0,05-FEB-2024,
OPTIDX,NIFTY,28-Mar-2024,23650,PE,0,0,0,1621.9,1680.25,0,0,0,0,05-FEB-2024,
OPTIDX,NIFTY,28-Mar-2024,23700,PE,0,0,0,1662.25,1727.05,0,0,0,0,05-FEB-2024,
OPTIDX,NIFTY,28-Mar-2024,23750,PE,0,0,0,1702.95,1774,0,0,0,0,05-FEB-2024,
OPTIDX,NIFTY,28-Mar-2024,23800,PE,0,0,0,1744.05,1821.25,0,0,0,0,05-FEB-2024,
OPTIDX,NIFTY,28-Mar-2024,23850,PE,0,0,0,1785.45,1868.65,0,0,0,0,05-FEB-2024,
OPTIDX,NIFTY,28-Mar-2024,24000,PE,1920,2084.15,1830.35,2059.15,2059.15,302,3926.49,250350,1200,05-FEB-2024,
OPTIDX,NIFTY,28-Mar-2024,25000,PE,2850,3028.2,2800,3019.95,3019.95,24,334.57,426050,-100,05-FEB-2024,
OPTIDX,NIFTY,28-Mar-2024,26000,PE,3820,3905.35,3780.95,3905.35,3905.35,6,89.47,12700,250,05-FEB-2024,
OPTIDX,NIFTY,28-Mar-2024,27000,PE,4770.95,4770.95,4770.95,4770.95,4969.9,1,15.88,600,-50,05-FEB-2024,
OPTIDX,NIFTY,25-Apr-2024,19600,CE,0,0,0,2149.7,2468.7,0,0,0,0,05-FEB-2024,
OPTIDX,NIFTY,25-Apr-2024,19650,CE,0,0,0,2104.85,2420.6,0,0,0,0,05-FEB-2024,
OPTIDX,NIFTY,25-Apr-2024,19700,CE,0,0,0,2060.25,2372.6,0,0,0,0,05-FEB-2024,
OPTIDX,NIFTY,25-Apr-2024,19750,CE,0,0,0,2016,2324.75,0,0,0,0,05-FEB-2024,
OPTIDX,NIFTY,25-Apr-2024,19800,CE,0,0,0,1972,2277,0,0,0,0,05-FEB-2024,
OPTIDX,NIFTY,25-Apr-2024,19850,CE,0,0,0,1928.35,2229.45,0,0,0,0,05-FEB-2024,
OPTIDX,NIFTY,25-Apr-2024,19900,CE,0,0,0,1885,2182.05,0,0,0,0,05-FEB-2024,
OPTIDX,NIFTY,25-Apr-2024,19950,CE,0,0,0,1842,2134.85,0,0,0,0,05-FEB-2024,
OPTIDX,NIFTY,25-Apr-2024,20000,CE,0,0,0,1799.35,2087.85,0,0,0,0,05-FEB-2024,
OPTIDX,NIFTY,25-Apr-2024,20050,CE,0,0,0,1757.1,2041.05,0,0,0,0,05-FEB-2024,
OPTIDX,NIFTY,25-Apr-2024,20100,CE,0,0,0,1715.15,1994.45,0,0,0,0,05-FEB-2024,
OPTIDX,NIFTY,25-Apr-2024,20150,CE,0,0,0,1673.65,1948.1,0,0,0,0,05-FEB-2024,
OPTIDX,NIFTY,25-Apr-2024,20200,CE,0,0,0,1632.55,1902,0,0,0,0,05-FEB-2024,
OPTIDX,NIFTY,25-Apr-2024,20250,CE,0,0,0,1591.85,1856.2,0,0,0,0,05-FEB-2024,
OPTIDX,NIFTY,25-Apr-2024,20300,CE,0,0,0,1551.6,1810.65,0,0,0,0,05-FEB-2024,
OPTIDX,NIFTY,25-Apr-2024,20350,CE,0,0,0,1511.75,1765.4,0,0,0,0,05-FEB-2024,
OPTIDX,NIFTY,25-Apr-2024,20400,CE,0,0,0,1472.35,1720.5,0,0,0,0,05-FEB-2024,
OPTIDX,NIFTY,25-Apr-2024,20450,CE,0,0,0,1433.45,1675.9,0,0,0,0,05-FEB-2024,
OPTIDX,NIFTY,25-Apr-2024,20500,CE,0,0,0,1850,1631.7,0,0,200,0,05-FEB-2024,
OPTIDX,NIFTY,25-Apr-2024,20550,CE,0,0,0,1357.05,1587.85,0,0,0,0,05-FEB-2024,
OPTIDX,NIFTY,25-Apr-2024,20600,CE,0,0,0,1319.6,1544.4,0,0,0,0,05-FEB-2024,
OPTIDX,NIFTY,25-Apr-2024,20650,CE,0,0,0,1282.65,1501.35,0,0,0,0,05-FEB-2024,
OPTIDX,NIFTY,25-Apr-2024,20700,CE,0,0,0,1247,1458.75,0,0,0,0,05-FEB-2024,
OPTIDX,NIFTY,25-Apr-2024,20750,CE,0,0,0,1211,1416.6,0,0,0,0,05-FEB-2024,
OPTIDX,NIFTY,25-Apr-2024,20800,CE,0,0,0,1174.75,1374.9,0,0,0,0,05-FEB-2024,
OPTIDX,NIFTY,25-Apr-2024,20850,CE,0,0,0,1139.95,1333.7,0,0,0,0,05-FEB-2024,
OPTIDX,NIFTY,25-Apr-2024,20900,CE,0,0,0,1105.75,1293.05,0,0,0,0,05-FEB-2024,
OPTIDX,NIFTY,25-Apr-2024,20950,CE,0,0,0,1072.05,1252.85,0,0,0,0,05-FEB-2024,
OPTIDX,NIFTY,25-Apr-2024,21000,CE,1401,1425.65,1280,1280,1213.25,5,55.95,3550,100,05-FEB-2024,
OPTIDX,NIFTY,25-Apr-2024,21050,CE,0,0,0,1006.45,1174.15,0,0,0,0,05-FEB-2024,
OPTIDX,NIFTY,25-Apr-2024,21100,CE,0,0,0,974.55,1135.7,0,0,0,0,05-FEB-2024,
OPTIDX,NIFTY,25-Apr-2024,21150,CE,0,0,0,943.2,1097.8,0,0,0,0,05-FEB-2024,
OPTIDX,NIFTY,25-Apr-2024,21200,CE,0,0,0,912.45,1060.55,0,0,0,0,05-FEB-2024,
OPTIDX,NIFTY,25-Apr-2024,21250,CE,0,0,0,882.35,1023.9,0,0,0,0,05-FEB-2024,
OPTIDX,NIFTY,25-Apr-2024,21300,CE,0,0,0,852.8,987.85,0,0,0,0,05-FEB-2024,
OPTIDX,NIFTY,25-Apr-2024,21350,CE,0,0,0,823.9,952.55,0,0,0,0,05-FEB-2024,
OPTIDX,NIFTY,25-Apr-2024,21400,CE,0,0,0,795.6,917.85,0,0,0,0,05-FEB-2024,
OPTIDX,NIFTY,25-Apr-2024,21450,CE,0,0,0,767.95,883.85,0,0,0,0,05-FEB-2024,
OPTIDX,NIFTY,25-Apr-2024,21500,CE,1029.15,1090,915.3,941,941,87,978.04,9400,1900,05-FEB-2024,
OPTIDX,NIFTY,25-Apr-2024,21550,CE,0,0,0,714.45,818,0,0,0,0,05-FEB-2024,
OPTIDX,NIFTY,25-Apr-2024,21600,CE,913.9,917.5,875,875,875,16,180.09,1150,-50,05-FEB-2024,
OPTIDX,NIFTY,25-Apr-2024,21650,CE,0,0,0,663.45,754.95,0,0,0,0,05-FEB-2024,
OPTIDX,NIFTY,25-Apr-2024,21700,CE,895.1,935,789.95,802.25,802.25,31,349.4,2450,1300,05-FEB-2024,
OPTIDX,NIFTY,25-Apr-2024,21750,CE,0,0,0,614.8,694.9,0,0,0,0,05-FEB-2024,
OPTIDX,NIFTY,25-Apr-2024,21800,CE,874.1,879.6,740,754.95,754.95,9,101.64,350,350,05-FEB-2024,
OPTIDX,NIFTY,25-Apr-2024,21850,CE,0,0,0,568.75,637.8,0,0,0,0,05-FEB-2024,
OPTIDX,NIFTY,25-Apr-2024,21900,CE,819.4,819.4,690.3,695.75,695.75,30,339.11,6500,1250,05-FEB-2024,
OPTIDX,NIFTY,25-Apr-2024,21950,CE,0,0,0,773,583.75,0,0,0,0,05-FEB-2024,
OPTIDX,NIFTY,25-Apr-2024,22000,CE,703.8,770,622.55,638.8,638.8,823,9341.95,55550,22950,05-FEB-2024,
OPTIDX,NIFTY,25-Apr-2024,22050,CE,0,0,0,441.9,532.7,0,0,100,0,05-FEB-2024,
OPTIDX,NIFTY,25-Apr-2024,22100,CE,690,690,690,690,508.35,1,11.39,300,50,05-FEB-2024,
OPTIDX,NIFTY,25-Apr-2024,22150,CE,0,0,0,445,484.7,0,0,0,0,05-FEB-2024,
OPTIDX,NIFTY,25-Apr-2024,22200,CE,637,637,585,585,461.85,13,148.3,1250,550,05-FEB-2024,
OPTIDX,NIFTY,25-Apr-2024,22250,CE,0,0,0,408.45,439.7,0,0,0,0,05-FEB-2024,
OPTIDX,NIFTY,25-Apr-2024,22300,CE,580.15,595,481.3,485.8,485.8,19,217.15,3000,300,05-FEB-2024,
OPTIDX,NIFTY,25-Apr-2024,22350,CE,0,0,0,374.2,397.7,0,0,0,0,05-FEB-2024,
OPTIDX,NIFTY,25-Apr-2024,22400,CE,0,0,0,357.85,377.8,0,0,0,0,05-FEB-2024,
OPTIDX,NIFTY,25-Apr-2024,22450,CE,0,0,0,342.1,358.6,0,0,0,0,05-FEB-2024,
OPTIDX,NIFTY,25-Apr-2024,22500,CE,444.3,500,397.45,407.55,407.55,723,8287.3,34400,16850,05-FEB-2024,
OPTIDX,NIFTY,25-Apr-2024,22550,CE,0,0,0,312.15,322.35,0,0,0,0,05-FEB-2024,
OPTIDX,NIFTY,25-Apr-2024,22600,CE,429.7,447,412.7,447,305.3,13,149.7,2550,-50,05-FEB-2024,
OPTIDX,NIFTY,25-Apr-2024,22650,CE,418.85,418.85,418.85,418.85,288.9,2,23.06,100,100,05-FEB-2024,
OPTIDX,NIFTY,25-Apr-2024,22700,CE,362,362,362,362,273.15,3,34.59,150,150,05-FEB-2024,
OPTIDX,NIFTY,25-Apr-2024,22750,CE,0,0,0,258.3,258.1,0,0,0,0,05-FEB-2024,
OPTIDX,NIFTY,25-Apr-2024,22800,CE,385,385,287.35,297,297,32,370.09,4050,-150,05-FEB-2024,
OPTIDX,NIFTY,25-Apr-2024,22850,CE,0,0,0,235.4,229.85,0,0,0,0,05-FEB-2024,
OPTIDX,NIFTY,25-Apr-2024,22900,CE,314.35,314.35,295.2,295.2,216.65,5,58,250,250,05-FEB-2024,
OPTIDX,NIFTY,25-Apr-2024,22950,CE,0,0,0,212.35,204,0,0,0,0,05-FEB-2024,
OPTIDX,NIFTY,25-Apr-2024,23000,CE,268.1,308,237,246.4,246.4,945,10994.36,76100,3550,05-FEB-2024,
OPTIDX,NIFTY,25-Apr-2024,23050,CE,0,0,0,191.9,180.55,0,0,0,0,05-FEB-2024,
OPTIDX,NIFTY,25-Apr-2024,23100,CE,255.25,270.85,211,214.7,214.7,50,583.19,1650,1100,05-FEB-2024,
OPTIDX,NIFTY,25-Apr-2024,23150,CE,0,0,0,173.05,159.25,0,0,0,0,05-FEB-2024,
OPTIDX,NIFTY,25-Apr-2024,23200,CE,0,0,0,164.2,149.4,0,0,0,0,05-FEB-2024,
OPTIDX,NIFTY,25-Apr-2024,23250,CE,138,138,138,138,138,1,11.69,50,50,05-FEB-2024,
OPTIDX,NIFTY,25-Apr-2024,23300,CE,0,0,0,147.6,131.15,0,0,0,0,05-FEB-2024,
OPTIDX,NIFTY,25-Apr-2024,23350,CE,180,180,180,180,122.7,4,47.06,150,-100,05-FEB-2024,
OPTIDX,NIFTY,25-Apr-2024,23400,CE,0,0,0,132.45,114.75,0,0,0,0,05-FEB-2024,
OPTIDX,NIFTY,25-Apr-2024,23450,CE,0,0,0,125.35,107.2,0,0,0,0,05-FEB-2024,
OPTIDX,NIFTY,25-Apr-2024,23500,CE,151.65,170,120.55,131.2,131.2,611,7222.55,29900,-50,05-FEB-2024,
OPTIDX,NIFTY,25-Apr-2024,23550,CE,0,0,0,112.15,93.35,0,0,0,0,05-FEB-2024,
OPTIDX,NIFTY,25-Apr-2024,23600,CE,174.9,183.7,120,142.65,142.65,25,296.76,1050,1050,05-FEB-2024,
OPTIDX,NIFTY,25-Apr-2024,19600,PE,0,0,0,52.8,9.15,0,0,0,0,05-FEB-2024,
OPTIDX,NIFTY,25-Apr-2024,19650,PE,0,0,0,57.1,10.3,0,0,0,0,05-FEB-2024,
OPTIDX,NIFTY,25-Apr-2024,19700,PE,0,0,0,45,11.6,0,0,100,0,05-FEB-2024,
OPTIDX,NIFTY,25-Apr-2024,19750,PE,0,0,0,74,13,0,0,350,0,05-FEB-2024,
OPTIDX,NIFTY,25-Apr-2024,19800,PE,0,0,0,71.65,14.55,0,0,0,0,05-FEB-2024,
OPTIDX,NIFTY,25-Apr-2024,19850,PE,0,0,0,46,16.25,0,0,50,0,05-FEB-2024,
OPTIDX,NIFTY,25-Apr-2024,19900,PE,0,0,0,82.85,18.1,0,0,0,0,05-FEB-2024,
OPTIDX,NIFTY,25-Apr-2024,19950,PE,0,0,0,89,20.15,0,0,0,0,05-FEB-2024,
OPTIDX,NIFTY,25-Apr-2024,20000,PE,77.5,89.05,70.2,83.8,83.8,1135,11394.41,121800,34900,05-FEB-2024,
OPTIDX,NIFTY,25-Apr-2024,20050,PE,0,0,0,102.3,24.9,0,0,0,0,05-FEB-2024,
OPTIDX,NIFTY,25-Apr-2024,20100,PE,0,0,0,45.1,27.55,0,0,50,0,05-FEB-2024,
OPTIDX,NIFTY,25-Apr-2024,20150,PE,0,0,0,117.15,30.5,0,0,0,0,05-FEB-2024,
OPTIDX,NIFTY,25-Apr-2024,20200,PE,0,0,0,125.15,33.65,0,0,0,0,05-FEB-2024,
OPTIDX,NIFTY,25-Apr-2024,20250,PE,0,0,0,133.55,37.1,0,0,0,0,05-FEB-2024,
OPTIDX,NIFTY,25-Apr-2024,20300,PE,0,0,0,142.4,40.8,0,0,0,0,05-FEB-2024,
OPTIDX,NIFTY,25-Apr-2024,20350,PE,0,0,0,151.7,44.85,0,0,0,0,05-FEB-2024,
OPTIDX,NIFTY,25-Apr-2024,20400,PE,0,0,0,161.45,49.2,0,0,0,0,05-FEB-2024,
OPTIDX,NIFTY,25-Apr-2024,20450,PE,0,0,0,171.65,53.9,0,0,0,0,05-FEB-2024,
OPTIDX,NIFTY,25-Apr-2024,20500,PE,124.75,146.9,114.6,141.7,141.7,927,9562.39,96800,26850,05-FEB-2024,
OPTIDX,NIFTY,25-Apr-2024,20550,PE,0,0,0,193.5,64.35,0,0,0,0,05-FEB-2024,
OPTIDX,NIFTY,25-Apr-2024,20600,PE,0,0,0,205.2,70.2,0,0,0,0,05-FEB-2024,
OPTIDX,NIFTY,25-Apr-2024,20650,PE,0,0,0,217.35,76.4,0,0,0,0,05-FEB-2024,
OPTIDX,NIFTY,25-Apr-2024,20700,PE,0,0,0,230.8,83.05,0,0,0,0,05-FEB-2024,
OPTIDX,NIFTY,25-Apr-2024,20750,PE,0,0,0,243.95,90.2,0,0,0,0,05-FEB-2024,
OPTIDX,NIFTY,25-Apr-2024,20800,PE,0,0,0,256.8,97.75,0,0,0,0,05-FEB-2024,
OPTIDX,NIFTY,25-Apr-2024,20850,PE,0,0,0,271.15,105.8,0,0,0,0,05-FEB-2024,
OPTIDX,NIFTY,25-Apr-2024,20900,PE,0,0,0,286.05,114.4,0,0,0,0,05-FEB-2024,
OPTIDX,NIFTY,25-Apr-2024,20950,PE,0,0,0,301.5,123.5,0,0,0,0,05-FEB-2024,
OPTIDX,NIFTY,25-Apr-2024,21000,PE,203,238.5,197,229.4,229.4,1674,17756.89,68200,12200,05-FEB-2024,
OPTIDX,NIFTY,25-Apr-2024,21050,PE,0,0,0,334.1,143.35,0,0,0,0,05-FEB-2024,
OPTIDX,NIFTY,25-Apr-2024,21100,PE,0,0,0,351.3,154.1,0,0,0,0,05-FEB-2024,
OPTIDX,NIFTY,25-Apr-2024,21150,PE,0,0,0,369.1,165.5,0,0,0,0,05-FEB-2024,
OPTIDX,NIFTY,25-Apr-2024,21200,PE,0,0,0,387.5,177.5,0,0,0,0,05-FEB-2024,
OPTIDX,NIFTY,25-Apr-2024,21250,PE,0,0,0,225.75,190.1,0,0,100,0,05-FEB-2024,
OPTIDX,NIFTY,25-Apr-2024,21300,PE,290,290,290,290,290,1,10.79,900,50,05-FEB-2024,
OPTIDX,NIFTY,25-Apr-2024,21350,PE,0,0,0,446.3,217.3,0,0,0,0,05-FEB-2024,
OPTIDX,NIFTY,25-Apr-2024,21400,PE,0,0,0,300.5,231.9,0,0,1850,0,05-FEB-2024,
OPTIDX,NIFTY,25-Apr-2024,21450,PE,0,0,0,488.6,247.15,0,0,0,0,05-FEB-2024,
OPTIDX,NIFTY,25-Apr-2024,21500,PE,323.75,375.4,308.75,360.65,360.65,1442,15749.94,53150,27800,05-FEB-2024,
OPTIDX,NIFTY,25-Apr-2024,21550,PE,348,348,348,348,279.8,4,43.79,450,200,05-FEB-2024,
OPTIDX,NIFTY,25-Apr-2024,21600,PE,349,405,340,397.9,397.9,36,395.5,4250,650,05-FEB-2024,
OPTIDX,NIFTY,25-Apr-2024,21650,PE,357.7,406.35,357.7,406.35,315.3,30,330.3,1450,1250,05-FEB-2024,
OPTIDX,NIFTY,25-Apr-2024,21700,PE,401.95,445,370.1,433.2,433.2,79,873.36,3950,1000,05-FEB-2024,
OPTIDX,NIFTY,25-Apr-2024,21750,PE,0,0,0,630.2,353.8,0,0,0,0,05-FEB-2024,
OPTIDX,NIFTY,25-Apr-2024,21800,PE,435.8,480,391.95,472.6,472.6,70,778.47,7350,1100,05-FEB-2024,
OPTIDX,NIFTY,25-Apr-2024,21850,PE,0,0,0,682.35,395.2,0,0,0,0,05-FEB-2024,
OPTIDX,NIFTY,25-Apr-2024,21900,PE,440,517,435.9,505.95,505.95,65,727.27,2600,600,05-FEB-2024,
OPTIDX,NIFTY,25-Apr-2024,21950,PE,482.3,513.9,482.25,513.9,439.7,3,33.66,100,50,05-FEB-2024,
OPTIDX,NIFTY,25-Apr-2024,22000,PE,499.95,565.7,468.4,550.55,550.55,968,10896.06,73900,15550,05-FEB-2024,
OPTIDX,NIFTY,25-Apr-2024,22050,PE,575,575,575,575,575,1,11.31,50,0,05-FEB-2024,
OPTIDX,NIFTY,25-Apr-2024,22100,PE,494.85,494.85,494.85,494.85,512.1,1,11.29,100,0,05-FEB-2024,
OPTIDX,NIFTY,25-Apr-2024,22150,PE,0,0,0,853.35,537.7,0,0,0,0,05-FEB-2024,
OPTIDX,NIFTY,25-Apr-2024,22200,PE,613.5,630,562.75,630,564.1,20,227.78,600,450,05-FEB-2024,
OPTIDX,NIFTY,25-Apr-2024,22250,PE,0,0,0,915.05,591.25,0,0,0,0,05-FEB-2024,
OPTIDX,NIFTY,25-Apr-2024,22300,PE,0,0,0,946.75,619.15,0,0,0,0,05-FEB-2024,
OPTIDX,NIFTY,25-Apr-2024,22350,PE,0,0,0,979,647.8,0,0,0,0,05-FEB-2024,
OPTIDX,NIFTY,25-Apr-2024,22400,PE,0,0,0,1011.8,677.15,0,0,0,0,05-FEB-2024,
OPTIDX,NIFTY,25-Apr-2024,22450,PE,0,0,0,1045.15,707.25,0,0,0,0,05-FEB-2024,
OPTIDX,NIFTY,25-Apr-2024,22500,PE,724.4,817.85,699.95,799.65,799.65,282,3277.21,21400,1750,05-FEB-2024,
OPTIDX,NIFTY,25-Apr-2024,22550,PE,0,0,0,1113.45,769.5,0,0,0,0,05-FEB-2024,
OPTIDX,NIFTY,25-Apr-2024,22600,PE,0,0,0,1148.4,801.7,0,0,0,0,05-FEB-2024,
OPTIDX,NIFTY,25-Apr-2024,22650,PE,0,0,0,1183.8,834.55,0,0,0,0,05-FEB-2024,
OPTIDX,NIFTY,25-Apr-2024,22700,PE,0,0,0,1219.7,868.1,0,0,0,0,05-FEB-2024,
OPTIDX,NIFTY,25-Apr-2024,22750,PE,0,0,0,1256.1,902.3,0,0,0,0,05-FEB-2024,
OPTIDX,NIFTY,25-Apr-2024,22800,PE,0,0,0,1294,937.1,0,0,0,0,05-FEB-2024,
OPTIDX,NIFTY,25-Apr-2024,22850,PE,0,0,0,1331.45,972.55,0,0,0,0,05-FEB-2024,
OPTIDX,NIFTY,25-Apr-2024,22900,PE,0,0,0,1368.4,1008.65,0,0,0,0,05-FEB-2024,
OPTIDX,NIFTY,25-Apr-2024,22950,PE,0,0,0,1406.65,1045.3,0,0,0,0,05-FEB-2024,
OPTIDX,NIFTY,25-Apr-2024,23000,PE,1018.15,1120,995,1116,1116,84,1009.77,4450,3400,05-FEB-2024,
OPTIDX,NIFTY,25-Apr-2024,23050,PE,0,0,0,1484.45,1120.35,0,0,0,0,05-FEB-2024,
OPTIDX,NIFTY,25-Apr-2024,23100,PE,0,0,0,1070.2,1158.7,0,0,0,0,05-FEB-2024,
OPTIDX,NIFTY,25-Apr-2024,23150,PE,0,0,0,1563.8,1197.6,0,0,0,0,05-FEB-2024,
OPTIDX,NIFTY,25-Apr-2024,23200,PE,0,0,0,1604.1,1237,0,0,0,0,05-FEB-2024,
OPTIDX,NIFTY,25-Apr-2024,23250,PE,0,0,0,1644.75,1276.9,0,0,0,0,05-FEB-2024,
OPTIDX,NIFTY,25-Apr-2024,23300,PE,0,0,0,1685.75,1317.25,0,0,0,0,05-FEB-2024,
OPTIDX,NIFTY,25-Apr-2024,23350,PE,0,0,0,1727.15,1358.1,0,0,0,0,05-FEB-2024,
OPTIDX,NIFTY,25-Apr-2024,23400,PE,0,0,0,1768.85,1399.4,0,0,0,0,05-FEB-2024,
OPTIDX,NIFTY,25-Apr-2024,23450,PE,0,0,0,1810.85,1441.1,0,0,0,0,05-FEB-2024,
OPTIDX,NIFTY,25-Apr-2024,23500,PE,1390,1420,1390,1420,1483.25,8,99.62,400,400,05-FEB-2024,
OPTIDX,NIFTY,25-Apr-2024,23550,PE,0,0,0,1895.9,1525.8,0,0,0,0,05-FEB-2024,
OPTIDX,NIFTY,25-Apr-2024,23600,PE,0,0,0,1938.85,1568.7,0,0,0,0,05-FEB-2024,
OPTIDX,NIFTY,27-Jun-2024,15000,CE,0,0,0,4599.25,7163.2,0,0,50,0,05-FEB-2024,
OPTIDX,NIFTY,27-Jun-2024,16000,CE,0,0,0,2666.1,6189.3,0,0,0,0,05-FEB-2024,
OPTIDX,NIFTY,27-Jun-2024,17000,CE,0,0,0,5010.65,5215.45,0,0,50,0,05-FEB-2024,
OPTIDX,NIFTY,27-Jun-2024,18000,CE,0,0,0,4271.9,4242.8,0,0,19300,0,05-FEB-2024,
OPTIDX,NIFTY,27-Jun-2024,18500,CE,0,0,0,3554.75,3758.6,0,0,2825,0,05-FEB-2024,
OPTIDX,NIFTY,27-Jun-2024,19000,CE,3399,3460.05,3290,3290,3290,26,291.34,118000,-1200,05-FEB-2024,
OPTIDX,NIFTY,27-Jun-2024,20000,CE,2553.15,2627.95,2405.3,2421,2421,41,462.59,170400,100,05-FEB-2024,
OPTIDX,NIFTY,27-Jun-2024,21000,CE,1775,1850,1680,1694.7,1694.7,65,740.77,350600,50,05-FEB-2024,
OPTIDX,NIFTY,27-Jun-2024,22000,CE,1140,1192.7,1033.85,1061.55,1061.55,838,9691.83,398700,7350,05-FEB-2024,
OPTIDX,NIFTY,27-Jun-2024,23000,CE,644,678.55,576,588.1,588.1,1040,12289.94,773500,4650,05-FEB-2024,
OPTIDX,NIFTY,27-Jun-2024,24000,CE,309.5,345.8,296.05,303.45,303.45,1241,15091.94,286700,12900,05-FEB-2024,
OPTIDX,NIFTY,27-Jun-2024,25000,CE,151.05,168,125.1,136.6,136.6,819,10297.12,191550,450,05-FEB-2024,
OPTIDX,NIFTY,27-Jun-2024,26000,CE,74.05,79.8,63,68.05,68.05,154,2007.58,43500,2800,05-FEB-2024,
OPTIDX,NIFTY,27-Jun-2024,27000,CE,0,0,0,331.6,5.05,0,0,0,0,05-FEB-2024,
OPTIDX,NIFTY,27-Jun-2024,14000,PE,3.05,3.05,3.05,3.05,0.05,7,49.01,7125,-150,05-FEB-2024,
OPTIDX,NIFTY,27-Jun-2024,15000,PE,0,0,0,3.05,0.05,0,0,12425,0,05-FEB-2024,
OPTIDX,NIFTY,27-Jun-2024,16000,PE,0,0,0,3.05,0.05,0,0,37950,0,05-FEB-2024,
OPTIDX,NIFTY,27-Jun-2024,17000,PE,37.45,37.45,33.25,35.65,35.65,35,298.11,125450,0,05-FEB-2024,
OPTIDX,NIFTY,27-Jun-2024,18000,PE,51.95,54.05,46.45,52.85,52.85,648,5848.81,528800,1450,05-FEB-2024,
OPTIDX,NIFTY,27-Jun-2024,19000,PE,133,133,102.05,110.25,110.25,1095,10461.9,816600,12900,05-FEB-2024,
OPTIDX,NIFTY,27-Jun-2024,20000,PE,215.55,233.05,209.6,227.35,227.35,2256,22808.7,1110300,13050,05-FEB-2024,
OPTIDX,NIFTY,27-Jun-2024,21000,PE,399,443.05,394,432.15,432.15,1262,13510.89,1072000,5400,05-FEB-2024,
OPTIDX,NIFTY,27-Jun-2024,22000,PE,718.2,787.15,692.45,772.25,772.25,1407,15985.75,978850,17200,05-FEB-2024,
OPTIDX,NIFTY,27-Jun-2024,23000,PE,1166.75,1274.85,1132.05,1252.75,1252.75,402,4860.69,161900,200,05-FEB-2024,
OPTIDX,NIFTY,27-Jun-2024,24000,PE,1749.5,1955.55,1710,1931.15,1931.15,321,4142.85,64400,11050,05-FEB-2024,
OPTIDX,NIFTY,27-Jun-2024,25000,PE,0,0,0,7199.55,2638.7,0,0,0,0,05-FEB-2024,
OPTIDX,NIFTY,27-Jun-2024,26000,PE,0,0,0,8015.6,3568.9,0,0,0,0,05-FEB-2024,
OPTIDX,NIFTY,27-Jun-2024,27000,PE,0,0,0,8206,4528.7,0,0,0,0,05-FEB-2024,
OPTIDX,NIFTY,26-Sep-2024,16000,CE,0,0,0,4667.4,6449.4,0,0,0,0,05-FEB-2024,
OPTIDX,NIFTY,26-Sep-2024,17000,CE,0,0,0,3800.4,5492.7,0,0,0,0,05-FEB-2024,
OPTIDX,NIFTY,26-Sep-2024,18000,CE,0,0,0,2994.95,4540.65,0,0,0,0,05-FEB-2024,
OPTIDX,NIFTY,26-Sep-2024,19000,CE,0,0,0,2277.4,3605.9,0,0,0,0,05-FEB-2024,
OPTIDX,NIFTY,26-Sep-2024,20000,CE,0,0,0,1666.45,2717,0,0,0,0,05-FEB-2024,
OPTIDX,NIFTY,26-Sep-2024,21000,CE,0,0,0,1173.8,1918.1,0,0,0,0,05-FEB-2024,
OPTIDX,NIFTY,26-Sep-2024,22000,CE,1455,1582.9,1455,1582.9,1255.3,3,35.24,10050,50,05-FEB-2024,
OPTIDX,NIFTY,26-Sep-2024,23000,CE,920,993,851,860.35,860.35,94,1123.36,15450,2250,05-FEB-2024,
OPTIDX,NIFTY,26-Sep-2024,24000,CE,550,550,500,500,417.7,39,477.82,2650,1800,05-FEB-2024,
OPTIDX,NIFTY,26-Sep-2024,25000,CE,300,349,273,276.1,276.1,50,632.09,4250,2150,05-FEB-2024,
OPTIDX,NIFTY,26-Sep-2024,26000,CE,159,159,159,159,98.55,1,13.07,4750,0,05-FEB-2024,
OPTIDX,NIFTY,26-Sep-2024,27000,CE,0,0,0,68.7,42.35,0,0,0,0,05-FEB-2024,
OPTIDX,NIFTY,26-Sep-2024,16000,PE,0,0,0,39.75,0.1,0,0,0,0,05-FEB-2024,
OPTIDX,NIFTY,26-Sep-2024,17000,PE,0,0,0,103.7,1.05,0,0,0,0,05-FEB-2024,
OPTIDX,NIFTY,26-Sep-2024,18000,PE,0,0,0,229.25,6.65,0,0,0,0,05-FEB-2024,
OPTIDX,NIFTY,26-Sep-2024,19000,PE,0,0,0,239.55,29.55,0,0,2850,0,05-FEB-2024,
OPTIDX,NIFTY,26-Sep-2024,20000,PE,0,0,0,762.75,98.3,0,0,0,0,05-FEB-2024,
OPTIDX,NIFTY,26-Sep-2024,21000,PE,0,0,0,399,257.05,0,0,100,0,05-FEB-2024,
OPTIDX,NIFTY,26-Sep-2024,22000,PE,680.05,800,680.05,798,798,17,193.48,4600,450,05-FEB-2024,
OPTIDX,NIFTY,26-Sep-2024,23000,PE,0,0,0,1399.95,1010.3,0,0,150,0,05-FEB-2024,
OPTIDX,NIFTY,26-Sep-2024,24000,PE,0,0,0,3149.25,1629.55,0,0,0,0,05-FEB-2024,
OPTIDX,NIFTY,26-Sep-2024,25000,PE,0,0,0,3952.4,2381.15,0,0,0,0,05-FEB-2024,
OPTIDX,NIFTY,26-Sep-2024,26000,PE,0,0,0,4801.5,3225.7,0,0,0,0,05-FEB-2024,
OPTIDX,NIFTY,26-Sep-2024,27000,PE,0,0,0,5681.95,4127.15,0,0,0,0,05-FEB-2024,
OPTIDX,NIFTY,26-Dec-2024,14000,CE,0,0,0,8599,8588.35,0,0,100,0,05-FEB-2024,
OPTIDX,NIFTY,26-Dec-2024,15000,CE,0,0,0,7100,7646.75,0,0,2100,0,05-FEB-2024,
OPTIDX,NIFTY,26-Dec-2024,16000,CE,6513,6625,6510,6625,6705.55,11,124.02,21950,0,05-FEB-2024,
OPTIDX,NIFTY,26-Dec-2024,17000,CE,5800,5870,5800,5870,5766.6,80,913.37,18150,-2750,05-FEB-2024,
OPTIDX,NIFTY,26-Dec-2024,18000,CE,4800,4800,4700,4700,4835.8,2,22.75,24400,0,05-FEB-2024,
OPTIDX,NIFTY,26-Dec-2024,18500,CE,0,0,0,4400,4377.45,0,0,1000,0,05-FEB-2024,
OPTIDX,NIFTY,26-Dec-2024,19000,CE,4000,4069.95,3890.2,3890.2,3927.3,15,172.63,71650,200,05-FEB-2024,
OPTIDX,NIFTY,26-Dec-2024,20000,CE,3174.55,3263.5,3050.85,3086.8,3086.8,96,1112.92,77150,100,05-FEB-2024,
OPTIDX,NIFTY,26-Dec-2024,21000,CE,2449,2510,2325.45,2350.05,2350.05,65,761.65,124100,-450,05-FEB-2024,
OPTIDX,NIFTY,26-Dec-2024,22000,CE,1780,1855.8,1705,1717,1717,214,2546.17,171750,-1100,05-FEB-2024,
OPTIDX,NIFTY,26-Dec-2024,23000,CE,1200,1260,1140,1165.25,1165.25,408,4937.77,157700,4350,05-FEB-2024,
OPTIDX,NIFTY,26-Dec-2024,24000,CE,781.2,810.5,731,742,742,237,2936.76,147300,2250,05-FEB-2024,
OPTIDX,NIFTY,26-Dec-2024,25000,CE,480,500,445.35,462.45,462.45,253,3223.08,186150,1000,05-FEB-2024,
OPTIDX,NIFTY,26-Dec-2024,26000,CE,272.35,308,255,262.85,262.85,125,1642.2,68650,1100,05-FEB-2024,
OPTIDX,NIFTY,26-Dec-2024,27000,CE,160,160.2,150.05,154.05,154.05,12,162.94,40400,300,05-FEB-2024,
OPTIDX,NIFTY,26-Dec-2024,14000,PE,0,0,0,20.5,0.05,0,0,3300,0,05-FEB-2024,
OPTIDX,NIFTY,26-Dec-2024,15000,PE,0,0,0,14.2,0.05,0,0,28250,0,05-FEB-2024,
OPTIDX,NIFTY,26-Dec-2024,16000,PE,54.65,54.65,48.9,51.55,51.55,5,40.12,17300,100,05-FEB-2024,
OPTIDX,NIFTY,26-Dec-2024,17000,PE,65.15,77.95,65.15,71,3.25,18,153.63,72600,300,05-FEB-2024,
OPTIDX,NIFTY,26-Dec-2024,18000,PE,108.1,115,103.05,112.85,112.85,89,805.84,253500,-250,05-FEB-2024,
OPTIDX,NIFTY,26-Dec-2024,19000,PE,190.55,197,180.05,193.5,193.5,191,1832.38,434850,650,05-FEB-2024,
OPTIDX,NIFTY,26-Dec-2024,20000,PE,310,328.05,300,323.25,323.25,479,4864.77,555700,5050,05-FEB-2024,
OPTIDX,NIFTY,26-Dec-2024,21000,PE,491.2,538.1,484.95,529.1,529.1,691,7430.29,878700,10700,05-FEB-2024,
OPTIDX,NIFTY,26-Dec-2024,22000,PE,750.8,830.05,750.8,817.15,817.15,833,9487.58,397700,19200,05-FEB-2024,
OPTIDX,NIFTY,26-Dec-2024,23000,PE,1130,1200,1100,1193.2,1193.2,306,3695.42,117000,750,05-FEB-2024,
OPTIDX,NIFTY,26-Dec-2024,24000,PE,1655,1729.95,1608.8,1719.1,1719.1,70,897.9,32700,1100,05-FEB-2024,
OPTIDX,NIFTY,26-Dec-2024,25000,PE,2300,2380.05,2215.45,2378,2378,10,136.69,8950,200,05-FEB-2024,
OPTIDX,NIFTY,26-Dec-2024,26000,PE,3097,3097,2939.7,2950.05,2942.9,3,43.49,150,150,05-FEB-2024,
OPTIDX,NIFTY,26-Dec-2024,27000,PE,0,0,0,4500,3777.3,0,0,50,0,05-FEB-2024,
OPTIDX,NIFTY,26-Jun-2025,16000,CE,0,0,0,3227.55,7206.3,0,0,0,0,05-FEB-2024,
OPTIDX,NIFTY,26-Jun-2025,17000,CE,0,0,0,4165.5,6302.9,0,0,2750,0,05-FEB-2024,
OPTIDX,NIFTY,26-Jun-2025,18000,CE,0,0,0,3934,5411.9,0,0,2200,0,05-FEB-2024,
OPTIDX,NIFTY,26-Jun-2025,19000,CE,0,0,0,3077.9,4546.2,0,0,0,0,05-FEB-2024,
OPTIDX,NIFTY,26-Jun-2025,20000,CE,0,0,0,3180.85,3723.9,0,0,0,0,05-FEB-2024,
OPTIDX,NIFTY,26-Jun-2025,21000,CE,0,0,0,3199.45,2966.05,0,0,0,0,05-FEB-2024,
OPTIDX,NIFTY,26-Jun-2025,22000,CE,0,0,0,2088.15,2292.4,0,0,0,0,05-FEB-2024,
OPTIDX,NIFTY,26-Jun-2025,23000,CE,0,0,0,2003.65,1717.1,0,0,0,0,05-FEB-2024,
OPTIDX,NIFTY,26-Jun-2025,24000,CE,0,0,0,1100.85,1245.9,0,0,0,0,05-FEB-2024,
OPTIDX,NIFTY,26-Jun-2025,25000,CE,0,0,0,945.65,875.95,0,0,0,0,05-FEB-2024,
OPTIDX,NIFTY,26-Jun-2025,26000,CE,0,0,0,811.85,597.25,0,0,0,0,05-FEB-2024,
OPTIDX,NIFTY,26-Jun-2025,27000,CE,0,0,0,803.5,395.35,0,0,0,0,05-FEB-2024,
OPTIDX,NIFTY,26-Jun-2025,14000,PE,0,0,0,42.35,0.1,0,0,675,0,05-FEB-2024,
OPTIDX,NIFTY,26-Jun-2025,15000,PE,0,0,0,134,0.55,0,0,1800,0,05-FEB-2024,
OPTIDX,NIFTY,26-Jun-2025,16000,PE,0,0,0,129.2,2.65,0,0,100,0,05-FEB-2024,
OPTIDX,NIFTY,26-Jun-2025,17000,PE,0,0,0,3497.35,9.7,0,0,0,0,05-FEB-2024,
OPTIDX,NIFTY,26-Jun-2025,18000,PE,0,0,0,3586.15,29.2,0,0,0,0,05-FEB-2024,
OPTIDX,NIFTY,26-Jun-2025,19000,PE,0,0,0,3210.95,74,0,0,0,0,05-FEB-2024,
OPTIDX,NIFTY,26-Jun-2025,20000,PE,0,0,0,599.8,162.2,0,0,900,0,05-FEB-2024,
OPTIDX,NIFTY,26-Jun-2025,21000,PE,0,0,0,3070.85,314.9,0,0,0,0,05-FEB-2024,
OPTIDX,NIFTY,26-Jun-2025,22000,PE,0,0,0,3957.4,551.75,0,0,0,0,05-FEB-2024,
OPTIDX,NIFTY,26-Jun-2025,23000,PE,0,0,0,1170,886.9,0,0,0,0,05-FEB-2024,
OPTIDX,NIFTY,26-Jun-2025,24000,PE,0,0,0,5875.1,1326.25,0,0,0,0,05-FEB-2024,
OPTIDX,NIFTY,26-Jun-2025,25000,PE,0,0,0,6576.35,1866.8,0,0,0,0,05-FEB-2024,
OPTIDX,NIFTY,26-Jun-2025,26000,PE,0,0,0,7299,2498.55,0,0,0,0,05-FEB-2024,
OPTIDX,NIFTY,26-Jun-2025,27000,PE,0,0,0,7438.15,3207.2,0,0,0,0,05-FEB-2024,
OPTIDX,NIFTY,24-Dec-2025,16000,CE,0,0,0,7200,7688.8,0,0,50,0,05-FEB-2024,
OPTIDX,NIFTY,24-Dec-2025,17000,CE,0,0,0,5080,6819,0,0,650,0,05-FEB-2024,
OPTIDX,NIFTY,24-Dec-2025,18000,CE,0,0,0,6099.95,5963.05,0,0,5650,0,05-FEB-2024,
OPTIDX,NIFTY,24-Dec-2025,19000,CE,0,0,0,4401,5131.55,0,0,3200,0,05-FEB-2024,
OPTIDX,NIFTY,24-Dec-2025,19500,CE,0,0,0,3200,4729.15,0,0,1300,0,05-FEB-2024,
OPTIDX,NIFTY,24-Dec-2025,20000,CE,0,0,0,3800,4338.1,0,0,300,0,05-FEB-2024,
OPTIDX,NIFTY,24-Dec-2025,21000,CE,0,0,0,1400,3597.5,0,0,100,0,05-FEB-2024,
OPTIDX,NIFTY,24-Dec-2025,22000,CE,0,0,0,2751.35,2923.55,0,0,600,0,05-FEB-2024,
OPTIDX,NIFTY,24-Dec-2025,23000,CE,0,0,0,2310,2327.05,0,0,2650,0,05-FEB-2024,
OPTIDX,NIFTY,24-Dec-2025,24000,CE,0,0,0,1396.05,1813.9,0,0,0,0,05-FEB-2024,
OPTIDX,NIFTY,24-Dec-2025,25000,CE,0,0,0,1222.85,1385.05,0,0,0,0,05-FEB-2024,
OPTIDX,NIFTY,24-Dec-2025,26000,CE,0,0,0,1070.85,1036.5,0,0,0,0,05-FEB-2024,
OPTIDX,NIFTY,24-Dec-2025,27000,CE,0,0,0,1071,760.8,0,0,0,0,05-FEB-2024,
OPTIDX,NIFTY,24-Dec-2025,13000,PE,0,0,0,400,0.05,0,0,150,0,05-FEB-2024,
OPTIDX,NIFTY,24-Dec-2025,15000,PE,0,0,0,62.15,1.55,0,0,1100,0,05-FEB-2024,
OPTIDX,NIFTY,24-Dec-2025,16000,PE,0,0,0,79,5.55,0,0,2550,0,05-FEB-2024,
OPTIDX,NIFTY,24-Dec-2025,16500,PE,0,0,0,38.15,9.7,0,0,2600,0,05-FEB-2024,
OPTIDX,NIFTY,24-Dec-2025,17000,PE,0,0,0,155.05,16.3,0,0,2400,0,05-FEB-2024,
OPTIDX,NIFTY,24-Dec-2025,18000,PE,0,0,0,324.95,40.85,0,0,3050,0,05-FEB-2024,
OPTIDX,NIFTY,24-Dec-2025,19000,PE,0,0,0,133.1,89.9,0,0,3900,0,05-FEB-2024,
OPTIDX,NIFTY,24-Dec-2025,20000,PE,0,0,0,572,177,0,0,4500,0,05-FEB-2024,
OPTIDX,NIFTY,24-Dec-2025,21000,PE,0,0,0,701,316.9,0,0,3200,0,05-FEB-2024,
OPTIDX,NIFTY,24-Dec-2025,22000,PE,0,0,0,1099,523.5,0,0,2550,0,05-FEB-2024,
OPTIDX,NIFTY,24-Dec-2025,23000,PE,0,0,0,1232,807.5,0,0,1000,0,05-FEB-2024,
OPTIDX,NIFTY,24-Dec-2025,24000,PE,0,0,0,5649,1174.9,0,0,0,0,05-FEB-2024,
OPTIDX,NIFTY,24-Dec-2025,25000,PE,0,0,0,6310.55,1626.55,0,0,0,0,05-FEB-2024,
OPTIDX,NIFTY,24-Dec-2025,26000,PE,0,0,0,6993.25,2158.55,0,0,0,0,05-FEB-2024,
OPTIDX,NIFTY,24-Dec-2025,27000,PE,0,0,0,7112.8,2763.4,0,0,0,0,05-FEB-2024,
OPTIDX,NIFTY,25-Jun-2026,12000,CE,0,0,0,8690,11557,0,0,50,0,05-FEB-2024,
OPTIDX,NIFTY,25-Jun-2026,16000,CE,0,0,0,4748.3,8160.55,0,0,0,0,05-FEB-2024,
OPTIDX,NIFTY,25-Jun-2026,17000,CE,0,0,0,4348.25,7322.55,0,0,0,0,05-FEB-2024,
OPTIDX,NIFTY,25-Jun-2026,18000,CE,0,0,0,4150,6498.4,0,0,200,0,05-FEB-2024,
OPTIDX,NIFTY,25-Jun-2026,19000,CE,0,0,0,2872.25,5696.75,0,0,100,0,05-FEB-2024,
OPTIDX,NIFTY,25-Jun-2026,20000,CE,0,0,0,3829.5,4928,0,0,0,0,05-FEB-2024,
OPTIDX,NIFTY,25-Jun-2026,21000,CE,0,0,0,3881.9,4203.3,0,0,0,0,05-FEB-2024,
OPTIDX,NIFTY,25-Jun-2026,22000,CE,0,0,0,2722.55,3533.05,0,0,0,0,05-FEB-2024,
OPTIDX,NIFTY,25-Jun-2026,23000,CE,0,0,0,2645.65,2925.7,0,0,0,0,05-FEB-2024,
OPTIDX,NIFTY,25-Jun-2026,24000,CE,0,0,0,1698.3,2386.95,0,0,0,0,05-FEB-2024,
OPTIDX,NIFTY,25-Jun-2026,25000,CE,0,0,0,1510.4,1918.95,0,0,0,0,05-FEB-2024,
OPTIDX,NIFTY,25-Jun-2026,26000,CE,0,0,0,1343.15,1520.8,0,0,0,0,05-FEB-2024,
OPTIDX,NIFTY,25-Jun-2026,27000,CE,0,0,0,1352.8,1188.7,0,0,0,0,05-FEB-2024,
OPTIDX,NIFTY,25-Jun-2026,12000,PE,0,0,0,10.05,0.05,0,0,500,0,05-FEB-2024,
OPTIDX,NIFTY,25-Jun-2026,13000,PE,0,0,0,45.25,0.2,0,0,200,0,05-FEB-2024,
OPTIDX,NIFTY,25-Jun-2026,14000,PE,0,0,0,300,0.8,0,0,100,0,05-FEB-2024,
OPTIDX,NIFTY,25-Jun-2026,15000,PE,0,0,0,105.5,2.85,0,0,850,0,05-FEB-2024,
OPTIDX,NIFTY,25-Jun-2026,16000,PE,0,0,0,54.8,8.5,0,0,500,0,05-FEB-2024,
OPTIDX,NIFTY,25-Jun-2026,17000,PE,0,0,0,2627.25,21.75,0,0,0,0,05-FEB-2024,
OPTIDX,NIFTY,25-Jun-2026,18000,PE,0,0,0,3088.05,48.8,0,0,0,0,05-FEB-2024,
OPTIDX,NIFTY,25-Jun-2026,19000,PE,0,0,0,140.45,98.35,0,0,100,0,05-FEB-2024,
OPTIDX,NIFTY,25-Jun-2026,20000,PE,0,0,0,3159.75,180.85,0,0,0,0,05-FEB-2024,
OPTIDX,NIFTY,25-Jun-2026,21000,PE,0,0,0,3065.6,307.35,0,0,0,0,05-FEB-2024,
OPTIDX,NIFTY,25-Jun-2026,22000,PE,0,0,0,3829.5,488.35,0,0,0,0,05-FEB-2024,
OPTIDX,NIFTY,25-Jun-2026,23000,PE,0,0,0,4171.75,732.25,0,0,0,0,05-FEB-2024,
OPTIDX,NIFTY,25-Jun-2026,24000,PE,0,0,0,5437.7,1044.7,0,0,0,0,05-FEB-2024,
OPTIDX,NIFTY,25-Jun-2026,25000,PE,0,0,0,6063.1,1427.95,0,0,0,0,05-FEB-2024,
OPTIDX,NIFTY,25-Jun-2026,26000,PE,0,0,0,6709.2,1881,0,0,0,0,05-FEB-2024,
OPTIDX,NIFTY,25-Jun-2026,27000,PE,0,0,0,6810.7,2400.2,0,0,0,0,05-FEB-2024,
OPTIDX,NIFTY,31-Dec-2026,16000,CE,0,0,0,6200,8631,0,0,50,0,05-FEB-2024,
OPTIDX,NIFTY,31-Dec-2026,17000,CE,0,0,0,4955.1,7823.7,0,0,0,0,05-FEB-2024,
OPTIDX,NIFTY,31-Dec-2026,18000,CE,0,0,0,4501.45,7029.55,0,0,0,0,05-FEB-2024,
OPTIDX,NIFTY,31-Dec-2026,19000,CE,0,0,0,4999,6255.65,0,0,200,0,05-FEB-2024,
OPTIDX,NIFTY,31-Dec-2026,20000,CE,0,0,0,3704.3,5510.1,0,0,0,0,05-FEB-2024,
OPTIDX,NIFTY,31-Dec-2026,21000,CE,0,0,0,3356.25,4801.5,0,0,0,0,05-FEB-2024,
OPTIDX,NIFTY,31-Dec-2026,22000,CE,0,0,0,3039,4138.1,0,0,0,0,05-FEB-2024,
OPTIDX,NIFTY,31-Dec-2026,23000,CE,0,0,0,2020,3526.7,0,0,500,0,05-FEB-2024,
OPTIDX,NIFTY,31-Dec-2026,24000,CE,0,0,0,2010.65,2972.3,0,0,0,0,05-FEB-2024,
OPTIDX,NIFTY,31-Dec-2026,25000,CE,0,0,0,1811.2,2477.75,0,0,0,0,05-FEB-2024,
OPTIDX,NIFTY,31-Dec-2026,26000,CE,0,0,0,1631.05,2043.55,0,0,0,0,05-FEB-2024,
OPTIDX,NIFTY,31-Dec-2026,27000,CE,0,0,0,1651.65,1668.2,0,0,0,0,05-FEB-2024,
OPTIDX,NIFTY,31-Dec-2026,12000,PE,0,0,0,250.1,0.1,0,0,600,0,05-FEB-2024,
OPTIDX,NIFTY,31-Dec-2026,13000,PE,0,0,0,450,0.35,0,0,200,0,05-FEB-2024,
OPTIDX,NIFTY,31-Dec-2026,14000,PE,0,0,0,500,1.35,0,0,950,0,05-FEB-2024,
OPTIDX,NIFTY,31-Dec-2026,15000,PE,0,0,0,118.9,4.2,0,0,2200,0,05-FEB-2024,
OPTIDX,NIFTY,31-Dec-2026,16000,PE,0,0,0,73.05,11.15,0,0,2450,0,05-FEB-2024,
OPTIDX,NIFTY,31-Dec-2026,17000,PE,0,0,0,70,25.8,0,0,2650,0,05-FEB-2024,
OPTIDX,NIFTY,31-Dec-2026,18000,PE,0,0,0,374.15,53.7,0,0,6350,0,05-FEB-2024,
OPTIDX,NIFTY,31-Dec-2026,19000,PE,0,0,0,450,101.75,0,0,3200,0,05-FEB-2024,
OPTIDX,NIFTY,31-Dec-2026,20000,PE,0,0,0,600,178.2,0,0,3750,0,05-FEB-2024,
OPTIDX,NIFTY,31-Dec-2026,21000,PE,0,0,0,649,291.6,0,0,850,0,05-FEB-2024,
OPTIDX,NIFTY,31-Dec-2026,22000,PE,0,0,0,609.65,450.15,0,0,100,0,05-FEB-2024,
OPTIDX,NIFTY,31-Dec-2026,23000,PE,0,0,0,957.4,660.75,0,0,6200,0,05-FEB-2024,
OPTIDX,NIFTY,31-Dec-2026,24000,PE,0,0,0,5233.45,928.35,0,0,0,0,05-FEB-2024,
OPTIDX,NIFTY,31-Dec-2026,25000,PE,0,0,0,5825.75,1255.8,0,0,0,0,05-FEB-2024,
OPTIDX,NIFTY,31-Dec-2026,26000,PE,0,0,0,6437.4,1643.6,0,0,0,0,05-FEB-2024,
OPTIDX,NIFTY,31-Dec-2026,27000,PE,0,0,0,6522.3,2090.2,0,0,0,0,05-FEB-2024,
OPTIDX,NIFTY,24-Jun-2027,16000,CE,0,0,0,4898.4,9051.7,0,0,0,0,05-FEB-2024,
OPTIDX,NIFTY,24-Jun-2027,17000,CE,0,0,0,4464.7,8271.2,0,0,0,0,05-FEB-2024,
OPTIDX,NIFTY,24-Jun-2027,18000,CE,0,0,0,4066.45,7503,0,0,0,0,05-FEB-2024,
OPTIDX,NIFTY,24-Jun-2027,19000,CE,0,0,0,3701.25,6752.9,0,0,100,0,05-FEB-2024,
OPTIDX,NIFTY,24-Jun-2027,20000,CE,0,0,0,3367.05,6027.6,0,0,0,0,05-FEB-2024,
OPTIDX,NIFTY,24-Jun-2027,21000,CE,0,0,0,3061.8,5334.1,0,0,0,0,05-FEB-2024,
OPTIDX,NIFTY,24-Jun-2027,22000,CE,0,0,0,2783.5,4679.05,0,0,0,0,05-FEB-2024,
OPTIDX,NIFTY,24-Jun-2027,23000,CE,0,0,0,2530.05,4068.2,0,0,0,0,05-FEB-2024,
OPTIDX,NIFTY,24-Jun-2027,24000,CE,0,0,0,2299.55,3506.1,0,0,0,0,05-FEB-2024,
OPTIDX,NIFTY,24-Jun-2027,25000,CE,0,0,0,2090.05,2995.6,0,0,0,0,05-FEB-2024,
OPTIDX,NIFTY,24-Jun-2027,26000,CE,0,0,0,1900.85,2537.95,0,0,0,0,05-FEB-2024,
OPTIDX,NIFTY,24-Jun-2027,27000,CE,0,0,0,1932.5,2132.8,0,0,0,0,05-FEB-2024,
OPTIDX,NIFTY,24-Jun-2027,16000,PE,0,0,0,1476.1,13.05,0,0,0,0,05-FEB-2024,
OPTIDX,NIFTY,24-Jun-2027,17000,PE,0,0,0,1814.75,28.35,0,0,0,0,05-FEB-2024,
OPTIDX,NIFTY,24-Jun-2027,18000,PE,0,0,0,2188.9,55.9,0,0,0,0,05-FEB-2024,
OPTIDX,NIFTY,24-Jun-2027,19000,PE,0,0,0,170,101.65,0,0,250,0,05-FEB-2024,
OPTIDX,NIFTY,24-Jun-2027,20000,PE,0,0,0,3034.2,172.15,0,0,0,0,05-FEB-2024,
OPTIDX,NIFTY,24-Jun-2027,21000,PE,0,0,0,3501.35,274.5,0,0,0,0,05-FEB-2024,
OPTIDX,NIFTY,24-Jun-2027,22000,PE,0,0,0,3995.4,415.25,0,0,0,0,05-FEB-2024,
OPTIDX,NIFTY,24-Jun-2027,23000,PE,0,0,0,4514.3,600.25,0,0,0,0,05-FEB-2024,
OPTIDX,NIFTY,24-Jun-2027,24000,PE,0,0,0,5056.2,833.95,0,0,0,0,05-FEB-2024,
OPTIDX,NIFTY,24-Jun-2027,25000,PE,0,0,0,5619.05,1119.25,0,0,0,0,05-FEB-2024,
OPTIDX,NIFTY,24-Jun-2027,26000,PE,0,0,0,6202.2,1457.4,0,0,0,0,05-FEB-2024,
OPTIDX,NIFTY,24-Jun-2027,27000,PE,0,0,0,6273.45,1848.05,0,0,0,0,05-FEB-2024,
OPTIDX,NIFTY,30-Dec-2027,16000,CE,0,0,0,7354.45,9490.55,0,0,0,0,05-FEB-2024,
OPTIDX,NIFTY,30-Dec-2027,17000,CE,0,0,0,6805.5,8737.5,0,0,0,0,05-FEB-2024,
OPTIDX,NIFTY,30-Dec-2027,18000,CE,0,0,0,6285.7,7995.65,0,0,0,0,05-FEB-2024,
OPTIDX,NIFTY,30-Dec-2027,19000,CE,0,0,0,5794.9,7269.9,0,0,0,0,05-FEB-2024,
OPTIDX,NIFTY,30-Dec-2027,20000,CE,0,0,0,5333.85,6565.65,0,0,0,0,05-FEB-2024,
OPTIDX,NIFTY,30-Dec-2027,21000,CE,0,0,0,4902.4,5888.6,0,0,0,0,05-FEB-2024,
OPTIDX,NIFTY,30-Dec-2027,22000,CE,0,0,0,4499.55,5244.25,0,0,0,0,05-FEB-2024,
OPTIDX,NIFTY,30-Dec-2027,23000,CE,0,0,0,4125.7,4637.45,0,0,0,0,05-FEB-2024,
OPTIDX,NIFTY,30-Dec-2027,24000,CE,0,0,0,3778.95,4072.15,0,0,0,0,05-FEB-2024,
OPTIDX,NIFTY,30-Dec-2027,25000,CE,0,0,0,3458.35,3551.15,0,0,0,0,05-FEB-2024,
OPTIDX,NIFTY,30-Dec-2027,26000,CE,0,0,0,3162.4,3076.05,0,0,0,0,05-FEB-2024,
OPTIDX,NIFTY,30-Dec-2027,27000,CE,0,0,0,2889.8,2647.3,0,0,0,0,05-FEB-2024,
OPTIDX,NIFTY,30-Dec-2027,15000,PE,0,0,0,27.8,6.35,0,0,350,0,05-FEB-2024,
OPTIDX,NIFTY,30-Dec-2027,16000,PE,0,0,0,479.35,14.5,0,0,0,0,05-FEB-2024,
OPTIDX,NIFTY,30-Dec-2027,17000,PE,0,0,0,514,29.95,0,0,14250,0,05-FEB-2024,
OPTIDX,NIFTY,30-Dec-2027,18000,PE,0,0,0,74.8,56.55,0,0,10500,0,05-FEB-2024,
OPTIDX,NIFTY,30-Dec-2027,19000,PE,0,0,0,760,99.25,0,0,700,0,05-FEB-2024,
OPTIDX,NIFTY,30-Dec-2027,20000,PE,0,0,0,749.95,163.5,0,0,1700,0,05-FEB-2024,
OPTIDX,NIFTY,30-Dec-2027,21000,PE,0,0,0,1563.55,254.95,0,0,0,0,05-FEB-2024,
OPTIDX,NIFTY,30-Dec-2027,22000,PE,0,0,0,1867.9,379.1,0,0,0,0,05-FEB-2024,
OPTIDX,NIFTY,30-Dec-2027,23000,PE,0,0,0,2201.3,540.75,0,0,0,0,05-FEB-2024,
OPTIDX,NIFTY,30-Dec-2027,24000,PE,0,0,0,2561.85,743.95,0,0,0,0,05-FEB-2024,
OPTIDX,NIFTY,30-Dec-2027,25000,PE,0,0,0,2948.45,991.4,0,0,0,0,05-FEB-2024,
OPTIDX,NIFTY,30-Dec-2027,26000,PE,0,0,0,3359.75,1284.8,0,0,0,0,05-FEB-2024,
OPTIDX,NIFTY,30-Dec-2027,27000,PE,0,0,0,3794.4,1624.5,0,0,0,0,05-FEB-2024,
OPTIDX,NIFTY,29-Jun-2028,16000,CE,0,0,0,8002.3,9898.45,0,0,0,0,05-FEB-2024,
OPTIDX,NIFTY,29-Jun-2028,17000,CE,0,0,0,7393.45,9170.55,0,0,0,0,05-FEB-2024,
OPTIDX,NIFTY,29-Jun-2028,18000,CE,0,0,0,6809.35,8452.85,0,0,0,0,05-FEB-2024,
OPTIDX,NIFTY,29-Jun-2028,19000,CE,0,0,0,6252.25,7749.45,0,0,0,0,05-FEB-2024,
OPTIDX,NIFTY,29-Jun-2028,20000,CE,0,0,0,5724.65,7064.9,0,0,0,0,05-FEB-2024,
OPTIDX,NIFTY,29-Jun-2028,21000,CE,0,0,0,5226.55,6403.95,0,0,0,0,05-FEB-2024,
OPTIDX,NIFTY,29-Jun-2028,22000,CE,0,0,0,4759.5,5771.1,0,0,0,0,05-FEB-2024,
OPTIDX,NIFTY,29-Jun-2028,23000,CE,0,0,0,4323.1,5170.65,0,0,0,0,05-FEB-2024,
OPTIDX,NIFTY,29-Jun-2028,24000,CE,0,0,0,3918.85,4605.95,0,0,0,0,05-FEB-2024,
OPTIDX,NIFTY,29-Jun-2028,25000,CE,0,0,0,3545.15,4079.8,0,0,0,0,05-FEB-2024,
OPTIDX,NIFTY,29-Jun-2028,26000,CE,0,0,0,3200.9,3593.85,0,0,0,0,05-FEB-2024,
OPTIDX,NIFTY,29-Jun-2028,27000,CE,0,0,0,2885.15,3148.95,0,0,0,0,05-FEB-2024,
OPTIDX,NIFTY,29-Jun-2028,16000,PE,0,0,0,194.2,15.45,0,0,0,0,05-FEB-2024,
OPTIDX,NIFTY,29-Jun-2028,17000,PE,0,0,0,283.1,30.6,0,0,0,0,05-FEB-2024,
OPTIDX,NIFTY,29-Jun-2028,18000,PE,0,0,0,396.75,55.95,0,0,0,0,05-FEB-2024,
OPTIDX,NIFTY,29-Jun-2028,19000,PE,0,0,0,537.45,95.6,0,0,0,0,05-FEB-2024,
OPTIDX,NIFTY,29-Jun-2028,20000,PE,0,0,0,707.55,154.1,0,0,0,0,05-FEB-2024,
OPTIDX,NIFTY,29-Jun-2028,21000,PE,0,0,0,907.2,236.15,0,0,0,0,05-FEB-2024,
OPTIDX,NIFTY,29-Jun-2028,22000,PE,0,0,0,1137.9,346.4,0,0,0,0,05-FEB-2024,
OPTIDX,NIFTY,29-Jun-2028,23000,PE,0,0,0,1399.25,488.95,0,0,0,0,05-FEB-2024,
OPTIDX,NIFTY,29-Jun-2028,24000,PE,0,0,0,1692.75,667.35,0,0,0,0,05-FEB-2024,
OPTIDX,NIFTY,29-Jun-2028,25000,PE,0,0,0,2016.8,884.2,0,0,0,0,05-FEB-2024,
OPTIDX,NIFTY,29-Jun-2028,26000,PE,0,0,0,2370.3,1141.3,0,0,0,0,05-FEB-2024,
OPTIDX,NIFTY,29-Jun-2028,27000,PE,0,0,0,2752.35,1439.45,0,0,0,0,05-FEB-2024,
OPTIDX,NIFTY,28-Dec-2028,16000,CE,0,0,0,10704.45,10292.45,0,0,0,0,05-FEB-2024,
OPTIDX,NIFTY,28-Dec-2028,17000,CE,0,0,0,10036.4,9588.6,0,0,0,0,05-FEB-2024,
OPTIDX,NIFTY,28-Dec-2028,18000,CE,0,0,0,9380.3,8894.05,0,0,0,0,05-FEB-2024,
OPTIDX,NIFTY,28-Dec-2028,19000,CE,0,0,0,8739,8212.15,0,0,0,0,05-FEB-2024,
OPTIDX,NIFTY,28-Dec-2028,20000,CE,0,0,0,8115.5,7546.85,0,0,0,0,05-FEB-2024,
OPTIDX,NIFTY,28-Dec-2028,21000,CE,0,0,0,7512.5,6902.05,0,0,0,0,05-FEB-2024,
OPTIDX,NIFTY,28-Dec-2028,22000,CE,0,0,0,6932.45,6281.7,0,0,0,0,05-FEB-2024,
OPTIDX,NIFTY,28-Dec-2028,23000,CE,0,0,0,6377.6,5689.35,0,0,0,0,05-FEB-2024,
OPTIDX,NIFTY,28-Dec-2028,24000,CE,0,0,0,5850.3,5128.1,0,0,0,0,05-FEB-2024,
OPTIDX,NIFTY,28-Dec-2028,25000,CE,0,0,0,5350.4,4600.45,0,0,0,0,05-FEB-2024,
OPTIDX,NIFTY,28-Dec-2028,26000,CE,0,0,0,4879.7,4108.15,0,0,0,0,05-FEB-2024,
OPTIDX,NIFTY,28-Dec-2028,27000,CE,0,0,0,4437.95,3652.2,0,0,0,0,05-FEB-2024,
OPTIDX,NIFTY,28-Dec-2028,16000,PE,0,0,0,39.6,15.95,0,0,0,0,05-FEB-2024,
OPTIDX,NIFTY,28-Dec-2028,17000,PE,0,0,0,66.15,30.6,0,0,0,0,05-FEB-2024,
OPTIDX,NIFTY,28-Dec-2028,18000,PE,0,0,0,104.65,54.45,0,0,0,0,05-FEB-2024,
OPTIDX,NIFTY,28-Dec-2028,19000,PE,0,0,0,158,91.05,0,0,0,0,05-FEB-2024,
OPTIDX,NIFTY,28-Dec-2028,20000,PE,0,0,0,229.1,144.2,0,0,0,0,05-FEB-2024,
OPTIDX,NIFTY,28-Dec-2028,21000,PE,0,0,0,320.7,217.85,0,0,0,0,05-FEB-2024,
OPTIDX,NIFTY,28-Dec-2028,22000,PE,0,0,0,435.3,315.95,0,0,0,0,05-FEB-2024,
OPTIDX,NIFTY,28-Dec-2028,23000,PE,0,0,0,575.05,442.05,0,0,0,0,05-FEB-2024,
OPTIDX,NIFTY,28-Dec-2028,24000,PE,0,0,0,742.35,599.25,0,0,0,0,05-FEB-2024,
OPTIDX,NIFTY,28-Dec-2028,25000,PE,0,0,0,937.05,790.05,0,0,0,0,05-FEB-2024,
OPTIDX,NIFTY,28-Dec-2028,26000,PE,0,0,0,1160.95,1016.15,0,0,0,0,05-FEB-2024,
OPTIDX,NIFTY,28-Dec-2028,27000,PE,0,0,0,1413.85,1278.7,0,0,0,0,05-FEB-2024,
