INSTRUMENT,SYMBOL,EXPIRY_DT,STRIKE_PR,OPTION_TYP,OPEN,HIGH,LOW,CLOSE,SETTLE_PR,CONTRACTS,VAL_INLAKH,OPEN_INT,CHG_IN_OI,TIMESTAMP,
FUTIDX,NIFTY,29-Feb-2024,0,XX,21836.6,22015,21790.05,21979.55,21979.55,129365,1418429.68,12047300,254450,06-FEB-2024,
FUTIDX,NIFTY,28-Mar-2024,0,XX,21968.45,22150,21930.75,22120.05,22120.05,9112,100555.09,1072700,84800,06-FEB-2024,
FUTIDX,NIFTY,25-Apr-2024,0,XX,22107.4,22288,22080.9,22256.05,22256.05,2328,25844.68,349800,27150,06-FEB-2024,
OPTIDX,NIFTY,08-Feb-2024,19500,CE,2266.15,2396.15,2266.15,2396.15,2396.15,8,87.29,2650,50,06-FEB-2024,
OPTIDX,NIFTY,08-Feb-2024,19550,CE,2054.2,2370,2054.2,2370,2370,17,186.16,350,-750,06-FEB-2024,
OPTIDX,NIFTY,08-Feb-2024,19600,CE,0,0,0,2158.6,2336.65,0,0,1050,0,06-FEB-2024,
OPTIDX,NIFTY,08-Feb-2024,19650,CE,2129.1,2129.1,2129.1,2129.1,2286.65,2,21.77,100,50,06-FEB-2024,
OPTIDX,NIFTY,08-Feb-2024,19700,CE,0,0,0,2021.3,2236.7,0,0,1000,0,06-FEB-2024,
OPTIDX,NIFTY,08-Feb-2024,19750,CE,0,0,0,1977,2186.7,0,0,300,0,06-FEB-2024,
OPTIDX,NIFTY,08-Feb-2024,19800,CE,0,0,0,1919.35,2136.7,0,0,1600,0,06-FEB-2024,
OPTIDX,NIFTY,08-Feb-2024,19850,CE,0,0,0,2070,2086.75,0,0,400,0,06-FEB-2024,
OPTIDX,NIFTY,08-Feb-2024,19900,CE,0,0,0,2200,2036.75,0,0,1300,0,06-FEB-2024,
OPTIDX,NIFTY,08-Feb-2024,19950,CE,0,0,0,1856.4,1986.8,0,0,0,0,06-FEB-2024,
OPTIDX,NIFTY,08-Feb-2024,20000,CE,1853.75,1937,1853.75,1925.95,1925.95,53,580.68,58400,-1250,06-FEB-2024,
OPTIDX,NIFTY,08-Feb-2024,20050,CE,0,0,0,1875.4,1886.8,0,0,50,0,06-FEB-2024,
OPTIDX,NIFTY,08-Feb-2024,20100,CE,0,0,0,1610.15,1836.85,0,0,7000,0,06-FEB-2024,
OPTIDX,NIFTY,08-Feb-2024,20150,CE,1600,1641,1600,1631,1786.85,6,65.32,5750,-100,06-FEB-2024,
OPTIDX,NIFTY,08-Feb-2024,20200,CE,1620,1720.7,1570,1720,1720,141,1539.84,5050,2450,06-FEB-2024,
OPTIDX,NIFTY,08-Feb-2024,20250,CE,0,0,0,1593.95,1686.9,0,0,1400,0,06-FEB-2024,
OPTIDX,NIFTY,08-Feb-2024,20300,CE,1455.55,1630.85,1438.4,1630.85,1636.9,6,65.43,1850,-100,06-FEB-2024,
OPTIDX,NIFTY,08-Feb-2024,20350,CE,1511.9,1511.9,1465.65,1465.65,1586.9,8,87.35,800,200,06-FEB-2024,
OPTIDX,NIFTY,08-Feb-2024,20400,CE,1425,1539.15,1425,1539.15,1536.95,30,328.29,9250,-1150,06-FEB-2024,
OPTIDX,NIFTY,08-Feb-2024,20450,CE,1270,1421,1270,1421,1486.95,7,76.31,600,-250,06-FEB-2024,
OPTIDX,NIFTY,08-Feb-2024,20500,CE,1280,1424.45,1257.25,1415.9,1415.9,176,1919.18,41600,-5850,06-FEB-2024,
OPTIDX,NIFTY,08-Feb-2024,20550,CE,0,0,0,1186,1387,0,0,250,0,06-FEB-2024,
OPTIDX,NIFTY,08-Feb-2024,20600,CE,1175.55,1330,1122.95,1300.25,1337,75,816.6,4850,850,06-FEB-2024,
OPTIDX,NIFTY,08-Feb-2024,20650,CE,0,0,0,1041,1287.05,0,0,3950,0,06-FEB-2024,
OPTIDX,NIFTY,08-Feb-2024,20700,CE,1066.95,1246.7,1023,1227.95,1227.95,88,959.02,20950,-300,06-FEB-2024,
OPTIDX,NIFTY,08-Feb-2024,20750,CE,0,0,0,1158.95,1187.05,0,0,1000,0,06-FEB-2024,
OPTIDX,NIFTY,08-Feb-2024,20800,CE,986.4,1137.5,986.4,1137.5,1137.5,7,76.63,12400,-150,06-FEB-2024,
OPTIDX,NIFTY,08-Feb-2024,20850,CE,0,0,0,875,1087.1,0,0,200,0,06-FEB-2024,
OPTIDX,NIFTY,08-Feb-2024,20900,CE,884.95,1043.55,824.05,1043.55,1037.15,53,578.16,7100,-350,06-FEB-2024,
OPTIDX,NIFTY,08-Feb-2024,20950,CE,0,0,0,786.95,987.15,0,0,800,0,06-FEB-2024,
OPTIDX,NIFTY,08-Feb-2024,21000,CE,785.05,961.55,730,933.55,933.55,3591,39192.67,254750,-8650,06-FEB-2024,
OPTIDX,NIFTY,08-Feb-2024,21050,CE,731.85,889,720.35,889,887.2,37,404.19,2150,-650,06-FEB-2024,
OPTIDX,NIFTY,08-Feb-2024,21100,CE,694.35,852,641.35,836.1,836.1,296,3234.98,98400,-2100,06-FEB-2024,
OPTIDX,NIFTY,08-Feb-2024,21150,CE,588.05,800,588.05,773.5,773.5,267,2920.91,7200,-4350,06-FEB-2024,
OPTIDX,NIFTY,08-Feb-2024,21200,CE,566.95,758,542.5,731.35,731.35,1448,15837.56,121650,1350,06-FEB-2024,
OPTIDX,NIFTY,08-Feb-2024,21250,CE,540.25,705.3,501.6,690.35,690.35,407,4441.96,20500,2900,06-FEB-2024,
OPTIDX,NIFTY,08-Feb-2024,21300,CE,480.9,659.9,447.25,647.55,647.55,2289,25023.95,132050,-100,06-FEB-2024,
OPTIDX,NIFTY,08-Feb-2024,21350,CE,450,619.8,404.35,592.5,592.5,832,9087.76,28650,400,06-FEB-2024,
OPTIDX,NIFTY,08-Feb-2024,21400,CE,392.45,568,360,537.3,537.3,6280,68647.74,194500,-18350,06-FEB-2024,
OPTIDX,NIFTY,08-Feb-2024,21450,CE,355.85,522,320,483.55,483.55,6671,72931.08,46900,9050,06-FEB-2024,
OPTIDX,NIFTY,08-Feb-2024,21500,CE,305,476.45,281.25,442.9,442.9,52149,570541.19,430450,-136350,06-FEB-2024,
OPTIDX,NIFTY,08-Feb-2024,21550,CE,280.15,431.1,245.75,393.2,393.2,14311,156591.55,67750,-3000,06-FEB-2024,
OPTIDX,NIFTY,08-Feb-2024,21600,CE,256.9,386.95,211.85,350.65,350.65,109269,1196128.66,381350,-76450,06-FEB-2024,
OPTIDX,NIFTY,08-Feb-2024,21650,CE,211.25,344,180.65,310.55,310.55,91141,997887.42,172750,7300,06-FEB-2024,
OPTIDX,NIFTY,08-Feb-2024,21700,CE,166.05,301.9,152.35,267.5,267.5,595532,6526630.91,1380000,-281150,06-FEB-2024,
OPTIDX,NIFTY,08-Feb-2024,21750,CE,138.8,262.8,127.15,229.45,229.45,554913,6085073.87,470500,-554100,06-FEB-2024,
OPTIDX,NIFTY,08-Feb-2024,21800,CE,119.95,225.3,105,194.4,194.4,2250367,24707814.67,2231500,-1203900,06-FEB-2024,
OPTIDX,NIFTY,08-Feb-2024,21850,CE,90.9,190.5,86.1,161.65,161.65,1707751,18773368.45,1496150,800,06-FEB-2024,
OPTIDX,NIFTY,08-Feb-2024,21900,CE,79.1,157.7,70,132.6,132.6,3339654,36767119.56,4866650,-471600,06-FEB-2024,
OPTIDX,NIFTY,08-Feb-2024,21950,CE,66.95,128.75,56.15,106.6,106.6,1712021,18873081.95,2206150,186900,06-FEB-2024,
OPTIDX,NIFTY,08-Feb-2024,22000,CE,61.8,102.8,44.7,84.35,84.35,2833595,31277043.01,4927750,-2367900,06-FEB-2024,
OPTIDX,NIFTY,08-Feb-2024,22050,CE,45,80.55,35.5,64.8,64.8,940806,10400003.04,1645000,-402650,06-FEB-2024,
OPTIDX,NIFTY,08-Feb-2024,22100,CE,55,61.05,27.35,48.75,48.75,1632110,18071588.71,4661200,-715450,06-FEB-2024,
OPTIDX,NIFTY,08-Feb-2024,22150,CE,27.35,45.7,20.65,35.85,35.85,907805,10069253.57,2063700,41500,06-FEB-2024,
OPTIDX,NIFTY,08-Feb-2024,22200,CE,20.45,34.05,15.75,25.7,25.7,1626835,18078094.56,5345950,934250,06-FEB-2024,
OPTIDX,NIFTY,08-Feb-2024,22250,CE,16.35,25.45,12,18.45,18.45,893205,9945113.21,2105950,518050,06-FEB-2024,
OPTIDX,NIFTY,08-Feb-2024,22300,CE,13.6,18.2,9.05,12.65,12.65,1171894,13074342.33,3626500,-102450,06-FEB-2024,
OPTIDX,NIFTY,08-Feb-2024,22350,CE,10,13,6.75,8.65,8.65,824348,9215936.67,2378700,32100,06-FEB-2024,
OPTIDX,NIFTY,08-Feb-2024,22400,CE,7.75,9.8,5,5.7,5.7,1269296,14220248.47,4745700,742850,06-FEB-2024,
OPTIDX,NIFTY,08-Feb-2024,22450,CE,6.25,8,3.55,3.9,3.9,689298,7739021.31,2618600,371500,06-FEB-2024,
OPTIDX,NIFTY,08-Feb-2024,22500,CE,4.7,5.9,2.55,2.75,2.75,1283648,14443387.24,6886700,1090850,06-FEB-2024,
OPTIDX,NIFTY,08-Feb-2024,22550,CE,4.3,4.65,1.7,1.95,1.95,491141,5538240.49,2229050,-183250,06-FEB-2024,
OPTIDX,NIFTY,08-Feb-2024,22600,CE,3.05,4.1,1.25,1.45,1.45,746366,8434689.33,5743800,1815650,06-FEB-2024,
OPTIDX,NIFTY,08-Feb-2024,22650,CE,2.6,3.2,1.1,1.2,1.2,130597,1479128.32,1804650,-40250,06-FEB-2024,
OPTIDX,NIFTY,08-Feb-2024,22700,CE,1.8,2.75,1,1.15,1.15,494673,5614920.03,4920250,-791150,06-FEB-2024,
OPTIDX,NIFTY,08-Feb-2024,22750,CE,2.2,2.5,0.95,1,1,111763,1271388.98,1145150,-334450,06-FEB-2024,
OPTIDX,NIFTY,08-Feb-2024,22800,CE,2,2.35,0.9,1,1,319646,3644188.8,4185000,-187100,06-FEB-2024,
OPTIDX,NIFTY,08-Feb-2024,22850,CE,1.85,2.25,0.7,0.85,0.85,113845,1300751.12,827100,-888600,06-FEB-2024,
OPTIDX,NIFTY,08-Feb-2024,22900,CE,1.6,1.95,0.55,0.8,0.8,208196,2383971.12,1946850,-828050,06-FEB-2024,
OPTIDX,NIFTY,08-Feb-2024,22950,CE,1.6,2,0.7,0.8,0.8,37443,429679.28,491800,-235750,06-FEB-2024,
OPTIDX,NIFTY,08-Feb-2024,23000,CE,1.55,1.8,0.75,0.85,0.85,397280,4568954.39,6709550,-288750,06-FEB-2024,
OPTIDX,NIFTY,08-Feb-2024,23050,CE,1.55,1.75,0.65,0.75,0.75,38873,448031.12,288950,-315500,06-FEB-2024,
OPTIDX,NIFTY,08-Feb-2024,23100,CE,1.35,1.55,0.65,0.7,0.7,87624,1012101.58,907850,-39800,06-FEB-2024,
OPTIDX,NIFTY,08-Feb-2024,23150,CE,1.3,1.85,0.6,0.75,0.75,19332,223776.94,320150,-60750,06-FEB-2024,
OPTIDX,NIFTY,08-Feb-2024,23200,CE,1.15,1.4,0.55,0.6,0.6,119838,1390174.04,1860550,-269400,06-FEB-2024,
OPTIDX,NIFTY,08-Feb-2024,23250,CE,1.2,1.4,0.5,0.6,0.6,13721,159512.17,309100,-51950,06-FEB-2024,
OPTIDX,NIFTY,08-Feb-2024,23300,CE,1,1.3,0.45,0.5,0.5,70364,819767.43,971500,70100,06-FEB-2024,
OPTIDX,NIFTY,08-Feb-2024,23350,CE,1,1.25,0.4,0.5,0.5,11024,128709.2,177400,21400,06-FEB-2024,
OPTIDX,NIFTY,08-Feb-2024,23400,CE,1.1,1.2,0.45,0.5,0.5,25014,292673.42,824750,-77450,06-FEB-2024,
OPTIDX,NIFTY,08-Feb-2024,23450,CE,1.1,1.15,0.45,0.5,0.5,10853,127255.53,149200,-44100,06-FEB-2024,
OPTIDX,NIFTY,08-Feb-2024,23500,CE,0.7,1.1,0.4,0.45,0.45,116146,1364753.11,2844900,-215650,06-FEB-2024,
OPTIDX,NIFTY,08-Feb-2024,23550,CE,0.85,1.05,0.4,0.45,0.45,18379,216418.33,408850,55500,06-FEB-2024,
OPTIDX,NIFTY,08-Feb-2024,23600,CE,0.9,1,0.35,0.4,0.4,31366,370126.92,1299500,-5950,06-FEB-2024,
OPTIDX,NIFTY,08-Feb-2024,23650,CE,0.95,0.95,0.4,0.4,0.4,7386,87341.68,241000,-1350,06-FEB-2024,
OPTIDX,NIFTY,08-Feb-2024,23700,CE,0.65,1,0.35,0.4,0.4,24232,287155.26,946500,-2250,06-FEB-2024,
OPTIDX,NIFTY,08-Feb-2024,23750,CE,0.8,0.9,0.1,0.5,0.5,6323,75087.39,307400,4950,06-FEB-2024,
OPTIDX,NIFTY,08-Feb-2024,23800,CE,0.65,0.85,0.4,0.45,0.45,41156,489767.91,2254400,32000,06-FEB-2024,
OPTIDX,NIFTY,08-Feb-2024,23850,CE,0.8,0.85,0.35,0.45,0.45,40296,480540.19,2026950,22150,06-FEB-2024,
OPTIDX,NIFTY,08-Feb-2024,19500,PE,0.6,1.15,0.45,0.95,0.95,263733,2571503.38,3215400,-1248050,06-FEB-2024,
OPTIDX,NIFTY,08-Feb-2024,19550,PE,0.5,1.2,0.5,1.05,1.05,44894,438859.45,476500,290300,06-FEB-2024,
OPTIDX,NIFTY,08-Feb-2024,19600,PE,0.75,1.15,0.5,1,1,27562,270119.31,1171250,159200,06-FEB-2024,
OPTIDX,NIFTY,08-Feb-2024,19650,PE,0.6,1.2,0.45,1.05,1.05,12523,123043.49,65100,-77750,06-FEB-2024,
OPTIDX,NIFTY,08-Feb-2024,19700,PE,0.6,1.3,0.45,1.1,1.1,46755,460556.62,542350,83550,06-FEB-2024,
OPTIDX,NIFTY,08-Feb-2024,19750,PE,0.55,1.4,0.1,1.1,1.1,10018,98932.21,45850,-40700,06-FEB-2024,
OPTIDX,NIFTY,08-Feb-2024,19800,PE,0.7,3.4,0.6,1.2,1.2,73487,727557.83,1044700,841450,06-FEB-2024,
OPTIDX,NIFTY,08-Feb-2024,19850,PE,0.5,1.25,0.5,1.1,1.1,12527,124336.08,59400,-2000,06-FEB-2024,
OPTIDX,NIFTY,08-Feb-2024,19900,PE,0.7,1.3,0.6,1.2,1.2,64922,646007.93,1005350,623400,06-FEB-2024,
OPTIDX,NIFTY,08-Feb-2024,19950,PE,0.75,1.45,0.55,1.2,1.2,9744,97200.98,49450,-26050,06-FEB-2024,
OPTIDX,NIFTY,08-Feb-2024,20000,PE,0.8,1.3,0.7,1.2,1.2,154955,1549627.12,2920450,601300,06-FEB-2024,
OPTIDX,NIFTY,08-Feb-2024,20050,PE,0.65,1.5,0.65,1.25,1.25,8651,86730.43,38950,-28450,06-FEB-2024,
OPTIDX,NIFTY,08-Feb-2024,20100,PE,0.85,1.3,0.7,1.25,1.25,39007,392039.57,161350,9350,06-FEB-2024,
OPTIDX,NIFTY,08-Feb-2024,20150,PE,0.95,1.35,0.6,1.25,1.25,12565,126598.71,55800,-9000,06-FEB-2024,
OPTIDX,NIFTY,08-Feb-2024,20200,PE,1,1.5,0.85,1.25,1.25,61050,616635.83,491900,-151050,06-FEB-2024,
OPTIDX,NIFTY,08-Feb-2024,20250,PE,1.05,1.4,0.7,1.3,1.3,21063,213274.03,170350,-7550,06-FEB-2024,
OPTIDX,NIFTY,08-Feb-2024,20300,PE,1.05,1.4,0.8,1.25,1.25,103079,1046305.15,798500,-88750,06-FEB-2024,
OPTIDX,NIFTY,08-Feb-2024,20350,PE,1.05,1.5,0.8,1.35,1.35,20414,207724.21,108650,-24450,06-FEB-2024,
OPTIDX,NIFTY,08-Feb-2024,20400,PE,1.2,2.85,0.95,1.35,1.35,69458,708511.55,549300,-149250,06-FEB-2024,
OPTIDX,NIFTY,08-Feb-2024,20450,PE,1.3,1.55,0.95,1.35,1.35,26509,271070.66,219550,-69900,06-FEB-2024,
OPTIDX,NIFTY,08-Feb-2024,20500,PE,1.25,1.6,1.05,1.35,1.35,247492,2536948.32,3180200,-708850,06-FEB-2024,
OPTIDX,NIFTY,08-Feb-2024,20550,PE,1.15,1.8,1,1.5,1.5,27737,285015.89,211150,-53100,06-FEB-2024,
OPTIDX,NIFTY,08-Feb-2024,20600,PE,1.15,1.65,1,1.45,1.45,150644,1551728.93,866450,-404600,06-FEB-2024,
OPTIDX,NIFTY,08-Feb-2024,20650,PE,1.25,1.7,1.05,1.55,1.55,44758,462157.34,335400,-106300,06-FEB-2024,
OPTIDX,NIFTY,08-Feb-2024,20700,PE,1.45,1.85,1.1,1.7,1.7,218221,2258749.57,1732500,-68900,06-FEB-2024,
OPTIDX,NIFTY,08-Feb-2024,20750,PE,1.55,1.95,1.15,1.75,1.75,87777,910755.91,664200,-105600,06-FEB-2024,
OPTIDX,NIFTY,08-Feb-2024,20800,PE,1.7,2.1,1.35,1.8,1.8,354032,3682224.88,2241800,-647050,06-FEB-2024,
OPTIDX,NIFTY,08-Feb-2024,20850,PE,1.9,2.4,1.45,1.95,1.95,140143,1461120.68,858500,-492600,06-FEB-2024,
OPTIDX,NIFTY,08-Feb-2024,20900,PE,2.25,3.25,1.7,2.05,2.05,419544,4384689.59,2590000,63150,06-FEB-2024,
OPTIDX,NIFTY,08-Feb-2024,20950,PE,3.5,4.25,2,2.25,2.25,201443,2110377.25,1307400,715050,06-FEB-2024,
OPTIDX,NIFTY,08-Feb-2024,21000,PE,4.5,5.85,2.3,2.6,2.6,697021,7319841.9,7684050,1250050,06-FEB-2024,
OPTIDX,NIFTY,08-Feb-2024,21050,PE,6.4,7.55,2.65,2.9,2.9,252074,2653578.75,964800,-160650,06-FEB-2024,
OPTIDX,NIFTY,08-Feb-2024,21100,PE,6.85,9.9,3.2,3.55,3.55,449249,4740672.39,3948900,1822950,06-FEB-2024,
OPTIDX,NIFTY,08-Feb-2024,21150,PE,11.7,12.65,3.45,4.05,4.05,253719,2683841.04,1573600,514700,06-FEB-2024,
OPTIDX,NIFTY,08-Feb-2024,21200,PE,14.7,16.3,3.8,4.75,4.75,592055,6277980.65,3803550,939000,06-FEB-2024,
OPTIDX,NIFTY,08-Feb-2024,21250,PE,15.1,20.65,4.9,5.55,5.55,331334,3522054.55,1180500,297050,06-FEB-2024,
OPTIDX,NIFTY,08-Feb-2024,21300,PE,15.25,26.25,6,6.95,6.95,679160,7237210.1,2980600,197050,06-FEB-2024,
OPTIDX,NIFTY,08-Feb-2024,21350,PE,26,32.55,7.3,8.45,8.45,451579,4823882.73,1223650,482550,06-FEB-2024,
OPTIDX,NIFTY,08-Feb-2024,21400,PE,26.9,40.35,9.15,10.75,10.75,775507,8304962.42,3220450,933900,06-FEB-2024,
OPTIDX,NIFTY,08-Feb-2024,21450,PE,35.95,49.75,11.15,13.3,13.3,540599,5804044.75,1767200,657200,06-FEB-2024,
OPTIDX,NIFTY,08-Feb-2024,21500,PE,50,61.5,14.5,17.05,17.05,1421094,15297831.05,4942450,335250,06-FEB-2024,
OPTIDX,NIFTY,08-Feb-2024,21550,PE,72.4,75.4,18.1,21.9,21.9,748696,8080375.94,2056400,1003650,06-FEB-2024,
OPTIDX,NIFTY,08-Feb-2024,21600,PE,77,91.95,23.05,27.45,27.45,1384726,14986244.47,4344250,1050500,06-FEB-2024,
OPTIDX,NIFTY,08-Feb-2024,21650,PE,87.65,110.95,29.15,34.95,34.95,865396,9392132.18,2425350,1098500,06-FEB-2024,
OPTIDX,NIFTY,08-Feb-2024,21700,PE,132,132.55,37,44.05,44.05,1984196,21597936.62,7032300,2961600,06-FEB-2024,
OPTIDX,NIFTY,08-Feb-2024,21750,PE,153,157.5,47.3,56.35,56.35,1188285,12976052.23,2358000,744700,06-FEB-2024,
OPTIDX,NIFTY,08-Feb-2024,21800,PE,180.15,185,59.95,70.2,70.2,2640705,28922698.71,6298150,3464950,06-FEB-2024,
OPTIDX,NIFTY,08-Feb-2024,21850,PE,177.85,216,74.65,88,88,1463543,16077399.95,2644250,1810150,06-FEB-2024,
OPTIDX,NIFTY,08-Feb-2024,21900,PE,194.5,249.9,91.75,107.3,107.3,2264550,24948127.83,6428800,3945050,06-FEB-2024,
OPTIDX,NIFTY,08-Feb-2024,21950,PE,250.35,286,112.65,131.1,131.1,642778,7103271.63,1910250,1348450,06-FEB-2024,
OPTIDX,NIFTY,08-Feb-2024,22000,PE,292.25,325,138,157.7,157.7,698385,7748645.71,2804250,831350,06-FEB-2024,
OPTIDX,NIFTY,08-Feb-2024,22050,PE,326.05,365.05,166.6,192.6,192.6,90091,1002914.93,399200,-36800,06-FEB-2024,
OPTIDX,NIFTY,08-Feb-2024,22100,PE,366.95,408.1,198.6,224.15,224.15,131904,1475039.96,1096550,381000,06-FEB-2024,
OPTIDX,NIFTY,08-Feb-2024,22150,PE,410.8,448.4,235,257.1,257.1,14127,158494.63,163600,-24450,06-FEB-2024,
OPTIDX,NIFTY,08-Feb-2024,22200,PE,453.75,496,272.3,300.8,300.8,51816,584320.7,481350,-151500,06-FEB-2024,
OPTIDX,NIFTY,08-Feb-2024,22250,PE,492.05,542.45,310.55,340.4,340.4,2976,33677.62,45150,1750,06-FEB-2024,
OPTIDX,NIFTY,08-Feb-2024,22300,PE,547.8,583.8,357.7,382,382,10056,114370.02,162300,-25050,06-FEB-2024,
OPTIDX,NIFTY,08-Feb-2024,22350,PE,623.15,623.15,401.8,418.2,418.2,504,5752.57,15400,-1400,06-FEB-2024,
OPTIDX,NIFTY,08-Feb-2024,22400,PE,668.95,682,450,483.15,483.15,1947,22315.26,46350,-1050,06-FEB-2024,
OPTIDX,NIFTY,08-Feb-2024,22450,PE,650.05,677.35,499.95,532.15,532.15,171,1968.18,10850,-450,06-FEB-2024,
OPTIDX,NIFTY,08-Feb-2024,22500,PE,728.05,777,543.6,566.05,566.05,10171,117695.43,81400,-18550,06-FEB-2024,
OPTIDX,NIFTY,08-Feb-2024,22550,PE,751,760.05,606.3,617.85,617.85,45,522.82,11550,-400,06-FEB-2024,
OPTIDX,NIFTY,08-Feb-2024,22600,PE,835,878.15,647.7,680.35,680.35,369,4309.24,9100,-1350,06-FEB-2024,
OPTIDX,NIFTY,08-Feb-2024,22650,PE,720,740,704.8,738.85,738.85,15,175.3,600,-450,06-FEB-2024,
OPTIDX,NIFTY,08-Feb-2024,22700,PE,939.35,960,746.4,770.45,770.45,310,3645.17,16450,1150,06-FEB-2024,
OPTIDX,NIFTY,08-Feb-2024,22750,PE,810,810,810,810,812.2,2,23.56,50,0,06-FEB-2024,
OPTIDX,NIFTY,08-Feb-2024,22800,PE,974,1000,853,853,862.15,57,674.95,1950,200,06-FEB-2024,
OPTIDX,NIFTY,08-Feb-2024,22850,PE,1062.35,1062.35,896.15,911.7,911.7,169,2013.14,1100,200,06-FEB-2024,
OPTIDX,NIFTY,08-Feb-2024,22900,PE,1005.45,1005.45,948.15,972.9,972.9,22,262.71,1650,350,06-FEB-2024,
OPTIDX,NIFTY,08-Feb-2024,22950,PE,0,0,0,996.2,1012.1,0,0,650,0,06-FEB-2024,
OPTIDX,NIFTY,08-Feb-2024,23000,PE,1250,1250,1056.75,1076.55,1076.55,281,3394.53,29950,-4950,06-FEB-2024,
OPTIDX,NIFTY,08-Feb-2024,23050,PE,0,0,0,1285.1,1112.1,0,0,100,0,06-FEB-2024,
OPTIDX,NIFTY,08-Feb-2024,23100,PE,1218,1218,1218,1218,1162.05,1,12.15,200,-50,06-FEB-2024,
OPTIDX,NIFTY,08-Feb-2024,23150,PE,1243,1243,1243,1243,1212.05,2,24.39,300,-100,06-FEB-2024,
OPTIDX,NIFTY,08-Feb-2024,23200,PE,1298.85,1298.85,1298.85,1298.85,1262,1,12.24,150,0,06-FEB-2024,
OPTIDX,NIFTY,08-Feb-2024,23250,PE,1348.2,1348.2,1348.2,1348.2,1312,2,24.59,100,0,06-FEB-2024,
OPTIDX,NIFTY,08-Feb-2024,23300,PE,0,0,0,1561.8,1362,0,0,150,0,06-FEB-2024,
OPTIDX,NIFTY,08-Feb-2024,23350,PE,0,0,0,1607,1411.95,0,0,150,0,06-FEB-2024,
OPTIDX,NIFTY,08-Feb-2024,23400,PE,0,0,0,1636,1461.95,0,0,150,0,06-FEB-2024,
OPTIDX,NIFTY,08-Feb-2024,23450,PE,0,0,0,1695.7,1511.95,0,0,150,0,06-FEB-2024,
OPTIDX,NIFTY,08-Feb-2024,23500,PE,1642.1,1695,1572.75,1572.75,1561.9,4,50.24,1550,100,06-FEB-2024,
OPTIDX,NIFTY,08-Feb-2024,23550,PE,0,0,0,1746.55,1611.9,0,0,0,0,06-FEB-2024,
OPTIDX,NIFTY,08-Feb-2024,23600,PE,0,0,0,1845.4,1661.85,0,0,300,0,06-FEB-2024,
OPTIDX,NIFTY,08-Feb-2024,23650,PE,0,0,0,1442.45,1711.85,0,0,250,0,06-FEB-2024,
OPTIDX,NIFTY,08-Feb-2024,23700,PE,0,0,0,1948.35,1761.85,0,0,150,0,06-FEB-2024,
OPTIDX,NIFTY,08-Feb-2024,23750,PE,0,0,0,2005.65,1811.8,0,0,150,0,06-FEB-2024,
OPTIDX,NIFTY,08-Feb-2024,23800,PE,0,0,0,2059.45,1861.8,0,0,150,0,06-FEB-2024,
OPTIDX,NIFTY,08-Feb-2024,23850,PE,0,0,0,2102.8,1911.8,0,0,150,0,06-FEB-2024,
OPTIDX,NIFTY,15-Feb-2024,19500,CE,0,0,0,2285.3,2461.85,0,0,0,0,06-FEB-2024,
OPTIDX,NIFTY,15-Feb-2024,19550,CE,0,0,0,2236,2411.9,0,0,0,0,06-FEB-2024,
OPTIDX,NIFTY,15-Feb-2024,19600,CE,0,0,0,2186.8,2362,0,0,0,0,06-FEB-2024,
OPTIDX,NIFTY,15-Feb-2024,19650,CE,0,0,0,2137.7,2312.1,0,0,0,0,06-FEB-2024,
OPTIDX,NIFTY,15-Feb-2024,19700,CE,0,0,0,2000,2262.15,0,0,50,0,06-FEB-2024,
OPTIDX,NIFTY,15-Feb-2024,19750,CE,0,0,0,2039.7,2212.25,0,0,0,0,06-FEB-2024,
OPTIDX,NIFTY,15-Feb-2024,19800,CE,0,0,0,2000,2162.35,0,0,150,0,06-FEB-2024,
OPTIDX,NIFTY,15-Feb-2024,19850,CE,0,0,0,1920,2112.4,0,0,200,0,06-FEB-2024,
OPTIDX,NIFTY,15-Feb-2024,19900,CE,2020,2020,2020,2020,2020,1,10.96,200,0,06-FEB-2024,
OPTIDX,NIFTY,15-Feb-2024,19950,CE,0,0,0,1400.25,2012.6,0,0,650,0,06-FEB-2024,
OPTIDX,NIFTY,15-Feb-2024,20000,CE,0,0,0,1740,1962.65,0,0,14150,0,06-FEB-2024,
OPTIDX,NIFTY,15-Feb-2024,20050,CE,0,0,0,1748.8,1912.75,0,0,0,0,06-FEB-2024,
OPTIDX,NIFTY,15-Feb-2024,20100,CE,0,0,0,1655,1862.85,0,0,2850,0,06-FEB-2024,
OPTIDX,NIFTY,15-Feb-2024,20150,CE,0,0,0,1653.3,1812.9,0,0,0,0,06-FEB-2024,
OPTIDX,NIFTY,15-Feb-2024,20200,CE,1625,1627,1625,1627,1763,4,43.65,250,200,06-FEB-2024,
OPTIDX,NIFTY,15-Feb-2024,20250,CE,0,0,0,1558.75,1713.1,0,0,0,0,06-FEB-2024,
OPTIDX,NIFTY,15-Feb-2024,20300,CE,1530,1530,1530,1530,1663.15,1,10.91,600,50,06-FEB-2024,
OPTIDX,NIFTY,15-Feb-2024,20350,CE,0,0,0,1100,1613.25,0,0,200,0,06-FEB-2024,
OPTIDX,NIFTY,15-Feb-2024,20400,CE,1525,1525,1525,1525,1563.35,1,10.96,200,0,06-FEB-2024,
OPTIDX,NIFTY,15-Feb-2024,20450,CE,1415,1505,1415,1505,1513.4,18,197.11,1550,900,06-FEB-2024,
OPTIDX,NIFTY,15-Feb-2024,20500,CE,1321,1460.05,1313,1430.6,1430.6,73,797.77,7850,2950,06-FEB-2024,
OPTIDX,NIFTY,15-Feb-2024,20550,CE,0,0,0,1220,1413.6,0,0,500,0,06-FEB-2024,
OPTIDX,NIFTY,15-Feb-2024,20600,CE,0,0,0,1238.7,1363.7,0,0,0,0,06-FEB-2024,
OPTIDX,NIFTY,15-Feb-2024,20650,CE,0,0,0,1194.75,1313.85,0,0,0,0,06-FEB-2024,
OPTIDX,NIFTY,15-Feb-2024,20700,CE,1250,1250,1250,1250,1264,1,10.97,950,50,06-FEB-2024,
OPTIDX,NIFTY,15-Feb-2024,20750,CE,0,0,0,1108.4,1214.15,0,0,0,0,06-FEB-2024,
OPTIDX,NIFTY,15-Feb-2024,20800,CE,1092.9,1150,1092.9,1140.85,1164.35,5,54.81,1400,200,06-FEB-2024,
OPTIDX,NIFTY,15-Feb-2024,20850,CE,962.55,984.7,962.55,984.7,1114.6,3,32.74,650,150,06-FEB-2024,
OPTIDX,NIFTY,15-Feb-2024,20900,CE,961,1031,961,1031,1064.95,6,65.68,1050,200,06-FEB-2024,
OPTIDX,NIFTY,15-Feb-2024,20950,CE,0,0,0,1040,1015.35,0,0,50,0,06-FEB-2024,
OPTIDX,NIFTY,15-Feb-2024,21000,CE,834.95,977.3,790,960.45,960.45,216,2365.74,20100,5600,06-FEB-2024,
OPTIDX,NIFTY,15-Feb-2024,21050,CE,900,900,900,900,900,1,10.97,150,50,06-FEB-2024,
OPTIDX,NIFTY,15-Feb-2024,21100,CE,775.15,860.35,746,857.85,857.85,29,317.67,3350,1050,06-FEB-2024,
OPTIDX,NIFTY,15-Feb-2024,21150,CE,705.8,833.45,705.8,812.65,812.65,11,120.6,400,150,06-FEB-2024,
OPTIDX,NIFTY,15-Feb-2024,21200,CE,640.55,800,640.55,782.65,782.65,39,427.71,4900,700,06-FEB-2024,
OPTIDX,NIFTY,15-Feb-2024,21250,CE,604.3,740,604.25,722.3,722.3,28,307.08,11800,150,06-FEB-2024,
OPTIDX,NIFTY,15-Feb-2024,21300,CE,542,705.2,542,690.05,690.05,84,921.58,14750,1600,06-FEB-2024,
OPTIDX,NIFTY,15-Feb-2024,21350,CE,514.95,651.75,501,625,625,26,285.03,7350,450,06-FEB-2024,
OPTIDX,NIFTY,15-Feb-2024,21400,CE,485,620,480,600.4,600.4,156,1711.9,15750,1200,06-FEB-2024,
OPTIDX,NIFTY,15-Feb-2024,21450,CE,471.55,581.15,445.4,560.95,560.95,184,2022.7,16050,2350,06-FEB-2024,
OPTIDX,NIFTY,15-Feb-2024,21500,CE,407.05,545.1,382,509.55,509.55,4105,45090.31,75700,27850,06-FEB-2024,
OPTIDX,NIFTY,15-Feb-2024,21550,CE,375,496.4,347.85,472.9,472.9,490,5387.92,23700,-5350,06-FEB-2024,
OPTIDX,NIFTY,15-Feb-2024,21600,CE,335.85,465,318.35,440.55,440.55,3072,33751.47,79850,-16800,06-FEB-2024,
OPTIDX,NIFTY,15-Feb-2024,21650,CE,302.95,426,284.1,400,400,2231,24536.49,41200,500,06-FEB-2024,
OPTIDX,NIFTY,15-Feb-2024,21700,CE,275,392.15,255.4,364.35,364.35,13808,151991.39,150750,-9100,06-FEB-2024,
OPTIDX,NIFTY,15-Feb-2024,21750,CE,238.8,357,227.6,330.8,330.8,10360,114135.77,59050,-19050,06-FEB-2024,
OPTIDX,NIFTY,15-Feb-2024,21800,CE,221.6,325,201.6,298.05,298.05,60447,666808.66,362650,87600,06-FEB-2024,
OPTIDX,NIFTY,15-Feb-2024,21850,CE,199.2,291.05,178.7,265.55,265.55,26320,290657.93,95650,2600,06-FEB-2024,
OPTIDX,NIFTY,15-Feb-2024,21900,CE,169.95,260,156.35,236.8,236.8,82002,906873.52,537550,207900,06-FEB-2024,
OPTIDX,NIFTY,15-Feb-2024,21950,CE,149.95,231.6,136.5,210.05,210.05,25458,281888.65,157050,32050,06-FEB-2024,
OPTIDX,NIFTY,15-Feb-2024,22000,CE,127,205,118.5,186.35,186.35,121000,1341361.35,1060900,464300,06-FEB-2024,
OPTIDX,NIFTY,15-Feb-2024,22050,CE,105,179.5,102.95,161.4,161.4,15468,171661.42,78700,-3900,06-FEB-2024,
OPTIDX,NIFTY,15-Feb-2024,22100,CE,99.15,156.5,87.75,140.3,140.3,39954,444059.73,350200,115200,06-FEB-2024,
OPTIDX,NIFTY,15-Feb-2024,22150,CE,85,135.75,75.25,119.75,119.75,14002,155830.84,61800,7800,06-FEB-2024,
OPTIDX,NIFTY,15-Feb-2024,22200,CE,71.95,116.7,64,104.15,104.15,48324,538670.98,365400,51450,06-FEB-2024,
OPTIDX,NIFTY,15-Feb-2024,22250,CE,60,99.35,54.8,87.05,87.05,20001,223296.33,127650,47700,06-FEB-2024,
OPTIDX,NIFTY,15-Feb-2024,22300,CE,53.45,84.1,45.95,75.05,75.05,39503,441752.71,456950,224600,06-FEB-2024,
OPTIDX,NIFTY,15-Feb-2024,22350,CE,46.95,71.2,39.05,62.75,62.75,17661,197864.89,135400,63000,06-FEB-2024,
OPTIDX,NIFTY,15-Feb-2024,22400,CE,38.55,59.1,32.6,52.9,52.9,35284,395993.11,464500,35650,06-FEB-2024,
OPTIDX,NIFTY,15-Feb-2024,22450,CE,32.15,49.25,28.15,44.25,44.25,18126,203824.56,126100,35050,06-FEB-2024,
OPTIDX,NIFTY,15-Feb-2024,22500,CE,28,40.7,23.85,36.6,36.6,46143,519864.93,654100,75800,06-FEB-2024,
OPTIDX,NIFTY,15-Feb-2024,22550,CE,23.85,32.8,19.95,29.3,29.3,8924,100739.2,65100,-4400,06-FEB-2024,
OPTIDX,NIFTY,15-Feb-2024,22600,CE,19.95,26.7,16.5,23.45,23.45,21841,247039.34,254950,14200,06-FEB-2024,
OPTIDX,NIFTY,15-Feb-2024,22650,CE,17.45,21.5,13.85,18.7,18.7,9725,110221.54,89050,2850,06-FEB-2024,
OPTIDX,NIFTY,15-Feb-2024,22700,CE,15,17.4,11.7,15.35,15.35,20388,231552.75,377550,157000,06-FEB-2024,
OPTIDX,NIFTY,15-Feb-2024,22750,CE,12.5,14.1,9.6,12.5,12.5,5959,67819.13,61900,16700,06-FEB-2024,
OPTIDX,NIFTY,15-Feb-2024,22800,CE,10.45,11.4,7.8,10.3,10.3,17890,204033.28,380150,114050,06-FEB-2024,
OPTIDX,NIFTY,15-Feb-2024,22850,CE,8.4,9.65,7.05,7.85,7.85,5334,60962.71,94150,66800,06-FEB-2024,
OPTIDX,NIFTY,15-Feb-2024,22900,CE,7.5,9,5.8,6.35,6.35,12840,147059.63,347300,136900,06-FEB-2024,
OPTIDX,NIFTY,15-Feb-2024,22950,CE,7,10.8,5.25,5.75,5.75,2877,33022.08,190750,8600,06-FEB-2024,
OPTIDX,NIFTY,15-Feb-2024,23000,CE,6,6,4.35,4.6,4.6,17130,197036.62,792600,287750,06-FEB-2024,
OPTIDX,NIFTY,15-Feb-2024,23050,CE,4.85,5.65,3.45,3.7,3.7,873,10063.15,45900,5950,06-FEB-2024,
OPTIDX,NIFTY,15-Feb-2024,23100,CE,4.55,4.55,3.05,3.35,3.35,4651,53727.63,116650,53000,06-FEB-2024,
OPTIDX,NIFTY,15-Feb-2024,23150,CE,4.15,4.15,2.75,3.1,3.1,1158,13405.72,31000,14850,06-FEB-2024,
OPTIDX,NIFTY,15-Feb-2024,23200,CE,3.55,3.55,2.55,2.75,2.75,4410,51162.42,152000,24950,06-FEB-2024,
OPTIDX,NIFTY,15-Feb-2024,23250,CE,3.55,4.65,2.45,2.65,2.65,344,3999.49,19100,3600,06-FEB-2024,
OPTIDX,NIFTY,15-Feb-2024,23300,CE,3.05,3.05,2.05,2.3,2.3,2836,33042.75,111500,-8050,06-FEB-2024,
OPTIDX,NIFTY,15-Feb-2024,23350,CE,3.05,3.05,2.25,2.35,2.35,285,3327.74,17450,4300,06-FEB-2024,
OPTIDX,NIFTY,15-Feb-2024,23400,CE,2.8,2.8,2.05,2.2,2.2,1159,13561.61,108500,50,06-FEB-2024,
OPTIDX,NIFTY,15-Feb-2024,23450,CE,2.9,4.45,2.05,2.35,2.35,214,2509.41,9750,1300,06-FEB-2024,
OPTIDX,NIFTY,15-Feb-2024,23500,CE,2.75,2.8,2.05,2.15,2.15,2963,34818.65,167600,31550,06-FEB-2024,
OPTIDX,NIFTY,15-Feb-2024,23550,CE,2.55,2.55,2.1,2.1,2.1,74,871.43,5850,-1100,06-FEB-2024,
OPTIDX,NIFTY,15-Feb-2024,23600,CE,2.25,2.45,2,2.05,2.05,622,7340.26,11600,1000,06-FEB-2024,
OPTIDX,NIFTY,15-Feb-2024,23650,CE,2.35,2.7,1.8,2,2,303,3583.31,27050,-1550,06-FEB-2024,
OPTIDX,NIFTY,15-Feb-2024,23700,CE,2.5,2.5,1.8,2,2,406,4811.51,26750,2200,06-FEB-2024,
OPTIDX,NIFTY,15-Feb-2024,23750,CE,2.65,2.65,1.85,1.9,1.9,199,2363.32,3500,500,06-FEB-2024,
OPTIDX,NIFTY,15-Feb-2024,23800,CE,2.35,2.45,1.7,1.8,1.8,1469,17482.53,45350,30900,06-FEB-2024,
OPTIDX,NIFTY,15-Feb-2024,23850,CE,2.7,2.85,1.7,1.85,1.85,824,9827.01,38050,11950,06-FEB-2024,
OPTIDX,NIFTY,15-Feb-2024,19500,PE,2.7,2.95,2.2,2.65,2.65,9530,92929.97,386200,355900,06-FEB-2024,
OPTIDX,NIFTY,15-Feb-2024,19550,PE,2.35,2.95,2.35,2.7,2.7,11,107.53,250,250,06-FEB-2024,
OPTIDX,NIFTY,15-Feb-2024,19600,PE,2.75,2.75,2.75,2.75,2.75,8,78.41,400,400,06-FEB-2024,
OPTIDX,NIFTY,15-Feb-2024,19650,PE,2.3,2.7,2.3,2.7,2.7,80,786.1,1600,1600,06-FEB-2024,
OPTIDX,NIFTY,15-Feb-2024,19700,PE,2.1,3,2.1,2.9,2.9,93,916.16,1950,1950,06-FEB-2024,
OPTIDX,NIFTY,15-Feb-2024,19750,PE,2.2,3,2.2,2.9,2.9,49,483.93,1650,1650,06-FEB-2024,
OPTIDX,NIFTY,15-Feb-2024,19800,PE,3.05,4.4,2.35,3.15,3.15,758,7505.31,38250,4900,06-FEB-2024,
OPTIDX,NIFTY,15-Feb-2024,19850,PE,2.7,3,2.7,3,3,51,506.24,1900,1900,06-FEB-2024,
OPTIDX,NIFTY,15-Feb-2024,19900,PE,3,3.05,2.9,3.05,3.05,54,537.38,1900,1900,06-FEB-2024,
OPTIDX,NIFTY,15-Feb-2024,19950,PE,3,3.05,2.95,3,3,108,1077.46,4300,4300,06-FEB-2024,
OPTIDX,NIFTY,15-Feb-2024,20000,PE,3.95,3.95,2.7,3.1,3.1,6431,64319.75,238100,133400,06-FEB-2024,
OPTIDX,NIFTY,15-Feb-2024,20050,PE,0,0,0,11.75,0.05,0,0,0,0,06-FEB-2024,
OPTIDX,NIFTY,15-Feb-2024,20100,PE,0,0,0,13.5,0.05,0,0,0,0,06-FEB-2024,
OPTIDX,NIFTY,15-Feb-2024,20150,PE,0,0,0,15.5,0.05,0,0,0,0,06-FEB-2024,
OPTIDX,NIFTY,15-Feb-2024,20200,PE,0,0,0,17.75,0.05,0,0,0,0,06-FEB-2024,
OPTIDX,NIFTY,15-Feb-2024,20250,PE,0,0,0,20.3,0.05,0,0,0,0,06-FEB-2024,
OPTIDX,NIFTY,15-Feb-2024,20300,PE,0,0,0,23.1,0.05,0,0,0,0,06-FEB-2024,
OPTIDX,NIFTY,15-Feb-2024,20350,PE,0,0,0,26.25,0.05,0,0,0,0,06-FEB-2024,
OPTIDX,NIFTY,15-Feb-2024,20400,PE,6.05,6.45,4.65,5.3,5.3,5342,54502.36,115300,64250,06-FEB-2024,
OPTIDX,NIFTY,15-Feb-2024,20450,PE,7.1,7.65,5,5.75,5.75,1201,12283.71,21650,16350,06-FEB-2024,
OPTIDX,NIFTY,15-Feb-2024,20500,PE,8.45,8.8,5.6,6.5,6.5,14183,145421.26,395200,165600,06-FEB-2024,
OPTIDX,NIFTY,15-Feb-2024,20550,PE,7.9,9.8,6.45,7,7,1292,13280,16400,8050,06-FEB-2024,
OPTIDX,NIFTY,15-Feb-2024,20600,PE,9.95,11.1,7,7.45,7.45,6191,63792.97,102000,50350,06-FEB-2024,
OPTIDX,NIFTY,15-Feb-2024,20650,PE,10.95,12.65,7.95,8.5,8.5,1695,17508.73,32450,13450,06-FEB-2024,
OPTIDX,NIFTY,15-Feb-2024,20700,PE,12.75,14.4,9.1,9.65,9.65,13875,143679.66,371850,155500,06-FEB-2024,
OPTIDX,NIFTY,15-Feb-2024,20750,PE,15.35,16.45,9.05,10.95,10.95,3001,31153.77,50050,30700,06-FEB-2024,
OPTIDX,NIFTY,15-Feb-2024,20800,PE,17.35,19.05,11.5,12.2,12.2,17477,181880.41,341200,63450,06-FEB-2024,
OPTIDX,NIFTY,15-Feb-2024,20850,PE,19.3,22.15,12.7,14.15,14.15,2913,30391.75,45950,24650,06-FEB-2024,
OPTIDX,NIFTY,15-Feb-2024,20900,PE,23.8,25.9,15.15,16.1,16.1,15206,159040.4,250550,52800,06-FEB-2024,
OPTIDX,NIFTY,15-Feb-2024,20950,PE,25.95,29.7,17.45,18.4,18.4,5797,60785.21,74750,26200,06-FEB-2024,
OPTIDX,NIFTY,15-Feb-2024,21000,PE,33.75,34.9,20.2,21.6,21.6,36930,388224.38,846700,300600,06-FEB-2024,
OPTIDX,NIFTY,15-Feb-2024,21050,PE,36.3,39.45,15.7,24.1,24.1,6944,73181.01,62200,36900,06-FEB-2024,
OPTIDX,NIFTY,15-Feb-2024,21100,PE,41.85,45.7,26.1,27.75,27.75,28565,301815.75,480050,218400,06-FEB-2024,
OPTIDX,NIFTY,15-Feb-2024,21150,PE,44.95,52.5,29.8,31.45,31.45,8764,92840.05,91650,58950,06-FEB-2024,
OPTIDX,NIFTY,15-Feb-2024,21200,PE,54,60,32,35.75,35.75,25033,265867.55,478300,195200,06-FEB-2024,
OPTIDX,NIFTY,15-Feb-2024,21250,PE,60.8,68.75,39,40.65,40.65,9999,106478.81,125050,61350,06-FEB-2024,
OPTIDX,NIFTY,15-Feb-2024,21300,PE,74.95,79.05,44,46.4,46.4,27472,293335.94,441850,173250,06-FEB-2024,
OPTIDX,NIFTY,15-Feb-2024,21350,PE,79.75,90,50.15,52.3,52.3,8244,88264.53,94650,49350,06-FEB-2024,
OPTIDX,NIFTY,15-Feb-2024,21400,PE,95.05,101.75,57.1,59.8,59.8,34746,372988.75,415150,-33100,06-FEB-2024,
OPTIDX,NIFTY,15-Feb-2024,21450,PE,104.2,115.45,61,67.75,67.75,9511,102394.36,72200,21250,06-FEB-2024,
OPTIDX,NIFTY,15-Feb-2024,21500,PE,115.5,130.15,73.05,77.45,77.45,52034,561731.28,671550,190100,06-FEB-2024,
OPTIDX,NIFTY,15-Feb-2024,21550,PE,134.85,145.85,83,87.75,87.75,10151,109899.79,81050,30950,06-FEB-2024,
OPTIDX,NIFTY,15-Feb-2024,21600,PE,139.95,164.65,93.05,98.85,98.85,44571,483893.88,749100,283550,06-FEB-2024,
OPTIDX,NIFTY,15-Feb-2024,21650,PE,175,183.4,105,111.45,111.45,9975,108636.3,116900,30800,06-FEB-2024,
OPTIDX,NIFTY,15-Feb-2024,21700,PE,194.25,204.5,118.05,124.2,124.2,61358,670225.71,483550,216050,06-FEB-2024,
OPTIDX,NIFTY,15-Feb-2024,21750,PE,225,227.4,133,141.55,141.55,25507,279458.61,187750,92900,06-FEB-2024,
OPTIDX,NIFTY,15-Feb-2024,21800,PE,229.95,251,150,157.3,157.3,73687,809985.37,777600,526250,06-FEB-2024,
OPTIDX,NIFTY,15-Feb-2024,21850,PE,250,276.3,165.8,176.6,176.6,22991,253516.91,144150,87400,06-FEB-2024,
OPTIDX,NIFTY,15-Feb-2024,21900,PE,287.4,305,186,197.4,197.4,66827,738969.39,701800,453550,06-FEB-2024,
OPTIDX,NIFTY,15-Feb-2024,21950,PE,299.75,330.75,205.05,220.65,220.65,14980,166184.38,127800,40850,06-FEB-2024,
OPTIDX,NIFTY,15-Feb-2024,22000,PE,268,365.2,230,242.4,242.4,45555,507099.52,668800,313200,06-FEB-2024,
OPTIDX,NIFTY,15-Feb-2024,22050,PE,370.6,392.8,255.25,271.4,271.4,3619,40428.74,29350,9900,06-FEB-2024,
OPTIDX,NIFTY,15-Feb-2024,22100,PE,410,432,283.25,302,302,5664,63478.55,93700,36700,06-FEB-2024,
OPTIDX,NIFTY,15-Feb-2024,22150,PE,442.75,462.6,313.7,331.75,331.75,646,7265.34,21650,6950,06-FEB-2024,
OPTIDX,NIFTY,15-Feb-2024,22200,PE,460.45,510,341.6,358.35,358.35,3799,42911.33,47000,17850,06-FEB-2024,
OPTIDX,NIFTY,15-Feb-2024,22250,PE,527.25,544.1,379.7,392.8,392.8,112,1269.18,10750,2950,06-FEB-2024,
OPTIDX,NIFTY,15-Feb-2024,22300,PE,548.95,586.35,415,426.95,426.95,875,9969.36,18550,-5500,06-FEB-2024,
OPTIDX,NIFTY,15-Feb-2024,22350,PE,579.7,620.75,464.1,478.35,478.35,88,1005.45,5900,1750,06-FEB-2024,
OPTIDX,NIFTY,15-Feb-2024,22400,PE,613.15,631,495,508.65,508.65,164,1883.81,8950,1350,06-FEB-2024,
OPTIDX,NIFTY,15-Feb-2024,22450,PE,579.8,581.4,527.25,559.6,512.85,8,92.01,4200,-50,06-FEB-2024,
OPTIDX,NIFTY,15-Feb-2024,22500,PE,741.65,761.9,568.55,585.7,585.7,425,4913.92,13150,3150,06-FEB-2024,
OPTIDX,NIFTY,15-Feb-2024,22550,PE,608,608,608,608,608,1,11.57,3350,0,06-FEB-2024,
OPTIDX,NIFTY,15-Feb-2024,22600,PE,0,0,0,870,647.55,0,0,2600,0,06-FEB-2024,
OPTIDX,NIFTY,15-Feb-2024,22650,PE,0,0,0,907.8,694.2,0,0,1550,0,06-FEB-2024,
OPTIDX,NIFTY,15-Feb-2024,22700,PE,775,789.05,775,782.05,782.05,2,23.48,800,50,06-FEB-2024,
OPTIDX,NIFTY,15-Feb-2024,22750,PE,0,0,0,664.6,789.35,0,0,1650,0,06-FEB-2024,
OPTIDX,NIFTY,15-Feb-2024,22800,PE,885.1,885.1,885.1,885.1,837.65,1,11.84,750,50,06-FEB-2024,
OPTIDX,NIFTY,15-Feb-2024,22850,PE,0,0,0,1093.75,886.3,0,0,300,0,06-FEB-2024,
OPTIDX,NIFTY,15-Feb-2024,22900,PE,0,0,0,1163.05,935.25,0,0,0,0,06-FEB-2024,
OPTIDX,NIFTY,15-Feb-2024,22950,PE,0,0,0,1206.35,984.45,0,0,0,0,06-FEB-2024,
OPTIDX,NIFTY,15-Feb-2024,23000,PE,0,0,0,1175,1033.8,0,0,700,0,06-FEB-2024,
OPTIDX,NIFTY,15-Feb-2024,23050,PE,0,0,0,1294.4,1083.3,0,0,0,0,06-FEB-2024,
OPTIDX,NIFTY,15-Feb-2024,23100,PE,0,0,0,1339.1,1132.95,0,0,0,0,06-FEB-2024,
OPTIDX,NIFTY,15-Feb-2024,23150,PE,0,0,0,1384.2,1182.65,0,0,0,0,06-FEB-2024,
OPTIDX,NIFTY,15-Feb-2024,23200,PE,0,0,0,1429.7,1232.4,0,0,0,0,06-FEB-2024,
OPTIDX,NIFTY,15-Feb-2024,23250,PE,0,0,0,1475.5,1282.2,0,0,0,0,06-FEB-2024,
OPTIDX,NIFTY,15-Feb-2024,23300,PE,0,0,0,1521.65,1332.05,0,0,0,0,06-FEB-2024,
OPTIDX,NIFTY,15-Feb-2024,23350,PE,0,0,0,1568.15,1381.9,0,0,0,0,06-FEB-2024,
OPTIDX,NIFTY,15-Feb-2024,23400,PE,0,0,0,1614.9,1431.75,0,0,0,0,06-FEB-2024,
OPTIDX,NIFTY,15-Feb-2024,23450,PE,0,0,0,1661.9,1481.65,0,0,0,0,06-FEB-2024,
OPTIDX,NIFTY,15-Feb-2024,23500,PE,0,0,0,1709.15,1531.55,0,0,0,0,06-FEB-2024,
OPTIDX,NIFTY,15-Feb-2024,23550,PE,0,0,0,1756.65,1581.45,0,0,0,0,06-FEB-2024,
OPTIDX,NIFTY,15-Feb-2024,23600,PE,0,0,0,1804.3,1631.35,0,0,0,0,06-FEB-2024,
OPTIDX,NIFTY,15-Feb-2024,23650,PE,0,0,0,1852.2,1681.3,0,0,0,0,06-FEB-2024,
OPTIDX,NIFTY,15-Feb-2024,23700,PE,0,0,0,1900.25,1731.2,0,0,0,0,06-FEB-2024,
OPTIDX,NIFTY,15-Feb-2024,23750,PE,0,0,0,1948.45,1781.1,0,0,0,0,06-FEB-2024,
OPTIDX,NIFTY,15-Feb-2024,23800,PE,0,0,0,1996.85,1831,0,0,0,0,06-FEB-2024,
OPTIDX,NIFTY,15-Feb-2024,23850,PE,0,0,0,2071.05,1880.95,0,0,750,0,06-FEB-2024,
OPTIDX,NIFTY,22-Feb-2024,19500,CE,0,0,0,2102.9,2487,0,0,0,0,06-FEB-2024,
OPTIDX,NIFTY,22-Feb-2024,19550,CE,0,0,0,2053.95,2437.15,0,0,0,0,06-FEB-2024,
OPTIDX,NIFTY,22-Feb-2024,19600,CE,0,0,0,2005.1,2387.3,0,0,0,0,06-FEB-2024,
OPTIDX,NIFTY,22-Feb-2024,19650,CE,0,0,0,1956.35,2337.45,0,0,0,0,06-FEB-2024,
OPTIDX,NIFTY,22-Feb-2024,19700,CE,0,0,0,1907.8,2287.6,0,0,0,0,06-FEB-2024,
OPTIDX,NIFTY,22-Feb-2024,19750,CE,0,0,0,1859.35,2237.75,0,0,0,0,06-FEB-2024,
OPTIDX,NIFTY,22-Feb-2024,19800,CE,0,0,0,2040,2187.9,0,0,50,0,06-FEB-2024,
OPTIDX,NIFTY,22-Feb-2024,19850,CE,2035,2035,2035,2035,2138.05,1,10.94,150,50,06-FEB-2024,
OPTIDX,NIFTY,22-Feb-2024,19900,CE,1949.6,1980,1949.6,1980,2088.2,2,21.86,500,0,06-FEB-2024,
OPTIDX,NIFTY,22-Feb-2024,19950,CE,1935,1935,1935,1935,2038.35,1,10.94,250,50,06-FEB-2024,
OPTIDX,NIFTY,22-Feb-2024,20000,CE,0,0,0,1620.05,1988.5,0,0,0,0,06-FEB-2024,
OPTIDX,NIFTY,22-Feb-2024,20050,CE,0,0,0,1572.9,1938.65,0,0,0,0,06-FEB-2024,
OPTIDX,NIFTY,22-Feb-2024,20100,CE,0,0,0,1526.05,1888.85,0,0,0,0,06-FEB-2024,
OPTIDX,NIFTY,22-Feb-2024,20150,CE,0,0,0,1479.5,1839,0,0,0,0,06-FEB-2024,
OPTIDX,NIFTY,22-Feb-2024,20200,CE,0,0,0,1433.3,1789.15,0,0,0,0,06-FEB-2024,
OPTIDX,NIFTY,22-Feb-2024,20250,CE,0,0,0,1387.5,1739.35,0,0,0,0,06-FEB-2024,
OPTIDX,NIFTY,22-Feb-2024,20300,CE,0,0,0,1342.05,1689.55,0,0,0,0,06-FEB-2024,
OPTIDX,NIFTY,22-Feb-2024,20350,CE,0,0,0,1297.1,1639.75,0,0,0,0,06-FEB-2024,
OPTIDX,NIFTY,22-Feb-2024,20400,CE,0,0,0,1300,1590,0,0,50,0,06-FEB-2024,
OPTIDX,NIFTY,22-Feb-2024,20450,CE,0,0,0,1360,1540.3,0,0,350,0,06-FEB-2024,
OPTIDX,NIFTY,22-Feb-2024,20500,CE,0,0,0,1290,1490.6,0,0,350,0,06-FEB-2024,
OPTIDX,NIFTY,22-Feb-2024,20550,CE,0,0,0,1122.05,1440.95,0,0,0,0,06-FEB-2024,
OPTIDX,NIFTY,22-Feb-2024,20600,CE,0,0,0,1079.7,1391.4,0,0,0,0,06-FEB-2024,
OPTIDX,NIFTY,22-Feb-2024,20650,CE,0,0,0,1037.95,1341.9,0,0,0,0,06-FEB-2024,
OPTIDX,NIFTY,22-Feb-2024,20700,CE,0,0,0,996.85,1292.55,0,0,0,0,06-FEB-2024,
OPTIDX,NIFTY,22-Feb-2024,20750,CE,0,0,0,956.4,1243.3,0,0,0,0,06-FEB-2024,
OPTIDX,NIFTY,22-Feb-2024,20800,CE,0,0,0,916.7,1194.2,0,0,0,0,06-FEB-2024,
OPTIDX,NIFTY,22-Feb-2024,20850,CE,0,0,0,877.75,1145.35,0,0,0,0,06-FEB-2024,
OPTIDX,NIFTY,22-Feb-2024,20900,CE,0,0,0,839.55,1096.7,0,0,0,0,06-FEB-2024,
OPTIDX,NIFTY,22-Feb-2024,20950,CE,0,0,0,803,1048.3,0,0,0,0,06-FEB-2024,
OPTIDX,NIFTY,22-Feb-2024,21000,CE,0,0,0,994.8,1000.3,0,0,3950,0,06-FEB-2024,
OPTIDX,NIFTY,22-Feb-2024,21050,CE,0,0,0,729.75,952.65,0,0,0,0,06-FEB-2024,
OPTIDX,NIFTY,22-Feb-2024,21100,CE,0,0,0,702.5,905.45,0,0,0,0,06-FEB-2024,
OPTIDX,NIFTY,22-Feb-2024,21150,CE,0,0,0,661,858.8,0,0,0,0,06-FEB-2024,
OPTIDX,NIFTY,22-Feb-2024,21200,CE,745.75,750,745.75,750,812.75,2,21.94,400,100,06-FEB-2024,
OPTIDX,NIFTY,22-Feb-2024,21250,CE,0,0,0,596,767.35,0,0,0,0,06-FEB-2024,
OPTIDX,NIFTY,22-Feb-2024,21300,CE,752,752,752,752,722.75,1,11.02,2850,-50,06-FEB-2024,
OPTIDX,NIFTY,22-Feb-2024,21350,CE,0,0,0,383.85,679,0,0,100,0,06-FEB-2024,
OPTIDX,NIFTY,22-Feb-2024,21400,CE,532.3,585.95,532.3,585.95,636.2,2,21.95,1900,100,06-FEB-2024,
OPTIDX,NIFTY,22-Feb-2024,21450,CE,0,0,0,612.7,594.4,0,0,1950,0,06-FEB-2024,
OPTIDX,NIFTY,22-Feb-2024,21500,CE,465.55,595.5,450,588.75,588.75,187,2059.62,8300,-1700,06-FEB-2024,
OPTIDX,NIFTY,22-Feb-2024,21550,CE,0,0,0,405.2,514.4,0,0,3200,0,06-FEB-2024,
OPTIDX,NIFTY,22-Feb-2024,21600,CE,410.85,518.8,384,502.2,502.2,128,1410.76,6050,-1800,06-FEB-2024,
OPTIDX,NIFTY,22-Feb-2024,21650,CE,331.6,477.55,331.6,468.05,468.05,64,706.34,3450,-700,06-FEB-2024,
OPTIDX,NIFTY,22-Feb-2024,21700,CE,315.3,454.6,315.3,430.6,430.6,570,6294.9,13400,2000,06-FEB-2024,
OPTIDX,NIFTY,22-Feb-2024,21750,CE,294.6,420,294.6,390.95,390.95,351,3883.38,4100,-9200,06-FEB-2024,
OPTIDX,NIFTY,22-Feb-2024,21800,CE,279.95,388.75,270,366.55,366.55,1462,16176.21,16500,-1250,06-FEB-2024,
OPTIDX,NIFTY,22-Feb-2024,21850,CE,253.75,358.85,252,331.35,331.35,881,9760.49,8350,-7000,06-FEB-2024,
OPTIDX,NIFTY,22-Feb-2024,21900,CE,244,327,223.9,304.7,304.7,1679,18625,22650,500,06-FEB-2024,
OPTIDX,NIFTY,22-Feb-2024,21950,CE,201.35,299,201.35,279.25,279.25,798,8863.19,10750,-600,06-FEB-2024,
OPTIDX,NIFTY,22-Feb-2024,22000,CE,189.85,273,177.05,247.3,247.3,3261,36254.23,155550,16950,06-FEB-2024,
OPTIDX,NIFTY,22-Feb-2024,22050,CE,189,238.75,182.35,224.95,224.95,100,1113.15,9250,-300,06-FEB-2024,
OPTIDX,NIFTY,22-Feb-2024,22100,CE,152,222.75,143,205.05,205.05,1072,11945.29,35200,350,06-FEB-2024,
OPTIDX,NIFTY,22-Feb-2024,22150,CE,128.2,193.35,128.2,187.5,187.5,92,1026.43,10150,400,06-FEB-2024,
OPTIDX,NIFTY,22-Feb-2024,22200,CE,119.8,177.05,111,162,162,1325,14805.74,16300,1250,06-FEB-2024,
OPTIDX,NIFTY,22-Feb-2024,22250,CE,103,155,95.25,144.15,144.15,129,1443.96,2900,-200,06-FEB-2024,
OPTIDX,NIFTY,22-Feb-2024,22300,CE,89.4,138.2,87.65,123.9,123.9,1465,16420.88,39700,4550,06-FEB-2024,
OPTIDX,NIFTY,22-Feb-2024,22350,CE,79,123,79,113.2,113.2,73,819.37,1800,50,06-FEB-2024,
OPTIDX,NIFTY,22-Feb-2024,22400,CE,68.7,106,68,98.2,98.2,1157,13010.51,32250,2550,06-FEB-2024,
OPTIDX,NIFTY,22-Feb-2024,22450,CE,59.05,61.4,59.05,61.4,72.35,2,22.51,3750,0,06-FEB-2024,
OPTIDX,NIFTY,22-Feb-2024,22500,CE,54,83.15,50.65,75.25,75.25,1984,22386.08,49450,-9100,06-FEB-2024,
OPTIDX,NIFTY,22-Feb-2024,22550,CE,40.65,69.4,40.65,64.35,64.35,140,1582.79,2700,-700,06-FEB-2024,
OPTIDX,NIFTY,22-Feb-2024,22600,CE,40.15,60,39.15,54.4,54.4,1303,14755.92,42500,-6000,06-FEB-2024,
OPTIDX,NIFTY,22-Feb-2024,22650,CE,38,53.05,37.3,47.9,47.9,322,3654.1,9200,4700,06-FEB-2024,
OPTIDX,NIFTY,22-Feb-2024,22700,CE,32,44.9,30.3,41.2,41.2,1281,14564.09,41700,-3250,06-FEB-2024,
OPTIDX,NIFTY,22-Feb-2024,22750,CE,29.2,39.6,29.2,36.05,36.05,67,763.25,7400,350,06-FEB-2024,
OPTIDX,NIFTY,22-Feb-2024,22800,CE,25.5,34,22.85,30.75,30.75,949,10832.36,59850,800,06-FEB-2024,
OPTIDX,NIFTY,22-Feb-2024,22850,CE,23.5,28.25,17.95,25.95,25.95,349,3991.52,13850,1600,06-FEB-2024,
OPTIDX,NIFTY,22-Feb-2024,22900,CE,24.95,24.95,16,22.95,22.95,828,9489.49,13700,3600,06-FEB-2024,
OPTIDX,NIFTY,22-Feb-2024,22950,CE,16.5,20.65,15.95,19.6,19.6,440,5053.06,11550,250,06-FEB-2024,
OPTIDX,NIFTY,22-Feb-2024,23000,CE,15.4,18.3,13,15.6,15.6,2984,34339.57,134350,20850,06-FEB-2024,
OPTIDX,NIFTY,22-Feb-2024,23050,CE,15.95,15.95,15.7,15.85,15.85,2,23.06,2450,0,06-FEB-2024,
OPTIDX,NIFTY,22-Feb-2024,23100,CE,11.7,14,7.45,12.05,12.05,209,2415.17,5950,-1400,06-FEB-2024,
OPTIDX,NIFTY,22-Feb-2024,23150,CE,10.15,11.5,7.2,10.2,10.2,53,613.74,2550,-100,06-FEB-2024,
OPTIDX,NIFTY,22-Feb-2024,23200,CE,8,11.45,8,9.4,9.4,261,3028.81,12350,150,06-FEB-2024,
OPTIDX,NIFTY,22-Feb-2024,23250,CE,0,0,0,24.25,3.7,0,0,0,0,06-FEB-2024,
OPTIDX,NIFTY,22-Feb-2024,23300,CE,10.15,10.15,6.15,6.15,6.15,9,104.88,2200,150,06-FEB-2024,
OPTIDX,NIFTY,22-Feb-2024,23350,CE,4.75,4.75,4.75,4.75,2.3,1,11.67,2600,0,06-FEB-2024,
OPTIDX,NIFTY,22-Feb-2024,23400,CE,6.7,7.9,5.05,6.05,6.05,19,222.35,2300,200,06-FEB-2024,
OPTIDX,NIFTY,22-Feb-2024,23450,CE,6.05,6.5,4.8,6,6,183,2146.21,6450,1350,06-FEB-2024,
OPTIDX,NIFTY,22-Feb-2024,23500,CE,5.35,6,4.35,5.2,5.2,396,4654.04,62500,2150,06-FEB-2024,
OPTIDX,NIFTY,22-Feb-2024,23550,CE,5.4,5.4,3.45,5.2,5.2,28,329.76,1950,-50,06-FEB-2024,
OPTIDX,NIFTY,22-Feb-2024,23600,CE,4.8,5,3.7,4.1,4.1,138,1628.72,8450,800,06-FEB-2024,
OPTIDX,NIFTY,22-Feb-2024,19500,PE,0,0,0,4.05,0.05,0,0,0,0,06-FEB-2024,
OPTIDX,NIFTY,22-Feb-2024,19550,PE,0,0,0,4.75,0.05,0,0,0,0,06-FEB-2024,
OPTIDX,NIFTY,22-Feb-2024,19600,PE,0,0,0,5.55,0.05,0,0,0,0,06-FEB-2024,
OPTIDX,NIFTY,22-Feb-2024,19650,PE,0,0,0,6.5,0.05,0,0,0,0,06-FEB-2024,
OPTIDX,NIFTY,22-Feb-2024,19700,PE,0,0,0,7.55,0.05,0,0,0,0,06-FEB-2024,
OPTIDX,NIFTY,22-Feb-2024,19750,PE,0,0,0,8.75,0.05,0,0,0,0,06-FEB-2024,
OPTIDX,NIFTY,22-Feb-2024,19800,PE,0,0,0,15.3,0.05,0,0,0,0,06-FEB-2024,
OPTIDX,NIFTY,22-Feb-2024,19850,PE,0,0,0,11.7,0.05,0,0,0,0,06-FEB-2024,
OPTIDX,NIFTY,22-Feb-2024,19900,PE,0,0,0,13.45,0.05,0,0,0,0,06-FEB-2024,
OPTIDX,NIFTY,22-Feb-2024,19950,PE,0,0,0,15.45,0.05,0,0,0,0,06-FEB-2024,
OPTIDX,NIFTY,22-Feb-2024,20000,PE,6.5,7.5,5.55,6.4,6.4,940,9403.02,63850,8450,06-FEB-2024,
OPTIDX,NIFTY,22-Feb-2024,20050,PE,0,0,0,20.2,0.05,0,0,0,0,06-FEB-2024,
OPTIDX,NIFTY,22-Feb-2024,20100,PE,0,0,0,23,0.05,0,0,0,0,06-FEB-2024,
OPTIDX,NIFTY,22-Feb-2024,20150,PE,0,0,0,26.1,0.05,0,0,0,0,06-FEB-2024,
OPTIDX,NIFTY,22-Feb-2024,20200,PE,0,0,0,29.55,0.1,0,0,0,0,06-FEB-2024,
OPTIDX,NIFTY,22-Feb-2024,20250,PE,0,0,0,33.4,0.1,0,0,0,0,06-FEB-2024,
OPTIDX,NIFTY,22-Feb-2024,20300,PE,0,0,0,37.65,0.2,0,0,0,0,06-FEB-2024,
OPTIDX,NIFTY,22-Feb-2024,20350,PE,0,0,0,16,0.25,0,0,250,0,06-FEB-2024,
OPTIDX,NIFTY,22-Feb-2024,20400,PE,13,14.95,11.5,11.95,11.95,186,1898.37,10700,1450,06-FEB-2024,
OPTIDX,NIFTY,22-Feb-2024,20450,PE,18.7,18.7,12.45,13.2,13.2,28,286.5,3300,350,06-FEB-2024,
OPTIDX,NIFTY,22-Feb-2024,20500,PE,18.6,20.5,13.4,13.85,13.85,1442,14791.23,78150,31150,06-FEB-2024,
OPTIDX,NIFTY,22-Feb-2024,20550,PE,22.35,22.35,16.1,16.25,0.85,30,308.5,6650,300,06-FEB-2024,
OPTIDX,NIFTY,22-Feb-2024,20600,PE,23.1,23.1,17.45,17.6,17.6,95,979.4,11100,3000,06-FEB-2024,
OPTIDX,NIFTY,22-Feb-2024,20650,PE,23,23.05,20.15,20.6,20.6,133,1374.64,8300,4750,06-FEB-2024,
OPTIDX,NIFTY,22-Feb-2024,20700,PE,31,31.9,21.8,22.55,22.55,633,6559.59,22050,4900,06-FEB-2024,
OPTIDX,NIFTY,22-Feb-2024,20750,PE,0,0,0,21.95,2.6,0,0,1050,0,06-FEB-2024,
OPTIDX,NIFTY,22-Feb-2024,20800,PE,39.4,41,27.3,28.55,28.55,1101,11468.13,57500,7750,06-FEB-2024,
OPTIDX,NIFTY,22-Feb-2024,20850,PE,42.45,42.9,31.5,32.5,32.5,428,4469.68,12000,2600,06-FEB-2024,
OPTIDX,NIFTY,22-Feb-2024,20900,PE,45.95,50.05,33.95,35.05,35.05,546,5716.19,29700,4300,06-FEB-2024,
OPTIDX,NIFTY,22-Feb-2024,20950,PE,53.9,56.5,39.25,40.15,40.15,43,451.37,6650,500,06-FEB-2024,
OPTIDX,NIFTY,22-Feb-2024,21000,PE,60.9,66.2,42.95,45.1,45.1,4171,43897.51,168650,30500,06-FEB-2024,
OPTIDX,NIFTY,22-Feb-2024,21050,PE,42.95,52,42.95,49.45,49.45,127,1339.8,6300,4150,06-FEB-2024,
OPTIDX,NIFTY,22-Feb-2024,21100,PE,72.95,81.45,52.65,54.05,54.05,495,5237.16,31400,3900,06-FEB-2024,
OPTIDX,NIFTY,22-Feb-2024,21150,PE,83.7,83.7,59.4,60.6,60.6,66,700.09,3000,300,06-FEB-2024,
OPTIDX,NIFTY,22-Feb-2024,21200,PE,84.75,98.75,62.95,65.65,65.65,1832,19486.46,41650,9400,06-FEB-2024,
OPTIDX,NIFTY,22-Feb-2024,21250,PE,0,0,0,125.45,25.15,0,0,850,0,06-FEB-2024,
OPTIDX,NIFTY,22-Feb-2024,21300,PE,112.65,119.05,77,80.8,80.8,922,9862.42,25250,2900,06-FEB-2024,
OPTIDX,NIFTY,22-Feb-2024,21350,PE,123,123,87.95,91.05,91.05,33,353.93,4000,900,06-FEB-2024,
OPTIDX,NIFTY,22-Feb-2024,21400,PE,135.4,144.85,94.35,99.1,99.1,850,9142.08,43150,3650,06-FEB-2024,
OPTIDX,NIFTY,22-Feb-2024,21450,PE,157,157.55,103.55,108.2,108.2,192,2070.74,5400,650,06-FEB-2024,
OPTIDX,NIFTY,22-Feb-2024,21500,PE,170.8,175.7,115.1,121.65,121.65,2647,28637.43,86350,15350,06-FEB-2024,
OPTIDX,NIFTY,22-Feb-2024,21550,PE,170,170,130.25,132.2,132.2,117,1268.75,4500,2200,06-FEB-2024,
OPTIDX,NIFTY,22-Feb-2024,21600,PE,183.8,207.3,137.95,145.15,145.15,1261,13722.93,22250,8700,06-FEB-2024,
OPTIDX,NIFTY,22-Feb-2024,21650,PE,222.35,222.95,155.55,162.75,162.75,230,2509.97,4550,1000,06-FEB-2024,
OPTIDX,NIFTY,22-Feb-2024,21700,PE,239.3,250,170,177.85,177.85,1880,20578.5,58200,30050,06-FEB-2024,
OPTIDX,NIFTY,22-Feb-2024,21750,PE,266.65,271.3,184.65,193.55,193.55,418,4591.93,11350,8700,06-FEB-2024,
OPTIDX,NIFTY,22-Feb-2024,21800,PE,275.25,293.15,202,208.35,208.35,2662,29333.04,56900,35200,06-FEB-2024,
OPTIDX,NIFTY,22-Feb-2024,21850,PE,319,319,220,232.4,232.4,664,7337.76,8550,5550,06-FEB-2024,
OPTIDX,NIFTY,22-Feb-2024,21900,PE,313.95,345.1,238.25,248.15,248.15,2986,33106.54,35450,19750,06-FEB-2024,
OPTIDX,NIFTY,22-Feb-2024,21950,PE,366.35,378.75,262,271.5,271.5,330,3668.73,5900,4150,06-FEB-2024,
OPTIDX,NIFTY,22-Feb-2024,22000,PE,393.95,403.05,280,295.4,295.4,2416,26964.19,100050,6150,06-FEB-2024,
OPTIDX,NIFTY,22-Feb-2024,22050,PE,428.3,428.3,315.55,320.2,320.2,62,693.65,5750,-450,06-FEB-2024,
OPTIDX,NIFTY,22-Feb-2024,22100,PE,458.1,458.1,337,346.3,346.3,199,2234.84,6300,1100,06-FEB-2024,
OPTIDX,NIFTY,22-Feb-2024,22150,PE,451.65,451.65,365.35,385,316.4,18,202.97,4750,550,06-FEB-2024,
OPTIDX,NIFTY,22-Feb-2024,22200,PE,490.05,501.15,391.85,400.1,400.1,137,1550.65,8800,550,06-FEB-2024,
OPTIDX,NIFTY,22-Feb-2024,22250,PE,555.4,555.4,440,443,380.5,6,68.13,250,200,06-FEB-2024,
OPTIDX,NIFTY,22-Feb-2024,22300,PE,583.85,583.85,450,479.95,479.95,7,79.84,3250,0,06-FEB-2024,
OPTIDX,NIFTY,22-Feb-2024,22350,PE,0,0,0,866.9,450.8,0,0,0,0,06-FEB-2024,
OPTIDX,NIFTY,22-Feb-2024,22400,PE,0,0,0,554.3,488.05,0,0,300,0,06-FEB-2024,
OPTIDX,NIFTY,22-Feb-2024,22450,PE,0,0,0,945.25,526.6,0,0,0,0,06-FEB-2024,
OPTIDX,NIFTY,22-Feb-2024,22500,PE,620.8,640.95,578.5,578.5,566.4,5,57.81,5100,0,06-FEB-2024,
OPTIDX,NIFTY,22-Feb-2024,22550,PE,0,0,0,1026.25,607.35,0,0,0,0,06-FEB-2024,
OPTIDX,NIFTY,22-Feb-2024,22600,PE,0,0,0,1067.7,649.35,0,0,0,0,06-FEB-2024,
OPTIDX,NIFTY,22-Feb-2024,22650,PE,0,0,0,1109.7,692.35,0,0,0,0,06-FEB-2024,
OPTIDX,NIFTY,22-Feb-2024,22700,PE,0,0,0,1152.3,736.2,0,0,0,0,06-FEB-2024,
OPTIDX,NIFTY,22-Feb-2024,22750,PE,0,0,0,1195.4,780.85,0,0,0,0,06-FEB-2024,
OPTIDX,NIFTY,22-Feb-2024,22800,PE,0,0,0,1238.95,826.2,0,0,0,0,06-FEB-2024,
OPTIDX,NIFTY,22-Feb-2024,22850,PE,0,0,0,1283,872.2,0,0,0,0,06-FEB-2024,
OPTIDX,NIFTY,22-Feb-2024,22900,PE,0,0,0,1327.5,918.8,0,0,0,0,06-FEB-2024,
OPTIDX,NIFTY,22-Feb-2024,22950,PE,0,0,0,1372.4,965.85,0,0,0,0,06-FEB-2024,
OPTIDX,NIFTY,22-Feb-2024,23000,PE,0,0,0,1417.7,1013.35,0,0,0,0,06-FEB-2024,
OPTIDX,NIFTY,22-Feb-2024,23050,PE,0,0,0,1463.35,1061.25,0,0,0,0,06-FEB-2024,
OPTIDX,NIFTY,22-Feb-2024,23100,PE,0,0,0,1509.35,1109.45,0,0,0,0,06-FEB-2024,
OPTIDX,NIFTY,22-Feb-2024,23150,PE,0,0,0,1555.65,1157.95,0,0,0,0,06-FEB-2024,
OPTIDX,NIFTY,22-Feb-2024,23200,PE,0,0,0,1602.25,1206.65,0,0,0,0,06-FEB-2024,
OPTIDX,NIFTY,22-Feb-2024,23250,PE,0,0,0,1649.15,1255.6,0,0,0,0,06-FEB-2024,
OPTIDX,NIFTY,22-Feb-2024,23300,PE,0,0,0,1696.25,1304.7,0,0,0,0,06-FEB-2024,
OPTIDX,NIFTY,22-Feb-2024,23350,PE,0,0,0,1743.65,1353.95,0,0,0,0,06-FEB-2024,
OPTIDX,NIFTY,22-Feb-2024,23400,PE,0,0,0,1791.2,1403.3,0,0,0,0,06-FEB-2024,
OPTIDX,NIFTY,22-Feb-2024,23450,PE,0,0,0,1839,1452.75,0,0,0,0,06-FEB-2024,
OPTIDX,NIFTY,22-Feb-2024,23500,PE,0,0,0,1886.95,1502.3,0,0,0,0,06-FEB-2024,
OPTIDX,NIFTY,22-Feb-2024,23550,PE,0,0,0,1935.05,1551.9,0,0,0,0,06-FEB-2024,
OPTIDX,NIFTY,22-Feb-2024,23600,PE,0,0,0,1983.35,1601.55,0,0,0,0,06-FEB-2024,
OPTIDX,NIFTY,29-Feb-2024,18650,CE,0,0,0,3304.2,3358.55,0,0,33050,0,06-FEB-2024,
OPTIDX,NIFTY,29-Feb-2024,18700,CE,3135.5,3265,3135.5,3265,3308.75,4,43.8,73550,0,06-FEB-2024,
OPTIDX,NIFTY,29-Feb-2024,18750,CE,0,0,0,3076,3259,0,0,1150,0,06-FEB-2024,
OPTIDX,NIFTY,29-Feb-2024,18800,CE,0,0,0,3170,3209.2,0,0,11350,0,06-FEB-2024,
OPTIDX,NIFTY,29-Feb-2024,18850,CE,0,0,0,1710.25,3159.4,0,0,0,0,06-FEB-2024,
OPTIDX,NIFTY,29-Feb-2024,18900,CE,0,0,0,3180,3109.6,0,0,2400,0,06-FEB-2024,
OPTIDX,NIFTY,29-Feb-2024,18950,CE,0,0,0,2410,3059.85,0,0,200,0,06-FEB-2024,
OPTIDX,NIFTY,29-Feb-2024,19000,CE,2834.15,2986.85,2810,2958.45,2958.45,464,5089.36,717500,9300,06-FEB-2024,
OPTIDX,NIFTY,29-Feb-2024,19050,CE,0,0,0,2476.45,2960.25,0,0,100,0,06-FEB-2024,
OPTIDX,NIFTY,29-Feb-2024,19100,CE,0,0,0,2300.45,2910.45,0,0,2550,0,06-FEB-2024,
OPTIDX,NIFTY,29-Feb-2024,19150,CE,0,0,0,2340,2860.7,0,0,200,0,06-FEB-2024,
OPTIDX,NIFTY,29-Feb-2024,19200,CE,0,0,0,2772,2810.9,0,0,3950,0,06-FEB-2024,
OPTIDX,NIFTY,29-Feb-2024,19250,CE,0,0,0,2140,2761.1,0,0,150,0,06-FEB-2024,
OPTIDX,NIFTY,29-Feb-2024,19300,CE,2690,2690,2690,2690,2711.3,1,10.99,6200,-50,06-FEB-2024,
OPTIDX,NIFTY,29-Feb-2024,19350,CE,0,0,0,2359.65,2661.55,0,0,9150,0,06-FEB-2024,
OPTIDX,NIFTY,29-Feb-2024,19400,CE,2470,2560,2470,2555,2555,38,416.88,8600,-100,06-FEB-2024,
OPTIDX,NIFTY,29-Feb-2024,19450,CE,0,0,0,1231.75,2561.95,0,0,0,0,06-FEB-2024,
OPTIDX,NIFTY,29-Feb-2024,19500,CE,2402.5,2490,2324.5,2445,2445,34,372.25,151750,200,06-FEB-2024,
OPTIDX,NIFTY,29-Feb-2024,19550,CE,0,0,0,1159.6,2462.4,0,0,0,0,06-FEB-2024,
OPTIDX,NIFTY,29-Feb-2024,19600,CE,2269.65,2362,2269.65,2362,2362,16,175.61,15100,650,06-FEB-2024,
OPTIDX,NIFTY,29-Feb-2024,19650,CE,0,0,0,2142.3,2362.8,0,0,250,0,06-FEB-2024,
OPTIDX,NIFTY,29-Feb-2024,19700,CE,0,0,0,2090,2313.05,0,0,24150,0,06-FEB-2024,
OPTIDX,NIFTY,29-Feb-2024,19750,CE,0,0,0,1020.15,2263.25,0,0,0,0,06-FEB-2024,
OPTIDX,NIFTY,29-Feb-2024,19800,CE,1998.1,2150,1998.1,2150,2213.5,15,164.45,12750,-600,06-FEB-2024,
OPTIDX,NIFTY,29-Feb-2024,19850,CE,0,0,0,1615.5,2163.75,0,0,250,0,06-FEB-2024,
OPTIDX,NIFTY,29-Feb-2024,19900,CE,1994,2062.7,1994,2062.7,2114,2,21.92,10150,0,06-FEB-2024,
OPTIDX,NIFTY,29-Feb-2024,19950,CE,0,0,0,1493.5,2064.25,0,0,1900,0,06-FEB-2024,
OPTIDX,NIFTY,29-Feb-2024,20000,CE,1840,2006,1800,1974.8,1974.8,361,3962,694700,-2250,06-FEB-2024,
OPTIDX,NIFTY,29-Feb-2024,20050,CE,0,0,0,1517.3,1964.75,0,0,50,0,06-FEB-2024,
OPTIDX,NIFTY,29-Feb-2024,20100,CE,0,0,0,1863,1915.05,0,0,10250,0,06-FEB-2024,
OPTIDX,NIFTY,29-Feb-2024,20150,CE,0,0,0,1374.15,1865.4,0,0,150,0,06-FEB-2024,
OPTIDX,NIFTY,29-Feb-2024,20200,CE,1780,1780,1760.05,1760.05,1760.05,2,21.97,27350,0,06-FEB-2024,
OPTIDX,NIFTY,29-Feb-2024,20250,CE,0,0,0,1588.45,1766.15,0,0,450,0,06-FEB-2024,
OPTIDX,NIFTY,29-Feb-2024,20300,CE,1526.05,1680.85,1526.05,1680.6,1716.55,19,207.81,21250,550,06-FEB-2024,
OPTIDX,NIFTY,29-Feb-2024,20350,CE,0,0,0,1136.75,1667.05,0,0,200,0,06-FEB-2024,
OPTIDX,NIFTY,29-Feb-2024,20400,CE,1472,1599,1472,1599,1599,4,43.89,42150,50,06-FEB-2024,
OPTIDX,NIFTY,29-Feb-2024,20450,CE,0,0,0,1368,1568.3,0,0,950,0,06-FEB-2024,
OPTIDX,NIFTY,29-Feb-2024,20500,CE,1353.95,1530,1325,1490.95,1490.95,391,4295.44,340000,1500,06-FEB-2024,
OPTIDX,NIFTY,29-Feb-2024,20550,CE,0,0,0,1650.05,1469.9,0,0,800,0,06-FEB-2024,
OPTIDX,NIFTY,29-Feb-2024,20600,CE,1241.85,1378.25,1241.85,1370,1420.9,32,351.38,31400,-1400,06-FEB-2024,
OPTIDX,NIFTY,29-Feb-2024,20650,CE,0,0,0,1330.9,1372.1,0,0,1500,0,06-FEB-2024,
OPTIDX,NIFTY,29-Feb-2024,20700,CE,1180,1325,1180,1294.75,1294.75,8,87.78,63650,-150,06-FEB-2024,
OPTIDX,NIFTY,29-Feb-2024,20750,CE,0,0,0,1095.75,1275.05,0,0,1800,0,06-FEB-2024,
OPTIDX,NIFTY,29-Feb-2024,20800,CE,1100,1225,1100,1196.75,1196.75,31,340.23,87550,150,06-FEB-2024,
OPTIDX,NIFTY,29-Feb-2024,20850,CE,0,0,0,1260,1179.1,0,0,5050,0,06-FEB-2024,
OPTIDX,NIFTY,29-Feb-2024,20900,CE,970,1162.6,970,1139.15,1139.15,381,4196.7,101350,-50,06-FEB-2024,
OPTIDX,NIFTY,29-Feb-2024,20950,CE,1053.15,1079.6,1053.15,1079.6,1084.5,6,66.04,5250,-150,06-FEB-2024,
OPTIDX,NIFTY,29-Feb-2024,21000,CE,914.95,1075,880,1041.9,1041.9,2681,29480.68,654800,-650,06-FEB-2024,
OPTIDX,NIFTY,29-Feb-2024,21050,CE,896.6,896.6,896.6,896.6,991.65,1,10.97,8300,0,06-FEB-2024,
OPTIDX,NIFTY,29-Feb-2024,21100,CE,830,977.05,810,957.25,957.25,307,3379.05,87900,3850,06-FEB-2024,
OPTIDX,NIFTY,29-Feb-2024,21150,CE,891.2,891.2,891.2,891.2,901,1,11.02,13900,0,06-FEB-2024,
OPTIDX,NIFTY,29-Feb-2024,21200,CE,753.05,899,745.25,852.1,852.1,383,4218.56,121700,600,06-FEB-2024,
OPTIDX,NIFTY,29-Feb-2024,21250,CE,740,846,740,822.35,822.35,19,209.23,18250,200,06-FEB-2024,
OPTIDX,NIFTY,29-Feb-2024,21300,CE,677.3,813.85,645,785.45,785.45,2638,29107.97,188300,-52350,06-FEB-2024,
OPTIDX,NIFTY,29-Feb-2024,21350,CE,643.5,755.9,643.5,740.25,740.25,45,496.34,20850,1350,06-FEB-2024,
OPTIDX,NIFTY,29-Feb-2024,21400,CE,599,740,576.3,706.15,706.15,1034,11405.14,216650,-4850,06-FEB-2024,
OPTIDX,NIFTY,29-Feb-2024,21450,CE,558.65,689.1,541.4,682.75,682.75,123,1358.57,27500,-850,06-FEB-2024,
OPTIDX,NIFTY,29-Feb-2024,21500,CE,510,661.3,503.7,630.85,630.85,9071,100161.46,1150050,6250,06-FEB-2024,
OPTIDX,NIFTY,29-Feb-2024,21550,CE,495.75,623.7,480.05,595.8,595.8,586,6477.23,28450,-5150,06-FEB-2024,
OPTIDX,NIFTY,29-Feb-2024,21600,CE,460,590.6,442,561.9,561.9,5823,64408.72,402350,-20250,06-FEB-2024,
OPTIDX,NIFTY,29-Feb-2024,21650,CE,440,550,411.05,525.85,525.85,1055,11673.26,64500,-6450,06-FEB-2024,
OPTIDX,NIFTY,29-Feb-2024,21700,CE,398.9,520,383.15,483.55,483.55,16802,186092.56,610550,-71300,06-FEB-2024,
OPTIDX,NIFTY,29-Feb-2024,21750,CE,368.8,483.6,353.1,455.3,455.3,3394,37607.96,68350,-1050,06-FEB-2024,
OPTIDX,NIFTY,29-Feb-2024,21800,CE,339.95,454.5,326.5,423.75,423.75,57063,633109.3,1114900,-27700,06-FEB-2024,
OPTIDX,NIFTY,29-Feb-2024,21850,CE,304.5,420.6,303.2,392.4,392.4,8056,89477.62,83850,-9500,06-FEB-2024,
OPTIDX,NIFTY,29-Feb-2024,21900,CE,293.4,390.85,275.3,362.65,362.65,44287,492516.91,641950,-49100,06-FEB-2024,
OPTIDX,NIFTY,29-Feb-2024,21950,CE,253,364.4,251.5,333.4,333.4,5905,65744.73,60150,800,06-FEB-2024,
OPTIDX,NIFTY,29-Feb-2024,22000,CE,250,330.95,228.5,306.35,306.35,86895,968465.84,2401050,48800,06-FEB-2024,
OPTIDX,NIFTY,29-Feb-2024,22050,CE,211,304.05,210.1,279.55,279.55,4347,48488.98,71350,2050,06-FEB-2024,
OPTIDX,NIFTY,29-Feb-2024,22100,CE,196,277.5,188,256.35,256.35,17223,192396.26,443950,7800,06-FEB-2024,
OPTIDX,NIFTY,29-Feb-2024,22150,CE,180.45,253,172.9,231.9,231.9,4327,48391.09,56800,-7100,06-FEB-2024,
OPTIDX,NIFTY,29-Feb-2024,22200,CE,158,231.6,153.25,210.8,210.8,41690,466914.55,929600,144600,06-FEB-2024,
OPTIDX,NIFTY,29-Feb-2024,22250,CE,146.75,209,138.1,191.85,191.85,4064,45589.66,91850,8650,06-FEB-2024,
OPTIDX,NIFTY,29-Feb-2024,22300,CE,132,189.65,123.65,171.45,171.45,16219,182161.56,417700,26550,06-FEB-2024,
OPTIDX,NIFTY,29-Feb-2024,22350,CE,120.75,168.4,111.75,154.95,154.95,2721,30598.62,65600,-2850,06-FEB-2024,
OPTIDX,NIFTY,29-Feb-2024,22400,CE,95,153.6,95,137.85,137.85,20126,226726.21,436800,32200,06-FEB-2024,
OPTIDX,NIFTY,29-Feb-2024,22450,CE,96.7,137.95,88.3,124.95,124.95,2676,30193.69,79350,7750,06-FEB-2024,
OPTIDX,NIFTY,29-Feb-2024,22500,CE,84.4,124.35,78.95,113.3,113.3,50488,570642.54,2088800,115600,06-FEB-2024,
OPTIDX,NIFTY,29-Feb-2024,22550,CE,75.1,109.45,70,99.7,99.7,3093,35016.32,70000,13850,06-FEB-2024,
OPTIDX,NIFTY,29-Feb-2024,22600,CE,66.95,96.2,61.75,87.9,87.9,14998,170093.63,583550,22650,06-FEB-2024,
OPTIDX,NIFTY,29-Feb-2024,22650,CE,59.95,85.4,55.25,79.3,79.3,2433,27637.93,55900,-1350,06-FEB-2024,
OPTIDX,NIFTY,29-Feb-2024,22700,CE,52.25,75.2,48.45,69.2,69.2,14075,160187.93,613950,25100,06-FEB-2024,
OPTIDX,NIFTY,29-Feb-2024,22750,CE,47,66.6,43.65,61.65,61.65,3220,36718.11,75800,15400,06-FEB-2024,
OPTIDX,NIFTY,29-Feb-2024,22800,CE,38.75,59.6,38.7,54.65,54.65,22382,255706.19,604350,49650,06-FEB-2024,
OPTIDX,NIFTY,29-Feb-2024,22850,CE,37.3,51.9,34.65,48.4,48.4,2943,33688.06,74150,1100,06-FEB-2024,
OPTIDX,NIFTY,29-Feb-2024,22900,CE,34.35,46.95,31.05,43.2,43.2,8181,93833.32,354550,7050,06-FEB-2024,
OPTIDX,NIFTY,29-Feb-2024,22950,CE,30.55,41.05,28,38.1,38.1,3493,40142.31,90950,1050,06-FEB-2024,
OPTIDX,NIFTY,29-Feb-2024,23000,CE,28,38.5,26.25,35.6,35.6,45984,529557.43,4357950,97600,06-FEB-2024,
OPTIDX,NIFTY,29-Feb-2024,23050,CE,25.55,32,22.45,29.55,29.55,4165,48057.5,94900,550,06-FEB-2024,
OPTIDX,NIFTY,29-Feb-2024,23100,CE,21.1,27.95,19.05,25.8,25.8,9012,104194.36,502500,-4050,06-FEB-2024,
OPTIDX,NIFTY,29-Feb-2024,23150,CE,18,24.45,17.2,22.8,22.8,1771,20517.97,42850,6350,06-FEB-2024,
OPTIDX,NIFTY,29-Feb-2024,23200,CE,17.5,21.1,13.2,18.9,18.9,9117,105838.75,752950,14900,06-FEB-2024,
OPTIDX,NIFTY,29-Feb-2024,23250,CE,14.45,18.8,13,17.25,17.25,1186,13796.88,59600,9500,06-FEB-2024,
OPTIDX,NIFTY,29-Feb-2024,23300,CE,12.3,16.2,11.2,15.3,15.3,4929,57457.49,578350,-11500,06-FEB-2024,
OPTIDX,NIFTY,29-Feb-2024,23350,CE,11.1,14.25,10.6,13.4,13.4,952,11120.25,87150,2150,06-FEB-2024,
OPTIDX,NIFTY,29-Feb-2024,23400,CE,10.3,12.4,9.65,11.75,11.75,4978,58269.5,277650,15600,06-FEB-2024,
OPTIDX,NIFTY,29-Feb-2024,23450,CE,9.5,11.6,8.8,10.4,10.4,1930,22638.86,102400,1000,06-FEB-2024,
OPTIDX,NIFTY,29-Feb-2024,23500,CE,9.6,11.4,9,10.45,10.45,12605,148171.46,838850,-79050,06-FEB-2024,
OPTIDX,NIFTY,29-Feb-2024,23550,CE,8.05,9.15,7.45,8.75,8.75,1716,20212.91,125650,-28850,06-FEB-2024,
OPTIDX,NIFTY,29-Feb-2024,23600,CE,7.7,8.4,7.15,8,8,1845,21778.15,167250,-3850,06-FEB-2024,
OPTIDX,NIFTY,29-Feb-2024,23650,CE,6.85,8.1,6.7,7.75,7.75,319,3773.35,20800,-1050,06-FEB-2024,
OPTIDX,NIFTY,29-Feb-2024,23700,CE,6.75,7.05,6.1,6.8,6.8,1533,18171.1,263500,2400,06-FEB-2024,
OPTIDX,NIFTY,29-Feb-2024,23750,CE,6.95,7.65,6.25,6.9,6.9,365,4335.57,25200,-1900,06-FEB-2024,
OPTIDX,NIFTY,29-Feb-2024,23800,CE,6.1,7.25,5.6,6.4,6.4,2913,34673.59,315850,-5600,06-FEB-2024,
OPTIDX,NIFTY,29-Feb-2024,23850,CE,6.45,6.95,5.85,6.55,6.55,863,10294.01,186900,-2400,06-FEB-2024,
OPTIDX,NIFTY,29-Feb-2024,18650,PE,4.4,4.8,3.6,4.55,4.55,138,1287.14,49050,2550,06-FEB-2024,
OPTIDX,NIFTY,29-Feb-2024,18700,PE,4.35,4.75,3.75,4.5,4.5,80,748.16,51700,-300,06-FEB-2024,
OPTIDX,NIFTY,29-Feb-2024,18750,PE,0,0,0,77,0.05,0,0,0,0,06-FEB-2024,
OPTIDX,NIFTY,29-Feb-2024,18800,PE,4.55,5.4,3.8,4,4,148,1391.54,7500,1800,06-FEB-2024,
OPTIDX,NIFTY,29-Feb-2024,18850,PE,0,0,0,89.45,0.05,0,0,0,0,06-FEB-2024,
OPTIDX,NIFTY,29-Feb-2024,18900,PE,0,0,0,3.1,0.05,0,0,1250,0,06-FEB-2024,
OPTIDX,NIFTY,29-Feb-2024,18950,PE,0,0,0,103.4,0.05,0,0,0,0,06-FEB-2024,
OPTIDX,NIFTY,29-Feb-2024,19000,PE,5,6.8,4.3,4.5,4.5,1666,15830.94,982700,12600,06-FEB-2024,
OPTIDX,NIFTY,29-Feb-2024,19050,PE,0,0,0,119.05,0.05,0,0,0,0,06-FEB-2024,
OPTIDX,NIFTY,29-Feb-2024,19100,PE,0,0,0,127.5,0.05,0,0,0,0,06-FEB-2024,
OPTIDX,NIFTY,29-Feb-2024,19150,PE,0,0,0,136.4,0.05,0,0,0,0,06-FEB-2024,
OPTIDX,NIFTY,29-Feb-2024,19200,PE,5.25,5.8,4.5,4.85,4.85,78,748.99,18350,-150,06-FEB-2024,
OPTIDX,NIFTY,29-Feb-2024,19250,PE,5.55,5.55,4.65,5.3,5.3,19,182.92,1000,-500,06-FEB-2024,
OPTIDX,NIFTY,29-Feb-2024,19300,PE,6.05,7.3,5,5.35,5.35,195,1882.27,62050,-550,06-FEB-2024,
OPTIDX,NIFTY,29-Feb-2024,19350,PE,0,0,0,5.65,0.05,0,0,4400,0,06-FEB-2024,
OPTIDX,NIFTY,29-Feb-2024,19400,PE,5.75,5.85,4.8,5.05,5.05,191,1853.18,43250,-2700,06-FEB-2024,
OPTIDX,NIFTY,29-Feb-2024,19450,PE,6.2,6.2,5.55,5.55,0.05,14,136.19,6000,250,06-FEB-2024,
OPTIDX,NIFTY,29-Feb-2024,19500,PE,6.95,7.9,5.25,5.8,5.8,4080,39792.04,792450,-63100,06-FEB-2024,
OPTIDX,NIFTY,29-Feb-2024,19550,PE,6.9,7.55,5.9,5.9,0.05,57,557.36,8300,-100,06-FEB-2024,
OPTIDX,NIFTY,29-Feb-2024,19600,PE,7,7.85,5.65,6.05,6.05,765,7499.35,83700,-2050,06-FEB-2024,
OPTIDX,NIFTY,29-Feb-2024,19650,PE,7.85,8.1,6.4,6.75,6.75,138,1356.32,20600,400,06-FEB-2024,
OPTIDX,NIFTY,29-Feb-2024,19700,PE,8.5,8.5,6.3,6.85,6.85,1972,19431.01,187200,3300,06-FEB-2024,
OPTIDX,NIFTY,29-Feb-2024,19750,PE,8.35,9.75,7.2,7.65,7.65,326,3220.51,12550,3300,06-FEB-2024,
OPTIDX,NIFTY,29-Feb-2024,19800,PE,10.2,10.55,7.85,8.2,8.2,2294,22720.31,284900,-800,06-FEB-2024,
OPTIDX,NIFTY,29-Feb-2024,19850,PE,10.4,11.3,8.75,9.1,9.1,151,1499.37,14150,650,06-FEB-2024,
OPTIDX,NIFTY,29-Feb-2024,19900,PE,11.7,11.7,9.5,9.9,9.9,1332,13260.19,191100,-500,06-FEB-2024,
OPTIDX,NIFTY,29-Feb-2024,19950,PE,12.8,13.95,10.15,10.65,10.65,388,3872.54,39300,-3850,06-FEB-2024,
OPTIDX,NIFTY,29-Feb-2024,20000,PE,15.3,16,11.85,12.35,12.35,12502,125101.47,2256900,56950,06-FEB-2024,
OPTIDX,NIFTY,29-Feb-2024,20050,PE,15.25,16.6,11.5,12.45,12.45,350,3511.06,18850,-300,06-FEB-2024,
OPTIDX,NIFTY,29-Feb-2024,20100,PE,16.9,18.15,11,13.55,13.55,2438,24519.36,194350,8600,06-FEB-2024,
OPTIDX,NIFTY,29-Feb-2024,20150,PE,16.7,19.2,13.9,14.5,14.5,193,1945.99,11350,250,06-FEB-2024,
OPTIDX,NIFTY,29-Feb-2024,20200,PE,22.1,22.1,12.7,15.35,15.35,4846,48984.65,606250,48900,06-FEB-2024,
OPTIDX,NIFTY,29-Feb-2024,20250,PE,21.55,23.4,15.6,16.55,16.55,724,7337.23,21550,-7550,06-FEB-2024,
OPTIDX,NIFTY,29-Feb-2024,20300,PE,24.5,25.2,15,18.05,18.05,6242,63417.99,956900,62300,06-FEB-2024,
OPTIDX,NIFTY,29-Feb-2024,20350,PE,26.15,27.95,19.8,20.45,20.45,484,4930.02,20750,3500,06-FEB-2024,
OPTIDX,NIFTY,29-Feb-2024,20400,PE,29.2,31.4,20.55,22.35,22.35,6212,63438.45,771500,32750,06-FEB-2024,
OPTIDX,NIFTY,29-Feb-2024,20450,PE,31.85,34.6,24,24.9,24.9,1142,11692.75,40850,-11300,06-FEB-2024,
OPTIDX,NIFTY,29-Feb-2024,20500,PE,34.25,38.8,26,28.15,28.15,22531,231286.71,2910200,97950,06-FEB-2024,
OPTIDX,NIFTY,29-Feb-2024,20550,PE,37.9,41.4,28.9,29.55,29.55,980,10085.8,42550,-2650,06-FEB-2024,
OPTIDX,NIFTY,29-Feb-2024,20600,PE,42.05,45.45,31.4,33.1,33.1,6770,69853.82,594050,46900,06-FEB-2024,
OPTIDX,NIFTY,29-Feb-2024,20650,PE,42.35,50,34.4,35.95,35.95,920,9517.08,73600,-3500,06-FEB-2024,
OPTIDX,NIFTY,29-Feb-2024,20700,PE,48.1,54.25,37.05,39,39,8850,91786.85,552100,18200,06-FEB-2024,
OPTIDX,NIFTY,29-Feb-2024,20750,PE,54,59.5,41.25,42.7,42.7,2598,27017.86,55200,5600,06-FEB-2024,
OPTIDX,NIFTY,29-Feb-2024,20800,PE,61.55,64.7,44.1,46.6,46.6,12834,133796.84,819100,36800,06-FEB-2024,
OPTIDX,NIFTY,29-Feb-2024,20850,PE,65.5,71.25,49.3,51.05,51.05,1090,11394.2,53750,1400,06-FEB-2024,
OPTIDX,NIFTY,29-Feb-2024,20900,PE,78.35,78.35,53.3,56.3,56.3,8047,84335.83,527600,16050,06-FEB-2024,
OPTIDX,NIFTY,29-Feb-2024,20950,PE,78.65,85.2,59.05,61.35,61.35,1537,16151.49,56050,5500,06-FEB-2024,
OPTIDX,NIFTY,29-Feb-2024,21000,PE,87.75,94.7,64.45,68.05,68.05,51288,540409.83,3560550,137950,06-FEB-2024,
OPTIDX,NIFTY,29-Feb-2024,21050,PE,93.7,101.7,69.45,72.3,72.3,970,10248.56,42250,2850,06-FEB-2024,
OPTIDX,NIFTY,29-Feb-2024,21100,PE,100.8,111,74.85,78.2,78.2,12628,133772.98,388100,12850,06-FEB-2024,
OPTIDX,NIFTY,29-Feb-2024,21150,PE,116,121.25,82.2,85.5,85.5,1455,15457.54,43200,4750,06-FEB-2024,
OPTIDX,NIFTY,29-Feb-2024,21200,PE,123.75,131.35,88.8,92.75,92.75,14585,155340.23,1038650,85800,06-FEB-2024,
OPTIDX,NIFTY,29-Feb-2024,21250,PE,138.4,143.2,97.95,100.8,100.8,1556,16619.79,121700,150,06-FEB-2024,
OPTIDX,NIFTY,29-Feb-2024,21300,PE,148,155.15,106.1,110.75,110.75,15782,169030.53,1096200,-59400,06-FEB-2024,
OPTIDX,NIFTY,29-Feb-2024,21350,PE,150.05,166.3,116.5,120.25,120.25,649,6971.14,80650,-950,06-FEB-2024,
OPTIDX,NIFTY,29-Feb-2024,21400,PE,169.9,183.15,125,130.9,130.9,11435,123176.73,620450,22350,06-FEB-2024,
OPTIDX,NIFTY,29-Feb-2024,21450,PE,190.85,198.1,137,142.25,142.25,2827,30545.82,95550,6350,06-FEB-2024,
OPTIDX,NIFTY,29-Feb-2024,21500,PE,204.25,214.2,148.4,153.95,153.95,58830,637483.45,2749350,237900,06-FEB-2024,
OPTIDX,NIFTY,29-Feb-2024,21550,PE,218.4,229.55,160.7,166.7,166.7,4850,52698.94,63650,10650,06-FEB-2024,
OPTIDX,NIFTY,29-Feb-2024,21600,PE,245,250.3,173,179.95,179.95,27768,302627.88,996600,36700,06-FEB-2024,
OPTIDX,NIFTY,29-Feb-2024,21650,PE,250,269.1,189,197.2,197.2,2918,31904.41,98750,7750,06-FEB-2024,
OPTIDX,NIFTY,29-Feb-2024,21700,PE,263.35,290,200,212.45,212.45,31093,341008.35,1248800,161800,06-FEB-2024,
OPTIDX,NIFTY,29-Feb-2024,21750,PE,280,311.5,220,227.7,227.7,7871,86584.41,136300,10150,06-FEB-2024,
OPTIDX,NIFTY,29-Feb-2024,21800,PE,309.95,334.5,235.15,246.3,246.3,63360,699269.51,1148250,129750,06-FEB-2024,
OPTIDX,NIFTY,29-Feb-2024,21850,PE,345.65,357.75,253.5,264.45,264.45,8204,90834.28,120750,17950,06-FEB-2024,
OPTIDX,NIFTY,29-Feb-2024,21900,PE,360,384,272.8,285.25,285.25,48530,538805.99,788200,102600,06-FEB-2024,
OPTIDX,NIFTY,29-Feb-2024,21950,PE,370.05,406.5,292.95,306.55,306.55,5151,57353.82,79350,21950,06-FEB-2024,
OPTIDX,NIFTY,29-Feb-2024,22000,PE,401.3,438,313.95,329.5,329.5,63878,713864.89,2128100,151400,06-FEB-2024,
OPTIDX,NIFTY,29-Feb-2024,22050,PE,433.05,455.9,337.1,354.15,354.15,1711,19188.57,32350,3100,06-FEB-2024,
OPTIDX,NIFTY,29-Feb-2024,22100,PE,463.15,495.25,360,376.05,376.05,5123,57626.32,138050,21150,06-FEB-2024,
OPTIDX,NIFTY,29-Feb-2024,22150,PE,490.4,522.45,386.75,401.7,401.7,1289,14546.74,36250,4150,06-FEB-2024,
OPTIDX,NIFTY,29-Feb-2024,22200,PE,531.8,561.65,410.95,436.9,436.9,24203,274196.83,400800,55400,06-FEB-2024,
OPTIDX,NIFTY,29-Feb-2024,22250,PE,550.15,587.8,446,455.9,455.9,226,2568.26,36800,-100,06-FEB-2024,
OPTIDX,NIFTY,29-Feb-2024,22300,PE,586.7,620.6,471,492.45,492.45,1412,16109.33,104850,6700,06-FEB-2024,
OPTIDX,NIFTY,29-Feb-2024,22350,PE,640,645.55,514.35,527.75,527.75,122,1396.55,24800,-50,06-FEB-2024,
OPTIDX,NIFTY,29-Feb-2024,22400,PE,657.6,694.5,538,554.05,554.05,3206,36819.59,114400,3800,06-FEB-2024,
OPTIDX,NIFTY,29-Feb-2024,22450,PE,721.15,721.15,580,603.15,603.15,10,115.49,19500,-50,06-FEB-2024,
OPTIDX,NIFTY,29-Feb-2024,22500,PE,745,778.8,605,633.75,633.75,7152,82815.92,597750,21500,06-FEB-2024,
OPTIDX,NIFTY,29-Feb-2024,22550,PE,794.3,794.3,686.85,689.1,616.35,8,93.1,10550,100,06-FEB-2024,
OPTIDX,NIFTY,29-Feb-2024,22600,PE,810,830.85,690.5,703.4,703.4,80,933.74,15100,1650,06-FEB-2024,
OPTIDX,NIFTY,29-Feb-2024,22650,PE,858.75,858.75,813.15,813.15,695.85,2,23.48,4500,0,06-FEB-2024,
OPTIDX,NIFTY,29-Feb-2024,22700,PE,936.5,936.5,767.75,784.3,784.3,67,786.8,18200,-50,06-FEB-2024,
OPTIDX,NIFTY,29-Feb-2024,22750,PE,0,0,0,799.15,779.05,0,0,7600,0,06-FEB-2024,
OPTIDX,NIFTY,29-Feb-2024,22800,PE,968.8,968.8,846.15,876.3,876.3,17,201.36,5500,-400,06-FEB-2024,
OPTIDX,NIFTY,29-Feb-2024,22850,PE,0,0,0,918.5,865.5,0,0,3350,0,06-FEB-2024,
OPTIDX,NIFTY,29-Feb-2024,22900,PE,1100,1100,938,953.95,953.95,23,274.79,6050,-250,06-FEB-2024,
OPTIDX,NIFTY,29-Feb-2024,22950,PE,0,0,0,987.1,954.6,0,0,1300,0,06-FEB-2024,
OPTIDX,NIFTY,29-Feb-2024,23000,PE,1180,1220,1015.55,1038.3,1038.3,1637,19703.97,694850,-700,06-FEB-2024,
OPTIDX,NIFTY,29-Feb-2024,23050,PE,0,0,0,931.7,1046.05,0,0,1050,0,06-FEB-2024,
OPTIDX,NIFTY,29-Feb-2024,23100,PE,1141.15,1141.15,1141.15,1141.15,1092.5,1,12.12,3400,-50,06-FEB-2024,
OPTIDX,NIFTY,29-Feb-2024,23150,PE,0,0,0,1190,1139.4,0,0,350,0,06-FEB-2024,
OPTIDX,NIFTY,29-Feb-2024,23200,PE,1230,1250,1220,1220,1186.6,3,36.65,5150,0,06-FEB-2024,
OPTIDX,NIFTY,29-Feb-2024,23250,PE,0,0,0,1629.8,1234.2,0,0,300,0,06-FEB-2024,
OPTIDX,NIFTY,29-Feb-2024,23300,PE,1298,1298,1298,1298,1282.1,1,12.29,4350,-50,06-FEB-2024,
OPTIDX,NIFTY,29-Feb-2024,23350,PE,0,0,0,1496.75,1330.25,0,0,200,0,06-FEB-2024,
OPTIDX,NIFTY,29-Feb-2024,23400,PE,1487.1,1487.1,1449.45,1449.45,1378.65,3,37.29,2300,50,06-FEB-2024,
OPTIDX,NIFTY,29-Feb-2024,23450,PE,0,0,0,2407.4,1427.2,0,0,0,0,06-FEB-2024,
OPTIDX,NIFTY,29-Feb-2024,23500,PE,1580,1612.6,1480,1513.95,1513.95,254,3176.5,104650,9900,06-FEB-2024,
OPTIDX,NIFTY,29-Feb-2024,23550,PE,0,0,0,2500.05,1524.9,0,0,0,0,06-FEB-2024,
OPTIDX,NIFTY,29-Feb-2024,23600,PE,1620.85,1620.85,1620.85,1620.85,1573.95,1,12.61,900,-50,06-FEB-2024,
OPTIDX,NIFTY,29-Feb-2024,23650,PE,1800.3,1800.3,1800.3,1800.3,1623.15,1,12.72,850,50,06-FEB-2024,
OPTIDX,NIFTY,29-Feb-2024,23700,PE,1807.5,1807.5,1703.65,1703.65,1672.4,3,38.17,2650,100,06-FEB-2024,
OPTIDX,NIFTY,29-Feb-2024,23750,PE,1828.05,1828.05,1828.05,1828.05,1721.75,1,12.78,1050,50,06-FEB-2024,
OPTIDX,NIFTY,29-Feb-2024,23800,PE,0,0,0,1814.2,1771.2,0,0,1950,0,06-FEB-2024,
OPTIDX,NIFTY,29-Feb-2024,23850,PE,1956.95,1956.95,1956.95,1956.95,1820.7,1,12.9,1950,50,06-FEB-2024,
OPTIDX,NIFTY,07-Mar-2024,19950,CE,0,0,0,1897.15,2090.35,0,0,0,0,06-FEB-2024,
OPTIDX,NIFTY,07-Mar-2024,20000,CE,0,0,0,1848.95,2040.8,0,0,0,0,06-FEB-2024,
OPTIDX,NIFTY,07-Mar-2024,20050,CE,0,0,0,1800.9,1991.3,0,0,0,0,06-FEB-2024,
OPTIDX,NIFTY,07-Mar-2024,20100,CE,0,0,0,1753.05,1941.8,0,0,0,0,06-FEB-2024,
OPTIDX,NIFTY,07-Mar-2024,20150,CE,0,0,0,1705.45,1892.35,0,0,0,0,06-FEB-2024,
OPTIDX,NIFTY,07-Mar-2024,20200,CE,0,0,0,1658.1,1843,0,0,0,0,06-FEB-2024,
OPTIDX,NIFTY,07-Mar-2024,20250,CE,0,0,0,1611,1793.7,0,0,0,0,06-FEB-2024,
OPTIDX,NIFTY,07-Mar-2024,20300,CE,0,0,0,1564.15,1744.45,0,0,0,0,06-FEB-2024,
OPTIDX,NIFTY,07-Mar-2024,20350,CE,0,0,0,1517.65,1695.35,0,0,0,0,06-FEB-2024,
OPTIDX,NIFTY,07-Mar-2024,20400,CE,0,0,0,1471.5,1646.35,0,0,0,0,06-FEB-2024,
OPTIDX,NIFTY,07-Mar-2024,20450,CE,0,0,0,1425.7,1597.5,0,0,0,0,06-FEB-2024,
OPTIDX,NIFTY,07-Mar-2024,20500,CE,0,0,0,1380.3,1548.8,0,0,0,0,06-FEB-2024,
OPTIDX,NIFTY,07-Mar-2024,20550,CE,0,0,0,1335.3,1500.25,0,0,0,0,06-FEB-2024,
OPTIDX,NIFTY,07-Mar-2024,20600,CE,0,0,0,1290.75,1451.95,0,0,0,0,06-FEB-2024,
OPTIDX,NIFTY,07-Mar-2024,20650,CE,0,0,0,1246.7,1403.85,0,0,0,0,06-FEB-2024,
OPTIDX,NIFTY,07-Mar-2024,20700,CE,0,0,0,1203.15,1356,0,0,0,0,06-FEB-2024,
OPTIDX,NIFTY,07-Mar-2024,20750,CE,0,0,0,1160.1,1308.5,0,0,0,0,06-FEB-2024,
OPTIDX,NIFTY,07-Mar-2024,20800,CE,0,0,0,1117.65,1261.25,0,0,0,0,06-FEB-2024,
OPTIDX,NIFTY,07-Mar-2024,20850,CE,0,0,0,1075.8,1214.4,0,0,0,0,06-FEB-2024,
OPTIDX,NIFTY,07-Mar-2024,20900,CE,0,0,0,1034.55,1167.95,0,0,0,0,06-FEB-2024,
OPTIDX,NIFTY,07-Mar-2024,20950,CE,0,0,0,994,1122,0,0,0,0,06-FEB-2024,
OPTIDX,NIFTY,07-Mar-2024,21000,CE,0,0,0,954.1,1076.45,0,0,0,0,06-FEB-2024,
OPTIDX,NIFTY,07-Mar-2024,21050,CE,0,0,0,914.9,1031.5,0,0,0,0,06-FEB-2024,
OPTIDX,NIFTY,07-Mar-2024,21100,CE,0,0,0,876.45,987.1,0,0,0,0,06-FEB-2024,
OPTIDX,NIFTY,07-Mar-2024,21150,CE,0,0,0,838.8,943.35,0,0,0,0,06-FEB-2024,
OPTIDX,NIFTY,07-Mar-2024,21200,CE,0,0,0,802.7,900.25,0,0,0,0,06-FEB-2024,
OPTIDX,NIFTY,07-Mar-2024,21250,CE,0,0,0,765.75,857.9,0,0,0,0,06-FEB-2024,
OPTIDX,NIFTY,07-Mar-2024,21300,CE,0,0,0,730.55,816.35,0,0,0,0,06-FEB-2024,
OPTIDX,NIFTY,07-Mar-2024,21350,CE,0,0,0,696.25,775.6,0,0,0,0,06-FEB-2024,
OPTIDX,NIFTY,07-Mar-2024,21400,CE,0,0,0,662.8,735.7,0,0,0,0,06-FEB-2024,
OPTIDX,NIFTY,07-Mar-2024,21450,CE,0,0,0,630.3,696.8,0,0,0,0,06-FEB-2024,
OPTIDX,NIFTY,07-Mar-2024,21500,CE,0,0,0,615.2,658.8,0,0,100,0,06-FEB-2024,
OPTIDX,NIFTY,07-Mar-2024,21550,CE,0,0,0,568.05,621.85,0,0,0,0,06-FEB-2024,
OPTIDX,NIFTY,07-Mar-2024,21600,CE,600.1,602.1,600.1,602.1,585.95,2,22.2,200,100,06-FEB-2024,
OPTIDX,NIFTY,07-Mar-2024,21650,CE,0,0,0,509.55,551.1,0,0,0,0,06-FEB-2024,
OPTIDX,NIFTY,07-Mar-2024,21700,CE,495.6,581.45,472.55,547.9,547.9,138,1534.14,4150,4100,06-FEB-2024,
OPTIDX,NIFTY,07-Mar-2024,21750,CE,448,532.35,448,527.6,484.9,123,1369.19,300,250,06-FEB-2024,
OPTIDX,NIFTY,07-Mar-2024,21800,CE,464.95,504.65,464.95,490.25,490.25,37,412.38,2600,1400,06-FEB-2024,
OPTIDX,NIFTY,07-Mar-2024,21850,CE,0,0,0,404.15,423.4,0,0,0,0,06-FEB-2024,
OPTIDX,NIFTY,07-Mar-2024,21900,CE,353.3,451.2,353.3,431.6,431.6,301,3361.02,10700,9150,06-FEB-2024,
OPTIDX,NIFTY,07-Mar-2024,21950,CE,0,0,0,373.1,366.85,0,0,50,0,06-FEB-2024,
OPTIDX,NIFTY,07-Mar-2024,22000,CE,300,399.85,300,375.45,375.45,309,3456.11,13100,9500,06-FEB-2024,
OPTIDX,NIFTY,07-Mar-2024,22050,CE,334.4,338.15,304.3,304.3,304.3,4,44.75,50,0,06-FEB-2024,
OPTIDX,NIFTY,07-Mar-2024,22100,CE,0,0,0,241,291.35,0,0,500,0,06-FEB-2024,
OPTIDX,NIFTY,07-Mar-2024,22150,CE,230.55,290.9,230.55,282,268.65,6,67.23,50,50,06-FEB-2024,
OPTIDX,NIFTY,07-Mar-2024,22200,CE,214.05,289.8,214.05,288,247.25,16,179.65,1150,400,06-FEB-2024,
OPTIDX,NIFTY,07-Mar-2024,22250,CE,186.65,250,186.65,250,227,4,44.91,50,0,06-FEB-2024,
OPTIDX,NIFTY,07-Mar-2024,22300,CE,180,240,180,231.55,231.55,21,236.42,1850,100,06-FEB-2024,
OPTIDX,NIFTY,07-Mar-2024,22350,CE,0,0,0,207.45,190.15,0,0,0,0,06-FEB-2024,
OPTIDX,NIFTY,07-Mar-2024,22400,CE,165,210.7,165,182.3,182.3,9,101.63,550,50,06-FEB-2024,
OPTIDX,NIFTY,07-Mar-2024,22450,CE,0,0,0,178.7,157.8,0,0,0,0,06-FEB-2024,
OPTIDX,NIFTY,07-Mar-2024,22500,CE,120,172.55,120,162.35,162.35,161,1823.37,6650,2000,06-FEB-2024,
OPTIDX,NIFTY,07-Mar-2024,22550,CE,0,0,0,154.15,129.8,0,0,0,0,06-FEB-2024,
OPTIDX,NIFTY,07-Mar-2024,22600,CE,110,139.9,110,135.95,135.95,84,954.53,1550,300,06-FEB-2024,
OPTIDX,NIFTY,07-Mar-2024,22650,CE,99.5,113.5,89.55,113.5,105.75,6,68.25,100,-100,06-FEB-2024,
OPTIDX,NIFTY,07-Mar-2024,22700,CE,0,0,0,120.45,95.15,0,0,0,0,06-FEB-2024,
OPTIDX,NIFTY,07-Mar-2024,22750,CE,0,0,0,110.8,85.35,0,0,0,0,06-FEB-2024,
OPTIDX,NIFTY,07-Mar-2024,22800,CE,0,0,0,101.85,76.4,0,0,0,0,06-FEB-2024,
OPTIDX,NIFTY,07-Mar-2024,22850,CE,0,0,0,93.45,68.25,0,0,0,0,06-FEB-2024,
OPTIDX,NIFTY,07-Mar-2024,22900,CE,0,0,0,85.65,60.8,0,0,0,0,06-FEB-2024,
OPTIDX,NIFTY,07-Mar-2024,22950,CE,57,57,57,57,54.05,1,11.5,50,0,06-FEB-2024,
OPTIDX,NIFTY,07-Mar-2024,23000,CE,41.75,61.2,38.15,59.5,59.5,155,1786.82,6100,1000,06-FEB-2024,
OPTIDX,NIFTY,07-Mar-2024,23050,CE,0,0,0,65.35,42.35,0,0,0,0,06-FEB-2024,
OPTIDX,NIFTY,07-Mar-2024,23100,CE,0,0,0,59.55,37.4,0,0,0,0,06-FEB-2024,
OPTIDX,NIFTY,07-Mar-2024,23150,CE,0,0,0,54.2,32.9,0,0,0,0,06-FEB-2024,
OPTIDX,NIFTY,07-Mar-2024,23200,CE,0,0,0,49.25,28.9,0,0,0,0,06-FEB-2024,
OPTIDX,NIFTY,07-Mar-2024,23250,CE,0,0,0,44.65,25.3,0,0,0,0,06-FEB-2024,
OPTIDX,NIFTY,07-Mar-2024,23300,CE,0,0,0,40.5,22.1,0,0,0,0,06-FEB-2024,
OPTIDX,NIFTY,07-Mar-2024,23350,CE,0,0,0,36.65,19.25,0,0,0,0,06-FEB-2024,
OPTIDX,NIFTY,07-Mar-2024,23400,CE,0,0,0,20,16.75,0,0,250,0,06-FEB-2024,
OPTIDX,NIFTY,07-Mar-2024,23450,CE,21.4,31.8,21,25.65,14.5,11,129.1,500,450,06-FEB-2024,
OPTIDX,NIFTY,07-Mar-2024,23500,CE,18.1,22,18.1,21.1,21.1,171,2011.01,4950,-1850,06-FEB-2024,
OPTIDX,NIFTY,07-Mar-2024,23550,CE,17.7,29.9,17.7,18,10.8,6,70.71,150,150,06-FEB-2024,
OPTIDX,NIFTY,07-Mar-2024,23600,CE,19,19.55,16.2,17.7,17.7,17,200.75,600,550,06-FEB-2024,
OPTIDX,NIFTY,07-Mar-2024,19950,PE,0,0,0,9.4,0.6,0,0,0,0,06-FEB-2024,
OPTIDX,NIFTY,07-Mar-2024,20000,PE,23,25,18,22,22,45,450.46,1700,250,06-FEB-2024,
OPTIDX,NIFTY,07-Mar-2024,20050,PE,0,0,0,12.45,0.95,0,0,0,0,06-FEB-2024,
OPTIDX,NIFTY,07-Mar-2024,20100,PE,0,0,0,14.25,1.2,0,0,0,0,06-FEB-2024,
OPTIDX,NIFTY,07-Mar-2024,20150,PE,0,0,0,16.3,1.5,0,0,0,0,06-FEB-2024,
OPTIDX,NIFTY,07-Mar-2024,20200,PE,0,0,0,18.55,1.85,0,0,0,0,06-FEB-2024,
OPTIDX,NIFTY,07-Mar-2024,20250,PE,0,0,0,21.1,2.25,0,0,0,0,06-FEB-2024,
OPTIDX,NIFTY,07-Mar-2024,20300,PE,0,0,0,23.95,2.75,0,0,0,0,06-FEB-2024,
OPTIDX,NIFTY,07-Mar-2024,20350,PE,0,0,0,27.1,3.35,0,0,0,0,06-FEB-2024,
OPTIDX,NIFTY,07-Mar-2024,20400,PE,0,0,0,30.6,4.1,0,0,0,0,06-FEB-2024,
OPTIDX,NIFTY,07-Mar-2024,20450,PE,0,0,0,34.45,4.95,0,0,0,0,06-FEB-2024,
OPTIDX,NIFTY,07-Mar-2024,20500,PE,0,0,0,40,5.95,0,0,50,0,06-FEB-2024,
OPTIDX,NIFTY,07-Mar-2024,20550,PE,0,0,0,43.35,7.15,0,0,0,0,06-FEB-2024,
OPTIDX,NIFTY,07-Mar-2024,20600,PE,0,0,0,48.45,8.55,0,0,0,0,06-FEB-2024,
OPTIDX,NIFTY,07-Mar-2024,20650,PE,0,0,0,54,10.2,0,0,0,0,06-FEB-2024,
OPTIDX,NIFTY,07-Mar-2024,20700,PE,0,0,0,60.1,12.1,0,0,0,0,06-FEB-2024,
OPTIDX,NIFTY,07-Mar-2024,20750,PE,0,0,0,66.75,14.3,0,0,0,0,06-FEB-2024,
OPTIDX,NIFTY,07-Mar-2024,20800,PE,0,0,0,73.9,16.8,0,0,0,0,06-FEB-2024,
OPTIDX,NIFTY,07-Mar-2024,20850,PE,0,0,0,81.7,19.65,0,0,0,0,06-FEB-2024,
OPTIDX,NIFTY,07-Mar-2024,20900,PE,0,0,0,90.1,22.95,0,0,0,0,06-FEB-2024,
OPTIDX,NIFTY,07-Mar-2024,20950,PE,0,0,0,99.2,26.65,0,0,0,0,06-FEB-2024,
OPTIDX,NIFTY,07-Mar-2024,21000,PE,108,117.1,84,88.4,88.4,234,2468.11,6450,4750,06-FEB-2024,
OPTIDX,NIFTY,07-Mar-2024,21050,PE,0,0,0,119.4,35.65,0,0,0,0,06-FEB-2024,
OPTIDX,NIFTY,07-Mar-2024,21100,PE,0,0,0,130.65,40.95,0,0,0,0,06-FEB-2024,
OPTIDX,NIFTY,07-Mar-2024,21150,PE,0,0,0,142.6,46.95,0,0,0,0,06-FEB-2024,
OPTIDX,NIFTY,07-Mar-2024,21200,PE,0,0,0,156.15,53.6,0,0,0,0,06-FEB-2024,
OPTIDX,NIFTY,07-Mar-2024,21250,PE,0,0,0,168.85,60.95,0,0,0,0,06-FEB-2024,
OPTIDX,NIFTY,07-Mar-2024,21300,PE,0,0,0,183.3,69.1,0,0,0,0,06-FEB-2024,
OPTIDX,NIFTY,07-Mar-2024,21350,PE,0,0,0,198.65,78.05,0,0,0,0,06-FEB-2024,
OPTIDX,NIFTY,07-Mar-2024,21400,PE,0,0,0,214.85,87.95,0,0,0,0,06-FEB-2024,
OPTIDX,NIFTY,07-Mar-2024,21450,PE,126.8,126.8,126.8,126.8,98.7,1,10.78,50,50,06-FEB-2024,
OPTIDX,NIFTY,07-Mar-2024,21500,PE,0,0,0,250.05,110.45,0,0,0,0,06-FEB-2024,
OPTIDX,NIFTY,07-Mar-2024,21550,PE,0,0,0,269.05,123.2,0,0,0,0,06-FEB-2024,
OPTIDX,NIFTY,07-Mar-2024,21600,PE,219.85,219.85,200.9,204,204,8,87.22,350,150,06-FEB-2024,
OPTIDX,NIFTY,07-Mar-2024,21650,PE,0,0,0,309.85,151.95,0,0,0,0,06-FEB-2024,
OPTIDX,NIFTY,07-Mar-2024,21700,PE,310.75,310.75,231.8,244,167.95,97,1064.76,4300,3950,06-FEB-2024,
OPTIDX,NIFTY,07-Mar-2024,21750,PE,0,0,0,354.55,185.15,0,0,0,0,06-FEB-2024,
OPTIDX,NIFTY,07-Mar-2024,21800,PE,348.5,348.9,266.3,266.3,266.3,53,585.52,2250,1400,06-FEB-2024,
OPTIDX,NIFTY,07-Mar-2024,21850,PE,309.25,309.25,278.3,278.3,223.15,2,22.14,50,50,06-FEB-2024,
OPTIDX,NIFTY,07-Mar-2024,21900,PE,403.5,417.45,297.3,311,311,276,3065.91,10100,8300,06-FEB-2024,
OPTIDX,NIFTY,07-Mar-2024,21950,PE,0,0,0,455.5,266,0,0,0,0,06-FEB-2024,
OPTIDX,NIFTY,07-Mar-2024,22000,PE,432.65,432.65,340.4,354.1,354.1,254,2838.92,9750,8450,06-FEB-2024,
OPTIDX,NIFTY,07-Mar-2024,22050,PE,0,0,0,511.8,313.85,0,0,0,0,06-FEB-2024,
OPTIDX,NIFTY,07-Mar-2024,22100,PE,0,0,0,541.4,339.7,0,0,0,0,06-FEB-2024,
OPTIDX,NIFTY,07-Mar-2024,22150,PE,0,0,0,571.9,366.75,0,0,0,0,06-FEB-2024,
OPTIDX,NIFTY,07-Mar-2024,22200,PE,0,0,0,603.3,395,0,0,0,0,06-FEB-2024,
OPTIDX,NIFTY,07-Mar-2024,22250,PE,0,0,0,635.6,424.5,0,0,0,0,06-FEB-2024,
OPTIDX,NIFTY,07-Mar-2024,22300,PE,0,0,0,668.8,455.2,0,0,0,0,06-FEB-2024,
OPTIDX,NIFTY,07-Mar-2024,22350,PE,0,0,0,702.8,487.1,0,0,0,0,06-FEB-2024,
OPTIDX,NIFTY,07-Mar-2024,22400,PE,0,0,0,737.7,520.1,0,0,0,0,06-FEB-2024,
OPTIDX,NIFTY,07-Mar-2024,22450,PE,0,0,0,773.4,554.2,0,0,0,0,06-FEB-2024,
OPTIDX,NIFTY,07-Mar-2024,22500,PE,750,750,750,750,589.4,1,11.62,50,50,06-FEB-2024,
OPTIDX,NIFTY,07-Mar-2024,22550,PE,0,0,0,848.15,625.65,0,0,0,0,06-FEB-2024,
OPTIDX,NIFTY,07-Mar-2024,22600,PE,0,0,0,885.25,662.85,0,0,0,0,06-FEB-2024,
OPTIDX,NIFTY,07-Mar-2024,22650,PE,0,0,0,923.95,701.05,0,0,0,0,06-FEB-2024,
OPTIDX,NIFTY,07-Mar-2024,22700,PE,0,0,0,963.35,740.15,0,0,0,0,06-FEB-2024,
OPTIDX,NIFTY,07-Mar-2024,22750,PE,0,0,0,1003.35,780.1,0,0,0,0,06-FEB-2024,
OPTIDX,NIFTY,07-Mar-2024,22800,PE,0,0,0,1044.05,820.85,0,0,0,0,06-FEB-2024,
OPTIDX,NIFTY,07-Mar-2024,22850,PE,0,0,0,1085.3,862.4,0,0,0,0,06-FEB-2024,
OPTIDX,NIFTY,07-Mar-2024,22900,PE,0,0,0,1127.15,904.7,0,0,0,0,06-FEB-2024,
OPTIDX,NIFTY,07-Mar-2024,22950,PE,0,0,0,1169.5,947.65,0,0,0,0,06-FEB-2024,
OPTIDX,NIFTY,07-Mar-2024,23000,PE,1200,1200,1200,1200,991.25,1,12.1,50,50,06-FEB-2024,
OPTIDX,NIFTY,07-Mar-2024,23050,PE,0,0,0,1255.8,1035.45,0,0,0,0,06-FEB-2024,
OPTIDX,NIFTY,07-Mar-2024,23100,PE,0,0,0,1299.65,1080.2,0,0,0,0,06-FEB-2024,
OPTIDX,NIFTY,07-Mar-2024,23150,PE,0,0,0,1343.9,1125.4,0,0,0,0,06-FEB-2024,
OPTIDX,NIFTY,07-Mar-2024,23200,PE,0,0,0,1388.6,1171.1,0,0,0,0,06-FEB-2024,
OPTIDX,NIFTY,07-Mar-2024,23250,PE,0,0,0,1433.7,1217.25,0,0,0,0,06-FEB-2024,
OPTIDX,NIFTY,07-Mar-2024,23300,PE,0,0,0,1479.15,1263.8,0,0,0,0,06-FEB-2024,
OPTIDX,NIFTY,07-Mar-2024,23350,PE,0,0,0,1524.95,1310.65,0,0,0,0,06-FEB-2024,
OPTIDX,NIFTY,07-Mar-2024,23400,PE,0,0,0,1571.1,1357.85,0,0,0,0,06-FEB-2024,
OPTIDX,NIFTY,07-Mar-2024,23450,PE,0,0,0,1617.5,1405.35,0,0,0,0,06-FEB-2024,
OPTIDX,NIFTY,07-Mar-2024,23500,PE,0,0,0,1664.2,1453.15,0,0,0,0,06-FEB-2024,
OPTIDX,NIFTY,07-Mar-2024,23550,PE,0,0,0,1711.15,1501.15,0,0,0,0,06-FEB-2024,
OPTIDX,NIFTY,07-Mar-2024,23600,PE,0,0,0,1758.35,1549.35,0,0,0,0,06-FEB-2024,
OPTIDX,NIFTY,28-Mar-2024,14000,CE,7950,7989.25,7950,7980.3,7980.3,20,219.73,321900,-250,06-FEB-2024,
OPTIDX,NIFTY,28-Mar-2024,15000,CE,6977,6989.4,6966.4,6989.4,7070.2,3,32.96,25600,-150,06-FEB-2024,
OPTIDX,NIFTY,28-Mar-2024,16000,CE,5945,6000,5945,5990,5990,4,43.94,41650,-100,06-FEB-2024,
OPTIDX,NIFTY,28-Mar-2024,17000,CE,4853.65,5075.25,4853.65,5048.8,5048.8,16,176.13,140450,-100,06-FEB-2024,
OPTIDX,NIFTY,28-Mar-2024,18000,CE,3904.95,4071.95,3890,4063.85,4063.85,81,891.49,638800,2550,06-FEB-2024,
OPTIDX,NIFTY,28-Mar-2024,19000,CE,2982.85,3115.65,2950,3107.85,3107.85,73,806.22,468300,-300,06-FEB-2024,
OPTIDX,NIFTY,28-Mar-2024,19500,CE,2500,2500,2500,2500,2613.45,2,22,2150,100,06-FEB-2024,
OPTIDX,NIFTY,28-Mar-2024,19550,CE,0,0,0,2607.5,2564.1,0,0,0,0,06-FEB-2024,
OPTIDX,NIFTY,28-Mar-2024,19600,CE,0,0,0,2560.8,2514.8,0,0,0,0,06-FEB-2024,
OPTIDX,NIFTY,28-Mar-2024,19650,CE,0,0,0,2514.3,2465.55,0,0,0,0,06-FEB-2024,
OPTIDX,NIFTY,28-Mar-2024,19700,CE,0,0,0,2467.95,2416.35,0,0,0,0,06-FEB-2024,
OPTIDX,NIFTY,28-Mar-2024,19750,CE,0,0,0,2421.85,2367.2,0,0,0,0,06-FEB-2024,
OPTIDX,NIFTY,28-Mar-2024,19800,CE,0,0,0,1950,2318.1,0,0,950,0,06-FEB-2024,
OPTIDX,NIFTY,28-Mar-2024,19850,CE,0,0,0,2330.25,2269.05,0,0,0,0,06-FEB-2024,
OPTIDX,NIFTY,28-Mar-2024,19900,CE,0,0,0,2027.8,2220.05,0,0,200,0,06-FEB-2024,
OPTIDX,NIFTY,28-Mar-2024,19950,CE,0,0,0,2239.55,2171.2,0,0,0,0,06-FEB-2024,
OPTIDX,NIFTY,28-Mar-2024,20000,CE,2031.95,2150,1961.95,2140.95,2140.95,215,2372.14,460800,-850,06-FEB-2024,
OPTIDX,NIFTY,28-Mar-2024,20050,CE,0,0,0,2149.85,2073.75,0,0,0,0,06-FEB-2024,
OPTIDX,NIFTY,28-Mar-2024,20100,CE,1892.25,2000,1892.25,1990,2025.15,16,176.6,800,700,06-FEB-2024,
OPTIDX,NIFTY,28-Mar-2024,20150,CE,0,0,0,2061.25,1976.75,0,0,0,0,06-FEB-2024,
OPTIDX,NIFTY,28-Mar-2024,20200,CE,1804.55,1813.7,1804.55,1813.7,1928.45,4,44.01,400,50,06-FEB-2024,
OPTIDX,NIFTY,28-Mar-2024,20250,CE,0,0,0,1355.8,1880.35,0,0,50,0,06-FEB-2024,
OPTIDX,NIFTY,28-Mar-2024,20300,CE,1689.3,1745.6,1689.3,1745.6,1832.4,4,44.03,600,100,06-FEB-2024,
OPTIDX,NIFTY,28-Mar-2024,20350,CE,0,0,0,1339.55,1784.65,0,0,400,0,06-FEB-2024,
OPTIDX,NIFTY,28-Mar-2024,20400,CE,1615.15,1812.95,1615.15,1812.95,1812.95,4,44.22,650,100,06-FEB-2024,
OPTIDX,NIFTY,28-Mar-2024,20450,CE,0,0,0,1208.75,1689.85,0,0,100,0,06-FEB-2024,
OPTIDX,NIFTY,28-Mar-2024,20500,CE,1550.05,1692.4,1518,1662.7,1662.7,87,961.9,62450,1500,06-FEB-2024,
OPTIDX,NIFTY,28-Mar-2024,20550,CE,0,0,0,1362.95,1596.05,0,0,1100,0,06-FEB-2024,
OPTIDX,NIFTY,28-Mar-2024,20600,CE,1454,1642.05,1454,1642.05,1642.05,4,44.29,3950,0,06-FEB-2024,
OPTIDX,NIFTY,28-Mar-2024,20650,CE,0,0,0,1373.2,1503.45,0,0,500,0,06-FEB-2024,
OPTIDX,NIFTY,28-Mar-2024,20700,CE,1347.55,1476,1347.55,1476,1476,4,44.22,1450,0,06-FEB-2024,
OPTIDX,NIFTY,28-Mar-2024,20750,CE,0,0,0,1274.65,1412.3,0,0,850,0,06-FEB-2024,
OPTIDX,NIFTY,28-Mar-2024,20800,CE,1370,1370,1370,1370,1367.3,2,22.17,1700,100,06-FEB-2024,
OPTIDX,NIFTY,28-Mar-2024,20850,CE,0,0,0,1295.3,1322.75,0,0,300,0,06-FEB-2024,
OPTIDX,NIFTY,28-Mar-2024,20900,CE,1330,1330,1330,1330,1278.65,1,11.11,2100,0,06-FEB-2024,
OPTIDX,NIFTY,28-Mar-2024,20950,CE,0,0,0,1282.75,1235,0,0,350,0,06-FEB-2024,
OPTIDX,NIFTY,28-Mar-2024,21000,CE,1130.95,1270,1100,1249.2,1249.2,758,8412.86,1203000,0,06-FEB-2024,
OPTIDX,NIFTY,28-Mar-2024,21050,CE,0,0,0,1038.35,1149.4,0,0,650,0,06-FEB-2024,
OPTIDX,NIFTY,28-Mar-2024,21100,CE,1065,1125,1065,1125,1107.4,3,33.29,6150,0,06-FEB-2024,
OPTIDX,NIFTY,28-Mar-2024,21150,CE,0,0,0,1105.15,1066.05,0,0,450,0,06-FEB-2024,
OPTIDX,NIFTY,28-Mar-2024,21200,CE,958.75,1095,958.75,1075.75,1075.75,51,567.69,27450,950,06-FEB-2024,
OPTIDX,NIFTY,28-Mar-2024,21250,CE,929.4,929.4,909.7,909.7,985.25,6,66.5,1250,0,06-FEB-2024,
OPTIDX,NIFTY,28-Mar-2024,21300,CE,931.95,1020,931.95,993,945.85,63,701.83,30950,450,06-FEB-2024,
OPTIDX,NIFTY,28-Mar-2024,21350,CE,0,0,0,1025,907.2,0,0,2750,0,06-FEB-2024,
OPTIDX,NIFTY,28-Mar-2024,21400,CE,878,960.1,875,940.85,940.85,75,836.46,40100,650,06-FEB-2024,
OPTIDX,NIFTY,28-Mar-2024,21450,CE,883.15,883.15,877.55,877.55,877.55,5,55.83,4050,-100,06-FEB-2024,
OPTIDX,NIFTY,28-Mar-2024,21500,CE,691.5,882.6,691.5,856.4,856.4,1624,18126.1,157550,2050,06-FEB-2024,
OPTIDX,NIFTY,28-Mar-2024,21550,CE,720.5,843.05,711.55,819.1,819.1,62,691.68,8650,-1800,06-FEB-2024,
OPTIDX,NIFTY,28-Mar-2024,21600,CE,696.65,812.85,671.05,791.05,791.05,267,2983.69,63500,-1500,06-FEB-2024,
OPTIDX,NIFTY,28-Mar-2024,21650,CE,663.45,761.05,662,751.1,751.1,26,290.62,5350,-200,06-FEB-2024,
OPTIDX,NIFTY,28-Mar-2024,21700,CE,629.9,746.7,612.5,721.45,721.45,561,6279.08,69150,2050,06-FEB-2024,
OPTIDX,NIFTY,28-Mar-2024,21750,CE,600,695,582.45,684.6,626.8,86,962.86,4700,-1350,06-FEB-2024,
OPTIDX,NIFTY,28-Mar-2024,21800,CE,574.95,681.55,554.05,660.35,660.35,1208,13546.64,72250,4050,06-FEB-2024,
OPTIDX,NIFTY,28-Mar-2024,21850,CE,524.05,641.6,524.05,626.2,626.2,106,1189.61,4800,-650,06-FEB-2024,
OPTIDX,NIFTY,28-Mar-2024,21900,CE,510.25,619,500,600.7,600.7,814,9149.13,78900,550,06-FEB-2024,
OPTIDX,NIFTY,28-Mar-2024,21950,CE,483.65,584.85,483.65,578.15,578.15,51,573.51,4850,-300,06-FEB-2024,
OPTIDX,NIFTY,28-Mar-2024,22000,CE,461.25,558.5,445.5,536.7,536.7,5213,58691.67,1096350,23300,06-FEB-2024,
OPTIDX,NIFTY,28-Mar-2024,22050,CE,431.25,515,427.5,510.95,510.95,57,642.1,8900,-750,06-FEB-2024,
OPTIDX,NIFTY,28-Mar-2024,22100,CE,406.45,498.95,400,481.35,481.35,746,8415.68,57600,1300,06-FEB-2024,
OPTIDX,NIFTY,28-Mar-2024,22150,CE,400,469.8,400,452.95,452.95,59,666.64,3950,-600,06-FEB-2024,
OPTIDX,NIFTY,28-Mar-2024,22200,CE,351.15,447.95,351,430.65,430.65,1119,12652.93,110450,3700,06-FEB-2024,
OPTIDX,NIFTY,28-Mar-2024,22250,CE,345,415.25,345,406.6,406.6,50,565.96,3000,600,06-FEB-2024,
OPTIDX,NIFTY,28-Mar-2024,22300,CE,319.4,395.5,317.95,386.25,386.25,1012,11463.9,69750,3550,06-FEB-2024,
OPTIDX,NIFTY,28-Mar-2024,22350,CE,309.2,370.25,309.2,360.85,360.85,32,363.03,3750,-50,06-FEB-2024,
OPTIDX,NIFTY,28-Mar-2024,22400,CE,289.95,351,274.95,336.45,336.45,479,5440.29,38300,-1450,06-FEB-2024,
OPTIDX,NIFTY,28-Mar-2024,22450,CE,270.35,320.7,270.15,316.45,316.45,28,318.31,8250,500,06-FEB-2024,
OPTIDX,NIFTY,28-Mar-2024,22500,CE,248.45,310,239.5,297,297,6343,72243.34,526050,57550,06-FEB-2024,
OPTIDX,NIFTY,28-Mar-2024,22550,CE,257.8,283.75,248.45,276.5,276.5,132,1506.15,43600,50,06-FEB-2024,
OPTIDX,NIFTY,28-Mar-2024,22600,CE,213.05,271.95,209.3,260.45,260.45,900,10280.77,38600,-950,06-FEB-2024,
OPTIDX,NIFTY,28-Mar-2024,22650,CE,197,247.15,197,240.25,240.25,226,2585.39,7900,1650,06-FEB-2024,
OPTIDX,NIFTY,28-Mar-2024,22700,CE,199.95,236.5,180.1,225.9,225.9,1240,14205.69,86000,4800,06-FEB-2024,
OPTIDX,NIFTY,28-Mar-2024,22750,CE,172.65,215.95,170.8,210.7,210.7,208,2387.12,9800,1450,06-FEB-2024,
OPTIDX,NIFTY,28-Mar-2024,22800,CE,156.8,213.65,156.8,198.05,198.05,1474,16942.8,209300,23700,06-FEB-2024,
OPTIDX,NIFTY,28-Mar-2024,22850,CE,160.05,189.1,152.2,181.35,181.35,355,4086.18,7100,-100,06-FEB-2024,
OPTIDX,NIFTY,28-Mar-2024,22900,CE,135.45,175.8,135.45,168.4,168.4,711,8197.18,60750,650,06-FEB-2024,
OPTIDX,NIFTY,28-Mar-2024,22950,CE,128.65,164.85,128.65,158.1,158.1,334,3857.32,36450,-350,06-FEB-2024,
OPTIDX,NIFTY,28-Mar-2024,23000,CE,124.95,155.7,117,148.7,148.7,21663,250602.46,1167300,90550,06-FEB-2024,
OPTIDX,NIFTY,28-Mar-2024,23050,CE,101,142.7,101,136.1,136.1,252,2920.11,5400,500,06-FEB-2024,
OPTIDX,NIFTY,28-Mar-2024,23100,CE,100,132.75,100,127.85,127.85,321,3726.38,39250,-550,06-FEB-2024,
OPTIDX,NIFTY,28-Mar-2024,23150,CE,103.95,123.7,103.95,122.9,122.9,57,662.97,3150,250,06-FEB-2024,
OPTIDX,NIFTY,28-Mar-2024,23200,CE,88,113.35,86.4,109.6,109.6,542,6314.8,34900,1350,06-FEB-2024,
OPTIDX,NIFTY,28-Mar-2024,23250,CE,86,104.35,86,100.15,100.15,51,595.25,2100,-550,06-FEB-2024,
OPTIDX,NIFTY,28-Mar-2024,23300,CE,76.45,96.95,76,94.95,94.95,288,3367.72,42900,250,06-FEB-2024,
OPTIDX,NIFTY,28-Mar-2024,23350,CE,81.6,89.35,79.4,86.95,86.95,23,269.49,1900,100,06-FEB-2024,
OPTIDX,NIFTY,28-Mar-2024,23400,CE,65,81.35,65,79.75,79.75,339,3978.76,31800,1200,06-FEB-2024,
OPTIDX,NIFTY,28-Mar-2024,23450,CE,60.15,77.5,60.1,76,76,94,1105.46,4500,600,06-FEB-2024,
OPTIDX,NIFTY,28-Mar-2024,23500,CE,60,72.6,56.45,68.45,68.45,5694,67087.01,356550,-5500,06-FEB-2024,
OPTIDX,NIFTY,28-Mar-2024,23550,CE,61.9,66.2,59.3,65.95,65.95,44,519.46,4650,-300,06-FEB-2024,
OPTIDX,NIFTY,28-Mar-2024,23600,CE,58,61.3,48.8,57.7,57.7,133,1573.06,10500,100,06-FEB-2024,
OPTIDX,NIFTY,28-Mar-2024,23650,CE,55.5,57.9,52.1,55.7,55.7,29,343.72,4000,700,06-FEB-2024,
OPTIDX,NIFTY,28-Mar-2024,23700,CE,43.45,53.35,42.8,51.3,51.3,226,2683.48,18750,3400,06-FEB-2024,
OPTIDX,NIFTY,28-Mar-2024,23750,CE,39.9,48.9,39.9,48.65,48.65,152,1808.44,3950,550,06-FEB-2024,
OPTIDX,NIFTY,28-Mar-2024,23800,CE,38,45.2,35.05,43.8,43.8,559,6663.31,32150,7900,06-FEB-2024,
OPTIDX,NIFTY,28-Mar-2024,23850,CE,36.45,40.6,34.75,39.4,25.4,71,848.03,12700,700,06-FEB-2024,
OPTIDX,NIFTY,28-Mar-2024,24000,CE,30,35,28.1,32.8,32.8,5158,61977.08,949450,39300,06-FEB-2024,
OPTIDX,NIFTY,28-Mar-2024,25000,CE,13.5,14.5,13.05,13.8,13.8,440,5502.98,369600,-4000,06-FEB-2024,
OPTIDX,NIFTY,28-Mar-2024,26000,CE,9,9.95,8.25,9.15,9.15,233,3030.06,159950,1400,06-FEB-2024,
OPTIDX,NIFTY,28-Mar-2024,27000,CE,7,7,5.8,6.3,0.05,54,729.16,22550,1000,06-FEB-2024,
OPTIDX,NIFTY,28-Mar-2024,14000,PE,3.25,4.4,3.25,3.75,3.75,27,189.05,132150,-350,06-FEB-2024,
OPTIDX,NIFTY,28-Mar-2024,15000,PE,6.5,6.5,6.5,6.5,0.05,1,7.5,8600,0,06-FEB-2024,
OPTIDX,NIFTY,28-Mar-2024,16000,PE,8.5,9.8,8.25,8.6,8.6,38,304.16,179350,0,06-FEB-2024,
OPTIDX,NIFTY,28-Mar-2024,17000,PE,10.4,11.4,10.2,10.7,10.7,307,2611.16,338200,1100,06-FEB-2024,
OPTIDX,NIFTY,28-Mar-2024,18000,PE,14.3,14.9,13.3,14.1,14.1,842,7583.9,883250,-7500,06-FEB-2024,
OPTIDX,NIFTY,28-Mar-2024,19000,PE,20,20.3,17.8,19.35,19.35,1913,18191.53,1333000,16650,06-FEB-2024,
OPTIDX,NIFTY,28-Mar-2024,19500,PE,27.5,28.6,24.45,26.3,26.3,852,8317.94,114000,-6650,06-FEB-2024,
OPTIDX,NIFTY,28-Mar-2024,19550,PE,0,0,0,44.35,1.2,0,0,1150,0,06-FEB-2024,
OPTIDX,NIFTY,28-Mar-2024,19600,PE,28,36.55,26.35,27.45,27.45,85,834.16,16400,250,06-FEB-2024,
OPTIDX,NIFTY,28-Mar-2024,19650,PE,0,0,0,60,1.7,0,0,1350,0,06-FEB-2024,
OPTIDX,NIFTY,28-Mar-2024,19700,PE,30,31,25.75,30.1,30.1,300,2959.48,102500,-2750,06-FEB-2024,
OPTIDX,NIFTY,28-Mar-2024,19750,PE,0,0,0,51,2.4,0,0,750,0,06-FEB-2024,
OPTIDX,NIFTY,28-Mar-2024,19800,PE,36.6,36.6,31.55,33.6,33.6,752,7457.42,160700,350,06-FEB-2024,
OPTIDX,NIFTY,28-Mar-2024,19850,PE,0,0,0,66.85,3.3,0,0,200,0,06-FEB-2024,
OPTIDX,NIFTY,28-Mar-2024,19900,PE,41.95,44.05,37.25,39.25,39.25,1078,10747.12,204450,9850,06-FEB-2024,
OPTIDX,NIFTY,28-Mar-2024,19950,PE,0,0,0,52,4.5,0,0,0,0,06-FEB-2024,
OPTIDX,NIFTY,28-Mar-2024,20000,PE,50.05,52.65,44,46.55,46.55,9271,92924.98,2518100,24150,06-FEB-2024,
OPTIDX,NIFTY,28-Mar-2024,20050,PE,0,0,0,60.5,6.1,0,0,0,0,06-FEB-2024,
OPTIDX,NIFTY,28-Mar-2024,20100,PE,52.25,55.9,47.1,48.7,48.7,846,8523.01,222650,18650,06-FEB-2024,
OPTIDX,NIFTY,28-Mar-2024,20150,PE,48.75,55.05,47.15,49.95,49.95,24,242.41,2700,-250,06-FEB-2024,
OPTIDX,NIFTY,28-Mar-2024,20200,PE,55.95,59.9,50.65,51.8,51.8,974,9863.1,235650,9850,06-FEB-2024,
OPTIDX,NIFTY,28-Mar-2024,20250,PE,0,0,0,51.1,10.85,0,0,100,0,06-FEB-2024,
OPTIDX,NIFTY,28-Mar-2024,20300,PE,66.45,69.35,57.25,58.4,58.4,1138,11584.88,85300,13100,06-FEB-2024,
OPTIDX,NIFTY,28-Mar-2024,20350,PE,0,0,0,65.5,14.25,0,0,7550,0,06-FEB-2024,
OPTIDX,NIFTY,28-Mar-2024,20400,PE,77.3,78.45,64.55,65.75,65.75,1181,12086.55,232150,7950,06-FEB-2024,
OPTIDX,NIFTY,28-Mar-2024,20450,PE,0,0,0,104,18.45,0,0,1150,0,06-FEB-2024,
OPTIDX,NIFTY,28-Mar-2024,20500,PE,88,94.6,77.35,78.7,78.7,6066,62422.92,1008550,95050,06-FEB-2024,
OPTIDX,NIFTY,28-Mar-2024,20550,PE,0,0,0,58.05,23.75,0,0,2500,0,06-FEB-2024,
OPTIDX,NIFTY,28-Mar-2024,20600,PE,102.55,103.35,84.95,86.4,86.4,553,5721.01,185450,9850,06-FEB-2024,
OPTIDX,NIFTY,28-Mar-2024,20650,PE,0,0,0,114.5,30.2,0,0,6200,0,06-FEB-2024,
OPTIDX,NIFTY,28-Mar-2024,20700,PE,110.85,115.95,93.65,94.95,94.95,1656,17221.45,180750,2550,06-FEB-2024,
OPTIDX,NIFTY,28-Mar-2024,20750,PE,119.5,127.55,100.05,100.05,100.05,171,1783.93,13350,-400,06-FEB-2024,
OPTIDX,NIFTY,28-Mar-2024,20800,PE,116.05,133.05,106.85,108.35,108.35,890,9306.41,174800,5800,06-FEB-2024,
OPTIDX,NIFTY,28-Mar-2024,20850,PE,0,0,0,134.9,47.6,0,0,8650,0,06-FEB-2024,
OPTIDX,NIFTY,28-Mar-2024,20900,PE,145.7,151,122.15,123.6,123.6,437,4595.04,111350,4300,06-FEB-2024,
OPTIDX,NIFTY,28-Mar-2024,20950,PE,140,140,132.25,135.1,135.1,74,780.11,11600,250,06-FEB-2024,
OPTIDX,NIFTY,28-Mar-2024,21000,PE,161.95,175,141,143.9,143.9,13905,147050.68,2683700,160750,06-FEB-2024,
OPTIDX,NIFTY,28-Mar-2024,21050,PE,173.1,181.7,148.3,148.3,148.3,91,965.66,14550,2500,06-FEB-2024,
OPTIDX,NIFTY,28-Mar-2024,21100,PE,181.95,193.85,157.15,159.5,159.5,422,4487.34,70650,3750,06-FEB-2024,
OPTIDX,NIFTY,28-Mar-2024,21150,PE,187,187,168.1,170.2,88.1,57,607.69,6450,-800,06-FEB-2024,
OPTIDX,NIFTY,28-Mar-2024,21200,PE,207.75,218.55,175.15,177.35,177.35,1245,13316.26,90600,3250,06-FEB-2024,
OPTIDX,NIFTY,28-Mar-2024,21250,PE,216.45,232.9,188.2,188.8,188.8,99,1061.84,10100,-1800,06-FEB-2024,
OPTIDX,NIFTY,28-Mar-2024,21300,PE,237.95,245,196.5,199.3,199.3,2866,30824.18,294300,-47050,06-FEB-2024,
OPTIDX,NIFTY,28-Mar-2024,21350,PE,254,254,215,219.55,127.4,9,97.08,21100,-150,06-FEB-2024,
OPTIDX,NIFTY,28-Mar-2024,21400,PE,255.65,274.1,218.3,220.6,220.6,1066,11529.13,90000,100,06-FEB-2024,
OPTIDX,NIFTY,28-Mar-2024,21450,PE,272.8,279.7,232,237.8,237.8,125,1356.26,8700,-550,06-FEB-2024,
OPTIDX,NIFTY,28-Mar-2024,21500,PE,282,305.75,243.9,248.75,248.75,8618,93777.56,719300,46900,06-FEB-2024,
OPTIDX,NIFTY,28-Mar-2024,21550,PE,298.6,319.55,258,262.75,262.75,37,403.79,6750,-100,06-FEB-2024,
OPTIDX,NIFTY,28-Mar-2024,21600,PE,323.3,341.05,270.45,274.95,274.95,1631,17853.79,116450,16700,06-FEB-2024,
OPTIDX,NIFTY,28-Mar-2024,21650,PE,347.35,347.35,288.7,292,292,41,450.1,4350,100,06-FEB-2024,
OPTIDX,NIFTY,28-Mar-2024,21700,PE,361.2,380.2,304,309.55,309.55,2752,30313.83,102600,-7700,06-FEB-2024,
OPTIDX,NIFTY,28-Mar-2024,21750,PE,395.25,395.25,321.2,325.15,325.15,76,839.77,7950,250,06-FEB-2024,
OPTIDX,NIFTY,28-Mar-2024,21800,PE,400,420.35,337.85,343.85,343.85,1509,16722.55,115400,19000,06-FEB-2024,
OPTIDX,NIFTY,28-Mar-2024,21850,PE,426.55,426.55,350,364.25,364.25,156,1734.4,6000,1500,06-FEB-2024,
OPTIDX,NIFTY,28-Mar-2024,21900,PE,445,462.05,373.7,380.7,380.7,1694,18890.02,153950,15450,06-FEB-2024,
OPTIDX,NIFTY,28-Mar-2024,21950,PE,466,466,394,399.7,399.7,92,1028.63,5900,750,06-FEB-2024,
OPTIDX,NIFTY,28-Mar-2024,22000,PE,494.95,511,410,421.4,421.4,8899,99864.85,1219450,88600,06-FEB-2024,
OPTIDX,NIFTY,28-Mar-2024,22050,PE,506,508.4,437.4,438.15,438.15,60,675.3,3700,600,06-FEB-2024,
OPTIDX,NIFTY,28-Mar-2024,22100,PE,528,537,454,463.1,463.1,447,5045.89,39800,4400,06-FEB-2024,
OPTIDX,NIFTY,28-Mar-2024,22150,PE,530,530,480,485.2,485.2,89,1007.38,4200,1600,06-FEB-2024,
OPTIDX,NIFTY,28-Mar-2024,22200,PE,590,606,499.45,509.25,509.25,600,6818.15,52900,2800,06-FEB-2024,
OPTIDX,NIFTY,28-Mar-2024,22250,PE,547,547,524.5,535.75,535.75,2,22.78,1400,50,06-FEB-2024,
OPTIDX,NIFTY,28-Mar-2024,22300,PE,643,643,550.8,560.85,560.85,167,1911.06,16650,1600,06-FEB-2024,
OPTIDX,NIFTY,28-Mar-2024,22350,PE,0,0,0,682,526.05,0,0,2000,0,06-FEB-2024,
OPTIDX,NIFTY,28-Mar-2024,22400,PE,698,698,606.25,615.45,615.45,92,1060.84,12100,2200,06-FEB-2024,
OPTIDX,NIFTY,28-Mar-2024,22450,PE,636.65,650.35,636.65,650.35,650.35,2,23.09,950,50,06-FEB-2024,
OPTIDX,NIFTY,28-Mar-2024,22500,PE,761.05,793,659.05,670.7,670.7,1797,20850.33,174950,21400,06-FEB-2024,
OPTIDX,NIFTY,28-Mar-2024,22550,PE,816.7,816.7,702.15,702.15,650.15,5,58.35,1500,50,06-FEB-2024,
OPTIDX,NIFTY,28-Mar-2024,22600,PE,853,853,727.7,738.95,738.95,50,584.66,4550,-100,06-FEB-2024,
OPTIDX,NIFTY,28-Mar-2024,22650,PE,884.3,884.3,823.75,823.75,717.4,5,58.77,2700,0,06-FEB-2024,
OPTIDX,NIFTY,28-Mar-2024,22700,PE,920.8,932.6,791,812,752.25,79,928.99,7150,950,06-FEB-2024,
OPTIDX,NIFTY,28-Mar-2024,22750,PE,0,0,0,872.3,787.9,0,0,1100,0,06-FEB-2024,
OPTIDX,NIFTY,28-Mar-2024,22800,PE,945,945,850,863.2,863.2,8,94.75,1900,-50,06-FEB-2024,
OPTIDX,NIFTY,28-Mar-2024,22850,PE,0,0,0,992.7,861.5,0,0,1450,0,06-FEB-2024,
OPTIDX,NIFTY,28-Mar-2024,22900,PE,1050,1050,950,950,899.4,4,47.75,3300,150,06-FEB-2024,
OPTIDX,NIFTY,28-Mar-2024,22950,PE,982.6,982.6,982.6,982.6,938,1,11.96,1000,50,06-FEB-2024,
OPTIDX,NIFTY,28-Mar-2024,23000,PE,1120,1155,989,1007.9,1007.9,536,6442.65,212250,850,06-FEB-2024,
OPTIDX,NIFTY,28-Mar-2024,23050,PE,0,0,0,1084.05,1017.15,0,0,1000,0,06-FEB-2024,
OPTIDX,NIFTY,28-Mar-2024,23100,PE,1185,1185,1185,1185,1057.7,3,36.42,1050,150,06-FEB-2024,
OPTIDX,NIFTY,28-Mar-2024,23150,PE,0,0,0,1176.15,1098.8,0,0,800,0,06-FEB-2024,
OPTIDX,NIFTY,28-Mar-2024,23200,PE,0,0,0,1154.45,1140.45,0,0,900,0,06-FEB-2024,
OPTIDX,NIFTY,28-Mar-2024,23250,PE,0,0,0,1358.55,1182.7,0,0,450,0,06-FEB-2024,
OPTIDX,NIFTY,28-Mar-2024,23300,PE,0,0,0,1366.65,1225.4,0,0,500,0,06-FEB-2024,
OPTIDX,NIFTY,28-Mar-2024,23350,PE,1321.05,1321.05,1320.5,1320.5,1268.65,5,61.67,400,250,06-FEB-2024,
OPTIDX,NIFTY,28-Mar-2024,23400,PE,0,0,0,1425.9,1312.3,0,0,0,0,06-FEB-2024,
OPTIDX,NIFTY,28-Mar-2024,23450,PE,0,0,0,1344.65,1356.4,0,0,100,0,06-FEB-2024,
OPTIDX,NIFTY,28-Mar-2024,23500,PE,1587,1587,1430,1433,1400.95,96,1198.16,5200,2900,06-FEB-2024,
OPTIDX,NIFTY,28-Mar-2024,23550,PE,0,0,0,1285.25,1445.85,0,0,50,0,06-FEB-2024,
OPTIDX,NIFTY,28-Mar-2024,23600,PE,0,0,0,1581.9,1491.1,0,0,0,0,06-FEB-2024,
OPTIDX,NIFTY,28-Mar-2024,23650,PE,0,0,0,1621.9,1536.7,0,0,0,0,06-FEB-2024,
OPTIDX,NIFTY,28-Mar-2024,23700,PE,0,0,0,1662.25,1582.65,0,0,0,0,06-FEB-2024,
OPTIDX,NIFTY,28-Mar-2024,23750,PE,0,0,0,1702.95,1628.85,0,0,0,0,06-FEB-2024,
OPTIDX,NIFTY,28-Mar-2024,23800,PE,0,0,0,1744.05,1675.35,0,0,0,0,06-FEB-2024,
OPTIDX,NIFTY,28-Mar-2024,23850,PE,0,0,0,1785.45,1722.15,0,0,0,0,06-FEB-2024,
OPTIDX,NIFTY,28-Mar-2024,24000,PE,2030.55,2030.55,1849.7,1874.6,1874.6,169,2188.86,250800,450,06-FEB-2024,
OPTIDX,NIFTY,28-Mar-2024,25000,PE,2984.4,2984.4,2819.7,2826.3,2826.3,39,543.67,426350,300,06-FEB-2024,
OPTIDX,NIFTY,28-Mar-2024,26000,PE,3910,3950,3790.95,3800.35,3800.35,14,209.04,13350,650,06-FEB-2024,
OPTIDX,NIFTY,28-Mar-2024,27000,PE,4799,4799,4799,4799,4817.15,1,15.89,650,50,06-FEB-2024,
OPTIDX,NIFTY,25-Apr-2024,19600,CE,0,0,0,2149.7,2619.95,0,0,0,0,06-FEB-2024,
OPTIDX,NIFTY,25-Apr-2024,19650,CE,0,0,0,2104.85,2571.5,0,0,0,0,06-FEB-2024,
OPTIDX,NIFTY,25-Apr-2024,19700,CE,0,0,0,2060.25,2523.15,0,0,0,0,06-FEB-2024,
OPTIDX,NIFTY,25-Apr-2024,19750,CE,0,0,0,2016,2474.9,0,0,0,0,06-FEB-2024,
OPTIDX,NIFTY,25-Apr-2024,19800,CE,0,0,0,1972,2426.8,0,0,0,0,06-FEB-2024,
OPTIDX,NIFTY,25-Apr-2024,19850,CE,0,0,0,1928.35,2378.8,0,0,0,0,06-FEB-2024,
OPTIDX,NIFTY,25-Apr-2024,19900,CE,0,0,0,1885,2330.9,0,0,0,0,06-FEB-2024,
OPTIDX,NIFTY,25-Apr-2024,19950,CE,0,0,0,1842,2283.15,0,0,0,0,06-FEB-2024,
OPTIDX,NIFTY,25-Apr-2024,20000,CE,0,0,0,1799.35,2235.55,0,0,0,0,06-FEB-2024,
OPTIDX,NIFTY,25-Apr-2024,20050,CE,0,0,0,1757.1,2188.15,0,0,0,0,06-FEB-2024,
OPTIDX,NIFTY,25-Apr-2024,20100,CE,0,0,0,1715.15,2140.9,0,0,0,0,06-FEB-2024,
OPTIDX,NIFTY,25-Apr-2024,20150,CE,0,0,0,1673.65,2093.85,0,0,0,0,06-FEB-2024,
OPTIDX,NIFTY,25-Apr-2024,20200,CE,0,0,0,1632.55,2047.05,0,0,0,0,06-FEB-2024,
OPTIDX,NIFTY,25-Apr-2024,20250,CE,0,0,0,1591.85,2000.4,0,0,0,0,06-FEB-2024,
OPTIDX,NIFTY,25-Apr-2024,20300,CE,0,0,0,1551.6,1954.05,0,0,0,0,06-FEB-2024,
OPTIDX,NIFTY,25-Apr-2024,20350,CE,0,0,0,1511.75,1907.9,0,0,0,0,06-FEB-2024,
OPTIDX,NIFTY,25-Apr-2024,20400,CE,0,0,0,1472.35,1862.05,0,0,0,0,06-FEB-2024,
OPTIDX,NIFTY,25-Apr-2024,20450,CE,0,0,0,1433.45,1816.5,0,0,0,0,06-FEB-2024,
OPTIDX,NIFTY,25-Apr-2024,20500,CE,1769,1769,1769,1769,1771.2,10,111.34,700,500,06-FEB-2024,
OPTIDX,NIFTY,25-Apr-2024,20550,CE,0,0,0,1357.05,1726.25,0,0,0,0,06-FEB-2024,
OPTIDX,NIFTY,25-Apr-2024,20600,CE,0,0,0,1319.6,1681.65,0,0,0,0,06-FEB-2024,
OPTIDX,NIFTY,25-Apr-2024,20650,CE,0,0,0,1282.65,1637.35,0,0,0,0,06-FEB-2024,
OPTIDX,NIFTY,25-Apr-2024,20700,CE,0,0,0,1247,1593.45,0,0,0,0,06-FEB-2024,
OPTIDX,NIFTY,25-Apr-2024,20750,CE,0,0,0,1211,1549.95,0,0,0,0,06-FEB-2024,
OPTIDX,NIFTY,25-Apr-2024,20800,CE,0,0,0,1174.75,1506.9,0,0,0,0,06-FEB-2024,
OPTIDX,NIFTY,25-Apr-2024,20850,CE,0,0,0,1139.95,1464.2,0,0,0,0,06-FEB-2024,
OPTIDX,NIFTY,25-Apr-2024,20900,CE,0,0,0,1105.75,1422,0,0,0,0,06-FEB-2024,
OPTIDX,NIFTY,25-Apr-2024,20950,CE,0,0,0,1072.05,1380.25,0,0,0,0,06-FEB-2024,
OPTIDX,NIFTY,25-Apr-2024,21000,CE,1310,1474.35,1310,1435.95,1435.95,132,1479.06,6850,3300,06-FEB-2024,
OPTIDX,NIFTY,25-Apr-2024,21050,CE,0,0,0,1006.45,1298.25,0,0,0,0,06-FEB-2024,
OPTIDX,NIFTY,25-Apr-2024,21100,CE,0,0,0,974.55,1258,0,0,0,0,06-FEB-2024,
OPTIDX,NIFTY,25-Apr-2024,21150,CE,0,0,0,943.2,1218.3,0,0,0,0,06-FEB-2024,
OPTIDX,NIFTY,25-Apr-2024,21200,CE,0,0,0,912.45,1179.2,0,0,0,0,06-FEB-2024,
OPTIDX,NIFTY,25-Apr-2024,21250,CE,0,0,0,882.35,1140.65,0,0,0,0,06-FEB-2024,
OPTIDX,NIFTY,25-Apr-2024,21300,CE,0,0,0,852.8,1102.65,0,0,0,0,06-FEB-2024,
OPTIDX,NIFTY,25-Apr-2024,21350,CE,0,0,0,823.9,1065.3,0,0,0,0,06-FEB-2024,
OPTIDX,NIFTY,25-Apr-2024,21400,CE,0,0,0,795.6,1028.6,0,0,0,0,06-FEB-2024,
OPTIDX,NIFTY,25-Apr-2024,21450,CE,0,0,0,767.95,992.5,0,0,0,0,06-FEB-2024,
OPTIDX,NIFTY,25-Apr-2024,21500,CE,949.3,1080,949.25,1076.7,1076.7,36,405.49,10000,600,06-FEB-2024,
OPTIDX,NIFTY,25-Apr-2024,21550,CE,0,0,0,714.45,922.3,0,0,0,0,06-FEB-2024,
OPTIDX,NIFTY,25-Apr-2024,21600,CE,1006,1016,1006,1016,888.25,14,158.26,850,-300,06-FEB-2024,
OPTIDX,NIFTY,25-Apr-2024,21650,CE,0,0,0,663.45,854.85,0,0,0,0,06-FEB-2024,
OPTIDX,NIFTY,25-Apr-2024,21700,CE,822.3,936,822.3,936,936,14,158.23,2500,50,06-FEB-2024,
OPTIDX,NIFTY,25-Apr-2024,21750,CE,0,0,0,614.8,790.2,0,0,0,0,06-FEB-2024,
OPTIDX,NIFTY,25-Apr-2024,21800,CE,792.6,880,772.2,880,758.95,45,508.67,1750,1400,06-FEB-2024,
OPTIDX,NIFTY,25-Apr-2024,21850,CE,0,0,0,568.75,728.45,0,0,0,0,06-FEB-2024,
OPTIDX,NIFTY,25-Apr-2024,21900,CE,756,831.35,735.05,811.7,811.7,36,408.6,7400,900,06-FEB-2024,
OPTIDX,NIFTY,25-Apr-2024,21950,CE,695,695,695,695,669.7,1,11.32,50,50,06-FEB-2024,
OPTIDX,NIFTY,25-Apr-2024,22000,CE,653,768,653,750.75,750.75,690,7834.68,66700,11150,06-FEB-2024,
OPTIDX,NIFTY,25-Apr-2024,22050,CE,0,0,0,441.9,613.9,0,0,100,0,06-FEB-2024,
OPTIDX,NIFTY,25-Apr-2024,22100,CE,687.95,690.55,687.95,690.55,690.55,2,22.78,350,50,06-FEB-2024,
OPTIDX,NIFTY,25-Apr-2024,22150,CE,0,0,0,445,561.15,0,0,0,0,06-FEB-2024,
OPTIDX,NIFTY,25-Apr-2024,22200,CE,584.95,636.5,584.95,622.15,622.15,8,91.25,1550,300,06-FEB-2024,
OPTIDX,NIFTY,25-Apr-2024,22250,CE,0,0,0,408.45,511.45,0,0,0,0,06-FEB-2024,
OPTIDX,NIFTY,25-Apr-2024,22300,CE,502.75,593,502.75,570,487.75,18,205.65,3000,0,06-FEB-2024,
OPTIDX,NIFTY,25-Apr-2024,22350,CE,0,0,0,374.2,464.8,0,0,0,0,06-FEB-2024,
OPTIDX,NIFTY,25-Apr-2024,22400,CE,476.85,545,476.8,545,545,5,57.26,150,150,06-FEB-2024,
OPTIDX,NIFTY,25-Apr-2024,22450,CE,0,0,0,342.1,421.1,0,0,0,0,06-FEB-2024,
OPTIDX,NIFTY,25-Apr-2024,22500,CE,415,504.55,410,495.15,495.15,725,8329.18,48700,14300,06-FEB-2024,
OPTIDX,NIFTY,25-Apr-2024,22550,CE,0,0,0,312.15,380.35,0,0,0,0,06-FEB-2024,
OPTIDX,NIFTY,25-Apr-2024,22600,CE,397.55,457.7,397.5,454.75,361.1,5,57.56,2600,50,06-FEB-2024,
OPTIDX,NIFTY,25-Apr-2024,22650,CE,0,0,0,418.85,342.5,0,0,100,0,06-FEB-2024,
OPTIDX,NIFTY,25-Apr-2024,22700,CE,359.7,359.7,359.65,359.65,324.65,5,57.64,400,250,06-FEB-2024,
OPTIDX,NIFTY,25-Apr-2024,22750,CE,0,0,0,258.3,307.5,0,0,0,0,06-FEB-2024,
OPTIDX,NIFTY,25-Apr-2024,22800,CE,311.9,377.3,311.9,369.8,369.8,33,382.17,3950,-100,06-FEB-2024,
OPTIDX,NIFTY,25-Apr-2024,22850,CE,0,0,0,235.4,275.15,0,0,0,0,06-FEB-2024,
OPTIDX,NIFTY,25-Apr-2024,22900,CE,320,344,320,335.35,335.35,3,34.85,350,100,06-FEB-2024,
OPTIDX,NIFTY,25-Apr-2024,22950,CE,0,0,0,212.35,245.5,0,0,0,0,06-FEB-2024,
OPTIDX,NIFTY,25-Apr-2024,23000,CE,245.55,306.35,239,296.15,296.15,1153,13421.19,82300,6200,06-FEB-2024,
OPTIDX,NIFTY,25-Apr-2024,23050,CE,0,0,0,191.9,218.3,0,0,0,0,06-FEB-2024,
OPTIDX,NIFTY,25-Apr-2024,23100,CE,262.55,266.3,262.55,266.3,266.3,2,23.36,1650,0,06-FEB-2024,
OPTIDX,NIFTY,25-Apr-2024,23150,CE,0,0,0,173.05,193.55,0,0,0,0,06-FEB-2024,
OPTIDX,NIFTY,25-Apr-2024,23200,CE,0,0,0,164.2,182,0,0,0,0,06-FEB-2024,
OPTIDX,NIFTY,25-Apr-2024,23250,CE,0,0,0,138,171,0,0,50,0,06-FEB-2024,
OPTIDX,NIFTY,25-Apr-2024,23300,CE,0,0,0,147.6,160.55,0,0,0,0,06-FEB-2024,
OPTIDX,NIFTY,25-Apr-2024,23350,CE,110.4,110.4,110.4,110.4,150.65,1,11.73,100,-50,06-FEB-2024,
OPTIDX,NIFTY,25-Apr-2024,23400,CE,0,0,0,132.45,141.2,0,0,0,0,06-FEB-2024,
OPTIDX,NIFTY,25-Apr-2024,23450,CE,174.55,174.55,174.55,174.55,132.25,1,11.81,50,50,06-FEB-2024,
OPTIDX,NIFTY,25-Apr-2024,23500,CE,130,167.7,130,161.5,161.5,847,10017.42,38650,8750,06-FEB-2024,
OPTIDX,NIFTY,25-Apr-2024,23550,CE,150,150.8,150,150.8,115.75,13,154.05,650,650,06-FEB-2024,
OPTIDX,NIFTY,25-Apr-2024,23600,CE,146.2,146.2,121.45,144,108.15,29,344.09,2000,950,06-FEB-2024,
OPTIDX,NIFTY,25-Apr-2024,19600,PE,0,0,0,52.8,6.3,0,0,0,0,06-FEB-2024,
OPTIDX,NIFTY,25-Apr-2024,19650,PE,0,0,0,57.1,7.15,0,0,0,0,06-FEB-2024,
OPTIDX,NIFTY,25-Apr-2024,19700,PE,0,0,0,45,8.05,0,0,100,0,06-FEB-2024,
OPTIDX,NIFTY,25-Apr-2024,19750,PE,0,0,0,74,9.1,0,0,350,0,06-FEB-2024,
OPTIDX,NIFTY,25-Apr-2024,19800,PE,0,0,0,71.65,10.2,0,0,0,0,06-FEB-2024,
OPTIDX,NIFTY,25-Apr-2024,19850,PE,0,0,0,46,11.5,0,0,50,0,06-FEB-2024,
OPTIDX,NIFTY,25-Apr-2024,19900,PE,0,0,0,82.85,12.9,0,0,0,0,06-FEB-2024,
OPTIDX,NIFTY,25-Apr-2024,19950,PE,0,0,0,89,14.4,0,0,0,0,06-FEB-2024,
OPTIDX,NIFTY,25-Apr-2024,20000,PE,82.9,86.9,78,82.5,82.5,1604,16105.59,165000,43200,06-FEB-2024,
OPTIDX,NIFTY,25-Apr-2024,20050,PE,0,0,0,102.3,17.95,0,0,0,0,06-FEB-2024,
OPTIDX,NIFTY,25-Apr-2024,20100,PE,0,0,0,45.1,20,0,0,50,0,06-FEB-2024,
OPTIDX,NIFTY,25-Apr-2024,20150,PE,0,0,0,117.15,22.25,0,0,0,0,06-FEB-2024,
OPTIDX,NIFTY,25-Apr-2024,20200,PE,0,0,0,125.15,24.65,0,0,0,0,06-FEB-2024,
OPTIDX,NIFTY,25-Apr-2024,20250,PE,0,0,0,133.55,27.35,0,0,0,0,06-FEB-2024,
OPTIDX,NIFTY,25-Apr-2024,20300,PE,0,0,0,142.4,30.2,0,0,0,0,06-FEB-2024,
OPTIDX,NIFTY,25-Apr-2024,20350,PE,0,0,0,151.7,33.35,0,0,0,0,06-FEB-2024,
OPTIDX,NIFTY,25-Apr-2024,20400,PE,0,0,0,161.45,36.8,0,0,0,0,06-FEB-2024,
OPTIDX,NIFTY,25-Apr-2024,20450,PE,0,0,0,171.65,40.5,0,0,0,0,06-FEB-2024,
OPTIDX,NIFTY,25-Apr-2024,20500,PE,141.65,144.7,128.75,133.25,133.25,625,6448.59,104450,7650,06-FEB-2024,
OPTIDX,NIFTY,25-Apr-2024,20550,PE,0,0,0,193.5,48.8,0,0,0,0,06-FEB-2024,
OPTIDX,NIFTY,25-Apr-2024,20600,PE,0,0,0,205.2,53.45,0,0,0,0,06-FEB-2024,
OPTIDX,NIFTY,25-Apr-2024,20650,PE,0,0,0,217.35,58.45,0,0,0,0,06-FEB-2024,
OPTIDX,NIFTY,25-Apr-2024,20700,PE,0,0,0,230.8,63.85,0,0,0,0,06-FEB-2024,
OPTIDX,NIFTY,25-Apr-2024,20750,PE,0,0,0,243.95,69.65,0,0,0,0,06-FEB-2024,
OPTIDX,NIFTY,25-Apr-2024,20800,PE,0,0,0,256.8,75.8,0,0,0,0,06-FEB-2024,
OPTIDX,NIFTY,25-Apr-2024,20850,PE,0,0,0,271.15,82.45,0,0,0,0,06-FEB-2024,
OPTIDX,NIFTY,25-Apr-2024,20900,PE,0,0,0,286.05,89.5,0,0,0,0,06-FEB-2024,
OPTIDX,NIFTY,25-Apr-2024,20950,PE,0,0,0,301.5,97,0,0,0,0,06-FEB-2024,
OPTIDX,NIFTY,25-Apr-2024,21000,PE,228.95,239,207.65,213.75,213.75,1117,11849.69,92600,24400,06-FEB-2024,
OPTIDX,NIFTY,25-Apr-2024,21050,PE,0,0,0,334.1,113.55,0,0,0,0,06-FEB-2024,
OPTIDX,NIFTY,25-Apr-2024,21100,PE,0,0,0,351.3,122.6,0,0,0,0,06-FEB-2024,
OPTIDX,NIFTY,25-Apr-2024,21150,PE,0,0,0,369.1,132.15,0,0,0,0,06-FEB-2024,
OPTIDX,NIFTY,25-Apr-2024,21200,PE,0,0,0,387.5,142.3,0,0,0,0,06-FEB-2024,
OPTIDX,NIFTY,25-Apr-2024,21250,PE,191,191,191,191,153.05,1,10.72,150,50,06-FEB-2024,
OPTIDX,NIFTY,25-Apr-2024,21300,PE,286.8,305.75,266.1,266.1,266.1,9,97.13,1100,200,06-FEB-2024,
OPTIDX,NIFTY,25-Apr-2024,21350,PE,0,0,0,446.3,176.25,0,0,0,0,06-FEB-2024,
OPTIDX,NIFTY,25-Apr-2024,21400,PE,304.95,335.6,299,306.6,306.6,53,575.36,3050,1200,06-FEB-2024,
OPTIDX,NIFTY,25-Apr-2024,21450,PE,0,0,0,488.6,202,0,0,0,0,06-FEB-2024,
OPTIDX,NIFTY,25-Apr-2024,21500,PE,360.6,374,323.75,328.5,328.5,1039,11346.04,72550,19400,06-FEB-2024,
OPTIDX,NIFTY,25-Apr-2024,21550,PE,345.65,345.65,345.65,345.65,230.35,3,32.84,600,150,06-FEB-2024,
OPTIDX,NIFTY,25-Apr-2024,21600,PE,392.75,394,354.4,358,358,34,373.35,5200,950,06-FEB-2024,
OPTIDX,NIFTY,25-Apr-2024,21650,PE,379.6,379.6,379.6,379.6,261.45,4,44.05,1550,100,06-FEB-2024,
OPTIDX,NIFTY,25-Apr-2024,21700,PE,427.5,453.35,386.05,391.35,391.35,74,817.95,4000,50,06-FEB-2024,
OPTIDX,NIFTY,25-Apr-2024,21750,PE,0,0,0,630.2,295.35,0,0,0,0,06-FEB-2024,
OPTIDX,NIFTY,25-Apr-2024,21800,PE,472.6,472.6,414.95,419.6,419.6,18,200.13,7150,-200,06-FEB-2024,
OPTIDX,NIFTY,25-Apr-2024,21850,PE,0,0,0,682.35,332.15,0,0,0,0,06-FEB-2024,
OPTIDX,NIFTY,25-Apr-2024,21900,PE,520,520,444.4,463.8,463.8,48,537.1,3150,550,06-FEB-2024,
OPTIDX,NIFTY,25-Apr-2024,21950,PE,486.6,486.6,486.6,486.6,371.95,2,22.43,200,100,06-FEB-2024,
OPTIDX,NIFTY,25-Apr-2024,22000,PE,550,560,493.1,503.55,503.55,1377,15503.46,103500,29600,06-FEB-2024,
OPTIDX,NIFTY,25-Apr-2024,22050,PE,0,0,0,575,414.7,0,0,50,0,06-FEB-2024,
OPTIDX,NIFTY,25-Apr-2024,22100,PE,0,0,0,494.85,437.25,0,0,100,0,06-FEB-2024,
OPTIDX,NIFTY,25-Apr-2024,22150,PE,0,0,0,853.35,460.5,0,0,0,0,06-FEB-2024,
OPTIDX,NIFTY,25-Apr-2024,22200,PE,614.35,614.35,587.1,589.15,484.55,16,182.35,800,200,06-FEB-2024,
OPTIDX,NIFTY,25-Apr-2024,22250,PE,0,0,0,915.05,509.35,0,0,0,0,06-FEB-2024,
OPTIDX,NIFTY,25-Apr-2024,22300,PE,0,0,0,946.75,534.9,0,0,0,0,06-FEB-2024,
OPTIDX,NIFTY,25-Apr-2024,22350,PE,0,0,0,979,561.25,0,0,0,0,06-FEB-2024,
OPTIDX,NIFTY,25-Apr-2024,22400,PE,0,0,0,1011.8,588.3,0,0,0,0,06-FEB-2024,
OPTIDX,NIFTY,25-Apr-2024,22450,PE,0,0,0,1045.15,616.1,0,0,0,0,06-FEB-2024,
OPTIDX,NIFTY,25-Apr-2024,22500,PE,765.9,811.75,714.15,728.2,728.2,266,3091.78,24250,2850,06-FEB-2024,
OPTIDX,NIFTY,25-Apr-2024,22550,PE,0,0,0,1113.45,673.9,0,0,0,0,06-FEB-2024,
OPTIDX,NIFTY,25-Apr-2024,22600,PE,0,0,0,1148.4,703.9,0,0,0,0,06-FEB-2024,
OPTIDX,NIFTY,25-Apr-2024,22650,PE,0,0,0,1183.8,734.6,0,0,0,0,06-FEB-2024,
OPTIDX,NIFTY,25-Apr-2024,22700,PE,0,0,0,1219.7,766,0,0,0,0,06-FEB-2024,
OPTIDX,NIFTY,25-Apr-2024,22750,PE,0,0,0,1256.1,798.15,0,0,0,0,06-FEB-2024,
OPTIDX,NIFTY,25-Apr-2024,22800,PE,0,0,0,1294,830.9,0,0,0,0,06-FEB-2024,
OPTIDX,NIFTY,25-Apr-2024,22850,PE,0,0,0,1331.45,864.35,0,0,0,0,06-FEB-2024,
OPTIDX,NIFTY,25-Apr-2024,22900,PE,0,0,0,1368.4,898.5,0,0,0,0,06-FEB-2024,
OPTIDX,NIFTY,25-Apr-2024,22950,PE,0,0,0,1406.65,933.25,0,0,0,0,06-FEB-2024,
OPTIDX,NIFTY,25-Apr-2024,23000,PE,1120,1120,1000,1032.45,1032.45,180,2164.01,8300,3850,06-FEB-2024,
OPTIDX,NIFTY,25-Apr-2024,23050,PE,0,0,0,1484.45,1004.6,0,0,0,0,06-FEB-2024,
OPTIDX,NIFTY,25-Apr-2024,23100,PE,0,0,0,1070.2,1041.2,0,0,0,0,06-FEB-2024,
OPTIDX,NIFTY,25-Apr-2024,23150,PE,0,0,0,1563.8,1078.35,0,0,0,0,06-FEB-2024,
OPTIDX,NIFTY,25-Apr-2024,23200,PE,0,0,0,1604.1,1116.1,0,0,0,0,06-FEB-2024,
OPTIDX,NIFTY,25-Apr-2024,23250,PE,0,0,0,1644.75,1154.4,0,0,0,0,06-FEB-2024,
OPTIDX,NIFTY,25-Apr-2024,23300,PE,0,0,0,1685.75,1193.25,0,0,0,0,06-FEB-2024,
OPTIDX,NIFTY,25-Apr-2024,23350,PE,0,0,0,1727.15,1232.55,0,0,0,0,06-FEB-2024,
OPTIDX,NIFTY,25-Apr-2024,23400,PE,0,0,0,1768.85,1272.4,0,0,0,0,06-FEB-2024,
OPTIDX,NIFTY,25-Apr-2024,23450,PE,0,0,0,1810.85,1312.75,0,0,0,0,06-FEB-2024,
OPTIDX,NIFTY,25-Apr-2024,23500,PE,0,0,0,1420,1353.55,0,0,400,0,06-FEB-2024,
OPTIDX,NIFTY,25-Apr-2024,23550,PE,0,0,0,1895.9,1394.8,0,0,0,0,06-FEB-2024,
OPTIDX,NIFTY,25-Apr-2024,23600,PE,0,0,0,1938.85,1436.45,0,0,0,0,06-FEB-2024,
OPTIDX,NIFTY,27-Jun-2024,15000,CE,0,0,0,4599.25,7318.2,0,0,50,0,06-FEB-2024,
OPTIDX,NIFTY,27-Jun-2024,16000,CE,0,0,0,2666.1,6344.1,0,0,0,0,06-FEB-2024,
OPTIDX,NIFTY,27-Jun-2024,17000,CE,0,0,0,5010.65,5370.05,0,0,50,0,06-FEB-2024,
OPTIDX,NIFTY,27-Jun-2024,18000,CE,4250,4310,4250,4310,4310,2,22.28,19400,100,06-FEB-2024,
OPTIDX,NIFTY,27-Jun-2024,18500,CE,0,0,0,3554.75,3911.9,0,0,2825,0,06-FEB-2024,
OPTIDX,NIFTY,27-Jun-2024,19000,CE,3300,3423.95,3300,3414.45,3430.25,11,122.93,118350,350,06-FEB-2024,
OPTIDX,NIFTY,27-Jun-2024,20000,CE,2550,2599,2550,2572.85,2493.75,15,169.39,170250,-150,06-FEB-2024,
OPTIDX,NIFTY,27-Jun-2024,21000,CE,1752.55,1835.95,1700,1810.9,1810.9,135,1537.86,351300,700,06-FEB-2024,
OPTIDX,NIFTY,27-Jun-2024,22000,CE,1066.25,1178.1,1066,1147.05,1147.05,587,6788.38,396900,-1800,06-FEB-2024,
OPTIDX,NIFTY,27-Jun-2024,23000,CE,595,670,589.9,658.4,658.4,1110,13120.43,766450,-7050,06-FEB-2024,
OPTIDX,NIFTY,27-Jun-2024,24000,CE,307.95,335,303,327.4,327.4,781,9497.97,293200,6500,06-FEB-2024,
OPTIDX,NIFTY,27-Jun-2024,25000,CE,140.45,147.8,120.15,141.75,141.75,791,9942.75,198000,6450,06-FEB-2024,
OPTIDX,NIFTY,27-Jun-2024,26000,CE,70,82.5,63.05,70.3,70.3,133,1733.67,46400,2900,06-FEB-2024,
OPTIDX,NIFTY,27-Jun-2024,27000,CE,0,0,0,331.6,6.4,0,0,0,0,06-FEB-2024,
OPTIDX,NIFTY,27-Jun-2024,14000,PE,0,0,0,3.05,0.05,0,0,7125,0,06-FEB-2024,
OPTIDX,NIFTY,27-Jun-2024,15000,PE,0,0,0,3.05,0.05,0,0,12425,0,06-FEB-2024,
OPTIDX,NIFTY,27-Jun-2024,16000,PE,0,0,0,3.05,0.05,0,0,37950,0,06-FEB-2024,
OPTIDX,NIFTY,27-Jun-2024,17000,PE,34.95,35.1,33.05,34.5,34.5,82,698.42,125200,-250,06-FEB-2024,
OPTIDX,NIFTY,27-Jun-2024,18000,PE,55,55,48.05,52,52,469,4233.04,529300,500,06-FEB-2024,
OPTIDX,NIFTY,27-Jun-2024,19000,PE,113,114.75,102.25,108.45,108.45,1718,16412.94,839300,22700,06-FEB-2024,
OPTIDX,NIFTY,27-Jun-2024,20000,PE,218.95,230,215.25,220.45,220.45,2624,26527.43,1088450,-21850,06-FEB-2024,
OPTIDX,NIFTY,27-Jun-2024,21000,PE,431.85,439.35,402.3,410.35,410.35,2331,24955.81,1113800,41800,06-FEB-2024,
OPTIDX,NIFTY,27-Jun-2024,22000,PE,775.05,784.2,704.3,710.35,710.35,1278,14521.63,986450,7600,06-FEB-2024,
OPTIDX,NIFTY,27-Jun-2024,23000,PE,1260,1260,1152.4,1168.05,1168.05,448,5419.06,162450,550,06-FEB-2024,
OPTIDX,NIFTY,27-Jun-2024,24000,PE,1925,1925,1794.3,1814.55,1814.55,230,2970.02,64400,0,06-FEB-2024,
OPTIDX,NIFTY,27-Jun-2024,25000,PE,0,0,0,7199.55,2498.25,0,0,0,0,06-FEB-2024,
OPTIDX,NIFTY,27-Jun-2024,26000,PE,0,0,0,8015.6,3420.45,0,0,0,0,06-FEB-2024,
OPTIDX,NIFTY,27-Jun-2024,27000,PE,0,0,0,8206,4377.2,0,0,0,0,06-FEB-2024,
OPTIDX,NIFTY,26-Sep-2024,16000,CE,0,0,0,4667.4,6604.25,0,0,0,0,06-FEB-2024,
OPTIDX,NIFTY,26-Sep-2024,17000,CE,0,0,0,3800.4,5647.15,0,0,0,0,06-FEB-2024,
OPTIDX,NIFTY,26-Sep-2024,18000,CE,0,0,0,2994.95,4693.8,0,0,0,0,06-FEB-2024,
OPTIDX,NIFTY,26-Sep-2024,19000,CE,0,0,0,2277.4,3755.15,0,0,0,0,06-FEB-2024,
OPTIDX,NIFTY,26-Sep-2024,20000,CE,0,0,0,1666.45,2857,0,0,0,0,06-FEB-2024,
OPTIDX,NIFTY,26-Sep-2024,21000,CE,0,0,0,1173.8,2041.35,0,0,0,0,06-FEB-2024,
OPTIDX,NIFTY,26-Sep-2024,22000,CE,1410.45,1499,1410.45,1496,1354.9,4,46.95,10000,-50,06-FEB-2024,
OPTIDX,NIFTY,26-Sep-2024,23000,CE,872.9,956,832.9,950.5,950.5,12,143.53,15550,100,06-FEB-2024,
OPTIDX,NIFTY,26-Sep-2024,24000,CE,549.95,599,540,599,465.7,5,61.39,2850,200,06-FEB-2024,
OPTIDX,NIFTY,26-Sep-2024,25000,CE,272,325,271,323.4,323.4,30,379.59,4850,600,06-FEB-2024,
OPTIDX,NIFTY,26-Sep-2024,26000,CE,145.05,180,145.05,175.95,113.75,6,78.49,4900,150,06-FEB-2024,
OPTIDX,NIFTY,26-Sep-2024,27000,CE,0,0,0,68.7,49.7,0,0,0,0,06-FEB-2024,
OPTIDX,NIFTY,26-Sep-2024,16000,PE,0,0,0,39.75,0.1,0,0,0,0,06-FEB-2024,
OPTIDX,NIFTY,26-Sep-2024,17000,PE,0,0,0,103.7,0.8,0,0,0,0,06-FEB-2024,
OPTIDX,NIFTY,26-Sep-2024,18000,PE,0,0,0,229.25,5.3,0,0,0,0,06-FEB-2024,
OPTIDX,NIFTY,26-Sep-2024,19000,PE,0,0,0,239.55,24.45,0,0,2850,0,06-FEB-2024,
OPTIDX,NIFTY,26-Sep-2024,20000,PE,0,0,0,762.75,84.1,0,0,0,0,06-FEB-2024,
OPTIDX,NIFTY,26-Sep-2024,21000,PE,0,0,0,399,226.3,0,0,100,0,06-FEB-2024,
OPTIDX,NIFTY,26-Sep-2024,22000,PE,785,785,725.5,727.4,497.7,18,204.66,5150,550,06-FEB-2024,
OPTIDX,NIFTY,26-Sep-2024,23000,PE,919,1199.95,919,1199.95,929.6,4,48.23,250,100,06-FEB-2024,
OPTIDX,NIFTY,26-Sep-2024,24000,PE,0,0,0,3149.25,1524.1,0,0,0,0,06-FEB-2024,
OPTIDX,NIFTY,26-Sep-2024,25000,PE,0,0,0,3952.4,2256.3,0,0,0,0,06-FEB-2024,
OPTIDX,NIFTY,26-Sep-2024,26000,PE,0,0,0,4801.5,3087.8,0,0,0,0,06-FEB-2024,
OPTIDX,NIFTY,26-Sep-2024,27000,PE,0,0,0,5681.95,3981.6,0,0,0,0,06-FEB-2024,
OPTIDX,NIFTY,26-Dec-2024,14000,CE,0,0,0,8599,8743.6,0,0,100,0,06-FEB-2024,
OPTIDX,NIFTY,26-Dec-2024,15000,CE,0,0,0,7100,7801.8,0,0,2100,0,06-FEB-2024,
OPTIDX,NIFTY,26-Dec-2024,16000,CE,6440.05,6440.05,6440,6440,6440,89,998.58,22000,50,06-FEB-2024,
OPTIDX,NIFTY,26-Dec-2024,17000,CE,5572,5572,5572,5572,5920.75,1,11.28,18100,-50,06-FEB-2024,
OPTIDX,NIFTY,26-Dec-2024,18000,CE,4700,4943.45,4700,4943.45,4988.1,3,34.21,24450,50,06-FEB-2024,
OPTIDX,NIFTY,26-Dec-2024,18500,CE,0,0,0,4400,4527.95,0,0,1000,0,06-FEB-2024,
OPTIDX,NIFTY,26-Dec-2024,19000,CE,3900.5,4038.35,3900.5,4004.15,4004.15,26,298.92,71100,-550,06-FEB-2024,
OPTIDX,NIFTY,26-Dec-2024,20000,CE,3170,3273.9,3160,3213.05,3213.05,19,220.63,77000,-150,06-FEB-2024,
OPTIDX,NIFTY,26-Dec-2024,21000,CE,2446.35,2499,2408,2475.8,2475.8,71,833.29,123600,-500,06-FEB-2024,
OPTIDX,NIFTY,26-Dec-2024,22000,CE,1717,1841.55,1717,1824.3,1824.3,142,1690.8,173150,1400,06-FEB-2024,
OPTIDX,NIFTY,26-Dec-2024,23000,CE,1190,1280,1179.9,1264.5,1264.5,215,2606.82,158600,900,06-FEB-2024,
OPTIDX,NIFTY,26-Dec-2024,24000,CE,740,824.95,740,807.9,807.9,132,1636.71,149300,2000,06-FEB-2024,
OPTIDX,NIFTY,26-Dec-2024,25000,CE,465,510.05,465,494.35,494.35,157,2001.29,189850,3700,06-FEB-2024,
OPTIDX,NIFTY,26-Dec-2024,26000,CE,277,294.95,267.75,282.5,282.5,131,1721.32,71300,2650,06-FEB-2024,
OPTIDX,NIFTY,26-Dec-2024,27000,CE,151.3,166,151.3,158.55,158.55,43,583.97,41000,600,06-FEB-2024,
OPTIDX,NIFTY,26-Dec-2024,14000,PE,0,0,0,20.5,0.05,0,0,3300,0,06-FEB-2024,
OPTIDX,NIFTY,26-Dec-2024,15000,PE,0,0,0,14.2,0.05,0,0,28250,0,06-FEB-2024,
OPTIDX,NIFTY,26-Dec-2024,16000,PE,49.95,53,48,53,53,18,144.47,16950,-350,06-FEB-2024,
OPTIDX,NIFTY,26-Dec-2024,17000,PE,0,0,0,71,2.65,0,0,72600,0,06-FEB-2024,
OPTIDX,NIFTY,26-Dec-2024,18000,PE,113.15,116.9,105,111.55,111.55,70,633.82,255200,1700,06-FEB-2024,
OPTIDX,NIFTY,26-Dec-2024,19000,PE,193.5,193.5,182.1,188.95,188.95,100,959.39,435250,400,06-FEB-2024,
OPTIDX,NIFTY,26-Dec-2024,20000,PE,316,323.25,310,314.45,314.45,380,3859.68,563250,7550,06-FEB-2024,
OPTIDX,NIFTY,26-Dec-2024,21000,PE,530,530,495,498.25,498.25,1045,11234.34,912150,33450,06-FEB-2024,
OPTIDX,NIFTY,26-Dec-2024,22000,PE,832.05,832.05,757.3,778.45,778.45,487,5547.69,405900,8200,06-FEB-2024,
OPTIDX,NIFTY,26-Dec-2024,23000,PE,1163.35,1175.6,1120,1133.35,1133.35,230,2776.8,116400,-600,06-FEB-2024,
OPTIDX,NIFTY,26-Dec-2024,24000,PE,1700.75,1700.75,1621,1632.8,1632.8,15,192.42,33300,600,06-FEB-2024,
OPTIDX,NIFTY,26-Dec-2024,25000,PE,2228.45,2250,2222.45,2226.8,2226.8,4,54.46,9100,150,06-FEB-2024,
OPTIDX,NIFTY,26-Dec-2024,26000,PE,0,0,0,2950.05,2816.6,0,0,150,0,06-FEB-2024,
OPTIDX,NIFTY,26-Dec-2024,27000,PE,0,0,0,4500,3640.4,0,0,50,0,06-FEB-2024,
OPTIDX,NIFTY,26-Jun-2025,16000,CE,0,0,0,3227.55,7360.9,0,0,0,0,06-FEB-2024,
OPTIDX,NIFTY,26-Jun-2025,17000,CE,0,0,0,4165.5,6456.4,0,0,2750,0,06-FEB-2024,
OPTIDX,NIFTY,26-Jun-2025,18000,CE,0,0,0,3934,5563,0,0,2200,0,06-FEB-2024,
OPTIDX,NIFTY,26-Jun-2025,19000,CE,0,0,0,3077.9,4692.7,0,0,0,0,06-FEB-2024,
OPTIDX,NIFTY,26-Jun-2025,20000,CE,0,0,0,3180.85,3862.8,0,0,0,0,06-FEB-2024,
OPTIDX,NIFTY,26-Jun-2025,21000,CE,0,0,0,3199.45,3093.9,0,0,0,0,06-FEB-2024,
OPTIDX,NIFTY,26-Jun-2025,22000,CE,0,0,0,2088.15,2406.05,0,0,0,0,06-FEB-2024,
OPTIDX,NIFTY,26-Jun-2025,23000,CE,0,0,0,2003.65,1814.25,0,0,0,0,06-FEB-2024,
OPTIDX,NIFTY,26-Jun-2025,24000,CE,0,0,0,1100.85,1325.65,0,0,0,0,06-FEB-2024,
OPTIDX,NIFTY,26-Jun-2025,25000,CE,0,0,0,945.65,938.85,0,0,0,0,06-FEB-2024,
OPTIDX,NIFTY,26-Jun-2025,26000,CE,0,0,0,811.85,644.9,0,0,0,0,06-FEB-2024,
OPTIDX,NIFTY,26-Jun-2025,27000,CE,0,0,0,803.5,430.1,0,0,0,0,06-FEB-2024,
OPTIDX,NIFTY,26-Jun-2025,14000,PE,0,0,0,42.35,0.05,0,0,675,0,06-FEB-2024,
OPTIDX,NIFTY,26-Jun-2025,15000,PE,0,0,0,134,0.45,0,0,1800,0,06-FEB-2024,
OPTIDX,NIFTY,26-Jun-2025,16000,PE,0,0,0,129.2,2.25,0,0,100,0,06-FEB-2024,
OPTIDX,NIFTY,26-Jun-2025,17000,PE,0,0,0,3497.35,8.4,0,0,0,0,06-FEB-2024,
OPTIDX,NIFTY,26-Jun-2025,18000,PE,0,0,0,3586.15,25.65,0,0,0,0,06-FEB-2024,
OPTIDX,NIFTY,26-Jun-2025,19000,PE,0,0,0,3210.95,66,0,0,0,0,06-FEB-2024,
OPTIDX,NIFTY,26-Jun-2025,20000,PE,0,0,0,599.8,146.8,0,0,900,0,06-FEB-2024,
OPTIDX,NIFTY,26-Jun-2025,21000,PE,0,0,0,3070.85,288.6,0,0,0,0,06-FEB-2024,
OPTIDX,NIFTY,26-Jun-2025,22000,PE,0,0,0,3957.4,511.35,0,0,0,0,06-FEB-2024,
OPTIDX,NIFTY,26-Jun-2025,23000,PE,0,0,0,1170,830.25,0,0,0,0,06-FEB-2024,
OPTIDX,NIFTY,26-Jun-2025,24000,PE,0,0,0,5875.1,1252.35,0,0,0,0,06-FEB-2024,
OPTIDX,NIFTY,26-Jun-2025,25000,PE,0,0,0,6576.35,1776.2,0,0,0,0,06-FEB-2024,
OPTIDX,NIFTY,26-Jun-2025,26000,PE,0,0,0,7299,2392.9,0,0,0,0,06-FEB-2024,
OPTIDX,NIFTY,26-Jun-2025,27000,PE,0,0,0,7438.15,3088.8,0,0,0,0,06-FEB-2024,
OPTIDX,NIFTY,24-Dec-2025,16000,CE,0,0,0,7200,7843.2,0,0,50,0,06-FEB-2024,
OPTIDX,NIFTY,24-Dec-2025,17000,CE,0,0,0,5080,6972.1,0,0,650,0,06-FEB-2024,
OPTIDX,NIFTY,24-Dec-2025,18000,CE,0,0,0,6099.95,6113.65,0,0,5650,0,06-FEB-2024,
OPTIDX,NIFTY,24-Dec-2025,19000,CE,0,0,0,4401,5277.95,0,0,3200,0,06-FEB-2024,
OPTIDX,NIFTY,24-Dec-2025,19500,CE,0,0,0,3200,4872.6,0,0,1300,0,06-FEB-2024,
OPTIDX,NIFTY,24-Dec-2025,20000,CE,0,0,0,3800,4478,0,0,300,0,06-FEB-2024,
OPTIDX,NIFTY,24-Dec-2025,21000,CE,0,0,0,1400,3728.5,0,0,100,0,06-FEB-2024,
OPTIDX,NIFTY,24-Dec-2025,22000,CE,0,0,0,2751.35,3043.3,0,0,600,0,06-FEB-2024,
OPTIDX,NIFTY,24-Dec-2025,23000,CE,2327.05,2327.05,2327.05,2327.05,2433.7,1,12.66,2600,-50,06-FEB-2024,
OPTIDX,NIFTY,24-Dec-2025,24000,CE,0,0,0,1396.05,1906.4,0,0,0,0,06-FEB-2024,
OPTIDX,NIFTY,24-Dec-2025,25000,CE,0,0,0,1222.85,1463.05,0,0,0,0,06-FEB-2024,
OPTIDX,NIFTY,24-Dec-2025,26000,CE,0,0,0,1070.85,1100.6,0,0,0,0,06-FEB-2024,
OPTIDX,NIFTY,24-Dec-2025,27000,CE,0,0,0,1071,812.15,0,0,0,0,06-FEB-2024,
OPTIDX,NIFTY,24-Dec-2025,13000,PE,0,0,0,400,0.05,0,0,150,0,06-FEB-2024,
OPTIDX,NIFTY,24-Dec-2025,15000,PE,0,0,0,62.15,1.35,0,0,1100,0,06-FEB-2024,
OPTIDX,NIFTY,24-Dec-2025,16000,PE,0,0,0,79,4.85,0,0,2550,0,06-FEB-2024,
OPTIDX,NIFTY,24-Dec-2025,16500,PE,0,0,0,38.15,8.55,0,0,2600,0,06-FEB-2024,
OPTIDX,NIFTY,24-Dec-2025,17000,PE,0,0,0,155.05,14.45,0,0,2400,0,06-FEB-2024,
OPTIDX,NIFTY,24-Dec-2025,18000,PE,0,0,0,324.95,36.7,0,0,3050,0,06-FEB-2024,
OPTIDX,NIFTY,24-Dec-2025,19000,PE,0,0,0,133.1,81.7,0,0,3900,0,06-FEB-2024,
OPTIDX,NIFTY,24-Dec-2025,20000,PE,0,0,0,572,162.45,0,0,4500,0,06-FEB-2024,
OPTIDX,NIFTY,24-Dec-2025,21000,PE,0,0,0,701,293.6,0,0,3200,0,06-FEB-2024,
OPTIDX,NIFTY,24-Dec-2025,22000,PE,0,0,0,1099,489.15,0,0,2550,0,06-FEB-2024,
OPTIDX,NIFTY,24-Dec-2025,23000,PE,0,0,0,1232,760.2,0,0,1000,0,06-FEB-2024,
OPTIDX,NIFTY,24-Dec-2025,24000,PE,0,0,0,5649,1113.6,0,0,0,0,06-FEB-2024,
OPTIDX,NIFTY,24-Dec-2025,25000,PE,0,0,0,6310.55,1550.95,0,0,0,0,06-FEB-2024,
OPTIDX,NIFTY,24-Dec-2025,26000,PE,0,0,0,6993.25,2069.2,0,0,0,0,06-FEB-2024,
OPTIDX,NIFTY,24-Dec-2025,27000,PE,0,0,0,7112.8,2661.4,0,0,0,0,06-FEB-2024,
OPTIDX,NIFTY,25-Jun-2026,12000,CE,0,0,0,8690,11712.8,0,0,50,0,06-FEB-2024,
OPTIDX,NIFTY,25-Jun-2026,16000,CE,0,0,0,4748.3,8314.8,0,0,0,0,06-FEB-2024,
OPTIDX,NIFTY,25-Jun-2026,17000,CE,0,0,0,4348.25,7475.45,0,0,0,0,06-FEB-2024,
OPTIDX,NIFTY,25-Jun-2026,18000,CE,0,0,0,4150,6648.9,0,0,200,0,06-FEB-2024,
OPTIDX,NIFTY,25-Jun-2026,19000,CE,0,0,0,2872.25,5843.45,0,0,100,0,06-FEB-2024,
OPTIDX,NIFTY,25-Jun-2026,20000,CE,0,0,0,3829.5,5069.2,0,0,0,0,06-FEB-2024,
OPTIDX,NIFTY,25-Jun-2026,21000,CE,0,0,0,3881.9,4337.1,0,0,0,0,06-FEB-2024,
OPTIDX,NIFTY,25-Jun-2026,22000,CE,0,0,0,2722.55,3657.7,0,0,0,0,06-FEB-2024,
OPTIDX,NIFTY,25-Jun-2026,23000,CE,0,0,0,2645.65,3039.65,0,0,0,0,06-FEB-2024,
OPTIDX,NIFTY,25-Jun-2026,24000,CE,0,0,0,1698.3,2489.05,0,0,0,0,06-FEB-2024,
OPTIDX,NIFTY,25-Jun-2026,25000,CE,0,0,0,1510.4,2008.7,0,0,0,0,06-FEB-2024,
OPTIDX,NIFTY,25-Jun-2026,26000,CE,0,0,0,1343.15,1598.15,0,0,0,0,06-FEB-2024,
OPTIDX,NIFTY,25-Jun-2026,27000,CE,0,0,0,1352.8,1254.15,0,0,0,0,06-FEB-2024,
OPTIDX,NIFTY,25-Jun-2026,12000,PE,0,0,0,10.05,0.05,0,0,500,0,06-FEB-2024,
OPTIDX,NIFTY,25-Jun-2026,13000,PE,0,0,0,45.25,0.15,0,0,200,0,06-FEB-2024,
OPTIDX,NIFTY,25-Jun-2026,14000,PE,0,0,0,300,0.7,0,0,100,0,06-FEB-2024,
OPTIDX,NIFTY,25-Jun-2026,15000,PE,0,0,0,105.5,2.5,0,0,850,0,06-FEB-2024,
OPTIDX,NIFTY,25-Jun-2026,16000,PE,0,0,0,54.8,7.6,0,0,500,0,06-FEB-2024,
OPTIDX,NIFTY,25-Jun-2026,17000,PE,0,0,0,2627.25,19.6,0,0,0,0,06-FEB-2024,
OPTIDX,NIFTY,25-Jun-2026,18000,PE,0,0,0,3088.05,44.4,0,0,0,0,06-FEB-2024,
OPTIDX,NIFTY,25-Jun-2026,19000,PE,0,0,0,140.45,90.35,0,0,100,0,06-FEB-2024,
OPTIDX,NIFTY,25-Jun-2026,20000,PE,0,0,0,3159.75,167.5,0,0,0,0,06-FEB-2024,
OPTIDX,NIFTY,25-Jun-2026,21000,PE,0,0,0,3065.6,286.8,0,0,0,0,06-FEB-2024,
OPTIDX,NIFTY,25-Jun-2026,22000,PE,0,0,0,3829.5,458.75,0,0,0,0,06-FEB-2024,
OPTIDX,NIFTY,25-Jun-2026,23000,PE,0,0,0,4171.75,692.1,0,0,0,0,06-FEB-2024,
OPTIDX,NIFTY,25-Jun-2026,24000,PE,0,0,0,5437.7,992.9,0,0,0,0,06-FEB-2024,
OPTIDX,NIFTY,25-Jun-2026,25000,PE,0,0,0,6063.1,1363.95,0,0,0,0,06-FEB-2024,
OPTIDX,NIFTY,25-Jun-2026,26000,PE,0,0,0,6709.2,1804.75,0,0,0,0,06-FEB-2024,
OPTIDX,NIFTY,25-Jun-2026,27000,PE,0,0,0,6810.7,2312.15,0,0,0,0,06-FEB-2024,
OPTIDX,NIFTY,31-Dec-2026,16000,CE,0,0,0,6200,8785.2,0,0,50,0,06-FEB-2024,
OPTIDX,NIFTY,31-Dec-2026,17000,CE,0,0,0,4955.1,7976.5,0,0,0,0,06-FEB-2024,
OPTIDX,NIFTY,31-Dec-2026,18000,CE,0,0,0,4501.45,7180.15,0,0,0,0,06-FEB-2024,
OPTIDX,NIFTY,31-Dec-2026,19000,CE,0,0,0,4999,6402.9,0,0,200,0,06-FEB-2024,
OPTIDX,NIFTY,31-Dec-2026,20000,CE,0,0,0,3704.3,5652.65,0,0,0,0,06-FEB-2024,
OPTIDX,NIFTY,31-Dec-2026,21000,CE,0,0,0,3356.25,4937.9,0,0,0,0,06-FEB-2024,
OPTIDX,NIFTY,31-Dec-2026,22000,CE,0,0,0,3039,4266.85,0,0,0,0,06-FEB-2024,
OPTIDX,NIFTY,31-Dec-2026,23000,CE,0,0,0,2020,3646.55,0,0,500,0,06-FEB-2024,
OPTIDX,NIFTY,31-Dec-2026,24000,CE,0,0,0,2010.65,3082.25,0,0,0,0,06-FEB-2024,
OPTIDX,NIFTY,31-Dec-2026,25000,CE,0,0,0,1811.2,2577.1,0,0,0,0,06-FEB-2024,
OPTIDX,NIFTY,31-Dec-2026,26000,CE,0,0,0,1631.05,2132,0,0,0,0,06-FEB-2024,
OPTIDX,NIFTY,31-Dec-2026,27000,CE,0,0,0,1651.65,1745.8,0,0,0,0,06-FEB-2024,
OPTIDX,NIFTY,31-Dec-2026,12000,PE,0,0,0,250.1,0.05,0,0,600,0,06-FEB-2024,
OPTIDX,NIFTY,31-Dec-2026,13000,PE,0,0,0,450,0.3,0,0,200,0,06-FEB-2024,
OPTIDX,NIFTY,31-Dec-2026,14000,PE,0,0,0,500,1.2,0,0,950,0,06-FEB-2024,
OPTIDX,NIFTY,31-Dec-2026,15000,PE,0,0,0,118.9,3.8,0,0,2200,0,06-FEB-2024,
OPTIDX,NIFTY,31-Dec-2026,16000,PE,0,0,0,73.05,10.05,0,0,2450,0,06-FEB-2024,
OPTIDX,NIFTY,31-Dec-2026,17000,PE,0,0,0,70,23.55,0,0,2650,0,06-FEB-2024,
OPTIDX,NIFTY,31-Dec-2026,18000,PE,0,0,0,374.15,49.3,0,0,6350,0,06-FEB-2024,
OPTIDX,NIFTY,31-Dec-2026,19000,PE,139.95,139.95,139.95,139.95,94.2,1,9.56,3250,50,06-FEB-2024,
OPTIDX,NIFTY,31-Dec-2026,20000,PE,0,0,0,600,166.1,0,0,3750,0,06-FEB-2024,
OPTIDX,NIFTY,31-Dec-2026,21000,PE,0,0,0,649,273.5,0,0,850,0,06-FEB-2024,
OPTIDX,NIFTY,31-Dec-2026,22000,PE,0,0,0,609.65,424.6,0,0,100,0,06-FEB-2024,
OPTIDX,NIFTY,31-Dec-2026,23000,PE,0,0,0,957.4,626.4,0,0,6200,0,06-FEB-2024,
OPTIDX,NIFTY,31-Dec-2026,24000,PE,0,0,0,5233.45,884.25,0,0,0,0,06-FEB-2024,
OPTIDX,NIFTY,31-Dec-2026,25000,PE,0,0,0,5825.75,1201.25,0,0,0,0,06-FEB-2024,
OPTIDX,NIFTY,31-Dec-2026,26000,PE,0,0,0,6437.4,1578.3,0,0,0,0,06-FEB-2024,
OPTIDX,NIFTY,31-Dec-2026,27000,PE,0,0,0,6522.3,2014.25,0,0,0,0,06-FEB-2024,
OPTIDX,NIFTY,24-Jun-2027,16000,CE,0,0,0,4898.4,9205.9,0,0,0,0,06-FEB-2024,
OPTIDX,NIFTY,24-Jun-2027,17000,CE,0,0,0,4464.7,8424.1,0,0,0,0,06-FEB-2024,
OPTIDX,NIFTY,24-Jun-2027,18000,CE,0,0,0,4066.45,7653.8,0,0,0,0,06-FEB-2024,
OPTIDX,NIFTY,24-Jun-2027,19000,CE,0,0,0,3701.25,6900.75,0,0,100,0,06-FEB-2024,
OPTIDX,NIFTY,24-Jun-2027,20000,CE,0,0,0,3367.05,6171.35,0,0,0,0,06-FEB-2024,
OPTIDX,NIFTY,24-Jun-2027,21000,CE,0,0,0,3061.8,5472.55,0,0,0,0,06-FEB-2024,
OPTIDX,NIFTY,24-Jun-2027,22000,CE,0,0,0,2783.5,4811,0,0,0,0,06-FEB-2024,
OPTIDX,NIFTY,24-Jun-2027,23000,CE,0,0,0,2530.05,4192.55,0,0,0,0,06-FEB-2024,
OPTIDX,NIFTY,24-Jun-2027,24000,CE,0,0,0,2299.55,3621.9,0,0,0,0,06-FEB-2024,
OPTIDX,NIFTY,24-Jun-2027,25000,CE,0,0,0,2090.05,3102.2,0,0,0,0,06-FEB-2024,
OPTIDX,NIFTY,24-Jun-2027,26000,CE,0,0,0,1900.85,2634.85,0,0,0,0,06-FEB-2024,
OPTIDX,NIFTY,24-Jun-2027,27000,CE,0,0,0,1932.5,2219.9,0,0,0,0,06-FEB-2024,
OPTIDX,NIFTY,24-Jun-2027,16000,PE,0,0,0,1476.1,11.9,0,0,0,0,06-FEB-2024,
OPTIDX,NIFTY,24-Jun-2027,17000,PE,0,0,0,1814.75,26,0,0,0,0,06-FEB-2024,
OPTIDX,NIFTY,24-Jun-2027,18000,PE,0,0,0,2188.9,51.7,0,0,0,0,06-FEB-2024,
OPTIDX,NIFTY,24-Jun-2027,19000,PE,0,0,0,170,94.6,0,0,250,0,06-FEB-2024,
OPTIDX,NIFTY,24-Jun-2027,20000,PE,0,0,0,3034.2,161.15,0,0,0,0,06-FEB-2024,
OPTIDX,NIFTY,24-Jun-2027,21000,PE,0,0,0,3501.35,258.35,0,0,0,0,06-FEB-2024,
OPTIDX,NIFTY,24-Jun-2027,22000,PE,0,0,0,3995.4,392.75,0,0,0,0,06-FEB-2024,
OPTIDX,NIFTY,24-Jun-2027,23000,PE,0,0,0,4514.3,570.25,0,0,0,0,06-FEB-2024,
OPTIDX,NIFTY,24-Jun-2027,24000,PE,0,0,0,5056.2,795.55,0,0,0,0,06-FEB-2024,
OPTIDX,NIFTY,24-Jun-2027,25000,PE,0,0,0,5619.05,1071.8,0,0,0,0,06-FEB-2024,
OPTIDX,NIFTY,24-Jun-2027,26000,PE,0,0,0,6202.2,1400.45,0,0,0,0,06-FEB-2024,
OPTIDX,NIFTY,24-Jun-2027,27000,PE,0,0,0,6273.45,1781.45,0,0,0,0,06-FEB-2024,
OPTIDX,NIFTY,30-Dec-2027,16000,CE,0,0,0,7354.45,9644.8,0,0,0,0,06-FEB-2024,
OPTIDX,NIFTY,30-Dec-2027,17000,CE,0,0,0,6805.5,8890.5,0,0,0,0,06-FEB-2024,
OPTIDX,NIFTY,30-Dec-2027,18000,CE,0,0,0,6285.7,8146.8,0,0,0,0,06-FEB-2024,
OPTIDX,NIFTY,30-Dec-2027,19000,CE,0,0,0,5794.9,7418.4,0,0,0,0,06-FEB-2024,
OPTIDX,NIFTY,30-Dec-2027,20000,CE,0,0,0,5333.85,6710.65,0,0,0,0,06-FEB-2024,
OPTIDX,NIFTY,30-Dec-2027,21000,CE,0,0,0,4902.4,6029.05,0,0,0,0,06-FEB-2024,
OPTIDX,NIFTY,30-Dec-2027,22000,CE,0,0,0,4499.55,5379.15,0,0,0,0,06-FEB-2024,
OPTIDX,NIFTY,30-Dec-2027,23000,CE,0,0,0,4125.7,4765.85,0,0,0,0,06-FEB-2024,
OPTIDX,NIFTY,30-Dec-2027,24000,CE,0,0,0,3778.95,4193.2,0,0,0,0,06-FEB-2024,
OPTIDX,NIFTY,30-Dec-2027,25000,CE,0,0,0,3458.35,3664.2,0,0,0,0,06-FEB-2024,
OPTIDX,NIFTY,30-Dec-2027,26000,CE,0,0,0,3162.4,3180.65,0,0,0,0,06-FEB-2024,
OPTIDX,NIFTY,30-Dec-2027,27000,CE,0,0,0,2889.8,2743.1,0,0,0,0,06-FEB-2024,
OPTIDX,NIFTY,30-Dec-2027,15000,PE,0,0,0,27.8,5.8,0,0,350,0,06-FEB-2024,
OPTIDX,NIFTY,30-Dec-2027,16000,PE,0,0,0,479.35,13.35,0,0,0,0,06-FEB-2024,
OPTIDX,NIFTY,30-Dec-2027,17000,PE,0,0,0,514,27.65,0,0,14250,0,06-FEB-2024,
OPTIDX,NIFTY,30-Dec-2027,18000,PE,0,0,0,74.8,52.6,0,0,10500,0,06-FEB-2024,
OPTIDX,NIFTY,30-Dec-2027,19000,PE,0,0,0,760,92.8,0,0,700,0,06-FEB-2024,
OPTIDX,NIFTY,30-Dec-2027,20000,PE,0,0,0,749.95,153.65,0,0,1700,0,06-FEB-2024,
OPTIDX,NIFTY,30-Dec-2027,21000,PE,0,0,0,1563.55,240.7,0,0,0,0,06-FEB-2024,
OPTIDX,NIFTY,30-Dec-2027,22000,PE,0,0,0,1867.9,359.4,0,0,0,0,06-FEB-2024,
OPTIDX,NIFTY,30-Dec-2027,23000,PE,0,0,0,2201.3,514.75,0,0,0,0,06-FEB-2024,
OPTIDX,NIFTY,30-Dec-2027,24000,PE,0,0,0,2561.85,710.7,0,0,0,0,06-FEB-2024,
OPTIDX,NIFTY,30-Dec-2027,25000,PE,0,0,0,2948.45,950.35,0,0,0,0,06-FEB-2024,
OPTIDX,NIFTY,30-Dec-2027,26000,PE,0,0,0,3359.75,1235.4,0,0,0,0,06-FEB-2024,
OPTIDX,NIFTY,30-Dec-2027,27000,PE,0,0,0,3794.4,1566.5,0,0,0,0,06-FEB-2024,
OPTIDX,NIFTY,29-Jun-2028,16000,CE,0,0,0,8002.3,10052.75,0,0,0,0,06-FEB-2024,
OPTIDX,NIFTY,29-Jun-2028,17000,CE,0,0,0,7393.45,9323.7,0,0,0,0,06-FEB-2024,
OPTIDX,NIFTY,29-Jun-2028,18000,CE,0,0,0,6809.35,8604.35,0,0,0,0,06-FEB-2024,
OPTIDX,NIFTY,29-Jun-2028,19000,CE,0,0,0,6252.25,7898.6,0,0,0,0,06-FEB-2024,
OPTIDX,NIFTY,29-Jun-2028,20000,CE,0,0,0,5724.65,7210.95,0,0,0,0,06-FEB-2024,
OPTIDX,NIFTY,29-Jun-2028,21000,CE,0,0,0,5226.55,6546.05,0,0,0,0,06-FEB-2024,
OPTIDX,NIFTY,29-Jun-2028,22000,CE,0,0,0,4759.5,5908.45,0,0,0,0,06-FEB-2024,
OPTIDX,NIFTY,29-Jun-2028,23000,CE,0,0,0,4323.1,5302.3,0,0,0,0,06-FEB-2024,
OPTIDX,NIFTY,29-Jun-2028,24000,CE,0,0,0,3918.85,4731.3,0,0,0,0,06-FEB-2024,
OPTIDX,NIFTY,29-Jun-2028,25000,CE,0,0,0,3545.15,4198.1,0,0,0,0,06-FEB-2024,
OPTIDX,NIFTY,29-Jun-2028,26000,CE,0,0,0,3200.9,3704.65,0,0,0,0,06-FEB-2024,
OPTIDX,NIFTY,29-Jun-2028,27000,CE,0,0,0,2885.15,3251.95,0,0,0,0,06-FEB-2024,
OPTIDX,NIFTY,29-Jun-2028,16000,PE,0,0,0,194.2,14.25,0,0,0,0,06-FEB-2024,
OPTIDX,NIFTY,29-Jun-2028,17000,PE,0,0,0,283.1,28.4,0,0,0,0,06-FEB-2024,
OPTIDX,NIFTY,29-Jun-2028,18000,PE,0,0,0,396.75,52.2,0,0,0,0,06-FEB-2024,
OPTIDX,NIFTY,29-Jun-2028,19000,PE,0,0,0,537.45,89.65,0,0,0,0,06-FEB-2024,
OPTIDX,NIFTY,29-Jun-2028,20000,PE,0,0,0,707.55,145.2,0,0,0,0,06-FEB-2024,
OPTIDX,NIFTY,29-Jun-2028,21000,PE,0,0,0,907.2,223.45,0,0,0,0,06-FEB-2024,
OPTIDX,NIFTY,29-Jun-2028,22000,PE,0,0,0,1137.9,329,0,0,0,0,06-FEB-2024,
OPTIDX,NIFTY,29-Jun-2028,23000,PE,0,0,0,1399.25,466.1,0,0,0,0,06-FEB-2024,
OPTIDX,NIFTY,29-Jun-2028,24000,PE,0,0,0,1692.75,638.25,0,0,0,0,06-FEB-2024,
OPTIDX,NIFTY,29-Jun-2028,25000,PE,0,0,0,2016.8,848.25,0,0,0,0,06-FEB-2024,
OPTIDX,NIFTY,29-Jun-2028,26000,PE,0,0,0,2370.3,1098,0,0,0,0,06-FEB-2024,
OPTIDX,NIFTY,29-Jun-2028,27000,PE,0,0,0,2752.35,1388.45,0,0,0,0,06-FEB-2024,
OPTIDX,NIFTY,28-Dec-2028,16000,CE,0,0,0,10704.45,10446.85,0,0,0,0,06-FEB-2024,
OPTIDX,NIFTY,28-Dec-2028,17000,CE,0,0,0,10036.4,9742,0,0,0,0,06-FEB-2024,
OPTIDX,NIFTY,28-Dec-2028,18000,CE,0,0,0,9380.3,9045.9,0,0,0,0,06-FEB-2024,
OPTIDX,NIFTY,28-Dec-2028,19000,CE,0,0,0,8739,8361.95,0,0,0,0,06-FEB-2024,
OPTIDX,NIFTY,28-Dec-2028,20000,CE,0,0,0,8115.5,7693.9,0,0,0,0,06-FEB-2024,
OPTIDX,NIFTY,28-Dec-2028,21000,CE,0,0,0,7512.5,7045.65,0,0,0,0,06-FEB-2024,
OPTIDX,NIFTY,28-Dec-2028,22000,CE,0,0,0,6932.45,6421.1,0,0,0,0,06-FEB-2024,
OPTIDX,NIFTY,28-Dec-2028,23000,CE,0,0,0,6377.6,5823.85,0,0,0,0,06-FEB-2024,
OPTIDX,NIFTY,28-Dec-2028,24000,CE,0,0,0,5850.3,5257.05,0,0,0,0,06-FEB-2024,
OPTIDX,NIFTY,28-Dec-2028,25000,CE,0,0,0,5350.4,4723.25,0,0,0,0,06-FEB-2024,
OPTIDX,NIFTY,28-Dec-2028,26000,CE,0,0,0,4879.7,4224.3,0,0,0,0,06-FEB-2024,
OPTIDX,NIFTY,28-Dec-2028,27000,CE,0,0,0,4437.95,3761.35,0,0,0,0,06-FEB-2024,
OPTIDX,NIFTY,28-Dec-2028,16000,PE,0,0,0,39.6,14.8,0,0,0,0,06-FEB-2024,
OPTIDX,NIFTY,28-Dec-2028,17000,PE,0,0,0,66.15,28.5,0,0,0,0,06-FEB-2024,
OPTIDX,NIFTY,28-Dec-2028,18000,PE,0,0,0,104.65,51,0,0,0,0,06-FEB-2024,
OPTIDX,NIFTY,28-Dec-2028,19000,PE,0,0,0,158,85.65,0,0,0,0,06-FEB-2024,
OPTIDX,NIFTY,28-Dec-2028,20000,PE,0,0,0,229.1,136.15,0,0,0,0,06-FEB-2024,
OPTIDX,NIFTY,28-Dec-2028,21000,PE,0,0,0,320.7,206.5,0,0,0,0,06-FEB-2024,
OPTIDX,NIFTY,28-Dec-2028,22000,PE,0,0,0,435.3,300.55,0,0,0,0,06-FEB-2024,
OPTIDX,NIFTY,28-Dec-2028,23000,PE,0,0,0,575.05,421.9,0,0,0,0,06-FEB-2024,
OPTIDX,NIFTY,28-Dec-2028,24000,PE,0,0,0,742.35,573.65,0,0,0,0,06-FEB-2024,
OPTIDX,NIFTY,28-Dec-2028,25000,PE,0,0,0,937.05,758.45,0,0,0,0,06-FEB-2024,
OPTIDX,NIFTY,28-Dec-2028,26000,PE,0,0,0,1160.95,978.05,0,0,0,0,06-FEB-2024,
OPTIDX,NIFTY,28-Dec-2028,27000,PE,0,0,0,1413.85,1233.7,0,0,0,0,06-FEB-2024,
