INSTRUMENT,SYMBOL,EXPIRY_DT,STRIKE_PR,OPTION_TYP,OPEN,HIGH,LOW,CLOSE,SETTLE_PR,CONTRACTS,VAL_INLAKH,OPEN_INT,CHG_IN_OI,TIMESTAMP,
FUTIDX,NIFTY,29-Feb-2024,0,XX,22090.2,22109.85,21901.3,22003.7,22003.7,132898,1461719.78,12112800,65500,07-FEB-2024,
FUTIDX,NIFTY,28-Mar-2024,0,XX,22200,22244.95,22047.85,22146,22146,8086,89528.4,1087350,14650,07-FEB-2024,
FUTIDX,NIFTY,25-Apr-2024,0,XX,22350,22383.95,22195,22295,22295,1905,21232.89,359200,9400,07-FEB-2024,
OPTIDX,NIFTY,08-Feb-2024,19500,CE,2350,2350,2350,2350,2434.1,2,21.85,2700,50,07-FEB-2024,
OPTIDX,NIFTY,08-Feb-2024,19550,CE,2432,2432,2344.35,2344.4,2344.4,4,43.87,300,-50,07-FEB-2024,
OPTIDX,NIFTY,08-Feb-2024,19600,CE,0,0,0,2158.6,2334.1,0,0,1050,0,07-FEB-2024,
OPTIDX,NIFTY,08-Feb-2024,19650,CE,0,0,0,2129.1,2284.15,0,0,100,0,07-FEB-2024,
OPTIDX,NIFTY,08-Feb-2024,19700,CE,0,0,0,2021.3,2234.15,0,0,1000,0,07-FEB-2024,
OPTIDX,NIFTY,08-Feb-2024,19750,CE,0,0,0,1977,2184.15,0,0,300,0,07-FEB-2024,
OPTIDX,NIFTY,08-Feb-2024,19800,CE,2080,2080,2079.2,2079.2,2134.15,2,21.87,1500,-100,07-FEB-2024,
OPTIDX,NIFTY,08-Feb-2024,19850,CE,2120,2120,2120,2120,2120,1,10.98,350,-50,07-FEB-2024,
OPTIDX,NIFTY,08-Feb-2024,19900,CE,2100,2110,1975,2040,2040,25,274.76,400,-900,07-FEB-2024,
OPTIDX,NIFTY,08-Feb-2024,19950,CE,0,0,0,1856.4,1984.2,0,0,0,0,07-FEB-2024,
OPTIDX,NIFTY,08-Feb-2024,20000,CE,1990,2010.8,1855,1987.95,1987.95,117,1285.15,54150,-4250,07-FEB-2024,
OPTIDX,NIFTY,08-Feb-2024,20050,CE,0,0,0,1875.4,1884.2,0,0,50,0,07-FEB-2024,
OPTIDX,NIFTY,08-Feb-2024,20100,CE,1906.25,1906.25,1770.3,1879.15,1879.15,6,65.83,6900,-100,07-FEB-2024,
OPTIDX,NIFTY,08-Feb-2024,20150,CE,1825,1825,1824,1824,1784.25,26,285.66,4450,-1300,07-FEB-2024,
OPTIDX,NIFTY,08-Feb-2024,20200,CE,1806.45,1806.45,1665,1773,1734.25,63,690.04,2400,-2650,07-FEB-2024,
OPTIDX,NIFTY,08-Feb-2024,20250,CE,0,0,0,1593.95,1684.25,0,0,1400,0,07-FEB-2024,
OPTIDX,NIFTY,08-Feb-2024,20300,CE,0,0,0,1630.85,1634.25,0,0,1850,0,07-FEB-2024,
OPTIDX,NIFTY,08-Feb-2024,20350,CE,0,0,0,1465.65,1584.25,0,0,800,0,07-FEB-2024,
OPTIDX,NIFTY,08-Feb-2024,20400,CE,1615,1615,1455,1525.05,1525.05,96,1053.31,5000,-4250,07-FEB-2024,
OPTIDX,NIFTY,08-Feb-2024,20450,CE,1550,1550,1550,1550,1484.3,1,11,550,-50,07-FEB-2024,
OPTIDX,NIFTY,08-Feb-2024,20500,CE,1510,1526.2,1350,1447.2,1447.2,131,1436.3,37200,-4400,07-FEB-2024,
OPTIDX,NIFTY,08-Feb-2024,20550,CE,0,0,0,1186,1384.3,0,0,250,0,07-FEB-2024,
OPTIDX,NIFTY,08-Feb-2024,20600,CE,1425.9,1451.4,1262.9,1352.4,1352.4,70,770.6,3500,-1350,07-FEB-2024,
OPTIDX,NIFTY,08-Feb-2024,20650,CE,0,0,0,1041,1284.3,0,0,3950,0,07-FEB-2024,
OPTIDX,NIFTY,08-Feb-2024,20700,CE,1337.45,1349.4,1156.1,1254.8,1254.8,195,2143.31,15300,-5650,07-FEB-2024,
OPTIDX,NIFTY,08-Feb-2024,20750,CE,1205,1205,1205,1205,1184.35,10,109.77,500,-500,07-FEB-2024,
OPTIDX,NIFTY,08-Feb-2024,20800,CE,1200,1200,1064,1163.55,1163.55,10,109.69,11900,-500,07-FEB-2024,
OPTIDX,NIFTY,08-Feb-2024,20850,CE,1040,1071.65,1019.95,1049.2,1084.35,6,65.68,250,50,07-FEB-2024,
OPTIDX,NIFTY,08-Feb-2024,20900,CE,1094,1094.25,963.65,1042.2,1042.2,22,241.19,6550,-550,07-FEB-2024,
OPTIDX,NIFTY,08-Feb-2024,20950,CE,954.2,1025.55,930.8,1025.55,1025.55,4,43.84,800,0,07-FEB-2024,
OPTIDX,NIFTY,08-Feb-2024,21000,CE,1027.3,1056.7,837,949.6,949.6,2452,26878.16,243000,-11750,07-FEB-2024,
OPTIDX,NIFTY,08-Feb-2024,21050,CE,940,940,810,900,884.4,11,120.5,2100,-50,07-FEB-2024,
OPTIDX,NIFTY,08-Feb-2024,21100,CE,901,939.05,741.25,848.7,848.7,402,4403.41,85400,-13000,07-FEB-2024,
OPTIDX,NIFTY,08-Feb-2024,21150,CE,817,835,716.8,800.25,800.25,30,328.98,6650,-550,07-FEB-2024,
OPTIDX,NIFTY,08-Feb-2024,21200,CE,849.95,855.4,640,741.15,741.15,1951,21402.5,84800,-36850,07-FEB-2024,
OPTIDX,NIFTY,08-Feb-2024,21250,CE,730.35,755.95,594.75,702.25,702.25,116,1271.3,17900,-2600,07-FEB-2024,
OPTIDX,NIFTY,08-Feb-2024,21300,CE,771.05,771.05,537.55,656.65,656.65,2176,23837.27,87600,-44450,07-FEB-2024,
OPTIDX,NIFTY,08-Feb-2024,21350,CE,694.55,695.45,491.35,602.75,602.75,472,5183.6,22450,-6200,07-FEB-2024,
OPTIDX,NIFTY,08-Feb-2024,21400,CE,640,660.25,440.6,552.1,552.1,3397,37246.64,176900,-17600,07-FEB-2024,
OPTIDX,NIFTY,08-Feb-2024,21450,CE,585,611.3,394.5,510.9,510.9,899,9861.52,43150,-3750,07-FEB-2024,
OPTIDX,NIFTY,08-Feb-2024,21500,CE,511,565.5,346.7,455.1,455.1,26605,291804.91,363700,-66750,07-FEB-2024,
OPTIDX,NIFTY,08-Feb-2024,21550,CE,488,518.25,303,405.2,405.2,2868,31465.07,60350,-7400,07-FEB-2024,
OPTIDX,NIFTY,08-Feb-2024,21600,CE,444.2,470.5,258.9,354,354,30701,336750.76,304550,-76800,07-FEB-2024,
OPTIDX,NIFTY,08-Feb-2024,21650,CE,408.7,422.4,217.3,309.4,309.4,14672,160918.68,151400,-21350,07-FEB-2024,
OPTIDX,NIFTY,08-Feb-2024,21700,CE,370,376.35,179.4,264.4,264.4,205631,2255982.66,1004900,-375100,07-FEB-2024,
OPTIDX,NIFTY,08-Feb-2024,21750,CE,325,332.75,145.65,211.9,211.9,183071,2009294.63,268750,-201750,07-FEB-2024,
OPTIDX,NIFTY,08-Feb-2024,21800,CE,241,289,115.45,170.95,170.95,965464,10603923.43,1474600,-756900,07-FEB-2024,
OPTIDX,NIFTY,08-Feb-2024,21850,CE,241.6,247.6,89.1,133.85,133.85,1111014,12208559.52,1322900,-173250,07-FEB-2024,
OPTIDX,NIFTY,08-Feb-2024,21900,CE,180,208.25,66.65,101.1,101.1,4000968,44019519.76,7332800,2466150,07-FEB-2024,
OPTIDX,NIFTY,08-Feb-2024,21950,CE,135,171.9,49.05,75.85,75.85,3048947,33592207.41,3527250,1321100,07-FEB-2024,
OPTIDX,NIFTY,08-Feb-2024,22000,CE,128,140,35.35,54.45,54.45,5968935,65869868.13,8796550,3868800,07-FEB-2024,
OPTIDX,NIFTY,08-Feb-2024,22050,CE,81,111,24.95,37.45,37.45,2577518,28485962.43,4147400,2502400,07-FEB-2024,
OPTIDX,NIFTY,08-Feb-2024,22100,CE,99,99.05,17.1,24.65,24.65,3644090,40333834.19,8600700,3939500,07-FEB-2024,
OPTIDX,NIFTY,08-Feb-2024,22150,CE,60,64.9,11.45,15.35,15.35,2138909,23714694.06,4197500,2133800,07-FEB-2024,
OPTIDX,NIFTY,08-Feb-2024,22200,CE,36.35,48.05,7.65,9.35,9.35,3355028,37268655.78,7529000,2183050,07-FEB-2024,
OPTIDX,NIFTY,08-Feb-2024,22250,CE,27.05,34.35,4.55,5.35,5.35,2320831,25831418.68,5035200,2929250,07-FEB-2024,
OPTIDX,NIFTY,08-Feb-2024,22300,CE,18,23.85,2.6,3.05,3.05,2692301,30028716.55,8866450,5239950,07-FEB-2024,
OPTIDX,NIFTY,08-Feb-2024,22350,CE,8.8,18.8,1.6,1.85,1.85,1801469,20135975.09,3792800,1414100,07-FEB-2024,
OPTIDX,NIFTY,08-Feb-2024,22400,CE,6.95,10.3,1.1,1.3,1.3,2359952,26435564.33,6846850,2101150,07-FEB-2024,
OPTIDX,NIFTY,08-Feb-2024,22450,CE,4.5,6.6,0.85,1,1,1426735,16017025.89,3495000,876400,07-FEB-2024,
OPTIDX,NIFTY,08-Feb-2024,22500,CE,3.05,4.35,0.7,0.9,0.9,1862561,20955608.68,8336250,1449550,07-FEB-2024,
OPTIDX,NIFTY,08-Feb-2024,22550,CE,2,2.9,0.55,0.7,0.7,622207,7015838.61,2861600,632550,07-FEB-2024,
OPTIDX,NIFTY,08-Feb-2024,22600,CE,1.5,1.95,0.5,0.65,0.65,1004818,11355053.9,5157900,-585900,07-FEB-2024,
OPTIDX,NIFTY,08-Feb-2024,22650,CE,1.2,1.7,0.45,0.55,0.55,282754,3202347.82,1592550,-212100,07-FEB-2024,
OPTIDX,NIFTY,08-Feb-2024,22700,CE,0.9,1.75,0.4,0.5,0.5,723904,8216677.68,4106400,-813850,07-FEB-2024,
OPTIDX,NIFTY,08-Feb-2024,22750,CE,1.05,1.6,0.35,0.45,0.45,160541,1826224.45,882500,-262650,07-FEB-2024,
OPTIDX,NIFTY,08-Feb-2024,22800,CE,0.7,1.35,0.35,0.45,0.45,481285,5486843.13,2850650,-1334350,07-FEB-2024,
OPTIDX,NIFTY,08-Feb-2024,22850,CE,0.85,1.25,0.35,0.4,0.4,69437,793346.01,632400,-194700,07-FEB-2024,
OPTIDX,NIFTY,08-Feb-2024,22900,CE,0.8,1.25,0.3,0.35,0.35,242166,2772896.05,1681600,-265250,07-FEB-2024,
OPTIDX,NIFTY,08-Feb-2024,22950,CE,0.8,1.2,0.3,0.35,0.35,75195,862891.8,431300,-60500,07-FEB-2024,
OPTIDX,NIFTY,08-Feb-2024,23000,CE,0.8,1.2,0.35,0.4,0.4,609294,7007107.76,5532100,-1177450,07-FEB-2024,
OPTIDX,NIFTY,08-Feb-2024,23050,CE,0.95,1.05,0.3,0.4,0.4,26747,308268.71,244550,-44400,07-FEB-2024,
OPTIDX,NIFTY,08-Feb-2024,23100,CE,0.65,1.05,0.25,0.35,0.35,177566,2050952.04,673150,-234700,07-FEB-2024,
OPTIDX,NIFTY,08-Feb-2024,23150,CE,0.65,0.95,0.3,0.35,0.35,48096,556726.78,176900,-143250,07-FEB-2024,
OPTIDX,NIFTY,08-Feb-2024,23200,CE,0.55,0.9,0.25,0.3,0.3,200404,2324745.94,1302200,-558350,07-FEB-2024,
OPTIDX,NIFTY,08-Feb-2024,23250,CE,0.6,0.85,0.2,0.3,0.3,23673,275205.29,296750,-12350,07-FEB-2024,
OPTIDX,NIFTY,08-Feb-2024,23300,CE,0.5,0.8,0.25,0.3,0.3,120216,1400549.58,403500,-568000,07-FEB-2024,
OPTIDX,NIFTY,08-Feb-2024,23350,CE,0.55,0.8,0.2,0.25,0.25,22070,257672.98,244700,67300,07-FEB-2024,
OPTIDX,NIFTY,08-Feb-2024,23400,CE,0.5,0.75,0.25,0.35,0.35,81902,958274.64,1038900,214150,07-FEB-2024,
OPTIDX,NIFTY,08-Feb-2024,23450,CE,0.45,0.7,0.2,0.3,0.3,18564,217667.34,195300,46100,07-FEB-2024,
OPTIDX,NIFTY,08-Feb-2024,23500,CE,0.4,0.55,0.2,0.3,0.3,319251,3751262.17,2609200,-235700,07-FEB-2024,
OPTIDX,NIFTY,08-Feb-2024,23550,CE,0.45,0.55,0.2,0.25,0.25,26701,314409.31,343150,-65700,07-FEB-2024,
OPTIDX,NIFTY,08-Feb-2024,23600,CE,0.35,0.55,0.15,0.2,0.2,76858,906938.43,1200100,-99400,07-FEB-2024,
OPTIDX,NIFTY,08-Feb-2024,23650,CE,0.4,1.1,0.15,0.2,0.2,31538,372943.27,392750,151750,07-FEB-2024,
OPTIDX,NIFTY,08-Feb-2024,23700,CE,0.4,0.5,0.15,0.2,0.2,62825,744486.97,903150,-43350,07-FEB-2024,
OPTIDX,NIFTY,08-Feb-2024,23750,CE,0.45,0.85,0.15,0.25,0.25,6711,79694.44,310450,3050,07-FEB-2024,
OPTIDX,NIFTY,08-Feb-2024,23800,CE,0.45,0.45,0.15,0.25,0.25,65064,774272.32,1900400,-354000,07-FEB-2024,
OPTIDX,NIFTY,08-Feb-2024,23850,CE,0.4,0.5,0.2,0.25,0.25,81870,976312.85,1705600,-321350,07-FEB-2024,
OPTIDX,NIFTY,08-Feb-2024,19500,PE,0.9,0.95,0.2,0.25,0.25,194130,1892803.3,2654500,-560900,07-FEB-2024,
OPTIDX,NIFTY,08-Feb-2024,19550,PE,0.95,1.1,0.25,0.3,0.3,13241,129433.85,367600,-108900,07-FEB-2024,
OPTIDX,NIFTY,08-Feb-2024,19600,PE,1,1.1,0.2,0.25,0.25,21655,212223.38,1063300,-107950,07-FEB-2024,
OPTIDX,NIFTY,08-Feb-2024,19650,PE,0.95,1,0.2,0.25,0.25,13720,134801.49,116600,51500,07-FEB-2024,
OPTIDX,NIFTY,08-Feb-2024,19700,PE,0.9,1.1,0.2,0.3,0.3,26229,258361.45,243750,-298600,07-FEB-2024,
OPTIDX,NIFTY,08-Feb-2024,19750,PE,1,1.15,0.25,0.35,0.35,4659,46008.76,49800,3950,07-FEB-2024,
OPTIDX,NIFTY,08-Feb-2024,19800,PE,1.15,1.2,0.2,0.25,0.25,48346,478638.39,310250,-734450,07-FEB-2024,
OPTIDX,NIFTY,08-Feb-2024,19850,PE,0.9,1.15,0.25,0.35,0.35,4259,42271.65,53300,-6100,07-FEB-2024,
OPTIDX,NIFTY,08-Feb-2024,19900,PE,1.25,1.25,0.2,0.25,0.25,44053,438341.04,251600,-753750,07-FEB-2024,
OPTIDX,NIFTY,08-Feb-2024,19950,PE,1.05,1.25,0.2,0.25,0.25,4526,45148.05,52550,3100,07-FEB-2024,
OPTIDX,NIFTY,08-Feb-2024,20000,PE,0.95,1.05,0.2,0.25,0.25,140976,1409797.71,1929100,-991350,07-FEB-2024,
OPTIDX,NIFTY,08-Feb-2024,20050,PE,1.5,1.5,0.25,0.35,0.35,3888,38978.36,28950,-10000,07-FEB-2024,
OPTIDX,NIFTY,08-Feb-2024,20100,PE,1.25,1.4,0.25,0.3,0.3,19263,193598.79,103350,-58000,07-FEB-2024,
OPTIDX,NIFTY,08-Feb-2024,20150,PE,1.35,1.35,0.25,0.3,0.3,5028,50658.56,42700,-13100,07-FEB-2024,
OPTIDX,NIFTY,08-Feb-2024,20200,PE,1.5,1.5,0.25,0.35,0.35,26790,270587.98,374300,-117600,07-FEB-2024,
OPTIDX,NIFTY,08-Feb-2024,20250,PE,1.35,1.35,0.2,0.3,0.3,6865,69510.53,121050,-49300,07-FEB-2024,
OPTIDX,NIFTY,08-Feb-2024,20300,PE,1.1,1.15,0.25,0.3,0.3,45709,463962.08,549600,-248900,07-FEB-2024,
OPTIDX,NIFTY,08-Feb-2024,20350,PE,1.1,1.45,0.25,0.35,0.35,12219,124332.56,124600,15950,07-FEB-2024,
OPTIDX,NIFTY,08-Feb-2024,20400,PE,1.45,1.75,0.25,0.35,0.35,58279,594466.77,426500,-122800,07-FEB-2024,
OPTIDX,NIFTY,08-Feb-2024,20450,PE,1.25,1.55,0.3,0.4,0.4,19810,202564.14,222600,3050,07-FEB-2024,
OPTIDX,NIFTY,08-Feb-2024,20500,PE,1.3,1.3,0.3,0.35,0.35,160479,1644965.52,2618650,-561550,07-FEB-2024,
OPTIDX,NIFTY,08-Feb-2024,20550,PE,1.35,1.75,0.25,0.35,0.35,23764,244183.15,163300,-47850,07-FEB-2024,
OPTIDX,NIFTY,08-Feb-2024,20600,PE,1.3,1.5,0.25,0.4,0.4,106488,1096862.99,616550,-249900,07-FEB-2024,
OPTIDX,NIFTY,08-Feb-2024,20650,PE,0.9,1.4,0.35,0.5,0.5,37907,391403.74,228900,-106500,07-FEB-2024,
OPTIDX,NIFTY,08-Feb-2024,20700,PE,1.75,1.75,0.4,0.5,0.5,160455,1660773.54,1365000,-367500,07-FEB-2024,
OPTIDX,NIFTY,08-Feb-2024,20750,PE,1.45,1.55,0.3,0.45,0.45,66966,694799.47,429150,-235050,07-FEB-2024,
OPTIDX,NIFTY,08-Feb-2024,20800,PE,1,1.65,0.4,0.45,0.45,182874,1901972.37,1518600,-723200,07-FEB-2024,
OPTIDX,NIFTY,08-Feb-2024,20850,PE,2,2,0.45,0.6,0.6,103707,1081194.54,758350,-100150,07-FEB-2024,
OPTIDX,NIFTY,08-Feb-2024,20900,PE,1.8,1.8,0.4,0.55,0.55,290311,3033905.67,1876750,-713250,07-FEB-2024,
OPTIDX,NIFTY,08-Feb-2024,20950,PE,0.9,2.35,0.5,0.6,0.6,123021,1288714.97,680800,-626600,07-FEB-2024,
OPTIDX,NIFTY,08-Feb-2024,21000,PE,1.5,2.25,0.55,0.7,0.7,928899,9754026.39,5792650,-1891400,07-FEB-2024,
OPTIDX,NIFTY,08-Feb-2024,21050,PE,1.85,2.7,0.6,0.75,0.75,202654,2133076.59,595400,-369400,07-FEB-2024,
OPTIDX,NIFTY,08-Feb-2024,21100,PE,2.35,2.85,0.7,0.8,0.8,556799,5874664.53,2046550,-1902350,07-FEB-2024,
OPTIDX,NIFTY,08-Feb-2024,21150,PE,4,4,0.75,0.9,0.9,333745,3529630.71,828050,-745550,07-FEB-2024,
OPTIDX,NIFTY,08-Feb-2024,21200,PE,2,3.85,0.85,1.1,1.1,927554,9832950.12,4495200,691650,07-FEB-2024,
OPTIDX,NIFTY,08-Feb-2024,21250,PE,3.8,4.45,0.9,1.15,1.15,360668,3832504.31,1008750,-171750,07-FEB-2024,
OPTIDX,NIFTY,08-Feb-2024,21300,PE,3.55,5.45,1.15,1.35,1.35,1223742,13034427.79,5204650,2224050,07-FEB-2024,
OPTIDX,NIFTY,08-Feb-2024,21350,PE,4.55,6.5,1.4,1.65,1.65,855781,9136982.66,2024200,800550,07-FEB-2024,
OPTIDX,NIFTY,08-Feb-2024,21400,PE,7.5,7.7,1.6,2,2,1609043,17220150.28,7315100,4094650,07-FEB-2024,
OPTIDX,NIFTY,08-Feb-2024,21450,PE,8,9.15,2,2.45,2.45,1027973,11027663.42,2271850,504650,07-FEB-2024,
OPTIDX,NIFTY,08-Feb-2024,21500,PE,10.7,12.95,2.55,3.25,3.25,2166766,23300225.58,6823100,1880650,07-FEB-2024,
OPTIDX,NIFTY,08-Feb-2024,21550,PE,11.5,18,3.25,4.15,4.15,1180648,12726719.02,2773450,717050,07-FEB-2024,
OPTIDX,NIFTY,08-Feb-2024,21600,PE,16.45,24.95,4.1,5.6,5.6,1818490,19651324.45,5037900,693650,07-FEB-2024,
OPTIDX,NIFTY,08-Feb-2024,21650,PE,26.65,34.05,6,7.8,7.8,1303996,14126750.64,2511850,86500,07-FEB-2024,
OPTIDX,NIFTY,08-Feb-2024,21700,PE,25,46.3,8.6,11.15,11.15,2713551,29473485.81,7568950,536650,07-FEB-2024,
OPTIDX,NIFTY,08-Feb-2024,21750,PE,35,62.65,12.4,17,17,1681444,18312484.02,3495050,1137050,07-FEB-2024,
OPTIDX,NIFTY,08-Feb-2024,21800,PE,34,82.6,18.05,25.35,25.35,3481061,38020911.53,7367450,1069300,07-FEB-2024,
OPTIDX,NIFTY,08-Feb-2024,21850,PE,60,106.9,26.3,37.7,37.7,2565473,28106991.31,3919900,1275650,07-FEB-2024,
OPTIDX,NIFTY,08-Feb-2024,21900,PE,56.4,134.9,38.35,55.05,55.05,5395058,59287944.05,8697950,2269150,07-FEB-2024,
OPTIDX,NIFTY,08-Feb-2024,21950,PE,81,167.4,56.75,78.4,78.4,2879768,31743444.93,2830650,920400,07-FEB-2024,
OPTIDX,NIFTY,08-Feb-2024,22000,PE,109.6,203.3,78.4,108.9,108.9,4055194,44849190.74,3596650,792400,07-FEB-2024,
OPTIDX,NIFTY,08-Feb-2024,22050,PE,104.15,242.95,100,141,141,1031571,11447505.37,597300,198100,07-FEB-2024,
OPTIDX,NIFTY,08-Feb-2024,22100,PE,120,284.7,119.95,178.95,178.95,917064,10215284.75,1137450,40900,07-FEB-2024,
OPTIDX,NIFTY,08-Feb-2024,22150,PE,199.65,328.45,153.65,220.55,220.55,175103,1957751.77,164000,400,07-FEB-2024,
OPTIDX,NIFTY,08-Feb-2024,22200,PE,172.35,374.4,172.35,258.15,258.15,220406,2475026.67,403000,-78350,07-FEB-2024,
OPTIDX,NIFTY,08-Feb-2024,22250,PE,236.8,422.25,224.15,305.35,305.35,21583,243240.45,40950,-4200,07-FEB-2024,
OPTIDX,NIFTY,08-Feb-2024,22300,PE,284.6,470,264.25,344.55,344.55,34968,395828.81,178150,15850,07-FEB-2024,
OPTIDX,NIFTY,08-Feb-2024,22350,PE,324.95,515.6,308.2,409.45,409.45,3582,40695.22,19550,4150,07-FEB-2024,
OPTIDX,NIFTY,08-Feb-2024,22400,PE,371.05,568,351.55,447.05,447.05,6764,77266.65,58000,11650,07-FEB-2024,
OPTIDX,NIFTY,08-Feb-2024,22450,PE,405.8,614.95,398.9,498.55,498.55,730,8370.16,10550,-300,07-FEB-2024,
OPTIDX,NIFTY,08-Feb-2024,22500,PE,476.2,666.85,448,554.15,554.15,6226,71735.32,59250,-22150,07-FEB-2024,
OPTIDX,NIFTY,08-Feb-2024,22550,PE,515.8,709.95,498.45,598.85,598.85,227,2626.61,10850,-700,07-FEB-2024,
OPTIDX,NIFTY,08-Feb-2024,22600,PE,606.7,762.2,568.1,660.95,660.95,1528,17772.48,7550,-1550,07-FEB-2024,
OPTIDX,NIFTY,08-Feb-2024,22650,PE,705.25,811.5,642.45,721.6,715.3,15,175.19,600,0,07-FEB-2024,
OPTIDX,NIFTY,08-Feb-2024,22700,PE,658.65,860,645.2,737.85,737.85,422,4939.73,15700,-750,07-FEB-2024,
OPTIDX,NIFTY,08-Feb-2024,22750,PE,799,819,794.95,798.4,798.4,84,989.04,1550,1500,07-FEB-2024,
OPTIDX,NIFTY,08-Feb-2024,22800,PE,764,942,761.2,856.7,856.7,95,1126.18,2800,850,07-FEB-2024,
OPTIDX,NIFTY,08-Feb-2024,22850,PE,936,1006,868,873.85,873.85,30,356.63,1600,500,07-FEB-2024,
OPTIDX,NIFTY,08-Feb-2024,22900,PE,859.75,1053.85,859.75,928.45,928.45,36,429.63,1450,-200,07-FEB-2024,
OPTIDX,NIFTY,08-Feb-2024,22950,PE,960.1,1029,939.1,1029,1029,10,119.62,600,-50,07-FEB-2024,
OPTIDX,NIFTY,08-Feb-2024,23000,PE,968.85,1168.1,956.1,1061.05,1061.05,274,3297.43,26850,-3100,07-FEB-2024,
OPTIDX,NIFTY,08-Feb-2024,23050,PE,1087.85,1087.85,1052.15,1052.15,1115.25,2,24.12,150,50,07-FEB-2024,
OPTIDX,NIFTY,08-Feb-2024,23100,PE,0,0,0,1218,1165.25,0,0,200,0,07-FEB-2024,
OPTIDX,NIFTY,08-Feb-2024,23150,PE,0,0,0,1243,1215.2,0,0,300,0,07-FEB-2024,
OPTIDX,NIFTY,08-Feb-2024,23200,PE,0,0,0,1298.85,1265.2,0,0,150,0,07-FEB-2024,
OPTIDX,NIFTY,08-Feb-2024,23250,PE,0,0,0,1348.2,1315.2,0,0,100,0,07-FEB-2024,
OPTIDX,NIFTY,08-Feb-2024,23300,PE,0,0,0,1561.8,1365.2,0,0,150,0,07-FEB-2024,
OPTIDX,NIFTY,08-Feb-2024,23350,PE,0,0,0,1607,1415.2,0,0,150,0,07-FEB-2024,
OPTIDX,NIFTY,08-Feb-2024,23400,PE,0,0,0,1636,1465.15,0,0,150,0,07-FEB-2024,
OPTIDX,NIFTY,08-Feb-2024,23450,PE,0,0,0,1695.7,1515.15,0,0,150,0,07-FEB-2024,
OPTIDX,NIFTY,08-Feb-2024,23500,PE,1450,1618.5,1450,1547.6,1547.6,16,200.34,1650,100,07-FEB-2024,
OPTIDX,NIFTY,08-Feb-2024,23550,PE,0,0,0,1746.55,1615.15,0,0,0,0,07-FEB-2024,
OPTIDX,NIFTY,08-Feb-2024,23600,PE,0,0,0,1845.4,1665.15,0,0,300,0,07-FEB-2024,
OPTIDX,NIFTY,08-Feb-2024,23650,PE,0,0,0,1442.45,1715.15,0,0,250,0,07-FEB-2024,
OPTIDX,NIFTY,08-Feb-2024,23700,PE,0,0,0,1948.35,1765.1,0,0,150,0,07-FEB-2024,
OPTIDX,NIFTY,08-Feb-2024,23750,PE,0,0,0,2005.65,1815.1,0,0,150,0,07-FEB-2024,
OPTIDX,NIFTY,08-Feb-2024,23800,PE,0,0,0,2059.45,1865.1,0,0,150,0,07-FEB-2024,
OPTIDX,NIFTY,08-Feb-2024,23850,PE,1975,1975,1864.1,1902,1902,4,51.53,150,0,07-FEB-2024,
OPTIDX,NIFTY,15-Feb-2024,19500,CE,0,0,0,2285.3,2459.35,0,0,0,0,07-FEB-2024,
OPTIDX,NIFTY,15-Feb-2024,19550,CE,0,0,0,2236,2409.4,0,0,0,0,07-FEB-2024,
OPTIDX,NIFTY,15-Feb-2024,19600,CE,0,0,0,2186.8,2359.45,0,0,0,0,07-FEB-2024,
OPTIDX,NIFTY,15-Feb-2024,19650,CE,0,0,0,2137.7,2309.55,0,0,0,0,07-FEB-2024,
OPTIDX,NIFTY,15-Feb-2024,19700,CE,0,0,0,2000,2259.6,0,0,50,0,07-FEB-2024,
OPTIDX,NIFTY,15-Feb-2024,19750,CE,0,0,0,2039.7,2209.7,0,0,0,0,07-FEB-2024,
OPTIDX,NIFTY,15-Feb-2024,19800,CE,2090,2090,2090,2090,2159.75,2,21.89,200,50,07-FEB-2024,
OPTIDX,NIFTY,15-Feb-2024,19850,CE,2110,2110,2110,2110,2109.85,1,10.98,200,0,07-FEB-2024,
OPTIDX,NIFTY,15-Feb-2024,19900,CE,2090,2096,1995,1995,2059.9,4,43.93,350,150,07-FEB-2024,
OPTIDX,NIFTY,15-Feb-2024,19950,CE,0,0,0,1400.25,2010,0,0,650,0,07-FEB-2024,
OPTIDX,NIFTY,15-Feb-2024,20000,CE,2010,2030,1885,1951.9,1960.05,66,724.66,15750,1600,07-FEB-2024,
OPTIDX,NIFTY,15-Feb-2024,20050,CE,0,0,0,1748.8,1910.15,0,0,0,0,07-FEB-2024,
OPTIDX,NIFTY,15-Feb-2024,20100,CE,1790.05,1858.5,1790.05,1850,1860.2,4,43.84,2950,100,07-FEB-2024,
OPTIDX,NIFTY,15-Feb-2024,20150,CE,0,0,0,1653.3,1810.3,0,0,0,0,07-FEB-2024,
OPTIDX,NIFTY,15-Feb-2024,20200,CE,1775,1776,1693.65,1776,1760.35,27,296.63,1600,1350,07-FEB-2024,
OPTIDX,NIFTY,15-Feb-2024,20250,CE,1730,1730,1730,1730,1710.45,20,219.8,1000,1000,07-FEB-2024,
OPTIDX,NIFTY,15-Feb-2024,20300,CE,0,0,0,1530,1660.5,0,0,600,0,07-FEB-2024,
OPTIDX,NIFTY,15-Feb-2024,20350,CE,0,0,0,1100,1610.6,0,0,200,0,07-FEB-2024,
OPTIDX,NIFTY,15-Feb-2024,20400,CE,0,0,0,1525,1560.65,0,0,200,0,07-FEB-2024,
OPTIDX,NIFTY,15-Feb-2024,20450,CE,1600,1600,1430,1435,1510.75,33,362.88,3200,1650,07-FEB-2024,
OPTIDX,NIFTY,15-Feb-2024,20500,CE,1525,1530,1385,1445.15,1445.15,133,1457.96,13400,5550,07-FEB-2024,
OPTIDX,NIFTY,15-Feb-2024,20550,CE,0,0,0,1220,1410.9,0,0,500,0,07-FEB-2024,
OPTIDX,NIFTY,15-Feb-2024,20600,CE,0,0,0,1238.7,1361,0,0,0,0,07-FEB-2024,
OPTIDX,NIFTY,15-Feb-2024,20650,CE,1390,1390,1254,1275,1311.05,4,43.89,200,200,07-FEB-2024,
OPTIDX,NIFTY,15-Feb-2024,20700,CE,0,0,0,1250,1261.15,0,0,950,0,07-FEB-2024,
OPTIDX,NIFTY,15-Feb-2024,20750,CE,1246,1246,1228,1228,1211.3,60,659.58,3000,3000,07-FEB-2024,
OPTIDX,NIFTY,15-Feb-2024,20800,CE,1195,1195,1157.95,1169.55,1169.55,72,790.92,4700,3300,07-FEB-2024,
OPTIDX,NIFTY,15-Feb-2024,20850,CE,0,0,0,984.7,1111.6,0,0,650,0,07-FEB-2024,
OPTIDX,NIFTY,15-Feb-2024,20900,CE,1128,1128,1015.05,1086.65,1086.65,7,76.79,1400,350,07-FEB-2024,
OPTIDX,NIFTY,15-Feb-2024,20950,CE,1100,1100,960,967.65,1012.15,6,65.83,150,100,07-FEB-2024,
OPTIDX,NIFTY,15-Feb-2024,21000,CE,1060,1071.65,881,973.5,973.5,1409,15478.71,59550,39450,07-FEB-2024,
OPTIDX,NIFTY,15-Feb-2024,21050,CE,937,937,937,937,913.1,1,10.99,150,0,07-FEB-2024,
OPTIDX,NIFTY,15-Feb-2024,21100,CE,815,894.4,799.05,894.4,894.4,6,65.86,3450,100,07-FEB-2024,
OPTIDX,NIFTY,15-Feb-2024,21150,CE,799.6,842.85,799.6,842,842,3,32.96,500,100,07-FEB-2024,
OPTIDX,NIFTY,15-Feb-2024,21200,CE,858.8,888.65,701,778,778,445,4885.86,15850,10950,07-FEB-2024,
OPTIDX,NIFTY,15-Feb-2024,21250,CE,690,743.05,656.2,727.75,727.75,177,1941.84,16050,4250,07-FEB-2024,
OPTIDX,NIFTY,15-Feb-2024,21300,CE,789.95,790,603.2,689.6,689.6,807,8867.73,28800,14050,07-FEB-2024,
OPTIDX,NIFTY,15-Feb-2024,21350,CE,706.05,724.25,568.15,633,633,35,384.95,7550,200,07-FEB-2024,
OPTIDX,NIFTY,15-Feb-2024,21400,CE,698.75,700.45,535,607.75,607.75,614,6757.9,27700,11950,07-FEB-2024,
OPTIDX,NIFTY,15-Feb-2024,21450,CE,649.95,650,500,543.95,543.95,158,1736.54,16500,450,07-FEB-2024,
OPTIDX,NIFTY,15-Feb-2024,21500,CE,642.1,642.8,440,507.9,507.9,4657,51247.42,127150,51450,07-FEB-2024,
OPTIDX,NIFTY,15-Feb-2024,21550,CE,566,568.45,407.95,469.55,469.55,255,2807.76,26900,3200,07-FEB-2024,
OPTIDX,NIFTY,15-Feb-2024,21600,CE,527.05,529.95,369.95,424.6,424.6,2088,22999,92450,12600,07-FEB-2024,
OPTIDX,NIFTY,15-Feb-2024,21650,CE,487.95,490.45,334.15,392.65,392.65,607,6692.18,45800,4600,07-FEB-2024,
OPTIDX,NIFTY,15-Feb-2024,21700,CE,431.8,454.2,299.65,351.35,351.35,9133,100727.38,161550,10800,07-FEB-2024,
OPTIDX,NIFTY,15-Feb-2024,21750,CE,409.85,413.45,268.9,319.6,319.6,5168,57025.69,48600,-10450,07-FEB-2024,
OPTIDX,NIFTY,15-Feb-2024,21800,CE,368.35,390.75,239.3,283.3,283.3,30658,338605.79,272200,-90450,07-FEB-2024,
OPTIDX,NIFTY,15-Feb-2024,21850,CE,340,342.85,212.45,249.5,249.5,16461,181933.93,117350,21700,07-FEB-2024,
OPTIDX,NIFTY,15-Feb-2024,21900,CE,285,316.35,187.15,222.3,222.3,146736,1623272.6,877900,340350,07-FEB-2024,
OPTIDX,NIFTY,15-Feb-2024,21950,CE,261.25,275.2,164.75,195.3,195.3,59179,655507.16,338250,181200,07-FEB-2024,
OPTIDX,NIFTY,15-Feb-2024,22000,CE,250,250,143,169.55,169.55,315234,3496520.74,2253700,1192800,07-FEB-2024,
OPTIDX,NIFTY,15-Feb-2024,22050,CE,212.1,217.6,124.3,147.3,147.3,36590,406413.46,240250,161550,07-FEB-2024,
OPTIDX,NIFTY,15-Feb-2024,22100,CE,183.65,191.3,107,125.75,125.75,92777,1031678.47,703350,353150,07-FEB-2024,
OPTIDX,NIFTY,15-Feb-2024,22150,CE,161.1,167.65,91.25,106.75,106.75,35254,392448.23,265500,203700,07-FEB-2024,
OPTIDX,NIFTY,15-Feb-2024,22200,CE,150,165.7,77.2,90.05,90.05,137489,1533085.91,1088800,723400,07-FEB-2024,
OPTIDX,NIFTY,15-Feb-2024,22250,CE,117,135.35,64.75,75.7,75.7,52031,581092.14,181100,53450,07-FEB-2024,
OPTIDX,NIFTY,15-Feb-2024,22300,CE,110,120,54.75,62.95,62.95,81188,908259.92,852550,395600,07-FEB-2024,
OPTIDX,NIFTY,15-Feb-2024,22350,CE,80,91.55,45.6,52.35,52.35,29940,335499.88,187900,52500,07-FEB-2024,
OPTIDX,NIFTY,15-Feb-2024,22400,CE,72.95,95,37.7,42.3,42.3,77047,864887.72,827900,363400,07-FEB-2024,
OPTIDX,NIFTY,15-Feb-2024,22450,CE,48,64.3,31.5,35,35,30369,341540.36,335650,209550,07-FEB-2024,
OPTIDX,NIFTY,15-Feb-2024,22500,CE,45.15,56.6,25.8,28.55,28.55,100325,1130417.05,1090250,436150,07-FEB-2024,
OPTIDX,NIFTY,15-Feb-2024,22550,CE,43.1,43.65,20.9,22.85,22.85,18417,207914.83,153200,88100,07-FEB-2024,
OPTIDX,NIFTY,15-Feb-2024,22600,CE,32.75,35.2,16.8,18.1,18.1,43647,493715.04,412100,157150,07-FEB-2024,
OPTIDX,NIFTY,15-Feb-2024,22650,CE,20.15,29.4,13.4,14.2,14.2,22563,255725.74,183350,94300,07-FEB-2024,
OPTIDX,NIFTY,15-Feb-2024,22700,CE,20.65,23.05,10.75,11.65,11.65,52685,598354.9,696200,318650,07-FEB-2024,
OPTIDX,NIFTY,15-Feb-2024,22750,CE,16.85,18.6,8.6,9.2,9.2,18269,207919.55,213150,151250,07-FEB-2024,
OPTIDX,NIFTY,15-Feb-2024,22800,CE,13,14.55,6.95,7.4,7.4,46386,529018.48,754350,374200,07-FEB-2024,
OPTIDX,NIFTY,15-Feb-2024,22850,CE,10.2,11.5,4.9,5.9,5.9,14082,160942.27,182700,88550,07-FEB-2024,
OPTIDX,NIFTY,15-Feb-2024,22900,CE,8.25,8.95,4.45,4.75,4.75,35639,408179.94,553650,206350,07-FEB-2024,
OPTIDX,NIFTY,15-Feb-2024,22950,CE,7.1,7.7,3.95,4.25,4.25,13124,150633.99,246200,55450,07-FEB-2024,
OPTIDX,NIFTY,15-Feb-2024,23000,CE,5.25,6.35,3.4,3.6,3.6,55619,639748.99,1619200,826600,07-FEB-2024,
OPTIDX,NIFTY,15-Feb-2024,23050,CE,4.8,5,2.8,2.95,2.95,4702,54199.23,137850,91950,07-FEB-2024,
OPTIDX,NIFTY,15-Feb-2024,23100,CE,4.05,4.3,2.7,2.85,2.85,20930,241778.83,359850,243200,07-FEB-2024,
OPTIDX,NIFTY,15-Feb-2024,23150,CE,3.95,4.85,2.5,2.7,2.7,4814,55729.99,75150,44150,07-FEB-2024,
OPTIDX,NIFTY,15-Feb-2024,23200,CE,3.15,3.3,2,2.25,2.25,13278,154042.86,252550,100550,07-FEB-2024,
OPTIDX,NIFTY,15-Feb-2024,23250,CE,2.9,3.1,2.1,2.35,2.35,3955,45981.82,72750,53650,07-FEB-2024,
OPTIDX,NIFTY,15-Feb-2024,23300,CE,2.35,2.8,1.85,1.95,1.95,5424,63195.72,133600,22100,07-FEB-2024,
OPTIDX,NIFTY,15-Feb-2024,23350,CE,2.65,3.4,1.8,2,2,932,10882.17,27200,9750,07-FEB-2024,
OPTIDX,NIFTY,15-Feb-2024,23400,CE,2.3,2.55,1.65,1.75,1.75,2975,34810.65,123050,14550,07-FEB-2024,
OPTIDX,NIFTY,15-Feb-2024,23450,CE,2.4,2.6,1.7,1.95,1.95,417,4889.78,12200,2450,07-FEB-2024,
OPTIDX,NIFTY,15-Feb-2024,23500,CE,2.35,2.4,1.6,1.75,1.75,6842,80400.09,265850,98250,07-FEB-2024,
OPTIDX,NIFTY,15-Feb-2024,23550,CE,2.3,17,1.65,1.75,1.75,1644,19360.14,28050,22200,07-FEB-2024,
OPTIDX,NIFTY,15-Feb-2024,23600,CE,2.15,2.3,1.5,1.65,1.65,643,7587.99,19000,7400,07-FEB-2024,
OPTIDX,NIFTY,15-Feb-2024,23650,CE,2.15,2.4,1.2,1.6,1.6,614,7261.12,31600,4550,07-FEB-2024,
OPTIDX,NIFTY,15-Feb-2024,23700,CE,2.05,4,1.5,1.6,1.6,1317,15607.61,52850,26100,07-FEB-2024,
OPTIDX,NIFTY,15-Feb-2024,23750,CE,1.9,2.55,1.4,1.55,1.55,371,4405.96,9700,6200,07-FEB-2024,
OPTIDX,NIFTY,15-Feb-2024,23800,CE,2.05,3,1.35,1.5,1.5,2345,27907.46,93700,48350,07-FEB-2024,
OPTIDX,NIFTY,15-Feb-2024,23850,CE,1.95,2.1,1.05,1.1,1.1,13256,158086.35,499450,461400,07-FEB-2024,
OPTIDX,NIFTY,15-Feb-2024,19500,PE,2.65,2.75,1.75,1.85,1.85,12403,120941.26,859650,473450,07-FEB-2024,
OPTIDX,NIFTY,15-Feb-2024,19550,PE,2.65,2.65,1.55,1.75,1.75,95,928.71,2800,2550,07-FEB-2024,
OPTIDX,NIFTY,15-Feb-2024,19600,PE,2.4,3.35,1.25,1.9,1.9,420,4116.42,16650,16250,07-FEB-2024,
OPTIDX,NIFTY,15-Feb-2024,19650,PE,2.1,2.15,1.6,1.75,1.75,140,1375.63,2850,1250,07-FEB-2024,
OPTIDX,NIFTY,15-Feb-2024,19700,PE,2.2,2.8,1.75,2,2,798,7861.13,21000,19050,07-FEB-2024,
OPTIDX,NIFTY,15-Feb-2024,19750,PE,2.3,2.8,1.7,1.85,1.85,223,2202.36,4500,2850,07-FEB-2024,
OPTIDX,NIFTY,15-Feb-2024,19800,PE,2.35,2.65,1.65,1.95,1.95,1387,13732.79,64450,26200,07-FEB-2024,
OPTIDX,NIFTY,15-Feb-2024,19850,PE,2.45,2.6,1.7,1.85,1.85,190,1885.94,4650,2750,07-FEB-2024,
OPTIDX,NIFTY,15-Feb-2024,19900,PE,2.45,2.75,1.85,2,2,704,7005.52,19750,17850,07-FEB-2024,
OPTIDX,NIFTY,15-Feb-2024,19950,PE,2.4,2.75,1.75,1.9,1.9,313,3122.52,3250,-1050,07-FEB-2024,
OPTIDX,NIFTY,15-Feb-2024,20000,PE,2.45,2.8,1.9,2.1,2.1,6677,66777.76,279500,41400,07-FEB-2024,
OPTIDX,NIFTY,15-Feb-2024,20050,PE,2.9,2.95,1.7,1.9,1.9,469,4702.3,3600,3600,07-FEB-2024,
OPTIDX,NIFTY,15-Feb-2024,20100,PE,3.05,3.05,1.95,2.1,2.1,642,6452.87,6950,6950,07-FEB-2024,
OPTIDX,NIFTY,15-Feb-2024,20150,PE,3.05,3.05,2,2.1,2.1,91,916.95,1850,1850,07-FEB-2024,
OPTIDX,NIFTY,15-Feb-2024,20200,PE,3.05,3.4,2,2.15,2.15,2784,28121.86,49800,49800,07-FEB-2024,
OPTIDX,NIFTY,15-Feb-2024,20250,PE,3.05,3.05,2.15,2.35,2.35,69,698.71,1650,1650,07-FEB-2024,
OPTIDX,NIFTY,15-Feb-2024,20300,PE,3.05,3.05,2.2,2.4,2.4,522,5298.94,7000,7000,07-FEB-2024,
OPTIDX,NIFTY,15-Feb-2024,20350,PE,3.05,3.05,2.45,2.65,2.65,171,1740.15,3600,3600,07-FEB-2024,
OPTIDX,NIFTY,15-Feb-2024,20400,PE,3.85,4.3,2.3,2.5,2.5,8060,82225.24,139700,24400,07-FEB-2024,
OPTIDX,NIFTY,15-Feb-2024,20450,PE,4.5,5,2.4,2.65,2.65,1948,19921.98,29650,8000,07-FEB-2024,
OPTIDX,NIFTY,15-Feb-2024,20500,PE,5.4,5.4,2.75,3.05,3.05,31373,321640.1,867750,472550,07-FEB-2024,
OPTIDX,NIFTY,15-Feb-2024,20550,PE,5.15,5.8,3.05,3.35,3.35,4439,45620.78,82250,65850,07-FEB-2024,
OPTIDX,NIFTY,15-Feb-2024,20600,PE,5.55,6.2,3,3.35,3.35,14568,150084.04,193150,91150,07-FEB-2024,
OPTIDX,NIFTY,15-Feb-2024,20650,PE,6.05,6.9,3.5,3.85,3.85,4447,45926.53,51650,19200,07-FEB-2024,
OPTIDX,NIFTY,15-Feb-2024,20700,PE,6.8,8.2,3.85,4.35,4.35,19515,202038.21,403300,31450,07-FEB-2024,
OPTIDX,NIFTY,15-Feb-2024,20750,PE,7.65,9.3,4.35,4.8,4.8,5968,61937.81,68600,18550,07-FEB-2024,
OPTIDX,NIFTY,15-Feb-2024,20800,PE,9,12.4,4.65,5.25,5.25,35318,367441.6,518050,176850,07-FEB-2024,
OPTIDX,NIFTY,15-Feb-2024,20850,PE,10.05,12.3,5.85,6.4,6.4,7385,77021.63,93350,47400,07-FEB-2024,
OPTIDX,NIFTY,15-Feb-2024,20900,PE,12,14.2,6.65,7.3,7.3,27200,284381.3,406700,156150,07-FEB-2024,
OPTIDX,NIFTY,15-Feb-2024,20950,PE,12.9,16.45,8.05,8.7,8.7,8823,92472.99,116300,41550,07-FEB-2024,
OPTIDX,NIFTY,15-Feb-2024,21000,PE,15.8,19.45,9.5,10.3,10.3,68338,718037.49,1356650,509950,07-FEB-2024,
OPTIDX,NIFTY,15-Feb-2024,21050,PE,16.8,22.2,10.8,11.7,11.7,12655,133295.89,110100,47900,07-FEB-2024,
OPTIDX,NIFTY,15-Feb-2024,21100,PE,19.05,25.75,12.65,13.85,13.85,41128,434278.62,499350,19300,07-FEB-2024,
OPTIDX,NIFTY,15-Feb-2024,21150,PE,21.15,29.6,14.95,16,16,13110,138778.75,109650,18000,07-FEB-2024,
OPTIDX,NIFTY,15-Feb-2024,21200,PE,30,34.6,17.2,18.7,18.7,49883,529370.7,704600,226300,07-FEB-2024,
OPTIDX,NIFTY,15-Feb-2024,21250,PE,30,40,20.15,21.8,21.8,18235,194023.26,173450,48400,07-FEB-2024,
OPTIDX,NIFTY,15-Feb-2024,21300,PE,35,46.35,23.25,25.25,25.25,45498,485327.98,656450,214600,07-FEB-2024,
OPTIDX,NIFTY,15-Feb-2024,21350,PE,55,55,27.35,30.05,30.05,15478,165529.53,138600,43950,07-FEB-2024,
OPTIDX,NIFTY,15-Feb-2024,21400,PE,41.3,61.9,32.05,35.1,35.1,46122,494549.95,639100,223950,07-FEB-2024,
OPTIDX,NIFTY,15-Feb-2024,21450,PE,45.6,70.5,37.2,40.45,40.45,16301,175261.9,130300,58100,07-FEB-2024,
OPTIDX,NIFTY,15-Feb-2024,21500,PE,73.05,81.05,43.5,49.15,49.15,111950,1206864.64,1640700,969150,07-FEB-2024,
OPTIDX,NIFTY,15-Feb-2024,21550,PE,59.6,93.9,50.4,56.4,56.4,41655,450229.96,565200,484150,07-FEB-2024,
OPTIDX,NIFTY,15-Feb-2024,21600,PE,65,107.25,59.05,65.95,65.95,74485,807341.09,848650,99550,07-FEB-2024,
OPTIDX,NIFTY,15-Feb-2024,21650,PE,85,123,69.4,77.1,77.1,21513,233884.36,157550,40650,07-FEB-2024,
OPTIDX,NIFTY,15-Feb-2024,21700,PE,90,139.75,79.8,89.6,89.6,96248,1049309.24,886250,402700,07-FEB-2024,
OPTIDX,NIFTY,15-Feb-2024,21750,PE,116.2,159,93.7,103.4,103.4,28377,310301.61,271050,83300,07-FEB-2024,
OPTIDX,NIFTY,15-Feb-2024,21800,PE,110.6,179.95,108.15,120.9,120.9,110526,1212381.94,1084700,307100,07-FEB-2024,
OPTIDX,NIFTY,15-Feb-2024,21850,PE,134.9,202.9,123.75,137.6,137.6,34643,381230,244000,99850,07-FEB-2024,
OPTIDX,NIFTY,15-Feb-2024,21900,PE,187.05,227.5,119.6,158.4,158.4,168960,1865259.74,986250,284450,07-FEB-2024,
OPTIDX,NIFTY,15-Feb-2024,21950,PE,170,254.35,157.35,182.3,182.3,52668,583223.68,325150,197350,07-FEB-2024,
OPTIDX,NIFTY,15-Feb-2024,22000,PE,220,282.8,173.05,206.3,206.3,187126,2079077.52,1281950,613150,07-FEB-2024,
OPTIDX,NIFTY,15-Feb-2024,22050,PE,206.3,313.8,198.35,233.75,233.75,18433,205436.51,46950,17600,07-FEB-2024,
OPTIDX,NIFTY,15-Feb-2024,22100,PE,230,346.85,220.9,261.45,261.45,24978,279389.45,148200,54500,07-FEB-2024,
OPTIDX,NIFTY,15-Feb-2024,22150,PE,252.7,380.45,248.5,294.7,294.7,4650,52188.81,41850,20200,07-FEB-2024,
OPTIDX,NIFTY,15-Feb-2024,22200,PE,282.35,416,276.1,329.6,329.6,10879,122554.76,88300,41300,07-FEB-2024,
OPTIDX,NIFTY,15-Feb-2024,22250,PE,313.9,448,306.55,368.4,368.4,1359,15363.69,20100,9350,07-FEB-2024,
OPTIDX,NIFTY,15-Feb-2024,22300,PE,346.45,492.95,340.95,392.7,392.7,3461,39294.92,53800,35250,07-FEB-2024,
OPTIDX,NIFTY,15-Feb-2024,22350,PE,373.05,528.2,373.05,443.65,443.65,139,1584.78,7600,1700,07-FEB-2024,
OPTIDX,NIFTY,15-Feb-2024,22400,PE,408.8,569.3,408.3,464.45,464.45,694,7938.64,13850,4900,07-FEB-2024,
OPTIDX,NIFTY,15-Feb-2024,22450,PE,457,588.15,450.45,530,530,75,860.99,5200,1000,07-FEB-2024,
OPTIDX,NIFTY,15-Feb-2024,22500,PE,490,659.4,470,559.1,559.1,2380,27457.49,35900,22750,07-FEB-2024,
OPTIDX,NIFTY,15-Feb-2024,22550,PE,525.1,629.25,524.65,624,624,23,265.82,3600,250,07-FEB-2024,
OPTIDX,NIFTY,15-Feb-2024,22600,PE,745.15,745.15,629.1,656.95,656.95,26,302.48,3200,600,07-FEB-2024,
OPTIDX,NIFTY,15-Feb-2024,22650,PE,756.3,756.3,699.35,699.35,699.35,2,23.37,1600,50,07-FEB-2024,
OPTIDX,NIFTY,15-Feb-2024,22700,PE,780,780,733.2,756,756,80,938.73,1550,750,07-FEB-2024,
OPTIDX,NIFTY,15-Feb-2024,22750,PE,0,0,0,664.6,790.45,0,0,1650,0,07-FEB-2024,
OPTIDX,NIFTY,15-Feb-2024,22800,PE,0,0,0,885.1,839.15,0,0,750,0,07-FEB-2024,
OPTIDX,NIFTY,15-Feb-2024,22850,PE,0,0,0,1093.75,888.15,0,0,300,0,07-FEB-2024,
OPTIDX,NIFTY,15-Feb-2024,22900,PE,0,0,0,1163.05,937.4,0,0,0,0,07-FEB-2024,
OPTIDX,NIFTY,15-Feb-2024,22950,PE,0,0,0,1206.35,986.8,0,0,0,0,07-FEB-2024,
OPTIDX,NIFTY,15-Feb-2024,23000,PE,980,1100,980,1050,1036.35,19,228.41,1450,750,07-FEB-2024,
OPTIDX,NIFTY,15-Feb-2024,23050,PE,0,0,0,1294.4,1086,0,0,0,0,07-FEB-2024,
OPTIDX,NIFTY,15-Feb-2024,23100,PE,0,0,0,1339.1,1135.75,0,0,0,0,07-FEB-2024,
OPTIDX,NIFTY,15-Feb-2024,23150,PE,0,0,0,1384.2,1185.55,0,0,0,0,07-FEB-2024,
OPTIDX,NIFTY,15-Feb-2024,23200,PE,0,0,0,1429.7,1235.4,0,0,0,0,07-FEB-2024,
OPTIDX,NIFTY,15-Feb-2024,23250,PE,0,0,0,1475.5,1285.25,0,0,0,0,07-FEB-2024,
OPTIDX,NIFTY,15-Feb-2024,23300,PE,0,0,0,1521.65,1335.15,0,0,0,0,07-FEB-2024,
OPTIDX,NIFTY,15-Feb-2024,23350,PE,0,0,0,1568.15,1385.05,0,0,0,0,07-FEB-2024,
OPTIDX,NIFTY,15-Feb-2024,23400,PE,0,0,0,1614.9,1434.95,0,0,0,0,07-FEB-2024,
OPTIDX,NIFTY,15-Feb-2024,23450,PE,0,0,0,1661.9,1484.85,0,0,0,0,07-FEB-2024,
OPTIDX,NIFTY,15-Feb-2024,23500,PE,0,0,0,1709.15,1534.75,0,0,0,0,07-FEB-2024,
OPTIDX,NIFTY,15-Feb-2024,23550,PE,0,0,0,1756.65,1584.7,0,0,0,0,07-FEB-2024,
OPTIDX,NIFTY,15-Feb-2024,23600,PE,0,0,0,1804.3,1634.6,0,0,0,0,07-FEB-2024,
OPTIDX,NIFTY,15-Feb-2024,23650,PE,0,0,0,1852.2,1684.55,0,0,0,0,07-FEB-2024,
OPTIDX,NIFTY,15-Feb-2024,23700,PE,0,0,0,1900.25,1734.45,0,0,0,0,07-FEB-2024,
OPTIDX,NIFTY,15-Feb-2024,23750,PE,0,0,0,1948.45,1784.4,0,0,0,0,07-FEB-2024,
OPTIDX,NIFTY,15-Feb-2024,23800,PE,0,0,0,1996.85,1834.3,0,0,0,0,07-FEB-2024,
OPTIDX,NIFTY,15-Feb-2024,23850,PE,1850,1850,1850,1850,1884.25,2,25.7,750,0,07-FEB-2024,
OPTIDX,NIFTY,22-Feb-2024,19500,CE,0,0,0,2102.9,2484.5,0,0,0,0,07-FEB-2024,
OPTIDX,NIFTY,22-Feb-2024,19550,CE,0,0,0,2053.95,2434.65,0,0,0,0,07-FEB-2024,
OPTIDX,NIFTY,22-Feb-2024,19600,CE,0,0,0,2005.1,2384.8,0,0,0,0,07-FEB-2024,
OPTIDX,NIFTY,22-Feb-2024,19650,CE,0,0,0,1956.35,2334.95,0,0,0,0,07-FEB-2024,
OPTIDX,NIFTY,22-Feb-2024,19700,CE,0,0,0,1907.8,2285.05,0,0,0,0,07-FEB-2024,
OPTIDX,NIFTY,22-Feb-2024,19750,CE,0,0,0,1859.35,2235.2,0,0,0,0,07-FEB-2024,
OPTIDX,NIFTY,22-Feb-2024,19800,CE,0,0,0,2040,2185.35,0,0,50,0,07-FEB-2024,
OPTIDX,NIFTY,22-Feb-2024,19850,CE,0,0,0,2035,2135.5,0,0,150,0,07-FEB-2024,
OPTIDX,NIFTY,22-Feb-2024,19900,CE,2110,2110,2110,2110,2085.65,1,11,550,50,07-FEB-2024,
OPTIDX,NIFTY,22-Feb-2024,19950,CE,0,0,0,1935,2035.75,0,0,250,0,07-FEB-2024,
OPTIDX,NIFTY,22-Feb-2024,20000,CE,0,0,0,1620.05,1985.9,0,0,0,0,07-FEB-2024,
OPTIDX,NIFTY,22-Feb-2024,20050,CE,0,0,0,1572.9,1936.05,0,0,0,0,07-FEB-2024,
OPTIDX,NIFTY,22-Feb-2024,20100,CE,0,0,0,1526.05,1886.2,0,0,0,0,07-FEB-2024,
OPTIDX,NIFTY,22-Feb-2024,20150,CE,0,0,0,1479.5,1836.35,0,0,0,0,07-FEB-2024,
OPTIDX,NIFTY,22-Feb-2024,20200,CE,0,0,0,1433.3,1786.5,0,0,0,0,07-FEB-2024,
OPTIDX,NIFTY,22-Feb-2024,20250,CE,0,0,0,1387.5,1736.7,0,0,0,0,07-FEB-2024,
OPTIDX,NIFTY,22-Feb-2024,20300,CE,0,0,0,1342.05,1686.85,0,0,0,0,07-FEB-2024,
OPTIDX,NIFTY,22-Feb-2024,20350,CE,0,0,0,1297.1,1637.05,0,0,0,0,07-FEB-2024,
OPTIDX,NIFTY,22-Feb-2024,20400,CE,0,0,0,1300,1587.25,0,0,50,0,07-FEB-2024,
OPTIDX,NIFTY,22-Feb-2024,20450,CE,0,0,0,1360,1537.5,0,0,350,0,07-FEB-2024,
OPTIDX,NIFTY,22-Feb-2024,20500,CE,0,0,0,1290,1487.75,0,0,350,0,07-FEB-2024,
OPTIDX,NIFTY,22-Feb-2024,20550,CE,0,0,0,1122.05,1438.05,0,0,0,0,07-FEB-2024,
OPTIDX,NIFTY,22-Feb-2024,20600,CE,0,0,0,1079.7,1388.4,0,0,0,0,07-FEB-2024,
OPTIDX,NIFTY,22-Feb-2024,20650,CE,0,0,0,1037.95,1338.85,0,0,0,0,07-FEB-2024,
OPTIDX,NIFTY,22-Feb-2024,20700,CE,0,0,0,996.85,1289.35,0,0,0,0,07-FEB-2024,
OPTIDX,NIFTY,22-Feb-2024,20750,CE,0,0,0,956.4,1240,0,0,0,0,07-FEB-2024,
OPTIDX,NIFTY,22-Feb-2024,20800,CE,0,0,0,916.7,1190.8,0,0,0,0,07-FEB-2024,
OPTIDX,NIFTY,22-Feb-2024,20850,CE,0,0,0,877.75,1141.75,0,0,0,0,07-FEB-2024,
OPTIDX,NIFTY,22-Feb-2024,20900,CE,0,0,0,839.55,1092.9,0,0,0,0,07-FEB-2024,
OPTIDX,NIFTY,22-Feb-2024,20950,CE,0,0,0,803,1044.35,0,0,0,0,07-FEB-2024,
OPTIDX,NIFTY,22-Feb-2024,21000,CE,0,0,0,994.8,996.05,0,0,3950,0,07-FEB-2024,
OPTIDX,NIFTY,22-Feb-2024,21050,CE,0,0,0,729.75,948.15,0,0,0,0,07-FEB-2024,
OPTIDX,NIFTY,22-Feb-2024,21100,CE,0,0,0,702.5,900.7,0,0,0,0,07-FEB-2024,
OPTIDX,NIFTY,22-Feb-2024,21150,CE,0,0,0,661,853.75,0,0,0,0,07-FEB-2024,
OPTIDX,NIFTY,22-Feb-2024,21200,CE,780,823,780,823,823,3,32.99,350,-50,07-FEB-2024,
OPTIDX,NIFTY,22-Feb-2024,21250,CE,0,0,0,596,761.6,0,0,0,0,07-FEB-2024,
OPTIDX,NIFTY,22-Feb-2024,21300,CE,769.95,769.95,669.3,726.4,726.4,47,516.8,2050,-800,07-FEB-2024,
OPTIDX,NIFTY,22-Feb-2024,21350,CE,681.4,681.4,681.4,681.4,672.5,1,11.01,150,50,07-FEB-2024,
OPTIDX,NIFTY,22-Feb-2024,21400,CE,664.25,664.3,607.6,607.6,607.6,3,33.06,1850,-50,07-FEB-2024,
OPTIDX,NIFTY,22-Feb-2024,21450,CE,562.85,562.85,562.85,562.85,587.2,1,11,1950,0,07-FEB-2024,
OPTIDX,NIFTY,22-Feb-2024,21500,CE,666.95,667.05,515,568.6,568.6,229,2526.88,11700,3400,07-FEB-2024,
OPTIDX,NIFTY,22-Feb-2024,21550,CE,597.65,602.2,528.25,547.6,506.45,10,110.57,3450,250,07-FEB-2024,
OPTIDX,NIFTY,22-Feb-2024,21600,CE,560.7,571,444,498.9,498.9,94,1039.71,7400,1350,07-FEB-2024,
OPTIDX,NIFTY,22-Feb-2024,21650,CE,509.65,509.65,509.65,509.65,431,1,11.07,3450,0,07-FEB-2024,
OPTIDX,NIFTY,22-Feb-2024,21700,CE,499.35,502.55,379,426.5,426.5,373,4130.14,13400,0,07-FEB-2024,
OPTIDX,NIFTY,22-Feb-2024,21750,CE,444.45,478.6,350.3,399.9,399.9,91,1007.93,4500,400,07-FEB-2024,
OPTIDX,NIFTY,22-Feb-2024,21800,CE,415.55,439.4,315.6,366.2,366.2,1577,17480.16,17250,750,07-FEB-2024,
OPTIDX,NIFTY,22-Feb-2024,21850,CE,391.1,406.4,286.8,331.85,331.85,339,3761.18,9350,1000,07-FEB-2024,
OPTIDX,NIFTY,22-Feb-2024,21900,CE,396.1,396.1,262.9,301.25,301.25,2941,32661.23,44400,21750,07-FEB-2024,
OPTIDX,NIFTY,22-Feb-2024,21950,CE,309,345.2,240,273.8,273.8,2481,27588.98,19050,8300,07-FEB-2024,
OPTIDX,NIFTY,22-Feb-2024,22000,CE,300,315,214.35,247.55,247.55,6712,74711.52,199950,44400,07-FEB-2024,
OPTIDX,NIFTY,22-Feb-2024,22050,CE,280,283.75,193.5,220.55,220.55,756,8424.68,14350,5100,07-FEB-2024,
OPTIDX,NIFTY,22-Feb-2024,22100,CE,241.05,262.8,173.55,198.1,198.1,1464,16333.88,47250,12050,07-FEB-2024,
OPTIDX,NIFTY,22-Feb-2024,22150,CE,222.25,232.8,153.7,178.5,178.5,361,4031.86,12650,2500,07-FEB-2024,
OPTIDX,NIFTY,22-Feb-2024,22200,CE,202.45,210.65,139.2,157.9,157.9,3340,37359.67,57400,41100,07-FEB-2024,
OPTIDX,NIFTY,22-Feb-2024,22250,CE,169.15,189.2,124.55,136.8,136.8,254,2844.75,7200,4300,07-FEB-2024,
OPTIDX,NIFTY,22-Feb-2024,22300,CE,150.9,168.95,107.1,122.55,122.55,2089,23432.72,55200,15500,07-FEB-2024,
OPTIDX,NIFTY,22-Feb-2024,22350,CE,148.55,148.55,95,111.8,111.8,481,5402.43,14800,13000,07-FEB-2024,
OPTIDX,NIFTY,22-Feb-2024,22400,CE,116.6,160.75,83.85,94.95,94.95,2365,26608.26,41900,9650,07-FEB-2024,
OPTIDX,NIFTY,22-Feb-2024,22450,CE,112,116.25,75.5,81,81,112,1262.09,6350,2600,07-FEB-2024,
OPTIDX,NIFTY,22-Feb-2024,22500,CE,95.25,112.55,63.65,69.5,69.5,4018,45364.04,76250,26800,07-FEB-2024,
OPTIDX,NIFTY,22-Feb-2024,22550,CE,79.2,90.8,54.9,61.65,61.65,96,1085.82,4250,1550,07-FEB-2024,
OPTIDX,NIFTY,22-Feb-2024,22600,CE,63.5,77.55,46.7,51.75,51.75,2629,29785.31,49700,7200,07-FEB-2024,
OPTIDX,NIFTY,22-Feb-2024,22650,CE,66.85,68.1,41.65,44.65,44.65,680,7719.47,11650,2450,07-FEB-2024,
OPTIDX,NIFTY,22-Feb-2024,22700,CE,55.15,57.85,35.1,37.75,37.75,1380,15692.75,49350,7650,07-FEB-2024,
OPTIDX,NIFTY,22-Feb-2024,22750,CE,44.1,49.75,31.35,32.7,32.7,361,4113.34,9400,2000,07-FEB-2024,
OPTIDX,NIFTY,22-Feb-2024,22800,CE,41.95,45,26.25,28.5,28.5,1403,16016.34,70850,11000,07-FEB-2024,
OPTIDX,NIFTY,22-Feb-2024,22850,CE,28,37.95,21.65,23.5,23.5,116,1326.76,11300,-2550,07-FEB-2024,
OPTIDX,NIFTY,22-Feb-2024,22900,CE,26,33,18.65,19.15,19.15,883,10120.18,22500,8800,07-FEB-2024,
OPTIDX,NIFTY,22-Feb-2024,22950,CE,23.05,26.05,16.15,16.9,16.9,168,1929.42,11150,-400,07-FEB-2024,
OPTIDX,NIFTY,22-Feb-2024,23000,CE,21.65,22.3,13,13.95,13.95,3645,41948.6,165100,30750,07-FEB-2024,
OPTIDX,NIFTY,22-Feb-2024,23050,CE,17.05,17.05,12.1,13.1,13.1,97,1118.57,750,-1700,07-FEB-2024,
OPTIDX,NIFTY,22-Feb-2024,23100,CE,14.4,17.1,9.95,11.25,11.25,651,7523.3,11550,5600,07-FEB-2024,
OPTIDX,NIFTY,22-Feb-2024,23150,CE,11.75,13.15,9.5,11.85,11.85,73,845.41,2600,50,07-FEB-2024,
OPTIDX,NIFTY,22-Feb-2024,23200,CE,9.95,13,8,8.2,8.2,163,1891.56,13250,900,07-FEB-2024,
OPTIDX,NIFTY,22-Feb-2024,23250,CE,0,0,0,24.25,2.85,0,0,0,0,07-FEB-2024,
OPTIDX,NIFTY,22-Feb-2024,23300,CE,7.2,9.5,6.2,6.85,6.85,197,2295.78,6650,4450,07-FEB-2024,
OPTIDX,NIFTY,22-Feb-2024,23350,CE,0,0,0,4.75,1.75,0,0,2600,0,07-FEB-2024,
OPTIDX,NIFTY,22-Feb-2024,23400,CE,7.8,8.45,5.3,5.8,5.8,150,1755.49,4400,2100,07-FEB-2024,
OPTIDX,NIFTY,22-Feb-2024,23450,CE,6.15,7.95,5.6,5.75,5.75,111,1301.83,8650,2200,07-FEB-2024,
OPTIDX,NIFTY,22-Feb-2024,23500,CE,4.25,6.95,4.25,5.05,5.05,388,4560.07,65250,2750,07-FEB-2024,
OPTIDX,NIFTY,22-Feb-2024,23550,CE,5.55,6.3,4.85,4.9,4.9,12,141.33,1950,0,07-FEB-2024,
OPTIDX,NIFTY,22-Feb-2024,23600,CE,5.15,6.95,4.35,4.9,4.9,216,2549.36,12150,3700,07-FEB-2024,
OPTIDX,NIFTY,22-Feb-2024,23650,CE,0,0,0,9.65,0.35,0,0,0,0,07-FEB-2024,
OPTIDX,NIFTY,22-Feb-2024,23700,CE,8.75,8.75,2.7,3.1,3.1,50,592.61,1300,1300,07-FEB-2024,
OPTIDX,NIFTY,22-Feb-2024,19500,PE,0,0,0,4.05,0.05,0,0,0,0,07-FEB-2024,
OPTIDX,NIFTY,22-Feb-2024,19550,PE,0,0,0,4.75,0.05,0,0,0,0,07-FEB-2024,
OPTIDX,NIFTY,22-Feb-2024,19600,PE,0,0,0,5.55,0.05,0,0,0,0,07-FEB-2024,
OPTIDX,NIFTY,22-Feb-2024,19650,PE,0,0,0,6.5,0.05,0,0,0,0,07-FEB-2024,
OPTIDX,NIFTY,22-Feb-2024,19700,PE,0,0,0,7.55,0.05,0,0,0,0,07-FEB-2024,
OPTIDX,NIFTY,22-Feb-2024,19750,PE,0,0,0,8.75,0.05,0,0,0,0,07-FEB-2024,
OPTIDX,NIFTY,22-Feb-2024,19800,PE,0,0,0,15.3,0.05,0,0,0,0,07-FEB-2024,
OPTIDX,NIFTY,22-Feb-2024,19850,PE,0,0,0,11.7,0.05,0,0,0,0,07-FEB-2024,
OPTIDX,NIFTY,22-Feb-2024,19900,PE,0,0,0,13.45,0.05,0,0,0,0,07-FEB-2024,
OPTIDX,NIFTY,22-Feb-2024,19950,PE,0,0,0,15.45,0.05,0,0,0,0,07-FEB-2024,
OPTIDX,NIFTY,22-Feb-2024,20000,PE,5.4,6.35,5.1,5.3,5.3,1584,15844.68,117400,53550,07-FEB-2024,
OPTIDX,NIFTY,22-Feb-2024,20050,PE,0,0,0,20.2,0.05,0,0,0,0,07-FEB-2024,
OPTIDX,NIFTY,22-Feb-2024,20100,PE,0,0,0,23,0.05,0,0,0,0,07-FEB-2024,
OPTIDX,NIFTY,22-Feb-2024,20150,PE,0,0,0,26.1,0.05,0,0,0,0,07-FEB-2024,
OPTIDX,NIFTY,22-Feb-2024,20200,PE,0,0,0,29.55,0.05,0,0,0,0,07-FEB-2024,
OPTIDX,NIFTY,22-Feb-2024,20250,PE,0,0,0,33.4,0.1,0,0,0,0,07-FEB-2024,
OPTIDX,NIFTY,22-Feb-2024,20300,PE,0,0,0,37.65,0.1,0,0,0,0,07-FEB-2024,
OPTIDX,NIFTY,22-Feb-2024,20350,PE,3.5,3.5,3.5,3.5,0.15,1,10.17,250,0,07-FEB-2024,
OPTIDX,NIFTY,22-Feb-2024,20400,PE,10,12.2,7.4,7.6,7.6,211,2153.16,10150,-550,07-FEB-2024,
OPTIDX,NIFTY,22-Feb-2024,20450,PE,13.2,16.35,8.15,8.6,8.6,67,685.38,2250,-1050,07-FEB-2024,
OPTIDX,NIFTY,22-Feb-2024,20500,PE,9.9,13.35,7.8,8.5,8.5,1002,10275.57,76700,-1450,07-FEB-2024,
OPTIDX,NIFTY,22-Feb-2024,20550,PE,0,0,0,16.25,0.6,0,0,6650,0,07-FEB-2024,
OPTIDX,NIFTY,22-Feb-2024,20600,PE,13.65,16.85,9.65,10.6,10.6,540,5565.06,20400,9300,07-FEB-2024,
OPTIDX,NIFTY,22-Feb-2024,20650,PE,20.55,20.55,10.7,11.95,11.95,120,1239.9,6450,-1850,07-FEB-2024,
OPTIDX,NIFTY,22-Feb-2024,20700,PE,16.05,21.9,12.4,13.45,13.45,932,9653.78,31700,9650,07-FEB-2024,
OPTIDX,NIFTY,22-Feb-2024,20750,PE,18.15,18.15,14,14.6,14.6,148,1536.71,4950,3900,07-FEB-2024,
OPTIDX,NIFTY,22-Feb-2024,20800,PE,22.75,26.85,16.4,17.05,17.05,2357,24537.53,84000,26500,07-FEB-2024,
OPTIDX,NIFTY,22-Feb-2024,20850,PE,25.5,29.35,19.05,19.85,19.85,119,1241.94,14900,2900,07-FEB-2024,
OPTIDX,NIFTY,22-Feb-2024,20900,PE,27.25,33.8,21,22.25,22.25,2648,27706.95,87500,57800,07-FEB-2024,
OPTIDX,NIFTY,22-Feb-2024,20950,PE,29.85,37.2,25.6,26.6,26.6,144,1510.58,6800,150,07-FEB-2024,
OPTIDX,NIFTY,22-Feb-2024,21000,PE,37.6,45,28.1,30,30,6832,71854.74,188500,19850,07-FEB-2024,
OPTIDX,NIFTY,22-Feb-2024,21050,PE,40,47.9,31.95,33.75,33.75,60,632.65,6650,350,07-FEB-2024,
OPTIDX,NIFTY,22-Feb-2024,21100,PE,41.75,54.45,35.85,38.45,38.45,560,5920.05,33750,2350,07-FEB-2024,
OPTIDX,NIFTY,22-Feb-2024,21150,PE,50.1,58.5,40.15,41.55,41.55,93,985.66,4100,1100,07-FEB-2024,
OPTIDX,NIFTY,22-Feb-2024,21200,PE,45.6,69.75,44.75,47.6,47.6,2067,21966.51,51100,9450,07-FEB-2024,
OPTIDX,NIFTY,22-Feb-2024,21250,PE,0,0,0,125.45,22.25,0,0,850,0,07-FEB-2024,
OPTIDX,NIFTY,22-Feb-2024,21300,PE,64.45,83.5,55.1,59.8,59.8,1712,18290.66,28850,3600,07-FEB-2024,
OPTIDX,NIFTY,22-Feb-2024,21350,PE,70.3,94.7,63.9,68.65,68.65,111,1188.96,5900,1900,07-FEB-2024,
OPTIDX,NIFTY,22-Feb-2024,21400,PE,88.1,107.2,70,74.5,74.5,1507,16187.55,47750,4600,07-FEB-2024,
OPTIDX,NIFTY,22-Feb-2024,21450,PE,85.5,117.75,81.75,83.55,83.55,475,5116.96,18800,13400,07-FEB-2024,
OPTIDX,NIFTY,22-Feb-2024,21500,PE,100,130.8,89.4,95.5,95.5,4259,46006.3,124850,38500,07-FEB-2024,
OPTIDX,NIFTY,22-Feb-2024,21550,PE,100.7,143,100,104.45,104.45,305,3303.06,8750,4250,07-FEB-2024,
OPTIDX,NIFTY,22-Feb-2024,21600,PE,109.05,160,109,119.35,119.35,995,10810.39,30800,8550,07-FEB-2024,
OPTIDX,NIFTY,22-Feb-2024,21650,PE,125.3,172.2,125,129.7,129.7,108,1176.73,6300,1750,07-FEB-2024,
OPTIDX,NIFTY,22-Feb-2024,21700,PE,136.45,194.45,134.6,149.3,149.3,2044,22340.09,67500,9300,07-FEB-2024,
OPTIDX,NIFTY,22-Feb-2024,21750,PE,156.6,206.55,151.65,166.25,166.25,368,4034.68,13450,2100,07-FEB-2024,
OPTIDX,NIFTY,22-Feb-2024,21800,PE,170,235.45,160.25,179.15,179.15,2999,32974.08,64600,7700,07-FEB-2024,
OPTIDX,NIFTY,22-Feb-2024,21850,PE,185,256.35,183.85,197.5,197.5,356,3927.02,10150,1600,07-FEB-2024,
OPTIDX,NIFTY,22-Feb-2024,21900,PE,238.3,280,193.65,221.5,221.5,3095,34251.21,49100,13650,07-FEB-2024,
OPTIDX,NIFTY,22-Feb-2024,21950,PE,218.5,303,217.95,242.65,242.65,1141,12667.25,13250,7350,07-FEB-2024,
OPTIDX,NIFTY,22-Feb-2024,22000,PE,241,332.4,230.25,262.7,262.7,5114,56942.55,122000,21950,07-FEB-2024,
OPTIDX,NIFTY,22-Feb-2024,22050,PE,266.05,348.75,255.95,293.75,293.75,254,2837.85,5600,-150,07-FEB-2024,
OPTIDX,NIFTY,22-Feb-2024,22100,PE,284.75,384,278.35,314.5,314.5,1449,16245.75,7950,1650,07-FEB-2024,
OPTIDX,NIFTY,22-Feb-2024,22150,PE,316.5,416.65,309.55,353.85,353.85,54,607.15,4950,200,07-FEB-2024,
OPTIDX,NIFTY,22-Feb-2024,22200,PE,420,446.4,328.1,375.4,375.4,318,3590.85,4500,-4300,07-FEB-2024,
OPTIDX,NIFTY,22-Feb-2024,22250,PE,408,480,407.05,411,411,32,362.6,1050,800,07-FEB-2024,
OPTIDX,NIFTY,22-Feb-2024,22300,PE,446.5,506.55,425,459.4,459.4,52,591.65,2750,-500,07-FEB-2024,
OPTIDX,NIFTY,22-Feb-2024,22350,PE,0,0,0,866.9,446.5,0,0,0,0,07-FEB-2024,
OPTIDX,NIFTY,22-Feb-2024,22400,PE,488.05,575.15,470.65,511.65,511.65,69,790.47,2400,2100,07-FEB-2024,
OPTIDX,NIFTY,22-Feb-2024,22450,PE,575.2,575.2,575.2,575.2,523.25,1,11.51,50,50,07-FEB-2024,
OPTIDX,NIFTY,22-Feb-2024,22500,PE,500,647.05,500,583.5,583.5,50,576.63,4650,-450,07-FEB-2024,
OPTIDX,NIFTY,22-Feb-2024,22550,PE,630.05,630.05,630.05,630.05,604.95,1,11.59,50,50,07-FEB-2024,
OPTIDX,NIFTY,22-Feb-2024,22600,PE,685.5,685.5,685.5,685.5,647.45,1,11.64,50,50,07-FEB-2024,
OPTIDX,NIFTY,22-Feb-2024,22650,PE,0,0,0,1109.7,690.9,0,0,0,0,07-FEB-2024,
OPTIDX,NIFTY,22-Feb-2024,22700,PE,0,0,0,1152.3,735.2,0,0,0,0,07-FEB-2024,
OPTIDX,NIFTY,22-Feb-2024,22750,PE,0,0,0,1195.4,780.25,0,0,0,0,07-FEB-2024,
OPTIDX,NIFTY,22-Feb-2024,22800,PE,0,0,0,1238.95,826.05,0,0,0,0,07-FEB-2024,
OPTIDX,NIFTY,22-Feb-2024,22850,PE,0,0,0,1283,872.45,0,0,0,0,07-FEB-2024,
OPTIDX,NIFTY,22-Feb-2024,22900,PE,0,0,0,1327.5,919.4,0,0,0,0,07-FEB-2024,
OPTIDX,NIFTY,22-Feb-2024,22950,PE,0,0,0,1372.4,966.8,0,0,0,0,07-FEB-2024,
OPTIDX,NIFTY,22-Feb-2024,23000,PE,0,0,0,1417.7,1014.6,0,0,0,0,07-FEB-2024,
OPTIDX,NIFTY,22-Feb-2024,23050,PE,0,0,0,1463.35,1062.75,0,0,0,0,07-FEB-2024,
OPTIDX,NIFTY,22-Feb-2024,23100,PE,0,0,0,1509.35,1111.2,0,0,0,0,07-FEB-2024,
OPTIDX,NIFTY,22-Feb-2024,23150,PE,0,0,0,1555.65,1159.9,0,0,0,0,07-FEB-2024,
OPTIDX,NIFTY,22-Feb-2024,23200,PE,0,0,0,1602.25,1208.85,0,0,0,0,07-FEB-2024,
OPTIDX,NIFTY,22-Feb-2024,23250,PE,0,0,0,1649.15,1257.95,0,0,0,0,07-FEB-2024,
OPTIDX,NIFTY,22-Feb-2024,23300,PE,0,0,0,1696.25,1307.2,0,0,0,0,07-FEB-2024,
OPTIDX,NIFTY,22-Feb-2024,23350,PE,0,0,0,1743.65,1356.55,0,0,0,0,07-FEB-2024,
OPTIDX,NIFTY,22-Feb-2024,23400,PE,0,0,0,1791.2,1406.05,0,0,0,0,07-FEB-2024,
OPTIDX,NIFTY,22-Feb-2024,23450,PE,0,0,0,1839,1455.6,0,0,0,0,07-FEB-2024,
OPTIDX,NIFTY,22-Feb-2024,23500,PE,0,0,0,1886.95,1505.2,0,0,0,0,07-FEB-2024,
OPTIDX,NIFTY,22-Feb-2024,23550,PE,0,0,0,1935.05,1554.9,0,0,0,0,07-FEB-2024,
OPTIDX,NIFTY,22-Feb-2024,23600,PE,0,0,0,1983.35,1604.6,0,0,0,0,07-FEB-2024,
OPTIDX,NIFTY,22-Feb-2024,23650,PE,0,0,0,2031.75,1654.35,0,0,0,0,07-FEB-2024,
OPTIDX,NIFTY,22-Feb-2024,23700,PE,0,0,0,2080.3,1704.1,0,0,0,0,07-FEB-2024,
OPTIDX,NIFTY,29-Feb-2024,18650,CE,0,0,0,3304.2,3356.2,0,0,33050,0,07-FEB-2024,
OPTIDX,NIFTY,29-Feb-2024,18700,CE,0,0,0,3265,3306.45,0,0,73550,0,07-FEB-2024,
OPTIDX,NIFTY,29-Feb-2024,18750,CE,0,0,0,3076,3256.65,0,0,1150,0,07-FEB-2024,
OPTIDX,NIFTY,29-Feb-2024,18800,CE,3215,3215,3215,3215,3206.85,1,11,11300,-50,07-FEB-2024,
OPTIDX,NIFTY,29-Feb-2024,18850,CE,0,0,0,1710.25,3157.05,0,0,0,0,07-FEB-2024,
OPTIDX,NIFTY,29-Feb-2024,18900,CE,0,0,0,3180,3107.25,0,0,2400,0,07-FEB-2024,
OPTIDX,NIFTY,29-Feb-2024,18950,CE,0,0,0,2410,3057.45,0,0,200,0,07-FEB-2024,
OPTIDX,NIFTY,29-Feb-2024,19000,CE,3073.05,3073.1,2901,2976.15,2976.15,150,1647.89,716300,-1200,07-FEB-2024,
OPTIDX,NIFTY,29-Feb-2024,19050,CE,0,0,0,2476.45,2957.85,0,0,100,0,07-FEB-2024,
OPTIDX,NIFTY,29-Feb-2024,19100,CE,0,0,0,2300.45,2908.05,0,0,2550,0,07-FEB-2024,
OPTIDX,NIFTY,29-Feb-2024,19150,CE,0,0,0,2340,2858.25,0,0,200,0,07-FEB-2024,
OPTIDX,NIFTY,29-Feb-2024,19200,CE,0,0,0,2772,2808.45,0,0,3950,0,07-FEB-2024,
OPTIDX,NIFTY,29-Feb-2024,19250,CE,0,0,0,2140,2758.65,0,0,150,0,07-FEB-2024,
OPTIDX,NIFTY,29-Feb-2024,19300,CE,0,0,0,2690,2708.85,0,0,6200,0,07-FEB-2024,
OPTIDX,NIFTY,29-Feb-2024,19350,CE,2633.9,2633.9,2566,2566,2566,2,21.94,9150,0,07-FEB-2024,
OPTIDX,NIFTY,29-Feb-2024,19400,CE,0,0,0,2555,2609.25,0,0,8600,0,07-FEB-2024,
OPTIDX,NIFTY,29-Feb-2024,19450,CE,0,0,0,1231.75,2559.45,0,0,0,0,07-FEB-2024,
OPTIDX,NIFTY,29-Feb-2024,19500,CE,2545,2554,2390,2473.6,2473.6,67,736.16,152400,650,07-FEB-2024,
OPTIDX,NIFTY,29-Feb-2024,19550,CE,0,0,0,1159.6,2459.9,0,0,0,0,07-FEB-2024,
OPTIDX,NIFTY,29-Feb-2024,19600,CE,2456.1,2456.1,2384.85,2384.85,2410.1,4,44.04,15100,0,07-FEB-2024,
OPTIDX,NIFTY,29-Feb-2024,19650,CE,0,0,0,2142.3,2360.3,0,0,250,0,07-FEB-2024,
OPTIDX,NIFTY,29-Feb-2024,19700,CE,2388.15,2388.15,2192.2,2290,2290,4,43.98,24150,0,07-FEB-2024,
OPTIDX,NIFTY,29-Feb-2024,19750,CE,0,0,0,1020.15,2260.7,0,0,0,0,07-FEB-2024,
OPTIDX,NIFTY,29-Feb-2024,19800,CE,0,0,0,2150,2210.95,0,0,12750,0,07-FEB-2024,
OPTIDX,NIFTY,29-Feb-2024,19850,CE,0,0,0,1615.5,2161.15,0,0,250,0,07-FEB-2024,
OPTIDX,NIFTY,29-Feb-2024,19900,CE,2100,2100,2015,2080,2080,5,54.92,10100,-50,07-FEB-2024,
OPTIDX,NIFTY,29-Feb-2024,19950,CE,0,0,0,1493.5,2061.6,0,0,1900,0,07-FEB-2024,
OPTIDX,NIFTY,29-Feb-2024,20000,CE,2100,2100.3,1912,1999.1,1999.1,203,2236.79,692550,-2150,07-FEB-2024,
OPTIDX,NIFTY,29-Feb-2024,20050,CE,0,0,0,1517.3,1962.1,0,0,50,0,07-FEB-2024,
OPTIDX,NIFTY,29-Feb-2024,20100,CE,0,0,0,1863,1912.4,0,0,10250,0,07-FEB-2024,
OPTIDX,NIFTY,29-Feb-2024,20150,CE,0,0,0,1374.15,1862.65,0,0,150,0,07-FEB-2024,
OPTIDX,NIFTY,29-Feb-2024,20200,CE,1850.7,1850.7,1735,1769,1813,4,43.97,27350,0,07-FEB-2024,
OPTIDX,NIFTY,29-Feb-2024,20250,CE,0,0,0,1588.45,1763.35,0,0,450,0,07-FEB-2024,
OPTIDX,NIFTY,29-Feb-2024,20300,CE,1796.3,1796.3,1640,1700,1713.75,23,252.97,20600,-650,07-FEB-2024,
OPTIDX,NIFTY,29-Feb-2024,20350,CE,0,0,0,1136.75,1664.15,0,0,200,0,07-FEB-2024,
OPTIDX,NIFTY,29-Feb-2024,20400,CE,1650,1650,1600,1600,1600,4,44.03,42150,0,07-FEB-2024,
OPTIDX,NIFTY,29-Feb-2024,20450,CE,0,0,0,1368,1565.25,0,0,950,0,07-FEB-2024,
OPTIDX,NIFTY,29-Feb-2024,20500,CE,1608.75,1610,1417.9,1510.75,1510.75,286,3148.12,338650,-1350,07-FEB-2024,
OPTIDX,NIFTY,29-Feb-2024,20550,CE,0,0,0,1650.05,1466.7,0,0,800,0,07-FEB-2024,
OPTIDX,NIFTY,29-Feb-2024,20600,CE,1479,1485.1,1345,1397.45,1397.45,10,110,31250,-150,07-FEB-2024,
OPTIDX,NIFTY,29-Feb-2024,20650,CE,0,0,0,1330.9,1368.65,0,0,1500,0,07-FEB-2024,
OPTIDX,NIFTY,29-Feb-2024,20700,CE,1413,1413.05,1257.65,1345,1319.9,29,319.52,63650,0,07-FEB-2024,
OPTIDX,NIFTY,29-Feb-2024,20750,CE,1297.85,1330,1297.85,1330,1271.35,2,22.06,1800,0,07-FEB-2024,
OPTIDX,NIFTY,29-Feb-2024,20800,CE,1324.2,1324.25,1168.7,1213.25,1213.25,56,616.3,89300,1750,07-FEB-2024,
OPTIDX,NIFTY,29-Feb-2024,20850,CE,0,0,0,1260,1175.05,0,0,5050,0,07-FEB-2024,
OPTIDX,NIFTY,29-Feb-2024,20900,CE,1228.45,1228.5,1080,1147.1,1147.1,754,8297.49,101200,-150,07-FEB-2024,
OPTIDX,NIFTY,29-Feb-2024,20950,CE,1114.5,1114.5,1114.5,1114.5,1080.05,3,33.09,5250,0,07-FEB-2024,
OPTIDX,NIFTY,29-Feb-2024,21000,CE,1140,1149.95,967.75,1045.15,1045.15,2441,26918.25,656050,1250,07-FEB-2024,
OPTIDX,NIFTY,29-Feb-2024,21050,CE,999.5,999.5,999.5,999.5,986.8,2,22.04,8300,0,07-FEB-2024,
OPTIDX,NIFTY,29-Feb-2024,21100,CE,1047,1049.15,885.6,967.85,967.85,57,629.15,87800,-100,07-FEB-2024,
OPTIDX,NIFTY,29-Feb-2024,21150,CE,0,0,0,891.2,895.65,0,0,13900,0,07-FEB-2024,
OPTIDX,NIFTY,29-Feb-2024,21200,CE,970,970,802.65,870.6,870.6,104,1148.16,121600,-100,07-FEB-2024,
OPTIDX,NIFTY,29-Feb-2024,21250,CE,774.1,832.05,774.1,832.05,807.15,4,44.09,18300,50,07-FEB-2024,
OPTIDX,NIFTY,29-Feb-2024,21300,CE,865,877.85,718.05,783.3,783.3,738,8149.89,177550,-10750,07-FEB-2024,
OPTIDX,NIFTY,29-Feb-2024,21350,CE,804.55,804.55,694.85,747.25,721.85,20,220.77,20200,-650,07-FEB-2024,
OPTIDX,NIFTY,29-Feb-2024,21400,CE,799.5,799.5,646,713.45,713.45,972,10747.17,215900,-750,07-FEB-2024,
OPTIDX,NIFTY,29-Feb-2024,21450,CE,730.9,755,607.85,662.75,662.75,109,1206.3,28300,800,07-FEB-2024,
OPTIDX,NIFTY,29-Feb-2024,21500,CE,660.6,720,567,631.25,631.25,8666,95884.38,1124150,-25900,07-FEB-2024,
OPTIDX,NIFTY,29-Feb-2024,21550,CE,665.2,680.45,536.95,586.35,586.35,178,1973.54,29850,1400,07-FEB-2024,
OPTIDX,NIFTY,29-Feb-2024,21600,CE,650,652.05,498.9,555.25,555.25,6959,77093.3,367800,-34550,07-FEB-2024,
OPTIDX,NIFTY,29-Feb-2024,21650,CE,605.75,605.75,465.3,522.55,522.55,887,9827.76,60450,-4050,07-FEB-2024,
OPTIDX,NIFTY,29-Feb-2024,21700,CE,563.05,574.45,432.8,484.3,484.3,13690,151956.33,531750,-78800,07-FEB-2024,
OPTIDX,NIFTY,29-Feb-2024,21750,CE,534.15,535.5,403.2,457.3,457.3,1786,19831.52,63700,-4650,07-FEB-2024,
OPTIDX,NIFTY,29-Feb-2024,21800,CE,485,519.95,374.05,417.4,417.4,24249,269508.47,920850,-194050,07-FEB-2024,
OPTIDX,NIFTY,29-Feb-2024,21850,CE,464.65,465.85,345.8,387.75,387.75,4421,49175.29,74900,-8950,07-FEB-2024,
OPTIDX,NIFTY,29-Feb-2024,21900,CE,478,489.4,319.05,359.45,359.45,46048,512708.14,641650,-300,07-FEB-2024,
OPTIDX,NIFTY,29-Feb-2024,21950,CE,393.05,405.45,293.3,331.65,331.65,9496,105833.33,75700,15550,07-FEB-2024,
OPTIDX,NIFTY,29-Feb-2024,22000,CE,388.35,388.35,267.9,299.25,299.25,140666,1569540.93,2297600,-103450,07-FEB-2024,
OPTIDX,NIFTY,29-Feb-2024,22050,CE,340.05,344.85,245,274.55,274.55,4845,54136.35,86800,15450,07-FEB-2024,
OPTIDX,NIFTY,29-Feb-2024,22100,CE,321,321,223,250.35,250.35,29826,333584.21,554100,110150,07-FEB-2024,
OPTIDX,NIFTY,29-Feb-2024,22150,CE,285.55,291.75,203.65,227,227,3954,44272.37,73100,16300,07-FEB-2024,
OPTIDX,NIFTY,29-Feb-2024,22200,CE,285.55,285.55,183.8,207.4,207.4,39150,438972.56,771750,-157850,07-FEB-2024,
OPTIDX,NIFTY,29-Feb-2024,22250,CE,244,245.2,168.35,189.9,189.9,4833,54273.62,115700,23850,07-FEB-2024,
OPTIDX,NIFTY,29-Feb-2024,22300,CE,221.2,225,152.6,172,172,22852,257003.62,656500,238800,07-FEB-2024,
OPTIDX,NIFTY,29-Feb-2024,22350,CE,197.55,203.6,136.75,154.25,154.25,5090,57315.47,85000,19400,07-FEB-2024,
OPTIDX,NIFTY,29-Feb-2024,22400,CE,170.8,189.5,123,136.9,136.9,22233,250710.41,505850,69050,07-FEB-2024,
OPTIDX,NIFTY,29-Feb-2024,22450,CE,161.9,164.5,110.9,122.85,122.85,2358,26632.08,82750,3400,07-FEB-2024,
OPTIDX,NIFTY,29-Feb-2024,22500,CE,133.35,187.85,99.65,109.45,109.45,55254,624984.28,2087150,-1650,07-FEB-2024,
OPTIDX,NIFTY,29-Feb-2024,22550,CE,131.95,135.65,88.25,99.25,99.25,3046,34511.43,63300,-6700,07-FEB-2024,
OPTIDX,NIFTY,29-Feb-2024,22600,CE,108,120.65,77.65,85.6,85.6,14881,168870.23,570400,-13150,07-FEB-2024,
OPTIDX,NIFTY,29-Feb-2024,22650,CE,101.75,106.55,69.95,75.95,75.95,2626,29852.4,70750,14850,07-FEB-2024,
OPTIDX,NIFTY,29-Feb-2024,22700,CE,85,112.45,61.5,66.8,66.8,17457,198782.99,622200,8250,07-FEB-2024,
OPTIDX,NIFTY,29-Feb-2024,22750,CE,74.8,85.6,55.35,59.85,59.85,3866,44104.63,80050,4250,07-FEB-2024,
OPTIDX,NIFTY,29-Feb-2024,22800,CE,88.35,88.55,48.95,52.25,52.25,17206,196652.17,619350,15000,07-FEB-2024,
OPTIDX,NIFTY,29-Feb-2024,22850,CE,64.05,65.85,43.7,46.5,46.5,2514,28789.2,67050,-7100,07-FEB-2024,
OPTIDX,NIFTY,29-Feb-2024,22900,CE,80,81,39.2,41.8,41.8,13836,158742.24,371750,17200,07-FEB-2024,
OPTIDX,NIFTY,29-Feb-2024,22950,CE,50.4,53.85,34.75,36.5,36.5,2711,31166.67,90200,-750,07-FEB-2024,
OPTIDX,NIFTY,29-Feb-2024,23000,CE,44.95,68.5,31.7,33.7,33.7,52202,601329.29,4434900,76950,07-FEB-2024,
OPTIDX,NIFTY,29-Feb-2024,23050,CE,40,41.75,26.85,28.2,28.2,3161,36482.13,84150,-10750,07-FEB-2024,
OPTIDX,NIFTY,29-Feb-2024,23100,CE,34.55,45,23.1,25.15,25.15,12476,144273.99,493550,-8950,07-FEB-2024,
OPTIDX,NIFTY,29-Feb-2024,23150,CE,30.1,30.4,20.15,21.65,21.65,1289,14936.23,41050,-1800,07-FEB-2024,
OPTIDX,NIFTY,29-Feb-2024,23200,CE,25,32.7,17.1,18.5,18.5,14800,171839.37,769300,16350,07-FEB-2024,
OPTIDX,NIFTY,29-Feb-2024,23250,CE,24.45,24.45,15.2,16.75,16.75,1462,17010.65,50800,-8800,07-FEB-2024,
OPTIDX,NIFTY,29-Feb-2024,23300,CE,20.85,21.15,13.45,14.3,14.3,6945,80965.91,599750,21400,07-FEB-2024,
OPTIDX,NIFTY,29-Feb-2024,23350,CE,16.8,17.8,11.85,13,13,315,3679.91,87050,-100,07-FEB-2024,
OPTIDX,NIFTY,29-Feb-2024,23400,CE,14.05,16.3,10.05,11.45,11.45,5799,67884.52,291700,14050,07-FEB-2024,
OPTIDX,NIFTY,29-Feb-2024,23450,CE,14.95,14.95,9.7,10.45,10.45,1522,17854.3,102850,450,07-FEB-2024,
OPTIDX,NIFTY,29-Feb-2024,23500,CE,13.35,13.95,9.75,10.55,10.55,17870,210072.51,932950,94100,07-FEB-2024,
OPTIDX,NIFTY,29-Feb-2024,23550,CE,11.05,11.3,7.55,8.9,8.9,1447,17045.08,126350,700,07-FEB-2024,
OPTIDX,NIFTY,29-Feb-2024,23600,CE,10.15,10.45,7.45,8.3,8.3,2327,27468.84,175800,8550,07-FEB-2024,
OPTIDX,NIFTY,29-Feb-2024,23650,CE,9.45,9.8,7.25,7.8,7.8,289,3418.63,20700,-100,07-FEB-2024,
OPTIDX,NIFTY,29-Feb-2024,23700,CE,8.35,10.75,5.3,6.85,6.85,3324,39400.63,261600,-1900,07-FEB-2024,
OPTIDX,NIFTY,29-Feb-2024,23750,CE,8,8.35,6.2,6.95,6.95,313,3717.99,23850,-1350,07-FEB-2024,
OPTIDX,NIFTY,29-Feb-2024,23800,CE,7.35,7.65,6.15,6.8,6.8,4166,49589.68,365250,49400,07-FEB-2024,
OPTIDX,NIFTY,29-Feb-2024,23850,CE,7.4,7.7,6.3,6.95,6.95,1120,13359.93,191650,4750,07-FEB-2024,
OPTIDX,NIFTY,29-Feb-2024,18650,PE,4.6,4.85,3.2,4.1,4.1,252,2350.42,48550,-500,07-FEB-2024,
OPTIDX,NIFTY,29-Feb-2024,18700,PE,4.6,4.8,3.7,3.9,3.9,76,710.76,51500,-200,07-FEB-2024,
OPTIDX,NIFTY,29-Feb-2024,18750,PE,0,0,0,77,0.05,0,0,0,0,07-FEB-2024,
OPTIDX,NIFTY,29-Feb-2024,18800,PE,4,4.4,3.95,3.95,0.05,74,695.75,7300,-200,07-FEB-2024,
OPTIDX,NIFTY,29-Feb-2024,18850,PE,0,0,0,89.45,0.05,0,0,0,0,07-FEB-2024,
OPTIDX,NIFTY,29-Feb-2024,18900,PE,0,0,0,3.1,0.05,0,0,1250,0,07-FEB-2024,
OPTIDX,NIFTY,29-Feb-2024,18950,PE,0,0,0,103.4,0.05,0,0,0,0,07-FEB-2024,
OPTIDX,NIFTY,29-Feb-2024,19000,PE,3.75,4.6,3.55,4.15,4.15,891,8466.39,981600,-1100,07-FEB-2024,
OPTIDX,NIFTY,29-Feb-2024,19050,PE,0,0,0,119.05,0.05,0,0,0,0,07-FEB-2024,
OPTIDX,NIFTY,29-Feb-2024,19100,PE,0,0,0,127.5,0.05,0,0,0,0,07-FEB-2024,
OPTIDX,NIFTY,29-Feb-2024,19150,PE,0,0,0,136.4,0.05,0,0,0,0,07-FEB-2024,
OPTIDX,NIFTY,29-Feb-2024,19200,PE,4.85,4.85,3.65,3.85,3.85,49,470.5,18200,-150,07-FEB-2024,
OPTIDX,NIFTY,29-Feb-2024,19250,PE,5,5,4.35,4.9,0.05,27,259.94,1700,700,07-FEB-2024,
OPTIDX,NIFTY,29-Feb-2024,19300,PE,5,5,4.45,4.45,4.45,88,849.4,60450,-1600,07-FEB-2024,
OPTIDX,NIFTY,29-Feb-2024,19350,PE,3.05,3.05,3.05,3.05,3.05,1,9.67,4450,50,07-FEB-2024,
OPTIDX,NIFTY,29-Feb-2024,19400,PE,4.7,5.8,4,4.15,4.15,186,1804.61,38400,-4850,07-FEB-2024,
OPTIDX,NIFTY,29-Feb-2024,19450,PE,0,0,0,5.55,0.05,0,0,6000,0,07-FEB-2024,
OPTIDX,NIFTY,29-Feb-2024,19500,PE,5.1,5.7,4.1,4.5,4.5,4289,41828.09,786250,-6200,07-FEB-2024,
OPTIDX,NIFTY,29-Feb-2024,19550,PE,0,0,0,5.9,0.05,0,0,8300,0,07-FEB-2024,
OPTIDX,NIFTY,29-Feb-2024,19600,PE,4.8,6,4.5,4.6,4.6,128,1254.72,82100,-1600,07-FEB-2024,
OPTIDX,NIFTY,29-Feb-2024,19650,PE,5.75,6.25,4.55,5.15,5.15,187,1837.79,18000,-2600,07-FEB-2024,
OPTIDX,NIFTY,29-Feb-2024,19700,PE,5.25,6.45,4.5,4.85,4.85,2725,26848.68,180700,-6500,07-FEB-2024,
OPTIDX,NIFTY,29-Feb-2024,19750,PE,6.05,7.45,5.55,5.75,5.75,174,1718.79,12600,50,07-FEB-2024,
OPTIDX,NIFTY,29-Feb-2024,19800,PE,6.25,8.2,5.85,6.05,6.05,3408,33751.12,270700,-14200,07-FEB-2024,
OPTIDX,NIFTY,29-Feb-2024,19850,PE,7.05,10.95,6.6,6.75,6.75,107,1062.38,13400,-750,07-FEB-2024,
OPTIDX,NIFTY,29-Feb-2024,19900,PE,7.65,9.75,7.3,7.45,7.45,4193,41738.11,157250,-33850,07-FEB-2024,
OPTIDX,NIFTY,29-Feb-2024,19950,PE,8.15,12.15,7.8,7.95,7.95,545,5438.81,41000,1700,07-FEB-2024,
OPTIDX,NIFTY,29-Feb-2024,20000,PE,13.2,13.2,8.75,9.2,9.2,17264,172729.14,2101600,-155300,07-FEB-2024,
OPTIDX,NIFTY,29-Feb-2024,20050,PE,9.6,11.65,8.1,9.3,9.3,686,6880.64,18950,100,07-FEB-2024,
OPTIDX,NIFTY,29-Feb-2024,20100,PE,10,13,9,10.2,10.2,2782,27974.56,188550,-5800,07-FEB-2024,
OPTIDX,NIFTY,29-Feb-2024,20150,PE,11.5,13.5,9.45,10.75,10.75,339,3417.42,9200,-2150,07-FEB-2024,
OPTIDX,NIFTY,29-Feb-2024,20200,PE,12.9,14.5,10.6,11.15,11.15,6594,66641.58,645250,39000,07-FEB-2024,
OPTIDX,NIFTY,29-Feb-2024,20250,PE,18.95,19,11.35,12.5,12.5,823,8338.71,23700,2150,07-FEB-2024,
OPTIDX,NIFTY,29-Feb-2024,20300,PE,14,17.3,10.95,13.5,13.5,13675,138904.47,914700,-42200,07-FEB-2024,
OPTIDX,NIFTY,29-Feb-2024,20350,PE,15.05,22.95,14.6,15,15,600,6109.94,16750,-4000,07-FEB-2024,
OPTIDX,NIFTY,29-Feb-2024,20400,PE,16.45,21.55,15.5,16.45,16.45,16586,169329.41,966700,195200,07-FEB-2024,
OPTIDX,NIFTY,29-Feb-2024,20450,PE,19.4,24.15,18,18.5,18.5,1580,16171.81,36950,-3900,07-FEB-2024,
OPTIDX,NIFTY,29-Feb-2024,20500,PE,23.75,28.1,20.25,21.2,21.2,27854,285835.27,3033500,123300,07-FEB-2024,
OPTIDX,NIFTY,29-Feb-2024,20550,PE,23.9,30,21.65,22.7,22.7,1819,18713.41,31450,-11100,07-FEB-2024,
OPTIDX,NIFTY,29-Feb-2024,20600,PE,25.25,33.2,23.4,24.95,24.95,12659,130565.76,500350,-93700,07-FEB-2024,
OPTIDX,NIFTY,29-Feb-2024,20650,PE,28.95,36.35,26.5,27.65,27.65,1140,11787.81,70900,-2700,07-FEB-2024,
OPTIDX,NIFTY,29-Feb-2024,20700,PE,28.95,39,28.3,29.6,29.6,10413,107945.53,582850,30750,07-FEB-2024,
OPTIDX,NIFTY,29-Feb-2024,20750,PE,42.7,43.2,31.75,33.35,33.35,1228,12762.99,59800,4600,07-FEB-2024,
OPTIDX,NIFTY,29-Feb-2024,20800,PE,37.95,47.4,31.35,36.05,36.05,14288,148881.06,769150,-49950,07-FEB-2024,
OPTIDX,NIFTY,29-Feb-2024,20850,PE,40,52.55,38.25,40.6,40.6,3389,35405.62,68600,14850,07-FEB-2024,
OPTIDX,NIFTY,29-Feb-2024,20900,PE,46.8,58,41.25,44.95,44.95,11982,125501.52,539000,11400,07-FEB-2024,
OPTIDX,NIFTY,29-Feb-2024,20950,PE,46.65,63.65,46.65,49.05,49.05,2791,29310.77,67450,11400,07-FEB-2024,
OPTIDX,NIFTY,29-Feb-2024,21000,PE,62,70.75,49.7,54.65,54.65,61745,650174.68,3618400,57850,07-FEB-2024,
OPTIDX,NIFTY,29-Feb-2024,21050,PE,56.35,75.8,54.25,58.55,58.55,2095,22115.74,51400,9150,07-FEB-2024,
OPTIDX,NIFTY,29-Feb-2024,21100,PE,59.3,83.7,58.55,64,64,13571,143639.34,375950,-12150,07-FEB-2024,
OPTIDX,NIFTY,29-Feb-2024,21150,PE,54.7,92,54.7,71.1,71.1,1734,18402.72,43900,700,07-FEB-2024,
OPTIDX,NIFTY,29-Feb-2024,21200,PE,79.95,100.2,70.1,77.1,77.1,18274,194458.5,950750,-87900,07-FEB-2024,
OPTIDX,NIFTY,29-Feb-2024,21250,PE,80,109.55,77.6,84.7,84.7,2054,21916.2,120050,-1650,07-FEB-2024,
OPTIDX,NIFTY,29-Feb-2024,21300,PE,85.85,120,83.15,92.65,92.65,18359,196431.8,1107650,11450,07-FEB-2024,
OPTIDX,NIFTY,29-Feb-2024,21350,PE,93.05,128.6,93,103.15,103.15,1416,15191.21,84450,3800,07-FEB-2024,
OPTIDX,NIFTY,29-Feb-2024,21400,PE,103,142.05,99.25,109.7,109.7,14589,156956.26,661450,41000,07-FEB-2024,
OPTIDX,NIFTY,29-Feb-2024,21450,PE,107.7,155.6,107.7,121.4,121.4,3188,34395.53,92600,-2950,07-FEB-2024,
OPTIDX,NIFTY,29-Feb-2024,21500,PE,132.95,169,118.1,134.2,134.2,46660,504909.47,2851750,102400,07-FEB-2024,
OPTIDX,NIFTY,29-Feb-2024,21550,PE,130,182.45,128.25,146.6,146.6,2462,26717.92,60200,-3450,07-FEB-2024,
OPTIDX,NIFTY,29-Feb-2024,21600,PE,170,198.9,138.5,159.15,159.15,35972,391568.66,878000,-118600,07-FEB-2024,
OPTIDX,NIFTY,29-Feb-2024,21650,PE,158.8,215.4,153.3,172.35,172.35,4418,48227.2,99600,850,07-FEB-2024,
OPTIDX,NIFTY,29-Feb-2024,21700,PE,175,234.65,165,189.3,189.3,29883,327228.54,1225750,-23050,07-FEB-2024,
OPTIDX,NIFTY,29-Feb-2024,21750,PE,217.65,253.35,179.75,206.55,206.55,6032,66243.59,146450,10150,07-FEB-2024,
OPTIDX,NIFTY,29-Feb-2024,21800,PE,201,274,193.2,223.5,223.5,39647,436774.74,1030400,-117850,07-FEB-2024,
OPTIDX,NIFTY,29-Feb-2024,21850,PE,255,295,208.35,238.95,238.95,5773,63794.09,137000,16250,07-FEB-2024,
OPTIDX,NIFTY,29-Feb-2024,21900,PE,182.05,318.4,181.8,261.85,261.85,50384,558603.74,793050,4850,07-FEB-2024,
OPTIDX,NIFTY,29-Feb-2024,21950,PE,254.45,341.3,245.55,281.2,281.2,10001,111208.21,74000,-5350,07-FEB-2024,
OPTIDX,NIFTY,29-Feb-2024,22000,PE,275.7,367,265,303.85,303.85,120617,1345716.78,2546050,417950,07-FEB-2024,
OPTIDX,NIFTY,29-Feb-2024,22050,PE,290,393,289.5,329,329,4446,49762.08,43500,11150,07-FEB-2024,
OPTIDX,NIFTY,29-Feb-2024,22100,PE,330,421.25,309.45,351.15,351.15,16409,184260.87,153200,15150,07-FEB-2024,
OPTIDX,NIFTY,29-Feb-2024,22150,PE,336.05,450.25,336,381.75,381.75,1640,18475.68,38150,1900,07-FEB-2024,
OPTIDX,NIFTY,29-Feb-2024,22200,PE,390,483.8,358.95,408.9,408.9,19359,218992.8,240500,-160300,07-FEB-2024,
OPTIDX,NIFTY,29-Feb-2024,22250,PE,389.25,515,389.1,437.8,437.8,1065,12083.25,41350,4550,07-FEB-2024,
OPTIDX,NIFTY,29-Feb-2024,22300,PE,419.75,548.4,415.45,466.5,466.5,3009,34256.43,99650,-5200,07-FEB-2024,
OPTIDX,NIFTY,29-Feb-2024,22350,PE,452.95,583.2,446.25,498.7,498.7,658,7517.91,23250,-1550,07-FEB-2024,
OPTIDX,NIFTY,29-Feb-2024,22400,PE,481.95,617,476.05,538.05,538.05,12273,140753.13,182600,68200,07-FEB-2024,
OPTIDX,NIFTY,29-Feb-2024,22450,PE,514,635.1,514,568.6,568.6,195,2243.98,19850,350,07-FEB-2024,
OPTIDX,NIFTY,29-Feb-2024,22500,PE,574.95,694.2,541.7,614.55,614.55,8621,99615.52,599750,2000,07-FEB-2024,
OPTIDX,NIFTY,29-Feb-2024,22550,PE,616.35,729.35,616.05,650,613.65,6,69.59,10600,50,07-FEB-2024,
OPTIDX,NIFTY,29-Feb-2024,22600,PE,622.4,754.9,610.05,684.3,684.3,565,6576.56,26700,11600,07-FEB-2024,
OPTIDX,NIFTY,29-Feb-2024,22650,PE,700,725.95,700,722.15,722.15,4,46.73,4650,150,07-FEB-2024,
OPTIDX,NIFTY,29-Feb-2024,22700,PE,691.6,829.55,691.6,759.4,759.4,249,2920.87,22650,4450,07-FEB-2024,
OPTIDX,NIFTY,29-Feb-2024,22750,PE,0,0,0,799.15,777.75,0,0,7600,0,07-FEB-2024,
OPTIDX,NIFTY,29-Feb-2024,22800,PE,790,924.35,790,827.15,827.15,28,330.96,5950,450,07-FEB-2024,
OPTIDX,NIFTY,29-Feb-2024,22850,PE,0,0,0,918.5,864.85,0,0,3350,0,07-FEB-2024,
OPTIDX,NIFTY,29-Feb-2024,22900,PE,865.3,1028,865.3,1028,909.45,8,95.22,6000,-50,07-FEB-2024,
OPTIDX,NIFTY,29-Feb-2024,22950,PE,0,0,0,987.1,954.65,0,0,1300,0,07-FEB-2024,
OPTIDX,NIFTY,29-Feb-2024,23000,PE,1000,1119.9,931.2,1027.1,1027.1,1616,19399.77,713400,18550,07-FEB-2024,
OPTIDX,NIFTY,29-Feb-2024,23050,PE,0,0,0,931.7,1046.65,0,0,1050,0,07-FEB-2024,
OPTIDX,NIFTY,29-Feb-2024,23100,PE,1020.95,1181.35,1020.95,1099.5,1099.5,10,120.98,3400,0,07-FEB-2024,
OPTIDX,NIFTY,29-Feb-2024,23150,PE,0,0,0,1190,1140.5,0,0,350,0,07-FEB-2024,
OPTIDX,NIFTY,29-Feb-2024,23200,PE,1300,1300,1229.15,1229.15,1229.15,186,2276.02,10800,5650,07-FEB-2024,
OPTIDX,NIFTY,29-Feb-2024,23250,PE,0,0,0,1629.8,1235.75,0,0,300,0,07-FEB-2024,
OPTIDX,NIFTY,29-Feb-2024,23300,PE,1275,1316,1270,1316,1316,7,86.06,4100,-250,07-FEB-2024,
OPTIDX,NIFTY,29-Feb-2024,23350,PE,0,0,0,1496.75,1332.2,0,0,200,0,07-FEB-2024,
OPTIDX,NIFTY,29-Feb-2024,23400,PE,1467.3,1467.3,1400,1400,1400,3,37.23,2250,-50,07-FEB-2024,
OPTIDX,NIFTY,29-Feb-2024,23450,PE,0,0,0,2407.4,1429.45,0,0,0,0,07-FEB-2024,
OPTIDX,NIFTY,29-Feb-2024,23500,PE,1430,1570,1420,1493.75,1493.75,499,6243.82,125200,20550,07-FEB-2024,
OPTIDX,NIFTY,29-Feb-2024,23550,PE,0,0,0,2500.05,1527.4,0,0,0,0,07-FEB-2024,
OPTIDX,NIFTY,29-Feb-2024,23600,PE,0,0,0,1620.85,1576.6,0,0,900,0,07-FEB-2024,
OPTIDX,NIFTY,29-Feb-2024,23650,PE,0,0,0,1800.3,1625.85,0,0,850,0,07-FEB-2024,
OPTIDX,NIFTY,29-Feb-2024,23700,PE,1765.6,1766.1,1660.8,1660.8,1675.2,6,76.32,2450,-200,07-FEB-2024,
OPTIDX,NIFTY,29-Feb-2024,23750,PE,1793.95,1793.95,1793.95,1793.95,1724.65,1,12.77,1100,50,07-FEB-2024,
OPTIDX,NIFTY,29-Feb-2024,23800,PE,0,0,0,1814.2,1774.15,0,0,1950,0,07-FEB-2024,
OPTIDX,NIFTY,29-Feb-2024,23850,PE,0,0,0,1956.95,1823.7,0,0,1950,0,07-FEB-2024,
OPTIDX,NIFTY,07-Mar-2024,19950,CE,0,0,0,1897.15,2087.7,0,0,0,0,07-FEB-2024,
OPTIDX,NIFTY,07-Mar-2024,20000,CE,0,0,0,1848.95,2038.1,0,0,0,0,07-FEB-2024,
OPTIDX,NIFTY,07-Mar-2024,20050,CE,0,0,0,1800.9,1988.55,0,0,0,0,07-FEB-2024,
OPTIDX,NIFTY,07-Mar-2024,20100,CE,0,0,0,1753.05,1939,0,0,0,0,07-FEB-2024,
OPTIDX,NIFTY,07-Mar-2024,20150,CE,0,0,0,1705.45,1889.55,0,0,0,0,07-FEB-2024,
OPTIDX,NIFTY,07-Mar-2024,20200,CE,0,0,0,1658.1,1840.1,0,0,0,0,07-FEB-2024,
OPTIDX,NIFTY,07-Mar-2024,20250,CE,0,0,0,1611,1790.75,0,0,0,0,07-FEB-2024,
OPTIDX,NIFTY,07-Mar-2024,20300,CE,0,0,0,1564.15,1741.45,0,0,0,0,07-FEB-2024,
OPTIDX,NIFTY,07-Mar-2024,20350,CE,0,0,0,1517.65,1692.3,0,0,0,0,07-FEB-2024,
OPTIDX,NIFTY,07-Mar-2024,20400,CE,0,0,0,1471.5,1643.2,0,0,0,0,07-FEB-2024,
OPTIDX,NIFTY,07-Mar-2024,20450,CE,0,0,0,1425.7,1594.25,0,0,0,0,07-FEB-2024,
OPTIDX,NIFTY,07-Mar-2024,20500,CE,0,0,0,1380.3,1545.45,0,0,0,0,07-FEB-2024,
OPTIDX,NIFTY,07-Mar-2024,20550,CE,0,0,0,1335.3,1496.85,0,0,0,0,07-FEB-2024,
OPTIDX,NIFTY,07-Mar-2024,20600,CE,0,0,0,1290.75,1448.4,0,0,0,0,07-FEB-2024,
OPTIDX,NIFTY,07-Mar-2024,20650,CE,0,0,0,1246.7,1400.15,0,0,0,0,07-FEB-2024,
OPTIDX,NIFTY,07-Mar-2024,20700,CE,0,0,0,1203.15,1352.2,0,0,0,0,07-FEB-2024,
OPTIDX,NIFTY,07-Mar-2024,20750,CE,0,0,0,1160.1,1304.5,0,0,0,0,07-FEB-2024,
OPTIDX,NIFTY,07-Mar-2024,20800,CE,0,0,0,1117.65,1257.15,0,0,0,0,07-FEB-2024,
OPTIDX,NIFTY,07-Mar-2024,20850,CE,0,0,0,1075.8,1210.15,0,0,0,0,07-FEB-2024,
OPTIDX,NIFTY,07-Mar-2024,20900,CE,0,0,0,1034.55,1163.5,0,0,0,0,07-FEB-2024,
OPTIDX,NIFTY,07-Mar-2024,20950,CE,0,0,0,994,1117.35,0,0,0,0,07-FEB-2024,
OPTIDX,NIFTY,07-Mar-2024,21000,CE,0,0,0,954.1,1071.65,0,0,0,0,07-FEB-2024,
OPTIDX,NIFTY,07-Mar-2024,21050,CE,0,0,0,914.9,1026.5,0,0,0,0,07-FEB-2024,
OPTIDX,NIFTY,07-Mar-2024,21100,CE,0,0,0,876.45,981.9,0,0,0,0,07-FEB-2024,
OPTIDX,NIFTY,07-Mar-2024,21150,CE,0,0,0,838.8,937.9,0,0,0,0,07-FEB-2024,
OPTIDX,NIFTY,07-Mar-2024,21200,CE,0,0,0,802.7,894.65,0,0,0,0,07-FEB-2024,
OPTIDX,NIFTY,07-Mar-2024,21250,CE,0,0,0,765.75,852.1,0,0,0,0,07-FEB-2024,
OPTIDX,NIFTY,07-Mar-2024,21300,CE,0,0,0,730.55,810.3,0,0,0,0,07-FEB-2024,
OPTIDX,NIFTY,07-Mar-2024,21350,CE,0,0,0,696.25,769.35,0,0,0,0,07-FEB-2024,
OPTIDX,NIFTY,07-Mar-2024,21400,CE,0,0,0,662.8,729.3,0,0,0,0,07-FEB-2024,
OPTIDX,NIFTY,07-Mar-2024,21450,CE,0,0,0,630.3,690.15,0,0,0,0,07-FEB-2024,
OPTIDX,NIFTY,07-Mar-2024,21500,CE,0,0,0,615.2,652,0,0,100,0,07-FEB-2024,
OPTIDX,NIFTY,07-Mar-2024,21550,CE,0,0,0,568.05,614.9,0,0,0,0,07-FEB-2024,
OPTIDX,NIFTY,07-Mar-2024,21600,CE,0,0,0,602.1,578.8,0,0,200,0,07-FEB-2024,
OPTIDX,NIFTY,07-Mar-2024,21650,CE,0,0,0,509.55,543.85,0,0,0,0,07-FEB-2024,
OPTIDX,NIFTY,07-Mar-2024,21700,CE,633.65,638.75,522.45,559.15,559.15,68,758.12,4650,500,07-FEB-2024,
OPTIDX,NIFTY,07-Mar-2024,21750,CE,600.5,600.5,488.05,530,530,44,490.94,900,600,07-FEB-2024,
OPTIDX,NIFTY,07-Mar-2024,21800,CE,500,500,500,500,446.05,1,11.15,2550,-50,07-FEB-2024,
OPTIDX,NIFTY,07-Mar-2024,21850,CE,0,0,0,404.15,415.85,0,0,0,0,07-FEB-2024,
OPTIDX,NIFTY,07-Mar-2024,21900,CE,474.65,482.8,401.65,437.35,437.35,40,446.73,11400,700,07-FEB-2024,
OPTIDX,NIFTY,07-Mar-2024,21950,CE,366.85,409.4,366.85,409.4,409.4,2,22.33,150,100,07-FEB-2024,
OPTIDX,NIFTY,07-Mar-2024,22000,CE,421.5,444.7,344.45,380.15,380.15,313,3504.65,19500,6400,07-FEB-2024,
OPTIDX,NIFTY,07-Mar-2024,22050,CE,0,0,0,304.3,307.75,0,0,50,0,07-FEB-2024,
OPTIDX,NIFTY,07-Mar-2024,22100,CE,305.95,325,305.95,325,283.9,2,22.41,600,100,07-FEB-2024,
OPTIDX,NIFTY,07-Mar-2024,22150,CE,349,349,276.8,282,261.35,4,44.9,100,50,07-FEB-2024,
OPTIDX,NIFTY,07-Mar-2024,22200,CE,322,322,250,274.5,240.05,12,134.91,1350,200,07-FEB-2024,
OPTIDX,NIFTY,07-Mar-2024,22250,CE,0,0,0,250,219.95,0,0,50,0,07-FEB-2024,
OPTIDX,NIFTY,07-Mar-2024,22300,CE,231.6,246.45,229.95,241,241,8,90.15,2050,200,07-FEB-2024,
OPTIDX,NIFTY,07-Mar-2024,22350,CE,192,208,192,208,208,2,22.55,100,100,07-FEB-2024,
OPTIDX,NIFTY,07-Mar-2024,22400,CE,182.3,182.3,182.3,182.3,166.9,2,22.58,550,0,07-FEB-2024,
OPTIDX,NIFTY,07-Mar-2024,22450,CE,0,0,0,178.7,151.55,0,0,0,0,07-FEB-2024,
OPTIDX,NIFTY,07-Mar-2024,22500,CE,200,203.9,149.6,163.45,163.45,241,2732.14,6950,300,07-FEB-2024,
OPTIDX,NIFTY,07-Mar-2024,22550,CE,0,0,0,154.15,124,0,0,0,0,07-FEB-2024,
OPTIDX,NIFTY,07-Mar-2024,22600,CE,134.95,139.1,120,130,130,14,159.1,1400,-150,07-FEB-2024,
OPTIDX,NIFTY,07-Mar-2024,22650,CE,0,0,0,113.5,100.45,0,0,100,0,07-FEB-2024,
OPTIDX,NIFTY,07-Mar-2024,22700,CE,0,0,0,120.45,90.1,0,0,0,0,07-FEB-2024,
OPTIDX,NIFTY,07-Mar-2024,22750,CE,0,0,0,110.8,80.6,0,0,0,0,07-FEB-2024,
OPTIDX,NIFTY,07-Mar-2024,22800,CE,0,0,0,101.85,71.95,0,0,0,0,07-FEB-2024,
OPTIDX,NIFTY,07-Mar-2024,22850,CE,0,0,0,93.45,64.05,0,0,0,0,07-FEB-2024,
OPTIDX,NIFTY,07-Mar-2024,22900,CE,84,84,67.5,79.4,79.4,19,218.31,500,500,07-FEB-2024,
OPTIDX,NIFTY,07-Mar-2024,22950,CE,0,0,0,57,50.35,0,0,50,0,07-FEB-2024,
OPTIDX,NIFTY,07-Mar-2024,23000,CE,71.75,77.85,52.05,59.65,59.65,979,11291.31,9100,3000,07-FEB-2024,
OPTIDX,NIFTY,07-Mar-2024,23050,CE,0,0,0,65.35,39.2,0,0,0,0,07-FEB-2024,
OPTIDX,NIFTY,07-Mar-2024,23100,CE,0,0,0,59.55,34.45,0,0,0,0,07-FEB-2024,
OPTIDX,NIFTY,07-Mar-2024,23150,CE,0,0,0,54.2,30.2,0,0,0,0,07-FEB-2024,
OPTIDX,NIFTY,07-Mar-2024,23200,CE,0,0,0,49.25,26.4,0,0,0,0,07-FEB-2024,
OPTIDX,NIFTY,07-Mar-2024,23250,CE,0,0,0,44.65,23.05,0,0,0,0,07-FEB-2024,
OPTIDX,NIFTY,07-Mar-2024,23300,CE,0,0,0,40.5,20.05,0,0,0,0,07-FEB-2024,
OPTIDX,NIFTY,07-Mar-2024,23350,CE,0,0,0,36.65,17.4,0,0,0,0,07-FEB-2024,
OPTIDX,NIFTY,07-Mar-2024,23400,CE,20.1,33,20.1,26.3,26.3,12,140.56,550,300,07-FEB-2024,
OPTIDX,NIFTY,07-Mar-2024,23450,CE,13.05,29.2,13.05,22.95,13,15,176.06,900,400,07-FEB-2024,
OPTIDX,NIFTY,07-Mar-2024,23500,CE,25.1,25.6,18,20.65,20.65,92,1081.96,4800,-150,07-FEB-2024,
OPTIDX,NIFTY,07-Mar-2024,23550,CE,0,0,0,18,9.6,0,0,150,0,07-FEB-2024,
OPTIDX,NIFTY,07-Mar-2024,23600,CE,17,22,15.3,16.25,8.2,5,59.04,600,0,07-FEB-2024,
OPTIDX,NIFTY,07-Mar-2024,23650,CE,22.95,22.95,16.5,17.5,17.5,3,35.5,100,100,07-FEB-2024,
OPTIDX,NIFTY,07-Mar-2024,23700,CE,20.55,21,15.95,16.45,16.45,10,118.58,350,350,07-FEB-2024,
OPTIDX,NIFTY,07-Mar-2024,19950,PE,0,0,0,9.4,0.5,0,0,0,0,07-FEB-2024,
OPTIDX,NIFTY,07-Mar-2024,20000,PE,20,21.95,15.65,17,17,190,1901.78,6000,4300,07-FEB-2024,
OPTIDX,NIFTY,07-Mar-2024,20050,PE,0,0,0,12.45,0.8,0,0,0,0,07-FEB-2024,
OPTIDX,NIFTY,07-Mar-2024,20100,PE,0,0,0,14.25,1,0,0,0,0,07-FEB-2024,
OPTIDX,NIFTY,07-Mar-2024,20150,PE,0,0,0,16.3,1.25,0,0,0,0,07-FEB-2024,
OPTIDX,NIFTY,07-Mar-2024,20200,PE,0,0,0,18.55,1.55,0,0,0,0,07-FEB-2024,
OPTIDX,NIFTY,07-Mar-2024,20250,PE,0,0,0,21.1,1.95,0,0,0,0,07-FEB-2024,
OPTIDX,NIFTY,07-Mar-2024,20300,PE,0,0,0,23.95,2.4,0,0,0,0,07-FEB-2024,
OPTIDX,NIFTY,07-Mar-2024,20350,PE,0,0,0,27.1,2.95,0,0,0,0,07-FEB-2024,
OPTIDX,NIFTY,07-Mar-2024,20400,PE,0,0,0,30.6,3.6,0,0,0,0,07-FEB-2024,
OPTIDX,NIFTY,07-Mar-2024,20450,PE,0,0,0,34.45,4.4,0,0,0,0,07-FEB-2024,
OPTIDX,NIFTY,07-Mar-2024,20500,PE,0,0,0,40,5.3,0,0,50,0,07-FEB-2024,
OPTIDX,NIFTY,07-Mar-2024,20550,PE,0,0,0,43.35,6.4,0,0,0,0,07-FEB-2024,
OPTIDX,NIFTY,07-Mar-2024,20600,PE,0,0,0,48.45,7.7,0,0,0,0,07-FEB-2024,
OPTIDX,NIFTY,07-Mar-2024,20650,PE,0,0,0,54,9.2,0,0,0,0,07-FEB-2024,
OPTIDX,NIFTY,07-Mar-2024,20700,PE,0,0,0,60.1,11,0,0,0,0,07-FEB-2024,
OPTIDX,NIFTY,07-Mar-2024,20750,PE,0,0,0,66.75,13.05,0,0,0,0,07-FEB-2024,
OPTIDX,NIFTY,07-Mar-2024,20800,PE,0,0,0,73.9,15.4,0,0,0,0,07-FEB-2024,
OPTIDX,NIFTY,07-Mar-2024,20850,PE,0,0,0,81.7,18.1,0,0,0,0,07-FEB-2024,
OPTIDX,NIFTY,07-Mar-2024,20900,PE,0,0,0,90.1,21.25,0,0,0,0,07-FEB-2024,
OPTIDX,NIFTY,07-Mar-2024,20950,PE,0,0,0,99.2,24.8,0,0,0,0,07-FEB-2024,
OPTIDX,NIFTY,07-Mar-2024,21000,PE,77.25,92.1,71.1,76.75,76.75,249,2624.76,8900,2450,07-FEB-2024,
OPTIDX,NIFTY,07-Mar-2024,21050,PE,0,0,0,119.4,33.4,0,0,0,0,07-FEB-2024,
OPTIDX,NIFTY,07-Mar-2024,21100,PE,0,0,0,130.65,38.55,0,0,0,0,07-FEB-2024,
OPTIDX,NIFTY,07-Mar-2024,21150,PE,0,0,0,142.6,44.3,0,0,0,0,07-FEB-2024,
OPTIDX,NIFTY,07-Mar-2024,21200,PE,0,0,0,156.15,50.75,0,0,0,0,07-FEB-2024,
OPTIDX,NIFTY,07-Mar-2024,21250,PE,0,0,0,168.85,57.9,0,0,0,0,07-FEB-2024,
OPTIDX,NIFTY,07-Mar-2024,21300,PE,0,0,0,183.3,65.85,0,0,0,0,07-FEB-2024,
OPTIDX,NIFTY,07-Mar-2024,21350,PE,0,0,0,198.65,74.65,0,0,0,0,07-FEB-2024,
OPTIDX,NIFTY,07-Mar-2024,21400,PE,0,0,0,214.85,84.3,0,0,0,0,07-FEB-2024,
OPTIDX,NIFTY,07-Mar-2024,21450,PE,0,0,0,126.8,94.95,0,0,50,0,07-FEB-2024,
OPTIDX,NIFTY,07-Mar-2024,21500,PE,0,0,0,250.05,106.5,0,0,0,0,07-FEB-2024,
OPTIDX,NIFTY,07-Mar-2024,21550,PE,0,0,0,269.05,119.1,0,0,0,0,07-FEB-2024,
OPTIDX,NIFTY,07-Mar-2024,21600,PE,188,213.1,183.5,192.2,192.2,9,98.07,500,150,07-FEB-2024,
OPTIDX,NIFTY,07-Mar-2024,21650,PE,0,0,0,309.85,147.6,0,0,0,0,07-FEB-2024,
OPTIDX,NIFTY,07-Mar-2024,21700,PE,220,229,217.6,222.6,222.6,33,361.67,5050,750,07-FEB-2024,
OPTIDX,NIFTY,07-Mar-2024,21750,PE,0,0,0,354.55,180.6,0,0,0,0,07-FEB-2024,
OPTIDX,NIFTY,07-Mar-2024,21800,PE,235.45,292.55,235.4,251,251,45,496.44,2250,0,07-FEB-2024,
OPTIDX,NIFTY,07-Mar-2024,21850,PE,0,0,0,278.3,218.5,0,0,50,0,07-FEB-2024,
OPTIDX,NIFTY,07-Mar-2024,21900,PE,264,340,264,285.15,285.15,51,565.86,10450,350,07-FEB-2024,
OPTIDX,NIFTY,07-Mar-2024,21950,PE,344.05,344.05,323,323,261.35,2,22.28,0,0,07-FEB-2024,
OPTIDX,NIFTY,07-Mar-2024,22000,PE,305.05,390,305.05,319.85,319.85,330,3684.45,11550,1800,07-FEB-2024,
OPTIDX,NIFTY,07-Mar-2024,22050,PE,329.55,332.35,329.55,332.35,309.3,6,67.14,300,300,07-FEB-2024,
OPTIDX,NIFTY,07-Mar-2024,22100,PE,0,0,0,541.4,335.2,0,0,0,0,07-FEB-2024,
OPTIDX,NIFTY,07-Mar-2024,22150,PE,0,0,0,571.9,362.4,0,0,0,0,07-FEB-2024,
OPTIDX,NIFTY,07-Mar-2024,22200,PE,0,0,0,603.3,390.8,0,0,0,0,07-FEB-2024,
OPTIDX,NIFTY,07-Mar-2024,22250,PE,0,0,0,635.6,420.45,0,0,0,0,07-FEB-2024,
OPTIDX,NIFTY,07-Mar-2024,22300,PE,0,0,0,668.8,451.3,0,0,0,0,07-FEB-2024,
OPTIDX,NIFTY,07-Mar-2024,22350,PE,0,0,0,702.8,483.4,0,0,0,0,07-FEB-2024,
OPTIDX,NIFTY,07-Mar-2024,22400,PE,0,0,0,737.7,516.6,0,0,0,0,07-FEB-2024,
OPTIDX,NIFTY,07-Mar-2024,22450,PE,0,0,0,773.4,550.95,0,0,0,0,07-FEB-2024,
OPTIDX,NIFTY,07-Mar-2024,22500,PE,0,0,0,750,586.4,0,0,50,0,07-FEB-2024,
OPTIDX,NIFTY,07-Mar-2024,22550,PE,0,0,0,848.15,622.9,0,0,0,0,07-FEB-2024,
OPTIDX,NIFTY,07-Mar-2024,22600,PE,0,0,0,885.25,660.35,0,0,0,0,07-FEB-2024,
OPTIDX,NIFTY,07-Mar-2024,22650,PE,0,0,0,923.95,698.8,0,0,0,0,07-FEB-2024,
OPTIDX,NIFTY,07-Mar-2024,22700,PE,0,0,0,963.35,738.2,0,0,0,0,07-FEB-2024,
OPTIDX,NIFTY,07-Mar-2024,22750,PE,0,0,0,1003.35,778.45,0,0,0,0,07-FEB-2024,
OPTIDX,NIFTY,07-Mar-2024,22800,PE,0,0,0,1044.05,819.5,0,0,0,0,07-FEB-2024,
OPTIDX,NIFTY,07-Mar-2024,22850,PE,0,0,0,1085.3,861.3,0,0,0,0,07-FEB-2024,
OPTIDX,NIFTY,07-Mar-2024,22900,PE,0,0,0,1127.15,903.85,0,0,0,0,07-FEB-2024,
OPTIDX,NIFTY,07-Mar-2024,22950,PE,0,0,0,1169.5,947.1,0,0,0,0,07-FEB-2024,
OPTIDX,NIFTY,07-Mar-2024,23000,PE,0,0,0,1200,990.95,0,0,50,0,07-FEB-2024,
OPTIDX,NIFTY,07-Mar-2024,23050,PE,0,0,0,1255.8,1035.4,0,0,0,0,07-FEB-2024,
OPTIDX,NIFTY,07-Mar-2024,23100,PE,0,0,0,1299.65,1080.4,0,0,0,0,07-FEB-2024,
OPTIDX,NIFTY,07-Mar-2024,23150,PE,0,0,0,1343.9,1125.9,0,0,0,0,07-FEB-2024,
OPTIDX,NIFTY,07-Mar-2024,23200,PE,0,0,0,1388.6,1171.8,0,0,0,0,07-FEB-2024,
OPTIDX,NIFTY,07-Mar-2024,23250,PE,0,0,0,1433.7,1218.15,0,0,0,0,07-FEB-2024,
OPTIDX,NIFTY,07-Mar-2024,23300,PE,0,0,0,1479.15,1264.9,0,0,0,0,07-FEB-2024,
OPTIDX,NIFTY,07-Mar-2024,23350,PE,0,0,0,1524.95,1312,0,0,0,0,07-FEB-2024,
OPTIDX,NIFTY,07-Mar-2024,23400,PE,0,0,0,1571.1,1359.4,0,0,0,0,07-FEB-2024,
OPTIDX,NIFTY,07-Mar-2024,23450,PE,0,0,0,1617.5,1407.05,0,0,0,0,07-FEB-2024,
OPTIDX,NIFTY,07-Mar-2024,23500,PE,0,0,0,1664.2,1455,0,0,0,0,07-FEB-2024,
OPTIDX,NIFTY,07-Mar-2024,23550,PE,0,0,0,1711.15,1503.15,0,0,0,0,07-FEB-2024,
OPTIDX,NIFTY,07-Mar-2024,23600,PE,0,0,0,1758.35,1551.5,0,0,0,0,07-FEB-2024,
OPTIDX,NIFTY,07-Mar-2024,23650,PE,0,0,0,1805.75,1600,0,0,0,0,07-FEB-2024,
OPTIDX,NIFTY,07-Mar-2024,23700,PE,0,0,0,1853.35,1648.7,0,0,0,0,07-FEB-2024,
OPTIDX,NIFTY,28-Mar-2024,14000,CE,8030,8030,7850,7968.95,7968.95,12,131.72,321800,-100,07-FEB-2024,
OPTIDX,NIFTY,28-Mar-2024,15000,CE,0,0,0,6989.4,7068.55,0,0,25600,0,07-FEB-2024,
OPTIDX,NIFTY,28-Mar-2024,16000,CE,6014,6014,6014,6014,6077.75,1,11,41600,-50,07-FEB-2024,
OPTIDX,NIFTY,28-Mar-2024,17000,CE,5050,5086.6,4978.55,5086.6,5086.95,17,187.21,140050,-400,07-FEB-2024,
OPTIDX,NIFTY,28-Mar-2024,18000,CE,4145.6,4145.6,4000,4058.75,4058.75,97,1069.97,637600,-1200,07-FEB-2024,
OPTIDX,NIFTY,28-Mar-2024,19000,CE,3168.95,3186.8,3033.35,3108.05,3108.05,66,729.96,468200,-100,07-FEB-2024,
OPTIDX,NIFTY,28-Mar-2024,19500,CE,2651.65,2651.7,2625.4,2625.4,2610.85,4,44.29,1950,-200,07-FEB-2024,
OPTIDX,NIFTY,28-Mar-2024,19550,CE,0,0,0,2607.5,2561.5,0,0,0,0,07-FEB-2024,
OPTIDX,NIFTY,28-Mar-2024,19600,CE,0,0,0,2560.8,2512.2,0,0,0,0,07-FEB-2024,
OPTIDX,NIFTY,28-Mar-2024,19650,CE,0,0,0,2514.3,2462.9,0,0,0,0,07-FEB-2024,
OPTIDX,NIFTY,28-Mar-2024,19700,CE,0,0,0,2467.95,2413.65,0,0,0,0,07-FEB-2024,
OPTIDX,NIFTY,28-Mar-2024,19750,CE,0,0,0,2421.85,2364.45,0,0,0,0,07-FEB-2024,
OPTIDX,NIFTY,28-Mar-2024,19800,CE,0,0,0,1950,2315.3,0,0,950,0,07-FEB-2024,
OPTIDX,NIFTY,28-Mar-2024,19850,CE,0,0,0,2330.25,2266.2,0,0,0,0,07-FEB-2024,
OPTIDX,NIFTY,28-Mar-2024,19900,CE,0,0,0,2027.8,2217.2,0,0,200,0,07-FEB-2024,
OPTIDX,NIFTY,28-Mar-2024,19950,CE,0,0,0,2239.55,2168.3,0,0,0,0,07-FEB-2024,
OPTIDX,NIFTY,28-Mar-2024,20000,CE,2218.55,2240,2080,2155.8,2155.8,237,2627.19,459850,-950,07-FEB-2024,
OPTIDX,NIFTY,28-Mar-2024,20050,CE,0,0,0,2149.85,2070.7,0,0,0,0,07-FEB-2024,
OPTIDX,NIFTY,28-Mar-2024,20100,CE,2094.6,2094.6,2094.6,2094.6,2022.1,2,22.19,800,0,07-FEB-2024,
OPTIDX,NIFTY,28-Mar-2024,20150,CE,2034,2034,2034,2034,2034,1,11.09,50,50,07-FEB-2024,
OPTIDX,NIFTY,28-Mar-2024,20200,CE,1973.55,1973.55,1973.55,1973.55,1925.25,2,22.17,400,0,07-FEB-2024,
OPTIDX,NIFTY,28-Mar-2024,20250,CE,0,0,0,1355.8,1877.05,0,0,50,0,07-FEB-2024,
OPTIDX,NIFTY,28-Mar-2024,20300,CE,0,0,0,1745.6,1829,0,0,600,0,07-FEB-2024,
OPTIDX,NIFTY,28-Mar-2024,20350,CE,0,0,0,1339.55,1781.2,0,0,400,0,07-FEB-2024,
OPTIDX,NIFTY,28-Mar-2024,20400,CE,1777.5,1777.5,1777.5,1777.5,1733.55,2,22.17,650,0,07-FEB-2024,
OPTIDX,NIFTY,28-Mar-2024,20450,CE,0,0,0,1208.75,1686.2,0,0,100,0,07-FEB-2024,
OPTIDX,NIFTY,28-Mar-2024,20500,CE,1753.7,1771.9,1615.1,1703.1,1703.1,53,588.17,62900,450,07-FEB-2024,
OPTIDX,NIFTY,28-Mar-2024,20550,CE,0,0,0,1362.95,1592.2,0,0,1100,0,07-FEB-2024,
OPTIDX,NIFTY,28-Mar-2024,20600,CE,1614.85,1617,1560,1560,1545.6,3,33.29,3900,-50,07-FEB-2024,
OPTIDX,NIFTY,28-Mar-2024,20650,CE,0,0,0,1373.2,1499.4,0,0,500,0,07-FEB-2024,
OPTIDX,NIFTY,28-Mar-2024,20700,CE,0,0,0,1476,1453.5,0,0,1450,0,07-FEB-2024,
OPTIDX,NIFTY,28-Mar-2024,20750,CE,0,0,0,1274.65,1407.95,0,0,850,0,07-FEB-2024,
OPTIDX,NIFTY,28-Mar-2024,20800,CE,1375,1375,1375,1375,1362.85,1,11.08,1750,50,07-FEB-2024,
OPTIDX,NIFTY,28-Mar-2024,20850,CE,0,0,0,1295.3,1318.15,0,0,300,0,07-FEB-2024,
OPTIDX,NIFTY,28-Mar-2024,20900,CE,1400,1420,1270,1270,1273.95,3,33.39,2150,50,07-FEB-2024,
OPTIDX,NIFTY,28-Mar-2024,20950,CE,0,0,0,1282.75,1230.2,0,0,350,0,07-FEB-2024,
OPTIDX,NIFTY,28-Mar-2024,21000,CE,1334.2,1348.75,1190,1265.75,1265.75,1337,14875.2,1218550,15550,07-FEB-2024,
OPTIDX,NIFTY,28-Mar-2024,21050,CE,0,0,0,1038.35,1144.3,0,0,650,0,07-FEB-2024,
OPTIDX,NIFTY,28-Mar-2024,21100,CE,1225,1225,1154.6,1154.6,1102.2,7,78.02,6200,50,07-FEB-2024,
OPTIDX,NIFTY,28-Mar-2024,21150,CE,1166.55,1166.55,1126,1126,1060.7,2,22.29,550,100,07-FEB-2024,
OPTIDX,NIFTY,28-Mar-2024,21200,CE,1145,1171.9,1038.45,1053,1019.85,35,389.87,28150,700,07-FEB-2024,
OPTIDX,NIFTY,28-Mar-2024,21250,CE,1086.95,1086.95,1008.75,1052.4,979.65,7,78.01,1500,250,07-FEB-2024,
OPTIDX,NIFTY,28-Mar-2024,21300,CE,1042.6,1042.6,951.65,1016.9,1016.9,255,2839.97,38150,7200,07-FEB-2024,
OPTIDX,NIFTY,28-Mar-2024,21350,CE,1009.05,1009.05,928.2,971.1,901.4,28,312.35,2650,-100,07-FEB-2024,
OPTIDX,NIFTY,28-Mar-2024,21400,CE,1018.5,1018.5,899.75,933.8,933.8,23,257.34,40550,450,07-FEB-2024,
OPTIDX,NIFTY,28-Mar-2024,21450,CE,0,0,0,877.55,826.1,0,0,4050,0,07-FEB-2024,
OPTIDX,NIFTY,28-Mar-2024,21500,CE,913,944.9,813.7,864.45,864.45,1183,13235.21,150500,-7050,07-FEB-2024,
OPTIDX,NIFTY,28-Mar-2024,21550,CE,840.75,857.65,799.25,799.25,754.05,6,67.14,8700,50,07-FEB-2024,
OPTIDX,NIFTY,28-Mar-2024,21600,CE,874.95,874.95,745,796.6,796.6,154,1725.73,62650,-850,07-FEB-2024,
OPTIDX,NIFTY,28-Mar-2024,21650,CE,813.95,823.55,715.9,715.9,685.4,9,100.95,5350,0,07-FEB-2024,
OPTIDX,NIFTY,28-Mar-2024,21700,CE,800,805.65,684.35,735.5,735.5,406,4557.05,66350,-2800,07-FEB-2024,
OPTIDX,NIFTY,28-Mar-2024,21750,CE,750,763.3,660.9,685.25,685.25,42,472.03,4500,-200,07-FEB-2024,
OPTIDX,NIFTY,28-Mar-2024,21800,CE,694.85,775.4,617,660.85,660.85,828,9304.04,69650,-2600,07-FEB-2024,
OPTIDX,NIFTY,28-Mar-2024,21850,CE,699.95,700,596.35,629.4,629.4,49,551.3,4700,-100,07-FEB-2024,
OPTIDX,NIFTY,28-Mar-2024,21900,CE,664.95,677.55,558.05,606.9,606.9,916,10309.5,88850,9950,07-FEB-2024,
OPTIDX,NIFTY,28-Mar-2024,21950,CE,617.05,642.5,540,572.65,572.65,131,1476.35,4450,-400,07-FEB-2024,
OPTIDX,NIFTY,28-Mar-2024,22000,CE,631.35,631.35,501.25,543.25,543.25,7004,78986,1108650,12300,07-FEB-2024,
OPTIDX,NIFTY,28-Mar-2024,22050,CE,580,584.4,481.1,511.95,447.45,83,936.77,9100,200,07-FEB-2024,
OPTIDX,NIFTY,28-Mar-2024,22100,CE,519,582.1,450,485.9,485.9,488,5515.36,60900,3300,07-FEB-2024,
OPTIDX,NIFTY,28-Mar-2024,22150,CE,512.05,512.05,428.15,456.05,456.05,68,768.89,3650,-300,07-FEB-2024,
OPTIDX,NIFTY,28-Mar-2024,22200,CE,489.95,496,400,433.8,433.8,1301,14732.68,114650,4200,07-FEB-2024,
OPTIDX,NIFTY,28-Mar-2024,22250,CE,455.15,465.3,383.2,402.65,402.65,47,532.77,2850,-150,07-FEB-2024,
OPTIDX,NIFTY,28-Mar-2024,22300,CE,436.95,442.1,353.45,383.9,383.9,763,8660.89,70200,450,07-FEB-2024,
OPTIDX,NIFTY,28-Mar-2024,22350,CE,398.5,405.7,335,363.95,363.95,50,568.14,3800,50,07-FEB-2024,
OPTIDX,NIFTY,28-Mar-2024,22400,CE,368.8,392.8,313.5,341.8,341.8,591,6724.51,43600,5300,07-FEB-2024,
OPTIDX,NIFTY,28-Mar-2024,22450,CE,358.45,366.95,294.65,322.35,322.35,35,398.73,8350,100,07-FEB-2024,
OPTIDX,NIFTY,28-Mar-2024,22500,CE,340,350,275.5,303.45,303.45,4463,50906.85,543200,17150,07-FEB-2024,
OPTIDX,NIFTY,28-Mar-2024,22550,CE,317.75,326.75,259.15,276.55,276.55,127,1450.18,43050,-550,07-FEB-2024,
OPTIDX,NIFTY,28-Mar-2024,22600,CE,299.55,306.85,240.85,263.25,263.25,729,8337.65,41650,3050,07-FEB-2024,
OPTIDX,NIFTY,28-Mar-2024,22650,CE,277,277.85,229.6,241.05,241.05,173,1981.11,5800,-2100,07-FEB-2024,
OPTIDX,NIFTY,28-Mar-2024,22700,CE,270,270,207.05,226.35,226.35,903,10355.76,96300,10300,07-FEB-2024,
OPTIDX,NIFTY,28-Mar-2024,22750,CE,245,246.45,196,207,175.75,99,1137.16,10800,1000,07-FEB-2024,
OPTIDX,NIFTY,28-Mar-2024,22800,CE,237,237,178.8,194.65,194.65,1161,13354.62,215100,5800,07-FEB-2024,
OPTIDX,NIFTY,28-Mar-2024,22850,CE,206,212,168.95,183.1,183.1,184,2120.3,11050,3950,07-FEB-2024,
OPTIDX,NIFTY,28-Mar-2024,22900,CE,191,205.85,157.3,168,168,763,8805.04,63900,3150,07-FEB-2024,
OPTIDX,NIFTY,28-Mar-2024,22950,CE,190.95,191,147.1,159.25,159.25,333,3848.32,36700,250,07-FEB-2024,
OPTIDX,NIFTY,28-Mar-2024,23000,CE,160,185.05,135.45,146.3,146.3,16794,194431.87,1114450,-52850,07-FEB-2024,
OPTIDX,NIFTY,28-Mar-2024,23050,CE,154.4,158.75,127.4,135.6,135.6,280,3246.51,4500,-900,07-FEB-2024,
OPTIDX,NIFTY,28-Mar-2024,23100,CE,147,154,115.75,124.55,124.55,922,10710.01,33700,-5550,07-FEB-2024,
OPTIDX,NIFTY,28-Mar-2024,23150,CE,130.55,133.55,110.25,119.5,91.75,51,593.49,2300,-850,07-FEB-2024,
OPTIDX,NIFTY,28-Mar-2024,23200,CE,129.95,134.2,99.75,106.65,106.65,667,7774.99,34100,-800,07-FEB-2024,
OPTIDX,NIFTY,28-Mar-2024,23250,CE,115.85,117.25,93.9,102,102,37,432.07,2350,250,07-FEB-2024,
OPTIDX,NIFTY,28-Mar-2024,23300,CE,110,116,87.3,92.75,92.75,444,5194.56,45500,2600,07-FEB-2024,
OPTIDX,NIFTY,28-Mar-2024,23350,CE,90,91.65,81.5,84.8,64.15,11,128.89,1850,-50,07-FEB-2024,
OPTIDX,NIFTY,28-Mar-2024,23400,CE,96.25,96.65,73.55,79.05,79.05,445,5225.45,35300,3500,07-FEB-2024,
OPTIDX,NIFTY,28-Mar-2024,23450,CE,96.25,96.25,69.1,75,75,84,988.11,5200,700,07-FEB-2024,
OPTIDX,NIFTY,28-Mar-2024,23500,CE,81.05,84.95,63.75,68.25,68.25,4154,48961.13,370050,13500,07-FEB-2024,
OPTIDX,NIFTY,28-Mar-2024,23550,CE,59.35,76.2,59.35,66,43.85,51,602.25,4400,-250,07-FEB-2024,
OPTIDX,NIFTY,28-Mar-2024,23600,CE,70,70,54.55,58.25,58.25,396,4684.9,14850,4350,07-FEB-2024,
OPTIDX,NIFTY,28-Mar-2024,23650,CE,58.5,58.6,50.9,55.85,36,33,391.1,3400,-600,07-FEB-2024,
OPTIDX,NIFTY,28-Mar-2024,23700,CE,53.45,66.35,46.9,49.35,49.35,243,2885.8,18450,-300,07-FEB-2024,
OPTIDX,NIFTY,28-Mar-2024,23750,CE,52,52.05,44.45,48.25,48.25,37,440.27,3700,-250,07-FEB-2024,
OPTIDX,NIFTY,28-Mar-2024,23800,CE,47.4,53.7,40.85,43,43,833,9931.27,26400,-5750,07-FEB-2024,
OPTIDX,NIFTY,28-Mar-2024,23850,CE,44.35,47.75,38.45,40.7,40.7,528,6307.75,14450,1750,07-FEB-2024,
OPTIDX,NIFTY,28-Mar-2024,24000,CE,37.95,42,31.6,33.3,33.3,6962,83667.28,970550,21100,07-FEB-2024,
OPTIDX,NIFTY,28-Mar-2024,25000,CE,13.85,15.5,13.35,13.9,13.9,1016,12707.36,367350,-2250,07-FEB-2024,
OPTIDX,NIFTY,28-Mar-2024,26000,CE,9.4,10,8.4,9.1,9.1,346,4499.59,157200,-2750,07-FEB-2024,
OPTIDX,NIFTY,28-Mar-2024,27000,CE,3.05,3.05,3.05,3.05,0.05,3,40.5,22550,0,07-FEB-2024,
OPTIDX,NIFTY,28-Mar-2024,14000,PE,2.7,4.1,2.7,3.95,3.95,27,189.05,132450,300,07-FEB-2024,
OPTIDX,NIFTY,28-Mar-2024,15000,PE,0,0,0,6.5,0.05,0,0,8600,0,07-FEB-2024,
OPTIDX,NIFTY,28-Mar-2024,16000,PE,6.85,9.5,6.85,8.45,8.45,33,264.14,179150,-200,07-FEB-2024,
OPTIDX,NIFTY,28-Mar-2024,17000,PE,10.7,10.9,9.25,10.4,10.4,150,1275.76,335950,-2250,07-FEB-2024,
OPTIDX,NIFTY,28-Mar-2024,18000,PE,13.3,15,13.1,13.5,13.5,723,6511.97,880100,-3150,07-FEB-2024,
OPTIDX,NIFTY,28-Mar-2024,19000,PE,18.05,19.75,18.05,18.6,18.6,930,8843.81,1338250,5250,07-FEB-2024,
OPTIDX,NIFTY,28-Mar-2024,19500,PE,24.9,26.55,23.05,23.55,23.55,452,4412.61,113900,-100,07-FEB-2024,
OPTIDX,NIFTY,28-Mar-2024,19550,PE,0,0,0,44.35,1.1,0,0,1150,0,07-FEB-2024,
OPTIDX,NIFTY,28-Mar-2024,19600,PE,26.95,27.45,21.4,24.55,1.3,44,431.77,16200,-200,07-FEB-2024,
OPTIDX,NIFTY,28-Mar-2024,19650,PE,0,0,0,60,1.55,0,0,1350,0,07-FEB-2024,
OPTIDX,NIFTY,28-Mar-2024,19700,PE,30,30,24.75,25.15,25.15,90,887.71,103200,700,07-FEB-2024,
OPTIDX,NIFTY,28-Mar-2024,19750,PE,0,0,0,51,2.15,0,0,750,0,07-FEB-2024,
OPTIDX,NIFTY,28-Mar-2024,19800,PE,33.15,35.4,28.2,29.8,29.8,813,8061.29,160250,-450,07-FEB-2024,
OPTIDX,NIFTY,28-Mar-2024,19850,PE,0,0,0,66.85,3,0,0,200,0,07-FEB-2024,
OPTIDX,NIFTY,28-Mar-2024,19900,PE,39.2,39.8,33.75,34.45,34.45,690,6878.06,218700,14250,07-FEB-2024,
OPTIDX,NIFTY,28-Mar-2024,19950,PE,0,0,0,52,4.15,0,0,0,0,07-FEB-2024,
OPTIDX,NIFTY,28-Mar-2024,20000,PE,43.95,47.2,39.8,40.55,40.55,7517,75330.86,2559850,41750,07-FEB-2024,
OPTIDX,NIFTY,28-Mar-2024,20050,PE,0,0,0,60.5,5.65,0,0,0,0,07-FEB-2024,
OPTIDX,NIFTY,28-Mar-2024,20100,PE,44,49.6,41.65,42,42,765,7705.48,236700,14050,07-FEB-2024,
OPTIDX,NIFTY,28-Mar-2024,20150,PE,44.95,50.95,43.2,44.15,44.15,37,373.61,2050,-650,07-FEB-2024,
OPTIDX,NIFTY,28-Mar-2024,20200,PE,48.45,53.5,44,44.45,44.45,905,9162.22,246400,10750,07-FEB-2024,
OPTIDX,NIFTY,28-Mar-2024,20250,PE,0,0,0,51.1,10.15,0,0,100,0,07-FEB-2024,
OPTIDX,NIFTY,28-Mar-2024,20300,PE,53.4,60.5,49.7,50.1,50.1,1992,20273.01,125700,40400,07-FEB-2024,
OPTIDX,NIFTY,28-Mar-2024,20350,PE,0,0,0,65.5,13.4,0,0,7550,0,07-FEB-2024,
OPTIDX,NIFTY,28-Mar-2024,20400,PE,60,68.65,55.9,57.15,57.15,933,9545.01,241300,9150,07-FEB-2024,
OPTIDX,NIFTY,28-Mar-2024,20450,PE,0,0,0,104,17.45,0,0,1150,0,07-FEB-2024,
OPTIDX,NIFTY,28-Mar-2024,20500,PE,69.95,82.65,61.2,69.25,69.25,6723,69157.18,1046150,37600,07-FEB-2024,
OPTIDX,NIFTY,28-Mar-2024,20550,PE,0,0,0,58.05,22.55,0,0,2500,0,07-FEB-2024,
OPTIDX,NIFTY,28-Mar-2024,20600,PE,78.05,90.6,75.15,76,76,685,7083.19,192550,7100,07-FEB-2024,
OPTIDX,NIFTY,28-Mar-2024,20650,PE,0,0,0,114.5,28.8,0,0,6200,0,07-FEB-2024,
OPTIDX,NIFTY,28-Mar-2024,20700,PE,85.1,100.4,82,83.45,83.45,1368,14218.92,185500,4750,07-FEB-2024,
OPTIDX,NIFTY,28-Mar-2024,20750,PE,96.4,107,92.05,92.6,36.5,11,114.65,13300,-50,07-FEB-2024,
OPTIDX,NIFTY,28-Mar-2024,20800,PE,100,114.75,95.05,95.75,95.75,1433,14975.48,158450,-16350,07-FEB-2024,
OPTIDX,NIFTY,28-Mar-2024,20850,PE,0,0,0,134.9,45.75,0,0,8650,0,07-FEB-2024,
OPTIDX,NIFTY,28-Mar-2024,20900,PE,109.5,131.15,108.85,110.1,110.1,994,10445.91,123850,12500,07-FEB-2024,
OPTIDX,NIFTY,28-Mar-2024,20950,PE,120.45,133.8,118.1,121.85,121.85,40,421.49,11700,100,07-FEB-2024,
OPTIDX,NIFTY,28-Mar-2024,21000,PE,120,153.7,120,129.35,129.35,10295,108794.31,2708200,24500,07-FEB-2024,
OPTIDX,NIFTY,28-Mar-2024,21050,PE,142.55,157.05,139,143.9,70.05,23,243.74,14800,250,07-FEB-2024,
OPTIDX,NIFTY,28-Mar-2024,21100,PE,146.2,168.5,139.8,144.2,144.2,398,4229.1,70150,-500,07-FEB-2024,
OPTIDX,NIFTY,28-Mar-2024,21150,PE,106.05,180,106.05,158.9,85.55,6,63.9,6400,-50,07-FEB-2024,
OPTIDX,NIFTY,28-Mar-2024,21200,PE,157.95,189.6,156.6,160.8,160.8,1335,14262.46,86250,-4350,07-FEB-2024,
OPTIDX,NIFTY,28-Mar-2024,21250,PE,179.3,196.85,168.15,170.35,170.35,34,364.2,9200,-900,07-FEB-2024,
OPTIDX,NIFTY,28-Mar-2024,21300,PE,172.2,213.5,171.2,181.4,181.4,1836,19726.68,306800,12500,07-FEB-2024,
OPTIDX,NIFTY,28-Mar-2024,21350,PE,0,0,0,219.55,124.4,0,0,21100,0,07-FEB-2024,
OPTIDX,NIFTY,28-Mar-2024,21400,PE,193.75,235.6,190.95,202.9,202.9,587,6342.81,91850,1850,07-FEB-2024,
OPTIDX,NIFTY,28-Mar-2024,21450,PE,218.15,246,217.05,217.4,217.4,14,151.77,8750,50,07-FEB-2024,
OPTIDX,NIFTY,28-Mar-2024,21500,PE,226.65,266,205.05,228.05,228.05,5940,64560.38,735150,15850,07-FEB-2024,
OPTIDX,NIFTY,28-Mar-2024,21550,PE,220.9,279.3,220.9,245.55,245.55,58,632.29,7200,450,07-FEB-2024,
OPTIDX,NIFTY,28-Mar-2024,21600,PE,232.55,295.9,232.5,253.2,253.2,1165,12735.86,120700,4250,07-FEB-2024,
OPTIDX,NIFTY,28-Mar-2024,21650,PE,264,308.5,263.05,277.1,277.1,54,592.18,5100,750,07-FEB-2024,
OPTIDX,NIFTY,28-Mar-2024,21700,PE,300,332,259.55,287.95,287.95,1233,13559.65,105200,2600,07-FEB-2024,
OPTIDX,NIFTY,28-Mar-2024,21750,PE,293.55,346.45,290,309.5,309.5,75,827.42,8200,250,07-FEB-2024,
OPTIDX,NIFTY,28-Mar-2024,21800,PE,302.45,370,294.9,323,323,1782,19719.18,120950,5550,07-FEB-2024,
OPTIDX,NIFTY,28-Mar-2024,21850,PE,342.55,380.9,334,339.3,339.3,61,677.14,5300,-700,07-FEB-2024,
OPTIDX,NIFTY,28-Mar-2024,21900,PE,347.25,410.45,330.75,358.75,358.75,1664,18529.59,156700,2750,07-FEB-2024,
OPTIDX,NIFTY,28-Mar-2024,21950,PE,366.35,424.4,358.9,377.95,377.95,131,1462.85,6250,350,07-FEB-2024,
OPTIDX,NIFTY,28-Mar-2024,22000,PE,390.05,452.5,368,399.25,399.25,9497,106407.06,1264150,44700,07-FEB-2024,
OPTIDX,NIFTY,28-Mar-2024,22050,PE,412.9,471.1,390,424.7,424.7,114,1281.47,4050,350,07-FEB-2024,
OPTIDX,NIFTY,28-Mar-2024,22100,PE,413.45,496.15,410.15,437.6,437.6,644,7260.48,38200,-1600,07-FEB-2024,
OPTIDX,NIFTY,28-Mar-2024,22150,PE,447.5,512.3,443.6,468.8,468.8,78,882.06,4150,-50,07-FEB-2024,
OPTIDX,NIFTY,28-Mar-2024,22200,PE,455.95,544,452.05,485.2,485.2,798,9054.76,57200,4300,07-FEB-2024,
OPTIDX,NIFTY,28-Mar-2024,22250,PE,521.05,521.05,504.45,504.45,466.1,3,34.14,1400,0,07-FEB-2024,
OPTIDX,NIFTY,28-Mar-2024,22300,PE,510,598,510,536.7,536.7,325,3711.12,20750,4100,07-FEB-2024,
OPTIDX,NIFTY,28-Mar-2024,22350,PE,536.05,558.05,536.05,558.05,522.85,2,22.89,2050,50,07-FEB-2024,
OPTIDX,NIFTY,28-Mar-2024,22400,PE,545,652.05,545,582.7,582.7,140,1609.76,14250,2150,07-FEB-2024,
OPTIDX,NIFTY,28-Mar-2024,22450,PE,604.75,670.2,596.95,625.2,625.2,15,173.03,1550,600,07-FEB-2024,
OPTIDX,NIFTY,28-Mar-2024,22500,PE,600,718,597,647.65,647.65,1840,21306.18,177450,2500,07-FEB-2024,
OPTIDX,NIFTY,28-Mar-2024,22550,PE,644.7,735.35,644.7,689.5,647.45,20,232.46,2500,1000,07-FEB-2024,
OPTIDX,NIFTY,28-Mar-2024,22600,PE,678.05,775.3,675.35,722.95,722.95,94,1095.34,7050,2500,07-FEB-2024,
OPTIDX,NIFTY,28-Mar-2024,22650,PE,0,0,0,823.75,715,0,0,2700,0,07-FEB-2024,
OPTIDX,NIFTY,28-Mar-2024,22700,PE,745,827.05,733,767.05,767.05,206,2417.6,9400,2250,07-FEB-2024,
OPTIDX,NIFTY,28-Mar-2024,22750,PE,845.75,856.1,845.75,846.8,785.85,3,35.39,1250,150,07-FEB-2024,
OPTIDX,NIFTY,28-Mar-2024,22800,PE,802.05,851.05,794.05,816,816,68,803.19,4600,2700,07-FEB-2024,
OPTIDX,NIFTY,28-Mar-2024,22850,PE,871.8,928.8,871.8,887.9,887.9,3,35.61,1500,50,07-FEB-2024,
OPTIDX,NIFTY,28-Mar-2024,22900,PE,859.95,959.15,859.95,934.75,897.85,39,464.03,4400,1100,07-FEB-2024,
OPTIDX,NIFTY,28-Mar-2024,22950,PE,906.55,1002.65,906.1,944.7,944.7,15,179.32,1750,750,07-FEB-2024,
OPTIDX,NIFTY,28-Mar-2024,23000,PE,998,1064.95,926,982.95,982.95,645,7733.67,216350,4100,07-FEB-2024,
OPTIDX,NIFTY,28-Mar-2024,23050,PE,973.35,1065.55,973.35,1023.75,1016.15,7,84.26,1250,250,07-FEB-2024,
OPTIDX,NIFTY,28-Mar-2024,23100,PE,1020.85,1107.7,1020.8,1047.4,1047.4,5,60.37,1200,150,07-FEB-2024,
OPTIDX,NIFTY,28-Mar-2024,23150,PE,1060.6,1119.2,1060.6,1119.2,1098.2,3,36.37,900,100,07-FEB-2024,
OPTIDX,NIFTY,28-Mar-2024,23200,PE,1100.05,1154.7,1100,1154.7,1140.05,8,97.22,1300,400,07-FEB-2024,
OPTIDX,NIFTY,28-Mar-2024,23250,PE,1135,1227.6,1135,1177.55,1177.55,5,61.09,600,150,07-FEB-2024,
OPTIDX,NIFTY,28-Mar-2024,23300,PE,1242.6,1242.6,1224.15,1224.15,1225.35,2,24.53,550,50,07-FEB-2024,
OPTIDX,NIFTY,28-Mar-2024,23350,PE,1290.45,1290.45,1257.6,1260.85,1260.85,3,36.92,500,100,07-FEB-2024,
OPTIDX,NIFTY,28-Mar-2024,23400,PE,1257.1,1257.1,1257.1,1257.1,1312.6,1,12.32,50,50,07-FEB-2024,
OPTIDX,NIFTY,28-Mar-2024,23450,PE,0,0,0,1344.65,1356.85,0,0,100,0,07-FEB-2024,
OPTIDX,NIFTY,28-Mar-2024,23500,PE,1314.05,1480,1314.05,1431.95,1401.55,14,174.33,5400,200,07-FEB-2024,
OPTIDX,NIFTY,28-Mar-2024,23550,PE,0,0,0,1285.25,1446.6,0,0,50,0,07-FEB-2024,
OPTIDX,NIFTY,28-Mar-2024,23600,PE,0,0,0,1581.9,1492.05,0,0,0,0,07-FEB-2024,
OPTIDX,NIFTY,28-Mar-2024,23650,PE,0,0,0,1621.9,1537.8,0,0,0,0,07-FEB-2024,
OPTIDX,NIFTY,28-Mar-2024,23700,PE,0,0,0,1662.25,1583.9,0,0,0,0,07-FEB-2024,
OPTIDX,NIFTY,28-Mar-2024,23750,PE,0,0,0,1702.95,1630.25,0,0,0,0,07-FEB-2024,
OPTIDX,NIFTY,28-Mar-2024,23800,PE,0,0,0,1744.05,1676.9,0,0,0,0,07-FEB-2024,
OPTIDX,NIFTY,28-Mar-2024,23850,PE,0,0,0,1785.45,1723.8,0,0,0,0,07-FEB-2024,
OPTIDX,NIFTY,28-Mar-2024,24000,PE,1776.8,1940,1765.85,1854.85,1854.85,244,3153.33,254450,3650,07-FEB-2024,
OPTIDX,NIFTY,28-Mar-2024,25000,PE,2760,2886.95,2731.85,2832.7,2832.7,78,1084.17,425700,-650,07-FEB-2024,
OPTIDX,NIFTY,28-Mar-2024,26000,PE,3700,3850,3700,3810,3810,27,402.08,14450,1100,07-FEB-2024,
OPTIDX,NIFTY,28-Mar-2024,27000,PE,4799,4799,4799,4799,4821,1,15.89,700,50,07-FEB-2024,
OPTIDX,NIFTY,25-Apr-2024,19600,CE,0,0,0,2149.7,2617.15,0,0,0,0,07-FEB-2024,
OPTIDX,NIFTY,25-Apr-2024,19650,CE,0,0,0,2104.85,2568.65,0,0,0,0,07-FEB-2024,
OPTIDX,NIFTY,25-Apr-2024,19700,CE,0,0,0,2060.25,2520.25,0,0,0,0,07-FEB-2024,
OPTIDX,NIFTY,25-Apr-2024,19750,CE,0,0,0,2016,2471.95,0,0,0,0,07-FEB-2024,
OPTIDX,NIFTY,25-Apr-2024,19800,CE,0,0,0,1972,2423.8,0,0,0,0,07-FEB-2024,
OPTIDX,NIFTY,25-Apr-2024,19850,CE,0,0,0,1928.35,2375.7,0,0,0,0,07-FEB-2024,
OPTIDX,NIFTY,25-Apr-2024,19900,CE,0,0,0,1885,2327.75,0,0,0,0,07-FEB-2024,
OPTIDX,NIFTY,25-Apr-2024,19950,CE,0,0,0,1842,2279.95,0,0,0,0,07-FEB-2024,
OPTIDX,NIFTY,25-Apr-2024,20000,CE,2230,2230,2230,2230,2232.35,1,11.11,50,50,07-FEB-2024,
OPTIDX,NIFTY,25-Apr-2024,20050,CE,0,0,0,1757.1,2184.85,0,0,0,0,07-FEB-2024,
OPTIDX,NIFTY,25-Apr-2024,20100,CE,0,0,0,1715.15,2137.55,0,0,0,0,07-FEB-2024,
OPTIDX,NIFTY,25-Apr-2024,20150,CE,0,0,0,1673.65,2090.45,0,0,0,0,07-FEB-2024,
OPTIDX,NIFTY,25-Apr-2024,20200,CE,0,0,0,1632.55,2043.5,0,0,0,0,07-FEB-2024,
OPTIDX,NIFTY,25-Apr-2024,20250,CE,0,0,0,1591.85,1996.85,0,0,0,0,07-FEB-2024,
OPTIDX,NIFTY,25-Apr-2024,20300,CE,0,0,0,1551.6,1950.35,0,0,0,0,07-FEB-2024,
OPTIDX,NIFTY,25-Apr-2024,20350,CE,0,0,0,1511.75,1904.15,0,0,0,0,07-FEB-2024,
OPTIDX,NIFTY,25-Apr-2024,20400,CE,0,0,0,1472.35,1858.2,0,0,0,0,07-FEB-2024,
OPTIDX,NIFTY,25-Apr-2024,20450,CE,0,0,0,1433.45,1812.55,0,0,0,0,07-FEB-2024,
OPTIDX,NIFTY,25-Apr-2024,20500,CE,0,0,0,1769,1767.2,0,0,700,0,07-FEB-2024,
OPTIDX,NIFTY,25-Apr-2024,20550,CE,0,0,0,1357.05,1722.15,0,0,0,0,07-FEB-2024,
OPTIDX,NIFTY,25-Apr-2024,20600,CE,0,0,0,1319.6,1677.45,0,0,0,0,07-FEB-2024,
OPTIDX,NIFTY,25-Apr-2024,20650,CE,0,0,0,1282.65,1633.1,0,0,0,0,07-FEB-2024,
OPTIDX,NIFTY,25-Apr-2024,20700,CE,0,0,0,1247,1589.1,0,0,0,0,07-FEB-2024,
OPTIDX,NIFTY,25-Apr-2024,20750,CE,0,0,0,1211,1545.5,0,0,0,0,07-FEB-2024,
OPTIDX,NIFTY,25-Apr-2024,20800,CE,0,0,0,1174.75,1502.35,0,0,0,0,07-FEB-2024,
OPTIDX,NIFTY,25-Apr-2024,20850,CE,0,0,0,1139.95,1459.55,0,0,0,0,07-FEB-2024,
OPTIDX,NIFTY,25-Apr-2024,20900,CE,0,0,0,1105.75,1417.25,0,0,0,0,07-FEB-2024,
OPTIDX,NIFTY,25-Apr-2024,20950,CE,0,0,0,1072.05,1375.45,0,0,0,0,07-FEB-2024,
OPTIDX,NIFTY,25-Apr-2024,21000,CE,1500,1525,1410,1433.8,1433.8,97,1088.23,9950,3100,07-FEB-2024,
OPTIDX,NIFTY,25-Apr-2024,21050,CE,0,0,0,1006.45,1293.25,0,0,0,0,07-FEB-2024,
OPTIDX,NIFTY,25-Apr-2024,21100,CE,0,0,0,974.55,1252.9,0,0,0,0,07-FEB-2024,
OPTIDX,NIFTY,25-Apr-2024,21150,CE,0,0,0,943.2,1213.15,0,0,0,0,07-FEB-2024,
OPTIDX,NIFTY,25-Apr-2024,21200,CE,0,0,0,912.45,1173.9,0,0,0,0,07-FEB-2024,
OPTIDX,NIFTY,25-Apr-2024,21250,CE,0,0,0,882.35,1135.25,0,0,0,0,07-FEB-2024,
OPTIDX,NIFTY,25-Apr-2024,21300,CE,0,0,0,852.8,1097.25,0,0,0,0,07-FEB-2024,
OPTIDX,NIFTY,25-Apr-2024,21350,CE,0,0,0,823.9,1059.8,0,0,0,0,07-FEB-2024,
OPTIDX,NIFTY,25-Apr-2024,21400,CE,0,0,0,795.6,1023,0,0,0,0,07-FEB-2024,
OPTIDX,NIFTY,25-Apr-2024,21450,CE,0,0,0,767.95,986.85,0,0,0,0,07-FEB-2024,
OPTIDX,NIFTY,25-Apr-2024,21500,CE,1150,1164.55,1031.85,1073.6,1073.6,170,1921.43,13300,3300,07-FEB-2024,
OPTIDX,NIFTY,25-Apr-2024,21550,CE,0,0,0,714.45,916.55,0,0,0,0,07-FEB-2024,
OPTIDX,NIFTY,25-Apr-2024,21600,CE,0,0,0,1016,882.4,0,0,850,0,07-FEB-2024,
OPTIDX,NIFTY,25-Apr-2024,21650,CE,0,0,0,663.45,849,0,0,0,0,07-FEB-2024,
OPTIDX,NIFTY,25-Apr-2024,21700,CE,1000.9,1000.9,896,913.75,816.25,10,113.33,2200,-300,07-FEB-2024,
OPTIDX,NIFTY,25-Apr-2024,21750,CE,0,0,0,614.8,784.25,0,0,0,0,07-FEB-2024,
OPTIDX,NIFTY,25-Apr-2024,21800,CE,909.45,967.5,828,887.35,753,33,374.48,2400,650,07-FEB-2024,
OPTIDX,NIFTY,25-Apr-2024,21850,CE,0,0,0,568.75,722.45,0,0,0,0,07-FEB-2024,
OPTIDX,NIFTY,25-Apr-2024,21900,CE,860.05,870,772.15,820,820,34,386.24,7900,500,07-FEB-2024,
OPTIDX,NIFTY,25-Apr-2024,21950,CE,0,0,0,695,663.65,0,0,50,0,07-FEB-2024,
OPTIDX,NIFTY,25-Apr-2024,22000,CE,820.1,825.2,717,756.3,756.3,329,3746.76,69600,2900,07-FEB-2024,
OPTIDX,NIFTY,25-Apr-2024,22050,CE,0,0,0,441.9,607.9,0,0,100,0,07-FEB-2024,
OPTIDX,NIFTY,25-Apr-2024,22100,CE,745,766,700,700,700,15,171.17,700,350,07-FEB-2024,
OPTIDX,NIFTY,25-Apr-2024,22150,CE,0,0,0,445,555.2,0,0,0,0,07-FEB-2024,
OPTIDX,NIFTY,25-Apr-2024,22200,CE,602.05,632,602,632,530,5,57.05,1700,150,07-FEB-2024,
OPTIDX,NIFTY,25-Apr-2024,22250,CE,0,0,0,408.45,505.55,0,0,0,0,07-FEB-2024,
OPTIDX,NIFTY,25-Apr-2024,22300,CE,625.35,631.4,554,590.1,590.1,61,698.96,2550,-450,07-FEB-2024,
OPTIDX,NIFTY,25-Apr-2024,22350,CE,0,0,0,374.2,458.95,0,0,0,0,07-FEB-2024,
OPTIDX,NIFTY,25-Apr-2024,22400,CE,581.4,581.4,517,517,436.75,50,573.99,1950,1800,07-FEB-2024,
OPTIDX,NIFTY,25-Apr-2024,22450,CE,0,0,0,342.1,415.35,0,0,0,0,07-FEB-2024,
OPTIDX,NIFTY,25-Apr-2024,22500,CE,560,560,465.1,493.95,493.95,420,4830.23,50850,2150,07-FEB-2024,
OPTIDX,NIFTY,25-Apr-2024,22550,CE,427.95,481.75,427.95,441.3,374.75,3,34.5,50,50,07-FEB-2024,
OPTIDX,NIFTY,25-Apr-2024,22600,CE,462.25,465,438,438,355.55,6,69.18,2650,50,07-FEB-2024,
OPTIDX,NIFTY,25-Apr-2024,22650,CE,0,0,0,418.85,337.1,0,0,100,0,07-FEB-2024,
OPTIDX,NIFTY,25-Apr-2024,22700,CE,433.2,433.2,433.2,433.2,319.3,1,11.56,400,0,07-FEB-2024,
OPTIDX,NIFTY,25-Apr-2024,22750,CE,389.45,389.45,389.45,389.45,302.25,3,34.7,150,150,07-FEB-2024,
OPTIDX,NIFTY,25-Apr-2024,22800,CE,0,0,0,369.8,285.85,0,0,3950,0,07-FEB-2024,
OPTIDX,NIFTY,25-Apr-2024,22850,CE,0,0,0,235.4,270.1,0,0,0,0,07-FEB-2024,
OPTIDX,NIFTY,25-Apr-2024,22900,CE,363.75,363.75,300.3,300.3,255.05,3,34.83,350,0,07-FEB-2024,
OPTIDX,NIFTY,25-Apr-2024,22950,CE,0,0,0,212.35,240.65,0,0,0,0,07-FEB-2024,
OPTIDX,NIFTY,25-Apr-2024,23000,CE,334.55,338,280,300.5,300.5,1044,12167.7,100200,17900,07-FEB-2024,
OPTIDX,NIFTY,25-Apr-2024,23050,CE,0,0,0,191.9,213.7,0,0,0,0,07-FEB-2024,
OPTIDX,NIFTY,25-Apr-2024,23100,CE,0,0,0,266.3,201.15,0,0,1650,0,07-FEB-2024,
OPTIDX,NIFTY,25-Apr-2024,23150,CE,0,0,0,173.05,189.15,0,0,0,0,07-FEB-2024,
OPTIDX,NIFTY,25-Apr-2024,23200,CE,0,0,0,164.2,177.75,0,0,0,0,07-FEB-2024,
OPTIDX,NIFTY,25-Apr-2024,23250,CE,0,0,0,138,166.9,0,0,50,0,07-FEB-2024,
OPTIDX,NIFTY,25-Apr-2024,23300,CE,0,0,0,147.6,156.55,0,0,0,0,07-FEB-2024,
OPTIDX,NIFTY,25-Apr-2024,23350,CE,0,0,0,110.4,146.75,0,0,100,0,07-FEB-2024,
OPTIDX,NIFTY,25-Apr-2024,23400,CE,181.25,181.25,170,170,137.45,2,23.57,100,100,07-FEB-2024,
OPTIDX,NIFTY,25-Apr-2024,23450,CE,163,163,163,163,128.65,1,11.8,100,50,07-FEB-2024,
OPTIDX,NIFTY,25-Apr-2024,23500,CE,175,188.5,145.35,164.95,164.95,855,10118.47,55650,17000,07-FEB-2024,
OPTIDX,NIFTY,25-Apr-2024,23550,CE,151.05,151.05,151.05,151.05,112.35,2,23.7,650,0,07-FEB-2024,
OPTIDX,NIFTY,25-Apr-2024,23600,CE,150,150,135.25,135.25,104.9,10,118.69,2400,400,07-FEB-2024,
OPTIDX,NIFTY,25-Apr-2024,23650,CE,0,0,0,100.1,97.85,0,0,0,0,07-FEB-2024,
OPTIDX,NIFTY,25-Apr-2024,23700,CE,129,135.5,108,126.7,126.7,147,1751.26,7200,7200,07-FEB-2024,
OPTIDX,NIFTY,25-Apr-2024,19600,PE,0,0,0,52.8,5.95,0,0,0,0,07-FEB-2024,
OPTIDX,NIFTY,25-Apr-2024,19650,PE,0,0,0,57.1,6.75,0,0,0,0,07-FEB-2024,
OPTIDX,NIFTY,25-Apr-2024,19700,PE,0,0,0,45,7.65,0,0,100,0,07-FEB-2024,
OPTIDX,NIFTY,25-Apr-2024,19750,PE,0,0,0,74,8.6,0,0,350,0,07-FEB-2024,
OPTIDX,NIFTY,25-Apr-2024,19800,PE,0,0,0,71.65,9.7,0,0,0,0,07-FEB-2024,
OPTIDX,NIFTY,25-Apr-2024,19850,PE,0,0,0,46,10.95,0,0,50,0,07-FEB-2024,
OPTIDX,NIFTY,25-Apr-2024,19900,PE,0,0,0,82.85,12.3,0,0,0,0,07-FEB-2024,
OPTIDX,NIFTY,25-Apr-2024,19950,PE,0,0,0,89,13.75,0,0,0,0,07-FEB-2024,
OPTIDX,NIFTY,25-Apr-2024,20000,PE,82.5,82.5,70,72.55,72.55,722,7247.41,178300,13300,07-FEB-2024,
OPTIDX,NIFTY,25-Apr-2024,20050,PE,0,0,0,102.3,17.2,0,0,0,0,07-FEB-2024,
OPTIDX,NIFTY,25-Apr-2024,20100,PE,0,0,0,45.1,19.2,0,0,50,0,07-FEB-2024,
OPTIDX,NIFTY,25-Apr-2024,20150,PE,0,0,0,117.15,21.35,0,0,0,0,07-FEB-2024,
OPTIDX,NIFTY,25-Apr-2024,20200,PE,0,0,0,125.15,23.75,0,0,0,0,07-FEB-2024,
OPTIDX,NIFTY,25-Apr-2024,20250,PE,0,0,0,133.55,26.3,0,0,0,0,07-FEB-2024,
OPTIDX,NIFTY,25-Apr-2024,20300,PE,0,0,0,142.4,29.15,0,0,0,0,07-FEB-2024,
OPTIDX,NIFTY,25-Apr-2024,20350,PE,0,0,0,151.7,32.25,0,0,0,0,07-FEB-2024,
OPTIDX,NIFTY,25-Apr-2024,20400,PE,0,0,0,161.45,35.55,0,0,0,0,07-FEB-2024,
OPTIDX,NIFTY,25-Apr-2024,20450,PE,0,0,0,171.65,39.2,0,0,0,0,07-FEB-2024,
OPTIDX,NIFTY,25-Apr-2024,20500,PE,120.3,136.25,116.3,119.35,119.35,723,7456.17,120700,16250,07-FEB-2024,
OPTIDX,NIFTY,25-Apr-2024,20550,PE,0,0,0,193.5,47.35,0,0,0,0,07-FEB-2024,
OPTIDX,NIFTY,25-Apr-2024,20600,PE,0,0,0,205.2,51.95,0,0,0,0,07-FEB-2024,
OPTIDX,NIFTY,25-Apr-2024,20650,PE,0,0,0,217.35,56.85,0,0,0,0,07-FEB-2024,
OPTIDX,NIFTY,25-Apr-2024,20700,PE,0,0,0,230.8,62.15,0,0,0,0,07-FEB-2024,
OPTIDX,NIFTY,25-Apr-2024,20750,PE,0,0,0,243.95,67.85,0,0,0,0,07-FEB-2024,
OPTIDX,NIFTY,25-Apr-2024,20800,PE,0,0,0,256.8,73.95,0,0,0,0,07-FEB-2024,
OPTIDX,NIFTY,25-Apr-2024,20850,PE,0,0,0,271.15,80.5,0,0,0,0,07-FEB-2024,
OPTIDX,NIFTY,25-Apr-2024,20900,PE,0,0,0,286.05,87.45,0,0,0,0,07-FEB-2024,
OPTIDX,NIFTY,25-Apr-2024,20950,PE,0,0,0,301.5,94.9,0,0,0,0,07-FEB-2024,
OPTIDX,NIFTY,25-Apr-2024,21000,PE,197,218.9,192.05,196.55,196.55,1039,11014.54,111500,18900,07-FEB-2024,
OPTIDX,NIFTY,25-Apr-2024,21050,PE,0,0,0,334.1,111.25,0,0,0,0,07-FEB-2024,
OPTIDX,NIFTY,25-Apr-2024,21100,PE,0,0,0,351.3,120.25,0,0,0,0,07-FEB-2024,
OPTIDX,NIFTY,25-Apr-2024,21150,PE,0,0,0,369.1,129.75,0,0,0,0,07-FEB-2024,
OPTIDX,NIFTY,25-Apr-2024,21200,PE,0,0,0,387.5,139.8,0,0,0,0,07-FEB-2024,
OPTIDX,NIFTY,25-Apr-2024,21250,PE,0,0,0,191,150.45,0,0,150,0,07-FEB-2024,
OPTIDX,NIFTY,25-Apr-2024,21300,PE,259.95,260,259.95,260,161.7,6,64.67,1300,200,07-FEB-2024,
OPTIDX,NIFTY,25-Apr-2024,21350,PE,0,0,0,446.3,173.55,0,0,0,0,07-FEB-2024,
OPTIDX,NIFTY,25-Apr-2024,21400,PE,275,309.1,272.65,272.65,272.65,35,379.6,3850,800,07-FEB-2024,
OPTIDX,NIFTY,25-Apr-2024,21450,PE,0,0,0,488.6,199.15,0,0,0,0,07-FEB-2024,
OPTIDX,NIFTY,25-Apr-2024,21500,PE,300.4,342,300,305.2,305.2,672,7329.78,74600,2050,07-FEB-2024,
OPTIDX,NIFTY,25-Apr-2024,21550,PE,318.1,318.1,318.1,318.1,318.1,4,43.73,800,200,07-FEB-2024,
OPTIDX,NIFTY,25-Apr-2024,21600,PE,338.05,360.15,329.85,341.7,341.7,27,296.26,5300,100,07-FEB-2024,
OPTIDX,NIFTY,25-Apr-2024,21650,PE,0,0,0,379.6,258.45,0,0,1550,0,07-FEB-2024,
OPTIDX,NIFTY,25-Apr-2024,21700,PE,388.9,416.85,360.6,369.05,369.05,20,220.79,4500,500,07-FEB-2024,
OPTIDX,NIFTY,25-Apr-2024,21750,PE,409.1,409.1,409,409,292.3,4,44.31,200,200,07-FEB-2024,
OPTIDX,NIFTY,25-Apr-2024,21800,PE,394.95,444,381.1,417.25,310.3,33,366.32,6800,-350,07-FEB-2024,
OPTIDX,NIFTY,25-Apr-2024,21850,PE,0,0,0,682.35,329.05,0,0,0,0,07-FEB-2024,
OPTIDX,NIFTY,25-Apr-2024,21900,PE,449.85,478,426.2,437.7,348.55,47,525.44,3350,200,07-FEB-2024,
OPTIDX,NIFTY,25-Apr-2024,21950,PE,464.7,490.2,464.7,478.7,478.7,6,67.27,350,150,07-FEB-2024,
OPTIDX,NIFTY,25-Apr-2024,22000,PE,460,523,452.1,476.05,476.05,1034,11624.87,115650,12150,07-FEB-2024,
OPTIDX,NIFTY,25-Apr-2024,22050,PE,0,0,0,575,411.6,0,0,50,0,07-FEB-2024,
OPTIDX,NIFTY,25-Apr-2024,22100,PE,0,0,0,494.85,434.15,0,0,100,0,07-FEB-2024,
OPTIDX,NIFTY,25-Apr-2024,22150,PE,0,0,0,853.35,457.45,0,0,0,0,07-FEB-2024,
OPTIDX,NIFTY,25-Apr-2024,22200,PE,540,590,530.2,545,545,17,193.42,850,50,07-FEB-2024,
OPTIDX,NIFTY,25-Apr-2024,22250,PE,0,0,0,915.05,506.4,0,0,0,0,07-FEB-2024,
OPTIDX,NIFTY,25-Apr-2024,22300,PE,0,0,0,946.75,532,0,0,0,0,07-FEB-2024,
OPTIDX,NIFTY,25-Apr-2024,22350,PE,0,0,0,979,558.35,0,0,0,0,07-FEB-2024,
OPTIDX,NIFTY,25-Apr-2024,22400,PE,0,0,0,1011.8,585.5,0,0,0,0,07-FEB-2024,
OPTIDX,NIFTY,25-Apr-2024,22450,PE,0,0,0,1045.15,613.35,0,0,0,0,07-FEB-2024,
OPTIDX,NIFTY,25-Apr-2024,22500,PE,682.1,756.1,674.1,703.75,703.75,226,2623.15,26850,2600,07-FEB-2024,
OPTIDX,NIFTY,25-Apr-2024,22550,PE,0,0,0,1113.45,671.3,0,0,0,0,07-FEB-2024,
OPTIDX,NIFTY,25-Apr-2024,22600,PE,0,0,0,1148.4,701.4,0,0,0,0,07-FEB-2024,
OPTIDX,NIFTY,25-Apr-2024,22650,PE,0,0,0,1183.8,732.2,0,0,0,0,07-FEB-2024,
OPTIDX,NIFTY,25-Apr-2024,22700,PE,0,0,0,1219.7,763.7,0,0,0,0,07-FEB-2024,
OPTIDX,NIFTY,25-Apr-2024,22750,PE,0,0,0,1256.1,795.9,0,0,0,0,07-FEB-2024,
OPTIDX,NIFTY,25-Apr-2024,22800,PE,0,0,0,1294,828.8,0,0,0,0,07-FEB-2024,
OPTIDX,NIFTY,25-Apr-2024,22850,PE,0,0,0,1331.45,862.4,0,0,0,0,07-FEB-2024,
OPTIDX,NIFTY,25-Apr-2024,22900,PE,0,0,0,1368.4,896.6,0,0,0,0,07-FEB-2024,
OPTIDX,NIFTY,25-Apr-2024,22950,PE,0,0,0,1406.65,931.5,0,0,0,0,07-FEB-2024,
OPTIDX,NIFTY,25-Apr-2024,23000,PE,993.5,1050,950,1018.3,1018.3,110,1320.83,11250,2950,07-FEB-2024,
OPTIDX,NIFTY,25-Apr-2024,23050,PE,0,0,0,1484.45,1003.1,0,0,0,0,07-FEB-2024,
OPTIDX,NIFTY,25-Apr-2024,23100,PE,0,0,0,1070.2,1039.8,0,0,0,0,07-FEB-2024,
OPTIDX,NIFTY,25-Apr-2024,23150,PE,0,0,0,1563.8,1077.1,0,0,0,0,07-FEB-2024,
OPTIDX,NIFTY,25-Apr-2024,23200,PE,0,0,0,1604.1,1115,0,0,0,0,07-FEB-2024,
OPTIDX,NIFTY,25-Apr-2024,23250,PE,0,0,0,1644.75,1153.4,0,0,0,0,07-FEB-2024,
OPTIDX,NIFTY,25-Apr-2024,23300,PE,0,0,0,1685.75,1192.4,0,0,0,0,07-FEB-2024,
OPTIDX,NIFTY,25-Apr-2024,23350,PE,0,0,0,1727.15,1231.85,0,0,0,0,07-FEB-2024,
OPTIDX,NIFTY,25-Apr-2024,23400,PE,0,0,0,1768.85,1271.85,0,0,0,0,07-FEB-2024,
OPTIDX,NIFTY,25-Apr-2024,23450,PE,0,0,0,1810.85,1312.3,0,0,0,0,07-FEB-2024,
OPTIDX,NIFTY,25-Apr-2024,23500,PE,1327,1397,1327,1397,1353.25,2,24.86,400,0,07-FEB-2024,
OPTIDX,NIFTY,25-Apr-2024,23550,PE,0,0,0,1895.9,1394.6,0,0,0,0,07-FEB-2024,
OPTIDX,NIFTY,25-Apr-2024,23600,PE,0,0,0,1938.85,1436.45,0,0,0,0,07-FEB-2024,
OPTIDX,NIFTY,25-Apr-2024,23650,PE,0,0,0,1982.1,1478.65,0,0,0,0,07-FEB-2024,
OPTIDX,NIFTY,25-Apr-2024,23700,PE,1784.6,1784.6,1550.95,1550.95,1521.3,2,25.36,50,50,07-FEB-2024,
OPTIDX,NIFTY,27-Jun-2024,15000,CE,0,0,0,4599.25,7316.55,0,0,50,0,07-FEB-2024,
OPTIDX,NIFTY,27-Jun-2024,16000,CE,0,0,0,2666.1,6342.3,0,0,0,0,07-FEB-2024,
OPTIDX,NIFTY,27-Jun-2024,17000,CE,0,0,0,5010.65,5368.1,0,0,50,0,07-FEB-2024,
OPTIDX,NIFTY,27-Jun-2024,18000,CE,4310,4353.9,4310,4320,4394.7,5,55.82,19450,50,07-FEB-2024,
OPTIDX,NIFTY,27-Jun-2024,18500,CE,0,0,0,3554.75,3909.55,0,0,2825,0,07-FEB-2024,
OPTIDX,NIFTY,27-Jun-2024,19000,CE,3460,3513.15,3380,3435.85,3435.85,19,213.31,118200,-150,07-FEB-2024,
OPTIDX,NIFTY,27-Jun-2024,20000,CE,2600,2664.3,2537.4,2592.8,2592.8,26,293.8,170250,0,07-FEB-2024,
OPTIDX,NIFTY,27-Jun-2024,21000,CE,1918.35,1918.35,1765.1,1830.95,1830.95,162,1849.82,350000,-1300,07-FEB-2024,
OPTIDX,NIFTY,27-Jun-2024,22000,CE,1230.1,1242.3,1121.2,1175.55,1175.55,774,8973.77,400300,3400,07-FEB-2024,
OPTIDX,NIFTY,27-Jun-2024,23000,CE,705.3,720,642,674.5,674.5,1274,15083.71,772500,6050,07-FEB-2024,
OPTIDX,NIFTY,27-Jun-2024,24000,CE,350,358,318.1,341.45,341.45,980,11926.92,295250,2050,07-FEB-2024,
OPTIDX,NIFTY,27-Jun-2024,25000,CE,158.5,159.25,140.6,148.65,148.65,769,9670.26,201800,3800,07-FEB-2024,
OPTIDX,NIFTY,27-Jun-2024,26000,CE,75,79.9,65.1,72.35,72.35,89,1160.19,46850,450,07-FEB-2024,
OPTIDX,NIFTY,27-Jun-2024,27000,CE,0,0,0,331.6,6.1,0,0,0,0,07-FEB-2024,
OPTIDX,NIFTY,27-Jun-2024,14000,PE,0,0,0,3.05,0.05,0,0,7125,0,07-FEB-2024,
OPTIDX,NIFTY,27-Jun-2024,15000,PE,0,0,0,3.05,0.05,0,0,12425,0,07-FEB-2024,
OPTIDX,NIFTY,27-Jun-2024,16000,PE,0,0,0,3.05,0.05,0,0,37950,0,07-FEB-2024,
OPTIDX,NIFTY,27-Jun-2024,17000,PE,36,39.5,33.3,36.75,36.75,73,621.87,127350,2150,07-FEB-2024,
OPTIDX,NIFTY,27-Jun-2024,18000,PE,50.75,56.55,50.05,50.6,50.6,239,2157.28,528250,-1050,07-FEB-2024,
OPTIDX,NIFTY,27-Jun-2024,19000,PE,102,111.05,101.5,104.8,104.8,1282,12247.9,834750,-4550,07-FEB-2024,
OPTIDX,NIFTY,27-Jun-2024,20000,PE,216,242.4,210.35,215.4,215.4,2225,22493.62,1061550,-26900,07-FEB-2024,
OPTIDX,NIFTY,27-Jun-2024,21000,PE,400,422,375,401.55,401.55,1926,20615.6,1129700,15900,07-FEB-2024,
OPTIDX,NIFTY,27-Jun-2024,22000,PE,675,738.4,668.65,707.9,707.9,988,11216.4,984750,-1700,07-FEB-2024,
OPTIDX,NIFTY,27-Jun-2024,23000,PE,1129.85,1215,1115.05,1162.45,1162.45,330,3987.84,161200,-1250,07-FEB-2024,
OPTIDX,NIFTY,27-Jun-2024,24000,PE,1730,1858.35,1730,1829,1654.45,528,6813.07,80000,15600,07-FEB-2024,
OPTIDX,NIFTY,27-Jun-2024,25000,PE,0,0,0,7199.55,2499.6,0,0,0,0,07-FEB-2024,
OPTIDX,NIFTY,27-Jun-2024,26000,PE,0,0,0,8015.6,3423.15,0,0,0,0,07-FEB-2024,
OPTIDX,NIFTY,27-Jun-2024,27000,PE,0,0,0,8206,4380.65,0,0,0,0,07-FEB-2024,
OPTIDX,NIFTY,26-Sep-2024,16000,CE,0,0,0,4667.4,6602.5,0,0,0,0,07-FEB-2024,
OPTIDX,NIFTY,26-Sep-2024,17000,CE,0,0,0,3800.4,5645.2,0,0,0,0,07-FEB-2024,
OPTIDX,NIFTY,26-Sep-2024,18000,CE,0,0,0,2994.95,4691.55,0,0,0,0,07-FEB-2024,
OPTIDX,NIFTY,26-Sep-2024,19000,CE,0,0,0,2277.4,3752.35,0,0,0,0,07-FEB-2024,
OPTIDX,NIFTY,26-Sep-2024,20000,CE,0,0,0,1666.45,2853.3,0,0,0,0,07-FEB-2024,
OPTIDX,NIFTY,26-Sep-2024,21000,CE,0,0,0,1173.8,2036.6,0,0,0,0,07-FEB-2024,
OPTIDX,NIFTY,26-Sep-2024,22000,CE,1507.35,1530.7,1479.95,1490,1349.5,26,305.38,9800,-200,07-FEB-2024,
OPTIDX,NIFTY,26-Sep-2024,23000,CE,987.65,999,921,940.25,940.25,74,885.94,17850,2300,07-FEB-2024,
OPTIDX,NIFTY,26-Sep-2024,24000,CE,510.05,550,500,550,461.05,11,134.83,3200,350,07-FEB-2024,
OPTIDX,NIFTY,26-Sep-2024,25000,CE,324,324,324,324,236.6,3,37.98,4950,100,07-FEB-2024,
OPTIDX,NIFTY,26-Sep-2024,26000,CE,151,170.05,150,157.9,157.9,38,497.05,6050,1150,07-FEB-2024,
OPTIDX,NIFTY,26-Sep-2024,27000,CE,0,0,0,68.7,48.45,0,0,0,0,07-FEB-2024,
OPTIDX,NIFTY,26-Sep-2024,16000,PE,0,0,0,39.75,0.05,0,0,0,0,07-FEB-2024,
OPTIDX,NIFTY,26-Sep-2024,17000,PE,0,0,0,103.7,0.75,0,0,0,0,07-FEB-2024,
OPTIDX,NIFTY,26-Sep-2024,18000,PE,0,0,0,229.25,5.1,0,0,0,0,07-FEB-2024,
OPTIDX,NIFTY,26-Sep-2024,19000,PE,0,0,0,239.55,23.9,0,0,2850,0,07-FEB-2024,
OPTIDX,NIFTY,26-Sep-2024,20000,PE,0,0,0,762.75,82.85,0,0,0,0,07-FEB-2024,
OPTIDX,NIFTY,26-Sep-2024,21000,PE,328.3,450,328.3,450,450,9,96.2,550,450,07-FEB-2024,
OPTIDX,NIFTY,26-Sep-2024,22000,PE,0,0,0,727.4,495.05,0,0,5150,0,07-FEB-2024,
OPTIDX,NIFTY,26-Sep-2024,23000,PE,1119.3,1119.3,960,1039.65,1039.65,2,24.03,350,100,07-FEB-2024,
OPTIDX,NIFTY,26-Sep-2024,24000,PE,0,0,0,3149.25,1522.65,0,0,0,0,07-FEB-2024,
OPTIDX,NIFTY,26-Sep-2024,25000,PE,0,0,0,3952.4,2256.15,0,0,0,0,07-FEB-2024,
OPTIDX,NIFTY,26-Sep-2024,26000,PE,0,0,0,4801.5,3089.1,0,0,0,0,07-FEB-2024,
OPTIDX,NIFTY,26-Sep-2024,27000,PE,0,0,0,5681.95,3984,0,0,0,0,07-FEB-2024,
OPTIDX,NIFTY,26-Dec-2024,14000,CE,0,0,0,8599,8742.3,0,0,100,0,07-FEB-2024,
OPTIDX,NIFTY,26-Dec-2024,15000,CE,0,0,0,7100,7800.3,0,0,2100,0,07-FEB-2024,
OPTIDX,NIFTY,26-Dec-2024,16000,CE,0,0,0,6440,6858.65,0,0,22000,0,07-FEB-2024,
OPTIDX,NIFTY,26-Dec-2024,17000,CE,0,0,0,5572,5918.8,0,0,18100,0,07-FEB-2024,
OPTIDX,NIFTY,26-Dec-2024,18000,CE,5080,5080,5079.95,5079.95,4985.75,2,23.07,24400,-50,07-FEB-2024,
OPTIDX,NIFTY,26-Dec-2024,18500,CE,0,0,0,4400,4525.3,0,0,1000,0,07-FEB-2024,
OPTIDX,NIFTY,26-Dec-2024,19000,CE,4090,4090,4016,4045,4045,18,207.45,71350,250,07-FEB-2024,
OPTIDX,NIFTY,26-Dec-2024,20000,CE,3213.05,3369,3185,3250,3201.2,13,151.26,76950,-50,07-FEB-2024,
OPTIDX,NIFTY,26-Dec-2024,21000,CE,2527.65,2560.9,2447.9,2490.8,2405.15,27,317.52,123450,-150,07-FEB-2024,
OPTIDX,NIFTY,26-Dec-2024,22000,CE,1885,1899,1805.15,1853,1853,141,1681.54,175600,2450,07-FEB-2024,
OPTIDX,NIFTY,26-Dec-2024,23000,CE,1302.2,1329.85,1245,1260.4,1260.4,101,1225.58,161100,2500,07-FEB-2024,
OPTIDX,NIFTY,26-Dec-2024,24000,CE,851,854,800,819.8,819.8,57,707.45,148750,-550,07-FEB-2024,
OPTIDX,NIFTY,26-Dec-2024,25000,CE,525.05,525.05,484.45,500.5,500.5,311,3965.73,190850,1000,07-FEB-2024,
OPTIDX,NIFTY,26-Dec-2024,26000,CE,295.05,315,274.05,280.3,280.3,32,420.67,72000,700,07-FEB-2024,
OPTIDX,NIFTY,26-Dec-2024,27000,CE,155.05,159.35,155.05,159.35,137.7,2,27.15,41000,0,07-FEB-2024,
OPTIDX,NIFTY,26-Dec-2024,14000,PE,0,0,0,20.5,0.05,0,0,3300,0,07-FEB-2024,
OPTIDX,NIFTY,26-Dec-2024,15000,PE,0,0,0,14.2,0.05,0,0,28250,0,07-FEB-2024,
OPTIDX,NIFTY,26-Dec-2024,16000,PE,69.6,69.65,52.55,52.55,0.4,8,64.25,17050,100,07-FEB-2024,
OPTIDX,NIFTY,26-Dec-2024,17000,PE,22.85,22.85,22.85,22.85,22.85,1,8.51,72600,0,07-FEB-2024,
OPTIDX,NIFTY,26-Dec-2024,18000,PE,105.55,120,105,111.15,111.15,84,760.74,255050,-150,07-FEB-2024,
OPTIDX,NIFTY,26-Dec-2024,19000,PE,181,193.05,181,187,187,150,1439.02,436850,1600,07-FEB-2024,
OPTIDX,NIFTY,26-Dec-2024,20000,PE,304,320.5,302.85,307.05,307.05,408,4143.08,566800,3550,07-FEB-2024,
OPTIDX,NIFTY,26-Dec-2024,21000,PE,494.95,507.95,477,486.85,486.85,1065,11443.32,938100,25950,07-FEB-2024,
OPTIDX,NIFTY,26-Dec-2024,22000,PE,754,794.5,748.95,784.15,784.15,1475,16797.31,437800,31900,07-FEB-2024,
OPTIDX,NIFTY,26-Dec-2024,23000,PE,1100,1153.05,1099,1134.25,1134.25,187,2255.62,118950,2550,07-FEB-2024,
OPTIDX,NIFTY,26-Dec-2024,24000,PE,1594.85,1650,1572.05,1615.75,1615.75,123,1575.14,34850,1550,07-FEB-2024,
OPTIDX,NIFTY,26-Dec-2024,25000,PE,2170,2266.75,2164.35,2235,2235,18,244.99,9400,300,07-FEB-2024,
OPTIDX,NIFTY,26-Dec-2024,26000,PE,0,0,0,2950.05,2816.7,0,0,150,0,07-FEB-2024,
OPTIDX,NIFTY,26-Dec-2024,27000,PE,0,0,0,4500,3641.65,0,0,50,0,07-FEB-2024,
OPTIDX,NIFTY,26-Jun-2025,16000,CE,0,0,0,3227.55,7359.25,0,0,0,0,07-FEB-2024,
OPTIDX,NIFTY,26-Jun-2025,17000,CE,0,0,0,4165.5,6454.45,0,0,2750,0,07-FEB-2024,
OPTIDX,NIFTY,26-Jun-2025,18000,CE,0,0,0,3934,5560.6,0,0,2200,0,07-FEB-2024,
OPTIDX,NIFTY,26-Jun-2025,19000,CE,0,0,0,3077.9,4689.65,0,0,0,0,07-FEB-2024,
OPTIDX,NIFTY,26-Jun-2025,20000,CE,0,0,0,3180.85,3858.95,0,0,0,0,07-FEB-2024,
OPTIDX,NIFTY,26-Jun-2025,21000,CE,0,0,0,3199.45,3089.3,0,0,0,0,07-FEB-2024,
OPTIDX,NIFTY,26-Jun-2025,22000,CE,0,0,0,2088.15,2400.7,0,0,0,0,07-FEB-2024,
OPTIDX,NIFTY,26-Jun-2025,23000,CE,0,0,0,2003.65,1808.45,0,0,0,0,07-FEB-2024,
OPTIDX,NIFTY,26-Jun-2025,24000,CE,0,0,0,1100.85,1319.85,0,0,0,0,07-FEB-2024,
OPTIDX,NIFTY,26-Jun-2025,25000,CE,0,0,0,945.65,933.3,0,0,0,0,07-FEB-2024,
OPTIDX,NIFTY,26-Jun-2025,26000,CE,0,0,0,811.85,639.95,0,0,0,0,07-FEB-2024,
OPTIDX,NIFTY,26-Jun-2025,27000,CE,0,0,0,803.5,425.95,0,0,0,0,07-FEB-2024,
OPTIDX,NIFTY,26-Jun-2025,14000,PE,0,0,0,42.35,0.05,0,0,675,0,07-FEB-2024,
OPTIDX,NIFTY,26-Jun-2025,15000,PE,0,0,0,134,0.45,0,0,1800,0,07-FEB-2024,
OPTIDX,NIFTY,26-Jun-2025,16000,PE,0,0,0,129.2,2.15,0,0,100,0,07-FEB-2024,
OPTIDX,NIFTY,26-Jun-2025,17000,PE,0,0,0,3497.35,8.15,0,0,0,0,07-FEB-2024,
OPTIDX,NIFTY,26-Jun-2025,18000,PE,0,0,0,3586.15,25.15,0,0,0,0,07-FEB-2024,
OPTIDX,NIFTY,26-Jun-2025,19000,PE,0,0,0,3210.95,65.05,0,0,0,0,07-FEB-2024,
OPTIDX,NIFTY,26-Jun-2025,20000,PE,0,0,0,599.8,145.25,0,0,900,0,07-FEB-2024,
OPTIDX,NIFTY,26-Jun-2025,21000,PE,0,0,0,3070.85,286.35,0,0,0,0,07-FEB-2024,
OPTIDX,NIFTY,26-Jun-2025,22000,PE,0,0,0,3957.4,508.65,0,0,0,0,07-FEB-2024,
OPTIDX,NIFTY,26-Jun-2025,23000,PE,0,0,0,1170,827.25,0,0,0,0,07-FEB-2024,
OPTIDX,NIFTY,26-Jun-2025,24000,PE,0,0,0,5875.1,1249.45,0,0,0,0,07-FEB-2024,
OPTIDX,NIFTY,26-Jun-2025,25000,PE,0,0,0,6576.35,1773.75,0,0,0,0,07-FEB-2024,
OPTIDX,NIFTY,26-Jun-2025,26000,PE,0,0,0,7299,2391.25,0,0,0,0,07-FEB-2024,
OPTIDX,NIFTY,26-Jun-2025,27000,PE,0,0,0,7438.15,3088.1,0,0,0,0,07-FEB-2024,
OPTIDX,NIFTY,24-Dec-2025,16000,CE,0,0,0,7200,7841.55,0,0,50,0,07-FEB-2024,
OPTIDX,NIFTY,24-Dec-2025,17000,CE,0,0,0,5080,6970.1,0,0,650,0,07-FEB-2024,
OPTIDX,NIFTY,24-Dec-2025,18000,CE,0,0,0,6099.95,6111.2,0,0,5650,0,07-FEB-2024,
OPTIDX,NIFTY,24-Dec-2025,19000,CE,0,0,0,4401,5274.9,0,0,3200,0,07-FEB-2024,
OPTIDX,NIFTY,24-Dec-2025,19500,CE,0,0,0,3200,4869.2,0,0,1300,0,07-FEB-2024,
OPTIDX,NIFTY,24-Dec-2025,20000,CE,0,0,0,3800,4474.2,0,0,300,0,07-FEB-2024,
OPTIDX,NIFTY,24-Dec-2025,21000,CE,0,0,0,1400,3723.9,0,0,100,0,07-FEB-2024,
OPTIDX,NIFTY,24-Dec-2025,22000,CE,0,0,0,2751.35,3038.05,0,0,600,0,07-FEB-2024,
OPTIDX,NIFTY,24-Dec-2025,23000,CE,0,0,0,2327.05,2427.9,0,0,2600,0,07-FEB-2024,
OPTIDX,NIFTY,24-Dec-2025,24000,CE,0,0,0,1396.05,1900.3,0,0,0,0,07-FEB-2024,
OPTIDX,NIFTY,24-Dec-2025,25000,CE,0,0,0,1222.85,1456.95,0,0,0,0,07-FEB-2024,
OPTIDX,NIFTY,24-Dec-2025,26000,CE,0,0,0,1070.85,1094.75,0,0,0,0,07-FEB-2024,
OPTIDX,NIFTY,24-Dec-2025,27000,CE,0,0,0,1071,806.75,0,0,0,0,07-FEB-2024,
OPTIDX,NIFTY,24-Dec-2025,13000,PE,0,0,0,400,0.05,0,0,150,0,07-FEB-2024,
OPTIDX,NIFTY,24-Dec-2025,15000,PE,0,0,0,62.15,1.3,0,0,1100,0,07-FEB-2024,
OPTIDX,NIFTY,24-Dec-2025,16000,PE,24.85,112.15,24.85,112.15,112.15,17,136.77,2300,-250,07-FEB-2024,
OPTIDX,NIFTY,24-Dec-2025,16500,PE,0,0,0,38.15,8.35,0,0,2600,0,07-FEB-2024,
OPTIDX,NIFTY,24-Dec-2025,17000,PE,0,0,0,155.05,14.15,0,0,2400,0,07-FEB-2024,
OPTIDX,NIFTY,24-Dec-2025,18000,PE,0,0,0,324.95,36.1,0,0,3050,0,07-FEB-2024,
OPTIDX,NIFTY,24-Dec-2025,19000,PE,0,0,0,133.1,80.6,0,0,3900,0,07-FEB-2024,
OPTIDX,NIFTY,24-Dec-2025,20000,PE,0,0,0,572,160.8,0,0,4500,0,07-FEB-2024,
OPTIDX,NIFTY,24-Dec-2025,21000,PE,0,0,0,701,291.35,0,0,3200,0,07-FEB-2024,
OPTIDX,NIFTY,24-Dec-2025,22000,PE,0,0,0,1099,486.35,0,0,2550,0,07-FEB-2024,
OPTIDX,NIFTY,24-Dec-2025,23000,PE,601,1250,601,1165.4,1165.4,17,204.51,1400,400,07-FEB-2024,
OPTIDX,NIFTY,24-Dec-2025,24000,PE,0,0,0,5649,1110.3,0,0,0,0,07-FEB-2024,
OPTIDX,NIFTY,24-Dec-2025,25000,PE,0,0,0,6310.55,1547.8,0,0,0,0,07-FEB-2024,
OPTIDX,NIFTY,24-Dec-2025,26000,PE,0,0,0,6993.25,2066.45,0,0,0,0,07-FEB-2024,
OPTIDX,NIFTY,24-Dec-2025,27000,PE,0,0,0,7112.8,2659.3,0,0,0,0,07-FEB-2024,
OPTIDX,NIFTY,25-Jun-2026,12000,CE,0,0,0,8690,11712,0,0,50,0,07-FEB-2024,
OPTIDX,NIFTY,25-Jun-2026,16000,CE,0,0,0,4748.3,8313.2,0,0,0,0,07-FEB-2024,
OPTIDX,NIFTY,25-Jun-2026,17000,CE,0,0,0,4348.25,7473.45,0,0,0,0,07-FEB-2024,
OPTIDX,NIFTY,25-Jun-2026,18000,CE,0,0,0,4150,6646.45,0,0,200,0,07-FEB-2024,
OPTIDX,NIFTY,25-Jun-2026,19000,CE,0,0,0,2872.25,5840.4,0,0,100,0,07-FEB-2024,
OPTIDX,NIFTY,25-Jun-2026,20000,CE,0,0,0,3829.5,5065.45,0,0,0,0,07-FEB-2024,
OPTIDX,NIFTY,25-Jun-2026,21000,CE,0,0,0,3881.9,4332.65,0,0,0,0,07-FEB-2024,
OPTIDX,NIFTY,25-Jun-2026,22000,CE,0,0,0,2722.55,3652.5,0,0,0,0,07-FEB-2024,
OPTIDX,NIFTY,25-Jun-2026,23000,CE,0,0,0,2645.65,3033.85,0,0,0,0,07-FEB-2024,
OPTIDX,NIFTY,25-Jun-2026,24000,CE,0,0,0,1698.3,2482.85,0,0,0,0,07-FEB-2024,
OPTIDX,NIFTY,25-Jun-2026,25000,CE,0,0,0,1510.4,2002.25,0,0,0,0,07-FEB-2024,
OPTIDX,NIFTY,25-Jun-2026,26000,CE,0,0,0,1343.15,1591.7,0,0,0,0,07-FEB-2024,
OPTIDX,NIFTY,25-Jun-2026,27000,CE,0,0,0,1352.8,1247.9,0,0,0,0,07-FEB-2024,
OPTIDX,NIFTY,25-Jun-2026,12000,PE,0,0,0,10.05,0.05,0,0,500,0,07-FEB-2024,
OPTIDX,NIFTY,25-Jun-2026,13000,PE,0,0,0,45.25,0.15,0,0,200,0,07-FEB-2024,
OPTIDX,NIFTY,25-Jun-2026,14000,PE,0,0,0,300,0.65,0,0,100,0,07-FEB-2024,
OPTIDX,NIFTY,25-Jun-2026,15000,PE,0,0,0,105.5,2.45,0,0,850,0,07-FEB-2024,
OPTIDX,NIFTY,25-Jun-2026,16000,PE,0,0,0,54.8,7.4,0,0,500,0,07-FEB-2024,
OPTIDX,NIFTY,25-Jun-2026,17000,PE,0,0,0,2627.25,19.2,0,0,0,0,07-FEB-2024,
OPTIDX,NIFTY,25-Jun-2026,18000,PE,0,0,0,3088.05,43.75,0,0,0,0,07-FEB-2024,
OPTIDX,NIFTY,25-Jun-2026,19000,PE,0,0,0,140.45,89.25,0,0,100,0,07-FEB-2024,
OPTIDX,NIFTY,25-Jun-2026,20000,PE,0,0,0,3159.75,165.85,0,0,0,0,07-FEB-2024,
OPTIDX,NIFTY,25-Jun-2026,21000,PE,0,0,0,3065.6,284.55,0,0,0,0,07-FEB-2024,
OPTIDX,NIFTY,25-Jun-2026,22000,PE,0,0,0,3829.5,455.95,0,0,0,0,07-FEB-2024,
OPTIDX,NIFTY,25-Jun-2026,23000,PE,0,0,0,4171.75,688.85,0,0,0,0,07-FEB-2024,
OPTIDX,NIFTY,25-Jun-2026,24000,PE,0,0,0,5437.7,989.35,0,0,0,0,07-FEB-2024,
OPTIDX,NIFTY,25-Jun-2026,25000,PE,0,0,0,6063.1,1360.3,0,0,0,0,07-FEB-2024,
OPTIDX,NIFTY,25-Jun-2026,26000,PE,0,0,0,6709.2,1801.3,0,0,0,0,07-FEB-2024,
OPTIDX,NIFTY,25-Jun-2026,27000,PE,0,0,0,6810.7,2309.1,0,0,0,0,07-FEB-2024,
OPTIDX,NIFTY,31-Dec-2026,16000,CE,0,0,0,6200,8783.65,0,0,50,0,07-FEB-2024,
OPTIDX,NIFTY,31-Dec-2026,17000,CE,0,0,0,4955.1,7974.6,0,0,0,0,07-FEB-2024,
OPTIDX,NIFTY,31-Dec-2026,18000,CE,0,0,0,4501.45,7177.8,0,0,0,0,07-FEB-2024,
OPTIDX,NIFTY,31-Dec-2026,19000,CE,0,0,0,4999,6399.95,0,0,200,0,07-FEB-2024,
OPTIDX,NIFTY,31-Dec-2026,20000,CE,0,0,0,3704.3,5649,0,0,0,0,07-FEB-2024,
OPTIDX,NIFTY,31-Dec-2026,21000,CE,0,0,0,3356.25,4933.55,0,0,0,0,07-FEB-2024,
OPTIDX,NIFTY,31-Dec-2026,22000,CE,0,0,0,3039,4261.8,0,0,0,0,07-FEB-2024,
OPTIDX,NIFTY,31-Dec-2026,23000,CE,0,0,0,2020,3640.85,0,0,500,0,07-FEB-2024,
OPTIDX,NIFTY,31-Dec-2026,24000,CE,0,0,0,2010.65,3076.05,0,0,0,0,07-FEB-2024,
OPTIDX,NIFTY,31-Dec-2026,25000,CE,0,0,0,1811.2,2570.5,0,0,0,0,07-FEB-2024,
OPTIDX,NIFTY,31-Dec-2026,26000,CE,0,0,0,1631.05,2125.25,0,0,0,0,07-FEB-2024,
OPTIDX,NIFTY,31-Dec-2026,27000,CE,0,0,0,1651.65,1739.05,0,0,0,0,07-FEB-2024,
OPTIDX,NIFTY,31-Dec-2026,12000,PE,0,0,0,250.1,0.05,0,0,600,0,07-FEB-2024,
OPTIDX,NIFTY,31-Dec-2026,13000,PE,0,0,0,450,0.3,0,0,200,0,07-FEB-2024,
OPTIDX,NIFTY,31-Dec-2026,14000,PE,0,0,0,500,1.2,0,0,950,0,07-FEB-2024,
OPTIDX,NIFTY,31-Dec-2026,15000,PE,0,0,0,118.9,3.7,0,0,2200,0,07-FEB-2024,
OPTIDX,NIFTY,31-Dec-2026,16000,PE,0,0,0,73.05,9.85,0,0,2450,0,07-FEB-2024,
OPTIDX,NIFTY,31-Dec-2026,17000,PE,0,0,0,70,23.1,0,0,2650,0,07-FEB-2024,
OPTIDX,NIFTY,31-Dec-2026,18000,PE,0,0,0,374.15,48.6,0,0,6350,0,07-FEB-2024,
OPTIDX,NIFTY,31-Dec-2026,19000,PE,0,0,0,139.95,93,0,0,3250,0,07-FEB-2024,
OPTIDX,NIFTY,31-Dec-2026,20000,PE,0,0,0,600,164.4,0,0,3750,0,07-FEB-2024,
OPTIDX,NIFTY,31-Dec-2026,21000,PE,0,0,0,649,271.25,0,0,850,0,07-FEB-2024,
OPTIDX,NIFTY,31-Dec-2026,22000,PE,0,0,0,609.65,421.8,0,0,100,0,07-FEB-2024,
OPTIDX,NIFTY,31-Dec-2026,23000,PE,0,0,0,957.4,623.1,0,0,6200,0,07-FEB-2024,
OPTIDX,NIFTY,31-Dec-2026,24000,PE,0,0,0,5233.45,880.6,0,0,0,0,07-FEB-2024,
OPTIDX,NIFTY,31-Dec-2026,25000,PE,0,0,0,5825.75,1197.35,0,0,0,0,07-FEB-2024,
OPTIDX,NIFTY,31-Dec-2026,26000,PE,0,0,0,6437.4,1574.35,0,0,0,0,07-FEB-2024,
OPTIDX,NIFTY,31-Dec-2026,27000,PE,0,0,0,6522.3,2010.45,0,0,0,0,07-FEB-2024,
OPTIDX,NIFTY,24-Jun-2027,16000,CE,0,0,0,4898.4,9204.4,0,0,0,0,07-FEB-2024,
OPTIDX,NIFTY,24-Jun-2027,17000,CE,0,0,0,4464.7,8422.2,0,0,0,0,07-FEB-2024,
OPTIDX,NIFTY,24-Jun-2027,18000,CE,0,0,0,4066.45,7651.5,0,0,0,0,07-FEB-2024,
OPTIDX,NIFTY,24-Jun-2027,19000,CE,0,0,0,3701.25,6897.85,0,0,100,0,07-FEB-2024,
OPTIDX,NIFTY,24-Jun-2027,20000,CE,0,0,0,3367.05,6167.85,0,0,0,0,07-FEB-2024,
OPTIDX,NIFTY,24-Jun-2027,21000,CE,0,0,0,3061.8,5468.35,0,0,0,0,07-FEB-2024,
OPTIDX,NIFTY,24-Jun-2027,22000,CE,0,0,0,2783.5,4806.1,0,0,0,0,07-FEB-2024,
OPTIDX,NIFTY,24-Jun-2027,23000,CE,0,0,0,2530.05,4187,0,0,0,0,07-FEB-2024,
OPTIDX,NIFTY,24-Jun-2027,24000,CE,0,0,0,2299.55,3615.8,0,0,0,0,07-FEB-2024,
OPTIDX,NIFTY,24-Jun-2027,25000,CE,0,0,0,2090.05,3095.6,0,0,0,0,07-FEB-2024,
OPTIDX,NIFTY,24-Jun-2027,26000,CE,0,0,0,1900.85,2627.95,0,0,0,0,07-FEB-2024,
OPTIDX,NIFTY,24-Jun-2027,27000,CE,0,0,0,1932.5,2212.85,0,0,0,0,07-FEB-2024,
OPTIDX,NIFTY,24-Jun-2027,16000,PE,0,0,0,1476.1,11.65,0,0,0,0,07-FEB-2024,
OPTIDX,NIFTY,24-Jun-2027,17000,PE,0,0,0,1814.75,25.55,0,0,0,0,07-FEB-2024,
OPTIDX,NIFTY,24-Jun-2027,18000,PE,0,0,0,2188.9,50.95,0,0,0,0,07-FEB-2024,
OPTIDX,NIFTY,24-Jun-2027,19000,PE,0,0,0,170,93.4,0,0,250,0,07-FEB-2024,
OPTIDX,NIFTY,24-Jun-2027,20000,PE,0,0,0,3034.2,159.5,0,0,0,0,07-FEB-2024,
OPTIDX,NIFTY,24-Jun-2027,21000,PE,0,0,0,3501.35,256.15,0,0,0,0,07-FEB-2024,
OPTIDX,NIFTY,24-Jun-2027,22000,PE,0,0,0,3995.4,390,0,0,0,0,07-FEB-2024,
OPTIDX,NIFTY,24-Jun-2027,23000,PE,0,0,0,4514.3,567,0,0,0,0,07-FEB-2024,
OPTIDX,NIFTY,24-Jun-2027,24000,PE,0,0,0,5056.2,791.85,0,0,0,0,07-FEB-2024,
OPTIDX,NIFTY,24-Jun-2027,25000,PE,0,0,0,5619.05,1067.8,0,0,0,0,07-FEB-2024,
OPTIDX,NIFTY,24-Jun-2027,26000,PE,0,0,0,6202.2,1396.25,0,0,0,0,07-FEB-2024,
OPTIDX,NIFTY,24-Jun-2027,27000,PE,0,0,0,6273.45,1777.25,0,0,0,0,07-FEB-2024,
OPTIDX,NIFTY,30-Dec-2027,16000,CE,0,0,0,7354.45,9643.35,0,0,0,0,07-FEB-2024,
OPTIDX,NIFTY,30-Dec-2027,17000,CE,0,0,0,6805.5,8888.7,0,0,0,0,07-FEB-2024,
OPTIDX,NIFTY,30-Dec-2027,18000,CE,0,0,0,6285.7,8144.55,0,0,0,0,07-FEB-2024,
OPTIDX,NIFTY,30-Dec-2027,19000,CE,0,0,0,5794.9,7415.65,0,0,0,0,07-FEB-2024,
OPTIDX,NIFTY,30-Dec-2027,20000,CE,0,0,0,5333.85,6707.25,0,0,0,0,07-FEB-2024,
OPTIDX,NIFTY,30-Dec-2027,21000,CE,0,0,0,4902.4,6025.05,0,0,0,0,07-FEB-2024,
OPTIDX,NIFTY,30-Dec-2027,22000,CE,0,0,0,4499.55,5374.45,0,0,0,0,07-FEB-2024,
OPTIDX,NIFTY,30-Dec-2027,23000,CE,0,0,0,4125.7,4760.5,0,0,0,0,07-FEB-2024,
OPTIDX,NIFTY,30-Dec-2027,24000,CE,0,0,0,3778.95,4187.25,0,0,0,0,07-FEB-2024,
OPTIDX,NIFTY,30-Dec-2027,25000,CE,0,0,0,3458.35,3657.7,0,0,0,0,07-FEB-2024,
OPTIDX,NIFTY,30-Dec-2027,26000,CE,0,0,0,3162.4,3173.75,0,0,0,0,07-FEB-2024,
OPTIDX,NIFTY,30-Dec-2027,27000,CE,0,0,0,2889.8,2735.95,0,0,0,0,07-FEB-2024,
OPTIDX,NIFTY,30-Dec-2027,15000,PE,0,0,0,27.8,5.65,0,0,350,0,07-FEB-2024,
OPTIDX,NIFTY,30-Dec-2027,16000,PE,0,0,0,479.35,13.05,0,0,0,0,07-FEB-2024,
OPTIDX,NIFTY,30-Dec-2027,17000,PE,0,0,0,514,27.15,0,0,14250,0,07-FEB-2024,
OPTIDX,NIFTY,30-Dec-2027,18000,PE,0,0,0,74.8,51.8,0,0,10500,0,07-FEB-2024,
OPTIDX,NIFTY,30-Dec-2027,19000,PE,0,0,0,760,91.65,0,0,700,0,07-FEB-2024,
OPTIDX,NIFTY,30-Dec-2027,20000,PE,0,0,0,749.95,152,0,0,1700,0,07-FEB-2024,
OPTIDX,NIFTY,30-Dec-2027,21000,PE,0,0,0,1563.55,238.55,0,0,0,0,07-FEB-2024,
OPTIDX,NIFTY,30-Dec-2027,22000,PE,0,0,0,1867.9,356.75,0,0,0,0,07-FEB-2024,
OPTIDX,NIFTY,30-Dec-2027,23000,PE,0,0,0,2201.3,511.55,0,0,0,0,07-FEB-2024,
OPTIDX,NIFTY,30-Dec-2027,24000,PE,0,0,0,2561.85,707.05,0,0,0,0,07-FEB-2024,
OPTIDX,NIFTY,30-Dec-2027,25000,PE,0,0,0,2948.45,946.3,0,0,0,0,07-FEB-2024,
OPTIDX,NIFTY,30-Dec-2027,26000,PE,0,0,0,3359.75,1231.05,0,0,0,0,07-FEB-2024,
OPTIDX,NIFTY,30-Dec-2027,27000,PE,0,0,0,3794.4,1562.05,0,0,0,0,07-FEB-2024,
OPTIDX,NIFTY,29-Jun-2028,16000,CE,0,0,0,8002.3,10051.35,0,0,0,0,07-FEB-2024,
OPTIDX,NIFTY,29-Jun-2028,17000,CE,0,0,0,7393.45,9322,0,0,0,0,07-FEB-2024,
OPTIDX,NIFTY,29-Jun-2028,18000,CE,0,0,0,6809.35,8602.2,0,0,0,0,07-FEB-2024,
OPTIDX,NIFTY,29-Jun-2028,19000,CE,0,0,0,6252.25,7895.95,0,0,0,0,07-FEB-2024,
OPTIDX,NIFTY,29-Jun-2028,20000,CE,0,0,0,5724.65,7207.7,0,0,0,0,07-FEB-2024,
OPTIDX,NIFTY,29-Jun-2028,21000,CE,0,0,0,5226.55,6542.2,0,0,0,0,07-FEB-2024,
OPTIDX,NIFTY,29-Jun-2028,22000,CE,0,0,0,4759.5,5903.9,0,0,0,0,07-FEB-2024,
OPTIDX,NIFTY,29-Jun-2028,23000,CE,0,0,0,4323.1,5297.15,0,0,0,0,07-FEB-2024,
OPTIDX,NIFTY,29-Jun-2028,24000,CE,0,0,0,3918.85,4725.5,0,0,0,0,07-FEB-2024,
OPTIDX,NIFTY,29-Jun-2028,25000,CE,0,0,0,3545.15,4191.75,0,0,0,0,07-FEB-2024,
OPTIDX,NIFTY,29-Jun-2028,26000,CE,0,0,0,3200.9,3697.85,0,0,0,0,07-FEB-2024,
OPTIDX,NIFTY,29-Jun-2028,27000,CE,0,0,0,2885.15,3244.7,0,0,0,0,07-FEB-2024,
OPTIDX,NIFTY,29-Jun-2028,16000,PE,0,0,0,194.2,13.95,0,0,0,0,07-FEB-2024,
OPTIDX,NIFTY,29-Jun-2028,17000,PE,0,0,0,283.1,27.9,0,0,0,0,07-FEB-2024,
OPTIDX,NIFTY,29-Jun-2028,18000,PE,0,0,0,396.75,51.4,0,0,0,0,07-FEB-2024,
OPTIDX,NIFTY,29-Jun-2028,19000,PE,0,0,0,537.45,88.5,0,0,0,0,07-FEB-2024,
OPTIDX,NIFTY,29-Jun-2028,20000,PE,0,0,0,707.55,143.6,0,0,0,0,07-FEB-2024,
OPTIDX,NIFTY,29-Jun-2028,21000,PE,0,0,0,907.2,221.35,0,0,0,0,07-FEB-2024,
OPTIDX,NIFTY,29-Jun-2028,22000,PE,0,0,0,1137.9,326.45,0,0,0,0,07-FEB-2024,
OPTIDX,NIFTY,29-Jun-2028,23000,PE,0,0,0,1399.25,463,0,0,0,0,07-FEB-2024,
OPTIDX,NIFTY,29-Jun-2028,24000,PE,0,0,0,1692.75,634.65,0,0,0,0,07-FEB-2024,
OPTIDX,NIFTY,29-Jun-2028,25000,PE,0,0,0,2016.8,844.2,0,0,0,0,07-FEB-2024,
OPTIDX,NIFTY,29-Jun-2028,26000,PE,0,0,0,2370.3,1093.6,0,0,0,0,07-FEB-2024,
OPTIDX,NIFTY,29-Jun-2028,27000,PE,0,0,0,2752.35,1383.85,0,0,0,0,07-FEB-2024,
OPTIDX,NIFTY,28-Dec-2028,16000,CE,0,0,0,10704.45,10445.55,0,0,0,0,07-FEB-2024,
OPTIDX,NIFTY,28-Dec-2028,17000,CE,0,0,0,10036.4,9740.3,0,0,0,0,07-FEB-2024,
OPTIDX,NIFTY,28-Dec-2028,18000,CE,0,0,0,9380.3,9043.8,0,0,0,0,07-FEB-2024,
OPTIDX,NIFTY,28-Dec-2028,19000,CE,0,0,0,8739,8359.4,0,0,0,0,07-FEB-2024,
OPTIDX,NIFTY,28-Dec-2028,20000,CE,0,0,0,8115.5,7690.8,0,0,0,0,07-FEB-2024,
OPTIDX,NIFTY,28-Dec-2028,21000,CE,0,0,0,7512.5,7041.95,0,0,0,0,07-FEB-2024,
OPTIDX,NIFTY,28-Dec-2028,22000,CE,0,0,0,6932.45,6416.8,0,0,0,0,07-FEB-2024,
OPTIDX,NIFTY,28-Dec-2028,23000,CE,0,0,0,6377.6,5818.9,0,0,0,0,07-FEB-2024,
OPTIDX,NIFTY,28-Dec-2028,24000,CE,0,0,0,5850.3,5251.45,0,0,0,0,07-FEB-2024,
OPTIDX,NIFTY,28-Dec-2028,25000,CE,0,0,0,5350.4,4717.05,0,0,0,0,07-FEB-2024,
OPTIDX,NIFTY,28-Dec-2028,26000,CE,0,0,0,4879.7,4217.6,0,0,0,0,07-FEB-2024,
OPTIDX,NIFTY,28-Dec-2028,27000,CE,0,0,0,4437.95,3754.2,0,0,0,0,07-FEB-2024,
OPTIDX,NIFTY,28-Dec-2028,16000,PE,0,0,0,39.6,14.5,0,0,0,0,07-FEB-2024,
OPTIDX,NIFTY,28-Dec-2028,17000,PE,0,0,0,66.15,28,0,0,0,0,07-FEB-2024,
OPTIDX,NIFTY,28-Dec-2028,18000,PE,0,0,0,104.65,50.2,0,0,0,0,07-FEB-2024,
OPTIDX,NIFTY,28-Dec-2028,19000,PE,0,0,0,158,84.5,0,0,0,0,07-FEB-2024,
OPTIDX,NIFTY,28-Dec-2028,20000,PE,0,0,0,229.1,134.65,0,0,0,0,07-FEB-2024,
OPTIDX,NIFTY,28-Dec-2028,21000,PE,0,0,0,320.7,204.55,0,0,0,0,07-FEB-2024,
OPTIDX,NIFTY,28-Dec-2028,22000,PE,0,0,0,435.3,298.05,0,0,0,0,07-FEB-2024,
OPTIDX,NIFTY,28-Dec-2028,23000,PE,0,0,0,575.05,418.9,0,0,0,0,07-FEB-2024,
OPTIDX,NIFTY,28-Dec-2028,24000,PE,0,0,0,742.35,570.15,0,0,0,0,07-FEB-2024,
OPTIDX,NIFTY,28-Dec-2028,25000,PE,0,0,0,937.05,754.5,0,0,0,0,07-FEB-2024,
OPTIDX,NIFTY,28-Dec-2028,26000,PE,0,0,0,1160.95,973.7,0,0,0,0,07-FEB-2024,
OPTIDX,NIFTY,28-Dec-2028,27000,PE,0,0,0,1413.85,1229.05,0,0,0,0,07-FEB-2024,
