INSTRUMENT,SYMBOL,EXPIRY_DT,STRIKE_PR,OPTION_TYP,OPEN,HIGH,LOW,CLOSE,SETTLE_PR,CONTRACTS,VAL_INLAKH,OPEN_INT,CHG_IN_OI,TIMESTAMP,
FUTIDX,NIFTY,25-Jan-2024,0,XX,21680.2,21807.8,21592.4,21616.85,21616.85,158139,1716497.64,11713500,-46850,09-JAN-2024,
FUTIDX,NIFTY,29-Feb-2024,0,XX,21800,21938,21732,21751.6,21751.6,13430,146739.7,1182150,8600,09-JAN-2024,
FUTIDX,NIFTY,28-Mar-2024,0,XX,21940.7,22060.35,21865.5,21884.55,21884.55,3821,41989.57,246400,29900,09-JAN-2024,
OPTIDX,NIFTY,11-Jan-2024,19400,CE,2170,2170,2170,2170,2170,20,215.7,2950,-1000,09-JAN-2024,
OPTIDX,NIFTY,11-Jan-2024,19450,CE,0,0,0,2260,2102.05,0,0,100,0,09-JAN-2024,
OPTIDX,NIFTY,11-Jan-2024,19500,CE,2200,2236,2060,2066.75,2066.75,132,1424.64,19050,-6250,09-JAN-2024,
OPTIDX,NIFTY,11-Jan-2024,19550,CE,0,0,0,1507.85,2002.1,0,0,0,0,09-JAN-2024,
OPTIDX,NIFTY,11-Jan-2024,19600,CE,0,0,0,2135,1952.1,0,0,1850,0,09-JAN-2024,
OPTIDX,NIFTY,11-Jan-2024,19650,CE,1962.4,1962.4,1882.6,1913.15,1913.15,144,1552.54,1800,1350,09-JAN-2024,
OPTIDX,NIFTY,11-Jan-2024,19700,CE,2020,2020,2020,2020,1852.15,2,21.72,3050,-100,09-JAN-2024,
OPTIDX,NIFTY,11-Jan-2024,19750,CE,1783.75,2021.9,1783.75,1846.25,1846.25,300,3239.43,3900,3350,09-JAN-2024,
OPTIDX,NIFTY,11-Jan-2024,19800,CE,0,0,0,1885,1752.15,0,0,4650,0,09-JAN-2024,
OPTIDX,NIFTY,11-Jan-2024,19850,CE,0,0,0,1811,1702.2,0,0,50,0,09-JAN-2024,
OPTIDX,NIFTY,11-Jan-2024,19900,CE,0,0,0,1650,1652.2,0,0,10300,0,09-JAN-2024,
OPTIDX,NIFTY,11-Jan-2024,19950,CE,1665,1765,1593.2,1604.5,1604.5,39,421.81,4500,-1400,09-JAN-2024,
OPTIDX,NIFTY,11-Jan-2024,20000,CE,1659.9,1727.15,1538,1563.05,1563.05,136,1468.11,71900,-5050,09-JAN-2024,
OPTIDX,NIFTY,11-Jan-2024,20050,CE,1500,1500,1500,1500,1500,1,10.77,1750,-50,09-JAN-2024,
OPTIDX,NIFTY,11-Jan-2024,20100,CE,0,0,0,1560,1452.3,0,0,1200,0,09-JAN-2024,
OPTIDX,NIFTY,11-Jan-2024,20150,CE,0,0,0,1545,1402.3,0,0,700,0,09-JAN-2024,
OPTIDX,NIFTY,11-Jan-2024,20200,CE,1456.65,1503.55,1333.3,1333.3,1333.3,41,444.53,7200,-1950,09-JAN-2024,
OPTIDX,NIFTY,11-Jan-2024,20250,CE,0,0,0,897.2,1302.35,0,0,0,0,09-JAN-2024,
OPTIDX,NIFTY,11-Jan-2024,20300,CE,1438.15,1438.15,1240,1240,1240,3,32.49,3100,100,09-JAN-2024,
OPTIDX,NIFTY,11-Jan-2024,20350,CE,1296.75,1345,1296.75,1345,1202.35,2,21.67,550,50,09-JAN-2024,
OPTIDX,NIFTY,11-Jan-2024,20400,CE,1330,1330,1155,1165,1165,12,130.09,2900,-200,09-JAN-2024,
OPTIDX,NIFTY,11-Jan-2024,20450,CE,0,0,0,1295.5,1102.4,0,0,5100,0,09-JAN-2024,
OPTIDX,NIFTY,11-Jan-2024,20500,CE,1120,1230,1030,1054.3,1054.3,159,1719.2,77350,-3000,09-JAN-2024,
OPTIDX,NIFTY,11-Jan-2024,20550,CE,1170,1170,1170,1170,1002.45,1,10.86,1050,0,09-JAN-2024,
OPTIDX,NIFTY,11-Jan-2024,20600,CE,1050,1104.5,970,970,952.45,14,151.53,17550,-600,09-JAN-2024,
OPTIDX,NIFTY,11-Jan-2024,20650,CE,972.35,1080.85,913.95,917.35,917.35,13,140.82,850,0,09-JAN-2024,
OPTIDX,NIFTY,11-Jan-2024,20700,CE,950,1030,930,1000,852.5,66,716.5,8100,-1450,09-JAN-2024,
OPTIDX,NIFTY,11-Jan-2024,20750,CE,0,0,0,804,802.5,0,0,4850,0,09-JAN-2024,
OPTIDX,NIFTY,11-Jan-2024,20800,CE,856.35,926.8,732.6,748.15,748.15,166,1795.07,35750,-4900,09-JAN-2024,
OPTIDX,NIFTY,11-Jan-2024,20850,CE,0,0,0,689.45,702.55,0,0,10050,0,09-JAN-2024,
OPTIDX,NIFTY,11-Jan-2024,20900,CE,753.85,834.65,631,665.8,665.8,639,6925.31,480750,-2050,09-JAN-2024,
OPTIDX,NIFTY,11-Jan-2024,20950,CE,677.5,770.3,592.95,599.25,599.25,36,389.03,16050,-100,09-JAN-2024,
OPTIDX,NIFTY,11-Jan-2024,21000,CE,648.95,745.75,530.4,547.55,547.55,8223,88936.63,854850,3400,09-JAN-2024,
OPTIDX,NIFTY,11-Jan-2024,21050,CE,610.05,683,496.8,502.4,502.4,86,931.49,7350,300,09-JAN-2024,
OPTIDX,NIFTY,11-Jan-2024,21100,CE,531,637,435.3,456.45,456.45,1585,17147.21,78500,-8100,09-JAN-2024,
OPTIDX,NIFTY,11-Jan-2024,21150,CE,509.95,592.3,391.55,411.4,411.4,362,3915.84,25250,-2300,09-JAN-2024,
OPTIDX,NIFTY,11-Jan-2024,21200,CE,439.9,550,336.35,354.3,354.3,6388,69126.89,116600,-24100,09-JAN-2024,
OPTIDX,NIFTY,11-Jan-2024,21250,CE,388.35,498,291.2,313.7,313.7,1907,20628.94,19850,-10200,09-JAN-2024,
OPTIDX,NIFTY,11-Jan-2024,21300,CE,243,450,243,264.65,264.65,19698,213113.13,181000,-1300,09-JAN-2024,
OPTIDX,NIFTY,11-Jan-2024,21350,CE,250,402.2,203.25,224.8,224.8,9676,104711.19,64550,-27500,09-JAN-2024,
OPTIDX,NIFTY,11-Jan-2024,21400,CE,200,355.2,163.15,186.55,186.55,139004,1504170.71,499900,-88650,09-JAN-2024,
OPTIDX,NIFTY,11-Jan-2024,21450,CE,193,308.4,127.7,148.5,148.5,124916,1352490.97,270650,-110800,09-JAN-2024,
OPTIDX,NIFTY,11-Jan-2024,21500,CE,135,264,96.75,114.25,114.25,828638,8979767.48,2798200,-558850,09-JAN-2024,
OPTIDX,NIFTY,11-Jan-2024,21550,CE,110.7,220.8,70.25,86.3,86.3,918854,9960334.82,2898100,128900,09-JAN-2024,
OPTIDX,NIFTY,11-Jan-2024,21600,CE,96.3,180.9,49.15,62.05,62.05,2952984,32058280.15,7533700,30450,09-JAN-2024,
OPTIDX,NIFTY,11-Jan-2024,21650,CE,75.35,144.35,33.85,43.65,43.65,2903769,31566406.61,5381450,1091700,09-JAN-2024,
OPTIDX,NIFTY,11-Jan-2024,21700,CE,69,111,23.3,30.25,30.25,5316769,57879196.39,10347850,915200,09-JAN-2024,
OPTIDX,NIFTY,11-Jan-2024,21750,CE,43.95,83.2,15.95,20.05,20.05,2675552,29165025.63,5152650,-41600,09-JAN-2024,
OPTIDX,NIFTY,11-Jan-2024,21800,CE,35,59.55,10.7,13,13,3210250,35048578.18,7515650,565750,09-JAN-2024,
OPTIDX,NIFTY,11-Jan-2024,21850,CE,21.05,41.35,7.45,9.15,9.15,1836109,20080506.97,3364500,392750,09-JAN-2024,
OPTIDX,NIFTY,11-Jan-2024,21900,CE,15.25,27.65,5.3,6.3,6.3,2180590,23894035.22,5326850,537700,09-JAN-2024,
OPTIDX,NIFTY,11-Jan-2024,21950,CE,9.4,17.85,3.85,4.65,4.65,1498981,16458670.71,2837550,-552550,09-JAN-2024,
OPTIDX,NIFTY,11-Jan-2024,22000,CE,7.55,11.55,3.1,3.65,3.65,1907165,20985156.75,7277300,626400,09-JAN-2024,
OPTIDX,NIFTY,11-Jan-2024,22050,CE,5.3,9.95,2.4,2.9,2.9,1231207,13576766.71,2949650,304950,09-JAN-2024,
OPTIDX,NIFTY,11-Jan-2024,22100,CE,5.1,6,2.05,2.45,2.45,1189312,13143759.02,6925200,1251500,09-JAN-2024,
OPTIDX,NIFTY,11-Jan-2024,22150,CE,3.15,4.5,1.65,1.95,1.95,637809,7064456.4,3328150,1380550,09-JAN-2024,
OPTIDX,NIFTY,11-Jan-2024,22200,CE,2.5,3.7,1.35,1.75,1.75,1156116,12833928.18,5175300,-2018150,09-JAN-2024,
OPTIDX,NIFTY,11-Jan-2024,22250,CE,2.3,3.05,1.15,1.55,1.55,339085,3772575.02,1415500,-441400,09-JAN-2024,
OPTIDX,NIFTY,11-Jan-2024,22300,CE,1.5,2.7,1.1,1.4,1.4,682487,7610206.28,4237000,124550,09-JAN-2024,
OPTIDX,NIFTY,11-Jan-2024,22350,CE,2.15,2.2,1,1.35,1.35,171140,1912599.47,950750,-600050,09-JAN-2024,
OPTIDX,NIFTY,11-Jan-2024,22400,CE,1.65,2.2,0.95,1.3,1.3,349420,3913716.82,2850600,-462000,09-JAN-2024,
OPTIDX,NIFTY,11-Jan-2024,22450,CE,1.7,1.85,0.8,1.15,1.15,94774,1063888.61,746900,-35950,09-JAN-2024,
OPTIDX,NIFTY,11-Jan-2024,22500,CE,1.55,1.75,0.85,1.1,1.1,341697,3844271.69,5182600,-89450,09-JAN-2024,
OPTIDX,NIFTY,11-Jan-2024,22550,CE,1.45,1.6,0.8,0.95,0.95,49768,561158.57,440400,-200100,09-JAN-2024,
OPTIDX,NIFTY,11-Jan-2024,22600,CE,1.5,1.9,0.05,0.95,0.95,148009,1672565.78,1884350,-21150,09-JAN-2024,
OPTIDX,NIFTY,11-Jan-2024,22650,CE,1.5,1.55,0.7,0.9,0.9,29415,333137.4,421300,13250,09-JAN-2024,
OPTIDX,NIFTY,11-Jan-2024,22700,CE,1.1,1.4,0.65,0.85,0.85,81402,923945.16,1407350,-124500,09-JAN-2024,
OPTIDX,NIFTY,11-Jan-2024,22750,CE,1.2,1.4,0.65,0.8,0.8,20675,235186.25,202250,-51100,09-JAN-2024,
OPTIDX,NIFTY,11-Jan-2024,22800,CE,1,1.25,0.6,0.8,0.8,92548,1055081.35,997650,-53550,09-JAN-2024,
OPTIDX,NIFTY,11-Jan-2024,22850,CE,0.75,1.3,0.55,0.75,0.75,15922,181914.69,189100,-20750,09-JAN-2024,
OPTIDX,NIFTY,11-Jan-2024,22900,CE,1.25,1.4,0.6,0.8,0.8,36033,412591.04,425150,25050,09-JAN-2024,
OPTIDX,NIFTY,11-Jan-2024,22950,CE,1.1,1.25,0.55,0.8,0.8,15400,176720.49,128650,-8450,09-JAN-2024,
OPTIDX,NIFTY,11-Jan-2024,23000,CE,1.1,1.3,0.55,0.8,0.8,181646,2088991.15,4886850,-90150,09-JAN-2024,
OPTIDX,NIFTY,11-Jan-2024,23050,CE,1.05,1.2,0.5,0.7,0.7,21093,243103.56,231150,2700,09-JAN-2024,
OPTIDX,NIFTY,11-Jan-2024,23100,CE,1,1.3,0.55,0.85,0.85,30510,352401.78,883450,199700,09-JAN-2024,
OPTIDX,NIFTY,11-Jan-2024,23150,CE,1.2,1.25,0.55,0.75,0.75,6902,79892.94,136500,8750,09-JAN-2024,
OPTIDX,NIFTY,11-Jan-2024,23200,CE,1.1,10,0.5,0.7,0.7,22336,259105.16,932850,-239450,09-JAN-2024,
OPTIDX,NIFTY,11-Jan-2024,23250,CE,0.65,1.25,0.5,0.7,0.7,19879,231099.54,396050,9500,09-JAN-2024,
OPTIDX,NIFTY,11-Jan-2024,23300,CE,1,1.05,0.5,0.7,0.7,93904,1094010.68,2434200,-134200,09-JAN-2024,
OPTIDX,NIFTY,11-Jan-2024,23350,CE,1.2,1.2,0.5,0.8,0.8,4853,56660.52,79800,40500,09-JAN-2024,
OPTIDX,NIFTY,11-Jan-2024,23400,CE,1.1,1.1,0.5,0.8,0.8,15777,184596.27,187650,41350,09-JAN-2024,
OPTIDX,NIFTY,11-Jan-2024,23450,CE,1,1,0.5,0.75,0.75,17848,209273.58,147900,52100,09-JAN-2024,
OPTIDX,NIFTY,11-Jan-2024,19400,PE,0.65,0.95,0.45,0.55,0.55,170511,1654016.88,2106450,539300,09-JAN-2024,
OPTIDX,NIFTY,11-Jan-2024,19450,PE,0.65,0.95,0.5,0.6,0.6,17853,173626.16,662500,473150,09-JAN-2024,
OPTIDX,NIFTY,11-Jan-2024,19500,PE,0.6,0.75,0.45,0.5,0.5,139967,1364719.89,2980750,-196900,09-JAN-2024,
OPTIDX,NIFTY,11-Jan-2024,19550,PE,0.55,0.85,0.4,0.5,0.5,10551,103139.15,94650,10300,09-JAN-2024,
OPTIDX,NIFTY,11-Jan-2024,19600,PE,0.65,0.75,0.4,0.45,0.45,55340,542347.86,455100,-134600,09-JAN-2024,
OPTIDX,NIFTY,11-Jan-2024,19650,PE,0.6,0.9,0.4,0.5,0.5,5472,53763.95,79150,34950,09-JAN-2024,
OPTIDX,NIFTY,11-Jan-2024,19700,PE,0.6,0.95,0.4,0.5,0.5,14625,144060.76,160750,7250,09-JAN-2024,
OPTIDX,NIFTY,11-Jan-2024,19750,PE,0.6,1,0.45,0.55,0.55,18696,184629.14,30650,-676550,09-JAN-2024,
OPTIDX,NIFTY,11-Jan-2024,19800,PE,0.7,0.95,0.45,0.55,0.55,4553,45076.21,67850,-21150,09-JAN-2024,
OPTIDX,NIFTY,11-Jan-2024,19850,PE,0.75,1.05,0.45,0.6,0.6,4237,42053.88,52650,24700,09-JAN-2024,
OPTIDX,NIFTY,11-Jan-2024,19900,PE,0.75,1,0.45,0.6,0.6,6311,62796.82,81900,-18900,09-JAN-2024,
OPTIDX,NIFTY,11-Jan-2024,19950,PE,0.75,1.05,0.5,0.6,0.6,4744,47323.35,32400,8600,09-JAN-2024,
OPTIDX,NIFTY,11-Jan-2024,20000,PE,0.85,1.1,0.55,0.65,0.65,67529,675316.1,1470000,81700,09-JAN-2024,
OPTIDX,NIFTY,11-Jan-2024,20050,PE,0.8,1.1,0.55,0.6,0.6,5623,56372.88,30050,-15100,09-JAN-2024,
OPTIDX,NIFTY,11-Jan-2024,20100,PE,0.8,1.1,0.55,0.6,0.6,15684,157630.89,105650,-4150,09-JAN-2024,
OPTIDX,NIFTY,11-Jan-2024,20150,PE,0.85,1.15,0.5,0.6,0.6,10730,108109.12,33350,5950,09-JAN-2024,
OPTIDX,NIFTY,11-Jan-2024,20200,PE,0.9,1.1,0.55,0.6,0.6,36544,369109.89,316850,-61650,09-JAN-2024,
OPTIDX,NIFTY,11-Jan-2024,20250,PE,0.85,1.2,0.6,0.65,0.65,27029,273681.42,70350,2700,09-JAN-2024,
OPTIDX,NIFTY,11-Jan-2024,20300,PE,1.3,1.3,0.5,0.6,0.6,44634,453055.36,350550,-46350,09-JAN-2024,
OPTIDX,NIFTY,11-Jan-2024,20350,PE,1,1.3,0.6,0.7,0.7,24330,247569.52,153550,-300,09-JAN-2024,
OPTIDX,NIFTY,11-Jan-2024,20400,PE,1,1.8,0.55,0.7,0.7,43534,444067.64,344350,-34400,09-JAN-2024,
OPTIDX,NIFTY,11-Jan-2024,20450,PE,1.1,1.35,0.55,0.7,0.7,28855,295056.59,94550,13600,09-JAN-2024,
OPTIDX,NIFTY,11-Jan-2024,20500,PE,1.15,1.4,0.75,0.85,0.85,214950,2203347.2,2911650,184700,09-JAN-2024,
OPTIDX,NIFTY,11-Jan-2024,20550,PE,1.45,1.45,0.7,0.8,0.8,26722,274582.79,86600,-9700,09-JAN-2024,
OPTIDX,NIFTY,11-Jan-2024,20600,PE,1.15,1.5,0.7,0.8,0.8,103939,1070627.82,919350,-182650,09-JAN-2024,
OPTIDX,NIFTY,11-Jan-2024,20650,PE,1.35,1.6,0.7,0.8,0.8,54517,562919.93,251300,19300,09-JAN-2024,
OPTIDX,NIFTY,11-Jan-2024,20700,PE,1,1.65,0.8,0.85,0.85,182989,1894044.15,1703150,-42350,09-JAN-2024,
OPTIDX,NIFTY,11-Jan-2024,20750,PE,1.5,1.8,0.75,0.95,0.95,105816,1097907.23,611100,15750,09-JAN-2024,
OPTIDX,NIFTY,11-Jan-2024,20800,PE,1.65,1.95,0.9,1.05,1.05,430744,4480024.71,3031250,261600,09-JAN-2024,
OPTIDX,NIFTY,11-Jan-2024,20850,PE,1.85,1.95,0.85,1,1,156575,1632396.63,630350,-185350,09-JAN-2024,
OPTIDX,NIFTY,11-Jan-2024,20900,PE,1.65,2.2,0.9,1.1,1.1,663743,6936582.96,2633000,-783850,09-JAN-2024,
OPTIDX,NIFTY,11-Jan-2024,20950,PE,2,2.5,0.9,1.4,1.4,274878,2879569.75,688500,-73200,09-JAN-2024,
OPTIDX,NIFTY,11-Jan-2024,21000,PE,1.9,2.8,1.2,1.8,1.8,1164024,12223409.95,5987600,-242650,09-JAN-2024,
OPTIDX,NIFTY,11-Jan-2024,21050,PE,3.2,3.85,1.45,2.4,2.4,404800,4261028.92,1060100,85800,09-JAN-2024,
OPTIDX,NIFTY,11-Jan-2024,21100,PE,4.3,5.3,1.8,3.2,3.2,1201551,12678269.7,3271450,-96750,09-JAN-2024,
OPTIDX,NIFTY,11-Jan-2024,21150,PE,2.6,6.85,2.35,4.65,4.65,825238,8728558.42,1948100,203350,09-JAN-2024,
OPTIDX,NIFTY,11-Jan-2024,21200,PE,8.1,11.55,3.1,7.05,7.05,1468452,15569700.86,4379300,1431650,09-JAN-2024,
OPTIDX,NIFTY,11-Jan-2024,21250,PE,11.4,13.95,4,10.2,10.2,1054863,11212004.67,2159200,999750,09-JAN-2024,
OPTIDX,NIFTY,11-Jan-2024,21300,PE,16.85,19.85,5.4,15.35,15.35,1578761,16822448.31,2935500,-174950,09-JAN-2024,
OPTIDX,NIFTY,11-Jan-2024,21350,PE,20,27.5,7,22.35,22.35,1285849,13736313.65,1836900,-66700,09-JAN-2024,
OPTIDX,NIFTY,11-Jan-2024,21400,PE,32.2,37.8,9.6,31.65,31.65,2232206,23907919.56,4926600,1334250,09-JAN-2024,
OPTIDX,NIFTY,11-Jan-2024,21450,PE,35.1,51.3,13.2,44.65,44.65,1565773,16815134.95,1690450,21450,09-JAN-2024,
OPTIDX,NIFTY,11-Jan-2024,21500,PE,40,69,18.6,62.1,62.1,3085392,33231565.8,5591350,508600,09-JAN-2024,
OPTIDX,NIFTY,11-Jan-2024,21550,PE,65.05,91.55,26,83.1,83.1,2231805,24110303.72,2742500,802750,09-JAN-2024,
OPTIDX,NIFTY,11-Jan-2024,21600,PE,87,120.55,35.85,109,109,4186887,45361069.39,3398850,869200,09-JAN-2024,
OPTIDX,NIFTY,11-Jan-2024,21650,PE,96.95,154.6,48.9,139.85,139.85,2748416,29862962.9,1512000,490900,09-JAN-2024,
OPTIDX,NIFTY,11-Jan-2024,21700,PE,151,193.25,65.75,175.65,175.65,3732138,40679983.79,3508250,1257400,09-JAN-2024,
OPTIDX,NIFTY,11-Jan-2024,21750,PE,184,236,87.45,214.3,214.3,984674,10769575.83,792200,182050,09-JAN-2024,
OPTIDX,NIFTY,11-Jan-2024,21800,PE,202.55,280.9,114.3,258.7,258.7,904567,9932509.12,1132500,70200,09-JAN-2024,
OPTIDX,NIFTY,11-Jan-2024,21850,PE,255,327.55,145.95,302.9,302.9,168769,1860359.8,217750,-30100,09-JAN-2024,
OPTIDX,NIFTY,11-Jan-2024,21900,PE,283.6,375,182.45,352.55,352.55,156404,1730937.22,368400,41750,09-JAN-2024,
OPTIDX,NIFTY,11-Jan-2024,21950,PE,321.5,422.6,223.2,399.7,399.7,13510,150149.09,118450,-14800,09-JAN-2024,
OPTIDX,NIFTY,11-Jan-2024,22000,PE,400,475,266.9,453.05,453.05,72571,810632.41,350000,-45200,09-JAN-2024,
OPTIDX,NIFTY,11-Jan-2024,22050,PE,427.95,522.5,313.2,498.85,498.85,3130,35103.45,24450,-7150,09-JAN-2024,
OPTIDX,NIFTY,11-Jan-2024,22100,PE,488,567.4,359.3,548.3,548.3,5725,64486.04,47750,6500,09-JAN-2024,
OPTIDX,NIFTY,11-Jan-2024,22150,PE,487.2,606.8,413.25,599.2,599.2,409,4624.22,5900,50,09-JAN-2024,
OPTIDX,NIFTY,11-Jan-2024,22200,PE,580.2,666.4,455.4,645.9,645.9,3066,34826,75100,-9050,09-JAN-2024,
OPTIDX,NIFTY,11-Jan-2024,22250,PE,625,691.1,522.85,686.65,686.65,67,764.61,3750,250,09-JAN-2024,
OPTIDX,NIFTY,11-Jan-2024,22300,PE,654,759.8,571.5,745.2,745.2,296,3398.53,15150,-4150,09-JAN-2024,
OPTIDX,NIFTY,11-Jan-2024,22350,PE,678,819,625.2,816.45,816.45,164,1888.09,7450,-1950,09-JAN-2024,
OPTIDX,NIFTY,11-Jan-2024,22400,PE,0,0,0,881.6,846.85,0,0,4300,0,09-JAN-2024,
OPTIDX,NIFTY,11-Jan-2024,22450,PE,800,832.1,800,832.1,896.85,6,69.76,250,200,09-JAN-2024,
OPTIDX,NIFTY,11-Jan-2024,22500,PE,820,969,761.5,958.25,958.25,317,3700.27,15950,-700,09-JAN-2024,
OPTIDX,NIFTY,11-Jan-2024,22550,PE,907.2,907.2,860.85,865.05,996.8,4,46.84,100,50,09-JAN-2024,
OPTIDX,NIFTY,11-Jan-2024,22600,PE,930.05,1042.2,873,1020.95,1046.8,10,117.68,1500,-100,09-JAN-2024,
OPTIDX,NIFTY,11-Jan-2024,22650,PE,0,0,0,1615.6,1096.75,0,0,0,0,09-JAN-2024,
OPTIDX,NIFTY,11-Jan-2024,22700,PE,1025.3,1141,967,1141,1141,21,249,1000,150,09-JAN-2024,
OPTIDX,NIFTY,11-Jan-2024,22750,PE,1093.05,1113.5,1022.6,1022.6,1196.75,4,47.67,850,100,09-JAN-2024,
OPTIDX,NIFTY,11-Jan-2024,22800,PE,0,0,0,1757.8,1246.7,0,0,0,0,09-JAN-2024,
OPTIDX,NIFTY,11-Jan-2024,22850,PE,0,0,0,1805.6,1296.7,0,0,0,0,09-JAN-2024,
OPTIDX,NIFTY,11-Jan-2024,22900,PE,0,0,0,1382.9,1346.7,0,0,350,0,09-JAN-2024,
OPTIDX,NIFTY,11-Jan-2024,22950,PE,0,0,0,1901.75,1396.65,0,0,0,0,09-JAN-2024,
OPTIDX,NIFTY,11-Jan-2024,23000,PE,1355.05,1438.6,1265,1435.75,1435.75,159,1934.67,8400,-2900,09-JAN-2024,
OPTIDX,NIFTY,11-Jan-2024,23050,PE,0,0,0,1998.5,1496.65,0,0,0,0,09-JAN-2024,
OPTIDX,NIFTY,11-Jan-2024,23100,PE,0,0,0,2047.1,1546.6,0,0,0,0,09-JAN-2024,
OPTIDX,NIFTY,11-Jan-2024,23150,PE,0,0,0,1564.75,1596.6,0,0,50,0,09-JAN-2024,
OPTIDX,NIFTY,11-Jan-2024,23200,PE,0,0,0,1435.35,1646.55,0,0,50,0,09-JAN-2024,
OPTIDX,NIFTY,11-Jan-2024,23250,PE,0,0,0,2193.5,1696.55,0,0,0,0,09-JAN-2024,
OPTIDX,NIFTY,11-Jan-2024,23300,PE,0,0,0,2242.45,1746.55,0,0,0,0,09-JAN-2024,
OPTIDX,NIFTY,11-Jan-2024,23350,PE,0,0,0,2291.5,1796.5,0,0,0,0,09-JAN-2024,
OPTIDX,NIFTY,11-Jan-2024,23400,PE,0,0,0,2340.65,1846.5,0,0,0,0,09-JAN-2024,
OPTIDX,NIFTY,11-Jan-2024,23450,PE,1816.95,1816.95,1733.05,1733.05,1896.5,4,50.44,100,100,09-JAN-2024,
OPTIDX,NIFTY,18-Jan-2024,19650,CE,0,0,0,1682.15,1927.55,0,0,0,0,09-JAN-2024,
OPTIDX,NIFTY,18-Jan-2024,19700,CE,2020,2060,2015,2050,1877.6,12,130.44,600,150,09-JAN-2024,
OPTIDX,NIFTY,18-Jan-2024,19750,CE,0,0,0,1587.1,1827.7,0,0,0,0,09-JAN-2024,
OPTIDX,NIFTY,18-Jan-2024,19800,CE,1920,1940,1770,1770,1770,7,75.88,550,-50,09-JAN-2024,
OPTIDX,NIFTY,18-Jan-2024,19850,CE,0,0,0,1493.1,1727.85,0,0,0,0,09-JAN-2024,
OPTIDX,NIFTY,18-Jan-2024,19900,CE,0,0,0,1446.55,1677.95,0,0,0,0,09-JAN-2024,
OPTIDX,NIFTY,18-Jan-2024,19950,CE,0,0,0,1675.05,1628.05,0,0,50,0,09-JAN-2024,
OPTIDX,NIFTY,18-Jan-2024,20000,CE,1700,1741,1575,1575,1575,48,519.74,7450,1750,09-JAN-2024,
OPTIDX,NIFTY,18-Jan-2024,20050,CE,1540,1540,1540,1540,1528.2,75,809.62,4000,3750,09-JAN-2024,
OPTIDX,NIFTY,18-Jan-2024,20100,CE,0,0,0,1264.35,1478.3,0,0,0,0,09-JAN-2024,
OPTIDX,NIFTY,18-Jan-2024,20150,CE,0,0,0,1219.85,1428.4,0,0,0,0,09-JAN-2024,
OPTIDX,NIFTY,18-Jan-2024,20200,CE,0,0,0,1432,1378.45,0,0,50,0,09-JAN-2024,
OPTIDX,NIFTY,18-Jan-2024,20250,CE,1400,1504,1400,1504,1328.55,18,195.67,900,900,09-JAN-2024,
OPTIDX,NIFTY,18-Jan-2024,20300,CE,0,0,0,1380,1278.7,0,0,50,0,09-JAN-2024,
OPTIDX,NIFTY,18-Jan-2024,20350,CE,0,0,0,1047.45,1228.8,0,0,0,0,09-JAN-2024,
OPTIDX,NIFTY,18-Jan-2024,20400,CE,1300,1300,1240,1240,1178.95,3,32.5,600,150,09-JAN-2024,
OPTIDX,NIFTY,18-Jan-2024,20450,CE,0,0,0,1311.9,1129.15,0,0,350,0,09-JAN-2024,
OPTIDX,NIFTY,18-Jan-2024,20500,CE,1190,1252.65,1066,1069.7,1069.7,51,552.12,4150,2550,09-JAN-2024,
OPTIDX,NIFTY,18-Jan-2024,20550,CE,0,0,0,885.25,1029.7,0,0,0,0,09-JAN-2024,
OPTIDX,NIFTY,18-Jan-2024,20600,CE,0,0,0,1114.5,980.15,0,0,5700,0,09-JAN-2024,
OPTIDX,NIFTY,18-Jan-2024,20650,CE,0,0,0,808.65,930.7,0,0,0,0,09-JAN-2024,
OPTIDX,NIFTY,18-Jan-2024,20700,CE,0,0,0,913.95,881.4,0,0,350,0,09-JAN-2024,
OPTIDX,NIFTY,18-Jan-2024,20750,CE,0,0,0,933.25,832.4,0,0,50,0,09-JAN-2024,
OPTIDX,NIFTY,18-Jan-2024,20800,CE,870,962.85,774.1,790.45,790.45,70,757.13,3700,3100,09-JAN-2024,
OPTIDX,NIFTY,18-Jan-2024,20850,CE,842.5,894.3,732.35,744.8,744.8,5,54.15,100,100,09-JAN-2024,
OPTIDX,NIFTY,18-Jan-2024,20900,CE,778,854.8,677.95,690.1,690.1,30,325.01,2100,850,09-JAN-2024,
OPTIDX,NIFTY,18-Jan-2024,20950,CE,747.25,809.3,638.6,638.6,638.6,7,75.84,250,250,09-JAN-2024,
OPTIDX,NIFTY,18-Jan-2024,21000,CE,680,779,585.1,608.5,608.5,1025,11111.68,60700,3300,09-JAN-2024,
OPTIDX,NIFTY,18-Jan-2024,21050,CE,620,620,560.2,566.25,566.25,23,248.61,300,200,09-JAN-2024,
OPTIDX,NIFTY,18-Jan-2024,21100,CE,612,676.9,498,520.6,520.6,94,1017.95,10200,1250,09-JAN-2024,
OPTIDX,NIFTY,18-Jan-2024,21150,CE,547.65,619.6,464.1,476.8,476.8,53,574.57,1600,400,09-JAN-2024,
OPTIDX,NIFTY,18-Jan-2024,21200,CE,505.5,588.2,410.65,428.55,428.55,866,9387.46,24850,9150,09-JAN-2024,
OPTIDX,NIFTY,18-Jan-2024,21250,CE,326.4,532.25,326.4,388.4,388.4,250,2709.03,7250,-850,09-JAN-2024,
OPTIDX,NIFTY,18-Jan-2024,21300,CE,400.15,501.45,330,343.3,343.3,3055,33148.11,37200,-9600,09-JAN-2024,
OPTIDX,NIFTY,18-Jan-2024,21350,CE,388,452.4,293.45,313.65,313.65,679,7380.33,9300,1350,09-JAN-2024,
OPTIDX,NIFTY,18-Jan-2024,21400,CE,301,415.5,256.5,273.55,273.55,7166,77847.84,190200,25750,09-JAN-2024,
OPTIDX,NIFTY,18-Jan-2024,21450,CE,285,376.65,224.2,241.9,241.9,3292,35779.2,43350,5350,09-JAN-2024,
OPTIDX,NIFTY,18-Jan-2024,21500,CE,225.15,339.65,193.3,207.35,207.35,50225,546476.88,421600,64800,09-JAN-2024,
OPTIDX,NIFTY,18-Jan-2024,21550,CE,222.7,301.85,165.55,180.3,180.3,18268,198799.93,128250,-400,09-JAN-2024,
OPTIDX,NIFTY,18-Jan-2024,21600,CE,196.05,266.6,140,153.55,153.55,84460,920516.72,506450,84000,09-JAN-2024,
OPTIDX,NIFTY,18-Jan-2024,21650,CE,164.55,233.9,117.7,128.65,128.65,48376,527951.93,239550,17000,09-JAN-2024,
OPTIDX,NIFTY,18-Jan-2024,21700,CE,150.05,202.4,97.5,107.9,107.9,152416,1665533.5,965450,213400,09-JAN-2024,
OPTIDX,NIFTY,18-Jan-2024,21750,CE,119.2,173.7,80.1,88.55,88.55,45369,496409.16,238450,19650,09-JAN-2024,
OPTIDX,NIFTY,18-Jan-2024,21800,CE,100,147.65,64.65,71.9,71.9,109011,1194109.22,911650,269300,09-JAN-2024,
OPTIDX,NIFTY,18-Jan-2024,21850,CE,82,123.9,52.75,58.85,58.85,29816,327061.06,181300,32600,09-JAN-2024,
OPTIDX,NIFTY,18-Jan-2024,21900,CE,66.1,102.8,42.1,46.85,46.85,74050,813507.89,591700,100700,09-JAN-2024,
OPTIDX,NIFTY,18-Jan-2024,21950,CE,54.55,84.8,34.2,37.9,37.9,23476,258330.1,165900,47650,09-JAN-2024,
OPTIDX,NIFTY,18-Jan-2024,22000,CE,45.05,69,27.05,30.15,30.15,82646,911065.87,864650,244800,09-JAN-2024,
OPTIDX,NIFTY,18-Jan-2024,22050,CE,37.45,56.15,21.5,23.85,23.85,22352,246843.49,144200,18500,09-JAN-2024,
OPTIDX,NIFTY,18-Jan-2024,22100,CE,27.15,44.7,16.85,18.6,18.6,42963,475358.04,526300,101750,09-JAN-2024,
OPTIDX,NIFTY,18-Jan-2024,22150,CE,21.4,35.35,13.5,14.6,14.6,22528,249747.11,156200,44000,09-JAN-2024,
OPTIDX,NIFTY,18-Jan-2024,22200,CE,20.45,28.05,10.7,11.9,11.9,54552,606030.8,490550,98850,09-JAN-2024,
OPTIDX,NIFTY,18-Jan-2024,22250,CE,12.65,21.75,8.85,9.55,9.55,12520,139375.72,120750,24300,09-JAN-2024,
OPTIDX,NIFTY,18-Jan-2024,22300,CE,11.75,17.1,7.35,7.8,7.8,47211,526669.87,481050,238400,09-JAN-2024,
OPTIDX,NIFTY,18-Jan-2024,22350,CE,8.75,13.2,6.1,6.6,6.6,7535,84236.79,100350,50000,09-JAN-2024,
OPTIDX,NIFTY,18-Jan-2024,22400,CE,6.7,10.4,5,5.4,5.4,20367,228185.82,267350,71000,09-JAN-2024,
OPTIDX,NIFTY,18-Jan-2024,22450,CE,6.1,8.15,4.5,4.75,4.75,5057,56780.52,53750,2750,09-JAN-2024,
OPTIDX,NIFTY,18-Jan-2024,22500,CE,6.05,6.55,4,4.4,4.4,24465,275293.48,579500,307050,09-JAN-2024,
OPTIDX,NIFTY,18-Jan-2024,22550,CE,4.85,7.75,3.6,3.9,3.9,3238,36515.62,69300,11950,09-JAN-2024,
OPTIDX,NIFTY,18-Jan-2024,22600,CE,4.1,4.25,3.05,3.3,3.3,7339,82943.91,200950,36400,09-JAN-2024,
OPTIDX,NIFTY,18-Jan-2024,22650,CE,3.85,3.9,2.4,3.05,3.05,1131,12810.48,37400,-850,09-JAN-2024,
OPTIDX,NIFTY,18-Jan-2024,22700,CE,3.5,3.5,2.65,3,3,3157,35836.82,93500,850,09-JAN-2024,
OPTIDX,NIFTY,18-Jan-2024,22750,CE,3.7,3.7,2.65,2.9,2.9,1020,11604.03,28800,12100,09-JAN-2024,
OPTIDX,NIFTY,18-Jan-2024,22800,CE,3.3,3.3,2.45,2.8,2.8,2739,31228.44,86550,28650,09-JAN-2024,
OPTIDX,NIFTY,18-Jan-2024,22850,CE,3.3,3.3,2.5,2.75,2.75,290,3313.64,18600,3950,09-JAN-2024,
OPTIDX,NIFTY,18-Jan-2024,22900,CE,3.25,4.2,2.25,2.5,2.5,1555,17806.7,41950,3800,09-JAN-2024,
OPTIDX,NIFTY,18-Jan-2024,22950,CE,2.35,2.95,2.25,2.45,2.45,352,4039.63,19250,2050,09-JAN-2024,
OPTIDX,NIFTY,18-Jan-2024,23000,CE,3.2,3.2,2.15,2.45,2.45,4843,55700.18,185750,53650,09-JAN-2024,
OPTIDX,NIFTY,18-Jan-2024,23050,CE,2.7,2.7,1.95,2.25,2.25,193,2224.54,16350,850,09-JAN-2024,
OPTIDX,NIFTY,18-Jan-2024,23100,CE,2.35,2.55,1.9,2.05,2.05,744,8593.99,28650,8150,09-JAN-2024,
OPTIDX,NIFTY,18-Jan-2024,23150,CE,2.65,2.65,1.75,2.15,2.15,110,1273.36,14950,800,09-JAN-2024,
OPTIDX,NIFTY,18-Jan-2024,23200,CE,2.4,2.4,1.85,1.95,1.95,664,7703.08,27350,600,09-JAN-2024,
OPTIDX,NIFTY,18-Jan-2024,23250,CE,2.45,2.45,1.7,1.8,1.8,1073,12474.71,16650,5650,09-JAN-2024,
OPTIDX,NIFTY,18-Jan-2024,23300,CE,2.4,2.45,1.65,1.8,1.8,2217,25830.17,123400,31050,09-JAN-2024,
OPTIDX,NIFTY,18-Jan-2024,23350,CE,0,0,0,8.9,0.05,0,0,0,0,09-JAN-2024,
OPTIDX,NIFTY,18-Jan-2024,23400,CE,2.15,2.2,1.5,1.7,1.7,574,6716.31,14600,8300,09-JAN-2024,
OPTIDX,NIFTY,18-Jan-2024,23450,CE,2.2,2.2,1.55,1.7,1.7,249,2919.74,10000,5650,09-JAN-2024,
OPTIDX,NIFTY,18-Jan-2024,19650,PE,2.1,2.2,1.55,1.8,1.8,318,3124.63,17900,6900,09-JAN-2024,
OPTIDX,NIFTY,18-Jan-2024,19700,PE,2,2.25,1.75,2.15,2.15,699,6885.86,40400,14650,09-JAN-2024,
OPTIDX,NIFTY,18-Jan-2024,19750,PE,0,0,0,17.35,0.05,0,0,0,0,09-JAN-2024,
OPTIDX,NIFTY,18-Jan-2024,19800,PE,2,2.9,1.7,2.1,0.05,393,3891.16,4450,4450,09-JAN-2024,
OPTIDX,NIFTY,18-Jan-2024,19850,PE,0,0,0,22.7,0.05,0,0,0,0,09-JAN-2024,
OPTIDX,NIFTY,18-Jan-2024,19900,PE,2.95,2.95,2.8,2.8,0.05,3,29.85,150,150,09-JAN-2024,
OPTIDX,NIFTY,18-Jan-2024,19950,PE,0,0,0,29.3,0.05,0,0,0,0,09-JAN-2024,
OPTIDX,NIFTY,18-Jan-2024,20000,PE,1.9,3.15,1.9,2.7,2.7,7921,79220.19,223400,67200,09-JAN-2024,
OPTIDX,NIFTY,18-Jan-2024,20050,PE,0,0,0,37.45,0.05,0,0,0,0,09-JAN-2024,
OPTIDX,NIFTY,18-Jan-2024,20100,PE,0,0,0,42.2,0.05,0,0,0,0,09-JAN-2024,
OPTIDX,NIFTY,18-Jan-2024,20150,PE,3.2,6.1,2.3,2.7,2.7,886,8927.67,13700,100,09-JAN-2024,
OPTIDX,NIFTY,18-Jan-2024,20200,PE,3.1,3.4,2.4,3.15,3.15,462,4666.87,8800,8750,09-JAN-2024,
OPTIDX,NIFTY,18-Jan-2024,20250,PE,2.45,3.5,2.4,2.95,2.95,222,2248.06,11950,1100,09-JAN-2024,
OPTIDX,NIFTY,18-Jan-2024,20300,PE,3.85,4,2.2,3.3,3.3,2600,26394.12,54850,13250,09-JAN-2024,
OPTIDX,NIFTY,18-Jan-2024,20350,PE,2.8,4.15,2.25,3.55,3.55,915,9311.62,17350,-3300,09-JAN-2024,
OPTIDX,NIFTY,18-Jan-2024,20400,PE,3.15,4.35,2.65,3.95,3.95,4175,42592.47,99100,8800,09-JAN-2024,
OPTIDX,NIFTY,18-Jan-2024,20450,PE,5.4,5.4,2.7,4.85,4.85,2549,26068.93,66400,40400,09-JAN-2024,
OPTIDX,NIFTY,18-Jan-2024,20500,PE,6.25,6.25,3.55,5.3,5.3,27195,278812.35,554150,217800,09-JAN-2024,
OPTIDX,NIFTY,18-Jan-2024,20550,PE,6.85,6.9,3.35,5.7,5.7,1144,11757.42,24350,1250,09-JAN-2024,
OPTIDX,NIFTY,18-Jan-2024,20600,PE,7.75,8,4.15,6.6,6.6,12609,129909.15,214950,22750,09-JAN-2024,
OPTIDX,NIFTY,18-Jan-2024,20650,PE,9.8,9.8,5.05,7.8,7.8,1691,17465.52,19900,2100,09-JAN-2024,
OPTIDX,NIFTY,18-Jan-2024,20700,PE,6.6,10.85,5.25,9.25,9.25,13800,142884.67,311900,85250,09-JAN-2024,
OPTIDX,NIFTY,18-Jan-2024,20750,PE,6.25,12.2,6.25,10.45,10.45,3863,40094.97,41850,6800,09-JAN-2024,
OPTIDX,NIFTY,18-Jan-2024,20800,PE,13,15.65,7.15,12.5,12.5,32281,335880.13,463050,-6950,09-JAN-2024,
OPTIDX,NIFTY,18-Jan-2024,20850,PE,18.1,18.1,8.75,14.5,14.5,5641,58840.29,54650,7500,09-JAN-2024,
OPTIDX,NIFTY,18-Jan-2024,20900,PE,12.25,19.6,9.15,17.1,17.1,33169,346837.8,311250,123750,09-JAN-2024,
OPTIDX,NIFTY,18-Jan-2024,20950,PE,17.6,22.8,11.85,20.2,20.2,5646,59188.61,65900,7900,09-JAN-2024,
OPTIDX,NIFTY,18-Jan-2024,21000,PE,22.05,27.5,13.9,24.15,24.15,59960,630139.95,940250,236150,09-JAN-2024,
OPTIDX,NIFTY,18-Jan-2024,21050,PE,30,31.5,16.1,27.95,27.95,7913,83373.35,83050,6950,09-JAN-2024,
OPTIDX,NIFTY,18-Jan-2024,21100,PE,27.05,37.4,18.7,33.6,33.6,36028,380562.63,346900,84100,09-JAN-2024,
OPTIDX,NIFTY,18-Jan-2024,21150,PE,23,43.45,21.85,38.75,38.75,15614,165363.82,134650,44500,09-JAN-2024,
OPTIDX,NIFTY,18-Jan-2024,21200,PE,38.75,51.45,25.9,47.4,47.4,57399,609487.77,908650,222550,09-JAN-2024,
OPTIDX,NIFTY,18-Jan-2024,21250,PE,45.05,60.15,30.5,55.5,55.5,19979,212715.99,174950,45050,09-JAN-2024,
OPTIDX,NIFTY,18-Jan-2024,21300,PE,60,71.05,36.15,65.95,65.95,61714,658842.07,600800,169100,09-JAN-2024,
OPTIDX,NIFTY,18-Jan-2024,21350,PE,78,82.7,42.65,77.75,77.75,25357,271440.87,140750,1700,09-JAN-2024,
OPTIDX,NIFTY,18-Jan-2024,21400,PE,79.8,96.6,50.45,91.55,91.55,111782,1200031.52,789200,60000,09-JAN-2024,
OPTIDX,NIFTY,18-Jan-2024,21450,PE,82.25,112.95,59.15,107.2,107.2,31481,338906.84,211300,82150,09-JAN-2024,
OPTIDX,NIFTY,18-Jan-2024,21500,PE,105,132,70.05,125.4,125.4,142896,1543208.33,852750,83000,09-JAN-2024,
OPTIDX,NIFTY,18-Jan-2024,21550,PE,135.75,153.65,82.4,146.25,146.25,37003,400896.02,173800,38550,09-JAN-2024,
OPTIDX,NIFTY,18-Jan-2024,21600,PE,136.65,177.65,96.8,169.75,169.75,124594,1353886.79,582350,183200,09-JAN-2024,
OPTIDX,NIFTY,18-Jan-2024,21650,PE,151.15,204.05,113.25,194.7,194.7,47755,520493.95,142650,21750,09-JAN-2024,
OPTIDX,NIFTY,18-Jan-2024,21700,PE,219.75,234.5,132.4,224.1,224.1,113088,1236475.94,504350,109400,09-JAN-2024,
OPTIDX,NIFTY,18-Jan-2024,21750,PE,200.05,267,153.6,256.85,256.85,22079,242161.35,65600,-200,09-JAN-2024,
OPTIDX,NIFTY,18-Jan-2024,21800,PE,245.1,300.95,177,284.85,284.85,44667,491741.16,348500,173950,09-JAN-2024,
OPTIDX,NIFTY,18-Jan-2024,21850,PE,245,338,205.05,322.05,322.05,3145,34744.78,17150,3650,09-JAN-2024,
OPTIDX,NIFTY,18-Jan-2024,21900,PE,288.05,378.55,233.4,367.25,367.25,7986,88574.82,67050,5400,09-JAN-2024,
OPTIDX,NIFTY,18-Jan-2024,21950,PE,333,415,265.35,401.4,401.4,1125,12522.74,10050,6600,09-JAN-2024,
OPTIDX,NIFTY,18-Jan-2024,22000,PE,392,462.6,300,447.05,447.05,5739,64188.53,60150,18800,09-JAN-2024,
OPTIDX,NIFTY,18-Jan-2024,22050,PE,400,498.75,345,483.5,483.5,118,1325.55,7300,-450,09-JAN-2024,
OPTIDX,NIFTY,18-Jan-2024,22100,PE,450.05,548.85,374.4,539.3,539.3,644,7254.88,69200,-3950,09-JAN-2024,
OPTIDX,NIFTY,18-Jan-2024,22150,PE,522.9,574.5,448.1,574.5,574.5,13,147.17,2900,-100,09-JAN-2024,
OPTIDX,NIFTY,18-Jan-2024,22200,PE,581.65,631.55,460,615.95,615.95,1129,12821.71,13550,9450,09-JAN-2024,
OPTIDX,NIFTY,18-Jan-2024,22250,PE,577.65,675.4,540,667.25,667.25,25,285.54,750,750,09-JAN-2024,
OPTIDX,NIFTY,18-Jan-2024,22300,PE,680.5,734.65,548,728.8,728.8,128,1465.73,2050,350,09-JAN-2024,
OPTIDX,NIFTY,18-Jan-2024,22350,PE,0,0,0,1090.6,773.6,0,0,0,0,09-JAN-2024,
OPTIDX,NIFTY,18-Jan-2024,22400,PE,0,0,0,1133.2,822.1,0,0,0,0,09-JAN-2024,
OPTIDX,NIFTY,18-Jan-2024,22450,PE,0,0,0,1176.35,870.9,0,0,0,0,09-JAN-2024,
OPTIDX,NIFTY,18-Jan-2024,22500,PE,820,935,748,918.9,918.9,145,1690.25,2850,2600,09-JAN-2024,
OPTIDX,NIFTY,18-Jan-2024,22550,PE,0,0,0,1264.15,969.25,0,0,0,0,09-JAN-2024,
OPTIDX,NIFTY,18-Jan-2024,22600,PE,0,0,0,1308.7,1018.7,0,0,0,0,09-JAN-2024,
OPTIDX,NIFTY,18-Jan-2024,22650,PE,0,0,0,1353.7,1068.3,0,0,0,0,09-JAN-2024,
OPTIDX,NIFTY,18-Jan-2024,22700,PE,0,0,0,1399.05,1117.95,0,0,0,0,09-JAN-2024,
OPTIDX,NIFTY,18-Jan-2024,22750,PE,0,0,0,1444.8,1167.7,0,0,0,0,09-JAN-2024,
OPTIDX,NIFTY,18-Jan-2024,22800,PE,0,0,0,1260,1217.5,0,0,50,0,09-JAN-2024,
OPTIDX,NIFTY,18-Jan-2024,22850,PE,0,0,0,985.6,1267.35,0,0,50,0,09-JAN-2024,
OPTIDX,NIFTY,18-Jan-2024,22900,PE,0,0,0,1032.55,1317.2,0,0,50,0,09-JAN-2024,
OPTIDX,NIFTY,18-Jan-2024,22950,PE,0,0,0,1630.95,1367.05,0,0,0,0,09-JAN-2024,
OPTIDX,NIFTY,18-Jan-2024,23000,PE,1365,1447.3,1365,1428.7,1428.7,6,73.22,750,0,09-JAN-2024,
OPTIDX,NIFTY,18-Jan-2024,23050,PE,0,0,0,1725.6,1466.85,0,0,0,0,09-JAN-2024,
OPTIDX,NIFTY,18-Jan-2024,23100,PE,0,0,0,1773.25,1516.75,0,0,0,0,09-JAN-2024,
OPTIDX,NIFTY,18-Jan-2024,23150,PE,0,0,0,1821.1,1566.65,0,0,0,0,09-JAN-2024,
OPTIDX,NIFTY,18-Jan-2024,23200,PE,0,0,0,1869.15,1616.6,0,0,0,0,09-JAN-2024,
OPTIDX,NIFTY,18-Jan-2024,23250,PE,0,0,0,1917.35,1666.5,0,0,0,0,09-JAN-2024,
OPTIDX,NIFTY,18-Jan-2024,23300,PE,0,0,0,1965.7,1716.4,0,0,0,0,09-JAN-2024,
OPTIDX,NIFTY,18-Jan-2024,23350,PE,0,0,0,2014.2,1766.3,0,0,0,0,09-JAN-2024,
OPTIDX,NIFTY,18-Jan-2024,23400,PE,0,0,0,2062.8,1816.25,0,0,0,0,09-JAN-2024,
OPTIDX,NIFTY,18-Jan-2024,23450,PE,0,0,0,2111.5,1866.15,0,0,0,0,09-JAN-2024,
OPTIDX,NIFTY,25-Jan-2024,17350,CE,0,0,0,4400,4246.1,0,0,200,0,09-JAN-2024,
OPTIDX,NIFTY,25-Jan-2024,17400,CE,0,0,0,4377.45,4196.25,0,0,14750,0,09-JAN-2024,
OPTIDX,NIFTY,25-Jan-2024,17450,CE,0,0,0,1783.7,4146.4,0,0,0,0,09-JAN-2024,
OPTIDX,NIFTY,25-Jan-2024,17500,CE,4197.55,4281.65,4071.55,4085.3,4085.3,140,1518.66,95550,-50,09-JAN-2024,
OPTIDX,NIFTY,25-Jan-2024,17550,CE,0,0,0,4050,4046.7,0,0,250,0,09-JAN-2024,
OPTIDX,NIFTY,25-Jan-2024,17600,CE,0,0,0,4290,3996.85,0,0,250,0,09-JAN-2024,
OPTIDX,NIFTY,25-Jan-2024,17650,CE,0,0,0,1611.6,3947,0,0,0,0,09-JAN-2024,
OPTIDX,NIFTY,25-Jan-2024,17700,CE,0,0,0,1569.6,3897.15,0,0,0,0,09-JAN-2024,
OPTIDX,NIFTY,25-Jan-2024,17750,CE,0,0,0,4140.65,3847.3,0,0,2450,0,09-JAN-2024,
OPTIDX,NIFTY,25-Jan-2024,17800,CE,3903.5,3903.5,3824.3,3824.3,3797.45,4,43.32,10300,0,09-JAN-2024,
OPTIDX,NIFTY,25-Jan-2024,17850,CE,0,0,0,3980,3747.6,0,0,150,0,09-JAN-2024,
OPTIDX,NIFTY,25-Jan-2024,17900,CE,0,0,0,3971.5,3697.75,0,0,7650,0,09-JAN-2024,
OPTIDX,NIFTY,25-Jan-2024,17950,CE,0,0,0,1366.1,3647.9,0,0,0,0,09-JAN-2024,
OPTIDX,NIFTY,25-Jan-2024,18000,CE,3625,3774,3588,3595,3595,73,791.66,428400,-650,09-JAN-2024,
OPTIDX,NIFTY,25-Jan-2024,18050,CE,0,0,0,1957.8,3548.2,0,0,50,0,09-JAN-2024,
OPTIDX,NIFTY,25-Jan-2024,18100,CE,0,0,0,3900,3498.35,0,0,9750,0,09-JAN-2024,
OPTIDX,NIFTY,25-Jan-2024,18150,CE,0,0,0,3700,3448.45,0,0,100,0,09-JAN-2024,
OPTIDX,NIFTY,25-Jan-2024,18200,CE,0,0,0,3465,3398.6,0,0,13850,0,09-JAN-2024,
OPTIDX,NIFTY,25-Jan-2024,18250,CE,0,0,0,1139.2,3348.75,0,0,0,0,09-JAN-2024,
OPTIDX,NIFTY,25-Jan-2024,18300,CE,0,0,0,3581.25,3298.9,0,0,13050,0,09-JAN-2024,
OPTIDX,NIFTY,25-Jan-2024,18350,CE,0,0,0,3575,3249.05,0,0,100,0,09-JAN-2024,
OPTIDX,NIFTY,25-Jan-2024,18400,CE,3325,3325,3325,3325,3199.2,1,10.86,8600,50,09-JAN-2024,
OPTIDX,NIFTY,25-Jan-2024,18450,CE,0,0,0,3410,3149.35,0,0,150,0,09-JAN-2024,
OPTIDX,NIFTY,25-Jan-2024,18500,CE,3196.3,3275,3089.9,3117.1,3117.1,42,455.42,192200,-900,09-JAN-2024,
OPTIDX,NIFTY,25-Jan-2024,18550,CE,0,0,0,931.75,3049.65,0,0,0,0,09-JAN-2024,
OPTIDX,NIFTY,25-Jan-2024,18600,CE,0,0,0,3050,2999.8,0,0,5150,0,09-JAN-2024,
OPTIDX,NIFTY,25-Jan-2024,18650,CE,0,0,0,867.95,2949.95,0,0,0,0,09-JAN-2024,
OPTIDX,NIFTY,25-Jan-2024,18700,CE,0,0,0,2900,2900.1,0,0,4400,0,09-JAN-2024,
OPTIDX,NIFTY,25-Jan-2024,18750,CE,0,0,0,2814.45,2850.25,0,0,550,0,09-JAN-2024,
OPTIDX,NIFTY,25-Jan-2024,18800,CE,0,0,0,2950,2800.4,0,0,4450,0,09-JAN-2024,
OPTIDX,NIFTY,25-Jan-2024,18850,CE,0,0,0,3050,2750.55,0,0,200,0,09-JAN-2024,
OPTIDX,NIFTY,25-Jan-2024,18900,CE,0,0,0,2884,2700.7,0,0,2850,0,09-JAN-2024,
OPTIDX,NIFTY,25-Jan-2024,18950,CE,0,0,0,692.45,2650.85,0,0,0,0,09-JAN-2024,
OPTIDX,NIFTY,25-Jan-2024,19000,CE,2700.65,2781.7,2584,2601.4,2601.4,256,2778.72,506750,-6050,09-JAN-2024,
OPTIDX,NIFTY,25-Jan-2024,19050,CE,0,0,0,2840.65,2551.15,0,0,50,0,09-JAN-2024,
OPTIDX,NIFTY,25-Jan-2024,19100,CE,0,0,0,2620,2501.3,0,0,12400,0,09-JAN-2024,
OPTIDX,NIFTY,25-Jan-2024,19150,CE,0,0,0,2545,2451.45,0,0,50,0,09-JAN-2024,
OPTIDX,NIFTY,25-Jan-2024,19200,CE,2498.4,2565.85,2460,2470,2401.6,9,97.71,13500,50,09-JAN-2024,
OPTIDX,NIFTY,25-Jan-2024,19250,CE,0,0,0,2380,2351.7,0,0,650,0,09-JAN-2024,
OPTIDX,NIFTY,25-Jan-2024,19300,CE,2474.9,2474.9,2322,2322,2301.85,7,76.11,12150,-50,09-JAN-2024,
OPTIDX,NIFTY,25-Jan-2024,19350,CE,0,0,0,2416,2252,0,0,10000,0,09-JAN-2024,
OPTIDX,NIFTY,25-Jan-2024,19400,CE,0,0,0,2200,2202.15,0,0,15850,0,09-JAN-2024,
OPTIDX,NIFTY,25-Jan-2024,19450,CE,2256.45,2312.5,2150,2150.05,2150.05,9,97.5,300,-50,09-JAN-2024,
OPTIDX,NIFTY,25-Jan-2024,19500,CE,2175,2287.8,2085.6,2107.2,2107.2,91,986.05,273950,1050,09-JAN-2024,
OPTIDX,NIFTY,25-Jan-2024,19550,CE,2157.05,2200.9,2048.8,2057.15,2057.15,140,1514.28,6200,5900,09-JAN-2024,
OPTIDX,NIFTY,25-Jan-2024,19600,CE,2096,2165.75,1997.95,1997.95,1997.95,6,65.12,23200,-150,09-JAN-2024,
OPTIDX,NIFTY,25-Jan-2024,19650,CE,0,0,0,2138.65,1952.9,0,0,300,0,09-JAN-2024,
OPTIDX,NIFTY,25-Jan-2024,19700,CE,2005,2095.3,1898.95,1905.85,1905.85,20,217.14,35200,100,09-JAN-2024,
OPTIDX,NIFTY,25-Jan-2024,19750,CE,0,0,0,2034.2,1853.25,0,0,1400,0,09-JAN-2024,
OPTIDX,NIFTY,25-Jan-2024,19800,CE,1896.8,1989,1800,1820.75,1820.75,36,390.62,55700,-500,09-JAN-2024,
OPTIDX,NIFTY,25-Jan-2024,19850,CE,0,0,0,1830,1753.55,0,0,2200,0,09-JAN-2024,
OPTIDX,NIFTY,25-Jan-2024,19900,CE,1864,1864,1726,1726,1703.75,7,75.95,27850,0,09-JAN-2024,
OPTIDX,NIFTY,25-Jan-2024,19950,CE,0,0,0,1970,1653.9,0,0,2750,0,09-JAN-2024,
OPTIDX,NIFTY,25-Jan-2024,20000,CE,1720,1802,1592.5,1614.35,1614.35,1523,16501.26,722750,-6650,09-JAN-2024,
OPTIDX,NIFTY,25-Jan-2024,20050,CE,0,0,0,1750.05,1554.35,0,0,1250,0,09-JAN-2024,
OPTIDX,NIFTY,25-Jan-2024,20100,CE,1634.95,1689.65,1502.35,1515.2,1515.2,73,791.28,52100,-400,09-JAN-2024,
OPTIDX,NIFTY,25-Jan-2024,20150,CE,0,0,0,1440,1454.9,0,0,1900,0,09-JAN-2024,
OPTIDX,NIFTY,25-Jan-2024,20200,CE,1516.5,1589,1398,1414.65,1414.65,63,683.54,70250,150,09-JAN-2024,
OPTIDX,NIFTY,25-Jan-2024,20250,CE,0,0,0,1316.55,1355.65,0,0,17050,0,09-JAN-2024,
OPTIDX,NIFTY,25-Jan-2024,20300,CE,1428.35,1501.2,1307.55,1324.05,1324.05,53,575.25,50200,-1500,09-JAN-2024,
OPTIDX,NIFTY,25-Jan-2024,20350,CE,1335.8,1335.8,1335.8,1335.8,1256.7,1,10.84,8400,0,09-JAN-2024,
OPTIDX,NIFTY,25-Jan-2024,20400,CE,1329,1354.6,1210,1210,1210,31,336.51,81050,-800,09-JAN-2024,
OPTIDX,NIFTY,25-Jan-2024,20450,CE,0,0,0,1189.65,1158.25,0,0,3200,0,09-JAN-2024,
OPTIDX,NIFTY,25-Jan-2024,20500,CE,1205,1310.35,1106.3,1121,1121,436,4732.85,561500,-2950,09-JAN-2024,
OPTIDX,NIFTY,25-Jan-2024,20550,CE,0,0,0,1283.5,1060.6,0,0,4950,0,09-JAN-2024,
OPTIDX,NIFTY,25-Jan-2024,20600,CE,1058.95,1218.5,1010,1035.9,1035.9,61,662.13,87650,50,09-JAN-2024,
OPTIDX,NIFTY,25-Jan-2024,20650,CE,1090,1158.15,996.3,1002,1002,20,217.14,7300,-50,09-JAN-2024,
OPTIDX,NIFTY,25-Jan-2024,20700,CE,1040,1100,925,940.6,940.6,83,902.19,73150,1050,09-JAN-2024,
OPTIDX,NIFTY,25-Jan-2024,20750,CE,0,0,0,850.8,869.15,0,0,13950,0,09-JAN-2024,
OPTIDX,NIFTY,25-Jan-2024,20800,CE,920,1001.25,831,847.75,847.75,345,3747.1,159450,350,09-JAN-2024,
OPTIDX,NIFTY,25-Jan-2024,20850,CE,955.45,955.45,911.1,911.1,776.45,2,21.78,10500,0,09-JAN-2024,
OPTIDX,NIFTY,25-Jan-2024,20900,CE,839.95,932,743.45,761.95,761.95,113,1228.54,83600,-2700,09-JAN-2024,
OPTIDX,NIFTY,25-Jan-2024,20950,CE,0,0,0,688.7,686.6,0,0,6500,0,09-JAN-2024,
OPTIDX,NIFTY,25-Jan-2024,21000,CE,724.3,841,648.3,665.15,665.15,7700,83750.25,937400,-8700,09-JAN-2024,
OPTIDX,NIFTY,25-Jan-2024,21050,CE,686,790,604.75,626.5,626.5,430,4676.43,21450,850,09-JAN-2024,
OPTIDX,NIFTY,25-Jan-2024,21100,CE,670,750,562.95,581.55,581.55,470,5117.69,204450,-1550,09-JAN-2024,
OPTIDX,NIFTY,25-Jan-2024,21150,CE,653,660.75,525,536.5,536.5,37,401.65,27200,1100,09-JAN-2024,
OPTIDX,NIFTY,25-Jan-2024,21200,CE,568,663,488,505.45,505.45,2366,25758.77,349950,1750,09-JAN-2024,
OPTIDX,NIFTY,25-Jan-2024,21250,CE,498.9,613.1,450,465.1,465.1,76,827.48,29800,-850,09-JAN-2024,
OPTIDX,NIFTY,25-Jan-2024,21300,CE,483.05,574,409.6,426,426,3662,39893.87,361300,-4600,09-JAN-2024,
OPTIDX,NIFTY,25-Jan-2024,21350,CE,463.15,537.95,373.4,390.05,390.05,632,6887.19,59500,-250,09-JAN-2024,
OPTIDX,NIFTY,25-Jan-2024,21400,CE,410,498.15,340.5,359,359,7124,77701.72,475450,-4850,09-JAN-2024,
OPTIDX,NIFTY,25-Jan-2024,21450,CE,369.55,454.7,308.3,323.35,323.35,1143,12466.03,42100,-100,09-JAN-2024,
OPTIDX,NIFTY,25-Jan-2024,21500,CE,320,422.9,277,292,292,55995,611615.68,1525300,-73650,09-JAN-2024,
OPTIDX,NIFTY,25-Jan-2024,21550,CE,300.1,387.55,248,261.7,261.7,5311,58026.28,86150,5950,09-JAN-2024,
OPTIDX,NIFTY,25-Jan-2024,21600,CE,273.25,354.3,221,233.6,233.6,67753,741407.38,1288850,122500,09-JAN-2024,
OPTIDX,NIFTY,25-Jan-2024,21650,CE,240,320.4,195.15,206.85,206.85,13564,148581.16,158350,2250,09-JAN-2024,
OPTIDX,NIFTY,25-Jan-2024,21700,CE,218.75,289.55,171.8,184.1,184.1,109855,1204889.36,1884850,155700,09-JAN-2024,
OPTIDX,NIFTY,25-Jan-2024,21750,CE,174.25,258.55,150,160.55,160.55,12936,142013.76,205300,-16500,09-JAN-2024,
OPTIDX,NIFTY,25-Jan-2024,21800,CE,171.25,231.75,130.3,141.15,141.15,102791,1129848.11,1530150,187300,09-JAN-2024,
OPTIDX,NIFTY,25-Jan-2024,21850,CE,149.95,205,112.9,120.5,120.5,10609,116731.71,194650,-5650,09-JAN-2024,
OPTIDX,NIFTY,25-Jan-2024,21900,CE,126.45,180.7,96.45,102.75,102.75,42393,467056.89,837200,-10250,09-JAN-2024,
OPTIDX,NIFTY,25-Jan-2024,21950,CE,120,158,83,89.65,89.65,9566,105553.73,170550,22250,09-JAN-2024,
OPTIDX,NIFTY,25-Jan-2024,22000,CE,92.65,138.4,71.3,76.6,76.6,120406,1330682.03,2864750,212400,09-JAN-2024,
OPTIDX,NIFTY,25-Jan-2024,22050,CE,69.3,117.85,59.95,64.15,64.15,6506,72010.1,115550,13300,09-JAN-2024,
OPTIDX,NIFTY,25-Jan-2024,22100,CE,63.8,100.8,50.05,53.3,53.3,29363,325523.41,712300,9350,09-JAN-2024,
OPTIDX,NIFTY,25-Jan-2024,22150,CE,58.5,85.55,40.1,45.55,45.55,7274,80786.41,108850,4500,09-JAN-2024,
OPTIDX,NIFTY,25-Jan-2024,22200,CE,50.4,72.05,35.1,37.35,37.35,52209,580901.46,1111600,-207900,09-JAN-2024,
OPTIDX,NIFTY,25-Jan-2024,22250,CE,38.9,60.6,29.85,31.95,31.95,6516,72631.56,102250,7450,09-JAN-2024,
OPTIDX,NIFTY,25-Jan-2024,22300,CE,35.4,49.95,24.7,26,26,41610,464702.91,664250,24300,09-JAN-2024,
OPTIDX,NIFTY,25-Jan-2024,22350,CE,28.55,42.15,21.2,22.55,22.55,8008,89614.79,136950,-24550,09-JAN-2024,
OPTIDX,NIFTY,25-Jan-2024,22400,CE,24.45,34.95,17.5,18.75,18.75,33557,376283.43,608250,18900,09-JAN-2024,
OPTIDX,NIFTY,25-Jan-2024,22450,CE,18.1,29.1,14.75,15.75,15.75,5387,60526.52,106950,-9800,09-JAN-2024,
OPTIDX,NIFTY,25-Jan-2024,22500,CE,21,25,13,14.05,14.05,52451,590572.1,1796000,-43200,09-JAN-2024,
OPTIDX,NIFTY,25-Jan-2024,22550,CE,14.9,20.35,11.35,12.15,12.15,3745,42253.4,95700,-7900,09-JAN-2024,
OPTIDX,NIFTY,25-Jan-2024,22600,CE,13.45,16.8,9.8,10.5,10.5,16290,184185.05,557200,30500,09-JAN-2024,
OPTIDX,NIFTY,25-Jan-2024,22650,CE,11.1,14.35,8.75,9.35,9.35,6072,68799.14,101200,35700,09-JAN-2024,
OPTIDX,NIFTY,25-Jan-2024,22700,CE,9.1,12.35,8,8.55,8.55,20470,232438.34,429150,-65450,09-JAN-2024,
OPTIDX,NIFTY,25-Jan-2024,22750,CE,8.45,10.6,7.15,7.6,7.6,4505,51264.82,140650,2000,09-JAN-2024,
OPTIDX,NIFTY,25-Jan-2024,22800,CE,7.95,9.7,6.9,7.4,7.4,10263,117042.23,328500,-14350,09-JAN-2024,
OPTIDX,NIFTY,25-Jan-2024,22850,CE,6.9,8.5,6.05,6.35,6.35,1830,20914.73,87400,800,09-JAN-2024,
OPTIDX,NIFTY,25-Jan-2024,22900,CE,6.5,8.25,5.95,6.3,6.3,8871,101604.5,523400,9850,09-JAN-2024,
OPTIDX,NIFTY,25-Jan-2024,22950,CE,7.15,7.7,5.9,6.3,6.3,1955,22440.13,174750,-15450,09-JAN-2024,
OPTIDX,NIFTY,25-Jan-2024,23000,CE,6.45,7.1,5.5,5.85,5.85,12947,148931.65,1122600,33450,09-JAN-2024,
OPTIDX,NIFTY,25-Jan-2024,23050,CE,5.85,6.65,5.15,5.4,5.4,447,5153.03,27200,9100,09-JAN-2024,
OPTIDX,NIFTY,25-Jan-2024,23100,CE,13,13,3.5,4.75,4.75,2543,29378.07,143250,-3100,09-JAN-2024,
OPTIDX,NIFTY,25-Jan-2024,23150,CE,5.3,6.05,4.2,5.1,5.1,1383,16012.06,149200,-2700,09-JAN-2024,
OPTIDX,NIFTY,25-Jan-2024,23200,CE,4.25,4.95,3.9,4.1,4.1,2918,33855.25,123250,5250,09-JAN-2024,
OPTIDX,NIFTY,25-Jan-2024,23250,CE,4.6,4.75,3.95,4.45,4.45,288,3348.64,13950,-2650,09-JAN-2024,
OPTIDX,NIFTY,25-Jan-2024,23300,CE,4.35,4.55,3.65,4.1,4.1,3347,38999.47,277650,6950,09-JAN-2024,
OPTIDX,NIFTY,25-Jan-2024,23350,CE,4.45,4.65,3.95,4.4,4.4,278,3246.26,3200,2050,09-JAN-2024,
OPTIDX,NIFTY,25-Jan-2024,23400,CE,3.95,4.6,3.5,4.15,4.15,1541,18032.98,36500,29000,09-JAN-2024,
OPTIDX,NIFTY,25-Jan-2024,23450,CE,4.15,5.65,3.5,3.85,3.85,423,4960.55,8300,2450,09-JAN-2024,
OPTIDX,NIFTY,25-Jan-2024,17350,PE,2.4,2.4,2.1,2.1,2.1,252,2186.37,12800,-9500,09-JAN-2024,
OPTIDX,NIFTY,25-Jan-2024,17400,PE,2.6,2.6,2.25,2.45,2.45,125,1087.64,8850,-300,09-JAN-2024,
OPTIDX,NIFTY,25-Jan-2024,17450,PE,1.1,2.5,1.1,2.5,0.05,4,34.9,1250,0,09-JAN-2024,
OPTIDX,NIFTY,25-Jan-2024,17500,PE,2.8,2.85,2.3,2.65,2.65,903,7902.41,289850,-1950,09-JAN-2024,
OPTIDX,NIFTY,25-Jan-2024,17550,PE,0,0,0,28.85,0.05,0,0,400,0,09-JAN-2024,
OPTIDX,NIFTY,25-Jan-2024,17600,PE,2.6,2.6,2.5,2.5,0.05,7,61.6,550,-150,09-JAN-2024,
OPTIDX,NIFTY,25-Jan-2024,17650,PE,3.05,3.05,3.05,3.05,0.05,11,97.09,800,200,09-JAN-2024,
OPTIDX,NIFTY,25-Jan-2024,17700,PE,0,0,0,2.7,0.05,0,0,1000,0,09-JAN-2024,
OPTIDX,NIFTY,25-Jan-2024,17750,PE,0,0,0,2.95,0.05,0,0,1500,0,09-JAN-2024,
OPTIDX,NIFTY,25-Jan-2024,17800,PE,2.3,3,2.3,2.55,2.55,24,213.62,1650,250,09-JAN-2024,
OPTIDX,NIFTY,25-Jan-2024,17850,PE,0,0,0,3.05,0.05,0,0,850,0,09-JAN-2024,
OPTIDX,NIFTY,25-Jan-2024,17900,PE,0,0,0,3.05,0.05,0,0,650,0,09-JAN-2024,
OPTIDX,NIFTY,25-Jan-2024,17950,PE,2.35,2.4,2.35,2.4,0.05,7,62.83,950,100,09-JAN-2024,
OPTIDX,NIFTY,25-Jan-2024,18000,PE,2.45,2.55,2.2,2.35,2.35,532,4788.62,376550,1000,09-JAN-2024,
OPTIDX,NIFTY,25-Jan-2024,18050,PE,0,0,0,3,0.05,0,0,1100,0,09-JAN-2024,
OPTIDX,NIFTY,25-Jan-2024,18100,PE,2.75,2.75,2.5,2.5,2.5,8,72.41,10800,-100,09-JAN-2024,
OPTIDX,NIFTY,25-Jan-2024,18150,PE,0,0,0,34.9,0.05,0,0,3000,0,09-JAN-2024,
OPTIDX,NIFTY,25-Jan-2024,18200,PE,3.15,4.55,2.6,2.65,2.65,10,91.01,37650,-100,09-JAN-2024,
OPTIDX,NIFTY,25-Jan-2024,18250,PE,0,0,0,3.05,0.05,0,0,1450,0,09-JAN-2024,
OPTIDX,NIFTY,25-Jan-2024,18300,PE,3.4,3.7,2.75,3.35,3.35,40,366.06,51350,-250,09-JAN-2024,
OPTIDX,NIFTY,25-Jan-2024,18350,PE,0,0,0,17.05,0.05,0,0,2950,0,09-JAN-2024,
OPTIDX,NIFTY,25-Jan-2024,18400,PE,3.2,3.5,3.2,3.5,0.05,48,441.68,47250,0,09-JAN-2024,
OPTIDX,NIFTY,25-Jan-2024,18450,PE,0,0,0,3.1,0.05,0,0,3000,0,09-JAN-2024,
OPTIDX,NIFTY,25-Jan-2024,18500,PE,3.35,3.45,3,3.25,3.25,306,2830.98,200100,-1600,09-JAN-2024,
OPTIDX,NIFTY,25-Jan-2024,18550,PE,2.7,3.35,2.4,3,3,146,1354.36,1550,150,09-JAN-2024,
OPTIDX,NIFTY,25-Jan-2024,18600,PE,3,4.1,3,3.9,3.9,108,1004.6,79650,-1950,09-JAN-2024,
OPTIDX,NIFTY,25-Jan-2024,18650,PE,0,0,0,20.55,0.05,0,0,4200,0,09-JAN-2024,
OPTIDX,NIFTY,25-Jan-2024,18700,PE,3.75,4.5,3.55,4.4,4.4,1714,16029.58,108850,-50,09-JAN-2024,
OPTIDX,NIFTY,25-Jan-2024,18750,PE,4.1,4.35,3.2,4.05,4.05,21,196.91,7600,-200,09-JAN-2024,
OPTIDX,NIFTY,25-Jan-2024,18800,PE,3.65,4.55,3.65,4.35,4.35,1971,18531.49,121950,-2750,09-JAN-2024,
OPTIDX,NIFTY,25-Jan-2024,18850,PE,0,0,0,3.1,0.05,0,0,2750,0,09-JAN-2024,
OPTIDX,NIFTY,25-Jan-2024,18900,PE,4,4.15,3.7,4.1,4.1,250,2362.99,44100,-850,09-JAN-2024,
OPTIDX,NIFTY,25-Jan-2024,18950,PE,0,0,0,13.55,0.05,0,0,9350,0,09-JAN-2024,
OPTIDX,NIFTY,25-Jan-2024,19000,PE,4.1,4.1,3.35,4,4,1501,14262.3,1012450,-16050,09-JAN-2024,
OPTIDX,NIFTY,25-Jan-2024,19050,PE,0,0,0,3.25,0.05,0,0,10500,0,09-JAN-2024,
OPTIDX,NIFTY,25-Jan-2024,19100,PE,3.5,4.2,3.5,4,4,79,754.6,39200,-1400,09-JAN-2024,
OPTIDX,NIFTY,25-Jan-2024,19150,PE,3.9,4.8,3.55,4.2,4.2,308,2949.73,3400,-3250,09-JAN-2024,
OPTIDX,NIFTY,25-Jan-2024,19200,PE,4.05,4.75,3.45,4.2,4.2,296,2842.2,55850,-5300,09-JAN-2024,
OPTIDX,NIFTY,25-Jan-2024,19250,PE,4.5,4.55,3.1,4.1,4.1,44,423.59,14050,-650,09-JAN-2024,
OPTIDX,NIFTY,25-Jan-2024,19300,PE,3.35,4.3,3.1,4.1,4.1,634,6119.23,117550,-400,09-JAN-2024,
OPTIDX,NIFTY,25-Jan-2024,19350,PE,5.1,7,4.05,4.8,4.8,222,2148.35,9650,-50,09-JAN-2024,
OPTIDX,NIFTY,25-Jan-2024,19400,PE,3.8,4.9,3.6,4.75,4.75,413,4007,70100,-1000,09-JAN-2024,
OPTIDX,NIFTY,25-Jan-2024,19450,PE,3.95,4.7,3.95,4.65,4.65,35,340.45,5250,-600,09-JAN-2024,
OPTIDX,NIFTY,25-Jan-2024,19500,PE,4.55,4.7,3.4,4.55,4.55,9063,88382.75,1069400,-113450,09-JAN-2024,
OPTIDX,NIFTY,25-Jan-2024,19550,PE,4.25,5.3,3.9,4.9,4.9,284,2776.73,15350,-950,09-JAN-2024,
OPTIDX,NIFTY,25-Jan-2024,19600,PE,4.25,5.15,3.1,4.75,4.75,2529,24789.45,63350,2450,09-JAN-2024,
OPTIDX,NIFTY,25-Jan-2024,19650,PE,4.3,5.65,4.2,5.35,5.35,183,1798.41,11150,-650,09-JAN-2024,
OPTIDX,NIFTY,25-Jan-2024,19700,PE,4.65,6,4.45,5.5,5.5,955,9409.14,86000,-8300,09-JAN-2024,
OPTIDX,NIFTY,25-Jan-2024,19750,PE,4.95,6.25,4.85,5.85,5.85,333,3289.25,30800,-50,09-JAN-2024,
OPTIDX,NIFTY,25-Jan-2024,19800,PE,7.25,7.25,4.85,5.8,5.8,4049,40095.97,243500,49450,09-JAN-2024,
OPTIDX,NIFTY,25-Jan-2024,19850,PE,5.45,7.2,5.35,6.65,6.65,1101,10930.8,12250,-3500,09-JAN-2024,
OPTIDX,NIFTY,25-Jan-2024,19900,PE,6.05,7.65,5.7,7.15,7.15,5527,55011.4,152750,-45650,09-JAN-2024,
OPTIDX,NIFTY,25-Jan-2024,19950,PE,6.3,8.2,6.05,7.7,7.7,1761,17572.23,30300,-4800,09-JAN-2024,
OPTIDX,NIFTY,25-Jan-2024,20000,PE,7.95,9.45,6.9,8.85,8.85,25587,255971.42,2576550,-6500,09-JAN-2024,
OPTIDX,NIFTY,25-Jan-2024,20050,PE,7.15,9.6,6.8,8.95,8.95,2201,22073.65,33750,950,09-JAN-2024,
OPTIDX,NIFTY,25-Jan-2024,20100,PE,8.1,10.05,6.75,9.35,9.35,7422,74620.38,171800,-56050,09-JAN-2024,
OPTIDX,NIFTY,25-Jan-2024,20150,PE,8.45,10.85,7.4,10,10,1554,15663.17,28450,3600,09-JAN-2024,
OPTIDX,NIFTY,25-Jan-2024,20200,PE,12.35,12.35,7.75,10.75,10.75,8270,83564.75,507400,-46150,09-JAN-2024,
OPTIDX,NIFTY,25-Jan-2024,20250,PE,9.95,12.55,8.6,11.5,11.5,2807,28435.12,49250,-15400,09-JAN-2024,
OPTIDX,NIFTY,25-Jan-2024,20300,PE,10.7,13.45,8.9,12.2,12.2,11829,120125,321300,-34550,09-JAN-2024,
OPTIDX,NIFTY,25-Jan-2024,20350,PE,11.65,14.9,10,13.45,13.45,2057,20941.86,35550,800,09-JAN-2024,
OPTIDX,NIFTY,25-Jan-2024,20400,PE,16.25,16.25,10.55,14.4,14.4,11674,119145.56,432050,-3850,09-JAN-2024,
OPTIDX,NIFTY,25-Jan-2024,20450,PE,14.4,18.1,11.9,16.3,16.3,2103,21517.95,75100,1700,09-JAN-2024,
OPTIDX,NIFTY,25-Jan-2024,20500,PE,20,20.95,13.65,18.7,18.7,46954,481652.81,3413650,-55850,09-JAN-2024,
OPTIDX,NIFTY,25-Jan-2024,20550,PE,17.65,22.15,14.2,19.75,19.75,1992,20484.61,59100,1550,09-JAN-2024,
OPTIDX,NIFTY,25-Jan-2024,20600,PE,19.25,24.1,15.35,21.6,21.6,12134,125093.04,638700,25900,09-JAN-2024,
OPTIDX,NIFTY,25-Jan-2024,20650,PE,20.85,26.85,16.75,24.05,24.05,2660,27492.96,55800,4800,09-JAN-2024,
OPTIDX,NIFTY,25-Jan-2024,20700,PE,35.1,35.1,18.4,26.65,26.65,20166,208945.57,676350,27000,09-JAN-2024,
OPTIDX,NIFTY,25-Jan-2024,20750,PE,30,33.75,20.7,30.3,30.3,3818,39660.6,106450,-3900,09-JAN-2024,
OPTIDX,NIFTY,25-Jan-2024,20800,PE,41.5,41.5,22.6,33.6,33.6,25694,267566.6,1021000,83300,09-JAN-2024,
OPTIDX,NIFTY,25-Jan-2024,20850,PE,51.35,51.35,25.85,38.55,38.55,4604,48069.57,84100,-3350,09-JAN-2024,
OPTIDX,NIFTY,25-Jan-2024,20900,PE,45,48.3,29.6,44,44,26307,275390.12,1304850,58550,09-JAN-2024,
OPTIDX,NIFTY,25-Jan-2024,20950,PE,50,53.85,32.85,49.3,49.3,5311,55738.95,150750,41350,09-JAN-2024,
OPTIDX,NIFTY,25-Jan-2024,21000,PE,53.15,59.75,36.4,55.15,55.15,94232,991575.2,4159200,76800,09-JAN-2024,
OPTIDX,NIFTY,25-Jan-2024,21050,PE,50.65,67.4,41.25,62.6,62.6,6452,68077.55,87700,-7100,09-JAN-2024,
OPTIDX,NIFTY,25-Jan-2024,21100,PE,62.45,76,46.85,71.05,71.05,26402,279299.75,1041550,-29050,09-JAN-2024,
OPTIDX,NIFTY,25-Jan-2024,21150,PE,59.9,84.5,52.2,79.85,79.85,3920,41581.96,97050,16150,09-JAN-2024,
OPTIDX,NIFTY,25-Jan-2024,21200,PE,85,94.6,58.45,89.95,89.95,33284,354017.15,1132750,-78850,09-JAN-2024,
OPTIDX,NIFTY,25-Jan-2024,21250,PE,95.7,106.2,66,101.1,101.1,6453,68825.98,137050,19150,09-JAN-2024,
OPTIDX,NIFTY,25-Jan-2024,21300,PE,107,119.2,73.5,113.45,113.45,57765,617737.47,1556150,65800,09-JAN-2024,
OPTIDX,NIFTY,25-Jan-2024,21350,PE,105,132.15,83,126.8,126.8,8132,87225.81,151550,13100,09-JAN-2024,
OPTIDX,NIFTY,25-Jan-2024,21400,PE,137.4,148.7,93.7,142.95,142.95,50638,544775.86,1652850,62950,09-JAN-2024,
OPTIDX,NIFTY,25-Jan-2024,21450,PE,178.7,178.7,105,159.6,159.6,7180,77475.69,127400,5500,09-JAN-2024,
OPTIDX,NIFTY,25-Jan-2024,21500,PE,150,184.45,117.65,178.15,178.15,123717,1339057.91,2884750,-165350,09-JAN-2024,
OPTIDX,NIFTY,25-Jan-2024,21550,PE,170,205.15,131.4,197.65,197.65,9947,108015.59,108050,8850,09-JAN-2024,
OPTIDX,NIFTY,25-Jan-2024,21600,PE,199.75,227.65,146.5,219.65,219.65,98510,1072779.35,1451250,113450,09-JAN-2024,
OPTIDX,NIFTY,25-Jan-2024,21650,PE,210.45,251.15,163.9,242.35,242.35,19886,217256.71,157850,28950,09-JAN-2024,
OPTIDX,NIFTY,25-Jan-2024,21700,PE,207.05,277.95,181.3,267.25,267.25,118923,1303183.35,2011000,169100,09-JAN-2024,
OPTIDX,NIFTY,25-Jan-2024,21750,PE,245.55,305,202,293.3,293.3,12682,139448.48,119000,2050,09-JAN-2024,
OPTIDX,NIFTY,25-Jan-2024,21800,PE,275.1,335,222.75,321.4,321.4,80607,889367.47,1413800,278100,09-JAN-2024,
OPTIDX,NIFTY,25-Jan-2024,21850,PE,295.95,368.5,247.2,353.4,353.4,3779,41843.65,35350,3200,09-JAN-2024,
OPTIDX,NIFTY,25-Jan-2024,21900,PE,339.95,402.45,272.7,386.75,386.75,14514,161215.23,334050,28250,09-JAN-2024,
OPTIDX,NIFTY,25-Jan-2024,21950,PE,344.55,437,300.65,419.2,419.2,1351,15065.56,40500,2950,09-JAN-2024,
OPTIDX,NIFTY,25-Jan-2024,22000,PE,400.15,477.1,330.75,459.15,459.15,46976,525669.65,1197200,16100,09-JAN-2024,
OPTIDX,NIFTY,25-Jan-2024,22050,PE,413.05,512.65,360.35,491.55,491.55,933,10487.66,19850,-3550,09-JAN-2024,
OPTIDX,NIFTY,25-Jan-2024,22100,PE,448.65,553,392.65,540.7,540.7,1223,13787.33,80600,-6600,09-JAN-2024,
OPTIDX,NIFTY,25-Jan-2024,22150,PE,483.45,593.45,436.25,580.85,580.85,172,1951.36,35450,850,09-JAN-2024,
OPTIDX,NIFTY,25-Jan-2024,22200,PE,534.8,638.5,463.2,616.95,616.95,2477,28175.59,88400,-7650,09-JAN-2024,
OPTIDX,NIFTY,25-Jan-2024,22250,PE,599,671.9,514.8,667.45,667.45,39,445.65,26850,-400,09-JAN-2024,
OPTIDX,NIFTY,25-Jan-2024,22300,PE,613.8,726.65,546.7,702.6,702.6,646,7405.11,54850,2200,09-JAN-2024,
OPTIDX,NIFTY,25-Jan-2024,22350,PE,645.3,763.4,596.25,763.4,763.4,90,1034.18,39550,-550,09-JAN-2024,
OPTIDX,NIFTY,25-Jan-2024,22400,PE,698.8,817.35,624.85,804.35,804.35,362,4177.55,45450,3050,09-JAN-2024,
OPTIDX,NIFTY,25-Jan-2024,22450,PE,725,867.3,695.1,844.05,844.05,27,313.19,19100,250,09-JAN-2024,
OPTIDX,NIFTY,25-Jan-2024,22500,PE,815,917.65,715,899.3,899.3,2407,28026.37,632750,-17750,09-JAN-2024,
OPTIDX,NIFTY,25-Jan-2024,22550,PE,862.2,940.8,769.15,940.8,940.8,22,256.83,11800,50,09-JAN-2024,
OPTIDX,NIFTY,25-Jan-2024,22600,PE,897.25,1010.85,814.7,994.15,994.15,55,646.28,25700,350,09-JAN-2024,
OPTIDX,NIFTY,25-Jan-2024,22650,PE,0,0,0,1018.9,1045.55,0,0,7750,0,09-JAN-2024,
OPTIDX,NIFTY,25-Jan-2024,22700,PE,1003.55,1109,914.7,1101.25,1101.25,86,1017.67,13150,450,09-JAN-2024,
OPTIDX,NIFTY,25-Jan-2024,22750,PE,0,0,0,990.15,1142.6,0,0,1650,0,09-JAN-2024,
OPTIDX,NIFTY,25-Jan-2024,22800,PE,1031,1195.8,1021,1179.4,1179.4,37,442.59,13150,250,09-JAN-2024,
OPTIDX,NIFTY,25-Jan-2024,22850,PE,1105,1105,1077.2,1087,1240.55,4,47.87,900,0,09-JAN-2024,
OPTIDX,NIFTY,25-Jan-2024,22900,PE,1173,1276.35,1121,1276.35,1289.75,13,156.61,119300,200,09-JAN-2024,
OPTIDX,NIFTY,25-Jan-2024,22950,PE,0,0,0,1169.15,1339.1,0,0,5450,0,09-JAN-2024,
OPTIDX,NIFTY,25-Jan-2024,23000,PE,1270,1404.1,1202.8,1383.75,1383.75,485,5892.87,382550,-150,09-JAN-2024,
OPTIDX,NIFTY,25-Jan-2024,23050,PE,1308.25,1308.25,1308.25,1308.25,1438.1,1,12.17,200,50,09-JAN-2024,
OPTIDX,NIFTY,25-Jan-2024,23100,PE,1397.75,1413.75,1397.75,1413.6,1487.7,6,73.51,2350,100,09-JAN-2024,
OPTIDX,NIFTY,25-Jan-2024,23150,PE,1423.6,1520.25,1423.55,1512.45,1512.45,9,110.76,500,150,09-JAN-2024,
OPTIDX,NIFTY,25-Jan-2024,23200,PE,1495.2,1590.95,1406.6,1590.5,1590.5,72,887.14,3400,2750,09-JAN-2024,
OPTIDX,NIFTY,25-Jan-2024,23250,PE,0,0,0,1425.9,1636.8,0,0,50,0,09-JAN-2024,
OPTIDX,NIFTY,25-Jan-2024,23300,PE,1572.2,1670.15,1495.45,1663.55,1663.55,23,286.54,6100,300,09-JAN-2024,
OPTIDX,NIFTY,25-Jan-2024,23350,PE,0,0,0,2434.2,1736.35,0,0,0,0,09-JAN-2024,
OPTIDX,NIFTY,25-Jan-2024,23400,PE,1657.05,1679.2,1647.7,1647.7,1786.15,3,37.59,350,150,09-JAN-2024,
OPTIDX,NIFTY,25-Jan-2024,23450,PE,0,0,0,2531.25,1836,0,0,0,0,09-JAN-2024,
OPTIDX,NIFTY,01-Feb-2024,19750,CE,0,0,0,1692.15,1878.95,0,0,0,0,09-JAN-2024,
OPTIDX,NIFTY,01-Feb-2024,19800,CE,0,0,0,1645.4,1829.25,0,0,0,0,09-JAN-2024,
OPTIDX,NIFTY,01-Feb-2024,19850,CE,0,0,0,1806.35,1779.55,0,0,50,0,09-JAN-2024,
OPTIDX,NIFTY,01-Feb-2024,19900,CE,0,0,0,1725.3,1729.95,0,0,50,0,09-JAN-2024,
OPTIDX,NIFTY,01-Feb-2024,19950,CE,0,0,0,1507.15,1680.35,0,0,0,0,09-JAN-2024,
OPTIDX,NIFTY,01-Feb-2024,20000,CE,0,0,0,1779,1630.8,0,0,100,0,09-JAN-2024,
OPTIDX,NIFTY,01-Feb-2024,20050,CE,0,0,0,1416.75,1581.3,0,0,0,0,09-JAN-2024,
OPTIDX,NIFTY,01-Feb-2024,20100,CE,0,0,0,1372.2,1531.9,0,0,0,0,09-JAN-2024,
OPTIDX,NIFTY,01-Feb-2024,20150,CE,0,0,0,1328.05,1482.55,0,0,0,0,09-JAN-2024,
OPTIDX,NIFTY,01-Feb-2024,20200,CE,0,0,0,1425,1433.35,0,0,150,0,09-JAN-2024,
OPTIDX,NIFTY,01-Feb-2024,20250,CE,0,0,0,1241.25,1384.3,0,0,0,0,09-JAN-2024,
OPTIDX,NIFTY,01-Feb-2024,20300,CE,0,0,0,1198.65,1335.4,0,0,0,0,09-JAN-2024,
OPTIDX,NIFTY,01-Feb-2024,20350,CE,0,0,0,1156.6,1286.7,0,0,0,0,09-JAN-2024,
OPTIDX,NIFTY,01-Feb-2024,20400,CE,0,0,0,1115.1,1238.2,0,0,0,0,09-JAN-2024,
OPTIDX,NIFTY,01-Feb-2024,20450,CE,0,0,0,1074.2,1189.95,0,0,0,0,09-JAN-2024,
OPTIDX,NIFTY,01-Feb-2024,20500,CE,0,0,0,1033.95,1142.05,0,0,0,0,09-JAN-2024,
OPTIDX,NIFTY,01-Feb-2024,20550,CE,0,0,0,994.35,1094.45,0,0,0,0,09-JAN-2024,
OPTIDX,NIFTY,01-Feb-2024,20600,CE,0,0,0,955.45,1047.25,0,0,0,0,09-JAN-2024,
OPTIDX,NIFTY,01-Feb-2024,20650,CE,0,0,0,917.25,1000.5,0,0,0,0,09-JAN-2024,
OPTIDX,NIFTY,01-Feb-2024,20700,CE,0,0,0,879.8,954.3,0,0,0,0,09-JAN-2024,
OPTIDX,NIFTY,01-Feb-2024,20750,CE,0,0,0,843.85,908.6,0,0,0,0,09-JAN-2024,
OPTIDX,NIFTY,01-Feb-2024,20800,CE,0,0,0,1143.5,863.55,0,0,50,0,09-JAN-2024,
OPTIDX,NIFTY,01-Feb-2024,20850,CE,0,0,0,771.95,819.2,0,0,0,0,09-JAN-2024,
OPTIDX,NIFTY,01-Feb-2024,20900,CE,0,0,0,737.65,775.6,0,0,0,0,09-JAN-2024,
OPTIDX,NIFTY,01-Feb-2024,20950,CE,0,0,0,704.2,732.85,0,0,0,0,09-JAN-2024,
OPTIDX,NIFTY,01-Feb-2024,21000,CE,837.95,880,721.5,740.5,740.5,251,2735,35350,9500,09-JAN-2024,
OPTIDX,NIFTY,01-Feb-2024,21050,CE,0,0,0,639.9,650.15,0,0,0,0,09-JAN-2024,
OPTIDX,NIFTY,01-Feb-2024,21100,CE,0,0,0,760,610.3,0,0,0,0,09-JAN-2024,
OPTIDX,NIFTY,01-Feb-2024,21150,CE,0,0,0,645,571.6,0,0,50,0,09-JAN-2024,
OPTIDX,NIFTY,01-Feb-2024,21200,CE,717.25,717.25,653.85,653.85,534.05,5,54.72,100,0,09-JAN-2024,
OPTIDX,NIFTY,01-Feb-2024,21250,CE,0,0,0,684.35,497.75,0,0,1100,0,09-JAN-2024,
OPTIDX,NIFTY,01-Feb-2024,21300,CE,560,620,516.85,525.1,525.1,7,76.5,2100,200,09-JAN-2024,
OPTIDX,NIFTY,01-Feb-2024,21350,CE,541.65,571.75,541.65,545,429.05,3,32.85,2450,0,09-JAN-2024,
OPTIDX,NIFTY,01-Feb-2024,21400,CE,560,563.9,440,440,440,4,43.8,10300,0,09-JAN-2024,
OPTIDX,NIFTY,01-Feb-2024,21450,CE,0,0,0,387.75,365.9,0,0,3800,0,09-JAN-2024,
OPTIDX,NIFTY,01-Feb-2024,21500,CE,414.95,501,359.4,378.45,378.45,4804,52732.27,213500,67250,09-JAN-2024,
OPTIDX,NIFTY,01-Feb-2024,21550,CE,400,464,345.1,354.85,354.85,214,2351.17,8650,2400,09-JAN-2024,
OPTIDX,NIFTY,01-Feb-2024,21600,CE,350,425.5,300.85,314.3,314.3,508,5583.25,39350,2550,09-JAN-2024,
OPTIDX,NIFTY,01-Feb-2024,21650,CE,324.6,394.8,276.25,292.25,292.25,178,1956.2,9500,2550,09-JAN-2024,
OPTIDX,NIFTY,01-Feb-2024,21700,CE,290.9,370.6,250.05,263.75,263.75,1019,11218.58,54750,10450,09-JAN-2024,
OPTIDX,NIFTY,01-Feb-2024,21750,CE,271.2,331.65,226.1,237.7,237.7,203,2236.36,8000,2300,09-JAN-2024,
OPTIDX,NIFTY,01-Feb-2024,21800,CE,242,309.6,202.55,212.75,212.75,835,9212,40600,13850,09-JAN-2024,
OPTIDX,NIFTY,01-Feb-2024,21850,CE,227.2,273.25,182.75,193.15,193.15,129,1423.74,6500,200,09-JAN-2024,
OPTIDX,NIFTY,01-Feb-2024,21900,CE,185,246,163,171.95,171.95,161,1779.18,8900,750,09-JAN-2024,
OPTIDX,NIFTY,01-Feb-2024,21950,CE,152.45,169.25,143.4,152.5,152.5,5,55.25,2900,200,09-JAN-2024,
OPTIDX,NIFTY,01-Feb-2024,22000,CE,164.95,207.6,128.05,136.1,136.1,2301,25518.71,65550,-12200,09-JAN-2024,
OPTIDX,NIFTY,01-Feb-2024,22050,CE,140,183.75,114,119.45,119.45,23,255.13,3550,700,09-JAN-2024,
OPTIDX,NIFTY,01-Feb-2024,22100,CE,107.05,165.75,98.6,104.3,104.3,512,5690.83,15800,8350,09-JAN-2024,
OPTIDX,NIFTY,01-Feb-2024,22150,CE,104.05,150.3,89.2,94.6,94.6,45,500.91,4000,600,09-JAN-2024,
OPTIDX,NIFTY,01-Feb-2024,22200,CE,99.95,129.45,76.1,79.95,79.95,387,4315.7,12350,1350,09-JAN-2024,
OPTIDX,NIFTY,01-Feb-2024,22250,CE,79.55,109.65,65.6,70.3,70.3,131,1463.85,4100,1500,09-JAN-2024,
OPTIDX,NIFTY,01-Feb-2024,22300,CE,65.9,99.95,56.45,59.5,59.5,325,3637.41,12500,200,09-JAN-2024,
OPTIDX,NIFTY,01-Feb-2024,22350,CE,77.85,86.2,50,55.1,55.1,38,425.95,3250,450,09-JAN-2024,
OPTIDX,NIFTY,01-Feb-2024,22400,CE,57,75.55,43,46.4,46.4,105,1178.97,7050,950,09-JAN-2024,
OPTIDX,NIFTY,01-Feb-2024,22450,CE,39.55,39.55,37.35,38.15,38.15,16,179.9,3000,-500,09-JAN-2024,
OPTIDX,NIFTY,01-Feb-2024,22500,CE,42,58,30,34.6,34.6,1893,21338.91,66500,-5700,09-JAN-2024,
OPTIDX,NIFTY,01-Feb-2024,22550,CE,36,48,27.5,31.45,31.45,65,734.07,3750,-1050,09-JAN-2024,
OPTIDX,NIFTY,01-Feb-2024,22600,CE,36,43.05,24.7,25.75,25.75,517,5850.46,20700,9450,09-JAN-2024,
OPTIDX,NIFTY,01-Feb-2024,22650,CE,25.15,25.7,21.95,23.8,23.8,10,113.37,2650,-100,09-JAN-2024,
OPTIDX,NIFTY,01-Feb-2024,22700,CE,25.7,31.2,19,20.15,20.15,398,4522.35,18050,7450,09-JAN-2024,
OPTIDX,NIFTY,01-Feb-2024,22750,CE,18,18,17.65,17.9,17.9,13,147.99,3350,-400,09-JAN-2024,
OPTIDX,NIFTY,01-Feb-2024,22800,CE,22,26,16.9,19.25,19.25,72,821.54,14100,100,09-JAN-2024,
OPTIDX,NIFTY,01-Feb-2024,22850,CE,0,0,0,31.6,10.25,0,0,3950,0,09-JAN-2024,
OPTIDX,NIFTY,01-Feb-2024,22900,CE,18,27.95,10.9,15.45,15.45,59,676.04,2750,-150,09-JAN-2024,
OPTIDX,NIFTY,01-Feb-2024,22950,CE,21.05,21.05,12,13,13,16,183.72,2800,0,09-JAN-2024,
OPTIDX,NIFTY,01-Feb-2024,23000,CE,14.75,17,11.6,12.2,12.2,750,8630.32,62050,3800,09-JAN-2024,
OPTIDX,NIFTY,01-Feb-2024,23050,CE,10.3,11.25,10.1,11.05,11.05,5,57.65,2000,-50,09-JAN-2024,
OPTIDX,NIFTY,01-Feb-2024,23100,CE,10.2,12.3,8.05,10.95,10.95,38,439.11,3900,0,09-JAN-2024,
OPTIDX,NIFTY,01-Feb-2024,23150,CE,9.95,14.75,7.6,8.2,8.2,11,127.38,1950,50,09-JAN-2024,
OPTIDX,NIFTY,01-Feb-2024,23200,CE,9,11,7,7.65,7.65,40,464.17,8800,-50,09-JAN-2024,
OPTIDX,NIFTY,01-Feb-2024,23250,CE,12.45,12.45,6.15,8.8,8.8,13,151.18,2900,100,09-JAN-2024,
OPTIDX,NIFTY,01-Feb-2024,23300,CE,8.65,10.45,7.1,7.2,7.2,188,2190.96,21900,1000,09-JAN-2024,
OPTIDX,NIFTY,01-Feb-2024,23350,CE,9.1,9.1,8.05,8.05,1.45,3,35.03,1000,0,09-JAN-2024,
OPTIDX,NIFTY,01-Feb-2024,23400,CE,8.65,8.65,4.2,7.25,7.25,20,234.07,1450,550,09-JAN-2024,
OPTIDX,NIFTY,01-Feb-2024,23450,CE,3.45,8.95,3.45,5.15,5.15,138,1618.55,1600,850,09-JAN-2024,
OPTIDX,NIFTY,01-Feb-2024,19750,PE,0,0,0,22.55,0.25,0,0,0,0,09-JAN-2024,
OPTIDX,NIFTY,01-Feb-2024,19800,PE,0,0,0,25.4,0.35,0,0,0,0,09-JAN-2024,
OPTIDX,NIFTY,01-Feb-2024,19850,PE,0,0,0,28.6,0.45,0,0,0,0,09-JAN-2024,
OPTIDX,NIFTY,01-Feb-2024,19900,PE,0,0,0,32.05,0.6,0,0,0,0,09-JAN-2024,
OPTIDX,NIFTY,01-Feb-2024,19950,PE,0,0,0,10.5,0.8,0,0,900,0,09-JAN-2024,
OPTIDX,NIFTY,01-Feb-2024,20000,PE,14.1,15.5,10.7,14.8,14.8,275,2751.78,17450,-150,09-JAN-2024,
OPTIDX,NIFTY,01-Feb-2024,20050,PE,0,0,0,18.85,1.35,0,0,1800,0,09-JAN-2024,
OPTIDX,NIFTY,01-Feb-2024,20100,PE,0,0,0,18.9,1.75,0,0,9950,0,09-JAN-2024,
OPTIDX,NIFTY,01-Feb-2024,20150,PE,0,0,0,19,2.2,0,0,7200,0,09-JAN-2024,
OPTIDX,NIFTY,01-Feb-2024,20200,PE,5.15,20,5.15,20,20,4,40.43,4500,0,09-JAN-2024,
OPTIDX,NIFTY,01-Feb-2024,20250,PE,0,0,0,21,3.5,0,0,3400,0,09-JAN-2024,
OPTIDX,NIFTY,01-Feb-2024,20300,PE,20.3,26.7,16,22.45,22.45,99,1005.98,8700,950,09-JAN-2024,
OPTIDX,NIFTY,01-Feb-2024,20350,PE,25,25,25,25,5.45,1,10.18,2700,-50,09-JAN-2024,
OPTIDX,NIFTY,01-Feb-2024,20400,PE,26.5,26.5,26,26.15,26.15,46,469.8,3600,0,09-JAN-2024,
OPTIDX,NIFTY,01-Feb-2024,20450,PE,30.35,31,30.35,30.5,8.3,11,112.64,1700,-200,09-JAN-2024,
OPTIDX,NIFTY,01-Feb-2024,20500,PE,22.8,34.05,22.8,31.7,31.7,864,8868.01,47400,-6300,09-JAN-2024,
OPTIDX,NIFTY,01-Feb-2024,20550,PE,19.3,36.35,19.25,35.7,35.7,80,823.07,4250,-950,09-JAN-2024,
OPTIDX,NIFTY,01-Feb-2024,20600,PE,27.25,39.8,25.25,38.3,38.3,217,2238.37,9200,6000,09-JAN-2024,
OPTIDX,NIFTY,01-Feb-2024,20650,PE,29.95,33.6,29.95,31.75,18,44,455.02,4100,1700,09-JAN-2024,
OPTIDX,NIFTY,01-Feb-2024,20700,PE,34.95,50.2,34.9,48.3,48.3,453,4697.55,21850,-950,09-JAN-2024,
OPTIDX,NIFTY,01-Feb-2024,20750,PE,0,0,0,44.9,25.7,0,0,750,0,09-JAN-2024,
OPTIDX,NIFTY,01-Feb-2024,20800,PE,47.9,60.2,42,57.65,57.65,232,2418.58,6950,2650,09-JAN-2024,
OPTIDX,NIFTY,01-Feb-2024,20850,PE,0,0,0,53.6,35.85,0,0,250,0,09-JAN-2024,
OPTIDX,NIFTY,01-Feb-2024,20900,PE,51,77.95,49.95,72,72,107,1121.39,7200,1550,09-JAN-2024,
OPTIDX,NIFTY,01-Feb-2024,20950,PE,0,0,0,88.45,49.1,0,0,4000,0,09-JAN-2024,
OPTIDX,NIFTY,01-Feb-2024,21000,PE,69.75,91.55,61.75,87.75,87.75,3625,38194.39,106600,11650,09-JAN-2024,
OPTIDX,NIFTY,01-Feb-2024,21050,PE,0,0,0,104.45,65.95,0,0,2550,0,09-JAN-2024,
OPTIDX,NIFTY,01-Feb-2024,21100,PE,85,107.95,74.75,105,105,81,858.11,15900,850,09-JAN-2024,
OPTIDX,NIFTY,01-Feb-2024,21150,PE,100,118.85,100,117.35,117.35,88,935.59,5500,2950,09-JAN-2024,
OPTIDX,NIFTY,01-Feb-2024,21200,PE,130,132,89.35,127.8,127.8,346,3686.37,9350,2850,09-JAN-2024,
OPTIDX,NIFTY,01-Feb-2024,21250,PE,0,0,0,161.05,112.7,0,0,1900,0,09-JAN-2024,
OPTIDX,NIFTY,01-Feb-2024,21300,PE,120,160,108.4,157.3,157.3,1731,18567.34,66200,56450,09-JAN-2024,
OPTIDX,NIFTY,01-Feb-2024,21350,PE,0,0,0,197.85,143.6,0,0,150,0,09-JAN-2024,
OPTIDX,NIFTY,01-Feb-2024,21400,PE,142,186.4,132,182.4,182.4,438,4721.81,15600,2800,09-JAN-2024,
OPTIDX,NIFTY,01-Feb-2024,21450,PE,156,211.3,149.8,205.5,205.5,29,313.57,1950,600,09-JAN-2024,
OPTIDX,NIFTY,01-Feb-2024,21500,PE,180,224.1,158.3,216.85,216.85,6379,69140.5,240250,56350,09-JAN-2024,
OPTIDX,NIFTY,01-Feb-2024,21550,PE,212.15,241.45,174.2,238.9,238.9,181,1968.76,3750,2050,09-JAN-2024,
OPTIDX,NIFTY,01-Feb-2024,21600,PE,208.1,265,191.4,258.95,258.95,421,4592.13,28350,-1200,09-JAN-2024,
OPTIDX,NIFTY,01-Feb-2024,21650,PE,238.3,290.55,210,280.8,280.8,175,1915.51,3700,1350,09-JAN-2024,
OPTIDX,NIFTY,01-Feb-2024,21700,PE,253.9,311.85,224.05,301.5,301.5,1014,11131.15,41500,11950,09-JAN-2024,
OPTIDX,NIFTY,01-Feb-2024,21750,PE,271.15,336.55,248.1,329.1,329.1,151,1662.13,4600,1200,09-JAN-2024,
OPTIDX,NIFTY,01-Feb-2024,21800,PE,300.1,355.9,264.8,350.35,350.35,658,7267.99,31750,11650,09-JAN-2024,
OPTIDX,NIFTY,01-Feb-2024,21850,PE,355,383.6,287.7,383.6,383.6,21,232.76,4550,-250,09-JAN-2024,
OPTIDX,NIFTY,01-Feb-2024,21900,PE,378,422.6,316.05,411.3,411.3,43,478.61,3800,650,09-JAN-2024,
OPTIDX,NIFTY,01-Feb-2024,21950,PE,364.35,364.35,364.35,364.35,450.25,1,11.15,150,0,09-JAN-2024,
OPTIDX,NIFTY,01-Feb-2024,22000,PE,405,488.55,368,474.45,474.45,234,2621.99,12950,750,09-JAN-2024,
OPTIDX,NIFTY,01-Feb-2024,22050,PE,398,432,398,432,521.05,2,22.46,150,50,09-JAN-2024,
OPTIDX,NIFTY,01-Feb-2024,22100,PE,478.55,549.1,415.3,543,543,70,790.31,3000,2750,09-JAN-2024,
OPTIDX,NIFTY,01-Feb-2024,22150,PE,0,0,0,879.2,596.7,0,0,0,0,09-JAN-2024,
OPTIDX,NIFTY,01-Feb-2024,22200,PE,502,634.75,486,634.5,634.5,117,1330.59,3450,3400,09-JAN-2024,
OPTIDX,NIFTY,01-Feb-2024,22250,PE,0,0,0,954.35,676.65,0,0,0,0,09-JAN-2024,
OPTIDX,NIFTY,01-Feb-2024,22300,PE,0,0,0,993.3,718.1,0,0,0,0,09-JAN-2024,
OPTIDX,NIFTY,01-Feb-2024,22350,PE,0,0,0,1032.9,760.4,0,0,0,0,09-JAN-2024,
OPTIDX,NIFTY,01-Feb-2024,22400,PE,0,0,0,1073.1,803.55,0,0,0,0,09-JAN-2024,
OPTIDX,NIFTY,01-Feb-2024,22450,PE,0,0,0,1113.85,847.4,0,0,0,0,09-JAN-2024,
OPTIDX,NIFTY,01-Feb-2024,22500,PE,776.25,809.2,776.25,809.2,892,2,23.29,0,0,09-JAN-2024,
OPTIDX,NIFTY,01-Feb-2024,22550,PE,0,0,0,1197.05,937.2,0,0,0,0,09-JAN-2024,
OPTIDX,NIFTY,01-Feb-2024,22600,PE,0,0,0,1239.45,982.95,0,0,0,0,09-JAN-2024,
OPTIDX,NIFTY,01-Feb-2024,22650,PE,0,0,0,1282.3,1029.2,0,0,0,0,09-JAN-2024,
OPTIDX,NIFTY,01-Feb-2024,22700,PE,0,0,0,1325.6,1075.95,0,0,0,0,09-JAN-2024,
OPTIDX,NIFTY,01-Feb-2024,22750,PE,0,0,0,1369.35,1123.05,0,0,0,0,09-JAN-2024,
OPTIDX,NIFTY,01-Feb-2024,22800,PE,0,0,0,1230,1170.6,0,0,50,0,09-JAN-2024,
OPTIDX,NIFTY,01-Feb-2024,22850,PE,0,0,0,1458.1,1218.4,0,0,0,0,09-JAN-2024,
OPTIDX,NIFTY,01-Feb-2024,22900,PE,0,0,0,1503.05,1266.5,0,0,0,0,09-JAN-2024,
OPTIDX,NIFTY,01-Feb-2024,22950,PE,0,0,0,1548.3,1314.85,0,0,0,0,09-JAN-2024,
OPTIDX,NIFTY,01-Feb-2024,23000,PE,0,0,0,1593.95,1363.45,0,0,0,0,09-JAN-2024,
OPTIDX,NIFTY,01-Feb-2024,23050,PE,0,0,0,1639.85,1412.2,0,0,0,0,09-JAN-2024,
OPTIDX,NIFTY,01-Feb-2024,23100,PE,0,0,0,1686.05,1461.15,0,0,0,0,09-JAN-2024,
OPTIDX,NIFTY,01-Feb-2024,23150,PE,0,0,0,1732.55,1510.2,0,0,0,0,09-JAN-2024,
OPTIDX,NIFTY,01-Feb-2024,23200,PE,0,0,0,1779.25,1559.4,0,0,0,0,09-JAN-2024,
OPTIDX,NIFTY,01-Feb-2024,23250,PE,0,0,0,1826.25,1608.65,0,0,0,0,09-JAN-2024,
OPTIDX,NIFTY,01-Feb-2024,23300,PE,0,0,0,1873.45,1658.05,0,0,0,0,09-JAN-2024,
OPTIDX,NIFTY,01-Feb-2024,23350,PE,0,0,0,1920.8,1707.5,0,0,0,0,09-JAN-2024,
OPTIDX,NIFTY,01-Feb-2024,23400,PE,0,0,0,1968.4,1757,0,0,0,0,09-JAN-2024,
OPTIDX,NIFTY,01-Feb-2024,23450,PE,0,0,0,2016.15,1806.55,0,0,0,0,09-JAN-2024,
OPTIDX,NIFTY,08-Feb-2024,19750,CE,0,0,0,2051,1905.05,0,0,0,0,09-JAN-2024,
OPTIDX,NIFTY,08-Feb-2024,19800,CE,0,0,0,2002.15,1855.55,0,0,0,0,09-JAN-2024,
OPTIDX,NIFTY,08-Feb-2024,19850,CE,0,0,0,1953.45,1806.15,0,0,0,0,09-JAN-2024,
OPTIDX,NIFTY,08-Feb-2024,19900,CE,0,0,0,1904.85,1756.75,0,0,0,0,09-JAN-2024,
OPTIDX,NIFTY,08-Feb-2024,19950,CE,0,0,0,1856.4,1707.5,0,0,0,0,09-JAN-2024,
OPTIDX,NIFTY,08-Feb-2024,20000,CE,0,0,0,1808.15,1658.3,0,0,0,0,09-JAN-2024,
OPTIDX,NIFTY,08-Feb-2024,20050,CE,0,0,0,1760.1,1609.2,0,0,0,0,09-JAN-2024,
OPTIDX,NIFTY,08-Feb-2024,20100,CE,0,0,0,1712.2,1560.25,0,0,0,0,09-JAN-2024,
OPTIDX,NIFTY,08-Feb-2024,20150,CE,0,0,0,1664.55,1511.45,0,0,0,0,09-JAN-2024,
OPTIDX,NIFTY,08-Feb-2024,20200,CE,0,0,0,1617.15,1462.85,0,0,0,0,09-JAN-2024,
OPTIDX,NIFTY,08-Feb-2024,20250,CE,0,0,0,1570.05,1414.4,0,0,0,0,09-JAN-2024,
OPTIDX,NIFTY,08-Feb-2024,20300,CE,0,0,0,1523.2,1366.2,0,0,0,0,09-JAN-2024,
OPTIDX,NIFTY,08-Feb-2024,20350,CE,0,0,0,1476.65,1318.25,0,0,0,0,09-JAN-2024,
OPTIDX,NIFTY,08-Feb-2024,20400,CE,0,0,0,1430.5,1270.55,0,0,0,0,09-JAN-2024,
OPTIDX,NIFTY,08-Feb-2024,20450,CE,0,0,0,1384.7,1223.25,0,0,0,0,09-JAN-2024,
OPTIDX,NIFTY,08-Feb-2024,20500,CE,0,0,0,1339.3,1176.3,0,0,0,0,09-JAN-2024,
OPTIDX,NIFTY,08-Feb-2024,20550,CE,0,0,0,1294.35,1129.7,0,0,0,0,09-JAN-2024,
OPTIDX,NIFTY,08-Feb-2024,20600,CE,0,0,0,1249.85,1083.6,0,0,0,0,09-JAN-2024,
OPTIDX,NIFTY,08-Feb-2024,20650,CE,0,0,0,1205.85,1038,0,0,0,0,09-JAN-2024,
OPTIDX,NIFTY,08-Feb-2024,20700,CE,0,0,0,1162.35,992.95,0,0,0,0,09-JAN-2024,
OPTIDX,NIFTY,08-Feb-2024,20750,CE,0,0,0,1119.45,948.5,0,0,0,0,09-JAN-2024,
OPTIDX,NIFTY,08-Feb-2024,20800,CE,0,0,0,1077.1,904.7,0,0,0,0,09-JAN-2024,
OPTIDX,NIFTY,08-Feb-2024,20850,CE,0,0,0,1035.35,861.65,0,0,0,0,09-JAN-2024,
OPTIDX,NIFTY,08-Feb-2024,20900,CE,0,0,0,994.3,819.3,0,0,0,0,09-JAN-2024,
OPTIDX,NIFTY,08-Feb-2024,20950,CE,0,0,0,953.9,777.8,0,0,0,0,09-JAN-2024,
OPTIDX,NIFTY,08-Feb-2024,21000,CE,0,0,0,914.25,737.15,0,0,0,0,09-JAN-2024,
OPTIDX,NIFTY,08-Feb-2024,21050,CE,0,0,0,875.35,697.4,0,0,0,0,09-JAN-2024,
OPTIDX,NIFTY,08-Feb-2024,21100,CE,0,0,0,837.2,658.65,0,0,0,0,09-JAN-2024,
OPTIDX,NIFTY,08-Feb-2024,21150,CE,0,0,0,800.65,620.95,0,0,0,0,09-JAN-2024,
OPTIDX,NIFTY,08-Feb-2024,21200,CE,0,0,0,763.15,584.25,0,0,0,0,09-JAN-2024,
OPTIDX,NIFTY,08-Feb-2024,21250,CE,0,0,0,727.5,548.75,0,0,0,0,09-JAN-2024,
OPTIDX,NIFTY,08-Feb-2024,21300,CE,510,510,510,510,514.35,1,10.9,50,50,09-JAN-2024,
OPTIDX,NIFTY,08-Feb-2024,21350,CE,0,0,0,658.9,481.15,0,0,0,0,09-JAN-2024,
OPTIDX,NIFTY,08-Feb-2024,21400,CE,0,0,0,625.95,449.15,0,0,0,0,09-JAN-2024,
OPTIDX,NIFTY,08-Feb-2024,21450,CE,0,0,0,584.05,418.45,0,0,100,0,09-JAN-2024,
OPTIDX,NIFTY,08-Feb-2024,21500,CE,380.25,540,380.25,426.9,426.9,50,549.43,2150,1950,09-JAN-2024,
OPTIDX,NIFTY,08-Feb-2024,21550,CE,0,0,0,532.85,360.85,0,0,0,0,09-JAN-2024,
OPTIDX,NIFTY,08-Feb-2024,21600,CE,414.75,476,354.35,362.25,362.25,37,406.93,1550,750,09-JAN-2024,
OPTIDX,NIFTY,08-Feb-2024,21650,CE,382.5,382.5,353.8,353.8,308.4,11,121.1,450,300,09-JAN-2024,
OPTIDX,NIFTY,08-Feb-2024,21700,CE,360.35,421.5,302.6,316.3,316.3,96,1060.09,4100,1400,09-JAN-2024,
OPTIDX,NIFTY,08-Feb-2024,21750,CE,279.65,285.45,279.65,282.75,282.75,53,583.86,2750,2600,09-JAN-2024,
OPTIDX,NIFTY,08-Feb-2024,21800,CE,302.15,360.5,283,283,283,19,210.13,1050,-50,09-JAN-2024,
OPTIDX,NIFTY,08-Feb-2024,21850,CE,0,0,0,373.25,219.2,0,0,0,0,09-JAN-2024,
OPTIDX,NIFTY,08-Feb-2024,21900,CE,0,0,0,350.15,200.05,0,0,0,0,09-JAN-2024,
OPTIDX,NIFTY,08-Feb-2024,21950,CE,0,0,0,328.05,182.15,0,0,0,0,09-JAN-2024,
OPTIDX,NIFTY,08-Feb-2024,22000,CE,206.15,258.3,172,176.45,176.45,150,1666.69,6900,1300,09-JAN-2024,
OPTIDX,NIFTY,08-Feb-2024,22050,CE,0,0,0,286.8,149.9,0,0,0,0,09-JAN-2024,
OPTIDX,NIFTY,08-Feb-2024,22100,CE,198,212.75,179.45,207.05,135.45,8,89.19,2000,200,09-JAN-2024,
OPTIDX,NIFTY,08-Feb-2024,22150,CE,0,0,0,249.35,122.1,0,0,0,0,09-JAN-2024,
OPTIDX,NIFTY,08-Feb-2024,22200,CE,165.4,165.4,110,119,119,4,44.67,50,50,09-JAN-2024,
OPTIDX,NIFTY,08-Feb-2024,22250,CE,0,0,0,144.45,98.5,0,0,50,0,09-JAN-2024,
OPTIDX,NIFTY,08-Feb-2024,22300,CE,0,0,0,200,88.1,0,0,0,0,09-JAN-2024,
OPTIDX,NIFTY,08-Feb-2024,22350,CE,0,0,0,185.35,78.6,0,0,0,0,09-JAN-2024,
OPTIDX,NIFTY,08-Feb-2024,22400,CE,83.25,118.25,83.2,118.2,69.95,9,101.26,1050,100,09-JAN-2024,
OPTIDX,NIFTY,08-Feb-2024,22450,CE,0,0,0,158.45,62.05,0,0,0,0,09-JAN-2024,
OPTIDX,NIFTY,08-Feb-2024,22500,CE,81,95.95,52.95,54.6,54.6,52,586.7,3100,1700,09-JAN-2024,
OPTIDX,NIFTY,08-Feb-2024,22550,CE,0,0,0,134.85,48.5,0,0,0,0,09-JAN-2024,
OPTIDX,NIFTY,08-Feb-2024,22600,CE,57.25,57.25,45.85,51.55,51.55,6,67.95,150,150,09-JAN-2024,
OPTIDX,NIFTY,08-Feb-2024,22650,CE,39.05,39.05,39.05,39.05,39.05,1,11.34,50,50,09-JAN-2024,
OPTIDX,NIFTY,08-Feb-2024,22700,CE,0,0,0,104.55,32.85,0,0,0,0,09-JAN-2024,
OPTIDX,NIFTY,08-Feb-2024,22750,CE,0,0,0,95.8,28.65,0,0,0,0,09-JAN-2024,
OPTIDX,NIFTY,08-Feb-2024,22800,CE,40,43.9,26.55,27.4,27.4,33,376.75,750,700,09-JAN-2024,
OPTIDX,NIFTY,08-Feb-2024,22850,CE,0,0,0,80.05,21.7,0,0,0,0,09-JAN-2024,
OPTIDX,NIFTY,08-Feb-2024,22900,CE,0,0,0,73,18.8,0,0,0,0,09-JAN-2024,
OPTIDX,NIFTY,08-Feb-2024,22950,CE,0,0,0,66.45,16.25,0,0,0,0,09-JAN-2024,
OPTIDX,NIFTY,08-Feb-2024,23000,CE,30,30,18,19.8,19.8,140,1611.65,5200,3000,09-JAN-2024,
OPTIDX,NIFTY,08-Feb-2024,23050,CE,0,0,0,54.85,12,0,0,0,0,09-JAN-2024,
OPTIDX,NIFTY,08-Feb-2024,23100,CE,0,0,0,49.75,10.3,0,0,0,0,09-JAN-2024,
OPTIDX,NIFTY,08-Feb-2024,23150,CE,0,0,0,34.95,8.8,0,0,100,0,09-JAN-2024,
OPTIDX,NIFTY,08-Feb-2024,23200,CE,0,0,0,40.7,7.5,0,0,0,0,09-JAN-2024,
OPTIDX,NIFTY,08-Feb-2024,23250,CE,0,0,0,36.7,6.35,0,0,0,0,09-JAN-2024,
OPTIDX,NIFTY,08-Feb-2024,23300,CE,0,0,0,33.1,5.4,0,0,0,0,09-JAN-2024,
OPTIDX,NIFTY,08-Feb-2024,23350,CE,13.85,14.1,13.15,14.1,4.55,11,128.49,500,300,09-JAN-2024,
OPTIDX,NIFTY,08-Feb-2024,23400,CE,0,0,0,26.75,3.85,0,0,0,0,09-JAN-2024,
OPTIDX,NIFTY,08-Feb-2024,23450,CE,13.1,13.2,9.35,9.35,3.25,34,398.84,800,200,09-JAN-2024,
OPTIDX,NIFTY,08-Feb-2024,19750,PE,0,0,0,4.8,0.95,0,0,0,0,09-JAN-2024,
OPTIDX,NIFTY,08-Feb-2024,19800,PE,0,0,0,5.6,1.15,0,0,0,0,09-JAN-2024,
OPTIDX,NIFTY,08-Feb-2024,19850,PE,0,0,0,6.55,1.45,0,0,0,0,09-JAN-2024,
OPTIDX,NIFTY,08-Feb-2024,19900,PE,0,0,0,7.65,1.85,0,0,0,0,09-JAN-2024,
OPTIDX,NIFTY,08-Feb-2024,19950,PE,0,0,0,8.85,2.25,0,0,0,0,09-JAN-2024,
OPTIDX,NIFTY,08-Feb-2024,20000,PE,0,0,0,19.5,2.8,0,0,200,0,09-JAN-2024,
OPTIDX,NIFTY,08-Feb-2024,20050,PE,0,0,0,11.8,3.45,0,0,0,0,09-JAN-2024,
OPTIDX,NIFTY,08-Feb-2024,20100,PE,0,0,0,24,4.2,0,0,250,0,09-JAN-2024,
OPTIDX,NIFTY,08-Feb-2024,20150,PE,0,0,0,15.6,5.15,0,0,0,0,09-JAN-2024,
OPTIDX,NIFTY,08-Feb-2024,20200,PE,0,0,0,17.85,6.2,0,0,0,0,09-JAN-2024,
OPTIDX,NIFTY,08-Feb-2024,20250,PE,0,0,0,20.35,7.5,0,0,0,0,09-JAN-2024,
OPTIDX,NIFTY,08-Feb-2024,20300,PE,0,0,0,23.2,9.05,0,0,0,0,09-JAN-2024,
OPTIDX,NIFTY,08-Feb-2024,20350,PE,0,0,0,26.3,10.8,0,0,0,0,09-JAN-2024,
OPTIDX,NIFTY,08-Feb-2024,20400,PE,0,0,0,29.8,12.85,0,0,0,0,09-JAN-2024,
OPTIDX,NIFTY,08-Feb-2024,20450,PE,0,0,0,33.65,15.25,0,0,0,0,09-JAN-2024,
OPTIDX,NIFTY,08-Feb-2024,20500,PE,39.15,48.9,35.6,46.95,46.95,196,2013.04,6000,3000,09-JAN-2024,
OPTIDX,NIFTY,08-Feb-2024,20550,PE,0,0,0,42.6,21.2,0,0,0,0,09-JAN-2024,
OPTIDX,NIFTY,08-Feb-2024,20600,PE,0,0,0,47.75,24.8,0,0,0,0,09-JAN-2024,
OPTIDX,NIFTY,08-Feb-2024,20650,PE,0,0,0,53.4,28.9,0,0,0,0,09-JAN-2024,
OPTIDX,NIFTY,08-Feb-2024,20700,PE,50,59.1,48.05,57,33.6,6,62.25,300,100,09-JAN-2024,
OPTIDX,NIFTY,08-Feb-2024,20750,PE,0,0,0,62.65,38.85,0,0,0,0,09-JAN-2024,
OPTIDX,NIFTY,08-Feb-2024,20800,PE,0,0,0,73.6,44.8,0,0,0,0,09-JAN-2024,
OPTIDX,NIFTY,08-Feb-2024,20850,PE,0,0,0,81.55,51.4,0,0,0,0,09-JAN-2024,
OPTIDX,NIFTY,08-Feb-2024,20900,PE,90,94.95,90,94.95,94.95,9,94.45,1050,450,09-JAN-2024,
OPTIDX,NIFTY,08-Feb-2024,20950,PE,0,0,0,99.4,67.05,0,0,0,0,09-JAN-2024,
OPTIDX,NIFTY,08-Feb-2024,21000,PE,91.75,113.25,80,108.6,108.6,229,2414.77,7450,2700,09-JAN-2024,
OPTIDX,NIFTY,08-Feb-2024,21050,PE,93,93,92.5,92.5,86.1,2,21.14,1000,-50,09-JAN-2024,
OPTIDX,NIFTY,08-Feb-2024,21100,PE,96,130.65,96,130.55,130.55,7,74.28,300,300,09-JAN-2024,
OPTIDX,NIFTY,08-Feb-2024,21150,PE,0,0,0,144.75,109.05,0,0,0,0,09-JAN-2024,
OPTIDX,NIFTY,08-Feb-2024,21200,PE,0,0,0,156.9,122.15,0,0,0,0,09-JAN-2024,
OPTIDX,NIFTY,08-Feb-2024,21250,PE,0,0,0,170.9,136.3,0,0,0,0,09-JAN-2024,
OPTIDX,NIFTY,08-Feb-2024,21300,PE,144.8,183.3,133.75,179.95,179.95,56,600.71,1950,1300,09-JAN-2024,
OPTIDX,NIFTY,08-Feb-2024,21350,PE,0,0,0,201.55,168.15,0,0,0,0,09-JAN-2024,
OPTIDX,NIFTY,08-Feb-2024,21400,PE,168.7,168.7,168,168,185.9,5,53.92,150,150,09-JAN-2024,
OPTIDX,NIFTY,08-Feb-2024,21450,PE,232.3,232.3,232.3,232.3,232.3,2,21.68,100,100,09-JAN-2024,
OPTIDX,NIFTY,08-Feb-2024,21500,PE,202.25,255,187.5,251.65,251.65,183,1988.09,5000,-900,09-JAN-2024,
OPTIDX,NIFTY,08-Feb-2024,21550,PE,0,0,0,274.15,246.75,0,0,0,0,09-JAN-2024,
OPTIDX,NIFTY,08-Feb-2024,21600,PE,245,290,220,290,290,21,229.47,900,600,09-JAN-2024,
OPTIDX,NIFTY,08-Feb-2024,21650,PE,0,0,0,316.3,293.8,0,0,0,0,09-JAN-2024,
OPTIDX,NIFTY,08-Feb-2024,21700,PE,281.95,334,262,331.5,331.5,89,978.96,800,0,09-JAN-2024,
OPTIDX,NIFTY,08-Feb-2024,21750,PE,307.45,307.45,280,300,346.05,12,132.26,100,100,09-JAN-2024,
OPTIDX,NIFTY,08-Feb-2024,21800,PE,347.9,367.95,347.85,367.7,374.1,14,155.08,350,350,09-JAN-2024,
OPTIDX,NIFTY,08-Feb-2024,21850,PE,446.8,446.8,402.1,402.1,403.45,2,22.27,50,50,09-JAN-2024,
OPTIDX,NIFTY,08-Feb-2024,21900,PE,0,0,0,439,434.05,0,0,0,0,09-JAN-2024,
OPTIDX,NIFTY,08-Feb-2024,21950,PE,0,0,0,466.55,465.85,0,0,0,0,09-JAN-2024,
OPTIDX,NIFTY,08-Feb-2024,22000,PE,418.15,418.15,412.5,415,498.9,4,44.83,1200,100,09-JAN-2024,
OPTIDX,NIFTY,08-Feb-2024,22050,PE,0,0,0,524.6,533.05,0,0,0,0,09-JAN-2024,
OPTIDX,NIFTY,08-Feb-2024,22100,PE,0,0,0,555.05,568.35,0,0,0,0,09-JAN-2024,
OPTIDX,NIFTY,08-Feb-2024,22150,PE,0,0,0,586.45,604.75,0,0,0,0,09-JAN-2024,
OPTIDX,NIFTY,08-Feb-2024,22200,PE,0,0,0,618.75,642.15,0,0,0,0,09-JAN-2024,
OPTIDX,NIFTY,08-Feb-2024,22250,PE,0,0,0,652,680.55,0,0,0,0,09-JAN-2024,
OPTIDX,NIFTY,08-Feb-2024,22300,PE,0,0,0,720.45,719.85,0,0,50,0,09-JAN-2024,
OPTIDX,NIFTY,08-Feb-2024,22350,PE,0,0,0,721.05,760.1,0,0,0,0,09-JAN-2024,
OPTIDX,NIFTY,08-Feb-2024,22400,PE,0,0,0,756.85,801.15,0,0,0,0,09-JAN-2024,
OPTIDX,NIFTY,08-Feb-2024,22450,PE,0,0,0,793.45,843,0,0,0,0,09-JAN-2024,
OPTIDX,NIFTY,08-Feb-2024,22500,PE,0,0,0,831.9,885.6,0,0,0,0,09-JAN-2024,
OPTIDX,NIFTY,08-Feb-2024,22550,PE,0,0,0,869.15,928.9,0,0,0,0,09-JAN-2024,
OPTIDX,NIFTY,08-Feb-2024,22600,PE,0,0,0,908.05,972.8,0,0,0,0,09-JAN-2024,
OPTIDX,NIFTY,08-Feb-2024,22650,PE,0,0,0,947.6,1017.35,0,0,0,0,09-JAN-2024,
OPTIDX,NIFTY,08-Feb-2024,22700,PE,0,0,0,987.85,1062.4,0,0,0,0,09-JAN-2024,
OPTIDX,NIFTY,08-Feb-2024,22750,PE,0,0,0,1028.7,1107.95,0,0,0,0,09-JAN-2024,
OPTIDX,NIFTY,08-Feb-2024,22800,PE,0,0,0,1070.2,1154,0,0,0,0,09-JAN-2024,
OPTIDX,NIFTY,08-Feb-2024,22850,PE,0,0,0,1112.25,1200.4,0,0,0,0,09-JAN-2024,
OPTIDX,NIFTY,08-Feb-2024,22900,PE,0,0,0,1154.85,1247.25,0,0,0,0,09-JAN-2024,
OPTIDX,NIFTY,08-Feb-2024,22950,PE,0,0,0,1198,1294.4,0,0,0,0,09-JAN-2024,
OPTIDX,NIFTY,08-Feb-2024,23000,PE,0,0,0,1241.6,1341.9,0,0,0,0,09-JAN-2024,
OPTIDX,NIFTY,08-Feb-2024,23050,PE,0,0,0,1285.7,1389.65,0,0,0,0,09-JAN-2024,
OPTIDX,NIFTY,08-Feb-2024,23100,PE,0,0,0,1330.2,1437.65,0,0,0,0,09-JAN-2024,
OPTIDX,NIFTY,08-Feb-2024,23150,PE,0,0,0,1375.15,1485.85,0,0,0,0,09-JAN-2024,
OPTIDX,NIFTY,08-Feb-2024,23200,PE,0,0,0,1420.5,1534.3,0,0,0,0,09-JAN-2024,
OPTIDX,NIFTY,08-Feb-2024,23250,PE,0,0,0,1466.15,1582.9,0,0,0,0,09-JAN-2024,
OPTIDX,NIFTY,08-Feb-2024,23300,PE,0,0,0,1512.2,1631.65,0,0,0,0,09-JAN-2024,
OPTIDX,NIFTY,08-Feb-2024,23350,PE,0,0,0,1558.5,1680.55,0,0,0,0,09-JAN-2024,
OPTIDX,NIFTY,08-Feb-2024,23400,PE,0,0,0,1605.15,1729.55,0,0,0,0,09-JAN-2024,
OPTIDX,NIFTY,08-Feb-2024,23450,PE,0,0,0,1652.05,1778.65,0,0,0,0,09-JAN-2024,
OPTIDX,NIFTY,29-Feb-2024,18650,CE,0,0,0,1883.15,3070,0,0,0,0,09-JAN-2024,
OPTIDX,NIFTY,29-Feb-2024,18700,CE,0,0,0,1839.4,3020.5,0,0,0,0,09-JAN-2024,
OPTIDX,NIFTY,29-Feb-2024,18750,CE,0,0,0,1796,2971,0,0,0,0,09-JAN-2024,
OPTIDX,NIFTY,29-Feb-2024,18800,CE,0,0,0,1752.95,2921.5,0,0,0,0,09-JAN-2024,
OPTIDX,NIFTY,29-Feb-2024,18850,CE,0,0,0,1710.25,2872,0,0,0,0,09-JAN-2024,
OPTIDX,NIFTY,29-Feb-2024,18900,CE,0,0,0,1667.9,2822.55,0,0,0,0,09-JAN-2024,
OPTIDX,NIFTY,29-Feb-2024,18950,CE,0,0,0,1626,2773.05,0,0,0,0,09-JAN-2024,
OPTIDX,NIFTY,29-Feb-2024,19000,CE,2840,2925.15,2762.65,2762.65,2762.65,140,1531.24,64100,1150,09-JAN-2024,
OPTIDX,NIFTY,29-Feb-2024,19050,CE,0,0,0,1543.4,2674.15,0,0,0,0,09-JAN-2024,
OPTIDX,NIFTY,29-Feb-2024,19100,CE,0,0,0,2190.55,2624.75,0,0,50,0,09-JAN-2024,
OPTIDX,NIFTY,29-Feb-2024,19150,CE,0,0,0,1462.6,2575.35,0,0,0,0,09-JAN-2024,
OPTIDX,NIFTY,29-Feb-2024,19200,CE,0,0,0,1422.85,2526,0,0,0,0,09-JAN-2024,
OPTIDX,NIFTY,29-Feb-2024,19250,CE,0,0,0,1383.65,2476.65,0,0,0,0,09-JAN-2024,
OPTIDX,NIFTY,29-Feb-2024,19300,CE,0,0,0,1344.9,2427.3,0,0,0,0,09-JAN-2024,
OPTIDX,NIFTY,29-Feb-2024,19350,CE,0,0,0,1306.65,2378.05,0,0,0,0,09-JAN-2024,
OPTIDX,NIFTY,29-Feb-2024,19400,CE,0,0,0,2475,2328.8,0,0,200,0,09-JAN-2024,
OPTIDX,NIFTY,29-Feb-2024,19450,CE,0,0,0,1231.75,2279.65,0,0,0,0,09-JAN-2024,
OPTIDX,NIFTY,29-Feb-2024,19500,CE,2352.85,2420,2298.6,2298.6,2230.5,6,65.54,9600,200,09-JAN-2024,
OPTIDX,NIFTY,29-Feb-2024,19550,CE,0,0,0,1159.6,2181.45,0,0,0,0,09-JAN-2024,
OPTIDX,NIFTY,29-Feb-2024,19600,CE,0,0,0,1123.2,2132.5,0,0,0,0,09-JAN-2024,
OPTIDX,NIFTY,29-Feb-2024,19650,CE,0,0,0,1088.3,2083.6,0,0,0,0,09-JAN-2024,
OPTIDX,NIFTY,29-Feb-2024,19700,CE,0,0,0,2041,2034.8,0,0,100,0,09-JAN-2024,
OPTIDX,NIFTY,29-Feb-2024,19750,CE,0,0,0,1020.15,1986.15,0,0,0,0,09-JAN-2024,
OPTIDX,NIFTY,29-Feb-2024,19800,CE,0,0,0,2270,1937.6,0,0,1200,0,09-JAN-2024,
OPTIDX,NIFTY,29-Feb-2024,19850,CE,0,0,0,954.5,1889.15,0,0,0,0,09-JAN-2024,
OPTIDX,NIFTY,29-Feb-2024,19900,CE,1952.45,1952.45,1931.5,1931.5,1840.9,4,43.68,650,0,09-JAN-2024,
OPTIDX,NIFTY,29-Feb-2024,19950,CE,0,0,0,891.25,1792.8,0,0,0,0,09-JAN-2024,
OPTIDX,NIFTY,29-Feb-2024,20000,CE,1860,1964.9,1770.05,1789.6,1789.6,1810,19826.38,388100,49850,09-JAN-2024,
OPTIDX,NIFTY,29-Feb-2024,20050,CE,0,0,0,750,1697.25,0,0,0,0,09-JAN-2024,
OPTIDX,NIFTY,29-Feb-2024,20100,CE,1741.1,1803.8,1741.05,1803.8,1649.75,3,32.79,250,150,09-JAN-2024,
OPTIDX,NIFTY,29-Feb-2024,20150,CE,1735,1735,1735,1735,1602.55,1,10.94,50,50,09-JAN-2024,
OPTIDX,NIFTY,29-Feb-2024,20200,CE,1670,1738.1,1635,1635,1555.65,3,32.82,1450,100,09-JAN-2024,
OPTIDX,NIFTY,29-Feb-2024,20250,CE,0,0,0,1648.65,1509,0,0,200,0,09-JAN-2024,
OPTIDX,NIFTY,29-Feb-2024,20300,CE,1605,1608.65,1554.85,1608.65,1462.7,8,87.55,2000,300,09-JAN-2024,
OPTIDX,NIFTY,29-Feb-2024,20350,CE,0,0,0,664.05,1416.75,0,0,0,0,09-JAN-2024,
OPTIDX,NIFTY,29-Feb-2024,20400,CE,1465.95,1534,1465.95,1534,1371.15,2,21.89,1850,50,09-JAN-2024,
OPTIDX,NIFTY,29-Feb-2024,20450,CE,0,0,0,613.7,1326,0,0,0,0,09-JAN-2024,
OPTIDX,NIFTY,29-Feb-2024,20500,CE,1401.95,1498,1312,1324.1,1324.1,715,7838.56,127300,17950,09-JAN-2024,
OPTIDX,NIFTY,29-Feb-2024,20550,CE,0,0,0,1235,1237.05,0,0,750,0,09-JAN-2024,
OPTIDX,NIFTY,29-Feb-2024,20600,CE,1380,1380,1380,1380,1193.3,1,10.99,3500,0,09-JAN-2024,
OPTIDX,NIFTY,29-Feb-2024,20650,CE,0,0,0,520.95,1150.05,0,0,0,0,09-JAN-2024,
OPTIDX,NIFTY,29-Feb-2024,20700,CE,1254.85,1269.95,1254.85,1269.95,1107.4,2,21.96,2050,50,09-JAN-2024,
OPTIDX,NIFTY,29-Feb-2024,20750,CE,0,0,0,1202,1065.35,0,0,350,0,09-JAN-2024,
OPTIDX,NIFTY,29-Feb-2024,20800,CE,1095.15,1095.15,1050,1050,1050,6,65.59,9950,200,09-JAN-2024,
OPTIDX,NIFTY,29-Feb-2024,20850,CE,1099.6,1100.55,1099.6,1100.5,983.15,5,54.87,800,150,09-JAN-2024,
OPTIDX,NIFTY,29-Feb-2024,20900,CE,1085.45,1131.25,975.55,975.55,975.55,5,54.86,9100,-50,09-JAN-2024,
OPTIDX,NIFTY,29-Feb-2024,20950,CE,0,0,0,1033.6,903.7,0,0,750,0,09-JAN-2024,
OPTIDX,NIFTY,29-Feb-2024,21000,CE,970,1057,893.8,902.7,902.7,711,7803.29,244650,7900,09-JAN-2024,
OPTIDX,NIFTY,29-Feb-2024,21050,CE,993,993,993,993,827.3,1,11.02,1550,50,09-JAN-2024,
OPTIDX,NIFTY,29-Feb-2024,21100,CE,904,945,823,827.7,827.7,19,208.71,8650,100,09-JAN-2024,
OPTIDX,NIFTY,29-Feb-2024,21150,CE,894.1,920,796,796.05,796.05,5,55.03,2050,200,09-JAN-2024,
OPTIDX,NIFTY,29-Feb-2024,21200,CE,817.2,892.25,748,758.1,758.1,88,968.01,31050,550,09-JAN-2024,
OPTIDX,NIFTY,29-Feb-2024,21250,CE,850,850,713.6,725.95,725.95,72,791.32,7550,3400,09-JAN-2024,
OPTIDX,NIFTY,29-Feb-2024,21300,CE,754,818.4,675.05,684.8,684.8,112,1234.74,13400,800,09-JAN-2024,
OPTIDX,NIFTY,29-Feb-2024,21350,CE,721.05,759.7,638.4,638.4,638.4,7,77.21,5650,150,09-JAN-2024,
OPTIDX,NIFTY,29-Feb-2024,21400,CE,675,750,605.9,618.1,618.1,229,2529.2,26350,-150,09-JAN-2024,
OPTIDX,NIFTY,29-Feb-2024,21450,CE,685,704.7,580,580,580,7,77.37,6700,100,09-JAN-2024,
OPTIDX,NIFTY,29-Feb-2024,21500,CE,594.95,680,540.5,553.6,553.6,2213,24469.73,212050,-350,09-JAN-2024,
OPTIDX,NIFTY,29-Feb-2024,21550,CE,580,642,519.45,527.35,527.35,79,872.64,6300,1950,09-JAN-2024,
OPTIDX,NIFTY,29-Feb-2024,21600,CE,539.95,617.15,483,497.55,497.55,924,10238.66,56100,6300,09-JAN-2024,
OPTIDX,NIFTY,29-Feb-2024,21650,CE,489.15,576.6,456.75,467.1,467.1,141,1562.55,9250,1650,09-JAN-2024,
OPTIDX,NIFTY,29-Feb-2024,21700,CE,490,555,426.4,440.35,440.35,1933,21453.51,98700,6900,09-JAN-2024,
OPTIDX,NIFTY,29-Feb-2024,21750,CE,452.25,517.7,398,411.1,411.1,208,2309.66,18650,3650,09-JAN-2024,
OPTIDX,NIFTY,29-Feb-2024,21800,CE,423.95,492.7,371.1,382.75,382.75,1517,16866.86,143500,2150,09-JAN-2024,
OPTIDX,NIFTY,29-Feb-2024,21850,CE,407.35,460.9,346.7,362.75,362.75,71,789.75,6300,700,09-JAN-2024,
OPTIDX,NIFTY,29-Feb-2024,21900,CE,372.5,435.45,321.45,334.55,334.55,1101,12262.88,52850,12300,09-JAN-2024,
OPTIDX,NIFTY,29-Feb-2024,21950,CE,354.7,404.8,311.2,312.15,312.15,47,523.64,7150,800,09-JAN-2024,
OPTIDX,NIFTY,29-Feb-2024,22000,CE,320,381.85,274.5,283.7,283.7,10955,122321.35,633850,50900,09-JAN-2024,
OPTIDX,NIFTY,29-Feb-2024,22050,CE,315,343.1,257.35,268.9,268.9,65,725.72,5350,550,09-JAN-2024,
OPTIDX,NIFTY,29-Feb-2024,22100,CE,283.05,335,238.5,248.25,248.25,899,10059.82,35500,3600,09-JAN-2024,
OPTIDX,NIFTY,29-Feb-2024,22150,CE,265.25,301.65,224.45,228.35,228.35,46,515.23,3850,-150,09-JAN-2024,
OPTIDX,NIFTY,29-Feb-2024,22200,CE,242.95,290,202.9,211.25,211.25,1174,13172.32,90950,8050,09-JAN-2024,
OPTIDX,NIFTY,29-Feb-2024,22250,CE,230,261.1,191.25,196.15,196.15,65,730.31,4500,0,09-JAN-2024,
OPTIDX,NIFTY,29-Feb-2024,22300,CE,206.8,249,170.95,180.2,180.2,1299,14621.01,38300,6100,09-JAN-2024,
OPTIDX,NIFTY,29-Feb-2024,22350,CE,159.85,166.65,156.1,161.1,161.1,53,596.54,3700,50,09-JAN-2024,
OPTIDX,NIFTY,29-Feb-2024,22400,CE,170,211,142.45,149.1,149.1,1000,11285.35,53950,4700,09-JAN-2024,
OPTIDX,NIFTY,29-Feb-2024,22450,CE,160,191.05,130.3,137.85,137.85,177,1999.82,14350,5250,09-JAN-2024,
OPTIDX,NIFTY,29-Feb-2024,22500,CE,135,181.65,119,126.25,126.25,12959,146772.01,348750,28550,09-JAN-2024,
OPTIDX,NIFTY,29-Feb-2024,22550,CE,135.45,164.6,110.1,113.5,113.5,337,3824.04,11750,1900,09-JAN-2024,
OPTIDX,NIFTY,29-Feb-2024,22600,CE,121.3,149.75,96.3,100.75,100.75,2893,32869.23,120950,8550,09-JAN-2024,
OPTIDX,NIFTY,29-Feb-2024,22650,CE,112.25,136.95,87.4,89.1,89.1,407,4633.28,13700,8750,09-JAN-2024,
OPTIDX,NIFTY,29-Feb-2024,22700,CE,102.35,125,78.6,81.85,81.85,2994,34133.98,89750,32950,09-JAN-2024,
OPTIDX,NIFTY,29-Feb-2024,22750,CE,90,113.8,71.5,77.1,77.1,94,1073.8,8850,-350,09-JAN-2024,
OPTIDX,NIFTY,29-Feb-2024,22800,CE,83.9,103.4,63.25,66.35,66.35,3847,44007.67,132500,20300,09-JAN-2024,
OPTIDX,NIFTY,29-Feb-2024,22850,CE,77.4,94,59.1,61.85,61.85,172,1971.57,8300,-750,09-JAN-2024,
OPTIDX,NIFTY,29-Feb-2024,22900,CE,69.5,85.55,52.75,55.6,55.6,2004,23012.79,87650,18200,09-JAN-2024,
OPTIDX,NIFTY,29-Feb-2024,22950,CE,63.35,76.2,48.4,51.45,51.45,323,3716.66,16650,50,09-JAN-2024,
OPTIDX,NIFTY,29-Feb-2024,23000,CE,57.95,72.9,45,47.15,47.15,14115,162726.92,444900,60200,09-JAN-2024,
OPTIDX,NIFTY,29-Feb-2024,23050,CE,53.15,64,39.65,41,41,124,1432.26,7350,1900,09-JAN-2024,
OPTIDX,NIFTY,29-Feb-2024,23100,CE,48,57.15,35.6,37.3,37.3,1814,20991.77,41850,-2100,09-JAN-2024,
OPTIDX,NIFTY,29-Feb-2024,23150,CE,43.6,52.1,32.8,35,35,60,695.72,9000,400,09-JAN-2024,
OPTIDX,NIFTY,29-Feb-2024,23200,CE,33.85,46.5,28.9,30.4,30.4,2275,26431.31,66500,10850,09-JAN-2024,
OPTIDX,NIFTY,29-Feb-2024,23250,CE,35.9,42.9,27.1,28.65,28.65,227,2642.84,8800,3200,09-JAN-2024,
OPTIDX,NIFTY,29-Feb-2024,23300,CE,28.55,38.2,24.15,25.35,25.35,5187,60511.96,147200,47900,09-JAN-2024,
OPTIDX,NIFTY,29-Feb-2024,23350,CE,29.35,34.65,22.35,23.55,23.55,1022,11946.62,6300,6300,09-JAN-2024,
OPTIDX,NIFTY,29-Feb-2024,23400,CE,27.1,31.35,20.1,20.9,20.9,965,11303.26,20200,5200,09-JAN-2024,
OPTIDX,NIFTY,29-Feb-2024,23450,CE,25.1,29.3,19.25,20.25,20.25,410,4812.31,21700,4450,09-JAN-2024,
OPTIDX,NIFTY,29-Feb-2024,18650,PE,0,0,0,26.6,0.1,0,0,1050,0,09-JAN-2024,
OPTIDX,NIFTY,29-Feb-2024,18700,PE,0,0,0,71.3,0.1,0,0,0,0,09-JAN-2024,
OPTIDX,NIFTY,29-Feb-2024,18750,PE,0,0,0,77,0.15,0,0,0,0,09-JAN-2024,
OPTIDX,NIFTY,29-Feb-2024,18800,PE,0,0,0,83,0.2,0,0,0,0,09-JAN-2024,
OPTIDX,NIFTY,29-Feb-2024,18850,PE,0,0,0,89.45,0.2,0,0,0,0,09-JAN-2024,
OPTIDX,NIFTY,29-Feb-2024,18900,PE,0,0,0,25.4,0.25,0,0,1050,0,09-JAN-2024,
OPTIDX,NIFTY,29-Feb-2024,18950,PE,0,0,0,103.4,0.35,0,0,0,0,09-JAN-2024,
OPTIDX,NIFTY,29-Feb-2024,19000,PE,13.35,15.3,12.25,14.25,14.25,1151,10942.52,246600,11900,09-JAN-2024,
OPTIDX,NIFTY,29-Feb-2024,19050,PE,0,0,0,119.05,0.5,0,0,0,0,09-JAN-2024,
OPTIDX,NIFTY,29-Feb-2024,19100,PE,0,0,0,127.5,0.6,0,0,0,0,09-JAN-2024,
OPTIDX,NIFTY,29-Feb-2024,19150,PE,0,0,0,136.4,0.75,0,0,0,0,09-JAN-2024,
OPTIDX,NIFTY,29-Feb-2024,19200,PE,6.75,6.75,6.75,6.75,6.75,12,115.24,2000,100,09-JAN-2024,
OPTIDX,NIFTY,29-Feb-2024,19250,PE,0,0,0,155.65,1.1,0,0,0,0,09-JAN-2024,
OPTIDX,NIFTY,29-Feb-2024,19300,PE,0,0,0,39.9,1.3,0,0,8050,0,09-JAN-2024,
OPTIDX,NIFTY,29-Feb-2024,19350,PE,0,0,0,176.9,1.55,0,0,0,0,09-JAN-2024,
OPTIDX,NIFTY,29-Feb-2024,19400,PE,0,0,0,56,1.85,0,0,17550,0,09-JAN-2024,
OPTIDX,NIFTY,29-Feb-2024,19450,PE,0,0,0,200.15,2.2,0,0,0,0,09-JAN-2024,
OPTIDX,NIFTY,29-Feb-2024,19500,PE,19.75,21.05,15.6,20.1,20.1,1203,11740.1,375000,3400,09-JAN-2024,
OPTIDX,NIFTY,29-Feb-2024,19550,PE,0,0,0,90,3.1,0,0,100,0,09-JAN-2024,
OPTIDX,NIFTY,29-Feb-2024,19600,PE,17.5,22.95,17.5,21.8,21.8,41,402.21,50400,-200,09-JAN-2024,
OPTIDX,NIFTY,29-Feb-2024,19650,PE,0,0,0,253.15,4.3,0,0,0,0,09-JAN-2024,
OPTIDX,NIFTY,29-Feb-2024,19700,PE,20,20,20,20,5.05,4,39.44,31450,0,09-JAN-2024,
OPTIDX,NIFTY,29-Feb-2024,19750,PE,0,0,0,58.95,5.9,0,0,50,0,09-JAN-2024,
OPTIDX,NIFTY,29-Feb-2024,19800,PE,23,28.75,21.8,27.95,27.95,493,4886.61,254600,700,09-JAN-2024,
OPTIDX,NIFTY,29-Feb-2024,19850,PE,24,30.65,23.95,30.5,30.5,43,427.32,4250,-250,09-JAN-2024,
OPTIDX,NIFTY,29-Feb-2024,19900,PE,32.95,32.95,25.55,31.8,31.8,1546,15405.68,214850,15750,09-JAN-2024,
OPTIDX,NIFTY,29-Feb-2024,19950,PE,0,0,0,70,10.7,0,0,2000,0,09-JAN-2024,
OPTIDX,NIFTY,29-Feb-2024,20000,PE,35.55,40.7,31,39.35,39.35,8608,86228.06,1241850,47500,09-JAN-2024,
OPTIDX,NIFTY,29-Feb-2024,20050,PE,0,0,0,80.9,14.15,0,0,2400,0,09-JAN-2024,
OPTIDX,NIFTY,29-Feb-2024,20100,PE,34.45,43.4,33.25,42.2,42.2,2154,21688.04,231000,13450,09-JAN-2024,
OPTIDX,NIFTY,29-Feb-2024,20150,PE,33.2,47.55,33.2,45.9,45.9,87,878.31,3250,2000,09-JAN-2024,
OPTIDX,NIFTY,29-Feb-2024,20200,PE,39.65,49.9,35.7,48.5,48.5,2770,28035.9,293850,23000,09-JAN-2024,
OPTIDX,NIFTY,29-Feb-2024,20250,PE,0,0,0,45.8,24.05,0,0,2000,0,09-JAN-2024,
OPTIDX,NIFTY,29-Feb-2024,20300,PE,46.65,57.8,44.25,56.65,56.65,2625,26707.8,217500,14700,09-JAN-2024,
OPTIDX,NIFTY,29-Feb-2024,20350,PE,49.9,63.55,49.05,62.35,62.35,41,418.3,4900,-50,09-JAN-2024,
OPTIDX,NIFTY,29-Feb-2024,20400,PE,53.55,68,51.65,66.1,66.1,3866,39541.15,196650,4700,09-JAN-2024,
OPTIDX,NIFTY,29-Feb-2024,20450,PE,60.6,60.6,60.6,60.6,60.6,3,30.76,8400,-150,09-JAN-2024,
OPTIDX,NIFTY,29-Feb-2024,20500,PE,75,82.5,63.2,80.25,80.25,9666,99415.01,922250,111700,09-JAN-2024,
OPTIDX,NIFTY,29-Feb-2024,20550,PE,63.05,84.4,63.05,83.1,83.1,170,1753.21,8550,6750,09-JAN-2024,
OPTIDX,NIFTY,29-Feb-2024,20600,PE,75,91,69.1,89.05,89.05,2818,29132.71,181750,41950,09-JAN-2024,
OPTIDX,NIFTY,29-Feb-2024,20650,PE,78.15,96.65,74.9,96.6,96.6,48,497.63,1950,50,09-JAN-2024,
OPTIDX,NIFTY,29-Feb-2024,20700,PE,85.05,103.6,79,102.1,102.1,2930,30451.97,137650,17900,09-JAN-2024,
OPTIDX,NIFTY,29-Feb-2024,20750,PE,92.3,110.45,87.05,110.15,110.15,54,562.82,6350,800,09-JAN-2024,
OPTIDX,NIFTY,29-Feb-2024,20800,PE,99.5,119.95,92.7,117.65,117.65,1986,20757.53,149450,15900,09-JAN-2024,
OPTIDX,NIFTY,29-Feb-2024,20850,PE,105.65,128.55,99.5,126.95,126.95,107,1121.64,5850,2750,09-JAN-2024,
OPTIDX,NIFTY,29-Feb-2024,20900,PE,113,138.55,107,135.55,135.55,948,9963.21,75850,4600,09-JAN-2024,
OPTIDX,NIFTY,29-Feb-2024,20950,PE,125.05,149.05,116.7,148.1,148.1,26,274.08,4900,600,09-JAN-2024,
OPTIDX,NIFTY,29-Feb-2024,21000,PE,155,161.15,120,157.7,157.7,10613,112185.36,694900,42250,09-JAN-2024,
OPTIDX,NIFTY,29-Feb-2024,21050,PE,140.05,171,137.35,170.7,170.7,25,264.95,5700,200,09-JAN-2024,
OPTIDX,NIFTY,29-Feb-2024,21100,PE,155.05,182.35,143.6,179.1,179.1,1214,12904.16,86550,7050,09-JAN-2024,
OPTIDX,NIFTY,29-Feb-2024,21150,PE,163.8,194.2,154.2,191.6,191.6,76,810.35,6650,450,09-JAN-2024,
OPTIDX,NIFTY,29-Feb-2024,21200,PE,173.05,208.1,164.8,205.05,205.05,1569,16773.47,108850,19200,09-JAN-2024,
OPTIDX,NIFTY,29-Feb-2024,21250,PE,187.45,222.7,179.05,216.95,216.95,97,1040.21,4150,200,09-JAN-2024,
OPTIDX,NIFTY,29-Feb-2024,21300,PE,198,237.35,187.75,234.15,234.15,1847,19859.76,85250,10600,09-JAN-2024,
OPTIDX,NIFTY,29-Feb-2024,21350,PE,219.95,241.7,205,241.7,222.9,51,549.97,3400,-950,09-JAN-2024,
OPTIDX,NIFTY,29-Feb-2024,21400,PE,233.5,269.65,216,266.5,266.5,1407,15224.21,81050,500,09-JAN-2024,
OPTIDX,NIFTY,29-Feb-2024,21450,PE,256,286.5,233.2,286.5,286.5,18,195.35,3650,50,09-JAN-2024,
OPTIDX,NIFTY,29-Feb-2024,21500,PE,276,305.25,242.55,300,300,8383,91257.82,486250,9550,09-JAN-2024,
OPTIDX,NIFTY,29-Feb-2024,21550,PE,275.25,320.45,264,317.25,317.25,77,840.93,5600,300,09-JAN-2024,
OPTIDX,NIFTY,29-Feb-2024,21600,PE,303.45,343.95,275.25,337.45,337.45,2440,26726.23,91150,5300,09-JAN-2024,
OPTIDX,NIFTY,29-Feb-2024,21650,PE,320,361.45,295.15,357.35,357.35,83,911.46,12600,800,09-JAN-2024,
OPTIDX,NIFTY,29-Feb-2024,21700,PE,341.95,386.7,311.35,379.75,379.75,1831,20179.82,117250,11450,09-JAN-2024,
OPTIDX,NIFTY,29-Feb-2024,21750,PE,347.25,405.4,333.75,400.1,400.1,217,2399.91,21200,1950,09-JAN-2024,
OPTIDX,NIFTY,29-Feb-2024,21800,PE,407,431,348,425.4,425.4,1306,14488.21,67400,4250,09-JAN-2024,
OPTIDX,NIFTY,29-Feb-2024,21850,PE,398.35,454.05,375.7,447.8,447.8,119,1324.83,7100,1100,09-JAN-2024,
OPTIDX,NIFTY,29-Feb-2024,21900,PE,425,481.6,391.2,471.4,471.4,771,8606.61,48350,1800,09-JAN-2024,
OPTIDX,NIFTY,29-Feb-2024,21950,PE,498.45,498.45,498.45,498.45,498.45,1,11.22,7300,50,09-JAN-2024,
OPTIDX,NIFTY,29-Feb-2024,22000,PE,499.9,534.25,434.8,524.35,524.35,2729,30672.99,345600,22900,09-JAN-2024,
OPTIDX,NIFTY,29-Feb-2024,22050,PE,516.75,516.75,510,510,562.2,2,22.56,8750,50,09-JAN-2024,
OPTIDX,NIFTY,29-Feb-2024,22100,PE,522.05,590.45,487.5,582.5,582.5,207,2342.87,22950,800,09-JAN-2024,
OPTIDX,NIFTY,29-Feb-2024,22150,PE,0,0,0,650.6,626.15,0,0,4250,0,09-JAN-2024,
OPTIDX,NIFTY,29-Feb-2024,22200,PE,583.95,651.75,548,650.6,650.6,239,2722.04,35700,-250,09-JAN-2024,
OPTIDX,NIFTY,29-Feb-2024,22250,PE,662.05,662.05,662.05,662.05,662.05,1,11.45,5700,50,09-JAN-2024,
OPTIDX,NIFTY,29-Feb-2024,22300,PE,662.95,701.4,607,701.4,728.7,43,493.44,9700,150,09-JAN-2024,
OPTIDX,NIFTY,29-Feb-2024,22350,PE,695.25,695.25,662.55,662.55,764.55,2,23.02,1450,100,09-JAN-2024,
OPTIDX,NIFTY,29-Feb-2024,22400,PE,720,774.05,667.05,772.85,772.85,25,289.04,12050,300,09-JAN-2024,
OPTIDX,NIFTY,29-Feb-2024,22450,PE,0,0,0,687.8,838.65,0,0,3700,0,09-JAN-2024,
OPTIDX,NIFTY,29-Feb-2024,22500,PE,825,869.4,728,852.95,852.95,1055,12290.75,88850,7300,09-JAN-2024,
OPTIDX,NIFTY,29-Feb-2024,22550,PE,805,805,789.8,792.6,915.7,4,46.69,2200,150,09-JAN-2024,
OPTIDX,NIFTY,29-Feb-2024,22600,PE,850.4,924.25,817.35,924.25,955.3,15,176.08,20750,50,09-JAN-2024,
OPTIDX,NIFTY,29-Feb-2024,22650,PE,0,0,0,1000.3,995.55,0,0,1350,0,09-JAN-2024,
OPTIDX,NIFTY,29-Feb-2024,22700,PE,929.5,952.55,881,935,1036.4,50,590.1,9750,1300,09-JAN-2024,
OPTIDX,NIFTY,29-Feb-2024,22750,PE,0,0,0,936.35,1077.9,0,0,1400,0,09-JAN-2024,
OPTIDX,NIFTY,29-Feb-2024,22800,PE,1073.45,1073.45,1073.45,1073.45,1119.95,1,11.93,3850,50,09-JAN-2024,
OPTIDX,NIFTY,29-Feb-2024,22850,PE,1056.2,1120.65,1056.15,1117.95,1162.5,9,107.75,800,300,09-JAN-2024,
OPTIDX,NIFTY,29-Feb-2024,22900,PE,1098.35,1098.35,1033.55,1033.55,1205.6,8,95.92,2000,150,09-JAN-2024,
OPTIDX,NIFTY,29-Feb-2024,22950,PE,0,0,0,1238.15,1249.2,0,0,700,0,09-JAN-2024,
OPTIDX,NIFTY,29-Feb-2024,23000,PE,1192.75,1284.95,1120,1267.8,1267.8,196,2368.74,43250,2550,09-JAN-2024,
OPTIDX,NIFTY,29-Feb-2024,23050,PE,0,0,0,1174.4,1337.75,0,0,600,0,09-JAN-2024,
OPTIDX,NIFTY,29-Feb-2024,23100,PE,0,0,0,1377.05,1382.65,0,0,350,0,09-JAN-2024,
OPTIDX,NIFTY,29-Feb-2024,23150,PE,0,0,0,1297.65,1427.9,0,0,300,0,09-JAN-2024,
OPTIDX,NIFTY,29-Feb-2024,23200,PE,0,0,0,1320,1473.55,0,0,500,0,09-JAN-2024,
OPTIDX,NIFTY,29-Feb-2024,23250,PE,0,0,0,1344.25,1519.5,0,0,150,0,09-JAN-2024,
OPTIDX,NIFTY,29-Feb-2024,23300,PE,0,0,0,1550.45,1565.75,0,0,600,0,09-JAN-2024,
OPTIDX,NIFTY,29-Feb-2024,23350,PE,0,0,0,2315.5,1612.3,0,0,0,0,09-JAN-2024,
OPTIDX,NIFTY,29-Feb-2024,23400,PE,0,0,0,2361.35,1659.15,0,0,0,0,09-JAN-2024,
OPTIDX,NIFTY,29-Feb-2024,23450,PE,0,0,0,2407.4,1706.2,0,0,0,0,09-JAN-2024,
OPTIDX,NIFTY,28-Mar-2024,14000,CE,7755,7755,7665.65,7665.65,7665.65,3,32.58,324550,-50,09-JAN-2024,
OPTIDX,NIFTY,28-Mar-2024,15000,CE,6944.85,6991.65,6944.85,6981.8,6762.4,4,43.95,25700,-200,09-JAN-2024,
OPTIDX,NIFTY,28-Mar-2024,16000,CE,5860,5925.4,5775,5775,5775,7,76.56,46550,-50,09-JAN-2024,
OPTIDX,NIFTY,28-Mar-2024,17000,CE,4890.15,4951,4775,4793.35,4793.35,18,196.79,141050,-750,09-JAN-2024,
OPTIDX,NIFTY,28-Mar-2024,18000,CE,3878.7,3998.9,3800,3819.45,3819.45,121,1326.74,448450,-3350,09-JAN-2024,
OPTIDX,NIFTY,28-Mar-2024,19000,CE,2966.65,3020.55,2844.35,2864,2864,21,230.38,469450,-300,09-JAN-2024,
OPTIDX,NIFTY,28-Mar-2024,19750,CE,0,0,0,2421.85,2098.45,0,0,0,0,09-JAN-2024,
OPTIDX,NIFTY,28-Mar-2024,19800,CE,0,0,0,2375.95,2051.25,0,0,0,0,09-JAN-2024,
OPTIDX,NIFTY,28-Mar-2024,19850,CE,0,0,0,2330.25,2004.2,0,0,0,0,09-JAN-2024,
OPTIDX,NIFTY,28-Mar-2024,19900,CE,0,0,0,2284.75,1957.35,0,0,0,0,09-JAN-2024,
OPTIDX,NIFTY,28-Mar-2024,19950,CE,0,0,0,2239.55,1910.8,0,0,0,0,09-JAN-2024,
OPTIDX,NIFTY,28-Mar-2024,20000,CE,2030,2121.35,1921,1945.1,1945.1,635,6998.44,461600,16050,09-JAN-2024,
OPTIDX,NIFTY,28-Mar-2024,20050,CE,0,0,0,2149.85,1818.35,0,0,0,0,09-JAN-2024,
OPTIDX,NIFTY,28-Mar-2024,20100,CE,0,0,0,2105.4,1772.55,0,0,0,0,09-JAN-2024,
OPTIDX,NIFTY,28-Mar-2024,20150,CE,0,0,0,2061.25,1727.05,0,0,0,0,09-JAN-2024,
OPTIDX,NIFTY,28-Mar-2024,20200,CE,0,0,0,2017.4,1681.9,0,0,0,0,09-JAN-2024,
OPTIDX,NIFTY,28-Mar-2024,20250,CE,0,0,0,1973.85,1637.05,0,0,0,0,09-JAN-2024,
OPTIDX,NIFTY,28-Mar-2024,20300,CE,0,0,0,1930.6,1592.6,0,0,0,0,09-JAN-2024,
OPTIDX,NIFTY,28-Mar-2024,20350,CE,0,0,0,1887.7,1548.5,0,0,0,0,09-JAN-2024,
OPTIDX,NIFTY,28-Mar-2024,20400,CE,0,0,0,1845.15,1504.8,0,0,0,0,09-JAN-2024,
OPTIDX,NIFTY,28-Mar-2024,20450,CE,0,0,0,1802.95,1461.5,0,0,0,0,09-JAN-2024,
OPTIDX,NIFTY,28-Mar-2024,20500,CE,1585,1636.55,1469.1,1486.9,1486.9,193,2129.17,9250,8600,09-JAN-2024,
OPTIDX,NIFTY,28-Mar-2024,20550,CE,0,0,0,1444.55,1376.25,0,0,50,0,09-JAN-2024,
OPTIDX,NIFTY,28-Mar-2024,20600,CE,1441.65,1441.65,1441.65,1441.65,1334.35,1,11.02,50,50,09-JAN-2024,
OPTIDX,NIFTY,28-Mar-2024,20650,CE,1385.6,1385.6,1385.6,1385.6,1292.95,1,11.01,300,50,09-JAN-2024,
OPTIDX,NIFTY,28-Mar-2024,20700,CE,0,0,0,1350.05,1252.05,0,0,150,0,09-JAN-2024,
OPTIDX,NIFTY,28-Mar-2024,20750,CE,1289.9,1289.9,1289.9,1289.9,1289.9,1,11.01,200,50,09-JAN-2024,
OPTIDX,NIFTY,28-Mar-2024,20800,CE,0,0,0,1518.5,1171.95,0,0,0,0,09-JAN-2024,
OPTIDX,NIFTY,28-Mar-2024,20850,CE,0,0,0,1283.6,1132.7,0,0,100,0,09-JAN-2024,
OPTIDX,NIFTY,28-Mar-2024,20900,CE,0,0,0,1287.7,1094.1,0,0,50,0,09-JAN-2024,
OPTIDX,NIFTY,28-Mar-2024,20950,CE,0,0,0,1403.15,1056.15,0,0,0,0,09-JAN-2024,
OPTIDX,NIFTY,28-Mar-2024,21000,CE,1150,1250.75,1088.9,1098.7,1098.7,654,7249.7,1063650,-300,09-JAN-2024,
OPTIDX,NIFTY,28-Mar-2024,21050,CE,0,0,0,1328.6,982.1,0,0,0,0,09-JAN-2024,
OPTIDX,NIFTY,28-Mar-2024,21100,CE,1140,1140,1042.9,1042.9,946.05,3,33.27,200,150,09-JAN-2024,
OPTIDX,NIFTY,28-Mar-2024,21150,CE,0,0,0,1256.75,910.7,0,0,0,0,09-JAN-2024,
OPTIDX,NIFTY,28-Mar-2024,21200,CE,1018.85,1076.3,964.95,968.9,968.9,26,288.7,950,300,09-JAN-2024,
OPTIDX,NIFTY,28-Mar-2024,21250,CE,1000,1000,990,990,842.15,2,22.24,100,50,09-JAN-2024,
OPTIDX,NIFTY,28-Mar-2024,21300,CE,946.45,1002.1,892.8,898.55,808.95,7,77.84,1700,150,09-JAN-2024,
OPTIDX,NIFTY,28-Mar-2024,21350,CE,0,0,0,1117.15,776.5,0,0,0,0,09-JAN-2024,
OPTIDX,NIFTY,28-Mar-2024,21400,CE,883.05,928,796.5,810.7,810.7,23,256.1,2100,600,09-JAN-2024,
OPTIDX,NIFTY,28-Mar-2024,21450,CE,865,885.75,865,885.75,713.85,2,22.32,100,50,09-JAN-2024,
OPTIDX,NIFTY,28-Mar-2024,21500,CE,799,873,740,751.2,751.2,371,4138.3,48600,1650,09-JAN-2024,
OPTIDX,NIFTY,28-Mar-2024,21550,CE,800,800,740.75,740.75,740.75,3,33.47,500,0,09-JAN-2024,
OPTIDX,NIFTY,28-Mar-2024,21600,CE,760,809.3,683,691.4,691.4,142,1587.77,10500,2450,09-JAN-2024,
OPTIDX,NIFTY,28-Mar-2024,21650,CE,715,737.1,700.55,700.55,597.8,26,290.75,2700,650,09-JAN-2024,
OPTIDX,NIFTY,28-Mar-2024,21700,CE,698.3,746.95,616.95,635.55,635.55,75,839.47,7900,900,09-JAN-2024,
OPTIDX,NIFTY,28-Mar-2024,21750,CE,680,680,607.1,612.95,612.95,19,212.77,1150,700,09-JAN-2024,
OPTIDX,NIFTY,28-Mar-2024,21800,CE,622.1,688.5,571.6,582.9,582.9,85,953.08,6800,-150,09-JAN-2024,
OPTIDX,NIFTY,28-Mar-2024,21850,CE,598.05,638.7,578.2,638.7,494.4,7,78.58,400,200,09-JAN-2024,
OPTIDX,NIFTY,28-Mar-2024,21900,CE,560.5,610.65,533.5,533.5,533.5,30,337.18,3200,600,09-JAN-2024,
OPTIDX,NIFTY,28-Mar-2024,21950,CE,500,500,497.25,497.55,497.55,11,123.46,1000,450,09-JAN-2024,
OPTIDX,NIFTY,28-Mar-2024,22000,CE,511.6,575,465,474.5,474.5,3392,38198.24,824650,1650,09-JAN-2024,
OPTIDX,NIFTY,28-Mar-2024,22050,CE,0,0,0,647.5,403.65,0,0,1700,0,09-JAN-2024,
OPTIDX,NIFTY,28-Mar-2024,22100,CE,462.1,516.2,420,427.8,427.8,142,1603.59,13850,2300,09-JAN-2024,
OPTIDX,NIFTY,28-Mar-2024,22150,CE,0,0,0,455,362.9,0,0,600,0,09-JAN-2024,
OPTIDX,NIFTY,28-Mar-2024,22200,CE,421.6,465.85,376.25,386.55,386.55,62,701.18,6250,150,09-JAN-2024,
OPTIDX,NIFTY,28-Mar-2024,22250,CE,421.55,421.55,421.5,421.5,325.15,4,45.34,1950,0,09-JAN-2024,
OPTIDX,NIFTY,28-Mar-2024,22300,CE,379.9,422.15,334.1,339.55,339.55,47,532.94,5350,600,09-JAN-2024,
OPTIDX,NIFTY,28-Mar-2024,22350,CE,0,0,0,474.5,290.4,0,0,250,0,09-JAN-2024,
OPTIDX,NIFTY,28-Mar-2024,22400,CE,337.15,380,298.05,301.85,301.85,43,488.68,4050,250,09-JAN-2024,
OPTIDX,NIFTY,28-Mar-2024,22450,CE,0,0,0,304.9,258.45,0,0,850,0,09-JAN-2024,
OPTIDX,NIFTY,28-Mar-2024,22500,CE,300,342.05,263.95,269.45,269.45,1066,12154.23,75800,7050,09-JAN-2024,
OPTIDX,NIFTY,28-Mar-2024,22550,CE,0,0,0,319.05,229.2,0,0,250,0,09-JAN-2024,
OPTIDX,NIFTY,28-Mar-2024,22600,CE,267.65,302,233,238.15,238.15,36,411.67,2450,150,09-JAN-2024,
OPTIDX,NIFTY,28-Mar-2024,22650,CE,0,0,0,273.7,202.6,0,0,150,0,09-JAN-2024,
OPTIDX,NIFTY,28-Mar-2024,22700,CE,225,265,204,210.8,210.8,75,860.04,2800,100,09-JAN-2024,
OPTIDX,NIFTY,28-Mar-2024,22750,CE,215.5,240.15,215.5,240.15,178.4,2,22.97,750,-50,09-JAN-2024,
OPTIDX,NIFTY,28-Mar-2024,22800,CE,207.6,234.5,178.8,184.75,184.75,76,874.26,10900,350,09-JAN-2024,
OPTIDX,NIFTY,28-Mar-2024,22850,CE,220.25,220.3,220.25,220.3,156.6,2,23.07,250,0,09-JAN-2024,
OPTIDX,NIFTY,28-Mar-2024,22900,CE,183.5,205.5,155.6,158.85,158.85,110,1269.92,3950,-1100,09-JAN-2024,
OPTIDX,NIFTY,28-Mar-2024,22950,CE,150,192.3,150,150,150,10,115.65,650,-100,09-JAN-2024,
OPTIDX,NIFTY,28-Mar-2024,23000,CE,162,184.9,136.1,140.2,140.2,3641,42164.31,735500,-8650,09-JAN-2024,
OPTIDX,NIFTY,28-Mar-2024,23050,CE,171.2,171.2,171.2,171.2,119.35,1,11.61,750,0,09-JAN-2024,
OPTIDX,NIFTY,28-Mar-2024,23100,CE,131,159.05,116.5,117.65,117.65,255,2962.68,7350,-550,09-JAN-2024,
OPTIDX,NIFTY,28-Mar-2024,23150,CE,125.85,125.85,114,114,114,3,34.9,450,-100,09-JAN-2024,
OPTIDX,NIFTY,28-Mar-2024,23200,CE,122.15,137.5,101.75,105,105,186,2168.67,7450,700,09-JAN-2024,
OPTIDX,NIFTY,28-Mar-2024,23250,CE,124.25,125.6,102.45,102.45,102.45,4,46.73,1750,0,09-JAN-2024,
OPTIDX,NIFTY,28-Mar-2024,23300,CE,106.9,120.5,89,91.9,91.9,325,3803.44,18300,3000,09-JAN-2024,
OPTIDX,NIFTY,28-Mar-2024,23350,CE,94.3,107,85,85,77.35,4,46.89,450,50,09-JAN-2024,
OPTIDX,NIFTY,28-Mar-2024,23400,CE,94.2,105,77.5,80.3,80.3,217,2548.4,7800,1750,09-JAN-2024,
OPTIDX,NIFTY,28-Mar-2024,23450,CE,68.8,95,68.8,74.25,74.25,35,411.81,1650,1050,09-JAN-2024,
OPTIDX,NIFTY,28-Mar-2024,24000,CE,47.85,48,39,40.15,40.15,1724,20726.15,590550,300,09-JAN-2024,
OPTIDX,NIFTY,28-Mar-2024,25000,CE,18,19.3,16.25,17.15,17.15,576,7205.14,274750,650,09-JAN-2024,
OPTIDX,NIFTY,28-Mar-2024,26000,CE,11.8,13,11.5,12.1,12.1,175,2276.07,141400,2400,09-JAN-2024,
OPTIDX,NIFTY,28-Mar-2024,27000,CE,8.75,8.75,8,8.2,8.2,70,945.28,13800,-550,09-JAN-2024,
OPTIDX,NIFTY,28-Mar-2024,14000,PE,5.2,5.2,4.25,4.9,4.9,3,21,100550,100,09-JAN-2024,
OPTIDX,NIFTY,28-Mar-2024,15000,PE,8.95,8.95,7.95,8.4,8.4,6,45.02,7150,50,09-JAN-2024,
OPTIDX,NIFTY,28-Mar-2024,16000,PE,11.4,11.8,10.8,11.6,11.6,259,2073.48,183350,-1750,09-JAN-2024,
OPTIDX,NIFTY,28-Mar-2024,17000,PE,13.85,14.7,12.5,14.2,14.2,653,5554.75,332200,-22800,09-JAN-2024,
OPTIDX,NIFTY,28-Mar-2024,18000,PE,18.95,19,15.25,16.9,16.9,1572,14161,891350,-18300,09-JAN-2024,
OPTIDX,NIFTY,28-Mar-2024,19000,PE,34.4,34.4,27.55,31,31,1770,16840.89,1290600,-10800,09-JAN-2024,
OPTIDX,NIFTY,28-Mar-2024,19750,PE,57.75,60,57.75,60,60,6,59.42,300,300,09-JAN-2024,
OPTIDX,NIFTY,28-Mar-2024,19800,PE,60.85,64.25,60.8,62.7,62.7,6,59.58,250,250,09-JAN-2024,
OPTIDX,NIFTY,28-Mar-2024,19850,PE,64.2,66.85,64.2,66.85,21.45,4,39.83,200,200,09-JAN-2024,
OPTIDX,NIFTY,28-Mar-2024,19900,PE,66.3,71.05,61,69.6,69.6,202,2016.69,8850,8850,09-JAN-2024,
OPTIDX,NIFTY,28-Mar-2024,19950,PE,0,0,0,52,26.6,0,0,0,0,09-JAN-2024,
OPTIDX,NIFTY,28-Mar-2024,20000,PE,80,84,70.95,82.55,82.55,3982,39971.31,2001400,26850,09-JAN-2024,
OPTIDX,NIFTY,28-Mar-2024,20050,PE,0,0,0,60.5,32.7,0,0,0,0,09-JAN-2024,
OPTIDX,NIFTY,28-Mar-2024,20100,PE,80.5,87.85,73.55,86.65,86.65,229,2310.83,17050,3050,09-JAN-2024,
OPTIDX,NIFTY,28-Mar-2024,20150,PE,0,0,0,96.7,40,0,0,2900,0,09-JAN-2024,
OPTIDX,NIFTY,28-Mar-2024,20200,PE,80,96.1,80,94.95,94.95,494,5010.57,42750,15500,09-JAN-2024,
OPTIDX,NIFTY,28-Mar-2024,20250,PE,0,0,0,51.1,48.5,0,0,100,0,09-JAN-2024,
OPTIDX,NIFTY,28-Mar-2024,20300,PE,0,0,0,86.8,53.3,0,0,0,0,09-JAN-2024,
OPTIDX,NIFTY,28-Mar-2024,20350,PE,96,112.8,96,112.8,58.5,21,214.72,3250,550,09-JAN-2024,
OPTIDX,NIFTY,28-Mar-2024,20400,PE,104.7,119.95,99.55,119.15,119.15,383,3926.88,47150,7300,09-JAN-2024,
OPTIDX,NIFTY,28-Mar-2024,20450,PE,0,0,0,139.05,70.05,0,0,2450,0,09-JAN-2024,
OPTIDX,NIFTY,28-Mar-2024,20500,PE,120,140,109.5,137.85,137.85,1837,18943.25,261950,15100,09-JAN-2024,
OPTIDX,NIFTY,28-Mar-2024,20550,PE,0,0,0,158.4,83.35,0,0,2750,0,09-JAN-2024,
OPTIDX,NIFTY,28-Mar-2024,20600,PE,131.1,150.9,123.35,148.55,148.55,453,4695.25,36800,5300,09-JAN-2024,
OPTIDX,NIFTY,28-Mar-2024,20650,PE,0,0,0,137.85,98.6,0,0,0,0,09-JAN-2024,
OPTIDX,NIFTY,28-Mar-2024,20700,PE,147.55,167.5,137.9,164,164,399,4159.19,40300,10900,09-JAN-2024,
OPTIDX,NIFTY,28-Mar-2024,20750,PE,0,0,0,155.95,115.9,0,0,0,0,09-JAN-2024,
OPTIDX,NIFTY,28-Mar-2024,20800,PE,162.95,186.5,154,182.2,182.2,250,2620.73,35050,2800,09-JAN-2024,
OPTIDX,NIFTY,28-Mar-2024,20850,PE,0,0,0,175.9,135.5,0,0,0,0,09-JAN-2024,
OPTIDX,NIFTY,28-Mar-2024,20900,PE,181.45,211.85,176,210.65,210.65,128,1349.83,30050,250,09-JAN-2024,
OPTIDX,NIFTY,28-Mar-2024,20950,PE,0,0,0,197.55,157.45,0,0,800,0,09-JAN-2024,
OPTIDX,NIFTY,28-Mar-2024,21000,PE,225.45,240,200,235.8,235.8,5713,60606.08,1660300,53600,09-JAN-2024,
OPTIDX,NIFTY,28-Mar-2024,21050,PE,241.05,241.05,241.05,241.05,241.05,1,10.64,400,-50,09-JAN-2024,
OPTIDX,NIFTY,28-Mar-2024,21100,PE,233.45,260.55,221,259.15,259.15,46,490.87,11800,700,09-JAN-2024,
OPTIDX,NIFTY,28-Mar-2024,21150,PE,243.95,257.4,243.95,257.4,209.1,2,21.4,1000,-50,09-JAN-2024,
OPTIDX,NIFTY,28-Mar-2024,21200,PE,255.7,286,243,282.4,282.4,113,1212.29,10600,1100,09-JAN-2024,
OPTIDX,NIFTY,28-Mar-2024,21250,PE,272.55,272.6,272.55,272.6,239.1,9,96.85,850,-100,09-JAN-2024,
OPTIDX,NIFTY,28-Mar-2024,21300,PE,279.85,315.45,268,311.8,311.8,156,1683.85,14050,600,09-JAN-2024,
OPTIDX,NIFTY,28-Mar-2024,21350,PE,315.8,315.8,291.3,291.3,272,3,32.48,350,0,09-JAN-2024,
OPTIDX,NIFTY,28-Mar-2024,21400,PE,305,345.6,293.8,340.65,340.65,58,629.87,6800,-150,09-JAN-2024,
OPTIDX,NIFTY,28-Mar-2024,21450,PE,319.2,361.5,319.15,358.6,358.6,15,163.45,300,100,09-JAN-2024,
OPTIDX,NIFTY,28-Mar-2024,21500,PE,336.05,381,324,375.3,375.3,2336,25514.95,144600,10200,09-JAN-2024,
OPTIDX,NIFTY,28-Mar-2024,21550,PE,355.25,355.25,345.1,345.1,346.85,3,32.85,250,-100,09-JAN-2024,
OPTIDX,NIFTY,28-Mar-2024,21600,PE,368.15,415,358.2,410.35,410.35,311,3417.29,12050,2800,09-JAN-2024,
OPTIDX,NIFTY,28-Mar-2024,21650,PE,400.4,415,379.6,410,388.95,32,352.58,1450,850,09-JAN-2024,
OPTIDX,NIFTY,28-Mar-2024,21700,PE,414.3,457.1,391,454.3,454.3,254,2809.12,13900,4600,09-JAN-2024,
OPTIDX,NIFTY,28-Mar-2024,21750,PE,426.55,445.4,422,445.35,434.25,14,155.26,150,-400,09-JAN-2024,
OPTIDX,NIFTY,28-Mar-2024,21800,PE,448.65,498.85,430,495.2,495.2,132,1468.83,9350,550,09-JAN-2024,
OPTIDX,NIFTY,28-Mar-2024,21850,PE,466.6,511.5,466.6,511.5,511.5,7,78.13,200,150,09-JAN-2024,
OPTIDX,NIFTY,28-Mar-2024,21900,PE,501.35,544.9,469.1,533.15,533.15,41,458.79,3400,850,09-JAN-2024,
OPTIDX,NIFTY,28-Mar-2024,21950,PE,541,554.1,541,554.1,554.1,3,33.74,1350,100,09-JAN-2024,
OPTIDX,NIFTY,28-Mar-2024,22000,PE,550,594.1,510.05,582.8,582.8,4196,47290.89,557250,13000,09-JAN-2024,
OPTIDX,NIFTY,28-Mar-2024,22050,PE,0,0,0,525.1,589,0,0,2900,0,09-JAN-2024,
OPTIDX,NIFTY,28-Mar-2024,22100,PE,569.55,629.1,549.6,624.4,617.5,31,351.6,850,350,09-JAN-2024,
OPTIDX,NIFTY,28-Mar-2024,22150,PE,0,0,0,696.55,646.8,0,0,50,0,09-JAN-2024,
OPTIDX,NIFTY,28-Mar-2024,22200,PE,619,672.9,600,672.9,676.85,16,182.52,1700,250,09-JAN-2024,
OPTIDX,NIFTY,28-Mar-2024,22250,PE,0,0,0,678.2,707.6,0,0,0,0,09-JAN-2024,
OPTIDX,NIFTY,28-Mar-2024,22300,PE,715,750,657.7,750,750,16,183.87,2850,100,09-JAN-2024,
OPTIDX,NIFTY,28-Mar-2024,22350,PE,0,0,0,707.4,771.4,0,0,100,0,09-JAN-2024,
OPTIDX,NIFTY,28-Mar-2024,22400,PE,750,810,725,804.25,804.25,12,139.08,5400,200,09-JAN-2024,
OPTIDX,NIFTY,28-Mar-2024,22450,PE,0,0,0,787.5,838,0,0,0,0,09-JAN-2024,
OPTIDX,NIFTY,28-Mar-2024,22500,PE,810,882,768.65,872.85,872.85,659,7688.97,65600,11150,09-JAN-2024,
OPTIDX,NIFTY,28-Mar-2024,22550,PE,0,0,0,845.6,907.3,0,0,0,0,09-JAN-2024,
OPTIDX,NIFTY,28-Mar-2024,22600,PE,921.1,926.1,921.1,926.1,942.95,4,47.04,400,100,09-JAN-2024,
OPTIDX,NIFTY,28-Mar-2024,22650,PE,0,0,0,906,979.25,0,0,0,0,09-JAN-2024,
OPTIDX,NIFTY,28-Mar-2024,22700,PE,968.2,990.25,897.2,974.05,1016.1,31,366.23,1650,-150,09-JAN-2024,
OPTIDX,NIFTY,28-Mar-2024,22750,PE,0,0,0,915.25,1053.6,0,0,100,0,09-JAN-2024,
OPTIDX,NIFTY,28-Mar-2024,22800,PE,0,0,0,1000.75,1091.7,0,0,0,0,09-JAN-2024,
OPTIDX,NIFTY,28-Mar-2024,22850,PE,0,0,0,1092.4,1130.35,0,0,900,0,09-JAN-2024,
OPTIDX,NIFTY,28-Mar-2024,22900,PE,0,0,0,1109.2,1169.55,0,0,1550,0,09-JAN-2024,
OPTIDX,NIFTY,28-Mar-2024,22950,PE,0,0,0,1100.35,1209.25,0,0,0,0,09-JAN-2024,
OPTIDX,NIFTY,28-Mar-2024,23000,PE,1185.05,1235.1,1094.1,1217.5,1217.5,262,3164.57,103150,150,09-JAN-2024,
OPTIDX,NIFTY,28-Mar-2024,23050,PE,0,0,0,1027.8,1290.2,0,0,300,0,09-JAN-2024,
OPTIDX,NIFTY,28-Mar-2024,23100,PE,0,0,0,1204.5,1331.4,0,0,0,0,09-JAN-2024,
OPTIDX,NIFTY,28-Mar-2024,23150,PE,0,0,0,1152.45,1373.05,0,0,50,0,09-JAN-2024,
OPTIDX,NIFTY,28-Mar-2024,23200,PE,1298.15,1299.3,1298.15,1299.3,1415.1,2,24.49,100,100,09-JAN-2024,
OPTIDX,NIFTY,28-Mar-2024,23250,PE,1344.1,1344.1,1340.2,1340.2,1457.65,2,24.59,100,100,09-JAN-2024,
OPTIDX,NIFTY,28-Mar-2024,23300,PE,0,0,0,1488.7,1500.55,0,0,150,0,09-JAN-2024,
OPTIDX,NIFTY,28-Mar-2024,23350,PE,0,0,0,1388.8,1543.8,0,0,0,0,09-JAN-2024,
OPTIDX,NIFTY,28-Mar-2024,23400,PE,0,0,0,1425.9,1587.5,0,0,0,0,09-JAN-2024,
OPTIDX,NIFTY,28-Mar-2024,23450,PE,0,0,0,1464.3,1631.5,0,0,0,0,09-JAN-2024,
OPTIDX,NIFTY,28-Mar-2024,24000,PE,2037.2,2100.85,1942.3,2092.75,2092.75,142,1846.43,216400,50,09-JAN-2024,
OPTIDX,NIFTY,28-Mar-2024,25000,PE,2945.05,3050,2870,3050,3050,97,1353.99,403250,-750,09-JAN-2024,
OPTIDX,NIFTY,28-Mar-2024,26000,PE,0,0,0,3823.55,4078.5,0,0,4950,0,09-JAN-2024,
OPTIDX,NIFTY,28-Mar-2024,27000,PE,0,0,0,4800,5063.6,0,0,200,0,09-JAN-2024,
OPTIDX,NIFTY,27-Jun-2024,15000,CE,0,0,0,4599.25,7009.1,0,0,50,0,09-JAN-2024,
OPTIDX,NIFTY,27-Jun-2024,17000,CE,0,0,0,5010.65,5071.25,0,0,50,0,09-JAN-2024,
OPTIDX,NIFTY,27-Jun-2024,18000,CE,0,0,0,4000,4104.85,0,0,18750,0,09-JAN-2024,
OPTIDX,NIFTY,27-Jun-2024,18500,CE,0,0,0,3685,3625.35,0,0,2575,0,09-JAN-2024,
OPTIDX,NIFTY,27-Jun-2024,19000,CE,3157,3157,3157,3157,3157,1,11.07,105800,-50,09-JAN-2024,
OPTIDX,NIFTY,27-Jun-2024,20000,CE,2410,2468,2310,2318,2318,44,492.59,150750,950,09-JAN-2024,
OPTIDX,NIFTY,27-Jun-2024,21000,CE,1659.95,1722,1590,1601.1,1601.1,173,1960.96,336200,-3150,09-JAN-2024,
OPTIDX,NIFTY,27-Jun-2024,22000,CE,1016.4,1080.55,977,984.5,984.5,936,10774.18,312900,6100,09-JAN-2024,
OPTIDX,NIFTY,27-Jun-2024,23000,CE,549.9,584.9,523.95,531.3,531.3,995,11720.15,567150,9700,09-JAN-2024,
OPTIDX,NIFTY,27-Jun-2024,24000,CE,255,265,228.4,232.9,232.9,607,7358.03,153900,10300,09-JAN-2024,
OPTIDX,NIFTY,27-Jun-2024,25000,CE,111,114.3,100.15,104.7,104.7,273,3427.06,88900,-5500,09-JAN-2024,
OPTIDX,NIFTY,27-Jun-2024,26000,CE,61,64.95,58.1,61.7,61.7,34,443.06,11550,650,09-JAN-2024,
OPTIDX,NIFTY,27-Jun-2024,27000,CE,0,0,0,331.6,6.65,0,0,0,0,09-JAN-2024,
OPTIDX,NIFTY,27-Jun-2024,14000,PE,0,0,0,3.05,0.05,0,0,7275,0,09-JAN-2024,
OPTIDX,NIFTY,27-Jun-2024,15000,PE,0,0,0,3.05,0.05,0,0,12425,0,09-JAN-2024,
OPTIDX,NIFTY,27-Jun-2024,16000,PE,3.05,3.05,3.05,3.05,0.05,58,464.08,37950,0,09-JAN-2024,
OPTIDX,NIFTY,27-Jun-2024,17000,PE,0,0,0,12.85,0.25,0,0,126400,0,09-JAN-2024,
OPTIDX,NIFTY,27-Jun-2024,18000,PE,60.05,67.8,58.5,66.2,66.2,241,2176.49,365650,1100,09-JAN-2024,
OPTIDX,NIFTY,27-Jun-2024,19000,PE,112.05,136,111.1,131.15,131.15,733,7007.77,704500,8150,09-JAN-2024,
OPTIDX,NIFTY,27-Jun-2024,20000,PE,228.5,256.85,223,253.85,253.85,1561,15794.79,1020850,14350,09-JAN-2024,
OPTIDX,NIFTY,27-Jun-2024,21000,PE,430,483,420.3,474.05,474.05,1222,13102.89,605150,20550,09-JAN-2024,
OPTIDX,NIFTY,27-Jun-2024,22000,PE,800,834.2,743,825.7,825.7,999,11379.42,605650,12800,09-JAN-2024,
OPTIDX,NIFTY,27-Jun-2024,23000,PE,1235.2,1330,1201.65,1315.8,1315.8,181,2194.25,111450,3200,09-JAN-2024,
OPTIDX,NIFTY,27-Jun-2024,24000,PE,1900,1914.95,1844,1914.95,1894.05,14,181.1,8650,350,09-JAN-2024,
OPTIDX,NIFTY,27-Jun-2024,25000,PE,0,0,0,7199.55,2750.3,0,0,0,0,09-JAN-2024,
OPTIDX,NIFTY,27-Jun-2024,26000,PE,0,0,0,8015.6,3673.3,0,0,0,0,09-JAN-2024,
OPTIDX,NIFTY,27-Jun-2024,27000,PE,0,0,0,8206,4626.15,0,0,0,0,09-JAN-2024,
OPTIDX,NIFTY,26-Sep-2024,17000,CE,0,0,0,3800.4,5347.6,0,0,0,0,09-JAN-2024,
OPTIDX,NIFTY,26-Sep-2024,18000,CE,0,0,0,2994.95,4402.55,0,0,0,0,09-JAN-2024,
OPTIDX,NIFTY,26-Sep-2024,19000,CE,0,0,0,2277.4,3479,0,0,0,0,09-JAN-2024,
OPTIDX,NIFTY,26-Sep-2024,20000,CE,0,0,0,1666.45,2607.8,0,0,0,0,09-JAN-2024,
OPTIDX,NIFTY,26-Sep-2024,21000,CE,0,0,0,1173.8,1833.1,0,0,0,0,09-JAN-2024,
OPTIDX,NIFTY,26-Sep-2024,22000,CE,1340,1340,1265.55,1265.55,1197.15,7,81.61,4400,350,09-JAN-2024,
OPTIDX,NIFTY,26-Sep-2024,23000,CE,0,0,0,521.15,722.1,0,0,0,0,09-JAN-2024,
OPTIDX,NIFTY,26-Sep-2024,24000,CE,396.2,396.2,396.2,396.2,401.25,2,24.39,100,100,09-JAN-2024,
OPTIDX,NIFTY,26-Sep-2024,25000,CE,260,260,260,260,205.45,1,12.63,1000,50,09-JAN-2024,
OPTIDX,NIFTY,26-Sep-2024,26000,CE,121,121,121,121,97.2,1,13.06,700,0,09-JAN-2024,
OPTIDX,NIFTY,26-Sep-2024,27000,CE,0,0,0,68.7,42.65,0,0,0,0,09-JAN-2024,
OPTIDX,NIFTY,26-Sep-2024,17000,PE,0,0,0,103.7,1.7,0,0,0,0,09-JAN-2024,
OPTIDX,NIFTY,26-Sep-2024,18000,PE,0,0,0,229.25,9.5,0,0,0,0,09-JAN-2024,
OPTIDX,NIFTY,26-Sep-2024,19000,PE,0,0,0,239.55,38.85,0,0,2850,0,09-JAN-2024,
OPTIDX,NIFTY,26-Sep-2024,20000,PE,0,0,0,762.75,120.55,0,0,0,0,09-JAN-2024,
OPTIDX,NIFTY,26-Sep-2024,21000,PE,0,0,0,1201.1,298.75,0,0,0,0,09-JAN-2024,
OPTIDX,NIFTY,26-Sep-2024,22000,PE,0,0,0,1754.25,615.65,0,0,0,0,09-JAN-2024,
OPTIDX,NIFTY,26-Sep-2024,23000,PE,0,0,0,1055,1093.45,0,0,50,0,09-JAN-2024,
OPTIDX,NIFTY,26-Sep-2024,24000,PE,0,0,0,3149.25,1725.5,0,0,0,0,09-JAN-2024,
OPTIDX,NIFTY,26-Sep-2024,25000,PE,0,0,0,3952.4,2482.6,0,0,0,0,09-JAN-2024,
OPTIDX,NIFTY,26-Sep-2024,26000,PE,0,0,0,4801.5,3327.25,0,0,0,0,09-JAN-2024,
OPTIDX,NIFTY,26-Sep-2024,27000,PE,0,0,0,5681.95,4225.55,0,0,0,0,09-JAN-2024,
OPTIDX,NIFTY,26-Dec-2024,14000,CE,0,0,0,8599,8427.15,0,0,100,0,09-JAN-2024,
OPTIDX,NIFTY,26-Dec-2024,15000,CE,0,0,0,7100,7490.3,0,0,2100,0,09-JAN-2024,
OPTIDX,NIFTY,26-Dec-2024,16000,CE,0,0,0,6399,6553.95,0,0,22100,0,09-JAN-2024,
OPTIDX,NIFTY,26-Dec-2024,17000,CE,0,0,0,5470,5620.45,0,0,21400,0,09-JAN-2024,
OPTIDX,NIFTY,26-Dec-2024,18000,CE,0,0,0,4621,4696.65,0,0,25950,0,09-JAN-2024,
OPTIDX,NIFTY,26-Dec-2024,18500,CE,0,0,0,3400,4242.85,0,0,1000,0,09-JAN-2024,
OPTIDX,NIFTY,26-Dec-2024,19000,CE,3810,3850,3805,3814.95,3814.95,5,57.04,69500,0,09-JAN-2024,
OPTIDX,NIFTY,26-Dec-2024,20000,CE,3044.1,3136.85,3000,3000.25,3000.25,13,149.93,77000,200,09-JAN-2024,
OPTIDX,NIFTY,26-Dec-2024,21000,CE,2359,2419.25,2280,2284.4,2284.4,25,291.92,126950,-350,09-JAN-2024,
OPTIDX,NIFTY,26-Dec-2024,22000,CE,1685.9,1736.5,1628.5,1637.55,1637.55,234,2770.86,133100,2500,09-JAN-2024,
OPTIDX,NIFTY,26-Dec-2024,23000,CE,1150.05,1171.5,1067.35,1078.3,1078.3,198,2388.79,155600,1750,09-JAN-2024,
OPTIDX,NIFTY,26-Dec-2024,24000,CE,694.45,715.95,655,656.2,656.2,75,925.92,123100,1450,09-JAN-2024,
OPTIDX,NIFTY,26-Dec-2024,25000,CE,400,416.25,377,379.25,379.25,159,2019.5,162600,2000,09-JAN-2024,
OPTIDX,NIFTY,26-Dec-2024,26000,CE,249,253.5,239,239,218.7,60,787.42,53200,0,09-JAN-2024,
OPTIDX,NIFTY,26-Dec-2024,27000,CE,135,148.6,135,135.05,135.05,25,339.29,26650,600,09-JAN-2024,
OPTIDX,NIFTY,26-Dec-2024,14000,PE,0,0,0,20.5,0.05,0,0,3300,0,09-JAN-2024,
OPTIDX,NIFTY,26-Dec-2024,15000,PE,0,0,0,12.7,0.1,0,0,28300,0,09-JAN-2024,
OPTIDX,NIFTY,26-Dec-2024,16000,PE,0,0,0,33.45,0.75,0,0,13400,0,09-JAN-2024,
OPTIDX,NIFTY,26-Dec-2024,17000,PE,70,86.55,69.05,78,78,186,1588.18,74000,-1450,09-JAN-2024,
OPTIDX,NIFTY,26-Dec-2024,18000,PE,116.65,145,112.55,137.05,137.05,832,7544.14,256300,24100,09-JAN-2024,
OPTIDX,NIFTY,26-Dec-2024,19000,PE,198.95,217.05,192,212.7,212.7,391,3753.57,432950,-7950,09-JAN-2024,
OPTIDX,NIFTY,26-Dec-2024,20000,PE,320,355,317,344.55,344.55,509,5173.89,509150,-3100,09-JAN-2024,
OPTIDX,NIFTY,26-Dec-2024,21000,PE,533.45,567.5,514.15,559.4,559.4,1347,14502.07,696000,39000,09-JAN-2024,
OPTIDX,NIFTY,26-Dec-2024,22000,PE,840,843.1,786.5,836.35,836.35,343,3912.12,215550,4950,09-JAN-2024,
OPTIDX,NIFTY,26-Dec-2024,23000,PE,1162.05,1226.15,1147.4,1221.9,1221.9,154,1861.83,78100,2550,09-JAN-2024,
OPTIDX,NIFTY,26-Dec-2024,24000,PE,1661.5,1755,1648.6,1747.5,1747.5,78,1001.87,16150,1550,09-JAN-2024,
OPTIDX,NIFTY,26-Dec-2024,25000,PE,2304.3,2399.9,2300,2399.9,2266.45,8,109.31,8050,150,09-JAN-2024,
OPTIDX,NIFTY,26-Dec-2024,26000,PE,0,0,0,7636.7,3035.25,0,0,0,0,09-JAN-2024,
OPTIDX,NIFTY,26-Dec-2024,27000,PE,0,0,0,4500,3870.95,0,0,50,0,09-JAN-2024,
OPTIDX,NIFTY,26-Jun-2025,17000,CE,0,0,0,4165.5,6154.15,0,0,2750,0,09-JAN-2024,
OPTIDX,NIFTY,26-Jun-2025,18000,CE,0,0,0,3934,5269.3,0,0,2200,0,09-JAN-2024,
OPTIDX,NIFTY,26-Jun-2025,19000,CE,0,0,0,3077.9,4411.35,0,0,0,0,09-JAN-2024,
OPTIDX,NIFTY,26-Jun-2025,20000,CE,0,0,0,3180.85,3598.95,0,0,0,0,09-JAN-2024,
OPTIDX,NIFTY,26-Jun-2025,21000,CE,0,0,0,3199.45,2853.35,0,0,0,0,09-JAN-2024,
OPTIDX,NIFTY,26-Jun-2025,22000,CE,0,0,0,2088.15,2193.95,0,0,0,0,09-JAN-2024,
OPTIDX,NIFTY,26-Jun-2025,23000,CE,0,0,0,2003.65,1634.1,0,0,0,0,09-JAN-2024,
OPTIDX,NIFTY,26-Jun-2025,24000,CE,0,0,0,1100.85,1178.6,0,0,0,0,09-JAN-2024,
OPTIDX,NIFTY,26-Jun-2025,25000,CE,0,0,0,945.65,823.4,0,0,0,0,09-JAN-2024,
OPTIDX,NIFTY,26-Jun-2025,26000,CE,0,0,0,811.85,557.75,0,0,0,0,09-JAN-2024,
OPTIDX,NIFTY,26-Jun-2025,27000,CE,0,0,0,803.5,366.8,0,0,0,0,09-JAN-2024,
OPTIDX,NIFTY,26-Jun-2025,14000,PE,0,0,0,42.35,0.1,0,0,675,0,09-JAN-2024,
OPTIDX,NIFTY,26-Jun-2025,15000,PE,0,0,0,134,0.65,0,0,1800,0,09-JAN-2024,
OPTIDX,NIFTY,26-Jun-2025,16000,PE,0,0,0,129.2,2.95,0,0,100,0,09-JAN-2024,
OPTIDX,NIFTY,26-Jun-2025,17000,PE,0,0,0,3497.35,10.7,0,0,0,0,09-JAN-2024,
OPTIDX,NIFTY,26-Jun-2025,18000,PE,0,0,0,3586.15,31.85,0,0,0,0,09-JAN-2024,
OPTIDX,NIFTY,26-Jun-2025,19000,PE,0,0,0,3210.95,79.85,0,0,0,0,09-JAN-2024,
OPTIDX,NIFTY,26-Jun-2025,20000,PE,0,0,0,305.2,173.4,0,0,400,0,09-JAN-2024,
OPTIDX,NIFTY,26-Jun-2025,21000,PE,0,0,0,3070.85,333.75,0,0,0,0,09-JAN-2024,
OPTIDX,NIFTY,26-Jun-2025,22000,PE,0,0,0,3957.4,580.35,0,0,0,0,09-JAN-2024,
OPTIDX,NIFTY,26-Jun-2025,23000,PE,0,0,0,1170,926.45,0,0,0,0,09-JAN-2024,
OPTIDX,NIFTY,26-Jun-2025,24000,PE,0,0,0,5875.1,1376.9,0,0,0,0,09-JAN-2024,
OPTIDX,NIFTY,26-Jun-2025,25000,PE,0,0,0,6576.35,1927.7,0,0,0,0,09-JAN-2024,
OPTIDX,NIFTY,26-Jun-2025,26000,PE,0,0,0,7299,2568.05,0,0,0,0,09-JAN-2024,
OPTIDX,NIFTY,26-Jun-2025,27000,PE,0,0,0,7438.15,3283,0,0,0,0,09-JAN-2024,
OPTIDX,NIFTY,24-Dec-2025,16000,CE,0,0,0,4700,7532.3,0,0,50,0,09-JAN-2024,
OPTIDX,NIFTY,24-Dec-2025,17000,CE,0,0,0,5080,6667.25,0,0,650,0,09-JAN-2024,
OPTIDX,NIFTY,24-Dec-2025,18000,CE,0,0,0,6099.95,5816.55,0,0,5650,0,09-JAN-2024,
OPTIDX,NIFTY,24-Dec-2025,19000,CE,0,0,0,4401,4991.15,0,0,3200,0,09-JAN-2024,
OPTIDX,NIFTY,24-Dec-2025,19500,CE,0,0,0,3672.95,4592.2,0,0,1250,0,09-JAN-2024,
OPTIDX,NIFTY,24-Dec-2025,20000,CE,0,0,0,3210,4205,0,0,300,0,09-JAN-2024,
OPTIDX,NIFTY,24-Dec-2025,21000,CE,0,0,0,1400,3473.15,0,0,100,0,09-JAN-2024,
OPTIDX,NIFTY,24-Dec-2025,22000,CE,0,0,0,2450,2809.55,0,0,450,0,09-JAN-2024,
OPTIDX,NIFTY,24-Dec-2025,23000,CE,0,0,0,2170,2224.65,0,0,2150,0,09-JAN-2024,
OPTIDX,NIFTY,24-Dec-2025,24000,CE,0,0,0,1396.05,1724.15,0,0,0,0,09-JAN-2024,
OPTIDX,NIFTY,24-Dec-2025,25000,CE,0,0,0,1222.85,1308.2,0,0,0,0,09-JAN-2024,
OPTIDX,NIFTY,24-Dec-2025,26000,CE,0,0,0,1070.85,972.4,0,0,0,0,09-JAN-2024,
OPTIDX,NIFTY,24-Dec-2025,27000,CE,0,0,0,1071,708.6,0,0,0,0,09-JAN-2024,
OPTIDX,NIFTY,24-Dec-2025,13000,PE,0,0,0,400,0.05,0,0,150,0,09-JAN-2024,
OPTIDX,NIFTY,24-Dec-2025,15000,PE,0,0,0,62.15,1.6,0,0,1100,0,09-JAN-2024,
OPTIDX,NIFTY,24-Dec-2025,16000,PE,0,0,0,79,5.7,0,0,2550,0,09-JAN-2024,
OPTIDX,NIFTY,24-Dec-2025,16500,PE,0,0,0,38.15,10,0,0,2600,0,09-JAN-2024,
OPTIDX,NIFTY,24-Dec-2025,17000,PE,0,0,0,155.05,16.8,0,0,2400,0,09-JAN-2024,
OPTIDX,NIFTY,24-Dec-2025,18000,PE,0,0,0,60.55,42.25,0,0,3600,0,09-JAN-2024,
OPTIDX,NIFTY,24-Dec-2025,19000,PE,0,0,0,620.05,93,0,0,3800,0,09-JAN-2024,
OPTIDX,NIFTY,24-Dec-2025,20000,PE,0,0,0,500,183,0,0,4800,0,09-JAN-2024,
OPTIDX,NIFTY,24-Dec-2025,21000,PE,0,0,0,701,327.3,0,0,3200,0,09-JAN-2024,
OPTIDX,NIFTY,24-Dec-2025,22000,PE,1015.95,1016.9,950,1006.95,539.8,4,45.99,2150,-100,09-JAN-2024,
OPTIDX,NIFTY,24-Dec-2025,23000,PE,0,0,0,4249.5,831.1,0,0,0,0,09-JAN-2024,
OPTIDX,NIFTY,24-Dec-2025,24000,PE,0,0,0,5649,1206.7,0,0,0,0,09-JAN-2024,
OPTIDX,NIFTY,24-Dec-2025,25000,PE,0,0,0,6310.55,1666.95,0,0,0,0,09-JAN-2024,
OPTIDX,NIFTY,24-Dec-2025,26000,PE,0,0,0,6993.25,2207.25,0,0,0,0,09-JAN-2024,
OPTIDX,NIFTY,24-Dec-2025,27000,PE,0,0,0,7112.8,2819.6,0,0,0,0,09-JAN-2024,
OPTIDX,NIFTY,25-Jun-2026,12000,CE,0,0,0,8690,11381,0,0,50,0,09-JAN-2024,
OPTIDX,NIFTY,25-Jun-2026,17000,CE,0,0,0,4348.25,7167.7,0,0,0,0,09-JAN-2024,
OPTIDX,NIFTY,25-Jun-2026,18000,CE,0,0,0,4150,6348,0,0,200,0,09-JAN-2024,
OPTIDX,NIFTY,25-Jun-2026,19000,CE,0,0,0,2872.25,5551.25,0,0,100,0,09-JAN-2024,
OPTIDX,NIFTY,25-Jun-2026,20000,CE,0,0,0,3829.5,4788.1,0,0,0,0,09-JAN-2024,
OPTIDX,NIFTY,25-Jun-2026,21000,CE,0,0,0,3881.9,4069.9,0,0,0,0,09-JAN-2024,
OPTIDX,NIFTY,25-Jun-2026,22000,CE,0,0,0,2722.55,3407.35,0,0,0,0,09-JAN-2024,
OPTIDX,NIFTY,25-Jun-2026,23000,CE,0,0,0,2645.65,2808.9,0,0,0,0,09-JAN-2024,
OPTIDX,NIFTY,25-Jun-2026,24000,CE,0,0,0,1698.3,2280.05,0,0,0,0,09-JAN-2024,
OPTIDX,NIFTY,25-Jun-2026,25000,CE,0,0,0,1510.4,1822.75,0,0,0,0,09-JAN-2024,
OPTIDX,NIFTY,25-Jun-2026,26000,CE,0,0,0,1343.15,1435.8,0,0,0,0,09-JAN-2024,
OPTIDX,NIFTY,25-Jun-2026,27000,CE,0,0,0,1352.8,1114.95,0,0,0,0,09-JAN-2024,
OPTIDX,NIFTY,25-Jun-2026,12000,PE,0,0,0,10.05,0.05,0,0,500,0,09-JAN-2024,
OPTIDX,NIFTY,25-Jun-2026,13000,PE,0,0,0,45.25,0.15,0,0,200,0,09-JAN-2024,
OPTIDX,NIFTY,25-Jun-2026,14000,PE,0,0,0,300,0.75,0,0,100,0,09-JAN-2024,
OPTIDX,NIFTY,25-Jun-2026,15000,PE,0,0,0,105.5,2.8,0,0,850,0,09-JAN-2024,
OPTIDX,NIFTY,25-Jun-2026,16000,PE,0,0,0,54.8,8.4,0,0,500,0,09-JAN-2024,
OPTIDX,NIFTY,25-Jun-2026,17000,PE,0,0,0,2627.25,21.65,0,0,0,0,09-JAN-2024,
OPTIDX,NIFTY,25-Jun-2026,18000,PE,0,0,0,3088.05,48.95,0,0,0,0,09-JAN-2024,
OPTIDX,NIFTY,25-Jun-2026,19000,PE,0,0,0,1000,99.15,0,0,50,0,09-JAN-2024,
OPTIDX,NIFTY,25-Jun-2026,20000,PE,0,0,0,3159.75,183,0,0,0,0,09-JAN-2024,
OPTIDX,NIFTY,25-Jun-2026,21000,PE,0,0,0,3065.6,311.8,0,0,0,0,09-JAN-2024,
OPTIDX,NIFTY,25-Jun-2026,22000,PE,0,0,0,3829.5,496.25,0,0,0,0,09-JAN-2024,
OPTIDX,NIFTY,25-Jun-2026,23000,PE,0,0,0,4171.75,744.8,0,0,0,0,09-JAN-2024,
OPTIDX,NIFTY,25-Jun-2026,24000,PE,0,0,0,5437.7,1062.9,0,0,0,0,09-JAN-2024,
OPTIDX,NIFTY,25-Jun-2026,25000,PE,0,0,0,6063.1,1452.65,0,0,0,0,09-JAN-2024,
OPTIDX,NIFTY,25-Jun-2026,26000,PE,0,0,0,6709.2,1912.6,0,0,0,0,09-JAN-2024,
OPTIDX,NIFTY,25-Jun-2026,27000,PE,0,0,0,6810.7,2438.75,0,0,0,0,09-JAN-2024,
OPTIDX,NIFTY,31-Dec-2026,16000,CE,0,0,0,6200,8469.2,0,0,50,0,09-JAN-2024,
OPTIDX,NIFTY,31-Dec-2026,17000,CE,0,0,0,4955.1,7665.7,0,0,0,0,09-JAN-2024,
OPTIDX,NIFTY,31-Dec-2026,18000,CE,0,0,0,4501.45,6875.4,0,0,0,0,09-JAN-2024,
OPTIDX,NIFTY,31-Dec-2026,19000,CE,0,0,0,4999,6105.45,0,0,200,0,09-JAN-2024,
OPTIDX,NIFTY,31-Dec-2026,20000,CE,0,0,0,3704.3,5364.3,0,0,0,0,09-JAN-2024,
OPTIDX,NIFTY,31-Dec-2026,21000,CE,0,0,0,3356.25,4660.7,0,0,0,0,09-JAN-2024,
OPTIDX,NIFTY,31-Dec-2026,22000,CE,0,0,0,3039,4003.05,0,0,0,0,09-JAN-2024,
OPTIDX,NIFTY,31-Dec-2026,23000,CE,0,0,0,2020,3398.4,0,0,500,0,09-JAN-2024,
OPTIDX,NIFTY,31-Dec-2026,24000,CE,0,0,0,2010.65,2851.75,0,0,0,0,09-JAN-2024,
OPTIDX,NIFTY,31-Dec-2026,25000,CE,0,0,0,1811.2,2365.8,0,0,0,0,09-JAN-2024,
OPTIDX,NIFTY,31-Dec-2026,26000,CE,0,0,0,1631.05,1940.95,0,0,0,0,09-JAN-2024,
OPTIDX,NIFTY,31-Dec-2026,27000,CE,0,0,0,1651.65,1575.4,0,0,0,0,09-JAN-2024,
OPTIDX,NIFTY,31-Dec-2026,12000,PE,0,0,0,250.1,0.05,0,0,600,0,09-JAN-2024,
OPTIDX,NIFTY,31-Dec-2026,13000,PE,0,0,0,450,0.35,0,0,200,0,09-JAN-2024,
OPTIDX,NIFTY,31-Dec-2026,14000,PE,0,0,0,500,1.25,0,0,950,0,09-JAN-2024,
OPTIDX,NIFTY,31-Dec-2026,15000,PE,0,0,0,118.9,4,0,0,2200,0,09-JAN-2024,
OPTIDX,NIFTY,31-Dec-2026,16000,PE,0,0,0,73.05,10.7,0,0,2450,0,09-JAN-2024,
OPTIDX,NIFTY,31-Dec-2026,17000,PE,0,0,0,177.55,25.1,0,0,2700,0,09-JAN-2024,
OPTIDX,NIFTY,31-Dec-2026,18000,PE,0,0,0,374.15,52.65,0,0,6350,0,09-JAN-2024,
OPTIDX,NIFTY,31-Dec-2026,19000,PE,0,0,0,450,100.65,0,0,3200,0,09-JAN-2024,
OPTIDX,NIFTY,31-Dec-2026,20000,PE,0,0,0,701,177.35,0,0,3800,0,09-JAN-2024,
OPTIDX,NIFTY,31-Dec-2026,21000,PE,0,0,0,771.7,291.65,0,0,450,0,09-JAN-2024,
OPTIDX,NIFTY,31-Dec-2026,22000,PE,0,0,0,609.65,451.9,0,0,100,0,09-JAN-2024,
OPTIDX,NIFTY,31-Dec-2026,23000,PE,0,0,0,1151,665.15,0,0,5700,0,09-JAN-2024,
OPTIDX,NIFTY,31-Dec-2026,24000,PE,0,0,0,5233.45,936.4,0,0,0,0,09-JAN-2024,
OPTIDX,NIFTY,31-Dec-2026,25000,PE,0,0,0,5825.75,1268.35,0,0,0,0,09-JAN-2024,
OPTIDX,NIFTY,31-Dec-2026,26000,PE,0,0,0,6437.4,1661.4,0,0,0,0,09-JAN-2024,
OPTIDX,NIFTY,31-Dec-2026,27000,PE,0,0,0,6522.3,2113.75,0,0,0,0,09-JAN-2024,
OPTIDX,NIFTY,24-Jun-2027,17000,CE,0,0,0,4464.7,8110.5,0,0,0,0,09-JAN-2024,
OPTIDX,NIFTY,24-Jun-2027,18000,CE,0,0,0,4066.45,7345.6,0,0,0,0,09-JAN-2024,
OPTIDX,NIFTY,24-Jun-2027,19000,CE,0,0,0,3701.25,6598.9,0,0,100,0,09-JAN-2024,
OPTIDX,NIFTY,24-Jun-2027,20000,CE,0,0,0,3367.05,5877.15,0,0,0,0,09-JAN-2024,
OPTIDX,NIFTY,24-Jun-2027,21000,CE,0,0,0,3061.8,5187.6,0,0,0,0,09-JAN-2024,
OPTIDX,NIFTY,24-Jun-2027,22000,CE,0,0,0,2783.5,4537.05,0,0,0,0,09-JAN-2024,
OPTIDX,NIFTY,24-Jun-2027,23000,CE,0,0,0,2530.05,3931.5,0,0,0,0,09-JAN-2024,
OPTIDX,NIFTY,24-Jun-2027,24000,CE,0,0,0,2299.55,3375.45,0,0,0,0,09-JAN-2024,
OPTIDX,NIFTY,24-Jun-2027,25000,CE,0,0,0,2090.05,2871.9,0,0,0,0,09-JAN-2024,
OPTIDX,NIFTY,24-Jun-2027,26000,CE,0,0,0,1900.85,2422,0,0,0,0,09-JAN-2024,
OPTIDX,NIFTY,24-Jun-2027,27000,CE,0,0,0,1932.5,2025.25,0,0,0,0,09-JAN-2024,
OPTIDX,NIFTY,24-Jun-2027,17000,PE,0,0,0,1814.75,27.1,0,0,0,0,09-JAN-2024,
OPTIDX,NIFTY,24-Jun-2027,18000,PE,0,0,0,2188.9,54.05,0,0,0,0,09-JAN-2024,
OPTIDX,NIFTY,24-Jun-2027,19000,PE,0,0,0,223.05,99.2,0,0,200,0,09-JAN-2024,
OPTIDX,NIFTY,24-Jun-2027,20000,PE,0,0,0,3034.2,169.3,0,0,0,0,09-JAN-2024,
OPTIDX,NIFTY,24-Jun-2027,21000,PE,0,0,0,3501.35,271.6,0,0,0,0,09-JAN-2024,
OPTIDX,NIFTY,24-Jun-2027,22000,PE,0,0,0,3995.4,412.9,0,0,0,0,09-JAN-2024,
OPTIDX,NIFTY,24-Jun-2027,23000,PE,0,0,0,4514.3,599.2,0,0,0,0,09-JAN-2024,
OPTIDX,NIFTY,24-Jun-2027,24000,PE,0,0,0,5056.2,835,0,0,0,0,09-JAN-2024,
OPTIDX,NIFTY,24-Jun-2027,25000,PE,0,0,0,5619.05,1123.3,0,0,0,0,09-JAN-2024,
OPTIDX,NIFTY,24-Jun-2027,26000,PE,0,0,0,6202.2,1465.25,0,0,0,0,09-JAN-2024,
OPTIDX,NIFTY,24-Jun-2027,27000,PE,0,0,0,6273.45,1860.3,0,0,0,0,09-JAN-2024,
OPTIDX,NIFTY,30-Dec-2027,17000,CE,0,0,0,6805.5,8574,0,0,0,0,09-JAN-2024,
OPTIDX,NIFTY,30-Dec-2027,18000,CE,0,0,0,6285.7,7835.1,0,0,0,0,09-JAN-2024,
OPTIDX,NIFTY,30-Dec-2027,19000,CE,0,0,0,5794.9,7112.2,0,0,0,0,09-JAN-2024,
OPTIDX,NIFTY,30-Dec-2027,20000,CE,0,0,0,5333.85,6410.85,0,0,0,0,09-JAN-2024,
OPTIDX,NIFTY,30-Dec-2027,21000,CE,0,0,0,4902.4,5736.95,0,0,0,0,09-JAN-2024,
OPTIDX,NIFTY,30-Dec-2027,22000,CE,0,0,0,4499.55,5096.1,0,0,0,0,09-JAN-2024,
OPTIDX,NIFTY,30-Dec-2027,23000,CE,0,0,0,4125.7,4493.3,0,0,0,0,09-JAN-2024,
OPTIDX,NIFTY,30-Dec-2027,24000,CE,0,0,0,3778.95,3932.7,0,0,0,0,09-JAN-2024,
OPTIDX,NIFTY,30-Dec-2027,25000,CE,0,0,0,3458.35,3417.15,0,0,0,0,09-JAN-2024,
OPTIDX,NIFTY,30-Dec-2027,26000,CE,0,0,0,3162.4,2948.25,0,0,0,0,09-JAN-2024,
OPTIDX,NIFTY,30-Dec-2027,27000,CE,0,0,0,2889.8,2526.4,0,0,0,0,09-JAN-2024,
OPTIDX,NIFTY,30-Dec-2027,15000,PE,0,0,0,86.75,5.8,0,0,350,0,09-JAN-2024,
OPTIDX,NIFTY,30-Dec-2027,17000,PE,0,0,0,514,28.2,0,0,14250,0,09-JAN-2024,
OPTIDX,NIFTY,30-Dec-2027,18000,PE,0,0,0,74.8,54,0,0,10500,0,09-JAN-2024,
OPTIDX,NIFTY,30-Dec-2027,19000,PE,0,0,0,760,95.75,0,0,700,0,09-JAN-2024,
OPTIDX,NIFTY,30-Dec-2027,20000,PE,0,0,0,811,159.05,0,0,2350,0,09-JAN-2024,
OPTIDX,NIFTY,30-Dec-2027,21000,PE,0,0,0,1563.55,249.75,0,0,0,0,09-JAN-2024,
OPTIDX,NIFTY,30-Dec-2027,22000,PE,0,0,0,1867.9,373.55,0,0,0,0,09-JAN-2024,
OPTIDX,NIFTY,30-Dec-2027,23000,PE,0,0,0,2201.3,535.45,0,0,0,0,09-JAN-2024,
OPTIDX,NIFTY,30-Dec-2027,24000,PE,0,0,0,2561.85,739.45,0,0,0,0,09-JAN-2024,
OPTIDX,NIFTY,30-Dec-2027,25000,PE,0,0,0,2948.45,988.6,0,0,0,0,09-JAN-2024,
OPTIDX,NIFTY,30-Dec-2027,26000,PE,0,0,0,3359.75,1284.35,0,0,0,0,09-JAN-2024,
OPTIDX,NIFTY,30-Dec-2027,27000,PE,0,0,0,3794.4,1627.15,0,0,0,0,09-JAN-2024,
OPTIDX,NIFTY,29-Jun-2028,17000,CE,0,0,0,7393.45,9004.55,0,0,0,0,09-JAN-2024,
OPTIDX,NIFTY,29-Jun-2028,18000,CE,0,0,0,6809.35,8289.5,0,0,0,0,09-JAN-2024,
OPTIDX,NIFTY,29-Jun-2028,19000,CE,0,0,0,6252.25,7588.6,0,0,0,0,09-JAN-2024,
OPTIDX,NIFTY,29-Jun-2028,20000,CE,0,0,0,5724.65,6906.5,0,0,0,0,09-JAN-2024,
OPTIDX,NIFTY,29-Jun-2028,21000,CE,0,0,0,5226.55,6248,0,0,0,0,09-JAN-2024,
OPTIDX,NIFTY,29-Jun-2028,22000,CE,0,0,0,4759.5,5617.95,0,0,0,0,09-JAN-2024,
OPTIDX,NIFTY,29-Jun-2028,23000,CE,0,0,0,4323.1,5020.6,0,0,0,0,09-JAN-2024,
OPTIDX,NIFTY,29-Jun-2028,24000,CE,0,0,0,3918.85,4459.55,0,0,0,0,09-JAN-2024,
OPTIDX,NIFTY,29-Jun-2028,25000,CE,0,0,0,3545.15,3937.7,0,0,0,0,09-JAN-2024,
OPTIDX,NIFTY,29-Jun-2028,26000,CE,0,0,0,3200.9,3456.7,0,0,0,0,09-JAN-2024,
OPTIDX,NIFTY,29-Jun-2028,27000,CE,0,0,0,2885.15,3017.4,0,0,0,0,09-JAN-2024,
OPTIDX,NIFTY,29-Jun-2028,17000,PE,0,0,0,283.1,28.5,0,0,0,0,09-JAN-2024,
OPTIDX,NIFTY,29-Jun-2028,18000,PE,0,0,0,396.75,52.8,0,0,0,0,09-JAN-2024,
OPTIDX,NIFTY,29-Jun-2028,19000,PE,0,0,0,537.45,91.25,0,0,0,0,09-JAN-2024,
OPTIDX,NIFTY,29-Jun-2028,20000,PE,0,0,0,707.55,148.5,0,0,0,0,09-JAN-2024,
OPTIDX,NIFTY,29-Jun-2028,21000,PE,0,0,0,907.2,229.35,0,0,0,0,09-JAN-2024,
OPTIDX,NIFTY,29-Jun-2028,22000,PE,0,0,0,1137.9,338.65,0,0,0,0,09-JAN-2024,
OPTIDX,NIFTY,29-Jun-2028,23000,PE,0,0,0,1399.25,480.6,0,0,0,0,09-JAN-2024,
OPTIDX,NIFTY,29-Jun-2028,24000,PE,0,0,0,1692.75,658.95,0,0,0,0,09-JAN-2024,
OPTIDX,NIFTY,29-Jun-2028,25000,PE,0,0,0,2016.8,876.4,0,0,0,0,09-JAN-2024,
OPTIDX,NIFTY,29-Jun-2028,26000,PE,0,0,0,2370.3,1134.75,0,0,0,0,09-JAN-2024,
OPTIDX,NIFTY,29-Jun-2028,27000,PE,0,0,0,2752.35,1434.85,0,0,0,0,09-JAN-2024,
OPTIDX,NIFTY,28-Dec-2028,17000,CE,0,0,0,10036.4,9420.25,0,0,0,0,09-JAN-2024,
OPTIDX,NIFTY,28-Dec-2028,18000,CE,0,0,0,9380.3,8728.1,0,0,0,0,09-JAN-2024,
OPTIDX,NIFTY,28-Dec-2028,19000,CE,0,0,0,8739,8048.45,0,0,0,0,09-JAN-2024,
OPTIDX,NIFTY,28-Dec-2028,20000,CE,0,0,0,8115.5,7385.2,0,0,0,0,09-JAN-2024,
OPTIDX,NIFTY,28-Dec-2028,21000,CE,0,0,0,7512.5,6742.45,0,0,0,0,09-JAN-2024,
OPTIDX,NIFTY,28-Dec-2028,22000,CE,0,0,0,6932.45,6124.25,0,0,0,0,09-JAN-2024,
OPTIDX,NIFTY,28-Dec-2028,23000,CE,0,0,0,6377.6,5534.35,0,0,0,0,09-JAN-2024,
OPTIDX,NIFTY,28-Dec-2028,24000,CE,0,0,0,5850.3,4975.95,0,0,0,0,09-JAN-2024,
OPTIDX,NIFTY,28-Dec-2028,25000,CE,0,0,0,5350.4,4451.6,0,0,0,0,09-JAN-2024,
OPTIDX,NIFTY,28-Dec-2028,26000,CE,0,0,0,4879.7,3963.2,0,0,0,0,09-JAN-2024,
OPTIDX,NIFTY,28-Dec-2028,27000,CE,0,0,0,4437.95,3511.8,0,0,0,0,09-JAN-2024,
OPTIDX,NIFTY,28-Dec-2028,17000,PE,0,0,0,66.15,28.25,0,0,0,0,09-JAN-2024,
OPTIDX,NIFTY,28-Dec-2028,18000,PE,0,0,0,104.65,50.95,0,0,0,0,09-JAN-2024,
OPTIDX,NIFTY,28-Dec-2028,19000,PE,0,0,0,158,86.15,0,0,0,0,09-JAN-2024,
OPTIDX,NIFTY,28-Dec-2028,20000,PE,0,0,0,229.1,137.8,0,0,0,0,09-JAN-2024,
OPTIDX,NIFTY,28-Dec-2028,21000,PE,0,0,0,320.7,209.95,0,0,0,0,09-JAN-2024,
OPTIDX,NIFTY,28-Dec-2028,22000,PE,0,0,0,435.3,306.6,0,0,0,0,09-JAN-2024,
OPTIDX,NIFTY,28-Dec-2028,23000,PE,0,0,0,575.05,431.55,0,0,0,0,09-JAN-2024,
OPTIDX,NIFTY,28-Dec-2028,24000,PE,0,0,0,742.35,588.05,0,0,0,0,09-JAN-2024,
OPTIDX,NIFTY,28-Dec-2028,25000,PE,0,0,0,937.05,778.55,0,0,0,0,09-JAN-2024,
OPTIDX,NIFTY,28-Dec-2028,26000,PE,0,0,0,1160.95,1005.05,0,0,0,0,09-JAN-2024,
OPTIDX,NIFTY,28-Dec-2028,27000,PE,0,0,0,1413.85,1268.5,0,0,0,0,09-JAN-2024,
