INSTRUMENT,SYMBOL,EXPIRY_DT,STRIKE_PR,OPTION_TYP,OPEN,HIGH,LOW,CLOSE,SETTLE_PR,CONTRACTS,VAL_INLAKH,OPEN_INT,CHG_IN_OI,TIMESTAMP,
FUTIDX,NIFTY,25-Jan-2024,0,XX,21758.1,21773.8,21627,21678.45,21678.45,113071,1226784.82,11717550,229250,11-JAN-2024,
FUTIDX,NIFTY,29-Feb-2024,0,XX,21884,21909.4,21768.35,21819.6,21819.6,7543,82365.05,1263150,72650,11-JAN-2024,
FUTIDX,NIFTY,28-Mar-2024,0,XX,22018.8,22029.85,21900,21944.5,21944.5,1985,21802.43,275550,14350,11-JAN-2024,
OPTIDX,NIFTY,11-Jan-2024,19400,CE,2260,2265,2205,2250.35,21647.2,28,303.16,600,-1200,11-JAN-2024,
OPTIDX,NIFTY,11-Jan-2024,19450,CE,0,0,0,2260,21647.2,0,0,100,0,11-JAN-2024,
OPTIDX,NIFTY,11-Jan-2024,19500,CE,2250.1,2250.1,2100,2146.15,21647.2,259,2804.24,3400,-9500,11-JAN-2024,
OPTIDX,NIFTY,11-Jan-2024,19550,CE,0,0,0,1507.85,21647.2,0,0,0,0,11-JAN-2024,
OPTIDX,NIFTY,11-Jan-2024,19600,CE,2070,2071.5,2000,2048.7,21647.2,21,227.33,650,-500,11-JAN-2024,
OPTIDX,NIFTY,11-Jan-2024,19650,CE,2002.95,2002.95,2002.95,2002.95,21647.2,9,97.43,1800,0,11-JAN-2024,
OPTIDX,NIFTY,11-Jan-2024,19700,CE,1990,1990.05,1904.45,1947,21647.2,62,671.25,1300,-1750,11-JAN-2024,
OPTIDX,NIFTY,11-Jan-2024,19750,CE,1893,1911.15,1885.6,1889.8,21647.2,40,432.82,3200,-700,11-JAN-2024,
OPTIDX,NIFTY,11-Jan-2024,19800,CE,1905,1905,1804.4,1840.9,21647.2,112,1211.93,850,-3700,11-JAN-2024,
OPTIDX,NIFTY,11-Jan-2024,19850,CE,1793.3,1796.1,1787.25,1791.8,21647.2,12,129.85,50,0,11-JAN-2024,
OPTIDX,NIFTY,11-Jan-2024,19900,CE,1795,1795,1725,1748.65,21647.2,202,2187.73,700,-9300,11-JAN-2024,
OPTIDX,NIFTY,11-Jan-2024,19950,CE,1745,1745,1699.1,1715.6,21647.2,90,975.07,1800,-2750,11-JAN-2024,
OPTIDX,NIFTY,11-Jan-2024,20000,CE,1700,1700.25,1598.45,1647.65,21647.2,1362,14745.01,23750,-46200,11-JAN-2024,
OPTIDX,NIFTY,11-Jan-2024,20050,CE,1640,1640,1568.85,1568.9,21647.2,32,346.58,1200,-400,11-JAN-2024,
OPTIDX,NIFTY,11-Jan-2024,20100,CE,1564,1565,1545,1547.95,21647.2,21,227.39,550,-550,11-JAN-2024,
OPTIDX,NIFTY,11-Jan-2024,20150,CE,1520,1525,1495,1495,21647.2,13,140.83,500,-150,11-JAN-2024,
OPTIDX,NIFTY,11-Jan-2024,20200,CE,1485,1485,1390,1445,21647.2,134,1450.08,1850,-4400,11-JAN-2024,
OPTIDX,NIFTY,11-Jan-2024,20250,CE,1393.3,1393.3,1389.25,1391.3,21647.2,6,64.92,0,0,11-JAN-2024,
OPTIDX,NIFTY,11-Jan-2024,20300,CE,1400,1400,1293.7,1346.75,21647.2,67,725.58,550,-2500,11-JAN-2024,
OPTIDX,NIFTY,11-Jan-2024,20350,CE,1318.25,1318.25,1293,1293,21647.2,8,86.64,450,-100,11-JAN-2024,
OPTIDX,NIFTY,11-Jan-2024,20400,CE,1250,1265,1204,1248.5,21647.2,38,411.4,1050,-1250,11-JAN-2024,
OPTIDX,NIFTY,11-Jan-2024,20450,CE,1251,1251,1142.85,1200.35,21647.2,117,1267.46,1250,-3800,11-JAN-2024,
OPTIDX,NIFTY,11-Jan-2024,20500,CE,1210,1210,1096.1,1146.5,21647.2,1355,14670.2,8300,-57750,11-JAN-2024,
OPTIDX,NIFTY,11-Jan-2024,20550,CE,1120,1120,1085.5,1090,21647.2,53,573.65,900,-200,11-JAN-2024,
OPTIDX,NIFTY,11-Jan-2024,20600,CE,1072,1076.65,1001.3,1047.05,21647.2,419,4536.44,5000,-11250,11-JAN-2024,
OPTIDX,NIFTY,11-Jan-2024,20650,CE,1020,1020,950.2,989.7,21647.2,56,606.35,1650,800,11-JAN-2024,
OPTIDX,NIFTY,11-Jan-2024,20700,CE,982,986.9,888.25,944.2,21647.2,125,1353.35,4050,-2250,11-JAN-2024,
OPTIDX,NIFTY,11-Jan-2024,20750,CE,950,950,850.35,895.05,21647.2,104,1126.1,2050,-2800,11-JAN-2024,
OPTIDX,NIFTY,11-Jan-2024,20800,CE,893.15,913.2,793.9,844.6,21647.2,681,7373.33,19600,-12400,11-JAN-2024,
OPTIDX,NIFTY,11-Jan-2024,20850,CE,855,855,762,795.2,21647.2,140,1515.72,5050,-3000,11-JAN-2024,
OPTIDX,NIFTY,11-Jan-2024,20900,CE,813.65,813.7,691.8,744.2,21647.2,5326,57689.81,203900,-103050,11-JAN-2024,
OPTIDX,NIFTY,11-Jan-2024,20950,CE,710,715.7,650.6,695.05,21647.2,201,2175.06,8600,-1800,11-JAN-2024,
OPTIDX,NIFTY,11-Jan-2024,21000,CE,705,715.8,589.75,646.45,21647.2,13963,151214.49,364650,-151700,11-JAN-2024,
OPTIDX,NIFTY,11-Jan-2024,21050,CE,613.5,659.25,544.45,591.45,21647.2,258,2792.41,2250,-1450,11-JAN-2024,
OPTIDX,NIFTY,11-Jan-2024,21100,CE,602.3,614.35,494.35,543.4,21647.2,1976,21394.83,21100,-26200,11-JAN-2024,
OPTIDX,NIFTY,11-Jan-2024,21150,CE,549.05,561.25,441.1,489.95,21647.2,864,9354.06,5550,-8950,11-JAN-2024,
OPTIDX,NIFTY,11-Jan-2024,21200,CE,517,518.5,389,444.45,21647.2,3934,42579.76,32850,-40650,11-JAN-2024,
OPTIDX,NIFTY,11-Jan-2024,21250,CE,465.35,468.55,340.8,392.05,21647.2,1676,18145.22,20800,-11000,11-JAN-2024,
OPTIDX,NIFTY,11-Jan-2024,21300,CE,390,447,287.1,345.25,21647.2,32821,355456.83,82350,-279900,11-JAN-2024,
OPTIDX,NIFTY,11-Jan-2024,21350,CE,360.85,366.65,238.5,294.3,21647.2,11003,119112.39,77250,-48200,11-JAN-2024,
OPTIDX,NIFTY,11-Jan-2024,21400,CE,300,321,187.85,244.4,21647.2,84324,912858.83,221450,-286200,11-JAN-2024,
OPTIDX,NIFTY,11-Jan-2024,21450,CE,259.55,272.25,138.75,194.2,21647.2,124383,1346360.19,163300,-147150,11-JAN-2024,
OPTIDX,NIFTY,11-Jan-2024,21500,CE,200.05,223.55,91.2,144.5,21647.2,1063139,11510760.54,715050,-2884400,11-JAN-2024,
OPTIDX,NIFTY,11-Jan-2024,21550,CE,133,175,48.25,94.5,21647.2,2168086,23466936.66,1373150,-736700,11-JAN-2024,
OPTIDX,NIFTY,11-Jan-2024,21600,CE,101.25,129.35,15.8,44.8,21647.2,13062266,141415466.61,7907950,2441550,11-JAN-2024,
OPTIDX,NIFTY,11-Jan-2024,21650,CE,75,90,0.05,1.75,21647.2,48436408,524648257.96,33660850,27974850,11-JAN-2024,
OPTIDX,NIFTY,11-Jan-2024,21700,CE,55,55,0.05,0.25,21647.2,40715248,441951687.46,27488350,16918750,11-JAN-2024,
OPTIDX,NIFTY,11-Jan-2024,21750,CE,20.7,29.9,0.05,0.15,21647.2,20239258,220162192.14,9699450,2674500,11-JAN-2024,
OPTIDX,NIFTY,11-Jan-2024,21800,CE,6.9,13.85,0.05,0.1,21647.2,12832197,139892685.33,9902850,-2290000,11-JAN-2024,
OPTIDX,NIFTY,11-Jan-2024,21850,CE,3.1,5.15,0.05,0.1,21647.2,6746786,73714464.06,6144300,-1372000,11-JAN-2024,
OPTIDX,NIFTY,11-Jan-2024,21900,CE,2.5,2.7,0.05,0.1,21647.2,5480655,60015924.35,11174000,2721350,11-JAN-2024,
OPTIDX,NIFTY,11-Jan-2024,21950,CE,1.15,2.5,0.05,0.1,21647.2,3333441,36585676.98,8804150,3793900,11-JAN-2024,
OPTIDX,NIFTY,11-Jan-2024,22000,CE,0.8,0.85,0.05,0.1,21647.2,3181221,34994307.59,14570000,2779050,11-JAN-2024,
OPTIDX,NIFTY,11-Jan-2024,22050,CE,0.55,0.75,0.05,0.1,21647.2,1143362,12605847.69,5840500,3149800,11-JAN-2024,
OPTIDX,NIFTY,11-Jan-2024,22100,CE,0.5,0.7,0.05,0.1,21647.2,1561173,17251306.7,9497350,3628200,11-JAN-2024,
OPTIDX,NIFTY,11-Jan-2024,22150,CE,0.5,0.7,0.05,0.1,21647.2,1083068,11995223.43,8464200,6531250,11-JAN-2024,
OPTIDX,NIFTY,11-Jan-2024,22200,CE,0.35,0.7,0.05,0.05,21647.2,1284630,14259655.48,8158650,1853350,11-JAN-2024,
OPTIDX,NIFTY,11-Jan-2024,22250,CE,0.4,0.7,0.05,0.05,21647.2,662949,7375441.97,3362900,2002500,11-JAN-2024,
OPTIDX,NIFTY,11-Jan-2024,22300,CE,0.4,0.6,0.05,0.05,21647.2,844508,9416406.55,4533750,438400,11-JAN-2024,
OPTIDX,NIFTY,11-Jan-2024,22350,CE,0.35,0.6,0.05,0.05,21647.2,341939,3821230.53,1433350,506700,11-JAN-2024,
OPTIDX,NIFTY,11-Jan-2024,22400,CE,0.35,0.55,0.05,0.05,21647.2,416688,4666968.59,2532200,164850,11-JAN-2024,
OPTIDX,NIFTY,11-Jan-2024,22450,CE,0.3,0.55,0.05,0.05,21647.2,181469,2037017.83,866400,143100,11-JAN-2024,
OPTIDX,NIFTY,11-Jan-2024,22500,CE,0.35,0.5,0.05,0.05,21647.2,732160,8236878.45,5228750,493400,11-JAN-2024,
OPTIDX,NIFTY,11-Jan-2024,22550,CE,0.3,0.5,0.05,0.05,21647.2,112729,1271032.21,591800,46150,11-JAN-2024,
OPTIDX,NIFTY,11-Jan-2024,22600,CE,0.25,0.4,0.05,0.05,21647.2,199161,2250540.16,1357850,-241800,11-JAN-2024,
OPTIDX,NIFTY,11-Jan-2024,22650,CE,0.25,0.4,0.05,0.05,21647.2,113624,1286802.81,1129450,707750,11-JAN-2024,
OPTIDX,NIFTY,11-Jan-2024,22700,CE,0.3,0.3,0.05,0.05,21647.2,165356,1876805.23,1174800,-118700,11-JAN-2024,
OPTIDX,NIFTY,11-Jan-2024,22750,CE,0.25,0.3,0.05,0.05,21647.2,60169,684427.66,304250,86000,11-JAN-2024,
OPTIDX,NIFTY,11-Jan-2024,22800,CE,0.15,0.25,0.05,0.05,21647.2,278016,3169402.25,2618600,1614950,11-JAN-2024,
OPTIDX,NIFTY,11-Jan-2024,22850,CE,0.25,0.25,0.05,0.05,21647.2,40610,463972.75,327750,109900,11-JAN-2024,
OPTIDX,NIFTY,11-Jan-2024,22900,CE,0.3,0.3,0.05,0.05,21647.2,121703,1393508,764600,297150,11-JAN-2024,
OPTIDX,NIFTY,11-Jan-2024,22950,CE,0.2,0.25,0.05,0.05,21647.2,14581,167318.03,118450,-14550,11-JAN-2024,
OPTIDX,NIFTY,11-Jan-2024,23000,CE,0.2,0.25,0.05,0.05,21647.2,208328,2395786.36,3045250,-1417750,11-JAN-2024,
OPTIDX,NIFTY,11-Jan-2024,23050,CE,0.1,0.25,0.05,0.05,21647.2,15768,181727.22,238050,-7900,11-JAN-2024,
OPTIDX,NIFTY,11-Jan-2024,23100,CE,0.15,0.25,0.05,0.05,21647.2,40559,468459.31,636000,-28700,11-JAN-2024,
OPTIDX,NIFTY,11-Jan-2024,23150,CE,0.15,0.3,0.05,0.05,21647.2,9113,105483.5,131950,-7850,11-JAN-2024,
OPTIDX,NIFTY,11-Jan-2024,23200,CE,0.2,0.2,0.05,0.05,21647.2,29338,340322.38,742150,-69250,11-JAN-2024,
OPTIDX,NIFTY,11-Jan-2024,23250,CE,0.15,0.2,0.05,0.05,21647.2,10836,125969.02,378100,800,11-JAN-2024,
OPTIDX,NIFTY,11-Jan-2024,23300,CE,0.2,0.25,0.05,0.05,21647.2,88872,1035363.01,1723850,-480850,11-JAN-2024,
OPTIDX,NIFTY,11-Jan-2024,23350,CE,0.2,0.3,0.05,0.1,21647.2,7188,83920.33,62850,-19950,11-JAN-2024,
OPTIDX,NIFTY,11-Jan-2024,23400,CE,0.25,0.25,0.05,0.05,21647.2,29852,349270.55,140250,-328150,11-JAN-2024,
OPTIDX,NIFTY,11-Jan-2024,23450,CE,0.25,0.25,0.05,0.05,21647.2,22188,260155.8,331200,43700,11-JAN-2024,
OPTIDX,NIFTY,11-Jan-2024,19400,PE,0.4,0.4,0.05,0.05,21647.2,149219,1447431.99,1584350,-1517800,11-JAN-2024,
OPTIDX,NIFTY,11-Jan-2024,19450,PE,0.35,0.35,0.05,0.1,21647.2,19585,190465.14,127350,-174750,11-JAN-2024,
OPTIDX,NIFTY,11-Jan-2024,19500,PE,0.3,0.3,0.05,0.05,21647.2,125628,1224879.54,1449150,-1187300,11-JAN-2024,
OPTIDX,NIFTY,11-Jan-2024,19550,PE,0.2,0.35,0.05,0.05,21647.2,3961,38719.05,72400,-16850,11-JAN-2024,
OPTIDX,NIFTY,11-Jan-2024,19600,PE,0.3,0.3,0.05,0.05,21647.2,16172,158486.56,334600,-23350,11-JAN-2024,
OPTIDX,NIFTY,11-Jan-2024,19650,PE,0.3,0.3,0.05,0.05,21647.2,6844,67242.74,49450,-14050,11-JAN-2024,
OPTIDX,NIFTY,11-Jan-2024,19700,PE,0.2,0.3,0.05,0.1,21647.2,9290,91506.97,131600,-7850,11-JAN-2024,
OPTIDX,NIFTY,11-Jan-2024,19750,PE,0.35,0.4,0.05,0.05,21647.2,7541,74467.89,46600,-37300,11-JAN-2024,
OPTIDX,NIFTY,11-Jan-2024,19800,PE,0.3,0.3,0.05,0.05,21647.2,5095,50440.79,58350,-34000,11-JAN-2024,
OPTIDX,NIFTY,11-Jan-2024,19850,PE,0.25,0.3,0.05,0.1,21647.2,4795,47590.67,28100,-63150,11-JAN-2024,
OPTIDX,NIFTY,11-Jan-2024,19900,PE,0.3,0.3,0.05,0.05,21647.2,5131,51053.77,98650,8550,11-JAN-2024,
OPTIDX,NIFTY,11-Jan-2024,19950,PE,0.3,0.3,0.05,0.1,21647.2,6422,64059.9,35150,-43600,11-JAN-2024,
OPTIDX,NIFTY,11-Jan-2024,20000,PE,0.25,0.3,0.05,0.05,21647.2,67024,670244.69,1183100,-497400,11-JAN-2024,
OPTIDX,NIFTY,11-Jan-2024,20050,PE,0.3,0.35,0.05,0.05,21647.2,7285,73032.6,32050,-67500,11-JAN-2024,
OPTIDX,NIFTY,11-Jan-2024,20100,PE,0.35,0.35,0.05,0.05,21647.2,13020,130851.99,165650,2400,11-JAN-2024,
OPTIDX,NIFTY,11-Jan-2024,20150,PE,0.3,0.3,0.05,0.05,21647.2,7113,71663.98,30550,-20500,11-JAN-2024,
OPTIDX,NIFTY,11-Jan-2024,20200,PE,0.15,0.3,0.05,0.1,21647.2,15625,157813.82,210450,-140550,11-JAN-2024,
OPTIDX,NIFTY,11-Jan-2024,20250,PE,0.3,0.55,0.05,0.1,21647.2,11959,121085.73,64600,-63150,11-JAN-2024,
OPTIDX,NIFTY,11-Jan-2024,20300,PE,0.4,0.4,0.05,0.05,21647.2,27315,277249.56,255050,-180000,11-JAN-2024,
OPTIDX,NIFTY,11-Jan-2024,20350,PE,0.4,0.4,0.05,0.1,21647.2,14397,146490.7,126750,-23800,11-JAN-2024,
OPTIDX,NIFTY,11-Jan-2024,20400,PE,0.3,0.3,0.05,0.1,21647.2,45607,465195.54,253650,-205250,11-JAN-2024,
OPTIDX,NIFTY,11-Jan-2024,20450,PE,0.35,0.35,0.05,0.1,21647.2,36947,377785.99,126300,-43950,11-JAN-2024,
OPTIDX,NIFTY,11-Jan-2024,20500,PE,0.35,0.4,0.05,0.1,21647.2,267397,2740842.46,2275200,-1325050,11-JAN-2024,
OPTIDX,NIFTY,11-Jan-2024,20550,PE,0.45,0.45,0.05,0.1,21647.2,36930,379458.89,105000,-131550,11-JAN-2024,
OPTIDX,NIFTY,11-Jan-2024,20600,PE,0.4,0.4,0.05,0.05,21647.2,260329,2681410.87,2996300,1950400,11-JAN-2024,
OPTIDX,NIFTY,11-Jan-2024,20650,PE,0.45,0.45,0.05,0.1,21647.2,49368,509729.33,344100,74700,11-JAN-2024,
OPTIDX,NIFTY,11-Jan-2024,20700,PE,0.3,0.4,0.05,0.05,21647.2,220480,2281989.49,1950150,37700,11-JAN-2024,
OPTIDX,NIFTY,11-Jan-2024,20750,PE,0.5,0.5,0.05,0.1,21647.2,112256,1164667.89,599600,-115800,11-JAN-2024,
OPTIDX,NIFTY,11-Jan-2024,20800,PE,0.45,0.45,0.05,0.05,21647.2,285057,2964627.36,2261450,-1167750,11-JAN-2024,
OPTIDX,NIFTY,11-Jan-2024,20850,PE,0.45,0.45,0.05,0.05,21647.2,214030,2231290.94,1044000,291450,11-JAN-2024,
OPTIDX,NIFTY,11-Jan-2024,20900,PE,0.5,0.5,0.05,0.1,21647.2,333128,3481237.09,2040700,-1298850,11-JAN-2024,
OPTIDX,NIFTY,11-Jan-2024,20950,PE,0.55,0.6,0.05,0.1,21647.2,333491,3493372.96,1231650,292000,11-JAN-2024,
OPTIDX,NIFTY,11-Jan-2024,21000,PE,0.75,0.75,0.05,0.05,21647.2,1510528,15860800.46,8274300,-1752650,11-JAN-2024,
OPTIDX,NIFTY,11-Jan-2024,21050,PE,0.65,0.65,0.05,0.1,21647.2,877115,9231813.92,3121450,1570700,11-JAN-2024,
OPTIDX,NIFTY,11-Jan-2024,21100,PE,0.8,0.8,0.05,0.1,21647.2,1358682,14334378.6,6139050,1252900,11-JAN-2024,
OPTIDX,NIFTY,11-Jan-2024,21150,PE,1,1,0.05,0.1,21647.2,1283107,13569149.21,4966200,995350,11-JAN-2024,
OPTIDX,NIFTY,11-Jan-2024,21200,PE,0.8,1,0.05,0.1,21647.2,2156823,22862858.19,7633450,1381200,11-JAN-2024,
OPTIDX,NIFTY,11-Jan-2024,21250,PE,1.7,1.7,0.05,0.1,21647.2,1876336,19936587.08,3559800,-110700,11-JAN-2024,
OPTIDX,NIFTY,11-Jan-2024,21300,PE,1.5,1.5,0.05,0.1,21647.2,3708668,39498596.52,8244900,3087600,11-JAN-2024,
OPTIDX,NIFTY,11-Jan-2024,21350,PE,2.4,2.4,0.05,0.1,21647.2,4456606,47576285.78,5471400,1153900,11-JAN-2024,
OPTIDX,NIFTY,11-Jan-2024,21400,PE,1.45,2.8,0.05,0.15,21647.2,6848942,73287806.58,6530850,-876800,11-JAN-2024,
OPTIDX,NIFTY,11-Jan-2024,21450,PE,3.6,4.9,0.05,0.15,21647.2,7653036,82085413.69,5808750,-307400,11-JAN-2024,
OPTIDX,NIFTY,11-Jan-2024,21500,PE,8.8,8.8,0.05,0.2,21647.2,13815847,148538887.94,9655150,-3625300,11-JAN-2024,
OPTIDX,NIFTY,11-Jan-2024,21550,PE,11.8,16.9,0.05,0.35,21647.2,17896259,192871609.24,7131400,1737700,11-JAN-2024,
OPTIDX,NIFTY,11-Jan-2024,21600,PE,19,30,0.05,0.8,21647.2,40775141,440522050.37,21959500,13336000,11-JAN-2024,
OPTIDX,NIFTY,11-Jan-2024,21650,PE,36,67.8,2.65,6.6,21647.2,45200717,489657425.93,16947350,13027950,11-JAN-2024,
OPTIDX,NIFTY,11-Jan-2024,21700,PE,40,115.75,30.55,55.95,21647.2,16059849,174670319.94,5527400,1320850,11-JAN-2024,
OPTIDX,NIFTY,11-Jan-2024,21750,PE,102,165,57.3,105.85,21647.2,3579424,39090274.77,532800,-385700,11-JAN-2024,
OPTIDX,NIFTY,11-Jan-2024,21800,PE,141,214.6,92.3,155.95,21647.2,1655499,18158949.03,388250,-717650,11-JAN-2024,
OPTIDX,NIFTY,11-Jan-2024,21850,PE,154.55,264.15,135.5,206.05,21647.2,281436,3100574.54,132700,-37950,11-JAN-2024,
OPTIDX,NIFTY,11-Jan-2024,21900,PE,201.3,314.25,183.25,255.8,21647.2,154164,1706176.35,126450,-215550,11-JAN-2024,
OPTIDX,NIFTY,11-Jan-2024,21950,PE,238.6,363.75,234.75,305.6,21647.2,18626,207130.93,69550,-43200,11-JAN-2024,
OPTIDX,NIFTY,11-Jan-2024,22000,PE,300.05,413.65,282.5,354.8,21647.2,44722,499388.58,233650,-83200,11-JAN-2024,
OPTIDX,NIFTY,11-Jan-2024,22050,PE,336.75,460.3,334.65,407.15,21647.2,1224,13733.25,18450,-5950,11-JAN-2024,
OPTIDX,NIFTY,11-Jan-2024,22100,PE,383.7,512.5,381.9,453.25,21647.2,2355,26536.88,33000,-9100,11-JAN-2024,
OPTIDX,NIFTY,11-Jan-2024,22150,PE,440.2,556.5,440.2,505.6,21647.2,492,5571.08,4850,-850,11-JAN-2024,
OPTIDX,NIFTY,11-Jan-2024,22200,PE,494.1,611.5,485.55,556,21647.2,2484,28248.84,24350,-51050,11-JAN-2024,
OPTIDX,NIFTY,11-Jan-2024,22250,PE,610.75,610.75,601.45,605.5,21647.2,5,57.13,3700,0,11-JAN-2024,
OPTIDX,NIFTY,11-Jan-2024,22300,PE,594.75,699,588.6,656.3,21647.2,451,5175.37,5700,-5600,11-JAN-2024,
OPTIDX,NIFTY,11-Jan-2024,22350,PE,658.85,746.1,645.75,700.5,21647.2,19,218.96,7050,-450,11-JAN-2024,
OPTIDX,NIFTY,11-Jan-2024,22400,PE,687.6,794.8,687.55,757.45,21647.2,86,995.69,3000,-950,11-JAN-2024,
OPTIDX,NIFTY,11-Jan-2024,22450,PE,799.2,799.2,779,779,21647.2,2,23.23,150,50,11-JAN-2024,
OPTIDX,NIFTY,11-Jan-2024,22500,PE,799.25,905.25,786.95,857,21647.2,430,5018.8,9800,-4500,11-JAN-2024,
OPTIDX,NIFTY,11-Jan-2024,22550,PE,0,0,0,1005.6,21647.2,0,0,150,0,11-JAN-2024,
OPTIDX,NIFTY,11-Jan-2024,22600,PE,950,973,943.9,955.7,21647.2,28,329.86,1700,150,11-JAN-2024,
OPTIDX,NIFTY,11-Jan-2024,22650,PE,978.2,1021.25,978.2,1009.8,21647.2,15,177.41,250,200,11-JAN-2024,
OPTIDX,NIFTY,11-Jan-2024,22700,PE,1115.6,1115.6,1115.6,1115.6,21647.2,1,11.9,1050,50,11-JAN-2024,
OPTIDX,NIFTY,11-Jan-2024,22750,PE,1103.8,1111.6,1103.8,1106.8,21647.2,15,178.92,900,-100,11-JAN-2024,
OPTIDX,NIFTY,11-Jan-2024,22800,PE,0,0,0,1757.8,21647.2,0,0,0,0,11-JAN-2024,
OPTIDX,NIFTY,11-Jan-2024,22850,PE,0,0,0,1805.6,21647.2,0,0,0,0,11-JAN-2024,
OPTIDX,NIFTY,11-Jan-2024,22900,PE,1260.05,1261.5,1240,1259.45,21647.2,8,96.62,350,0,11-JAN-2024,
OPTIDX,NIFTY,11-Jan-2024,22950,PE,1278.05,1311.75,1252.65,1307.1,21647.2,8,96.98,150,150,11-JAN-2024,
OPTIDX,NIFTY,11-Jan-2024,23000,PE,1300,1380,1300,1357.65,21647.2,117,1423.76,7300,-1000,11-JAN-2024,
OPTIDX,NIFTY,11-Jan-2024,23050,PE,0,0,0,1998.5,21647.2,0,0,0,0,11-JAN-2024,
OPTIDX,NIFTY,11-Jan-2024,23100,PE,0,0,0,2047.1,21647.2,0,0,0,0,11-JAN-2024,
OPTIDX,NIFTY,11-Jan-2024,23150,PE,1503.8,1511.8,1503.1,1507.2,21647.2,9,110.95,200,100,11-JAN-2024,
OPTIDX,NIFTY,11-Jan-2024,23200,PE,1506.35,1562.65,1495.15,1557.45,21647.2,10,123.73,150,100,11-JAN-2024,
OPTIDX,NIFTY,11-Jan-2024,23250,PE,0,0,0,2193.5,21647.2,0,0,0,0,11-JAN-2024,
OPTIDX,NIFTY,11-Jan-2024,23300,PE,0,0,0,2242.45,21647.2,0,0,0,0,11-JAN-2024,
OPTIDX,NIFTY,11-Jan-2024,23350,PE,0,0,0,2291.5,21647.2,0,0,0,0,11-JAN-2024,
OPTIDX,NIFTY,11-Jan-2024,23400,PE,0,0,0,2340.65,21647.2,0,0,0,0,11-JAN-2024,
OPTIDX,NIFTY,11-Jan-2024,23450,PE,1756.7,1811.6,1738.75,1811.6,21647.2,3,37.82,200,50,11-JAN-2024,
OPTIDX,NIFTY,18-Jan-2024,19650,CE,2020,2024,1975,2007.5,2007.5,34,368.28,1700,1700,11-JAN-2024,
OPTIDX,NIFTY,18-Jan-2024,19700,CE,2010,2010,1917.4,1954.8,1954.8,84,909.91,5400,3300,11-JAN-2024,
OPTIDX,NIFTY,18-Jan-2024,19750,CE,1905,1907,1873.05,1873.05,1922.75,4,43.27,200,200,11-JAN-2024,
OPTIDX,NIFTY,18-Jan-2024,19800,CE,1925,1925,1817.8,1854.6,1854.6,23,248.98,1250,700,11-JAN-2024,
OPTIDX,NIFTY,18-Jan-2024,19850,CE,0,0,0,1493.1,1822.9,0,0,0,0,11-JAN-2024,
OPTIDX,NIFTY,18-Jan-2024,19900,CE,1775,1780,1699.3,1752,1752,8,86.63,400,400,11-JAN-2024,
OPTIDX,NIFTY,18-Jan-2024,19950,CE,1750,1750,1724,1724,1723,28,303.54,1450,1400,11-JAN-2024,
OPTIDX,NIFTY,18-Jan-2024,20000,CE,1724.95,1730,1611,1650.35,1650.35,694,7519.09,42450,31800,11-JAN-2024,
OPTIDX,NIFTY,18-Jan-2024,20050,CE,1639,1639,1611,1620,1623.15,38,411.92,5900,1900,11-JAN-2024,
OPTIDX,NIFTY,18-Jan-2024,20100,CE,1609,1609,1536.6,1558.75,1558.75,51,552.65,2700,2550,11-JAN-2024,
OPTIDX,NIFTY,18-Jan-2024,20150,CE,1530,1530,1500,1500,1500,4,43.34,200,200,11-JAN-2024,
OPTIDX,NIFTY,18-Jan-2024,20200,CE,1476.95,1490,1411.5,1457.6,1457.6,51,551.98,2600,2500,11-JAN-2024,
OPTIDX,NIFTY,18-Jan-2024,20250,CE,1427,1431,1370,1370,1423.4,47,509.14,4200,2350,11-JAN-2024,
OPTIDX,NIFTY,18-Jan-2024,20300,CE,1365,1389,1320.55,1356.35,1356.35,20,216.49,700,650,11-JAN-2024,
OPTIDX,NIFTY,18-Jan-2024,20350,CE,1295,1306.5,1290,1298.45,1298.45,16,173.18,800,800,11-JAN-2024,
OPTIDX,NIFTY,18-Jan-2024,20400,CE,1308.2,1328,1260,1260,1260,42,455.2,3600,2000,11-JAN-2024,
OPTIDX,NIFTY,18-Jan-2024,20450,CE,1210,1225.1,1202.55,1203.45,1203.45,30,324.95,1450,1150,11-JAN-2024,
OPTIDX,NIFTY,18-Jan-2024,20500,CE,1241.3,1241.3,1119.35,1153.7,1153.7,1119,12125.65,59800,52350,11-JAN-2024,
OPTIDX,NIFTY,18-Jan-2024,20550,CE,1140,1140,1118,1119.35,1123.85,95,1029.79,4750,4750,11-JAN-2024,
OPTIDX,NIFTY,18-Jan-2024,20600,CE,1118.45,1123.95,1028.15,1056.6,1056.6,165,1787.02,15000,7400,11-JAN-2024,
OPTIDX,NIFTY,18-Jan-2024,20650,CE,0,0,0,808.65,1024.1,0,0,0,0,11-JAN-2024,
OPTIDX,NIFTY,18-Jan-2024,20700,CE,986.45,1001.1,924,956.8,956.8,56,606.65,3900,2400,11-JAN-2024,
OPTIDX,NIFTY,18-Jan-2024,20750,CE,938.25,938.25,885.4,910.4,910.4,13,140.82,650,500,11-JAN-2024,
OPTIDX,NIFTY,18-Jan-2024,20800,CE,915,930.35,817.65,854.6,854.6,386,4183.29,23150,17100,11-JAN-2024,
OPTIDX,NIFTY,18-Jan-2024,20850,CE,0,0,0,744.8,825.45,0,0,100,0,11-JAN-2024,
OPTIDX,NIFTY,18-Jan-2024,20900,CE,811.9,831.65,725,753.25,753.25,650,7041.63,34800,30150,11-JAN-2024,
OPTIDX,NIFTY,18-Jan-2024,20950,CE,694.3,715.45,694.3,700.7,700.7,61,660.34,2550,2350,11-JAN-2024,
OPTIDX,NIFTY,18-Jan-2024,21000,CE,725,744.85,619.1,664.9,664.9,7007,75929.86,319850,207400,11-JAN-2024,
OPTIDX,NIFTY,18-Jan-2024,21050,CE,666.3,688.9,604.5,610.95,610.95,27,292.79,1850,700,11-JAN-2024,
OPTIDX,NIFTY,18-Jan-2024,21100,CE,623.6,640.25,530,569.55,569.55,784,8496.66,61300,18750,11-JAN-2024,
OPTIDX,NIFTY,18-Jan-2024,21150,CE,574.95,596.75,486.2,522.6,522.6,306,3318.12,10500,6350,11-JAN-2024,
OPTIDX,NIFTY,18-Jan-2024,21200,CE,543.95,550.25,434.8,474.45,474.45,3107,33697.53,100850,46800,11-JAN-2024,
OPTIDX,NIFTY,18-Jan-2024,21250,CE,496.95,503.05,393.9,433.2,433.2,748,8119.67,21600,8600,11-JAN-2024,
OPTIDX,NIFTY,18-Jan-2024,21300,CE,449.95,464.35,350,387.1,387.1,6585,71448.83,138100,87400,11-JAN-2024,
OPTIDX,NIFTY,18-Jan-2024,21350,CE,413.9,413.9,309.05,346,346,1608,17458.93,30500,15350,11-JAN-2024,
OPTIDX,NIFTY,18-Jan-2024,21400,CE,361.35,376.45,270,305.45,305.45,20703,224814.88,427200,72350,11-JAN-2024,
OPTIDX,NIFTY,18-Jan-2024,21450,CE,330.05,336.45,235,266.75,266.75,6238,67767.76,86800,44550,11-JAN-2024,
OPTIDX,NIFTY,18-Jan-2024,21500,CE,264,298,202,231.55,231.55,88884,966458.23,717500,-13250,11-JAN-2024,
OPTIDX,NIFTY,18-Jan-2024,21550,CE,250.6,259.3,171.45,197.45,197.45,38275,416420.14,207850,-34900,11-JAN-2024,
OPTIDX,NIFTY,18-Jan-2024,21600,CE,211.35,241.4,143.75,166.85,166.85,273202,2974867.53,1465450,319850,11-JAN-2024,
OPTIDX,NIFTY,18-Jan-2024,21650,CE,177.1,194.35,119,139.85,139.85,259299,2826228.25,1482250,1073150,11-JAN-2024,
OPTIDX,NIFTY,18-Jan-2024,21700,CE,151.3,164.45,97.05,114.6,114.6,639586,6979948.4,3451700,1992750,11-JAN-2024,
OPTIDX,NIFTY,18-Jan-2024,21750,CE,139.45,139.45,78.3,93.3,93.3,188999,2065091.82,1235250,914850,11-JAN-2024,
OPTIDX,NIFTY,18-Jan-2024,21800,CE,105.6,113.5,61.85,74.45,74.45,374088,4092984.55,2524150,1200700,11-JAN-2024,
OPTIDX,NIFTY,18-Jan-2024,21850,CE,91.85,92.8,48.35,58.7,58.7,136253,1492993.93,844450,534400,11-JAN-2024,
OPTIDX,NIFTY,18-Jan-2024,21900,CE,70.05,75,36.75,45.15,45.15,294810,3235610.32,2991600,1976350,11-JAN-2024,
OPTIDX,NIFTY,18-Jan-2024,21950,CE,58.5,59.7,28.5,35.1,35.1,99667,1095851.36,654700,316950,11-JAN-2024,
OPTIDX,NIFTY,18-Jan-2024,22000,CE,40,46.5,21.85,26.95,26.95,296099,3261639.75,3309200,1800300,11-JAN-2024,
OPTIDX,NIFTY,18-Jan-2024,22050,CE,34.15,36.25,16.85,20.25,20.25,68536,756388.52,666000,476650,11-JAN-2024,
OPTIDX,NIFTY,18-Jan-2024,22100,CE,26.4,28.75,12.6,15.25,15.25,192293,2126525.64,2148350,1387300,11-JAN-2024,
OPTIDX,NIFTY,18-Jan-2024,22150,CE,20,21.3,9.5,11.55,11.55,61988,686930.32,683800,458150,11-JAN-2024,
OPTIDX,NIFTY,18-Jan-2024,22200,CE,20,20,7.2,8.6,8.6,230720,2562155.48,2510000,1754950,11-JAN-2024,
OPTIDX,NIFTY,18-Jan-2024,22250,CE,10.95,16.15,5.3,6.35,6.35,72846,810682.52,1109850,885850,11-JAN-2024,
OPTIDX,NIFTY,18-Jan-2024,22300,CE,8.05,9.4,4.3,4.9,4.9,218490,2436798.96,3262450,2506350,11-JAN-2024,
OPTIDX,NIFTY,18-Jan-2024,22350,CE,6.8,7.55,3.55,3.9,3.9,32546,363775.54,449100,312200,11-JAN-2024,
OPTIDX,NIFTY,18-Jan-2024,22400,CE,4.9,5.45,3,3.3,3.3,113882,1275680.32,2328450,1998700,11-JAN-2024,
OPTIDX,NIFTY,18-Jan-2024,22450,CE,4.4,4.75,2.6,2.75,2.75,18695,209881.23,263100,180800,11-JAN-2024,
OPTIDX,NIFTY,18-Jan-2024,22500,CE,3.7,3.9,2.2,2.4,2.4,148543,1671312.88,3277400,2089150,11-JAN-2024,
OPTIDX,NIFTY,18-Jan-2024,22550,CE,3.2,3.3,2.05,2.15,2.15,9494,107056.65,166250,73950,11-JAN-2024,
OPTIDX,NIFTY,18-Jan-2024,22600,CE,2.55,2.55,1.7,1.85,1.85,55802,630618.95,1256350,817300,11-JAN-2024,
OPTIDX,NIFTY,18-Jan-2024,22650,CE,2.4,2.4,1.6,1.75,1.75,9823,111254.87,191500,118450,11-JAN-2024,
OPTIDX,NIFTY,18-Jan-2024,22700,CE,1.85,2.3,1.55,1.65,1.65,38063,432049.43,664900,492450,11-JAN-2024,
OPTIDX,NIFTY,18-Jan-2024,22750,CE,1.95,2.15,1.25,1.6,1.6,3611,41078.27,52400,7800,11-JAN-2024,
OPTIDX,NIFTY,18-Jan-2024,22800,CE,1.8,2.05,1.45,1.55,1.55,28567,325688.19,597550,460000,11-JAN-2024,
OPTIDX,NIFTY,18-Jan-2024,22850,CE,2,2,1.4,1.45,1.45,1947,22246.08,33500,16450,11-JAN-2024,
OPTIDX,NIFTY,18-Jan-2024,22900,CE,1.85,1.85,1.25,1.45,1.45,11374,130241.18,178600,108650,11-JAN-2024,
OPTIDX,NIFTY,18-Jan-2024,22950,CE,1.8,1.95,1.15,1.4,1.4,2986,34266.72,34350,11600,11-JAN-2024,
OPTIDX,NIFTY,18-Jan-2024,23000,CE,1.55,1.75,1.3,1.4,1.4,79318,912216.26,1943000,1444100,11-JAN-2024,
OPTIDX,NIFTY,18-Jan-2024,23050,CE,1.5,1.85,1.25,1.3,1.3,5023,57893.51,126950,110450,11-JAN-2024,
OPTIDX,NIFTY,18-Jan-2024,23100,CE,1.5,1.65,1.2,1.35,1.35,15431,178238.59,371900,341550,11-JAN-2024,
OPTIDX,NIFTY,18-Jan-2024,23150,CE,1.5,1.55,1.15,1.25,1.25,1307,15129.41,22950,3650,11-JAN-2024,
OPTIDX,NIFTY,18-Jan-2024,23200,CE,1.2,1.75,1.1,1.25,1.25,17532,203382.41,482350,447600,11-JAN-2024,
OPTIDX,NIFTY,18-Jan-2024,23250,CE,1.3,1.45,1.1,1.25,1.25,1076,12509.2,37850,10400,11-JAN-2024,
OPTIDX,NIFTY,18-Jan-2024,23300,CE,0.7,1.4,0.7,1.25,1.25,17671,205878.4,538250,389900,11-JAN-2024,
OPTIDX,NIFTY,18-Jan-2024,23350,CE,1.4,1.5,1,1.2,1.2,1488,17373.32,43300,37350,11-JAN-2024,
OPTIDX,NIFTY,18-Jan-2024,23400,CE,1.3,1.6,1.05,1.2,1.2,28900,338147.81,868000,823200,11-JAN-2024,
OPTIDX,NIFTY,18-Jan-2024,23450,CE,1.25,1.6,1,1.2,1.2,13618,159679.18,432750,389900,11-JAN-2024,
OPTIDX,NIFTY,18-Jan-2024,19650,PE,1,1.6,0.95,1.05,1.05,6233,61242.8,134400,75050,11-JAN-2024,
OPTIDX,NIFTY,18-Jan-2024,19700,PE,1.65,1.75,0.95,1,1,47827,471124.79,1582000,1489450,11-JAN-2024,
OPTIDX,NIFTY,18-Jan-2024,19750,PE,1.15,1.7,1.05,1.25,1.25,460,4542.8,10450,10450,11-JAN-2024,
OPTIDX,NIFTY,18-Jan-2024,19800,PE,1.65,1.7,1.05,1.1,1.1,21181,209706.34,811600,794200,11-JAN-2024,
OPTIDX,NIFTY,18-Jan-2024,19850,PE,1.2,1.4,1.15,1.25,1.25,160,1588.1,3000,3000,11-JAN-2024,
OPTIDX,NIFTY,18-Jan-2024,19900,PE,1.8,1.9,1.1,1.25,1.25,3020,30051.22,48050,33100,11-JAN-2024,
OPTIDX,NIFTY,18-Jan-2024,19950,PE,1.25,1.5,1.25,1.4,1.4,81,808.03,4000,4000,11-JAN-2024,
OPTIDX,NIFTY,18-Jan-2024,20000,PE,1.8,2.05,1.3,1.4,1.4,56782,567864.4,1857000,1478550,11-JAN-2024,
OPTIDX,NIFTY,18-Jan-2024,20050,PE,2.35,2.35,1.35,1.5,1.5,343,3438.86,8650,8650,11-JAN-2024,
OPTIDX,NIFTY,18-Jan-2024,20100,PE,2,2,1.25,1.45,1.45,4325,43469.66,66950,63600,11-JAN-2024,
OPTIDX,NIFTY,18-Jan-2024,20150,PE,2,2.25,1.35,1.6,1.6,1090,10982.71,20800,4450,11-JAN-2024,
OPTIDX,NIFTY,18-Jan-2024,20200,PE,2.05,2.25,1.4,1.6,1.6,8620,87069.33,158400,130800,11-JAN-2024,
OPTIDX,NIFTY,18-Jan-2024,20250,PE,2.2,2.45,1.4,1.65,1.65,1563,15826.83,21600,7750,11-JAN-2024,
OPTIDX,NIFTY,18-Jan-2024,20300,PE,2.25,2.3,1.6,1.8,1.8,12733,129251.72,221450,149650,11-JAN-2024,
OPTIDX,NIFTY,18-Jan-2024,20350,PE,2.4,2.4,1.55,1.8,1.8,3308,33662.03,35950,-4200,11-JAN-2024,
OPTIDX,NIFTY,18-Jan-2024,20400,PE,2.15,2.5,1.6,1.95,1.95,15010,153117.14,260650,111000,11-JAN-2024,
OPTIDX,NIFTY,18-Jan-2024,20450,PE,2.6,2.75,1.9,2.1,2.1,4962,50741.89,109100,30650,11-JAN-2024,
OPTIDX,NIFTY,18-Jan-2024,20500,PE,2.8,2.9,2.15,2.35,2.35,82287,843539.9,1972700,1079650,11-JAN-2024,
OPTIDX,NIFTY,18-Jan-2024,20550,PE,2.85,3,2.1,2.35,2.35,6625,68079.92,94650,61650,11-JAN-2024,
OPTIDX,NIFTY,18-Jan-2024,20600,PE,3.45,3.45,2.4,2.55,2.55,72586,747732.38,887250,299500,11-JAN-2024,
OPTIDX,NIFTY,18-Jan-2024,20650,PE,4.3,4.3,2.15,2.9,2.9,17543,181158.45,324800,239200,11-JAN-2024,
OPTIDX,NIFTY,18-Jan-2024,20700,PE,5.05,5.05,3,3.3,3.3,74777,774069.34,1173450,830200,11-JAN-2024,
OPTIDX,NIFTY,18-Jan-2024,20750,PE,5.5,5.5,3.45,3.65,3.65,12696,131745.6,199700,112600,11-JAN-2024,
OPTIDX,NIFTY,18-Jan-2024,20800,PE,5.45,5.65,4,4.25,4.25,142650,1483878.82,2916350,2304850,11-JAN-2024,
OPTIDX,NIFTY,18-Jan-2024,20850,PE,5.4,6.95,4.4,5.05,5.05,23517,245227.39,369650,269950,11-JAN-2024,
OPTIDX,NIFTY,18-Jan-2024,20900,PE,6.7,8.55,5.4,6.2,6.2,130028,1359207.08,1316350,862100,11-JAN-2024,
OPTIDX,NIFTY,18-Jan-2024,20950,PE,8,10.15,6.5,7.45,7.45,31195,326885.62,377400,238250,11-JAN-2024,
OPTIDX,NIFTY,18-Jan-2024,21000,PE,8.95,12.4,7.6,9.2,9.2,186338,1957408.22,3299350,1736150,11-JAN-2024,
OPTIDX,NIFTY,18-Jan-2024,21050,PE,11.5,22.55,7.75,11.05,11.05,31012,326571.12,337350,228200,11-JAN-2024,
OPTIDX,NIFTY,18-Jan-2024,21100,PE,12.35,18.5,10.4,13.6,13.6,95976,1013182.42,1276850,801250,11-JAN-2024,
OPTIDX,NIFTY,18-Jan-2024,21150,PE,20.55,22.8,12,16.95,16.95,41617,440443.3,383200,166950,11-JAN-2024,
OPTIDX,NIFTY,18-Jan-2024,21200,PE,18.45,28.3,15.45,21.15,21.15,134557,1427673.54,1669500,656300,11-JAN-2024,
OPTIDX,NIFTY,18-Jan-2024,21250,PE,20.95,35,18.75,26.15,26.15,59898,637185.71,600400,356300,11-JAN-2024,
OPTIDX,NIFTY,18-Jan-2024,21300,PE,28.55,43.3,23.45,32.35,32.35,175051,1867049.95,2137550,1067100,11-JAN-2024,
OPTIDX,NIFTY,18-Jan-2024,21350,PE,35.2,53.1,28.8,39.95,39.95,94464,1010230.55,932450,572550,11-JAN-2024,
OPTIDX,NIFTY,18-Jan-2024,21400,PE,42.55,64.95,35.25,49.75,49.75,238968,2562678.74,2312550,710150,11-JAN-2024,
OPTIDX,NIFTY,18-Jan-2024,21450,PE,51.45,79,44.25,60.95,60.95,114136,1227472.11,1359500,963950,11-JAN-2024,
OPTIDX,NIFTY,18-Jan-2024,21500,PE,56.3,96.25,50,75.6,75.6,351377,3790135.96,2593550,1037900,11-JAN-2024,
OPTIDX,NIFTY,18-Jan-2024,21550,PE,66.35,115.5,66.35,92.5,92.5,137484,1487538.37,575950,198400,11-JAN-2024,
OPTIDX,NIFTY,18-Jan-2024,21600,PE,94.95,138,83.25,111.45,111.45,407935,4427666.09,2138900,865600,11-JAN-2024,
OPTIDX,NIFTY,18-Jan-2024,21650,PE,115.8,163,101.5,133.85,133.85,241708,2632150.67,1017200,739700,11-JAN-2024,
OPTIDX,NIFTY,18-Jan-2024,21700,PE,136.95,191.45,113.05,159.4,159.4,485771,5307367.51,1542100,695600,11-JAN-2024,
OPTIDX,NIFTY,18-Jan-2024,21750,PE,147.6,222.55,145.1,187.65,187.65,74903,821152.98,241850,147750,11-JAN-2024,
OPTIDX,NIFTY,18-Jan-2024,21800,PE,179.95,256,172.05,218.8,218.8,87444,962238.12,538900,161800,11-JAN-2024,
OPTIDX,NIFTY,18-Jan-2024,21850,PE,203.95,291.55,199.55,252.65,252.65,10901,120401.41,78450,53600,11-JAN-2024,
OPTIDX,NIFTY,18-Jan-2024,21900,PE,233.5,330.85,232.1,289.7,289.7,23843,264363.64,212600,103800,11-JAN-2024,
OPTIDX,NIFTY,18-Jan-2024,21950,PE,273.95,369.55,270,327.35,327.35,2534,28200.23,26400,16900,11-JAN-2024,
OPTIDX,NIFTY,18-Jan-2024,22000,PE,294,415,294,370.1,370.1,14062,157188.01,172800,58550,11-JAN-2024,
OPTIDX,NIFTY,18-Jan-2024,22050,PE,353.35,451.15,349.55,416.15,416.15,833,9345.95,15150,6750,11-JAN-2024,
OPTIDX,NIFTY,18-Jan-2024,22100,PE,387.4,503,387.4,460.1,460.1,2158,24328.46,45900,16450,11-JAN-2024,
OPTIDX,NIFTY,18-Jan-2024,22150,PE,438.6,550,435.1,499.65,499.65,388,4387.87,8550,5600,11-JAN-2024,
OPTIDX,NIFTY,18-Jan-2024,22200,PE,475.85,594,475.85,552.4,552.4,2432,27656.69,76900,59550,11-JAN-2024,
OPTIDX,NIFTY,18-Jan-2024,22250,PE,582,610,582,604.1,604.1,4,45.68,850,0,11-JAN-2024,
OPTIDX,NIFTY,18-Jan-2024,22300,PE,568.05,685.3,568.05,645.95,645.95,443,5081.47,12100,9850,11-JAN-2024,
OPTIDX,NIFTY,18-Jan-2024,22350,PE,0,0,0,805.55,678.9,0,0,200,0,11-JAN-2024,
OPTIDX,NIFTY,18-Jan-2024,22400,PE,687.95,790,687.95,733.1,727.4,22,254.47,850,850,11-JAN-2024,
OPTIDX,NIFTY,18-Jan-2024,22450,PE,0,0,0,1176.35,776.25,0,0,0,0,11-JAN-2024,
OPTIDX,NIFTY,18-Jan-2024,22500,PE,786,873.7,766.7,842.35,842.35,309,3604.7,15350,8050,11-JAN-2024,
OPTIDX,NIFTY,18-Jan-2024,22550,PE,0,0,0,1264.15,874.8,0,0,0,0,11-JAN-2024,
OPTIDX,NIFTY,18-Jan-2024,22600,PE,0,0,0,1010.55,924.35,0,0,450,0,11-JAN-2024,
OPTIDX,NIFTY,18-Jan-2024,22650,PE,0,0,0,1353.7,974.05,0,0,0,0,11-JAN-2024,
OPTIDX,NIFTY,18-Jan-2024,22700,PE,0,0,0,1399.05,1023.8,0,0,0,0,11-JAN-2024,
OPTIDX,NIFTY,18-Jan-2024,22750,PE,0,0,0,1444.8,1073.6,0,0,0,0,11-JAN-2024,
OPTIDX,NIFTY,18-Jan-2024,22800,PE,0,0,0,1260,1123.45,0,0,50,0,11-JAN-2024,
OPTIDX,NIFTY,18-Jan-2024,22850,PE,0,0,0,985.6,1173.35,0,0,50,0,11-JAN-2024,
OPTIDX,NIFTY,18-Jan-2024,22900,PE,0,0,0,1032.55,1223.25,0,0,50,0,11-JAN-2024,
OPTIDX,NIFTY,18-Jan-2024,22950,PE,0,0,0,1630.95,1273.15,0,0,0,0,11-JAN-2024,
OPTIDX,NIFTY,18-Jan-2024,23000,PE,1275,1390,1275,1338.45,1338.45,131,1593.07,6150,4450,11-JAN-2024,
OPTIDX,NIFTY,18-Jan-2024,23050,PE,0,0,0,1725.6,1373,0,0,0,0,11-JAN-2024,
OPTIDX,NIFTY,18-Jan-2024,23100,PE,0,0,0,1773.25,1422.9,0,0,0,0,11-JAN-2024,
OPTIDX,NIFTY,18-Jan-2024,23150,PE,0,0,0,1821.1,1472.85,0,0,0,0,11-JAN-2024,
OPTIDX,NIFTY,18-Jan-2024,23200,PE,0,0,0,1869.15,1522.8,0,0,0,0,11-JAN-2024,
OPTIDX,NIFTY,18-Jan-2024,23250,PE,0,0,0,1917.35,1572.7,0,0,0,0,11-JAN-2024,
OPTIDX,NIFTY,18-Jan-2024,23300,PE,0,0,0,1965.7,1622.65,0,0,0,0,11-JAN-2024,
OPTIDX,NIFTY,18-Jan-2024,23350,PE,0,0,0,2014.2,1672.6,0,0,0,0,11-JAN-2024,
OPTIDX,NIFTY,18-Jan-2024,23400,PE,0,0,0,2062.8,1722.55,0,0,0,0,11-JAN-2024,
OPTIDX,NIFTY,18-Jan-2024,23450,PE,0,0,0,2111.5,1772.45,0,0,0,0,11-JAN-2024,
OPTIDX,NIFTY,25-Jan-2024,17350,CE,0,0,0,4400,4342.05,0,0,200,0,11-JAN-2024,
OPTIDX,NIFTY,25-Jan-2024,17400,CE,0,0,0,4377.45,4292.2,0,0,14750,0,11-JAN-2024,
OPTIDX,NIFTY,25-Jan-2024,17450,CE,0,0,0,1783.7,4242.3,0,0,0,0,11-JAN-2024,
OPTIDX,NIFTY,25-Jan-2024,17500,CE,4227.3,4227.3,4164.7,4164.7,4192.45,5,54.21,95450,0,11-JAN-2024,
OPTIDX,NIFTY,25-Jan-2024,17550,CE,0,0,0,4050,4142.6,0,0,250,0,11-JAN-2024,
OPTIDX,NIFTY,25-Jan-2024,17600,CE,0,0,0,4290,4092.7,0,0,250,0,11-JAN-2024,
OPTIDX,NIFTY,25-Jan-2024,17650,CE,0,0,0,1611.6,4042.85,0,0,0,0,11-JAN-2024,
OPTIDX,NIFTY,25-Jan-2024,17700,CE,0,0,0,1569.6,3992.95,0,0,0,0,11-JAN-2024,
OPTIDX,NIFTY,25-Jan-2024,17750,CE,0,0,0,4140.65,3943.1,0,0,2450,0,11-JAN-2024,
OPTIDX,NIFTY,25-Jan-2024,17800,CE,0,0,0,3824.3,3893.25,0,0,10300,0,11-JAN-2024,
OPTIDX,NIFTY,25-Jan-2024,17850,CE,0,0,0,3980,3843.35,0,0,150,0,11-JAN-2024,
OPTIDX,NIFTY,25-Jan-2024,17900,CE,0,0,0,3971.5,3793.5,0,0,7650,0,11-JAN-2024,
OPTIDX,NIFTY,25-Jan-2024,17950,CE,0,0,0,1366.1,3743.6,0,0,0,0,11-JAN-2024,
OPTIDX,NIFTY,25-Jan-2024,18000,CE,3737.05,3746.95,3629.85,3664.85,3664.85,186,2016.48,419750,-5350,11-JAN-2024,
OPTIDX,NIFTY,25-Jan-2024,18050,CE,0,0,0,1957.8,3643.85,0,0,50,0,11-JAN-2024,
OPTIDX,NIFTY,25-Jan-2024,18100,CE,0,0,0,3900,3594,0,0,9750,0,11-JAN-2024,
OPTIDX,NIFTY,25-Jan-2024,18150,CE,0,0,0,3700,3544.15,0,0,100,0,11-JAN-2024,
OPTIDX,NIFTY,25-Jan-2024,18200,CE,0,0,0,3465,3494.25,0,0,13850,0,11-JAN-2024,
OPTIDX,NIFTY,25-Jan-2024,18250,CE,0,0,0,1139.2,3444.4,0,0,0,0,11-JAN-2024,
OPTIDX,NIFTY,25-Jan-2024,18300,CE,3375,3375,3365,3365,3394.5,4,43.34,12850,-200,11-JAN-2024,
OPTIDX,NIFTY,25-Jan-2024,18350,CE,0,0,0,3575,3344.65,0,0,100,0,11-JAN-2024,
OPTIDX,NIFTY,25-Jan-2024,18400,CE,3328,3328,3328,3328,3294.8,1,10.86,8650,50,11-JAN-2024,
OPTIDX,NIFTY,25-Jan-2024,18450,CE,0,0,0,3410,3244.9,0,0,150,0,11-JAN-2024,
OPTIDX,NIFTY,25-Jan-2024,18500,CE,3225,3231.05,3127,3167.55,3167.55,37,401.08,191900,150,11-JAN-2024,
OPTIDX,NIFTY,25-Jan-2024,18550,CE,0,0,0,931.75,3145.15,0,0,0,0,11-JAN-2024,
OPTIDX,NIFTY,25-Jan-2024,18600,CE,3100,3100,3100,3100,3095.3,1,10.85,5100,-50,11-JAN-2024,
OPTIDX,NIFTY,25-Jan-2024,18650,CE,0,0,0,867.95,3045.4,0,0,0,0,11-JAN-2024,
OPTIDX,NIFTY,25-Jan-2024,18700,CE,0,0,0,2900,2995.55,0,0,4400,0,11-JAN-2024,
OPTIDX,NIFTY,25-Jan-2024,18750,CE,0,0,0,2814.45,2945.7,0,0,550,0,11-JAN-2024,
OPTIDX,NIFTY,25-Jan-2024,18800,CE,0,0,0,2750,2895.8,0,0,4400,0,11-JAN-2024,
OPTIDX,NIFTY,25-Jan-2024,18850,CE,0,0,0,3050,2845.95,0,0,200,0,11-JAN-2024,
OPTIDX,NIFTY,25-Jan-2024,18900,CE,0,0,0,2884,2796.05,0,0,2850,0,11-JAN-2024,
OPTIDX,NIFTY,25-Jan-2024,18950,CE,0,0,0,692.45,2746.2,0,0,0,0,11-JAN-2024,
OPTIDX,NIFTY,25-Jan-2024,19000,CE,2752.3,2755,2640,2681.2,2681.2,173,1876.6,507600,-200,11-JAN-2024,
OPTIDX,NIFTY,25-Jan-2024,19050,CE,0,0,0,2840.65,2646.45,0,0,50,0,11-JAN-2024,
OPTIDX,NIFTY,25-Jan-2024,19100,CE,0,0,0,2451.65,2596.6,0,0,12200,0,11-JAN-2024,
OPTIDX,NIFTY,25-Jan-2024,19150,CE,0,0,0,2545,2546.7,0,0,50,0,11-JAN-2024,
OPTIDX,NIFTY,25-Jan-2024,19200,CE,2500,2500,2500,2500,2496.85,1,10.85,13550,-50,11-JAN-2024,
OPTIDX,NIFTY,25-Jan-2024,19250,CE,0,0,0,2380,2446.95,0,0,650,0,11-JAN-2024,
OPTIDX,NIFTY,25-Jan-2024,19300,CE,2390,2390,2390,2390,2397.1,1,10.84,12050,50,11-JAN-2024,
OPTIDX,NIFTY,25-Jan-2024,19350,CE,0,0,0,2416,2347.25,0,0,10000,0,11-JAN-2024,
OPTIDX,NIFTY,25-Jan-2024,19400,CE,2299.4,2305.2,2225,2225,2297.35,14,151.82,15550,-100,11-JAN-2024,
OPTIDX,NIFTY,25-Jan-2024,19450,CE,0,0,0,2171.45,2247.5,0,0,500,0,11-JAN-2024,
OPTIDX,NIFTY,25-Jan-2024,19500,CE,2240,2252,2130,2170.1,2170.1,377,4088.4,269450,1400,11-JAN-2024,
OPTIDX,NIFTY,25-Jan-2024,19550,CE,2174.15,2174.15,2146.5,2146.5,2147.75,3,32.56,6150,0,11-JAN-2024,
OPTIDX,NIFTY,25-Jan-2024,19600,CE,2122.4,2122.4,2078,2082,2097.9,24,260.35,22400,-400,11-JAN-2024,
OPTIDX,NIFTY,25-Jan-2024,19650,CE,0,0,0,2138.65,2048,0,0,300,0,11-JAN-2024,
OPTIDX,NIFTY,25-Jan-2024,19700,CE,2052.65,2052.65,1972,1973.15,1973.15,17,184.45,35450,50,11-JAN-2024,
OPTIDX,NIFTY,25-Jan-2024,19750,CE,1923.8,1923.8,1923.8,1923.8,1923.8,1,10.83,1350,-50,11-JAN-2024,
OPTIDX,NIFTY,25-Jan-2024,19800,CE,2134.5,2134.55,1870,1871.5,1871.5,42,456.57,53600,-1200,11-JAN-2024,
OPTIDX,NIFTY,25-Jan-2024,19850,CE,0,0,0,1830,1848.55,0,0,2200,0,11-JAN-2024,
OPTIDX,NIFTY,25-Jan-2024,19900,CE,1855,1855,1744.2,1769.65,1769.65,206,2233.93,30850,3000,11-JAN-2024,
OPTIDX,NIFTY,25-Jan-2024,19950,CE,1724,1748,1724,1727.55,1727.55,3,32.52,2700,-50,11-JAN-2024,
OPTIDX,NIFTY,25-Jan-2024,20000,CE,1750,1755,1636,1673.2,1673.2,2691,29167.36,693100,-30450,11-JAN-2024,
OPTIDX,NIFTY,25-Jan-2024,20050,CE,1633.15,1633.15,1633.15,1633.15,1633.15,1,10.84,1200,-50,11-JAN-2024,
OPTIDX,NIFTY,25-Jan-2024,20100,CE,1654.95,1655.8,1570,1577.85,1577.85,74,802.53,51750,400,11-JAN-2024,
OPTIDX,NIFTY,25-Jan-2024,20150,CE,1545,1545,1510,1516.5,1516.5,8,86.67,1950,50,11-JAN-2024,
OPTIDX,NIFTY,25-Jan-2024,20200,CE,1480,1510.35,1433.05,1472.35,1472.35,34,368.68,69350,150,11-JAN-2024,
OPTIDX,NIFTY,25-Jan-2024,20250,CE,1440,1440,1410,1410.6,1410.6,8,86.67,17300,250,11-JAN-2024,
OPTIDX,NIFTY,25-Jan-2024,20300,CE,1447.95,1458.45,1375,1378.5,1378.5,81,879.25,50350,550,11-JAN-2024,
OPTIDX,NIFTY,25-Jan-2024,20350,CE,1340,1345,1340,1345,1350.35,3,32.53,8350,-50,11-JAN-2024,
OPTIDX,NIFTY,25-Jan-2024,20400,CE,1359.55,1359.55,1241,1284.25,1300.7,33,358.19,79700,-850,11-JAN-2024,
OPTIDX,NIFTY,25-Jan-2024,20450,CE,1245,1250,1230,1230,1230,5,54.22,3250,50,11-JAN-2024,
OPTIDX,NIFTY,25-Jan-2024,20500,CE,1248.65,1269,1138.75,1182.2,1182.2,717,7778.26,552050,-5200,11-JAN-2024,
OPTIDX,NIFTY,25-Jan-2024,20550,CE,0,0,0,1179.25,1152.2,0,0,4900,0,11-JAN-2024,
OPTIDX,NIFTY,25-Jan-2024,20600,CE,1163,1163,1050,1080,1080,149,1616.25,84150,-2700,11-JAN-2024,
OPTIDX,NIFTY,25-Jan-2024,20650,CE,1050,1050.5,1001.2,1037.3,1053.95,9,97.59,7050,-300,11-JAN-2024,
OPTIDX,NIFTY,25-Jan-2024,20700,CE,1045,1045,950,989.2,989.2,108,1170.68,76550,2750,11-JAN-2024,
OPTIDX,NIFTY,25-Jan-2024,20750,CE,962.85,962.85,962.85,962.85,956.65,1,10.85,13250,0,11-JAN-2024,
OPTIDX,NIFTY,25-Jan-2024,20800,CE,960,965.2,855,893.75,893.75,279,3028.53,155550,-4950,11-JAN-2024,
OPTIDX,NIFTY,25-Jan-2024,20850,CE,909.55,909.55,813.3,860.65,860.75,20,217.07,10350,0,11-JAN-2024,
OPTIDX,NIFTY,25-Jan-2024,20900,CE,856.8,875,758.95,796.95,796.95,2891,31393.91,92050,8800,11-JAN-2024,
OPTIDX,NIFTY,25-Jan-2024,20950,CE,0,0,0,775,766.85,0,0,6500,0,11-JAN-2024,
OPTIDX,NIFTY,25-Jan-2024,21000,CE,781.55,796,665,705.1,705.1,15306,166297.47,1445300,397300,11-JAN-2024,
OPTIDX,NIFTY,25-Jan-2024,21050,CE,710,710,633,660.5,660.5,42,456.08,26800,-800,11-JAN-2024,
OPTIDX,NIFTY,25-Jan-2024,21100,CE,690,694.1,579.45,615.25,615.25,3571,38815.2,528100,113450,11-JAN-2024,
OPTIDX,NIFTY,25-Jan-2024,21150,CE,630,630,550.5,571.5,571.5,126,1368.95,44400,-950,11-JAN-2024,
OPTIDX,NIFTY,25-Jan-2024,21200,CE,604.95,607.45,497.45,526.75,526.75,1593,17322.3,384750,3000,11-JAN-2024,
OPTIDX,NIFTY,25-Jan-2024,21250,CE,568.6,568.6,468.4,494.35,494.35,199,2164.67,40800,2000,11-JAN-2024,
OPTIDX,NIFTY,25-Jan-2024,21300,CE,513,525.35,420.3,454.2,454.2,2539,27633.44,348950,-13400,11-JAN-2024,
OPTIDX,NIFTY,25-Jan-2024,21350,CE,479.15,485.35,383.45,414.6,414.6,659,7174.36,65900,1200,11-JAN-2024,
OPTIDX,NIFTY,25-Jan-2024,21400,CE,431,456.2,349,377.85,377.85,5481,59732.37,474000,-7000,11-JAN-2024,
OPTIDX,NIFTY,25-Jan-2024,21450,CE,405.85,409.6,303.05,341.85,341.85,1175,12809.85,67500,-1800,11-JAN-2024,
OPTIDX,NIFTY,25-Jan-2024,21500,CE,370.05,376.95,282.85,310.2,310.2,43348,473092.39,1474750,-177550,11-JAN-2024,
OPTIDX,NIFTY,25-Jan-2024,21550,CE,319.35,340.95,253.6,278.4,278.4,4704,51377.58,129100,6250,11-JAN-2024,
OPTIDX,NIFTY,25-Jan-2024,21600,CE,301.3,318.7,225,247.6,247.6,69406,758721.38,1355500,-64150,11-JAN-2024,
OPTIDX,NIFTY,25-Jan-2024,21650,CE,269.3,276.85,199.25,219.45,219.45,21432,234485.74,333750,157950,11-JAN-2024,
OPTIDX,NIFTY,25-Jan-2024,21700,CE,241,249.6,174.5,194.1,194.1,115885,1269441.57,2171900,423350,11-JAN-2024,
OPTIDX,NIFTY,25-Jan-2024,21750,CE,215,218.85,152.8,169.95,169.95,14186,155602.9,271000,57500,11-JAN-2024,
OPTIDX,NIFTY,25-Jan-2024,21800,CE,184.55,192.8,132.05,146.25,146.25,69002,757682.93,1353950,-79550,11-JAN-2024,
OPTIDX,NIFTY,25-Jan-2024,21850,CE,168.7,169.5,114.1,127.4,127.4,7098,78032.6,192400,8000,11-JAN-2024,
OPTIDX,NIFTY,25-Jan-2024,21900,CE,142.1,150.85,97.75,109,109,34565,380597.87,871250,17500,11-JAN-2024,
OPTIDX,NIFTY,25-Jan-2024,21950,CE,123,128.6,83,92.7,92.7,9325,102812.63,202900,33300,11-JAN-2024,
OPTIDX,NIFTY,25-Jan-2024,22000,CE,105,111.9,70.7,79.45,79.45,104655,1155920.22,3170400,315250,11-JAN-2024,
OPTIDX,NIFTY,25-Jan-2024,22050,CE,92.25,94.65,58.65,65.55,65.55,8739,96661.33,177850,45600,11-JAN-2024,
OPTIDX,NIFTY,25-Jan-2024,22100,CE,76.15,81,48.5,54.55,54.55,30642,339533.39,965050,214350,11-JAN-2024,
OPTIDX,NIFTY,25-Jan-2024,22150,CE,65,68.05,40.5,45.7,45.7,5801,64397.62,117050,20150,11-JAN-2024,
OPTIDX,NIFTY,25-Jan-2024,22200,CE,50.35,57.5,33.15,37.25,37.25,37553,417643.21,1128050,70550,11-JAN-2024,
OPTIDX,NIFTY,25-Jan-2024,22250,CE,46,48.7,27.7,31.15,31.15,7644,85174.45,124050,11800,11-JAN-2024,
OPTIDX,NIFTY,25-Jan-2024,22300,CE,37.05,42.6,22.65,25.25,25.25,22522,251457.15,745900,120100,11-JAN-2024,
OPTIDX,NIFTY,25-Jan-2024,22350,CE,36.15,36.2,18.95,21.25,21.25,8407,94046.09,259750,132750,11-JAN-2024,
OPTIDX,NIFTY,25-Jan-2024,22400,CE,27.9,28.8,15.35,17.25,17.25,23619,264773.76,597900,-6100,11-JAN-2024,
OPTIDX,NIFTY,25-Jan-2024,22450,CE,22.05,24.4,12.85,14.35,14.35,3367,37823.8,113850,8800,11-JAN-2024,
OPTIDX,NIFTY,25-Jan-2024,22500,CE,19.5,21,11.2,12.45,12.45,39459,444213.21,2002200,106450,11-JAN-2024,
OPTIDX,NIFTY,25-Jan-2024,22550,CE,16.65,17.4,9.05,9.95,9.95,3625,40894.07,120600,10400,11-JAN-2024,
OPTIDX,NIFTY,25-Jan-2024,22600,CE,11.85,14.7,7.55,8.3,8.3,26550,300144.78,772650,217750,11-JAN-2024,
OPTIDX,NIFTY,25-Jan-2024,22650,CE,11.05,12.55,6.5,7.1,7.1,5282,59841.98,105550,-150,11-JAN-2024,
OPTIDX,NIFTY,25-Jan-2024,22700,CE,10.9,11.1,5.3,5.95,5.95,23957,271999.53,712250,287850,11-JAN-2024,
OPTIDX,NIFTY,25-Jan-2024,22750,CE,8.95,9.4,4.7,5.1,5.1,7519,85554.6,243700,91400,11-JAN-2024,
OPTIDX,NIFTY,25-Jan-2024,22800,CE,8.4,8.45,4.1,4.5,4.5,17209,196232.86,574650,285000,11-JAN-2024,
OPTIDX,NIFTY,25-Jan-2024,22850,CE,7,7.4,3.75,4,4,2418,27632.31,72200,-6800,11-JAN-2024,
OPTIDX,NIFTY,25-Jan-2024,22900,CE,6.55,6.7,3.8,4.25,4.25,8097,92729.82,500650,-29350,11-JAN-2024,
OPTIDX,NIFTY,25-Jan-2024,22950,CE,6.65,6.65,3.9,4.15,4.15,1582,18157.3,157200,-800,11-JAN-2024,
OPTIDX,NIFTY,25-Jan-2024,23000,CE,6.1,6.35,3.6,3.95,3.95,15772,181414.16,1227750,67300,11-JAN-2024,
OPTIDX,NIFTY,25-Jan-2024,23050,CE,5.75,5.75,3.1,3.35,3.35,362,4172.72,23650,-1600,11-JAN-2024,
OPTIDX,NIFTY,25-Jan-2024,23100,CE,4.8,4.8,3,3.35,3.35,2549,29445.54,115150,-3500,11-JAN-2024,
OPTIDX,NIFTY,25-Jan-2024,23150,CE,5.05,5.25,3.25,3.45,3.45,2156,24959.96,145400,700,11-JAN-2024,
OPTIDX,NIFTY,25-Jan-2024,23200,CE,3.9,4,2.5,2.85,2.85,3254,37751.45,116250,650,11-JAN-2024,
OPTIDX,NIFTY,25-Jan-2024,23250,CE,4,4.2,2.85,2.95,2.95,294,3418.24,14050,1200,11-JAN-2024,
OPTIDX,NIFTY,25-Jan-2024,23300,CE,3.7,3.85,2.5,2.85,2.85,3136,36539.36,262600,1200,11-JAN-2024,
OPTIDX,NIFTY,25-Jan-2024,23350,CE,4.05,4.1,2.5,2.95,2.95,207,2417.05,5800,2750,11-JAN-2024,
OPTIDX,NIFTY,25-Jan-2024,23400,CE,3.6,3.6,2.35,2.6,2.6,592,6927.24,30000,5950,11-JAN-2024,
OPTIDX,NIFTY,25-Jan-2024,23450,CE,3.45,3.5,2.4,2.6,2.6,651,7633.89,21750,7300,11-JAN-2024,
OPTIDX,NIFTY,25-Jan-2024,17350,PE,1.7,2.4,1.5,1.65,1.65,240,2082.23,17450,4400,11-JAN-2024,
OPTIDX,NIFTY,25-Jan-2024,17400,PE,2,2.05,1.65,1.65,1.65,44,382.84,8200,600,11-JAN-2024,
OPTIDX,NIFTY,25-Jan-2024,17450,PE,1.2,2.55,1.2,1.95,0.05,48,418.84,1250,0,11-JAN-2024,
OPTIDX,NIFTY,25-Jan-2024,17500,PE,2.45,2.45,1.65,1.8,1.8,943,8252.16,293150,2800,11-JAN-2024,
OPTIDX,NIFTY,25-Jan-2024,17550,PE,0,0,0,28.85,0.05,0,0,400,0,11-JAN-2024,
OPTIDX,NIFTY,25-Jan-2024,17600,PE,2.5,2.5,1.45,1.45,0.05,3,26.4,650,100,11-JAN-2024,
OPTIDX,NIFTY,25-Jan-2024,17650,PE,0,0,0,3.05,0.05,0,0,800,0,11-JAN-2024,
OPTIDX,NIFTY,25-Jan-2024,17700,PE,1.8,2.9,1.75,2,0.05,77,681.54,2400,1500,11-JAN-2024,
OPTIDX,NIFTY,25-Jan-2024,17750,PE,0,0,0,2,0.05,0,0,1500,0,11-JAN-2024,
OPTIDX,NIFTY,25-Jan-2024,17800,PE,1.55,2.45,1.55,1.8,1.8,25,222.52,2750,350,11-JAN-2024,
OPTIDX,NIFTY,25-Jan-2024,17850,PE,1.3,2,1.3,1.8,0.05,21,187.44,850,0,11-JAN-2024,
OPTIDX,NIFTY,25-Jan-2024,17900,PE,0,0,0,3.05,0.05,0,0,650,0,11-JAN-2024,
OPTIDX,NIFTY,25-Jan-2024,17950,PE,0,0,0,2.4,0.05,0,0,950,0,11-JAN-2024,
OPTIDX,NIFTY,25-Jan-2024,18000,PE,2,2,1.2,1.4,1.4,2483,22348.87,440350,65500,11-JAN-2024,
OPTIDX,NIFTY,25-Jan-2024,18050,PE,0,0,0,3,0.05,0,0,1100,0,11-JAN-2024,
OPTIDX,NIFTY,25-Jan-2024,18100,PE,2.65,2.75,1.8,2.05,2.05,70,633.57,10800,400,11-JAN-2024,
OPTIDX,NIFTY,25-Jan-2024,18150,PE,0,0,0,34.9,0.05,0,0,3000,0,11-JAN-2024,
OPTIDX,NIFTY,25-Jan-2024,18200,PE,2.5,2.9,1.5,2.05,0.05,63,573.37,37200,-300,11-JAN-2024,
OPTIDX,NIFTY,25-Jan-2024,18250,PE,3,3,3,3,0.05,1,9.12,1450,0,11-JAN-2024,
OPTIDX,NIFTY,25-Jan-2024,18300,PE,3,3,2.05,2.2,2.2,60,549.06,52400,600,11-JAN-2024,
OPTIDX,NIFTY,25-Jan-2024,18350,PE,0,0,0,17.05,0.05,0,0,2950,0,11-JAN-2024,
OPTIDX,NIFTY,25-Jan-2024,18400,PE,2.9,2.95,2.15,2.15,0.05,21,193.22,47500,200,11-JAN-2024,
OPTIDX,NIFTY,25-Jan-2024,18450,PE,0,0,0,3.1,0.05,0,0,3000,0,11-JAN-2024,
OPTIDX,NIFTY,25-Jan-2024,18500,PE,2.8,3,2,2.1,2.1,315,2914.12,202550,1750,11-JAN-2024,
OPTIDX,NIFTY,25-Jan-2024,18550,PE,0,0,0,3,0.05,0,0,1750,0,11-JAN-2024,
OPTIDX,NIFTY,25-Jan-2024,18600,PE,3.65,3.65,2.2,2.7,2.7,1401,13031.25,78700,-200,11-JAN-2024,
OPTIDX,NIFTY,25-Jan-2024,18650,PE,2.95,3.7,2.25,2.45,0.05,40,373.05,2350,1600,11-JAN-2024,
OPTIDX,NIFTY,25-Jan-2024,18700,PE,3.75,3.75,2.35,2.8,2.8,116,1084.79,101550,100,11-JAN-2024,
OPTIDX,NIFTY,25-Jan-2024,18750,PE,3.05,3.05,2.5,2.5,0.05,40,375.05,7700,100,11-JAN-2024,
OPTIDX,NIFTY,25-Jan-2024,18800,PE,3.1,3.75,2.5,2.6,2.6,576,5415.25,121800,100,11-JAN-2024,
OPTIDX,NIFTY,25-Jan-2024,18850,PE,3.15,3.15,2.45,2.5,0.05,37,348.77,2550,950,11-JAN-2024,
OPTIDX,NIFTY,25-Jan-2024,18900,PE,3.95,3.95,2.3,2.75,2.75,158,1493.31,42400,-2350,11-JAN-2024,
OPTIDX,NIFTY,25-Jan-2024,18950,PE,2.85,3.75,2.3,2.45,2.45,75,710.71,10250,900,11-JAN-2024,
OPTIDX,NIFTY,25-Jan-2024,19000,PE,3.3,3.8,2.05,2.4,2.4,3481,33074.36,996000,-8100,11-JAN-2024,
OPTIDX,NIFTY,25-Jan-2024,19050,PE,2.45,2.95,2.25,2.4,2.4,43,409.62,10850,350,11-JAN-2024,
OPTIDX,NIFTY,25-Jan-2024,19100,PE,3.85,4,2.65,2.8,2.8,153,1461.39,37100,0,11-JAN-2024,
OPTIDX,NIFTY,25-Jan-2024,19150,PE,5.75,5.75,2.6,2.75,0.05,42,402.21,4600,1200,11-JAN-2024,
OPTIDX,NIFTY,25-Jan-2024,19200,PE,3.95,4.2,2.55,2.7,2.7,1031,9899.48,55350,500,11-JAN-2024,
OPTIDX,NIFTY,25-Jan-2024,19250,PE,2.75,3.65,2.4,2.5,2.5,67,644.97,14350,250,11-JAN-2024,
OPTIDX,NIFTY,25-Jan-2024,19300,PE,3.35,3.75,2.3,2.4,2.4,359,3464.86,117250,-300,11-JAN-2024,
OPTIDX,NIFTY,25-Jan-2024,19350,PE,4.55,4.55,2.8,3.05,3.05,78,754.78,11300,1150,11-JAN-2024,
OPTIDX,NIFTY,25-Jan-2024,19400,PE,4.75,4.75,2.3,2.95,2.95,398,3861.25,71400,1000,11-JAN-2024,
OPTIDX,NIFTY,25-Jan-2024,19450,PE,4.45,4.45,2.8,3.05,3.05,75,729.5,12550,400,11-JAN-2024,
OPTIDX,NIFTY,25-Jan-2024,19500,PE,3.75,4.1,2.15,2.35,2.35,7032,68572.93,1125300,60250,11-JAN-2024,
OPTIDX,NIFTY,25-Jan-2024,19550,PE,3.7,4.9,2.75,2.95,2.95,233,2277.97,17500,1750,11-JAN-2024,
OPTIDX,NIFTY,25-Jan-2024,19600,PE,3,4.15,2.7,2.8,2.8,745,7302.23,54500,-6500,11-JAN-2024,
OPTIDX,NIFTY,25-Jan-2024,19650,PE,5.35,5.35,3.25,3.35,3.35,123,1208.7,11900,900,11-JAN-2024,
OPTIDX,NIFTY,25-Jan-2024,19700,PE,3.8,4.55,3,3.25,3.25,643,6334.71,86850,1550,11-JAN-2024,
OPTIDX,NIFTY,25-Jan-2024,19750,PE,4.15,4.7,3.45,3.6,3.6,539,5323.66,25000,-3050,11-JAN-2024,
OPTIDX,NIFTY,25-Jan-2024,19800,PE,4.4,4.75,3.1,3.45,3.45,3198,31666.26,195350,-35150,11-JAN-2024,
OPTIDX,NIFTY,25-Jan-2024,19850,PE,4.5,5,3.85,3.95,3.95,202,2005.28,9150,-1000,11-JAN-2024,
OPTIDX,NIFTY,25-Jan-2024,19900,PE,5,5.4,4.05,4.25,4.25,1522,15147.42,154550,-13650,11-JAN-2024,
OPTIDX,NIFTY,25-Jan-2024,19950,PE,5,5.5,4.25,4.55,4.55,329,3282.54,30150,-1300,11-JAN-2024,
OPTIDX,NIFTY,25-Jan-2024,20000,PE,5.15,6.5,4.75,5.05,5.05,30603,306116.1,2573100,55900,11-JAN-2024,
OPTIDX,NIFTY,25-Jan-2024,20050,PE,5.75,6.5,5,5.25,5.25,313,3138.7,31250,-850,11-JAN-2024,
OPTIDX,NIFTY,25-Jan-2024,20100,PE,5.95,6.9,5.15,5.5,5.5,6567,66017.72,140600,-49950,11-JAN-2024,
OPTIDX,NIFTY,25-Jan-2024,20150,PE,5.95,7,5.25,5.45,5.45,1141,11499.09,26900,-4750,11-JAN-2024,
OPTIDX,NIFTY,25-Jan-2024,20200,PE,7.15,7.75,5.75,6,6,10610,107196.18,504600,19750,11-JAN-2024,
OPTIDX,NIFTY,25-Jan-2024,20250,PE,7,7.9,5.85,6.15,6.15,3222,32633.67,47250,-2200,11-JAN-2024,
OPTIDX,NIFTY,25-Jan-2024,20300,PE,7.5,8.55,6.45,6.7,6.7,13512,137196.41,300850,-97600,11-JAN-2024,
OPTIDX,NIFTY,25-Jan-2024,20350,PE,7.4,9.1,7.05,7.35,7.35,2267,23075.74,34100,-5650,11-JAN-2024,
OPTIDX,NIFTY,25-Jan-2024,20400,PE,9.75,9.75,7.6,8,8,13534,138104.04,406200,-95550,11-JAN-2024,
OPTIDX,NIFTY,25-Jan-2024,20450,PE,9.1,10.8,7.9,8.75,8.75,2757,28203.16,69000,7650,11-JAN-2024,
OPTIDX,NIFTY,25-Jan-2024,20500,PE,11.5,12.35,9.6,10.1,10.1,41320,423747.83,3465600,90700,11-JAN-2024,
OPTIDX,NIFTY,25-Jan-2024,20550,PE,10.5,13.25,10.05,10.75,10.75,2361,24272.38,62700,-6200,11-JAN-2024,
OPTIDX,NIFTY,25-Jan-2024,20600,PE,11.1,14.7,10.7,11.6,11.6,13646,140635.65,656750,32350,11-JAN-2024,
OPTIDX,NIFTY,25-Jan-2024,20650,PE,14.95,16.3,11.55,12.75,12.75,5083,52515.37,156300,108900,11-JAN-2024,
OPTIDX,NIFTY,25-Jan-2024,20700,PE,15.8,18.5,13.3,14.6,14.6,17079,176895.56,720150,98850,11-JAN-2024,
OPTIDX,NIFTY,25-Jan-2024,20750,PE,17,20.7,14.45,16.9,16.9,2897,30081.07,114600,10300,11-JAN-2024,
OPTIDX,NIFTY,25-Jan-2024,20800,PE,18.05,23.85,16.3,19.15,19.15,20046,208666.63,897500,-33200,11-JAN-2024,
OPTIDX,NIFTY,25-Jan-2024,20850,PE,24.8,27.35,18.7,22.05,22.05,2996,31266.37,92200,1550,11-JAN-2024,
OPTIDX,NIFTY,25-Jan-2024,20900,PE,28.3,31.7,22,25.9,25.9,29086,304322.7,1435800,146500,11-JAN-2024,
OPTIDX,NIFTY,25-Jan-2024,20950,PE,25.75,35.7,24.7,28.95,28.95,8134,85322.08,234800,108500,11-JAN-2024,
OPTIDX,NIFTY,25-Jan-2024,21000,PE,33.6,41.4,26,33.55,33.55,61363,645330.82,4445350,240950,11-JAN-2024,
OPTIDX,NIFTY,25-Jan-2024,21050,PE,32.05,46.85,31.7,38.45,38.45,4455,46972.44,133000,13250,11-JAN-2024,
OPTIDX,NIFTY,25-Jan-2024,21100,PE,36.85,54.3,35.95,44.7,44.7,23969,253397.41,1292750,208450,11-JAN-2024,
OPTIDX,NIFTY,25-Jan-2024,21150,PE,43.55,61.5,42.35,51.05,51.05,4745,50297.45,121000,11650,11-JAN-2024,
OPTIDX,NIFTY,25-Jan-2024,21200,PE,54.05,70.45,47.3,58.45,58.45,35067,372707.69,1318850,9200,11-JAN-2024,
OPTIDX,NIFTY,25-Jan-2024,21250,PE,57.15,80.95,54.6,67.6,67.6,6667,71058.59,188300,48050,11-JAN-2024,
OPTIDX,NIFTY,25-Jan-2024,21300,PE,71.2,92.9,64.15,77.45,77.45,36871,394075.93,1709800,16750,11-JAN-2024,
OPTIDX,NIFTY,25-Jan-2024,21350,PE,86,105.3,72.55,88.95,88.95,7854,84181.95,164600,16350,11-JAN-2024,
OPTIDX,NIFTY,25-Jan-2024,21400,PE,90.85,120.8,83.65,101.9,101.9,37998,408459.99,1776600,-13100,11-JAN-2024,
OPTIDX,NIFTY,25-Jan-2024,21450,PE,96.05,136.65,96.05,116.85,116.85,5967,64334.31,178400,1150,11-JAN-2024,
OPTIDX,NIFTY,25-Jan-2024,21500,PE,120.7,155.35,108.35,132.65,132.65,95765,1035650.22,3113000,-95500,11-JAN-2024,
OPTIDX,NIFTY,25-Jan-2024,21550,PE,121.35,174.55,121.35,150.9,150.9,7974,86507.77,176250,15650,11-JAN-2024,
OPTIDX,NIFTY,25-Jan-2024,21600,PE,153.65,196.6,137.85,170.85,170.85,78029,849185.34,1486200,-120350,11-JAN-2024,
OPTIDX,NIFTY,25-Jan-2024,21650,PE,150.15,220,150.15,192.65,192.65,20925,228500.57,261200,97500,11-JAN-2024,
OPTIDX,NIFTY,25-Jan-2024,21700,PE,193.85,244.85,175,215.4,215.4,121297,1328721.01,2427200,555200,11-JAN-2024,
OPTIDX,NIFTY,25-Jan-2024,21750,PE,206.3,272.75,200,243.4,243.4,10673,117314.04,123950,8750,11-JAN-2024,
OPTIDX,NIFTY,25-Jan-2024,21800,PE,228,303.5,221.5,269.8,269.8,53997,595619.98,1052850,-226000,11-JAN-2024,
OPTIDX,NIFTY,25-Jan-2024,21850,PE,254.95,335.15,249.1,298.1,298.1,2594,28720.81,45900,-2200,11-JAN-2024,
OPTIDX,NIFTY,25-Jan-2024,21900,PE,303.6,367.55,278.65,331.5,331.5,7585,84280,294450,-26250,11-JAN-2024,
OPTIDX,NIFTY,25-Jan-2024,21950,PE,313.4,400.9,310.55,364.8,364.8,797,8888.66,46300,1700,11-JAN-2024,
OPTIDX,NIFTY,25-Jan-2024,22000,PE,352.45,441.75,340.05,401.7,401.7,22073,247065.88,1177900,-28300,11-JAN-2024,
OPTIDX,NIFTY,25-Jan-2024,22050,PE,395.5,475.45,379.9,437.85,437.85,646,7260.14,17900,-650,11-JAN-2024,
OPTIDX,NIFTY,25-Jan-2024,22100,PE,415.55,517.1,415.55,476.5,476.5,1386,15635.64,87450,7200,11-JAN-2024,
OPTIDX,NIFTY,25-Jan-2024,22150,PE,460.25,555.2,453.1,514.35,514.35,66,747.53,34550,-800,11-JAN-2024,
OPTIDX,NIFTY,25-Jan-2024,22200,PE,495.5,600.75,489.3,558.9,558.9,4106,46696.1,134300,26150,11-JAN-2024,
OPTIDX,NIFTY,25-Jan-2024,22250,PE,540.5,639.6,538.8,603.1,603.1,30,342.64,27050,350,11-JAN-2024,
OPTIDX,NIFTY,25-Jan-2024,22300,PE,583.5,689.8,580,643.75,643.75,152,1742.91,54750,200,11-JAN-2024,
OPTIDX,NIFTY,25-Jan-2024,22350,PE,619.3,719.95,619.3,696.15,696.15,52,598.56,39950,250,11-JAN-2024,
OPTIDX,NIFTY,25-Jan-2024,22400,PE,665.95,775,665.95,734.6,734.6,157,1815.45,45150,-300,11-JAN-2024,
OPTIDX,NIFTY,25-Jan-2024,22450,PE,0,0,0,755,763.2,0,0,19100,0,11-JAN-2024,
OPTIDX,NIFTY,25-Jan-2024,22500,PE,750.55,877,750.55,829.4,829.4,1531,17843.62,601250,-14700,11-JAN-2024,
OPTIDX,NIFTY,25-Jan-2024,22550,PE,876.1,894.65,855.45,894.65,894.65,4,46.86,11850,50,11-JAN-2024,
OPTIDX,NIFTY,25-Jan-2024,22600,PE,858.65,951.05,852.05,932.65,932.65,34,399.76,26200,300,11-JAN-2024,
OPTIDX,NIFTY,25-Jan-2024,22650,PE,0,0,0,1018.9,951.9,0,0,7750,0,11-JAN-2024,
OPTIDX,NIFTY,25-Jan-2024,22700,PE,954.4,1026.6,954.4,1025.6,1025.6,24,284.39,13600,100,11-JAN-2024,
OPTIDX,NIFTY,25-Jan-2024,22750,PE,0,0,0,990.15,1048.75,0,0,1650,0,11-JAN-2024,
OPTIDX,NIFTY,25-Jan-2024,22800,PE,1099.25,1099.25,1086.3,1090.2,1097.55,4,47.78,13150,0,11-JAN-2024,
OPTIDX,NIFTY,25-Jan-2024,22850,PE,0,0,0,1285,1146.6,0,0,900,0,11-JAN-2024,
OPTIDX,NIFTY,25-Jan-2024,22900,PE,1191.55,1230.25,1185,1198.4,1195.8,15,180.77,119950,-350,11-JAN-2024,
OPTIDX,NIFTY,25-Jan-2024,22950,PE,1268.65,1268.65,1267.9,1267.9,1245.15,24,290.61,5450,0,11-JAN-2024,
OPTIDX,NIFTY,25-Jan-2024,23000,PE,1236.1,1367.25,1235.95,1317.3,1317.3,479,5819.2,382750,850,11-JAN-2024,
OPTIDX,NIFTY,25-Jan-2024,23050,PE,0,0,0,1308.25,1344.2,0,0,200,0,11-JAN-2024,
OPTIDX,NIFTY,25-Jan-2024,23100,PE,0,0,0,1494.3,1393.8,0,0,2750,0,11-JAN-2024,
OPTIDX,NIFTY,25-Jan-2024,23150,PE,0,0,0,1512.45,1443.5,0,0,500,0,11-JAN-2024,
OPTIDX,NIFTY,25-Jan-2024,23200,PE,1450,1506.95,1450,1481.05,1493.2,5,61.71,3450,50,11-JAN-2024,
OPTIDX,NIFTY,25-Jan-2024,23250,PE,0,0,0,1425.9,1543,0,0,50,0,11-JAN-2024,
OPTIDX,NIFTY,25-Jan-2024,23300,PE,1597.3,1610.2,1597.3,1600.65,1592.75,7,87.16,6350,250,11-JAN-2024,
OPTIDX,NIFTY,25-Jan-2024,23350,PE,0,0,0,2434.2,1642.6,0,0,0,0,11-JAN-2024,
OPTIDX,NIFTY,25-Jan-2024,23400,PE,1635.9,1697.55,1635.85,1697.4,1692.4,6,75.2,750,0,11-JAN-2024,
OPTIDX,NIFTY,25-Jan-2024,23450,PE,0,0,0,2531.25,1742.25,0,0,0,0,11-JAN-2024,
OPTIDX,NIFTY,01-Feb-2024,19750,CE,0,0,0,1692.15,1973.85,0,0,0,0,11-JAN-2024,
OPTIDX,NIFTY,01-Feb-2024,19800,CE,0,0,0,1645.4,1924.05,0,0,0,0,11-JAN-2024,
OPTIDX,NIFTY,01-Feb-2024,19850,CE,0,0,0,1806.35,1874.3,0,0,50,0,11-JAN-2024,
OPTIDX,NIFTY,01-Feb-2024,19900,CE,0,0,0,1725.3,1824.55,0,0,50,0,11-JAN-2024,
OPTIDX,NIFTY,01-Feb-2024,19950,CE,0,0,0,1507.15,1774.8,0,0,0,0,11-JAN-2024,
OPTIDX,NIFTY,01-Feb-2024,20000,CE,0,0,0,1675,1725.1,0,0,200,0,11-JAN-2024,
OPTIDX,NIFTY,01-Feb-2024,20050,CE,0,0,0,1416.75,1675.45,0,0,0,0,11-JAN-2024,
OPTIDX,NIFTY,01-Feb-2024,20100,CE,0,0,0,1372.2,1625.8,0,0,0,0,11-JAN-2024,
OPTIDX,NIFTY,01-Feb-2024,20150,CE,0,0,0,1328.05,1576.2,0,0,0,0,11-JAN-2024,
OPTIDX,NIFTY,01-Feb-2024,20200,CE,0,0,0,1425,1526.7,0,0,150,0,11-JAN-2024,
OPTIDX,NIFTY,01-Feb-2024,20250,CE,0,0,0,1241.25,1477.25,0,0,0,0,11-JAN-2024,
OPTIDX,NIFTY,01-Feb-2024,20300,CE,0,0,0,1198.65,1427.9,0,0,0,0,11-JAN-2024,
OPTIDX,NIFTY,01-Feb-2024,20350,CE,0,0,0,1156.6,1378.65,0,0,0,0,11-JAN-2024,
OPTIDX,NIFTY,01-Feb-2024,20400,CE,0,0,0,1115.1,1329.55,0,0,0,0,11-JAN-2024,
OPTIDX,NIFTY,01-Feb-2024,20450,CE,0,0,0,1074.2,1280.65,0,0,0,0,11-JAN-2024,
OPTIDX,NIFTY,01-Feb-2024,20500,CE,0,0,0,1033.95,1231.9,0,0,0,0,11-JAN-2024,
OPTIDX,NIFTY,01-Feb-2024,20550,CE,0,0,0,994.35,1183.4,0,0,0,0,11-JAN-2024,
OPTIDX,NIFTY,01-Feb-2024,20600,CE,0,0,0,955.45,1135.15,0,0,0,0,11-JAN-2024,
OPTIDX,NIFTY,01-Feb-2024,20650,CE,0,0,0,917.25,1087.25,0,0,0,0,11-JAN-2024,
OPTIDX,NIFTY,01-Feb-2024,20700,CE,0,0,0,879.8,1039.7,0,0,0,0,11-JAN-2024,
OPTIDX,NIFTY,01-Feb-2024,20750,CE,0,0,0,843.85,992.55,0,0,0,0,11-JAN-2024,
OPTIDX,NIFTY,01-Feb-2024,20800,CE,0,0,0,1143.5,945.9,0,0,50,0,11-JAN-2024,
OPTIDX,NIFTY,01-Feb-2024,20850,CE,0,0,0,771.95,899.8,0,0,0,0,11-JAN-2024,
OPTIDX,NIFTY,01-Feb-2024,20900,CE,0,0,0,737.65,854.3,0,0,0,0,11-JAN-2024,
OPTIDX,NIFTY,01-Feb-2024,20950,CE,0,0,0,704.2,809.45,0,0,0,0,11-JAN-2024,
OPTIDX,NIFTY,01-Feb-2024,21000,CE,827.6,827.6,759.8,781.75,781.75,89,969.72,43400,200,11-JAN-2024,
OPTIDX,NIFTY,01-Feb-2024,21050,CE,0,0,0,639.9,722.15,0,0,0,0,11-JAN-2024,
OPTIDX,NIFTY,01-Feb-2024,21100,CE,0,0,0,760,679.85,0,0,0,0,11-JAN-2024,
OPTIDX,NIFTY,01-Feb-2024,21150,CE,0,0,0,645,638.5,0,0,50,0,11-JAN-2024,
OPTIDX,NIFTY,01-Feb-2024,21200,CE,610,610,610,610,598.2,1,10.9,150,50,11-JAN-2024,
OPTIDX,NIFTY,01-Feb-2024,21250,CE,0,0,0,684.35,559.05,0,0,1100,0,11-JAN-2024,
OPTIDX,NIFTY,01-Feb-2024,21300,CE,573.9,577.65,515.35,541.25,541.25,1033,11282.37,77950,47200,11-JAN-2024,
OPTIDX,NIFTY,01-Feb-2024,21350,CE,0,0,0,545,484.4,0,0,2450,0,11-JAN-2024,
OPTIDX,NIFTY,01-Feb-2024,21400,CE,504.6,504.6,444.65,471.6,471.6,271,2963.73,23500,11450,11-JAN-2024,
OPTIDX,NIFTY,01-Feb-2024,21450,CE,0,0,0,465.65,415.15,0,0,6150,0,11-JAN-2024,
OPTIDX,NIFTY,01-Feb-2024,21500,CE,458.95,460.75,376.65,403.25,403.25,1631,17876.56,225800,-11500,11-JAN-2024,
OPTIDX,NIFTY,01-Feb-2024,21550,CE,413.7,419.85,350,367.05,367.05,111,1217.4,9150,1600,11-JAN-2024,
OPTIDX,NIFTY,01-Feb-2024,21600,CE,389.95,395.15,320.45,340.55,340.55,1454,15971.6,44350,-27350,11-JAN-2024,
OPTIDX,NIFTY,01-Feb-2024,21650,CE,360.05,361,297.65,311.7,311.7,1276,14029.14,46100,33650,11-JAN-2024,
OPTIDX,NIFTY,01-Feb-2024,21700,CE,325.25,334,266.45,282.55,282.55,5005,55023.2,166900,115750,11-JAN-2024,
OPTIDX,NIFTY,01-Feb-2024,21750,CE,300,300,240,255.95,255.95,27,297.3,9050,300,11-JAN-2024,
OPTIDX,NIFTY,01-Feb-2024,21800,CE,274.2,277.2,220,232.15,232.15,930,10255.21,31550,-7850,11-JAN-2024,
OPTIDX,NIFTY,01-Feb-2024,21850,CE,244,245.35,192.55,207.55,207.55,41,452.48,6850,400,11-JAN-2024,
OPTIDX,NIFTY,01-Feb-2024,21900,CE,219.3,226.25,176.65,187.05,187.05,263,2906.07,13000,4350,11-JAN-2024,
OPTIDX,NIFTY,01-Feb-2024,21950,CE,195,199.45,154.5,168.4,159.2,57,630.66,4000,1050,11-JAN-2024,
OPTIDX,NIFTY,01-Feb-2024,22000,CE,178.95,183.5,135.75,146.9,146.9,1586,17573.13,97900,23800,11-JAN-2024,
OPTIDX,NIFTY,01-Feb-2024,22050,CE,150,150,125.6,128.75,128.75,23,255.18,3900,200,11-JAN-2024,
OPTIDX,NIFTY,01-Feb-2024,22100,CE,139.95,141.6,107.75,115.25,115.25,349,3878.42,26850,10500,11-JAN-2024,
OPTIDX,NIFTY,01-Feb-2024,22150,CE,130.25,130.25,90.55,100.25,100.25,126,1402.18,7900,450,11-JAN-2024,
OPTIDX,NIFTY,01-Feb-2024,22200,CE,111.9,111.9,81,86.75,86.75,556,6197.31,26500,4100,11-JAN-2024,
OPTIDX,NIFTY,01-Feb-2024,22250,CE,96.65,96.65,75,76.35,76.35,123,1373.25,6200,1450,11-JAN-2024,
OPTIDX,NIFTY,01-Feb-2024,22300,CE,85.05,85.05,62.5,65.45,65.45,208,2326.62,19550,1350,11-JAN-2024,
OPTIDX,NIFTY,01-Feb-2024,22350,CE,57.35,67.05,56.5,57.4,57.4,55,616.32,5200,1550,11-JAN-2024,
OPTIDX,NIFTY,01-Feb-2024,22400,CE,62.9,63.9,46.65,50.75,50.75,331,3716.18,13650,4750,11-JAN-2024,
OPTIDX,NIFTY,01-Feb-2024,22450,CE,49.45,52.25,42.9,42.9,42.9,16,179.97,3350,350,11-JAN-2024,
OPTIDX,NIFTY,01-Feb-2024,22500,CE,48.35,50.15,35.35,37.95,37.95,3662,41277.8,132500,32800,11-JAN-2024,
OPTIDX,NIFTY,01-Feb-2024,22550,CE,40,40.25,32.1,32.25,32.25,85,960.01,6050,2000,11-JAN-2024,
OPTIDX,NIFTY,01-Feb-2024,22600,CE,35.9,37.6,26.5,28.6,28.6,687,7774.66,26100,3450,11-JAN-2024,
OPTIDX,NIFTY,01-Feb-2024,22650,CE,24.55,29.65,23.95,24.65,24.65,43,487.55,3800,900,11-JAN-2024,
OPTIDX,NIFTY,01-Feb-2024,22700,CE,27.5,28.5,19.8,21,21,249,2829.09,25550,4700,11-JAN-2024,
OPTIDX,NIFTY,01-Feb-2024,22750,CE,23,23.3,14.2,19,19,17,193.54,4650,450,11-JAN-2024,
OPTIDX,NIFTY,01-Feb-2024,22800,CE,20.05,22.6,16,16.55,16.55,333,3799.45,15500,2650,11-JAN-2024,
OPTIDX,NIFTY,01-Feb-2024,22850,CE,0,0,0,31.6,11.3,0,0,3950,0,11-JAN-2024,
OPTIDX,NIFTY,01-Feb-2024,22900,CE,15.75,17.05,13.5,13.5,13.5,42,481.23,4400,1150,11-JAN-2024,
OPTIDX,NIFTY,01-Feb-2024,22950,CE,15.5,16.45,10.35,11.3,7.75,16,183.71,2900,100,11-JAN-2024,
OPTIDX,NIFTY,01-Feb-2024,23000,CE,13.5,14.25,10.5,11,11,631,7260.23,73550,7700,11-JAN-2024,
OPTIDX,NIFTY,01-Feb-2024,23050,CE,10.85,12.95,10.3,10.95,5.25,23,265.2,2650,550,11-JAN-2024,
OPTIDX,NIFTY,01-Feb-2024,23100,CE,8.3,12,8.3,9.7,9.7,15,173.32,4700,200,11-JAN-2024,
OPTIDX,NIFTY,01-Feb-2024,23150,CE,10.05,10.05,6.35,8.35,8.35,115,1331.61,2450,100,11-JAN-2024,
OPTIDX,NIFTY,01-Feb-2024,23200,CE,10,10.2,6.3,7.6,7.6,77,893.51,10500,1450,11-JAN-2024,
OPTIDX,NIFTY,01-Feb-2024,23250,CE,8.8,8.8,6.9,6.9,6.9,9,104.66,2750,-150,11-JAN-2024,
OPTIDX,NIFTY,01-Feb-2024,23300,CE,7.75,8.5,6,6.2,6.2,106,1235.29,22900,50,11-JAN-2024,
OPTIDX,NIFTY,01-Feb-2024,23350,CE,8,8,6.35,6.35,1.5,27,315.31,1800,-50,11-JAN-2024,
OPTIDX,NIFTY,01-Feb-2024,23400,CE,8,8,7,7,1.2,10,117.03,1500,50,11-JAN-2024,
OPTIDX,NIFTY,01-Feb-2024,23450,CE,7.35,8.35,5.2,5.7,5.7,235,2756.11,6200,4100,11-JAN-2024,
OPTIDX,NIFTY,01-Feb-2024,19750,PE,0,0,0,22.55,0.1,0,0,0,0,11-JAN-2024,
OPTIDX,NIFTY,01-Feb-2024,19800,PE,0,0,0,25.4,0.1,0,0,0,0,11-JAN-2024,
OPTIDX,NIFTY,01-Feb-2024,19850,PE,0,0,0,28.6,0.15,0,0,0,0,11-JAN-2024,
OPTIDX,NIFTY,01-Feb-2024,19900,PE,0,0,0,32.05,0.2,0,0,0,0,11-JAN-2024,
OPTIDX,NIFTY,01-Feb-2024,19950,PE,10.3,10.3,6,7.65,0.3,42,419.14,2750,1150,11-JAN-2024,
OPTIDX,NIFTY,01-Feb-2024,20000,PE,10.5,11.95,8.95,9.8,9.8,162,1620.82,23000,2400,11-JAN-2024,
OPTIDX,NIFTY,01-Feb-2024,20050,PE,0,0,0,12.55,0.55,0,0,2050,0,11-JAN-2024,
OPTIDX,NIFTY,01-Feb-2024,20100,PE,14.1,17,9,12.2,12.2,109,1096.11,10100,150,11-JAN-2024,
OPTIDX,NIFTY,01-Feb-2024,20150,PE,10,10,10,10,10,1,10.08,7350,0,11-JAN-2024,
OPTIDX,NIFTY,01-Feb-2024,20200,PE,13,21.5,10.75,12.2,12.2,28,282.98,4550,-150,11-JAN-2024,
OPTIDX,NIFTY,01-Feb-2024,20250,PE,0,0,0,21,1.55,0,0,3400,0,11-JAN-2024,
OPTIDX,NIFTY,01-Feb-2024,20300,PE,15.4,15.4,13.35,14.05,14.05,45,457.07,11500,250,11-JAN-2024,
OPTIDX,NIFTY,01-Feb-2024,20350,PE,0,0,0,25,2.6,0,0,2700,0,11-JAN-2024,
OPTIDX,NIFTY,01-Feb-2024,20400,PE,16,24.75,12.25,24.75,3.3,13,132.71,3900,150,11-JAN-2024,
OPTIDX,NIFTY,01-Feb-2024,20450,PE,0,0,0,30.5,4.15,0,0,1700,0,11-JAN-2024,
OPTIDX,NIFTY,01-Feb-2024,20500,PE,20.45,23.5,19.25,20.25,20.25,1130,11594.31,68700,20350,11-JAN-2024,
OPTIDX,NIFTY,01-Feb-2024,20550,PE,27.15,27.2,22.2,22.9,22.9,33,339.48,5050,250,11-JAN-2024,
OPTIDX,NIFTY,01-Feb-2024,20600,PE,22.15,28.85,22.15,24.8,24.8,49,505.3,10900,550,11-JAN-2024,
OPTIDX,NIFTY,01-Feb-2024,20650,PE,29.6,29.75,29.6,29.75,10,2,20.67,4100,0,11-JAN-2024,
OPTIDX,NIFTY,01-Feb-2024,20700,PE,28.3,36.6,28.15,32.05,32.05,288,2985.33,26200,1650,11-JAN-2024,
OPTIDX,NIFTY,01-Feb-2024,20750,PE,40,40,33,35.7,14.9,4,41.57,850,0,11-JAN-2024,
OPTIDX,NIFTY,01-Feb-2024,20800,PE,45,45.7,35,39.2,39.2,326,3396.83,16000,8700,11-JAN-2024,
OPTIDX,NIFTY,01-Feb-2024,20850,PE,0,0,0,48,21.75,0,0,350,0,11-JAN-2024,
OPTIDX,NIFTY,01-Feb-2024,20900,PE,47.05,59.25,37.65,50.4,50.4,764,8003.33,21050,14000,11-JAN-2024,
OPTIDX,NIFTY,01-Feb-2024,20950,PE,57.8,65,53.8,56.5,56.5,35,367.66,4350,250,11-JAN-2024,
OPTIDX,NIFTY,01-Feb-2024,21000,PE,50.95,73.7,50.95,63.35,63.35,1291,13596.25,117700,18250,11-JAN-2024,
OPTIDX,NIFTY,01-Feb-2024,21050,PE,69,81.9,65.7,70.75,70.75,26,274.59,3300,500,11-JAN-2024,
OPTIDX,NIFTY,01-Feb-2024,21100,PE,70.55,89,70.45,79.2,79.2,161,1704.87,19450,2200,11-JAN-2024,
OPTIDX,NIFTY,01-Feb-2024,21150,PE,87.55,87.55,86,86.6,86.6,22,233.6,6050,550,11-JAN-2024,
OPTIDX,NIFTY,01-Feb-2024,21200,PE,94.25,110.15,83.7,97.05,97.05,231,2459.76,13100,1750,11-JAN-2024,
OPTIDX,NIFTY,01-Feb-2024,21250,PE,112.7,126.55,103.45,106.95,106.95,18,192.24,2700,600,11-JAN-2024,
OPTIDX,NIFTY,01-Feb-2024,21300,PE,106.1,135.25,105.3,119.45,119.45,1164,12466.24,89300,21600,11-JAN-2024,
OPTIDX,NIFTY,01-Feb-2024,21350,PE,116.7,136.6,116.7,131.95,131.95,64,687.26,2850,2700,11-JAN-2024,
OPTIDX,NIFTY,01-Feb-2024,21400,PE,130,167,130,146.05,146.05,717,7724.23,31450,9550,11-JAN-2024,
OPTIDX,NIFTY,01-Feb-2024,21450,PE,150,184.95,144.5,160.9,160.9,104,1123.35,6600,-400,11-JAN-2024,
OPTIDX,NIFTY,01-Feb-2024,21500,PE,170.6,202,155,178.75,178.75,2563,27777.59,255500,-12550,11-JAN-2024,
OPTIDX,NIFTY,01-Feb-2024,21550,PE,189,202.05,186,197.6,197.6,91,989.37,5850,2250,11-JAN-2024,
OPTIDX,NIFTY,01-Feb-2024,21600,PE,195,242.55,190.15,217.2,217.2,1107,12072.88,36000,12300,11-JAN-2024,
OPTIDX,NIFTY,01-Feb-2024,21650,PE,208.75,265.3,208.5,237.85,237.85,311,3402.71,12150,6550,11-JAN-2024,
OPTIDX,NIFTY,01-Feb-2024,21700,PE,230,288.8,228,260.7,260.7,5434,59659.41,156450,117050,11-JAN-2024,
OPTIDX,NIFTY,01-Feb-2024,21750,PE,264.65,296,249.25,283.85,283.85,41,451.44,4450,-100,11-JAN-2024,
OPTIDX,NIFTY,01-Feb-2024,21800,PE,274.5,336.45,271.4,308.4,308.4,658,7269.21,19000,-11800,11-JAN-2024,
OPTIDX,NIFTY,01-Feb-2024,21850,PE,328.4,335,310.9,328.7,316.15,15,166.32,4250,-300,11-JAN-2024,
OPTIDX,NIFTY,01-Feb-2024,21900,PE,356.3,368,341.8,363.15,363.15,16,177.98,5250,650,11-JAN-2024,
OPTIDX,NIFTY,01-Feb-2024,21950,PE,0,0,0,364.35,376.9,0,0,150,0,11-JAN-2024,
OPTIDX,NIFTY,01-Feb-2024,22000,PE,380,448.6,350.4,423.15,423.15,234,2621.35,21350,5700,11-JAN-2024,
OPTIDX,NIFTY,01-Feb-2024,22050,PE,0,0,0,432,443.5,0,0,150,0,11-JAN-2024,
OPTIDX,NIFTY,01-Feb-2024,22100,PE,466.4,505.3,454,485.05,485.05,37,417.84,3800,800,11-JAN-2024,
OPTIDX,NIFTY,01-Feb-2024,22150,PE,0,0,0,879.2,515.45,0,0,0,0,11-JAN-2024,
OPTIDX,NIFTY,01-Feb-2024,22200,PE,0,0,0,561.85,553.3,0,0,3600,0,11-JAN-2024,
OPTIDX,NIFTY,01-Feb-2024,22250,PE,0,0,0,954.35,592.3,0,0,0,0,11-JAN-2024,
OPTIDX,NIFTY,01-Feb-2024,22300,PE,0,0,0,993.3,632.45,0,0,0,0,11-JAN-2024,
OPTIDX,NIFTY,01-Feb-2024,22350,PE,0,0,0,1032.9,673.55,0,0,0,0,11-JAN-2024,
OPTIDX,NIFTY,01-Feb-2024,22400,PE,0,0,0,1073.1,715.65,0,0,0,0,11-JAN-2024,
OPTIDX,NIFTY,01-Feb-2024,22450,PE,0,0,0,1113.85,758.6,0,0,0,0,11-JAN-2024,
OPTIDX,NIFTY,01-Feb-2024,22500,PE,781.85,781.85,781.85,781.85,781.85,1,11.64,50,50,11-JAN-2024,
OPTIDX,NIFTY,01-Feb-2024,22550,PE,0,0,0,1197.05,846.8,0,0,0,0,11-JAN-2024,
OPTIDX,NIFTY,01-Feb-2024,22600,PE,0,0,0,1239.45,891.95,0,0,0,0,11-JAN-2024,
OPTIDX,NIFTY,01-Feb-2024,22650,PE,0,0,0,1282.3,937.7,0,0,0,0,11-JAN-2024,
OPTIDX,NIFTY,01-Feb-2024,22700,PE,0,0,0,1325.6,984,0,0,0,0,11-JAN-2024,
OPTIDX,NIFTY,01-Feb-2024,22750,PE,0,0,0,1369.35,1030.75,0,0,0,0,11-JAN-2024,
OPTIDX,NIFTY,01-Feb-2024,22800,PE,0,0,0,1230,1077.95,0,0,50,0,11-JAN-2024,
OPTIDX,NIFTY,01-Feb-2024,22850,PE,0,0,0,1458.1,1125.5,0,0,0,0,11-JAN-2024,
OPTIDX,NIFTY,01-Feb-2024,22900,PE,0,0,0,1503.05,1173.4,0,0,0,0,11-JAN-2024,
OPTIDX,NIFTY,01-Feb-2024,22950,PE,0,0,0,1548.3,1221.6,0,0,0,0,11-JAN-2024,
OPTIDX,NIFTY,01-Feb-2024,23000,PE,0,0,0,1593.95,1270.05,0,0,0,0,11-JAN-2024,
OPTIDX,NIFTY,01-Feb-2024,23050,PE,0,0,0,1639.85,1318.7,0,0,0,0,11-JAN-2024,
OPTIDX,NIFTY,01-Feb-2024,23100,PE,0,0,0,1686.05,1367.55,0,0,0,0,11-JAN-2024,
OPTIDX,NIFTY,01-Feb-2024,23150,PE,0,0,0,1732.55,1416.55,0,0,0,0,11-JAN-2024,
OPTIDX,NIFTY,01-Feb-2024,23200,PE,0,0,0,1779.25,1465.7,0,0,0,0,11-JAN-2024,
OPTIDX,NIFTY,01-Feb-2024,23250,PE,0,0,0,1826.25,1515,0,0,0,0,11-JAN-2024,
OPTIDX,NIFTY,01-Feb-2024,23300,PE,0,0,0,1873.45,1564.35,0,0,0,0,11-JAN-2024,
OPTIDX,NIFTY,01-Feb-2024,23350,PE,0,0,0,1920.8,1613.75,0,0,0,0,11-JAN-2024,
OPTIDX,NIFTY,01-Feb-2024,23400,PE,0,0,0,1968.4,1663.3,0,0,0,0,11-JAN-2024,
OPTIDX,NIFTY,01-Feb-2024,23450,PE,0,0,0,2016.15,1712.85,0,0,0,0,11-JAN-2024,
OPTIDX,NIFTY,08-Feb-2024,19750,CE,0,0,0,2051,1999.6,0,0,0,0,11-JAN-2024,
OPTIDX,NIFTY,08-Feb-2024,19800,CE,0,0,0,2002.15,1950,0,0,0,0,11-JAN-2024,
OPTIDX,NIFTY,08-Feb-2024,19850,CE,0,0,0,1953.45,1900.4,0,0,0,0,11-JAN-2024,
OPTIDX,NIFTY,08-Feb-2024,19900,CE,0,0,0,1904.85,1850.85,0,0,0,0,11-JAN-2024,
OPTIDX,NIFTY,08-Feb-2024,19950,CE,0,0,0,1856.4,1801.35,0,0,0,0,11-JAN-2024,
OPTIDX,NIFTY,08-Feb-2024,20000,CE,0,0,0,1808.15,1751.9,0,0,0,0,11-JAN-2024,
OPTIDX,NIFTY,08-Feb-2024,20050,CE,0,0,0,1760.1,1702.5,0,0,0,0,11-JAN-2024,
OPTIDX,NIFTY,08-Feb-2024,20100,CE,0,0,0,1712.2,1653.2,0,0,0,0,11-JAN-2024,
OPTIDX,NIFTY,08-Feb-2024,20150,CE,0,0,0,1664.55,1604,0,0,0,0,11-JAN-2024,
OPTIDX,NIFTY,08-Feb-2024,20200,CE,0,0,0,1617.15,1554.9,0,0,0,0,11-JAN-2024,
OPTIDX,NIFTY,08-Feb-2024,20250,CE,0,0,0,1570.05,1505.95,0,0,0,0,11-JAN-2024,
OPTIDX,NIFTY,08-Feb-2024,20300,CE,0,0,0,1523.2,1457.15,0,0,0,0,11-JAN-2024,
OPTIDX,NIFTY,08-Feb-2024,20350,CE,0,0,0,1476.65,1408.5,0,0,0,0,11-JAN-2024,
OPTIDX,NIFTY,08-Feb-2024,20400,CE,0,0,0,1430.5,1360.1,0,0,0,0,11-JAN-2024,
OPTIDX,NIFTY,08-Feb-2024,20450,CE,0,0,0,1384.7,1311.9,0,0,0,0,11-JAN-2024,
OPTIDX,NIFTY,08-Feb-2024,20500,CE,0,0,0,1339.3,1264,0,0,0,0,11-JAN-2024,
OPTIDX,NIFTY,08-Feb-2024,20550,CE,0,0,0,1294.35,1216.4,0,0,0,0,11-JAN-2024,
OPTIDX,NIFTY,08-Feb-2024,20600,CE,0,0,0,1249.85,1169.15,0,0,0,0,11-JAN-2024,
OPTIDX,NIFTY,08-Feb-2024,20650,CE,0,0,0,1205.85,1122.3,0,0,0,0,11-JAN-2024,
OPTIDX,NIFTY,08-Feb-2024,20700,CE,0,0,0,1162.35,1075.85,0,0,0,0,11-JAN-2024,
OPTIDX,NIFTY,08-Feb-2024,20750,CE,0,0,0,1119.45,1029.95,0,0,0,0,11-JAN-2024,
OPTIDX,NIFTY,08-Feb-2024,20800,CE,0,0,0,1077.1,984.55,0,0,0,0,11-JAN-2024,
OPTIDX,NIFTY,08-Feb-2024,20850,CE,0,0,0,1035.35,939.75,0,0,0,0,11-JAN-2024,
OPTIDX,NIFTY,08-Feb-2024,20900,CE,0,0,0,994.3,895.6,0,0,0,0,11-JAN-2024,
OPTIDX,NIFTY,08-Feb-2024,20950,CE,0,0,0,953.9,852.15,0,0,0,0,11-JAN-2024,
OPTIDX,NIFTY,08-Feb-2024,21000,CE,0,0,0,914.25,809.45,0,0,0,0,11-JAN-2024,
OPTIDX,NIFTY,08-Feb-2024,21050,CE,0,0,0,875.35,767.55,0,0,0,0,11-JAN-2024,
OPTIDX,NIFTY,08-Feb-2024,21100,CE,0,0,0,837.2,726.55,0,0,0,0,11-JAN-2024,
OPTIDX,NIFTY,08-Feb-2024,21150,CE,0,0,0,800.65,686.5,0,0,0,0,11-JAN-2024,
OPTIDX,NIFTY,08-Feb-2024,21200,CE,0,0,0,763.15,647.45,0,0,0,0,11-JAN-2024,
OPTIDX,NIFTY,08-Feb-2024,21250,CE,0,0,0,727.5,609.4,0,0,0,0,11-JAN-2024,
OPTIDX,NIFTY,08-Feb-2024,21300,CE,0,0,0,510,572.45,0,0,50,0,11-JAN-2024,
OPTIDX,NIFTY,08-Feb-2024,21350,CE,0,0,0,658.9,536.65,0,0,0,0,11-JAN-2024,
OPTIDX,NIFTY,08-Feb-2024,21400,CE,0,0,0,503,502.05,0,0,100,0,11-JAN-2024,
OPTIDX,NIFTY,08-Feb-2024,21450,CE,0,0,0,584.05,468.7,0,0,100,0,11-JAN-2024,
OPTIDX,NIFTY,08-Feb-2024,21500,CE,508,521.35,444.1,451.25,451.25,30,329.7,4250,0,11-JAN-2024,
OPTIDX,NIFTY,08-Feb-2024,21550,CE,435.75,437.1,435.75,437.1,437.1,2,21.98,150,100,11-JAN-2024,
OPTIDX,NIFTY,08-Feb-2024,21600,CE,440.1,447.35,388.15,398.85,398.85,55,605.19,2800,150,11-JAN-2024,
OPTIDX,NIFTY,08-Feb-2024,21650,CE,408.35,414.6,350,371.5,348.05,52,572.97,2150,1550,11-JAN-2024,
OPTIDX,NIFTY,08-Feb-2024,21700,CE,373.6,385.8,319.15,341.05,341.05,103,1135.31,3850,-550,11-JAN-2024,
OPTIDX,NIFTY,08-Feb-2024,21750,CE,356.1,356.1,298.45,308.05,308.05,18,198.69,3200,350,11-JAN-2024,
OPTIDX,NIFTY,08-Feb-2024,21800,CE,320,338.9,274.15,287.2,287.2,129,1425.99,3950,2050,11-JAN-2024,
OPTIDX,NIFTY,08-Feb-2024,21850,CE,298.4,308.05,275.7,275.7,248.85,32,354.4,550,-950,11-JAN-2024,
OPTIDX,NIFTY,08-Feb-2024,21900,CE,280.05,280.05,231,241.5,241.5,30,332.37,1200,450,11-JAN-2024,
OPTIDX,NIFTY,08-Feb-2024,21950,CE,0,0,0,328.05,207.3,0,0,0,0,11-JAN-2024,
OPTIDX,NIFTY,08-Feb-2024,22000,CE,230,235.9,186.1,198.4,198.4,342,3797.58,15550,6800,11-JAN-2024,
OPTIDX,NIFTY,08-Feb-2024,22050,CE,0,0,0,286.8,170.9,0,0,0,0,11-JAN-2024,
OPTIDX,NIFTY,08-Feb-2024,22100,CE,167,170,149.9,164.8,164.8,18,200.34,2300,250,11-JAN-2024,
OPTIDX,NIFTY,08-Feb-2024,22150,CE,0,0,0,249.35,139.4,0,0,0,0,11-JAN-2024,
OPTIDX,NIFTY,08-Feb-2024,22200,CE,139,146.45,110.45,126.3,126.3,28,312.67,1350,450,11-JAN-2024,
OPTIDX,NIFTY,08-Feb-2024,22250,CE,0,0,0,144.45,112.45,0,0,50,0,11-JAN-2024,
OPTIDX,NIFTY,08-Feb-2024,22300,CE,116.55,116.55,93.9,93.9,100.6,3,33.6,100,100,11-JAN-2024,
OPTIDX,NIFTY,08-Feb-2024,22350,CE,0,0,0,185.35,89.75,0,0,0,0,11-JAN-2024,
OPTIDX,NIFTY,08-Feb-2024,22400,CE,95.65,95.65,81.45,85.75,79.85,28,314.83,2050,550,11-JAN-2024,
OPTIDX,NIFTY,08-Feb-2024,22450,CE,0,0,0,158.45,70.8,0,0,0,0,11-JAN-2024,
OPTIDX,NIFTY,08-Feb-2024,22500,CE,83.1,83.75,57.2,64.5,64.5,481,5428.77,15500,10850,11-JAN-2024,
OPTIDX,NIFTY,08-Feb-2024,22550,CE,57.8,57.8,52,52,55.25,8,90.41,50,0,11-JAN-2024,
OPTIDX,NIFTY,08-Feb-2024,22600,CE,75.65,75.65,62.1,62.1,48.6,2,22.66,350,100,11-JAN-2024,
OPTIDX,NIFTY,08-Feb-2024,22650,CE,44.75,44.75,40.25,40.25,42.6,3,34.03,150,100,11-JAN-2024,
OPTIDX,NIFTY,08-Feb-2024,22700,CE,40.5,40.55,38.65,39.4,39.4,19,216.02,700,300,11-JAN-2024,
OPTIDX,NIFTY,08-Feb-2024,22750,CE,0,0,0,95.8,32.5,0,0,0,0,11-JAN-2024,
OPTIDX,NIFTY,08-Feb-2024,22800,CE,35,37.25,30.8,34.05,34.05,31,353.94,1050,200,11-JAN-2024,
OPTIDX,NIFTY,08-Feb-2024,22850,CE,0,0,0,22.2,24.5,0,0,50,0,11-JAN-2024,
OPTIDX,NIFTY,08-Feb-2024,22900,CE,0,0,0,73,21.15,0,0,0,0,11-JAN-2024,
OPTIDX,NIFTY,08-Feb-2024,22950,CE,0,0,0,66.45,18.25,0,0,0,0,11-JAN-2024,
OPTIDX,NIFTY,08-Feb-2024,23000,CE,23.2,24.4,19.15,20.05,20.05,228,2624.56,9300,-3350,11-JAN-2024,
OPTIDX,NIFTY,08-Feb-2024,23050,CE,0,0,0,54.85,13.4,0,0,0,0,11-JAN-2024,
OPTIDX,NIFTY,08-Feb-2024,23100,CE,0,0,0,49.75,11.45,0,0,0,0,11-JAN-2024,
OPTIDX,NIFTY,08-Feb-2024,23150,CE,0,0,0,34.95,9.75,0,0,100,0,11-JAN-2024,
OPTIDX,NIFTY,08-Feb-2024,23200,CE,0,0,0,40.7,8.3,0,0,0,0,11-JAN-2024,
OPTIDX,NIFTY,08-Feb-2024,23250,CE,0,0,0,36.7,7,0,0,0,0,11-JAN-2024,
OPTIDX,NIFTY,08-Feb-2024,23300,CE,0,0,0,33.1,5.9,0,0,0,0,11-JAN-2024,
OPTIDX,NIFTY,08-Feb-2024,23350,CE,0,0,0,14.1,5,0,0,500,0,11-JAN-2024,
OPTIDX,NIFTY,08-Feb-2024,23400,CE,0,0,0,26.75,4.2,0,0,0,0,11-JAN-2024,
OPTIDX,NIFTY,08-Feb-2024,23450,CE,10,17.8,9,9.6,9.6,32,375.36,1900,1150,11-JAN-2024,
OPTIDX,NIFTY,08-Feb-2024,19750,PE,0,0,0,4.8,0.4,0,0,0,0,11-JAN-2024,
OPTIDX,NIFTY,08-Feb-2024,19800,PE,0,0,0,5.6,0.55,0,0,0,0,11-JAN-2024,
OPTIDX,NIFTY,08-Feb-2024,19850,PE,0,0,0,6.55,0.7,0,0,0,0,11-JAN-2024,
OPTIDX,NIFTY,08-Feb-2024,19900,PE,0,0,0,7.65,0.85,0,0,0,0,11-JAN-2024,
OPTIDX,NIFTY,08-Feb-2024,19950,PE,0,0,0,8.85,1.1,0,0,0,0,11-JAN-2024,
OPTIDX,NIFTY,08-Feb-2024,20000,PE,3,11.75,3,11.75,11.75,12,120.06,750,-50,11-JAN-2024,
OPTIDX,NIFTY,08-Feb-2024,20050,PE,0,0,0,11.8,1.75,0,0,0,0,11-JAN-2024,
OPTIDX,NIFTY,08-Feb-2024,20100,PE,15.95,15.95,15.95,15.95,2.2,10,100.57,250,0,11-JAN-2024,
OPTIDX,NIFTY,08-Feb-2024,20150,PE,0,0,0,15.6,2.7,0,0,0,0,11-JAN-2024,
OPTIDX,NIFTY,08-Feb-2024,20200,PE,0,0,0,17.85,3.35,0,0,0,0,11-JAN-2024,
OPTIDX,NIFTY,08-Feb-2024,20250,PE,0,0,0,20.35,4.15,0,0,0,0,11-JAN-2024,
OPTIDX,NIFTY,08-Feb-2024,20300,PE,0,0,0,23.2,5.1,0,0,0,0,11-JAN-2024,
OPTIDX,NIFTY,08-Feb-2024,20350,PE,0,0,0,26.3,6.2,0,0,0,0,11-JAN-2024,
OPTIDX,NIFTY,08-Feb-2024,20400,PE,21,26.5,21,26.35,26.35,10,102.12,450,450,11-JAN-2024,
OPTIDX,NIFTY,08-Feb-2024,20450,PE,0,0,0,33.65,9.1,0,0,0,0,11-JAN-2024,
OPTIDX,NIFTY,08-Feb-2024,20500,PE,30.65,36,30.65,32.15,32.15,146,1498.95,5900,-1200,11-JAN-2024,
OPTIDX,NIFTY,08-Feb-2024,20550,PE,0,0,0,42.6,13.05,0,0,0,0,11-JAN-2024,
OPTIDX,NIFTY,08-Feb-2024,20600,PE,0,0,0,47.75,15.55,0,0,0,0,11-JAN-2024,
OPTIDX,NIFTY,08-Feb-2024,20650,PE,0,0,0,53.4,18.45,0,0,0,0,11-JAN-2024,
OPTIDX,NIFTY,08-Feb-2024,20700,PE,38.9,57.65,38.85,52.55,52.55,9,93.36,500,200,11-JAN-2024,
OPTIDX,NIFTY,08-Feb-2024,20750,PE,0,0,0,62.65,25.55,0,0,0,0,11-JAN-2024,
OPTIDX,NIFTY,08-Feb-2024,20800,PE,0,0,0,73.6,29.9,0,0,0,0,11-JAN-2024,
OPTIDX,NIFTY,08-Feb-2024,20850,PE,0,0,0,81.55,34.85,0,0,0,0,11-JAN-2024,
OPTIDX,NIFTY,08-Feb-2024,20900,PE,73.55,82.85,65,65,65,24,251.67,1900,250,11-JAN-2024,
OPTIDX,NIFTY,08-Feb-2024,20950,PE,0,0,0,99.4,46.75,0,0,0,0,11-JAN-2024,
OPTIDX,NIFTY,08-Feb-2024,21000,PE,78.35,92.45,75,82.9,82.9,235,2477.45,14150,2150,11-JAN-2024,
OPTIDX,NIFTY,08-Feb-2024,21050,PE,0,0,0,92.5,61.65,0,0,1000,0,11-JAN-2024,
OPTIDX,NIFTY,08-Feb-2024,21100,PE,101,101,93.5,93.5,93.5,6,63.59,1850,100,11-JAN-2024,
OPTIDX,NIFTY,08-Feb-2024,21150,PE,0,0,0,144.75,80.05,0,0,0,0,11-JAN-2024,
OPTIDX,NIFTY,08-Feb-2024,21200,PE,115,125.85,115,117.25,117.25,9,95.93,500,400,11-JAN-2024,
OPTIDX,NIFTY,08-Feb-2024,21250,PE,0,0,0,170.9,102.45,0,0,0,0,11-JAN-2024,
OPTIDX,NIFTY,08-Feb-2024,21300,PE,132,152.8,129.9,143.5,115.25,57,611.09,2950,450,11-JAN-2024,
OPTIDX,NIFTY,08-Feb-2024,21350,PE,0,0,0,201.55,129.2,0,0,0,0,11-JAN-2024,
OPTIDX,NIFTY,08-Feb-2024,21400,PE,160,201,160,173.8,173.8,131,1413.15,6700,4600,11-JAN-2024,
OPTIDX,NIFTY,08-Feb-2024,21450,PE,182.45,188.7,182.45,188.7,160.7,4,43.27,200,100,11-JAN-2024,
OPTIDX,NIFTY,08-Feb-2024,21500,PE,190.15,229.65,185.9,208.2,208.2,193,2094.36,13900,3600,11-JAN-2024,
OPTIDX,NIFTY,08-Feb-2024,21550,PE,0,0,0,274.15,197.25,0,0,0,0,11-JAN-2024,
OPTIDX,NIFTY,08-Feb-2024,21600,PE,224.3,257.45,224.3,248.55,248.55,38,415.08,2800,0,11-JAN-2024,
OPTIDX,NIFTY,08-Feb-2024,21650,PE,264.2,290.7,244.3,261.25,239.05,8,87.66,500,100,11-JAN-2024,
OPTIDX,NIFTY,08-Feb-2024,21700,PE,252.55,315,251.75,287.6,287.6,236,2593.96,4650,2750,11-JAN-2024,
OPTIDX,NIFTY,08-Feb-2024,21750,PE,0,0,0,313.75,286.2,0,0,950,0,11-JAN-2024,
OPTIDX,NIFTY,08-Feb-2024,21800,PE,315,330,315,330,311.85,24,265.49,1450,1100,11-JAN-2024,
OPTIDX,NIFTY,08-Feb-2024,21850,PE,0,0,0,402.1,338.8,0,0,50,0,11-JAN-2024,
OPTIDX,NIFTY,08-Feb-2024,21900,PE,386.9,386.9,386.9,386.9,386.9,24,267.44,400,400,11-JAN-2024,
OPTIDX,NIFTY,08-Feb-2024,21950,PE,0,0,0,466.55,396.75,0,0,0,0,11-JAN-2024,
OPTIDX,NIFTY,08-Feb-2024,22000,PE,400,450,400,433.5,427.65,51,571.85,3000,1800,11-JAN-2024,
OPTIDX,NIFTY,08-Feb-2024,22050,PE,0,0,0,524.6,459.8,0,0,0,0,11-JAN-2024,
OPTIDX,NIFTY,08-Feb-2024,22100,PE,0,0,0,555.05,493.2,0,0,0,0,11-JAN-2024,
OPTIDX,NIFTY,08-Feb-2024,22150,PE,0,0,0,586.45,527.8,0,0,0,0,11-JAN-2024,
OPTIDX,NIFTY,08-Feb-2024,22200,PE,0,0,0,618.75,563.5,0,0,0,0,11-JAN-2024,
OPTIDX,NIFTY,08-Feb-2024,22250,PE,0,0,0,652,600.35,0,0,0,0,11-JAN-2024,
OPTIDX,NIFTY,08-Feb-2024,22300,PE,0,0,0,647.85,638.25,0,0,50,0,11-JAN-2024,
OPTIDX,NIFTY,08-Feb-2024,22350,PE,0,0,0,721.05,677.1,0,0,0,0,11-JAN-2024,
OPTIDX,NIFTY,08-Feb-2024,22400,PE,0,0,0,756.85,716.95,0,0,0,0,11-JAN-2024,
OPTIDX,NIFTY,08-Feb-2024,22450,PE,0,0,0,793.45,757.65,0,0,0,0,11-JAN-2024,
OPTIDX,NIFTY,08-Feb-2024,22500,PE,0,0,0,831.9,799.25,0,0,0,0,11-JAN-2024,
OPTIDX,NIFTY,08-Feb-2024,22550,PE,0,0,0,869.15,841.6,0,0,0,0,11-JAN-2024,
OPTIDX,NIFTY,08-Feb-2024,22600,PE,0,0,0,908.05,884.65,0,0,0,0,11-JAN-2024,
OPTIDX,NIFTY,08-Feb-2024,22650,PE,0,0,0,947.6,928.45,0,0,0,0,11-JAN-2024,
OPTIDX,NIFTY,08-Feb-2024,22700,PE,0,0,0,987.85,972.8,0,0,0,0,11-JAN-2024,
OPTIDX,NIFTY,08-Feb-2024,22750,PE,0,0,0,1028.7,1017.8,0,0,0,0,11-JAN-2024,
OPTIDX,NIFTY,08-Feb-2024,22800,PE,0,0,0,1070.2,1063.3,0,0,0,0,11-JAN-2024,
OPTIDX,NIFTY,08-Feb-2024,22850,PE,0,0,0,1112.25,1109.25,0,0,0,0,11-JAN-2024,
OPTIDX,NIFTY,08-Feb-2024,22900,PE,0,0,0,1154.85,1155.7,0,0,0,0,11-JAN-2024,
OPTIDX,NIFTY,08-Feb-2024,22950,PE,0,0,0,1198,1202.5,0,0,0,0,11-JAN-2024,
OPTIDX,NIFTY,08-Feb-2024,23000,PE,0,0,0,1241.6,1249.65,0,0,0,0,11-JAN-2024,
OPTIDX,NIFTY,08-Feb-2024,23050,PE,0,0,0,1285.7,1297.15,0,0,0,0,11-JAN-2024,
OPTIDX,NIFTY,08-Feb-2024,23100,PE,0,0,0,1330.2,1344.95,0,0,0,0,11-JAN-2024,
OPTIDX,NIFTY,08-Feb-2024,23150,PE,0,0,0,1375.15,1393,0,0,0,0,11-JAN-2024,
OPTIDX,NIFTY,08-Feb-2024,23200,PE,0,0,0,1420.5,1441.25,0,0,0,0,11-JAN-2024,
OPTIDX,NIFTY,08-Feb-2024,23250,PE,0,0,0,1466.15,1489.75,0,0,0,0,11-JAN-2024,
OPTIDX,NIFTY,08-Feb-2024,23300,PE,0,0,0,1512.2,1538.4,0,0,0,0,11-JAN-2024,
OPTIDX,NIFTY,08-Feb-2024,23350,PE,0,0,0,1558.5,1587.2,0,0,0,0,11-JAN-2024,
OPTIDX,NIFTY,08-Feb-2024,23400,PE,0,0,0,1605.15,1636.15,0,0,0,0,11-JAN-2024,
OPTIDX,NIFTY,08-Feb-2024,23450,PE,0,0,0,1652.05,1685.2,0,0,0,0,11-JAN-2024,
OPTIDX,NIFTY,29-Feb-2024,18650,CE,0,0,0,1883.15,3165.5,0,0,0,0,11-JAN-2024,
OPTIDX,NIFTY,29-Feb-2024,18700,CE,0,0,0,1839.4,3115.95,0,0,0,0,11-JAN-2024,
OPTIDX,NIFTY,29-Feb-2024,18750,CE,0,0,0,1796,3066.4,0,0,0,0,11-JAN-2024,
OPTIDX,NIFTY,29-Feb-2024,18800,CE,0,0,0,1752.95,3016.9,0,0,0,0,11-JAN-2024,
OPTIDX,NIFTY,29-Feb-2024,18850,CE,0,0,0,1710.25,2967.35,0,0,0,0,11-JAN-2024,
OPTIDX,NIFTY,29-Feb-2024,18900,CE,0,0,0,1667.9,2917.85,0,0,0,0,11-JAN-2024,
OPTIDX,NIFTY,29-Feb-2024,18950,CE,0,0,0,1626,2868.3,0,0,0,0,11-JAN-2024,
OPTIDX,NIFTY,29-Feb-2024,19000,CE,2880.95,2880.95,2786,2797.25,2797.25,104,1133.58,68650,2400,11-JAN-2024,
OPTIDX,NIFTY,29-Feb-2024,19050,CE,0,0,0,1543.4,2769.3,0,0,0,0,11-JAN-2024,
OPTIDX,NIFTY,29-Feb-2024,19100,CE,0,0,0,2190.55,2719.85,0,0,50,0,11-JAN-2024,
OPTIDX,NIFTY,29-Feb-2024,19150,CE,0,0,0,1462.6,2670.35,0,0,0,0,11-JAN-2024,
OPTIDX,NIFTY,29-Feb-2024,19200,CE,0,0,0,2500,2620.9,0,0,50,0,11-JAN-2024,
OPTIDX,NIFTY,29-Feb-2024,19250,CE,0,0,0,1383.65,2571.45,0,0,0,0,11-JAN-2024,
OPTIDX,NIFTY,29-Feb-2024,19300,CE,0,0,0,2430,2522.05,0,0,100,0,11-JAN-2024,
OPTIDX,NIFTY,29-Feb-2024,19350,CE,0,0,0,1306.65,2472.65,0,0,0,0,11-JAN-2024,
OPTIDX,NIFTY,29-Feb-2024,19400,CE,0,0,0,2475,2423.3,0,0,200,0,11-JAN-2024,
OPTIDX,NIFTY,29-Feb-2024,19450,CE,0,0,0,1231.75,2373.95,0,0,0,0,11-JAN-2024,
OPTIDX,NIFTY,29-Feb-2024,19500,CE,2320,2324.55,2307.65,2307.65,2307.65,12,130.91,10200,500,11-JAN-2024,
OPTIDX,NIFTY,29-Feb-2024,19550,CE,0,0,0,1159.6,2275.45,0,0,0,0,11-JAN-2024,
OPTIDX,NIFTY,29-Feb-2024,19600,CE,0,0,0,1123.2,2226.25,0,0,0,0,11-JAN-2024,
OPTIDX,NIFTY,29-Feb-2024,19650,CE,0,0,0,1088.3,2177.15,0,0,0,0,11-JAN-2024,
OPTIDX,NIFTY,29-Feb-2024,19700,CE,0,0,0,2050,2128.1,0,0,200,0,11-JAN-2024,
OPTIDX,NIFTY,29-Feb-2024,19750,CE,0,0,0,1020.15,2079.15,0,0,0,0,11-JAN-2024,
OPTIDX,NIFTY,29-Feb-2024,19800,CE,0,0,0,2270,2030.25,0,0,1200,0,11-JAN-2024,
OPTIDX,NIFTY,29-Feb-2024,19850,CE,0,0,0,954.5,1981.5,0,0,0,0,11-JAN-2024,
OPTIDX,NIFTY,29-Feb-2024,19900,CE,1925,1925,1925,1925,1925,1,10.91,700,50,11-JAN-2024,
OPTIDX,NIFTY,29-Feb-2024,19950,CE,0,0,0,891.25,1884.3,0,0,0,0,11-JAN-2024,
OPTIDX,NIFTY,29-Feb-2024,20000,CE,1910.55,1922,1800,1836.55,1836.55,367,4010.83,416100,3000,11-JAN-2024,
OPTIDX,NIFTY,29-Feb-2024,20050,CE,0,0,0,750,1787.7,0,0,0,0,11-JAN-2024,
OPTIDX,NIFTY,29-Feb-2024,20100,CE,0,0,0,1610.65,1739.65,0,0,300,0,11-JAN-2024,
OPTIDX,NIFTY,29-Feb-2024,20150,CE,0,0,0,1735,1691.85,0,0,50,0,11-JAN-2024,
OPTIDX,NIFTY,29-Feb-2024,20200,CE,1655,1655,1655,1655,1644.25,1,10.92,1500,50,11-JAN-2024,
OPTIDX,NIFTY,29-Feb-2024,20250,CE,0,0,0,1648.65,1596.85,0,0,200,0,11-JAN-2024,
OPTIDX,NIFTY,29-Feb-2024,20300,CE,1553.05,1553.05,1553.05,1553.05,1549.75,1,10.92,2050,50,11-JAN-2024,
OPTIDX,NIFTY,29-Feb-2024,20350,CE,0,0,0,664.05,1502.95,0,0,0,0,11-JAN-2024,
OPTIDX,NIFTY,29-Feb-2024,20400,CE,1466,1472.6,1466,1472.6,1456.5,2,21.86,1950,100,11-JAN-2024,
OPTIDX,NIFTY,29-Feb-2024,20450,CE,0,0,0,613.7,1410.35,0,0,0,0,11-JAN-2024,
OPTIDX,NIFTY,29-Feb-2024,20500,CE,1445.6,1452.8,1335.55,1369.9,1369.9,147,1609.24,141900,300,11-JAN-2024,
OPTIDX,NIFTY,29-Feb-2024,20550,CE,0,0,0,1235,1319.25,0,0,750,0,11-JAN-2024,
OPTIDX,NIFTY,29-Feb-2024,20600,CE,1245.6,1245.6,1243.05,1243.05,1274.3,3,32.76,3500,-50,11-JAN-2024,
OPTIDX,NIFTY,29-Feb-2024,20650,CE,0,0,0,520.95,1229.85,0,0,0,0,11-JAN-2024,
OPTIDX,NIFTY,29-Feb-2024,20700,CE,1223.9,1227.4,1223.9,1227.1,1185.9,24,263.12,4000,1050,11-JAN-2024,
OPTIDX,NIFTY,29-Feb-2024,20750,CE,0,0,0,1074.3,1142.45,0,0,550,0,11-JAN-2024,
OPTIDX,NIFTY,29-Feb-2024,20800,CE,1161.1,1161.65,1123.7,1140,1099.6,42,460.71,10500,400,11-JAN-2024,
OPTIDX,NIFTY,29-Feb-2024,20850,CE,1083.55,1083.55,1049.8,1049.8,1057.35,5,54.78,800,50,11-JAN-2024,
OPTIDX,NIFTY,29-Feb-2024,20900,CE,0,0,0,999,1015.7,0,0,8900,0,11-JAN-2024,
OPTIDX,NIFTY,29-Feb-2024,20950,CE,0,0,0,956.1,974.75,0,0,750,0,11-JAN-2024,
OPTIDX,NIFTY,29-Feb-2024,21000,CE,1015,1015,906.7,937.8,937.8,900,9879.78,252850,450,11-JAN-2024,
OPTIDX,NIFTY,29-Feb-2024,21050,CE,932.9,932.9,888.3,900.5,894.9,7,76.87,1500,-150,11-JAN-2024,
OPTIDX,NIFTY,29-Feb-2024,21100,CE,900,901.6,840.2,844.75,844.75,40,439.55,10400,1500,11-JAN-2024,
OPTIDX,NIFTY,29-Feb-2024,21150,CE,0,0,0,775.9,818.1,0,0,2100,0,11-JAN-2024,
OPTIDX,NIFTY,29-Feb-2024,21200,CE,837.65,837.65,765.1,784.9,784.9,147,1616.35,35250,0,11-JAN-2024,
OPTIDX,NIFTY,29-Feb-2024,21250,CE,810,810,736,749.25,749.25,27,297.34,8150,200,11-JAN-2024,
OPTIDX,NIFTY,29-Feb-2024,21300,CE,758.4,770.05,692,709.4,709.4,53,583.78,15700,1500,11-JAN-2024,
OPTIDX,NIFTY,29-Feb-2024,21350,CE,740.8,740.8,666.95,676.85,676.85,10,110.22,5850,150,11-JAN-2024,
OPTIDX,NIFTY,29-Feb-2024,21400,CE,686.5,707,619.05,644.95,644.95,153,1687.13,30100,3500,11-JAN-2024,
OPTIDX,NIFTY,29-Feb-2024,21450,CE,640.55,640.55,635.55,635.95,608.25,4,44.17,11200,0,11-JAN-2024,
OPTIDX,NIFTY,29-Feb-2024,21500,CE,634.95,638.45,555.6,578.8,578.8,2406,26579.72,229700,-3000,11-JAN-2024,
OPTIDX,NIFTY,29-Feb-2024,21550,CE,589.55,607.05,526.45,548.9,548.9,121,1338.04,10000,1700,11-JAN-2024,
OPTIDX,NIFTY,29-Feb-2024,21600,CE,570.05,573.95,496.45,517.7,517.7,934,10336.57,82800,10350,11-JAN-2024,
OPTIDX,NIFTY,29-Feb-2024,21650,CE,536,539.8,466.25,490.15,490.15,118,1306.89,13400,2750,11-JAN-2024,
OPTIDX,NIFTY,29-Feb-2024,21700,CE,508.95,512.75,440.9,460.65,460.65,1369,15181.38,120450,9900,11-JAN-2024,
OPTIDX,NIFTY,29-Feb-2024,21750,CE,455.55,455.55,424.95,431.75,431.75,58,643.44,20350,350,11-JAN-2024,
OPTIDX,NIFTY,29-Feb-2024,21800,CE,447.7,453.3,389.35,404.55,404.55,1110,12332.75,167500,11100,11-JAN-2024,
OPTIDX,NIFTY,29-Feb-2024,21850,CE,414.75,425,363.3,381.1,381.1,241,2681.72,16850,7650,11-JAN-2024,
OPTIDX,NIFTY,29-Feb-2024,21900,CE,390.7,398,337.65,353.5,353.5,965,10744.32,66650,6350,11-JAN-2024,
OPTIDX,NIFTY,29-Feb-2024,21950,CE,365.55,368.45,352.85,352.85,335.75,30,334.66,8600,800,11-JAN-2024,
OPTIDX,NIFTY,29-Feb-2024,22000,CE,345.05,346,292.05,305.9,305.9,8505,94918.89,657800,17750,11-JAN-2024,
OPTIDX,NIFTY,29-Feb-2024,22050,CE,315.55,322.4,275,286,286,116,1296.48,6000,-400,11-JAN-2024,
OPTIDX,NIFTY,29-Feb-2024,22100,CE,298,301,256.35,265.35,265.35,1211,13550.33,53500,6850,11-JAN-2024,
OPTIDX,NIFTY,29-Feb-2024,22150,CE,276.5,276.55,241.2,245.35,245.35,20,224.02,3750,450,11-JAN-2024,
OPTIDX,NIFTY,29-Feb-2024,22200,CE,260,260,216.1,228.2,228.2,1148,12880.26,93350,-3150,11-JAN-2024,
OPTIDX,NIFTY,29-Feb-2024,22250,CE,227.65,227.65,203.1,210,210,54,606.43,6200,1750,11-JAN-2024,
OPTIDX,NIFTY,29-Feb-2024,22300,CE,220.05,220.15,183.25,193.2,193.2,942,10598.65,47950,8850,11-JAN-2024,
OPTIDX,NIFTY,29-Feb-2024,22350,CE,184.9,192.85,175.7,175.7,189.05,9,101.41,5950,100,11-JAN-2024,
OPTIDX,NIFTY,29-Feb-2024,22400,CE,185.55,186.75,154.85,161.5,161.5,1690,19069.26,103750,35200,11-JAN-2024,
OPTIDX,NIFTY,29-Feb-2024,22450,CE,167.95,168,138.8,149.55,149.55,82,926.69,13850,100,11-JAN-2024,
OPTIDX,NIFTY,29-Feb-2024,22500,CE,155.55,160,131,137.75,137.75,10017,113415.71,543500,108100,11-JAN-2024,
OPTIDX,NIFTY,29-Feb-2024,22550,CE,134.75,134.75,125,125.95,125.95,67,759.7,11750,450,11-JAN-2024,
OPTIDX,NIFTY,29-Feb-2024,22600,CE,127.2,131.5,105.75,112.25,112.25,1942,22060.52,123200,-100,11-JAN-2024,
OPTIDX,NIFTY,29-Feb-2024,22650,CE,115.8,116.9,96.2,102.3,102.3,72,819.24,15750,1350,11-JAN-2024,
OPTIDX,NIFTY,29-Feb-2024,22700,CE,105.45,107.45,87.4,92.15,92.15,1439,16402.74,97950,26800,11-JAN-2024,
OPTIDX,NIFTY,29-Feb-2024,22750,CE,91.75,94.15,84.1,84.1,84.1,112,1279.07,11900,1100,11-JAN-2024,
OPTIDX,NIFTY,29-Feb-2024,22800,CE,85,89.2,71.85,75.55,75.55,2287,26166.14,158150,14850,11-JAN-2024,
OPTIDX,NIFTY,29-Feb-2024,22850,CE,78.15,79,66.85,69.6,69.6,75,859.59,9250,100,11-JAN-2024,
OPTIDX,NIFTY,29-Feb-2024,22900,CE,70.35,72.7,59.25,61.8,61.8,967,11103.99,99700,2600,11-JAN-2024,
OPTIDX,NIFTY,29-Feb-2024,22950,CE,64.25,66.4,55,55.5,55.5,39,448.67,17700,1050,11-JAN-2024,
OPTIDX,NIFTY,29-Feb-2024,23000,CE,58,61,49.9,52.1,52.1,4529,52210.21,451300,16400,11-JAN-2024,
OPTIDX,NIFTY,29-Feb-2024,23050,CE,49.1,53.95,45,49.2,55,18,207.9,8150,300,11-JAN-2024,
OPTIDX,NIFTY,29-Feb-2024,23100,CE,46.95,48.55,40.15,41.85,41.85,1160,13423.74,61100,14400,11-JAN-2024,
OPTIDX,NIFTY,29-Feb-2024,23150,CE,42.85,42.85,37,37.75,37.75,52,602.91,8800,-500,11-JAN-2024,
OPTIDX,NIFTY,29-Feb-2024,23200,CE,38.65,39.9,32.85,34.6,34.6,763,8864.51,75800,11100,11-JAN-2024,
OPTIDX,NIFTY,29-Feb-2024,23250,CE,36.1,36.1,30.3,32.15,32.15,53,617.01,10150,-400,11-JAN-2024,
OPTIDX,NIFTY,29-Feb-2024,23300,CE,29.95,32.65,25.15,28.55,28.55,2876,33549.12,159900,650,11-JAN-2024,
OPTIDX,NIFTY,29-Feb-2024,23350,CE,28.5,29.3,26.35,26.7,26.7,52,607.8,6850,600,11-JAN-2024,
OPTIDX,NIFTY,29-Feb-2024,23400,CE,26.9,26.95,22.55,23.45,23.45,1440,16866.3,49850,24250,11-JAN-2024,
OPTIDX,NIFTY,29-Feb-2024,23450,CE,25.05,25.05,21,22.2,22.2,354,4154.73,26850,5150,11-JAN-2024,
OPTIDX,NIFTY,29-Feb-2024,18650,PE,0,0,0,26.6,0.05,0,0,1050,0,11-JAN-2024,
OPTIDX,NIFTY,29-Feb-2024,18700,PE,0,0,0,71.3,0.05,0,0,0,0,11-JAN-2024,
OPTIDX,NIFTY,29-Feb-2024,18750,PE,0,0,0,77,0.05,0,0,0,0,11-JAN-2024,
OPTIDX,NIFTY,29-Feb-2024,18800,PE,0,0,0,83,0.1,0,0,0,0,11-JAN-2024,
OPTIDX,NIFTY,29-Feb-2024,18850,PE,0,0,0,89.45,0.1,0,0,0,0,11-JAN-2024,
OPTIDX,NIFTY,29-Feb-2024,18900,PE,0,0,0,25.4,0.15,0,0,1050,0,11-JAN-2024,
OPTIDX,NIFTY,29-Feb-2024,18950,PE,0,0,0,103.4,0.15,0,0,0,0,11-JAN-2024,
OPTIDX,NIFTY,29-Feb-2024,19000,PE,10.05,13.45,8.15,10.7,10.7,2183,20750.38,256100,400,11-JAN-2024,
OPTIDX,NIFTY,29-Feb-2024,19050,PE,0,0,0,119.05,0.25,0,0,0,0,11-JAN-2024,
OPTIDX,NIFTY,29-Feb-2024,19100,PE,0,0,0,127.5,0.35,0,0,0,0,11-JAN-2024,
OPTIDX,NIFTY,29-Feb-2024,19150,PE,0,0,0,136.4,0.4,0,0,0,0,11-JAN-2024,
OPTIDX,NIFTY,29-Feb-2024,19200,PE,14.7,14.7,14.7,14.7,0.5,6,57.64,2150,0,11-JAN-2024,
OPTIDX,NIFTY,29-Feb-2024,19250,PE,0,0,0,155.65,0.6,0,0,0,0,11-JAN-2024,
OPTIDX,NIFTY,29-Feb-2024,19300,PE,0,0,0,39.9,0.75,0,0,8050,0,11-JAN-2024,
OPTIDX,NIFTY,29-Feb-2024,19350,PE,0,0,0,176.9,0.9,0,0,0,0,11-JAN-2024,
OPTIDX,NIFTY,29-Feb-2024,19400,PE,0,0,0,56,1.1,0,0,17550,0,11-JAN-2024,
OPTIDX,NIFTY,29-Feb-2024,19450,PE,18.15,18.15,18.15,18.15,18.15,1,9.73,850,50,11-JAN-2024,
OPTIDX,NIFTY,29-Feb-2024,19500,PE,14.5,16.65,14,14.8,14.8,1958,19105.49,376400,-500,11-JAN-2024,
OPTIDX,NIFTY,29-Feb-2024,19550,PE,0,0,0,22.05,1.9,0,0,2250,0,11-JAN-2024,
OPTIDX,NIFTY,29-Feb-2024,19600,PE,17.55,17.55,14.45,15.25,15.25,111,1088.66,49450,-650,11-JAN-2024,
OPTIDX,NIFTY,29-Feb-2024,19650,PE,0,0,0,253.15,2.7,0,0,0,0,11-JAN-2024,
OPTIDX,NIFTY,29-Feb-2024,19700,PE,20.05,20.05,17.1,17.15,17.15,39,384.48,31850,-50,11-JAN-2024,
OPTIDX,NIFTY,29-Feb-2024,19750,PE,0,0,0,58.95,3.75,0,0,50,0,11-JAN-2024,
OPTIDX,NIFTY,29-Feb-2024,19800,PE,19.5,21.4,18.7,19.55,19.55,1290,12783.93,233200,-15400,11-JAN-2024,
OPTIDX,NIFTY,29-Feb-2024,19850,PE,0,0,0,22.9,5.2,0,0,4250,0,11-JAN-2024,
OPTIDX,NIFTY,29-Feb-2024,19900,PE,22.2,25,21.75,22.55,22.55,1593,15868.46,248850,8850,11-JAN-2024,
OPTIDX,NIFTY,29-Feb-2024,19950,PE,24.45,26.05,23.8,25.35,25.35,61,609.24,4000,1200,11-JAN-2024,
OPTIDX,NIFTY,29-Feb-2024,20000,PE,28.9,31,26,27.65,27.65,5763,57711.66,1309350,26200,11-JAN-2024,
OPTIDX,NIFTY,29-Feb-2024,20050,PE,29.3,30.3,28.4,29.4,9.65,16,160.63,2900,200,11-JAN-2024,
OPTIDX,NIFTY,29-Feb-2024,20100,PE,29.95,33.65,29.3,30,30,1038,10447.84,245700,8900,11-JAN-2024,
OPTIDX,NIFTY,29-Feb-2024,20150,PE,33,35,32.95,33.7,33.7,78,787.16,4050,550,11-JAN-2024,
OPTIDX,NIFTY,29-Feb-2024,20200,PE,34.2,39.9,33.65,35,35,1488,15055.32,328300,17750,11-JAN-2024,
OPTIDX,NIFTY,29-Feb-2024,20250,PE,38.7,40.75,38.25,39,39,36,365.2,4450,150,11-JAN-2024,
OPTIDX,NIFTY,29-Feb-2024,20300,PE,40,46.35,39.4,41.1,41.1,1995,20291.26,242700,15350,11-JAN-2024,
OPTIDX,NIFTY,29-Feb-2024,20350,PE,45.1,50,44.6,45.6,45.6,105,1070.77,6900,2000,11-JAN-2024,
OPTIDX,NIFTY,29-Feb-2024,20400,PE,47.9,55.85,47.15,49.75,49.75,2246,22965.47,247400,33800,11-JAN-2024,
OPTIDX,NIFTY,29-Feb-2024,20450,PE,52.25,56.05,52.25,53.85,28.65,18,184.53,8400,-50,11-JAN-2024,
OPTIDX,NIFTY,29-Feb-2024,20500,PE,58.15,67.85,58.1,60,60,5515,56696.18,1000200,39750,11-JAN-2024,
OPTIDX,NIFTY,29-Feb-2024,20550,PE,61,64.65,61,62.9,62.9,10,103.06,9100,50,11-JAN-2024,
OPTIDX,NIFTY,29-Feb-2024,20600,PE,65.6,76.45,64.35,67.95,67.95,1599,16523.72,198650,9700,11-JAN-2024,
OPTIDX,NIFTY,29-Feb-2024,20650,PE,68.7,79.75,68.7,73.05,73.05,87,901.47,5200,2650,11-JAN-2024,
OPTIDX,NIFTY,29-Feb-2024,20700,PE,75.05,89.15,74.95,79.45,79.45,2398,24914.81,181550,26100,11-JAN-2024,
OPTIDX,NIFTY,29-Feb-2024,20750,PE,84,91.5,83.25,84.9,58.1,41,427.11,7850,200,11-JAN-2024,
OPTIDX,NIFTY,29-Feb-2024,20800,PE,89.85,103,86.7,92.55,92.55,1814,18948.58,164400,15700,11-JAN-2024,
OPTIDX,NIFTY,29-Feb-2024,20850,PE,97.1,109.9,96.9,100.05,100.05,115,1204.68,8200,1600,11-JAN-2024,
OPTIDX,NIFTY,29-Feb-2024,20900,PE,102.35,120,100.75,107.5,107.5,1579,16584.96,124050,22000,11-JAN-2024,
OPTIDX,NIFTY,29-Feb-2024,20950,PE,114.4,125,110.55,119.6,119.6,19,200.13,5650,150,11-JAN-2024,
OPTIDX,NIFTY,29-Feb-2024,21000,PE,129.15,143,115,127.65,127.65,8384,88566.21,848800,16250,11-JAN-2024,
OPTIDX,NIFTY,29-Feb-2024,21050,PE,128,149.7,128,136.15,136.15,52,550.88,7550,1500,11-JAN-2024,
OPTIDX,NIFTY,29-Feb-2024,21100,PE,134.95,160.3,134.95,147.05,147.05,860,9135.63,89100,9800,11-JAN-2024,
OPTIDX,NIFTY,29-Feb-2024,21150,PE,149.95,162,149.95,159.95,159.95,26,276.98,7550,600,11-JAN-2024,
OPTIDX,NIFTY,29-Feb-2024,21200,PE,157.95,188,156.9,169.6,169.6,1081,11549.49,147050,7600,11-JAN-2024,
OPTIDX,NIFTY,29-Feb-2024,21250,PE,174.55,188.3,172.25,183.5,183.5,49,525.07,5700,800,11-JAN-2024,
OPTIDX,NIFTY,29-Feb-2024,21300,PE,178.4,215.95,178.4,196.4,196.4,1658,17819.67,143200,27300,11-JAN-2024,
OPTIDX,NIFTY,29-Feb-2024,21350,PE,201.2,218,197.95,210.95,210.95,34,366.48,4000,450,11-JAN-2024,
OPTIDX,NIFTY,29-Feb-2024,21400,PE,210.45,249,209,227.2,227.2,1581,17096.38,105150,19850,11-JAN-2024,
OPTIDX,NIFTY,29-Feb-2024,21450,PE,230,260.8,225,243.5,243.5,48,520.57,5700,300,11-JAN-2024,
OPTIDX,NIFTY,29-Feb-2024,21500,PE,244.9,283.7,235,261.1,261.1,6053,65846.91,516850,900,11-JAN-2024,
OPTIDX,NIFTY,29-Feb-2024,21550,PE,258,284.15,256,279.05,279.05,25,272.76,7700,250,11-JAN-2024,
OPTIDX,NIFTY,29-Feb-2024,21600,PE,281.85,323.05,269.05,297.5,297.5,2201,24096.73,120550,15450,11-JAN-2024,
OPTIDX,NIFTY,29-Feb-2024,21650,PE,305.25,342.1,300,317.75,317.75,278,3053.41,20050,7950,11-JAN-2024,
OPTIDX,NIFTY,29-Feb-2024,21700,PE,310.95,362.45,307.15,338.65,338.65,1677,18472.12,136000,16900,11-JAN-2024,
OPTIDX,NIFTY,29-Feb-2024,21750,PE,334.45,362.95,334.35,358.45,358.45,79,873.06,21000,-450,11-JAN-2024,
OPTIDX,NIFTY,29-Feb-2024,21800,PE,350.05,410.55,347.05,381.85,381.85,1179,13072.91,82650,11800,11-JAN-2024,
OPTIDX,NIFTY,29-Feb-2024,21850,PE,372.3,435.6,369.8,407.9,407.9,202,2246.07,9750,1800,11-JAN-2024,
OPTIDX,NIFTY,29-Feb-2024,21900,PE,396.65,460.45,395,430.7,430.7,455,5077.91,51200,-650,11-JAN-2024,
OPTIDX,NIFTY,29-Feb-2024,21950,PE,452,452,452,452,440.55,1,11.2,7650,50,11-JAN-2024,
OPTIDX,NIFTY,29-Feb-2024,22000,PE,443.55,515,441,480.05,480.05,3172,35641.3,350550,17200,11-JAN-2024,
OPTIDX,NIFTY,29-Feb-2024,22050,PE,506.65,506.65,506.65,506.65,497.25,1,11.27,8850,0,11-JAN-2024,
OPTIDX,NIFTY,29-Feb-2024,22100,PE,497,569,495.5,538.55,538.55,496,5614.08,36250,11550,11-JAN-2024,
OPTIDX,NIFTY,29-Feb-2024,22150,PE,0,0,0,683.85,557.85,0,0,4350,0,11-JAN-2024,
OPTIDX,NIFTY,29-Feb-2024,22200,PE,552,630,550.05,602.65,602.65,293,3337.8,40650,4050,11-JAN-2024,
OPTIDX,NIFTY,29-Feb-2024,22250,PE,0,0,0,676,622.25,0,0,5750,0,11-JAN-2024,
OPTIDX,NIFTY,29-Feb-2024,22300,PE,617.85,693.9,614.5,667.6,667.6,129,1481.37,12550,3600,11-JAN-2024,
OPTIDX,NIFTY,29-Feb-2024,22350,PE,671.15,683.7,671.15,683.7,690.25,2,23.02,1600,100,11-JAN-2024,
OPTIDX,NIFTY,29-Feb-2024,22400,PE,707,765,701,730,725.55,12,138.7,12300,300,11-JAN-2024,
OPTIDX,NIFTY,29-Feb-2024,22450,PE,802.15,802.15,802.15,802.15,761.7,1,11.62,3750,0,11-JAN-2024,
OPTIDX,NIFTY,29-Feb-2024,22500,PE,745.05,837,743.8,807.65,807.65,940,10948.2,134100,22350,11-JAN-2024,
OPTIDX,NIFTY,29-Feb-2024,22550,PE,811.3,880.65,811.3,880.65,836.35,7,81.84,2300,100,11-JAN-2024,
OPTIDX,NIFTY,29-Feb-2024,22600,PE,817.55,919.7,816.75,882.85,874.85,41,481.43,21750,950,11-JAN-2024,
OPTIDX,NIFTY,29-Feb-2024,22650,PE,0,0,0,1000.3,914,0,0,1350,0,11-JAN-2024,
OPTIDX,NIFTY,29-Feb-2024,22700,PE,937.25,978.95,937.2,978.95,953.9,9,106.44,9950,300,11-JAN-2024,
OPTIDX,NIFTY,29-Feb-2024,22750,PE,0,0,0,1090.05,994.45,0,0,1550,0,11-JAN-2024,
OPTIDX,NIFTY,29-Feb-2024,22800,PE,0,0,0,1073.45,1035.6,0,0,3850,0,11-JAN-2024,
OPTIDX,NIFTY,29-Feb-2024,22850,PE,0,0,0,1062.2,1077.4,0,0,800,0,11-JAN-2024,
OPTIDX,NIFTY,29-Feb-2024,22900,PE,0,0,0,1205.6,1119.75,0,0,2050,0,11-JAN-2024,
OPTIDX,NIFTY,29-Feb-2024,22950,PE,0,0,0,1238.15,1162.65,0,0,700,0,11-JAN-2024,
OPTIDX,NIFTY,29-Feb-2024,23000,PE,1155.3,1248,1145,1210.4,1210.4,458,5537.7,46700,3050,11-JAN-2024,
OPTIDX,NIFTY,29-Feb-2024,23050,PE,0,0,0,1174.4,1249.9,0,0,600,0,11-JAN-2024,
OPTIDX,NIFTY,29-Feb-2024,23100,PE,0,0,0,1377.05,1294.25,0,0,350,0,11-JAN-2024,
OPTIDX,NIFTY,29-Feb-2024,23150,PE,0,0,0,1297.65,1339,0,0,300,0,11-JAN-2024,
OPTIDX,NIFTY,29-Feb-2024,23200,PE,0,0,0,1445,1384.15,0,0,550,0,11-JAN-2024,
OPTIDX,NIFTY,29-Feb-2024,23250,PE,0,0,0,1344.25,1429.65,0,0,150,0,11-JAN-2024,
OPTIDX,NIFTY,29-Feb-2024,23300,PE,0,0,0,1650,1475.55,0,0,550,0,11-JAN-2024,
OPTIDX,NIFTY,29-Feb-2024,23350,PE,0,0,0,2315.5,1521.75,0,0,0,0,11-JAN-2024,
OPTIDX,NIFTY,29-Feb-2024,23400,PE,0,0,0,2361.35,1568.2,0,0,0,0,11-JAN-2024,
OPTIDX,NIFTY,29-Feb-2024,23450,PE,0,0,0,2407.4,1615,0,0,0,0,11-JAN-2024,
OPTIDX,NIFTY,28-Mar-2024,14000,CE,7750,7786.65,7691.5,7706.8,7706.8,56,609.48,325100,500,11-JAN-2024,
OPTIDX,NIFTY,28-Mar-2024,15000,CE,6850,6860,6850,6851.75,6859.3,5,54.63,25450,-250,11-JAN-2024,
OPTIDX,NIFTY,28-Mar-2024,16000,CE,5995.1,5995.1,5820,5820,5873.4,2,21.9,46350,-100,11-JAN-2024,
OPTIDX,NIFTY,28-Mar-2024,17000,CE,4850.8,4900,4817.65,4836.35,4836.35,7,76.5,140350,-100,11-JAN-2024,
OPTIDX,NIFTY,28-Mar-2024,18000,CE,3897.85,3942,3844.2,3887.7,3887.7,927,10160.24,413650,-35400,11-JAN-2024,
OPTIDX,NIFTY,28-Mar-2024,19000,CE,2983.95,2983.95,2875,2913.65,2913.65,1103,12088.87,471450,1950,11-JAN-2024,
OPTIDX,NIFTY,28-Mar-2024,19750,CE,0,0,0,2421.85,2189.25,0,0,0,0,11-JAN-2024,
OPTIDX,NIFTY,28-Mar-2024,19800,CE,0,0,0,2375.95,2141.55,0,0,0,0,11-JAN-2024,
OPTIDX,NIFTY,28-Mar-2024,19850,CE,0,0,0,2330.25,2094.05,0,0,0,0,11-JAN-2024,
OPTIDX,NIFTY,28-Mar-2024,19900,CE,0,0,0,2284.75,2046.7,0,0,0,0,11-JAN-2024,
OPTIDX,NIFTY,28-Mar-2024,19950,CE,0,0,0,2239.55,1999.55,0,0,0,0,11-JAN-2024,
OPTIDX,NIFTY,28-Mar-2024,20000,CE,2042.15,2062,1950,1987.1,1987.1,262,2882.3,463350,1650,11-JAN-2024,
OPTIDX,NIFTY,28-Mar-2024,20050,CE,0,0,0,2149.85,1905.9,0,0,0,0,11-JAN-2024,
OPTIDX,NIFTY,28-Mar-2024,20100,CE,0,0,0,2105.4,1859.45,0,0,0,0,11-JAN-2024,
OPTIDX,NIFTY,28-Mar-2024,20150,CE,0,0,0,2061.25,1813.25,0,0,0,0,11-JAN-2024,
OPTIDX,NIFTY,28-Mar-2024,20200,CE,0,0,0,2017.4,1767.35,0,0,0,0,11-JAN-2024,
OPTIDX,NIFTY,28-Mar-2024,20250,CE,0,0,0,1973.85,1721.75,0,0,0,0,11-JAN-2024,
OPTIDX,NIFTY,28-Mar-2024,20300,CE,0,0,0,1930.6,1676.45,0,0,0,0,11-JAN-2024,
OPTIDX,NIFTY,28-Mar-2024,20350,CE,0,0,0,1887.7,1631.45,0,0,0,0,11-JAN-2024,
OPTIDX,NIFTY,28-Mar-2024,20400,CE,0,0,0,1845.15,1586.85,0,0,0,0,11-JAN-2024,
OPTIDX,NIFTY,28-Mar-2024,20450,CE,0,0,0,1802.95,1542.65,0,0,0,0,11-JAN-2024,
OPTIDX,NIFTY,28-Mar-2024,20500,CE,1585,1585,1509.85,1529.5,1529.5,64,705.88,13900,1300,11-JAN-2024,
OPTIDX,NIFTY,28-Mar-2024,20550,CE,0,0,0,1444.55,1455.35,0,0,50,0,11-JAN-2024,
OPTIDX,NIFTY,28-Mar-2024,20600,CE,0,0,0,1378.1,1412.4,0,0,150,0,11-JAN-2024,
OPTIDX,NIFTY,28-Mar-2024,20650,CE,1384.8,1384.8,1384.8,1384.8,1369.85,1,11.01,350,50,11-JAN-2024,
OPTIDX,NIFTY,28-Mar-2024,20700,CE,0,0,0,1286.7,1327.8,0,0,200,0,11-JAN-2024,
OPTIDX,NIFTY,28-Mar-2024,20750,CE,0,0,0,1289.9,1286.3,0,0,200,0,11-JAN-2024,
OPTIDX,NIFTY,28-Mar-2024,20800,CE,0,0,0,1518.5,1245.25,0,0,0,0,11-JAN-2024,
OPTIDX,NIFTY,28-Mar-2024,20850,CE,0,0,0,1279.6,1204.8,0,0,50,0,11-JAN-2024,
OPTIDX,NIFTY,28-Mar-2024,20900,CE,1200,1200,1200,1200,1164.85,1,11.05,100,50,11-JAN-2024,
OPTIDX,NIFTY,28-Mar-2024,20950,CE,0,0,0,1403.15,1125.55,0,0,0,0,11-JAN-2024,
OPTIDX,NIFTY,28-Mar-2024,21000,CE,1200,1204,1115,1139.35,1139.35,512,5672.89,1064650,1900,11-JAN-2024,
OPTIDX,NIFTY,28-Mar-2024,21050,CE,0,0,0,1328.6,1048.7,0,0,0,0,11-JAN-2024,
OPTIDX,NIFTY,28-Mar-2024,21100,CE,0,0,0,1047.4,1011.25,0,0,700,0,11-JAN-2024,
OPTIDX,NIFTY,28-Mar-2024,21150,CE,0,0,0,1256.75,974.45,0,0,0,0,11-JAN-2024,
OPTIDX,NIFTY,28-Mar-2024,21200,CE,1027,1027,971.3,974.85,974.85,27,299.47,1900,600,11-JAN-2024,
OPTIDX,NIFTY,28-Mar-2024,21250,CE,960,960,960,960,902.9,1,11.1,200,50,11-JAN-2024,
OPTIDX,NIFTY,28-Mar-2024,21300,CE,937,944,899.65,913.55,913.55,55,611.38,3050,1050,11-JAN-2024,
OPTIDX,NIFTY,28-Mar-2024,21350,CE,0,0,0,819,834.2,0,0,50,0,11-JAN-2024,
OPTIDX,NIFTY,28-Mar-2024,21400,CE,897.5,899.75,875.7,876.45,800.9,8,89.16,2900,150,11-JAN-2024,
OPTIDX,NIFTY,28-Mar-2024,21450,CE,0,0,0,739.45,768.4,0,0,150,0,11-JAN-2024,
OPTIDX,NIFTY,28-Mar-2024,21500,CE,827.5,845.25,760,777.25,777.25,885,9862.07,77450,16000,11-JAN-2024,
OPTIDX,NIFTY,28-Mar-2024,21550,CE,0,0,0,740,705.65,0,0,600,0,11-JAN-2024,
OPTIDX,NIFTY,28-Mar-2024,21600,CE,756.1,769.6,697.15,714.5,714.5,64,714.48,10850,-100,11-JAN-2024,
OPTIDX,NIFTY,28-Mar-2024,21650,CE,700,721.15,677,680.7,680.7,57,636.73,2750,50,11-JAN-2024,
OPTIDX,NIFTY,28-Mar-2024,21700,CE,705.05,715,646.1,654.5,654.5,123,1376.61,9850,-1200,11-JAN-2024,
OPTIDX,NIFTY,28-Mar-2024,21750,CE,668,668,668,668,589.55,1,11.2,1250,0,11-JAN-2024,
OPTIDX,NIFTY,28-Mar-2024,21800,CE,625.25,651.8,586.9,595.05,595.05,31,347.52,8850,50,11-JAN-2024,
OPTIDX,NIFTY,28-Mar-2024,21850,CE,0,0,0,591.85,536.3,0,0,1300,0,11-JAN-2024,
OPTIDX,NIFTY,28-Mar-2024,21900,CE,580.65,582.25,540,540,540,17,190.97,3850,150,11-JAN-2024,
OPTIDX,NIFTY,28-Mar-2024,21950,CE,520,534.8,513.35,516.85,516.85,13,146.05,1550,300,11-JAN-2024,
OPTIDX,NIFTY,28-Mar-2024,22000,CE,535,541.6,480,490.35,490.35,2465,27738.78,825500,350,11-JAN-2024,
OPTIDX,NIFTY,28-Mar-2024,22050,CE,0,0,0,647.5,439.45,0,0,1700,0,11-JAN-2024,
OPTIDX,NIFTY,28-Mar-2024,22100,CE,486.95,486.95,440,440,440,26,293.4,12850,100,11-JAN-2024,
OPTIDX,NIFTY,28-Mar-2024,22150,CE,0,0,0,455,395.75,0,0,600,0,11-JAN-2024,
OPTIDX,NIFTY,28-Mar-2024,22200,CE,425,441.05,390,398.5,398.5,40,452.35,7900,200,11-JAN-2024,
OPTIDX,NIFTY,28-Mar-2024,22250,CE,388.55,388.55,388.5,388.5,355.2,4,45.27,2150,50,11-JAN-2024,
OPTIDX,NIFTY,28-Mar-2024,22300,CE,376.8,378,349.9,353.5,353.5,18,203.94,6300,650,11-JAN-2024,
OPTIDX,NIFTY,28-Mar-2024,22350,CE,0,0,0,474.5,317.75,0,0,250,0,11-JAN-2024,
OPTIDX,NIFTY,28-Mar-2024,22400,CE,343.2,343.2,315.15,315.25,315.25,9,102.28,5450,100,11-JAN-2024,
OPTIDX,NIFTY,28-Mar-2024,22450,CE,0,0,0,327.45,283.2,0,0,1350,0,11-JAN-2024,
OPTIDX,NIFTY,28-Mar-2024,22500,CE,302.05,314.5,278,284.55,284.55,816,9300.43,89900,3400,11-JAN-2024,
OPTIDX,NIFTY,28-Mar-2024,22550,CE,0,0,0,263.75,251.55,0,0,300,0,11-JAN-2024,
OPTIDX,NIFTY,28-Mar-2024,22600,CE,263,263,263,263,236.75,1,11.43,2400,-50,11-JAN-2024,
OPTIDX,NIFTY,28-Mar-2024,22650,CE,0,0,0,273.7,222.6,0,0,150,0,11-JAN-2024,
OPTIDX,NIFTY,28-Mar-2024,22700,CE,237.6,237.6,217.1,221.9,221.9,42,481.48,3950,500,11-JAN-2024,
OPTIDX,NIFTY,28-Mar-2024,22750,CE,0,0,0,219.5,196.3,0,0,650,0,11-JAN-2024,
OPTIDX,NIFTY,28-Mar-2024,22800,CE,210,210,190,194.55,194.55,64,735.92,11800,200,11-JAN-2024,
OPTIDX,NIFTY,28-Mar-2024,22850,CE,183.55,187.1,183.55,187.1,172.5,2,23.03,200,-50,11-JAN-2024,
OPTIDX,NIFTY,28-Mar-2024,22900,CE,195.45,196.15,170,171.15,171.15,65,750.4,7000,2250,11-JAN-2024,
OPTIDX,NIFTY,28-Mar-2024,22950,CE,173.1,173.1,173,173,151.05,2,23.12,700,100,11-JAN-2024,
OPTIDX,NIFTY,28-Mar-2024,23000,CE,163.05,167.4,145.5,150.95,150.95,2875,33290.58,749700,6400,11-JAN-2024,
OPTIDX,NIFTY,28-Mar-2024,23050,CE,0,0,0,147.6,131.75,0,0,750,0,11-JAN-2024,
OPTIDX,NIFTY,28-Mar-2024,23100,CE,137.5,137.5,125.75,128.8,128.8,58,673.7,7350,100,11-JAN-2024,
OPTIDX,NIFTY,28-Mar-2024,23150,CE,0,0,0,105.5,114.5,0,0,800,0,11-JAN-2024,
OPTIDX,NIFTY,28-Mar-2024,23200,CE,120,124.45,109.25,111,111,75,874.44,10150,300,11-JAN-2024,
OPTIDX,NIFTY,28-Mar-2024,23250,CE,0,0,0,106.65,99.15,0,0,1300,0,11-JAN-2024,
OPTIDX,NIFTY,28-Mar-2024,23300,CE,111,111,93.3,97.2,97.2,199,2328.4,21050,300,11-JAN-2024,
OPTIDX,NIFTY,28-Mar-2024,23350,CE,94.5,94.5,94.5,94.5,85.55,1,11.72,450,0,11-JAN-2024,
OPTIDX,NIFTY,28-Mar-2024,23400,CE,92,92,82.9,83.75,83.75,139,1632.27,10900,3200,11-JAN-2024,
OPTIDX,NIFTY,28-Mar-2024,23450,CE,83.9,85,78.9,79.2,79.2,17,200.02,1900,150,11-JAN-2024,
OPTIDX,NIFTY,28-Mar-2024,24000,CE,41.5,43.95,39,41.05,41.05,870,10458.18,569450,-3150,11-JAN-2024,
OPTIDX,NIFTY,28-Mar-2024,25000,CE,17,18.7,15.55,16.2,16.2,1017,12721.12,289000,11600,11-JAN-2024,
OPTIDX,NIFTY,28-Mar-2024,26000,CE,11.1,12.15,10.1,10.55,10.55,226,2939.26,135750,-1600,11-JAN-2024,
OPTIDX,NIFTY,28-Mar-2024,27000,CE,0,0,0,8.15,0.05,0,0,14050,0,11-JAN-2024,
OPTIDX,NIFTY,28-Mar-2024,14000,PE,4.8,4.8,3.35,4.2,4.2,152,1064.3,103250,2700,11-JAN-2024,
OPTIDX,NIFTY,28-Mar-2024,15000,PE,5.15,7.1,5.15,6.9,6.9,11,82.53,7450,250,11-JAN-2024,
OPTIDX,NIFTY,28-Mar-2024,16000,PE,0,0,0,11.15,0.05,0,0,183350,0,11-JAN-2024,
OPTIDX,NIFTY,28-Mar-2024,17000,PE,12.7,13.75,12.35,13.3,13.3,123,1046.3,330250,-350,11-JAN-2024,
OPTIDX,NIFTY,28-Mar-2024,18000,PE,16.85,17.9,15.75,16.45,16.45,1654,14899.78,874050,-17250,11-JAN-2024,
OPTIDX,NIFTY,28-Mar-2024,19000,PE,25,28.35,24.95,25.95,25.95,1324,12595.27,1281400,-7500,11-JAN-2024,
OPTIDX,NIFTY,28-Mar-2024,19750,PE,0,0,0,51,12.8,0,0,750,0,11-JAN-2024,
OPTIDX,NIFTY,28-Mar-2024,19800,PE,49.1,55.6,49.05,49.95,49.95,144,1429.28,5400,4350,11-JAN-2024,
OPTIDX,NIFTY,28-Mar-2024,19850,PE,0,0,0,66.85,16.2,0,0,200,0,11-JAN-2024,
OPTIDX,NIFTY,28-Mar-2024,19900,PE,57.95,61.9,55.65,56.7,56.7,98,977.95,15950,1950,11-JAN-2024,
OPTIDX,NIFTY,28-Mar-2024,19950,PE,0,0,0,52,20.3,0,0,0,0,11-JAN-2024,
OPTIDX,NIFTY,28-Mar-2024,20000,PE,70.6,73.25,55,67.45,67.45,3835,38480.18,2000850,-2350,11-JAN-2024,
OPTIDX,NIFTY,28-Mar-2024,20050,PE,0,0,0,60.5,25.25,0,0,0,0,11-JAN-2024,
OPTIDX,NIFTY,28-Mar-2024,20100,PE,68.9,76.35,68,69.6,69.6,166,1674.31,25850,5150,11-JAN-2024,
OPTIDX,NIFTY,28-Mar-2024,20150,PE,0,0,0,96.7,31.15,0,0,2900,0,11-JAN-2024,
OPTIDX,NIFTY,28-Mar-2024,20200,PE,79.15,83,73.25,77.55,77.55,275,2788.31,56600,6700,11-JAN-2024,
OPTIDX,NIFTY,28-Mar-2024,20250,PE,0,0,0,51.1,38.25,0,0,100,0,11-JAN-2024,
OPTIDX,NIFTY,28-Mar-2024,20300,PE,0,0,0,86.8,42.2,0,0,0,0,11-JAN-2024,
OPTIDX,NIFTY,28-Mar-2024,20350,PE,0,0,0,112.8,46.55,0,0,3250,0,11-JAN-2024,
OPTIDX,NIFTY,28-Mar-2024,20400,PE,98.95,105.95,95,100.05,100.05,424,4346.03,63150,9300,11-JAN-2024,
OPTIDX,NIFTY,28-Mar-2024,20450,PE,0,0,0,139.05,56.3,0,0,2450,0,11-JAN-2024,
OPTIDX,NIFTY,28-Mar-2024,20500,PE,122.85,125.25,110.7,118.1,118.1,2810,28966.35,338450,52750,11-JAN-2024,
OPTIDX,NIFTY,28-Mar-2024,20550,PE,0,0,0,158.4,67.6,0,0,2750,0,11-JAN-2024,
OPTIDX,NIFTY,28-Mar-2024,20600,PE,125,136.85,114.95,129.2,129.2,356,3689.61,60750,12200,11-JAN-2024,
OPTIDX,NIFTY,28-Mar-2024,20650,PE,0,0,0,137.85,80.7,0,0,0,0,11-JAN-2024,
OPTIDX,NIFTY,28-Mar-2024,20700,PE,132.4,148.85,132.4,139.7,139.7,306,3188.64,48750,5300,11-JAN-2024,
OPTIDX,NIFTY,28-Mar-2024,20750,PE,0,0,0,153.25,95.7,0,0,1200,0,11-JAN-2024,
OPTIDX,NIFTY,28-Mar-2024,20800,PE,151.1,166.75,148.7,157.1,157.1,210,2200.52,44400,4800,11-JAN-2024,
OPTIDX,NIFTY,28-Mar-2024,20850,PE,0,0,0,199.85,112.8,0,0,50,0,11-JAN-2024,
OPTIDX,NIFTY,28-Mar-2024,20900,PE,175.05,191.3,174,180.05,180.05,137,1443.97,36550,3900,11-JAN-2024,
OPTIDX,NIFTY,28-Mar-2024,20950,PE,190.5,191,190.5,191,132.15,3,31.71,850,50,11-JAN-2024,
OPTIDX,NIFTY,28-Mar-2024,21000,PE,205.8,222,189.95,205.9,205.9,4602,48793.29,1683200,10750,11-JAN-2024,
OPTIDX,NIFTY,28-Mar-2024,21050,PE,204.8,204.8,204.8,204.8,153.9,1,10.62,300,-50,11-JAN-2024,
OPTIDX,NIFTY,28-Mar-2024,21100,PE,224.9,238,219.3,226.2,226.2,56,597.11,12850,-100,11-JAN-2024,
OPTIDX,NIFTY,28-Mar-2024,21150,PE,238.25,239.2,238,238.6,238.6,42,449.15,2500,1750,11-JAN-2024,
OPTIDX,NIFTY,28-Mar-2024,21200,PE,249.7,270.4,243,253.05,253.05,62,665.19,12300,100,11-JAN-2024,
OPTIDX,NIFTY,28-Mar-2024,21250,PE,268.4,278,261.65,278,205.25,5,53.8,1700,0,11-JAN-2024,
OPTIDX,NIFTY,28-Mar-2024,21300,PE,269,292.25,267.8,282,282,75,809.25,17550,2150,11-JAN-2024,
OPTIDX,NIFTY,28-Mar-2024,21350,PE,281.8,281.8,281.8,281.8,235.1,1,10.81,300,0,11-JAN-2024,
OPTIDX,NIFTY,28-Mar-2024,21400,PE,296,325.4,292,310.05,310.05,56,607.93,10150,800,11-JAN-2024,
OPTIDX,NIFTY,28-Mar-2024,21450,PE,0,0,0,368,267.95,0,0,350,0,11-JAN-2024,
OPTIDX,NIFTY,28-Mar-2024,21500,PE,325,364.75,319.95,344.35,344.35,2928,31974.34,235100,54850,11-JAN-2024,
OPTIDX,NIFTY,28-Mar-2024,21550,PE,0,0,0,394.85,303.75,0,0,200,0,11-JAN-2024,
OPTIDX,NIFTY,28-Mar-2024,21600,PE,360.5,391.05,357,376.9,376.9,180,1977.46,17400,2350,11-JAN-2024,
OPTIDX,NIFTY,28-Mar-2024,21650,PE,415.55,415.55,392,397.1,397.1,55,606.51,2700,1150,11-JAN-2024,
OPTIDX,NIFTY,28-Mar-2024,21700,PE,395.05,435,351.95,414.45,414.45,199,2199.84,16800,1100,11-JAN-2024,
OPTIDX,NIFTY,28-Mar-2024,21750,PE,409.2,425,409.2,425,384.85,3,33.24,250,-50,11-JAN-2024,
OPTIDX,NIFTY,28-Mar-2024,21800,PE,429.35,472,429.35,452,452,89,990.26,10950,950,11-JAN-2024,
OPTIDX,NIFTY,28-Mar-2024,21850,PE,463.45,463.45,453.25,453.25,430.2,3,33.45,350,100,11-JAN-2024,
OPTIDX,NIFTY,28-Mar-2024,21900,PE,483.15,515,483.15,493,454.05,31,347.1,2000,-1300,11-JAN-2024,
OPTIDX,NIFTY,28-Mar-2024,21950,PE,525,525,520,520,520,6,67.41,3650,0,11-JAN-2024,
OPTIDX,NIFTY,28-Mar-2024,22000,PE,518,571.05,514.95,539.4,539.4,3626,40862.96,556750,-14050,11-JAN-2024,
OPTIDX,NIFTY,28-Mar-2024,22050,PE,0,0,0,525.1,530.45,0,0,2900,0,11-JAN-2024,
OPTIDX,NIFTY,28-Mar-2024,22100,PE,590,590,590,590,557.55,1,11.34,750,-50,11-JAN-2024,
OPTIDX,NIFTY,28-Mar-2024,22150,PE,0,0,0,696.55,585.4,0,0,50,0,11-JAN-2024,
OPTIDX,NIFTY,28-Mar-2024,22200,PE,617,668.5,617,647.85,647.85,64,731,3200,50,11-JAN-2024,
OPTIDX,NIFTY,28-Mar-2024,22250,PE,0,0,0,678.2,643.45,0,0,0,0,11-JAN-2024,
OPTIDX,NIFTY,28-Mar-2024,22300,PE,700,711,686.25,696.25,673.6,74,850.93,6650,2700,11-JAN-2024,
OPTIDX,NIFTY,28-Mar-2024,22350,PE,0,0,0,826,704.5,0,0,200,0,11-JAN-2024,
OPTIDX,NIFTY,28-Mar-2024,22400,PE,750,750,750,750,736.2,1,11.57,1300,0,11-JAN-2024,
OPTIDX,NIFTY,28-Mar-2024,22450,PE,0,0,0,787.5,768.6,0,0,0,0,11-JAN-2024,
OPTIDX,NIFTY,28-Mar-2024,22500,PE,786,849.95,780,822.75,822.75,153,1783.64,64950,250,11-JAN-2024,
OPTIDX,NIFTY,28-Mar-2024,22550,PE,0,0,0,947.35,835.5,0,0,50,0,11-JAN-2024,
OPTIDX,NIFTY,28-Mar-2024,22600,PE,840,840,840,840,870,1,11.72,450,50,11-JAN-2024,
OPTIDX,NIFTY,28-Mar-2024,22650,PE,0,0,0,906,905.15,0,0,0,0,11-JAN-2024,
OPTIDX,NIFTY,28-Mar-2024,22700,PE,0,0,0,940.3,941,0,0,1650,0,11-JAN-2024,
OPTIDX,NIFTY,28-Mar-2024,22750,PE,0,0,0,915.25,977.45,0,0,100,0,11-JAN-2024,
OPTIDX,NIFTY,28-Mar-2024,22800,PE,0,0,0,1000.75,1014.55,0,0,0,0,11-JAN-2024,
OPTIDX,NIFTY,28-Mar-2024,22850,PE,0,0,0,1157.05,1052.25,0,0,900,0,11-JAN-2024,
OPTIDX,NIFTY,28-Mar-2024,22900,PE,1093.45,1093.45,1093.45,1093.45,1090.5,1,11.99,1550,0,11-JAN-2024,
OPTIDX,NIFTY,28-Mar-2024,22950,PE,0,0,0,1100.35,1129.35,0,0,0,0,11-JAN-2024,
OPTIDX,NIFTY,28-Mar-2024,23000,PE,1124.95,1201.55,1109.9,1178.85,1178.85,287,3466.88,107500,2150,11-JAN-2024,
OPTIDX,NIFTY,28-Mar-2024,23050,PE,0,0,0,1027.8,1208.65,0,0,300,0,11-JAN-2024,
OPTIDX,NIFTY,28-Mar-2024,23100,PE,0,0,0,1204.5,1249.1,0,0,0,0,11-JAN-2024,
OPTIDX,NIFTY,28-Mar-2024,23150,PE,0,0,0,1152.45,1290,0,0,50,0,11-JAN-2024,
OPTIDX,NIFTY,28-Mar-2024,23200,PE,0,0,0,1299.3,1331.4,0,0,100,0,11-JAN-2024,
OPTIDX,NIFTY,28-Mar-2024,23250,PE,0,0,0,1340.2,1373.25,0,0,100,0,11-JAN-2024,
OPTIDX,NIFTY,28-Mar-2024,23300,PE,0,0,0,1363.25,1415.55,0,0,100,0,11-JAN-2024,
OPTIDX,NIFTY,28-Mar-2024,23350,PE,0,0,0,1388.8,1458.25,0,0,0,0,11-JAN-2024,
OPTIDX,NIFTY,28-Mar-2024,23400,PE,0,0,0,1425.9,1501.35,0,0,0,0,11-JAN-2024,
OPTIDX,NIFTY,28-Mar-2024,23450,PE,1457.95,1457.95,1457.95,1457.95,1544.8,1,12.45,50,50,11-JAN-2024,
OPTIDX,NIFTY,28-Mar-2024,24000,PE,1990.35,2085.5,1990.35,2049.95,2049.95,125,1627.06,218050,1600,11-JAN-2024,
OPTIDX,NIFTY,28-Mar-2024,25000,PE,2920,3029,2920,3003.6,3003.6,449,6282.9,412500,8200,11-JAN-2024,
OPTIDX,NIFTY,28-Mar-2024,26000,PE,0,0,0,3823.55,3985.65,0,0,4950,0,11-JAN-2024,
OPTIDX,NIFTY,28-Mar-2024,27000,PE,0,0,0,4800,4971.1,0,0,200,0,11-JAN-2024,
OPTIDX,NIFTY,27-Jun-2024,15000,CE,0,0,0,4599.25,7106.05,0,0,50,0,11-JAN-2024,
OPTIDX,NIFTY,27-Jun-2024,17000,CE,0,0,0,5010.65,5167.45,0,0,50,0,11-JAN-2024,
OPTIDX,NIFTY,27-Jun-2024,18000,CE,4063.85,4162.5,4063.85,4138,4138,27,298.79,17750,-950,11-JAN-2024,
OPTIDX,NIFTY,27-Jun-2024,18500,CE,0,0,0,3685,3719.45,0,0,2575,0,11-JAN-2024,
OPTIDX,NIFTY,27-Jun-2024,19000,CE,3223.6,3250,3170.95,3224,3224,35,388.75,106050,250,11-JAN-2024,
OPTIDX,NIFTY,27-Jun-2024,20000,CE,2430,2435,2376,2391.4,2391.4,44,492.88,153850,250,11-JAN-2024,
OPTIDX,NIFTY,27-Jun-2024,21000,CE,1690.9,1705.75,1607.4,1646.75,1646.75,154,1744.44,336800,1050,11-JAN-2024,
OPTIDX,NIFTY,27-Jun-2024,22000,CE,1055.15,1062.7,1002.95,1020,1020,558,6425.45,312050,650,11-JAN-2024,
OPTIDX,NIFTY,27-Jun-2024,23000,CE,570,575.05,544,561,561,875,10307.58,600000,15700,11-JAN-2024,
OPTIDX,NIFTY,27-Jun-2024,24000,CE,249.1,258,238,252.7,252.7,305,3698.38,156150,1100,11-JAN-2024,
OPTIDX,NIFTY,27-Jun-2024,25000,CE,109.95,113,106,107.4,107.4,123,1544.15,90150,850,11-JAN-2024,
OPTIDX,NIFTY,27-Jun-2024,26000,CE,85,85,60.1,64.5,64.5,27,351.87,12050,350,11-JAN-2024,
OPTIDX,NIFTY,27-Jun-2024,27000,CE,0,0,0,331.6,7.2,0,0,0,0,11-JAN-2024,
OPTIDX,NIFTY,27-Jun-2024,14000,PE,0,0,0,3.05,0.05,0,0,7275,0,11-JAN-2024,
OPTIDX,NIFTY,27-Jun-2024,15000,PE,0,0,0,3.05,0.05,0,0,12425,0,11-JAN-2024,
OPTIDX,NIFTY,27-Jun-2024,16000,PE,0,0,0,3.05,0.05,0,0,37950,0,11-JAN-2024,
OPTIDX,NIFTY,27-Jun-2024,17000,PE,13.3,13.3,13.3,13.3,0.2,2,17.01,126500,100,11-JAN-2024,
OPTIDX,NIFTY,27-Jun-2024,18000,PE,57.5,61.5,56.05,58.75,58.75,497,4487.46,388950,11250,11-JAN-2024,
OPTIDX,NIFTY,27-Jun-2024,19000,PE,117.95,123.95,115.55,120.1,120.1,483,4617.28,709550,2600,11-JAN-2024,
OPTIDX,NIFTY,27-Jun-2024,20000,PE,232,245,225,235.5,235.5,1294,13093.09,1059050,25550,11-JAN-2024,
OPTIDX,NIFTY,27-Jun-2024,21000,PE,434.95,465.8,431.15,454.6,454.6,1158,12418.27,626750,10500,11-JAN-2024,
OPTIDX,NIFTY,27-Jun-2024,22000,PE,760.05,815,760.05,794.8,794.8,1289,14684.39,624900,7500,11-JAN-2024,
OPTIDX,NIFTY,27-Jun-2024,23000,PE,1236.45,1318.9,1225,1283.85,1283.85,175,2123.78,111550,700,11-JAN-2024,
OPTIDX,NIFTY,27-Jun-2024,24000,PE,0,0,0,1906,1813.8,0,0,8800,0,11-JAN-2024,
OPTIDX,NIFTY,27-Jun-2024,25000,PE,0,0,0,7199.55,2662.35,0,0,0,0,11-JAN-2024,
OPTIDX,NIFTY,27-Jun-2024,26000,PE,0,0,0,8015.6,3582.1,0,0,0,0,11-JAN-2024,
OPTIDX,NIFTY,27-Jun-2024,27000,PE,0,0,0,8206,4534.05,0,0,0,0,11-JAN-2024,
OPTIDX,NIFTY,26-Sep-2024,17000,CE,0,0,0,3800.4,5443.6,0,0,0,0,11-JAN-2024,
OPTIDX,NIFTY,26-Sep-2024,18000,CE,0,0,0,2994.95,4496.95,0,0,0,0,11-JAN-2024,
OPTIDX,NIFTY,26-Sep-2024,19000,CE,0,0,0,2277.4,3569.4,0,0,0,0,11-JAN-2024,
OPTIDX,NIFTY,26-Sep-2024,20000,CE,0,0,0,1666.45,2690.15,0,0,0,0,11-JAN-2024,
OPTIDX,NIFTY,26-Sep-2024,21000,CE,0,0,0,1173.8,1902.55,0,0,0,0,11-JAN-2024,
OPTIDX,NIFTY,26-Sep-2024,22000,CE,1310,1310,1310,1310,1250.4,4,46.62,5650,150,11-JAN-2024,
OPTIDX,NIFTY,26-Sep-2024,23000,CE,0,0,0,521.15,758.7,0,0,0,0,11-JAN-2024,
OPTIDX,NIFTY,26-Sep-2024,24000,CE,395,395,395,395,395,1,12.19,100,0,11-JAN-2024,
OPTIDX,NIFTY,26-Sep-2024,25000,CE,0,0,0,260,217.95,0,0,1000,0,11-JAN-2024,
OPTIDX,NIFTY,26-Sep-2024,26000,CE,121,121,121,121,103.4,1,13.06,700,0,11-JAN-2024,
OPTIDX,NIFTY,26-Sep-2024,27000,CE,0,0,0,68.7,45.45,0,0,0,0,11-JAN-2024,
OPTIDX,NIFTY,26-Sep-2024,17000,PE,0,0,0,103.7,1.35,0,0,0,0,11-JAN-2024,
OPTIDX,NIFTY,26-Sep-2024,18000,PE,0,0,0,229.25,7.95,0,0,0,0,11-JAN-2024,
OPTIDX,NIFTY,26-Sep-2024,19000,PE,0,0,0,239.55,33.6,0,0,2850,0,11-JAN-2024,
OPTIDX,NIFTY,26-Sep-2024,20000,PE,0,0,0,762.75,107.6,0,0,0,0,11-JAN-2024,
OPTIDX,NIFTY,26-Sep-2024,21000,PE,0,0,0,1201.1,273.2,0,0,0,0,11-JAN-2024,
OPTIDX,NIFTY,26-Sep-2024,22000,PE,0,0,0,1754.25,574.3,0,0,0,0,11-JAN-2024,
OPTIDX,NIFTY,26-Sep-2024,23000,PE,0,0,0,1055,1035.85,0,0,50,0,11-JAN-2024,
OPTIDX,NIFTY,26-Sep-2024,24000,PE,0,0,0,3149.25,1654.2,0,0,0,0,11-JAN-2024,
OPTIDX,NIFTY,26-Sep-2024,25000,PE,0,0,0,3952.4,2401.55,0,0,0,0,11-JAN-2024,
OPTIDX,NIFTY,26-Sep-2024,26000,PE,0,0,0,4801.5,3240.25,0,0,0,0,11-JAN-2024,
OPTIDX,NIFTY,26-Sep-2024,27000,PE,0,0,0,5681.95,4135.5,0,0,0,0,11-JAN-2024,
OPTIDX,NIFTY,26-Dec-2024,14000,CE,0,0,0,8599,8524.65,0,0,100,0,11-JAN-2024,
OPTIDX,NIFTY,26-Dec-2024,15000,CE,0,0,0,7100,7587.4,0,0,2100,0,11-JAN-2024,
OPTIDX,NIFTY,26-Dec-2024,16000,CE,0,0,0,6355.8,6650.65,0,0,22100,0,11-JAN-2024,
OPTIDX,NIFTY,26-Dec-2024,17000,CE,0,0,0,5457.3,5716.25,0,0,21400,0,11-JAN-2024,
OPTIDX,NIFTY,26-Dec-2024,18000,CE,0,0,0,4494,4790.4,0,0,25600,0,11-JAN-2024,
OPTIDX,NIFTY,26-Dec-2024,18500,CE,4400,4400,4400,4400,4334.85,1,11.45,1000,0,11-JAN-2024,
OPTIDX,NIFTY,26-Dec-2024,19000,CE,0,0,0,3730,3887.65,0,0,69250,0,11-JAN-2024,
OPTIDX,NIFTY,26-Dec-2024,20000,CE,3070,3070.05,3040,3061.45,3061.45,21,242.14,76500,-350,11-JAN-2024,
OPTIDX,NIFTY,26-Dec-2024,21000,CE,2389.95,2390,2321,2321,2321,70,817.14,129350,-50,11-JAN-2024,
OPTIDX,NIFTY,26-Dec-2024,22000,CE,1749,1749,1651,1700,1599.15,68,805.83,134000,350,11-JAN-2024,
OPTIDX,NIFTY,26-Dec-2024,23000,CE,1145.05,1145.05,1096.6,1122.7,1122.7,101,1218.3,156600,-500,11-JAN-2024,
OPTIDX,NIFTY,26-Dec-2024,24000,CE,705,705,680.05,686,686,94,1160.41,124950,1100,11-JAN-2024,
OPTIDX,NIFTY,26-Dec-2024,25000,CE,412,419.95,400,405,405,42,533.58,163700,800,11-JAN-2024,
OPTIDX,NIFTY,26-Dec-2024,26000,CE,247,251.05,241,243.7,243.7,26,341.19,53100,-200,11-JAN-2024,
OPTIDX,NIFTY,26-Dec-2024,27000,CE,143.5,149.9,141,145,123.8,43,583.63,27100,300,11-JAN-2024,
OPTIDX,NIFTY,26-Dec-2024,14000,PE,0,0,0,20.5,0.05,0,0,3300,0,11-JAN-2024,
OPTIDX,NIFTY,26-Dec-2024,15000,PE,0,0,0,12.7,0.05,0,0,28300,0,11-JAN-2024,
OPTIDX,NIFTY,26-Dec-2024,16000,PE,25,25,25,25,0.6,4,32.05,13600,200,11-JAN-2024,
OPTIDX,NIFTY,26-Dec-2024,17000,PE,73.95,80,73.95,77,77,58,495.22,74450,350,11-JAN-2024,
OPTIDX,NIFTY,26-Dec-2024,18000,PE,133,133,120,126.3,126.3,96,870.01,249900,-200,11-JAN-2024,
OPTIDX,NIFTY,26-Dec-2024,19000,PE,198.05,201,195,200.8,200.8,127,1219.06,434300,-550,11-JAN-2024,
OPTIDX,NIFTY,26-Dec-2024,20000,PE,325,335.45,322,331.55,331.55,577,5864.9,511500,450,11-JAN-2024,
OPTIDX,NIFTY,26-Dec-2024,21000,PE,531.95,551.6,530.45,546.15,546.15,966,10406.01,738050,22550,11-JAN-2024,
OPTIDX,NIFTY,26-Dec-2024,22000,PE,800,837.95,800,824.9,824.9,205,2339.58,222650,2250,11-JAN-2024,
OPTIDX,NIFTY,26-Dec-2024,23000,PE,1191.65,1250.05,1187,1232.9,1232.9,93,1125.98,81100,300,11-JAN-2024,
OPTIDX,NIFTY,26-Dec-2024,24000,PE,1713.9,1758,1693.45,1732.65,1732.65,20,257.28,16900,-150,11-JAN-2024,
OPTIDX,NIFTY,26-Dec-2024,25000,PE,2430,2430,2414.95,2414.95,2414.95,6,82.28,8500,300,11-JAN-2024,
OPTIDX,NIFTY,26-Dec-2024,26000,PE,0,0,0,7636.7,2953.4,0,0,0,0,11-JAN-2024,
OPTIDX,NIFTY,26-Dec-2024,27000,PE,0,0,0,4500,3784.35,0,0,50,0,11-JAN-2024,
OPTIDX,NIFTY,26-Jun-2025,17000,CE,0,0,0,4165.5,6249.45,0,0,2750,0,11-JAN-2024,
OPTIDX,NIFTY,26-Jun-2025,18000,CE,0,0,0,3934,5362.25,0,0,2200,0,11-JAN-2024,
OPTIDX,NIFTY,26-Jun-2025,19000,CE,0,0,0,3077.9,4500.1,0,0,0,0,11-JAN-2024,
OPTIDX,NIFTY,26-Jun-2025,20000,CE,0,0,0,3180.85,3681.3,0,0,0,0,11-JAN-2024,
OPTIDX,NIFTY,26-Jun-2025,21000,CE,0,0,0,3199.45,2927,0,0,0,0,11-JAN-2024,
OPTIDX,NIFTY,26-Jun-2025,22000,CE,0,0,0,2088.15,2257.15,0,0,0,0,11-JAN-2024,
OPTIDX,NIFTY,26-Jun-2025,23000,CE,0,0,0,2003.65,1685.95,0,0,0,0,11-JAN-2024,
OPTIDX,NIFTY,26-Jun-2025,24000,CE,0,0,0,1100.85,1219.2,0,0,0,0,11-JAN-2024,
OPTIDX,NIFTY,26-Jun-2025,25000,CE,0,0,0,945.65,853.8,0,0,0,0,11-JAN-2024,
OPTIDX,NIFTY,26-Jun-2025,26000,CE,0,0,0,811.85,579.5,0,0,0,0,11-JAN-2024,
OPTIDX,NIFTY,26-Jun-2025,27000,CE,0,0,0,803.5,381.7,0,0,0,0,11-JAN-2024,
OPTIDX,NIFTY,26-Jun-2025,14000,PE,0,0,0,42.35,0.1,0,0,675,0,11-JAN-2024,
OPTIDX,NIFTY,26-Jun-2025,15000,PE,0,0,0,134,0.55,0,0,1800,0,11-JAN-2024,
OPTIDX,NIFTY,26-Jun-2025,16000,PE,0,0,0,129.2,2.5,0,0,100,0,11-JAN-2024,
OPTIDX,NIFTY,26-Jun-2025,17000,PE,0,0,0,3497.35,9.4,0,0,0,0,11-JAN-2024,
OPTIDX,NIFTY,26-Jun-2025,18000,PE,0,0,0,3586.15,28.5,0,0,0,0,11-JAN-2024,
OPTIDX,NIFTY,26-Jun-2025,19000,PE,0,0,0,3210.95,72.65,0,0,0,0,11-JAN-2024,
OPTIDX,NIFTY,26-Jun-2025,20000,PE,0,0,0,305.2,160.15,0,0,400,0,11-JAN-2024,
OPTIDX,NIFTY,26-Jun-2025,21000,PE,0,0,0,3070.85,312.15,0,0,0,0,11-JAN-2024,
OPTIDX,NIFTY,26-Jun-2025,22000,PE,0,0,0,3957.4,548.55,0,0,0,0,11-JAN-2024,
OPTIDX,NIFTY,26-Jun-2025,23000,PE,0,0,0,1170,883.65,0,0,0,0,11-JAN-2024,
OPTIDX,NIFTY,26-Jun-2025,24000,PE,0,0,0,5875.1,1323.2,0,0,0,0,11-JAN-2024,
OPTIDX,NIFTY,26-Jun-2025,25000,PE,0,0,0,6576.35,1864.15,0,0,0,0,11-JAN-2024,
OPTIDX,NIFTY,26-Jun-2025,26000,PE,0,0,0,7299,2496.15,0,0,0,0,11-JAN-2024,
OPTIDX,NIFTY,26-Jun-2025,27000,PE,0,0,0,7438.15,3204.65,0,0,0,0,11-JAN-2024,
OPTIDX,NIFTY,24-Dec-2025,16000,CE,0,0,0,4700,7628.75,0,0,50,0,11-JAN-2024,
OPTIDX,NIFTY,24-Dec-2025,17000,CE,0,0,0,5080,6762.3,0,0,650,0,11-JAN-2024,
OPTIDX,NIFTY,24-Dec-2025,18000,CE,0,0,0,6099.95,5909.2,0,0,5650,0,11-JAN-2024,
OPTIDX,NIFTY,24-Dec-2025,19000,CE,0,0,0,4401,5079.95,0,0,3200,0,11-JAN-2024,
OPTIDX,NIFTY,24-Dec-2025,19500,CE,0,0,0,3672.95,4678.5,0,0,1250,0,11-JAN-2024,
OPTIDX,NIFTY,24-Dec-2025,20000,CE,0,0,0,3210,4288.3,0,0,300,0,11-JAN-2024,
OPTIDX,NIFTY,24-Dec-2025,21000,CE,0,0,0,1400,3549.25,0,0,100,0,11-JAN-2024,
OPTIDX,NIFTY,24-Dec-2025,22000,CE,0,0,0,2450,2877.1,0,0,450,0,11-JAN-2024,
OPTIDX,NIFTY,24-Dec-2025,23000,CE,0,0,0,2199,2282.8,0,0,2100,0,11-JAN-2024,
OPTIDX,NIFTY,24-Dec-2025,24000,CE,0,0,0,1396.05,1772.6,0,0,0,0,11-JAN-2024,
OPTIDX,NIFTY,24-Dec-2025,25000,CE,0,0,0,1222.85,1347.35,0,0,0,0,11-JAN-2024,
OPTIDX,NIFTY,24-Dec-2025,26000,CE,0,0,0,1070.85,1003.05,0,0,0,0,11-JAN-2024,
OPTIDX,NIFTY,24-Dec-2025,27000,CE,0,0,0,1071,731.9,0,0,0,0,11-JAN-2024,
OPTIDX,NIFTY,24-Dec-2025,13000,PE,0,0,0,400,0.05,0,0,150,0,11-JAN-2024,
OPTIDX,NIFTY,24-Dec-2025,15000,PE,0,0,0,62.15,1.4,0,0,1100,0,11-JAN-2024,
OPTIDX,NIFTY,24-Dec-2025,16000,PE,0,0,0,79,5,0,0,2550,0,11-JAN-2024,
OPTIDX,NIFTY,24-Dec-2025,16500,PE,0,0,0,38.15,8.9,0,0,2600,0,11-JAN-2024,
OPTIDX,NIFTY,24-Dec-2025,17000,PE,0,0,0,155.05,15.05,0,0,2400,0,11-JAN-2024,
OPTIDX,NIFTY,24-Dec-2025,18000,PE,0,0,0,60.55,38.4,0,0,3600,0,11-JAN-2024,
OPTIDX,NIFTY,24-Dec-2025,19000,PE,0,0,0,620.05,85.65,0,0,3800,0,11-JAN-2024,
OPTIDX,NIFTY,24-Dec-2025,20000,PE,0,0,0,500,170.45,0,0,4800,0,11-JAN-2024,
OPTIDX,NIFTY,24-Dec-2025,21000,PE,0,0,0,701,307.9,0,0,3200,0,11-JAN-2024,
OPTIDX,NIFTY,24-Dec-2025,22000,PE,0,0,0,1006.95,512.2,0,0,2150,0,11-JAN-2024,
OPTIDX,NIFTY,24-Dec-2025,23000,PE,0,0,0,4249.5,794.35,0,0,0,0,11-JAN-2024,
OPTIDX,NIFTY,24-Dec-2025,24000,PE,0,0,0,5649,1160.6,0,0,0,0,11-JAN-2024,
OPTIDX,NIFTY,24-Dec-2025,25000,PE,0,0,0,6310.55,1611.85,0,0,0,0,11-JAN-2024,
OPTIDX,NIFTY,24-Dec-2025,26000,PE,0,0,0,6993.25,2144,0,0,0,0,11-JAN-2024,
OPTIDX,NIFTY,24-Dec-2025,27000,PE,0,0,0,7112.8,2749.35,0,0,0,0,11-JAN-2024,
OPTIDX,NIFTY,25-Jun-2026,12000,CE,0,0,0,8690,11479.6,0,0,50,0,11-JAN-2024,
OPTIDX,NIFTY,25-Jun-2026,17000,CE,0,0,0,4348.25,7262.65,0,0,0,0,11-JAN-2024,
OPTIDX,NIFTY,25-Jun-2026,18000,CE,0,0,0,4150,6440.65,0,0,200,0,11-JAN-2024,
OPTIDX,NIFTY,25-Jun-2026,19000,CE,0,0,0,2872.25,5640.4,0,0,100,0,11-JAN-2024,
OPTIDX,NIFTY,25-Jun-2026,20000,CE,0,0,0,3829.5,4872.5,0,0,0,0,11-JAN-2024,
OPTIDX,NIFTY,25-Jun-2026,21000,CE,0,0,0,3881.9,4148.25,0,0,0,0,11-JAN-2024,
OPTIDX,NIFTY,25-Jun-2026,22000,CE,0,0,0,2722.55,3478.45,0,0,0,0,11-JAN-2024,
OPTIDX,NIFTY,25-Jun-2026,23000,CE,0,0,0,2645.65,2872,0,0,0,0,11-JAN-2024,
OPTIDX,NIFTY,25-Jun-2026,24000,CE,0,0,0,1698.3,2334.75,0,0,0,0,11-JAN-2024,
OPTIDX,NIFTY,25-Jun-2026,25000,CE,0,0,0,1510.4,1869.05,0,0,0,0,11-JAN-2024,
OPTIDX,NIFTY,25-Jun-2026,26000,CE,0,0,0,1343.15,1474.1,0,0,0,0,11-JAN-2024,
OPTIDX,NIFTY,25-Jun-2026,27000,CE,0,0,0,1352.8,1145.9,0,0,0,0,11-JAN-2024,
OPTIDX,NIFTY,25-Jun-2026,12000,PE,0,0,0,10.05,0.05,0,0,500,0,11-JAN-2024,
OPTIDX,NIFTY,25-Jun-2026,13000,PE,0,0,0,45.25,0.15,0,0,200,0,11-JAN-2024,
OPTIDX,NIFTY,25-Jun-2026,14000,PE,0,0,0,300,0.65,0,0,100,0,11-JAN-2024,
OPTIDX,NIFTY,25-Jun-2026,15000,PE,0,0,0,105.5,2.45,0,0,850,0,11-JAN-2024,
OPTIDX,NIFTY,25-Jun-2026,16000,PE,0,0,0,54.8,7.5,0,0,500,0,11-JAN-2024,
OPTIDX,NIFTY,25-Jun-2026,17000,PE,0,0,0,2627.25,19.6,0,0,0,0,11-JAN-2024,
OPTIDX,NIFTY,25-Jun-2026,18000,PE,0,0,0,3088.05,44.9,0,0,0,0,11-JAN-2024,
OPTIDX,NIFTY,25-Jun-2026,19000,PE,0,0,0,140.45,91.95,0,0,100,0,11-JAN-2024,
OPTIDX,NIFTY,25-Jun-2026,20000,PE,0,0,0,3159.75,171.35,0,0,0,0,11-JAN-2024,
OPTIDX,NIFTY,25-Jun-2026,21000,PE,0,0,0,3065.6,294.4,0,0,0,0,11-JAN-2024,
OPTIDX,NIFTY,25-Jun-2026,22000,PE,0,0,0,3829.5,471.9,0,0,0,0,11-JAN-2024,
OPTIDX,NIFTY,25-Jun-2026,23000,PE,0,0,0,4171.75,712.75,0,0,0,0,11-JAN-2024,
OPTIDX,NIFTY,25-Jun-2026,24000,PE,0,0,0,5437.7,1022.75,0,0,0,0,11-JAN-2024,
OPTIDX,NIFTY,25-Jun-2026,25000,PE,0,0,0,6063.1,1404.4,0,0,0,0,11-JAN-2024,
OPTIDX,NIFTY,25-Jun-2026,26000,PE,0,0,0,6709.2,1856.7,0,0,0,0,11-JAN-2024,
OPTIDX,NIFTY,25-Jun-2026,27000,PE,0,0,0,6810.7,2375.85,0,0,0,0,11-JAN-2024,
OPTIDX,NIFTY,31-Dec-2026,16000,CE,0,0,0,6200,8565.65,0,0,50,0,11-JAN-2024,
OPTIDX,NIFTY,31-Dec-2026,17000,CE,0,0,0,4955.1,7760.75,0,0,0,0,11-JAN-2024,
OPTIDX,NIFTY,31-Dec-2026,18000,CE,0,0,0,4501.45,6968.25,0,0,0,0,11-JAN-2024,
OPTIDX,NIFTY,31-Dec-2026,19000,CE,0,0,0,4999,6195.2,0,0,200,0,11-JAN-2024,
OPTIDX,NIFTY,31-Dec-2026,20000,CE,0,0,0,3704.3,5449.85,0,0,0,0,11-JAN-2024,
OPTIDX,NIFTY,31-Dec-2026,21000,CE,0,0,0,3356.25,4741.05,0,0,0,0,11-JAN-2024,
OPTIDX,NIFTY,31-Dec-2026,22000,CE,0,0,0,3039,4077.25,0,0,0,0,11-JAN-2024,
OPTIDX,NIFTY,31-Dec-2026,23000,CE,0,0,0,2020,3465.7,0,0,500,0,11-JAN-2024,
OPTIDX,NIFTY,31-Dec-2026,24000,CE,0,0,0,2010.65,2911.65,0,0,0,0,11-JAN-2024,
OPTIDX,NIFTY,31-Dec-2026,25000,CE,0,0,0,1811.2,2418.2,0,0,0,0,11-JAN-2024,
OPTIDX,NIFTY,31-Dec-2026,26000,CE,0,0,0,1631.05,1985.95,0,0,0,0,11-JAN-2024,
OPTIDX,NIFTY,31-Dec-2026,27000,CE,0,0,0,1651.65,1613.4,0,0,0,0,11-JAN-2024,
OPTIDX,NIFTY,31-Dec-2026,12000,PE,0,0,0,250.1,0.05,0,0,600,0,11-JAN-2024,
OPTIDX,NIFTY,31-Dec-2026,13000,PE,0,0,0,450,0.3,0,0,200,0,11-JAN-2024,
OPTIDX,NIFTY,31-Dec-2026,14000,PE,0,0,0,500,1.1,0,0,950,0,11-JAN-2024,
OPTIDX,NIFTY,31-Dec-2026,15000,PE,0,0,0,118.9,3.55,0,0,2200,0,11-JAN-2024,
OPTIDX,NIFTY,31-Dec-2026,16000,PE,0,0,0,73.05,9.65,0,0,2450,0,11-JAN-2024,
OPTIDX,NIFTY,31-Dec-2026,17000,PE,0,0,0,177.55,22.9,0,0,2700,0,11-JAN-2024,
OPTIDX,NIFTY,31-Dec-2026,18000,PE,0,0,0,374.15,48.6,0,0,6350,0,11-JAN-2024,
OPTIDX,NIFTY,31-Dec-2026,19000,PE,0,0,0,450,93.75,0,0,3200,0,11-JAN-2024,
OPTIDX,NIFTY,31-Dec-2026,20000,PE,0,0,0,250.85,166.6,0,0,3750,0,11-JAN-2024,
OPTIDX,NIFTY,31-Dec-2026,21000,PE,0,0,0,771.7,276,0,0,450,0,11-JAN-2024,
OPTIDX,NIFTY,31-Dec-2026,22000,PE,0,0,0,609.65,430.4,0,0,100,0,11-JAN-2024,
OPTIDX,NIFTY,31-Dec-2026,23000,PE,0,0,0,1151,637.05,0,0,5700,0,11-JAN-2024,
OPTIDX,NIFTY,31-Dec-2026,24000,PE,0,0,0,5233.45,901.2,0,0,0,0,11-JAN-2024,
OPTIDX,NIFTY,31-Dec-2026,25000,PE,0,0,0,5825.75,1225.95,0,0,0,0,11-JAN-2024,
OPTIDX,NIFTY,31-Dec-2026,26000,PE,0,0,0,6437.4,1611.9,0,0,0,0,11-JAN-2024,
OPTIDX,NIFTY,31-Dec-2026,27000,PE,0,0,0,6522.3,2057.55,0,0,0,0,11-JAN-2024,
OPTIDX,NIFTY,24-Jun-2027,17000,CE,0,0,0,4464.7,8205.65,0,0,0,0,11-JAN-2024,
OPTIDX,NIFTY,24-Jun-2027,18000,CE,0,0,0,4066.45,7438.75,0,0,0,0,11-JAN-2024,
OPTIDX,NIFTY,24-Jun-2027,19000,CE,0,0,0,3701.25,6689.2,0,0,100,0,11-JAN-2024,
OPTIDX,NIFTY,24-Jun-2027,20000,CE,0,0,0,3367.05,5963.75,0,0,0,0,11-JAN-2024,
OPTIDX,NIFTY,24-Jun-2027,21000,CE,0,0,0,3061.8,5269.6,0,0,0,0,11-JAN-2024,
OPTIDX,NIFTY,24-Jun-2027,22000,CE,0,0,0,2783.5,4613.65,0,0,0,0,11-JAN-2024,
OPTIDX,NIFTY,24-Jun-2027,23000,CE,0,0,0,2530.05,4002,0,0,0,0,11-JAN-2024,
OPTIDX,NIFTY,24-Jun-2027,24000,CE,0,0,0,2299.55,3439.45,0,0,0,0,11-JAN-2024,
OPTIDX,NIFTY,24-Jun-2027,25000,CE,0,0,0,2090.05,2929.1,0,0,0,0,11-JAN-2024,
OPTIDX,NIFTY,24-Jun-2027,26000,CE,0,0,0,1900.85,2472.35,0,0,0,0,11-JAN-2024,
OPTIDX,NIFTY,24-Jun-2027,27000,CE,0,0,0,1932.5,2068.95,0,0,0,0,11-JAN-2024,
OPTIDX,NIFTY,24-Jun-2027,17000,PE,0,0,0,1814.75,24.85,0,0,0,0,11-JAN-2024,
OPTIDX,NIFTY,24-Jun-2027,18000,PE,0,0,0,2188.9,50.1,0,0,0,0,11-JAN-2024,
OPTIDX,NIFTY,24-Jun-2027,19000,PE,0,0,0,223.05,92.7,0,0,200,0,11-JAN-2024,
OPTIDX,NIFTY,24-Jun-2027,20000,PE,0,0,0,3034.2,159.4,0,0,0,0,11-JAN-2024,
OPTIDX,NIFTY,24-Jun-2027,21000,PE,0,0,0,3501.35,257.4,0,0,0,0,11-JAN-2024,
OPTIDX,NIFTY,24-Jun-2027,22000,PE,0,0,0,3995.4,393.6,0,0,0,0,11-JAN-2024,
OPTIDX,NIFTY,24-Jun-2027,23000,PE,0,0,0,4514.3,574.1,0,0,0,0,11-JAN-2024,
OPTIDX,NIFTY,24-Jun-2027,24000,PE,0,0,0,5056.2,803.65,0,0,0,0,11-JAN-2024,
OPTIDX,NIFTY,24-Jun-2027,25000,PE,0,0,0,5619.05,1085.45,0,0,0,0,11-JAN-2024,
OPTIDX,NIFTY,24-Jun-2027,26000,PE,0,0,0,6202.2,1420.85,0,0,0,0,11-JAN-2024,
OPTIDX,NIFTY,24-Jun-2027,27000,PE,0,0,0,6273.45,1809.6,0,0,0,0,11-JAN-2024,
OPTIDX,NIFTY,30-Dec-2027,17000,CE,0,0,0,6805.5,8669.35,0,0,0,0,11-JAN-2024,
OPTIDX,NIFTY,30-Dec-2027,18000,CE,0,0,0,6285.7,7928.6,0,0,0,0,11-JAN-2024,
OPTIDX,NIFTY,30-Dec-2027,19000,CE,0,0,0,5794.9,7203.15,0,0,0,0,11-JAN-2024,
OPTIDX,NIFTY,30-Dec-2027,20000,CE,0,0,0,5333.85,6498.55,0,0,0,0,11-JAN-2024,
OPTIDX,NIFTY,30-Dec-2027,21000,CE,0,0,0,4902.4,5820.55,0,0,0,0,11-JAN-2024,
OPTIDX,NIFTY,30-Dec-2027,22000,CE,0,0,0,4499.55,5174.95,0,0,0,0,11-JAN-2024,
OPTIDX,NIFTY,30-Dec-2027,23000,CE,0,0,0,4125.7,4566.85,0,0,0,0,11-JAN-2024,
OPTIDX,NIFTY,30-Dec-2027,24000,CE,0,0,0,3778.95,4000.4,0,0,0,0,11-JAN-2024,
OPTIDX,NIFTY,30-Dec-2027,25000,CE,0,0,0,3458.35,3478.8,0,0,0,0,11-JAN-2024,
OPTIDX,NIFTY,30-Dec-2027,26000,CE,0,0,0,3162.4,3003.7,0,0,0,0,11-JAN-2024,
OPTIDX,NIFTY,30-Dec-2027,27000,CE,0,0,0,2889.8,2575.65,0,0,0,0,11-JAN-2024,
OPTIDX,NIFTY,30-Dec-2027,15000,PE,0,0,0,86.75,5.25,0,0,350,0,11-JAN-2024,
OPTIDX,NIFTY,30-Dec-2027,17000,PE,0,0,0,514,26,0,0,14250,0,11-JAN-2024,
OPTIDX,NIFTY,30-Dec-2027,18000,PE,0,0,0,74.8,50.2,0,0,10500,0,11-JAN-2024,
OPTIDX,NIFTY,30-Dec-2027,19000,PE,0,0,0,760,89.7,0,0,700,0,11-JAN-2024,
OPTIDX,NIFTY,30-Dec-2027,20000,PE,0,0,0,811,150,0,0,2350,0,11-JAN-2024,
OPTIDX,NIFTY,30-Dec-2027,21000,PE,0,0,0,1563.55,237,0,0,0,0,11-JAN-2024,
OPTIDX,NIFTY,30-Dec-2027,22000,PE,0,0,0,1867.9,356.3,0,0,0,0,11-JAN-2024,
OPTIDX,NIFTY,30-Dec-2027,23000,PE,0,0,0,2201.3,513.1,0,0,0,0,11-JAN-2024,
OPTIDX,NIFTY,30-Dec-2027,24000,PE,0,0,0,2561.85,711.65,0,0,0,0,11-JAN-2024,
OPTIDX,NIFTY,30-Dec-2027,25000,PE,0,0,0,2948.45,954.9,0,0,0,0,11-JAN-2024,
OPTIDX,NIFTY,30-Dec-2027,26000,PE,0,0,0,3359.75,1244.75,0,0,0,0,11-JAN-2024,
OPTIDX,NIFTY,30-Dec-2027,27000,PE,0,0,0,3794.4,1581.65,0,0,0,0,11-JAN-2024,
OPTIDX,NIFTY,29-Jun-2028,17000,CE,0,0,0,7393.45,9100.1,0,0,0,0,11-JAN-2024,
OPTIDX,NIFTY,29-Jun-2028,18000,CE,0,0,0,6809.35,8383.3,0,0,0,0,11-JAN-2024,
OPTIDX,NIFTY,29-Jun-2028,19000,CE,0,0,0,6252.25,7680.1,0,0,0,0,11-JAN-2024,
OPTIDX,NIFTY,29-Jun-2028,20000,CE,0,0,0,5724.65,6995.1,0,0,0,0,11-JAN-2024,
OPTIDX,NIFTY,29-Jun-2028,21000,CE,0,0,0,5226.55,6333,0,0,0,0,11-JAN-2024,
OPTIDX,NIFTY,29-Jun-2028,22000,CE,0,0,0,4759.5,5698.75,0,0,0,0,11-JAN-2024,
OPTIDX,NIFTY,29-Jun-2028,23000,CE,0,0,0,4323.1,5096.65,0,0,0,0,11-JAN-2024,
OPTIDX,NIFTY,29-Jun-2028,24000,CE,0,0,0,3918.85,4530.45,0,0,0,0,11-JAN-2024,
OPTIDX,NIFTY,29-Jun-2028,25000,CE,0,0,0,3545.15,4003,0,0,0,0,11-JAN-2024,
OPTIDX,NIFTY,29-Jun-2028,26000,CE,0,0,0,3200.9,3516.35,0,0,0,0,11-JAN-2024,
OPTIDX,NIFTY,29-Jun-2028,27000,CE,0,0,0,2885.15,3071.35,0,0,0,0,11-JAN-2024,
OPTIDX,NIFTY,29-Jun-2028,17000,PE,0,0,0,283.1,26.35,0,0,0,0,11-JAN-2024,
OPTIDX,NIFTY,29-Jun-2028,18000,PE,0,0,0,396.75,49.2,0,0,0,0,11-JAN-2024,
OPTIDX,NIFTY,29-Jun-2028,19000,PE,0,0,0,537.45,85.65,0,0,0,0,11-JAN-2024,
OPTIDX,NIFTY,29-Jun-2028,20000,PE,0,0,0,707.55,140.2,0,0,0,0,11-JAN-2024,
OPTIDX,NIFTY,29-Jun-2028,21000,PE,0,0,0,907.2,217.75,0,0,0,0,11-JAN-2024,
OPTIDX,NIFTY,29-Jun-2028,22000,PE,0,0,0,1137.9,323.1,0,0,0,0,11-JAN-2024,
OPTIDX,NIFTY,29-Jun-2028,23000,PE,0,0,0,1399.25,460.6,0,0,0,0,11-JAN-2024,
OPTIDX,NIFTY,29-Jun-2028,24000,PE,0,0,0,1692.75,634.05,0,0,0,0,11-JAN-2024,
OPTIDX,NIFTY,29-Jun-2028,25000,PE,0,0,0,2016.8,846.25,0,0,0,0,11-JAN-2024,
OPTIDX,NIFTY,29-Jun-2028,26000,PE,0,0,0,2370.3,1099.15,0,0,0,0,11-JAN-2024,
OPTIDX,NIFTY,29-Jun-2028,27000,PE,0,0,0,2752.35,1393.8,0,0,0,0,11-JAN-2024,
OPTIDX,NIFTY,28-Dec-2028,17000,CE,0,0,0,10036.4,9516.05,0,0,0,0,11-JAN-2024,
OPTIDX,NIFTY,28-Dec-2028,18000,CE,0,0,0,9380.3,8822.3,0,0,0,0,11-JAN-2024,
OPTIDX,NIFTY,28-Dec-2028,19000,CE,0,0,0,8739,8140.55,0,0,0,0,11-JAN-2024,
OPTIDX,NIFTY,28-Dec-2028,20000,CE,0,0,0,8115.5,7474.7,0,0,0,0,11-JAN-2024,
OPTIDX,NIFTY,28-Dec-2028,21000,CE,0,0,0,7512.5,6828.75,0,0,0,0,11-JAN-2024,
OPTIDX,NIFTY,28-Dec-2028,22000,CE,0,0,0,6932.45,6206.8,0,0,0,0,11-JAN-2024,
OPTIDX,NIFTY,28-Dec-2028,23000,CE,0,0,0,6377.6,5612.65,0,0,0,0,11-JAN-2024,
OPTIDX,NIFTY,28-Dec-2028,24000,CE,0,0,0,5850.3,5049.55,0,0,0,0,11-JAN-2024,
OPTIDX,NIFTY,28-Dec-2028,25000,CE,0,0,0,5350.4,4520.2,0,0,0,0,11-JAN-2024,
OPTIDX,NIFTY,28-Dec-2028,26000,CE,0,0,0,4879.7,4026.6,0,0,0,0,11-JAN-2024,
OPTIDX,NIFTY,28-Dec-2028,27000,CE,0,0,0,4437.95,3569.9,0,0,0,0,11-JAN-2024,
OPTIDX,NIFTY,28-Dec-2028,17000,PE,0,0,0,66.15,26.15,0,0,0,0,11-JAN-2024,
OPTIDX,NIFTY,28-Dec-2028,18000,PE,0,0,0,104.65,47.55,0,0,0,0,11-JAN-2024,
OPTIDX,NIFTY,28-Dec-2028,19000,PE,0,0,0,158,80.95,0,0,0,0,11-JAN-2024,
OPTIDX,NIFTY,28-Dec-2028,20000,PE,0,0,0,229.1,130.2,0,0,0,0,11-JAN-2024,
OPTIDX,NIFTY,28-Dec-2028,21000,PE,0,0,0,320.7,199.45,0,0,0,0,11-JAN-2024,
OPTIDX,NIFTY,28-Dec-2028,22000,PE,0,0,0,435.3,292.6,0,0,0,0,11-JAN-2024,
OPTIDX,NIFTY,28-Dec-2028,23000,PE,0,0,0,575.05,413.6,0,0,0,0,11-JAN-2024,
OPTIDX,NIFTY,28-Dec-2028,24000,PE,0,0,0,742.35,565.65,0,0,0,0,11-JAN-2024,
OPTIDX,NIFTY,28-Dec-2028,25000,PE,0,0,0,937.05,751.45,0,0,0,0,11-JAN-2024,
OPTIDX,NIFTY,28-Dec-2028,26000,PE,0,0,0,1160.95,972.95,0,0,0,0,11-JAN-2024,
OPTIDX,NIFTY,28-Dec-2028,27000,PE,0,0,0,1413.85,1231.4,0,0,0,0,11-JAN-2024,
