INSTRUMENT,SYMBOL,EXPIRY_DT,STRIKE_PR,OPTION_TYP,OPEN,HIGH,LOW,CLOSE,SETTLE_PR,CONTRACTS,VAL_INLAKH,OPEN_INT,CHG_IN_OI,TIMESTAMP,
FUTIDX,NIFTY,25-Jan-2024,0,XX,21745,21995,21731,21947,21947,150912,1651145.58,11930100,212550,12-JAN-2024,
FUTIDX,NIFTY,29-Feb-2024,0,XX,21891,22130.85,21867,22089.3,22089.3,19308,212612.05,1485750,222600,12-JAN-2024,
FUTIDX,NIFTY,28-Mar-2024,0,XX,21910,22250,21910,22210.5,22210.5,6512,72122.7,390050,114500,12-JAN-2024,
OPTIDX,NIFTY,18-Jan-2024,19650,CE,0,0,0,2007.5,2266.35,0,0,1700,0,12-JAN-2024,
OPTIDX,NIFTY,18-Jan-2024,19700,CE,2185,2235,2185,2235,2216.4,4,43.82,5250,-150,12-JAN-2024,
OPTIDX,NIFTY,18-Jan-2024,19750,CE,0,0,0,1873.05,2166.45,0,0,200,0,12-JAN-2024,
OPTIDX,NIFTY,18-Jan-2024,19800,CE,2055,2055,2055,2055,2116.5,1,10.92,1300,50,12-JAN-2024,
OPTIDX,NIFTY,18-Jan-2024,19850,CE,0,0,0,1493.1,2066.55,0,0,0,0,12-JAN-2024,
OPTIDX,NIFTY,18-Jan-2024,19900,CE,0,0,0,1752,2016.6,0,0,400,0,12-JAN-2024,
OPTIDX,NIFTY,18-Jan-2024,19950,CE,0,0,0,1724,1966.65,0,0,1450,0,12-JAN-2024,
OPTIDX,NIFTY,18-Jan-2024,20000,CE,1725,1958.25,1725,1941,1941,58,634.83,42050,-400,12-JAN-2024,
OPTIDX,NIFTY,18-Jan-2024,20050,CE,1765.35,1891,1765.35,1891,1866.8,2,21.87,5950,50,12-JAN-2024,
OPTIDX,NIFTY,18-Jan-2024,20100,CE,1633,1830,1633,1797,1797,4,43.73,2750,50,12-JAN-2024,
OPTIDX,NIFTY,18-Jan-2024,20150,CE,0,0,0,1500,1766.9,0,0,200,0,12-JAN-2024,
OPTIDX,NIFTY,18-Jan-2024,20200,CE,0,0,0,1457.6,1716.95,0,0,2600,0,12-JAN-2024,
OPTIDX,NIFTY,18-Jan-2024,20250,CE,0,0,0,1370,1667,0,0,4200,0,12-JAN-2024,
OPTIDX,NIFTY,18-Jan-2024,20300,CE,1650,1650,1650,1650,1617.05,1,10.97,750,50,12-JAN-2024,
OPTIDX,NIFTY,18-Jan-2024,20350,CE,0,0,0,1298.45,1567.1,0,0,800,0,12-JAN-2024,
OPTIDX,NIFTY,18-Jan-2024,20400,CE,1339.5,1560.95,1339.5,1555.5,1555.5,18,196.83,3150,-450,12-JAN-2024,
OPTIDX,NIFTY,18-Jan-2024,20450,CE,0,0,0,1203.45,1467.25,0,0,1450,0,12-JAN-2024,
OPTIDX,NIFTY,18-Jan-2024,20500,CE,1230,1430.15,1230,1428.15,1428.15,71,775.15,59900,100,12-JAN-2024,
OPTIDX,NIFTY,18-Jan-2024,20550,CE,0,0,0,1119.35,1367.35,0,0,4750,0,12-JAN-2024,
OPTIDX,NIFTY,18-Jan-2024,20600,CE,1135,1334.5,1135,1334.5,1334.5,15,163.6,15150,150,12-JAN-2024,
OPTIDX,NIFTY,18-Jan-2024,20650,CE,0,0,0,808.65,1267.45,0,0,0,0,12-JAN-2024,
OPTIDX,NIFTY,18-Jan-2024,20700,CE,1030.1,1253.4,1030.05,1234.1,1234.1,36,393.14,4900,1000,12-JAN-2024,
OPTIDX,NIFTY,18-Jan-2024,20750,CE,1000,1211.75,995,1201.95,1201.95,803,8813.05,1350,700,12-JAN-2024,
OPTIDX,NIFTY,18-Jan-2024,20800,CE,950,1145.15,947.5,1139.4,1139.4,93,1015.95,23300,150,12-JAN-2024,
OPTIDX,NIFTY,18-Jan-2024,20850,CE,1031.1,1108.1,1031.1,1104.5,1104.5,797,8748.78,2900,2800,12-JAN-2024,
OPTIDX,NIFTY,18-Jan-2024,20900,CE,820,1068,820,1032.45,1032.45,172,1875.52,35350,550,12-JAN-2024,
OPTIDX,NIFTY,18-Jan-2024,20950,CE,837.9,1000.15,837.9,992.8,992.8,6,65.64,2550,0,12-JAN-2024,
OPTIDX,NIFTY,18-Jan-2024,21000,CE,727.7,982.55,709.75,931.45,931.45,4400,48092.62,331000,11150,12-JAN-2024,
OPTIDX,NIFTY,18-Jan-2024,21050,CE,685.45,925,685.45,896.7,896.7,51,557.48,2000,150,12-JAN-2024,
OPTIDX,NIFTY,18-Jan-2024,21100,CE,615.05,886.3,615.05,848.5,848.5,355,3880.81,60500,-800,12-JAN-2024,
OPTIDX,NIFTY,18-Jan-2024,21150,CE,599.95,809.6,599.4,787.9,787.9,134,1467.67,12200,1700,12-JAN-2024,
OPTIDX,NIFTY,18-Jan-2024,21200,CE,551,788.45,521.4,730.7,730.7,1796,19612.83,100350,-500,12-JAN-2024,
OPTIDX,NIFTY,18-Jan-2024,21250,CE,489.75,723.05,489.45,700.25,700.25,478,5223.89,15800,-5800,12-JAN-2024,
OPTIDX,NIFTY,18-Jan-2024,21300,CE,457,691.4,428,645.65,645.65,8188,89449.98,126400,-11700,12-JAN-2024,
OPTIDX,NIFTY,18-Jan-2024,21350,CE,396.35,641.2,392.55,597.7,597.7,1073,11717.84,25650,-4850,12-JAN-2024,
OPTIDX,NIFTY,18-Jan-2024,21400,CE,356.15,598.3,342.15,538,538,15658,171040.4,316550,-110650,12-JAN-2024,
OPTIDX,NIFTY,18-Jan-2024,21450,CE,317.7,552.95,304.85,495.1,495.1,6563,71747.07,56450,-30350,12-JAN-2024,
OPTIDX,NIFTY,18-Jan-2024,21500,CE,292.45,506.15,263.25,448.55,448.55,100856,1102945.36,493500,-224000,12-JAN-2024,
OPTIDX,NIFTY,18-Jan-2024,21550,CE,240,461.35,225,402.25,402.25,32431,354555.28,163300,-44550,12-JAN-2024,
OPTIDX,NIFTY,18-Jan-2024,21600,CE,215,416.6,194,359.5,359.5,296784,3247093.4,845650,-619800,12-JAN-2024,
OPTIDX,NIFTY,18-Jan-2024,21650,CE,180,374.7,162.9,321.3,321.3,211928,2318845.35,761950,-720300,12-JAN-2024,
OPTIDX,NIFTY,18-Jan-2024,21700,CE,141,332.8,136.25,281.8,281.8,1232102,13495784.74,2219150,-1232550,12-JAN-2024,
OPTIDX,NIFTY,18-Jan-2024,21750,CE,115,293.35,111.85,243.2,243.2,961566,10541330.26,1341600,106350,12-JAN-2024,
OPTIDX,NIFTY,18-Jan-2024,21800,CE,90.8,254.45,90.05,206.75,206.75,2497648,27427482.76,2651600,127450,12-JAN-2024,
OPTIDX,NIFTY,18-Jan-2024,21850,CE,80,218.8,72.4,172.75,172.75,1744089,19179289.47,1224000,379550,12-JAN-2024,
OPTIDX,NIFTY,18-Jan-2024,21900,CE,63.95,185,55.8,144.15,144.15,2734902,30114894.27,4077400,1085800,12-JAN-2024,
OPTIDX,NIFTY,18-Jan-2024,21950,CE,56.35,154.35,42.7,116.8,116.8,1373176,15140476.37,1594200,939500,12-JAN-2024,
OPTIDX,NIFTY,18-Jan-2024,22000,CE,39.25,126.85,31.5,93.05,93.05,2475848,27333591.49,3954050,644850,12-JAN-2024,
OPTIDX,NIFTY,18-Jan-2024,22050,CE,29.2,102.35,22.35,72.85,72.85,913949,10104557.87,1299500,633500,12-JAN-2024,
OPTIDX,NIFTY,18-Jan-2024,22100,CE,25,80.9,16.15,55.6,55.6,1509258,16713368.5,3546000,1397650,12-JAN-2024,
OPTIDX,NIFTY,18-Jan-2024,22150,CE,19,62.95,11.35,41.4,41.4,818811,9082174.14,1561500,877700,12-JAN-2024,
OPTIDX,NIFTY,18-Jan-2024,22200,CE,12.25,48,8,31.15,31.15,1430106,15892042.81,3978150,1468150,12-JAN-2024,
OPTIDX,NIFTY,18-Jan-2024,22250,CE,8.85,35.7,5.45,22.05,22.05,893763,9950762.57,3238350,2128500,12-JAN-2024,
OPTIDX,NIFTY,18-Jan-2024,22300,CE,7.5,26.45,4,15.9,15.9,1475141,16457407.66,5241950,1979500,12-JAN-2024,
OPTIDX,NIFTY,18-Jan-2024,22350,CE,3.95,19.4,3.1,11.75,11.75,697254,7795139.24,1499200,1050100,12-JAN-2024,
OPTIDX,NIFTY,18-Jan-2024,22400,CE,2.25,14.25,2.25,8.8,8.8,1099628,12319706.49,3421150,1092700,12-JAN-2024,
OPTIDX,NIFTY,18-Jan-2024,22450,CE,2.6,10.75,2,6.8,6.8,649541,7292942.94,1267900,1004800,12-JAN-2024,
OPTIDX,NIFTY,18-Jan-2024,22500,CE,2.25,8.35,1.85,5.75,5.75,1576683,17741233.28,5915500,2638100,12-JAN-2024,
OPTIDX,NIFTY,18-Jan-2024,22550,CE,2.1,6.45,1.65,4.75,4.75,427554,4821502.56,1647850,1481600,12-JAN-2024,
OPTIDX,NIFTY,18-Jan-2024,22600,CE,1.75,5.4,1.45,4,4,753481,8515494.26,3984150,2727800,12-JAN-2024,
OPTIDX,NIFTY,18-Jan-2024,22650,CE,1.85,4.45,1.35,3.45,3.45,223765,2534435.99,746150,554650,12-JAN-2024,
OPTIDX,NIFTY,18-Jan-2024,22700,CE,1.6,3.65,1.25,2.6,2.6,588335,6678229.76,2961550,2296650,12-JAN-2024,
OPTIDX,NIFTY,18-Jan-2024,22750,CE,1.95,3.25,1.2,2.4,2.4,163927,1864847.64,851800,799400,12-JAN-2024,
OPTIDX,NIFTY,18-Jan-2024,22800,CE,1.35,2.8,1.2,2.1,2.1,351009,4001805.46,1701950,1104400,12-JAN-2024,
OPTIDX,NIFTY,18-Jan-2024,22850,CE,1.45,2.4,1.15,1.9,1.9,53803,614743.13,346700,313200,12-JAN-2024,
OPTIDX,NIFTY,18-Jan-2024,22900,CE,1.3,2.05,1.15,1.7,1.7,190277,2178814.71,1334550,1155950,12-JAN-2024,
OPTIDX,NIFTY,18-Jan-2024,22950,CE,1.45,1.85,1.05,1.55,1.55,47258,542319.59,207900,173550,12-JAN-2024,
OPTIDX,NIFTY,18-Jan-2024,23000,CE,1.15,1.75,1.1,1.4,1.4,474611,5458329.47,3453800,1510800,12-JAN-2024,
OPTIDX,NIFTY,18-Jan-2024,23050,CE,1.15,1.6,0.85,1.1,1.1,44901,517507.62,630550,503600,12-JAN-2024,
OPTIDX,NIFTY,18-Jan-2024,23100,CE,1.2,1.6,0.85,1,1,272463,3147076.79,2469850,2097950,12-JAN-2024,
OPTIDX,NIFTY,18-Jan-2024,23150,CE,1.25,1.3,0.8,1,1,13086,151476.57,79700,56750,12-JAN-2024,
OPTIDX,NIFTY,18-Jan-2024,23200,CE,1,1.3,0.8,0.9,0.9,47023,545487.37,706000,223650,12-JAN-2024,
OPTIDX,NIFTY,18-Jan-2024,23250,CE,1.35,1.4,0.7,0.85,0.85,25952,301702.37,229650,191800,12-JAN-2024,
OPTIDX,NIFTY,18-Jan-2024,23300,CE,1.25,1.25,0.7,0.8,0.8,136634,1591840.44,1355000,816750,12-JAN-2024,
OPTIDX,NIFTY,18-Jan-2024,23350,CE,1.2,1.25,0.7,0.8,0.8,14720,171861.81,121100,77800,12-JAN-2024,
OPTIDX,NIFTY,18-Jan-2024,23400,CE,1.1,1.15,0.7,0.75,0.75,91660,1072457.36,1382950,514950,12-JAN-2024,
OPTIDX,NIFTY,18-Jan-2024,23450,CE,1.1,1.1,0.65,0.75,0.75,61534,721509.65,774850,342100,12-JAN-2024,
OPTIDX,NIFTY,18-Jan-2024,19650,PE,1.25,2.5,1,1.85,1.85,338977,3330748.08,5860300,5725900,12-JAN-2024,
OPTIDX,NIFTY,18-Jan-2024,19700,PE,1.2,2.35,1,1.65,1.65,158270,1559092.89,2197800,615800,12-JAN-2024,
OPTIDX,NIFTY,18-Jan-2024,19750,PE,1.25,2.5,1.1,1.9,1.9,22568,222880.01,300100,289650,12-JAN-2024,
OPTIDX,NIFTY,18-Jan-2024,19800,PE,1.35,2.5,1.1,1.85,1.85,76417,756596.08,1276500,464900,12-JAN-2024,
OPTIDX,NIFTY,18-Jan-2024,19850,PE,1.3,2.65,1.1,2,2,21645,214847.31,303300,300300,12-JAN-2024,
OPTIDX,NIFTY,18-Jan-2024,19900,PE,1.45,2.65,1.15,2,2,72981,726230.53,497700,449650,12-JAN-2024,
OPTIDX,NIFTY,18-Jan-2024,19950,PE,1.4,2.7,1.15,2.05,2.05,16074,160354.17,127500,123500,12-JAN-2024,
OPTIDX,NIFTY,18-Jan-2024,20000,PE,1.5,2.8,1.2,2.05,2.05,236615,2366377.52,2323250,466250,12-JAN-2024,
OPTIDX,NIFTY,18-Jan-2024,20050,PE,1.5,2.95,1.25,2.15,2.15,12093,121244.62,118800,110150,12-JAN-2024,
OPTIDX,NIFTY,18-Jan-2024,20100,PE,1.45,2.95,1.25,2.25,2.25,67707,680527.46,264950,198000,12-JAN-2024,
OPTIDX,NIFTY,18-Jan-2024,20150,PE,1.6,3.05,1.3,2.3,2.3,17609,177430.91,118550,97750,12-JAN-2024,
OPTIDX,NIFTY,18-Jan-2024,20200,PE,1.6,3.15,1.3,2.25,2.25,82672,835075.62,321200,162800,12-JAN-2024,
OPTIDX,NIFTY,18-Jan-2024,20250,PE,1.65,3.2,1.3,2.4,2.4,22182,224617.74,123200,101600,12-JAN-2024,
OPTIDX,NIFTY,18-Jan-2024,20300,PE,1.7,3.25,1.45,2.35,2.35,122245,1240919.74,582950,361500,12-JAN-2024,
OPTIDX,NIFTY,18-Jan-2024,20350,PE,1.8,3.45,1.45,2.6,2.6,29434,299527.76,126350,90400,12-JAN-2024,
OPTIDX,NIFTY,18-Jan-2024,20400,PE,1.9,3.6,1.65,2.8,2.8,119173,1215720.58,740900,480250,12-JAN-2024,
OPTIDX,NIFTY,18-Jan-2024,20450,PE,2,3.75,1.7,2.8,2.8,41945,428944.67,302500,193400,12-JAN-2024,
OPTIDX,NIFTY,18-Jan-2024,20500,PE,2.3,4,1.7,2.9,2.9,443708,4548627.53,3544100,1571400,12-JAN-2024,
OPTIDX,NIFTY,18-Jan-2024,20550,PE,2.4,4.15,1.75,3.05,3.05,62751,644861.23,336900,242250,12-JAN-2024,
OPTIDX,NIFTY,18-Jan-2024,20600,PE,2.25,4.3,2.1,3.1,3.1,284614,2931968.75,1788450,901200,12-JAN-2024,
OPTIDX,NIFTY,18-Jan-2024,20650,PE,2.2,4.6,2.2,3.4,3.4,102745,1061020.8,832250,507450,12-JAN-2024,
OPTIDX,NIFTY,18-Jan-2024,20700,PE,2.8,4.7,2.45,3.4,3.4,396690,4106462.71,3240350,2066900,12-JAN-2024,
OPTIDX,NIFTY,18-Jan-2024,20750,PE,3.55,5.2,2.6,3.85,3.85,159167,1651677.99,1067050,867350,12-JAN-2024,
OPTIDX,NIFTY,18-Jan-2024,20800,PE,4.2,5.45,3.05,4,4,604177,6284733.36,5473900,2557550,12-JAN-2024,
OPTIDX,NIFTY,18-Jan-2024,20850,PE,5,6.05,3.55,4.55,4.55,172589,1799657.9,1169800,800150,12-JAN-2024,
OPTIDX,NIFTY,18-Jan-2024,20900,PE,5,6.65,4,4.95,4.95,446640,4668578.01,3847750,2531400,12-JAN-2024,
OPTIDX,NIFTY,18-Jan-2024,20950,PE,5.65,7.2,4.65,5.5,5.5,148313,1554020.24,1242500,865100,12-JAN-2024,
OPTIDX,NIFTY,18-Jan-2024,21000,PE,8,8.85,5.4,6.2,6.2,639196,6713749.11,7045400,3746050,12-JAN-2024,
OPTIDX,NIFTY,18-Jan-2024,21050,PE,9.8,10.3,5.65,6.7,6.7,100714,1060399.46,452700,115350,12-JAN-2024,
OPTIDX,NIFTY,18-Jan-2024,21100,PE,12,12,6.25,7.45,7.45,396866,4188670.69,2576800,1299950,12-JAN-2024,
OPTIDX,NIFTY,18-Jan-2024,21150,PE,14.85,14.85,7.25,8.65,8.65,248496,2629106.86,1208750,825550,12-JAN-2024,
OPTIDX,NIFTY,18-Jan-2024,21200,PE,18.4,18.4,8,10.05,10.05,591086,6269062.99,3459300,1789800,12-JAN-2024,
OPTIDX,NIFTY,18-Jan-2024,21250,PE,18.55,20.5,9.4,11.55,11.55,277047,2945563.75,1453450,853050,12-JAN-2024,
OPTIDX,NIFTY,18-Jan-2024,21300,PE,25.8,26.55,11.15,13.5,13.5,725011,7727463.07,3882700,1745150,12-JAN-2024,
OPTIDX,NIFTY,18-Jan-2024,21350,PE,24.8,31.5,13.55,16.3,16.3,379782,4058019.4,1671200,738750,12-JAN-2024,
OPTIDX,NIFTY,18-Jan-2024,21400,PE,34.2,39,16.2,19,19,865017,9266197.32,4358600,2046050,12-JAN-2024,
OPTIDX,NIFTY,18-Jan-2024,21450,PE,44.2,48.45,19.15,23.05,23.05,516143,5543258.33,1238750,-120750,12-JAN-2024,
OPTIDX,NIFTY,18-Jan-2024,21500,PE,49.8,60,23,27.45,27.45,1077529,11602960.39,4118400,1524850,12-JAN-2024,
OPTIDX,NIFTY,18-Jan-2024,21550,PE,70.05,74.25,27.55,33.35,33.35,571857,6174253.66,1368900,792950,12-JAN-2024,
OPTIDX,NIFTY,18-Jan-2024,21600,PE,70,90,33.2,39.85,39.85,1216086,13165481.89,4131200,1992300,12-JAN-2024,
OPTIDX,NIFTY,18-Jan-2024,21650,PE,100,110,39.45,47.85,47.85,849323,9221040.27,3067600,2050400,12-JAN-2024,
OPTIDX,NIFTY,18-Jan-2024,21700,PE,141.85,141.85,45.9,57.95,57.95,2193714,23887017.41,8221600,6679500,12-JAN-2024,
OPTIDX,NIFTY,18-Jan-2024,21750,PE,165,165.05,57.8,70.7,70.7,1355413,14803053.98,3802300,3560450,12-JAN-2024,
OPTIDX,NIFTY,18-Jan-2024,21800,PE,187,187.7,69.8,84.85,84.85,2447458,26807404.43,7005250,6466350,12-JAN-2024,
OPTIDX,NIFTY,18-Jan-2024,21850,PE,200,218.9,83.85,102.85,102.85,1290395,14175385.77,2831100,2752650,12-JAN-2024,
OPTIDX,NIFTY,18-Jan-2024,21900,PE,233.15,252.8,101,122.25,122.25,1439607,15861114.98,3760950,3548350,12-JAN-2024,
OPTIDX,NIFTY,18-Jan-2024,21950,PE,276.8,288.1,121.4,144.4,144.4,380710,4207604.93,905750,879350,12-JAN-2024,
OPTIDX,NIFTY,18-Jan-2024,22000,PE,216,329.95,145.7,170.8,170.8,531921,5901991.79,1617300,1444500,12-JAN-2024,
OPTIDX,NIFTY,18-Jan-2024,22050,PE,376.45,376.45,171.85,199.15,199.15,53499,595478.64,329650,314500,12-JAN-2024,
OPTIDX,NIFTY,18-Jan-2024,22100,PE,397.35,410.15,200.85,232.55,232.55,93948,1049897.97,682450,636550,12-JAN-2024,
OPTIDX,NIFTY,18-Jan-2024,22150,PE,424.55,428.35,233.1,267.75,267.75,10619,119100.21,72600,64050,12-JAN-2024,
OPTIDX,NIFTY,18-Jan-2024,22200,PE,482.35,506.9,268.05,306,306,34752,391522.27,395250,318350,12-JAN-2024,
OPTIDX,NIFTY,18-Jan-2024,22250,PE,508.4,509.9,305.45,349.9,349.9,2762,31244.41,21900,21050,12-JAN-2024,
OPTIDX,NIFTY,18-Jan-2024,22300,PE,566.85,567.55,346.85,388.55,388.55,5266,59778.76,63100,51000,12-JAN-2024,
OPTIDX,NIFTY,18-Jan-2024,22350,PE,640,640,389,442,442,376,4290.91,4600,4400,12-JAN-2024,
OPTIDX,NIFTY,18-Jan-2024,22400,PE,691.75,691.75,435,479.8,479.8,1186,13574.34,9450,8600,12-JAN-2024,
OPTIDX,NIFTY,18-Jan-2024,22450,PE,720.45,720.45,485,522,522,49,563.46,850,850,12-JAN-2024,
OPTIDX,NIFTY,18-Jan-2024,22500,PE,778.35,806.85,528.7,590.4,590.4,4337,50115.72,44150,28800,12-JAN-2024,
OPTIDX,NIFTY,18-Jan-2024,22550,PE,0,0,0,1264.15,635.25,0,0,0,0,12-JAN-2024,
OPTIDX,NIFTY,18-Jan-2024,22600,PE,893.25,893.25,643,662.4,662.4,178,2073.71,2700,2250,12-JAN-2024,
OPTIDX,NIFTY,18-Jan-2024,22650,PE,0,0,0,1353.7,732.6,0,0,0,0,12-JAN-2024,
OPTIDX,NIFTY,18-Jan-2024,22700,PE,975.1,975.1,751.6,751.6,781.8,48,565.24,1150,1150,12-JAN-2024,
OPTIDX,NIFTY,18-Jan-2024,22750,PE,1006.75,1006.75,827.85,827.85,827.85,4,47.31,150,150,12-JAN-2024,
OPTIDX,NIFTY,18-Jan-2024,22800,PE,1063.9,1063.9,860.05,860.1,860.1,27,320.29,1050,1000,12-JAN-2024,
OPTIDX,NIFTY,18-Jan-2024,22850,PE,994.45,1027.9,994.45,1027.9,930.55,8,95.44,250,200,12-JAN-2024,
OPTIDX,NIFTY,18-Jan-2024,22900,PE,0,0,0,1032.55,980.3,0,0,50,0,12-JAN-2024,
OPTIDX,NIFTY,18-Jan-2024,22950,PE,0,0,0,1630.95,1030.15,0,0,0,0,12-JAN-2024,
OPTIDX,NIFTY,18-Jan-2024,23000,PE,1257.05,1260,1033.75,1063.45,1063.45,100,1206.54,6700,550,12-JAN-2024,
OPTIDX,NIFTY,18-Jan-2024,23050,PE,0,0,0,1725.6,1129.95,0,0,0,0,12-JAN-2024,
OPTIDX,NIFTY,18-Jan-2024,23100,PE,0,0,0,1773.25,1179.85,0,0,0,0,12-JAN-2024,
OPTIDX,NIFTY,18-Jan-2024,23150,PE,1411.1,1411.1,1361.4,1361.4,1229.8,2,24.53,50,50,12-JAN-2024,
OPTIDX,NIFTY,18-Jan-2024,23200,PE,0,0,0,1869.15,1279.75,0,0,0,0,12-JAN-2024,
OPTIDX,NIFTY,18-Jan-2024,23250,PE,0,0,0,1917.35,1329.65,0,0,0,0,12-JAN-2024,
OPTIDX,NIFTY,18-Jan-2024,23300,PE,0,0,0,1965.7,1379.6,0,0,0,0,12-JAN-2024,
OPTIDX,NIFTY,18-Jan-2024,23350,PE,0,0,0,2014.2,1429.55,0,0,0,0,12-JAN-2024,
OPTIDX,NIFTY,18-Jan-2024,23400,PE,0,0,0,2062.8,1479.5,0,0,0,0,12-JAN-2024,
OPTIDX,NIFTY,18-Jan-2024,23450,PE,1747.5,1747.5,1670.3,1670.3,1529.45,2,25.15,50,50,12-JAN-2024,
OPTIDX,NIFTY,25-Jan-2024,17350,CE,0,0,0,4400,4586.2,0,0,200,0,12-JAN-2024,
OPTIDX,NIFTY,25-Jan-2024,17400,CE,4342.8,4598.25,4342.8,4598.2,4598.2,4,43.74,14800,50,12-JAN-2024,
OPTIDX,NIFTY,25-Jan-2024,17450,CE,0,0,0,1783.7,4486.45,0,0,0,0,12-JAN-2024,
OPTIDX,NIFTY,25-Jan-2024,17500,CE,4405.15,4455,4395.15,4426.2,4426.2,14,153.45,95050,-400,12-JAN-2024,
OPTIDX,NIFTY,25-Jan-2024,17550,CE,0,0,0,4050,4386.7,0,0,250,0,12-JAN-2024,
OPTIDX,NIFTY,25-Jan-2024,17600,CE,0,0,0,4290,4336.8,0,0,250,0,12-JAN-2024,
OPTIDX,NIFTY,25-Jan-2024,17650,CE,0,0,0,1611.6,4286.95,0,0,0,0,12-JAN-2024,
OPTIDX,NIFTY,25-Jan-2024,17700,CE,0,0,0,1569.6,4237.05,0,0,0,0,12-JAN-2024,
OPTIDX,NIFTY,25-Jan-2024,17750,CE,0,0,0,4140.65,4187.15,0,0,2450,0,12-JAN-2024,
OPTIDX,NIFTY,25-Jan-2024,17800,CE,3942.9,4224.85,3942.9,4224.85,4224.85,4,43.76,10400,100,12-JAN-2024,
OPTIDX,NIFTY,25-Jan-2024,17850,CE,0,0,0,3980,4087.4,0,0,150,0,12-JAN-2024,
OPTIDX,NIFTY,25-Jan-2024,17900,CE,0,0,0,3971.5,4037.55,0,0,7650,0,12-JAN-2024,
OPTIDX,NIFTY,25-Jan-2024,17950,CE,0,0,0,1366.1,3987.65,0,0,0,0,12-JAN-2024,
OPTIDX,NIFTY,25-Jan-2024,18000,CE,3757,3977,3757,3928.75,3928.75,499,5461.79,402450,-17300,12-JAN-2024,
OPTIDX,NIFTY,25-Jan-2024,18050,CE,0,0,0,1957.8,3887.9,0,0,50,0,12-JAN-2024,
OPTIDX,NIFTY,25-Jan-2024,18100,CE,0,0,0,3900,3838,0,0,9750,0,12-JAN-2024,
OPTIDX,NIFTY,25-Jan-2024,18150,CE,0,0,0,3700,3788.15,0,0,100,0,12-JAN-2024,
OPTIDX,NIFTY,25-Jan-2024,18200,CE,3731.65,3731.65,3731.65,3731.65,3738.25,1,10.96,13850,0,12-JAN-2024,
OPTIDX,NIFTY,25-Jan-2024,18250,CE,0,0,0,1139.2,3688.35,0,0,0,0,12-JAN-2024,
OPTIDX,NIFTY,25-Jan-2024,18300,CE,0,0,0,3365,3638.5,0,0,12850,0,12-JAN-2024,
OPTIDX,NIFTY,25-Jan-2024,18350,CE,0,0,0,3575,3588.6,0,0,100,0,12-JAN-2024,
OPTIDX,NIFTY,25-Jan-2024,18400,CE,3556,3556,3556,3556,3538.75,1,10.97,8600,-50,12-JAN-2024,
OPTIDX,NIFTY,25-Jan-2024,18450,CE,0,0,0,3410,3488.85,0,0,150,0,12-JAN-2024,
OPTIDX,NIFTY,25-Jan-2024,18500,CE,3260,3474.15,3256.4,3458.4,3458.4,70,766.49,190250,-1650,12-JAN-2024,
OPTIDX,NIFTY,25-Jan-2024,18550,CE,0,0,0,931.75,3389.1,0,0,0,0,12-JAN-2024,
OPTIDX,NIFTY,25-Jan-2024,18600,CE,0,0,0,3100,3339.2,0,0,5100,0,12-JAN-2024,
OPTIDX,NIFTY,25-Jan-2024,18650,CE,0,0,0,867.95,3289.35,0,0,0,0,12-JAN-2024,
OPTIDX,NIFTY,25-Jan-2024,18700,CE,3054.95,3285.9,3054.95,3245.8,3245.8,8,87.62,4350,-50,12-JAN-2024,
OPTIDX,NIFTY,25-Jan-2024,18750,CE,0,0,0,2814.45,3189.55,0,0,550,0,12-JAN-2024,
OPTIDX,NIFTY,25-Jan-2024,18800,CE,3070,3120,3070,3120,3139.7,5,54.71,4150,-250,12-JAN-2024,
OPTIDX,NIFTY,25-Jan-2024,18850,CE,0,0,0,3050,3089.8,0,0,200,0,12-JAN-2024,
OPTIDX,NIFTY,25-Jan-2024,18900,CE,2876.7,2877.7,2876.7,2877.7,3039.95,11,119.77,2300,-550,12-JAN-2024,
OPTIDX,NIFTY,25-Jan-2024,18950,CE,0,0,0,692.45,2990.05,0,0,0,0,12-JAN-2024,
OPTIDX,NIFTY,25-Jan-2024,19000,CE,2758.1,2989.95,2756.9,2945,2945,928,10163.42,481750,-25850,12-JAN-2024,
OPTIDX,NIFTY,25-Jan-2024,19050,CE,0,0,0,2840.65,2890.3,0,0,50,0,12-JAN-2024,
OPTIDX,NIFTY,25-Jan-2024,19100,CE,2750.5,2777.9,2750.5,2777.9,2840.4,3,32.79,12100,-100,12-JAN-2024,
OPTIDX,NIFTY,25-Jan-2024,19150,CE,2794.75,2794.75,2794.75,2794.75,2794.75,1,10.97,50,0,12-JAN-2024,
OPTIDX,NIFTY,25-Jan-2024,19200,CE,2655,2679.85,2655,2679.1,2740.65,8,87.49,13350,-200,12-JAN-2024,
OPTIDX,NIFTY,25-Jan-2024,19250,CE,0,0,0,2380,2690.75,0,0,650,0,12-JAN-2024,
OPTIDX,NIFTY,25-Jan-2024,19300,CE,2542.7,2542.7,2542.7,2542.7,2640.9,1,10.92,12100,50,12-JAN-2024,
OPTIDX,NIFTY,25-Jan-2024,19350,CE,0,0,0,2416,2591,0,0,10000,0,12-JAN-2024,
OPTIDX,NIFTY,25-Jan-2024,19400,CE,2370,2530,2370,2520,2541.15,6,65.61,15450,-100,12-JAN-2024,
OPTIDX,NIFTY,25-Jan-2024,19450,CE,0,0,0,2171.45,2491.25,0,0,500,0,12-JAN-2024,
OPTIDX,NIFTY,25-Jan-2024,19500,CE,2250,2480.35,2250,2447.45,2447.45,222,2426.72,269600,150,12-JAN-2024,
OPTIDX,NIFTY,25-Jan-2024,19550,CE,2207.15,2338.05,2207.15,2338.05,2391.5,5,54.58,6150,0,12-JAN-2024,
OPTIDX,NIFTY,25-Jan-2024,19600,CE,2159,2346.1,2159,2307,2307,9,98.25,22350,-50,12-JAN-2024,
OPTIDX,NIFTY,25-Jan-2024,19650,CE,0,0,0,2138.65,2291.75,0,0,300,0,12-JAN-2024,
OPTIDX,NIFTY,25-Jan-2024,19700,CE,2140,2271.9,2140,2208.8,2208.8,24,262.5,35700,250,12-JAN-2024,
OPTIDX,NIFTY,25-Jan-2024,19750,CE,0,0,0,1923.8,2191.95,0,0,1350,0,12-JAN-2024,
OPTIDX,NIFTY,25-Jan-2024,19800,CE,1960,2186.15,1960,2143.25,2143.25,28,306.9,53300,-300,12-JAN-2024,
OPTIDX,NIFTY,25-Jan-2024,19850,CE,0,0,0,1830,2092.2,0,0,2200,0,12-JAN-2024,
OPTIDX,NIFTY,25-Jan-2024,19900,CE,1952,2088,1951.5,2056.85,2056.85,45,494.09,29700,-1150,12-JAN-2024,
OPTIDX,NIFTY,25-Jan-2024,19950,CE,0,0,0,1727.55,1992.45,0,0,2700,0,12-JAN-2024,
OPTIDX,NIFTY,25-Jan-2024,20000,CE,1758.15,1990,1758,1943.95,1943.95,1484,16252.6,662850,-30250,12-JAN-2024,
OPTIDX,NIFTY,25-Jan-2024,20050,CE,0,0,0,1633.15,1892.7,0,0,1200,0,12-JAN-2024,
OPTIDX,NIFTY,25-Jan-2024,20100,CE,1660,1865,1660,1865,1865,35,383.88,51400,-350,12-JAN-2024,
OPTIDX,NIFTY,25-Jan-2024,20150,CE,0,0,0,1516.5,1792.95,0,0,1950,0,12-JAN-2024,
OPTIDX,NIFTY,25-Jan-2024,20200,CE,1560,1787.95,1560,1729.35,1729.35,18,197.06,69100,-250,12-JAN-2024,
OPTIDX,NIFTY,25-Jan-2024,20250,CE,0,0,0,1410.6,1693.2,0,0,17300,0,12-JAN-2024,
OPTIDX,NIFTY,25-Jan-2024,20300,CE,1460.55,1686.75,1460,1627.95,1627.95,53,580.15,50100,-250,12-JAN-2024,
OPTIDX,NIFTY,25-Jan-2024,20350,CE,1496,1496,1496,1496,1593.5,3,32.76,8200,-150,12-JAN-2024,
OPTIDX,NIFTY,25-Jan-2024,20400,CE,1363,1586.6,1363,1544.1,1544.1,21,230.12,79200,-500,12-JAN-2024,
OPTIDX,NIFTY,25-Jan-2024,20450,CE,0,0,0,1230,1493.8,0,0,3250,0,12-JAN-2024,
OPTIDX,NIFTY,25-Jan-2024,20500,CE,1267.15,1495,1256.9,1460.25,1460.25,695,7608.25,536850,-15200,12-JAN-2024,
OPTIDX,NIFTY,25-Jan-2024,20550,CE,1365.15,1375.15,1365.15,1375.15,1394.2,2,21.92,4850,-50,12-JAN-2024,
OPTIDX,NIFTY,25-Jan-2024,20600,CE,1170,1367.2,1168,1342.85,1342.85,143,1567.53,80550,-3600,12-JAN-2024,
OPTIDX,NIFTY,25-Jan-2024,20650,CE,1338.7,1338.7,1338.7,1338.7,1294.75,1,10.99,7050,0,12-JAN-2024,
OPTIDX,NIFTY,25-Jan-2024,20700,CE,1050,1301.5,1049.95,1267.15,1267.15,179,1959.5,76000,-550,12-JAN-2024,
OPTIDX,NIFTY,25-Jan-2024,20750,CE,1050,1206,1050,1181.1,1181.1,19,208.09,12700,-550,12-JAN-2024,
OPTIDX,NIFTY,25-Jan-2024,20800,CE,970,1204,970,1165.2,1165.2,343,3764.53,147200,-8350,12-JAN-2024,
OPTIDX,NIFTY,25-Jan-2024,20850,CE,1050.65,1125.5,1050.65,1125.5,1096.85,6,65.8,10250,-100,12-JAN-2024,
OPTIDX,NIFTY,25-Jan-2024,20900,CE,864.95,1090,864.95,1049.65,1049.65,218,2385.08,86950,-5100,12-JAN-2024,
OPTIDX,NIFTY,25-Jan-2024,20950,CE,833.15,1053.95,832.6,1000.7,1000.7,16,175.23,6150,-350,12-JAN-2024,
OPTIDX,NIFTY,25-Jan-2024,21000,CE,800,1010.1,730,964.7,964.7,18650,204484.04,1004000,-441300,12-JAN-2024,
OPTIDX,NIFTY,25-Jan-2024,21050,CE,750,947.85,744.2,921.25,921.25,313,3436.34,23600,-3200,12-JAN-2024,
OPTIDX,NIFTY,25-Jan-2024,21100,CE,680.2,914.5,677.65,880.4,880.4,7131,78331.05,320250,-207850,12-JAN-2024,
OPTIDX,NIFTY,25-Jan-2024,21150,CE,710,850,710,820.8,820.8,57,625.53,43150,-1250,12-JAN-2024,
OPTIDX,NIFTY,25-Jan-2024,21200,CE,592,823.75,588.95,777.05,777.05,6167,67659.1,358500,-26250,12-JAN-2024,
OPTIDX,NIFTY,25-Jan-2024,21250,CE,556.35,779.5,556.35,737.3,737.3,331,3636,42500,1700,12-JAN-2024,
OPTIDX,NIFTY,25-Jan-2024,21300,CE,519,731.6,494.55,692.2,692.2,3220,35276.96,307150,-41800,12-JAN-2024,
OPTIDX,NIFTY,25-Jan-2024,21350,CE,472,667.3,472,651.4,651.4,1482,16280.16,40350,-25550,12-JAN-2024,
OPTIDX,NIFTY,25-Jan-2024,21400,CE,420,645,419.35,597,597,6837,74990.41,383400,-90600,12-JAN-2024,
OPTIDX,NIFTY,25-Jan-2024,21450,CE,370,597.65,370,549.7,549.7,1451,15926.99,38900,-28600,12-JAN-2024,
OPTIDX,NIFTY,25-Jan-2024,21500,CE,367.5,556.7,341.8,519.15,519.15,37613,412900.91,1419800,-54950,12-JAN-2024,
OPTIDX,NIFTY,25-Jan-2024,21550,CE,350,513.65,309.6,475.35,475.35,2507,27520.61,90650,-38450,12-JAN-2024,
OPTIDX,NIFTY,25-Jan-2024,21600,CE,278,475.7,274.35,434.7,434.7,44010,483418.06,1059050,-296450,12-JAN-2024,
OPTIDX,NIFTY,25-Jan-2024,21650,CE,270,435,248.05,395.65,395.65,10138,111381.28,232050,-101700,12-JAN-2024,
OPTIDX,NIFTY,25-Jan-2024,21700,CE,230,398.05,219.45,359.4,359.4,114936,1263835.13,2334150,162250,12-JAN-2024,
OPTIDX,NIFTY,25-Jan-2024,21750,CE,220.2,360.2,193.2,325,325,30184,332198.41,177400,-93600,12-JAN-2024,
OPTIDX,NIFTY,25-Jan-2024,21800,CE,192.9,326.6,168.8,288.4,288.4,149367,1646609.61,1380650,26700,12-JAN-2024,
OPTIDX,NIFTY,25-Jan-2024,21850,CE,167.95,294.2,145.2,257.85,257.85,35428,391157.06,236550,44150,12-JAN-2024,
OPTIDX,NIFTY,25-Jan-2024,21900,CE,154,262.65,115,230,230,109881,1214452.89,1090750,219500,12-JAN-2024,
OPTIDX,NIFTY,25-Jan-2024,21950,CE,110,231.95,105.75,200.1,200.1,23610,261230.75,239950,37050,12-JAN-2024,
OPTIDX,NIFTY,25-Jan-2024,22000,CE,105.5,204.7,91.9,174,174,259463,2873509.48,2760000,-410400,12-JAN-2024,
OPTIDX,NIFTY,25-Jan-2024,22050,CE,84.95,178.6,75.5,149.1,149.1,20343,225597.67,184050,6200,12-JAN-2024,
OPTIDX,NIFTY,25-Jan-2024,22100,CE,64.8,155.2,63.6,130,130,98349,1092159.18,1449200,484150,12-JAN-2024,
OPTIDX,NIFTY,25-Jan-2024,22150,CE,54.15,133.7,52.55,112,112,18825,209407.9,157750,40700,12-JAN-2024,
OPTIDX,NIFTY,25-Jan-2024,22200,CE,55,114.2,42.75,93.7,93.7,101749,1133535.64,1330550,202500,12-JAN-2024,
OPTIDX,NIFTY,25-Jan-2024,22250,CE,40.25,97.45,34.9,79.1,79.1,17810,198713.62,185300,61250,12-JAN-2024,
OPTIDX,NIFTY,25-Jan-2024,22300,CE,33.2,82.05,27.85,65.5,65.5,68792,768895.17,1212750,466850,12-JAN-2024,
OPTIDX,NIFTY,25-Jan-2024,22350,CE,25.65,69.4,22.95,55.15,55.15,13800,154519.87,283750,24000,12-JAN-2024,
OPTIDX,NIFTY,25-Jan-2024,22400,CE,20.15,58,18,44.65,44.65,70228,787780.97,998950,401050,12-JAN-2024,
OPTIDX,NIFTY,25-Jan-2024,22450,CE,16.5,47.5,14.75,36.5,36.5,12499,140496.15,192600,78750,12-JAN-2024,
OPTIDX,NIFTY,25-Jan-2024,22500,CE,13.65,40.25,12.45,30.5,30.5,127251,1433188.19,2284800,282600,12-JAN-2024,
OPTIDX,NIFTY,25-Jan-2024,22550,CE,11,32.3,9.75,24.4,24.4,13091,147732.83,131650,11050,12-JAN-2024,
OPTIDX,NIFTY,25-Jan-2024,22600,CE,9.65,26.3,7.7,19.55,19.55,49781,562914.07,949400,176750,12-JAN-2024,
OPTIDX,NIFTY,25-Jan-2024,22650,CE,8.4,21.25,6.3,15.5,15.5,9052,102573.71,132850,27300,12-JAN-2024,
OPTIDX,NIFTY,25-Jan-2024,22700,CE,6.6,17.1,5.4,12.45,12.45,41486,471096.21,760400,48150,12-JAN-2024,
OPTIDX,NIFTY,25-Jan-2024,22750,CE,5.25,14.05,4.75,10.05,10.05,12740,144970.95,297200,53500,12-JAN-2024,
OPTIDX,NIFTY,25-Jan-2024,22800,CE,5.9,11.55,3.55,8.2,8.2,43079,491260.48,883750,309100,12-JAN-2024,
OPTIDX,NIFTY,25-Jan-2024,22850,CE,4.05,9.75,3.85,7.15,7.15,8163,93288.16,88650,16450,12-JAN-2024,
OPTIDX,NIFTY,25-Jan-2024,22900,CE,4.6,8.2,3.6,5.8,5.8,20446,234165.72,618700,118050,12-JAN-2024,
OPTIDX,NIFTY,25-Jan-2024,22950,CE,4.2,7.1,3.5,5.4,5.4,7415,85106.28,147850,-9350,12-JAN-2024,
OPTIDX,NIFTY,25-Jan-2024,23000,CE,3.95,6.7,3.45,5.2,5.2,36251,416971.98,1451350,223600,12-JAN-2024,
OPTIDX,NIFTY,25-Jan-2024,23050,CE,3.4,5.5,3,4.5,4.5,1113,12829.6,29750,6100,12-JAN-2024,
OPTIDX,NIFTY,25-Jan-2024,23100,CE,3.3,4.8,2.6,3.85,3.85,5004,57804.69,158050,42900,12-JAN-2024,
OPTIDX,NIFTY,25-Jan-2024,23150,CE,3.2,4.6,2.8,3.9,3.9,3172,36721.39,151200,5800,12-JAN-2024,
OPTIDX,NIFTY,25-Jan-2024,23200,CE,2.85,3.8,2.3,3.1,3.1,5319,61707.91,138950,22700,12-JAN-2024,
OPTIDX,NIFTY,25-Jan-2024,23250,CE,2.75,3.8,2.2,3.3,3.3,976,11347.41,21900,7850,12-JAN-2024,
OPTIDX,NIFTY,25-Jan-2024,23300,CE,2.75,3.6,2.3,3.05,3.05,4431,51627.25,264750,2150,12-JAN-2024,
OPTIDX,NIFTY,25-Jan-2024,23350,CE,2.9,3.25,2,2.8,2.8,908,10602.12,10150,4350,12-JAN-2024,
OPTIDX,NIFTY,25-Jan-2024,23400,CE,2.7,3.05,2.15,2.6,2.6,3712,43435.11,57800,27800,12-JAN-2024,
OPTIDX,NIFTY,25-Jan-2024,23450,CE,2.6,6.7,2.15,2.55,2.55,2259,26489.59,44200,22450,12-JAN-2024,
OPTIDX,NIFTY,25-Jan-2024,17350,PE,1.8,1.85,1.2,1.4,1.4,315,2732.86,23400,5950,12-JAN-2024,
OPTIDX,NIFTY,25-Jan-2024,17400,PE,2,2,1.4,1.55,1.55,171,1487.83,11050,2850,12-JAN-2024,
OPTIDX,NIFTY,25-Jan-2024,17450,PE,1.35,2.05,1.35,2,0.05,95,828.96,2300,1050,12-JAN-2024,
OPTIDX,NIFTY,25-Jan-2024,17500,PE,2,2.2,1.55,1.9,1.9,1882,16469.25,292000,-1150,12-JAN-2024,
OPTIDX,NIFTY,25-Jan-2024,17550,PE,2,2.4,1.55,2.15,2.15,90,789.82,2600,2200,12-JAN-2024,
OPTIDX,NIFTY,25-Jan-2024,17600,PE,2,2.25,1.65,1.95,1.95,142,1249.72,3400,2750,12-JAN-2024,
OPTIDX,NIFTY,25-Jan-2024,17650,PE,0,0,0,3.05,0.05,0,0,800,0,12-JAN-2024,
OPTIDX,NIFTY,25-Jan-2024,17700,PE,2,2.15,1.5,1.95,1.95,134,1186.02,2600,200,12-JAN-2024,
OPTIDX,NIFTY,25-Jan-2024,17750,PE,2,2,2,2,2,5,44.38,1500,0,12-JAN-2024,
OPTIDX,NIFTY,25-Jan-2024,17800,PE,1.8,2.9,1.8,2.55,2.55,5,44.5,2800,50,12-JAN-2024,
OPTIDX,NIFTY,25-Jan-2024,17850,PE,1.05,2,1.05,1.8,0.05,27,241,1350,500,12-JAN-2024,
OPTIDX,NIFTY,25-Jan-2024,17900,PE,0,0,0,3.05,0.05,0,0,650,0,12-JAN-2024,
OPTIDX,NIFTY,25-Jan-2024,17950,PE,0,0,0,2.4,0.05,0,0,950,0,12-JAN-2024,
OPTIDX,NIFTY,25-Jan-2024,18000,PE,1.5,1.5,1.2,1.35,1.35,2836,25525.93,440900,550,12-JAN-2024,
OPTIDX,NIFTY,25-Jan-2024,18050,PE,0,0,0,3,0.05,0,0,1100,0,12-JAN-2024,
OPTIDX,NIFTY,25-Jan-2024,18100,PE,0,0,0,2.05,0.05,0,0,10800,0,12-JAN-2024,
OPTIDX,NIFTY,25-Jan-2024,18150,PE,0,0,0,34.9,0.05,0,0,3000,0,12-JAN-2024,
OPTIDX,NIFTY,25-Jan-2024,18200,PE,0,0,0,2.05,0.05,0,0,37200,0,12-JAN-2024,
OPTIDX,NIFTY,25-Jan-2024,18250,PE,0,0,0,3,0.05,0,0,1450,0,12-JAN-2024,
OPTIDX,NIFTY,25-Jan-2024,18300,PE,2.35,2.6,2.15,2.35,2.35,664,6076.38,52750,350,12-JAN-2024,
OPTIDX,NIFTY,25-Jan-2024,18350,PE,0,0,0,17.05,0.05,0,0,2950,0,12-JAN-2024,
OPTIDX,NIFTY,25-Jan-2024,18400,PE,2.45,2.85,2.15,2.65,2.65,189,1739.01,47850,350,12-JAN-2024,
OPTIDX,NIFTY,25-Jan-2024,18450,PE,0,0,0,3.1,0.05,0,0,3000,0,12-JAN-2024,
OPTIDX,NIFTY,25-Jan-2024,18500,PE,2,2.55,1.1,2.3,2.3,820,7585.88,211600,9050,12-JAN-2024,
OPTIDX,NIFTY,25-Jan-2024,18550,PE,0,0,0,3,0.05,0,0,1750,0,12-JAN-2024,
OPTIDX,NIFTY,25-Jan-2024,18600,PE,2.75,3.4,2.6,3.25,3.25,1891,17588.99,78900,200,12-JAN-2024,
OPTIDX,NIFTY,25-Jan-2024,18650,PE,0,0,0,2.45,0.05,0,0,2350,0,12-JAN-2024,
OPTIDX,NIFTY,25-Jan-2024,18700,PE,1.7,3.65,1.7,3.1,3.1,337,3151.43,104600,3050,12-JAN-2024,
OPTIDX,NIFTY,25-Jan-2024,18750,PE,3,3,2.65,2.9,0.05,125,1172.04,6700,-1000,12-JAN-2024,
OPTIDX,NIFTY,25-Jan-2024,18800,PE,2.65,3.35,2.5,3.25,3.25,1299,12212.46,118150,-3650,12-JAN-2024,
OPTIDX,NIFTY,25-Jan-2024,18850,PE,1.9,3.05,1.9,2.25,0.05,38,358.2,1300,-1250,12-JAN-2024,
OPTIDX,NIFTY,25-Jan-2024,18900,PE,2.05,4,2.05,3.2,3.2,160,1512.23,40400,-2000,12-JAN-2024,
OPTIDX,NIFTY,25-Jan-2024,18950,PE,1.85,4,1.8,3.15,3.15,319,3023.02,2350,-7900,12-JAN-2024,
OPTIDX,NIFTY,25-Jan-2024,19000,PE,2.55,3.35,1.85,3.2,3.2,4646,44143.72,967250,-28750,12-JAN-2024,
OPTIDX,NIFTY,25-Jan-2024,19050,PE,3,3.55,2.1,3.55,3.55,292,2781.74,5700,-5150,12-JAN-2024,
OPTIDX,NIFTY,25-Jan-2024,19100,PE,2.5,3.65,2.5,3.25,3.25,141,1346.76,36000,-1100,12-JAN-2024,
OPTIDX,NIFTY,25-Jan-2024,19150,PE,2.75,3.05,2.75,3.05,3.05,28,268.14,3300,-1300,12-JAN-2024,
OPTIDX,NIFTY,25-Jan-2024,19200,PE,2.7,3.75,2.2,3.15,3.15,393,3773.39,50700,-4650,12-JAN-2024,
OPTIDX,NIFTY,25-Jan-2024,19250,PE,2.35,3.35,2.35,2.85,2.85,87,837.49,14050,-300,12-JAN-2024,
OPTIDX,NIFTY,25-Jan-2024,19300,PE,2.4,3.15,2.3,2.75,2.75,328,3165.63,111700,-5550,12-JAN-2024,
OPTIDX,NIFTY,25-Jan-2024,19350,PE,2.55,3.8,2.55,3.3,3.3,121,1170.86,6700,-4600,12-JAN-2024,
OPTIDX,NIFTY,25-Jan-2024,19400,PE,2.7,3.65,2.55,3.3,3.3,299,2900.76,69750,-1650,12-JAN-2024,
OPTIDX,NIFTY,25-Jan-2024,19450,PE,2.75,3.35,2.4,3.35,0.05,48,466.87,11550,-1000,12-JAN-2024,
OPTIDX,NIFTY,25-Jan-2024,19500,PE,2.45,3.35,2.2,2.95,2.95,5625,54851.48,1112150,-13150,12-JAN-2024,
OPTIDX,NIFTY,25-Jan-2024,19550,PE,2.65,3.8,2.5,3.3,3.3,497,4858.93,20500,3000,12-JAN-2024,
OPTIDX,NIFTY,25-Jan-2024,19600,PE,2.6,3.8,2.05,3.1,3.1,4820,47242.73,62200,7700,12-JAN-2024,
OPTIDX,NIFTY,25-Jan-2024,19650,PE,3,4.05,2.55,3.45,3.45,775,7615.68,17200,5300,12-JAN-2024,
OPTIDX,NIFTY,25-Jan-2024,19700,PE,2.85,4.5,2.6,3.5,3.5,1046,10304.83,77350,-9500,12-JAN-2024,
OPTIDX,NIFTY,25-Jan-2024,19750,PE,2.75,4.05,2.75,3.5,3.5,457,4513.73,23400,-1600,12-JAN-2024,
OPTIDX,NIFTY,25-Jan-2024,19800,PE,3.45,4.25,3.15,3.8,3.8,2136,21150.26,183350,-12000,12-JAN-2024,
OPTIDX,NIFTY,25-Jan-2024,19850,PE,5.75,5.75,3.45,3.95,3.95,434,4308.36,8950,-200,12-JAN-2024,
OPTIDX,NIFTY,25-Jan-2024,19900,PE,4.25,4.85,3.6,4.3,4.3,975,9703.23,151250,-3300,12-JAN-2024,
OPTIDX,NIFTY,25-Jan-2024,19950,PE,3.95,5,3.65,4.3,4.3,465,4639.38,25050,-5100,12-JAN-2024,
OPTIDX,NIFTY,25-Jan-2024,20000,PE,5,5.7,4.05,4.95,4.95,29027,290339.36,2344200,-228900,12-JAN-2024,
OPTIDX,NIFTY,25-Jan-2024,20050,PE,4.85,6.4,4.35,5.1,5.1,310,3108.5,30750,-500,12-JAN-2024,
OPTIDX,NIFTY,25-Jan-2024,20100,PE,5.6,5.75,4.5,5.2,5.2,3043,30589.65,138350,-2250,12-JAN-2024,
OPTIDX,NIFTY,25-Jan-2024,20150,PE,5.45,5.75,4.55,5.1,5.1,638,6429.45,31800,4900,12-JAN-2024,
OPTIDX,NIFTY,25-Jan-2024,20200,PE,5.75,6.35,5.05,5.7,5.7,12441,125689.06,506550,1950,12-JAN-2024,
OPTIDX,NIFTY,25-Jan-2024,20250,PE,6.1,6.45,5.15,5.75,5.75,2690,27243.92,33700,-13550,12-JAN-2024,
OPTIDX,NIFTY,25-Jan-2024,20300,PE,6.95,6.95,5.55,6.1,6.1,9065,92037.31,346800,45950,12-JAN-2024,
OPTIDX,NIFTY,25-Jan-2024,20350,PE,6.55,6.95,5.9,6.25,6.25,3085,31399.81,57150,23050,12-JAN-2024,
OPTIDX,NIFTY,25-Jan-2024,20400,PE,8.15,8.25,6.15,6.45,6.45,11116,113420.63,402450,-3750,12-JAN-2024,
OPTIDX,NIFTY,25-Jan-2024,20450,PE,8.1,8.1,6.65,7.2,7.2,4496,45988.26,61100,-7900,12-JAN-2024,
OPTIDX,NIFTY,25-Jan-2024,20500,PE,9.65,9.65,7.4,8.15,8.15,49215,504656.29,3451450,-14150,12-JAN-2024,
OPTIDX,NIFTY,25-Jan-2024,20550,PE,9.45,10.1,7.65,8.35,8.35,3556,36552.82,49200,-13500,12-JAN-2024,
OPTIDX,NIFTY,25-Jan-2024,20600,PE,10,10.3,7.95,8.85,8.85,14343,147797.54,627950,-28800,12-JAN-2024,
OPTIDX,NIFTY,25-Jan-2024,20650,PE,10.65,10.7,8.15,8.75,8.75,14445,149210.51,319850,163550,12-JAN-2024,
OPTIDX,NIFTY,25-Jan-2024,20700,PE,12.3,12.9,9.8,10.4,10.4,22828,236393.57,794100,73950,12-JAN-2024,
OPTIDX,NIFTY,25-Jan-2024,20750,PE,18,18,11,11.65,11.65,5211,54095.8,127450,12850,12-JAN-2024,
OPTIDX,NIFTY,25-Jan-2024,20800,PE,16.1,16.2,11.75,12.45,12.45,37932,394742.35,1139500,242000,12-JAN-2024,
OPTIDX,NIFTY,25-Jan-2024,20850,PE,16,22.6,13.25,14.2,14.2,6284,65558.28,131150,38950,12-JAN-2024,
OPTIDX,NIFTY,25-Jan-2024,20900,PE,22.15,28.3,15.6,16.6,16.6,45592,476838.65,1502000,66200,12-JAN-2024,
OPTIDX,NIFTY,25-Jan-2024,20950,PE,25,25,16.5,17.7,17.7,9029,94666.04,241450,6650,12-JAN-2024,
OPTIDX,NIFTY,25-Jan-2024,21000,PE,28.4,28.75,19,20.6,20.6,101534,1067227.6,4125800,-319550,12-JAN-2024,
OPTIDX,NIFTY,25-Jan-2024,21050,PE,35.8,35.8,20.85,22.7,22.7,8865,93413.35,147050,14050,12-JAN-2024,
OPTIDX,NIFTY,25-Jan-2024,21100,PE,35.3,37.35,22.95,25.2,25.2,52099,550380.36,1230850,-61900,12-JAN-2024,
OPTIDX,NIFTY,25-Jan-2024,21150,PE,41.05,43.5,25.8,28.45,28.45,10001,105920.56,154150,33150,12-JAN-2024,
OPTIDX,NIFTY,25-Jan-2024,21200,PE,40.1,51.6,28.9,31.75,31.75,74081,786613.47,1316400,-2450,12-JAN-2024,
OPTIDX,NIFTY,25-Jan-2024,21250,PE,54.95,57.25,32.5,36.15,36.15,13518,143908.61,215400,27100,12-JAN-2024,
OPTIDX,NIFTY,25-Jan-2024,21300,PE,62,65.5,36,41.15,41.15,68816,734489.09,1662450,-47350,12-JAN-2024,
OPTIDX,NIFTY,25-Jan-2024,21350,PE,70.8,74.95,40,45.3,45.3,12396,132652.03,141850,-22750,12-JAN-2024,
OPTIDX,NIFTY,25-Jan-2024,21400,PE,80,85.9,45.1,51.45,51.45,89676,962289.95,1786500,9900,12-JAN-2024,
OPTIDX,NIFTY,25-Jan-2024,21450,PE,92.2,98.95,52.6,58.2,58.2,15580,167637.9,193600,15200,12-JAN-2024,
OPTIDX,NIFTY,25-Jan-2024,21500,PE,105.25,112.45,59.4,66.9,66.9,156819,1692049.42,3419100,306100,12-JAN-2024,
OPTIDX,NIFTY,25-Jan-2024,21550,PE,117.35,128.45,65.05,75.25,75.25,20062,217053.56,251900,75650,12-JAN-2024,
OPTIDX,NIFTY,25-Jan-2024,21600,PE,109.75,149.95,76.05,84.55,84.55,118093,1281362.72,2036900,550700,12-JAN-2024,
OPTIDX,NIFTY,25-Jan-2024,21650,PE,154.8,165.05,86.65,95.35,95.35,20893,227372.33,297800,36600,12-JAN-2024,
OPTIDX,NIFTY,25-Jan-2024,21700,PE,162,187.2,98.1,108.9,108.9,193727,2114870.05,3426050,998850,12-JAN-2024,
OPTIDX,NIFTY,25-Jan-2024,21750,PE,190.4,210.75,112.6,123.55,123.55,31205,341766.66,318550,194600,12-JAN-2024,
OPTIDX,NIFTY,25-Jan-2024,21800,PE,213.25,235.3,127.25,140.1,140.1,183163,2011733.99,2150750,1097900,12-JAN-2024,
OPTIDX,NIFTY,25-Jan-2024,21850,PE,238.3,260.2,142,161.2,161.2,30608,337125.24,329050,283150,12-JAN-2024,
OPTIDX,NIFTY,25-Jan-2024,21900,PE,275,292.25,162.45,180.15,180.15,91498,1010905.01,1004600,710150,12-JAN-2024,
OPTIDX,NIFTY,25-Jan-2024,21950,PE,316.2,316.25,184.85,200.2,200.2,9127,101132.44,147400,101100,12-JAN-2024,
OPTIDX,NIFTY,25-Jan-2024,22000,PE,345,358.9,208,225.9,225.9,93438,1039734.74,1564650,386750,12-JAN-2024,
OPTIDX,NIFTY,25-Jan-2024,22050,PE,371.45,372.15,232.2,252.2,252.2,2612,29144.41,41650,23750,12-JAN-2024,
OPTIDX,NIFTY,25-Jan-2024,22100,PE,427.45,427.45,258.4,281.15,281.15,6645,74404.7,152100,64650,12-JAN-2024,
OPTIDX,NIFTY,25-Jan-2024,22150,PE,444.45,446.55,287.7,307.15,307.15,895,10058.85,49000,14450,12-JAN-2024,
OPTIDX,NIFTY,25-Jan-2024,22200,PE,501.35,503,317.25,344.4,344.4,8035,90735.47,123900,-10400,12-JAN-2024,
OPTIDX,NIFTY,25-Jan-2024,22250,PE,449.5,455.95,350,371.8,371.8,505,5713.7,42650,15600,12-JAN-2024,
OPTIDX,NIFTY,25-Jan-2024,22300,PE,579,586.7,384.85,406.95,406.95,1856,21092.64,71600,16850,12-JAN-2024,
OPTIDX,NIFTY,25-Jan-2024,22350,PE,598.65,607.35,423.05,456.95,456.95,97,1108.96,39600,-350,12-JAN-2024,
OPTIDX,NIFTY,25-Jan-2024,22400,PE,670,670,460.2,494.1,494.1,614,7035.43,51800,6650,12-JAN-2024,
OPTIDX,NIFTY,25-Jan-2024,22450,PE,660.15,660.15,518.3,540.3,540.3,94,1082.44,20300,1200,12-JAN-2024,
OPTIDX,NIFTY,25-Jan-2024,22500,PE,760.6,771.2,542.15,574.7,574.7,4442,51341.48,629000,27750,12-JAN-2024,
OPTIDX,NIFTY,25-Jan-2024,22550,PE,0,0,0,894.65,631.4,0,0,11850,0,12-JAN-2024,
OPTIDX,NIFTY,25-Jan-2024,22600,PE,751,751,627,660.95,660.95,671,7803.01,34700,8500,12-JAN-2024,
OPTIDX,NIFTY,25-Jan-2024,22650,PE,738.25,738.3,718.25,718.25,721.2,7,81.83,8000,250,12-JAN-2024,
OPTIDX,NIFTY,25-Jan-2024,22700,PE,945.9,945.9,737.4,748.25,748.25,44,517.22,14350,750,12-JAN-2024,
OPTIDX,NIFTY,25-Jan-2024,22750,PE,900,900,782.65,800.1,800.1,3,35.37,1700,50,12-JAN-2024,
OPTIDX,NIFTY,25-Jan-2024,22800,PE,1015,1015,819.35,857.1,857.1,103,1220.39,12100,-1050,12-JAN-2024,
OPTIDX,NIFTY,25-Jan-2024,22850,PE,0,0,0,1285,908.9,0,0,900,0,12-JAN-2024,
OPTIDX,NIFTY,25-Jan-2024,22900,PE,1124,1124,912.9,963.35,963.35,405,4834.3,109300,-10650,12-JAN-2024,
OPTIDX,NIFTY,25-Jan-2024,22950,PE,0,0,0,1267.9,1005.5,0,0,5450,0,12-JAN-2024,
OPTIDX,NIFTY,25-Jan-2024,23000,PE,1259.95,1259.95,1005.7,1052.25,1052.25,1436,17294.03,371000,-11750,12-JAN-2024,
OPTIDX,NIFTY,25-Jan-2024,23050,PE,0,0,0,1308.25,1103.2,0,0,200,0,12-JAN-2024,
OPTIDX,NIFTY,25-Jan-2024,23100,PE,1322.55,1322.55,1113.45,1130.75,1130.75,18,218.17,3000,250,12-JAN-2024,
OPTIDX,NIFTY,25-Jan-2024,23150,PE,0,0,0,1512.45,1201.65,0,0,500,0,12-JAN-2024,
OPTIDX,NIFTY,25-Jan-2024,23200,PE,1440.8,1440.8,1239.25,1265,1251.1,71,870.05,1900,-1550,12-JAN-2024,
OPTIDX,NIFTY,25-Jan-2024,23250,PE,0,0,0,1425.9,1300.65,0,0,50,0,12-JAN-2024,
OPTIDX,NIFTY,25-Jan-2024,23300,PE,1541.65,1541.65,1322.25,1338.7,1338.7,100,1234.3,9200,2850,12-JAN-2024,
OPTIDX,NIFTY,25-Jan-2024,23350,PE,0,0,0,2434.2,1399.95,0,0,0,0,12-JAN-2024,
OPTIDX,NIFTY,25-Jan-2024,23400,PE,0,0,0,1697.4,1449.7,0,0,750,0,12-JAN-2024,
OPTIDX,NIFTY,25-Jan-2024,23450,PE,0,0,0,2531.25,1499.45,0,0,0,0,12-JAN-2024,
OPTIDX,NIFTY,01-Feb-2024,19750,CE,0,0,0,1692.15,2217.5,0,0,0,0,12-JAN-2024,
OPTIDX,NIFTY,01-Feb-2024,19800,CE,0,0,0,1645.4,2167.65,0,0,0,0,12-JAN-2024,
OPTIDX,NIFTY,01-Feb-2024,19850,CE,0,0,0,1806.35,2117.85,0,0,50,0,12-JAN-2024,
OPTIDX,NIFTY,01-Feb-2024,19900,CE,0,0,0,1725.3,2068.05,0,0,50,0,12-JAN-2024,
OPTIDX,NIFTY,01-Feb-2024,19950,CE,0,0,0,1507.15,2018.25,0,0,0,0,12-JAN-2024,
OPTIDX,NIFTY,01-Feb-2024,20000,CE,0,0,0,1675,1968.45,0,0,200,0,12-JAN-2024,
OPTIDX,NIFTY,01-Feb-2024,20050,CE,0,0,0,1416.75,1918.7,0,0,0,0,12-JAN-2024,
OPTIDX,NIFTY,01-Feb-2024,20100,CE,0,0,0,1372.2,1868.9,0,0,0,0,12-JAN-2024,
OPTIDX,NIFTY,01-Feb-2024,20150,CE,0,0,0,1328.05,1819.15,0,0,0,0,12-JAN-2024,
OPTIDX,NIFTY,01-Feb-2024,20200,CE,0,0,0,1425,1769.4,0,0,150,0,12-JAN-2024,
OPTIDX,NIFTY,01-Feb-2024,20250,CE,0,0,0,1241.25,1719.7,0,0,0,0,12-JAN-2024,
OPTIDX,NIFTY,01-Feb-2024,20300,CE,0,0,0,1198.65,1670,0,0,0,0,12-JAN-2024,
OPTIDX,NIFTY,01-Feb-2024,20350,CE,0,0,0,1156.6,1620.35,0,0,0,0,12-JAN-2024,
OPTIDX,NIFTY,01-Feb-2024,20400,CE,0,0,0,1115.1,1570.75,0,0,0,0,12-JAN-2024,
OPTIDX,NIFTY,01-Feb-2024,20450,CE,0,0,0,1074.2,1521.2,0,0,0,0,12-JAN-2024,
OPTIDX,NIFTY,01-Feb-2024,20500,CE,0,0,0,1033.95,1471.7,0,0,0,0,12-JAN-2024,
OPTIDX,NIFTY,01-Feb-2024,20550,CE,0,0,0,994.35,1422.35,0,0,0,0,12-JAN-2024,
OPTIDX,NIFTY,01-Feb-2024,20600,CE,0,0,0,955.45,1373.05,0,0,0,0,12-JAN-2024,
OPTIDX,NIFTY,01-Feb-2024,20650,CE,0,0,0,917.25,1323.95,0,0,0,0,12-JAN-2024,
OPTIDX,NIFTY,01-Feb-2024,20700,CE,0,0,0,879.8,1274.95,0,0,0,0,12-JAN-2024,
OPTIDX,NIFTY,01-Feb-2024,20750,CE,0,0,0,843.85,1226.2,0,0,0,0,12-JAN-2024,
OPTIDX,NIFTY,01-Feb-2024,20800,CE,0,0,0,1143.5,1177.65,0,0,50,0,12-JAN-2024,
OPTIDX,NIFTY,01-Feb-2024,20850,CE,0,0,0,771.95,1129.35,0,0,0,0,12-JAN-2024,
OPTIDX,NIFTY,01-Feb-2024,20900,CE,0,0,0,737.65,1081.4,0,0,0,0,12-JAN-2024,
OPTIDX,NIFTY,01-Feb-2024,20950,CE,0,0,0,704.2,1033.8,0,0,0,0,12-JAN-2024,
OPTIDX,NIFTY,01-Feb-2024,21000,CE,830.05,1049.85,830.05,1046.55,986.65,27,296.49,43550,150,12-JAN-2024,
OPTIDX,NIFTY,01-Feb-2024,21050,CE,0,0,0,639.9,939.95,0,0,0,0,12-JAN-2024,
OPTIDX,NIFTY,01-Feb-2024,21100,CE,0,0,0,760,893.8,0,0,0,0,12-JAN-2024,
OPTIDX,NIFTY,01-Feb-2024,21150,CE,0,0,0,645,848.25,0,0,50,0,12-JAN-2024,
OPTIDX,NIFTY,01-Feb-2024,21200,CE,659.9,760,659.9,760,803.4,4,43.81,250,100,12-JAN-2024,
OPTIDX,NIFTY,01-Feb-2024,21250,CE,0,0,0,684.35,759.3,0,0,1100,0,12-JAN-2024,
OPTIDX,NIFTY,01-Feb-2024,21300,CE,604.75,786.5,604.75,786.5,786.5,21,230.41,77850,-100,12-JAN-2024,
OPTIDX,NIFTY,01-Feb-2024,21350,CE,585.9,722,556.35,722,722,4,43.91,2450,0,12-JAN-2024,
OPTIDX,NIFTY,01-Feb-2024,21400,CE,582.45,685,582.45,685,632.3,16,176.15,23450,-50,12-JAN-2024,
OPTIDX,NIFTY,01-Feb-2024,21450,CE,465.65,465.65,465.65,465.65,592,3,32.87,6150,0,12-JAN-2024,
OPTIDX,NIFTY,01-Feb-2024,21500,CE,360.9,644.65,360.9,601.9,601.9,1724,19006.54,227400,1600,12-JAN-2024,
OPTIDX,NIFTY,01-Feb-2024,21550,CE,393,587,393,569.4,569.4,366,4034.33,4700,-4450,12-JAN-2024,
OPTIDX,NIFTY,01-Feb-2024,21600,CE,400,565.55,340.95,535.55,535.55,1228,13553.17,50850,6500,12-JAN-2024,
OPTIDX,NIFTY,01-Feb-2024,21650,CE,343.8,525.85,343.8,498.25,498.25,1465,16158.53,23300,-22800,12-JAN-2024,
OPTIDX,NIFTY,01-Feb-2024,21700,CE,345,494.95,278.05,459.4,459.4,3875,42786.84,193000,26100,12-JAN-2024,
OPTIDX,NIFTY,01-Feb-2024,21750,CE,293.8,457.05,293.8,418.15,418.15,1629,17994.21,14250,5200,12-JAN-2024,
OPTIDX,NIFTY,01-Feb-2024,21800,CE,258.95,426.25,252.15,396.65,396.65,5535,61295.84,100700,69150,12-JAN-2024,
OPTIDX,NIFTY,01-Feb-2024,21850,CE,254.8,392.15,229.3,357.85,357.85,786,8717.21,12000,5150,12-JAN-2024,
OPTIDX,NIFTY,01-Feb-2024,21900,CE,215,361,214.35,329.85,329.85,2340,25982.89,28350,15350,12-JAN-2024,
OPTIDX,NIFTY,01-Feb-2024,21950,CE,195,328,189.25,302.4,302.4,448,4980.68,13450,9450,12-JAN-2024,
OPTIDX,NIFTY,01-Feb-2024,22000,CE,166.75,301.4,166,271.9,271.9,6631,73714.77,112250,14350,12-JAN-2024,
OPTIDX,NIFTY,01-Feb-2024,22050,CE,131.75,272.1,131.75,251.6,251.6,372,4144,12350,8450,12-JAN-2024,
OPTIDX,NIFTY,01-Feb-2024,22100,CE,140,246.65,130.95,221.55,221.55,1591,17736.92,25300,-1550,12-JAN-2024,
OPTIDX,NIFTY,01-Feb-2024,22150,CE,116.3,221.4,114.9,201.6,201.6,749,8361.43,15500,7600,12-JAN-2024,
OPTIDX,NIFTY,01-Feb-2024,22200,CE,93.95,197.9,93.95,176.25,176.25,2889,32293.01,32550,6050,12-JAN-2024,
OPTIDX,NIFTY,01-Feb-2024,22250,CE,91,176.25,90.5,154.15,154.15,380,4253.04,7050,850,12-JAN-2024,
OPTIDX,NIFTY,01-Feb-2024,22300,CE,66.4,156,66.4,134.7,134.7,2987,33494.37,54450,34900,12-JAN-2024,
OPTIDX,NIFTY,01-Feb-2024,22350,CE,57.4,137.5,57.4,123.1,123.1,414,4647.47,4350,-850,12-JAN-2024,
OPTIDX,NIFTY,01-Feb-2024,22400,CE,57.6,120.3,55.4,104.65,104.65,1497,16837.03,20050,6400,12-JAN-2024,
OPTIDX,NIFTY,01-Feb-2024,22450,CE,70,101.15,69.3,96.65,96.65,286,3221.5,2650,-700,12-JAN-2024,
OPTIDX,NIFTY,01-Feb-2024,22500,CE,44,93.85,40.5,81.15,81.15,10475,118188.22,144950,12450,12-JAN-2024,
OPTIDX,NIFTY,01-Feb-2024,22550,CE,36.95,77.2,36.95,70.25,70.25,242,2736.02,5200,-850,12-JAN-2024,
OPTIDX,NIFTY,01-Feb-2024,22600,CE,31.2,70,29.45,59.35,59.35,3405,38560.41,53850,27750,12-JAN-2024,
OPTIDX,NIFTY,01-Feb-2024,22650,CE,26.45,60.4,25.85,50.35,50.35,436,4947.46,4450,650,12-JAN-2024,
OPTIDX,NIFTY,01-Feb-2024,22700,CE,22,52.45,21.3,44.35,44.35,2594,29495.21,41850,16300,12-JAN-2024,
OPTIDX,NIFTY,01-Feb-2024,22750,CE,20.55,44.95,20.3,39.1,39.1,421,4795.64,6900,2250,12-JAN-2024,
OPTIDX,NIFTY,01-Feb-2024,22800,CE,16.3,39.6,10.75,34.05,34.05,2007,22910,33750,18250,12-JAN-2024,
OPTIDX,NIFTY,01-Feb-2024,22850,CE,15,34.25,14.05,30,30,310,3545.73,6800,2850,12-JAN-2024,
OPTIDX,NIFTY,01-Feb-2024,22900,CE,13.7,30.6,8.7,26.55,26.55,1152,13204.78,23800,19400,12-JAN-2024,
OPTIDX,NIFTY,01-Feb-2024,22950,CE,7.55,27.85,7.55,18.6,18.6,285,3273.42,9100,6200,12-JAN-2024,
OPTIDX,NIFTY,01-Feb-2024,23000,CE,11.05,23.75,10.55,20.85,20.85,7698,88594.75,206400,132850,12-JAN-2024,
OPTIDX,NIFTY,01-Feb-2024,23050,CE,12,19.45,11.95,17.95,17.95,121,1395.51,4950,2300,12-JAN-2024,
OPTIDX,NIFTY,01-Feb-2024,23100,CE,9,17.7,5.55,15.85,15.85,429,4957.61,9700,5000,12-JAN-2024,
OPTIDX,NIFTY,01-Feb-2024,23150,CE,7.4,15.3,7.35,14.55,14.55,45,521.12,3100,650,12-JAN-2024,
OPTIDX,NIFTY,01-Feb-2024,23200,CE,7.75,13.45,7.2,11.9,11.9,429,4978.44,15100,4600,12-JAN-2024,
OPTIDX,NIFTY,01-Feb-2024,23250,CE,7.25,13.15,7.25,10.65,5.85,41,476.82,2750,0,12-JAN-2024,
OPTIDX,NIFTY,01-Feb-2024,23300,CE,6.5,10.45,3.85,10.1,10.1,926,10792.1,36150,13250,12-JAN-2024,
OPTIDX,NIFTY,01-Feb-2024,23350,CE,6.35,9.9,6.1,9.5,9.5,79,922.63,2650,850,12-JAN-2024,
OPTIDX,NIFTY,01-Feb-2024,23400,CE,3.3,9.15,3.3,8.3,8.3,283,3312.17,5800,4300,12-JAN-2024,
OPTIDX,NIFTY,01-Feb-2024,23450,CE,5.85,9,4.8,8,8,588,6896.42,11950,5750,12-JAN-2024,
OPTIDX,NIFTY,01-Feb-2024,19750,PE,0,0,0,22.55,0.05,0,0,0,0,12-JAN-2024,
OPTIDX,NIFTY,01-Feb-2024,19800,PE,0,0,0,25.4,0.05,0,0,0,0,12-JAN-2024,
OPTIDX,NIFTY,01-Feb-2024,19850,PE,0,0,0,28.6,0.05,0,0,0,0,12-JAN-2024,
OPTIDX,NIFTY,01-Feb-2024,19900,PE,0,0,0,32.05,0.05,0,0,0,0,12-JAN-2024,
OPTIDX,NIFTY,01-Feb-2024,19950,PE,0,0,0,7.65,0.05,0,0,2750,0,12-JAN-2024,
OPTIDX,NIFTY,01-Feb-2024,20000,PE,7.5,9.3,7.25,8,8,883,8833.7,27300,4300,12-JAN-2024,
OPTIDX,NIFTY,01-Feb-2024,20050,PE,0,0,0,12.55,0.1,0,0,2050,0,12-JAN-2024,
OPTIDX,NIFTY,01-Feb-2024,20100,PE,10.45,10.45,7.6,8.6,8.6,146,1467.92,9850,-250,12-JAN-2024,
OPTIDX,NIFTY,01-Feb-2024,20150,PE,10.05,11.05,7.65,9.45,9.45,145,1461.59,5750,-1600,12-JAN-2024,
OPTIDX,NIFTY,01-Feb-2024,20200,PE,13.3,13.65,9.25,9.75,9.75,715,7225.2,12700,8150,12-JAN-2024,
OPTIDX,NIFTY,01-Feb-2024,20250,PE,11.55,11.55,10.95,11.4,11.4,83,840.84,1450,-1950,12-JAN-2024,
OPTIDX,NIFTY,01-Feb-2024,20300,PE,11.35,17.65,10,11.95,11.95,227,2305.39,9750,-1750,12-JAN-2024,
OPTIDX,NIFTY,01-Feb-2024,20350,PE,0,0,0,25,0.65,0,0,2700,0,12-JAN-2024,
OPTIDX,NIFTY,01-Feb-2024,20400,PE,14,18,10.8,14.55,14.55,166,1694.36,2050,-1850,12-JAN-2024,
OPTIDX,NIFTY,01-Feb-2024,20450,PE,0,0,0,30.5,1.15,0,0,1700,0,12-JAN-2024,
OPTIDX,NIFTY,01-Feb-2024,20500,PE,19.5,19.5,14.05,15.7,15.7,1906,19551.5,71050,2350,12-JAN-2024,
OPTIDX,NIFTY,01-Feb-2024,20550,PE,16.7,18,16.05,17.55,1.9,44,452.48,4850,-200,12-JAN-2024,
OPTIDX,NIFTY,01-Feb-2024,20600,PE,25.4,26,17.3,18.6,18.6,404,4165.07,10900,0,12-JAN-2024,
OPTIDX,NIFTY,01-Feb-2024,20650,PE,22.75,22.75,19.2,20.05,20.05,152,1570.98,4700,600,12-JAN-2024,
OPTIDX,NIFTY,01-Feb-2024,20700,PE,24.1,25.2,21.05,22.05,22.05,761,7885.21,29850,3650,12-JAN-2024,
OPTIDX,NIFTY,01-Feb-2024,20750,PE,24.75,26.2,24.45,24.85,24.85,34,353.18,2300,1450,12-JAN-2024,
OPTIDX,NIFTY,01-Feb-2024,20800,PE,27.55,31.4,25.25,27.15,27.15,1131,11778.2,31600,15600,12-JAN-2024,
OPTIDX,NIFTY,01-Feb-2024,20850,PE,36.15,36.15,29.5,30.5,30.5,123,1284.24,3500,3150,12-JAN-2024,
OPTIDX,NIFTY,01-Feb-2024,20900,PE,41,41,26.65,33.45,33.45,2936,30733.44,47500,26450,12-JAN-2024,
OPTIDX,NIFTY,01-Feb-2024,20950,PE,48.2,48.2,35,36.85,36.85,284,2980.64,9750,5400,12-JAN-2024,
OPTIDX,NIFTY,01-Feb-2024,21000,PE,55,61.15,38.25,41.45,41.45,6212,65364.56,155600,37900,12-JAN-2024,
OPTIDX,NIFTY,01-Feb-2024,21050,PE,53,53,43.45,43.95,43.95,168,1772.38,7950,4650,12-JAN-2024,
OPTIDX,NIFTY,01-Feb-2024,21100,PE,60,63.25,46.15,51,51,1754,18551.05,34250,14800,12-JAN-2024,
OPTIDX,NIFTY,01-Feb-2024,21150,PE,70.75,70.75,53.75,55.75,55.75,136,1442.12,9450,3400,12-JAN-2024,
OPTIDX,NIFTY,01-Feb-2024,21200,PE,77.25,79.6,57,60.95,60.95,1247,13259.83,20800,7700,12-JAN-2024,
OPTIDX,NIFTY,01-Feb-2024,21250,PE,81,81,63,67.8,67.8,179,1908.33,4750,2050,12-JAN-2024,
OPTIDX,NIFTY,01-Feb-2024,21300,PE,95,101.15,69,74.15,74.15,3037,32466.29,111350,22050,12-JAN-2024,
OPTIDX,NIFTY,01-Feb-2024,21350,PE,141.85,141.85,76.2,79.25,79.25,223,2390.42,5400,2550,12-JAN-2024,
OPTIDX,NIFTY,01-Feb-2024,21400,PE,93.85,122,84,89.5,89.5,901,9685.26,35800,4350,12-JAN-2024,
OPTIDX,NIFTY,01-Feb-2024,21450,PE,131.3,131.3,93,97,97,187,2015.89,6550,-50,12-JAN-2024,
OPTIDX,NIFTY,01-Feb-2024,21500,PE,149.95,150,102,109.65,109.65,7049,76207.19,320200,64700,12-JAN-2024,
OPTIDX,NIFTY,01-Feb-2024,21550,PE,160.75,164.2,115.95,120.45,120.45,371,4022.15,5850,0,12-JAN-2024,
OPTIDX,NIFTY,01-Feb-2024,21600,PE,216.1,216.1,123.35,131.75,131.75,2696,29316.23,54250,18250,12-JAN-2024,
OPTIDX,NIFTY,01-Feb-2024,21650,PE,220,220,137,142.75,142.75,832,9078.24,18300,6150,12-JAN-2024,
OPTIDX,NIFTY,01-Feb-2024,21700,PE,222.7,236.35,150,159.45,159.45,5625,61549.44,213150,56700,12-JAN-2024,
OPTIDX,NIFTY,01-Feb-2024,21750,PE,268,268,165.7,178,178,2161,23704.73,12250,7800,12-JAN-2024,
OPTIDX,NIFTY,01-Feb-2024,21800,PE,309.25,309.25,182.25,192.55,192.55,4646,51139.39,57950,38950,12-JAN-2024,
OPTIDX,NIFTY,01-Feb-2024,21850,PE,299,299,200,212.35,212.35,905,9988.27,9450,5200,12-JAN-2024,
OPTIDX,NIFTY,01-Feb-2024,21900,PE,324.55,324.55,217.3,231.35,231.35,2186,24203.02,29950,24700,12-JAN-2024,
OPTIDX,NIFTY,01-Feb-2024,21950,PE,293.3,293.3,236.5,248.05,248.05,401,4452.16,10450,10300,12-JAN-2024,
OPTIDX,NIFTY,01-Feb-2024,22000,PE,370,376.45,255.1,273.8,273.8,3491,38909.74,44500,23150,12-JAN-2024,
OPTIDX,NIFTY,01-Feb-2024,22050,PE,362,362,281.5,294.35,294.35,196,2190.5,5900,5750,12-JAN-2024,
OPTIDX,NIFTY,01-Feb-2024,22100,PE,435,435,302.9,319.45,319.45,233,2612.97,10500,6700,12-JAN-2024,
OPTIDX,NIFTY,01-Feb-2024,22150,PE,0,0,0,879.2,346.9,0,0,0,0,12-JAN-2024,
OPTIDX,NIFTY,01-Feb-2024,22200,PE,561.85,561.85,357.35,379.15,379.15,438,4952.04,17300,13700,12-JAN-2024,
OPTIDX,NIFTY,01-Feb-2024,22250,PE,0,0,0,954.35,411.05,0,0,0,0,12-JAN-2024,
OPTIDX,NIFTY,01-Feb-2024,22300,PE,0,0,0,993.3,445.3,0,0,0,0,12-JAN-2024,
OPTIDX,NIFTY,01-Feb-2024,22350,PE,0,0,0,1032.9,480.85,0,0,0,0,12-JAN-2024,
OPTIDX,NIFTY,01-Feb-2024,22400,PE,0,0,0,1073.1,517.75,0,0,0,0,12-JAN-2024,
OPTIDX,NIFTY,01-Feb-2024,22450,PE,0,0,0,1113.85,555.85,0,0,0,0,12-JAN-2024,
OPTIDX,NIFTY,01-Feb-2024,22500,PE,0,0,0,781.85,595.15,0,0,50,0,12-JAN-2024,
OPTIDX,NIFTY,01-Feb-2024,22550,PE,0,0,0,1197.05,635.5,0,0,0,0,12-JAN-2024,
OPTIDX,NIFTY,01-Feb-2024,22600,PE,0,0,0,1239.45,676.85,0,0,0,0,12-JAN-2024,
OPTIDX,NIFTY,01-Feb-2024,22650,PE,0,0,0,1282.3,719.15,0,0,0,0,12-JAN-2024,
OPTIDX,NIFTY,01-Feb-2024,22700,PE,0,0,0,1325.6,762.35,0,0,0,0,12-JAN-2024,
OPTIDX,NIFTY,01-Feb-2024,22750,PE,0,0,0,1369.35,806.3,0,0,0,0,12-JAN-2024,
OPTIDX,NIFTY,01-Feb-2024,22800,PE,0,0,0,1230,850.95,0,0,50,0,12-JAN-2024,
OPTIDX,NIFTY,01-Feb-2024,22850,PE,0,0,0,1458.1,896.3,0,0,0,0,12-JAN-2024,
OPTIDX,NIFTY,01-Feb-2024,22900,PE,0,0,0,1503.05,942.25,0,0,0,0,12-JAN-2024,
OPTIDX,NIFTY,01-Feb-2024,22950,PE,0,0,0,1548.3,988.7,0,0,0,0,12-JAN-2024,
OPTIDX,NIFTY,01-Feb-2024,23000,PE,0,0,0,1593.95,1035.6,0,0,0,0,12-JAN-2024,
OPTIDX,NIFTY,01-Feb-2024,23050,PE,0,0,0,1639.85,1082.95,0,0,0,0,12-JAN-2024,
OPTIDX,NIFTY,01-Feb-2024,23100,PE,0,0,0,1686.05,1130.65,0,0,0,0,12-JAN-2024,
OPTIDX,NIFTY,01-Feb-2024,23150,PE,0,0,0,1732.55,1178.65,0,0,0,0,12-JAN-2024,
OPTIDX,NIFTY,01-Feb-2024,23200,PE,0,0,0,1779.25,1226.95,0,0,0,0,12-JAN-2024,
OPTIDX,NIFTY,01-Feb-2024,23250,PE,0,0,0,1826.25,1275.5,0,0,0,0,12-JAN-2024,
OPTIDX,NIFTY,01-Feb-2024,23300,PE,0,0,0,1873.45,1324.25,0,0,0,0,12-JAN-2024,
OPTIDX,NIFTY,01-Feb-2024,23350,PE,0,0,0,1920.8,1373.15,0,0,0,0,12-JAN-2024,
OPTIDX,NIFTY,01-Feb-2024,23400,PE,0,0,0,1968.4,1422.25,0,0,0,0,12-JAN-2024,
OPTIDX,NIFTY,01-Feb-2024,23450,PE,0,0,0,2016.15,1471.45,0,0,0,0,12-JAN-2024,
OPTIDX,NIFTY,08-Feb-2024,19750,CE,0,0,0,2051,2243,0,0,0,0,12-JAN-2024,
OPTIDX,NIFTY,08-Feb-2024,19800,CE,0,0,0,2002.15,2193.3,0,0,0,0,12-JAN-2024,
OPTIDX,NIFTY,08-Feb-2024,19850,CE,0,0,0,1953.45,2143.6,0,0,0,0,12-JAN-2024,
OPTIDX,NIFTY,08-Feb-2024,19900,CE,0,0,0,1904.85,2093.9,0,0,0,0,12-JAN-2024,
OPTIDX,NIFTY,08-Feb-2024,19950,CE,0,0,0,1856.4,2044.25,0,0,0,0,12-JAN-2024,
OPTIDX,NIFTY,08-Feb-2024,20000,CE,0,0,0,1808.15,1994.55,0,0,0,0,12-JAN-2024,
OPTIDX,NIFTY,08-Feb-2024,20050,CE,0,0,0,1760.1,1944.95,0,0,0,0,12-JAN-2024,
OPTIDX,NIFTY,08-Feb-2024,20100,CE,0,0,0,1712.2,1895.35,0,0,0,0,12-JAN-2024,
OPTIDX,NIFTY,08-Feb-2024,20150,CE,0,0,0,1664.55,1845.75,0,0,0,0,12-JAN-2024,
OPTIDX,NIFTY,08-Feb-2024,20200,CE,0,0,0,1617.15,1796.25,0,0,0,0,12-JAN-2024,
OPTIDX,NIFTY,08-Feb-2024,20250,CE,0,0,0,1570.05,1746.8,0,0,0,0,12-JAN-2024,
OPTIDX,NIFTY,08-Feb-2024,20300,CE,0,0,0,1523.2,1697.4,0,0,0,0,12-JAN-2024,
OPTIDX,NIFTY,08-Feb-2024,20350,CE,0,0,0,1476.65,1648.1,0,0,0,0,12-JAN-2024,
OPTIDX,NIFTY,08-Feb-2024,20400,CE,0,0,0,1430.5,1598.85,0,0,0,0,12-JAN-2024,
OPTIDX,NIFTY,08-Feb-2024,20450,CE,0,0,0,1384.7,1549.75,0,0,0,0,12-JAN-2024,
OPTIDX,NIFTY,08-Feb-2024,20500,CE,0,0,0,1339.3,1500.8,0,0,0,0,12-JAN-2024,
OPTIDX,NIFTY,08-Feb-2024,20550,CE,0,0,0,1294.35,1452,0,0,0,0,12-JAN-2024,
OPTIDX,NIFTY,08-Feb-2024,20600,CE,0,0,0,1249.85,1403.35,0,0,0,0,12-JAN-2024,
OPTIDX,NIFTY,08-Feb-2024,20650,CE,0,0,0,1205.85,1354.9,0,0,0,0,12-JAN-2024,
OPTIDX,NIFTY,08-Feb-2024,20700,CE,0,0,0,1162.35,1306.75,0,0,0,0,12-JAN-2024,
OPTIDX,NIFTY,08-Feb-2024,20750,CE,0,0,0,1119.45,1258.8,0,0,0,0,12-JAN-2024,
OPTIDX,NIFTY,08-Feb-2024,20800,CE,0,0,0,1077.1,1211.2,0,0,0,0,12-JAN-2024,
OPTIDX,NIFTY,08-Feb-2024,20850,CE,0,0,0,1035.35,1163.95,0,0,0,0,12-JAN-2024,
OPTIDX,NIFTY,08-Feb-2024,20900,CE,0,0,0,994.3,1117.1,0,0,0,0,12-JAN-2024,
OPTIDX,NIFTY,08-Feb-2024,20950,CE,0,0,0,953.9,1070.7,0,0,0,0,12-JAN-2024,
OPTIDX,NIFTY,08-Feb-2024,21000,CE,0,0,0,914.25,1024.75,0,0,0,0,12-JAN-2024,
OPTIDX,NIFTY,08-Feb-2024,21050,CE,0,0,0,875.35,979.4,0,0,0,0,12-JAN-2024,
OPTIDX,NIFTY,08-Feb-2024,21100,CE,0,0,0,837.2,934.6,0,0,0,0,12-JAN-2024,
OPTIDX,NIFTY,08-Feb-2024,21150,CE,0,0,0,800.65,890.45,0,0,0,0,12-JAN-2024,
OPTIDX,NIFTY,08-Feb-2024,21200,CE,0,0,0,763.15,847.05,0,0,0,0,12-JAN-2024,
OPTIDX,NIFTY,08-Feb-2024,21250,CE,0,0,0,727.5,804.4,0,0,0,0,12-JAN-2024,
OPTIDX,NIFTY,08-Feb-2024,21300,CE,0,0,0,510,762.55,0,0,50,0,12-JAN-2024,
OPTIDX,NIFTY,08-Feb-2024,21350,CE,0,0,0,658.9,721.6,0,0,0,0,12-JAN-2024,
OPTIDX,NIFTY,08-Feb-2024,21400,CE,0,0,0,503,681.55,0,0,100,0,12-JAN-2024,
OPTIDX,NIFTY,08-Feb-2024,21450,CE,0,0,0,584.05,642.55,0,0,100,0,12-JAN-2024,
OPTIDX,NIFTY,08-Feb-2024,21500,CE,509.25,683.3,455.35,622,622,91,1004.87,3750,-500,12-JAN-2024,
OPTIDX,NIFTY,08-Feb-2024,21550,CE,472.55,557.35,472.55,557.35,567.7,19,209.37,450,300,12-JAN-2024,
OPTIDX,NIFTY,08-Feb-2024,21600,CE,456.7,602.3,439.4,587.1,587.1,60,663.01,2650,-150,12-JAN-2024,
OPTIDX,NIFTY,08-Feb-2024,21650,CE,411.75,578.25,411.75,553.7,553.7,32,354.27,2450,300,12-JAN-2024,
OPTIDX,NIFTY,08-Feb-2024,21700,CE,370,541.5,370,519.6,519.6,170,1882.85,4950,1100,12-JAN-2024,
OPTIDX,NIFTY,08-Feb-2024,21750,CE,348.85,484.05,345.75,484.05,484.05,52,575.92,3400,200,12-JAN-2024,
OPTIDX,NIFTY,08-Feb-2024,21800,CE,320,474.5,318.8,444.95,444.95,467,5180.37,8350,4400,12-JAN-2024,
OPTIDX,NIFTY,08-Feb-2024,21850,CE,343.2,430,343.2,418.3,418.3,91,1011.71,1900,1350,12-JAN-2024,
OPTIDX,NIFTY,08-Feb-2024,21900,CE,277.65,414.05,264.3,384.45,384.45,89,990.53,2700,1500,12-JAN-2024,
OPTIDX,NIFTY,08-Feb-2024,21950,CE,0,0,0,328.05,317.3,0,0,0,0,12-JAN-2024,
OPTIDX,NIFTY,08-Feb-2024,22000,CE,220,354.5,220,325.55,325.55,1179,13139.41,21150,5600,12-JAN-2024,
OPTIDX,NIFTY,08-Feb-2024,22050,CE,293.8,293.8,293.8,293.8,293.8,1,11.17,50,50,12-JAN-2024,
OPTIDX,NIFTY,08-Feb-2024,22100,CE,175.05,292,175.05,277.75,277.75,84,938.69,2500,200,12-JAN-2024,
OPTIDX,NIFTY,08-Feb-2024,22150,CE,245.2,263.5,244.7,249.75,249.75,39,436.79,1950,1950,12-JAN-2024,
OPTIDX,NIFTY,08-Feb-2024,22200,CE,162.6,245,162.6,232.45,232.45,165,1848.49,3350,2000,12-JAN-2024,
OPTIDX,NIFTY,08-Feb-2024,22250,CE,0,0,0,144.45,185.4,0,0,50,0,12-JAN-2024,
OPTIDX,NIFTY,08-Feb-2024,22300,CE,115,202.5,115,186,186,152,1709.23,4250,4150,12-JAN-2024,
OPTIDX,NIFTY,08-Feb-2024,22350,CE,0,0,0,185.35,151.8,0,0,0,0,12-JAN-2024,
OPTIDX,NIFTY,08-Feb-2024,22400,CE,79.85,160.5,79.85,152,152,217,2443.69,3200,1150,12-JAN-2024,
OPTIDX,NIFTY,08-Feb-2024,22450,CE,0,0,0,158.45,122.95,0,0,0,0,12-JAN-2024,
OPTIDX,NIFTY,08-Feb-2024,22500,CE,72.95,137.25,65.5,121.9,121.9,620,7008.38,18300,2800,12-JAN-2024,
OPTIDX,NIFTY,08-Feb-2024,22550,CE,52,113.95,52,110.05,98.5,21,237.57,950,900,12-JAN-2024,
OPTIDX,NIFTY,08-Feb-2024,22600,CE,62.1,105.65,62.1,92.45,92.45,279,3165.8,2700,2350,12-JAN-2024,
OPTIDX,NIFTY,08-Feb-2024,22650,CE,38.3,38.3,38.3,38.3,78,2,22.68,150,0,12-JAN-2024,
OPTIDX,NIFTY,08-Feb-2024,22700,CE,39,82.7,39,74.25,74.25,232,2640.85,6600,5900,12-JAN-2024,
OPTIDX,NIFTY,08-Feb-2024,22750,CE,0,0,0,95.8,61.1,0,0,0,0,12-JAN-2024,
OPTIDX,NIFTY,08-Feb-2024,22800,CE,35,67.15,31.5,59.05,59.05,108,1234.14,2900,1850,12-JAN-2024,
OPTIDX,NIFTY,08-Feb-2024,22850,CE,56.7,56.7,42.1,43.8,43.8,11,125.94,250,200,12-JAN-2024,
OPTIDX,NIFTY,08-Feb-2024,22900,CE,0,0,0,73,41.4,0,0,0,0,12-JAN-2024,
OPTIDX,NIFTY,08-Feb-2024,22950,CE,0,0,0,66.45,36.15,0,0,0,0,12-JAN-2024,
OPTIDX,NIFTY,08-Feb-2024,23000,CE,29,41.9,20.45,35.7,35.7,1380,15892.53,19800,10500,12-JAN-2024,
OPTIDX,NIFTY,08-Feb-2024,23050,CE,0,0,0,54.85,27.35,0,0,0,0,12-JAN-2024,
OPTIDX,NIFTY,08-Feb-2024,23100,CE,23.25,29.5,22.65,28.2,28.2,32,370.03,500,500,12-JAN-2024,
OPTIDX,NIFTY,08-Feb-2024,23150,CE,20.5,21.4,20.5,21.15,20.45,23,266.46,850,750,12-JAN-2024,
OPTIDX,NIFTY,08-Feb-2024,23200,CE,18.25,26.25,18.25,22.95,22.95,72,835.97,1350,1350,12-JAN-2024,
OPTIDX,NIFTY,08-Feb-2024,23250,CE,16,17.75,16,17.75,15.1,32,372.26,1300,1300,12-JAN-2024,
OPTIDX,NIFTY,08-Feb-2024,23300,CE,14,22.4,14,19.55,19.55,37,431.34,1350,1350,12-JAN-2024,
OPTIDX,NIFTY,08-Feb-2024,23350,CE,14.1,19,13.4,14.6,11,25,292.05,1300,800,12-JAN-2024,
OPTIDX,NIFTY,08-Feb-2024,23400,CE,0,0,0,26.75,9.35,0,0,0,0,12-JAN-2024,
OPTIDX,NIFTY,08-Feb-2024,23450,CE,9.6,15.95,7.05,15.85,15.85,73,856.39,3450,1550,12-JAN-2024,
OPTIDX,NIFTY,08-Feb-2024,19750,PE,0,0,0,4.8,0.1,0,0,0,0,12-JAN-2024,
OPTIDX,NIFTY,08-Feb-2024,19800,PE,0,0,0,5.6,0.15,0,0,0,0,12-JAN-2024,
OPTIDX,NIFTY,08-Feb-2024,19850,PE,0,0,0,6.55,0.2,0,0,0,0,12-JAN-2024,
OPTIDX,NIFTY,08-Feb-2024,19900,PE,0,0,0,7.65,0.25,0,0,0,0,12-JAN-2024,
OPTIDX,NIFTY,08-Feb-2024,19950,PE,0,0,0,8.85,0.3,0,0,0,0,12-JAN-2024,
OPTIDX,NIFTY,08-Feb-2024,20000,PE,12.95,19.5,12.7,16.05,16.05,5,50.03,800,50,12-JAN-2024,
OPTIDX,NIFTY,08-Feb-2024,20050,PE,0,0,0,11.8,0.5,0,0,0,0,12-JAN-2024,
OPTIDX,NIFTY,08-Feb-2024,20100,PE,0,0,0,15.95,0.65,0,0,250,0,12-JAN-2024,
OPTIDX,NIFTY,08-Feb-2024,20150,PE,0,0,0,15.6,0.85,0,0,0,0,12-JAN-2024,
OPTIDX,NIFTY,08-Feb-2024,20200,PE,0,0,0,17.85,1.1,0,0,0,0,12-JAN-2024,
OPTIDX,NIFTY,08-Feb-2024,20250,PE,0,0,0,20.35,1.4,0,0,0,0,12-JAN-2024,
OPTIDX,NIFTY,08-Feb-2024,20300,PE,0,0,0,23.2,1.75,0,0,0,0,12-JAN-2024,
OPTIDX,NIFTY,08-Feb-2024,20350,PE,0,0,0,26.3,2.2,0,0,0,0,12-JAN-2024,
OPTIDX,NIFTY,08-Feb-2024,20400,PE,20,22.6,20,21.7,21.7,28,285.9,750,300,12-JAN-2024,
OPTIDX,NIFTY,08-Feb-2024,20450,PE,0,0,0,33.65,3.35,0,0,0,0,12-JAN-2024,
OPTIDX,NIFTY,08-Feb-2024,20500,PE,31.5,31.5,22.1,24.75,24.75,207,2124.36,9800,3900,12-JAN-2024,
OPTIDX,NIFTY,08-Feb-2024,20550,PE,0,0,0,42.6,5.1,0,0,0,0,12-JAN-2024,
OPTIDX,NIFTY,08-Feb-2024,20600,PE,0,0,0,47.75,6.2,0,0,0,0,12-JAN-2024,
OPTIDX,NIFTY,08-Feb-2024,20650,PE,0,0,0,53.4,7.5,0,0,0,0,12-JAN-2024,
OPTIDX,NIFTY,08-Feb-2024,20700,PE,35,40.85,30.6,34.15,34.15,68,705.03,1500,1000,12-JAN-2024,
OPTIDX,NIFTY,08-Feb-2024,20750,PE,0,0,0,62.65,10.9,0,0,0,0,12-JAN-2024,
OPTIDX,NIFTY,08-Feb-2024,20800,PE,0,0,0,73.6,13.05,0,0,0,0,12-JAN-2024,
OPTIDX,NIFTY,08-Feb-2024,20850,PE,0,0,0,81.55,15.55,0,0,0,0,12-JAN-2024,
OPTIDX,NIFTY,08-Feb-2024,20900,PE,58.7,58.7,46.35,47.95,47.95,76,796.13,3150,1250,12-JAN-2024,
OPTIDX,NIFTY,08-Feb-2024,20950,PE,0,0,0,99.4,21.8,0,0,0,0,12-JAN-2024,
OPTIDX,NIFTY,08-Feb-2024,21000,PE,70.05,73,54,58.75,58.75,874,9204.07,21850,7700,12-JAN-2024,
OPTIDX,NIFTY,08-Feb-2024,21050,PE,0,0,0,92.5,30,0,0,1000,0,12-JAN-2024,
OPTIDX,NIFTY,08-Feb-2024,21100,PE,89.4,92.4,67.2,67.65,67.65,75,794.13,3300,1450,12-JAN-2024,
OPTIDX,NIFTY,08-Feb-2024,21150,PE,0,0,0,144.75,40.6,0,0,0,0,12-JAN-2024,
OPTIDX,NIFTY,08-Feb-2024,21200,PE,100,106.6,78.85,80.55,80.55,213,2267.69,2950,2450,12-JAN-2024,
OPTIDX,NIFTY,08-Feb-2024,21250,PE,0,0,0,170.9,54,0,0,0,0,12-JAN-2024,
OPTIDX,NIFTY,08-Feb-2024,21300,PE,125.85,125.85,92,99.15,99.15,205,2194.06,5350,2400,12-JAN-2024,
OPTIDX,NIFTY,08-Feb-2024,21350,PE,0,0,0,201.55,70.7,0,0,0,0,12-JAN-2024,
OPTIDX,NIFTY,08-Feb-2024,21400,PE,138.05,145.2,113.8,117.3,117.3,139,1496.44,7550,850,12-JAN-2024,
OPTIDX,NIFTY,08-Feb-2024,21450,PE,156.9,156.9,129.75,129.75,129.75,7,75.57,450,250,12-JAN-2024,
OPTIDX,NIFTY,08-Feb-2024,21500,PE,193.9,193.9,132.3,139.55,139.55,494,5348.57,18000,4100,12-JAN-2024,
OPTIDX,NIFTY,08-Feb-2024,21550,PE,0,0,0,274.15,115.85,0,0,0,0,12-JAN-2024,
OPTIDX,NIFTY,08-Feb-2024,21600,PE,205.65,213.35,157.1,166.25,166.25,154,1677.3,3800,1000,12-JAN-2024,
OPTIDX,NIFTY,08-Feb-2024,21650,PE,198,208.55,175,175.2,175.2,13,141.93,450,-50,12-JAN-2024,
OPTIDX,NIFTY,08-Feb-2024,21700,PE,250,250,185.7,194.8,194.8,268,2937.34,8950,4300,12-JAN-2024,
OPTIDX,NIFTY,08-Feb-2024,21750,PE,282.55,282.65,210,211.75,211.75,54,593.65,1600,650,12-JAN-2024,
OPTIDX,NIFTY,08-Feb-2024,21800,PE,294.25,295.45,218,225.95,225.95,314,3461.63,4600,3150,12-JAN-2024,
OPTIDX,NIFTY,08-Feb-2024,21850,PE,268.05,272.7,236.75,245.4,245.4,50,552.73,1600,1550,12-JAN-2024,
OPTIDX,NIFTY,08-Feb-2024,21900,PE,340,340,258,264.65,264.65,96,1064.72,3800,3400,12-JAN-2024,
OPTIDX,NIFTY,08-Feb-2024,21950,PE,311.8,317.05,277.2,285.2,285.2,45,500.68,1600,1600,12-JAN-2024,
OPTIDX,NIFTY,08-Feb-2024,22000,PE,400.25,400.3,292.55,310.35,310.35,467,5214.12,14000,11000,12-JAN-2024,
OPTIDX,NIFTY,08-Feb-2024,22050,PE,352.45,352.45,325.75,326.15,326.15,39,436.58,1800,1800,12-JAN-2024,
OPTIDX,NIFTY,08-Feb-2024,22100,PE,354.95,354.95,337.85,350.45,340.75,26,291.81,1300,1300,12-JAN-2024,
OPTIDX,NIFTY,08-Feb-2024,22150,PE,0,0,0,586.45,369.2,0,0,0,0,12-JAN-2024,
OPTIDX,NIFTY,08-Feb-2024,22200,PE,0,0,0,618.75,399,0,0,0,0,12-JAN-2024,
OPTIDX,NIFTY,08-Feb-2024,22250,PE,0,0,0,652,430.05,0,0,0,0,12-JAN-2024,
OPTIDX,NIFTY,08-Feb-2024,22300,PE,515,515,515,515,462.4,1,11.4,50,0,12-JAN-2024,
OPTIDX,NIFTY,08-Feb-2024,22350,PE,0,0,0,721.05,495.95,0,0,0,0,12-JAN-2024,
OPTIDX,NIFTY,08-Feb-2024,22400,PE,0,0,0,756.85,530.7,0,0,0,0,12-JAN-2024,
OPTIDX,NIFTY,08-Feb-2024,22450,PE,0,0,0,793.45,566.6,0,0,0,0,12-JAN-2024,
OPTIDX,NIFTY,08-Feb-2024,22500,PE,660,660.5,618.45,618.45,603.6,4,46.29,200,200,12-JAN-2024,
OPTIDX,NIFTY,08-Feb-2024,22550,PE,0,0,0,869.15,641.6,0,0,0,0,12-JAN-2024,
OPTIDX,NIFTY,08-Feb-2024,22600,PE,0,0,0,908.05,680.65,0,0,0,0,12-JAN-2024,
OPTIDX,NIFTY,08-Feb-2024,22650,PE,0,0,0,947.6,720.65,0,0,0,0,12-JAN-2024,
OPTIDX,NIFTY,08-Feb-2024,22700,PE,0,0,0,987.85,761.5,0,0,0,0,12-JAN-2024,
OPTIDX,NIFTY,08-Feb-2024,22750,PE,0,0,0,1028.7,803.2,0,0,0,0,12-JAN-2024,
OPTIDX,NIFTY,08-Feb-2024,22800,PE,0,0,0,1070.2,845.7,0,0,0,0,12-JAN-2024,
OPTIDX,NIFTY,08-Feb-2024,22850,PE,0,0,0,1112.25,888.9,0,0,0,0,12-JAN-2024,
OPTIDX,NIFTY,08-Feb-2024,22900,PE,0,0,0,1154.85,932.8,0,0,0,0,12-JAN-2024,
OPTIDX,NIFTY,08-Feb-2024,22950,PE,0,0,0,1198,977.3,0,0,0,0,12-JAN-2024,
OPTIDX,NIFTY,08-Feb-2024,23000,PE,0,0,0,1241.6,1022.4,0,0,0,0,12-JAN-2024,
OPTIDX,NIFTY,08-Feb-2024,23050,PE,0,0,0,1285.7,1068,0,0,0,0,12-JAN-2024,
OPTIDX,NIFTY,08-Feb-2024,23100,PE,0,0,0,1330.2,1114.05,0,0,0,0,12-JAN-2024,
OPTIDX,NIFTY,08-Feb-2024,23150,PE,0,0,0,1375.15,1160.6,0,0,0,0,12-JAN-2024,
OPTIDX,NIFTY,08-Feb-2024,23200,PE,0,0,0,1420.5,1207.5,0,0,0,0,12-JAN-2024,
OPTIDX,NIFTY,08-Feb-2024,23250,PE,0,0,0,1466.15,1254.75,0,0,0,0,12-JAN-2024,
OPTIDX,NIFTY,08-Feb-2024,23300,PE,0,0,0,1512.2,1302.3,0,0,0,0,12-JAN-2024,
OPTIDX,NIFTY,08-Feb-2024,23350,PE,0,0,0,1558.5,1350.15,0,0,0,0,12-JAN-2024,
OPTIDX,NIFTY,08-Feb-2024,23400,PE,0,0,0,1605.15,1398.25,0,0,0,0,12-JAN-2024,
OPTIDX,NIFTY,08-Feb-2024,23450,PE,0,0,0,1652.05,1446.6,0,0,0,0,12-JAN-2024,
OPTIDX,NIFTY,15-Feb-2024,19900,CE,0,0,0,1893.55,2120,0,0,0,0,12-JAN-2024,
OPTIDX,NIFTY,15-Feb-2024,19950,CE,0,0,0,1845.15,2070.5,0,0,0,0,12-JAN-2024,
OPTIDX,NIFTY,15-Feb-2024,20000,CE,0,0,0,1796.85,2021.05,0,0,0,0,12-JAN-2024,
OPTIDX,NIFTY,15-Feb-2024,20050,CE,0,0,0,1748.8,1971.65,0,0,0,0,12-JAN-2024,
OPTIDX,NIFTY,15-Feb-2024,20100,CE,0,0,0,1700.9,1922.3,0,0,0,0,12-JAN-2024,
OPTIDX,NIFTY,15-Feb-2024,20150,CE,0,0,0,1653.3,1873,0,0,0,0,12-JAN-2024,
OPTIDX,NIFTY,15-Feb-2024,20200,CE,0,0,0,1605.9,1823.75,0,0,0,0,12-JAN-2024,
OPTIDX,NIFTY,15-Feb-2024,20250,CE,0,0,0,1558.75,1774.65,0,0,0,0,12-JAN-2024,
OPTIDX,NIFTY,15-Feb-2024,20300,CE,0,0,0,1511.9,1725.65,0,0,0,0,12-JAN-2024,
OPTIDX,NIFTY,15-Feb-2024,20350,CE,0,0,0,1465.4,1676.75,0,0,0,0,12-JAN-2024,
OPTIDX,NIFTY,15-Feb-2024,20400,CE,0,0,0,1419.25,1628,0,0,0,0,12-JAN-2024,
OPTIDX,NIFTY,15-Feb-2024,20450,CE,0,0,0,1373.5,1579.4,0,0,0,0,12-JAN-2024,
OPTIDX,NIFTY,15-Feb-2024,20500,CE,0,0,0,1328.1,1530.95,0,0,0,0,12-JAN-2024,
OPTIDX,NIFTY,15-Feb-2024,20550,CE,0,0,0,1283.15,1482.75,0,0,0,0,12-JAN-2024,
OPTIDX,NIFTY,15-Feb-2024,20600,CE,0,0,0,1238.7,1434.8,0,0,0,0,12-JAN-2024,
OPTIDX,NIFTY,15-Feb-2024,20650,CE,0,0,0,1194.75,1387.1,0,0,0,0,12-JAN-2024,
OPTIDX,NIFTY,15-Feb-2024,20700,CE,0,0,0,1151.3,1339.65,0,0,0,0,12-JAN-2024,
OPTIDX,NIFTY,15-Feb-2024,20750,CE,0,0,0,1108.4,1292.55,0,0,0,0,12-JAN-2024,
OPTIDX,NIFTY,15-Feb-2024,20800,CE,0,0,0,1066.1,1245.85,0,0,0,0,12-JAN-2024,
OPTIDX,NIFTY,15-Feb-2024,20850,CE,0,0,0,1024.45,1199.5,0,0,0,0,12-JAN-2024,
OPTIDX,NIFTY,15-Feb-2024,20900,CE,0,0,0,983.45,1153.6,0,0,0,0,12-JAN-2024,
OPTIDX,NIFTY,15-Feb-2024,20950,CE,0,0,0,943.15,1108.2,0,0,0,0,12-JAN-2024,
OPTIDX,NIFTY,15-Feb-2024,21000,CE,0,0,0,903.55,1063.3,0,0,0,0,12-JAN-2024,
OPTIDX,NIFTY,15-Feb-2024,21050,CE,0,0,0,864.75,1019,0,0,0,0,12-JAN-2024,
OPTIDX,NIFTY,15-Feb-2024,21100,CE,0,0,0,826.7,975.25,0,0,0,0,12-JAN-2024,
OPTIDX,NIFTY,15-Feb-2024,21150,CE,0,0,0,790.25,932.2,0,0,0,0,12-JAN-2024,
OPTIDX,NIFTY,15-Feb-2024,21200,CE,0,0,0,752.9,889.85,0,0,0,0,12-JAN-2024,
OPTIDX,NIFTY,15-Feb-2024,21250,CE,0,0,0,717.4,848.25,0,0,0,0,12-JAN-2024,
OPTIDX,NIFTY,15-Feb-2024,21300,CE,0,0,0,682.75,807.45,0,0,0,0,12-JAN-2024,
OPTIDX,NIFTY,15-Feb-2024,21350,CE,0,0,0,649.05,767.45,0,0,0,0,12-JAN-2024,
OPTIDX,NIFTY,15-Feb-2024,21400,CE,0,0,0,616.25,728.4,0,0,0,0,12-JAN-2024,
OPTIDX,NIFTY,15-Feb-2024,21450,CE,0,0,0,584.45,690.2,0,0,0,0,12-JAN-2024,
OPTIDX,NIFTY,15-Feb-2024,21500,CE,725,725,725,725,653.05,1,11.11,50,50,12-JAN-2024,
OPTIDX,NIFTY,15-Feb-2024,21550,CE,0,0,0,523.7,616.85,0,0,0,0,12-JAN-2024,
OPTIDX,NIFTY,15-Feb-2024,21600,CE,0,0,0,494.8,581.75,0,0,0,0,12-JAN-2024,
OPTIDX,NIFTY,15-Feb-2024,21650,CE,0,0,0,466.9,547.7,0,0,0,0,12-JAN-2024,
OPTIDX,NIFTY,15-Feb-2024,21700,CE,0,0,0,440.05,514.75,0,0,0,0,12-JAN-2024,
OPTIDX,NIFTY,15-Feb-2024,21750,CE,0,0,0,414.15,482.95,0,0,0,0,12-JAN-2024,
OPTIDX,NIFTY,15-Feb-2024,21800,CE,457.45,476.9,431.85,466.8,452.3,34,378.33,50,50,12-JAN-2024,
OPTIDX,NIFTY,15-Feb-2024,21850,CE,0,0,0,365.35,422.8,0,0,0,0,12-JAN-2024,
OPTIDX,NIFTY,15-Feb-2024,21900,CE,0,0,0,342.5,394.55,0,0,0,0,12-JAN-2024,
OPTIDX,NIFTY,15-Feb-2024,21950,CE,0,0,0,320.6,367.45,0,0,0,0,12-JAN-2024,
OPTIDX,NIFTY,15-Feb-2024,22000,CE,0,0,0,299.75,341.6,0,0,0,0,12-JAN-2024,
OPTIDX,NIFTY,15-Feb-2024,22050,CE,0,0,0,279.8,316.95,0,0,0,0,12-JAN-2024,
OPTIDX,NIFTY,15-Feb-2024,22100,CE,0,0,0,260.85,293.5,0,0,0,0,12-JAN-2024,
OPTIDX,NIFTY,15-Feb-2024,22150,CE,0,0,0,242.85,271.2,0,0,0,0,12-JAN-2024,
OPTIDX,NIFTY,15-Feb-2024,22200,CE,0,0,0,225.8,250.15,0,0,0,0,12-JAN-2024,
OPTIDX,NIFTY,15-Feb-2024,22250,CE,0,0,0,209.6,230.25,0,0,0,0,12-JAN-2024,
OPTIDX,NIFTY,15-Feb-2024,22300,CE,204.05,204.05,204.05,204.05,211.5,1,11.25,50,50,12-JAN-2024,
OPTIDX,NIFTY,15-Feb-2024,22350,CE,0,0,0,179.85,193.85,0,0,0,0,12-JAN-2024,
OPTIDX,NIFTY,15-Feb-2024,22400,CE,145.45,145.45,130.9,130.9,177.35,4,45.07,0,0,12-JAN-2024,
OPTIDX,NIFTY,15-Feb-2024,22450,CE,146.8,146.8,146.8,146.8,161.9,1,11.29,50,50,12-JAN-2024,
OPTIDX,NIFTY,15-Feb-2024,22500,CE,148.7,148.7,147.7,147.7,147.45,8,90.59,400,400,12-JAN-2024,
OPTIDX,NIFTY,15-Feb-2024,22550,CE,0,0,0,130.35,134,0,0,0,0,12-JAN-2024,
OPTIDX,NIFTY,15-Feb-2024,22600,CE,0,0,0,119.8,121.55,0,0,0,0,12-JAN-2024,
OPTIDX,NIFTY,15-Feb-2024,22650,CE,0,0,0,109.95,110,0,0,0,0,12-JAN-2024,
OPTIDX,NIFTY,15-Feb-2024,22700,CE,0,0,0,100.75,99.3,0,0,0,0,12-JAN-2024,
OPTIDX,NIFTY,15-Feb-2024,22750,CE,0,0,0,92.2,89.5,0,0,0,0,12-JAN-2024,
OPTIDX,NIFTY,15-Feb-2024,22800,CE,0,0,0,84.2,80.45,0,0,0,0,12-JAN-2024,
OPTIDX,NIFTY,15-Feb-2024,22850,CE,0,0,0,76.85,72.15,0,0,0,0,12-JAN-2024,
OPTIDX,NIFTY,15-Feb-2024,22900,CE,0,0,0,70,64.6,0,0,0,0,12-JAN-2024,
OPTIDX,NIFTY,15-Feb-2024,22950,CE,0,0,0,63.65,57.65,0,0,0,0,12-JAN-2024,
OPTIDX,NIFTY,15-Feb-2024,23000,CE,0,0,0,57.8,51.4,0,0,0,0,12-JAN-2024,
OPTIDX,NIFTY,15-Feb-2024,23050,CE,0,0,0,52.4,45.65,0,0,0,0,12-JAN-2024,
OPTIDX,NIFTY,15-Feb-2024,23100,CE,0,0,0,47.45,40.5,0,0,0,0,12-JAN-2024,
OPTIDX,NIFTY,15-Feb-2024,23150,CE,0,0,0,42.9,35.85,0,0,0,0,12-JAN-2024,
OPTIDX,NIFTY,15-Feb-2024,23200,CE,0,0,0,38.7,31.65,0,0,0,0,12-JAN-2024,
OPTIDX,NIFTY,15-Feb-2024,23250,CE,0,0,0,34.9,27.9,0,0,0,0,12-JAN-2024,
OPTIDX,NIFTY,15-Feb-2024,23300,CE,0,0,0,31.4,24.5,0,0,0,0,12-JAN-2024,
OPTIDX,NIFTY,15-Feb-2024,23350,CE,0,0,0,28.2,21.5,0,0,0,0,12-JAN-2024,
OPTIDX,NIFTY,15-Feb-2024,23400,CE,26.6,27,26.6,26.9,18.8,5,58.56,100,100,12-JAN-2024,
OPTIDX,NIFTY,15-Feb-2024,19900,PE,0,0,0,7.55,0.75,0,0,0,0,12-JAN-2024,
OPTIDX,NIFTY,15-Feb-2024,19950,PE,0,0,0,8.8,0.9,0,0,0,0,12-JAN-2024,
OPTIDX,NIFTY,15-Feb-2024,20000,PE,0,0,0,10.15,1.15,0,0,0,0,12-JAN-2024,
OPTIDX,NIFTY,15-Feb-2024,20050,PE,0,0,0,11.75,1.4,0,0,0,0,12-JAN-2024,
OPTIDX,NIFTY,15-Feb-2024,20100,PE,0,0,0,13.5,1.75,0,0,0,0,12-JAN-2024,
OPTIDX,NIFTY,15-Feb-2024,20150,PE,0,0,0,15.5,2.15,0,0,0,0,12-JAN-2024,
OPTIDX,NIFTY,15-Feb-2024,20200,PE,0,0,0,17.75,2.6,0,0,0,0,12-JAN-2024,
OPTIDX,NIFTY,15-Feb-2024,20250,PE,0,0,0,20.3,3.15,0,0,0,0,12-JAN-2024,
OPTIDX,NIFTY,15-Feb-2024,20300,PE,0,0,0,23.1,3.85,0,0,0,0,12-JAN-2024,
OPTIDX,NIFTY,15-Feb-2024,20350,PE,0,0,0,26.25,4.65,0,0,0,0,12-JAN-2024,
OPTIDX,NIFTY,15-Feb-2024,20400,PE,0,0,0,29.75,5.55,0,0,0,0,12-JAN-2024,
OPTIDX,NIFTY,15-Feb-2024,20450,PE,0,0,0,33.65,6.65,0,0,0,0,12-JAN-2024,
OPTIDX,NIFTY,15-Feb-2024,20500,PE,0,0,0,37.9,7.9,0,0,0,0,12-JAN-2024,
OPTIDX,NIFTY,15-Feb-2024,20550,PE,0,0,0,42.6,9.4,0,0,0,0,12-JAN-2024,
OPTIDX,NIFTY,15-Feb-2024,20600,PE,0,0,0,47.8,11.1,0,0,0,0,12-JAN-2024,
OPTIDX,NIFTY,15-Feb-2024,20650,PE,0,0,0,53.5,13.1,0,0,0,0,12-JAN-2024,
OPTIDX,NIFTY,15-Feb-2024,20700,PE,0,0,0,59.7,15.35,0,0,0,0,12-JAN-2024,
OPTIDX,NIFTY,15-Feb-2024,20750,PE,0,0,0,66.45,17.95,0,0,0,0,12-JAN-2024,
OPTIDX,NIFTY,15-Feb-2024,20800,PE,0,0,0,73.85,20.9,0,0,0,0,12-JAN-2024,
OPTIDX,NIFTY,15-Feb-2024,20850,PE,0,0,0,81.8,24.25,0,0,0,0,12-JAN-2024,
OPTIDX,NIFTY,15-Feb-2024,20900,PE,0,0,0,90.5,28.05,0,0,0,0,12-JAN-2024,
OPTIDX,NIFTY,15-Feb-2024,20950,PE,0,0,0,99.8,32.35,0,0,0,0,12-JAN-2024,
OPTIDX,NIFTY,15-Feb-2024,21000,PE,110,110,65.5,65.5,37.15,7,73.84,250,250,12-JAN-2024,
OPTIDX,NIFTY,15-Feb-2024,21050,PE,0,0,0,120.7,42.5,0,0,0,0,12-JAN-2024,
OPTIDX,NIFTY,15-Feb-2024,21100,PE,0,0,0,132.3,48.45,0,0,0,0,12-JAN-2024,
OPTIDX,NIFTY,15-Feb-2024,21150,PE,0,0,0,145.55,55.1,0,0,0,0,12-JAN-2024,
OPTIDX,NIFTY,15-Feb-2024,21200,PE,0,0,0,157.8,62.4,0,0,0,0,12-JAN-2024,
OPTIDX,NIFTY,15-Feb-2024,21250,PE,0,0,0,171.95,70.5,0,0,0,0,12-JAN-2024,
OPTIDX,NIFTY,15-Feb-2024,21300,PE,0,0,0,186.95,79.4,0,0,0,0,12-JAN-2024,
OPTIDX,NIFTY,15-Feb-2024,21350,PE,0,0,0,202.9,89.1,0,0,0,0,12-JAN-2024,
OPTIDX,NIFTY,15-Feb-2024,21400,PE,0,0,0,219.8,99.7,0,0,0,0,12-JAN-2024,
OPTIDX,NIFTY,15-Feb-2024,21450,PE,172.35,172.35,172.35,172.35,111.25,4,43.24,200,200,12-JAN-2024,
OPTIDX,NIFTY,15-Feb-2024,21500,PE,211.9,222.55,157.75,174.8,174.8,17,184.27,600,600,12-JAN-2024,
OPTIDX,NIFTY,15-Feb-2024,21550,PE,0,0,0,276.15,137.25,0,0,0,0,12-JAN-2024,
OPTIDX,NIFTY,15-Feb-2024,21600,PE,0,0,0,296.95,151.8,0,0,0,0,12-JAN-2024,
OPTIDX,NIFTY,15-Feb-2024,21650,PE,234.5,234.5,218.7,218.7,167.45,17,185.96,850,850,12-JAN-2024,
OPTIDX,NIFTY,15-Feb-2024,21700,PE,223.9,223.9,223.9,223.9,223.9,12,131.54,600,600,12-JAN-2024,
OPTIDX,NIFTY,15-Feb-2024,21750,PE,0,0,0,365.25,202.05,0,0,0,0,12-JAN-2024,
OPTIDX,NIFTY,15-Feb-2024,21800,PE,285.4,285.4,256.7,261.55,221.1,9,99.28,350,350,12-JAN-2024,
OPTIDX,NIFTY,15-Feb-2024,21850,PE,0,0,0,415.7,241.3,0,0,0,0,12-JAN-2024,
OPTIDX,NIFTY,15-Feb-2024,21900,PE,0,0,0,442.5,262.7,0,0,0,0,12-JAN-2024,
OPTIDX,NIFTY,15-Feb-2024,21950,PE,0,0,0,470.3,285.35,0,0,0,0,12-JAN-2024,
OPTIDX,NIFTY,15-Feb-2024,22000,PE,0,0,0,499.05,309.15,0,0,0,0,12-JAN-2024,
OPTIDX,NIFTY,15-Feb-2024,22050,PE,0,0,0,528.8,334.2,0,0,0,0,12-JAN-2024,
OPTIDX,NIFTY,15-Feb-2024,22100,PE,0,0,0,559.5,360.4,0,0,0,0,12-JAN-2024,
OPTIDX,NIFTY,15-Feb-2024,22150,PE,0,0,0,591.15,387.85,0,0,0,0,12-JAN-2024,
OPTIDX,NIFTY,15-Feb-2024,22200,PE,0,0,0,623.75,416.45,0,0,0,0,12-JAN-2024,
OPTIDX,NIFTY,15-Feb-2024,22250,PE,0,0,0,657.2,446.25,0,0,0,0,12-JAN-2024,
OPTIDX,NIFTY,15-Feb-2024,22300,PE,0,0,0,691.55,477.15,0,0,0,0,12-JAN-2024,
OPTIDX,NIFTY,15-Feb-2024,22350,PE,0,0,0,726.75,509.25,0,0,0,0,12-JAN-2024,
OPTIDX,NIFTY,15-Feb-2024,22400,PE,0,0,0,762.8,542.4,0,0,0,0,12-JAN-2024,
OPTIDX,NIFTY,15-Feb-2024,22450,PE,0,0,0,800.6,576.6,0,0,0,0,12-JAN-2024,
OPTIDX,NIFTY,15-Feb-2024,22500,PE,0,0,0,837.45,611.85,0,0,0,0,12-JAN-2024,
OPTIDX,NIFTY,15-Feb-2024,22550,PE,0,0,0,875.85,648.1,0,0,0,0,12-JAN-2024,
OPTIDX,NIFTY,15-Feb-2024,22600,PE,0,0,0,914.95,685.35,0,0,0,0,12-JAN-2024,
OPTIDX,NIFTY,15-Feb-2024,22650,PE,0,0,0,954.75,723.45,0,0,0,0,12-JAN-2024,
OPTIDX,NIFTY,15-Feb-2024,22700,PE,0,0,0,995.2,762.5,0,0,0,0,12-JAN-2024,
OPTIDX,NIFTY,15-Feb-2024,22750,PE,0,0,0,1036.3,802.35,0,0,0,0,12-JAN-2024,
OPTIDX,NIFTY,15-Feb-2024,22800,PE,0,0,0,1078,843,0,0,0,0,12-JAN-2024,
OPTIDX,NIFTY,15-Feb-2024,22850,PE,0,0,0,1120.25,884.4,0,0,0,0,12-JAN-2024,
OPTIDX,NIFTY,15-Feb-2024,22900,PE,0,0,0,1163.05,926.5,0,0,0,0,12-JAN-2024,
OPTIDX,NIFTY,15-Feb-2024,22950,PE,0,0,0,1206.35,969.25,0,0,0,0,12-JAN-2024,
OPTIDX,NIFTY,15-Feb-2024,23000,PE,0,0,0,1250.15,1012.65,0,0,0,0,12-JAN-2024,
OPTIDX,NIFTY,15-Feb-2024,23050,PE,0,0,0,1294.4,1056.65,0,0,0,0,12-JAN-2024,
OPTIDX,NIFTY,15-Feb-2024,23100,PE,0,0,0,1339.1,1101.15,0,0,0,0,12-JAN-2024,
OPTIDX,NIFTY,15-Feb-2024,23150,PE,0,0,0,1384.2,1146.2,0,0,0,0,12-JAN-2024,
OPTIDX,NIFTY,15-Feb-2024,23200,PE,0,0,0,1429.7,1191.7,0,0,0,0,12-JAN-2024,
OPTIDX,NIFTY,15-Feb-2024,23250,PE,0,0,0,1475.5,1237.6,0,0,0,0,12-JAN-2024,
OPTIDX,NIFTY,15-Feb-2024,23300,PE,0,0,0,1521.65,1283.9,0,0,0,0,12-JAN-2024,
OPTIDX,NIFTY,15-Feb-2024,23350,PE,0,0,0,1568.15,1330.6,0,0,0,0,12-JAN-2024,
OPTIDX,NIFTY,15-Feb-2024,23400,PE,0,0,0,1614.9,1377.55,0,0,0,0,12-JAN-2024,
OPTIDX,NIFTY,29-Feb-2024,18650,CE,0,0,0,1883.15,3409.4,0,0,0,0,12-JAN-2024,
OPTIDX,NIFTY,29-Feb-2024,18700,CE,3402,3402,3402,3402,3359.85,1,11.05,50,50,12-JAN-2024,
OPTIDX,NIFTY,29-Feb-2024,18750,CE,0,0,0,1796,3310.25,0,0,0,0,12-JAN-2024,
OPTIDX,NIFTY,29-Feb-2024,18800,CE,3143.75,3143.75,3143.75,3143.75,3260.7,1,10.97,50,50,12-JAN-2024,
OPTIDX,NIFTY,29-Feb-2024,18850,CE,0,0,0,1710.25,3211.15,0,0,0,0,12-JAN-2024,
OPTIDX,NIFTY,29-Feb-2024,18900,CE,0,0,0,1667.9,3161.6,0,0,0,0,12-JAN-2024,
OPTIDX,NIFTY,29-Feb-2024,18950,CE,0,0,0,1626,3112.1,0,0,0,0,12-JAN-2024,
OPTIDX,NIFTY,29-Feb-2024,19000,CE,2880,3130.7,2880,3086.8,3086.8,676,7452.17,91650,23000,12-JAN-2024,
OPTIDX,NIFTY,29-Feb-2024,19050,CE,0,0,0,1543.4,3013,0,0,0,0,12-JAN-2024,
OPTIDX,NIFTY,29-Feb-2024,19100,CE,0,0,0,2190.55,2963.45,0,0,50,0,12-JAN-2024,
OPTIDX,NIFTY,29-Feb-2024,19150,CE,0,0,0,1462.6,2913.95,0,0,0,0,12-JAN-2024,
OPTIDX,NIFTY,29-Feb-2024,19200,CE,2780,2780,2780,2780,2864.4,6,65.94,350,300,12-JAN-2024,
OPTIDX,NIFTY,29-Feb-2024,19250,CE,0,0,0,1383.65,2814.9,0,0,0,0,12-JAN-2024,
OPTIDX,NIFTY,29-Feb-2024,19300,CE,0,0,0,2430,2765.4,0,0,100,0,12-JAN-2024,
OPTIDX,NIFTY,29-Feb-2024,19350,CE,0,0,0,1306.65,2715.9,0,0,0,0,12-JAN-2024,
OPTIDX,NIFTY,29-Feb-2024,19400,CE,0,0,0,2475,2666.45,0,0,200,0,12-JAN-2024,
OPTIDX,NIFTY,29-Feb-2024,19450,CE,0,0,0,1231.75,2616.95,0,0,0,0,12-JAN-2024,
OPTIDX,NIFTY,29-Feb-2024,19500,CE,2510,2595.05,2500,2560,2560,17,187.49,9700,-500,12-JAN-2024,
OPTIDX,NIFTY,29-Feb-2024,19550,CE,0,0,0,1159.6,2518.1,0,0,0,0,12-JAN-2024,
OPTIDX,NIFTY,29-Feb-2024,19600,CE,2487,2487,2487,2487,2468.7,1,11.04,50,50,12-JAN-2024,
OPTIDX,NIFTY,29-Feb-2024,19650,CE,0,0,0,1088.3,2419.35,0,0,0,0,12-JAN-2024,
OPTIDX,NIFTY,29-Feb-2024,19700,CE,2240,2380,2240,2380,2370.05,4,44.01,400,200,12-JAN-2024,
OPTIDX,NIFTY,29-Feb-2024,19750,CE,0,0,0,1020.15,2320.75,0,0,0,0,12-JAN-2024,
OPTIDX,NIFTY,29-Feb-2024,19800,CE,0,0,0,2270,2271.55,0,0,1200,0,12-JAN-2024,
OPTIDX,NIFTY,29-Feb-2024,19850,CE,0,0,0,954.5,2222.35,0,0,0,0,12-JAN-2024,
OPTIDX,NIFTY,29-Feb-2024,19900,CE,1999.1,2149.5,1999.05,2149.5,2173.25,6,65.84,700,0,12-JAN-2024,
OPTIDX,NIFTY,29-Feb-2024,19950,CE,0,0,0,891.25,2124.2,0,0,0,0,12-JAN-2024,
OPTIDX,NIFTY,29-Feb-2024,20000,CE,1915,2152.15,1911.65,2108.45,2108.45,719,7929.43,444000,27900,12-JAN-2024,
OPTIDX,NIFTY,29-Feb-2024,20050,CE,0,0,0,750,2026.4,0,0,0,0,12-JAN-2024,
OPTIDX,NIFTY,29-Feb-2024,20100,CE,0,0,0,1610.65,1977.65,0,0,300,0,12-JAN-2024,
OPTIDX,NIFTY,29-Feb-2024,20150,CE,0,0,0,1735,1929,0,0,50,0,12-JAN-2024,
OPTIDX,NIFTY,29-Feb-2024,20200,CE,1800,1862.75,1800,1862.75,1880.5,3,33.05,1450,-50,12-JAN-2024,
OPTIDX,NIFTY,29-Feb-2024,20250,CE,0,0,0,1648.65,1832.15,0,0,200,0,12-JAN-2024,
OPTIDX,NIFTY,29-Feb-2024,20300,CE,1700,1807.95,1700,1807.95,1784,5,55.15,2100,50,12-JAN-2024,
OPTIDX,NIFTY,29-Feb-2024,20350,CE,0,0,0,664.05,1736,0,0,0,0,12-JAN-2024,
OPTIDX,NIFTY,29-Feb-2024,20400,CE,1530.3,1736.1,1528.45,1726,1688.2,56,618.66,3450,1500,12-JAN-2024,
OPTIDX,NIFTY,29-Feb-2024,20450,CE,0,0,0,613.7,1640.65,0,0,0,0,12-JAN-2024,
OPTIDX,NIFTY,29-Feb-2024,20500,CE,1445.35,1661,1442.25,1635.85,1635.85,266,2934.79,146150,4250,12-JAN-2024,
OPTIDX,NIFTY,29-Feb-2024,20550,CE,0,0,0,1235,1546.25,0,0,750,0,12-JAN-2024,
OPTIDX,NIFTY,29-Feb-2024,20600,CE,1345.15,1573,1345.1,1536,1536,10,110.39,3450,-50,12-JAN-2024,
OPTIDX,NIFTY,29-Feb-2024,20650,CE,0,0,0,520.95,1453.1,0,0,0,0,12-JAN-2024,
OPTIDX,NIFTY,29-Feb-2024,20700,CE,1255.2,1487.9,1255.2,1459.45,1459.45,54,597.32,5150,1150,12-JAN-2024,
OPTIDX,NIFTY,29-Feb-2024,20750,CE,1297,1297,1297,1297,1361.35,1,11.02,550,0,12-JAN-2024,
OPTIDX,NIFTY,29-Feb-2024,20800,CE,1166.75,1390,1166.75,1374.85,1374.85,41,452.83,10450,-50,12-JAN-2024,
OPTIDX,NIFTY,29-Feb-2024,20850,CE,0,0,0,1049.8,1271.2,0,0,800,0,12-JAN-2024,
OPTIDX,NIFTY,29-Feb-2024,20900,CE,0,0,0,999,1226.85,0,0,8900,0,12-JAN-2024,
OPTIDX,NIFTY,29-Feb-2024,20950,CE,0,0,0,956.1,1182.95,0,0,750,0,12-JAN-2024,
OPTIDX,NIFTY,29-Feb-2024,21000,CE,990.1,1220,990.1,1180.55,1180.55,2045,22633.86,295550,42700,12-JAN-2024,
OPTIDX,NIFTY,29-Feb-2024,21050,CE,1130,1130,1108.45,1108.45,1108.45,3,33.25,1500,0,12-JAN-2024,
OPTIDX,NIFTY,29-Feb-2024,21100,CE,920.15,1126.5,920.15,1106.15,1054.7,62,686.65,10700,300,12-JAN-2024,
OPTIDX,NIFTY,29-Feb-2024,21150,CE,1064.7,1064.7,1064.7,1064.7,1013.15,1,11.1,2050,-50,12-JAN-2024,
OPTIDX,NIFTY,29-Feb-2024,21200,CE,845.45,1047,841.95,1021,1021,260,2886.21,32850,-2400,12-JAN-2024,
OPTIDX,NIFTY,29-Feb-2024,21250,CE,802.35,998.55,802.35,998.55,932.1,4,44.3,8250,100,12-JAN-2024,
OPTIDX,NIFTY,29-Feb-2024,21300,CE,765.9,970,765.9,943.4,943.4,104,1152.92,18000,2300,12-JAN-2024,
OPTIDX,NIFTY,29-Feb-2024,21350,CE,727.75,919,727.75,910.5,854,10,110.92,6000,150,12-JAN-2024,
OPTIDX,NIFTY,29-Feb-2024,21400,CE,687.05,886.55,687,862.4,862.4,949,10524.35,49650,19550,12-JAN-2024,
OPTIDX,NIFTY,29-Feb-2024,21450,CE,656.95,824,656.95,812.5,812.5,122,1350.2,10750,-450,12-JAN-2024,
OPTIDX,NIFTY,29-Feb-2024,21500,CE,625,819,612.3,782.95,782.95,8794,97722.33,342450,112750,12-JAN-2024,
OPTIDX,NIFTY,29-Feb-2024,21550,CE,592.6,768.6,591.05,742.2,742.2,141,1563.77,7700,-2300,12-JAN-2024,
OPTIDX,NIFTY,29-Feb-2024,21600,CE,573.9,745.35,547.95,715.05,715.05,2271,25242.68,84550,1750,12-JAN-2024,
OPTIDX,NIFTY,29-Feb-2024,21650,CE,529.05,694,526.8,670.55,670.55,248,2755.57,9600,-3800,12-JAN-2024,
OPTIDX,NIFTY,29-Feb-2024,21700,CE,492,676.95,487.7,645.25,645.25,3512,39078.29,154150,33700,12-JAN-2024,
OPTIDX,NIFTY,29-Feb-2024,21750,CE,469.55,629.1,465,613.15,613.15,292,3254.5,18250,-2100,12-JAN-2024,
OPTIDX,NIFTY,29-Feb-2024,21800,CE,450,608.7,426,577.6,577.6,4937,55102.28,208350,40850,12-JAN-2024,
OPTIDX,NIFTY,29-Feb-2024,21850,CE,414.85,574.55,412,542.3,542.3,460,5143.45,12500,-4350,12-JAN-2024,
OPTIDX,NIFTY,29-Feb-2024,21900,CE,381.05,542.25,377.25,510.05,510.05,2929,32762.61,95700,29050,12-JAN-2024,
OPTIDX,NIFTY,29-Feb-2024,21950,CE,362.95,512.25,355.45,478.25,478.25,453,5068.19,14150,5550,12-JAN-2024,
OPTIDX,NIFTY,29-Feb-2024,22000,CE,340.3,481.4,311.9,452.1,452.1,18236,204256.96,753350,95550,12-JAN-2024,
OPTIDX,NIFTY,29-Feb-2024,22050,CE,315.45,445.05,307,436.25,436.25,289,3238.41,12100,6100,12-JAN-2024,
OPTIDX,NIFTY,29-Feb-2024,22100,CE,288.05,426.05,281.95,398.4,398.4,1690,18984.1,71700,18200,12-JAN-2024,
OPTIDX,NIFTY,29-Feb-2024,22150,CE,271.95,400,262,384.65,384.65,267,3003.33,8850,5100,12-JAN-2024,
OPTIDX,NIFTY,29-Feb-2024,22200,CE,240.55,375,240,350.95,350.95,3769,42425.31,115550,22200,12-JAN-2024,
OPTIDX,NIFTY,29-Feb-2024,22250,CE,233.35,350.45,223.25,332.9,332.9,181,2040.76,10150,3950,12-JAN-2024,
OPTIDX,NIFTY,29-Feb-2024,22300,CE,200,326.3,200,303.8,303.8,2896,32677.67,81550,33600,12-JAN-2024,
OPTIDX,NIFTY,29-Feb-2024,22350,CE,193.85,303.45,187.9,286.3,286.3,263,2971.94,11350,5400,12-JAN-2024,
OPTIDX,NIFTY,29-Feb-2024,22400,CE,178.85,281.85,170.25,266.5,266.5,2657,30051.92,111100,7350,12-JAN-2024,
OPTIDX,NIFTY,29-Feb-2024,22450,CE,166.95,261.65,156.85,249.7,249.7,423,4791.79,21950,8100,12-JAN-2024,
OPTIDX,NIFTY,29-Feb-2024,22500,CE,147.05,242,142.25,230.6,230.6,26369,299181.48,614350,70850,12-JAN-2024,
OPTIDX,NIFTY,29-Feb-2024,22550,CE,138.9,223.1,129.25,211.4,211.4,590,6702.11,15850,4100,12-JAN-2024,
OPTIDX,NIFTY,29-Feb-2024,22600,CE,123.55,205,116.15,188.5,188.5,5223,59436.48,117550,-5650,12-JAN-2024,
OPTIDX,NIFTY,29-Feb-2024,22650,CE,114.5,186.85,106.95,175.35,175.35,468,5335.46,9900,-5850,12-JAN-2024,
OPTIDX,NIFTY,29-Feb-2024,22700,CE,102,171.95,94.75,160.7,160.7,3857,44041.24,105350,7400,12-JAN-2024,
OPTIDX,NIFTY,29-Feb-2024,22750,CE,93.45,157.2,86.9,148.35,148.35,297,3397.28,12950,1050,12-JAN-2024,
OPTIDX,NIFTY,29-Feb-2024,22800,CE,83.45,143.85,77,134.15,134.15,6918,79258.35,163850,5700,12-JAN-2024,
OPTIDX,NIFTY,29-Feb-2024,22850,CE,77.3,131.15,69.6,123.1,123.1,295,3385.92,8350,-900,12-JAN-2024,
OPTIDX,NIFTY,29-Feb-2024,22900,CE,66,122.8,62.25,112.2,112.2,5968,68609.8,135750,36050,12-JAN-2024,
OPTIDX,NIFTY,29-Feb-2024,22950,CE,62.8,110.85,56.55,105.9,105.9,504,5806.33,22550,4850,12-JAN-2024,
OPTIDX,NIFTY,29-Feb-2024,23000,CE,56.5,105,52.55,97.3,97.3,31788,366893.61,832700,381400,12-JAN-2024,
OPTIDX,NIFTY,29-Feb-2024,23050,CE,49.3,93.55,46.5,87.9,87.9,353,4082.58,12850,4700,12-JAN-2024,
OPTIDX,NIFTY,29-Feb-2024,23100,CE,46.75,85.6,41.25,79.15,79.15,2313,26790.18,69750,8650,12-JAN-2024,
OPTIDX,NIFTY,29-Feb-2024,23150,CE,38.65,76.85,37.7,73.45,73.45,155,1798.98,6100,-2700,12-JAN-2024,
OPTIDX,NIFTY,29-Feb-2024,23200,CE,36.75,70.8,33.75,66.25,66.25,3988,46365.48,79750,3950,12-JAN-2024,
OPTIDX,NIFTY,29-Feb-2024,23250,CE,34.5,64,31,60.2,60.2,269,3133.38,9700,-450,12-JAN-2024,
OPTIDX,NIFTY,29-Feb-2024,23300,CE,29.95,57,27.45,51.25,51.25,5000,58359.51,170700,10800,12-JAN-2024,
OPTIDX,NIFTY,29-Feb-2024,23350,CE,27.95,52.2,25,47.9,47.9,245,2865.21,6850,0,12-JAN-2024,
OPTIDX,NIFTY,29-Feb-2024,23400,CE,25.15,46.85,22.35,42,42,4974,58285.87,121600,71750,12-JAN-2024,
OPTIDX,NIFTY,29-Feb-2024,23450,CE,21.65,42.95,20.5,39.65,39.65,2130,25009.97,43900,17050,12-JAN-2024,
OPTIDX,NIFTY,29-Feb-2024,18650,PE,0,0,0,26.6,0.05,0,0,1050,0,12-JAN-2024,
OPTIDX,NIFTY,29-Feb-2024,18700,PE,0,0,0,71.3,0.05,0,0,0,0,12-JAN-2024,
OPTIDX,NIFTY,29-Feb-2024,18750,PE,0,0,0,77,0.05,0,0,0,0,12-JAN-2024,
OPTIDX,NIFTY,29-Feb-2024,18800,PE,0,0,0,83,0.05,0,0,0,0,12-JAN-2024,
OPTIDX,NIFTY,29-Feb-2024,18850,PE,0,0,0,89.45,0.05,0,0,0,0,12-JAN-2024,
OPTIDX,NIFTY,29-Feb-2024,18900,PE,0,0,0,25.4,0.05,0,0,1050,0,12-JAN-2024,
OPTIDX,NIFTY,29-Feb-2024,18950,PE,0,0,0,103.4,0.05,0,0,0,0,12-JAN-2024,
OPTIDX,NIFTY,29-Feb-2024,19000,PE,10.55,11.2,9.45,10.45,10.45,2409,22897.7,270750,14650,12-JAN-2024,
OPTIDX,NIFTY,29-Feb-2024,19050,PE,0,0,0,119.05,0.1,0,0,0,0,12-JAN-2024,
OPTIDX,NIFTY,29-Feb-2024,19100,PE,0,0,0,127.5,0.1,0,0,0,0,12-JAN-2024,
OPTIDX,NIFTY,29-Feb-2024,19150,PE,0,0,0,136.4,0.15,0,0,0,0,12-JAN-2024,
OPTIDX,NIFTY,29-Feb-2024,19200,PE,0,0,0,14.7,0.2,0,0,2150,0,12-JAN-2024,
OPTIDX,NIFTY,29-Feb-2024,19250,PE,0,0,0,155.65,0.25,0,0,0,0,12-JAN-2024,
OPTIDX,NIFTY,29-Feb-2024,19300,PE,0,0,0,39.9,0.3,0,0,8050,0,12-JAN-2024,
OPTIDX,NIFTY,29-Feb-2024,19350,PE,0,0,0,176.9,0.35,0,0,0,0,12-JAN-2024,
OPTIDX,NIFTY,29-Feb-2024,19400,PE,0,0,0,56,0.45,0,0,17550,0,12-JAN-2024,
OPTIDX,NIFTY,29-Feb-2024,19450,PE,0,0,0,18.15,0.55,0,0,850,0,12-JAN-2024,
OPTIDX,NIFTY,29-Feb-2024,19500,PE,13.6,14.7,12.3,13.65,13.65,947,9239.57,359350,-17050,12-JAN-2024,
OPTIDX,NIFTY,29-Feb-2024,19550,PE,0,0,0,22.05,0.8,0,0,2250,0,12-JAN-2024,
OPTIDX,NIFTY,29-Feb-2024,19600,PE,15,19.95,10.5,12.3,12.3,129,1265.07,47100,-2350,12-JAN-2024,
OPTIDX,NIFTY,29-Feb-2024,19650,PE,0,0,0,253.15,1.15,0,0,0,0,12-JAN-2024,
OPTIDX,NIFTY,29-Feb-2024,19700,PE,17,20.3,12.05,15.15,15.15,102,1005.45,31850,0,12-JAN-2024,
OPTIDX,NIFTY,29-Feb-2024,19750,PE,16.85,16.9,16.35,16.55,1.65,52,513.93,2500,2450,12-JAN-2024,
OPTIDX,NIFTY,29-Feb-2024,19800,PE,18.1,19.05,15.7,16.45,16.45,3659,36254.04,232350,-850,12-JAN-2024,
OPTIDX,NIFTY,29-Feb-2024,19850,PE,0,0,0,22.9,2.4,0,0,4250,0,12-JAN-2024,
OPTIDX,NIFTY,29-Feb-2024,19900,PE,21.55,21.55,17.95,19.5,19.5,2320,23106.2,244800,-4050,12-JAN-2024,
OPTIDX,NIFTY,29-Feb-2024,19950,PE,20,21.9,20,21,21,206,2057.02,6300,2300,12-JAN-2024,
OPTIDX,NIFTY,29-Feb-2024,20000,PE,30,30,22.5,23.9,23.9,9070,90808.54,1304700,-4650,12-JAN-2024,
OPTIDX,NIFTY,29-Feb-2024,20050,PE,26.6,26.65,23.65,24.9,24.9,22,220.82,2350,-550,12-JAN-2024,
OPTIDX,NIFTY,29-Feb-2024,20100,PE,27.2,28.35,23.65,25.15,25.15,1420,14288.98,246350,650,12-JAN-2024,
OPTIDX,NIFTY,29-Feb-2024,20150,PE,30.35,30.9,26.4,27.2,27.2,92,928.24,5200,1150,12-JAN-2024,
OPTIDX,NIFTY,29-Feb-2024,20200,PE,32,33,27.25,28.2,28.2,2996,30302.79,323200,-5100,12-JAN-2024,
OPTIDX,NIFTY,29-Feb-2024,20250,PE,35.65,36.25,30.4,32.1,32.1,139,1409.62,3450,-1000,12-JAN-2024,
OPTIDX,NIFTY,29-Feb-2024,20300,PE,37.2,38.9,32.15,33.7,33.7,2288,23262.39,233250,-9450,12-JAN-2024,
OPTIDX,NIFTY,29-Feb-2024,20350,PE,40.9,41.9,35.6,37.35,37.35,274,2793.18,3800,-3100,12-JAN-2024,
OPTIDX,NIFTY,29-Feb-2024,20400,PE,44.75,46.2,37.75,39.8,39.8,3467,35433.32,226950,-20450,12-JAN-2024,
OPTIDX,NIFTY,29-Feb-2024,20450,PE,43.7,46.5,41,43.1,43.1,135,1383.27,10000,1600,12-JAN-2024,
OPTIDX,NIFTY,29-Feb-2024,20500,PE,51,58,44.75,47.05,47.05,11658,119779.61,966150,-34050,12-JAN-2024,
OPTIDX,NIFTY,29-Feb-2024,20550,PE,56.7,57.25,47.1,49.45,49.45,234,2410.32,9000,-100,12-JAN-2024,
OPTIDX,NIFTY,29-Feb-2024,20600,PE,62.05,62.75,49.45,52.2,52.2,4954,51159.73,197000,-1650,12-JAN-2024,
OPTIDX,NIFTY,29-Feb-2024,20650,PE,65.1,66.6,53.95,56.9,56.9,148,1532.44,5600,400,12-JAN-2024,
OPTIDX,NIFTY,29-Feb-2024,20700,PE,71,74,57,59.5,59.5,6301,65410.82,210200,28650,12-JAN-2024,
OPTIDX,NIFTY,29-Feb-2024,20750,PE,58,66.95,58,64.75,64.75,85,884.63,8250,400,12-JAN-2024,
OPTIDX,NIFTY,29-Feb-2024,20800,PE,82.3,85.5,65.9,69.3,69.3,6933,72353.58,214150,49750,12-JAN-2024,
OPTIDX,NIFTY,29-Feb-2024,20850,PE,89.8,89.85,71.85,75.25,75.25,355,3714.49,11500,3300,12-JAN-2024,
OPTIDX,NIFTY,29-Feb-2024,20900,PE,96,98,74.95,80.25,80.25,5481,57508.26,132550,8500,12-JAN-2024,
OPTIDX,NIFTY,29-Feb-2024,20950,PE,104.15,104.15,82.75,87.8,87.8,297,3124.67,9500,3850,12-JAN-2024,
OPTIDX,NIFTY,29-Feb-2024,21000,PE,115,117.6,90,94.8,94.8,25190,265744.34,950750,101950,12-JAN-2024,
OPTIDX,NIFTY,29-Feb-2024,21050,PE,121.25,121.65,96.65,99.15,99.15,159,1681.74,8750,1200,12-JAN-2024,
OPTIDX,NIFTY,29-Feb-2024,21100,PE,135.45,135.45,101.6,106.7,106.7,2951,31300.26,115850,26750,12-JAN-2024,
OPTIDX,NIFTY,29-Feb-2024,21150,PE,140.6,140.6,114.4,119,119,251,2669.55,8900,1350,12-JAN-2024,
OPTIDX,NIFTY,29-Feb-2024,21200,PE,154.45,155.05,117.05,123.95,123.95,6594,70324.98,228950,81900,12-JAN-2024,
OPTIDX,NIFTY,29-Feb-2024,21250,PE,167.75,167.75,131.05,135.2,135.2,220,2352.9,7350,1650,12-JAN-2024,
OPTIDX,NIFTY,29-Feb-2024,21300,PE,178.95,179.55,137,143.6,143.6,4928,52860.48,177050,33850,12-JAN-2024,
OPTIDX,NIFTY,29-Feb-2024,21350,PE,189,191.05,147.35,154.75,154.75,290,3119.35,10200,6200,12-JAN-2024,
OPTIDX,NIFTY,29-Feb-2024,21400,PE,207.05,207.05,155.4,166.7,166.7,4676,50444.12,157900,52750,12-JAN-2024,
OPTIDX,NIFTY,29-Feb-2024,21450,PE,217.55,217.55,169.15,176.15,176.15,315,3408.49,10150,4450,12-JAN-2024,
OPTIDX,NIFTY,29-Feb-2024,21500,PE,240.4,240.5,180.25,188.8,188.8,17450,189346.42,736050,219200,12-JAN-2024,
OPTIDX,NIFTY,29-Feb-2024,21550,PE,253,253,194.95,202.35,202.35,300,3265.48,5850,-1850,12-JAN-2024,
OPTIDX,NIFTY,29-Feb-2024,21600,PE,274.95,274.95,208.1,216.35,216.35,3257,35562.21,135350,14800,12-JAN-2024,
OPTIDX,NIFTY,29-Feb-2024,21650,PE,284.75,284.75,224.45,231.35,231.35,326,3569.25,20350,300,12-JAN-2024,
OPTIDX,NIFTY,29-Feb-2024,21700,PE,314.45,314.45,237,246.9,246.9,5389,59195.47,196500,60500,12-JAN-2024,
OPTIDX,NIFTY,29-Feb-2024,21750,PE,320,320,255.95,262.45,262.45,447,4923.57,22850,1850,12-JAN-2024,
OPTIDX,NIFTY,29-Feb-2024,21800,PE,353.95,355.9,268.95,281.4,281.4,6544,72303.12,192000,109350,12-JAN-2024,
OPTIDX,NIFTY,29-Feb-2024,21850,PE,363.95,364,287,296.35,296.35,584,6472.04,13450,3700,12-JAN-2024,
OPTIDX,NIFTY,29-Feb-2024,21900,PE,401.45,401.45,306,316.1,316.1,2269,25223.84,93850,42650,12-JAN-2024,
OPTIDX,NIFTY,29-Feb-2024,21950,PE,410.95,414,325,333.2,333.2,277,3090.06,15050,7400,12-JAN-2024,
OPTIDX,NIFTY,29-Feb-2024,22000,PE,450,457.65,343.6,356,356,11600,129787.11,449400,98850,12-JAN-2024,
OPTIDX,NIFTY,29-Feb-2024,22050,PE,465.35,465.4,366,374.9,374.9,226,2538.8,15500,6650,12-JAN-2024,
OPTIDX,NIFTY,29-Feb-2024,22100,PE,500.95,500.95,388.2,404.25,404.25,991,11155.1,53700,17450,12-JAN-2024,
OPTIDX,NIFTY,29-Feb-2024,22150,PE,524.05,524.05,410,416.75,416.75,220,2488.96,10950,6600,12-JAN-2024,
OPTIDX,NIFTY,29-Feb-2024,22200,PE,551.05,551.25,434.3,451.95,451.95,872,9887.79,59300,18650,12-JAN-2024,
OPTIDX,NIFTY,29-Feb-2024,22250,PE,577.95,579.2,466.15,478.5,478.5,148,1684.44,12050,6300,12-JAN-2024,
OPTIDX,NIFTY,29-Feb-2024,22300,PE,619.95,619.95,485.45,506.05,506.05,594,6780.23,26600,14050,12-JAN-2024,
OPTIDX,NIFTY,29-Feb-2024,22350,PE,658.95,658.95,515.35,529.4,529.4,190,2176.45,9900,8300,12-JAN-2024,
OPTIDX,NIFTY,29-Feb-2024,22400,PE,683.05,683.05,538,560.95,560.95,546,6278.81,17550,5250,12-JAN-2024,
OPTIDX,NIFTY,29-Feb-2024,22450,PE,662,662,578.05,591.8,591.8,194,2237.24,9100,5350,12-JAN-2024,
OPTIDX,NIFTY,29-Feb-2024,22500,PE,756.95,758,598,623.5,623.5,3300,38213.21,174650,40550,12-JAN-2024,
OPTIDX,NIFTY,29-Feb-2024,22550,PE,693,708,633.2,647.15,647.15,126,1463.94,7600,5300,12-JAN-2024,
OPTIDX,NIFTY,29-Feb-2024,22600,PE,817.6,817.6,672,689.9,689.9,80,932.29,23850,2100,12-JAN-2024,
OPTIDX,NIFTY,29-Feb-2024,22650,PE,823,823,691,726.8,726.8,77,899.6,4800,3450,12-JAN-2024,
OPTIDX,NIFTY,29-Feb-2024,22700,PE,872.5,872.5,725,756.6,756.6,457,5367.42,30900,20950,12-JAN-2024,
OPTIDX,NIFTY,29-Feb-2024,22750,PE,930,930,785,785,803.3,8,94.33,1750,200,12-JAN-2024,
OPTIDX,NIFTY,29-Feb-2024,22800,PE,972,972,795.25,830.7,830.7,64,755.92,6550,2700,12-JAN-2024,
OPTIDX,NIFTY,29-Feb-2024,22850,PE,0,0,0,1062.2,879.55,0,0,800,0,12-JAN-2024,
OPTIDX,NIFTY,29-Feb-2024,22900,PE,938.9,938.9,875.05,908.3,908.3,19,226.19,2650,600,12-JAN-2024,
OPTIDX,NIFTY,29-Feb-2024,22950,PE,1021.75,1021.75,926.15,927.6,958.7,4,47.81,900,200,12-JAN-2024,
OPTIDX,NIFTY,29-Feb-2024,23000,PE,1140.05,1146.2,950,989.2,989.2,911,10942.62,62850,16150,12-JAN-2024,
OPTIDX,NIFTY,29-Feb-2024,23050,PE,0,0,0,1174.4,1040.45,0,0,600,0,12-JAN-2024,
OPTIDX,NIFTY,29-Feb-2024,23100,PE,0,0,0,1377.05,1082.25,0,0,350,0,12-JAN-2024,
OPTIDX,NIFTY,29-Feb-2024,23150,PE,0,0,0,1297.65,1124.6,0,0,300,0,12-JAN-2024,
OPTIDX,NIFTY,29-Feb-2024,23200,PE,1200,1200,1106,1106,1106,3,36.52,650,100,12-JAN-2024,
OPTIDX,NIFTY,29-Feb-2024,23250,PE,0,0,0,1344.25,1210.9,0,0,150,0,12-JAN-2024,
OPTIDX,NIFTY,29-Feb-2024,23300,PE,0,0,0,1650,1254.8,0,0,550,0,12-JAN-2024,
OPTIDX,NIFTY,29-Feb-2024,23350,PE,0,0,0,2315.5,1299.1,0,0,0,0,12-JAN-2024,
OPTIDX,NIFTY,29-Feb-2024,23400,PE,0,0,0,2361.35,1343.9,0,0,0,0,12-JAN-2024,
OPTIDX,NIFTY,29-Feb-2024,23450,PE,0,0,0,2407.4,1389.05,0,0,0,0,12-JAN-2024,
OPTIDX,NIFTY,28-Mar-2024,14000,CE,7829.75,8089.65,7829.75,8059.65,8059.65,327,3594.16,324600,-500,12-JAN-2024,
OPTIDX,NIFTY,28-Mar-2024,15000,CE,6950,7090,6950,7083.35,7083.35,4,44.09,25500,50,12-JAN-2024,
OPTIDX,NIFTY,28-Mar-2024,16000,CE,6148.25,6148.25,6148.25,6148.25,6117.85,1,11.07,46300,-50,12-JAN-2024,
OPTIDX,NIFTY,28-Mar-2024,17000,CE,5010.3,5170.5,5010.3,5169.1,5169.1,19,209.75,139900,-450,12-JAN-2024,
OPTIDX,NIFTY,28-Mar-2024,18000,CE,3960,4199,3960,4141.4,4141.4,81,895.74,410900,-2750,12-JAN-2024,
OPTIDX,NIFTY,28-Mar-2024,19000,CE,3000,3235,2993.9,3202.6,3202.6,132,1460.41,469200,-2250,12-JAN-2024,
OPTIDX,NIFTY,28-Mar-2024,19750,CE,0,0,0,2421.85,2427.55,0,0,0,0,12-JAN-2024,
OPTIDX,NIFTY,28-Mar-2024,19800,CE,0,0,0,2375.95,2379.25,0,0,0,0,12-JAN-2024,
OPTIDX,NIFTY,28-Mar-2024,19850,CE,0,0,0,2330.25,2331.05,0,0,0,0,12-JAN-2024,
OPTIDX,NIFTY,28-Mar-2024,19900,CE,0,0,0,2284.75,2282.95,0,0,0,0,12-JAN-2024,
OPTIDX,NIFTY,28-Mar-2024,19950,CE,0,0,0,2239.55,2235.05,0,0,0,0,12-JAN-2024,
OPTIDX,NIFTY,28-Mar-2024,20000,CE,2057.1,2295.25,2057.1,2252.85,2252.85,816,9058.19,469900,6550,12-JAN-2024,
OPTIDX,NIFTY,28-Mar-2024,20050,CE,0,0,0,2149.85,2139.6,0,0,0,0,12-JAN-2024,
OPTIDX,NIFTY,28-Mar-2024,20100,CE,0,0,0,2105.4,2092.15,0,0,0,0,12-JAN-2024,
OPTIDX,NIFTY,28-Mar-2024,20150,CE,0,0,0,2061.25,2044.85,0,0,0,0,12-JAN-2024,
OPTIDX,NIFTY,28-Mar-2024,20200,CE,0,0,0,2017.4,1997.8,0,0,0,0,12-JAN-2024,
OPTIDX,NIFTY,28-Mar-2024,20250,CE,0,0,0,1973.85,1950.95,0,0,0,0,12-JAN-2024,
OPTIDX,NIFTY,28-Mar-2024,20300,CE,0,0,0,1930.6,1904.3,0,0,0,0,12-JAN-2024,
OPTIDX,NIFTY,28-Mar-2024,20350,CE,0,0,0,1887.7,1857.95,0,0,0,0,12-JAN-2024,
OPTIDX,NIFTY,28-Mar-2024,20400,CE,0,0,0,1845.15,1811.85,0,0,0,0,12-JAN-2024,
OPTIDX,NIFTY,28-Mar-2024,20450,CE,0,0,0,1802.95,1766,0,0,0,0,12-JAN-2024,
OPTIDX,NIFTY,28-Mar-2024,20500,CE,1607,1829.45,1607,1791.4,1791.4,210,2336.64,18200,4300,12-JAN-2024,
OPTIDX,NIFTY,28-Mar-2024,20550,CE,0,0,0,1444.55,1675.3,0,0,50,0,12-JAN-2024,
OPTIDX,NIFTY,28-Mar-2024,20600,CE,0,0,0,1378.1,1630.4,0,0,150,0,12-JAN-2024,
OPTIDX,NIFTY,28-Mar-2024,20650,CE,0,0,0,1384.8,1585.9,0,0,350,0,12-JAN-2024,
OPTIDX,NIFTY,28-Mar-2024,20700,CE,0,0,0,1286.7,1541.8,0,0,200,0,12-JAN-2024,
OPTIDX,NIFTY,28-Mar-2024,20750,CE,1433.25,1433.25,1433.25,1433.25,1498.05,1,11.09,200,0,12-JAN-2024,
OPTIDX,NIFTY,28-Mar-2024,20800,CE,1431.9,1431.9,1431.9,1431.9,1454.75,1,11.11,50,50,12-JAN-2024,
OPTIDX,NIFTY,28-Mar-2024,20850,CE,0,0,0,1279.6,1411.9,0,0,50,0,12-JAN-2024,
OPTIDX,NIFTY,28-Mar-2024,20900,CE,1400,1400,1400,1400,1369.5,1,11.15,100,0,12-JAN-2024,
OPTIDX,NIFTY,28-Mar-2024,20950,CE,0,0,0,1403.15,1327.55,0,0,0,0,12-JAN-2024,
OPTIDX,NIFTY,28-Mar-2024,21000,CE,1199,1414.35,1195.05,1373.65,1373.65,1796,20031.52,1078150,13500,12-JAN-2024,
OPTIDX,NIFTY,28-Mar-2024,21050,CE,0,0,0,1328.6,1245.25,0,0,0,0,12-JAN-2024,
OPTIDX,NIFTY,28-Mar-2024,21100,CE,1110.7,1305,1110.65,1305,1204.9,12,133.71,1050,350,12-JAN-2024,
OPTIDX,NIFTY,28-Mar-2024,21150,CE,0,0,0,1256.75,1165.1,0,0,0,0,12-JAN-2024,
OPTIDX,NIFTY,28-Mar-2024,21200,CE,1036.6,1140,1036.6,1140,1125.9,14,156.01,2350,450,12-JAN-2024,
OPTIDX,NIFTY,28-Mar-2024,21250,CE,0,0,0,960,1087.3,0,0,200,0,12-JAN-2024,
OPTIDX,NIFTY,28-Mar-2024,21300,CE,960.3,1160,960.3,1121.05,1121.05,105,1175.43,7100,4050,12-JAN-2024,
OPTIDX,NIFTY,28-Mar-2024,21350,CE,0,0,0,819,1012,0,0,50,0,12-JAN-2024,
OPTIDX,NIFTY,28-Mar-2024,21400,CE,890.55,1053,890.55,1032.05,1032.05,13,145.59,2850,-50,12-JAN-2024,
OPTIDX,NIFTY,28-Mar-2024,21450,CE,879.15,953,879.15,953,939.3,3,33.55,250,100,12-JAN-2024,
OPTIDX,NIFTY,28-Mar-2024,21500,CE,825.85,1017.55,823,980.45,980.45,942,10563.46,70350,-7100,12-JAN-2024,
OPTIDX,NIFTY,28-Mar-2024,21550,CE,792.8,934,791.6,934,869.4,6,67.16,550,-50,12-JAN-2024,
OPTIDX,NIFTY,28-Mar-2024,21600,CE,762,935.4,762,898.6,898.6,126,1415.25,8600,-2250,12-JAN-2024,
OPTIDX,NIFTY,28-Mar-2024,21650,CE,722.4,873.2,722.4,841.9,841.9,20,224.49,2500,-250,12-JAN-2024,
OPTIDX,NIFTY,28-Mar-2024,21700,CE,698.85,876.1,690,834.75,834.75,135,1518.34,8650,-1200,12-JAN-2024,
OPTIDX,NIFTY,28-Mar-2024,21750,CE,665.65,706.85,665.65,706.8,738.25,8,89.78,1100,-150,12-JAN-2024,
OPTIDX,NIFTY,28-Mar-2024,21800,CE,640,804.05,632.1,772.9,772.9,220,2478.86,9800,950,12-JAN-2024,
OPTIDX,NIFTY,28-Mar-2024,21850,CE,622,747.2,606,739.65,739.65,19,214.36,1400,100,12-JAN-2024,
OPTIDX,NIFTY,28-Mar-2024,21900,CE,576,741.05,576,712.75,712.75,185,2090.16,5800,1950,12-JAN-2024,
OPTIDX,NIFTY,28-Mar-2024,21950,CE,599,618,599,618,619.4,9,101.49,1450,-100,12-JAN-2024,
OPTIDX,NIFTY,28-Mar-2024,22000,CE,512,685,512,650.35,650.35,6463,73059.11,854200,28700,12-JAN-2024,
OPTIDX,NIFTY,28-Mar-2024,22050,CE,0,0,0,647.5,564.65,0,0,1700,0,12-JAN-2024,
OPTIDX,NIFTY,28-Mar-2024,22100,CE,472.05,606.95,472.05,597.7,597.7,258,2922.28,9800,-3050,12-JAN-2024,
OPTIDX,NIFTY,28-Mar-2024,22150,CE,437.3,501,437.3,501,513.1,12,135.58,1050,450,12-JAN-2024,
OPTIDX,NIFTY,28-Mar-2024,22200,CE,432.5,560.25,422.8,535.15,535.15,774,8787.77,14850,6950,12-JAN-2024,
OPTIDX,NIFTY,28-Mar-2024,22250,CE,0,0,0,388.5,464.75,0,0,2150,0,12-JAN-2024,
OPTIDX,NIFTY,28-Mar-2024,22300,CE,376.75,500,376.75,487.1,487.1,158,1798.4,10950,4650,12-JAN-2024,
OPTIDX,NIFTY,28-Mar-2024,22350,CE,0,0,0,474.5,419.6,0,0,250,0,12-JAN-2024,
OPTIDX,NIFTY,28-Mar-2024,22400,CE,340.8,462.9,338.35,435.2,435.2,261,2977.94,11100,5650,12-JAN-2024,
OPTIDX,NIFTY,28-Mar-2024,22450,CE,329.45,392.45,329.45,375.05,377.55,8,91.29,1350,0,12-JAN-2024,
OPTIDX,NIFTY,28-Mar-2024,22500,CE,300,415,299.75,391.35,391.35,1845,21095.58,103050,13150,12-JAN-2024,
OPTIDX,NIFTY,28-Mar-2024,22550,CE,278.8,374,278.8,374,338.55,12,137.3,600,300,12-JAN-2024,
OPTIDX,NIFTY,28-Mar-2024,22600,CE,276.95,357.15,268.55,353.3,353.3,80,917.06,3450,1050,12-JAN-2024,
OPTIDX,NIFTY,28-Mar-2024,22650,CE,315.15,340,290.55,340,302.55,33,378.69,1800,1650,12-JAN-2024,
OPTIDX,NIFTY,28-Mar-2024,22700,CE,231.3,325,231.3,309.25,309.25,74,850.77,6450,2500,12-JAN-2024,
OPTIDX,NIFTY,28-Mar-2024,22750,CE,266.65,279.1,265.7,279.1,279.1,7,80.57,700,50,12-JAN-2024,
OPTIDX,NIFTY,28-Mar-2024,22800,CE,208.95,285,203.35,273.05,273.05,306,3524.77,11950,150,12-JAN-2024,
OPTIDX,NIFTY,28-Mar-2024,22850,CE,237.35,256.15,237.35,256.15,239.1,8,92.38,550,350,12-JAN-2024,
OPTIDX,NIFTY,28-Mar-2024,22900,CE,189.5,250.1,189.5,245.05,245.05,95,1098.55,7950,950,12-JAN-2024,
OPTIDX,NIFTY,28-Mar-2024,22950,CE,205,249,205,230,211.45,5,57.92,900,200,12-JAN-2024,
OPTIDX,NIFTY,28-Mar-2024,23000,CE,157.05,230,150.8,214.35,214.35,6320,73284.51,749550,-150,12-JAN-2024,
OPTIDX,NIFTY,28-Mar-2024,23050,CE,193.65,208.85,178.1,198.8,198.8,12,139.48,900,150,12-JAN-2024,
OPTIDX,NIFTY,28-Mar-2024,23100,CE,156.65,200,149.7,187.85,187.85,108,1256.92,7900,550,12-JAN-2024,
OPTIDX,NIFTY,28-Mar-2024,23150,CE,155,176,155,172.35,172.35,9,104.91,1250,450,12-JAN-2024,
OPTIDX,NIFTY,28-Mar-2024,23200,CE,115,172,115,162.3,162.3,363,4237.65,17350,7200,12-JAN-2024,
OPTIDX,NIFTY,28-Mar-2024,23250,CE,147.8,155.75,144.9,144.9,144.9,7,81.9,1350,50,12-JAN-2024,
OPTIDX,NIFTY,28-Mar-2024,23300,CE,102,154,98,141.05,141.05,434,5084.43,25050,4000,12-JAN-2024,
OPTIDX,NIFTY,28-Mar-2024,23350,CE,117.1,139,114.8,133.05,133.05,23,269.96,400,-50,12-JAN-2024,
OPTIDX,NIFTY,28-Mar-2024,23400,CE,81.85,134.05,81.85,125.65,125.65,828,9734.66,20650,9750,12-JAN-2024,
OPTIDX,NIFTY,28-Mar-2024,23450,CE,81.2,125,81.2,114.15,114.15,65,765.61,2800,900,12-JAN-2024,
OPTIDX,NIFTY,28-Mar-2024,24000,CE,42.1,61.35,39,57,57,3924,47190.07,583000,13550,12-JAN-2024,
OPTIDX,NIFTY,28-Mar-2024,25000,CE,16.25,21,15.55,20.15,20.15,1085,13572.5,291450,2450,12-JAN-2024,
OPTIDX,NIFTY,28-Mar-2024,26000,CE,10.8,12.05,10.25,11.3,11.3,570,7413.19,134100,-1650,12-JAN-2024,
OPTIDX,NIFTY,28-Mar-2024,27000,CE,3.05,3.05,3.05,3.05,0.1,11,148.51,14050,0,12-JAN-2024,
OPTIDX,NIFTY,28-Mar-2024,14000,PE,3.35,4.65,3.35,3.6,3.6,437,3059.78,116200,12950,12-JAN-2024,
OPTIDX,NIFTY,28-Mar-2024,15000,PE,6.9,7.75,5.55,6.25,6.25,18,135.06,7200,-250,12-JAN-2024,
OPTIDX,NIFTY,28-Mar-2024,16000,PE,3.05,3.05,3.05,3.05,3.05,6,48,183400,50,12-JAN-2024,
OPTIDX,NIFTY,28-Mar-2024,17000,PE,13.3,14,12.7,12.9,12.9,122,1037.8,330500,250,12-JAN-2024,
OPTIDX,NIFTY,28-Mar-2024,18000,PE,16.4,17.75,16,16.9,16.9,1177,10602.88,859750,-14300,12-JAN-2024,
OPTIDX,NIFTY,28-Mar-2024,19000,PE,25.95,27.15,24,26.75,26.75,2186,20795.31,1258550,-22850,12-JAN-2024,
OPTIDX,NIFTY,28-Mar-2024,19750,PE,0,0,0,51,7.35,0,0,750,0,12-JAN-2024,
OPTIDX,NIFTY,28-Mar-2024,19800,PE,43.7,47.5,43.7,46.75,46.75,206,2044.08,13600,8200,12-JAN-2024,
OPTIDX,NIFTY,28-Mar-2024,19850,PE,0,0,0,66.85,9.45,0,0,200,0,12-JAN-2024,
OPTIDX,NIFTY,28-Mar-2024,19900,PE,51,55.05,51,54,54,236,2354.47,22000,6050,12-JAN-2024,
OPTIDX,NIFTY,28-Mar-2024,19950,PE,0,0,0,52,12.05,0,0,0,0,12-JAN-2024,
OPTIDX,NIFTY,28-Mar-2024,20000,PE,63.1,65.25,60.1,62.35,62.35,5980,59986.16,1995800,-5050,12-JAN-2024,
OPTIDX,NIFTY,28-Mar-2024,20050,PE,0,0,0,60.5,15.25,0,0,0,0,12-JAN-2024,
OPTIDX,NIFTY,28-Mar-2024,20100,PE,65.4,67.25,62.3,66.1,66.1,798,8045.85,46900,21050,12-JAN-2024,
OPTIDX,NIFTY,28-Mar-2024,20150,PE,0,0,0,96.7,19.1,0,0,2900,0,12-JAN-2024,
OPTIDX,NIFTY,28-Mar-2024,20200,PE,73.55,76.8,64.95,66.95,66.95,1296,13134.64,61150,4550,12-JAN-2024,
OPTIDX,NIFTY,28-Mar-2024,20250,PE,0,0,0,51.1,23.75,0,0,100,0,12-JAN-2024,
OPTIDX,NIFTY,28-Mar-2024,20300,PE,0,0,0,86.8,26.45,0,0,0,0,12-JAN-2024,
OPTIDX,NIFTY,28-Mar-2024,20350,PE,0,0,0,112.8,29.4,0,0,3250,0,12-JAN-2024,
OPTIDX,NIFTY,28-Mar-2024,20400,PE,95,95,80.25,84.4,84.4,747,7651.6,72550,9400,12-JAN-2024,
OPTIDX,NIFTY,28-Mar-2024,20450,PE,0,0,0,139.05,36.05,0,0,2450,0,12-JAN-2024,
OPTIDX,NIFTY,28-Mar-2024,20500,PE,109.7,112.5,97,100.5,100.5,3104,31976.84,392450,54000,12-JAN-2024,
OPTIDX,NIFTY,28-Mar-2024,20550,PE,0,0,0,158.4,43.95,0,0,2750,0,12-JAN-2024,
OPTIDX,NIFTY,28-Mar-2024,20600,PE,121,122,105.4,109.4,109.4,480,4970.97,76000,15250,12-JAN-2024,
OPTIDX,NIFTY,28-Mar-2024,20650,PE,0,0,0,137.85,53.15,0,0,0,0,12-JAN-2024,
OPTIDX,NIFTY,28-Mar-2024,20700,PE,119.1,122.75,112,117.45,117.45,358,3726.7,47700,-1050,12-JAN-2024,
OPTIDX,NIFTY,28-Mar-2024,20750,PE,0,0,0,153.25,63.9,0,0,1200,0,12-JAN-2024,
OPTIDX,NIFTY,28-Mar-2024,20800,PE,146.2,147.75,123.1,129.5,129.5,408,4270.75,49450,5050,12-JAN-2024,
OPTIDX,NIFTY,28-Mar-2024,20850,PE,139.75,139.75,139.75,139.75,76.35,1,10.49,50,0,12-JAN-2024,
OPTIDX,NIFTY,28-Mar-2024,20900,PE,169.25,169.5,143.5,147,147,269,2831.86,40950,4400,12-JAN-2024,
OPTIDX,NIFTY,28-Mar-2024,20950,PE,143.85,154.35,143.85,151.6,151.6,12,126.6,850,0,12-JAN-2024,
OPTIDX,NIFTY,28-Mar-2024,21000,PE,197.1,198.7,161.9,168.05,168.05,10987,116326.97,1811050,127850,12-JAN-2024,
OPTIDX,NIFTY,28-Mar-2024,21050,PE,0,0,0,204.8,106.9,0,0,300,0,12-JAN-2024,
OPTIDX,NIFTY,28-Mar-2024,21100,PE,225.85,225.85,180.25,184.5,184.5,179,1905.74,13450,600,12-JAN-2024,
OPTIDX,NIFTY,28-Mar-2024,21150,PE,223.05,224.05,195.25,199.9,125.4,16,170.93,2900,400,12-JAN-2024,
OPTIDX,NIFTY,28-Mar-2024,21200,PE,240.75,240.75,198,202.7,202.7,275,2943.98,14000,1700,12-JAN-2024,
OPTIDX,NIFTY,28-Mar-2024,21250,PE,231,231,221,225.75,146.2,4,42.95,1650,-50,12-JAN-2024,
OPTIDX,NIFTY,28-Mar-2024,21300,PE,258,259.6,218.4,227.6,227.6,306,3294.89,16700,-850,12-JAN-2024,
OPTIDX,NIFTY,28-Mar-2024,21350,PE,272.25,272.25,238.1,242.2,242.2,74,799.13,1750,1450,12-JAN-2024,
OPTIDX,NIFTY,28-Mar-2024,21400,PE,288.15,292.15,239.65,244.35,244.35,543,5880.01,18050,7900,12-JAN-2024,
OPTIDX,NIFTY,28-Mar-2024,21450,PE,300,303.05,254.8,261.15,261.15,96,1043.34,2200,1850,12-JAN-2024,
OPTIDX,NIFTY,28-Mar-2024,21500,PE,322.55,323,266,273.75,273.75,4861,52956.97,249350,14250,12-JAN-2024,
OPTIDX,NIFTY,28-Mar-2024,21550,PE,330.75,333.95,276.95,282.45,282.45,59,645.29,2200,2000,12-JAN-2024,
OPTIDX,NIFTY,28-Mar-2024,21600,PE,350.05,354.35,294.35,297.6,297.6,927,10155.44,32150,14750,12-JAN-2024,
OPTIDX,NIFTY,28-Mar-2024,21650,PE,0,0,0,397.1,255.65,0,0,2700,0,12-JAN-2024,
OPTIDX,NIFTY,28-Mar-2024,21700,PE,400.95,401.1,323.9,332.9,332.9,927,10222.7,26800,10000,12-JAN-2024,
OPTIDX,NIFTY,28-Mar-2024,21750,PE,401.45,401.45,340.05,349.15,349.15,39,431.4,1900,1650,12-JAN-2024,
OPTIDX,NIFTY,28-Mar-2024,21800,PE,417.55,425.7,352.5,359.8,359.8,990,10977.18,26650,15700,12-JAN-2024,
OPTIDX,NIFTY,28-Mar-2024,21850,PE,443.05,443.05,375,375,327.75,49,544.91,2000,1650,12-JAN-2024,
OPTIDX,NIFTY,28-Mar-2024,21900,PE,404.6,455.9,385.7,394.2,394.2,377,4203.57,10750,8750,12-JAN-2024,
OPTIDX,NIFTY,28-Mar-2024,21950,PE,445,445,405.95,405.95,405.95,25,279.61,2900,-750,12-JAN-2024,
OPTIDX,NIFTY,28-Mar-2024,22000,PE,511.15,511.95,421.05,433.75,433.75,7994,89755.01,634700,77950,12-JAN-2024,
OPTIDX,NIFTY,28-Mar-2024,22050,PE,0,0,0,525.1,412.35,0,0,2900,0,12-JAN-2024,
OPTIDX,NIFTY,28-Mar-2024,22100,PE,557.55,557.55,459.3,469.3,469.3,56,632.48,2000,1250,12-JAN-2024,
OPTIDX,NIFTY,28-Mar-2024,22150,PE,0,0,0,696.55,459.45,0,0,50,0,12-JAN-2024,
OPTIDX,NIFTY,28-Mar-2024,22200,PE,592.7,592.7,496.25,513.75,513.75,181,2056.9,6600,3400,12-JAN-2024,
OPTIDX,NIFTY,28-Mar-2024,22250,PE,0,0,0,678.2,509.7,0,0,0,0,12-JAN-2024,
OPTIDX,NIFTY,28-Mar-2024,22300,PE,617,617,547.15,560.25,560.25,90,1029.03,6400,-250,12-JAN-2024,
OPTIDX,NIFTY,28-Mar-2024,22350,PE,0,0,0,826,563.1,0,0,200,0,12-JAN-2024,
OPTIDX,NIFTY,28-Mar-2024,22400,PE,660,660,598,612.15,612.15,39,448.87,1000,-300,12-JAN-2024,
OPTIDX,NIFTY,28-Mar-2024,22450,PE,0,0,0,787.5,619.65,0,0,0,0,12-JAN-2024,
OPTIDX,NIFTY,28-Mar-2024,22500,PE,796,796,645.4,666.65,666.65,2330,27007.44,81050,16100,12-JAN-2024,
OPTIDX,NIFTY,28-Mar-2024,22550,PE,0,0,0,947.35,679.25,0,0,50,0,12-JAN-2024,
OPTIDX,NIFTY,28-Mar-2024,22600,PE,796,796,708.75,720.9,720.9,28,326.67,1050,600,12-JAN-2024,
OPTIDX,NIFTY,28-Mar-2024,22650,PE,0,0,0,906,741.85,0,0,0,0,12-JAN-2024,
OPTIDX,NIFTY,28-Mar-2024,22700,PE,841.65,842,771.7,789.95,789.95,35,410.92,3000,1350,12-JAN-2024,
OPTIDX,NIFTY,28-Mar-2024,22750,PE,879.05,879.05,879.05,879.05,807.35,1,11.81,150,50,12-JAN-2024,
OPTIDX,NIFTY,28-Mar-2024,22800,PE,0,0,0,1000.75,841.15,0,0,0,0,12-JAN-2024,
OPTIDX,NIFTY,28-Mar-2024,22850,PE,0,0,0,1157.05,875.65,0,0,900,0,12-JAN-2024,
OPTIDX,NIFTY,28-Mar-2024,22900,PE,0,0,0,1093.45,910.8,0,0,1550,0,12-JAN-2024,
OPTIDX,NIFTY,28-Mar-2024,22950,PE,0,0,0,1100.35,946.6,0,0,0,0,12-JAN-2024,
OPTIDX,NIFTY,28-Mar-2024,23000,PE,1120,1122.6,952,974.3,974.3,1091,13105.78,117250,9750,12-JAN-2024,
OPTIDX,NIFTY,28-Mar-2024,23050,PE,0,0,0,1027.8,1020.1,0,0,300,0,12-JAN-2024,
OPTIDX,NIFTY,28-Mar-2024,23100,PE,0,0,0,1204.5,1057.75,0,0,0,0,12-JAN-2024,
OPTIDX,NIFTY,28-Mar-2024,23150,PE,0,0,0,1152.45,1096,0,0,50,0,12-JAN-2024,
OPTIDX,NIFTY,28-Mar-2024,23200,PE,0,0,0,1299.3,1134.8,0,0,100,0,12-JAN-2024,
OPTIDX,NIFTY,28-Mar-2024,23250,PE,0,0,0,1340.2,1174.1,0,0,100,0,12-JAN-2024,
OPTIDX,NIFTY,28-Mar-2024,23300,PE,1175.2,1175.2,1175.1,1175.15,1175.15,2,24.47,200,100,12-JAN-2024,
OPTIDX,NIFTY,28-Mar-2024,23350,PE,0,0,0,1388.8,1254.4,0,0,0,0,12-JAN-2024,
OPTIDX,NIFTY,28-Mar-2024,23400,PE,0,0,0,1425.9,1295.25,0,0,0,0,12-JAN-2024,
OPTIDX,NIFTY,28-Mar-2024,23450,PE,0,0,0,1457.95,1336.6,0,0,50,0,12-JAN-2024,
OPTIDX,NIFTY,28-Mar-2024,24000,PE,1975,1982,1762,1787.4,1787.4,708,9137.04,216000,-2050,12-JAN-2024,
OPTIDX,NIFTY,28-Mar-2024,25000,PE,2931.95,2931.95,2700.5,2731.65,2731.65,117,1625.78,413900,1400,12-JAN-2024,
OPTIDX,NIFTY,28-Mar-2024,26000,PE,0,0,0,3823.55,3743.5,0,0,4950,0,12-JAN-2024,
OPTIDX,NIFTY,28-Mar-2024,27000,PE,0,0,0,4800,4728.7,0,0,200,0,12-JAN-2024,
OPTIDX,NIFTY,27-Jun-2024,15000,CE,0,0,0,4599.25,7350.7,0,0,50,0,12-JAN-2024,
OPTIDX,NIFTY,27-Jun-2024,17000,CE,0,0,0,5010.65,5411.65,0,0,50,0,12-JAN-2024,
OPTIDX,NIFTY,27-Jun-2024,18000,CE,0,0,0,4138,4443.4,0,0,17750,0,12-JAN-2024,
OPTIDX,NIFTY,27-Jun-2024,18500,CE,3700,3770.05,3700,3770,3961.4,4,44.49,2675,100,12-JAN-2024,
OPTIDX,NIFTY,27-Jun-2024,19000,CE,3284.25,3501.25,3284.2,3490.4,3490.4,20,223.93,105950,-100,12-JAN-2024,
OPTIDX,NIFTY,27-Jun-2024,20000,CE,2467.05,2669.55,2452.8,2641.8,2641.8,137,1547.47,153950,100,12-JAN-2024,
OPTIDX,NIFTY,27-Jun-2024,21000,CE,1740,1919,1690.15,1878.8,1878.8,548,6250.34,348200,11400,12-JAN-2024,
OPTIDX,NIFTY,27-Jun-2024,22000,CE,1050,1245,1043.15,1208,1208,1937,22438.67,293600,-18450,12-JAN-2024,
OPTIDX,NIFTY,27-Jun-2024,23000,CE,580,707.4,568.75,670.65,670.65,2660,31451.19,629650,29650,12-JAN-2024,
OPTIDX,NIFTY,27-Jun-2024,24000,CE,269.95,353.55,253,331.4,331.4,1809,21988.2,165900,9750,12-JAN-2024,
OPTIDX,NIFTY,27-Jun-2024,25000,CE,110.55,155,107.6,147.4,147.4,759,9539.39,96100,5950,12-JAN-2024,
OPTIDX,NIFTY,27-Jun-2024,26000,CE,63,80,62,78.6,78.6,80,1042.93,12900,850,12-JAN-2024,
OPTIDX,NIFTY,27-Jun-2024,27000,CE,0,0,0,331.6,10.65,0,0,0,0,12-JAN-2024,
OPTIDX,NIFTY,27-Jun-2024,14000,PE,0,0,0,3.05,0.05,0,0,7275,0,12-JAN-2024,
OPTIDX,NIFTY,27-Jun-2024,15000,PE,0,0,0,3.05,0.05,0,0,12425,0,12-JAN-2024,
OPTIDX,NIFTY,27-Jun-2024,16000,PE,0,0,0,3.05,0.05,0,0,37950,0,12-JAN-2024,
OPTIDX,NIFTY,27-Jun-2024,17000,PE,12.3,12.3,12.3,12.3,0.1,4,34.02,126500,0,12-JAN-2024,
OPTIDX,NIFTY,27-Jun-2024,18000,PE,58.8,59.5,52.1,58.1,58.1,671,6058.02,397550,8600,12-JAN-2024,
OPTIDX,NIFTY,27-Jun-2024,19000,PE,116,119.8,104.85,115.8,115.8,1828,17470.6,730500,20950,12-JAN-2024,
OPTIDX,NIFTY,27-Jun-2024,20000,PE,230,232.95,220.25,223.2,223.2,2458,24858.94,1059700,650,12-JAN-2024,
OPTIDX,NIFTY,27-Jun-2024,21000,PE,443.6,444.25,413.15,417.85,417.85,4319,46270.98,681000,54250,12-JAN-2024,
OPTIDX,NIFTY,27-Jun-2024,22000,PE,770,770,714.1,724.2,724.2,3785,43034.94,707550,82650,12-JAN-2024,
OPTIDX,NIFTY,27-Jun-2024,23000,PE,1199,1244.45,1136.6,1149.85,1149.85,468,5657.67,119650,8100,12-JAN-2024,
OPTIDX,NIFTY,27-Jun-2024,24000,PE,1802,1802,1733,1780,1624.95,33,425.34,9100,300,12-JAN-2024,
OPTIDX,NIFTY,27-Jun-2024,25000,PE,0,0,0,7199.55,2444.9,0,0,0,0,12-JAN-2024,
OPTIDX,NIFTY,27-Jun-2024,26000,PE,0,0,0,8015.6,3349.55,0,0,0,0,12-JAN-2024,
OPTIDX,NIFTY,27-Jun-2024,27000,PE,0,0,0,8206,4295,0,0,0,0,12-JAN-2024,
OPTIDX,NIFTY,26-Sep-2024,17000,CE,0,0,0,3800.4,5687.55,0,0,0,0,12-JAN-2024,
OPTIDX,NIFTY,26-Sep-2024,18000,CE,0,0,0,2994.95,4739.05,0,0,0,0,12-JAN-2024,
OPTIDX,NIFTY,26-Sep-2024,19000,CE,0,0,0,2277.4,3805.7,0,0,0,0,12-JAN-2024,
OPTIDX,NIFTY,26-Sep-2024,20000,CE,0,0,0,1666.45,2912.6,0,0,0,0,12-JAN-2024,
OPTIDX,NIFTY,26-Sep-2024,21000,CE,0,0,0,1173.8,2100.1,0,0,0,0,12-JAN-2024,
OPTIDX,NIFTY,26-Sep-2024,22000,CE,1370,1470,1310,1465,1465,11,128.74,5900,250,12-JAN-2024,
OPTIDX,NIFTY,26-Sep-2024,23000,CE,0,0,0,521.15,879.8,0,0,0,0,12-JAN-2024,
OPTIDX,NIFTY,26-Sep-2024,24000,CE,535,535,510,510,510,2,24.52,150,50,12-JAN-2024,
OPTIDX,NIFTY,26-Sep-2024,25000,CE,260.05,360,260,285.05,285.05,4,50.57,1200,200,12-JAN-2024,
OPTIDX,NIFTY,26-Sep-2024,26000,CE,0,0,0,121,131.3,0,0,700,0,12-JAN-2024,
OPTIDX,NIFTY,26-Sep-2024,27000,CE,0,0,0,68.7,59.6,0,0,0,0,12-JAN-2024,
OPTIDX,NIFTY,26-Sep-2024,17000,PE,0,0,0,103.7,0.95,0,0,0,0,12-JAN-2024,
OPTIDX,NIFTY,26-Sep-2024,18000,PE,0,0,0,229.25,5.85,0,0,0,0,12-JAN-2024,
OPTIDX,NIFTY,26-Sep-2024,19000,PE,0,0,0,239.55,25.9,0,0,2850,0,12-JAN-2024,
OPTIDX,NIFTY,26-Sep-2024,20000,PE,0,0,0,762.75,86.25,0,0,0,0,12-JAN-2024,
OPTIDX,NIFTY,26-Sep-2024,21000,PE,0,0,0,1201.1,227.1,0,0,0,0,12-JAN-2024,
OPTIDX,NIFTY,26-Sep-2024,22000,PE,0,0,0,1754.25,492.8,0,0,0,0,12-JAN-2024,
OPTIDX,NIFTY,26-Sep-2024,23000,PE,0,0,0,1055,913.6,0,0,50,0,12-JAN-2024,
OPTIDX,NIFTY,26-Sep-2024,24000,PE,0,0,0,3149.25,1493,0,0,0,0,12-JAN-2024,
OPTIDX,NIFTY,26-Sep-2024,25000,PE,0,0,0,3952.4,2208.75,0,0,0,0,12-JAN-2024,
OPTIDX,NIFTY,26-Sep-2024,26000,PE,0,0,0,4801.5,3025.4,0,0,0,0,12-JAN-2024,
OPTIDX,NIFTY,26-Sep-2024,27000,PE,0,0,0,5681.95,3907.1,0,0,0,0,12-JAN-2024,
OPTIDX,NIFTY,26-Dec-2024,14000,CE,0,0,0,8599,8769.6,0,0,100,0,12-JAN-2024,
OPTIDX,NIFTY,26-Dec-2024,15000,CE,0,0,0,7100,7832.15,0,0,2100,0,12-JAN-2024,
OPTIDX,NIFTY,26-Dec-2024,16000,CE,6628.75,6628.75,6628.75,6628.75,6895.05,1,11.31,22100,0,12-JAN-2024,
OPTIDX,NIFTY,26-Dec-2024,17000,CE,5685,5785,5685,5785,5959.75,4,45.47,21200,-200,12-JAN-2024,
OPTIDX,NIFTY,26-Dec-2024,18000,CE,4959.95,4960,4930,4930,5031.4,3,34.42,25600,0,12-JAN-2024,
OPTIDX,NIFTY,26-Dec-2024,18500,CE,0,0,0,4400,4573.25,0,0,1000,0,12-JAN-2024,
OPTIDX,NIFTY,26-Dec-2024,19000,CE,3965,4109,3965,4091.35,4091.35,6,69.15,69300,50,12-JAN-2024,
OPTIDX,NIFTY,26-Dec-2024,20000,CE,3158.1,3300,3158.1,3290.3,3290.3,40,465.07,76250,-250,12-JAN-2024,
OPTIDX,NIFTY,26-Dec-2024,21000,CE,2392.1,2581.1,2390,2556.45,2556.45,143,1680.46,128550,-800,12-JAN-2024,
OPTIDX,NIFTY,26-Dec-2024,22000,CE,1882.45,1910,1720.6,1868.45,1868.45,519,6186.63,140550,6550,12-JAN-2024,
OPTIDX,NIFTY,26-Dec-2024,23000,CE,1155,1295.95,1149.95,1261.05,1261.05,416,5037.37,162650,6050,12-JAN-2024,
OPTIDX,NIFTY,26-Dec-2024,24000,CE,709.95,813,704,783.25,783.25,400,4955.51,134300,9350,12-JAN-2024,
OPTIDX,NIFTY,26-Dec-2024,25000,CE,407.4,486.95,407.4,466.45,466.45,260,3309.88,165600,1900,12-JAN-2024,
OPTIDX,NIFTY,26-Dec-2024,26000,CE,248.5,280.3,246.05,271.45,271.45,237,3112.48,54750,1650,12-JAN-2024,
OPTIDX,NIFTY,26-Dec-2024,27000,CE,146.95,165,146.95,158.05,158.05,81,1099.9,29550,2450,12-JAN-2024,
OPTIDX,NIFTY,26-Dec-2024,14000,PE,0,0,0,20.5,0.05,0,0,3300,0,12-JAN-2024,
OPTIDX,NIFTY,26-Dec-2024,15000,PE,0,0,0,12.7,0.05,0,0,28300,0,12-JAN-2024,
OPTIDX,NIFTY,26-Dec-2024,16000,PE,26.6,26.6,26.6,26.6,26.6,2,16.02,13600,0,12-JAN-2024,
OPTIDX,NIFTY,26-Dec-2024,17000,PE,78.8,78.8,71.35,74.35,74.35,31,264.66,73500,-950,12-JAN-2024,
OPTIDX,NIFTY,26-Dec-2024,18000,PE,126.3,126.3,117.8,121.1,121.1,112,1014.77,248450,-1450,12-JAN-2024,
OPTIDX,NIFTY,26-Dec-2024,19000,PE,196,199.7,187.4,190.4,190.4,372,3569.74,433550,-750,12-JAN-2024,
OPTIDX,NIFTY,26-Dec-2024,20000,PE,322.25,326.9,311.25,314.8,314.8,908,9224.5,517400,5900,12-JAN-2024,
OPTIDX,NIFTY,26-Dec-2024,21000,PE,535,537.95,503.4,509.65,509.65,1322,14223.58,774450,36400,12-JAN-2024,
OPTIDX,NIFTY,26-Dec-2024,22000,PE,823,823,767,775.3,775.3,981,11175.18,244950,22300,12-JAN-2024,
OPTIDX,NIFTY,26-Dec-2024,23000,PE,1192.3,1200.85,1100,1118.05,1118.05,353,4261.48,88300,7200,12-JAN-2024,
OPTIDX,NIFTY,26-Dec-2024,24000,PE,1704.35,1708.6,1575,1587.5,1587.5,123,1575.3,18600,1700,12-JAN-2024,
OPTIDX,NIFTY,26-Dec-2024,25000,PE,2380,2380,2180,2190.95,2190.95,27,368.09,8950,450,12-JAN-2024,
OPTIDX,NIFTY,26-Dec-2024,26000,PE,0,0,0,7636.7,2757.4,0,0,0,0,12-JAN-2024,
OPTIDX,NIFTY,26-Dec-2024,27000,PE,0,0,0,4500,3570.4,0,0,50,0,12-JAN-2024,
OPTIDX,NIFTY,26-Jun-2025,17000,CE,0,0,0,4165.5,6492.25,0,0,2750,0,12-JAN-2024,
OPTIDX,NIFTY,26-Jun-2025,18000,CE,0,0,0,3934,5601.85,0,0,2200,0,12-JAN-2024,
OPTIDX,NIFTY,26-Jun-2025,19000,CE,0,0,0,3077.9,4733.35,0,0,0,0,12-JAN-2024,
OPTIDX,NIFTY,26-Jun-2025,20000,CE,0,0,0,3180.85,3903.7,0,0,0,0,12-JAN-2024,
OPTIDX,NIFTY,26-Jun-2025,21000,CE,0,0,0,3199.45,3133.2,0,0,0,0,12-JAN-2024,
OPTIDX,NIFTY,26-Jun-2025,22000,CE,0,0,0,2088.15,2441.95,0,0,0,0,12-JAN-2024,
OPTIDX,NIFTY,26-Jun-2025,23000,CE,0,0,0,2003.65,1845.45,0,0,0,0,12-JAN-2024,
OPTIDX,NIFTY,26-Jun-2025,24000,CE,0,0,0,1100.85,1351.45,0,0,0,0,12-JAN-2024,
OPTIDX,NIFTY,26-Jun-2025,25000,CE,0,0,0,945.65,959.15,0,0,0,0,12-JAN-2024,
OPTIDX,NIFTY,26-Jun-2025,26000,CE,0,0,0,811.85,660.15,0,0,0,0,12-JAN-2024,
OPTIDX,NIFTY,26-Jun-2025,27000,CE,0,0,0,803.5,441.1,0,0,0,0,12-JAN-2024,
OPTIDX,NIFTY,26-Jun-2025,14000,PE,0,0,0,42.35,0.05,0,0,675,0,12-JAN-2024,
OPTIDX,NIFTY,26-Jun-2025,15000,PE,0,0,0,134,0.4,0,0,1800,0,12-JAN-2024,
OPTIDX,NIFTY,26-Jun-2025,16000,PE,0,0,0,129.2,2,0,0,100,0,12-JAN-2024,
OPTIDX,NIFTY,26-Jun-2025,17000,PE,0,0,0,3497.35,7.65,0,0,0,0,12-JAN-2024,
OPTIDX,NIFTY,26-Jun-2025,18000,PE,0,0,0,3586.15,23.75,0,0,0,0,12-JAN-2024,
OPTIDX,NIFTY,26-Jun-2025,19000,PE,0,0,0,3210.95,61.7,0,0,0,0,12-JAN-2024,
OPTIDX,NIFTY,26-Jun-2025,20000,PE,0,0,0,305.2,138.5,0,0,400,0,12-JAN-2024,
OPTIDX,NIFTY,26-Jun-2025,21000,PE,0,0,0,3070.85,274.5,0,0,0,0,12-JAN-2024,
OPTIDX,NIFTY,26-Jun-2025,22000,PE,0,0,0,3957.4,489.7,0,0,0,0,12-JAN-2024,
OPTIDX,NIFTY,26-Jun-2025,23000,PE,0,0,0,1170,799.65,0,0,0,0,12-JAN-2024,
OPTIDX,NIFTY,26-Jun-2025,24000,PE,0,0,0,5875.1,1212.15,0,0,0,0,12-JAN-2024,
OPTIDX,NIFTY,26-Jun-2025,25000,PE,0,0,0,6576.35,1726.35,0,0,0,0,12-JAN-2024,
OPTIDX,NIFTY,26-Jun-2025,26000,PE,0,0,0,7299,2333.8,0,0,0,0,12-JAN-2024,
OPTIDX,NIFTY,26-Jun-2025,27000,PE,0,0,0,7438.15,3021.25,0,0,0,0,12-JAN-2024,
OPTIDX,NIFTY,24-Dec-2025,16000,CE,0,0,0,4700,7872.65,0,0,50,0,12-JAN-2024,
OPTIDX,NIFTY,24-Dec-2025,17000,CE,0,0,0,5080,7004.6,0,0,650,0,12-JAN-2024,
OPTIDX,NIFTY,24-Dec-2025,18000,CE,0,0,0,6099.95,6148.25,0,0,5650,0,12-JAN-2024,
OPTIDX,NIFTY,24-Dec-2025,19000,CE,0,0,0,4401,5313.3,0,0,3200,0,12-JAN-2024,
OPTIDX,NIFTY,24-Dec-2025,19500,CE,0,0,0,3672.95,4907.75,0,0,1250,0,12-JAN-2024,
OPTIDX,NIFTY,24-Dec-2025,20000,CE,0,0,0,3210,4512.55,0,0,300,0,12-JAN-2024,
OPTIDX,NIFTY,24-Dec-2025,21000,CE,0,0,0,1400,3760.65,0,0,100,0,12-JAN-2024,
OPTIDX,NIFTY,24-Dec-2025,22000,CE,2830,2830,2830,2830,3071.8,1,12.41,500,50,12-JAN-2024,
OPTIDX,NIFTY,24-Dec-2025,23000,CE,2300,2379,2300,2379,2379,13,164.88,2400,300,12-JAN-2024,
OPTIDX,NIFTY,24-Dec-2025,24000,CE,0,0,0,1396.05,1925.4,0,0,0,0,12-JAN-2024,
OPTIDX,NIFTY,24-Dec-2025,25000,CE,0,0,0,1222.85,1477.3,0,0,0,0,12-JAN-2024,
OPTIDX,NIFTY,24-Dec-2025,26000,CE,0,0,0,1070.85,1110.6,0,0,0,0,12-JAN-2024,
OPTIDX,NIFTY,24-Dec-2025,27000,CE,0,0,0,1071,818.65,0,0,0,0,12-JAN-2024,
OPTIDX,NIFTY,24-Dec-2025,13000,PE,0,0,0,400,0.05,0,0,150,0,12-JAN-2024,
OPTIDX,NIFTY,24-Dec-2025,15000,PE,0,0,0,62.15,1.15,0,0,1100,0,12-JAN-2024,
OPTIDX,NIFTY,24-Dec-2025,16000,PE,0,0,0,79,4.2,0,0,2550,0,12-JAN-2024,
OPTIDX,NIFTY,24-Dec-2025,16500,PE,0,0,0,38.15,7.45,0,0,2600,0,12-JAN-2024,
OPTIDX,NIFTY,24-Dec-2025,17000,PE,0,0,0,155.05,12.75,0,0,2400,0,12-JAN-2024,
OPTIDX,NIFTY,24-Dec-2025,18000,PE,0,0,0,60.55,33.05,0,0,3600,0,12-JAN-2024,
OPTIDX,NIFTY,24-Dec-2025,19000,PE,0,0,0,620.05,74.7,0,0,3800,0,12-JAN-2024,
OPTIDX,NIFTY,24-Dec-2025,20000,PE,0,0,0,500,150.6,0,0,4800,0,12-JAN-2024,
OPTIDX,NIFTY,24-Dec-2025,21000,PE,0,0,0,701,275.3,0,0,3200,0,12-JAN-2024,
OPTIDX,NIFTY,24-Dec-2025,22000,PE,0,0,0,1006.95,463.1,0,0,2150,0,12-JAN-2024,
OPTIDX,NIFTY,24-Dec-2025,23000,PE,790,790,790,790,725.55,1,11.89,50,50,12-JAN-2024,
OPTIDX,NIFTY,24-Dec-2025,24000,PE,0,0,0,5649,1069.95,0,0,0,0,12-JAN-2024,
OPTIDX,NIFTY,24-Dec-2025,25000,PE,0,0,0,6310.55,1498.5,0,0,0,0,12-JAN-2024,
OPTIDX,NIFTY,24-Dec-2025,26000,PE,0,0,0,6993.25,2008.45,0,0,0,0,12-JAN-2024,
OPTIDX,NIFTY,24-Dec-2025,27000,PE,0,0,0,7112.8,2593.1,0,0,0,0,12-JAN-2024,
OPTIDX,NIFTY,25-Jun-2026,12000,CE,0,0,0,8690,11725.05,0,0,50,0,12-JAN-2024,
OPTIDX,NIFTY,25-Jun-2026,17000,CE,0,0,0,4348.25,7504.75,0,0,0,0,12-JAN-2024,
OPTIDX,NIFTY,25-Jun-2026,18000,CE,0,0,0,4150,6679.7,0,0,200,0,12-JAN-2024,
OPTIDX,NIFTY,25-Jun-2026,19000,CE,0,0,0,2872.25,5874.4,0,0,100,0,12-JAN-2024,
OPTIDX,NIFTY,25-Jun-2026,20000,CE,0,0,0,3829.5,5098.9,0,0,0,0,12-JAN-2024,
OPTIDX,NIFTY,25-Jun-2026,21000,CE,0,0,0,3881.9,4364.15,0,0,0,0,12-JAN-2024,
OPTIDX,NIFTY,25-Jun-2026,22000,CE,0,0,0,2722.55,3680.95,0,0,0,0,12-JAN-2024,
OPTIDX,NIFTY,25-Jun-2026,23000,CE,0,0,0,2645.65,3058.4,0,0,0,0,12-JAN-2024,
OPTIDX,NIFTY,25-Jun-2026,24000,CE,0,0,0,1698.3,2503.05,0,0,0,0,12-JAN-2024,
OPTIDX,NIFTY,25-Jun-2026,25000,CE,0,0,0,1510.4,2018.05,0,0,0,0,12-JAN-2024,
OPTIDX,NIFTY,25-Jun-2026,26000,CE,0,0,0,1343.15,1603.4,0,0,0,0,12-JAN-2024,
OPTIDX,NIFTY,25-Jun-2026,27000,CE,0,0,0,1352.8,1256,0,0,0,0,12-JAN-2024,
OPTIDX,NIFTY,25-Jun-2026,12000,PE,0,0,0,10.05,0.05,0,0,500,0,12-JAN-2024,
OPTIDX,NIFTY,25-Jun-2026,13000,PE,0,0,0,45.25,0.1,0,0,200,0,12-JAN-2024,
OPTIDX,NIFTY,25-Jun-2026,14000,PE,0,0,0,300,0.55,0,0,100,0,12-JAN-2024,
OPTIDX,NIFTY,25-Jun-2026,15000,PE,0,0,0,105.5,2.1,0,0,850,0,12-JAN-2024,
OPTIDX,NIFTY,25-Jun-2026,16000,PE,0,0,0,54.8,6.45,0,0,500,0,12-JAN-2024,
OPTIDX,NIFTY,25-Jun-2026,17000,PE,0,0,0,2627.25,17,0,0,0,0,12-JAN-2024,
OPTIDX,NIFTY,25-Jun-2026,18000,PE,0,0,0,3088.05,39.4,0,0,0,0,12-JAN-2024,
OPTIDX,NIFTY,25-Jun-2026,19000,PE,0,0,0,140.45,81.6,0,0,100,0,12-JAN-2024,
OPTIDX,NIFTY,25-Jun-2026,20000,PE,0,0,0,3159.75,153.5,0,0,0,0,12-JAN-2024,
OPTIDX,NIFTY,25-Jun-2026,21000,PE,0,0,0,3065.6,266.25,0,0,0,0,12-JAN-2024,
OPTIDX,NIFTY,25-Jun-2026,22000,PE,0,0,0,3829.5,430.5,0,0,0,0,12-JAN-2024,
OPTIDX,NIFTY,25-Jun-2026,23000,PE,0,0,0,4171.75,655.4,0,0,0,0,12-JAN-2024,
OPTIDX,NIFTY,25-Jun-2026,24000,PE,0,0,0,5437.7,947.5,0,0,0,0,12-JAN-2024,
OPTIDX,NIFTY,25-Jun-2026,25000,PE,0,0,0,6063.1,1309.95,0,0,0,0,12-JAN-2024,
OPTIDX,NIFTY,25-Jun-2026,26000,PE,0,0,0,6709.2,1742.75,0,0,0,0,12-JAN-2024,
OPTIDX,NIFTY,25-Jun-2026,27000,PE,0,0,0,6810.7,2242.8,0,0,0,0,12-JAN-2024,
OPTIDX,NIFTY,31-Dec-2026,16000,CE,0,0,0,6200,8809.4,0,0,50,0,12-JAN-2024,
OPTIDX,NIFTY,31-Dec-2026,17000,CE,0,0,0,4955.1,8002.85,0,0,0,0,12-JAN-2024,
OPTIDX,NIFTY,31-Dec-2026,18000,CE,0,0,0,4501.45,7207.55,0,0,0,0,12-JAN-2024,
OPTIDX,NIFTY,31-Dec-2026,19000,CE,0,0,0,4999,6430.15,0,0,200,0,12-JAN-2024,
OPTIDX,NIFTY,31-Dec-2026,20000,CE,0,0,0,3704.3,5678.4,0,0,0,0,12-JAN-2024,
OPTIDX,NIFTY,31-Dec-2026,21000,CE,0,0,0,3356.25,4960.95,0,0,0,0,12-JAN-2024,
OPTIDX,NIFTY,31-Dec-2026,22000,CE,0,0,0,3039,4286.15,0,0,0,0,12-JAN-2024,
OPTIDX,NIFTY,31-Dec-2026,23000,CE,0,0,0,2020,3661.45,0,0,500,0,12-JAN-2024,
OPTIDX,NIFTY,31-Dec-2026,24000,CE,0,0,0,2010.65,3092.45,0,0,0,0,12-JAN-2024,
OPTIDX,NIFTY,31-Dec-2026,25000,CE,0,0,0,1811.2,2582.65,0,0,0,0,12-JAN-2024,
OPTIDX,NIFTY,31-Dec-2026,26000,CE,0,0,0,1631.05,2133.35,0,0,0,0,12-JAN-2024,
OPTIDX,NIFTY,31-Dec-2026,27000,CE,0,0,0,1651.65,1743.55,0,0,0,0,12-JAN-2024,
OPTIDX,NIFTY,31-Dec-2026,12000,PE,0,0,0,250.1,0.05,0,0,600,0,12-JAN-2024,
OPTIDX,NIFTY,31-Dec-2026,13000,PE,0,0,0,450,0.25,0,0,200,0,12-JAN-2024,
OPTIDX,NIFTY,31-Dec-2026,14000,PE,0,0,0,500,0.95,0,0,950,0,12-JAN-2024,
OPTIDX,NIFTY,31-Dec-2026,15000,PE,0,0,0,118.9,3.05,0,0,2200,0,12-JAN-2024,
OPTIDX,NIFTY,31-Dec-2026,16000,PE,0,0,0,73.05,8.45,0,0,2450,0,12-JAN-2024,
OPTIDX,NIFTY,31-Dec-2026,17000,PE,0,0,0,177.55,20.2,0,0,2700,0,12-JAN-2024,
OPTIDX,NIFTY,31-Dec-2026,18000,PE,0,0,0,374.15,43.3,0,0,6350,0,12-JAN-2024,
OPTIDX,NIFTY,31-Dec-2026,19000,PE,0,0,0,450,84.2,0,0,3200,0,12-JAN-2024,
OPTIDX,NIFTY,31-Dec-2026,20000,PE,0,0,0,250.85,150.85,0,0,3750,0,12-JAN-2024,
OPTIDX,NIFTY,31-Dec-2026,21000,PE,0,0,0,771.7,251.75,0,0,450,0,12-JAN-2024,
OPTIDX,NIFTY,31-Dec-2026,22000,PE,0,0,0,609.65,395.3,0,0,100,0,12-JAN-2024,
OPTIDX,NIFTY,31-Dec-2026,23000,PE,0,0,0,1151,588.95,0,0,5700,0,12-JAN-2024,
OPTIDX,NIFTY,31-Dec-2026,24000,PE,0,0,0,5233.45,838.3,0,0,0,0,12-JAN-2024,
OPTIDX,NIFTY,31-Dec-2026,25000,PE,0,0,0,5825.75,1146.85,0,0,0,0,12-JAN-2024,
OPTIDX,NIFTY,31-Dec-2026,26000,PE,0,0,0,6437.4,1515.85,0,0,0,0,12-JAN-2024,
OPTIDX,NIFTY,31-Dec-2026,27000,PE,0,0,0,6522.3,1944.4,0,0,0,0,12-JAN-2024,
OPTIDX,NIFTY,24-Jun-2027,17000,CE,0,0,0,4464.7,8447.85,0,0,0,0,12-JAN-2024,
OPTIDX,NIFTY,24-Jun-2027,18000,CE,0,0,0,4066.45,7678.4,0,0,0,0,12-JAN-2024,
OPTIDX,NIFTY,24-Jun-2027,19000,CE,0,0,0,3701.25,6925.05,0,0,100,0,12-JAN-2024,
OPTIDX,NIFTY,24-Jun-2027,20000,CE,0,0,0,3367.05,6194.15,0,0,0,0,12-JAN-2024,
OPTIDX,NIFTY,24-Jun-2027,21000,CE,0,0,0,3061.8,5492.65,0,0,0,0,12-JAN-2024,
OPTIDX,NIFTY,24-Jun-2027,22000,CE,0,0,0,2783.5,4827.5,0,0,0,0,12-JAN-2024,
OPTIDX,NIFTY,24-Jun-2027,23000,CE,0,0,0,2530.05,4204.75,0,0,0,0,12-JAN-2024,
OPTIDX,NIFTY,24-Jun-2027,24000,CE,0,0,0,2299.55,3629.5,0,0,0,0,12-JAN-2024,
OPTIDX,NIFTY,24-Jun-2027,25000,CE,0,0,0,2090.05,3105.1,0,0,0,0,12-JAN-2024,
OPTIDX,NIFTY,24-Jun-2027,26000,CE,0,0,0,1900.85,2633.45,0,0,0,0,12-JAN-2024,
OPTIDX,NIFTY,24-Jun-2027,27000,CE,0,0,0,1932.5,2214.6,0,0,0,0,12-JAN-2024,
OPTIDX,NIFTY,24-Jun-2027,17000,PE,0,0,0,1814.75,22.2,0,0,0,0,12-JAN-2024,
OPTIDX,NIFTY,24-Jun-2027,18000,PE,0,0,0,2188.9,45.1,0,0,0,0,12-JAN-2024,
OPTIDX,NIFTY,24-Jun-2027,19000,PE,0,0,0,223.05,84,0,0,200,0,12-JAN-2024,
OPTIDX,NIFTY,24-Jun-2027,20000,PE,0,0,0,3034.2,145.35,0,0,0,0,12-JAN-2024,
OPTIDX,NIFTY,24-Jun-2027,21000,PE,0,0,0,3501.35,236.2,0,0,0,0,12-JAN-2024,
OPTIDX,NIFTY,24-Jun-2027,22000,PE,0,0,0,3995.4,363.3,0,0,0,0,12-JAN-2024,
OPTIDX,NIFTY,24-Jun-2027,23000,PE,0,0,0,4514.3,532.85,0,0,0,0,12-JAN-2024,
OPTIDX,NIFTY,24-Jun-2027,24000,PE,0,0,0,5056.2,749.9,0,0,0,0,12-JAN-2024,
OPTIDX,NIFTY,24-Jun-2027,25000,PE,0,0,0,5619.05,1017.8,0,0,0,0,12-JAN-2024,
OPTIDX,NIFTY,24-Jun-2027,26000,PE,0,0,0,6202.2,1338.4,0,0,0,0,12-JAN-2024,
OPTIDX,NIFTY,24-Jun-2027,27000,PE,0,0,0,6273.45,1711.9,0,0,0,0,12-JAN-2024,
OPTIDX,NIFTY,30-Dec-2027,17000,CE,0,0,0,6805.5,8911.7,0,0,0,0,12-JAN-2024,
OPTIDX,NIFTY,30-Dec-2027,18000,CE,0,0,0,6285.7,8168.7,0,0,0,0,12-JAN-2024,
OPTIDX,NIFTY,30-Dec-2027,19000,CE,0,0,0,5794.9,7439.95,0,0,0,0,12-JAN-2024,
OPTIDX,NIFTY,30-Dec-2027,20000,CE,0,0,0,5333.85,6730.7,0,0,0,0,12-JAN-2024,
OPTIDX,NIFTY,30-Dec-2027,21000,CE,0,0,0,4902.4,6046.6,0,0,0,0,12-JAN-2024,
OPTIDX,NIFTY,30-Dec-2027,22000,CE,0,0,0,4499.55,5393.25,0,0,0,0,12-JAN-2024,
OPTIDX,NIFTY,30-Dec-2027,23000,CE,0,0,0,4125.7,4775.8,0,0,0,0,12-JAN-2024,
OPTIDX,NIFTY,30-Dec-2027,24000,CE,0,0,0,3778.95,4198.65,0,0,0,0,12-JAN-2024,
OPTIDX,NIFTY,30-Dec-2027,25000,CE,0,0,0,3458.35,3665.05,0,0,0,0,12-JAN-2024,
OPTIDX,NIFTY,30-Dec-2027,26000,CE,0,0,0,3162.4,3177,0,0,0,0,12-JAN-2024,
OPTIDX,NIFTY,30-Dec-2027,27000,CE,0,0,0,2889.8,2735.4,0,0,0,0,12-JAN-2024,
OPTIDX,NIFTY,30-Dec-2027,15000,PE,0,0,0,86.75,4.65,0,0,350,0,12-JAN-2024,
OPTIDX,NIFTY,30-Dec-2027,17000,PE,0,0,0,514,23.45,0,0,14250,0,12-JAN-2024,
OPTIDX,NIFTY,30-Dec-2027,18000,PE,0,0,0,74.8,45.55,0,0,10500,0,12-JAN-2024,
OPTIDX,NIFTY,30-Dec-2027,19000,PE,0,0,0,760,81.85,0,0,700,0,12-JAN-2024,
OPTIDX,NIFTY,30-Dec-2027,20000,PE,0,0,0,811,137.65,0,0,2350,0,12-JAN-2024,
OPTIDX,NIFTY,30-Dec-2027,21000,PE,0,0,0,1563.55,218.6,0,0,0,0,12-JAN-2024,
OPTIDX,NIFTY,30-Dec-2027,22000,PE,0,0,0,1867.9,330.35,0,0,0,0,12-JAN-2024,
OPTIDX,NIFTY,30-Dec-2027,23000,PE,0,0,0,2201.3,478,0,0,0,0,12-JAN-2024,
OPTIDX,NIFTY,30-Dec-2027,24000,PE,0,0,0,2561.85,665.95,0,0,0,0,12-JAN-2024,
OPTIDX,NIFTY,30-Dec-2027,25000,PE,0,0,0,2948.45,897.4,0,0,0,0,12-JAN-2024,
OPTIDX,NIFTY,30-Dec-2027,26000,PE,0,0,0,3359.75,1174.45,0,0,0,0,12-JAN-2024,
OPTIDX,NIFTY,30-Dec-2027,27000,PE,0,0,0,3794.4,1497.9,0,0,0,0,12-JAN-2024,
OPTIDX,NIFTY,29-Jun-2028,17000,CE,0,0,0,7393.45,9342.7,0,0,0,0,12-JAN-2024,
OPTIDX,NIFTY,29-Jun-2028,18000,CE,0,0,0,6809.35,8623.95,0,0,0,0,12-JAN-2024,
OPTIDX,NIFTY,29-Jun-2028,19000,CE,0,0,0,6252.25,7917.85,0,0,0,0,12-JAN-2024,
OPTIDX,NIFTY,29-Jun-2028,20000,CE,0,0,0,5724.65,7228.8,0,0,0,0,12-JAN-2024,
OPTIDX,NIFTY,29-Jun-2028,21000,CE,0,0,0,5226.55,6561.5,0,0,0,0,12-JAN-2024,
OPTIDX,NIFTY,29-Jun-2028,22000,CE,0,0,0,4759.5,5920.6,0,0,0,0,12-JAN-2024,
OPTIDX,NIFTY,29-Jun-2028,23000,CE,0,0,0,4323.1,5310.6,0,0,0,0,12-JAN-2024,
OPTIDX,NIFTY,29-Jun-2028,24000,CE,0,0,0,3918.85,4735.2,0,0,0,0,12-JAN-2024,
OPTIDX,NIFTY,29-Jun-2028,25000,CE,0,0,0,3545.15,4197.5,0,0,0,0,12-JAN-2024,
OPTIDX,NIFTY,29-Jun-2028,26000,CE,0,0,0,3200.9,3699.55,0,0,0,0,12-JAN-2024,
OPTIDX,NIFTY,29-Jun-2028,27000,CE,0,0,0,2885.15,3242.6,0,0,0,0,12-JAN-2024,
OPTIDX,NIFTY,29-Jun-2028,17000,PE,0,0,0,283.1,23.95,0,0,0,0,12-JAN-2024,
OPTIDX,NIFTY,29-Jun-2028,18000,PE,0,0,0,396.75,44.95,0,0,0,0,12-JAN-2024,
OPTIDX,NIFTY,29-Jun-2028,19000,PE,0,0,0,537.45,78.6,0,0,0,0,12-JAN-2024,
OPTIDX,NIFTY,29-Jun-2028,20000,PE,0,0,0,707.55,129.3,0,0,0,0,12-JAN-2024,
OPTIDX,NIFTY,29-Jun-2028,21000,PE,0,0,0,907.2,201.75,0,0,0,0,12-JAN-2024,
OPTIDX,NIFTY,29-Jun-2028,22000,PE,0,0,0,1137.9,300.65,0,0,0,0,12-JAN-2024,
OPTIDX,NIFTY,29-Jun-2028,23000,PE,0,0,0,1399.25,430.4,0,0,0,0,12-JAN-2024,
OPTIDX,NIFTY,29-Jun-2028,24000,PE,0,0,0,1692.75,594.75,0,0,0,0,12-JAN-2024,
OPTIDX,NIFTY,29-Jun-2028,25000,PE,0,0,0,2016.8,796.8,0,0,0,0,12-JAN-2024,
OPTIDX,NIFTY,29-Jun-2028,26000,PE,0,0,0,2370.3,1038.6,0,0,0,0,12-JAN-2024,
OPTIDX,NIFTY,29-Jun-2028,27000,PE,0,0,0,2752.35,1321.35,0,0,0,0,12-JAN-2024,
OPTIDX,NIFTY,28-Dec-2028,17000,CE,0,0,0,10036.4,9758.9,0,0,0,0,12-JAN-2024,
OPTIDX,NIFTY,28-Dec-2028,18000,CE,0,0,0,9380.3,9063.35,0,0,0,0,12-JAN-2024,
OPTIDX,NIFTY,28-Dec-2028,19000,CE,0,0,0,8739,8379.1,0,0,0,0,12-JAN-2024,
OPTIDX,NIFTY,28-Dec-2028,20000,CE,0,0,0,8115.5,7709.75,0,0,0,0,12-JAN-2024,
OPTIDX,NIFTY,28-Dec-2028,21000,CE,0,0,0,7512.5,7059.3,0,0,0,0,12-JAN-2024,
OPTIDX,NIFTY,28-Dec-2028,22000,CE,0,0,0,6932.45,6431.75,0,0,0,0,12-JAN-2024,
OPTIDX,NIFTY,28-Dec-2028,23000,CE,0,0,0,6377.6,5830.8,0,0,0,0,12-JAN-2024,
OPTIDX,NIFTY,28-Dec-2028,24000,CE,0,0,0,5850.3,5259.8,0,0,0,0,12-JAN-2024,
OPTIDX,NIFTY,28-Dec-2028,25000,CE,0,0,0,5350.4,4721.55,0,0,0,0,12-JAN-2024,
OPTIDX,NIFTY,28-Dec-2028,26000,CE,0,0,0,4879.7,4218.15,0,0,0,0,12-JAN-2024,
OPTIDX,NIFTY,28-Dec-2028,27000,CE,0,0,0,4437.95,3750.85,0,0,0,0,12-JAN-2024,
OPTIDX,NIFTY,28-Dec-2028,17000,PE,0,0,0,66.15,23.9,0,0,0,0,12-JAN-2024,
OPTIDX,NIFTY,28-Dec-2028,18000,PE,0,0,0,104.65,43.65,0,0,0,0,12-JAN-2024,
OPTIDX,NIFTY,28-Dec-2028,19000,PE,0,0,0,158,74.65,0,0,0,0,12-JAN-2024,
OPTIDX,NIFTY,28-Dec-2028,20000,PE,0,0,0,229.1,120.6,0,0,0,0,12-JAN-2024,
OPTIDX,NIFTY,28-Dec-2028,21000,PE,0,0,0,320.7,185.4,0,0,0,0,12-JAN-2024,
OPTIDX,NIFTY,28-Dec-2028,22000,PE,0,0,0,435.3,273.1,0,0,0,0,12-JAN-2024,
OPTIDX,NIFTY,28-Dec-2028,23000,PE,0,0,0,575.05,387.45,0,0,0,0,12-JAN-2024,
OPTIDX,NIFTY,28-Dec-2028,24000,PE,0,0,0,742.35,531.75,0,0,0,0,12-JAN-2024,
OPTIDX,NIFTY,28-Dec-2028,25000,PE,0,0,0,937.05,708.75,0,0,0,0,12-JAN-2024,
OPTIDX,NIFTY,28-Dec-2028,26000,PE,0,0,0,1160.95,920.6,0,0,0,0,12-JAN-2024,
OPTIDX,NIFTY,28-Dec-2028,27000,PE,0,0,0,1413.85,1168.6,0,0,0,0,12-JAN-2024,
