INSTRUMENT,SYMBOL,EXPIRY_DT,STRIKE_PR,OPTION_TYP,OPEN,HIGH,LOW,CLOSE,SETTLE_PR,CONTRACTS,VAL_INLAKH,OPEN_INT,CHG_IN_OI,TIMESTAMP,
FUTIDX,NIFTY,29-Feb-2024,0,XX,21905.6,22088.65,21662,21697.85,21697.85,134426,1462199.32,11851500,166600,12-FEB-2024,
FUTIDX,NIFTY,28-Mar-2024,0,XX,21949.4,22041.1,21813.4,21842,21842,10891,119208.38,971800,-27600,12-FEB-2024,
FUTIDX,NIFTY,25-Apr-2024,0,XX,22150.95,22179.5,21966,21992.2,21992.2,2530,27889.64,361150,4450,12-FEB-2024,
OPTIDX,NIFTY,15-Feb-2024,19500,CE,2100,2190,2100,2110.15,2110.15,5,54.05,2400,50,12-FEB-2024,
OPTIDX,NIFTY,15-Feb-2024,19550,CE,0,0,0,2143.2,2076.9,0,0,100,0,12-FEB-2024,
OPTIDX,NIFTY,15-Feb-2024,19600,CE,2225,2225,2225,2225,2026.9,1,10.91,550,50,12-FEB-2024,
OPTIDX,NIFTY,15-Feb-2024,19650,CE,0,0,0,2137.7,1976.95,0,0,0,0,12-FEB-2024,
OPTIDX,NIFTY,15-Feb-2024,19700,CE,2000,2000,2000,2000,1927,1,10.85,900,-50,12-FEB-2024,
OPTIDX,NIFTY,15-Feb-2024,19750,CE,0,0,0,2096,1877,0,0,50,0,12-FEB-2024,
OPTIDX,NIFTY,15-Feb-2024,19800,CE,0,0,0,1970.45,1827.05,0,0,1500,0,12-FEB-2024,
OPTIDX,NIFTY,15-Feb-2024,19850,CE,0,0,0,1900,1777.05,0,0,250,0,12-FEB-2024,
OPTIDX,NIFTY,15-Feb-2024,19900,CE,0,0,0,1885,1727.1,0,0,500,0,12-FEB-2024,
OPTIDX,NIFTY,15-Feb-2024,19950,CE,0,0,0,1891,1677.1,0,0,700,0,12-FEB-2024,
OPTIDX,NIFTY,15-Feb-2024,20000,CE,1678.35,1714.55,1600,1606.65,1606.65,13,140.67,19700,-400,12-FEB-2024,
OPTIDX,NIFTY,15-Feb-2024,20050,CE,0,0,0,1748.8,1577.15,0,0,0,0,12-FEB-2024,
OPTIDX,NIFTY,15-Feb-2024,20100,CE,1555.9,1555.9,1533.9,1533.9,1527.2,9,97.37,1000,350,12-FEB-2024,
OPTIDX,NIFTY,15-Feb-2024,20150,CE,0,0,0,1650,1477.25,0,0,1450,0,12-FEB-2024,
OPTIDX,NIFTY,15-Feb-2024,20200,CE,1529.45,1529.45,1495.85,1495.85,1427.25,2,21.71,11650,50,12-FEB-2024,
OPTIDX,NIFTY,15-Feb-2024,20250,CE,0,0,0,1476.6,1377.3,0,0,1950,0,12-FEB-2024,
OPTIDX,NIFTY,15-Feb-2024,20300,CE,1306.6,1329.45,1289.9,1289.9,1289.9,20,216.09,3050,950,12-FEB-2024,
OPTIDX,NIFTY,15-Feb-2024,20350,CE,0,0,0,1500,1277.35,0,0,300,0,12-FEB-2024,
OPTIDX,NIFTY,15-Feb-2024,20400,CE,1389.95,1389.95,1201,1201,1201,10,108.34,3400,-150,12-FEB-2024,
OPTIDX,NIFTY,15-Feb-2024,20450,CE,1375,1375,1185,1185,1177.4,33,357.75,2250,-1350,12-FEB-2024,
OPTIDX,NIFTY,15-Feb-2024,20500,CE,1197.55,1231.25,1104.5,1154.1,1154.1,90,974.49,33950,-1050,12-FEB-2024,
OPTIDX,NIFTY,15-Feb-2024,20550,CE,1111.65,1155,1091.25,1155,1077.45,12,130.17,600,0,12-FEB-2024,
OPTIDX,NIFTY,15-Feb-2024,20600,CE,1229.95,1230,997.3,997.3,997.3,8,86.94,1050,50,12-FEB-2024,
OPTIDX,NIFTY,15-Feb-2024,20650,CE,1030,1090,960,977,977.5,8,86.76,650,-300,12-FEB-2024,
OPTIDX,NIFTY,15-Feb-2024,20700,CE,1129.95,1130,898.1,950.95,927.55,15,163.03,11000,0,12-FEB-2024,
OPTIDX,NIFTY,15-Feb-2024,20750,CE,990,990,881.3,893.5,877.55,5,54.19,4850,0,12-FEB-2024,
OPTIDX,NIFTY,15-Feb-2024,20800,CE,1000.05,1000.05,809,815,815,38,412.31,15550,-550,12-FEB-2024,
OPTIDX,NIFTY,15-Feb-2024,20850,CE,945.3,970,756,756.1,756.1,8,86.82,450,-100,12-FEB-2024,
OPTIDX,NIFTY,15-Feb-2024,20900,CE,900,900,711.3,731.4,731.4,145,1574.34,6650,-1900,12-FEB-2024,
OPTIDX,NIFTY,15-Feb-2024,20950,CE,721.1,725,655.95,685.9,685.9,18,194.86,550,300,12-FEB-2024,
OPTIDX,NIFTY,15-Feb-2024,21000,CE,801.4,842.65,599,642.3,642.3,4189,45401.36,243950,29200,12-FEB-2024,
OPTIDX,NIFTY,15-Feb-2024,21050,CE,729.9,783.7,561.55,592.75,592.75,1170,12663.06,8150,4500,12-FEB-2024,
OPTIDX,NIFTY,15-Feb-2024,21100,CE,689.05,732,509,537.75,537.75,1721,18661.25,45050,6900,12-FEB-2024,
OPTIDX,NIFTY,15-Feb-2024,21150,CE,647.05,686.45,465.35,497.55,497.55,496,5374.75,7800,-600,12-FEB-2024,
OPTIDX,NIFTY,15-Feb-2024,21200,CE,630,635,422,446.1,446.1,3840,41633.44,103300,34150,12-FEB-2024,
OPTIDX,NIFTY,15-Feb-2024,21250,CE,577.05,593.45,380.3,410.8,410.8,3160,34243.79,17450,-1950,12-FEB-2024,
OPTIDX,NIFTY,15-Feb-2024,21300,CE,534.05,546.7,339.6,364.6,364.6,10822,117384.2,178850,44600,12-FEB-2024,
OPTIDX,NIFTY,15-Feb-2024,21350,CE,500.05,501.9,301.15,324.65,324.65,4614,50067.14,42750,22100,12-FEB-2024,
OPTIDX,NIFTY,15-Feb-2024,21400,CE,455.95,458.65,263.8,284.4,284.4,42250,458726.08,324250,169800,12-FEB-2024,
OPTIDX,NIFTY,15-Feb-2024,21450,CE,400,416.3,229,250.1,250.1,23120,251123.8,81900,41350,12-FEB-2024,
OPTIDX,NIFTY,15-Feb-2024,21500,CE,369.95,376.15,196,215.05,215.05,243278,2644766.59,840900,312650,12-FEB-2024,
OPTIDX,NIFTY,15-Feb-2024,21550,CE,302.85,332,166.35,183.1,183.1,157241,1710300.1,319300,222500,12-FEB-2024,
OPTIDX,NIFTY,15-Feb-2024,21600,CE,226,295,139.2,155.3,155.3,1038833,11310677.31,2377500,1785100,12-FEB-2024,
OPTIDX,NIFTY,15-Feb-2024,21650,CE,257.35,257.35,115.6,131.3,131.3,1133748,12357762.4,2071350,1565550,12-FEB-2024,
OPTIDX,NIFTY,15-Feb-2024,21700,CE,220.4,231.95,95.05,107.05,107.05,2294198,25044085.03,5730550,3347800,12-FEB-2024,
OPTIDX,NIFTY,15-Feb-2024,21750,CE,180,201.6,77.4,87.85,87.85,1241578,13573070.13,2562650,1241900,12-FEB-2024,
OPTIDX,NIFTY,15-Feb-2024,21800,CE,161.1,173.9,61.95,70.2,70.2,2413971,26428915.38,6618200,2937500,12-FEB-2024,
OPTIDX,NIFTY,15-Feb-2024,21850,CE,126,143.85,49.15,55.85,55.85,929582,10191464.02,2192300,1200750,12-FEB-2024,
OPTIDX,NIFTY,15-Feb-2024,21900,CE,111.2,117.05,38.1,43.55,43.55,1687791,18531026.9,5935900,3291600,12-FEB-2024,
OPTIDX,NIFTY,15-Feb-2024,21950,CE,83.75,94.85,29.8,33.9,33.9,767169,8437367.4,2028950,760150,12-FEB-2024,
OPTIDX,NIFTY,15-Feb-2024,22000,CE,70,76,23.05,26.2,26.2,1735450,19121296.47,8748800,1690500,12-FEB-2024,
OPTIDX,NIFTY,15-Feb-2024,22050,CE,55.3,60,17.5,19.85,19.85,685678,7569091.1,1564900,432850,12-FEB-2024,
OPTIDX,NIFTY,15-Feb-2024,22100,CE,40.2,47.95,13.2,14.8,14.8,1143371,12646172.2,4304950,1161250,12-FEB-2024,
OPTIDX,NIFTY,15-Feb-2024,22150,CE,32,38,9.85,11,11,664928,7369191.38,2154550,1156800,12-FEB-2024,
OPTIDX,NIFTY,15-Feb-2024,22200,CE,21.85,28.1,7.4,8.25,8.25,1145220,12718684.8,6277850,2324850,12-FEB-2024,
OPTIDX,NIFTY,15-Feb-2024,22250,CE,18.3,21.2,5.65,6.25,6.25,752736,8377294.93,2931200,967000,12-FEB-2024,
OPTIDX,NIFTY,15-Feb-2024,22300,CE,13.5,16.2,4.45,4.95,4.95,936345,10443349.44,4916250,2431900,12-FEB-2024,
OPTIDX,NIFTY,15-Feb-2024,22350,CE,11,12.4,3.75,4.1,4.1,482623,5394596.08,1467100,-193200,12-FEB-2024,
OPTIDX,NIFTY,15-Feb-2024,22400,CE,7.4,8.7,3.2,3.45,3.45,755075,8458429.56,4249950,1303500,12-FEB-2024,
OPTIDX,NIFTY,15-Feb-2024,22450,CE,5.3,7.05,2.8,3.1,3.1,362388,4068434.04,1702950,483000,12-FEB-2024,
OPTIDX,NIFTY,15-Feb-2024,22500,CE,3.85,5,2.45,2.8,2.8,852106,9587462.81,7363900,2518650,12-FEB-2024,
OPTIDX,NIFTY,15-Feb-2024,22550,CE,3.4,4,2.1,2.4,2.4,192337,2168842.39,1290100,-106500,12-FEB-2024,
OPTIDX,NIFTY,15-Feb-2024,22600,CE,2.5,3.2,1.9,2.25,2.25,420860,4756192.81,3320000,-188050,12-FEB-2024,
OPTIDX,NIFTY,15-Feb-2024,22650,CE,2.5,2.95,1.8,2.25,2.25,178139,2017615.66,2016650,-277950,12-FEB-2024,
OPTIDX,NIFTY,15-Feb-2024,22700,CE,2.25,2.6,1.7,2.05,2.05,430802,4890028.03,3824650,-1032350,12-FEB-2024,
OPTIDX,NIFTY,15-Feb-2024,22750,CE,1.85,2.45,1.55,1.9,1.9,64411,732734.51,631300,-110750,12-FEB-2024,
OPTIDX,NIFTY,15-Feb-2024,22800,CE,1.65,2.2,1.45,1.85,1.85,278777,3178303.07,2246000,214050,12-FEB-2024,
OPTIDX,NIFTY,15-Feb-2024,22850,CE,1.65,2.2,1.4,1.8,1.8,52366,598325.49,511200,-28850,12-FEB-2024,
OPTIDX,NIFTY,15-Feb-2024,22900,CE,1.55,2.1,1.35,1.75,1.75,159444,1825764.75,1003450,173300,12-FEB-2024,
OPTIDX,NIFTY,15-Feb-2024,22950,CE,1.25,2,1.25,1.7,1.7,43322,497153.83,286350,-20100,12-FEB-2024,
OPTIDX,NIFTY,15-Feb-2024,23000,CE,1.45,1.95,1.25,1.65,1.65,398549,4583608.63,5372450,-30450,12-FEB-2024,
OPTIDX,NIFTY,15-Feb-2024,23050,CE,1.45,1.8,1.05,1.55,1.55,29135,335801.4,150600,-16150,12-FEB-2024,
OPTIDX,NIFTY,15-Feb-2024,23100,CE,1.35,1.7,1.1,1.55,1.55,94322,1089482.17,1149150,-27100,12-FEB-2024,
OPTIDX,NIFTY,15-Feb-2024,23150,CE,1.2,1.6,0.8,1.35,1.35,35290,408503.27,263450,-44150,12-FEB-2024,
OPTIDX,NIFTY,15-Feb-2024,23200,CE,1.15,1.6,0.95,1.35,1.35,114684,1330401.77,587750,-1250,12-FEB-2024,
OPTIDX,NIFTY,15-Feb-2024,23250,CE,1,1.95,0.8,1.25,1.25,41645,484145.94,348400,-14050,12-FEB-2024,
OPTIDX,NIFTY,15-Feb-2024,23300,CE,1,1.45,0.85,1.3,1.3,72034,839234.08,416050,-212100,12-FEB-2024,
OPTIDX,NIFTY,15-Feb-2024,23350,CE,0.85,2.05,0.75,1.2,1.2,24974,291583.79,183000,-36700,12-FEB-2024,
OPTIDX,NIFTY,15-Feb-2024,23400,CE,0.95,1.45,0.75,1.3,1.3,50646,592583.85,519800,123900,12-FEB-2024,
OPTIDX,NIFTY,15-Feb-2024,23450,CE,0.9,1.55,0.75,1.3,1.3,7718,90497.61,112450,37800,12-FEB-2024,
OPTIDX,NIFTY,15-Feb-2024,23500,CE,0.75,1.55,0.7,1.3,1.3,191143,2246026.48,3242850,759200,12-FEB-2024,
OPTIDX,NIFTY,15-Feb-2024,23550,CE,0.85,1.65,0.7,1.15,1.15,11939,140587.69,266300,59750,12-FEB-2024,
OPTIDX,NIFTY,15-Feb-2024,23600,CE,0.8,1.65,0.7,1.2,1.2,47741,563368.81,744000,477500,12-FEB-2024,
OPTIDX,NIFTY,15-Feb-2024,23650,CE,0.75,1.5,0.65,1.15,1.15,9089,107481.74,161800,2950,12-FEB-2024,
OPTIDX,NIFTY,15-Feb-2024,23700,CE,0.6,1.55,0.6,1.25,1.25,85532,1013595.42,1325300,528900,12-FEB-2024,
OPTIDX,NIFTY,15-Feb-2024,23750,CE,0.8,1.35,0.65,1.15,1.15,5318,63153.74,112650,14300,12-FEB-2024,
OPTIDX,NIFTY,15-Feb-2024,23800,CE,0.7,1.4,0.65,1.2,1.2,92481,1100563.94,2104950,215050,12-FEB-2024,
OPTIDX,NIFTY,15-Feb-2024,23850,CE,0.7,1.4,0.65,1.15,1.15,53822,641849.91,1836950,50950,12-FEB-2024,
OPTIDX,NIFTY,15-Feb-2024,19500,PE,0.75,0.75,0.45,0.5,0.5,126156,1230055.22,4895150,938500,12-FEB-2024,
OPTIDX,NIFTY,15-Feb-2024,19550,PE,0.65,0.7,0.45,0.45,0.45,13764,134546.69,356650,122400,12-FEB-2024,
OPTIDX,NIFTY,15-Feb-2024,19600,PE,0.7,0.75,0.45,0.5,0.5,22290,218448.15,560450,21800,12-FEB-2024,
OPTIDX,NIFTY,15-Feb-2024,19650,PE,0.7,0.75,0.45,0.5,0.5,9488,93222.41,204150,15000,12-FEB-2024,
OPTIDX,NIFTY,15-Feb-2024,19700,PE,0.85,0.95,0.55,0.65,0.65,8309,81846.52,155600,31250,12-FEB-2024,
OPTIDX,NIFTY,15-Feb-2024,19750,PE,0.95,0.95,0.5,0.65,0.65,5359,52921.93,85750,60700,12-FEB-2024,
OPTIDX,NIFTY,15-Feb-2024,19800,PE,0.8,0.95,0.55,0.65,0.65,20971,207620.97,324550,-51300,12-FEB-2024,
OPTIDX,NIFTY,15-Feb-2024,19850,PE,0.9,1.8,0.5,0.6,0.6,14609,144999.19,499850,457700,12-FEB-2024,
OPTIDX,NIFTY,15-Feb-2024,19900,PE,1.1,1.1,0.6,0.7,0.7,19399,193028.21,213100,24100,12-FEB-2024,
OPTIDX,NIFTY,15-Feb-2024,19950,PE,1.05,1.2,0.5,0.6,0.6,8974,89519.11,121450,58900,12-FEB-2024,
OPTIDX,NIFTY,15-Feb-2024,20000,PE,1.15,1.2,0.65,0.75,0.75,137726,1377321.49,2166000,365700,12-FEB-2024,
OPTIDX,NIFTY,15-Feb-2024,20050,PE,1.1,1.25,0.6,0.7,0.7,18994,190423.92,90650,57150,12-FEB-2024,
OPTIDX,NIFTY,15-Feb-2024,20100,PE,1.1,1.25,0.6,0.7,0.7,28709,288538.83,158100,9000,12-FEB-2024,
OPTIDX,NIFTY,15-Feb-2024,20150,PE,1.05,1.25,0.65,0.7,0.7,18194,183312.9,166850,58450,12-FEB-2024,
OPTIDX,NIFTY,15-Feb-2024,20200,PE,1.3,1.3,0.7,0.75,0.75,60421,610280.84,487150,36900,12-FEB-2024,
OPTIDX,NIFTY,15-Feb-2024,20250,PE,1.2,1.3,0.65,0.75,0.75,15183,153735.32,113400,40650,12-FEB-2024,
OPTIDX,NIFTY,15-Feb-2024,20300,PE,1.3,1.35,0.8,0.85,0.85,86861,881682.6,1003650,320000,12-FEB-2024,
OPTIDX,NIFTY,15-Feb-2024,20350,PE,1.35,1.45,0.8,0.9,0.9,23197,236042.12,120150,22900,12-FEB-2024,
OPTIDX,NIFTY,15-Feb-2024,20400,PE,1.5,1.7,0.9,1,1,67366,687171.92,521850,-44050,12-FEB-2024,
OPTIDX,NIFTY,15-Feb-2024,20450,PE,1.5,1.5,0.95,1,1,32775,335143.68,196900,10550,12-FEB-2024,
OPTIDX,NIFTY,15-Feb-2024,20500,PE,1.55,1.7,1.1,1.15,1.15,416566,4270081,3467750,91650,12-FEB-2024,
OPTIDX,NIFTY,15-Feb-2024,20550,PE,1.25,1.8,1.05,1.15,1.15,65316,671168.15,361650,-10350,12-FEB-2024,
OPTIDX,NIFTY,15-Feb-2024,20600,PE,1.75,2.05,1.2,1.3,1.3,272954,2811635.93,1563600,270250,12-FEB-2024,
OPTIDX,NIFTY,15-Feb-2024,20650,PE,1.95,2.7,1.3,1.5,1.5,124799,1288660.29,636900,-239300,12-FEB-2024,
OPTIDX,NIFTY,15-Feb-2024,20700,PE,2.25,3.45,1.45,1.8,1.8,460810,4769866.93,2180050,272350,12-FEB-2024,
OPTIDX,NIFTY,15-Feb-2024,20750,PE,3,4.45,1.6,2.25,2.25,172520,1790117.59,953400,417750,12-FEB-2024,
OPTIDX,NIFTY,15-Feb-2024,20800,PE,2.8,6,1.85,2.95,2.95,824532,8576418.93,5311100,2018750,12-FEB-2024,
OPTIDX,NIFTY,15-Feb-2024,20850,PE,3.5,7.7,2.45,3.95,3.95,337175,3515765.48,915750,286800,12-FEB-2024,
OPTIDX,NIFTY,15-Feb-2024,20900,PE,4.4,9.9,3,5.1,5.1,618921,6469360.67,2618650,649400,12-FEB-2024,
OPTIDX,NIFTY,15-Feb-2024,20950,PE,5.55,12.7,3.6,6.65,6.65,314287,3293200.98,882100,254500,12-FEB-2024,
OPTIDX,NIFTY,15-Feb-2024,21000,PE,7.1,16.2,5,9,9,1024335,10759885.69,5356600,899650,12-FEB-2024,
OPTIDX,NIFTY,15-Feb-2024,21050,PE,8.55,20,5.7,11.15,11.15,438152,4613807.99,579050,130800,12-FEB-2024,
OPTIDX,NIFTY,15-Feb-2024,21100,PE,10,24.85,7.2,14.3,14.3,756155,7982425.81,2063650,351450,12-FEB-2024,
OPTIDX,NIFTY,15-Feb-2024,21150,PE,13.55,30.75,8.7,18.55,18.55,431317,4564767.2,652150,-265300,12-FEB-2024,
OPTIDX,NIFTY,15-Feb-2024,21200,PE,14.9,37.9,10.05,23.5,23.5,905018,9602521.08,2264000,89100,12-FEB-2024,
OPTIDX,NIFTY,15-Feb-2024,21250,PE,14,46.6,13.85,29.85,29.85,510976,5435909.52,1037250,467200,12-FEB-2024,
OPTIDX,NIFTY,15-Feb-2024,21300,PE,19.5,56.35,15,37.15,37.15,1105249,11788705.97,3022700,1035250,12-FEB-2024,
OPTIDX,NIFTY,15-Feb-2024,21350,PE,25,68.3,20.6,46.45,46.45,583153,6236927.64,831700,239800,12-FEB-2024,
OPTIDX,NIFTY,15-Feb-2024,21400,PE,30.55,81.95,23.55,57.7,57.7,1333675,14303760.77,3053050,926000,12-FEB-2024,
OPTIDX,NIFTY,15-Feb-2024,21450,PE,32.05,98.3,31.8,70.35,70.35,761017,8185251.97,926650,63100,12-FEB-2024,
OPTIDX,NIFTY,15-Feb-2024,21500,PE,50,117,37.7,87.25,87.25,2316222,24985973.14,4329800,-614400,12-FEB-2024,
OPTIDX,NIFTY,15-Feb-2024,21550,PE,48,137.75,47.05,105.4,105.4,1111261,12025070.06,1336800,362850,12-FEB-2024,
OPTIDX,NIFTY,15-Feb-2024,21600,PE,70,161.4,57.8,126.45,126.45,2616834,28406785.06,3132500,840250,12-FEB-2024,
OPTIDX,NIFTY,15-Feb-2024,21650,PE,88.2,187.5,70.8,149.45,149.45,1840496,20042912.56,1877100,580050,12-FEB-2024,
OPTIDX,NIFTY,15-Feb-2024,21700,PE,104.2,216.55,83.95,177.45,177.45,2824348,30849144.93,3294050,54950,12-FEB-2024,
OPTIDX,NIFTY,15-Feb-2024,21750,PE,110,248.25,104.05,206.8,206.8,1088268,11923383.61,877150,-467450,12-FEB-2024,
OPTIDX,NIFTY,15-Feb-2024,21800,PE,148.15,281.55,125.05,241.9,241.9,1570047,17259873.27,2272250,-310250,12-FEB-2024,
OPTIDX,NIFTY,15-Feb-2024,21850,PE,150,318.15,150,276.95,276.95,343797,3792424.8,355350,-138950,12-FEB-2024,
OPTIDX,NIFTY,15-Feb-2024,21900,PE,201.6,357.55,171.85,311.7,311.7,404520,4480150.45,952200,-70600,12-FEB-2024,
OPTIDX,NIFTY,15-Feb-2024,21950,PE,241.25,396.45,207.45,353.1,353.1,62577,695567.47,225150,-18800,12-FEB-2024,
OPTIDX,NIFTY,15-Feb-2024,22000,PE,269.25,441,231.3,399.05,399.05,169335,1891156.64,1311100,-429750,12-FEB-2024,
OPTIDX,NIFTY,15-Feb-2024,22050,PE,281.45,483.05,274.9,455.4,455.4,15119,169614.79,207950,-136400,12-FEB-2024,
OPTIDX,NIFTY,15-Feb-2024,22100,PE,319.7,529,311.5,482.35,482.35,20177,227133.57,247100,32500,12-FEB-2024,
OPTIDX,NIFTY,15-Feb-2024,22150,PE,347.95,575,347.95,531.8,531.8,1795,20293.44,33100,-4000,12-FEB-2024,
OPTIDX,NIFTY,15-Feb-2024,22200,PE,403.15,624,392.6,576.65,576.65,13516,153464.33,230600,8200,12-FEB-2024,
OPTIDX,NIFTY,15-Feb-2024,22250,PE,470.95,662.8,439.8,616.05,616.05,1246,14206.87,19050,-5700,12-FEB-2024,
OPTIDX,NIFTY,15-Feb-2024,22300,PE,490.9,718,482,675.4,675.4,3539,40497.88,56850,-3750,12-FEB-2024,
OPTIDX,NIFTY,15-Feb-2024,22350,PE,559.95,744.2,531.5,744.2,744.2,117,1344.22,6900,-350,12-FEB-2024,
OPTIDX,NIFTY,15-Feb-2024,22400,PE,605.05,805,585,782.25,782.25,345,3984.45,13700,-4000,12-FEB-2024,
OPTIDX,NIFTY,15-Feb-2024,22450,PE,658.45,828.55,627.5,825.8,825.8,97,1122.17,5000,0,12-FEB-2024,
OPTIDX,NIFTY,15-Feb-2024,22500,PE,699.95,910.55,674.05,863.25,863.25,1083,12615.15,67000,-4350,12-FEB-2024,
OPTIDX,NIFTY,15-Feb-2024,22550,PE,874,948.5,827.15,893,921.45,7,82.02,2250,-50,12-FEB-2024,
OPTIDX,NIFTY,15-Feb-2024,22600,PE,801,992.9,801,992.9,992.9,32,376.51,4750,-700,12-FEB-2024,
OPTIDX,NIFTY,15-Feb-2024,22650,PE,0,0,0,847.35,1021.4,0,0,1550,0,12-FEB-2024,
OPTIDX,NIFTY,15-Feb-2024,22700,PE,875,1110,875,1071.8,1071.8,103,1220.7,1850,-250,12-FEB-2024,
OPTIDX,NIFTY,15-Feb-2024,22750,PE,0,0,0,951,1121.35,0,0,1600,0,12-FEB-2024,
OPTIDX,NIFTY,15-Feb-2024,22800,PE,1010.35,1205.8,971,1190.5,1190.5,100,1196.12,1800,-50,12-FEB-2024,
OPTIDX,NIFTY,15-Feb-2024,22850,PE,0,0,0,1067.9,1221.3,0,0,400,0,12-FEB-2024,
OPTIDX,NIFTY,15-Feb-2024,22900,PE,0,0,0,1121.1,1271.25,0,0,400,0,12-FEB-2024,
OPTIDX,NIFTY,15-Feb-2024,22950,PE,0,0,0,1206.35,1321.2,0,0,0,0,12-FEB-2024,
OPTIDX,NIFTY,15-Feb-2024,23000,PE,1190.05,1391.75,1175,1358.95,1358.95,232,2822.17,9700,150,12-FEB-2024,
OPTIDX,NIFTY,15-Feb-2024,23050,PE,0,0,0,1294.4,1421.15,0,0,0,0,12-FEB-2024,
OPTIDX,NIFTY,15-Feb-2024,23100,PE,1291.9,1299.7,1291.9,1299.7,1471.15,2,24.39,400,50,12-FEB-2024,
OPTIDX,NIFTY,15-Feb-2024,23150,PE,0,0,0,1384.2,1521.1,0,0,0,0,12-FEB-2024,
OPTIDX,NIFTY,15-Feb-2024,23200,PE,0,0,0,1429.7,1571.1,0,0,0,0,12-FEB-2024,
OPTIDX,NIFTY,15-Feb-2024,23250,PE,0,0,0,1475.5,1621.05,0,0,0,0,12-FEB-2024,
OPTIDX,NIFTY,15-Feb-2024,23300,PE,0,0,0,1521.65,1671.05,0,0,0,0,12-FEB-2024,
OPTIDX,NIFTY,15-Feb-2024,23350,PE,0,0,0,1568.15,1721,0,0,0,0,12-FEB-2024,
OPTIDX,NIFTY,15-Feb-2024,23400,PE,0,0,0,1614.9,1770.95,0,0,0,0,12-FEB-2024,
OPTIDX,NIFTY,15-Feb-2024,23450,PE,1641.45,1641.45,1612.25,1612.25,1820.95,2,25.07,50,50,12-FEB-2024,
OPTIDX,NIFTY,15-Feb-2024,23500,PE,1706,1706,1706,1706,1870.9,2,25.2,100,-100,12-FEB-2024,
OPTIDX,NIFTY,15-Feb-2024,23550,PE,0,0,0,1756.65,1920.9,0,0,0,0,12-FEB-2024,
OPTIDX,NIFTY,15-Feb-2024,23600,PE,1788,1788,1788,1788,1970.85,2,25.38,100,100,12-FEB-2024,
OPTIDX,NIFTY,15-Feb-2024,23650,PE,0,0,0,1852.2,2020.85,0,0,0,0,12-FEB-2024,
OPTIDX,NIFTY,15-Feb-2024,23700,PE,0,0,0,1930,2070.8,0,0,100,0,12-FEB-2024,
OPTIDX,NIFTY,15-Feb-2024,23750,PE,0,0,0,1918.55,2120.8,0,0,50,0,12-FEB-2024,
OPTIDX,NIFTY,15-Feb-2024,23800,PE,0,0,0,2045,2170.75,0,0,150,0,12-FEB-2024,
OPTIDX,NIFTY,15-Feb-2024,23850,PE,0,0,0,2175,2220.7,0,0,750,0,12-FEB-2024,
OPTIDX,NIFTY,22-Feb-2024,19500,CE,0,0,0,2102.9,2152.1,0,0,0,0,12-FEB-2024,
OPTIDX,NIFTY,22-Feb-2024,19550,CE,0,0,0,2053.95,2102.15,0,0,0,0,12-FEB-2024,
OPTIDX,NIFTY,22-Feb-2024,19600,CE,0,0,0,2005.1,2052.25,0,0,0,0,12-FEB-2024,
OPTIDX,NIFTY,22-Feb-2024,19650,CE,0,0,0,1956.35,2002.35,0,0,0,0,12-FEB-2024,
OPTIDX,NIFTY,22-Feb-2024,19700,CE,0,0,0,1907.8,1952.45,0,0,0,0,12-FEB-2024,
OPTIDX,NIFTY,22-Feb-2024,19750,CE,0,0,0,1859.35,1902.55,0,0,0,0,12-FEB-2024,
OPTIDX,NIFTY,22-Feb-2024,19800,CE,0,0,0,1920,1852.65,0,0,50,0,12-FEB-2024,
OPTIDX,NIFTY,22-Feb-2024,19850,CE,1850,1850,1810,1810,1802.75,2,21.68,250,0,12-FEB-2024,
OPTIDX,NIFTY,22-Feb-2024,19900,CE,1840,1840,1790,1790,1752.8,2,21.71,550,0,12-FEB-2024,
OPTIDX,NIFTY,22-Feb-2024,19950,CE,0,0,0,1935,1702.9,0,0,250,0,12-FEB-2024,
OPTIDX,NIFTY,22-Feb-2024,20000,CE,1780,1780,1650,1650,1653,6,65.13,1650,150,12-FEB-2024,
OPTIDX,NIFTY,22-Feb-2024,20050,CE,0,0,0,1572.9,1603.1,0,0,0,0,12-FEB-2024,
OPTIDX,NIFTY,22-Feb-2024,20100,CE,0,0,0,1698.5,1553.2,0,0,2650,0,12-FEB-2024,
OPTIDX,NIFTY,22-Feb-2024,20150,CE,0,0,0,1479.5,1503.3,0,0,0,0,12-FEB-2024,
OPTIDX,NIFTY,22-Feb-2024,20200,CE,0,0,0,1433.3,1453.4,0,0,0,0,12-FEB-2024,
OPTIDX,NIFTY,22-Feb-2024,20250,CE,0,0,0,1387.5,1403.55,0,0,0,0,12-FEB-2024,
OPTIDX,NIFTY,22-Feb-2024,20300,CE,0,0,0,1475,1353.65,0,0,100,0,12-FEB-2024,
OPTIDX,NIFTY,22-Feb-2024,20350,CE,0,0,0,1297.1,1303.8,0,0,0,0,12-FEB-2024,
OPTIDX,NIFTY,22-Feb-2024,20400,CE,1316.75,1316.75,1250,1250,1250,5,54.21,350,150,12-FEB-2024,
OPTIDX,NIFTY,22-Feb-2024,20450,CE,0,0,0,1360,1204.2,0,0,350,0,12-FEB-2024,
OPTIDX,NIFTY,22-Feb-2024,20500,CE,1255,1279,1146.25,1173.15,1173.15,48,521.1,3550,1900,12-FEB-2024,
OPTIDX,NIFTY,22-Feb-2024,20550,CE,1195,1195,1188,1188,1104.8,11,119.59,550,550,12-FEB-2024,
OPTIDX,NIFTY,22-Feb-2024,20600,CE,1251,1251,1051,1085,1055.25,28,304.01,1400,1400,12-FEB-2024,
OPTIDX,NIFTY,22-Feb-2024,20650,CE,1075,1130,1075,1130,1005.8,5,54.39,250,250,12-FEB-2024,
OPTIDX,NIFTY,22-Feb-2024,20700,CE,960,960,960,960,960,1,10.83,850,50,12-FEB-2024,
OPTIDX,NIFTY,22-Feb-2024,20750,CE,0,0,0,956.4,907.5,0,0,0,0,12-FEB-2024,
OPTIDX,NIFTY,22-Feb-2024,20800,CE,0,0,0,916.7,858.75,0,0,0,0,12-FEB-2024,
OPTIDX,NIFTY,22-Feb-2024,20850,CE,0,0,0,877.75,810.35,0,0,0,0,12-FEB-2024,
OPTIDX,NIFTY,22-Feb-2024,20900,CE,861,861,824,824,762.35,3,32.6,400,150,12-FEB-2024,
OPTIDX,NIFTY,22-Feb-2024,20950,CE,0,0,0,803,714.95,0,0,0,0,12-FEB-2024,
OPTIDX,NIFTY,22-Feb-2024,21000,CE,850,885,686,704.7,704.7,331,3597.57,13750,4250,12-FEB-2024,
OPTIDX,NIFTY,22-Feb-2024,21050,CE,0,0,0,772,622.15,0,0,100,0,12-FEB-2024,
OPTIDX,NIFTY,22-Feb-2024,21100,CE,715.75,715.75,603,640.65,577.05,28,304.42,900,400,12-FEB-2024,
OPTIDX,NIFTY,22-Feb-2024,21150,CE,0,0,0,701,533,0,0,50,0,12-FEB-2024,
OPTIDX,NIFTY,22-Feb-2024,21200,CE,690,700,520.3,534.05,534.05,121,1317.15,3750,2650,12-FEB-2024,
OPTIDX,NIFTY,22-Feb-2024,21250,CE,657.25,657.25,480.5,492.9,492.9,260,2828.46,5600,3600,12-FEB-2024,
OPTIDX,NIFTY,22-Feb-2024,21300,CE,588,612,441.55,460.35,460.35,501,5457.77,13500,8450,12-FEB-2024,
OPTIDX,NIFTY,22-Feb-2024,21350,CE,533.15,533.15,407,417.2,417.2,270,2940.65,10550,4450,12-FEB-2024,
OPTIDX,NIFTY,22-Feb-2024,21400,CE,513.05,526.55,370.55,387.8,387.8,1082,11798.97,19700,11900,12-FEB-2024,
OPTIDX,NIFTY,22-Feb-2024,21450,CE,467.05,481,335.55,353.6,353.6,306,3338.44,13700,6250,12-FEB-2024,
OPTIDX,NIFTY,22-Feb-2024,21500,CE,450.05,456.4,301.85,314.35,314.35,7721,84309.92,69300,42500,12-FEB-2024,
OPTIDX,NIFTY,22-Feb-2024,21550,CE,409,414,272.5,286.4,286.4,1518,16585.2,31700,24600,12-FEB-2024,
OPTIDX,NIFTY,22-Feb-2024,21600,CE,375.05,384.9,241.5,256.65,256.65,22722,248538.41,216250,171250,12-FEB-2024,
OPTIDX,NIFTY,22-Feb-2024,21650,CE,332.95,350,216.9,232.45,232.45,11040,120918.75,105700,88600,12-FEB-2024,
OPTIDX,NIFTY,22-Feb-2024,21700,CE,320,320,191.5,204.3,204.3,41864,459115.05,325050,132850,12-FEB-2024,
OPTIDX,NIFTY,22-Feb-2024,21750,CE,271.35,286.1,169.95,181.5,181.5,18745,205879.91,171700,72550,12-FEB-2024,
OPTIDX,NIFTY,22-Feb-2024,21800,CE,250,259.5,148,158.8,158.8,46522,511478.14,472600,230000,12-FEB-2024,
OPTIDX,NIFTY,22-Feb-2024,21850,CE,216.3,228.6,128.9,139.4,139.4,10526,115888.75,80850,44100,12-FEB-2024,
OPTIDX,NIFTY,22-Feb-2024,21900,CE,182.95,202.1,110.3,119.65,119.65,26969,297250.3,251050,95950,12-FEB-2024,
OPTIDX,NIFTY,22-Feb-2024,21950,CE,166.6,178.5,95,102.3,102.3,7569,83551.34,68000,29650,12-FEB-2024,
OPTIDX,NIFTY,22-Feb-2024,22000,CE,160,160,80.1,86.4,86.4,60672,670729.27,773250,302950,12-FEB-2024,
OPTIDX,NIFTY,22-Feb-2024,22050,CE,130,146.55,68.4,73.65,73.65,7460,82595.65,59850,26850,12-FEB-2024,
OPTIDX,NIFTY,22-Feb-2024,22100,CE,112.35,117.4,56.7,61.3,61.3,34640,384119.24,457850,327350,12-FEB-2024,
OPTIDX,NIFTY,22-Feb-2024,22150,CE,94.3,99.95,47.7,53.05,53.05,11392,126549.4,75400,38900,12-FEB-2024,
OPTIDX,NIFTY,22-Feb-2024,22200,CE,80.05,85.4,39.75,44.1,44.1,30586,340326.78,346100,130350,12-FEB-2024,
OPTIDX,NIFTY,22-Feb-2024,22250,CE,67.8,72.25,33.55,36.75,36.75,10793,120313.97,92900,60750,12-FEB-2024,
OPTIDX,NIFTY,22-Feb-2024,22300,CE,54,61.75,27.8,30.85,30.85,23059,257540.5,283050,116900,12-FEB-2024,
OPTIDX,NIFTY,22-Feb-2024,22350,CE,49.05,51.5,23,25.15,25.15,11800,132051.4,66700,10750,12-FEB-2024,
OPTIDX,NIFTY,22-Feb-2024,22400,CE,40.5,43.05,18.8,20.75,20.75,29608,331982.98,407350,241050,12-FEB-2024,
OPTIDX,NIFTY,22-Feb-2024,22450,CE,34.15,35.85,16.15,17.65,17.65,8466,95121.02,71650,-350,12-FEB-2024,
OPTIDX,NIFTY,22-Feb-2024,22500,CE,31,31,13.55,14.75,14.75,32800,369285.24,331850,40950,12-FEB-2024,
OPTIDX,NIFTY,22-Feb-2024,22550,CE,23.6,24,11.45,12.35,12.35,8378,94523.47,70550,7400,12-FEB-2024,
OPTIDX,NIFTY,22-Feb-2024,22600,CE,19.5,19.9,9.7,10.25,10.25,14390,162698.31,210850,29450,12-FEB-2024,
OPTIDX,NIFTY,22-Feb-2024,22650,CE,16.05,16.45,8.5,8.9,8.9,4484,50803.55,45550,-11950,12-FEB-2024,
OPTIDX,NIFTY,22-Feb-2024,22700,CE,12.95,13.9,6.9,7.4,7.4,10887,123614.5,131850,-28500,12-FEB-2024,
OPTIDX,NIFTY,22-Feb-2024,22750,CE,11.55,12.85,6.15,6.4,6.4,2742,31200.21,36750,15200,12-FEB-2024,
OPTIDX,NIFTY,22-Feb-2024,22800,CE,9.3,16.9,5.3,5.55,5.55,13094,149313.19,280950,171800,12-FEB-2024,
OPTIDX,NIFTY,22-Feb-2024,22850,CE,8.4,8.4,4.85,5.15,5.15,991,11324.99,33900,2650,12-FEB-2024,
OPTIDX,NIFTY,22-Feb-2024,22900,CE,6.6,6.6,4,4.65,4.65,5747,65817.25,131200,38600,12-FEB-2024,
OPTIDX,NIFTY,22-Feb-2024,22950,CE,6.15,6.45,4.1,4.8,4.8,2856,32779.41,78400,48000,12-FEB-2024,
OPTIDX,NIFTY,22-Feb-2024,23000,CE,5.45,5.45,3.6,4.6,4.6,13604,156475.44,299700,-1350,12-FEB-2024,
OPTIDX,NIFTY,22-Feb-2024,23050,CE,4.75,5.15,3.65,4.35,4.35,903,10409.05,27000,22550,12-FEB-2024,
OPTIDX,NIFTY,22-Feb-2024,23100,CE,4.85,4.85,3.5,4.1,4.1,3468,40062.43,101250,27650,12-FEB-2024,
OPTIDX,NIFTY,22-Feb-2024,23150,CE,4.15,4.25,3.1,3.6,3.6,263,3044.68,7050,2850,12-FEB-2024,
OPTIDX,NIFTY,22-Feb-2024,23200,CE,3.9,4.9,3.15,3.75,3.75,2103,24398.52,73300,9750,12-FEB-2024,
OPTIDX,NIFTY,22-Feb-2024,23250,CE,3.2,3.85,2.7,3.3,3.3,131,1523.07,4400,1850,12-FEB-2024,
OPTIDX,NIFTY,22-Feb-2024,23300,CE,3.15,3.65,2.65,3.25,3.25,737,8587.15,12050,-2500,12-FEB-2024,
OPTIDX,NIFTY,22-Feb-2024,23350,CE,3.55,3.8,2.9,3,3,64,747.3,5200,800,12-FEB-2024,
OPTIDX,NIFTY,22-Feb-2024,23400,CE,3.35,3.4,2.4,3,3,249,2913.63,13150,6350,12-FEB-2024,
OPTIDX,NIFTY,22-Feb-2024,23450,CE,3.2,3.2,2.3,2.9,2.9,210,2462.54,14500,1950,12-FEB-2024,
OPTIDX,NIFTY,22-Feb-2024,23500,CE,2.85,2.9,2.15,2.75,2.75,1260,14806.58,87750,10600,12-FEB-2024,
OPTIDX,NIFTY,22-Feb-2024,23550,CE,2.85,2.95,2.1,2.7,2.7,79,930.32,5300,1150,12-FEB-2024,
OPTIDX,NIFTY,22-Feb-2024,23600,CE,2.55,2.55,1.9,2.4,2.4,395,4661.43,30100,850,12-FEB-2024,
OPTIDX,NIFTY,22-Feb-2024,23650,CE,2.7,2.8,1.95,2.55,2.55,113,1336.36,5250,1950,12-FEB-2024,
OPTIDX,NIFTY,22-Feb-2024,23700,CE,2.45,2.65,1.9,2.4,2.4,962,11400.8,29600,-2750,12-FEB-2024,
OPTIDX,NIFTY,22-Feb-2024,19500,PE,2.35,2.85,2,2.35,2.35,1544,15055.89,48050,20400,12-FEB-2024,
OPTIDX,NIFTY,22-Feb-2024,19550,PE,2,2.5,2,2.1,2.1,97,948.28,2350,2350,12-FEB-2024,
OPTIDX,NIFTY,22-Feb-2024,19600,PE,0,0,0,5.55,0.05,0,0,0,0,12-FEB-2024,
OPTIDX,NIFTY,22-Feb-2024,19650,PE,2.15,2.5,2.15,2.35,2.35,108,1061.22,1900,1900,12-FEB-2024,
OPTIDX,NIFTY,22-Feb-2024,19700,PE,0,0,0,7.55,0.05,0,0,0,0,12-FEB-2024,
OPTIDX,NIFTY,22-Feb-2024,19750,PE,0,0,0,8.75,0.05,0,0,0,0,12-FEB-2024,
OPTIDX,NIFTY,22-Feb-2024,19800,PE,2.6,3.5,2.3,2.6,2.6,393,3891.24,5800,4500,12-FEB-2024,
OPTIDX,NIFTY,22-Feb-2024,19850,PE,0,0,0,11.7,0.05,0,0,0,0,12-FEB-2024,
OPTIDX,NIFTY,22-Feb-2024,19900,PE,0,0,0,13.45,0.05,0,0,0,0,12-FEB-2024,
OPTIDX,NIFTY,22-Feb-2024,19950,PE,0,0,0,15.45,0.05,0,0,0,0,12-FEB-2024,
OPTIDX,NIFTY,22-Feb-2024,20000,PE,3.3,4.55,2.8,3.2,3.2,6752,67531.67,189400,33100,12-FEB-2024,
OPTIDX,NIFTY,22-Feb-2024,20050,PE,0,0,0,20.2,0.05,0,0,0,0,12-FEB-2024,
OPTIDX,NIFTY,22-Feb-2024,20100,PE,0,0,0,23,0.05,0,0,0,0,12-FEB-2024,
OPTIDX,NIFTY,22-Feb-2024,20150,PE,0,0,0,26.1,0.05,0,0,0,0,12-FEB-2024,
OPTIDX,NIFTY,22-Feb-2024,20200,PE,0,0,0,29.55,0.05,0,0,0,0,12-FEB-2024,
OPTIDX,NIFTY,22-Feb-2024,20250,PE,0,0,0,33.4,0.05,0,0,0,0,12-FEB-2024,
OPTIDX,NIFTY,22-Feb-2024,20300,PE,0,0,0,37.65,0.1,0,0,0,0,12-FEB-2024,
OPTIDX,NIFTY,22-Feb-2024,20350,PE,5.55,9.2,5.1,6.45,6.45,3284,33425.69,31450,30900,12-FEB-2024,
OPTIDX,NIFTY,22-Feb-2024,20400,PE,6,10.6,5,7.15,7.15,6498,66302.55,121650,63550,12-FEB-2024,
OPTIDX,NIFTY,22-Feb-2024,20450,PE,6.2,11.9,6.05,8.55,8.55,1493,15272.17,17500,5350,12-FEB-2024,
OPTIDX,NIFTY,22-Feb-2024,20500,PE,7.8,13.95,6.55,10,10,16556,169775.94,330800,137850,12-FEB-2024,
OPTIDX,NIFTY,22-Feb-2024,20550,PE,9.3,15.85,6.6,10.95,10.95,1334,13713.99,10650,1700,12-FEB-2024,
OPTIDX,NIFTY,22-Feb-2024,20600,PE,10.1,18.35,6.45,12.6,12.6,14509,149528.52,171800,86850,12-FEB-2024,
OPTIDX,NIFTY,22-Feb-2024,20650,PE,10.75,20.95,9.85,15,15,1000,10331.78,15200,0,12-FEB-2024,
OPTIDX,NIFTY,22-Feb-2024,20700,PE,21,24.05,11.5,17.25,17.25,12694,131484.6,207350,100150,12-FEB-2024,
OPTIDX,NIFTY,22-Feb-2024,20750,PE,14.6,27.45,13.55,19.55,19.55,4527,47007.23,55700,21600,12-FEB-2024,
OPTIDX,NIFTY,22-Feb-2024,20800,PE,18.25,31.7,15.3,22.95,22.95,20063,208866.06,314150,110450,12-FEB-2024,
OPTIDX,NIFTY,22-Feb-2024,20850,PE,20.1,36.1,17.65,26.1,26.1,4788,49970.2,36100,-10600,12-FEB-2024,
OPTIDX,NIFTY,22-Feb-2024,20900,PE,24.85,41.75,20.5,30.75,30.75,17506,183182.35,373250,33050,12-FEB-2024,
OPTIDX,NIFTY,22-Feb-2024,20950,PE,25.35,47.4,24,34.85,34.85,9050,94954.66,79600,17250,12-FEB-2024,
OPTIDX,NIFTY,22-Feb-2024,21000,PE,28.5,54.45,27.65,41.95,41.95,40899,430209.23,475200,175800,12-FEB-2024,
OPTIDX,NIFTY,22-Feb-2024,21050,PE,32.55,60.95,31.55,47.65,47.65,6773,71433.81,40150,16650,12-FEB-2024,
OPTIDX,NIFTY,22-Feb-2024,21100,PE,37.55,70,35.7,54.9,54.9,22452,237415.29,331500,156200,12-FEB-2024,
OPTIDX,NIFTY,22-Feb-2024,21150,PE,42.2,79.4,41.05,61.55,61.55,6370,67530.45,44950,-13250,12-FEB-2024,
OPTIDX,NIFTY,22-Feb-2024,21200,PE,45.4,89.25,45.35,71.2,71.2,26881,285801.84,358400,140350,12-FEB-2024,
OPTIDX,NIFTY,22-Feb-2024,21250,PE,55.2,100,52.6,81.75,81.75,6142,65497.8,38300,13600,12-FEB-2024,
OPTIDX,NIFTY,22-Feb-2024,21300,PE,61,113.4,60,92.05,92.05,25173,269148.25,370400,252700,12-FEB-2024,
OPTIDX,NIFTY,22-Feb-2024,21350,PE,71.2,125.3,67.35,104.55,104.55,7756,83154.19,48800,16250,12-FEB-2024,
OPTIDX,NIFTY,22-Feb-2024,21400,PE,74.9,141.05,74.9,118.65,118.65,37350,401669.33,379350,142700,12-FEB-2024,
OPTIDX,NIFTY,22-Feb-2024,21450,PE,87.2,158.05,86.95,134.9,134.9,7730,83353.21,50450,-3100,12-FEB-2024,
OPTIDX,NIFTY,22-Feb-2024,21500,PE,105,177.65,98.5,153.8,153.8,51629,558585.48,456250,214300,12-FEB-2024,
OPTIDX,NIFTY,22-Feb-2024,21550,PE,116.95,198,111.45,171.25,171.25,10220,110918.45,40800,23450,12-FEB-2024,
OPTIDX,NIFTY,22-Feb-2024,21600,PE,125,219.6,124.7,188.5,188.5,47788,520291.03,378000,207300,12-FEB-2024,
OPTIDX,NIFTY,22-Feb-2024,21650,PE,148.15,242.7,140.8,211.05,211.05,19735,215548.47,111300,82350,12-FEB-2024,
OPTIDX,NIFTY,22-Feb-2024,21700,PE,170,268.05,155.05,235.15,235.15,53503,586143.34,345300,28900,12-FEB-2024,
OPTIDX,NIFTY,22-Feb-2024,21750,PE,182,294.65,176.75,262.6,262.6,12915,141905.03,65700,-16750,12-FEB-2024,
OPTIDX,NIFTY,22-Feb-2024,21800,PE,184.7,324.05,184.7,290.9,290.9,27904,307658.33,246950,51250,12-FEB-2024,
OPTIDX,NIFTY,22-Feb-2024,21850,PE,229.25,351.85,218.55,323.05,323.05,4616,51041.34,22450,5150,12-FEB-2024,
OPTIDX,NIFTY,22-Feb-2024,21900,PE,250,385,243,346.65,346.65,7469,82875.71,57550,-5550,12-FEB-2024,
OPTIDX,NIFTY,22-Feb-2024,21950,PE,281.55,406.3,268.3,379.65,379.65,1945,21645.83,7800,-6650,12-FEB-2024,
OPTIDX,NIFTY,22-Feb-2024,22000,PE,303.65,455.4,295.9,419.75,419.75,11689,130745.34,341000,113650,12-FEB-2024,
OPTIDX,NIFTY,22-Feb-2024,22050,PE,338.6,479.6,325.75,455.4,455.4,305,3419.5,8100,2850,12-FEB-2024,
OPTIDX,NIFTY,22-Feb-2024,22100,PE,371.6,519,359.75,487.85,487.85,1178,13293.56,8900,-600,12-FEB-2024,
OPTIDX,NIFTY,22-Feb-2024,22150,PE,402.95,550,393.1,527.3,527.3,113,1277.07,8650,3100,12-FEB-2024,
OPTIDX,NIFTY,22-Feb-2024,22200,PE,442.1,602,429.5,572.5,572.5,455,5163.14,12400,4200,12-FEB-2024,
OPTIDX,NIFTY,22-Feb-2024,22250,PE,479.55,607.65,464.5,607.65,607.65,90,1023.33,7400,2150,12-FEB-2024,
OPTIDX,NIFTY,22-Feb-2024,22300,PE,535.05,682.3,505,674.1,674.1,154,1765.44,5950,450,12-FEB-2024,
OPTIDX,NIFTY,22-Feb-2024,22350,PE,0,0,0,572,705.25,0,0,150,0,12-FEB-2024,
OPTIDX,NIFTY,22-Feb-2024,22400,PE,609.45,766.65,609.45,747.65,747.65,143,1652.44,3050,600,12-FEB-2024,
OPTIDX,NIFTY,22-Feb-2024,22450,PE,0,0,0,575.2,800,0,0,50,0,12-FEB-2024,
OPTIDX,NIFTY,22-Feb-2024,22500,PE,840.5,865,780,856.45,856.45,29,338.1,4800,150,12-FEB-2024,
OPTIDX,NIFTY,22-Feb-2024,22550,PE,0,0,0,571.65,896.65,0,0,100,0,12-FEB-2024,
OPTIDX,NIFTY,22-Feb-2024,22600,PE,0,0,0,724.55,945.5,0,0,100,0,12-FEB-2024,
OPTIDX,NIFTY,22-Feb-2024,22650,PE,0,0,0,1109.7,994.55,0,0,0,0,12-FEB-2024,
OPTIDX,NIFTY,22-Feb-2024,22700,PE,0,0,0,1152.3,1043.8,0,0,0,0,12-FEB-2024,
OPTIDX,NIFTY,22-Feb-2024,22750,PE,0,0,0,1195.4,1093.25,0,0,0,0,12-FEB-2024,
OPTIDX,NIFTY,22-Feb-2024,22800,PE,0,0,0,1238.95,1142.8,0,0,0,0,12-FEB-2024,
OPTIDX,NIFTY,22-Feb-2024,22850,PE,0,0,0,1283,1192.4,0,0,0,0,12-FEB-2024,
OPTIDX,NIFTY,22-Feb-2024,22900,PE,0,0,0,1327.5,1242.15,0,0,0,0,12-FEB-2024,
OPTIDX,NIFTY,22-Feb-2024,22950,PE,0,0,0,1372.4,1291.9,0,0,0,0,12-FEB-2024,
OPTIDX,NIFTY,22-Feb-2024,23000,PE,0,0,0,1417.7,1341.7,0,0,0,0,12-FEB-2024,
OPTIDX,NIFTY,22-Feb-2024,23050,PE,0,0,0,1463.35,1391.55,0,0,0,0,12-FEB-2024,
OPTIDX,NIFTY,22-Feb-2024,23100,PE,1435,1445,1390,1412,1441.4,10,122.62,500,500,12-FEB-2024,
OPTIDX,NIFTY,22-Feb-2024,23150,PE,0,0,0,1555.65,1491.25,0,0,0,0,12-FEB-2024,
OPTIDX,NIFTY,22-Feb-2024,23200,PE,0,0,0,1602.25,1541.15,0,0,0,0,12-FEB-2024,
OPTIDX,NIFTY,22-Feb-2024,23250,PE,0,0,0,1649.15,1591.05,0,0,0,0,12-FEB-2024,
OPTIDX,NIFTY,22-Feb-2024,23300,PE,0,0,0,1696.25,1640.9,0,0,0,0,12-FEB-2024,
OPTIDX,NIFTY,22-Feb-2024,23350,PE,0,0,0,1743.65,1690.8,0,0,0,0,12-FEB-2024,
OPTIDX,NIFTY,22-Feb-2024,23400,PE,0,0,0,1791.2,1740.75,0,0,0,0,12-FEB-2024,
OPTIDX,NIFTY,22-Feb-2024,23450,PE,0,0,0,1839,1790.65,0,0,0,0,12-FEB-2024,
OPTIDX,NIFTY,22-Feb-2024,23500,PE,0,0,0,1886.95,1840.55,0,0,0,0,12-FEB-2024,
OPTIDX,NIFTY,22-Feb-2024,23550,PE,0,0,0,1935.05,1890.45,0,0,0,0,12-FEB-2024,
OPTIDX,NIFTY,22-Feb-2024,23600,PE,0,0,0,1983.35,1940.35,0,0,0,0,12-FEB-2024,
OPTIDX,NIFTY,22-Feb-2024,23650,PE,0,0,0,2031.75,1990.25,0,0,0,0,12-FEB-2024,
OPTIDX,NIFTY,22-Feb-2024,23700,PE,0,0,0,2080.3,2040.15,0,0,0,0,12-FEB-2024,
OPTIDX,NIFTY,29-Feb-2024,18650,CE,0,0,0,3149.8,3024.6,0,0,32950,0,12-FEB-2024,
OPTIDX,NIFTY,29-Feb-2024,18700,CE,3140,3140,2971.75,3000.25,3000.25,32,348.29,71400,-950,12-FEB-2024,
OPTIDX,NIFTY,29-Feb-2024,18750,CE,0,0,0,3076,2924.9,0,0,1150,0,12-FEB-2024,
OPTIDX,NIFTY,29-Feb-2024,18800,CE,0,0,0,3215,2875.05,0,0,11300,0,12-FEB-2024,
OPTIDX,NIFTY,29-Feb-2024,18850,CE,0,0,0,1710.25,2825.2,0,0,0,0,12-FEB-2024,
OPTIDX,NIFTY,29-Feb-2024,18900,CE,0,0,0,3180,2775.35,0,0,2400,0,12-FEB-2024,
OPTIDX,NIFTY,29-Feb-2024,18950,CE,0,0,0,2410,2725.55,0,0,200,0,12-FEB-2024,
OPTIDX,NIFTY,29-Feb-2024,19000,CE,2840.05,2866,2650,2681.55,2681.55,325,3529.19,696050,-12300,12-FEB-2024,
OPTIDX,NIFTY,29-Feb-2024,19050,CE,0,0,0,2476.45,2625.85,0,0,100,0,12-FEB-2024,
OPTIDX,NIFTY,29-Feb-2024,19100,CE,0,0,0,2300.45,2576,0,0,2550,0,12-FEB-2024,
OPTIDX,NIFTY,29-Feb-2024,19150,CE,0,0,0,2340,2526.15,0,0,200,0,12-FEB-2024,
OPTIDX,NIFTY,29-Feb-2024,19200,CE,0,0,0,2772,2476.3,0,0,3950,0,12-FEB-2024,
OPTIDX,NIFTY,29-Feb-2024,19250,CE,0,0,0,2140,2426.45,0,0,150,0,12-FEB-2024,
OPTIDX,NIFTY,29-Feb-2024,19300,CE,0,0,0,2495.7,2376.65,0,0,6200,0,12-FEB-2024,
OPTIDX,NIFTY,29-Feb-2024,19350,CE,0,0,0,2566,2326.8,0,0,9150,0,12-FEB-2024,
OPTIDX,NIFTY,29-Feb-2024,19400,CE,2280,2290,2280,2290,2290,2,21.68,8600,0,12-FEB-2024,
OPTIDX,NIFTY,29-Feb-2024,19450,CE,0,0,0,1231.75,2227.1,0,0,0,0,12-FEB-2024,
OPTIDX,NIFTY,29-Feb-2024,19500,CE,2303.9,2303.9,2154.8,2174.9,2174.9,53,576.08,147650,-1200,12-FEB-2024,
OPTIDX,NIFTY,29-Feb-2024,19550,CE,0,0,0,1159.6,2127.4,0,0,0,0,12-FEB-2024,
OPTIDX,NIFTY,29-Feb-2024,19600,CE,2237.45,2237.45,2055.7,2056.45,2077.6,36,391.58,15100,0,12-FEB-2024,
OPTIDX,NIFTY,29-Feb-2024,19650,CE,2024.2,2024.2,2024.2,2024.2,2027.75,1,10.83,300,50,12-FEB-2024,
OPTIDX,NIFTY,29-Feb-2024,19700,CE,2170.45,2170.45,1999.8,1999.8,1977.9,6,65.4,24150,0,12-FEB-2024,
OPTIDX,NIFTY,29-Feb-2024,19750,CE,1947.2,1980,1930.05,1930.05,1930.05,4,43.4,300,150,12-FEB-2024,
OPTIDX,NIFTY,29-Feb-2024,19800,CE,1985,1985,1980,1980,1878.25,2,21.78,12600,-100,12-FEB-2024,
OPTIDX,NIFTY,29-Feb-2024,19850,CE,0,0,0,1913,1828.45,0,0,300,0,12-FEB-2024,
OPTIDX,NIFTY,29-Feb-2024,19900,CE,1938.75,1938.8,1774.85,1774.85,1774.85,7,76.16,10050,50,12-FEB-2024,
OPTIDX,NIFTY,29-Feb-2024,19950,CE,1840,1840,1780,1780,1728.85,2,21.76,2000,100,12-FEB-2024,
OPTIDX,NIFTY,29-Feb-2024,20000,CE,1837.45,1879.3,1675.25,1702.4,1702.4,457,4966.59,691350,-2950,12-FEB-2024,
OPTIDX,NIFTY,29-Feb-2024,20050,CE,0,0,0,1517.3,1629.3,0,0,50,0,12-FEB-2024,
OPTIDX,NIFTY,29-Feb-2024,20100,CE,1742.2,1742.25,1580.1,1580.1,1580.1,7,76.22,10350,0,12-FEB-2024,
OPTIDX,NIFTY,29-Feb-2024,20150,CE,0,0,0,1374.15,1529.85,0,0,150,0,12-FEB-2024,
OPTIDX,NIFTY,29-Feb-2024,20200,CE,1550,1580,1475.05,1477.75,1477.75,42,456.11,26300,-1750,12-FEB-2024,
OPTIDX,NIFTY,29-Feb-2024,20250,CE,0,0,0,1650,1430.6,0,0,550,0,12-FEB-2024,
OPTIDX,NIFTY,29-Feb-2024,20300,CE,1493,1493,1386,1386.7,1386.7,27,293.4,18900,-800,12-FEB-2024,
OPTIDX,NIFTY,29-Feb-2024,20350,CE,0,0,0,1136.75,1331.7,0,0,200,0,12-FEB-2024,
OPTIDX,NIFTY,29-Feb-2024,20400,CE,1452.15,1452.15,1313.5,1313.6,1313.6,17,185.01,42100,-350,12-FEB-2024,
OPTIDX,NIFTY,29-Feb-2024,20450,CE,0,0,0,1403,1233.25,0,0,1000,0,12-FEB-2024,
OPTIDX,NIFTY,29-Feb-2024,20500,CE,1390,1390,1190,1202,1202,761,8271.25,337850,1200,12-FEB-2024,
OPTIDX,NIFTY,29-Feb-2024,20550,CE,0,0,0,1235,1135.5,0,0,800,0,12-FEB-2024,
OPTIDX,NIFTY,29-Feb-2024,20600,CE,1278.55,1278.55,1106.8,1110.8,1110.8,35,380.63,34500,-450,12-FEB-2024,
OPTIDX,NIFTY,29-Feb-2024,20650,CE,0,0,0,1330.9,1038.75,0,0,1500,0,12-FEB-2024,
OPTIDX,NIFTY,29-Feb-2024,20700,CE,1120,1120,1034,1040.7,1040.7,248,2698.58,63600,450,12-FEB-2024,
OPTIDX,NIFTY,29-Feb-2024,20750,CE,0,0,0,980,943.45,0,0,1850,0,12-FEB-2024,
OPTIDX,NIFTY,29-Feb-2024,20800,CE,1071,1071,924.6,957.05,957.05,303,3299.12,89650,700,12-FEB-2024,
OPTIDX,NIFTY,29-Feb-2024,20850,CE,0,0,0,1000,850.1,0,0,5050,0,12-FEB-2024,
OPTIDX,NIFTY,29-Feb-2024,20900,CE,990.6,999.8,835,846.7,846.7,35,381.6,101900,100,12-FEB-2024,
OPTIDX,NIFTY,29-Feb-2024,20950,CE,807.7,807.7,807.7,807.7,759.25,1,10.87,5300,50,12-FEB-2024,
OPTIDX,NIFTY,29-Feb-2024,21000,CE,894.65,939.35,747.45,769.75,769.75,3900,42518.03,668500,-6100,12-FEB-2024,
OPTIDX,NIFTY,29-Feb-2024,21050,CE,750,750,750,750,671.55,2,21.8,8700,0,12-FEB-2024,
OPTIDX,NIFTY,29-Feb-2024,21100,CE,819.95,846,669,689.35,689.35,188,2051.5,96500,2500,12-FEB-2024,
OPTIDX,NIFTY,29-Feb-2024,21150,CE,778.7,781.85,646,658,658,28,305.98,15400,150,12-FEB-2024,
OPTIDX,NIFTY,29-Feb-2024,21200,CE,730.55,761.45,590,601.85,601.85,503,5494.88,128150,1700,12-FEB-2024,
OPTIDX,NIFTY,29-Feb-2024,21250,CE,671.65,681.9,553.8,562.2,562.2,107,1167.85,14900,1450,12-FEB-2024,
OPTIDX,NIFTY,29-Feb-2024,21300,CE,661,682.65,515.15,534.4,534.4,807,8825.82,182300,4000,12-FEB-2024,
OPTIDX,NIFTY,29-Feb-2024,21350,CE,625.25,626.25,482.3,487.55,487.55,145,1585.11,23300,4050,12-FEB-2024,
OPTIDX,NIFTY,29-Feb-2024,21400,CE,579.45,605,445,461.8,461.8,2614,28607.8,216550,-650,12-FEB-2024,
OPTIDX,NIFTY,29-Feb-2024,21450,CE,557.15,559.7,412,427.8,427.8,248,2717.01,29650,2150,12-FEB-2024,
OPTIDX,NIFTY,29-Feb-2024,21500,CE,495.9,530,380.6,399.05,399.05,24600,269777.01,1167250,41050,12-FEB-2024,
OPTIDX,NIFTY,29-Feb-2024,21550,CE,465,493,352,367.45,367.45,1407,15434.89,46250,17850,12-FEB-2024,
OPTIDX,NIFTY,29-Feb-2024,21600,CE,449.55,460,322.7,336.9,336.9,24581,269954.53,546200,140100,12-FEB-2024,
OPTIDX,NIFTY,29-Feb-2024,21650,CE,400.85,425.45,294,310.1,310.1,7575,83257.32,110900,41250,12-FEB-2024,
OPTIDX,NIFTY,29-Feb-2024,21700,CE,380,399.95,269,279.75,279.75,60216,662746.2,1045150,241750,12-FEB-2024,
OPTIDX,NIFTY,29-Feb-2024,21750,CE,344,361.2,244,255.95,255.95,8773,96688.79,123250,19750,12-FEB-2024,
OPTIDX,NIFTY,29-Feb-2024,21800,CE,323,332,220.35,230.75,230.75,88969,981669.68,1826100,665950,12-FEB-2024,
OPTIDX,NIFTY,29-Feb-2024,21850,CE,288.1,302,199,210.1,210.1,10134,111931.47,148150,2000,12-FEB-2024,
OPTIDX,NIFTY,29-Feb-2024,21900,CE,256.05,278.8,178.9,188.5,188.5,49702,549542.88,992750,230450,12-FEB-2024,
OPTIDX,NIFTY,29-Feb-2024,21950,CE,236.4,248.5,159.3,168.15,168.15,9005,99667.29,139600,51250,12-FEB-2024,
OPTIDX,NIFTY,29-Feb-2024,22000,CE,225,225,140.6,147.75,147.75,106810,1183996.1,2376600,81400,12-FEB-2024,
OPTIDX,NIFTY,29-Feb-2024,22050,CE,190.45,200.6,125.1,129.7,129.7,5793,64307.85,123400,6750,12-FEB-2024,
OPTIDX,NIFTY,29-Feb-2024,22100,CE,174.7,179,109.6,115.3,115.3,29169,324345.69,792750,96900,12-FEB-2024,
OPTIDX,NIFTY,29-Feb-2024,22150,CE,154.4,160.2,97.3,102.8,102.8,5969,66455.79,83500,9900,12-FEB-2024,
OPTIDX,NIFTY,29-Feb-2024,22200,CE,136.6,142.1,85,89.7,89.7,36460,406593.03,742900,54100,12-FEB-2024,
OPTIDX,NIFTY,29-Feb-2024,22250,CE,121.6,125.4,74.95,78.95,78.95,5965,66629.88,117550,19950,12-FEB-2024,
OPTIDX,NIFTY,29-Feb-2024,22300,CE,107.8,110.95,65.45,68.8,68.8,27757,310605.82,593850,49500,12-FEB-2024,
OPTIDX,NIFTY,29-Feb-2024,22350,CE,91.05,97.15,56.95,60.6,60.6,5766,64633.9,70150,1650,12-FEB-2024,
OPTIDX,NIFTY,29-Feb-2024,22400,CE,80.95,85.1,49.25,52.35,52.35,22647,254329.73,634100,101700,12-FEB-2024,
OPTIDX,NIFTY,29-Feb-2024,22450,CE,70.1,74.85,43.4,46.55,46.55,5131,57729.66,105200,17950,12-FEB-2024,
OPTIDX,NIFTY,29-Feb-2024,22500,CE,65,68.1,38.65,40.95,40.95,60649,683746.27,2223550,-27800,12-FEB-2024,
OPTIDX,NIFTY,29-Feb-2024,22550,CE,55.95,56.55,32.95,34.35,34.35,5797,65477.36,97200,2800,12-FEB-2024,
OPTIDX,NIFTY,29-Feb-2024,22600,CE,46.35,49.65,28.3,29.95,29.95,22260,251931.73,532150,10750,12-FEB-2024,
OPTIDX,NIFTY,29-Feb-2024,22650,CE,40,42.7,24.95,26.25,26.25,5050,57271.42,75300,3000,12-FEB-2024,
OPTIDX,NIFTY,29-Feb-2024,22700,CE,36,36.95,21.55,22.7,22.7,26626,302570.97,544900,-41450,12-FEB-2024,
OPTIDX,NIFTY,29-Feb-2024,22750,CE,29.9,32.4,19.15,20.4,20.4,4158,47348.7,97950,350,12-FEB-2024,
OPTIDX,NIFTY,29-Feb-2024,22800,CE,25.45,29.2,16.2,16.9,16.9,23358,266520,756600,-28500,12-FEB-2024,
OPTIDX,NIFTY,29-Feb-2024,22850,CE,24.25,24.35,15.2,15.85,15.85,2662,30437.78,82800,11800,12-FEB-2024,
OPTIDX,NIFTY,29-Feb-2024,22900,CE,21.95,22,14.05,14.6,14.6,12939,148256.96,387800,-6050,12-FEB-2024,
OPTIDX,NIFTY,29-Feb-2024,22950,CE,20.05,20.05,13,13.45,13.45,4771,54782.88,73250,-12650,12-FEB-2024,
OPTIDX,NIFTY,29-Feb-2024,23000,CE,18.65,19,12.5,12.95,12.95,69410,798711.25,4962850,167000,12-FEB-2024,
OPTIDX,NIFTY,29-Feb-2024,23050,CE,14.75,15,10.5,11.3,11.3,2671,30799.76,57650,-8950,12-FEB-2024,
OPTIDX,NIFTY,29-Feb-2024,23100,CE,12.15,13.5,8,9.8,9.8,18299,211448.51,845100,-21950,12-FEB-2024,
OPTIDX,NIFTY,29-Feb-2024,23150,CE,11.7,11.7,8.55,9.3,9.3,975,11290.36,29050,-1150,12-FEB-2024,
OPTIDX,NIFTY,29-Feb-2024,23200,CE,11.2,11.3,7.55,8.6,8.6,17459,202600.78,609650,-133150,12-FEB-2024,
OPTIDX,NIFTY,29-Feb-2024,23250,CE,9.65,10.35,7.3,8.25,8.25,732,8512.51,23150,1200,12-FEB-2024,
OPTIDX,NIFTY,29-Feb-2024,23300,CE,10.05,10.6,7,7.8,7.8,4507,52524.13,391450,-9600,12-FEB-2024,
OPTIDX,NIFTY,29-Feb-2024,23350,CE,7.35,7.45,5.75,6.15,6.15,432,5044.96,85200,-1700,12-FEB-2024,
OPTIDX,NIFTY,29-Feb-2024,23400,CE,7.95,8.25,5.5,6.25,6.25,4100,47982.66,155950,-28850,12-FEB-2024,
OPTIDX,NIFTY,29-Feb-2024,23450,CE,7.6,7.65,5.4,6.75,6.75,2188,25660.8,39600,-30350,12-FEB-2024,
OPTIDX,NIFTY,29-Feb-2024,23500,CE,7,7.75,5.1,5.85,5.85,11856,139341.84,704850,-174550,12-FEB-2024,
OPTIDX,NIFTY,29-Feb-2024,23550,CE,5.45,7.65,4.7,6,6,2181,25686.96,29750,-34100,12-FEB-2024,
OPTIDX,NIFTY,29-Feb-2024,23600,CE,5.85,6.25,4.65,5.35,5.35,2183,25765,146650,-2350,12-FEB-2024,
OPTIDX,NIFTY,29-Feb-2024,23650,CE,5.1,5.3,3.65,5.1,5.1,383,4529.86,15850,-4100,12-FEB-2024,
OPTIDX,NIFTY,29-Feb-2024,23700,CE,4.6,4.75,3.25,4.5,4.5,707,8379.44,113550,-10150,12-FEB-2024,
OPTIDX,NIFTY,29-Feb-2024,23750,CE,4.7,5.25,4.05,4.4,4.4,295,3503.79,30750,1300,12-FEB-2024,
OPTIDX,NIFTY,29-Feb-2024,23800,CE,4.3,4.95,3.7,4.35,4.35,1984,23613.6,291000,-17100,12-FEB-2024,
OPTIDX,NIFTY,29-Feb-2024,23850,CE,4,4.9,3.4,3.85,3.85,1692,20180.19,283850,-9250,12-FEB-2024,
OPTIDX,NIFTY,29-Feb-2024,18650,PE,3.25,3.9,3.05,3.15,3.15,309,2881.94,48200,-1000,12-FEB-2024,
OPTIDX,NIFTY,29-Feb-2024,18700,PE,3.6,3.95,2.65,2.95,2.95,258,2412.71,57100,-1350,12-FEB-2024,
OPTIDX,NIFTY,29-Feb-2024,18750,PE,3.05,4,2.65,3.3,0.05,104,975.16,2600,1850,12-FEB-2024,
OPTIDX,NIFTY,29-Feb-2024,18800,PE,3.1,3.5,2.9,3.4,0.05,13,122.22,7650,-250,12-FEB-2024,
OPTIDX,NIFTY,29-Feb-2024,18850,PE,3.1,4.25,3.1,3.5,3.5,166,1564.84,3600,3350,12-FEB-2024,
OPTIDX,NIFTY,29-Feb-2024,18900,PE,3.05,3.05,3,3.05,3.05,18,170.12,1550,300,12-FEB-2024,
OPTIDX,NIFTY,29-Feb-2024,18950,PE,3,3.05,3,3,3,16,151.62,800,800,12-FEB-2024,
OPTIDX,NIFTY,29-Feb-2024,19000,PE,3.75,4.25,3.15,3.3,3.3,4568,43403.87,1026400,28450,12-FEB-2024,
OPTIDX,NIFTY,29-Feb-2024,19050,PE,0,0,0,119.05,0.05,0,0,0,0,12-FEB-2024,
OPTIDX,NIFTY,29-Feb-2024,19100,PE,0,0,0,127.5,0.05,0,0,0,0,12-FEB-2024,
OPTIDX,NIFTY,29-Feb-2024,19150,PE,0,0,0,136.4,0.05,0,0,0,0,12-FEB-2024,
OPTIDX,NIFTY,29-Feb-2024,19200,PE,4.05,5.4,3.2,3.45,3.45,289,2774.94,22200,-3750,12-FEB-2024,
OPTIDX,NIFTY,29-Feb-2024,19250,PE,0,0,0,4.9,0.05,0,0,1700,0,12-FEB-2024,
OPTIDX,NIFTY,29-Feb-2024,19300,PE,4.55,4.75,3.7,3.85,3.85,358,3455.48,55600,-800,12-FEB-2024,
OPTIDX,NIFTY,29-Feb-2024,19350,PE,4.45,4.9,4.15,4.15,0.05,49,474.18,4400,-250,12-FEB-2024,
OPTIDX,NIFTY,29-Feb-2024,19400,PE,5.1,5.5,3.8,3.95,3.95,403,3909.97,24000,-3350,12-FEB-2024,
OPTIDX,NIFTY,29-Feb-2024,19450,PE,0,0,0,5.55,0.05,0,0,6000,0,12-FEB-2024,
OPTIDX,NIFTY,29-Feb-2024,19500,PE,4.9,5.1,4,4.3,4.3,7779,75862.92,778850,-30550,12-FEB-2024,
OPTIDX,NIFTY,29-Feb-2024,19550,PE,0,0,0,5.9,0.05,0,0,8300,0,12-FEB-2024,
OPTIDX,NIFTY,29-Feb-2024,19600,PE,5.1,6.5,4.25,4.5,4.5,2560,25094.4,64100,-12900,12-FEB-2024,
OPTIDX,NIFTY,29-Feb-2024,19650,PE,5.55,6.35,4.45,5,5,379,3724.72,11700,2750,12-FEB-2024,
OPTIDX,NIFTY,29-Feb-2024,19700,PE,5.35,6.1,4.6,5,5,2354,23193.15,90000,-2550,12-FEB-2024,
OPTIDX,NIFTY,29-Feb-2024,19750,PE,6.95,16.15,5.45,5.65,5.65,425,4198.24,11950,4500,12-FEB-2024,
OPTIDX,NIFTY,29-Feb-2024,19800,PE,5.75,7,5.1,5.75,5.75,3143,31124.86,243650,-1150,12-FEB-2024,
OPTIDX,NIFTY,29-Feb-2024,19850,PE,6.55,8.05,5.3,6.35,6.35,307,3048,11100,1750,12-FEB-2024,
OPTIDX,NIFTY,29-Feb-2024,19900,PE,6.8,9,6.4,7.3,7.3,2138,21280.97,108300,-5550,12-FEB-2024,
OPTIDX,NIFTY,29-Feb-2024,19950,PE,7.5,9.85,6.65,7.9,7.9,661,6596.07,13450,-8550,12-FEB-2024,
OPTIDX,NIFTY,29-Feb-2024,20000,PE,8.65,11.55,7.75,9.4,9.4,21085,210948.12,1984750,47400,12-FEB-2024,
OPTIDX,NIFTY,29-Feb-2024,20050,PE,8.95,12,7.95,9.45,9.45,414,4152.33,20550,1500,12-FEB-2024,
OPTIDX,NIFTY,29-Feb-2024,20100,PE,9.5,13.9,8.8,10.9,10.9,3269,32871.1,159150,1750,12-FEB-2024,
OPTIDX,NIFTY,29-Feb-2024,20150,PE,9.95,15,9.35,12.15,12.15,541,5453.63,8200,1350,12-FEB-2024,
OPTIDX,NIFTY,29-Feb-2024,20200,PE,10.35,16.35,9.65,12.45,12.45,8545,86355.85,658250,29250,12-FEB-2024,
OPTIDX,NIFTY,29-Feb-2024,20250,PE,11.65,18.55,10.95,14.5,14.5,637,6453.97,23000,-1900,12-FEB-2024,
OPTIDX,NIFTY,29-Feb-2024,20300,PE,12.5,20.75,12.05,16.2,16.2,10194,103548.15,1011400,-4550,12-FEB-2024,
OPTIDX,NIFTY,29-Feb-2024,20350,PE,15.2,23.15,13.5,18.2,18.2,1224,12464.77,24650,3400,12-FEB-2024,
OPTIDX,NIFTY,29-Feb-2024,20400,PE,15.75,26.2,14.7,20.8,20.8,13895,141868.07,947400,-69950,12-FEB-2024,
OPTIDX,NIFTY,29-Feb-2024,20450,PE,17.95,28.85,17,22.85,22.85,2707,27708.06,64900,6200,12-FEB-2024,
OPTIDX,NIFTY,29-Feb-2024,20500,PE,21,33.2,19.25,26.65,26.65,40261,413175.07,3336900,36650,12-FEB-2024,
OPTIDX,NIFTY,29-Feb-2024,20550,PE,21.1,35.7,21.05,28.3,28.3,2659,27355.99,47550,7850,12-FEB-2024,
OPTIDX,NIFTY,29-Feb-2024,20600,PE,23.7,38.95,22.95,31.2,31.2,15944,164456.28,840850,42500,12-FEB-2024,
OPTIDX,NIFTY,29-Feb-2024,20650,PE,26.85,44,26.25,35.9,35.9,1903,19679.91,81050,3500,12-FEB-2024,
OPTIDX,NIFTY,29-Feb-2024,20700,PE,29.5,48.35,28.75,39.05,39.05,13096,135777.14,583100,6800,12-FEB-2024,
OPTIDX,NIFTY,29-Feb-2024,20750,PE,33.95,53.85,32.35,43.05,43.05,2750,28587.35,87700,9050,12-FEB-2024,
OPTIDX,NIFTY,29-Feb-2024,20800,PE,40.65,59.4,35.8,48.4,48.4,24375,254046.4,933750,35200,12-FEB-2024,
OPTIDX,NIFTY,29-Feb-2024,20850,PE,41.05,66,40.2,53.6,53.6,4810,50268.17,127250,31250,12-FEB-2024,
OPTIDX,NIFTY,29-Feb-2024,20900,PE,45.8,73.45,44.6,60.45,60.45,16228,170035.83,655900,43300,12-FEB-2024,
OPTIDX,NIFTY,29-Feb-2024,20950,PE,51.8,80.6,49.55,68.05,68.05,4040,42447.91,76350,10800,12-FEB-2024,
OPTIDX,NIFTY,29-Feb-2024,21000,PE,55.05,90.5,51,76.45,76.45,81008,853444.44,3427050,-238850,12-FEB-2024,
OPTIDX,NIFTY,29-Feb-2024,21050,PE,66.8,98.5,61,81.7,81.7,2329,24602.58,66500,10050,12-FEB-2024,
OPTIDX,NIFTY,29-Feb-2024,21100,PE,65.45,108.45,65.45,92,92,15234,161364.41,436000,10000,12-FEB-2024,
OPTIDX,NIFTY,29-Feb-2024,21150,PE,78.55,119,74.05,101.55,101.55,2497,26520.96,40750,-8500,12-FEB-2024,
OPTIDX,NIFTY,29-Feb-2024,21200,PE,78.75,129.5,78.75,111.2,111.2,27883,296974.69,928200,-47150,12-FEB-2024,
OPTIDX,NIFTY,29-Feb-2024,21250,PE,98,143.3,89.3,123.55,123.55,4834,51632.59,127600,-11100,12-FEB-2024,
OPTIDX,NIFTY,29-Feb-2024,21300,PE,98.85,156.4,97.7,136.2,136.2,30492,326656.54,1131750,-15350,12-FEB-2024,
OPTIDX,NIFTY,29-Feb-2024,21350,PE,115.25,172.7,109,150.05,150.05,4148,44567.32,97350,1400,12-FEB-2024,
OPTIDX,NIFTY,29-Feb-2024,21400,PE,120.05,188.15,120,164.8,164.8,38640,416432.84,849400,4500,12-FEB-2024,
OPTIDX,NIFTY,29-Feb-2024,21450,PE,144.3,205.05,131.25,180.75,180.75,4354,47056.55,97050,-1150,12-FEB-2024,
OPTIDX,NIFTY,29-Feb-2024,21500,PE,150,224.6,139.15,197.95,197.95,122982,1333342.2,3004900,-335550,12-FEB-2024,
OPTIDX,NIFTY,29-Feb-2024,21550,PE,174.45,245,158.3,217.6,217.6,9205,100136.08,103400,19050,12-FEB-2024,
OPTIDX,NIFTY,29-Feb-2024,21600,PE,181.6,267,174.15,239.95,239.95,64531,704135.37,1550050,218250,12-FEB-2024,
OPTIDX,NIFTY,29-Feb-2024,21650,PE,194.4,287.25,189.4,255.5,255.5,13653,149431.11,125700,-33300,12-FEB-2024,
OPTIDX,NIFTY,29-Feb-2024,21700,PE,211,312.3,198,284.6,284.6,97547,1070932.05,1369900,-94900,12-FEB-2024,
OPTIDX,NIFTY,29-Feb-2024,21750,PE,225.65,335,223.5,307.65,307.65,11862,130630.18,129150,-15050,12-FEB-2024,
OPTIDX,NIFTY,29-Feb-2024,21800,PE,254.25,362.7,238.55,333.9,333.9,92002,1016352.17,1612900,355750,12-FEB-2024,
OPTIDX,NIFTY,29-Feb-2024,21850,PE,277.4,391,264.5,358.35,358.35,7121,78919.16,110550,-30650,12-FEB-2024,
OPTIDX,NIFTY,29-Feb-2024,21900,PE,284.65,420,284.65,389.85,389.85,28161,313267.58,630550,950,12-FEB-2024,
OPTIDX,NIFTY,29-Feb-2024,21950,PE,324.85,448.4,311.05,415.7,415.7,2348,26199.39,37200,-4000,12-FEB-2024,
OPTIDX,NIFTY,29-Feb-2024,22000,PE,350,483.15,326.55,449.25,449.25,48280,540974.85,1845400,-191650,12-FEB-2024,
OPTIDX,NIFTY,29-Feb-2024,22050,PE,379.45,508.65,365.1,480.6,480.6,1003,11269.21,30850,-4000,12-FEB-2024,
OPTIDX,NIFTY,29-Feb-2024,22100,PE,399,550,391.6,516.2,516.2,3394,38307.57,115500,4950,12-FEB-2024,
OPTIDX,NIFTY,29-Feb-2024,22150,PE,440.45,584.65,422.8,553.45,553.45,521,5903.44,30450,-250,12-FEB-2024,
OPTIDX,NIFTY,29-Feb-2024,22200,PE,459.45,625,454,581.75,581.75,2860,32520.17,198050,-14950,12-FEB-2024,
OPTIDX,NIFTY,29-Feb-2024,22250,PE,509.25,650.3,487.5,625.75,625.75,129,1470.8,37900,250,12-FEB-2024,
OPTIDX,NIFTY,29-Feb-2024,22300,PE,547,705.5,522.5,654,654,1512,17336.28,94150,-4150,12-FEB-2024,
OPTIDX,NIFTY,29-Feb-2024,22350,PE,586.4,730.15,586.4,671.75,702.75,39,448.72,23650,-250,12-FEB-2024,
OPTIDX,NIFTY,29-Feb-2024,22400,PE,621.75,776.1,599.95,749.25,749.25,445,5134.67,115300,-500,12-FEB-2024,
OPTIDX,NIFTY,29-Feb-2024,22450,PE,680.85,798.4,636,757.65,791.25,28,324.39,21100,250,12-FEB-2024,
OPTIDX,NIFTY,29-Feb-2024,22500,PE,700,870.05,677.85,840.9,840.9,3182,37060.18,546300,11200,12-FEB-2024,
OPTIDX,NIFTY,29-Feb-2024,22550,PE,832.3,832.3,798,798,882.6,6,70.07,14650,250,12-FEB-2024,
OPTIDX,NIFTY,29-Feb-2024,22600,PE,794,956.3,783.55,930,930,64,751.33,20150,0,12-FEB-2024,
OPTIDX,NIFTY,29-Feb-2024,22650,PE,0,0,0,880.15,976.2,0,0,4500,0,12-FEB-2024,
OPTIDX,NIFTY,29-Feb-2024,22700,PE,888,1026,854.35,1010,1010,92,1090.2,25400,-1850,12-FEB-2024,
OPTIDX,NIFTY,29-Feb-2024,22750,PE,1000,1000,968.35,968.35,1071.55,4,47.45,6400,-50,12-FEB-2024,
OPTIDX,NIFTY,29-Feb-2024,22800,PE,1020,1139.9,1020,1075,1119.7,35,417.51,6450,100,12-FEB-2024,
OPTIDX,NIFTY,29-Feb-2024,22850,PE,0,0,0,918.5,1168.15,0,0,3350,0,12-FEB-2024,
OPTIDX,NIFTY,29-Feb-2024,22900,PE,1073,1209.95,1073,1180.5,1180.5,30,360.91,6300,0,12-FEB-2024,
OPTIDX,NIFTY,29-Feb-2024,22950,PE,0,0,0,987.1,1265.75,0,0,1300,0,12-FEB-2024,
OPTIDX,NIFTY,29-Feb-2024,23000,PE,1150.05,1336.95,1125.35,1302.6,1302.6,561,6798.74,689400,-3500,12-FEB-2024,
OPTIDX,NIFTY,29-Feb-2024,23050,PE,0,0,0,931.7,1364.05,0,0,1050,0,12-FEB-2024,
OPTIDX,NIFTY,29-Feb-2024,23100,PE,1335.75,1355.3,1335.75,1355.3,1413.35,2,24.44,3650,0,12-FEB-2024,
OPTIDX,NIFTY,29-Feb-2024,23150,PE,0,0,0,1190,1462.8,0,0,350,0,12-FEB-2024,
OPTIDX,NIFTY,29-Feb-2024,23200,PE,1339.8,1519.2,1339.8,1507.9,1507.9,201,2479.14,4950,-5950,12-FEB-2024,
OPTIDX,NIFTY,29-Feb-2024,23250,PE,1385.9,1385.9,1385.9,1385.9,1561.9,1,12.31,300,0,12-FEB-2024,
OPTIDX,NIFTY,29-Feb-2024,23300,PE,1531,1635.1,1507,1635.1,1635.1,5,62.1,3700,-150,12-FEB-2024,
OPTIDX,NIFTY,29-Feb-2024,23350,PE,0,0,0,1496.75,1661.2,0,0,200,0,12-FEB-2024,
OPTIDX,NIFTY,29-Feb-2024,23400,PE,1664.55,1664.55,1664.55,1664.55,1710.95,1,12.53,2050,-50,12-FEB-2024,
OPTIDX,NIFTY,29-Feb-2024,23450,PE,0,0,0,2407.4,1760.65,0,0,0,0,12-FEB-2024,
OPTIDX,NIFTY,29-Feb-2024,23500,PE,1650,1821.7,1611,1807.55,1807.55,339,4287.9,118050,-12900,12-FEB-2024,
OPTIDX,NIFTY,29-Feb-2024,23550,PE,0,0,0,2500.05,1860.2,0,0,0,0,12-FEB-2024,
OPTIDX,NIFTY,29-Feb-2024,23600,PE,0,0,0,1620.85,1910,0,0,900,0,12-FEB-2024,
OPTIDX,NIFTY,29-Feb-2024,23650,PE,0,0,0,1827.85,1959.8,0,0,950,0,12-FEB-2024,
OPTIDX,NIFTY,29-Feb-2024,23700,PE,0,0,0,1890.9,2009.65,0,0,2800,0,12-FEB-2024,
OPTIDX,NIFTY,29-Feb-2024,23750,PE,0,0,0,1981.35,2059.45,0,0,1150,0,12-FEB-2024,
OPTIDX,NIFTY,29-Feb-2024,23800,PE,0,0,0,1814.2,2109.3,0,0,1950,0,12-FEB-2024,
OPTIDX,NIFTY,29-Feb-2024,23850,PE,0,0,0,2039.6,2159.1,0,0,2450,0,12-FEB-2024,
OPTIDX,NIFTY,07-Mar-2024,19950,CE,0,0,0,1897.15,1755.25,0,0,0,0,12-FEB-2024,
OPTIDX,NIFTY,07-Mar-2024,20000,CE,0,0,0,1848.95,1705.7,0,0,0,0,12-FEB-2024,
OPTIDX,NIFTY,07-Mar-2024,20050,CE,0,0,0,1800.9,1656.25,0,0,0,0,12-FEB-2024,
OPTIDX,NIFTY,07-Mar-2024,20100,CE,0,0,0,1753.05,1606.85,0,0,0,0,12-FEB-2024,
OPTIDX,NIFTY,07-Mar-2024,20150,CE,0,0,0,1705.45,1557.55,0,0,0,0,12-FEB-2024,
OPTIDX,NIFTY,07-Mar-2024,20200,CE,0,0,0,1658.1,1508.3,0,0,0,0,12-FEB-2024,
OPTIDX,NIFTY,07-Mar-2024,20250,CE,0,0,0,1611,1459.25,0,0,0,0,12-FEB-2024,
OPTIDX,NIFTY,07-Mar-2024,20300,CE,0,0,0,1564.15,1410.3,0,0,0,0,12-FEB-2024,
OPTIDX,NIFTY,07-Mar-2024,20350,CE,0,0,0,1517.65,1361.55,0,0,0,0,12-FEB-2024,
OPTIDX,NIFTY,07-Mar-2024,20400,CE,0,0,0,1471.5,1313,0,0,0,0,12-FEB-2024,
OPTIDX,NIFTY,07-Mar-2024,20450,CE,0,0,0,1425.7,1264.7,0,0,0,0,12-FEB-2024,
OPTIDX,NIFTY,07-Mar-2024,20500,CE,0,0,0,1380.3,1216.65,0,0,0,0,12-FEB-2024,
OPTIDX,NIFTY,07-Mar-2024,20550,CE,0,0,0,1335.3,1168.9,0,0,0,0,12-FEB-2024,
OPTIDX,NIFTY,07-Mar-2024,20600,CE,0,0,0,1290.75,1121.55,0,0,0,0,12-FEB-2024,
OPTIDX,NIFTY,07-Mar-2024,20650,CE,0,0,0,1246.7,1074.55,0,0,0,0,12-FEB-2024,
OPTIDX,NIFTY,07-Mar-2024,20700,CE,0,0,0,1203.15,1028.05,0,0,0,0,12-FEB-2024,
OPTIDX,NIFTY,07-Mar-2024,20750,CE,0,0,0,1160.1,982,0,0,0,0,12-FEB-2024,
OPTIDX,NIFTY,07-Mar-2024,20800,CE,0,0,0,1117.65,936.55,0,0,0,0,12-FEB-2024,
OPTIDX,NIFTY,07-Mar-2024,20850,CE,0,0,0,1075.8,891.75,0,0,0,0,12-FEB-2024,
OPTIDX,NIFTY,07-Mar-2024,20900,CE,0,0,0,1034.55,847.6,0,0,0,0,12-FEB-2024,
OPTIDX,NIFTY,07-Mar-2024,20950,CE,0,0,0,994,804.15,0,0,0,0,12-FEB-2024,
OPTIDX,NIFTY,07-Mar-2024,21000,CE,876.75,876.75,876.75,876.75,876.75,1,10.93,50,50,12-FEB-2024,
OPTIDX,NIFTY,07-Mar-2024,21050,CE,0,0,0,914.9,719.85,0,0,0,0,12-FEB-2024,
OPTIDX,NIFTY,07-Mar-2024,21100,CE,0,0,0,876.45,679.05,0,0,0,0,12-FEB-2024,
OPTIDX,NIFTY,07-Mar-2024,21150,CE,0,0,0,838.8,639.3,0,0,0,0,12-FEB-2024,
OPTIDX,NIFTY,07-Mar-2024,21200,CE,0,0,0,802.7,600.55,0,0,0,0,12-FEB-2024,
OPTIDX,NIFTY,07-Mar-2024,21250,CE,0,0,0,765.75,562.95,0,0,0,0,12-FEB-2024,
OPTIDX,NIFTY,07-Mar-2024,21300,CE,0,0,0,730.55,526.5,0,0,0,0,12-FEB-2024,
OPTIDX,NIFTY,07-Mar-2024,21350,CE,0,0,0,696.25,491.3,0,0,0,0,12-FEB-2024,
OPTIDX,NIFTY,07-Mar-2024,21400,CE,550,550,550,550,457.4,1,10.97,50,50,12-FEB-2024,
OPTIDX,NIFTY,07-Mar-2024,21450,CE,0,0,0,630.3,424.75,0,0,0,0,12-FEB-2024,
OPTIDX,NIFTY,07-Mar-2024,21500,CE,599,599,474,483.55,483.55,267,2937.14,15200,7400,12-FEB-2024,
OPTIDX,NIFTY,07-Mar-2024,21550,CE,461.25,461.25,461.25,461.25,461.25,2,22.01,100,100,12-FEB-2024,
OPTIDX,NIFTY,07-Mar-2024,21600,CE,445,466,408,418.4,418.4,147,1619.03,5050,2950,12-FEB-2024,
OPTIDX,NIFTY,07-Mar-2024,21650,CE,415.8,415.8,392.55,400.55,400.55,10,110.26,300,300,12-FEB-2024,
OPTIDX,NIFTY,07-Mar-2024,21700,CE,452.9,475.55,349.55,359.05,359.05,605,6683.57,26400,9950,12-FEB-2024,
OPTIDX,NIFTY,07-Mar-2024,21750,CE,409.35,440,332,332,332,118,1306.34,5500,1800,12-FEB-2024,
OPTIDX,NIFTY,07-Mar-2024,21800,CE,389.15,404.65,299,306.2,306.2,564,6240.36,51950,9550,12-FEB-2024,
OPTIDX,NIFTY,07-Mar-2024,21850,CE,356,356,280,280,280,13,144.11,700,500,12-FEB-2024,
OPTIDX,NIFTY,07-Mar-2024,21900,CE,329.15,350.45,254.95,262.35,262.35,97,1076.03,17600,2300,12-FEB-2024,
OPTIDX,NIFTY,07-Mar-2024,21950,CE,314.9,330.25,247.4,252.85,175.45,12,133.39,450,150,12-FEB-2024,
OPTIDX,NIFTY,07-Mar-2024,22000,CE,288,302.7,212.55,219.2,219.2,1121,12468.55,42450,7450,12-FEB-2024,
OPTIDX,NIFTY,07-Mar-2024,22050,CE,247,247,211,211,142.1,5,55.71,300,150,12-FEB-2024,
OPTIDX,NIFTY,07-Mar-2024,22100,CE,237.35,237.35,174.65,182.75,182.75,157,1750.62,5950,2450,12-FEB-2024,
OPTIDX,NIFTY,07-Mar-2024,22150,CE,180,185,180,185,113.75,2,22.33,150,50,12-FEB-2024,
OPTIDX,NIFTY,07-Mar-2024,22200,CE,204.55,204.55,143.95,147.4,147.4,176,1967.92,6700,4650,12-FEB-2024,
OPTIDX,NIFTY,07-Mar-2024,22250,CE,160.6,160.6,130,130,130,35,391.9,700,500,12-FEB-2024,
OPTIDX,NIFTY,07-Mar-2024,22300,CE,165,176.5,118,120.3,120.3,222,2490.74,6250,3700,12-FEB-2024,
OPTIDX,NIFTY,07-Mar-2024,22350,CE,0,0,0,235.95,70.2,0,0,50,0,12-FEB-2024,
OPTIDX,NIFTY,07-Mar-2024,22400,CE,100,102.45,98.95,99.55,99.55,9,101.24,1400,100,12-FEB-2024,
OPTIDX,NIFTY,07-Mar-2024,22450,CE,99.9,99.9,99.9,99.9,54.1,1,11.27,50,50,12-FEB-2024,
OPTIDX,NIFTY,07-Mar-2024,22500,CE,106,113.2,75.35,78.35,78.35,728,8223.06,17600,5650,12-FEB-2024,
OPTIDX,NIFTY,07-Mar-2024,22550,CE,79.5,79.5,72.65,74.25,74.25,3,33.93,100,100,12-FEB-2024,
OPTIDX,NIFTY,07-Mar-2024,22600,CE,83.55,83.55,58.4,60.6,60.6,49,555.35,3050,750,12-FEB-2024,
OPTIDX,NIFTY,07-Mar-2024,22650,CE,0,0,0,113.5,30.95,0,0,100,0,12-FEB-2024,
OPTIDX,NIFTY,07-Mar-2024,22700,CE,0,0,0,120.45,26.65,0,0,0,0,12-FEB-2024,
OPTIDX,NIFTY,07-Mar-2024,22750,CE,0,0,0,110.8,22.95,0,0,0,0,12-FEB-2024,
OPTIDX,NIFTY,07-Mar-2024,22800,CE,45.25,47,35.9,37.9,37.9,95,1085.05,2200,2050,12-FEB-2024,
OPTIDX,NIFTY,07-Mar-2024,22850,CE,0,0,0,93.45,16.8,0,0,0,0,12-FEB-2024,
OPTIDX,NIFTY,07-Mar-2024,22900,CE,34.95,40.75,31.65,40.75,14.3,64,733.91,3100,1250,12-FEB-2024,
OPTIDX,NIFTY,07-Mar-2024,22950,CE,38,38.15,29.5,35.15,35.15,140,1608.76,2750,1650,12-FEB-2024,
OPTIDX,NIFTY,07-Mar-2024,23000,CE,35.2,37.5,21,23.85,23.85,1432,16486.97,51700,28350,12-FEB-2024,
OPTIDX,NIFTY,07-Mar-2024,23050,CE,19.3,19.3,19.3,19.3,8.65,1,11.53,100,0,12-FEB-2024,
OPTIDX,NIFTY,07-Mar-2024,23100,CE,16.65,19,13,16,16,4,46.23,250,0,12-FEB-2024,
OPTIDX,NIFTY,07-Mar-2024,23150,CE,0,0,0,54.2,6.05,0,0,0,0,12-FEB-2024,
OPTIDX,NIFTY,07-Mar-2024,23200,CE,14.05,22.95,14.05,19.05,5.05,24,278.65,900,850,12-FEB-2024,
OPTIDX,NIFTY,07-Mar-2024,23250,CE,26.75,26.75,16.65,16.65,4.2,21,244.34,1050,850,12-FEB-2024,
OPTIDX,NIFTY,07-Mar-2024,23300,CE,0,0,0,40.5,3.5,0,0,0,0,12-FEB-2024,
OPTIDX,NIFTY,07-Mar-2024,23350,CE,0,0,0,36.65,2.9,0,0,0,0,12-FEB-2024,
OPTIDX,NIFTY,07-Mar-2024,23400,CE,11.15,17,10.6,10.6,2.35,5,58.53,1000,50,12-FEB-2024,
OPTIDX,NIFTY,07-Mar-2024,23450,CE,0,0,0,14.5,1.95,0,0,1450,0,12-FEB-2024,
OPTIDX,NIFTY,07-Mar-2024,23500,CE,15,16.55,10.65,12.05,12.05,625,7347.65,45150,250,12-FEB-2024,
OPTIDX,NIFTY,07-Mar-2024,23550,CE,0,0,0,13.6,1.3,0,0,800,0,12-FEB-2024,
OPTIDX,NIFTY,07-Mar-2024,23600,CE,12.35,12.35,6.6,9.4,9.4,14,165.26,450,-50,12-FEB-2024,
OPTIDX,NIFTY,07-Mar-2024,23650,CE,0,0,0,17.5,0.85,0,0,100,0,12-FEB-2024,
OPTIDX,NIFTY,07-Mar-2024,23700,CE,9.95,9.95,7.25,8.45,8.45,43,509.74,4400,1450,12-FEB-2024,
OPTIDX,NIFTY,07-Mar-2024,19950,PE,0,0,0,9.4,0.85,0,0,0,0,12-FEB-2024,
OPTIDX,NIFTY,07-Mar-2024,20000,PE,17.4,24,15.1,20.65,20.65,2659,26615.59,79000,66100,12-FEB-2024,
OPTIDX,NIFTY,07-Mar-2024,20050,PE,0,0,0,12.45,1.4,0,0,0,0,12-FEB-2024,
OPTIDX,NIFTY,07-Mar-2024,20100,PE,0,0,0,14.25,1.8,0,0,0,0,12-FEB-2024,
OPTIDX,NIFTY,07-Mar-2024,20150,PE,0,0,0,16.3,2.25,0,0,0,0,12-FEB-2024,
OPTIDX,NIFTY,07-Mar-2024,20200,PE,0,0,0,18.55,2.8,0,0,0,0,12-FEB-2024,
OPTIDX,NIFTY,07-Mar-2024,20250,PE,24.2,24.2,24.2,24.2,3.5,26,263.56,1300,1300,12-FEB-2024,
OPTIDX,NIFTY,07-Mar-2024,20300,PE,0,0,0,23.95,4.35,0,0,0,0,12-FEB-2024,
OPTIDX,NIFTY,07-Mar-2024,20350,PE,0,0,0,27.1,5.4,0,0,0,0,12-FEB-2024,
OPTIDX,NIFTY,07-Mar-2024,20400,PE,0,0,0,30.6,6.6,0,0,0,0,12-FEB-2024,
OPTIDX,NIFTY,07-Mar-2024,20450,PE,0,0,0,34.45,8.05,0,0,0,0,12-FEB-2024,
OPTIDX,NIFTY,07-Mar-2024,20500,PE,36.1,50.5,34.9,41.45,41.45,484,4970.78,11250,3150,12-FEB-2024,
OPTIDX,NIFTY,07-Mar-2024,20550,PE,0,0,0,43.35,11.85,0,0,0,0,12-FEB-2024,
OPTIDX,NIFTY,07-Mar-2024,20600,PE,31.5,31.5,31.5,31.5,14.25,1,10.31,50,50,12-FEB-2024,
OPTIDX,NIFTY,07-Mar-2024,20650,PE,16.6,16.6,16.6,16.6,17.05,1,10.33,50,50,12-FEB-2024,
OPTIDX,NIFTY,07-Mar-2024,20700,PE,0,0,0,60.1,20.3,0,0,0,0,12-FEB-2024,
OPTIDX,NIFTY,07-Mar-2024,20750,PE,0,0,0,66.75,24.1,0,0,0,0,12-FEB-2024,
OPTIDX,NIFTY,07-Mar-2024,20800,PE,0,0,0,73.9,28.4,0,0,0,0,12-FEB-2024,
OPTIDX,NIFTY,07-Mar-2024,20850,PE,0,0,0,81.7,33.35,0,0,0,0,12-FEB-2024,
OPTIDX,NIFTY,07-Mar-2024,20900,PE,0,0,0,90.1,38.95,0,0,0,0,12-FEB-2024,
OPTIDX,NIFTY,07-Mar-2024,20950,PE,0,0,0,99.2,45.35,0,0,0,0,12-FEB-2024,
OPTIDX,NIFTY,07-Mar-2024,21000,PE,75,117.7,75,101.3,101.3,791,8343.14,19700,6200,12-FEB-2024,
OPTIDX,NIFTY,07-Mar-2024,21050,PE,0,0,0,119.4,60.6,0,0,0,0,12-FEB-2024,
OPTIDX,NIFTY,07-Mar-2024,21100,PE,0,0,0,130.65,69.55,0,0,0,0,12-FEB-2024,
OPTIDX,NIFTY,07-Mar-2024,21150,PE,0,0,0,142.6,79.55,0,0,0,0,12-FEB-2024,
OPTIDX,NIFTY,07-Mar-2024,21200,PE,0,0,0,156.15,90.6,0,0,0,0,12-FEB-2024,
OPTIDX,NIFTY,07-Mar-2024,21250,PE,0,0,0,168.85,102.8,0,0,0,0,12-FEB-2024,
OPTIDX,NIFTY,07-Mar-2024,21300,PE,140.15,175.6,140.15,166.35,166.35,166,1780.41,3850,3000,12-FEB-2024,
OPTIDX,NIFTY,07-Mar-2024,21350,PE,0,0,0,198.65,130.7,0,0,0,0,12-FEB-2024,
OPTIDX,NIFTY,07-Mar-2024,21400,PE,170,210.8,170,203.85,203.85,15,161.91,500,500,12-FEB-2024,
OPTIDX,NIFTY,07-Mar-2024,21450,PE,207.45,217,207.45,217,163.75,2,21.66,250,0,12-FEB-2024,
OPTIDX,NIFTY,07-Mar-2024,21500,PE,173.9,255,173.9,230.4,230.4,593,6440.81,17150,6700,12-FEB-2024,
OPTIDX,NIFTY,07-Mar-2024,21550,PE,271.9,271.9,250.25,261.45,261.45,12,130.86,300,300,12-FEB-2024,
OPTIDX,NIFTY,07-Mar-2024,21600,PE,215,298.5,215,269.4,269.4,158,1727.17,5600,2400,12-FEB-2024,
OPTIDX,NIFTY,07-Mar-2024,21650,PE,230,305.25,230,301.8,301.8,12,131.58,300,250,12-FEB-2024,
OPTIDX,NIFTY,07-Mar-2024,21700,PE,250,340,237.05,312.5,312.5,437,4804.44,21400,7100,12-FEB-2024,
OPTIDX,NIFTY,07-Mar-2024,21750,PE,0,0,0,354.55,295.9,0,0,0,0,12-FEB-2024,
OPTIDX,NIFTY,07-Mar-2024,21800,PE,280.45,377.15,277.75,357.7,357.7,274,3033.17,46300,5800,12-FEB-2024,
OPTIDX,NIFTY,07-Mar-2024,21850,PE,0,0,0,278.3,351.25,0,0,50,0,12-FEB-2024,
OPTIDX,NIFTY,07-Mar-2024,21900,PE,323.8,442.2,318.95,416.1,416.1,90,1002.64,12200,1400,12-FEB-2024,
OPTIDX,NIFTY,07-Mar-2024,21950,PE,380,380,380,380,412.2,1,11.16,100,50,12-FEB-2024,
OPTIDX,NIFTY,07-Mar-2024,22000,PE,381.4,495.25,365,468.45,468.45,190,2130.59,16950,-50,12-FEB-2024,
OPTIDX,NIFTY,07-Mar-2024,22050,PE,0,0,0,451.7,478.4,0,0,250,0,12-FEB-2024,
OPTIDX,NIFTY,07-Mar-2024,22100,PE,420.1,420.1,420.1,420.1,513.4,2,22.52,100,50,12-FEB-2024,
OPTIDX,NIFTY,07-Mar-2024,22150,PE,0,0,0,571.9,549.6,0,0,0,0,12-FEB-2024,
OPTIDX,NIFTY,07-Mar-2024,22200,PE,0,0,0,603.3,586.9,0,0,0,0,12-FEB-2024,
OPTIDX,NIFTY,07-Mar-2024,22250,PE,0,0,0,635.6,625.3,0,0,0,0,12-FEB-2024,
OPTIDX,NIFTY,07-Mar-2024,22300,PE,653.6,671.4,643.65,671.4,664.75,3,34.43,50,50,12-FEB-2024,
OPTIDX,NIFTY,07-Mar-2024,22350,PE,0,0,0,702.8,705.15,0,0,0,0,12-FEB-2024,
OPTIDX,NIFTY,07-Mar-2024,22400,PE,0,0,0,737.7,746.45,0,0,0,0,12-FEB-2024,
OPTIDX,NIFTY,07-Mar-2024,22450,PE,0,0,0,773.4,788.65,0,0,0,0,12-FEB-2024,
OPTIDX,NIFTY,07-Mar-2024,22500,PE,0,0,0,724.3,831.6,0,0,100,0,12-FEB-2024,
OPTIDX,NIFTY,07-Mar-2024,22550,PE,0,0,0,848.15,875.25,0,0,0,0,12-FEB-2024,
OPTIDX,NIFTY,07-Mar-2024,22600,PE,0,0,0,885.25,919.6,0,0,0,0,12-FEB-2024,
OPTIDX,NIFTY,07-Mar-2024,22650,PE,0,0,0,923.95,964.55,0,0,0,0,12-FEB-2024,
OPTIDX,NIFTY,07-Mar-2024,22700,PE,0,0,0,963.35,1010.1,0,0,0,0,12-FEB-2024,
OPTIDX,NIFTY,07-Mar-2024,22750,PE,0,0,0,1003.35,1056.15,0,0,0,0,12-FEB-2024,
OPTIDX,NIFTY,07-Mar-2024,22800,PE,0,0,0,1044.05,1102.65,0,0,0,0,12-FEB-2024,
OPTIDX,NIFTY,07-Mar-2024,22850,PE,0,0,0,1085.3,1149.55,0,0,0,0,12-FEB-2024,
OPTIDX,NIFTY,07-Mar-2024,22900,PE,0,0,0,1127.15,1196.8,0,0,0,0,12-FEB-2024,
OPTIDX,NIFTY,07-Mar-2024,22950,PE,0,0,0,1169.5,1244.45,0,0,0,0,12-FEB-2024,
OPTIDX,NIFTY,07-Mar-2024,23000,PE,0,0,0,1249,1292.35,0,0,50,0,12-FEB-2024,
OPTIDX,NIFTY,07-Mar-2024,23050,PE,0,0,0,1255.8,1340.5,0,0,0,0,12-FEB-2024,
OPTIDX,NIFTY,07-Mar-2024,23100,PE,0,0,0,1200,1388.9,0,0,50,0,12-FEB-2024,
OPTIDX,NIFTY,07-Mar-2024,23150,PE,0,0,0,1343.9,1437.5,0,0,0,0,12-FEB-2024,
OPTIDX,NIFTY,07-Mar-2024,23200,PE,0,0,0,1388.6,1486.25,0,0,0,0,12-FEB-2024,
OPTIDX,NIFTY,07-Mar-2024,23250,PE,0,0,0,1433.7,1535.2,0,0,0,0,12-FEB-2024,
OPTIDX,NIFTY,07-Mar-2024,23300,PE,0,0,0,1479.15,1584.25,0,0,0,0,12-FEB-2024,
OPTIDX,NIFTY,07-Mar-2024,23350,PE,0,0,0,1524.95,1633.45,0,0,0,0,12-FEB-2024,
OPTIDX,NIFTY,07-Mar-2024,23400,PE,0,0,0,1571.1,1682.7,0,0,0,0,12-FEB-2024,
OPTIDX,NIFTY,07-Mar-2024,23450,PE,0,0,0,1617.5,1732.05,0,0,0,0,12-FEB-2024,
OPTIDX,NIFTY,07-Mar-2024,23500,PE,0,0,0,1664.2,1781.45,0,0,0,0,12-FEB-2024,
OPTIDX,NIFTY,07-Mar-2024,23550,PE,0,0,0,1711.15,1830.95,0,0,0,0,12-FEB-2024,
OPTIDX,NIFTY,07-Mar-2024,23600,PE,0,0,0,1758.35,1880.5,0,0,0,0,12-FEB-2024,
OPTIDX,NIFTY,07-Mar-2024,23650,PE,0,0,0,1805.75,1930.05,0,0,0,0,12-FEB-2024,
OPTIDX,NIFTY,07-Mar-2024,23700,PE,0,0,0,1853.35,1979.7,0,0,0,0,12-FEB-2024,
OPTIDX,NIFTY,14-Mar-2024,19950,CE,0,0,0,1917.3,1782.4,0,0,0,0,12-FEB-2024,
OPTIDX,NIFTY,14-Mar-2024,20000,CE,0,0,0,1868.95,1733.2,0,0,0,0,12-FEB-2024,
OPTIDX,NIFTY,14-Mar-2024,20050,CE,0,0,0,1820.8,1684.15,0,0,0,0,12-FEB-2024,
OPTIDX,NIFTY,14-Mar-2024,20100,CE,0,0,0,1772.85,1635.15,0,0,0,0,12-FEB-2024,
OPTIDX,NIFTY,14-Mar-2024,20150,CE,2249.9,2249.9,2249.9,2249.9,1586.35,2,22.39,100,0,12-FEB-2024,
OPTIDX,NIFTY,14-Mar-2024,20200,CE,0,0,0,1677.55,1537.7,0,0,0,0,12-FEB-2024,
OPTIDX,NIFTY,14-Mar-2024,20250,CE,0,0,0,1630.25,1489.2,0,0,0,0,12-FEB-2024,
OPTIDX,NIFTY,14-Mar-2024,20300,CE,0,0,0,1583.25,1440.9,0,0,0,0,12-FEB-2024,
OPTIDX,NIFTY,14-Mar-2024,20350,CE,0,0,0,1536.55,1392.9,0,0,0,0,12-FEB-2024,
OPTIDX,NIFTY,14-Mar-2024,20400,CE,0,0,0,1490.2,1345.1,0,0,0,0,12-FEB-2024,
OPTIDX,NIFTY,14-Mar-2024,20450,CE,0,0,0,1444.15,1297.65,0,0,0,0,12-FEB-2024,
OPTIDX,NIFTY,14-Mar-2024,20500,CE,0,0,0,1398.5,1250.5,0,0,0,0,12-FEB-2024,
OPTIDX,NIFTY,14-Mar-2024,20550,CE,0,0,0,1353.25,1203.75,0,0,0,0,12-FEB-2024,
OPTIDX,NIFTY,14-Mar-2024,20600,CE,0,0,0,1308.45,1157.35,0,0,0,0,12-FEB-2024,
OPTIDX,NIFTY,14-Mar-2024,20650,CE,0,0,0,1264.1,1111.5,0,0,0,0,12-FEB-2024,
OPTIDX,NIFTY,14-Mar-2024,20700,CE,0,0,0,1220.2,1066.1,0,0,0,0,12-FEB-2024,
OPTIDX,NIFTY,14-Mar-2024,20750,CE,0,0,0,1176.9,1021.2,0,0,0,0,12-FEB-2024,
OPTIDX,NIFTY,14-Mar-2024,20800,CE,0,0,0,1134.1,976.95,0,0,0,0,12-FEB-2024,
OPTIDX,NIFTY,14-Mar-2024,20850,CE,0,0,0,1091.9,933.35,0,0,0,0,12-FEB-2024,
OPTIDX,NIFTY,14-Mar-2024,20900,CE,0,0,0,1050.3,890.4,0,0,0,0,12-FEB-2024,
OPTIDX,NIFTY,14-Mar-2024,20950,CE,0,0,0,1009.35,848.2,0,0,0,0,12-FEB-2024,
OPTIDX,NIFTY,14-Mar-2024,21000,CE,0,0,0,969.05,806.8,0,0,0,0,12-FEB-2024,
OPTIDX,NIFTY,14-Mar-2024,21050,CE,0,0,0,929.5,766.25,0,0,0,0,12-FEB-2024,
OPTIDX,NIFTY,14-Mar-2024,21100,CE,0,0,0,890.65,726.55,0,0,0,0,12-FEB-2024,
OPTIDX,NIFTY,14-Mar-2024,21150,CE,0,0,0,852.6,687.85,0,0,0,0,12-FEB-2024,
OPTIDX,NIFTY,14-Mar-2024,21200,CE,0,0,0,800,650.05,0,0,0,0,12-FEB-2024,
OPTIDX,NIFTY,14-Mar-2024,21250,CE,0,0,0,778.65,613.35,0,0,0,0,12-FEB-2024,
OPTIDX,NIFTY,14-Mar-2024,21300,CE,0,0,0,743.05,577.65,0,0,0,0,12-FEB-2024,
OPTIDX,NIFTY,14-Mar-2024,21350,CE,0,0,0,708.3,543.1,0,0,0,0,12-FEB-2024,
OPTIDX,NIFTY,14-Mar-2024,21400,CE,0,0,0,674.4,509.65,0,0,0,0,12-FEB-2024,
OPTIDX,NIFTY,14-Mar-2024,21450,CE,0,0,0,641.45,477.4,0,0,0,0,12-FEB-2024,
OPTIDX,NIFTY,14-Mar-2024,21500,CE,570,570,529.35,534.55,534.55,53,583.94,2800,2600,12-FEB-2024,
OPTIDX,NIFTY,14-Mar-2024,21550,CE,0,0,0,578.3,416.45,0,0,0,0,12-FEB-2024,
OPTIDX,NIFTY,14-Mar-2024,21600,CE,489.65,498.45,457.65,471.3,471.3,44,485.62,2000,2000,12-FEB-2024,
OPTIDX,NIFTY,14-Mar-2024,21650,CE,483.05,497.45,434.75,497.35,360.45,9,99.55,300,300,12-FEB-2024,
OPTIDX,NIFTY,14-Mar-2024,21700,CE,495.35,499.55,409.45,419.1,419.1,88,973.65,3400,3250,12-FEB-2024,
OPTIDX,NIFTY,14-Mar-2024,21750,CE,422.45,422.45,422.45,422.45,309.45,1,11.08,50,50,12-FEB-2024,
OPTIDX,NIFTY,14-Mar-2024,21800,CE,0,0,0,437.2,285.8,0,0,0,0,12-FEB-2024,
OPTIDX,NIFTY,14-Mar-2024,21850,CE,424.35,424.35,424.35,424.35,263.4,1,11.13,50,50,12-FEB-2024,
OPTIDX,NIFTY,14-Mar-2024,21900,CE,343,343,323.5,323.5,242.25,2,22.23,50,50,12-FEB-2024,
OPTIDX,NIFTY,14-Mar-2024,21950,CE,0,0,0,364.15,222.3,0,0,0,0,12-FEB-2024,
OPTIDX,NIFTY,14-Mar-2024,22000,CE,331,476,253.65,262.35,262.35,55,613.12,4200,2100,12-FEB-2024,
OPTIDX,NIFTY,14-Mar-2024,22050,CE,0,0,0,320.4,186,0,0,0,0,12-FEB-2024,
OPTIDX,NIFTY,14-Mar-2024,22100,CE,0,0,0,299.9,169.55,0,0,0,0,12-FEB-2024,
OPTIDX,NIFTY,14-Mar-2024,22150,CE,0,0,0,280.4,154.2,0,0,0,0,12-FEB-2024,
OPTIDX,NIFTY,14-Mar-2024,22200,CE,223.45,223.45,223.45,223.45,139.9,2,22.42,100,100,12-FEB-2024,
OPTIDX,NIFTY,14-Mar-2024,22250,CE,0,0,0,244.15,126.65,0,0,0,0,12-FEB-2024,
OPTIDX,NIFTY,14-Mar-2024,22300,CE,170,174.45,169,174.45,174.45,4,44.94,200,200,12-FEB-2024,
OPTIDX,NIFTY,14-Mar-2024,22350,CE,0,0,0,211.4,103.05,0,0,0,0,12-FEB-2024,
OPTIDX,NIFTY,14-Mar-2024,22400,CE,0,0,0,148.65,92.65,0,0,50,0,12-FEB-2024,
OPTIDX,NIFTY,14-Mar-2024,22450,CE,0,0,0,182.1,83.1,0,0,0,0,12-FEB-2024,
OPTIDX,NIFTY,14-Mar-2024,22500,CE,130,130,130,130,74.35,11,124.46,800,450,12-FEB-2024,
OPTIDX,NIFTY,14-Mar-2024,22550,CE,111.9,123.45,105.8,114.65,114.65,4,45.32,150,150,12-FEB-2024,
OPTIDX,NIFTY,14-Mar-2024,22600,CE,0,0,0,144.3,59.05,0,0,0,0,12-FEB-2024,
OPTIDX,NIFTY,14-Mar-2024,22650,CE,91.4,91.4,91.4,91.4,52.45,1,11.37,50,50,12-FEB-2024,
OPTIDX,NIFTY,14-Mar-2024,22700,CE,0,0,0,122.65,46.5,0,0,0,0,12-FEB-2024,
OPTIDX,NIFTY,14-Mar-2024,22750,CE,0,0,0,112.8,41.1,0,0,0,0,12-FEB-2024,
OPTIDX,NIFTY,14-Mar-2024,22800,CE,66.45,77.3,65,77.3,36.2,5,57.17,200,200,12-FEB-2024,
OPTIDX,NIFTY,14-Mar-2024,22850,CE,0,0,0,95.1,31.85,0,0,0,0,12-FEB-2024,
OPTIDX,NIFTY,14-Mar-2024,22900,CE,0,0,0,87.1,27.95,0,0,0,0,12-FEB-2024,
OPTIDX,NIFTY,14-Mar-2024,22950,CE,0,0,0,79.7,24.45,0,0,0,0,12-FEB-2024,
OPTIDX,NIFTY,14-Mar-2024,23000,CE,44.3,49.25,35.3,43.95,43.95,48,553.06,2150,2150,12-FEB-2024,
OPTIDX,NIFTY,14-Mar-2024,23050,CE,0,0,0,66.4,18.6,0,0,0,0,12-FEB-2024,
OPTIDX,NIFTY,14-Mar-2024,23100,CE,33.1,33.1,33.1,33.1,16.15,1,11.56,50,50,12-FEB-2024,
OPTIDX,NIFTY,14-Mar-2024,23150,CE,26.3,35.75,18,35.75,14,6,69.53,100,50,12-FEB-2024,
OPTIDX,NIFTY,14-Mar-2024,23200,CE,0,0,0,50,12.1,0,0,0,0,12-FEB-2024,
OPTIDX,NIFTY,14-Mar-2024,23250,CE,0,0,0,45.35,10.45,0,0,0,0,12-FEB-2024,
OPTIDX,NIFTY,14-Mar-2024,23300,CE,17.9,17.9,17.9,17.9,8.95,1,11.65,200,0,12-FEB-2024,
OPTIDX,NIFTY,14-Mar-2024,23350,CE,0,0,0,37.15,7.7,0,0,0,0,12-FEB-2024,
OPTIDX,NIFTY,14-Mar-2024,23400,CE,24.55,24.55,21.8,22.9,6.6,3,35.13,200,50,12-FEB-2024,
OPTIDX,NIFTY,14-Mar-2024,23450,CE,21.8,29.95,16.2,16.2,5.6,12,140.83,950,-100,12-FEB-2024,
OPTIDX,NIFTY,14-Mar-2024,23500,CE,0,0,0,27.25,4.8,0,0,0,0,12-FEB-2024,
OPTIDX,NIFTY,14-Mar-2024,23550,CE,25.75,25.75,22.05,23,4.05,4,47.14,100,100,12-FEB-2024,
OPTIDX,NIFTY,14-Mar-2024,19950,PE,0,0,0,19.8,2.3,0,0,1000,0,12-FEB-2024,
OPTIDX,NIFTY,14-Mar-2024,20000,PE,0,0,0,22.7,2.85,0,0,1050,0,12-FEB-2024,
OPTIDX,NIFTY,14-Mar-2024,20050,PE,0,0,0,25.85,3.45,0,0,1000,0,12-FEB-2024,
OPTIDX,NIFTY,14-Mar-2024,20100,PE,29.45,30.2,29.45,30.2,30.2,2,20.12,1150,50,12-FEB-2024,
OPTIDX,NIFTY,14-Mar-2024,20150,PE,28,28.1,28,28.1,5.1,102,1029.08,4350,3250,12-FEB-2024,
OPTIDX,NIFTY,14-Mar-2024,20200,PE,0,0,0,16.95,6.15,0,0,0,0,12-FEB-2024,
OPTIDX,NIFTY,14-Mar-2024,20250,PE,0,0,0,19.3,7.4,0,0,0,0,12-FEB-2024,
OPTIDX,NIFTY,14-Mar-2024,20300,PE,0,0,0,21.95,8.8,0,0,0,0,12-FEB-2024,
OPTIDX,NIFTY,14-Mar-2024,20350,PE,0,0,0,24.9,10.5,0,0,0,0,12-FEB-2024,
OPTIDX,NIFTY,14-Mar-2024,20400,PE,0,0,0,28.2,12.45,0,0,0,0,12-FEB-2024,
OPTIDX,NIFTY,14-Mar-2024,20450,PE,0,0,0,31.8,14.7,0,0,0,0,12-FEB-2024,
OPTIDX,NIFTY,14-Mar-2024,20500,PE,23.55,62.7,23.55,58.35,58.35,104,1068.79,5100,5100,12-FEB-2024,
OPTIDX,NIFTY,14-Mar-2024,20550,PE,0,0,0,40.2,20.2,0,0,0,0,12-FEB-2024,
OPTIDX,NIFTY,14-Mar-2024,20600,PE,0,0,0,45,23.55,0,0,0,0,12-FEB-2024,
OPTIDX,NIFTY,14-Mar-2024,20650,PE,0,0,0,50.3,27.4,0,0,0,0,12-FEB-2024,
OPTIDX,NIFTY,14-Mar-2024,20700,PE,0,0,0,56.1,31.7,0,0,0,0,12-FEB-2024,
OPTIDX,NIFTY,14-Mar-2024,20750,PE,0,0,0,62.4,36.55,0,0,0,0,12-FEB-2024,
OPTIDX,NIFTY,14-Mar-2024,20800,PE,0,0,0,69.25,42,0,0,0,0,12-FEB-2024,
OPTIDX,NIFTY,14-Mar-2024,20850,PE,0,0,0,76.7,48.1,0,0,0,0,12-FEB-2024,
OPTIDX,NIFTY,14-Mar-2024,20900,PE,0,0,0,84.75,54.9,0,0,0,0,12-FEB-2024,
OPTIDX,NIFTY,14-Mar-2024,20950,PE,0,0,0,93.45,62.4,0,0,0,0,12-FEB-2024,
OPTIDX,NIFTY,14-Mar-2024,21000,PE,0,0,0,108.25,70.7,0,0,1800,0,12-FEB-2024,
OPTIDX,NIFTY,14-Mar-2024,21050,PE,0,0,0,112.9,79.85,0,0,0,0,12-FEB-2024,
OPTIDX,NIFTY,14-Mar-2024,21100,PE,0,0,0,123.7,89.9,0,0,0,0,12-FEB-2024,
OPTIDX,NIFTY,14-Mar-2024,21150,PE,0,0,0,135.3,100.9,0,0,0,0,12-FEB-2024,
OPTIDX,NIFTY,14-Mar-2024,21200,PE,0,0,0,163.4,112.85,0,0,850,0,12-FEB-2024,
OPTIDX,NIFTY,14-Mar-2024,21250,PE,0,0,0,160.65,125.8,0,0,0,0,12-FEB-2024,
OPTIDX,NIFTY,14-Mar-2024,21300,PE,179.3,197.2,179.3,197.2,139.85,4,42.96,1900,50,12-FEB-2024,
OPTIDX,NIFTY,14-Mar-2024,21350,PE,0,0,0,189.6,155,0,0,0,0,12-FEB-2024,
OPTIDX,NIFTY,14-Mar-2024,21400,PE,0,0,0,205.35,171.3,0,0,0,0,12-FEB-2024,
OPTIDX,NIFTY,14-Mar-2024,21450,PE,0,0,0,222.05,188.7,0,0,0,0,12-FEB-2024,
OPTIDX,NIFTY,14-Mar-2024,21500,PE,199.6,284.85,197.9,257.25,257.25,383,4165.02,3050,2000,12-FEB-2024,
OPTIDX,NIFTY,14-Mar-2024,21550,PE,0,0,0,258.2,227.2,0,0,0,0,12-FEB-2024,
OPTIDX,NIFTY,14-Mar-2024,21600,PE,302.05,309,289.1,296.3,296.3,18,197.06,800,200,12-FEB-2024,
OPTIDX,NIFTY,14-Mar-2024,21650,PE,0,0,0,298.1,270.65,0,0,0,0,12-FEB-2024,
OPTIDX,NIFTY,14-Mar-2024,21700,PE,301,350.45,301,343.55,294.2,18,198.18,250,-50,12-FEB-2024,
OPTIDX,NIFTY,14-Mar-2024,21750,PE,0,0,0,341.95,319.05,0,0,0,0,12-FEB-2024,
OPTIDX,NIFTY,14-Mar-2024,21800,PE,314.1,314.1,314.1,314.1,345.15,2,22.11,100,100,12-FEB-2024,
OPTIDX,NIFTY,14-Mar-2024,21850,PE,330,372.2,330,371.9,372.45,8,88.76,300,50,12-FEB-2024,
OPTIDX,NIFTY,14-Mar-2024,21900,PE,0,0,0,440.7,401,0,0,50,0,12-FEB-2024,
OPTIDX,NIFTY,14-Mar-2024,21950,PE,0,0,0,441.2,430.8,0,0,0,0,12-FEB-2024,
OPTIDX,NIFTY,14-Mar-2024,22000,PE,425.5,425.5,425.5,425.5,461.75,1,11.21,50,50,12-FEB-2024,
OPTIDX,NIFTY,14-Mar-2024,22050,PE,0,0,0,496.7,493.9,0,0,0,0,12-FEB-2024,
OPTIDX,NIFTY,14-Mar-2024,22100,PE,0,0,0,525.9,527.15,0,0,0,0,12-FEB-2024,
OPTIDX,NIFTY,14-Mar-2024,22150,PE,0,0,0,556.05,561.5,0,0,0,0,12-FEB-2024,
OPTIDX,NIFTY,14-Mar-2024,22200,PE,0,0,0,587.1,596.95,0,0,0,0,12-FEB-2024,
OPTIDX,NIFTY,14-Mar-2024,22250,PE,0,0,0,619.05,633.4,0,0,0,0,12-FEB-2024,
OPTIDX,NIFTY,14-Mar-2024,22300,PE,0,0,0,651.95,670.85,0,0,0,0,12-FEB-2024,
OPTIDX,NIFTY,14-Mar-2024,22350,PE,0,0,0,685.65,709.25,0,0,0,0,12-FEB-2024,
OPTIDX,NIFTY,14-Mar-2024,22400,PE,0,0,0,720.25,748.55,0,0,0,0,12-FEB-2024,
OPTIDX,NIFTY,14-Mar-2024,22450,PE,0,0,0,755.65,788.7,0,0,0,0,12-FEB-2024,
OPTIDX,NIFTY,14-Mar-2024,22500,PE,0,0,0,791.85,829.65,0,0,0,0,12-FEB-2024,
OPTIDX,NIFTY,14-Mar-2024,22550,PE,0,0,0,829.8,871.4,0,0,0,0,12-FEB-2024,
OPTIDX,NIFTY,14-Mar-2024,22600,PE,0,0,0,866.75,913.8,0,0,0,0,12-FEB-2024,
OPTIDX,NIFTY,14-Mar-2024,22650,PE,0,0,0,905.2,956.95,0,0,0,0,12-FEB-2024,
OPTIDX,NIFTY,14-Mar-2024,22700,PE,0,0,0,944.4,1000.65,0,0,0,0,12-FEB-2024,
OPTIDX,NIFTY,14-Mar-2024,22750,PE,0,0,0,984.2,1045,0,0,0,0,12-FEB-2024,
OPTIDX,NIFTY,14-Mar-2024,22800,PE,0,0,0,1024.7,1089.85,0,0,0,0,12-FEB-2024,
OPTIDX,NIFTY,14-Mar-2024,22850,PE,0,0,0,1065.8,1135.2,0,0,0,0,12-FEB-2024,
OPTIDX,NIFTY,14-Mar-2024,22900,PE,0,0,0,1107.45,1181,0,0,0,0,12-FEB-2024,
OPTIDX,NIFTY,14-Mar-2024,22950,PE,0,0,0,1149.7,1227.2,0,0,0,0,12-FEB-2024,
OPTIDX,NIFTY,14-Mar-2024,23000,PE,0,0,0,1192.45,1273.8,0,0,0,0,12-FEB-2024,
OPTIDX,NIFTY,14-Mar-2024,23050,PE,0,0,0,1235.7,1320.8,0,0,0,0,12-FEB-2024,
OPTIDX,NIFTY,14-Mar-2024,23100,PE,0,0,0,1279.45,1368.05,0,0,0,0,12-FEB-2024,
OPTIDX,NIFTY,14-Mar-2024,23150,PE,0,0,0,1323.6,1415.6,0,0,0,0,12-FEB-2024,
OPTIDX,NIFTY,14-Mar-2024,23200,PE,0,0,0,1368.2,1463.4,0,0,0,0,12-FEB-2024,
OPTIDX,NIFTY,14-Mar-2024,23250,PE,0,0,0,1413.2,1511.45,0,0,0,0,12-FEB-2024,
OPTIDX,NIFTY,14-Mar-2024,23300,PE,0,0,0,1458.6,1559.75,0,0,0,0,12-FEB-2024,
OPTIDX,NIFTY,14-Mar-2024,23350,PE,0,0,0,1504.3,1608.15,0,0,0,0,12-FEB-2024,
OPTIDX,NIFTY,14-Mar-2024,23400,PE,0,0,0,1550.35,1656.75,0,0,0,0,12-FEB-2024,
OPTIDX,NIFTY,14-Mar-2024,23450,PE,0,0,0,1596.7,1705.5,0,0,0,0,12-FEB-2024,
OPTIDX,NIFTY,14-Mar-2024,23500,PE,0,0,0,1643.35,1754.4,0,0,0,0,12-FEB-2024,
OPTIDX,NIFTY,14-Mar-2024,23550,PE,0,0,0,1690.25,1803.4,0,0,0,0,12-FEB-2024,
OPTIDX,NIFTY,28-Mar-2024,14000,CE,7800,7800,7708.2,7708.2,7708.2,9,97.92,321000,-50,12-FEB-2024,
OPTIDX,NIFTY,28-Mar-2024,15000,CE,6840,6840,6750,6750,6740.35,2,21.79,25450,-100,12-FEB-2024,
OPTIDX,NIFTY,28-Mar-2024,16000,CE,5839.65,5839.65,5775,5775,5748.65,2,21.8,41150,-50,12-FEB-2024,
OPTIDX,NIFTY,28-Mar-2024,17000,CE,4846.95,4865,4800,4822.2,4822.2,23,251.1,138650,150,12-FEB-2024,
OPTIDX,NIFTY,28-Mar-2024,18000,CE,3960,3960,3764,3782.35,3782.35,150,1636.42,641500,500,12-FEB-2024,
OPTIDX,NIFTY,28-Mar-2024,19000,CE,3000,3000,2798,2828.85,2828.85,366,4000.95,468950,1250,12-FEB-2024,
OPTIDX,NIFTY,28-Mar-2024,19500,CE,2400,2400,2250.1,2260.8,2260.8,17,185.34,2900,650,12-FEB-2024,
OPTIDX,NIFTY,28-Mar-2024,19550,CE,0,0,0,2607.5,2230,0,0,0,0,12-FEB-2024,
OPTIDX,NIFTY,28-Mar-2024,19600,CE,0,0,0,2560.8,2180.8,0,0,0,0,12-FEB-2024,
OPTIDX,NIFTY,28-Mar-2024,19650,CE,2284.4,2284.4,2284.4,2284.4,2131.65,1,10.96,50,50,12-FEB-2024,
OPTIDX,NIFTY,28-Mar-2024,19700,CE,0,0,0,2467.95,2082.55,0,0,0,0,12-FEB-2024,
OPTIDX,NIFTY,28-Mar-2024,19750,CE,0,0,0,2421.85,2033.6,0,0,0,0,12-FEB-2024,
OPTIDX,NIFTY,28-Mar-2024,19800,CE,0,0,0,1950,1984.7,0,0,950,0,12-FEB-2024,
OPTIDX,NIFTY,28-Mar-2024,19850,CE,0,0,0,2330.25,1935.9,0,0,0,0,12-FEB-2024,
OPTIDX,NIFTY,28-Mar-2024,19900,CE,0,0,0,2027.8,1887.25,0,0,200,0,12-FEB-2024,
OPTIDX,NIFTY,28-Mar-2024,19950,CE,0,0,0,2239.55,1838.75,0,0,0,0,12-FEB-2024,
OPTIDX,NIFTY,28-Mar-2024,20000,CE,2020,2045.15,1845,1873.5,1873.5,411,4500.53,460800,-1200,12-FEB-2024,
OPTIDX,NIFTY,28-Mar-2024,20050,CE,0,0,0,2149.85,1742.2,0,0,0,0,12-FEB-2024,
OPTIDX,NIFTY,28-Mar-2024,20100,CE,0,0,0,1924.7,1694.2,0,0,1000,0,12-FEB-2024,
OPTIDX,NIFTY,28-Mar-2024,20150,CE,0,0,0,2034,1646.4,0,0,50,0,12-FEB-2024,
OPTIDX,NIFTY,28-Mar-2024,20200,CE,1710,1710,1710,1710,1598.85,1,10.95,500,50,12-FEB-2024,
OPTIDX,NIFTY,28-Mar-2024,20250,CE,0,0,0,1355.8,1551.55,0,0,50,0,12-FEB-2024,
OPTIDX,NIFTY,28-Mar-2024,20300,CE,0,0,0,1736.3,1504.55,0,0,700,0,12-FEB-2024,
OPTIDX,NIFTY,28-Mar-2024,20350,CE,0,0,0,1339.55,1457.85,0,0,400,0,12-FEB-2024,
OPTIDX,NIFTY,28-Mar-2024,20400,CE,1550,1568,1550,1568,1411.5,3,32.93,900,100,12-FEB-2024,
OPTIDX,NIFTY,28-Mar-2024,20450,CE,0,0,0,1208.75,1365.5,0,0,100,0,12-FEB-2024,
OPTIDX,NIFTY,28-Mar-2024,20500,CE,1480,1490,1390,1413.15,1413.15,224,2456.66,70600,5800,12-FEB-2024,
OPTIDX,NIFTY,28-Mar-2024,20550,CE,0,0,0,1362.95,1274.7,0,0,1100,0,12-FEB-2024,
OPTIDX,NIFTY,28-Mar-2024,20600,CE,1345.1,1345.1,1325,1325,1325,3,32.9,4050,100,12-FEB-2024,
OPTIDX,NIFTY,28-Mar-2024,20650,CE,0,0,0,1373.2,1185.75,0,0,500,0,12-FEB-2024,
OPTIDX,NIFTY,28-Mar-2024,20700,CE,0,0,0,1476,1142.05,0,0,1450,0,12-FEB-2024,
OPTIDX,NIFTY,28-Mar-2024,20750,CE,0,0,0,1215.1,1098.9,0,0,950,0,12-FEB-2024,
OPTIDX,NIFTY,28-Mar-2024,20800,CE,1240,1240,1150,1150,1150,7,76.99,2250,250,12-FEB-2024,
OPTIDX,NIFTY,28-Mar-2024,20850,CE,0,0,0,1249.6,1014.45,0,0,350,0,12-FEB-2024,
OPTIDX,NIFTY,28-Mar-2024,20900,CE,1090,1090,1070,1070,1070,2,21.98,2150,0,12-FEB-2024,
OPTIDX,NIFTY,28-Mar-2024,20950,CE,0,0,0,1127.65,932.6,0,0,650,0,12-FEB-2024,
OPTIDX,NIFTY,28-Mar-2024,21000,CE,1121.05,1164.45,987,1006.7,1006.7,1626,17909.54,1217050,11600,12-FEB-2024,
OPTIDX,NIFTY,28-Mar-2024,21050,CE,1087.55,1099.25,975.55,975.55,853.7,5,55.29,800,0,12-FEB-2024,
OPTIDX,NIFTY,28-Mar-2024,21100,CE,1058.4,1064.45,907.85,907.85,907.85,31,342.28,6500,-50,12-FEB-2024,
OPTIDX,NIFTY,28-Mar-2024,21150,CE,0,0,0,976,778,0,0,650,0,12-FEB-2024,
OPTIDX,NIFTY,28-Mar-2024,21200,CE,926.5,926.5,840,840,840,32,353.16,29350,400,12-FEB-2024,
OPTIDX,NIFTY,28-Mar-2024,21250,CE,920.65,920.65,877.8,877.8,705.7,2,22.14,1900,0,12-FEB-2024,
OPTIDX,NIFTY,28-Mar-2024,21300,CE,891.85,930.6,764.1,782.9,782.9,338,3733.49,34300,-3250,12-FEB-2024,
OPTIDX,NIFTY,28-Mar-2024,21350,CE,805,805,750.9,750.9,750.9,4,44.25,3250,200,12-FEB-2024,
OPTIDX,NIFTY,28-Mar-2024,21400,CE,840,845,698,718.2,718.2,138,1527.45,42050,1400,12-FEB-2024,
OPTIDX,NIFTY,28-Mar-2024,21450,CE,700,700,690,700,572.15,3,33.22,4650,50,12-FEB-2024,
OPTIDX,NIFTY,28-Mar-2024,21500,CE,759.95,779,633.15,660.25,660.25,5726,63483.23,267200,117300,12-FEB-2024,
OPTIDX,NIFTY,28-Mar-2024,21550,CE,683.95,685,605.9,619.8,619.8,59,654.29,7750,-1000,12-FEB-2024,
OPTIDX,NIFTY,28-Mar-2024,21600,CE,695.05,708,574.2,593.05,593.05,849,9427.83,66450,4450,12-FEB-2024,
OPTIDX,NIFTY,28-Mar-2024,21650,CE,620,631.3,548.2,562.65,562.65,91,1011.51,7600,1450,12-FEB-2024,
OPTIDX,NIFTY,28-Mar-2024,21700,CE,621.6,644.95,517.05,533.85,533.85,1654,18412.74,85350,8650,12-FEB-2024,
OPTIDX,NIFTY,28-Mar-2024,21750,CE,576.6,607.35,499.35,514.1,514.1,236,2629.82,11600,2650,12-FEB-2024,
OPTIDX,NIFTY,28-Mar-2024,21800,CE,559.05,583.85,465.3,479.15,479.15,1878,20953.27,106400,9750,12-FEB-2024,
OPTIDX,NIFTY,28-Mar-2024,21850,CE,527.9,549.5,441.75,451.15,451.15,92,1026.5,5450,-750,12-FEB-2024,
OPTIDX,NIFTY,28-Mar-2024,21900,CE,503,523.05,412,425.25,425.25,1178,13168.66,97850,3850,12-FEB-2024,
OPTIDX,NIFTY,28-Mar-2024,21950,CE,469.65,471,393.8,409.05,409.05,77,861.21,6600,550,12-FEB-2024,
OPTIDX,NIFTY,28-Mar-2024,22000,CE,447,467,364.4,377.7,377.7,10988,123071.35,1213900,9100,12-FEB-2024,
OPTIDX,NIFTY,28-Mar-2024,22050,CE,405.15,405.15,344,355.6,355.6,143,1602.66,10900,3350,12-FEB-2024,
OPTIDX,NIFTY,28-Mar-2024,22100,CE,387.15,409,319,326.9,326.9,675,7575.28,67350,7200,12-FEB-2024,
OPTIDX,NIFTY,28-Mar-2024,22150,CE,385,385,297.85,302.9,302.9,107,1202.62,6000,-550,12-FEB-2024,
OPTIDX,NIFTY,28-Mar-2024,22200,CE,355.95,361,279,287.65,287.65,1399,15745.86,120350,1350,12-FEB-2024,
OPTIDX,NIFTY,28-Mar-2024,22250,CE,325.35,334.9,263.7,267.9,267.9,69,777.49,3900,450,12-FEB-2024,
OPTIDX,NIFTY,28-Mar-2024,22300,CE,299.55,315.2,243.25,254.25,254.25,1719,19392.84,87500,7500,12-FEB-2024,
OPTIDX,NIFTY,28-Mar-2024,22350,CE,291.1,296.95,223.2,232.2,232.2,121,1367.02,3850,-1100,12-FEB-2024,
OPTIDX,NIFTY,28-Mar-2024,22400,CE,261.05,275.25,209,216.9,216.9,944,10681.62,62150,6100,12-FEB-2024,
OPTIDX,NIFTY,28-Mar-2024,22450,CE,253.95,253.95,195.8,202.35,202.35,134,1518.67,12200,1050,12-FEB-2024,
OPTIDX,NIFTY,28-Mar-2024,22500,CE,234.05,242,179.3,187.05,187.05,7388,83848.95,609800,29600,12-FEB-2024,
OPTIDX,NIFTY,28-Mar-2024,22550,CE,215.35,222.1,167.95,174.3,174.3,452,5137.3,31350,-13050,12-FEB-2024,
OPTIDX,NIFTY,28-Mar-2024,22600,CE,197.05,207.05,154,160.3,160.3,1124,12797.59,50800,2000,12-FEB-2024,
OPTIDX,NIFTY,28-Mar-2024,22650,CE,180.55,192.5,144.2,148.7,148.7,330,3764.26,8300,-1150,12-FEB-2024,
OPTIDX,NIFTY,28-Mar-2024,22700,CE,172.6,177.55,129.6,135.25,135.25,1534,17523.18,82000,-1500,12-FEB-2024,
OPTIDX,NIFTY,28-Mar-2024,22750,CE,150,150,120,126.85,126.85,142,1624.72,9800,2500,12-FEB-2024,
OPTIDX,NIFTY,28-Mar-2024,22800,CE,143.95,151.25,109.35,115.05,115.05,1874,21478.21,268950,21800,12-FEB-2024,
OPTIDX,NIFTY,28-Mar-2024,22850,CE,122.5,122.5,102.75,106.7,106.7,239,2743.72,7150,-3000,12-FEB-2024,
OPTIDX,NIFTY,28-Mar-2024,22900,CE,120,127.35,94,98.35,98.35,925,10639.92,68150,850,12-FEB-2024,
OPTIDX,NIFTY,28-Mar-2024,22950,CE,112.1,116.9,86.9,90.6,90.6,129,1486.48,37250,300,12-FEB-2024,
OPTIDX,NIFTY,28-Mar-2024,23000,CE,105.05,109.1,80.05,83.65,83.65,16557,191157.08,1247350,49200,12-FEB-2024,
OPTIDX,NIFTY,28-Mar-2024,23050,CE,93.1,98,73.55,75.05,75.05,109,1260.74,7650,1950,12-FEB-2024,
OPTIDX,NIFTY,28-Mar-2024,23100,CE,84.35,90.3,65.75,67.8,67.8,1087,12594.13,90600,10200,12-FEB-2024,
OPTIDX,NIFTY,28-Mar-2024,23150,CE,77.6,79.3,62.7,62.7,62.7,55,638.5,7700,1000,12-FEB-2024,
OPTIDX,NIFTY,28-Mar-2024,23200,CE,67.15,74.95,55.05,57.25,57.25,2087,24274.4,70600,7350,12-FEB-2024,
OPTIDX,NIFTY,28-Mar-2024,23250,CE,58.9,67.1,53.7,54,54,38,442.87,8850,150,12-FEB-2024,
OPTIDX,NIFTY,28-Mar-2024,23300,CE,49.1,61.8,45.85,47.55,47.55,1704,19894.84,121650,4800,12-FEB-2024,
OPTIDX,NIFTY,28-Mar-2024,23350,CE,58.25,58.75,43.15,44.8,44.8,217,2539,6550,4800,12-FEB-2024,
OPTIDX,NIFTY,28-Mar-2024,23400,CE,49.95,52.85,39.6,41.15,41.15,820,9611.97,24850,-10850,12-FEB-2024,
OPTIDX,NIFTY,28-Mar-2024,23450,CE,48,49.1,37.25,38.65,38.65,315,3699.88,15000,5950,12-FEB-2024,
OPTIDX,NIFTY,28-Mar-2024,23500,CE,45,46.55,35,36.15,36.15,7354,86551.89,424550,-350,12-FEB-2024,
OPTIDX,NIFTY,28-Mar-2024,23550,CE,41.35,42.8,32.15,33.1,33.1,54,636.81,4100,250,12-FEB-2024,
OPTIDX,NIFTY,28-Mar-2024,23600,CE,38.95,43.1,29.05,33.4,33.4,340,4017.95,16600,1750,12-FEB-2024,
OPTIDX,NIFTY,28-Mar-2024,23650,CE,34.85,34.85,30.2,30.3,30.3,4,47.36,4950,200,12-FEB-2024,
OPTIDX,NIFTY,28-Mar-2024,23700,CE,31.8,33.65,25.85,26.35,26.35,860,10203.19,33600,13350,12-FEB-2024,
OPTIDX,NIFTY,28-Mar-2024,23750,CE,27.55,27.55,25.15,25.55,25.55,41,487.4,3550,200,12-FEB-2024,
OPTIDX,NIFTY,28-Mar-2024,23800,CE,29,29,21.8,23.45,23.45,809,9637.09,41450,5300,12-FEB-2024,
OPTIDX,NIFTY,28-Mar-2024,23850,CE,26.2,30,22.95,23.95,23.95,25,298.44,16800,-150,12-FEB-2024,
OPTIDX,NIFTY,28-Mar-2024,24000,CE,22.7,25.9,19.5,20,20,4891,58742.18,900850,-38800,12-FEB-2024,
OPTIDX,NIFTY,28-Mar-2024,25000,CE,11.15,11.55,7.6,8.95,8.95,1273,15918.81,380200,4150,12-FEB-2024,
OPTIDX,NIFTY,28-Mar-2024,26000,CE,8.15,8.2,6.1,6.65,6.65,1246,16202.16,153150,1000,12-FEB-2024,
OPTIDX,NIFTY,28-Mar-2024,27000,CE,5.2,5.4,3.65,3.95,3.95,408,5508.95,30250,3500,12-FEB-2024,
OPTIDX,NIFTY,28-Mar-2024,14000,PE,3.85,3.85,2.35,2.65,2.65,47,329.06,133100,750,12-FEB-2024,
OPTIDX,NIFTY,28-Mar-2024,15000,PE,2.9,3.05,2.9,3,3,20,150.03,9000,400,12-FEB-2024,
OPTIDX,NIFTY,28-Mar-2024,16000,PE,6.8,6.8,4.7,4.95,4.95,738,5906,148450,-25400,12-FEB-2024,
OPTIDX,NIFTY,28-Mar-2024,17000,PE,7.2,8.9,6.8,7.15,7.15,390,3316.43,333950,1250,12-FEB-2024,
OPTIDX,NIFTY,28-Mar-2024,18000,PE,12.5,12.9,9.75,10,10,939,8456.28,870850,-4850,12-FEB-2024,
OPTIDX,NIFTY,28-Mar-2024,19000,PE,18.2,18.95,16.45,17.35,17.35,2010,19112.94,1416500,-8550,12-FEB-2024,
OPTIDX,NIFTY,28-Mar-2024,19500,PE,24.05,27.75,22.3,25.25,25.25,1256,12261.46,149150,10450,12-FEB-2024,
OPTIDX,NIFTY,28-Mar-2024,19550,PE,0,0,0,44.35,1.9,0,0,1150,0,12-FEB-2024,
OPTIDX,NIFTY,28-Mar-2024,19600,PE,15,15,15,15,2.3,1,9.8,16200,0,12-FEB-2024,
OPTIDX,NIFTY,28-Mar-2024,19650,PE,0,0,0,60,2.75,0,0,1350,0,12-FEB-2024,
OPTIDX,NIFTY,28-Mar-2024,19700,PE,30,31,30,30.75,30.75,4,39.46,105850,100,12-FEB-2024,
OPTIDX,NIFTY,28-Mar-2024,19750,PE,0,0,0,51,3.85,0,0,750,0,12-FEB-2024,
OPTIDX,NIFTY,28-Mar-2024,19800,PE,29.45,36.1,22.05,33.05,33.05,904,8964.35,175450,1750,12-FEB-2024,
OPTIDX,NIFTY,28-Mar-2024,19850,PE,0,0,0,66.85,5.35,0,0,200,0,12-FEB-2024,
OPTIDX,NIFTY,28-Mar-2024,19900,PE,35.2,43,34.6,38.55,38.55,747,7446.75,241750,-5550,12-FEB-2024,
OPTIDX,NIFTY,28-Mar-2024,19950,PE,0,0,0,52,7.35,0,0,0,0,12-FEB-2024,
OPTIDX,NIFTY,28-Mar-2024,20000,PE,40,50.7,39,46.15,46.15,10972,109965.87,2491600,-72400,12-FEB-2024,
OPTIDX,NIFTY,28-Mar-2024,20050,PE,0,0,0,60.5,10,0,0,0,0,12-FEB-2024,
OPTIDX,NIFTY,28-Mar-2024,20100,PE,44.35,54.55,42.6,49.05,49.05,1193,12018.36,249900,-16550,12-FEB-2024,
OPTIDX,NIFTY,28-Mar-2024,20150,PE,0,0,0,49.6,13.35,0,0,2000,0,12-FEB-2024,
OPTIDX,NIFTY,28-Mar-2024,20200,PE,43.7,61.6,43.7,56.9,56.9,5839,59131.41,371200,17600,12-FEB-2024,
OPTIDX,NIFTY,28-Mar-2024,20250,PE,0,0,0,51.1,17.7,0,0,100,0,12-FEB-2024,
OPTIDX,NIFTY,28-Mar-2024,20300,PE,54.15,70.05,51.7,62.3,62.3,1488,15148.25,200950,23750,12-FEB-2024,
OPTIDX,NIFTY,28-Mar-2024,20350,PE,0,0,0,65.5,23.15,0,0,7550,0,12-FEB-2024,
OPTIDX,NIFTY,28-Mar-2024,20400,PE,64.75,81.55,59,75.1,75.1,2466,25240.83,277950,3300,12-FEB-2024,
OPTIDX,NIFTY,28-Mar-2024,20450,PE,0,0,0,104,29.95,0,0,1150,0,12-FEB-2024,
OPTIDX,NIFTY,28-Mar-2024,20500,PE,73.6,96.55,71.2,88.8,88.8,9337,96097.77,1128200,-51250,12-FEB-2024,
OPTIDX,NIFTY,28-Mar-2024,20550,PE,58.05,93.85,58.05,90.1,90.1,24,247.68,2100,-400,12-FEB-2024,
OPTIDX,NIFTY,28-Mar-2024,20600,PE,85.55,109.6,79.5,99.95,99.95,2446,25309.18,222750,10250,12-FEB-2024,
OPTIDX,NIFTY,28-Mar-2024,20650,PE,0,0,0,114.5,48.55,0,0,6200,0,12-FEB-2024,
OPTIDX,NIFTY,28-Mar-2024,20700,PE,93.7,122,88.9,109.7,109.7,1423,14802.05,207100,5500,12-FEB-2024,
OPTIDX,NIFTY,28-Mar-2024,20750,PE,96.6,130,96.25,112.8,112.8,85,886.66,15300,-1000,12-FEB-2024,
OPTIDX,NIFTY,28-Mar-2024,20800,PE,107.55,140.4,102,128.95,128.95,1846,19310.38,194450,13450,12-FEB-2024,
OPTIDX,NIFTY,28-Mar-2024,20850,PE,116.55,147.95,110.9,137.7,75.6,49,513.97,9350,800,12-FEB-2024,
OPTIDX,NIFTY,28-Mar-2024,20900,PE,123.45,160,118.7,147.65,147.65,1163,12237.82,139550,10200,12-FEB-2024,
OPTIDX,NIFTY,28-Mar-2024,20950,PE,137.7,170.75,134.6,150.9,150.9,66,696.35,13400,50,12-FEB-2024,
OPTIDX,NIFTY,28-Mar-2024,21000,PE,147.4,186.5,138.8,171.8,171.8,22679,239997.56,3042450,160500,12-FEB-2024,
OPTIDX,NIFTY,28-Mar-2024,21050,PE,170.85,183.15,170.85,176.75,176.75,4,42.45,20750,0,12-FEB-2024,
OPTIDX,NIFTY,28-Mar-2024,21100,PE,166.9,209.35,156.3,191.4,191.4,1709,18195.05,93550,-33900,12-FEB-2024,
OPTIDX,NIFTY,28-Mar-2024,21150,PE,145.4,219.9,145.4,200.25,200.25,104,1110.02,7200,-1850,12-FEB-2024,
OPTIDX,NIFTY,28-Mar-2024,21200,PE,180.55,231.35,173.05,210.7,210.7,1919,20538.14,97800,3100,12-FEB-2024,
OPTIDX,NIFTY,28-Mar-2024,21250,PE,195.95,242,192.25,230.2,230.2,413,4435.74,17250,8000,12-FEB-2024,
OPTIDX,NIFTY,28-Mar-2024,21300,PE,210.4,262.1,198,235.35,235.35,8198,88278.43,332600,30450,12-FEB-2024,
OPTIDX,NIFTY,28-Mar-2024,21350,PE,218.25,268.7,218.25,252.25,252.25,184,1987.24,20600,-750,12-FEB-2024,
OPTIDX,NIFTY,28-Mar-2024,21400,PE,227.75,292,223.6,274.75,274.75,2498,27064.08,110300,15700,12-FEB-2024,
OPTIDX,NIFTY,28-Mar-2024,21450,PE,245.4,308.2,238.55,294.5,294.5,140,1521.32,8500,350,12-FEB-2024,
OPTIDX,NIFTY,28-Mar-2024,21500,PE,252,329.35,250.05,312.95,312.95,22653,246908.23,978400,179650,12-FEB-2024,
OPTIDX,NIFTY,28-Mar-2024,21550,PE,274.8,339.25,271.4,332.15,332.15,180,1968.62,6550,2900,12-FEB-2024,
OPTIDX,NIFTY,28-Mar-2024,21600,PE,287.55,366.7,281,350.75,350.75,6486,71128.14,134550,900,12-FEB-2024,
OPTIDX,NIFTY,28-Mar-2024,21650,PE,323.2,381.1,301.85,365.05,365.05,240,2640.36,8550,3400,12-FEB-2024,
OPTIDX,NIFTY,28-Mar-2024,21700,PE,327.05,407,313.05,389.65,389.65,7908,87280.76,141250,13400,12-FEB-2024,
OPTIDX,NIFTY,28-Mar-2024,21750,PE,335.7,425,330.15,399.85,399.85,388,4292.9,12850,-150,12-FEB-2024,
OPTIDX,NIFTY,28-Mar-2024,21800,PE,367.05,451.1,349,428.8,428.8,3655,40575.44,140850,-19000,12-FEB-2024,
OPTIDX,NIFTY,28-Mar-2024,21850,PE,373.65,472,365.65,453.75,453.75,117,1303.81,5700,-200,12-FEB-2024,
OPTIDX,NIFTY,28-Mar-2024,21900,PE,402.2,499.55,385.05,478.55,478.55,1234,13791.58,145950,-10000,12-FEB-2024,
OPTIDX,NIFTY,28-Mar-2024,21950,PE,414.8,519.15,414.8,502.9,502.9,212,2376.94,6450,-850,12-FEB-2024,
OPTIDX,NIFTY,28-Mar-2024,22000,PE,400.1,551,400.1,529.25,529.25,15532,174708.17,1262500,35750,12-FEB-2024,
OPTIDX,NIFTY,28-Mar-2024,22050,PE,472.05,548,461.15,544,519.4,57,643.02,5400,-1350,12-FEB-2024,
OPTIDX,NIFTY,28-Mar-2024,22100,PE,490,600,478.05,579.25,579.25,370,4189.85,41300,-50,12-FEB-2024,
OPTIDX,NIFTY,28-Mar-2024,22150,PE,506.9,560.05,506.9,545.8,582.05,7,79.42,5700,50,12-FEB-2024,
OPTIDX,NIFTY,28-Mar-2024,22200,PE,547,658.05,527,635.7,635.7,312,3555.64,54200,-4250,12-FEB-2024,
OPTIDX,NIFTY,28-Mar-2024,22250,PE,562.75,644.55,562.75,606.6,648.5,79,903.63,2600,650,12-FEB-2024,
OPTIDX,NIFTY,28-Mar-2024,22300,PE,451,719.65,451,694.05,694.05,165,1893.76,18850,-2350,12-FEB-2024,
OPTIDX,NIFTY,28-Mar-2024,22350,PE,609,635.8,609,630.25,718.5,8,91.89,3400,100,12-FEB-2024,
OPTIDX,NIFTY,28-Mar-2024,22400,PE,664.05,767,644,753.7,753.7,87,1005.05,13500,3000,12-FEB-2024,
OPTIDX,NIFTY,28-Mar-2024,22450,PE,682.5,782.7,666.85,782.7,791.9,7,81.02,2800,150,12-FEB-2024,
OPTIDX,NIFTY,28-Mar-2024,22500,PE,736.45,862.95,700,835.3,835.3,1164,13559.63,157400,1650,12-FEB-2024,
OPTIDX,NIFTY,28-Mar-2024,22550,PE,0,0,0,780.75,868.45,0,0,3100,0,12-FEB-2024,
OPTIDX,NIFTY,28-Mar-2024,22600,PE,768.05,908.8,768.05,908.35,908.35,21,246.53,8400,50,12-FEB-2024,
OPTIDX,NIFTY,28-Mar-2024,22650,PE,0,0,0,864.3,947.9,0,0,2750,0,12-FEB-2024,
OPTIDX,NIFTY,28-Mar-2024,22700,PE,870.05,994,870.05,972.65,972.65,14,165.61,8800,50,12-FEB-2024,
OPTIDX,NIFTY,28-Mar-2024,22750,PE,0,0,0,918,1030.05,0,0,3250,0,12-FEB-2024,
OPTIDX,NIFTY,28-Mar-2024,22800,PE,0,0,0,985.35,1072,0,0,5050,0,12-FEB-2024,
OPTIDX,NIFTY,28-Mar-2024,22850,PE,966.1,1074.95,966.1,1074.95,1074.95,4,47.74,2300,0,12-FEB-2024,
OPTIDX,NIFTY,28-Mar-2024,22900,PE,1100,1100,1100,1100,1157.65,1,12,4900,-50,12-FEB-2024,
OPTIDX,NIFTY,28-Mar-2024,22950,PE,1029.85,1129.2,1029.85,1129.2,1129.2,5,60.04,2500,50,12-FEB-2024,
OPTIDX,NIFTY,28-Mar-2024,23000,PE,1093.65,1250,1064.85,1213.95,1213.95,581,7026.3,223850,4600,12-FEB-2024,
OPTIDX,NIFTY,28-Mar-2024,23050,PE,1250,1250,1250,1250,1289.9,1,12.15,1900,0,12-FEB-2024,
OPTIDX,NIFTY,28-Mar-2024,23100,PE,0,0,0,1219.5,1334.85,0,0,1700,0,12-FEB-2024,
OPTIDX,NIFTY,28-Mar-2024,23150,PE,0,0,0,1203.95,1380.2,0,0,1100,0,12-FEB-2024,
OPTIDX,NIFTY,28-Mar-2024,23200,PE,0,0,0,1264.6,1425.9,0,0,1450,0,12-FEB-2024,
OPTIDX,NIFTY,28-Mar-2024,23250,PE,0,0,0,1150.65,1471.95,0,0,1050,0,12-FEB-2024,
OPTIDX,NIFTY,28-Mar-2024,23300,PE,0,0,0,1322,1518.35,0,0,1300,0,12-FEB-2024,
OPTIDX,NIFTY,28-Mar-2024,23350,PE,0,0,0,1260.85,1565,0,0,500,0,12-FEB-2024,
OPTIDX,NIFTY,28-Mar-2024,23400,PE,0,0,0,1248.5,1611.95,0,0,700,0,12-FEB-2024,
OPTIDX,NIFTY,28-Mar-2024,23450,PE,0,0,0,1526.5,1659.15,0,0,150,0,12-FEB-2024,
OPTIDX,NIFTY,28-Mar-2024,23500,PE,1610,1665,1608,1665,1706.6,10,125.69,6300,100,12-FEB-2024,
OPTIDX,NIFTY,28-Mar-2024,23550,PE,0,0,0,1285.25,1754.25,0,0,50,0,12-FEB-2024,
OPTIDX,NIFTY,28-Mar-2024,23600,PE,0,0,0,1581.9,1802.1,0,0,0,0,12-FEB-2024,
OPTIDX,NIFTY,28-Mar-2024,23650,PE,0,0,0,1621.9,1850.1,0,0,0,0,12-FEB-2024,
OPTIDX,NIFTY,28-Mar-2024,23700,PE,0,0,0,1662.25,1898.25,0,0,0,0,12-FEB-2024,
OPTIDX,NIFTY,28-Mar-2024,23750,PE,0,0,0,1702.95,1946.6,0,0,0,0,12-FEB-2024,
OPTIDX,NIFTY,28-Mar-2024,23800,PE,0,0,0,1744.05,1995.05,0,0,0,0,12-FEB-2024,
OPTIDX,NIFTY,28-Mar-2024,23850,PE,0,0,0,1785.45,2043.65,0,0,0,0,12-FEB-2024,
OPTIDX,NIFTY,28-Mar-2024,24000,PE,1982.5,2163.65,1952,2133.05,2133.05,336,4384.86,255800,2050,12-FEB-2024,
OPTIDX,NIFTY,28-Mar-2024,25000,PE,2940,3120,2935,3108.95,3108.95,50,701.22,425200,700,12-FEB-2024,
OPTIDX,NIFTY,28-Mar-2024,26000,PE,3940,4100,3940,4091.9,4168.5,28,420.53,16550,750,12-FEB-2024,
OPTIDX,NIFTY,28-Mar-2024,27000,PE,0,0,0,4799,5160.2,0,0,700,0,12-FEB-2024,
OPTIDX,NIFTY,25-Apr-2024,19600,CE,0,0,0,2149.7,2288.75,0,0,0,0,12-FEB-2024,
OPTIDX,NIFTY,25-Apr-2024,19650,CE,0,0,0,2104.85,2240.7,0,0,0,0,12-FEB-2024,
OPTIDX,NIFTY,25-Apr-2024,19700,CE,0,0,0,2060.25,2192.8,0,0,0,0,12-FEB-2024,
OPTIDX,NIFTY,25-Apr-2024,19750,CE,0,0,0,2016,2145.05,0,0,0,0,12-FEB-2024,
OPTIDX,NIFTY,25-Apr-2024,19800,CE,0,0,0,1972,2097.5,0,0,0,0,12-FEB-2024,
OPTIDX,NIFTY,25-Apr-2024,19850,CE,0,0,0,1928.35,2050.1,0,0,0,0,12-FEB-2024,
OPTIDX,NIFTY,25-Apr-2024,19900,CE,0,0,0,1885,2002.9,0,0,0,0,12-FEB-2024,
OPTIDX,NIFTY,25-Apr-2024,19950,CE,0,0,0,1842,1955.9,0,0,0,0,12-FEB-2024,
OPTIDX,NIFTY,25-Apr-2024,20000,CE,2108,2156,2015,2018.35,2018.35,30,330.72,500,0,12-FEB-2024,
OPTIDX,NIFTY,25-Apr-2024,20050,CE,0,0,0,1757.1,1862.6,0,0,0,0,12-FEB-2024,
OPTIDX,NIFTY,25-Apr-2024,20100,CE,0,0,0,1715.15,1816.35,0,0,0,0,12-FEB-2024,
OPTIDX,NIFTY,25-Apr-2024,20150,CE,0,0,0,1673.65,1770.4,0,0,0,0,12-FEB-2024,
OPTIDX,NIFTY,25-Apr-2024,20200,CE,0,0,0,1632.55,1724.7,0,0,0,0,12-FEB-2024,
OPTIDX,NIFTY,25-Apr-2024,20250,CE,0,0,0,1591.85,1679.3,0,0,0,0,12-FEB-2024,
OPTIDX,NIFTY,25-Apr-2024,20300,CE,0,0,0,1551.6,1634.3,0,0,0,0,12-FEB-2024,
OPTIDX,NIFTY,25-Apr-2024,20350,CE,0,0,0,1511.75,1589.6,0,0,0,0,12-FEB-2024,
OPTIDX,NIFTY,25-Apr-2024,20400,CE,0,0,0,1472.35,1545.3,0,0,0,0,12-FEB-2024,
OPTIDX,NIFTY,25-Apr-2024,20450,CE,0,0,0,1433.45,1501.4,0,0,0,0,12-FEB-2024,
OPTIDX,NIFTY,25-Apr-2024,20500,CE,1669,1669,1669,1669,1457.9,6,66.5,500,-300,12-FEB-2024,
OPTIDX,NIFTY,25-Apr-2024,20550,CE,0,0,0,1357.05,1414.85,0,0,0,0,12-FEB-2024,
OPTIDX,NIFTY,25-Apr-2024,20600,CE,0,0,0,1319.6,1372.25,0,0,0,0,12-FEB-2024,
OPTIDX,NIFTY,25-Apr-2024,20650,CE,0,0,0,1282.65,1330.1,0,0,0,0,12-FEB-2024,
OPTIDX,NIFTY,25-Apr-2024,20700,CE,0,0,0,1247,1288.5,0,0,0,0,12-FEB-2024,
OPTIDX,NIFTY,25-Apr-2024,20750,CE,0,0,0,1211,1247.4,0,0,0,0,12-FEB-2024,
OPTIDX,NIFTY,25-Apr-2024,20800,CE,0,0,0,1174.75,1206.85,0,0,0,0,12-FEB-2024,
OPTIDX,NIFTY,25-Apr-2024,20850,CE,0,0,0,1139.95,1166.85,0,0,0,0,12-FEB-2024,
OPTIDX,NIFTY,25-Apr-2024,20900,CE,0,0,0,1105.75,1127.45,0,0,0,0,12-FEB-2024,
OPTIDX,NIFTY,25-Apr-2024,20950,CE,0,0,0,1072.05,1088.65,0,0,0,0,12-FEB-2024,
OPTIDX,NIFTY,25-Apr-2024,21000,CE,1324,1335,1154.35,1212.55,1212.55,163,1810.71,22900,3450,12-FEB-2024,
OPTIDX,NIFTY,25-Apr-2024,21050,CE,0,0,0,1006.45,1012.95,0,0,0,0,12-FEB-2024,
OPTIDX,NIFTY,25-Apr-2024,21100,CE,0,0,0,974.55,976.05,0,0,0,0,12-FEB-2024,
OPTIDX,NIFTY,25-Apr-2024,21150,CE,0,0,0,943.2,939.85,0,0,0,0,12-FEB-2024,
OPTIDX,NIFTY,25-Apr-2024,21200,CE,0,0,0,912.45,904.35,0,0,0,0,12-FEB-2024,
OPTIDX,NIFTY,25-Apr-2024,21250,CE,0,0,0,882.35,869.55,0,0,0,0,12-FEB-2024,
OPTIDX,NIFTY,25-Apr-2024,21300,CE,0,0,0,852.8,835.5,0,0,0,0,12-FEB-2024,
OPTIDX,NIFTY,25-Apr-2024,21350,CE,0,0,0,823.9,802.15,0,0,0,0,12-FEB-2024,
OPTIDX,NIFTY,25-Apr-2024,21400,CE,915.05,915.05,915.05,915.05,769.55,1,11.15,50,0,12-FEB-2024,
OPTIDX,NIFTY,25-Apr-2024,21450,CE,0,0,0,767.95,737.75,0,0,0,0,12-FEB-2024,
OPTIDX,NIFTY,25-Apr-2024,21500,CE,951.95,965,839.45,851.55,851.55,391,4372.5,18150,2950,12-FEB-2024,
OPTIDX,NIFTY,25-Apr-2024,21550,CE,0,0,0,714.45,676.4,0,0,0,0,12-FEB-2024,
OPTIDX,NIFTY,25-Apr-2024,21600,CE,900,900,784,795.6,795.6,52,582.46,2500,1300,12-FEB-2024,
OPTIDX,NIFTY,25-Apr-2024,21650,CE,0,0,0,663.45,618.25,0,0,0,0,12-FEB-2024,
OPTIDX,NIFTY,25-Apr-2024,21700,CE,826.15,827.65,732.2,760.1,590.35,39,438.18,3250,450,12-FEB-2024,
OPTIDX,NIFTY,25-Apr-2024,21750,CE,0,0,0,792.5,563.25,0,0,100,0,12-FEB-2024,
OPTIDX,NIFTY,25-Apr-2024,21800,CE,772.35,798.4,672.65,692.1,692.1,28,315.17,4700,550,12-FEB-2024,
OPTIDX,NIFTY,25-Apr-2024,21850,CE,0,0,0,568.75,511.5,0,0,0,0,12-FEB-2024,
OPTIDX,NIFTY,25-Apr-2024,21900,CE,718,718,607.4,615.9,615.9,13,146.58,8100,100,12-FEB-2024,
OPTIDX,NIFTY,25-Apr-2024,21950,CE,0,0,0,826,462.95,0,0,150,0,12-FEB-2024,
OPTIDX,NIFTY,25-Apr-2024,22000,CE,642.15,668.95,556.75,569.75,569.75,617,6970.15,75200,2850,12-FEB-2024,
OPTIDX,NIFTY,25-Apr-2024,22050,CE,591.7,591.7,540,586,417.6,8,90.5,800,300,12-FEB-2024,
OPTIDX,NIFTY,25-Apr-2024,22100,CE,585,585,510,510.6,510.6,28,316.73,1800,300,12-FEB-2024,
OPTIDX,NIFTY,25-Apr-2024,22150,CE,0,0,0,445,375.4,0,0,0,0,12-FEB-2024,
OPTIDX,NIFTY,25-Apr-2024,22200,CE,550,550,467.15,473.9,473.9,31,351.58,2900,850,12-FEB-2024,
OPTIDX,NIFTY,25-Apr-2024,22250,CE,0,0,0,408.45,336.3,0,0,0,0,12-FEB-2024,
OPTIDX,NIFTY,25-Apr-2024,22300,CE,480,480,430,446.75,317.9,36,409.43,2600,250,12-FEB-2024,
OPTIDX,NIFTY,25-Apr-2024,22350,CE,0,0,0,374.2,300.25,0,0,0,0,12-FEB-2024,
OPTIDX,NIFTY,25-Apr-2024,22400,CE,414.95,415,414.95,415,283.3,2,22.81,1900,-50,12-FEB-2024,
OPTIDX,NIFTY,25-Apr-2024,22450,CE,0,0,0,342.1,267.1,0,0,0,0,12-FEB-2024,
OPTIDX,NIFTY,25-Apr-2024,22500,CE,407,417,339.85,349.9,349.9,588,6722.42,62400,3300,12-FEB-2024,
OPTIDX,NIFTY,25-Apr-2024,22550,CE,0,0,0,441.3,236.75,0,0,50,0,12-FEB-2024,
OPTIDX,NIFTY,25-Apr-2024,22600,CE,316.4,336.1,316.4,336.1,222.6,7,80.25,2150,-300,12-FEB-2024,
OPTIDX,NIFTY,25-Apr-2024,22650,CE,0,0,0,418.85,209.15,0,0,100,0,12-FEB-2024,
OPTIDX,NIFTY,25-Apr-2024,22700,CE,297.45,318.7,280,280,280,9,103.5,450,-50,12-FEB-2024,
OPTIDX,NIFTY,25-Apr-2024,22750,CE,278.05,279.45,277.85,279.45,184.05,5,57.57,400,250,12-FEB-2024,
OPTIDX,NIFTY,25-Apr-2024,22800,CE,307.4,307.4,240.2,250.7,250.7,54,623.03,2850,-400,12-FEB-2024,
OPTIDX,NIFTY,25-Apr-2024,22850,CE,0,0,0,235.4,161.4,0,0,0,0,12-FEB-2024,
OPTIDX,NIFTY,25-Apr-2024,22900,CE,230.95,230.95,227,227,150.95,3,34.69,750,100,12-FEB-2024,
OPTIDX,NIFTY,25-Apr-2024,22950,CE,0,0,0,212.35,141.05,0,0,0,0,12-FEB-2024,
OPTIDX,NIFTY,25-Apr-2024,23000,CE,235.7,247.45,195.2,201.9,201.9,1632,18941.12,145900,7350,12-FEB-2024,
OPTIDX,NIFTY,25-Apr-2024,23050,CE,0,0,0,191.9,122.75,0,0,0,0,12-FEB-2024,
OPTIDX,NIFTY,25-Apr-2024,23100,CE,0,0,0,224.55,114.4,0,0,1600,0,12-FEB-2024,
OPTIDX,NIFTY,25-Apr-2024,23150,CE,0,0,0,173.05,106.5,0,0,0,0,12-FEB-2024,
OPTIDX,NIFTY,25-Apr-2024,23200,CE,0,0,0,164.2,99.05,0,0,0,0,12-FEB-2024,
OPTIDX,NIFTY,25-Apr-2024,23250,CE,0,0,0,138,92,0,0,50,0,12-FEB-2024,
OPTIDX,NIFTY,25-Apr-2024,23300,CE,125,125.05,125,125.05,125.05,3,35.13,200,0,12-FEB-2024,
OPTIDX,NIFTY,25-Apr-2024,23350,CE,0,0,0,146.75,79.25,0,0,150,0,12-FEB-2024,
OPTIDX,NIFTY,25-Apr-2024,23400,CE,0,0,0,149,73.4,0,0,250,0,12-FEB-2024,
OPTIDX,NIFTY,25-Apr-2024,23450,CE,0,0,0,163,67.95,0,0,100,0,12-FEB-2024,
OPTIDX,NIFTY,25-Apr-2024,23500,CE,129.65,132.45,103.45,106.5,106.5,867,10236.84,65950,2050,12-FEB-2024,
OPTIDX,NIFTY,25-Apr-2024,23550,CE,0,0,0,70.75,58.1,0,0,750,0,12-FEB-2024,
OPTIDX,NIFTY,25-Apr-2024,23600,CE,100.05,113.85,100.05,113.85,53.65,4,47.4,2400,0,12-FEB-2024,
OPTIDX,NIFTY,25-Apr-2024,23650,CE,0,0,0,103.7,49.45,0,0,600,0,12-FEB-2024,
OPTIDX,NIFTY,25-Apr-2024,23700,CE,97.65,97.65,77.9,78.15,78.15,51,606.59,9450,1100,12-FEB-2024,
OPTIDX,NIFTY,25-Apr-2024,19600,PE,0,0,0,5,9.9,0,0,100,0,12-FEB-2024,
OPTIDX,NIFTY,25-Apr-2024,19650,PE,0,0,0,57.1,11.2,0,0,0,0,12-FEB-2024,
OPTIDX,NIFTY,25-Apr-2024,19700,PE,33.15,33.15,33.15,33.15,33.15,2,19.73,200,100,12-FEB-2024,
OPTIDX,NIFTY,25-Apr-2024,19750,PE,0,0,0,74,14.2,0,0,350,0,12-FEB-2024,
OPTIDX,NIFTY,25-Apr-2024,19800,PE,0,0,0,71.65,15.95,0,0,0,0,12-FEB-2024,
OPTIDX,NIFTY,25-Apr-2024,19850,PE,0,0,0,46,17.85,0,0,50,0,12-FEB-2024,
OPTIDX,NIFTY,25-Apr-2024,19900,PE,0,0,0,82.85,20,0,0,0,0,12-FEB-2024,
OPTIDX,NIFTY,25-Apr-2024,19950,PE,0,0,0,89,22.35,0,0,0,0,12-FEB-2024,
OPTIDX,NIFTY,25-Apr-2024,20000,PE,78.8,88.45,73.9,83.85,83.85,1492,14980.01,268200,31600,12-FEB-2024,
OPTIDX,NIFTY,25-Apr-2024,20050,PE,0,0,0,102.3,27.7,0,0,0,0,12-FEB-2024,
OPTIDX,NIFTY,25-Apr-2024,20100,PE,0,0,0,45.1,30.8,0,0,50,0,12-FEB-2024,
OPTIDX,NIFTY,25-Apr-2024,20150,PE,0,0,0,117.15,34.15,0,0,0,0,12-FEB-2024,
OPTIDX,NIFTY,25-Apr-2024,20200,PE,0,0,0,125.15,37.75,0,0,0,0,12-FEB-2024,
OPTIDX,NIFTY,25-Apr-2024,20250,PE,0,0,0,133.55,41.75,0,0,0,0,12-FEB-2024,
OPTIDX,NIFTY,25-Apr-2024,20300,PE,0,0,0,142.4,46.05,0,0,0,0,12-FEB-2024,
OPTIDX,NIFTY,25-Apr-2024,20350,PE,0,0,0,151.7,50.7,0,0,0,0,12-FEB-2024,
OPTIDX,NIFTY,25-Apr-2024,20400,PE,0,0,0,161.45,55.7,0,0,0,0,12-FEB-2024,
OPTIDX,NIFTY,25-Apr-2024,20450,PE,0,0,0,171.65,61.1,0,0,0,0,12-FEB-2024,
OPTIDX,NIFTY,25-Apr-2024,20500,PE,128.6,147.5,123.85,142.75,142.75,1271,13114.29,192450,23400,12-FEB-2024,
OPTIDX,NIFTY,25-Apr-2024,20550,PE,0,0,0,193.5,73.25,0,0,0,0,12-FEB-2024,
OPTIDX,NIFTY,25-Apr-2024,20600,PE,0,0,0,205.2,79.95,0,0,0,0,12-FEB-2024,
OPTIDX,NIFTY,25-Apr-2024,20650,PE,0,0,0,217.35,87.15,0,0,0,0,12-FEB-2024,
OPTIDX,NIFTY,25-Apr-2024,20700,PE,0,0,0,230.8,94.9,0,0,0,0,12-FEB-2024,
OPTIDX,NIFTY,25-Apr-2024,20750,PE,0,0,0,243.95,103.1,0,0,0,0,12-FEB-2024,
OPTIDX,NIFTY,25-Apr-2024,20800,PE,0,0,0,256.8,111.9,0,0,0,0,12-FEB-2024,
OPTIDX,NIFTY,25-Apr-2024,20850,PE,0,0,0,271.15,121.25,0,0,0,0,12-FEB-2024,
OPTIDX,NIFTY,25-Apr-2024,20900,PE,0,0,0,286.05,131.15,0,0,0,0,12-FEB-2024,
OPTIDX,NIFTY,25-Apr-2024,20950,PE,0,0,0,301.5,141.7,0,0,0,0,12-FEB-2024,
OPTIDX,NIFTY,25-Apr-2024,21000,PE,208,248,205,235.35,235.35,1791,19009.25,189700,27050,12-FEB-2024,
OPTIDX,NIFTY,25-Apr-2024,21050,PE,0,0,0,334.1,164.65,0,0,0,0,12-FEB-2024,
OPTIDX,NIFTY,25-Apr-2024,21100,PE,250,260,250,256.05,256.05,26,277.62,1200,1200,12-FEB-2024,
OPTIDX,NIFTY,25-Apr-2024,21150,PE,0,0,0,369.1,190.2,0,0,0,0,12-FEB-2024,
OPTIDX,NIFTY,25-Apr-2024,21200,PE,0,0,0,387.5,204.05,0,0,0,0,12-FEB-2024,
OPTIDX,NIFTY,25-Apr-2024,21250,PE,0,0,0,191,218.55,0,0,150,0,12-FEB-2024,
OPTIDX,NIFTY,25-Apr-2024,21300,PE,303,323.6,295,313,313,11,118.82,1250,-50,12-FEB-2024,
OPTIDX,NIFTY,25-Apr-2024,21350,PE,0,0,0,339.7,249.8,0,0,350,0,12-FEB-2024,
OPTIDX,NIFTY,25-Apr-2024,21400,PE,329.45,350,319.65,338.8,338.8,54,586.86,4050,1000,12-FEB-2024,
OPTIDX,NIFTY,25-Apr-2024,21450,PE,0,0,0,359.3,284.05,0,0,400,0,12-FEB-2024,
OPTIDX,NIFTY,25-Apr-2024,21500,PE,339.6,389,320,367.25,367.25,2155,23558.93,137050,53050,12-FEB-2024,
OPTIDX,NIFTY,25-Apr-2024,21550,PE,410,410,368.5,368.5,368.5,4,43.89,1350,100,12-FEB-2024,
OPTIDX,NIFTY,25-Apr-2024,21600,PE,371,422.15,371,405.8,405.8,175,1925.19,7000,1500,12-FEB-2024,
OPTIDX,NIFTY,25-Apr-2024,21650,PE,411,433.45,411,428.45,428.45,29,320.02,2100,550,12-FEB-2024,
OPTIDX,NIFTY,25-Apr-2024,21700,PE,410,460,407.45,447.2,447.2,124,1372.44,7450,850,12-FEB-2024,
OPTIDX,NIFTY,25-Apr-2024,21750,PE,440,440,440,440,405.55,1,11.09,400,0,12-FEB-2024,
OPTIDX,NIFTY,25-Apr-2024,21800,PE,423.1,496.15,423.1,463.95,428.6,33,367.16,5350,-250,12-FEB-2024,
OPTIDX,NIFTY,25-Apr-2024,21850,PE,0,0,0,682.35,452.45,0,0,0,0,12-FEB-2024,
OPTIDX,NIFTY,25-Apr-2024,21900,PE,535.3,537,510,523.5,523.5,16,179.41,3100,-250,12-FEB-2024,
OPTIDX,NIFTY,25-Apr-2024,21950,PE,513,539.65,513,539.65,502.55,2,22.47,400,0,12-FEB-2024,
OPTIDX,NIFTY,25-Apr-2024,22000,PE,515,595,495.95,575.05,575.05,1138,12836.76,142250,9050,12-FEB-2024,
OPTIDX,NIFTY,25-Apr-2024,22050,PE,575,575,575,575,555.85,1,11.31,100,50,12-FEB-2024,
OPTIDX,NIFTY,25-Apr-2024,22100,PE,0,0,0,494.85,583.7,0,0,100,0,12-FEB-2024,
OPTIDX,NIFTY,25-Apr-2024,22150,PE,0,0,0,853.35,612.35,0,0,0,0,12-FEB-2024,
OPTIDX,NIFTY,25-Apr-2024,22200,PE,635,670,635,650.45,641.75,25,285.71,3300,200,12-FEB-2024,
OPTIDX,NIFTY,25-Apr-2024,22250,PE,0,0,0,915.05,671.9,0,0,0,0,12-FEB-2024,
OPTIDX,NIFTY,25-Apr-2024,22300,PE,669.15,710,669.15,710,702.8,9,103.43,500,50,12-FEB-2024,
OPTIDX,NIFTY,25-Apr-2024,22350,PE,0,0,0,979,734.5,0,0,0,0,12-FEB-2024,
OPTIDX,NIFTY,25-Apr-2024,22400,PE,782.45,782.45,782.45,782.45,766.9,4,46.36,200,200,12-FEB-2024,
OPTIDX,NIFTY,25-Apr-2024,22450,PE,0,0,0,1045.15,800,0,0,0,0,12-FEB-2024,
OPTIDX,NIFTY,25-Apr-2024,22500,PE,756.25,873.55,754.95,840.8,840.8,361,4210.28,39950,1200,12-FEB-2024,
OPTIDX,NIFTY,25-Apr-2024,22550,PE,0,0,0,1113.45,868.35,0,0,0,0,12-FEB-2024,
OPTIDX,NIFTY,25-Apr-2024,22600,PE,0,0,0,1148.4,903.5,0,0,0,0,12-FEB-2024,
OPTIDX,NIFTY,25-Apr-2024,22650,PE,0,0,0,1183.8,939.35,0,0,0,0,12-FEB-2024,
OPTIDX,NIFTY,25-Apr-2024,22700,PE,0,0,0,1219.7,975.85,0,0,0,0,12-FEB-2024,
OPTIDX,NIFTY,25-Apr-2024,22750,PE,0,0,0,1256.1,1012.95,0,0,0,0,12-FEB-2024,
OPTIDX,NIFTY,25-Apr-2024,22800,PE,0,0,0,1294,1050.65,0,0,0,0,12-FEB-2024,
OPTIDX,NIFTY,25-Apr-2024,22850,PE,0,0,0,1331.45,1088.95,0,0,0,0,12-FEB-2024,
OPTIDX,NIFTY,25-Apr-2024,22900,PE,0,0,0,1368.4,1127.8,0,0,0,0,12-FEB-2024,
OPTIDX,NIFTY,25-Apr-2024,22950,PE,0,0,0,1406.65,1167.25,0,0,0,0,12-FEB-2024,
OPTIDX,NIFTY,25-Apr-2024,23000,PE,1000.6,1220,1000.6,1199.45,1199.45,122,1474.67,26050,4750,12-FEB-2024,
OPTIDX,NIFTY,25-Apr-2024,23050,PE,0,0,0,1484.45,1247.65,0,0,0,0,12-FEB-2024,
OPTIDX,NIFTY,25-Apr-2024,23100,PE,0,0,0,1070.2,1288.6,0,0,0,0,12-FEB-2024,
OPTIDX,NIFTY,25-Apr-2024,23150,PE,0,0,0,1563.8,1330,0,0,0,0,12-FEB-2024,
OPTIDX,NIFTY,25-Apr-2024,23200,PE,0,0,0,1604.1,1371.9,0,0,0,0,12-FEB-2024,
OPTIDX,NIFTY,25-Apr-2024,23250,PE,0,0,0,1644.75,1414.2,0,0,0,0,12-FEB-2024,
OPTIDX,NIFTY,25-Apr-2024,23300,PE,0,0,0,1685.75,1456.95,0,0,0,0,12-FEB-2024,
OPTIDX,NIFTY,25-Apr-2024,23350,PE,0,0,0,1727.15,1500.05,0,0,0,0,12-FEB-2024,
OPTIDX,NIFTY,25-Apr-2024,23400,PE,0,0,0,1768.85,1543.6,0,0,0,0,12-FEB-2024,
OPTIDX,NIFTY,25-Apr-2024,23450,PE,0,0,0,1810.85,1587.45,0,0,0,0,12-FEB-2024,
OPTIDX,NIFTY,25-Apr-2024,23500,PE,0,0,0,1499,1631.7,0,0,400,0,12-FEB-2024,
OPTIDX,NIFTY,25-Apr-2024,23550,PE,0,0,0,1895.9,1676.25,0,0,0,0,12-FEB-2024,
OPTIDX,NIFTY,25-Apr-2024,23600,PE,0,0,0,1938.85,1721.1,0,0,0,0,12-FEB-2024,
OPTIDX,NIFTY,25-Apr-2024,23650,PE,0,0,0,1982.1,1766.3,0,0,0,0,12-FEB-2024,
OPTIDX,NIFTY,25-Apr-2024,23700,PE,0,0,0,1590.95,1811.75,0,0,100,0,12-FEB-2024,
OPTIDX,NIFTY,27-Jun-2024,15000,CE,0,0,0,4599.25,6988.6,0,0,50,0,12-FEB-2024,
OPTIDX,NIFTY,27-Jun-2024,16000,CE,0,0,0,2666.1,6013.45,0,0,0,0,12-FEB-2024,
OPTIDX,NIFTY,27-Jun-2024,17000,CE,0,0,0,5010.65,5038.35,0,0,50,0,12-FEB-2024,
OPTIDX,NIFTY,27-Jun-2024,18000,CE,4100,4100,4100,4100,4064.55,2,22.1,19750,100,12-FEB-2024,
OPTIDX,NIFTY,27-Jun-2024,18500,CE,0,0,0,3554.75,3580,0,0,2825,0,12-FEB-2024,
OPTIDX,NIFTY,27-Jun-2024,19000,CE,3380,3380,3212.05,3219,3100.25,53,589.78,118000,500,12-FEB-2024,
OPTIDX,NIFTY,27-Jun-2024,20000,CE,2529.2,2529.2,2371,2386.5,2386.5,37,415.11,192150,0,12-FEB-2024,
OPTIDX,NIFTY,27-Jun-2024,21000,CE,1727.55,1775.55,1625,1644.6,1644.6,216,2448.19,351000,900,12-FEB-2024,
OPTIDX,NIFTY,27-Jun-2024,22000,CE,1097.1,1161.15,1003.5,1025.9,1025.9,881,10152.56,397600,-1400,12-FEB-2024,
OPTIDX,NIFTY,27-Jun-2024,23000,CE,635,648.25,570,587,587,902,10642.02,785900,2600,12-FEB-2024,
OPTIDX,NIFTY,27-Jun-2024,24000,CE,325,342.45,290,313.75,313.75,1820,22119.74,324750,27650,12-FEB-2024,
OPTIDX,NIFTY,27-Jun-2024,25000,CE,144,153.05,128.55,144.15,144.15,942,11842.4,232450,14600,12-FEB-2024,
OPTIDX,NIFTY,27-Jun-2024,26000,CE,70.8,71.4,59,63.1,63.1,218,2840.89,51900,1150,12-FEB-2024,
OPTIDX,NIFTY,27-Jun-2024,27000,CE,0,0,0,331.6,2.8,0,0,0,0,12-FEB-2024,
OPTIDX,NIFTY,27-Jun-2024,14000,PE,0,0,0,3.05,0.05,0,0,7125,0,12-FEB-2024,
OPTIDX,NIFTY,27-Jun-2024,15000,PE,0,0,0,3.05,0.05,0,0,12425,0,12-FEB-2024,
OPTIDX,NIFTY,27-Jun-2024,16000,PE,0,0,0,3.05,0.05,0,0,37950,0,12-FEB-2024,
OPTIDX,NIFTY,27-Jun-2024,17000,PE,38,44.5,35.5,40.75,40.75,59,502.67,130350,1650,12-FEB-2024,
OPTIDX,NIFTY,27-Jun-2024,18000,PE,57,65.1,56,63.75,63.75,488,4406.5,535600,-750,12-FEB-2024,
OPTIDX,NIFTY,27-Jun-2024,19000,PE,115.35,128.8,111.7,126.35,126.35,1017,9722.91,853400,-9100,12-FEB-2024,
OPTIDX,NIFTY,27-Jun-2024,20000,PE,229.65,255.2,223.65,249.25,249.25,2635,26667.15,1099100,-11250,12-FEB-2024,
OPTIDX,NIFTY,27-Jun-2024,21000,PE,433,470.9,421.6,463.75,463.75,1311,14061.5,1153950,7750,12-FEB-2024,
OPTIDX,NIFTY,27-Jun-2024,22000,PE,780.4,833.05,746,815.2,815.2,1511,17228.55,997650,7500,12-FEB-2024,
OPTIDX,NIFTY,27-Jun-2024,23000,PE,1231.65,1371.3,1231.65,1347.6,1347.6,217,2637.28,181150,750,12-FEB-2024,
OPTIDX,NIFTY,27-Jun-2024,24000,PE,1977,2030,1970,2000,1919.85,91,1182.05,83050,3650,12-FEB-2024,
OPTIDX,NIFTY,27-Jun-2024,25000,PE,0,0,0,7199.55,2806.05,0,0,0,0,12-FEB-2024,
OPTIDX,NIFTY,27-Jun-2024,26000,PE,0,0,0,8015.6,3750.05,0,0,0,0,12-FEB-2024,
OPTIDX,NIFTY,27-Jun-2024,27000,PE,0,0,0,8206,4716.15,0,0,0,0,12-FEB-2024,
OPTIDX,NIFTY,26-Sep-2024,16000,CE,0,0,0,4667.4,6273.95,0,0,0,0,12-FEB-2024,
OPTIDX,NIFTY,26-Sep-2024,17000,CE,0,0,0,3800.4,5316.05,0,0,0,0,12-FEB-2024,
OPTIDX,NIFTY,26-Sep-2024,18000,CE,0,0,0,2994.95,4363.35,0,0,0,0,12-FEB-2024,
OPTIDX,NIFTY,26-Sep-2024,19000,CE,0,0,0,2277.4,3430,0,0,0,0,12-FEB-2024,
OPTIDX,NIFTY,26-Sep-2024,20000,CE,0,0,0,1666.45,2547.55,0,0,0,0,12-FEB-2024,
OPTIDX,NIFTY,26-Sep-2024,21000,CE,0,0,0,1173.8,1763.65,0,0,0,0,12-FEB-2024,
OPTIDX,NIFTY,26-Sep-2024,22000,CE,1402,1410,1330,1330,1330,45,525.81,9000,-1150,12-FEB-2024,
OPTIDX,NIFTY,26-Sep-2024,23000,CE,903.65,903.65,840.45,850.95,850.95,19,226.65,25200,350,12-FEB-2024,
OPTIDX,NIFTY,26-Sep-2024,24000,CE,500.3,549.95,500,500,500,43,527.02,5050,1600,12-FEB-2024,
OPTIDX,NIFTY,26-Sep-2024,25000,CE,280,285,260,260,169.85,7,88.46,5450,250,12-FEB-2024,
OPTIDX,NIFTY,26-Sep-2024,26000,CE,0,0,0,165.75,75.5,0,0,5750,0,12-FEB-2024,
OPTIDX,NIFTY,26-Sep-2024,27000,CE,0,0,0,68.7,30.8,0,0,0,0,12-FEB-2024,
OPTIDX,NIFTY,26-Sep-2024,16000,PE,0,0,0,39.75,0.1,0,0,0,0,12-FEB-2024,
OPTIDX,NIFTY,26-Sep-2024,17000,PE,0,0,0,103.7,1.15,0,0,0,0,12-FEB-2024,
OPTIDX,NIFTY,26-Sep-2024,18000,PE,0,0,0,229.25,7.3,0,0,0,0,12-FEB-2024,
OPTIDX,NIFTY,26-Sep-2024,19000,PE,0,0,0,239.55,32.85,0,0,2850,0,12-FEB-2024,
OPTIDX,NIFTY,26-Sep-2024,20000,PE,0,0,0,762.75,109.3,0,0,0,0,12-FEB-2024,
OPTIDX,NIFTY,26-Sep-2024,21000,PE,500,524.95,436.55,522.3,522.3,106,1139.68,11400,3700,12-FEB-2024,
OPTIDX,NIFTY,26-Sep-2024,22000,PE,800,830.45,797,830,604.85,26,296.64,6150,400,12-FEB-2024,
OPTIDX,NIFTY,26-Sep-2024,23000,PE,0,0,0,1250,1095.35,0,0,300,0,12-FEB-2024,
OPTIDX,NIFTY,26-Sep-2024,24000,PE,0,0,0,3149.25,1747.05,0,0,0,0,12-FEB-2024,
OPTIDX,NIFTY,26-Sep-2024,25000,PE,0,0,0,3952.4,2526.05,0,0,0,0,12-FEB-2024,
OPTIDX,NIFTY,26-Sep-2024,26000,PE,0,0,0,4801.5,3390.55,0,0,0,0,12-FEB-2024,
OPTIDX,NIFTY,26-Sep-2024,27000,PE,0,0,0,5681.95,4304.8,0,0,0,0,12-FEB-2024,
OPTIDX,NIFTY,26-Dec-2024,14000,CE,0,0,0,8599,8415.65,0,0,100,0,12-FEB-2024,
OPTIDX,NIFTY,26-Dec-2024,15000,CE,0,0,0,7100,7472.8,0,0,2100,0,12-FEB-2024,
OPTIDX,NIFTY,26-Dec-2024,16000,CE,0,0,0,6440,6530.45,0,0,22000,0,12-FEB-2024,
OPTIDX,NIFTY,26-Dec-2024,17000,CE,0,0,0,5572,5590.55,0,0,18100,0,12-FEB-2024,
OPTIDX,NIFTY,26-Dec-2024,18000,CE,0,0,0,4700,4659.65,0,0,24450,0,12-FEB-2024,
OPTIDX,NIFTY,26-Dec-2024,18500,CE,0,0,0,4400,4201.95,0,0,1000,0,12-FEB-2024,
OPTIDX,NIFTY,26-Dec-2024,19000,CE,3922.85,3975,3832,3837.7,3837.7,23,263.34,71200,-50,12-FEB-2024,
OPTIDX,NIFTY,26-Dec-2024,20000,CE,3130,3130,2997.5,3001.9,3001.9,31,357.06,75400,-850,12-FEB-2024,
OPTIDX,NIFTY,26-Dec-2024,21000,CE,2389,2389,2284.3,2291.75,2291.75,36,419.47,121750,400,12-FEB-2024,
OPTIDX,NIFTY,26-Dec-2024,22000,CE,1740,1770,1660,1668.6,1668.6,120,1422.72,182700,-1550,12-FEB-2024,
OPTIDX,NIFTY,26-Dec-2024,23000,CE,1216.5,1220,1138,1143.5,1143.5,215,2597.7,163950,-1050,12-FEB-2024,
OPTIDX,NIFTY,26-Dec-2024,24000,CE,785,788.6,722.5,732.35,732.35,153,1893.32,143800,50,12-FEB-2024,
OPTIDX,NIFTY,26-Dec-2024,25000,CE,486,487,449.5,459.45,459.45,135,1718.83,188450,550,12-FEB-2024,
OPTIDX,NIFTY,26-Dec-2024,26000,CE,275.75,275.75,256.15,259,192.05,36,472.8,79750,-500,12-FEB-2024,
OPTIDX,NIFTY,26-Dec-2024,27000,CE,158.95,158.95,147,150.35,150.35,20,271.5,40750,-350,12-FEB-2024,
OPTIDX,NIFTY,26-Dec-2024,14000,PE,0,0,0,20.5,0.05,0,0,3300,0,12-FEB-2024,
OPTIDX,NIFTY,26-Dec-2024,15000,PE,5.45,5.45,5.45,5.45,0.05,1,7.5,28250,0,12-FEB-2024,
OPTIDX,NIFTY,26-Dec-2024,16000,PE,0,0,0,24.3,0.6,0,0,17050,0,12-FEB-2024,
OPTIDX,NIFTY,26-Dec-2024,17000,PE,23.5,68.8,23.5,62.55,62.55,11,93.79,72400,-200,12-FEB-2024,
OPTIDX,NIFTY,26-Dec-2024,18000,PE,118,128.95,117.5,124.8,124.8,97,878.85,260600,2150,12-FEB-2024,
OPTIDX,NIFTY,26-Dec-2024,19000,PE,195.05,210,193.2,208.3,208.3,153,1468.91,433450,-950,12-FEB-2024,
OPTIDX,NIFTY,26-Dec-2024,20000,PE,322,349,312,338.35,338.35,457,4645.79,550500,4150,12-FEB-2024,
OPTIDX,NIFTY,26-Dec-2024,21000,PE,519.85,546.65,505.95,540.25,540.25,524,5641.13,945500,4000,12-FEB-2024,
OPTIDX,NIFTY,26-Dec-2024,22000,PE,818.3,867,790.5,855.95,855.95,562,6417.26,448450,2300,12-FEB-2024,
OPTIDX,NIFTY,26-Dec-2024,23000,PE,1224.05,1275,1210,1256.55,1256.55,184,2230.65,128750,900,12-FEB-2024,
OPTIDX,NIFTY,26-Dec-2024,24000,PE,1724,1798.9,1724,1769.4,1769.4,24,309.13,37050,350,12-FEB-2024,
OPTIDX,NIFTY,26-Dec-2024,25000,PE,2409.6,2493.95,2371.8,2456,2456,13,178.24,11000,500,12-FEB-2024,
OPTIDX,NIFTY,26-Dec-2024,26000,PE,0,0,0,3149,3091.05,0,0,100,0,12-FEB-2024,
OPTIDX,NIFTY,26-Dec-2024,27000,PE,0,0,0,4500,3941.7,0,0,50,0,12-FEB-2024,
OPTIDX,NIFTY,26-Jun-2025,16000,CE,0,0,0,3227.55,7032,0,0,0,0,12-FEB-2024,
OPTIDX,NIFTY,26-Jun-2025,17000,CE,0,0,0,4165.5,6128.05,0,0,2750,0,12-FEB-2024,
OPTIDX,NIFTY,26-Jun-2025,18000,CE,0,0,0,3934,5237.55,0,0,2200,0,12-FEB-2024,
OPTIDX,NIFTY,26-Jun-2025,19000,CE,0,0,0,3077.9,4374.4,0,0,0,0,12-FEB-2024,
OPTIDX,NIFTY,26-Jun-2025,20000,CE,0,0,0,3180.85,3557.8,0,0,0,0,12-FEB-2024,
OPTIDX,NIFTY,26-Jun-2025,21000,CE,0,0,0,3199.45,2809.7,0,0,0,0,12-FEB-2024,
OPTIDX,NIFTY,26-Jun-2025,22000,CE,0,0,0,2088.15,2149.95,0,0,0,0,12-FEB-2024,
OPTIDX,NIFTY,26-Jun-2025,23000,CE,0,0,0,2003.65,1592.1,0,0,0,0,12-FEB-2024,
OPTIDX,NIFTY,26-Jun-2025,24000,CE,0,0,0,1100.85,1140.5,0,0,0,0,12-FEB-2024,
OPTIDX,NIFTY,26-Jun-2025,25000,CE,0,0,0,945.65,790.7,0,0,0,0,12-FEB-2024,
OPTIDX,NIFTY,26-Jun-2025,26000,CE,0,0,0,811.85,530.95,0,0,0,0,12-FEB-2024,
OPTIDX,NIFTY,26-Jun-2025,27000,CE,0,0,0,803.5,345.85,0,0,0,0,12-FEB-2024,
OPTIDX,NIFTY,26-Jun-2025,14000,PE,0,0,0,42.35,0.1,0,0,675,0,12-FEB-2024,
OPTIDX,NIFTY,26-Jun-2025,15000,PE,0,0,0,134,0.6,0,0,1800,0,12-FEB-2024,
OPTIDX,NIFTY,26-Jun-2025,16000,PE,0,0,0,129.2,2.85,0,0,100,0,12-FEB-2024,
OPTIDX,NIFTY,26-Jun-2025,17000,PE,0,0,0,3497.35,10.55,0,0,0,0,12-FEB-2024,
OPTIDX,NIFTY,26-Jun-2025,18000,PE,0,0,0,3586.15,31.75,0,0,0,0,12-FEB-2024,
OPTIDX,NIFTY,26-Jun-2025,19000,PE,0,0,0,3210.95,80.25,0,0,0,0,12-FEB-2024,
OPTIDX,NIFTY,26-Jun-2025,20000,PE,0,0,0,599.8,175.4,0,0,900,0,12-FEB-2024,
OPTIDX,NIFTY,26-Jun-2025,21000,PE,0,0,0,3070.85,338.95,0,0,0,0,12-FEB-2024,
OPTIDX,NIFTY,26-Jun-2025,22000,PE,0,0,0,3957.4,590.9,0,0,0,0,12-FEB-2024,
OPTIDX,NIFTY,26-Jun-2025,23000,PE,0,0,0,1170,944.7,0,0,0,0,12-FEB-2024,
OPTIDX,NIFTY,26-Jun-2025,24000,PE,0,0,0,5875.1,1404.8,0,0,0,0,12-FEB-2024,
OPTIDX,NIFTY,26-Jun-2025,25000,PE,0,0,0,6576.35,1966.65,0,0,0,0,12-FEB-2024,
OPTIDX,NIFTY,26-Jun-2025,26000,PE,0,0,0,7299,2618.6,0,0,0,0,12-FEB-2024,
OPTIDX,NIFTY,26-Jun-2025,27000,PE,0,0,0,7438.15,3345.15,0,0,0,0,12-FEB-2024,
OPTIDX,NIFTY,24-Dec-2025,16000,CE,0,0,0,7200,7515.3,0,0,50,0,12-FEB-2024,
OPTIDX,NIFTY,24-Dec-2025,17000,CE,0,0,0,5080,6645.2,0,0,650,0,12-FEB-2024,
OPTIDX,NIFTY,24-Dec-2025,18000,CE,0,0,0,6099.95,5789.95,0,0,5650,0,12-FEB-2024,
OPTIDX,NIFTY,24-Dec-2025,19000,CE,0,0,0,5050,4960.85,0,0,3200,0,12-FEB-2024,
OPTIDX,NIFTY,24-Dec-2025,19500,CE,0,0,0,3200,4560.45,0,0,1300,0,12-FEB-2024,
OPTIDX,NIFTY,24-Dec-2025,20000,CE,0,0,0,3800,4172.05,0,0,300,0,12-FEB-2024,
OPTIDX,NIFTY,24-Dec-2025,21000,CE,0,0,0,1400,3439,0,0,100,0,12-FEB-2024,
OPTIDX,NIFTY,24-Dec-2025,22000,CE,0,0,0,2900,2775.6,0,0,600,0,12-FEB-2024,
OPTIDX,NIFTY,24-Dec-2025,23000,CE,0,0,0,2350,2192.35,0,0,2600,0,12-FEB-2024,
OPTIDX,NIFTY,24-Dec-2025,24000,CE,0,0,0,1396.05,1694.5,0,0,0,0,12-FEB-2024,
OPTIDX,NIFTY,24-Dec-2025,25000,CE,0,0,0,1222.85,1282,0,0,0,0,12-FEB-2024,
OPTIDX,NIFTY,24-Dec-2025,26000,CE,0,0,0,1070.85,949.95,0,0,0,0,12-FEB-2024,
OPTIDX,NIFTY,24-Dec-2025,27000,CE,0,0,0,1071,690.05,0,0,0,0,12-FEB-2024,
OPTIDX,NIFTY,24-Dec-2025,13000,PE,0,0,0,400,0.05,0,0,150,0,12-FEB-2024,
OPTIDX,NIFTY,24-Dec-2025,15000,PE,0,0,0,62.15,1.7,0,0,1100,0,12-FEB-2024,
OPTIDX,NIFTY,24-Dec-2025,16000,PE,0,0,0,139.95,5.95,0,0,2150,0,12-FEB-2024,
OPTIDX,NIFTY,24-Dec-2025,16500,PE,0,0,0,38.15,10.45,0,0,2600,0,12-FEB-2024,
OPTIDX,NIFTY,24-Dec-2025,17000,PE,0,0,0,155.05,17.5,0,0,2400,0,12-FEB-2024,
OPTIDX,NIFTY,24-Dec-2025,18000,PE,0,0,0,324.95,43.95,0,0,3050,0,12-FEB-2024,
OPTIDX,NIFTY,24-Dec-2025,19000,PE,0,0,0,133.1,96.5,0,0,3900,0,12-FEB-2024,
OPTIDX,NIFTY,24-Dec-2025,20000,PE,0,0,0,572,189.4,0,0,4500,0,12-FEB-2024,
OPTIDX,NIFTY,24-Dec-2025,21000,PE,0,0,0,701,338,0,0,3200,0,12-FEB-2024,
OPTIDX,NIFTY,24-Dec-2025,22000,PE,0,0,0,1099,556.3,0,0,2550,0,12-FEB-2024,
OPTIDX,NIFTY,24-Dec-2025,23000,PE,0,0,0,1150,854.65,0,0,1450,0,12-FEB-2024,
OPTIDX,NIFTY,24-Dec-2025,24000,PE,0,0,0,5649,1238.5,0,0,0,0,12-FEB-2024,
OPTIDX,NIFTY,24-Dec-2025,25000,PE,0,0,0,6310.55,1707.65,0,0,0,0,12-FEB-2024,
OPTIDX,NIFTY,24-Dec-2025,26000,PE,0,0,0,6993.25,2257.3,0,0,0,0,12-FEB-2024,
OPTIDX,NIFTY,24-Dec-2025,27000,PE,0,0,0,7112.8,2879.05,0,0,0,0,12-FEB-2024,
OPTIDX,NIFTY,25-Jun-2026,12000,CE,0,0,0,8690,11388.1,0,0,50,0,12-FEB-2024,
OPTIDX,NIFTY,25-Jun-2026,16000,CE,0,0,0,4748.3,7987.85,0,0,0,0,12-FEB-2024,
OPTIDX,NIFTY,25-Jun-2026,17000,CE,0,0,0,4348.25,7149.6,0,0,0,0,12-FEB-2024,
OPTIDX,NIFTY,25-Jun-2026,18000,CE,0,0,0,4150,6326.15,0,0,200,0,12-FEB-2024,
OPTIDX,NIFTY,25-Jun-2026,19000,CE,0,0,0,2872.25,5526.5,0,0,100,0,12-FEB-2024,
OPTIDX,NIFTY,25-Jun-2026,20000,CE,0,0,0,3829.5,4761.6,0,0,0,0,12-FEB-2024,
OPTIDX,NIFTY,25-Jun-2026,21000,CE,0,0,0,3881.9,4042.85,0,0,0,0,12-FEB-2024,
OPTIDX,NIFTY,25-Jun-2026,22000,CE,0,0,0,2722.55,3380.8,0,0,0,0,12-FEB-2024,
OPTIDX,NIFTY,25-Jun-2026,23000,CE,0,0,0,2645.65,2783.9,0,0,0,0,12-FEB-2024,
OPTIDX,NIFTY,25-Jun-2026,24000,CE,0,0,0,1698.3,2257.25,0,0,0,0,12-FEB-2024,
OPTIDX,NIFTY,25-Jun-2026,25000,CE,0,0,0,1510.4,1802.65,0,0,0,0,12-FEB-2024,
OPTIDX,NIFTY,25-Jun-2026,26000,CE,0,0,0,1343.15,1418.55,0,0,0,0,12-FEB-2024,
OPTIDX,NIFTY,25-Jun-2026,27000,CE,0,0,0,1352.8,1100.6,0,0,0,0,12-FEB-2024,
OPTIDX,NIFTY,25-Jun-2026,12000,PE,0,0,0,10.05,0.05,0,0,500,0,12-FEB-2024,
OPTIDX,NIFTY,25-Jun-2026,13000,PE,0,0,0,45.25,0.2,0,0,200,0,12-FEB-2024,
OPTIDX,NIFTY,25-Jun-2026,14000,PE,0,0,0,300,0.85,0,0,100,0,12-FEB-2024,
OPTIDX,NIFTY,25-Jun-2026,15000,PE,0,0,0,105.5,3.05,0,0,850,0,12-FEB-2024,
OPTIDX,NIFTY,25-Jun-2026,16000,PE,0,0,0,54.8,9.1,0,0,500,0,12-FEB-2024,
OPTIDX,NIFTY,25-Jun-2026,17000,PE,0,0,0,2627.25,23.2,0,0,0,0,12-FEB-2024,
OPTIDX,NIFTY,25-Jun-2026,18000,PE,0,0,0,3088.05,52.05,0,0,0,0,12-FEB-2024,
OPTIDX,NIFTY,25-Jun-2026,19000,PE,0,0,0,140.45,104.75,0,0,100,0,12-FEB-2024,
OPTIDX,NIFTY,25-Jun-2026,20000,PE,0,0,0,3159.75,192.15,0,0,0,0,12-FEB-2024,
OPTIDX,NIFTY,25-Jun-2026,21000,PE,0,0,0,3065.6,325.75,0,0,0,0,12-FEB-2024,
OPTIDX,NIFTY,25-Jun-2026,22000,PE,0,0,0,3829.5,516.05,0,0,0,0,12-FEB-2024,
OPTIDX,NIFTY,25-Jun-2026,23000,PE,0,0,0,4171.75,771.45,0,0,0,0,12-FEB-2024,
OPTIDX,NIFTY,25-Jun-2026,24000,PE,0,0,0,5437.7,1097.15,0,0,0,0,12-FEB-2024,
OPTIDX,NIFTY,25-Jun-2026,25000,PE,0,0,0,6063.1,1494.9,0,0,0,0,12-FEB-2024,
OPTIDX,NIFTY,25-Jun-2026,26000,PE,0,0,0,6709.2,1963.1,0,0,0,0,12-FEB-2024,
OPTIDX,NIFTY,25-Jun-2026,27000,PE,0,0,0,6810.7,2497.45,0,0,0,0,12-FEB-2024,
OPTIDX,NIFTY,31-Dec-2026,16000,CE,0,0,0,6200,8459,0,0,50,0,12-FEB-2024,
OPTIDX,NIFTY,31-Dec-2026,17000,CE,0,0,0,4955.1,7651.5,0,0,0,0,12-FEB-2024,
OPTIDX,NIFTY,31-Dec-2026,18000,CE,0,0,0,4501.45,6857.95,0,0,0,0,12-FEB-2024,
OPTIDX,NIFTY,31-Dec-2026,19000,CE,0,0,0,4999,6085.7,0,0,200,0,12-FEB-2024,
OPTIDX,NIFTY,31-Dec-2026,20000,CE,0,0,0,3704.3,5343.2,0,0,0,0,12-FEB-2024,
OPTIDX,NIFTY,31-Dec-2026,21000,CE,0,0,0,3356.25,4639.4,0,0,0,0,12-FEB-2024,
OPTIDX,NIFTY,31-Dec-2026,22000,CE,0,0,0,3039,3982.45,0,0,0,0,12-FEB-2024,
OPTIDX,NIFTY,31-Dec-2026,23000,CE,0,0,0,2020,3379.3,0,0,500,0,12-FEB-2024,
OPTIDX,NIFTY,31-Dec-2026,24000,CE,0,0,0,2010.65,2834.7,0,0,0,0,12-FEB-2024,
OPTIDX,NIFTY,31-Dec-2026,25000,CE,0,0,0,1811.2,2351.1,0,0,0,0,12-FEB-2024,
OPTIDX,NIFTY,31-Dec-2026,26000,CE,0,0,0,1631.05,1928.75,0,0,0,0,12-FEB-2024,
OPTIDX,NIFTY,31-Dec-2026,27000,CE,0,0,0,1651.65,1565.65,0,0,0,0,12-FEB-2024,
OPTIDX,NIFTY,31-Dec-2026,12000,PE,0,0,0,250.1,0.1,0,0,600,0,12-FEB-2024,
OPTIDX,NIFTY,31-Dec-2026,13000,PE,0,0,0,450,0.4,0,0,200,0,12-FEB-2024,
OPTIDX,NIFTY,31-Dec-2026,14000,PE,0,0,0,500,1.45,0,0,950,0,12-FEB-2024,
OPTIDX,NIFTY,31-Dec-2026,15000,PE,0,0,0,118.9,4.45,0,0,2200,0,12-FEB-2024,
OPTIDX,NIFTY,31-Dec-2026,16000,PE,0,0,0,73.05,11.8,0,0,2450,0,12-FEB-2024,
OPTIDX,NIFTY,31-Dec-2026,17000,PE,0,0,0,70,27.4,0,0,2650,0,12-FEB-2024,
OPTIDX,NIFTY,31-Dec-2026,18000,PE,0,0,0,374.15,56.9,0,0,6350,0,12-FEB-2024,
OPTIDX,NIFTY,31-Dec-2026,19000,PE,0,0,0,139.95,107.7,0,0,3250,0,12-FEB-2024,
OPTIDX,NIFTY,31-Dec-2026,20000,PE,0,0,0,600,188.25,0,0,3750,0,12-FEB-2024,
OPTIDX,NIFTY,31-Dec-2026,21000,PE,0,0,0,649,307.5,0,0,850,0,12-FEB-2024,
OPTIDX,NIFTY,31-Dec-2026,22000,PE,0,0,0,609.65,473.6,0,0,100,0,12-FEB-2024,
OPTIDX,NIFTY,31-Dec-2026,23000,PE,0,0,0,957.4,693.5,0,0,6200,0,12-FEB-2024,
OPTIDX,NIFTY,31-Dec-2026,24000,PE,0,0,0,5233.45,971.95,0,0,0,0,12-FEB-2024,
OPTIDX,NIFTY,31-Dec-2026,25000,PE,0,0,0,5825.75,1311.45,0,0,0,0,12-FEB-2024,
OPTIDX,NIFTY,31-Dec-2026,26000,PE,0,0,0,6437.4,1712.15,0,0,0,0,12-FEB-2024,
OPTIDX,NIFTY,31-Dec-2026,27000,PE,0,0,0,6522.3,2172.05,0,0,0,0,12-FEB-2024,
OPTIDX,NIFTY,24-Jun-2027,16000,CE,0,0,0,4898.4,8880.3,0,0,0,0,12-FEB-2024,
OPTIDX,NIFTY,24-Jun-2027,17000,CE,0,0,0,4464.7,8099.6,0,0,0,0,12-FEB-2024,
OPTIDX,NIFTY,24-Jun-2027,18000,CE,0,0,0,4066.45,7331.85,0,0,0,0,12-FEB-2024,
OPTIDX,NIFTY,24-Jun-2027,19000,CE,0,0,0,3701.25,6583.1,0,0,100,0,12-FEB-2024,
OPTIDX,NIFTY,24-Jun-2027,20000,CE,0,0,0,3367.05,5860.3,0,0,0,0,12-FEB-2024,
OPTIDX,NIFTY,24-Jun-2027,21000,CE,0,0,0,3061.8,5170.65,0,0,0,0,12-FEB-2024,
OPTIDX,NIFTY,24-Jun-2027,22000,CE,0,0,0,2783.5,4520.9,0,0,0,0,12-FEB-2024,
OPTIDX,NIFTY,24-Jun-2027,23000,CE,0,0,0,2530.05,3916.8,0,0,0,0,12-FEB-2024,
OPTIDX,NIFTY,24-Jun-2027,24000,CE,0,0,0,2299.55,3362.75,0,0,0,0,12-FEB-2024,
OPTIDX,NIFTY,24-Jun-2027,25000,CE,0,0,0,2090.05,2861.45,0,0,0,0,12-FEB-2024,
OPTIDX,NIFTY,24-Jun-2027,26000,CE,0,0,0,1900.85,2413.9,0,0,0,0,12-FEB-2024,
OPTIDX,NIFTY,24-Jun-2027,27000,CE,0,0,0,1932.5,2019.4,0,0,0,0,12-FEB-2024,
OPTIDX,NIFTY,24-Jun-2027,16000,PE,0,0,0,1476.1,13.75,0,0,0,0,12-FEB-2024,
OPTIDX,NIFTY,24-Jun-2027,17000,PE,0,0,0,1814.75,29.9,0,0,0,0,12-FEB-2024,
OPTIDX,NIFTY,24-Jun-2027,18000,PE,0,0,0,2188.9,59,0,0,0,0,12-FEB-2024,
OPTIDX,NIFTY,24-Jun-2027,19000,PE,0,0,0,170,107.1,0,0,250,0,12-FEB-2024,
OPTIDX,NIFTY,24-Jun-2027,20000,PE,0,0,0,3034.2,181.15,0,0,0,0,12-FEB-2024,
OPTIDX,NIFTY,24-Jun-2027,21000,PE,0,0,0,3501.35,288.35,0,0,0,0,12-FEB-2024,
OPTIDX,NIFTY,24-Jun-2027,22000,PE,0,0,0,3995.4,435.4,0,0,0,0,12-FEB-2024,
OPTIDX,NIFTY,24-Jun-2027,23000,PE,0,0,0,4514.3,628.15,0,0,0,0,12-FEB-2024,
OPTIDX,NIFTY,24-Jun-2027,24000,PE,0,0,0,5056.2,870.95,0,0,0,0,12-FEB-2024,
OPTIDX,NIFTY,24-Jun-2027,25000,PE,0,0,0,5619.05,1166.5,0,0,0,0,12-FEB-2024,
OPTIDX,NIFTY,24-Jun-2027,26000,PE,0,0,0,6202.2,1515.8,0,0,0,0,12-FEB-2024,
OPTIDX,NIFTY,24-Jun-2027,27000,PE,0,0,0,6273.45,1918.15,0,0,0,0,12-FEB-2024,
OPTIDX,NIFTY,30-Dec-2027,16000,CE,0,0,0,7354.45,9319.7,0,0,0,0,12-FEB-2024,
OPTIDX,NIFTY,30-Dec-2027,17000,CE,0,0,0,6805.5,8566.45,0,0,0,0,12-FEB-2024,
OPTIDX,NIFTY,30-Dec-2027,18000,CE,0,0,0,6285.7,7824.9,0,0,0,0,12-FEB-2024,
OPTIDX,NIFTY,30-Dec-2027,19000,CE,0,0,0,5794.9,7100.25,0,0,0,0,12-FEB-2024,
OPTIDX,NIFTY,30-Dec-2027,20000,CE,0,0,0,5333.85,6398,0,0,0,0,12-FEB-2024,
OPTIDX,NIFTY,30-Dec-2027,21000,CE,0,0,0,4902.4,5724.05,0,0,0,0,12-FEB-2024,
OPTIDX,NIFTY,30-Dec-2027,22000,CE,0,0,0,4499.55,5083.95,0,0,0,0,12-FEB-2024,
OPTIDX,NIFTY,30-Dec-2027,23000,CE,0,0,0,4125.7,4482.6,0,0,0,0,12-FEB-2024,
OPTIDX,NIFTY,30-Dec-2027,24000,CE,0,0,0,3778.95,3923.9,0,0,0,0,12-FEB-2024,
OPTIDX,NIFTY,30-Dec-2027,25000,CE,0,0,0,3458.35,3410.55,0,0,0,0,12-FEB-2024,
OPTIDX,NIFTY,30-Dec-2027,26000,CE,0,0,0,3162.4,2943.95,0,0,0,0,12-FEB-2024,
OPTIDX,NIFTY,30-Dec-2027,27000,CE,0,0,0,2889.8,2524.35,0,0,0,0,12-FEB-2024,
OPTIDX,NIFTY,30-Dec-2027,15000,PE,0,0,0,27.8,6.7,0,0,350,0,12-FEB-2024,
OPTIDX,NIFTY,30-Dec-2027,16000,PE,0,0,0,479.35,15.25,0,0,0,0,12-FEB-2024,
OPTIDX,NIFTY,30-Dec-2027,17000,PE,0,0,0,514,31.45,0,0,14250,0,12-FEB-2024,
OPTIDX,NIFTY,30-Dec-2027,18000,PE,0,0,0,74.8,59.4,0,0,10500,0,12-FEB-2024,
OPTIDX,NIFTY,30-Dec-2027,19000,PE,0,0,0,760,104.2,0,0,700,0,12-FEB-2024,
OPTIDX,NIFTY,30-Dec-2027,20000,PE,235.3,645.75,235.3,553.75,553.75,29,297.91,2050,350,12-FEB-2024,
OPTIDX,NIFTY,30-Dec-2027,21000,PE,0,0,0,1563.55,266.95,0,0,0,0,12-FEB-2024,
OPTIDX,NIFTY,30-Dec-2027,22000,PE,0,0,0,1867.9,396.35,0,0,0,0,12-FEB-2024,
OPTIDX,NIFTY,30-Dec-2027,23000,PE,0,0,0,2201.3,564.45,0,0,0,0,12-FEB-2024,
OPTIDX,NIFTY,30-Dec-2027,24000,PE,0,0,0,2561.85,775.2,0,0,0,0,12-FEB-2024,
OPTIDX,NIFTY,30-Dec-2027,25000,PE,0,0,0,2948.45,1031.35,0,0,0,0,12-FEB-2024,
OPTIDX,NIFTY,30-Dec-2027,26000,PE,0,0,0,3359.75,1334.2,0,0,0,0,12-FEB-2024,
OPTIDX,NIFTY,30-Dec-2027,27000,PE,0,0,0,3794.4,1684.1,0,0,0,0,12-FEB-2024,
OPTIDX,NIFTY,29-Jun-2028,16000,CE,0,0,0,8002.3,9728.1,0,0,0,0,12-FEB-2024,
OPTIDX,NIFTY,29-Jun-2028,17000,CE,0,0,0,7393.45,8999.95,0,0,0,0,12-FEB-2024,
OPTIDX,NIFTY,29-Jun-2028,18000,CE,0,0,0,6809.35,8282.5,0,0,0,0,12-FEB-2024,
OPTIDX,NIFTY,29-Jun-2028,19000,CE,0,0,0,6252.25,7579.9,0,0,0,0,12-FEB-2024,
OPTIDX,NIFTY,29-Jun-2028,20000,CE,0,0,0,5724.65,6896.95,0,0,0,0,12-FEB-2024,
OPTIDX,NIFTY,29-Jun-2028,21000,CE,0,0,0,5226.55,6238.5,0,0,0,0,12-FEB-2024,
OPTIDX,NIFTY,29-Jun-2028,22000,CE,0,0,0,4759.5,5609.15,0,0,0,0,12-FEB-2024,
OPTIDX,NIFTY,29-Jun-2028,23000,CE,0,0,0,4323.1,5013.15,0,0,0,0,12-FEB-2024,
OPTIDX,NIFTY,29-Jun-2028,24000,CE,0,0,0,3918.85,4453.95,0,0,0,0,12-FEB-2024,
OPTIDX,NIFTY,29-Jun-2028,25000,CE,0,0,0,3545.15,3934.15,0,0,0,0,12-FEB-2024,
OPTIDX,NIFTY,29-Jun-2028,26000,CE,0,0,0,3200.9,3455.45,0,0,0,0,12-FEB-2024,
OPTIDX,NIFTY,29-Jun-2028,27000,CE,0,0,0,2885.15,3018.4,0,0,0,0,12-FEB-2024,
OPTIDX,NIFTY,29-Jun-2028,16000,PE,0,0,0,194.2,16.2,0,0,0,0,12-FEB-2024,
OPTIDX,NIFTY,29-Jun-2028,17000,PE,0,0,0,283.1,32.05,0,0,0,0,12-FEB-2024,
OPTIDX,NIFTY,29-Jun-2028,18000,PE,0,0,0,396.75,58.55,0,0,0,0,12-FEB-2024,
OPTIDX,NIFTY,29-Jun-2028,19000,PE,0,0,0,537.45,100,0,0,0,0,12-FEB-2024,
OPTIDX,NIFTY,29-Jun-2028,20000,PE,0,0,0,707.55,161.05,0,0,0,0,12-FEB-2024,
OPTIDX,NIFTY,29-Jun-2028,21000,PE,0,0,0,907.2,246.55,0,0,0,0,12-FEB-2024,
OPTIDX,NIFTY,29-Jun-2028,22000,PE,0,0,0,1137.9,361.25,0,0,0,0,12-FEB-2024,
OPTIDX,NIFTY,29-Jun-2028,23000,PE,0,0,0,1399.25,509.25,0,0,0,0,12-FEB-2024,
OPTIDX,NIFTY,29-Jun-2028,24000,PE,0,0,0,1692.75,694.05,0,0,0,0,12-FEB-2024,
OPTIDX,NIFTY,29-Jun-2028,25000,PE,0,0,0,2016.8,918.3,0,0,0,0,12-FEB-2024,
OPTIDX,NIFTY,29-Jun-2028,26000,PE,0,0,0,2370.3,1183.55,0,0,0,0,12-FEB-2024,
OPTIDX,NIFTY,29-Jun-2028,27000,PE,0,0,0,2752.35,1490.55,0,0,0,0,12-FEB-2024,
OPTIDX,NIFTY,28-Dec-2028,16000,CE,0,0,0,10704.45,10122.6,0,0,0,0,12-FEB-2024,
OPTIDX,NIFTY,28-Dec-2028,17000,CE,0,0,0,10036.4,9418.5,0,0,0,0,12-FEB-2024,
OPTIDX,NIFTY,28-Dec-2028,18000,CE,0,0,0,9380.3,8724,0,0,0,0,12-FEB-2024,
OPTIDX,NIFTY,28-Dec-2028,19000,CE,0,0,0,8739,8042.75,0,0,0,0,12-FEB-2024,
OPTIDX,NIFTY,28-Dec-2028,20000,CE,0,0,0,8115.5,7378.7,0,0,0,0,12-FEB-2024,
OPTIDX,NIFTY,28-Dec-2028,21000,CE,0,0,0,7512.5,6735.95,0,0,0,0,12-FEB-2024,
OPTIDX,NIFTY,28-Dec-2028,22000,CE,0,0,0,6932.45,6118.4,0,0,0,0,12-FEB-2024,
OPTIDX,NIFTY,28-Dec-2028,23000,CE,0,0,0,6377.6,5529.75,0,0,0,0,12-FEB-2024,
OPTIDX,NIFTY,28-Dec-2028,24000,CE,0,0,0,5850.3,4973.05,0,0,0,0,12-FEB-2024,
OPTIDX,NIFTY,28-Dec-2028,25000,CE,0,0,0,5350.4,4450.75,0,0,0,0,12-FEB-2024,
OPTIDX,NIFTY,28-Dec-2028,26000,CE,0,0,0,4879.7,3964.55,0,0,0,0,12-FEB-2024,
OPTIDX,NIFTY,28-Dec-2028,27000,CE,0,0,0,4437.95,3515.4,0,0,0,0,12-FEB-2024,
OPTIDX,NIFTY,28-Dec-2028,16000,PE,0,0,0,39.6,16.65,0,0,0,0,12-FEB-2024,
OPTIDX,NIFTY,28-Dec-2028,17000,PE,0,0,0,66.15,31.95,0,0,0,0,12-FEB-2024,
OPTIDX,NIFTY,28-Dec-2028,18000,PE,0,0,0,104.65,56.85,0,0,0,0,12-FEB-2024,
OPTIDX,NIFTY,28-Dec-2028,19000,PE,0,0,0,158,94.95,0,0,0,0,12-FEB-2024,
OPTIDX,NIFTY,28-Dec-2028,20000,PE,0,0,0,229.1,150.3,0,0,0,0,12-FEB-2024,
OPTIDX,NIFTY,28-Dec-2028,21000,PE,0,0,0,320.7,226.9,0,0,0,0,12-FEB-2024,
OPTIDX,NIFTY,28-Dec-2028,22000,PE,0,0,0,435.3,328.75,0,0,0,0,12-FEB-2024,
OPTIDX,NIFTY,28-Dec-2028,23000,PE,0,0,0,575.05,459.5,0,0,0,0,12-FEB-2024,
OPTIDX,NIFTY,28-Dec-2028,24000,PE,0,0,0,742.35,622.15,0,0,0,0,12-FEB-2024,
OPTIDX,NIFTY,28-Dec-2028,25000,PE,0,0,0,937.05,819.25,0,0,0,0,12-FEB-2024,
OPTIDX,NIFTY,28-Dec-2028,26000,PE,0,0,0,1160.95,1052.45,0,0,0,0,12-FEB-2024,
OPTIDX,NIFTY,28-Dec-2028,27000,PE,0,0,0,1413.85,1322.65,0,0,0,0,12-FEB-2024,
