INSTRUMENT,SYMBOL,EXPIRY_DT,STRIKE_PR,OPTION_TYP,OPEN,HIGH,LOW,CLOSE,SETTLE_PR,CONTRACTS,VAL_INLAKH,OPEN_INT,CHG_IN_OI,TIMESTAMP,
FUTIDX,NIFTY,29-Feb-2024,0,XX,21720.2,21844.25,21626.55,21823.75,21823.75,138222,1503870.32,11995600,144100,13-FEB-2024,
FUTIDX,NIFTY,28-Mar-2024,0,XX,21872.95,21981.6,21780,21965.25,21965.25,10134,110998.61,998700,26900,13-FEB-2024,
FUTIDX,NIFTY,25-Apr-2024,0,XX,21997.2,22129.75,21931,22114.65,22114.65,2534,27948.83,380100,18950,13-FEB-2024,
OPTIDX,NIFTY,15-Feb-2024,19500,CE,0,0,0,2110.15,2250.45,0,0,2400,0,13-FEB-2024,
OPTIDX,NIFTY,15-Feb-2024,19550,CE,0,0,0,2143.2,2200.5,0,0,100,0,13-FEB-2024,
OPTIDX,NIFTY,15-Feb-2024,19600,CE,2145,2145,2130,2130,2130,2,21.73,650,100,13-FEB-2024,
OPTIDX,NIFTY,15-Feb-2024,19650,CE,0,0,0,2137.7,2100.5,0,0,0,0,13-FEB-2024,
OPTIDX,NIFTY,15-Feb-2024,19700,CE,0,0,0,2000,2050.55,0,0,900,0,13-FEB-2024,
OPTIDX,NIFTY,15-Feb-2024,19750,CE,0,0,0,2096,2000.55,0,0,50,0,13-FEB-2024,
OPTIDX,NIFTY,15-Feb-2024,19800,CE,1902,1902,1902,1902,1950.55,2,21.7,1400,-100,13-FEB-2024,
OPTIDX,NIFTY,15-Feb-2024,19850,CE,0,0,0,1900,1900.6,0,0,250,0,13-FEB-2024,
OPTIDX,NIFTY,15-Feb-2024,19900,CE,1802,1856.5,1785.05,1856.5,1856.5,77,835.75,1200,700,13-FEB-2024,
OPTIDX,NIFTY,15-Feb-2024,19950,CE,0,0,0,1891,1800.65,0,0,700,0,13-FEB-2024,
OPTIDX,NIFTY,15-Feb-2024,20000,CE,1611.25,1760,1600,1751.4,1751.4,12,130.27,19250,-450,13-FEB-2024,
OPTIDX,NIFTY,15-Feb-2024,20050,CE,0,0,0,1748.8,1700.65,0,0,0,0,13-FEB-2024,
OPTIDX,NIFTY,15-Feb-2024,20100,CE,0,0,0,1533.9,1650.7,0,0,1000,0,13-FEB-2024,
OPTIDX,NIFTY,15-Feb-2024,20150,CE,1551.15,1637.15,1501.65,1623.3,1623.3,96,1045.02,1550,100,13-FEB-2024,
OPTIDX,NIFTY,15-Feb-2024,20200,CE,1425,1582.15,1415,1566.65,1566.65,350,3807.21,11900,250,13-FEB-2024,
OPTIDX,NIFTY,15-Feb-2024,20250,CE,1547.6,1547.6,1458.1,1525.1,1525.1,240,2613.01,3050,1100,13-FEB-2024,
OPTIDX,NIFTY,15-Feb-2024,20300,CE,0,0,0,1289.9,1450.75,0,0,3050,0,13-FEB-2024,
OPTIDX,NIFTY,15-Feb-2024,20350,CE,0,0,0,1500,1400.75,0,0,300,0,13-FEB-2024,
OPTIDX,NIFTY,15-Feb-2024,20400,CE,1261.1,1262,1199.95,1237.85,1350.8,10,108.16,3550,150,13-FEB-2024,
OPTIDX,NIFTY,15-Feb-2024,20450,CE,1125,1300,1125,1300,1300,7,75.95,1900,-350,13-FEB-2024,
OPTIDX,NIFTY,15-Feb-2024,20500,CE,1100,1275,1062.8,1255.35,1255.35,90,974.62,30300,-3650,13-FEB-2024,
OPTIDX,NIFTY,15-Feb-2024,20550,CE,0,0,0,1155,1200.85,0,0,600,0,13-FEB-2024,
OPTIDX,NIFTY,15-Feb-2024,20600,CE,0,0,0,997.3,1150.85,0,0,1050,0,13-FEB-2024,
OPTIDX,NIFTY,15-Feb-2024,20650,CE,0,0,0,977,1100.9,0,0,650,0,13-FEB-2024,
OPTIDX,NIFTY,15-Feb-2024,20700,CE,930,1047,900,1022.15,1050.9,7,75.77,11100,100,13-FEB-2024,
OPTIDX,NIFTY,15-Feb-2024,20750,CE,893.55,997.15,883.75,997.15,997.15,11,119.13,5000,150,13-FEB-2024,
OPTIDX,NIFTY,15-Feb-2024,20800,CE,855.85,980.75,789.1,952.6,952.6,105,1140.87,15400,-150,13-FEB-2024,
OPTIDX,NIFTY,15-Feb-2024,20850,CE,746,909.3,746,906.15,900.95,6,65.07,500,50,13-FEB-2024,
OPTIDX,NIFTY,15-Feb-2024,20900,CE,732,871.25,658,860.9,860.9,35,379.03,6750,100,13-FEB-2024,
OPTIDX,NIFTY,15-Feb-2024,20950,CE,771,821.95,771,821.95,821.95,2,21.74,550,0,13-FEB-2024,
OPTIDX,NIFTY,15-Feb-2024,21000,CE,642.3,781,567.2,757.1,757.1,5899,63932.22,190650,-53300,13-FEB-2024,
OPTIDX,NIFTY,15-Feb-2024,21050,CE,582.8,729.75,551.5,715.7,715.7,112,1215.64,7700,-450,13-FEB-2024,
OPTIDX,NIFTY,15-Feb-2024,21100,CE,579.95,680,474.8,663.4,663.4,1239,13439.88,45450,400,13-FEB-2024,
OPTIDX,NIFTY,15-Feb-2024,21150,CE,497.7,623.75,432.85,601.35,601.35,164,1778.48,7250,-550,13-FEB-2024,
OPTIDX,NIFTY,15-Feb-2024,21200,CE,474.35,584.15,388,561.65,561.65,4744,51446.77,104700,1400,13-FEB-2024,
OPTIDX,NIFTY,15-Feb-2024,21250,CE,421.25,537.7,345.5,506.3,506.3,1959,21244.74,17850,400,13-FEB-2024,
OPTIDX,NIFTY,15-Feb-2024,21300,CE,386.7,489.35,305.95,465.85,465.85,15773,171148.37,170600,-8250,13-FEB-2024,
OPTIDX,NIFTY,15-Feb-2024,21350,CE,331,440.85,269.5,418.25,418.25,7768,84294.38,22700,-20050,13-FEB-2024,
OPTIDX,NIFTY,15-Feb-2024,21400,CE,305.75,397,233.15,373.65,373.65,62976,683521.94,293750,-30500,13-FEB-2024,
OPTIDX,NIFTY,15-Feb-2024,21450,CE,271.95,352.4,200.85,330.6,330.6,49485,537329.43,68900,-13000,13-FEB-2024,
OPTIDX,NIFTY,15-Feb-2024,21500,CE,229.8,309.6,170.3,287.1,287.1,401366,4362436.52,674500,-166400,13-FEB-2024,
OPTIDX,NIFTY,15-Feb-2024,21550,CE,197.25,268.6,142.9,248.4,248.4,303668,3301738.34,284750,-34550,13-FEB-2024,
OPTIDX,NIFTY,15-Feb-2024,21600,CE,171.3,229.65,118.4,210.25,210.25,1499499,16320637.76,1694900,-682600,13-FEB-2024,
OPTIDX,NIFTY,15-Feb-2024,21650,CE,147,193.4,96.9,174.7,174.7,1364876,14870773.01,1030650,-1040700,13-FEB-2024,
OPTIDX,NIFTY,15-Feb-2024,21700,CE,110.55,159.7,78.2,141.75,141.75,3479244,37960812.77,4029400,-1701150,13-FEB-2024,
OPTIDX,NIFTY,15-Feb-2024,21750,CE,87.85,129.75,61.5,112.7,112.7,2036788,22252182,2101950,-460700,13-FEB-2024,
OPTIDX,NIFTY,15-Feb-2024,21800,CE,80.1,102.95,46.45,87.25,87.25,2845225,31122631.74,5495500,-1122700,13-FEB-2024,
OPTIDX,NIFTY,15-Feb-2024,21850,CE,56,80.8,34.4,66.05,66.05,1178384,12908470.07,1706150,-486150,13-FEB-2024,
OPTIDX,NIFTY,15-Feb-2024,21900,CE,47,61.9,24.7,48.55,48.55,2036182,22340575.91,5043400,-892500,13-FEB-2024,
OPTIDX,NIFTY,15-Feb-2024,21950,CE,34.1,46.8,18,34.85,34.85,1115218,12257315.46,2255550,226600,13-FEB-2024,
OPTIDX,NIFTY,15-Feb-2024,22000,CE,28,34.6,13.15,24.5,24.5,2059574,22679113.64,9072000,323200,13-FEB-2024,
OPTIDX,NIFTY,15-Feb-2024,22050,CE,19.95,24.9,9.15,16.1,16.1,986336,10882196.07,1952500,387600,13-FEB-2024,
OPTIDX,NIFTY,15-Feb-2024,22100,CE,16.7,20.1,6.4,10.5,10.5,1518608,16789111.59,4217800,-87150,13-FEB-2024,
OPTIDX,NIFTY,15-Feb-2024,22150,CE,10.9,12.4,4.4,6.5,6.5,1050168,11634532.27,2958400,803850,13-FEB-2024,
OPTIDX,NIFTY,15-Feb-2024,22200,CE,8.25,9.2,3.25,4.15,4.15,1443098,16022151.88,5700550,-577300,13-FEB-2024,
OPTIDX,NIFTY,15-Feb-2024,22250,CE,6.4,6.85,2.35,2.65,2.65,727697,8096983.75,2691250,-239950,13-FEB-2024,
OPTIDX,NIFTY,15-Feb-2024,22300,CE,4.8,5.5,1.65,1.75,1.75,1012140,11286731.67,4733200,-183050,13-FEB-2024,
OPTIDX,NIFTY,15-Feb-2024,22350,CE,4.1,4.55,1.15,1.3,1.3,370818,4144312.25,1915400,448300,13-FEB-2024,
OPTIDX,NIFTY,15-Feb-2024,22400,CE,3.45,4.6,1.05,1.15,1.15,666915,7470093.83,3585450,-664500,13-FEB-2024,
OPTIDX,NIFTY,15-Feb-2024,22450,CE,3.2,3.35,0.95,1.05,1.05,219831,2467797.11,1176550,-526400,13-FEB-2024,
OPTIDX,NIFTY,15-Feb-2024,22500,CE,2.75,2.9,1,1.1,1.1,628408,7070079.01,6616250,-747650,13-FEB-2024,
OPTIDX,NIFTY,15-Feb-2024,22550,CE,2.1,2.45,0.9,1,1,96439,1087422.39,962700,-327400,13-FEB-2024,
OPTIDX,NIFTY,15-Feb-2024,22600,CE,2.3,2.4,0.8,0.9,0.9,278711,3149630.2,3147050,-172950,13-FEB-2024,
OPTIDX,NIFTY,15-Feb-2024,22650,CE,1.95,2.25,0.85,0.95,0.95,95808,1085091.07,1734850,-281800,13-FEB-2024,
OPTIDX,NIFTY,15-Feb-2024,22700,CE,1.8,2,0.7,0.75,0.75,305170,3463870.75,2569050,-1255600,13-FEB-2024,
OPTIDX,NIFTY,15-Feb-2024,22750,CE,1.85,2.15,0.7,0.75,0.75,34655,394221.48,562800,-68500,13-FEB-2024,
OPTIDX,NIFTY,15-Feb-2024,22800,CE,1.7,1.9,0.65,0.7,0.7,149773,1707494.68,1844850,-401150,13-FEB-2024,
OPTIDX,NIFTY,15-Feb-2024,22850,CE,1.7,1.9,0.6,0.65,0.65,26412,301771.35,431400,-79800,13-FEB-2024,
OPTIDX,NIFTY,15-Feb-2024,22900,CE,1.75,1.8,0.6,0.65,0.65,85662,980873.78,742100,-261350,13-FEB-2024,
OPTIDX,NIFTY,15-Feb-2024,22950,CE,1.65,1.75,0.55,0.6,0.6,23490,269558.77,187150,-99200,13-FEB-2024,
OPTIDX,NIFTY,15-Feb-2024,23000,CE,1.45,1.55,0.55,0.6,0.6,249932,2874326.43,4652400,-720050,13-FEB-2024,
OPTIDX,NIFTY,15-Feb-2024,23050,CE,1.4,1.55,0.45,0.5,0.5,21871,252071.82,167800,17200,13-FEB-2024,
OPTIDX,NIFTY,15-Feb-2024,23100,CE,1.55,1.8,0.45,0.5,0.5,100851,1164863.98,882550,-266600,13-FEB-2024,
OPTIDX,NIFTY,15-Feb-2024,23150,CE,1.35,1.4,0.45,0.45,0.45,22406,259357.7,249750,-13700,13-FEB-2024,
OPTIDX,NIFTY,15-Feb-2024,23200,CE,1.4,1.55,0.35,0.4,0.4,52994,614749.34,583500,-4250,13-FEB-2024,
OPTIDX,NIFTY,15-Feb-2024,23250,CE,1.25,1.4,0.35,0.4,0.4,26421,307153.13,362200,13800,13-FEB-2024,
OPTIDX,NIFTY,15-Feb-2024,23300,CE,1.25,1.35,0.4,0.4,0.4,29716,346202.33,424950,8900,13-FEB-2024,
OPTIDX,NIFTY,15-Feb-2024,23350,CE,1.3,1.3,0.35,0.4,0.4,9768,114044.46,184250,1250,13-FEB-2024,
OPTIDX,NIFTY,15-Feb-2024,23400,CE,1.05,1.45,0.35,0.45,0.45,24842,290661,189300,-330500,13-FEB-2024,
OPTIDX,NIFTY,15-Feb-2024,23450,CE,1.2,1.35,0.45,0.5,0.5,3471,40698.73,115050,2600,13-FEB-2024,
OPTIDX,NIFTY,15-Feb-2024,23500,CE,1.15,1.2,0.35,0.4,0.4,131967,1550650.7,2863050,-379800,13-FEB-2024,
OPTIDX,NIFTY,15-Feb-2024,23550,CE,1.1,1.1,0.45,0.55,0.55,6432,75738.88,307100,40800,13-FEB-2024,
OPTIDX,NIFTY,15-Feb-2024,23600,CE,1,1.25,0.45,0.5,0.5,11124,131267.26,726250,-17750,13-FEB-2024,
OPTIDX,NIFTY,15-Feb-2024,23650,CE,1.45,1.45,0.3,0.35,0.35,4921,58192.38,151650,-10150,13-FEB-2024,
OPTIDX,NIFTY,15-Feb-2024,23700,CE,0.95,1.15,0.4,0.5,0.5,21090,249923.8,1087900,-237400,13-FEB-2024,
OPTIDX,NIFTY,15-Feb-2024,23750,CE,1.15,1.2,0.3,0.4,0.4,4677,55540.8,108000,-4650,13-FEB-2024,
OPTIDX,NIFTY,15-Feb-2024,23800,CE,1.15,1.15,0.35,0.4,0.4,42068,500621.04,2012600,-92350,13-FEB-2024,
OPTIDX,NIFTY,15-Feb-2024,23850,CE,1,1,0.35,0.4,0.4,42804,510448.85,1821800,-15150,13-FEB-2024,
OPTIDX,NIFTY,15-Feb-2024,19500,PE,0.55,0.6,0.4,0.55,0.55,131822,1285296.69,3452750,-1442400,13-FEB-2024,
OPTIDX,NIFTY,15-Feb-2024,19550,PE,0.8,0.8,0.4,0.55,0.55,21418,209366.17,355350,-1300,13-FEB-2024,
OPTIDX,NIFTY,15-Feb-2024,19600,PE,0.45,0.8,0.4,0.7,0.7,34955,342568.5,663550,103100,13-FEB-2024,
OPTIDX,NIFTY,15-Feb-2024,19650,PE,0.5,0.65,0.45,0.6,0.6,9919,97456.77,188650,-15500,13-FEB-2024,
OPTIDX,NIFTY,15-Feb-2024,19700,PE,0.65,0.9,0.5,0.8,0.8,25959,255705.63,562100,406500,13-FEB-2024,
OPTIDX,NIFTY,15-Feb-2024,19750,PE,0.6,0.95,0.55,0.8,0.8,4628,45703.04,75350,-10400,13-FEB-2024,
OPTIDX,NIFTY,15-Feb-2024,19800,PE,0.6,0.9,0.55,0.8,0.8,17364,171909.69,311850,-12700,13-FEB-2024,
OPTIDX,NIFTY,15-Feb-2024,19850,PE,0.6,0.8,0.5,0.7,0.7,16134,160135.13,87450,-412400,13-FEB-2024,
OPTIDX,NIFTY,15-Feb-2024,19900,PE,0.7,0.85,0.55,0.8,0.8,17754,176658.75,222650,9550,13-FEB-2024,
OPTIDX,NIFTY,15-Feb-2024,19950,PE,0.5,1.05,0.3,0.65,0.65,20802,207507.19,124150,2700,13-FEB-2024,
OPTIDX,NIFTY,15-Feb-2024,20000,PE,0.7,0.9,0.6,0.8,0.8,117505,1175093.43,1779100,-386900,13-FEB-2024,
OPTIDX,NIFTY,15-Feb-2024,20050,PE,0.7,0.95,0.5,0.75,0.75,20052,201028.63,71750,-18900,13-FEB-2024,
OPTIDX,NIFTY,15-Feb-2024,20100,PE,0.7,0.95,0.6,0.8,0.8,49785,500358.45,169100,11000,13-FEB-2024,
OPTIDX,NIFTY,15-Feb-2024,20150,PE,0.7,1.05,0.45,0.75,0.75,27165,273697.24,132750,-34100,13-FEB-2024,
OPTIDX,NIFTY,15-Feb-2024,20200,PE,0.75,1,0.6,0.85,0.85,62575,632032.63,412800,-74350,13-FEB-2024,
OPTIDX,NIFTY,15-Feb-2024,20250,PE,0.75,1,0.6,0.85,0.85,23905,242047.62,79300,-34100,13-FEB-2024,
OPTIDX,NIFTY,15-Feb-2024,20300,PE,0.7,0.9,0.6,0.8,0.8,121843,1236753.83,907650,-96000,13-FEB-2024,
OPTIDX,NIFTY,15-Feb-2024,20350,PE,0.85,1.05,0.65,0.9,0.9,26236,266962.47,69950,-50200,13-FEB-2024,
OPTIDX,NIFTY,15-Feb-2024,20400,PE,1.1,1.1,0.6,0.95,0.95,71492,729251.62,458950,-62900,13-FEB-2024,
OPTIDX,NIFTY,15-Feb-2024,20450,PE,0.95,1.25,0.7,0.95,0.95,38263,391258.08,168200,-28700,13-FEB-2024,
OPTIDX,NIFTY,15-Feb-2024,20500,PE,0.95,1.35,0.8,1,1,268728,2754603.84,3055650,-412100,13-FEB-2024,
OPTIDX,NIFTY,15-Feb-2024,20550,PE,1.15,1.45,0.75,0.95,0.95,52624,540739.05,352750,-8900,13-FEB-2024,
OPTIDX,NIFTY,15-Feb-2024,20600,PE,1.35,1.65,0.8,1.05,1.05,187657,1932976.01,1211200,-352400,13-FEB-2024,
OPTIDX,NIFTY,15-Feb-2024,20650,PE,1.55,2.35,0.9,1.1,1.1,91216,941869.38,588350,-48550,13-FEB-2024,
OPTIDX,NIFTY,15-Feb-2024,20700,PE,1.8,3,0.95,1.25,1.25,394577,4084179.05,2211350,31300,13-FEB-2024,
OPTIDX,NIFTY,15-Feb-2024,20750,PE,2.1,3.7,1.05,1.4,1.4,160176,1661975.63,934550,-18850,13-FEB-2024,
OPTIDX,NIFTY,15-Feb-2024,20800,PE,2.4,4.95,1.15,1.55,1.55,722130,7510904.07,3870900,-1440200,13-FEB-2024,
OPTIDX,NIFTY,15-Feb-2024,20850,PE,2.9,6.45,1.4,1.8,1.8,240989,2512657.2,959650,43900,13-FEB-2024,
OPTIDX,NIFTY,15-Feb-2024,20900,PE,4,8.5,1.7,2.1,2.1,577429,6035109.5,3200650,582000,13-FEB-2024,
OPTIDX,NIFTY,15-Feb-2024,20950,PE,5.25,11.1,2.2,2.75,2.75,383776,4020943.74,2168450,1286350,13-FEB-2024,
OPTIDX,NIFTY,15-Feb-2024,21000,PE,7,14.55,2.8,3.3,3.3,940937,9882488.06,6827500,1470900,13-FEB-2024,
OPTIDX,NIFTY,15-Feb-2024,21050,PE,10,18.1,3.4,3.85,3.85,429676,4523793.21,901300,322250,13-FEB-2024,
OPTIDX,NIFTY,15-Feb-2024,21100,PE,11.4,22.85,4.15,4.65,4.65,774331,8172510.13,2725350,661700,13-FEB-2024,
OPTIDX,NIFTY,15-Feb-2024,21150,PE,8.7,28.8,5.1,5.8,5.8,537794,5689985.42,1546450,894300,13-FEB-2024,
OPTIDX,NIFTY,15-Feb-2024,21200,PE,16.95,35.95,6.5,7.4,7.4,956397,10144223.61,3092550,828550,13-FEB-2024,
OPTIDX,NIFTY,15-Feb-2024,21250,PE,20,44.8,8.35,9.55,9.55,683569,7268733.28,1044300,7050,13-FEB-2024,
OPTIDX,NIFTY,15-Feb-2024,21300,PE,29.2,55,10.9,12.3,12.3,1187297,12658011.97,2727500,-295200,13-FEB-2024,
OPTIDX,NIFTY,15-Feb-2024,21350,PE,37.2,67.5,14,15.95,15.95,837018,8946705.18,955500,123800,13-FEB-2024,
OPTIDX,NIFTY,15-Feb-2024,21400,PE,46.2,82,18.15,20.65,20.65,1533473,16435675.81,3415050,362000,13-FEB-2024,
OPTIDX,NIFTY,15-Feb-2024,21450,PE,58.2,99.3,23.15,26.45,26.45,979580,10528186.71,1664900,738250,13-FEB-2024,
OPTIDX,NIFTY,15-Feb-2024,21500,PE,74.95,119,29.8,33.75,33.75,2358282,25420144.89,5878700,1548900,13-FEB-2024,
OPTIDX,NIFTY,15-Feb-2024,21550,PE,75,141.6,38.4,43.45,43.45,1262841,13654886.48,1748000,411200,13-FEB-2024,
OPTIDX,NIFTY,15-Feb-2024,21600,PE,126.45,166.9,49,55.1,55.1,2743933,29762753.84,4427750,1295250,13-FEB-2024,
OPTIDX,NIFTY,15-Feb-2024,21650,PE,150.15,195.85,62.05,69.5,69.5,1740321,18934039.72,2075750,198650,13-FEB-2024,
OPTIDX,NIFTY,15-Feb-2024,21700,PE,169.95,226.85,77.9,87.05,87.05,2956896,32262423.56,4404900,1110850,13-FEB-2024,
OPTIDX,NIFTY,15-Feb-2024,21750,PE,193,260.85,96.7,107.8,107.8,1190372,13027427.17,1554000,676850,13-FEB-2024,
OPTIDX,NIFTY,15-Feb-2024,21800,PE,244,297,119.55,132.3,132.3,1048092,11515336.12,2656500,384250,13-FEB-2024,
OPTIDX,NIFTY,15-Feb-2024,21850,PE,241.9,335.6,146.75,161,161,187355,2065635.62,303150,-52200,13-FEB-2024,
OPTIDX,NIFTY,15-Feb-2024,21900,PE,315.95,376,177.95,193.6,193.6,250916,2777207.15,1025000,72800,13-FEB-2024,
OPTIDX,NIFTY,15-Feb-2024,21950,PE,339.6,419.85,212.85,228.7,228.7,46373,515064.98,235700,10550,13-FEB-2024,
OPTIDX,NIFTY,15-Feb-2024,22000,PE,375.65,464.05,251.4,269.6,269.6,109175,1218522.75,1119000,-192100,13-FEB-2024,
OPTIDX,NIFTY,15-Feb-2024,22050,PE,416.2,510.75,292.7,313.75,313.75,6110,68452.16,177050,-30900,13-FEB-2024,
OPTIDX,NIFTY,15-Feb-2024,22100,PE,468.55,554.05,335,358.15,358.15,11186,125893.48,243200,-3900,13-FEB-2024,
OPTIDX,NIFTY,15-Feb-2024,22150,PE,490,603.2,383.7,404.85,404.85,1662,18773.65,29100,-4000,13-FEB-2024,
OPTIDX,NIFTY,15-Feb-2024,22200,PE,585.2,651.35,428.15,453.25,453.25,10152,115174.85,262400,31800,13-FEB-2024,
OPTIDX,NIFTY,15-Feb-2024,22250,PE,609.05,694,483.3,487.2,487.2,704,8027.55,21500,2450,13-FEB-2024,
OPTIDX,NIFTY,15-Feb-2024,22300,PE,648.9,748.75,525,541.45,541.45,1316,15069.72,52200,-4650,13-FEB-2024,
OPTIDX,NIFTY,15-Feb-2024,22350,PE,600,715.35,579.05,593.45,593.45,45,516.72,6550,-350,13-FEB-2024,
OPTIDX,NIFTY,15-Feb-2024,22400,PE,770.8,839.6,628,640.1,640.1,737,8504.34,12700,-1000,13-FEB-2024,
OPTIDX,NIFTY,15-Feb-2024,22450,PE,749.3,825,679.35,695.05,695.05,54,625.06,4450,-550,13-FEB-2024,
OPTIDX,NIFTY,15-Feb-2024,22500,PE,873,940.3,723.45,745.6,745.6,1176,13686.3,60050,-6950,13-FEB-2024,
OPTIDX,NIFTY,15-Feb-2024,22550,PE,921.4,921.4,789,812.6,798.4,5,58.48,2250,0,13-FEB-2024,
OPTIDX,NIFTY,15-Feb-2024,22600,PE,995,995,845,851,851,19,222.98,4500,-250,13-FEB-2024,
OPTIDX,NIFTY,15-Feb-2024,22650,PE,979.5,1001.5,910.8,920,898.4,16,188.65,1750,200,13-FEB-2024,
OPTIDX,NIFTY,15-Feb-2024,22700,PE,1099.2,1099.2,930.9,940.35,948.35,9,106.59,1750,-100,13-FEB-2024,
OPTIDX,NIFTY,15-Feb-2024,22750,PE,1060.15,1060.15,1044.7,1044.7,998.35,2,23.8,1650,50,13-FEB-2024,
OPTIDX,NIFTY,15-Feb-2024,22800,PE,1148.05,1242,1031,1054,1054,94,1123.23,2550,750,13-FEB-2024,
OPTIDX,NIFTY,15-Feb-2024,22850,PE,1159.9,1202.1,1142.4,1202.1,1098.3,3,36.02,400,0,13-FEB-2024,
OPTIDX,NIFTY,15-Feb-2024,22900,PE,0,0,0,1121.1,1148.3,0,0,400,0,13-FEB-2024,
OPTIDX,NIFTY,15-Feb-2024,22950,PE,0,0,0,1206.35,1198.25,0,0,0,0,13-FEB-2024,
OPTIDX,NIFTY,15-Feb-2024,23000,PE,1385,1422,1242.7,1253.5,1253.5,161,1956.16,9350,-350,13-FEB-2024,
OPTIDX,NIFTY,15-Feb-2024,23050,PE,1371.55,1371.55,1336.3,1336.3,1298.25,2,24.4,50,50,13-FEB-2024,
OPTIDX,NIFTY,15-Feb-2024,23100,PE,1427.25,1451.5,1427.25,1427.75,1348.2,4,49.07,450,50,13-FEB-2024,
OPTIDX,NIFTY,15-Feb-2024,23150,PE,0,0,0,1384.2,1398.2,0,0,0,0,13-FEB-2024,
OPTIDX,NIFTY,15-Feb-2024,23200,PE,1603.65,1603.7,1530.7,1565.5,1448.15,4,49.55,0,0,13-FEB-2024,
OPTIDX,NIFTY,15-Feb-2024,23250,PE,0,0,0,1475.5,1498.15,0,0,0,0,13-FEB-2024,
OPTIDX,NIFTY,15-Feb-2024,23300,PE,0,0,0,1521.65,1548.15,0,0,0,0,13-FEB-2024,
OPTIDX,NIFTY,15-Feb-2024,23350,PE,0,0,0,1568.15,1598.1,0,0,0,0,13-FEB-2024,
OPTIDX,NIFTY,15-Feb-2024,23400,PE,0,0,0,1614.9,1648.1,0,0,0,0,13-FEB-2024,
OPTIDX,NIFTY,15-Feb-2024,23450,PE,0,0,0,1612.25,1698.1,0,0,50,0,13-FEB-2024,
OPTIDX,NIFTY,15-Feb-2024,23500,PE,0,0,0,1706,1748.05,0,0,100,0,13-FEB-2024,
OPTIDX,NIFTY,15-Feb-2024,23550,PE,0,0,0,1756.65,1798.05,0,0,0,0,13-FEB-2024,
OPTIDX,NIFTY,15-Feb-2024,23600,PE,0,0,0,1788,1848,0,0,100,0,13-FEB-2024,
OPTIDX,NIFTY,15-Feb-2024,23650,PE,0,0,0,1852.2,1898,0,0,0,0,13-FEB-2024,
OPTIDX,NIFTY,15-Feb-2024,23700,PE,0,0,0,1930,1948,0,0,100,0,13-FEB-2024,
OPTIDX,NIFTY,15-Feb-2024,23750,PE,0,0,0,1918.55,1997.95,0,0,50,0,13-FEB-2024,
OPTIDX,NIFTY,15-Feb-2024,23800,PE,0,0,0,2045,2047.95,0,0,150,0,13-FEB-2024,
OPTIDX,NIFTY,15-Feb-2024,23850,PE,0,0,0,2175,2097.95,0,0,750,0,13-FEB-2024,
OPTIDX,NIFTY,22-Feb-2024,19500,CE,0,0,0,2102.9,2275.7,0,0,0,0,13-FEB-2024,
OPTIDX,NIFTY,22-Feb-2024,19550,CE,0,0,0,2053.95,2225.75,0,0,0,0,13-FEB-2024,
OPTIDX,NIFTY,22-Feb-2024,19600,CE,0,0,0,2005.1,2175.85,0,0,0,0,13-FEB-2024,
OPTIDX,NIFTY,22-Feb-2024,19650,CE,0,0,0,1956.35,2125.95,0,0,0,0,13-FEB-2024,
OPTIDX,NIFTY,22-Feb-2024,19700,CE,0,0,0,1907.8,2076,0,0,0,0,13-FEB-2024,
OPTIDX,NIFTY,22-Feb-2024,19750,CE,0,0,0,1859.35,2026.1,0,0,0,0,13-FEB-2024,
OPTIDX,NIFTY,22-Feb-2024,19800,CE,0,0,0,1920,1976.2,0,0,50,0,13-FEB-2024,
OPTIDX,NIFTY,22-Feb-2024,19850,CE,1900,1900,1900,1900,1926.25,1,10.87,250,0,13-FEB-2024,
OPTIDX,NIFTY,22-Feb-2024,19900,CE,1860,1885,1793,1885,1885,5,54.34,550,0,13-FEB-2024,
OPTIDX,NIFTY,22-Feb-2024,19950,CE,1780,1830,1738,1830,1830,3,32.59,250,0,13-FEB-2024,
OPTIDX,NIFTY,22-Feb-2024,20000,CE,1775,1800,1775,1784.85,1784.85,11,119.83,2050,400,13-FEB-2024,
OPTIDX,NIFTY,22-Feb-2024,20050,CE,0,0,0,1572.9,1726.6,0,0,0,0,13-FEB-2024,
OPTIDX,NIFTY,22-Feb-2024,20100,CE,1552,1678.2,1552,1678.2,1676.7,6,65.05,2800,150,13-FEB-2024,
OPTIDX,NIFTY,22-Feb-2024,20150,CE,0,0,0,1479.5,1626.75,0,0,0,0,13-FEB-2024,
OPTIDX,NIFTY,22-Feb-2024,20200,CE,1501.75,1602.85,1501.75,1527.45,1576.85,5,54.33,150,150,13-FEB-2024,
OPTIDX,NIFTY,22-Feb-2024,20250,CE,1452.05,1452.05,1389.35,1389.35,1526.95,4,43.34,100,100,13-FEB-2024,
OPTIDX,NIFTY,22-Feb-2024,20300,CE,1402.45,1442.95,1360,1442.95,1477.05,32,346.95,1500,1400,13-FEB-2024,
OPTIDX,NIFTY,22-Feb-2024,20350,CE,0,0,0,1297.1,1427.1,0,0,0,0,13-FEB-2024,
OPTIDX,NIFTY,22-Feb-2024,20400,CE,0,0,0,1250,1377.2,0,0,350,0,13-FEB-2024,
OPTIDX,NIFTY,22-Feb-2024,20450,CE,1305,1305,1300,1300,1327.35,7,76.13,300,-50,13-FEB-2024,
OPTIDX,NIFTY,22-Feb-2024,20500,CE,1147.15,1290,1120,1279.45,1279.45,20,217.22,4450,900,13-FEB-2024,
OPTIDX,NIFTY,22-Feb-2024,20550,CE,0,0,0,1188,1227.6,0,0,550,0,13-FEB-2024,
OPTIDX,NIFTY,22-Feb-2024,20600,CE,1035,1198,1035,1189.9,1189.9,29,315.38,2850,1450,13-FEB-2024,
OPTIDX,NIFTY,22-Feb-2024,20650,CE,0,0,0,1130,1128,0,0,250,0,13-FEB-2024,
OPTIDX,NIFTY,22-Feb-2024,20700,CE,1062.2,1062.2,999.7,1053,1078.3,5,54.3,850,0,13-FEB-2024,
OPTIDX,NIFTY,22-Feb-2024,20750,CE,0,0,0,956.4,1028.65,0,0,0,0,13-FEB-2024,
OPTIDX,NIFTY,22-Feb-2024,20800,CE,0,0,0,916.7,979.15,0,0,0,0,13-FEB-2024,
OPTIDX,NIFTY,22-Feb-2024,20850,CE,0,0,0,877.75,929.8,0,0,0,0,13-FEB-2024,
OPTIDX,NIFTY,22-Feb-2024,20900,CE,833.95,899,740,893,880.7,16,173.72,900,500,13-FEB-2024,
OPTIDX,NIFTY,22-Feb-2024,20950,CE,795.2,795.2,795.2,795.2,831.85,1,10.87,50,50,13-FEB-2024,
OPTIDX,NIFTY,22-Feb-2024,21000,CE,745,822,653.5,801.95,801.95,626,6800.11,31100,17350,13-FEB-2024,
OPTIDX,NIFTY,22-Feb-2024,21050,CE,0,0,0,772,735.25,0,0,100,0,13-FEB-2024,
OPTIDX,NIFTY,22-Feb-2024,21100,CE,567,716,567,709.9,709.9,64,695.98,2250,1350,13-FEB-2024,
OPTIDX,NIFTY,22-Feb-2024,21150,CE,561,633.1,552,633.1,640.85,9,97.81,300,250,13-FEB-2024,
OPTIDX,NIFTY,22-Feb-2024,21200,CE,548,634.5,488,625.75,625.75,370,4027.51,8450,4700,13-FEB-2024,
OPTIDX,NIFTY,22-Feb-2024,21250,CE,506.05,593.5,474.65,589.45,589.45,56,609.98,5950,350,13-FEB-2024,
OPTIDX,NIFTY,22-Feb-2024,21300,CE,481.55,556.05,418.55,537,537,598,6516.11,17000,3500,13-FEB-2024,
OPTIDX,NIFTY,22-Feb-2024,21350,CE,443.3,510,400.25,494.4,494.4,212,2310.49,9850,-700,13-FEB-2024,
OPTIDX,NIFTY,22-Feb-2024,21400,CE,409.55,477.15,343.55,452.7,452.7,2124,23169.56,24150,4450,13-FEB-2024,
OPTIDX,NIFTY,22-Feb-2024,21450,CE,371.3,430,310.9,412.95,412.95,624,6808.08,16500,2800,13-FEB-2024,
OPTIDX,NIFTY,22-Feb-2024,21500,CE,327.55,399.3,281.1,381.55,381.55,14119,154229.36,124600,55300,13-FEB-2024,
OPTIDX,NIFTY,22-Feb-2024,21550,CE,303.6,360.85,252.2,343.9,343.9,6413,70100.38,61550,29850,13-FEB-2024,
OPTIDX,NIFTY,22-Feb-2024,21600,CE,277.95,327.45,224.7,307.7,307.7,35598,389408.47,226950,10700,13-FEB-2024,
OPTIDX,NIFTY,22-Feb-2024,21650,CE,258.35,295,199.8,276.75,276.75,21325,233494.91,93500,-12200,13-FEB-2024,
OPTIDX,NIFTY,22-Feb-2024,21700,CE,223.75,264,175.9,244.85,244.85,74833,820411.4,513000,187950,13-FEB-2024,
OPTIDX,NIFTY,22-Feb-2024,21750,CE,189,234.35,154.55,216.9,216.9,30036,329694.57,215800,44100,13-FEB-2024,
OPTIDX,NIFTY,22-Feb-2024,21800,CE,215,215,134.2,189.95,189.95,69352,762081.91,452050,-20550,13-FEB-2024,
OPTIDX,NIFTY,22-Feb-2024,21850,CE,148.9,180.5,116.15,165.35,165.35,16749,184242.68,95950,15100,13-FEB-2024,
OPTIDX,NIFTY,22-Feb-2024,21900,CE,125,156.55,99.4,142.05,142.05,54131,596316.46,355800,104750,13-FEB-2024,
OPTIDX,NIFTY,22-Feb-2024,21950,CE,109.9,135,85.1,121.1,121.1,13313,146849.91,82400,14400,13-FEB-2024,
OPTIDX,NIFTY,22-Feb-2024,22000,CE,94,114.9,71.6,101.9,101.9,88808,981069.94,867450,94200,13-FEB-2024,
OPTIDX,NIFTY,22-Feb-2024,22050,CE,80.05,97.75,60.95,86.4,86.4,17420,192758.6,113900,54050,13-FEB-2024,
OPTIDX,NIFTY,22-Feb-2024,22100,CE,70,82.25,50.25,70.8,70.8,35874,397584.73,456700,-1150,13-FEB-2024,
OPTIDX,NIFTY,22-Feb-2024,22150,CE,56.95,68.55,41.75,59.5,59.5,21487,238560.53,151450,76050,13-FEB-2024,
OPTIDX,NIFTY,22-Feb-2024,22200,CE,45.65,57.05,34.35,48.55,48.55,36173,402339.21,351250,5150,13-FEB-2024,
OPTIDX,NIFTY,22-Feb-2024,22250,CE,37.7,47,27.95,39.7,39.7,15362,171190.59,113600,20700,13-FEB-2024,
OPTIDX,NIFTY,22-Feb-2024,22300,CE,32,38.5,22.7,31.85,31.85,32499,362858.36,353250,70200,13-FEB-2024,
OPTIDX,NIFTY,22-Feb-2024,22350,CE,26.85,31.05,18.3,25.45,25.45,13539,151464.34,116000,49300,13-FEB-2024,
OPTIDX,NIFTY,22-Feb-2024,22400,CE,24.5,24.9,14.75,20.3,20.3,37470,420032.95,515250,107900,13-FEB-2024,
OPTIDX,NIFTY,22-Feb-2024,22450,CE,18.25,19.5,11.8,15.75,15.75,10984,123381.92,132350,60700,13-FEB-2024,
OPTIDX,NIFTY,22-Feb-2024,22500,CE,15,16.25,9.6,12.15,12.15,46413,522437.35,824100,492250,13-FEB-2024,
OPTIDX,NIFTY,22-Feb-2024,22550,CE,13.4,13.45,7.85,9.6,9.6,7286,82186.99,86250,15700,13-FEB-2024,
OPTIDX,NIFTY,22-Feb-2024,22600,CE,11.5,11.8,6.35,7.6,7.6,25925,293058.02,555050,344200,13-FEB-2024,
OPTIDX,NIFTY,22-Feb-2024,22650,CE,9.8,10.1,5.3,6.25,6.25,4368,49482.36,76500,30950,13-FEB-2024,
OPTIDX,NIFTY,22-Feb-2024,22700,CE,7.85,7.85,4.75,5.45,5.45,10396,118023.81,197000,65150,13-FEB-2024,
OPTIDX,NIFTY,22-Feb-2024,22750,CE,6.9,7.45,3.9,4.45,4.45,3579,40719.49,71000,34250,13-FEB-2024,
OPTIDX,NIFTY,22-Feb-2024,22800,CE,5.7,6.1,3.4,3.95,3.95,12773,145638.23,322050,41100,13-FEB-2024,
OPTIDX,NIFTY,22-Feb-2024,22850,CE,5.25,5.25,3.2,3.55,3.55,1020,11655.35,44650,10750,13-FEB-2024,
OPTIDX,NIFTY,22-Feb-2024,22900,CE,4.7,5,2.9,3.35,3.35,5413,61988.31,123000,-8200,13-FEB-2024,
OPTIDX,NIFTY,22-Feb-2024,22950,CE,5,5,3.1,3.4,3.4,4164,47789.26,112800,34400,13-FEB-2024,
OPTIDX,NIFTY,22-Feb-2024,23000,CE,4.6,5.4,2.8,3.2,3.2,19675,226294.54,510900,211200,13-FEB-2024,
OPTIDX,NIFTY,22-Feb-2024,23050,CE,4.4,4.95,2.65,2.95,2.95,9804,113008.37,187350,160350,13-FEB-2024,
OPTIDX,NIFTY,22-Feb-2024,23100,CE,4.1,4.1,2.4,2.8,2.8,3670,42394.32,101550,300,13-FEB-2024,
OPTIDX,NIFTY,22-Feb-2024,23150,CE,4.55,4.55,2.2,2.45,2.45,803,9295.87,7650,600,13-FEB-2024,
OPTIDX,NIFTY,22-Feb-2024,23200,CE,3.9,3.9,2.1,2.4,2.4,2863,33214.95,76100,2800,13-FEB-2024,
OPTIDX,NIFTY,22-Feb-2024,23250,CE,3.3,3.75,1.9,2.15,2.15,354,4115.72,5350,950,13-FEB-2024,
OPTIDX,NIFTY,22-Feb-2024,23300,CE,3.45,3.45,1.85,2.1,2.1,1087,12664.88,30250,18200,13-FEB-2024,
OPTIDX,NIFTY,22-Feb-2024,23350,CE,3.05,4.8,2,2.3,2.3,438,5114.23,6150,950,13-FEB-2024,
OPTIDX,NIFTY,22-Feb-2024,23400,CE,2.85,2.85,1.7,1.85,1.85,566,6622.84,18500,5350,13-FEB-2024,
OPTIDX,NIFTY,22-Feb-2024,23450,CE,2.95,4.8,1.85,1.95,1.95,154,1805.84,13350,-1150,13-FEB-2024,
OPTIDX,NIFTY,22-Feb-2024,23500,CE,2.8,2.8,1.6,1.75,1.75,2440,28672.41,92100,4350,13-FEB-2024,
OPTIDX,NIFTY,22-Feb-2024,23550,CE,2.75,2.75,1.55,1.55,1.55,136,1601.53,5300,0,13-FEB-2024,
OPTIDX,NIFTY,22-Feb-2024,23600,CE,2.55,2.55,1.4,1.5,1.5,677,7989.17,39000,8900,13-FEB-2024,
OPTIDX,NIFTY,22-Feb-2024,23650,CE,2.35,2.65,1.5,1.6,1.6,110,1300.84,4600,-650,13-FEB-2024,
OPTIDX,NIFTY,22-Feb-2024,23700,CE,2.35,2.5,1.45,1.6,1.6,1437,17029.72,47250,17650,13-FEB-2024,
OPTIDX,NIFTY,22-Feb-2024,19500,PE,2.4,2.5,1.85,2.2,2.2,6184,60300.15,254400,206350,13-FEB-2024,
OPTIDX,NIFTY,22-Feb-2024,19550,PE,2.35,2.75,1.7,2.05,2.05,241,2356.01,4500,2150,13-FEB-2024,
OPTIDX,NIFTY,22-Feb-2024,19600,PE,0,0,0,5.55,0.05,0,0,0,0,13-FEB-2024,
OPTIDX,NIFTY,22-Feb-2024,19650,PE,2.4,3,1.7,2.05,2.05,231,2269.82,4850,2950,13-FEB-2024,
OPTIDX,NIFTY,22-Feb-2024,19700,PE,2.7,2.7,2.25,2.5,2.5,248,2443.11,12400,12400,13-FEB-2024,
OPTIDX,NIFTY,22-Feb-2024,19750,PE,0,0,0,8.75,0.05,0,0,0,0,13-FEB-2024,
OPTIDX,NIFTY,22-Feb-2024,19800,PE,2.55,3.2,1.85,2.3,2.3,972,9623.91,23950,18150,13-FEB-2024,
OPTIDX,NIFTY,22-Feb-2024,19850,PE,0,0,0,11.7,0.05,0,0,0,0,13-FEB-2024,
OPTIDX,NIFTY,22-Feb-2024,19900,PE,1.95,2.5,1.95,2.35,2.35,19,189.07,950,950,13-FEB-2024,
OPTIDX,NIFTY,22-Feb-2024,19950,PE,0,0,0,15.45,0.05,0,0,0,0,13-FEB-2024,
OPTIDX,NIFTY,22-Feb-2024,20000,PE,3.2,3.35,2.2,2.5,2.5,10807,108083.41,312850,123450,13-FEB-2024,
OPTIDX,NIFTY,22-Feb-2024,20050,PE,0,0,0,20.2,0.05,0,0,0,0,13-FEB-2024,
OPTIDX,NIFTY,22-Feb-2024,20100,PE,3,3,2.2,2.7,2.7,177,1779.09,3650,3650,13-FEB-2024,
OPTIDX,NIFTY,22-Feb-2024,20150,PE,0,0,0,26.1,0.05,0,0,0,0,13-FEB-2024,
OPTIDX,NIFTY,22-Feb-2024,20200,PE,0,0,0,29.55,0.05,0,0,0,0,13-FEB-2024,
OPTIDX,NIFTY,22-Feb-2024,20250,PE,0,0,0,33.4,0.05,0,0,0,0,13-FEB-2024,
OPTIDX,NIFTY,22-Feb-2024,20300,PE,0,0,0,37.65,0.05,0,0,0,0,13-FEB-2024,
OPTIDX,NIFTY,22-Feb-2024,20350,PE,5.9,8.1,3.2,3.7,3.7,3480,35417.59,60000,28550,13-FEB-2024,
OPTIDX,NIFTY,22-Feb-2024,20400,PE,6.6,9.4,3.85,4.1,4.1,8259,84264.32,180700,59050,13-FEB-2024,
OPTIDX,NIFTY,22-Feb-2024,20450,PE,8.25,11.3,4.35,4.5,4.5,3254,33283.09,33150,15650,13-FEB-2024,
OPTIDX,NIFTY,22-Feb-2024,20500,PE,9.05,13.25,5.2,5.45,5.45,21922,224780.59,452900,122100,13-FEB-2024,
OPTIDX,NIFTY,22-Feb-2024,20550,PE,11.2,15.15,5.7,5.95,5.95,3038,31228.96,16550,5900,13-FEB-2024,
OPTIDX,NIFTY,22-Feb-2024,20600,PE,12.7,17.7,6.05,6.45,6.45,12548,129305.29,232150,60350,13-FEB-2024,
OPTIDX,NIFTY,22-Feb-2024,20650,PE,14.35,20.1,6.7,7.2,7.2,2969,30670.6,38650,23450,13-FEB-2024,
OPTIDX,NIFTY,22-Feb-2024,20700,PE,18,23.6,7.95,8.3,8.3,22516,233167.63,521400,314050,13-FEB-2024,
OPTIDX,NIFTY,22-Feb-2024,20750,PE,18.8,26.9,9.55,10.05,10.05,5723,59419.6,67000,11300,13-FEB-2024,
OPTIDX,NIFTY,22-Feb-2024,20800,PE,21.75,31.25,11.3,12,12,27208,283192.91,511400,197250,13-FEB-2024,
OPTIDX,NIFTY,22-Feb-2024,20850,PE,23.75,35.8,13,13.6,13.6,12326,128620.71,75200,39100,13-FEB-2024,
OPTIDX,NIFTY,22-Feb-2024,20900,PE,31.5,40.95,15.1,16,16,24163,252777.63,411050,37800,13-FEB-2024,
OPTIDX,NIFTY,22-Feb-2024,20950,PE,33,47,17.85,19.1,19.1,12617,132340.69,108100,28500,13-FEB-2024,
OPTIDX,NIFTY,22-Feb-2024,21000,PE,36.7,54.15,20.5,22.35,22.35,52968,556958.3,695600,220400,13-FEB-2024,
OPTIDX,NIFTY,22-Feb-2024,21050,PE,50,61.7,23.85,25.35,25.35,11385,120036.05,46050,5900,13-FEB-2024,
OPTIDX,NIFTY,22-Feb-2024,21100,PE,56,70.3,27.2,29.3,29.3,23497,248369.97,263350,-68150,13-FEB-2024,
OPTIDX,NIFTY,22-Feb-2024,21150,PE,58.4,79.4,31.65,33.75,33.75,10062,106652.35,69700,24750,13-FEB-2024,
OPTIDX,NIFTY,22-Feb-2024,21200,PE,65,90.2,36.65,39.5,39.5,40888,434507.82,369450,11050,13-FEB-2024,
OPTIDX,NIFTY,22-Feb-2024,21250,PE,78.95,101.3,42.85,46,46,14372,153151.78,118000,79700,13-FEB-2024,
OPTIDX,NIFTY,22-Feb-2024,21300,PE,89.05,114.15,49.25,52.75,52.75,40025,427753.75,276200,-94200,13-FEB-2024,
OPTIDX,NIFTY,22-Feb-2024,21350,PE,103.4,128.7,57,60.6,60.6,14067,150763.9,61300,12500,13-FEB-2024,
OPTIDX,NIFTY,22-Feb-2024,21400,PE,115.05,144.25,65.3,69.8,69.8,56039,602165.43,666850,287500,13-FEB-2024,
OPTIDX,NIFTY,22-Feb-2024,21450,PE,130.25,162.2,75.1,81.1,81.1,13612,146712.8,103800,53350,13-FEB-2024,
OPTIDX,NIFTY,22-Feb-2024,21500,PE,150,181.7,86.35,93.3,93.3,89927,972054.74,668000,211750,13-FEB-2024,
OPTIDX,NIFTY,22-Feb-2024,21550,PE,169.2,202.9,99.4,106.05,106.05,17425,188969.16,122350,81550,13-FEB-2024,
OPTIDX,NIFTY,22-Feb-2024,21600,PE,177.3,224.7,113.2,120.8,120.8,71339,776057.49,589050,211050,13-FEB-2024,
OPTIDX,NIFTY,22-Feb-2024,21650,PE,200,249.9,130.9,139.55,139.55,28112,306813.55,129300,18000,13-FEB-2024,
OPTIDX,NIFTY,22-Feb-2024,21700,PE,216.55,275.8,148.65,158.1,158.1,83146,910066.18,677900,332600,13-FEB-2024,
OPTIDX,NIFTY,22-Feb-2024,21750,PE,242.95,303.25,169,178.85,178.85,20905,229518,122150,56450,13-FEB-2024,
OPTIDX,NIFTY,22-Feb-2024,21800,PE,283.2,334.3,190.5,200.95,200.95,33951,374089.1,268550,21600,13-FEB-2024,
OPTIDX,NIFTY,22-Feb-2024,21850,PE,304.9,365,215.65,227.1,227.1,5085,56223.23,38100,15650,13-FEB-2024,
OPTIDX,NIFTY,22-Feb-2024,21900,PE,336.9,398,240.75,251.65,251.65,9545,105884.53,95650,38100,13-FEB-2024,
OPTIDX,NIFTY,22-Feb-2024,21950,PE,354.1,416.85,270,280.1,280.1,1726,19207.43,17850,10050,13-FEB-2024,
OPTIDX,NIFTY,22-Feb-2024,22000,PE,411.95,472.75,300.1,314.35,314.35,9238,103295.56,360000,19000,13-FEB-2024,
OPTIDX,NIFTY,22-Feb-2024,22050,PE,484.35,510,338.2,351.25,351.25,267,2993.68,13400,5300,13-FEB-2024,
OPTIDX,NIFTY,22-Feb-2024,22100,PE,465.45,544.8,368.2,379.55,379.55,576,6485.78,12300,3400,13-FEB-2024,
OPTIDX,NIFTY,22-Feb-2024,22150,PE,507.8,565,410,416.15,416.15,216,2438.45,13000,4350,13-FEB-2024,
OPTIDX,NIFTY,22-Feb-2024,22200,PE,588,608.95,445,460.45,460.45,287,3258.15,11950,-450,13-FEB-2024,
OPTIDX,NIFTY,22-Feb-2024,22250,PE,525.65,525.65,488.1,504.65,504.65,22,250.3,6850,-550,13-FEB-2024,
OPTIDX,NIFTY,22-Feb-2024,22300,PE,619.05,717.95,525,545.35,545.35,180,2060.81,5750,-200,13-FEB-2024,
OPTIDX,NIFTY,22-Feb-2024,22350,PE,622.95,630.95,580.4,582.6,582.6,23,264.06,900,750,13-FEB-2024,
OPTIDX,NIFTY,22-Feb-2024,22400,PE,720,800,615,622.9,622.9,61,704.18,3650,600,13-FEB-2024,
OPTIDX,NIFTY,22-Feb-2024,22450,PE,0,0,0,575.2,680.8,0,0,50,0,13-FEB-2024,
OPTIDX,NIFTY,22-Feb-2024,22500,PE,840,905,714.8,730.3,730.3,216,2510.16,9900,5100,13-FEB-2024,
OPTIDX,NIFTY,22-Feb-2024,22550,PE,0,0,0,571.65,775.85,0,0,100,0,13-FEB-2024,
OPTIDX,NIFTY,22-Feb-2024,22600,PE,0,0,0,724.55,824.15,0,0,100,0,13-FEB-2024,
OPTIDX,NIFTY,22-Feb-2024,22650,PE,0,0,0,1109.7,872.8,0,0,0,0,13-FEB-2024,
OPTIDX,NIFTY,22-Feb-2024,22700,PE,0,0,0,1152.3,921.75,0,0,0,0,13-FEB-2024,
OPTIDX,NIFTY,22-Feb-2024,22750,PE,0,0,0,1195.4,970.9,0,0,0,0,13-FEB-2024,
OPTIDX,NIFTY,22-Feb-2024,22800,PE,0,0,0,1238.95,1020.25,0,0,0,0,13-FEB-2024,
OPTIDX,NIFTY,22-Feb-2024,22850,PE,0,0,0,1283,1069.8,0,0,0,0,13-FEB-2024,
OPTIDX,NIFTY,22-Feb-2024,22900,PE,0,0,0,1327.5,1119.4,0,0,0,0,13-FEB-2024,
OPTIDX,NIFTY,22-Feb-2024,22950,PE,0,0,0,1372.4,1169.1,0,0,0,0,13-FEB-2024,
OPTIDX,NIFTY,22-Feb-2024,23000,PE,0,0,0,1417.7,1218.85,0,0,0,0,13-FEB-2024,
OPTIDX,NIFTY,22-Feb-2024,23050,PE,0,0,0,1463.35,1268.65,0,0,0,0,13-FEB-2024,
OPTIDX,NIFTY,22-Feb-2024,23100,PE,0,0,0,1412,1318.5,0,0,500,0,13-FEB-2024,
OPTIDX,NIFTY,22-Feb-2024,23150,PE,0,0,0,1555.65,1368.35,0,0,0,0,13-FEB-2024,
OPTIDX,NIFTY,22-Feb-2024,23200,PE,0,0,0,1602.25,1418.25,0,0,0,0,13-FEB-2024,
OPTIDX,NIFTY,22-Feb-2024,23250,PE,0,0,0,1649.15,1468.15,0,0,0,0,13-FEB-2024,
OPTIDX,NIFTY,22-Feb-2024,23300,PE,0,0,0,1696.25,1518.05,0,0,0,0,13-FEB-2024,
OPTIDX,NIFTY,22-Feb-2024,23350,PE,0,0,0,1743.65,1567.95,0,0,0,0,13-FEB-2024,
OPTIDX,NIFTY,22-Feb-2024,23400,PE,0,0,0,1791.2,1617.85,0,0,0,0,13-FEB-2024,
OPTIDX,NIFTY,22-Feb-2024,23450,PE,0,0,0,1839,1667.75,0,0,0,0,13-FEB-2024,
OPTIDX,NIFTY,22-Feb-2024,23500,PE,0,0,0,1886.95,1717.7,0,0,0,0,13-FEB-2024,
OPTIDX,NIFTY,22-Feb-2024,23550,PE,0,0,0,1935.05,1767.6,0,0,0,0,13-FEB-2024,
OPTIDX,NIFTY,22-Feb-2024,23600,PE,0,0,0,1983.35,1817.5,0,0,0,0,13-FEB-2024,
OPTIDX,NIFTY,22-Feb-2024,23650,PE,0,0,0,2031.75,1867.4,0,0,0,0,13-FEB-2024,
OPTIDX,NIFTY,22-Feb-2024,23700,PE,0,0,0,2080.3,1917.35,0,0,0,0,13-FEB-2024,
OPTIDX,NIFTY,29-Feb-2024,18650,CE,0,0,0,3149.8,3148.35,0,0,32950,0,13-FEB-2024,
OPTIDX,NIFTY,29-Feb-2024,18700,CE,2978,3128.1,2978,3068.35,3068.35,9,97.94,71350,-50,13-FEB-2024,
OPTIDX,NIFTY,29-Feb-2024,18750,CE,0,0,0,3076,3048.65,0,0,1150,0,13-FEB-2024,
OPTIDX,NIFTY,29-Feb-2024,18800,CE,2950,2950,2950,2950,2998.8,1,10.87,11250,-50,13-FEB-2024,
OPTIDX,NIFTY,29-Feb-2024,18850,CE,0,0,0,1710.25,2948.95,0,0,0,0,13-FEB-2024,
OPTIDX,NIFTY,29-Feb-2024,18900,CE,0,0,0,3180,2899.1,0,0,2400,0,13-FEB-2024,
OPTIDX,NIFTY,29-Feb-2024,18950,CE,0,0,0,2410,2849.25,0,0,200,0,13-FEB-2024,
OPTIDX,NIFTY,29-Feb-2024,19000,CE,2720,2824.15,2614.7,2804.25,2804.25,611,6647.88,678900,-17150,13-FEB-2024,
OPTIDX,NIFTY,29-Feb-2024,19050,CE,0,0,0,2476.45,2749.55,0,0,100,0,13-FEB-2024,
OPTIDX,NIFTY,29-Feb-2024,19100,CE,0,0,0,2300.45,2699.7,0,0,2550,0,13-FEB-2024,
OPTIDX,NIFTY,29-Feb-2024,19150,CE,0,0,0,2340,2649.85,0,0,200,0,13-FEB-2024,
OPTIDX,NIFTY,29-Feb-2024,19200,CE,2600,2600,2600,2600,2600,1,10.9,3900,-50,13-FEB-2024,
OPTIDX,NIFTY,29-Feb-2024,19250,CE,0,0,0,2140,2550.1,0,0,150,0,13-FEB-2024,
OPTIDX,NIFTY,29-Feb-2024,19300,CE,0,0,0,2495.7,2500.25,0,0,6200,0,13-FEB-2024,
OPTIDX,NIFTY,29-Feb-2024,19350,CE,0,0,0,2566,2450.4,0,0,9150,0,13-FEB-2024,
OPTIDX,NIFTY,29-Feb-2024,19400,CE,2300,2355,2300,2350,2400.55,10,108.74,8550,-50,13-FEB-2024,
OPTIDX,NIFTY,29-Feb-2024,19450,CE,0,0,0,1231.75,2350.7,0,0,0,0,13-FEB-2024,
OPTIDX,NIFTY,29-Feb-2024,19500,CE,2245,2315.35,2185,2315.1,2315.1,82,890.46,143900,-3750,13-FEB-2024,
OPTIDX,NIFTY,29-Feb-2024,19550,CE,0,0,0,1159.6,2251,0,0,0,0,13-FEB-2024,
OPTIDX,NIFTY,29-Feb-2024,19600,CE,2102.2,2213.6,2102.2,2213.6,2213.6,4,43.51,15100,0,13-FEB-2024,
OPTIDX,NIFTY,29-Feb-2024,19650,CE,0,0,0,2024.2,2151.3,0,0,300,0,13-FEB-2024,
OPTIDX,NIFTY,29-Feb-2024,19700,CE,2018.45,2092.3,2015.2,2092.3,2101.45,12,130.52,24100,-50,13-FEB-2024,
OPTIDX,NIFTY,29-Feb-2024,19750,CE,0,0,0,1930.05,2051.6,0,0,300,0,13-FEB-2024,
OPTIDX,NIFTY,29-Feb-2024,19800,CE,0,0,0,1980,2001.75,0,0,12600,0,13-FEB-2024,
OPTIDX,NIFTY,29-Feb-2024,19850,CE,0,0,0,1913,1951.9,0,0,300,0,13-FEB-2024,
OPTIDX,NIFTY,29-Feb-2024,19900,CE,1865,1881,1800,1800,1902.1,3,32.62,10200,150,13-FEB-2024,
OPTIDX,NIFTY,29-Feb-2024,19950,CE,1840,1860,1800,1860,1860,3,32.67,2150,150,13-FEB-2024,
OPTIDX,NIFTY,29-Feb-2024,20000,CE,1710,1834.45,1640.05,1819.1,1819.1,675,7351.49,686250,-5100,13-FEB-2024,
OPTIDX,NIFTY,29-Feb-2024,20050,CE,0,0,0,1517.3,1752.6,0,0,50,0,13-FEB-2024,
OPTIDX,NIFTY,29-Feb-2024,20100,CE,0,0,0,1580.1,1702.75,0,0,10350,0,13-FEB-2024,
OPTIDX,NIFTY,29-Feb-2024,20150,CE,0,0,0,1374.15,1652.95,0,0,150,0,13-FEB-2024,
OPTIDX,NIFTY,29-Feb-2024,20200,CE,1451,1623,1450,1610.2,1610.2,17,185.16,26500,200,13-FEB-2024,
OPTIDX,NIFTY,29-Feb-2024,20250,CE,0,0,0,1650,1553.45,0,0,550,0,13-FEB-2024,
OPTIDX,NIFTY,29-Feb-2024,20300,CE,1450,1530.05,1440,1530.05,1530.05,16,173.99,18250,-650,13-FEB-2024,
OPTIDX,NIFTY,29-Feb-2024,20350,CE,0,0,0,1136.75,1454.05,0,0,200,0,13-FEB-2024,
OPTIDX,NIFTY,29-Feb-2024,20400,CE,1310,1425,1253.5,1416,1416,26,283.44,42150,50,13-FEB-2024,
OPTIDX,NIFTY,29-Feb-2024,20450,CE,0,0,0,1403,1354.9,0,0,1000,0,13-FEB-2024,
OPTIDX,NIFTY,29-Feb-2024,20500,CE,1236.2,1348,1160,1332.75,1332.75,529,5766.7,321750,-16100,13-FEB-2024,
OPTIDX,NIFTY,29-Feb-2024,20550,CE,0,0,0,1235,1256.15,0,0,800,0,13-FEB-2024,
OPTIDX,NIFTY,29-Feb-2024,20600,CE,1107.3,1228,1104.65,1223,1223,38,413.04,33450,-1050,13-FEB-2024,
OPTIDX,NIFTY,29-Feb-2024,20650,CE,1112.85,1200,1047.55,1200,1157.95,3,32.65,1450,-50,13-FEB-2024,
OPTIDX,NIFTY,29-Feb-2024,20700,CE,1095,1159.05,1046,1156.65,1156.65,27,294.68,63250,-350,13-FEB-2024,
OPTIDX,NIFTY,29-Feb-2024,20750,CE,0,0,0,980,1060.65,0,0,1850,0,13-FEB-2024,
OPTIDX,NIFTY,29-Feb-2024,20800,CE,938.15,1035.2,890,1029.9,1012.45,99,1077.52,89500,-150,13-FEB-2024,
OPTIDX,NIFTY,29-Feb-2024,20850,CE,0,0,0,1000,964.6,0,0,5050,0,13-FEB-2024,
OPTIDX,NIFTY,29-Feb-2024,20900,CE,848.5,972,822,957.55,957.55,27,294.54,101800,-100,13-FEB-2024,
OPTIDX,NIFTY,29-Feb-2024,20950,CE,807.95,852.3,779.4,852.3,870.25,5,54.41,5400,100,13-FEB-2024,
OPTIDX,NIFTY,29-Feb-2024,21000,CE,789.95,886.35,719.95,868.25,868.25,4474,48792.72,693900,25400,13-FEB-2024,
OPTIDX,NIFTY,29-Feb-2024,21050,CE,0,0,0,750,778.15,0,0,8700,0,13-FEB-2024,
OPTIDX,NIFTY,29-Feb-2024,21100,CE,714.8,781,639.55,777.1,777.1,118,1286.81,95400,-1100,13-FEB-2024,
OPTIDX,NIFTY,29-Feb-2024,21150,CE,671.6,736.25,631.05,731,731,9,98.33,15300,-100,13-FEB-2024,
OPTIDX,NIFTY,29-Feb-2024,21200,CE,633.45,710.4,562.25,695.5,695.5,459,5015.58,125700,-2450,13-FEB-2024,
OPTIDX,NIFTY,29-Feb-2024,21250,CE,601.55,664.15,520.75,651.8,651.8,43,470.39,14500,-400,13-FEB-2024,
OPTIDX,NIFTY,29-Feb-2024,21300,CE,554.35,630.1,488.55,613.95,613.95,911,9958.67,184600,2300,13-FEB-2024,
OPTIDX,NIFTY,29-Feb-2024,21350,CE,520.65,584.3,456.2,571.1,571.1,491,5368.1,22000,-1300,13-FEB-2024,
OPTIDX,NIFTY,29-Feb-2024,21400,CE,480.55,552.65,424.1,537.15,537.15,2912,31870.38,199150,-17400,13-FEB-2024,
OPTIDX,NIFTY,29-Feb-2024,21450,CE,454.55,510.4,390.1,498.45,498.45,1074,11754.74,26300,-3350,13-FEB-2024,
OPTIDX,NIFTY,29-Feb-2024,21500,CE,421,480,359.25,464.1,464.1,19337,211985.11,1168250,1000,13-FEB-2024,
OPTIDX,NIFTY,29-Feb-2024,21550,CE,390,444.2,331,429.45,429.45,2150,23582.25,44200,-2050,13-FEB-2024,
OPTIDX,NIFTY,29-Feb-2024,21600,CE,356.25,412.45,302.5,396,396,27633,303396.48,508700,-37500,13-FEB-2024,
OPTIDX,NIFTY,29-Feb-2024,21650,CE,315,379.05,275.05,364.05,364.05,8744,96081.85,84650,-26250,13-FEB-2024,
OPTIDX,NIFTY,29-Feb-2024,21700,CE,299.85,349.3,249.65,332.35,332.35,70814,779231.04,1141700,96550,13-FEB-2024,
OPTIDX,NIFTY,29-Feb-2024,21750,CE,272.9,317.7,225.65,303,303,9940,109506.59,114950,-8300,13-FEB-2024,
OPTIDX,NIFTY,29-Feb-2024,21800,CE,240.05,290,203.55,274.9,274.9,85707,945045.12,1899900,73800,13-FEB-2024,
OPTIDX,NIFTY,29-Feb-2024,21850,CE,215.35,261.9,182.75,247.9,247.9,8384,92549.59,141350,-6800,13-FEB-2024,
OPTIDX,NIFTY,29-Feb-2024,21900,CE,190,237.35,163.85,223.2,223.2,37399,413347.57,988600,-4150,13-FEB-2024,
OPTIDX,NIFTY,29-Feb-2024,21950,CE,178.95,212,145.5,199.8,199.8,10592,117179.38,90000,-49600,13-FEB-2024,
OPTIDX,NIFTY,29-Feb-2024,22000,CE,163.15,189,128,176.75,176.75,88523,980927.26,2313800,-62800,13-FEB-2024,
OPTIDX,NIFTY,29-Feb-2024,22050,CE,140.55,168.4,114.25,156.65,156.65,5475,60751.05,93650,-29750,13-FEB-2024,
OPTIDX,NIFTY,29-Feb-2024,22100,CE,121,147.9,99,137.2,137.2,19608,217891.05,789100,-3650,13-FEB-2024,
OPTIDX,NIFTY,29-Feb-2024,22150,CE,108.3,129.5,87.7,119.2,119.2,3831,42633.74,76950,-6550,13-FEB-2024,
OPTIDX,NIFTY,29-Feb-2024,22200,CE,95,114.75,76.5,105.1,105.1,29282,326431.08,786450,43550,13-FEB-2024,
OPTIDX,NIFTY,29-Feb-2024,22250,CE,83.3,100,67.3,91,91,4207,46978.12,105850,-11700,13-FEB-2024,
OPTIDX,NIFTY,29-Feb-2024,22300,CE,73.4,88,58.45,78.9,78.9,23112,258537.96,626400,32550,13-FEB-2024,
OPTIDX,NIFTY,29-Feb-2024,22350,CE,63.3,75.25,50.9,67.5,67.5,5071,56823.52,83400,13250,13-FEB-2024,
OPTIDX,NIFTY,29-Feb-2024,22400,CE,54.45,65,44,58.25,58.25,23544,264324.16,710000,75900,13-FEB-2024,
OPTIDX,NIFTY,29-Feb-2024,22450,CE,48.7,56.25,38.6,50.55,50.55,4070,45779.39,108800,3600,13-FEB-2024,
OPTIDX,NIFTY,29-Feb-2024,22500,CE,42.35,49.55,34.35,44.2,44.2,59029,665296.48,2166800,-56750,13-FEB-2024,
OPTIDX,NIFTY,29-Feb-2024,22550,CE,36.35,41.8,29.1,37.05,37.05,6889,77791.9,102450,5250,13-FEB-2024,
OPTIDX,NIFTY,29-Feb-2024,22600,CE,30,34.9,24.6,31.05,31.05,22749,257399.93,669650,137500,13-FEB-2024,
OPTIDX,NIFTY,29-Feb-2024,22650,CE,27.15,30.5,21.8,27.3,27.3,5342,60567.17,94050,18750,13-FEB-2024,
OPTIDX,NIFTY,29-Feb-2024,22700,CE,23.65,25.65,18.65,22.7,22.7,14190,161212.91,581300,36400,13-FEB-2024,
OPTIDX,NIFTY,29-Feb-2024,22750,CE,21.45,22.25,16.55,19.7,19.7,2284,26001.99,110100,12150,13-FEB-2024,
OPTIDX,NIFTY,29-Feb-2024,22800,CE,17.55,18.85,13.95,16.75,16.75,12015,137067.94,753100,-3500,13-FEB-2024,
OPTIDX,NIFTY,29-Feb-2024,22850,CE,16.8,16.85,13.15,15.15,15.15,3976,45455.6,87700,4900,13-FEB-2024,
OPTIDX,NIFTY,29-Feb-2024,22900,CE,17.5,17.5,12.2,13.95,13.95,10123,115977.76,353650,-34150,13-FEB-2024,
OPTIDX,NIFTY,29-Feb-2024,22950,CE,13.85,14.1,11.6,13.1,13.1,2979,34203.1,71450,-1800,13-FEB-2024,
OPTIDX,NIFTY,29-Feb-2024,23000,CE,14,14,11.1,12.5,12.5,40846,469978.6,5023550,60700,13-FEB-2024,
OPTIDX,NIFTY,29-Feb-2024,23050,CE,11.65,11.75,9.75,10.8,10.8,2841,32757.76,76350,18700,13-FEB-2024,
OPTIDX,NIFTY,29-Feb-2024,23100,CE,10.1,10.4,8.9,10.05,10.05,15281,176569.16,575900,-269200,13-FEB-2024,
OPTIDX,NIFTY,29-Feb-2024,23150,CE,9.55,9.7,8.3,9.1,9.1,776,8985.64,28500,-550,13-FEB-2024,
OPTIDX,NIFTY,29-Feb-2024,23200,CE,9.15,9.15,7.7,8.3,8.3,9762,113279.44,490100,-119550,13-FEB-2024,
OPTIDX,NIFTY,29-Feb-2024,23250,CE,7.95,9.95,6.2,7.65,7.65,556,6465.58,15500,-7650,13-FEB-2024,
OPTIDX,NIFTY,29-Feb-2024,23300,CE,7.85,7.85,6.9,7.25,7.25,5316,61950.62,366600,-24850,13-FEB-2024,
OPTIDX,NIFTY,29-Feb-2024,23350,CE,6.35,7.25,5.5,6.5,6.5,261,3047.96,85800,600,13-FEB-2024,
OPTIDX,NIFTY,29-Feb-2024,23400,CE,6.55,6.55,5.4,5.9,5.9,2307,26998.62,152800,-3150,13-FEB-2024,
OPTIDX,NIFTY,29-Feb-2024,23450,CE,6.25,6.45,5.3,5.9,5.9,360,4222.04,38150,-1450,13-FEB-2024,
OPTIDX,NIFTY,29-Feb-2024,23500,CE,5.85,6.05,4.7,5.1,5.1,8352,98157.47,702500,-2350,13-FEB-2024,
OPTIDX,NIFTY,29-Feb-2024,23550,CE,6,6,4.8,5.05,5.05,573,6748.54,29400,-350,13-FEB-2024,
OPTIDX,NIFTY,29-Feb-2024,23600,CE,5.4,5.45,4.5,4.8,4.8,1957,23097.34,143000,-3650,13-FEB-2024,
OPTIDX,NIFTY,29-Feb-2024,23650,CE,5.35,5.55,4.1,4.35,4.35,95,1123.58,17950,2100,13-FEB-2024,
OPTIDX,NIFTY,29-Feb-2024,23700,CE,4.3,4.5,3.6,3.9,3.9,667,7905.28,104800,-8750,13-FEB-2024,
OPTIDX,NIFTY,29-Feb-2024,23750,CE,4.65,4.85,3.6,4,4,204,2422.91,29950,-800,13-FEB-2024,
OPTIDX,NIFTY,29-Feb-2024,23800,CE,4.45,4.5,3.15,3.8,3.8,4939,58783.42,294550,3550,13-FEB-2024,
OPTIDX,NIFTY,29-Feb-2024,23850,CE,3.9,3.9,3,3.35,3.35,5289,63080.44,291200,7350,13-FEB-2024,
OPTIDX,NIFTY,29-Feb-2024,18650,PE,3.2,3.8,2.3,2.95,2.95,296,2760.64,48600,400,13-FEB-2024,
OPTIDX,NIFTY,29-Feb-2024,18700,PE,2.75,3,2.3,2.75,2.75,97,907.08,55150,-1950,13-FEB-2024,
OPTIDX,NIFTY,29-Feb-2024,18750,PE,3.05,3.05,2.8,2.8,0.05,15,140.64,1850,-750,13-FEB-2024,
OPTIDX,NIFTY,29-Feb-2024,18800,PE,3,3.05,2.65,3,0.05,42,394.86,7200,-450,13-FEB-2024,
OPTIDX,NIFTY,29-Feb-2024,18850,PE,2.6,3.5,2.6,2.7,2.7,13,122.54,3350,-250,13-FEB-2024,
OPTIDX,NIFTY,29-Feb-2024,18900,PE,3.9,3.9,2.95,2.95,0.05,15,141.77,1600,50,13-FEB-2024,
OPTIDX,NIFTY,29-Feb-2024,18950,PE,3.8,3.8,2.3,2.65,0.05,12,113.71,700,-100,13-FEB-2024,
OPTIDX,NIFTY,29-Feb-2024,19000,PE,3.35,3.45,2.55,3,3,5298,50338.78,953900,-72500,13-FEB-2024,
OPTIDX,NIFTY,29-Feb-2024,19050,PE,0,0,0,119.05,0.05,0,0,0,0,13-FEB-2024,
OPTIDX,NIFTY,29-Feb-2024,19100,PE,0,0,0,127.5,0.05,0,0,0,0,13-FEB-2024,
OPTIDX,NIFTY,29-Feb-2024,19150,PE,0,0,0,136.4,0.05,0,0,0,0,13-FEB-2024,
OPTIDX,NIFTY,29-Feb-2024,19200,PE,3.65,4.45,2.75,3.35,3.35,154,1478.65,20150,-2050,13-FEB-2024,
OPTIDX,NIFTY,29-Feb-2024,19250,PE,0,0,0,4.9,0.05,0,0,1700,0,13-FEB-2024,
OPTIDX,NIFTY,29-Feb-2024,19300,PE,4,4.75,3.2,3.45,3.45,229,2210.26,50750,-4850,13-FEB-2024,
OPTIDX,NIFTY,29-Feb-2024,19350,PE,0,0,0,4.15,0.05,0,0,4400,0,13-FEB-2024,
OPTIDX,NIFTY,29-Feb-2024,19400,PE,4.15,5.55,3,3.35,3.35,732,7101.78,21400,-2600,13-FEB-2024,
OPTIDX,NIFTY,29-Feb-2024,19450,PE,0,0,0,5.55,0.05,0,0,6000,0,13-FEB-2024,
OPTIDX,NIFTY,29-Feb-2024,19500,PE,4.65,5,3.2,3.5,3.5,4783,46643.56,717700,-61150,13-FEB-2024,
OPTIDX,NIFTY,29-Feb-2024,19550,PE,0,0,0,5.9,0.05,0,0,8300,0,13-FEB-2024,
OPTIDX,NIFTY,29-Feb-2024,19600,PE,4.5,5.3,3.5,3.9,3.9,2241,21966.55,44850,-19250,13-FEB-2024,
OPTIDX,NIFTY,29-Feb-2024,19650,PE,4.95,5.75,3.9,4.1,4.1,443,4353.52,4750,-6950,13-FEB-2024,
OPTIDX,NIFTY,29-Feb-2024,19700,PE,5.05,6.8,3.8,4.4,4.4,1458,14364.7,100150,10150,13-FEB-2024,
OPTIDX,NIFTY,29-Feb-2024,19750,PE,5.55,6.7,4.3,4.5,4.5,354,3496.72,7900,-4050,13-FEB-2024,
OPTIDX,NIFTY,29-Feb-2024,19800,PE,5.65,7.15,3.9,4.25,4.25,3139,31083.63,223600,-20050,13-FEB-2024,
OPTIDX,NIFTY,29-Feb-2024,19850,PE,6.5,8.55,4.1,4.75,4.75,419,4159.81,10100,-1000,13-FEB-2024,
OPTIDX,NIFTY,29-Feb-2024,19900,PE,7.2,9,4.9,5.2,5.2,2495,24833.5,102600,-5700,13-FEB-2024,
OPTIDX,NIFTY,29-Feb-2024,19950,PE,7.95,8.25,5.35,5.6,5.6,335,3342.75,12950,-500,13-FEB-2024,
OPTIDX,NIFTY,29-Feb-2024,20000,PE,9.1,11.55,5.95,6.3,6.3,23483,234921.91,1706950,-277800,13-FEB-2024,
OPTIDX,NIFTY,29-Feb-2024,20050,PE,9.3,13.05,6.3,6.6,6.6,2048,20540.45,18400,-2150,13-FEB-2024,
OPTIDX,NIFTY,29-Feb-2024,20100,PE,11.2,13.95,7,7.4,7.4,4944,49708.76,159150,0,13-FEB-2024,
OPTIDX,NIFTY,29-Feb-2024,20150,PE,12.4,15.05,7.3,7.8,7.8,1024,10321.63,15650,7450,13-FEB-2024,
OPTIDX,NIFTY,29-Feb-2024,20200,PE,11.55,16.15,7.9,8.25,8.25,14624,147775.99,449900,-208350,13-FEB-2024,
OPTIDX,NIFTY,29-Feb-2024,20250,PE,13.7,17.05,8.8,9.35,9.35,1003,10160.81,23800,800,13-FEB-2024,
OPTIDX,NIFTY,29-Feb-2024,20300,PE,14.55,20.85,9.65,10,10,14616,148444.42,964850,-46550,13-FEB-2024,
OPTIDX,NIFTY,29-Feb-2024,20350,PE,16.9,23,10.6,11.1,11.1,1161,11821.78,33200,8550,13-FEB-2024,
OPTIDX,NIFTY,29-Feb-2024,20400,PE,19.35,26.1,12.05,12.55,12.55,13131,134045.43,912900,-34500,13-FEB-2024,
OPTIDX,NIFTY,29-Feb-2024,20450,PE,21.5,28.8,13.55,14.15,14.15,4125,42217.32,53250,-11650,13-FEB-2024,
OPTIDX,NIFTY,29-Feb-2024,20500,PE,26.95,33.25,16,16.7,16.7,31391,322100.57,3409950,73050,13-FEB-2024,
OPTIDX,NIFTY,29-Feb-2024,20550,PE,28.05,35.6,16.85,17.7,17.7,3248,33409.53,41350,-6200,13-FEB-2024,
OPTIDX,NIFTY,29-Feb-2024,20600,PE,28.25,38.85,17.65,18.65,18.65,20228,208607.88,928250,87400,13-FEB-2024,
OPTIDX,NIFTY,29-Feb-2024,20650,PE,33.65,44.1,21,22.15,22.15,2733,28258.84,83700,2650,13-FEB-2024,
OPTIDX,NIFTY,29-Feb-2024,20700,PE,37.3,48.6,22.95,24.4,24.4,14524,150547.46,558100,-25000,13-FEB-2024,
OPTIDX,NIFTY,29-Feb-2024,20750,PE,40.65,54.05,26.1,27.15,27.15,3475,36114.24,95550,7850,13-FEB-2024,
OPTIDX,NIFTY,29-Feb-2024,20800,PE,61,61,29,30.15,30.15,26707,278278.85,966000,32250,13-FEB-2024,
OPTIDX,NIFTY,29-Feb-2024,20850,PE,51.05,66.2,33.2,35.05,35.05,3986,41641.14,113700,-13550,13-FEB-2024,
OPTIDX,NIFTY,29-Feb-2024,20900,PE,61.55,73.75,37.15,39.15,39.15,18386,192583.66,675300,19400,13-FEB-2024,
OPTIDX,NIFTY,29-Feb-2024,20950,PE,64.3,81.15,41.7,43.9,43.9,3649,38324.32,89200,12850,13-FEB-2024,
OPTIDX,NIFTY,29-Feb-2024,21000,PE,68.25,91.1,47.6,50.3,50.3,65249,687141.55,3452550,25500,13-FEB-2024,
OPTIDX,NIFTY,29-Feb-2024,21050,PE,79.45,99.4,52.5,55.2,55.2,2029,21423.69,70550,4050,13-FEB-2024,
OPTIDX,NIFTY,29-Feb-2024,21100,PE,86.15,109.8,58.2,61.35,61.35,16280,172366.06,453300,17300,13-FEB-2024,
OPTIDX,NIFTY,29-Feb-2024,21150,PE,94.85,119.75,64.65,68.7,68.7,3474,36881.82,65350,24600,13-FEB-2024,
OPTIDX,NIFTY,29-Feb-2024,21200,PE,103.2,131.3,71,74.65,74.65,27702,294916.86,946600,18400,13-FEB-2024,
OPTIDX,NIFTY,29-Feb-2024,21250,PE,115,145,80.8,83.85,83.85,3038,32435.02,117100,-10500,13-FEB-2024,
OPTIDX,NIFTY,29-Feb-2024,21300,PE,127.85,158.7,87.7,91.8,91.8,25813,276348.23,1177350,45600,13-FEB-2024,
OPTIDX,NIFTY,29-Feb-2024,21350,PE,135.05,174.45,98.75,103.5,103.5,4872,52323.96,93000,-4350,13-FEB-2024,
OPTIDX,NIFTY,29-Feb-2024,21400,PE,177,192.2,110.1,115.05,115.05,29201,314507.39,900500,51100,13-FEB-2024,
OPTIDX,NIFTY,29-Feb-2024,21450,PE,179.8,209.45,121.9,127.9,127.9,7730,83519.53,105350,8300,13-FEB-2024,
OPTIDX,NIFTY,29-Feb-2024,21500,PE,189.05,229.5,135.1,141.1,141.1,99293,1075946.88,3139850,134950,13-FEB-2024,
OPTIDX,NIFTY,29-Feb-2024,21550,PE,210.85,249.9,150.4,157.2,157.2,6386,69436.31,112550,9150,13-FEB-2024,
OPTIDX,NIFTY,29-Feb-2024,21600,PE,238.05,272.8,166.4,173.25,173.25,62750,684384.93,1461750,-88300,13-FEB-2024,
OPTIDX,NIFTY,29-Feb-2024,21650,PE,253.9,294.7,182.05,188.75,188.75,15147,165703.72,141300,15600,13-FEB-2024,
OPTIDX,NIFTY,29-Feb-2024,21700,PE,263.15,319,201,209,209,90537,993351.25,1649900,280000,13-FEB-2024,
OPTIDX,NIFTY,29-Feb-2024,21750,PE,288.6,343.8,220.1,228.1,228.1,10923,120202.53,138500,9350,13-FEB-2024,
OPTIDX,NIFTY,29-Feb-2024,21800,PE,311.55,372,240,249.2,249.2,80089,884475.6,1861450,248550,13-FEB-2024,
OPTIDX,NIFTY,29-Feb-2024,21850,PE,337.55,400.1,264.25,272.05,272.05,4037,44734.58,111350,800,13-FEB-2024,
OPTIDX,NIFTY,29-Feb-2024,21900,PE,350,432.5,288.2,298.4,298.4,15884,176621.51,648850,18300,13-FEB-2024,
OPTIDX,NIFTY,29-Feb-2024,21950,PE,395.25,462.65,314,324.15,324.15,1463,16322.72,37500,300,13-FEB-2024,
OPTIDX,NIFTY,29-Feb-2024,22000,PE,430,495.75,340.45,352.1,352.1,47693,533941.29,1873600,28200,13-FEB-2024,
OPTIDX,NIFTY,29-Feb-2024,22050,PE,457.25,514.4,369.4,382.9,382.9,861,9671.87,28750,-2100,13-FEB-2024,
OPTIDX,NIFTY,29-Feb-2024,22100,PE,488.45,565.5,399,410.75,410.75,4494,50686.77,136850,21350,13-FEB-2024,
OPTIDX,NIFTY,29-Feb-2024,22150,PE,549.8,599,431.05,444.95,444.95,145,1641.92,28850,-1600,13-FEB-2024,
OPTIDX,NIFTY,29-Feb-2024,22200,PE,562.5,640.85,465,480.65,480.65,2445,27778.66,209350,11300,13-FEB-2024,
OPTIDX,NIFTY,29-Feb-2024,22250,PE,642.9,642.9,513.55,518.1,518.1,95,1084.25,36900,-1000,13-FEB-2024,
OPTIDX,NIFTY,29-Feb-2024,22300,PE,640.55,718.5,544.55,557.55,557.55,782,8963.19,90200,-3950,13-FEB-2024,
OPTIDX,NIFTY,29-Feb-2024,22350,PE,720.35,720.35,590.3,592.85,592.85,44,506.76,23150,-500,13-FEB-2024,
OPTIDX,NIFTY,29-Feb-2024,22400,PE,723.2,803.05,617.1,625.9,625.9,217,2504.35,114150,-1150,13-FEB-2024,
OPTIDX,NIFTY,29-Feb-2024,22450,PE,763.7,785.95,690,695.2,679.2,32,371.12,21050,-50,13-FEB-2024,
OPTIDX,NIFTY,29-Feb-2024,22500,PE,825,899.75,699.3,716.05,716.05,4414,51342.41,544400,-1900,13-FEB-2024,
OPTIDX,NIFTY,29-Feb-2024,22550,PE,0,0,0,798,767.55,0,0,14650,0,13-FEB-2024,
OPTIDX,NIFTY,29-Feb-2024,22600,PE,930,988.75,793,800.65,800.65,25,293.6,19850,-300,13-FEB-2024,
OPTIDX,NIFTY,29-Feb-2024,22650,PE,0,0,0,880.15,858.85,0,0,4500,0,13-FEB-2024,
OPTIDX,NIFTY,29-Feb-2024,22700,PE,1045.6,1067.2,890,890,905.4,17,201.24,25200,-200,13-FEB-2024,
OPTIDX,NIFTY,29-Feb-2024,22750,PE,0,0,0,968.35,952.45,0,0,6400,0,13-FEB-2024,
OPTIDX,NIFTY,29-Feb-2024,22800,PE,1021,1097,980,980,980,14,166.81,6300,-150,13-FEB-2024,
OPTIDX,NIFTY,29-Feb-2024,22850,PE,0,0,0,918.5,1047.85,0,0,3350,0,13-FEB-2024,
OPTIDX,NIFTY,29-Feb-2024,22900,PE,1138,1150,1138,1150,1096.05,3,36.06,6350,50,13-FEB-2024,
OPTIDX,NIFTY,29-Feb-2024,22950,PE,0,0,0,987.1,1144.55,0,0,1300,0,13-FEB-2024,
OPTIDX,NIFTY,29-Feb-2024,23000,PE,1270,1363,1167.25,1181.15,1181.15,1218,14769.45,666900,-22500,13-FEB-2024,
OPTIDX,NIFTY,29-Feb-2024,23050,PE,0,0,0,931.7,1242.25,0,0,1050,0,13-FEB-2024,
OPTIDX,NIFTY,29-Feb-2024,23100,PE,1377,1377,1292.5,1292.5,1292.5,4,48.86,3600,-50,13-FEB-2024,
OPTIDX,NIFTY,29-Feb-2024,23150,PE,0,0,0,1190,1340.6,0,0,350,0,13-FEB-2024,
OPTIDX,NIFTY,29-Feb-2024,23200,PE,1476.55,1537,1476.55,1487.85,1389.95,7,86.41,4850,-100,13-FEB-2024,
OPTIDX,NIFTY,29-Feb-2024,23250,PE,0,0,0,1385.9,1439.45,0,0,300,0,13-FEB-2024,
OPTIDX,NIFTY,29-Feb-2024,23300,PE,1510,1510,1510,1510,1489,2,24.81,3600,-100,13-FEB-2024,
OPTIDX,NIFTY,29-Feb-2024,23350,PE,0,0,0,1496.75,1538.6,0,0,200,0,13-FEB-2024,
OPTIDX,NIFTY,29-Feb-2024,23400,PE,0,0,0,1664.55,1588.25,0,0,2050,0,13-FEB-2024,
OPTIDX,NIFTY,29-Feb-2024,23450,PE,0,0,0,2407.4,1637.95,0,0,0,0,13-FEB-2024,
OPTIDX,NIFTY,29-Feb-2024,23500,PE,1770,1828.05,1655,1666.9,1666.9,423,5324.39,133150,15100,13-FEB-2024,
OPTIDX,NIFTY,29-Feb-2024,23550,PE,0,0,0,2500.05,1737.45,0,0,0,0,13-FEB-2024,
OPTIDX,NIFTY,29-Feb-2024,23600,PE,0,0,0,1620.85,1787.25,0,0,900,0,13-FEB-2024,
OPTIDX,NIFTY,29-Feb-2024,23650,PE,0,0,0,1827.85,1837.05,0,0,950,0,13-FEB-2024,
OPTIDX,NIFTY,29-Feb-2024,23700,PE,1907.45,1913.3,1907.45,1913.3,1886.85,6,76.83,3100,300,13-FEB-2024,
OPTIDX,NIFTY,29-Feb-2024,23750,PE,0,0,0,1981.35,1936.65,0,0,1150,0,13-FEB-2024,
OPTIDX,NIFTY,29-Feb-2024,23800,PE,2053.4,2053.4,2032.75,2032.75,1986.5,4,51.68,2050,100,13-FEB-2024,
OPTIDX,NIFTY,29-Feb-2024,23850,PE,2178,2178,2178,2178,2036.35,1,13.01,2400,-50,13-FEB-2024,
OPTIDX,NIFTY,07-Mar-2024,19850,CE,0,0,0,1994.1,1977.7,0,0,0,0,13-FEB-2024,
OPTIDX,NIFTY,07-Mar-2024,19900,CE,0,0,0,1945.55,1928,0,0,0,0,13-FEB-2024,
OPTIDX,NIFTY,07-Mar-2024,19950,CE,0,0,0,1897.15,1878.3,0,0,0,0,13-FEB-2024,
OPTIDX,NIFTY,07-Mar-2024,20000,CE,0,0,0,1848.95,1828.65,0,0,0,0,13-FEB-2024,
OPTIDX,NIFTY,07-Mar-2024,20050,CE,0,0,0,1800.9,1779,0,0,0,0,13-FEB-2024,
OPTIDX,NIFTY,07-Mar-2024,20100,CE,0,0,0,1753.05,1729.4,0,0,0,0,13-FEB-2024,
OPTIDX,NIFTY,07-Mar-2024,20150,CE,0,0,0,1705.45,1679.85,0,0,0,0,13-FEB-2024,
OPTIDX,NIFTY,07-Mar-2024,20200,CE,0,0,0,1658.1,1630.35,0,0,0,0,13-FEB-2024,
OPTIDX,NIFTY,07-Mar-2024,20250,CE,0,0,0,1611,1580.95,0,0,0,0,13-FEB-2024,
OPTIDX,NIFTY,07-Mar-2024,20300,CE,0,0,0,1564.15,1531.65,0,0,0,0,13-FEB-2024,
OPTIDX,NIFTY,07-Mar-2024,20350,CE,0,0,0,1517.65,1482.4,0,0,0,0,13-FEB-2024,
OPTIDX,NIFTY,07-Mar-2024,20400,CE,0,0,0,1471.5,1433.35,0,0,0,0,13-FEB-2024,
OPTIDX,NIFTY,07-Mar-2024,20450,CE,0,0,0,1425.7,1384.4,0,0,0,0,13-FEB-2024,
OPTIDX,NIFTY,07-Mar-2024,20500,CE,0,0,0,1380.3,1335.65,0,0,0,0,13-FEB-2024,
OPTIDX,NIFTY,07-Mar-2024,20550,CE,0,0,0,1335.3,1287.1,0,0,0,0,13-FEB-2024,
OPTIDX,NIFTY,07-Mar-2024,20600,CE,0,0,0,1290.75,1238.8,0,0,0,0,13-FEB-2024,
OPTIDX,NIFTY,07-Mar-2024,20650,CE,0,0,0,1246.7,1190.8,0,0,0,0,13-FEB-2024,
OPTIDX,NIFTY,07-Mar-2024,20700,CE,0,0,0,1203.15,1143.1,0,0,0,0,13-FEB-2024,
OPTIDX,NIFTY,07-Mar-2024,20750,CE,0,0,0,1160.1,1095.8,0,0,0,0,13-FEB-2024,
OPTIDX,NIFTY,07-Mar-2024,20800,CE,0,0,0,1117.65,1048.9,0,0,0,0,13-FEB-2024,
OPTIDX,NIFTY,07-Mar-2024,20850,CE,0,0,0,1075.8,1002.45,0,0,0,0,13-FEB-2024,
OPTIDX,NIFTY,07-Mar-2024,20900,CE,0,0,0,1034.55,956.55,0,0,0,0,13-FEB-2024,
OPTIDX,NIFTY,07-Mar-2024,20950,CE,0,0,0,994,911.2,0,0,0,0,13-FEB-2024,
OPTIDX,NIFTY,07-Mar-2024,21000,CE,874,874,874,874,866.5,1,10.93,0,-50,13-FEB-2024,
OPTIDX,NIFTY,07-Mar-2024,21050,CE,0,0,0,914.9,822.55,0,0,0,0,13-FEB-2024,
OPTIDX,NIFTY,07-Mar-2024,21100,CE,0,0,0,876.45,779.35,0,0,0,0,13-FEB-2024,
OPTIDX,NIFTY,07-Mar-2024,21150,CE,0,0,0,838.8,737,0,0,0,0,13-FEB-2024,
OPTIDX,NIFTY,07-Mar-2024,21200,CE,0,0,0,802.7,695.55,0,0,0,0,13-FEB-2024,
OPTIDX,NIFTY,07-Mar-2024,21250,CE,0,0,0,765.75,655.05,0,0,0,0,13-FEB-2024,
OPTIDX,NIFTY,07-Mar-2024,21300,CE,0,0,0,730.55,615.6,0,0,0,0,13-FEB-2024,
OPTIDX,NIFTY,07-Mar-2024,21350,CE,556.75,556.75,556.75,556.75,577.25,2,21.9,100,100,13-FEB-2024,
OPTIDX,NIFTY,07-Mar-2024,21400,CE,0,0,0,550,540.05,0,0,50,0,13-FEB-2024,
OPTIDX,NIFTY,07-Mar-2024,21450,CE,0,0,0,630.3,504.1,0,0,0,0,13-FEB-2024,
OPTIDX,NIFTY,07-Mar-2024,21500,CE,487.8,557.55,452.6,553.6,553.6,215,2367.79,19700,4500,13-FEB-2024,
OPTIDX,NIFTY,07-Mar-2024,21550,CE,477.85,477.85,437.25,444.85,436,8,88.05,200,100,13-FEB-2024,
OPTIDX,NIFTY,07-Mar-2024,21600,CE,443.55,492.95,389.75,482.85,482.85,341,3761.5,9450,4400,13-FEB-2024,
OPTIDX,NIFTY,07-Mar-2024,21650,CE,385.5,455,381.55,449.75,449.75,70,772.24,1250,950,13-FEB-2024,
OPTIDX,NIFTY,07-Mar-2024,21700,CE,385,431.85,343,416.25,416.25,1622,17925.67,31200,4800,13-FEB-2024,
OPTIDX,NIFTY,07-Mar-2024,21750,CE,347,400,324.95,387.65,387.65,40,442.52,5500,0,13-FEB-2024,
OPTIDX,NIFTY,07-Mar-2024,21800,CE,329.95,373.2,284,356.05,356.05,1031,11413.68,68650,16700,13-FEB-2024,
OPTIDX,NIFTY,07-Mar-2024,21850,CE,320,334.9,313.6,326.2,326.2,48,532.12,1350,650,13-FEB-2024,
OPTIDX,NIFTY,07-Mar-2024,21900,CE,265,313.6,251,303.5,303.5,111,1231.29,16100,-1500,13-FEB-2024,
OPTIDX,NIFTY,07-Mar-2024,21950,CE,229.6,290,229.6,284.45,284.45,7,77.77,500,50,13-FEB-2024,
OPTIDX,NIFTY,07-Mar-2024,22000,CE,220,266.65,196.5,253.55,253.55,1067,11862.44,37000,-5450,13-FEB-2024,
OPTIDX,NIFTY,07-Mar-2024,22050,CE,211,233,211,220.4,179.75,6,66.82,300,0,13-FEB-2024,
OPTIDX,NIFTY,07-Mar-2024,22100,CE,183.1,223.35,167.55,210.65,210.65,84,936.38,6500,550,13-FEB-2024,
OPTIDX,NIFTY,07-Mar-2024,22150,CE,148.8,178.45,148.8,178.45,145.4,7,78.12,250,100,13-FEB-2024,
OPTIDX,NIFTY,07-Mar-2024,22200,CE,147.4,175.9,140,168,168,72,804.98,7150,450,13-FEB-2024,
OPTIDX,NIFTY,07-Mar-2024,22250,CE,0,0,0,130,116.15,0,0,700,0,13-FEB-2024,
OPTIDX,NIFTY,07-Mar-2024,22300,CE,116.65,145.1,109.05,137.05,137.05,152,1704.3,6050,-200,13-FEB-2024,
OPTIDX,NIFTY,07-Mar-2024,22350,CE,0,0,0,235.95,91.65,0,0,50,0,13-FEB-2024,
OPTIDX,NIFTY,07-Mar-2024,22400,CE,102,111,89.3,109.9,109.9,64,719.95,2650,1250,13-FEB-2024,
OPTIDX,NIFTY,07-Mar-2024,22450,CE,0,0,0,99.9,71.35,0,0,50,0,13-FEB-2024,
OPTIDX,NIFTY,07-Mar-2024,22500,CE,85.65,94.45,70,84.2,84.2,860,9710.37,20800,3200,13-FEB-2024,
OPTIDX,NIFTY,07-Mar-2024,22550,CE,70.1,74.25,69,74.25,74.25,7,79.17,200,100,13-FEB-2024,
OPTIDX,NIFTY,07-Mar-2024,22600,CE,56.75,72,55.1,67.7,67.7,107,1212.63,4500,1450,13-FEB-2024,
OPTIDX,NIFTY,07-Mar-2024,22650,CE,0,0,0,113.5,41.6,0,0,100,0,13-FEB-2024,
OPTIDX,NIFTY,07-Mar-2024,22700,CE,57,57,57,57,36.05,1,11.37,50,50,13-FEB-2024,
OPTIDX,NIFTY,07-Mar-2024,22750,CE,0,0,0,110.8,31.1,0,0,0,0,13-FEB-2024,
OPTIDX,NIFTY,07-Mar-2024,22800,CE,35,43.9,33.15,39.85,39.85,254,2900.32,6850,4650,13-FEB-2024,
OPTIDX,NIFTY,07-Mar-2024,22850,CE,0,0,0,93.45,22.95,0,0,0,0,13-FEB-2024,
OPTIDX,NIFTY,07-Mar-2024,22900,CE,26.85,26.85,26.85,26.85,19.65,2,22.92,3100,0,13-FEB-2024,
OPTIDX,NIFTY,07-Mar-2024,22950,CE,27.55,29.4,22.5,29.4,29.4,69,792.71,5950,3200,13-FEB-2024,
OPTIDX,NIFTY,07-Mar-2024,23000,CE,27,27,19.7,22.95,22.95,1692,19477.2,89850,38150,13-FEB-2024,
OPTIDX,NIFTY,07-Mar-2024,23050,CE,22,23,22,22.25,12,31,357.62,1400,1300,13-FEB-2024,
OPTIDX,NIFTY,07-Mar-2024,23100,CE,17,22.95,17,18.95,10.1,49,566.41,2300,2050,13-FEB-2024,
OPTIDX,NIFTY,07-Mar-2024,23150,CE,0,0,0,54.2,8.5,0,0,0,0,13-FEB-2024,
OPTIDX,NIFTY,07-Mar-2024,23200,CE,0,0,0,19.05,7.1,0,0,900,0,13-FEB-2024,
OPTIDX,NIFTY,07-Mar-2024,23250,CE,8,14,8,14,5.95,2,23.26,1000,-50,13-FEB-2024,
OPTIDX,NIFTY,07-Mar-2024,23300,CE,0,0,0,40.5,4.95,0,0,0,0,13-FEB-2024,
OPTIDX,NIFTY,07-Mar-2024,23350,CE,0,0,0,36.65,4.1,0,0,0,0,13-FEB-2024,
OPTIDX,NIFTY,07-Mar-2024,23400,CE,0,0,0,10.6,3.4,0,0,1000,0,13-FEB-2024,
OPTIDX,NIFTY,07-Mar-2024,23450,CE,0,0,0,14.5,2.8,0,0,1450,0,13-FEB-2024,
OPTIDX,NIFTY,07-Mar-2024,23500,CE,11.45,11.5,9,10.25,10.25,583,6853.11,45450,300,13-FEB-2024,
OPTIDX,NIFTY,07-Mar-2024,23550,CE,0,0,0,13.6,1.85,0,0,800,0,13-FEB-2024,
OPTIDX,NIFTY,07-Mar-2024,23600,CE,9.4,9.4,9.35,9.35,1.5,5,59.02,550,100,13-FEB-2024,
OPTIDX,NIFTY,07-Mar-2024,23650,CE,0,0,0,17.5,1.25,0,0,100,0,13-FEB-2024,
OPTIDX,NIFTY,07-Mar-2024,23700,CE,8,9,5.35,6.65,6.65,165,1955.81,9650,5250,13-FEB-2024,
OPTIDX,NIFTY,07-Mar-2024,19850,PE,0,0,0,7.05,0.2,0,0,0,0,13-FEB-2024,
OPTIDX,NIFTY,07-Mar-2024,19900,PE,0,0,0,8.15,0.3,0,0,0,0,13-FEB-2024,
OPTIDX,NIFTY,07-Mar-2024,19950,PE,0,0,0,9.4,0.4,0,0,0,0,13-FEB-2024,
OPTIDX,NIFTY,07-Mar-2024,20000,PE,21.15,23.85,14.95,15.35,15.35,834,8347.41,80600,1600,13-FEB-2024,
OPTIDX,NIFTY,07-Mar-2024,20050,PE,0,0,0,12.45,0.65,0,0,0,0,13-FEB-2024,
OPTIDX,NIFTY,07-Mar-2024,20100,PE,0,0,0,14.25,0.85,0,0,0,0,13-FEB-2024,
OPTIDX,NIFTY,07-Mar-2024,20150,PE,0,0,0,16.3,1.1,0,0,0,0,13-FEB-2024,
OPTIDX,NIFTY,07-Mar-2024,20200,PE,0,0,0,18.55,1.4,0,0,0,0,13-FEB-2024,
OPTIDX,NIFTY,07-Mar-2024,20250,PE,19.9,19.9,19.9,19.9,19.9,26,263.5,2600,1300,13-FEB-2024,
OPTIDX,NIFTY,07-Mar-2024,20300,PE,23.2,23.2,23.2,23.2,2.2,32,325.17,1400,1400,13-FEB-2024,
OPTIDX,NIFTY,07-Mar-2024,20350,PE,23.35,23.35,23.35,23.35,2.8,12,122.24,600,600,13-FEB-2024,
OPTIDX,NIFTY,07-Mar-2024,20400,PE,0,0,0,30.6,3.5,0,0,0,0,13-FEB-2024,
OPTIDX,NIFTY,07-Mar-2024,20450,PE,0,0,0,34.45,4.35,0,0,0,0,13-FEB-2024,
OPTIDX,NIFTY,07-Mar-2024,20500,PE,42.45,50,28.65,30,30,299,3069.83,18400,7150,13-FEB-2024,
OPTIDX,NIFTY,07-Mar-2024,20550,PE,0,0,0,43.35,6.65,0,0,0,0,13-FEB-2024,
OPTIDX,NIFTY,07-Mar-2024,20600,PE,0,0,0,31.5,8.15,0,0,50,0,13-FEB-2024,
OPTIDX,NIFTY,07-Mar-2024,20650,PE,0,0,0,16.6,9.9,0,0,50,0,13-FEB-2024,
OPTIDX,NIFTY,07-Mar-2024,20700,PE,0,0,0,60.1,12,0,0,0,0,13-FEB-2024,
OPTIDX,NIFTY,07-Mar-2024,20750,PE,0,0,0,66.75,14.45,0,0,0,0,13-FEB-2024,
OPTIDX,NIFTY,07-Mar-2024,20800,PE,0,0,0,73.9,17.35,0,0,0,0,13-FEB-2024,
OPTIDX,NIFTY,07-Mar-2024,20850,PE,0,0,0,81.7,20.7,0,0,0,0,13-FEB-2024,
OPTIDX,NIFTY,07-Mar-2024,20900,PE,0,0,0,90.1,24.6,0,0,0,0,13-FEB-2024,
OPTIDX,NIFTY,07-Mar-2024,20950,PE,0,0,0,99.2,29.05,0,0,0,0,13-FEB-2024,
OPTIDX,NIFTY,07-Mar-2024,21000,PE,92.25,120,73.75,76.85,76.85,894,9427.09,26250,6550,13-FEB-2024,
OPTIDX,NIFTY,07-Mar-2024,21050,PE,0,0,0,119.4,39.95,0,0,0,0,13-FEB-2024,
OPTIDX,NIFTY,07-Mar-2024,21100,PE,0,0,0,130.65,46.55,0,0,0,0,13-FEB-2024,
OPTIDX,NIFTY,07-Mar-2024,21150,PE,71.6,71.6,71.6,71.6,53.95,2,21.22,100,100,13-FEB-2024,
OPTIDX,NIFTY,07-Mar-2024,21200,PE,93.25,111.3,93.25,106.9,106.9,10,106.53,350,350,13-FEB-2024,
OPTIDX,NIFTY,07-Mar-2024,21250,PE,0,0,0,168.85,71.6,0,0,0,0,13-FEB-2024,
OPTIDX,NIFTY,07-Mar-2024,21300,PE,173,173,127.7,128.75,128.75,122,1308.01,4750,900,13-FEB-2024,
OPTIDX,NIFTY,07-Mar-2024,21350,PE,0,0,0,198.65,93.4,0,0,0,0,13-FEB-2024,
OPTIDX,NIFTY,07-Mar-2024,21400,PE,195,195,151.05,151.65,151.65,90,970.69,1650,1150,13-FEB-2024,
OPTIDX,NIFTY,07-Mar-2024,21450,PE,164.1,166.35,162.4,165,165,7,75.65,500,250,13-FEB-2024,
OPTIDX,NIFTY,07-Mar-2024,21500,PE,229.1,248.55,172.9,176.2,176.2,448,4860.32,20600,3450,13-FEB-2024,
OPTIDX,NIFTY,07-Mar-2024,21550,PE,232,232,200.55,211.3,151.3,12,130.53,900,600,13-FEB-2024,
OPTIDX,NIFTY,07-Mar-2024,21600,PE,265.2,299,203.2,207.4,207.4,574,6266.4,11250,5650,13-FEB-2024,
OPTIDX,NIFTY,07-Mar-2024,21650,PE,287.25,325.25,234.25,240,188.15,74,811.32,1900,1600,13-FEB-2024,
OPTIDX,NIFTY,07-Mar-2024,21700,PE,316.5,345.5,236.15,242.4,242.4,1749,19206.53,31500,10100,13-FEB-2024,
OPTIDX,NIFTY,07-Mar-2024,21750,PE,295.9,323.45,260.55,265.05,265.05,55,606.25,2300,2300,13-FEB-2024,
OPTIDX,NIFTY,07-Mar-2024,21800,PE,354.95,393.15,276.65,285.25,285.25,796,8797.77,76100,29800,13-FEB-2024,
OPTIDX,NIFTY,07-Mar-2024,21850,PE,350.55,350.55,310.05,325.6,279.05,3,33.26,150,100,13-FEB-2024,
OPTIDX,NIFTY,07-Mar-2024,21900,PE,408.95,421.5,333.2,336.05,336.05,45,501.12,12100,-100,13-FEB-2024,
OPTIDX,NIFTY,07-Mar-2024,21950,PE,370,370,370,370,333.15,1,11.16,100,0,13-FEB-2024,
OPTIDX,NIFTY,07-Mar-2024,22000,PE,475,502.55,368.4,376.5,376.5,155,1737.05,17900,950,13-FEB-2024,
OPTIDX,NIFTY,07-Mar-2024,22050,PE,459.95,459.95,444.3,444.3,392.95,2,22.5,350,100,13-FEB-2024,
OPTIDX,NIFTY,07-Mar-2024,22100,PE,422.5,422.5,422.5,422.5,422.5,2,22.52,200,100,13-FEB-2024,
OPTIDX,NIFTY,07-Mar-2024,22150,PE,0,0,0,571.9,458.15,0,0,0,0,13-FEB-2024,
OPTIDX,NIFTY,07-Mar-2024,22200,PE,0,0,0,603.3,492.7,0,0,0,0,13-FEB-2024,
OPTIDX,NIFTY,07-Mar-2024,22250,PE,0,0,0,635.6,528.5,0,0,0,0,13-FEB-2024,
OPTIDX,NIFTY,07-Mar-2024,22300,PE,0,0,0,671.4,565.45,0,0,50,0,13-FEB-2024,
OPTIDX,NIFTY,07-Mar-2024,22350,PE,0,0,0,702.8,603.55,0,0,0,0,13-FEB-2024,
OPTIDX,NIFTY,07-Mar-2024,22400,PE,0,0,0,737.7,642.65,0,0,0,0,13-FEB-2024,
OPTIDX,NIFTY,07-Mar-2024,22450,PE,0,0,0,773.4,682.8,0,0,0,0,13-FEB-2024,
OPTIDX,NIFTY,07-Mar-2024,22500,PE,0,0,0,724.3,723.9,0,0,100,0,13-FEB-2024,
OPTIDX,NIFTY,07-Mar-2024,22550,PE,0,0,0,848.15,765.9,0,0,0,0,13-FEB-2024,
OPTIDX,NIFTY,07-Mar-2024,22600,PE,0,0,0,885.25,808.65,0,0,0,0,13-FEB-2024,
OPTIDX,NIFTY,07-Mar-2024,22650,PE,0,0,0,923.95,852.2,0,0,0,0,13-FEB-2024,
OPTIDX,NIFTY,07-Mar-2024,22700,PE,0,0,0,963.35,896.45,0,0,0,0,13-FEB-2024,
OPTIDX,NIFTY,07-Mar-2024,22750,PE,0,0,0,1003.35,941.3,0,0,0,0,13-FEB-2024,
OPTIDX,NIFTY,07-Mar-2024,22800,PE,0,0,0,1044.05,986.75,0,0,0,0,13-FEB-2024,
OPTIDX,NIFTY,07-Mar-2024,22850,PE,0,0,0,1085.3,1032.75,0,0,0,0,13-FEB-2024,
OPTIDX,NIFTY,07-Mar-2024,22900,PE,0,0,0,1127.15,1079.2,0,0,0,0,13-FEB-2024,
OPTIDX,NIFTY,07-Mar-2024,22950,PE,0,0,0,1169.5,1126.05,0,0,0,0,13-FEB-2024,
OPTIDX,NIFTY,07-Mar-2024,23000,PE,0,0,0,1249,1173.35,0,0,50,0,13-FEB-2024,
OPTIDX,NIFTY,07-Mar-2024,23050,PE,0,0,0,1255.8,1220.95,0,0,0,0,13-FEB-2024,
OPTIDX,NIFTY,07-Mar-2024,23100,PE,1276.65,1276.65,1276.65,1276.65,1268.85,1,12.18,50,0,13-FEB-2024,
OPTIDX,NIFTY,07-Mar-2024,23150,PE,0,0,0,1343.9,1317,0,0,0,0,13-FEB-2024,
OPTIDX,NIFTY,07-Mar-2024,23200,PE,0,0,0,1388.6,1365.4,0,0,0,0,13-FEB-2024,
OPTIDX,NIFTY,07-Mar-2024,23250,PE,0,0,0,1433.7,1414,0,0,0,0,13-FEB-2024,
OPTIDX,NIFTY,07-Mar-2024,23300,PE,0,0,0,1479.15,1462.8,0,0,0,0,13-FEB-2024,
OPTIDX,NIFTY,07-Mar-2024,23350,PE,0,0,0,1524.95,1511.75,0,0,0,0,13-FEB-2024,
OPTIDX,NIFTY,07-Mar-2024,23400,PE,0,0,0,1571.1,1560.8,0,0,0,0,13-FEB-2024,
OPTIDX,NIFTY,07-Mar-2024,23450,PE,0,0,0,1617.5,1610,0,0,0,0,13-FEB-2024,
OPTIDX,NIFTY,07-Mar-2024,23500,PE,0,0,0,1664.2,1659.3,0,0,0,0,13-FEB-2024,
OPTIDX,NIFTY,07-Mar-2024,23550,PE,0,0,0,1711.15,1708.65,0,0,0,0,13-FEB-2024,
OPTIDX,NIFTY,07-Mar-2024,23600,PE,0,0,0,1758.35,1758.1,0,0,0,0,13-FEB-2024,
OPTIDX,NIFTY,07-Mar-2024,23650,PE,0,0,0,1805.75,1807.6,0,0,0,0,13-FEB-2024,
OPTIDX,NIFTY,07-Mar-2024,23700,PE,0,0,0,1853.35,1857.15,0,0,0,0,13-FEB-2024,
OPTIDX,NIFTY,14-Mar-2024,19850,CE,0,0,0,2014.4,2003.85,0,0,0,0,13-FEB-2024,
OPTIDX,NIFTY,14-Mar-2024,19900,CE,0,0,0,1965.8,1954.35,0,0,0,0,13-FEB-2024,
OPTIDX,NIFTY,14-Mar-2024,19950,CE,0,0,0,1917.3,1904.85,0,0,0,0,13-FEB-2024,
OPTIDX,NIFTY,14-Mar-2024,20000,CE,0,0,0,1868.95,1855.45,0,0,0,0,13-FEB-2024,
OPTIDX,NIFTY,14-Mar-2024,20050,CE,0,0,0,1820.8,1806.1,0,0,0,0,13-FEB-2024,
OPTIDX,NIFTY,14-Mar-2024,20100,CE,0,0,0,1772.85,1756.8,0,0,0,0,13-FEB-2024,
OPTIDX,NIFTY,14-Mar-2024,20150,CE,0,0,0,2249.9,1707.6,0,0,100,0,13-FEB-2024,
OPTIDX,NIFTY,14-Mar-2024,20200,CE,0,0,0,1677.55,1658.55,0,0,0,0,13-FEB-2024,
OPTIDX,NIFTY,14-Mar-2024,20250,CE,0,0,0,1630.25,1609.6,0,0,0,0,13-FEB-2024,
OPTIDX,NIFTY,14-Mar-2024,20300,CE,0,0,0,1583.25,1560.8,0,0,0,0,13-FEB-2024,
OPTIDX,NIFTY,14-Mar-2024,20350,CE,0,0,0,1536.55,1512.15,0,0,0,0,13-FEB-2024,
OPTIDX,NIFTY,14-Mar-2024,20400,CE,0,0,0,1490.2,1463.65,0,0,0,0,13-FEB-2024,
OPTIDX,NIFTY,14-Mar-2024,20450,CE,0,0,0,1444.15,1415.45,0,0,0,0,13-FEB-2024,
OPTIDX,NIFTY,14-Mar-2024,20500,CE,0,0,0,1398.5,1367.45,0,0,0,0,13-FEB-2024,
OPTIDX,NIFTY,14-Mar-2024,20550,CE,0,0,0,1353.25,1319.7,0,0,0,0,13-FEB-2024,
OPTIDX,NIFTY,14-Mar-2024,20600,CE,0,0,0,1308.45,1272.3,0,0,0,0,13-FEB-2024,
OPTIDX,NIFTY,14-Mar-2024,20650,CE,0,0,0,1264.1,1225.25,0,0,0,0,13-FEB-2024,
OPTIDX,NIFTY,14-Mar-2024,20700,CE,0,0,0,1220.2,1178.55,0,0,0,0,13-FEB-2024,
OPTIDX,NIFTY,14-Mar-2024,20750,CE,0,0,0,1176.9,1132.3,0,0,0,0,13-FEB-2024,
OPTIDX,NIFTY,14-Mar-2024,20800,CE,0,0,0,1134.1,1086.55,0,0,0,0,13-FEB-2024,
OPTIDX,NIFTY,14-Mar-2024,20850,CE,0,0,0,1091.9,1041.3,0,0,0,0,13-FEB-2024,
OPTIDX,NIFTY,14-Mar-2024,20900,CE,0,0,0,1050.3,996.6,0,0,0,0,13-FEB-2024,
OPTIDX,NIFTY,14-Mar-2024,20950,CE,0,0,0,1009.35,952.5,0,0,0,0,13-FEB-2024,
OPTIDX,NIFTY,14-Mar-2024,21000,CE,0,0,0,969.05,909.1,0,0,0,0,13-FEB-2024,
OPTIDX,NIFTY,14-Mar-2024,21050,CE,0,0,0,929.5,866.4,0,0,0,0,13-FEB-2024,
OPTIDX,NIFTY,14-Mar-2024,21100,CE,0,0,0,890.65,824.45,0,0,0,0,13-FEB-2024,
OPTIDX,NIFTY,14-Mar-2024,21150,CE,0,0,0,852.6,783.3,0,0,0,0,13-FEB-2024,
OPTIDX,NIFTY,14-Mar-2024,21200,CE,0,0,0,800,743.05,0,0,0,0,13-FEB-2024,
OPTIDX,NIFTY,14-Mar-2024,21250,CE,0,0,0,778.65,703.7,0,0,0,0,13-FEB-2024,
OPTIDX,NIFTY,14-Mar-2024,21300,CE,0,0,0,743.05,665.35,0,0,0,0,13-FEB-2024,
OPTIDX,NIFTY,14-Mar-2024,21350,CE,0,0,0,708.3,627.95,0,0,0,0,13-FEB-2024,
OPTIDX,NIFTY,14-Mar-2024,21400,CE,0,0,0,674.4,591.65,0,0,0,0,13-FEB-2024,
OPTIDX,NIFTY,14-Mar-2024,21450,CE,0,0,0,641.45,556.4,0,0,0,0,13-FEB-2024,
OPTIDX,NIFTY,14-Mar-2024,21500,CE,541.35,570,510,566.15,522.3,13,143.31,2900,100,13-FEB-2024,
OPTIDX,NIFTY,14-Mar-2024,21550,CE,0,0,0,578.3,489.4,0,0,0,0,13-FEB-2024,
OPTIDX,NIFTY,14-Mar-2024,21600,CE,485.55,531.2,457.5,531.2,457.65,23,253.97,2500,500,13-FEB-2024,
OPTIDX,NIFTY,14-Mar-2024,21650,CE,426.05,510,426.05,510,427.1,12,132.69,300,0,13-FEB-2024,
OPTIDX,NIFTY,14-Mar-2024,21700,CE,419.1,485.5,403,472.8,472.8,149,1650.37,4850,1450,13-FEB-2024,
OPTIDX,NIFTY,14-Mar-2024,21750,CE,454.45,454.45,380.45,429.05,369.8,36,399.32,1650,1600,13-FEB-2024,
OPTIDX,NIFTY,14-Mar-2024,21800,CE,419.4,421.2,350,405,405,269,2981.62,12450,12450,13-FEB-2024,
OPTIDX,NIFTY,14-Mar-2024,21850,CE,0,0,0,424.35,317.55,0,0,50,0,13-FEB-2024,
OPTIDX,NIFTY,14-Mar-2024,21900,CE,321.3,350.25,321.3,350.25,350.25,2,22.23,50,0,13-FEB-2024,
OPTIDX,NIFTY,14-Mar-2024,21950,CE,274.95,326.5,274.95,326.5,326.5,2,22.25,50,50,13-FEB-2024,
OPTIDX,NIFTY,14-Mar-2024,22000,CE,263.7,313.2,257,303.1,303.1,22,245.27,4550,350,13-FEB-2024,
OPTIDX,NIFTY,14-Mar-2024,22050,CE,0,0,0,320.4,228.15,0,0,0,0,13-FEB-2024,
OPTIDX,NIFTY,14-Mar-2024,22100,CE,0,0,0,299.9,208.85,0,0,0,0,13-FEB-2024,
OPTIDX,NIFTY,14-Mar-2024,22150,CE,0,0,0,280.4,190.8,0,0,0,0,13-FEB-2024,
OPTIDX,NIFTY,14-Mar-2024,22200,CE,200,226,200,215.15,215.15,130,1456.77,6550,6450,13-FEB-2024,
OPTIDX,NIFTY,14-Mar-2024,22250,CE,0,0,0,244.15,158.1,0,0,0,0,13-FEB-2024,
OPTIDX,NIFTY,14-Mar-2024,22300,CE,157,185,148.7,178.7,143.4,14,157.25,350,150,13-FEB-2024,
OPTIDX,NIFTY,14-Mar-2024,22350,CE,0,0,0,211.4,129.75,0,0,0,0,13-FEB-2024,
OPTIDX,NIFTY,14-Mar-2024,22400,CE,150,151,150,151,151,5,56.37,250,200,13-FEB-2024,
OPTIDX,NIFTY,14-Mar-2024,22450,CE,0,0,0,182.1,105.5,0,0,0,0,13-FEB-2024,
OPTIDX,NIFTY,14-Mar-2024,22500,CE,106.15,130.35,99.05,118.6,94.8,6,67.83,1050,250,13-FEB-2024,
OPTIDX,NIFTY,14-Mar-2024,22550,CE,103.15,103.15,103.15,103.15,84.95,1,11.32,150,0,13-FEB-2024,
OPTIDX,NIFTY,14-Mar-2024,22600,CE,0,0,0,144.3,75.95,0,0,0,0,13-FEB-2024,
OPTIDX,NIFTY,14-Mar-2024,22650,CE,47.2,47.2,47.2,47.2,67.75,1,11.34,50,0,13-FEB-2024,
OPTIDX,NIFTY,14-Mar-2024,22700,CE,64.6,77.3,64.6,77.3,60.25,2,22.77,50,50,13-FEB-2024,
OPTIDX,NIFTY,14-Mar-2024,22750,CE,0,0,0,112.8,53.5,0,0,0,0,13-FEB-2024,
OPTIDX,NIFTY,14-Mar-2024,22800,CE,0,0,0,77.3,47.35,0,0,200,0,13-FEB-2024,
OPTIDX,NIFTY,14-Mar-2024,22850,CE,0,0,0,95.1,41.8,0,0,0,0,13-FEB-2024,
OPTIDX,NIFTY,14-Mar-2024,22900,CE,0,0,0,87.1,36.8,0,0,0,0,13-FEB-2024,
OPTIDX,NIFTY,14-Mar-2024,22950,CE,0,0,0,79.7,32.35,0,0,0,0,13-FEB-2024,
OPTIDX,NIFTY,14-Mar-2024,23000,CE,43.95,50,36,37.65,37.65,38,437.82,2600,450,13-FEB-2024,
OPTIDX,NIFTY,14-Mar-2024,23050,CE,0,0,0,66.4,24.75,0,0,0,0,13-FEB-2024,
OPTIDX,NIFTY,14-Mar-2024,23100,CE,0,0,0,33.1,21.6,0,0,50,0,13-FEB-2024,
OPTIDX,NIFTY,14-Mar-2024,23150,CE,0,0,0,35.75,18.8,0,0,100,0,13-FEB-2024,
OPTIDX,NIFTY,14-Mar-2024,23200,CE,0,0,0,50,16.3,0,0,0,0,13-FEB-2024,
OPTIDX,NIFTY,14-Mar-2024,23250,CE,0,0,0,45.35,14.1,0,0,0,0,13-FEB-2024,
OPTIDX,NIFTY,14-Mar-2024,23300,CE,0,0,0,17.9,12.15,0,0,200,0,13-FEB-2024,
OPTIDX,NIFTY,14-Mar-2024,23350,CE,0,0,0,37.15,10.45,0,0,0,0,13-FEB-2024,
OPTIDX,NIFTY,14-Mar-2024,23400,CE,0,0,0,22.9,9,0,0,200,0,13-FEB-2024,
OPTIDX,NIFTY,14-Mar-2024,23450,CE,16.2,25,10.2,20.25,20.25,11,129.07,1100,150,13-FEB-2024,
OPTIDX,NIFTY,14-Mar-2024,23500,CE,0,0,0,27.25,6.55,0,0,0,0,13-FEB-2024,
OPTIDX,NIFTY,14-Mar-2024,23550,CE,0,0,0,23,5.6,0,0,100,0,13-FEB-2024,
OPTIDX,NIFTY,14-Mar-2024,19850,PE,0,0,0,6.3,0.8,0,0,0,0,13-FEB-2024,
OPTIDX,NIFTY,14-Mar-2024,19900,PE,0,0,0,7.3,1,0,0,0,0,13-FEB-2024,
OPTIDX,NIFTY,14-Mar-2024,19950,PE,0,0,0,19.8,1.25,0,0,1000,0,13-FEB-2024,
OPTIDX,NIFTY,14-Mar-2024,20000,PE,0,0,0,22.7,1.55,0,0,1050,0,13-FEB-2024,
OPTIDX,NIFTY,14-Mar-2024,20050,PE,0,0,0,25.85,1.9,0,0,1000,0,13-FEB-2024,
OPTIDX,NIFTY,14-Mar-2024,20100,PE,34,40.4,20.1,20.1,20.1,45,452.95,1150,0,13-FEB-2024,
OPTIDX,NIFTY,14-Mar-2024,20150,PE,0,0,0,28.1,2.9,0,0,4350,0,13-FEB-2024,
OPTIDX,NIFTY,14-Mar-2024,20200,PE,0,0,0,16.95,3.55,0,0,0,0,13-FEB-2024,
OPTIDX,NIFTY,14-Mar-2024,20250,PE,0,0,0,19.3,4.3,0,0,0,0,13-FEB-2024,
OPTIDX,NIFTY,14-Mar-2024,20300,PE,0,0,0,21.95,5.2,0,0,0,0,13-FEB-2024,
OPTIDX,NIFTY,14-Mar-2024,20350,PE,0,0,0,24.9,6.3,0,0,0,0,13-FEB-2024,
OPTIDX,NIFTY,14-Mar-2024,20400,PE,0,0,0,28.2,7.55,0,0,0,0,13-FEB-2024,
OPTIDX,NIFTY,14-Mar-2024,20450,PE,0,0,0,31.8,9.05,0,0,0,0,13-FEB-2024,
OPTIDX,NIFTY,14-Mar-2024,20500,PE,58.35,58.35,38,40.1,40.1,21,215.77,4750,-350,13-FEB-2024,
OPTIDX,NIFTY,14-Mar-2024,20550,PE,0,0,0,40.2,12.75,0,0,0,0,13-FEB-2024,
OPTIDX,NIFTY,14-Mar-2024,20600,PE,0,0,0,45,15.1,0,0,0,0,13-FEB-2024,
OPTIDX,NIFTY,14-Mar-2024,20650,PE,0,0,0,50.3,17.75,0,0,0,0,13-FEB-2024,
OPTIDX,NIFTY,14-Mar-2024,20700,PE,0,0,0,56.1,20.8,0,0,0,0,13-FEB-2024,
OPTIDX,NIFTY,14-Mar-2024,20750,PE,0,0,0,62.4,24.25,0,0,0,0,13-FEB-2024,
OPTIDX,NIFTY,14-Mar-2024,20800,PE,51.3,71.85,51.3,71.85,28.2,2,20.86,50,50,13-FEB-2024,
OPTIDX,NIFTY,14-Mar-2024,20850,PE,0,0,0,76.7,32.7,0,0,0,0,13-FEB-2024,
OPTIDX,NIFTY,14-Mar-2024,20900,PE,0,0,0,84.75,37.7,0,0,0,0,13-FEB-2024,
OPTIDX,NIFTY,14-Mar-2024,20950,PE,0,0,0,93.45,43.35,0,0,0,0,13-FEB-2024,
OPTIDX,NIFTY,14-Mar-2024,21000,PE,75,124.85,75,98.85,49.65,41,432.69,2600,800,13-FEB-2024,
OPTIDX,NIFTY,14-Mar-2024,21050,PE,0,0,0,112.9,56.65,0,0,0,0,13-FEB-2024,
OPTIDX,NIFTY,14-Mar-2024,21100,PE,0,0,0,123.7,64.45,0,0,0,0,13-FEB-2024,
OPTIDX,NIFTY,14-Mar-2024,21150,PE,0,0,0,135.3,73.05,0,0,0,0,13-FEB-2024,
OPTIDX,NIFTY,14-Mar-2024,21200,PE,0,0,0,163.4,82.5,0,0,850,0,13-FEB-2024,
OPTIDX,NIFTY,14-Mar-2024,21250,PE,0,0,0,160.65,92.9,0,0,0,0,13-FEB-2024,
OPTIDX,NIFTY,14-Mar-2024,21300,PE,0,0,0,197.2,104.25,0,0,1900,0,13-FEB-2024,
OPTIDX,NIFTY,14-Mar-2024,21350,PE,0,0,0,189.6,116.6,0,0,0,0,13-FEB-2024,
OPTIDX,NIFTY,14-Mar-2024,21400,PE,212.4,217.2,199.55,199.55,130,4,43.21,50,50,13-FEB-2024,
OPTIDX,NIFTY,14-Mar-2024,21450,PE,0,0,0,222.05,144.5,0,0,0,0,13-FEB-2024,
OPTIDX,NIFTY,14-Mar-2024,21500,PE,283.2,283.2,207.8,211.1,211.1,316,3434.64,6300,3250,13-FEB-2024,
OPTIDX,NIFTY,14-Mar-2024,21550,PE,238.6,240.9,238.6,240.9,176.9,9,98.05,400,400,13-FEB-2024,
OPTIDX,NIFTY,14-Mar-2024,21600,PE,252.1,292.35,236.7,238.35,238.35,72,787.03,3500,2700,13-FEB-2024,
OPTIDX,NIFTY,14-Mar-2024,21650,PE,0,0,0,298.1,214.1,0,0,0,0,13-FEB-2024,
OPTIDX,NIFTY,14-Mar-2024,21700,PE,336,363,280,281.35,281.35,69,759.17,2350,2100,13-FEB-2024,
OPTIDX,NIFTY,14-Mar-2024,21750,PE,0,0,0,341.95,256.2,0,0,0,0,13-FEB-2024,
OPTIDX,NIFTY,14-Mar-2024,21800,PE,310,310,310,310,310,1,11.05,150,50,13-FEB-2024,
OPTIDX,NIFTY,14-Mar-2024,21850,PE,349.15,349.15,349.15,349.15,349.15,4,44.39,500,200,13-FEB-2024,
OPTIDX,NIFTY,14-Mar-2024,21900,PE,0,0,0,440.7,328.9,0,0,50,0,13-FEB-2024,
OPTIDX,NIFTY,14-Mar-2024,21950,PE,0,0,0,441.2,355.65,0,0,0,0,13-FEB-2024,
OPTIDX,NIFTY,14-Mar-2024,22000,PE,471.9,488.25,471.9,488.25,383.65,98,1101.3,4900,4850,13-FEB-2024,
OPTIDX,NIFTY,14-Mar-2024,22050,PE,0,0,0,496.7,412.9,0,0,0,0,13-FEB-2024,
OPTIDX,NIFTY,14-Mar-2024,22100,PE,0,0,0,525.9,443.35,0,0,0,0,13-FEB-2024,
OPTIDX,NIFTY,14-Mar-2024,22150,PE,0,0,0,556.05,475,0,0,0,0,13-FEB-2024,
OPTIDX,NIFTY,14-Mar-2024,22200,PE,0,0,0,587.1,507.8,0,0,0,0,13-FEB-2024,
OPTIDX,NIFTY,14-Mar-2024,22250,PE,0,0,0,619.05,541.75,0,0,0,0,13-FEB-2024,
OPTIDX,NIFTY,14-Mar-2024,22300,PE,0,0,0,651.95,576.8,0,0,0,0,13-FEB-2024,
OPTIDX,NIFTY,14-Mar-2024,22350,PE,0,0,0,685.65,612.85,0,0,0,0,13-FEB-2024,
OPTIDX,NIFTY,14-Mar-2024,22400,PE,0,0,0,720.25,650,0,0,0,0,13-FEB-2024,
OPTIDX,NIFTY,14-Mar-2024,22450,PE,0,0,0,755.65,688.05,0,0,0,0,13-FEB-2024,
OPTIDX,NIFTY,14-Mar-2024,22500,PE,871.15,871.15,871.15,871.15,727.05,1,11.68,50,50,13-FEB-2024,
OPTIDX,NIFTY,14-Mar-2024,22550,PE,0,0,0,829.8,766.95,0,0,0,0,13-FEB-2024,
OPTIDX,NIFTY,14-Mar-2024,22600,PE,0,0,0,866.75,807.65,0,0,0,0,13-FEB-2024,
OPTIDX,NIFTY,14-Mar-2024,22650,PE,0,0,0,905.2,849.2,0,0,0,0,13-FEB-2024,
OPTIDX,NIFTY,14-Mar-2024,22700,PE,0,0,0,944.4,891.45,0,0,0,0,13-FEB-2024,
OPTIDX,NIFTY,14-Mar-2024,22750,PE,0,0,0,984.2,934.35,0,0,0,0,13-FEB-2024,
OPTIDX,NIFTY,14-Mar-2024,22800,PE,0,0,0,1024.7,977.95,0,0,0,0,13-FEB-2024,
OPTIDX,NIFTY,14-Mar-2024,22850,PE,0,0,0,1065.8,1022.15,0,0,0,0,13-FEB-2024,
OPTIDX,NIFTY,14-Mar-2024,22900,PE,0,0,0,1107.45,1066.85,0,0,0,0,13-FEB-2024,
OPTIDX,NIFTY,14-Mar-2024,22950,PE,0,0,0,1149.7,1112.1,0,0,0,0,13-FEB-2024,
OPTIDX,NIFTY,14-Mar-2024,23000,PE,0,0,0,1192.45,1157.85,0,0,0,0,13-FEB-2024,
OPTIDX,NIFTY,14-Mar-2024,23050,PE,0,0,0,1235.7,1204,0,0,0,0,13-FEB-2024,
OPTIDX,NIFTY,14-Mar-2024,23100,PE,0,0,0,1279.45,1250.55,0,0,0,0,13-FEB-2024,
OPTIDX,NIFTY,14-Mar-2024,23150,PE,0,0,0,1323.6,1297.45,0,0,0,0,13-FEB-2024,
OPTIDX,NIFTY,14-Mar-2024,23200,PE,0,0,0,1368.2,1344.7,0,0,0,0,13-FEB-2024,
OPTIDX,NIFTY,14-Mar-2024,23250,PE,0,0,0,1413.2,1392.2,0,0,0,0,13-FEB-2024,
OPTIDX,NIFTY,14-Mar-2024,23300,PE,0,0,0,1458.6,1440,0,0,0,0,13-FEB-2024,
OPTIDX,NIFTY,14-Mar-2024,23350,PE,0,0,0,1504.3,1488.05,0,0,0,0,13-FEB-2024,
OPTIDX,NIFTY,14-Mar-2024,23400,PE,0,0,0,1550.35,1536.3,0,0,0,0,13-FEB-2024,
OPTIDX,NIFTY,14-Mar-2024,23450,PE,0,0,0,1596.7,1584.7,0,0,0,0,13-FEB-2024,
OPTIDX,NIFTY,14-Mar-2024,23500,PE,0,0,0,1643.35,1633.3,0,0,0,0,13-FEB-2024,
OPTIDX,NIFTY,14-Mar-2024,23550,PE,0,0,0,1690.25,1682.05,0,0,0,0,13-FEB-2024,
OPTIDX,NIFTY,28-Mar-2024,14000,CE,7750,7806.4,7750,7806.4,7806.4,2,21.77,321000,0,13-FEB-2024,
OPTIDX,NIFTY,28-Mar-2024,15000,CE,6860,6860,6860,6860,6860,1,10.93,25450,0,13-FEB-2024,
OPTIDX,NIFTY,28-Mar-2024,16000,CE,5775,5775,5775,5775,5872.9,1,10.88,41100,-50,13-FEB-2024,
OPTIDX,NIFTY,28-Mar-2024,17000,CE,4822,4915,4822,4903,4881,51,558.18,137250,-1400,13-FEB-2024,
OPTIDX,NIFTY,28-Mar-2024,18000,CE,3825,3932.9,3735,3906,3906,152,1661.48,641800,300,13-FEB-2024,
OPTIDX,NIFTY,28-Mar-2024,19000,CE,2800,2950,2758.2,2939.55,2939.55,177,1938.92,468800,-150,13-FEB-2024,
OPTIDX,NIFTY,28-Mar-2024,19500,CE,2410.65,2483.65,2325.35,2471,2471,64,699.78,5400,2500,13-FEB-2024,
OPTIDX,NIFTY,28-Mar-2024,19550,CE,0,0,0,2607.5,2352.85,0,0,0,0,13-FEB-2024,
OPTIDX,NIFTY,28-Mar-2024,19600,CE,0,0,0,2560.8,2303.45,0,0,0,0,13-FEB-2024,
OPTIDX,NIFTY,28-Mar-2024,19650,CE,0,0,0,2284.4,2254.15,0,0,50,0,13-FEB-2024,
OPTIDX,NIFTY,28-Mar-2024,19700,CE,2210.4,2250.75,2210.4,2250.75,2204.9,3,32.9,150,150,13-FEB-2024,
OPTIDX,NIFTY,28-Mar-2024,19750,CE,2221.2,2221.2,2221.2,2221.2,2155.7,1,10.98,50,50,13-FEB-2024,
OPTIDX,NIFTY,28-Mar-2024,19800,CE,0,0,0,1950,2106.55,0,0,950,0,13-FEB-2024,
OPTIDX,NIFTY,28-Mar-2024,19850,CE,0,0,0,2330.25,2057.5,0,0,0,0,13-FEB-2024,
OPTIDX,NIFTY,28-Mar-2024,19900,CE,1980,1980,1980,1980,2008.55,3,32.82,350,150,13-FEB-2024,
OPTIDX,NIFTY,28-Mar-2024,19950,CE,2018.15,2018.15,2018.15,2018.15,1959.65,1,10.98,50,50,13-FEB-2024,
OPTIDX,NIFTY,28-Mar-2024,20000,CE,1884.9,1999.5,1809.5,1980.85,1980.85,427,4684.03,465950,5150,13-FEB-2024,
OPTIDX,NIFTY,28-Mar-2024,20050,CE,0,0,0,2149.85,1862.3,0,0,0,0,13-FEB-2024,
OPTIDX,NIFTY,28-Mar-2024,20100,CE,0,0,0,1924.7,1813.8,0,0,1000,0,13-FEB-2024,
OPTIDX,NIFTY,28-Mar-2024,20150,CE,0,0,0,2034,1765.45,0,0,50,0,13-FEB-2024,
OPTIDX,NIFTY,28-Mar-2024,20200,CE,1780,1780,1780,1780,1717.35,1,10.99,550,50,13-FEB-2024,
OPTIDX,NIFTY,28-Mar-2024,20250,CE,0,0,0,1355.8,1669.4,0,0,50,0,13-FEB-2024,
OPTIDX,NIFTY,28-Mar-2024,20300,CE,0,0,0,1736.3,1621.65,0,0,700,0,13-FEB-2024,
OPTIDX,NIFTY,28-Mar-2024,20350,CE,0,0,0,1339.55,1574.15,0,0,400,0,13-FEB-2024,
OPTIDX,NIFTY,28-Mar-2024,20400,CE,1565,1621,1565,1621,1621,4,43.98,1050,150,13-FEB-2024,
OPTIDX,NIFTY,28-Mar-2024,20450,CE,0,0,0,1208.75,1480.05,0,0,100,0,13-FEB-2024,
OPTIDX,NIFTY,28-Mar-2024,20500,CE,1444.5,1520.5,1356.1,1505.3,1505.3,226,2480.12,75950,5350,13-FEB-2024,
OPTIDX,NIFTY,28-Mar-2024,20550,CE,0,0,0,1362.95,1387.15,0,0,1100,0,13-FEB-2024,
OPTIDX,NIFTY,28-Mar-2024,20600,CE,0,0,0,1325,1341.3,0,0,4050,0,13-FEB-2024,
OPTIDX,NIFTY,28-Mar-2024,20650,CE,0,0,0,1373.2,1295.85,0,0,500,0,13-FEB-2024,
OPTIDX,NIFTY,28-Mar-2024,20700,CE,1200,1350,1200,1335,1335,5,54.93,1450,0,13-FEB-2024,
OPTIDX,NIFTY,28-Mar-2024,20750,CE,1250,1310,1173,1300,1300,23,253.48,1950,1000,13-FEB-2024,
OPTIDX,NIFTY,28-Mar-2024,20800,CE,1138.4,1245.75,1138.4,1235.35,1162.2,4,44.01,2250,0,13-FEB-2024,
OPTIDX,NIFTY,28-Mar-2024,20850,CE,0,0,0,1249.6,1118.7,0,0,350,0,13-FEB-2024,
OPTIDX,NIFTY,28-Mar-2024,20900,CE,1156.55,1156.6,1156.55,1156.6,1075.75,3,33.08,2300,150,13-FEB-2024,
OPTIDX,NIFTY,28-Mar-2024,20950,CE,0,0,0,1127.65,1033.45,0,0,650,0,13-FEB-2024,
OPTIDX,NIFTY,28-Mar-2024,21000,CE,1039.95,1112,965.1,1102.05,1102.05,3038,33476.33,1204400,-12650,13-FEB-2024,
OPTIDX,NIFTY,28-Mar-2024,21050,CE,1014.6,1014.6,1014.6,1014.6,950.8,1,11.03,850,50,13-FEB-2024,
OPTIDX,NIFTY,28-Mar-2024,21100,CE,949.85,1015,907.85,1015,1015,26,286.9,6100,-400,13-FEB-2024,
OPTIDX,NIFTY,28-Mar-2024,21150,CE,0,0,0,976,871,0,0,650,0,13-FEB-2024,
OPTIDX,NIFTY,28-Mar-2024,21200,CE,866.25,950,841.8,912,832.25,21,232.06,29450,100,13-FEB-2024,
OPTIDX,NIFTY,28-Mar-2024,21250,CE,0,0,0,877.8,794.3,0,0,1900,0,13-FEB-2024,
OPTIDX,NIFTY,28-Mar-2024,21300,CE,760.05,868,760.05,839.6,757.2,51,564.15,33550,-750,13-FEB-2024,
OPTIDX,NIFTY,28-Mar-2024,21350,CE,750.9,785.6,750.9,777.75,720.95,4,44.23,3250,0,13-FEB-2024,
OPTIDX,NIFTY,28-Mar-2024,21400,CE,719,799,683,786.1,786.1,70,775.8,41450,-600,13-FEB-2024,
OPTIDX,NIFTY,28-Mar-2024,21450,CE,700,733.05,673.75,714.7,651.25,12,132.93,4600,-50,13-FEB-2024,
OPTIDX,NIFTY,28-Mar-2024,21500,CE,680.85,736.45,620,722.3,722.3,2043,22666.93,258450,-8750,13-FEB-2024,
OPTIDX,NIFTY,28-Mar-2024,21550,CE,590,698.5,588.2,693.2,693.2,75,833.16,6500,-1250,13-FEB-2024,
OPTIDX,NIFTY,28-Mar-2024,21600,CE,623.95,671.65,564,659.6,659.6,981,10900.81,73800,7350,13-FEB-2024,
OPTIDX,NIFTY,28-Mar-2024,21650,CE,566.55,635,526.5,626.05,626.05,60,667.42,6350,-1250,13-FEB-2024,
OPTIDX,NIFTY,28-Mar-2024,21700,CE,554.95,614,505,595.3,595.3,3131,34878.47,127400,42050,13-FEB-2024,
OPTIDX,NIFTY,28-Mar-2024,21750,CE,511.25,577.75,495.45,561.75,561.75,251,2798.48,10250,-1350,13-FEB-2024,
OPTIDX,NIFTY,28-Mar-2024,21800,CE,500,548.65,451.4,536.5,536.5,1709,19062.25,107150,750,13-FEB-2024,
OPTIDX,NIFTY,28-Mar-2024,21850,CE,477.3,516.7,429.3,500.5,500.5,167,1865.14,4200,-1250,13-FEB-2024,
OPTIDX,NIFTY,28-Mar-2024,21900,CE,451.85,489.45,400.65,474.4,474.4,1228,13726.26,95300,-2550,13-FEB-2024,
OPTIDX,NIFTY,28-Mar-2024,21950,CE,420,463.2,395.4,445.5,445.5,100,1118.77,7300,700,13-FEB-2024,
OPTIDX,NIFTY,28-Mar-2024,22000,CE,375.4,435.75,354.8,419.9,419.9,11295,126527.51,1218250,4350,13-FEB-2024,
OPTIDX,NIFTY,28-Mar-2024,22050,CE,370,411.95,340,391.25,391.25,205,2299.83,11050,150,13-FEB-2024,
OPTIDX,NIFTY,28-Mar-2024,22100,CE,334.75,385,310.05,370.8,370.8,707,7936.73,66000,-1350,13-FEB-2024,
OPTIDX,NIFTY,28-Mar-2024,22150,CE,331.7,359.75,299.95,345.8,345.8,181,2034.59,6200,200,13-FEB-2024,
OPTIDX,NIFTY,28-Mar-2024,22200,CE,303,336.2,270.7,325.2,325.2,1674,18841.89,127450,7100,13-FEB-2024,
OPTIDX,NIFTY,28-Mar-2024,22250,CE,283.9,307.6,264,303,303,142,1600.51,5600,1700,13-FEB-2024,
OPTIDX,NIFTY,28-Mar-2024,22300,CE,271.65,295,236.15,283.9,283.9,881,9943.3,88250,750,13-FEB-2024,
OPTIDX,NIFTY,28-Mar-2024,22350,CE,243.95,271.85,223.45,264,264,159,1796.69,4600,750,13-FEB-2024,
OPTIDX,NIFTY,28-Mar-2024,22400,CE,232,255.7,204,243.95,243.95,724,8191.63,73550,11400,13-FEB-2024,
OPTIDX,NIFTY,28-Mar-2024,22450,CE,212.4,230.85,197.45,226.15,226.15,112,1269.3,11400,-800,13-FEB-2024,
OPTIDX,NIFTY,28-Mar-2024,22500,CE,200.5,222,174.15,211.35,211.35,10991,124742.51,645350,35550,13-FEB-2024,
OPTIDX,NIFTY,28-Mar-2024,22550,CE,172,197.5,168.15,193.35,193.35,89,1011.65,29600,-1750,13-FEB-2024,
OPTIDX,NIFTY,28-Mar-2024,22600,CE,171,189,150,179.65,179.65,1107,12604.77,60800,10000,13-FEB-2024,
OPTIDX,NIFTY,28-Mar-2024,22650,CE,153.65,168.3,139.25,165.25,165.25,123,1402.77,7950,-350,13-FEB-2024,
OPTIDX,NIFTY,28-Mar-2024,22700,CE,143.75,160.5,126,152,152,752,8589.24,86800,4800,13-FEB-2024,
OPTIDX,NIFTY,28-Mar-2024,22750,CE,126.85,137,119,135,104.4,22,251.59,9450,-350,13-FEB-2024,
OPTIDX,NIFTY,28-Mar-2024,22800,CE,122,135.25,107,127.55,127.55,2752,31543.81,318800,49850,13-FEB-2024,
OPTIDX,NIFTY,28-Mar-2024,22850,CE,105,110,104,104,86.9,4,45.91,7200,50,13-FEB-2024,
OPTIDX,NIFTY,28-Mar-2024,22900,CE,101.45,115,90.7,108,108,1276,14674.96,73050,4900,13-FEB-2024,
OPTIDX,NIFTY,28-Mar-2024,22950,CE,92.35,105.25,92.35,101.15,101.15,72,829.74,38100,850,13-FEB-2024,
OPTIDX,NIFTY,28-Mar-2024,23000,CE,89.95,99,77.85,93.05,93.05,17027,196569.33,1266250,18900,13-FEB-2024,
OPTIDX,NIFTY,28-Mar-2024,23050,CE,81.65,88,70.65,83.8,83.8,79,913.64,7700,50,13-FEB-2024,
OPTIDX,NIFTY,28-Mar-2024,23100,CE,74.95,80.35,63.7,75.9,75.9,1109,12848.72,90750,150,13-FEB-2024,
OPTIDX,NIFTY,28-Mar-2024,23150,CE,59.7,72,59.7,67.2,67.2,25,290.23,7750,50,13-FEB-2024,
OPTIDX,NIFTY,28-Mar-2024,23200,CE,60.55,67.5,52.9,63.3,63.3,1796,20886.54,75200,4600,13-FEB-2024,
OPTIDX,NIFTY,28-Mar-2024,23250,CE,49.9,59.35,49.85,56.45,56.45,18,209.74,8750,-100,13-FEB-2024,
OPTIDX,NIFTY,28-Mar-2024,23300,CE,49.2,55.15,44.45,51.75,51.75,1355,15818.9,121250,-400,13-FEB-2024,
OPTIDX,NIFTY,28-Mar-2024,23350,CE,50,51.45,44.25,47.8,47.8,9,105.28,6550,0,13-FEB-2024,
OPTIDX,NIFTY,28-Mar-2024,23400,CE,40,47.2,38.2,44.4,44.4,546,6399.85,34850,10000,13-FEB-2024,
OPTIDX,NIFTY,28-Mar-2024,23450,CE,34.75,44.15,34.75,41.35,41.35,184,2161.15,11400,-3600,13-FEB-2024,
OPTIDX,NIFTY,28-Mar-2024,23500,CE,38.8,41.25,33.3,39.05,39.05,6257,73636.19,439000,14450,13-FEB-2024,
OPTIDX,NIFTY,28-Mar-2024,23550,CE,44.55,44.55,31.45,32.2,20,10,117.92,4100,0,13-FEB-2024,
OPTIDX,NIFTY,28-Mar-2024,23600,CE,32.05,35.05,26,32.2,32.2,127,1500.59,16500,-100,13-FEB-2024,
OPTIDX,NIFTY,28-Mar-2024,23650,CE,30,31.05,30,30.2,15.8,24,284.16,5300,350,13-FEB-2024,
OPTIDX,NIFTY,28-Mar-2024,23700,CE,28.15,30.8,25,28.1,28.1,416,4935.33,28750,-4850,13-FEB-2024,
OPTIDX,NIFTY,28-Mar-2024,23750,CE,26.85,27.45,25.45,27,27,37,439.86,3900,350,13-FEB-2024,
OPTIDX,NIFTY,28-Mar-2024,23800,CE,23.6,27,22.15,25.3,25.3,241,2870.86,36400,-5050,13-FEB-2024,
OPTIDX,NIFTY,28-Mar-2024,23850,CE,24,26.15,23,24.75,24.75,91,1086.28,18700,1900,13-FEB-2024,
OPTIDX,NIFTY,28-Mar-2024,24000,CE,21.25,23.15,19,19.75,19.75,4995,59990.48,880900,-19950,13-FEB-2024,
OPTIDX,NIFTY,28-Mar-2024,25000,CE,9.25,10,7.9,8.45,8.45,755,9440.83,370600,-9600,13-FEB-2024,
OPTIDX,NIFTY,28-Mar-2024,26000,CE,6.25,6.9,5.55,6.65,6.65,156,2028.49,151400,-1750,13-FEB-2024,
OPTIDX,NIFTY,28-Mar-2024,27000,CE,4.3,4.5,3.85,3.85,0.05,66,891.13,32850,2600,13-FEB-2024,
OPTIDX,NIFTY,28-Mar-2024,14000,PE,3.1,3.1,2.4,2.55,2.55,154,1078.19,137200,4100,13-FEB-2024,
OPTIDX,NIFTY,28-Mar-2024,15000,PE,4.4,4.4,3.2,3.3,3.3,12,90.02,9000,0,13-FEB-2024,
OPTIDX,NIFTY,28-Mar-2024,16000,PE,5,5,3.55,3.9,3.9,346,2768.72,140500,-7950,13-FEB-2024,
OPTIDX,NIFTY,28-Mar-2024,17000,PE,7,7.95,5.7,6.6,6.6,322,2738.01,337300,3350,13-FEB-2024,
OPTIDX,NIFTY,28-Mar-2024,18000,PE,10.05,12,9.7,10.3,10.3,1614,14534.77,851550,-19300,13-FEB-2024,
OPTIDX,NIFTY,28-Mar-2024,19000,PE,17.35,20.15,17.25,17.75,17.75,5573,52995.11,1558950,142450,13-FEB-2024,
OPTIDX,NIFTY,28-Mar-2024,19500,PE,24.95,28.25,23.05,23.35,23.35,978,9547.76,163600,14450,13-FEB-2024,
OPTIDX,NIFTY,28-Mar-2024,19550,PE,0,0,0,44.35,1.15,0,0,1150,0,13-FEB-2024,
OPTIDX,NIFTY,28-Mar-2024,19600,PE,0,0,0,15,1.4,0,0,16200,0,13-FEB-2024,
OPTIDX,NIFTY,28-Mar-2024,19650,PE,0,0,0,60,1.65,0,0,1350,0,13-FEB-2024,
OPTIDX,NIFTY,28-Mar-2024,19700,PE,30.75,32,23.5,26.75,26.75,222,2189.82,105950,100,13-FEB-2024,
OPTIDX,NIFTY,28-Mar-2024,19750,PE,0,0,0,51,2.4,0,0,750,0,13-FEB-2024,
OPTIDX,NIFTY,28-Mar-2024,19800,PE,33.9,37.9,26.05,28.65,28.65,948,9400.32,176850,1400,13-FEB-2024,
OPTIDX,NIFTY,28-Mar-2024,19850,PE,0,0,0,66.85,3.4,0,0,200,0,13-FEB-2024,
OPTIDX,NIFTY,28-Mar-2024,19900,PE,38.15,43,33,33.4,33.4,399,3977.3,239400,-2350,13-FEB-2024,
OPTIDX,NIFTY,28-Mar-2024,19950,PE,0,0,0,52,4.75,0,0,0,0,13-FEB-2024,
OPTIDX,NIFTY,28-Mar-2024,20000,PE,47.95,52.65,40,40.5,40.5,10084,101060.88,2530300,38700,13-FEB-2024,
OPTIDX,NIFTY,28-Mar-2024,20050,PE,0,0,0,60.5,6.55,0,0,0,0,13-FEB-2024,
OPTIDX,NIFTY,28-Mar-2024,20100,PE,49.15,57,42.2,42.7,42.7,585,5892.88,245100,-4800,13-FEB-2024,
OPTIDX,NIFTY,28-Mar-2024,20150,PE,0,0,0,49.6,8.95,0,0,2000,0,13-FEB-2024,
OPTIDX,NIFTY,28-Mar-2024,20200,PE,62.1,64.55,46.65,47.35,47.35,2399,24293.28,374350,3150,13-FEB-2024,
OPTIDX,NIFTY,28-Mar-2024,20250,PE,0,0,0,51.1,12.05,0,0,100,0,13-FEB-2024,
OPTIDX,NIFTY,28-Mar-2024,20300,PE,62.5,73,52.7,53.95,53.95,1581,16093.89,208050,7100,13-FEB-2024,
OPTIDX,NIFTY,28-Mar-2024,20350,PE,0,0,0,65.5,16,0,0,7550,0,13-FEB-2024,
OPTIDX,NIFTY,28-Mar-2024,20400,PE,72.7,84.75,61.7,62.35,62.35,1729,17695.14,286600,8650,13-FEB-2024,
OPTIDX,NIFTY,28-Mar-2024,20450,PE,0,0,0,104,21.05,0,0,1150,0,13-FEB-2024,
OPTIDX,NIFTY,28-Mar-2024,20500,PE,90.45,99.75,73.7,74.95,74.95,8114,83502.01,1167600,39400,13-FEB-2024,
OPTIDX,NIFTY,28-Mar-2024,20550,PE,92.75,105.15,76.2,76.75,76.75,31,319.94,2850,750,13-FEB-2024,
OPTIDX,NIFTY,28-Mar-2024,20600,PE,105,113,81.7,82.5,82.5,890,9207.83,225300,2550,13-FEB-2024,
OPTIDX,NIFTY,28-Mar-2024,20650,PE,66.9,92.65,66.9,87.7,87.7,10,103.67,6300,100,13-FEB-2024,
OPTIDX,NIFTY,28-Mar-2024,20700,PE,109.05,125.85,91.4,93,93,1888,19636.36,224300,17200,13-FEB-2024,
OPTIDX,NIFTY,28-Mar-2024,20750,PE,116.6,135,98.7,99.65,99.65,124,1293.31,12900,-2400,13-FEB-2024,
OPTIDX,NIFTY,28-Mar-2024,20800,PE,123.25,143.6,106,106.9,106.9,1577,16493.48,194300,-150,13-FEB-2024,
OPTIDX,NIFTY,28-Mar-2024,20850,PE,0,0,0,137.7,56.5,0,0,9350,0,13-FEB-2024,
OPTIDX,NIFTY,28-Mar-2024,20900,PE,157.2,164.4,122,123.5,123.5,1031,10844.56,132800,-6750,13-FEB-2024,
OPTIDX,NIFTY,28-Mar-2024,20950,PE,160.9,164,139.85,145.5,70.45,68,717.32,13100,-300,13-FEB-2024,
OPTIDX,NIFTY,28-Mar-2024,21000,PE,164.95,190.95,141.9,144.35,144.35,21753,230132.16,3087100,44650,13-FEB-2024,
OPTIDX,NIFTY,28-Mar-2024,21050,PE,175.5,180.25,152,152.5,152.5,100,1060.85,17700,-3050,13-FEB-2024,
OPTIDX,NIFTY,28-Mar-2024,21100,PE,193.3,214.55,160,162.2,162.2,756,8043.38,96450,2900,13-FEB-2024,
OPTIDX,NIFTY,28-Mar-2024,21150,PE,188.35,204.35,170.6,171.55,171.55,39,415.92,6200,-1000,13-FEB-2024,
OPTIDX,NIFTY,28-Mar-2024,21200,PE,208.15,238.5,177.75,181.1,181.1,1755,18782.58,107850,10050,13-FEB-2024,
OPTIDX,NIFTY,28-Mar-2024,21250,PE,232,251.25,191.5,194.5,194.5,77,826.34,16800,-450,13-FEB-2024,
OPTIDX,NIFTY,28-Mar-2024,21300,PE,242.9,266.7,200,204.35,204.35,1452,15626.12,340500,7900,13-FEB-2024,
OPTIDX,NIFTY,28-Mar-2024,21350,PE,259.55,285.55,216,220.55,220.55,115,1241.48,21350,750,13-FEB-2024,
OPTIDX,NIFTY,28-Mar-2024,21400,PE,277.65,303.5,231.15,233.6,233.6,2315,25073.1,97200,-13100,13-FEB-2024,
OPTIDX,NIFTY,28-Mar-2024,21450,PE,292.7,326.35,248,249.7,249.7,295,3203.84,11200,2700,13-FEB-2024,
OPTIDX,NIFTY,28-Mar-2024,21500,PE,298.6,341.35,260.15,265.85,265.85,20007,217978.94,1052800,74400,13-FEB-2024,
OPTIDX,NIFTY,28-Mar-2024,21550,PE,327.45,357,277.6,280,280,402,4393.98,9500,2950,13-FEB-2024,
OPTIDX,NIFTY,28-Mar-2024,21600,PE,350.75,379.4,290.3,295.45,295.45,2509,27512.26,136550,2000,13-FEB-2024,
OPTIDX,NIFTY,28-Mar-2024,21650,PE,366.05,399.55,311.5,315.3,315.3,232,2551.8,13300,4750,13-FEB-2024,
OPTIDX,NIFTY,28-Mar-2024,21700,PE,382.45,422.4,328.6,333.55,333.55,9113,100542.72,245900,104650,13-FEB-2024,
OPTIDX,NIFTY,28-Mar-2024,21750,PE,438,438,348.05,351.6,351.6,132,1459.9,14150,1300,13-FEB-2024,
OPTIDX,NIFTY,28-Mar-2024,21800,PE,423,468.1,365,371.25,371.25,3437,38155.62,161150,20300,13-FEB-2024,
OPTIDX,NIFTY,28-Mar-2024,21850,PE,466.4,481,385.8,392.7,392.7,157,1748.65,7350,1650,13-FEB-2024,
OPTIDX,NIFTY,28-Mar-2024,21900,PE,471,510.9,405,412.9,412.9,1490,16651.89,133050,-12900,13-FEB-2024,
OPTIDX,NIFTY,28-Mar-2024,21950,PE,511.75,529.95,429,432.05,432.05,116,1300.44,7950,1500,13-FEB-2024,
OPTIDX,NIFTY,28-Mar-2024,22000,PE,522,568,447.05,456.6,456.6,18797,211411.67,1309000,46500,13-FEB-2024,
OPTIDX,NIFTY,28-Mar-2024,22050,PE,545,590.1,470,477.1,477.1,98,1104.64,7500,2100,13-FEB-2024,
OPTIDX,NIFTY,28-Mar-2024,22100,PE,578,616.95,497.05,505.3,505.3,293,3314.62,41800,500,13-FEB-2024,
OPTIDX,NIFTY,28-Mar-2024,22150,PE,544.2,582.05,523.85,524.55,524.55,15,170.19,6100,400,13-FEB-2024,
OPTIDX,NIFTY,28-Mar-2024,22200,PE,639.9,673.95,549.55,556.35,556.35,369,4204.69,59450,5250,13-FEB-2024,
OPTIDX,NIFTY,28-Mar-2024,22250,PE,651.6,681.65,651.6,681.65,564.25,4,45.83,2600,0,13-FEB-2024,
OPTIDX,NIFTY,28-Mar-2024,22300,PE,686.95,735.05,605,612.35,612.35,88,1009.56,19900,1050,13-FEB-2024,
OPTIDX,NIFTY,28-Mar-2024,22350,PE,739.85,739.85,644.25,644.25,629.85,8,92.04,3500,100,13-FEB-2024,
OPTIDX,NIFTY,28-Mar-2024,22400,PE,755,805,665,676,676,101,1166.73,11350,-2150,13-FEB-2024,
OPTIDX,NIFTY,28-Mar-2024,22450,PE,0,0,0,782.7,699.15,0,0,2800,0,13-FEB-2024,
OPTIDX,NIFTY,28-Mar-2024,22500,PE,823.95,880,729,741.75,741.75,1961,22827.14,161600,4200,13-FEB-2024,
OPTIDX,NIFTY,28-Mar-2024,22550,PE,850,850,790,790,771.9,2,23.37,3100,0,13-FEB-2024,
OPTIDX,NIFTY,28-Mar-2024,22600,PE,889.1,915.45,814.4,814.4,809.5,17,199.43,8400,0,13-FEB-2024,
OPTIDX,NIFTY,28-Mar-2024,22650,PE,855.95,855.95,855.95,855.95,847.85,1,11.75,2800,50,13-FEB-2024,
OPTIDX,NIFTY,28-Mar-2024,22700,PE,984.65,984.65,875,875,875,18,212.84,8850,50,13-FEB-2024,
OPTIDX,NIFTY,28-Mar-2024,22750,PE,0,0,0,918,926.8,0,0,3250,0,13-FEB-2024,
OPTIDX,NIFTY,28-Mar-2024,22800,PE,966.6,966.6,966.55,966.55,967.3,3,35.64,5050,0,13-FEB-2024,
OPTIDX,NIFTY,28-Mar-2024,22850,PE,0,0,0,1074.95,1008.45,0,0,2300,0,13-FEB-2024,
OPTIDX,NIFTY,28-Mar-2024,22900,PE,0,0,0,1100,1050.25,0,0,4900,0,13-FEB-2024,
OPTIDX,NIFTY,28-Mar-2024,22950,PE,0,0,0,1129.2,1092.6,0,0,2500,0,13-FEB-2024,
OPTIDX,NIFTY,28-Mar-2024,23000,PE,1182,1270,1098,1106.35,1106.35,577,6965.12,227950,4100,13-FEB-2024,
OPTIDX,NIFTY,28-Mar-2024,23050,PE,0,0,0,1250,1178.95,0,0,1900,0,13-FEB-2024,
OPTIDX,NIFTY,28-Mar-2024,23100,PE,0,0,0,1219.5,1222.9,0,0,1700,0,13-FEB-2024,
OPTIDX,NIFTY,28-Mar-2024,23150,PE,1240.2,1240.2,1240.2,1240.2,1240.2,1,12.19,1150,50,13-FEB-2024,
OPTIDX,NIFTY,28-Mar-2024,23200,PE,1370,1370,1300,1300,1312.15,2,24.53,1550,100,13-FEB-2024,
OPTIDX,NIFTY,28-Mar-2024,23250,PE,0,0,0,1150.65,1357.35,0,0,1050,0,13-FEB-2024,
OPTIDX,NIFTY,28-Mar-2024,23300,PE,0,0,0,1322,1403,0,0,1300,0,13-FEB-2024,
OPTIDX,NIFTY,28-Mar-2024,23350,PE,0,0,0,1260.85,1448.95,0,0,500,0,13-FEB-2024,
OPTIDX,NIFTY,28-Mar-2024,23400,PE,0,0,0,1248.5,1495.25,0,0,700,0,13-FEB-2024,
OPTIDX,NIFTY,28-Mar-2024,23450,PE,0,0,0,1526.5,1541.85,0,0,150,0,13-FEB-2024,
OPTIDX,NIFTY,28-Mar-2024,23500,PE,1546.95,1557.7,1546.95,1551.8,1551.8,21,263.04,6850,550,13-FEB-2024,
OPTIDX,NIFTY,28-Mar-2024,23550,PE,0,0,0,1285.25,1635.9,0,0,50,0,13-FEB-2024,
OPTIDX,NIFTY,28-Mar-2024,23600,PE,0,0,0,1581.9,1683.3,0,0,0,0,13-FEB-2024,
OPTIDX,NIFTY,28-Mar-2024,23650,PE,0,0,0,1621.9,1730.9,0,0,0,0,13-FEB-2024,
OPTIDX,NIFTY,28-Mar-2024,23700,PE,0,0,0,1662.25,1778.7,0,0,0,0,13-FEB-2024,
OPTIDX,NIFTY,28-Mar-2024,23750,PE,0,0,0,1702.95,1826.65,0,0,0,0,13-FEB-2024,
OPTIDX,NIFTY,28-Mar-2024,23800,PE,0,0,0,1744.05,1874.8,0,0,0,0,13-FEB-2024,
OPTIDX,NIFTY,28-Mar-2024,23850,PE,0,0,0,1785.45,1923.1,0,0,0,0,13-FEB-2024,
OPTIDX,NIFTY,28-Mar-2024,24000,PE,2125.75,2183.95,2006.15,2026.85,2026.85,204,2659.02,254000,-1800,13-FEB-2024,
OPTIDX,NIFTY,28-Mar-2024,25000,PE,3127.85,3165,3015,3020,3054.5,23,322.97,425200,0,13-FEB-2024,
OPTIDX,NIFTY,28-Mar-2024,26000,PE,4110,4110,3970,3970,4046.05,7,105.13,16400,-150,13-FEB-2024,
OPTIDX,NIFTY,28-Mar-2024,27000,PE,4975,4975,4975,4975,5037.95,1,15.98,750,50,13-FEB-2024,
OPTIDX,NIFTY,25-Apr-2024,19600,CE,0,0,0,2149.7,2409.6,0,0,0,0,13-FEB-2024,
OPTIDX,NIFTY,25-Apr-2024,19650,CE,0,0,0,2104.85,2361.25,0,0,0,0,13-FEB-2024,
OPTIDX,NIFTY,25-Apr-2024,19700,CE,0,0,0,2060.25,2313,0,0,0,0,13-FEB-2024,
OPTIDX,NIFTY,25-Apr-2024,19750,CE,0,0,0,2016,2264.85,0,0,0,0,13-FEB-2024,
OPTIDX,NIFTY,25-Apr-2024,19800,CE,0,0,0,1972,2216.9,0,0,0,0,13-FEB-2024,
OPTIDX,NIFTY,25-Apr-2024,19850,CE,0,0,0,1928.35,2169.05,0,0,0,0,13-FEB-2024,
OPTIDX,NIFTY,25-Apr-2024,19900,CE,0,0,0,1885,2121.35,0,0,0,0,13-FEB-2024,
OPTIDX,NIFTY,25-Apr-2024,19950,CE,0,0,0,1842,2073.85,0,0,0,0,13-FEB-2024,
OPTIDX,NIFTY,25-Apr-2024,20000,CE,2029,2129.95,2018,2120.75,2120.75,37,408.05,1900,1400,13-FEB-2024,
OPTIDX,NIFTY,25-Apr-2024,20050,CE,0,0,0,1757.1,1979.4,0,0,0,0,13-FEB-2024,
OPTIDX,NIFTY,25-Apr-2024,20100,CE,0,0,0,1715.15,1932.45,0,0,0,0,13-FEB-2024,
OPTIDX,NIFTY,25-Apr-2024,20150,CE,0,0,0,1673.65,1885.8,0,0,0,0,13-FEB-2024,
OPTIDX,NIFTY,25-Apr-2024,20200,CE,0,0,0,1632.55,1839.4,0,0,0,0,13-FEB-2024,
OPTIDX,NIFTY,25-Apr-2024,20250,CE,0,0,0,1591.85,1793.25,0,0,0,0,13-FEB-2024,
OPTIDX,NIFTY,25-Apr-2024,20300,CE,0,0,0,1551.6,1747.35,0,0,0,0,13-FEB-2024,
OPTIDX,NIFTY,25-Apr-2024,20350,CE,0,0,0,1511.75,1701.8,0,0,0,0,13-FEB-2024,
OPTIDX,NIFTY,25-Apr-2024,20400,CE,0,0,0,1472.35,1656.55,0,0,0,0,13-FEB-2024,
OPTIDX,NIFTY,25-Apr-2024,20450,CE,0,0,0,1433.45,1611.7,0,0,0,0,13-FEB-2024,
OPTIDX,NIFTY,25-Apr-2024,20500,CE,0,0,0,1669,1567.15,0,0,500,0,13-FEB-2024,
OPTIDX,NIFTY,25-Apr-2024,20550,CE,0,0,0,1357.05,1523,0,0,0,0,13-FEB-2024,
OPTIDX,NIFTY,25-Apr-2024,20600,CE,0,0,0,1319.6,1479.25,0,0,0,0,13-FEB-2024,
OPTIDX,NIFTY,25-Apr-2024,20650,CE,0,0,0,1282.65,1435.95,0,0,0,0,13-FEB-2024,
OPTIDX,NIFTY,25-Apr-2024,20700,CE,0,0,0,1247,1393.1,0,0,0,0,13-FEB-2024,
OPTIDX,NIFTY,25-Apr-2024,20750,CE,0,0,0,1211,1350.7,0,0,0,0,13-FEB-2024,
OPTIDX,NIFTY,25-Apr-2024,20800,CE,0,0,0,1174.75,1308.8,0,0,0,0,13-FEB-2024,
OPTIDX,NIFTY,25-Apr-2024,20850,CE,0,0,0,1139.95,1267.4,0,0,0,0,13-FEB-2024,
OPTIDX,NIFTY,25-Apr-2024,20900,CE,0,0,0,1105.75,1226.55,0,0,0,0,13-FEB-2024,
OPTIDX,NIFTY,25-Apr-2024,20950,CE,0,0,0,1072.05,1186.2,0,0,0,0,13-FEB-2024,
OPTIDX,NIFTY,25-Apr-2024,21000,CE,1200,1300,1195,1296.45,1296.45,99,1102.25,25450,2550,13-FEB-2024,
OPTIDX,NIFTY,25-Apr-2024,21050,CE,0,0,0,1006.45,1107.35,0,0,0,0,13-FEB-2024,
OPTIDX,NIFTY,25-Apr-2024,21100,CE,0,0,0,974.55,1068.8,0,0,0,0,13-FEB-2024,
OPTIDX,NIFTY,25-Apr-2024,21150,CE,0,0,0,943.2,1030.95,0,0,0,0,13-FEB-2024,
OPTIDX,NIFTY,25-Apr-2024,21200,CE,0,0,0,912.45,993.7,0,0,0,0,13-FEB-2024,
OPTIDX,NIFTY,25-Apr-2024,21250,CE,1004.1,1104,1004.1,1104,957.1,2,22.3,100,100,13-FEB-2024,
OPTIDX,NIFTY,25-Apr-2024,21300,CE,0,0,0,852.8,921.2,0,0,0,0,13-FEB-2024,
OPTIDX,NIFTY,25-Apr-2024,21350,CE,0,0,0,823.9,886.05,0,0,0,0,13-FEB-2024,
OPTIDX,NIFTY,25-Apr-2024,21400,CE,878.3,878.3,878.3,878.3,851.55,1,11.13,100,50,13-FEB-2024,
OPTIDX,NIFTY,25-Apr-2024,21450,CE,0,0,0,767.95,817.85,0,0,0,0,13-FEB-2024,
OPTIDX,NIFTY,25-Apr-2024,21500,CE,860,941,835,931.85,931.85,97,1086.47,18400,250,13-FEB-2024,
OPTIDX,NIFTY,25-Apr-2024,21550,CE,0,0,0,714.45,752.6,0,0,0,0,13-FEB-2024,
OPTIDX,NIFTY,25-Apr-2024,21600,CE,810.05,868.2,780,851,721.15,69,774.24,3000,500,13-FEB-2024,
OPTIDX,NIFTY,25-Apr-2024,21650,CE,0,0,0,663.45,690.45,0,0,0,0,13-FEB-2024,
OPTIDX,NIFTY,25-Apr-2024,21700,CE,736.1,812,708.95,806.6,806.6,92,1034.25,3900,650,13-FEB-2024,
OPTIDX,NIFTY,25-Apr-2024,21750,CE,730,767.2,730,767.2,631.45,12,134.9,650,550,13-FEB-2024,
OPTIDX,NIFTY,25-Apr-2024,21800,CE,686,747.65,650,745.05,745.05,26,292.62,5100,400,13-FEB-2024,
OPTIDX,NIFTY,25-Apr-2024,21850,CE,0,0,0,568.75,575.65,0,0,0,0,13-FEB-2024,
OPTIDX,NIFTY,25-Apr-2024,21900,CE,660,695,643.95,695,548.95,5,56.41,8150,50,13-FEB-2024,
OPTIDX,NIFTY,25-Apr-2024,21950,CE,0,0,0,826,523.05,0,0,150,0,13-FEB-2024,
OPTIDX,NIFTY,25-Apr-2024,22000,CE,585.05,635,545,625.05,625.05,485,5481.4,77750,2550,13-FEB-2024,
OPTIDX,NIFTY,25-Apr-2024,22050,CE,586,586,580,580,473.65,12,135.78,900,100,13-FEB-2024,
OPTIDX,NIFTY,25-Apr-2024,22100,CE,569,580,517.85,580,580,21,237.96,2100,300,13-FEB-2024,
OPTIDX,NIFTY,25-Apr-2024,22150,CE,0,0,0,445,427.5,0,0,0,0,13-FEB-2024,
OPTIDX,NIFTY,25-Apr-2024,22200,CE,487.1,518,482.6,500,405.65,14,158.82,3300,400,13-FEB-2024,
OPTIDX,NIFTY,25-Apr-2024,22250,CE,0,0,0,408.45,384.55,0,0,0,0,13-FEB-2024,
OPTIDX,NIFTY,25-Apr-2024,22300,CE,425,475,417,475,475,41,466.09,3150,550,13-FEB-2024,
OPTIDX,NIFTY,25-Apr-2024,22350,CE,372.55,425,372.55,425,344.7,6,68.29,250,250,13-FEB-2024,
OPTIDX,NIFTY,25-Apr-2024,22400,CE,398,398,398,398,325.9,2,22.79,2000,100,13-FEB-2024,
OPTIDX,NIFTY,25-Apr-2024,22450,CE,0,0,0,342.1,307.9,0,0,0,0,13-FEB-2024,
OPTIDX,NIFTY,25-Apr-2024,22500,CE,364.95,390.7,334,381.9,381.9,538,6150.85,66350,3950,13-FEB-2024,
OPTIDX,NIFTY,25-Apr-2024,22550,CE,0,0,0,441.3,274.05,0,0,50,0,13-FEB-2024,
OPTIDX,NIFTY,25-Apr-2024,22600,CE,0,0,0,336.1,258.2,0,0,2150,0,13-FEB-2024,
OPTIDX,NIFTY,25-Apr-2024,22650,CE,0,0,0,418.85,243.05,0,0,100,0,13-FEB-2024,
OPTIDX,NIFTY,25-Apr-2024,22700,CE,0,0,0,280,228.6,0,0,450,0,13-FEB-2024,
OPTIDX,NIFTY,25-Apr-2024,22750,CE,0,0,0,279.45,214.8,0,0,400,0,13-FEB-2024,
OPTIDX,NIFTY,25-Apr-2024,22800,CE,250.65,275.9,249,268.55,268.55,18,207.56,3000,150,13-FEB-2024,
OPTIDX,NIFTY,25-Apr-2024,22850,CE,0,0,0,235.4,189.15,0,0,0,0,13-FEB-2024,
OPTIDX,NIFTY,25-Apr-2024,22900,CE,245.55,247.35,235.25,243.25,243.25,7,81,1100,350,13-FEB-2024,
OPTIDX,NIFTY,25-Apr-2024,22950,CE,0,0,0,212.35,165.95,0,0,0,0,13-FEB-2024,
OPTIDX,NIFTY,25-Apr-2024,23000,CE,204.9,230.35,190,218.85,218.85,1056,12255.7,156550,10650,13-FEB-2024,
OPTIDX,NIFTY,25-Apr-2024,23050,CE,0,0,0,191.9,145.05,0,0,0,0,13-FEB-2024,
OPTIDX,NIFTY,25-Apr-2024,23100,CE,154.5,194.55,154.5,194.55,194.55,2,23.27,1600,0,13-FEB-2024,
OPTIDX,NIFTY,25-Apr-2024,23150,CE,0,0,0,173.05,126.35,0,0,0,0,13-FEB-2024,
OPTIDX,NIFTY,25-Apr-2024,23200,CE,0,0,0,164.2,117.75,0,0,0,0,13-FEB-2024,
OPTIDX,NIFTY,25-Apr-2024,23250,CE,0,0,0,138,109.6,0,0,50,0,13-FEB-2024,
OPTIDX,NIFTY,25-Apr-2024,23300,CE,125.1,125.15,125.1,125.15,101.95,5,58.56,450,250,13-FEB-2024,
OPTIDX,NIFTY,25-Apr-2024,23350,CE,100,100,100,100,94.75,1,11.72,150,0,13-FEB-2024,
OPTIDX,NIFTY,25-Apr-2024,23400,CE,0,0,0,149,88,0,0,250,0,13-FEB-2024,
OPTIDX,NIFTY,25-Apr-2024,23450,CE,0,0,0,163,81.6,0,0,100,0,13-FEB-2024,
OPTIDX,NIFTY,25-Apr-2024,23500,CE,111.65,119,99.05,113.35,113.35,895,10565.24,66550,600,13-FEB-2024,
OPTIDX,NIFTY,25-Apr-2024,23550,CE,0,0,0,70.75,70.05,0,0,750,0,13-FEB-2024,
OPTIDX,NIFTY,25-Apr-2024,23600,CE,0,0,0,113.85,64.8,0,0,2400,0,13-FEB-2024,
OPTIDX,NIFTY,25-Apr-2024,23650,CE,0,0,0,103.7,59.9,0,0,600,0,13-FEB-2024,
OPTIDX,NIFTY,25-Apr-2024,23700,CE,80,91.5,77.05,86.75,86.75,42,499.52,9600,150,13-FEB-2024,
OPTIDX,NIFTY,25-Apr-2024,19600,PE,0,0,0,5,7.15,0,0,100,0,13-FEB-2024,
OPTIDX,NIFTY,25-Apr-2024,19650,PE,0,0,0,57.1,8.1,0,0,0,0,13-FEB-2024,
OPTIDX,NIFTY,25-Apr-2024,19700,PE,48.55,58.5,48.55,55,55,10,98.77,450,250,13-FEB-2024,
OPTIDX,NIFTY,25-Apr-2024,19750,PE,0,0,0,74,10.4,0,0,350,0,13-FEB-2024,
OPTIDX,NIFTY,25-Apr-2024,19800,PE,0,0,0,71.65,11.75,0,0,0,0,13-FEB-2024,
OPTIDX,NIFTY,25-Apr-2024,19850,PE,0,0,0,46,13.25,0,0,50,0,13-FEB-2024,
OPTIDX,NIFTY,25-Apr-2024,19900,PE,0,0,0,82.85,14.9,0,0,0,0,13-FEB-2024,
OPTIDX,NIFTY,25-Apr-2024,19950,PE,0,0,0,89,16.7,0,0,0,0,13-FEB-2024,
OPTIDX,NIFTY,25-Apr-2024,20000,PE,83.05,89.6,73.1,74.7,74.7,1216,12208.91,290650,22450,13-FEB-2024,
OPTIDX,NIFTY,25-Apr-2024,20050,PE,0,0,0,102.3,20.95,0,0,0,0,13-FEB-2024,
OPTIDX,NIFTY,25-Apr-2024,20100,PE,0,0,0,45.1,23.35,0,0,50,0,13-FEB-2024,
OPTIDX,NIFTY,25-Apr-2024,20150,PE,0,0,0,117.15,26.05,0,0,0,0,13-FEB-2024,
OPTIDX,NIFTY,25-Apr-2024,20200,PE,0,0,0,125.15,28.95,0,0,0,0,13-FEB-2024,
OPTIDX,NIFTY,25-Apr-2024,20250,PE,0,0,0,133.55,32.15,0,0,0,0,13-FEB-2024,
OPTIDX,NIFTY,25-Apr-2024,20300,PE,0,0,0,142.4,35.6,0,0,0,0,13-FEB-2024,
OPTIDX,NIFTY,25-Apr-2024,20350,PE,0,0,0,151.7,39.4,0,0,0,0,13-FEB-2024,
OPTIDX,NIFTY,25-Apr-2024,20400,PE,0,0,0,161.45,43.5,0,0,0,0,13-FEB-2024,
OPTIDX,NIFTY,25-Apr-2024,20450,PE,0,0,0,171.65,47.95,0,0,0,0,13-FEB-2024,
OPTIDX,NIFTY,25-Apr-2024,20500,PE,140,150.05,126.25,128.25,128.25,1085,11194.78,210150,17700,13-FEB-2024,
OPTIDX,NIFTY,25-Apr-2024,20550,PE,0,0,0,193.5,57.95,0,0,0,0,13-FEB-2024,
OPTIDX,NIFTY,25-Apr-2024,20600,PE,0,0,0,205.2,63.55,0,0,0,0,13-FEB-2024,
OPTIDX,NIFTY,25-Apr-2024,20650,PE,0,0,0,217.35,69.55,0,0,0,0,13-FEB-2024,
OPTIDX,NIFTY,25-Apr-2024,20700,PE,0,0,0,230.8,76.05,0,0,0,0,13-FEB-2024,
OPTIDX,NIFTY,25-Apr-2024,20750,PE,0,0,0,243.95,83,0,0,0,0,13-FEB-2024,
OPTIDX,NIFTY,25-Apr-2024,20800,PE,0,0,0,256.8,90.4,0,0,0,0,13-FEB-2024,
OPTIDX,NIFTY,25-Apr-2024,20850,PE,0,0,0,271.15,98.35,0,0,0,0,13-FEB-2024,
OPTIDX,NIFTY,25-Apr-2024,20900,PE,0,0,0,286.05,106.85,0,0,0,0,13-FEB-2024,
OPTIDX,NIFTY,25-Apr-2024,20950,PE,0,0,0,301.5,115.85,0,0,0,0,13-FEB-2024,
OPTIDX,NIFTY,25-Apr-2024,21000,PE,230.65,252.45,205.25,210.45,210.45,1451,15397.66,207300,17600,13-FEB-2024,
OPTIDX,NIFTY,25-Apr-2024,21050,PE,0,0,0,334.1,135.65,0,0,0,0,13-FEB-2024,
OPTIDX,NIFTY,25-Apr-2024,21100,PE,267,282,267,282,146.5,9,96.16,1650,450,13-FEB-2024,
OPTIDX,NIFTY,25-Apr-2024,21150,PE,0,0,0,369.1,157.95,0,0,0,0,13-FEB-2024,
OPTIDX,NIFTY,25-Apr-2024,21200,PE,183.65,183.65,183.65,183.65,170,1,10.69,50,50,13-FEB-2024,
OPTIDX,NIFTY,25-Apr-2024,21250,PE,0,0,0,191,182.8,0,0,150,0,13-FEB-2024,
OPTIDX,NIFTY,25-Apr-2024,21300,PE,313,313,291.2,291.2,196.25,3,32.39,1250,0,13-FEB-2024,
OPTIDX,NIFTY,25-Apr-2024,21350,PE,283.85,284.2,283.85,284,284,4,43.26,550,200,13-FEB-2024,
OPTIDX,NIFTY,25-Apr-2024,21400,PE,346.2,348.05,307.3,307.3,307.3,53,575.74,3350,-700,13-FEB-2024,
OPTIDX,NIFTY,25-Apr-2024,21450,PE,0,0,0,359.3,240.85,0,0,400,0,13-FEB-2024,
OPTIDX,NIFTY,25-Apr-2024,21500,PE,374.65,397.5,332.75,338.35,338.35,1789,19549.19,100700,-36350,13-FEB-2024,
OPTIDX,NIFTY,25-Apr-2024,21550,PE,0,0,0,368.5,274.35,0,0,1350,0,13-FEB-2024,
OPTIDX,NIFTY,25-Apr-2024,21600,PE,400.5,438.7,364.5,367.45,367.45,81,890.66,6300,-700,13-FEB-2024,
OPTIDX,NIFTY,25-Apr-2024,21650,PE,0,0,0,428.45,310.85,0,0,2100,0,13-FEB-2024,
OPTIDX,NIFTY,25-Apr-2024,21700,PE,459.05,459.05,400,403.65,403.65,98,1083.96,7150,-300,13-FEB-2024,
OPTIDX,NIFTY,25-Apr-2024,21750,PE,420,420,420,420,420,1,11.08,400,0,13-FEB-2024,
OPTIDX,NIFTY,25-Apr-2024,21800,PE,487.75,492.6,435,442.3,442.3,77,856.76,6100,750,13-FEB-2024,
OPTIDX,NIFTY,25-Apr-2024,21850,PE,0,0,0,682.35,393.4,0,0,0,0,13-FEB-2024,
OPTIDX,NIFTY,25-Apr-2024,21900,PE,528.5,534.1,499,500,416,49,549.09,4250,1150,13-FEB-2024,
OPTIDX,NIFTY,25-Apr-2024,21950,PE,0,0,0,539.65,439.45,0,0,400,0,13-FEB-2024,
OPTIDX,NIFTY,25-Apr-2024,22000,PE,558.4,606,510,516.85,516.85,1422,16027.86,155700,13450,13-FEB-2024,
OPTIDX,NIFTY,25-Apr-2024,22050,PE,0,0,0,575,488.75,0,0,100,0,13-FEB-2024,
OPTIDX,NIFTY,25-Apr-2024,22100,PE,0,0,0,494.85,514.65,0,0,100,0,13-FEB-2024,
OPTIDX,NIFTY,25-Apr-2024,22150,PE,0,0,0,853.35,541.3,0,0,0,0,13-FEB-2024,
OPTIDX,NIFTY,25-Apr-2024,22200,PE,0,0,0,650.45,568.75,0,0,3300,0,13-FEB-2024,
OPTIDX,NIFTY,25-Apr-2024,22250,PE,0,0,0,915.05,597,0,0,0,0,13-FEB-2024,
OPTIDX,NIFTY,25-Apr-2024,22300,PE,713.65,713.65,650.1,698.8,626.05,5,57.46,600,100,13-FEB-2024,
OPTIDX,NIFTY,25-Apr-2024,22350,PE,0,0,0,979,655.85,0,0,0,0,13-FEB-2024,
OPTIDX,NIFTY,25-Apr-2024,22400,PE,0,0,0,782.45,686.4,0,0,200,0,13-FEB-2024,
OPTIDX,NIFTY,25-Apr-2024,22450,PE,0,0,0,1045.15,717.7,0,0,0,0,13-FEB-2024,
OPTIDX,NIFTY,25-Apr-2024,22500,PE,830,860,750,766.7,766.7,242,2818.64,43500,3550,13-FEB-2024,
OPTIDX,NIFTY,25-Apr-2024,22550,PE,0,0,0,1113.45,782.55,0,0,0,0,13-FEB-2024,
OPTIDX,NIFTY,25-Apr-2024,22600,PE,0,0,0,1148.4,816.05,0,0,0,0,13-FEB-2024,
OPTIDX,NIFTY,25-Apr-2024,22650,PE,0,0,0,1183.8,850.25,0,0,0,0,13-FEB-2024,
OPTIDX,NIFTY,25-Apr-2024,22700,PE,0,0,0,1219.7,885.1,0,0,0,0,13-FEB-2024,
OPTIDX,NIFTY,25-Apr-2024,22750,PE,0,0,0,1256.1,920.65,0,0,0,0,13-FEB-2024,
OPTIDX,NIFTY,25-Apr-2024,22800,PE,0,0,0,1294,956.85,0,0,0,0,13-FEB-2024,
OPTIDX,NIFTY,25-Apr-2024,22850,PE,0,0,0,1331.45,993.65,0,0,0,0,13-FEB-2024,
OPTIDX,NIFTY,25-Apr-2024,22900,PE,0,0,0,1368.4,1031.1,0,0,0,0,13-FEB-2024,
OPTIDX,NIFTY,25-Apr-2024,22950,PE,0,0,0,1406.65,1069.15,0,0,0,0,13-FEB-2024,
OPTIDX,NIFTY,25-Apr-2024,23000,PE,1185.2,1218.1,1084.85,1090.2,1090.2,140,1690.27,29450,3400,13-FEB-2024,
OPTIDX,NIFTY,25-Apr-2024,23050,PE,0,0,0,1484.45,1146.9,0,0,0,0,13-FEB-2024,
OPTIDX,NIFTY,25-Apr-2024,23100,PE,0,0,0,1070.2,1186.65,0,0,0,0,13-FEB-2024,
OPTIDX,NIFTY,25-Apr-2024,23150,PE,0,0,0,1563.8,1226.9,0,0,0,0,13-FEB-2024,
OPTIDX,NIFTY,25-Apr-2024,23200,PE,0,0,0,1604.1,1267.6,0,0,0,0,13-FEB-2024,
OPTIDX,NIFTY,25-Apr-2024,23250,PE,0,0,0,1644.75,1308.85,0,0,0,0,13-FEB-2024,
OPTIDX,NIFTY,25-Apr-2024,23300,PE,0,0,0,1685.75,1350.55,0,0,0,0,13-FEB-2024,
OPTIDX,NIFTY,25-Apr-2024,23350,PE,0,0,0,1727.15,1392.65,0,0,0,0,13-FEB-2024,
OPTIDX,NIFTY,25-Apr-2024,23400,PE,0,0,0,1768.85,1435.25,0,0,0,0,13-FEB-2024,
OPTIDX,NIFTY,25-Apr-2024,23450,PE,0,0,0,1810.85,1478.2,0,0,0,0,13-FEB-2024,
OPTIDX,NIFTY,25-Apr-2024,23500,PE,1480,1480,1480,1480,1521.55,1,12.49,400,0,13-FEB-2024,
OPTIDX,NIFTY,25-Apr-2024,23550,PE,0,0,0,1895.9,1565.3,0,0,0,0,13-FEB-2024,
OPTIDX,NIFTY,25-Apr-2024,23600,PE,0,0,0,1938.85,1609.4,0,0,0,0,13-FEB-2024,
OPTIDX,NIFTY,25-Apr-2024,23650,PE,0,0,0,1982.1,1653.8,0,0,0,0,13-FEB-2024,
OPTIDX,NIFTY,25-Apr-2024,23700,PE,1700.95,1700.95,1700.95,1700.95,1698.55,1,12.7,150,50,13-FEB-2024,
OPTIDX,NIFTY,27-Jun-2024,15000,CE,0,0,0,4599.25,7113.1,0,0,50,0,13-FEB-2024,
OPTIDX,NIFTY,27-Jun-2024,16000,CE,0,0,0,2666.1,6137.75,0,0,0,0,13-FEB-2024,
OPTIDX,NIFTY,27-Jun-2024,17000,CE,0,0,0,5010.65,5162.5,0,0,50,0,13-FEB-2024,
OPTIDX,NIFTY,27-Jun-2024,18000,CE,4099,4170,4099,4136,4188.15,18,199.21,20650,900,13-FEB-2024,
OPTIDX,NIFTY,27-Jun-2024,18500,CE,0,0,0,3554.75,3702.85,0,0,2825,0,13-FEB-2024,
OPTIDX,NIFTY,27-Jun-2024,19000,CE,3264.65,3325,3264.65,3283.9,3283.9,4,44.56,118100,100,13-FEB-2024,
OPTIDX,NIFTY,27-Jun-2024,20000,CE,2414.35,2476.8,2372,2470,2290.1,28,314.07,192250,100,13-FEB-2024,
OPTIDX,NIFTY,27-Jun-2024,21000,CE,1659.95,1728.95,1612,1718.7,1718.7,122,1382.58,347950,-3050,13-FEB-2024,
OPTIDX,NIFTY,27-Jun-2024,22000,CE,1041.55,1080.25,990,1074.2,1074.2,511,5888.38,395750,-1850,13-FEB-2024,
OPTIDX,NIFTY,27-Jun-2024,23000,CE,589.95,618,560,602.2,602.2,628,7407.65,787250,1350,13-FEB-2024,
OPTIDX,NIFTY,27-Jun-2024,24000,CE,313.95,323.25,291.5,309.1,309.1,686,8337.07,328750,4000,13-FEB-2024,
OPTIDX,NIFTY,27-Jun-2024,25000,CE,144.9,150.5,137,144.15,144.15,405,5091.33,238900,6450,13-FEB-2024,
OPTIDX,NIFTY,27-Jun-2024,26000,CE,63,65.05,59.5,63.55,63.55,333,4339.22,63700,11800,13-FEB-2024,
OPTIDX,NIFTY,27-Jun-2024,27000,CE,0,0,0,331.6,3.4,0,0,0,0,13-FEB-2024,
OPTIDX,NIFTY,27-Jun-2024,14000,PE,0,0,0,3.05,0.05,0,0,7125,0,13-FEB-2024,
OPTIDX,NIFTY,27-Jun-2024,15000,PE,0,0,0,3.05,0.05,0,0,12425,0,13-FEB-2024,
OPTIDX,NIFTY,27-Jun-2024,16000,PE,0,0,0,3.05,0.05,0,0,37950,0,13-FEB-2024,
OPTIDX,NIFTY,27-Jun-2024,17000,PE,40.1,41.8,37.05,40.65,40.65,23,195.95,130600,250,13-FEB-2024,
OPTIDX,NIFTY,27-Jun-2024,18000,PE,64,66.4,53.75,57.6,57.6,311,2808.15,533200,-2400,13-FEB-2024,
OPTIDX,NIFTY,27-Jun-2024,19000,PE,122.95,128.8,110,115.55,115.55,697,6662.64,845100,-8300,13-FEB-2024,
OPTIDX,NIFTY,27-Jun-2024,20000,PE,245.6,257.35,230.25,233.25,233.25,1623,16422.74,1076000,-23100,13-FEB-2024,
OPTIDX,NIFTY,27-Jun-2024,21000,PE,450.95,481.25,430,430.75,430.75,794,8514.39,1144050,-9900,13-FEB-2024,
OPTIDX,NIFTY,27-Jun-2024,22000,PE,806.7,846.7,753.85,757.95,757.95,874,9956.93,988750,-8900,13-FEB-2024,
OPTIDX,NIFTY,27-Jun-2024,23000,PE,1347.5,1370,1240,1252.65,1252.65,160,1943.27,180750,-400,13-FEB-2024,
OPTIDX,NIFTY,27-Jun-2024,24000,PE,1997,1997,1921,1924.8,1815.55,10,129.75,83200,150,13-FEB-2024,
OPTIDX,NIFTY,27-Jun-2024,25000,PE,0,0,0,7199.55,2690.5,0,0,0,0,13-FEB-2024,
OPTIDX,NIFTY,27-Jun-2024,26000,PE,0,0,0,8015.6,3629.8,0,0,0,0,13-FEB-2024,
OPTIDX,NIFTY,27-Jun-2024,27000,PE,0,0,0,8206,4594.4,0,0,0,0,13-FEB-2024,
OPTIDX,NIFTY,26-Sep-2024,16000,CE,0,0,0,4667.4,6398.25,0,0,0,0,13-FEB-2024,
OPTIDX,NIFTY,26-Sep-2024,17000,CE,0,0,0,3800.4,5440,0,0,0,0,13-FEB-2024,
OPTIDX,NIFTY,26-Sep-2024,18000,CE,0,0,0,2994.95,4486.1,0,0,0,0,13-FEB-2024,
OPTIDX,NIFTY,26-Sep-2024,19000,CE,0,0,0,2277.4,3549,0,0,0,0,13-FEB-2024,
OPTIDX,NIFTY,26-Sep-2024,20000,CE,0,0,0,1666.45,2658,0,0,0,0,13-FEB-2024,
OPTIDX,NIFTY,26-Sep-2024,21000,CE,0,0,0,1173.8,1858.95,0,0,0,0,13-FEB-2024,
OPTIDX,NIFTY,26-Sep-2024,22000,CE,1330,1420,1330,1395.65,1395.65,6,70.13,9100,100,13-FEB-2024,
OPTIDX,NIFTY,26-Sep-2024,23000,CE,862.05,897.1,850.2,881.85,709.7,15,179.05,25350,150,13-FEB-2024,
OPTIDX,NIFTY,26-Sep-2024,24000,CE,484,515,484,515,382.95,5,61.26,5250,200,13-FEB-2024,
OPTIDX,NIFTY,26-Sep-2024,25000,CE,260,300,260,280,188.5,11,139.04,5650,200,13-FEB-2024,
OPTIDX,NIFTY,26-Sep-2024,26000,CE,121.05,170,121.05,157,84.9,53,693.34,4500,-1250,13-FEB-2024,
OPTIDX,NIFTY,26-Sep-2024,27000,CE,0,0,0,68.7,35.1,0,0,0,0,13-FEB-2024,
OPTIDX,NIFTY,26-Sep-2024,16000,PE,0,0,0,39.75,0.1,0,0,0,0,13-FEB-2024,
OPTIDX,NIFTY,26-Sep-2024,17000,PE,0,0,0,103.7,0.9,0,0,0,0,13-FEB-2024,
OPTIDX,NIFTY,26-Sep-2024,18000,PE,0,0,0,229.25,6.05,0,0,0,0,13-FEB-2024,
OPTIDX,NIFTY,26-Sep-2024,19000,PE,0,0,0,239.55,28.05,0,0,2850,0,13-FEB-2024,
OPTIDX,NIFTY,26-Sep-2024,20000,PE,0,0,0,762.75,96.05,0,0,0,0,13-FEB-2024,
OPTIDX,NIFTY,26-Sep-2024,21000,PE,520.05,520.05,475.25,480.5,480.5,73,784.9,13600,2200,13-FEB-2024,
OPTIDX,NIFTY,26-Sep-2024,22000,PE,604.85,830.35,604.85,785,785,18,205.2,6100,-50,13-FEB-2024,
OPTIDX,NIFTY,26-Sep-2024,23000,PE,0,0,0,1250,1025,0,0,300,0,13-FEB-2024,
OPTIDX,NIFTY,26-Sep-2024,24000,PE,0,0,0,3149.25,1657.3,0,0,0,0,13-FEB-2024,
OPTIDX,NIFTY,26-Sep-2024,25000,PE,0,0,0,3952.4,2421.95,0,0,0,0,13-FEB-2024,
OPTIDX,NIFTY,26-Sep-2024,26000,PE,0,0,0,4801.5,3277.35,0,0,0,0,13-FEB-2024,
OPTIDX,NIFTY,26-Sep-2024,27000,PE,0,0,0,5681.95,4186.65,0,0,0,0,13-FEB-2024,
OPTIDX,NIFTY,26-Dec-2024,14000,CE,0,0,0,8599,8540.4,0,0,100,0,13-FEB-2024,
OPTIDX,NIFTY,26-Dec-2024,15000,CE,0,0,0,7100,7597.35,0,0,2100,0,13-FEB-2024,
OPTIDX,NIFTY,26-Dec-2024,16000,CE,0,0,0,6440,6654.75,0,0,22000,0,13-FEB-2024,
OPTIDX,NIFTY,26-Dec-2024,17000,CE,0,0,0,5572,5714.2,0,0,18100,0,13-FEB-2024,
OPTIDX,NIFTY,26-Dec-2024,18000,CE,4655,4655,4655,4655,4781.5,1,11.32,24500,50,13-FEB-2024,
OPTIDX,NIFTY,26-Dec-2024,18500,CE,0,0,0,4400,4322.15,0,0,1000,0,13-FEB-2024,
OPTIDX,NIFTY,26-Dec-2024,19000,CE,3880,3925,3852.3,3925,3871,26,297.37,71150,-50,13-FEB-2024,
OPTIDX,NIFTY,26-Dec-2024,20000,CE,3024.4,3118,3024.4,3118,3008.25,16,184.66,75450,50,13-FEB-2024,
OPTIDX,NIFTY,26-Dec-2024,21000,CE,2340,2389.95,2298,2350.5,2350.5,54,630.1,122150,400,13-FEB-2024,
OPTIDX,NIFTY,26-Dec-2024,22000,CE,1670,1738.95,1647,1715,1562.55,42,497.57,182200,-500,13-FEB-2024,
OPTIDX,NIFTY,26-Dec-2024,23000,CE,1155,1194.85,1124,1180.2,1180.2,181,2187.24,163600,-350,13-FEB-2024,
OPTIDX,NIFTY,26-Dec-2024,24000,CE,754,780,744,777.5,777.5,30,371.35,143400,-400,13-FEB-2024,
OPTIDX,NIFTY,26-Dec-2024,25000,CE,475.95,485.5,455,472.95,472.95,92,1171.44,188600,150,13-FEB-2024,
OPTIDX,NIFTY,26-Dec-2024,26000,CE,259,278,258,268.5,268.5,26,341.45,79700,-50,13-FEB-2024,
OPTIDX,NIFTY,26-Dec-2024,27000,CE,146.6,153.9,146.6,153,110.2,21,285.09,40800,50,13-FEB-2024,
OPTIDX,NIFTY,26-Dec-2024,14000,PE,0,0,0,20.5,0.05,0,0,3300,0,13-FEB-2024,
OPTIDX,NIFTY,26-Dec-2024,15000,PE,0,0,0,5.45,0.05,0,0,28250,0,13-FEB-2024,
OPTIDX,NIFTY,26-Dec-2024,16000,PE,0,0,0,24.3,0.5,0,0,17050,0,13-FEB-2024,
OPTIDX,NIFTY,26-Dec-2024,17000,PE,69.2,78.05,69.2,70.55,70.55,85,725.59,71700,-700,13-FEB-2024,
OPTIDX,NIFTY,26-Dec-2024,18000,PE,117.85,128.05,115.2,120.5,120.5,80,724.81,263150,2550,13-FEB-2024,
OPTIDX,NIFTY,26-Dec-2024,19000,PE,205,212,196,198,198,109,1046.45,431800,-1650,13-FEB-2024,
OPTIDX,NIFTY,26-Dec-2024,20000,PE,330,347.3,320.6,323.4,323.4,219,2225.85,550550,50,13-FEB-2024,
OPTIDX,NIFTY,26-Dec-2024,21000,PE,542.95,552.8,511.3,515.4,515.4,325,3498.14,946050,550,13-FEB-2024,
OPTIDX,NIFTY,26-Dec-2024,22000,PE,863.1,884,810.5,814.45,814.45,356,4064.86,452300,3850,13-FEB-2024,
OPTIDX,NIFTY,26-Dec-2024,23000,PE,1236.55,1290,1204,1215.05,1215.05,266,3224.22,131550,2800,13-FEB-2024,
OPTIDX,NIFTY,26-Dec-2024,24000,PE,1769.4,1788,1740,1741,1535.15,12,154.51,37000,-50,13-FEB-2024,
OPTIDX,NIFTY,26-Dec-2024,25000,PE,2362.05,2362.05,2362.05,2362.05,2212.2,1,13.68,11000,0,13-FEB-2024,
OPTIDX,NIFTY,26-Dec-2024,26000,PE,0,0,0,3149,2986.45,0,0,100,0,13-FEB-2024,
OPTIDX,NIFTY,26-Dec-2024,27000,PE,0,0,0,4500,3829.6,0,0,50,0,13-FEB-2024,
OPTIDX,NIFTY,26-Jun-2025,16000,CE,0,0,0,3227.55,7156.15,0,0,0,0,13-FEB-2024,
OPTIDX,NIFTY,26-Jun-2025,17000,CE,0,0,0,4165.5,6251.1,0,0,2750,0,13-FEB-2024,
OPTIDX,NIFTY,26-Jun-2025,18000,CE,0,0,0,3934,5358.4,0,0,2200,0,13-FEB-2024,
OPTIDX,NIFTY,26-Jun-2025,19000,CE,0,0,0,3077.9,4491.05,0,0,0,0,13-FEB-2024,
OPTIDX,NIFTY,26-Jun-2025,20000,CE,0,0,0,3180.85,3667.6,0,0,0,0,13-FEB-2024,
OPTIDX,NIFTY,26-Jun-2025,21000,CE,0,0,0,3199.45,2909.8,0,0,0,0,13-FEB-2024,
OPTIDX,NIFTY,26-Jun-2025,22000,CE,0,0,0,2088.15,2237.75,0,0,0,0,13-FEB-2024,
OPTIDX,NIFTY,26-Jun-2025,23000,CE,0,0,0,2003.65,1666,0,0,0,0,13-FEB-2024,
OPTIDX,NIFTY,26-Jun-2025,24000,CE,0,0,0,1100.85,1200.15,0,0,0,0,13-FEB-2024,
OPTIDX,NIFTY,26-Jun-2025,25000,CE,0,0,0,945.65,836.75,0,0,0,0,13-FEB-2024,
OPTIDX,NIFTY,26-Jun-2025,26000,CE,0,0,0,811.85,565.15,0,0,0,0,13-FEB-2024,
OPTIDX,NIFTY,26-Jun-2025,27000,CE,0,0,0,803.5,370.2,0,0,0,0,13-FEB-2024,
OPTIDX,NIFTY,26-Jun-2025,14000,PE,0,0,0,42.35,0.1,0,0,675,0,13-FEB-2024,
OPTIDX,NIFTY,26-Jun-2025,15000,PE,0,0,0,134,0.5,0,0,1800,0,13-FEB-2024,
OPTIDX,NIFTY,26-Jun-2025,16000,PE,0,0,0,129.2,2.45,0,0,100,0,13-FEB-2024,
OPTIDX,NIFTY,26-Jun-2025,17000,PE,0,0,0,3497.35,9.3,0,0,0,0,13-FEB-2024,
OPTIDX,NIFTY,26-Jun-2025,18000,PE,0,0,0,3586.15,28.45,0,0,0,0,13-FEB-2024,
OPTIDX,NIFTY,26-Jun-2025,19000,PE,0,0,0,3210.95,72.9,0,0,0,0,13-FEB-2024,
OPTIDX,NIFTY,26-Jun-2025,20000,PE,0,0,0,599.8,161.35,0,0,900,0,13-FEB-2024,
OPTIDX,NIFTY,26-Jun-2025,21000,PE,0,0,0,3070.85,315.35,0,0,0,0,13-FEB-2024,
OPTIDX,NIFTY,26-Jun-2025,22000,PE,0,0,0,3957.4,555.2,0,0,0,0,13-FEB-2024,
OPTIDX,NIFTY,26-Jun-2025,23000,PE,0,0,0,1170,895.3,0,0,0,0,13-FEB-2024,
OPTIDX,NIFTY,26-Jun-2025,24000,PE,0,0,0,5875.1,1341.3,0,0,0,0,13-FEB-2024,
OPTIDX,NIFTY,26-Jun-2025,25000,PE,0,0,0,6576.35,1889.75,0,0,0,0,13-FEB-2024,
OPTIDX,NIFTY,26-Jun-2025,26000,PE,0,0,0,7299,2530,0,0,0,0,13-FEB-2024,
OPTIDX,NIFTY,26-Jun-2025,27000,PE,0,0,0,7438.15,3246.9,0,0,0,0,13-FEB-2024,
OPTIDX,NIFTY,24-Dec-2025,16000,CE,0,0,0,7200,7639.25,0,0,50,0,13-FEB-2024,
OPTIDX,NIFTY,24-Dec-2025,17000,CE,0,0,0,5080,6767.9,0,0,650,0,13-FEB-2024,
OPTIDX,NIFTY,24-Dec-2025,18000,CE,0,0,0,6099.95,5910.35,0,0,5650,0,13-FEB-2024,
OPTIDX,NIFTY,24-Dec-2025,19000,CE,0,0,0,5050,5077.4,0,0,3200,0,13-FEB-2024,
OPTIDX,NIFTY,24-Dec-2025,19500,CE,0,0,0,3200,4674.4,0,0,1300,0,13-FEB-2024,
OPTIDX,NIFTY,24-Dec-2025,20000,CE,0,0,0,3800,4282.85,0,0,300,0,13-FEB-2024,
OPTIDX,NIFTY,24-Dec-2025,21000,CE,0,0,0,1400,3541.95,0,0,100,0,13-FEB-2024,
OPTIDX,NIFTY,24-Dec-2025,22000,CE,2800.05,2800.05,2800.05,2800.05,2868.85,1,12.4,650,50,13-FEB-2024,
OPTIDX,NIFTY,24-Dec-2025,23000,CE,0,0,0,2350,2274.5,0,0,2600,0,13-FEB-2024,
OPTIDX,NIFTY,24-Dec-2025,24000,CE,0,0,0,1396.05,1764.8,0,0,0,0,13-FEB-2024,
OPTIDX,NIFTY,24-Dec-2025,25000,CE,0,0,0,1222.85,1340.5,0,0,0,0,13-FEB-2024,
OPTIDX,NIFTY,24-Dec-2025,26000,CE,0,0,0,1070.85,997.35,0,0,0,0,13-FEB-2024,
OPTIDX,NIFTY,24-Dec-2025,27000,CE,0,0,0,1071,727.35,0,0,0,0,13-FEB-2024,
OPTIDX,NIFTY,24-Dec-2025,13000,PE,0,0,0,400,0.05,0,0,150,0,13-FEB-2024,
OPTIDX,NIFTY,24-Dec-2025,15000,PE,0,0,0,62.15,1.5,0,0,1100,0,13-FEB-2024,
OPTIDX,NIFTY,24-Dec-2025,16000,PE,0,0,0,139.95,5.3,0,0,2150,0,13-FEB-2024,
OPTIDX,NIFTY,24-Dec-2025,16500,PE,0,0,0,38.15,9.35,0,0,2600,0,13-FEB-2024,
OPTIDX,NIFTY,24-Dec-2025,17000,PE,0,0,0,155.05,15.8,0,0,2400,0,13-FEB-2024,
OPTIDX,NIFTY,24-Dec-2025,18000,PE,0,0,0,324.95,40.1,0,0,3050,0,13-FEB-2024,
OPTIDX,NIFTY,24-Dec-2025,19000,PE,0,0,0,133.1,88.95,0,0,3900,0,13-FEB-2024,
OPTIDX,NIFTY,24-Dec-2025,20000,PE,0,0,0,572,176.25,0,0,4500,0,13-FEB-2024,
OPTIDX,NIFTY,24-Dec-2025,21000,PE,0,0,0,701,317.2,0,0,3200,0,13-FEB-2024,
OPTIDX,NIFTY,24-Dec-2025,22000,PE,0,0,0,1099,525.95,0,0,2550,0,13-FEB-2024,
OPTIDX,NIFTY,24-Dec-2025,23000,PE,0,0,0,1150,813.4,0,0,1450,0,13-FEB-2024,
OPTIDX,NIFTY,24-Dec-2025,24000,PE,0,0,0,5649,1185.55,0,0,0,0,13-FEB-2024,
OPTIDX,NIFTY,24-Dec-2025,25000,PE,0,0,0,6310.55,1643.1,0,0,0,0,13-FEB-2024,
OPTIDX,NIFTY,24-Dec-2025,26000,PE,0,0,0,6993.25,2181.75,0,0,0,0,13-FEB-2024,
OPTIDX,NIFTY,24-Dec-2025,27000,PE,0,0,0,7112.8,2793.6,0,0,0,0,13-FEB-2024,
OPTIDX,NIFTY,25-Jun-2026,12000,CE,0,0,0,8690,11513.4,0,0,50,0,13-FEB-2024,
OPTIDX,NIFTY,25-Jun-2026,16000,CE,0,0,0,4748.3,8111.65,0,0,0,0,13-FEB-2024,
OPTIDX,NIFTY,25-Jun-2026,17000,CE,0,0,0,4348.25,7272.15,0,0,0,0,13-FEB-2024,
OPTIDX,NIFTY,25-Jun-2026,18000,CE,0,0,0,4150,6446.5,0,0,200,0,13-FEB-2024,
OPTIDX,NIFTY,25-Jun-2026,19000,CE,0,0,0,2872.25,5643.4,0,0,100,0,13-FEB-2024,
OPTIDX,NIFTY,25-Jun-2026,20000,CE,0,0,0,3829.5,4873.6,0,0,0,0,13-FEB-2024,
OPTIDX,NIFTY,25-Jun-2026,21000,CE,0,0,0,3881.9,4148.35,0,0,0,0,13-FEB-2024,
OPTIDX,NIFTY,25-Jun-2026,22000,CE,0,0,0,2722.55,3478.4,0,0,0,0,13-FEB-2024,
OPTIDX,NIFTY,25-Jun-2026,23000,CE,0,0,0,2645.65,2872.3,0,0,0,0,13-FEB-2024,
OPTIDX,NIFTY,25-Jun-2026,24000,CE,0,0,0,1698.3,2335.75,0,0,0,0,13-FEB-2024,
OPTIDX,NIFTY,25-Jun-2026,25000,CE,0,0,0,1510.4,1870.95,0,0,0,0,13-FEB-2024,
OPTIDX,NIFTY,25-Jun-2026,26000,CE,0,0,0,1343.15,1476.75,0,0,0,0,13-FEB-2024,
OPTIDX,NIFTY,25-Jun-2026,27000,CE,0,0,0,1352.8,1149.2,0,0,0,0,13-FEB-2024,
OPTIDX,NIFTY,25-Jun-2026,12000,PE,0,0,0,10.05,0.05,0,0,500,0,13-FEB-2024,
OPTIDX,NIFTY,25-Jun-2026,13000,PE,0,0,0,45.25,0.15,0,0,200,0,13-FEB-2024,
OPTIDX,NIFTY,25-Jun-2026,14000,PE,0,0,0,300,0.75,0,0,100,0,13-FEB-2024,
OPTIDX,NIFTY,25-Jun-2026,15000,PE,0,0,0,105.5,2.75,0,0,850,0,13-FEB-2024,
OPTIDX,NIFTY,25-Jun-2026,16000,PE,0,0,0,54.8,8.2,0,0,500,0,13-FEB-2024,
OPTIDX,NIFTY,25-Jun-2026,17000,PE,0,0,0,2627.25,21.2,0,0,0,0,13-FEB-2024,
OPTIDX,NIFTY,25-Jun-2026,18000,PE,0,0,0,3088.05,48,0,0,0,0,13-FEB-2024,
OPTIDX,NIFTY,25-Jun-2026,19000,PE,0,0,0,140.45,97.45,0,0,100,0,13-FEB-2024,
OPTIDX,NIFTY,25-Jun-2026,20000,PE,0,0,0,3159.75,180.1,0,0,0,0,13-FEB-2024,
OPTIDX,NIFTY,25-Jun-2026,21000,PE,0,0,0,3065.6,307.35,0,0,0,0,13-FEB-2024,
OPTIDX,NIFTY,25-Jun-2026,22000,PE,0,0,0,3829.5,489.9,0,0,0,0,13-FEB-2024,
OPTIDX,NIFTY,25-Jun-2026,23000,PE,0,0,0,4171.75,736.3,0,0,0,0,13-FEB-2024,
OPTIDX,NIFTY,25-Jun-2026,24000,PE,0,0,0,5437.7,1052.2,0,0,0,0,13-FEB-2024,
OPTIDX,NIFTY,25-Jun-2026,25000,PE,0,0,0,6063.1,1439.9,0,0,0,0,13-FEB-2024,
OPTIDX,NIFTY,25-Jun-2026,26000,PE,0,0,0,6709.2,1898.2,0,0,0,0,13-FEB-2024,
OPTIDX,NIFTY,25-Jun-2026,27000,PE,0,0,0,6810.7,2423.15,0,0,0,0,13-FEB-2024,
OPTIDX,NIFTY,31-Dec-2026,16000,CE,0,0,0,6200,8582.75,0,0,50,0,13-FEB-2024,
OPTIDX,NIFTY,31-Dec-2026,17000,CE,0,0,0,4955.1,7774,0,0,0,0,13-FEB-2024,
OPTIDX,NIFTY,31-Dec-2026,18000,CE,0,0,0,4501.45,6978.4,0,0,0,0,13-FEB-2024,
OPTIDX,NIFTY,31-Dec-2026,19000,CE,0,0,0,4999,6203.15,0,0,200,0,13-FEB-2024,
OPTIDX,NIFTY,31-Dec-2026,20000,CE,0,0,0,3704.3,5456.45,0,0,0,0,13-FEB-2024,
OPTIDX,NIFTY,31-Dec-2026,21000,CE,0,0,0,3356.25,4747.2,0,0,0,0,13-FEB-2024,
OPTIDX,NIFTY,31-Dec-2026,22000,CE,0,0,0,3039,4083.65,0,0,0,0,13-FEB-2024,
OPTIDX,NIFTY,31-Dec-2026,23000,CE,0,0,0,2020,3472.8,0,0,500,0,13-FEB-2024,
OPTIDX,NIFTY,31-Dec-2026,24000,CE,0,0,0,2010.65,2919.8,0,0,0,0,13-FEB-2024,
OPTIDX,NIFTY,31-Dec-2026,25000,CE,0,0,0,1811.2,2427.4,0,0,0,0,13-FEB-2024,
OPTIDX,NIFTY,31-Dec-2026,26000,CE,0,0,0,1631.05,1996.05,0,0,0,0,13-FEB-2024,
OPTIDX,NIFTY,31-Dec-2026,27000,CE,0,0,0,1651.65,1624.15,0,0,0,0,13-FEB-2024,
OPTIDX,NIFTY,31-Dec-2026,12000,PE,0,0,0,250.1,0.05,0,0,600,0,13-FEB-2024,
OPTIDX,NIFTY,31-Dec-2026,13000,PE,0,0,0,450,0.35,0,0,200,0,13-FEB-2024,
OPTIDX,NIFTY,31-Dec-2026,14000,PE,0,0,0,500,1.3,0,0,950,0,13-FEB-2024,
OPTIDX,NIFTY,31-Dec-2026,15000,PE,0,0,0,118.9,4.05,0,0,2200,0,13-FEB-2024,
OPTIDX,NIFTY,31-Dec-2026,16000,PE,0,0,0,73.05,10.8,0,0,2450,0,13-FEB-2024,
OPTIDX,NIFTY,31-Dec-2026,17000,PE,0,0,0,70,25.25,0,0,2650,0,13-FEB-2024,
OPTIDX,NIFTY,31-Dec-2026,18000,PE,0,0,0,374.15,52.9,0,0,6350,0,13-FEB-2024,
OPTIDX,NIFTY,31-Dec-2026,19000,PE,0,0,0,139.95,100.8,0,0,3250,0,13-FEB-2024,
OPTIDX,NIFTY,31-Dec-2026,20000,PE,0,0,0,600,177.35,0,0,3750,0,13-FEB-2024,
OPTIDX,NIFTY,31-Dec-2026,21000,PE,0,0,0,649,291.3,0,0,850,0,13-FEB-2024,
OPTIDX,NIFTY,31-Dec-2026,22000,PE,0,0,0,609.65,450.95,0,0,100,0,13-FEB-2024,
OPTIDX,NIFTY,31-Dec-2026,23000,PE,0,0,0,957.4,663.3,0,0,6200,0,13-FEB-2024,
OPTIDX,NIFTY,31-Dec-2026,24000,PE,0,0,0,5233.45,933.5,0,0,0,0,13-FEB-2024,
OPTIDX,NIFTY,31-Dec-2026,25000,PE,0,0,0,5825.75,1264.3,0,0,0,0,13-FEB-2024,
OPTIDX,NIFTY,31-Dec-2026,26000,PE,0,0,0,6437.4,1656.2,0,0,0,0,13-FEB-2024,
OPTIDX,NIFTY,31-Dec-2026,27000,PE,0,0,0,6522.3,2107.45,0,0,0,0,13-FEB-2024,
OPTIDX,NIFTY,24-Jun-2027,16000,CE,0,0,0,4898.4,9004.05,0,0,0,0,13-FEB-2024,
OPTIDX,NIFTY,24-Jun-2027,17000,CE,0,0,0,4464.7,8222.15,0,0,0,0,13-FEB-2024,
OPTIDX,NIFTY,24-Jun-2027,18000,CE,0,0,0,4066.45,7452.5,0,0,0,0,13-FEB-2024,
OPTIDX,NIFTY,24-Jun-2027,19000,CE,0,0,0,3701.25,6701.1,0,0,100,0,13-FEB-2024,
OPTIDX,NIFTY,24-Jun-2027,20000,CE,0,0,0,3367.05,5974.65,0,0,0,0,13-FEB-2024,
OPTIDX,NIFTY,24-Jun-2027,21000,CE,0,0,0,3061.8,5280.3,0,0,0,0,13-FEB-2024,
OPTIDX,NIFTY,24-Jun-2027,22000,CE,0,0,0,2783.5,4624.85,0,0,0,0,13-FEB-2024,
OPTIDX,NIFTY,24-Jun-2027,23000,CE,0,0,0,2530.05,4014.2,0,0,0,0,13-FEB-2024,
OPTIDX,NIFTY,24-Jun-2027,24000,CE,0,0,0,2299.55,3452.85,0,0,0,0,13-FEB-2024,
OPTIDX,NIFTY,24-Jun-2027,25000,CE,0,0,0,2090.05,2943.8,0,0,0,0,13-FEB-2024,
OPTIDX,NIFTY,24-Jun-2027,26000,CE,0,0,0,1900.85,2488.2,0,0,0,0,13-FEB-2024,
OPTIDX,NIFTY,24-Jun-2027,27000,CE,0,0,0,1932.5,2085.65,0,0,0,0,13-FEB-2024,
OPTIDX,NIFTY,24-Jun-2027,16000,PE,0,0,0,1476.1,12.7,0,0,0,0,13-FEB-2024,
OPTIDX,NIFTY,24-Jun-2027,17000,PE,0,0,0,1814.75,27.75,0,0,0,0,13-FEB-2024,
OPTIDX,NIFTY,24-Jun-2027,18000,PE,0,0,0,2188.9,55.1,0,0,0,0,13-FEB-2024,
OPTIDX,NIFTY,24-Jun-2027,19000,PE,0,0,0,170,100.7,0,0,250,0,13-FEB-2024,
OPTIDX,NIFTY,24-Jun-2027,20000,PE,0,0,0,3034.2,171.25,0,0,0,0,13-FEB-2024,
OPTIDX,NIFTY,24-Jun-2027,21000,PE,0,0,0,3501.35,273.9,0,0,0,0,13-FEB-2024,
OPTIDX,NIFTY,24-Jun-2027,22000,PE,0,0,0,3995.4,415.4,0,0,0,0,13-FEB-2024,
OPTIDX,NIFTY,24-Jun-2027,23000,PE,0,0,0,4514.3,601.75,0,0,0,0,13-FEB-2024,
OPTIDX,NIFTY,24-Jun-2027,24000,PE,0,0,0,5056.2,837.45,0,0,0,0,13-FEB-2024,
OPTIDX,NIFTY,24-Jun-2027,25000,PE,0,0,0,5619.05,1125.35,0,0,0,0,13-FEB-2024,
OPTIDX,NIFTY,24-Jun-2027,26000,PE,0,0,0,6202.2,1466.75,0,0,0,0,13-FEB-2024,
OPTIDX,NIFTY,24-Jun-2027,27000,PE,0,0,0,6273.45,1861.2,0,0,0,0,13-FEB-2024,
OPTIDX,NIFTY,30-Dec-2027,16000,CE,0,0,0,7354.45,9443.55,0,0,0,0,13-FEB-2024,
OPTIDX,NIFTY,30-Dec-2027,17000,CE,0,0,0,6805.5,8689.1,0,0,0,0,13-FEB-2024,
OPTIDX,NIFTY,30-Dec-2027,18000,CE,0,0,0,6285.7,7945.9,0,0,0,0,13-FEB-2024,
OPTIDX,NIFTY,30-Dec-2027,19000,CE,0,0,0,5794.9,7218.8,0,0,0,0,13-FEB-2024,
OPTIDX,NIFTY,30-Dec-2027,20000,CE,0,0,0,5333.85,6513.4,0,0,0,0,13-FEB-2024,
OPTIDX,NIFTY,30-Dec-2027,21000,CE,0,0,0,4902.4,5835.45,0,0,0,0,13-FEB-2024,
OPTIDX,NIFTY,30-Dec-2027,22000,CE,0,0,0,4499.55,5190.5,0,0,0,0,13-FEB-2024,
OPTIDX,NIFTY,30-Dec-2027,23000,CE,0,0,0,4125.7,4583.5,0,0,0,0,13-FEB-2024,
OPTIDX,NIFTY,30-Dec-2027,24000,CE,0,0,0,3778.95,4018.5,0,0,0,0,13-FEB-2024,
OPTIDX,NIFTY,30-Dec-2027,25000,CE,0,0,0,3458.35,3498.35,0,0,0,0,13-FEB-2024,
OPTIDX,NIFTY,30-Dec-2027,26000,CE,0,0,0,3162.4,3024.65,0,0,0,0,13-FEB-2024,
OPTIDX,NIFTY,30-Dec-2027,27000,CE,0,0,0,2889.8,2597.8,0,0,0,0,13-FEB-2024,
OPTIDX,NIFTY,30-Dec-2027,15000,PE,0,0,0,27.8,6.15,0,0,350,0,13-FEB-2024,
OPTIDX,NIFTY,30-Dec-2027,16000,PE,0,0,0,479.35,14.15,0,0,0,0,13-FEB-2024,
OPTIDX,NIFTY,30-Dec-2027,17000,PE,0,0,0,514,29.35,0,0,14250,0,13-FEB-2024,
OPTIDX,NIFTY,30-Dec-2027,18000,PE,0,0,0,74.8,55.75,0,0,10500,0,13-FEB-2024,
OPTIDX,NIFTY,30-Dec-2027,19000,PE,0,0,0,760,98.3,0,0,700,0,13-FEB-2024,
OPTIDX,NIFTY,30-Dec-2027,20000,PE,694,694,694,694,694,1,10.34,2050,0,13-FEB-2024,
OPTIDX,NIFTY,30-Dec-2027,21000,PE,0,0,0,1563.55,254.15,0,0,0,0,13-FEB-2024,
OPTIDX,NIFTY,30-Dec-2027,22000,PE,0,0,0,1867.9,378.8,0,0,0,0,13-FEB-2024,
OPTIDX,NIFTY,30-Dec-2027,23000,PE,0,0,0,2201.3,541.45,0,0,0,0,13-FEB-2024,
OPTIDX,NIFTY,30-Dec-2027,24000,PE,0,0,0,2561.85,746.05,0,0,0,0,13-FEB-2024,
OPTIDX,NIFTY,30-Dec-2027,25000,PE,0,0,0,2948.45,995.5,0,0,0,0,13-FEB-2024,
OPTIDX,NIFTY,30-Dec-2027,26000,PE,0,0,0,3359.75,1291.45,0,0,0,0,13-FEB-2024,
OPTIDX,NIFTY,30-Dec-2027,27000,PE,0,0,0,3794.4,1634.2,0,0,0,0,13-FEB-2024,
OPTIDX,NIFTY,29-Jun-2028,16000,CE,0,0,0,8002.3,9852,0,0,0,0,13-FEB-2024,
OPTIDX,NIFTY,29-Jun-2028,17000,CE,0,0,0,7393.45,9122.8,0,0,0,0,13-FEB-2024,
OPTIDX,NIFTY,29-Jun-2028,18000,CE,0,0,0,6809.35,8403.75,0,0,0,0,13-FEB-2024,
OPTIDX,NIFTY,29-Jun-2028,19000,CE,0,0,0,6252.25,7699.1,0,0,0,0,13-FEB-2024,
OPTIDX,NIFTY,29-Jun-2028,20000,CE,0,0,0,5724.65,7013.35,0,0,0,0,13-FEB-2024,
OPTIDX,NIFTY,29-Jun-2028,21000,CE,0,0,0,5226.55,6351.35,0,0,0,0,13-FEB-2024,
OPTIDX,NIFTY,29-Jun-2028,22000,CE,0,0,0,4759.5,5717.8,0,0,0,0,13-FEB-2024,
OPTIDX,NIFTY,29-Jun-2028,23000,CE,0,0,0,4323.1,5116.9,0,0,0,0,13-FEB-2024,
OPTIDX,NIFTY,29-Jun-2028,24000,CE,0,0,0,3918.85,4552.2,0,0,0,0,13-FEB-2024,
OPTIDX,NIFTY,29-Jun-2028,25000,CE,0,0,0,3545.15,4026.45,0,0,0,0,13-FEB-2024,
OPTIDX,NIFTY,29-Jun-2028,26000,CE,0,0,0,3200.9,3541.4,0,0,0,0,13-FEB-2024,
OPTIDX,NIFTY,29-Jun-2028,27000,CE,0,0,0,2885.15,3097.8,0,0,0,0,13-FEB-2024,
OPTIDX,NIFTY,29-Jun-2028,16000,PE,0,0,0,194.2,15.05,0,0,0,0,13-FEB-2024,
OPTIDX,NIFTY,29-Jun-2028,17000,PE,0,0,0,283.1,30,0,0,0,0,13-FEB-2024,
OPTIDX,NIFTY,29-Jun-2028,18000,PE,0,0,0,396.75,55.1,0,0,0,0,13-FEB-2024,
OPTIDX,NIFTY,29-Jun-2028,19000,PE,0,0,0,537.45,94.55,0,0,0,0,13-FEB-2024,
OPTIDX,NIFTY,29-Jun-2028,20000,PE,0,0,0,707.55,153,0,0,0,0,13-FEB-2024,
OPTIDX,NIFTY,29-Jun-2028,21000,PE,0,0,0,907.2,235.15,0,0,0,0,13-FEB-2024,
OPTIDX,NIFTY,29-Jun-2028,22000,PE,0,0,0,1137.9,345.7,0,0,0,0,13-FEB-2024,
OPTIDX,NIFTY,29-Jun-2028,23000,PE,0,0,0,1399.25,488.95,0,0,0,0,13-FEB-2024,
OPTIDX,NIFTY,29-Jun-2028,24000,PE,0,0,0,1692.75,668.4,0,0,0,0,13-FEB-2024,
OPTIDX,NIFTY,29-Jun-2028,25000,PE,0,0,0,2016.8,886.8,0,0,0,0,13-FEB-2024,
OPTIDX,NIFTY,29-Jun-2028,26000,PE,0,0,0,2370.3,1145.9,0,0,0,0,13-FEB-2024,
OPTIDX,NIFTY,29-Jun-2028,27000,PE,0,0,0,2752.35,1446.45,0,0,0,0,13-FEB-2024,
OPTIDX,NIFTY,28-Dec-2028,16000,CE,0,0,0,10704.45,10246.6,0,0,0,0,13-FEB-2024,
OPTIDX,NIFTY,28-Dec-2028,17000,CE,0,0,0,10036.4,9541.5,0,0,0,0,13-FEB-2024,
OPTIDX,NIFTY,28-Dec-2028,18000,CE,0,0,0,9380.3,8845.6,0,0,0,0,13-FEB-2024,
OPTIDX,NIFTY,28-Dec-2028,19000,CE,0,0,0,8739,8162.5,0,0,0,0,13-FEB-2024,
OPTIDX,NIFTY,28-Dec-2028,20000,CE,0,0,0,8115.5,7495.95,0,0,0,0,13-FEB-2024,
OPTIDX,NIFTY,28-Dec-2028,21000,CE,0,0,0,7512.5,6850.1,0,0,0,0,13-FEB-2024,
OPTIDX,NIFTY,28-Dec-2028,22000,CE,0,0,0,6932.45,6228.9,0,0,0,0,13-FEB-2024,
OPTIDX,NIFTY,28-Dec-2028,23000,CE,0,0,0,6377.6,5635.95,0,0,0,0,13-FEB-2024,
OPTIDX,NIFTY,28-Dec-2028,24000,CE,0,0,0,5850.3,5074.45,0,0,0,0,13-FEB-2024,
OPTIDX,NIFTY,28-Dec-2028,25000,CE,0,0,0,5350.4,4546.85,0,0,0,0,13-FEB-2024,
OPTIDX,NIFTY,28-Dec-2028,26000,CE,0,0,0,4879.7,4055,0,0,0,0,13-FEB-2024,
OPTIDX,NIFTY,28-Dec-2028,27000,CE,0,0,0,4437.95,3599.95,0,0,0,0,13-FEB-2024,
OPTIDX,NIFTY,28-Dec-2028,16000,PE,0,0,0,39.6,15.55,0,0,0,0,13-FEB-2024,
OPTIDX,NIFTY,28-Dec-2028,17000,PE,0,0,0,66.15,30,0,0,0,0,13-FEB-2024,
OPTIDX,NIFTY,28-Dec-2028,18000,PE,0,0,0,104.65,53.65,0,0,0,0,13-FEB-2024,
OPTIDX,NIFTY,28-Dec-2028,19000,PE,0,0,0,158,90,0,0,0,0,13-FEB-2024,
OPTIDX,NIFTY,28-Dec-2028,20000,PE,0,0,0,229.1,143,0,0,0,0,13-FEB-2024,
OPTIDX,NIFTY,28-Dec-2028,21000,PE,0,0,0,320.7,216.7,0,0,0,0,13-FEB-2024,
OPTIDX,NIFTY,28-Dec-2028,22000,PE,0,0,0,435.3,315,0,0,0,0,13-FEB-2024,
OPTIDX,NIFTY,28-Dec-2028,23000,PE,0,0,0,575.05,441.55,0,0,0,0,13-FEB-2024,
OPTIDX,NIFTY,28-Dec-2028,24000,PE,0,0,0,742.35,599.55,0,0,0,0,13-FEB-2024,
OPTIDX,NIFTY,28-Dec-2028,25000,PE,0,0,0,937.05,791.5,0,0,0,0,13-FEB-2024,
OPTIDX,NIFTY,28-Dec-2028,26000,PE,0,0,0,1160.95,1019.15,0,0,0,0,13-FEB-2024,
OPTIDX,NIFTY,28-Dec-2028,27000,PE,0,0,0,1413.85,1283.6,0,0,0,0,13-FEB-2024,
