INSTRUMENT,SYMBOL,EXPIRY_DT,STRIKE_PR,OPTION_TYP,OPEN,HIGH,LOW,CLOSE,SETTLE_PR,CONTRACTS,VAL_INLAKH,OPEN_INT,CHG_IN_OI,TIMESTAMP,
FUTIDX,NIFTY,25-Jan-2024,0,XX,22050.2,22149.9,21995,22133.3,22133.3,103458,1142369.45,12384650,454550,15-JAN-2024,
FUTIDX,NIFTY,29-Feb-2024,0,XX,22180,22286.8,22135,22274,22274,16086,178712.52,1695750,210000,15-JAN-2024,
FUTIDX,NIFTY,28-Mar-2024,0,XX,22286,22410,22215.05,22398.5,22398.5,5569,62216.08,456850,66800,15-JAN-2024,
OPTIDX,NIFTY,18-Jan-2024,19650,CE,2678.65,2678.65,2343.25,2460,2460,9,99.38,1550,-150,15-JAN-2024,
OPTIDX,NIFTY,18-Jan-2024,19700,CE,2365,2385,2365,2385,2408.4,3,33.11,5100,-150,15-JAN-2024,
OPTIDX,NIFTY,18-Jan-2024,19750,CE,0,0,0,1873.05,2358.4,0,0,200,0,15-JAN-2024,
OPTIDX,NIFTY,18-Jan-2024,19800,CE,0,0,0,2055,2308.45,0,0,1300,0,15-JAN-2024,
OPTIDX,NIFTY,18-Jan-2024,19850,CE,0,0,0,1493.1,2258.45,0,0,0,0,15-JAN-2024,
OPTIDX,NIFTY,18-Jan-2024,19900,CE,0,0,0,1752,2208.5,0,0,400,0,15-JAN-2024,
OPTIDX,NIFTY,18-Jan-2024,19950,CE,0,0,0,1724,2158.5,0,0,1450,0,15-JAN-2024,
OPTIDX,NIFTY,18-Jan-2024,20000,CE,2080,2120.1,2010.15,2105.55,2105.55,46,507.57,41000,-1050,15-JAN-2024,
OPTIDX,NIFTY,18-Jan-2024,20050,CE,2040,2080,2022.7,2051.3,2051.3,144,1590.84,3250,-2700,15-JAN-2024,
OPTIDX,NIFTY,18-Jan-2024,20100,CE,1936.55,1965,1936.55,1965,2008.6,2,22.05,2750,0,15-JAN-2024,
OPTIDX,NIFTY,18-Jan-2024,20150,CE,0,0,0,1500,1958.65,0,0,200,0,15-JAN-2024,
OPTIDX,NIFTY,18-Jan-2024,20200,CE,1850.1,1877.65,1850.1,1877.65,1908.65,4,44.14,2600,0,15-JAN-2024,
OPTIDX,NIFTY,18-Jan-2024,20250,CE,1815,1819,1801,1819,1858.7,5,55.15,3950,-250,15-JAN-2024,
OPTIDX,NIFTY,18-Jan-2024,20300,CE,1825,1825,1825,1825,1825,1,11.06,700,-50,15-JAN-2024,
OPTIDX,NIFTY,18-Jan-2024,20350,CE,1715,1781.5,1715,1781.45,1781.45,19,210.06,700,-100,15-JAN-2024,
OPTIDX,NIFTY,18-Jan-2024,20400,CE,1660,1710,1660,1710,1708.75,3,33.11,3100,-50,15-JAN-2024,
OPTIDX,NIFTY,18-Jan-2024,20450,CE,1580,1590,1580,1590,1658.8,2,22.03,1350,-100,15-JAN-2024,
OPTIDX,NIFTY,18-Jan-2024,20500,CE,1560,1628.5,1490,1626.55,1626.55,47,518.44,58400,-1500,15-JAN-2024,
OPTIDX,NIFTY,18-Jan-2024,20550,CE,0,0,0,1119.35,1558.85,0,0,4750,0,15-JAN-2024,
OPTIDX,NIFTY,18-Jan-2024,20600,CE,1461,1523.2,1411.1,1517.25,1517.25,140,1547.55,10600,-4550,15-JAN-2024,
OPTIDX,NIFTY,18-Jan-2024,20650,CE,0,0,0,808.65,1458.9,0,0,0,0,15-JAN-2024,
OPTIDX,NIFTY,18-Jan-2024,20700,CE,1370,1415.85,1300.9,1415.85,1415.85,113,1244.67,5200,300,15-JAN-2024,
OPTIDX,NIFTY,18-Jan-2024,20750,CE,0,0,0,1201.95,1358.95,0,0,1350,0,15-JAN-2024,
OPTIDX,NIFTY,18-Jan-2024,20800,CE,1246.15,1320,1236.15,1299.4,1299.4,33,364.8,23250,-50,15-JAN-2024,
OPTIDX,NIFTY,18-Jan-2024,20850,CE,0,0,0,1104.5,1259,0,0,2900,0,15-JAN-2024,
OPTIDX,NIFTY,18-Jan-2024,20900,CE,1165,1214.5,1094.75,1213.25,1213.25,16,176.58,34950,-400,15-JAN-2024,
OPTIDX,NIFTY,18-Jan-2024,20950,CE,0,0,0,992.8,1159.05,0,0,2550,0,15-JAN-2024,
OPTIDX,NIFTY,18-Jan-2024,21000,CE,1027,1131.05,984.4,1114.85,1114.85,2635,29077.56,274100,-56900,15-JAN-2024,
OPTIDX,NIFTY,18-Jan-2024,21050,CE,1020,1046.8,1003.85,1046.8,1059.15,9,99.3,1950,-50,15-JAN-2024,
OPTIDX,NIFTY,18-Jan-2024,21100,CE,960.55,1032.35,907.1,1013.95,1013.95,667,7361.11,51800,-8700,15-JAN-2024,
OPTIDX,NIFTY,18-Jan-2024,21150,CE,919.05,982.65,869.8,974.35,974.35,47,518.78,11300,-900,15-JAN-2024,
OPTIDX,NIFTY,18-Jan-2024,21200,CE,823.05,932.95,786.6,913.8,913.8,408,4502.52,91600,-8750,15-JAN-2024,
OPTIDX,NIFTY,18-Jan-2024,21250,CE,777.75,880,755.3,865.95,865.95,79,872.05,14750,-1050,15-JAN-2024,
OPTIDX,NIFTY,18-Jan-2024,21300,CE,730.55,834.4,691.2,821.1,821.1,999,11015.37,118000,-8400,15-JAN-2024,
OPTIDX,NIFTY,18-Jan-2024,21350,CE,672.05,785.5,641.1,775.75,775.75,106,1170.54,25000,-650,15-JAN-2024,
OPTIDX,NIFTY,18-Jan-2024,21400,CE,638,736.45,597.05,722.85,722.85,2251,24849.52,278350,-38200,15-JAN-2024,
OPTIDX,NIFTY,18-Jan-2024,21450,CE,601,687.4,550.05,675.95,675.95,1401,15464.61,27700,-28750,15-JAN-2024,
OPTIDX,NIFTY,18-Jan-2024,21500,CE,542.3,640.75,500.05,626.35,626.35,11458,126469.97,410450,-83050,15-JAN-2024,
OPTIDX,NIFTY,18-Jan-2024,21550,CE,504.4,590,456,575.55,575.55,1950,21516.28,141750,-21550,15-JAN-2024,
OPTIDX,NIFTY,18-Jan-2024,21600,CE,420,544.9,409.1,529.3,529.3,20911,230792.9,637700,-207950,15-JAN-2024,
OPTIDX,NIFTY,18-Jan-2024,21650,CE,407.2,496.8,367.05,482.6,482.6,9472,104588.02,588650,-173300,15-JAN-2024,
OPTIDX,NIFTY,18-Jan-2024,21700,CE,325.6,450.55,323.1,435.25,435.25,70467,778327.63,1831650,-387500,15-JAN-2024,
OPTIDX,NIFTY,18-Jan-2024,21750,CE,315.95,404.85,282.3,391.15,391.15,29483,325672.05,1063400,-278200,15-JAN-2024,
OPTIDX,NIFTY,18-Jan-2024,21800,CE,259.95,359.05,243.3,345.35,345.35,206891,2286188.93,1893000,-758600,15-JAN-2024,
OPTIDX,NIFTY,18-Jan-2024,21850,CE,249.75,315.7,207.15,301.65,301.65,126086,1393832.27,854100,-369900,15-JAN-2024,
OPTIDX,NIFTY,18-Jan-2024,21900,CE,185,272.6,173.3,257.85,257.85,583290,6451547.23,2248050,-1829350,15-JAN-2024,
OPTIDX,NIFTY,18-Jan-2024,21950,CE,135,233.5,135,219.45,219.45,484372,5360862.08,640550,-953650,15-JAN-2024,
OPTIDX,NIFTY,18-Jan-2024,22000,CE,168,195.9,115.8,182.25,182.25,2511182,27817171.87,3580400,-373650,15-JAN-2024,
OPTIDX,NIFTY,18-Jan-2024,22050,CE,114.95,161.6,91.9,148.45,148.45,1998387,22159153.45,1265550,-33950,15-JAN-2024,
OPTIDX,NIFTY,18-Jan-2024,22100,CE,90,129.85,71.25,118,118,3383422,37560258.77,3864700,318700,15-JAN-2024,
OPTIDX,NIFTY,18-Jan-2024,22150,CE,55,101.75,54.3,91.45,91.45,1510385,16787303.71,1898750,337250,15-JAN-2024,
OPTIDX,NIFTY,18-Jan-2024,22200,CE,52.95,77.65,40.6,68.75,68.75,2196853,24450659.74,4800800,822650,15-JAN-2024,
OPTIDX,NIFTY,18-Jan-2024,22250,CE,60,60,29.65,49.75,49.75,1136602,12669648.44,3204600,-33750,15-JAN-2024,
OPTIDX,NIFTY,18-Jan-2024,22300,CE,30.2,43.3,21.6,35,35,1531640,17101913.67,6347700,1105750,15-JAN-2024,
OPTIDX,NIFTY,18-Jan-2024,22350,CE,21.3,32.6,15,24.1,24.1,868498,9715272.09,1801150,301950,15-JAN-2024,
OPTIDX,NIFTY,18-Jan-2024,22400,CE,12.7,24.15,11.5,16.55,16.55,1174509,13163877.8,3617200,196050,15-JAN-2024,
OPTIDX,NIFTY,18-Jan-2024,22450,CE,12.55,18.1,8.15,11.35,11.35,606273,6808906.93,1742850,474950,15-JAN-2024,
OPTIDX,NIFTY,18-Jan-2024,22500,CE,7.25,15,6.05,8.2,8.2,1189218,13383886.75,6713950,798450,15-JAN-2024,
OPTIDX,NIFTY,18-Jan-2024,22550,CE,6.5,10.65,4.35,5.65,5.65,513712,5793711.94,2629300,981450,15-JAN-2024,
OPTIDX,NIFTY,18-Jan-2024,22600,CE,4.5,8.2,3.4,4.15,4.15,962245,10875678.84,4369700,385550,15-JAN-2024,
OPTIDX,NIFTY,18-Jan-2024,22650,CE,3.35,6.3,2.65,3.2,3.2,355187,4023165.1,1236500,490350,15-JAN-2024,
OPTIDX,NIFTY,18-Jan-2024,22700,CE,3.05,4.8,2.2,2.55,2.55,658346,7473185.61,3729550,768000,15-JAN-2024,
OPTIDX,NIFTY,18-Jan-2024,22750,CE,2.45,3.9,1.95,2.25,2.25,266531,3032118.27,690900,-160900,15-JAN-2024,
OPTIDX,NIFTY,18-Jan-2024,22800,CE,1.8,3.3,1.8,2,2,563670,6426449.17,3514400,1812450,15-JAN-2024,
OPTIDX,NIFTY,18-Jan-2024,22850,CE,1.75,4.95,1.65,1.8,1.8,125562,1434669.5,819500,472800,15-JAN-2024,
OPTIDX,NIFTY,18-Jan-2024,22900,CE,1.4,5.9,1.4,1.55,1.55,243406,2787203.07,2067150,732600,15-JAN-2024,
OPTIDX,NIFTY,18-Jan-2024,22950,CE,1.6,3,0.65,1.4,1.4,60307,692067.51,263150,55250,15-JAN-2024,
OPTIDX,NIFTY,18-Jan-2024,23000,CE,1.35,1.85,1.2,1.35,1.35,366378,4213596.37,4702200,1248400,15-JAN-2024,
OPTIDX,NIFTY,18-Jan-2024,23050,CE,1.1,4.75,0.95,1.05,1.05,75423,869294.04,825050,194500,15-JAN-2024,
OPTIDX,NIFTY,18-Jan-2024,23100,CE,1,1.1,0.85,0.9,0.9,193414,2234021.63,3493000,1023150,15-JAN-2024,
OPTIDX,NIFTY,18-Jan-2024,23150,CE,0.85,1.1,0.8,0.85,0.85,23338,270148.23,176900,97200,15-JAN-2024,
OPTIDX,NIFTY,18-Jan-2024,23200,CE,0.9,1.05,0.75,0.8,0.8,47414,550022.4,808800,102800,15-JAN-2024,
OPTIDX,NIFTY,18-Jan-2024,23250,CE,0.9,0.9,0.7,0.75,0.75,13868,161220.93,219250,-10400,15-JAN-2024,
OPTIDX,NIFTY,18-Jan-2024,23300,CE,0.8,0.9,0.7,0.75,0.75,41682,485611.13,1360450,5450,15-JAN-2024,
OPTIDX,NIFTY,18-Jan-2024,23350,CE,0.75,0.85,0.65,0.7,0.7,10207,119170.45,105050,-16050,15-JAN-2024,
OPTIDX,NIFTY,18-Jan-2024,23400,CE,0.75,0.85,0.6,0.7,0.7,38902,455167.35,1265950,-117000,15-JAN-2024,
OPTIDX,NIFTY,18-Jan-2024,23450,CE,0.7,0.8,0.6,0.65,0.65,27334,320500.62,691950,-82900,15-JAN-2024,
OPTIDX,NIFTY,18-Jan-2024,23500,CE,1.5,1.5,0.65,0.7,0.7,20969,246393.28,208600,208600,15-JAN-2024,
OPTIDX,NIFTY,18-Jan-2024,23550,CE,2,2,0.6,0.65,0.65,4185,49279.87,18650,18650,15-JAN-2024,
OPTIDX,NIFTY,18-Jan-2024,23600,CE,2,2,0.55,0.6,0.6,19153,226011.57,320050,320050,15-JAN-2024,
OPTIDX,NIFTY,18-Jan-2024,23650,CE,2,2,0.55,0.6,0.6,11912,140863.33,132750,132750,15-JAN-2024,
OPTIDX,NIFTY,18-Jan-2024,19650,PE,1.9,2.8,1.55,2.55,2.55,235904,2318004.75,8228300,2368000,15-JAN-2024,
OPTIDX,NIFTY,18-Jan-2024,19700,PE,1.8,2.9,1.35,2.55,2.55,96639,951994.44,2616700,418900,15-JAN-2024,
OPTIDX,NIFTY,18-Jan-2024,19750,PE,1.95,2.8,1.55,2.55,2.55,12030,118808.49,419750,119650,15-JAN-2024,
OPTIDX,NIFTY,18-Jan-2024,19800,PE,1.95,2.8,1.5,2.6,2.6,61085,604809.61,1764650,488150,15-JAN-2024,
OPTIDX,NIFTY,18-Jan-2024,19850,PE,2.1,3,1.55,2.55,2.55,13403,133038.38,329450,26150,15-JAN-2024,
OPTIDX,NIFTY,18-Jan-2024,19900,PE,2.05,2.9,1.6,2.6,2.6,50876,506271.91,947450,449750,15-JAN-2024,
OPTIDX,NIFTY,18-Jan-2024,19950,PE,1.75,3.7,1.05,2.6,2.6,5301,52882.86,135900,8400,15-JAN-2024,
OPTIDX,NIFTY,18-Jan-2024,20000,PE,1.8,2.75,1.5,2.45,2.45,195083,1951027.66,3068000,744750,15-JAN-2024,
OPTIDX,NIFTY,18-Jan-2024,20050,PE,2.2,2.85,1.2,2.5,2.5,7252,72708.91,140900,22100,15-JAN-2024,
OPTIDX,NIFTY,18-Jan-2024,20100,PE,2.1,5,1.5,2.55,2.55,35789,359717.89,333300,68350,15-JAN-2024,
OPTIDX,NIFTY,18-Jan-2024,20150,PE,2.15,3.25,1.5,2.55,2.55,7185,72396.59,164400,45850,15-JAN-2024,
OPTIDX,NIFTY,18-Jan-2024,20200,PE,2.1,3.15,1.1,2.75,2.75,31526,318446.65,318450,-2750,15-JAN-2024,
OPTIDX,NIFTY,18-Jan-2024,20250,PE,2.3,5,1.55,2.65,2.65,6613,66964.2,176000,52800,15-JAN-2024,
OPTIDX,NIFTY,18-Jan-2024,20300,PE,2.2,3.05,1.6,2.65,2.65,57735,586075.75,548350,-34600,15-JAN-2024,
OPTIDX,NIFTY,18-Jan-2024,20350,PE,1.5,3.35,1.5,2.85,2.85,13761,140034.33,119050,-7300,15-JAN-2024,
OPTIDX,NIFTY,18-Jan-2024,20400,PE,2,4.75,1.6,2.95,2.95,63173,644440.86,785050,44150,15-JAN-2024,
OPTIDX,NIFTY,18-Jan-2024,20450,PE,2.5,4.35,1.5,2.9,2.9,22220,227226.91,247100,-55400,15-JAN-2024,
OPTIDX,NIFTY,18-Jan-2024,20500,PE,2.25,3.3,1.8,2.95,2.95,239093,2451000.43,3953400,409300,15-JAN-2024,
OPTIDX,NIFTY,18-Jan-2024,20550,PE,2.5,3.5,1.6,3,3,23449,240968.74,281000,-55900,15-JAN-2024,
OPTIDX,NIFTY,18-Jan-2024,20600,PE,1.95,3.8,1.5,3,3,114480,1179293.6,1477450,-311000,15-JAN-2024,
OPTIDX,NIFTY,18-Jan-2024,20650,PE,2.75,4.1,1.3,3.15,3.15,68365,705963.33,767700,-64550,15-JAN-2024,
OPTIDX,NIFTY,18-Jan-2024,20700,PE,2.95,4.55,2.2,3.2,3.2,176383,1825806.1,2023300,-1217050,15-JAN-2024,
OPTIDX,NIFTY,18-Jan-2024,20750,PE,2.75,3.9,2.5,3.4,3.4,72350,750738.73,985350,-81700,15-JAN-2024,
OPTIDX,NIFTY,18-Jan-2024,20800,PE,3.4,4.05,2.2,3.45,3.45,353823,3680284.4,3019950,-2453950,15-JAN-2024,
OPTIDX,NIFTY,18-Jan-2024,20850,PE,4,4.2,2.8,3.6,3.6,100336,1046164.25,910600,-259200,15-JAN-2024,
OPTIDX,NIFTY,18-Jan-2024,20900,PE,3.15,4.3,2.9,3.6,3.6,349581,3653705.56,2625900,-1221850,15-JAN-2024,
OPTIDX,NIFTY,18-Jan-2024,20950,PE,3.75,4.4,3.15,3.85,3.85,126068,1320787.63,535550,-706950,15-JAN-2024,
OPTIDX,NIFTY,18-Jan-2024,21000,PE,3.7,4.65,3.35,4.1,4.1,678460,7125153.1,6819450,-225950,15-JAN-2024,
OPTIDX,NIFTY,18-Jan-2024,21050,PE,3.85,5,2.1,4.35,4.35,129874,1367200.53,877400,424700,15-JAN-2024,
OPTIDX,NIFTY,18-Jan-2024,21100,PE,4,5.6,3.3,4.7,4.7,476215,5025164.25,2936050,359250,15-JAN-2024,
OPTIDX,NIFTY,18-Jan-2024,21150,PE,4.9,6.4,4.05,5.25,5.25,265839,2811939.31,2941750,1733000,15-JAN-2024,
OPTIDX,NIFTY,18-Jan-2024,21200,PE,6,7.05,4.8,5.7,5.7,431921,4579576.87,3910600,451300,15-JAN-2024,
OPTIDX,NIFTY,18-Jan-2024,21250,PE,8.45,8.45,5.35,6.2,6.2,136825,1454201.32,1112700,-340750,15-JAN-2024,
OPTIDX,NIFTY,18-Jan-2024,21300,PE,8.1,9.4,5.95,6.8,6.8,417320,4445949.1,3775750,-106950,15-JAN-2024,
OPTIDX,NIFTY,18-Jan-2024,21350,PE,8.5,11.15,6,7.55,7.55,192293,2053528.99,1434550,-236650,15-JAN-2024,
OPTIDX,NIFTY,18-Jan-2024,21400,PE,11,13.25,8,8.6,8.6,558657,5980320.25,4306650,-51950,15-JAN-2024,
OPTIDX,NIFTY,18-Jan-2024,21450,PE,13.2,15.85,8.55,9.75,9.75,255874,2745712.72,1611550,372800,15-JAN-2024,
OPTIDX,NIFTY,18-Jan-2024,21500,PE,13.9,19.2,10.75,11.4,11.4,796922,8572292.62,5886000,1767600,15-JAN-2024,
OPTIDX,NIFTY,18-Jan-2024,21550,PE,18.95,23.3,11.4,12.95,12.95,347234,3744224.05,1728300,359400,15-JAN-2024,
OPTIDX,NIFTY,18-Jan-2024,21600,PE,25,28.35,14,15.15,15.15,758018,8193724.42,5044000,912800,15-JAN-2024,
OPTIDX,NIFTY,18-Jan-2024,21650,PE,27.9,34.55,16.6,17.95,17.95,471714,5111854.17,2754350,-313250,15-JAN-2024,
OPTIDX,NIFTY,18-Jan-2024,21700,PE,29,41.95,19.05,21.3,21.3,998103,10843462.15,6949400,-1272200,15-JAN-2024,
OPTIDX,NIFTY,18-Jan-2024,21750,PE,49,51.3,22.85,25.6,25.6,562444,6126198.64,3639850,-162450,15-JAN-2024,
OPTIDX,NIFTY,18-Jan-2024,21800,PE,47.65,62.5,27.8,30.9,30.9,1156333,12628160.1,6757100,-248150,15-JAN-2024,
OPTIDX,NIFTY,18-Jan-2024,21850,PE,65.25,75.95,33.25,37,37,737664,8078050.81,3270600,439500,15-JAN-2024,
OPTIDX,NIFTY,18-Jan-2024,21900,PE,84,92.4,40.05,45.2,45.2,1492948,16394759.89,5694400,1933450,15-JAN-2024,
OPTIDX,NIFTY,18-Jan-2024,21950,PE,90,112.2,49.45,55.9,55.9,982740,10823872.36,2237100,1331350,15-JAN-2024,
OPTIDX,NIFTY,18-Jan-2024,22000,PE,101.05,135,60.8,68.45,68.45,3079701,34022042.15,7793100,6175800,15-JAN-2024,
OPTIDX,NIFTY,18-Jan-2024,22050,PE,129.55,160.85,75.75,85.25,85.25,1583680,17548648.7,2651500,2321850,15-JAN-2024,
OPTIDX,NIFTY,18-Jan-2024,22100,PE,140,190.65,94.55,104.6,104.6,1632758,18150731.55,3542850,2860400,15-JAN-2024,
OPTIDX,NIFTY,18-Jan-2024,22150,PE,180.85,223.6,117,127.55,127.55,323164,3604878.18,733500,660900,15-JAN-2024,
OPTIDX,NIFTY,18-Jan-2024,22200,PE,220,259.95,142.65,155,155,403198,4513852.98,1303100,907850,15-JAN-2024,
OPTIDX,NIFTY,18-Jan-2024,22250,PE,247.65,297.6,173.45,185.4,185.4,83284,935633.77,492500,470600,15-JAN-2024,
OPTIDX,NIFTY,18-Jan-2024,22300,PE,290.5,340,207.9,220.85,220.85,96523,1088619.65,796850,733750,15-JAN-2024,
OPTIDX,NIFTY,18-Jan-2024,22350,PE,327.35,383.7,246.1,261.3,261.3,6266,70948.91,112400,107800,15-JAN-2024,
OPTIDX,NIFTY,18-Jan-2024,22400,PE,374.6,430,288,298,298,14990,170430.97,164900,155450,15-JAN-2024,
OPTIDX,NIFTY,18-Jan-2024,22450,PE,420.65,475.8,333.3,345,345,1016,11604.59,7800,6950,15-JAN-2024,
OPTIDX,NIFTY,18-Jan-2024,22500,PE,468.6,524.55,378.6,394.4,394.4,21751,249451.07,294250,250100,15-JAN-2024,
OPTIDX,NIFTY,18-Jan-2024,22550,PE,531.3,572.95,432.75,437.55,437.55,247,2846.1,3050,3050,15-JAN-2024,
OPTIDX,NIFTY,18-Jan-2024,22600,PE,571.85,621.9,475.65,493.15,493.15,940,10874.73,5950,3250,15-JAN-2024,
OPTIDX,NIFTY,18-Jan-2024,22650,PE,587.6,587.6,531.6,531.6,531.6,5,58.03,150,150,15-JAN-2024,
OPTIDX,NIFTY,18-Jan-2024,22700,PE,665.05,711.4,576,579.2,579.2,94,1096.55,2200,1050,15-JAN-2024,
OPTIDX,NIFTY,18-Jan-2024,22750,PE,710.05,729.75,627.7,642.05,642.05,41,480.6,350,200,15-JAN-2024,
OPTIDX,NIFTY,18-Jan-2024,22800,PE,750.15,785,683.05,688.5,688.5,66,776.86,1350,300,15-JAN-2024,
OPTIDX,NIFTY,18-Jan-2024,22850,PE,0,0,0,1027.9,740,0,0,250,0,15-JAN-2024,
OPTIDX,NIFTY,18-Jan-2024,22900,PE,830,870.25,780,785.65,785.65,51,604.93,550,500,15-JAN-2024,
OPTIDX,NIFTY,18-Jan-2024,22950,PE,883.4,923.45,883.4,923.45,839.85,2,23.85,50,50,15-JAN-2024,
OPTIDX,NIFTY,18-Jan-2024,23000,PE,970,1015.45,873.8,890.85,890.85,331,3959.94,10000,3300,15-JAN-2024,
OPTIDX,NIFTY,18-Jan-2024,23050,PE,0,0,0,1725.6,939.75,0,0,0,0,15-JAN-2024,
OPTIDX,NIFTY,18-Jan-2024,23100,PE,0,0,0,1773.25,989.75,0,0,0,0,15-JAN-2024,
OPTIDX,NIFTY,18-Jan-2024,23150,PE,0,0,0,1361.4,1039.7,0,0,50,0,15-JAN-2024,
OPTIDX,NIFTY,18-Jan-2024,23200,PE,0,0,0,1869.15,1089.7,0,0,0,0,15-JAN-2024,
OPTIDX,NIFTY,18-Jan-2024,23250,PE,0,0,0,1917.35,1139.65,0,0,0,0,15-JAN-2024,
OPTIDX,NIFTY,18-Jan-2024,23300,PE,1259.3,1271.7,1245.5,1271.65,1189.65,4,49.12,50,50,15-JAN-2024,
OPTIDX,NIFTY,18-Jan-2024,23350,PE,0,0,0,2014.2,1239.6,0,0,0,0,15-JAN-2024,
OPTIDX,NIFTY,18-Jan-2024,23400,PE,0,0,0,2062.8,1289.55,0,0,0,0,15-JAN-2024,
OPTIDX,NIFTY,18-Jan-2024,23450,PE,1376.5,1383.1,1376.5,1383.1,1339.55,2,24.82,100,50,15-JAN-2024,
OPTIDX,NIFTY,18-Jan-2024,23500,PE,0,0,0,2160.35,1389.5,0,0,0,0,15-JAN-2024,
OPTIDX,NIFTY,18-Jan-2024,23550,PE,0,0,0,2209.25,1439.5,0,0,0,0,15-JAN-2024,
OPTIDX,NIFTY,18-Jan-2024,23600,PE,0,0,0,2258.25,1489.45,0,0,0,0,15-JAN-2024,
OPTIDX,NIFTY,18-Jan-2024,23650,PE,0,0,0,2307.35,1539.45,0,0,0,0,15-JAN-2024,
OPTIDX,NIFTY,25-Jan-2024,17350,CE,0,0,0,4400,4779.5,0,0,200,0,15-JAN-2024,
OPTIDX,NIFTY,25-Jan-2024,17400,CE,4656.35,4656.35,4656.35,4656.35,4729.6,1,11.02,14750,-50,15-JAN-2024,
OPTIDX,NIFTY,25-Jan-2024,17450,CE,0,0,0,1783.7,4679.7,0,0,0,0,15-JAN-2024,
OPTIDX,NIFTY,25-Jan-2024,17500,CE,4586.8,4616,4527.7,4611,4611,95,1048.23,92550,-2500,15-JAN-2024,
OPTIDX,NIFTY,25-Jan-2024,17550,CE,0,0,0,4050,4579.9,0,0,250,0,15-JAN-2024,
OPTIDX,NIFTY,25-Jan-2024,17600,CE,0,0,0,4290,4529.95,0,0,250,0,15-JAN-2024,
OPTIDX,NIFTY,25-Jan-2024,17650,CE,0,0,0,1611.6,4480.05,0,0,0,0,15-JAN-2024,
OPTIDX,NIFTY,25-Jan-2024,17700,CE,0,0,0,1569.6,4430.15,0,0,0,0,15-JAN-2024,
OPTIDX,NIFTY,25-Jan-2024,17750,CE,0,0,0,4140.65,4380.25,0,0,2450,0,15-JAN-2024,
OPTIDX,NIFTY,25-Jan-2024,17800,CE,0,0,0,4224.85,4330.35,0,0,10400,0,15-JAN-2024,
OPTIDX,NIFTY,25-Jan-2024,17850,CE,0,0,0,3980,4280.45,0,0,150,0,15-JAN-2024,
OPTIDX,NIFTY,25-Jan-2024,17900,CE,0,0,0,3971.5,4230.5,0,0,7650,0,15-JAN-2024,
OPTIDX,NIFTY,25-Jan-2024,17950,CE,0,0,0,1366.1,4180.6,0,0,0,0,15-JAN-2024,
OPTIDX,NIFTY,25-Jan-2024,18000,CE,4050,4143.95,4007.6,4118.65,4118.65,356,3929.62,392650,-9800,15-JAN-2024,
OPTIDX,NIFTY,25-Jan-2024,18050,CE,0,0,0,1957.8,4080.8,0,0,50,0,15-JAN-2024,
OPTIDX,NIFTY,25-Jan-2024,18100,CE,0,0,0,3900,4030.9,0,0,9750,0,15-JAN-2024,
OPTIDX,NIFTY,25-Jan-2024,18150,CE,0,0,0,3700,3981,0,0,100,0,15-JAN-2024,
OPTIDX,NIFTY,25-Jan-2024,18200,CE,0,0,0,3731.65,3931.1,0,0,13850,0,15-JAN-2024,
OPTIDX,NIFTY,25-Jan-2024,18250,CE,0,0,0,1139.2,3881.15,0,0,0,0,15-JAN-2024,
OPTIDX,NIFTY,25-Jan-2024,18300,CE,3825,3825,3821,3823,3823,5,55.3,12600,-250,15-JAN-2024,
OPTIDX,NIFTY,25-Jan-2024,18350,CE,0,0,0,3575,3781.35,0,0,100,0,15-JAN-2024,
OPTIDX,NIFTY,25-Jan-2024,18400,CE,3680,3680,3680,3680,3731.45,1,11.04,8550,-50,15-JAN-2024,
OPTIDX,NIFTY,25-Jan-2024,18450,CE,0,0,0,3410,3681.55,0,0,150,0,15-JAN-2024,
OPTIDX,NIFTY,25-Jan-2024,18500,CE,3560,3630,3497.5,3620,3620,69,761.42,187750,-2500,15-JAN-2024,
OPTIDX,NIFTY,25-Jan-2024,18550,CE,0,0,0,931.75,3581.7,0,0,0,0,15-JAN-2024,
OPTIDX,NIFTY,25-Jan-2024,18600,CE,0,0,0,3100,3531.8,0,0,5100,0,15-JAN-2024,
OPTIDX,NIFTY,25-Jan-2024,18650,CE,0,0,0,867.95,3481.9,0,0,0,0,15-JAN-2024,
OPTIDX,NIFTY,25-Jan-2024,18700,CE,0,0,0,3245.8,3432,0,0,4350,0,15-JAN-2024,
OPTIDX,NIFTY,25-Jan-2024,18750,CE,0,0,0,2814.45,3382.1,0,0,550,0,15-JAN-2024,
OPTIDX,NIFTY,25-Jan-2024,18800,CE,0,0,0,3120,3332.2,0,0,4150,0,15-JAN-2024,
OPTIDX,NIFTY,25-Jan-2024,18850,CE,0,0,0,3050,3282.3,0,0,200,0,15-JAN-2024,
OPTIDX,NIFTY,25-Jan-2024,18900,CE,0,0,0,2877.7,3232.35,0,0,2300,0,15-JAN-2024,
OPTIDX,NIFTY,25-Jan-2024,18950,CE,0,0,0,692.45,3182.45,0,0,0,0,15-JAN-2024,
OPTIDX,NIFTY,25-Jan-2024,19000,CE,3065,3151.15,3010.6,3143.25,3143.25,391,4317.56,478100,-3650,15-JAN-2024,
OPTIDX,NIFTY,25-Jan-2024,19050,CE,0,0,0,2840.65,3082.65,0,0,50,0,15-JAN-2024,
OPTIDX,NIFTY,25-Jan-2024,19100,CE,2960,3002.1,2950,3002.1,3032.75,6,66.21,11800,-300,15-JAN-2024,
OPTIDX,NIFTY,25-Jan-2024,19150,CE,0,0,0,2794.75,2982.85,0,0,50,0,15-JAN-2024,
OPTIDX,NIFTY,25-Jan-2024,19200,CE,2840,2910,2828.5,2900,2932.9,11,121.36,12800,-550,15-JAN-2024,
OPTIDX,NIFTY,25-Jan-2024,19250,CE,0,0,0,2380,2883,0,0,650,0,15-JAN-2024,
OPTIDX,NIFTY,25-Jan-2024,19300,CE,2802,2802.95,2802,2802.95,2833.1,2,22.1,12050,-50,15-JAN-2024,
OPTIDX,NIFTY,25-Jan-2024,19350,CE,0,0,0,2416,2783.2,0,0,10000,0,15-JAN-2024,
OPTIDX,NIFTY,25-Jan-2024,19400,CE,2642,2642,2642,2642,2733.3,1,11.02,15450,0,15-JAN-2024,
OPTIDX,NIFTY,25-Jan-2024,19450,CE,2653.3,2668.3,2653.3,2668.3,2683.4,3,33.16,550,50,15-JAN-2024,
OPTIDX,NIFTY,25-Jan-2024,19500,CE,2549.95,2645.6,2495.9,2631.05,2631.05,236,2605.92,264200,-5400,15-JAN-2024,
OPTIDX,NIFTY,25-Jan-2024,19550,CE,2556,2561.95,2556,2561.95,2583.55,3,33.16,6150,0,15-JAN-2024,
OPTIDX,NIFTY,25-Jan-2024,19600,CE,2486.4,2511.05,2486.4,2502.9,2533.65,4,44.2,22150,-200,15-JAN-2024,
OPTIDX,NIFTY,25-Jan-2024,19650,CE,0,0,0,2138.65,2483.75,0,0,300,0,15-JAN-2024,
OPTIDX,NIFTY,25-Jan-2024,19700,CE,2355,2355,2355,2355,2433.85,3,33.08,35550,-150,15-JAN-2024,
OPTIDX,NIFTY,25-Jan-2024,19750,CE,0,0,0,1923.8,2383.95,0,0,1350,0,15-JAN-2024,
OPTIDX,NIFTY,25-Jan-2024,19800,CE,2220,2342.15,2213.3,2342.15,2342.15,35,386.31,52900,-400,15-JAN-2024,
OPTIDX,NIFTY,25-Jan-2024,19850,CE,0,0,0,1830,2284.1,0,0,2200,0,15-JAN-2024,
OPTIDX,NIFTY,25-Jan-2024,19900,CE,2185,2238.1,2172,2235,2235,6,66.29,29600,-100,15-JAN-2024,
OPTIDX,NIFTY,25-Jan-2024,19950,CE,0,0,0,1727.55,2184.3,0,0,2700,0,15-JAN-2024,
OPTIDX,NIFTY,25-Jan-2024,20000,CE,2071.5,2146.25,1996,2134.35,2134.35,865,9553.25,644800,-18050,15-JAN-2024,
OPTIDX,NIFTY,25-Jan-2024,20050,CE,2036,2075,2033,2075,2075,81,894.39,5050,3850,15-JAN-2024,
OPTIDX,NIFTY,25-Jan-2024,20100,CE,1997.5,2024.6,1920,2019.1,2019.1,26,287.1,50750,-650,15-JAN-2024,
OPTIDX,NIFTY,25-Jan-2024,20150,CE,1899,2000,1899,2000,2000,3,33.17,1900,-50,15-JAN-2024,
OPTIDX,NIFTY,25-Jan-2024,20200,CE,1892,1910.85,1800,1910.85,1934.75,59,650.38,66900,-2200,15-JAN-2024,
OPTIDX,NIFTY,25-Jan-2024,20250,CE,1840,1840,1840,1840,1884.85,1,11.04,17300,0,15-JAN-2024,
OPTIDX,NIFTY,25-Jan-2024,20300,CE,1725,1830.85,1713,1826.45,1826.45,61,673.28,49300,-800,15-JAN-2024,
OPTIDX,NIFTY,25-Jan-2024,20350,CE,1712.15,1784.35,1692,1783.85,1783.85,7,77.26,8150,-50,15-JAN-2024,
OPTIDX,NIFTY,25-Jan-2024,20400,CE,1652.75,1750.25,1620,1746.25,1746.25,77,849.03,75950,-3250,15-JAN-2024,
OPTIDX,NIFTY,25-Jan-2024,20450,CE,1620,1653.95,1620,1623.7,1685.25,4,44.16,3200,-50,15-JAN-2024,
OPTIDX,NIFTY,25-Jan-2024,20500,CE,1560,1654.1,1510,1643.2,1643.2,794,8766.43,518500,-18350,15-JAN-2024,
OPTIDX,NIFTY,25-Jan-2024,20550,CE,1515,1515,1515,1515,1585.45,1,11.03,4800,-50,15-JAN-2024,
OPTIDX,NIFTY,25-Jan-2024,20600,CE,1485,1554.05,1440,1546.25,1546.25,414,4576.91,64200,-16350,15-JAN-2024,
OPTIDX,NIFTY,25-Jan-2024,20650,CE,1458.9,1489.25,1358.9,1489.25,1489.25,12,132.49,6700,-350,15-JAN-2024,
OPTIDX,NIFTY,25-Jan-2024,20700,CE,1400,1455.9,1304.05,1447.9,1447.9,119,1314.18,72500,-3500,15-JAN-2024,
OPTIDX,NIFTY,25-Jan-2024,20750,CE,0,0,0,1181.1,1385.85,0,0,12700,0,15-JAN-2024,
OPTIDX,NIFTY,25-Jan-2024,20800,CE,1230.4,1358.3,1215,1336.8,1336.8,290,3205.79,138950,-8250,15-JAN-2024,
OPTIDX,NIFTY,25-Jan-2024,20850,CE,1251.35,1281.85,1241.35,1281.85,1286.15,5,55.27,10050,-200,15-JAN-2024,
OPTIDX,NIFTY,25-Jan-2024,20900,CE,1203,1261.15,1138.55,1252.55,1252.55,294,3249.37,77850,-9100,15-JAN-2024,
OPTIDX,NIFTY,25-Jan-2024,20950,CE,1130,1157,1130,1157,1186.6,3,33.13,6200,50,15-JAN-2024,
OPTIDX,NIFTY,25-Jan-2024,21000,CE,1025,1160.15,1010.15,1145.75,1145.75,5568,61523.55,872550,-131450,15-JAN-2024,
OPTIDX,NIFTY,25-Jan-2024,21050,CE,1080,1090.75,1080,1090.75,1087.25,2,22.13,23600,0,15-JAN-2024,
OPTIDX,NIFTY,25-Jan-2024,21100,CE,957.5,1058,948.45,1045.9,1045.9,902,9975.66,298350,-21900,15-JAN-2024,
OPTIDX,NIFTY,25-Jan-2024,21150,CE,894.2,999.4,887.9,999.4,988.35,25,275.97,42900,-250,15-JAN-2024,
OPTIDX,NIFTY,25-Jan-2024,21200,CE,877,968.05,822.15,954.1,954.1,1673,18491.86,331100,-27400,15-JAN-2024,
OPTIDX,NIFTY,25-Jan-2024,21250,CE,850.6,909.7,797.1,908.45,908.45,53,585.89,41250,-1250,15-JAN-2024,
OPTIDX,NIFTY,25-Jan-2024,21300,CE,583.7,872.2,583.65,859.75,859.75,1000,11048.56,285850,-21300,15-JAN-2024,
OPTIDX,NIFTY,25-Jan-2024,21350,CE,707,827.75,684.5,816.35,816.35,339,3742.23,38450,-1900,15-JAN-2024,
OPTIDX,NIFTY,25-Jan-2024,21400,CE,689.95,780.95,640.7,765.2,765.2,2282,25241.41,369350,-14050,15-JAN-2024,
OPTIDX,NIFTY,25-Jan-2024,21450,CE,612.05,731.65,607,720.85,720.85,245,2711.02,37550,-1350,15-JAN-2024,
OPTIDX,NIFTY,25-Jan-2024,21500,CE,600.35,689.35,553,676.55,676.55,14580,161302.24,1348800,-71000,15-JAN-2024,
OPTIDX,NIFTY,25-Jan-2024,21550,CE,542.15,644.5,509.5,628.65,628.65,334,3695.58,83750,-6900,15-JAN-2024,
OPTIDX,NIFTY,25-Jan-2024,21600,CE,500,600,469.95,587.1,587.1,9865,109194.12,958700,-100350,15-JAN-2024,
OPTIDX,NIFTY,25-Jan-2024,21650,CE,430.1,555.55,430,543.85,543.85,1151,12745.81,212700,-19350,15-JAN-2024,
OPTIDX,NIFTY,25-Jan-2024,21700,CE,399.4,513.1,390.45,502.35,502.35,19232,213038.98,2118300,-215850,15-JAN-2024,
OPTIDX,NIFTY,25-Jan-2024,21750,CE,325.1,470.85,325.1,459.6,459.6,4714,52239.86,142100,-35300,15-JAN-2024,
OPTIDX,NIFTY,25-Jan-2024,21800,CE,440.4,440.4,319,420.85,420.85,41298,457918.49,1230900,-149750,15-JAN-2024,
OPTIDX,NIFTY,25-Jan-2024,21850,CE,276,393.45,276,383.55,383.55,7666,85066.76,181650,-54900,15-JAN-2024,
OPTIDX,NIFTY,25-Jan-2024,21900,CE,315.45,355.45,254.95,345.9,345.9,47484,527172.59,886500,-204250,15-JAN-2024,
OPTIDX,NIFTY,25-Jan-2024,21950,CE,260,319.5,225.5,309.2,309.2,15301,169993.11,166150,-73800,15-JAN-2024,
OPTIDX,NIFTY,25-Jan-2024,22000,CE,221.1,285.4,189.65,276.5,276.5,241587,2686585.52,2665400,-94600,15-JAN-2024,
OPTIDX,NIFTY,25-Jan-2024,22050,CE,184.95,254.4,172.95,245.05,245.05,44022,490073.92,298750,114700,15-JAN-2024,
OPTIDX,NIFTY,25-Jan-2024,22100,CE,160,223.45,149.3,215.2,215.2,150695,1679615.79,1668600,219400,15-JAN-2024,
OPTIDX,NIFTY,25-Jan-2024,22150,CE,144.45,195.4,128.25,189,189,23242,259327.21,177050,19300,15-JAN-2024,
OPTIDX,NIFTY,25-Jan-2024,22200,CE,114,170,109,162.95,162.95,117670,1314480.13,1303500,-27050,15-JAN-2024,
OPTIDX,NIFTY,25-Jan-2024,22250,CE,125,147,92.5,141,141,20173,225653.79,264550,79250,15-JAN-2024,
OPTIDX,NIFTY,25-Jan-2024,22300,CE,98.25,127,77.35,120.75,120.75,111828,1252653.31,1306600,93850,15-JAN-2024,
OPTIDX,NIFTY,25-Jan-2024,22350,CE,74.45,107.45,65,102.65,102.65,17189,192849.86,387650,103900,15-JAN-2024,
OPTIDX,NIFTY,25-Jan-2024,22400,CE,65,92,53.7,85.3,85.3,69786,784197.2,1251400,252450,15-JAN-2024,
OPTIDX,NIFTY,25-Jan-2024,22450,CE,55.9,76.5,44.4,72.1,72.1,15657,176241.38,219100,26500,15-JAN-2024,
OPTIDX,NIFTY,25-Jan-2024,22500,CE,45,63.5,36.75,59.5,59.5,116755,1316452.1,2307050,22250,15-JAN-2024,
OPTIDX,NIFTY,25-Jan-2024,22550,CE,34.1,51.7,29.4,49.1,49.1,11640,131482.75,144350,12700,15-JAN-2024,
OPTIDX,NIFTY,25-Jan-2024,22600,CE,25.75,42.4,23.7,39.25,39.25,50408,570436.39,1050250,100850,15-JAN-2024,
OPTIDX,NIFTY,25-Jan-2024,22650,CE,19.8,34.65,19.4,31.8,31.8,15081,170994.37,162150,29300,15-JAN-2024,
OPTIDX,NIFTY,25-Jan-2024,22700,CE,17.4,28.8,14.2,25.65,25.65,52403,595331.48,853200,92800,15-JAN-2024,
OPTIDX,NIFTY,25-Jan-2024,22750,CE,10.45,22.8,10.3,20.3,20.3,14246,162174.98,269850,-27350,15-JAN-2024,
OPTIDX,NIFTY,25-Jan-2024,22800,CE,11.05,18.2,7,16.3,16.3,46295,528077.07,1198250,314500,15-JAN-2024,
OPTIDX,NIFTY,25-Jan-2024,22850,CE,7.3,15.25,7.3,13.45,13.45,10773,123142.06,206350,117700,15-JAN-2024,
OPTIDX,NIFTY,25-Jan-2024,22900,CE,8.5,12.15,5.85,11,11,29909,342601.18,707300,88600,15-JAN-2024,
OPTIDX,NIFTY,25-Jan-2024,22950,CE,7.25,10.5,6.65,9.55,9.55,7824,89813.38,157700,9850,15-JAN-2024,
OPTIDX,NIFTY,25-Jan-2024,23000,CE,7.2,9.35,6,8.55,8.55,54980,632481.64,1993800,542450,15-JAN-2024,
OPTIDX,NIFTY,25-Jan-2024,23050,CE,5.55,7.45,5.05,6.95,6.95,4747,54723.89,68700,38950,15-JAN-2024,
OPTIDX,NIFTY,25-Jan-2024,23100,CE,3.95,6.6,3.9,5.95,5.95,9354,108065.39,209800,51750,15-JAN-2024,
OPTIDX,NIFTY,25-Jan-2024,23150,CE,3.85,6.05,3.85,5.65,5.65,5346,61894.18,170200,19000,15-JAN-2024,
OPTIDX,NIFTY,25-Jan-2024,23200,CE,4.05,5.1,3.7,4.65,4.65,7262,84254.83,179650,40700,15-JAN-2024,
OPTIDX,NIFTY,25-Jan-2024,23250,CE,3.85,4.9,3.7,4.5,4.5,1070,12441.02,26350,4450,15-JAN-2024,
OPTIDX,NIFTY,25-Jan-2024,23300,CE,3.85,4.55,3.5,4,4,5735,66824.09,310000,45250,15-JAN-2024,
OPTIDX,NIFTY,25-Jan-2024,23350,CE,3.35,4.15,3.15,3.8,3.8,1123,13113.1,26600,16450,15-JAN-2024,
OPTIDX,NIFTY,25-Jan-2024,23400,CE,3.2,3.85,2.65,3.5,3.5,6990,81795.02,164200,106400,15-JAN-2024,
OPTIDX,NIFTY,25-Jan-2024,23450,CE,3.25,3.7,2.85,3.4,3.4,2714,31826.1,67300,23100,15-JAN-2024,
OPTIDX,NIFTY,25-Jan-2024,23500,CE,3.25,3.5,2.7,2.95,2.95,5018,58969.07,78000,78000,15-JAN-2024,
OPTIDX,NIFTY,25-Jan-2024,23550,CE,3.1,3.6,2.6,2.7,2.7,925,10893.17,21550,21550,15-JAN-2024,
OPTIDX,NIFTY,25-Jan-2024,23600,CE,3.1,3.8,2,2.6,2.6,2484,29314.43,56350,56350,15-JAN-2024,
OPTIDX,NIFTY,25-Jan-2024,23650,CE,2.7,3.05,2.4,2.6,2.6,1254,14830.2,18250,18250,15-JAN-2024,
OPTIDX,NIFTY,25-Jan-2024,17350,PE,1.45,2.1,1.4,1.75,1.75,127,1101.82,21300,-2100,15-JAN-2024,
OPTIDX,NIFTY,25-Jan-2024,17400,PE,1.2,1.85,1.2,1.8,1.8,86,748.27,9900,-1150,15-JAN-2024,
OPTIDX,NIFTY,25-Jan-2024,17450,PE,1.4,1.7,1.25,1.35,0.05,26,226.86,2250,-50,15-JAN-2024,
OPTIDX,NIFTY,25-Jan-2024,17500,PE,1.75,2.6,1.6,2.45,2.45,1824,15961.75,279100,-12900,15-JAN-2024,
OPTIDX,NIFTY,25-Jan-2024,17550,PE,2.1,3.9,1.7,2.25,2.25,36,315.93,2350,-250,15-JAN-2024,
OPTIDX,NIFTY,25-Jan-2024,17600,PE,1.95,1.95,1.3,1.8,0.05,27,237.62,3000,-400,15-JAN-2024,
OPTIDX,NIFTY,25-Jan-2024,17650,PE,0,0,0,3.05,0.05,0,0,800,0,15-JAN-2024,
OPTIDX,NIFTY,25-Jan-2024,17700,PE,1.5,1.9,1.5,1.8,0.05,9,79.65,2600,0,15-JAN-2024,
OPTIDX,NIFTY,25-Jan-2024,17750,PE,2,2.7,1.75,2.25,2.25,19,168.64,1650,150,15-JAN-2024,
OPTIDX,NIFTY,25-Jan-2024,17800,PE,2.7,2.7,1.7,1.7,0.05,111,987.99,5450,2650,15-JAN-2024,
OPTIDX,NIFTY,25-Jan-2024,17850,PE,1.1,2.9,1.1,2.35,0.05,165,1472.79,4350,3000,15-JAN-2024,
OPTIDX,NIFTY,25-Jan-2024,17900,PE,0,0,0,3.05,0.05,0,0,650,0,15-JAN-2024,
OPTIDX,NIFTY,25-Jan-2024,17950,PE,2.4,2.4,1.5,2.3,0.05,67,601.39,1300,350,15-JAN-2024,
OPTIDX,NIFTY,25-Jan-2024,18000,PE,1.25,2.15,1.25,2,2,3772,33951.09,445350,4450,15-JAN-2024,
OPTIDX,NIFTY,25-Jan-2024,18050,PE,3,3,2.4,2.4,0.05,10,90.26,1100,0,15-JAN-2024,
OPTIDX,NIFTY,25-Jan-2024,18100,PE,1.15,2.4,1.15,2.4,0.05,200,1810.22,14300,3500,15-JAN-2024,
OPTIDX,NIFTY,25-Jan-2024,18150,PE,0,0,0,34.9,0.05,0,0,3000,0,15-JAN-2024,
OPTIDX,NIFTY,25-Jan-2024,18200,PE,2.45,2.9,2.05,2.4,0.05,198,1802.01,40600,3400,15-JAN-2024,
OPTIDX,NIFTY,25-Jan-2024,18250,PE,0,0,0,3,0.05,0,0,1450,0,15-JAN-2024,
OPTIDX,NIFTY,25-Jan-2024,18300,PE,2.25,2.7,2.05,2.7,0.05,65,594.82,50950,-1800,15-JAN-2024,
OPTIDX,NIFTY,25-Jan-2024,18350,PE,0,0,0,17.05,0.05,0,0,2950,0,15-JAN-2024,
OPTIDX,NIFTY,25-Jan-2024,18400,PE,2,2.75,2,2.6,2.6,27,248.43,47850,0,15-JAN-2024,
OPTIDX,NIFTY,25-Jan-2024,18450,PE,0,0,0,3.1,0.05,0,0,3000,0,15-JAN-2024,
OPTIDX,NIFTY,25-Jan-2024,18500,PE,2.3,2.75,1.85,2.5,2.5,254,2349.81,211100,-500,15-JAN-2024,
OPTIDX,NIFTY,25-Jan-2024,18550,PE,0,0,0,3,0.05,0,0,1750,0,15-JAN-2024,
OPTIDX,NIFTY,25-Jan-2024,18600,PE,2.6,3.8,2.6,3.45,3.45,299,2781.13,76750,-2150,15-JAN-2024,
OPTIDX,NIFTY,25-Jan-2024,18650,PE,0,0,0,2.45,0.05,0,0,2350,0,15-JAN-2024,
OPTIDX,NIFTY,25-Jan-2024,18700,PE,2.8,3.65,2.8,3.55,3.55,646,6041.16,102950,-1650,15-JAN-2024,
OPTIDX,NIFTY,25-Jan-2024,18750,PE,0,0,0,2.9,0.05,0,0,6700,0,15-JAN-2024,
OPTIDX,NIFTY,25-Jan-2024,18800,PE,2.9,3.75,2.9,3.6,3.6,254,2388.01,117700,-450,15-JAN-2024,
OPTIDX,NIFTY,25-Jan-2024,18850,PE,0,0,0,2.25,0.05,0,0,1300,0,15-JAN-2024,
OPTIDX,NIFTY,25-Jan-2024,18900,PE,3,3.75,3,3.35,3.35,25,236.29,40350,-50,15-JAN-2024,
OPTIDX,NIFTY,25-Jan-2024,18950,PE,2.35,3.7,2.35,3.55,3.55,5,47.38,2300,-50,15-JAN-2024,
OPTIDX,NIFTY,25-Jan-2024,19000,PE,2.6,3.7,2.6,3.5,3.5,2746,26091.26,951250,-16000,15-JAN-2024,
OPTIDX,NIFTY,25-Jan-2024,19050,PE,4.2,4.2,3.25,3.25,0.05,3,28.58,5800,100,15-JAN-2024,
OPTIDX,NIFTY,25-Jan-2024,19100,PE,3.55,3.9,2.25,3.4,3.4,28,267.44,35500,-500,15-JAN-2024,
OPTIDX,NIFTY,25-Jan-2024,19150,PE,3.95,3.95,3.95,3.95,3.95,2,19.15,3300,0,15-JAN-2024,
OPTIDX,NIFTY,25-Jan-2024,19200,PE,3.2,3.75,2.5,3.7,3.7,158,1517.07,46950,-3750,15-JAN-2024,
OPTIDX,NIFTY,25-Jan-2024,19250,PE,2.95,2.95,2.3,2.85,0.05,46,442.81,14050,0,15-JAN-2024,
OPTIDX,NIFTY,25-Jan-2024,19300,PE,2.75,3.3,2.45,3.1,3.1,270,2605.89,111250,-450,15-JAN-2024,
OPTIDX,NIFTY,25-Jan-2024,19350,PE,3.35,3.35,2.35,3.35,0.05,16,154.82,6800,100,15-JAN-2024,
OPTIDX,NIFTY,25-Jan-2024,19400,PE,2.75,3.95,2.75,3.65,3.65,725,7033.75,69400,-350,15-JAN-2024,
OPTIDX,NIFTY,25-Jan-2024,19450,PE,3.05,3.05,2.25,3.05,0.05,24,233.43,10650,-900,15-JAN-2024,
OPTIDX,NIFTY,25-Jan-2024,19500,PE,2.85,3.55,2.3,3.4,3.4,4010,39103.51,1082550,-29600,15-JAN-2024,
OPTIDX,NIFTY,25-Jan-2024,19550,PE,2.95,3.9,2.95,3.45,3.45,228,2229.07,17700,-2800,15-JAN-2024,
OPTIDX,NIFTY,25-Jan-2024,19600,PE,2.8,3.95,2.8,3.65,3.65,1538,15074.94,65350,3150,15-JAN-2024,
OPTIDX,NIFTY,25-Jan-2024,19650,PE,3.05,4.05,3.05,3.9,3.9,295,2898.88,15350,-1850,15-JAN-2024,
OPTIDX,NIFTY,25-Jan-2024,19700,PE,2.9,4.25,2.85,3.95,3.95,1682,16570.92,83150,5800,15-JAN-2024,
OPTIDX,NIFTY,25-Jan-2024,19750,PE,3.5,4,3,3.8,3.8,244,2409.93,23150,-250,15-JAN-2024,
OPTIDX,NIFTY,25-Jan-2024,19800,PE,3.4,4.3,3.05,4.1,4.1,3088,30576.88,175200,-8150,15-JAN-2024,
OPTIDX,NIFTY,25-Jan-2024,19850,PE,3.2,4.4,3.2,4.3,4.3,274,2719.97,9300,350,15-JAN-2024,
OPTIDX,NIFTY,25-Jan-2024,19900,PE,3.9,4.75,3.25,4.55,4.55,1373,13664.15,137950,-13300,15-JAN-2024,
OPTIDX,NIFTY,25-Jan-2024,19950,PE,3.7,5.05,3.7,4.65,4.65,436,4350.06,25150,100,15-JAN-2024,
OPTIDX,NIFTY,25-Jan-2024,20000,PE,4.8,5.55,4.05,5.15,5.15,18942,189465.61,2325350,-18850,15-JAN-2024,
OPTIDX,NIFTY,25-Jan-2024,20050,PE,4.35,5.6,4.3,5.15,5.15,605,6066.57,31150,400,15-JAN-2024,
OPTIDX,NIFTY,25-Jan-2024,20100,PE,4.5,6,4.35,5.35,5.35,2033,20436.74,128900,-9450,15-JAN-2024,
OPTIDX,NIFTY,25-Jan-2024,20150,PE,4.2,5.75,3.8,5.4,5.4,472,4756.58,32150,350,15-JAN-2024,
OPTIDX,NIFTY,25-Jan-2024,20200,PE,5.8,6.2,4.7,5.8,5.8,4402,44472.15,463200,-43350,15-JAN-2024,
OPTIDX,NIFTY,25-Jan-2024,20250,PE,4.85,6.6,4.85,5.8,5.8,651,6593.15,33000,-700,15-JAN-2024,
OPTIDX,NIFTY,25-Jan-2024,20300,PE,4.05,6.7,4.05,6.3,6.3,6455,65537.11,338700,-8100,15-JAN-2024,
OPTIDX,NIFTY,25-Jan-2024,20350,PE,5,6.8,5,6.35,6.35,1336,13597.8,40200,-16950,15-JAN-2024,
OPTIDX,NIFTY,25-Jan-2024,20400,PE,5.75,7,4.8,6.4,6.4,9757,99551.56,271900,-130550,15-JAN-2024,
OPTIDX,NIFTY,25-Jan-2024,20450,PE,5.9,7.15,5.5,6.65,6.65,3143,32147.48,57800,-3300,15-JAN-2024,
OPTIDX,NIFTY,25-Jan-2024,20500,PE,4.25,7.85,4.25,7.25,7.25,43339,444379.37,3408150,-43300,15-JAN-2024,
OPTIDX,NIFTY,25-Jan-2024,20550,PE,7,7.95,6.25,7.35,7.35,2664,27382.35,37350,-11850,15-JAN-2024,
OPTIDX,NIFTY,25-Jan-2024,20600,PE,7.15,9.35,6.3,7.9,7.9,14152,145819.34,584150,-43800,15-JAN-2024,
OPTIDX,NIFTY,25-Jan-2024,20650,PE,6.65,8.35,6.15,7.5,7.5,4794,49516.07,313500,-6350,15-JAN-2024,
OPTIDX,NIFTY,25-Jan-2024,20700,PE,9,9.7,5.8,8.45,8.45,15503,160522.99,695850,-98250,15-JAN-2024,
OPTIDX,NIFTY,25-Jan-2024,20750,PE,8.6,10.5,8,9.45,9.45,4339,45037.75,122000,-5450,15-JAN-2024,
OPTIDX,NIFTY,25-Jan-2024,20800,PE,12.55,12.55,8.55,10.05,10.05,26911,280008.49,1127000,-12500,15-JAN-2024,
OPTIDX,NIFTY,25-Jan-2024,20850,PE,13.7,13.7,9.35,11.15,11.15,6276,65462.51,101700,-29450,15-JAN-2024,
OPTIDX,NIFTY,25-Jan-2024,20900,PE,15.3,16.25,11.2,12.5,12.5,23152,242084.09,1417250,-84750,15-JAN-2024,
OPTIDX,NIFTY,25-Jan-2024,20950,PE,16.9,18.1,11.75,13.45,13.45,5328,55846.18,215100,-26350,15-JAN-2024,
OPTIDX,NIFTY,25-Jan-2024,21000,PE,16.05,19.95,13.35,15.1,15.1,72039,756953.85,3745350,-380450,15-JAN-2024,
OPTIDX,NIFTY,25-Jan-2024,21050,PE,17.75,18.95,14.7,16.45,16.45,7206,75902.4,123300,-23750,15-JAN-2024,
OPTIDX,NIFTY,25-Jan-2024,21100,PE,25,25,16.35,17.7,17.7,33827,357183.94,1095650,-135200,15-JAN-2024,
OPTIDX,NIFTY,25-Jan-2024,21150,PE,20.7,23.65,16.9,19.75,19.75,8500,89974.07,158000,3850,15-JAN-2024,
OPTIDX,NIFTY,25-Jan-2024,21200,PE,29.95,29.95,20.6,21.9,21.9,48649,516228.57,1183400,-133000,15-JAN-2024,
OPTIDX,NIFTY,25-Jan-2024,21250,PE,24.7,30.25,23.4,24.6,24.6,8890,94568.93,186100,-29300,15-JAN-2024,
OPTIDX,NIFTY,25-Jan-2024,21300,PE,34.9,34.9,25.05,27.25,27.25,44000,469229.42,1728050,65600,15-JAN-2024,
OPTIDX,NIFTY,25-Jan-2024,21350,PE,31.3,38.3,29,30.1,30.1,7310,78151.39,151350,9500,15-JAN-2024,
OPTIDX,NIFTY,25-Jan-2024,21400,PE,40.35,43.75,31.65,33.95,33.95,54869,588084.43,1726250,-60250,15-JAN-2024,
OPTIDX,NIFTY,25-Jan-2024,21450,PE,50,50,36,37.2,37.2,10145,109010.52,203950,10350,15-JAN-2024,
OPTIDX,NIFTY,25-Jan-2024,21500,PE,42.45,56.5,39.7,41.8,41.8,104247,1123020.83,3493650,74550,15-JAN-2024,
OPTIDX,NIFTY,25-Jan-2024,21550,PE,54,63.65,44.05,46.15,46.15,15959,172358.77,413500,161600,15-JAN-2024,
OPTIDX,NIFTY,25-Jan-2024,21600,PE,53,72.75,49.5,52.1,52.1,72120,780965.26,2022200,-14700,15-JAN-2024,
OPTIDX,NIFTY,25-Jan-2024,21650,PE,65.3,82.55,56.3,58.7,58.7,13781,149631.9,314850,17050,15-JAN-2024,
OPTIDX,NIFTY,25-Jan-2024,21700,PE,78.5,94.15,60,65.75,65.75,105838,1152275.15,3211200,-214850,15-JAN-2024,
OPTIDX,NIFTY,25-Jan-2024,21750,PE,80,107.35,72,75.65,75.65,30284,330645.95,402950,84400,15-JAN-2024,
OPTIDX,NIFTY,25-Jan-2024,21800,PE,113.5,122,80.8,85,85,138372,1514883,2543000,392250,15-JAN-2024,
OPTIDX,NIFTY,25-Jan-2024,21850,PE,111.95,139.1,92.55,97.4,97.4,18466,202751.56,337350,8300,15-JAN-2024,
OPTIDX,NIFTY,25-Jan-2024,21900,PE,135.45,158,104.9,109.8,109.8,85628,942987.4,1374400,369800,15-JAN-2024,
OPTIDX,NIFTY,25-Jan-2024,21950,PE,139.6,178.3,119.2,124.05,124.05,18459,203906.78,188100,40700,15-JAN-2024,
OPTIDX,NIFTY,25-Jan-2024,22000,PE,162.25,201.65,135,140.7,140.7,254243,2817282.95,3311000,1746350,15-JAN-2024,
OPTIDX,NIFTY,25-Jan-2024,22050,PE,194.95,225.3,152.5,159.35,159.35,35927,399396.06,337850,296200,15-JAN-2024,
OPTIDX,NIFTY,25-Jan-2024,22100,PE,210.4,252,171.55,178.9,178.9,107267,1196142.23,883350,731250,15-JAN-2024,
OPTIDX,NIFTY,25-Jan-2024,22150,PE,249.05,280.45,193.7,202,202,9057,101312.96,135950,86950,15-JAN-2024,
OPTIDX,NIFTY,25-Jan-2024,22200,PE,270,311.7,218,226.65,226.65,33010,370630.57,376700,252800,15-JAN-2024,
OPTIDX,NIFTY,25-Jan-2024,22250,PE,328.3,342.85,245.1,255.9,255.9,2754,31031.16,76500,33850,15-JAN-2024,
OPTIDX,NIFTY,25-Jan-2024,22300,PE,301.55,379,274,283.65,283.65,13503,152679.85,147800,76200,15-JAN-2024,
OPTIDX,NIFTY,25-Jan-2024,22350,PE,379.95,415.8,305.75,313.9,313.9,634,7192.44,47550,7950,15-JAN-2024,
OPTIDX,NIFTY,25-Jan-2024,22400,PE,421.25,453.95,340,351.35,351.35,3135,35714.39,73450,21650,15-JAN-2024,
OPTIDX,NIFTY,25-Jan-2024,22450,PE,425,491.45,371.6,381.25,381.25,125,1429.21,22000,1700,15-JAN-2024,
OPTIDX,NIFTY,25-Jan-2024,22500,PE,500,536.45,409.3,423.9,423.9,27227,312623.56,697350,68350,15-JAN-2024,
OPTIDX,NIFTY,25-Jan-2024,22550,PE,522.05,549.05,451,456,456,85,979.11,12250,400,15-JAN-2024,
OPTIDX,NIFTY,25-Jan-2024,22600,PE,575,622.45,488.15,503.7,503.7,949,10982.34,50600,15900,15-JAN-2024,
OPTIDX,NIFTY,25-Jan-2024,22650,PE,579.95,579.95,540,541.6,541.6,9,104.48,7850,-150,15-JAN-2024,
OPTIDX,NIFTY,25-Jan-2024,22700,PE,640,710.45,577.5,587.1,587.1,689,8034.7,31250,16900,15-JAN-2024,
OPTIDX,NIFTY,25-Jan-2024,22750,PE,656.35,656.35,656.35,656.35,656.35,2,23.4,1800,100,15-JAN-2024,
OPTIDX,NIFTY,25-Jan-2024,22800,PE,748.85,808.8,670,682.7,682.7,134,1576.24,12500,400,15-JAN-2024,
OPTIDX,NIFTY,25-Jan-2024,22850,PE,0,0,0,1285,721.8,0,0,900,0,15-JAN-2024,
OPTIDX,NIFTY,25-Jan-2024,22900,PE,857.2,893.2,762.45,769.05,769.05,89,1056.03,107750,-1550,15-JAN-2024,
OPTIDX,NIFTY,25-Jan-2024,22950,PE,0,0,0,1267.9,816.95,0,0,5450,0,15-JAN-2024,
OPTIDX,NIFTY,25-Jan-2024,23000,PE,959,1000.95,853.15,870.45,870.45,1534,18346.26,371050,50,15-JAN-2024,
OPTIDX,NIFTY,25-Jan-2024,23050,PE,0,0,0,1308.25,913.9,0,0,200,0,15-JAN-2024,
OPTIDX,NIFTY,25-Jan-2024,23100,PE,1049.9,1054.75,956.85,966.25,966.25,56,675.14,3350,350,15-JAN-2024,
OPTIDX,NIFTY,25-Jan-2024,23150,PE,0,0,0,1512.45,1011.95,0,0,500,0,15-JAN-2024,
OPTIDX,NIFTY,25-Jan-2024,23200,PE,1145,1147.1,1063.05,1063.75,1063.75,40,485.76,2000,100,15-JAN-2024,
OPTIDX,NIFTY,25-Jan-2024,23250,PE,1130.45,1130.45,1130.45,1130.45,1110.75,1,12.19,100,50,15-JAN-2024,
OPTIDX,NIFTY,25-Jan-2024,23300,PE,1238.35,1250,1158,1162.7,1162.7,36,441.07,8550,-650,15-JAN-2024,
OPTIDX,NIFTY,25-Jan-2024,23350,PE,0,0,0,2434.2,1210,0,0,0,0,15-JAN-2024,
OPTIDX,NIFTY,25-Jan-2024,23400,PE,1349.2,1363.55,1252,1259.95,1259.95,41,506.17,1800,1050,15-JAN-2024,
OPTIDX,NIFTY,25-Jan-2024,23450,PE,1377.1,1431.35,1377.1,1431.35,1309.5,2,24.85,0,0,15-JAN-2024,
OPTIDX,NIFTY,25-Jan-2024,23500,PE,1385,1385,1351.4,1359.65,1359.65,64,795.74,3200,3200,15-JAN-2024,
OPTIDX,NIFTY,25-Jan-2024,23550,PE,0,0,0,2628.65,1409.2,0,0,0,0,15-JAN-2024,
OPTIDX,NIFTY,25-Jan-2024,23600,PE,0,0,0,2677.45,1459.05,0,0,0,0,15-JAN-2024,
OPTIDX,NIFTY,25-Jan-2024,23650,PE,0,0,0,2726.3,1508.9,0,0,0,0,15-JAN-2024,
OPTIDX,NIFTY,01-Feb-2024,19750,CE,0,0,0,1692.15,2409.45,0,0,0,0,15-JAN-2024,
OPTIDX,NIFTY,01-Feb-2024,19800,CE,0,0,0,1645.4,2359.6,0,0,0,0,15-JAN-2024,
OPTIDX,NIFTY,01-Feb-2024,19850,CE,0,0,0,1806.35,2309.75,0,0,50,0,15-JAN-2024,
OPTIDX,NIFTY,01-Feb-2024,19900,CE,0,0,0,1725.3,2259.9,0,0,50,0,15-JAN-2024,
OPTIDX,NIFTY,01-Feb-2024,19950,CE,0,0,0,1507.15,2210.05,0,0,0,0,15-JAN-2024,
OPTIDX,NIFTY,01-Feb-2024,20000,CE,0,0,0,1675,2160.25,0,0,200,0,15-JAN-2024,
OPTIDX,NIFTY,01-Feb-2024,20050,CE,0,0,0,1416.75,2110.4,0,0,0,0,15-JAN-2024,
OPTIDX,NIFTY,01-Feb-2024,20100,CE,0,0,0,1372.2,2060.55,0,0,0,0,15-JAN-2024,
OPTIDX,NIFTY,01-Feb-2024,20150,CE,0,0,0,1328.05,2010.7,0,0,0,0,15-JAN-2024,
OPTIDX,NIFTY,01-Feb-2024,20200,CE,0,0,0,1425,1960.9,0,0,150,0,15-JAN-2024,
OPTIDX,NIFTY,01-Feb-2024,20250,CE,0,0,0,1241.25,1911.05,0,0,0,0,15-JAN-2024,
OPTIDX,NIFTY,01-Feb-2024,20300,CE,0,0,0,1198.65,1861.25,0,0,0,0,15-JAN-2024,
OPTIDX,NIFTY,01-Feb-2024,20350,CE,0,0,0,1156.6,1811.4,0,0,0,0,15-JAN-2024,
OPTIDX,NIFTY,01-Feb-2024,20400,CE,0,0,0,1115.1,1761.6,0,0,0,0,15-JAN-2024,
OPTIDX,NIFTY,01-Feb-2024,20450,CE,0,0,0,1074.2,1711.8,0,0,0,0,15-JAN-2024,
OPTIDX,NIFTY,01-Feb-2024,20500,CE,0,0,0,1033.95,1662.05,0,0,0,0,15-JAN-2024,
OPTIDX,NIFTY,01-Feb-2024,20550,CE,0,0,0,994.35,1612.3,0,0,0,0,15-JAN-2024,
OPTIDX,NIFTY,01-Feb-2024,20600,CE,0,0,0,955.45,1562.55,0,0,0,0,15-JAN-2024,
OPTIDX,NIFTY,01-Feb-2024,20650,CE,0,0,0,917.25,1512.9,0,0,0,0,15-JAN-2024,
OPTIDX,NIFTY,01-Feb-2024,20700,CE,0,0,0,879.8,1463.25,0,0,0,0,15-JAN-2024,
OPTIDX,NIFTY,01-Feb-2024,20750,CE,0,0,0,843.85,1413.7,0,0,0,0,15-JAN-2024,
OPTIDX,NIFTY,01-Feb-2024,20800,CE,0,0,0,1143.5,1364.2,0,0,50,0,15-JAN-2024,
OPTIDX,NIFTY,01-Feb-2024,20850,CE,0,0,0,771.95,1314.85,0,0,0,0,15-JAN-2024,
OPTIDX,NIFTY,01-Feb-2024,20900,CE,0,0,0,737.65,1265.6,0,0,0,0,15-JAN-2024,
OPTIDX,NIFTY,01-Feb-2024,20950,CE,0,0,0,704.2,1216.5,0,0,0,0,15-JAN-2024,
OPTIDX,NIFTY,01-Feb-2024,21000,CE,1144.95,1220.4,1085,1214.5,1214.5,140,1549.81,41100,-2450,15-JAN-2024,
OPTIDX,NIFTY,01-Feb-2024,21050,CE,0,0,0,639.9,1118.9,0,0,0,0,15-JAN-2024,
OPTIDX,NIFTY,01-Feb-2024,21100,CE,1100.2,1100.2,1025,1046.3,1070.45,21,232.45,350,350,15-JAN-2024,
OPTIDX,NIFTY,01-Feb-2024,21150,CE,0,0,0,645,1022.35,0,0,50,0,15-JAN-2024,
OPTIDX,NIFTY,01-Feb-2024,21200,CE,950,990,929.3,970,974.65,47,520.87,1450,1200,15-JAN-2024,
OPTIDX,NIFTY,01-Feb-2024,21250,CE,0,0,0,684.35,927.35,0,0,1100,0,15-JAN-2024,
OPTIDX,NIFTY,01-Feb-2024,21300,CE,870,945.95,870,945.95,945.95,3,33.29,77850,0,15-JAN-2024,
OPTIDX,NIFTY,01-Feb-2024,21350,CE,0,0,0,722,834.35,0,0,2450,0,15-JAN-2024,
OPTIDX,NIFTY,01-Feb-2024,21400,CE,0,0,0,685,788.8,0,0,23450,0,15-JAN-2024,
OPTIDX,NIFTY,01-Feb-2024,21450,CE,0,0,0,465.65,743.95,0,0,6150,0,15-JAN-2024,
OPTIDX,NIFTY,01-Feb-2024,21500,CE,627.4,768.05,627.4,758.9,758.9,792,8793.36,209500,-17900,15-JAN-2024,
OPTIDX,NIFTY,01-Feb-2024,21550,CE,624,722.4,610,713.4,713.4,908,10091.94,33100,28400,15-JAN-2024,
OPTIDX,NIFTY,01-Feb-2024,21600,CE,610.25,683.3,582,673.75,673.75,173,1923.4,52250,1400,15-JAN-2024,
OPTIDX,NIFTY,01-Feb-2024,21650,CE,600,641.55,537.4,631.25,631.25,356,3957.7,13250,-10050,15-JAN-2024,
OPTIDX,NIFTY,01-Feb-2024,21700,CE,527.65,602.45,494.3,594.05,594.05,911,10135.52,182950,-10050,15-JAN-2024,
OPTIDX,NIFTY,01-Feb-2024,21750,CE,514.7,561.55,456,553.15,553.15,307,3410.98,5700,-8550,15-JAN-2024,
OPTIDX,NIFTY,01-Feb-2024,21800,CE,449.75,525.75,425,515,515,2759,30733.98,38550,-62150,15-JAN-2024,
OPTIDX,NIFTY,01-Feb-2024,21850,CE,436.6,488.5,392.05,480.1,480.1,331,3689.41,5000,-7000,15-JAN-2024,
OPTIDX,NIFTY,01-Feb-2024,21900,CE,389.95,452.55,359.85,441.9,441.9,2024,22581.92,32300,3950,15-JAN-2024,
OPTIDX,NIFTY,01-Feb-2024,21950,CE,310.1,416.55,310.05,405.95,405.95,1879,20978.25,50800,37350,15-JAN-2024,
OPTIDX,NIFTY,01-Feb-2024,22000,CE,318,385.9,301.05,376.4,376.4,12085,135001.66,242250,130000,15-JAN-2024,
OPTIDX,NIFTY,01-Feb-2024,22050,CE,305.45,367.85,273.25,346.7,346.7,1062,11876.86,14400,2050,15-JAN-2024,
OPTIDX,NIFTY,01-Feb-2024,22100,CE,257.05,325,247.55,317.3,317.3,4501,50390.29,61600,36300,15-JAN-2024,
OPTIDX,NIFTY,01-Feb-2024,22150,CE,244.65,295,223,288.4,288.4,1122,12574.87,16850,1350,15-JAN-2024,
OPTIDX,NIFTY,01-Feb-2024,22200,CE,215,268.75,200.35,261.35,261.35,5738,64364.94,54350,21800,15-JAN-2024,
OPTIDX,NIFTY,01-Feb-2024,22250,CE,203,242.75,178.45,235.25,235.25,3325,37358.59,17200,10150,15-JAN-2024,
OPTIDX,NIFTY,01-Feb-2024,22300,CE,180,255,158,211.85,211.85,5641,63451.87,94800,40350,15-JAN-2024,
OPTIDX,NIFTY,01-Feb-2024,22350,CE,154,197.3,140.5,189.25,189.25,1084,12206.65,18050,13700,15-JAN-2024,
OPTIDX,NIFTY,01-Feb-2024,22400,CE,136.6,184,124.85,169.3,169.3,2591,29216.48,36050,16000,15-JAN-2024,
OPTIDX,NIFTY,01-Feb-2024,22450,CE,122.85,177,109,152.2,152.2,393,4437.76,9800,7150,15-JAN-2024,
OPTIDX,NIFTY,01-Feb-2024,22500,CE,108.85,141.15,89.9,135.05,135.05,10394,117543.99,202450,57500,15-JAN-2024,
OPTIDX,NIFTY,01-Feb-2024,22550,CE,95.1,123.45,83.5,119.2,119.2,474,5369.45,11350,6150,15-JAN-2024,
OPTIDX,NIFTY,01-Feb-2024,22600,CE,80.65,108.65,71.4,102.6,102.6,2314,26251.15,64150,10300,15-JAN-2024,
OPTIDX,NIFTY,01-Feb-2024,22650,CE,80,94.15,66.2,91.45,91.45,470,5342.26,9750,5300,15-JAN-2024,
OPTIDX,NIFTY,01-Feb-2024,22700,CE,54.55,83.65,53.65,78.05,78.05,3129,35620.22,53100,11250,15-JAN-2024,
OPTIDX,NIFTY,01-Feb-2024,22750,CE,52.6,71.2,47.15,67.75,67.75,923,10526.05,18750,11850,15-JAN-2024,
OPTIDX,NIFTY,01-Feb-2024,22800,CE,47.55,64,40.6,59.65,59.65,2300,26278.14,47950,14200,15-JAN-2024,
OPTIDX,NIFTY,01-Feb-2024,22850,CE,39.05,54.5,35.05,51.8,51.8,589,6742.46,10000,3200,15-JAN-2024,
OPTIDX,NIFTY,01-Feb-2024,22900,CE,34.8,48.65,30.4,44.4,44.4,2613,29967.62,38200,14400,15-JAN-2024,
OPTIDX,NIFTY,01-Feb-2024,22950,CE,30.5,42.15,25.85,39.3,39.3,981,11273.05,11100,2000,15-JAN-2024,
OPTIDX,NIFTY,01-Feb-2024,23000,CE,27,36.35,22.15,33.05,33.05,12349,142190.64,136700,-69700,15-JAN-2024,
OPTIDX,NIFTY,01-Feb-2024,23050,CE,25.15,30.95,18.75,29.2,29.2,452,5215,6000,1050,15-JAN-2024,
OPTIDX,NIFTY,01-Feb-2024,23100,CE,17.85,27.6,17.6,25.85,25.85,930,10751.78,18800,9100,15-JAN-2024,
OPTIDX,NIFTY,01-Feb-2024,23150,CE,17.65,24.5,15.6,22.45,22.45,357,4135.61,4950,1850,15-JAN-2024,
OPTIDX,NIFTY,01-Feb-2024,23200,CE,15.15,21.5,14.05,20.35,20.35,1216,14116.3,29050,13950,15-JAN-2024,
OPTIDX,NIFTY,01-Feb-2024,23250,CE,15,18.5,13.15,17.2,17.2,188,2186.95,6950,4200,15-JAN-2024,
OPTIDX,NIFTY,01-Feb-2024,23300,CE,12.7,17.6,11.15,15.65,15.65,1083,12624.09,38050,1900,15-JAN-2024,
OPTIDX,NIFTY,01-Feb-2024,23350,CE,6,14.9,6,13.5,13.5,219,2558.1,6700,4050,15-JAN-2024,
OPTIDX,NIFTY,01-Feb-2024,23400,CE,10.5,13.3,9.25,11.7,11.7,521,6098.56,14350,8550,15-JAN-2024,
OPTIDX,NIFTY,01-Feb-2024,23450,CE,9,14.2,8.85,11.05,11.05,1691,19835.73,32850,20900,15-JAN-2024,
OPTIDX,NIFTY,01-Feb-2024,23500,CE,9.95,10,7.8,9.75,9.75,896,10532.14,28100,28100,15-JAN-2024,
OPTIDX,NIFTY,01-Feb-2024,23550,CE,8,9.35,7.95,9.2,9.2,77,907,3500,3500,15-JAN-2024,
OPTIDX,NIFTY,01-Feb-2024,23600,CE,11,11,6.95,8.35,8.35,114,1345.65,4850,4850,15-JAN-2024,
OPTIDX,NIFTY,01-Feb-2024,23650,CE,11,11,3,7.8,7.8,181,2140.99,6400,6400,15-JAN-2024,
OPTIDX,NIFTY,01-Feb-2024,19750,PE,0,0,0,22.55,0.05,0,0,0,0,15-JAN-2024,
OPTIDX,NIFTY,01-Feb-2024,19800,PE,0,0,0,25.4,0.05,0,0,0,0,15-JAN-2024,
OPTIDX,NIFTY,01-Feb-2024,19850,PE,0,0,0,28.6,0.05,0,0,0,0,15-JAN-2024,
OPTIDX,NIFTY,01-Feb-2024,19900,PE,0,0,0,32.05,0.05,0,0,0,0,15-JAN-2024,
OPTIDX,NIFTY,01-Feb-2024,19950,PE,0,0,0,7.65,0.05,0,0,2750,0,15-JAN-2024,
OPTIDX,NIFTY,01-Feb-2024,20000,PE,7.85,10,5.3,8.55,8.55,646,6462.52,33100,5800,15-JAN-2024,
OPTIDX,NIFTY,01-Feb-2024,20050,PE,0,0,0,12.55,0.05,0,0,2050,0,15-JAN-2024,
OPTIDX,NIFTY,01-Feb-2024,20100,PE,8.6,10.05,7.15,8.7,8.7,245,2463.3,4400,-5450,15-JAN-2024,
OPTIDX,NIFTY,01-Feb-2024,20150,PE,9.7,10.7,7.65,8.95,8.95,327,3296,5800,50,15-JAN-2024,
OPTIDX,NIFTY,01-Feb-2024,20200,PE,8.9,9.3,7.8,9,9,194,1960.23,12150,-550,15-JAN-2024,
OPTIDX,NIFTY,01-Feb-2024,20250,PE,0,0,0,11.4,0.05,0,0,1450,0,15-JAN-2024,
OPTIDX,NIFTY,01-Feb-2024,20300,PE,11.95,14.45,8.8,11.15,11.15,38,385.9,9850,100,15-JAN-2024,
OPTIDX,NIFTY,01-Feb-2024,20350,PE,0,0,0,25,0.1,0,0,2700,0,15-JAN-2024,
OPTIDX,NIFTY,01-Feb-2024,20400,PE,8.4,17.3,8.4,12.15,12.15,71,724.63,2600,550,15-JAN-2024,
OPTIDX,NIFTY,01-Feb-2024,20450,PE,0,0,0,30.5,0.15,0,0,1700,0,15-JAN-2024,
OPTIDX,NIFTY,01-Feb-2024,20500,PE,15.7,15.7,11.65,13.95,13.95,1419,14554.43,67550,-3500,15-JAN-2024,
OPTIDX,NIFTY,01-Feb-2024,20550,PE,0,0,0,17.55,0.35,0,0,4850,0,15-JAN-2024,
OPTIDX,NIFTY,01-Feb-2024,20600,PE,19.05,19.05,13.6,15.55,15.55,461,4751.82,12400,1500,15-JAN-2024,
OPTIDX,NIFTY,01-Feb-2024,20650,PE,11.1,17.1,11.1,16.5,16.5,18,185.99,4550,-150,15-JAN-2024,
OPTIDX,NIFTY,01-Feb-2024,20700,PE,22.05,23.2,16,17.45,17.45,1423,14740.29,31150,1300,15-JAN-2024,
OPTIDX,NIFTY,01-Feb-2024,20750,PE,19.15,20.2,18.45,18.45,18.45,39,405,2450,150,15-JAN-2024,
OPTIDX,NIFTY,01-Feb-2024,20800,PE,20.05,22.3,19,19.65,19.65,1738,18092.9,49500,17900,15-JAN-2024,
OPTIDX,NIFTY,01-Feb-2024,20850,PE,24.8,25.85,20.45,21.4,21.4,225,2348.15,5950,2450,15-JAN-2024,
OPTIDX,NIFTY,01-Feb-2024,20900,PE,24.8,28.55,22.8,23.85,23.85,2055,21500.35,59700,12200,15-JAN-2024,
OPTIDX,NIFTY,01-Feb-2024,20950,PE,30,31.65,25.5,26.75,26.75,292,3062.7,8450,-1300,15-JAN-2024,
OPTIDX,NIFTY,01-Feb-2024,21000,PE,31.95,36.1,28.85,29.95,29.95,5243,55133.65,178600,23000,15-JAN-2024,
OPTIDX,NIFTY,01-Feb-2024,21050,PE,41.25,41.25,31.55,32.3,32.3,301,3173.23,8650,700,15-JAN-2024,
OPTIDX,NIFTY,01-Feb-2024,21100,PE,37.75,44.05,34.45,35.7,35.7,3034,32065.88,37250,3000,15-JAN-2024,
OPTIDX,NIFTY,01-Feb-2024,21150,PE,40.5,44.3,37.85,39,39,309,3274.12,12700,3250,15-JAN-2024,
OPTIDX,NIFTY,01-Feb-2024,21200,PE,45.55,54.4,41.45,43.25,43.25,5441,57801.16,73400,52600,15-JAN-2024,
OPTIDX,NIFTY,01-Feb-2024,21250,PE,57,59.05,46.15,48,48,271,2886.42,13900,9150,15-JAN-2024,
OPTIDX,NIFTY,01-Feb-2024,21300,PE,57.65,66.15,50.6,52.8,52.8,4106,43843,153000,41650,15-JAN-2024,
OPTIDX,NIFTY,01-Feb-2024,21350,PE,57.5,70.55,55.2,56.4,56.4,277,2965.56,12350,6950,15-JAN-2024,
OPTIDX,NIFTY,01-Feb-2024,21400,PE,66,78,60.05,62.05,62.05,1162,12472.12,45500,9700,15-JAN-2024,
OPTIDX,NIFTY,01-Feb-2024,21450,PE,80.1,87,66.1,68.05,68.05,275,2959.67,8850,2300,15-JAN-2024,
OPTIDX,NIFTY,01-Feb-2024,21500,PE,86.7,99.15,72.4,74.85,74.85,6830,73709.13,355150,34950,15-JAN-2024,
OPTIDX,NIFTY,01-Feb-2024,21550,PE,100.5,107.7,78.25,79.85,79.85,423,4576.45,10950,5100,15-JAN-2024,
OPTIDX,NIFTY,01-Feb-2024,21600,PE,110.45,120.3,72,89.1,89.1,3587,38924.05,89750,35500,15-JAN-2024,
OPTIDX,NIFTY,01-Feb-2024,21650,PE,110.5,125.6,95,97.1,97.1,334,3633.93,19550,1250,15-JAN-2024,
OPTIDX,NIFTY,01-Feb-2024,21700,PE,139,146.8,104,108.5,108.5,3949,43092.35,221050,7900,15-JAN-2024,
OPTIDX,NIFTY,01-Feb-2024,21750,PE,140,164.15,114.9,120.3,120.3,1004,10986.32,21850,9600,15-JAN-2024,
OPTIDX,NIFTY,01-Feb-2024,21800,PE,159.9,178.5,125.6,129.5,129.5,9875,108368.09,238350,180400,15-JAN-2024,
OPTIDX,NIFTY,01-Feb-2024,21850,PE,180.6,194.8,140,143,143,942,10367.5,14500,5050,15-JAN-2024,
OPTIDX,NIFTY,01-Feb-2024,21900,PE,182.75,213.55,153.35,160.9,160.9,2720,30028.29,45250,15300,15-JAN-2024,
OPTIDX,NIFTY,01-Feb-2024,21950,PE,200,233.55,171.4,177.2,177.2,618,6842.67,17300,6850,15-JAN-2024,
OPTIDX,NIFTY,01-Feb-2024,22000,PE,223.85,256,188,193.1,193.1,9343,103787.06,184700,140200,15-JAN-2024,
OPTIDX,NIFTY,01-Feb-2024,22050,PE,256.6,278.4,206.35,215.05,215.05,1376,15332.23,17600,11700,15-JAN-2024,
OPTIDX,NIFTY,01-Feb-2024,22100,PE,279.9,301.45,226.1,232.15,232.15,3338,37312.2,48050,37550,15-JAN-2024,
OPTIDX,NIFTY,01-Feb-2024,22150,PE,303.8,305.6,248,251.9,251.9,245,2747.14,5150,5150,15-JAN-2024,
OPTIDX,NIFTY,01-Feb-2024,22200,PE,321.9,353.1,271.05,277,277,2089,23504.79,36150,18850,15-JAN-2024,
OPTIDX,NIFTY,01-Feb-2024,22250,PE,366.45,375,299.7,302.95,302.95,157,1771.6,3400,3400,15-JAN-2024,
OPTIDX,NIFTY,01-Feb-2024,22300,PE,362.55,410.6,323,329.5,329.5,778,8811.78,9750,9750,15-JAN-2024,
OPTIDX,NIFTY,01-Feb-2024,22350,PE,0,0,0,1032.9,335.85,0,0,0,0,15-JAN-2024,
OPTIDX,NIFTY,01-Feb-2024,22400,PE,425.05,474.9,380.65,383.85,383.85,181,2065.9,6050,6050,15-JAN-2024,
OPTIDX,NIFTY,01-Feb-2024,22450,PE,0,0,0,1113.85,401.55,0,0,0,0,15-JAN-2024,
OPTIDX,NIFTY,01-Feb-2024,22500,PE,501.05,546.45,439.55,450.15,450.15,387,4447.84,7150,7100,15-JAN-2024,
OPTIDX,NIFTY,01-Feb-2024,22550,PE,0,0,0,1197.05,473.15,0,0,0,0,15-JAN-2024,
OPTIDX,NIFTY,01-Feb-2024,22600,PE,0,0,0,1239.45,511,0,0,0,0,15-JAN-2024,
OPTIDX,NIFTY,01-Feb-2024,22650,PE,0,0,0,1282.3,550.1,0,0,0,0,15-JAN-2024,
OPTIDX,NIFTY,01-Feb-2024,22700,PE,0,0,0,1325.6,590.4,0,0,0,0,15-JAN-2024,
OPTIDX,NIFTY,01-Feb-2024,22750,PE,0,0,0,1369.35,631.8,0,0,0,0,15-JAN-2024,
OPTIDX,NIFTY,01-Feb-2024,22800,PE,0,0,0,1230,674.2,0,0,50,0,15-JAN-2024,
OPTIDX,NIFTY,01-Feb-2024,22850,PE,0,0,0,1458.1,717.5,0,0,0,0,15-JAN-2024,
OPTIDX,NIFTY,01-Feb-2024,22900,PE,0,0,0,1503.05,761.65,0,0,0,0,15-JAN-2024,
OPTIDX,NIFTY,01-Feb-2024,22950,PE,0,0,0,1548.3,806.6,0,0,0,0,15-JAN-2024,
OPTIDX,NIFTY,01-Feb-2024,23000,PE,928.95,946.9,851.95,856.35,856.35,12,143.3,600,600,15-JAN-2024,
OPTIDX,NIFTY,01-Feb-2024,23050,PE,0,0,0,1639.85,898.35,0,0,0,0,15-JAN-2024,
OPTIDX,NIFTY,01-Feb-2024,23100,PE,0,0,0,1686.05,945.1,0,0,0,0,15-JAN-2024,
OPTIDX,NIFTY,01-Feb-2024,23150,PE,0,0,0,1732.55,992.3,0,0,0,0,15-JAN-2024,
OPTIDX,NIFTY,01-Feb-2024,23200,PE,0,0,0,1779.25,1039.95,0,0,0,0,15-JAN-2024,
OPTIDX,NIFTY,01-Feb-2024,23250,PE,0,0,0,1826.25,1087.9,0,0,0,0,15-JAN-2024,
OPTIDX,NIFTY,01-Feb-2024,23300,PE,0,0,0,1873.45,1136.2,0,0,0,0,15-JAN-2024,
OPTIDX,NIFTY,01-Feb-2024,23350,PE,0,0,0,1920.8,1184.75,0,0,0,0,15-JAN-2024,
OPTIDX,NIFTY,01-Feb-2024,23400,PE,0,0,0,1968.4,1233.5,0,0,0,0,15-JAN-2024,
OPTIDX,NIFTY,01-Feb-2024,23450,PE,0,0,0,2016.15,1282.45,0,0,0,0,15-JAN-2024,
OPTIDX,NIFTY,01-Feb-2024,23500,PE,1396,1396,1336,1336,1336,9,111.88,450,450,15-JAN-2024,
OPTIDX,NIFTY,01-Feb-2024,23550,PE,0,0,0,2112.15,1380.85,0,0,0,0,15-JAN-2024,
OPTIDX,NIFTY,01-Feb-2024,23600,PE,0,0,0,2160.35,1430.25,0,0,0,0,15-JAN-2024,
OPTIDX,NIFTY,01-Feb-2024,23650,PE,0,0,0,2208.7,1479.7,0,0,0,0,15-JAN-2024,
OPTIDX,NIFTY,08-Feb-2024,19750,CE,0,0,0,2051,2434.95,0,0,0,0,15-JAN-2024,
OPTIDX,NIFTY,08-Feb-2024,19800,CE,0,0,0,2002.15,2385.15,0,0,0,0,15-JAN-2024,
OPTIDX,NIFTY,08-Feb-2024,19850,CE,0,0,0,1953.45,2335.4,0,0,0,0,15-JAN-2024,
OPTIDX,NIFTY,08-Feb-2024,19900,CE,0,0,0,1904.85,2285.6,0,0,0,0,15-JAN-2024,
OPTIDX,NIFTY,08-Feb-2024,19950,CE,0,0,0,1856.4,2235.85,0,0,0,0,15-JAN-2024,
OPTIDX,NIFTY,08-Feb-2024,20000,CE,0,0,0,1808.15,2186.1,0,0,0,0,15-JAN-2024,
OPTIDX,NIFTY,08-Feb-2024,20050,CE,0,0,0,1760.1,2136.35,0,0,0,0,15-JAN-2024,
OPTIDX,NIFTY,08-Feb-2024,20100,CE,0,0,0,1712.2,2086.6,0,0,0,0,15-JAN-2024,
OPTIDX,NIFTY,08-Feb-2024,20150,CE,0,0,0,1664.55,2036.85,0,0,0,0,15-JAN-2024,
OPTIDX,NIFTY,08-Feb-2024,20200,CE,0,0,0,1617.15,1987.15,0,0,0,0,15-JAN-2024,
OPTIDX,NIFTY,08-Feb-2024,20250,CE,0,0,0,1570.05,1937.45,0,0,0,0,15-JAN-2024,
OPTIDX,NIFTY,08-Feb-2024,20300,CE,0,0,0,1523.2,1887.75,0,0,0,0,15-JAN-2024,
OPTIDX,NIFTY,08-Feb-2024,20350,CE,0,0,0,1476.65,1838.15,0,0,0,0,15-JAN-2024,
OPTIDX,NIFTY,08-Feb-2024,20400,CE,0,0,0,1430.5,1788.5,0,0,0,0,15-JAN-2024,
OPTIDX,NIFTY,08-Feb-2024,20450,CE,0,0,0,1384.7,1738.95,0,0,0,0,15-JAN-2024,
OPTIDX,NIFTY,08-Feb-2024,20500,CE,0,0,0,1339.3,1689.4,0,0,0,0,15-JAN-2024,
OPTIDX,NIFTY,08-Feb-2024,20550,CE,0,0,0,1294.35,1639.95,0,0,0,0,15-JAN-2024,
OPTIDX,NIFTY,08-Feb-2024,20600,CE,0,0,0,1249.85,1590.6,0,0,0,0,15-JAN-2024,
OPTIDX,NIFTY,08-Feb-2024,20650,CE,0,0,0,1205.85,1541.3,0,0,0,0,15-JAN-2024,
OPTIDX,NIFTY,08-Feb-2024,20700,CE,0,0,0,1162.35,1492.15,0,0,0,0,15-JAN-2024,
OPTIDX,NIFTY,08-Feb-2024,20750,CE,0,0,0,1119.45,1443.1,0,0,0,0,15-JAN-2024,
OPTIDX,NIFTY,08-Feb-2024,20800,CE,0,0,0,1077.1,1394.25,0,0,0,0,15-JAN-2024,
OPTIDX,NIFTY,08-Feb-2024,20850,CE,0,0,0,1035.35,1345.55,0,0,0,0,15-JAN-2024,
OPTIDX,NIFTY,08-Feb-2024,20900,CE,0,0,0,994.3,1297.05,0,0,0,0,15-JAN-2024,
OPTIDX,NIFTY,08-Feb-2024,20950,CE,0,0,0,953.9,1248.85,0,0,0,0,15-JAN-2024,
OPTIDX,NIFTY,08-Feb-2024,21000,CE,0,0,0,914.25,1200.9,0,0,0,0,15-JAN-2024,
OPTIDX,NIFTY,08-Feb-2024,21050,CE,0,0,0,875.35,1153.25,0,0,0,0,15-JAN-2024,
OPTIDX,NIFTY,08-Feb-2024,21100,CE,0,0,0,837.2,1106,0,0,0,0,15-JAN-2024,
OPTIDX,NIFTY,08-Feb-2024,21150,CE,0,0,0,800.65,1059.15,0,0,0,0,15-JAN-2024,
OPTIDX,NIFTY,08-Feb-2024,21200,CE,0,0,0,763.15,1012.8,0,0,0,0,15-JAN-2024,
OPTIDX,NIFTY,08-Feb-2024,21250,CE,0,0,0,727.5,966.95,0,0,0,0,15-JAN-2024,
OPTIDX,NIFTY,08-Feb-2024,21300,CE,0,0,0,510,921.7,0,0,50,0,15-JAN-2024,
OPTIDX,NIFTY,08-Feb-2024,21350,CE,0,0,0,658.9,877.1,0,0,0,0,15-JAN-2024,
OPTIDX,NIFTY,08-Feb-2024,21400,CE,0,0,0,503,833.15,0,0,100,0,15-JAN-2024,
OPTIDX,NIFTY,08-Feb-2024,21450,CE,746.25,746.25,746.2,746.2,790,2,22.19,50,-50,15-JAN-2024,
OPTIDX,NIFTY,08-Feb-2024,21500,CE,751.3,822.15,719.65,808.75,808.75,65,723.29,3850,100,15-JAN-2024,
OPTIDX,NIFTY,08-Feb-2024,21550,CE,0,0,0,557.35,706.25,0,0,450,0,15-JAN-2024,
OPTIDX,NIFTY,08-Feb-2024,21600,CE,702.65,710.1,650.2,710.1,665.75,9,100.2,2600,-50,15-JAN-2024,
OPTIDX,NIFTY,08-Feb-2024,21650,CE,0,0,0,553.7,626.3,0,0,2450,0,15-JAN-2024,
OPTIDX,NIFTY,08-Feb-2024,21700,CE,557.55,642.25,557.55,638.55,638.55,19,211.81,4950,0,15-JAN-2024,
OPTIDX,NIFTY,08-Feb-2024,21750,CE,540,570,524.5,570,550.7,3,33.44,3400,0,15-JAN-2024,
OPTIDX,NIFTY,08-Feb-2024,21800,CE,529.95,586.15,480,575.75,575.75,86,960.29,6300,-2050,15-JAN-2024,
OPTIDX,NIFTY,08-Feb-2024,21850,CE,491.2,530.5,433.95,530.5,479.85,21,234.36,1800,-100,15-JAN-2024,
OPTIDX,NIFTY,08-Feb-2024,21900,CE,437.25,507.05,433,500.05,500.05,104,1163.12,4650,1950,15-JAN-2024,
OPTIDX,NIFTY,08-Feb-2024,21950,CE,415.75,463.25,415.75,463.25,414.15,7,78.41,300,300,15-JAN-2024,
OPTIDX,NIFTY,08-Feb-2024,22000,CE,377.45,440.05,356.35,433.5,433.5,1480,16577.33,44250,23100,15-JAN-2024,
OPTIDX,NIFTY,08-Feb-2024,22050,CE,346.8,410,346.8,393.85,393.85,130,1457.41,4250,4200,15-JAN-2024,
OPTIDX,NIFTY,08-Feb-2024,22100,CE,330.2,382.6,307.95,372.8,372.8,478,5364.67,14250,11750,15-JAN-2024,
OPTIDX,NIFTY,08-Feb-2024,22150,CE,302.1,351.7,297.55,343.3,343.3,67,752.79,4050,2100,15-JAN-2024,
OPTIDX,NIFTY,08-Feb-2024,22200,CE,281.9,324.05,260,318.65,318.65,393,4420.44,11500,8150,15-JAN-2024,
OPTIDX,NIFTY,08-Feb-2024,22250,CE,266.3,298,252.75,295.3,295.3,61,686.93,2300,2250,15-JAN-2024,
OPTIDX,NIFTY,08-Feb-2024,22300,CE,230.95,273.35,211,268.25,268.25,205,2311.1,8200,3950,15-JAN-2024,
OPTIDX,NIFTY,08-Feb-2024,22350,CE,223,251.45,200,243.3,243.3,79,891.47,1850,1850,15-JAN-2024,
OPTIDX,NIFTY,08-Feb-2024,22400,CE,188.25,224,176,218.25,218.25,136,1537.01,6850,3650,15-JAN-2024,
OPTIDX,NIFTY,08-Feb-2024,22450,CE,0,0,0,158.45,169.4,0,0,0,0,15-JAN-2024,
OPTIDX,NIFTY,08-Feb-2024,22500,CE,154.95,188.8,136.35,182.4,182.4,793,8986.99,26550,8250,15-JAN-2024,
OPTIDX,NIFTY,08-Feb-2024,22550,CE,160,160,160,160,136.9,1,11.35,950,0,15-JAN-2024,
OPTIDX,NIFTY,08-Feb-2024,22600,CE,123.95,151.6,112.5,145.2,145.2,204,2318.57,5300,2600,15-JAN-2024,
OPTIDX,NIFTY,08-Feb-2024,22650,CE,0,0,0,38.3,109.3,0,0,150,0,15-JAN-2024,
OPTIDX,NIFTY,08-Feb-2024,22700,CE,98.5,124.05,83.6,118.05,118.05,536,6112.4,7600,1000,15-JAN-2024,
OPTIDX,NIFTY,08-Feb-2024,22750,CE,0,0,0,95.8,86.2,0,0,0,0,15-JAN-2024,
OPTIDX,NIFTY,08-Feb-2024,22800,CE,62,101.3,62,92,92,296,3386.6,4600,1700,15-JAN-2024,
OPTIDX,NIFTY,08-Feb-2024,22850,CE,0,0,0,43.8,67.1,0,0,250,0,15-JAN-2024,
OPTIDX,NIFTY,08-Feb-2024,22900,CE,73.7,73.7,73.7,73.7,73.7,3,34.46,150,150,15-JAN-2024,
OPTIDX,NIFTY,08-Feb-2024,22950,CE,0,0,0,66.45,51.6,0,0,0,0,15-JAN-2024,
OPTIDX,NIFTY,08-Feb-2024,23000,CE,44.9,61.95,40.55,58.65,58.65,1619,18659.28,36100,16300,15-JAN-2024,
OPTIDX,NIFTY,08-Feb-2024,23050,CE,0,0,0,54.85,39.15,0,0,0,0,15-JAN-2024,
OPTIDX,NIFTY,08-Feb-2024,23100,CE,40,50.55,36.15,45.7,45.7,80,925.64,1850,1350,15-JAN-2024,
OPTIDX,NIFTY,08-Feb-2024,23150,CE,37,37,32.4,32.4,29.35,28,324.58,1150,300,15-JAN-2024,
OPTIDX,NIFTY,08-Feb-2024,23200,CE,29,40.8,28.3,36.15,36.15,60,696.97,2100,750,15-JAN-2024,
OPTIDX,NIFTY,08-Feb-2024,23250,CE,0,0,0,17.75,21.7,0,0,1300,0,15-JAN-2024,
OPTIDX,NIFTY,08-Feb-2024,23300,CE,19.9,32.15,19.9,29.9,29.9,324,3778.76,4350,3000,15-JAN-2024,
OPTIDX,NIFTY,08-Feb-2024,23350,CE,19.7,21.9,19.65,19.65,15.8,6,70.11,1350,50,15-JAN-2024,
OPTIDX,NIFTY,08-Feb-2024,23400,CE,19,24.1,18.4,24.1,24.1,20,234.19,900,900,15-JAN-2024,
OPTIDX,NIFTY,08-Feb-2024,23450,CE,19.05,23.9,11.65,20.4,20.4,174,2041.77,5950,2500,15-JAN-2024,
OPTIDX,NIFTY,08-Feb-2024,23500,CE,15,21.7,14.6,19.95,19.95,136,1599.26,5600,5600,15-JAN-2024,
OPTIDX,NIFTY,08-Feb-2024,23550,CE,16.9,16.9,16.1,16.3,16.3,41,483.1,1850,1850,15-JAN-2024,
OPTIDX,NIFTY,08-Feb-2024,23600,CE,17.1,18.75,13.15,15.8,15.8,33,389.63,1350,1350,15-JAN-2024,
OPTIDX,NIFTY,08-Feb-2024,23650,CE,3.5,21,3.5,18.2,18.2,73,863.7,2800,2800,15-JAN-2024,
OPTIDX,NIFTY,08-Feb-2024,19750,PE,0,0,0,4.8,0.05,0,0,0,0,15-JAN-2024,
OPTIDX,NIFTY,08-Feb-2024,19800,PE,0,0,0,5.6,0.05,0,0,0,0,15-JAN-2024,
OPTIDX,NIFTY,08-Feb-2024,19850,PE,0,0,0,6.55,0.05,0,0,0,0,15-JAN-2024,
OPTIDX,NIFTY,08-Feb-2024,19900,PE,0,0,0,7.65,0.05,0,0,0,0,15-JAN-2024,
OPTIDX,NIFTY,08-Feb-2024,19950,PE,0,0,0,8.85,0.05,0,0,0,0,15-JAN-2024,
OPTIDX,NIFTY,08-Feb-2024,20000,PE,16.05,16.05,7.55,11.15,0.1,68,680.37,2700,1900,15-JAN-2024,
OPTIDX,NIFTY,08-Feb-2024,20050,PE,0,0,0,11.8,0.1,0,0,0,0,15-JAN-2024,
OPTIDX,NIFTY,08-Feb-2024,20100,PE,0,0,0,15.95,0.15,0,0,250,0,15-JAN-2024,
OPTIDX,NIFTY,08-Feb-2024,20150,PE,0,0,0,15.6,0.2,0,0,0,0,15-JAN-2024,
OPTIDX,NIFTY,08-Feb-2024,20200,PE,0,0,0,17.85,0.25,0,0,0,0,15-JAN-2024,
OPTIDX,NIFTY,08-Feb-2024,20250,PE,0,0,0,20.35,0.3,0,0,0,0,15-JAN-2024,
OPTIDX,NIFTY,08-Feb-2024,20300,PE,0,0,0,23.2,0.45,0,0,0,0,15-JAN-2024,
OPTIDX,NIFTY,08-Feb-2024,20350,PE,0,0,0,26.3,0.55,0,0,0,0,15-JAN-2024,
OPTIDX,NIFTY,08-Feb-2024,20400,PE,21.7,21.7,21.7,21.7,0.7,3,30.63,750,0,15-JAN-2024,
OPTIDX,NIFTY,08-Feb-2024,20450,PE,0,0,0,33.65,0.95,0,0,0,0,15-JAN-2024,
OPTIDX,NIFTY,08-Feb-2024,20500,PE,23.85,23.85,18,18.85,18.85,278,2852.28,16750,6950,15-JAN-2024,
OPTIDX,NIFTY,08-Feb-2024,20550,PE,0,0,0,42.6,1.5,0,0,0,0,15-JAN-2024,
OPTIDX,NIFTY,08-Feb-2024,20600,PE,0,0,0,47.75,1.9,0,0,0,0,15-JAN-2024,
OPTIDX,NIFTY,08-Feb-2024,20650,PE,0,0,0,53.4,2.4,0,0,0,0,15-JAN-2024,
OPTIDX,NIFTY,08-Feb-2024,20700,PE,15.15,31.3,15.15,25.45,25.45,166,1720.37,8600,7100,15-JAN-2024,
OPTIDX,NIFTY,08-Feb-2024,20750,PE,0,0,0,62.65,3.75,0,0,0,0,15-JAN-2024,
OPTIDX,NIFTY,08-Feb-2024,20800,PE,0,0,0,73.6,4.65,0,0,0,0,15-JAN-2024,
OPTIDX,NIFTY,08-Feb-2024,20850,PE,0,0,0,81.55,5.75,0,0,0,0,15-JAN-2024,
OPTIDX,NIFTY,08-Feb-2024,20900,PE,40,41.65,35.35,36.65,36.65,86,900.35,4550,1400,15-JAN-2024,
OPTIDX,NIFTY,08-Feb-2024,20950,PE,0,0,0,99.4,8.6,0,0,0,0,15-JAN-2024,
OPTIDX,NIFTY,08-Feb-2024,21000,PE,55.55,55.55,41.05,42.95,42.95,939,9881.54,32650,10800,15-JAN-2024,
OPTIDX,NIFTY,08-Feb-2024,21050,PE,0,0,0,92.5,12.6,0,0,1000,0,15-JAN-2024,
OPTIDX,NIFTY,08-Feb-2024,21100,PE,57.3,63.1,50.25,52.2,52.2,44,465.41,3500,200,15-JAN-2024,
OPTIDX,NIFTY,08-Feb-2024,21150,PE,0,0,0,144.75,18.05,0,0,0,0,15-JAN-2024,
OPTIDX,NIFTY,08-Feb-2024,21200,PE,78.5,78.5,60.55,62.1,62.1,84,893.26,3350,400,15-JAN-2024,
OPTIDX,NIFTY,08-Feb-2024,21250,PE,0,0,0,170.9,25.4,0,0,0,0,15-JAN-2024,
OPTIDX,NIFTY,08-Feb-2024,21300,PE,75.75,88.05,69.05,70.4,70.4,142,1517.85,5800,450,15-JAN-2024,
OPTIDX,NIFTY,08-Feb-2024,21350,PE,0,0,0,201.55,35.1,0,0,0,0,15-JAN-2024,
OPTIDX,NIFTY,08-Feb-2024,21400,PE,108.85,109.6,82,83.6,83.6,65,698.72,7850,300,15-JAN-2024,
OPTIDX,NIFTY,08-Feb-2024,21450,PE,107,109,96.95,96.95,96.95,5,53.88,650,200,15-JAN-2024,
OPTIDX,NIFTY,08-Feb-2024,21500,PE,114.95,130.75,98.65,101.85,101.85,1134,12254.44,24700,6700,15-JAN-2024,
OPTIDX,NIFTY,08-Feb-2024,21550,PE,0,0,0,274.15,63.35,0,0,0,0,15-JAN-2024,
OPTIDX,NIFTY,08-Feb-2024,21600,PE,134,148.9,116,122.8,122.8,533,5791.73,14600,10800,15-JAN-2024,
OPTIDX,NIFTY,08-Feb-2024,21650,PE,136.55,151,130.05,131.25,131.25,27,294.12,1250,800,15-JAN-2024,
OPTIDX,NIFTY,08-Feb-2024,21700,PE,156,177.15,139,141,141,272,2971.61,14050,5100,15-JAN-2024,
OPTIDX,NIFTY,08-Feb-2024,21750,PE,186.15,190.9,156.55,158.75,158.75,80,877.04,3800,2200,15-JAN-2024,
OPTIDX,NIFTY,08-Feb-2024,21800,PE,199.35,215,164.8,171.75,171.75,345,3792.82,9000,4400,15-JAN-2024,
OPTIDX,NIFTY,08-Feb-2024,21850,PE,192,218.5,183.05,188.1,188.1,88,970.23,2950,1350,15-JAN-2024,
OPTIDX,NIFTY,08-Feb-2024,21900,PE,211.8,250,196.6,202.5,202.5,174,1924.26,6300,2500,15-JAN-2024,
OPTIDX,NIFTY,08-Feb-2024,21950,PE,233.25,253.2,217.7,220.55,220.55,67,742.95,2100,500,15-JAN-2024,
OPTIDX,NIFTY,08-Feb-2024,22000,PE,268.3,293,228.5,232.95,232.95,2382,26507.95,48700,34700,15-JAN-2024,
OPTIDX,NIFTY,08-Feb-2024,22050,PE,316.95,316.95,247.45,255.65,255.65,125,1395.67,3200,1400,15-JAN-2024,
OPTIDX,NIFTY,08-Feb-2024,22100,PE,311.75,336.05,269.95,275.25,275.25,210,2351.55,5100,3800,15-JAN-2024,
OPTIDX,NIFTY,08-Feb-2024,22150,PE,323.6,342,291.5,296.55,296.55,80,898.68,3250,3250,15-JAN-2024,
OPTIDX,NIFTY,08-Feb-2024,22200,PE,336.15,390,313.1,319.15,319.15,325,3662.43,8800,8800,15-JAN-2024,
OPTIDX,NIFTY,08-Feb-2024,22250,PE,358.15,395.65,342.6,344.9,344.9,63,712.65,3050,3050,15-JAN-2024,
OPTIDX,NIFTY,08-Feb-2024,22300,PE,485.55,485.55,365,365,365,2,22.72,100,50,15-JAN-2024,
OPTIDX,NIFTY,08-Feb-2024,22350,PE,0,0,0,721.05,360.7,0,0,0,0,15-JAN-2024,
OPTIDX,NIFTY,08-Feb-2024,22400,PE,557.25,557.25,557.25,557.25,557.25,1,11.47,50,50,15-JAN-2024,
OPTIDX,NIFTY,08-Feb-2024,22450,PE,0,0,0,793.45,422.5,0,0,0,0,15-JAN-2024,
OPTIDX,NIFTY,08-Feb-2024,22500,PE,567.85,567.85,476.35,486.05,486.05,84,966.35,3800,3600,15-JAN-2024,
OPTIDX,NIFTY,08-Feb-2024,22550,PE,0,0,0,869.15,489.55,0,0,0,0,15-JAN-2024,
OPTIDX,NIFTY,08-Feb-2024,22600,PE,555.5,555.5,542.35,542.35,542.35,2,23.14,100,100,15-JAN-2024,
OPTIDX,NIFTY,08-Feb-2024,22650,PE,0,0,0,947.6,561.55,0,0,0,0,15-JAN-2024,
OPTIDX,NIFTY,08-Feb-2024,22700,PE,0,0,0,987.85,599.2,0,0,0,0,15-JAN-2024,
OPTIDX,NIFTY,08-Feb-2024,22750,PE,0,0,0,1028.7,638,0,0,0,0,15-JAN-2024,
OPTIDX,NIFTY,08-Feb-2024,22800,PE,0,0,0,1070.2,677.75,0,0,0,0,15-JAN-2024,
OPTIDX,NIFTY,08-Feb-2024,22850,PE,0,0,0,1112.25,718.45,0,0,0,0,15-JAN-2024,
OPTIDX,NIFTY,08-Feb-2024,22900,PE,0,0,0,1154.85,760.05,0,0,0,0,15-JAN-2024,
OPTIDX,NIFTY,08-Feb-2024,22950,PE,0,0,0,1198,802.5,0,0,0,0,15-JAN-2024,
OPTIDX,NIFTY,08-Feb-2024,23000,PE,0,0,0,1241.6,845.7,0,0,0,0,15-JAN-2024,
OPTIDX,NIFTY,08-Feb-2024,23050,PE,0,0,0,1285.7,889.65,0,0,0,0,15-JAN-2024,
OPTIDX,NIFTY,08-Feb-2024,23100,PE,0,0,0,1330.2,934.2,0,0,0,0,15-JAN-2024,
OPTIDX,NIFTY,08-Feb-2024,23150,PE,0,0,0,1375.15,979.35,0,0,0,0,15-JAN-2024,
OPTIDX,NIFTY,08-Feb-2024,23200,PE,0,0,0,1420.5,1025.05,0,0,0,0,15-JAN-2024,
OPTIDX,NIFTY,08-Feb-2024,23250,PE,0,0,0,1466.15,1071.25,0,0,0,0,15-JAN-2024,
OPTIDX,NIFTY,08-Feb-2024,23300,PE,0,0,0,1512.2,1117.9,0,0,0,0,15-JAN-2024,
OPTIDX,NIFTY,08-Feb-2024,23350,PE,0,0,0,1558.5,1164.95,0,0,0,0,15-JAN-2024,
OPTIDX,NIFTY,08-Feb-2024,23400,PE,0,0,0,1605.15,1212.35,0,0,0,0,15-JAN-2024,
OPTIDX,NIFTY,08-Feb-2024,23450,PE,0,0,0,1652.05,1260.1,0,0,0,0,15-JAN-2024,
OPTIDX,NIFTY,08-Feb-2024,23500,PE,0,0,0,1699.2,1308.1,0,0,0,0,15-JAN-2024,
OPTIDX,NIFTY,08-Feb-2024,23550,PE,0,0,0,1746.55,1356.35,0,0,0,0,15-JAN-2024,
OPTIDX,NIFTY,08-Feb-2024,23600,PE,0,0,0,1794.15,1404.8,0,0,0,0,15-JAN-2024,
OPTIDX,NIFTY,08-Feb-2024,23650,PE,0,0,0,1841.95,1453.5,0,0,0,0,15-JAN-2024,
OPTIDX,NIFTY,15-Feb-2024,19900,CE,0,0,0,1893.55,2311.4,0,0,0,0,15-JAN-2024,
OPTIDX,NIFTY,15-Feb-2024,19950,CE,0,0,0,1845.15,2261.75,0,0,0,0,15-JAN-2024,
OPTIDX,NIFTY,15-Feb-2024,20000,CE,0,0,0,1796.85,2212.1,0,0,0,0,15-JAN-2024,
OPTIDX,NIFTY,15-Feb-2024,20050,CE,0,0,0,1748.8,2162.5,0,0,0,0,15-JAN-2024,
OPTIDX,NIFTY,15-Feb-2024,20100,CE,0,0,0,1700.9,2112.9,0,0,0,0,15-JAN-2024,
OPTIDX,NIFTY,15-Feb-2024,20150,CE,0,0,0,1653.3,2063.3,0,0,0,0,15-JAN-2024,
OPTIDX,NIFTY,15-Feb-2024,20200,CE,0,0,0,1605.9,2013.75,0,0,0,0,15-JAN-2024,
OPTIDX,NIFTY,15-Feb-2024,20250,CE,0,0,0,1558.75,1964.25,0,0,0,0,15-JAN-2024,
OPTIDX,NIFTY,15-Feb-2024,20300,CE,0,0,0,1511.9,1914.8,0,0,0,0,15-JAN-2024,
OPTIDX,NIFTY,15-Feb-2024,20350,CE,0,0,0,1465.4,1865.4,0,0,0,0,15-JAN-2024,
OPTIDX,NIFTY,15-Feb-2024,20400,CE,0,0,0,1419.25,1816.1,0,0,0,0,15-JAN-2024,
OPTIDX,NIFTY,15-Feb-2024,20450,CE,0,0,0,1373.5,1766.85,0,0,0,0,15-JAN-2024,
OPTIDX,NIFTY,15-Feb-2024,20500,CE,0,0,0,1328.1,1717.65,0,0,0,0,15-JAN-2024,
OPTIDX,NIFTY,15-Feb-2024,20550,CE,0,0,0,1283.15,1668.6,0,0,0,0,15-JAN-2024,
OPTIDX,NIFTY,15-Feb-2024,20600,CE,0,0,0,1238.7,1619.7,0,0,0,0,15-JAN-2024,
OPTIDX,NIFTY,15-Feb-2024,20650,CE,0,0,0,1194.75,1570.9,0,0,0,0,15-JAN-2024,
OPTIDX,NIFTY,15-Feb-2024,20700,CE,0,0,0,1151.3,1522.3,0,0,0,0,15-JAN-2024,
OPTIDX,NIFTY,15-Feb-2024,20750,CE,0,0,0,1108.4,1473.9,0,0,0,0,15-JAN-2024,
OPTIDX,NIFTY,15-Feb-2024,20800,CE,0,0,0,1066.1,1425.7,0,0,0,0,15-JAN-2024,
OPTIDX,NIFTY,15-Feb-2024,20850,CE,0,0,0,1024.45,1377.7,0,0,0,0,15-JAN-2024,
OPTIDX,NIFTY,15-Feb-2024,20900,CE,0,0,0,983.45,1330.05,0,0,0,0,15-JAN-2024,
OPTIDX,NIFTY,15-Feb-2024,20950,CE,0,0,0,943.15,1282.65,0,0,0,0,15-JAN-2024,
OPTIDX,NIFTY,15-Feb-2024,21000,CE,0,0,0,903.55,1235.65,0,0,0,0,15-JAN-2024,
OPTIDX,NIFTY,15-Feb-2024,21050,CE,0,0,0,864.75,1189,0,0,0,0,15-JAN-2024,
OPTIDX,NIFTY,15-Feb-2024,21100,CE,0,0,0,826.7,1142.75,0,0,0,0,15-JAN-2024,
OPTIDX,NIFTY,15-Feb-2024,21150,CE,0,0,0,790.25,1097,0,0,0,0,15-JAN-2024,
OPTIDX,NIFTY,15-Feb-2024,21200,CE,0,0,0,752.9,1051.8,0,0,0,0,15-JAN-2024,
OPTIDX,NIFTY,15-Feb-2024,21250,CE,0,0,0,717.4,1007.1,0,0,0,0,15-JAN-2024,
OPTIDX,NIFTY,15-Feb-2024,21300,CE,0,0,0,682.75,963.05,0,0,0,0,15-JAN-2024,
OPTIDX,NIFTY,15-Feb-2024,21350,CE,0,0,0,649.05,919.6,0,0,0,0,15-JAN-2024,
OPTIDX,NIFTY,15-Feb-2024,21400,CE,0,0,0,616.25,876.9,0,0,0,0,15-JAN-2024,
OPTIDX,NIFTY,15-Feb-2024,21450,CE,0,0,0,584.45,834.95,0,0,0,0,15-JAN-2024,
OPTIDX,NIFTY,15-Feb-2024,21500,CE,772.55,845.6,772.55,845.6,845.6,4,44.62,100,50,15-JAN-2024,
OPTIDX,NIFTY,15-Feb-2024,21550,CE,0,0,0,523.7,753.5,0,0,0,0,15-JAN-2024,
OPTIDX,NIFTY,15-Feb-2024,21600,CE,0,0,0,494.8,714.1,0,0,0,0,15-JAN-2024,
OPTIDX,NIFTY,15-Feb-2024,21650,CE,0,0,0,466.9,675.65,0,0,0,0,15-JAN-2024,
OPTIDX,NIFTY,15-Feb-2024,21700,CE,615,684.85,615,679.55,638.2,18,201.26,350,350,15-JAN-2024,
OPTIDX,NIFTY,15-Feb-2024,21750,CE,0,0,0,414.15,601.8,0,0,0,0,15-JAN-2024,
OPTIDX,NIFTY,15-Feb-2024,21800,CE,540.15,611.75,540.15,611.75,566.45,12,134.17,400,350,15-JAN-2024,
OPTIDX,NIFTY,15-Feb-2024,21850,CE,507.75,507.75,507.75,507.75,532.25,1,11.17,50,50,15-JAN-2024,
OPTIDX,NIFTY,15-Feb-2024,21900,CE,499.75,506.45,472.6,506.45,499.15,33,369.55,1550,1550,15-JAN-2024,
OPTIDX,NIFTY,15-Feb-2024,21950,CE,0,0,0,320.6,467.25,0,0,0,0,15-JAN-2024,
OPTIDX,NIFTY,15-Feb-2024,22000,CE,435.95,482.1,419.45,478.5,478.5,172,1930.34,7450,7450,15-JAN-2024,
OPTIDX,NIFTY,15-Feb-2024,22050,CE,0,0,0,279.8,407.05,0,0,0,0,15-JAN-2024,
OPTIDX,NIFTY,15-Feb-2024,22100,CE,390,424,349.05,418.05,418.05,133,1495.46,4650,4650,15-JAN-2024,
OPTIDX,NIFTY,15-Feb-2024,22150,CE,0,0,0,242.85,351.8,0,0,0,0,15-JAN-2024,
OPTIDX,NIFTY,15-Feb-2024,22200,CE,0,0,0,225.8,326.05,0,0,0,0,15-JAN-2024,
OPTIDX,NIFTY,15-Feb-2024,22250,CE,299,320,294.1,320,320,11,124,500,500,15-JAN-2024,
OPTIDX,NIFTY,15-Feb-2024,22300,CE,263.6,306,262.65,304.25,304.25,70,790.13,2550,2500,15-JAN-2024,
OPTIDX,NIFTY,15-Feb-2024,22350,CE,0,0,0,179.85,256.35,0,0,0,0,15-JAN-2024,
OPTIDX,NIFTY,15-Feb-2024,22400,CE,0,0,0,130.9,235.55,0,0,0,0,15-JAN-2024,
OPTIDX,NIFTY,15-Feb-2024,22450,CE,203.3,215,200,200,216,40,453.16,400,350,15-JAN-2024,
OPTIDX,NIFTY,15-Feb-2024,22500,CE,201.85,222.6,185,217.15,217.15,46,522.19,1450,1050,15-JAN-2024,
OPTIDX,NIFTY,15-Feb-2024,22550,CE,0,0,0,130.35,180.4,0,0,0,0,15-JAN-2024,
OPTIDX,NIFTY,15-Feb-2024,22600,CE,153.25,196.45,135.95,196.2,196.2,81,921.59,1100,1100,15-JAN-2024,
OPTIDX,NIFTY,15-Feb-2024,22650,CE,0,0,0,109.95,149.3,0,0,0,0,15-JAN-2024,
OPTIDX,NIFTY,15-Feb-2024,22700,CE,125.95,161.45,113.35,152.2,152.2,113,1289.83,1950,1950,15-JAN-2024,
OPTIDX,NIFTY,15-Feb-2024,22750,CE,0,0,0,92.2,122.4,0,0,0,0,15-JAN-2024,
OPTIDX,NIFTY,15-Feb-2024,22800,CE,102.5,127.5,93.15,123.1,123.1,135,1546.44,1300,1300,15-JAN-2024,
OPTIDX,NIFTY,15-Feb-2024,22850,CE,0,0,0,76.85,99.45,0,0,0,0,15-JAN-2024,
OPTIDX,NIFTY,15-Feb-2024,22900,CE,61.9,61.9,61.9,61.9,89.3,1,11.48,50,50,15-JAN-2024,
OPTIDX,NIFTY,15-Feb-2024,22950,CE,0,0,0,63.65,80,0,0,0,0,15-JAN-2024,
OPTIDX,NIFTY,15-Feb-2024,23000,CE,67.65,89.95,62.5,83.95,83.95,303,3495.56,4600,4600,15-JAN-2024,
OPTIDX,NIFTY,15-Feb-2024,23050,CE,0,0,0,52.4,63.75,0,0,0,0,15-JAN-2024,
OPTIDX,NIFTY,15-Feb-2024,23100,CE,0,0,0,47.45,56.7,0,0,0,0,15-JAN-2024,
OPTIDX,NIFTY,15-Feb-2024,23150,CE,0,0,0,42.9,50.3,0,0,0,0,15-JAN-2024,
OPTIDX,NIFTY,15-Feb-2024,23200,CE,0,0,0,38.7,44.5,0,0,0,0,15-JAN-2024,
OPTIDX,NIFTY,15-Feb-2024,23250,CE,0,0,0,34.9,39.3,0,0,0,0,15-JAN-2024,
OPTIDX,NIFTY,15-Feb-2024,23300,CE,0,0,0,31.4,34.6,0,0,0,0,15-JAN-2024,
OPTIDX,NIFTY,15-Feb-2024,23350,CE,0,0,0,28.2,30.4,0,0,0,0,15-JAN-2024,
OPTIDX,NIFTY,15-Feb-2024,23400,CE,39.85,39.9,28.85,37.05,37.05,68,796.75,2100,2000,15-JAN-2024,
OPTIDX,NIFTY,15-Feb-2024,23450,CE,0,0,0,22.65,23.3,0,0,0,0,15-JAN-2024,
OPTIDX,NIFTY,15-Feb-2024,23500,CE,24,24,24,24,20.3,4,47.04,200,200,15-JAN-2024,
OPTIDX,NIFTY,15-Feb-2024,23550,CE,0,0,0,18.1,17.65,0,0,0,0,15-JAN-2024,
OPTIDX,NIFTY,15-Feb-2024,23600,CE,0,0,0,16.15,15.35,0,0,0,0,15-JAN-2024,
OPTIDX,NIFTY,15-Feb-2024,23650,CE,14.4,26,14.4,23.2,13.25,19,224.88,550,550,15-JAN-2024,
OPTIDX,NIFTY,15-Feb-2024,19900,PE,0,0,0,7.55,0.2,0,0,0,0,15-JAN-2024,
OPTIDX,NIFTY,15-Feb-2024,19950,PE,0,0,0,8.8,0.25,0,0,0,0,15-JAN-2024,
OPTIDX,NIFTY,15-Feb-2024,20000,PE,0,0,0,10.15,0.35,0,0,0,0,15-JAN-2024,
OPTIDX,NIFTY,15-Feb-2024,20050,PE,0,0,0,11.75,0.4,0,0,0,0,15-JAN-2024,
OPTIDX,NIFTY,15-Feb-2024,20100,PE,0,0,0,13.5,0.55,0,0,0,0,15-JAN-2024,
OPTIDX,NIFTY,15-Feb-2024,20150,PE,0,0,0,15.5,0.65,0,0,0,0,15-JAN-2024,
OPTIDX,NIFTY,15-Feb-2024,20200,PE,0,0,0,17.75,0.85,0,0,0,0,15-JAN-2024,
OPTIDX,NIFTY,15-Feb-2024,20250,PE,0,0,0,20.3,1.05,0,0,0,0,15-JAN-2024,
OPTIDX,NIFTY,15-Feb-2024,20300,PE,0,0,0,23.1,1.3,0,0,0,0,15-JAN-2024,
OPTIDX,NIFTY,15-Feb-2024,20350,PE,0,0,0,26.25,1.65,0,0,0,0,15-JAN-2024,
OPTIDX,NIFTY,15-Feb-2024,20400,PE,0,0,0,29.75,2,0,0,0,0,15-JAN-2024,
OPTIDX,NIFTY,15-Feb-2024,20450,PE,0,0,0,33.65,2.5,0,0,0,0,15-JAN-2024,
OPTIDX,NIFTY,15-Feb-2024,20500,PE,0,0,0,37.9,3.05,0,0,0,0,15-JAN-2024,
OPTIDX,NIFTY,15-Feb-2024,20550,PE,0,0,0,42.6,3.7,0,0,0,0,15-JAN-2024,
OPTIDX,NIFTY,15-Feb-2024,20600,PE,0,0,0,47.8,4.5,0,0,0,0,15-JAN-2024,
OPTIDX,NIFTY,15-Feb-2024,20650,PE,0,0,0,53.5,5.4,0,0,0,0,15-JAN-2024,
OPTIDX,NIFTY,15-Feb-2024,20700,PE,0,0,0,59.7,6.55,0,0,0,0,15-JAN-2024,
OPTIDX,NIFTY,15-Feb-2024,20750,PE,0,0,0,66.45,7.8,0,0,0,0,15-JAN-2024,
OPTIDX,NIFTY,15-Feb-2024,20800,PE,0,0,0,73.85,9.35,0,0,0,0,15-JAN-2024,
OPTIDX,NIFTY,15-Feb-2024,20850,PE,0,0,0,81.8,11.1,0,0,0,0,15-JAN-2024,
OPTIDX,NIFTY,15-Feb-2024,20900,PE,0,0,0,90.5,13.1,0,0,0,0,15-JAN-2024,
OPTIDX,NIFTY,15-Feb-2024,20950,PE,0,0,0,99.8,15.45,0,0,0,0,15-JAN-2024,
OPTIDX,NIFTY,15-Feb-2024,21000,PE,44.35,73.45,44.35,55.6,55.6,91,958.27,2050,1800,15-JAN-2024,
OPTIDX,NIFTY,15-Feb-2024,21050,PE,0,0,0,120.7,21.2,0,0,0,0,15-JAN-2024,
OPTIDX,NIFTY,15-Feb-2024,21100,PE,0,0,0,132.3,24.7,0,0,0,0,15-JAN-2024,
OPTIDX,NIFTY,15-Feb-2024,21150,PE,49.55,49.55,49.55,49.55,28.65,1,10.59,50,50,15-JAN-2024,
OPTIDX,NIFTY,15-Feb-2024,21200,PE,0,0,0,157.8,33.15,0,0,0,0,15-JAN-2024,
OPTIDX,NIFTY,15-Feb-2024,21250,PE,0,0,0,171.95,38.2,0,0,0,0,15-JAN-2024,
OPTIDX,NIFTY,15-Feb-2024,21300,PE,0,0,0,186.95,43.85,0,0,0,0,15-JAN-2024,
OPTIDX,NIFTY,15-Feb-2024,21350,PE,0,0,0,202.9,50.15,0,0,0,0,15-JAN-2024,
OPTIDX,NIFTY,15-Feb-2024,21400,PE,89.7,89.7,89.7,89.7,57.15,1,10.74,50,50,15-JAN-2024,
OPTIDX,NIFTY,15-Feb-2024,21450,PE,0,0,0,172.35,64.9,0,0,200,0,15-JAN-2024,
OPTIDX,NIFTY,15-Feb-2024,21500,PE,132.2,156.75,115.05,120.25,120.25,303,3278.22,10050,9450,15-JAN-2024,
OPTIDX,NIFTY,15-Feb-2024,21550,PE,0,0,0,276.15,82.85,0,0,0,0,15-JAN-2024,
OPTIDX,NIFTY,15-Feb-2024,21600,PE,168,168,142,142,142,13,141.43,650,650,15-JAN-2024,
OPTIDX,NIFTY,15-Feb-2024,21650,PE,165.45,165.45,158.8,158.8,158.8,3,32.71,950,100,15-JAN-2024,
OPTIDX,NIFTY,15-Feb-2024,21700,PE,184.45,199.1,160.3,162.6,162.6,36,393.89,1600,1000,15-JAN-2024,
OPTIDX,NIFTY,15-Feb-2024,21750,PE,0,0,0,365.25,130,0,0,0,0,15-JAN-2024,
OPTIDX,NIFTY,15-Feb-2024,21800,PE,210.7,230,179.15,197.2,197.2,136,1497.05,2100,1750,15-JAN-2024,
OPTIDX,NIFTY,15-Feb-2024,21850,PE,0,0,0,415.7,159.85,0,0,0,0,15-JAN-2024,
OPTIDX,NIFTY,15-Feb-2024,21900,PE,0,0,0,442.5,176.5,0,0,0,0,15-JAN-2024,
OPTIDX,NIFTY,15-Feb-2024,21950,PE,0,0,0,470.3,194.3,0,0,0,0,15-JAN-2024,
OPTIDX,NIFTY,15-Feb-2024,22000,PE,285.05,303.25,254.85,258.5,258.5,149,1659.69,4600,4600,15-JAN-2024,
OPTIDX,NIFTY,15-Feb-2024,22050,PE,310.85,310.85,274.1,294.05,294.05,34,379.79,1300,1300,15-JAN-2024,
OPTIDX,NIFTY,15-Feb-2024,22100,PE,315.1,315.1,303.1,307.6,307.6,3,33.61,150,150,15-JAN-2024,
OPTIDX,NIFTY,15-Feb-2024,22150,PE,407.25,407.25,407.25,407.25,277.75,1,11.27,50,50,15-JAN-2024,
OPTIDX,NIFTY,15-Feb-2024,22200,PE,437.3,437.3,340.15,345.4,345.4,47,530.41,2050,2050,15-JAN-2024,
OPTIDX,NIFTY,15-Feb-2024,22250,PE,0,0,0,657.2,326.95,0,0,0,0,15-JAN-2024,
OPTIDX,NIFTY,15-Feb-2024,22300,PE,501.05,501.05,362.8,362.8,353.4,46,522.37,2200,2200,15-JAN-2024,
OPTIDX,NIFTY,15-Feb-2024,22350,PE,0,0,0,726.75,381.1,0,0,0,0,15-JAN-2024,
OPTIDX,NIFTY,15-Feb-2024,22400,PE,0,0,0,762.8,410.05,0,0,0,0,15-JAN-2024,
OPTIDX,NIFTY,15-Feb-2024,22450,PE,0,0,0,800.6,440.2,0,0,0,0,15-JAN-2024,
OPTIDX,NIFTY,15-Feb-2024,22500,PE,0,0,0,837.45,471.55,0,0,0,0,15-JAN-2024,
OPTIDX,NIFTY,15-Feb-2024,22550,PE,0,0,0,875.85,504.05,0,0,0,0,15-JAN-2024,
OPTIDX,NIFTY,15-Feb-2024,22600,PE,0,0,0,914.95,537.65,0,0,0,0,15-JAN-2024,
OPTIDX,NIFTY,15-Feb-2024,22650,PE,0,0,0,954.75,572.35,0,0,0,0,15-JAN-2024,
OPTIDX,NIFTY,15-Feb-2024,22700,PE,0,0,0,995.2,608.1,0,0,0,0,15-JAN-2024,
OPTIDX,NIFTY,15-Feb-2024,22750,PE,0,0,0,1036.3,644.9,0,0,0,0,15-JAN-2024,
OPTIDX,NIFTY,15-Feb-2024,22800,PE,0,0,0,1078,682.65,0,0,0,0,15-JAN-2024,
OPTIDX,NIFTY,15-Feb-2024,22850,PE,0,0,0,1120.25,721.35,0,0,0,0,15-JAN-2024,
OPTIDX,NIFTY,15-Feb-2024,22900,PE,0,0,0,1163.05,760.95,0,0,0,0,15-JAN-2024,
OPTIDX,NIFTY,15-Feb-2024,22950,PE,0,0,0,1206.35,801.35,0,0,0,0,15-JAN-2024,
OPTIDX,NIFTY,15-Feb-2024,23000,PE,900,900,900,900,842.55,2,23.9,100,100,15-JAN-2024,
OPTIDX,NIFTY,15-Feb-2024,23050,PE,0,0,0,1294.4,884.55,0,0,0,0,15-JAN-2024,
OPTIDX,NIFTY,15-Feb-2024,23100,PE,0,0,0,1339.1,927.2,0,0,0,0,15-JAN-2024,
OPTIDX,NIFTY,15-Feb-2024,23150,PE,0,0,0,1384.2,970.5,0,0,0,0,15-JAN-2024,
OPTIDX,NIFTY,15-Feb-2024,23200,PE,0,0,0,1429.7,1014.45,0,0,0,0,15-JAN-2024,
OPTIDX,NIFTY,15-Feb-2024,23250,PE,0,0,0,1475.5,1058.95,0,0,0,0,15-JAN-2024,
OPTIDX,NIFTY,15-Feb-2024,23300,PE,0,0,0,1521.65,1103.95,0,0,0,0,15-JAN-2024,
OPTIDX,NIFTY,15-Feb-2024,23350,PE,0,0,0,1568.15,1149.5,0,0,0,0,15-JAN-2024,
OPTIDX,NIFTY,15-Feb-2024,23400,PE,0,0,0,1614.9,1195.45,0,0,0,0,15-JAN-2024,
OPTIDX,NIFTY,15-Feb-2024,23450,PE,0,0,0,1661.9,1241.8,0,0,0,0,15-JAN-2024,
OPTIDX,NIFTY,15-Feb-2024,23500,PE,0,0,0,1709.15,1288.55,0,0,0,0,15-JAN-2024,
OPTIDX,NIFTY,15-Feb-2024,23550,PE,0,0,0,1756.65,1335.6,0,0,0,0,15-JAN-2024,
OPTIDX,NIFTY,15-Feb-2024,23600,PE,0,0,0,1804.3,1382.95,0,0,0,0,15-JAN-2024,
OPTIDX,NIFTY,15-Feb-2024,23650,PE,0,0,0,1852.2,1430.6,0,0,0,0,15-JAN-2024,
OPTIDX,NIFTY,29-Feb-2024,18650,CE,0,0,0,1883.15,3602,0,0,0,0,15-JAN-2024,
OPTIDX,NIFTY,29-Feb-2024,18700,CE,0,0,0,3402,3552.45,0,0,50,0,15-JAN-2024,
OPTIDX,NIFTY,29-Feb-2024,18750,CE,0,0,0,1796,3502.85,0,0,0,0,15-JAN-2024,
OPTIDX,NIFTY,29-Feb-2024,18800,CE,0,0,0,3143.75,3453.25,0,0,50,0,15-JAN-2024,
OPTIDX,NIFTY,29-Feb-2024,18850,CE,0,0,0,1710.25,3403.7,0,0,0,0,15-JAN-2024,
OPTIDX,NIFTY,29-Feb-2024,18900,CE,0,0,0,1667.9,3354.1,0,0,0,0,15-JAN-2024,
OPTIDX,NIFTY,29-Feb-2024,18950,CE,0,0,0,1626,3304.5,0,0,0,0,15-JAN-2024,
OPTIDX,NIFTY,29-Feb-2024,19000,CE,3198.35,3276.6,3130,3265.1,3265.1,329,3654.01,96900,5250,15-JAN-2024,
OPTIDX,NIFTY,29-Feb-2024,19050,CE,0,0,0,1543.4,3205.35,0,0,0,0,15-JAN-2024,
OPTIDX,NIFTY,29-Feb-2024,19100,CE,0,0,0,2190.55,3155.75,0,0,50,0,15-JAN-2024,
OPTIDX,NIFTY,29-Feb-2024,19150,CE,0,0,0,1462.6,3106.2,0,0,0,0,15-JAN-2024,
OPTIDX,NIFTY,29-Feb-2024,19200,CE,3050,3050,3050,3050,3056.6,2,22.25,450,100,15-JAN-2024,
OPTIDX,NIFTY,29-Feb-2024,19250,CE,0,0,0,1383.65,3007.05,0,0,0,0,15-JAN-2024,
OPTIDX,NIFTY,29-Feb-2024,19300,CE,0,0,0,2430,2957.5,0,0,100,0,15-JAN-2024,
OPTIDX,NIFTY,29-Feb-2024,19350,CE,0,0,0,1306.65,2907.95,0,0,0,0,15-JAN-2024,
OPTIDX,NIFTY,29-Feb-2024,19400,CE,0,0,0,2475,2858.35,0,0,200,0,15-JAN-2024,
OPTIDX,NIFTY,29-Feb-2024,19450,CE,0,0,0,1231.75,2808.8,0,0,0,0,15-JAN-2024,
OPTIDX,NIFTY,29-Feb-2024,19500,CE,2695,2758,2655.95,2758,2759.3,65,721.39,7150,-2550,15-JAN-2024,
OPTIDX,NIFTY,29-Feb-2024,19550,CE,0,0,0,1159.6,2709.75,0,0,0,0,15-JAN-2024,
OPTIDX,NIFTY,29-Feb-2024,19600,CE,0,0,0,2487,2660.25,0,0,50,0,15-JAN-2024,
OPTIDX,NIFTY,29-Feb-2024,19650,CE,0,0,0,1088.3,2610.75,0,0,0,0,15-JAN-2024,
OPTIDX,NIFTY,29-Feb-2024,19700,CE,2500,2500,2500,2500,2561.25,1,11.1,450,50,15-JAN-2024,
OPTIDX,NIFTY,29-Feb-2024,19750,CE,0,0,0,1020.15,2511.8,0,0,0,0,15-JAN-2024,
OPTIDX,NIFTY,29-Feb-2024,19800,CE,0,0,0,2270,2462.35,0,0,1200,0,15-JAN-2024,
OPTIDX,NIFTY,29-Feb-2024,19850,CE,0,0,0,954.5,2412.9,0,0,0,0,15-JAN-2024,
OPTIDX,NIFTY,29-Feb-2024,19900,CE,0,0,0,2149.5,2363.55,0,0,700,0,15-JAN-2024,
OPTIDX,NIFTY,29-Feb-2024,19950,CE,0,0,0,891.25,2314.2,0,0,0,0,15-JAN-2024,
OPTIDX,NIFTY,29-Feb-2024,20000,CE,2223,2296.1,2181.35,2282.2,2282.2,340,3778.99,446100,2100,15-JAN-2024,
OPTIDX,NIFTY,29-Feb-2024,20050,CE,0,0,0,750,2215.65,0,0,0,0,15-JAN-2024,
OPTIDX,NIFTY,29-Feb-2024,20100,CE,2099,2140,2099,2140,2166.45,5,55.57,550,250,15-JAN-2024,
OPTIDX,NIFTY,29-Feb-2024,20150,CE,0,0,0,1735,2117.35,0,0,50,0,15-JAN-2024,
OPTIDX,NIFTY,29-Feb-2024,20200,CE,2019.2,2040,2019.2,2040,2068.3,5,55.58,1550,100,15-JAN-2024,
OPTIDX,NIFTY,29-Feb-2024,20250,CE,0,0,0,1648.65,2019.35,0,0,200,0,15-JAN-2024,
OPTIDX,NIFTY,29-Feb-2024,20300,CE,1930.1,1999.15,1930.1,1999.15,1999.15,25,278.22,2500,400,15-JAN-2024,
OPTIDX,NIFTY,29-Feb-2024,20350,CE,0,0,0,664.05,1921.75,0,0,0,0,15-JAN-2024,
OPTIDX,NIFTY,29-Feb-2024,20400,CE,1840.45,1896,1840.45,1885.35,1885.35,4,44.54,3550,100,15-JAN-2024,
OPTIDX,NIFTY,29-Feb-2024,20450,CE,0,0,0,613.7,1824.65,0,0,0,0,15-JAN-2024,
OPTIDX,NIFTY,29-Feb-2024,20500,CE,1753,1816.25,1680,1801.3,1801.3,236,2626.65,146250,100,15-JAN-2024,
OPTIDX,NIFTY,29-Feb-2024,20550,CE,1670,1670,1670,1670,1728.2,1,11.11,800,50,15-JAN-2024,
OPTIDX,NIFTY,29-Feb-2024,20600,CE,1620,1640,1620,1640,1680.25,2,22.23,3450,0,15-JAN-2024,
OPTIDX,NIFTY,29-Feb-2024,20650,CE,1602,1640,1593.65,1640,1632.5,4,44.51,200,200,15-JAN-2024,
OPTIDX,NIFTY,29-Feb-2024,20700,CE,1512.85,1611,1512.85,1610.75,1610.75,13,144.63,5400,250,15-JAN-2024,
OPTIDX,NIFTY,29-Feb-2024,20750,CE,1505,1535,1505,1535,1537.85,7,77.96,550,0,15-JAN-2024,
OPTIDX,NIFTY,29-Feb-2024,20800,CE,1475,1501.45,1435,1500.65,1500.65,46,512.16,10300,-150,15-JAN-2024,
OPTIDX,NIFTY,29-Feb-2024,20850,CE,0,0,0,1049.8,1444.3,0,0,800,0,15-JAN-2024,
OPTIDX,NIFTY,29-Feb-2024,20900,CE,1385,1428.3,1381,1426.55,1426.55,8,89.22,8900,0,15-JAN-2024,
OPTIDX,NIFTY,29-Feb-2024,20950,CE,0,0,0,956.1,1352.15,0,0,750,0,15-JAN-2024,
OPTIDX,NIFTY,29-Feb-2024,21000,CE,1263.15,1355,1223.95,1341.7,1341.7,1184,13201.72,288350,-7200,15-JAN-2024,
OPTIDX,NIFTY,29-Feb-2024,21050,CE,1221.95,1235.05,1221.95,1235,1261.6,5,55.7,1600,100,15-JAN-2024,
OPTIDX,NIFTY,29-Feb-2024,21100,CE,1203.25,1256.5,1161.8,1255.05,1255.05,141,1574.65,14200,3500,15-JAN-2024,
OPTIDX,NIFTY,29-Feb-2024,21150,CE,0,0,0,1064.7,1172.95,0,0,2050,0,15-JAN-2024,
OPTIDX,NIFTY,29-Feb-2024,21200,CE,1117.55,1170.75,1050,1165.6,1165.6,341,3805.19,36050,3200,15-JAN-2024,
OPTIDX,NIFTY,29-Feb-2024,21250,CE,1072,1144.3,1072,1122,1122,3,33.53,8250,0,15-JAN-2024,
OPTIDX,NIFTY,29-Feb-2024,21300,CE,1025.55,1080,979.9,1078.4,1078.4,155,1730.64,18950,950,15-JAN-2024,
OPTIDX,NIFTY,29-Feb-2024,21350,CE,953.95,1050,953.95,1050,1050,6,67.03,6100,100,15-JAN-2024,
OPTIDX,NIFTY,29-Feb-2024,21400,CE,904.1,1011,900,1000.55,1000.55,225,2515.63,51550,1900,15-JAN-2024,
OPTIDX,NIFTY,29-Feb-2024,21450,CE,957.35,957.35,937.55,942.85,920.85,9,100.76,10700,-50,15-JAN-2024,
OPTIDX,NIFTY,29-Feb-2024,21500,CE,834.35,934.6,813.75,925.25,925.25,3577,40032.1,364150,21700,15-JAN-2024,
OPTIDX,NIFTY,29-Feb-2024,21550,CE,844.4,844.4,816,842.7,842.4,10,111.94,7450,-250,15-JAN-2024,
OPTIDX,NIFTY,29-Feb-2024,21600,CE,775,864.65,743.9,845.2,845.2,892,9990.48,74150,-10400,15-JAN-2024,
OPTIDX,NIFTY,29-Feb-2024,21650,CE,750,805.4,711,804,767.1,76,850.59,12450,2850,15-JAN-2024,
OPTIDX,NIFTY,29-Feb-2024,21700,CE,702.05,779.2,672.75,772.2,772.2,1277,14325.5,140050,-14100,15-JAN-2024,
OPTIDX,NIFTY,29-Feb-2024,21750,CE,673.05,732.55,646,729.3,729.3,41,460.14,18250,0,15-JAN-2024,
OPTIDX,NIFTY,29-Feb-2024,21800,CE,635,709,616.05,698.1,698.1,1248,14018.89,203550,-4800,15-JAN-2024,
OPTIDX,NIFTY,29-Feb-2024,21850,CE,605.05,672.45,574,657.75,657.75,112,1258.8,11450,-1050,15-JAN-2024,
OPTIDX,NIFTY,29-Feb-2024,21900,CE,600,639.7,540.25,629.4,629.4,1608,18083.07,87700,-8000,15-JAN-2024,
OPTIDX,NIFTY,29-Feb-2024,21950,CE,569.15,609.4,529.3,599.9,599.9,298,3353.67,13850,-300,15-JAN-2024,
OPTIDX,NIFTY,29-Feb-2024,22000,CE,450,576.7,450,567.6,567.6,20327,228984.7,806300,52950,15-JAN-2024,
OPTIDX,NIFTY,29-Feb-2024,22050,CE,483.95,541.15,453.5,533.45,533.45,389,4386.37,14550,2450,15-JAN-2024,
OPTIDX,NIFTY,29-Feb-2024,22100,CE,447.25,517,425.3,508.2,508.2,3025,34149.12,86850,15150,15-JAN-2024,
OPTIDX,NIFTY,29-Feb-2024,22150,CE,429.45,487.25,420,479.25,479.25,252,2848.55,11550,2700,15-JAN-2024,
OPTIDX,NIFTY,29-Feb-2024,22200,CE,392.55,458.85,371.6,451.1,451.1,3702,41865.83,132950,17400,15-JAN-2024,
OPTIDX,NIFTY,29-Feb-2024,22250,CE,374.05,428.75,351.35,422.2,422.2,350,3963.12,17050,6900,15-JAN-2024,
OPTIDX,NIFTY,29-Feb-2024,22300,CE,344.65,406.15,322.65,396.55,396.55,2637,29887.11,97900,16350,15-JAN-2024,
OPTIDX,NIFTY,29-Feb-2024,22350,CE,328.1,381.25,305.1,372.35,372.35,254,2882.19,13650,2300,15-JAN-2024,
OPTIDX,NIFTY,29-Feb-2024,22400,CE,300,360,278.75,348.05,348.05,2799,31797.18,128150,17050,15-JAN-2024,
OPTIDX,NIFTY,29-Feb-2024,22450,CE,283.55,333,259.95,326.6,326.6,680,7735.37,16350,-5600,15-JAN-2024,
OPTIDX,NIFTY,29-Feb-2024,22500,CE,249.9,313.6,239,302.25,302.25,20597,234544.55,623200,8850,15-JAN-2024,
OPTIDX,NIFTY,29-Feb-2024,22550,CE,244.15,288,227.85,277.05,277.05,648,7390.25,12450,-3400,15-JAN-2024,
OPTIDX,NIFTY,29-Feb-2024,22600,CE,221.95,269.15,202.35,259.85,259.85,2359,26931.47,126100,8550,15-JAN-2024,
OPTIDX,NIFTY,29-Feb-2024,22650,CE,208.65,248.5,197.4,239.65,239.65,229,2619.41,13100,3200,15-JAN-2024,
OPTIDX,NIFTY,29-Feb-2024,22700,CE,187.45,231.7,171.2,222.15,222.15,3470,39731.88,109600,4250,15-JAN-2024,
OPTIDX,NIFTY,29-Feb-2024,22750,CE,182,214.2,164.8,203.45,203.45,493,5653.61,16200,3250,15-JAN-2024,
OPTIDX,NIFTY,29-Feb-2024,22800,CE,158.95,198.5,143.55,190.05,190.05,5077,58308.87,177550,13700,15-JAN-2024,
OPTIDX,NIFTY,29-Feb-2024,22850,CE,149.45,182.45,132.8,172.7,172.7,982,11299.26,9300,950,15-JAN-2024,
OPTIDX,NIFTY,29-Feb-2024,22900,CE,131.2,168.45,120,159.95,159.95,3610,41594.84,132550,-3200,15-JAN-2024,
OPTIDX,NIFTY,29-Feb-2024,22950,CE,125.9,154.35,115.8,146.15,146.15,397,4581.88,26250,3700,15-JAN-2024,
OPTIDX,NIFTY,29-Feb-2024,23000,CE,115.3,145,102.25,138.35,138.35,50072,578936.56,1220450,387750,15-JAN-2024,
OPTIDX,NIFTY,29-Feb-2024,23050,CE,104.1,131.2,95,123.2,123.2,526,6090.66,16100,3250,15-JAN-2024,
OPTIDX,NIFTY,29-Feb-2024,23100,CE,95.45,119.4,83.25,113.2,113.2,4300,49880.41,106200,36450,15-JAN-2024,
OPTIDX,NIFTY,29-Feb-2024,23150,CE,87.7,110,79.7,101.2,101.2,169,1964,7850,1750,15-JAN-2024,
OPTIDX,NIFTY,29-Feb-2024,23200,CE,75.8,99.9,68.45,95.3,95.3,4144,48239.48,108800,29050,15-JAN-2024,
OPTIDX,NIFTY,29-Feb-2024,23250,CE,60,90.95,60,84.7,84.7,372,4338.31,9000,-700,15-JAN-2024,
OPTIDX,NIFTY,29-Feb-2024,23300,CE,64.5,81.05,55.7,76.8,76.8,5200,60746.57,200150,29450,15-JAN-2024,
OPTIDX,NIFTY,29-Feb-2024,23350,CE,58.7,74.4,52.95,70.55,70.55,230,2692.47,10150,3300,15-JAN-2024,
OPTIDX,NIFTY,29-Feb-2024,23400,CE,50,66.95,46,63,63,5808,68105.21,165250,43650,15-JAN-2024,
OPTIDX,NIFTY,29-Feb-2024,23450,CE,45.05,60.85,42.1,56.7,56.7,2009,23605.1,24550,-19350,15-JAN-2024,
OPTIDX,NIFTY,29-Feb-2024,23500,CE,67,67,38.5,53.95,53.95,8919,105006.25,128100,128100,15-JAN-2024,
OPTIDX,NIFTY,29-Feb-2024,23550,CE,44,52.25,35.4,49.1,49.1,485,5720.67,6800,6800,15-JAN-2024,
OPTIDX,NIFTY,29-Feb-2024,23600,CE,45.05,46.7,31.1,43.35,43.35,3470,41009.47,49200,49200,15-JAN-2024,
OPTIDX,NIFTY,29-Feb-2024,23650,CE,41.55,42.85,39.05,41.35,41.35,409,4844.87,12950,12950,15-JAN-2024,
OPTIDX,NIFTY,29-Feb-2024,18650,PE,0,0,0,26.6,0.05,0,0,1050,0,15-JAN-2024,
OPTIDX,NIFTY,29-Feb-2024,18700,PE,0,0,0,71.3,0.05,0,0,0,0,15-JAN-2024,
OPTIDX,NIFTY,29-Feb-2024,18750,PE,0,0,0,77,0.05,0,0,0,0,15-JAN-2024,
OPTIDX,NIFTY,29-Feb-2024,18800,PE,0,0,0,83,0.05,0,0,0,0,15-JAN-2024,
OPTIDX,NIFTY,29-Feb-2024,18850,PE,0,0,0,89.45,0.05,0,0,0,0,15-JAN-2024,
OPTIDX,NIFTY,29-Feb-2024,18900,PE,0,0,0,25.4,0.05,0,0,1050,0,15-JAN-2024,
OPTIDX,NIFTY,29-Feb-2024,18950,PE,0,0,0,103.4,0.05,0,0,0,0,15-JAN-2024,
OPTIDX,NIFTY,29-Feb-2024,19000,PE,9.85,10.7,9.25,10.4,10.4,1450,13782.24,259050,-11700,15-JAN-2024,
OPTIDX,NIFTY,29-Feb-2024,19050,PE,0,0,0,119.05,0.05,0,0,0,0,15-JAN-2024,
OPTIDX,NIFTY,29-Feb-2024,19100,PE,0,0,0,127.5,0.05,0,0,0,0,15-JAN-2024,
OPTIDX,NIFTY,29-Feb-2024,19150,PE,0,0,0,136.4,0.05,0,0,0,0,15-JAN-2024,
OPTIDX,NIFTY,29-Feb-2024,19200,PE,0,0,0,14.7,0.05,0,0,2150,0,15-JAN-2024,
OPTIDX,NIFTY,29-Feb-2024,19250,PE,0,0,0,155.65,0.05,0,0,0,0,15-JAN-2024,
OPTIDX,NIFTY,29-Feb-2024,19300,PE,0,0,0,39.9,0.1,0,0,8050,0,15-JAN-2024,
OPTIDX,NIFTY,29-Feb-2024,19350,PE,0,0,0,176.9,0.1,0,0,0,0,15-JAN-2024,
OPTIDX,NIFTY,29-Feb-2024,19400,PE,0,0,0,56,0.15,0,0,17550,0,15-JAN-2024,
OPTIDX,NIFTY,29-Feb-2024,19450,PE,0,0,0,18.15,0.2,0,0,850,0,15-JAN-2024,
OPTIDX,NIFTY,29-Feb-2024,19500,PE,12.95,13.65,11.55,12.75,12.75,2530,24683.09,329700,-29650,15-JAN-2024,
OPTIDX,NIFTY,29-Feb-2024,19550,PE,0,0,0,22.05,0.3,0,0,2250,0,15-JAN-2024,
OPTIDX,NIFTY,29-Feb-2024,19600,PE,11.95,13.25,11.7,13.05,13.05,315,3089.01,34200,-12900,15-JAN-2024,
OPTIDX,NIFTY,29-Feb-2024,19650,PE,0,0,0,253.15,0.45,0,0,0,0,15-JAN-2024,
OPTIDX,NIFTY,29-Feb-2024,19700,PE,14.7,19.35,12.65,14.85,14.85,95,936.44,30550,-1300,15-JAN-2024,
OPTIDX,NIFTY,29-Feb-2024,19750,PE,0,0,0,16.55,0.65,0,0,2500,0,15-JAN-2024,
OPTIDX,NIFTY,29-Feb-2024,19800,PE,14.5,15.5,14.05,14.55,14.55,2066,20468.69,228850,-3500,15-JAN-2024,
OPTIDX,NIFTY,29-Feb-2024,19850,PE,11.45,11.45,11.45,11.45,0.95,2,19.86,4250,0,15-JAN-2024,
OPTIDX,NIFTY,29-Feb-2024,19900,PE,17.6,18.1,16.35,17.3,17.3,971,9669.82,243450,-1350,15-JAN-2024,
OPTIDX,NIFTY,29-Feb-2024,19950,PE,18.6,18.85,16.6,17.35,17.35,23,229.63,6450,150,15-JAN-2024,
OPTIDX,NIFTY,29-Feb-2024,20000,PE,21.5,22.05,20.05,21.05,21.05,6387,63937.39,1312100,7400,15-JAN-2024,
OPTIDX,NIFTY,29-Feb-2024,20050,PE,21,22.3,15.65,18.7,18.7,201,2016.91,7450,5100,15-JAN-2024,
OPTIDX,NIFTY,29-Feb-2024,20100,PE,22.3,23.2,19.95,20.7,20.7,916,9215.66,245550,-800,15-JAN-2024,
OPTIDX,NIFTY,29-Feb-2024,20150,PE,27.2,27.2,22.25,22.7,22.7,45,453.91,5900,700,15-JAN-2024,
OPTIDX,NIFTY,29-Feb-2024,20200,PE,24.85,26.15,22.65,23.65,23.65,2077,21003.07,306650,-16550,15-JAN-2024,
OPTIDX,NIFTY,29-Feb-2024,20250,PE,28.2,29.55,25.5,26.45,26.45,125,1267.35,5200,1750,15-JAN-2024,
OPTIDX,NIFTY,29-Feb-2024,20300,PE,26.1,30.75,25.45,26.7,26.7,2888,29354.25,236000,2750,15-JAN-2024,
OPTIDX,NIFTY,29-Feb-2024,20350,PE,32.35,34.1,28.85,29.7,29.7,256,2608.83,6250,2450,15-JAN-2024,
OPTIDX,NIFTY,29-Feb-2024,20400,PE,35.05,36.95,30,31.25,31.25,3438,35125.74,219050,-7900,15-JAN-2024,
OPTIDX,NIFTY,29-Feb-2024,20450,PE,37.8,40.1,33.65,34.85,34.85,163,1669.65,8250,-1750,15-JAN-2024,
OPTIDX,NIFTY,29-Feb-2024,20500,PE,44.85,44.9,37.1,39,39,11692,120080.84,1004300,38150,15-JAN-2024,
OPTIDX,NIFTY,29-Feb-2024,20550,PE,42.2,46.15,38.65,39.25,39.25,209,2151.88,11850,2850,15-JAN-2024,
OPTIDX,NIFTY,29-Feb-2024,20600,PE,45.1,50.15,40.2,42.3,42.3,5166,53326.69,182750,-14250,15-JAN-2024,
OPTIDX,NIFTY,29-Feb-2024,20650,PE,48,53,43.65,44.75,44.75,224,2318.08,10750,5150,15-JAN-2024,
OPTIDX,NIFTY,29-Feb-2024,20700,PE,57.4,57.4,47.2,49.4,49.4,5168,53622.76,221550,11350,15-JAN-2024,
OPTIDX,NIFTY,29-Feb-2024,20750,PE,54.3,61.05,49.9,51.5,51.5,245,2548.58,7600,-650,15-JAN-2024,
OPTIDX,NIFTY,29-Feb-2024,20800,PE,60.05,66.05,52.2,54.8,54.8,7869,82068.66,200500,-13650,15-JAN-2024,
OPTIDX,NIFTY,29-Feb-2024,20850,PE,64.65,71,57,59.45,59.45,228,2384.12,11500,0,15-JAN-2024,
OPTIDX,NIFTY,29-Feb-2024,20900,PE,69.3,76.75,61,63.55,63.55,3675,38530.23,134200,1650,15-JAN-2024,
OPTIDX,NIFTY,29-Feb-2024,20950,PE,73.5,79.25,66.1,68.2,68.2,292,3069.43,11900,2400,15-JAN-2024,
OPTIDX,NIFTY,29-Feb-2024,21000,PE,85,89.2,70.5,73.8,73.8,24274,255843.41,1132300,181550,15-JAN-2024,
OPTIDX,NIFTY,29-Feb-2024,21050,PE,105.55,105.55,75.45,77.55,77.55,265,2800.01,6450,-2300,15-JAN-2024,
OPTIDX,NIFTY,29-Feb-2024,21100,PE,92.55,100.25,78.75,82.4,82.4,3012,31910.54,141350,25500,15-JAN-2024,
OPTIDX,NIFTY,29-Feb-2024,21150,PE,100.9,106.85,87,89.5,89.5,292,3101.82,17150,8250,15-JAN-2024,
OPTIDX,NIFTY,29-Feb-2024,21200,PE,114.95,120,91.6,95,95,6294,67039.57,271800,42850,15-JAN-2024,
OPTIDX,NIFTY,29-Feb-2024,21250,PE,114.95,125.7,100.05,104.2,104.2,280,2990.49,13500,6150,15-JAN-2024,
OPTIDX,NIFTY,29-Feb-2024,21300,PE,123.95,134.4,107.9,112.15,112.15,5849,62641.76,171750,-5300,15-JAN-2024,
OPTIDX,NIFTY,29-Feb-2024,21350,PE,133,138.55,116.5,120.4,120.4,602,6463.74,9050,-1150,15-JAN-2024,
OPTIDX,NIFTY,29-Feb-2024,21400,PE,142.3,155,123.95,128.15,128.15,4283,46121.55,204300,46400,15-JAN-2024,
OPTIDX,NIFTY,29-Feb-2024,21450,PE,154.6,160.6,135.35,139.25,139.25,185,1997.72,12000,1850,15-JAN-2024,
OPTIDX,NIFTY,29-Feb-2024,21500,PE,169.55,188,143.9,148.9,148.9,16576,179514.36,851300,115250,15-JAN-2024,
OPTIDX,NIFTY,29-Feb-2024,21550,PE,173.25,186.35,157.05,161.15,161.15,158,1715.87,9300,3450,15-JAN-2024,
OPTIDX,NIFTY,29-Feb-2024,21600,PE,179.8,204,165.05,171.3,171.3,2973,32381.13,157800,22450,15-JAN-2024,
OPTIDX,NIFTY,29-Feb-2024,21650,PE,200,216.65,178,183.35,183.35,377,4118.12,22250,1900,15-JAN-2024,
OPTIDX,NIFTY,29-Feb-2024,21700,PE,207.05,232.7,189.6,195.6,195.6,3536,38734.31,221700,25200,15-JAN-2024,
OPTIDX,NIFTY,29-Feb-2024,21750,PE,228.9,245,204,210.4,210.4,262,2877.91,26400,3550,15-JAN-2024,
OPTIDX,NIFTY,29-Feb-2024,21800,PE,239,265,203,222.65,222.65,4127,45472.36,206950,14950,15-JAN-2024,
OPTIDX,NIFTY,29-Feb-2024,21850,PE,258.95,279.9,233.5,239.45,239.45,264,2917.47,14950,1500,15-JAN-2024,
OPTIDX,NIFTY,29-Feb-2024,21900,PE,271.95,300.05,248.9,254.45,254.45,2909,32247.86,108100,14250,15-JAN-2024,
OPTIDX,NIFTY,29-Feb-2024,21950,PE,295,303.45,265.35,270.95,270.95,378,4201.94,12450,-2600,15-JAN-2024,
OPTIDX,NIFTY,29-Feb-2024,22000,PE,303.05,339.05,283,289.4,289.4,23410,261108.63,737800,288400,15-JAN-2024,
OPTIDX,NIFTY,29-Feb-2024,22050,PE,335.45,355.35,303.5,309.05,309.05,427,4777.17,12650,-2850,15-JAN-2024,
OPTIDX,NIFTY,29-Feb-2024,22100,PE,349.95,382.1,322.8,329.5,329.5,4089,45895.88,140250,86550,15-JAN-2024,
OPTIDX,NIFTY,29-Feb-2024,22150,PE,370,396.05,343.75,349.4,349.4,123,1384.76,11650,700,15-JAN-2024,
OPTIDX,NIFTY,29-Feb-2024,22200,PE,401,430.9,363.7,369.05,369.05,2578,29120.6,87550,28250,15-JAN-2024,
OPTIDX,NIFTY,29-Feb-2024,22250,PE,411.5,454.5,387.75,391.65,391.65,804,9110.87,26550,14500,15-JAN-2024,
OPTIDX,NIFTY,29-Feb-2024,22300,PE,449.45,480,408.95,412.95,412.95,2028,23051.63,66700,40100,15-JAN-2024,
OPTIDX,NIFTY,29-Feb-2024,22350,PE,453.95,489,433.65,435.75,435.75,155,1766.82,13950,4050,15-JAN-2024,
OPTIDX,NIFTY,29-Feb-2024,22400,PE,499.55,529,454,460.95,460.95,3290,37634.82,107150,89600,15-JAN-2024,
OPTIDX,NIFTY,29-Feb-2024,22450,PE,527.05,552.9,485,491.3,491.3,440,5051.33,25700,16600,15-JAN-2024,
OPTIDX,NIFTY,29-Feb-2024,22500,PE,562.95,593.05,509.95,518.7,518.7,3324,38297.24,212150,37500,15-JAN-2024,
OPTIDX,NIFTY,29-Feb-2024,22550,PE,586.05,619.05,536,545.05,545.05,234,2703.48,17050,9450,15-JAN-2024,
OPTIDX,NIFTY,29-Feb-2024,22600,PE,651,654,565,574.25,574.25,588,6820.5,31000,7150,15-JAN-2024,
OPTIDX,NIFTY,29-Feb-2024,22650,PE,633,678.15,599.05,606.55,606.55,72,837.85,8050,3250,15-JAN-2024,
OPTIDX,NIFTY,29-Feb-2024,22700,PE,685.05,718,631,634.9,634.9,342,3994.46,35550,4650,15-JAN-2024,
OPTIDX,NIFTY,29-Feb-2024,22750,PE,720.05,737.2,663,674.2,674.2,185,2169.41,9700,7950,15-JAN-2024,
OPTIDX,NIFTY,29-Feb-2024,22800,PE,737.9,764.6,695.6,708.3,708.3,293,3446.66,14650,8100,15-JAN-2024,
OPTIDX,NIFTY,29-Feb-2024,22850,PE,763.8,763.8,731,738.3,738.3,55,648.7,3400,2600,15-JAN-2024,
OPTIDX,NIFTY,29-Feb-2024,22900,PE,794,842,760.6,766.2,766.2,9,106.62,2850,200,15-JAN-2024,
OPTIDX,NIFTY,29-Feb-2024,22950,PE,880.45,880.45,813.25,813.25,802.55,10,118.96,1350,450,15-JAN-2024,
OPTIDX,NIFTY,29-Feb-2024,23000,PE,903.05,945.05,835,849,849,2280,27210.06,106850,44000,15-JAN-2024,
OPTIDX,NIFTY,29-Feb-2024,23050,PE,943.8,943.8,897.25,897.25,879.55,7,83.91,800,200,15-JAN-2024,
OPTIDX,NIFTY,29-Feb-2024,23100,PE,980,1002.8,920,922.1,922.1,17,204.47,1050,700,15-JAN-2024,
OPTIDX,NIFTY,29-Feb-2024,23150,PE,0,0,0,1297.65,959.4,0,0,300,0,15-JAN-2024,
OPTIDX,NIFTY,29-Feb-2024,23200,PE,1013.25,1111.3,993.35,995.65,995.65,80,969.82,3400,2750,15-JAN-2024,
OPTIDX,NIFTY,29-Feb-2024,23250,PE,1157.4,1157.4,1095.3,1095.3,1041.95,2,24.37,250,100,15-JAN-2024,
OPTIDX,NIFTY,29-Feb-2024,23300,PE,1075.1,1075.1,1075.1,1075.1,1075.1,1,12.18,600,50,15-JAN-2024,
OPTIDX,NIFTY,29-Feb-2024,23350,PE,0,0,0,2315.5,1126.8,0,0,0,0,15-JAN-2024,
OPTIDX,NIFTY,29-Feb-2024,23400,PE,0,0,0,2361.35,1170.05,0,0,0,0,15-JAN-2024,
OPTIDX,NIFTY,29-Feb-2024,23450,PE,0,0,0,2407.4,1213.8,0,0,0,0,15-JAN-2024,
OPTIDX,NIFTY,29-Feb-2024,23500,PE,0,0,0,2453.65,1258.05,0,0,0,0,15-JAN-2024,
OPTIDX,NIFTY,29-Feb-2024,23550,PE,0,0,0,2500.05,1302.7,0,0,0,0,15-JAN-2024,
OPTIDX,NIFTY,29-Feb-2024,23600,PE,0,0,0,2546.6,1347.8,0,0,0,0,15-JAN-2024,
OPTIDX,NIFTY,29-Feb-2024,23650,PE,0,0,0,2593.3,1393.25,0,0,0,0,15-JAN-2024,
OPTIDX,NIFTY,28-Mar-2024,14000,CE,8185.8,8220.7,8185.8,8220.7,8220.7,5,55.52,324750,150,15-JAN-2024,
OPTIDX,NIFTY,28-Mar-2024,15000,CE,7200,7200,7200,7200,7298.6,1,11.1,25500,0,15-JAN-2024,
OPTIDX,NIFTY,28-Mar-2024,16000,CE,6200,6395.6,6200,6280,6312,9,100.23,46000,-300,15-JAN-2024,
OPTIDX,NIFTY,28-Mar-2024,17000,CE,5250,5330,5200,5324.3,5324.3,51,567.58,140100,200,15-JAN-2024,
OPTIDX,NIFTY,28-Mar-2024,18000,CE,4306.1,4332,4237.65,4321.6,4321.6,98,1092.59,411250,350,15-JAN-2024,
OPTIDX,NIFTY,28-Mar-2024,19000,CE,3320.25,3396.45,3250,3377.4,3377.4,222,2477.03,468300,-900,15-JAN-2024,
OPTIDX,NIFTY,28-Mar-2024,19750,CE,0,0,0,2421.85,2616.4,0,0,0,0,15-JAN-2024,
OPTIDX,NIFTY,28-Mar-2024,19800,CE,0,0,0,2375.95,2567.7,0,0,0,0,15-JAN-2024,
OPTIDX,NIFTY,28-Mar-2024,19850,CE,0,0,0,2330.25,2519,0,0,0,0,15-JAN-2024,
OPTIDX,NIFTY,28-Mar-2024,19900,CE,0,0,0,2284.75,2470.45,0,0,0,0,15-JAN-2024,
OPTIDX,NIFTY,28-Mar-2024,19950,CE,0,0,0,2239.55,2422,0,0,0,0,15-JAN-2024,
OPTIDX,NIFTY,28-Mar-2024,20000,CE,2358.5,2444.3,2290.6,2426.8,2426.8,635,7105.28,474250,4350,15-JAN-2024,
OPTIDX,NIFTY,28-Mar-2024,20050,CE,0,0,0,2149.85,2325.35,0,0,0,0,15-JAN-2024,
OPTIDX,NIFTY,28-Mar-2024,20100,CE,0,0,0,2105.4,2277.2,0,0,0,0,15-JAN-2024,
OPTIDX,NIFTY,28-Mar-2024,20150,CE,0,0,0,2061.25,2229.2,0,0,0,0,15-JAN-2024,
OPTIDX,NIFTY,28-Mar-2024,20200,CE,0,0,0,2017.4,2181.35,0,0,0,0,15-JAN-2024,
OPTIDX,NIFTY,28-Mar-2024,20250,CE,0,0,0,1973.85,2133.6,0,0,0,0,15-JAN-2024,
OPTIDX,NIFTY,28-Mar-2024,20300,CE,0,0,0,1930.6,2086.1,0,0,0,0,15-JAN-2024,
OPTIDX,NIFTY,28-Mar-2024,20350,CE,0,0,0,1887.7,2038.75,0,0,0,0,15-JAN-2024,
OPTIDX,NIFTY,28-Mar-2024,20400,CE,0,0,0,1845.15,1991.6,0,0,0,0,15-JAN-2024,
OPTIDX,NIFTY,28-Mar-2024,20450,CE,0,0,0,1802.95,1944.65,0,0,0,0,15-JAN-2024,
OPTIDX,NIFTY,28-Mar-2024,20500,CE,1908.5,1978.4,1857,1968.95,1968.95,126,1412.18,15300,-2900,15-JAN-2024,
OPTIDX,NIFTY,28-Mar-2024,20550,CE,0,0,0,1444.55,1851.45,0,0,50,0,15-JAN-2024,
OPTIDX,NIFTY,28-Mar-2024,20600,CE,0,0,0,1378.1,1805.25,0,0,150,0,15-JAN-2024,
OPTIDX,NIFTY,28-Mar-2024,20650,CE,0,0,0,1384.8,1759.35,0,0,350,0,15-JAN-2024,
OPTIDX,NIFTY,28-Mar-2024,20700,CE,0,0,0,1286.7,1713.75,0,0,200,0,15-JAN-2024,
OPTIDX,NIFTY,28-Mar-2024,20750,CE,0,0,0,1433.25,1668.45,0,0,200,0,15-JAN-2024,
OPTIDX,NIFTY,28-Mar-2024,20800,CE,0,0,0,1431.9,1623.5,0,0,50,0,15-JAN-2024,
OPTIDX,NIFTY,28-Mar-2024,20850,CE,0,0,0,1279.6,1578.9,0,0,50,0,15-JAN-2024,
OPTIDX,NIFTY,28-Mar-2024,20900,CE,0,0,0,1400,1534.7,0,0,100,0,15-JAN-2024,
OPTIDX,NIFTY,28-Mar-2024,20950,CE,0,0,0,1403.15,1490.85,0,0,0,0,15-JAN-2024,
OPTIDX,NIFTY,28-Mar-2024,21000,CE,1439.95,1545,1420,1532.35,1532.35,3304,37161.32,1137600,59450,15-JAN-2024,
OPTIDX,NIFTY,28-Mar-2024,21050,CE,0,0,0,1328.6,1404.5,0,0,0,0,15-JAN-2024,
OPTIDX,NIFTY,28-Mar-2024,21100,CE,1385.65,1410.05,1375.05,1375.05,1362.05,9,101.24,1300,250,15-JAN-2024,
OPTIDX,NIFTY,28-Mar-2024,21150,CE,0,0,0,1256.75,1320,0,0,0,0,15-JAN-2024,
OPTIDX,NIFTY,28-Mar-2024,21200,CE,1308.9,1393.45,1275,1350,1278.5,30,338.07,2450,100,15-JAN-2024,
OPTIDX,NIFTY,28-Mar-2024,21250,CE,1300,1300,1300,1300,1300,1,11.27,150,-50,15-JAN-2024,
OPTIDX,NIFTY,28-Mar-2024,21300,CE,1229.25,1273,1179.3,1265.7,1265.7,160,1803.38,6200,-900,15-JAN-2024,
OPTIDX,NIFTY,28-Mar-2024,21350,CE,0,0,0,819,1157.25,0,0,50,0,15-JAN-2024,
OPTIDX,NIFTY,28-Mar-2024,21400,CE,1131.7,1149.15,1131.7,1149.1,1117.95,15,169.07,2800,-50,15-JAN-2024,
OPTIDX,NIFTY,28-Mar-2024,21450,CE,0,0,0,953,1079.3,0,0,250,0,15-JAN-2024,
OPTIDX,NIFTY,28-Mar-2024,21500,CE,1066,1133.5,1024,1124.45,1124.45,848,9575.15,83200,12850,15-JAN-2024,
OPTIDX,NIFTY,28-Mar-2024,21550,CE,998.9,1070,998.9,1070,1070,2,22.58,550,0,15-JAN-2024,
OPTIDX,NIFTY,28-Mar-2024,21600,CE,1011.1,1051.05,950,1034.9,1034.9,41,463.15,8950,350,15-JAN-2024,
OPTIDX,NIFTY,28-Mar-2024,21650,CE,971.65,1015,922.6,1005,1005,7,79.16,2500,0,15-JAN-2024,
OPTIDX,NIFTY,28-Mar-2024,21700,CE,918.5,970.05,889.35,970.05,970.05,40,452.82,8500,-150,15-JAN-2024,
OPTIDX,NIFTY,28-Mar-2024,21750,CE,0,0,0,706.8,861.1,0,0,1100,0,15-JAN-2024,
OPTIDX,NIFTY,28-Mar-2024,21800,CE,849,916,824.75,906.4,906.4,93,1054.19,9950,150,15-JAN-2024,
OPTIDX,NIFTY,28-Mar-2024,21850,CE,857,857,857,857,794,15,170.3,650,-750,15-JAN-2024,
OPTIDX,NIFTY,28-Mar-2024,21900,CE,802.15,850,750,844.85,844.85,84,953.48,6000,200,15-JAN-2024,
OPTIDX,NIFTY,28-Mar-2024,21950,CE,753.7,779.45,753.65,761.4,729.95,4,45.42,1350,-100,15-JAN-2024,
OPTIDX,NIFTY,28-Mar-2024,22000,CE,700,782.05,682.5,769.1,769.1,8615,97932.47,802050,-52150,15-JAN-2024,
OPTIDX,NIFTY,28-Mar-2024,22050,CE,707.45,707.45,672.5,688.35,668.95,24,272.81,1300,-400,15-JAN-2024,
OPTIDX,NIFTY,28-Mar-2024,22100,CE,650,718.55,639.4,705.95,705.95,332,3782.5,10600,800,15-JAN-2024,
OPTIDX,NIFTY,28-Mar-2024,22150,CE,635,681,610.15,672.7,672.7,111,1266.04,1100,50,15-JAN-2024,
OPTIDX,NIFTY,28-Mar-2024,22200,CE,553.35,657.8,553.35,646.7,646.7,449,5123.25,14300,-550,15-JAN-2024,
OPTIDX,NIFTY,28-Mar-2024,22250,CE,565,609,564,592.45,556.5,38,434.05,1900,-250,15-JAN-2024,
OPTIDX,NIFTY,28-Mar-2024,22300,CE,555,592.3,523.65,587.4,587.4,141,1611.71,11950,1000,15-JAN-2024,
OPTIDX,NIFTY,28-Mar-2024,22350,CE,520.45,545,500.45,545,505.1,24,274.39,1000,750,15-JAN-2024,
OPTIDX,NIFTY,28-Mar-2024,22400,CE,510,544,476.55,535.3,535.3,156,1788.09,12950,1850,15-JAN-2024,
OPTIDX,NIFTY,28-Mar-2024,22450,CE,462.95,486.55,455.85,486.55,456.9,27,309.52,700,-650,15-JAN-2024,
OPTIDX,NIFTY,28-Mar-2024,22500,CE,407,497,407,484.05,484.05,3092,35482.73,129050,26000,15-JAN-2024,
OPTIDX,NIFTY,28-Mar-2024,22550,CE,431.05,431.45,412.5,431.45,411.95,15,172.33,1100,500,15-JAN-2024,
OPTIDX,NIFTY,28-Mar-2024,22600,CE,392.4,443.2,379.8,439.1,439.1,147,1691.69,6150,2700,15-JAN-2024,
OPTIDX,NIFTY,28-Mar-2024,22650,CE,410,410,410,410,410,1,11.53,1850,50,15-JAN-2024,
OPTIDX,NIFTY,28-Mar-2024,22700,CE,362,396.05,339,386.7,386.7,414,4773.34,20750,14300,15-JAN-2024,
OPTIDX,NIFTY,28-Mar-2024,22750,CE,329.7,337,329.7,330,331.35,9,103.88,450,-250,15-JAN-2024,
OPTIDX,NIFTY,28-Mar-2024,22800,CE,313.9,355,296.2,346.15,346.15,203,2347.38,13300,1350,15-JAN-2024,
OPTIDX,NIFTY,28-Mar-2024,22850,CE,304,310.6,302.2,302.2,295.65,5,57.89,750,200,15-JAN-2024,
OPTIDX,NIFTY,28-Mar-2024,22900,CE,272.8,313,262.05,310.5,310.5,231,2678.01,6250,-1700,15-JAN-2024,
OPTIDX,NIFTY,28-Mar-2024,22950,CE,264.75,273.45,253.35,253.35,262.85,7,81.24,950,50,15-JAN-2024,
OPTIDX,NIFTY,28-Mar-2024,23000,CE,232.05,285,224.9,276.55,276.55,10558,122752.28,822850,73300,15-JAN-2024,
OPTIDX,NIFTY,28-Mar-2024,23050,CE,216.8,263.55,214.3,261.5,261.5,34,396.11,1600,700,15-JAN-2024,
OPTIDX,NIFTY,28-Mar-2024,23100,CE,213.55,246.85,203.55,236.9,236.9,394,4594.56,16500,8600,15-JAN-2024,
OPTIDX,NIFTY,28-Mar-2024,23150,CE,196,233.95,196,231.25,231.25,8,93.5,1300,50,15-JAN-2024,
OPTIDX,NIFTY,28-Mar-2024,23200,CE,188.9,217,178,212.1,212.1,272,3182.44,18250,900,15-JAN-2024,
OPTIDX,NIFTY,28-Mar-2024,23250,CE,0,0,0,144.9,180.75,0,0,1350,0,15-JAN-2024,
OPTIDX,NIFTY,28-Mar-2024,23300,CE,177.95,191.55,152.75,183.9,183.9,438,5140.34,33050,8000,15-JAN-2024,
OPTIDX,NIFTY,28-Mar-2024,23350,CE,0,0,0,133.05,158.4,0,0,400,0,15-JAN-2024,
OPTIDX,NIFTY,28-Mar-2024,23400,CE,149.3,169,135,164.55,164.55,680,8007.4,20000,-650,15-JAN-2024,
OPTIDX,NIFTY,28-Mar-2024,23450,CE,140.05,157.55,126,152.9,152.9,74,872.77,3500,700,15-JAN-2024,
OPTIDX,NIFTY,28-Mar-2024,23500,CE,135.5,146.2,115.45,141.25,141.25,449,5304.76,8800,8800,15-JAN-2024,
OPTIDX,NIFTY,28-Mar-2024,23550,CE,114,128.75,113.4,128.75,128.75,6,71.01,150,150,15-JAN-2024,
OPTIDX,NIFTY,28-Mar-2024,23600,CE,109.95,124,103.8,118.95,118.95,73,865.38,1600,1600,15-JAN-2024,
OPTIDX,NIFTY,28-Mar-2024,23650,CE,135,135,94.35,114.25,114.25,77,914.49,2050,2050,15-JAN-2024,
OPTIDX,NIFTY,28-Mar-2024,24000,CE,66.05,74.05,61.05,71.9,71.9,6132,73789.15,607450,24450,15-JAN-2024,
OPTIDX,NIFTY,28-Mar-2024,25000,CE,21.05,26.95,19.6,24.45,24.45,2064,25823.71,318500,27050,15-JAN-2024,
OPTIDX,NIFTY,28-Mar-2024,26000,CE,11.75,13.4,11.55,12.5,12.5,602,7829.74,142250,8150,15-JAN-2024,
OPTIDX,NIFTY,28-Mar-2024,27000,CE,3.1,3.1,3.1,3.1,0.1,15,202.52,14050,0,15-JAN-2024,
OPTIDX,NIFTY,28-Mar-2024,14000,PE,3.75,4.2,3.6,3.6,3.6,85,595.16,116350,150,15-JAN-2024,
OPTIDX,NIFTY,28-Mar-2024,15000,PE,5.05,7.5,5.05,7.45,7.45,4,30.01,7150,-50,15-JAN-2024,
OPTIDX,NIFTY,28-Mar-2024,16000,PE,6.05,6.05,6.05,6.05,6.05,31,248.09,184050,650,15-JAN-2024,
OPTIDX,NIFTY,28-Mar-2024,17000,PE,13.5,14,12.4,13.3,13.3,246,2092.66,329850,-650,15-JAN-2024,
OPTIDX,NIFTY,28-Mar-2024,18000,PE,16.75,19,15.95,16.8,16.8,656,5909.58,856900,-2850,15-JAN-2024,
OPTIDX,NIFTY,28-Mar-2024,19000,PE,26.75,27.5,24.35,24.8,24.8,2785,26493.49,1306600,48050,15-JAN-2024,
OPTIDX,NIFTY,28-Mar-2024,19750,PE,0,0,0,51,4.1,0,0,750,0,15-JAN-2024,
OPTIDX,NIFTY,28-Mar-2024,19800,PE,46.65,47.05,42.8,43.4,43.4,171,1696.7,17600,4000,15-JAN-2024,
OPTIDX,NIFTY,28-Mar-2024,19850,PE,0,0,0,66.85,5.4,0,0,200,0,15-JAN-2024,
OPTIDX,NIFTY,28-Mar-2024,19900,PE,52,53.5,48.9,49,49,53,528.68,22300,300,15-JAN-2024,
OPTIDX,NIFTY,28-Mar-2024,19950,PE,0,0,0,52,7,0,0,0,0,15-JAN-2024,
OPTIDX,NIFTY,28-Mar-2024,20000,PE,61.8,62,54.7,55.65,55.65,4812,48258.07,2005300,9500,15-JAN-2024,
OPTIDX,NIFTY,28-Mar-2024,20050,PE,0,0,0,60.5,9.05,0,0,0,0,15-JAN-2024,
OPTIDX,NIFTY,28-Mar-2024,20100,PE,66.1,66.3,57.5,58.15,58.15,260,2620.88,49300,2400,15-JAN-2024,
OPTIDX,NIFTY,28-Mar-2024,20150,PE,34.25,51.1,34.25,51.1,51.1,8,80.79,3300,400,15-JAN-2024,
OPTIDX,NIFTY,28-Mar-2024,20200,PE,60.3,66.8,57.95,58.95,58.95,362,3667.63,62250,1100,15-JAN-2024,
OPTIDX,NIFTY,28-Mar-2024,20250,PE,0,0,0,51.1,14.65,0,0,100,0,15-JAN-2024,
OPTIDX,NIFTY,28-Mar-2024,20300,PE,0,0,0,86.8,16.4,0,0,0,0,15-JAN-2024,
OPTIDX,NIFTY,28-Mar-2024,20350,PE,0,0,0,112.8,18.4,0,0,3250,0,15-JAN-2024,
OPTIDX,NIFTY,28-Mar-2024,20400,PE,77.35,82.9,72.4,74.05,74.05,886,9071.01,75850,3300,15-JAN-2024,
OPTIDX,NIFTY,28-Mar-2024,20450,PE,0,0,0,139.05,22.95,0,0,2450,0,15-JAN-2024,
OPTIDX,NIFTY,28-Mar-2024,20500,PE,88.7,99.6,85.55,87.15,87.15,2946,30331.77,425250,32800,15-JAN-2024,
OPTIDX,NIFTY,28-Mar-2024,20550,PE,0,0,0,158.4,28.45,0,0,2750,0,15-JAN-2024,
OPTIDX,NIFTY,28-Mar-2024,20600,PE,100,108.5,92.45,94.2,94.2,774,8010.88,88900,12900,15-JAN-2024,
OPTIDX,NIFTY,28-Mar-2024,20650,PE,0,0,0,137.85,35,0,0,0,0,15-JAN-2024,
OPTIDX,NIFTY,28-Mar-2024,20700,PE,106.25,117.65,97.95,100.3,100.3,870,9051.6,64000,16300,15-JAN-2024,
OPTIDX,NIFTY,28-Mar-2024,20750,PE,0,0,0,153.25,42.75,0,0,1200,0,15-JAN-2024,
OPTIDX,NIFTY,28-Mar-2024,20800,PE,120.45,134.1,106.95,113.55,113.55,1678,17554.57,70150,20700,15-JAN-2024,
OPTIDX,NIFTY,28-Mar-2024,20850,PE,0,0,0,139.75,51.85,0,0,50,0,15-JAN-2024,
OPTIDX,NIFTY,28-Mar-2024,20900,PE,133.85,149.35,125,126.7,126.7,374,3933.91,44950,4000,15-JAN-2024,
OPTIDX,NIFTY,28-Mar-2024,20950,PE,136.4,155.25,132.45,133.1,133.1,115,1212.79,2000,1150,15-JAN-2024,
OPTIDX,NIFTY,28-Mar-2024,21000,PE,123.25,168.55,123.25,143.15,143.15,8785,92908.15,1880550,69500,15-JAN-2024,
OPTIDX,NIFTY,28-Mar-2024,21050,PE,0,0,0,204.8,74.8,0,0,300,0,15-JAN-2024,
OPTIDX,NIFTY,28-Mar-2024,21100,PE,178.6,178.6,154.2,157.5,157.5,181,1924.58,13400,-50,15-JAN-2024,
OPTIDX,NIFTY,28-Mar-2024,21150,PE,0,0,0,199.9,88.95,0,0,2900,0,15-JAN-2024,
OPTIDX,NIFTY,28-Mar-2024,21200,PE,184,195.8,169.15,172.4,172.4,307,3282.29,19650,5650,15-JAN-2024,
OPTIDX,NIFTY,28-Mar-2024,21250,PE,0,0,0,225.75,105.15,0,0,1650,0,15-JAN-2024,
OPTIDX,NIFTY,28-Mar-2024,21300,PE,202.1,216,186.75,191.5,191.5,339,3644.66,18650,1950,15-JAN-2024,
OPTIDX,NIFTY,28-Mar-2024,21350,PE,212,216.45,197.85,202.5,202.5,29,312.53,750,-1000,15-JAN-2024,
OPTIDX,NIFTY,28-Mar-2024,21400,PE,222,240.85,206.5,210.6,210.6,267,2886.56,18550,500,15-JAN-2024,
OPTIDX,NIFTY,28-Mar-2024,21450,PE,230,236.1,218.55,222.2,222.2,37,400.96,900,-1300,15-JAN-2024,
OPTIDX,NIFTY,28-Mar-2024,21500,PE,252.05,266.95,229.85,233.95,233.95,4423,48094.18,308400,59050,15-JAN-2024,
OPTIDX,NIFTY,28-Mar-2024,21550,PE,262,275.3,252.95,256.75,167.45,19,207.2,2300,100,15-JAN-2024,
OPTIDX,NIFTY,28-Mar-2024,21600,PE,277.85,292.5,252.8,257.7,257.7,771,8434.68,19300,-12850,15-JAN-2024,
OPTIDX,NIFTY,28-Mar-2024,21650,PE,291.55,291.55,262.5,262.5,262.5,8,87.74,2900,200,15-JAN-2024,
OPTIDX,NIFTY,28-Mar-2024,21700,PE,299.55,318.8,279.9,283.65,283.65,1083,11911.13,26250,-550,15-JAN-2024,
OPTIDX,NIFTY,28-Mar-2024,21750,PE,343.2,343.2,294.6,297,297,36,397.06,2050,150,15-JAN-2024,
OPTIDX,NIFTY,28-Mar-2024,21800,PE,332.3,352,306.3,310.55,310.55,798,8828.58,32550,5900,15-JAN-2024,
OPTIDX,NIFTY,28-Mar-2024,21850,PE,338.5,338.5,336.4,338.45,253.6,5,55.46,2150,150,15-JAN-2024,
OPTIDX,NIFTY,28-Mar-2024,21900,PE,362.35,383,335.65,341.05,341.05,534,5943.18,17900,7150,15-JAN-2024,
OPTIDX,NIFTY,28-Mar-2024,21950,PE,348,348,348,348,348,5,55.74,3150,250,15-JAN-2024,
OPTIDX,NIFTY,28-Mar-2024,22000,PE,383,432,368,374.55,374.55,11686,130825.85,861100,226400,15-JAN-2024,
OPTIDX,NIFTY,28-Mar-2024,22050,PE,410.05,424.65,386,393,393,147,1650.81,2250,-650,15-JAN-2024,
OPTIDX,NIFTY,28-Mar-2024,22100,PE,455.25,459.7,404.3,407.4,407.4,228,2567.55,5950,3950,15-JAN-2024,
OPTIDX,NIFTY,28-Mar-2024,22150,PE,0,0,0,696.55,366.65,0,0,50,0,15-JAN-2024,
OPTIDX,NIFTY,28-Mar-2024,22200,PE,470,499,440,449.25,449.25,252,2855.47,7650,1050,15-JAN-2024,
OPTIDX,NIFTY,28-Mar-2024,22250,PE,0,0,0,678.2,410.7,0,0,0,0,15-JAN-2024,
OPTIDX,NIFTY,28-Mar-2024,22300,PE,509.4,539.35,476,485.5,485.5,169,1926.32,7400,1000,15-JAN-2024,
OPTIDX,NIFTY,28-Mar-2024,22350,PE,0,0,0,826,457.95,0,0,200,0,15-JAN-2024,
OPTIDX,NIFTY,28-Mar-2024,22400,PE,555.3,565.05,520.15,531.5,531.5,57,653.6,2800,1800,15-JAN-2024,
OPTIDX,NIFTY,28-Mar-2024,22450,PE,0,0,0,787.5,508.45,0,0,0,0,15-JAN-2024,
OPTIDX,NIFTY,28-Mar-2024,22500,PE,610.05,639.5,565.35,575.95,575.95,2629,30352.4,90550,9500,15-JAN-2024,
OPTIDX,NIFTY,28-Mar-2024,22550,PE,0,0,0,947.35,562.1,0,0,50,0,15-JAN-2024,
OPTIDX,NIFTY,28-Mar-2024,22600,PE,672.3,672.3,619.2,620.1,620.1,20,232.33,1250,200,15-JAN-2024,
OPTIDX,NIFTY,28-Mar-2024,22650,PE,668.7,700.05,667.65,691.15,618.95,81,944.8,4050,4050,15-JAN-2024,
OPTIDX,NIFTY,28-Mar-2024,22700,PE,700,700,695.9,695.9,648.5,8,93.59,3300,300,15-JAN-2024,
OPTIDX,NIFTY,28-Mar-2024,22750,PE,0,0,0,879.05,678.85,0,0,150,0,15-JAN-2024,
OPTIDX,NIFTY,28-Mar-2024,22800,PE,0,0,0,1000.75,709.95,0,0,0,0,15-JAN-2024,
OPTIDX,NIFTY,28-Mar-2024,22850,PE,0,0,0,1157.05,741.8,0,0,900,0,15-JAN-2024,
OPTIDX,NIFTY,28-Mar-2024,22900,PE,814.25,814.25,785.1,785.1,785.1,7,82.96,1600,50,15-JAN-2024,
OPTIDX,NIFTY,28-Mar-2024,22950,PE,0,0,0,1100.35,807.65,0,0,0,0,15-JAN-2024,
OPTIDX,NIFTY,28-Mar-2024,23000,PE,964.5,964.5,845,855.5,855.5,1596,19057.69,141600,24350,15-JAN-2024,
OPTIDX,NIFTY,28-Mar-2024,23050,PE,0,0,0,1027.8,876.3,0,0,300,0,15-JAN-2024,
OPTIDX,NIFTY,28-Mar-2024,23100,PE,0,0,0,1204.5,911.65,0,0,0,0,15-JAN-2024,
OPTIDX,NIFTY,28-Mar-2024,23150,PE,0,0,0,1152.45,947.65,0,0,50,0,15-JAN-2024,
OPTIDX,NIFTY,28-Mar-2024,23200,PE,0,0,0,1299.3,984.3,0,0,100,0,15-JAN-2024,
OPTIDX,NIFTY,28-Mar-2024,23250,PE,0,0,0,1340.2,1021.55,0,0,100,0,15-JAN-2024,
OPTIDX,NIFTY,28-Mar-2024,23300,PE,1117,1137,1070,1075,1059.4,22,268.26,850,650,15-JAN-2024,
OPTIDX,NIFTY,28-Mar-2024,23350,PE,0,0,0,1388.8,1097.85,0,0,0,0,15-JAN-2024,
OPTIDX,NIFTY,28-Mar-2024,23400,PE,0,0,0,1425.9,1136.85,0,0,0,0,15-JAN-2024,
OPTIDX,NIFTY,28-Mar-2024,23450,PE,0,0,0,1457.95,1176.4,0,0,50,0,15-JAN-2024,
OPTIDX,NIFTY,28-Mar-2024,23500,PE,1214.05,1214.05,1200,1200,1200,3,37.06,150,150,15-JAN-2024,
OPTIDX,NIFTY,28-Mar-2024,23550,PE,0,0,0,1542.3,1257.05,0,0,0,0,15-JAN-2024,
OPTIDX,NIFTY,28-Mar-2024,23600,PE,0,0,0,1581.9,1298.1,0,0,0,0,15-JAN-2024,
OPTIDX,NIFTY,28-Mar-2024,23650,PE,0,0,0,1621.9,1339.65,0,0,0,0,15-JAN-2024,
OPTIDX,NIFTY,28-Mar-2024,24000,PE,1710.15,1769.45,1616.7,1638.15,1638.15,1207,15493.93,216100,100,15-JAN-2024,
OPTIDX,NIFTY,28-Mar-2024,25000,PE,2625,2680,2550,2569.55,2569.55,326,4501.59,419400,5500,15-JAN-2024,
OPTIDX,NIFTY,28-Mar-2024,26000,PE,3550,3550,3550,3550,3555.15,1,14.77,5000,50,15-JAN-2024,
OPTIDX,NIFTY,28-Mar-2024,27000,PE,0,0,0,4800,4540.6,0,0,200,0,15-JAN-2024,
OPTIDX,NIFTY,27-Jun-2024,15000,CE,0,0,0,4599.25,7545.55,0,0,50,0,15-JAN-2024,
OPTIDX,NIFTY,27-Jun-2024,17000,CE,0,0,0,5010.65,5605.35,0,0,50,0,15-JAN-2024,
OPTIDX,NIFTY,27-Jun-2024,18000,CE,4446.9,4493.1,4446.9,4493.1,4636.1,2,22.47,17750,0,15-JAN-2024,
OPTIDX,NIFTY,27-Jun-2024,18500,CE,0,0,0,3770,4153,0,0,2675,0,15-JAN-2024,
OPTIDX,NIFTY,27-Jun-2024,19000,CE,3500,3686,3500,3678.5,3678.5,64,724,105200,-750,15-JAN-2024,
OPTIDX,NIFTY,27-Jun-2024,20000,CE,2710.85,2839.85,2699,2833.65,2833.65,198,2256.89,158250,4300,15-JAN-2024,
OPTIDX,NIFTY,27-Jun-2024,21000,CE,2000.2,2060,1935,2047.9,2047.9,667,7670.55,347900,-300,15-JAN-2024,
OPTIDX,NIFTY,27-Jun-2024,22000,CE,1291.6,1364.9,1172.05,1354.35,1354.35,1857,21652.96,283750,-9850,15-JAN-2024,
OPTIDX,NIFTY,27-Jun-2024,23000,CE,683,789.65,683,781.05,781.05,3191,37899.13,677700,48050,15-JAN-2024,
OPTIDX,NIFTY,27-Jun-2024,24000,CE,371.1,406,351.4,396.15,396.15,2125,25903.63,193550,27650,15-JAN-2024,
OPTIDX,NIFTY,27-Jun-2024,25000,CE,160,192,160,186.8,186.8,660,8306.96,103550,7450,15-JAN-2024,
OPTIDX,NIFTY,27-Jun-2024,26000,CE,80.65,97.1,80.65,94.85,94.85,227,2960.98,17000,4100,15-JAN-2024,
OPTIDX,NIFTY,27-Jun-2024,27000,CE,0,0,0,331.6,13.6,0,0,0,0,15-JAN-2024,
OPTIDX,NIFTY,27-Jun-2024,14000,PE,0,0,0,3.05,0.05,0,0,7275,0,15-JAN-2024,
OPTIDX,NIFTY,27-Jun-2024,15000,PE,0,0,0,3.05,0.05,0,0,12425,0,15-JAN-2024,
OPTIDX,NIFTY,27-Jun-2024,16000,PE,0,0,0,3.05,0.05,0,0,37950,0,15-JAN-2024,
OPTIDX,NIFTY,27-Jun-2024,17000,PE,0,0,0,12.3,0.05,0,0,126500,0,15-JAN-2024,
OPTIDX,NIFTY,27-Jun-2024,18000,PE,55.05,66.8,55,59.5,59.5,1035,9345.83,424500,26950,15-JAN-2024,
OPTIDX,NIFTY,27-Jun-2024,19000,PE,107.25,124.45,105.85,122.25,122.25,1624,15525.31,746250,15750,15-JAN-2024,
OPTIDX,NIFTY,27-Jun-2024,20000,PE,219.5,234.95,213,231.6,231.6,2371,23981.16,1062850,3150,15-JAN-2024,
OPTIDX,NIFTY,27-Jun-2024,21000,PE,410,443,410,415,415,3150,33730.19,767450,86450,15-JAN-2024,
OPTIDX,NIFTY,27-Jun-2024,22000,PE,715.05,732.25,682.55,694.3,694.3,3961,44981.92,788550,81000,15-JAN-2024,
OPTIDX,NIFTY,27-Jun-2024,23000,PE,1131,1150.35,1080,1095.05,1095.05,1155,13929.79,128150,8500,15-JAN-2024,
OPTIDX,NIFTY,27-Jun-2024,24000,PE,1700,1715,1633.25,1643.45,1643.45,345,4429.48,16400,7300,15-JAN-2024,
OPTIDX,NIFTY,27-Jun-2024,25000,PE,0,0,0,7199.55,2276.65,0,0,0,0,15-JAN-2024,
OPTIDX,NIFTY,27-Jun-2024,26000,PE,0,0,0,8015.6,3169.15,0,0,0,0,15-JAN-2024,
OPTIDX,NIFTY,27-Jun-2024,27000,PE,0,0,0,8206,4109.55,0,0,0,0,15-JAN-2024,
OPTIDX,NIFTY,26-Sep-2024,17000,CE,0,0,0,3800.4,5881.2,0,0,0,0,15-JAN-2024,
OPTIDX,NIFTY,26-Sep-2024,18000,CE,0,0,0,2994.95,4930.95,0,0,0,0,15-JAN-2024,
OPTIDX,NIFTY,26-Sep-2024,19000,CE,0,0,0,2277.4,3992.95,0,0,0,0,15-JAN-2024,
OPTIDX,NIFTY,26-Sep-2024,20000,CE,0,0,0,1666.45,3089.3,0,0,0,0,15-JAN-2024,
OPTIDX,NIFTY,26-Sep-2024,21000,CE,0,0,0,1173.8,2257.55,0,0,0,0,15-JAN-2024,
OPTIDX,NIFTY,26-Sep-2024,22000,CE,1550,1620,1550,1620,1620,43,506.96,7500,1600,15-JAN-2024,
OPTIDX,NIFTY,26-Sep-2024,23000,CE,900,900,900,900,977.4,1,11.95,50,50,15-JAN-2024,
OPTIDX,NIFTY,26-Sep-2024,24000,CE,500,500,500,500,500,21,257.25,1200,1050,15-JAN-2024,
OPTIDX,NIFTY,26-Sep-2024,25000,CE,298,341,298,318.35,318.35,14,177.19,1800,600,15-JAN-2024,
OPTIDX,NIFTY,26-Sep-2024,26000,CE,160,170,159.75,170,154.25,38,497.09,2050,1350,15-JAN-2024,
OPTIDX,NIFTY,26-Sep-2024,27000,CE,0,0,0,68.7,71.3,0,0,0,0,15-JAN-2024,
OPTIDX,NIFTY,26-Sep-2024,17000,PE,0,0,0,103.7,0.65,0,0,0,0,15-JAN-2024,
OPTIDX,NIFTY,26-Sep-2024,18000,PE,0,0,0,229.25,4.35,0,0,0,0,15-JAN-2024,
OPTIDX,NIFTY,26-Sep-2024,19000,PE,0,0,0,239.55,20.3,0,0,2850,0,15-JAN-2024,
OPTIDX,NIFTY,26-Sep-2024,20000,PE,0,0,0,762.75,70.6,0,0,0,0,15-JAN-2024,
OPTIDX,NIFTY,26-Sep-2024,21000,PE,0,0,0,1201.1,192.75,0,0,0,0,15-JAN-2024,
OPTIDX,NIFTY,26-Sep-2024,22000,PE,0,0,0,1754.25,431.35,0,0,0,0,15-JAN-2024,
OPTIDX,NIFTY,26-Sep-2024,23000,PE,913.6,913.6,913.6,913.6,820.5,1,11.95,100,50,15-JAN-2024,
OPTIDX,NIFTY,26-Sep-2024,24000,PE,0,0,0,3149.25,1369.25,0,0,0,0,15-JAN-2024,
OPTIDX,NIFTY,26-Sep-2024,25000,PE,0,0,0,3952.4,2060.1,0,0,0,0,15-JAN-2024,
OPTIDX,NIFTY,26-Sep-2024,26000,PE,0,0,0,4801.5,2859.15,0,0,0,0,15-JAN-2024,
OPTIDX,NIFTY,26-Sep-2024,27000,PE,0,0,0,5681.95,3730.15,0,0,0,0,15-JAN-2024,
OPTIDX,NIFTY,26-Dec-2024,14000,CE,0,0,0,8599,8965.2,0,0,100,0,15-JAN-2024,
OPTIDX,NIFTY,26-Dec-2024,15000,CE,0,0,0,7100,8027.2,0,0,2100,0,15-JAN-2024,
OPTIDX,NIFTY,26-Dec-2024,16000,CE,0,0,0,6628.75,7089.5,0,0,22100,0,15-JAN-2024,
OPTIDX,NIFTY,26-Dec-2024,17000,CE,5850,5850,5798.6,5798.6,6153.2,3,34.24,21100,-100,15-JAN-2024,
OPTIDX,NIFTY,26-Dec-2024,18000,CE,4920,4953.95,4920,4953.25,5222.5,34,389.93,25150,-450,15-JAN-2024,
OPTIDX,NIFTY,26-Dec-2024,18500,CE,0,0,0,4400,4762.25,0,0,1000,0,15-JAN-2024,
OPTIDX,NIFTY,26-Dec-2024,19000,CE,4150,4240,4140,4207.25,4207.25,23,266.73,69050,-250,15-JAN-2024,
OPTIDX,NIFTY,26-Dec-2024,20000,CE,3348,3483.2,3347,3466.05,3466.05,238,2785.25,81850,5600,15-JAN-2024,
OPTIDX,NIFTY,26-Dec-2024,21000,CE,2592.05,2740,2592.05,2730.1,2730.1,242,2867.95,128950,400,15-JAN-2024,
OPTIDX,NIFTY,26-Dec-2024,22000,CE,1920,2022,1910.5,2009.5,2009.5,369,4421.38,146450,5900,15-JAN-2024,
OPTIDX,NIFTY,26-Dec-2024,23000,CE,1319.95,1427,1301.35,1403.75,1403.75,326,3971.28,162250,-400,15-JAN-2024,
OPTIDX,NIFTY,26-Dec-2024,24000,CE,815.05,898.05,815.05,894.25,894.25,465,5780.08,143500,9200,15-JAN-2024,
OPTIDX,NIFTY,26-Dec-2024,25000,CE,502.85,550,500,543.25,543.25,337,4299.72,172100,6500,15-JAN-2024,
OPTIDX,NIFTY,26-Dec-2024,26000,CE,275,319,275,314.4,314.4,197,2590.31,59650,4900,15-JAN-2024,
OPTIDX,NIFTY,26-Dec-2024,27000,CE,169.85,187,160.25,182.45,182.45,148,2011.31,31450,1900,15-JAN-2024,
OPTIDX,NIFTY,26-Dec-2024,14000,PE,0,0,0,20.5,0.05,0,0,3300,0,15-JAN-2024,
OPTIDX,NIFTY,26-Dec-2024,15000,PE,0,0,0,12.7,0.05,0,0,28300,0,15-JAN-2024,
OPTIDX,NIFTY,26-Dec-2024,16000,PE,44.05,47.75,44.05,47.75,0.35,13,104.29,13500,-100,15-JAN-2024,
OPTIDX,NIFTY,26-Dec-2024,17000,PE,66.55,79.65,66.55,77,77,33,281.76,72400,-1100,15-JAN-2024,
OPTIDX,NIFTY,26-Dec-2024,18000,PE,119.95,143.85,117.25,121.25,121.25,145,1313.79,247600,-850,15-JAN-2024,
OPTIDX,NIFTY,26-Dec-2024,19000,PE,188,201,184.05,194.5,194.5,436,4184.43,430100,-3450,15-JAN-2024,
OPTIDX,NIFTY,26-Dec-2024,20000,PE,301.1,322.8,300.05,314.7,314.7,681,6916.96,529700,12300,15-JAN-2024,
OPTIDX,NIFTY,26-Dec-2024,21000,PE,502,512.75,496.95,499.7,499.7,1553,16695.83,814100,39650,15-JAN-2024,
OPTIDX,NIFTY,26-Dec-2024,22000,PE,753.65,775,742.1,747.5,747.5,1142,12992.63,278050,33100,15-JAN-2024,
OPTIDX,NIFTY,26-Dec-2024,23000,PE,1087.45,1130,1031.8,1099.4,1099.4,394,4748.35,96700,8400,15-JAN-2024,
OPTIDX,NIFTY,26-Dec-2024,24000,PE,1587.5,1587.5,1510,1527.35,1527.35,248,3165.57,20800,2200,15-JAN-2024,
OPTIDX,NIFTY,26-Dec-2024,25000,PE,2140,2149.95,2111.05,2118.05,2118.05,16,217,9650,700,15-JAN-2024,
OPTIDX,NIFTY,26-Dec-2024,26000,PE,0,0,0,7636.7,2605.95,0,0,0,0,15-JAN-2024,
OPTIDX,NIFTY,26-Dec-2024,27000,PE,0,0,0,4500,3404.9,0,0,50,0,15-JAN-2024,
OPTIDX,NIFTY,26-Jun-2025,17000,CE,0,0,0,4165.5,6685.3,0,0,2750,0,15-JAN-2024,
OPTIDX,NIFTY,26-Jun-2025,18000,CE,0,0,0,3934,5792.05,0,0,2200,0,15-JAN-2024,
OPTIDX,NIFTY,26-Jun-2025,19000,CE,0,0,0,3077.9,4918.35,0,0,0,0,15-JAN-2024,
OPTIDX,NIFTY,26-Jun-2025,20000,CE,0,0,0,3180.85,4079.95,0,0,0,0,15-JAN-2024,
OPTIDX,NIFTY,26-Jun-2025,21000,CE,0,0,0,3199.45,3296.6,0,0,0,0,15-JAN-2024,
OPTIDX,NIFTY,26-Jun-2025,22000,CE,0,0,0,2088.15,2588.45,0,0,0,0,15-JAN-2024,
OPTIDX,NIFTY,26-Jun-2025,23000,CE,0,0,0,2003.65,1972,0,0,0,0,15-JAN-2024,
OPTIDX,NIFTY,26-Jun-2025,24000,CE,0,0,0,1100.85,1456.55,0,0,0,0,15-JAN-2024,
OPTIDX,NIFTY,26-Jun-2025,25000,CE,0,0,0,945.65,1042.95,0,0,0,0,15-JAN-2024,
OPTIDX,NIFTY,26-Jun-2025,26000,CE,0,0,0,811.85,724.4,0,0,0,0,15-JAN-2024,
OPTIDX,NIFTY,26-Jun-2025,27000,CE,0,0,0,803.5,488.55,0,0,0,0,15-JAN-2024,
OPTIDX,NIFTY,26-Jun-2025,14000,PE,0,0,0,42.35,0.05,0,0,675,0,15-JAN-2024,
OPTIDX,NIFTY,26-Jun-2025,15000,PE,0,0,0,134,0.3,0,0,1800,0,15-JAN-2024,
OPTIDX,NIFTY,26-Jun-2025,16000,PE,0,0,0,129.2,1.6,0,0,100,0,15-JAN-2024,
OPTIDX,NIFTY,26-Jun-2025,17000,PE,0,0,0,3497.35,6.35,0,0,0,0,15-JAN-2024,
OPTIDX,NIFTY,26-Jun-2025,18000,PE,0,0,0,3586.15,20.1,0,0,0,0,15-JAN-2024,
OPTIDX,NIFTY,26-Jun-2025,19000,PE,0,0,0,3210.95,53.35,0,0,0,0,15-JAN-2024,
OPTIDX,NIFTY,26-Jun-2025,20000,PE,0,0,0,305.2,121.95,0,0,400,0,15-JAN-2024,
OPTIDX,NIFTY,26-Jun-2025,21000,PE,0,0,0,3070.85,245.55,0,0,0,0,15-JAN-2024,
OPTIDX,NIFTY,26-Jun-2025,22000,PE,0,0,0,3957.4,444.4,0,0,0,0,15-JAN-2024,
OPTIDX,NIFTY,26-Jun-2025,23000,PE,0,0,0,1170,734.9,0,0,0,0,15-JAN-2024,
OPTIDX,NIFTY,26-Jun-2025,24000,PE,0,0,0,5875.1,1126.4,0,0,0,0,15-JAN-2024,
OPTIDX,NIFTY,26-Jun-2025,25000,PE,0,0,0,6576.35,1619.8,0,0,0,0,15-JAN-2024,
OPTIDX,NIFTY,26-Jun-2025,26000,PE,0,0,0,7299,2208.25,0,0,0,0,15-JAN-2024,
OPTIDX,NIFTY,26-Jun-2025,27000,PE,0,0,0,7438.15,2879.35,0,0,0,0,15-JAN-2024,
OPTIDX,NIFTY,24-Dec-2025,16000,CE,0,0,0,4700,8067.15,0,0,50,0,15-JAN-2024,
OPTIDX,NIFTY,24-Dec-2025,17000,CE,0,0,0,5080,7197.45,0,0,650,0,15-JAN-2024,
OPTIDX,NIFTY,24-Dec-2025,18000,CE,0,0,0,6099.95,6338.2,0,0,5650,0,15-JAN-2024,
OPTIDX,NIFTY,24-Dec-2025,19000,CE,0,0,0,4401,5498.45,0,0,3200,0,15-JAN-2024,
OPTIDX,NIFTY,24-Dec-2025,19500,CE,0,0,0,3672.95,5089.55,0,0,1250,0,15-JAN-2024,
OPTIDX,NIFTY,24-Dec-2025,20000,CE,0,0,0,3210,4690.3,0,0,300,0,15-JAN-2024,
OPTIDX,NIFTY,24-Dec-2025,21000,CE,0,0,0,1400,3928,0,0,100,0,15-JAN-2024,
OPTIDX,NIFTY,24-Dec-2025,22000,CE,0,0,0,2830,3225.85,0,0,500,0,15-JAN-2024,
OPTIDX,NIFTY,24-Dec-2025,23000,CE,0,0,0,2379,2595.85,0,0,2400,0,15-JAN-2024,
OPTIDX,NIFTY,24-Dec-2025,24000,CE,0,0,0,1396.05,2046.2,0,0,0,0,15-JAN-2024,
OPTIDX,NIFTY,24-Dec-2025,25000,CE,0,0,0,1222.85,1580.05,0,0,0,0,15-JAN-2024,
OPTIDX,NIFTY,24-Dec-2025,26000,CE,0,0,0,1070.85,1195.7,0,0,0,0,15-JAN-2024,
OPTIDX,NIFTY,24-Dec-2025,27000,CE,0,0,0,1071,887.3,0,0,0,0,15-JAN-2024,
OPTIDX,NIFTY,24-Dec-2025,13000,PE,0,0,0,400,0.05,0,0,150,0,15-JAN-2024,
OPTIDX,NIFTY,24-Dec-2025,15000,PE,0,0,0,62.15,0.95,0,0,1100,0,15-JAN-2024,
OPTIDX,NIFTY,24-Dec-2025,16000,PE,0,0,0,79,3.55,0,0,2550,0,15-JAN-2024,
OPTIDX,NIFTY,24-Dec-2025,16500,PE,0,0,0,38.15,6.35,0,0,2600,0,15-JAN-2024,
OPTIDX,NIFTY,24-Dec-2025,17000,PE,0,0,0,155.05,10.95,0,0,2400,0,15-JAN-2024,
OPTIDX,NIFTY,24-Dec-2025,18000,PE,0,0,0,60.55,28.85,0,0,3600,0,15-JAN-2024,
OPTIDX,NIFTY,24-Dec-2025,19000,PE,0,0,0,620.05,66.2,0,0,3800,0,15-JAN-2024,
OPTIDX,NIFTY,24-Dec-2025,20000,PE,199.85,199.85,199.85,199.85,135.15,6,60.59,4550,-250,15-JAN-2024,
OPTIDX,NIFTY,24-Dec-2025,21000,PE,0,0,0,701,250,0,0,3200,0,15-JAN-2024,
OPTIDX,NIFTY,24-Dec-2025,22000,PE,621.15,621.15,621.15,621.15,424.9,1,11.31,2200,50,15-JAN-2024,
OPTIDX,NIFTY,24-Dec-2025,23000,PE,0,0,0,790,672.05,0,0,50,0,15-JAN-2024,
OPTIDX,NIFTY,24-Dec-2025,24000,PE,0,0,0,5649,999.55,0,0,0,0,15-JAN-2024,
OPTIDX,NIFTY,24-Dec-2025,25000,PE,0,0,0,6310.55,1410.5,0,0,0,0,15-JAN-2024,
OPTIDX,NIFTY,24-Dec-2025,26000,PE,0,0,0,6993.25,1903.25,0,0,0,0,15-JAN-2024,
OPTIDX,NIFTY,24-Dec-2025,27000,PE,0,0,0,7112.8,2471.95,0,0,0,0,15-JAN-2024,
OPTIDX,NIFTY,25-Jun-2026,12000,CE,0,0,0,8690,11922.3,0,0,50,0,15-JAN-2024,
OPTIDX,NIFTY,25-Jun-2026,17000,CE,0,0,0,4348.25,7697.6,0,0,0,0,15-JAN-2024,
OPTIDX,NIFTY,25-Jun-2026,18000,CE,0,0,0,4150,6869.8,0,0,200,0,15-JAN-2024,
OPTIDX,NIFTY,25-Jun-2026,19000,CE,0,0,0,2872.25,6060.2,0,0,100,0,15-JAN-2024,
OPTIDX,NIFTY,25-Jun-2026,20000,CE,0,0,0,3829.5,5278.35,0,0,0,0,15-JAN-2024,
OPTIDX,NIFTY,25-Jun-2026,21000,CE,0,0,0,3881.9,4535.05,0,0,0,0,15-JAN-2024,
OPTIDX,NIFTY,25-Jun-2026,22000,CE,0,0,0,2722.55,3841,0,0,0,0,15-JAN-2024,
OPTIDX,NIFTY,25-Jun-2026,23000,CE,0,0,0,2645.65,3205.6,0,0,0,0,15-JAN-2024,
OPTIDX,NIFTY,25-Jun-2026,24000,CE,0,0,0,1698.3,2635.8,0,0,0,0,15-JAN-2024,
OPTIDX,NIFTY,25-Jun-2026,25000,CE,0,0,0,1510.4,2135.5,0,0,0,0,15-JAN-2024,
OPTIDX,NIFTY,25-Jun-2026,26000,CE,0,0,0,1343.15,1705.25,0,0,0,0,15-JAN-2024,
OPTIDX,NIFTY,25-Jun-2026,27000,CE,0,0,0,1352.8,1342.65,0,0,0,0,15-JAN-2024,
OPTIDX,NIFTY,25-Jun-2026,12000,PE,0,0,0,10.05,0.05,0,0,500,0,15-JAN-2024,
OPTIDX,NIFTY,25-Jun-2026,13000,PE,0,0,0,45.25,0.1,0,0,200,0,15-JAN-2024,
OPTIDX,NIFTY,25-Jun-2026,14000,PE,0,0,0,300,0.45,0,0,100,0,15-JAN-2024,
OPTIDX,NIFTY,25-Jun-2026,15000,PE,0,0,0,105.5,1.8,0,0,850,0,15-JAN-2024,
OPTIDX,NIFTY,25-Jun-2026,16000,PE,0,0,0,54.8,5.6,0,0,500,0,15-JAN-2024,
OPTIDX,NIFTY,25-Jun-2026,17000,PE,0,0,0,2627.25,14.95,0,0,0,0,15-JAN-2024,
OPTIDX,NIFTY,25-Jun-2026,18000,PE,0,0,0,3088.05,35.05,0,0,0,0,15-JAN-2024,
OPTIDX,NIFTY,25-Jun-2026,19000,PE,0,0,0,140.45,73.4,0,0,100,0,15-JAN-2024,
OPTIDX,NIFTY,25-Jun-2026,20000,PE,0,0,0,3159.75,139.5,0,0,0,0,15-JAN-2024,
OPTIDX,NIFTY,25-Jun-2026,21000,PE,0,0,0,3065.6,244.1,0,0,0,0,15-JAN-2024,
OPTIDX,NIFTY,25-Jun-2026,22000,PE,0,0,0,3829.5,398,0,0,0,0,15-JAN-2024,
OPTIDX,NIFTY,25-Jun-2026,23000,PE,0,0,0,4171.75,610.5,0,0,0,0,15-JAN-2024,
OPTIDX,NIFTY,25-Jun-2026,24000,PE,0,0,0,5437.7,888.65,0,0,0,0,15-JAN-2024,
OPTIDX,NIFTY,25-Jun-2026,25000,PE,0,0,0,6063.1,1236.25,0,0,0,0,15-JAN-2024,
OPTIDX,NIFTY,25-Jun-2026,26000,PE,0,0,0,6709.2,1653.95,0,0,0,0,15-JAN-2024,
OPTIDX,NIFTY,25-Jun-2026,27000,PE,0,0,0,6810.7,2139.25,0,0,0,0,15-JAN-2024,
OPTIDX,NIFTY,31-Dec-2026,16000,CE,0,0,0,6200,9004.05,0,0,50,0,15-JAN-2024,
OPTIDX,NIFTY,31-Dec-2026,17000,CE,0,0,0,4955.1,8195.85,0,0,0,0,15-JAN-2024,
OPTIDX,NIFTY,31-Dec-2026,18000,CE,0,0,0,4501.45,7398,0,0,0,0,15-JAN-2024,
OPTIDX,NIFTY,31-Dec-2026,19000,CE,0,0,0,4999,6616.75,0,0,200,0,15-JAN-2024,
OPTIDX,NIFTY,31-Dec-2026,20000,CE,0,0,0,3704.3,5859.65,0,0,0,0,15-JAN-2024,
OPTIDX,NIFTY,31-Dec-2026,21000,CE,0,0,0,3356.25,5135.05,0,0,0,0,15-JAN-2024,
OPTIDX,NIFTY,31-Dec-2026,22000,CE,0,0,0,3039,4451.3,0,0,0,0,15-JAN-2024,
OPTIDX,NIFTY,31-Dec-2026,23000,CE,0,0,0,2020,3815.95,0,0,500,0,15-JAN-2024,
OPTIDX,NIFTY,31-Dec-2026,24000,CE,0,0,0,2010.65,3234.9,0,0,0,0,15-JAN-2024,
OPTIDX,NIFTY,31-Dec-2026,25000,CE,0,0,0,1811.2,2712.1,0,0,0,0,15-JAN-2024,
OPTIDX,NIFTY,31-Dec-2026,26000,CE,0,0,0,1631.05,2249.2,0,0,0,0,15-JAN-2024,
OPTIDX,NIFTY,31-Dec-2026,27000,CE,0,0,0,1651.65,1845.7,0,0,0,0,15-JAN-2024,
OPTIDX,NIFTY,31-Dec-2026,12000,PE,0,0,0,250.1,0.05,0,0,600,0,15-JAN-2024,
OPTIDX,NIFTY,31-Dec-2026,13000,PE,0,0,0,450,0.2,0,0,200,0,15-JAN-2024,
OPTIDX,NIFTY,31-Dec-2026,14000,PE,0,0,0,500,0.8,0,0,950,0,15-JAN-2024,
OPTIDX,NIFTY,31-Dec-2026,15000,PE,0,0,0,118.9,2.7,0,0,2200,0,15-JAN-2024,
OPTIDX,NIFTY,31-Dec-2026,16000,PE,0,0,0,73.05,7.45,0,0,2450,0,15-JAN-2024,
OPTIDX,NIFTY,31-Dec-2026,17000,PE,0,0,0,177.55,18.05,0,0,2700,0,15-JAN-2024,
OPTIDX,NIFTY,31-Dec-2026,18000,PE,0,0,0,374.15,39.05,0,0,6350,0,15-JAN-2024,
OPTIDX,NIFTY,31-Dec-2026,19000,PE,0,0,0,450,76.6,0,0,3200,0,15-JAN-2024,
OPTIDX,NIFTY,31-Dec-2026,20000,PE,0,0,0,250.85,138.25,0,0,3750,0,15-JAN-2024,
OPTIDX,NIFTY,31-Dec-2026,21000,PE,330.65,330.65,330.65,330.65,232.45,1,10.66,500,50,15-JAN-2024,
OPTIDX,NIFTY,31-Dec-2026,22000,PE,0,0,0,609.65,367.55,0,0,100,0,15-JAN-2024,
OPTIDX,NIFTY,31-Dec-2026,23000,PE,0,0,0,1151,551,0,0,5700,0,15-JAN-2024,
OPTIDX,NIFTY,31-Dec-2026,24000,PE,0,0,0,5233.45,788.75,0,0,0,0,15-JAN-2024,
OPTIDX,NIFTY,31-Dec-2026,25000,PE,0,0,0,5825.75,1084.75,0,0,0,0,15-JAN-2024,
OPTIDX,NIFTY,31-Dec-2026,26000,PE,0,0,0,6437.4,1440.6,0,0,0,0,15-JAN-2024,
OPTIDX,NIFTY,31-Dec-2026,27000,PE,0,0,0,6522.3,1855.95,0,0,0,0,15-JAN-2024,
OPTIDX,NIFTY,24-Jun-2027,17000,CE,0,0,0,4464.7,8641.1,0,0,0,0,15-JAN-2024,
OPTIDX,NIFTY,24-Jun-2027,18000,CE,0,0,0,4066.45,7869.3,0,0,0,0,15-JAN-2024,
OPTIDX,NIFTY,24-Jun-2027,19000,CE,0,0,0,3701.25,7112.55,0,0,100,0,15-JAN-2024,
OPTIDX,NIFTY,24-Jun-2027,20000,CE,0,0,0,3367.05,6376.95,0,0,0,0,15-JAN-2024,
OPTIDX,NIFTY,24-Jun-2027,21000,CE,0,0,0,3061.8,5669.35,0,0,0,0,15-JAN-2024,
OPTIDX,NIFTY,24-Jun-2027,22000,CE,0,0,0,2783.5,4996.55,0,0,0,0,15-JAN-2024,
OPTIDX,NIFTY,24-Jun-2027,23000,CE,0,0,0,2530.05,4364.8,0,0,0,0,15-JAN-2024,
OPTIDX,NIFTY,24-Jun-2027,24000,CE,0,0,0,2299.55,3779.2,0,0,0,0,15-JAN-2024,
OPTIDX,NIFTY,24-Jun-2027,25000,CE,0,0,0,2090.05,3243.55,0,0,0,0,15-JAN-2024,
OPTIDX,NIFTY,24-Jun-2027,26000,CE,0,0,0,1900.85,2759.95,0,0,0,0,15-JAN-2024,
OPTIDX,NIFTY,24-Jun-2027,27000,CE,0,0,0,1932.5,2328.85,0,0,0,0,15-JAN-2024,
OPTIDX,NIFTY,24-Jun-2027,17000,PE,0,0,0,1814.75,20.05,0,0,0,0,15-JAN-2024,
OPTIDX,NIFTY,24-Jun-2027,18000,PE,0,0,0,2188.9,41,0,0,0,0,15-JAN-2024,
OPTIDX,NIFTY,24-Jun-2027,19000,PE,0,0,0,223.05,76.95,0,0,200,0,15-JAN-2024,
OPTIDX,NIFTY,24-Jun-2027,20000,PE,0,0,0,3034.2,134.1,0,0,0,0,15-JAN-2024,
OPTIDX,NIFTY,24-Jun-2027,21000,PE,0,0,0,3501.35,219.2,0,0,0,0,15-JAN-2024,
OPTIDX,NIFTY,24-Jun-2027,22000,PE,0,0,0,3995.4,339.15,0,0,0,0,15-JAN-2024,
OPTIDX,NIFTY,24-Jun-2027,23000,PE,0,0,0,4514.3,500.1,0,0,0,0,15-JAN-2024,
OPTIDX,NIFTY,24-Jun-2027,24000,PE,0,0,0,5056.2,707.25,0,0,0,0,15-JAN-2024,
OPTIDX,NIFTY,24-Jun-2027,25000,PE,0,0,0,5619.05,964.35,0,0,0,0,15-JAN-2024,
OPTIDX,NIFTY,24-Jun-2027,26000,PE,0,0,0,6202.2,1273.45,0,0,0,0,15-JAN-2024,
OPTIDX,NIFTY,24-Jun-2027,27000,PE,0,0,0,6273.45,1635.1,0,0,0,0,15-JAN-2024,
OPTIDX,NIFTY,30-Dec-2027,17000,CE,0,0,0,6805.5,9105.3,0,0,0,0,15-JAN-2024,
OPTIDX,NIFTY,30-Dec-2027,18000,CE,0,0,0,6285.7,8360.15,0,0,0,0,15-JAN-2024,
OPTIDX,NIFTY,30-Dec-2027,19000,CE,0,0,0,5794.9,7628.4,0,0,0,0,15-JAN-2024,
OPTIDX,NIFTY,30-Dec-2027,20000,CE,0,0,0,5333.85,6915.05,0,0,0,0,15-JAN-2024,
OPTIDX,NIFTY,30-Dec-2027,21000,CE,0,0,0,4902.4,6225.75,0,0,0,0,15-JAN-2024,
OPTIDX,NIFTY,30-Dec-2027,22000,CE,0,0,0,4499.55,5565.9,0,0,0,0,15-JAN-2024,
OPTIDX,NIFTY,30-Dec-2027,23000,CE,0,0,0,4125.7,4940.85,0,0,0,0,15-JAN-2024,
OPTIDX,NIFTY,30-Dec-2027,24000,CE,0,0,0,3778.95,4354.9,0,0,0,0,15-JAN-2024,
OPTIDX,NIFTY,30-Dec-2027,25000,CE,0,0,0,3458.35,3811.6,0,0,0,0,15-JAN-2024,
OPTIDX,NIFTY,30-Dec-2027,26000,CE,0,0,0,3162.4,3313.15,0,0,0,0,15-JAN-2024,
OPTIDX,NIFTY,30-Dec-2027,27000,CE,0,0,0,2889.8,2860.7,0,0,0,0,15-JAN-2024,
OPTIDX,NIFTY,30-Dec-2027,15000,PE,0,0,0,86.75,4.2,0,0,350,0,15-JAN-2024,
OPTIDX,NIFTY,30-Dec-2027,17000,PE,0,0,0,514,21.35,0,0,14250,0,15-JAN-2024,
OPTIDX,NIFTY,30-Dec-2027,18000,PE,0,0,0,74.8,41.7,0,0,10500,0,15-JAN-2024,
OPTIDX,NIFTY,30-Dec-2027,19000,PE,0,0,0,760,75.45,0,0,700,0,15-JAN-2024,
OPTIDX,NIFTY,30-Dec-2027,20000,PE,0,0,0,811,127.6,0,0,2350,0,15-JAN-2024,
OPTIDX,NIFTY,30-Dec-2027,21000,PE,0,0,0,1563.55,203.8,0,0,0,0,15-JAN-2024,
OPTIDX,NIFTY,30-Dec-2027,22000,PE,0,0,0,1867.9,309.45,0,0,0,0,15-JAN-2024,
OPTIDX,NIFTY,30-Dec-2027,23000,PE,0,0,0,2201.3,449.9,0,0,0,0,15-JAN-2024,
OPTIDX,NIFTY,30-Dec-2027,24000,PE,0,0,0,2561.85,629.45,0,0,0,0,15-JAN-2024,
OPTIDX,NIFTY,30-Dec-2027,25000,PE,0,0,0,2948.45,851.65,0,0,0,0,15-JAN-2024,
OPTIDX,NIFTY,30-Dec-2027,26000,PE,0,0,0,3359.75,1118.7,0,0,0,0,15-JAN-2024,
OPTIDX,NIFTY,30-Dec-2027,27000,PE,0,0,0,3794.4,1431.75,0,0,0,0,15-JAN-2024,
OPTIDX,NIFTY,29-Jun-2028,17000,CE,0,0,0,7393.45,9536.6,0,0,0,0,15-JAN-2024,
OPTIDX,NIFTY,29-Jun-2028,18000,CE,0,0,0,6809.35,8815.9,0,0,0,0,15-JAN-2024,
OPTIDX,NIFTY,29-Jun-2028,19000,CE,0,0,0,6252.25,8107.15,0,0,0,0,15-JAN-2024,
OPTIDX,NIFTY,29-Jun-2028,20000,CE,0,0,0,5724.65,7414.55,0,0,0,0,15-JAN-2024,
OPTIDX,NIFTY,29-Jun-2028,21000,CE,0,0,0,5226.55,6742.7,0,0,0,0,15-JAN-2024,
OPTIDX,NIFTY,29-Jun-2028,22000,CE,0,0,0,4759.5,6096.3,0,0,0,0,15-JAN-2024,
OPTIDX,NIFTY,29-Jun-2028,23000,CE,0,0,0,4323.1,5479.65,0,0,0,0,15-JAN-2024,
OPTIDX,NIFTY,29-Jun-2028,24000,CE,0,0,0,3918.85,4896.7,0,0,0,0,15-JAN-2024,
OPTIDX,NIFTY,29-Jun-2028,25000,CE,0,0,0,3545.15,4350.55,0,0,0,0,15-JAN-2024,
OPTIDX,NIFTY,29-Jun-2028,26000,CE,0,0,0,3200.9,3843.5,0,0,0,0,15-JAN-2024,
OPTIDX,NIFTY,29-Jun-2028,27000,CE,0,0,0,2885.15,3376.85,0,0,0,0,15-JAN-2024,
OPTIDX,NIFTY,29-Jun-2028,17000,PE,0,0,0,283.1,21.95,0,0,0,0,15-JAN-2024,
OPTIDX,NIFTY,29-Jun-2028,18000,PE,0,0,0,396.75,41.4,0,0,0,0,15-JAN-2024,
OPTIDX,NIFTY,29-Jun-2028,19000,PE,0,0,0,537.45,72.8,0,0,0,0,15-JAN-2024,
OPTIDX,NIFTY,29-Jun-2028,20000,PE,0,0,0,707.55,120.35,0,0,0,0,15-JAN-2024,
OPTIDX,NIFTY,29-Jun-2028,21000,PE,0,0,0,907.2,188.7,0,0,0,0,15-JAN-2024,
OPTIDX,NIFTY,29-Jun-2028,22000,PE,0,0,0,1137.9,282.45,0,0,0,0,15-JAN-2024,
OPTIDX,NIFTY,29-Jun-2028,23000,PE,0,0,0,1399.25,406,0,0,0,0,15-JAN-2024,
OPTIDX,NIFTY,29-Jun-2028,24000,PE,0,0,0,1692.75,563.2,0,0,0,0,15-JAN-2024,
OPTIDX,NIFTY,29-Jun-2028,25000,PE,0,0,0,2016.8,757.2,0,0,0,0,15-JAN-2024,
OPTIDX,NIFTY,29-Jun-2028,26000,PE,0,0,0,2370.3,990.3,0,0,0,0,15-JAN-2024,
OPTIDX,NIFTY,29-Jun-2028,27000,PE,0,0,0,2752.35,1263.85,0,0,0,0,15-JAN-2024,
OPTIDX,NIFTY,28-Dec-2028,17000,CE,0,0,0,10036.4,9953.15,0,0,0,0,15-JAN-2024,
OPTIDX,NIFTY,28-Dec-2028,18000,CE,0,0,0,9380.3,9255.85,0,0,0,0,15-JAN-2024,
OPTIDX,NIFTY,28-Dec-2028,19000,CE,0,0,0,8739,8569.2,0,0,0,0,15-JAN-2024,
OPTIDX,NIFTY,28-Dec-2028,20000,CE,0,0,0,8115.5,7896.75,0,0,0,0,15-JAN-2024,
OPTIDX,NIFTY,28-Dec-2028,21000,CE,0,0,0,7512.5,7242.35,0,0,0,0,15-JAN-2024,
OPTIDX,NIFTY,28-Dec-2028,22000,CE,0,0,0,6932.45,6609.95,0,0,0,0,15-JAN-2024,
OPTIDX,NIFTY,28-Dec-2028,23000,CE,0,0,0,6377.6,6003.3,0,0,0,0,15-JAN-2024,
OPTIDX,NIFTY,28-Dec-2028,24000,CE,0,0,0,5850.3,5425.75,0,0,0,0,15-JAN-2024,
OPTIDX,NIFTY,28-Dec-2028,25000,CE,0,0,0,5350.4,4880.15,0,0,0,0,15-JAN-2024,
OPTIDX,NIFTY,28-Dec-2028,26000,CE,0,0,0,4879.7,4368.7,0,0,0,0,15-JAN-2024,
OPTIDX,NIFTY,28-Dec-2028,27000,CE,0,0,0,4437.95,3892.9,0,0,0,0,15-JAN-2024,
OPTIDX,NIFTY,28-Dec-2028,17000,PE,0,0,0,66.15,22,0,0,0,0,15-JAN-2024,
OPTIDX,NIFTY,28-Dec-2028,18000,PE,0,0,0,104.65,40.4,0,0,0,0,15-JAN-2024,
OPTIDX,NIFTY,28-Dec-2028,19000,PE,0,0,0,158,69.4,0,0,0,0,15-JAN-2024,
OPTIDX,NIFTY,28-Dec-2028,20000,PE,0,0,0,229.1,112.65,0,0,0,0,15-JAN-2024,
OPTIDX,NIFTY,28-Dec-2028,21000,PE,0,0,0,320.7,173.9,0,0,0,0,15-JAN-2024,
OPTIDX,NIFTY,28-Dec-2028,22000,PE,0,0,0,435.3,257.2,0,0,0,0,15-JAN-2024,
OPTIDX,NIFTY,28-Dec-2028,23000,PE,0,0,0,575.05,366.2,0,0,0,0,15-JAN-2024,
OPTIDX,NIFTY,28-Dec-2028,24000,PE,0,0,0,742.35,504.3,0,0,0,0,15-JAN-2024,
OPTIDX,NIFTY,28-Dec-2028,25000,PE,0,0,0,937.05,674.35,0,0,0,0,15-JAN-2024,
OPTIDX,NIFTY,28-Dec-2028,26000,PE,0,0,0,1160.95,878.6,0,0,0,0,15-JAN-2024,
OPTIDX,NIFTY,28-Dec-2028,27000,PE,0,0,0,1413.85,1118.4,0,0,0,0,15-JAN-2024,
