INSTRUMENT,SYMBOL,EXPIRY_DT,STRIKE_PR,OPTION_TYP,OPEN,HIGH,LOW,CLOSE,SETTLE_PR,CONTRACTS,VAL_INLAKH,OPEN_INT,CHG_IN_OI,TIMESTAMP,
FUTIDX,NIFTY,25-Jan-2024,0,XX,21743.7,21854.75,21563.3,21589.55,21589.55,229664,2494263.29,11165700,-1043800,17-JAN-2024,
FUTIDX,NIFTY,29-Feb-2024,0,XX,22010,22044,21722,21741.85,21741.85,43959,480894.26,2028450,130200,17-JAN-2024,
FUTIDX,NIFTY,28-Mar-2024,0,XX,22050,22170,21870.2,21887.15,21887.15,8656,95340.17,470400,1900,17-JAN-2024,
OPTIDX,NIFTY,18-Jan-2024,19650,CE,2008.1,2008.1,2008.1,2008.1,1925.6,4,43.31,1550,0,17-JAN-2024,
OPTIDX,NIFTY,18-Jan-2024,19700,CE,2092,2144.55,1910,1910,1875.6,15,163.19,4350,-600,17-JAN-2024,
OPTIDX,NIFTY,18-Jan-2024,19750,CE,0,0,0,1873.05,1825.6,0,0,200,0,17-JAN-2024,
OPTIDX,NIFTY,18-Jan-2024,19800,CE,1937.8,1937.8,1937.8,1937.8,1775.6,1,10.86,1250,50,17-JAN-2024,
OPTIDX,NIFTY,18-Jan-2024,19850,CE,0,0,0,1493.1,1725.6,0,0,0,0,17-JAN-2024,
OPTIDX,NIFTY,18-Jan-2024,19900,CE,0,0,0,2170,1675.65,0,0,200,0,17-JAN-2024,
OPTIDX,NIFTY,18-Jan-2024,19950,CE,1725,1725,1725,1725,1625.65,3,32.51,1450,0,17-JAN-2024,
OPTIDX,NIFTY,18-Jan-2024,20000,CE,1826.7,1875.75,1566,1567.35,1567.35,170,1843.45,32600,-6100,17-JAN-2024,
OPTIDX,NIFTY,18-Jan-2024,20050,CE,1710,1710,1710,1710,1525.65,1,10.88,3200,-50,17-JAN-2024,
OPTIDX,NIFTY,18-Jan-2024,20100,CE,1736.65,1736.65,1544.95,1544.95,1475.65,4,43.46,2650,-100,17-JAN-2024,
OPTIDX,NIFTY,18-Jan-2024,20150,CE,0,0,0,1500,1425.7,0,0,200,0,17-JAN-2024,
OPTIDX,NIFTY,18-Jan-2024,20200,CE,1560,1560,1460,1460,1375.7,21,227.52,1550,-1050,17-JAN-2024,
OPTIDX,NIFTY,18-Jan-2024,20250,CE,1535,1535,1298.5,1312.2,1312.2,34,369.22,1600,-1550,17-JAN-2024,
OPTIDX,NIFTY,18-Jan-2024,20300,CE,1399,1399,1265,1265,1265,7,75.87,650,-50,17-JAN-2024,
OPTIDX,NIFTY,18-Jan-2024,20350,CE,0,0,0,1781.45,1225.7,0,0,700,0,17-JAN-2024,
OPTIDX,NIFTY,18-Jan-2024,20400,CE,1345,1345,1160,1165,1165,18,194.74,2450,-650,17-JAN-2024,
OPTIDX,NIFTY,18-Jan-2024,20450,CE,1340,1340,1340,1340,1125.75,4,43.58,1350,0,17-JAN-2024,
OPTIDX,NIFTY,18-Jan-2024,20500,CE,1377.7,1377.7,1050,1071.3,1071.3,273,2958.99,36800,-9900,17-JAN-2024,
OPTIDX,NIFTY,18-Jan-2024,20550,CE,0,0,0,1119.35,1025.75,0,0,4750,0,17-JAN-2024,
OPTIDX,NIFTY,18-Jan-2024,20600,CE,1218,1218,952,986.6,986.6,103,1115.26,6850,-3400,17-JAN-2024,
OPTIDX,NIFTY,18-Jan-2024,20650,CE,0,0,0,808.65,925.75,0,0,0,0,17-JAN-2024,
OPTIDX,NIFTY,18-Jan-2024,20700,CE,1110,1110,865.6,870.35,870.35,41,444.03,4000,-1000,17-JAN-2024,
OPTIDX,NIFTY,18-Jan-2024,20750,CE,934.8,934.8,821.3,821.3,825.8,29,314.04,1550,200,17-JAN-2024,
OPTIDX,NIFTY,18-Jan-2024,20800,CE,1078.25,1079.75,770,785.3,785.3,790,8605.94,10150,-3500,17-JAN-2024,
OPTIDX,NIFTY,18-Jan-2024,20850,CE,982.7,986.4,719.1,719.1,719.1,109,1186.34,2800,-100,17-JAN-2024,
OPTIDX,NIFTY,18-Jan-2024,20900,CE,979.2,979.2,655.95,675.85,675.85,417,4524.63,21000,-13650,17-JAN-2024,
OPTIDX,NIFTY,18-Jan-2024,20950,CE,753.15,753.15,671.35,671.35,625.8,5,54.17,2750,200,17-JAN-2024,
OPTIDX,NIFTY,18-Jan-2024,21000,CE,750.1,887.5,548,572,572,7383,79923.53,141200,-119700,17-JAN-2024,
OPTIDX,NIFTY,18-Jan-2024,21050,CE,743,743,497.3,517.7,517.7,350,3794.57,4750,2900,17-JAN-2024,
OPTIDX,NIFTY,18-Jan-2024,21100,CE,760,763.55,453.95,475.25,475.25,1380,14968.92,24200,-26600,17-JAN-2024,
OPTIDX,NIFTY,18-Jan-2024,21150,CE,700,724.6,406.75,426,426,447,4843.88,13400,2750,17-JAN-2024,
OPTIDX,NIFTY,18-Jan-2024,21200,CE,648,658.25,352.1,376.25,376.25,4439,48080.16,45400,-27100,17-JAN-2024,
OPTIDX,NIFTY,18-Jan-2024,21250,CE,540,588.95,308.95,332.2,332.2,1458,15774.79,16400,2200,17-JAN-2024,
OPTIDX,NIFTY,18-Jan-2024,21300,CE,474.8,595.55,259.25,285.75,285.75,14418,156091.46,105900,-5850,17-JAN-2024,
OPTIDX,NIFTY,18-Jan-2024,21350,CE,481.8,496.95,214.1,235.8,235.8,5155,55755.55,36950,13500,17-JAN-2024,
OPTIDX,NIFTY,18-Jan-2024,21400,CE,350,500.1,174.15,196.15,196.15,70511,763157.32,266850,50100,17-JAN-2024,
OPTIDX,NIFTY,18-Jan-2024,21450,CE,407.6,453.5,136.9,157.8,157.8,60207,651478.09,365200,342600,17-JAN-2024,
OPTIDX,NIFTY,18-Jan-2024,21500,CE,306.55,407.95,103.5,122.45,122.45,488716,5295694.82,1501550,1172150,17-JAN-2024,
OPTIDX,NIFTY,18-Jan-2024,21550,CE,179.95,363.95,75.2,90.6,90.6,543211,5885655.46,1678700,1541100,17-JAN-2024,
OPTIDX,NIFTY,18-Jan-2024,21600,CE,178.3,319.1,52.3,64.85,64.85,2117716,22982912.62,6637400,6138100,17-JAN-2024,
OPTIDX,NIFTY,18-Jan-2024,21650,CE,194.5,276.5,35.25,44.75,44.75,2113951,22976257.66,4662100,4200450,17-JAN-2024,
OPTIDX,NIFTY,18-Jan-2024,21700,CE,100.05,235.05,23.55,30.5,30.5,4103013,44671330.96,10136800,9100450,17-JAN-2024,
OPTIDX,NIFTY,18-Jan-2024,21750,CE,70.75,196.65,16.3,21.1,21.1,2710872,29564300.33,6017700,5231950,17-JAN-2024,
OPTIDX,NIFTY,18-Jan-2024,21800,CE,65.1,160.55,11.6,14.6,14.6,5327281,58211479.65,13949450,12768400,17-JAN-2024,
OPTIDX,NIFTY,18-Jan-2024,21850,CE,42.85,125.55,7.7,9.9,9.9,2817303,30834949.88,6845400,6288250,17-JAN-2024,
OPTIDX,NIFTY,18-Jan-2024,21900,CE,30.45,93.85,5.25,7.1,7.1,3709871,40673905.86,8053600,5975800,17-JAN-2024,
OPTIDX,NIFTY,18-Jan-2024,21950,CE,25.65,67.35,3.65,5.05,5.05,2075968,22802799.03,4911850,4282150,17-JAN-2024,
OPTIDX,NIFTY,18-Jan-2024,22000,CE,20.05,46.5,3.05,4.1,4.1,3572630,39324015.36,11724450,6100200,17-JAN-2024,
OPTIDX,NIFTY,18-Jan-2024,22050,CE,15.2,32.1,2.45,3.45,3.45,1862731,20545979.54,4245250,599400,17-JAN-2024,
OPTIDX,NIFTY,18-Jan-2024,22100,CE,20,21.6,2.1,2.95,2.95,2610189,28852488.26,10853050,2924650,17-JAN-2024,
OPTIDX,NIFTY,18-Jan-2024,22150,CE,18.8,18.8,1.85,2.55,2.55,1385666,15350321.98,3820450,416800,17-JAN-2024,
OPTIDX,NIFTY,18-Jan-2024,22200,CE,3.5,12.65,1.35,2.3,2.3,2107604,23399596.32,8267450,1530100,17-JAN-2024,
OPTIDX,NIFTY,18-Jan-2024,22250,CE,9.65,9.65,1.65,2.15,2.15,1114174,12397527.81,3946400,217150,17-JAN-2024,
OPTIDX,NIFTY,18-Jan-2024,22300,CE,7.65,7.65,1.55,2.05,2.05,1452950,16203087.78,7304800,1209300,17-JAN-2024,
OPTIDX,NIFTY,18-Jan-2024,22350,CE,5.65,6.85,1.3,1.85,1.85,672926,7521113.54,2221700,-1165300,17-JAN-2024,
OPTIDX,NIFTY,18-Jan-2024,22400,CE,2.55,4.85,1.3,1.75,1.75,1246352,13961126.69,4517650,-1274700,17-JAN-2024,
OPTIDX,NIFTY,18-Jan-2024,22450,CE,3.75,5,1.25,1.7,1.7,693039,7780423.67,2318450,-1558850,17-JAN-2024,
OPTIDX,NIFTY,18-Jan-2024,22500,CE,1.8,4.35,0.65,1.7,1.7,1410560,15870696.9,9783650,1087650,17-JAN-2024,
OPTIDX,NIFTY,18-Jan-2024,22550,CE,2.75,4.85,1,1.4,1.4,587330,6622919.13,2700400,-2115150,17-JAN-2024,
OPTIDX,NIFTY,18-Jan-2024,22600,CE,1.55,4.1,0.85,1.45,1.45,869021,9821002.09,3689000,-2686100,17-JAN-2024,
OPTIDX,NIFTY,18-Jan-2024,22650,CE,1.95,3.95,0.85,1.45,1.45,399901,4529382.01,1334400,-327100,17-JAN-2024,
OPTIDX,NIFTY,18-Jan-2024,22700,CE,0.8,4,0.7,1.35,1.35,865127,9820118.69,4956150,-351350,17-JAN-2024,
OPTIDX,NIFTY,18-Jan-2024,22750,CE,1.5,3.55,0.95,1.5,1.5,231073,2628711.84,971600,90200,17-JAN-2024,
OPTIDX,NIFTY,18-Jan-2024,22800,CE,1.4,3.35,0.85,1.4,1.4,613973,6999874.31,3599450,217250,17-JAN-2024,
OPTIDX,NIFTY,18-Jan-2024,22850,CE,1.3,3.35,0.9,1.4,1.4,140885,1609753.05,742150,172750,17-JAN-2024,
OPTIDX,NIFTY,18-Jan-2024,22900,CE,1.1,3.1,0.75,1.25,1.25,390350,4469855.89,1420850,-593750,17-JAN-2024,
OPTIDX,NIFTY,18-Jan-2024,22950,CE,1.1,3,0.9,1.35,1.35,77570,890184.48,316500,16150,17-JAN-2024,
OPTIDX,NIFTY,18-Jan-2024,23000,CE,0.8,2.85,0.8,1.4,1.4,964206,11089162,7835850,2818350,17-JAN-2024,
OPTIDX,NIFTY,18-Jan-2024,23050,CE,0.75,2.65,0.55,1.1,1.1,95410,1099668.94,839250,39750,17-JAN-2024,
OPTIDX,NIFTY,18-Jan-2024,23100,CE,0.95,3,0.6,1.1,1.1,591442,6831544.36,3571000,129200,17-JAN-2024,
OPTIDX,NIFTY,18-Jan-2024,23150,CE,0.7,2.4,0.5,1.05,1.05,44455,514595.53,235550,44200,17-JAN-2024,
OPTIDX,NIFTY,18-Jan-2024,23200,CE,0.8,2.2,0.65,1.25,1.25,220398,2556753.36,1419550,418650,17-JAN-2024,
OPTIDX,NIFTY,18-Jan-2024,23250,CE,0.8,2.3,0.5,1.1,1.1,18574,215934.84,246300,24400,17-JAN-2024,
OPTIDX,NIFTY,18-Jan-2024,23300,CE,0.7,2.05,0.65,1.15,1.15,299660,3491210.45,1708100,395800,17-JAN-2024,
OPTIDX,NIFTY,18-Jan-2024,23350,CE,0.65,2.1,0.55,1.15,1.15,20327,237330.16,174100,63000,17-JAN-2024,
OPTIDX,NIFTY,18-Jan-2024,23400,CE,0.7,2.2,0.55,1.3,1.3,227219,2658607.55,1944950,706250,17-JAN-2024,
OPTIDX,NIFTY,18-Jan-2024,23450,CE,0.55,1.9,0.55,1,1,99997,1172519.45,751350,103400,17-JAN-2024,
OPTIDX,NIFTY,18-Jan-2024,23500,CE,0.6,2.1,0.6,1.45,1.45,201708,2370209.11,1868400,1610800,17-JAN-2024,
OPTIDX,NIFTY,18-Jan-2024,23550,CE,0.75,2,0.7,1.3,1.3,23486,276561.43,107800,-234150,17-JAN-2024,
OPTIDX,NIFTY,18-Jan-2024,23600,CE,0.5,1.9,0.5,1.1,1.1,43270,510613.87,294400,134250,17-JAN-2024,
OPTIDX,NIFTY,18-Jan-2024,23650,CE,0.75,3.15,0.7,1.2,1.2,23405,276778.23,172100,-32850,17-JAN-2024,
OPTIDX,NIFTY,18-Jan-2024,23700,CE,0.55,1.85,0.55,1.15,1.15,19930,236183.09,167550,145750,17-JAN-2024,
OPTIDX,NIFTY,18-Jan-2024,23750,CE,0.65,3.35,0.65,1.2,1.2,15201,180521.2,132350,116450,17-JAN-2024,
OPTIDX,NIFTY,18-Jan-2024,23800,CE,0.5,1.8,0.5,1.15,1.15,36407,433265.09,374850,280250,17-JAN-2024,
OPTIDX,NIFTY,18-Jan-2024,23850,CE,0.45,3.45,0.45,1.1,1.1,66271,790318.75,745450,488550,17-JAN-2024,
OPTIDX,NIFTY,18-Jan-2024,19650,PE,0.8,1.6,0.15,0.2,0.2,381666,3749943.77,2347100,-1352850,17-JAN-2024,
OPTIDX,NIFTY,18-Jan-2024,19700,PE,1.25,3.8,0.2,0.3,0.3,91281,899143.28,1703400,-371700,17-JAN-2024,
OPTIDX,NIFTY,18-Jan-2024,19750,PE,1.3,2.05,0.25,0.3,0.3,34728,342947.1,178750,-59250,17-JAN-2024,
OPTIDX,NIFTY,18-Jan-2024,19800,PE,1,9.35,0.25,0.3,0.3,48503,480197.35,925950,-474550,17-JAN-2024,
OPTIDX,NIFTY,18-Jan-2024,19850,PE,6.5,6.5,0.2,0.25,0.25,8901,88345.28,77900,-7100,17-JAN-2024,
OPTIDX,NIFTY,18-Jan-2024,19900,PE,1.5,5.95,0.2,0.3,0.3,61594,612887.09,365950,-718600,17-JAN-2024,
OPTIDX,NIFTY,18-Jan-2024,19950,PE,1.25,3.15,0.2,0.3,0.3,12153,121230.4,24450,-106450,17-JAN-2024,
OPTIDX,NIFTY,18-Jan-2024,20000,PE,1.35,4.9,0.25,0.3,0.3,225586,2255936.31,1960200,-1313900,17-JAN-2024,
OPTIDX,NIFTY,18-Jan-2024,20050,PE,1.9,3,0.2,0.25,0.25,11985,120153.96,55150,-76200,17-JAN-2024,
OPTIDX,NIFTY,18-Jan-2024,20100,PE,1.2,6.1,0.2,0.3,0.3,64239,645624.11,205900,-137900,17-JAN-2024,
OPTIDX,NIFTY,18-Jan-2024,20150,PE,3,12.95,0.2,0.3,0.3,15603,157206.26,85950,-69700,17-JAN-2024,
OPTIDX,NIFTY,18-Jan-2024,20200,PE,1.35,2.95,0.2,0.3,0.3,80564,813722.74,258250,-86650,17-JAN-2024,
OPTIDX,NIFTY,18-Jan-2024,20250,PE,1.4,7.95,0.2,0.3,0.3,18280,185090.74,126800,-24100,17-JAN-2024,
OPTIDX,NIFTY,18-Jan-2024,20300,PE,1.2,4,0.25,0.35,0.35,104982,1065605.81,222050,-345700,17-JAN-2024,
OPTIDX,NIFTY,18-Jan-2024,20350,PE,6.8,7.1,0.25,0.3,0.3,20814,211790.23,86350,-47950,17-JAN-2024,
OPTIDX,NIFTY,18-Jan-2024,20400,PE,6.95,7,0.3,0.4,0.4,131042,1336679.28,289000,-442600,17-JAN-2024,
OPTIDX,NIFTY,18-Jan-2024,20450,PE,2.5,27.75,0.3,0.35,0.35,28519,291620.19,130650,-83800,17-JAN-2024,
OPTIDX,NIFTY,18-Jan-2024,20500,PE,1.7,7,0.35,0.45,0.45,426652,4373373.64,2135000,-1459750,17-JAN-2024,
OPTIDX,NIFTY,18-Jan-2024,20550,PE,1.7,11.35,0.35,0.4,0.4,48118,494436.62,121450,-188150,17-JAN-2024,
OPTIDX,NIFTY,18-Jan-2024,20600,PE,1.8,6.6,0.35,0.45,0.45,324272,3340149.6,1284750,-229550,17-JAN-2024,
OPTIDX,NIFTY,18-Jan-2024,20650,PE,3.5,10.2,0.35,0.55,0.55,119771,1236704.61,279750,-709550,17-JAN-2024,
OPTIDX,NIFTY,18-Jan-2024,20700,PE,2.6,11.7,0.4,0.5,0.5,329245,3407857.35,1162550,-813800,17-JAN-2024,
OPTIDX,NIFTY,18-Jan-2024,20750,PE,2,16.95,0.45,0.55,0.55,196147,2035146.33,453150,-802200,17-JAN-2024,
OPTIDX,NIFTY,18-Jan-2024,20800,PE,1.8,7.75,0.55,0.7,0.7,497881,5178264.54,1412400,-1351000,17-JAN-2024,
OPTIDX,NIFTY,18-Jan-2024,20850,PE,2,10,0.55,0.85,0.85,202363,2109770.43,569600,-868950,17-JAN-2024,
OPTIDX,NIFTY,18-Jan-2024,20900,PE,5,12.4,0.8,1.1,1.1,503123,5258004.36,2750600,275550,17-JAN-2024,
OPTIDX,NIFTY,18-Jan-2024,20950,PE,4,11.5,0.8,1.3,1.3,257267,2695078.6,551150,-542950,17-JAN-2024,
OPTIDX,NIFTY,18-Jan-2024,21000,PE,5,11.55,1.05,1.5,1.5,2129472,22361259.96,9584750,3406100,17-JAN-2024,
OPTIDX,NIFTY,18-Jan-2024,21050,PE,3.55,13.1,1.3,1.9,1.9,600177,6317442.36,2295800,1339950,17-JAN-2024,
OPTIDX,NIFTY,18-Jan-2024,21100,PE,5.7,15,1.65,2.65,2.65,1133986,11965052.55,4575500,1676900,17-JAN-2024,
OPTIDX,NIFTY,18-Jan-2024,21150,PE,12.9,19.15,2,3.9,3.9,828385,8761681.53,1969400,870650,17-JAN-2024,
OPTIDX,NIFTY,18-Jan-2024,21200,PE,15,16.9,2.35,5.6,5.6,1630389,17286124.6,4518600,13350,17-JAN-2024,
OPTIDX,NIFTY,18-Jan-2024,21250,PE,16.3,21.8,2.85,8.1,8.1,1000920,10638137.53,1916000,203950,17-JAN-2024,
OPTIDX,NIFTY,18-Jan-2024,21300,PE,16.5,22.45,3.4,11.8,11.8,2221445,23668639.9,5393400,319350,17-JAN-2024,
OPTIDX,NIFTY,18-Jan-2024,21350,PE,16.05,28,4.25,16.95,16.95,1214962,12977649.81,3006350,1305100,17-JAN-2024,
OPTIDX,NIFTY,18-Jan-2024,21400,PE,21.7,30.8,5.45,25.35,25.35,2527338,27065700.89,5373550,1266850,17-JAN-2024,
OPTIDX,NIFTY,18-Jan-2024,21450,PE,23.1,42.8,7.25,36.3,36.3,1689485,18140713.88,2822250,1369400,17-JAN-2024,
OPTIDX,NIFTY,18-Jan-2024,21500,PE,28.8,58.75,9.9,50.3,50.3,3994260,43005767.71,6578650,63800,17-JAN-2024,
OPTIDX,NIFTY,18-Jan-2024,21550,PE,38.05,80.4,13.95,69.75,69.75,2536003,27387166.91,2646150,1089400,17-JAN-2024,
OPTIDX,NIFTY,18-Jan-2024,21600,PE,37.5,107.8,19.2,93.75,93.75,4868603,52732111.31,3920100,-203350,17-JAN-2024,
OPTIDX,NIFTY,18-Jan-2024,21650,PE,54.55,140.55,26.5,124.15,124.15,3181671,34563363.9,1510600,-1249150,17-JAN-2024,
OPTIDX,NIFTY,18-Jan-2024,21700,PE,65.95,178.5,36.45,159.05,159.05,4641087,50558586.68,2304800,-3739900,17-JAN-2024,
OPTIDX,NIFTY,18-Jan-2024,21750,PE,80.05,221,49.4,199.25,199.25,2189616,23916939.58,1012100,-2183400,17-JAN-2024,
OPTIDX,NIFTY,18-Jan-2024,21800,PE,115.2,267,67.5,243.5,243.5,3587758,39310157.69,3840500,-2486000,17-JAN-2024,
OPTIDX,NIFTY,18-Jan-2024,21850,PE,137,313.75,88.9,290.6,290.6,1174363,12908842.14,1609850,-1933200,17-JAN-2024,
OPTIDX,NIFTY,18-Jan-2024,21900,PE,169.2,360.15,111.5,335.85,335.85,1085656,11980672.63,1248500,-4743050,17-JAN-2024,
OPTIDX,NIFTY,18-Jan-2024,21950,PE,210,408.8,134.9,389.2,389.2,287218,3179063.63,720400,-1863000,17-JAN-2024,
OPTIDX,NIFTY,18-Jan-2024,22000,PE,250,458,162,431.8,431.8,598789,6659796.31,2014500,-5307300,17-JAN-2024,
OPTIDX,NIFTY,18-Jan-2024,22050,PE,249,506.4,196.4,484.5,484.5,124491,1389568.88,904150,-1289900,17-JAN-2024,
OPTIDX,NIFTY,18-Jan-2024,22100,PE,275.45,556.25,229.15,534.1,534.1,147167,1650312.71,1907600,-1199300,17-JAN-2024,
OPTIDX,NIFTY,18-Jan-2024,22150,PE,377.9,601.2,274.7,580.7,580.7,21184,238818.01,993150,-114000,17-JAN-2024,
OPTIDX,NIFTY,18-Jan-2024,22200,PE,425,656.35,324.9,629.15,629.15,44195,500166.72,766300,-461150,17-JAN-2024,
OPTIDX,NIFTY,18-Jan-2024,22250,PE,484.1,703,373.85,679.35,679.35,5250,59643.64,228450,-113150,17-JAN-2024,
OPTIDX,NIFTY,18-Jan-2024,22300,PE,485.45,751.9,422.05,724.5,724.5,15174,173339.83,512250,-356650,17-JAN-2024,
OPTIDX,NIFTY,18-Jan-2024,22350,PE,503.7,800,471.8,780.5,780.5,1031,11842.56,86900,-25200,17-JAN-2024,
OPTIDX,NIFTY,18-Jan-2024,22400,PE,600,855.35,502.45,828.35,828.35,6683,77034.77,73050,-58800,17-JAN-2024,
OPTIDX,NIFTY,18-Jan-2024,22450,PE,592.4,902.1,592.4,880.4,880.4,440,5102.22,5700,-1050,17-JAN-2024,
OPTIDX,NIFTY,18-Jan-2024,22500,PE,700,950,614.5,929.45,929.45,6459,74934.82,35900,-178000,17-JAN-2024,
OPTIDX,NIFTY,18-Jan-2024,22550,PE,694.65,996.25,663.05,976.45,976.45,78,909.82,3750,0,17-JAN-2024,
OPTIDX,NIFTY,18-Jan-2024,22600,PE,749.95,1039,735,1035,1035,140,1640.16,3450,-2300,17-JAN-2024,
OPTIDX,NIFTY,18-Jan-2024,22650,PE,0,0,0,531.6,1073.85,0,0,150,0,17-JAN-2024,
OPTIDX,NIFTY,18-Jan-2024,22700,PE,850,1132.65,847.7,1126.7,1126.7,145,1712.46,2700,-2150,17-JAN-2024,
OPTIDX,NIFTY,18-Jan-2024,22750,PE,880.55,975.25,866.65,945.1,1173.85,20,236.91,450,150,17-JAN-2024,
OPTIDX,NIFTY,18-Jan-2024,22800,PE,998,1221.3,961.75,1221.3,1223.85,21,250.44,1050,-250,17-JAN-2024,
OPTIDX,NIFTY,18-Jan-2024,22850,PE,0,0,0,1027.9,1273.85,0,0,250,0,17-JAN-2024,
OPTIDX,NIFTY,18-Jan-2024,22900,PE,1100,1322.95,1100,1322.95,1323.8,9,108.37,850,200,17-JAN-2024,
OPTIDX,NIFTY,18-Jan-2024,22950,PE,1093.6,1266.45,1093.6,1266.45,1373.8,6,72.45,200,-100,17-JAN-2024,
OPTIDX,NIFTY,18-Jan-2024,23000,PE,1144.9,1437.25,1132.8,1424.05,1424.05,171,2076.73,9900,200,17-JAN-2024,
OPTIDX,NIFTY,18-Jan-2024,23050,PE,0,0,0,1725.6,1473.8,0,0,0,0,17-JAN-2024,
OPTIDX,NIFTY,18-Jan-2024,23100,PE,0,0,0,1773.25,1523.8,0,0,0,0,17-JAN-2024,
OPTIDX,NIFTY,18-Jan-2024,23150,PE,0,0,0,1361.4,1573.75,0,0,50,0,17-JAN-2024,
OPTIDX,NIFTY,18-Jan-2024,23200,PE,0,0,0,1869.15,1623.75,0,0,0,0,17-JAN-2024,
OPTIDX,NIFTY,18-Jan-2024,23250,PE,1394.15,1665.25,1394.15,1665.25,1665.25,4,49.55,100,100,17-JAN-2024,
OPTIDX,NIFTY,18-Jan-2024,23300,PE,0,0,0,1271.65,1723.75,0,0,50,0,17-JAN-2024,
OPTIDX,NIFTY,18-Jan-2024,23350,PE,0,0,0,2014.2,1773.75,0,0,0,0,17-JAN-2024,
OPTIDX,NIFTY,18-Jan-2024,23400,PE,0,0,0,2062.8,1823.7,0,0,0,0,17-JAN-2024,
OPTIDX,NIFTY,18-Jan-2024,23450,PE,0,0,0,1354.45,1873.7,0,0,150,0,17-JAN-2024,
OPTIDX,NIFTY,18-Jan-2024,23500,PE,0,0,0,2160.35,1923.7,0,0,0,0,17-JAN-2024,
OPTIDX,NIFTY,18-Jan-2024,23550,PE,1800,1800,1800,1800,1973.7,1,12.67,50,0,17-JAN-2024,
OPTIDX,NIFTY,18-Jan-2024,23600,PE,0,0,0,2258.25,2023.7,0,0,0,0,17-JAN-2024,
OPTIDX,NIFTY,18-Jan-2024,23650,PE,0,0,0,2307.35,2073.7,0,0,0,0,17-JAN-2024,
OPTIDX,NIFTY,18-Jan-2024,23700,PE,0,0,0,2356.45,2123.65,0,0,0,0,17-JAN-2024,
OPTIDX,NIFTY,18-Jan-2024,23750,PE,0,0,0,2405.65,2173.65,0,0,0,0,17-JAN-2024,
OPTIDX,NIFTY,18-Jan-2024,23800,PE,0,0,0,2454.9,2223.65,0,0,0,0,17-JAN-2024,
OPTIDX,NIFTY,18-Jan-2024,23850,PE,0,0,0,2504.2,2273.65,0,0,0,0,17-JAN-2024,
OPTIDX,NIFTY,25-Jan-2024,17350,CE,0,0,0,4400,4247.6,0,0,200,0,17-JAN-2024,
OPTIDX,NIFTY,25-Jan-2024,17400,CE,0,0,0,4656.35,4197.65,0,0,14750,0,17-JAN-2024,
OPTIDX,NIFTY,25-Jan-2024,17450,CE,0,0,0,1783.7,4147.75,0,0,0,0,17-JAN-2024,
OPTIDX,NIFTY,25-Jan-2024,17500,CE,4335.5,4335.5,4060.2,4071.7,4071.7,31,336.07,91350,-900,17-JAN-2024,
OPTIDX,NIFTY,25-Jan-2024,17550,CE,0,0,0,4050,4047.9,0,0,250,0,17-JAN-2024,
OPTIDX,NIFTY,25-Jan-2024,17600,CE,4148,4148,4148,4148,3997.95,1,10.87,200,-50,17-JAN-2024,
OPTIDX,NIFTY,25-Jan-2024,17650,CE,0,0,0,1611.6,3948.05,0,0,0,0,17-JAN-2024,
OPTIDX,NIFTY,25-Jan-2024,17700,CE,0,0,0,1569.6,3898.1,0,0,0,0,17-JAN-2024,
OPTIDX,NIFTY,25-Jan-2024,17750,CE,0,0,0,4140.65,3848.2,0,0,2450,0,17-JAN-2024,
OPTIDX,NIFTY,25-Jan-2024,17800,CE,0,0,0,4223.4,3798.25,0,0,10400,0,17-JAN-2024,
OPTIDX,NIFTY,25-Jan-2024,17850,CE,0,0,0,3980,3748.35,0,0,150,0,17-JAN-2024,
OPTIDX,NIFTY,25-Jan-2024,17900,CE,3760,3760,3755,3755,3698.4,3,32.48,7500,-150,17-JAN-2024,
OPTIDX,NIFTY,25-Jan-2024,17950,CE,0,0,0,1366.1,3648.5,0,0,0,0,17-JAN-2024,
OPTIDX,NIFTY,25-Jan-2024,18000,CE,3851.65,3852.8,3570,3599.35,3599.35,760,8238.83,371600,-15650,17-JAN-2024,
OPTIDX,NIFTY,25-Jan-2024,18050,CE,3671,3671,3671,3671,3548.65,1,10.86,50,0,17-JAN-2024,
OPTIDX,NIFTY,25-Jan-2024,18100,CE,0,0,0,3900,3498.7,0,0,9750,0,17-JAN-2024,
OPTIDX,NIFTY,25-Jan-2024,18150,CE,0,0,0,3700,3448.8,0,0,100,0,17-JAN-2024,
OPTIDX,NIFTY,25-Jan-2024,18200,CE,3611.4,3611.4,3611.4,3611.4,3398.85,1,10.9,13750,-50,17-JAN-2024,
OPTIDX,NIFTY,25-Jan-2024,18250,CE,0,0,0,1139.2,3348.95,0,0,0,0,17-JAN-2024,
OPTIDX,NIFTY,25-Jan-2024,18300,CE,3440,3440,3372.9,3372.9,3299,28,303.81,7700,-1400,17-JAN-2024,
OPTIDX,NIFTY,25-Jan-2024,18350,CE,0,0,0,3575,3249.1,0,0,100,0,17-JAN-2024,
OPTIDX,NIFTY,25-Jan-2024,18400,CE,3410,3410,3400,3400,3199.15,2,21.8,8450,-100,17-JAN-2024,
OPTIDX,NIFTY,25-Jan-2024,18450,CE,0,0,0,3410,3149.2,0,0,150,0,17-JAN-2024,
OPTIDX,NIFTY,25-Jan-2024,18500,CE,3340,3340,3082,3104.7,3104.7,97,1053.57,181500,-4250,17-JAN-2024,
OPTIDX,NIFTY,25-Jan-2024,18550,CE,0,0,0,931.75,3049.35,0,0,0,0,17-JAN-2024,
OPTIDX,NIFTY,25-Jan-2024,18600,CE,3220,3240,3220,3234.75,2999.45,4,43.65,4900,-200,17-JAN-2024,
OPTIDX,NIFTY,25-Jan-2024,18650,CE,0,0,0,867.95,2949.5,0,0,0,0,17-JAN-2024,
OPTIDX,NIFTY,25-Jan-2024,18700,CE,2886.45,2886.45,2886.45,2886.45,2886.45,1,10.79,4300,-50,17-JAN-2024,
OPTIDX,NIFTY,25-Jan-2024,18750,CE,0,0,0,3360,2849.65,0,0,550,0,17-JAN-2024,
OPTIDX,NIFTY,25-Jan-2024,18800,CE,2967.5,2967.5,2903.8,2903.8,2799.75,2,21.73,4050,-100,17-JAN-2024,
OPTIDX,NIFTY,25-Jan-2024,18850,CE,0,0,0,3050,2749.8,0,0,200,0,17-JAN-2024,
OPTIDX,NIFTY,25-Jan-2024,18900,CE,2783.95,2827.7,2783.95,2827.7,2699.9,6,65.14,2150,-150,17-JAN-2024,
OPTIDX,NIFTY,25-Jan-2024,18950,CE,0,0,0,692.45,2649.95,0,0,0,0,17-JAN-2024,
OPTIDX,NIFTY,25-Jan-2024,19000,CE,2840,2850,2564.75,2575.7,2575.7,824,8930.72,448950,-13400,17-JAN-2024,
OPTIDX,NIFTY,25-Jan-2024,19050,CE,0,0,0,2840.65,2550.1,0,0,50,0,17-JAN-2024,
OPTIDX,NIFTY,25-Jan-2024,19100,CE,2550,2550,2550,2550,2500.2,1,10.82,11750,-50,17-JAN-2024,
OPTIDX,NIFTY,25-Jan-2024,19150,CE,0,0,0,2794.75,2450.25,0,0,50,0,17-JAN-2024,
OPTIDX,NIFTY,25-Jan-2024,19200,CE,2633.45,2633.45,2426,2426,2400.35,11,119.39,12300,-500,17-JAN-2024,
OPTIDX,NIFTY,25-Jan-2024,19250,CE,0,0,0,2800.35,2350.4,0,0,600,0,17-JAN-2024,
OPTIDX,NIFTY,25-Jan-2024,19300,CE,2511.1,2515,2365,2365,2300.5,13,141.49,11350,-550,17-JAN-2024,
OPTIDX,NIFTY,25-Jan-2024,19350,CE,2350,2350,2350,2350,2250.55,1,10.85,10000,0,17-JAN-2024,
OPTIDX,NIFTY,25-Jan-2024,19400,CE,2400,2442,2227.15,2265,2200.65,18,195.48,14750,-700,17-JAN-2024,
OPTIDX,NIFTY,25-Jan-2024,19450,CE,2134.85,2146.2,2134.85,2146.2,2150.7,3,32.38,800,150,17-JAN-2024,
OPTIDX,NIFTY,25-Jan-2024,19500,CE,2300,2345.5,2066,2083.45,2083.45,533,5784.37,240600,-14900,17-JAN-2024,
OPTIDX,NIFTY,25-Jan-2024,19550,CE,0,0,0,2561.95,2050.85,0,0,6150,0,17-JAN-2024,
OPTIDX,NIFTY,25-Jan-2024,19600,CE,2240.45,2240.45,1975,1975,1975,34,368.87,21150,-1150,17-JAN-2024,
OPTIDX,NIFTY,25-Jan-2024,19650,CE,0,0,0,2138.65,1951,0,0,300,0,17-JAN-2024,
OPTIDX,NIFTY,25-Jan-2024,19700,CE,2139.85,2139.85,1885,1885,1901.05,59,641.4,32550,-2300,17-JAN-2024,
OPTIDX,NIFTY,25-Jan-2024,19750,CE,2000,2000,1842.15,1855,1851.15,7,75.9,1350,0,17-JAN-2024,
OPTIDX,NIFTY,25-Jan-2024,19800,CE,2028,2040,1780.9,1789.65,1789.65,96,1042.26,51050,-1400,17-JAN-2024,
OPTIDX,NIFTY,25-Jan-2024,19850,CE,1995.5,1995.55,1927.3,1927.3,1751.3,9,98.2,2150,-50,17-JAN-2024,
OPTIDX,NIFTY,25-Jan-2024,19900,CE,1890,1940,1680,1682.3,1682.3,31,336.39,28200,-150,17-JAN-2024,
OPTIDX,NIFTY,25-Jan-2024,19950,CE,1872,1872,1730,1730,1651.45,2,21.75,2700,0,17-JAN-2024,
OPTIDX,NIFTY,25-Jan-2024,20000,CE,1851.9,1851.9,1570,1593.1,1593.1,1460,15837.33,598000,-36400,17-JAN-2024,
OPTIDX,NIFTY,25-Jan-2024,20050,CE,1642.2,1642.2,1642.2,1642.2,1551.6,1,10.84,6350,0,17-JAN-2024,
OPTIDX,NIFTY,25-Jan-2024,20100,CE,1729.05,1734.9,1470,1487.15,1487.15,161,1743.08,44600,-5900,17-JAN-2024,
OPTIDX,NIFTY,25-Jan-2024,20150,CE,1650,1650,1442.25,1444.75,1444.75,21,226.84,1450,-350,17-JAN-2024,
OPTIDX,NIFTY,25-Jan-2024,20200,CE,1590,1638.2,1382,1385.7,1385.7,255,2770.97,60000,-6150,17-JAN-2024,
OPTIDX,NIFTY,25-Jan-2024,20250,CE,1468.7,1468.7,1344.75,1344.75,1344.75,2,21.65,17250,-50,17-JAN-2024,
OPTIDX,NIFTY,25-Jan-2024,20300,CE,1540,1541.8,1270,1293.6,1293.6,130,1410.27,47150,-2100,17-JAN-2024,
OPTIDX,NIFTY,25-Jan-2024,20350,CE,1465.75,1465.75,1300,1336.2,1252.1,16,173.97,8050,-100,17-JAN-2024,
OPTIDX,NIFTY,25-Jan-2024,20400,CE,1440,1445,1180,1195.55,1195.55,266,2883.87,65000,-10350,17-JAN-2024,
OPTIDX,NIFTY,25-Jan-2024,20450,CE,0,0,0,1623.7,1152.35,0,0,3200,0,17-JAN-2024,
OPTIDX,NIFTY,25-Jan-2024,20500,CE,1305,1360.3,1080,1109.25,1109.25,1368,14861.16,462050,-40000,17-JAN-2024,
OPTIDX,NIFTY,25-Jan-2024,20550,CE,1275,1275,1147.9,1149.75,1052.7,6,65.19,4800,0,17-JAN-2024,
OPTIDX,NIFTY,25-Jan-2024,20600,CE,1200,1247.9,999.25,1011.95,1011.95,223,2416.73,58700,-3050,17-JAN-2024,
OPTIDX,NIFTY,25-Jan-2024,20650,CE,1187.55,1187.55,959.45,959.45,953.35,23,249.62,5900,-600,17-JAN-2024,
OPTIDX,NIFTY,25-Jan-2024,20700,CE,1100,1143.9,895,908,908,246,2670.75,64400,-7550,17-JAN-2024,
OPTIDX,NIFTY,25-Jan-2024,20750,CE,975,975,857.95,857.95,857.95,115,1245.66,9950,-2700,17-JAN-2024,
OPTIDX,NIFTY,25-Jan-2024,20800,CE,1032.8,1065.4,795,816.95,816.95,667,7239.03,129350,-10850,17-JAN-2024,
OPTIDX,NIFTY,25-Jan-2024,20850,CE,970,970,760.75,767.2,767.2,114,1232.93,9200,-850,17-JAN-2024,
OPTIDX,NIFTY,25-Jan-2024,20900,CE,937.15,965,701.35,723.85,723.85,1078,11678.45,71950,-2500,17-JAN-2024,
OPTIDX,NIFTY,25-Jan-2024,20950,CE,840,840,668.15,680.5,680.5,198,2142.34,9250,3150,17-JAN-2024,
OPTIDX,NIFTY,25-Jan-2024,21000,CE,825,908,615,635.45,635.45,12485,135619.1,699650,-119900,17-JAN-2024,
OPTIDX,NIFTY,25-Jan-2024,21050,CE,795,795,578.6,591.75,591.75,548,5942.14,27250,3650,17-JAN-2024,
OPTIDX,NIFTY,25-Jan-2024,21100,CE,750,777.65,535.55,550.1,550.1,5695,61904.76,219450,-71650,17-JAN-2024,
OPTIDX,NIFTY,25-Jan-2024,21150,CE,692.8,703,494.15,513.05,513.05,1199,12995.69,47200,4650,17-JAN-2024,
OPTIDX,NIFTY,25-Jan-2024,21200,CE,655.9,682.9,453.2,465.55,465.55,5702,61998.94,290900,-29150,17-JAN-2024,
OPTIDX,NIFTY,25-Jan-2024,21250,CE,569.8,577,414.75,431.05,431.05,742,8062.15,45650,7350,17-JAN-2024,
OPTIDX,NIFTY,25-Jan-2024,21300,CE,580.05,591.55,376.95,391.7,391.7,4789,52086.52,319000,36900,17-JAN-2024,
OPTIDX,NIFTY,25-Jan-2024,21350,CE,521,532.95,342.95,356.2,356.2,855,9297.12,50650,12300,17-JAN-2024,
OPTIDX,NIFTY,25-Jan-2024,21400,CE,476.7,508.3,308.35,322.05,322.05,13770,149944.24,479450,145050,17-JAN-2024,
OPTIDX,NIFTY,25-Jan-2024,21450,CE,455.95,462.6,277.75,289.9,289.9,4088,44514.89,61350,24800,17-JAN-2024,
OPTIDX,NIFTY,25-Jan-2024,21500,CE,400,423.7,247.75,258.75,258.75,90857,990851.52,1615950,291650,17-JAN-2024,
OPTIDX,NIFTY,25-Jan-2024,21550,CE,369.95,383.7,220,230.6,230.6,19833,216231.15,263250,182250,17-JAN-2024,
OPTIDX,NIFTY,25-Jan-2024,21600,CE,275.75,346.85,194.25,203.3,203.3,196042,2140978.84,1827200,943100,17-JAN-2024,
OPTIDX,NIFTY,25-Jan-2024,21650,CE,223.4,311.7,170.45,180.5,180.5,69522,760244.14,720550,519950,17-JAN-2024,
OPTIDX,NIFTY,25-Jan-2024,21700,CE,214.6,276.6,147.3,155.6,155.6,355522,3893823.1,3444550,1788050,17-JAN-2024,
OPTIDX,NIFTY,25-Jan-2024,21750,CE,186.1,245.7,128,135.3,135.3,73191,802536.52,643550,509150,17-JAN-2024,
OPTIDX,NIFTY,25-Jan-2024,21800,CE,121.05,215.1,108.65,115.55,115.55,397708,4367177.76,3372450,2350450,17-JAN-2024,
OPTIDX,NIFTY,25-Jan-2024,21850,CE,141.9,187.55,93.45,99.35,99.35,78598,864180.55,622050,372100,17-JAN-2024,
OPTIDX,NIFTY,25-Jan-2024,21900,CE,100.25,161.7,78.25,84,84,203046,2235165.96,1937600,1190750,17-JAN-2024,
OPTIDX,NIFTY,25-Jan-2024,21950,CE,80.3,139.15,66.55,71.7,71.7,55695,613982.8,488200,250300,17-JAN-2024,
OPTIDX,NIFTY,25-Jan-2024,22000,CE,65.65,119,55.4,60.2,60.2,384406,4244794.29,4483100,1491350,17-JAN-2024,
OPTIDX,NIFTY,25-Jan-2024,22050,CE,60,101,43,50.6,50.6,56109,620656.5,631600,168300,17-JAN-2024,
OPTIDX,NIFTY,25-Jan-2024,22100,CE,50.05,84.85,39.2,42.55,42.55,204532,2266228.76,2196400,336750,17-JAN-2024,
OPTIDX,NIFTY,25-Jan-2024,22150,CE,45.05,70.9,33,35.75,35.75,46925,520913.09,446500,173900,17-JAN-2024,
OPTIDX,NIFTY,25-Jan-2024,22200,CE,39.15,58.9,20.3,30.05,30.05,174707,1942907.54,2094600,222400,17-JAN-2024,
OPTIDX,NIFTY,25-Jan-2024,22250,CE,30,48.55,23,25.2,25.2,42652,475252.09,404050,65300,17-JAN-2024,
OPTIDX,NIFTY,25-Jan-2024,22300,CE,32,39.7,17.5,21.3,21.3,136441,1523330.98,1472450,-92000,17-JAN-2024,
OPTIDX,NIFTY,25-Jan-2024,22350,CE,20,33.1,6,18.2,18.2,34208,382696.73,416900,-4950,17-JAN-2024,
OPTIDX,NIFTY,25-Jan-2024,22400,CE,17.7,27,10.05,15.2,15.2,99545,1115929.62,1267900,-50200,17-JAN-2024,
OPTIDX,NIFTY,25-Jan-2024,22450,CE,17.2,25,10.6,12.7,12.7,26300,295446.68,309150,77200,17-JAN-2024,
OPTIDX,NIFTY,25-Jan-2024,22500,CE,14,18.9,5,11.85,11.85,156909,1766428.52,2506000,-141250,17-JAN-2024,
OPTIDX,NIFTY,25-Jan-2024,22550,CE,15.1,16.3,7.7,9.95,9.95,21875,246781.15,194100,24600,17-JAN-2024,
OPTIDX,NIFTY,25-Jan-2024,22600,CE,10,18.65,6.2,8.55,8.55,74358,840660.71,1072850,31200,17-JAN-2024,
OPTIDX,NIFTY,25-Jan-2024,22650,CE,9.5,18.4,6.45,7.65,7.65,23999,271907.86,277000,83350,17-JAN-2024,
OPTIDX,NIFTY,25-Jan-2024,22700,CE,11,14.2,3,6.65,6.65,79153,898718.2,1289650,234150,17-JAN-2024,
OPTIDX,NIFTY,25-Jan-2024,22750,CE,10.5,12.5,5,6.05,6.05,17188,195581.08,274350,1200,17-JAN-2024,
OPTIDX,NIFTY,25-Jan-2024,22800,CE,8.55,9.5,0.05,5.55,5.55,60487,689759.43,1137950,-195950,17-JAN-2024,
OPTIDX,NIFTY,25-Jan-2024,22850,CE,8.35,8.4,3.1,4.9,4.9,11491,131321.2,169900,-82950,17-JAN-2024,
OPTIDX,NIFTY,25-Jan-2024,22900,CE,7.45,7.6,2.2,4.7,4.7,31966,366106.48,735900,23150,17-JAN-2024,
OPTIDX,NIFTY,25-Jan-2024,22950,CE,6.7,7.25,3.5,5.05,5.05,8620,98940.12,173550,-11950,17-JAN-2024,
OPTIDX,NIFTY,25-Jan-2024,23000,CE,4,6.9,3.55,4.9,4.9,97180,1117849.52,2749200,246500,17-JAN-2024,
OPTIDX,NIFTY,25-Jan-2024,23050,CE,4.45,6.05,2.4,4.45,4.45,11169,128750.93,185750,2600,17-JAN-2024,
OPTIDX,NIFTY,25-Jan-2024,23100,CE,3.5,6.1,3.05,4.35,4.35,14721,170064.25,262950,-32050,17-JAN-2024,
OPTIDX,NIFTY,25-Jan-2024,23150,CE,4,6.1,2.95,4.35,4.35,7702,89169.65,172850,7800,17-JAN-2024,
OPTIDX,NIFTY,25-Jan-2024,23200,CE,3.95,5.05,2.7,4.1,4.1,19139,222054.2,307750,51500,17-JAN-2024,
OPTIDX,NIFTY,25-Jan-2024,23250,CE,2.9,5,2,4.1,4.1,3259,37892.23,41850,-2100,17-JAN-2024,
OPTIDX,NIFTY,25-Jan-2024,23300,CE,3.05,4.7,2.4,3.9,3.9,13677,159364.11,301850,-52700,17-JAN-2024,
OPTIDX,NIFTY,25-Jan-2024,23350,CE,2.45,4.45,2.45,3.9,3.9,1558,18192.55,30700,6300,17-JAN-2024,
OPTIDX,NIFTY,25-Jan-2024,23400,CE,2.25,4.4,2.05,3.65,3.65,5409,63295.34,84900,-3650,17-JAN-2024,
OPTIDX,NIFTY,25-Jan-2024,23450,CE,3.05,4.25,2.05,3.7,3.7,2402,28167.72,50950,-12350,17-JAN-2024,
OPTIDX,NIFTY,25-Jan-2024,23500,CE,2.5,5.35,2.15,3.8,3.8,21305,250373.37,444300,339450,17-JAN-2024,
OPTIDX,NIFTY,25-Jan-2024,23550,CE,2,3.95,1.95,3.4,3.4,2444,28782.2,39750,-550,17-JAN-2024,
OPTIDX,NIFTY,25-Jan-2024,23600,CE,2.15,4.3,2.05,3.9,3.9,9484,111927.46,177150,94350,17-JAN-2024,
OPTIDX,NIFTY,25-Jan-2024,23650,CE,2.2,3.9,2.2,3.35,3.35,1768,20909.47,24050,-2650,17-JAN-2024,
OPTIDX,NIFTY,25-Jan-2024,23700,CE,2.65,4,2.1,3.6,3.6,3724,44135.65,72250,49300,17-JAN-2024,
OPTIDX,NIFTY,25-Jan-2024,23750,CE,2.05,3.6,2.05,3.35,3.35,1897,22529.72,38050,1500,17-JAN-2024,
OPTIDX,NIFTY,25-Jan-2024,23800,CE,2.15,3.6,1.9,3.25,3.25,4296,51128.98,117050,88700,17-JAN-2024,
OPTIDX,NIFTY,25-Jan-2024,23850,CE,2.25,3.5,2,3.05,3.05,4168,49709.47,94600,44400,17-JAN-2024,
OPTIDX,NIFTY,25-Jan-2024,17350,PE,1.45,1.75,1,1.5,1.5,208,1804.55,22200,2250,17-JAN-2024,
OPTIDX,NIFTY,25-Jan-2024,17400,PE,1.35,2.1,0.7,0.95,0.95,637,5542.25,22750,12950,17-JAN-2024,
OPTIDX,NIFTY,25-Jan-2024,17450,PE,1.4,2.65,1.3,1.6,1.6,503,4389.21,14950,13800,17-JAN-2024,
OPTIDX,NIFTY,25-Jan-2024,17500,PE,1.65,2.35,1.45,1.65,1.65,2377,20800.86,281350,3850,17-JAN-2024,
OPTIDX,NIFTY,25-Jan-2024,17550,PE,1.45,2.1,1.25,1.35,1.35,99,868.8,1600,-500,17-JAN-2024,
OPTIDX,NIFTY,25-Jan-2024,17600,PE,1.9,2.15,1.4,1.75,1.75,103,906.48,3850,1150,17-JAN-2024,
OPTIDX,NIFTY,25-Jan-2024,17650,PE,1.85,2.4,1.4,1.55,1.55,95,838.46,2350,1700,17-JAN-2024,
OPTIDX,NIFTY,25-Jan-2024,17700,PE,1.5,2.1,1.35,1.55,1.55,115,1017.85,2000,500,17-JAN-2024,
OPTIDX,NIFTY,25-Jan-2024,17750,PE,1.55,1.85,1.25,1.8,0.05,58,514.79,2200,550,17-JAN-2024,
OPTIDX,NIFTY,25-Jan-2024,17800,PE,1.6,5,1,1.35,1.35,160,1424.14,3400,-1000,17-JAN-2024,
OPTIDX,NIFTY,25-Jan-2024,17850,PE,1.5,2.1,1.35,1.75,1.75,85,758.69,2350,-1250,17-JAN-2024,
OPTIDX,NIFTY,25-Jan-2024,17900,PE,1.6,1.9,1.3,1.9,0.05,43,384.88,450,-350,17-JAN-2024,
OPTIDX,NIFTY,25-Jan-2024,17950,PE,1.6,2.05,1.5,1.75,1.75,41,368,650,-400,17-JAN-2024,
OPTIDX,NIFTY,25-Jan-2024,18000,PE,1.55,2.1,1,1.65,1.65,6493,58442.19,386050,-49000,17-JAN-2024,
OPTIDX,NIFTY,25-Jan-2024,18050,PE,2,2.15,0.85,1.85,1.85,71,640.83,1000,-100,17-JAN-2024,
OPTIDX,NIFTY,25-Jan-2024,18100,PE,1.75,2.15,1.15,1.95,1.95,215,1945.94,12850,-250,17-JAN-2024,
OPTIDX,NIFTY,25-Jan-2024,18150,PE,1.05,3.05,1.05,1.9,1.9,132,1198.01,2450,-550,17-JAN-2024,
OPTIDX,NIFTY,25-Jan-2024,18200,PE,1.75,2.3,1.4,2,2,655,5961.2,36250,-4300,17-JAN-2024,
OPTIDX,NIFTY,25-Jan-2024,18250,PE,1.9,2.25,1.4,1.8,1.8,90,821.33,2300,1250,17-JAN-2024,
OPTIDX,NIFTY,25-Jan-2024,18300,PE,2.6,5.55,1.2,2,2,792,7247.75,47250,-2700,17-JAN-2024,
OPTIDX,NIFTY,25-Jan-2024,18350,PE,2.4,2.5,1.7,1.8,1.8,128,1174.53,2750,150,17-JAN-2024,
OPTIDX,NIFTY,25-Jan-2024,18400,PE,2.15,2.6,1.55,2.25,2.25,719,6615.66,45850,-2550,17-JAN-2024,
OPTIDX,NIFTY,25-Jan-2024,18450,PE,2.7,2.7,1.95,2.35,0.05,29,267.55,2750,50,17-JAN-2024,
OPTIDX,NIFTY,25-Jan-2024,18500,PE,2.1,2.5,1.45,1.8,1.8,1075,9944.81,214750,5200,17-JAN-2024,
OPTIDX,NIFTY,25-Jan-2024,18550,PE,2.55,2.55,1.7,2.2,2.2,55,510.18,2200,1050,17-JAN-2024,
OPTIDX,NIFTY,25-Jan-2024,18600,PE,3,3.2,1.95,2.05,2.05,1385,12882.07,77650,600,17-JAN-2024,
OPTIDX,NIFTY,25-Jan-2024,18650,PE,2.7,2.7,2.1,2.35,0.05,16,149.21,1750,450,17-JAN-2024,
OPTIDX,NIFTY,25-Jan-2024,18700,PE,2.65,2.9,1.9,2.1,2.1,478,4469.83,102450,300,17-JAN-2024,
OPTIDX,NIFTY,25-Jan-2024,18750,PE,2.55,2.8,2.1,2.45,2.45,30,281.28,6950,100,17-JAN-2024,
OPTIDX,NIFTY,25-Jan-2024,18800,PE,2.5,2.85,2,2.2,2.2,221,2077.65,116500,-1450,17-JAN-2024,
OPTIDX,NIFTY,25-Jan-2024,18850,PE,2.4,2.75,1.8,1.95,1.95,14,131.96,1850,50,17-JAN-2024,
OPTIDX,NIFTY,25-Jan-2024,18900,PE,2.7,3.05,2,2.35,2.35,117,1105.79,38650,-2250,17-JAN-2024,
OPTIDX,NIFTY,25-Jan-2024,18950,PE,2.5,4.5,1.65,2.15,0.05,16,151.62,2200,0,17-JAN-2024,
OPTIDX,NIFTY,25-Jan-2024,19000,PE,2.9,3.65,2,2.3,2.3,6841,64998.29,944350,39400,17-JAN-2024,
OPTIDX,NIFTY,25-Jan-2024,19050,PE,2.5,3.25,2.15,2.2,2.2,112,1066.94,3750,-1950,17-JAN-2024,
OPTIDX,NIFTY,25-Jan-2024,19100,PE,2.75,3.05,1.75,2.35,2.35,114,1088.83,35550,-2200,17-JAN-2024,
OPTIDX,NIFTY,25-Jan-2024,19150,PE,2.35,3.15,2.15,2.9,0.05,31,296.86,4900,-50,17-JAN-2024,
OPTIDX,NIFTY,25-Jan-2024,19200,PE,2.9,5,2,2.6,2.6,1138,10926.34,42000,-3550,17-JAN-2024,
OPTIDX,NIFTY,25-Jan-2024,19250,PE,2.2,2.85,2.2,2.4,2.4,196,1886.74,14950,1000,17-JAN-2024,
OPTIDX,NIFTY,25-Jan-2024,19300,PE,2.35,3.05,1.85,2.3,2.3,636,6138.18,110700,-650,17-JAN-2024,
OPTIDX,NIFTY,25-Jan-2024,19350,PE,2.45,3,2.4,2.75,2.75,35,338.67,5350,-750,17-JAN-2024,
OPTIDX,NIFTY,25-Jan-2024,19400,PE,2.95,9.15,2.45,2.65,2.65,1349,13087.2,72400,2100,17-JAN-2024,
OPTIDX,NIFTY,25-Jan-2024,19450,PE,3.05,3.6,2.3,2.9,2.9,323,3141.65,13250,2300,17-JAN-2024,
OPTIDX,NIFTY,25-Jan-2024,19500,PE,5,5,2.1,2.6,2.6,17145,167186.39,1222250,137700,17-JAN-2024,
OPTIDX,NIFTY,25-Jan-2024,19550,PE,3.05,3.8,1.8,3.1,3.1,1279,12504.16,36500,17100,17-JAN-2024,
OPTIDX,NIFTY,25-Jan-2024,19600,PE,3.8,9.65,2.25,2.8,2.8,3388,33207.21,89150,25550,17-JAN-2024,
OPTIDX,NIFTY,25-Jan-2024,19650,PE,1.45,13.9,1.45,2.95,2.95,1387,13629.64,11850,-1800,17-JAN-2024,
OPTIDX,NIFTY,25-Jan-2024,19700,PE,2.1,4.15,1.75,3.1,3.1,4026,39662.64,68200,-13450,17-JAN-2024,
OPTIDX,NIFTY,25-Jan-2024,19750,PE,3.2,4.7,1.7,3,3,2545,25136.15,14450,-9350,17-JAN-2024,
OPTIDX,NIFTY,25-Jan-2024,19800,PE,3,6.9,2.75,3.35,3.35,5763,57063.55,188050,13650,17-JAN-2024,
OPTIDX,NIFTY,25-Jan-2024,19850,PE,4.65,4.8,3,3.8,3.8,573,5688.11,10650,600,17-JAN-2024,
OPTIDX,NIFTY,25-Jan-2024,19900,PE,2.55,13,2.55,3.6,3.6,7418,73822.41,132950,-1300,17-JAN-2024,
OPTIDX,NIFTY,25-Jan-2024,19950,PE,6.45,6.65,3.25,4.2,4.2,1577,15733.74,24300,-5650,17-JAN-2024,
OPTIDX,NIFTY,25-Jan-2024,20000,PE,5.05,10,2.55,4.4,4.4,77789,778067.12,2720500,409300,17-JAN-2024,
OPTIDX,NIFTY,25-Jan-2024,20050,PE,6,6.65,3.05,4.9,4.9,4376,43879.89,31850,-650,17-JAN-2024,
OPTIDX,NIFTY,25-Jan-2024,20100,PE,5.1,9.2,3.2,6,6,10623,106789.47,159200,41350,17-JAN-2024,
OPTIDX,NIFTY,25-Jan-2024,20150,PE,6.05,7.95,4,6.15,6.15,4596,46317.63,30800,2750,17-JAN-2024,
OPTIDX,NIFTY,25-Jan-2024,20200,PE,6,13.95,4.3,6.75,6.75,35813,361819.95,679100,222000,17-JAN-2024,
OPTIDX,NIFTY,25-Jan-2024,20250,PE,6.7,9.75,3.75,7.45,7.45,7926,80276.74,39650,9900,17-JAN-2024,
OPTIDX,NIFTY,25-Jan-2024,20300,PE,7,10.75,4,8.6,8.6,25934,263320.75,305050,27050,17-JAN-2024,
OPTIDX,NIFTY,25-Jan-2024,20350,PE,7.3,21.75,3.5,10.2,10.2,10674,108649.11,61900,21450,17-JAN-2024,
OPTIDX,NIFTY,25-Jan-2024,20400,PE,6.55,13.1,3.35,10.65,10.65,35622,363496.36,393350,150700,17-JAN-2024,
OPTIDX,NIFTY,25-Jan-2024,20450,PE,5.05,19.55,5.05,12.6,12.6,9300,95132.44,79650,30150,17-JAN-2024,
OPTIDX,NIFTY,25-Jan-2024,20500,PE,8.65,16.25,6,13.55,13.55,122255,1253731.75,3552050,121800,17-JAN-2024,
OPTIDX,NIFTY,25-Jan-2024,20550,PE,4.4,17.95,4.4,15.55,15.55,11638,119641.97,70550,32500,17-JAN-2024,
OPTIDX,NIFTY,25-Jan-2024,20600,PE,8.85,22,6.05,16.2,16.2,51491,530686.92,578400,47250,17-JAN-2024,
OPTIDX,NIFTY,25-Jan-2024,20650,PE,4.4,21.95,4.4,17.9,17.9,23971,247663.07,186250,-126400,17-JAN-2024,
OPTIDX,NIFTY,25-Jan-2024,20700,PE,15.05,23.75,7.5,20.75,20.75,71138,736841.28,809800,48300,17-JAN-2024,
OPTIDX,NIFTY,25-Jan-2024,20750,PE,10.65,27.15,8.25,23.05,23.05,15041,156172.63,117050,-850,17-JAN-2024,
OPTIDX,NIFTY,25-Jan-2024,20800,PE,20.6,29.4,8.85,26,26,86624,901697.07,1385050,282300,17-JAN-2024,
OPTIDX,NIFTY,25-Jan-2024,20850,PE,18.05,33.2,10.3,29.4,29.4,13661,142555.95,95350,-4500,17-JAN-2024,
OPTIDX,NIFTY,25-Jan-2024,20900,PE,25.6,38.05,11.8,33.35,33.35,83183,870277.92,1127700,-314250,17-JAN-2024,
OPTIDX,NIFTY,25-Jan-2024,20950,PE,24.9,43.2,13.05,37.3,37.3,22775,238885.3,324200,104450,17-JAN-2024,
OPTIDX,NIFTY,25-Jan-2024,21000,PE,30,50.25,15.35,44.9,44.9,233170,2452130.42,4131000,239200,17-JAN-2024,
OPTIDX,NIFTY,25-Jan-2024,21050,PE,35.75,57,17.55,51.1,51.1,17020,179455.74,132700,24300,17-JAN-2024,
OPTIDX,NIFTY,25-Jan-2024,21100,PE,38,65.4,19.95,58.85,58.85,98387,1040172.35,1411700,424200,17-JAN-2024,
OPTIDX,NIFTY,25-Jan-2024,21150,PE,28.75,74.35,22.8,67.35,67.35,23833,252609.43,181450,18350,17-JAN-2024,
OPTIDX,NIFTY,25-Jan-2024,21200,PE,45.65,84.9,26.55,77.05,77.05,118653,1261154.16,1561850,314850,17-JAN-2024,
OPTIDX,NIFTY,25-Jan-2024,21250,PE,40,105,30.7,85.75,85.75,44715,476633.25,375800,179450,17-JAN-2024,
OPTIDX,NIFTY,25-Jan-2024,21300,PE,52,110.25,35.55,99.25,99.25,152696,1632028.2,1967900,205600,17-JAN-2024,
OPTIDX,NIFTY,25-Jan-2024,21350,PE,60,125.15,40.6,114.7,114.7,51150,548264.34,186400,-31600,17-JAN-2024,
OPTIDX,NIFTY,25-Jan-2024,21400,PE,63.95,142.15,47.8,130.8,130.8,162596,1747635.69,1772950,54050,17-JAN-2024,
OPTIDX,NIFTY,25-Jan-2024,21450,PE,77.8,161,55.3,147.7,147.7,46546,501822.35,233900,13900,17-JAN-2024,
OPTIDX,NIFTY,25-Jan-2024,21500,PE,101,181.45,64.2,167.45,167.45,363692,3932062.73,3291300,-197300,17-JAN-2024,
OPTIDX,NIFTY,25-Jan-2024,21550,PE,117,204.45,74.8,189.6,189.6,58899,639093.95,302100,-5600,17-JAN-2024,
OPTIDX,NIFTY,25-Jan-2024,21600,PE,99.5,228.55,87,211.3,211.3,324290,3528469.38,2069600,-114000,17-JAN-2024,
OPTIDX,NIFTY,25-Jan-2024,21650,PE,142,254.95,100.5,236.7,236.7,87158,951393.52,426100,97750,17-JAN-2024,
OPTIDX,NIFTY,25-Jan-2024,21700,PE,129.95,282.9,105.15,263.8,263.8,380945,4169409,2483200,-415250,17-JAN-2024,
OPTIDX,NIFTY,25-Jan-2024,21750,PE,147.2,312.4,131,292.7,292.7,73930,811018.14,207350,-375000,17-JAN-2024,
OPTIDX,NIFTY,25-Jan-2024,21800,PE,194.95,345,145.45,323.75,323.75,309181,3403657.42,1927550,-416000,17-JAN-2024,
OPTIDX,NIFTY,25-Jan-2024,21850,PE,180,377.85,166.75,357.6,357.6,35114,387778.94,146400,-207250,17-JAN-2024,
OPTIDX,NIFTY,25-Jan-2024,21900,PE,251,414.3,193.15,391.5,391.5,92842,1029021.97,795400,-481500,17-JAN-2024,
OPTIDX,NIFTY,25-Jan-2024,21950,PE,225,451.8,219.6,431.65,431.65,12463,138690.94,88450,-128150,17-JAN-2024,
OPTIDX,NIFTY,25-Jan-2024,22000,PE,247,491.95,247,468.15,468.15,138216,1543353.42,1830900,-1344400,17-JAN-2024,
OPTIDX,NIFTY,25-Jan-2024,22050,PE,300,527.8,277.25,502.15,502.15,12592,141070.3,201050,-165850,17-JAN-2024,
OPTIDX,NIFTY,25-Jan-2024,22100,PE,306.2,572.85,306.2,554.9,554.9,33735,379524.1,506300,-507450,17-JAN-2024,
OPTIDX,NIFTY,25-Jan-2024,22150,PE,398.8,613.65,355.25,592.3,592.3,2580,29139.4,106150,-26700,17-JAN-2024,
OPTIDX,NIFTY,25-Jan-2024,22200,PE,421,673.8,387.35,637.1,637.1,21672,245965.59,337100,-50700,17-JAN-2024,
OPTIDX,NIFTY,25-Jan-2024,22250,PE,440.5,703.05,439.9,681.65,681.65,1139,12975.73,41800,-15600,17-JAN-2024,
OPTIDX,NIFTY,25-Jan-2024,22300,PE,425,750.55,425,730.6,730.6,3294,37650.44,79600,-33450,17-JAN-2024,
OPTIDX,NIFTY,25-Jan-2024,22350,PE,530,797.05,524.65,776.15,776.15,473,5445.54,57100,5150,17-JAN-2024,
OPTIDX,NIFTY,25-Jan-2024,22400,PE,575.95,846.3,567.05,804.25,804.25,960,11067.09,52700,-18350,17-JAN-2024,
OPTIDX,NIFTY,25-Jan-2024,22450,PE,660,875,629.25,865.6,865.6,50,579.11,26400,-450,17-JAN-2024,
OPTIDX,NIFTY,25-Jan-2024,22500,PE,650,940,650,918.85,918.85,5680,66110.3,598550,-99600,17-JAN-2024,
OPTIDX,NIFTY,25-Jan-2024,22550,PE,739.75,971.75,726.65,971.05,971.05,44,513.8,14300,650,17-JAN-2024,
OPTIDX,NIFTY,25-Jan-2024,22600,PE,770,1032.3,764.55,1018.4,1018.4,832,9795.77,36700,-13800,17-JAN-2024,
OPTIDX,NIFTY,25-Jan-2024,22650,PE,962.4,1060.15,949.55,1053.85,1053.85,10,118.27,8350,-50,17-JAN-2024,
OPTIDX,NIFTY,25-Jan-2024,22700,PE,865.7,1120,862.1,1111.35,1111.35,85,1006.38,41700,-700,17-JAN-2024,
OPTIDX,NIFTY,25-Jan-2024,22750,PE,918.1,1102.45,918.1,1102.45,1144.7,7,83.23,2000,200,17-JAN-2024,
OPTIDX,NIFTY,25-Jan-2024,22800,PE,970,1211.55,962.6,1209.85,1209.85,62,739.4,12800,-50,17-JAN-2024,
OPTIDX,NIFTY,25-Jan-2024,22850,PE,0,0,0,1285,1244.4,0,0,900,0,17-JAN-2024,
OPTIDX,NIFTY,25-Jan-2024,22900,PE,1050,1320,1050,1315.8,1315.8,29,349.2,106500,-450,17-JAN-2024,
OPTIDX,NIFTY,25-Jan-2024,22950,PE,0,0,0,1267.9,1344.2,0,0,5450,0,17-JAN-2024,
OPTIDX,NIFTY,25-Jan-2024,23000,PE,1200,1430.6,1152,1412.7,1412.7,1252,15201.38,285600,-7200,17-JAN-2024,
OPTIDX,NIFTY,25-Jan-2024,23050,PE,0,0,0,1308.25,1444,0,0,200,0,17-JAN-2024,
OPTIDX,NIFTY,25-Jan-2024,23100,PE,1300,1402.1,1300,1395,1493.9,5,61.13,4250,100,17-JAN-2024,
OPTIDX,NIFTY,25-Jan-2024,23150,PE,0,0,0,1126.7,1543.85,0,0,650,0,17-JAN-2024,
OPTIDX,NIFTY,25-Jan-2024,23200,PE,0,0,0,1094.15,1593.75,0,0,2150,0,17-JAN-2024,
OPTIDX,NIFTY,25-Jan-2024,23250,PE,0,0,0,1130.45,1643.7,0,0,100,0,17-JAN-2024,
OPTIDX,NIFTY,25-Jan-2024,23300,PE,1465,1725.75,1465,1709.05,1709.05,30,374.5,9100,550,17-JAN-2024,
OPTIDX,NIFTY,25-Jan-2024,23350,PE,0,0,0,2434.2,1743.55,0,0,0,0,17-JAN-2024,
OPTIDX,NIFTY,25-Jan-2024,23400,PE,1602.55,1800,1602.55,1778.35,1778.35,24,301.17,2600,650,17-JAN-2024,
OPTIDX,NIFTY,25-Jan-2024,23450,PE,0,0,0,1431.35,1843.4,0,0,0,0,17-JAN-2024,
OPTIDX,NIFTY,25-Jan-2024,23500,PE,1686.65,1902,1686.65,1900.25,1900.25,15,189.92,8150,50,17-JAN-2024,
OPTIDX,NIFTY,25-Jan-2024,23550,PE,0,0,0,2628.65,1943.25,0,0,0,0,17-JAN-2024,
OPTIDX,NIFTY,25-Jan-2024,23600,PE,0,0,0,2677.45,1993.15,0,0,0,0,17-JAN-2024,
OPTIDX,NIFTY,25-Jan-2024,23650,PE,0,0,0,2726.3,2043.1,0,0,0,0,17-JAN-2024,
OPTIDX,NIFTY,25-Jan-2024,23700,PE,0,0,0,2775.25,2093,0,0,0,0,17-JAN-2024,
OPTIDX,NIFTY,25-Jan-2024,23750,PE,0,0,0,1641.35,2142.95,0,0,150,0,17-JAN-2024,
OPTIDX,NIFTY,25-Jan-2024,23800,PE,1990.25,2065.25,1990.25,2065.25,2192.85,2,25.82,200,50,17-JAN-2024,
OPTIDX,NIFTY,25-Jan-2024,23850,PE,0,0,0,1828.1,2242.8,0,0,150,0,17-JAN-2024,
OPTIDX,NIFTY,01-Feb-2024,19750,CE,2150,2150,1990,2030,1876.7,3,32.71,150,150,17-JAN-2024,
OPTIDX,NIFTY,01-Feb-2024,19800,CE,0,0,0,1645.4,1826.85,0,0,0,0,17-JAN-2024,
OPTIDX,NIFTY,01-Feb-2024,19850,CE,1900,1943.55,1900,1920,1777,4,43.54,150,100,17-JAN-2024,
OPTIDX,NIFTY,01-Feb-2024,19900,CE,0,0,0,1725.3,1727.15,0,0,50,0,17-JAN-2024,
OPTIDX,NIFTY,01-Feb-2024,19950,CE,0,0,0,1507.15,1677.3,0,0,0,0,17-JAN-2024,
OPTIDX,NIFTY,01-Feb-2024,20000,CE,1816.35,1816.35,1650,1650,1650,8,86.9,450,250,17-JAN-2024,
OPTIDX,NIFTY,01-Feb-2024,20050,CE,0,0,0,1416.75,1577.65,0,0,0,0,17-JAN-2024,
OPTIDX,NIFTY,01-Feb-2024,20100,CE,0,0,0,1372.2,1527.9,0,0,0,0,17-JAN-2024,
OPTIDX,NIFTY,01-Feb-2024,20150,CE,0,0,0,1328.05,1478.15,0,0,0,0,17-JAN-2024,
OPTIDX,NIFTY,01-Feb-2024,20200,CE,0,0,0,1425,1428.4,0,0,150,0,17-JAN-2024,
OPTIDX,NIFTY,01-Feb-2024,20250,CE,0,0,0,1241.25,1378.75,0,0,0,0,17-JAN-2024,
OPTIDX,NIFTY,01-Feb-2024,20300,CE,0,0,0,1198.65,1329.15,0,0,0,0,17-JAN-2024,
OPTIDX,NIFTY,01-Feb-2024,20350,CE,0,0,0,1156.6,1279.6,0,0,0,0,17-JAN-2024,
OPTIDX,NIFTY,01-Feb-2024,20400,CE,0,0,0,1115.1,1230.2,0,0,0,0,17-JAN-2024,
OPTIDX,NIFTY,01-Feb-2024,20450,CE,0,0,0,1074.2,1180.9,0,0,0,0,17-JAN-2024,
OPTIDX,NIFTY,01-Feb-2024,20500,CE,0,0,0,1033.95,1131.8,0,0,0,0,17-JAN-2024,
OPTIDX,NIFTY,01-Feb-2024,20550,CE,0,0,0,994.35,1082.9,0,0,0,0,17-JAN-2024,
OPTIDX,NIFTY,01-Feb-2024,20600,CE,1100,1110,1090,1090,1034.2,4,43.4,200,200,17-JAN-2024,
OPTIDX,NIFTY,01-Feb-2024,20650,CE,0,0,0,917.25,985.85,0,0,0,0,17-JAN-2024,
OPTIDX,NIFTY,01-Feb-2024,20700,CE,0,0,0,879.8,937.8,0,0,0,0,17-JAN-2024,
OPTIDX,NIFTY,01-Feb-2024,20750,CE,0,0,0,843.85,890.2,0,0,0,0,17-JAN-2024,
OPTIDX,NIFTY,01-Feb-2024,20800,CE,0,0,0,1143.5,843.1,0,0,50,0,17-JAN-2024,
OPTIDX,NIFTY,01-Feb-2024,20850,CE,0,0,0,771.95,796.6,0,0,0,0,17-JAN-2024,
OPTIDX,NIFTY,01-Feb-2024,20900,CE,0,0,0,737.65,750.7,0,0,0,0,17-JAN-2024,
OPTIDX,NIFTY,01-Feb-2024,20950,CE,0,0,0,704.2,705.6,0,0,0,0,17-JAN-2024,
OPTIDX,NIFTY,01-Feb-2024,21000,CE,928,930,720.1,747.6,747.6,493,5367.47,44350,2800,17-JAN-2024,
OPTIDX,NIFTY,01-Feb-2024,21050,CE,0,0,0,1163.95,618.05,0,0,50,0,17-JAN-2024,
OPTIDX,NIFTY,01-Feb-2024,21100,CE,796.6,796.6,796.6,796.6,575.8,1,10.94,300,-50,17-JAN-2024,
OPTIDX,NIFTY,01-Feb-2024,21150,CE,0,0,0,645,534.7,0,0,50,0,17-JAN-2024,
OPTIDX,NIFTY,01-Feb-2024,21200,CE,690,700,557.65,557.65,557.65,456,4978.38,10250,8750,17-JAN-2024,
OPTIDX,NIFTY,01-Feb-2024,21250,CE,0,0,0,684.35,456.45,0,0,1100,0,17-JAN-2024,
OPTIDX,NIFTY,01-Feb-2024,21300,CE,660,672.35,490.4,498.85,498.85,327,3572.89,82450,4600,17-JAN-2024,
OPTIDX,NIFTY,01-Feb-2024,21350,CE,0,0,0,722,384,0,0,2450,0,17-JAN-2024,
OPTIDX,NIFTY,01-Feb-2024,21400,CE,550,596.45,423.7,434.4,434.4,967,10587.02,38900,15450,17-JAN-2024,
OPTIDX,NIFTY,01-Feb-2024,21450,CE,550,550,392.95,401.9,401.9,178,1949.48,8350,4150,17-JAN-2024,
OPTIDX,NIFTY,01-Feb-2024,21500,CE,509.25,599.2,361.3,374.55,374.55,6622,72616.63,277600,63550,17-JAN-2024,
OPTIDX,NIFTY,01-Feb-2024,21550,CE,456,468.5,332.2,341.75,341.75,693,7591.28,40800,7900,17-JAN-2024,
OPTIDX,NIFTY,01-Feb-2024,21600,CE,430,495.1,305.9,316.8,316.8,7523,82561.34,89750,34650,17-JAN-2024,
OPTIDX,NIFTY,01-Feb-2024,21650,CE,345,405.95,280,288.55,288.55,2492,27375.99,38050,24800,17-JAN-2024,
OPTIDX,NIFTY,01-Feb-2024,21700,CE,361.35,386.1,254,264.05,264.05,11333,124692.39,227100,45500,17-JAN-2024,
OPTIDX,NIFTY,01-Feb-2024,21750,CE,343,343,231.9,238.85,238.85,1760,19378.68,25000,19750,17-JAN-2024,
OPTIDX,NIFTY,01-Feb-2024,21800,CE,317.9,318,209.5,216.65,216.65,14309,157811.83,161450,128700,17-JAN-2024,
OPTIDX,NIFTY,01-Feb-2024,21850,CE,228,324.1,189.2,195.65,195.65,3074,33945.91,41550,36450,17-JAN-2024,
OPTIDX,NIFTY,01-Feb-2024,21900,CE,200,268.15,169,175.6,175.6,6895,76231.31,106500,66300,17-JAN-2024,
OPTIDX,NIFTY,01-Feb-2024,21950,CE,170,228.9,150.25,156.5,156.5,2473,27361.24,58600,7350,17-JAN-2024,
OPTIDX,NIFTY,01-Feb-2024,22000,CE,177.75,211.45,133.7,140.45,140.45,20814,230738.87,445650,145800,17-JAN-2024,
OPTIDX,NIFTY,01-Feb-2024,22050,CE,101,190.1,100.95,126.95,126.95,2857,31712.33,33850,14200,17-JAN-2024,
OPTIDX,NIFTY,01-Feb-2024,22100,CE,110,169.95,95.75,111.65,111.65,7793,86640.33,85850,3350,17-JAN-2024,
OPTIDX,NIFTY,01-Feb-2024,22150,CE,139,145.25,93.8,100.8,100.8,892,9932.42,24400,1450,17-JAN-2024,
OPTIDX,NIFTY,01-Feb-2024,22200,CE,100,138.35,84.35,90.55,90.55,8644,96415.83,108250,19700,17-JAN-2024,
OPTIDX,NIFTY,01-Feb-2024,22250,CE,92.15,114.4,75.4,79.55,79.55,2686,30006.12,30800,4950,17-JAN-2024,
OPTIDX,NIFTY,01-Feb-2024,22300,CE,96,101.3,66.35,71.3,71.3,9251,103523.68,188550,74250,17-JAN-2024,
OPTIDX,NIFTY,01-Feb-2024,22350,CE,40.35,88.95,40.35,63.85,63.85,1240,13901.93,25000,3200,17-JAN-2024,
OPTIDX,NIFTY,01-Feb-2024,22400,CE,42.85,83.15,42.8,56.15,56.15,5742,64499.24,68950,27400,17-JAN-2024,
OPTIDX,NIFTY,01-Feb-2024,22450,CE,60,68.4,47.55,49.35,49.35,891,10026.58,15550,750,17-JAN-2024,
OPTIDX,NIFTY,01-Feb-2024,22500,CE,50.35,67.75,42,45.2,45.2,13380,150867.16,215400,1050,17-JAN-2024,
OPTIDX,NIFTY,01-Feb-2024,22550,CE,48.35,53.4,38.75,41.4,41.4,781,8823.08,14450,5300,17-JAN-2024,
OPTIDX,NIFTY,01-Feb-2024,22600,CE,40,51.25,35,37.55,37.55,6516,73763.46,98000,33800,17-JAN-2024,
OPTIDX,NIFTY,01-Feb-2024,22650,CE,18.05,41.55,17.9,33,33,1132,12839.94,15850,4200,17-JAN-2024,
OPTIDX,NIFTY,01-Feb-2024,22700,CE,30.9,39.8,28,30,30,4071,46271.81,53900,-1000,17-JAN-2024,
OPTIDX,NIFTY,01-Feb-2024,22750,CE,28,32.25,24.45,26.55,26.55,1174,13371.02,12250,-10950,17-JAN-2024,
OPTIDX,NIFTY,01-Feb-2024,22800,CE,25.05,31.5,22.6,24.75,24.75,4503,51394.68,61150,-3000,17-JAN-2024,
OPTIDX,NIFTY,01-Feb-2024,22850,CE,23.45,26.65,20.05,22.45,22.45,445,5089.62,10200,-1500,17-JAN-2024,
OPTIDX,NIFTY,01-Feb-2024,22900,CE,23.6,30,17.35,21.3,21.3,3122,35781.82,31150,-15600,17-JAN-2024,
OPTIDX,NIFTY,01-Feb-2024,22950,CE,18.85,23.3,11.25,19.85,19.85,488,5604.79,12800,300,17-JAN-2024,
OPTIDX,NIFTY,01-Feb-2024,23000,CE,22,26.5,10.55,17.95,17.95,7506,86390.33,148750,6900,17-JAN-2024,
OPTIDX,NIFTY,01-Feb-2024,23050,CE,17.2,23.75,14.8,17.4,17.4,296,3413.95,6200,-400,17-JAN-2024,
OPTIDX,NIFTY,01-Feb-2024,23100,CE,20.1,20.1,13.15,15.25,15.25,4679,54079.69,81550,59400,17-JAN-2024,
OPTIDX,NIFTY,01-Feb-2024,23150,CE,12.4,16.2,11.55,14.4,14.4,323,3740.92,3550,-8450,17-JAN-2024,
OPTIDX,NIFTY,01-Feb-2024,23200,CE,15,15,10.1,13.5,13.5,2729,31673.91,46000,-15250,17-JAN-2024,
OPTIDX,NIFTY,01-Feb-2024,23250,CE,11.4,13.55,8.2,13,0.35,58,674.58,6950,-1200,17-JAN-2024,
OPTIDX,NIFTY,01-Feb-2024,23300,CE,10.45,12.65,9.2,10.75,10.75,456,5314.87,40050,-2400,17-JAN-2024,
OPTIDX,NIFTY,01-Feb-2024,23350,CE,10,12.2,10,11.1,11.1,554,6470.99,13850,700,17-JAN-2024,
OPTIDX,NIFTY,01-Feb-2024,23400,CE,12,12,8.55,10.15,10.15,7512,87927.54,65500,-59100,17-JAN-2024,
OPTIDX,NIFTY,01-Feb-2024,23450,CE,10.6,11.05,7.55,9.25,9.25,660,7741.66,28600,450,17-JAN-2024,
OPTIDX,NIFTY,01-Feb-2024,23500,CE,9.8,10,5.5,9,9,1918,22544.78,57150,24150,17-JAN-2024,
OPTIDX,NIFTY,01-Feb-2024,23550,CE,9.15,10.15,7.2,8.45,8.45,269,3168.56,9350,6200,17-JAN-2024,
OPTIDX,NIFTY,01-Feb-2024,23600,CE,8.25,10.45,5.85,7.55,7.55,277,3269.72,13450,4700,17-JAN-2024,
OPTIDX,NIFTY,01-Feb-2024,23650,CE,8.1,11.3,7,8.75,8.75,198,2342.18,7950,2150,17-JAN-2024,
OPTIDX,NIFTY,01-Feb-2024,23700,CE,0,0,0,7.9,0.05,0,0,2750,0,17-JAN-2024,
OPTIDX,NIFTY,01-Feb-2024,23750,CE,0,0,0,6.2,0.05,0,0,2700,0,17-JAN-2024,
OPTIDX,NIFTY,01-Feb-2024,23800,CE,5.55,9,5.55,7.45,7.45,406,4832.85,16500,12050,17-JAN-2024,
OPTIDX,NIFTY,01-Feb-2024,23850,CE,5.2,7.45,5.2,7.15,7.15,763,9101.31,28300,23550,17-JAN-2024,
OPTIDX,NIFTY,01-Feb-2024,19750,PE,0,0,0,22.55,0.05,0,0,0,0,17-JAN-2024,
OPTIDX,NIFTY,01-Feb-2024,19800,PE,0,0,0,25.4,0.05,0,0,0,0,17-JAN-2024,
OPTIDX,NIFTY,01-Feb-2024,19850,PE,0,0,0,28.6,0.05,0,0,0,0,17-JAN-2024,
OPTIDX,NIFTY,01-Feb-2024,19900,PE,0,0,0,32.05,0.05,0,0,0,0,17-JAN-2024,
OPTIDX,NIFTY,01-Feb-2024,19950,PE,3.1,3.1,3.1,3.1,3.1,7,69.83,2750,0,17-JAN-2024,
OPTIDX,NIFTY,01-Feb-2024,20000,PE,10.35,16.8,7.95,15.1,15.1,3019,30208.59,65200,25700,17-JAN-2024,
OPTIDX,NIFTY,01-Feb-2024,20050,PE,0,0,0,12.55,0.2,0,0,2050,0,17-JAN-2024,
OPTIDX,NIFTY,01-Feb-2024,20100,PE,9.6,32,7.65,20.45,20.45,416,4184.64,13100,8750,17-JAN-2024,
OPTIDX,NIFTY,01-Feb-2024,20150,PE,10,21.8,7.4,18.3,18.3,889,8963.92,26250,18250,17-JAN-2024,
OPTIDX,NIFTY,01-Feb-2024,20200,PE,9.1,23.65,8.55,19.65,19.65,802,8106.86,22250,9500,17-JAN-2024,
OPTIDX,NIFTY,01-Feb-2024,20250,PE,0,0,0,11.4,0.7,0,0,1450,0,17-JAN-2024,
OPTIDX,NIFTY,01-Feb-2024,20300,PE,12,26.9,9.55,23.2,23.2,1551,15758.92,29600,20300,17-JAN-2024,
OPTIDX,NIFTY,01-Feb-2024,20350,PE,12.1,17,8.9,17,1.3,27,274.91,2200,-500,17-JAN-2024,
OPTIDX,NIFTY,01-Feb-2024,20400,PE,13.65,30,10.55,27.8,27.8,738,7537.08,18800,16200,17-JAN-2024,
OPTIDX,NIFTY,01-Feb-2024,20450,PE,15.5,24.15,15.5,23.6,2.3,41,419.64,1400,-300,17-JAN-2024,
OPTIDX,NIFTY,01-Feb-2024,20500,PE,17,36,13.45,31.2,31.2,4753,48778.29,97450,38100,17-JAN-2024,
OPTIDX,NIFTY,01-Feb-2024,20550,PE,12.9,38.8,12.9,34.3,34.3,1080,11114.93,40600,38450,17-JAN-2024,
OPTIDX,NIFTY,01-Feb-2024,20600,PE,18.95,41.1,15.9,38.35,38.35,1201,12390.14,22550,10100,17-JAN-2024,
OPTIDX,NIFTY,01-Feb-2024,20650,PE,19.75,44.3,18.05,40.65,40.65,92,951.66,5300,900,17-JAN-2024,
OPTIDX,NIFTY,01-Feb-2024,20700,PE,22.4,49.55,17.2,44.55,44.55,3920,40642.35,44600,14500,17-JAN-2024,
OPTIDX,NIFTY,01-Feb-2024,20750,PE,24,53.2,23.55,49,49,152,1580.03,3300,650,17-JAN-2024,
OPTIDX,NIFTY,01-Feb-2024,20800,PE,27,58.6,23.1,54.25,54.25,4565,47574.08,50950,21300,17-JAN-2024,
OPTIDX,NIFTY,01-Feb-2024,20850,PE,33.05,64.05,26.5,61.8,61.8,344,3593.42,5750,-1150,17-JAN-2024,
OPTIDX,NIFTY,01-Feb-2024,20900,PE,36.6,71.15,26.75,65.45,65.45,5689,59586.12,77200,11250,17-JAN-2024,
OPTIDX,NIFTY,01-Feb-2024,20950,PE,41.5,79.55,33.4,72.9,72.9,722,7583.85,11000,3900,17-JAN-2024,
OPTIDX,NIFTY,01-Feb-2024,21000,PE,49,98.65,35.35,81.1,81.1,16472,173459.11,215350,27700,17-JAN-2024,
OPTIDX,NIFTY,01-Feb-2024,21050,PE,47.4,97,41.25,89.6,89.6,524,5532.88,12500,4250,17-JAN-2024,
OPTIDX,NIFTY,01-Feb-2024,21100,PE,58.9,108,38.7,101.4,101.4,7223,76476.89,74400,16400,17-JAN-2024,
OPTIDX,NIFTY,01-Feb-2024,21150,PE,59,117.2,55.4,113.8,113.8,286,3037.56,11900,-100,17-JAN-2024,
OPTIDX,NIFTY,01-Feb-2024,21200,PE,66.15,130.55,49.65,121.4,121.4,9396,100040.96,108750,6650,17-JAN-2024,
OPTIDX,NIFTY,01-Feb-2024,21250,PE,69.65,144,63.05,137.85,137.85,711,7596.89,14250,650,17-JAN-2024,
OPTIDX,NIFTY,01-Feb-2024,21300,PE,82.8,158.85,66.9,150.2,150.2,8517,91207.74,143000,3350,17-JAN-2024,
OPTIDX,NIFTY,01-Feb-2024,21350,PE,85,171.2,78,167.35,167.35,1405,15100.71,27250,13650,17-JAN-2024,
OPTIDX,NIFTY,01-Feb-2024,21400,PE,119.95,191.95,84.1,180.55,180.55,7203,77608.65,71550,10450,17-JAN-2024,
OPTIDX,NIFTY,01-Feb-2024,21450,PE,100.8,211.7,99.2,201.3,201.3,1856,20064.27,18450,6950,17-JAN-2024,
OPTIDX,NIFTY,01-Feb-2024,21500,PE,109.95,231.75,83.15,218.05,218.05,21260,230310.99,426400,44700,17-JAN-2024,
OPTIDX,NIFTY,01-Feb-2024,21550,PE,129.5,252.2,91.8,239.85,239.85,1930,20994.42,12000,-1700,17-JAN-2024,
OPTIDX,NIFTY,01-Feb-2024,21600,PE,160,274.95,127.4,259.5,259.5,14021,152829.81,116850,13700,17-JAN-2024,
OPTIDX,NIFTY,01-Feb-2024,21650,PE,158.15,299.9,134,283.8,283.8,3098,33893.16,19100,-2900,17-JAN-2024,
OPTIDX,NIFTY,01-Feb-2024,21700,PE,164.5,324.4,136.25,305.8,305.8,13619,149335.77,176100,-51350,17-JAN-2024,
OPTIDX,NIFTY,01-Feb-2024,21750,PE,189.5,349.2,155.7,335.4,335.4,3965,43625.72,22450,-2300,17-JAN-2024,
OPTIDX,NIFTY,01-Feb-2024,21800,PE,246,378.45,140,358.4,358.4,14542,160424.79,212950,-32100,17-JAN-2024,
OPTIDX,NIFTY,01-Feb-2024,21850,PE,210,408.25,155.55,388.35,388.35,2591,28695.23,22150,550,17-JAN-2024,
OPTIDX,NIFTY,01-Feb-2024,21900,PE,223,437.8,173.15,418.45,418.45,5930,65852.95,45850,-31700,17-JAN-2024,
OPTIDX,NIFTY,01-Feb-2024,21950,PE,280.7,461.75,207.7,454.9,454.9,900,10033.31,13050,-9450,17-JAN-2024,
OPTIDX,NIFTY,01-Feb-2024,22000,PE,302,503.35,232.35,488.45,488.45,11250,125759.66,206950,-22400,17-JAN-2024,
OPTIDX,NIFTY,01-Feb-2024,22050,PE,350,529.2,261.5,521.8,521.8,1054,11814.59,12650,-7950,17-JAN-2024,
OPTIDX,NIFTY,01-Feb-2024,22100,PE,340,577.7,314.8,555.45,555.45,1948,21923.18,22850,-27650,17-JAN-2024,
OPTIDX,NIFTY,01-Feb-2024,22150,PE,382.1,612.75,382.1,593.05,593.05,212,2395.5,3400,-4200,17-JAN-2024,
OPTIDX,NIFTY,01-Feb-2024,22200,PE,405,656.3,323.05,642.45,642.45,1957,22212.12,10000,-21350,17-JAN-2024,
OPTIDX,NIFTY,01-Feb-2024,22250,PE,489.9,615,453.45,615,652.6,34,386.83,3150,-150,17-JAN-2024,
OPTIDX,NIFTY,01-Feb-2024,22300,PE,529.9,722.35,475.85,712.5,712.5,647,7395.08,7600,-10600,17-JAN-2024,
OPTIDX,NIFTY,01-Feb-2024,22350,PE,0,0,0,1032.9,741.25,0,0,0,0,17-JAN-2024,
OPTIDX,NIFTY,01-Feb-2024,22400,PE,550,806.55,529.55,806.55,806.55,38,439.08,5200,-850,17-JAN-2024,
OPTIDX,NIFTY,01-Feb-2024,22450,PE,837.25,837.25,837.25,837.25,832.9,1,11.64,50,50,17-JAN-2024,
OPTIDX,NIFTY,01-Feb-2024,22500,PE,707.35,888.7,602.4,879.1,879.1,258,2995.68,14100,1750,17-JAN-2024,
OPTIDX,NIFTY,01-Feb-2024,22550,PE,0,0,0,1197.05,926.9,0,0,0,0,17-JAN-2024,
OPTIDX,NIFTY,01-Feb-2024,22600,PE,898.45,926.65,898.45,926.65,974.6,2,23.51,0,0,17-JAN-2024,
OPTIDX,NIFTY,01-Feb-2024,22650,PE,0,0,0,1282.3,1022.65,0,0,0,0,17-JAN-2024,
OPTIDX,NIFTY,01-Feb-2024,22700,PE,0,0,0,1325.6,1071,0,0,0,0,17-JAN-2024,
OPTIDX,NIFTY,01-Feb-2024,22750,PE,0,0,0,1369.35,1119.7,0,0,0,0,17-JAN-2024,
OPTIDX,NIFTY,01-Feb-2024,22800,PE,0,0,0,1230,1168.55,0,0,50,0,17-JAN-2024,
OPTIDX,NIFTY,01-Feb-2024,22850,PE,0,0,0,1458.1,1217.65,0,0,0,0,17-JAN-2024,
OPTIDX,NIFTY,01-Feb-2024,22900,PE,0,0,0,1503.05,1266.85,0,0,0,0,17-JAN-2024,
OPTIDX,NIFTY,01-Feb-2024,22950,PE,0,0,0,1548.3,1316.2,0,0,0,0,17-JAN-2024,
OPTIDX,NIFTY,01-Feb-2024,23000,PE,1118.05,1361,1102.05,1361,1365.7,19,230.21,1450,150,17-JAN-2024,
OPTIDX,NIFTY,01-Feb-2024,23050,PE,0,0,0,1639.85,1415.25,0,0,0,0,17-JAN-2024,
OPTIDX,NIFTY,01-Feb-2024,23100,PE,0,0,0,1686.05,1464.85,0,0,0,0,17-JAN-2024,
OPTIDX,NIFTY,01-Feb-2024,23150,PE,0,0,0,1732.55,1514.5,0,0,0,0,17-JAN-2024,
OPTIDX,NIFTY,01-Feb-2024,23200,PE,0,0,0,1779.25,1564.25,0,0,0,0,17-JAN-2024,
OPTIDX,NIFTY,01-Feb-2024,23250,PE,0,0,0,1826.25,1614,0,0,0,0,17-JAN-2024,
OPTIDX,NIFTY,01-Feb-2024,23300,PE,0,0,0,1873.45,1663.75,0,0,0,0,17-JAN-2024,
OPTIDX,NIFTY,01-Feb-2024,23350,PE,0,0,0,1920.8,1713.55,0,0,0,0,17-JAN-2024,
OPTIDX,NIFTY,01-Feb-2024,23400,PE,0,0,0,1968.4,1763.35,0,0,0,0,17-JAN-2024,
OPTIDX,NIFTY,01-Feb-2024,23450,PE,0,0,0,2016.15,1813.2,0,0,0,0,17-JAN-2024,
OPTIDX,NIFTY,01-Feb-2024,23500,PE,0,0,0,1420.3,1863.05,0,0,1300,0,17-JAN-2024,
OPTIDX,NIFTY,01-Feb-2024,23550,PE,0,0,0,2112.15,1912.85,0,0,0,0,17-JAN-2024,
OPTIDX,NIFTY,01-Feb-2024,23600,PE,0,0,0,2160.35,1962.7,0,0,0,0,17-JAN-2024,
OPTIDX,NIFTY,01-Feb-2024,23650,PE,0,0,0,2208.7,2012.55,0,0,0,0,17-JAN-2024,
OPTIDX,NIFTY,01-Feb-2024,23700,PE,0,0,0,2257.15,2062.4,0,0,0,0,17-JAN-2024,
OPTIDX,NIFTY,01-Feb-2024,23750,PE,0,0,0,2305.75,2112.25,0,0,0,0,17-JAN-2024,
OPTIDX,NIFTY,01-Feb-2024,23800,PE,0,0,0,2354.4,2162.15,0,0,0,0,17-JAN-2024,
OPTIDX,NIFTY,01-Feb-2024,23850,PE,0,0,0,2403.15,2212,0,0,0,0,17-JAN-2024,
OPTIDX,NIFTY,08-Feb-2024,19750,CE,0,0,0,2051,1902.35,0,0,0,0,17-JAN-2024,
OPTIDX,NIFTY,08-Feb-2024,19800,CE,0,0,0,2002.15,1852.65,0,0,0,0,17-JAN-2024,
OPTIDX,NIFTY,08-Feb-2024,19850,CE,0,0,0,1953.45,1802.9,0,0,0,0,17-JAN-2024,
OPTIDX,NIFTY,08-Feb-2024,19900,CE,0,0,0,1904.85,1753.25,0,0,0,0,17-JAN-2024,
OPTIDX,NIFTY,08-Feb-2024,19950,CE,0,0,0,1856.4,1703.6,0,0,0,0,17-JAN-2024,
OPTIDX,NIFTY,08-Feb-2024,20000,CE,0,0,0,1808.15,1654,0,0,0,0,17-JAN-2024,
OPTIDX,NIFTY,08-Feb-2024,20050,CE,0,0,0,1760.1,1604.5,0,0,0,0,17-JAN-2024,
OPTIDX,NIFTY,08-Feb-2024,20100,CE,0,0,0,1712.2,1555,0,0,0,0,17-JAN-2024,
OPTIDX,NIFTY,08-Feb-2024,20150,CE,0,0,0,1664.55,1505.6,0,0,0,0,17-JAN-2024,
OPTIDX,NIFTY,08-Feb-2024,20200,CE,0,0,0,1617.15,1456.35,0,0,0,0,17-JAN-2024,
OPTIDX,NIFTY,08-Feb-2024,20250,CE,0,0,0,1570.05,1407.15,0,0,0,0,17-JAN-2024,
OPTIDX,NIFTY,08-Feb-2024,20300,CE,0,0,0,1523.2,1358.15,0,0,0,0,17-JAN-2024,
OPTIDX,NIFTY,08-Feb-2024,20350,CE,0,0,0,1476.65,1309.3,0,0,0,0,17-JAN-2024,
OPTIDX,NIFTY,08-Feb-2024,20400,CE,0,0,0,1792.5,1260.65,0,0,50,0,17-JAN-2024,
OPTIDX,NIFTY,08-Feb-2024,20450,CE,0,0,0,1384.7,1212.25,0,0,0,0,17-JAN-2024,
OPTIDX,NIFTY,08-Feb-2024,20500,CE,0,0,0,1339.3,1164.1,0,0,0,0,17-JAN-2024,
OPTIDX,NIFTY,08-Feb-2024,20550,CE,0,0,0,1294.35,1116.3,0,0,0,0,17-JAN-2024,
OPTIDX,NIFTY,08-Feb-2024,20600,CE,0,0,0,1249.85,1068.85,0,0,0,0,17-JAN-2024,
OPTIDX,NIFTY,08-Feb-2024,20650,CE,0,0,0,1205.85,1021.8,0,0,0,0,17-JAN-2024,
OPTIDX,NIFTY,08-Feb-2024,20700,CE,0,0,0,1162.35,975.25,0,0,0,0,17-JAN-2024,
OPTIDX,NIFTY,08-Feb-2024,20750,CE,0,0,0,1119.45,929.25,0,0,0,0,17-JAN-2024,
OPTIDX,NIFTY,08-Feb-2024,20800,CE,0,0,0,1077.1,883.8,0,0,0,0,17-JAN-2024,
OPTIDX,NIFTY,08-Feb-2024,20850,CE,0,0,0,1035.35,839.05,0,0,0,0,17-JAN-2024,
OPTIDX,NIFTY,08-Feb-2024,20900,CE,0,0,0,994.3,795,0,0,0,0,17-JAN-2024,
OPTIDX,NIFTY,08-Feb-2024,20950,CE,0,0,0,953.9,751.75,0,0,0,0,17-JAN-2024,
OPTIDX,NIFTY,08-Feb-2024,21000,CE,1009.35,1009.35,790.2,790.2,790.2,19,207.36,850,850,17-JAN-2024,
OPTIDX,NIFTY,08-Feb-2024,21050,CE,0,0,0,875.35,667.95,0,0,0,0,17-JAN-2024,
OPTIDX,NIFTY,08-Feb-2024,21100,CE,870,870,731.95,732,627.5,9,98.42,400,400,17-JAN-2024,
OPTIDX,NIFTY,08-Feb-2024,21150,CE,0,0,0,800.65,588.2,0,0,0,0,17-JAN-2024,
OPTIDX,NIFTY,08-Feb-2024,21200,CE,0,0,0,763.15,550,0,0,0,0,17-JAN-2024,
OPTIDX,NIFTY,08-Feb-2024,21250,CE,0,0,0,727.5,513,0,0,0,0,17-JAN-2024,
OPTIDX,NIFTY,08-Feb-2024,21300,CE,0,0,0,510,477.3,0,0,50,0,17-JAN-2024,
OPTIDX,NIFTY,08-Feb-2024,21350,CE,0,0,0,658.9,442.95,0,0,0,0,17-JAN-2024,
OPTIDX,NIFTY,08-Feb-2024,21400,CE,649.7,649.7,501,501,501,13,142.63,700,450,17-JAN-2024,
OPTIDX,NIFTY,08-Feb-2024,21450,CE,0,0,0,746.2,378.35,0,0,50,0,17-JAN-2024,
OPTIDX,NIFTY,08-Feb-2024,21500,CE,528,571.85,425.55,434.85,434.85,274,3010.15,9950,6150,17-JAN-2024,
OPTIDX,NIFTY,08-Feb-2024,21550,CE,0,0,0,557.35,319.55,0,0,450,0,17-JAN-2024,
OPTIDX,NIFTY,08-Feb-2024,21600,CE,500,588.55,372.05,382.5,382.5,481,5295.65,12400,11200,17-JAN-2024,
OPTIDX,NIFTY,08-Feb-2024,21650,CE,406.8,413.1,339.4,353.05,353.05,94,1035.79,4700,2450,17-JAN-2024,
OPTIDX,NIFTY,08-Feb-2024,21700,CE,417.05,436,321.7,331.8,331.8,708,7811.36,19050,15500,17-JAN-2024,
OPTIDX,NIFTY,08-Feb-2024,21750,CE,384.05,384.05,301,303.6,303.6,151,1667.41,6300,3150,17-JAN-2024,
OPTIDX,NIFTY,08-Feb-2024,21800,CE,374.6,380.2,275.05,280.95,280.95,1262,13958.3,25750,12750,17-JAN-2024,
OPTIDX,NIFTY,08-Feb-2024,21850,CE,297,363.2,252.4,256.6,256.6,111,1229.71,4800,3050,17-JAN-2024,
OPTIDX,NIFTY,08-Feb-2024,21900,CE,310.6,318.05,232.7,239.3,239.3,466,5166.76,15850,10700,17-JAN-2024,
OPTIDX,NIFTY,08-Feb-2024,21950,CE,264.2,294.8,216.8,218.3,218.3,76,843.66,4250,2700,17-JAN-2024,
OPTIDX,NIFTY,08-Feb-2024,22000,CE,220,277.75,194.5,201.2,201.2,2211,24575.46,71850,13650,17-JAN-2024,
OPTIDX,NIFTY,08-Feb-2024,22050,CE,225.05,245.35,176.15,185,185,64,712.16,6400,500,17-JAN-2024,
OPTIDX,NIFTY,08-Feb-2024,22100,CE,186.2,240.45,163.55,168.1,168.1,591,6584.5,28700,7850,17-JAN-2024,
OPTIDX,NIFTY,08-Feb-2024,22150,CE,180,189.75,151.4,157.45,157.45,57,636.05,5950,600,17-JAN-2024,
OPTIDX,NIFTY,08-Feb-2024,22200,CE,163.35,185.95,135.1,139.6,139.6,994,11110.81,34900,19050,17-JAN-2024,
OPTIDX,NIFTY,08-Feb-2024,22250,CE,163,171.2,122.5,126.65,126.65,178,1992.67,6000,-1550,17-JAN-2024,
OPTIDX,NIFTY,08-Feb-2024,22300,CE,131.45,152.95,109.85,114.15,114.15,393,4408.63,10300,550,17-JAN-2024,
OPTIDX,NIFTY,08-Feb-2024,22350,CE,0,0,0,200,52.4,0,0,1850,0,17-JAN-2024,
OPTIDX,NIFTY,08-Feb-2024,22400,CE,100,122.9,90,94.05,94.05,223,2509.05,8750,1800,17-JAN-2024,
OPTIDX,NIFTY,08-Feb-2024,22450,CE,0,0,0,161.3,39.25,0,0,4000,0,17-JAN-2024,
OPTIDX,NIFTY,08-Feb-2024,22500,CE,50,118.45,50,76.9,76.9,1629,18396.82,51600,22000,17-JAN-2024,
OPTIDX,NIFTY,08-Feb-2024,22550,CE,0,0,0,127.8,29,0,0,1750,0,17-JAN-2024,
OPTIDX,NIFTY,08-Feb-2024,22600,CE,81.45,86.5,62.9,64.5,64.5,231,2618.26,10950,2450,17-JAN-2024,
OPTIDX,NIFTY,08-Feb-2024,22650,CE,0,0,0,105.5,21.1,0,0,4050,0,17-JAN-2024,
OPTIDX,NIFTY,08-Feb-2024,22700,CE,54.5,64.55,50.25,53.35,53.35,294,3345.15,11200,250,17-JAN-2024,
OPTIDX,NIFTY,08-Feb-2024,22750,CE,0,0,0,90.25,15.15,0,0,100,0,17-JAN-2024,
OPTIDX,NIFTY,08-Feb-2024,22800,CE,45.8,52.9,42,43.6,43.6,816,9321.55,24700,5150,17-JAN-2024,
OPTIDX,NIFTY,08-Feb-2024,22850,CE,40.15,45,38.7,43.05,43.05,51,583.72,2400,1950,17-JAN-2024,
OPTIDX,NIFTY,08-Feb-2024,22900,CE,38.3,43.25,34.8,36.05,36.05,102,1169.84,6350,2600,17-JAN-2024,
OPTIDX,NIFTY,08-Feb-2024,22950,CE,33,35.1,32.05,33.75,33.75,66,758.45,3100,2950,17-JAN-2024,
OPTIDX,NIFTY,08-Feb-2024,23000,CE,28,45.55,28,32.35,32.35,1847,21271.31,46600,10250,17-JAN-2024,
OPTIDX,NIFTY,08-Feb-2024,23050,CE,26.1,30.15,26.1,29.2,29.2,12,138.47,600,450,17-JAN-2024,
OPTIDX,NIFTY,08-Feb-2024,23100,CE,25,29.5,23.6,27.05,27.05,53,612.84,3750,1500,17-JAN-2024,
OPTIDX,NIFTY,08-Feb-2024,23150,CE,21.2,21.5,21.2,21.5,3.45,2,23.17,1100,-50,17-JAN-2024,
OPTIDX,NIFTY,08-Feb-2024,23200,CE,25,25,24.3,24.65,24.65,3,34.83,2300,150,17-JAN-2024,
OPTIDX,NIFTY,08-Feb-2024,23250,CE,0,0,0,17.75,2.3,0,0,1300,0,17-JAN-2024,
OPTIDX,NIFTY,08-Feb-2024,23300,CE,24.55,24.55,17.55,17.55,1.85,29,338.14,3300,850,17-JAN-2024,
OPTIDX,NIFTY,08-Feb-2024,23350,CE,9.85,20,9.85,19.4,1.5,14,163.56,1700,350,17-JAN-2024,
OPTIDX,NIFTY,08-Feb-2024,23400,CE,10.65,18.2,10.65,18.2,18.2,10,117.08,1850,150,17-JAN-2024,
OPTIDX,NIFTY,08-Feb-2024,23450,CE,9.65,19,9.65,15.2,0.95,58,680.48,7100,700,17-JAN-2024,
OPTIDX,NIFTY,08-Feb-2024,23500,CE,17.8,19.25,8.1,16.8,16.8,189,2222.14,9600,2500,17-JAN-2024,
OPTIDX,NIFTY,08-Feb-2024,23550,CE,17.15,18.8,11.95,14.5,14.5,24,282.78,2200,150,17-JAN-2024,
OPTIDX,NIFTY,08-Feb-2024,23600,CE,15.7,15.75,13.9,15.7,15.7,50,590.36,3900,2100,17-JAN-2024,
OPTIDX,NIFTY,08-Feb-2024,23650,CE,7.2,16.95,7.2,13.5,13.5,225,2662.08,8500,5800,17-JAN-2024,
OPTIDX,NIFTY,08-Feb-2024,23700,CE,14,15.8,8.8,15.8,0.3,27,320.11,2700,650,17-JAN-2024,
OPTIDX,NIFTY,08-Feb-2024,23750,CE,12,13.15,11.4,13,13,27,320.78,3800,1200,17-JAN-2024,
OPTIDX,NIFTY,08-Feb-2024,23800,CE,13.75,14.75,7.8,12.95,12.95,150,1785.83,6650,4800,17-JAN-2024,
OPTIDX,NIFTY,08-Feb-2024,23850,CE,9.85,12.3,8.05,11.9,11.9,123,1467.42,7150,4900,17-JAN-2024,
OPTIDX,NIFTY,08-Feb-2024,19750,PE,0,0,0,4.8,0.2,0,0,0,0,17-JAN-2024,
OPTIDX,NIFTY,08-Feb-2024,19800,PE,0,0,0,5.6,0.3,0,0,0,0,17-JAN-2024,
OPTIDX,NIFTY,08-Feb-2024,19850,PE,0,0,0,6.55,0.4,0,0,0,0,17-JAN-2024,
OPTIDX,NIFTY,08-Feb-2024,19900,PE,4.1,4.1,4.1,4.1,0.5,36,358.27,1800,1800,17-JAN-2024,
OPTIDX,NIFTY,08-Feb-2024,19950,PE,0,0,0,8.85,0.65,0,0,0,0,17-JAN-2024,
OPTIDX,NIFTY,08-Feb-2024,20000,PE,11.15,12.6,10,12.6,0.85,21,210.12,3500,800,17-JAN-2024,
OPTIDX,NIFTY,08-Feb-2024,20050,PE,0,0,0,11.8,1.1,0,0,0,0,17-JAN-2024,
OPTIDX,NIFTY,08-Feb-2024,20100,PE,0,0,0,15.95,1.45,0,0,250,0,17-JAN-2024,
OPTIDX,NIFTY,08-Feb-2024,20150,PE,0,0,0,15.6,1.85,0,0,0,0,17-JAN-2024,
OPTIDX,NIFTY,08-Feb-2024,20200,PE,0,0,0,17.85,2.35,0,0,0,0,17-JAN-2024,
OPTIDX,NIFTY,08-Feb-2024,20250,PE,0,0,0,20.35,3,0,0,0,0,17-JAN-2024,
OPTIDX,NIFTY,08-Feb-2024,20300,PE,0,0,0,23.2,3.75,0,0,0,0,17-JAN-2024,
OPTIDX,NIFTY,08-Feb-2024,20350,PE,0,0,0,26.3,4.7,0,0,0,0,17-JAN-2024,
OPTIDX,NIFTY,08-Feb-2024,20400,PE,17,41.75,17,39.55,39.55,270,2758.36,10950,10200,17-JAN-2024,
OPTIDX,NIFTY,08-Feb-2024,20450,PE,0,0,0,33.65,7.25,0,0,0,0,17-JAN-2024,
OPTIDX,NIFTY,08-Feb-2024,20500,PE,23.8,49.95,22.6,47.8,47.8,892,9160.63,15900,-2350,17-JAN-2024,
OPTIDX,NIFTY,08-Feb-2024,20550,PE,27.55,28.5,27.35,28,10.9,70,720.21,3500,3500,17-JAN-2024,
OPTIDX,NIFTY,08-Feb-2024,20600,PE,29.8,58.75,27.3,55,55,151,1558.25,4650,4650,17-JAN-2024,
OPTIDX,NIFTY,08-Feb-2024,20650,PE,0,0,0,53.4,16,0,0,0,0,17-JAN-2024,
OPTIDX,NIFTY,08-Feb-2024,20700,PE,35,71,31.85,67.3,67.3,442,4585.15,10400,-1950,17-JAN-2024,
OPTIDX,NIFTY,08-Feb-2024,20750,PE,0,0,0,62.65,23.05,0,0,0,0,17-JAN-2024,
OPTIDX,NIFTY,08-Feb-2024,20800,PE,0,0,0,73.6,27.4,0,0,0,0,17-JAN-2024,
OPTIDX,NIFTY,08-Feb-2024,20850,PE,0,0,0,81.55,32.4,0,0,0,0,17-JAN-2024,
OPTIDX,NIFTY,08-Feb-2024,20900,PE,47.95,100,45.4,97.8,97.8,391,4101.75,9150,2700,17-JAN-2024,
OPTIDX,NIFTY,08-Feb-2024,20950,PE,0,0,0,99.4,44.75,0,0,0,0,17-JAN-2024,
OPTIDX,NIFTY,08-Feb-2024,21000,PE,64.95,120.6,47.55,112.8,112.8,2435,25665.97,33050,-12550,17-JAN-2024,
OPTIDX,NIFTY,08-Feb-2024,21050,PE,0,0,0,92.5,60.5,0,0,1000,0,17-JAN-2024,
OPTIDX,NIFTY,08-Feb-2024,21100,PE,70,143.15,69,135.6,135.6,179,1898.48,2550,-1400,17-JAN-2024,
OPTIDX,NIFTY,08-Feb-2024,21150,PE,0,0,0,144.75,80.35,0,0,0,0,17-JAN-2024,
OPTIDX,NIFTY,08-Feb-2024,21200,PE,84.4,169.45,72.05,159.95,159.95,486,5179.87,6000,-2550,17-JAN-2024,
OPTIDX,NIFTY,08-Feb-2024,21250,PE,0,0,0,170.9,104.8,0,0,0,0,17-JAN-2024,
OPTIDX,NIFTY,08-Feb-2024,21300,PE,100,197.75,100,188.35,188.35,584,6264.31,7750,2150,17-JAN-2024,
OPTIDX,NIFTY,08-Feb-2024,21350,PE,0,0,0,201.55,134.3,0,0,0,0,17-JAN-2024,
OPTIDX,NIFTY,08-Feb-2024,21400,PE,115,228.4,103.5,222.4,222.4,279,3012,5850,-1000,17-JAN-2024,
OPTIDX,NIFTY,08-Feb-2024,21450,PE,142,241.2,118.9,241.2,241.2,34,367.65,650,-50,17-JAN-2024,
OPTIDX,NIFTY,08-Feb-2024,21500,PE,160,270.1,132.8,260.3,260.3,2235,24248.35,24700,-7350,17-JAN-2024,
OPTIDX,NIFTY,08-Feb-2024,21550,PE,235,297.35,235,283.7,283.7,36,392.98,1150,1150,17-JAN-2024,
OPTIDX,NIFTY,08-Feb-2024,21600,PE,168.95,316,168.95,304.75,304.75,487,5318.39,14750,-1150,17-JAN-2024,
OPTIDX,NIFTY,08-Feb-2024,21650,PE,203,333.45,203,317.2,317.2,52,570.39,1550,350,17-JAN-2024,
OPTIDX,NIFTY,08-Feb-2024,21700,PE,205,360,185,348.8,348.8,652,7163.44,13100,1000,17-JAN-2024,
OPTIDX,NIFTY,08-Feb-2024,21750,PE,240,385.9,230,381.5,381.5,147,1618.76,1100,-2700,17-JAN-2024,
OPTIDX,NIFTY,08-Feb-2024,21800,PE,241.35,408.65,201.25,402.2,402.2,766,8468.38,19400,6550,17-JAN-2024,
OPTIDX,NIFTY,08-Feb-2024,21850,PE,268,437.5,267.2,430.7,430.7,58,644.25,2350,-750,17-JAN-2024,
OPTIDX,NIFTY,08-Feb-2024,21900,PE,266.3,463.85,266.3,457.6,457.6,589,6555.69,10850,5750,17-JAN-2024,
OPTIDX,NIFTY,08-Feb-2024,21950,PE,305,500.8,305,500.8,500.8,112,1250.91,3000,600,17-JAN-2024,
OPTIDX,NIFTY,08-Feb-2024,22000,PE,361,535.2,250,518.35,518.35,1381,15468.25,59500,-13900,17-JAN-2024,
OPTIDX,NIFTY,08-Feb-2024,22050,PE,350,573.5,350,571.45,571.45,87,977.12,2900,-1700,17-JAN-2024,
OPTIDX,NIFTY,08-Feb-2024,22100,PE,400,605.75,387,605.75,605.75,196,2210.22,10550,-2250,17-JAN-2024,
OPTIDX,NIFTY,08-Feb-2024,22150,PE,337.95,600,337.95,600,577.4,84,950.72,3500,-1200,17-JAN-2024,
OPTIDX,NIFTY,08-Feb-2024,22200,PE,448.3,674.05,448.3,628.8,628.8,89,1011.2,9750,-1150,17-JAN-2024,
OPTIDX,NIFTY,08-Feb-2024,22250,PE,0,0,0,383.75,656.6,0,0,3000,0,17-JAN-2024,
OPTIDX,NIFTY,08-Feb-2024,22300,PE,543.35,717.8,503.95,717.8,717.8,7,80.36,800,-100,17-JAN-2024,
OPTIDX,NIFTY,08-Feb-2024,22350,PE,0,0,0,721.05,739.7,0,0,0,0,17-JAN-2024,
OPTIDX,NIFTY,08-Feb-2024,22400,PE,0,0,0,501.5,782.55,0,0,50,0,17-JAN-2024,
OPTIDX,NIFTY,08-Feb-2024,22450,PE,0,0,0,793.45,826.15,0,0,0,0,17-JAN-2024,
OPTIDX,NIFTY,08-Feb-2024,22500,PE,649.95,727.55,649.95,725,870.5,71,823.2,3200,-1650,17-JAN-2024,
OPTIDX,NIFTY,08-Feb-2024,22550,PE,0,0,0,869.15,915.5,0,0,0,0,17-JAN-2024,
OPTIDX,NIFTY,08-Feb-2024,22600,PE,0,0,0,569,961.1,0,0,100,0,17-JAN-2024,
OPTIDX,NIFTY,08-Feb-2024,22650,PE,0,0,0,947.6,1007.2,0,0,0,0,17-JAN-2024,
OPTIDX,NIFTY,08-Feb-2024,22700,PE,0,0,0,987.85,1053.8,0,0,0,0,17-JAN-2024,
OPTIDX,NIFTY,08-Feb-2024,22750,PE,0,0,0,1028.7,1100.8,0,0,0,0,17-JAN-2024,
OPTIDX,NIFTY,08-Feb-2024,22800,PE,0,0,0,1070.2,1148.25,0,0,0,0,17-JAN-2024,
OPTIDX,NIFTY,08-Feb-2024,22850,PE,0,0,0,1112.25,1195.95,0,0,0,0,17-JAN-2024,
OPTIDX,NIFTY,08-Feb-2024,22900,PE,0,0,0,1154.85,1244,0,0,0,0,17-JAN-2024,
OPTIDX,NIFTY,08-Feb-2024,22950,PE,0,0,0,1198,1292.3,0,0,0,0,17-JAN-2024,
OPTIDX,NIFTY,08-Feb-2024,23000,PE,0,0,0,1241.6,1340.85,0,0,0,0,17-JAN-2024,
OPTIDX,NIFTY,08-Feb-2024,23050,PE,0,0,0,1285.7,1389.55,0,0,0,0,17-JAN-2024,
OPTIDX,NIFTY,08-Feb-2024,23100,PE,0,0,0,1330.2,1438.45,0,0,0,0,17-JAN-2024,
OPTIDX,NIFTY,08-Feb-2024,23150,PE,0,0,0,1375.15,1487.5,0,0,0,0,17-JAN-2024,
OPTIDX,NIFTY,08-Feb-2024,23200,PE,0,0,0,1420.5,1536.65,0,0,0,0,17-JAN-2024,
OPTIDX,NIFTY,08-Feb-2024,23250,PE,0,0,0,1466.15,1585.95,0,0,0,0,17-JAN-2024,
OPTIDX,NIFTY,08-Feb-2024,23300,PE,0,0,0,1512.2,1635.3,0,0,0,0,17-JAN-2024,
OPTIDX,NIFTY,08-Feb-2024,23350,PE,0,0,0,1558.5,1684.75,0,0,0,0,17-JAN-2024,
OPTIDX,NIFTY,08-Feb-2024,23400,PE,0,0,0,1605.15,1734.25,0,0,0,0,17-JAN-2024,
OPTIDX,NIFTY,08-Feb-2024,23450,PE,0,0,0,1652.05,1783.8,0,0,0,0,17-JAN-2024,
OPTIDX,NIFTY,08-Feb-2024,23500,PE,0,0,0,1699.2,1833.4,0,0,0,0,17-JAN-2024,
OPTIDX,NIFTY,08-Feb-2024,23550,PE,0,0,0,1746.55,1883.05,0,0,0,0,17-JAN-2024,
OPTIDX,NIFTY,08-Feb-2024,23600,PE,0,0,0,1794.15,1932.7,0,0,0,0,17-JAN-2024,
OPTIDX,NIFTY,08-Feb-2024,23650,PE,0,0,0,1442.45,1982.4,0,0,250,0,17-JAN-2024,
OPTIDX,NIFTY,08-Feb-2024,23700,PE,0,0,0,1889.95,2032.15,0,0,0,0,17-JAN-2024,
OPTIDX,NIFTY,08-Feb-2024,23750,PE,0,0,0,1938.05,2081.85,0,0,0,0,17-JAN-2024,
OPTIDX,NIFTY,08-Feb-2024,23800,PE,0,0,0,1986.35,2131.6,0,0,0,0,17-JAN-2024,
OPTIDX,NIFTY,08-Feb-2024,23850,PE,0,0,0,2034.8,2181.35,0,0,0,0,17-JAN-2024,
OPTIDX,NIFTY,15-Feb-2024,19900,CE,0,0,0,1893.55,1780,0,0,0,0,17-JAN-2024,
OPTIDX,NIFTY,15-Feb-2024,19950,CE,0,0,0,1845.15,1730.7,0,0,0,0,17-JAN-2024,
OPTIDX,NIFTY,15-Feb-2024,20000,CE,0,0,0,1796.85,1681.45,0,0,0,0,17-JAN-2024,
OPTIDX,NIFTY,15-Feb-2024,20050,CE,0,0,0,1748.8,1632.3,0,0,0,0,17-JAN-2024,
OPTIDX,NIFTY,15-Feb-2024,20100,CE,0,0,0,1700.9,1583.25,0,0,0,0,17-JAN-2024,
OPTIDX,NIFTY,15-Feb-2024,20150,CE,0,0,0,1653.3,1534.35,0,0,0,0,17-JAN-2024,
OPTIDX,NIFTY,15-Feb-2024,20200,CE,0,0,0,1605.9,1485.6,0,0,0,0,17-JAN-2024,
OPTIDX,NIFTY,15-Feb-2024,20250,CE,0,0,0,1558.75,1437.05,0,0,0,0,17-JAN-2024,
OPTIDX,NIFTY,15-Feb-2024,20300,CE,0,0,0,1511.9,1388.75,0,0,0,0,17-JAN-2024,
OPTIDX,NIFTY,15-Feb-2024,20350,CE,0,0,0,1465.4,1340.65,0,0,0,0,17-JAN-2024,
OPTIDX,NIFTY,15-Feb-2024,20400,CE,0,0,0,1419.25,1292.8,0,0,0,0,17-JAN-2024,
OPTIDX,NIFTY,15-Feb-2024,20450,CE,0,0,0,1373.5,1245.3,0,0,0,0,17-JAN-2024,
OPTIDX,NIFTY,15-Feb-2024,20500,CE,0,0,0,1328.1,1198.15,0,0,0,0,17-JAN-2024,
OPTIDX,NIFTY,15-Feb-2024,20550,CE,0,0,0,1283.15,1151.35,0,0,0,0,17-JAN-2024,
OPTIDX,NIFTY,15-Feb-2024,20600,CE,0,0,0,1238.7,1105,0,0,0,0,17-JAN-2024,
OPTIDX,NIFTY,15-Feb-2024,20650,CE,0,0,0,1194.75,1059.15,0,0,0,0,17-JAN-2024,
OPTIDX,NIFTY,15-Feb-2024,20700,CE,0,0,0,1151.3,1013.8,0,0,0,0,17-JAN-2024,
OPTIDX,NIFTY,15-Feb-2024,20750,CE,0,0,0,1108.4,969.05,0,0,0,0,17-JAN-2024,
OPTIDX,NIFTY,15-Feb-2024,20800,CE,0,0,0,1066.1,924.9,0,0,0,0,17-JAN-2024,
OPTIDX,NIFTY,15-Feb-2024,20850,CE,0,0,0,1024.45,881.45,0,0,0,0,17-JAN-2024,
OPTIDX,NIFTY,15-Feb-2024,20900,CE,0,0,0,983.45,838.75,0,0,0,0,17-JAN-2024,
OPTIDX,NIFTY,15-Feb-2024,20950,CE,0,0,0,943.15,796.8,0,0,0,0,17-JAN-2024,
OPTIDX,NIFTY,15-Feb-2024,21000,CE,903.55,903.55,903.55,903.55,755.7,1,10.95,50,50,17-JAN-2024,
OPTIDX,NIFTY,15-Feb-2024,21050,CE,0,0,0,864.75,715.5,0,0,0,0,17-JAN-2024,
OPTIDX,NIFTY,15-Feb-2024,21100,CE,0,0,0,826.7,676.3,0,0,0,0,17-JAN-2024,
OPTIDX,NIFTY,15-Feb-2024,21150,CE,0,0,0,790.25,638.05,0,0,0,0,17-JAN-2024,
OPTIDX,NIFTY,15-Feb-2024,21200,CE,0,0,0,752.9,600.85,0,0,0,0,17-JAN-2024,
OPTIDX,NIFTY,15-Feb-2024,21250,CE,0,0,0,717.4,564.75,0,0,0,0,17-JAN-2024,
OPTIDX,NIFTY,15-Feb-2024,21300,CE,0,0,0,682.75,529.8,0,0,0,0,17-JAN-2024,
OPTIDX,NIFTY,15-Feb-2024,21350,CE,0,0,0,649.05,496.05,0,0,0,0,17-JAN-2024,
OPTIDX,NIFTY,15-Feb-2024,21400,CE,0,0,0,616.25,463.45,0,0,0,0,17-JAN-2024,
OPTIDX,NIFTY,15-Feb-2024,21450,CE,0,0,0,584.45,432.15,0,0,0,0,17-JAN-2024,
OPTIDX,NIFTY,15-Feb-2024,21500,CE,557.5,557.5,467.05,475.2,475.2,57,626.65,2600,2500,17-JAN-2024,
OPTIDX,NIFTY,15-Feb-2024,21550,CE,0,0,0,523.7,373.3,0,0,0,0,17-JAN-2024,
OPTIDX,NIFTY,15-Feb-2024,21600,CE,504,504,415.15,421.35,421.35,149,1642.52,6200,6200,17-JAN-2024,
OPTIDX,NIFTY,15-Feb-2024,21650,CE,405.55,405.55,405.55,405.55,405.55,3,33.08,150,150,17-JAN-2024,
OPTIDX,NIFTY,15-Feb-2024,21700,CE,447.25,459.8,357.2,367.35,367.35,139,1536.21,4200,3850,17-JAN-2024,
OPTIDX,NIFTY,15-Feb-2024,21750,CE,402,406,354,354,354,11,121.68,500,500,17-JAN-2024,
OPTIDX,NIFTY,15-Feb-2024,21800,CE,428.4,428.4,313.65,322.3,322.3,188,2081.98,6300,5750,17-JAN-2024,
OPTIDX,NIFTY,15-Feb-2024,21850,CE,0,0,0,507.75,228,0,0,50,0,17-JAN-2024,
OPTIDX,NIFTY,15-Feb-2024,21900,CE,350,352.6,272.7,278.8,278.8,41,455.55,3100,1550,17-JAN-2024,
OPTIDX,NIFTY,15-Feb-2024,21950,CE,0,0,0,446.65,189.85,0,0,100,0,17-JAN-2024,
OPTIDX,NIFTY,15-Feb-2024,22000,CE,300,310.95,235,242.7,242.7,359,3998.78,15800,7950,17-JAN-2024,
OPTIDX,NIFTY,15-Feb-2024,22050,CE,285,285,220,220,156.55,20,222.76,650,-400,17-JAN-2024,
OPTIDX,NIFTY,15-Feb-2024,22100,CE,258,258,200,210.05,210.05,78,870.69,8000,1600,17-JAN-2024,
OPTIDX,NIFTY,15-Feb-2024,22150,CE,246.1,246.1,192.5,192.5,127.75,17,190.04,900,700,17-JAN-2024,
OPTIDX,NIFTY,15-Feb-2024,22200,CE,219.6,219.6,158.45,172.5,172.5,59,660.41,1800,1300,17-JAN-2024,
OPTIDX,NIFTY,15-Feb-2024,22250,CE,0,0,0,303.8,103.2,0,0,1350,0,17-JAN-2024,
OPTIDX,NIFTY,15-Feb-2024,22300,CE,180,180,147.15,150,150,176,1976.5,7450,4950,17-JAN-2024,
OPTIDX,NIFTY,15-Feb-2024,22350,CE,0,0,0,274.6,82.55,0,0,850,0,17-JAN-2024,
OPTIDX,NIFTY,15-Feb-2024,22400,CE,0,0,0,218.7,73.5,0,0,300,0,17-JAN-2024,
OPTIDX,NIFTY,15-Feb-2024,22450,CE,0,0,0,186.4,65.3,0,0,1850,0,17-JAN-2024,
OPTIDX,NIFTY,15-Feb-2024,22500,CE,117,137.2,95.5,101.85,101.85,126,1424.58,7400,3400,17-JAN-2024,
OPTIDX,NIFTY,15-Feb-2024,22550,CE,0,0,0,130.35,51.1,0,0,0,0,17-JAN-2024,
OPTIDX,NIFTY,15-Feb-2024,22600,CE,98,100.15,76.55,81.75,81.75,56,635.35,2750,1450,17-JAN-2024,
OPTIDX,NIFTY,15-Feb-2024,22650,CE,0,0,0,109.95,39.6,0,0,0,0,17-JAN-2024,
OPTIDX,NIFTY,15-Feb-2024,22700,CE,0,0,0,122.05,34.7,0,0,2150,0,17-JAN-2024,
OPTIDX,NIFTY,15-Feb-2024,22750,CE,0,0,0,92.2,30.35,0,0,0,0,17-JAN-2024,
OPTIDX,NIFTY,15-Feb-2024,22800,CE,69,71.1,55.1,58.75,58.75,40,457.24,1950,500,17-JAN-2024,
OPTIDX,NIFTY,15-Feb-2024,22850,CE,0,0,0,76.85,23,0,0,0,0,17-JAN-2024,
OPTIDX,NIFTY,15-Feb-2024,22900,CE,0,0,0,89.8,19.95,0,0,250,0,17-JAN-2024,
OPTIDX,NIFTY,15-Feb-2024,22950,CE,0,0,0,63.65,17.25,0,0,0,0,17-JAN-2024,
OPTIDX,NIFTY,15-Feb-2024,23000,CE,34,57.45,27,41.65,41.65,184,2120.18,11050,4200,17-JAN-2024,
OPTIDX,NIFTY,15-Feb-2024,23050,CE,0,0,0,52.4,12.8,0,0,0,0,17-JAN-2024,
OPTIDX,NIFTY,15-Feb-2024,23100,CE,0,0,0,47.45,10.95,0,0,0,0,17-JAN-2024,
OPTIDX,NIFTY,15-Feb-2024,23150,CE,0,0,0,49.9,9.35,0,0,100,0,17-JAN-2024,
OPTIDX,NIFTY,15-Feb-2024,23200,CE,0,0,0,41,8,0,0,50,0,17-JAN-2024,
OPTIDX,NIFTY,15-Feb-2024,23250,CE,31.75,33.35,31.75,33.35,33.35,2,23.28,100,100,17-JAN-2024,
OPTIDX,NIFTY,15-Feb-2024,23300,CE,0,0,0,34.35,5.75,0,0,500,0,17-JAN-2024,
OPTIDX,NIFTY,15-Feb-2024,23350,CE,0,0,0,28.2,4.85,0,0,0,0,17-JAN-2024,
OPTIDX,NIFTY,15-Feb-2024,23400,CE,20,21.1,20,21.1,4.1,2,23.42,2150,-50,17-JAN-2024,
OPTIDX,NIFTY,15-Feb-2024,23450,CE,0,0,0,22.65,3.45,0,0,0,0,17-JAN-2024,
OPTIDX,NIFTY,15-Feb-2024,23500,CE,27.45,27.45,18,20.8,20.8,34,399.85,2150,1200,17-JAN-2024,
OPTIDX,NIFTY,15-Feb-2024,23550,CE,0,0,0,18.1,2.45,0,0,0,0,17-JAN-2024,
OPTIDX,NIFTY,15-Feb-2024,23600,CE,0,0,0,16.15,2,0,0,0,0,17-JAN-2024,
OPTIDX,NIFTY,15-Feb-2024,23650,CE,23.2,24.85,16.05,18.55,1.7,27,319.52,1600,1050,17-JAN-2024,
OPTIDX,NIFTY,15-Feb-2024,23700,CE,0,0,0,12.8,1.4,0,0,0,0,17-JAN-2024,
OPTIDX,NIFTY,15-Feb-2024,23750,CE,0,0,0,11.35,1.15,0,0,0,0,17-JAN-2024,
OPTIDX,NIFTY,15-Feb-2024,23800,CE,0,0,0,10.05,0.95,0,0,0,0,17-JAN-2024,
OPTIDX,NIFTY,15-Feb-2024,23850,CE,0,0,0,8.9,0.8,0,0,0,0,17-JAN-2024,
OPTIDX,NIFTY,15-Feb-2024,19900,PE,0,0,0,7.55,1.6,0,0,0,0,17-JAN-2024,
OPTIDX,NIFTY,15-Feb-2024,19950,PE,0,0,0,8.8,2,0,0,0,0,17-JAN-2024,
OPTIDX,NIFTY,15-Feb-2024,20000,PE,0,0,0,10.15,2.5,0,0,0,0,17-JAN-2024,
OPTIDX,NIFTY,15-Feb-2024,20050,PE,0,0,0,11.75,3.1,0,0,0,0,17-JAN-2024,
OPTIDX,NIFTY,15-Feb-2024,20100,PE,0,0,0,13.5,3.8,0,0,0,0,17-JAN-2024,
OPTIDX,NIFTY,15-Feb-2024,20150,PE,0,0,0,15.5,4.65,0,0,0,0,17-JAN-2024,
OPTIDX,NIFTY,15-Feb-2024,20200,PE,0,0,0,17.75,5.65,0,0,0,0,17-JAN-2024,
OPTIDX,NIFTY,15-Feb-2024,20250,PE,0,0,0,20.3,6.8,0,0,0,0,17-JAN-2024,
OPTIDX,NIFTY,15-Feb-2024,20300,PE,0,0,0,23.1,8.2,0,0,0,0,17-JAN-2024,
OPTIDX,NIFTY,15-Feb-2024,20350,PE,0,0,0,26.25,9.85,0,0,0,0,17-JAN-2024,
OPTIDX,NIFTY,15-Feb-2024,20400,PE,0,0,0,29.75,11.75,0,0,0,0,17-JAN-2024,
OPTIDX,NIFTY,15-Feb-2024,20450,PE,0,0,0,33.65,13.95,0,0,0,0,17-JAN-2024,
OPTIDX,NIFTY,15-Feb-2024,20500,PE,0,0,0,37.9,16.55,0,0,0,0,17-JAN-2024,
OPTIDX,NIFTY,15-Feb-2024,20550,PE,0,0,0,42.6,19.5,0,0,0,0,17-JAN-2024,
OPTIDX,NIFTY,15-Feb-2024,20600,PE,0,0,0,47.8,22.9,0,0,0,0,17-JAN-2024,
OPTIDX,NIFTY,15-Feb-2024,20650,PE,0,0,0,53.5,26.75,0,0,0,0,17-JAN-2024,
OPTIDX,NIFTY,15-Feb-2024,20700,PE,0,0,0,59.7,31.15,0,0,0,0,17-JAN-2024,
OPTIDX,NIFTY,15-Feb-2024,20750,PE,0,0,0,66.45,36.1,0,0,0,0,17-JAN-2024,
OPTIDX,NIFTY,15-Feb-2024,20800,PE,0,0,0,73.85,41.7,0,0,0,0,17-JAN-2024,
OPTIDX,NIFTY,15-Feb-2024,20850,PE,0,0,0,81.8,48,0,0,0,0,17-JAN-2024,
OPTIDX,NIFTY,15-Feb-2024,20900,PE,0,0,0,90.5,55,0,0,0,0,17-JAN-2024,
OPTIDX,NIFTY,15-Feb-2024,20950,PE,0,0,0,99.8,62.8,0,0,0,0,17-JAN-2024,
OPTIDX,NIFTY,15-Feb-2024,21000,PE,80,145.7,68.95,132.2,132.2,322,3399.09,5350,100,17-JAN-2024,
OPTIDX,NIFTY,15-Feb-2024,21050,PE,0,0,0,120.7,81,0,0,0,0,17-JAN-2024,
OPTIDX,NIFTY,15-Feb-2024,21100,PE,0,0,0,132.3,91.5,0,0,0,0,17-JAN-2024,
OPTIDX,NIFTY,15-Feb-2024,21150,PE,0,0,0,49.55,102.95,0,0,50,0,17-JAN-2024,
OPTIDX,NIFTY,15-Feb-2024,21200,PE,0,0,0,157.8,115.5,0,0,0,0,17-JAN-2024,
OPTIDX,NIFTY,15-Feb-2024,21250,PE,0,0,0,171.95,129.15,0,0,0,0,17-JAN-2024,
OPTIDX,NIFTY,15-Feb-2024,21300,PE,0,0,0,186.95,143.95,0,0,0,0,17-JAN-2024,
OPTIDX,NIFTY,15-Feb-2024,21350,PE,0,0,0,202.9,159.9,0,0,0,0,17-JAN-2024,
OPTIDX,NIFTY,15-Feb-2024,21400,PE,241.4,241.45,241.4,241.45,241.45,24,259.69,850,800,17-JAN-2024,
OPTIDX,NIFTY,15-Feb-2024,21450,PE,0,0,0,172.35,195.45,0,0,200,0,17-JAN-2024,
OPTIDX,NIFTY,15-Feb-2024,21500,PE,180.65,290.55,148,285.05,285.05,499,5420.96,15200,2850,17-JAN-2024,
OPTIDX,NIFTY,15-Feb-2024,21550,PE,0,0,0,276.15,236.1,0,0,0,0,17-JAN-2024,
OPTIDX,NIFTY,15-Feb-2024,21600,PE,199.95,337.2,198.5,325.85,325.85,155,1696.94,3850,2450,17-JAN-2024,
OPTIDX,NIFTY,15-Feb-2024,21650,PE,244.85,362.25,244.85,349.5,349.5,13,142.76,350,200,17-JAN-2024,
OPTIDX,NIFTY,15-Feb-2024,21700,PE,242.85,375.5,229.4,364.05,364.05,120,1320.18,2150,-200,17-JAN-2024,
OPTIDX,NIFTY,15-Feb-2024,21750,PE,0,0,0,365.25,332.95,0,0,0,0,17-JAN-2024,
OPTIDX,NIFTY,15-Feb-2024,21800,PE,270,425.3,243,421.7,421.7,217,2402.01,3700,700,17-JAN-2024,
OPTIDX,NIFTY,15-Feb-2024,21850,PE,0,0,0,415.7,389.2,0,0,0,0,17-JAN-2024,
OPTIDX,NIFTY,15-Feb-2024,21900,PE,320.2,479.85,320.2,479.85,419.25,49,545.76,1000,1000,17-JAN-2024,
OPTIDX,NIFTY,15-Feb-2024,21950,PE,0,0,0,470.3,450.5,0,0,0,0,17-JAN-2024,
OPTIDX,NIFTY,15-Feb-2024,22000,PE,358.65,548,354.55,523.4,523.4,329,3690.11,5500,-2300,17-JAN-2024,
OPTIDX,NIFTY,15-Feb-2024,22050,PE,372.95,560,372.95,560,516.65,23,259.6,1250,-950,17-JAN-2024,
OPTIDX,NIFTY,15-Feb-2024,22100,PE,421.05,446.5,421.05,446.5,551.45,3,33.79,1250,-50,17-JAN-2024,
OPTIDX,NIFTY,15-Feb-2024,22150,PE,0,0,0,343.55,587.35,0,0,50,0,17-JAN-2024,
OPTIDX,NIFTY,15-Feb-2024,22200,PE,473.9,487.55,473.9,487.35,624.3,5,56.7,1700,-250,17-JAN-2024,
OPTIDX,NIFTY,15-Feb-2024,22250,PE,0,0,0,657.2,662.25,0,0,0,0,17-JAN-2024,
OPTIDX,NIFTY,15-Feb-2024,22300,PE,0,0,0,410,701.2,0,0,2200,0,17-JAN-2024,
OPTIDX,NIFTY,15-Feb-2024,22350,PE,0,0,0,726.75,741.05,0,0,0,0,17-JAN-2024,
OPTIDX,NIFTY,15-Feb-2024,22400,PE,0,0,0,762.8,781.75,0,0,0,0,17-JAN-2024,
OPTIDX,NIFTY,15-Feb-2024,22450,PE,0,0,0,800.6,823.3,0,0,0,0,17-JAN-2024,
OPTIDX,NIFTY,15-Feb-2024,22500,PE,0,0,0,837.45,865.55,0,0,0,0,17-JAN-2024,
OPTIDX,NIFTY,15-Feb-2024,22550,PE,0,0,0,875.85,908.55,0,0,0,0,17-JAN-2024,
OPTIDX,NIFTY,15-Feb-2024,22600,PE,0,0,0,914.95,952.2,0,0,0,0,17-JAN-2024,
OPTIDX,NIFTY,15-Feb-2024,22650,PE,0,0,0,954.75,996.5,0,0,0,0,17-JAN-2024,
OPTIDX,NIFTY,15-Feb-2024,22700,PE,0,0,0,995.2,1041.35,0,0,0,0,17-JAN-2024,
OPTIDX,NIFTY,15-Feb-2024,22750,PE,0,0,0,1036.3,1086.7,0,0,0,0,17-JAN-2024,
OPTIDX,NIFTY,15-Feb-2024,22800,PE,0,0,0,1078,1132.55,0,0,0,0,17-JAN-2024,
OPTIDX,NIFTY,15-Feb-2024,22850,PE,0,0,0,1120.25,1178.8,0,0,0,0,17-JAN-2024,
OPTIDX,NIFTY,15-Feb-2024,22900,PE,0,0,0,1163.05,1225.5,0,0,0,0,17-JAN-2024,
OPTIDX,NIFTY,15-Feb-2024,22950,PE,0,0,0,1206.35,1272.55,0,0,0,0,17-JAN-2024,
OPTIDX,NIFTY,15-Feb-2024,23000,PE,0,0,0,910,1319.9,0,0,100,0,17-JAN-2024,
OPTIDX,NIFTY,15-Feb-2024,23050,PE,0,0,0,1294.4,1367.55,0,0,0,0,17-JAN-2024,
OPTIDX,NIFTY,15-Feb-2024,23100,PE,0,0,0,1339.1,1415.45,0,0,0,0,17-JAN-2024,
OPTIDX,NIFTY,15-Feb-2024,23150,PE,0,0,0,1384.2,1463.6,0,0,0,0,17-JAN-2024,
OPTIDX,NIFTY,15-Feb-2024,23200,PE,0,0,0,1429.7,1511.95,0,0,0,0,17-JAN-2024,
OPTIDX,NIFTY,15-Feb-2024,23250,PE,0,0,0,1475.5,1560.5,0,0,0,0,17-JAN-2024,
OPTIDX,NIFTY,15-Feb-2024,23300,PE,0,0,0,1521.65,1609.2,0,0,0,0,17-JAN-2024,
OPTIDX,NIFTY,15-Feb-2024,23350,PE,0,0,0,1568.15,1658.05,0,0,0,0,17-JAN-2024,
OPTIDX,NIFTY,15-Feb-2024,23400,PE,0,0,0,1614.9,1707,0,0,0,0,17-JAN-2024,
OPTIDX,NIFTY,15-Feb-2024,23450,PE,0,0,0,1661.9,1756.1,0,0,0,0,17-JAN-2024,
OPTIDX,NIFTY,15-Feb-2024,23500,PE,0,0,0,1709.15,1805.25,0,0,0,0,17-JAN-2024,
OPTIDX,NIFTY,15-Feb-2024,23550,PE,0,0,0,1756.65,1854.5,0,0,0,0,17-JAN-2024,
OPTIDX,NIFTY,15-Feb-2024,23600,PE,0,0,0,1804.3,1903.85,0,0,0,0,17-JAN-2024,
OPTIDX,NIFTY,15-Feb-2024,23650,PE,0,0,0,1852.2,1953.25,0,0,0,0,17-JAN-2024,
OPTIDX,NIFTY,15-Feb-2024,23700,PE,0,0,0,1900.25,2002.7,0,0,0,0,17-JAN-2024,
OPTIDX,NIFTY,15-Feb-2024,23750,PE,0,0,0,1948.45,2052.2,0,0,0,0,17-JAN-2024,
OPTIDX,NIFTY,15-Feb-2024,23800,PE,0,0,0,1996.85,2101.7,0,0,0,0,17-JAN-2024,
OPTIDX,NIFTY,15-Feb-2024,23850,PE,0,0,0,2045.35,2151.25,0,0,0,0,17-JAN-2024,
OPTIDX,NIFTY,29-Feb-2024,18650,CE,3019.6,3019.6,3019.6,3019.6,3019.6,1,10.83,50,50,17-JAN-2024,
OPTIDX,NIFTY,29-Feb-2024,18700,CE,3220,3245,3000,3050,3020.1,89,972.77,4350,4250,17-JAN-2024,
OPTIDX,NIFTY,29-Feb-2024,18750,CE,0,0,0,1796,2970.5,0,0,0,0,17-JAN-2024,
OPTIDX,NIFTY,29-Feb-2024,18800,CE,2900,2900,2900,2900,2900,1,10.85,100,50,17-JAN-2024,
OPTIDX,NIFTY,29-Feb-2024,18850,CE,0,0,0,1710.25,2871.35,0,0,0,0,17-JAN-2024,
OPTIDX,NIFTY,29-Feb-2024,18900,CE,0,0,0,1667.9,2821.75,0,0,0,0,17-JAN-2024,
OPTIDX,NIFTY,29-Feb-2024,18950,CE,0,0,0,1626,2772.2,0,0,0,0,17-JAN-2024,
OPTIDX,NIFTY,29-Feb-2024,19000,CE,2925.1,2988.9,2629.85,2720.6,2720.6,1175,12802.19,110300,13450,17-JAN-2024,
OPTIDX,NIFTY,29-Feb-2024,19050,CE,0,0,0,1543.4,2673.05,0,0,0,0,17-JAN-2024,
OPTIDX,NIFTY,29-Feb-2024,19100,CE,0,0,0,2190.55,2623.5,0,0,50,0,17-JAN-2024,
OPTIDX,NIFTY,29-Feb-2024,19150,CE,0,0,0,1462.6,2573.95,0,0,0,0,17-JAN-2024,
OPTIDX,NIFTY,29-Feb-2024,19200,CE,0,0,0,3050,2524.45,0,0,450,0,17-JAN-2024,
OPTIDX,NIFTY,29-Feb-2024,19250,CE,0,0,0,1383.65,2474.95,0,0,0,0,17-JAN-2024,
OPTIDX,NIFTY,29-Feb-2024,19300,CE,2645,2645,2645,2645,2425.45,2,21.94,200,100,17-JAN-2024,
OPTIDX,NIFTY,29-Feb-2024,19350,CE,0,0,0,1306.65,2376,0,0,0,0,17-JAN-2024,
OPTIDX,NIFTY,29-Feb-2024,19400,CE,2540,2550,2400,2400,2326.6,6,65.73,500,300,17-JAN-2024,
OPTIDX,NIFTY,29-Feb-2024,19450,CE,0,0,0,1231.75,2277.2,0,0,0,0,17-JAN-2024,
OPTIDX,NIFTY,29-Feb-2024,19500,CE,2460,2494.85,2227.55,2236.05,2236.05,268,2929.91,18950,11000,17-JAN-2024,
OPTIDX,NIFTY,29-Feb-2024,19550,CE,0,0,0,1159.6,2178.55,0,0,0,0,17-JAN-2024,
OPTIDX,NIFTY,29-Feb-2024,19600,CE,2145.9,2145.9,2133,2133,2133,2,21.73,100,50,17-JAN-2024,
OPTIDX,NIFTY,29-Feb-2024,19650,CE,0,0,0,1088.3,2080.1,0,0,0,0,17-JAN-2024,
OPTIDX,NIFTY,29-Feb-2024,19700,CE,2150,2173.95,2055,2055,2031,5,54.53,450,0,17-JAN-2024,
OPTIDX,NIFTY,29-Feb-2024,19750,CE,0,0,0,1020.15,1981.95,0,0,0,0,17-JAN-2024,
OPTIDX,NIFTY,29-Feb-2024,19800,CE,2201.9,2201.9,1962.6,1962.6,1962.6,13,142.24,1600,400,17-JAN-2024,
OPTIDX,NIFTY,29-Feb-2024,19850,CE,0,0,0,954.5,1884.2,0,0,0,0,17-JAN-2024,
OPTIDX,NIFTY,29-Feb-2024,19900,CE,2058,2058,1850,1861.55,1861.55,10,109.2,1150,400,17-JAN-2024,
OPTIDX,NIFTY,29-Feb-2024,19950,CE,0,0,0,891.25,1786.95,0,0,0,0,17-JAN-2024,
OPTIDX,NIFTY,29-Feb-2024,20000,CE,1980,2021.95,1750.05,1768,1768,2555,27905.97,459700,14050,17-JAN-2024,
OPTIDX,NIFTY,29-Feb-2024,20050,CE,0,0,0,750,1690.35,0,0,0,0,17-JAN-2024,
OPTIDX,NIFTY,29-Feb-2024,20100,CE,1719.45,1780,1719.45,1780,1642.3,14,153.01,1000,400,17-JAN-2024,
OPTIDX,NIFTY,29-Feb-2024,20150,CE,0,0,0,1735,1594.5,0,0,50,0,17-JAN-2024,
OPTIDX,NIFTY,29-Feb-2024,20200,CE,1758.45,1786,1534.95,1592.45,1592.45,112,1220.97,13800,5100,17-JAN-2024,
OPTIDX,NIFTY,29-Feb-2024,20250,CE,0,0,0,1977.3,1499.6,0,0,200,0,17-JAN-2024,
OPTIDX,NIFTY,29-Feb-2024,20300,CE,1699.1,1699.1,1488.7,1502.95,1502.95,235,2570.76,5050,1000,17-JAN-2024,
OPTIDX,NIFTY,29-Feb-2024,20350,CE,0,0,0,664.05,1405.9,0,0,0,0,17-JAN-2024,
OPTIDX,NIFTY,29-Feb-2024,20400,CE,1623.35,1623.35,1397.3,1410.6,1410.6,12,131.12,3850,300,17-JAN-2024,
OPTIDX,NIFTY,29-Feb-2024,20450,CE,0,0,0,613.7,1313.65,0,0,0,0,17-JAN-2024,
OPTIDX,NIFTY,29-Feb-2024,20500,CE,1541.4,1547.25,1300.85,1321.25,1321.25,726,7958.56,157900,12400,17-JAN-2024,
OPTIDX,NIFTY,29-Feb-2024,20550,CE,0,0,0,1670,1223,0,0,800,0,17-JAN-2024,
OPTIDX,NIFTY,29-Feb-2024,20600,CE,1419.25,1453.4,1294.2,1302.7,1178.4,28,306.96,3450,50,17-JAN-2024,
OPTIDX,NIFTY,29-Feb-2024,20650,CE,0,0,0,1640,1134.3,0,0,200,0,17-JAN-2024,
OPTIDX,NIFTY,29-Feb-2024,20700,CE,1330,1330,1138.85,1142.35,1142.35,14,153.42,5750,350,17-JAN-2024,
OPTIDX,NIFTY,29-Feb-2024,20750,CE,0,0,0,1535,1047.8,0,0,550,0,17-JAN-2024,
OPTIDX,NIFTY,29-Feb-2024,20800,CE,1239,1239,1048.3,1049.7,1049.7,29,317.82,10000,-100,17-JAN-2024,
OPTIDX,NIFTY,29-Feb-2024,20850,CE,1013.6,1013.6,1013.6,1013.6,963.85,2,21.86,800,0,17-JAN-2024,
OPTIDX,NIFTY,29-Feb-2024,20900,CE,1180,1180,975.65,984.8,984.8,92,1010.33,12550,3650,17-JAN-2024,
OPTIDX,NIFTY,29-Feb-2024,20950,CE,0,0,0,956.1,882.65,0,0,750,0,17-JAN-2024,
OPTIDX,NIFTY,29-Feb-2024,21000,CE,1022,1108.85,891.5,908.25,908.25,2940,32294.81,323850,25150,17-JAN-2024,
OPTIDX,NIFTY,29-Feb-2024,21050,CE,1050,1050,860,869.25,804.55,57,624.84,2950,1350,17-JAN-2024,
OPTIDX,NIFTY,29-Feb-2024,21100,CE,970.35,1005,825,830.2,830.2,53,583.61,14800,50,17-JAN-2024,
OPTIDX,NIFTY,29-Feb-2024,21150,CE,891,891,855,855,729.8,2,22.02,2100,50,17-JAN-2024,
OPTIDX,NIFTY,29-Feb-2024,21200,CE,900,925.8,747,751.7,751.7,286,3147.74,32000,750,17-JAN-2024,
OPTIDX,NIFTY,29-Feb-2024,21250,CE,780,788.65,720.6,733.1,733.1,60,660.45,10100,1850,17-JAN-2024,
OPTIDX,NIFTY,29-Feb-2024,21300,CE,847.5,847.5,678.65,685.05,685.05,243,2677.35,18550,850,17-JAN-2024,
OPTIDX,NIFTY,29-Feb-2024,21350,CE,715,726.4,649.25,656.6,656.6,208,2293.41,14000,7850,17-JAN-2024,
OPTIDX,NIFTY,29-Feb-2024,21400,CE,785.1,785.1,612,624.9,624.9,440,4855.04,53850,3000,17-JAN-2024,
OPTIDX,NIFTY,29-Feb-2024,21450,CE,702,702,582,595.7,595.7,199,2197.28,13100,2300,17-JAN-2024,
OPTIDX,NIFTY,29-Feb-2024,21500,CE,618.25,706.3,550,559.65,559.65,7235,80006.38,432150,85150,17-JAN-2024,
OPTIDX,NIFTY,29-Feb-2024,21550,CE,658,659,522.95,528.15,528.15,411,4548.38,18000,10550,17-JAN-2024,
OPTIDX,NIFTY,29-Feb-2024,21600,CE,630,635,490,500.2,500.2,5234,57954.62,177900,107600,17-JAN-2024,
OPTIDX,NIFTY,29-Feb-2024,21650,CE,630,630,462.35,473.9,473.9,722,8004.02,21600,8450,17-JAN-2024,
OPTIDX,NIFTY,29-Feb-2024,21700,CE,553.2,574.15,437,448.35,448.35,6602,73286.47,209900,71500,17-JAN-2024,
OPTIDX,NIFTY,29-Feb-2024,21750,CE,531.05,533.95,410.5,419.5,419.5,655,7277.7,20700,2750,17-JAN-2024,
OPTIDX,NIFTY,29-Feb-2024,21800,CE,500,510.8,385.7,396.15,396.15,8771,97560.07,355800,149950,17-JAN-2024,
OPTIDX,NIFTY,29-Feb-2024,21850,CE,458.95,475.8,362.7,370.6,370.6,927,10321.56,23100,11550,17-JAN-2024,
OPTIDX,NIFTY,29-Feb-2024,21900,CE,466,466,339.5,349.3,349.3,6077,67733.42,214600,124700,17-JAN-2024,
OPTIDX,NIFTY,29-Feb-2024,21950,CE,400,404.4,318.5,326.9,326.9,867,9673.21,10400,-7800,17-JAN-2024,
OPTIDX,NIFTY,29-Feb-2024,22000,CE,396,405.05,299.3,309.15,309.15,33290,371902.53,1122950,215450,17-JAN-2024,
OPTIDX,NIFTY,29-Feb-2024,22050,CE,352,381.45,281.45,290.75,290.75,622,6956.61,23100,1000,17-JAN-2024,
OPTIDX,NIFTY,29-Feb-2024,22100,CE,340,353.1,261.5,268.1,268.1,4501,50404.19,147450,48200,17-JAN-2024,
OPTIDX,NIFTY,29-Feb-2024,22150,CE,306.55,324.5,244.55,251.25,251.25,398,4463.88,18150,3750,17-JAN-2024,
OPTIDX,NIFTY,29-Feb-2024,22200,CE,281.55,336.1,228.45,234.65,234.65,11238,126240.26,226700,-9350,17-JAN-2024,
OPTIDX,NIFTY,29-Feb-2024,22250,CE,269.25,279.8,214.3,217.2,217.2,501,5636.46,17300,1850,17-JAN-2024,
OPTIDX,NIFTY,29-Feb-2024,22300,CE,240,261.8,196.8,202.75,202.75,5168,58217.77,127900,26450,17-JAN-2024,
OPTIDX,NIFTY,29-Feb-2024,22350,CE,225,239.5,182.95,186.75,186.75,343,3868.63,11200,-350,17-JAN-2024,
OPTIDX,NIFTY,29-Feb-2024,22400,CE,209,225.35,167.95,172.7,172.7,4046,45709.9,167600,21500,17-JAN-2024,
OPTIDX,NIFTY,29-Feb-2024,22450,CE,204.4,206,156.2,158.9,158.9,388,4389.56,13200,-4500,17-JAN-2024,
OPTIDX,NIFTY,29-Feb-2024,22500,CE,156.05,196.3,143.25,147,147,20516,232521.15,684750,15650,17-JAN-2024,
OPTIDX,NIFTY,29-Feb-2024,22550,CE,166,176.2,133.2,135.1,135.1,488,5539.47,8550,-4400,17-JAN-2024,
OPTIDX,NIFTY,29-Feb-2024,22600,CE,152.5,167.3,122.85,126.35,126.35,5253,59729.96,207200,25600,17-JAN-2024,
OPTIDX,NIFTY,29-Feb-2024,22650,CE,109.05,148.95,108,117.8,117.8,304,3462.27,12600,-800,17-JAN-2024,
OPTIDX,NIFTY,29-Feb-2024,22700,CE,130.15,148.85,95.3,107.35,107.35,6120,69826.97,165250,45600,17-JAN-2024,
OPTIDX,NIFTY,29-Feb-2024,22750,CE,111.9,126.85,95.15,98.1,98.1,891,10182.49,30800,13800,17-JAN-2024,
OPTIDX,NIFTY,29-Feb-2024,22800,CE,115.95,118.35,88,90.9,90.9,7390,84619.91,219850,40850,17-JAN-2024,
OPTIDX,NIFTY,29-Feb-2024,22850,CE,93.25,107.3,80.5,82.35,82.35,792,9085,55650,23250,17-JAN-2024,
OPTIDX,NIFTY,29-Feb-2024,22900,CE,98.4,98.75,75,77.8,77.8,3683,42329.44,119750,-200,17-JAN-2024,
OPTIDX,NIFTY,29-Feb-2024,22950,CE,90.65,90.65,71.15,72.75,72.75,289,3328.15,25100,-1400,17-JAN-2024,
OPTIDX,NIFTY,29-Feb-2024,23000,CE,62.55,90,62.55,68.65,68.65,31274,360842.24,1673450,169800,17-JAN-2024,
OPTIDX,NIFTY,29-Feb-2024,23050,CE,65.4,75.7,60.75,62.05,62.05,269,3109.26,14750,-650,17-JAN-2024,
OPTIDX,NIFTY,29-Feb-2024,23100,CE,66.2,70.95,55.2,56.5,56.5,5035,58308.82,132700,23000,17-JAN-2024,
OPTIDX,NIFTY,29-Feb-2024,23150,CE,51.55,66.1,51.5,53.1,53.1,346,4014.97,8150,-2600,17-JAN-2024,
OPTIDX,NIFTY,29-Feb-2024,23200,CE,53.2,59.15,48,49.15,49.15,4030,46853.99,131050,12700,17-JAN-2024,
OPTIDX,NIFTY,29-Feb-2024,23250,CE,47.4,52.2,42.45,44.85,44.85,325,3785.94,6700,-2600,17-JAN-2024,
OPTIDX,NIFTY,29-Feb-2024,23300,CE,45,47.4,39,41.4,41.4,5529,64533.04,157700,-30500,17-JAN-2024,
OPTIDX,NIFTY,29-Feb-2024,23350,CE,39,44.45,37.2,38.55,38.55,153,1789.4,9550,-900,17-JAN-2024,
OPTIDX,NIFTY,29-Feb-2024,23400,CE,36.35,48.95,33.05,35.35,35.35,3469,40651.38,119200,-56250,17-JAN-2024,
OPTIDX,NIFTY,29-Feb-2024,23450,CE,38.3,43.75,31.6,33.9,33.9,506,5941.77,21500,-2350,17-JAN-2024,
OPTIDX,NIFTY,29-Feb-2024,23500,CE,32.05,38.25,30.3,31.55,31.55,7552,88861.59,159400,-52200,17-JAN-2024,
OPTIDX,NIFTY,29-Feb-2024,23550,CE,32,33.25,28,30.4,30.4,75,884.29,5350,-850,17-JAN-2024,
OPTIDX,NIFTY,29-Feb-2024,23600,CE,29,31.3,25.95,26.65,26.65,1962,23179.8,56900,4000,17-JAN-2024,
OPTIDX,NIFTY,29-Feb-2024,23650,CE,25.15,29.7,24.2,26.1,26.1,445,5268,11000,-250,17-JAN-2024,
OPTIDX,NIFTY,29-Feb-2024,23700,CE,31.95,31.95,22.05,24.15,24.15,874,10368.04,24850,2800,17-JAN-2024,
OPTIDX,NIFTY,29-Feb-2024,23750,CE,28.5,28.5,22.45,23.55,23.55,203,2413.11,2700,0,17-JAN-2024,
OPTIDX,NIFTY,29-Feb-2024,23800,CE,26.75,26.75,17.05,22.05,22.05,833,9922.19,41050,6250,17-JAN-2024,
OPTIDX,NIFTY,29-Feb-2024,23850,CE,26.65,26.65,19,20.2,20.2,803,9584.24,20350,10700,17-JAN-2024,
OPTIDX,NIFTY,29-Feb-2024,18650,PE,3.05,3.05,3.05,3.05,0.05,1,9.32,1100,50,17-JAN-2024,
OPTIDX,NIFTY,29-Feb-2024,18700,PE,0,0,0,71.3,0.05,0,0,0,0,17-JAN-2024,
OPTIDX,NIFTY,29-Feb-2024,18750,PE,0,0,0,77,0.05,0,0,0,0,17-JAN-2024,
OPTIDX,NIFTY,29-Feb-2024,18800,PE,0,0,0,83,0.05,0,0,0,0,17-JAN-2024,
OPTIDX,NIFTY,29-Feb-2024,18850,PE,0,0,0,89.45,0.1,0,0,0,0,17-JAN-2024,
OPTIDX,NIFTY,29-Feb-2024,18900,PE,0,0,0,25.4,0.1,0,0,1050,0,17-JAN-2024,
OPTIDX,NIFTY,29-Feb-2024,18950,PE,0,0,0,103.4,0.15,0,0,0,0,17-JAN-2024,
OPTIDX,NIFTY,29-Feb-2024,19000,PE,9.5,14.85,8.6,11.95,11.95,2476,23536.99,266300,10100,17-JAN-2024,
OPTIDX,NIFTY,29-Feb-2024,19050,PE,0,0,0,119.05,0.2,0,0,0,0,17-JAN-2024,
OPTIDX,NIFTY,29-Feb-2024,19100,PE,0,0,0,127.5,0.3,0,0,0,0,17-JAN-2024,
OPTIDX,NIFTY,29-Feb-2024,19150,PE,0,0,0,136.4,0.35,0,0,0,0,17-JAN-2024,
OPTIDX,NIFTY,29-Feb-2024,19200,PE,0,0,0,14.7,0.45,0,0,2150,0,17-JAN-2024,
OPTIDX,NIFTY,29-Feb-2024,19250,PE,0,0,0,155.65,0.55,0,0,0,0,17-JAN-2024,
OPTIDX,NIFTY,29-Feb-2024,19300,PE,7.35,7.35,7.35,7.35,7.35,8,77.22,8050,0,17-JAN-2024,
OPTIDX,NIFTY,29-Feb-2024,19350,PE,0,0,0,176.9,0.8,0,0,0,0,17-JAN-2024,
OPTIDX,NIFTY,29-Feb-2024,19400,PE,0,0,0,56,1,0,0,17550,0,17-JAN-2024,
OPTIDX,NIFTY,29-Feb-2024,19450,PE,11,11,11,11,1.2,1,9.73,850,0,17-JAN-2024,
OPTIDX,NIFTY,29-Feb-2024,19500,PE,12.15,22.1,11.15,20.8,20.8,4230,41281.44,278350,10850,17-JAN-2024,
OPTIDX,NIFTY,29-Feb-2024,19550,PE,0,0,0,22.05,1.75,0,0,2250,0,17-JAN-2024,
OPTIDX,NIFTY,29-Feb-2024,19600,PE,18,24.4,11.3,22.2,22.2,144,1412.61,13800,-950,17-JAN-2024,
OPTIDX,NIFTY,29-Feb-2024,19650,PE,18.7,18.7,15.25,15.25,2.5,70,688.31,1850,1850,17-JAN-2024,
OPTIDX,NIFTY,29-Feb-2024,19700,PE,13.05,27.1,13.05,25.5,25.5,276,2721.86,34850,4400,17-JAN-2024,
OPTIDX,NIFTY,29-Feb-2024,19750,PE,0,0,0,16.55,3.6,0,0,2500,0,17-JAN-2024,
OPTIDX,NIFTY,29-Feb-2024,19800,PE,17.55,31.05,14.95,28.35,28.35,1787,17711.21,235100,10950,17-JAN-2024,
OPTIDX,NIFTY,29-Feb-2024,19850,PE,19,31.65,18.35,31.1,31.1,67,665.87,5100,850,17-JAN-2024,
OPTIDX,NIFTY,29-Feb-2024,19900,PE,18.45,35.55,17.85,32.65,32.65,2883,28722.75,254800,12450,17-JAN-2024,
OPTIDX,NIFTY,29-Feb-2024,19950,PE,20.15,38.6,20.15,36.3,36.3,133,1328.71,6200,-250,17-JAN-2024,
OPTIDX,NIFTY,29-Feb-2024,20000,PE,29.45,43,21.9,40.2,40.2,21201,212350.59,1239000,-34650,17-JAN-2024,
OPTIDX,NIFTY,29-Feb-2024,20050,PE,23.1,44.7,23.1,41.85,41.85,185,1857.75,8950,1500,17-JAN-2024,
OPTIDX,NIFTY,29-Feb-2024,20100,PE,27.95,47.35,23.1,43.85,43.85,4925,49572.53,264900,19000,17-JAN-2024,
OPTIDX,NIFTY,29-Feb-2024,20150,PE,24.55,50,23.4,47.8,47.8,764,7710.67,12100,6400,17-JAN-2024,
OPTIDX,NIFTY,29-Feb-2024,20200,PE,27.65,55.65,27,52.6,52.6,6014,60876.65,360750,55950,17-JAN-2024,
OPTIDX,NIFTY,29-Feb-2024,20250,PE,32.2,58.3,31,56.3,56.3,378,3836.19,7850,1400,17-JAN-2024,
OPTIDX,NIFTY,29-Feb-2024,20300,PE,44.6,63.7,30.25,60.25,60.25,6337,64473.25,301850,58900,17-JAN-2024,
OPTIDX,NIFTY,29-Feb-2024,20350,PE,38.1,64.75,36.75,63.05,63.05,174,1774.91,6800,450,17-JAN-2024,
OPTIDX,NIFTY,29-Feb-2024,20400,PE,39.6,72.65,36.5,68.85,68.85,5894,60290.47,257950,28300,17-JAN-2024,
OPTIDX,NIFTY,29-Feb-2024,20450,PE,44.1,79.45,40.05,76.4,76.4,306,3138.77,4800,-3600,17-JAN-2024,
OPTIDX,NIFTY,29-Feb-2024,20500,PE,48.5,86.8,44.05,82.2,82.2,28893,297162.78,1257500,198250,17-JAN-2024,
OPTIDX,NIFTY,29-Feb-2024,20550,PE,52.55,92.2,48.3,89.55,89.55,289,2980.22,5950,-7000,17-JAN-2024,
OPTIDX,NIFTY,29-Feb-2024,20600,PE,57.05,97.45,49.05,93.1,93.1,7000,72375.87,236050,23600,17-JAN-2024,
OPTIDX,NIFTY,29-Feb-2024,20650,PE,62.85,105.65,57.85,100.7,100.7,160,1658.62,5950,-950,17-JAN-2024,
OPTIDX,NIFTY,29-Feb-2024,20700,PE,64.9,113.6,59.05,108.3,108.3,7791,80975.75,278150,62200,17-JAN-2024,
OPTIDX,NIFTY,29-Feb-2024,20750,PE,72.6,118.5,67.7,116,116,457,4763.29,13700,5950,17-JAN-2024,
OPTIDX,NIFTY,29-Feb-2024,20800,PE,70,131.2,66,125.45,125.45,10807,112935.84,309150,86550,17-JAN-2024,
OPTIDX,NIFTY,29-Feb-2024,20850,PE,75,138.7,75,134.6,134.6,464,4864.95,13800,2500,17-JAN-2024,
OPTIDX,NIFTY,29-Feb-2024,20900,PE,89.45,150,79.4,143.05,143.05,6566,68999.69,206750,53150,17-JAN-2024,
OPTIDX,NIFTY,29-Feb-2024,20950,PE,98.5,160,81.7,157.25,157.25,995,10485.79,24450,13100,17-JAN-2024,
OPTIDX,NIFTY,29-Feb-2024,21000,PE,93.8,173.6,90,166.3,166.3,64139,677917.05,1718150,454500,17-JAN-2024,
OPTIDX,NIFTY,29-Feb-2024,21050,PE,113,183,103.25,175.2,175.2,319,3380.56,14450,8200,17-JAN-2024,
OPTIDX,NIFTY,29-Feb-2024,21100,PE,106.45,194,100.05,187.25,187.25,4282,45496.13,166600,17650,17-JAN-2024,
OPTIDX,NIFTY,29-Feb-2024,21150,PE,128.45,206,121.85,198.9,198.9,196,2089.04,10600,-3650,17-JAN-2024,
OPTIDX,NIFTY,29-Feb-2024,21200,PE,129.05,219.9,121.4,212.55,212.55,7441,79528.01,340100,51150,17-JAN-2024,
OPTIDX,NIFTY,29-Feb-2024,21250,PE,150.55,230,147.7,228.5,228.5,313,3354.41,9650,-400,17-JAN-2024,
OPTIDX,NIFTY,29-Feb-2024,21300,PE,152.45,250.35,141,240.25,240.25,6988,75134.26,226050,41200,17-JAN-2024,
OPTIDX,NIFTY,29-Feb-2024,21350,PE,170.85,258,162.7,256.05,256.05,386,4163.52,12250,1500,17-JAN-2024,
OPTIDX,NIFTY,29-Feb-2024,21400,PE,175,284.05,147.7,273.25,273.25,7730,83585.07,229700,5150,17-JAN-2024,
OPTIDX,NIFTY,29-Feb-2024,21450,PE,200,300.65,188.75,295,295,597,6478.35,12100,2900,17-JAN-2024,
OPTIDX,NIFTY,29-Feb-2024,21500,PE,195,322.25,192,311.3,311.3,50907,553885.33,1115350,192100,17-JAN-2024,
OPTIDX,NIFTY,29-Feb-2024,21550,PE,205,342,202.3,331.95,331.95,552,6027.26,12600,4150,17-JAN-2024,
OPTIDX,NIFTY,29-Feb-2024,21600,PE,250.05,362.9,221.35,349.7,349.7,12367,135396.51,235700,74400,17-JAN-2024,
OPTIDX,NIFTY,29-Feb-2024,21650,PE,250.25,385.8,233.5,374.3,374.3,904,9931.24,20950,1700,17-JAN-2024,
OPTIDX,NIFTY,29-Feb-2024,21700,PE,286,408.9,244.55,394.6,394.6,12655,139408.21,305100,22350,17-JAN-2024,
OPTIDX,NIFTY,29-Feb-2024,21750,PE,269.05,433.95,269.05,422.15,422.15,751,8298.8,29550,1450,17-JAN-2024,
OPTIDX,NIFTY,29-Feb-2024,21800,PE,346,457.85,279.05,443.4,443.4,13233,146639.87,303350,62900,17-JAN-2024,
OPTIDX,NIFTY,29-Feb-2024,21850,PE,308.05,484.45,302,471.5,471.5,913,10154.62,27200,13450,17-JAN-2024,
OPTIDX,NIFTY,29-Feb-2024,21900,PE,350,512.8,285,494.65,494.65,8243,91970.97,210050,90150,17-JAN-2024,
OPTIDX,NIFTY,29-Feb-2024,21950,PE,347.55,539.35,347.55,526.85,526.85,684,7662.45,17750,5950,17-JAN-2024,
OPTIDX,NIFTY,29-Feb-2024,22000,PE,430,568.85,350,554,554,32048,360094.65,897400,101750,17-JAN-2024,
OPTIDX,NIFTY,29-Feb-2024,22050,PE,432.05,599,396.5,591.85,591.85,289,3255.86,9900,-2650,17-JAN-2024,
OPTIDX,NIFTY,29-Feb-2024,22100,PE,494,630,428.45,621.55,621.55,4477,50646.8,104900,-47600,17-JAN-2024,
OPTIDX,NIFTY,29-Feb-2024,22150,PE,483.7,662.95,411.55,648.4,648.4,253,2869.26,12550,-1750,17-JAN-2024,
OPTIDX,NIFTY,29-Feb-2024,22200,PE,474.5,693.3,474.5,680.25,680.25,2490,28363.93,92750,-27600,17-JAN-2024,
OPTIDX,NIFTY,29-Feb-2024,22250,PE,558,728.95,455.65,715.7,715.7,183,2089.01,27650,50,17-JAN-2024,
OPTIDX,NIFTY,29-Feb-2024,22300,PE,578.95,750.95,538.1,742.2,742.2,1513,17344.17,69800,-8800,17-JAN-2024,
OPTIDX,NIFTY,29-Feb-2024,22350,PE,601,784.65,599,777.7,777.7,60,691.02,13050,-450,17-JAN-2024,
OPTIDX,NIFTY,29-Feb-2024,22400,PE,651.05,825.5,536.05,811.05,811.05,550,6343.13,111650,3300,17-JAN-2024,
OPTIDX,NIFTY,29-Feb-2024,22450,PE,671,800,665,777.55,822.35,42,486.33,23500,-300,17-JAN-2024,
OPTIDX,NIFTY,29-Feb-2024,22500,PE,700,905,622.05,887.55,887.55,2911,33852.63,170100,-26250,17-JAN-2024,
OPTIDX,NIFTY,29-Feb-2024,22550,PE,884,884,841.15,841.85,901.25,12,140.39,13550,-550,17-JAN-2024,
OPTIDX,NIFTY,29-Feb-2024,22600,PE,755,979.7,732.4,969.15,969.15,185,2164.15,14850,-3700,17-JAN-2024,
OPTIDX,NIFTY,29-Feb-2024,22650,PE,0,0,0,687,982.9,0,0,6600,0,17-JAN-2024,
OPTIDX,NIFTY,29-Feb-2024,22700,PE,840,1060.45,840,1047.6,1047.6,55,651.39,29250,-300,17-JAN-2024,
OPTIDX,NIFTY,29-Feb-2024,22750,PE,870,1006.15,856.5,1006.15,1067.15,11,129.93,9300,-300,17-JAN-2024,
OPTIDX,NIFTY,29-Feb-2024,22800,PE,930,1115.75,930,1115.75,1110.1,21,249.75,13750,-400,17-JAN-2024,
OPTIDX,NIFTY,29-Feb-2024,22850,PE,0,0,0,846.6,1153.65,0,0,3550,0,17-JAN-2024,
OPTIDX,NIFTY,29-Feb-2024,22900,PE,1050,1219.05,1050,1217.05,1217.05,17,204.18,3350,200,17-JAN-2024,
OPTIDX,NIFTY,29-Feb-2024,22950,PE,968.25,1060.1,968.25,1060.1,1242.15,5,59.87,1450,0,17-JAN-2024,
OPTIDX,NIFTY,29-Feb-2024,23000,PE,1056,1325,1049,1303.4,1303.4,2093,25323.1,193750,42150,17-JAN-2024,
OPTIDX,NIFTY,29-Feb-2024,23050,PE,0,0,0,938.9,1332.4,0,0,900,0,17-JAN-2024,
OPTIDX,NIFTY,29-Feb-2024,23100,PE,1168.2,1405.7,1168.2,1387.85,1387.85,26,316.34,2050,850,17-JAN-2024,
OPTIDX,NIFTY,29-Feb-2024,23150,PE,0,0,0,1054.55,1424.2,0,0,500,0,17-JAN-2024,
OPTIDX,NIFTY,29-Feb-2024,23200,PE,1351.7,1585.75,1351.7,1527.5,1527.5,45,555.16,3700,-200,17-JAN-2024,
OPTIDX,NIFTY,29-Feb-2024,23250,PE,0,0,0,1134.7,1517.35,0,0,500,0,17-JAN-2024,
OPTIDX,NIFTY,29-Feb-2024,23300,PE,0,0,0,1159.55,1564.35,0,0,2450,0,17-JAN-2024,
OPTIDX,NIFTY,29-Feb-2024,23350,PE,0,0,0,2315.5,1611.6,0,0,0,0,17-JAN-2024,
OPTIDX,NIFTY,29-Feb-2024,23400,PE,0,0,0,2361.35,1659.1,0,0,0,0,17-JAN-2024,
OPTIDX,NIFTY,29-Feb-2024,23450,PE,0,0,0,2407.4,1706.8,0,0,0,0,17-JAN-2024,
OPTIDX,NIFTY,29-Feb-2024,23500,PE,1635.9,1782.4,1622.8,1767.5,1767.5,28,353.2,3050,550,17-JAN-2024,
OPTIDX,NIFTY,29-Feb-2024,23550,PE,0,0,0,2500.05,1802.8,0,0,0,0,17-JAN-2024,
OPTIDX,NIFTY,29-Feb-2024,23600,PE,0,0,0,2546.6,1851,0,0,0,0,17-JAN-2024,
OPTIDX,NIFTY,29-Feb-2024,23650,PE,0,0,0,2593.3,1899.4,0,0,0,0,17-JAN-2024,
OPTIDX,NIFTY,29-Feb-2024,23700,PE,0,0,0,2640.15,1947.95,0,0,0,0,17-JAN-2024,
OPTIDX,NIFTY,29-Feb-2024,23750,PE,0,0,0,2533.7,1996.6,0,0,0,0,17-JAN-2024,
OPTIDX,NIFTY,29-Feb-2024,23800,PE,0,0,0,2580.25,2045.35,0,0,0,0,17-JAN-2024,
OPTIDX,NIFTY,29-Feb-2024,23850,PE,0,0,0,2626.9,2094.2,0,0,0,0,17-JAN-2024,
OPTIDX,NIFTY,28-Mar-2024,14000,CE,7989.7,7989.7,7701.9,7721,7721,236,2565.11,324200,-500,17-JAN-2024,
OPTIDX,NIFTY,28-Mar-2024,15000,CE,6830,6830,6750,6750,6750,3,32.69,25450,-50,17-JAN-2024,
OPTIDX,NIFTY,28-Mar-2024,16000,CE,6000,6102,6000,6102,5780.65,2,22.05,45400,-100,17-JAN-2024,
OPTIDX,NIFTY,28-Mar-2024,17000,CE,5085.9,5085.9,4790,4798.45,4798.45,35,382.8,138850,400,17-JAN-2024,
OPTIDX,NIFTY,28-Mar-2024,18000,CE,4120,4120,3827,3849,3849,358,3916.6,409650,-750,17-JAN-2024,
OPTIDX,NIFTY,28-Mar-2024,19000,CE,3142.75,3142.75,2874.6,2892.1,2892.1,321,3526.05,469050,650,17-JAN-2024,
OPTIDX,NIFTY,28-Mar-2024,19750,CE,0,0,0,2421.85,2093.5,0,0,0,0,17-JAN-2024,
OPTIDX,NIFTY,28-Mar-2024,19800,CE,0,0,0,2375.95,2045.9,0,0,0,0,17-JAN-2024,
OPTIDX,NIFTY,28-Mar-2024,19850,CE,0,0,0,2330.25,1998.5,0,0,0,0,17-JAN-2024,
OPTIDX,NIFTY,28-Mar-2024,19900,CE,0,0,0,2284.75,1951.3,0,0,0,0,17-JAN-2024,
OPTIDX,NIFTY,28-Mar-2024,19950,CE,0,0,0,2239.55,1904.35,0,0,0,0,17-JAN-2024,
OPTIDX,NIFTY,28-Mar-2024,20000,CE,2180.9,2180.9,1930,1953.3,1953.3,301,3318.71,481400,250,17-JAN-2024,
OPTIDX,NIFTY,28-Mar-2024,20050,CE,0,0,0,2149.85,1811.1,0,0,0,0,17-JAN-2024,
OPTIDX,NIFTY,28-Mar-2024,20100,CE,0,0,0,2105.4,1764.85,0,0,0,0,17-JAN-2024,
OPTIDX,NIFTY,28-Mar-2024,20150,CE,0,0,0,2061.25,1718.9,0,0,0,0,17-JAN-2024,
OPTIDX,NIFTY,28-Mar-2024,20200,CE,0,0,0,2017.4,1673.3,0,0,0,0,17-JAN-2024,
OPTIDX,NIFTY,28-Mar-2024,20250,CE,0,0,0,1973.85,1628,0,0,0,0,17-JAN-2024,
OPTIDX,NIFTY,28-Mar-2024,20300,CE,0,0,0,1930.6,1583.05,0,0,0,0,17-JAN-2024,
OPTIDX,NIFTY,28-Mar-2024,20350,CE,0,0,0,1887.7,1538.45,0,0,0,0,17-JAN-2024,
OPTIDX,NIFTY,28-Mar-2024,20400,CE,0,0,0,1845.15,1494.25,0,0,0,0,17-JAN-2024,
OPTIDX,NIFTY,28-Mar-2024,20450,CE,0,0,0,1802.95,1450.45,0,0,0,0,17-JAN-2024,
OPTIDX,NIFTY,28-Mar-2024,20500,CE,1663.95,1663.95,1495.8,1505.3,1505.3,93,1029.21,14400,-800,17-JAN-2024,
OPTIDX,NIFTY,28-Mar-2024,20550,CE,0,0,0,1444.55,1364.2,0,0,50,0,17-JAN-2024,
OPTIDX,NIFTY,28-Mar-2024,20600,CE,0,0,0,1378.1,1321.8,0,0,150,0,17-JAN-2024,
OPTIDX,NIFTY,28-Mar-2024,20650,CE,0,0,0,1384.8,1279.9,0,0,350,0,17-JAN-2024,
OPTIDX,NIFTY,28-Mar-2024,20700,CE,1345,1345,1345,1345,1238.5,1,11.02,200,0,17-JAN-2024,
OPTIDX,NIFTY,28-Mar-2024,20750,CE,0,0,0,1433.25,1197.65,0,0,200,0,17-JAN-2024,
OPTIDX,NIFTY,28-Mar-2024,20800,CE,0,0,0,1431.9,1157.35,0,0,50,0,17-JAN-2024,
OPTIDX,NIFTY,28-Mar-2024,20850,CE,0,0,0,1279.6,1117.65,0,0,50,0,17-JAN-2024,
OPTIDX,NIFTY,28-Mar-2024,20900,CE,0,0,0,1400,1078.6,0,0,100,0,17-JAN-2024,
OPTIDX,NIFTY,28-Mar-2024,20950,CE,0,0,0,1403.15,1040.1,0,0,0,0,17-JAN-2024,
OPTIDX,NIFTY,28-Mar-2024,21000,CE,1294.3,1305.65,1097,1109.05,1109.05,2342,25981.44,1144950,9450,17-JAN-2024,
OPTIDX,NIFTY,28-Mar-2024,21050,CE,0,0,0,1328.6,965.2,0,0,0,0,17-JAN-2024,
OPTIDX,NIFTY,28-Mar-2024,21100,CE,1200,1200,1020,1022.5,1022.5,14,154.99,1350,-50,17-JAN-2024,
OPTIDX,NIFTY,28-Mar-2024,21150,CE,0,0,0,1256.75,893,0,0,0,0,17-JAN-2024,
OPTIDX,NIFTY,28-Mar-2024,21200,CE,1075,1128.8,949.95,950,950,33,366.79,2200,-250,17-JAN-2024,
OPTIDX,NIFTY,28-Mar-2024,21250,CE,0,0,0,1300,823.7,0,0,150,0,17-JAN-2024,
OPTIDX,NIFTY,28-Mar-2024,21300,CE,1025.5,1052,885,896,896,27,300.45,5300,-150,17-JAN-2024,
OPTIDX,NIFTY,28-Mar-2024,21350,CE,0,0,0,819,757.4,0,0,50,0,17-JAN-2024,
OPTIDX,NIFTY,28-Mar-2024,21400,CE,950.95,983.35,820,820,820,37,412.41,2650,-250,17-JAN-2024,
OPTIDX,NIFTY,28-Mar-2024,21450,CE,900.05,900.05,811,811,694.2,5,55.8,200,-150,17-JAN-2024,
OPTIDX,NIFTY,28-Mar-2024,21500,CE,922.65,936.6,747.75,754.9,754.9,1340,14958.45,98900,14050,17-JAN-2024,
OPTIDX,NIFTY,28-Mar-2024,21550,CE,808,808,730.55,732.7,732.7,8,89.26,650,100,17-JAN-2024,
OPTIDX,NIFTY,28-Mar-2024,21600,CE,810,839.2,684.7,697.3,697.3,585,6540.39,31900,22350,17-JAN-2024,
OPTIDX,NIFTY,28-Mar-2024,21650,CE,780,780,677,677,577.45,78,872.03,2650,100,17-JAN-2024,
OPTIDX,NIFTY,28-Mar-2024,21700,CE,750,776.95,627.95,636.3,636.3,518,5805.38,14500,6000,17-JAN-2024,
OPTIDX,NIFTY,28-Mar-2024,21750,CE,708.4,708.4,617.45,627.35,524,8,89.57,1200,100,17-JAN-2024,
OPTIDX,NIFTY,28-Mar-2024,21800,CE,685,714.8,576.6,581,581,428,4803.32,21500,10750,17-JAN-2024,
OPTIDX,NIFTY,28-Mar-2024,21850,CE,650,650,550,551.55,551.55,9,100.9,850,250,17-JAN-2024,
OPTIDX,NIFTY,28-Mar-2024,21900,CE,609,650,521.7,529.6,529.6,187,2101.95,10150,3300,17-JAN-2024,
OPTIDX,NIFTY,28-Mar-2024,21950,CE,583,583,513.4,513.4,513.4,18,202.54,1350,0,17-JAN-2024,
OPTIDX,NIFTY,28-Mar-2024,22000,CE,626,626,475,481.9,481.9,8697,97981.95,831150,44000,17-JAN-2024,
OPTIDX,NIFTY,28-Mar-2024,22050,CE,565,565,460,460,460,43,485.4,3150,1850,17-JAN-2024,
OPTIDX,NIFTY,28-Mar-2024,22100,CE,499,538.25,428.15,434.5,434.5,628,7085.08,28100,11150,17-JAN-2024,
OPTIDX,NIFTY,28-Mar-2024,22150,CE,500,500,453.8,453.8,343,8,90.57,1650,50,17-JAN-2024,
OPTIDX,NIFTY,28-Mar-2024,22200,CE,458.05,580,387.05,392.25,392.25,543,6140.2,26000,10950,17-JAN-2024,
OPTIDX,NIFTY,28-Mar-2024,22250,CE,456.75,456.75,366.35,366.4,366.4,6,67.95,2050,200,17-JAN-2024,
OPTIDX,NIFTY,28-Mar-2024,22300,CE,405.15,438.05,350,355.55,355.55,355,4027.11,10500,-1850,17-JAN-2024,
OPTIDX,NIFTY,28-Mar-2024,22350,CE,403.05,411.9,360,363.6,271.5,24,272.73,900,-150,17-JAN-2024,
OPTIDX,NIFTY,28-Mar-2024,22400,CE,370,390.95,315.1,317.1,317.1,270,3070.73,15950,1800,17-JAN-2024,
OPTIDX,NIFTY,28-Mar-2024,22450,CE,0,0,0,486.45,240.2,0,0,900,0,17-JAN-2024,
OPTIDX,NIFTY,28-Mar-2024,22500,CE,301.6,384.95,282,287.25,287.25,3484,39740.73,149900,13250,17-JAN-2024,
OPTIDX,NIFTY,28-Mar-2024,22550,CE,310,310,290.25,290.25,211.75,5,57.13,1150,150,17-JAN-2024,
OPTIDX,NIFTY,28-Mar-2024,22600,CE,292.1,315.7,248.7,251.9,251.9,254,2906,8350,200,17-JAN-2024,
OPTIDX,NIFTY,28-Mar-2024,22650,CE,255,258.5,240,245.9,245.9,24,274.83,1900,200,17-JAN-2024,
OPTIDX,NIFTY,28-Mar-2024,22700,CE,258,280,221,225.3,225.3,355,4073.53,25250,2700,17-JAN-2024,
OPTIDX,NIFTY,28-Mar-2024,22750,CE,216.2,216.25,216.2,216.25,216.25,4,45.93,650,200,17-JAN-2024,
OPTIDX,NIFTY,28-Mar-2024,22800,CE,206.1,248,194,197.3,197.3,494,5686.17,16250,2100,17-JAN-2024,
OPTIDX,NIFTY,28-Mar-2024,22850,CE,0,0,0,302.2,141.7,0,0,750,0,17-JAN-2024,
OPTIDX,NIFTY,28-Mar-2024,22900,CE,205,219.1,172.4,175.95,175.95,241,2782.38,8600,2250,17-JAN-2024,
OPTIDX,NIFTY,28-Mar-2024,22950,CE,185,187.4,161.55,161.9,161.9,79,913.38,3800,3050,17-JAN-2024,
OPTIDX,NIFTY,28-Mar-2024,23000,CE,195.05,204.95,120.05,154.15,154.15,10699,123948.83,831500,-21350,17-JAN-2024,
OPTIDX,NIFTY,28-Mar-2024,23050,CE,0,0,0,249,106.35,0,0,1400,0,17-JAN-2024,
OPTIDX,NIFTY,28-Mar-2024,23100,CE,171.9,171.9,133.6,136.95,136.95,249,2894.63,14950,1250,17-JAN-2024,
OPTIDX,NIFTY,28-Mar-2024,23150,CE,144.3,144.3,129.2,129.75,129.75,36,419.1,1900,550,17-JAN-2024,
OPTIDX,NIFTY,28-Mar-2024,23200,CE,136.75,148,119.9,122.2,122.2,278,3243.29,17000,-2550,17-JAN-2024,
OPTIDX,NIFTY,28-Mar-2024,23250,CE,125,128,120,120,120,14,163.61,1550,300,17-JAN-2024,
OPTIDX,NIFTY,28-Mar-2024,23300,CE,122.85,129.2,107.6,109.15,109.15,522,6111.8,40050,2400,17-JAN-2024,
OPTIDX,NIFTY,28-Mar-2024,23350,CE,112,112,105,105,105,11,129.03,850,400,17-JAN-2024,
OPTIDX,NIFTY,28-Mar-2024,23400,CE,115.8,115.85,95.6,99,99,362,4254.05,24000,6400,17-JAN-2024,
OPTIDX,NIFTY,28-Mar-2024,23450,CE,104.35,108.95,88.6,89.8,89.8,74,871.28,2250,-1300,17-JAN-2024,
OPTIDX,NIFTY,28-Mar-2024,23500,CE,85,107.45,79.95,86.85,86.85,1222,14414.54,40750,23450,17-JAN-2024,
OPTIDX,NIFTY,28-Mar-2024,23550,CE,81.2,85.15,81.05,85.15,48.5,4,47.26,500,150,17-JAN-2024,
OPTIDX,NIFTY,28-Mar-2024,23600,CE,80.4,89,76.15,79.3,79.3,85,1006.46,2150,700,17-JAN-2024,
OPTIDX,NIFTY,28-Mar-2024,23650,CE,79.95,81.4,70.6,75.5,40.95,66,783,1850,150,17-JAN-2024,
OPTIDX,NIFTY,28-Mar-2024,23700,CE,72.85,76.3,67.6,70.65,70.65,83,986.53,1800,1800,17-JAN-2024,
OPTIDX,NIFTY,28-Mar-2024,23750,CE,0,0,0,158.85,34.45,0,0,0,0,17-JAN-2024,
OPTIDX,NIFTY,28-Mar-2024,23800,CE,61.35,71.25,59.1,62.75,62.75,171,2040.52,2950,1650,17-JAN-2024,
OPTIDX,NIFTY,28-Mar-2024,23850,CE,56.65,67.65,55.15,59.65,59.65,162,1936.88,2750,1750,17-JAN-2024,
OPTIDX,NIFTY,28-Mar-2024,24000,CE,48,61.75,46.25,50.05,50.05,7196,86544.58,737050,68200,17-JAN-2024,
OPTIDX,NIFTY,28-Mar-2024,25000,CE,24.05,25,18.3,20.8,20.8,3276,40984.65,326350,-19050,17-JAN-2024,
OPTIDX,NIFTY,28-Mar-2024,26000,CE,11.4,13.9,9,12.3,12.3,813,10573.98,148100,3850,17-JAN-2024,
OPTIDX,NIFTY,28-Mar-2024,27000,CE,3.05,3.05,3.05,3.05,0.05,3,40.5,14050,0,17-JAN-2024,
OPTIDX,NIFTY,28-Mar-2024,14000,PE,3.4,5.75,3.4,5.2,5.2,997,6981.46,144350,28000,17-JAN-2024,
OPTIDX,NIFTY,28-Mar-2024,15000,PE,6.65,6.65,6.2,6.3,6.3,5,37.51,7800,0,17-JAN-2024,
OPTIDX,NIFTY,28-Mar-2024,16000,PE,12.5,13,10.4,12.4,12.4,264,2113.62,178550,-3500,17-JAN-2024,
OPTIDX,NIFTY,28-Mar-2024,17000,PE,12.6,15.9,12.1,14.1,14.1,354,3011.48,331500,2050,17-JAN-2024,
OPTIDX,NIFTY,28-Mar-2024,18000,PE,17.05,22,15.65,19.05,19.05,1373,12370.13,849600,-1950,17-JAN-2024,
OPTIDX,NIFTY,28-Mar-2024,19000,PE,25.05,36,25,33.1,33.1,4648,44230.23,1317100,15000,17-JAN-2024,
OPTIDX,NIFTY,28-Mar-2024,19750,PE,0,0,0,51,13.95,0,0,750,0,17-JAN-2024,
OPTIDX,NIFTY,28-Mar-2024,19800,PE,50,65.3,47.35,63.15,63.15,289,2869.67,26650,7550,17-JAN-2024,
OPTIDX,NIFTY,28-Mar-2024,19850,PE,0,0,0,66.85,17.65,0,0,200,0,17-JAN-2024,
OPTIDX,NIFTY,28-Mar-2024,19900,PE,52,70.25,52,69.5,69.5,367,3663.25,37850,12550,17-JAN-2024,
OPTIDX,NIFTY,28-Mar-2024,19950,PE,0,0,0,52,22.15,0,0,0,0,17-JAN-2024,
OPTIDX,NIFTY,28-Mar-2024,20000,PE,58,83.4,55.1,81.05,81.05,7452,74787.55,1948300,-53700,17-JAN-2024,
OPTIDX,NIFTY,28-Mar-2024,20050,PE,0,0,0,60.5,27.6,0,0,0,0,17-JAN-2024,
OPTIDX,NIFTY,28-Mar-2024,20100,PE,58,87.15,58,85.3,85.3,580,5850.97,66500,12400,17-JAN-2024,
OPTIDX,NIFTY,28-Mar-2024,20150,PE,81.9,91.9,80,89.65,89.65,33,333.86,2500,850,17-JAN-2024,
OPTIDX,NIFTY,28-Mar-2024,20200,PE,69.45,94.45,63.65,92.05,92.05,1441,14611.55,95250,22000,17-JAN-2024,
OPTIDX,NIFTY,28-Mar-2024,20250,PE,0,0,0,51.1,41.9,0,0,100,0,17-JAN-2024,
OPTIDX,NIFTY,28-Mar-2024,20300,PE,0,0,0,86.8,46.3,0,0,0,0,17-JAN-2024,
OPTIDX,NIFTY,28-Mar-2024,20350,PE,0,0,0,112.8,51.05,0,0,3250,0,17-JAN-2024,
OPTIDX,NIFTY,28-Mar-2024,20400,PE,85,119.55,84.15,117.1,117.1,761,7799.53,110050,20050,17-JAN-2024,
OPTIDX,NIFTY,28-Mar-2024,20450,PE,0,0,0,139.05,61.75,0,0,2450,0,17-JAN-2024,
OPTIDX,NIFTY,28-Mar-2024,20500,PE,102,138.95,90.25,135.65,135.65,5522,56925.31,538400,59000,17-JAN-2024,
OPTIDX,NIFTY,28-Mar-2024,20550,PE,0,0,0,158.4,74.2,0,0,2750,0,17-JAN-2024,
OPTIDX,NIFTY,28-Mar-2024,20600,PE,92.25,150.35,92.25,147.5,147.5,730,7562.76,108100,16600,17-JAN-2024,
OPTIDX,NIFTY,28-Mar-2024,20650,PE,0,0,0,137.85,88.55,0,0,0,0,17-JAN-2024,
OPTIDX,NIFTY,28-Mar-2024,20700,PE,115,162,115,160.1,160.1,1018,10606.19,99400,14700,17-JAN-2024,
OPTIDX,NIFTY,28-Mar-2024,20750,PE,0,0,0,153.25,105,0,0,1200,0,17-JAN-2024,
OPTIDX,NIFTY,28-Mar-2024,20800,PE,114.6,182.9,114.6,176.95,176.95,905,9482.38,102600,28650,17-JAN-2024,
OPTIDX,NIFTY,28-Mar-2024,20850,PE,0,0,0,139.75,123.75,0,0,50,0,17-JAN-2024,
OPTIDX,NIFTY,28-Mar-2024,20900,PE,138.1,206.65,138.05,204.75,204.75,1036,10916.33,78550,24300,17-JAN-2024,
OPTIDX,NIFTY,28-Mar-2024,20950,PE,178,178,178,178,144.9,1,10.56,2100,-50,17-JAN-2024,
OPTIDX,NIFTY,28-Mar-2024,21000,PE,179.95,231.7,158.15,227.7,227.7,13231,140237.56,1879350,-43300,17-JAN-2024,
OPTIDX,NIFTY,28-Mar-2024,21050,PE,0,0,0,204.8,168.65,0,0,300,0,17-JAN-2024,
OPTIDX,NIFTY,28-Mar-2024,21100,PE,192.8,253.7,184,249.25,249.25,857,9133.74,39950,24650,17-JAN-2024,
OPTIDX,NIFTY,28-Mar-2024,21150,PE,202.9,242.75,195.7,242.75,195.15,45,480.5,1600,-1300,17-JAN-2024,
OPTIDX,NIFTY,28-Mar-2024,21200,PE,210,280.5,189,275.1,275.1,491,5264.05,24500,1150,17-JAN-2024,
OPTIDX,NIFTY,28-Mar-2024,21250,PE,219.3,284,219.3,284,224.55,3,32.24,1650,0,17-JAN-2024,
OPTIDX,NIFTY,28-Mar-2024,21300,PE,201.65,310.95,201.65,305.55,305.55,406,4378.43,20850,700,17-JAN-2024,
OPTIDX,NIFTY,28-Mar-2024,21350,PE,255,292.4,255,292.3,256.95,25,270.46,1350,600,17-JAN-2024,
OPTIDX,NIFTY,28-Mar-2024,21400,PE,250,342.35,250,337.05,337.05,327,3550.04,28450,3650,17-JAN-2024,
OPTIDX,NIFTY,28-Mar-2024,21450,PE,265.75,338.35,265.75,331.1,292.45,32,348.23,2000,1050,17-JAN-2024,
OPTIDX,NIFTY,28-Mar-2024,21500,PE,292.85,380,267,374.2,374.2,5647,61618.16,360650,39800,17-JAN-2024,
OPTIDX,NIFTY,28-Mar-2024,21550,PE,299.85,388,299.85,378.65,331.15,21,230.07,2300,100,17-JAN-2024,
OPTIDX,NIFTY,28-Mar-2024,21600,PE,307,413.95,305.95,404.85,404.85,942,10343.14,27700,8550,17-JAN-2024,
OPTIDX,NIFTY,28-Mar-2024,21650,PE,322.95,432.65,322.95,426.9,426.9,70,771.91,3300,1000,17-JAN-2024,
OPTIDX,NIFTY,28-Mar-2024,21700,PE,338.45,454.95,327.5,449.35,449.35,1772,19565.28,40650,-4650,17-JAN-2024,
OPTIDX,NIFTY,28-Mar-2024,21750,PE,365.15,463.2,355.35,459.6,418.3,87,964.46,2000,-500,17-JAN-2024,
OPTIDX,NIFTY,28-Mar-2024,21800,PE,372.85,499,363.35,488.85,488.85,1311,14562.82,37100,-4600,17-JAN-2024,
OPTIDX,NIFTY,28-Mar-2024,21850,PE,384.5,504.15,384.5,504.15,466.85,18,200.56,1700,-300,17-JAN-2024,
OPTIDX,NIFTY,28-Mar-2024,21900,PE,400,542,400,534.45,534.45,659,7366.2,9650,-7900,17-JAN-2024,
OPTIDX,NIFTY,28-Mar-2024,21950,PE,447.35,512,446.35,512,518.7,17,190.71,2900,-200,17-JAN-2024,
OPTIDX,NIFTY,28-Mar-2024,22000,PE,460,599.1,390,586.9,586.9,11612,130723.02,803950,-135950,17-JAN-2024,
OPTIDX,NIFTY,28-Mar-2024,22050,PE,489.5,600.05,467.45,600.05,573.8,40,451.87,2000,-800,17-JAN-2024,
OPTIDX,NIFTY,28-Mar-2024,22100,PE,500,650.9,440,642.8,642.8,422,4789.06,15950,9500,17-JAN-2024,
OPTIDX,NIFTY,28-Mar-2024,22150,PE,518.45,538.9,518.45,538.9,632.1,23,260.74,1600,-300,17-JAN-2024,
OPTIDX,NIFTY,28-Mar-2024,22200,PE,566,707.7,499.8,696.4,696.4,528,6032.89,18550,8400,17-JAN-2024,
OPTIDX,NIFTY,28-Mar-2024,22250,PE,680,680,680,680,693.55,1,11.46,50,50,17-JAN-2024,
OPTIDX,NIFTY,28-Mar-2024,22300,PE,623.7,761.35,600.3,754.45,754.45,109,1251.98,3550,-3800,17-JAN-2024,
OPTIDX,NIFTY,28-Mar-2024,22350,PE,732,784,721.5,777,758,59,681.2,1350,1150,17-JAN-2024,
OPTIDX,NIFTY,28-Mar-2024,22400,PE,640.6,809.8,640.6,803.55,803.55,76,878.49,5050,-900,17-JAN-2024,
OPTIDX,NIFTY,28-Mar-2024,22450,PE,0,0,0,787.5,825.4,0,0,0,0,17-JAN-2024,
OPTIDX,NIFTY,28-Mar-2024,22500,PE,699.95,888.5,670,873.9,873.9,1110,12911.19,90000,-9950,17-JAN-2024,
OPTIDX,NIFTY,28-Mar-2024,22550,PE,808.1,808.1,808.1,808.1,895.65,1,11.67,100,50,17-JAN-2024,
OPTIDX,NIFTY,28-Mar-2024,22600,PE,800,953.75,800,953.75,953.75,22,258.22,1800,450,17-JAN-2024,
OPTIDX,NIFTY,28-Mar-2024,22650,PE,802.3,815.55,802.3,815.55,968.5,2,23.45,4050,0,17-JAN-2024,
OPTIDX,NIFTY,28-Mar-2024,22700,PE,851,1016,851,1008.4,1008.4,26,307.61,3050,-300,17-JAN-2024,
OPTIDX,NIFTY,28-Mar-2024,22750,PE,1021.85,1024.45,1021.85,1023.15,1023.15,2,23.77,250,100,17-JAN-2024,
OPTIDX,NIFTY,28-Mar-2024,22800,PE,890,1030.05,889.95,1014,1082.5,16,190.23,600,400,17-JAN-2024,
OPTIDX,NIFTY,28-Mar-2024,22850,PE,0,0,0,1157.05,1121.7,0,0,900,0,17-JAN-2024,
OPTIDX,NIFTY,28-Mar-2024,22900,PE,938.2,1088.1,938.2,1074.75,1161.4,10,119.61,1950,0,17-JAN-2024,
OPTIDX,NIFTY,28-Mar-2024,22950,PE,0,0,0,1100.35,1201.7,0,0,0,0,17-JAN-2024,
OPTIDX,NIFTY,28-Mar-2024,23000,PE,991.65,1248.55,991.65,1231.95,1231.95,1271,15323.39,145850,-3350,17-JAN-2024,
OPTIDX,NIFTY,28-Mar-2024,23050,PE,0,0,0,883.95,1283.75,0,0,350,0,17-JAN-2024,
OPTIDX,NIFTY,28-Mar-2024,23100,PE,1188.9,1188.9,1188.9,1188.9,1325.5,1,12.14,50,50,17-JAN-2024,
OPTIDX,NIFTY,28-Mar-2024,23150,PE,0,0,0,1152.45,1367.7,0,0,50,0,17-JAN-2024,
OPTIDX,NIFTY,28-Mar-2024,23200,PE,0,0,0,1299.3,1410.3,0,0,100,0,17-JAN-2024,
OPTIDX,NIFTY,28-Mar-2024,23250,PE,0,0,0,1340.2,1453.35,0,0,100,0,17-JAN-2024,
OPTIDX,NIFTY,28-Mar-2024,23300,PE,1271.15,1271.15,1271.15,1271.15,1496.8,1,12.28,900,50,17-JAN-2024,
OPTIDX,NIFTY,28-Mar-2024,23350,PE,0,0,0,1388.8,1540.65,0,0,0,0,17-JAN-2024,
OPTIDX,NIFTY,28-Mar-2024,23400,PE,0,0,0,1425.9,1584.8,0,0,0,0,17-JAN-2024,
OPTIDX,NIFTY,28-Mar-2024,23450,PE,0,0,0,1457.95,1629.35,0,0,50,0,17-JAN-2024,
OPTIDX,NIFTY,28-Mar-2024,23500,PE,1435.1,1621.15,1435.1,1621.15,1621.15,13,162.98,900,350,17-JAN-2024,
OPTIDX,NIFTY,28-Mar-2024,23550,PE,0,0,0,1542.3,1719.35,0,0,0,0,17-JAN-2024,
OPTIDX,NIFTY,28-Mar-2024,23600,PE,0,0,0,1581.9,1764.8,0,0,0,0,17-JAN-2024,
OPTIDX,NIFTY,28-Mar-2024,23650,PE,0,0,0,1621.9,1810.5,0,0,0,0,17-JAN-2024,
OPTIDX,NIFTY,28-Mar-2024,23700,PE,0,0,0,1662.25,1856.5,0,0,0,0,17-JAN-2024,
OPTIDX,NIFTY,28-Mar-2024,23750,PE,0,0,0,1702.95,1902.7,0,0,0,0,17-JAN-2024,
OPTIDX,NIFTY,28-Mar-2024,23800,PE,0,0,0,1744.05,1949.15,0,0,0,0,17-JAN-2024,
OPTIDX,NIFTY,28-Mar-2024,23850,PE,0,0,0,1785.45,1995.85,0,0,0,0,17-JAN-2024,
OPTIDX,NIFTY,28-Mar-2024,24000,PE,1899.9,2125,1860,2112.55,2112.55,309,4016.04,216250,-100,17-JAN-2024,
OPTIDX,NIFTY,28-Mar-2024,25000,PE,2800,3075.3,2795.75,3051.85,3051.85,364,5100.37,422500,300,17-JAN-2024,
OPTIDX,NIFTY,28-Mar-2024,26000,PE,3815,4000,3814.95,4000,4000,51,761.96,6950,1950,17-JAN-2024,
OPTIDX,NIFTY,28-Mar-2024,27000,PE,0,0,0,4800,5075.85,0,0,200,0,17-JAN-2024,
OPTIDX,NIFTY,27-Jun-2024,15000,CE,0,0,0,4599.25,7014.65,0,0,50,0,17-JAN-2024,
OPTIDX,NIFTY,27-Jun-2024,17000,CE,0,0,0,5010.65,5073.95,0,0,50,0,17-JAN-2024,
OPTIDX,NIFTY,27-Jun-2024,18000,CE,4196.55,4225,4097.8,4126,4126,22,243.68,17750,-50,17-JAN-2024,
OPTIDX,NIFTY,27-Jun-2024,18500,CE,0,0,0,3900,3625.4,0,0,2725,0,17-JAN-2024,
OPTIDX,NIFTY,27-Jun-2024,19000,CE,3301,3337.55,3211.25,3231.6,3231.6,77,856.39,101900,-2000,17-JAN-2024,
OPTIDX,NIFTY,27-Jun-2024,20000,CE,2625,2625,2405,2430.1,2430.1,244,2744.61,156100,-1250,17-JAN-2024,
OPTIDX,NIFTY,27-Jun-2024,21000,CE,1847.55,1854.35,1675,1693.25,1693.25,940,10690.98,347250,200,17-JAN-2024,
OPTIDX,NIFTY,27-Jun-2024,22000,CE,1142.1,1225.3,1071,1082.95,1082.95,1800,20808.26,249600,-19150,17-JAN-2024,
OPTIDX,NIFTY,27-Jun-2024,23000,CE,761.55,761.55,627.1,632.35,632.35,3797,44898.32,673250,-12950,17-JAN-2024,
OPTIDX,NIFTY,27-Jun-2024,24000,CE,348.95,375,326,333.4,333.4,1587,19313.98,212000,8700,17-JAN-2024,
OPTIDX,NIFTY,27-Jun-2024,25000,CE,170,186.45,130,163.45,163.45,850,10691.28,109900,1950,17-JAN-2024,
OPTIDX,NIFTY,27-Jun-2024,26000,CE,85,85,75.65,81.4,81.4,312,4068.74,23050,2100,17-JAN-2024,
OPTIDX,NIFTY,27-Jun-2024,27000,CE,0,0,0,331.6,6.1,0,0,0,0,17-JAN-2024,
OPTIDX,NIFTY,27-Jun-2024,14000,PE,0,0,0,3.05,0.05,0,0,7275,0,17-JAN-2024,
OPTIDX,NIFTY,27-Jun-2024,15000,PE,0,0,0,3.05,0.05,0,0,12425,0,17-JAN-2024,
OPTIDX,NIFTY,27-Jun-2024,16000,PE,0,0,0,3.05,0.05,0,0,37950,0,17-JAN-2024,
OPTIDX,NIFTY,27-Jun-2024,17000,PE,0,0,0,12.3,0.25,0,0,126500,0,17-JAN-2024,
OPTIDX,NIFTY,27-Jun-2024,18000,PE,62.65,77.9,60.15,75.3,75.3,481,4345.88,459600,5600,17-JAN-2024,
OPTIDX,NIFTY,27-Jun-2024,19000,PE,134.85,160,130.15,153.2,153.2,2414,23107.83,732200,-25250,17-JAN-2024,
OPTIDX,NIFTY,27-Jun-2024,20000,PE,262,284.95,245,279.7,279.7,4232,42878.31,1026550,-39550,17-JAN-2024,
OPTIDX,NIFTY,27-Jun-2024,21000,PE,425.05,520,425.05,501.25,501.25,3556,38189.61,819250,1300,17-JAN-2024,
OPTIDX,NIFTY,27-Jun-2024,22000,PE,722.25,870.15,722.25,855,855,2685,30638.31,803800,-11350,17-JAN-2024,
OPTIDX,NIFTY,27-Jun-2024,23000,PE,1153,1395,1110,1374.25,1374.25,858,10429.7,132400,-4950,17-JAN-2024,
OPTIDX,NIFTY,27-Jun-2024,24000,PE,1735.3,2057.65,1735.3,2048.15,2048.15,307,3990.33,30300,8600,17-JAN-2024,
OPTIDX,NIFTY,27-Jun-2024,25000,PE,0,0,0,7199.55,2755.95,0,0,0,0,17-JAN-2024,
OPTIDX,NIFTY,27-Jun-2024,26000,PE,0,0,0,8015.6,3682.05,0,0,0,0,17-JAN-2024,
OPTIDX,NIFTY,27-Jun-2024,27000,PE,0,0,0,8206,4637.25,0,0,0,0,17-JAN-2024,
OPTIDX,NIFTY,26-Sep-2024,17000,CE,0,0,0,3800.4,5350.7,0,0,0,0,17-JAN-2024,
OPTIDX,NIFTY,26-Sep-2024,18000,CE,0,0,0,2994.95,4404.2,0,0,0,0,17-JAN-2024,
OPTIDX,NIFTY,26-Sep-2024,19000,CE,0,0,0,2277.4,3479.25,0,0,0,0,17-JAN-2024,
OPTIDX,NIFTY,26-Sep-2024,20000,CE,0,0,0,1666.45,2606.8,0,0,0,0,17-JAN-2024,
OPTIDX,NIFTY,26-Sep-2024,21000,CE,0,0,0,1173.8,1831.1,0,0,0,0,17-JAN-2024,
OPTIDX,NIFTY,26-Sep-2024,22000,CE,1542.2,1542.2,1370,1371.7,1371.7,30,351.46,7950,350,17-JAN-2024,
OPTIDX,NIFTY,26-Sep-2024,23000,CE,999.85,999.85,736.3,880,880,97,1160.09,6200,2150,17-JAN-2024,
OPTIDX,NIFTY,26-Sep-2024,24000,CE,500,500,500,500,399.25,1,12.25,1200,0,17-JAN-2024,
OPTIDX,NIFTY,26-Sep-2024,25000,CE,290,290,271.25,271.25,271.25,16,202.31,1250,-750,17-JAN-2024,
OPTIDX,NIFTY,26-Sep-2024,26000,CE,98.8,98.8,98.8,98.8,96.35,1,13.04,2450,0,17-JAN-2024,
OPTIDX,NIFTY,26-Sep-2024,27000,CE,0,0,0,68.7,42.15,0,0,0,0,17-JAN-2024,
OPTIDX,NIFTY,26-Sep-2024,17000,PE,0,0,0,103.7,1.65,0,0,0,0,17-JAN-2024,
OPTIDX,NIFTY,26-Sep-2024,18000,PE,0,0,0,229.25,9.5,0,0,0,0,17-JAN-2024,
OPTIDX,NIFTY,26-Sep-2024,19000,PE,0,0,0,239.55,38.8,0,0,2850,0,17-JAN-2024,
OPTIDX,NIFTY,26-Sep-2024,20000,PE,0,0,0,762.75,120.65,0,0,0,0,17-JAN-2024,
OPTIDX,NIFTY,26-Sep-2024,21000,PE,0,0,0,1201.1,299.25,0,0,0,0,17-JAN-2024,
OPTIDX,NIFTY,26-Sep-2024,22000,PE,0,0,0,1754.25,617.15,0,0,0,0,17-JAN-2024,
OPTIDX,NIFTY,26-Sep-2024,23000,PE,0,0,0,913.6,1096.4,0,0,100,0,17-JAN-2024,
OPTIDX,NIFTY,26-Sep-2024,24000,PE,0,0,0,3149.25,1730.25,0,0,0,0,17-JAN-2024,
OPTIDX,NIFTY,26-Sep-2024,25000,PE,0,0,0,3952.4,2489.35,0,0,0,0,17-JAN-2024,
OPTIDX,NIFTY,26-Sep-2024,26000,PE,0,0,0,4801.5,3335.9,0,0,0,0,17-JAN-2024,
OPTIDX,NIFTY,26-Sep-2024,27000,PE,0,0,0,5681.95,4236.05,0,0,0,0,17-JAN-2024,
OPTIDX,NIFTY,26-Dec-2024,14000,CE,0,0,0,8599,8434.85,0,0,100,0,17-JAN-2024,
OPTIDX,NIFTY,26-Dec-2024,15000,CE,0,0,0,7100,7496.6,0,0,2100,0,17-JAN-2024,
OPTIDX,NIFTY,26-Dec-2024,16000,CE,6498,6498,6400,6400,6400,4,44.91,21950,-150,17-JAN-2024,
OPTIDX,NIFTY,26-Dec-2024,17000,CE,5549.95,5549.95,5549.95,5549.95,5624.1,1,11.27,21050,-50,17-JAN-2024,
OPTIDX,NIFTY,26-Dec-2024,18000,CE,4705,4705,4550,4558,4558,9,101.81,25050,-100,17-JAN-2024,
OPTIDX,NIFTY,26-Dec-2024,18500,CE,0,0,0,4400,4244.95,0,0,1000,0,17-JAN-2024,
OPTIDX,NIFTY,26-Dec-2024,19000,CE,3892,3892,3753.25,3796.55,3796.55,46,525.38,69950,800,17-JAN-2024,
OPTIDX,NIFTY,26-Dec-2024,20000,CE,3171.55,3200,3016,3033,3033,48,554.42,81450,-650,17-JAN-2024,
OPTIDX,NIFTY,26-Dec-2024,21000,CE,2500,2500,2309.95,2318.65,2318.65,167,1953.4,126450,400,17-JAN-2024,
OPTIDX,NIFTY,26-Dec-2024,22000,CE,1823.75,1856,1679.95,1688.9,1688.9,408,4846.94,153500,5800,17-JAN-2024,
OPTIDX,NIFTY,26-Dec-2024,23000,CE,1275,1275,1154.95,1159.2,1159.2,347,4200.69,158800,-4150,17-JAN-2024,
OPTIDX,NIFTY,26-Dec-2024,24000,CE,765.1,822.05,746,748.85,748.85,199,2465.85,143550,-950,17-JAN-2024,
OPTIDX,NIFTY,26-Dec-2024,25000,CE,487.85,507,453,466.05,466.05,219,2790.36,172950,250,17-JAN-2024,
OPTIDX,NIFTY,26-Dec-2024,26000,CE,299.95,300,270.5,274.95,274.95,187,2457.53,61400,-850,17-JAN-2024,
OPTIDX,NIFTY,26-Dec-2024,27000,CE,184.95,184.95,165.45,168.05,168.05,144,1956.62,34450,-300,17-JAN-2024,
OPTIDX,NIFTY,26-Dec-2024,14000,PE,0,0,0,20.5,0.05,0,0,3300,0,17-JAN-2024,
OPTIDX,NIFTY,26-Dec-2024,15000,PE,0,0,0,12.7,0.1,0,0,28300,0,17-JAN-2024,
OPTIDX,NIFTY,26-Dec-2024,16000,PE,0,0,0,47.75,0.8,0,0,13500,0,17-JAN-2024,
OPTIDX,NIFTY,26-Dec-2024,17000,PE,84.95,88,74.3,82.8,82.8,51,435.54,71400,450,17-JAN-2024,
OPTIDX,NIFTY,26-Dec-2024,18000,PE,131.4,137.85,119.25,135.95,135.95,338,3063.29,249050,1200,17-JAN-2024,
OPTIDX,NIFTY,26-Dec-2024,19000,PE,208,231.9,200.05,229.65,229.65,530,5092.29,428400,-1000,17-JAN-2024,
OPTIDX,NIFTY,26-Dec-2024,20000,PE,350.05,369.9,337,364.45,364.45,880,8954.84,541000,7400,17-JAN-2024,
OPTIDX,NIFTY,26-Dec-2024,21000,PE,548.65,581,531.05,575.8,575.8,1145,12339.23,828800,6950,17-JAN-2024,
OPTIDX,NIFTY,26-Dec-2024,22000,PE,792.6,888,792.6,874.65,874.65,616,7035.42,293100,4950,17-JAN-2024,
OPTIDX,NIFTY,26-Dec-2024,23000,PE,1197.25,1295,1180,1274.9,1274.9,440,5332.85,107100,4350,17-JAN-2024,
OPTIDX,NIFTY,26-Dec-2024,24000,PE,1648.3,1845,1648,1818.8,1818.8,82,1055.66,20600,0,17-JAN-2024,
OPTIDX,NIFTY,26-Dec-2024,25000,PE,2111.05,2458.9,2111.05,2436.95,2436.95,11,150.55,9550,0,17-JAN-2024,
OPTIDX,NIFTY,26-Dec-2024,26000,PE,0,0,0,7636.7,3045.45,0,0,0,0,17-JAN-2024,
OPTIDX,NIFTY,26-Dec-2024,27000,PE,0,0,0,4500,3882.2,0,0,50,0,17-JAN-2024,
OPTIDX,NIFTY,26-Jun-2025,17000,CE,0,0,0,4165.5,6159.05,0,0,2750,0,17-JAN-2024,
OPTIDX,NIFTY,26-Jun-2025,18000,CE,0,0,0,3934,5273.7,0,0,2200,0,17-JAN-2024,
OPTIDX,NIFTY,26-Jun-2025,19000,CE,0,0,0,3077.9,4415.7,0,0,0,0,17-JAN-2024,
OPTIDX,NIFTY,26-Jun-2025,20000,CE,0,0,0,3180.85,3603.85,0,0,0,0,17-JAN-2024,
OPTIDX,NIFTY,26-Jun-2025,21000,CE,0,0,0,3199.45,2859.15,0,0,0,0,17-JAN-2024,
OPTIDX,NIFTY,26-Jun-2025,22000,CE,0,0,0,2088.15,2200.7,0,0,0,0,17-JAN-2024,
OPTIDX,NIFTY,26-Jun-2025,23000,CE,0,0,0,2003.65,1641.55,0,0,0,0,17-JAN-2024,
OPTIDX,NIFTY,26-Jun-2025,24000,CE,0,0,0,1100.85,1186.25,0,0,0,0,17-JAN-2024,
OPTIDX,NIFTY,26-Jun-2025,25000,CE,0,0,0,945.65,830.8,0,0,0,0,17-JAN-2024,
OPTIDX,NIFTY,26-Jun-2025,26000,CE,0,0,0,811.85,564.4,0,0,0,0,17-JAN-2024,
OPTIDX,NIFTY,26-Jun-2025,27000,CE,0,0,0,803.5,372.4,0,0,0,0,17-JAN-2024,
OPTIDX,NIFTY,26-Jun-2025,14000,PE,0,0,0,42.35,0.1,0,0,675,0,17-JAN-2024,
OPTIDX,NIFTY,26-Jun-2025,15000,PE,0,0,0,134,0.7,0,0,1800,0,17-JAN-2024,
OPTIDX,NIFTY,26-Jun-2025,16000,PE,0,0,0,129.2,3.15,0,0,100,0,17-JAN-2024,
OPTIDX,NIFTY,26-Jun-2025,17000,PE,0,0,0,3497.35,11.3,0,0,0,0,17-JAN-2024,
OPTIDX,NIFTY,26-Jun-2025,18000,PE,0,0,0,3586.15,33.25,0,0,0,0,17-JAN-2024,
OPTIDX,NIFTY,26-Jun-2025,19000,PE,0,0,0,3210.95,82.6,0,0,0,0,17-JAN-2024,
OPTIDX,NIFTY,26-Jun-2025,20000,PE,233.45,326.85,233.45,280.15,280.15,2,20.28,500,100,17-JAN-2024,
OPTIDX,NIFTY,26-Jun-2025,21000,PE,0,0,0,3070.85,340.65,0,0,0,0,17-JAN-2024,
OPTIDX,NIFTY,26-Jun-2025,22000,PE,0,0,0,3957.4,589.5,0,0,0,0,17-JAN-2024,
OPTIDX,NIFTY,26-Jun-2025,23000,PE,0,0,0,1170,937.65,0,0,0,0,17-JAN-2024,
OPTIDX,NIFTY,26-Jun-2025,24000,PE,0,0,0,5875.1,1389.65,0,0,0,0,17-JAN-2024,
OPTIDX,NIFTY,26-Jun-2025,25000,PE,0,0,0,6576.35,1941.55,0,0,0,0,17-JAN-2024,
OPTIDX,NIFTY,26-Jun-2025,26000,PE,0,0,0,7299,2582.45,0,0,0,0,17-JAN-2024,
OPTIDX,NIFTY,26-Jun-2025,27000,PE,0,0,0,7438.15,3297.75,0,0,0,0,17-JAN-2024,
OPTIDX,NIFTY,24-Dec-2025,16000,CE,0,0,0,7200,7539.1,0,0,50,0,17-JAN-2024,
OPTIDX,NIFTY,24-Dec-2025,17000,CE,0,0,0,5080,6673.4,0,0,650,0,17-JAN-2024,
OPTIDX,NIFTY,24-Dec-2025,18000,CE,0,0,0,6099.95,5822.55,0,0,5650,0,17-JAN-2024,
OPTIDX,NIFTY,24-Dec-2025,19000,CE,0,0,0,4401,4997.55,0,0,3200,0,17-JAN-2024,
OPTIDX,NIFTY,24-Dec-2025,19500,CE,0,0,0,3672.95,4599.05,0,0,1250,0,17-JAN-2024,
OPTIDX,NIFTY,24-Dec-2025,20000,CE,4295,4295,4295,4295,4295,1,12.14,350,50,17-JAN-2024,
OPTIDX,NIFTY,24-Dec-2025,21000,CE,0,0,0,1400,3481.8,0,0,100,0,17-JAN-2024,
OPTIDX,NIFTY,24-Dec-2025,22000,CE,2929,2939,2811,2811,2819.55,4,49.79,550,-50,17-JAN-2024,
OPTIDX,NIFTY,24-Dec-2025,23000,CE,2469,2469,2350,2350,2235.85,2,25.4,2450,100,17-JAN-2024,
OPTIDX,NIFTY,24-Dec-2025,24000,CE,0,0,0,1396.05,1736.05,0,0,0,0,17-JAN-2024,
OPTIDX,NIFTY,24-Dec-2025,25000,CE,0,0,0,1222.85,1320.3,0,0,0,0,17-JAN-2024,
OPTIDX,NIFTY,24-Dec-2025,26000,CE,0,0,0,1070.85,984.05,0,0,0,0,17-JAN-2024,
OPTIDX,NIFTY,24-Dec-2025,27000,CE,0,0,0,1071,719.35,0,0,0,0,17-JAN-2024,
OPTIDX,NIFTY,24-Dec-2025,13000,PE,0,0,0,400,0.05,0,0,150,0,17-JAN-2024,
OPTIDX,NIFTY,24-Dec-2025,15000,PE,0,0,0,62.15,1.75,0,0,1100,0,17-JAN-2024,
OPTIDX,NIFTY,24-Dec-2025,16000,PE,0,0,0,79,6.2,0,0,2550,0,17-JAN-2024,
OPTIDX,NIFTY,24-Dec-2025,16500,PE,0,0,0,38.15,10.75,0,0,2600,0,17-JAN-2024,
OPTIDX,NIFTY,24-Dec-2025,17000,PE,0,0,0,155.05,17.95,0,0,2400,0,17-JAN-2024,
OPTIDX,NIFTY,24-Dec-2025,18000,PE,0,0,0,60.55,44.5,0,0,3600,0,17-JAN-2024,
OPTIDX,NIFTY,24-Dec-2025,19000,PE,0,0,0,620.05,96.95,0,0,3800,0,17-JAN-2024,
OPTIDX,NIFTY,24-Dec-2025,20000,PE,0,0,0,199.85,189.2,0,0,4550,0,17-JAN-2024,
OPTIDX,NIFTY,24-Dec-2025,21000,PE,0,0,0,701,336.1,0,0,3200,0,17-JAN-2024,
OPTIDX,NIFTY,24-Dec-2025,22000,PE,0,0,0,910,551.3,0,0,2250,0,17-JAN-2024,
OPTIDX,NIFTY,24-Dec-2025,23000,PE,0,0,0,1189.5,845.05,0,0,550,0,17-JAN-2024,
OPTIDX,NIFTY,24-Dec-2025,24000,PE,0,0,0,5649,1222.65,0,0,0,0,17-JAN-2024,
OPTIDX,NIFTY,24-Dec-2025,25000,PE,0,0,0,6310.55,1684.35,0,0,0,0,17-JAN-2024,
OPTIDX,NIFTY,24-Dec-2025,26000,PE,0,0,0,6993.25,2225.5,0,0,0,0,17-JAN-2024,
OPTIDX,NIFTY,24-Dec-2025,27000,PE,0,0,0,7112.8,2838.3,0,0,0,0,17-JAN-2024,
OPTIDX,NIFTY,25-Jun-2026,12000,CE,0,0,0,8690,11393.1,0,0,50,0,17-JAN-2024,
OPTIDX,NIFTY,25-Jun-2026,17000,CE,0,0,0,4348.25,7175,0,0,0,0,17-JAN-2024,
OPTIDX,NIFTY,25-Jun-2026,18000,CE,0,0,0,4150,6355.4,0,0,200,0,17-JAN-2024,
OPTIDX,NIFTY,25-Jun-2026,19000,CE,0,0,0,2872.25,5559.25,0,0,100,0,17-JAN-2024,
OPTIDX,NIFTY,25-Jun-2026,20000,CE,0,0,0,3829.5,4797.25,0,0,0,0,17-JAN-2024,
OPTIDX,NIFTY,25-Jun-2026,21000,CE,0,0,0,3881.9,4080.6,0,0,0,0,17-JAN-2024,
OPTIDX,NIFTY,25-Jun-2026,22000,CE,0,0,0,2722.55,3419.65,0,0,0,0,17-JAN-2024,
OPTIDX,NIFTY,25-Jun-2026,23000,CE,0,0,0,2645.65,2822.7,0,0,0,0,17-JAN-2024,
OPTIDX,NIFTY,25-Jun-2026,24000,CE,0,0,0,1698.3,2295,0,0,0,0,17-JAN-2024,
OPTIDX,NIFTY,25-Jun-2026,25000,CE,0,0,0,1510.4,1838.4,0,0,0,0,17-JAN-2024,
OPTIDX,NIFTY,25-Jun-2026,26000,CE,0,0,0,1343.15,1451.45,0,0,0,0,17-JAN-2024,
OPTIDX,NIFTY,25-Jun-2026,27000,CE,0,0,0,1352.8,1130.15,0,0,0,0,17-JAN-2024,
OPTIDX,NIFTY,25-Jun-2026,12000,PE,0,0,0,10.05,0.05,0,0,500,0,17-JAN-2024,
OPTIDX,NIFTY,25-Jun-2026,13000,PE,0,0,0,45.25,0.2,0,0,200,0,17-JAN-2024,
OPTIDX,NIFTY,25-Jun-2026,14000,PE,0,0,0,300,0.85,0,0,100,0,17-JAN-2024,
OPTIDX,NIFTY,25-Jun-2026,15000,PE,0,0,0,105.5,3.1,0,0,850,0,17-JAN-2024,
OPTIDX,NIFTY,25-Jun-2026,16000,PE,0,0,0,54.8,9.15,0,0,500,0,17-JAN-2024,
OPTIDX,NIFTY,25-Jun-2026,17000,PE,0,0,0,2627.25,23.2,0,0,0,0,17-JAN-2024,
OPTIDX,NIFTY,25-Jun-2026,18000,PE,0,0,0,3088.05,51.8,0,0,0,0,17-JAN-2024,
OPTIDX,NIFTY,25-Jun-2026,19000,PE,0,0,0,140.45,103.9,0,0,100,0,17-JAN-2024,
OPTIDX,NIFTY,25-Jun-2026,20000,PE,0,0,0,3159.75,190.15,0,0,0,0,17-JAN-2024,
OPTIDX,NIFTY,25-Jun-2026,21000,PE,0,0,0,3065.6,321.7,0,0,0,0,17-JAN-2024,
OPTIDX,NIFTY,25-Jun-2026,22000,PE,0,0,0,3829.5,509,0,0,0,0,17-JAN-2024,
OPTIDX,NIFTY,25-Jun-2026,23000,PE,0,0,0,4171.75,760.3,0,0,0,0,17-JAN-2024,
OPTIDX,NIFTY,25-Jun-2026,24000,PE,0,0,0,5437.7,1080.85,0,0,0,0,17-JAN-2024,
OPTIDX,NIFTY,25-Jun-2026,25000,PE,0,0,0,6063.1,1472.5,0,0,0,0,17-JAN-2024,
OPTIDX,NIFTY,25-Jun-2026,26000,PE,0,0,0,6709.2,1933.8,0,0,0,0,17-JAN-2024,
OPTIDX,NIFTY,25-Jun-2026,27000,PE,0,0,0,6810.7,2460.75,0,0,0,0,17-JAN-2024,
OPTIDX,NIFTY,31-Dec-2026,16000,CE,0,0,0,6200,8477.9,0,0,50,0,17-JAN-2024,
OPTIDX,NIFTY,31-Dec-2026,17000,CE,0,0,0,4955.1,7674.15,0,0,0,0,17-JAN-2024,
OPTIDX,NIFTY,31-Dec-2026,18000,CE,0,0,0,4501.45,6884.05,0,0,0,0,17-JAN-2024,
OPTIDX,NIFTY,31-Dec-2026,19000,CE,0,0,0,4999,6114.85,0,0,200,0,17-JAN-2024,
OPTIDX,NIFTY,31-Dec-2026,20000,CE,0,0,0,3704.3,5374.9,0,0,0,0,17-JAN-2024,
OPTIDX,NIFTY,31-Dec-2026,21000,CE,0,0,0,3356.25,4672.9,0,0,0,0,17-JAN-2024,
OPTIDX,NIFTY,31-Dec-2026,22000,CE,0,0,0,3039,4017,0,0,0,0,17-JAN-2024,
OPTIDX,NIFTY,31-Dec-2026,23000,CE,0,0,0,2020,3414.1,0,0,500,0,17-JAN-2024,
OPTIDX,NIFTY,31-Dec-2026,24000,CE,0,0,0,2010.65,2868.9,0,0,0,0,17-JAN-2024,
OPTIDX,NIFTY,31-Dec-2026,25000,CE,0,0,0,1811.2,2384.05,0,0,0,0,17-JAN-2024,
OPTIDX,NIFTY,31-Dec-2026,26000,CE,0,0,0,1631.05,1959.8,0,0,0,0,17-JAN-2024,
OPTIDX,NIFTY,31-Dec-2026,27000,CE,0,0,0,1651.65,1594.3,0,0,0,0,17-JAN-2024,
OPTIDX,NIFTY,31-Dec-2026,12000,PE,0,0,0,250.1,0.1,0,0,600,0,17-JAN-2024,
OPTIDX,NIFTY,31-Dec-2026,13000,PE,0,0,0,450,0.4,0,0,200,0,17-JAN-2024,
OPTIDX,NIFTY,31-Dec-2026,14000,PE,0,0,0,500,1.45,0,0,950,0,17-JAN-2024,
OPTIDX,NIFTY,31-Dec-2026,15000,PE,0,0,0,118.9,4.45,0,0,2200,0,17-JAN-2024,
OPTIDX,NIFTY,31-Dec-2026,16000,PE,0,0,0,73.05,11.65,0,0,2450,0,17-JAN-2024,
OPTIDX,NIFTY,31-Dec-2026,17000,PE,0,0,0,177.55,27,0,0,2700,0,17-JAN-2024,
OPTIDX,NIFTY,31-Dec-2026,18000,PE,0,0,0,374.15,56,0,0,6350,0,17-JAN-2024,
OPTIDX,NIFTY,31-Dec-2026,19000,PE,0,0,0,450,105.9,0,0,3200,0,17-JAN-2024,
OPTIDX,NIFTY,31-Dec-2026,20000,PE,0,0,0,250.85,185.05,0,0,3750,0,17-JAN-2024,
OPTIDX,NIFTY,31-Dec-2026,21000,PE,0,0,0,649,302.2,0,0,850,0,17-JAN-2024,
OPTIDX,NIFTY,31-Dec-2026,22000,PE,0,0,0,609.65,465.4,0,0,100,0,17-JAN-2024,
OPTIDX,NIFTY,31-Dec-2026,23000,PE,0,0,0,1158.95,681.6,0,0,5800,0,17-JAN-2024,
OPTIDX,NIFTY,31-Dec-2026,24000,PE,0,0,0,5233.45,955.55,0,0,0,0,17-JAN-2024,
OPTIDX,NIFTY,31-Dec-2026,25000,PE,0,0,0,5825.75,1289.8,0,0,0,0,17-JAN-2024,
OPTIDX,NIFTY,31-Dec-2026,26000,PE,0,0,0,6437.4,1684.65,0,0,0,0,17-JAN-2024,
OPTIDX,NIFTY,31-Dec-2026,27000,PE,0,0,0,6522.3,2138.25,0,0,0,0,17-JAN-2024,
OPTIDX,NIFTY,24-Jun-2027,17000,CE,0,0,0,4464.7,8119.8,0,0,0,0,17-JAN-2024,
OPTIDX,NIFTY,24-Jun-2027,18000,CE,0,0,0,4066.45,7355.2,0,0,0,0,17-JAN-2024,
OPTIDX,NIFTY,24-Jun-2027,19000,CE,0,0,0,3701.25,6609.25,0,0,100,0,17-JAN-2024,
OPTIDX,NIFTY,24-Jun-2027,20000,CE,0,0,0,3367.05,5888.8,0,0,0,0,17-JAN-2024,
OPTIDX,NIFTY,24-Jun-2027,21000,CE,0,0,0,3061.8,5200.85,0,0,0,0,17-JAN-2024,
OPTIDX,NIFTY,24-Jun-2027,22000,CE,0,0,0,2783.5,4552.1,0,0,0,0,17-JAN-2024,
OPTIDX,NIFTY,24-Jun-2027,23000,CE,0,0,0,2530.05,3948.4,0,0,0,0,17-JAN-2024,
OPTIDX,NIFTY,24-Jun-2027,24000,CE,0,0,0,2299.55,3394.1,0,0,0,0,17-JAN-2024,
OPTIDX,NIFTY,24-Jun-2027,25000,CE,0,0,0,2090.05,2891.95,0,0,0,0,17-JAN-2024,
OPTIDX,NIFTY,24-Jun-2027,26000,CE,0,0,0,1900.85,2443,0,0,0,0,17-JAN-2024,
OPTIDX,NIFTY,24-Jun-2027,27000,CE,0,0,0,1932.5,2046.75,0,0,0,0,17-JAN-2024,
OPTIDX,NIFTY,24-Jun-2027,17000,PE,0,0,0,1814.75,29.2,0,0,0,0,17-JAN-2024,
OPTIDX,NIFTY,24-Jun-2027,18000,PE,0,0,0,2188.9,57.65,0,0,0,0,17-JAN-2024,
OPTIDX,NIFTY,24-Jun-2027,19000,PE,0,0,0,223.05,104.75,0,0,200,0,17-JAN-2024,
OPTIDX,NIFTY,24-Jun-2027,20000,PE,0,0,0,3034.2,177.3,0,0,0,0,17-JAN-2024,
OPTIDX,NIFTY,24-Jun-2027,21000,PE,0,0,0,3501.35,282.35,0,0,0,0,17-JAN-2024,
OPTIDX,NIFTY,24-Jun-2027,22000,PE,0,0,0,3995.4,426.65,0,0,0,0,17-JAN-2024,
OPTIDX,NIFTY,24-Jun-2027,23000,PE,0,0,0,4514.3,615.95,0,0,0,0,17-JAN-2024,
OPTIDX,NIFTY,24-Jun-2027,24000,PE,0,0,0,5056.2,854.7,0,0,0,0,17-JAN-2024,
OPTIDX,NIFTY,24-Jun-2027,25000,PE,0,0,0,5619.05,1145.55,0,0,0,0,17-JAN-2024,
OPTIDX,NIFTY,24-Jun-2027,26000,PE,0,0,0,6202.2,1489.65,0,0,0,0,17-JAN-2024,
OPTIDX,NIFTY,24-Jun-2027,27000,PE,0,0,0,6273.45,1886.4,0,0,0,0,17-JAN-2024,
OPTIDX,NIFTY,30-Dec-2027,17000,CE,0,0,0,6805.5,8584.15,0,0,0,0,17-JAN-2024,
OPTIDX,NIFTY,30-Dec-2027,18000,CE,0,0,0,6285.7,7845.6,0,0,0,0,17-JAN-2024,
OPTIDX,NIFTY,30-Dec-2027,19000,CE,0,0,0,5794.9,7123.5,0,0,0,0,17-JAN-2024,
OPTIDX,NIFTY,30-Dec-2027,20000,CE,0,0,0,5333.85,6423.4,0,0,0,0,17-JAN-2024,
OPTIDX,NIFTY,30-Dec-2027,21000,CE,0,0,0,4902.4,5751.05,0,0,0,0,17-JAN-2024,
OPTIDX,NIFTY,30-Dec-2027,22000,CE,0,0,0,4499.55,5112,0,0,0,0,17-JAN-2024,
OPTIDX,NIFTY,30-Dec-2027,23000,CE,0,0,0,4125.7,4511.15,0,0,0,0,17-JAN-2024,
OPTIDX,NIFTY,30-Dec-2027,24000,CE,0,0,0,3778.95,3952.4,0,0,0,0,17-JAN-2024,
OPTIDX,NIFTY,30-Dec-2027,25000,CE,0,0,0,3458.35,3438.55,0,0,0,0,17-JAN-2024,
OPTIDX,NIFTY,30-Dec-2027,26000,CE,0,0,0,3162.4,2971,0,0,0,0,17-JAN-2024,
OPTIDX,NIFTY,30-Dec-2027,27000,CE,0,0,0,2889.8,2550.05,0,0,0,0,17-JAN-2024,
OPTIDX,NIFTY,30-Dec-2027,15000,PE,0,0,0,86.75,6.45,0,0,350,0,17-JAN-2024,
OPTIDX,NIFTY,30-Dec-2027,17000,PE,0,0,0,514,30.5,0,0,14250,0,17-JAN-2024,
OPTIDX,NIFTY,30-Dec-2027,18000,PE,0,0,0,74.8,57.75,0,0,10500,0,17-JAN-2024,
OPTIDX,NIFTY,30-Dec-2027,19000,PE,0,0,0,760,101.4,0,0,700,0,17-JAN-2024,
OPTIDX,NIFTY,30-Dec-2027,20000,PE,0,0,0,811,167.1,0,0,2350,0,17-JAN-2024,
OPTIDX,NIFTY,30-Dec-2027,21000,PE,0,0,0,1563.55,260.55,0,0,0,0,17-JAN-2024,
OPTIDX,NIFTY,30-Dec-2027,22000,PE,0,0,0,1867.9,387.3,0,0,0,0,17-JAN-2024,
OPTIDX,NIFTY,30-Dec-2027,23000,PE,0,0,0,2201.3,552.25,0,0,0,0,17-JAN-2024,
OPTIDX,NIFTY,30-Dec-2027,24000,PE,0,0,0,2561.85,759.25,0,0,0,0,17-JAN-2024,
OPTIDX,NIFTY,30-Dec-2027,25000,PE,0,0,0,2948.45,1011.15,0,0,0,0,17-JAN-2024,
OPTIDX,NIFTY,30-Dec-2027,26000,PE,0,0,0,3359.75,1309.4,0,0,0,0,17-JAN-2024,
OPTIDX,NIFTY,30-Dec-2027,27000,PE,0,0,0,3794.4,1654.25,0,0,0,0,17-JAN-2024,
OPTIDX,NIFTY,29-Jun-2028,17000,CE,0,0,0,7393.45,9015.45,0,0,0,0,17-JAN-2024,
OPTIDX,NIFTY,29-Jun-2028,18000,CE,0,0,0,6809.35,8300.75,0,0,0,0,17-JAN-2024,
OPTIDX,NIFTY,29-Jun-2028,19000,CE,0,0,0,6252.25,7600.6,0,0,0,0,17-JAN-2024,
OPTIDX,NIFTY,29-Jun-2028,20000,CE,0,0,0,5724.65,6919.7,0,0,0,0,17-JAN-2024,
OPTIDX,NIFTY,29-Jun-2028,21000,CE,0,0,0,5226.55,6262.75,0,0,0,0,17-JAN-2024,
OPTIDX,NIFTY,29-Jun-2028,22000,CE,0,0,0,4759.5,5634.5,0,0,0,0,17-JAN-2024,
OPTIDX,NIFTY,29-Jun-2028,23000,CE,0,0,0,4323.1,5039.1,0,0,0,0,17-JAN-2024,
OPTIDX,NIFTY,29-Jun-2028,24000,CE,0,0,0,3918.85,4480,0,0,0,0,17-JAN-2024,
OPTIDX,NIFTY,29-Jun-2028,25000,CE,0,0,0,3545.15,3959.95,0,0,0,0,17-JAN-2024,
OPTIDX,NIFTY,29-Jun-2028,26000,CE,0,0,0,3200.9,3480.5,0,0,0,0,17-JAN-2024,
OPTIDX,NIFTY,29-Jun-2028,27000,CE,0,0,0,2885.15,3042.5,0,0,0,0,17-JAN-2024,
OPTIDX,NIFTY,29-Jun-2028,17000,PE,0,0,0,283.1,30.95,0,0,0,0,17-JAN-2024,
OPTIDX,NIFTY,29-Jun-2028,18000,PE,0,0,0,396.75,56.65,0,0,0,0,17-JAN-2024,
OPTIDX,NIFTY,29-Jun-2028,19000,PE,0,0,0,537.45,96.95,0,0,0,0,17-JAN-2024,
OPTIDX,NIFTY,29-Jun-2028,20000,PE,0,0,0,707.55,156.5,0,0,0,0,17-JAN-2024,
OPTIDX,NIFTY,29-Jun-2028,21000,PE,0,0,0,907.2,240,0,0,0,0,17-JAN-2024,
OPTIDX,NIFTY,29-Jun-2028,22000,PE,0,0,0,1137.9,352.2,0,0,0,0,17-JAN-2024,
OPTIDX,NIFTY,29-Jun-2028,23000,PE,0,0,0,1399.25,497.2,0,0,0,0,17-JAN-2024,
OPTIDX,NIFTY,29-Jun-2028,24000,PE,0,0,0,1692.75,678.6,0,0,0,0,17-JAN-2024,
OPTIDX,NIFTY,29-Jun-2028,25000,PE,0,0,0,2016.8,898.95,0,0,0,0,17-JAN-2024,
OPTIDX,NIFTY,29-Jun-2028,26000,PE,0,0,0,2370.3,1159.95,0,0,0,0,17-JAN-2024,
OPTIDX,NIFTY,29-Jun-2028,27000,PE,0,0,0,2752.35,1462.35,0,0,0,0,17-JAN-2024,
OPTIDX,NIFTY,28-Dec-2028,17000,CE,0,0,0,10036.4,9431.85,0,0,0,0,17-JAN-2024,
OPTIDX,NIFTY,28-Dec-2028,18000,CE,0,0,0,9380.3,8740,0,0,0,0,17-JAN-2024,
OPTIDX,NIFTY,28-Dec-2028,19000,CE,0,0,0,8739,8061.05,0,0,0,0,17-JAN-2024,
OPTIDX,NIFTY,28-Dec-2028,20000,CE,0,0,0,8115.5,7398.95,0,0,0,0,17-JAN-2024,
OPTIDX,NIFTY,28-Dec-2028,21000,CE,0,0,0,7512.5,6757.7,0,0,0,0,17-JAN-2024,
OPTIDX,NIFTY,28-Dec-2028,22000,CE,0,0,0,6932.45,6141.3,0,0,0,0,17-JAN-2024,
OPTIDX,NIFTY,28-Dec-2028,23000,CE,0,0,0,6377.6,5553.3,0,0,0,0,17-JAN-2024,
OPTIDX,NIFTY,28-Dec-2028,24000,CE,0,0,0,5850.3,4996.85,0,0,0,0,17-JAN-2024,
OPTIDX,NIFTY,28-Dec-2028,25000,CE,0,0,0,5350.4,4474.4,0,0,0,0,17-JAN-2024,
OPTIDX,NIFTY,28-Dec-2028,26000,CE,0,0,0,4879.7,3987.75,0,0,0,0,17-JAN-2024,
OPTIDX,NIFTY,28-Dec-2028,27000,CE,0,0,0,4437.95,3537.85,0,0,0,0,17-JAN-2024,
OPTIDX,NIFTY,28-Dec-2028,17000,PE,0,0,0,66.15,30.7,0,0,0,0,17-JAN-2024,
OPTIDX,NIFTY,28-Dec-2028,18000,PE,0,0,0,104.65,54.8,0,0,0,0,17-JAN-2024,
OPTIDX,NIFTY,28-Dec-2028,19000,PE,0,0,0,158,91.8,0,0,0,0,17-JAN-2024,
OPTIDX,NIFTY,28-Dec-2028,20000,PE,0,0,0,229.1,145.65,0,0,0,0,17-JAN-2024,
OPTIDX,NIFTY,28-Dec-2028,21000,PE,0,0,0,320.7,220.35,0,0,0,0,17-JAN-2024,
OPTIDX,NIFTY,28-Dec-2028,22000,PE,0,0,0,435.3,319.85,0,0,0,0,17-JAN-2024,
OPTIDX,NIFTY,28-Dec-2028,23000,PE,0,0,0,575.05,447.75,0,0,0,0,17-JAN-2024,
OPTIDX,NIFTY,28-Dec-2028,24000,PE,0,0,0,742.35,607.25,0,0,0,0,17-JAN-2024,
OPTIDX,NIFTY,28-Dec-2028,25000,PE,0,0,0,937.05,800.75,0,0,0,0,17-JAN-2024,
OPTIDX,NIFTY,28-Dec-2028,26000,PE,0,0,0,1160.95,1030,0,0,0,0,17-JAN-2024,
OPTIDX,NIFTY,28-Dec-2028,27000,PE,0,0,0,1413.85,1296.05,0,0,0,0,17-JAN-2024,
