INSTRUMENT,SYMBOL,EXPIRY_DT,STRIKE_PR,OPTION_TYP,OPEN,HIGH,LOW,CLOSE,SETTLE_PR,CONTRACTS,VAL_INLAKH,OPEN_INT,CHG_IN_OI,TIMESTAMP,
FUTIDX,NIFTY,28-Mar-2024,0,XX,22143.95,22219.65,22018.25,22135.45,22135.45,118534,1310929.75,12686550,133700,18-MAR-2024,
FUTIDX,NIFTY,25-Apr-2024,0,XX,22275,22373.25,22185.4,22298.25,22298.25,22648,252222.31,2558250,171850,18-MAR-2024,
FUTIDX,NIFTY,30-May-2024,0,XX,22351.75,22519.95,22339,22440.9,22440.9,12843,143896.39,1384100,200850,18-MAR-2024,
OPTIDX,NIFTY,21-Mar-2024,20150,CE,0,0,0,1881.05,1916.9,0,0,1150,0,18-MAR-2024,
OPTIDX,NIFTY,21-Mar-2024,20200,CE,0,0,0,1870.1,1866.9,0,0,1650,0,18-MAR-2024,
OPTIDX,NIFTY,21-Mar-2024,20250,CE,0,0,0,1815,1816.95,0,0,0,0,18-MAR-2024,
OPTIDX,NIFTY,21-Mar-2024,20300,CE,0,0,0,1749.15,1766.95,0,0,350,0,18-MAR-2024,
OPTIDX,NIFTY,21-Mar-2024,20350,CE,0,0,0,1719.45,1717,0,0,0,0,18-MAR-2024,
OPTIDX,NIFTY,21-Mar-2024,20400,CE,0,0,0,1679.95,1667,0,0,1650,0,18-MAR-2024,
OPTIDX,NIFTY,21-Mar-2024,20450,CE,0,0,0,1630,1617.05,0,0,4300,0,18-MAR-2024,
OPTIDX,NIFTY,21-Mar-2024,20500,CE,1481.25,1630,1474.85,1559.9,1559.9,64,705.44,22250,850,18-MAR-2024,
OPTIDX,NIFTY,21-Mar-2024,20550,CE,0,0,0,1672.65,1517.1,0,0,5250,0,18-MAR-2024,
OPTIDX,NIFTY,21-Mar-2024,20600,CE,0,0,0,1425.35,1467.15,0,0,800,0,18-MAR-2024,
OPTIDX,NIFTY,21-Mar-2024,20650,CE,1356.45,1398.75,1341.45,1341.45,1417.15,10,110.09,700,200,18-MAR-2024,
OPTIDX,NIFTY,21-Mar-2024,20700,CE,1375,1375,1347.25,1368.8,1368.8,31,342.06,7750,-1150,18-MAR-2024,
OPTIDX,NIFTY,21-Mar-2024,20750,CE,1361.2,1361.2,1319.6,1319.6,1317.2,2,22.09,500,50,18-MAR-2024,
OPTIDX,NIFTY,21-Mar-2024,20800,CE,0,0,0,1375,1267.25,0,0,1250,0,18-MAR-2024,
OPTIDX,NIFTY,21-Mar-2024,20850,CE,0,0,0,1165,1217.25,0,0,1950,0,18-MAR-2024,
OPTIDX,NIFTY,21-Mar-2024,20900,CE,1225.2,1225.2,1196.05,1196.05,1167.3,6,66.33,950,150,18-MAR-2024,
OPTIDX,NIFTY,21-Mar-2024,20950,CE,0,0,0,1135,1117.3,0,0,3750,0,18-MAR-2024,
OPTIDX,NIFTY,21-Mar-2024,21000,CE,1026.05,1145.25,948.3,1066.15,1066.15,318,3502.75,60100,-5100,18-MAR-2024,
OPTIDX,NIFTY,21-Mar-2024,21050,CE,1000,1001.15,1000,1000.6,1000.6,2,22.05,850,-50,18-MAR-2024,
OPTIDX,NIFTY,21-Mar-2024,21100,CE,0,0,0,952,967.4,0,0,1600,0,18-MAR-2024,
OPTIDX,NIFTY,21-Mar-2024,21150,CE,910.15,910.15,803.7,828.55,917.45,14,153.9,350,250,18-MAR-2024,
OPTIDX,NIFTY,21-Mar-2024,21200,CE,809.95,954.7,757.95,863.35,863.35,99,1090.62,3300,50,18-MAR-2024,
OPTIDX,NIFTY,21-Mar-2024,21250,CE,783.7,892.4,716.95,817,817,360,3966.57,5050,1500,18-MAR-2024,
OPTIDX,NIFTY,21-Mar-2024,21300,CE,703.95,851,657.7,763.85,763.85,349,3846.49,7500,-550,18-MAR-2024,
OPTIDX,NIFTY,21-Mar-2024,21350,CE,699,789,609.05,713.95,713.95,85,937.11,3800,50,18-MAR-2024,
OPTIDX,NIFTY,21-Mar-2024,21400,CE,601.05,758,561,672.3,672.3,947,10440.54,32800,-16900,18-MAR-2024,
OPTIDX,NIFTY,21-Mar-2024,21450,CE,568.05,704.15,522,629.6,629.6,165,1817.64,4700,1700,18-MAR-2024,
OPTIDX,NIFTY,21-Mar-2024,21500,CE,550,660,468.35,574,574,16020,176553.82,154400,-26550,18-MAR-2024,
OPTIDX,NIFTY,21-Mar-2024,21550,CE,475,602.15,424,524.2,524.2,1196,13189.15,13750,-3650,18-MAR-2024,
OPTIDX,NIFTY,21-Mar-2024,21600,CE,452.35,567.15,381.6,479.6,479.6,6970,76894.26,56050,-10650,18-MAR-2024,
OPTIDX,NIFTY,21-Mar-2024,21650,CE,400.05,516,340,435.3,435.3,2608,28768.39,19900,1200,18-MAR-2024,
OPTIDX,NIFTY,21-Mar-2024,21700,CE,356.7,471.8,300,389.6,389.6,25226,278352.48,111300,9600,18-MAR-2024,
OPTIDX,NIFTY,21-Mar-2024,21750,CE,320.3,423.65,262.15,347.3,347.3,12253,135224.16,43500,-1150,18-MAR-2024,
OPTIDX,NIFTY,21-Mar-2024,21800,CE,311,381.8,227.15,305.3,305.3,123319,1362053.51,367800,16500,18-MAR-2024,
OPTIDX,NIFTY,21-Mar-2024,21850,CE,242.6,339.2,194.85,264.9,264.9,64506,712703.76,204100,63050,18-MAR-2024,
OPTIDX,NIFTY,21-Mar-2024,21900,CE,238,298,164.5,226.85,226.85,499170,5520273.91,626800,49550,18-MAR-2024,
OPTIDX,NIFTY,21-Mar-2024,21950,CE,195.5,257.85,137.25,192.7,192.7,549724,6082960.04,661250,-26950,18-MAR-2024,
OPTIDX,NIFTY,21-Mar-2024,22000,CE,170,221,112.75,160.85,160.85,2415542,26761882.36,3733250,-485200,18-MAR-2024,
OPTIDX,NIFTY,21-Mar-2024,22050,CE,120.65,188,91.3,130.85,130.85,1379507,15303003.45,1848600,94450,18-MAR-2024,
OPTIDX,NIFTY,21-Mar-2024,22100,CE,102.55,155.35,73,106.3,106.3,2516034,27945454.04,3536100,332000,18-MAR-2024,
OPTIDX,NIFTY,21-Mar-2024,22150,CE,90,127.5,57.05,84.25,84.25,1129306,12559191.15,1956050,808050,18-MAR-2024,
OPTIDX,NIFTY,21-Mar-2024,22200,CE,79.9,102,44.1,63.9,63.9,2062359,22966034.13,5106700,1580700,18-MAR-2024,
OPTIDX,NIFTY,21-Mar-2024,22250,CE,50.05,80.45,33.6,47.8,47.8,957840,10682283.31,2606650,1499650,18-MAR-2024,
OPTIDX,NIFTY,21-Mar-2024,22300,CE,34.3,62.55,25.55,35.75,35.75,1650802,18441240.34,3814300,-167850,18-MAR-2024,
OPTIDX,NIFTY,21-Mar-2024,22350,CE,36.3,48.75,19.15,26.05,26.05,877075,9815250.3,2198350,663050,18-MAR-2024,
OPTIDX,NIFTY,21-Mar-2024,22400,CE,29.15,37.15,14.35,18.25,18.25,1244951,13957991.2,3988050,934450,18-MAR-2024,
OPTIDX,NIFTY,21-Mar-2024,22450,CE,21.45,28.1,10.8,12.65,12.65,701651,7881912.19,1494150,380550,18-MAR-2024,
OPTIDX,NIFTY,21-Mar-2024,22500,CE,13.8,20.7,7.55,8.7,8.7,1483694,16700602.7,5947700,1605400,18-MAR-2024,
OPTIDX,NIFTY,21-Mar-2024,22550,CE,9.8,15.15,5.15,5.95,5.95,800627,9030567.27,1905450,764050,18-MAR-2024,
OPTIDX,NIFTY,21-Mar-2024,22600,CE,8.5,10.95,3.6,4.1,4.1,1041633,11773723.86,4375750,1030500,18-MAR-2024,
OPTIDX,NIFTY,21-Mar-2024,22650,CE,6.05,8,2.6,3.05,3.05,654392,7412492.6,2215400,406500,18-MAR-2024,
OPTIDX,NIFTY,21-Mar-2024,22700,CE,4.5,5.75,2,2.3,2.3,939486,10664780.66,5047200,1700100,18-MAR-2024,
OPTIDX,NIFTY,21-Mar-2024,22750,CE,4,4.1,1.45,1.6,1.6,597613,6798616.85,2969750,987300,18-MAR-2024,
OPTIDX,NIFTY,21-Mar-2024,22800,CE,3,3.05,1.35,1.4,1.4,640382,7301014.92,4830600,705350,18-MAR-2024,
OPTIDX,NIFTY,21-Mar-2024,22850,CE,2.25,3.15,1.1,1.2,1.2,256655,2932498.56,1353600,-418950,18-MAR-2024,
OPTIDX,NIFTY,21-Mar-2024,22900,CE,2.45,2.45,1.1,1.2,1.2,468624,5366122.23,3891450,-28950,18-MAR-2024,
OPTIDX,NIFTY,21-Mar-2024,22950,CE,1.95,2.5,1,1.1,1.1,99210,1138509.53,1021550,-85500,18-MAR-2024,
OPTIDX,NIFTY,21-Mar-2024,23000,CE,1.75,1.9,0.95,1.05,1.05,475084,5463793.31,6119050,545350,18-MAR-2024,
OPTIDX,NIFTY,21-Mar-2024,23050,CE,1.55,3.35,0.85,0.95,0.95,61135,704618.89,338450,-41200,18-MAR-2024,
OPTIDX,NIFTY,21-Mar-2024,23100,CE,1.65,1.75,0.8,0.9,0.9,204694,2364338.57,1638700,-37950,18-MAR-2024,
OPTIDX,NIFTY,21-Mar-2024,23150,CE,1.2,1.6,0.8,0.85,0.85,28610,331176.31,222500,-62050,18-MAR-2024,
OPTIDX,NIFTY,21-Mar-2024,23200,CE,1.35,1.4,0.65,0.7,0.7,181047,2100233.59,1813000,-32100,18-MAR-2024,
OPTIDX,NIFTY,21-Mar-2024,23250,CE,1.2,1.6,0.65,0.75,0.75,30525,354868.02,529500,-12350,18-MAR-2024,
OPTIDX,NIFTY,21-Mar-2024,23300,CE,1.05,1.3,0.6,0.65,0.65,64946,756649.67,1246400,-18900,18-MAR-2024,
OPTIDX,NIFTY,21-Mar-2024,23350,CE,1.15,1.2,0.65,0.7,0.7,16267,189924.57,135650,36400,18-MAR-2024,
OPTIDX,NIFTY,21-Mar-2024,23400,CE,1,1.3,0.55,0.6,0.6,67804,793336.67,735000,82250,18-MAR-2024,
OPTIDX,NIFTY,21-Mar-2024,23450,CE,0.95,1.15,0.6,0.65,0.65,22551,264419.8,167050,67350,18-MAR-2024,
OPTIDX,NIFTY,21-Mar-2024,23500,CE,0.75,0.9,0.5,0.55,0.55,208432,2449150.68,3160250,15450,18-MAR-2024,
OPTIDX,NIFTY,21-Mar-2024,23550,CE,0.8,0.9,0.5,0.55,0.55,16414,193280.38,152700,20450,18-MAR-2024,
OPTIDX,NIFTY,21-Mar-2024,23600,CE,0.65,0.95,0.45,0.55,0.55,29957,353502.71,221800,-9600,18-MAR-2024,
OPTIDX,NIFTY,21-Mar-2024,23650,CE,0.55,1.15,0.5,0.55,0.55,12314,145617.02,90500,24250,18-MAR-2024,
OPTIDX,NIFTY,21-Mar-2024,23700,CE,0.7,0.95,0.45,0.5,0.5,21171,250882.81,319100,19150,18-MAR-2024,
OPTIDX,NIFTY,21-Mar-2024,23750,CE,0.8,0.85,0.5,0.55,0.55,2815,33429.01,118300,6900,18-MAR-2024,
OPTIDX,NIFTY,21-Mar-2024,23800,CE,0.8,1,0.4,0.5,0.5,6788,80779.17,350600,18100,18-MAR-2024,
OPTIDX,NIFTY,21-Mar-2024,23850,CE,0.9,0.9,0.5,0.55,0.55,1157,13797.58,55700,4150,18-MAR-2024,
OPTIDX,NIFTY,21-Mar-2024,23900,CE,0.6,0.9,0.45,0.55,0.55,4144,49522.14,186100,-8700,18-MAR-2024,
OPTIDX,NIFTY,21-Mar-2024,23950,CE,0.9,1,0.55,0.6,0.6,3588,42967.45,172550,-2950,18-MAR-2024,
OPTIDX,NIFTY,21-Mar-2024,24000,CE,0.65,0.8,0.4,0.5,0.5,98710,1184547.64,2234950,-82200,18-MAR-2024,
OPTIDX,NIFTY,21-Mar-2024,24050,CE,0.8,0.8,0.45,0.5,0.5,1420,17075.89,67850,3600,18-MAR-2024,
OPTIDX,NIFTY,21-Mar-2024,24100,CE,0.7,0.75,0.45,0.6,0.6,12678,152773.66,422250,148300,18-MAR-2024,
OPTIDX,NIFTY,21-Mar-2024,24150,CE,0.8,1.1,0.45,0.5,0.5,3113,37590.33,82650,3650,18-MAR-2024,
OPTIDX,NIFTY,21-Mar-2024,24200,CE,0.8,0.8,0.45,0.6,0.6,18172,219886.3,691700,168950,18-MAR-2024,
OPTIDX,NIFTY,21-Mar-2024,24250,CE,0.75,0.85,0.4,0.45,0.45,23002,278905.13,438550,-6350,18-MAR-2024,
OPTIDX,NIFTY,21-Mar-2024,20150,PE,0.55,0.75,0.4,0.65,0.65,131695,1326861.27,1624650,-630550,18-MAR-2024,
OPTIDX,NIFTY,21-Mar-2024,20200,PE,0.7,0.9,0.5,0.8,0.8,50328,508329.88,2775800,156750,18-MAR-2024,
OPTIDX,NIFTY,21-Mar-2024,20250,PE,0.75,1.05,0.55,0.85,0.85,14757,149420.09,74650,-1250,18-MAR-2024,
OPTIDX,NIFTY,21-Mar-2024,20300,PE,0.8,1.35,0.65,0.85,0.85,51538,523131.63,387450,-29650,18-MAR-2024,
OPTIDX,NIFTY,21-Mar-2024,20350,PE,0.75,1,0.55,0.85,0.85,23475,238867.65,61300,-8450,18-MAR-2024,
OPTIDX,NIFTY,21-Mar-2024,20400,PE,0.9,2.45,0.55,0.9,0.9,58697,598735.26,211700,18400,18-MAR-2024,
OPTIDX,NIFTY,21-Mar-2024,20450,PE,0.95,2.2,0.6,0.9,0.9,34292,350651.5,71050,-3900,18-MAR-2024,
OPTIDX,NIFTY,21-Mar-2024,20500,PE,1,1.15,0.75,0.95,0.95,178095,1825560.98,2065150,79000,18-MAR-2024,
OPTIDX,NIFTY,21-Mar-2024,20550,PE,0.95,1.3,0.65,0.95,0.95,51717,531418.4,97150,19700,18-MAR-2024,
OPTIDX,NIFTY,21-Mar-2024,20600,PE,1.05,1.7,0.7,0.95,0.95,126867,1306799.06,624900,-33500,18-MAR-2024,
OPTIDX,NIFTY,21-Mar-2024,20650,PE,1.1,1.5,0.7,1,1,48439,500160.54,137950,-10750,18-MAR-2024,
OPTIDX,NIFTY,21-Mar-2024,20700,PE,1.25,1.6,0.9,1.1,1.1,190097,1967619.85,745550,46300,18-MAR-2024,
OPTIDX,NIFTY,21-Mar-2024,20750,PE,1.3,1.7,0.85,1.05,1.05,78530,814798.92,382250,-700,18-MAR-2024,
OPTIDX,NIFTY,21-Mar-2024,20800,PE,1.35,1.95,0.95,1.15,1.15,229201,2383856.03,959400,-233300,18-MAR-2024,
OPTIDX,NIFTY,21-Mar-2024,20850,PE,1.6,2.15,0.95,1.15,1.15,63071,657563.46,259100,-19600,18-MAR-2024,
OPTIDX,NIFTY,21-Mar-2024,20900,PE,1.65,2.35,1.05,1.25,1.25,192424,2010992.13,1270150,33450,18-MAR-2024,
OPTIDX,NIFTY,21-Mar-2024,20950,PE,1.9,2.65,1.2,1.35,1.35,88969,932032.61,445000,-16300,18-MAR-2024,
OPTIDX,NIFTY,21-Mar-2024,21000,PE,2.4,3.25,1.3,1.55,1.55,720813,7569315.91,5398950,637450,18-MAR-2024,
OPTIDX,NIFTY,21-Mar-2024,21050,PE,2.7,3.75,1.2,1.5,1.5,161289,1697763.86,478700,-18550,18-MAR-2024,
OPTIDX,NIFTY,21-Mar-2024,21100,PE,2.95,4.4,1.35,1.6,1.6,438809,4630026.56,1904400,-135350,18-MAR-2024,
OPTIDX,NIFTY,21-Mar-2024,21150,PE,3.3,5.45,1.5,1.85,1.85,216406,2288845.05,829400,86300,18-MAR-2024,
OPTIDX,NIFTY,21-Mar-2024,21200,PE,3.3,6.75,1.55,2.05,2.05,557238,5907730.92,3292550,482000,18-MAR-2024,
OPTIDX,NIFTY,21-Mar-2024,21250,PE,4.35,8.8,1.95,2.5,2.5,352219,3743121.21,1329400,50800,18-MAR-2024,
OPTIDX,NIFTY,21-Mar-2024,21300,PE,5,10.65,2.4,3.05,3.05,558354,5948026.39,2978800,832900,18-MAR-2024,
OPTIDX,NIFTY,21-Mar-2024,21350,PE,6.1,13.25,3,3.65,3.65,357383,3816305.18,849100,238800,18-MAR-2024,
OPTIDX,NIFTY,21-Mar-2024,21400,PE,8.2,16.7,3.8,4.45,4.45,634642,6793337.95,3119800,473000,18-MAR-2024,
OPTIDX,NIFTY,21-Mar-2024,21450,PE,11.6,20.9,4.9,6,6,335683,3601978.92,817850,159400,18-MAR-2024,
OPTIDX,NIFTY,21-Mar-2024,21500,PE,16.2,26.4,6.15,7.8,7.8,862796,9280906.51,3388900,986150,18-MAR-2024,
OPTIDX,NIFTY,21-Mar-2024,21550,PE,16,32.7,7.55,10,10,403951,4355921.66,1041750,422900,18-MAR-2024,
OPTIDX,NIFTY,21-Mar-2024,21600,PE,22,40.45,9.45,13.1,13.1,849600,9184466.71,2451700,206400,18-MAR-2024,
OPTIDX,NIFTY,21-Mar-2024,21650,PE,30,49.75,11.9,17.05,17.05,538737,5839099.38,1122050,292600,18-MAR-2024,
OPTIDX,NIFTY,21-Mar-2024,21700,PE,34,60.65,15.15,22.2,22.2,997590,10840815.35,2547050,503050,18-MAR-2024,
OPTIDX,NIFTY,21-Mar-2024,21750,PE,40.6,73.75,19.2,28.6,28.6,674437,7348343.64,1468850,732300,18-MAR-2024,
OPTIDX,NIFTY,21-Mar-2024,21800,PE,49.7,89,24.7,36.95,36.95,1644468,17967822.77,3351350,-190250,18-MAR-2024,
OPTIDX,NIFTY,21-Mar-2024,21850,PE,66.05,107,31.25,46.65,46.65,977992,10715977.14,1964250,1135450,18-MAR-2024,
OPTIDX,NIFTY,21-Mar-2024,21900,PE,89.45,126.95,39.7,59.4,59.4,2011399,22105747.73,3269150,1039250,18-MAR-2024,
OPTIDX,NIFTY,21-Mar-2024,21950,PE,109.85,149.85,50.55,74.1,74.1,1330194,14666178.95,2180950,395250,18-MAR-2024,
OPTIDX,NIFTY,21-Mar-2024,22000,PE,109.95,174.7,63.25,92.1,92.1,3139287,34713817.3,4545250,79950,18-MAR-2024,
OPTIDX,NIFTY,21-Mar-2024,22050,PE,144,203.25,78.75,112.45,112.45,1194720,13249297.93,1104150,115100,18-MAR-2024,
OPTIDX,NIFTY,21-Mar-2024,22100,PE,166,233.8,97.25,135.35,135.35,1342565,14934127.67,1889700,232650,18-MAR-2024,
OPTIDX,NIFTY,21-Mar-2024,22150,PE,206.35,267.7,119.15,162.35,162.35,325097,3627896.73,542100,123900,18-MAR-2024,
OPTIDX,NIFTY,21-Mar-2024,22200,PE,235,304.4,144.15,194.6,194.6,408380,4575238.19,1285250,97450,18-MAR-2024,
OPTIDX,NIFTY,21-Mar-2024,22250,PE,272.4,341.55,172.5,227.15,227.15,63669,715698.62,224750,-25000,18-MAR-2024,
OPTIDX,NIFTY,21-Mar-2024,22300,PE,304.05,382.35,204.3,266.2,266.2,80258,906009.94,623400,-24100,18-MAR-2024,
OPTIDX,NIFTY,21-Mar-2024,22350,PE,355.9,425.2,239.5,303.85,303.85,9798,111036.09,123800,-150,18-MAR-2024,
OPTIDX,NIFTY,21-Mar-2024,22400,PE,392.8,470,277.15,347.8,347.8,40710,463166.93,468150,-58300,18-MAR-2024,
OPTIDX,NIFTY,21-Mar-2024,22450,PE,440.05,515.75,317.2,389.95,389.95,2437,27864.95,45200,-1250,18-MAR-2024,
OPTIDX,NIFTY,21-Mar-2024,22500,PE,476.55,562.3,359.3,439.25,439.25,32892,377661.04,428850,-90950,18-MAR-2024,
OPTIDX,NIFTY,21-Mar-2024,22550,PE,564,607,407.2,489.25,489.25,1387,15991.29,31400,-7050,18-MAR-2024,
OPTIDX,NIFTY,21-Mar-2024,22600,PE,600,660.6,452.3,534.5,534.5,5685,65789.73,108250,-2050,18-MAR-2024,
OPTIDX,NIFTY,21-Mar-2024,22650,PE,598.9,699.4,506.6,580.55,580.55,89,1033.64,9100,0,18-MAR-2024,
OPTIDX,NIFTY,21-Mar-2024,22700,PE,704.95,748.7,554.1,617.85,617.85,1126,13143.21,56100,-1850,18-MAR-2024,
OPTIDX,NIFTY,21-Mar-2024,22750,PE,710,798.25,605.1,685,685,49,574.06,12400,-950,18-MAR-2024,
OPTIDX,NIFTY,21-Mar-2024,22800,PE,748.45,854,650,713.75,713.75,423,4976.96,11450,-1800,18-MAR-2024,
OPTIDX,NIFTY,21-Mar-2024,22850,PE,843,900,700,782.05,782.05,51,602.62,3650,-800,18-MAR-2024,
OPTIDX,NIFTY,21-Mar-2024,22900,PE,0,0,0,834.4,831.65,0,0,9650,0,18-MAR-2024,
OPTIDX,NIFTY,21-Mar-2024,22950,PE,908.9,1000.65,849.45,883,883,63,750.73,1250,-200,18-MAR-2024,
OPTIDX,NIFTY,21-Mar-2024,23000,PE,982.95,1053,843,933.25,933.25,636,7607.97,59250,-700,18-MAR-2024,
OPTIDX,NIFTY,21-Mar-2024,23050,PE,0,0,0,1072.5,981.5,0,0,0,0,18-MAR-2024,
OPTIDX,NIFTY,21-Mar-2024,23100,PE,0,0,0,870.65,1031.5,0,0,9450,0,18-MAR-2024,
OPTIDX,NIFTY,21-Mar-2024,23150,PE,0,0,0,1156.45,1081.45,0,0,0,0,18-MAR-2024,
OPTIDX,NIFTY,21-Mar-2024,23200,PE,1202.3,1242.55,1068.25,1076.2,1131.45,59,718.44,2850,400,18-MAR-2024,
OPTIDX,NIFTY,21-Mar-2024,23250,PE,0,0,0,1242.45,1181.4,0,0,0,0,18-MAR-2024,
OPTIDX,NIFTY,21-Mar-2024,23300,PE,1285.8,1285.8,1170.7,1231.1,1231.1,4,49.05,1850,50,18-MAR-2024,
OPTIDX,NIFTY,21-Mar-2024,23350,PE,0,0,0,1100,1281.35,0,0,300,0,18-MAR-2024,
OPTIDX,NIFTY,21-Mar-2024,23400,PE,0,0,0,1184.25,1331.3,0,0,350,0,18-MAR-2024,
OPTIDX,NIFTY,21-Mar-2024,23450,PE,0,0,0,1420,1381.3,0,0,0,0,18-MAR-2024,
OPTIDX,NIFTY,21-Mar-2024,23500,PE,0,0,0,1465.35,1431.25,0,0,0,0,18-MAR-2024,
OPTIDX,NIFTY,21-Mar-2024,23550,PE,0,0,0,1511.05,1481.25,0,0,0,0,18-MAR-2024,
OPTIDX,NIFTY,21-Mar-2024,23600,PE,0,0,0,1220,1531.2,0,0,50,0,18-MAR-2024,
OPTIDX,NIFTY,21-Mar-2024,23650,PE,1648,1648,1637.1,1637.1,1637.1,4,50.58,100,100,18-MAR-2024,
OPTIDX,NIFTY,21-Mar-2024,23700,PE,0,0,0,1471.65,1631.15,0,0,9550,0,18-MAR-2024,
OPTIDX,NIFTY,21-Mar-2024,23750,PE,0,0,0,1696.95,1681.15,0,0,0,0,18-MAR-2024,
OPTIDX,NIFTY,21-Mar-2024,23800,PE,0,0,0,1805.2,1731.1,0,0,100,0,18-MAR-2024,
OPTIDX,NIFTY,21-Mar-2024,23850,PE,0,0,0,1791.45,1781.05,0,0,0,0,18-MAR-2024,
OPTIDX,NIFTY,21-Mar-2024,23900,PE,0,0,0,1839.05,1831.05,0,0,0,0,18-MAR-2024,
OPTIDX,NIFTY,21-Mar-2024,23950,PE,0,0,0,1886.8,1881,0,0,0,0,18-MAR-2024,
OPTIDX,NIFTY,21-Mar-2024,24000,PE,0,0,0,1772,1931,0,0,1650,0,18-MAR-2024,
OPTIDX,NIFTY,21-Mar-2024,24050,PE,0,0,0,1982.85,1980.95,0,0,0,0,18-MAR-2024,
OPTIDX,NIFTY,21-Mar-2024,24100,PE,0,0,0,2031.1,2030.95,0,0,0,0,18-MAR-2024,
OPTIDX,NIFTY,21-Mar-2024,24150,PE,0,0,0,2079.5,2080.9,0,0,0,0,18-MAR-2024,
OPTIDX,NIFTY,21-Mar-2024,24200,PE,0,0,0,2128.05,2130.9,0,0,0,0,18-MAR-2024,
OPTIDX,NIFTY,21-Mar-2024,24250,PE,0,0,0,2176.7,2180.85,0,0,0,0,18-MAR-2024,
OPTIDX,NIFTY,28-Mar-2024,14000,CE,8165.1,8165.1,8008.4,8122.65,8122.65,17,187.69,321050,-650,18-MAR-2024,
OPTIDX,NIFTY,28-Mar-2024,15000,CE,7020,7129.55,7020,7092,7092,49,541.67,24950,2350,18-MAR-2024,
OPTIDX,NIFTY,28-Mar-2024,16000,CE,6170,6170,6170,6170,6085.25,1,11.08,24450,0,18-MAR-2024,
OPTIDX,NIFTY,28-Mar-2024,17000,CE,5080,5201.2,5037,5114.2,5114.2,100,1106.57,79200,-900,18-MAR-2024,
OPTIDX,NIFTY,28-Mar-2024,18000,CE,4111.1,4205,4025,4129.85,4129.85,911,10083.62,445600,-40950,18-MAR-2024,
OPTIDX,NIFTY,28-Mar-2024,19000,CE,3071.35,3203.45,3014.9,3130.9,3130.9,1115,12313.19,546300,-22300,18-MAR-2024,
OPTIDX,NIFTY,28-Mar-2024,19500,CE,2584.75,2704.6,2518.95,2619.2,2619.2,47,519.24,106050,-1050,18-MAR-2024,
OPTIDX,NIFTY,28-Mar-2024,19550,CE,0,0,0,2933,2541.8,0,0,3750,0,18-MAR-2024,
OPTIDX,NIFTY,28-Mar-2024,19600,CE,2480,2480.05,2480,2480.05,2491.9,5,55.2,5650,-250,18-MAR-2024,
OPTIDX,NIFTY,28-Mar-2024,19650,CE,0,0,0,2820,2442,0,0,800,0,18-MAR-2024,
OPTIDX,NIFTY,28-Mar-2024,19700,CE,2350,2355,2350,2355,2392.1,2,22.05,10250,0,18-MAR-2024,
OPTIDX,NIFTY,28-Mar-2024,19750,CE,2391.65,2398.85,2391.65,2398.85,2342.2,4,44.29,200,100,18-MAR-2024,
OPTIDX,NIFTY,28-Mar-2024,19800,CE,0,0,0,2339,2292.3,0,0,9850,0,18-MAR-2024,
OPTIDX,NIFTY,28-Mar-2024,19850,CE,2255.9,2255.9,2204.45,2204.45,2242.35,4,44.16,150,50,18-MAR-2024,
OPTIDX,NIFTY,28-Mar-2024,19900,CE,2168,2245.5,2168,2245.5,2245.5,24,265.13,6650,-450,18-MAR-2024,
OPTIDX,NIFTY,28-Mar-2024,19950,CE,2143.2,2183.9,2143.2,2183.9,2142.55,4,44.22,150,50,18-MAR-2024,
OPTIDX,NIFTY,28-Mar-2024,20000,CE,2065.7,2214.75,2018.05,2126.7,2126.7,1881,20794.93,788700,-56450,18-MAR-2024,
OPTIDX,NIFTY,28-Mar-2024,20050,CE,2007.35,2110,2007.35,2110,2110,9,99.61,1600,-100,18-MAR-2024,
OPTIDX,NIFTY,28-Mar-2024,20100,CE,1935.4,1940.9,1935.4,1940.9,1992.85,2,22.03,3550,0,18-MAR-2024,
OPTIDX,NIFTY,28-Mar-2024,20150,CE,0,0,0,1875.55,1942.95,0,0,550,0,18-MAR-2024,
OPTIDX,NIFTY,28-Mar-2024,20200,CE,1917,1990,1917,1990,1893,3,33.22,17150,-150,18-MAR-2024,
OPTIDX,NIFTY,28-Mar-2024,20250,CE,1883.2,1928.45,1883.2,1928.45,1843.1,4,44.31,150,100,18-MAR-2024,
OPTIDX,NIFTY,28-Mar-2024,20300,CE,1792.4,1814.5,1761,1814.5,1814.5,5,55.23,8200,0,18-MAR-2024,
OPTIDX,NIFTY,28-Mar-2024,20350,CE,1715.4,1728.95,1678.7,1728.95,1743.3,7,77.18,650,150,18-MAR-2024,
OPTIDX,NIFTY,28-Mar-2024,20400,CE,1676.45,1715.85,1636.65,1715.85,1715.85,5,55.21,8450,0,18-MAR-2024,
OPTIDX,NIFTY,28-Mar-2024,20450,CE,0,0,0,1647.2,1643.5,0,0,600,0,18-MAR-2024,
OPTIDX,NIFTY,28-Mar-2024,20500,CE,1586.85,1718.8,1530,1633.1,1633.1,434,4801.05,177450,-9950,18-MAR-2024,
OPTIDX,NIFTY,28-Mar-2024,20550,CE,0,0,0,1470.2,1543.7,0,0,1150,0,18-MAR-2024,
OPTIDX,NIFTY,28-Mar-2024,20600,CE,1480.95,1517.55,1439.4,1517.55,1517.55,8,88.31,46700,50,18-MAR-2024,
OPTIDX,NIFTY,28-Mar-2024,20650,CE,1465.15,1491.25,1465.15,1491.25,1443.9,2,22.12,1400,0,18-MAR-2024,
OPTIDX,NIFTY,28-Mar-2024,20700,CE,1414.6,1515.55,1340.9,1434.4,1434.4,37,409.38,20300,1550,18-MAR-2024,
OPTIDX,NIFTY,28-Mar-2024,20750,CE,1330,1380,1320,1380,1380,37,408.85,2500,-500,18-MAR-2024,
OPTIDX,NIFTY,28-Mar-2024,20800,CE,1240.7,1320,1240.7,1310,1294.3,7,77.28,32950,50,18-MAR-2024,
OPTIDX,NIFTY,28-Mar-2024,20850,CE,0,0,0,1335,1244.5,0,0,1550,0,18-MAR-2024,
OPTIDX,NIFTY,28-Mar-2024,20900,CE,1200,1258,1200,1221,1221,22,243.25,11850,0,18-MAR-2024,
OPTIDX,NIFTY,28-Mar-2024,20950,CE,0,0,0,1221.8,1145,0,0,700,0,18-MAR-2024,
OPTIDX,NIFTY,28-Mar-2024,21000,CE,1100,1222,1036.55,1137.2,1137.2,4427,48917.87,1128300,14600,18-MAR-2024,
OPTIDX,NIFTY,28-Mar-2024,21050,CE,1078,1136.8,1078,1097.15,1097.15,14,155.05,1900,-400,18-MAR-2024,
OPTIDX,NIFTY,28-Mar-2024,21100,CE,1005,1119.35,951.65,1045.35,1045.35,85,940.13,19300,2050,18-MAR-2024,
OPTIDX,NIFTY,28-Mar-2024,21150,CE,934,966.05,911.95,924.6,947.2,11,121.52,1550,250,18-MAR-2024,
OPTIDX,NIFTY,28-Mar-2024,21200,CE,901,1015.4,848.2,947.95,947.95,48,530.52,96550,-500,18-MAR-2024,
OPTIDX,NIFTY,28-Mar-2024,21250,CE,857.45,968.05,820.35,950.65,849.5,14,154.98,6500,150,18-MAR-2024,
OPTIDX,NIFTY,28-Mar-2024,21300,CE,783.7,925,766.7,914.15,801.2,39,431.93,29350,550,18-MAR-2024,
OPTIDX,NIFTY,28-Mar-2024,21350,CE,766.05,855.2,751.85,855.2,753.35,13,143.91,4700,-150,18-MAR-2024,
OPTIDX,NIFTY,28-Mar-2024,21400,CE,759.45,830.35,671,762.5,762.5,536,5933.68,54350,-650,18-MAR-2024,
OPTIDX,NIFTY,28-Mar-2024,21450,CE,652,770.15,634.85,768,659.4,72,796.96,4900,700,18-MAR-2024,
OPTIDX,NIFTY,28-Mar-2024,21500,CE,640,745.9,582.25,664.95,664.95,5293,58640.15,466150,-4050,18-MAR-2024,
OPTIDX,NIFTY,28-Mar-2024,21550,CE,585.3,680.25,551.2,630.9,630.9,90,996.8,9350,-550,18-MAR-2024,
OPTIDX,NIFTY,28-Mar-2024,21600,CE,537.55,649.05,499,587.65,587.65,802,8893.92,101800,-1700,18-MAR-2024,
OPTIDX,NIFTY,28-Mar-2024,21650,CE,631,631,471,527.35,527.35,268,2973.93,24900,1600,18-MAR-2024,
OPTIDX,NIFTY,28-Mar-2024,21700,CE,470.05,565,418.5,498.45,498.45,2962,32854.23,132350,-5600,18-MAR-2024,
OPTIDX,NIFTY,28-Mar-2024,21750,CE,430,516.2,384.55,451.1,451.1,330,3663.16,21700,700,18-MAR-2024,
OPTIDX,NIFTY,28-Mar-2024,21800,CE,393.95,484,350,403.9,403.9,13655,151621.28,235650,-57450,18-MAR-2024,
OPTIDX,NIFTY,28-Mar-2024,21850,CE,346.15,438.8,317.35,373.35,373.35,1412,15683.41,28250,-5000,18-MAR-2024,
OPTIDX,NIFTY,28-Mar-2024,21900,CE,320.15,405.3,284.45,339.5,339.5,20475,227660.61,292850,-34250,18-MAR-2024,
OPTIDX,NIFTY,28-Mar-2024,21950,CE,201.85,366.7,201.85,305.15,305.15,11503,127949.17,129450,12800,18-MAR-2024,
OPTIDX,NIFTY,28-Mar-2024,22000,CE,269.9,332,225.55,273.4,273.4,145297,1618204.7,2410500,272200,18-MAR-2024,
OPTIDX,NIFTY,28-Mar-2024,22050,CE,256.1,298,199.9,243.35,243.35,20659,230320.76,179250,1750,18-MAR-2024,
OPTIDX,NIFTY,28-Mar-2024,22100,CE,220.25,267.3,175.4,215.4,215.4,103601,1156189.71,1082000,60400,18-MAR-2024,
OPTIDX,NIFTY,28-Mar-2024,22150,CE,209,236,153.8,186.25,186.25,28816,322011.81,261900,123550,18-MAR-2024,
OPTIDX,NIFTY,28-Mar-2024,22200,CE,160.75,209,133.55,164.25,164.25,130870,1463800.7,2525400,157250,18-MAR-2024,
OPTIDX,NIFTY,28-Mar-2024,22250,CE,152,182,114.6,140.75,140.75,16483,184581.16,200500,26250,18-MAR-2024,
OPTIDX,NIFTY,28-Mar-2024,22300,CE,133.55,158.7,98.2,121.25,121.25,72734,815621.41,1472650,77400,18-MAR-2024,
OPTIDX,NIFTY,28-Mar-2024,22350,CE,119.8,135.4,83.3,102.65,102.65,21857,245423.98,274000,35400,18-MAR-2024,
OPTIDX,NIFTY,28-Mar-2024,22400,CE,89.1,116,70.1,85.7,85.7,65353,734900.82,1540900,132650,18-MAR-2024,
OPTIDX,NIFTY,28-Mar-2024,22450,CE,81,97.5,58.45,70.95,70.95,21319,240100.85,195850,-23850,18-MAR-2024,
OPTIDX,NIFTY,28-Mar-2024,22500,CE,62.75,81.7,48.55,58.65,58.65,117593,1326635.72,2383350,-33350,18-MAR-2024,
OPTIDX,NIFTY,28-Mar-2024,22550,CE,53.3,67.9,35,47.6,47.6,26484,299293.98,317700,70500,18-MAR-2024,
OPTIDX,NIFTY,28-Mar-2024,22600,CE,39.85,56.2,32.05,38.35,38.35,80931,916208.38,1355100,177400,18-MAR-2024,
OPTIDX,NIFTY,28-Mar-2024,22650,CE,34.95,46.35,26.4,31.4,31.4,19790,224457.23,240900,21350,18-MAR-2024,
OPTIDX,NIFTY,28-Mar-2024,22700,CE,21.35,37.75,21.2,24.75,24.75,71061,807508.07,1459850,296250,18-MAR-2024,
OPTIDX,NIFTY,28-Mar-2024,22750,CE,21.75,30.6,17.3,19.85,19.85,17609,200494.6,337750,22750,18-MAR-2024,
OPTIDX,NIFTY,28-Mar-2024,22800,CE,20,24.25,13.75,15.55,15.55,71216,812487.03,1570200,301250,18-MAR-2024,
OPTIDX,NIFTY,28-Mar-2024,22850,CE,17.6,19.35,11.1,12.35,12.35,21158,241880.41,271700,76400,18-MAR-2024,
OPTIDX,NIFTY,28-Mar-2024,22900,CE,10.55,15.4,9.05,9.85,9.85,45647,522911.78,1157350,-10800,18-MAR-2024,
OPTIDX,NIFTY,28-Mar-2024,22950,CE,9.9,12.7,7.7,8.4,8.4,12145,139421.1,174350,18050,18-MAR-2024,
OPTIDX,NIFTY,28-Mar-2024,23000,CE,8.9,10.55,6.6,7.15,7.15,80442,925408.87,3542500,114900,18-MAR-2024,
OPTIDX,NIFTY,28-Mar-2024,23050,CE,8,8.9,5.2,5.75,5.75,11201,129127.6,158250,27600,18-MAR-2024,
OPTIDX,NIFTY,28-Mar-2024,23100,CE,6.55,6.65,4.3,4.7,4.7,19777,228476.58,674750,40500,18-MAR-2024,
OPTIDX,NIFTY,28-Mar-2024,23150,CE,5.9,5.9,3.9,4.2,4.2,4852,56173.15,102850,-21650,18-MAR-2024,
OPTIDX,NIFTY,28-Mar-2024,23200,CE,5,5,3.2,3.4,3.4,15384,178484.03,1226650,69400,18-MAR-2024,
OPTIDX,NIFTY,28-Mar-2024,23250,CE,4.85,4.85,3.2,3.45,3.45,2603,30265.07,70550,-11950,18-MAR-2024,
OPTIDX,NIFTY,28-Mar-2024,23300,CE,4.05,4.1,2.8,3.05,3.05,6137,71506.69,315550,13900,18-MAR-2024,
OPTIDX,NIFTY,28-Mar-2024,23350,CE,3.55,3.65,2.8,3.05,3.05,1460,17047.84,81650,3350,18-MAR-2024,
OPTIDX,NIFTY,28-Mar-2024,23400,CE,3.55,3.7,2.6,2.75,2.75,8579,100387.13,257850,-50650,18-MAR-2024,
OPTIDX,NIFTY,28-Mar-2024,23450,CE,2.85,3.55,2.7,2.8,2.8,2428,28472.05,116800,-7600,18-MAR-2024,
OPTIDX,NIFTY,28-Mar-2024,23500,CE,3.5,3.8,2.5,2.6,2.6,18159,213394.33,1246450,-23550,18-MAR-2024,
OPTIDX,NIFTY,28-Mar-2024,23550,CE,2.9,3.15,2.3,2.45,2.45,425,5004.92,30050,-4400,18-MAR-2024,
OPTIDX,NIFTY,28-Mar-2024,23600,CE,3,3,2.25,2.4,2.4,2103,24818.17,123700,-11200,18-MAR-2024,
OPTIDX,NIFTY,28-Mar-2024,23650,CE,2.9,2.9,2.2,2.25,2.25,433,5120.75,21600,-2900,18-MAR-2024,
OPTIDX,NIFTY,28-Mar-2024,23700,CE,2.55,2.55,1.9,2.15,2.15,1516,17966.35,170450,-8950,18-MAR-2024,
OPTIDX,NIFTY,28-Mar-2024,23750,CE,2.6,2.6,2.1,2.1,2.1,87,1033.22,17100,-400,18-MAR-2024,
OPTIDX,NIFTY,28-Mar-2024,23800,CE,2,2.45,1.85,2,2,1305,15530.94,125100,-14400,18-MAR-2024,
OPTIDX,NIFTY,28-Mar-2024,23850,CE,2.5,2.9,1.8,1.95,1.95,1766,21061.48,31450,-20050,18-MAR-2024,
OPTIDX,NIFTY,28-Mar-2024,23900,CE,2.5,5.45,2.05,2.05,2.05,1090,13026.75,66000,4500,18-MAR-2024,
OPTIDX,NIFTY,28-Mar-2024,23950,CE,2.45,2.45,1.8,1.9,1.9,185,2215.56,23800,600,18-MAR-2024,
OPTIDX,NIFTY,28-Mar-2024,24000,CE,2.6,2.7,1.95,2.1,2.1,11771,141265.18,2314750,-94250,18-MAR-2024,
OPTIDX,NIFTY,28-Mar-2024,24050,CE,2.35,2.35,1.95,2.05,2.05,41,493.06,9950,0,18-MAR-2024,
OPTIDX,NIFTY,28-Mar-2024,24100,CE,2.25,2.25,1.7,1.75,1.75,299,3603.24,42400,2650,18-MAR-2024,
OPTIDX,NIFTY,28-Mar-2024,24150,CE,2.2,4.4,1.95,2,2,123,1485.36,15450,-150,18-MAR-2024,
OPTIDX,NIFTY,28-Mar-2024,24200,CE,2.3,2.35,1.7,1.75,1.75,414,5009.8,34450,6500,18-MAR-2024,
OPTIDX,NIFTY,28-Mar-2024,24250,CE,2.2,2.4,1.65,1.85,1.85,166,2012.9,33250,-950,18-MAR-2024,
OPTIDX,NIFTY,28-Mar-2024,25000,CE,2.2,2.4,1.5,1.7,1.7,2954,36927.71,771450,5400,18-MAR-2024,
OPTIDX,NIFTY,28-Mar-2024,26000,CE,1.75,1.75,1.35,1.4,1.4,744,9672.53,200650,15000,18-MAR-2024,
OPTIDX,NIFTY,28-Mar-2024,27000,CE,1.2,1.45,1.15,1.25,1.25,588,7938.37,206900,18500,18-MAR-2024,
OPTIDX,NIFTY,28-Mar-2024,14000,PE,1,1.15,0.85,1,1,196,1372.09,172650,5250,18-MAR-2024,
OPTIDX,NIFTY,28-Mar-2024,15000,PE,1.05,1.2,1.05,1.1,1.1,59,442.53,10900,350,18-MAR-2024,
OPTIDX,NIFTY,28-Mar-2024,16000,PE,1.3,1.35,1.15,1.15,1.15,72,576.04,115600,600,18-MAR-2024,
OPTIDX,NIFTY,28-Mar-2024,17000,PE,2.05,2.05,1.5,1.55,1.55,378,3213.3,238000,-2400,18-MAR-2024,
OPTIDX,NIFTY,28-Mar-2024,18000,PE,1.85,2,1.6,1.75,1.75,2369,21323.18,711700,-8350,18-MAR-2024,
OPTIDX,NIFTY,28-Mar-2024,19000,PE,2.05,2.35,1.6,1.65,1.65,2584,24550.5,1137800,-29850,18-MAR-2024,
OPTIDX,NIFTY,28-Mar-2024,19500,PE,2.3,2.3,1.6,1.8,1.8,1175,11457.41,290350,150,18-MAR-2024,
OPTIDX,NIFTY,28-Mar-2024,19550,PE,1.65,2.85,1.65,2.5,2.5,62,606.11,1750,450,18-MAR-2024,
OPTIDX,NIFTY,28-Mar-2024,19600,PE,2.55,2.95,1.9,2.15,2.15,162,1587.77,36650,1150,18-MAR-2024,
OPTIDX,NIFTY,28-Mar-2024,19650,PE,2.95,3.15,1.6,1.75,1.75,32,314.44,2900,-350,18-MAR-2024,
OPTIDX,NIFTY,28-Mar-2024,19700,PE,2.75,2.8,2.05,2.05,2.05,248,2443.11,33600,-2550,18-MAR-2024,
OPTIDX,NIFTY,28-Mar-2024,19750,PE,2.7,3.15,2,2.15,2.15,76,750.59,3300,400,18-MAR-2024,
OPTIDX,NIFTY,28-Mar-2024,19800,PE,2.95,3.85,1.7,2.3,2.3,511,5059.59,79350,-1400,18-MAR-2024,
OPTIDX,NIFTY,28-Mar-2024,19850,PE,2.9,3,2.15,2.25,2.25,57,565.79,2800,700,18-MAR-2024,
OPTIDX,NIFTY,28-Mar-2024,19900,PE,3.15,3.75,2.2,2.35,2.35,367,3652.14,45150,1600,18-MAR-2024,
OPTIDX,NIFTY,28-Mar-2024,19950,PE,3.05,3.4,2.2,2.35,2.35,23,229.45,1150,350,18-MAR-2024,
OPTIDX,NIFTY,28-Mar-2024,20000,PE,3.45,3.65,2.5,2.7,2.7,21659,216622.89,3951800,-96050,18-MAR-2024,
OPTIDX,NIFTY,28-Mar-2024,20050,PE,3.55,3.65,2.2,2.7,2.7,476,4772.58,10400,1050,18-MAR-2024,
OPTIDX,NIFTY,28-Mar-2024,20100,PE,3.75,3.9,2.4,2.55,2.55,5957,59876.97,124900,-8700,18-MAR-2024,
OPTIDX,NIFTY,28-Mar-2024,20150,PE,3.65,3.8,2.45,2.65,2.65,374,3768.62,3650,450,18-MAR-2024,
OPTIDX,NIFTY,28-Mar-2024,20200,PE,4.05,4.1,2.55,3,3,5239,52922.25,198250,48900,18-MAR-2024,
OPTIDX,NIFTY,28-Mar-2024,20250,PE,4,4.25,2.65,2.85,2.85,272,2754.46,8250,-300,18-MAR-2024,
OPTIDX,NIFTY,28-Mar-2024,20300,PE,4.05,5,2.75,2.9,2.9,1692,17176.84,182450,3350,18-MAR-2024,
OPTIDX,NIFTY,28-Mar-2024,20350,PE,4.15,4.95,2.95,3.1,3.1,708,7205.12,61450,2850,18-MAR-2024,
OPTIDX,NIFTY,28-Mar-2024,20400,PE,4.25,5.8,2.6,2.9,2.9,7311,74585.1,341100,-20650,18-MAR-2024,
OPTIDX,NIFTY,28-Mar-2024,20450,PE,4.7,6,3.15,3.3,3.3,770,7874.95,10850,2950,18-MAR-2024,
OPTIDX,NIFTY,28-Mar-2024,20500,PE,4.6,5.85,3.05,3.25,3.25,12651,129699.06,1245350,-4400,18-MAR-2024,
OPTIDX,NIFTY,28-Mar-2024,20550,PE,5.4,6,3.55,3.85,3.85,1427,14665.61,20100,2400,18-MAR-2024,
OPTIDX,NIFTY,28-Mar-2024,20600,PE,4.8,7.15,3.65,3.9,3.9,9732,100263.19,136300,-115900,18-MAR-2024,
OPTIDX,NIFTY,28-Mar-2024,20650,PE,6.4,7.25,4.25,4.55,4.55,3630,37489.49,61100,12350,18-MAR-2024,
OPTIDX,NIFTY,28-Mar-2024,20700,PE,5.8,7.8,4.15,4.6,4.6,7470,77334.89,335350,40350,18-MAR-2024,
OPTIDX,NIFTY,28-Mar-2024,20750,PE,7.9,8.8,4.85,5.15,5.15,3076,31923.75,48900,3700,18-MAR-2024,
OPTIDX,NIFTY,28-Mar-2024,20800,PE,9,9.55,5.15,5.6,5.6,13643,141934.4,416800,54100,18-MAR-2024,
OPTIDX,NIFTY,28-Mar-2024,20850,PE,9.4,11.05,5.85,6.25,6.25,3670,38275.09,46100,7550,18-MAR-2024,
OPTIDX,NIFTY,28-Mar-2024,20900,PE,10.4,12.45,6.2,6.8,6.8,14621,152853.75,398850,25250,18-MAR-2024,
OPTIDX,NIFTY,28-Mar-2024,20950,PE,12.15,14.2,6.8,7.7,7.7,6730,70527.68,103200,32150,18-MAR-2024,
OPTIDX,NIFTY,28-Mar-2024,21000,PE,11.9,16.55,7.7,8.6,8.6,76742,806230.37,4473050,-49400,18-MAR-2024,
OPTIDX,NIFTY,28-Mar-2024,21050,PE,14,18.15,8.25,9.25,9.25,8204,86395.05,102750,19400,18-MAR-2024,
OPTIDX,NIFTY,28-Mar-2024,21100,PE,14.15,20.4,8.5,10.05,10.05,29859,315206.81,428450,-38400,18-MAR-2024,
OPTIDX,NIFTY,28-Mar-2024,21150,PE,15.6,23.6,10.2,11.55,11.55,10170,107625.84,103550,15400,18-MAR-2024,
OPTIDX,NIFTY,28-Mar-2024,21200,PE,18.45,27,11.2,12.95,12.95,42991,456065.47,1016450,256000,18-MAR-2024,
OPTIDX,NIFTY,28-Mar-2024,21250,PE,24.35,31.25,13.1,15.35,15.35,13535,143945.72,145100,-2450,18-MAR-2024,
OPTIDX,NIFTY,28-Mar-2024,21300,PE,25.95,35.9,14.7,17.55,17.55,50558,539010.43,1046150,116250,18-MAR-2024,
OPTIDX,NIFTY,28-Mar-2024,21350,PE,27.95,41.35,17.4,20.6,20.6,11326,121057.85,128150,-6750,18-MAR-2024,
OPTIDX,NIFTY,28-Mar-2024,21400,PE,21.75,47.5,19.75,23.85,23.85,52349,560934.71,787200,157950,18-MAR-2024,
OPTIDX,NIFTY,28-Mar-2024,21450,PE,41,54,23.2,27.85,27.85,12742,136881.97,151050,7300,18-MAR-2024,
OPTIDX,NIFTY,28-Mar-2024,21500,PE,44.95,62.5,27.35,32.75,32.75,109252,1176683.96,2850850,-273700,18-MAR-2024,
OPTIDX,NIFTY,28-Mar-2024,21550,PE,51.5,70.45,30.95,37.85,37.85,14558,157200.34,132700,23400,18-MAR-2024,
OPTIDX,NIFTY,28-Mar-2024,21600,PE,70,80.55,36.05,44.55,44.55,61753,668566.8,942650,23900,18-MAR-2024,
OPTIDX,NIFTY,28-Mar-2024,21650,PE,65.8,91,41.85,52.1,52.1,14575,158232.93,227500,20400,18-MAR-2024,
OPTIDX,NIFTY,28-Mar-2024,21700,PE,76.1,103.25,47.9,60,60,62228,677313.34,1628800,138100,18-MAR-2024,
OPTIDX,NIFTY,28-Mar-2024,21750,PE,94,117,56,69.7,69.7,15398,168076.27,180100,29800,18-MAR-2024,
OPTIDX,NIFTY,28-Mar-2024,21800,PE,101.15,132.65,64.75,81.05,81.05,91648,1003243.32,1589850,-59950,18-MAR-2024,
OPTIDX,NIFTY,28-Mar-2024,21850,PE,130,148.8,74.3,93.8,93.8,17866,196133.81,183150,25950,18-MAR-2024,
OPTIDX,NIFTY,28-Mar-2024,21900,PE,137.1,166.9,85.4,108,108,76736,844919.47,1143650,62800,18-MAR-2024,
OPTIDX,NIFTY,28-Mar-2024,21950,PE,154.65,187.1,98.2,122.7,122.7,22266,245936.48,254700,48150,18-MAR-2024,
OPTIDX,NIFTY,28-Mar-2024,22000,PE,172.2,207.35,111.8,139.8,139.8,212200,2350842.07,3661300,226250,18-MAR-2024,
OPTIDX,NIFTY,28-Mar-2024,22050,PE,190.85,231.1,128.9,159.45,159.45,27501,305543.64,226750,4850,18-MAR-2024,
OPTIDX,NIFTY,28-Mar-2024,22100,PE,223.85,256.4,145.6,179.8,179.8,99743,1111654.61,1271000,44700,18-MAR-2024,
OPTIDX,NIFTY,28-Mar-2024,22150,PE,257.55,284.05,165.5,206.25,206.25,21450,239730.21,266200,124100,18-MAR-2024,
OPTIDX,NIFTY,28-Mar-2024,22200,PE,255,313.6,187.4,229.7,229.7,99794,1119762.22,2035300,61500,18-MAR-2024,
OPTIDX,NIFTY,28-Mar-2024,22250,PE,295,343.15,211,254.4,254.4,5581,62846.23,100700,-2550,18-MAR-2024,
OPTIDX,NIFTY,28-Mar-2024,22300,PE,328.55,377.1,237.1,285.6,285.6,20054,226607.04,1021750,5250,18-MAR-2024,
OPTIDX,NIFTY,28-Mar-2024,22350,PE,381.85,410.5,266,319.25,319.25,2640,29936.43,84450,1500,18-MAR-2024,
OPTIDX,NIFTY,28-Mar-2024,22400,PE,404.05,448,295,348.1,348.1,9376,106749.6,741350,19150,18-MAR-2024,
OPTIDX,NIFTY,28-Mar-2024,22450,PE,388,483.75,329.85,386.85,386.85,1439,16443.82,57700,-2550,18-MAR-2024,
OPTIDX,NIFTY,28-Mar-2024,22500,PE,475,524,361.15,423.5,423.5,18706,214560.17,1345300,-99900,18-MAR-2024,
OPTIDX,NIFTY,28-Mar-2024,22550,PE,532.1,563.95,401,461.15,461.15,324,3730.88,46300,-2800,18-MAR-2024,
OPTIDX,NIFTY,28-Mar-2024,22600,PE,551.2,608.95,433.8,507.1,507.1,1177,13604.34,157200,-15150,18-MAR-2024,
OPTIDX,NIFTY,28-Mar-2024,22650,PE,590.05,638.9,483.9,538.85,538.85,161,1868.87,16450,-1450,18-MAR-2024,
OPTIDX,NIFTY,28-Mar-2024,22700,PE,652.5,691.65,522.05,592.3,592.3,1053,12272.54,94900,-3550,18-MAR-2024,
OPTIDX,NIFTY,28-Mar-2024,22750,PE,711.05,714.45,574.7,631.95,631.95,51,596.84,33750,-200,18-MAR-2024,
OPTIDX,NIFTY,28-Mar-2024,22800,PE,745,788.6,609.85,681.2,681.2,255,2995.11,64250,-1950,18-MAR-2024,
OPTIDX,NIFTY,28-Mar-2024,22850,PE,766.9,805.2,672.05,720.6,720.6,28,330.43,18750,50,18-MAR-2024,
OPTIDX,NIFTY,28-Mar-2024,22900,PE,787.6,875.05,695,765.3,765.3,136,1609.56,25550,-950,18-MAR-2024,
OPTIDX,NIFTY,28-Mar-2024,22950,PE,0,0,0,699.45,857.4,0,0,19550,0,18-MAR-2024,
OPTIDX,NIFTY,28-Mar-2024,23000,PE,900,982.95,790,873.3,873.3,5321,63552.78,961300,-10200,18-MAR-2024,
OPTIDX,NIFTY,28-Mar-2024,23050,PE,0,0,0,916.1,954.85,0,0,11200,0,18-MAR-2024,
OPTIDX,NIFTY,28-Mar-2024,23100,PE,1000,1010.2,913.15,962.2,962.2,10,120.39,25650,-200,18-MAR-2024,
OPTIDX,NIFTY,28-Mar-2024,23150,PE,0,0,0,899.65,1053.25,0,0,6400,0,18-MAR-2024,
OPTIDX,NIFTY,28-Mar-2024,23200,PE,1115,1125,1035.6,1039.4,1039.4,11,133.59,114900,-50,18-MAR-2024,
OPTIDX,NIFTY,28-Mar-2024,23250,PE,0,0,0,998.85,1152.25,0,0,9650,0,18-MAR-2024,
OPTIDX,NIFTY,28-Mar-2024,23300,PE,1190,1259.85,1190,1259.85,1201.9,2,24.52,3650,-50,18-MAR-2024,
OPTIDX,NIFTY,28-Mar-2024,23350,PE,0,0,0,1098.55,1251.6,0,0,800,0,18-MAR-2024,
OPTIDX,NIFTY,28-Mar-2024,23400,PE,1289.2,1289.2,1223.1,1223.1,1301.4,4,49.31,2650,-100,18-MAR-2024,
OPTIDX,NIFTY,28-Mar-2024,23450,PE,0,0,0,1200,1351.2,0,0,850,0,18-MAR-2024,
OPTIDX,NIFTY,28-Mar-2024,23500,PE,1404,1470,1281.9,1372.65,1372.65,580,7208.21,258750,600,18-MAR-2024,
OPTIDX,NIFTY,28-Mar-2024,23550,PE,0,0,0,969.5,1450.9,0,0,800,0,18-MAR-2024,
OPTIDX,NIFTY,28-Mar-2024,23600,PE,1510.55,1553.25,1510.55,1553.25,1500.75,5,62.8,250,100,18-MAR-2024,
OPTIDX,NIFTY,28-Mar-2024,23650,PE,0,0,0,1621.9,1550.65,0,0,0,0,18-MAR-2024,
OPTIDX,NIFTY,28-Mar-2024,23700,PE,1608.85,1614.9,1608.85,1614.9,1600.55,4,50.62,850,0,18-MAR-2024,
OPTIDX,NIFTY,28-Mar-2024,23750,PE,0,0,0,1149.65,1650.45,0,0,100,0,18-MAR-2024,
OPTIDX,NIFTY,28-Mar-2024,23800,PE,1768.25,1768.25,1706.45,1706.45,1700.35,4,51.07,1100,50,18-MAR-2024,
OPTIDX,NIFTY,28-Mar-2024,23850,PE,0,0,0,1717.1,1750.25,0,0,50,0,18-MAR-2024,
OPTIDX,NIFTY,28-Mar-2024,23900,PE,1808.85,1814.9,1808.85,1814.9,1800.15,4,51.42,500,100,18-MAR-2024,
OPTIDX,NIFTY,28-Mar-2024,23950,PE,0,0,0,1376.7,1850.05,0,0,100,0,18-MAR-2024,
OPTIDX,NIFTY,28-Mar-2024,24000,PE,1919.95,1963.65,1780,1860.35,1860.35,887,11462.52,517350,-4100,18-MAR-2024,
OPTIDX,NIFTY,28-Mar-2024,24050,PE,0,0,0,1472.85,1949.85,0,0,50,0,18-MAR-2024,
OPTIDX,NIFTY,28-Mar-2024,24100,PE,0,0,0,1993,1999.75,0,0,1050,0,18-MAR-2024,
OPTIDX,NIFTY,28-Mar-2024,24150,PE,0,0,0,1570.35,2049.7,0,0,50,0,18-MAR-2024,
OPTIDX,NIFTY,28-Mar-2024,24200,PE,2089.1,2089.1,2004.1,2004.1,2099.6,4,52.49,150,100,18-MAR-2024,
OPTIDX,NIFTY,28-Mar-2024,24250,PE,0,0,0,2127.65,2149.5,0,0,0,0,18-MAR-2024,
OPTIDX,NIFTY,28-Mar-2024,25000,PE,2920,2958,2773.15,2854.8,2854.8,129,1796.77,380800,-300,18-MAR-2024,
OPTIDX,NIFTY,28-Mar-2024,26000,PE,3943.85,3947.25,3800,3841.05,3841.05,71,1058.68,48450,3400,18-MAR-2024,
OPTIDX,NIFTY,28-Mar-2024,27000,PE,4920,4920,4799,4799,4894.4,80,1274.33,11600,-1600,18-MAR-2024,
OPTIDX,NIFTY,04-Apr-2024,20200,CE,0,0,0,2194.85,1919.15,0,0,0,0,18-MAR-2024,
OPTIDX,NIFTY,04-Apr-2024,20250,CE,0,0,0,2146.35,1869.3,0,0,0,0,18-MAR-2024,
OPTIDX,NIFTY,04-Apr-2024,20300,CE,0,0,0,2098,1819.5,0,0,0,0,18-MAR-2024,
OPTIDX,NIFTY,04-Apr-2024,20350,CE,0,0,0,2049.8,1769.7,0,0,0,0,18-MAR-2024,
OPTIDX,NIFTY,04-Apr-2024,20400,CE,0,0,0,2001.75,1719.9,0,0,0,0,18-MAR-2024,
OPTIDX,NIFTY,04-Apr-2024,20450,CE,0,0,0,1953.85,1670.1,0,0,0,0,18-MAR-2024,
OPTIDX,NIFTY,04-Apr-2024,20500,CE,0,0,0,1906.2,1620.35,0,0,0,0,18-MAR-2024,
OPTIDX,NIFTY,04-Apr-2024,20550,CE,0,0,0,1858.7,1570.65,0,0,0,0,18-MAR-2024,
OPTIDX,NIFTY,04-Apr-2024,20600,CE,0,0,0,1811.45,1520.95,0,0,0,0,18-MAR-2024,
OPTIDX,NIFTY,04-Apr-2024,20650,CE,0,0,0,1764.45,1471.35,0,0,0,0,18-MAR-2024,
OPTIDX,NIFTY,04-Apr-2024,20700,CE,0,0,0,1717.7,1421.75,0,0,0,0,18-MAR-2024,
OPTIDX,NIFTY,04-Apr-2024,20750,CE,0,0,0,1671.25,1372.25,0,0,0,0,18-MAR-2024,
OPTIDX,NIFTY,04-Apr-2024,20800,CE,0,0,0,1625.15,1322.85,0,0,0,0,18-MAR-2024,
OPTIDX,NIFTY,04-Apr-2024,20850,CE,0,0,0,1579.3,1273.6,0,0,0,0,18-MAR-2024,
OPTIDX,NIFTY,04-Apr-2024,20900,CE,0,0,0,1533.85,1224.5,0,0,0,0,18-MAR-2024,
OPTIDX,NIFTY,04-Apr-2024,20950,CE,0,0,0,1488.75,1175.55,0,0,0,0,18-MAR-2024,
OPTIDX,NIFTY,04-Apr-2024,21000,CE,1140,1270,1136.05,1233,1126.8,13,144.25,1250,150,18-MAR-2024,
OPTIDX,NIFTY,04-Apr-2024,21050,CE,0,0,0,1399.75,1078.35,0,0,0,0,18-MAR-2024,
OPTIDX,NIFTY,04-Apr-2024,21100,CE,1104,1162.35,1104,1151.45,1030.25,9,100.08,150,150,18-MAR-2024,
OPTIDX,NIFTY,04-Apr-2024,21150,CE,0,0,0,1312.55,982.45,0,0,0,0,18-MAR-2024,
OPTIDX,NIFTY,04-Apr-2024,21200,CE,0,0,0,1107,935.1,0,0,300,0,18-MAR-2024,
OPTIDX,NIFTY,04-Apr-2024,21250,CE,0,0,0,1227.35,888.25,0,0,0,0,18-MAR-2024,
OPTIDX,NIFTY,04-Apr-2024,21300,CE,0,0,0,1185.55,841.95,0,0,0,0,18-MAR-2024,
OPTIDX,NIFTY,04-Apr-2024,21350,CE,0,0,0,1144.3,796.3,0,0,0,0,18-MAR-2024,
OPTIDX,NIFTY,04-Apr-2024,21400,CE,782.45,782.45,782.45,782.45,751.4,1,11.09,650,0,18-MAR-2024,
OPTIDX,NIFTY,04-Apr-2024,21450,CE,0,0,0,1063.6,707.25,0,0,0,0,18-MAR-2024,
OPTIDX,NIFTY,04-Apr-2024,21500,CE,730,830.9,683,769.55,769.55,1747,19437.59,88350,71650,18-MAR-2024,
OPTIDX,NIFTY,04-Apr-2024,21550,CE,0,0,0,695,621.8,0,0,500,0,18-MAR-2024,
OPTIDX,NIFTY,04-Apr-2024,21600,CE,0,0,0,713.15,580.65,0,0,2300,0,18-MAR-2024,
OPTIDX,NIFTY,04-Apr-2024,21650,CE,0,0,0,911,540.65,0,0,0,0,18-MAR-2024,
OPTIDX,NIFTY,04-Apr-2024,21700,CE,559.25,664.2,533.9,590,590,221,2462.12,15900,4800,18-MAR-2024,
OPTIDX,NIFTY,04-Apr-2024,21750,CE,0,0,0,837.55,464.5,0,0,0,0,18-MAR-2024,
OPTIDX,NIFTY,04-Apr-2024,21800,CE,484,582.4,458.8,520.6,520.6,1182,13188.28,49850,42850,18-MAR-2024,
OPTIDX,NIFTY,04-Apr-2024,21850,CE,486.15,532.4,427.6,532.4,394,63,703.23,3650,800,18-MAR-2024,
OPTIDX,NIFTY,04-Apr-2024,21900,CE,403.35,500,387.65,440.9,440.9,879,9813.3,41700,8100,18-MAR-2024,
OPTIDX,NIFTY,04-Apr-2024,21950,CE,406.05,463.1,359.9,405.6,405.6,346,3865.65,8100,2250,18-MAR-2024,
OPTIDX,NIFTY,04-Apr-2024,22000,CE,371.55,433.3,324.5,376.3,376.3,10165,113728.03,506800,66600,18-MAR-2024,
OPTIDX,NIFTY,04-Apr-2024,22050,CE,356.3,396.75,299.3,341.45,341.45,679,7601.93,13150,4300,18-MAR-2024,
OPTIDX,NIFTY,04-Apr-2024,22100,CE,318.35,365.5,270.8,314.75,314.75,2976,33354.02,389900,34900,18-MAR-2024,
OPTIDX,NIFTY,04-Apr-2024,22150,CE,262.6,332.6,245.55,283.25,283.25,542,6078.91,224400,2150,18-MAR-2024,
OPTIDX,NIFTY,04-Apr-2024,22200,CE,264.65,304,219.25,255.65,255.65,15576,175032.32,699450,482100,18-MAR-2024,
OPTIDX,NIFTY,04-Apr-2024,22250,CE,230,270.9,199.5,229.55,229.55,10162,114342.68,456150,443500,18-MAR-2024,
OPTIDX,NIFTY,04-Apr-2024,22300,CE,189.45,247.45,174.9,205.75,205.75,6396,72011.74,346700,121650,18-MAR-2024,
OPTIDX,NIFTY,04-Apr-2024,22350,CE,179.15,218.4,154.9,180.55,180.55,2371,26737.59,228050,104300,18-MAR-2024,
OPTIDX,NIFTY,04-Apr-2024,22400,CE,175.6,197,137.2,164.4,164.4,3091,34873.29,184000,12100,18-MAR-2024,
OPTIDX,NIFTY,04-Apr-2024,22450,CE,130,172.85,120,144.45,144.45,689,7786.01,122900,8700,18-MAR-2024,
OPTIDX,NIFTY,04-Apr-2024,22500,CE,112.65,153.45,103.5,122.95,122.95,8667,98046.37,819650,117650,18-MAR-2024,
OPTIDX,NIFTY,04-Apr-2024,22550,CE,103,130,92.85,105.75,105.75,640,7249.82,214900,1650,18-MAR-2024,
OPTIDX,NIFTY,04-Apr-2024,22600,CE,92,116.05,77.35,91.55,91.55,1780,20198.62,360650,11550,18-MAR-2024,
OPTIDX,NIFTY,04-Apr-2024,22650,CE,85,99.6,67.2,77.95,77.95,597,6785.98,522950,-3800,18-MAR-2024,
OPTIDX,NIFTY,04-Apr-2024,22700,CE,70,85,57,67.7,67.7,2649,30160.18,584000,36750,18-MAR-2024,
OPTIDX,NIFTY,04-Apr-2024,22750,CE,59.95,71.85,48.6,54.9,54.9,252,2873.53,8000,4150,18-MAR-2024,
OPTIDX,NIFTY,04-Apr-2024,22800,CE,43.55,60.9,40.75,46.8,46.8,2933,33506.47,73750,39100,18-MAR-2024,
OPTIDX,NIFTY,04-Apr-2024,22850,CE,41.45,51.25,35,39.75,39.75,513,5871.24,15850,10550,18-MAR-2024,
OPTIDX,NIFTY,04-Apr-2024,22900,CE,30.8,42.9,28.4,32.6,32.6,3755,43061.16,96800,33450,18-MAR-2024,
OPTIDX,NIFTY,04-Apr-2024,22950,CE,30.55,36.65,25.85,27.5,27.5,259,2975.86,8650,5650,18-MAR-2024,
OPTIDX,NIFTY,04-Apr-2024,23000,CE,21.3,29.9,20.05,22.6,22.6,7091,81632.68,282850,62650,18-MAR-2024,
OPTIDX,NIFTY,04-Apr-2024,23050,CE,20,23.95,17.05,18.75,18.75,267,3079.84,3550,1650,18-MAR-2024,
OPTIDX,NIFTY,04-Apr-2024,23100,CE,15.75,19.7,13.9,14.9,14.9,3437,39725.21,86550,27600,18-MAR-2024,
OPTIDX,NIFTY,04-Apr-2024,23150,CE,16.95,18.95,11.75,14.95,14.95,78,903.38,5550,3550,18-MAR-2024,
OPTIDX,NIFTY,04-Apr-2024,23200,CE,11.9,14.1,10.05,10.6,10.6,2091,24267.99,65200,26950,18-MAR-2024,
OPTIDX,NIFTY,04-Apr-2024,23250,CE,13.45,14.9,9,14.9,14.9,9,104.68,3300,-50,18-MAR-2024,
OPTIDX,NIFTY,04-Apr-2024,23300,CE,8.9,10.85,7.3,7.45,7.45,413,4813.3,45900,3250,18-MAR-2024,
OPTIDX,NIFTY,04-Apr-2024,23350,CE,11,12,3,8.5,8.5,20,233.59,1350,150,18-MAR-2024,
OPTIDX,NIFTY,04-Apr-2024,23400,CE,7.85,8.05,5.65,6.35,6.35,194,2270.49,31150,200,18-MAR-2024,
OPTIDX,NIFTY,04-Apr-2024,23450,CE,4.8,8,4.8,7.9,7.9,7,82.09,3450,100,18-MAR-2024,
OPTIDX,NIFTY,04-Apr-2024,23500,CE,6.6,6.6,4.65,5.15,5.15,1949,22906.4,88050,26750,18-MAR-2024,
OPTIDX,NIFTY,04-Apr-2024,23550,CE,6.9,6.9,6,6,1.85,18,212,1600,100,18-MAR-2024,
OPTIDX,NIFTY,04-Apr-2024,23600,CE,6.6,7.25,4.15,5.35,5.35,427,5039.69,18750,15750,18-MAR-2024,
OPTIDX,NIFTY,04-Apr-2024,23650,CE,8.35,10.25,2.35,4.65,4.65,303,3583.81,3450,-3350,18-MAR-2024,
OPTIDX,NIFTY,04-Apr-2024,23700,CE,3.95,6.25,3.85,5.5,5.5,29,343.72,23200,450,18-MAR-2024,
OPTIDX,NIFTY,04-Apr-2024,23750,CE,6,6,5.5,5.75,5.75,2,23.75,2550,50,18-MAR-2024,
OPTIDX,NIFTY,04-Apr-2024,23800,CE,5.15,5.2,4,4.15,4.15,70,833.15,7050,1150,18-MAR-2024,
OPTIDX,NIFTY,04-Apr-2024,23850,CE,0,0,0,58.7,0.4,0,0,0,0,18-MAR-2024,
OPTIDX,NIFTY,04-Apr-2024,23900,CE,3.3,4.65,3.3,3.7,3.7,20,239.03,4800,-50,18-MAR-2024,
OPTIDX,NIFTY,04-Apr-2024,23950,CE,4.75,4.8,3.3,3.4,3.4,42,503.03,6800,450,18-MAR-2024,
OPTIDX,NIFTY,04-Apr-2024,24000,CE,4.25,4.4,3.05,3.25,3.25,218,2616.4,28050,-250,18-MAR-2024,
OPTIDX,NIFTY,04-Apr-2024,24050,CE,0,0,0,11,0.15,0,0,700,0,18-MAR-2024,
OPTIDX,NIFTY,04-Apr-2024,24100,CE,0,0,0,4.1,0.1,0,0,7000,0,18-MAR-2024,
OPTIDX,NIFTY,04-Apr-2024,24150,CE,0,0,0,4.95,0.1,0,0,1650,0,18-MAR-2024,
OPTIDX,NIFTY,04-Apr-2024,24200,CE,2.8,3,2.8,2.9,2.9,9,108.91,3300,-250,18-MAR-2024,
OPTIDX,NIFTY,04-Apr-2024,24250,CE,0,0,0,2.75,0.05,0,0,250,0,18-MAR-2024,
OPTIDX,NIFTY,04-Apr-2024,20200,PE,0,0,0,7.5,0.05,0,0,0,0,18-MAR-2024,
OPTIDX,NIFTY,04-Apr-2024,20250,PE,0,0,0,8.6,0.05,0,0,0,0,18-MAR-2024,
OPTIDX,NIFTY,04-Apr-2024,20300,PE,0,0,0,9.8,0.1,0,0,0,0,18-MAR-2024,
OPTIDX,NIFTY,04-Apr-2024,20350,PE,0,0,0,11.2,0.1,0,0,0,0,18-MAR-2024,
OPTIDX,NIFTY,04-Apr-2024,20400,PE,7.75,7.75,7.75,7.75,0.15,3,30.61,150,150,18-MAR-2024,
OPTIDX,NIFTY,04-Apr-2024,20450,PE,4.9,9.3,4.9,7.55,7.55,171,1749.06,3200,3000,18-MAR-2024,
OPTIDX,NIFTY,04-Apr-2024,20500,PE,11.35,12.35,6.75,7.25,7.25,1941,19903.49,50600,34000,18-MAR-2024,
OPTIDX,NIFTY,04-Apr-2024,20550,PE,0,0,0,18.4,0.45,0,0,0,0,18-MAR-2024,
OPTIDX,NIFTY,04-Apr-2024,20600,PE,10.15,10.15,10.15,10.15,0.6,1,10.3,850,-50,18-MAR-2024,
OPTIDX,NIFTY,04-Apr-2024,20650,PE,10.95,10.95,9.85,10.95,0.8,25,258.25,250,250,18-MAR-2024,
OPTIDX,NIFTY,04-Apr-2024,20700,PE,10.3,11,10.3,10.3,1.1,68,704.15,3450,-2300,18-MAR-2024,
OPTIDX,NIFTY,04-Apr-2024,20750,PE,0,0,0,29.3,1.45,0,0,0,0,18-MAR-2024,
OPTIDX,NIFTY,04-Apr-2024,20800,PE,15.3,19.75,10.85,12.1,12.1,159,1654.61,4950,-4400,18-MAR-2024,
OPTIDX,NIFTY,04-Apr-2024,20850,PE,0,0,0,36.5,2.45,0,0,0,0,18-MAR-2024,
OPTIDX,NIFTY,04-Apr-2024,20900,PE,17.5,24.15,12.5,14.45,14.45,801,8376.79,16650,1700,18-MAR-2024,
OPTIDX,NIFTY,04-Apr-2024,20950,PE,21.95,26.85,13.05,13.05,4.1,34,356.51,2650,1200,18-MAR-2024,
OPTIDX,NIFTY,04-Apr-2024,21000,PE,22,29,16.25,17.4,17.4,4456,46836.69,141750,20800,18-MAR-2024,
OPTIDX,NIFTY,04-Apr-2024,21050,PE,19.9,28.8,17,18.95,18.95,89,937.75,2900,-2750,18-MAR-2024,
OPTIDX,NIFTY,04-Apr-2024,21100,PE,28.5,34.75,19.95,21.75,21.75,736,7774.19,39800,4700,18-MAR-2024,
OPTIDX,NIFTY,04-Apr-2024,21150,PE,31,39.55,24.55,24.6,24.6,190,2012.26,6500,4500,18-MAR-2024,
OPTIDX,NIFTY,04-Apr-2024,21200,PE,37.1,44.4,23.95,27.3,27.3,2114,22443.48,70400,34250,18-MAR-2024,
OPTIDX,NIFTY,04-Apr-2024,21250,PE,43.6,45.3,26.8,30.35,30.35,313,3331.24,10200,6600,18-MAR-2024,
OPTIDX,NIFTY,04-Apr-2024,21300,PE,45.05,57.2,29.75,34.95,34.95,3659,39042.88,93650,25050,18-MAR-2024,
OPTIDX,NIFTY,04-Apr-2024,21350,PE,56.5,58,34.75,38.95,38.95,205,2192.51,6200,2400,18-MAR-2024,
OPTIDX,NIFTY,04-Apr-2024,21400,PE,61.9,72.25,38.05,44.15,44.15,1724,18489.98,42450,16050,18-MAR-2024,
OPTIDX,NIFTY,04-Apr-2024,21450,PE,50.1,54.5,43.4,48.95,48.95,159,1709.04,5600,4350,18-MAR-2024,
OPTIDX,NIFTY,04-Apr-2024,21500,PE,75.2,89.4,47.9,55.65,55.65,8145,87817.87,166250,61750,18-MAR-2024,
OPTIDX,NIFTY,04-Apr-2024,21550,PE,78,97,54.75,62.3,62.3,112,1211.09,3450,1950,18-MAR-2024,
OPTIDX,NIFTY,04-Apr-2024,21600,PE,89.65,110,60.75,72,72,1483,16074.11,32800,11850,18-MAR-2024,
OPTIDX,NIFTY,04-Apr-2024,21650,PE,97.7,118.65,68.1,79.6,79.6,238,2588.06,8500,5000,18-MAR-2024,
OPTIDX,NIFTY,04-Apr-2024,21700,PE,120,132.55,76.8,90.55,90.55,2550,27789.75,55650,31150,18-MAR-2024,
OPTIDX,NIFTY,04-Apr-2024,21750,PE,112,148.1,86.25,101.15,101.15,899,9819.97,10350,7950,18-MAR-2024,
OPTIDX,NIFTY,04-Apr-2024,21800,PE,136.9,164.95,95.5,112.7,112.7,5455,59816.71,114500,49650,18-MAR-2024,
OPTIDX,NIFTY,04-Apr-2024,21850,PE,177.5,177.5,107.15,124.9,124.9,716,7869.26,7000,1950,18-MAR-2024,
OPTIDX,NIFTY,04-Apr-2024,21900,PE,177.45,196.05,117.9,139.1,139.1,2434,26844.19,61950,16250,18-MAR-2024,
OPTIDX,NIFTY,04-Apr-2024,21950,PE,173.75,214.65,131.25,154.15,154.15,649,7179.64,15650,7000,18-MAR-2024,
OPTIDX,NIFTY,04-Apr-2024,22000,PE,194,234,144.1,169.1,169.1,15651,173607.17,487200,68750,18-MAR-2024,
OPTIDX,NIFTY,04-Apr-2024,22050,PE,247.7,256.8,161.1,188.3,188.3,1339,14903.14,19850,7050,18-MAR-2024,
OPTIDX,NIFTY,04-Apr-2024,22100,PE,243.45,277.9,176.4,206.65,206.65,3641,40642.82,403450,44150,18-MAR-2024,
OPTIDX,NIFTY,04-Apr-2024,22150,PE,286.55,299.15,196.7,227,227,555,6215.8,224350,1050,18-MAR-2024,
OPTIDX,NIFTY,04-Apr-2024,22200,PE,294,325.5,213.35,247.55,247.55,14088,158085.68,673400,479700,18-MAR-2024,
OPTIDX,NIFTY,04-Apr-2024,22250,PE,335,345.55,237,271.55,271.55,9873,111091.71,450700,438600,18-MAR-2024,
OPTIDX,NIFTY,04-Apr-2024,22300,PE,352.05,379.95,256.75,285.6,285.6,4250,48007.88,328800,108050,18-MAR-2024,
OPTIDX,NIFTY,04-Apr-2024,22350,PE,390.85,400.8,282.85,310.8,310.8,2456,27820.15,222400,107900,18-MAR-2024,
OPTIDX,NIFTY,04-Apr-2024,22400,PE,400,438.05,307.95,355.4,355.4,604,6873.21,151450,2550,18-MAR-2024,
OPTIDX,NIFTY,04-Apr-2024,22450,PE,376.45,391.95,344.75,386.6,386.6,48,547.61,106000,200,18-MAR-2024,
OPTIDX,NIFTY,04-Apr-2024,22500,PE,449.95,509,363,413.95,413.95,6569,75361.91,777900,101800,18-MAR-2024,
OPTIDX,NIFTY,04-Apr-2024,22550,PE,526.3,541.75,390.05,450.75,450.75,150,1728.57,213100,5300,18-MAR-2024,
OPTIDX,NIFTY,04-Apr-2024,22600,PE,520,578.8,435.5,481.75,481.75,619,7153.71,350700,1450,18-MAR-2024,
OPTIDX,NIFTY,04-Apr-2024,22650,PE,0,0,0,576.9,584.1,0,0,503500,0,18-MAR-2024,
OPTIDX,NIFTY,04-Apr-2024,22700,PE,583.95,646,501,565.35,565.35,66,767.46,547500,2150,18-MAR-2024,
OPTIDX,NIFTY,04-Apr-2024,22750,PE,0,0,0,638.6,667.5,0,0,0,0,18-MAR-2024,
OPTIDX,NIFTY,04-Apr-2024,22800,PE,700,700,683.6,683.65,710.65,15,176.13,750,700,18-MAR-2024,
OPTIDX,NIFTY,04-Apr-2024,22850,PE,0,0,0,708.45,754.65,0,0,450,0,18-MAR-2024,
OPTIDX,NIFTY,04-Apr-2024,22900,PE,0,0,0,735.8,799.45,0,0,0,0,18-MAR-2024,
OPTIDX,NIFTY,04-Apr-2024,22950,PE,0,0,0,843.15,844.9,0,0,200,0,18-MAR-2024,
OPTIDX,NIFTY,04-Apr-2024,23000,PE,876.95,894,742.05,817.05,817.05,586,6988.57,76450,12100,18-MAR-2024,
OPTIDX,NIFTY,04-Apr-2024,23050,PE,0,0,0,839.95,937.6,0,0,0,0,18-MAR-2024,
OPTIDX,NIFTY,04-Apr-2024,23100,PE,0,0,0,876.15,984.75,0,0,0,0,18-MAR-2024,
OPTIDX,NIFTY,04-Apr-2024,23150,PE,0,0,0,914,1032.3,0,0,0,0,18-MAR-2024,
OPTIDX,NIFTY,04-Apr-2024,23200,PE,0,0,0,950.8,1080.2,0,0,0,0,18-MAR-2024,
OPTIDX,NIFTY,04-Apr-2024,23250,PE,0,0,0,989,1128.4,0,0,0,0,18-MAR-2024,
OPTIDX,NIFTY,04-Apr-2024,23300,PE,0,0,0,1027.9,1176.9,0,0,0,0,18-MAR-2024,
OPTIDX,NIFTY,04-Apr-2024,23350,PE,0,0,0,1067.35,1225.65,0,0,0,0,18-MAR-2024,
OPTIDX,NIFTY,04-Apr-2024,23400,PE,0,0,0,1107.4,1274.55,0,0,0,0,18-MAR-2024,
OPTIDX,NIFTY,04-Apr-2024,23450,PE,0,0,0,1148.05,1323.65,0,0,0,0,18-MAR-2024,
OPTIDX,NIFTY,04-Apr-2024,23500,PE,0,0,0,1189.2,1372.9,0,0,0,0,18-MAR-2024,
OPTIDX,NIFTY,04-Apr-2024,23550,PE,0,0,0,1230.9,1422.25,0,0,0,0,18-MAR-2024,
OPTIDX,NIFTY,04-Apr-2024,23600,PE,0,0,0,1273.05,1471.7,0,0,0,0,18-MAR-2024,
OPTIDX,NIFTY,04-Apr-2024,23650,PE,0,0,0,1315.75,1521.2,0,0,0,0,18-MAR-2024,
OPTIDX,NIFTY,04-Apr-2024,23700,PE,0,0,0,1358.85,1570.8,0,0,0,0,18-MAR-2024,
OPTIDX,NIFTY,04-Apr-2024,23750,PE,0,0,0,1402.4,1620.45,0,0,0,0,18-MAR-2024,
OPTIDX,NIFTY,04-Apr-2024,23800,PE,0,0,0,1446.35,1670.15,0,0,0,0,18-MAR-2024,
OPTIDX,NIFTY,04-Apr-2024,23850,PE,0,0,0,1490.65,1719.85,0,0,0,0,18-MAR-2024,
OPTIDX,NIFTY,04-Apr-2024,23900,PE,0,0,0,1535.4,1769.6,0,0,0,0,18-MAR-2024,
OPTIDX,NIFTY,04-Apr-2024,23950,PE,0,0,0,1580.45,1819.35,0,0,0,0,18-MAR-2024,
OPTIDX,NIFTY,04-Apr-2024,24000,PE,0,0,0,1625.8,1869.15,0,0,0,0,18-MAR-2024,
OPTIDX,NIFTY,04-Apr-2024,24050,PE,0,0,0,1671.5,1918.95,0,0,0,0,18-MAR-2024,
OPTIDX,NIFTY,04-Apr-2024,24100,PE,0,0,0,1717.5,1968.75,0,0,0,0,18-MAR-2024,
OPTIDX,NIFTY,04-Apr-2024,24150,PE,0,0,0,1763.75,2018.55,0,0,0,0,18-MAR-2024,
OPTIDX,NIFTY,04-Apr-2024,24200,PE,0,0,0,1810.25,2068.4,0,0,0,0,18-MAR-2024,
OPTIDX,NIFTY,04-Apr-2024,24250,PE,0,0,0,1857.05,2118.2,0,0,0,0,18-MAR-2024,
OPTIDX,NIFTY,10-Apr-2024,20250,CE,0,0,0,2370.9,1892,0,0,0,0,18-MAR-2024,
OPTIDX,NIFTY,10-Apr-2024,20300,CE,0,0,0,2321.5,1842.3,0,0,0,0,18-MAR-2024,
OPTIDX,NIFTY,10-Apr-2024,20350,CE,0,0,0,2272.1,1792.65,0,0,0,0,18-MAR-2024,
OPTIDX,NIFTY,10-Apr-2024,20400,CE,0,0,0,2222.8,1743.05,0,0,0,0,18-MAR-2024,
OPTIDX,NIFTY,10-Apr-2024,20450,CE,0,0,0,2173.55,1693.45,0,0,0,0,18-MAR-2024,
OPTIDX,NIFTY,10-Apr-2024,20500,CE,0,0,0,2124.35,1643.95,0,0,0,0,18-MAR-2024,
OPTIDX,NIFTY,10-Apr-2024,20550,CE,0,0,0,2075.25,1594.5,0,0,0,0,18-MAR-2024,
OPTIDX,NIFTY,10-Apr-2024,20600,CE,0,0,0,2026.25,1545.15,0,0,0,0,18-MAR-2024,
OPTIDX,NIFTY,10-Apr-2024,20650,CE,0,0,0,1977.35,1495.9,0,0,0,0,18-MAR-2024,
OPTIDX,NIFTY,10-Apr-2024,20700,CE,0,0,0,1928.55,1446.8,0,0,0,0,18-MAR-2024,
OPTIDX,NIFTY,10-Apr-2024,20750,CE,0,0,0,1879.9,1397.8,0,0,0,0,18-MAR-2024,
OPTIDX,NIFTY,10-Apr-2024,20800,CE,0,0,0,1831.4,1348.95,0,0,0,0,18-MAR-2024,
OPTIDX,NIFTY,10-Apr-2024,20850,CE,0,0,0,1783.1,1300.35,0,0,0,0,18-MAR-2024,
OPTIDX,NIFTY,10-Apr-2024,20900,CE,0,0,0,1734.95,1251.95,0,0,0,0,18-MAR-2024,
OPTIDX,NIFTY,10-Apr-2024,20950,CE,0,0,0,1687,1203.85,0,0,0,0,18-MAR-2024,
OPTIDX,NIFTY,10-Apr-2024,21000,CE,0,0,0,1639.25,1156.05,0,0,0,0,18-MAR-2024,
OPTIDX,NIFTY,10-Apr-2024,21050,CE,0,0,0,1591.8,1108.6,0,0,0,0,18-MAR-2024,
OPTIDX,NIFTY,10-Apr-2024,21100,CE,0,0,0,1544.6,1061.5,0,0,0,0,18-MAR-2024,
OPTIDX,NIFTY,10-Apr-2024,21150,CE,0,0,0,1497.65,1014.9,0,0,0,0,18-MAR-2024,
OPTIDX,NIFTY,10-Apr-2024,21200,CE,0,0,0,1451.1,968.8,0,0,0,0,18-MAR-2024,
OPTIDX,NIFTY,10-Apr-2024,21250,CE,0,0,0,1404.85,923.3,0,0,0,0,18-MAR-2024,
OPTIDX,NIFTY,10-Apr-2024,21300,CE,0,0,0,1359,878.35,0,0,0,0,18-MAR-2024,
OPTIDX,NIFTY,10-Apr-2024,21350,CE,0,0,0,1313.55,834.15,0,0,0,0,18-MAR-2024,
OPTIDX,NIFTY,10-Apr-2024,21400,CE,0,0,0,1268.55,790.7,0,0,0,0,18-MAR-2024,
OPTIDX,NIFTY,10-Apr-2024,21450,CE,0,0,0,1224,748.05,0,0,0,0,18-MAR-2024,
OPTIDX,NIFTY,10-Apr-2024,21500,CE,0,0,0,1180,706.3,0,0,0,0,18-MAR-2024,
OPTIDX,NIFTY,10-Apr-2024,21550,CE,0,0,0,940,665.5,0,0,50,0,18-MAR-2024,
OPTIDX,NIFTY,10-Apr-2024,21600,CE,0,0,0,1093.55,625.7,0,0,0,0,18-MAR-2024,
OPTIDX,NIFTY,10-Apr-2024,21650,CE,0,0,0,1051.25,587,0,0,0,0,18-MAR-2024,
OPTIDX,NIFTY,10-Apr-2024,21700,CE,0,0,0,1009.55,549.45,0,0,0,0,18-MAR-2024,
OPTIDX,NIFTY,10-Apr-2024,21750,CE,578,578,562.55,562.55,513.1,2,22.32,50,-50,18-MAR-2024,
OPTIDX,NIFTY,10-Apr-2024,21800,CE,571.6,584.9,504.35,584.9,584.9,4,44.7,100,50,18-MAR-2024,
OPTIDX,NIFTY,10-Apr-2024,21850,CE,0,0,0,888.6,444.2,0,0,0,0,18-MAR-2024,
OPTIDX,NIFTY,10-Apr-2024,21900,CE,479,550,438,546.4,411.75,40,448.09,1050,250,18-MAR-2024,
OPTIDX,NIFTY,10-Apr-2024,21950,CE,472.5,531.85,450.1,475.4,475.4,12,134.61,350,150,18-MAR-2024,
OPTIDX,NIFTY,10-Apr-2024,22000,CE,404.85,495,384.7,430.75,430.75,623,6988.13,12850,10550,18-MAR-2024,
OPTIDX,NIFTY,10-Apr-2024,22050,CE,366.3,460.5,365.05,409.2,409.2,15,168.47,200,200,18-MAR-2024,
OPTIDX,NIFTY,10-Apr-2024,22100,CE,348.8,424.9,335,373.05,373.05,83,932.78,2250,100,18-MAR-2024,
OPTIDX,NIFTY,10-Apr-2024,22150,CE,367.55,382.25,294.95,378.75,270.75,33,371.05,2050,1150,18-MAR-2024,
OPTIDX,NIFTY,10-Apr-2024,22200,CE,305,363.4,279.7,309.4,309.4,95,1069.79,5650,1550,18-MAR-2024,
OPTIDX,NIFTY,10-Apr-2024,22250,CE,260,321.4,260,321.25,224.5,38,428.5,1350,1200,18-MAR-2024,
OPTIDX,NIFTY,10-Apr-2024,22300,CE,269.35,300,223.75,255.7,255.7,49,553,5500,600,18-MAR-2024,
OPTIDX,NIFTY,10-Apr-2024,22350,CE,255,268.05,220.05,228.15,228.15,12,135.54,2550,-50,18-MAR-2024,
OPTIDX,NIFTY,10-Apr-2024,22400,CE,202.1,242,190,216.05,216.05,58,655.91,7750,350,18-MAR-2024,
OPTIDX,NIFTY,10-Apr-2024,22450,CE,203.35,206.9,203.35,206.9,148.9,4,45.31,150,0,18-MAR-2024,
OPTIDX,NIFTY,10-Apr-2024,22500,CE,187.55,209.6,153.05,177.25,177.25,272,3083.86,10600,1950,18-MAR-2024,
OPTIDX,NIFTY,10-Apr-2024,22550,CE,0,0,0,426.65,119.05,0,0,0,0,18-MAR-2024,
OPTIDX,NIFTY,10-Apr-2024,22600,CE,141.35,155,131.95,134.5,134.5,32,363.85,2050,950,18-MAR-2024,
OPTIDX,NIFTY,10-Apr-2024,22650,CE,0,0,0,170,93.95,0,0,50,0,18-MAR-2024,
OPTIDX,NIFTY,10-Apr-2024,22700,CE,109.85,126.3,93.9,105.35,105.35,83,946.52,2700,1300,18-MAR-2024,
OPTIDX,NIFTY,10-Apr-2024,22750,CE,0,0,0,330.15,73.2,0,0,0,0,18-MAR-2024,
OPTIDX,NIFTY,10-Apr-2024,22800,CE,85,99.95,77.15,78.6,78.6,20,228.95,1000,750,18-MAR-2024,
OPTIDX,NIFTY,10-Apr-2024,22850,CE,0,0,0,288,56.25,0,0,0,0,18-MAR-2024,
OPTIDX,NIFTY,10-Apr-2024,22900,CE,52.65,75.1,50.7,62.1,62.1,36,413.31,1750,650,18-MAR-2024,
OPTIDX,NIFTY,10-Apr-2024,22950,CE,0,0,0,249.8,42.7,0,0,0,0,18-MAR-2024,
OPTIDX,NIFTY,10-Apr-2024,23000,CE,45.15,57.6,37.7,43.85,43.85,508,5853.65,18350,4100,18-MAR-2024,
OPTIDX,NIFTY,10-Apr-2024,23050,CE,0,0,0,215.4,31.95,0,0,0,0,18-MAR-2024,
OPTIDX,NIFTY,10-Apr-2024,23100,CE,30,38.95,25.3,25.3,25.3,64,740.2,4600,1500,18-MAR-2024,
OPTIDX,NIFTY,10-Apr-2024,23150,CE,0,0,0,85,23.6,0,0,50,0,18-MAR-2024,
OPTIDX,NIFTY,10-Apr-2024,23200,CE,24.8,27.95,21.45,22.7,22.7,197,2287.51,20400,1100,18-MAR-2024,
OPTIDX,NIFTY,10-Apr-2024,23250,CE,21.95,21.95,21.95,21.95,17.15,1,11.63,50,50,18-MAR-2024,
OPTIDX,NIFTY,10-Apr-2024,23300,CE,21.75,21.75,12.5,16.95,16.95,187,2180.21,5200,4250,18-MAR-2024,
OPTIDX,NIFTY,10-Apr-2024,23350,CE,0,0,0,53,12.3,0,0,200,0,18-MAR-2024,
OPTIDX,NIFTY,10-Apr-2024,23400,CE,14,19.65,11.55,13,13,105,1229.27,8450,2100,18-MAR-2024,
OPTIDX,NIFTY,10-Apr-2024,23450,CE,11.6,12.1,11.6,12.1,12.1,5,58.65,200,-100,18-MAR-2024,
OPTIDX,NIFTY,10-Apr-2024,23500,CE,17.85,17.85,9.95,11.3,11.3,93,1093.29,8850,2150,18-MAR-2024,
OPTIDX,NIFTY,10-Apr-2024,23550,CE,0,0,0,94,6.1,0,0,0,0,18-MAR-2024,
OPTIDX,NIFTY,10-Apr-2024,23600,CE,16.5,16.5,5,8.9,5.05,28,330.55,2100,-100,18-MAR-2024,
OPTIDX,NIFTY,10-Apr-2024,23650,CE,0,0,0,24.15,4.2,0,0,50,0,18-MAR-2024,
OPTIDX,NIFTY,10-Apr-2024,23700,CE,9,9.05,9,9,3.45,9,106.69,700,400,18-MAR-2024,
OPTIDX,NIFTY,10-Apr-2024,23750,CE,0,0,0,64.6,2.85,0,0,0,0,18-MAR-2024,
OPTIDX,NIFTY,10-Apr-2024,23800,CE,0,0,0,58.6,2.35,0,0,0,0,18-MAR-2024,
OPTIDX,NIFTY,10-Apr-2024,23850,CE,9.3,9.3,5.55,6.9,1.9,25,298.22,2550,250,18-MAR-2024,
OPTIDX,NIFTY,10-Apr-2024,23900,CE,0,0,0,8,1.55,0,0,0,0,18-MAR-2024,
OPTIDX,NIFTY,10-Apr-2024,23950,CE,0,0,0,1.9,1.25,0,0,650,0,18-MAR-2024,
OPTIDX,NIFTY,10-Apr-2024,24000,CE,5.05,7.95,5.05,5.55,5.55,68,816.19,11700,1700,18-MAR-2024,
OPTIDX,NIFTY,10-Apr-2024,24050,CE,8.15,8.15,5.55,5.55,0.8,14,168.39,600,400,18-MAR-2024,
OPTIDX,NIFTY,10-Apr-2024,24100,CE,7.1,7.1,7.1,7.1,0.65,1,12.05,1050,50,18-MAR-2024,
OPTIDX,NIFTY,10-Apr-2024,24150,CE,0,0,0,28.3,0.5,0,0,0,0,18-MAR-2024,
OPTIDX,NIFTY,10-Apr-2024,24200,CE,0,0,0,25.35,0.4,0,0,0,0,18-MAR-2024,
OPTIDX,NIFTY,10-Apr-2024,24250,CE,6,7.1,3.8,5.5,5.5,76,921.7,4800,2600,18-MAR-2024,
OPTIDX,NIFTY,10-Apr-2024,20250,PE,0,0,0,1.35,0.35,0,0,0,0,18-MAR-2024,
OPTIDX,NIFTY,10-Apr-2024,20300,PE,0,0,0,1.6,0.45,0,0,0,0,18-MAR-2024,
OPTIDX,NIFTY,10-Apr-2024,20350,PE,0,0,0,1.95,0.6,0,0,0,0,18-MAR-2024,
OPTIDX,NIFTY,10-Apr-2024,20400,PE,0,0,0,2.3,0.75,0,0,0,0,18-MAR-2024,
OPTIDX,NIFTY,10-Apr-2024,20450,PE,0,0,0,2.75,1,0,0,0,0,18-MAR-2024,
OPTIDX,NIFTY,10-Apr-2024,20500,PE,0,0,0,3.25,1.25,0,0,0,0,18-MAR-2024,
OPTIDX,NIFTY,10-Apr-2024,20550,PE,0,0,0,3.85,1.6,0,0,0,0,18-MAR-2024,
OPTIDX,NIFTY,10-Apr-2024,20600,PE,0,0,0,4.5,2.05,0,0,0,0,18-MAR-2024,
OPTIDX,NIFTY,10-Apr-2024,20650,PE,0,0,0,5.3,2.55,0,0,0,0,18-MAR-2024,
OPTIDX,NIFTY,10-Apr-2024,20700,PE,0,0,0,6.2,3.2,0,0,0,0,18-MAR-2024,
OPTIDX,NIFTY,10-Apr-2024,20750,PE,0,0,0,7.25,4,0,0,0,0,18-MAR-2024,
OPTIDX,NIFTY,10-Apr-2024,20800,PE,0,0,0,8.45,5,0,0,0,0,18-MAR-2024,
OPTIDX,NIFTY,10-Apr-2024,20850,PE,0,0,0,9.8,6.15,0,0,0,0,18-MAR-2024,
OPTIDX,NIFTY,10-Apr-2024,20900,PE,0,0,0,11.3,7.55,0,0,0,0,18-MAR-2024,
OPTIDX,NIFTY,10-Apr-2024,20950,PE,0,0,0,13.05,9.25,0,0,0,0,18-MAR-2024,
OPTIDX,NIFTY,10-Apr-2024,21000,PE,36.45,46.6,25.85,28.65,28.65,268,2818.43,6600,5950,18-MAR-2024,
OPTIDX,NIFTY,10-Apr-2024,21050,PE,29.9,30.15,28.2,29.55,29.55,7,73.77,350,350,18-MAR-2024,
OPTIDX,NIFTY,10-Apr-2024,21100,PE,36.8,36.8,36.8,36.8,36.8,1,10.56,50,0,18-MAR-2024,
OPTIDX,NIFTY,10-Apr-2024,21150,PE,0,0,0,22.5,19.45,0,0,0,0,18-MAR-2024,
OPTIDX,NIFTY,10-Apr-2024,21200,PE,41,42.5,37.95,41.3,41.3,20,212.4,800,450,18-MAR-2024,
OPTIDX,NIFTY,10-Apr-2024,21250,PE,0,0,0,29.05,27.4,0,0,0,0,18-MAR-2024,
OPTIDX,NIFTY,10-Apr-2024,21300,PE,65.25,70,50.05,51,51,64,683.58,1650,850,18-MAR-2024,
OPTIDX,NIFTY,10-Apr-2024,21350,PE,60.65,60.65,60.65,60.65,60.65,1,10.7,50,50,18-MAR-2024,
OPTIDX,NIFTY,10-Apr-2024,21400,PE,0,0,0,41.85,44.15,0,0,0,0,18-MAR-2024,
OPTIDX,NIFTY,10-Apr-2024,21450,PE,0,0,0,75.45,51.3,0,0,50,0,18-MAR-2024,
OPTIDX,NIFTY,10-Apr-2024,21500,PE,97.3,115,71.05,83.1,83.1,199,2148.42,8600,3450,18-MAR-2024,
OPTIDX,NIFTY,10-Apr-2024,21550,PE,117.95,122.95,113.95,114.95,68.3,8,86.67,450,-300,18-MAR-2024,
OPTIDX,NIFTY,10-Apr-2024,21600,PE,121.5,124.75,88.65,95.7,95.7,68,738.07,2400,150,18-MAR-2024,
OPTIDX,NIFTY,10-Apr-2024,21650,PE,143,143,143,143,89.4,3,32.68,200,100,18-MAR-2024,
OPTIDX,NIFTY,10-Apr-2024,21700,PE,150.2,153.35,104.75,126.5,126.5,253,2761.23,11350,11050,18-MAR-2024,
OPTIDX,NIFTY,10-Apr-2024,21750,PE,120,120,120,120,115.1,2,21.87,100,100,18-MAR-2024,
OPTIDX,NIFTY,10-Apr-2024,21800,PE,172.5,192.75,130.45,143.05,143.05,661,7258.35,19650,17650,18-MAR-2024,
OPTIDX,NIFTY,10-Apr-2024,21850,PE,176.55,176.55,176.55,176.55,176.55,1,11.01,50,50,18-MAR-2024,
OPTIDX,NIFTY,10-Apr-2024,21900,PE,208,221.2,164.1,171.2,171.2,56,618.58,1000,700,18-MAR-2024,
OPTIDX,NIFTY,10-Apr-2024,21950,PE,161,210,161,190.8,190.8,33,365.24,1300,1000,18-MAR-2024,
OPTIDX,NIFTY,10-Apr-2024,22000,PE,240,265,178.05,201.2,201.2,731,8120.15,22450,9200,18-MAR-2024,
OPTIDX,NIFTY,10-Apr-2024,22050,PE,221,228.85,221,226.35,226.35,10,111.37,250,250,18-MAR-2024,
OPTIDX,NIFTY,10-Apr-2024,22100,PE,285,297,215.8,241.4,241.4,100,1116.88,2600,1750,18-MAR-2024,
OPTIDX,NIFTY,10-Apr-2024,22150,PE,268.85,268.85,237.75,237.75,271.05,24,268.9,450,250,18-MAR-2024,
OPTIDX,NIFTY,10-Apr-2024,22200,PE,319.85,350,250.25,280.95,280.95,76,855.02,2600,300,18-MAR-2024,
OPTIDX,NIFTY,10-Apr-2024,22250,PE,346.1,346.1,328,328,324.35,8,90.34,350,150,18-MAR-2024,
OPTIDX,NIFTY,10-Apr-2024,22300,PE,372.2,395,298,318.25,318.25,84,950.52,850,-2500,18-MAR-2024,
OPTIDX,NIFTY,10-Apr-2024,22350,PE,0,0,0,306.25,383.4,0,0,150,0,18-MAR-2024,
OPTIDX,NIFTY,10-Apr-2024,22400,PE,425,426.2,370.5,371.95,415,22,250.74,800,300,18-MAR-2024,
OPTIDX,NIFTY,10-Apr-2024,22450,PE,0,0,0,451,447.9,0,0,100,0,18-MAR-2024,
OPTIDX,NIFTY,10-Apr-2024,22500,PE,550.7,550.7,447.9,501.45,482.15,13,149.37,650,150,18-MAR-2024,
OPTIDX,NIFTY,10-Apr-2024,22550,PE,0,0,0,342.8,517.65,0,0,0,0,18-MAR-2024,
OPTIDX,NIFTY,10-Apr-2024,22600,PE,600,600,600,600,554.3,1,11.6,50,-50,18-MAR-2024,
OPTIDX,NIFTY,10-Apr-2024,22650,PE,0,0,0,391.8,592.1,0,0,0,0,18-MAR-2024,
OPTIDX,NIFTY,10-Apr-2024,22700,PE,610,630.05,594.95,594.95,594.95,4,46.63,1400,50,18-MAR-2024,
OPTIDX,NIFTY,10-Apr-2024,22750,PE,0,0,0,445.05,670.95,0,0,0,0,18-MAR-2024,
OPTIDX,NIFTY,10-Apr-2024,22800,PE,0,0,0,473.15,711.8,0,0,0,0,18-MAR-2024,
OPTIDX,NIFTY,10-Apr-2024,22850,PE,0,0,0,502.25,753.6,0,0,0,0,18-MAR-2024,
OPTIDX,NIFTY,10-Apr-2024,22900,PE,0,0,0,532.35,796.2,0,0,0,0,18-MAR-2024,
OPTIDX,NIFTY,10-Apr-2024,22950,PE,0,0,0,563.45,839.6,0,0,0,0,18-MAR-2024,
OPTIDX,NIFTY,10-Apr-2024,23000,PE,0,0,0,873.2,883.65,0,0,2850,0,18-MAR-2024,
OPTIDX,NIFTY,10-Apr-2024,23050,PE,0,0,0,628.4,928.4,0,0,0,0,18-MAR-2024,
OPTIDX,NIFTY,10-Apr-2024,23100,PE,0,0,0,662.3,973.75,0,0,0,0,18-MAR-2024,
OPTIDX,NIFTY,10-Apr-2024,23150,PE,0,0,0,697.05,1019.6,0,0,0,0,18-MAR-2024,
OPTIDX,NIFTY,10-Apr-2024,23200,PE,0,0,0,732.65,1066,0,0,0,0,18-MAR-2024,
OPTIDX,NIFTY,10-Apr-2024,23250,PE,0,0,0,769.1,1112.8,0,0,0,0,18-MAR-2024,
OPTIDX,NIFTY,10-Apr-2024,23300,PE,0,0,0,807.4,1159.95,0,0,0,0,18-MAR-2024,
OPTIDX,NIFTY,10-Apr-2024,23350,PE,0,0,0,844.55,1207.5,0,0,0,0,18-MAR-2024,
OPTIDX,NIFTY,10-Apr-2024,23400,PE,0,0,0,883.35,1255.35,0,0,0,0,18-MAR-2024,
OPTIDX,NIFTY,10-Apr-2024,23450,PE,0,0,0,922.85,1303.5,0,0,0,0,18-MAR-2024,
OPTIDX,NIFTY,10-Apr-2024,23500,PE,0,0,0,963.05,1351.85,0,0,0,0,18-MAR-2024,
OPTIDX,NIFTY,10-Apr-2024,23550,PE,0,0,0,1003.9,1400.45,0,0,0,0,18-MAR-2024,
OPTIDX,NIFTY,10-Apr-2024,23600,PE,0,0,0,1045.4,1449.2,0,0,0,0,18-MAR-2024,
OPTIDX,NIFTY,10-Apr-2024,23650,PE,0,0,0,1087.45,1498.1,0,0,0,0,18-MAR-2024,
OPTIDX,NIFTY,10-Apr-2024,23700,PE,0,0,0,1130.1,1547.15,0,0,0,0,18-MAR-2024,
OPTIDX,NIFTY,10-Apr-2024,23750,PE,0,0,0,1173.25,1596.35,0,0,0,0,18-MAR-2024,
OPTIDX,NIFTY,10-Apr-2024,23800,PE,0,0,0,1216.95,1645.6,0,0,0,0,18-MAR-2024,
OPTIDX,NIFTY,10-Apr-2024,23850,PE,0,0,0,1261.1,1695,0,0,0,0,18-MAR-2024,
OPTIDX,NIFTY,10-Apr-2024,23900,PE,0,0,0,1305.7,1744.4,0,0,0,0,18-MAR-2024,
OPTIDX,NIFTY,10-Apr-2024,23950,PE,0,0,0,1350.7,1793.9,0,0,0,0,18-MAR-2024,
OPTIDX,NIFTY,10-Apr-2024,24000,PE,0,0,0,1396.1,1843.45,0,0,0,0,18-MAR-2024,
OPTIDX,NIFTY,10-Apr-2024,24050,PE,0,0,0,1441.9,1893.05,0,0,0,0,18-MAR-2024,
OPTIDX,NIFTY,10-Apr-2024,24100,PE,0,0,0,1488,1942.65,0,0,0,0,18-MAR-2024,
OPTIDX,NIFTY,10-Apr-2024,24150,PE,0,0,0,1534.45,1992.3,0,0,0,0,18-MAR-2024,
OPTIDX,NIFTY,10-Apr-2024,24200,PE,0,0,0,1581.2,2042,0,0,0,0,18-MAR-2024,
OPTIDX,NIFTY,10-Apr-2024,24250,PE,0,0,0,1628.2,2091.7,0,0,0,0,18-MAR-2024,
OPTIDX,NIFTY,18-Apr-2024,20250,CE,0,0,0,2044.25,1922.75,0,0,0,0,18-MAR-2024,
OPTIDX,NIFTY,18-Apr-2024,20300,CE,0,0,0,1995.55,1873.35,0,0,0,0,18-MAR-2024,
OPTIDX,NIFTY,18-Apr-2024,20350,CE,0,0,0,1947,1824,0,0,0,0,18-MAR-2024,
OPTIDX,NIFTY,18-Apr-2024,20400,CE,0,0,0,1898.6,1774.75,0,0,0,0,18-MAR-2024,
OPTIDX,NIFTY,18-Apr-2024,20450,CE,0,0,0,1850.35,1725.6,0,0,0,0,18-MAR-2024,
OPTIDX,NIFTY,18-Apr-2024,20500,CE,0,0,0,1802.3,1676.5,0,0,0,0,18-MAR-2024,
OPTIDX,NIFTY,18-Apr-2024,20550,CE,0,0,0,1754.4,1627.6,0,0,0,0,18-MAR-2024,
OPTIDX,NIFTY,18-Apr-2024,20600,CE,0,0,0,1706.8,1578.8,0,0,0,0,18-MAR-2024,
OPTIDX,NIFTY,18-Apr-2024,20650,CE,0,0,0,1659.4,1530.15,0,0,0,0,18-MAR-2024,
OPTIDX,NIFTY,18-Apr-2024,20700,CE,0,0,0,1612.25,1481.7,0,0,0,0,18-MAR-2024,
OPTIDX,NIFTY,18-Apr-2024,20750,CE,0,0,0,1565.4,1433.5,0,0,0,0,18-MAR-2024,
OPTIDX,NIFTY,18-Apr-2024,20800,CE,0,0,0,1518.85,1385.5,0,0,0,0,18-MAR-2024,
OPTIDX,NIFTY,18-Apr-2024,20850,CE,0,0,0,1472.65,1337.8,0,0,0,0,18-MAR-2024,
OPTIDX,NIFTY,18-Apr-2024,20900,CE,0,0,0,1426.8,1290.35,0,0,0,0,18-MAR-2024,
OPTIDX,NIFTY,18-Apr-2024,20950,CE,0,0,0,1381.35,1243.3,0,0,0,0,18-MAR-2024,
OPTIDX,NIFTY,18-Apr-2024,21000,CE,0,0,0,1336.35,1196.6,0,0,0,0,18-MAR-2024,
OPTIDX,NIFTY,18-Apr-2024,21050,CE,0,0,0,1291.75,1150.35,0,0,0,0,18-MAR-2024,
OPTIDX,NIFTY,18-Apr-2024,21100,CE,0,0,0,1247.65,1104.55,0,0,0,0,18-MAR-2024,
OPTIDX,NIFTY,18-Apr-2024,21150,CE,0,0,0,1204,1059.25,0,0,0,0,18-MAR-2024,
OPTIDX,NIFTY,18-Apr-2024,21200,CE,0,0,0,1160.95,1014.5,0,0,0,0,18-MAR-2024,
OPTIDX,NIFTY,18-Apr-2024,21250,CE,0,0,0,1118.45,970.35,0,0,0,0,18-MAR-2024,
OPTIDX,NIFTY,18-Apr-2024,21300,CE,0,0,0,1076.5,926.85,0,0,0,0,18-MAR-2024,
OPTIDX,NIFTY,18-Apr-2024,21350,CE,0,0,0,1035.2,884,0,0,0,0,18-MAR-2024,
OPTIDX,NIFTY,18-Apr-2024,21400,CE,0,0,0,994.6,841.95,0,0,0,0,18-MAR-2024,
OPTIDX,NIFTY,18-Apr-2024,21450,CE,0,0,0,954.65,800.7,0,0,0,0,18-MAR-2024,
OPTIDX,NIFTY,18-Apr-2024,21500,CE,0,0,0,915.4,760.3,0,0,0,0,18-MAR-2024,
OPTIDX,NIFTY,18-Apr-2024,21550,CE,0,0,0,876.9,720.75,0,0,0,0,18-MAR-2024,
OPTIDX,NIFTY,18-Apr-2024,21600,CE,0,0,0,839.15,682.2,0,0,0,0,18-MAR-2024,
OPTIDX,NIFTY,18-Apr-2024,21650,CE,0,0,0,803,644.6,0,0,0,0,18-MAR-2024,
OPTIDX,NIFTY,18-Apr-2024,21700,CE,0,0,0,765.95,608.05,0,0,0,0,18-MAR-2024,
OPTIDX,NIFTY,18-Apr-2024,21750,CE,0,0,0,730.7,572.55,0,0,0,0,18-MAR-2024,
OPTIDX,NIFTY,18-Apr-2024,21800,CE,0,0,0,696.35,538.15,0,0,0,0,18-MAR-2024,
OPTIDX,NIFTY,18-Apr-2024,21850,CE,0,0,0,662.85,504.9,0,0,0,0,18-MAR-2024,
OPTIDX,NIFTY,18-Apr-2024,21900,CE,525,578.3,525,530.9,472.8,7,78.53,100,50,18-MAR-2024,
OPTIDX,NIFTY,18-Apr-2024,21950,CE,517.55,530,504.25,530,441.95,22,247.14,500,450,18-MAR-2024,
OPTIDX,NIFTY,18-Apr-2024,22000,CE,495.45,506.4,442.9,490,490,22,247.28,350,200,18-MAR-2024,
OPTIDX,NIFTY,18-Apr-2024,22050,CE,0,0,0,538.15,383.85,0,0,0,0,18-MAR-2024,
OPTIDX,NIFTY,18-Apr-2024,22100,CE,403.65,465,403.65,465,356.65,4,45.08,100,0,18-MAR-2024,
OPTIDX,NIFTY,18-Apr-2024,22150,CE,0,0,0,481.5,330.7,0,0,0,0,18-MAR-2024,
OPTIDX,NIFTY,18-Apr-2024,22200,CE,0,0,0,454.6,306,0,0,0,0,18-MAR-2024,
OPTIDX,NIFTY,18-Apr-2024,22250,CE,0,0,0,428.7,282.55,0,0,0,0,18-MAR-2024,
OPTIDX,NIFTY,18-Apr-2024,22300,CE,0,0,0,403.7,260.35,0,0,0,0,18-MAR-2024,
OPTIDX,NIFTY,18-Apr-2024,22350,CE,0,0,0,379.8,239.4,0,0,0,0,18-MAR-2024,
OPTIDX,NIFTY,18-Apr-2024,22400,CE,0,0,0,356.8,219.6,0,0,0,0,18-MAR-2024,
OPTIDX,NIFTY,18-Apr-2024,22450,CE,0,0,0,334.8,201.05,0,0,0,0,18-MAR-2024,
OPTIDX,NIFTY,18-Apr-2024,22500,CE,227,270.85,204.25,226.7,226.7,23,261.37,600,600,18-MAR-2024,
OPTIDX,NIFTY,18-Apr-2024,22550,CE,0,0,0,293.65,167.35,0,0,0,0,18-MAR-2024,
OPTIDX,NIFTY,18-Apr-2024,22600,CE,189.2,212,156,212,152.15,8,91.15,950,0,18-MAR-2024,
OPTIDX,NIFTY,18-Apr-2024,22650,CE,0,0,0,256.2,138,0,0,0,0,18-MAR-2024,
OPTIDX,NIFTY,18-Apr-2024,22700,CE,0,0,0,238.85,124.9,0,0,0,0,18-MAR-2024,
OPTIDX,NIFTY,18-Apr-2024,22750,CE,0,0,0,222.4,112.8,0,0,0,0,18-MAR-2024,
OPTIDX,NIFTY,18-Apr-2024,22800,CE,121,121,121,121,101.6,9,103.14,2500,50,18-MAR-2024,
OPTIDX,NIFTY,18-Apr-2024,22850,CE,88.5,88.5,79.65,79.65,91.3,2,22.93,100,100,18-MAR-2024,
OPTIDX,NIFTY,18-Apr-2024,22900,CE,0,0,0,178,81.85,0,0,0,0,18-MAR-2024,
OPTIDX,NIFTY,18-Apr-2024,22950,CE,0,0,0,164.85,73.2,0,0,0,0,18-MAR-2024,
OPTIDX,NIFTY,18-Apr-2024,23000,CE,80.6,95,71.5,80.55,80.55,44,507.8,5450,1050,18-MAR-2024,
OPTIDX,NIFTY,18-Apr-2024,23050,CE,67.45,70.85,67.45,70.85,58.15,2,23.11,100,100,18-MAR-2024,
OPTIDX,NIFTY,18-Apr-2024,23100,CE,0,0,0,91.1,51.6,0,0,450,0,18-MAR-2024,
OPTIDX,NIFTY,18-Apr-2024,23150,CE,0,0,0,119.75,45.7,0,0,0,0,18-MAR-2024,
OPTIDX,NIFTY,18-Apr-2024,23200,CE,0,0,0,110.15,40.4,0,0,0,0,18-MAR-2024,
OPTIDX,NIFTY,18-Apr-2024,23250,CE,0,0,0,101.15,35.6,0,0,0,0,18-MAR-2024,
OPTIDX,NIFTY,18-Apr-2024,23300,CE,0,0,0,92.8,31.3,0,0,0,0,18-MAR-2024,
OPTIDX,NIFTY,18-Apr-2024,23350,CE,0,0,0,85,27.45,0,0,0,0,18-MAR-2024,
OPTIDX,NIFTY,18-Apr-2024,23400,CE,0,0,0,77.75,24,0,0,0,0,18-MAR-2024,
OPTIDX,NIFTY,18-Apr-2024,23450,CE,0,0,0,71,20.95,0,0,0,0,18-MAR-2024,
OPTIDX,NIFTY,18-Apr-2024,23500,CE,0,0,0,64.75,18.25,0,0,0,0,18-MAR-2024,
OPTIDX,NIFTY,18-Apr-2024,23550,CE,0,0,0,59,15.85,0,0,0,0,18-MAR-2024,
OPTIDX,NIFTY,18-Apr-2024,23600,CE,0,0,0,53.65,13.7,0,0,0,0,18-MAR-2024,
OPTIDX,NIFTY,18-Apr-2024,23650,CE,0,0,0,48.75,11.85,0,0,0,0,18-MAR-2024,
OPTIDX,NIFTY,18-Apr-2024,23700,CE,0,0,0,44.2,10.2,0,0,0,0,18-MAR-2024,
OPTIDX,NIFTY,18-Apr-2024,23750,CE,0,0,0,40,8.8,0,0,0,0,18-MAR-2024,
OPTIDX,NIFTY,18-Apr-2024,23800,CE,0,0,0,36.2,7.55,0,0,0,0,18-MAR-2024,
OPTIDX,NIFTY,18-Apr-2024,23850,CE,0,0,0,32.7,6.45,0,0,0,0,18-MAR-2024,
OPTIDX,NIFTY,18-Apr-2024,23900,CE,12.8,17.95,9,9.5,9.5,118,1410.73,4350,4150,18-MAR-2024,
OPTIDX,NIFTY,18-Apr-2024,20250,PE,0,0,0,5.95,1.3,0,0,0,0,18-MAR-2024,
OPTIDX,NIFTY,18-Apr-2024,20300,PE,0,0,0,6.9,1.6,0,0,0,0,18-MAR-2024,
OPTIDX,NIFTY,18-Apr-2024,20350,PE,0,0,0,8,2,0,0,0,0,18-MAR-2024,
OPTIDX,NIFTY,18-Apr-2024,20400,PE,0,0,0,9.25,2.45,0,0,0,0,18-MAR-2024,
OPTIDX,NIFTY,18-Apr-2024,20450,PE,0,0,0,10.65,3,0,0,0,0,18-MAR-2024,
OPTIDX,NIFTY,18-Apr-2024,20500,PE,0,0,0,12.25,3.65,0,0,0,0,18-MAR-2024,
OPTIDX,NIFTY,18-Apr-2024,20550,PE,0,0,0,14.05,4.4,0,0,0,0,18-MAR-2024,
OPTIDX,NIFTY,18-Apr-2024,20600,PE,0,0,0,16.05,5.35,0,0,0,0,18-MAR-2024,
OPTIDX,NIFTY,18-Apr-2024,20650,PE,0,0,0,18.3,6.4,0,0,0,0,18-MAR-2024,
OPTIDX,NIFTY,18-Apr-2024,20700,PE,0,0,0,20.8,7.7,0,0,0,0,18-MAR-2024,
OPTIDX,NIFTY,18-Apr-2024,20750,PE,0,0,0,23.6,9.15,0,0,0,0,18-MAR-2024,
OPTIDX,NIFTY,18-Apr-2024,20800,PE,0,0,0,26.75,10.9,0,0,0,0,18-MAR-2024,
OPTIDX,NIFTY,18-Apr-2024,20850,PE,0,0,0,30.2,12.9,0,0,0,0,18-MAR-2024,
OPTIDX,NIFTY,18-Apr-2024,20900,PE,0,0,0,34,15.2,0,0,0,0,18-MAR-2024,
OPTIDX,NIFTY,18-Apr-2024,20950,PE,0,0,0,38.2,17.85,0,0,0,0,18-MAR-2024,
OPTIDX,NIFTY,18-Apr-2024,21000,PE,52.25,63.8,40,40,40,18,189.49,700,600,18-MAR-2024,
OPTIDX,NIFTY,18-Apr-2024,21050,PE,0,0,0,47.85,24.3,0,0,0,0,18-MAR-2024,
OPTIDX,NIFTY,18-Apr-2024,21100,PE,0,0,0,53.4,28.2,0,0,0,0,18-MAR-2024,
OPTIDX,NIFTY,18-Apr-2024,21150,PE,0,0,0,59.45,32.65,0,0,0,0,18-MAR-2024,
OPTIDX,NIFTY,18-Apr-2024,21200,PE,0,0,0,66,37.6,0,0,0,0,18-MAR-2024,
OPTIDX,NIFTY,18-Apr-2024,21250,PE,0,0,0,73.15,43.15,0,0,0,0,18-MAR-2024,
OPTIDX,NIFTY,18-Apr-2024,21300,PE,0,0,0,80.9,49.35,0,0,0,0,18-MAR-2024,
OPTIDX,NIFTY,18-Apr-2024,21350,PE,0,0,0,89.25,56.3,0,0,0,0,18-MAR-2024,
OPTIDX,NIFTY,18-Apr-2024,21400,PE,0,0,0,130.45,63.95,0,0,50,0,18-MAR-2024,
OPTIDX,NIFTY,18-Apr-2024,21450,PE,0,0,0,107.95,72.4,0,0,0,0,18-MAR-2024,
OPTIDX,NIFTY,18-Apr-2024,21500,PE,119.5,119.5,80,80.95,80.95,27,291.62,700,700,18-MAR-2024,
OPTIDX,NIFTY,18-Apr-2024,21550,PE,0,0,0,129.5,91.9,0,0,0,0,18-MAR-2024,
OPTIDX,NIFTY,18-Apr-2024,21600,PE,0,0,0,150,103,0,0,50,0,18-MAR-2024,
OPTIDX,NIFTY,18-Apr-2024,21650,PE,0,0,0,154.9,115.15,0,0,0,0,18-MAR-2024,
OPTIDX,NIFTY,18-Apr-2024,21700,PE,0,0,0,167.55,128.3,0,0,0,0,18-MAR-2024,
OPTIDX,NIFTY,18-Apr-2024,21750,PE,0,0,0,181.95,142.5,0,0,0,0,18-MAR-2024,
OPTIDX,NIFTY,18-Apr-2024,21800,PE,195.4,215,170,170,170,8,87.98,250,100,18-MAR-2024,
OPTIDX,NIFTY,18-Apr-2024,21850,PE,0,0,0,213.35,174.3,0,0,0,0,18-MAR-2024,
OPTIDX,NIFTY,18-Apr-2024,21900,PE,235,235,235,235,191.95,3,33.2,500,50,18-MAR-2024,
OPTIDX,NIFTY,18-Apr-2024,21950,PE,258,258,232.7,244.35,210.75,5,55.48,50,0,18-MAR-2024,
OPTIDX,NIFTY,18-Apr-2024,22000,PE,295.45,295.45,208.1,218.05,230.8,55,611.9,3000,1350,18-MAR-2024,
OPTIDX,NIFTY,18-Apr-2024,22050,PE,275,295,275,295,252.1,40,446.7,950,950,18-MAR-2024,
OPTIDX,NIFTY,18-Apr-2024,22100,PE,280.35,280.35,251.85,257.5,257.5,5,55.9,100,100,18-MAR-2024,
OPTIDX,NIFTY,18-Apr-2024,22150,PE,299.65,299.65,249.8,249.8,298.4,6,67.26,50,50,18-MAR-2024,
OPTIDX,NIFTY,18-Apr-2024,22200,PE,0,0,0,352.7,323.4,0,0,0,0,18-MAR-2024,
OPTIDX,NIFTY,18-Apr-2024,22250,PE,0,0,0,376.45,349.7,0,0,0,0,18-MAR-2024,
OPTIDX,NIFTY,18-Apr-2024,22300,PE,0,0,0,401.1,377.2,0,0,0,0,18-MAR-2024,
OPTIDX,NIFTY,18-Apr-2024,22350,PE,0,0,0,426.8,405.95,0,0,0,0,18-MAR-2024,
OPTIDX,NIFTY,18-Apr-2024,22400,PE,0,0,0,453.5,435.85,0,0,0,0,18-MAR-2024,
OPTIDX,NIFTY,18-Apr-2024,22450,PE,0,0,0,481.15,467,0,0,0,0,18-MAR-2024,
OPTIDX,NIFTY,18-Apr-2024,22500,PE,0,0,0,474.45,499.3,0,0,50,0,18-MAR-2024,
OPTIDX,NIFTY,18-Apr-2024,22550,PE,0,0,0,539.3,532.75,0,0,0,0,18-MAR-2024,
OPTIDX,NIFTY,18-Apr-2024,22600,PE,0,0,0,569.75,567.25,0,0,0,0,18-MAR-2024,
OPTIDX,NIFTY,18-Apr-2024,22650,PE,0,0,0,601.15,602.85,0,0,0,0,18-MAR-2024,
OPTIDX,NIFTY,18-Apr-2024,22700,PE,0,0,0,633.45,639.45,0,0,0,0,18-MAR-2024,
OPTIDX,NIFTY,18-Apr-2024,22750,PE,0,0,0,666.6,677.05,0,0,0,0,18-MAR-2024,
OPTIDX,NIFTY,18-Apr-2024,22800,PE,0,0,0,700.65,715.55,0,0,0,0,18-MAR-2024,
OPTIDX,NIFTY,18-Apr-2024,22850,PE,0,0,0,735.5,754.95,0,0,0,0,18-MAR-2024,
OPTIDX,NIFTY,18-Apr-2024,22900,PE,0,0,0,771.2,795.25,0,0,0,0,18-MAR-2024,
OPTIDX,NIFTY,18-Apr-2024,22950,PE,0,0,0,807.65,836.3,0,0,0,0,18-MAR-2024,
OPTIDX,NIFTY,18-Apr-2024,23000,PE,0,0,0,845.95,878.15,0,0,0,0,18-MAR-2024,
OPTIDX,NIFTY,18-Apr-2024,23050,PE,0,0,0,883.1,920.65,0,0,0,0,18-MAR-2024,
OPTIDX,NIFTY,18-Apr-2024,23100,PE,0,0,0,921.8,963.85,0,0,0,0,18-MAR-2024,
OPTIDX,NIFTY,18-Apr-2024,23150,PE,0,0,0,961.2,1007.65,0,0,0,0,18-MAR-2024,
OPTIDX,NIFTY,18-Apr-2024,23200,PE,0,0,0,1001.2,1052.05,0,0,0,0,18-MAR-2024,
OPTIDX,NIFTY,18-Apr-2024,23250,PE,0,0,0,1041.9,1097,0,0,0,0,18-MAR-2024,
OPTIDX,NIFTY,18-Apr-2024,23300,PE,0,0,0,1083.2,1142.4,0,0,0,0,18-MAR-2024,
OPTIDX,NIFTY,18-Apr-2024,23350,PE,0,0,0,1125.05,1188.25,0,0,0,0,18-MAR-2024,
OPTIDX,NIFTY,18-Apr-2024,23400,PE,0,0,0,1167.4,1234.55,0,0,0,0,18-MAR-2024,
OPTIDX,NIFTY,18-Apr-2024,23450,PE,0,0,0,1210.35,1281.2,0,0,0,0,18-MAR-2024,
OPTIDX,NIFTY,18-Apr-2024,23500,PE,0,0,0,1253.75,1328.2,0,0,0,0,18-MAR-2024,
OPTIDX,NIFTY,18-Apr-2024,23550,PE,0,0,0,1297.6,1375.5,0,0,0,0,18-MAR-2024,
OPTIDX,NIFTY,18-Apr-2024,23600,PE,0,0,0,1341.95,1423.1,0,0,0,0,18-MAR-2024,
OPTIDX,NIFTY,18-Apr-2024,23650,PE,0,0,0,1386.65,1470.95,0,0,0,0,18-MAR-2024,
OPTIDX,NIFTY,18-Apr-2024,23700,PE,0,0,0,1431.75,1519.05,0,0,0,0,18-MAR-2024,
OPTIDX,NIFTY,18-Apr-2024,23750,PE,0,0,0,1477.25,1567.3,0,0,0,0,18-MAR-2024,
OPTIDX,NIFTY,18-Apr-2024,23800,PE,0,0,0,1523.05,1615.8,0,0,0,0,18-MAR-2024,
OPTIDX,NIFTY,18-Apr-2024,23850,PE,0,0,0,1569.2,1664.4,0,0,0,0,18-MAR-2024,
OPTIDX,NIFTY,18-Apr-2024,23900,PE,0,0,0,1615.65,1713.15,0,0,0,0,18-MAR-2024,
OPTIDX,NIFTY,25-Apr-2024,19600,CE,2653,2653,2653,2653,2593.15,1,11.12,700,50,18-MAR-2024,
OPTIDX,NIFTY,25-Apr-2024,19650,CE,0,0,0,2104.85,2543.55,0,0,0,0,18-MAR-2024,
OPTIDX,NIFTY,25-Apr-2024,19700,CE,0,0,0,2460.1,2493.95,0,0,1000,0,18-MAR-2024,
OPTIDX,NIFTY,25-Apr-2024,19750,CE,0,0,0,2016,2444.35,0,0,0,0,18-MAR-2024,
OPTIDX,NIFTY,25-Apr-2024,19800,CE,2410.35,2420.35,2410.35,2420.35,2394.8,2,22.21,2250,100,18-MAR-2024,
OPTIDX,NIFTY,25-Apr-2024,19850,CE,0,0,0,1928.35,2345.25,0,0,0,0,18-MAR-2024,
OPTIDX,NIFTY,25-Apr-2024,19900,CE,2350.2,2454.5,2350.1,2454.5,2295.75,22,244.84,1300,1100,18-MAR-2024,
OPTIDX,NIFTY,25-Apr-2024,19950,CE,0,0,0,1842,2246.25,0,0,0,0,18-MAR-2024,
OPTIDX,NIFTY,25-Apr-2024,20000,CE,2250.1,2382.05,2209,2307.45,2307.45,4701,52455.26,576300,177700,18-MAR-2024,
OPTIDX,NIFTY,25-Apr-2024,20050,CE,0,0,0,2520,2147.35,0,0,50,0,18-MAR-2024,
OPTIDX,NIFTY,25-Apr-2024,20100,CE,2180.05,2180.05,2180.05,2180.05,2098,1,11.14,850,50,18-MAR-2024,
OPTIDX,NIFTY,25-Apr-2024,20150,CE,0,0,0,2200,2048.7,0,0,250,0,18-MAR-2024,
OPTIDX,NIFTY,25-Apr-2024,20200,CE,2027.15,2100,2027.15,2100,1999.45,2,22.26,450,100,18-MAR-2024,
OPTIDX,NIFTY,25-Apr-2024,20250,CE,0,0,0,1591.85,1950.25,0,0,0,0,18-MAR-2024,
OPTIDX,NIFTY,25-Apr-2024,20300,CE,0,0,0,1551.6,1901.15,0,0,0,0,18-MAR-2024,
OPTIDX,NIFTY,25-Apr-2024,20350,CE,0,0,0,1511.75,1852.15,0,0,0,0,18-MAR-2024,
OPTIDX,NIFTY,25-Apr-2024,20400,CE,0,0,0,1908.2,1803.25,0,0,700,0,18-MAR-2024,
OPTIDX,NIFTY,25-Apr-2024,20450,CE,1904.55,1904.55,1884.45,1884.45,1884.45,4,44.68,100,100,18-MAR-2024,
OPTIDX,NIFTY,25-Apr-2024,20500,CE,1800,1890.1,1712,1814.65,1814.65,1040,11617.6,116300,40700,18-MAR-2024,
OPTIDX,NIFTY,25-Apr-2024,20550,CE,0,0,0,1357.05,1657.45,0,0,0,0,18-MAR-2024,
OPTIDX,NIFTY,25-Apr-2024,20600,CE,0,0,0,1630,1609.2,0,0,800,0,18-MAR-2024,
OPTIDX,NIFTY,25-Apr-2024,20650,CE,0,0,0,1780,1561.1,0,0,200,0,18-MAR-2024,
OPTIDX,NIFTY,25-Apr-2024,20700,CE,0,0,0,1540.9,1513.3,0,0,650,0,18-MAR-2024,
OPTIDX,NIFTY,25-Apr-2024,20750,CE,0,0,0,1670,1465.7,0,0,250,0,18-MAR-2024,
OPTIDX,NIFTY,25-Apr-2024,20800,CE,0,0,0,1174.75,1418.45,0,0,0,0,18-MAR-2024,
OPTIDX,NIFTY,25-Apr-2024,20850,CE,0,0,0,1139.95,1371.45,0,0,0,0,18-MAR-2024,
OPTIDX,NIFTY,25-Apr-2024,20900,CE,1410.4,1410.4,1410.4,1410.4,1324.8,1,11.15,50,50,18-MAR-2024,
OPTIDX,NIFTY,25-Apr-2024,20950,CE,0,0,0,1072.05,1278.55,0,0,0,0,18-MAR-2024,
OPTIDX,NIFTY,25-Apr-2024,21000,CE,1279.95,1420,1266,1341.65,1341.65,1504,16803.67,269500,38050,18-MAR-2024,
OPTIDX,NIFTY,25-Apr-2024,21050,CE,1292.5,1329.55,1292.5,1329.5,1187.35,13,145.37,550,550,18-MAR-2024,
OPTIDX,NIFTY,25-Apr-2024,21100,CE,1200,1322.35,1190.7,1251.05,1251.05,39,435.91,1250,1150,18-MAR-2024,
OPTIDX,NIFTY,25-Apr-2024,21150,CE,1180.45,1180.45,1160,1160,1098.05,9,100.46,400,350,18-MAR-2024,
OPTIDX,NIFTY,25-Apr-2024,21200,CE,1150,1157,1116.9,1129.4,1054.25,30,335.03,4000,1400,18-MAR-2024,
OPTIDX,NIFTY,25-Apr-2024,21250,CE,1075.85,1183.4,1072.35,1142.75,1011.05,31,347.13,1200,550,18-MAR-2024,
OPTIDX,NIFTY,25-Apr-2024,21300,CE,1010.75,1061.2,1010.75,1054.55,1054.55,32,357.5,4450,1450,18-MAR-2024,
OPTIDX,NIFTY,25-Apr-2024,21350,CE,987.55,1001.35,987.55,1001.35,926.6,8,89.39,500,300,18-MAR-2024,
OPTIDX,NIFTY,25-Apr-2024,21400,CE,963,1034.25,925,968.8,968.8,71,794.91,7950,2500,18-MAR-2024,
OPTIDX,NIFTY,25-Apr-2024,21450,CE,907.85,960.55,907.85,915.5,845.05,7,78.29,650,150,18-MAR-2024,
OPTIDX,NIFTY,25-Apr-2024,21500,CE,898,981,850,911.8,911.8,1304,14611.1,180300,14350,18-MAR-2024,
OPTIDX,NIFTY,25-Apr-2024,21550,CE,832.85,920,832.85,920,766.75,12,134.42,450,250,18-MAR-2024,
OPTIDX,NIFTY,25-Apr-2024,21600,CE,825,900,780,883.55,728.85,46,515.5,5250,-850,18-MAR-2024,
OPTIDX,NIFTY,25-Apr-2024,21650,CE,834.75,834.75,831.35,831.35,691.95,5,56.2,150,100,18-MAR-2024,
OPTIDX,NIFTY,25-Apr-2024,21700,CE,725,817,705.65,766.05,766.05,112,1256.67,10450,150,18-MAR-2024,
OPTIDX,NIFTY,25-Apr-2024,21750,CE,706,772.8,685.05,733.2,733.2,26,292.2,850,-250,18-MAR-2024,
OPTIDX,NIFTY,25-Apr-2024,21800,CE,660,753,640,687.25,687.25,509,5724.26,37900,3550,18-MAR-2024,
OPTIDX,NIFTY,25-Apr-2024,21850,CE,619.35,682,611.95,649.9,649.9,22,247.35,3250,-50,18-MAR-2024,
OPTIDX,NIFTY,25-Apr-2024,21900,CE,587.05,674,570,619.3,619.3,1058,11911.23,24000,-1300,18-MAR-2024,
OPTIDX,NIFTY,25-Apr-2024,21950,CE,576.05,640,537,581.15,581.15,188,2117.83,11850,4650,18-MAR-2024,
OPTIDX,NIFTY,25-Apr-2024,22000,CE,523.95,612.35,506.35,558.6,558.6,19623,221319.54,794000,112350,18-MAR-2024,
OPTIDX,NIFTY,25-Apr-2024,22050,CE,510,575,487,519.4,519.4,343,3873.28,12800,1250,18-MAR-2024,
OPTIDX,NIFTY,25-Apr-2024,22100,CE,483.45,548.95,451.8,493.25,493.25,2750,31084.44,179700,22300,18-MAR-2024,
OPTIDX,NIFTY,25-Apr-2024,22150,CE,451.5,510,431.35,460.85,460.85,111,1255.15,11450,700,18-MAR-2024,
OPTIDX,NIFTY,25-Apr-2024,22200,CE,449.75,485.5,396,437,437,4714,53365.48,375950,3500,18-MAR-2024,
OPTIDX,NIFTY,25-Apr-2024,22250,CE,398.35,457.5,369.85,409.35,409.35,434,4917.07,12500,-1450,18-MAR-2024,
OPTIDX,NIFTY,25-Apr-2024,22300,CE,355.55,427.1,345,379.35,379.35,4856,55087.94,181700,55300,18-MAR-2024,
OPTIDX,NIFTY,25-Apr-2024,22350,CE,350.05,398,321.45,352.1,352.1,495,5619.98,12900,-700,18-MAR-2024,
OPTIDX,NIFTY,25-Apr-2024,22400,CE,316.45,372.5,295.95,327.15,327.15,3408,38732.53,263400,40150,18-MAR-2024,
OPTIDX,NIFTY,25-Apr-2024,22450,CE,303.05,345.2,278.45,314.2,314.2,745,8481.26,16300,600,18-MAR-2024,
OPTIDX,NIFTY,25-Apr-2024,22500,CE,287.3,326.15,258,286.6,286.6,15521,176874.95,1184000,97550,18-MAR-2024,
OPTIDX,NIFTY,25-Apr-2024,22550,CE,256.05,301,240,268.4,268.4,196,2236.43,16800,250,18-MAR-2024,
OPTIDX,NIFTY,25-Apr-2024,22600,CE,240.95,279.5,218,244.5,244.5,3032,34634.21,148750,-5750,18-MAR-2024,
OPTIDX,NIFTY,25-Apr-2024,22650,CE,219.05,254.05,204.85,224,224,337,3854.73,8500,-2100,18-MAR-2024,
OPTIDX,NIFTY,25-Apr-2024,22700,CE,205,235.45,184,205.35,205.35,2483,28437.85,181800,5400,18-MAR-2024,
OPTIDX,NIFTY,25-Apr-2024,22750,CE,194,210,168.6,187.1,187.1,613,7029.82,19200,2000,18-MAR-2024,
OPTIDX,NIFTY,25-Apr-2024,22800,CE,173.45,200.95,154.65,171.95,171.95,3505,40261.83,135550,12200,18-MAR-2024,
OPTIDX,NIFTY,25-Apr-2024,22850,CE,144.55,178,141.25,156.3,156.3,421,4843.53,10000,-150,18-MAR-2024,
OPTIDX,NIFTY,25-Apr-2024,22900,CE,144,167.65,129.1,142.55,142.55,2416,27837.85,91700,4050,18-MAR-2024,
OPTIDX,NIFTY,25-Apr-2024,22950,CE,146.05,148.05,117.25,129.05,129.05,424,4893.39,13600,-650,18-MAR-2024,
OPTIDX,NIFTY,25-Apr-2024,23000,CE,132,139.95,106,118.95,118.95,23993,277376.6,980900,109200,18-MAR-2024,
OPTIDX,NIFTY,25-Apr-2024,23050,CE,106.3,122.5,97.6,105.9,105.9,207,2397.3,10850,50,18-MAR-2024,
OPTIDX,NIFTY,25-Apr-2024,23100,CE,95.3,113.65,87,96.35,96.35,4143,48055.34,102150,37800,18-MAR-2024,
OPTIDX,NIFTY,25-Apr-2024,23150,CE,81.05,102.9,78.8,87.95,87.95,104,1208.51,8550,1400,18-MAR-2024,
OPTIDX,NIFTY,25-Apr-2024,23200,CE,81.45,92.25,70,77.3,77.3,3607,41982.7,140450,5550,18-MAR-2024,
OPTIDX,NIFTY,25-Apr-2024,23250,CE,70.45,82.7,63.55,70.15,70.15,183,2133.87,6650,150,18-MAR-2024,
OPTIDX,NIFTY,25-Apr-2024,23300,CE,65.05,74.8,56.95,63.35,63.35,3630,42409.81,172150,43950,18-MAR-2024,
OPTIDX,NIFTY,25-Apr-2024,23350,CE,60,67.2,52.5,56.95,56.95,267,3124.9,12850,4450,18-MAR-2024,
OPTIDX,NIFTY,25-Apr-2024,23400,CE,53.3,60.5,45.9,51.65,51.65,1732,20309.83,116000,4650,18-MAR-2024,
OPTIDX,NIFTY,25-Apr-2024,23450,CE,48.95,53.55,42.6,47.15,47.15,161,1891.49,7050,2300,18-MAR-2024,
OPTIDX,NIFTY,25-Apr-2024,23500,CE,45.05,50.7,39.2,44.1,44.1,11662,137288.58,607950,90200,18-MAR-2024,
OPTIDX,NIFTY,25-Apr-2024,23550,CE,36.1,44.95,35.6,38.5,38.5,113,1332.75,14400,2650,18-MAR-2024,
OPTIDX,NIFTY,25-Apr-2024,23600,CE,38.9,41.25,32.4,36,36,1568,18531.08,125750,5000,18-MAR-2024,
OPTIDX,NIFTY,25-Apr-2024,23650,CE,31.55,36.6,30.55,33.9,33.9,82,971.01,7250,100,18-MAR-2024,
OPTIDX,NIFTY,25-Apr-2024,23700,CE,34,34.8,27.6,30.35,30.35,1123,13324.69,112900,1600,18-MAR-2024,
OPTIDX,NIFTY,25-Apr-2024,23750,CE,26.85,31.15,25.65,27.9,27.9,74,879.74,8450,-700,18-MAR-2024,
OPTIDX,NIFTY,25-Apr-2024,23800,CE,28,29,23.8,25.8,25.8,3277,39039.02,176900,54050,18-MAR-2024,
OPTIDX,NIFTY,25-Apr-2024,23850,CE,27,27,22.75,22.8,22.8,43,513.32,10050,0,18-MAR-2024,
OPTIDX,NIFTY,25-Apr-2024,23900,CE,22.85,24,20.4,22.25,22.25,1463,17498.88,186900,-7950,18-MAR-2024,
OPTIDX,NIFTY,25-Apr-2024,23950,CE,24.25,24.3,19.6,20.55,20.55,198,2373.11,8150,-5250,18-MAR-2024,
OPTIDX,NIFTY,25-Apr-2024,24000,CE,22.15,22.45,17.8,19.35,19.35,9695,116433.39,618600,88300,18-MAR-2024,
OPTIDX,NIFTY,25-Apr-2024,24050,CE,0,0,0,14.45,7.5,0,0,2400,0,18-MAR-2024,
OPTIDX,NIFTY,25-Apr-2024,24100,CE,17.75,18.8,15.6,17.1,17.1,214,2580.51,33050,550,18-MAR-2024,
OPTIDX,NIFTY,25-Apr-2024,24150,CE,16.5,16.55,15.35,15.35,15.35,13,157.08,3550,150,18-MAR-2024,
OPTIDX,NIFTY,25-Apr-2024,24200,CE,16.7,17.7,14,14.75,14.75,1622,19638.17,112450,25400,18-MAR-2024,
OPTIDX,NIFTY,25-Apr-2024,24250,CE,17.2,17.25,13.95,14.35,14.35,278,3372.77,21500,5100,18-MAR-2024,
OPTIDX,NIFTY,25-Apr-2024,19600,PE,14.2,14.4,11.25,11.5,11.5,1293,12679.17,112500,17450,18-MAR-2024,
OPTIDX,NIFTY,25-Apr-2024,19650,PE,0,0,0,57.1,0.2,0,0,0,0,18-MAR-2024,
OPTIDX,NIFTY,25-Apr-2024,19700,PE,0,0,0,10.45,0.3,0,0,650,0,18-MAR-2024,
OPTIDX,NIFTY,25-Apr-2024,19750,PE,0,0,0,74,0.35,0,0,350,0,18-MAR-2024,
OPTIDX,NIFTY,25-Apr-2024,19800,PE,0,0,0,71.65,0.45,0,0,0,0,18-MAR-2024,
OPTIDX,NIFTY,25-Apr-2024,19850,PE,0,0,0,46,0.55,0,0,50,0,18-MAR-2024,
OPTIDX,NIFTY,25-Apr-2024,19900,PE,0,0,0,82.85,0.7,0,0,0,0,18-MAR-2024,
OPTIDX,NIFTY,25-Apr-2024,19950,PE,0,0,0,89,0.85,0,0,0,0,18-MAR-2024,
OPTIDX,NIFTY,25-Apr-2024,20000,PE,20,20,14.4,15.9,15.9,7048,70538.37,702200,122100,18-MAR-2024,
OPTIDX,NIFTY,25-Apr-2024,20050,PE,0,0,0,102.3,1.25,0,0,0,0,18-MAR-2024,
OPTIDX,NIFTY,25-Apr-2024,20100,PE,13.05,18.2,12.6,17.45,17.45,219,2202.72,1900,1850,18-MAR-2024,
OPTIDX,NIFTY,25-Apr-2024,20150,PE,0,0,0,17.05,1.9,0,0,100,0,18-MAR-2024,
OPTIDX,NIFTY,25-Apr-2024,20200,PE,20.15,23,16.95,17.7,17.7,2629,26576.77,87150,67700,18-MAR-2024,
OPTIDX,NIFTY,25-Apr-2024,20250,PE,0,0,0,133.55,2.75,0,0,0,0,18-MAR-2024,
OPTIDX,NIFTY,25-Apr-2024,20300,PE,0,0,0,142.4,3.3,0,0,0,0,18-MAR-2024,
OPTIDX,NIFTY,25-Apr-2024,20350,PE,0,0,0,151.7,3.95,0,0,0,0,18-MAR-2024,
OPTIDX,NIFTY,25-Apr-2024,20400,PE,25.5,29.25,17.8,23.2,23.2,252,2573.57,6400,6400,18-MAR-2024,
OPTIDX,NIFTY,25-Apr-2024,20450,PE,27.45,32.05,24.55,25.5,25.5,38,389.09,2350,400,18-MAR-2024,
OPTIDX,NIFTY,25-Apr-2024,20500,PE,30.45,34.6,24.6,26.55,26.55,9824,100837.83,717150,58150,18-MAR-2024,
OPTIDX,NIFTY,25-Apr-2024,20550,PE,22.55,35.8,22.55,27.8,7.85,12,123.48,4650,-100,18-MAR-2024,
OPTIDX,NIFTY,25-Apr-2024,20600,PE,33.3,38.6,27.65,29.3,29.3,1029,10614.75,153550,4550,18-MAR-2024,
OPTIDX,NIFTY,25-Apr-2024,20650,PE,34.6,42.75,32.8,32.8,10.8,13,134.45,5450,450,18-MAR-2024,
OPTIDX,NIFTY,25-Apr-2024,20700,PE,41,45.1,31.45,33.7,33.7,959,9943.85,283600,13500,18-MAR-2024,
OPTIDX,NIFTY,25-Apr-2024,20750,PE,41.85,46.6,34.6,35.5,35.5,31,322.22,7450,550,18-MAR-2024,
OPTIDX,NIFTY,25-Apr-2024,20800,PE,45.1,53.25,36.45,38.95,38.95,2340,24386.94,392800,26250,18-MAR-2024,
OPTIDX,NIFTY,25-Apr-2024,20850,PE,0,0,0,55.3,19.75,0,0,3100,0,18-MAR-2024,
OPTIDX,NIFTY,25-Apr-2024,20900,PE,57.25,61.9,42.8,45.5,45.5,2291,23998.24,265850,16450,18-MAR-2024,
OPTIDX,NIFTY,25-Apr-2024,20950,PE,60,64.15,49.2,50.1,50.1,37,388.57,4300,-50,18-MAR-2024,
OPTIDX,NIFTY,25-Apr-2024,21000,PE,64.95,76.1,52.75,56.6,56.6,18638,196277.91,1416350,78950,18-MAR-2024,
OPTIDX,NIFTY,25-Apr-2024,21050,PE,70,77.35,57.2,60.05,60.05,170,1795.02,5800,550,18-MAR-2024,
OPTIDX,NIFTY,25-Apr-2024,21100,PE,77.55,86.4,59.9,64.5,64.5,2455,25984.32,214550,21650,18-MAR-2024,
OPTIDX,NIFTY,25-Apr-2024,21150,PE,74.35,74.35,65.5,72,72,9,95.48,3750,-200,18-MAR-2024,
OPTIDX,NIFTY,25-Apr-2024,21200,PE,93,101.2,70,76.45,76.45,3421,36406.36,284450,27150,18-MAR-2024,
OPTIDX,NIFTY,25-Apr-2024,21250,PE,93.8,100,77.4,82.7,82.7,85,906.84,9550,250,18-MAR-2024,
OPTIDX,NIFTY,25-Apr-2024,21300,PE,104,117.95,81.8,89,89,6327,67688.77,253750,33700,18-MAR-2024,
OPTIDX,NIFTY,25-Apr-2024,21350,PE,110.5,123,90.25,96.85,96.85,73,782.92,17300,1400,18-MAR-2024,
OPTIDX,NIFTY,25-Apr-2024,21400,PE,122.55,137.95,95.7,104.5,104.5,4336,46630.62,239300,45950,18-MAR-2024,
OPTIDX,NIFTY,25-Apr-2024,21450,PE,124.5,147.3,105.85,116.1,116.1,138,1487.99,10950,2100,18-MAR-2024,
OPTIDX,NIFTY,25-Apr-2024,21500,PE,140,163.45,112,126.05,126.05,14021,151683.95,876600,44000,18-MAR-2024,
OPTIDX,NIFTY,25-Apr-2024,21550,PE,157,173.1,125.4,136.7,136.7,727,7885.94,55450,3250,18-MAR-2024,
OPTIDX,NIFTY,25-Apr-2024,21600,PE,170,185.6,134.65,146.65,146.65,2631,28629.68,124200,9000,18-MAR-2024,
OPTIDX,NIFTY,25-Apr-2024,21650,PE,176.15,180.75,145.5,158.45,158.45,119,1297.69,7150,100,18-MAR-2024,
OPTIDX,NIFTY,25-Apr-2024,21700,PE,200.05,214.5,156.6,171.6,171.6,2839,31057.97,183250,29100,18-MAR-2024,
OPTIDX,NIFTY,25-Apr-2024,21750,PE,203.9,224.75,170,186.25,186.25,378,4148.19,14800,4750,18-MAR-2024,
OPTIDX,NIFTY,25-Apr-2024,21800,PE,214.05,244,180.6,197.05,197.05,3458,38060.14,234350,20300,18-MAR-2024,
OPTIDX,NIFTY,25-Apr-2024,21850,PE,231.95,260,195.05,212.15,212.15,227,2504.81,9750,-1300,18-MAR-2024,
OPTIDX,NIFTY,25-Apr-2024,21900,PE,247.05,278,207.55,225.3,225.3,2794,30930.5,114950,5000,18-MAR-2024,
OPTIDX,NIFTY,25-Apr-2024,21950,PE,268.05,292.05,227,244.15,244.15,316,3509.84,11000,-3100,18-MAR-2024,
OPTIDX,NIFTY,25-Apr-2024,22000,PE,290.9,314.35,237.8,257.5,257.5,23479,261488.78,1261600,149700,18-MAR-2024,
OPTIDX,NIFTY,25-Apr-2024,22050,PE,309.45,334,257.5,279.4,279.4,396,4425.1,23200,3450,18-MAR-2024,
OPTIDX,NIFTY,25-Apr-2024,22100,PE,324,355,271.5,295.4,295.4,3561,39899.59,222850,17000,18-MAR-2024,
OPTIDX,NIFTY,25-Apr-2024,22150,PE,350.45,375,290.55,317.2,317.2,296,3326.28,7150,850,18-MAR-2024,
OPTIDX,NIFTY,25-Apr-2024,22200,PE,369.45,400.55,308.65,335.1,335.1,4840,54566.24,443150,37550,18-MAR-2024,
OPTIDX,NIFTY,25-Apr-2024,22250,PE,390.05,421.45,332,359.5,359.5,478,5405.92,9400,1650,18-MAR-2024,
OPTIDX,NIFTY,25-Apr-2024,22300,PE,421,451.2,353.05,384.35,384.35,2673,30324.79,180950,2200,18-MAR-2024,
OPTIDX,NIFTY,25-Apr-2024,22350,PE,446.95,471.95,376.95,405.2,405.2,313,3563.44,10000,2200,18-MAR-2024,
OPTIDX,NIFTY,25-Apr-2024,22400,PE,466.45,503,399,432.2,432.2,1874,21404.2,151450,14750,18-MAR-2024,
OPTIDX,NIFTY,25-Apr-2024,22450,PE,498.95,525,424.55,461,461,139,1592.76,35000,200,18-MAR-2024,
OPTIDX,NIFTY,25-Apr-2024,22500,PE,530,562.1,450,486.2,486.2,9422,108329.77,829700,98050,18-MAR-2024,
OPTIDX,NIFTY,25-Apr-2024,22550,PE,570.95,585,478.35,514.35,514.35,106,1222.9,8350,-700,18-MAR-2024,
OPTIDX,NIFTY,25-Apr-2024,22600,PE,584,620,501,542.75,542.75,528,6116.05,52650,3750,18-MAR-2024,
OPTIDX,NIFTY,25-Apr-2024,22650,PE,594.05,643,572,579.5,579.5,72,837.01,8650,-150,18-MAR-2024,
OPTIDX,NIFTY,25-Apr-2024,22700,PE,654,685,560,607.65,607.65,313,3652.55,22600,250,18-MAR-2024,
OPTIDX,NIFTY,25-Apr-2024,22750,PE,681,715.75,593,612.05,682.65,91,1065.47,11550,-1550,18-MAR-2024,
OPTIDX,NIFTY,25-Apr-2024,22800,PE,690,747.65,624,670.25,670.25,222,2606.24,11700,-2300,18-MAR-2024,
OPTIDX,NIFTY,25-Apr-2024,22850,PE,677,708.75,663.5,704.5,704.5,127,1494.12,11000,850,18-MAR-2024,
OPTIDX,NIFTY,25-Apr-2024,22900,PE,826.5,826.5,697.5,712.85,795.9,41,484.64,9100,100,18-MAR-2024,
OPTIDX,NIFTY,25-Apr-2024,22950,PE,0,0,0,750,835.3,0,0,3350,0,18-MAR-2024,
OPTIDX,NIFTY,25-Apr-2024,23000,PE,844.8,905,757.65,813.7,813.7,3097,36888.89,220500,26800,18-MAR-2024,
OPTIDX,NIFTY,25-Apr-2024,23050,PE,942,942,900.05,900.05,916.35,28,335.67,3100,900,18-MAR-2024,
OPTIDX,NIFTY,25-Apr-2024,23100,PE,968.45,981,880,880,957.9,19,228.46,9900,200,18-MAR-2024,
OPTIDX,NIFTY,25-Apr-2024,23150,PE,0,0,0,1016.35,1000.15,0,0,6500,0,18-MAR-2024,
OPTIDX,NIFTY,25-Apr-2024,23200,PE,1010,1054.45,960,960,1043,24,290.58,14050,200,18-MAR-2024,
OPTIDX,NIFTY,25-Apr-2024,23250,PE,0,0,0,985.45,1086.4,0,0,100,0,18-MAR-2024,
OPTIDX,NIFTY,25-Apr-2024,23300,PE,1094.5,1112.9,1045.1,1045.1,1130.35,7,85.31,13300,0,18-MAR-2024,
OPTIDX,NIFTY,25-Apr-2024,23350,PE,0,0,0,1008.9,1174.8,0,0,550,0,18-MAR-2024,
OPTIDX,NIFTY,25-Apr-2024,23400,PE,0,0,0,1179.45,1219.75,0,0,4500,0,18-MAR-2024,
OPTIDX,NIFTY,25-Apr-2024,23450,PE,1226.7,1226.7,1226.7,1226.7,1265.1,6,74.03,15300,300,18-MAR-2024,
OPTIDX,NIFTY,25-Apr-2024,23500,PE,1271.2,1303.35,1168.35,1242.4,1242.4,1388,17142.99,152650,40900,18-MAR-2024,
OPTIDX,NIFTY,25-Apr-2024,23550,PE,0,0,0,1895.9,1357,0,0,0,0,18-MAR-2024,
OPTIDX,NIFTY,25-Apr-2024,23600,PE,0,0,0,996.35,1403.5,0,0,1850,0,18-MAR-2024,
OPTIDX,NIFTY,25-Apr-2024,23650,PE,0,0,0,1377.15,1450.3,0,0,650,0,18-MAR-2024,
OPTIDX,NIFTY,25-Apr-2024,23700,PE,1440,1471.4,1327.55,1406.6,1406.6,135,1694.87,11550,2700,18-MAR-2024,
OPTIDX,NIFTY,25-Apr-2024,23750,PE,0,0,0,1160.8,1544.8,0,0,600,0,18-MAR-2024,
OPTIDX,NIFTY,25-Apr-2024,23800,PE,1600.05,1600.05,1508.25,1508.25,1592.4,8,101.5,1450,100,18-MAR-2024,
OPTIDX,NIFTY,25-Apr-2024,23850,PE,0,0,0,1288.55,1640.25,0,0,450,0,18-MAR-2024,
OPTIDX,NIFTY,25-Apr-2024,23900,PE,0,0,0,1551.75,1688.25,0,0,900,0,18-MAR-2024,
OPTIDX,NIFTY,25-Apr-2024,23950,PE,0,0,0,1290,1736.5,0,0,750,0,18-MAR-2024,
OPTIDX,NIFTY,25-Apr-2024,24000,PE,1769.95,1810.1,1640,1716.9,1716.9,4445,57116.58,629500,183800,18-MAR-2024,
OPTIDX,NIFTY,25-Apr-2024,24050,PE,0,0,0,2337.3,1833.4,0,0,0,0,18-MAR-2024,
OPTIDX,NIFTY,25-Apr-2024,24100,PE,0,0,0,2382.7,1882.05,0,0,0,0,18-MAR-2024,
OPTIDX,NIFTY,25-Apr-2024,24150,PE,0,0,0,2428.3,1930.85,0,0,0,0,18-MAR-2024,
OPTIDX,NIFTY,25-Apr-2024,24200,PE,1834.65,1890.25,1834.65,1890.25,1890.25,4,52.12,1900,0,18-MAR-2024,
OPTIDX,NIFTY,25-Apr-2024,24250,PE,0,0,0,2520.05,2028.7,0,0,0,0,18-MAR-2024,
OPTIDX,NIFTY,30-May-2024,20250,CE,0,0,0,2161.35,2093.55,0,0,0,0,18-MAR-2024,
OPTIDX,NIFTY,30-May-2024,20300,CE,0,0,0,2116.95,2046.15,0,0,0,0,18-MAR-2024,
OPTIDX,NIFTY,30-May-2024,20350,CE,0,0,0,2072.8,1999,0,0,0,0,18-MAR-2024,
OPTIDX,NIFTY,30-May-2024,20400,CE,0,0,0,2028.95,1952.05,0,0,0,0,18-MAR-2024,
OPTIDX,NIFTY,30-May-2024,20450,CE,0,0,0,1985.35,1905.3,0,0,0,0,18-MAR-2024,
OPTIDX,NIFTY,30-May-2024,20500,CE,0,0,0,1942.15,1858.85,0,0,0,0,18-MAR-2024,
OPTIDX,NIFTY,30-May-2024,20550,CE,0,0,0,1899.25,1812.6,0,0,0,0,18-MAR-2024,
OPTIDX,NIFTY,30-May-2024,20600,CE,0,0,0,1856.7,1766.65,0,0,0,0,18-MAR-2024,
OPTIDX,NIFTY,30-May-2024,20650,CE,0,0,0,1814.45,1721.05,0,0,0,0,18-MAR-2024,
OPTIDX,NIFTY,30-May-2024,20700,CE,0,0,0,1772.6,1675.7,0,0,0,0,18-MAR-2024,
OPTIDX,NIFTY,30-May-2024,20750,CE,0,0,0,1731.15,1630.7,0,0,0,0,18-MAR-2024,
OPTIDX,NIFTY,30-May-2024,20800,CE,0,0,0,1690.1,1586.1,0,0,0,0,18-MAR-2024,
OPTIDX,NIFTY,30-May-2024,20850,CE,0,0,0,1649.4,1541.85,0,0,0,0,18-MAR-2024,
OPTIDX,NIFTY,30-May-2024,20900,CE,0,0,0,1609.15,1497.95,0,0,0,0,18-MAR-2024,
OPTIDX,NIFTY,30-May-2024,20950,CE,0,0,0,1569.3,1454.55,0,0,0,0,18-MAR-2024,
OPTIDX,NIFTY,30-May-2024,21000,CE,1515.95,1600,1460.25,1541.25,1541.25,108,1215.61,19550,2150,18-MAR-2024,
OPTIDX,NIFTY,30-May-2024,21050,CE,0,0,0,1490.95,1369,0,0,0,0,18-MAR-2024,
OPTIDX,NIFTY,30-May-2024,21100,CE,0,0,0,1452.45,1326.95,0,0,0,0,18-MAR-2024,
OPTIDX,NIFTY,30-May-2024,21150,CE,0,0,0,1414.4,1285.35,0,0,0,0,18-MAR-2024,
OPTIDX,NIFTY,30-May-2024,21200,CE,0,0,0,1370,1244.35,0,0,50,0,18-MAR-2024,
OPTIDX,NIFTY,30-May-2024,21250,CE,0,0,0,1339.8,1203.85,0,0,0,0,18-MAR-2024,
OPTIDX,NIFTY,30-May-2024,21300,CE,0,0,0,1304,1163.9,0,0,0,0,18-MAR-2024,
OPTIDX,NIFTY,30-May-2024,21350,CE,0,0,0,1267.85,1124.6,0,0,0,0,18-MAR-2024,
OPTIDX,NIFTY,30-May-2024,21400,CE,0,0,0,1231.35,1085.85,0,0,0,0,18-MAR-2024,
OPTIDX,NIFTY,30-May-2024,21450,CE,0,0,0,1196.35,1047.75,0,0,0,0,18-MAR-2024,
OPTIDX,NIFTY,30-May-2024,21500,CE,1126.1,1170,1079.95,1165,1010.25,284,3211.69,14550,2250,18-MAR-2024,
OPTIDX,NIFTY,30-May-2024,21550,CE,0,0,0,1127.95,973.45,0,0,0,0,18-MAR-2024,
OPTIDX,NIFTY,30-May-2024,21600,CE,1080,1080,1080,1080,1080,1,11.34,50,50,18-MAR-2024,
OPTIDX,NIFTY,30-May-2024,21650,CE,0,0,0,1170,901.85,0,0,50,0,18-MAR-2024,
OPTIDX,NIFTY,30-May-2024,21700,CE,986.8,1015.75,986.8,1015.75,867.15,4,45.41,150,-200,18-MAR-2024,
OPTIDX,NIFTY,30-May-2024,21750,CE,0,0,0,997.8,833.15,0,0,0,0,18-MAR-2024,
OPTIDX,NIFTY,30-May-2024,21800,CE,900,982.55,885,960.5,799.85,35,397.62,5150,1050,18-MAR-2024,
OPTIDX,NIFTY,30-May-2024,21850,CE,0,0,0,936.15,767.35,0,0,0,0,18-MAR-2024,
OPTIDX,NIFTY,30-May-2024,21900,CE,810,900,810,864.3,864.3,15,170.67,550,400,18-MAR-2024,
OPTIDX,NIFTY,30-May-2024,21950,CE,0,0,0,876.85,704.6,0,0,0,0,18-MAR-2024,
OPTIDX,NIFTY,30-May-2024,22000,CE,724,864.35,724,800.05,800.05,3036,34603.43,127550,35300,18-MAR-2024,
OPTIDX,NIFTY,30-May-2024,22050,CE,0,0,0,819.9,644.95,0,0,0,0,18-MAR-2024,
OPTIDX,NIFTY,30-May-2024,22100,CE,750,777,699.5,738.05,738.05,82,936.15,4350,600,18-MAR-2024,
OPTIDX,NIFTY,30-May-2024,22150,CE,0,0,0,765.35,588.5,0,0,0,0,18-MAR-2024,
OPTIDX,NIFTY,30-May-2024,22200,CE,670.15,722.7,600,671.55,671.55,209,2389.92,8900,4750,18-MAR-2024,
OPTIDX,NIFTY,30-May-2024,22250,CE,0,0,0,713.2,535.25,0,0,0,0,18-MAR-2024,
OPTIDX,NIFTY,30-May-2024,22300,CE,666.35,666.35,570.6,615.8,615.8,171,1958.82,5600,-250,18-MAR-2024,
OPTIDX,NIFTY,30-May-2024,22350,CE,0,0,0,663.3,485.25,0,0,0,0,18-MAR-2024,
OPTIDX,NIFTY,30-May-2024,22400,CE,581.7,605,541.55,573.25,573.25,196,2251.68,9800,5550,18-MAR-2024,
OPTIDX,NIFTY,30-May-2024,22450,CE,528.55,528.55,523.8,523.8,438.4,2,22.97,750,0,18-MAR-2024,
OPTIDX,NIFTY,30-May-2024,22500,CE,551.05,557.75,482.1,517.4,517.4,2494,28701.45,147050,43800,18-MAR-2024,
OPTIDX,NIFTY,30-May-2024,22550,CE,0,0,0,570.85,394.75,0,0,0,0,18-MAR-2024,
OPTIDX,NIFTY,30-May-2024,22600,CE,450,496.05,445,465.6,465.6,38,438.14,2300,500,18-MAR-2024,
OPTIDX,NIFTY,30-May-2024,22650,CE,423.85,423.85,423.85,423.85,423.85,1,11.53,250,50,18-MAR-2024,
OPTIDX,NIFTY,30-May-2024,22700,CE,425,449.3,399.7,416.3,416.3,138,1594.98,5000,1600,18-MAR-2024,
OPTIDX,NIFTY,30-May-2024,22750,CE,0,0,0,458.95,316.75,0,0,150,0,18-MAR-2024,
OPTIDX,NIFTY,30-May-2024,22800,CE,420,420,354.15,375,375,149,1727.01,10100,1250,18-MAR-2024,
OPTIDX,NIFTY,30-May-2024,22850,CE,0,0,0,449.7,282.3,0,0,0,0,18-MAR-2024,
OPTIDX,NIFTY,30-May-2024,22900,CE,320,350.1,320,344.5,266.1,25,290.42,450,300,18-MAR-2024,
OPTIDX,NIFTY,30-May-2024,22950,CE,0,0,0,371.45,250.65,0,0,50,0,18-MAR-2024,
OPTIDX,NIFTY,30-May-2024,23000,CE,360,360,282,304.25,304.25,5224,60870.08,182700,22150,18-MAR-2024,
OPTIDX,NIFTY,30-May-2024,23050,CE,0,0,0,555.15,221.75,0,0,900,0,18-MAR-2024,
OPTIDX,NIFTY,30-May-2024,23100,CE,260,287.75,253.35,267.35,267.35,115,1344.19,5300,4750,18-MAR-2024,
OPTIDX,NIFTY,30-May-2024,23150,CE,0,0,0,348.45,195.5,0,0,0,0,18-MAR-2024,
OPTIDX,NIFTY,30-May-2024,23200,CE,230,246.9,222.7,234.3,234.3,41,480.41,1700,750,18-MAR-2024,
OPTIDX,NIFTY,30-May-2024,23250,CE,225.7,230,225.7,230,230,2,23.47,300,0,18-MAR-2024,
OPTIDX,NIFTY,30-May-2024,23300,CE,218,229.65,199,209.75,209.75,74,869.94,5050,2050,18-MAR-2024,
OPTIDX,NIFTY,30-May-2024,23350,CE,0,0,0,168.1,150.3,0,0,100,0,18-MAR-2024,
OPTIDX,NIFTY,30-May-2024,23400,CE,192.85,206.9,180.85,183.65,183.65,40,471.76,1750,1750,18-MAR-2024,
OPTIDX,NIFTY,30-May-2024,23450,CE,0,0,0,266.5,131.05,0,0,0,0,18-MAR-2024,
OPTIDX,NIFTY,30-May-2024,23500,CE,184.85,184.85,151,164,164,2731,32312.69,129200,33600,18-MAR-2024,
OPTIDX,NIFTY,30-May-2024,23550,CE,0,0,0,242.8,113.9,0,0,0,0,18-MAR-2024,
OPTIDX,NIFTY,30-May-2024,23600,CE,131.25,150.2,131.25,148.8,106,75,890.22,2950,2050,18-MAR-2024,
OPTIDX,NIFTY,30-May-2024,23650,CE,0,0,0,219.8,98.55,0,0,0,0,18-MAR-2024,
OPTIDX,NIFTY,30-May-2024,23700,CE,118.05,136.25,113.4,123.2,123.2,74,881.45,3000,1550,18-MAR-2024,
OPTIDX,NIFTY,30-May-2024,23750,CE,127.6,127.6,121,121.65,121.65,9,107.42,2250,-50,18-MAR-2024,
OPTIDX,NIFTY,30-May-2024,23800,CE,149,149,98.25,110.1,110.1,95,1135.64,5050,200,18-MAR-2024,
OPTIDX,NIFTY,30-May-2024,23850,CE,0,0,0,180.4,73.05,0,0,0,0,18-MAR-2024,
OPTIDX,NIFTY,30-May-2024,23900,CE,0,0,0,171.5,67.6,0,0,0,0,18-MAR-2024,
OPTIDX,NIFTY,30-May-2024,23950,CE,0,0,0,163,62.55,0,0,0,0,18-MAR-2024,
OPTIDX,NIFTY,30-May-2024,24000,CE,114,114,74.15,82.25,82.25,6640,79956.73,165700,-750,18-MAR-2024,
OPTIDX,NIFTY,30-May-2024,24050,CE,0,0,0,197.15,53.35,0,0,100,0,18-MAR-2024,
OPTIDX,NIFTY,30-May-2024,24100,CE,0,0,0,139.45,49.2,0,0,0,0,18-MAR-2024,
OPTIDX,NIFTY,30-May-2024,24150,CE,69.1,77.55,62.45,62.45,45.35,3,36.32,200,0,18-MAR-2024,
OPTIDX,NIFTY,30-May-2024,24200,CE,90,90,56,61.35,61.35,215,2608.59,17050,1400,18-MAR-2024,
OPTIDX,NIFTY,30-May-2024,24250,CE,90,90,57,58.7,58.7,62,753.84,2100,-500,18-MAR-2024,
OPTIDX,NIFTY,30-May-2024,20250,PE,0,0,0,64.75,16.3,0,0,1200,0,18-MAR-2024,
OPTIDX,NIFTY,30-May-2024,20300,PE,0,0,0,75.7,18.25,0,0,4700,0,18-MAR-2024,
OPTIDX,NIFTY,30-May-2024,20350,PE,0,0,0,70.45,20.4,0,0,0,0,18-MAR-2024,
OPTIDX,NIFTY,30-May-2024,20400,PE,0,0,0,75.7,22.8,0,0,0,0,18-MAR-2024,
OPTIDX,NIFTY,30-May-2024,20450,PE,0,0,0,81.25,25.4,0,0,0,0,18-MAR-2024,
OPTIDX,NIFTY,30-May-2024,20500,PE,103.65,106,61.25,74.7,74.7,2965,30509.6,268350,13300,18-MAR-2024,
OPTIDX,NIFTY,30-May-2024,20550,PE,0,0,0,140,31.35,0,0,600,0,18-MAR-2024,
OPTIDX,NIFTY,30-May-2024,20600,PE,0,0,0,99.85,34.75,0,0,0,0,18-MAR-2024,
OPTIDX,NIFTY,30-May-2024,20650,PE,0,0,0,106.7,38.45,0,0,500,0,18-MAR-2024,
OPTIDX,NIFTY,30-May-2024,20700,PE,0,0,0,114.75,42.45,0,0,200,0,18-MAR-2024,
OPTIDX,NIFTY,30-May-2024,20750,PE,0,0,0,121.6,46.75,0,0,0,0,18-MAR-2024,
OPTIDX,NIFTY,30-May-2024,20800,PE,86.75,109.7,86.75,109.7,51.45,26,271.7,1150,1150,18-MAR-2024,
OPTIDX,NIFTY,30-May-2024,20850,PE,0,0,0,138,56.55,0,0,0,0,18-MAR-2024,
OPTIDX,NIFTY,30-May-2024,20900,PE,0,0,0,146.85,62,0,0,0,0,18-MAR-2024,
OPTIDX,NIFTY,30-May-2024,20950,PE,111.2,141,111.2,140.95,67.9,12,126.48,200,0,18-MAR-2024,
OPTIDX,NIFTY,30-May-2024,21000,PE,175,175,127.6,132.8,132.8,7102,75087.19,349250,24250,18-MAR-2024,
OPTIDX,NIFTY,30-May-2024,21050,PE,0,0,0,175.9,81.05,0,0,0,0,18-MAR-2024,
OPTIDX,NIFTY,30-May-2024,21100,PE,99.95,167.55,99.95,148.65,148.65,27,286.79,650,550,18-MAR-2024,
OPTIDX,NIFTY,30-May-2024,21150,PE,0,0,0,102.3,96.05,0,0,100,0,18-MAR-2024,
OPTIDX,NIFTY,30-May-2024,21200,PE,175,192,151.9,159.35,159.35,569,6080.47,86550,8950,18-MAR-2024,
OPTIDX,NIFTY,30-May-2024,21250,PE,0,0,0,221.15,113.2,0,0,0,0,18-MAR-2024,
OPTIDX,NIFTY,30-May-2024,21300,PE,195.65,204.35,167.65,178.95,178.95,146,1568.12,17400,4600,18-MAR-2024,
OPTIDX,NIFTY,30-May-2024,21350,PE,209.25,209.25,209.2,209.2,132.6,7,75.45,350,350,18-MAR-2024,
OPTIDX,NIFTY,30-May-2024,21400,PE,190.05,236.3,188,197.5,197.5,189,2041.82,19500,4450,18-MAR-2024,
OPTIDX,NIFTY,30-May-2024,21450,PE,235.95,235.95,234.45,234.45,154.4,6,65.05,300,300,18-MAR-2024,
OPTIDX,NIFTY,30-May-2024,21500,PE,270,270,209,220,220,3365,36562.8,203800,-900,18-MAR-2024,
OPTIDX,NIFTY,30-May-2024,21550,PE,266.15,273.55,266.15,273.55,178.8,4,43.63,200,200,18-MAR-2024,
OPTIDX,NIFTY,30-May-2024,21600,PE,281.15,286.2,230,240,240,42,459.21,12000,750,18-MAR-2024,
OPTIDX,NIFTY,30-May-2024,21650,PE,301.2,301.2,271.3,271.3,205.85,3,32.91,100,100,18-MAR-2024,
OPTIDX,NIFTY,30-May-2024,21700,PE,294.6,319.45,261,270,270,36,395.8,4700,-150,18-MAR-2024,
OPTIDX,NIFTY,30-May-2024,21750,PE,0,0,0,370.1,235.8,0,0,0,0,18-MAR-2024,
OPTIDX,NIFTY,30-May-2024,21800,PE,364.95,364.95,280,298.7,298.7,209,2310.83,29450,550,18-MAR-2024,
OPTIDX,NIFTY,30-May-2024,21850,PE,0,0,0,406.65,268.65,0,0,0,0,18-MAR-2024,
OPTIDX,NIFTY,30-May-2024,21900,PE,361,394,329.3,335,335,28,311.42,1050,550,18-MAR-2024,
OPTIDX,NIFTY,30-May-2024,21950,PE,0,0,0,445.5,304.55,0,0,0,0,18-MAR-2024,
OPTIDX,NIFTY,30-May-2024,22000,PE,424,451,340.45,363.45,363.45,4476,50094.85,161550,5500,18-MAR-2024,
OPTIDX,NIFTY,30-May-2024,22050,PE,0,0,0,404.6,343.6,0,0,200,0,18-MAR-2024,
OPTIDX,NIFTY,30-May-2024,22100,PE,457.65,461.7,374.3,397.6,397.6,248,2790.84,9350,5450,18-MAR-2024,
OPTIDX,NIFTY,30-May-2024,22150,PE,453.5,460,383.85,418.1,418.1,15,169.33,350,300,18-MAR-2024,
OPTIDX,NIFTY,30-May-2024,22200,PE,507.6,507.6,420,442.7,442.7,73,827.25,9650,300,18-MAR-2024,
OPTIDX,NIFTY,30-May-2024,22250,PE,0,0,0,576.35,431.2,0,0,0,0,18-MAR-2024,
OPTIDX,NIFTY,30-May-2024,22300,PE,537.75,537.75,460,467.5,467.5,36,410.45,7350,-1250,18-MAR-2024,
OPTIDX,NIFTY,30-May-2024,22350,PE,0,0,0,390,479.85,0,0,50,0,18-MAR-2024,
OPTIDX,NIFTY,30-May-2024,22400,PE,559,581,486.45,525.4,525.4,165,1893.52,9150,6300,18-MAR-2024,
OPTIDX,NIFTY,30-May-2024,22450,PE,0,0,0,666,531.65,0,0,350,0,18-MAR-2024,
OPTIDX,NIFTY,30-May-2024,22500,PE,651.1,687.65,532.3,562.9,562.9,1218,14057.15,111400,-2500,18-MAR-2024,
OPTIDX,NIFTY,30-May-2024,22550,PE,0,0,0,650,586.7,0,0,1200,0,18-MAR-2024,
OPTIDX,NIFTY,30-May-2024,22600,PE,639.9,656.1,610,610,615.35,6,69.66,2600,-50,18-MAR-2024,
OPTIDX,NIFTY,30-May-2024,22650,PE,0,0,0,784.1,644.8,0,0,0,0,18-MAR-2024,
OPTIDX,NIFTY,30-May-2024,22700,PE,730,731.65,648.8,660.85,660.85,84,982.71,5350,2900,18-MAR-2024,
OPTIDX,NIFTY,30-May-2024,22750,PE,0,0,0,841.9,706,0,0,0,0,18-MAR-2024,
OPTIDX,NIFTY,30-May-2024,22800,PE,0,0,0,814.8,737.75,0,0,900,0,18-MAR-2024,
OPTIDX,NIFTY,30-May-2024,22850,PE,0,0,0,902,770.2,0,0,0,0,18-MAR-2024,
OPTIDX,NIFTY,30-May-2024,22900,PE,0,0,0,827.05,803.35,0,0,1100,0,18-MAR-2024,
OPTIDX,NIFTY,30-May-2024,22950,PE,0,0,0,851,837.2,0,0,950,0,18-MAR-2024,
OPTIDX,NIFTY,30-May-2024,23000,PE,901,934.45,799.95,845.85,845.85,307,3663.68,31200,-100,18-MAR-2024,
OPTIDX,NIFTY,30-May-2024,23050,PE,0,0,0,1000.95,907,0,0,50,0,18-MAR-2024,
OPTIDX,NIFTY,30-May-2024,23100,PE,0,0,0,1061.75,942.85,0,0,0,0,18-MAR-2024,
OPTIDX,NIFTY,30-May-2024,23150,PE,0,0,0,1095.3,979.4,0,0,0,0,18-MAR-2024,
OPTIDX,NIFTY,30-May-2024,23200,PE,0,0,0,1129.35,1016.55,0,0,0,0,18-MAR-2024,
OPTIDX,NIFTY,30-May-2024,23250,PE,0,0,0,1163.9,1054.25,0,0,0,0,18-MAR-2024,
OPTIDX,NIFTY,30-May-2024,23300,PE,0,0,0,1198.9,1092.6,0,0,0,0,18-MAR-2024,
OPTIDX,NIFTY,30-May-2024,23350,PE,0,0,0,1234.45,1131.5,0,0,0,0,18-MAR-2024,
OPTIDX,NIFTY,30-May-2024,23400,PE,0,0,0,1270.45,1170.95,0,0,0,0,18-MAR-2024,
OPTIDX,NIFTY,30-May-2024,23450,PE,0,0,0,1307.9,1210.9,0,0,0,0,18-MAR-2024,
OPTIDX,NIFTY,30-May-2024,23500,PE,1210,1210,1150,1185,1185,6,73.99,4750,150,18-MAR-2024,
OPTIDX,NIFTY,30-May-2024,23550,PE,0,0,0,1382.35,1292.4,0,0,0,0,18-MAR-2024,
OPTIDX,NIFTY,30-May-2024,23600,PE,0,0,0,1419.3,1333.85,0,0,0,0,18-MAR-2024,
OPTIDX,NIFTY,30-May-2024,23650,PE,0,0,0,1457.55,1375.75,0,0,0,0,18-MAR-2024,
OPTIDX,NIFTY,30-May-2024,23700,PE,0,0,0,1496.2,1418.1,0,0,0,0,18-MAR-2024,
OPTIDX,NIFTY,30-May-2024,23750,PE,0,0,0,1250,1460.85,0,0,100,0,18-MAR-2024,
OPTIDX,NIFTY,30-May-2024,23800,PE,0,0,0,1574.7,1504,0,0,0,0,18-MAR-2024,
OPTIDX,NIFTY,30-May-2024,23850,PE,0,0,0,1614.55,1547.55,0,0,0,0,18-MAR-2024,
OPTIDX,NIFTY,30-May-2024,23900,PE,0,0,0,1654.75,1591.45,0,0,0,0,18-MAR-2024,
OPTIDX,NIFTY,30-May-2024,23950,PE,0,0,0,1695.3,1635.7,0,0,0,0,18-MAR-2024,
OPTIDX,NIFTY,30-May-2024,24000,PE,1649.65,1649.65,1524.5,1585.4,1585.4,4,51.17,500,100,18-MAR-2024,
OPTIDX,NIFTY,30-May-2024,24050,PE,0,0,0,1777.45,1725.15,0,0,0,0,18-MAR-2024,
OPTIDX,NIFTY,30-May-2024,24100,PE,0,0,0,1819.05,1770.35,0,0,0,0,18-MAR-2024,
OPTIDX,NIFTY,30-May-2024,24150,PE,0,0,0,1860.95,1815.8,0,0,0,0,18-MAR-2024,
OPTIDX,NIFTY,30-May-2024,24200,PE,0,0,0,1903.2,1861.5,0,0,0,0,18-MAR-2024,
OPTIDX,NIFTY,30-May-2024,24250,PE,0,0,0,1945.7,1907.5,0,0,0,0,18-MAR-2024,
OPTIDX,NIFTY,27-Jun-2024,15000,CE,7200,7700,7200,7280,7333.25,14,156.89,1000,650,18-MAR-2024,
OPTIDX,NIFTY,27-Jun-2024,16000,CE,0,0,0,2666.1,6351.8,0,0,0,0,18-MAR-2024,
OPTIDX,NIFTY,27-Jun-2024,17000,CE,5200,5200,5200,5200,5370.3,1,11.1,100,50,18-MAR-2024,
OPTIDX,NIFTY,27-Jun-2024,18000,CE,4340,4490,4300,4394.4,4394.4,1327,14871.54,197700,51700,18-MAR-2024,
OPTIDX,NIFTY,27-Jun-2024,18500,CE,0,0,0,4020,3898.5,0,0,4575,0,18-MAR-2024,
OPTIDX,NIFTY,27-Jun-2024,19000,CE,3422.65,3530,3371.8,3479.65,3479.65,297,3336.27,218650,8550,18-MAR-2024,
OPTIDX,NIFTY,27-Jun-2024,20000,CE,2570,2639.2,2494.75,2572.5,2572.5,432,4877.99,258900,-500,18-MAR-2024,
OPTIDX,NIFTY,27-Jun-2024,21000,CE,1720.05,1808.45,1684.05,1735.65,1735.65,629,7157.41,454850,8450,18-MAR-2024,
OPTIDX,NIFTY,27-Jun-2024,22000,CE,994.75,1105.75,987.6,1051.3,1051.3,2614,30134.66,622000,45900,18-MAR-2024,
OPTIDX,NIFTY,27-Jun-2024,23000,CE,525.05,562,510.05,532.05,532.05,3492,41092.01,804000,35150,18-MAR-2024,
OPTIDX,NIFTY,27-Jun-2024,24000,CE,240,250,221.8,225.5,225.5,5215,63191.26,1018350,42600,18-MAR-2024,
OPTIDX,NIFTY,27-Jun-2024,25000,CE,91.3,97.45,87.1,89.9,89.9,2050,25719.2,435000,14400,18-MAR-2024,
OPTIDX,NIFTY,27-Jun-2024,26000,CE,40.95,43.95,36.9,39.7,39.7,372,4843.39,176450,6650,18-MAR-2024,
OPTIDX,NIFTY,27-Jun-2024,27000,CE,0,0,0,331.6,1,0,0,0,0,18-MAR-2024,
OPTIDX,NIFTY,27-Jun-2024,14000,PE,0,0,0,9,0.05,0,0,7075,0,18-MAR-2024,
OPTIDX,NIFTY,27-Jun-2024,15000,PE,3.05,3.05,3.05,3.05,0.05,14,105.02,13325,700,18-MAR-2024,
OPTIDX,NIFTY,27-Jun-2024,16000,PE,13.5,14.9,12.35,13.3,13.3,31,248.2,56400,850,18-MAR-2024,
OPTIDX,NIFTY,27-Jun-2024,17000,PE,18.8,20.2,17.05,17.25,17.25,235,1999.66,166700,6950,18-MAR-2024,
OPTIDX,NIFTY,27-Jun-2024,18000,PE,24.75,27.55,19.55,20.05,20.05,1293,11651.84,573550,34850,18-MAR-2024,
OPTIDX,NIFTY,27-Jun-2024,19000,PE,49.95,55.9,42.55,44.1,44.1,931,8866.88,769700,7900,18-MAR-2024,
OPTIDX,NIFTY,27-Jun-2024,20000,PE,123.65,131.95,102,105.45,105.45,4769,47962.95,1075700,17400,18-MAR-2024,
OPTIDX,NIFTY,27-Jun-2024,21000,PE,253.9,285,235.05,243.25,243.25,5575,59270.51,1446550,37750,18-MAR-2024,
OPTIDX,NIFTY,27-Jun-2024,22000,PE,531.15,575.85,496.55,519.2,519.2,5006,56419.1,1122350,31850,18-MAR-2024,
OPTIDX,NIFTY,27-Jun-2024,23000,PE,997.25,1047.95,931,963.9,963.9,1349,16181.43,398700,-650,18-MAR-2024,
OPTIDX,NIFTY,27-Jun-2024,24000,PE,1686.25,1731.85,1585,1638.2,1638.2,936,11998.39,304900,5600,18-MAR-2024,
OPTIDX,NIFTY,27-Jun-2024,25000,PE,2545,2545,2417.8,2458.1,2458.1,57,782.5,17900,1850,18-MAR-2024,
OPTIDX,NIFTY,27-Jun-2024,26000,PE,3450,3453.75,3328.7,3385,3385,27,396.94,4800,1150,18-MAR-2024,
OPTIDX,NIFTY,27-Jun-2024,27000,PE,0,0,0,8206,4445.7,0,0,0,0,18-MAR-2024,
OPTIDX,NIFTY,26-Sep-2024,16000,CE,0,0,0,4667.4,6613.85,0,0,0,0,18-MAR-2024,
OPTIDX,NIFTY,26-Sep-2024,17000,CE,0,0,0,3800.4,5648.9,0,0,0,0,18-MAR-2024,
OPTIDX,NIFTY,26-Sep-2024,18000,CE,0,0,0,2994.95,4685.55,0,0,0,0,18-MAR-2024,
OPTIDX,NIFTY,26-Sep-2024,19000,CE,0,0,0,2277.4,3730.85,0,0,0,0,18-MAR-2024,
OPTIDX,NIFTY,26-Sep-2024,20000,CE,0,0,0,1666.45,2807.25,0,0,0,0,18-MAR-2024,
OPTIDX,NIFTY,26-Sep-2024,21000,CE,0,0,0,1173.8,1960.2,0,0,0,0,18-MAR-2024,
OPTIDX,NIFTY,26-Sep-2024,22000,CE,1425.45,1490,1416,1450.7,1450.7,26,304.86,12900,0,18-MAR-2024,
OPTIDX,NIFTY,26-Sep-2024,23000,CE,861.75,927.65,858,896.05,896.05,236,2819.19,49650,4000,18-MAR-2024,
OPTIDX,NIFTY,26-Sep-2024,24000,CE,471.2,524.65,450,487.9,487.9,553,6770.46,37400,6850,18-MAR-2024,
OPTIDX,NIFTY,26-Sep-2024,25000,CE,232.6,254.25,229.4,235.6,235.6,73,921.32,59650,850,18-MAR-2024,
OPTIDX,NIFTY,26-Sep-2024,26000,CE,121,139,115,117,117,50,653.01,16050,1150,18-MAR-2024,
OPTIDX,NIFTY,26-Sep-2024,27000,CE,0,0,0,68.7,25.15,0,0,0,0,18-MAR-2024,
OPTIDX,NIFTY,26-Sep-2024,16000,PE,0,0,0,39.75,0.05,0,0,0,0,18-MAR-2024,
OPTIDX,NIFTY,26-Sep-2024,17000,PE,0,0,0,103.7,0.2,0,0,0,0,18-MAR-2024,
OPTIDX,NIFTY,26-Sep-2024,18000,PE,0,0,0,229.25,1.95,0,0,0,0,18-MAR-2024,
OPTIDX,NIFTY,26-Sep-2024,19000,PE,0,0,0,239.55,12.35,0,0,2850,0,18-MAR-2024,
OPTIDX,NIFTY,26-Sep-2024,20000,PE,0,0,0,762.75,53.9,0,0,0,0,18-MAR-2024,
OPTIDX,NIFTY,26-Sep-2024,21000,PE,292,329,280.85,289.6,289.6,645,6871.13,252150,6800,18-MAR-2024,
OPTIDX,NIFTY,26-Sep-2024,22000,PE,562.2,609.15,525.95,553.9,553.9,647,7301.99,138450,12700,18-MAR-2024,
OPTIDX,NIFTY,26-Sep-2024,23000,PE,991.25,1023.85,906.95,941.85,941.85,134,1604.84,50150,200,18-MAR-2024,
OPTIDX,NIFTY,26-Sep-2024,24000,PE,0,0,0,3149.25,1474.15,0,0,0,0,18-MAR-2024,
OPTIDX,NIFTY,26-Sep-2024,25000,PE,0,0,0,3952.4,2240.05,0,0,0,0,18-MAR-2024,
OPTIDX,NIFTY,26-Sep-2024,26000,PE,0,0,0,4801.5,3105.9,0,0,0,0,18-MAR-2024,
OPTIDX,NIFTY,26-Sep-2024,27000,PE,0,0,0,5681.95,4027.6,0,0,0,0,18-MAR-2024,
OPTIDX,NIFTY,26-Dec-2024,14000,CE,0,0,0,8599,8769.55,0,0,100,0,18-MAR-2024,
OPTIDX,NIFTY,26-Dec-2024,15000,CE,0,0,0,7550,7820.55,0,0,2550,0,18-MAR-2024,
OPTIDX,NIFTY,26-Dec-2024,16000,CE,0,0,0,6651,6871.65,0,0,21950,0,18-MAR-2024,
OPTIDX,NIFTY,26-Dec-2024,17000,CE,0,0,0,6100,5923.65,0,0,17950,0,18-MAR-2024,
OPTIDX,NIFTY,26-Dec-2024,18000,CE,5101,5101,5101,5101,4979.8,1,11.55,23450,0,18-MAR-2024,
OPTIDX,NIFTY,26-Dec-2024,18500,CE,0,0,0,4400,4512.3,0,0,1000,0,18-MAR-2024,
OPTIDX,NIFTY,26-Dec-2024,19000,CE,4220,4220,4220,4220,4050.5,2,23.22,77600,-50,18-MAR-2024,
OPTIDX,NIFTY,26-Dec-2024,20000,CE,3286.7,3366,3275,3366,3366,26,303.28,73300,-200,18-MAR-2024,
OPTIDX,NIFTY,26-Dec-2024,21000,CE,2495.95,2598,2474.35,2590,2590,32,376.69,115800,-150,18-MAR-2024,
OPTIDX,NIFTY,26-Dec-2024,22000,CE,1839.95,1945,1825,1889,1889,168,2005.33,240950,3100,18-MAR-2024,
OPTIDX,NIFTY,26-Dec-2024,23000,CE,1230,1342,1230,1290.75,1290.75,354,4297.97,169450,-200,18-MAR-2024,
OPTIDX,NIFTY,26-Dec-2024,24000,CE,804.1,846.85,782.6,820.5,820.5,182,2257.77,167600,2200,18-MAR-2024,
OPTIDX,NIFTY,26-Dec-2024,25000,CE,477.45,500,464.55,479.5,479.5,142,1809.07,210450,1800,18-MAR-2024,
OPTIDX,NIFTY,26-Dec-2024,26000,CE,264.3,275,251,267,194.7,94,1234.4,114050,2750,18-MAR-2024,
OPTIDX,NIFTY,26-Dec-2024,27000,CE,132,142,131.05,139.35,139.35,22,298.51,45250,450,18-MAR-2024,
OPTIDX,NIFTY,26-Dec-2024,14000,PE,0,0,0,20.5,0.05,0,0,3300,0,18-MAR-2024,
OPTIDX,NIFTY,26-Dec-2024,15000,PE,0,0,0,6.05,0.05,0,0,28650,0,18-MAR-2024,
OPTIDX,NIFTY,26-Dec-2024,16000,PE,0,0,0,9.45,0.15,0,0,17050,0,18-MAR-2024,
OPTIDX,NIFTY,26-Dec-2024,17000,PE,21.4,21.4,21.4,21.4,21.4,2,17.02,74200,0,18-MAR-2024,
OPTIDX,NIFTY,26-Dec-2024,18000,PE,79.25,98.2,74.15,78.95,78.95,176,1591.09,288050,3200,18-MAR-2024,
OPTIDX,NIFTY,26-Dec-2024,19000,PE,121.8,126.45,113.3,116.55,116.55,251,2399.64,390700,-3550,18-MAR-2024,
OPTIDX,NIFTY,26-Dec-2024,20000,PE,217.15,225.95,200,202.1,202.1,478,4830.34,532050,-150,18-MAR-2024,
OPTIDX,NIFTY,26-Dec-2024,21000,PE,361.15,389,338.2,345,345,887,9474.61,974250,-4050,18-MAR-2024,
OPTIDX,NIFTY,26-Dec-2024,22000,PE,619.95,661.8,585,596.95,596.95,1088,12304.08,699250,-2500,18-MAR-2024,
OPTIDX,NIFTY,26-Dec-2024,23000,PE,952.75,990,912.95,946.15,946.15,416,4981.04,248900,6250,18-MAR-2024,
OPTIDX,NIFTY,26-Dec-2024,24000,PE,1500,1500,1378.65,1432.5,1432.5,64,814.35,70850,0,18-MAR-2024,
OPTIDX,NIFTY,26-Dec-2024,25000,PE,2100,2102.95,1980,1995.45,1995.45,85,1149.32,33600,1900,18-MAR-2024,
OPTIDX,NIFTY,26-Dec-2024,26000,PE,2800,2800,2800,2800,2813.25,1,14.4,4400,50,18-MAR-2024,
OPTIDX,NIFTY,26-Dec-2024,27000,PE,0,0,0,4500,3664.1,0,0,50,0,18-MAR-2024,
OPTIDX,NIFTY,26-Jun-2025,16000,CE,0,0,0,3227.55,7375.25,0,0,0,0,18-MAR-2024,
OPTIDX,NIFTY,26-Jun-2025,17000,CE,0,0,0,4165.5,6461.6,0,0,2750,0,18-MAR-2024,
OPTIDX,NIFTY,26-Jun-2025,18000,CE,0,0,0,3934,5556.5,0,0,2200,0,18-MAR-2024,
OPTIDX,NIFTY,26-Jun-2025,19000,CE,0,0,0,3077.9,4671.05,0,0,0,0,18-MAR-2024,
OPTIDX,NIFTY,26-Jun-2025,20000,CE,0,0,0,3180.85,3822.95,0,0,0,0,18-MAR-2024,
OPTIDX,NIFTY,26-Jun-2025,21000,CE,0,0,0,3199.45,3034.85,0,0,0,0,18-MAR-2024,
OPTIDX,NIFTY,26-Jun-2025,22000,CE,0,0,0,2088.15,2329.8,0,0,0,0,18-MAR-2024,
OPTIDX,NIFTY,26-Jun-2025,23000,CE,0,0,0,2003.65,1726.1,0,0,0,0,18-MAR-2024,
OPTIDX,NIFTY,26-Jun-2025,24000,CE,0,0,0,1100.85,1232.95,0,0,0,0,18-MAR-2024,
OPTIDX,NIFTY,26-Jun-2025,25000,CE,0,0,0,600,849.05,0,0,100,0,18-MAR-2024,
OPTIDX,NIFTY,26-Jun-2025,26000,CE,0,0,0,811.85,564.05,0,0,0,0,18-MAR-2024,
OPTIDX,NIFTY,26-Jun-2025,27000,CE,0,0,0,803.5,361.9,0,0,0,0,18-MAR-2024,
OPTIDX,NIFTY,26-Jun-2025,14000,PE,0,0,0,42.35,0.05,0,0,675,0,18-MAR-2024,
OPTIDX,NIFTY,26-Jun-2025,15000,PE,0,0,0,134,0.2,0,0,1800,0,18-MAR-2024,
OPTIDX,NIFTY,26-Jun-2025,16000,PE,0,0,0,129.2,1.15,0,0,100,0,18-MAR-2024,
OPTIDX,NIFTY,26-Jun-2025,17000,PE,0,0,0,3497.35,5.1,0,0,0,0,18-MAR-2024,
OPTIDX,NIFTY,26-Jun-2025,18000,PE,0,0,0,188.1,17.6,0,0,250,0,18-MAR-2024,
OPTIDX,NIFTY,26-Jun-2025,19000,PE,0,0,0,77,49.75,0,0,600000,0,18-MAR-2024,
OPTIDX,NIFTY,26-Jun-2025,20000,PE,0,0,0,490,119.3,0,0,456600,0,18-MAR-2024,
OPTIDX,NIFTY,26-Jun-2025,21000,PE,0,0,0,3070.85,248.75,0,0,0,0,18-MAR-2024,
OPTIDX,NIFTY,26-Jun-2025,22000,PE,0,0,0,839.9,461.3,0,0,150,0,18-MAR-2024,
OPTIDX,NIFTY,26-Jun-2025,23000,PE,0,0,0,1020,775.2,0,0,250,0,18-MAR-2024,
OPTIDX,NIFTY,26-Jun-2025,24000,PE,0,0,0,5875.1,1199.7,0,0,0,0,18-MAR-2024,
OPTIDX,NIFTY,26-Jun-2025,25000,PE,0,0,0,6576.35,1733.35,0,0,0,0,18-MAR-2024,
OPTIDX,NIFTY,26-Jun-2025,26000,PE,0,0,0,7299,2365.95,0,0,0,0,18-MAR-2024,
OPTIDX,NIFTY,26-Jun-2025,27000,PE,0,0,0,7438.15,3081.4,0,0,0,0,18-MAR-2024,
OPTIDX,NIFTY,24-Dec-2025,16000,CE,0,0,0,7200,7860.45,0,0,50,0,18-MAR-2024,
OPTIDX,NIFTY,24-Dec-2025,17000,CE,0,0,0,5080,6980,0,0,650,0,18-MAR-2024,
OPTIDX,NIFTY,24-Dec-2025,18000,CE,0,0,0,6099.95,6110.15,0,0,5650,0,18-MAR-2024,
OPTIDX,NIFTY,24-Dec-2025,19000,CE,0,0,0,5615,5260.6,0,0,3150,0,18-MAR-2024,
OPTIDX,NIFTY,24-Dec-2025,19500,CE,0,0,0,3200,4847.55,0,0,1300,0,18-MAR-2024,
OPTIDX,NIFTY,24-Dec-2025,20000,CE,0,0,0,3800,4444.85,0,0,300,0,18-MAR-2024,
OPTIDX,NIFTY,24-Dec-2025,21000,CE,0,0,0,1400,3678.75,0,0,100,0,18-MAR-2024,
OPTIDX,NIFTY,24-Dec-2025,22000,CE,0,0,0,3480,2978.15,0,0,850,0,18-MAR-2024,
OPTIDX,NIFTY,24-Dec-2025,23000,CE,0,0,0,2980,2356.1,0,0,2450,0,18-MAR-2024,
OPTIDX,NIFTY,24-Dec-2025,24000,CE,2030,2030,2030,2030,1820.85,1,13.01,200,0,18-MAR-2024,
OPTIDX,NIFTY,24-Dec-2025,25000,CE,0,0,0,1222.85,1374.75,0,0,0,0,18-MAR-2024,
OPTIDX,NIFTY,24-Dec-2025,26000,CE,0,0,0,1070.85,1014.4,0,0,0,0,18-MAR-2024,
OPTIDX,NIFTY,24-Dec-2025,27000,CE,0,0,0,1071,732.15,0,0,0,0,18-MAR-2024,
OPTIDX,NIFTY,24-Dec-2025,13000,PE,0,0,0,400,0.05,0,0,150,0,18-MAR-2024,
OPTIDX,NIFTY,24-Dec-2025,15000,PE,0,0,0,62.15,0.75,0,0,1100,0,18-MAR-2024,
OPTIDX,NIFTY,24-Dec-2025,16000,PE,0,0,0,139.95,3.05,0,0,2150,0,18-MAR-2024,
OPTIDX,NIFTY,24-Dec-2025,16500,PE,0,0,0,44.6,5.65,0,0,2600,0,18-MAR-2024,
OPTIDX,NIFTY,24-Dec-2025,17000,PE,0,0,0,155.05,10,0,0,2400,0,18-MAR-2024,
OPTIDX,NIFTY,24-Dec-2025,18000,PE,0,0,0,324.95,27.55,0,0,3050,0,18-MAR-2024,
OPTIDX,NIFTY,24-Dec-2025,19000,PE,0,0,0,335,65.4,0,0,3050,0,18-MAR-2024,
OPTIDX,NIFTY,24-Dec-2025,20000,PE,0,0,0,572,137.05,0,0,4500,0,18-MAR-2024,
OPTIDX,NIFTY,24-Dec-2025,21000,PE,0,0,0,701,258.3,0,0,3200,0,18-MAR-2024,
OPTIDX,NIFTY,24-Dec-2025,22000,PE,0,0,0,801,445.1,0,0,2350,0,18-MAR-2024,
OPTIDX,NIFTY,24-Dec-2025,23000,PE,1141.25,1178,1120,1149,1149,13,157.01,3800,400,18-MAR-2024,
OPTIDX,NIFTY,24-Dec-2025,24000,PE,0,0,0,5649,1062.6,0,0,0,0,18-MAR-2024,
OPTIDX,NIFTY,24-Dec-2025,25000,PE,0,0,0,6310.55,1503.9,0,0,0,0,18-MAR-2024,
OPTIDX,NIFTY,24-Dec-2025,26000,PE,0,0,0,6993.25,2030.95,0,0,0,0,18-MAR-2024,
OPTIDX,NIFTY,24-Dec-2025,27000,PE,0,0,0,7112.8,2636.1,0,0,0,0,18-MAR-2024,
OPTIDX,NIFTY,25-Jun-2026,12000,CE,0,0,0,8690,11761.35,0,0,50,0,18-MAR-2024,
OPTIDX,NIFTY,25-Jun-2026,16000,CE,0,0,0,4748.3,8335.1,0,0,0,0,18-MAR-2024,
OPTIDX,NIFTY,25-Jun-2026,17000,CE,0,0,0,4348.25,7486.5,0,0,0,0,18-MAR-2024,
OPTIDX,NIFTY,25-Jun-2026,18000,CE,0,0,0,4150,6649,0,0,200,0,18-MAR-2024,
OPTIDX,NIFTY,25-Jun-2026,19000,CE,0,0,0,5792,5830.8,0,0,100,0,18-MAR-2024,
OPTIDX,NIFTY,25-Jun-2026,20000,CE,0,0,0,3829.5,5042.3,0,0,0,0,18-MAR-2024,
OPTIDX,NIFTY,25-Jun-2026,21000,CE,0,0,0,3881.9,4295.3,0,0,0,0,18-MAR-2024,
OPTIDX,NIFTY,25-Jun-2026,22000,CE,0,0,0,2722.55,3601.55,0,0,0,0,18-MAR-2024,
OPTIDX,NIFTY,25-Jun-2026,23000,CE,0,0,0,2645.65,2971,0,0,0,0,18-MAR-2024,
OPTIDX,NIFTY,25-Jun-2026,24000,CE,0,0,0,1698.3,2410.85,0,0,0,0,18-MAR-2024,
OPTIDX,NIFTY,25-Jun-2026,25000,CE,0,0,0,1510.4,1924.55,0,0,0,0,18-MAR-2024,
OPTIDX,NIFTY,25-Jun-2026,26000,CE,0,0,0,1343.15,1511.95,0,0,0,0,18-MAR-2024,
OPTIDX,NIFTY,25-Jun-2026,27000,CE,0,0,0,1352.8,1169.45,0,0,0,0,18-MAR-2024,
OPTIDX,NIFTY,25-Jun-2026,12000,PE,0,0,0,10.05,0.05,0,0,500,0,18-MAR-2024,
OPTIDX,NIFTY,25-Jun-2026,13000,PE,0,0,0,45.25,0.1,0,0,200,0,18-MAR-2024,
OPTIDX,NIFTY,25-Jun-2026,14000,PE,0,0,0,300,0.4,0,0,100,0,18-MAR-2024,
OPTIDX,NIFTY,25-Jun-2026,15000,PE,0,0,0,105.5,1.6,0,0,850,0,18-MAR-2024,
OPTIDX,NIFTY,25-Jun-2026,16000,PE,0,0,0,54.8,5.25,0,0,500,0,18-MAR-2024,
OPTIDX,NIFTY,25-Jun-2026,17000,PE,0,0,0,2627.25,14.5,0,0,0,0,18-MAR-2024,
OPTIDX,NIFTY,25-Jun-2026,18000,PE,0,0,0,3088.05,34.9,0,0,0,0,18-MAR-2024,
OPTIDX,NIFTY,25-Jun-2026,19000,PE,0,0,0,140.45,74.55,0,0,100,0,18-MAR-2024,
OPTIDX,NIFTY,25-Jun-2026,20000,PE,0,0,0,3159.75,143.9,0,0,0,0,18-MAR-2024,
OPTIDX,NIFTY,25-Jun-2026,21000,PE,0,0,0,3065.6,254.8,0,0,0,0,18-MAR-2024,
OPTIDX,NIFTY,25-Jun-2026,22000,PE,0,0,0,3829.5,418.9,0,0,0,0,18-MAR-2024,
OPTIDX,NIFTY,25-Jun-2026,23000,PE,0,0,0,859.2,646.2,0,0,150,0,18-MAR-2024,
OPTIDX,NIFTY,25-Jun-2026,24000,PE,0,0,0,5437.7,943.95,0,0,0,0,18-MAR-2024,
OPTIDX,NIFTY,25-Jun-2026,25000,PE,0,0,0,6063.1,1315.5,0,0,0,0,18-MAR-2024,
OPTIDX,NIFTY,25-Jun-2026,26000,PE,0,0,0,6709.2,1760.75,0,0,0,0,18-MAR-2024,
OPTIDX,NIFTY,25-Jun-2026,27000,PE,0,0,0,6810.7,2276.1,0,0,0,0,18-MAR-2024,
OPTIDX,NIFTY,31-Dec-2026,16000,CE,0,0,0,6200,8808.6,0,0,50,0,18-MAR-2024,
OPTIDX,NIFTY,31-Dec-2026,17000,CE,0,0,0,4955.1,7991,0,0,0,0,18-MAR-2024,
OPTIDX,NIFTY,31-Dec-2026,18000,CE,0,0,0,4501.45,7184.25,0,0,0,0,18-MAR-2024,
OPTIDX,NIFTY,31-Dec-2026,19000,CE,0,0,0,6000,6395.1,0,0,200,0,18-MAR-2024,
OPTIDX,NIFTY,31-Dec-2026,20000,CE,0,0,0,3704.3,5631.8,0,0,0,0,18-MAR-2024,
OPTIDX,NIFTY,31-Dec-2026,21000,CE,0,0,0,3356.25,4903.4,0,0,0,0,18-MAR-2024,
OPTIDX,NIFTY,31-Dec-2026,22000,CE,0,0,0,3039,4218.9,0,0,0,0,18-MAR-2024,
OPTIDX,NIFTY,31-Dec-2026,23000,CE,0,0,0,2020,3586.25,0,0,500,0,18-MAR-2024,
OPTIDX,NIFTY,31-Dec-2026,24000,CE,0,0,0,2010.65,3011.55,0,0,0,0,18-MAR-2024,
OPTIDX,NIFTY,31-Dec-2026,25000,CE,0,0,0,1811.2,2498.6,0,0,0,0,18-MAR-2024,
OPTIDX,NIFTY,31-Dec-2026,26000,CE,0,0,0,1631.05,2048.65,0,0,0,0,18-MAR-2024,
OPTIDX,NIFTY,31-Dec-2026,27000,CE,0,0,0,1651.65,1660.6,0,0,0,0,18-MAR-2024,
OPTIDX,NIFTY,31-Dec-2026,12000,PE,0,0,0,250.1,0.05,0,0,600,0,18-MAR-2024,
OPTIDX,NIFTY,31-Dec-2026,13000,PE,0,0,0,450,0.2,0,0,200,0,18-MAR-2024,
OPTIDX,NIFTY,31-Dec-2026,14000,PE,0,0,0,500,0.75,0,0,950,0,18-MAR-2024,
OPTIDX,NIFTY,31-Dec-2026,15000,PE,0,0,0,23,2.55,0,0,2200,0,18-MAR-2024,
OPTIDX,NIFTY,31-Dec-2026,16000,PE,0,0,0,27.95,7.3,0,0,2450,0,18-MAR-2024,
OPTIDX,NIFTY,31-Dec-2026,17000,PE,0,0,0,36.3,18.05,0,0,3150,0,18-MAR-2024,
OPTIDX,NIFTY,31-Dec-2026,18000,PE,0,0,0,196.35,39.75,0,0,6050,0,18-MAR-2024,
OPTIDX,NIFTY,31-Dec-2026,19000,PE,0,0,0,139.95,79,0,0,3250,0,18-MAR-2024,
OPTIDX,NIFTY,31-Dec-2026,20000,PE,0,0,0,188.6,144.1,0,0,3850,0,18-MAR-2024,
OPTIDX,NIFTY,31-Dec-2026,21000,PE,0,0,0,649,244.1,0,0,850,0,18-MAR-2024,
OPTIDX,NIFTY,31-Dec-2026,22000,PE,0,0,0,609.65,388,0,0,100,0,18-MAR-2024,
OPTIDX,NIFTY,31-Dec-2026,23000,PE,0,0,0,957.4,583.75,0,0,6200,0,18-MAR-2024,
OPTIDX,NIFTY,31-Dec-2026,24000,PE,0,0,0,5233.45,837.45,0,0,0,0,18-MAR-2024,
OPTIDX,NIFTY,31-Dec-2026,25000,PE,0,0,0,5825.75,1152.9,0,0,0,0,18-MAR-2024,
OPTIDX,NIFTY,31-Dec-2026,26000,PE,0,0,0,6437.4,1531.35,0,0,0,0,18-MAR-2024,
OPTIDX,NIFTY,31-Dec-2026,27000,PE,0,0,0,6522.3,1971.7,0,0,0,0,18-MAR-2024,
OPTIDX,NIFTY,24-Jun-2027,16000,CE,0,0,0,4898.4,9232.3,0,0,0,0,18-MAR-2024,
OPTIDX,NIFTY,24-Jun-2027,17000,CE,0,0,0,4464.7,8441.8,0,0,0,0,18-MAR-2024,
OPTIDX,NIFTY,24-Jun-2027,18000,CE,0,0,0,4066.45,7661.65,0,0,0,0,18-MAR-2024,
OPTIDX,NIFTY,24-Jun-2027,19000,CE,0,0,0,3701.25,6897.4,0,0,100,0,18-MAR-2024,
OPTIDX,NIFTY,24-Jun-2027,20000,CE,0,0,0,3367.05,6155.85,0,0,0,0,18-MAR-2024,
OPTIDX,NIFTY,24-Jun-2027,21000,CE,0,0,0,3061.8,5444.3,0,0,0,0,18-MAR-2024,
OPTIDX,NIFTY,24-Jun-2027,22000,CE,0,0,0,2783.5,4769.95,0,0,0,0,18-MAR-2024,
OPTIDX,NIFTY,24-Jun-2027,23000,CE,0,0,0,2530.05,4139.45,0,0,0,0,18-MAR-2024,
OPTIDX,NIFTY,24-Jun-2027,24000,CE,0,0,0,2299.55,3558.1,0,0,0,0,18-MAR-2024,
OPTIDX,NIFTY,24-Jun-2027,25000,CE,0,0,0,2090.05,3029.55,0,0,0,0,18-MAR-2024,
OPTIDX,NIFTY,24-Jun-2027,26000,CE,0,0,0,1900.85,2555.7,0,0,0,0,18-MAR-2024,
OPTIDX,NIFTY,24-Jun-2027,27000,CE,0,0,0,1932.5,2136.65,0,0,0,0,18-MAR-2024,
OPTIDX,NIFTY,24-Jun-2027,16000,PE,0,0,0,1476.1,8.9,0,0,0,0,18-MAR-2024,
OPTIDX,NIFTY,24-Jun-2027,17000,PE,0,0,0,1814.75,20.4,0,0,0,0,18-MAR-2024,
OPTIDX,NIFTY,24-Jun-2027,18000,PE,0,0,0,2188.9,42.25,0,0,0,0,18-MAR-2024,
OPTIDX,NIFTY,24-Jun-2027,19000,PE,0,0,0,170,80.1,0,0,250,0,18-MAR-2024,
OPTIDX,NIFTY,24-Jun-2027,20000,PE,0,0,0,3034.2,140.55,0,0,0,0,18-MAR-2024,
OPTIDX,NIFTY,24-Jun-2027,21000,PE,0,0,0,3501.35,231,0,0,0,0,18-MAR-2024,
OPTIDX,NIFTY,24-Jun-2027,22000,PE,0,0,0,3995.4,358.7,0,0,0,0,18-MAR-2024,
OPTIDX,NIFTY,24-Jun-2027,23000,PE,0,0,0,4514.3,530.2,0,0,0,0,18-MAR-2024,
OPTIDX,NIFTY,24-Jun-2027,24000,PE,0,0,0,5056.2,750.85,0,0,0,0,18-MAR-2024,
OPTIDX,NIFTY,24-Jun-2027,25000,PE,0,0,0,5619.05,1024.3,0,0,0,0,18-MAR-2024,
OPTIDX,NIFTY,24-Jun-2027,26000,PE,0,0,0,6202.2,1352.45,0,0,0,0,18-MAR-2024,
OPTIDX,NIFTY,24-Jun-2027,27000,PE,0,0,0,6273.45,1735.45,0,0,0,0,18-MAR-2024,
OPTIDX,NIFTY,30-Dec-2027,16000,CE,0,0,0,7354.45,9674.35,0,0,0,0,18-MAR-2024,
OPTIDX,NIFTY,30-Dec-2027,17000,CE,0,0,0,6805.5,8911.7,0,0,0,0,18-MAR-2024,
OPTIDX,NIFTY,30-Dec-2027,18000,CE,0,0,0,6285.7,8158.65,0,0,0,0,18-MAR-2024,
OPTIDX,NIFTY,30-Dec-2027,19000,CE,0,0,0,5794.9,7419.8,0,0,0,0,18-MAR-2024,
OPTIDX,NIFTY,30-Dec-2027,20000,CE,0,0,0,5333.85,6700.65,0,0,0,0,18-MAR-2024,
OPTIDX,NIFTY,30-Dec-2027,21000,CE,0,0,0,4902.4,6007.15,0,0,0,0,18-MAR-2024,
OPTIDX,NIFTY,30-Dec-2027,22000,CE,0,0,0,4499.55,5345.15,0,0,0,0,18-MAR-2024,
OPTIDX,NIFTY,30-Dec-2027,23000,CE,0,0,0,4125.7,4720.1,0,0,0,0,18-MAR-2024,
OPTIDX,NIFTY,30-Dec-2027,24000,CE,0,0,0,3778.95,4136.65,0,0,0,0,18-MAR-2024,
OPTIDX,NIFTY,30-Dec-2027,25000,CE,0,0,0,3458.35,3598.2,0,0,0,0,18-MAR-2024,
OPTIDX,NIFTY,30-Dec-2027,26000,CE,0,0,0,3162.4,3106.9,0,0,0,0,18-MAR-2024,
OPTIDX,NIFTY,30-Dec-2027,27000,CE,0,0,0,2889.8,2663.6,0,0,0,0,18-MAR-2024,
OPTIDX,NIFTY,30-Dec-2027,15000,PE,0,0,0,27.8,4.2,0,0,350,0,18-MAR-2024,
OPTIDX,NIFTY,30-Dec-2027,16000,PE,0,0,0,479.35,10.2,0,0,0,0,18-MAR-2024,
OPTIDX,NIFTY,30-Dec-2027,17000,PE,0,0,0,514,22,0,0,14250,0,18-MAR-2024,
OPTIDX,NIFTY,30-Dec-2027,18000,PE,0,0,0,74.8,43.4,0,0,10500,0,18-MAR-2024,
OPTIDX,NIFTY,30-Dec-2027,19000,PE,0,0,0,760,79.05,0,0,700,0,18-MAR-2024,
OPTIDX,NIFTY,30-Dec-2027,20000,PE,504.35,504.35,504.35,504.35,504.35,1,10.25,2350,0,18-MAR-2024,
OPTIDX,NIFTY,30-Dec-2027,21000,PE,0,0,0,1563.55,215.3,0,0,0,0,18-MAR-2024,
OPTIDX,NIFTY,30-Dec-2027,22000,PE,0,0,0,1867.9,327.8,0,0,0,0,18-MAR-2024,
OPTIDX,NIFTY,30-Dec-2027,23000,PE,0,0,0,2201.3,477.25,0,0,0,0,18-MAR-2024,
OPTIDX,NIFTY,30-Dec-2027,24000,PE,0,0,0,2561.85,668.25,0,0,0,0,18-MAR-2024,
OPTIDX,NIFTY,30-Dec-2027,25000,PE,0,0,0,2948.45,904.25,0,0,0,0,18-MAR-2024,
OPTIDX,NIFTY,30-Dec-2027,26000,PE,0,0,0,3359.75,1187.45,0,0,0,0,18-MAR-2024,
OPTIDX,NIFTY,30-Dec-2027,27000,PE,0,0,0,3794.4,1518.6,0,0,0,0,18-MAR-2024,
OPTIDX,NIFTY,29-Jun-2028,16000,CE,0,0,0,8002.3,10085.35,0,0,0,0,18-MAR-2024,
OPTIDX,NIFTY,29-Jun-2028,17000,CE,0,0,0,7393.45,9348.3,0,0,0,0,18-MAR-2024,
OPTIDX,NIFTY,29-Jun-2028,18000,CE,0,0,0,6809.35,8620,0,0,0,0,18-MAR-2024,
OPTIDX,NIFTY,29-Jun-2028,19000,CE,0,0,0,6252.25,7904.4,0,0,0,0,18-MAR-2024,
OPTIDX,NIFTY,29-Jun-2028,20000,CE,0,0,0,5724.65,7206.05,0,0,0,0,18-MAR-2024,
OPTIDX,NIFTY,29-Jun-2028,21000,CE,0,0,0,5226.55,6529.85,0,0,0,0,18-MAR-2024,
OPTIDX,NIFTY,29-Jun-2028,22000,CE,0,0,0,4759.5,5880.75,0,0,0,0,18-MAR-2024,
OPTIDX,NIFTY,29-Jun-2028,23000,CE,0,0,0,4323.1,5263.3,0,0,0,0,18-MAR-2024,
OPTIDX,NIFTY,29-Jun-2028,24000,CE,0,0,0,3918.85,4681.55,0,0,0,0,18-MAR-2024,
OPTIDX,NIFTY,29-Jun-2028,25000,CE,0,0,0,3545.15,4138.6,0,0,0,0,18-MAR-2024,
OPTIDX,NIFTY,29-Jun-2028,26000,CE,0,0,0,3200.9,3636.7,0,0,0,0,18-MAR-2024,
OPTIDX,NIFTY,29-Jun-2028,27000,CE,0,0,0,2885.15,3177.1,0,0,0,0,18-MAR-2024,
OPTIDX,NIFTY,29-Jun-2028,16000,PE,0,0,0,194.2,11.05,0,0,0,0,18-MAR-2024,
OPTIDX,NIFTY,29-Jun-2028,17000,PE,0,0,0,283.1,22.85,0,0,0,0,18-MAR-2024,
OPTIDX,NIFTY,29-Jun-2028,18000,PE,0,0,0,396.75,43.35,0,0,0,0,18-MAR-2024,
OPTIDX,NIFTY,29-Jun-2028,19000,PE,0,0,0,537.45,76.6,0,0,0,0,18-MAR-2024,
OPTIDX,NIFTY,29-Jun-2028,20000,PE,0,0,0,707.55,127.1,0,0,0,0,18-MAR-2024,
OPTIDX,NIFTY,29-Jun-2028,21000,PE,0,0,0,907.2,199.75,0,0,0,0,18-MAR-2024,
OPTIDX,NIFTY,29-Jun-2028,22000,PE,0,0,0,1137.9,299.5,0,0,0,0,18-MAR-2024,
OPTIDX,NIFTY,29-Jun-2028,23000,PE,0,0,0,1399.25,430.9,0,0,0,0,18-MAR-2024,
OPTIDX,NIFTY,29-Jun-2028,24000,PE,0,0,0,1692.75,597.95,0,0,0,0,18-MAR-2024,
OPTIDX,NIFTY,29-Jun-2028,25000,PE,0,0,0,2016.8,803.85,0,0,0,0,18-MAR-2024,
OPTIDX,NIFTY,29-Jun-2028,26000,PE,0,0,0,2370.3,1050.8,0,0,0,0,18-MAR-2024,
OPTIDX,NIFTY,29-Jun-2028,27000,PE,0,0,0,2752.35,1340,0,0,0,0,18-MAR-2024,
OPTIDX,NIFTY,28-Dec-2028,16000,CE,0,0,0,10704.45,10482.4,0,0,0,0,18-MAR-2024,
OPTIDX,NIFTY,28-Dec-2028,17000,CE,0,0,0,10036.4,9769.85,0,0,0,0,18-MAR-2024,
OPTIDX,NIFTY,28-Dec-2028,18000,CE,0,0,0,9380.3,9065.3,0,0,0,0,18-MAR-2024,
OPTIDX,NIFTY,28-Dec-2028,19000,CE,0,0,0,8739,8372,0,0,0,0,18-MAR-2024,
OPTIDX,NIFTY,28-Dec-2028,20000,CE,0,0,0,8115.5,7693.85,0,0,0,0,18-MAR-2024,
OPTIDX,NIFTY,28-Dec-2028,21000,CE,0,0,0,7512.5,7035,0,0,0,0,18-MAR-2024,
OPTIDX,NIFTY,28-Dec-2028,22000,CE,0,0,0,6932.45,6399.5,0,0,0,0,18-MAR-2024,
OPTIDX,NIFTY,28-Dec-2028,23000,CE,0,0,0,6377.6,5791.3,0,0,0,0,18-MAR-2024,
OPTIDX,NIFTY,28-Dec-2028,24000,CE,0,0,0,5850.3,5213.95,0,0,0,0,18-MAR-2024,
OPTIDX,NIFTY,28-Dec-2028,25000,CE,0,0,0,5350.4,4670.25,0,0,0,0,18-MAR-2024,
OPTIDX,NIFTY,28-Dec-2028,26000,CE,0,0,0,4879.7,4162.4,0,0,0,0,18-MAR-2024,
OPTIDX,NIFTY,28-Dec-2028,27000,CE,0,0,0,4437.95,3691.85,0,0,0,0,18-MAR-2024,
OPTIDX,NIFTY,28-Dec-2028,16000,PE,0,0,0,39.6,11.55,0,0,0,0,18-MAR-2024,
OPTIDX,NIFTY,28-Dec-2028,17000,PE,0,0,0,66.15,23.1,0,0,0,0,18-MAR-2024,
OPTIDX,NIFTY,28-Dec-2028,18000,PE,0,0,0,104.65,42.55,0,0,0,0,18-MAR-2024,
OPTIDX,NIFTY,28-Dec-2028,19000,PE,0,0,0,158,73.3,0,0,0,0,18-MAR-2024,
OPTIDX,NIFTY,28-Dec-2028,20000,PE,0,0,0,229.1,119.25,0,0,0,0,18-MAR-2024,
OPTIDX,NIFTY,28-Dec-2028,21000,PE,0,0,0,320.7,184.4,0,0,0,0,18-MAR-2024,
OPTIDX,NIFTY,28-Dec-2028,22000,PE,0,0,0,435.3,272.95,0,0,0,0,18-MAR-2024,
OPTIDX,NIFTY,28-Dec-2028,23000,PE,0,0,0,575.05,388.85,0,0,0,0,18-MAR-2024,
OPTIDX,NIFTY,28-Dec-2028,24000,PE,0,0,0,742.35,535.5,0,0,0,0,18-MAR-2024,
OPTIDX,NIFTY,28-Dec-2028,25000,PE,0,0,0,937.05,715.9,0,0,0,0,18-MAR-2024,
OPTIDX,NIFTY,28-Dec-2028,26000,PE,0,0,0,1160.95,932.1,0,0,0,0,18-MAR-2024,
OPTIDX,NIFTY,28-Dec-2028,27000,PE,0,0,0,1413.85,1185.6,0,0,0,0,18-MAR-2024,
