INSTRUMENT,SYMBOL,EXPIRY_DT,STRIKE_PR,OPTION_TYP,OPEN,HIGH,LOW,CLOSE,SETTLE_PR,CONTRACTS,VAL_INLAKH,OPEN_INT,CHG_IN_OI,TIMESTAMP,
FUTIDX,NIFTY,25-Jan-2024,0,XX,21461.95,21574,21316.8,21527.45,21527.45,227826,2445493.67,11089750,-75950,18-JAN-2024,
FUTIDX,NIFTY,29-Feb-2024,0,XX,21650,21726.7,21467.2,21675.8,21675.8,60648,655750.12,3400150,1371700,18-JAN-2024,
FUTIDX,NIFTY,28-Mar-2024,0,XX,21800,21871,21625,21831.75,21831.75,6556,71329.95,479650,9250,18-JAN-2024,
OPTIDX,NIFTY,18-Jan-2024,19650,CE,1760,1833,1730,1818.7,21462.25,29,311.13,1200,-350,18-JAN-2024,
OPTIDX,NIFTY,18-Jan-2024,19700,CE,1735,1805,1624.2,1749.3,21462.25,88,942.74,1250,-3100,18-JAN-2024,
OPTIDX,NIFTY,18-Jan-2024,19750,CE,1701,1701,1700,1700.5,21462.25,4,42.9,200,0,18-JAN-2024,
OPTIDX,NIFTY,18-Jan-2024,19800,CE,1638.4,1673,1508.75,1663.7,21462.25,31,331.65,850,-400,18-JAN-2024,
OPTIDX,NIFTY,18-Jan-2024,19850,CE,1602.35,1602.35,1578.2,1578.2,21462.25,2,21.44,0,0,18-JAN-2024,
OPTIDX,NIFTY,18-Jan-2024,19900,CE,1522.6,1610,1522.6,1557.75,21462.25,5,53.66,200,0,18-JAN-2024,
OPTIDX,NIFTY,18-Jan-2024,19950,CE,1422,1507.45,1397,1504.85,21462.25,36,384.92,350,-1100,18-JAN-2024,
OPTIDX,NIFTY,18-Jan-2024,20000,CE,1466.4,1516,1301.7,1458.6,21462.25,834,8938.11,5950,-26650,18-JAN-2024,
OPTIDX,NIFTY,18-Jan-2024,20050,CE,1385,1445,1245,1423.6,21462.25,41,438.6,2000,-1200,18-JAN-2024,
OPTIDX,NIFTY,18-Jan-2024,20100,CE,1310,1375,1195,1356.6,21462.25,89,954.02,1750,-900,18-JAN-2024,
OPTIDX,NIFTY,18-Jan-2024,20150,CE,1380,1380,1304,1304,21462.25,3,32.25,200,0,18-JAN-2024,
OPTIDX,NIFTY,18-Jan-2024,20200,CE,1232,1317,1105,1252.85,21462.25,44,471.89,850,-700,18-JAN-2024,
OPTIDX,NIFTY,18-Jan-2024,20250,CE,1125,1223,1045.9,1199.6,21462.25,40,428.24,650,-950,18-JAN-2024,
OPTIDX,NIFTY,18-Jan-2024,20300,CE,1070,1181.35,1034.6,1159.4,21462.25,30,321.67,650,0,18-JAN-2024,
OPTIDX,NIFTY,18-Jan-2024,20350,CE,1054.05,1109.05,975.7,1105.2,21462.25,12,128.53,700,0,18-JAN-2024,
OPTIDX,NIFTY,18-Jan-2024,20400,CE,1024.6,1109.6,908.3,1051.95,21462.25,80,857.82,1400,-1050,18-JAN-2024,
OPTIDX,NIFTY,18-Jan-2024,20450,CE,982.25,1017.1,980,1008.75,21462.25,53,568.45,1300,-50,18-JAN-2024,
OPTIDX,NIFTY,18-Jan-2024,20500,CE,968.25,1020.9,795,958.55,21462.25,2219,23785.9,8700,-28100,18-JAN-2024,
OPTIDX,NIFTY,18-Jan-2024,20550,CE,880.2,936.25,759.25,902.6,21462.25,155,1660.52,1600,-3150,18-JAN-2024,
OPTIDX,NIFTY,18-Jan-2024,20600,CE,834.85,927.1,697.3,857.1,21462.25,242,2592,3200,-3650,18-JAN-2024,
OPTIDX,NIFTY,18-Jan-2024,20650,CE,793.55,813.55,658.3,807.15,21462.25,56,600.49,650,650,18-JAN-2024,
OPTIDX,NIFTY,18-Jan-2024,20700,CE,753.35,824.95,593,758.4,21462.25,262,2807.11,2550,-1450,18-JAN-2024,
OPTIDX,NIFTY,18-Jan-2024,20750,CE,720.15,752.15,550.35,708,21462.25,168,1801.6,1500,-50,18-JAN-2024,
OPTIDX,NIFTY,18-Jan-2024,20800,CE,629.8,710.8,494.6,657.9,21462.25,756,8099.28,3650,-6500,18-JAN-2024,
OPTIDX,NIFTY,18-Jan-2024,20850,CE,594.45,671,450.9,608.85,21462.25,374,4006.3,3500,700,18-JAN-2024,
OPTIDX,NIFTY,18-Jan-2024,20900,CE,560,622.2,395.6,558.4,21462.25,1566,16770.94,10900,-10100,18-JAN-2024,
OPTIDX,NIFTY,18-Jan-2024,20950,CE,521.55,574.9,344.95,508.3,21462.25,1669,17864.88,4800,2050,18-JAN-2024,
OPTIDX,NIFTY,18-Jan-2024,21000,CE,459.45,525.8,296.6,458.1,21462.25,69645,745692.79,49500,-91700,18-JAN-2024,
OPTIDX,NIFTY,18-Jan-2024,21050,CE,406.25,476.3,249.1,407.95,21462.25,4415,47274.99,9850,5100,18-JAN-2024,
OPTIDX,NIFTY,18-Jan-2024,21100,CE,360.85,426.45,203.45,358.25,21462.25,41530,444204.09,50350,26150,18-JAN-2024,
OPTIDX,NIFTY,18-Jan-2024,21150,CE,316.8,376.1,160.4,307.65,21462.25,42968,459551.26,50500,37100,18-JAN-2024,
OPTIDX,NIFTY,18-Jan-2024,21200,CE,254.05,328.45,120.6,258.2,21462.25,400968,4290011.78,232650,187250,18-JAN-2024,
OPTIDX,NIFTY,18-Jan-2024,21250,CE,208.8,278.75,84.65,207.5,21462.25,519581,5560042.24,296900,280500,18-JAN-2024,
OPTIDX,NIFTY,18-Jan-2024,21300,CE,160,229.25,54.6,157.35,21462.25,3233773,34630881.71,724150,618250,18-JAN-2024,
OPTIDX,NIFTY,18-Jan-2024,21350,CE,113.7,180,31.6,107.25,21462.25,4528994,48535026.81,614600,577650,18-JAN-2024,
OPTIDX,NIFTY,18-Jan-2024,21400,CE,98.2,131.25,16.65,57.35,21462.25,16842757,180706501.13,4981050,4714200,18-JAN-2024,
OPTIDX,NIFTY,18-Jan-2024,21450,CE,60.15,84.5,2.6,8.15,21462.25,42538495,456667774.55,14408950,14043750,18-JAN-2024,
OPTIDX,NIFTY,18-Jan-2024,21500,CE,42.15,50.4,0.05,0.3,21462.25,44551705,479205534.72,18583900,17082350,18-JAN-2024,
OPTIDX,NIFTY,18-Jan-2024,21550,CE,29.2,30.5,0.05,0.2,21462.25,23969032,258360724.29,5976050,4297350,18-JAN-2024,
OPTIDX,NIFTY,18-Jan-2024,21600,CE,20.2,24.9,0.05,0.15,21462.25,18128124,195830105.17,8409350,1771950,18-JAN-2024,
OPTIDX,NIFTY,18-Jan-2024,21650,CE,14.7,14.7,0.05,0.1,21462.25,10008899,108361682.95,4222050,-440050,18-JAN-2024,
OPTIDX,NIFTY,18-Jan-2024,21700,CE,7.95,7.95,0.05,0.1,21462.25,9811724,106466944.81,7541450,-2595350,18-JAN-2024,
OPTIDX,NIFTY,18-Jan-2024,21750,CE,9,9,0.05,0.1,21462.25,5865290,63789495.7,4759150,-1258550,18-JAN-2024,
OPTIDX,NIFTY,18-Jan-2024,21800,CE,4.9,4.9,0.05,0.1,21462.25,8825521,96203744.8,8864300,-5085150,18-JAN-2024,
OPTIDX,NIFTY,18-Jan-2024,21850,CE,4.65,4.65,0.05,0.1,21462.25,3740336,40865169.87,4476550,-2368850,18-JAN-2024,
OPTIDX,NIFTY,18-Jan-2024,21900,CE,3.65,3.65,0.05,0.1,21462.25,4743392,51942350.23,5545000,-2508600,18-JAN-2024,
OPTIDX,NIFTY,18-Jan-2024,21950,CE,2,2.65,0.05,0.1,21462.25,2338542,25666529.97,2895400,-2016450,18-JAN-2024,
OPTIDX,NIFTY,18-Jan-2024,22000,CE,1.8,2.1,0.05,0.1,21462.25,5418112,59601397.72,9230400,-2494050,18-JAN-2024,
OPTIDX,NIFTY,18-Jan-2024,22050,CE,2,2.5,0.05,0.1,21462.25,1714321,18900993.33,2736400,-1508850,18-JAN-2024,
OPTIDX,NIFTY,18-Jan-2024,22100,CE,0.95,2.05,0.05,0.1,21462.25,3576200,39518282.14,5929850,-4923200,18-JAN-2024,
OPTIDX,NIFTY,18-Jan-2024,22150,CE,1.8,2.85,0.05,0.1,21462.25,1336709,14804542.38,3429250,-391200,18-JAN-2024,
OPTIDX,NIFTY,18-Jan-2024,22200,CE,1.2,1.5,0.05,0.05,21462.25,2561025,28428253.5,5454850,-2812600,18-JAN-2024,
OPTIDX,NIFTY,18-Jan-2024,22250,CE,1.7,1.8,0.05,0.05,21462.25,707791,7874399.12,2127450,-1818950,18-JAN-2024,
OPTIDX,NIFTY,18-Jan-2024,22300,CE,1.6,1.6,0.05,0.1,21462.25,1036619,11558603.44,4072700,-3232100,18-JAN-2024,
OPTIDX,NIFTY,18-Jan-2024,22350,CE,1.1,1.25,0.05,0.05,21462.25,432679,4835300.76,1495700,-726000,18-JAN-2024,
OPTIDX,NIFTY,18-Jan-2024,22400,CE,1.3,1.3,0.05,0.05,21462.25,785761,8800716.36,2380700,-2136950,18-JAN-2024,
OPTIDX,NIFTY,18-Jan-2024,22450,CE,1.35,1.35,0.05,0.05,21462.25,323795,3634674.18,2081200,-237250,18-JAN-2024,
OPTIDX,NIFTY,18-Jan-2024,22500,CE,0.75,1.2,0.05,0.05,21462.25,1416155,15932061.56,7498550,-2285100,18-JAN-2024,
OPTIDX,NIFTY,18-Jan-2024,22550,CE,1.3,1.3,0.05,0.05,21462.25,605538,6827555.89,5066650,2366250,18-JAN-2024,
OPTIDX,NIFTY,18-Jan-2024,22600,CE,1.15,1.2,0.05,0.05,21462.25,411680,4652066.36,1556000,-2133000,18-JAN-2024,
OPTIDX,NIFTY,18-Jan-2024,22650,CE,1.1,1.25,0.05,0.05,21462.25,167678,1898979.05,871100,-463300,18-JAN-2024,
OPTIDX,NIFTY,18-Jan-2024,22700,CE,0.5,1.1,0.05,0.05,21462.25,571862,6490712.82,3241000,-1715150,18-JAN-2024,
OPTIDX,NIFTY,18-Jan-2024,22750,CE,1.3,1.3,0.05,0.05,21462.25,120248,1367836.64,639250,-332350,18-JAN-2024,
OPTIDX,NIFTY,18-Jan-2024,22800,CE,0.95,0.95,0.05,0.05,21462.25,310310,3537581.48,2002850,-1596600,18-JAN-2024,
OPTIDX,NIFTY,18-Jan-2024,22850,CE,1.05,1.4,0.05,0.05,21462.25,73318,837668.2,366550,-375600,18-JAN-2024,
OPTIDX,NIFTY,18-Jan-2024,22900,CE,1,1,0.05,0.05,21462.25,186892,2139935.93,990250,-430600,18-JAN-2024,
OPTIDX,NIFTY,18-Jan-2024,22950,CE,0.15,1.2,0.05,0.1,21462.25,53133,609707.87,321850,5350,18-JAN-2024,
OPTIDX,NIFTY,18-Jan-2024,23000,CE,0.65,0.75,0.05,0.05,21462.25,369794,4252682.69,4171100,-3664750,18-JAN-2024,
OPTIDX,NIFTY,18-Jan-2024,23050,CE,1.05,1.1,0.05,0.05,21462.25,42874,494127.19,749750,-89500,18-JAN-2024,
OPTIDX,NIFTY,18-Jan-2024,23100,CE,0.8,0.8,0.05,0.05,21462.25,251325,2902823.46,2892400,-678600,18-JAN-2024,
OPTIDX,NIFTY,18-Jan-2024,23150,CE,1.05,1.05,0.05,0.05,21462.25,22509,260543.36,186900,-48650,18-JAN-2024,
OPTIDX,NIFTY,18-Jan-2024,23200,CE,1.05,1.05,0.05,0.05,21462.25,90029,1044343.14,1031450,-388100,18-JAN-2024,
OPTIDX,NIFTY,18-Jan-2024,23250,CE,1.5,1.5,0.05,0.1,21462.25,12571,146138.98,241650,-4650,18-JAN-2024,
OPTIDX,NIFTY,18-Jan-2024,23300,CE,0.7,0.7,0.05,0.05,21462.25,79220,922919.32,1377700,-330400,18-JAN-2024,
OPTIDX,NIFTY,18-Jan-2024,23350,CE,1.2,1.45,0.05,0.05,21462.25,12558,146615.72,89900,-84200,18-JAN-2024,
OPTIDX,NIFTY,18-Jan-2024,23400,CE,0.5,1.3,0.05,0.05,21462.25,57067,667689.67,1268750,-676200,18-JAN-2024,
OPTIDX,NIFTY,18-Jan-2024,23450,CE,0.5,0.65,0.05,0.05,21462.25,41952,491890.69,564550,-186800,18-JAN-2024,
OPTIDX,NIFTY,18-Jan-2024,23500,CE,0.8,0.8,0.05,0.05,21462.25,136067,1598799.31,374600,-1493800,18-JAN-2024,
OPTIDX,NIFTY,18-Jan-2024,23550,CE,0.55,0.95,0.05,0.1,21462.25,10112,119069.68,81650,-26150,18-JAN-2024,
OPTIDX,NIFTY,18-Jan-2024,23600,CE,0.95,0.95,0.05,0.05,21462.25,16040,189273.2,209950,-84450,18-JAN-2024,
OPTIDX,NIFTY,18-Jan-2024,23650,CE,0.75,0.8,0.05,0.1,21462.25,16197,191530.79,132650,-39450,18-JAN-2024,
OPTIDX,NIFTY,18-Jan-2024,23700,CE,0.65,0.7,0.05,0.05,21462.25,13805,163590.43,151100,-16450,18-JAN-2024,
OPTIDX,NIFTY,18-Jan-2024,23750,CE,0.8,0.8,0.05,0.1,21462.25,8897,105652.57,92650,-39700,18-JAN-2024,
OPTIDX,NIFTY,18-Jan-2024,23800,CE,0.75,0.75,0.05,0.05,21462.25,26126,310901.64,242100,-132750,18-JAN-2024,
OPTIDX,NIFTY,18-Jan-2024,23850,CE,0.9,0.9,0.05,0.1,21462.25,68396,815628.91,839550,94100,18-JAN-2024,
OPTIDX,NIFTY,18-Jan-2024,19650,PE,0.2,0.35,0.05,0.05,21462.25,216112,2123322.64,1752400,-594700,18-JAN-2024,
OPTIDX,NIFTY,18-Jan-2024,19700,PE,0.25,0.4,0.05,0.05,21462.25,91079,897138.8,1232150,-471250,18-JAN-2024,
OPTIDX,NIFTY,18-Jan-2024,19750,PE,0.35,0.4,0.05,0.1,21462.25,27983,276335.61,156200,-22550,18-JAN-2024,
OPTIDX,NIFTY,18-Jan-2024,19800,PE,0.3,0.65,0.05,0.1,21462.25,48429,479452.89,769600,-156350,18-JAN-2024,
OPTIDX,NIFTY,18-Jan-2024,19850,PE,0.3,0.4,0.05,0.1,21462.25,16520,163963.06,110050,32150,18-JAN-2024,
OPTIDX,NIFTY,18-Jan-2024,19900,PE,0.35,0.5,0.05,0.05,21462.25,38172,379817.23,382450,16500,18-JAN-2024,
OPTIDX,NIFTY,18-Jan-2024,19950,PE,0.5,1,0.05,0.1,21462.25,35263,351754.2,60300,35850,18-JAN-2024,
OPTIDX,NIFTY,18-Jan-2024,20000,PE,0.3,0.55,0.05,0.05,21462.25,326457,3264614.23,1844900,-115300,18-JAN-2024,
OPTIDX,NIFTY,18-Jan-2024,20050,PE,0.25,0.5,0.05,0.05,21462.25,65149,653128.27,227350,172200,18-JAN-2024,
OPTIDX,NIFTY,18-Jan-2024,20100,PE,0.35,0.55,0.05,0.05,21462.25,116836,1174219.24,448000,242100,18-JAN-2024,
OPTIDX,NIFTY,18-Jan-2024,20150,PE,0.45,0.9,0.05,0.05,21462.25,121089,1219993.06,118700,32750,18-JAN-2024,
OPTIDX,NIFTY,18-Jan-2024,20200,PE,0.35,0.55,0.05,0.05,21462.25,184482,1863299.72,581950,323700,18-JAN-2024,
OPTIDX,NIFTY,18-Jan-2024,20250,PE,0.3,0.8,0.05,0.05,21462.25,145790,1476146.94,606000,479200,18-JAN-2024,
OPTIDX,NIFTY,18-Jan-2024,20300,PE,0.35,0.6,0.05,0.05,21462.25,217007,2202661.52,459400,237350,18-JAN-2024,
OPTIDX,NIFTY,18-Jan-2024,20350,PE,0.3,0.65,0.05,0.1,21462.25,166986,1699118.64,233050,146700,18-JAN-2024,
OPTIDX,NIFTY,18-Jan-2024,20400,PE,0.6,0.7,0.05,0.1,21462.25,362593,3698526.49,1010250,721250,18-JAN-2024,
OPTIDX,NIFTY,18-Jan-2024,20450,PE,0.45,0.8,0.05,0.1,21462.25,235245,2405434.33,384150,253500,18-JAN-2024,
OPTIDX,NIFTY,18-Jan-2024,20500,PE,0.95,0.95,0.05,0.1,21462.25,1929294,19775714.44,4647100,2512100,18-JAN-2024,
OPTIDX,NIFTY,18-Jan-2024,20550,PE,0.45,0.85,0.05,0.1,21462.25,361664,3716187.39,548000,426550,18-JAN-2024,
OPTIDX,NIFTY,18-Jan-2024,20600,PE,1.25,1.35,0.05,0.1,21462.25,1230450,12673980.11,1708150,423400,18-JAN-2024,
OPTIDX,NIFTY,18-Jan-2024,20650,PE,0.4,1.05,0.05,0.1,21462.25,956977,9881091.46,993800,714050,18-JAN-2024,
OPTIDX,NIFTY,18-Jan-2024,20700,PE,0.5,1.15,0.05,0.1,21462.25,2336383,24182368.15,5014600,3852050,18-JAN-2024,
OPTIDX,NIFTY,18-Jan-2024,20750,PE,1,1.3,0.05,0.1,21462.25,1351235,14019591.89,2920500,2467350,18-JAN-2024,
OPTIDX,NIFTY,18-Jan-2024,20800,PE,0.75,1.55,0.05,0.1,21462.25,3561082,37036795.97,8420900,7008500,18-JAN-2024,
OPTIDX,NIFTY,18-Jan-2024,20850,PE,0.5,6,0.05,0.1,21462.25,2343003,24427019.28,5800850,5231250,18-JAN-2024,
OPTIDX,NIFTY,18-Jan-2024,20900,PE,1,2.65,0.05,0.1,21462.25,4895103,51156656.91,9889700,7139100,18-JAN-2024,
OPTIDX,NIFTY,18-Jan-2024,20950,PE,1.5,3.8,0.05,0.1,21462.25,3227534,33810729.71,3471100,2919950,18-JAN-2024,
OPTIDX,NIFTY,18-Jan-2024,21000,PE,4.5,5.75,0.05,0.1,21462.25,8818516,92602112.66,8512750,-1072000,18-JAN-2024,
OPTIDX,NIFTY,18-Jan-2024,21050,PE,4.9,8.3,0.05,0.1,21462.25,5445616,57322752.74,2202700,-93100,18-JAN-2024,
OPTIDX,NIFTY,18-Jan-2024,21100,PE,4,12.9,0.05,0.1,21462.25,7839283,82719165.89,5283300,707800,18-JAN-2024,
OPTIDX,NIFTY,18-Jan-2024,21150,PE,2.95,20.1,0.05,0.1,21462.25,8107277,85757084.61,2711350,741950,18-JAN-2024,
OPTIDX,NIFTY,18-Jan-2024,21200,PE,11.65,32,0.05,0.1,21462.25,13674408,144999307.91,6293050,1774450,18-JAN-2024,
OPTIDX,NIFTY,18-Jan-2024,21250,PE,15,47,0.05,0.15,21462.25,12624337,134196325.71,5876450,3960450,18-JAN-2024,
OPTIDX,NIFTY,18-Jan-2024,21300,PE,30,67,0.05,0.15,21462.25,21713676,231398215.38,8581400,3188000,18-JAN-2024,
OPTIDX,NIFTY,18-Jan-2024,21350,PE,40,94.05,0.05,0.2,21462.25,21858664,233504350.77,5810750,2804400,18-JAN-2024,
OPTIDX,NIFTY,18-Jan-2024,21400,PE,59,128.8,0.05,0.25,21462.25,38994058,417572109.47,17047650,11674100,18-JAN-2024,
OPTIDX,NIFTY,18-Jan-2024,21450,PE,68.95,169.9,0.05,1.7,21462.25,47044384,504965361.05,30085000,27262750,18-JAN-2024,
OPTIDX,NIFTY,18-Jan-2024,21500,PE,100,215.65,20.7,42.9,21462.25,16828651,181408916.87,4666800,-1911850,18-JAN-2024,
OPTIDX,NIFTY,18-Jan-2024,21550,PE,130,263.5,47.9,93.2,21462.25,3328224,36026120.99,980600,-1665550,18-JAN-2024,
OPTIDX,NIFTY,18-Jan-2024,21600,PE,164.7,312.15,86.1,142.65,21462.25,1838350,19994325.25,867300,-3052800,18-JAN-2024,
OPTIDX,NIFTY,18-Jan-2024,21650,PE,209,361.55,129.25,192.5,21462.25,319572,3492120.86,332200,-1178400,18-JAN-2024,
OPTIDX,NIFTY,18-Jan-2024,21700,PE,259.7,410.75,176.6,241.7,21462.25,280748,3082372.97,534500,-1770300,18-JAN-2024,
OPTIDX,NIFTY,18-Jan-2024,21750,PE,250,460.3,225,292.3,21462.25,54798,604419.88,525750,-486350,18-JAN-2024,
OPTIDX,NIFTY,18-Jan-2024,21800,PE,355.65,510.65,274.35,342.15,21462.25,131101,1453126.01,2194650,-1645850,18-JAN-2024,
OPTIDX,NIFTY,18-Jan-2024,21850,PE,288.6,560.5,288.6,390.9,21462.25,21504,239392.48,1141500,-468350,18-JAN-2024,
OPTIDX,NIFTY,18-Jan-2024,21900,PE,498.1,609.95,373.45,442.6,21462.25,30329,339127.84,707750,-540750,18-JAN-2024,
OPTIDX,NIFTY,18-Jan-2024,21950,PE,463.65,660.1,423.25,491,21462.25,11513,129430.41,465700,-254700,18-JAN-2024,
OPTIDX,NIFTY,18-Jan-2024,22000,PE,530,710.05,474.45,541.45,21462.25,63098,712072.23,561900,-1452600,18-JAN-2024,
OPTIDX,NIFTY,18-Jan-2024,22050,PE,563.65,759,522.3,596.4,21462.25,23170,262410.03,380200,-523950,18-JAN-2024,
OPTIDX,NIFTY,18-Jan-2024,22100,PE,647,809.25,573.95,641,21462.25,41839,476116.2,962900,-944700,18-JAN-2024,
OPTIDX,NIFTY,18-Jan-2024,22150,PE,688.65,856.2,623.95,692.6,21462.25,10610,121210.86,651750,-341400,18-JAN-2024,
OPTIDX,NIFTY,18-Jan-2024,22200,PE,745,908.1,675,742.15,21462.25,17441,200066.79,300650,-465650,18-JAN-2024,
OPTIDX,NIFTY,18-Jan-2024,22250,PE,790.8,947.1,746.05,790.4,21462.25,2286,26337.87,217200,-11250,18-JAN-2024,
OPTIDX,NIFTY,18-Jan-2024,22300,PE,835.2,1003.95,775,842.75,21462.25,5345,61881.57,430550,-81700,18-JAN-2024,
OPTIDX,NIFTY,18-Jan-2024,22350,PE,919.25,1049.55,827.65,897,21462.25,258,3000.65,80550,-6350,18-JAN-2024,
OPTIDX,NIFTY,18-Jan-2024,22400,PE,847.3,1090,847.3,938.35,21462.25,1184,13819.48,58850,-14200,18-JAN-2024,
OPTIDX,NIFTY,18-Jan-2024,22450,PE,1016.9,1062,943.9,990.65,21462.25,22,258.05,5350,-350,18-JAN-2024,
OPTIDX,NIFTY,18-Jan-2024,22500,PE,1049.6,1205,978,1045,21462.25,750,8832.68,21400,-14500,18-JAN-2024,
OPTIDX,NIFTY,18-Jan-2024,22550,PE,1121.8,1161.65,1074.1,1096.9,21462.25,56,662.03,2900,-850,18-JAN-2024,
OPTIDX,NIFTY,18-Jan-2024,22600,PE,1144.35,1305,1126.95,1143.4,21462.25,107,1272.35,2800,-650,18-JAN-2024,
OPTIDX,NIFTY,18-Jan-2024,22650,PE,0,0,0,531.6,21462.25,0,0,150,0,18-JAN-2024,
OPTIDX,NIFTY,18-Jan-2024,22700,PE,1278.15,1304.7,1201.4,1247.35,21462.25,93,1112.17,3150,450,18-JAN-2024,
OPTIDX,NIFTY,18-Jan-2024,22750,PE,0,0,0,945.1,21462.25,0,0,450,0,18-JAN-2024,
OPTIDX,NIFTY,18-Jan-2024,22800,PE,1355.9,1510.45,1302,1331.3,21462.25,18,217.45,1200,150,18-JAN-2024,
OPTIDX,NIFTY,18-Jan-2024,22850,PE,0,0,0,1027.9,21462.25,0,0,250,0,18-JAN-2024,
OPTIDX,NIFTY,18-Jan-2024,22900,PE,1504.3,1513.2,1427.65,1441,21462.25,28,341.06,750,-100,18-JAN-2024,
OPTIDX,NIFTY,18-Jan-2024,22950,PE,0,0,0,1266.45,21462.25,0,0,200,0,18-JAN-2024,
OPTIDX,NIFTY,18-Jan-2024,23000,PE,1566.25,1682.15,1475.8,1540.4,21462.25,146,1791.55,7800,-2100,18-JAN-2024,
OPTIDX,NIFTY,18-Jan-2024,23050,PE,0,0,0,1725.6,21462.25,0,0,0,0,18-JAN-2024,
OPTIDX,NIFTY,18-Jan-2024,23100,PE,0,0,0,1773.25,21462.25,0,0,0,0,18-JAN-2024,
OPTIDX,NIFTY,18-Jan-2024,23150,PE,0,0,0,1361.4,21462.25,0,0,50,0,18-JAN-2024,
OPTIDX,NIFTY,18-Jan-2024,23200,PE,0,0,0,1869.15,21462.25,0,0,0,0,18-JAN-2024,
OPTIDX,NIFTY,18-Jan-2024,23250,PE,1793.45,1799.05,1793.45,1796.25,21462.25,4,50.09,100,0,18-JAN-2024,
OPTIDX,NIFTY,18-Jan-2024,23300,PE,0,0,0,1271.65,21462.25,0,0,50,0,18-JAN-2024,
OPTIDX,NIFTY,18-Jan-2024,23350,PE,0,0,0,2014.2,21462.25,0,0,0,0,18-JAN-2024,
OPTIDX,NIFTY,18-Jan-2024,23400,PE,0,0,0,2062.8,21462.25,0,0,0,0,18-JAN-2024,
OPTIDX,NIFTY,18-Jan-2024,23450,PE,2004.35,2004.35,1992.6,1998.5,21462.25,2,25.44,100,-50,18-JAN-2024,
OPTIDX,NIFTY,18-Jan-2024,23500,PE,0,0,0,2160.35,21462.25,0,0,0,0,18-JAN-2024,
OPTIDX,NIFTY,18-Jan-2024,23550,PE,0,0,0,1800,21462.25,0,0,50,0,18-JAN-2024,
OPTIDX,NIFTY,18-Jan-2024,23600,PE,0,0,0,2258.25,21462.25,0,0,0,0,18-JAN-2024,
OPTIDX,NIFTY,18-Jan-2024,23650,PE,0,0,0,2307.35,21462.25,0,0,0,0,18-JAN-2024,
OPTIDX,NIFTY,18-Jan-2024,23700,PE,0,0,0,2356.45,21462.25,0,0,0,0,18-JAN-2024,
OPTIDX,NIFTY,18-Jan-2024,23750,PE,0,0,0,2405.65,21462.25,0,0,0,0,18-JAN-2024,
OPTIDX,NIFTY,18-Jan-2024,23800,PE,0,0,0,2454.9,21462.25,0,0,0,0,18-JAN-2024,
OPTIDX,NIFTY,18-Jan-2024,23850,PE,0,0,0,2504.2,21462.25,0,0,0,0,18-JAN-2024,
OPTIDX,NIFTY,25-Jan-2024,17350,CE,0,0,0,4400,4134.7,0,0,200,0,18-JAN-2024,
OPTIDX,NIFTY,25-Jan-2024,17400,CE,0,0,0,4656.35,4084.75,0,0,14750,0,18-JAN-2024,
OPTIDX,NIFTY,25-Jan-2024,17450,CE,0,0,0,1783.7,4034.8,0,0,0,0,18-JAN-2024,
OPTIDX,NIFTY,25-Jan-2024,17500,CE,3964.4,4032.25,3829.2,4025.8,4025.8,89,953.06,90100,-1250,18-JAN-2024,
OPTIDX,NIFTY,25-Jan-2024,17550,CE,0,0,0,4050,3934.95,0,0,250,0,18-JAN-2024,
OPTIDX,NIFTY,25-Jan-2024,17600,CE,0,0,0,4148,3885,0,0,200,0,18-JAN-2024,
OPTIDX,NIFTY,25-Jan-2024,17650,CE,0,0,0,1611.6,3835.1,0,0,0,0,18-JAN-2024,
OPTIDX,NIFTY,25-Jan-2024,17700,CE,0,0,0,1569.6,3785.15,0,0,0,0,18-JAN-2024,
OPTIDX,NIFTY,25-Jan-2024,17750,CE,0,0,0,4140.65,3735.2,0,0,2450,0,18-JAN-2024,
OPTIDX,NIFTY,25-Jan-2024,17800,CE,0,0,0,4223.4,3685.3,0,0,10400,0,18-JAN-2024,
OPTIDX,NIFTY,25-Jan-2024,17850,CE,0,0,0,3980,3635.35,0,0,150,0,18-JAN-2024,
OPTIDX,NIFTY,25-Jan-2024,17900,CE,0,0,0,3755,3585.4,0,0,7500,0,18-JAN-2024,
OPTIDX,NIFTY,25-Jan-2024,17950,CE,0,0,0,1366.1,3535.45,0,0,0,0,18-JAN-2024,
OPTIDX,NIFTY,25-Jan-2024,18000,CE,3480.65,3567,3315.9,3528.9,3528.9,615,6603.99,350350,-21250,18-JAN-2024,
OPTIDX,NIFTY,25-Jan-2024,18050,CE,0,0,0,3671,3435.6,0,0,50,0,18-JAN-2024,
OPTIDX,NIFTY,25-Jan-2024,18100,CE,3410,3410,3410,3410,3385.65,1,10.75,9700,-50,18-JAN-2024,
OPTIDX,NIFTY,25-Jan-2024,18150,CE,0,0,0,3700,3335.75,0,0,100,0,18-JAN-2024,
OPTIDX,NIFTY,25-Jan-2024,18200,CE,3313.5,3313.5,3293.95,3293.95,3293.95,3,32.25,13650,-100,18-JAN-2024,
OPTIDX,NIFTY,25-Jan-2024,18250,CE,0,0,0,1139.2,3235.85,0,0,0,0,18-JAN-2024,
OPTIDX,NIFTY,25-Jan-2024,18300,CE,3182.9,3206,3182.9,3206,3185.9,2,21.49,7600,-100,18-JAN-2024,
OPTIDX,NIFTY,25-Jan-2024,18350,CE,0,0,0,3575,3136,0,0,100,0,18-JAN-2024,
OPTIDX,NIFTY,25-Jan-2024,18400,CE,2950,2950,2950,2950,3086.05,2,21.35,8350,-100,18-JAN-2024,
OPTIDX,NIFTY,25-Jan-2024,18450,CE,0,0,0,3410,3036.1,0,0,150,0,18-JAN-2024,
OPTIDX,NIFTY,25-Jan-2024,18500,CE,2976.3,3066.75,2826,3039.5,3039.5,345,3705.6,166650,-14850,18-JAN-2024,
OPTIDX,NIFTY,25-Jan-2024,18550,CE,0,0,0,931.75,2936.25,0,0,0,0,18-JAN-2024,
OPTIDX,NIFTY,25-Jan-2024,18600,CE,2858.95,2991.6,2824.8,2991.6,2991.6,6,64.47,4900,0,18-JAN-2024,
OPTIDX,NIFTY,25-Jan-2024,18650,CE,0,0,0,867.95,2836.4,0,0,0,0,18-JAN-2024,
OPTIDX,NIFTY,25-Jan-2024,18700,CE,2768.3,2810,2750.15,2750.15,2786.45,26,278.9,3200,-1100,18-JAN-2024,
OPTIDX,NIFTY,25-Jan-2024,18750,CE,2779.55,2779.55,2776.75,2776.75,2776.75,6,64.58,550,0,18-JAN-2024,
OPTIDX,NIFTY,25-Jan-2024,18800,CE,2586,2586,2586,2586,2686.55,1,10.69,4000,-50,18-JAN-2024,
OPTIDX,NIFTY,25-Jan-2024,18850,CE,0,0,0,3050,2636.65,0,0,200,0,18-JAN-2024,
OPTIDX,NIFTY,25-Jan-2024,18900,CE,2563.45,2652.05,2563.45,2638.35,2638.35,7,75.3,2300,150,18-JAN-2024,
OPTIDX,NIFTY,25-Jan-2024,18950,CE,0,0,0,692.45,2536.75,0,0,0,0,18-JAN-2024,
OPTIDX,NIFTY,25-Jan-2024,19000,CE,2455.05,2562.1,2313.75,2523.95,2523.95,1693,18176.22,386550,-62400,18-JAN-2024,
OPTIDX,NIFTY,25-Jan-2024,19050,CE,0,0,0,2840.65,2436.9,0,0,50,0,18-JAN-2024,
OPTIDX,NIFTY,25-Jan-2024,19100,CE,2363.8,2448.05,2287.4,2396.3,2396.3,59,634.5,8900,-2850,18-JAN-2024,
OPTIDX,NIFTY,25-Jan-2024,19150,CE,0,0,0,2794.75,2337,0,0,50,0,18-JAN-2024,
OPTIDX,NIFTY,25-Jan-2024,19200,CE,2309.25,2353.25,2160,2304.9,2304.9,104,1116,10000,-2300,18-JAN-2024,
OPTIDX,NIFTY,25-Jan-2024,19250,CE,2190,2190,2190,2190,2237.15,1,10.72,550,-50,18-JAN-2024,
OPTIDX,NIFTY,25-Jan-2024,19300,CE,2110,2205.45,2110,2205.45,2205.45,2,21.45,11350,0,18-JAN-2024,
OPTIDX,NIFTY,25-Jan-2024,19350,CE,0,0,0,2350,2137.3,0,0,10000,0,18-JAN-2024,
OPTIDX,NIFTY,25-Jan-2024,19400,CE,2057.05,2127,2035,2116.2,2116.2,10,107.33,14500,-250,18-JAN-2024,
OPTIDX,NIFTY,25-Jan-2024,19450,CE,0,0,0,2146.2,2037.4,0,0,800,0,18-JAN-2024,
OPTIDX,NIFTY,25-Jan-2024,19500,CE,1970.55,2069.3,1821.05,2023.5,2023.5,924,9921.95,220850,-19750,18-JAN-2024,
OPTIDX,NIFTY,25-Jan-2024,19550,CE,1787.2,1948.6,1767.45,1948.6,1948.6,7,75.01,6150,0,18-JAN-2024,
OPTIDX,NIFTY,25-Jan-2024,19600,CE,1908,1936.85,1720,1929.5,1929.5,48,514.64,21550,400,18-JAN-2024,
OPTIDX,NIFTY,25-Jan-2024,19650,CE,0,0,0,2138.65,1837.65,0,0,300,0,18-JAN-2024,
OPTIDX,NIFTY,25-Jan-2024,19700,CE,1770,1858.15,1620.2,1825.55,1825.55,182,1952.92,32750,200,18-JAN-2024,
OPTIDX,NIFTY,25-Jan-2024,19750,CE,1635.6,1743,1635.6,1743,1743,4,42.92,1450,100,18-JAN-2024,
OPTIDX,NIFTY,25-Jan-2024,19800,CE,1651.05,1754.25,1538.6,1734.05,1734.05,227,2433.93,48150,-2900,18-JAN-2024,
OPTIDX,NIFTY,25-Jan-2024,19850,CE,1526.95,1526.95,1526.95,1526.95,1637.95,1,10.68,2150,0,18-JAN-2024,
OPTIDX,NIFTY,25-Jan-2024,19900,CE,1561.95,1654.85,1440,1629,1629,63,676.21,27600,-600,18-JAN-2024,
OPTIDX,NIFTY,25-Jan-2024,19950,CE,0,0,0,1730,1538.05,0,0,2700,0,18-JAN-2024,
OPTIDX,NIFTY,25-Jan-2024,20000,CE,1126.6,1573.65,1126.6,1529.45,1529.45,2707,29064.12,550600,-47400,18-JAN-2024,
OPTIDX,NIFTY,25-Jan-2024,20050,CE,1420,1492.25,1295,1485,1485,98,1051.95,11050,4700,18-JAN-2024,
OPTIDX,NIFTY,25-Jan-2024,20100,CE,1383.3,1447.8,1225,1406.2,1406.2,176,1887.91,45350,750,18-JAN-2024,
OPTIDX,NIFTY,25-Jan-2024,20150,CE,1300,1390,1200,1384.95,1384.95,32,343.14,2650,1200,18-JAN-2024,
OPTIDX,NIFTY,25-Jan-2024,20200,CE,1245,1355,1149,1332.25,1332.25,221,2371.12,57700,-2300,18-JAN-2024,
OPTIDX,NIFTY,25-Jan-2024,20250,CE,1178.35,1300,1108.6,1285.65,1285.65,53,568.52,17500,250,18-JAN-2024,
OPTIDX,NIFTY,25-Jan-2024,20300,CE,1168,1275,1027.35,1237.85,1237.85,134,1436.5,47050,-100,18-JAN-2024,
OPTIDX,NIFTY,25-Jan-2024,20350,CE,1072.4,1155.05,1072.4,1153.25,1153.25,28,300.86,7550,-500,18-JAN-2024,
OPTIDX,NIFTY,25-Jan-2024,20400,CE,1082.65,1174.1,937.3,1131.35,1131.35,294,3157.32,60600,-4400,18-JAN-2024,
OPTIDX,NIFTY,25-Jan-2024,20450,CE,880,1121.05,880,1061,1038.9,36,386.98,3150,-50,18-JAN-2024,
OPTIDX,NIFTY,25-Jan-2024,20500,CE,998.85,1081,843.4,1039.8,1039.8,3701,39726.15,430850,-31200,18-JAN-2024,
OPTIDX,NIFTY,25-Jan-2024,20550,CE,889.75,1005,794.35,996.95,996.95,181,1939.75,8350,3550,18-JAN-2024,
OPTIDX,NIFTY,25-Jan-2024,20600,CE,870.05,983.1,749.3,930.65,930.65,522,5599.23,61550,2850,18-JAN-2024,
OPTIDX,NIFTY,25-Jan-2024,20650,CE,855.85,928.4,704.15,899.35,899.35,252,2701.47,6750,850,18-JAN-2024,
OPTIDX,NIFTY,25-Jan-2024,20700,CE,800,880.85,660.3,835,835,1009,10833.81,65700,1300,18-JAN-2024,
OPTIDX,NIFTY,25-Jan-2024,20750,CE,719.6,832.35,616.5,798.25,798.25,356,3817.44,11350,1400,18-JAN-2024,
OPTIDX,NIFTY,25-Jan-2024,20800,CE,700.05,785.05,573.9,743.4,743.4,2612,28067.22,170150,40800,18-JAN-2024,
OPTIDX,NIFTY,25-Jan-2024,20850,CE,624.65,737.8,531.85,698.45,698.45,1096,11762.97,17350,8150,18-JAN-2024,
OPTIDX,NIFTY,25-Jan-2024,20900,CE,628.2,697.35,491.5,650.55,650.55,1646,17689.62,79600,7650,18-JAN-2024,
OPTIDX,NIFTY,25-Jan-2024,20950,CE,587.45,640.3,451.6,615.1,615.1,1314,14123.63,29750,20500,18-JAN-2024,
OPTIDX,NIFTY,25-Jan-2024,21000,CE,521.2,604.35,413.55,559.8,559.8,26985,290290.56,799250,99600,18-JAN-2024,
OPTIDX,NIFTY,25-Jan-2024,21050,CE,489.65,555.55,376.25,515.2,515.2,1911,20549.82,39500,12250,18-JAN-2024,
OPTIDX,NIFTY,25-Jan-2024,21100,CE,451.2,515.7,340.9,470.85,470.85,9390,101022.54,204900,-14550,18-JAN-2024,
OPTIDX,NIFTY,25-Jan-2024,21150,CE,391.65,472.55,306.8,434.15,434.15,4733,50954.59,58650,11450,18-JAN-2024,
OPTIDX,NIFTY,25-Jan-2024,21200,CE,396,432.8,274.5,386,386,36722,395707.47,370700,79800,18-JAN-2024,
OPTIDX,NIFTY,25-Jan-2024,21250,CE,330.05,392.65,244.1,350.2,350.2,13918,150036.42,67950,22300,18-JAN-2024,
OPTIDX,NIFTY,25-Jan-2024,21300,CE,300,355.85,215.2,311.1,311.1,174435,1881598.74,635100,316100,18-JAN-2024,
OPTIDX,NIFTY,25-Jan-2024,21350,CE,282.7,320,188.6,275.4,275.4,75388,813938.05,171500,120850,18-JAN-2024,
OPTIDX,NIFTY,25-Jan-2024,21400,CE,255,286.5,162.8,241.5,241.5,585896,6333747.51,2065300,1585850,18-JAN-2024,
OPTIDX,NIFTY,25-Jan-2024,21450,CE,248.5,254.85,140.85,211.85,211.85,240195,2599947.34,664900,603550,18-JAN-2024,
OPTIDX,NIFTY,25-Jan-2024,21500,CE,190,224.8,119.2,183.35,183.35,938714,10171386.58,4404250,2788300,18-JAN-2024,
OPTIDX,NIFTY,25-Jan-2024,21550,CE,165.35,198,101.15,156.95,156.95,166522,1806772.62,743000,479750,18-JAN-2024,
OPTIDX,NIFTY,25-Jan-2024,21600,CE,152.35,172.55,84.8,132.2,132.2,581258,6314013.72,3797000,1969800,18-JAN-2024,
OPTIDX,NIFTY,25-Jan-2024,21650,CE,120,149.9,71,112.3,112.3,169273,1841337.33,1198850,478300,18-JAN-2024,
OPTIDX,NIFTY,25-Jan-2024,21700,CE,101.85,129,58.05,93.6,93.6,622709,6784053.25,4500700,1056150,18-JAN-2024,
OPTIDX,NIFTY,25-Jan-2024,21750,CE,95.95,111,48.25,78.2,78.2,202612,2211010.97,1122500,478950,18-JAN-2024,
OPTIDX,NIFTY,25-Jan-2024,21800,CE,82,94.85,40.25,63.9,63.9,632393,6912331.07,4984150,1611700,18-JAN-2024,
OPTIDX,NIFTY,25-Jan-2024,21850,CE,80,80.4,33.65,52.35,52.35,157284,1722349.75,1073100,451050,18-JAN-2024,
OPTIDX,NIFTY,25-Jan-2024,21900,CE,61,66.9,28.05,43.05,43.05,379263,4160782.16,2779450,841850,18-JAN-2024,
OPTIDX,NIFTY,25-Jan-2024,21950,CE,45.15,56.45,23.55,35.95,35.95,103725,1140147.35,739200,251000,18-JAN-2024,
OPTIDX,NIFTY,25-Jan-2024,22000,CE,38.9,47,20,29.05,29.05,609173,6709554.53,6648200,2165100,18-JAN-2024,
OPTIDX,NIFTY,25-Jan-2024,22050,CE,34,39.1,16.75,23.85,23.85,108516,1197640.57,889400,257800,18-JAN-2024,
OPTIDX,NIFTY,25-Jan-2024,22100,CE,20,32.35,14.65,19.25,19.25,246522,2726451.12,2856250,659850,18-JAN-2024,
OPTIDX,NIFTY,25-Jan-2024,22150,CE,35.75,35.75,12.5,15.85,15.85,73818,818126.53,750000,303500,18-JAN-2024,
OPTIDX,NIFTY,25-Jan-2024,22200,CE,20.65,24.95,10.25,12.6,12.6,295763,3284911.24,3722300,1627700,18-JAN-2024,
OPTIDX,NIFTY,25-Jan-2024,22250,CE,22,22,8.75,10.6,10.6,84301,938321.74,800550,396500,18-JAN-2024,
OPTIDX,NIFTY,25-Jan-2024,22300,CE,16.05,17.95,7.25,8.45,8.45,292997,3268257.33,3974750,2502300,18-JAN-2024,
OPTIDX,NIFTY,25-Jan-2024,22350,CE,15,17.8,6.25,7.15,7.15,86701,969220.83,940250,523350,18-JAN-2024,
OPTIDX,NIFTY,25-Jan-2024,22400,CE,10,14.65,5.4,6,6,194829,2182743.37,2462500,1194600,18-JAN-2024,
OPTIDX,NIFTY,25-Jan-2024,22450,CE,10,12.3,4.85,5.25,5.25,58409,655814.59,586350,277200,18-JAN-2024,
OPTIDX,NIFTY,25-Jan-2024,22500,CE,10.05,11.5,4.4,4.75,4.75,332005,3735933.05,6531300,4025300,18-JAN-2024,
OPTIDX,NIFTY,25-Jan-2024,22550,CE,9.65,14.4,3.85,4.15,4.15,47396,534500.69,460950,266850,18-JAN-2024,
OPTIDX,NIFTY,25-Jan-2024,22600,CE,8.1,9,3.3,3.65,3.65,156627,1770193.17,2881500,1808650,18-JAN-2024,
OPTIDX,NIFTY,25-Jan-2024,22650,CE,8,8,2.95,3.15,3.15,29150,330174.97,534300,257300,18-JAN-2024,
OPTIDX,NIFTY,25-Jan-2024,22700,CE,6.95,6.95,2.65,2.95,2.95,109671,1244944.73,2223300,933650,18-JAN-2024,
OPTIDX,NIFTY,25-Jan-2024,22750,CE,5.6,5.9,2.45,2.75,2.75,17493,199008.87,368650,94300,18-JAN-2024,
OPTIDX,NIFTY,25-Jan-2024,22800,CE,4.5,6.95,2.1,2.55,2.55,104926,1196297.3,1804850,666900,18-JAN-2024,
OPTIDX,NIFTY,25-Jan-2024,22850,CE,4.55,5.05,1.9,2.45,2.45,14467,165305.71,195050,25150,18-JAN-2024,
OPTIDX,NIFTY,25-Jan-2024,22900,CE,4.7,7.4,2.15,2.45,2.45,33836,387465.97,765100,29200,18-JAN-2024,
OPTIDX,NIFTY,25-Jan-2024,22950,CE,4,4.95,2.05,2.3,2.3,12491,143350.35,184350,10800,18-JAN-2024,
OPTIDX,NIFTY,25-Jan-2024,23000,CE,3.95,4.9,1.95,2.2,2.2,187160,2152566.05,4318400,1569200,18-JAN-2024,
OPTIDX,NIFTY,25-Jan-2024,23050,CE,3.5,4.55,1.55,2,2,11521,132791.71,201150,15400,18-JAN-2024,
OPTIDX,NIFTY,25-Jan-2024,23100,CE,3.85,4,1.6,2,2,39943,461380.95,752350,489400,18-JAN-2024,
OPTIDX,NIFTY,25-Jan-2024,23150,CE,4.45,4.45,1.5,2,2,13203,152837.68,323000,150150,18-JAN-2024,
OPTIDX,NIFTY,25-Jan-2024,23200,CE,4.2,4.25,1.5,1.95,1.95,38165,442750.73,572200,264450,18-JAN-2024,
OPTIDX,NIFTY,25-Jan-2024,23250,CE,4.1,4.2,1.4,1.95,1.95,4643,53979.23,76400,34550,18-JAN-2024,
OPTIDX,NIFTY,25-Jan-2024,23300,CE,4.5,4.5,1.5,2.05,2.05,29363,342108.15,600400,298550,18-JAN-2024,
OPTIDX,NIFTY,25-Jan-2024,23350,CE,3.3,3.3,1.55,1.95,1.95,1379,16101.15,36200,5500,18-JAN-2024,
OPTIDX,NIFTY,25-Jan-2024,23400,CE,3.3,3.6,1.4,2,2,18040,211084.63,306050,221150,18-JAN-2024,
OPTIDX,NIFTY,25-Jan-2024,23450,CE,3.75,4.2,1.5,1.95,1.95,2763,32398.88,70850,19900,18-JAN-2024,
OPTIDX,NIFTY,25-Jan-2024,23500,CE,3.8,3.8,1.45,1.95,1.95,136663,1605923.22,2805300,2361000,18-JAN-2024,
OPTIDX,NIFTY,25-Jan-2024,23550,CE,2.9,3.45,1.1,1.9,1.9,2767,32584.04,49900,10150,18-JAN-2024,
OPTIDX,NIFTY,25-Jan-2024,23600,CE,3.8,3.95,1.45,1.85,1.85,10156,119849.97,215500,38350,18-JAN-2024,
OPTIDX,NIFTY,25-Jan-2024,23650,CE,2.9,3.45,1.35,1.95,1.95,2062,24385.04,44800,20750,18-JAN-2024,
OPTIDX,NIFTY,25-Jan-2024,23700,CE,3.65,3.65,1.35,1.85,1.85,6586,78049.95,178500,106250,18-JAN-2024,
OPTIDX,NIFTY,25-Jan-2024,23750,CE,3.1,3.45,1.3,1.9,1.9,1822,21637.93,47600,9550,18-JAN-2024,
OPTIDX,NIFTY,25-Jan-2024,23800,CE,2.9,3.15,1.35,1.85,1.85,31102,370140.7,950200,833150,18-JAN-2024,
OPTIDX,NIFTY,25-Jan-2024,23850,CE,2.75,3,1.3,1.8,1.8,26118,311480.17,737150,642550,18-JAN-2024,
OPTIDX,NIFTY,25-Jan-2024,17350,PE,1.3,2.2,0.05,0.75,0.75,1317,11425.59,54050,31850,18-JAN-2024,
OPTIDX,NIFTY,25-Jan-2024,17400,PE,1.2,1.55,0.6,0.7,0.7,5163,44920.39,151800,129050,18-JAN-2024,
OPTIDX,NIFTY,25-Jan-2024,17450,PE,1.7,1.75,0.7,0.85,0.85,1221,10653.97,35150,20200,18-JAN-2024,
OPTIDX,NIFTY,25-Jan-2024,17500,PE,1.65,1.9,0.6,0.65,0.65,10808,94574.62,515200,233850,18-JAN-2024,
OPTIDX,NIFTY,25-Jan-2024,17550,PE,1.45,1.85,0.75,0.85,0.85,374,3282.07,5750,4150,18-JAN-2024,
OPTIDX,NIFTY,25-Jan-2024,17600,PE,2,2.15,0.7,0.85,0.85,724,6371.71,17350,13500,18-JAN-2024,
OPTIDX,NIFTY,25-Jan-2024,17650,PE,1.55,2.3,0.75,0.85,0.85,471,4156.88,9250,6900,18-JAN-2024,
OPTIDX,NIFTY,25-Jan-2024,17700,PE,1.55,1.8,0.7,0.8,0.8,292,2584.37,5300,3300,18-JAN-2024,
OPTIDX,NIFTY,25-Jan-2024,17750,PE,1.3,1.6,0.8,0.85,0.85,250,2218.88,8350,6150,18-JAN-2024,
OPTIDX,NIFTY,25-Jan-2024,17800,PE,2.1,2.15,0.65,0.7,0.7,3632,32326.5,74950,71550,18-JAN-2024,
OPTIDX,NIFTY,25-Jan-2024,17850,PE,1.6,1.75,0.75,0.8,0.8,138,1231.72,5350,3000,18-JAN-2024,
OPTIDX,NIFTY,25-Jan-2024,17900,PE,1.9,1.9,0.6,0.7,0.7,3592,32149.81,120600,120150,18-JAN-2024,
OPTIDX,NIFTY,25-Jan-2024,17950,PE,1.65,1.7,0.75,0.85,0.85,174,1561.74,4500,3850,18-JAN-2024,
OPTIDX,NIFTY,25-Jan-2024,18000,PE,1.8,1.95,0.7,0.8,0.8,9366,84298.68,567850,181800,18-JAN-2024,
OPTIDX,NIFTY,25-Jan-2024,18050,PE,1.7,1.7,0.9,1.15,1.15,144,1299.68,4000,3000,18-JAN-2024,
OPTIDX,NIFTY,25-Jan-2024,18100,PE,1.85,1.95,0.9,1.1,1.1,577,5222.25,13850,1000,18-JAN-2024,
OPTIDX,NIFTY,25-Jan-2024,18150,PE,1.95,1.95,0.9,1,1,163,1479.33,4700,2250,18-JAN-2024,
OPTIDX,NIFTY,25-Jan-2024,18200,PE,2.45,3.9,0.8,0.9,0.9,1761,16026.16,49400,13150,18-JAN-2024,
OPTIDX,NIFTY,25-Jan-2024,18250,PE,1.8,1.8,0.9,1,1,115,1049.44,3100,800,18-JAN-2024,
OPTIDX,NIFTY,25-Jan-2024,18300,PE,2,2,0.9,1.1,1.1,1407,12874.99,52050,4800,18-JAN-2024,
OPTIDX,NIFTY,25-Jan-2024,18350,PE,1.8,2.3,1,1.1,1.1,144,1321.31,4900,2150,18-JAN-2024,
OPTIDX,NIFTY,25-Jan-2024,18400,PE,2.15,2.15,0.05,1.15,1.15,1273,11712.56,46750,900,18-JAN-2024,
OPTIDX,NIFTY,25-Jan-2024,18450,PE,2,2.1,1.15,1.15,1.15,85,784.18,4150,1400,18-JAN-2024,
OPTIDX,NIFTY,25-Jan-2024,18500,PE,1.8,2.3,0.9,0.95,0.95,9694,89674.69,467050,252300,18-JAN-2024,
OPTIDX,NIFTY,25-Jan-2024,18550,PE,2.8,2.8,1.2,1.45,1.45,173,1604.71,6850,4650,18-JAN-2024,
OPTIDX,NIFTY,25-Jan-2024,18600,PE,2.6,3.3,1.15,1.3,1.3,1049,9756.51,78950,1300,18-JAN-2024,
OPTIDX,NIFTY,25-Jan-2024,18650,PE,2.35,2.4,1.2,1.2,1.2,132,1231.01,3750,2000,18-JAN-2024,
OPTIDX,NIFTY,25-Jan-2024,18700,PE,2,2.7,1.2,1.35,1.35,1262,11800.71,104900,2450,18-JAN-2024,
OPTIDX,NIFTY,25-Jan-2024,18750,PE,2.5,2.5,1.2,1.3,1.3,153,1434.49,7950,1000,18-JAN-2024,
OPTIDX,NIFTY,25-Jan-2024,18800,PE,2.85,2.85,1.15,1.25,1.25,2260,21245.75,130450,13950,18-JAN-2024,
OPTIDX,NIFTY,25-Jan-2024,18850,PE,2,2.5,1.15,1.3,1.3,521,4910.88,4400,2550,18-JAN-2024,
OPTIDX,NIFTY,25-Jan-2024,18900,PE,2.3,2.3,1.15,1.35,1.35,1556,14705.41,47800,9150,18-JAN-2024,
OPTIDX,NIFTY,25-Jan-2024,18950,PE,0.1,2.1,0.1,1.45,1.45,118,1118.14,3000,800,18-JAN-2024,
OPTIDX,NIFTY,25-Jan-2024,19000,PE,2.6,2.85,1.2,1.35,1.35,65453,621853.86,2942300,1997950,18-JAN-2024,
OPTIDX,NIFTY,25-Jan-2024,19050,PE,2.2,2.35,1.3,1.55,1.55,292,2781.54,6950,3200,18-JAN-2024,
OPTIDX,NIFTY,25-Jan-2024,19100,PE,2.25,2.95,1.2,1.45,1.45,1533,14641.41,58050,22500,18-JAN-2024,
OPTIDX,NIFTY,25-Jan-2024,19150,PE,3,3,1.25,1.4,1.4,557,5333.81,14550,9650,18-JAN-2024,
OPTIDX,NIFTY,25-Jan-2024,19200,PE,3.05,3.15,1.3,1.55,1.55,3295,31635.05,73250,31250,18-JAN-2024,
OPTIDX,NIFTY,25-Jan-2024,19250,PE,3.05,3.05,1.4,1.55,1.55,426,4100.63,17600,2650,18-JAN-2024,
OPTIDX,NIFTY,25-Jan-2024,19300,PE,3,3,1.25,1.5,1.5,3653,35254.91,123200,12500,18-JAN-2024,
OPTIDX,NIFTY,25-Jan-2024,19350,PE,3.2,3.2,1.25,1.65,1.65,369,3570.46,6400,1050,18-JAN-2024,
OPTIDX,NIFTY,25-Jan-2024,19400,PE,3.1,8.9,1.4,1.75,1.75,6005,58254.44,112350,39950,18-JAN-2024,
OPTIDX,NIFTY,25-Jan-2024,19450,PE,3.05,3.05,1.4,1.75,1.75,2134,20755.3,31250,18000,18-JAN-2024,
OPTIDX,NIFTY,25-Jan-2024,19500,PE,3.05,3.1,1.55,1.85,1.85,63527,619451.81,2354350,1132100,18-JAN-2024,
OPTIDX,NIFTY,25-Jan-2024,19550,PE,3.75,3.75,1.75,1.9,1.9,4357,42594.76,36300,-200,18-JAN-2024,
OPTIDX,NIFTY,25-Jan-2024,19600,PE,3.8,3.95,1.6,1.9,1.9,15697,153847.18,207350,118200,18-JAN-2024,
OPTIDX,NIFTY,25-Jan-2024,19650,PE,3.7,3.85,1.8,2,2,3167,31119.62,38900,27050,18-JAN-2024,
OPTIDX,NIFTY,25-Jan-2024,19700,PE,3.85,5.1,1.8,2.05,2.05,21020,207071.71,165000,96800,18-JAN-2024,
OPTIDX,NIFTY,25-Jan-2024,19750,PE,4.15,13.6,1.95,2.15,2.15,6302,62241.63,69550,55100,18-JAN-2024,
OPTIDX,NIFTY,25-Jan-2024,19800,PE,5.4,10,1.8,2,2,70257,695628.85,974850,786800,18-JAN-2024,
OPTIDX,NIFTY,25-Jan-2024,19850,PE,4.35,12.95,1.85,2.15,2.15,6225,61792.96,25450,14800,18-JAN-2024,
OPTIDX,NIFTY,25-Jan-2024,19900,PE,4.65,5.55,1.95,2.25,2.25,49485,492448.28,407200,274250,18-JAN-2024,
OPTIDX,NIFTY,25-Jan-2024,19950,PE,5.5,6.45,2.15,2.45,2.45,8792,87715.38,83000,58700,18-JAN-2024,
OPTIDX,NIFTY,25-Jan-2024,20000,PE,6.05,9.6,2.4,2.7,2.7,204704,2047439.9,3717400,996900,18-JAN-2024,
OPTIDX,NIFTY,25-Jan-2024,20050,PE,7,9,2.55,2.85,2.85,17044,170904.13,137850,106000,18-JAN-2024,
OPTIDX,NIFTY,25-Jan-2024,20100,PE,7.35,9.85,2.65,3,3,65861,662058.96,523700,364500,18-JAN-2024,
OPTIDX,NIFTY,25-Jan-2024,20150,PE,7.75,18.8,2.9,3.35,3.35,14926,150420.05,101500,70700,18-JAN-2024,
OPTIDX,NIFTY,25-Jan-2024,20200,PE,10.9,12.5,3.2,3.8,3.8,158543,1601726.8,2713700,2034600,18-JAN-2024,
OPTIDX,NIFTY,25-Jan-2024,20250,PE,10.1,14.6,3.3,3.9,3.9,25431,257568.23,251700,212050,18-JAN-2024,
OPTIDX,NIFTY,25-Jan-2024,20300,PE,11,17,3.8,4.35,4.35,104894,1065049,823850,518800,18-JAN-2024,
OPTIDX,NIFTY,25-Jan-2024,20350,PE,12,19.7,4.15,4.8,4.8,32100,326759.44,198650,136750,18-JAN-2024,
OPTIDX,NIFTY,25-Jan-2024,20400,PE,14.85,22.35,4.6,5.3,5.3,138268,1410934.69,1217150,823800,18-JAN-2024,
OPTIDX,NIFTY,25-Jan-2024,20450,PE,17.8,25.6,5.3,6.05,6.05,29471,301510.52,202950,123300,18-JAN-2024,
OPTIDX,NIFTY,25-Jan-2024,20500,PE,20,29.4,5.75,6.85,6.85,319978,3281637.82,5209900,1657850,18-JAN-2024,
OPTIDX,NIFTY,25-Jan-2024,20550,PE,20,33.1,6.65,7.65,7.65,35584,365884.6,136450,65900,18-JAN-2024,
OPTIDX,NIFTY,25-Jan-2024,20600,PE,22,37.5,7.4,8.6,8.6,155219,1599972.75,1048050,469650,18-JAN-2024,
OPTIDX,NIFTY,25-Jan-2024,20650,PE,23.95,42.4,8.85,9.95,9.95,48844,504744.58,356100,169850,18-JAN-2024,
OPTIDX,NIFTY,25-Jan-2024,20700,PE,27.8,47.75,10.1,11.15,11.15,153978,1595248.77,1096850,287050,18-JAN-2024,
OPTIDX,NIFTY,25-Jan-2024,20750,PE,33,54.05,11.75,13,13,38869,403726.34,255050,138000,18-JAN-2024,
OPTIDX,NIFTY,25-Jan-2024,20800,PE,36,61.2,13.5,15,15,206805,2153331.82,1976100,591050,18-JAN-2024,
OPTIDX,NIFTY,25-Jan-2024,20850,PE,44.05,69.3,15.65,17.5,17.5,46570,486217.18,260200,164850,18-JAN-2024,
OPTIDX,NIFTY,25-Jan-2024,20900,PE,47.95,78.75,18.55,20.95,20.95,184946,1935981.47,2063550,935850,18-JAN-2024,
OPTIDX,NIFTY,25-Jan-2024,20950,PE,53,88.6,21.4,24.15,24.15,66681,699909.91,317000,-7200,18-JAN-2024,
OPTIDX,NIFTY,25-Jan-2024,21000,PE,60.05,100,25.6,28.65,28.65,455956,4798802.08,5251050,1120050,18-JAN-2024,
OPTIDX,NIFTY,25-Jan-2024,21050,PE,70,112.9,30.15,33.95,33.95,56482,596152.55,267050,134350,18-JAN-2024,
OPTIDX,NIFTY,25-Jan-2024,21100,PE,86.75,126.55,35.5,38.5,38.5,304338,3220692.32,2358000,946300,18-JAN-2024,
OPTIDX,NIFTY,25-Jan-2024,21150,PE,90.05,143.2,42.25,46.3,46.3,99359,1054238.88,753600,572150,18-JAN-2024,
OPTIDX,NIFTY,25-Jan-2024,21200,PE,107.05,160.5,50.35,55.25,55.25,424737,4520022.01,2960850,1399000,18-JAN-2024,
OPTIDX,NIFTY,25-Jan-2024,21250,PE,134.8,180,60.85,66.4,66.4,129734,1385194.01,403050,27250,18-JAN-2024,
OPTIDX,NIFTY,25-Jan-2024,21300,PE,140.1,201,71.85,78.2,78.2,478050,5120043.47,2815450,847550,18-JAN-2024,
OPTIDX,NIFTY,25-Jan-2024,21350,PE,117.8,223.95,86.55,93.1,93.1,163337,1755101.62,670400,484000,18-JAN-2024,
OPTIDX,NIFTY,25-Jan-2024,21400,PE,160.25,249.9,102.65,110.1,110.1,714587,7701990.44,4139150,2366200,18-JAN-2024,
OPTIDX,NIFTY,25-Jan-2024,21450,PE,199.25,276.55,120,130.05,130.05,243164,2628592.02,811400,577500,18-JAN-2024,
OPTIDX,NIFTY,25-Jan-2024,21500,PE,229.8,305.3,139.9,150,150,700384,7597016.96,3904400,613100,18-JAN-2024,
OPTIDX,NIFTY,25-Jan-2024,21550,PE,231,337.5,163.25,173.25,173.25,73689,801802.23,330450,28350,18-JAN-2024,
OPTIDX,NIFTY,25-Jan-2024,21600,PE,250.35,370.55,188,198.65,198.65,181252,1980172.4,1670250,-399350,18-JAN-2024,
OPTIDX,NIFTY,25-Jan-2024,21650,PE,300.05,406.5,216.45,227.15,227.15,27142,297682.58,326900,-99200,18-JAN-2024,
OPTIDX,NIFTY,25-Jan-2024,21700,PE,326.5,444.15,247,259.05,259.05,85591,942232.68,2127600,-355600,18-JAN-2024,
OPTIDX,NIFTY,25-Jan-2024,21750,PE,301.1,484.35,280.65,292.75,292.75,12161,134427.33,151950,-55400,18-JAN-2024,
OPTIDX,NIFTY,25-Jan-2024,21800,PE,399,525.9,314.65,329.35,329.35,58305,646823.03,1379800,-547750,18-JAN-2024,
OPTIDX,NIFTY,25-Jan-2024,21850,PE,433.35,568.4,353.6,359.9,359.9,4213,46962.98,129250,-17150,18-JAN-2024,
OPTIDX,NIFTY,25-Jan-2024,21900,PE,478.55,611.75,389.1,407.95,407.95,20324,227376.94,694350,-101050,18-JAN-2024,
OPTIDX,NIFTY,25-Jan-2024,21950,PE,500,658.7,424.7,452.2,452.2,2236,25136.06,67700,-20750,18-JAN-2024,
OPTIDX,NIFTY,25-Jan-2024,22000,PE,549,705.4,469,491.7,491.7,38267,431585.51,1645650,-185250,18-JAN-2024,
OPTIDX,NIFTY,25-Jan-2024,22050,PE,600,751.1,512.1,538.9,538.9,1707,19334.52,174700,-26350,18-JAN-2024,
OPTIDX,NIFTY,25-Jan-2024,22100,PE,652.45,800.25,556.05,584.5,584.5,5084,57832.64,420000,-86300,18-JAN-2024,
OPTIDX,NIFTY,25-Jan-2024,22150,PE,729,848,603.95,640.6,640.6,628,7175.5,90150,-16000,18-JAN-2024,
OPTIDX,NIFTY,25-Jan-2024,22200,PE,745.8,899.75,643.4,675.9,675.9,2132,24465.16,294400,-42700,18-JAN-2024,
OPTIDX,NIFTY,25-Jan-2024,22250,PE,775.2,900,698.8,721.65,721.65,94,1082.51,39700,-2100,18-JAN-2024,
OPTIDX,NIFTY,25-Jan-2024,22300,PE,834.95,967.55,744.45,777,777,1526,17682.37,99200,19600,18-JAN-2024,
OPTIDX,NIFTY,25-Jan-2024,22350,PE,874.1,1040,807.15,810.8,810.8,55,639.27,56000,-1100,18-JAN-2024,
OPTIDX,NIFTY,25-Jan-2024,22400,PE,940,1075,835.2,864.05,864.05,499,5821.86,49000,-3700,18-JAN-2024,
OPTIDX,NIFTY,25-Jan-2024,22450,PE,1010.75,1109.7,900.35,969.9,959.35,58,680.63,25300,-1100,18-JAN-2024,
OPTIDX,NIFTY,25-Jan-2024,22500,PE,1045.7,1189,931.85,973.25,973.25,3165,37251.98,565650,-32900,18-JAN-2024,
OPTIDX,NIFTY,25-Jan-2024,22550,PE,1131.55,1207.9,1010.65,1010.65,1010.65,12,141.87,14500,200,18-JAN-2024,
OPTIDX,NIFTY,25-Jan-2024,22600,PE,1178.4,1284.45,1053,1055.45,1055.45,226,2687.77,35000,-1700,18-JAN-2024,
OPTIDX,NIFTY,25-Jan-2024,22650,PE,0,0,0,1053.85,1158.55,0,0,8350,0,18-JAN-2024,
OPTIDX,NIFTY,25-Jan-2024,22700,PE,1225,1385,1151,1151.35,1151.35,230,2762.4,35650,-6050,18-JAN-2024,
OPTIDX,NIFTY,25-Jan-2024,22750,PE,1378.9,1380.2,1227.35,1227.35,1258.35,6,72.15,1950,-50,18-JAN-2024,
OPTIDX,NIFTY,25-Jan-2024,22800,PE,1360,1481.05,1232.8,1273.6,1273.6,59,713.17,12900,100,18-JAN-2024,
OPTIDX,NIFTY,25-Jan-2024,22850,PE,0,0,0,1285,1358.2,0,0,900,0,18-JAN-2024,
OPTIDX,NIFTY,25-Jan-2024,22900,PE,1436.3,1511.25,1390.9,1397.4,1397.4,49,596.06,106600,100,18-JAN-2024,
OPTIDX,NIFTY,25-Jan-2024,22950,PE,0,0,0,1267.9,1458.05,0,0,5450,0,18-JAN-2024,
OPTIDX,NIFTY,25-Jan-2024,23000,PE,1550,1679,1428.3,1458.5,1458.5,968,11864.85,291850,6250,18-JAN-2024,
OPTIDX,NIFTY,25-Jan-2024,23050,PE,0,0,0,1308.25,1557.95,0,0,200,0,18-JAN-2024,
OPTIDX,NIFTY,25-Jan-2024,23100,PE,1624.9,1624.9,1548.55,1548.55,1548.55,11,135.65,4300,50,18-JAN-2024,
OPTIDX,NIFTY,25-Jan-2024,23150,PE,0,0,0,1126.7,1657.8,0,0,650,0,18-JAN-2024,
OPTIDX,NIFTY,25-Jan-2024,23200,PE,1640.6,1640.6,1640.6,1640.6,1640.6,1,12.42,2200,50,18-JAN-2024,
OPTIDX,NIFTY,25-Jan-2024,23250,PE,0,0,0,1130.45,1757.65,0,0,100,0,18-JAN-2024,
OPTIDX,NIFTY,25-Jan-2024,23300,PE,1833.3,1882.95,1785,1785,1807.6,38,477.68,8700,-400,18-JAN-2024,
OPTIDX,NIFTY,25-Jan-2024,23350,PE,0,0,0,2434.2,1857.55,0,0,0,0,18-JAN-2024,
OPTIDX,NIFTY,25-Jan-2024,23400,PE,1894.6,1894.6,1844,1844,1844,8,101.08,2900,300,18-JAN-2024,
OPTIDX,NIFTY,25-Jan-2024,23450,PE,0,0,0,1431.35,1957.4,0,0,0,0,18-JAN-2024,
OPTIDX,NIFTY,25-Jan-2024,23500,PE,2030,2068.45,1925,1965.55,1965.55,50,637.11,7350,-800,18-JAN-2024,
OPTIDX,NIFTY,25-Jan-2024,23550,PE,0,0,0,2628.65,2057.3,0,0,0,0,18-JAN-2024,
OPTIDX,NIFTY,25-Jan-2024,23600,PE,0,0,0,2677.45,2107.2,0,0,0,0,18-JAN-2024,
OPTIDX,NIFTY,25-Jan-2024,23650,PE,0,0,0,2726.3,2157.15,0,0,0,0,18-JAN-2024,
OPTIDX,NIFTY,25-Jan-2024,23700,PE,0,0,0,2775.25,2207.1,0,0,0,0,18-JAN-2024,
OPTIDX,NIFTY,25-Jan-2024,23750,PE,0,0,0,1641.35,2257.05,0,0,150,0,18-JAN-2024,
OPTIDX,NIFTY,25-Jan-2024,23800,PE,2339.7,2370.75,2220.8,2220.8,2306.95,11,143.61,750,550,18-JAN-2024,
OPTIDX,NIFTY,25-Jan-2024,23850,PE,2396.25,2440.45,2320.2,2354.65,2356.9,12,157.41,750,600,18-JAN-2024,
OPTIDX,NIFTY,01-Feb-2024,19750,CE,1740,1830,1740,1786.35,1786.35,8,86.13,550,400,18-JAN-2024,
OPTIDX,NIFTY,01-Feb-2024,19800,CE,0,0,0,1645.4,1713.5,0,0,0,0,18-JAN-2024,
OPTIDX,NIFTY,01-Feb-2024,19850,CE,1650,1740,1650,1700,1663.65,4,43.09,350,200,18-JAN-2024,
OPTIDX,NIFTY,01-Feb-2024,19900,CE,0,0,0,1725.3,1613.8,0,0,50,0,18-JAN-2024,
OPTIDX,NIFTY,01-Feb-2024,19950,CE,0,0,0,1507.15,1563.95,0,0,0,0,18-JAN-2024,
OPTIDX,NIFTY,01-Feb-2024,20000,CE,1550,1635,1414,1593.5,1593.5,90,970.1,3500,3050,18-JAN-2024,
OPTIDX,NIFTY,01-Feb-2024,20050,CE,0,0,0,1416.75,1464.35,0,0,0,0,18-JAN-2024,
OPTIDX,NIFTY,01-Feb-2024,20100,CE,1430,1430,1430,1430,1414.6,1,10.76,50,50,18-JAN-2024,
OPTIDX,NIFTY,01-Feb-2024,20150,CE,0,0,0,1328.05,1364.85,0,0,0,0,18-JAN-2024,
OPTIDX,NIFTY,01-Feb-2024,20200,CE,1390,1390,1390,1390,1315.2,1,10.79,200,50,18-JAN-2024,
OPTIDX,NIFTY,01-Feb-2024,20250,CE,0,0,0,1241.25,1265.6,0,0,0,0,18-JAN-2024,
OPTIDX,NIFTY,01-Feb-2024,20300,CE,1250,1250,1250,1250,1216.1,1,10.77,50,50,18-JAN-2024,
OPTIDX,NIFTY,01-Feb-2024,20350,CE,0,0,0,1156.6,1166.7,0,0,0,0,18-JAN-2024,
OPTIDX,NIFTY,01-Feb-2024,20400,CE,1155,1155,1155,1155,1117.45,1,10.77,50,50,18-JAN-2024,
OPTIDX,NIFTY,01-Feb-2024,20450,CE,1075,1120,1070,1120,1068.4,7,75.4,350,350,18-JAN-2024,
OPTIDX,NIFTY,01-Feb-2024,20500,CE,1066,1105,960,1095.8,1095.8,81,873.32,3350,3350,18-JAN-2024,
OPTIDX,NIFTY,01-Feb-2024,20550,CE,0,0,0,994.35,971.05,0,0,0,0,18-JAN-2024,
OPTIDX,NIFTY,01-Feb-2024,20600,CE,920,970,920,970,922.8,7,75.37,550,350,18-JAN-2024,
OPTIDX,NIFTY,01-Feb-2024,20650,CE,0,0,0,917.25,875,0,0,0,0,18-JAN-2024,
OPTIDX,NIFTY,01-Feb-2024,20700,CE,0,0,0,879.8,827.65,0,0,0,0,18-JAN-2024,
OPTIDX,NIFTY,01-Feb-2024,20750,CE,0,0,0,843.85,780.9,0,0,0,0,18-JAN-2024,
OPTIDX,NIFTY,01-Feb-2024,20800,CE,748,800.15,748,800.15,734.8,3,32.37,150,100,18-JAN-2024,
OPTIDX,NIFTY,01-Feb-2024,20850,CE,0,0,0,771.95,689.45,0,0,0,0,18-JAN-2024,
OPTIDX,NIFTY,01-Feb-2024,20900,CE,0,0,0,737.65,644.95,0,0,0,0,18-JAN-2024,
OPTIDX,NIFTY,01-Feb-2024,20950,CE,687.5,687.5,687.5,687.5,601.4,1,10.81,50,50,18-JAN-2024,
OPTIDX,NIFTY,01-Feb-2024,21000,CE,631.05,703.25,526.1,654.75,654.75,2089,22594.15,38300,-6050,18-JAN-2024,
OPTIDX,NIFTY,01-Feb-2024,21050,CE,573.05,617,573.05,617,517.7,2,21.64,100,50,18-JAN-2024,
OPTIDX,NIFTY,01-Feb-2024,21100,CE,525,616.6,461,579.05,579.05,366,3960.46,8700,8400,18-JAN-2024,
OPTIDX,NIFTY,01-Feb-2024,21150,CE,529.1,555.5,455.9,537.45,537.45,78,844.92,2350,2300,18-JAN-2024,
OPTIDX,NIFTY,01-Feb-2024,21200,CE,479.5,542.7,394,497,497,1971,21358.02,36600,26350,18-JAN-2024,
OPTIDX,NIFTY,01-Feb-2024,21250,CE,471.2,505.45,364.7,465.5,465.5,474,5138.39,11200,10100,18-JAN-2024,
OPTIDX,NIFTY,01-Feb-2024,21300,CE,439.45,470.8,334,425.8,425.8,7066,76678.21,55850,-26600,18-JAN-2024,
OPTIDX,NIFTY,01-Feb-2024,21350,CE,384,431.4,307.85,388.8,388.8,1575,17101.41,19200,16750,18-JAN-2024,
OPTIDX,NIFTY,01-Feb-2024,21400,CE,389.4,403.8,279,360.05,360.05,14409,156628.02,126700,87800,18-JAN-2024,
OPTIDX,NIFTY,01-Feb-2024,21450,CE,344.9,370,255.05,327.75,327.75,5391,58666.66,47100,38750,18-JAN-2024,
OPTIDX,NIFTY,01-Feb-2024,21500,CE,354.1,354.1,230.35,299.5,299.5,26703,290940.7,433300,155700,18-JAN-2024,
OPTIDX,NIFTY,01-Feb-2024,21550,CE,255.75,311.25,208.7,269.9,269.9,3617,39447.18,52700,11900,18-JAN-2024,
OPTIDX,NIFTY,01-Feb-2024,21600,CE,248,284.85,186.8,244.55,244.55,18027,196818.46,212450,122700,18-JAN-2024,
OPTIDX,NIFTY,01-Feb-2024,21650,CE,227.35,258,166.8,219.3,219.3,5025,54925.04,57150,19100,18-JAN-2024,
OPTIDX,NIFTY,01-Feb-2024,21700,CE,215.35,234,148.2,194.35,194.35,20189,220956.62,265150,38050,18-JAN-2024,
OPTIDX,NIFTY,01-Feb-2024,21750,CE,195.8,210.4,131.85,172.25,172.25,5239,57408.52,38000,13000,18-JAN-2024,
OPTIDX,NIFTY,01-Feb-2024,21800,CE,166,187.3,116.15,151.45,151.45,19075,209307.52,324550,163100,18-JAN-2024,
OPTIDX,NIFTY,01-Feb-2024,21850,CE,147.1,167.6,102.6,135.8,135.8,4562,50138.18,53900,12350,18-JAN-2024,
OPTIDX,NIFTY,01-Feb-2024,21900,CE,133.15,149.35,91.55,117.6,117.6,14569,160384.74,216850,110350,18-JAN-2024,
OPTIDX,NIFTY,01-Feb-2024,21950,CE,100.3,132.3,80.5,102.6,102.6,3012,33209.6,54200,-4400,18-JAN-2024,
OPTIDX,NIFTY,01-Feb-2024,22000,CE,110,118,71.25,90.95,90.95,39492,436208.01,570750,125100,18-JAN-2024,
OPTIDX,NIFTY,01-Feb-2024,22050,CE,120.75,120.75,63.15,77.75,77.75,3331,36855.14,40550,6700,18-JAN-2024,
OPTIDX,NIFTY,01-Feb-2024,22100,CE,80.65,91.3,55.55,68.45,68.45,17616,195268.95,252100,166250,18-JAN-2024,
OPTIDX,NIFTY,01-Feb-2024,22150,CE,66.65,80.2,49.55,59.3,59.3,2954,32805.23,29650,5250,18-JAN-2024,
OPTIDX,NIFTY,01-Feb-2024,22200,CE,65.05,70.5,44,52.25,52.25,11688,130047.85,152650,44400,18-JAN-2024,
OPTIDX,NIFTY,01-Feb-2024,22250,CE,59.8,62.55,39.2,46,46,3505,39076.55,38750,7950,18-JAN-2024,
OPTIDX,NIFTY,01-Feb-2024,22300,CE,50.05,55.8,35,40.85,40.85,13165,147071.34,127850,-60700,18-JAN-2024,
OPTIDX,NIFTY,01-Feb-2024,22350,CE,43.25,48.7,31.75,36.4,36.4,2861,32025.08,31400,6400,18-JAN-2024,
OPTIDX,NIFTY,01-Feb-2024,22400,CE,38.05,43.75,28.65,32.1,32.1,6720,75378.19,84200,15250,18-JAN-2024,
OPTIDX,NIFTY,01-Feb-2024,22450,CE,48,48,25.9,28.6,28.6,3422,38462.34,39200,23650,18-JAN-2024,
OPTIDX,NIFTY,01-Feb-2024,22500,CE,40,40,23.75,25.8,25.8,17036,191887.58,334300,118900,18-JAN-2024,
OPTIDX,NIFTY,01-Feb-2024,22550,CE,30.8,30.8,19.7,22.9,22.9,1350,15237.43,18400,3950,18-JAN-2024,
OPTIDX,NIFTY,01-Feb-2024,22600,CE,38,38,19.55,20.35,20.35,6861,77605.74,72500,-25500,18-JAN-2024,
OPTIDX,NIFTY,01-Feb-2024,22650,CE,22,24.7,16.5,18.35,18.35,4743,53762.06,20200,4350,18-JAN-2024,
OPTIDX,NIFTY,01-Feb-2024,22700,CE,28,28,15.25,16.4,16.4,3895,44243.51,67100,13200,18-JAN-2024,
OPTIDX,NIFTY,01-Feb-2024,22750,CE,26.55,27.2,13.25,14.55,14.55,587,6681.9,11800,-450,18-JAN-2024,
OPTIDX,NIFTY,01-Feb-2024,22800,CE,19.85,21.2,12.4,13.3,13.3,3864,44078.91,55550,-5600,18-JAN-2024,
OPTIDX,NIFTY,01-Feb-2024,22850,CE,22,22,10.95,11.75,11.75,698,7979.39,11200,1000,18-JAN-2024,
OPTIDX,NIFTY,01-Feb-2024,22900,CE,16.1,16.5,9.95,10.85,10.85,4282,49056.14,36300,5150,18-JAN-2024,
OPTIDX,NIFTY,01-Feb-2024,22950,CE,13.4,13.85,10,10.65,10.65,472,5419,14500,1700,18-JAN-2024,
OPTIDX,NIFTY,01-Feb-2024,23000,CE,15,17.5,8.65,9.25,9.25,12849,147833.14,235200,86450,18-JAN-2024,
OPTIDX,NIFTY,01-Feb-2024,23050,CE,13.25,13.25,8.65,8.9,8.9,821,9466.29,8900,2700,18-JAN-2024,
OPTIDX,NIFTY,01-Feb-2024,23100,CE,13.5,16,7.6,7.9,7.9,4159,48056.67,23800,-57750,18-JAN-2024,
OPTIDX,NIFTY,01-Feb-2024,23150,CE,7.8,10.25,7.3,8.15,8.15,89,1030.57,5350,1800,18-JAN-2024,
OPTIDX,NIFTY,01-Feb-2024,23200,CE,10.7,12.95,6.9,7.35,7.35,2000,23208.26,37750,-8250,18-JAN-2024,
OPTIDX,NIFTY,01-Feb-2024,23250,CE,0,0,0,13,0.1,0,0,6950,0,18-JAN-2024,
OPTIDX,NIFTY,01-Feb-2024,23300,CE,9.95,9.95,5.65,5.85,5.85,1010,11769.91,51900,11850,18-JAN-2024,
OPTIDX,NIFTY,01-Feb-2024,23350,CE,10.85,10.85,5.2,6.05,6.05,882,10300.44,14450,600,18-JAN-2024,
OPTIDX,NIFTY,01-Feb-2024,23400,CE,9.95,9.95,5.3,5.7,5.7,3849,45045.7,50650,-14850,18-JAN-2024,
OPTIDX,NIFTY,01-Feb-2024,23450,CE,9.75,10.75,5.85,6.2,6.2,683,8010.34,27900,-700,18-JAN-2024,
OPTIDX,NIFTY,01-Feb-2024,23500,CE,5.25,8,4.75,4.95,4.95,2327,27348.77,76000,18850,18-JAN-2024,
OPTIDX,NIFTY,01-Feb-2024,23550,CE,8.7,9.7,5.2,5.45,5.45,147,1731.44,8800,-550,18-JAN-2024,
OPTIDX,NIFTY,01-Feb-2024,23600,CE,6,6.7,4.85,5.05,5.05,266,3139.55,11500,-1950,18-JAN-2024,
OPTIDX,NIFTY,01-Feb-2024,23650,CE,8,8,4.4,5.1,5.1,201,2377.43,7700,-250,18-JAN-2024,
OPTIDX,NIFTY,01-Feb-2024,23700,CE,0,0,0,7.9,0.05,0,0,2750,0,18-JAN-2024,
OPTIDX,NIFTY,01-Feb-2024,23750,CE,0,0,0,6.2,0.05,0,0,2700,0,18-JAN-2024,
OPTIDX,NIFTY,01-Feb-2024,23800,CE,7.6,7.6,4.1,4.4,4.4,521,6201.22,17800,1300,18-JAN-2024,
OPTIDX,NIFTY,01-Feb-2024,23850,CE,7.1,7.3,4.25,4.5,4.5,716,8540.26,16000,-12300,18-JAN-2024,
OPTIDX,NIFTY,01-Feb-2024,19750,PE,3.05,3.05,3.05,3.05,3.05,2,19.75,50,50,18-JAN-2024,
OPTIDX,NIFTY,01-Feb-2024,19800,PE,0,0,0,25.4,0.05,0,0,0,0,18-JAN-2024,
OPTIDX,NIFTY,01-Feb-2024,19850,PE,0,0,0,28.6,0.05,0,0,0,0,18-JAN-2024,
OPTIDX,NIFTY,01-Feb-2024,19900,PE,0,0,0,32.05,0.1,0,0,0,0,18-JAN-2024,
OPTIDX,NIFTY,01-Feb-2024,19950,PE,10,21,6.85,7.35,7.35,1701,16976.16,28750,26000,18-JAN-2024,
OPTIDX,NIFTY,01-Feb-2024,20000,PE,18,21.95,7.7,8.45,8.45,7242,72468.1,105800,40600,18-JAN-2024,
OPTIDX,NIFTY,01-Feb-2024,20050,PE,8.9,8.9,7.35,8.85,8.85,81,812.38,1900,-150,18-JAN-2024,
OPTIDX,NIFTY,01-Feb-2024,20100,PE,25,26.3,16.65,17,17,1283,12907.19,25200,12100,18-JAN-2024,
OPTIDX,NIFTY,01-Feb-2024,20150,PE,23.05,29.25,14.05,14.05,0.5,2121,21391.49,15600,-10650,18-JAN-2024,
OPTIDX,NIFTY,01-Feb-2024,20200,PE,23.95,32.15,13.6,13.9,13.9,2128,21515.71,24300,2050,18-JAN-2024,
OPTIDX,NIFTY,01-Feb-2024,20250,PE,20.6,20.6,9.6,12.25,12.25,478,4843.97,6250,4800,18-JAN-2024,
OPTIDX,NIFTY,01-Feb-2024,20300,PE,28.4,39.15,12.95,14.2,14.2,5226,53108.33,29950,350,18-JAN-2024,
OPTIDX,NIFTY,01-Feb-2024,20350,PE,21.05,24.55,11.85,14.65,14.65,155,1578.56,6100,3900,18-JAN-2024,
OPTIDX,NIFTY,01-Feb-2024,20400,PE,32.75,47.4,15.15,16.5,16.5,7823,79899.85,81700,62900,18-JAN-2024,
OPTIDX,NIFTY,01-Feb-2024,20450,PE,25.7,43.3,17.1,18.8,18.8,993,10166.3,10600,9200,18-JAN-2024,
OPTIDX,NIFTY,01-Feb-2024,20500,PE,38.9,57.3,18.5,20.05,20.05,23100,237141.11,167800,70350,18-JAN-2024,
OPTIDX,NIFTY,01-Feb-2024,20550,PE,42.35,63.15,21.25,22.8,22.8,3011,30997.68,14100,-26500,18-JAN-2024,
OPTIDX,NIFTY,01-Feb-2024,20600,PE,46.5,70.45,23.6,25.2,25.2,7296,75304.69,48550,26000,18-JAN-2024,
OPTIDX,NIFTY,01-Feb-2024,20650,PE,53.15,77.65,26.95,28.9,28.9,1313,13583.91,9550,4250,18-JAN-2024,
OPTIDX,NIFTY,01-Feb-2024,20700,PE,53.3,85.3,26.7,32.8,32.8,10068,104459.18,82000,37400,18-JAN-2024,
OPTIDX,NIFTY,01-Feb-2024,20750,PE,61.35,86.2,34.05,37.2,37.2,1713,17814.11,16100,12800,18-JAN-2024,
OPTIDX,NIFTY,01-Feb-2024,20800,PE,68,104.1,37.4,40.2,40.2,12191,127163.01,192650,141700,18-JAN-2024,
OPTIDX,NIFTY,01-Feb-2024,20850,PE,81,115.2,39.25,43.9,43.9,5265,55018.66,147550,141800,18-JAN-2024,
OPTIDX,NIFTY,01-Feb-2024,20900,PE,82.9,126.1,48.2,50.65,50.65,9852,103358.64,113350,36150,18-JAN-2024,
OPTIDX,NIFTY,01-Feb-2024,20950,PE,91.8,139.15,54.85,58.55,58.55,1969,20700.46,13450,2450,18-JAN-2024,
OPTIDX,NIFTY,01-Feb-2024,21000,PE,102,151.75,62,65.15,65.15,30409,320778.72,295650,80300,18-JAN-2024,
OPTIDX,NIFTY,01-Feb-2024,21050,PE,115.15,166.65,70.4,74.05,74.05,2977,31477.65,16050,3550,18-JAN-2024,
OPTIDX,NIFTY,01-Feb-2024,21100,PE,125.8,182.65,79.75,83.45,83.45,13912,147548.5,123250,48850,18-JAN-2024,
OPTIDX,NIFTY,01-Feb-2024,21150,PE,156.9,200,89.85,94.2,94.2,3033,32252.52,24050,12150,18-JAN-2024,
OPTIDX,NIFTY,01-Feb-2024,21200,PE,170,217.85,100.1,106.05,106.05,16023,170983.82,121200,12450,18-JAN-2024,
OPTIDX,NIFTY,01-Feb-2024,21250,PE,166.75,237.45,114.05,120.3,120.3,2401,25691.62,17150,2900,18-JAN-2024,
OPTIDX,NIFTY,01-Feb-2024,21300,PE,153.2,258.05,128,135.05,135.05,17635,189381.97,208450,65450,18-JAN-2024,
OPTIDX,NIFTY,01-Feb-2024,21350,PE,251.45,280.9,137.4,151.7,151.7,4557,49115.35,25350,-1900,18-JAN-2024,
OPTIDX,NIFTY,01-Feb-2024,21400,PE,243.95,304.75,161.85,169.25,169.25,22307,241080.35,273400,201850,18-JAN-2024,
OPTIDX,NIFTY,01-Feb-2024,21450,PE,227.4,327.8,179.55,188.65,188.65,5185,56213.67,47200,28750,18-JAN-2024,
OPTIDX,NIFTY,01-Feb-2024,21500,PE,300,355.35,199.25,208.35,208.35,29573,321645.2,480500,54100,18-JAN-2024,
OPTIDX,NIFTY,01-Feb-2024,21550,PE,280,380.75,220.5,231.65,231.65,3285,35848.44,18400,6400,18-JAN-2024,
OPTIDX,NIFTY,01-Feb-2024,21600,PE,300.25,410,242.7,252.85,252.85,10471,114647.03,120250,3400,18-JAN-2024,
OPTIDX,NIFTY,01-Feb-2024,21650,PE,262.55,438.2,262.55,278.25,278.25,1506,16551.19,22850,3750,18-JAN-2024,
OPTIDX,NIFTY,01-Feb-2024,21700,PE,340.15,471.6,292.7,303.75,303.75,5351,59007.79,172400,-3700,18-JAN-2024,
OPTIDX,NIFTY,01-Feb-2024,21750,PE,409.95,502.15,320.4,332.8,332.8,1625,17973.74,23450,1000,18-JAN-2024,
OPTIDX,NIFTY,01-Feb-2024,21800,PE,419.05,538.25,347.3,360.25,360.25,4355,48379.49,223000,10050,18-JAN-2024,
OPTIDX,NIFTY,01-Feb-2024,21850,PE,460,569.65,381.4,392.7,392.7,247,2751.63,26300,4150,18-JAN-2024,
OPTIDX,NIFTY,01-Feb-2024,21900,PE,494.95,612.25,410.7,413.75,413.75,1172,13115.09,43600,-2250,18-JAN-2024,
OPTIDX,NIFTY,01-Feb-2024,21950,PE,549,650.8,446,461.35,461.35,144,1616.63,8400,-4650,18-JAN-2024,
OPTIDX,NIFTY,01-Feb-2024,22000,PE,561.05,693.55,478.8,501.2,501.2,3600,40655.62,198800,-8150,18-JAN-2024,
OPTIDX,NIFTY,01-Feb-2024,22050,PE,600,735.95,512.6,518.9,518.9,97,1099.31,10250,-2400,18-JAN-2024,
OPTIDX,NIFTY,01-Feb-2024,22100,PE,658,765,555.7,569.45,569.45,210,2385.86,24750,1900,18-JAN-2024,
OPTIDX,NIFTY,01-Feb-2024,22150,PE,751.1,765,658.25,665.85,660.45,10,114.17,3650,250,18-JAN-2024,
OPTIDX,NIFTY,01-Feb-2024,22200,PE,750.95,798.8,625.25,662.15,662.15,136,1556.75,13500,3500,18-JAN-2024,
OPTIDX,NIFTY,01-Feb-2024,22250,PE,0,0,0,615,750.5,0,0,3150,0,18-JAN-2024,
OPTIDX,NIFTY,01-Feb-2024,22300,PE,820,953.05,743.75,743.75,743.75,41,474.29,7050,-550,18-JAN-2024,
OPTIDX,NIFTY,01-Feb-2024,22350,PE,0,0,0,1032.9,843.35,0,0,0,0,18-JAN-2024,
OPTIDX,NIFTY,01-Feb-2024,22400,PE,885.3,885.3,857.3,857.3,890.6,2,23.27,5150,-50,18-JAN-2024,
OPTIDX,NIFTY,01-Feb-2024,22450,PE,914.95,914.95,914.95,914.95,938.3,1,11.68,0,-50,18-JAN-2024,
OPTIDX,NIFTY,01-Feb-2024,22500,PE,991,1055.55,909,940,986.4,49,575.6,14150,50,18-JAN-2024,
OPTIDX,NIFTY,01-Feb-2024,22550,PE,0,0,0,1197.05,1034.85,0,0,0,0,18-JAN-2024,
OPTIDX,NIFTY,01-Feb-2024,22600,PE,0,0,0,926.65,1083.55,0,0,0,0,18-JAN-2024,
OPTIDX,NIFTY,01-Feb-2024,22650,PE,0,0,0,1282.3,1132.5,0,0,0,0,18-JAN-2024,
OPTIDX,NIFTY,01-Feb-2024,22700,PE,0,0,0,1325.6,1181.6,0,0,0,0,18-JAN-2024,
OPTIDX,NIFTY,01-Feb-2024,22750,PE,0,0,0,1369.35,1230.9,0,0,0,0,18-JAN-2024,
OPTIDX,NIFTY,01-Feb-2024,22800,PE,0,0,0,1230,1280.3,0,0,50,0,18-JAN-2024,
OPTIDX,NIFTY,01-Feb-2024,22850,PE,0,0,0,1458.1,1329.8,0,0,0,0,18-JAN-2024,
OPTIDX,NIFTY,01-Feb-2024,22900,PE,0,0,0,1503.05,1379.4,0,0,0,0,18-JAN-2024,
OPTIDX,NIFTY,01-Feb-2024,22950,PE,0,0,0,1548.3,1429.05,0,0,0,0,18-JAN-2024,
OPTIDX,NIFTY,01-Feb-2024,23000,PE,1487,1600,1380,1430,1478.75,24,293.74,1800,350,18-JAN-2024,
OPTIDX,NIFTY,01-Feb-2024,23050,PE,0,0,0,1639.85,1528.5,0,0,0,0,18-JAN-2024,
OPTIDX,NIFTY,01-Feb-2024,23100,PE,0,0,0,1686.05,1578.3,0,0,0,0,18-JAN-2024,
OPTIDX,NIFTY,01-Feb-2024,23150,PE,0,0,0,1732.55,1628.1,0,0,0,0,18-JAN-2024,
OPTIDX,NIFTY,01-Feb-2024,23200,PE,0,0,0,1779.25,1677.9,0,0,0,0,18-JAN-2024,
OPTIDX,NIFTY,01-Feb-2024,23250,PE,0,0,0,1826.25,1727.75,0,0,0,0,18-JAN-2024,
OPTIDX,NIFTY,01-Feb-2024,23300,PE,0,0,0,1873.45,1777.6,0,0,0,0,18-JAN-2024,
OPTIDX,NIFTY,01-Feb-2024,23350,PE,0,0,0,1920.8,1827.45,0,0,0,0,18-JAN-2024,
OPTIDX,NIFTY,01-Feb-2024,23400,PE,0,0,0,1968.4,1877.3,0,0,0,0,18-JAN-2024,
OPTIDX,NIFTY,01-Feb-2024,23450,PE,0,0,0,2016.15,1927.15,0,0,0,0,18-JAN-2024,
OPTIDX,NIFTY,01-Feb-2024,23500,PE,1982,2110,1906.6,1940.6,1977,92,1171.2,3150,1850,18-JAN-2024,
OPTIDX,NIFTY,01-Feb-2024,23550,PE,0,0,0,2112.15,2026.85,0,0,0,0,18-JAN-2024,
OPTIDX,NIFTY,01-Feb-2024,23600,PE,0,0,0,2160.35,2076.75,0,0,0,0,18-JAN-2024,
OPTIDX,NIFTY,01-Feb-2024,23650,PE,0,0,0,2208.7,2126.6,0,0,0,0,18-JAN-2024,
OPTIDX,NIFTY,01-Feb-2024,23700,PE,0,0,0,2257.15,2176.45,0,0,0,0,18-JAN-2024,
OPTIDX,NIFTY,01-Feb-2024,23750,PE,0,0,0,2305.75,2226.35,0,0,0,0,18-JAN-2024,
OPTIDX,NIFTY,01-Feb-2024,23800,PE,0,0,0,2354.4,2276.2,0,0,0,0,18-JAN-2024,
OPTIDX,NIFTY,01-Feb-2024,23850,PE,0,0,0,2403.15,2326.1,0,0,0,0,18-JAN-2024,
OPTIDX,NIFTY,08-Feb-2024,19750,CE,0,0,0,2051,1789.1,0,0,0,0,18-JAN-2024,
OPTIDX,NIFTY,08-Feb-2024,19800,CE,0,0,0,2002.15,1739.4,0,0,0,0,18-JAN-2024,
OPTIDX,NIFTY,08-Feb-2024,19850,CE,0,0,0,1953.45,1689.7,0,0,0,0,18-JAN-2024,
OPTIDX,NIFTY,08-Feb-2024,19900,CE,0,0,0,1904.85,1640.1,0,0,0,0,18-JAN-2024,
OPTIDX,NIFTY,08-Feb-2024,19950,CE,0,0,0,1856.4,1590.5,0,0,0,0,18-JAN-2024,
OPTIDX,NIFTY,08-Feb-2024,20000,CE,0,0,0,1808.15,1540.95,0,0,0,0,18-JAN-2024,
OPTIDX,NIFTY,08-Feb-2024,20050,CE,0,0,0,1760.1,1491.5,0,0,0,0,18-JAN-2024,
OPTIDX,NIFTY,08-Feb-2024,20100,CE,0,0,0,1712.2,1442.15,0,0,0,0,18-JAN-2024,
OPTIDX,NIFTY,08-Feb-2024,20150,CE,0,0,0,1664.55,1392.9,0,0,0,0,18-JAN-2024,
OPTIDX,NIFTY,08-Feb-2024,20200,CE,0,0,0,1617.15,1343.8,0,0,0,0,18-JAN-2024,
OPTIDX,NIFTY,08-Feb-2024,20250,CE,0,0,0,1570.05,1294.85,0,0,0,0,18-JAN-2024,
OPTIDX,NIFTY,08-Feb-2024,20300,CE,0,0,0,1523.2,1246.1,0,0,0,0,18-JAN-2024,
OPTIDX,NIFTY,08-Feb-2024,20350,CE,0,0,0,1476.65,1197.55,0,0,0,0,18-JAN-2024,
OPTIDX,NIFTY,08-Feb-2024,20400,CE,0,0,0,1792.5,1149.3,0,0,50,0,18-JAN-2024,
OPTIDX,NIFTY,08-Feb-2024,20450,CE,0,0,0,1384.7,1101.35,0,0,0,0,18-JAN-2024,
OPTIDX,NIFTY,08-Feb-2024,20500,CE,0,0,0,1339.3,1053.75,0,0,0,0,18-JAN-2024,
OPTIDX,NIFTY,08-Feb-2024,20550,CE,0,0,0,1294.35,1006.6,0,0,0,0,18-JAN-2024,
OPTIDX,NIFTY,08-Feb-2024,20600,CE,0,0,0,1249.85,959.85,0,0,0,0,18-JAN-2024,
OPTIDX,NIFTY,08-Feb-2024,20650,CE,0,0,0,1205.85,913.7,0,0,0,0,18-JAN-2024,
OPTIDX,NIFTY,08-Feb-2024,20700,CE,0,0,0,1162.35,868.1,0,0,0,0,18-JAN-2024,
OPTIDX,NIFTY,08-Feb-2024,20750,CE,0,0,0,1119.45,823.15,0,0,0,0,18-JAN-2024,
OPTIDX,NIFTY,08-Feb-2024,20800,CE,0,0,0,1077.1,779,0,0,0,0,18-JAN-2024,
OPTIDX,NIFTY,08-Feb-2024,20850,CE,0,0,0,1035.35,735.6,0,0,0,0,18-JAN-2024,
OPTIDX,NIFTY,08-Feb-2024,20900,CE,795,795,795,795,693.1,4,43.39,200,200,18-JAN-2024,
OPTIDX,NIFTY,08-Feb-2024,20950,CE,0,0,0,953.9,651.55,0,0,0,0,18-JAN-2024,
OPTIDX,NIFTY,08-Feb-2024,21000,CE,697.6,743,619.4,715.35,715.35,204,2212.13,6150,5300,18-JAN-2024,
OPTIDX,NIFTY,08-Feb-2024,21050,CE,0,0,0,875.35,571.7,0,0,0,0,18-JAN-2024,
OPTIDX,NIFTY,08-Feb-2024,21100,CE,592,661.75,560,636.15,636.15,26,282.08,1400,1000,18-JAN-2024,
OPTIDX,NIFTY,08-Feb-2024,21150,CE,0,0,0,800.65,496.55,0,0,0,0,18-JAN-2024,
OPTIDX,NIFTY,08-Feb-2024,21200,CE,0,0,0,763.15,460.9,0,0,0,0,18-JAN-2024,
OPTIDX,NIFTY,08-Feb-2024,21250,CE,495.8,504.75,495.8,502.15,426.65,9,97.88,400,400,18-JAN-2024,
OPTIDX,NIFTY,08-Feb-2024,21300,CE,471,536,402.25,495.65,495.65,247,2687.4,4250,4200,18-JAN-2024,
OPTIDX,NIFTY,08-Feb-2024,21350,CE,422.35,495.8,422.35,427.05,362.4,70,763.46,3250,3250,18-JAN-2024,
OPTIDX,NIFTY,08-Feb-2024,21400,CE,460.8,471.8,349,426.45,426.45,784,8550.53,12850,12150,18-JAN-2024,
OPTIDX,NIFTY,08-Feb-2024,21450,CE,397.3,432.65,325,396.7,396.7,195,2128.55,5700,5650,18-JAN-2024,
OPTIDX,NIFTY,08-Feb-2024,21500,CE,364.95,408.2,298.05,363.5,363.5,1827,19960.23,33450,23500,18-JAN-2024,
OPTIDX,NIFTY,08-Feb-2024,21550,CE,306.65,379,281.6,334.25,334.25,215,2351.58,7200,6750,18-JAN-2024,
OPTIDX,NIFTY,08-Feb-2024,21600,CE,360,360,254.45,313.2,313.2,1683,18437.66,51200,38800,18-JAN-2024,
OPTIDX,NIFTY,08-Feb-2024,21650,CE,275.3,291.35,232.25,273.35,273.35,72,789.3,6950,2250,18-JAN-2024,
OPTIDX,NIFTY,08-Feb-2024,21700,CE,280,299.9,214.25,259.25,259.25,1175,12896.85,23300,4250,18-JAN-2024,
OPTIDX,NIFTY,08-Feb-2024,21750,CE,228.9,271.2,220,242.35,242.35,106,1165.44,7600,1300,18-JAN-2024,
OPTIDX,NIFTY,08-Feb-2024,21800,CE,204.15,254.45,176.55,217.6,217.6,1090,11998.15,34250,8500,18-JAN-2024,
OPTIDX,NIFTY,08-Feb-2024,21850,CE,178.05,217.5,178.05,193.6,193.6,100,1102.34,6700,1900,18-JAN-2024,
OPTIDX,NIFTY,08-Feb-2024,21900,CE,190,210,146.2,178.65,178.65,475,5243.01,18350,2500,18-JAN-2024,
OPTIDX,NIFTY,08-Feb-2024,21950,CE,183.55,185.85,127.3,159.1,159.1,223,2464.21,7950,3700,18-JAN-2024,
OPTIDX,NIFTY,08-Feb-2024,22000,CE,150,184.35,120.05,145.25,145.25,5431,60128.54,152050,80200,18-JAN-2024,
OPTIDX,NIFTY,08-Feb-2024,22050,CE,150,150.15,107,130.25,130.25,384,4258,9850,3450,18-JAN-2024,
OPTIDX,NIFTY,08-Feb-2024,22100,CE,127.9,141.2,97.3,117.35,117.35,837,9298.59,29950,1250,18-JAN-2024,
OPTIDX,NIFTY,08-Feb-2024,22150,CE,145,145,88.8,104.3,104.3,206,2291.85,6950,1000,18-JAN-2024,
OPTIDX,NIFTY,08-Feb-2024,22200,CE,105.25,118.9,79.8,93.65,93.65,938,10456.47,42150,7250,18-JAN-2024,
OPTIDX,NIFTY,08-Feb-2024,22250,CE,100.45,105.55,68.1,83.8,83.8,181,2021.26,5200,-800,18-JAN-2024,
OPTIDX,NIFTY,08-Feb-2024,22300,CE,70.5,95.65,65.5,75.4,75.4,279,3121.63,13200,2900,18-JAN-2024,
OPTIDX,NIFTY,08-Feb-2024,22350,CE,0,0,0,200,33.9,0,0,1850,0,18-JAN-2024,
OPTIDX,NIFTY,08-Feb-2024,22400,CE,80,80,52.65,59.05,59.05,919,10321.18,18250,9500,18-JAN-2024,
OPTIDX,NIFTY,08-Feb-2024,22450,CE,0,0,0,161.3,24.65,0,0,4000,0,18-JAN-2024,
OPTIDX,NIFTY,08-Feb-2024,22500,CE,64.95,64.95,45,48.55,48.55,2344,26429.82,71200,19600,18-JAN-2024,
OPTIDX,NIFTY,08-Feb-2024,22550,CE,0,0,0,127.8,17.65,0,0,1750,0,18-JAN-2024,
OPTIDX,NIFTY,08-Feb-2024,22600,CE,58.6,58.6,35.1,40.45,40.45,131,1483.02,12350,1400,18-JAN-2024,
OPTIDX,NIFTY,08-Feb-2024,22650,CE,21.6,43.35,21.6,37.25,37.25,37,419.73,3800,-250,18-JAN-2024,
OPTIDX,NIFTY,08-Feb-2024,22700,CE,40.1,45.35,31.1,33.55,33.55,1411,16041.25,18950,7750,18-JAN-2024,
OPTIDX,NIFTY,08-Feb-2024,22750,CE,0,0,0,90.25,8.6,0,0,100,0,18-JAN-2024,
OPTIDX,NIFTY,08-Feb-2024,22800,CE,43.35,43.35,26.65,28.8,28.8,1085,12385.42,21500,-3200,18-JAN-2024,
OPTIDX,NIFTY,08-Feb-2024,22850,CE,25,28.3,23.15,24.4,24.4,17,194.44,3100,700,18-JAN-2024,
OPTIDX,NIFTY,08-Feb-2024,22900,CE,30,30,15.5,25,4.85,86,985.79,7050,700,18-JAN-2024,
OPTIDX,NIFTY,08-Feb-2024,22950,CE,34.05,34.05,34.05,34.05,34.05,1,11.49,3100,0,18-JAN-2024,
OPTIDX,NIFTY,08-Feb-2024,23000,CE,30.85,37.7,19.7,20.55,20.55,1654,19039.03,60300,13700,18-JAN-2024,
OPTIDX,NIFTY,08-Feb-2024,23050,CE,30.7,30.7,18.6,18.6,2.6,4,46.15,650,50,18-JAN-2024,
OPTIDX,NIFTY,08-Feb-2024,23100,CE,27,27.05,15,19.5,19.5,38,439.26,3700,-50,18-JAN-2024,
OPTIDX,NIFTY,08-Feb-2024,23150,CE,6,17,6,15.3,15.3,26,301.15,1350,250,18-JAN-2024,
OPTIDX,NIFTY,08-Feb-2024,23200,CE,22.95,24,10.2,11.95,11.95,107,1242,3600,1300,18-JAN-2024,
OPTIDX,NIFTY,08-Feb-2024,23250,CE,0,0,0,17.75,1.1,0,0,1300,0,18-JAN-2024,
OPTIDX,NIFTY,08-Feb-2024,23300,CE,13.65,15.1,9.3,12.95,12.95,39,454.61,3650,350,18-JAN-2024,
OPTIDX,NIFTY,08-Feb-2024,23350,CE,0,0,0,19.4,0.7,0,0,1700,0,18-JAN-2024,
OPTIDX,NIFTY,08-Feb-2024,23400,CE,19.15,19.15,10.8,11.7,11.7,18,210.71,1900,50,18-JAN-2024,
OPTIDX,NIFTY,08-Feb-2024,23450,CE,7.9,8.65,7.9,8.65,0.4,3,35.18,7100,0,18-JAN-2024,
OPTIDX,NIFTY,08-Feb-2024,23500,CE,18.1,18.1,9.55,10.6,10.6,416,4890.29,9750,150,18-JAN-2024,
OPTIDX,NIFTY,08-Feb-2024,23550,CE,14.3,14.3,12.3,12.3,0.25,12,141.37,2200,0,18-JAN-2024,
OPTIDX,NIFTY,08-Feb-2024,23600,CE,15.65,15.65,6.55,11.35,11.35,44,519.42,3100,-800,18-JAN-2024,
OPTIDX,NIFTY,08-Feb-2024,23650,CE,13.5,13.5,8.05,9,9,202,2389.64,4050,-4450,18-JAN-2024,
OPTIDX,NIFTY,08-Feb-2024,23700,CE,0,0,0,15.8,0.1,0,0,2700,0,18-JAN-2024,
OPTIDX,NIFTY,08-Feb-2024,23750,CE,13.95,13.95,7.8,9,0.1,77,914.74,1350,-2450,18-JAN-2024,
OPTIDX,NIFTY,08-Feb-2024,23800,CE,10.05,10.95,7.2,8.5,8.5,221,2630.88,3900,-2750,18-JAN-2024,
OPTIDX,NIFTY,08-Feb-2024,23850,CE,11.5,11.65,3.4,7.35,7.35,274,3268.63,2800,-4350,18-JAN-2024,
OPTIDX,NIFTY,08-Feb-2024,19750,PE,0,0,0,4.8,0.3,0,0,0,0,18-JAN-2024,
OPTIDX,NIFTY,08-Feb-2024,19800,PE,0,0,0,5.6,0.4,0,0,0,0,18-JAN-2024,
OPTIDX,NIFTY,08-Feb-2024,19850,PE,0,0,0,6.55,0.55,0,0,0,0,18-JAN-2024,
OPTIDX,NIFTY,08-Feb-2024,19900,PE,0,0,0,4.1,0.7,0,0,1800,0,18-JAN-2024,
OPTIDX,NIFTY,08-Feb-2024,19950,PE,0,0,0,8.85,0.9,0,0,0,0,18-JAN-2024,
OPTIDX,NIFTY,08-Feb-2024,20000,PE,5.3,21.15,5.3,16.95,16.95,154,1541.42,5650,2150,18-JAN-2024,
OPTIDX,NIFTY,08-Feb-2024,20050,PE,0,0,0,11.8,1.55,0,0,0,0,18-JAN-2024,
OPTIDX,NIFTY,08-Feb-2024,20100,PE,0,0,0,15.95,2,0,0,250,0,18-JAN-2024,
OPTIDX,NIFTY,08-Feb-2024,20150,PE,0,0,0,15.6,2.55,0,0,0,0,18-JAN-2024,
OPTIDX,NIFTY,08-Feb-2024,20200,PE,0,0,0,17.85,3.25,0,0,0,0,18-JAN-2024,
OPTIDX,NIFTY,08-Feb-2024,20250,PE,0,0,0,20.35,4.1,0,0,0,0,18-JAN-2024,
OPTIDX,NIFTY,08-Feb-2024,20300,PE,0,0,0,23.2,5.15,0,0,0,0,18-JAN-2024,
OPTIDX,NIFTY,08-Feb-2024,20350,PE,0,0,0,26.3,6.45,0,0,0,0,18-JAN-2024,
OPTIDX,NIFTY,08-Feb-2024,20400,PE,55.95,69.2,30,30.75,30.75,641,6554.99,7400,-3550,18-JAN-2024,
OPTIDX,NIFTY,08-Feb-2024,20450,PE,0,0,0,33.65,9.85,0,0,0,0,18-JAN-2024,
OPTIDX,NIFTY,08-Feb-2024,20500,PE,60.15,82,33.7,37.1,37.1,1136,11673.97,15550,-350,18-JAN-2024,
OPTIDX,NIFTY,08-Feb-2024,20550,PE,0,0,0,28,14.7,0,0,3500,0,18-JAN-2024,
OPTIDX,NIFTY,08-Feb-2024,20600,PE,61.15,85.05,40,42.4,42.4,596,6153.73,25750,21100,18-JAN-2024,
OPTIDX,NIFTY,08-Feb-2024,20650,PE,0,0,0,53.4,21.4,0,0,0,0,18-JAN-2024,
OPTIDX,NIFTY,08-Feb-2024,20700,PE,70,116.8,52.45,54.65,54.65,616,6399.87,12150,1750,18-JAN-2024,
OPTIDX,NIFTY,08-Feb-2024,20750,PE,0,0,0,62.65,30.5,0,0,0,0,18-JAN-2024,
OPTIDX,NIFTY,08-Feb-2024,20800,PE,0,0,0,73.6,36.1,0,0,0,0,18-JAN-2024,
OPTIDX,NIFTY,08-Feb-2024,20850,PE,0,0,0,81.55,42.55,0,0,0,0,18-JAN-2024,
OPTIDX,NIFTY,08-Feb-2024,20900,PE,115,160,78,81.05,81.05,380,3991.76,13650,4500,18-JAN-2024,
OPTIDX,NIFTY,08-Feb-2024,20950,PE,0,0,0,99.4,58.1,0,0,0,0,18-JAN-2024,
OPTIDX,NIFTY,08-Feb-2024,21000,PE,120,189.95,96,100.65,100.65,3367,35578.3,64650,31600,18-JAN-2024,
OPTIDX,NIFTY,08-Feb-2024,21050,PE,0,0,0,92.5,77.85,0,0,1000,0,18-JAN-2024,
OPTIDX,NIFTY,08-Feb-2024,21100,PE,159.75,222.55,115.35,120.15,120.15,677,7193.73,13050,10500,18-JAN-2024,
OPTIDX,NIFTY,08-Feb-2024,21150,PE,0,0,0,144.75,102.3,0,0,0,0,18-JAN-2024,
OPTIDX,NIFTY,08-Feb-2024,21200,PE,195,253.2,142.1,150.05,150.05,635,6791.29,11400,5400,18-JAN-2024,
OPTIDX,NIFTY,08-Feb-2024,21250,PE,250.25,250.25,154.85,166.2,166.2,17,182.51,600,600,18-JAN-2024,
OPTIDX,NIFTY,08-Feb-2024,21300,PE,214.8,298.8,166.8,170.35,170.35,1116,12002.45,16750,9000,18-JAN-2024,
OPTIDX,NIFTY,08-Feb-2024,21350,PE,225.65,240.7,180.1,185,185,10,107.82,350,350,18-JAN-2024,
OPTIDX,NIFTY,08-Feb-2024,21400,PE,255,340,204.05,213.25,213.25,4136,44755.43,83800,77950,18-JAN-2024,
OPTIDX,NIFTY,08-Feb-2024,21450,PE,301,350,225.95,234.4,234.4,123,1335.32,1350,700,18-JAN-2024,
OPTIDX,NIFTY,08-Feb-2024,21500,PE,300.05,389.15,241.65,249.8,249.8,2092,22805.6,51000,26300,18-JAN-2024,
OPTIDX,NIFTY,08-Feb-2024,21550,PE,320,394.25,267.1,277.1,277.1,31,339.01,1400,250,18-JAN-2024,
OPTIDX,NIFTY,08-Feb-2024,21600,PE,334,445.7,284.4,290.35,290.35,1764,19335.06,59050,44300,18-JAN-2024,
OPTIDX,NIFTY,08-Feb-2024,21650,PE,515.75,515.75,321.8,334.9,310.1,17,187.23,1600,50,18-JAN-2024,
OPTIDX,NIFTY,08-Feb-2024,21700,PE,400,476.8,336.8,345.35,345.35,273,3013.99,12500,-600,18-JAN-2024,
OPTIDX,NIFTY,08-Feb-2024,21750,PE,439.9,515.75,388.1,388.1,369.9,50,554.85,1300,200,18-JAN-2024,
OPTIDX,NIFTY,08-Feb-2024,21800,PE,448.75,566.3,386.7,393.7,393.7,362,4032.13,16300,-3100,18-JAN-2024,
OPTIDX,NIFTY,08-Feb-2024,21850,PE,478.7,597.9,430.1,445.85,445.85,98,1097.16,3300,950,18-JAN-2024,
OPTIDX,NIFTY,08-Feb-2024,21900,PE,539.25,576.1,452.35,457.55,457.55,213,2387.99,6350,-4500,18-JAN-2024,
OPTIDX,NIFTY,08-Feb-2024,21950,PE,500.8,513.35,500.8,513.35,513.35,2,22.45,2950,-50,18-JAN-2024,
OPTIDX,NIFTY,08-Feb-2024,22000,PE,610,704.75,505,517.6,517.6,1055,11905.91,59400,-100,18-JAN-2024,
OPTIDX,NIFTY,08-Feb-2024,22050,PE,605,700.7,600,700.7,582.65,13,147.34,2400,-500,18-JAN-2024,
OPTIDX,NIFTY,08-Feb-2024,22100,PE,643.05,755,643.05,676.4,622.35,9,102.54,10550,0,18-JAN-2024,
OPTIDX,NIFTY,08-Feb-2024,22150,PE,0,0,0,600,663.1,0,0,3500,0,18-JAN-2024,
OPTIDX,NIFTY,08-Feb-2024,22200,PE,740,740,740,740,704.8,1,11.47,9750,0,18-JAN-2024,
OPTIDX,NIFTY,08-Feb-2024,22250,PE,0,0,0,383.75,747.4,0,0,3000,0,18-JAN-2024,
OPTIDX,NIFTY,08-Feb-2024,22300,PE,0,0,0,717.8,790.85,0,0,800,0,18-JAN-2024,
OPTIDX,NIFTY,08-Feb-2024,22350,PE,0,0,0,721.05,835.05,0,0,0,0,18-JAN-2024,
OPTIDX,NIFTY,08-Feb-2024,22400,PE,0,0,0,501.5,879.9,0,0,50,0,18-JAN-2024,
OPTIDX,NIFTY,08-Feb-2024,22450,PE,0,0,0,793.45,925.4,0,0,0,0,18-JAN-2024,
OPTIDX,NIFTY,08-Feb-2024,22500,PE,964.9,1010,901.85,957.45,971.45,17,199.45,3450,250,18-JAN-2024,
OPTIDX,NIFTY,08-Feb-2024,22550,PE,0,0,0,869.15,1018,0,0,0,0,18-JAN-2024,
OPTIDX,NIFTY,08-Feb-2024,22600,PE,0,0,0,569,1065,0,0,100,0,18-JAN-2024,
OPTIDX,NIFTY,08-Feb-2024,22650,PE,0,0,0,947.6,1112.4,0,0,0,0,18-JAN-2024,
OPTIDX,NIFTY,08-Feb-2024,22700,PE,0,0,0,987.85,1160.15,0,0,0,0,18-JAN-2024,
OPTIDX,NIFTY,08-Feb-2024,22750,PE,0,0,0,1028.7,1208.2,0,0,0,0,18-JAN-2024,
OPTIDX,NIFTY,08-Feb-2024,22800,PE,0,0,0,1070.2,1256.5,0,0,0,0,18-JAN-2024,
OPTIDX,NIFTY,08-Feb-2024,22850,PE,0,0,0,1112.25,1305.05,0,0,0,0,18-JAN-2024,
OPTIDX,NIFTY,08-Feb-2024,22900,PE,0,0,0,1154.85,1353.8,0,0,0,0,18-JAN-2024,
OPTIDX,NIFTY,08-Feb-2024,22950,PE,0,0,0,1198,1402.75,0,0,0,0,18-JAN-2024,
OPTIDX,NIFTY,08-Feb-2024,23000,PE,0,0,0,1241.6,1451.8,0,0,0,0,18-JAN-2024,
OPTIDX,NIFTY,08-Feb-2024,23050,PE,0,0,0,1285.7,1501,0,0,0,0,18-JAN-2024,
OPTIDX,NIFTY,08-Feb-2024,23100,PE,0,0,0,1330.2,1550.3,0,0,0,0,18-JAN-2024,
OPTIDX,NIFTY,08-Feb-2024,23150,PE,0,0,0,1375.15,1599.7,0,0,0,0,18-JAN-2024,
OPTIDX,NIFTY,08-Feb-2024,23200,PE,0,0,0,1420.5,1649.2,0,0,0,0,18-JAN-2024,
OPTIDX,NIFTY,08-Feb-2024,23250,PE,0,0,0,1466.15,1698.7,0,0,0,0,18-JAN-2024,
OPTIDX,NIFTY,08-Feb-2024,23300,PE,0,0,0,1512.2,1748.3,0,0,0,0,18-JAN-2024,
OPTIDX,NIFTY,08-Feb-2024,23350,PE,0,0,0,1558.5,1797.95,0,0,0,0,18-JAN-2024,
OPTIDX,NIFTY,08-Feb-2024,23400,PE,0,0,0,1605.15,1847.6,0,0,0,0,18-JAN-2024,
OPTIDX,NIFTY,08-Feb-2024,23450,PE,0,0,0,1652.05,1897.3,0,0,0,0,18-JAN-2024,
OPTIDX,NIFTY,08-Feb-2024,23500,PE,0,0,0,1699.2,1947,0,0,0,0,18-JAN-2024,
OPTIDX,NIFTY,08-Feb-2024,23550,PE,0,0,0,1746.55,1996.75,0,0,0,0,18-JAN-2024,
OPTIDX,NIFTY,08-Feb-2024,23600,PE,0,0,0,1794.15,2046.5,0,0,0,0,18-JAN-2024,
OPTIDX,NIFTY,08-Feb-2024,23650,PE,0,0,0,1442.45,2096.25,0,0,250,0,18-JAN-2024,
OPTIDX,NIFTY,08-Feb-2024,23700,PE,0,0,0,1889.95,2146,0,0,0,0,18-JAN-2024,
OPTIDX,NIFTY,08-Feb-2024,23750,PE,0,0,0,1938.05,2195.8,0,0,0,0,18-JAN-2024,
OPTIDX,NIFTY,08-Feb-2024,23800,PE,0,0,0,1986.35,2245.55,0,0,0,0,18-JAN-2024,
OPTIDX,NIFTY,08-Feb-2024,23850,PE,0,0,0,2034.8,2295.35,0,0,0,0,18-JAN-2024,
OPTIDX,NIFTY,15-Feb-2024,19800,CE,0,0,0,1990.85,1765.9,0,0,0,0,18-JAN-2024,
OPTIDX,NIFTY,15-Feb-2024,19850,CE,0,0,0,1942.15,1716.55,0,0,0,0,18-JAN-2024,
OPTIDX,NIFTY,15-Feb-2024,19900,CE,0,0,0,1893.55,1667.2,0,0,0,0,18-JAN-2024,
OPTIDX,NIFTY,15-Feb-2024,19950,CE,0,0,0,1845.15,1618,0,0,0,0,18-JAN-2024,
OPTIDX,NIFTY,15-Feb-2024,20000,CE,0,0,0,1796.85,1568.9,0,0,0,0,18-JAN-2024,
OPTIDX,NIFTY,15-Feb-2024,20050,CE,0,0,0,1748.8,1519.95,0,0,0,0,18-JAN-2024,
OPTIDX,NIFTY,15-Feb-2024,20100,CE,0,0,0,1700.9,1471.15,0,0,0,0,18-JAN-2024,
OPTIDX,NIFTY,15-Feb-2024,20150,CE,0,0,0,1653.3,1422.5,0,0,0,0,18-JAN-2024,
OPTIDX,NIFTY,15-Feb-2024,20200,CE,0,0,0,1605.9,1374.05,0,0,0,0,18-JAN-2024,
OPTIDX,NIFTY,15-Feb-2024,20250,CE,0,0,0,1558.75,1325.85,0,0,0,0,18-JAN-2024,
OPTIDX,NIFTY,15-Feb-2024,20300,CE,0,0,0,1511.9,1277.95,0,0,0,0,18-JAN-2024,
OPTIDX,NIFTY,15-Feb-2024,20350,CE,0,0,0,1465.4,1230.3,0,0,0,0,18-JAN-2024,
OPTIDX,NIFTY,15-Feb-2024,20400,CE,0,0,0,1419.25,1183.05,0,0,0,0,18-JAN-2024,
OPTIDX,NIFTY,15-Feb-2024,20450,CE,0,0,0,1373.5,1136.15,0,0,0,0,18-JAN-2024,
OPTIDX,NIFTY,15-Feb-2024,20500,CE,0,0,0,1328.1,1089.65,0,0,0,0,18-JAN-2024,
OPTIDX,NIFTY,15-Feb-2024,20550,CE,0,0,0,1283.15,1043.7,0,0,0,0,18-JAN-2024,
OPTIDX,NIFTY,15-Feb-2024,20600,CE,0,0,0,1238.7,998.25,0,0,0,0,18-JAN-2024,
OPTIDX,NIFTY,15-Feb-2024,20650,CE,0,0,0,1194.75,953.35,0,0,0,0,18-JAN-2024,
OPTIDX,NIFTY,15-Feb-2024,20700,CE,0,0,0,1151.3,909.1,0,0,0,0,18-JAN-2024,
OPTIDX,NIFTY,15-Feb-2024,20750,CE,0,0,0,1108.4,865.55,0,0,0,0,18-JAN-2024,
OPTIDX,NIFTY,15-Feb-2024,20800,CE,0,0,0,1066.1,822.75,0,0,0,0,18-JAN-2024,
OPTIDX,NIFTY,15-Feb-2024,20850,CE,0,0,0,1024.45,780.75,0,0,0,0,18-JAN-2024,
OPTIDX,NIFTY,15-Feb-2024,20900,CE,0,0,0,983.45,739.6,0,0,0,0,18-JAN-2024,
OPTIDX,NIFTY,15-Feb-2024,20950,CE,0,0,0,943.15,699.35,0,0,0,0,18-JAN-2024,
OPTIDX,NIFTY,15-Feb-2024,21000,CE,0,0,0,903.55,660.1,0,0,50,0,18-JAN-2024,
OPTIDX,NIFTY,15-Feb-2024,21050,CE,0,0,0,864.75,621.9,0,0,0,0,18-JAN-2024,
OPTIDX,NIFTY,15-Feb-2024,21100,CE,0,0,0,826.7,584.75,0,0,0,0,18-JAN-2024,
OPTIDX,NIFTY,15-Feb-2024,21150,CE,0,0,0,790.25,548.7,0,0,0,0,18-JAN-2024,
OPTIDX,NIFTY,15-Feb-2024,21200,CE,0,0,0,752.9,513.85,0,0,0,0,18-JAN-2024,
OPTIDX,NIFTY,15-Feb-2024,21250,CE,553.75,579.65,521.65,552.75,480.2,6,65.4,150,150,18-JAN-2024,
OPTIDX,NIFTY,15-Feb-2024,21300,CE,527.1,595.7,455.35,532.75,532.75,37,403.49,800,800,18-JAN-2024,
OPTIDX,NIFTY,15-Feb-2024,21350,CE,510,510,510,510,416.65,3,32.79,150,150,18-JAN-2024,
OPTIDX,NIFTY,15-Feb-2024,21400,CE,469.45,530.4,368.85,471.35,471.35,110,1202.76,2650,2650,18-JAN-2024,
OPTIDX,NIFTY,15-Feb-2024,21450,CE,380,442.1,366.3,442,442,41,447.96,1850,1850,18-JAN-2024,
OPTIDX,NIFTY,15-Feb-2024,21500,CE,410,455.5,341,412.35,412.35,313,3426.8,10750,8150,18-JAN-2024,
OPTIDX,NIFTY,15-Feb-2024,21550,CE,0,0,0,523.7,305.3,0,0,0,0,18-JAN-2024,
OPTIDX,NIFTY,15-Feb-2024,21600,CE,365.15,382.7,250.05,358.1,358.1,72,790.01,6700,500,18-JAN-2024,
OPTIDX,NIFTY,15-Feb-2024,21650,CE,300,328.75,300,328.75,257.65,2,21.96,250,100,18-JAN-2024,
OPTIDX,NIFTY,15-Feb-2024,21700,CE,308.95,342.65,250,311.25,311.25,80,880.15,4700,500,18-JAN-2024,
OPTIDX,NIFTY,15-Feb-2024,21750,CE,257.5,288.6,257.5,288.6,215.25,2,22.02,600,100,18-JAN-2024,
OPTIDX,NIFTY,15-Feb-2024,21800,CE,273.75,293.05,199.85,254.1,254.1,126,1389.93,6450,150,18-JAN-2024,
OPTIDX,NIFTY,15-Feb-2024,21850,CE,0,0,0,507.75,178.05,0,0,50,0,18-JAN-2024,
OPTIDX,NIFTY,15-Feb-2024,21900,CE,197.85,229.65,178.05,216.85,161.3,26,287.43,3450,350,18-JAN-2024,
OPTIDX,NIFTY,15-Feb-2024,21950,CE,189.9,189.9,189.9,189.9,145.75,1,11.06,150,50,18-JAN-2024,
OPTIDX,NIFTY,15-Feb-2024,22000,CE,200,233.55,150,183.8,183.8,662,7340.24,20100,4300,18-JAN-2024,
OPTIDX,NIFTY,15-Feb-2024,22050,CE,180.05,180.05,163.05,167.8,167.8,4,44.44,700,50,18-JAN-2024,
OPTIDX,NIFTY,15-Feb-2024,22100,CE,139.65,174.9,139.65,145,145,89,990.35,10500,2500,18-JAN-2024,
OPTIDX,NIFTY,15-Feb-2024,22150,CE,120,126.05,120,126.05,94.6,6,66.81,950,50,18-JAN-2024,
OPTIDX,NIFTY,15-Feb-2024,22200,CE,158.2,158.2,104.95,121.45,121.45,143,1596.07,3150,1350,18-JAN-2024,
OPTIDX,NIFTY,15-Feb-2024,22250,CE,103.15,112,103.15,112,75,28,313.04,900,-450,18-JAN-2024,
OPTIDX,NIFTY,15-Feb-2024,22300,CE,0,0,0,150,66.45,0,0,7450,0,18-JAN-2024,
OPTIDX,NIFTY,15-Feb-2024,22350,CE,86.7,95.35,86.7,95.35,95.35,4,44.87,850,0,18-JAN-2024,
OPTIDX,NIFTY,15-Feb-2024,22400,CE,74.8,99.95,74.8,86.1,86.1,10,112.43,700,400,18-JAN-2024,
OPTIDX,NIFTY,15-Feb-2024,22450,CE,65,65,64.75,64.75,45.55,5,56.28,1700,-150,18-JAN-2024,
OPTIDX,NIFTY,15-Feb-2024,22500,CE,94.95,94.95,60,69.9,69.9,788,8893.23,25100,17700,18-JAN-2024,
OPTIDX,NIFTY,15-Feb-2024,22550,CE,0,0,0,130.35,34.9,0,0,0,0,18-JAN-2024,
OPTIDX,NIFTY,15-Feb-2024,22600,CE,58,75.1,52,56.65,56.65,120,1359.89,6900,4150,18-JAN-2024,
OPTIDX,NIFTY,15-Feb-2024,22650,CE,0,0,0,109.95,26.45,0,0,0,0,18-JAN-2024,
OPTIDX,NIFTY,15-Feb-2024,22700,CE,31.2,51.7,31.2,49.7,49.7,86,978.15,1750,-400,18-JAN-2024,
OPTIDX,NIFTY,15-Feb-2024,22750,CE,0,0,0,92.2,19.8,0,0,0,0,18-JAN-2024,
OPTIDX,NIFTY,15-Feb-2024,22800,CE,50,56,38,39.95,39.95,13,148.51,2250,300,18-JAN-2024,
OPTIDX,NIFTY,15-Feb-2024,22850,CE,0,0,0,76.85,14.65,0,0,0,0,18-JAN-2024,
OPTIDX,NIFTY,15-Feb-2024,22900,CE,0,0,0,89.8,12.55,0,0,250,0,18-JAN-2024,
OPTIDX,NIFTY,15-Feb-2024,22950,CE,0,0,0,63.65,10.7,0,0,0,0,18-JAN-2024,
OPTIDX,NIFTY,15-Feb-2024,23000,CE,37,37,23.9,28.2,28.2,408,4698.39,14450,3400,18-JAN-2024,
OPTIDX,NIFTY,15-Feb-2024,23050,CE,0,0,0,52.4,7.75,0,0,0,0,18-JAN-2024,
OPTIDX,NIFTY,15-Feb-2024,23100,CE,0,0,0,47.45,6.55,0,0,0,0,18-JAN-2024,
OPTIDX,NIFTY,15-Feb-2024,23150,CE,10.3,10.3,10.3,10.3,5.55,1,11.58,100,0,18-JAN-2024,
OPTIDX,NIFTY,15-Feb-2024,23200,CE,0,0,0,41,4.65,0,0,50,0,18-JAN-2024,
OPTIDX,NIFTY,15-Feb-2024,23250,CE,0,0,0,33.35,3.9,0,0,100,0,18-JAN-2024,
OPTIDX,NIFTY,15-Feb-2024,23300,CE,0,0,0,34.35,3.3,0,0,500,0,18-JAN-2024,
OPTIDX,NIFTY,15-Feb-2024,23350,CE,0,0,0,28.2,2.75,0,0,0,0,18-JAN-2024,
OPTIDX,NIFTY,15-Feb-2024,23400,CE,21.1,21.1,21.1,21.1,2.3,1,11.71,2200,50,18-JAN-2024,
OPTIDX,NIFTY,15-Feb-2024,23450,CE,0,0,0,22.65,1.9,0,0,0,0,18-JAN-2024,
OPTIDX,NIFTY,15-Feb-2024,23500,CE,16.1,24,13.9,14.05,1.55,48,564.39,2600,450,18-JAN-2024,
OPTIDX,NIFTY,15-Feb-2024,23550,CE,0,0,0,18.1,1.3,0,0,0,0,18-JAN-2024,
OPTIDX,NIFTY,15-Feb-2024,23600,CE,0,0,0,16.15,1.05,0,0,0,0,18-JAN-2024,
OPTIDX,NIFTY,15-Feb-2024,23650,CE,0,0,0,18.55,0.85,0,0,1600,0,18-JAN-2024,
OPTIDX,NIFTY,15-Feb-2024,23700,CE,0,0,0,12.8,0.7,0,0,0,0,18-JAN-2024,
OPTIDX,NIFTY,15-Feb-2024,23750,CE,0,0,0,11.35,0.6,0,0,0,0,18-JAN-2024,
OPTIDX,NIFTY,15-Feb-2024,23800,CE,0,0,0,10.05,0.45,0,0,0,0,18-JAN-2024,
OPTIDX,NIFTY,15-Feb-2024,23850,CE,0,0,0,8.9,0.4,0,0,0,0,18-JAN-2024,
OPTIDX,NIFTY,15-Feb-2024,19800,PE,21.15,21.15,21,21,1.4,3,29.73,150,150,18-JAN-2024,
OPTIDX,NIFTY,15-Feb-2024,19850,PE,0,0,0,6.5,1.75,0,0,0,0,18-JAN-2024,
OPTIDX,NIFTY,15-Feb-2024,19900,PE,0,0,0,7.55,2.2,0,0,0,0,18-JAN-2024,
OPTIDX,NIFTY,15-Feb-2024,19950,PE,0,0,0,8.8,2.75,0,0,0,0,18-JAN-2024,
OPTIDX,NIFTY,15-Feb-2024,20000,PE,23,32.55,22.65,23.25,23.25,41,410.53,800,800,18-JAN-2024,
OPTIDX,NIFTY,15-Feb-2024,20050,PE,0,0,0,11.75,4.15,0,0,0,0,18-JAN-2024,
OPTIDX,NIFTY,15-Feb-2024,20100,PE,0,0,0,13.5,5.05,0,0,0,0,18-JAN-2024,
OPTIDX,NIFTY,15-Feb-2024,20150,PE,0,0,0,15.5,6.2,0,0,0,0,18-JAN-2024,
OPTIDX,NIFTY,15-Feb-2024,20200,PE,0,0,0,17.75,7.5,0,0,0,0,18-JAN-2024,
OPTIDX,NIFTY,15-Feb-2024,20250,PE,0,0,0,20.3,9.05,0,0,0,0,18-JAN-2024,
OPTIDX,NIFTY,15-Feb-2024,20300,PE,0,0,0,23.1,10.85,0,0,0,0,18-JAN-2024,
OPTIDX,NIFTY,15-Feb-2024,20350,PE,0,0,0,26.25,12.95,0,0,0,0,18-JAN-2024,
OPTIDX,NIFTY,15-Feb-2024,20400,PE,0,0,0,29.75,15.4,0,0,0,0,18-JAN-2024,
OPTIDX,NIFTY,15-Feb-2024,20450,PE,0,0,0,33.65,18.25,0,0,0,0,18-JAN-2024,
OPTIDX,NIFTY,15-Feb-2024,20500,PE,53.35,70,47,50.6,50.6,84,863.41,1600,1600,18-JAN-2024,
OPTIDX,NIFTY,15-Feb-2024,20550,PE,0,0,0,42.6,25.3,0,0,0,0,18-JAN-2024,
OPTIDX,NIFTY,15-Feb-2024,20600,PE,0,0,0,47.8,29.6,0,0,0,0,18-JAN-2024,
OPTIDX,NIFTY,15-Feb-2024,20650,PE,0,0,0,53.5,34.45,0,0,0,0,18-JAN-2024,
OPTIDX,NIFTY,15-Feb-2024,20700,PE,0,0,0,59.7,39.95,0,0,0,0,18-JAN-2024,
OPTIDX,NIFTY,15-Feb-2024,20750,PE,0,0,0,66.45,46.15,0,0,0,0,18-JAN-2024,
OPTIDX,NIFTY,15-Feb-2024,20800,PE,0,0,0,73.85,53.05,0,0,0,0,18-JAN-2024,
OPTIDX,NIFTY,15-Feb-2024,20850,PE,0,0,0,81.8,60.8,0,0,0,0,18-JAN-2024,
OPTIDX,NIFTY,15-Feb-2024,20900,PE,0,0,0,90.5,69.4,0,0,0,0,18-JAN-2024,
OPTIDX,NIFTY,15-Feb-2024,20950,PE,0,0,0,99.8,78.9,0,0,0,0,18-JAN-2024,
OPTIDX,NIFTY,15-Feb-2024,21000,PE,142.9,213.7,117.1,123.65,123.65,760,8036.24,10000,4650,18-JAN-2024,
OPTIDX,NIFTY,15-Feb-2024,21050,PE,0,0,0,120.7,100.9,0,0,0,0,18-JAN-2024,
OPTIDX,NIFTY,15-Feb-2024,21100,PE,0,0,0,132.3,113.5,0,0,0,0,18-JAN-2024,
OPTIDX,NIFTY,15-Feb-2024,21150,PE,0,0,0,49.55,127.2,0,0,50,0,18-JAN-2024,
OPTIDX,NIFTY,15-Feb-2024,21200,PE,206.75,270.45,169.1,169.25,169.25,36,385.09,1200,1200,18-JAN-2024,
OPTIDX,NIFTY,15-Feb-2024,21250,PE,0,0,0,171.95,158.2,0,0,0,0,18-JAN-2024,
OPTIDX,NIFTY,15-Feb-2024,21300,PE,0,0,0,186.95,175.5,0,0,0,0,18-JAN-2024,
OPTIDX,NIFTY,15-Feb-2024,21350,PE,0,0,0,202.9,194.1,0,0,0,0,18-JAN-2024,
OPTIDX,NIFTY,15-Feb-2024,21400,PE,295,362.4,231.95,233.1,233.1,210,2277.12,4000,3150,18-JAN-2024,
OPTIDX,NIFTY,15-Feb-2024,21450,PE,278.05,278.05,278.05,278.05,235.25,3,32.59,350,150,18-JAN-2024,
OPTIDX,NIFTY,15-Feb-2024,21500,PE,287,400.85,266.25,271.85,271.85,397,4331.67,14050,-1150,18-JAN-2024,
OPTIDX,NIFTY,15-Feb-2024,21550,PE,0,0,0,276.15,281.75,0,0,0,0,18-JAN-2024,
OPTIDX,NIFTY,15-Feb-2024,21600,PE,326.1,444.5,304.45,325.5,325.5,120,1318.33,3800,-50,18-JAN-2024,
OPTIDX,NIFTY,15-Feb-2024,21650,PE,0,0,0,349.5,333.55,0,0,350,0,18-JAN-2024,
OPTIDX,NIFTY,15-Feb-2024,21700,PE,420,482.8,360.4,360.4,360.4,23,254.35,2150,0,18-JAN-2024,
OPTIDX,NIFTY,15-Feb-2024,21750,PE,0,0,0,365.25,390.7,0,0,0,0,18-JAN-2024,
OPTIDX,NIFTY,15-Feb-2024,21800,PE,421.7,529.4,400.3,426.95,426.95,41,456.7,3150,-550,18-JAN-2024,
OPTIDX,NIFTY,15-Feb-2024,21850,PE,0,0,0,415.7,452.95,0,0,0,0,18-JAN-2024,
OPTIDX,NIFTY,15-Feb-2024,21900,PE,0,0,0,479.85,485.95,0,0,1000,0,18-JAN-2024,
OPTIDX,NIFTY,15-Feb-2024,21950,PE,0,0,0,470.3,520.15,0,0,0,0,18-JAN-2024,
OPTIDX,NIFTY,15-Feb-2024,22000,PE,599.9,699.9,548.15,560,555.5,26,293.55,6150,650,18-JAN-2024,
OPTIDX,NIFTY,15-Feb-2024,22050,PE,0,0,0,560,591.95,0,0,1250,0,18-JAN-2024,
OPTIDX,NIFTY,15-Feb-2024,22100,PE,0,0,0,446.5,629.45,0,0,1250,0,18-JAN-2024,
OPTIDX,NIFTY,15-Feb-2024,22150,PE,0,0,0,343.55,667.95,0,0,50,0,18-JAN-2024,
OPTIDX,NIFTY,15-Feb-2024,22200,PE,561.85,800,561.85,800,800,3,34.38,1700,0,18-JAN-2024,
OPTIDX,NIFTY,15-Feb-2024,22250,PE,0,0,0,657.2,747.8,0,0,0,0,18-JAN-2024,
OPTIDX,NIFTY,15-Feb-2024,22300,PE,0,0,0,410,789.05,0,0,2200,0,18-JAN-2024,
OPTIDX,NIFTY,15-Feb-2024,22350,PE,0,0,0,726.75,831.1,0,0,0,0,18-JAN-2024,
OPTIDX,NIFTY,15-Feb-2024,22400,PE,0,0,0,762.8,873.85,0,0,0,0,18-JAN-2024,
OPTIDX,NIFTY,15-Feb-2024,22450,PE,0,0,0,800.6,917.35,0,0,0,0,18-JAN-2024,
OPTIDX,NIFTY,15-Feb-2024,22500,PE,0,0,0,837.45,961.45,0,0,0,0,18-JAN-2024,
OPTIDX,NIFTY,15-Feb-2024,22550,PE,0,0,0,875.85,1006.2,0,0,0,0,18-JAN-2024,
OPTIDX,NIFTY,15-Feb-2024,22600,PE,0,0,0,914.95,1051.45,0,0,0,0,18-JAN-2024,
OPTIDX,NIFTY,15-Feb-2024,22650,PE,0,0,0,954.75,1097.2,0,0,0,0,18-JAN-2024,
OPTIDX,NIFTY,15-Feb-2024,22700,PE,0,0,0,995.2,1143.4,0,0,0,0,18-JAN-2024,
OPTIDX,NIFTY,15-Feb-2024,22750,PE,0,0,0,1036.3,1190.05,0,0,0,0,18-JAN-2024,
OPTIDX,NIFTY,15-Feb-2024,22800,PE,0,0,0,1078,1237.05,0,0,0,0,18-JAN-2024,
OPTIDX,NIFTY,15-Feb-2024,22850,PE,0,0,0,1120.25,1284.4,0,0,0,0,18-JAN-2024,
OPTIDX,NIFTY,15-Feb-2024,22900,PE,0,0,0,1163.05,1332.05,0,0,0,0,18-JAN-2024,
OPTIDX,NIFTY,15-Feb-2024,22950,PE,0,0,0,1206.35,1379.95,0,0,0,0,18-JAN-2024,
OPTIDX,NIFTY,15-Feb-2024,23000,PE,0,0,0,910,1428.1,0,0,100,0,18-JAN-2024,
OPTIDX,NIFTY,15-Feb-2024,23050,PE,0,0,0,1294.4,1476.45,0,0,0,0,18-JAN-2024,
OPTIDX,NIFTY,15-Feb-2024,23100,PE,0,0,0,1339.1,1525,0,0,0,0,18-JAN-2024,
OPTIDX,NIFTY,15-Feb-2024,23150,PE,0,0,0,1384.2,1573.75,0,0,0,0,18-JAN-2024,
OPTIDX,NIFTY,15-Feb-2024,23200,PE,0,0,0,1429.7,1622.6,0,0,0,0,18-JAN-2024,
OPTIDX,NIFTY,15-Feb-2024,23250,PE,0,0,0,1475.5,1671.6,0,0,0,0,18-JAN-2024,
OPTIDX,NIFTY,15-Feb-2024,23300,PE,0,0,0,1521.65,1720.7,0,0,0,0,18-JAN-2024,
OPTIDX,NIFTY,15-Feb-2024,23350,PE,0,0,0,1568.15,1769.9,0,0,0,0,18-JAN-2024,
OPTIDX,NIFTY,15-Feb-2024,23400,PE,0,0,0,1614.9,1819.15,0,0,0,0,18-JAN-2024,
OPTIDX,NIFTY,15-Feb-2024,23450,PE,0,0,0,1661.9,1868.55,0,0,0,0,18-JAN-2024,
OPTIDX,NIFTY,15-Feb-2024,23500,PE,0,0,0,1709.15,1917.95,0,0,0,0,18-JAN-2024,
OPTIDX,NIFTY,15-Feb-2024,23550,PE,0,0,0,1756.65,1967.4,0,0,0,0,18-JAN-2024,
OPTIDX,NIFTY,15-Feb-2024,23600,PE,0,0,0,1804.3,2016.9,0,0,0,0,18-JAN-2024,
OPTIDX,NIFTY,15-Feb-2024,23650,PE,0,0,0,1852.2,2066.5,0,0,0,0,18-JAN-2024,
OPTIDX,NIFTY,15-Feb-2024,23700,PE,0,0,0,1900.25,2116.05,0,0,0,0,18-JAN-2024,
OPTIDX,NIFTY,15-Feb-2024,23750,PE,0,0,0,1948.45,2165.65,0,0,0,0,18-JAN-2024,
OPTIDX,NIFTY,15-Feb-2024,23800,PE,0,0,0,1996.85,2215.3,0,0,0,0,18-JAN-2024,
OPTIDX,NIFTY,15-Feb-2024,23850,PE,0,0,0,2045.35,2264.95,0,0,0,0,18-JAN-2024,
OPTIDX,NIFTY,29-Feb-2024,18650,CE,0,0,0,3019.6,2956.6,0,0,50,0,18-JAN-2024,
OPTIDX,NIFTY,29-Feb-2024,18700,CE,2969.95,2970,2870,2960,2960,28,302.41,5650,1300,18-JAN-2024,
OPTIDX,NIFTY,29-Feb-2024,18750,CE,0,0,0,1796,2857.4,0,0,0,0,18-JAN-2024,
OPTIDX,NIFTY,29-Feb-2024,18800,CE,2780,2835,2780,2835,2807.8,2,21.6,200,100,18-JAN-2024,
OPTIDX,NIFTY,29-Feb-2024,18850,CE,0,0,0,1710.25,2758.2,0,0,0,0,18-JAN-2024,
OPTIDX,NIFTY,29-Feb-2024,18900,CE,2699.3,2699.3,2699.3,2699.3,2699.3,1,10.79,50,50,18-JAN-2024,
OPTIDX,NIFTY,29-Feb-2024,18950,CE,0,0,0,1626,2659.05,0,0,0,0,18-JAN-2024,
OPTIDX,NIFTY,29-Feb-2024,19000,CE,2613.8,2706.1,2465,2670.45,2670.45,1577,17053.28,165200,54900,18-JAN-2024,
OPTIDX,NIFTY,29-Feb-2024,19050,CE,0,0,0,1543.4,2559.95,0,0,0,0,18-JAN-2024,
OPTIDX,NIFTY,29-Feb-2024,19100,CE,0,0,0,2190.55,2510.4,0,0,50,0,18-JAN-2024,
OPTIDX,NIFTY,29-Feb-2024,19150,CE,0,0,0,1462.6,2460.85,0,0,0,0,18-JAN-2024,
OPTIDX,NIFTY,29-Feb-2024,19200,CE,2390,2390,2370.15,2370.15,2411.35,3,32.37,600,150,18-JAN-2024,
OPTIDX,NIFTY,29-Feb-2024,19250,CE,0,0,0,1383.65,2361.9,0,0,0,0,18-JAN-2024,
OPTIDX,NIFTY,29-Feb-2024,19300,CE,2200,2200,2200,2200,2312.45,1,10.75,250,50,18-JAN-2024,
OPTIDX,NIFTY,29-Feb-2024,19350,CE,0,0,0,1306.65,2263,0,0,0,0,18-JAN-2024,
OPTIDX,NIFTY,29-Feb-2024,19400,CE,0,0,0,2400,2213.65,0,0,500,0,18-JAN-2024,
OPTIDX,NIFTY,29-Feb-2024,19450,CE,0,0,0,1231.75,2164.3,0,0,0,0,18-JAN-2024,
OPTIDX,NIFTY,29-Feb-2024,19500,CE,2130,2208.25,1990,2158.8,2158.8,502,5431,40400,21450,18-JAN-2024,
OPTIDX,NIFTY,29-Feb-2024,19550,CE,0,0,0,1159.6,2065.8,0,0,0,0,18-JAN-2024,
OPTIDX,NIFTY,29-Feb-2024,19600,CE,1890,2065.85,1890,2065,2065,45,486.6,2350,2250,18-JAN-2024,
OPTIDX,NIFTY,29-Feb-2024,19650,CE,0,0,0,1088.3,1967.55,0,0,0,0,18-JAN-2024,
OPTIDX,NIFTY,29-Feb-2024,19700,CE,1921,2015.9,1845.6,1963.1,1963.1,41,443.79,2250,1800,18-JAN-2024,
OPTIDX,NIFTY,29-Feb-2024,19750,CE,0,0,0,1020.15,1869.7,0,0,0,0,18-JAN-2024,
OPTIDX,NIFTY,29-Feb-2024,19800,CE,1795,1895.4,1795,1895.4,1895.4,12,129.81,2200,600,18-JAN-2024,
OPTIDX,NIFTY,29-Feb-2024,19850,CE,0,0,0,954.5,1772.3,0,0,0,0,18-JAN-2024,
OPTIDX,NIFTY,29-Feb-2024,19900,CE,1738.4,1818.85,1704.45,1807.85,1807.85,59,638.63,3600,2450,18-JAN-2024,
OPTIDX,NIFTY,29-Feb-2024,19950,CE,0,0,0,891.25,1675.55,0,0,0,0,18-JAN-2024,
OPTIDX,NIFTY,29-Feb-2024,20000,CE,1657.75,1751.3,1530,1707.05,1707.05,2764,29939.77,478600,18900,18-JAN-2024,
OPTIDX,NIFTY,29-Feb-2024,20050,CE,0,0,0,750,1579.55,0,0,0,0,18-JAN-2024,
OPTIDX,NIFTY,29-Feb-2024,20100,CE,1570,1610.4,1480,1565,1531.9,71,768.85,3250,2250,18-JAN-2024,
OPTIDX,NIFTY,29-Feb-2024,20150,CE,0,0,0,1735,1484.55,0,0,50,0,18-JAN-2024,
OPTIDX,NIFTY,29-Feb-2024,20200,CE,1471.35,1554.05,1368.05,1507,1507,303,3280.23,13350,-450,18-JAN-2024,
OPTIDX,NIFTY,29-Feb-2024,20250,CE,1385,1385,1300,1300,1390.7,6,64.73,350,150,18-JAN-2024,
OPTIDX,NIFTY,29-Feb-2024,20300,CE,1355,1393,1261.45,1381,1344.25,41,444.09,6750,1700,18-JAN-2024,
OPTIDX,NIFTY,29-Feb-2024,20350,CE,0,0,0,664.05,1298.2,0,0,0,0,18-JAN-2024,
OPTIDX,NIFTY,29-Feb-2024,20400,CE,1260,1375,1195,1288,1252.6,60,650.3,6100,2250,18-JAN-2024,
OPTIDX,NIFTY,29-Feb-2024,20450,CE,1309.95,1309.95,1309.95,1309.95,1207.45,1,10.87,50,50,18-JAN-2024,
OPTIDX,NIFTY,29-Feb-2024,20500,CE,1215,1293.15,1095,1242.2,1242.2,1129,12239.22,173550,15650,18-JAN-2024,
OPTIDX,NIFTY,29-Feb-2024,20550,CE,0,0,0,1670,1118.6,0,0,800,0,18-JAN-2024,
OPTIDX,NIFTY,29-Feb-2024,20600,CE,1115.7,1177.55,1021,1177.55,1177.55,152,1649.71,8650,5200,18-JAN-2024,
OPTIDX,NIFTY,29-Feb-2024,20650,CE,1088,1140,1012.7,1126.1,1031.95,10,108.67,500,300,18-JAN-2024,
OPTIDX,NIFTY,29-Feb-2024,20700,CE,1036.6,1122.3,935,1072,1072,59,640.8,6000,250,18-JAN-2024,
OPTIDX,NIFTY,29-Feb-2024,20750,CE,1007.2,1060,994,1060,947.9,8,87.07,750,200,18-JAN-2024,
OPTIDX,NIFTY,29-Feb-2024,20800,CE,960,1023,857.9,997.8,997.8,169,1836.49,14350,4350,18-JAN-2024,
OPTIDX,NIFTY,29-Feb-2024,20850,CE,927.1,934.75,845,845,866.65,7,76.1,950,150,18-JAN-2024,
OPTIDX,NIFTY,29-Feb-2024,20900,CE,899,949.55,786,894.3,894.3,63,685.81,13700,1150,18-JAN-2024,
OPTIDX,NIFTY,29-Feb-2024,20950,CE,848.3,848.3,753,800.05,788.6,18,195.57,1350,600,18-JAN-2024,
OPTIDX,NIFTY,29-Feb-2024,21000,CE,810.05,881.05,715,842.2,842.2,5712,62270.65,397000,73150,18-JAN-2024,
OPTIDX,NIFTY,29-Feb-2024,21050,CE,783.05,806.8,693.05,806.2,713.95,64,698.42,5150,2200,18-JAN-2024,
OPTIDX,NIFTY,29-Feb-2024,21100,CE,742,799,650.05,763.8,763.8,555,6056.69,24050,9250,18-JAN-2024,
OPTIDX,NIFTY,29-Feb-2024,21150,CE,697.95,760,615,727,727,386,4211.31,7550,5450,18-JAN-2024,
OPTIDX,NIFTY,29-Feb-2024,21200,CE,672.05,731.05,582,688.45,688.45,1500,16395.29,48600,16600,18-JAN-2024,
OPTIDX,NIFTY,29-Feb-2024,21250,CE,643.05,666,567,656,656,121,1323.11,12950,2850,18-JAN-2024,
OPTIDX,NIFTY,29-Feb-2024,21300,CE,609.05,661,523,617.2,617.2,5131,56138.26,48400,29850,18-JAN-2024,
OPTIDX,NIFTY,29-Feb-2024,21350,CE,607.1,627.05,495.4,573.05,573.05,436,4775.96,15350,1350,18-JAN-2024,
OPTIDX,NIFTY,29-Feb-2024,21400,CE,501,594,466,551.85,551.85,7280,79804.91,113050,59200,18-JAN-2024,
OPTIDX,NIFTY,29-Feb-2024,21450,CE,514,565,439.6,522.2,522.2,972,10671.12,24050,10950,18-JAN-2024,
OPTIDX,NIFTY,29-Feb-2024,21500,CE,498.85,535,412.3,489.35,489.35,32664,358833.26,829650,397500,18-JAN-2024,
OPTIDX,NIFTY,29-Feb-2024,21550,CE,455.4,505.7,388.05,458.05,458.05,807,8874.52,13600,-4400,18-JAN-2024,
OPTIDX,NIFTY,29-Feb-2024,21600,CE,485,485,363,433.85,433.85,9416,103678.26,273550,95650,18-JAN-2024,
OPTIDX,NIFTY,29-Feb-2024,21650,CE,410,441.25,340,407.95,407.95,815,8983.2,25650,4050,18-JAN-2024,
OPTIDX,NIFTY,29-Feb-2024,21700,CE,381.45,421.1,317,382.45,382.45,7002,77271.89,273000,63100,18-JAN-2024,
OPTIDX,NIFTY,29-Feb-2024,21750,CE,359.95,395,297.5,359.6,359.6,789,8718.18,23500,2800,18-JAN-2024,
OPTIDX,NIFTY,29-Feb-2024,21800,CE,392,392,275.35,331.15,331.15,8594,95059.37,417400,61600,18-JAN-2024,
OPTIDX,NIFTY,29-Feb-2024,21850,CE,328.95,346,257.35,309.4,309.4,864,9571.27,27550,4450,18-JAN-2024,
OPTIDX,NIFTY,29-Feb-2024,21900,CE,300.45,324,238.4,288.1,288.1,5483,60791.86,258900,44300,18-JAN-2024,
OPTIDX,NIFTY,29-Feb-2024,21950,CE,284.95,303,222.85,270.15,270.15,607,6740.07,13450,3050,18-JAN-2024,
OPTIDX,NIFTY,29-Feb-2024,22000,CE,267,299.95,206,249.6,249.6,44998,500415.88,1428400,305450,18-JAN-2024,
OPTIDX,NIFTY,29-Feb-2024,22050,CE,233.9,264.55,192,231.25,231.25,846,9422.28,21200,-1900,18-JAN-2024,
OPTIDX,NIFTY,29-Feb-2024,22100,CE,224.95,245.15,176.5,212.75,212.75,9985,111369.81,201650,54200,18-JAN-2024,
OPTIDX,NIFTY,29-Feb-2024,22150,CE,200.75,220.25,165,197.3,197.3,794,8870.17,19250,1100,18-JAN-2024,
OPTIDX,NIFTY,29-Feb-2024,22200,CE,189.7,213.2,150.5,181.75,181.75,11373,127258.05,274500,47800,18-JAN-2024,
OPTIDX,NIFTY,29-Feb-2024,22250,CE,172.25,193,138.95,166,166,519,5815.63,20450,3150,18-JAN-2024,
OPTIDX,NIFTY,29-Feb-2024,22300,CE,170.45,181.25,128,152.45,152.45,8201,92070.13,220250,92350,18-JAN-2024,
OPTIDX,NIFTY,29-Feb-2024,22350,CE,148,165,117.6,141.6,141.6,542,6094.54,13000,1800,18-JAN-2024,
OPTIDX,NIFTY,29-Feb-2024,22400,CE,142.05,153.85,107.45,127.6,127.6,7280,81998.8,151200,-16400,18-JAN-2024,
OPTIDX,NIFTY,29-Feb-2024,22450,CE,126.25,142.2,99.8,117.85,117.85,919,10371.38,25200,12000,18-JAN-2024,
OPTIDX,NIFTY,29-Feb-2024,22500,CE,120.4,130.2,91.3,107.6,107.6,30021,339359.95,788050,103300,18-JAN-2024,
OPTIDX,NIFTY,29-Feb-2024,22550,CE,121.75,121.8,85.35,99.65,99.65,469,5311.14,11650,3100,18-JAN-2024,
OPTIDX,NIFTY,29-Feb-2024,22600,CE,106.4,110.85,79,91.05,91.05,4896,55548.32,206350,-850,18-JAN-2024,
OPTIDX,NIFTY,29-Feb-2024,22650,CE,97.3,98.7,73.2,83.25,83.25,696,7911.77,11850,-750,18-JAN-2024,
OPTIDX,NIFTY,29-Feb-2024,22700,CE,89.95,93.4,67.55,75,75,7208,82089.5,198350,33100,18-JAN-2024,
OPTIDX,NIFTY,29-Feb-2024,22750,CE,85,85,62.45,69.6,69.6,984,11227.78,27650,-3150,18-JAN-2024,
OPTIDX,NIFTY,29-Feb-2024,22800,CE,88,88,57.8,64.45,64.45,7636,87305.56,205350,-14500,18-JAN-2024,
OPTIDX,NIFTY,29-Feb-2024,22850,CE,68.05,71.25,53.3,59.05,59.05,592,6781.8,53250,-2400,18-JAN-2024,
OPTIDX,NIFTY,29-Feb-2024,22900,CE,64.8,75.05,49,56.05,56.05,6009,68973.03,145200,25450,18-JAN-2024,
OPTIDX,NIFTY,29-Feb-2024,22950,CE,62,62,45.65,50.35,50.35,557,6405.75,23500,-1600,18-JAN-2024,
OPTIDX,NIFTY,29-Feb-2024,23000,CE,67.2,67.4,43.5,48.5,48.5,37980,437724.58,1923200,249750,18-JAN-2024,
OPTIDX,NIFTY,29-Feb-2024,23050,CE,48.05,53.1,39.25,43.3,43.3,488,5634.97,11050,-3700,18-JAN-2024,
OPTIDX,NIFTY,29-Feb-2024,23100,CE,51.7,51.7,35.7,39.95,39.95,5521,63882.17,101300,-31400,18-JAN-2024,
OPTIDX,NIFTY,29-Feb-2024,23150,CE,42.25,45.95,34.95,37.3,37.3,291,3374.12,10650,2500,18-JAN-2024,
OPTIDX,NIFTY,29-Feb-2024,23200,CE,45.1,45.1,31.75,34.35,34.35,2923,33960.11,103600,-27450,18-JAN-2024,
OPTIDX,NIFTY,29-Feb-2024,23250,CE,45,45,29.5,32.25,32.25,259,3015.44,9000,2300,18-JAN-2024,
OPTIDX,NIFTY,29-Feb-2024,23300,CE,33.15,36.15,26.75,29.9,29.9,4260,49694.6,139750,-17950,18-JAN-2024,
OPTIDX,NIFTY,29-Feb-2024,23350,CE,35.55,35.55,25.05,28.3,28.3,419,4897.75,6150,-3400,18-JAN-2024,
OPTIDX,NIFTY,29-Feb-2024,23400,CE,28.45,31.3,22.65,26.15,26.15,2501,29295.24,93050,-26150,18-JAN-2024,
OPTIDX,NIFTY,29-Feb-2024,23450,CE,23.95,29.7,21.25,23.95,23.95,744,8732.75,19700,-1800,18-JAN-2024,
OPTIDX,NIFTY,29-Feb-2024,23500,CE,26.65,28.9,19,23.1,23.1,13634,160362.37,273200,113800,18-JAN-2024,
OPTIDX,NIFTY,29-Feb-2024,23550,CE,24.75,26.15,19.35,22.85,22.85,436,5138.72,5200,-150,18-JAN-2024,
OPTIDX,NIFTY,29-Feb-2024,23600,CE,22.6,24.3,17.8,20.65,20.65,1075,12696.56,59000,2100,18-JAN-2024,
OPTIDX,NIFTY,29-Feb-2024,23650,CE,23.2,23.2,18.3,20.15,20.15,81,958.64,9600,-1400,18-JAN-2024,
OPTIDX,NIFTY,29-Feb-2024,23700,CE,24.35,24.35,16.85,18.55,18.55,483,5728.18,28900,4050,18-JAN-2024,
OPTIDX,NIFTY,29-Feb-2024,23750,CE,18.8,20.55,16.9,17.25,17.25,47,558.55,2750,50,18-JAN-2024,
OPTIDX,NIFTY,29-Feb-2024,23800,CE,20,20,15.5,16.4,16.4,1532,18244.33,43050,2000,18-JAN-2024,
OPTIDX,NIFTY,29-Feb-2024,23850,CE,19,20.3,15,15.9,15.9,284,3389.11,21600,1250,18-JAN-2024,
OPTIDX,NIFTY,29-Feb-2024,18650,PE,0,0,0,3.05,0.05,0,0,1100,0,18-JAN-2024,
OPTIDX,NIFTY,29-Feb-2024,18700,PE,0,0,0,71.3,0.05,0,0,0,0,18-JAN-2024,
OPTIDX,NIFTY,29-Feb-2024,18750,PE,0,0,0,77,0.05,0,0,0,0,18-JAN-2024,
OPTIDX,NIFTY,29-Feb-2024,18800,PE,0,0,0,83,0.1,0,0,0,0,18-JAN-2024,
OPTIDX,NIFTY,29-Feb-2024,18850,PE,0,0,0,89.45,0.1,0,0,0,0,18-JAN-2024,
OPTIDX,NIFTY,29-Feb-2024,18900,PE,3.45,3.45,3.45,3.45,3.45,1,9.45,1100,50,18-JAN-2024,
OPTIDX,NIFTY,29-Feb-2024,18950,PE,0,0,0,103.4,0.2,0,0,0,0,18-JAN-2024,
OPTIDX,NIFTY,29-Feb-2024,19000,PE,12.75,17.05,9.2,9.8,9.8,4346,41314.44,312400,46100,18-JAN-2024,
OPTIDX,NIFTY,29-Feb-2024,19050,PE,0,0,0,119.05,0.3,0,0,0,0,18-JAN-2024,
OPTIDX,NIFTY,29-Feb-2024,19100,PE,0,0,0,127.5,0.35,0,0,0,0,18-JAN-2024,
OPTIDX,NIFTY,29-Feb-2024,19150,PE,0,0,0,136.4,0.45,0,0,0,0,18-JAN-2024,
OPTIDX,NIFTY,29-Feb-2024,19200,PE,0,0,0,14.7,0.55,0,0,2150,0,18-JAN-2024,
OPTIDX,NIFTY,29-Feb-2024,19250,PE,0,0,0,155.65,0.7,0,0,0,0,18-JAN-2024,
OPTIDX,NIFTY,29-Feb-2024,19300,PE,18.4,26.75,12.45,13.55,13.55,178,1719.25,8650,600,18-JAN-2024,
OPTIDX,NIFTY,29-Feb-2024,19350,PE,0,0,0,176.9,1.05,0,0,0,0,18-JAN-2024,
OPTIDX,NIFTY,29-Feb-2024,19400,PE,14.55,14.55,14.1,14.55,14.55,31,300.92,17300,-250,18-JAN-2024,
OPTIDX,NIFTY,29-Feb-2024,19450,PE,16.55,16.55,15.8,16.3,16.3,5,48.66,1050,200,18-JAN-2024,
OPTIDX,NIFTY,29-Feb-2024,19500,PE,21.05,32.75,16.15,16.65,16.65,5613,54789.16,301900,23550,18-JAN-2024,
OPTIDX,NIFTY,29-Feb-2024,19550,PE,20.9,20.9,20.25,20.85,2.3,9,88.06,2700,450,18-JAN-2024,
OPTIDX,NIFTY,29-Feb-2024,19600,PE,27,36.9,17.5,18.6,18.6,496,4867.11,19500,5700,18-JAN-2024,
OPTIDX,NIFTY,29-Feb-2024,19650,PE,23.3,26.75,19.2,19.8,19.8,83,816.44,4050,2200,18-JAN-2024,
OPTIDX,NIFTY,29-Feb-2024,19700,PE,29.55,41.5,19.8,20.6,20.6,1085,10702.99,43850,9000,18-JAN-2024,
OPTIDX,NIFTY,29-Feb-2024,19750,PE,25.2,25.55,22.35,22.8,22.8,62,613.02,3750,1250,18-JAN-2024,
OPTIDX,NIFTY,29-Feb-2024,19800,PE,34.8,48,22.6,23.45,23.45,4485,44476.62,256100,21000,18-JAN-2024,
OPTIDX,NIFTY,29-Feb-2024,19850,PE,37.85,52.3,25.7,26.6,26.6,370,3678.99,8650,3550,18-JAN-2024,
OPTIDX,NIFTY,29-Feb-2024,19900,PE,39,56.05,27.15,28.55,28.55,7896,78725.21,281700,26900,18-JAN-2024,
OPTIDX,NIFTY,29-Feb-2024,19950,PE,43.45,60.45,29.8,31.65,31.65,283,2829,7950,1750,18-JAN-2024,
OPTIDX,NIFTY,29-Feb-2024,20000,PE,45,67.15,33.1,35.55,35.55,22556,226086.49,1330250,91250,18-JAN-2024,
OPTIDX,NIFTY,29-Feb-2024,20050,PE,51.2,69.55,34.5,37.4,37.4,280,2813.7,8700,-250,18-JAN-2024,
OPTIDX,NIFTY,29-Feb-2024,20100,PE,54.15,74.15,36.15,38.2,38.2,5535,55772.07,324150,59250,18-JAN-2024,
OPTIDX,NIFTY,29-Feb-2024,20150,PE,57.85,78.25,40.25,42.7,42.7,139,1404.04,12300,200,18-JAN-2024,
OPTIDX,NIFTY,29-Feb-2024,20200,PE,58.3,86.7,42.8,44.3,44.3,6149,62303.16,364000,3250,18-JAN-2024,
OPTIDX,NIFTY,29-Feb-2024,20250,PE,66.75,91.25,47.1,50.1,50.1,266,2701.72,9600,1750,18-JAN-2024,
OPTIDX,NIFTY,29-Feb-2024,20300,PE,69.3,98.5,50.55,53.9,53.9,5443,55443.61,313900,12050,18-JAN-2024,
OPTIDX,NIFTY,29-Feb-2024,20350,PE,78.5,102.45,55.15,60.1,60.1,201,2052.78,6500,-300,18-JAN-2024,
OPTIDX,NIFTY,29-Feb-2024,20400,PE,80,112.45,59.2,61.95,61.95,10701,109597.86,317750,59800,18-JAN-2024,
OPTIDX,NIFTY,29-Feb-2024,20450,PE,90.95,122,64.7,69.4,69.4,286,2937.25,8250,3450,18-JAN-2024,
OPTIDX,NIFTY,29-Feb-2024,20500,PE,95.05,131.5,70.95,75.8,75.8,31652,325928.83,1492150,234650,18-JAN-2024,
OPTIDX,NIFTY,29-Feb-2024,20550,PE,104.5,136.4,74.2,78.35,78.35,433,4470.43,11850,5900,18-JAN-2024,
OPTIDX,NIFTY,29-Feb-2024,20600,PE,105.95,148.05,79.65,86.4,86.4,6421,66484.99,255150,19100,18-JAN-2024,
OPTIDX,NIFTY,29-Feb-2024,20650,PE,121.8,155.1,87.55,95.25,95.25,260,2699.57,8050,2100,18-JAN-2024,
OPTIDX,NIFTY,29-Feb-2024,20700,PE,125.55,170,94.2,98.95,98.95,6831,71133.28,296850,18700,18-JAN-2024,
OPTIDX,NIFTY,29-Feb-2024,20750,PE,136,178.5,100.8,106.8,106.8,468,4886.35,13650,-50,18-JAN-2024,
OPTIDX,NIFTY,29-Feb-2024,20800,PE,137.2,192.5,108.8,113.5,113.5,9056,94836.84,305100,-4050,18-JAN-2024,
OPTIDX,NIFTY,29-Feb-2024,20850,PE,154.6,204.6,117.45,124.05,124.05,420,4412.36,10000,-3800,18-JAN-2024,
OPTIDX,NIFTY,29-Feb-2024,20900,PE,182.85,217.8,126.55,133.4,133.4,7170,75532.34,183950,-22800,18-JAN-2024,
OPTIDX,NIFTY,29-Feb-2024,20950,PE,176.05,232,136.7,142.25,142.25,1105,11667.89,24100,-350,18-JAN-2024,
OPTIDX,NIFTY,29-Feb-2024,21000,PE,189,248.65,147.85,154.75,154.75,54413,576455.17,2123950,405800,18-JAN-2024,
OPTIDX,NIFTY,29-Feb-2024,21050,PE,205,262.25,157.05,165,165,395,4195.66,11450,-3000,18-JAN-2024,
OPTIDX,NIFTY,29-Feb-2024,21100,PE,240,277,167.5,175.5,175.5,8003,85282.41,192100,25500,18-JAN-2024,
OPTIDX,NIFTY,29-Feb-2024,21150,PE,236.25,295,180.65,192.65,192.65,610,6521.87,14850,4250,18-JAN-2024,
OPTIDX,NIFTY,29-Feb-2024,21200,PE,240.55,311.85,192.05,201.1,201.1,17084,183174.23,451450,111350,18-JAN-2024,
OPTIDX,NIFTY,29-Feb-2024,21250,PE,259,332.2,207.8,213.85,213.85,718,7721.39,16550,6900,18-JAN-2024,
OPTIDX,NIFTY,29-Feb-2024,21300,PE,275.2,351.55,220,229.6,229.6,12535,135253.14,295250,69200,18-JAN-2024,
OPTIDX,NIFTY,29-Feb-2024,21350,PE,295.45,373.25,238.05,247.1,247.1,971,10511.18,20450,8200,18-JAN-2024,
OPTIDX,NIFTY,29-Feb-2024,21400,PE,315,393.65,255.75,266.8,266.8,18475,200563.92,329300,99600,18-JAN-2024,
OPTIDX,NIFTY,29-Feb-2024,21450,PE,332.95,416,273.65,287,287,2268,24684.7,29200,17100,18-JAN-2024,
OPTIDX,NIFTY,29-Feb-2024,21500,PE,354.95,442.4,294,305,305,53679,586766.07,1511050,395700,18-JAN-2024,
OPTIDX,NIFTY,29-Feb-2024,21550,PE,376.45,462,313.55,333,333,1077,11809.69,16800,4200,18-JAN-2024,
OPTIDX,NIFTY,29-Feb-2024,21600,PE,378.05,488.75,334.75,343.35,343.35,13208,145252.1,329950,94250,18-JAN-2024,
OPTIDX,NIFTY,29-Feb-2024,21650,PE,421.95,515.25,358.55,369.1,369.1,1173,12941.44,25000,4050,18-JAN-2024,
OPTIDX,NIFTY,29-Feb-2024,21700,PE,441.55,541.4,380.9,388.8,388.8,6821,75530.62,297400,-7700,18-JAN-2024,
OPTIDX,NIFTY,29-Feb-2024,21750,PE,473.95,569.9,406.8,418.45,418.45,798,8865.73,35950,6400,18-JAN-2024,
OPTIDX,NIFTY,29-Feb-2024,21800,PE,450,599.25,429.55,442.85,442.85,4849,54071.37,301300,-2050,18-JAN-2024,
OPTIDX,NIFTY,29-Feb-2024,21850,PE,523.05,628.6,458.7,473.45,473.45,649,7264.39,38250,11050,18-JAN-2024,
OPTIDX,NIFTY,29-Feb-2024,21900,PE,556.05,660.25,484.7,496.85,496.85,4202,47222.43,226550,16500,18-JAN-2024,
OPTIDX,NIFTY,29-Feb-2024,21950,PE,590.05,687.95,515.4,532.3,532.3,393,4429.52,22450,4700,18-JAN-2024,
OPTIDX,NIFTY,29-Feb-2024,22000,PE,615,727.5,543.2,557.75,557.75,20983,237414.52,817050,-80350,18-JAN-2024,
OPTIDX,NIFTY,29-Feb-2024,22050,PE,656.95,750,575,585.95,585.95,154,1748.46,10100,200,18-JAN-2024,
OPTIDX,NIFTY,29-Feb-2024,22100,PE,680.05,789.15,606.35,622.9,622.9,3151,35917.36,102500,-2400,18-JAN-2024,
OPTIDX,NIFTY,29-Feb-2024,22150,PE,730.05,785.65,640,675.6,675.6,183,2091.54,19150,6600,18-JAN-2024,
OPTIDX,NIFTY,29-Feb-2024,22200,PE,753.95,870.5,674,688.35,688.35,686,7867.39,89250,-3500,18-JAN-2024,
OPTIDX,NIFTY,29-Feb-2024,22250,PE,800,829.45,736,754.9,752.15,49,564.47,27950,300,18-JAN-2024,
OPTIDX,NIFTY,29-Feb-2024,22300,PE,837,947.6,745,763.15,763.15,352,4071.27,65100,-4700,18-JAN-2024,
OPTIDX,NIFTY,29-Feb-2024,22350,PE,0,0,0,777.7,828.8,0,0,13050,0,18-JAN-2024,
OPTIDX,NIFTY,29-Feb-2024,22400,PE,910.2,1025.1,819.1,826.4,826.4,155,1808.34,106200,-5450,18-JAN-2024,
OPTIDX,NIFTY,29-Feb-2024,22450,PE,1031,1031,867,867,867,5,58.38,23550,50,18-JAN-2024,
OPTIDX,NIFTY,29-Feb-2024,22500,PE,975,1104.05,894.2,910.4,910.4,1698,19925.48,182200,12100,18-JAN-2024,
OPTIDX,NIFTY,29-Feb-2024,22550,PE,1000,1000,1000,1000,991.05,1,11.77,13500,-50,18-JAN-2024,
OPTIDX,NIFTY,29-Feb-2024,22600,PE,1050,1205.5,1002.7,1002.7,1033.25,54,640,12900,-1950,18-JAN-2024,
OPTIDX,NIFTY,29-Feb-2024,22650,PE,0,0,0,687,1076.05,0,0,6600,0,18-JAN-2024,
OPTIDX,NIFTY,29-Feb-2024,22700,PE,1160,1294.85,1078.2,1078.2,1078.2,58,692.01,28550,-700,18-JAN-2024,
OPTIDX,NIFTY,29-Feb-2024,22750,PE,0,0,0,1006.15,1163.3,0,0,9300,0,18-JAN-2024,
OPTIDX,NIFTY,29-Feb-2024,22800,PE,1311.6,1388.6,1148.75,1198.05,1207.65,51,613.23,13750,0,18-JAN-2024,
OPTIDX,NIFTY,29-Feb-2024,22850,PE,0,0,0,846.6,1252.45,0,0,3550,0,18-JAN-2024,
OPTIDX,NIFTY,29-Feb-2024,22900,PE,1282.5,1300.15,1222.7,1222.7,1222.7,7,84.64,3350,0,18-JAN-2024,
OPTIDX,NIFTY,29-Feb-2024,22950,PE,1336.25,1336.25,1284.05,1284.05,1284.05,8,97.04,1300,-150,18-JAN-2024,
OPTIDX,NIFTY,29-Feb-2024,23000,PE,1416.5,1550,1316,1340,1340,1477,18017.43,222800,29050,18-JAN-2024,
OPTIDX,NIFTY,29-Feb-2024,23050,PE,0,0,0,938.9,1435.75,0,0,900,0,18-JAN-2024,
OPTIDX,NIFTY,29-Feb-2024,23100,PE,0,0,0,1387.85,1482.45,0,0,2050,0,18-JAN-2024,
OPTIDX,NIFTY,29-Feb-2024,23150,PE,0,0,0,1054.55,1529.4,0,0,500,0,18-JAN-2024,
OPTIDX,NIFTY,29-Feb-2024,23200,PE,1584.05,1710,1550,1562.5,1562.5,8,99.2,3550,-150,18-JAN-2024,
OPTIDX,NIFTY,29-Feb-2024,23250,PE,0,0,0,1134.7,1624.1,0,0,500,0,18-JAN-2024,
OPTIDX,NIFTY,29-Feb-2024,23300,PE,1762.35,1851.55,1660,1677.15,1671.8,23,287.21,2800,350,18-JAN-2024,
OPTIDX,NIFTY,29-Feb-2024,23350,PE,0,0,0,2315.5,1719.7,0,0,0,0,18-JAN-2024,
OPTIDX,NIFTY,29-Feb-2024,23400,PE,0,0,0,2361.35,1767.8,0,0,0,0,18-JAN-2024,
OPTIDX,NIFTY,29-Feb-2024,23450,PE,0,0,0,2407.4,1816.05,0,0,0,0,18-JAN-2024,
OPTIDX,NIFTY,29-Feb-2024,23500,PE,1900.7,2019.45,1768.05,1781.1,1781.1,128,1626.81,6600,3550,18-JAN-2024,
OPTIDX,NIFTY,29-Feb-2024,23550,PE,0,0,0,2500.05,1913,0,0,0,0,18-JAN-2024,
OPTIDX,NIFTY,29-Feb-2024,23600,PE,0,0,0,2546.6,1961.65,0,0,0,0,18-JAN-2024,
OPTIDX,NIFTY,29-Feb-2024,23650,PE,0,0,0,2593.3,2010.45,0,0,0,0,18-JAN-2024,
OPTIDX,NIFTY,29-Feb-2024,23700,PE,0,0,0,2640.15,2059.3,0,0,0,0,18-JAN-2024,
OPTIDX,NIFTY,29-Feb-2024,23750,PE,0,0,0,2533.7,2108.25,0,0,0,0,18-JAN-2024,
OPTIDX,NIFTY,29-Feb-2024,23800,PE,0,0,0,2580.25,2157.3,0,0,0,0,18-JAN-2024,
OPTIDX,NIFTY,29-Feb-2024,23850,PE,0,0,0,2626.9,2206.4,0,0,0,0,18-JAN-2024,
OPTIDX,NIFTY,28-Mar-2024,14000,CE,7613.55,7646,7613.55,7646,7646,3,32.44,324250,50,18-JAN-2024,
OPTIDX,NIFTY,28-Mar-2024,15000,CE,6600,6685,6600,6685,6655.2,5,54.13,25300,-150,18-JAN-2024,
OPTIDX,NIFTY,28-Mar-2024,16000,CE,5790,5790,5668,5668,5668.05,5,54.26,45150,-250,18-JAN-2024,
OPTIDX,NIFTY,28-Mar-2024,17000,CE,4620,4772.45,4600,4695.65,4695.65,27,292.65,138900,50,18-JAN-2024,
OPTIDX,NIFTY,28-Mar-2024,18000,CE,3735,3793,3573.8,3726.2,3726.2,1055,11444.92,443050,33400,18-JAN-2024,
OPTIDX,NIFTY,28-Mar-2024,19000,CE,2857.65,2857.65,2634.05,2820.9,2820.9,1243,13526.03,469550,500,18-JAN-2024,
OPTIDX,NIFTY,28-Mar-2024,19750,CE,0,0,0,2421.85,1983.2,0,0,0,0,18-JAN-2024,
OPTIDX,NIFTY,28-Mar-2024,19800,CE,1980,1980,1980,1980,1935.95,1,10.89,50,50,18-JAN-2024,
OPTIDX,NIFTY,28-Mar-2024,19850,CE,0,0,0,2330.25,1888.9,0,0,0,0,18-JAN-2024,
OPTIDX,NIFTY,28-Mar-2024,19900,CE,0,0,0,2284.75,1842.1,0,0,0,0,18-JAN-2024,
OPTIDX,NIFTY,28-Mar-2024,19950,CE,0,0,0,2239.55,1795.55,0,0,0,0,18-JAN-2024,
OPTIDX,NIFTY,28-Mar-2024,20000,CE,1856,1900,1725,1868.35,1868.35,629,6865.35,475750,-5650,18-JAN-2024,
OPTIDX,NIFTY,28-Mar-2024,20050,CE,0,0,0,2149.85,1703.25,0,0,0,0,18-JAN-2024,
OPTIDX,NIFTY,28-Mar-2024,20100,CE,0,0,0,2105.4,1657.6,0,0,0,0,18-JAN-2024,
OPTIDX,NIFTY,28-Mar-2024,20150,CE,0,0,0,2061.25,1612.2,0,0,0,0,18-JAN-2024,
OPTIDX,NIFTY,28-Mar-2024,20200,CE,0,0,0,2017.4,1567.2,0,0,0,0,18-JAN-2024,
OPTIDX,NIFTY,28-Mar-2024,20250,CE,0,0,0,1973.85,1522.55,0,0,0,0,18-JAN-2024,
OPTIDX,NIFTY,28-Mar-2024,20300,CE,0,0,0,1930.6,1478.35,0,0,0,0,18-JAN-2024,
OPTIDX,NIFTY,28-Mar-2024,20350,CE,1413.85,1413.85,1413.85,1413.85,1434.5,1,10.88,50,50,18-JAN-2024,
OPTIDX,NIFTY,28-Mar-2024,20400,CE,1383.25,1383.25,1383.25,1383.25,1391.1,1,10.89,50,50,18-JAN-2024,
OPTIDX,NIFTY,28-Mar-2024,20450,CE,0,0,0,1802.95,1348.2,0,0,0,0,18-JAN-2024,
OPTIDX,NIFTY,28-Mar-2024,20500,CE,1404,1450,1302.25,1402.6,1402.6,255,2790.31,17400,3000,18-JAN-2024,
OPTIDX,NIFTY,28-Mar-2024,20550,CE,0,0,0,1444.55,1263.8,0,0,50,0,18-JAN-2024,
OPTIDX,NIFTY,28-Mar-2024,20600,CE,0,0,0,1378.1,1222.35,0,0,150,0,18-JAN-2024,
OPTIDX,NIFTY,28-Mar-2024,20650,CE,0,0,0,1384.8,1181.5,0,0,350,0,18-JAN-2024,
OPTIDX,NIFTY,28-Mar-2024,20700,CE,0,0,0,1345,1141.25,0,0,200,0,18-JAN-2024,
OPTIDX,NIFTY,28-Mar-2024,20750,CE,1155.65,1155.65,1155.65,1155.65,1101.55,1,10.95,250,50,18-JAN-2024,
OPTIDX,NIFTY,28-Mar-2024,20800,CE,1150,1212.8,1144.8,1212.8,1062.45,5,54.92,250,200,18-JAN-2024,
OPTIDX,NIFTY,28-Mar-2024,20850,CE,0,0,0,1279.6,1024.05,0,0,50,0,18-JAN-2024,
OPTIDX,NIFTY,28-Mar-2024,20900,CE,1110,1110,1110,1110,1110,1,11,150,50,18-JAN-2024,
OPTIDX,NIFTY,28-Mar-2024,20950,CE,0,0,0,1403.15,949.15,0,0,0,0,18-JAN-2024,
OPTIDX,NIFTY,28-Mar-2024,21000,CE,1034.9,1089.95,930,1040.05,1040.05,2903,31947.4,1144550,-400,18-JAN-2024,
OPTIDX,NIFTY,28-Mar-2024,21050,CE,1012.35,1012.35,1012.35,1012.35,877.1,1,11.03,50,50,18-JAN-2024,
OPTIDX,NIFTY,28-Mar-2024,21100,CE,944.95,985,859.1,943.15,842.15,31,341.48,1100,-250,18-JAN-2024,
OPTIDX,NIFTY,28-Mar-2024,21150,CE,823.55,823.55,823.55,823.55,807.95,1,10.98,50,50,18-JAN-2024,
OPTIDX,NIFTY,28-Mar-2024,21200,CE,884.9,938.9,793.95,854.1,774.5,31,341.92,2500,300,18-JAN-2024,
OPTIDX,NIFTY,28-Mar-2024,21250,CE,849.05,849.05,823.55,823.55,741.85,7,77.3,250,100,18-JAN-2024,
OPTIDX,NIFTY,28-Mar-2024,21300,CE,804,834.4,732.85,822.1,822.1,323,3565.25,8650,3350,18-JAN-2024,
OPTIDX,NIFTY,28-Mar-2024,21350,CE,724.75,811.05,724.75,811.05,678.95,8,88.58,200,150,18-JAN-2024,
OPTIDX,NIFTY,28-Mar-2024,21400,CE,744.75,798.7,669.5,756.45,756.45,375,4150.71,5650,3000,18-JAN-2024,
OPTIDX,NIFTY,28-Mar-2024,21450,CE,720.4,767.1,640,723.4,723.4,158,1750.08,3150,2950,18-JAN-2024,
OPTIDX,NIFTY,28-Mar-2024,21500,CE,677.05,735.75,611.85,692.3,692.3,3813,42260.42,149600,50700,18-JAN-2024,
OPTIDX,NIFTY,28-Mar-2024,21550,CE,658.15,701.7,621.95,701.7,562.9,41,455.47,2000,1350,18-JAN-2024,
OPTIDX,NIFTY,28-Mar-2024,21600,CE,632.95,667.1,553.9,627,627,452,5019.23,35550,3650,18-JAN-2024,
OPTIDX,NIFTY,28-Mar-2024,21650,CE,585,606,537.1,606,509.85,7,77.78,2800,150,18-JAN-2024,
OPTIDX,NIFTY,28-Mar-2024,21700,CE,569.1,616.1,508.35,572.4,572.4,356,3961.6,16450,1950,18-JAN-2024,
OPTIDX,NIFTY,28-Mar-2024,21750,CE,528.65,560,528.65,560,460.15,4,44.59,1250,50,18-JAN-2024,
OPTIDX,NIFTY,28-Mar-2024,21800,CE,515.55,560,455.5,518.5,518.5,689,7680.4,32650,11150,18-JAN-2024,
OPTIDX,NIFTY,28-Mar-2024,21850,CE,495.6,530.55,450.05,487.9,487.9,31,346.17,1350,500,18-JAN-2024,
OPTIDX,NIFTY,28-Mar-2024,21900,CE,470,512.95,411.75,472.8,472.8,1071,11964.72,48500,38350,18-JAN-2024,
OPTIDX,NIFTY,28-Mar-2024,21950,CE,460,460,379.5,431.95,431.95,8,89.46,1300,-50,18-JAN-2024,
OPTIDX,NIFTY,28-Mar-2024,22000,CE,478.55,478.55,370,424.6,424.6,10393,116487.68,901000,69850,18-JAN-2024,
OPTIDX,NIFTY,28-Mar-2024,22050,CE,396,396,390,395,395,3,33.66,3200,50,18-JAN-2024,
OPTIDX,NIFTY,28-Mar-2024,22100,CE,383.3,417.8,343.55,383,383,328,3686.54,32650,4550,18-JAN-2024,
OPTIDX,NIFTY,28-Mar-2024,22150,CE,320,320,320,320,294.25,1,11.23,1600,-50,18-JAN-2024,
OPTIDX,NIFTY,28-Mar-2024,22200,CE,340.25,370.1,300,341.5,341.5,483,5442.74,30750,4750,18-JAN-2024,
OPTIDX,NIFTY,28-Mar-2024,22250,CE,332.75,334.6,275,315.7,260.7,39,440.02,1300,-750,18-JAN-2024,
OPTIDX,NIFTY,28-Mar-2024,22300,CE,313.05,327,267.85,301.35,301.35,354,4000.2,10600,100,18-JAN-2024,
OPTIDX,NIFTY,28-Mar-2024,22350,CE,292,292,252.8,270,230.05,27,305.42,1300,400,18-JAN-2024,
OPTIDX,NIFTY,28-Mar-2024,22400,CE,280,290.75,239,269.4,269.4,308,3491.63,12900,-3050,18-JAN-2024,
OPTIDX,NIFTY,28-Mar-2024,22450,CE,240.2,283.45,232.85,283.45,202.2,13,147.52,600,-300,18-JAN-2024,
OPTIDX,NIFTY,28-Mar-2024,22500,CE,225.1,268,211.85,237.3,237.3,4760,54114.96,185600,35700,18-JAN-2024,
OPTIDX,NIFTY,28-Mar-2024,22550,CE,211.75,245.25,199.05,219.55,219.55,22,250.45,900,-250,18-JAN-2024,
OPTIDX,NIFTY,28-Mar-2024,22600,CE,221,236.65,186.45,208.55,208.55,268,3055.98,9700,1350,18-JAN-2024,
OPTIDX,NIFTY,28-Mar-2024,22650,CE,185.45,219.05,179.75,204.1,154.4,27,308.45,2100,200,18-JAN-2024,
OPTIDX,NIFTY,28-Mar-2024,22700,CE,199.1,202,164,179.15,179.15,367,4199.32,28750,3500,18-JAN-2024,
OPTIDX,NIFTY,28-Mar-2024,22750,CE,185,185.15,156.95,167.5,167.5,76,870.97,3000,2350,18-JAN-2024,
OPTIDX,NIFTY,28-Mar-2024,22800,CE,170,180.05,144,160.35,160.35,771,8853.48,28300,12050,18-JAN-2024,
OPTIDX,NIFTY,28-Mar-2024,22850,CE,157.45,168.55,149.7,153,153,67,770.84,3300,2550,18-JAN-2024,
OPTIDX,NIFTY,28-Mar-2024,22900,CE,162.85,162.9,125.1,137.65,137.65,1132,13041.41,42400,33800,18-JAN-2024,
OPTIDX,NIFTY,28-Mar-2024,22950,CE,130.05,145.1,126.8,145.1,100,10,115.4,3700,-100,18-JAN-2024,
OPTIDX,NIFTY,28-Mar-2024,23000,CE,153.25,157.1,111.05,120.95,120.95,11067,127969.04,725400,-106100,18-JAN-2024,
OPTIDX,NIFTY,28-Mar-2024,23050,CE,122.7,129.7,111.55,112.05,112.05,79,915.19,3000,1600,18-JAN-2024,
OPTIDX,NIFTY,28-Mar-2024,23100,CE,122.85,122.85,98,105.45,105.45,171,1984.47,16500,1550,18-JAN-2024,
OPTIDX,NIFTY,28-Mar-2024,23150,CE,98.15,108.7,95.25,95.75,95.75,17,197.62,2100,200,18-JAN-2024,
OPTIDX,NIFTY,28-Mar-2024,23200,CE,122.2,122.2,87.85,93.5,93.5,284,3308.35,10900,-6100,18-JAN-2024,
OPTIDX,NIFTY,28-Mar-2024,23250,CE,88.4,93.5,88,88.25,88.25,17,198.39,2000,450,18-JAN-2024,
OPTIDX,NIFTY,28-Mar-2024,23300,CE,109.1,109.1,78.95,84.2,84.2,657,7682.63,39350,-700,18-JAN-2024,
OPTIDX,NIFTY,28-Mar-2024,23350,CE,82.35,82.35,75.75,76.7,76.7,15,175.72,1150,300,18-JAN-2024,
OPTIDX,NIFTY,28-Mar-2024,23400,CE,82,86,71.55,73,73,210,2465.05,25500,1500,18-JAN-2024,
OPTIDX,NIFTY,28-Mar-2024,23450,CE,89.8,89.8,65.65,70.85,70.85,49,576.38,2150,-100,18-JAN-2024,
OPTIDX,NIFTY,28-Mar-2024,23500,CE,73.75,76.25,61.95,64.8,64.8,1012,11925.37,50850,10100,18-JAN-2024,
OPTIDX,NIFTY,28-Mar-2024,23550,CE,0,0,0,85.15,37.65,0,0,500,0,18-JAN-2024,
OPTIDX,NIFTY,28-Mar-2024,23600,CE,60.4,67.95,54.45,59.85,59.85,52,615.16,2700,550,18-JAN-2024,
OPTIDX,NIFTY,28-Mar-2024,23650,CE,40.95,62.55,40.95,54.95,54.95,33,391.15,2350,500,18-JAN-2024,
OPTIDX,NIFTY,28-Mar-2024,23700,CE,60.35,60.45,51.8,53.95,28.85,38,451.34,1750,-50,18-JAN-2024,
OPTIDX,NIFTY,28-Mar-2024,23750,CE,0,0,0,158.85,26.35,0,0,0,0,18-JAN-2024,
OPTIDX,NIFTY,28-Mar-2024,23800,CE,65.9,65.9,41.9,47,47,65,775.15,2150,-800,18-JAN-2024,
OPTIDX,NIFTY,28-Mar-2024,23850,CE,51.1,51.1,43.6,43.7,43.7,5,59.74,2750,0,18-JAN-2024,
OPTIDX,NIFTY,28-Mar-2024,24000,CE,50.95,58,34.6,37.05,37.05,3440,41347.12,733500,-3550,18-JAN-2024,
OPTIDX,NIFTY,28-Mar-2024,25000,CE,21.5,21.5,17.05,18,18,1302,16286.86,329900,3550,18-JAN-2024,
OPTIDX,NIFTY,28-Mar-2024,26000,CE,12.25,13,10.55,12.4,12.4,223,2900.35,148000,-100,18-JAN-2024,
OPTIDX,NIFTY,28-Mar-2024,27000,CE,0,0,0,3.05,0.05,0,0,14050,0,18-JAN-2024,
OPTIDX,NIFTY,28-Mar-2024,14000,PE,5.2,5.85,5,5.35,5.35,92,644.25,140550,-3800,18-JAN-2024,
OPTIDX,NIFTY,28-Mar-2024,15000,PE,5.6,8.85,5.6,7,7,32,240.11,8200,400,18-JAN-2024,
OPTIDX,NIFTY,28-Mar-2024,16000,PE,12,12.6,11,11.5,11.5,252,2017.52,179400,850,18-JAN-2024,
OPTIDX,NIFTY,28-Mar-2024,17000,PE,15,18.8,12.15,12.85,12.85,528,4491.73,340250,8750,18-JAN-2024,
OPTIDX,NIFTY,28-Mar-2024,18000,PE,20,20.8,15.35,16.2,16.2,1366,12306.21,859450,9850,18-JAN-2024,
OPTIDX,NIFTY,28-Mar-2024,19000,PE,36.05,38,26.6,28.55,28.55,2648,25200.13,1302300,-14800,18-JAN-2024,
OPTIDX,NIFTY,28-Mar-2024,19750,PE,0,0,0,51,16.95,0,0,750,0,18-JAN-2024,
OPTIDX,NIFTY,28-Mar-2024,19800,PE,74,83.4,51.85,53.45,53.45,983,9764.07,48550,21900,18-JAN-2024,
OPTIDX,NIFTY,28-Mar-2024,19850,PE,0,0,0,66.85,21.35,0,0,200,0,18-JAN-2024,
OPTIDX,NIFTY,28-Mar-2024,19900,PE,75,93.9,58.1,62.7,62.7,636,6351.78,54000,16150,18-JAN-2024,
OPTIDX,NIFTY,28-Mar-2024,19950,PE,0,0,0,52,26.7,0,0,0,0,18-JAN-2024,
OPTIDX,NIFTY,28-Mar-2024,20000,PE,90.05,108.8,71.2,74.5,74.5,7366,73987.15,1942550,-5750,18-JAN-2024,
OPTIDX,NIFTY,28-Mar-2024,20050,PE,0,0,0,60.5,33.15,0,0,0,0,18-JAN-2024,
OPTIDX,NIFTY,28-Mar-2024,20100,PE,94,117.6,74.15,77.9,77.9,599,6046.48,77300,10800,18-JAN-2024,
OPTIDX,NIFTY,28-Mar-2024,20150,PE,110.85,122.2,79.4,79.5,79.5,22,222.76,3000,500,18-JAN-2024,
OPTIDX,NIFTY,28-Mar-2024,20200,PE,92.05,128.45,80.65,82.15,82.15,1291,13103.48,109450,14200,18-JAN-2024,
OPTIDX,NIFTY,28-Mar-2024,20250,PE,0,0,0,51.1,49.85,0,0,100,0,18-JAN-2024,
OPTIDX,NIFTY,28-Mar-2024,20300,PE,0,0,0,86.8,55,0,0,0,0,18-JAN-2024,
OPTIDX,NIFTY,28-Mar-2024,20350,PE,70,103,70,101.1,101.1,22,224.94,2750,-500,18-JAN-2024,
OPTIDX,NIFTY,28-Mar-2024,20400,PE,121.15,162,101.85,109.65,109.65,604,6199.17,122300,12250,18-JAN-2024,
OPTIDX,NIFTY,28-Mar-2024,20450,PE,0,0,0,139.05,72.9,0,0,2450,0,18-JAN-2024,
OPTIDX,NIFTY,28-Mar-2024,20500,PE,163.95,186.55,119.6,124.35,124.35,4079,42113.56,566350,27950,18-JAN-2024,
OPTIDX,NIFTY,28-Mar-2024,20550,PE,0,0,0,158.4,87.25,0,0,2750,0,18-JAN-2024,
OPTIDX,NIFTY,28-Mar-2024,20600,PE,160.95,202,131,134.45,134.45,398,4130.76,110650,2550,18-JAN-2024,
OPTIDX,NIFTY,28-Mar-2024,20650,PE,185.8,185.8,159,159,103.65,44,458.03,2150,2150,18-JAN-2024,
OPTIDX,NIFTY,28-Mar-2024,20700,PE,180.25,219.4,143.75,149.65,149.65,659,6878.98,103700,4300,18-JAN-2024,
OPTIDX,NIFTY,28-Mar-2024,20750,PE,174.1,174.1,174.1,174.1,122.4,1,10.46,1250,50,18-JAN-2024,
OPTIDX,NIFTY,28-Mar-2024,20800,PE,200,244.9,161.7,165.55,165.55,987,10361.39,115750,13150,18-JAN-2024,
OPTIDX,NIFTY,28-Mar-2024,20850,PE,211.9,216.75,211.9,214.15,143.6,7,73.72,400,350,18-JAN-2024,
OPTIDX,NIFTY,28-Mar-2024,20900,PE,217,269.85,183.7,188.6,188.6,1086,11468.95,81350,2800,18-JAN-2024,
OPTIDX,NIFTY,28-Mar-2024,20950,PE,233.1,278,205.2,205.2,205.2,13,137.7,2200,100,18-JAN-2024,
OPTIDX,NIFTY,28-Mar-2024,21000,PE,255.4,304.15,211,221.05,221.05,14074,149548.58,1839400,-39950,18-JAN-2024,
OPTIDX,NIFTY,28-Mar-2024,21050,PE,264.65,264.85,220.35,222.9,222.9,50,531.94,2050,1750,18-JAN-2024,
OPTIDX,NIFTY,28-Mar-2024,21100,PE,276.8,326.95,230.45,237.2,237.2,288,3077.16,42600,2650,18-JAN-2024,
OPTIDX,NIFTY,28-Mar-2024,21150,PE,317.85,317.85,258.15,289.15,223.65,5,53.58,1600,0,18-JAN-2024,
OPTIDX,NIFTY,28-Mar-2024,21200,PE,298.15,363,256.5,264.1,264.1,761,8185.63,26850,2350,18-JAN-2024,
OPTIDX,NIFTY,28-Mar-2024,21250,PE,367.95,367.95,285.9,285.9,256.3,78,840.2,1100,-550,18-JAN-2024,
OPTIDX,NIFTY,28-Mar-2024,21300,PE,333.1,399.65,284.55,293.15,293.15,818,8850.69,24850,4000,18-JAN-2024,
OPTIDX,NIFTY,28-Mar-2024,21350,PE,383.3,403.05,336.55,343.3,292.1,31,336.63,1200,-150,18-JAN-2024,
OPTIDX,NIFTY,28-Mar-2024,21400,PE,381.1,435.05,316.1,321.1,321.1,527,5736.13,35350,6900,18-JAN-2024,
OPTIDX,NIFTY,28-Mar-2024,21450,PE,386.45,453.2,337.7,342.45,342.45,62,677.23,2200,200,18-JAN-2024,
OPTIDX,NIFTY,28-Mar-2024,21500,PE,413.45,481.65,350.95,362.4,362.4,5477,59997.07,373900,13250,18-JAN-2024,
OPTIDX,NIFTY,28-Mar-2024,21550,PE,425,502.7,392.85,423.6,373.45,33,362.66,2100,-200,18-JAN-2024,
OPTIDX,NIFTY,28-Mar-2024,21600,PE,443.45,521.4,389,401.85,401.85,484,5337.56,26500,-1200,18-JAN-2024,
OPTIDX,NIFTY,28-Mar-2024,21650,PE,453.45,536.35,453.45,483,419.15,11,121.76,3250,-50,18-JAN-2024,
OPTIDX,NIFTY,28-Mar-2024,21700,PE,495.55,569.9,426.3,439.8,439.8,1091,12109.91,29000,-11650,18-JAN-2024,
OPTIDX,NIFTY,28-Mar-2024,21750,PE,507.85,514.8,500,500,468.15,7,77.9,2100,100,18-JAN-2024,
OPTIDX,NIFTY,28-Mar-2024,21800,PE,549.95,619,473.05,484.85,484.85,1221,13640.91,41600,4500,18-JAN-2024,
OPTIDX,NIFTY,28-Mar-2024,21850,PE,630,630,552.4,552.4,520.5,7,78.46,1550,-150,18-JAN-2024,
OPTIDX,NIFTY,28-Mar-2024,21900,PE,560,675,522.15,530.15,530.15,1251,14081.15,50450,40800,18-JAN-2024,
OPTIDX,NIFTY,28-Mar-2024,21950,PE,613.3,621.3,603.6,603.6,576.15,6,67.69,2800,-100,18-JAN-2024,
OPTIDX,NIFTY,28-Mar-2024,22000,PE,595,731.7,572.45,585.8,585.8,11030,124896.11,720200,-83750,18-JAN-2024,
OPTIDX,NIFTY,28-Mar-2024,22050,PE,663.65,760.9,625,625,635.05,31,351.96,2000,0,18-JAN-2024,
OPTIDX,NIFTY,28-Mar-2024,22100,PE,700.85,730,638.9,649.8,649.8,51,581.04,15100,-850,18-JAN-2024,
OPTIDX,NIFTY,28-Mar-2024,22150,PE,0,0,0,538.9,697.15,0,0,1600,0,18-JAN-2024,
OPTIDX,NIFTY,28-Mar-2024,22200,PE,736.25,829.2,677.45,707.7,707.7,268,3075.59,19100,550,18-JAN-2024,
OPTIDX,NIFTY,28-Mar-2024,22250,PE,780.1,780.1,780.1,780.1,762.25,1,11.51,100,50,18-JAN-2024,
OPTIDX,NIFTY,28-Mar-2024,22300,PE,816,890,739,822.9,795.95,97,1120.07,6800,3250,18-JAN-2024,
OPTIDX,NIFTY,28-Mar-2024,22350,PE,0,0,0,777,830.3,0,0,1350,0,18-JAN-2024,
OPTIDX,NIFTY,28-Mar-2024,22400,PE,916,966,785.1,796.75,796.75,154,1792.62,2950,-2100,18-JAN-2024,
OPTIDX,NIFTY,28-Mar-2024,22450,PE,1000,1000,1000,1000,901.2,1,11.72,50,50,18-JAN-2024,
OPTIDX,NIFTY,28-Mar-2024,22500,PE,949.95,1061.1,870.55,892,892,1724,20205.4,96600,6600,18-JAN-2024,
OPTIDX,NIFTY,28-Mar-2024,22550,PE,0,0,0,808.1,974.75,0,0,100,0,18-JAN-2024,
OPTIDX,NIFTY,28-Mar-2024,22600,PE,0,0,0,953.75,1012.5,0,0,1800,0,18-JAN-2024,
OPTIDX,NIFTY,28-Mar-2024,22650,PE,1029.8,1029.8,1029.8,1029.8,1050.85,1,11.83,4050,0,18-JAN-2024,
OPTIDX,NIFTY,28-Mar-2024,22700,PE,1054.6,1126,1054.55,1102.15,1089.75,11,130.83,2700,-350,18-JAN-2024,
OPTIDX,NIFTY,28-Mar-2024,22750,PE,0,0,0,1023.15,1129.25,0,0,250,0,18-JAN-2024,
OPTIDX,NIFTY,28-Mar-2024,22800,PE,1166.9,1290,1141.4,1141.4,1169.3,10,120.02,850,250,18-JAN-2024,
OPTIDX,NIFTY,28-Mar-2024,22850,PE,1161.75,1161.75,1151.05,1151.05,1209.9,3,36,950,50,18-JAN-2024,
OPTIDX,NIFTY,28-Mar-2024,22900,PE,0,0,0,1074.75,1251,0,0,1950,0,18-JAN-2024,
OPTIDX,NIFTY,28-Mar-2024,22950,PE,0,0,0,1100.35,1292.6,0,0,0,0,18-JAN-2024,
OPTIDX,NIFTY,28-Mar-2024,23000,PE,1309.65,1430.8,1220,1273.85,1273.85,788,9582.83,138000,-7850,18-JAN-2024,
OPTIDX,NIFTY,28-Mar-2024,23050,PE,0,0,0,883.95,1377.1,0,0,350,0,18-JAN-2024,
OPTIDX,NIFTY,28-Mar-2024,23100,PE,0,0,0,1188.9,1420.05,0,0,50,0,18-JAN-2024,
OPTIDX,NIFTY,28-Mar-2024,23150,PE,1460.05,1460.05,1415.9,1415.9,1463.4,8,98.41,450,400,18-JAN-2024,
OPTIDX,NIFTY,28-Mar-2024,23200,PE,1438.35,1438.35,1431.75,1431.75,1507.1,6,73.91,250,150,18-JAN-2024,
OPTIDX,NIFTY,28-Mar-2024,23250,PE,0,0,0,1340.2,1551.2,0,0,100,0,18-JAN-2024,
OPTIDX,NIFTY,28-Mar-2024,23300,PE,1600,1600,1600,1600,1595.65,1,12.45,850,-50,18-JAN-2024,
OPTIDX,NIFTY,28-Mar-2024,23350,PE,0,0,0,1388.8,1640.4,0,0,0,0,18-JAN-2024,
OPTIDX,NIFTY,28-Mar-2024,23400,PE,0,0,0,1425.9,1685.5,0,0,0,0,18-JAN-2024,
OPTIDX,NIFTY,28-Mar-2024,23450,PE,0,0,0,1457.95,1730.9,0,0,50,0,18-JAN-2024,
OPTIDX,NIFTY,28-Mar-2024,23500,PE,0,0,0,1621.15,1776.55,0,0,900,0,18-JAN-2024,
OPTIDX,NIFTY,28-Mar-2024,23550,PE,0,0,0,1542.3,1822.5,0,0,0,0,18-JAN-2024,
OPTIDX,NIFTY,28-Mar-2024,23600,PE,0,0,0,1581.9,1868.7,0,0,0,0,18-JAN-2024,
OPTIDX,NIFTY,28-Mar-2024,23650,PE,0,0,0,1621.9,1915.1,0,0,0,0,18-JAN-2024,
OPTIDX,NIFTY,28-Mar-2024,23700,PE,0,0,0,1662.25,1961.75,0,0,0,0,18-JAN-2024,
OPTIDX,NIFTY,28-Mar-2024,23750,PE,0,0,0,1702.95,2008.6,0,0,0,0,18-JAN-2024,
OPTIDX,NIFTY,28-Mar-2024,23800,PE,0,0,0,1744.05,2055.65,0,0,0,0,18-JAN-2024,
OPTIDX,NIFTY,28-Mar-2024,23850,PE,0,0,0,1785.45,2102.9,0,0,0,0,18-JAN-2024,
OPTIDX,NIFTY,28-Mar-2024,24000,PE,2215.6,2333.15,2121.6,2128.5,2128.5,325,4256.57,222050,5800,18-JAN-2024,
OPTIDX,NIFTY,28-Mar-2024,25000,PE,3150.15,3300,3060.8,3094.15,3094.15,110,1549.56,422750,250,18-JAN-2024,
OPTIDX,NIFTY,28-Mar-2024,26000,PE,4200.95,4200.95,4100,4100.95,4203.5,6,90.42,7000,50,18-JAN-2024,
OPTIDX,NIFTY,28-Mar-2024,27000,PE,0,0,0,4800,5190.5,0,0,200,0,18-JAN-2024,
OPTIDX,NIFTY,27-Jun-2024,15000,CE,0,0,0,4599.25,6902.3,0,0,50,0,18-JAN-2024,
OPTIDX,NIFTY,27-Jun-2024,17000,CE,0,0,0,5010.65,4961.25,0,0,50,0,18-JAN-2024,
OPTIDX,NIFTY,27-Jun-2024,18000,CE,3901.15,4500,3875,4002.85,4002.85,59,648.14,17350,-400,18-JAN-2024,
OPTIDX,NIFTY,27-Jun-2024,18500,CE,3500,3510,3500,3510,3513.55,2,22,2725,0,18-JAN-2024,
OPTIDX,NIFTY,27-Jun-2024,19000,CE,3062,3200,3017.3,3149.35,3149.35,231,2552.98,111100,9200,18-JAN-2024,
OPTIDX,NIFTY,27-Jun-2024,20000,CE,2429.6,2429.6,2207.25,2353.8,2353.8,512,5711.29,161750,5650,18-JAN-2024,
OPTIDX,NIFTY,27-Jun-2024,21000,CE,1608.45,1670,1530,1620.75,1620.75,793,8957.13,345750,-1500,18-JAN-2024,
OPTIDX,NIFTY,27-Jun-2024,22000,CE,1036,1049.15,963.8,1005.35,1005.35,2624,30171.71,277350,27750,18-JAN-2024,
OPTIDX,NIFTY,27-Jun-2024,23000,CE,600,607.3,528.2,555.2,555.2,3043,35861.97,682900,9650,18-JAN-2024,
OPTIDX,NIFTY,27-Jun-2024,24000,CE,329,359.5,277.05,299.2,299.2,1592,19343.92,199450,-12550,18-JAN-2024,
OPTIDX,NIFTY,27-Jun-2024,25000,CE,154.95,162,136.05,145.6,145.6,785,9870.19,119700,9800,18-JAN-2024,
OPTIDX,NIFTY,27-Jun-2024,26000,CE,80,90,71.1,81.6,81.6,72,938.89,24150,1100,18-JAN-2024,
OPTIDX,NIFTY,27-Jun-2024,27000,CE,0,0,0,331.6,4.85,0,0,0,0,18-JAN-2024,
OPTIDX,NIFTY,27-Jun-2024,14000,PE,0,0,0,3.05,0.05,0,0,7275,0,18-JAN-2024,
OPTIDX,NIFTY,27-Jun-2024,15000,PE,0,0,0,3.05,0.05,0,0,12425,0,18-JAN-2024,
OPTIDX,NIFTY,27-Jun-2024,16000,PE,0,0,0,3.05,0.05,0,0,37950,0,18-JAN-2024,
OPTIDX,NIFTY,27-Jun-2024,17000,PE,13.85,13.85,13.85,13.85,0.3,8,68.05,126100,-400,18-JAN-2024,
OPTIDX,NIFTY,27-Jun-2024,18000,PE,77,88.95,67.85,71.25,71.25,799,7222.23,462550,2950,18-JAN-2024,
OPTIDX,NIFTY,27-Jun-2024,19000,PE,142.05,179.95,137,142.05,142.05,1784,17084.24,751350,19150,18-JAN-2024,
OPTIDX,NIFTY,27-Jun-2024,20000,PE,294.9,325,258.65,267.75,267.75,2753,27927.26,1037300,10750,18-JAN-2024,
OPTIDX,NIFTY,27-Jun-2024,21000,PE,451,584.8,451,488.55,488.55,3214,34588.55,810100,-9150,18-JAN-2024,
OPTIDX,NIFTY,27-Jun-2024,22000,PE,868.25,978,831.15,847.8,847.8,2815,32212.33,826300,22500,18-JAN-2024,
OPTIDX,NIFTY,27-Jun-2024,23000,PE,1370.35,1540,1350,1368.55,1368.55,838,10239.65,132300,-100,18-JAN-2024,
OPTIDX,NIFTY,27-Jun-2024,24000,PE,2092.15,2243.4,2042.45,2048.25,2048.25,79,1032.9,30250,-50,18-JAN-2024,
OPTIDX,NIFTY,27-Jun-2024,25000,PE,0,0,0,7199.55,2860.1,0,0,0,0,18-JAN-2024,
OPTIDX,NIFTY,27-Jun-2024,26000,PE,0,0,0,8015.6,3792.6,0,0,0,0,18-JAN-2024,
OPTIDX,NIFTY,27-Jun-2024,27000,PE,0,0,0,8206,4750.55,0,0,0,0,18-JAN-2024,
OPTIDX,NIFTY,26-Sep-2024,17000,CE,0,0,0,3800.4,5238.2,0,0,0,0,18-JAN-2024,
OPTIDX,NIFTY,26-Sep-2024,18000,CE,0,0,0,2994.95,4292.55,0,0,0,0,18-JAN-2024,
OPTIDX,NIFTY,26-Sep-2024,19000,CE,0,0,0,2277.4,3370.45,0,0,0,0,18-JAN-2024,
OPTIDX,NIFTY,26-Sep-2024,20000,CE,0,0,0,1666.45,2504.9,0,0,0,0,18-JAN-2024,
OPTIDX,NIFTY,26-Sep-2024,21000,CE,0,0,0,1173.8,1741.55,0,0,0,0,18-JAN-2024,
OPTIDX,NIFTY,26-Sep-2024,22000,CE,1349.95,1369,1300,1318.25,1122.25,29,338.23,8300,350,18-JAN-2024,
OPTIDX,NIFTY,26-Sep-2024,23000,CE,840,860,828,829,829,40,476.72,6000,-200,18-JAN-2024,
OPTIDX,NIFTY,26-Sep-2024,24000,CE,499,499,497.5,497.5,363.85,22,269.47,400,-800,18-JAN-2024,
OPTIDX,NIFTY,26-Sep-2024,25000,CE,260,260,260,260,182.75,1,12.63,1250,0,18-JAN-2024,
OPTIDX,NIFTY,26-Sep-2024,26000,CE,101.05,101.05,101.05,101.05,84.7,1,13.05,2500,50,18-JAN-2024,
OPTIDX,NIFTY,26-Sep-2024,27000,CE,0,0,0,68.7,36.4,0,0,0,0,18-JAN-2024,
OPTIDX,NIFTY,26-Sep-2024,17000,PE,0,0,0,103.7,1.9,0,0,0,0,18-JAN-2024,
OPTIDX,NIFTY,26-Sep-2024,18000,PE,0,0,0,229.25,10.7,0,0,0,0,18-JAN-2024,
OPTIDX,NIFTY,26-Sep-2024,19000,PE,0,0,0,239.55,43.05,0,0,2850,0,18-JAN-2024,
OPTIDX,NIFTY,26-Sep-2024,20000,PE,0,0,0,762.75,132,0,0,0,0,18-JAN-2024,
OPTIDX,NIFTY,26-Sep-2024,21000,PE,0,0,0,1201.1,323.1,0,0,0,0,18-JAN-2024,
OPTIDX,NIFTY,26-Sep-2024,22000,PE,0,0,0,1754.25,658.25,0,0,0,0,18-JAN-2024,
OPTIDX,NIFTY,26-Sep-2024,23000,PE,0,0,0,913.6,1156.9,0,0,100,0,18-JAN-2024,
OPTIDX,NIFTY,26-Sep-2024,24000,PE,0,0,0,3149.25,1808.8,0,0,0,0,18-JAN-2024,
OPTIDX,NIFTY,26-Sep-2024,25000,PE,0,0,0,3952.4,2582.2,0,0,0,0,18-JAN-2024,
OPTIDX,NIFTY,26-Sep-2024,26000,PE,0,0,0,4801.5,3438.6,0,0,0,0,18-JAN-2024,
OPTIDX,NIFTY,26-Sep-2024,27000,PE,0,0,0,5681.95,4344.75,0,0,0,0,18-JAN-2024,
OPTIDX,NIFTY,26-Dec-2024,14000,CE,0,0,0,8599,8322.7,0,0,100,0,18-JAN-2024,
OPTIDX,NIFTY,26-Dec-2024,15000,CE,0,0,0,7100,7384.3,0,0,2100,0,18-JAN-2024,
OPTIDX,NIFTY,26-Dec-2024,16000,CE,0,0,0,6400,6446.55,0,0,21950,0,18-JAN-2024,
OPTIDX,NIFTY,26-Dec-2024,17000,CE,0,0,0,5549.95,5511.95,0,0,21050,0,18-JAN-2024,
OPTIDX,NIFTY,26-Dec-2024,18000,CE,4350,4462,4348.8,4462,4588.2,6,67.1,24850,-200,18-JAN-2024,
OPTIDX,NIFTY,26-Dec-2024,18500,CE,0,0,0,4400,4135.2,0,0,1000,0,18-JAN-2024,
OPTIDX,NIFTY,26-Dec-2024,19000,CE,3620,3791.25,3620,3788.7,3788.7,8,90.87,69950,0,18-JAN-2024,
OPTIDX,NIFTY,26-Dec-2024,20000,CE,2950,2999,2851.7,2983.9,2983.9,65,745.61,80000,-1450,18-JAN-2024,
OPTIDX,NIFTY,26-Dec-2024,21000,CE,2260.05,2297,2180,2275.5,2275.5,238,2764.18,123200,-3250,18-JAN-2024,
OPTIDX,NIFTY,26-Dec-2024,22000,CE,1620,1699,1590,1665.3,1665.3,258,3049.81,155200,1700,18-JAN-2024,
OPTIDX,NIFTY,26-Dec-2024,23000,CE,1150,1150,1079.25,1115.55,1115.55,320,3857.57,159800,1000,18-JAN-2024,
OPTIDX,NIFTY,26-Dec-2024,24000,CE,714.85,737.45,675.7,716.55,716.55,262,3236.32,144600,1050,18-JAN-2024,
OPTIDX,NIFTY,26-Dec-2024,25000,CE,430,459.9,415,436.75,436.75,325,4133.06,171500,-1450,18-JAN-2024,
OPTIDX,NIFTY,26-Dec-2024,26000,CE,241,268,241,257.05,257.05,153,2008.45,64650,3250,18-JAN-2024,
OPTIDX,NIFTY,26-Dec-2024,27000,CE,157.2,165.6,155,156.35,156.35,39,529.59,34450,0,18-JAN-2024,
OPTIDX,NIFTY,26-Dec-2024,14000,PE,0,0,0,20.5,0.05,0,0,3300,0,18-JAN-2024,
OPTIDX,NIFTY,26-Dec-2024,15000,PE,0,0,0,12.7,0.1,0,0,28300,0,18-JAN-2024,
OPTIDX,NIFTY,26-Dec-2024,16000,PE,0,0,0,47.75,0.9,0,0,13500,0,18-JAN-2024,
OPTIDX,NIFTY,26-Dec-2024,17000,PE,90,98.95,85.55,91.2,4.85,82,700.67,72850,1450,18-JAN-2024,
OPTIDX,NIFTY,26-Dec-2024,18000,PE,144,155,131,133.9,133.9,314,2848.18,252100,3050,18-JAN-2024,
OPTIDX,NIFTY,26-Dec-2024,19000,PE,240,265,216.5,221.05,221.05,603,5797.8,431400,3000,18-JAN-2024,
OPTIDX,NIFTY,26-Dec-2024,20000,PE,377.25,410.85,350,357.55,357.55,770,7843.87,533000,-8000,18-JAN-2024,
OPTIDX,NIFTY,26-Dec-2024,21000,PE,579,630,552.4,564.35,564.35,1216,13125.64,837650,8850,18-JAN-2024,
OPTIDX,NIFTY,26-Dec-2024,22000,PE,899.95,945,837,850.1,850.1,626,7165.47,297950,4850,18-JAN-2024,
OPTIDX,NIFTY,26-Dec-2024,23000,PE,1288.25,1380,1236,1252.95,1252.95,356,4326.48,107750,650,18-JAN-2024,
OPTIDX,NIFTY,26-Dec-2024,24000,PE,1830.3,2196.6,1777.35,1804.6,1804.6,81,1047.64,21650,1050,18-JAN-2024,
OPTIDX,NIFTY,26-Dec-2024,25000,PE,2474,2490,2474,2490,2358.3,2,27.48,9550,0,18-JAN-2024,
OPTIDX,NIFTY,26-Dec-2024,26000,PE,0,0,0,7636.7,3139.45,0,0,0,0,18-JAN-2024,
OPTIDX,NIFTY,26-Dec-2024,27000,PE,0,0,0,4500,3984.35,0,0,50,0,18-JAN-2024,
OPTIDX,NIFTY,26-Jun-2025,17000,CE,0,0,0,4165.5,6047.45,0,0,2750,0,18-JAN-2024,
OPTIDX,NIFTY,26-Jun-2025,18000,CE,0,0,0,3934,5163.55,0,0,2200,0,18-JAN-2024,
OPTIDX,NIFTY,26-Jun-2025,19000,CE,0,0,0,3077.9,4308.65,0,0,0,0,18-JAN-2024,
OPTIDX,NIFTY,26-Jun-2025,20000,CE,0,0,0,3180.85,3502.05,0,0,0,0,18-JAN-2024,
OPTIDX,NIFTY,26-Jun-2025,21000,CE,0,0,0,3199.45,2765.1,0,0,0,0,18-JAN-2024,
OPTIDX,NIFTY,26-Jun-2025,22000,CE,0,0,0,2088.15,2116.8,0,0,0,0,18-JAN-2024,
OPTIDX,NIFTY,26-Jun-2025,23000,CE,0,0,0,2003.65,1569.55,0,0,0,0,18-JAN-2024,
OPTIDX,NIFTY,26-Jun-2025,24000,CE,0,0,0,1100.85,1126.9,0,0,0,0,18-JAN-2024,
OPTIDX,NIFTY,26-Jun-2025,25000,CE,0,0,0,945.65,783.8,0,0,0,0,18-JAN-2024,
OPTIDX,NIFTY,26-Jun-2025,26000,CE,0,0,0,811.85,528.6,0,0,0,0,18-JAN-2024,
OPTIDX,NIFTY,26-Jun-2025,27000,CE,0,0,0,803.5,346.15,0,0,0,0,18-JAN-2024,
OPTIDX,NIFTY,26-Jun-2025,14000,PE,0,0,0,42.35,0.15,0,0,675,0,18-JAN-2024,
OPTIDX,NIFTY,26-Jun-2025,15000,PE,0,0,0,134,0.75,0,0,1800,0,18-JAN-2024,
OPTIDX,NIFTY,26-Jun-2025,16000,PE,0,0,0,129.2,3.45,0,0,100,0,18-JAN-2024,
OPTIDX,NIFTY,26-Jun-2025,17000,PE,0,0,0,3497.35,12.3,0,0,0,0,18-JAN-2024,
OPTIDX,NIFTY,26-Jun-2025,18000,PE,0,0,0,3586.15,35.85,0,0,0,0,18-JAN-2024,
OPTIDX,NIFTY,26-Jun-2025,19000,PE,0,0,0,3210.95,88.4,0,0,0,0,18-JAN-2024,
OPTIDX,NIFTY,26-Jun-2025,20000,PE,423.1,574.9,423.1,500,189.3,4,41.03,550,50,18-JAN-2024,
OPTIDX,NIFTY,26-Jun-2025,21000,PE,0,0,0,3070.85,359.85,0,0,0,0,18-JAN-2024,
OPTIDX,NIFTY,26-Jun-2025,22000,PE,0,0,0,3957.4,619.05,0,0,0,0,18-JAN-2024,
OPTIDX,NIFTY,26-Jun-2025,23000,PE,0,0,0,1170,979.25,0,0,0,0,18-JAN-2024,
OPTIDX,NIFTY,26-Jun-2025,24000,PE,0,0,0,5875.1,1444.05,0,0,0,0,18-JAN-2024,
OPTIDX,NIFTY,26-Jun-2025,25000,PE,0,0,0,6576.35,2008.4,0,0,0,0,18-JAN-2024,
OPTIDX,NIFTY,26-Jun-2025,26000,PE,0,0,0,7299,2660.7,0,0,0,0,18-JAN-2024,
OPTIDX,NIFTY,26-Jun-2025,27000,PE,0,0,0,7438.15,3385.75,0,0,0,0,18-JAN-2024,
OPTIDX,NIFTY,24-Dec-2025,16000,CE,0,0,0,7200,7427.25,0,0,50,0,18-JAN-2024,
OPTIDX,NIFTY,24-Dec-2025,17000,CE,0,0,0,5080,6562.2,0,0,650,0,18-JAN-2024,
OPTIDX,NIFTY,24-Dec-2025,18000,CE,0,0,0,6099.95,5712.8,0,0,5650,0,18-JAN-2024,
OPTIDX,NIFTY,24-Dec-2025,19000,CE,0,0,0,4401,4890.55,0,0,3200,0,18-JAN-2024,
OPTIDX,NIFTY,24-Dec-2025,19500,CE,0,0,0,3672.95,4493.95,0,0,1250,0,18-JAN-2024,
OPTIDX,NIFTY,24-Dec-2025,20000,CE,3800,3800,3800,3800,4109.65,1,11.9,300,-50,18-JAN-2024,
OPTIDX,NIFTY,24-Dec-2025,21000,CE,0,0,0,1400,3385.25,0,0,100,0,18-JAN-2024,
OPTIDX,NIFTY,24-Dec-2025,22000,CE,0,0,0,2811,2730.9,0,0,550,0,18-JAN-2024,
OPTIDX,NIFTY,24-Dec-2025,23000,CE,0,0,0,2350,2156.55,0,0,2450,0,18-JAN-2024,
OPTIDX,NIFTY,24-Dec-2025,24000,CE,0,0,0,1396.05,1666.95,0,0,0,0,18-JAN-2024,
OPTIDX,NIFTY,24-Dec-2025,25000,CE,0,0,0,1222.85,1261.7,0,0,0,0,18-JAN-2024,
OPTIDX,NIFTY,24-Dec-2025,26000,CE,0,0,0,1070.85,935.7,0,0,0,0,18-JAN-2024,
OPTIDX,NIFTY,24-Dec-2025,27000,CE,0,0,0,1071,680.5,0,0,0,0,18-JAN-2024,
OPTIDX,NIFTY,24-Dec-2025,13000,PE,0,0,0,400,0.1,0,0,150,0,18-JAN-2024,
OPTIDX,NIFTY,24-Dec-2025,15000,PE,0,0,0,62.15,1.9,0,0,1100,0,18-JAN-2024,
OPTIDX,NIFTY,24-Dec-2025,16000,PE,0,0,0,79,6.65,0,0,2550,0,18-JAN-2024,
OPTIDX,NIFTY,24-Dec-2025,16500,PE,0,0,0,38.15,11.55,0,0,2600,0,18-JAN-2024,
OPTIDX,NIFTY,24-Dec-2025,17000,PE,0,0,0,155.05,19.2,0,0,2400,0,18-JAN-2024,
OPTIDX,NIFTY,24-Dec-2025,18000,PE,73.75,283.4,73.75,269.95,269.95,27,246.43,3050,-550,18-JAN-2024,
OPTIDX,NIFTY,24-Dec-2025,19000,PE,0,0,0,620.05,102.75,0,0,3800,0,18-JAN-2024,
OPTIDX,NIFTY,24-Dec-2025,20000,PE,0,0,0,199.85,199.45,0,0,4550,0,18-JAN-2024,
OPTIDX,NIFTY,24-Dec-2025,21000,PE,0,0,0,701,352.65,0,0,3200,0,18-JAN-2024,
OPTIDX,NIFTY,24-Dec-2025,22000,PE,0,0,0,910,575.9,0,0,2250,0,18-JAN-2024,
OPTIDX,NIFTY,24-Dec-2025,23000,PE,0,0,0,1189.5,879.15,0,0,550,0,18-JAN-2024,
OPTIDX,NIFTY,24-Dec-2025,24000,PE,0,0,0,5649,1267.15,0,0,0,0,18-JAN-2024,
OPTIDX,NIFTY,24-Dec-2025,25000,PE,0,0,0,6310.55,1739.55,0,0,0,0,18-JAN-2024,
OPTIDX,NIFTY,24-Dec-2025,26000,PE,0,0,0,6993.25,2291.1,0,0,0,0,18-JAN-2024,
OPTIDX,NIFTY,24-Dec-2025,27000,PE,0,0,0,7112.8,2913.5,0,0,0,0,18-JAN-2024,
OPTIDX,NIFTY,25-Jun-2026,12000,CE,0,0,0,8690,11281.5,0,0,50,0,18-JAN-2024,
OPTIDX,NIFTY,25-Jun-2026,17000,CE,0,0,0,4348.25,7064.05,0,0,0,0,18-JAN-2024,
OPTIDX,NIFTY,25-Jun-2026,18000,CE,0,0,0,4150,6245.8,0,0,200,0,18-JAN-2024,
OPTIDX,NIFTY,25-Jun-2026,19000,CE,0,0,0,2872.25,5452,0,0,100,0,18-JAN-2024,
OPTIDX,NIFTY,25-Jun-2026,20000,CE,0,0,0,3829.5,4693.6,0,0,0,0,18-JAN-2024,
OPTIDX,NIFTY,25-Jun-2026,21000,CE,0,0,0,3881.9,3981.9,0,0,0,0,18-JAN-2024,
OPTIDX,NIFTY,25-Jun-2026,22000,CE,0,0,0,2722.55,3327.3,0,0,0,0,18-JAN-2024,
OPTIDX,NIFTY,25-Jun-2026,23000,CE,0,0,0,2645.65,2737.85,0,0,0,0,18-JAN-2024,
OPTIDX,NIFTY,25-Jun-2026,24000,CE,0,0,0,1698.3,2218.55,0,0,0,0,18-JAN-2024,
OPTIDX,NIFTY,25-Jun-2026,25000,CE,0,0,0,1510.4,1770.9,0,0,0,0,18-JAN-2024,
OPTIDX,NIFTY,25-Jun-2026,26000,CE,0,0,0,1343.15,1393,0,0,0,0,18-JAN-2024,
OPTIDX,NIFTY,25-Jun-2026,27000,CE,0,0,0,1352.8,1080.5,0,0,0,0,18-JAN-2024,
OPTIDX,NIFTY,25-Jun-2026,12000,PE,0,0,0,10.05,0.05,0,0,500,0,18-JAN-2024,
OPTIDX,NIFTY,25-Jun-2026,13000,PE,0,0,0,45.25,0.2,0,0,200,0,18-JAN-2024,
OPTIDX,NIFTY,25-Jun-2026,14000,PE,0,0,0,300,0.95,0,0,100,0,18-JAN-2024,
OPTIDX,NIFTY,25-Jun-2026,15000,PE,0,0,0,105.5,3.3,0,0,850,0,18-JAN-2024,
OPTIDX,NIFTY,25-Jun-2026,16000,PE,0,0,0,54.8,9.75,0,0,500,0,18-JAN-2024,
OPTIDX,NIFTY,25-Jun-2026,17000,PE,0,0,0,2627.25,24.6,0,0,0,0,18-JAN-2024,
OPTIDX,NIFTY,25-Jun-2026,18000,PE,0,0,0,3088.05,54.75,0,0,0,0,18-JAN-2024,
OPTIDX,NIFTY,25-Jun-2026,19000,PE,0,0,0,140.45,109.35,0,0,100,0,18-JAN-2024,
OPTIDX,NIFTY,25-Jun-2026,20000,PE,0,0,0,3159.75,199.35,0,0,0,0,18-JAN-2024,
OPTIDX,NIFTY,25-Jun-2026,21000,PE,0,0,0,3065.6,336.05,0,0,0,0,18-JAN-2024,
OPTIDX,NIFTY,25-Jun-2026,22000,PE,0,0,0,3829.5,529.8,0,0,0,0,18-JAN-2024,
OPTIDX,NIFTY,25-Jun-2026,23000,PE,0,0,0,4171.75,788.8,0,0,0,0,18-JAN-2024,
OPTIDX,NIFTY,25-Jun-2026,24000,PE,0,0,0,5437.7,1117.9,0,0,0,0,18-JAN-2024,
OPTIDX,NIFTY,25-Jun-2026,25000,PE,0,0,0,6063.1,1518.6,0,0,0,0,18-JAN-2024,
OPTIDX,NIFTY,25-Jun-2026,26000,PE,0,0,0,6709.2,1989.15,0,0,0,0,18-JAN-2024,
OPTIDX,NIFTY,25-Jun-2026,27000,PE,0,0,0,6810.7,2525.05,0,0,0,0,18-JAN-2024,
OPTIDX,NIFTY,31-Dec-2026,16000,CE,0,0,0,6200,8366.45,0,0,50,0,18-JAN-2024,
OPTIDX,NIFTY,31-Dec-2026,17000,CE,0,0,0,4955.1,7563.3,0,0,0,0,18-JAN-2024,
OPTIDX,NIFTY,31-Dec-2026,18000,CE,0,0,0,4501.45,6774.45,0,0,0,0,18-JAN-2024,
OPTIDX,NIFTY,31-Dec-2026,19000,CE,0,0,0,4999,6007.25,0,0,200,0,18-JAN-2024,
OPTIDX,NIFTY,31-Dec-2026,20000,CE,0,0,0,3704.3,5270.3,0,0,0,0,18-JAN-2024,
OPTIDX,NIFTY,31-Dec-2026,21000,CE,0,0,0,3356.25,4572.35,0,0,0,0,18-JAN-2024,
OPTIDX,NIFTY,31-Dec-2026,22000,CE,0,0,0,3039,3921.65,0,0,0,0,18-JAN-2024,
OPTIDX,NIFTY,31-Dec-2026,23000,CE,0,0,0,2020,3324.85,0,0,500,0,18-JAN-2024,
OPTIDX,NIFTY,31-Dec-2026,24000,CE,0,0,0,2010.65,2786.65,0,0,0,0,18-JAN-2024,
OPTIDX,NIFTY,31-Dec-2026,25000,CE,0,0,0,1811.2,2309.35,0,0,0,0,18-JAN-2024,
OPTIDX,NIFTY,31-Dec-2026,26000,CE,0,0,0,1631.05,1892.95,0,0,0,0,18-JAN-2024,
OPTIDX,NIFTY,31-Dec-2026,27000,CE,0,0,0,1651.65,1535.35,0,0,0,0,18-JAN-2024,
OPTIDX,NIFTY,31-Dec-2026,12000,PE,0,0,0,250.1,0.1,0,0,600,0,18-JAN-2024,
OPTIDX,NIFTY,31-Dec-2026,13000,PE,0,0,0,450,0.4,0,0,200,0,18-JAN-2024,
OPTIDX,NIFTY,31-Dec-2026,14000,PE,0,0,0,500,1.55,0,0,950,0,18-JAN-2024,
OPTIDX,NIFTY,31-Dec-2026,15000,PE,0,0,0,118.9,4.7,0,0,2200,0,18-JAN-2024,
OPTIDX,NIFTY,31-Dec-2026,16000,PE,0,0,0,73.05,12.35,0,0,2450,0,18-JAN-2024,
OPTIDX,NIFTY,31-Dec-2026,17000,PE,0,0,0,177.55,28.45,0,0,2700,0,18-JAN-2024,
OPTIDX,NIFTY,31-Dec-2026,18000,PE,0,0,0,374.15,58.85,0,0,6350,0,18-JAN-2024,
OPTIDX,NIFTY,31-Dec-2026,19000,PE,0,0,0,450,110.9,0,0,3200,0,18-JAN-2024,
OPTIDX,NIFTY,31-Dec-2026,20000,PE,0,0,0,250.85,193.2,0,0,3750,0,18-JAN-2024,
OPTIDX,NIFTY,31-Dec-2026,21000,PE,0,0,0,649,314.5,0,0,850,0,18-JAN-2024,
OPTIDX,NIFTY,31-Dec-2026,22000,PE,0,0,0,609.65,483.05,0,0,100,0,18-JAN-2024,
OPTIDX,NIFTY,31-Dec-2026,23000,PE,0,0,0,1158.95,705.55,0,0,5800,0,18-JAN-2024,
OPTIDX,NIFTY,31-Dec-2026,24000,PE,0,0,0,5233.45,986.6,0,0,0,0,18-JAN-2024,
OPTIDX,NIFTY,31-Dec-2026,25000,PE,0,0,0,5825.75,1328.55,0,0,0,0,18-JAN-2024,
OPTIDX,NIFTY,31-Dec-2026,26000,PE,0,0,0,6437.4,1731.4,0,0,0,0,18-JAN-2024,
OPTIDX,NIFTY,31-Dec-2026,27000,PE,0,0,0,6522.3,2193.1,0,0,0,0,18-JAN-2024,
OPTIDX,NIFTY,24-Jun-2027,17000,CE,0,0,0,4464.7,8009.05,0,0,0,0,18-JAN-2024,
OPTIDX,NIFTY,24-Jun-2027,18000,CE,0,0,0,4066.45,7245.55,0,0,0,0,18-JAN-2024,
OPTIDX,NIFTY,24-Jun-2027,19000,CE,0,0,0,3701.25,6501.35,0,0,100,0,18-JAN-2024,
OPTIDX,NIFTY,24-Jun-2027,20000,CE,0,0,0,3367.05,5783.4,0,0,0,0,18-JAN-2024,
OPTIDX,NIFTY,24-Jun-2027,21000,CE,0,0,0,3061.8,5098.85,0,0,0,0,18-JAN-2024,
OPTIDX,NIFTY,24-Jun-2027,22000,CE,0,0,0,2783.5,4454.45,0,0,0,0,18-JAN-2024,
OPTIDX,NIFTY,24-Jun-2027,23000,CE,0,0,0,2530.05,3855.9,0,0,0,0,18-JAN-2024,
OPTIDX,NIFTY,24-Jun-2027,24000,CE,0,0,0,2299.55,3307.5,0,0,0,0,18-JAN-2024,
OPTIDX,NIFTY,24-Jun-2027,25000,CE,0,0,0,2090.05,2811.85,0,0,0,0,18-JAN-2024,
OPTIDX,NIFTY,24-Jun-2027,26000,CE,0,0,0,1900.85,2369.8,0,0,0,0,18-JAN-2024,
OPTIDX,NIFTY,24-Jun-2027,27000,CE,0,0,0,1932.5,1980.6,0,0,0,0,18-JAN-2024,
OPTIDX,NIFTY,24-Jun-2027,17000,PE,0,0,0,1814.75,30.65,0,0,0,0,18-JAN-2024,
OPTIDX,NIFTY,24-Jun-2027,18000,PE,0,0,0,2188.9,60.35,0,0,0,0,18-JAN-2024,
OPTIDX,NIFTY,24-Jun-2027,19000,PE,170,170,170,170,109.3,1,9.58,250,50,18-JAN-2024,
OPTIDX,NIFTY,24-Jun-2027,20000,PE,0,0,0,3034.2,184.5,0,0,0,0,18-JAN-2024,
OPTIDX,NIFTY,24-Jun-2027,21000,PE,0,0,0,3501.35,293.15,0,0,0,0,18-JAN-2024,
OPTIDX,NIFTY,24-Jun-2027,22000,PE,0,0,0,3995.4,441.9,0,0,0,0,18-JAN-2024,
OPTIDX,NIFTY,24-Jun-2027,23000,PE,0,0,0,4514.3,636.5,0,0,0,0,18-JAN-2024,
OPTIDX,NIFTY,24-Jun-2027,24000,PE,0,0,0,5056.2,881.3,0,0,0,0,18-JAN-2024,
OPTIDX,NIFTY,24-Jun-2027,25000,PE,0,0,0,5619.05,1178.8,0,0,0,0,18-JAN-2024,
OPTIDX,NIFTY,24-Jun-2027,26000,PE,0,0,0,6202.2,1529.9,0,0,0,0,18-JAN-2024,
OPTIDX,NIFTY,24-Jun-2027,27000,PE,0,0,0,6273.45,1933.9,0,0,0,0,18-JAN-2024,
OPTIDX,NIFTY,30-Dec-2027,17000,CE,0,0,0,6805.5,8473.45,0,0,0,0,18-JAN-2024,
OPTIDX,NIFTY,30-Dec-2027,18000,CE,0,0,0,6285.7,7735.8,0,0,0,0,18-JAN-2024,
OPTIDX,NIFTY,30-Dec-2027,19000,CE,0,0,0,5794.9,7015.2,0,0,0,0,18-JAN-2024,
OPTIDX,NIFTY,30-Dec-2027,20000,CE,0,0,0,5333.85,6317.2,0,0,0,0,18-JAN-2024,
OPTIDX,NIFTY,30-Dec-2027,21000,CE,0,0,0,4902.4,5647.75,0,0,0,0,18-JAN-2024,
OPTIDX,NIFTY,30-Dec-2027,22000,CE,0,0,0,4499.55,5012.3,0,0,0,0,18-JAN-2024,
OPTIDX,NIFTY,30-Dec-2027,23000,CE,0,0,0,4125.7,4415.75,0,0,0,0,18-JAN-2024,
OPTIDX,NIFTY,30-Dec-2027,24000,CE,0,0,0,3778.95,3862,0,0,0,0,18-JAN-2024,
OPTIDX,NIFTY,30-Dec-2027,25000,CE,0,0,0,3458.35,3353.65,0,0,0,0,18-JAN-2024,
OPTIDX,NIFTY,30-Dec-2027,26000,CE,0,0,0,3162.4,2892.05,0,0,0,0,18-JAN-2024,
OPTIDX,NIFTY,30-Dec-2027,27000,CE,0,0,0,2889.8,2477.35,0,0,0,0,18-JAN-2024,
OPTIDX,NIFTY,30-Dec-2027,15000,PE,0,0,0,86.75,6.8,0,0,350,0,18-JAN-2024,
OPTIDX,NIFTY,30-Dec-2027,17000,PE,0,0,0,514,31.9,0,0,14250,0,18-JAN-2024,
OPTIDX,NIFTY,30-Dec-2027,18000,PE,0,0,0,74.8,60.2,0,0,10500,0,18-JAN-2024,
OPTIDX,NIFTY,30-Dec-2027,19000,PE,0,0,0,760,105.5,0,0,700,0,18-JAN-2024,
OPTIDX,NIFTY,30-Dec-2027,20000,PE,0,0,0,811,173.45,0,0,2350,0,18-JAN-2024,
OPTIDX,NIFTY,30-Dec-2027,21000,PE,0,0,0,1563.55,269.9,0,0,0,0,18-JAN-2024,
OPTIDX,NIFTY,30-Dec-2027,22000,PE,0,0,0,1867.9,400.4,0,0,0,0,18-JAN-2024,
OPTIDX,NIFTY,30-Dec-2027,23000,PE,0,0,0,2201.3,569.8,0,0,0,0,18-JAN-2024,
OPTIDX,NIFTY,30-Dec-2027,24000,PE,0,0,0,2561.85,781.95,0,0,0,0,18-JAN-2024,
OPTIDX,NIFTY,30-Dec-2027,25000,PE,0,0,0,2948.45,1039.5,0,0,0,0,18-JAN-2024,
OPTIDX,NIFTY,30-Dec-2027,26000,PE,0,0,0,3359.75,1343.85,0,0,0,0,18-JAN-2024,
OPTIDX,NIFTY,30-Dec-2027,27000,PE,0,0,0,3794.4,1695.05,0,0,0,0,18-JAN-2024,
OPTIDX,NIFTY,29-Jun-2028,17000,CE,0,0,0,7393.45,8904.7,0,0,0,0,18-JAN-2024,
OPTIDX,NIFTY,29-Jun-2028,18000,CE,0,0,0,6809.35,8190.85,0,0,0,0,18-JAN-2024,
OPTIDX,NIFTY,29-Jun-2028,19000,CE,0,0,0,6252.25,7492,0,0,0,0,18-JAN-2024,
OPTIDX,NIFTY,29-Jun-2028,20000,CE,0,0,0,5724.65,6812.85,0,0,0,0,18-JAN-2024,
OPTIDX,NIFTY,29-Jun-2028,21000,CE,0,0,0,5226.55,6158.35,0,0,0,0,18-JAN-2024,
OPTIDX,NIFTY,29-Jun-2028,22000,CE,0,0,0,4759.5,5533.15,0,0,0,0,18-JAN-2024,
OPTIDX,NIFTY,29-Jun-2028,23000,CE,0,0,0,4323.1,4941.4,0,0,0,0,18-JAN-2024,
OPTIDX,NIFTY,29-Jun-2028,24000,CE,0,0,0,3918.85,4386.55,0,0,0,0,18-JAN-2024,
OPTIDX,NIFTY,29-Jun-2028,25000,CE,0,0,0,3545.15,3871.25,0,0,0,0,18-JAN-2024,
OPTIDX,NIFTY,29-Jun-2028,26000,CE,0,0,0,3200.9,3397,0,0,0,0,18-JAN-2024,
OPTIDX,NIFTY,29-Jun-2028,27000,CE,0,0,0,2885.15,2964.5,0,0,0,0,18-JAN-2024,
OPTIDX,NIFTY,29-Jun-2028,17000,PE,0,0,0,283.1,32.25,0,0,0,0,18-JAN-2024,
OPTIDX,NIFTY,29-Jun-2028,18000,PE,0,0,0,396.75,58.95,0,0,0,0,18-JAN-2024,
OPTIDX,NIFTY,29-Jun-2028,19000,PE,0,0,0,537.45,100.65,0,0,0,0,18-JAN-2024,
OPTIDX,NIFTY,29-Jun-2028,20000,PE,0,0,0,707.55,162.1,0,0,0,0,18-JAN-2024,
OPTIDX,NIFTY,29-Jun-2028,21000,PE,0,0,0,907.2,248.2,0,0,0,0,18-JAN-2024,
OPTIDX,NIFTY,29-Jun-2028,22000,PE,0,0,0,1137.9,363.55,0,0,0,0,18-JAN-2024,
OPTIDX,NIFTY,29-Jun-2028,23000,PE,0,0,0,1399.25,512.35,0,0,0,0,18-JAN-2024,
OPTIDX,NIFTY,29-Jun-2028,24000,PE,0,0,0,1692.75,698.1,0,0,0,0,18-JAN-2024,
OPTIDX,NIFTY,29-Jun-2028,25000,PE,0,0,0,2016.8,923.35,0,0,0,0,18-JAN-2024,
OPTIDX,NIFTY,29-Jun-2028,26000,PE,0,0,0,2370.3,1189.7,0,0,0,0,18-JAN-2024,
OPTIDX,NIFTY,29-Jun-2028,27000,PE,0,0,0,2752.35,1497.75,0,0,0,0,18-JAN-2024,
OPTIDX,NIFTY,28-Dec-2028,17000,CE,0,0,0,10036.4,9321.1,0,0,0,0,18-JAN-2024,
OPTIDX,NIFTY,28-Dec-2028,18000,CE,0,0,0,9380.3,8630,0,0,0,0,18-JAN-2024,
OPTIDX,NIFTY,28-Dec-2028,19000,CE,0,0,0,8739,7952.15,0,0,0,0,18-JAN-2024,
OPTIDX,NIFTY,28-Dec-2028,20000,CE,0,0,0,8115.5,7291.6,0,0,0,0,18-JAN-2024,
OPTIDX,NIFTY,28-Dec-2028,21000,CE,0,0,0,7512.5,6652.4,0,0,0,0,18-JAN-2024,
OPTIDX,NIFTY,28-Dec-2028,22000,CE,0,0,0,6932.45,6038.55,0,0,0,0,18-JAN-2024,
OPTIDX,NIFTY,28-Dec-2028,23000,CE,0,0,0,6377.6,5453.7,0,0,0,0,18-JAN-2024,
OPTIDX,NIFTY,28-Dec-2028,24000,CE,0,0,0,5850.3,4900.85,0,0,0,0,18-JAN-2024,
OPTIDX,NIFTY,28-Dec-2028,25000,CE,0,0,0,5350.4,4382.55,0,0,0,0,18-JAN-2024,
OPTIDX,NIFTY,28-Dec-2028,26000,CE,0,0,0,4879.7,3900.4,0,0,0,0,18-JAN-2024,
OPTIDX,NIFTY,28-Dec-2028,27000,CE,0,0,0,4437.95,3455.35,0,0,0,0,18-JAN-2024,
OPTIDX,NIFTY,28-Dec-2028,17000,PE,0,0,0,66.15,31.9,0,0,0,0,18-JAN-2024,
OPTIDX,NIFTY,28-Dec-2028,18000,PE,0,0,0,104.65,56.85,0,0,0,0,18-JAN-2024,
OPTIDX,NIFTY,28-Dec-2028,19000,PE,0,0,0,158,95.1,0,0,0,0,18-JAN-2024,
OPTIDX,NIFTY,28-Dec-2028,20000,PE,0,0,0,229.1,150.6,0,0,0,0,18-JAN-2024,
OPTIDX,NIFTY,28-Dec-2028,21000,PE,0,0,0,320.7,227.5,0,0,0,0,18-JAN-2024,
OPTIDX,NIFTY,28-Dec-2028,22000,PE,0,0,0,435.3,329.7,0,0,0,0,18-JAN-2024,
OPTIDX,NIFTY,28-Dec-2028,23000,PE,0,0,0,575.05,460.9,0,0,0,0,18-JAN-2024,
OPTIDX,NIFTY,28-Dec-2028,24000,PE,0,0,0,742.35,624.15,0,0,0,0,18-JAN-2024,
OPTIDX,NIFTY,28-Dec-2028,25000,PE,0,0,0,937.05,821.9,0,0,0,0,18-JAN-2024,
OPTIDX,NIFTY,28-Dec-2028,26000,PE,0,0,0,1160.95,1055.8,0,0,0,0,18-JAN-2024,
OPTIDX,NIFTY,28-Dec-2028,27000,PE,0,0,0,1413.85,1326.8,0,0,0,0,18-JAN-2024,
