INSTRUMENT,SYMBOL,EXPIRY_DT,STRIKE_PR,OPTION_TYP,OPEN,HIGH,LOW,CLOSE,SETTLE_PR,CONTRACTS,VAL_INLAKH,OPEN_INT,CHG_IN_OI,TIMESTAMP,
FUTIDX,NIFTY,29-Feb-2024,0,XX,22142.2,22259.95,22055,22171.4,22171.4,108926,1207604.21,11758800,145500,19-FEB-2024,
FUTIDX,NIFTY,28-Mar-2024,0,XX,22299.95,22399,22201.5,22312.05,22312.05,13467,150317.07,1358900,112400,19-FEB-2024,
FUTIDX,NIFTY,25-Apr-2024,0,XX,22404.5,22531.1,22338,22448.6,22448.6,4178,46921.09,603200,47100,19-FEB-2024,
OPTIDX,NIFTY,22-Feb-2024,19500,CE,2575.1,2575.1,2575.1,2575.1,2633.05,1,11.03,4600,-50,19-FEB-2024,
OPTIDX,NIFTY,22-Feb-2024,19550,CE,0,0,0,2053.95,2583.1,0,0,0,0,19-FEB-2024,
OPTIDX,NIFTY,22-Feb-2024,19600,CE,2585.6,2585.6,2495.3,2495.3,2533.1,2,22.14,800,50,19-FEB-2024,
OPTIDX,NIFTY,22-Feb-2024,19650,CE,0,0,0,1956.35,2483.15,0,0,0,0,19-FEB-2024,
OPTIDX,NIFTY,22-Feb-2024,19700,CE,0,0,0,2257.25,2433.2,0,0,900,0,19-FEB-2024,
OPTIDX,NIFTY,22-Feb-2024,19750,CE,0,0,0,1859.35,2383.2,0,0,0,0,19-FEB-2024,
OPTIDX,NIFTY,22-Feb-2024,19800,CE,0,0,0,2269.3,2333.25,0,0,1450,0,19-FEB-2024,
OPTIDX,NIFTY,22-Feb-2024,19850,CE,0,0,0,2122,2283.25,0,0,300,0,19-FEB-2024,
OPTIDX,NIFTY,22-Feb-2024,19900,CE,2115.5,2270,2115.5,2270,2233.3,6,66.27,1150,-50,19-FEB-2024,
OPTIDX,NIFTY,22-Feb-2024,19950,CE,0,0,0,1724,2183.3,0,0,250,0,19-FEB-2024,
OPTIDX,NIFTY,22-Feb-2024,20000,CE,2090,2183.9,2005,2118.8,2118.8,266,2933.64,15350,-750,19-FEB-2024,
OPTIDX,NIFTY,22-Feb-2024,20050,CE,0,0,0,1949,2083.35,0,0,50,0,19-FEB-2024,
OPTIDX,NIFTY,22-Feb-2024,20100,CE,1935.7,2102,1935.7,2061.1,2061.1,67,743.18,1000,-2150,19-FEB-2024,
OPTIDX,NIFTY,22-Feb-2024,20150,CE,0,0,0,1820,1983.45,0,0,50,0,19-FEB-2024,
OPTIDX,NIFTY,22-Feb-2024,20200,CE,0,0,0,1803.1,1933.45,0,0,2150,0,19-FEB-2024,
OPTIDX,NIFTY,22-Feb-2024,20250,CE,0,0,0,1645,1883.5,0,0,4750,0,19-FEB-2024,
OPTIDX,NIFTY,22-Feb-2024,20300,CE,1760,1875,1760,1862,1862,129,1425.17,3250,-5350,19-FEB-2024,
OPTIDX,NIFTY,22-Feb-2024,20350,CE,0,0,0,1545.5,1783.55,0,0,1450,0,19-FEB-2024,
OPTIDX,NIFTY,22-Feb-2024,20400,CE,0,0,0,1650,1733.55,0,0,900,0,19-FEB-2024,
OPTIDX,NIFTY,22-Feb-2024,20450,CE,0,0,0,1450,1683.6,0,0,700,0,19-FEB-2024,
OPTIDX,NIFTY,22-Feb-2024,20500,CE,1579,1687,1579,1616.3,1616.3,655,7244.36,26050,-2650,19-FEB-2024,
OPTIDX,NIFTY,22-Feb-2024,20550,CE,1605.6,1605.6,1552.85,1576.6,1576.6,596,6593.71,5700,5300,19-FEB-2024,
OPTIDX,NIFTY,22-Feb-2024,20600,CE,1475,1581,1431,1534.2,1534.2,178,1965.5,11600,6650,19-FEB-2024,
OPTIDX,NIFTY,22-Feb-2024,20650,CE,1400,1480.45,1400,1450,1450,4,44.16,400,0,19-FEB-2024,
OPTIDX,NIFTY,22-Feb-2024,20700,CE,0,0,0,1363.9,1433.75,0,0,3400,0,19-FEB-2024,
OPTIDX,NIFTY,22-Feb-2024,20750,CE,0,0,0,1240,1383.75,0,0,3800,0,19-FEB-2024,
OPTIDX,NIFTY,22-Feb-2024,20800,CE,1277.3,1394,1274.1,1327.1,1327.1,21,232.13,15300,-50,19-FEB-2024,
OPTIDX,NIFTY,22-Feb-2024,20850,CE,0,0,0,1196,1283.8,0,0,900,0,19-FEB-2024,
OPTIDX,NIFTY,22-Feb-2024,20900,CE,0,0,0,1183,1233.85,0,0,3250,0,19-FEB-2024,
OPTIDX,NIFTY,22-Feb-2024,20950,CE,1140.95,1191.8,1140.9,1188.45,1188.45,12,132.73,500,0,19-FEB-2024,
OPTIDX,NIFTY,22-Feb-2024,21000,CE,1090.6,1212,999,1130.05,1130.05,2974,32900.55,157400,18300,19-FEB-2024,
OPTIDX,NIFTY,22-Feb-2024,21050,CE,1040.9,1108.4,1040.9,1082.4,1082.4,13,143.91,550,150,19-FEB-2024,
OPTIDX,NIFTY,22-Feb-2024,21100,CE,991.95,1103.35,905.7,1027.3,1027.3,97,1072.22,35350,-850,19-FEB-2024,
OPTIDX,NIFTY,22-Feb-2024,21150,CE,942.55,1030.85,853.8,1000.55,1000.55,60,663.8,4600,-500,19-FEB-2024,
OPTIDX,NIFTY,22-Feb-2024,21200,CE,893.85,1010,810.2,922.9,922.9,310,3424.47,26200,-2600,19-FEB-2024,
OPTIDX,NIFTY,22-Feb-2024,21250,CE,844.05,963.9,817,963.9,884.05,44,487.2,8050,-100,19-FEB-2024,
OPTIDX,NIFTY,22-Feb-2024,21300,CE,780.05,919,715,827.65,827.65,148,1637.5,45700,-1450,19-FEB-2024,
OPTIDX,NIFTY,22-Feb-2024,21350,CE,711.25,845.25,662.8,782,782,107,1183.57,13000,-1350,19-FEB-2024,
OPTIDX,NIFTY,22-Feb-2024,21400,CE,700.15,822.2,607.55,725.05,725.05,651,7200.58,96500,-7700,19-FEB-2024,
OPTIDX,NIFTY,22-Feb-2024,21450,CE,652,758.35,569,685.65,685.65,127,1404.71,18700,-650,19-FEB-2024,
OPTIDX,NIFTY,22-Feb-2024,21500,CE,587.55,725.25,516.55,632.55,632.55,13545,149842.82,203100,-93250,19-FEB-2024,
OPTIDX,NIFTY,22-Feb-2024,21550,CE,540,666.65,471.85,576.85,576.85,987,10915.12,36350,-6350,19-FEB-2024,
OPTIDX,NIFTY,22-Feb-2024,21600,CE,494,627.6,427.5,538.2,538.2,5869,64969.59,207700,-6700,19-FEB-2024,
OPTIDX,NIFTY,22-Feb-2024,21650,CE,449.9,583.6,385.1,492.45,492.45,1693,18727.89,51550,-9600,19-FEB-2024,
OPTIDX,NIFTY,22-Feb-2024,21700,CE,428,535,344,444.8,444.8,16370,181181.14,819850,-49200,19-FEB-2024,
OPTIDX,NIFTY,22-Feb-2024,21750,CE,370.45,488.15,305,398.9,398.9,5036,55745.24,83700,-23500,19-FEB-2024,
OPTIDX,NIFTY,22-Feb-2024,21800,CE,308,445.9,268,358.9,358.9,66116,732397.15,829500,-164650,19-FEB-2024,
OPTIDX,NIFTY,22-Feb-2024,21850,CE,274.9,401.3,232.55,316.9,316.9,30676,339892.19,420300,-138900,19-FEB-2024,
OPTIDX,NIFTY,22-Feb-2024,21900,CE,259.6,360.05,200.7,280.55,280.55,202884,2249683.48,1455150,-420750,19-FEB-2024,
OPTIDX,NIFTY,22-Feb-2024,21950,CE,210,318.6,170.75,243.25,243.25,145905,1618465.72,401600,-425650,19-FEB-2024,
OPTIDX,NIFTY,22-Feb-2024,22000,CE,193.95,279,143.9,207.6,207.6,1064573,11819422.86,2996500,-890300,19-FEB-2024,
OPTIDX,NIFTY,22-Feb-2024,22050,CE,169.95,242,119.1,174.6,174.6,852235,9468482.28,1394800,-236050,19-FEB-2024,
OPTIDX,NIFTY,22-Feb-2024,22100,CE,155,207.6,97.55,146.45,146.45,2557577,28455510.13,5010600,953000,19-FEB-2024,
OPTIDX,NIFTY,22-Feb-2024,22150,CE,118,175,78.5,119.45,119.45,1704666,18993784.86,2078700,769150,19-FEB-2024,
OPTIDX,NIFTY,22-Feb-2024,22200,CE,93.6,144.95,62.35,95.45,95.45,2336931,26067264.49,4226200,1306450,19-FEB-2024,
OPTIDX,NIFTY,22-Feb-2024,22250,CE,67.4,118.45,48.8,75.4,75.4,985933,11011795.88,1470450,348600,19-FEB-2024,
OPTIDX,NIFTY,22-Feb-2024,22300,CE,55.5,94.25,37.7,57.35,57.35,1582513,17698673.16,4138350,936450,19-FEB-2024,
OPTIDX,NIFTY,22-Feb-2024,22350,CE,40.8,73.8,28.7,43.3,43.3,738022,8266689.98,1403550,396850,19-FEB-2024,
OPTIDX,NIFTY,22-Feb-2024,22400,CE,54.45,56.45,21.45,31.95,31.95,1231715,13819523.55,2762500,204000,19-FEB-2024,
OPTIDX,NIFTY,22-Feb-2024,22450,CE,24.4,42.3,16.2,23.05,23.05,727337,8174885.88,1709150,865650,19-FEB-2024,
OPTIDX,NIFTY,22-Feb-2024,22500,CE,16,30.85,12.05,16.1,16.1,1332179,15001274.65,4707950,882650,19-FEB-2024,
OPTIDX,NIFTY,22-Feb-2024,22550,CE,13.8,21.9,8.75,11.05,11.05,676759,7635516.47,1153950,-305600,19-FEB-2024,
OPTIDX,NIFTY,22-Feb-2024,22600,CE,9.4,15.2,5.9,7.4,7.4,1108472,12531453.9,5553200,1104450,19-FEB-2024,
OPTIDX,NIFTY,22-Feb-2024,22650,CE,7.55,10.55,4.3,5.25,5.25,641576,7268245.49,1933750,530600,19-FEB-2024,
OPTIDX,NIFTY,22-Feb-2024,22700,CE,4.9,7.3,3.1,3.6,3.6,928626,10542291.19,4177750,691250,19-FEB-2024,
OPTIDX,NIFTY,22-Feb-2024,22750,CE,7.25,7.25,2.35,2.7,2.7,532628,6059634.26,1856300,407900,19-FEB-2024,
OPTIDX,NIFTY,22-Feb-2024,22800,CE,2.9,3.95,1.95,2.2,2.2,629501,7177187.96,4659900,409250,19-FEB-2024,
OPTIDX,NIFTY,22-Feb-2024,22850,CE,2.6,3.45,1.7,1.85,1.85,302743,3459185.67,1261550,275450,19-FEB-2024,
OPTIDX,NIFTY,22-Feb-2024,22900,CE,1.9,2.7,1.5,1.6,1.6,416596,4770413.89,2249600,31150,19-FEB-2024,
OPTIDX,NIFTY,22-Feb-2024,22950,CE,1.85,2.45,1.45,1.55,1.55,263854,3027963.26,1984500,23100,19-FEB-2024,
OPTIDX,NIFTY,22-Feb-2024,23000,CE,1.65,1.95,1.3,1.4,1.4,437351,5029879.41,5940600,1161850,19-FEB-2024,
OPTIDX,NIFTY,22-Feb-2024,23050,CE,1.5,1.85,0.9,1.25,1.25,65313,752777.07,409350,66450,19-FEB-2024,
OPTIDX,NIFTY,22-Feb-2024,23100,CE,1.3,1.7,1.05,1.15,1.15,221322,2556407.76,1054350,334900,19-FEB-2024,
OPTIDX,NIFTY,22-Feb-2024,23150,CE,1.1,1.8,0.9,1.1,1.1,50429,583744.62,493300,107450,19-FEB-2024,
OPTIDX,NIFTY,22-Feb-2024,23200,CE,1.2,1.85,0.8,0.95,0.95,174680,2026378.32,1134200,242150,19-FEB-2024,
OPTIDX,NIFTY,22-Feb-2024,23250,CE,1.05,1.75,0.7,0.85,0.85,35532,413076.1,356200,118100,19-FEB-2024,
OPTIDX,NIFTY,22-Feb-2024,23300,CE,0.95,1.7,0.65,0.75,0.75,173620,2022745.14,1450200,384850,19-FEB-2024,
OPTIDX,NIFTY,22-Feb-2024,23350,CE,0.8,1.2,0.65,0.7,0.7,35864,418727.49,228600,80650,19-FEB-2024,
OPTIDX,NIFTY,22-Feb-2024,23400,CE,0.8,1.9,0.6,0.7,0.7,53915,630826.94,562400,88450,19-FEB-2024,
OPTIDX,NIFTY,22-Feb-2024,23450,CE,0.85,0.95,0.55,0.65,0.65,27700,324792.6,193850,109050,19-FEB-2024,
OPTIDX,NIFTY,22-Feb-2024,23500,CE,0.7,0.8,0.6,0.65,0.65,139306,1636893.78,2780550,35250,19-FEB-2024,
OPTIDX,NIFTY,22-Feb-2024,23550,CE,0.8,0.9,0.5,0.55,0.55,18018,212167.63,132150,23850,19-FEB-2024,
OPTIDX,NIFTY,22-Feb-2024,23600,CE,0.7,0.75,0.5,0.55,0.55,31640,373361.68,829550,-43050,19-FEB-2024,
OPTIDX,NIFTY,22-Feb-2024,23650,CE,0.65,0.75,0.45,0.55,0.55,21797,257755.79,337550,-16900,19-FEB-2024,
OPTIDX,NIFTY,22-Feb-2024,23700,CE,0.65,0.7,0.45,0.55,0.55,53171,630091.83,1886950,-78400,19-FEB-2024,
OPTIDX,NIFTY,22-Feb-2024,23750,CE,0.7,0.8,0.45,0.5,0.5,13768,163498.77,96250,96250,19-FEB-2024,
OPTIDX,NIFTY,22-Feb-2024,23800,CE,0.9,0.9,0.45,0.5,0.5,17918,213229.16,211800,211800,19-FEB-2024,
OPTIDX,NIFTY,22-Feb-2024,19500,PE,0.65,0.8,0.45,0.6,0.6,183848,1792570.96,4233150,-145000,19-FEB-2024,
OPTIDX,NIFTY,22-Feb-2024,19550,PE,0.6,0.75,0.45,0.6,0.6,22550,220432.87,422100,-32300,19-FEB-2024,
OPTIDX,NIFTY,22-Feb-2024,19600,PE,0.65,1.05,0.5,0.95,0.95,27675,271226.38,639900,414400,19-FEB-2024,
OPTIDX,NIFTY,22-Feb-2024,19650,PE,0.65,1.9,0.45,0.9,0.9,9743,95728.46,157150,15850,19-FEB-2024,
OPTIDX,NIFTY,22-Feb-2024,19700,PE,0.75,1.25,0.5,1,1,33106,326108.55,723950,328100,19-FEB-2024,
OPTIDX,NIFTY,22-Feb-2024,19750,PE,0.75,1.1,0.5,0.9,0.9,8994,88819.28,120550,47950,19-FEB-2024,
OPTIDX,NIFTY,22-Feb-2024,19800,PE,0.85,1.4,0.55,1.15,1.15,30247,299460.77,582050,303600,19-FEB-2024,
OPTIDX,NIFTY,22-Feb-2024,19850,PE,0.85,1.2,0.55,0.95,0.95,10959,108772.72,155250,21050,19-FEB-2024,
OPTIDX,NIFTY,22-Feb-2024,19900,PE,1,1.35,0.7,1.2,1.2,29732,295850.12,499900,423450,19-FEB-2024,
OPTIDX,NIFTY,22-Feb-2024,19950,PE,0.9,1.2,0.7,0.95,0.95,10024,99994.08,133750,66400,19-FEB-2024,
OPTIDX,NIFTY,22-Feb-2024,20000,PE,1.2,1.35,0.85,1.15,1.15,95176,951812.87,2030050,-64000,19-FEB-2024,
OPTIDX,NIFTY,22-Feb-2024,20050,PE,1.1,1.35,0.8,1.1,1.1,6902,69196.17,100100,29050,19-FEB-2024,
OPTIDX,NIFTY,22-Feb-2024,20100,PE,1.25,1.35,0.9,1.2,1.2,19578,196770.47,144000,22700,19-FEB-2024,
OPTIDX,NIFTY,22-Feb-2024,20150,PE,1.2,1.4,0.75,1.15,1.15,6083,61289.71,60800,-10650,19-FEB-2024,
OPTIDX,NIFTY,22-Feb-2024,20200,PE,1.2,1.45,0.9,1.25,1.25,50275,507808.58,297850,24150,19-FEB-2024,
OPTIDX,NIFTY,22-Feb-2024,20250,PE,1.2,1.5,0.75,1.25,1.25,8926,90381.22,89500,15750,19-FEB-2024,
OPTIDX,NIFTY,22-Feb-2024,20300,PE,1.4,1.5,0.95,1.3,1.3,30769,312324.67,379650,31600,19-FEB-2024,
OPTIDX,NIFTY,22-Feb-2024,20350,PE,1.35,1.5,1,1.3,1.3,8886,90420.41,103250,18800,19-FEB-2024,
OPTIDX,NIFTY,22-Feb-2024,20400,PE,1.4,1.55,1.1,1.3,1.3,51281,523099.92,452500,-73800,19-FEB-2024,
OPTIDX,NIFTY,22-Feb-2024,20450,PE,1.45,1.6,1,1.35,1.35,19345,197815.27,129500,450,19-FEB-2024,
OPTIDX,NIFTY,22-Feb-2024,20500,PE,1.6,1.65,1.15,1.45,1.45,189930,1946914.61,2893400,139950,19-FEB-2024,
OPTIDX,NIFTY,22-Feb-2024,20550,PE,1.65,1.7,0.95,1.3,1.3,23108,237450.14,146150,19800,19-FEB-2024,
OPTIDX,NIFTY,22-Feb-2024,20600,PE,1.6,1.75,1.2,1.4,1.4,73548,757597.08,578900,-204450,19-FEB-2024,
OPTIDX,NIFTY,22-Feb-2024,20650,PE,1.6,1.8,1.2,1.35,1.35,31898,329369.31,102800,-66200,19-FEB-2024,
OPTIDX,NIFTY,22-Feb-2024,20700,PE,1.8,2,1.25,1.45,1.45,131116,1357148.33,1191100,-161350,19-FEB-2024,
OPTIDX,NIFTY,22-Feb-2024,20750,PE,2.25,2.25,1,1.5,1.5,57178,593265.14,477600,-8850,19-FEB-2024,
OPTIDX,NIFTY,22-Feb-2024,20800,PE,2.3,2.4,1.35,1.55,1.55,173536,1804919.56,1331900,-83650,19-FEB-2024,
OPTIDX,NIFTY,22-Feb-2024,20850,PE,2.5,2.95,1.4,1.6,1.6,54069,563714.97,444700,-40800,19-FEB-2024,
OPTIDX,NIFTY,22-Feb-2024,20900,PE,2.85,2.85,1.45,1.7,1.7,200851,2099081.23,1698800,5650,19-FEB-2024,
OPTIDX,NIFTY,22-Feb-2024,20950,PE,3.25,5.2,1.65,1.85,1.85,88707,929293.17,812400,144950,19-FEB-2024,
OPTIDX,NIFTY,22-Feb-2024,21000,PE,3.9,4.05,1.95,2.15,2.15,507683,5331264.35,7279250,762800,19-FEB-2024,
OPTIDX,NIFTY,22-Feb-2024,21050,PE,3.9,4,2.05,2.25,2.25,129022,1358125.42,641300,-191350,19-FEB-2024,
OPTIDX,NIFTY,22-Feb-2024,21100,PE,5,5,2.35,2.5,2.5,290302,3063118.77,2016950,-814200,19-FEB-2024,
OPTIDX,NIFTY,22-Feb-2024,21150,PE,6.55,6.55,2.7,3.05,3.05,137397,1453210.52,1033450,309650,19-FEB-2024,
OPTIDX,NIFTY,22-Feb-2024,21200,PE,6.35,6.4,2.95,3.3,3.3,428026,4537938.16,4046150,995800,19-FEB-2024,
OPTIDX,NIFTY,22-Feb-2024,21250,PE,8.75,8.75,3.5,3.95,3.95,160982,1710817.56,1287250,242000,19-FEB-2024,
OPTIDX,NIFTY,22-Feb-2024,21300,PE,7.55,8.7,4.3,4.8,4.8,420652,4481152.23,3919150,1613400,19-FEB-2024,
OPTIDX,NIFTY,22-Feb-2024,21350,PE,10,10.65,5.1,5.8,5.8,209024,2232063.02,1444850,549700,19-FEB-2024,
OPTIDX,NIFTY,22-Feb-2024,21400,PE,9.4,13.55,6.4,7.3,7.3,390147,4176286.34,3546450,790600,19-FEB-2024,
OPTIDX,NIFTY,22-Feb-2024,21450,PE,8.3,16.7,7.75,8.85,8.85,211923,2273992.9,1515700,668300,19-FEB-2024,
OPTIDX,NIFTY,22-Feb-2024,21500,PE,21,21,9.45,11,11,605339,6511359.25,4474850,696900,19-FEB-2024,
OPTIDX,NIFTY,22-Feb-2024,21550,PE,16.8,25.95,11.45,13.4,13.4,290515,3132624.1,1344500,76850,19-FEB-2024,
OPTIDX,NIFTY,22-Feb-2024,21600,PE,32.65,32.65,13.95,17,17,629202,6801435.33,3612100,1077000,19-FEB-2024,
OPTIDX,NIFTY,22-Feb-2024,21650,PE,30,39.85,16.7,20.7,20.7,330082,3576999.27,1169900,294850,19-FEB-2024,
OPTIDX,NIFTY,22-Feb-2024,21700,PE,38,48.8,20.15,25.65,25.65,705297,7662789.33,4297500,463100,19-FEB-2024,
OPTIDX,NIFTY,22-Feb-2024,21750,PE,50.45,59.65,24.3,31.45,31.45,388662,4233694.73,1353750,190800,19-FEB-2024,
OPTIDX,NIFTY,22-Feb-2024,21800,PE,64.65,72.55,29.35,38.8,38.8,942283,10291244.73,4201100,756600,19-FEB-2024,
OPTIDX,NIFTY,22-Feb-2024,21850,PE,69.3,87.55,35.75,47.55,47.55,539294,5905948.62,1683150,-1132050,19-FEB-2024,
OPTIDX,NIFTY,22-Feb-2024,21900,PE,71,105.5,42.9,57.55,57.55,1157641,12713243.64,4599550,1012200,19-FEB-2024,
OPTIDX,NIFTY,22-Feb-2024,21950,PE,102.2,126,51.7,70.25,70.25,633802,6981073.67,1667750,529100,19-FEB-2024,
OPTIDX,NIFTY,22-Feb-2024,22000,PE,118,148.95,62.25,84.95,84.95,2066800,22832039.82,7326600,2090200,19-FEB-2024,
OPTIDX,NIFTY,22-Feb-2024,22050,PE,120,175,75.2,102.55,102.55,1050480,11642330.25,2498250,591500,19-FEB-2024,
OPTIDX,NIFTY,22-Feb-2024,22100,PE,150,203,89.85,122,122,2056952,22861893.74,4595200,2551550,19-FEB-2024,
OPTIDX,NIFTY,22-Feb-2024,22150,PE,173.55,234.65,107.5,145.15,145.15,1069909,11924001.91,1027250,464200,19-FEB-2024,
OPTIDX,NIFTY,22-Feb-2024,22200,PE,194,268.5,127.5,171.25,171.25,1001622,11200354.63,1487050,927550,19-FEB-2024,
OPTIDX,NIFTY,22-Feb-2024,22250,PE,249.1,304.95,150.9,200.9,200.9,188969,2120347.89,266150,140850,19-FEB-2024,
OPTIDX,NIFTY,22-Feb-2024,22300,PE,266.75,343.8,177.4,234.05,234.05,207695,2339126.84,619800,442050,19-FEB-2024,
OPTIDX,NIFTY,22-Feb-2024,22350,PE,298.9,384.25,206.9,269.75,269.75,47000,531259.84,232950,178400,19-FEB-2024,
OPTIDX,NIFTY,22-Feb-2024,22400,PE,337.3,426.85,239.75,306.3,306.3,51804,587839.77,188300,137800,19-FEB-2024,
OPTIDX,NIFTY,22-Feb-2024,22450,PE,398.75,466.65,276.05,350.3,350.3,7689,87582.76,35100,26350,19-FEB-2024,
OPTIDX,NIFTY,22-Feb-2024,22500,PE,426.9,517.5,314.2,394.15,394.15,33361,381622.14,187600,49200,19-FEB-2024,
OPTIDX,NIFTY,22-Feb-2024,22550,PE,474.3,555.7,356.75,434.45,434.45,2701,31033.1,7550,3350,19-FEB-2024,
OPTIDX,NIFTY,22-Feb-2024,22600,PE,533,610,399.55,481.8,481.8,3765,43409.2,50450,4100,19-FEB-2024,
OPTIDX,NIFTY,22-Feb-2024,22650,PE,576.5,645.7,446.55,512.4,512.4,252,2918.26,1300,800,19-FEB-2024,
OPTIDX,NIFTY,22-Feb-2024,22700,PE,647.5,699.2,491.95,578.9,578.9,812,9440.14,16300,6400,19-FEB-2024,
OPTIDX,NIFTY,22-Feb-2024,22750,PE,687.8,752.45,550.6,617.75,617.75,78,910.96,2500,1100,19-FEB-2024,
OPTIDX,NIFTY,22-Feb-2024,22800,PE,714.45,793,589.15,682,682,616,7219.42,9150,5200,19-FEB-2024,
OPTIDX,NIFTY,22-Feb-2024,22850,PE,683.3,739.9,682.85,726.15,726.15,8,94.26,300,250,19-FEB-2024,
OPTIDX,NIFTY,22-Feb-2024,22900,PE,754.8,754.8,746.4,746.4,765.15,2,23.65,50,50,19-FEB-2024,
OPTIDX,NIFTY,22-Feb-2024,22950,PE,887.8,953.1,763.1,763.1,815.05,24,285.44,450,450,19-FEB-2024,
OPTIDX,NIFTY,22-Feb-2024,23000,PE,925.9,989,788.25,877.6,877.6,387,4616.06,11450,-250,19-FEB-2024,
OPTIDX,NIFTY,22-Feb-2024,23050,PE,0,0,0,1014.2,915,0,0,50,0,19-FEB-2024,
OPTIDX,NIFTY,22-Feb-2024,23100,PE,936.3,937.6,906.95,906.95,964.95,14,168.07,950,50,19-FEB-2024,
OPTIDX,NIFTY,22-Feb-2024,23150,PE,1062,1062,1003.85,1008.05,1008.05,3,36.26,100,0,19-FEB-2024,
OPTIDX,NIFTY,22-Feb-2024,23200,PE,1120.3,1126.4,1060.95,1073.5,1073.5,9,109.32,100,50,19-FEB-2024,
OPTIDX,NIFTY,22-Feb-2024,23250,PE,0,0,0,1649.15,1114.85,0,0,0,0,19-FEB-2024,
OPTIDX,NIFTY,22-Feb-2024,23300,PE,1158.95,1189.7,1083.7,1189.7,1189.7,4,48.87,100,50,19-FEB-2024,
OPTIDX,NIFTY,22-Feb-2024,23350,PE,1283.4,1294.3,1154.3,1154.3,1214.8,4,49.15,100,50,19-FEB-2024,
OPTIDX,NIFTY,22-Feb-2024,23400,PE,0,0,0,1791.2,1264.75,0,0,0,0,19-FEB-2024,
OPTIDX,NIFTY,22-Feb-2024,23450,PE,0,0,0,1839,1314.75,0,0,0,0,19-FEB-2024,
OPTIDX,NIFTY,22-Feb-2024,23500,PE,1467.45,1467.45,1315,1368.75,1368.75,5,62.14,400,0,19-FEB-2024,
OPTIDX,NIFTY,22-Feb-2024,23550,PE,0,0,0,1935.05,1414.7,0,0,0,0,19-FEB-2024,
OPTIDX,NIFTY,22-Feb-2024,23600,PE,1432,1432,1432,1432,1464.65,2,25.03,100,0,19-FEB-2024,
OPTIDX,NIFTY,22-Feb-2024,23650,PE,1521.55,1521.55,1430.9,1430.9,1514.65,2,25.12,50,50,19-FEB-2024,
OPTIDX,NIFTY,22-Feb-2024,23700,PE,1580.4,1580.4,1501.95,1516,1564.6,6,75.68,450,250,19-FEB-2024,
OPTIDX,NIFTY,22-Feb-2024,23750,PE,0,0,0,2128.95,1614.6,0,0,0,0,19-FEB-2024,
OPTIDX,NIFTY,22-Feb-2024,23800,PE,0,0,0,2177.7,1664.55,0,0,0,0,19-FEB-2024,
OPTIDX,NIFTY,29-Feb-2024,18650,CE,0,0,0,3149.8,3506.7,0,0,32950,0,19-FEB-2024,
OPTIDX,NIFTY,29-Feb-2024,18700,CE,3430,3430,3370,3370.1,3456.8,3,33.13,72250,-100,19-FEB-2024,
OPTIDX,NIFTY,29-Feb-2024,18750,CE,0,0,0,3076,3406.9,0,0,1150,0,19-FEB-2024,
OPTIDX,NIFTY,29-Feb-2024,18800,CE,0,0,0,2950,3357,0,0,11250,0,19-FEB-2024,
OPTIDX,NIFTY,29-Feb-2024,18850,CE,0,0,0,1710.25,3307.1,0,0,0,0,19-FEB-2024,
OPTIDX,NIFTY,29-Feb-2024,18900,CE,0,0,0,3180,3257.15,0,0,2400,0,19-FEB-2024,
OPTIDX,NIFTY,29-Feb-2024,18950,CE,0,0,0,2410,3207.25,0,0,200,0,19-FEB-2024,
OPTIDX,NIFTY,29-Feb-2024,19000,CE,3138.95,3245,3050,3163.85,3163.85,617,6843.29,586100,-24200,19-FEB-2024,
OPTIDX,NIFTY,29-Feb-2024,19050,CE,0,0,0,2476.45,3107.45,0,0,100,0,19-FEB-2024,
OPTIDX,NIFTY,29-Feb-2024,19100,CE,3130,3130,3130,3130,3057.55,1,11.11,2150,-50,19-FEB-2024,
OPTIDX,NIFTY,29-Feb-2024,19150,CE,0,0,0,2340,3007.65,0,0,200,0,19-FEB-2024,
OPTIDX,NIFTY,29-Feb-2024,19200,CE,2847,2986.7,2847,2969,2957.7,10,110.75,3550,-300,19-FEB-2024,
OPTIDX,NIFTY,29-Feb-2024,19250,CE,0,0,0,2660,2907.8,0,0,100,0,19-FEB-2024,
OPTIDX,NIFTY,29-Feb-2024,19300,CE,2900,2900,2900,2900,2857.9,1,11.1,6050,-50,19-FEB-2024,
OPTIDX,NIFTY,29-Feb-2024,19350,CE,0,0,0,2740,2808,0,0,9100,0,19-FEB-2024,
OPTIDX,NIFTY,29-Feb-2024,19400,CE,0,0,0,2710,2758.1,0,0,8550,0,19-FEB-2024,
OPTIDX,NIFTY,29-Feb-2024,19450,CE,0,0,0,1231.75,2708.2,0,0,0,0,19-FEB-2024,
OPTIDX,NIFTY,29-Feb-2024,19500,CE,2612.25,2730.25,2597.4,2667.5,2667.5,38,421.73,138300,-1550,19-FEB-2024,
OPTIDX,NIFTY,29-Feb-2024,19550,CE,0,0,0,1159.6,2608.35,0,0,0,0,19-FEB-2024,
OPTIDX,NIFTY,29-Feb-2024,19600,CE,2513,2628.7,2513,2628.7,2558.45,2,22.17,14800,0,19-FEB-2024,
OPTIDX,NIFTY,29-Feb-2024,19650,CE,2456.7,2456.7,2456.7,2456.7,2508.55,3,33.16,200,0,19-FEB-2024,
OPTIDX,NIFTY,29-Feb-2024,19700,CE,2519.95,2530,2463,2469.5,2469.5,46,510.01,21850,-2100,19-FEB-2024,
OPTIDX,NIFTY,29-Feb-2024,19750,CE,0,0,0,1930.05,2408.75,0,0,300,0,19-FEB-2024,
OPTIDX,NIFTY,29-Feb-2024,19800,CE,2420,2420,2385,2385,2385,2,22.2,12500,-100,19-FEB-2024,
OPTIDX,NIFTY,29-Feb-2024,19850,CE,0,0,0,2110,2308.9,0,0,250,0,19-FEB-2024,
OPTIDX,NIFTY,29-Feb-2024,19900,CE,2315,2320,2315,2320,2259,2,22.21,10050,-100,19-FEB-2024,
OPTIDX,NIFTY,29-Feb-2024,19950,CE,0,0,0,2160,2209.1,0,0,1900,0,19-FEB-2024,
OPTIDX,NIFTY,29-Feb-2024,20000,CE,2130,2257.1,2055,2176.3,2176.3,1274,14133.77,638400,-21600,19-FEB-2024,
OPTIDX,NIFTY,29-Feb-2024,20050,CE,0,0,0,2032.8,2109.3,0,0,100,0,19-FEB-2024,
OPTIDX,NIFTY,29-Feb-2024,20100,CE,1995,2140,1995,2140,2059.4,45,500.17,11600,2050,19-FEB-2024,
OPTIDX,NIFTY,29-Feb-2024,20150,CE,0,0,0,1820,2009.5,0,0,250,0,19-FEB-2024,
OPTIDX,NIFTY,29-Feb-2024,20200,CE,2030,2040,1980,1980,1980,6,66.65,24250,-300,19-FEB-2024,
OPTIDX,NIFTY,29-Feb-2024,20250,CE,0,0,0,1650,1909.65,0,0,550,0,19-FEB-2024,
OPTIDX,NIFTY,29-Feb-2024,20300,CE,1840,1919.6,1840,1919.6,1859.75,2,22.17,16550,0,19-FEB-2024,
OPTIDX,NIFTY,29-Feb-2024,20350,CE,0,0,0,1740,1809.85,0,0,250,0,19-FEB-2024,
OPTIDX,NIFTY,29-Feb-2024,20400,CE,1770,1833,1770,1805,1759.95,28,310.95,41200,500,19-FEB-2024,
OPTIDX,NIFTY,29-Feb-2024,20450,CE,0,0,0,1403,1710.05,0,0,1000,0,19-FEB-2024,
OPTIDX,NIFTY,29-Feb-2024,20500,CE,1635,1754.55,1560,1668.3,1668.3,405,4493.74,287350,-1700,19-FEB-2024,
OPTIDX,NIFTY,29-Feb-2024,20550,CE,1690,1690,1620,1620,1620,2,22.2,1300,100,19-FEB-2024,
OPTIDX,NIFTY,29-Feb-2024,20600,CE,1525,1657.55,1470,1571.1,1571.1,107,1186.7,23750,-4650,19-FEB-2024,
OPTIDX,NIFTY,29-Feb-2024,20650,CE,1580,1580,1580,1580,1510.45,1,11.11,1400,-50,19-FEB-2024,
OPTIDX,NIFTY,29-Feb-2024,20700,CE,1420,1543.65,1370,1474.9,1474.9,74,819.62,59550,-1000,19-FEB-2024,
OPTIDX,NIFTY,29-Feb-2024,20750,CE,0,0,0,1180,1410.65,0,0,1900,0,19-FEB-2024,
OPTIDX,NIFTY,29-Feb-2024,20800,CE,1338.8,1462,1300,1431.1,1360.8,81,899.94,84650,-250,19-FEB-2024,
OPTIDX,NIFTY,29-Feb-2024,20850,CE,0,0,0,1235.55,1310.95,0,0,4850,0,19-FEB-2024,
OPTIDX,NIFTY,29-Feb-2024,20900,CE,1315,1345,1283.3,1302.5,1302.5,14,155.51,97800,-150,19-FEB-2024,
OPTIDX,NIFTY,29-Feb-2024,20950,CE,0,0,0,1145,1211.35,0,0,5350,0,19-FEB-2024,
OPTIDX,NIFTY,29-Feb-2024,21000,CE,1147.4,1270,1070,1176.95,1176.95,3205,35547.05,603100,-10050,19-FEB-2024,
OPTIDX,NIFTY,29-Feb-2024,21050,CE,1200,1208.15,1200,1208.15,1112,4,44.5,8450,0,19-FEB-2024,
OPTIDX,NIFTY,29-Feb-2024,21100,CE,1021.25,1161,1021.25,1085.7,1085.7,55,610.16,82250,-1300,19-FEB-2024,
OPTIDX,NIFTY,29-Feb-2024,21150,CE,974.8,1100.15,974.8,1040.15,1040.15,74,821.3,13900,-950,19-FEB-2024,
OPTIDX,NIFTY,29-Feb-2024,21200,CE,960,1076.25,885,985.1,985.1,107,1187.36,127250,-900,19-FEB-2024,
OPTIDX,NIFTY,29-Feb-2024,21250,CE,900.75,1010.35,884.1,984.25,914.8,64,711.26,12600,150,19-FEB-2024,
OPTIDX,NIFTY,29-Feb-2024,21300,CE,854,976,784.45,888.3,888.3,397,4402.76,197350,1900,19-FEB-2024,
OPTIDX,NIFTY,29-Feb-2024,21350,CE,870.4,929.9,841.5,841.7,841.7,23,255.59,17350,-350,19-FEB-2024,
OPTIDX,NIFTY,29-Feb-2024,21400,CE,777.75,880,704.55,811.75,811.75,265,2940.18,176500,-4100,19-FEB-2024,
OPTIDX,NIFTY,29-Feb-2024,21450,CE,735,839,719.05,762.8,762.8,43,477.98,27600,-850,19-FEB-2024,
OPTIDX,NIFTY,29-Feb-2024,21500,CE,686,795,614.8,715.15,715.15,5368,59639.74,930000,-43450,19-FEB-2024,
OPTIDX,NIFTY,29-Feb-2024,21550,CE,635.65,749.85,580,669.55,669.55,492,5466.44,32100,-8350,19-FEB-2024,
OPTIDX,NIFTY,29-Feb-2024,21600,CE,617.75,705.9,533.8,619.6,619.6,2781,30916,323900,-22000,19-FEB-2024,
OPTIDX,NIFTY,29-Feb-2024,21650,CE,560,656.2,498.05,579.95,579.95,550,6120.09,46200,-6150,19-FEB-2024,
OPTIDX,NIFTY,29-Feb-2024,21700,CE,518,620,454.6,537.6,537.6,4683,52079.93,640050,-44600,19-FEB-2024,
OPTIDX,NIFTY,29-Feb-2024,21750,CE,467.6,574.8,417.35,504.6,504.6,699,7776.17,55700,-6350,19-FEB-2024,
OPTIDX,NIFTY,29-Feb-2024,21800,CE,444.4,534.9,380.55,463.75,463.75,10262,114237.05,997650,-88200,19-FEB-2024,
OPTIDX,NIFTY,29-Feb-2024,21850,CE,395.1,493,345.9,423.5,423.5,2814,31344.78,96100,-12100,19-FEB-2024,
OPTIDX,NIFTY,29-Feb-2024,21900,CE,363.55,456.9,314.05,389.4,389.4,18760,209075,636850,-162550,19-FEB-2024,
OPTIDX,NIFTY,29-Feb-2024,21950,CE,305.3,416.7,282.55,351.85,351.85,4207,46906.8,101050,2750,19-FEB-2024,
OPTIDX,NIFTY,29-Feb-2024,22000,CE,304.85,382,253.05,318.25,318.25,106319,1186603.4,3008050,-25500,19-FEB-2024,
OPTIDX,NIFTY,29-Feb-2024,22050,CE,265.15,347.4,226.35,287.6,287.6,14854,165867.5,186500,-40000,19-FEB-2024,
OPTIDX,NIFTY,29-Feb-2024,22100,CE,250,314.15,198.8,256.8,256.8,103427,1156352.98,999700,59450,19-FEB-2024,
OPTIDX,NIFTY,29-Feb-2024,22150,CE,210,282.15,175.85,229.35,229.35,24995,279858.17,230400,122350,19-FEB-2024,
OPTIDX,NIFTY,29-Feb-2024,22200,CE,190.1,251.7,153.2,201.3,201.3,91836,1029159.46,1300350,356250,19-FEB-2024,
OPTIDX,NIFTY,29-Feb-2024,22250,CE,169.05,223.35,133.35,177.3,177.3,14119,158387.48,164750,27700,19-FEB-2024,
OPTIDX,NIFTY,29-Feb-2024,22300,CE,149,197,114.95,153.1,153.1,53070,596053.67,876350,131900,19-FEB-2024,
OPTIDX,NIFTY,29-Feb-2024,22350,CE,120.3,171.85,98.3,132.65,132.65,13893,156222.83,124400,-4700,19-FEB-2024,
OPTIDX,NIFTY,29-Feb-2024,22400,CE,116.25,149.05,83.05,112,112,44156,497173.22,856600,115850,19-FEB-2024,
OPTIDX,NIFTY,29-Feb-2024,22450,CE,92.95,128.35,70.7,96.15,96.15,13332,150334.48,142350,13950,19-FEB-2024,
OPTIDX,NIFTY,29-Feb-2024,22500,CE,81,110,59.9,81.1,81.1,102080,1152944.79,2595200,-2350,19-FEB-2024,
OPTIDX,NIFTY,29-Feb-2024,22550,CE,63.45,93.2,50.1,67.5,67.5,10586,119734.16,132800,13900,19-FEB-2024,
OPTIDX,NIFTY,29-Feb-2024,22600,CE,65.9,77.85,41.3,55.55,55.55,44319,502139.08,1197300,203950,19-FEB-2024,
OPTIDX,NIFTY,29-Feb-2024,22650,CE,43.85,65.3,34.6,46.6,46.6,8086,91776.93,143000,26300,19-FEB-2024,
OPTIDX,NIFTY,29-Feb-2024,22700,CE,42.1,54.25,28.5,38.05,38.05,45648,519076.65,849950,110200,19-FEB-2024,
OPTIDX,NIFTY,29-Feb-2024,22750,CE,31.45,45.1,23.9,31.65,31.65,10430,118823.62,158350,7700,19-FEB-2024,
OPTIDX,NIFTY,29-Feb-2024,22800,CE,24.1,37,19.7,25.15,25.15,47137,538047.64,1083500,208850,19-FEB-2024,
OPTIDX,NIFTY,29-Feb-2024,22850,CE,21.25,30.5,16.55,20.85,20.85,10839,123966.03,125450,-7100,19-FEB-2024,
OPTIDX,NIFTY,29-Feb-2024,22900,CE,18.75,25.25,14.15,17.35,17.35,24704,283107.88,582350,112950,19-FEB-2024,
OPTIDX,NIFTY,29-Feb-2024,22950,CE,15.5,21.05,12.25,15.15,15.15,8019,92086.09,149150,29150,19-FEB-2024,
OPTIDX,NIFTY,29-Feb-2024,23000,CE,16.5,18.25,11.15,13.1,13.1,85259,981116.21,5802250,160800,19-FEB-2024,
OPTIDX,NIFTY,29-Feb-2024,23050,CE,11.75,14.75,9.3,10.55,10.55,6976,80440.67,125650,-1000,19-FEB-2024,
OPTIDX,NIFTY,29-Feb-2024,23100,CE,10.05,11.85,7.85,8.55,8.55,21960,253747.78,549500,158400,19-FEB-2024,
OPTIDX,NIFTY,29-Feb-2024,23150,CE,9.5,9.9,6.9,7.4,7.4,6030,69822.65,68500,27250,19-FEB-2024,
OPTIDX,NIFTY,29-Feb-2024,23200,CE,7.55,8.15,5.5,5.85,5.85,14763,171301.38,594150,187250,19-FEB-2024,
OPTIDX,NIFTY,29-Feb-2024,23250,CE,6.45,6.95,5,5.3,5.3,2464,28651.45,57750,32750,19-FEB-2024,
OPTIDX,NIFTY,29-Feb-2024,23300,CE,5.95,6,4.1,4.35,4.35,12179,141916.96,434600,73250,19-FEB-2024,
OPTIDX,NIFTY,29-Feb-2024,23350,CE,5.35,5.7,3.65,3.9,3.9,1937,22618.88,61100,15650,19-FEB-2024,
OPTIDX,NIFTY,29-Feb-2024,23400,CE,4.85,4.85,3,3.2,3.2,7600,88934.66,278050,96350,19-FEB-2024,
OPTIDX,NIFTY,29-Feb-2024,23450,CE,4.5,4.5,2.9,3.1,3.1,3268,38323.08,98450,53800,19-FEB-2024,
OPTIDX,NIFTY,29-Feb-2024,23500,CE,3.85,4.55,2.8,3,3,11531,135507.98,729450,23050,19-FEB-2024,
OPTIDX,NIFTY,29-Feb-2024,23550,CE,3.7,3.7,2.5,2.75,2.75,1547,18218.24,46650,10500,19-FEB-2024,
OPTIDX,NIFTY,29-Feb-2024,23600,CE,3.3,3.3,2.25,2.5,2.5,2630,31037.46,176000,15050,19-FEB-2024,
OPTIDX,NIFTY,29-Feb-2024,23650,CE,3.05,3.05,2.25,2.4,2.4,367,4340.24,24350,2250,19-FEB-2024,
OPTIDX,NIFTY,29-Feb-2024,23700,CE,2.65,2.7,2.15,2.3,2.3,1743,20656.56,102650,-7100,19-FEB-2024,
OPTIDX,NIFTY,29-Feb-2024,23750,CE,2.5,2.5,2,2.15,2.15,421,4999.84,35700,1350,19-FEB-2024,
OPTIDX,NIFTY,29-Feb-2024,23800,CE,2.5,2.5,1.7,1.8,1.8,3481,41427.13,354200,33800,19-FEB-2024,
OPTIDX,NIFTY,29-Feb-2024,23850,CE,1.8,2.05,1.5,1.65,1.65,2539,30279.66,416300,-1000,19-FEB-2024,
OPTIDX,NIFTY,29-Feb-2024,18650,PE,1.85,1.9,1.45,1.6,1.6,232,2163.59,46250,1750,19-FEB-2024,
OPTIDX,NIFTY,29-Feb-2024,18700,PE,1.6,2.2,1.4,1.55,1.55,232,2169.39,63900,-200,19-FEB-2024,
OPTIDX,NIFTY,29-Feb-2024,18750,PE,0,0,0,2,0.05,0,0,850,0,19-FEB-2024,
OPTIDX,NIFTY,29-Feb-2024,18800,PE,2.1,3.9,1.5,1.6,1.6,320,3008.3,9150,500,19-FEB-2024,
OPTIDX,NIFTY,29-Feb-2024,18850,PE,1.25,2.2,1.25,2.2,0.05,7,65.97,2500,-50,19-FEB-2024,
OPTIDX,NIFTY,29-Feb-2024,18900,PE,1.8,4,1.45,1.85,1.85,156,1474.37,5450,0,19-FEB-2024,
OPTIDX,NIFTY,29-Feb-2024,18950,PE,0,0,0,2.65,0.05,0,0,700,0,19-FEB-2024,
OPTIDX,NIFTY,29-Feb-2024,19000,PE,1.9,2.2,1.55,1.75,1.75,3473,32996.91,912000,44650,19-FEB-2024,
OPTIDX,NIFTY,29-Feb-2024,19050,PE,0,0,0,119.05,0.05,0,0,0,0,19-FEB-2024,
OPTIDX,NIFTY,29-Feb-2024,19100,PE,2.05,2.2,1.6,1.85,1.85,166,1585.46,5250,3800,19-FEB-2024,
OPTIDX,NIFTY,29-Feb-2024,19150,PE,0,0,0,136.4,0.05,0,0,0,0,19-FEB-2024,
OPTIDX,NIFTY,29-Feb-2024,19200,PE,2.9,3.05,1.55,1.7,1.7,129,1238.53,17300,-150,19-FEB-2024,
OPTIDX,NIFTY,29-Feb-2024,19250,PE,0,0,0,4.9,0.05,0,0,1700,0,19-FEB-2024,
OPTIDX,NIFTY,29-Feb-2024,19300,PE,2.6,2.6,2,2,2,297,2866.39,54350,-650,19-FEB-2024,
OPTIDX,NIFTY,29-Feb-2024,19350,PE,0,0,0,2.35,0.05,0,0,4350,0,19-FEB-2024,
OPTIDX,NIFTY,29-Feb-2024,19400,PE,2.2,4.45,2.05,2.1,2.1,985,9555.69,14500,750,19-FEB-2024,
OPTIDX,NIFTY,29-Feb-2024,19450,PE,1.9,2.9,1.9,2.25,2.25,195,1896.59,4500,-100,19-FEB-2024,
OPTIDX,NIFTY,29-Feb-2024,19500,PE,2.25,2.5,2,2.15,2.15,3632,35416.13,656350,-6650,19-FEB-2024,
OPTIDX,NIFTY,29-Feb-2024,19550,PE,1.85,2.85,1.85,2.2,2.2,150,1466.43,5500,400,19-FEB-2024,
OPTIDX,NIFTY,29-Feb-2024,19600,PE,2.7,2.85,1.8,2.3,2.3,461,4518.39,37900,-5650,19-FEB-2024,
OPTIDX,NIFTY,29-Feb-2024,19650,PE,2.75,2.75,2.2,2.5,2.5,121,1188.97,8650,5000,19-FEB-2024,
OPTIDX,NIFTY,29-Feb-2024,19700,PE,2.85,3.2,2.2,2.5,2.5,515,5073.43,69400,2350,19-FEB-2024,
OPTIDX,NIFTY,29-Feb-2024,19750,PE,3,3,2.25,2.4,2.4,60,592.57,7600,100,19-FEB-2024,
OPTIDX,NIFTY,29-Feb-2024,19800,PE,2.55,2.95,2.3,2.5,2.5,1605,15891.53,190600,-11550,19-FEB-2024,
OPTIDX,NIFTY,29-Feb-2024,19850,PE,3.2,3.2,2.55,2.75,2.75,144,1429.4,9600,-1200,19-FEB-2024,
OPTIDX,NIFTY,29-Feb-2024,19900,PE,3.2,3.35,2.5,2.8,2.8,1408,14011.62,89000,15400,19-FEB-2024,
OPTIDX,NIFTY,29-Feb-2024,19950,PE,3.35,3.4,2.4,2.75,2.75,321,3202.44,31300,4700,19-FEB-2024,
OPTIDX,NIFTY,29-Feb-2024,20000,PE,4.05,4.05,2.8,3.05,3.05,13563,135652.47,1629900,-2950,19-FEB-2024,
OPTIDX,NIFTY,29-Feb-2024,20050,PE,3.8,4,2.85,3,3,440,4411.73,16550,2200,19-FEB-2024,
OPTIDX,NIFTY,29-Feb-2024,20100,PE,3.9,4.25,3,3.15,3.15,3515,35331.96,139550,-8900,19-FEB-2024,
OPTIDX,NIFTY,29-Feb-2024,20150,PE,4.3,4.3,3.25,3.45,3.45,281,2831.57,11900,1650,19-FEB-2024,
OPTIDX,NIFTY,29-Feb-2024,20200,PE,4.55,5.05,3.35,3.55,3.55,8969,90604.25,321400,7550,19-FEB-2024,
OPTIDX,NIFTY,29-Feb-2024,20250,PE,4.55,5.85,3.4,3.65,3.65,232,2349.44,13250,-2150,19-FEB-2024,
OPTIDX,NIFTY,29-Feb-2024,20300,PE,5.15,5.4,3.6,3.9,3.9,9467,96109.33,294750,-184550,19-FEB-2024,
OPTIDX,NIFTY,29-Feb-2024,20350,PE,5.95,6,3.75,3.9,3.9,1841,18736.16,10150,-7350,19-FEB-2024,
OPTIDX,NIFTY,29-Feb-2024,20400,PE,6.45,6.45,3.6,4.05,4.05,7263,74097.37,386800,-62800,19-FEB-2024,
OPTIDX,NIFTY,29-Feb-2024,20450,PE,5.2,5.85,4.25,4.6,4.6,752,7690.97,36750,9950,19-FEB-2024,
OPTIDX,NIFTY,29-Feb-2024,20500,PE,6.75,8.75,4.45,4.95,4.95,18130,185878.38,2079050,-22750,19-FEB-2024,
OPTIDX,NIFTY,29-Feb-2024,20550,PE,6.75,6.75,4.85,5.4,5.4,1526,15683.77,34450,-350,19-FEB-2024,
OPTIDX,NIFTY,29-Feb-2024,20600,PE,8.4,8.4,4.95,5.55,5.55,23897,246206.15,541550,-266550,19-FEB-2024,
OPTIDX,NIFTY,29-Feb-2024,20650,PE,6.9,7.75,5.75,6.4,6.4,2876,29704.23,73450,-27200,19-FEB-2024,
OPTIDX,NIFTY,29-Feb-2024,20700,PE,7.3,8.5,6,6.9,6.9,24914,257947.08,441050,-209500,19-FEB-2024,
OPTIDX,NIFTY,29-Feb-2024,20750,PE,8.4,9.5,7,7.8,7.8,3974,41245.83,72500,-13100,19-FEB-2024,
OPTIDX,NIFTY,29-Feb-2024,20800,PE,9.05,9.9,7.4,8.3,8.3,40673,423167.43,926050,-388750,19-FEB-2024,
OPTIDX,NIFTY,29-Feb-2024,20850,PE,7.8,11.65,7.8,9.2,9.2,4598,47956.03,120100,-4300,19-FEB-2024,
OPTIDX,NIFTY,29-Feb-2024,20900,PE,12.3,13.1,8.9,10.3,10.3,22837,238764.09,755600,60350,19-FEB-2024,
OPTIDX,NIFTY,29-Feb-2024,20950,PE,15.6,15.6,10.1,11.55,11.55,8362,87639.86,174900,38150,19-FEB-2024,
OPTIDX,NIFTY,29-Feb-2024,21000,PE,17.25,18.8,12.05,13.55,13.55,64696,679762.92,4123050,32450,19-FEB-2024,
OPTIDX,NIFTY,29-Feb-2024,21050,PE,16.8,19.4,13,14.85,14.85,7682,80911.33,140450,34800,19-FEB-2024,
OPTIDX,NIFTY,29-Feb-2024,21100,PE,18.75,21.85,14.2,16.15,16.15,22223,234636.9,686900,74050,19-FEB-2024,
OPTIDX,NIFTY,29-Feb-2024,21150,PE,24.1,24.9,16.1,18.3,18.3,5762,60987.8,86550,4500,19-FEB-2024,
OPTIDX,NIFTY,29-Feb-2024,21200,PE,21.8,28.4,17.9,20.3,20.3,52025,552023.49,1324650,6600,19-FEB-2024,
OPTIDX,NIFTY,29-Feb-2024,21250,PE,30.5,31.95,20.4,23.15,23.15,7684,81737.67,198000,14500,19-FEB-2024,
OPTIDX,NIFTY,29-Feb-2024,21300,PE,35,36.05,22.55,25.55,25.55,45819,488599.31,1451400,56750,19-FEB-2024,
OPTIDX,NIFTY,29-Feb-2024,21350,PE,32.5,41.55,25.7,29.35,29.35,9691,103602.42,119050,-3600,19-FEB-2024,
OPTIDX,NIFTY,29-Feb-2024,21400,PE,39.45,48.15,29.35,33.8,33.8,43595,467224.72,976650,-36050,19-FEB-2024,
OPTIDX,NIFTY,29-Feb-2024,21450,PE,46.7,54.05,32.55,38.65,38.65,13113,140897.02,235550,126750,19-FEB-2024,
OPTIDX,NIFTY,29-Feb-2024,21500,PE,50,62.55,37.2,43.85,43.85,95196,1025523.22,3124400,12600,19-FEB-2024,
OPTIDX,NIFTY,29-Feb-2024,21550,PE,60.9,70.4,41.6,49,49,9707,104837.04,244750,18350,19-FEB-2024,
OPTIDX,NIFTY,29-Feb-2024,21600,PE,65.05,80,46.8,55.55,55.55,45014,487402.3,1669500,75700,19-FEB-2024,
OPTIDX,NIFTY,29-Feb-2024,21650,PE,83.95,90.25,53.05,63.25,63.25,8891,96542.17,188200,5050,19-FEB-2024,
OPTIDX,NIFTY,29-Feb-2024,21700,PE,80,102,59.2,71,71,59335,645980.29,1607300,-234750,19-FEB-2024,
OPTIDX,NIFTY,29-Feb-2024,21750,PE,100,113.85,67.15,80.95,80.95,16217,177036.76,235400,69150,19-FEB-2024,
OPTIDX,NIFTY,29-Feb-2024,21800,PE,126.95,128,75.3,90.65,90.65,97065,1062409.54,1679150,68100,19-FEB-2024,
OPTIDX,NIFTY,29-Feb-2024,21850,PE,124.7,143.05,85.45,102,102,12270,134688.21,212050,37450,19-FEB-2024,
OPTIDX,NIFTY,29-Feb-2024,21900,PE,138.7,161.15,95.8,115.45,115.45,57809,636464.56,1353200,144500,19-FEB-2024,
OPTIDX,NIFTY,29-Feb-2024,21950,PE,149,179.85,108,129.85,129.85,11421,126113.24,182250,54000,19-FEB-2024,
OPTIDX,NIFTY,29-Feb-2024,22000,PE,164.95,199.8,120.25,145.95,145.95,166649,1845622.95,3806450,371050,19-FEB-2024,
OPTIDX,NIFTY,29-Feb-2024,22050,PE,208.9,222.7,136.7,165.05,165.05,16158,179566.77,135450,44400,19-FEB-2024,
OPTIDX,NIFTY,29-Feb-2024,22100,PE,200.5,246.7,152.6,184.5,184.5,108691,1211310.86,989250,363750,19-FEB-2024,
OPTIDX,NIFTY,29-Feb-2024,22150,PE,259.25,272.3,171,206.15,206.15,22278,248939.43,137600,99200,19-FEB-2024,
OPTIDX,NIFTY,29-Feb-2024,22200,PE,258.65,299.5,190,229.7,229.7,66125,741365.74,582400,213100,19-FEB-2024,
OPTIDX,NIFTY,29-Feb-2024,22250,PE,290,328.8,212.55,252.2,252.2,6371,71664.77,57250,11500,19-FEB-2024,
OPTIDX,NIFTY,29-Feb-2024,22300,PE,316.95,360.9,235.3,279.55,279.55,18726,211359.64,247150,55700,19-FEB-2024,
OPTIDX,NIFTY,29-Feb-2024,22350,PE,347.45,391.4,261,306.35,306.35,3204,36278.35,50250,25350,19-FEB-2024,
OPTIDX,NIFTY,29-Feb-2024,22400,PE,376.4,428.1,287.95,337.95,337.95,6241,70926.87,144850,21350,19-FEB-2024,
OPTIDX,NIFTY,29-Feb-2024,22450,PE,408.45,461.65,317.7,377.4,377.4,1131,12906.98,27150,2100,19-FEB-2024,
OPTIDX,NIFTY,29-Feb-2024,22500,PE,457.75,505,347.85,408.05,408.05,9788,112089.27,575300,20050,19-FEB-2024,
OPTIDX,NIFTY,29-Feb-2024,22550,PE,472.65,539.7,383,448.35,448.35,226,2598.28,18200,2800,19-FEB-2024,
OPTIDX,NIFTY,29-Feb-2024,22600,PE,522.65,579.05,420,482.55,482.55,616,7108.03,24900,7300,19-FEB-2024,
OPTIDX,NIFTY,29-Feb-2024,22650,PE,562.5,612.9,455.15,518.2,518.2,361,4177.86,6800,2300,19-FEB-2024,
OPTIDX,NIFTY,29-Feb-2024,22700,PE,613,670,492.1,567.35,567.35,879,10211.81,32350,5350,19-FEB-2024,
OPTIDX,NIFTY,29-Feb-2024,22750,PE,0,0,0,853.7,607.9,0,0,6450,0,19-FEB-2024,
OPTIDX,NIFTY,29-Feb-2024,22800,PE,700.5,751.35,577.1,652.35,652.35,272,3185.04,18300,8250,19-FEB-2024,
OPTIDX,NIFTY,29-Feb-2024,22850,PE,677,677,677,677,699.45,1,11.76,3300,0,19-FEB-2024,
OPTIDX,NIFTY,29-Feb-2024,22900,PE,795,850.45,664.7,744.75,744.75,109,1288.91,8700,600,19-FEB-2024,
OPTIDX,NIFTY,29-Feb-2024,22950,PE,0,0,0,944.75,793.8,0,0,1350,0,19-FEB-2024,
OPTIDX,NIFTY,29-Feb-2024,23000,PE,892.7,949,757,838.05,838.05,2368,28195,627500,-1250,19-FEB-2024,
OPTIDX,NIFTY,29-Feb-2024,23050,PE,0,0,0,931.7,890.15,0,0,1050,0,19-FEB-2024,
OPTIDX,NIFTY,29-Feb-2024,23100,PE,990,1048,869.4,940.35,940.35,246,2952.42,3750,300,19-FEB-2024,
OPTIDX,NIFTY,29-Feb-2024,23150,PE,0,0,0,1190,987.8,0,0,350,0,19-FEB-2024,
OPTIDX,NIFTY,29-Feb-2024,23200,PE,1054.6,1054.6,970,970,1037,16,193.51,3900,300,19-FEB-2024,
OPTIDX,NIFTY,29-Feb-2024,23250,PE,1070,1070,1070,1070,1086.35,1,12.16,300,0,19-FEB-2024,
OPTIDX,NIFTY,29-Feb-2024,23300,PE,1160,1160,1065,1065,1135.85,14,171.08,3100,-600,19-FEB-2024,
OPTIDX,NIFTY,29-Feb-2024,23350,PE,0,0,0,1496.75,1185.45,0,0,200,0,19-FEB-2024,
OPTIDX,NIFTY,29-Feb-2024,23400,PE,0,0,0,1433.25,1235.1,0,0,1900,0,19-FEB-2024,
OPTIDX,NIFTY,29-Feb-2024,23450,PE,0,0,0,2407.4,1284.85,0,0,0,0,19-FEB-2024,
OPTIDX,NIFTY,29-Feb-2024,23500,PE,1387.15,1430,1235,1320.9,1320.9,621,7720.03,133750,-6400,19-FEB-2024,
OPTIDX,NIFTY,29-Feb-2024,23550,PE,0,0,0,1866.75,1384.45,0,0,50,0,19-FEB-2024,
OPTIDX,NIFTY,29-Feb-2024,23600,PE,0,0,0,1624.85,1434.3,0,0,950,0,19-FEB-2024,
OPTIDX,NIFTY,29-Feb-2024,23650,PE,0,0,0,1632.85,1484.15,0,0,1000,0,19-FEB-2024,
OPTIDX,NIFTY,29-Feb-2024,23700,PE,1574,1574,1494.2,1508.4,1534.05,9,113.45,2900,-300,19-FEB-2024,
OPTIDX,NIFTY,29-Feb-2024,23750,PE,0,0,0,1628.35,1583.9,0,0,1250,0,19-FEB-2024,
OPTIDX,NIFTY,29-Feb-2024,23800,PE,1625,1625,1625,1625,1633.8,1,12.71,2050,-50,19-FEB-2024,
OPTIDX,NIFTY,29-Feb-2024,23850,PE,0,0,0,1950.85,1683.7,0,0,2300,0,19-FEB-2024,
OPTIDX,NIFTY,07-Mar-2024,19850,CE,0,0,0,1994.1,2334.55,0,0,0,0,19-FEB-2024,
OPTIDX,NIFTY,07-Mar-2024,19900,CE,0,0,0,2100,2284.7,0,0,100,0,19-FEB-2024,
OPTIDX,NIFTY,07-Mar-2024,19950,CE,2195,2320,2195,2320,2234.85,3,33.33,400,150,19-FEB-2024,
OPTIDX,NIFTY,07-Mar-2024,20000,CE,2150,2150,2150,2150,2185.05,1,11.07,250,50,19-FEB-2024,
OPTIDX,NIFTY,07-Mar-2024,20050,CE,2230,2240,2210,2210,2135.2,5,55.7,250,250,19-FEB-2024,
OPTIDX,NIFTY,07-Mar-2024,20100,CE,0,0,0,1753.05,2085.35,0,0,0,0,19-FEB-2024,
OPTIDX,NIFTY,07-Mar-2024,20150,CE,0,0,0,1705.45,2035.5,0,0,0,0,19-FEB-2024,
OPTIDX,NIFTY,07-Mar-2024,20200,CE,0,0,0,1658.1,1985.7,0,0,0,0,19-FEB-2024,
OPTIDX,NIFTY,07-Mar-2024,20250,CE,0,0,0,1611,1935.85,0,0,0,0,19-FEB-2024,
OPTIDX,NIFTY,07-Mar-2024,20300,CE,0,0,0,1564.15,1886.05,0,0,0,0,19-FEB-2024,
OPTIDX,NIFTY,07-Mar-2024,20350,CE,0,0,0,1517.65,1836.2,0,0,0,0,19-FEB-2024,
OPTIDX,NIFTY,07-Mar-2024,20400,CE,0,0,0,1471.5,1786.4,0,0,0,0,19-FEB-2024,
OPTIDX,NIFTY,07-Mar-2024,20450,CE,0,0,0,1425.7,1736.6,0,0,0,0,19-FEB-2024,
OPTIDX,NIFTY,07-Mar-2024,20500,CE,0,0,0,1380.3,1686.85,0,0,0,0,19-FEB-2024,
OPTIDX,NIFTY,07-Mar-2024,20550,CE,0,0,0,1335.3,1637.1,0,0,0,0,19-FEB-2024,
OPTIDX,NIFTY,07-Mar-2024,20600,CE,0,0,0,1290.75,1587.35,0,0,0,0,19-FEB-2024,
OPTIDX,NIFTY,07-Mar-2024,20650,CE,0,0,0,1246.7,1537.7,0,0,0,0,19-FEB-2024,
OPTIDX,NIFTY,07-Mar-2024,20700,CE,0,0,0,1203.15,1488.05,0,0,0,0,19-FEB-2024,
OPTIDX,NIFTY,07-Mar-2024,20750,CE,0,0,0,1160.1,1438.5,0,0,0,0,19-FEB-2024,
OPTIDX,NIFTY,07-Mar-2024,20800,CE,0,0,0,1117.65,1389,0,0,0,0,19-FEB-2024,
OPTIDX,NIFTY,07-Mar-2024,20850,CE,0,0,0,1075.8,1339.6,0,0,0,0,19-FEB-2024,
OPTIDX,NIFTY,07-Mar-2024,20900,CE,0,0,0,1034.55,1290.35,0,0,0,0,19-FEB-2024,
OPTIDX,NIFTY,07-Mar-2024,20950,CE,0,0,0,994,1241.25,0,0,0,0,19-FEB-2024,
OPTIDX,NIFTY,07-Mar-2024,21000,CE,0,0,0,1164.75,1192.3,0,0,200,0,19-FEB-2024,
OPTIDX,NIFTY,07-Mar-2024,21050,CE,1130.45,1130.45,1130.45,1130.45,1143.6,1,11.09,100,50,19-FEB-2024,
OPTIDX,NIFTY,07-Mar-2024,21100,CE,0,0,0,876.45,1095.1,0,0,0,0,19-FEB-2024,
OPTIDX,NIFTY,07-Mar-2024,21150,CE,0,0,0,838.8,1046.95,0,0,0,0,19-FEB-2024,
OPTIDX,NIFTY,07-Mar-2024,21200,CE,0,0,0,1020,999.15,0,0,50,0,19-FEB-2024,
OPTIDX,NIFTY,07-Mar-2024,21250,CE,0,0,0,765.75,951.8,0,0,0,0,19-FEB-2024,
OPTIDX,NIFTY,07-Mar-2024,21300,CE,966.45,1042.7,966.45,1042.7,904.9,8,89.26,1300,150,19-FEB-2024,
OPTIDX,NIFTY,07-Mar-2024,21350,CE,0,0,0,822.45,858.55,0,0,100,0,19-FEB-2024,
OPTIDX,NIFTY,07-Mar-2024,21400,CE,950,964,932,932,932,3,33.52,1250,0,19-FEB-2024,
OPTIDX,NIFTY,07-Mar-2024,21450,CE,0,0,0,630.3,767.8,0,0,0,0,19-FEB-2024,
OPTIDX,NIFTY,07-Mar-2024,21500,CE,760,864.45,755,807.85,807.85,118,1315.03,49350,1600,19-FEB-2024,
OPTIDX,NIFTY,07-Mar-2024,21550,CE,800,800,800,800,680.2,1,11.17,3050,-50,19-FEB-2024,
OPTIDX,NIFTY,07-Mar-2024,21600,CE,662,768.2,649.55,739.8,739.8,37,413.2,20550,-50,19-FEB-2024,
OPTIDX,NIFTY,07-Mar-2024,21650,CE,697.65,697.65,697.65,697.65,596.45,1,11.17,4150,0,19-FEB-2024,
OPTIDX,NIFTY,07-Mar-2024,21700,CE,624,715.05,624,656.8,656.8,160,1789.97,70800,1050,19-FEB-2024,
OPTIDX,NIFTY,07-Mar-2024,21750,CE,570,615.55,570,615.55,517.2,4,44.69,3000,-50,19-FEB-2024,
OPTIDX,NIFTY,07-Mar-2024,21800,CE,528.55,628.95,482.4,560.05,560.05,628,7023.44,189500,1800,19-FEB-2024,
OPTIDX,NIFTY,07-Mar-2024,21850,CE,560,581.3,540,540,540,77,863.22,4600,-300,19-FEB-2024,
OPTIDX,NIFTY,07-Mar-2024,21900,CE,458,560.35,415,495.7,495.7,364,4077.55,61250,1900,19-FEB-2024,
OPTIDX,NIFTY,07-Mar-2024,21950,CE,430,520.7,386.1,458.95,458.95,145,1625.25,6400,500,19-FEB-2024,
OPTIDX,NIFTY,07-Mar-2024,22000,CE,385.3,487,353.65,423.3,423.3,5192,58230.46,277100,64450,19-FEB-2024,
OPTIDX,NIFTY,07-Mar-2024,22050,CE,367.85,445,321.1,394.05,394.05,454,5093.34,9200,1300,19-FEB-2024,
OPTIDX,NIFTY,07-Mar-2024,22100,CE,339.45,419.8,297.05,364.45,364.45,4249,47738.34,88100,73650,19-FEB-2024,
OPTIDX,NIFTY,07-Mar-2024,22150,CE,313.35,387.2,272.1,332.2,332.2,1317,14819.78,12900,9850,19-FEB-2024,
OPTIDX,NIFTY,07-Mar-2024,22200,CE,284.95,356.9,246,305.55,305.55,3007,33853.66,50050,27900,19-FEB-2024,
OPTIDX,NIFTY,07-Mar-2024,22250,CE,248.7,325.6,222.6,277.65,277.65,643,7247.21,10000,700,19-FEB-2024,
OPTIDX,NIFTY,07-Mar-2024,22300,CE,232.05,298,200,252,252,2455,27705.61,50100,35050,19-FEB-2024,
OPTIDX,NIFTY,07-Mar-2024,22350,CE,213.8,271.95,180,227.95,227.95,375,4234.44,8300,5850,19-FEB-2024,
OPTIDX,NIFTY,07-Mar-2024,22400,CE,183.85,246.5,159.45,205.6,205.6,1939,21922.87,29150,13950,19-FEB-2024,
OPTIDX,NIFTY,07-Mar-2024,22450,CE,161,219.85,139.8,181.55,181.55,320,3622.46,5900,3000,19-FEB-2024,
OPTIDX,NIFTY,07-Mar-2024,22500,CE,152.7,200,126.5,163.45,163.45,7327,83013.32,62200,-26650,19-FEB-2024,
OPTIDX,NIFTY,07-Mar-2024,22550,CE,133.95,173,112.7,142.95,142.95,255,2894.29,3700,2500,19-FEB-2024,
OPTIDX,NIFTY,07-Mar-2024,22600,CE,118.9,157.05,97.5,128.05,128.05,1083,12309.32,11750,-2250,19-FEB-2024,
OPTIDX,NIFTY,07-Mar-2024,22650,CE,103.85,140.45,88.95,110.4,110.4,158,1798.44,2250,1650,19-FEB-2024,
OPTIDX,NIFTY,07-Mar-2024,22700,CE,91.45,122.15,74.15,96.45,96.45,2238,25516.01,40000,20750,19-FEB-2024,
OPTIDX,NIFTY,07-Mar-2024,22750,CE,75.05,105.65,66.05,90.8,90.8,473,5400.23,7750,6900,19-FEB-2024,
OPTIDX,NIFTY,07-Mar-2024,22800,CE,68.05,93.15,55.3,71.95,71.95,1301,14880.71,38700,11250,19-FEB-2024,
OPTIDX,NIFTY,07-Mar-2024,22850,CE,59.85,77.6,49,62.6,62.6,144,1649.43,3550,3450,19-FEB-2024,
OPTIDX,NIFTY,07-Mar-2024,22900,CE,51,69.95,41.95,55.05,55.05,1047,12018.08,20800,9250,19-FEB-2024,
OPTIDX,NIFTY,07-Mar-2024,22950,CE,44.7,59.3,38.35,47.95,47.95,293,3369.23,17350,6250,19-FEB-2024,
OPTIDX,NIFTY,07-Mar-2024,23000,CE,34.3,51.55,30.5,40.35,40.35,9720,111981.36,152250,-18050,19-FEB-2024,
OPTIDX,NIFTY,07-Mar-2024,23050,CE,31.25,44.7,24.8,34.95,34.95,379,4375.63,15450,6750,19-FEB-2024,
OPTIDX,NIFTY,07-Mar-2024,23100,CE,27,37.65,23.6,30.55,30.55,847,9797.02,15900,8150,19-FEB-2024,
OPTIDX,NIFTY,07-Mar-2024,23150,CE,30,33.5,25,27.15,27.15,161,1865.94,4650,-150,19-FEB-2024,
OPTIDX,NIFTY,07-Mar-2024,23200,CE,20.8,29,15.75,23.65,23.65,1066,12379.34,26700,18700,19-FEB-2024,
OPTIDX,NIFTY,07-Mar-2024,23250,CE,26.3,26.3,19.95,20.4,20.4,61,709.84,2450,1450,19-FEB-2024,
OPTIDX,NIFTY,07-Mar-2024,23300,CE,17,22.7,12.85,17.7,17.7,229,2670.02,5350,1550,19-FEB-2024,
OPTIDX,NIFTY,07-Mar-2024,23350,CE,0,0,0,36.65,6.7,0,0,0,0,19-FEB-2024,
OPTIDX,NIFTY,07-Mar-2024,23400,CE,13.35,17.05,10,13.75,13.75,371,4343.4,10200,3750,19-FEB-2024,
OPTIDX,NIFTY,07-Mar-2024,23450,CE,13.5,14,10.05,11.7,11.7,133,1560.28,2600,50,19-FEB-2024,
OPTIDX,NIFTY,07-Mar-2024,23500,CE,9.6,11.45,8.15,10.65,10.65,2002,23533.61,77350,23450,19-FEB-2024,
OPTIDX,NIFTY,07-Mar-2024,23550,CE,0,0,0,7.6,2.8,0,0,5800,0,19-FEB-2024,
OPTIDX,NIFTY,07-Mar-2024,23600,CE,8.95,10.6,7.9,8.7,8.7,138,1629,4050,1850,19-FEB-2024,
OPTIDX,NIFTY,07-Mar-2024,23650,CE,7.85,9.8,6.65,7.9,7.9,79,934.5,2050,650,19-FEB-2024,
OPTIDX,NIFTY,07-Mar-2024,23700,CE,7.5,7.9,6.15,6.75,6.75,686,8131.54,26050,12150,19-FEB-2024,
OPTIDX,NIFTY,07-Mar-2024,23750,CE,0,0,0,15.65,1.1,0,0,0,0,19-FEB-2024,
OPTIDX,NIFTY,07-Mar-2024,23800,CE,7,8.15,6.3,6.65,6.65,118,1404.6,3850,3850,19-FEB-2024,
OPTIDX,NIFTY,07-Mar-2024,19850,PE,0,0,0,7.05,0.05,0,0,0,0,19-FEB-2024,
OPTIDX,NIFTY,07-Mar-2024,19900,PE,0,0,0,8.15,0.05,0,0,0,0,19-FEB-2024,
OPTIDX,NIFTY,07-Mar-2024,19950,PE,6.5,7.9,4.1,6.6,6.6,42,419.07,2250,-250,19-FEB-2024,
OPTIDX,NIFTY,07-Mar-2024,20000,PE,10,10,5.8,7.25,7.25,810,8102.88,59050,11300,19-FEB-2024,
OPTIDX,NIFTY,07-Mar-2024,20050,PE,0,0,0,12,0.05,0,0,1200,0,19-FEB-2024,
OPTIDX,NIFTY,07-Mar-2024,20100,PE,0,0,0,11.85,0.05,0,0,1000,0,19-FEB-2024,
OPTIDX,NIFTY,07-Mar-2024,20150,PE,0,0,0,16.3,0.05,0,0,0,0,19-FEB-2024,
OPTIDX,NIFTY,07-Mar-2024,20200,PE,0,0,0,18.55,0.05,0,0,0,0,19-FEB-2024,
OPTIDX,NIFTY,07-Mar-2024,20250,PE,0,0,0,19.9,0.05,0,0,2600,0,19-FEB-2024,
OPTIDX,NIFTY,07-Mar-2024,20300,PE,0,0,0,23.2,0.05,0,0,1400,0,19-FEB-2024,
OPTIDX,NIFTY,07-Mar-2024,20350,PE,0,0,0,23.35,0.1,0,0,600,0,19-FEB-2024,
OPTIDX,NIFTY,07-Mar-2024,20400,PE,0,0,0,30.6,0.15,0,0,0,0,19-FEB-2024,
OPTIDX,NIFTY,07-Mar-2024,20450,PE,0,0,0,34.45,0.2,0,0,0,0,19-FEB-2024,
OPTIDX,NIFTY,07-Mar-2024,20500,PE,11.5,12.85,10.05,11.45,11.45,1293,13260.47,36350,-1100,19-FEB-2024,
OPTIDX,NIFTY,07-Mar-2024,20550,PE,0,0,0,43.35,0.35,0,0,0,0,19-FEB-2024,
OPTIDX,NIFTY,07-Mar-2024,20600,PE,0,0,0,27.15,0.45,0,0,4850,0,19-FEB-2024,
OPTIDX,NIFTY,07-Mar-2024,20650,PE,0,0,0,31.4,0.6,0,0,11000,0,19-FEB-2024,
OPTIDX,NIFTY,07-Mar-2024,20700,PE,17,18,13.2,15.95,15.95,229,2371.95,10050,3500,19-FEB-2024,
OPTIDX,NIFTY,07-Mar-2024,20750,PE,16.25,16.25,16.25,16.25,16.25,1,10.38,5650,-50,19-FEB-2024,
OPTIDX,NIFTY,07-Mar-2024,20800,PE,20.05,23.95,15.85,18.8,18.8,714,7432.09,22850,2650,19-FEB-2024,
OPTIDX,NIFTY,07-Mar-2024,20850,PE,21.15,24.5,16.85,20.65,20.65,121,1262.66,7000,1500,19-FEB-2024,
OPTIDX,NIFTY,07-Mar-2024,20900,PE,29.45,29.45,19.9,22.5,22.5,175,1830.65,4850,-350,19-FEB-2024,
OPTIDX,NIFTY,07-Mar-2024,20950,PE,25.45,26.8,23.6,25.55,25.55,46,482.42,3750,900,19-FEB-2024,
OPTIDX,NIFTY,07-Mar-2024,21000,PE,32.65,33.65,25.6,28.3,28.3,4304,45253.18,100100,25050,19-FEB-2024,
OPTIDX,NIFTY,07-Mar-2024,21050,PE,30.55,32.2,27.9,30.7,30.7,155,1633.69,1950,1950,19-FEB-2024,
OPTIDX,NIFTY,07-Mar-2024,21100,PE,39,41.55,31.45,34.7,34.7,1086,11475.88,29050,22450,19-FEB-2024,
OPTIDX,NIFTY,07-Mar-2024,21150,PE,43.25,43.25,35.15,37.85,37.85,245,2595.41,12450,9700,19-FEB-2024,
OPTIDX,NIFTY,07-Mar-2024,21200,PE,45.4,51.15,37.8,41.85,41.85,3611,38352.93,76300,44550,19-FEB-2024,
OPTIDX,NIFTY,07-Mar-2024,21250,PE,0,0,0,168.85,12.85,0,0,0,0,19-FEB-2024,
OPTIDX,NIFTY,07-Mar-2024,21300,PE,56.05,64.75,46.1,50.8,50.8,3916,41808.21,57700,24550,19-FEB-2024,
OPTIDX,NIFTY,07-Mar-2024,21350,PE,67.8,69.9,49.45,56.1,56.1,262,2804.14,4250,400,19-FEB-2024,
OPTIDX,NIFTY,07-Mar-2024,21400,PE,68.05,79.35,55.35,62.5,62.5,3028,32497.67,42350,27400,19-FEB-2024,
OPTIDX,NIFTY,07-Mar-2024,21450,PE,77,78,61.3,66.95,66.95,219,2356.41,4100,2600,19-FEB-2024,
OPTIDX,NIFTY,07-Mar-2024,21500,PE,85,95,67,75.25,75.25,4450,48007.74,95700,12150,19-FEB-2024,
OPTIDX,NIFTY,07-Mar-2024,21550,PE,98,102.95,74.75,82.65,82.65,206,2228.26,6550,1500,19-FEB-2024,
OPTIDX,NIFTY,07-Mar-2024,21600,PE,110.75,112,80.05,91.8,91.8,1004,10888.07,44300,12150,19-FEB-2024,
OPTIDX,NIFTY,07-Mar-2024,21650,PE,112,127.5,89.35,100.7,100.7,118,1283.55,5700,300,19-FEB-2024,
OPTIDX,NIFTY,07-Mar-2024,21700,PE,118.75,139.25,97,110.35,110.35,2278,24841.72,101400,17050,19-FEB-2024,
OPTIDX,NIFTY,07-Mar-2024,21750,PE,136.1,154,108.95,122,122,549,6004.76,9050,750,19-FEB-2024,
OPTIDX,NIFTY,07-Mar-2024,21800,PE,150,168,117.7,135.1,135.1,3322,36434.76,205300,8050,19-FEB-2024,
OPTIDX,NIFTY,07-Mar-2024,21850,PE,167.9,183.85,131.9,149.15,149.15,866,9523.06,11950,5400,19-FEB-2024,
OPTIDX,NIFTY,07-Mar-2024,21900,PE,178.15,201.9,142,160.9,160.9,2515,27745.83,78100,7000,19-FEB-2024,
OPTIDX,NIFTY,07-Mar-2024,21950,PE,198.05,220.75,155.3,176.7,176.7,402,4448.13,11150,2650,19-FEB-2024,
OPTIDX,NIFTY,07-Mar-2024,22000,PE,215,239.95,169.65,195.4,195.4,8168,90646.66,297300,98050,19-FEB-2024,
OPTIDX,NIFTY,07-Mar-2024,22050,PE,252.2,260,187.85,210.7,210.7,710,7905.61,13800,4900,19-FEB-2024,
OPTIDX,NIFTY,07-Mar-2024,22100,PE,259.95,283.45,201.85,230.9,230.9,5418,60500.38,73600,52300,19-FEB-2024,
OPTIDX,NIFTY,07-Mar-2024,22150,PE,270.8,304.85,219.65,250.5,250.5,1073,12013.71,13850,9850,19-FEB-2024,
OPTIDX,NIFTY,07-Mar-2024,22200,PE,293.05,330.35,237.9,271.75,271.75,2748,30862.7,46850,39100,19-FEB-2024,
OPTIDX,NIFTY,07-Mar-2024,22250,PE,306.95,355,260.15,293.85,293.85,443,4992.49,7950,4850,19-FEB-2024,
OPTIDX,NIFTY,07-Mar-2024,22300,PE,351.15,366,279.05,316.45,316.45,1511,17075.89,31750,30800,19-FEB-2024,
OPTIDX,NIFTY,07-Mar-2024,22350,PE,337.45,352.35,329.4,338.95,338.95,28,317.64,250,150,19-FEB-2024,
OPTIDX,NIFTY,07-Mar-2024,22400,PE,390.45,394.35,326.75,369.7,369.7,244,2777.54,10100,5200,19-FEB-2024,
OPTIDX,NIFTY,07-Mar-2024,22450,PE,407.55,409.95,401.6,405,405,42,479.95,1900,1500,19-FEB-2024,
OPTIDX,NIFTY,07-Mar-2024,22500,PE,460,493,380,431.75,431.75,430,4929.12,13900,5950,19-FEB-2024,
OPTIDX,NIFTY,07-Mar-2024,22550,PE,0,0,0,848.15,457.95,0,0,0,0,19-FEB-2024,
OPTIDX,NIFTY,07-Mar-2024,22600,PE,485,506.5,467.5,495.5,495.5,121,1396.8,5850,5850,19-FEB-2024,
OPTIDX,NIFTY,07-Mar-2024,22650,PE,0,0,0,923.95,533.35,0,0,0,0,19-FEB-2024,
OPTIDX,NIFTY,07-Mar-2024,22700,PE,0,0,0,963.35,572.85,0,0,0,0,19-FEB-2024,
OPTIDX,NIFTY,07-Mar-2024,22750,PE,0,0,0,1003.35,613.55,0,0,0,0,19-FEB-2024,
OPTIDX,NIFTY,07-Mar-2024,22800,PE,0,0,0,1044.05,655.25,0,0,0,0,19-FEB-2024,
OPTIDX,NIFTY,07-Mar-2024,22850,PE,0,0,0,1085.3,697.95,0,0,0,0,19-FEB-2024,
OPTIDX,NIFTY,07-Mar-2024,22900,PE,0,0,0,1127.15,741.5,0,0,0,0,19-FEB-2024,
OPTIDX,NIFTY,07-Mar-2024,22950,PE,0,0,0,1169.5,785.85,0,0,0,0,19-FEB-2024,
OPTIDX,NIFTY,07-Mar-2024,23000,PE,0,0,0,1249,830.95,0,0,50,0,19-FEB-2024,
OPTIDX,NIFTY,07-Mar-2024,23050,PE,0,0,0,1255.8,876.7,0,0,0,0,19-FEB-2024,
OPTIDX,NIFTY,07-Mar-2024,23100,PE,0,0,0,1276.65,923,0,0,50,0,19-FEB-2024,
OPTIDX,NIFTY,07-Mar-2024,23150,PE,0,0,0,1343.9,969.85,0,0,0,0,19-FEB-2024,
OPTIDX,NIFTY,07-Mar-2024,23200,PE,0,0,0,1388.6,1017.15,0,0,0,0,19-FEB-2024,
OPTIDX,NIFTY,07-Mar-2024,23250,PE,0,0,0,1433.7,1064.8,0,0,0,0,19-FEB-2024,
OPTIDX,NIFTY,07-Mar-2024,23300,PE,0,0,0,1479.15,1112.85,0,0,0,0,19-FEB-2024,
OPTIDX,NIFTY,07-Mar-2024,23350,PE,0,0,0,1524.95,1161.15,0,0,0,0,19-FEB-2024,
OPTIDX,NIFTY,07-Mar-2024,23400,PE,0,0,0,1571.1,1209.75,0,0,0,0,19-FEB-2024,
OPTIDX,NIFTY,07-Mar-2024,23450,PE,0,0,0,1617.5,1258.55,0,0,0,0,19-FEB-2024,
OPTIDX,NIFTY,07-Mar-2024,23500,PE,0,0,0,1664.2,1307.5,0,0,0,0,19-FEB-2024,
OPTIDX,NIFTY,07-Mar-2024,23550,PE,0,0,0,1711.15,1356.65,0,0,0,0,19-FEB-2024,
OPTIDX,NIFTY,07-Mar-2024,23600,PE,0,0,0,1758.35,1405.9,0,0,0,0,19-FEB-2024,
OPTIDX,NIFTY,07-Mar-2024,23650,PE,0,0,0,1805.75,1455.3,0,0,0,0,19-FEB-2024,
OPTIDX,NIFTY,07-Mar-2024,23700,PE,0,0,0,1853.35,1504.75,0,0,0,0,19-FEB-2024,
OPTIDX,NIFTY,07-Mar-2024,23750,PE,0,0,0,1901.15,1554.3,0,0,0,0,19-FEB-2024,
OPTIDX,NIFTY,07-Mar-2024,23800,PE,0,0,0,1949.15,1603.9,0,0,0,0,19-FEB-2024,
OPTIDX,NIFTY,14-Mar-2024,19850,CE,0,0,0,2014.4,2360.2,0,0,0,0,19-FEB-2024,
OPTIDX,NIFTY,14-Mar-2024,19900,CE,0,0,0,1965.8,2310.4,0,0,0,0,19-FEB-2024,
OPTIDX,NIFTY,14-Mar-2024,19950,CE,0,0,0,1917.3,2260.65,0,0,0,0,19-FEB-2024,
OPTIDX,NIFTY,14-Mar-2024,20000,CE,0,0,0,1868.95,2210.9,0,0,0,0,19-FEB-2024,
OPTIDX,NIFTY,14-Mar-2024,20050,CE,0,0,0,1820.8,2161.15,0,0,0,0,19-FEB-2024,
OPTIDX,NIFTY,14-Mar-2024,20100,CE,0,0,0,1772.85,2111.4,0,0,0,0,19-FEB-2024,
OPTIDX,NIFTY,14-Mar-2024,20150,CE,2002.3,2002.3,2002.3,2002.3,2061.7,2,22.15,100,0,19-FEB-2024,
OPTIDX,NIFTY,14-Mar-2024,20200,CE,0,0,0,1677.55,2011.95,0,0,0,0,19-FEB-2024,
OPTIDX,NIFTY,14-Mar-2024,20250,CE,0,0,0,1630.25,1962.25,0,0,0,0,19-FEB-2024,
OPTIDX,NIFTY,14-Mar-2024,20300,CE,0,0,0,1583.25,1912.6,0,0,0,0,19-FEB-2024,
OPTIDX,NIFTY,14-Mar-2024,20350,CE,0,0,0,1536.55,1862.95,0,0,0,0,19-FEB-2024,
OPTIDX,NIFTY,14-Mar-2024,20400,CE,0,0,0,1490.2,1813.35,0,0,0,0,19-FEB-2024,
OPTIDX,NIFTY,14-Mar-2024,20450,CE,0,0,0,1444.15,1763.75,0,0,0,0,19-FEB-2024,
OPTIDX,NIFTY,14-Mar-2024,20500,CE,0,0,0,1398.5,1714.25,0,0,0,0,19-FEB-2024,
OPTIDX,NIFTY,14-Mar-2024,20550,CE,0,0,0,1353.25,1664.8,0,0,0,0,19-FEB-2024,
OPTIDX,NIFTY,14-Mar-2024,20600,CE,0,0,0,1308.45,1615.45,0,0,0,0,19-FEB-2024,
OPTIDX,NIFTY,14-Mar-2024,20650,CE,0,0,0,1264.1,1566.15,0,0,0,0,19-FEB-2024,
OPTIDX,NIFTY,14-Mar-2024,20700,CE,0,0,0,1220.2,1517,0,0,0,0,19-FEB-2024,
OPTIDX,NIFTY,14-Mar-2024,20750,CE,0,0,0,1176.9,1467.95,0,0,0,0,19-FEB-2024,
OPTIDX,NIFTY,14-Mar-2024,20800,CE,0,0,0,1134.1,1419.05,0,0,0,0,19-FEB-2024,
OPTIDX,NIFTY,14-Mar-2024,20850,CE,0,0,0,1091.9,1370.35,0,0,0,0,19-FEB-2024,
OPTIDX,NIFTY,14-Mar-2024,20900,CE,0,0,0,1050.3,1321.85,0,0,0,0,19-FEB-2024,
OPTIDX,NIFTY,14-Mar-2024,20950,CE,0,0,0,1009.35,1273.6,0,0,0,0,19-FEB-2024,
OPTIDX,NIFTY,14-Mar-2024,21000,CE,0,0,0,969.05,1225.6,0,0,0,0,19-FEB-2024,
OPTIDX,NIFTY,14-Mar-2024,21050,CE,0,0,0,929.5,1177.95,0,0,0,0,19-FEB-2024,
OPTIDX,NIFTY,14-Mar-2024,21100,CE,0,0,0,890.65,1130.65,0,0,0,0,19-FEB-2024,
OPTIDX,NIFTY,14-Mar-2024,21150,CE,0,0,0,852.6,1083.75,0,0,0,0,19-FEB-2024,
OPTIDX,NIFTY,14-Mar-2024,21200,CE,0,0,0,800,1037.3,0,0,0,0,19-FEB-2024,
OPTIDX,NIFTY,14-Mar-2024,21250,CE,0,0,0,778.65,991.35,0,0,0,0,19-FEB-2024,
OPTIDX,NIFTY,14-Mar-2024,21300,CE,1060,1070,1060,1070,945.95,3,33.55,150,150,19-FEB-2024,
OPTIDX,NIFTY,14-Mar-2024,21350,CE,0,0,0,708.3,901.2,0,0,0,0,19-FEB-2024,
OPTIDX,NIFTY,14-Mar-2024,21400,CE,0,0,0,674.4,857.1,0,0,0,0,19-FEB-2024,
OPTIDX,NIFTY,14-Mar-2024,21450,CE,0,0,0,641.45,813.75,0,0,0,0,19-FEB-2024,
OPTIDX,NIFTY,14-Mar-2024,21500,CE,800,861.25,800,861.25,771.2,9,100.38,3300,450,19-FEB-2024,
OPTIDX,NIFTY,14-Mar-2024,21550,CE,0,0,0,490,729.5,0,0,1100,0,19-FEB-2024,
OPTIDX,NIFTY,14-Mar-2024,21600,CE,769.7,818,769.7,778.35,778.35,35,391.72,1950,-1050,19-FEB-2024,
OPTIDX,NIFTY,14-Mar-2024,21650,CE,774.7,774.7,774.7,774.7,649,2,22.42,1450,0,19-FEB-2024,
OPTIDX,NIFTY,14-Mar-2024,21700,CE,635,727,635,690,690,5,55.99,8750,-100,19-FEB-2024,
OPTIDX,NIFTY,14-Mar-2024,21750,CE,0,0,0,588.95,572.6,0,0,2200,0,19-FEB-2024,
OPTIDX,NIFTY,14-Mar-2024,21800,CE,608.05,682.95,605.3,627.3,627.3,88,987.56,8000,-350,19-FEB-2024,
OPTIDX,NIFTY,14-Mar-2024,21850,CE,0,0,0,424.35,500.9,0,0,550,0,19-FEB-2024,
OPTIDX,NIFTY,14-Mar-2024,21900,CE,503,601.65,474.9,555.3,555.3,60,673.65,5750,-550,19-FEB-2024,
OPTIDX,NIFTY,14-Mar-2024,21950,CE,0,0,0,257.95,434.15,0,0,50,0,19-FEB-2024,
OPTIDX,NIFTY,14-Mar-2024,22000,CE,460,545.9,414,481.4,481.4,744,8369.56,53850,30900,19-FEB-2024,
OPTIDX,NIFTY,14-Mar-2024,22050,CE,410,508.6,410,441.5,441.5,92,1035.86,7050,50,19-FEB-2024,
OPTIDX,NIFTY,14-Mar-2024,22100,CE,390,470.85,357.4,433.4,433.4,209,2352.31,8000,8000,19-FEB-2024,
OPTIDX,NIFTY,14-Mar-2024,22150,CE,349.45,439.85,335,403.45,403.45,88,992.35,5050,3450,19-FEB-2024,
OPTIDX,NIFTY,14-Mar-2024,22200,CE,334.55,415.65,304.5,360.5,360.5,248,2800.17,11650,-350,19-FEB-2024,
OPTIDX,NIFTY,14-Mar-2024,22250,CE,0,0,0,244.15,266.5,0,0,0,0,19-FEB-2024,
OPTIDX,NIFTY,14-Mar-2024,22300,CE,296.05,355.65,264.35,342.05,243.45,33,373.06,6400,500,19-FEB-2024,
OPTIDX,NIFTY,14-Mar-2024,22350,CE,0,0,0,252,221.8,0,0,100,0,19-FEB-2024,
OPTIDX,NIFTY,14-Mar-2024,22400,CE,253.6,301.5,217.95,263.65,263.65,148,1678.46,9600,5150,19-FEB-2024,
OPTIDX,NIFTY,14-Mar-2024,22450,CE,0,0,0,208,182.55,0,0,1000,0,19-FEB-2024,
OPTIDX,NIFTY,14-Mar-2024,22500,CE,200.9,255,181.55,217.6,217.6,269,3056.33,7350,1400,19-FEB-2024,
OPTIDX,NIFTY,14-Mar-2024,22550,CE,206.5,206.5,206.5,206.5,148.55,1,11.37,200,50,19-FEB-2024,
OPTIDX,NIFTY,14-Mar-2024,22600,CE,144,209.3,144,184.65,184.65,52,592.7,2500,-300,19-FEB-2024,
OPTIDX,NIFTY,14-Mar-2024,22650,CE,0,0,0,47.2,119.45,0,0,50,0,19-FEB-2024,
OPTIDX,NIFTY,14-Mar-2024,22700,CE,105.2,174.5,105.2,141.95,141.95,68,776.85,3150,2200,19-FEB-2024,
OPTIDX,NIFTY,14-Mar-2024,22750,CE,0,0,0,112.8,94.95,0,0,0,0,19-FEB-2024,
OPTIDX,NIFTY,14-Mar-2024,22800,CE,102,136.45,102,123.45,123.45,64,733.63,11900,1050,19-FEB-2024,
OPTIDX,NIFTY,14-Mar-2024,22850,CE,115.4,115.4,115.4,115.4,115.4,1,11.48,100,50,19-FEB-2024,
OPTIDX,NIFTY,14-Mar-2024,22900,CE,83,110,83,110,110,56,643.97,2650,100,19-FEB-2024,
OPTIDX,NIFTY,14-Mar-2024,22950,CE,0,0,0,79.7,57.85,0,0,0,0,19-FEB-2024,
OPTIDX,NIFTY,14-Mar-2024,23000,CE,67.95,89.8,60,73.45,73.45,857,9888.01,27650,3400,19-FEB-2024,
OPTIDX,NIFTY,14-Mar-2024,23050,CE,0,0,0,66.4,44.3,0,0,0,0,19-FEB-2024,
OPTIDX,NIFTY,14-Mar-2024,23100,CE,57.8,57.8,57.8,57.8,57.8,3,34.73,250,150,19-FEB-2024,
OPTIDX,NIFTY,14-Mar-2024,23150,CE,0,0,0,38,33.5,0,0,100,0,19-FEB-2024,
OPTIDX,NIFTY,14-Mar-2024,23200,CE,0,0,0,50,29,0,0,0,0,19-FEB-2024,
OPTIDX,NIFTY,14-Mar-2024,23250,CE,0,0,0,45.35,25.05,0,0,0,0,19-FEB-2024,
OPTIDX,NIFTY,14-Mar-2024,23300,CE,0,0,0,17.9,21.55,0,0,200,0,19-FEB-2024,
OPTIDX,NIFTY,14-Mar-2024,23350,CE,0,0,0,37.15,18.45,0,0,0,0,19-FEB-2024,
OPTIDX,NIFTY,14-Mar-2024,23400,CE,32.8,33.95,12.45,27.2,27.2,157,1839.05,3400,3050,19-FEB-2024,
OPTIDX,NIFTY,14-Mar-2024,23450,CE,27.5,29.8,26.8,29.45,13.45,25,293.46,1950,900,19-FEB-2024,
OPTIDX,NIFTY,14-Mar-2024,23500,CE,0,0,0,27.25,11.4,0,0,0,0,19-FEB-2024,
OPTIDX,NIFTY,14-Mar-2024,23550,CE,16,19.8,16,19,19,3,35.35,100,-50,19-FEB-2024,
OPTIDX,NIFTY,14-Mar-2024,23600,CE,0,0,0,22,8.15,0,0,0,0,19-FEB-2024,
OPTIDX,NIFTY,14-Mar-2024,23650,CE,0,0,0,19.75,6.85,0,0,0,0,19-FEB-2024,
OPTIDX,NIFTY,14-Mar-2024,23700,CE,0,0,0,17.65,5.75,0,0,0,0,19-FEB-2024,
OPTIDX,NIFTY,14-Mar-2024,23750,CE,0,0,0,15.8,4.8,0,0,0,0,19-FEB-2024,
OPTIDX,NIFTY,14-Mar-2024,23800,CE,0,0,0,14.1,4,0,0,0,0,19-FEB-2024,
OPTIDX,NIFTY,14-Mar-2024,19850,PE,0,0,0,6.3,0.05,0,0,0,0,19-FEB-2024,
OPTIDX,NIFTY,14-Mar-2024,19900,PE,0,0,0,7.3,0.05,0,0,0,0,19-FEB-2024,
OPTIDX,NIFTY,14-Mar-2024,19950,PE,0,0,0,19.8,0.05,0,0,1000,0,19-FEB-2024,
OPTIDX,NIFTY,14-Mar-2024,20000,PE,3.25,3.25,3.25,3.25,0.1,1,10,1150,0,19-FEB-2024,
OPTIDX,NIFTY,14-Mar-2024,20050,PE,0,0,0,25.85,0.1,0,0,1000,0,19-FEB-2024,
OPTIDX,NIFTY,14-Mar-2024,20100,PE,0,0,0,9.8,0.15,0,0,1150,0,19-FEB-2024,
OPTIDX,NIFTY,14-Mar-2024,20150,PE,0,0,0,28.1,0.2,0,0,4350,0,19-FEB-2024,
OPTIDX,NIFTY,14-Mar-2024,20200,PE,0,0,0,16.95,0.25,0,0,0,0,19-FEB-2024,
OPTIDX,NIFTY,14-Mar-2024,20250,PE,0,0,0,19.3,0.35,0,0,0,0,19-FEB-2024,
OPTIDX,NIFTY,14-Mar-2024,20300,PE,0,0,0,21.95,0.45,0,0,0,0,19-FEB-2024,
OPTIDX,NIFTY,14-Mar-2024,20350,PE,0,0,0,24.9,0.6,0,0,0,0,19-FEB-2024,
OPTIDX,NIFTY,14-Mar-2024,20400,PE,0,0,0,28.2,0.75,0,0,0,0,19-FEB-2024,
OPTIDX,NIFTY,14-Mar-2024,20450,PE,0,0,0,31.8,0.95,0,0,0,0,19-FEB-2024,
OPTIDX,NIFTY,14-Mar-2024,20500,PE,19,24.95,15.35,21.3,21.3,74,759.27,5500,1300,19-FEB-2024,
OPTIDX,NIFTY,14-Mar-2024,20550,PE,0,0,0,40.2,1.55,0,0,0,0,19-FEB-2024,
OPTIDX,NIFTY,14-Mar-2024,20600,PE,0,0,0,45,1.95,0,0,0,0,19-FEB-2024,
OPTIDX,NIFTY,14-Mar-2024,20650,PE,0,0,0,50.3,2.45,0,0,0,0,19-FEB-2024,
OPTIDX,NIFTY,14-Mar-2024,20700,PE,0,0,0,56.1,3.05,0,0,0,0,19-FEB-2024,
OPTIDX,NIFTY,14-Mar-2024,20750,PE,0,0,0,62.4,3.8,0,0,0,0,19-FEB-2024,
OPTIDX,NIFTY,14-Mar-2024,20800,PE,0,0,0,47.2,4.7,0,0,100,0,19-FEB-2024,
OPTIDX,NIFTY,14-Mar-2024,20850,PE,0,0,0,76.7,5.75,0,0,0,0,19-FEB-2024,
OPTIDX,NIFTY,14-Mar-2024,20900,PE,0,0,0,84.75,7.05,0,0,0,0,19-FEB-2024,
OPTIDX,NIFTY,14-Mar-2024,20950,PE,0,0,0,93.45,8.55,0,0,0,0,19-FEB-2024,
OPTIDX,NIFTY,14-Mar-2024,21000,PE,51.25,54.8,43.15,46.9,46.9,844,8882.33,41350,5150,19-FEB-2024,
OPTIDX,NIFTY,14-Mar-2024,21050,PE,0,0,0,112.9,12.45,0,0,0,0,19-FEB-2024,
OPTIDX,NIFTY,14-Mar-2024,21100,PE,0,0,0,123.7,14.95,0,0,0,0,19-FEB-2024,
OPTIDX,NIFTY,14-Mar-2024,21150,PE,0,0,0,135.3,17.8,0,0,0,0,19-FEB-2024,
OPTIDX,NIFTY,14-Mar-2024,21200,PE,0,0,0,115,21.15,0,0,1300,0,19-FEB-2024,
OPTIDX,NIFTY,14-Mar-2024,21250,PE,0,0,0,160.65,25,0,0,0,0,19-FEB-2024,
OPTIDX,NIFTY,14-Mar-2024,21300,PE,86.55,93.6,69.85,69.95,69.95,141,1507.09,7950,3500,19-FEB-2024,
OPTIDX,NIFTY,14-Mar-2024,21350,PE,0,0,0,189.6,34.4,0,0,0,0,19-FEB-2024,
OPTIDX,NIFTY,14-Mar-2024,21400,PE,100,107.2,80.7,89.65,89.65,88,945.64,2700,2450,19-FEB-2024,
OPTIDX,NIFTY,14-Mar-2024,21450,PE,0,0,0,222.05,46.5,0,0,0,0,19-FEB-2024,
OPTIDX,NIFTY,14-Mar-2024,21500,PE,120.3,127,96,107.25,107.25,373,4029.74,24400,5200,19-FEB-2024,
OPTIDX,NIFTY,14-Mar-2024,21550,PE,129.55,129.55,122.5,122.5,61.85,3,32.51,1250,50,19-FEB-2024,
OPTIDX,NIFTY,14-Mar-2024,21600,PE,141.95,141.95,116.05,118.85,70.85,43,466.99,5350,400,19-FEB-2024,
OPTIDX,NIFTY,14-Mar-2024,21650,PE,144.65,144.65,123.4,123.4,80.85,33,359.31,550,-800,19-FEB-2024,
OPTIDX,NIFTY,14-Mar-2024,21700,PE,174.4,178.8,131,147.85,147.85,87,950.6,7900,550,19-FEB-2024,
OPTIDX,NIFTY,14-Mar-2024,21750,PE,142.25,157,142.25,154.5,154.5,38,415.99,500,-1150,19-FEB-2024,
OPTIDX,NIFTY,14-Mar-2024,21800,PE,190.35,204.35,155,174.2,174.2,582,6394.55,22700,8000,19-FEB-2024,
OPTIDX,NIFTY,14-Mar-2024,21850,PE,216.9,216.9,168.35,180.75,180.75,166,1828.07,4100,-4250,19-FEB-2024,
OPTIDX,NIFTY,14-Mar-2024,21900,PE,221,237.65,177.9,198.3,198.3,199,2200.05,8400,-50,19-FEB-2024,
OPTIDX,NIFTY,14-Mar-2024,21950,PE,245,245,200,213.2,213.2,48,531.95,1350,-1050,19-FEB-2024,
OPTIDX,NIFTY,14-Mar-2024,22000,PE,270,279.5,209.25,235.55,235.55,1186,13184.49,42700,15650,19-FEB-2024,
OPTIDX,NIFTY,14-Mar-2024,22050,PE,284.65,284.8,225.65,256.3,256.3,67,747.74,1950,1750,19-FEB-2024,
OPTIDX,NIFTY,14-Mar-2024,22100,PE,304,304.9,243.1,273.3,273.3,221,2472.58,4750,4700,19-FEB-2024,
OPTIDX,NIFTY,14-Mar-2024,22150,PE,312.15,312.15,269,290.1,290.1,55,617.03,5400,1300,19-FEB-2024,
OPTIDX,NIFTY,14-Mar-2024,22200,PE,331,334.25,280,319.1,319.1,222,2498.13,5850,3200,19-FEB-2024,
OPTIDX,NIFTY,14-Mar-2024,22250,PE,336.25,336.25,302.95,327.65,327.65,35,395.06,1100,1050,19-FEB-2024,
OPTIDX,NIFTY,14-Mar-2024,22300,PE,365,365,327.85,365,365,29,328.49,2200,950,19-FEB-2024,
OPTIDX,NIFTY,14-Mar-2024,22350,PE,0,0,0,685.65,350.55,0,0,0,0,19-FEB-2024,
OPTIDX,NIFTY,14-Mar-2024,22400,PE,404,404,404,404,404,1,11.4,50,50,19-FEB-2024,
OPTIDX,NIFTY,14-Mar-2024,22450,PE,0,0,0,755.65,410.85,0,0,0,0,19-FEB-2024,
OPTIDX,NIFTY,14-Mar-2024,22500,PE,451,453.6,420.15,448,443,58,665.57,2900,2300,19-FEB-2024,
OPTIDX,NIFTY,14-Mar-2024,22550,PE,0,0,0,829.8,476.4,0,0,0,0,19-FEB-2024,
OPTIDX,NIFTY,14-Mar-2024,22600,PE,0,0,0,866.75,511.1,0,0,0,0,19-FEB-2024,
OPTIDX,NIFTY,14-Mar-2024,22650,PE,0,0,0,905.2,546.9,0,0,0,0,19-FEB-2024,
OPTIDX,NIFTY,14-Mar-2024,22700,PE,0,0,0,944.4,583.9,0,0,0,0,19-FEB-2024,
OPTIDX,NIFTY,14-Mar-2024,22750,PE,0,0,0,984.2,621.95,0,0,0,0,19-FEB-2024,
OPTIDX,NIFTY,14-Mar-2024,22800,PE,0,0,0,1024.7,661.05,0,0,0,0,19-FEB-2024,
OPTIDX,NIFTY,14-Mar-2024,22850,PE,0,0,0,1073.3,701.1,0,0,50,0,19-FEB-2024,
OPTIDX,NIFTY,14-Mar-2024,22900,PE,0,0,0,1107.45,742.1,0,0,0,0,19-FEB-2024,
OPTIDX,NIFTY,14-Mar-2024,22950,PE,0,0,0,1149.7,783.95,0,0,0,0,19-FEB-2024,
OPTIDX,NIFTY,14-Mar-2024,23000,PE,0,0,0,1192.45,826.6,0,0,0,0,19-FEB-2024,
OPTIDX,NIFTY,14-Mar-2024,23050,PE,0,0,0,1235.7,870,0,0,0,0,19-FEB-2024,
OPTIDX,NIFTY,14-Mar-2024,23100,PE,0,0,0,1279.45,914.05,0,0,0,0,19-FEB-2024,
OPTIDX,NIFTY,14-Mar-2024,23150,PE,0,0,0,1323.6,958.75,0,0,0,0,19-FEB-2024,
OPTIDX,NIFTY,14-Mar-2024,23200,PE,0,0,0,1368.2,1004,0,0,0,0,19-FEB-2024,
OPTIDX,NIFTY,14-Mar-2024,23250,PE,0,0,0,1413.2,1049.8,0,0,0,0,19-FEB-2024,
OPTIDX,NIFTY,14-Mar-2024,23300,PE,0,0,0,1458.6,1096.1,0,0,0,0,19-FEB-2024,
OPTIDX,NIFTY,14-Mar-2024,23350,PE,0,0,0,1504.3,1142.8,0,0,0,0,19-FEB-2024,
OPTIDX,NIFTY,14-Mar-2024,23400,PE,0,0,0,1550.35,1189.9,0,0,0,0,19-FEB-2024,
OPTIDX,NIFTY,14-Mar-2024,23450,PE,0,0,0,1596.7,1237.35,0,0,0,0,19-FEB-2024,
OPTIDX,NIFTY,14-Mar-2024,23500,PE,0,0,0,1643.35,1285.1,0,0,0,0,19-FEB-2024,
OPTIDX,NIFTY,14-Mar-2024,23550,PE,0,0,0,1690.25,1333.1,0,0,0,0,19-FEB-2024,
OPTIDX,NIFTY,14-Mar-2024,23600,PE,0,0,0,1737.4,1381.4,0,0,0,0,19-FEB-2024,
OPTIDX,NIFTY,14-Mar-2024,23650,PE,0,0,0,1784.8,1429.85,0,0,0,0,19-FEB-2024,
OPTIDX,NIFTY,14-Mar-2024,23700,PE,0,0,0,1832.35,1478.55,0,0,0,0,19-FEB-2024,
OPTIDX,NIFTY,14-Mar-2024,23750,PE,0,0,0,1880.15,1527.35,0,0,0,0,19-FEB-2024,
OPTIDX,NIFTY,14-Mar-2024,23800,PE,0,0,0,1928.1,1576.35,0,0,0,0,19-FEB-2024,
OPTIDX,NIFTY,21-Mar-2024,20150,CE,0,0,0,1911.4,2088.15,0,0,0,0,19-FEB-2024,
OPTIDX,NIFTY,21-Mar-2024,20200,CE,0,0,0,1863.1,2038.6,0,0,0,0,19-FEB-2024,
OPTIDX,NIFTY,21-Mar-2024,20250,CE,0,0,0,1815,1989.1,0,0,0,0,19-FEB-2024,
OPTIDX,NIFTY,21-Mar-2024,20300,CE,0,0,0,1767.1,1939.65,0,0,0,0,19-FEB-2024,
OPTIDX,NIFTY,21-Mar-2024,20350,CE,0,0,0,1719.45,1890.25,0,0,0,0,19-FEB-2024,
OPTIDX,NIFTY,21-Mar-2024,20400,CE,0,0,0,1672,1840.95,0,0,0,0,19-FEB-2024,
OPTIDX,NIFTY,21-Mar-2024,20450,CE,0,0,0,1624.8,1791.7,0,0,0,0,19-FEB-2024,
OPTIDX,NIFTY,21-Mar-2024,20500,CE,0,0,0,1577.85,1742.55,0,0,0,0,19-FEB-2024,
OPTIDX,NIFTY,21-Mar-2024,20550,CE,0,0,0,1531.25,1693.5,0,0,0,0,19-FEB-2024,
OPTIDX,NIFTY,21-Mar-2024,20600,CE,0,0,0,1484.95,1644.6,0,0,0,0,19-FEB-2024,
OPTIDX,NIFTY,21-Mar-2024,20650,CE,0,0,0,1439.05,1595.8,0,0,0,0,19-FEB-2024,
OPTIDX,NIFTY,21-Mar-2024,20700,CE,0,0,0,1393.5,1547.2,0,0,0,0,19-FEB-2024,
OPTIDX,NIFTY,21-Mar-2024,20750,CE,0,0,0,1348.35,1498.75,0,0,0,0,19-FEB-2024,
OPTIDX,NIFTY,21-Mar-2024,20800,CE,0,0,0,1303.65,1450.55,0,0,0,0,19-FEB-2024,
OPTIDX,NIFTY,21-Mar-2024,20850,CE,0,0,0,1259.45,1402.55,0,0,0,0,19-FEB-2024,
OPTIDX,NIFTY,21-Mar-2024,20900,CE,0,0,0,1215.7,1354.85,0,0,0,0,19-FEB-2024,
OPTIDX,NIFTY,21-Mar-2024,20950,CE,0,0,0,1172.5,1307.45,0,0,0,0,19-FEB-2024,
OPTIDX,NIFTY,21-Mar-2024,21000,CE,0,0,0,1129.85,1260.4,0,0,0,0,19-FEB-2024,
OPTIDX,NIFTY,21-Mar-2024,21050,CE,0,0,0,1087.8,1213.7,0,0,0,0,19-FEB-2024,
OPTIDX,NIFTY,21-Mar-2024,21100,CE,0,0,0,1046.35,1167.45,0,0,0,0,19-FEB-2024,
OPTIDX,NIFTY,21-Mar-2024,21150,CE,0,0,0,1005.55,1121.6,0,0,0,0,19-FEB-2024,
OPTIDX,NIFTY,21-Mar-2024,21200,CE,0,0,0,965.45,1076.3,0,0,0,0,19-FEB-2024,
OPTIDX,NIFTY,21-Mar-2024,21250,CE,0,0,0,926,1031.5,0,0,0,0,19-FEB-2024,
OPTIDX,NIFTY,21-Mar-2024,21300,CE,0,0,0,887.35,987.3,0,0,0,0,19-FEB-2024,
OPTIDX,NIFTY,21-Mar-2024,21350,CE,0,0,0,849.45,943.75,0,0,0,0,19-FEB-2024,
OPTIDX,NIFTY,21-Mar-2024,21400,CE,0,0,0,813.1,900.9,0,0,0,0,19-FEB-2024,
OPTIDX,NIFTY,21-Mar-2024,21450,CE,0,0,0,775.85,858.75,0,0,0,0,19-FEB-2024,
OPTIDX,NIFTY,21-Mar-2024,21500,CE,0,0,0,740.35,817.4,0,0,0,0,19-FEB-2024,
OPTIDX,NIFTY,21-Mar-2024,21550,CE,0,0,0,705.8,776.85,0,0,0,0,19-FEB-2024,
OPTIDX,NIFTY,21-Mar-2024,21600,CE,0,0,0,672.05,737.2,0,0,0,0,19-FEB-2024,
OPTIDX,NIFTY,21-Mar-2024,21650,CE,0,0,0,639.25,698.45,0,0,0,0,19-FEB-2024,
OPTIDX,NIFTY,21-Mar-2024,21700,CE,0,0,0,607.35,660.7,0,0,0,0,19-FEB-2024,
OPTIDX,NIFTY,21-Mar-2024,21750,CE,0,0,0,576.4,623.95,0,0,0,0,19-FEB-2024,
OPTIDX,NIFTY,21-Mar-2024,21800,CE,0,0,0,650,588.2,0,0,1100,0,19-FEB-2024,
OPTIDX,NIFTY,21-Mar-2024,21850,CE,0,0,0,517.35,553.6,0,0,0,0,19-FEB-2024,
OPTIDX,NIFTY,21-Mar-2024,21900,CE,0,0,0,581.55,520.05,0,0,1050,0,19-FEB-2024,
OPTIDX,NIFTY,21-Mar-2024,21950,CE,0,0,0,462.15,487.7,0,0,0,0,19-FEB-2024,
OPTIDX,NIFTY,21-Mar-2024,22000,CE,528.55,587.75,509,545.45,545.45,110,1239.37,5350,4450,19-FEB-2024,
OPTIDX,NIFTY,21-Mar-2024,22050,CE,0,0,0,482.3,426.5,0,0,350,0,19-FEB-2024,
OPTIDX,NIFTY,21-Mar-2024,22100,CE,0,0,0,386.55,397.7,0,0,0,0,19-FEB-2024,
OPTIDX,NIFTY,21-Mar-2024,22150,CE,0,0,0,363.35,370.15,0,0,0,0,19-FEB-2024,
OPTIDX,NIFTY,21-Mar-2024,22200,CE,415.2,415.45,415.2,415.35,415.35,2,22.61,100,100,19-FEB-2024,
OPTIDX,NIFTY,21-Mar-2024,22250,CE,0,0,0,350,318.7,0,0,100,0,19-FEB-2024,
OPTIDX,NIFTY,21-Mar-2024,22300,CE,0,0,0,299.45,294.85,0,0,0,0,19-FEB-2024,
OPTIDX,NIFTY,21-Mar-2024,22350,CE,0,0,0,280,272.2,0,0,0,0,19-FEB-2024,
OPTIDX,NIFTY,21-Mar-2024,22400,CE,0,0,0,261.5,250.75,0,0,0,0,19-FEB-2024,
OPTIDX,NIFTY,21-Mar-2024,22450,CE,0,0,0,243.9,230.55,0,0,0,0,19-FEB-2024,
OPTIDX,NIFTY,21-Mar-2024,22500,CE,253.6,303.1,253.45,266.25,266.25,57,648.77,2800,2800,19-FEB-2024,
OPTIDX,NIFTY,21-Mar-2024,22550,CE,0,0,0,211.35,193.6,0,0,0,0,19-FEB-2024,
OPTIDX,NIFTY,21-Mar-2024,22600,CE,0,0,0,196.35,176.85,0,0,0,0,19-FEB-2024,
OPTIDX,NIFTY,21-Mar-2024,22650,CE,0,0,0,182.15,161.15,0,0,0,0,19-FEB-2024,
OPTIDX,NIFTY,21-Mar-2024,22700,CE,0,0,0,168.75,146.55,0,0,0,0,19-FEB-2024,
OPTIDX,NIFTY,21-Mar-2024,22750,CE,0,0,0,157.15,132.95,0,0,0,0,19-FEB-2024,
OPTIDX,NIFTY,21-Mar-2024,22800,CE,0,0,0,144.45,120.35,0,0,0,0,19-FEB-2024,
OPTIDX,NIFTY,21-Mar-2024,22850,CE,0,0,0,133.3,108.7,0,0,0,0,19-FEB-2024,
OPTIDX,NIFTY,21-Mar-2024,22900,CE,0,0,0,122.85,97.95,0,0,0,0,19-FEB-2024,
OPTIDX,NIFTY,21-Mar-2024,22950,CE,0,0,0,113.05,88.1,0,0,0,0,19-FEB-2024,
OPTIDX,NIFTY,21-Mar-2024,23000,CE,100.95,130,92.5,110.4,110.4,181,2091.89,6550,2050,19-FEB-2024,
OPTIDX,NIFTY,21-Mar-2024,23050,CE,0,0,0,95.35,70.7,0,0,0,0,19-FEB-2024,
OPTIDX,NIFTY,21-Mar-2024,23100,CE,0,0,0,87.4,63.1,0,0,0,0,19-FEB-2024,
OPTIDX,NIFTY,21-Mar-2024,23150,CE,0,0,0,80,56.2,0,0,0,0,19-FEB-2024,
OPTIDX,NIFTY,21-Mar-2024,23200,CE,0,0,0,73.1,49.95,0,0,0,0,19-FEB-2024,
OPTIDX,NIFTY,21-Mar-2024,23250,CE,0,0,0,66.75,44.3,0,0,0,0,19-FEB-2024,
OPTIDX,NIFTY,21-Mar-2024,23300,CE,0,0,0,60.8,39.15,0,0,0,0,19-FEB-2024,
OPTIDX,NIFTY,21-Mar-2024,23350,CE,0,0,0,61.05,34.55,0,0,100,0,19-FEB-2024,
OPTIDX,NIFTY,21-Mar-2024,23400,CE,0,0,0,50.3,30.4,0,0,0,0,19-FEB-2024,
OPTIDX,NIFTY,21-Mar-2024,23450,CE,0,0,0,45.65,26.7,0,0,0,0,19-FEB-2024,
OPTIDX,NIFTY,21-Mar-2024,23500,CE,0,0,0,41.35,23.4,0,0,0,0,19-FEB-2024,
OPTIDX,NIFTY,21-Mar-2024,23550,CE,0,0,0,37.45,20.45,0,0,0,0,19-FEB-2024,
OPTIDX,NIFTY,21-Mar-2024,23600,CE,0,0,0,33.85,17.8,0,0,0,0,19-FEB-2024,
OPTIDX,NIFTY,21-Mar-2024,23650,CE,0,0,0,30.5,15.5,0,0,0,0,19-FEB-2024,
OPTIDX,NIFTY,21-Mar-2024,23700,CE,0,0,0,27.5,13.45,0,0,0,0,19-FEB-2024,
OPTIDX,NIFTY,21-Mar-2024,23750,CE,26,26,26,26,11.65,1,11.88,50,50,19-FEB-2024,
OPTIDX,NIFTY,21-Mar-2024,23800,CE,0,0,0,22.25,10.05,0,0,0,0,19-FEB-2024,
OPTIDX,NIFTY,21-Mar-2024,20150,PE,0,0,0,8.95,0.7,0,0,0,0,19-FEB-2024,
OPTIDX,NIFTY,21-Mar-2024,20200,PE,0,0,0,10.3,0.9,0,0,0,0,19-FEB-2024,
OPTIDX,NIFTY,21-Mar-2024,20250,PE,0,0,0,11.85,1.1,0,0,0,0,19-FEB-2024,
OPTIDX,NIFTY,21-Mar-2024,20300,PE,0,0,0,13.6,1.35,0,0,0,0,19-FEB-2024,
OPTIDX,NIFTY,21-Mar-2024,20350,PE,0,0,0,15.55,1.7,0,0,0,0,19-FEB-2024,
OPTIDX,NIFTY,21-Mar-2024,20400,PE,0,0,0,17.75,2.1,0,0,0,0,19-FEB-2024,
OPTIDX,NIFTY,21-Mar-2024,20450,PE,0,0,0,20.2,2.55,0,0,0,0,19-FEB-2024,
OPTIDX,NIFTY,21-Mar-2024,20500,PE,0,0,0,22.95,3.1,0,0,0,0,19-FEB-2024,
OPTIDX,NIFTY,21-Mar-2024,20550,PE,0,0,0,26,3.75,0,0,0,0,19-FEB-2024,
OPTIDX,NIFTY,21-Mar-2024,20600,PE,0,0,0,29.35,4.55,0,0,0,0,19-FEB-2024,
OPTIDX,NIFTY,21-Mar-2024,20650,PE,0,0,0,33.05,5.5,0,0,0,0,19-FEB-2024,
OPTIDX,NIFTY,21-Mar-2024,20700,PE,0,0,0,37.2,6.6,0,0,0,0,19-FEB-2024,
OPTIDX,NIFTY,21-Mar-2024,20750,PE,0,0,0,41.7,7.9,0,0,0,0,19-FEB-2024,
OPTIDX,NIFTY,21-Mar-2024,20800,PE,0,0,0,46.65,9.4,0,0,0,0,19-FEB-2024,
OPTIDX,NIFTY,21-Mar-2024,20850,PE,0,0,0,52.05,11.15,0,0,0,0,19-FEB-2024,
OPTIDX,NIFTY,21-Mar-2024,20900,PE,0,0,0,58,13.15,0,0,0,0,19-FEB-2024,
OPTIDX,NIFTY,21-Mar-2024,20950,PE,0,0,0,64.4,15.45,0,0,0,0,19-FEB-2024,
OPTIDX,NIFTY,21-Mar-2024,21000,PE,64.25,67,59,65.05,65.05,108,1137.4,3300,3300,19-FEB-2024,
OPTIDX,NIFTY,21-Mar-2024,21050,PE,0,0,0,79,21.15,0,0,0,0,19-FEB-2024,
OPTIDX,NIFTY,21-Mar-2024,21100,PE,0,0,0,87.2,24.55,0,0,0,0,19-FEB-2024,
OPTIDX,NIFTY,21-Mar-2024,21150,PE,0,0,0,96.05,28.45,0,0,0,0,19-FEB-2024,
OPTIDX,NIFTY,21-Mar-2024,21200,PE,0,0,0,105.6,32.85,0,0,0,0,19-FEB-2024,
OPTIDX,NIFTY,21-Mar-2024,21250,PE,0,0,0,115.85,37.8,0,0,0,0,19-FEB-2024,
OPTIDX,NIFTY,21-Mar-2024,21300,PE,71.65,71.65,71.65,71.65,43.3,30,320.57,1750,1500,19-FEB-2024,
OPTIDX,NIFTY,21-Mar-2024,21350,PE,0,0,0,138.55,49.45,0,0,0,0,19-FEB-2024,
OPTIDX,NIFTY,21-Mar-2024,21400,PE,0,0,0,151.85,56.3,0,0,0,0,19-FEB-2024,
OPTIDX,NIFTY,21-Mar-2024,21450,PE,0,0,0,164.25,63.9,0,0,0,0,19-FEB-2024,
OPTIDX,NIFTY,21-Mar-2024,21500,PE,120,130.65,100,129.9,129.9,85,919.14,2500,2350,19-FEB-2024,
OPTIDX,NIFTY,21-Mar-2024,21550,PE,0,0,0,193.45,81.4,0,0,0,0,19-FEB-2024,
OPTIDX,NIFTY,21-Mar-2024,21600,PE,0,0,0,164.65,91.5,0,0,2400,0,19-FEB-2024,
OPTIDX,NIFTY,21-Mar-2024,21650,PE,153.75,161.85,153.75,161.85,102.45,13,141.76,550,450,19-FEB-2024,
OPTIDX,NIFTY,21-Mar-2024,21700,PE,200,200,160.05,160.5,114.4,47,513.85,2900,-50,19-FEB-2024,
OPTIDX,NIFTY,21-Mar-2024,21750,PE,205.55,205.55,205.55,205.55,127.35,10,109.77,1150,250,19-FEB-2024,
OPTIDX,NIFTY,21-Mar-2024,21800,PE,210.2,223.65,192,201.4,201.4,34,374,1050,550,19-FEB-2024,
OPTIDX,NIFTY,21-Mar-2024,21850,PE,0,0,0,302.95,156.45,0,0,0,0,19-FEB-2024,
OPTIDX,NIFTY,21-Mar-2024,21900,PE,230.75,230.75,222.2,223,172.65,5,55.31,500,100,19-FEB-2024,
OPTIDX,NIFTY,21-Mar-2024,21950,PE,0,0,0,347.05,190,0,0,0,0,19-FEB-2024,
OPTIDX,NIFTY,21-Mar-2024,22000,PE,273.15,287.55,243.25,265,265,36,400.65,1150,850,19-FEB-2024,
OPTIDX,NIFTY,21-Mar-2024,22050,PE,272.15,285.8,272.15,284.3,228.2,5,55.82,150,50,19-FEB-2024,
OPTIDX,NIFTY,21-Mar-2024,22100,PE,350,350,276.3,302.85,302.85,88,985.6,3500,3450,19-FEB-2024,
OPTIDX,NIFTY,21-Mar-2024,22150,PE,323,323,290.7,290.7,271.3,4,44.91,100,100,19-FEB-2024,
OPTIDX,NIFTY,21-Mar-2024,22200,PE,310.6,310.6,308.25,308.25,294.65,2,22.5,100,100,19-FEB-2024,
OPTIDX,NIFTY,21-Mar-2024,22250,PE,388.65,388.65,376.15,376.15,319.25,6,67.9,300,300,19-FEB-2024,
OPTIDX,NIFTY,21-Mar-2024,22300,PE,0,0,0,531.85,345.1,0,0,0,0,19-FEB-2024,
OPTIDX,NIFTY,21-Mar-2024,22350,PE,0,0,0,562.1,372.2,0,0,0,0,19-FEB-2024,
OPTIDX,NIFTY,21-Mar-2024,22400,PE,0,0,0,593.25,400.45,0,0,0,0,19-FEB-2024,
OPTIDX,NIFTY,21-Mar-2024,22450,PE,0,0,0,625.3,429.95,0,0,0,0,19-FEB-2024,
OPTIDX,NIFTY,21-Mar-2024,22500,PE,544.7,544.7,490.2,492,492,24,275.93,1150,1150,19-FEB-2024,
OPTIDX,NIFTY,21-Mar-2024,22550,PE,0,0,0,692,492.45,0,0,0,0,19-FEB-2024,
OPTIDX,NIFTY,21-Mar-2024,22600,PE,0,0,0,726.65,525.4,0,0,0,0,19-FEB-2024,
OPTIDX,NIFTY,21-Mar-2024,22650,PE,0,0,0,762.1,559.45,0,0,0,0,19-FEB-2024,
OPTIDX,NIFTY,21-Mar-2024,22700,PE,0,0,0,798.35,594.55,0,0,0,0,19-FEB-2024,
OPTIDX,NIFTY,21-Mar-2024,22750,PE,0,0,0,836.4,630.65,0,0,0,0,19-FEB-2024,
OPTIDX,NIFTY,21-Mar-2024,22800,PE,0,0,0,873.35,667.8,0,0,0,0,19-FEB-2024,
OPTIDX,NIFTY,21-Mar-2024,22850,PE,0,0,0,911.85,705.85,0,0,0,0,19-FEB-2024,
OPTIDX,NIFTY,21-Mar-2024,22900,PE,0,0,0,951.05,744.8,0,0,0,0,19-FEB-2024,
OPTIDX,NIFTY,21-Mar-2024,22950,PE,0,0,0,990.9,784.65,0,0,0,0,19-FEB-2024,
OPTIDX,NIFTY,21-Mar-2024,23000,PE,0,0,0,1031.4,825.25,0,0,0,0,19-FEB-2024,
OPTIDX,NIFTY,21-Mar-2024,23050,PE,0,0,0,1072.5,866.7,0,0,0,0,19-FEB-2024,
OPTIDX,NIFTY,21-Mar-2024,23100,PE,0,0,0,1114.2,908.8,0,0,0,0,19-FEB-2024,
OPTIDX,NIFTY,21-Mar-2024,23150,PE,0,0,0,1156.45,951.65,0,0,0,0,19-FEB-2024,
OPTIDX,NIFTY,21-Mar-2024,23200,PE,0,0,0,1199.2,995.1,0,0,0,0,19-FEB-2024,
OPTIDX,NIFTY,21-Mar-2024,23250,PE,0,0,0,1242.45,1039.1,0,0,0,0,19-FEB-2024,
OPTIDX,NIFTY,21-Mar-2024,23300,PE,0,0,0,1286.2,1083.7,0,0,0,0,19-FEB-2024,
OPTIDX,NIFTY,21-Mar-2024,23350,PE,0,0,0,1330.4,1128.8,0,0,0,0,19-FEB-2024,
OPTIDX,NIFTY,21-Mar-2024,23400,PE,0,0,0,1375,1174.4,0,0,0,0,19-FEB-2024,
OPTIDX,NIFTY,21-Mar-2024,23450,PE,0,0,0,1420,1220.4,0,0,0,0,19-FEB-2024,
OPTIDX,NIFTY,21-Mar-2024,23500,PE,0,0,0,1465.35,1266.8,0,0,0,0,19-FEB-2024,
OPTIDX,NIFTY,21-Mar-2024,23550,PE,0,0,0,1511.05,1313.55,0,0,0,0,19-FEB-2024,
OPTIDX,NIFTY,21-Mar-2024,23600,PE,0,0,0,1557.1,1360.65,0,0,0,0,19-FEB-2024,
OPTIDX,NIFTY,21-Mar-2024,23650,PE,0,0,0,1603.45,1408.05,0,0,0,0,19-FEB-2024,
OPTIDX,NIFTY,21-Mar-2024,23700,PE,0,0,0,1650.1,1455.7,0,0,0,0,19-FEB-2024,
OPTIDX,NIFTY,21-Mar-2024,23750,PE,0,0,0,1696.95,1503.6,0,0,0,0,19-FEB-2024,
OPTIDX,NIFTY,21-Mar-2024,23800,PE,0,0,0,1744.1,1551.75,0,0,0,0,19-FEB-2024,
OPTIDX,NIFTY,28-Mar-2024,14000,CE,8100,8100,8100,8100,8100,1,11.05,322000,50,19-FEB-2024,
OPTIDX,NIFTY,28-Mar-2024,15000,CE,7200,7200,7200,7200,7200,1,11.1,25150,0,19-FEB-2024,
OPTIDX,NIFTY,28-Mar-2024,16000,CE,6205,6255,6205,6255,6255,4,44.45,39600,-100,19-FEB-2024,
OPTIDX,NIFTY,28-Mar-2024,17000,CE,5199,5317,5199,5226.55,5226.55,86,956.9,144550,4300,19-FEB-2024,
OPTIDX,NIFTY,28-Mar-2024,18000,CE,4204.2,4359.75,4152.45,4283.15,4283.15,144,1602.99,661850,-4200,19-FEB-2024,
OPTIDX,NIFTY,28-Mar-2024,19000,CE,3245,3364.25,3180,3304.45,3304.45,210,2342.31,474750,3150,19-FEB-2024,
OPTIDX,NIFTY,28-Mar-2024,19500,CE,2735,2869.2,2718,2780.3,2780.3,102,1137.53,13850,3800,19-FEB-2024,
OPTIDX,NIFTY,28-Mar-2024,19550,CE,0,0,0,2607.5,2709.25,0,0,0,0,19-FEB-2024,
OPTIDX,NIFTY,28-Mar-2024,19600,CE,0,0,0,2610,2659.65,0,0,300,0,19-FEB-2024,
OPTIDX,NIFTY,28-Mar-2024,19650,CE,0,0,0,2284.4,2610.05,0,0,50,0,19-FEB-2024,
OPTIDX,NIFTY,28-Mar-2024,19700,CE,0,0,0,2530,2560.45,0,0,1200,0,19-FEB-2024,
OPTIDX,NIFTY,28-Mar-2024,19750,CE,0,0,0,2221.2,2510.85,0,0,50,0,19-FEB-2024,
OPTIDX,NIFTY,28-Mar-2024,19800,CE,2540,2540,2540,2540,2540,2,22.34,1050,100,19-FEB-2024,
OPTIDX,NIFTY,28-Mar-2024,19850,CE,0,0,0,2330.25,2411.75,0,0,0,0,19-FEB-2024,
OPTIDX,NIFTY,28-Mar-2024,19900,CE,0,0,0,1950,2362.2,0,0,350,0,19-FEB-2024,
OPTIDX,NIFTY,28-Mar-2024,19950,CE,0,0,0,2018.15,2312.7,0,0,50,0,19-FEB-2024,
OPTIDX,NIFTY,28-Mar-2024,20000,CE,2268.1,2400.1,2205,2312.85,2312.85,541,6040.36,462800,2000,19-FEB-2024,
OPTIDX,NIFTY,28-Mar-2024,20050,CE,0,0,0,2149.85,2213.75,0,0,0,0,19-FEB-2024,
OPTIDX,NIFTY,28-Mar-2024,20100,CE,2270,2270,2270,2270,2164.35,1,11.18,1100,50,19-FEB-2024,
OPTIDX,NIFTY,28-Mar-2024,20150,CE,0,0,0,2034,2115,0,0,50,0,19-FEB-2024,
OPTIDX,NIFTY,28-Mar-2024,20200,CE,2175,2175,2175,2175,2065.7,1,11.18,1000,50,19-FEB-2024,
OPTIDX,NIFTY,28-Mar-2024,20250,CE,0,0,0,1955.8,2016.45,0,0,50,0,19-FEB-2024,
OPTIDX,NIFTY,28-Mar-2024,20300,CE,0,0,0,1736.3,1967.3,0,0,700,0,19-FEB-2024,
OPTIDX,NIFTY,28-Mar-2024,20350,CE,0,0,0,1339.55,1918.2,0,0,400,0,19-FEB-2024,
OPTIDX,NIFTY,28-Mar-2024,20400,CE,1834.25,1877,1834.25,1877,1869.25,7,77.84,1950,250,19-FEB-2024,
OPTIDX,NIFTY,28-Mar-2024,20450,CE,0,0,0,1208.75,1820.35,0,0,100,0,19-FEB-2024,
OPTIDX,NIFTY,28-Mar-2024,20500,CE,1780.05,1907.7,1725.05,1828.1,1828.1,93,1039.38,81350,2800,19-FEB-2024,
OPTIDX,NIFTY,28-Mar-2024,20550,CE,0,0,0,1600.3,1723.05,0,0,1150,0,19-FEB-2024,
OPTIDX,NIFTY,28-Mar-2024,20600,CE,1679.45,1735,1679.45,1735,1735,4,44.6,5850,0,19-FEB-2024,
OPTIDX,NIFTY,28-Mar-2024,20650,CE,0,0,0,1552.6,1626.35,0,0,650,0,19-FEB-2024,
OPTIDX,NIFTY,28-Mar-2024,20700,CE,1592.45,1700,1592.45,1700,1578.3,2,22.34,3050,100,19-FEB-2024,
OPTIDX,NIFTY,28-Mar-2024,20750,CE,0,0,0,1156.35,1530.5,0,0,2850,0,19-FEB-2024,
OPTIDX,NIFTY,28-Mar-2024,20800,CE,1600,1625,1554.65,1554.65,1554.65,25,280.06,4750,1050,19-FEB-2024,
OPTIDX,NIFTY,28-Mar-2024,20850,CE,0,0,0,1249.6,1435.7,0,0,350,0,19-FEB-2024,
OPTIDX,NIFTY,28-Mar-2024,20900,CE,0,0,0,1402.85,1388.75,0,0,2450,0,19-FEB-2024,
OPTIDX,NIFTY,28-Mar-2024,20950,CE,0,0,0,1127.65,1342.1,0,0,650,0,19-FEB-2024,
OPTIDX,NIFTY,28-Mar-2024,21000,CE,1326.35,1465,1276.75,1385.45,1385.45,1621,18137.76,1209350,5350,19-FEB-2024,
OPTIDX,NIFTY,28-Mar-2024,21050,CE,0,0,0,1263.9,1250.05,0,0,2450,0,19-FEB-2024,
OPTIDX,NIFTY,28-Mar-2024,21100,CE,1228.35,1363.05,1190,1295.3,1295.3,39,437.14,6500,150,19-FEB-2024,
OPTIDX,NIFTY,28-Mar-2024,21150,CE,1270.25,1325.7,1270.25,1310.85,1159.75,6,67.35,700,0,19-FEB-2024,
OPTIDX,NIFTY,28-Mar-2024,21200,CE,1170,1265,1115,1203.85,1203.85,31,347.05,32650,300,19-FEB-2024,
OPTIDX,NIFTY,28-Mar-2024,21250,CE,0,0,0,932.9,1071.5,0,0,2350,0,19-FEB-2024,
OPTIDX,NIFTY,28-Mar-2024,21300,CE,1089.95,1167.3,1026.5,1137,1028.25,22,246.59,27150,-500,19-FEB-2024,
OPTIDX,NIFTY,28-Mar-2024,21350,CE,0,0,0,999,985.65,0,0,3300,0,19-FEB-2024,
OPTIDX,NIFTY,28-Mar-2024,21400,CE,980.7,1119.75,960,1036.4,1036.4,45,505.43,37450,-400,19-FEB-2024,
OPTIDX,NIFTY,28-Mar-2024,21450,CE,945.95,945.95,907.4,907.4,902.45,7,78.31,4650,0,19-FEB-2024,
OPTIDX,NIFTY,28-Mar-2024,21500,CE,949,1039,868,966.05,966.05,2030,22777.34,326900,-18850,19-FEB-2024,
OPTIDX,NIFTY,28-Mar-2024,21550,CE,895,990.8,895,990.8,822.3,9,101.16,4850,-100,19-FEB-2024,
OPTIDX,NIFTY,28-Mar-2024,21600,CE,842.75,964.2,796.9,881.7,881.7,194,2182.71,67850,-4350,19-FEB-2024,
OPTIDX,NIFTY,28-Mar-2024,21650,CE,820,909,811,846.15,846.15,15,168.73,5000,0,19-FEB-2024,
OPTIDX,NIFTY,28-Mar-2024,21700,CE,756.4,886.15,726.05,813.55,813.55,385,4332.63,84200,-850,19-FEB-2024,
OPTIDX,NIFTY,28-Mar-2024,21750,CE,743.3,840,698,762.55,762.55,18,202.69,10800,-150,19-FEB-2024,
OPTIDX,NIFTY,28-Mar-2024,21800,CE,707.25,808.9,657.6,737.05,737.05,1504,16954.35,118150,-1750,19-FEB-2024,
OPTIDX,NIFTY,28-Mar-2024,21850,CE,664.95,750,646.85,705.15,705.15,137,1545.15,10900,850,19-FEB-2024,
OPTIDX,NIFTY,28-Mar-2024,21900,CE,640.05,732.95,591.9,671.5,671.5,2094,23628.52,95300,-10800,19-FEB-2024,
OPTIDX,NIFTY,28-Mar-2024,21950,CE,609,697.15,561.1,632.05,632.05,196,2211.82,13150,-1250,19-FEB-2024,
OPTIDX,NIFTY,28-Mar-2024,22000,CE,579.95,666,530,604.05,604.05,10992,124254.61,1247700,-4200,19-FEB-2024,
OPTIDX,NIFTY,28-Mar-2024,22050,CE,538.05,629.65,499.45,568,568,487,5511.29,22950,900,19-FEB-2024,
OPTIDX,NIFTY,28-Mar-2024,22100,CE,514,599.85,470.1,539.15,539.15,4912,55601.43,128350,-9150,19-FEB-2024,
OPTIDX,NIFTY,28-Mar-2024,22150,CE,482.75,568.95,446,508.95,508.95,428,4853,13000,6450,19-FEB-2024,
OPTIDX,NIFTY,28-Mar-2024,22200,CE,456.85,536,416.05,478.35,478.35,5169,58635.86,221150,39450,19-FEB-2024,
OPTIDX,NIFTY,28-Mar-2024,22250,CE,428.55,502.65,393,452.55,452.55,147,1669.12,8900,2250,19-FEB-2024,
OPTIDX,NIFTY,28-Mar-2024,22300,CE,402,478.1,365,424.15,424.15,4479,50900.88,166100,26850,19-FEB-2024,
OPTIDX,NIFTY,28-Mar-2024,22350,CE,372,442.25,367,398.85,398.85,172,1957.71,7750,2550,19-FEB-2024,
OPTIDX,NIFTY,28-Mar-2024,22400,CE,354.2,420,317.1,373.75,373.75,2583,29417.26,88550,13600,19-FEB-2024,
OPTIDX,NIFTY,28-Mar-2024,22450,CE,327.75,388.05,297.55,346.25,346.25,281,3204.31,7700,-1650,19-FEB-2024,
OPTIDX,NIFTY,28-Mar-2024,22500,CE,314.95,368.9,275.55,324.05,324.05,15580,177832.7,786500,30850,19-FEB-2024,
OPTIDX,NIFTY,28-Mar-2024,22550,CE,283.4,343.95,256.85,301.55,301.55,746,8532.3,19000,-9350,19-FEB-2024,
OPTIDX,NIFTY,28-Mar-2024,22600,CE,260.45,319.4,235,279.8,279.8,2538,29039.62,97000,5600,19-FEB-2024,
OPTIDX,NIFTY,28-Mar-2024,22650,CE,242.15,295,220.3,256.85,256.85,136,1558.28,12850,750,19-FEB-2024,
OPTIDX,NIFTY,28-Mar-2024,22700,CE,224,274.6,201.35,239.85,239.85,3299,37849.03,124700,-16800,19-FEB-2024,
OPTIDX,NIFTY,28-Mar-2024,22750,CE,195.5,246.45,188,219.5,219.5,150,1722.8,16700,750,19-FEB-2024,
OPTIDX,NIFTY,28-Mar-2024,22800,CE,187.45,233.15,168.5,202.25,202.25,2998,34485.89,458350,21550,19-FEB-2024,
OPTIDX,NIFTY,28-Mar-2024,22850,CE,174.95,215,155.55,188.4,188.4,282,3249.49,20050,3250,19-FEB-2024,
OPTIDX,NIFTY,28-Mar-2024,22900,CE,158.45,197.45,143,171.95,171.95,2507,28919.07,168400,33950,19-FEB-2024,
OPTIDX,NIFTY,28-Mar-2024,22950,CE,147.7,182,134.9,154.35,154.35,157,1814.07,33000,0,19-FEB-2024,
OPTIDX,NIFTY,28-Mar-2024,23000,CE,135,169,122,146.3,146.3,28616,331239.55,1638050,105500,19-FEB-2024,
OPTIDX,NIFTY,28-Mar-2024,23050,CE,123.05,152.45,111.2,132.55,132.55,481,5576.38,20850,5100,19-FEB-2024,
OPTIDX,NIFTY,28-Mar-2024,23100,CE,111.95,139.25,100.8,120.1,120.1,2493,28949.85,147050,28350,19-FEB-2024,
OPTIDX,NIFTY,28-Mar-2024,23150,CE,101.75,127,94.25,111.2,111.2,488,5675.32,31750,7350,19-FEB-2024,
OPTIDX,NIFTY,28-Mar-2024,23200,CE,93.05,115.65,83.4,100.75,100.75,2278,26542.2,107650,7100,19-FEB-2024,
OPTIDX,NIFTY,28-Mar-2024,23250,CE,84,105.2,81.35,90.15,90.15,293,3420.12,7550,-600,19-FEB-2024,
OPTIDX,NIFTY,28-Mar-2024,23300,CE,77.55,95.7,69.4,83.3,83.3,2461,28776.78,139100,8350,19-FEB-2024,
OPTIDX,NIFTY,28-Mar-2024,23350,CE,71.1,87.15,69,75.4,75.4,211,2471.93,6900,300,19-FEB-2024,
OPTIDX,NIFTY,28-Mar-2024,23400,CE,64.5,79.45,58.5,68.6,68.6,1057,12404.54,52950,8200,19-FEB-2024,
OPTIDX,NIFTY,28-Mar-2024,23450,CE,53.1,72.1,53.1,64.35,64.35,485,5702.69,13650,2450,19-FEB-2024,
OPTIDX,NIFTY,28-Mar-2024,23500,CE,55.3,68.25,49.65,60.2,60.2,13731,161757.14,699950,91050,19-FEB-2024,
OPTIDX,NIFTY,28-Mar-2024,23550,CE,49.55,60.05,44.65,53.35,53.35,340,4012.73,9700,3200,19-FEB-2024,
OPTIDX,NIFTY,28-Mar-2024,23600,CE,45.2,54.95,40.3,48.5,48.5,1530,18091.49,48150,8800,19-FEB-2024,
OPTIDX,NIFTY,28-Mar-2024,23650,CE,41.75,49.7,37.55,45,45,175,2073.31,8200,2700,19-FEB-2024,
OPTIDX,NIFTY,28-Mar-2024,23700,CE,36.85,45,33.75,40,40,2482,29462.8,108750,35000,19-FEB-2024,
OPTIDX,NIFTY,28-Mar-2024,23750,CE,35,41.2,32,36.7,36.7,523,6220.5,7750,3450,19-FEB-2024,
OPTIDX,NIFTY,28-Mar-2024,23800,CE,32.6,38.35,28.65,34.35,34.35,2060,24549.45,52800,11150,19-FEB-2024,
OPTIDX,NIFTY,28-Mar-2024,23850,CE,30.55,35.55,26.35,31.3,31.3,1351,16132.23,20950,-1450,19-FEB-2024,
OPTIDX,NIFTY,28-Mar-2024,24000,CE,25.55,29.8,21.75,25.9,25.9,17036,204656.63,1095700,176200,19-FEB-2024,
OPTIDX,NIFTY,28-Mar-2024,25000,CE,8.3,9.5,7.65,8.25,8.25,1255,15692.94,378850,13200,19-FEB-2024,
OPTIDX,NIFTY,28-Mar-2024,26000,CE,6.55,6.7,5.65,6.05,6.05,226,2938.7,144700,50,19-FEB-2024,
OPTIDX,NIFTY,28-Mar-2024,27000,CE,3.55,4.5,3.3,4,4,42,567.08,33600,400,19-FEB-2024,
OPTIDX,NIFTY,28-Mar-2024,14000,PE,2.8,2.95,2.45,2.45,2.45,91,637.12,138200,-1900,19-FEB-2024,
OPTIDX,NIFTY,28-Mar-2024,15000,PE,2.5,2.5,2.5,2.5,2.5,1,7.5,9000,-50,19-FEB-2024,
OPTIDX,NIFTY,28-Mar-2024,16000,PE,4,4,3.4,3.45,3.45,71,568.12,136150,-1900,19-FEB-2024,
OPTIDX,NIFTY,28-Mar-2024,17000,PE,6.75,6.95,5.6,5.75,5.75,305,2593.43,319250,-850,19-FEB-2024,
OPTIDX,NIFTY,28-Mar-2024,18000,PE,8.5,8.7,7.25,8.15,8.15,522,4700.14,836700,-1950,19-FEB-2024,
OPTIDX,NIFTY,28-Mar-2024,19000,PE,10.5,11.8,10.5,11.45,11.45,3266,31045.07,1432750,15000,19-FEB-2024,
OPTIDX,NIFTY,28-Mar-2024,19500,PE,13.85,14.75,12.75,14.05,14.05,1032,10068.92,168150,2700,19-FEB-2024,
OPTIDX,NIFTY,28-Mar-2024,19550,PE,0,0,0,16.25,0.1,0,0,1200,0,19-FEB-2024,
OPTIDX,NIFTY,28-Mar-2024,19600,PE,0,0,0,4.75,0.15,0,0,17200,0,19-FEB-2024,
OPTIDX,NIFTY,28-Mar-2024,19650,PE,0,0,0,60,0.2,0,0,1350,0,19-FEB-2024,
OPTIDX,NIFTY,28-Mar-2024,19700,PE,15.8,16.15,12.9,15.3,15.3,521,5135.62,101300,700,19-FEB-2024,
OPTIDX,NIFTY,28-Mar-2024,19750,PE,0,0,0,51,0.3,0,0,750,0,19-FEB-2024,
OPTIDX,NIFTY,28-Mar-2024,19800,PE,16.5,17,15.2,16.6,16.6,607,6014.16,173400,-2000,19-FEB-2024,
OPTIDX,NIFTY,28-Mar-2024,19850,PE,0,0,0,66.85,0.5,0,0,200,0,19-FEB-2024,
OPTIDX,NIFTY,28-Mar-2024,19900,PE,19.45,19.8,16.9,18.65,18.65,1103,10984.81,225950,-1300,19-FEB-2024,
OPTIDX,NIFTY,28-Mar-2024,19950,PE,0,0,0,52,0.75,0,0,0,0,19-FEB-2024,
OPTIDX,NIFTY,28-Mar-2024,20000,PE,22,26.65,20.2,22.8,22.8,10584,105955.47,2602400,-69300,19-FEB-2024,
OPTIDX,NIFTY,28-Mar-2024,20050,PE,23,23.2,20.9,22.9,22.9,123,1234.4,5050,850,19-FEB-2024,
OPTIDX,NIFTY,28-Mar-2024,20100,PE,23.4,24.35,21.15,23.45,23.45,1359,13673.3,263650,2900,19-FEB-2024,
OPTIDX,NIFTY,28-Mar-2024,20150,PE,0,0,0,49.6,1.65,0,0,2000,0,19-FEB-2024,
OPTIDX,NIFTY,28-Mar-2024,20200,PE,27,27.9,24.2,27.25,27.25,3812,38550.54,352150,24550,19-FEB-2024,
OPTIDX,NIFTY,28-Mar-2024,20250,PE,0,0,0,51.1,2.4,0,0,100,0,19-FEB-2024,
OPTIDX,NIFTY,28-Mar-2024,20300,PE,29.7,31.1,26.95,29.6,29.6,3944,40088.41,224800,4450,19-FEB-2024,
OPTIDX,NIFTY,28-Mar-2024,20350,PE,0,0,0,65.5,3.45,0,0,7550,0,19-FEB-2024,
OPTIDX,NIFTY,28-Mar-2024,20400,PE,35.65,36.35,31.4,33.95,33.95,2809,28698.46,295900,12400,19-FEB-2024,
OPTIDX,NIFTY,28-Mar-2024,20450,PE,0,0,0,104,4.9,0,0,1150,0,19-FEB-2024,
OPTIDX,NIFTY,28-Mar-2024,20500,PE,40.5,44.5,38.4,41.1,41.1,10025,102959.56,1161150,-14450,19-FEB-2024,
OPTIDX,NIFTY,28-Mar-2024,20550,PE,0,0,0,80.6,6.9,0,0,3700,0,19-FEB-2024,
OPTIDX,NIFTY,28-Mar-2024,20600,PE,46.2,49.95,42.4,45.05,45.05,2955,30502.33,231600,6900,19-FEB-2024,
OPTIDX,NIFTY,28-Mar-2024,20650,PE,49,50.65,46.15,48.1,48.1,476,4926.05,13300,4100,19-FEB-2024,
OPTIDX,NIFTY,28-Mar-2024,20700,PE,50,56.2,48.45,51.65,51.65,2529,26239.68,217850,1000,19-FEB-2024,
OPTIDX,NIFTY,28-Mar-2024,20750,PE,56,60.25,52.4,55.15,55.15,385,4004.92,18350,800,19-FEB-2024,
OPTIDX,NIFTY,28-Mar-2024,20800,PE,61.2,64.9,55.05,58.9,58.9,2858,29806.68,284950,9350,19-FEB-2024,
OPTIDX,NIFTY,28-Mar-2024,20850,PE,0,0,0,137.7,17.45,0,0,9350,0,19-FEB-2024,
OPTIDX,NIFTY,28-Mar-2024,20900,PE,70.55,75.45,63.9,67.9,67.9,1484,15557.8,138950,-8300,19-FEB-2024,
OPTIDX,NIFTY,28-Mar-2024,20950,PE,75.45,80,69.15,73.25,73.25,311,3269.02,22550,250,19-FEB-2024,
OPTIDX,NIFTY,28-Mar-2024,21000,PE,81,90,75.1,80.2,80.2,24930,262761.05,3414500,-32800,19-FEB-2024,
OPTIDX,NIFTY,28-Mar-2024,21050,PE,87.25,90.3,78.85,83.4,83.4,184,1944.17,30400,1450,19-FEB-2024,
OPTIDX,NIFTY,28-Mar-2024,21100,PE,92,100.7,83.75,89.85,89.85,1616,17121.04,109950,-8350,19-FEB-2024,
OPTIDX,NIFTY,28-Mar-2024,21150,PE,101,106.5,88.8,94.5,94.5,152,1614.64,11100,2450,19-FEB-2024,
OPTIDX,NIFTY,28-Mar-2024,21200,PE,104.05,114.05,94.25,101.3,101.3,3772,40174.41,155050,-17100,19-FEB-2024,
OPTIDX,NIFTY,28-Mar-2024,21250,PE,113.1,122.8,100.9,105.7,105.7,758,8094,20900,-3350,19-FEB-2024,
OPTIDX,NIFTY,28-Mar-2024,21300,PE,118.55,130.3,106.75,114.85,114.85,5758,61648.56,342250,-72150,19-FEB-2024,
OPTIDX,NIFTY,28-Mar-2024,21350,PE,128.75,140.35,114.95,123.8,123.8,341,3661.1,26600,2850,19-FEB-2024,
OPTIDX,NIFTY,28-Mar-2024,21400,PE,134.55,150,122,131.4,131.4,2395,25782.86,174750,15350,19-FEB-2024,
OPTIDX,NIFTY,28-Mar-2024,21450,PE,151.5,162.2,131.7,141.8,141.8,244,2634.3,11600,3600,19-FEB-2024,
OPTIDX,NIFTY,28-Mar-2024,21500,PE,165.55,173.95,140.4,151.75,151.75,19110,206897.63,1200400,95700,19-FEB-2024,
OPTIDX,NIFTY,28-Mar-2024,21550,PE,170.2,182,151.3,162.7,162.7,249,2703.23,9650,650,19-FEB-2024,
OPTIDX,NIFTY,28-Mar-2024,21600,PE,179.55,197.65,159.25,171.85,171.85,3551,38658.72,246100,47600,19-FEB-2024,
OPTIDX,NIFTY,28-Mar-2024,21650,PE,194.45,211.15,172,184.7,184.7,156,1702.99,12400,-800,19-FEB-2024,
OPTIDX,NIFTY,28-Mar-2024,21700,PE,200.15,225.9,183,197.35,197.35,3784,41430.7,217100,18450,19-FEB-2024,
OPTIDX,NIFTY,28-Mar-2024,21750,PE,222.8,240.5,195,210.8,210.8,229,2514.49,26800,2000,19-FEB-2024,
OPTIDX,NIFTY,28-Mar-2024,21800,PE,241.95,257.5,207.5,224.65,224.65,5438,59881.97,323350,39250,19-FEB-2024,
OPTIDX,NIFTY,28-Mar-2024,21850,PE,251.6,268.55,221,239.35,239.35,140,1546.13,19100,350,19-FEB-2024,
OPTIDX,NIFTY,28-Mar-2024,21900,PE,271.3,292.45,235.55,255.05,255.05,4444,49229.71,187450,-22650,19-FEB-2024,
OPTIDX,NIFTY,28-Mar-2024,21950,PE,283,306.85,250.65,267.85,267.85,158,1755.06,11700,1400,19-FEB-2024,
OPTIDX,NIFTY,28-Mar-2024,22000,PE,319.45,329,263.55,287.25,287.25,24793,276292.68,1723200,221600,19-FEB-2024,
OPTIDX,NIFTY,28-Mar-2024,22050,PE,320.05,349,281,303.35,303.35,311,3476.91,16000,-100,19-FEB-2024,
OPTIDX,NIFTY,28-Mar-2024,22100,PE,330,368,298.25,324.1,324.1,6207,69592.52,135300,35300,19-FEB-2024,
OPTIDX,NIFTY,28-Mar-2024,22150,PE,362.25,385,316.3,341.7,341.7,811,9118.01,15350,3050,19-FEB-2024,
OPTIDX,NIFTY,28-Mar-2024,22200,PE,391.75,413.1,333.25,361.9,361.9,5351,60361.03,146550,45400,19-FEB-2024,
OPTIDX,NIFTY,28-Mar-2024,22250,PE,404.45,431.75,352.8,385.15,385.15,784,8873.18,16050,5400,19-FEB-2024,
OPTIDX,NIFTY,28-Mar-2024,22300,PE,435,460,373.15,405.5,405.5,3223,36578.25,84850,43300,19-FEB-2024,
OPTIDX,NIFTY,28-Mar-2024,22350,PE,450.45,482.9,397.5,425.4,425.4,135,1537.26,8350,3100,19-FEB-2024,
OPTIDX,NIFTY,28-Mar-2024,22400,PE,469.95,494,415.95,454.4,454.4,841,9604.62,36950,14800,19-FEB-2024,
OPTIDX,NIFTY,28-Mar-2024,22450,PE,493.1,535.05,447.65,482.9,482.9,124,1421.1,6450,2400,19-FEB-2024,
OPTIDX,NIFTY,28-Mar-2024,22500,PE,520,570,463.3,504.35,504.35,4453,51206.96,355400,48850,19-FEB-2024,
OPTIDX,NIFTY,28-Mar-2024,22550,PE,552.95,595.2,492.9,533.55,533.55,228,2629.39,14300,9050,19-FEB-2024,
OPTIDX,NIFTY,28-Mar-2024,22600,PE,576.95,624,512.25,560.05,560.05,554,6410.71,36850,5400,19-FEB-2024,
OPTIDX,NIFTY,28-Mar-2024,22650,PE,610.95,657,541.9,586,586,690,8008.39,34950,31350,19-FEB-2024,
OPTIDX,NIFTY,28-Mar-2024,22700,PE,639.95,687.05,568.3,608.65,608.65,167,1947.59,15800,750,19-FEB-2024,
OPTIDX,NIFTY,28-Mar-2024,22750,PE,673.95,719.05,622.95,622.95,638.95,16,187.32,8350,400,19-FEB-2024,
OPTIDX,NIFTY,28-Mar-2024,22800,PE,703.95,757.2,625,669.6,669.6,165,1936.94,15050,3150,19-FEB-2024,
OPTIDX,NIFTY,28-Mar-2024,22850,PE,718,718,662.95,704.25,704.25,125,1472.03,7650,5150,19-FEB-2024,
OPTIDX,NIFTY,28-Mar-2024,22900,PE,772.8,772.8,686,748.6,748.6,54,637.63,7450,1550,19-FEB-2024,
OPTIDX,NIFTY,28-Mar-2024,22950,PE,730,730,730,730,786.45,2,23.68,2650,100,19-FEB-2024,
OPTIDX,NIFTY,28-Mar-2024,23000,PE,852,909,753.3,815.85,815.85,2751,32747.21,279700,7000,19-FEB-2024,
OPTIDX,NIFTY,28-Mar-2024,23050,PE,0,0,0,963,865.2,0,0,2000,0,19-FEB-2024,
OPTIDX,NIFTY,28-Mar-2024,23100,PE,920.05,974.15,845.45,845.45,905.65,14,168.04,2150,100,19-FEB-2024,
OPTIDX,NIFTY,28-Mar-2024,23150,PE,0,0,0,1092.1,946.85,0,0,1100,0,19-FEB-2024,
OPTIDX,NIFTY,28-Mar-2024,23200,PE,1010,1060.5,900,960,960,25,302,3800,300,19-FEB-2024,
OPTIDX,NIFTY,28-Mar-2024,23250,PE,996.95,996.95,996.95,996.95,1031.15,1,12.12,1050,-50,19-FEB-2024,
OPTIDX,NIFTY,28-Mar-2024,23300,PE,1081.2,1081.2,1015,1023,1023,7,85.18,1550,150,19-FEB-2024,
OPTIDX,NIFTY,28-Mar-2024,23350,PE,1126.95,1126.95,1064.15,1064.15,1064.15,4,48.89,550,50,19-FEB-2024,
OPTIDX,NIFTY,28-Mar-2024,23400,PE,1104.65,1127,1104.65,1127,1162,4,49.04,850,150,19-FEB-2024,
OPTIDX,NIFTY,28-Mar-2024,23450,PE,0,0,0,1526.5,1206.6,0,0,150,0,19-FEB-2024,
OPTIDX,NIFTY,28-Mar-2024,23500,PE,1250.05,1280,1145,1216.75,1216.75,728,8986.07,44950,31200,19-FEB-2024,
OPTIDX,NIFTY,28-Mar-2024,23550,PE,1334.8,1334.8,1334.8,1334.8,1297.15,1,12.44,100,50,19-FEB-2024,
OPTIDX,NIFTY,28-Mar-2024,23600,PE,0,0,0,1581.9,1343.05,0,0,0,0,19-FEB-2024,
OPTIDX,NIFTY,28-Mar-2024,23650,PE,0,0,0,1621.9,1389.3,0,0,0,0,19-FEB-2024,
OPTIDX,NIFTY,28-Mar-2024,23700,PE,0,0,0,1662.25,1435.85,0,0,0,0,19-FEB-2024,
OPTIDX,NIFTY,28-Mar-2024,23750,PE,0,0,0,1702.95,1482.75,0,0,0,0,19-FEB-2024,
OPTIDX,NIFTY,28-Mar-2024,23800,PE,0,0,0,1744.05,1529.9,0,0,0,0,19-FEB-2024,
OPTIDX,NIFTY,28-Mar-2024,23850,PE,0,0,0,1785.45,1577.35,0,0,0,0,19-FEB-2024,
OPTIDX,NIFTY,28-Mar-2024,24000,PE,1725,1785,1594.7,1679.65,1679.65,1124,14413.89,289100,16050,19-FEB-2024,
OPTIDX,NIFTY,28-Mar-2024,25000,PE,2715,2729.8,2568,2646.3,2646.3,693,9564.89,441050,50,19-FEB-2024,
OPTIDX,NIFTY,28-Mar-2024,26000,PE,3640,3643,3560,3629.35,3629.35,31,458.99,9150,-650,19-FEB-2024,
OPTIDX,NIFTY,28-Mar-2024,27000,PE,4700,4700,4543.55,4575,4688.7,12,189.46,10150,600,19-FEB-2024,
OPTIDX,NIFTY,25-Apr-2024,19600,CE,0,0,0,2149.7,2762.05,0,0,0,0,19-FEB-2024,
OPTIDX,NIFTY,25-Apr-2024,19650,CE,0,0,0,2104.85,2712.95,0,0,0,0,19-FEB-2024,
OPTIDX,NIFTY,25-Apr-2024,19700,CE,0,0,0,2060.25,2663.95,0,0,0,0,19-FEB-2024,
OPTIDX,NIFTY,25-Apr-2024,19750,CE,0,0,0,2016,2615,0,0,0,0,19-FEB-2024,
OPTIDX,NIFTY,25-Apr-2024,19800,CE,0,0,0,1972,2566.1,0,0,0,0,19-FEB-2024,
OPTIDX,NIFTY,25-Apr-2024,19850,CE,0,0,0,1928.35,2517.25,0,0,0,0,19-FEB-2024,
OPTIDX,NIFTY,25-Apr-2024,19900,CE,0,0,0,1885,2468.45,0,0,0,0,19-FEB-2024,
OPTIDX,NIFTY,25-Apr-2024,19950,CE,0,0,0,1842,2419.8,0,0,0,0,19-FEB-2024,
OPTIDX,NIFTY,25-Apr-2024,20000,CE,2420.15,2529.75,2390,2460,2460,29,325.98,3650,600,19-FEB-2024,
OPTIDX,NIFTY,25-Apr-2024,20050,CE,0,0,0,1757.1,2322.7,0,0,0,0,19-FEB-2024,
OPTIDX,NIFTY,25-Apr-2024,20100,CE,0,0,0,1715.15,2274.3,0,0,0,0,19-FEB-2024,
OPTIDX,NIFTY,25-Apr-2024,20150,CE,0,0,0,1673.65,2226.05,0,0,0,0,19-FEB-2024,
OPTIDX,NIFTY,25-Apr-2024,20200,CE,0,0,0,1632.55,2177.9,0,0,0,0,19-FEB-2024,
OPTIDX,NIFTY,25-Apr-2024,20250,CE,0,0,0,1591.85,2129.9,0,0,0,0,19-FEB-2024,
OPTIDX,NIFTY,25-Apr-2024,20300,CE,0,0,0,1551.6,2082.1,0,0,0,0,19-FEB-2024,
OPTIDX,NIFTY,25-Apr-2024,20350,CE,0,0,0,1511.75,2034.4,0,0,0,0,19-FEB-2024,
OPTIDX,NIFTY,25-Apr-2024,20400,CE,0,0,0,1472.35,1986.95,0,0,0,0,19-FEB-2024,
OPTIDX,NIFTY,25-Apr-2024,20450,CE,0,0,0,1433.45,1939.65,0,0,0,0,19-FEB-2024,
OPTIDX,NIFTY,25-Apr-2024,20500,CE,2025,2026,2025,2026,1892.6,2,22.52,650,100,19-FEB-2024,
OPTIDX,NIFTY,25-Apr-2024,20550,CE,0,0,0,1357.05,1845.8,0,0,0,0,19-FEB-2024,
OPTIDX,NIFTY,25-Apr-2024,20600,CE,0,0,0,1319.6,1799.2,0,0,0,0,19-FEB-2024,
OPTIDX,NIFTY,25-Apr-2024,20650,CE,0,0,0,1282.65,1752.9,0,0,0,0,19-FEB-2024,
OPTIDX,NIFTY,25-Apr-2024,20700,CE,0,0,0,1247,1706.9,0,0,0,0,19-FEB-2024,
OPTIDX,NIFTY,25-Apr-2024,20750,CE,0,0,0,1211,1661.2,0,0,0,0,19-FEB-2024,
OPTIDX,NIFTY,25-Apr-2024,20800,CE,0,0,0,1174.75,1615.8,0,0,0,0,19-FEB-2024,
OPTIDX,NIFTY,25-Apr-2024,20850,CE,0,0,0,1139.95,1570.8,0,0,0,0,19-FEB-2024,
OPTIDX,NIFTY,25-Apr-2024,20900,CE,0,0,0,1105.75,1526.1,0,0,0,0,19-FEB-2024,
OPTIDX,NIFTY,25-Apr-2024,20950,CE,0,0,0,1072.05,1481.85,0,0,0,0,19-FEB-2024,
OPTIDX,NIFTY,25-Apr-2024,21000,CE,1525,1625.7,1466,1581.45,1438,61,688.56,31350,1100,19-FEB-2024,
OPTIDX,NIFTY,25-Apr-2024,21050,CE,0,0,0,1006.45,1394.6,0,0,0,0,19-FEB-2024,
OPTIDX,NIFTY,25-Apr-2024,21100,CE,0,0,0,974.55,1351.65,0,0,0,0,19-FEB-2024,
OPTIDX,NIFTY,25-Apr-2024,21150,CE,0,0,0,943.2,1309.15,0,0,0,0,19-FEB-2024,
OPTIDX,NIFTY,25-Apr-2024,21200,CE,0,0,0,912.45,1267.2,0,0,0,0,19-FEB-2024,
OPTIDX,NIFTY,25-Apr-2024,21250,CE,1328.05,1328.05,1328.05,1328.05,1225.75,1,11.28,250,50,19-FEB-2024,
OPTIDX,NIFTY,25-Apr-2024,21300,CE,0,0,0,852.8,1184.9,0,0,0,0,19-FEB-2024,
OPTIDX,NIFTY,25-Apr-2024,21350,CE,0,0,0,823.9,1144.55,0,0,0,0,19-FEB-2024,
OPTIDX,NIFTY,25-Apr-2024,21400,CE,0,0,0,878.3,1104.85,0,0,100,0,19-FEB-2024,
OPTIDX,NIFTY,25-Apr-2024,21450,CE,0,0,0,767.95,1065.75,0,0,0,0,19-FEB-2024,
OPTIDX,NIFTY,25-Apr-2024,21500,CE,1110.95,1237.15,1090,1166.8,1166.8,130,1473.42,24800,400,19-FEB-2024,
OPTIDX,NIFTY,25-Apr-2024,21550,CE,0,0,0,714.45,989.5,0,0,0,0,19-FEB-2024,
OPTIDX,NIFTY,25-Apr-2024,21600,CE,988.6,1140,988.6,1076,1076,35,397.63,3500,1250,19-FEB-2024,
OPTIDX,NIFTY,25-Apr-2024,21650,CE,0,0,0,663.45,915.9,0,0,0,0,19-FEB-2024,
OPTIDX,NIFTY,25-Apr-2024,21700,CE,950,1080,940,1025.3,1025.3,51,579.41,6000,200,19-FEB-2024,
OPTIDX,NIFTY,25-Apr-2024,21750,CE,0,0,0,840.3,845.2,0,0,600,0,19-FEB-2024,
OPTIDX,NIFTY,25-Apr-2024,21800,CE,870,1010,870,940,940,31,352.74,3300,50,19-FEB-2024,
OPTIDX,NIFTY,25-Apr-2024,21850,CE,889.95,932.1,889.95,932.1,777.5,2,22.76,150,0,19-FEB-2024,
OPTIDX,NIFTY,25-Apr-2024,21900,CE,925,950,910.25,950,744.8,11,125.53,5700,100,19-FEB-2024,
OPTIDX,NIFTY,25-Apr-2024,21950,CE,787.75,885.45,787.75,846,846,13,148.28,2000,350,19-FEB-2024,
OPTIDX,NIFTY,25-Apr-2024,22000,CE,772.8,876.05,738,823.35,823.35,1364,15570.25,108800,17550,19-FEB-2024,
OPTIDX,NIFTY,25-Apr-2024,22050,CE,786,832.2,786,822.25,651.45,6,68.54,650,0,19-FEB-2024,
OPTIDX,NIFTY,25-Apr-2024,22100,CE,714.6,809,680,762.8,762.8,324,3704.44,5350,1750,19-FEB-2024,
OPTIDX,NIFTY,25-Apr-2024,22150,CE,0,0,0,600.35,593.3,0,0,0,0,19-FEB-2024,
OPTIDX,NIFTY,25-Apr-2024,22200,CE,658,742,626.55,695.15,695.15,130,1488.77,6550,1600,19-FEB-2024,
OPTIDX,NIFTY,25-Apr-2024,22250,CE,0,0,0,540.35,538.45,0,0,50,0,19-FEB-2024,
OPTIDX,NIFTY,25-Apr-2024,22300,CE,589.05,687.65,589.05,638.9,638.9,76,871.81,2600,-1500,19-FEB-2024,
OPTIDX,NIFTY,25-Apr-2024,22350,CE,0,0,0,425,486.95,0,0,250,0,19-FEB-2024,
OPTIDX,NIFTY,25-Apr-2024,22400,CE,555.85,635,550,601,462.5,31,356.46,3300,600,19-FEB-2024,
OPTIDX,NIFTY,25-Apr-2024,22450,CE,0,0,0,342.1,438.8,0,0,0,0,19-FEB-2024,
OPTIDX,NIFTY,25-Apr-2024,22500,CE,487.35,568.8,458.9,527.2,527.2,1358,15638.84,133450,9400,19-FEB-2024,
OPTIDX,NIFTY,25-Apr-2024,22550,CE,0,0,0,441.3,394,0,0,50,0,19-FEB-2024,
OPTIDX,NIFTY,25-Apr-2024,22600,CE,444.35,505.9,421,472.2,472.2,12,138.35,1100,-100,19-FEB-2024,
OPTIDX,NIFTY,25-Apr-2024,22650,CE,0,0,0,418.85,352.4,0,0,100,0,19-FEB-2024,
OPTIDX,NIFTY,25-Apr-2024,22700,CE,430,462.25,430,455.6,332.85,10,115.78,1150,200,19-FEB-2024,
OPTIDX,NIFTY,25-Apr-2024,22750,CE,0,0,0,279.45,314.05,0,0,400,0,19-FEB-2024,
OPTIDX,NIFTY,25-Apr-2024,22800,CE,351,413.7,349.95,394.35,394.35,123,1426.07,6550,-300,19-FEB-2024,
OPTIDX,NIFTY,25-Apr-2024,22850,CE,0,0,0,235.4,278.8,0,0,0,0,19-FEB-2024,
OPTIDX,NIFTY,25-Apr-2024,22900,CE,370,375,362.95,362.95,262.3,5,58.17,1300,-150,19-FEB-2024,
OPTIDX,NIFTY,25-Apr-2024,22950,CE,0,0,0,212.35,246.55,0,0,0,0,19-FEB-2024,
OPTIDX,NIFTY,25-Apr-2024,23000,CE,287.95,340.7,267.8,315.3,315.3,2485,28965.62,229050,6950,19-FEB-2024,
OPTIDX,NIFTY,25-Apr-2024,23050,CE,0,0,0,191.9,217.2,0,0,0,0,19-FEB-2024,
OPTIDX,NIFTY,25-Apr-2024,23100,CE,285.7,285.7,269,269,269,2,23.37,1650,0,19-FEB-2024,
OPTIDX,NIFTY,25-Apr-2024,23150,CE,0,0,0,173.05,190.6,0,0,0,0,19-FEB-2024,
OPTIDX,NIFTY,25-Apr-2024,23200,CE,0,0,0,164.2,178.3,0,0,0,0,19-FEB-2024,
OPTIDX,NIFTY,25-Apr-2024,23250,CE,0,0,0,138,166.6,0,0,50,0,19-FEB-2024,
OPTIDX,NIFTY,25-Apr-2024,23300,CE,148.25,148.25,148.25,148.25,155.5,1,11.72,550,50,19-FEB-2024,
OPTIDX,NIFTY,25-Apr-2024,23350,CE,0,0,0,194.8,145.05,0,0,150,0,19-FEB-2024,
OPTIDX,NIFTY,25-Apr-2024,23400,CE,200,200,200,200,135.15,5,59,550,150,19-FEB-2024,
OPTIDX,NIFTY,25-Apr-2024,23450,CE,0,0,0,163,125.75,0,0,100,0,19-FEB-2024,
OPTIDX,NIFTY,25-Apr-2024,23500,CE,150.05,181.75,143.1,165.15,165.15,819,9691.31,80950,8450,19-FEB-2024,
OPTIDX,NIFTY,25-Apr-2024,23550,CE,174,182.75,174,182.75,108.6,12,142.35,750,0,19-FEB-2024,
OPTIDX,NIFTY,25-Apr-2024,23600,CE,125.1,145,125.1,144,144,13,154.31,2350,-200,19-FEB-2024,
OPTIDX,NIFTY,25-Apr-2024,23650,CE,0,0,0,112.95,93.45,0,0,850,0,19-FEB-2024,
OPTIDX,NIFTY,25-Apr-2024,23700,CE,117,140.95,111,128.85,128.85,165,1965.69,25900,2000,19-FEB-2024,
OPTIDX,NIFTY,25-Apr-2024,23750,CE,0,0,0,89.2,80.05,0,0,0,0,19-FEB-2024,
OPTIDX,NIFTY,25-Apr-2024,23800,CE,100,122.65,100,112.5,112.5,85,1016.15,3150,3150,19-FEB-2024,
OPTIDX,NIFTY,25-Apr-2024,19600,PE,30,32,29.5,31.95,31.95,18,176.67,3300,700,19-FEB-2024,
OPTIDX,NIFTY,25-Apr-2024,19650,PE,0,0,0,57.1,2.35,0,0,0,0,19-FEB-2024,
OPTIDX,NIFTY,25-Apr-2024,19700,PE,0,0,0,52.2,2.7,0,0,450,0,19-FEB-2024,
OPTIDX,NIFTY,25-Apr-2024,19750,PE,0,0,0,74,3.15,0,0,350,0,19-FEB-2024,
OPTIDX,NIFTY,25-Apr-2024,19800,PE,0,0,0,71.65,3.65,0,0,0,0,19-FEB-2024,
OPTIDX,NIFTY,25-Apr-2024,19850,PE,0,0,0,46,4.2,0,0,50,0,19-FEB-2024,
OPTIDX,NIFTY,25-Apr-2024,19900,PE,0,0,0,82.85,4.8,0,0,0,0,19-FEB-2024,
OPTIDX,NIFTY,25-Apr-2024,19950,PE,0,0,0,89,5.5,0,0,0,0,19-FEB-2024,
OPTIDX,NIFTY,25-Apr-2024,20000,PE,48,50,44.35,47.05,47.05,1493,14964.9,333650,7350,19-FEB-2024,
OPTIDX,NIFTY,25-Apr-2024,20050,PE,0,0,0,102.3,7.2,0,0,0,0,19-FEB-2024,
OPTIDX,NIFTY,25-Apr-2024,20100,PE,0,0,0,45.1,8.2,0,0,50,0,19-FEB-2024,
OPTIDX,NIFTY,25-Apr-2024,20150,PE,33,33,33,33,9.35,1,10.09,50,50,19-FEB-2024,
OPTIDX,NIFTY,25-Apr-2024,20200,PE,0,0,0,125.15,10.6,0,0,0,0,19-FEB-2024,
OPTIDX,NIFTY,25-Apr-2024,20250,PE,0,0,0,133.55,12,0,0,0,0,19-FEB-2024,
OPTIDX,NIFTY,25-Apr-2024,20300,PE,0,0,0,142.4,13.55,0,0,0,0,19-FEB-2024,
OPTIDX,NIFTY,25-Apr-2024,20350,PE,0,0,0,151.7,15.3,0,0,0,0,19-FEB-2024,
OPTIDX,NIFTY,25-Apr-2024,20400,PE,0,0,0,161.45,17.2,0,0,0,0,19-FEB-2024,
OPTIDX,NIFTY,25-Apr-2024,20450,PE,0,0,0,171.65,19.35,0,0,0,0,19-FEB-2024,
OPTIDX,NIFTY,25-Apr-2024,20500,PE,81.95,82.4,74.3,78.45,78.45,1543,15875.43,291700,27800,19-FEB-2024,
OPTIDX,NIFTY,25-Apr-2024,20550,PE,0,0,0,193.5,24.25,0,0,0,0,19-FEB-2024,
OPTIDX,NIFTY,25-Apr-2024,20600,PE,0,0,0,52.5,27.05,0,0,400,0,19-FEB-2024,
OPTIDX,NIFTY,25-Apr-2024,20650,PE,0,0,0,217.35,30.15,0,0,0,0,19-FEB-2024,
OPTIDX,NIFTY,25-Apr-2024,20700,PE,91.75,100,89.15,93.45,93.45,577,5998.64,41950,18200,19-FEB-2024,
OPTIDX,NIFTY,25-Apr-2024,20750,PE,0,0,0,243.95,37.2,0,0,0,0,19-FEB-2024,
OPTIDX,NIFTY,25-Apr-2024,20800,PE,110.45,110.45,98.85,103.65,103.65,280,2926.33,18400,10650,19-FEB-2024,
OPTIDX,NIFTY,25-Apr-2024,20850,PE,0,0,0,271.15,45.6,0,0,0,0,19-FEB-2024,
OPTIDX,NIFTY,25-Apr-2024,20900,PE,124,124,111.7,117.6,117.6,224,2353.48,12400,9600,19-FEB-2024,
OPTIDX,NIFTY,25-Apr-2024,20950,PE,0,0,0,301.5,55.45,0,0,0,0,19-FEB-2024,
OPTIDX,NIFTY,25-Apr-2024,21000,PE,143.25,144.1,126,132.7,132.7,2787,29446.54,299300,33500,19-FEB-2024,
OPTIDX,NIFTY,25-Apr-2024,21050,PE,0,0,0,334.1,67,0,0,0,0,19-FEB-2024,
OPTIDX,NIFTY,25-Apr-2024,21100,PE,155.05,156.95,138,146,146,50,531.33,5050,1550,19-FEB-2024,
OPTIDX,NIFTY,25-Apr-2024,21150,PE,126.1,126.1,126.1,126.1,80.35,1,10.63,250,0,19-FEB-2024,
OPTIDX,NIFTY,25-Apr-2024,21200,PE,159.35,184.25,155.05,162.85,162.85,275,2937.19,8200,6850,19-FEB-2024,
OPTIDX,NIFTY,25-Apr-2024,21250,PE,0,0,0,220.1,95.75,0,0,100,0,19-FEB-2024,
OPTIDX,NIFTY,25-Apr-2024,21300,PE,195,195,172.95,180.6,180.6,131,1406.81,6950,3150,19-FEB-2024,
OPTIDX,NIFTY,25-Apr-2024,21350,PE,0,0,0,230.5,113.3,0,0,150,0,19-FEB-2024,
OPTIDX,NIFTY,25-Apr-2024,21400,PE,205.55,218.85,191.6,202.4,202.4,71,766.81,6500,2000,19-FEB-2024,
OPTIDX,NIFTY,25-Apr-2024,21450,PE,0,0,0,330,133.3,0,0,150,0,19-FEB-2024,
OPTIDX,NIFTY,25-Apr-2024,21500,PE,230.65,244.1,213.35,225.2,225.2,1440,15640.94,142150,15900,19-FEB-2024,
OPTIDX,NIFTY,25-Apr-2024,21550,PE,254.1,254.1,242,242,155.8,2,21.79,1350,-50,19-FEB-2024,
OPTIDX,NIFTY,25-Apr-2024,21600,PE,264,270.35,237.3,250.85,250.85,115,1256.25,10150,-500,19-FEB-2024,
OPTIDX,NIFTY,25-Apr-2024,21650,PE,250,250.7,250,250.4,181,32,350.4,1400,200,19-FEB-2024,
OPTIDX,NIFTY,25-Apr-2024,21700,PE,285,301.5,257.05,276.95,276.95,69,758.21,9050,900,19-FEB-2024,
OPTIDX,NIFTY,25-Apr-2024,21750,PE,275,275,275,275,209.1,2,22.02,400,-100,19-FEB-2024,
OPTIDX,NIFTY,25-Apr-2024,21800,PE,322.75,331.5,290,304.35,304.35,195,2155.11,20200,4100,19-FEB-2024,
OPTIDX,NIFTY,25-Apr-2024,21850,PE,0,0,0,337.2,240.15,0,0,50,0,19-FEB-2024,
OPTIDX,NIFTY,25-Apr-2024,21900,PE,356.2,367.25,317.25,332.2,332.2,111,1233.99,8200,1700,19-FEB-2024,
OPTIDX,NIFTY,25-Apr-2024,21950,PE,368.8,368.8,331.9,348.55,274.35,4,44.59,650,50,19-FEB-2024,
OPTIDX,NIFTY,25-Apr-2024,22000,PE,419.4,419.4,345.45,367.85,367.85,2806,31377.03,223500,27850,19-FEB-2024,
OPTIDX,NIFTY,25-Apr-2024,22050,PE,358.5,366.4,358.5,366.4,311.7,15,168.11,1000,-150,19-FEB-2024,
OPTIDX,NIFTY,25-Apr-2024,22100,PE,420.7,430.5,379,403.75,403.75,256,2879.67,8600,7500,19-FEB-2024,
OPTIDX,NIFTY,25-Apr-2024,22150,PE,396,418.3,396,418.3,418.3,2,22.55,50,50,19-FEB-2024,
OPTIDX,NIFTY,25-Apr-2024,22200,PE,459.1,470,410,439.65,439.65,229,2591.19,7650,900,19-FEB-2024,
OPTIDX,NIFTY,25-Apr-2024,22250,PE,0,0,0,915.05,396.3,0,0,0,0,19-FEB-2024,
OPTIDX,NIFTY,25-Apr-2024,22300,PE,495.4,495.4,455,479.95,479.95,50,569.26,2100,850,19-FEB-2024,
OPTIDX,NIFTY,25-Apr-2024,22350,PE,0,0,0,979,443.6,0,0,0,0,19-FEB-2024,
OPTIDX,NIFTY,25-Apr-2024,22400,PE,540,573,494.45,515,515,46,527.05,2000,1350,19-FEB-2024,
OPTIDX,NIFTY,25-Apr-2024,22450,PE,0,0,0,1045.15,494.2,0,0,0,0,19-FEB-2024,
OPTIDX,NIFTY,25-Apr-2024,22500,PE,580.95,609,529.05,563.25,563.25,941,10852.82,65050,17900,19-FEB-2024,
OPTIDX,NIFTY,25-Apr-2024,22550,PE,0,0,0,1113.45,548.15,0,0,0,0,19-FEB-2024,
OPTIDX,NIFTY,25-Apr-2024,22600,PE,0,0,0,1148.4,576.4,0,0,0,0,19-FEB-2024,
OPTIDX,NIFTY,25-Apr-2024,22650,PE,0,0,0,1183.8,605.4,0,0,0,0,19-FEB-2024,
OPTIDX,NIFTY,25-Apr-2024,22700,PE,650,650,650,650,650,2,23.35,0,0,19-FEB-2024,
OPTIDX,NIFTY,25-Apr-2024,22750,PE,0,0,0,1256.1,665.8,0,0,0,0,19-FEB-2024,
OPTIDX,NIFTY,25-Apr-2024,22800,PE,780,780,680,723,723,10,117.65,250,250,19-FEB-2024,
OPTIDX,NIFTY,25-Apr-2024,22850,PE,0,0,0,1331.45,729.35,0,0,0,0,19-FEB-2024,
OPTIDX,NIFTY,25-Apr-2024,22900,PE,790,790,760,760,762.25,2,23.67,0,0,19-FEB-2024,
OPTIDX,NIFTY,25-Apr-2024,22950,PE,0,0,0,1406.65,795.9,0,0,0,0,19-FEB-2024,
OPTIDX,NIFTY,25-Apr-2024,23000,PE,870,896,792,837.9,837.9,214,2549.67,39600,2600,19-FEB-2024,
OPTIDX,NIFTY,25-Apr-2024,23050,PE,0,0,0,1484.45,865.35,0,0,0,0,19-FEB-2024,
OPTIDX,NIFTY,25-Apr-2024,23100,PE,0,0,0,1070.2,901.1,0,0,0,0,19-FEB-2024,
OPTIDX,NIFTY,25-Apr-2024,23150,PE,0,0,0,1563.8,937.5,0,0,0,0,19-FEB-2024,
OPTIDX,NIFTY,25-Apr-2024,23200,PE,0,0,0,1604.1,974.6,0,0,0,0,19-FEB-2024,
OPTIDX,NIFTY,25-Apr-2024,23250,PE,0,0,0,1644.75,1012.3,0,0,0,0,19-FEB-2024,
OPTIDX,NIFTY,25-Apr-2024,23300,PE,0,0,0,1685.75,1050.6,0,0,0,0,19-FEB-2024,
OPTIDX,NIFTY,25-Apr-2024,23350,PE,0,0,0,1727.15,1089.5,0,0,0,0,19-FEB-2024,
OPTIDX,NIFTY,25-Apr-2024,23400,PE,0,0,0,1768.85,1129,0,0,0,0,19-FEB-2024,
OPTIDX,NIFTY,25-Apr-2024,23450,PE,0,0,0,1810.85,1169.05,0,0,0,0,19-FEB-2024,
OPTIDX,NIFTY,25-Apr-2024,23500,PE,1270,1270,1155,1165.35,1165.35,22,271.55,1350,700,19-FEB-2024,
OPTIDX,NIFTY,25-Apr-2024,23550,PE,0,0,0,1895.9,1250.7,0,0,0,0,19-FEB-2024,
OPTIDX,NIFTY,25-Apr-2024,23600,PE,0,0,0,1938.85,1292.25,0,0,0,0,19-FEB-2024,
OPTIDX,NIFTY,25-Apr-2024,23650,PE,0,0,0,1982.1,1334.3,0,0,0,0,19-FEB-2024,
OPTIDX,NIFTY,25-Apr-2024,23700,PE,1310,1310,1310,1310,1376.75,1,12.5,150,0,19-FEB-2024,
OPTIDX,NIFTY,25-Apr-2024,23750,PE,0,0,0,2069.45,1419.7,0,0,0,0,19-FEB-2024,
OPTIDX,NIFTY,25-Apr-2024,23800,PE,0,0,0,2113.5,1463,0,0,0,0,19-FEB-2024,
OPTIDX,NIFTY,27-Jun-2024,15000,CE,0,0,0,4599.25,7475.85,0,0,50,0,19-FEB-2024,
OPTIDX,NIFTY,27-Jun-2024,16000,CE,0,0,0,2666.1,6499.45,0,0,0,0,19-FEB-2024,
OPTIDX,NIFTY,27-Jun-2024,17000,CE,0,0,0,5010.65,5523,0,0,50,0,19-FEB-2024,
OPTIDX,NIFTY,27-Jun-2024,18000,CE,4488,4545,4488,4545,4545,3,33.76,21150,150,19-FEB-2024,
OPTIDX,NIFTY,27-Jun-2024,18500,CE,0,0,0,3554.75,4059.7,0,0,2825,0,19-FEB-2024,
OPTIDX,NIFTY,27-Jun-2024,19000,CE,3545.3,3733.45,3525,3645.45,3645.45,80,904.72,116900,300,19-FEB-2024,
OPTIDX,NIFTY,27-Jun-2024,20000,CE,2740,2868.05,2685.95,2783.5,2783.5,132,1507.59,208850,4500,19-FEB-2024,
OPTIDX,NIFTY,27-Jun-2024,21000,CE,1949.95,2046.3,1884.1,1996.15,1996.15,962,11058.45,411750,36750,19-FEB-2024,
OPTIDX,NIFTY,27-Jun-2024,22000,CE,1263.15,1349.8,1210,1288.1,1288.1,1361,15852.25,401850,4550,19-FEB-2024,
OPTIDX,NIFTY,27-Jun-2024,23000,CE,717.4,774.85,673.8,738,738,1058,12553.45,794450,3850,19-FEB-2024,
OPTIDX,NIFTY,27-Jun-2024,24000,CE,355,393.4,338.8,376.2,376.2,1189,14489.68,362900,20550,19-FEB-2024,
OPTIDX,NIFTY,27-Jun-2024,25000,CE,161.05,178.75,152.7,169.35,169.35,638,8028.47,271450,10350,19-FEB-2024,
OPTIDX,NIFTY,27-Jun-2024,26000,CE,68.55,72,65,68.65,68.65,364,4744.56,84700,4400,19-FEB-2024,
OPTIDX,NIFTY,27-Jun-2024,27000,CE,0,0,0,331.6,5.15,0,0,0,0,19-FEB-2024,
OPTIDX,NIFTY,27-Jun-2024,14000,PE,0,0,0,3.05,0.05,0,0,7125,0,19-FEB-2024,
OPTIDX,NIFTY,27-Jun-2024,15000,PE,0,0,0,3.05,0.05,0,0,12425,0,19-FEB-2024,
OPTIDX,NIFTY,27-Jun-2024,16000,PE,12.05,12.05,12.05,12.05,12.05,1,8,37950,0,19-FEB-2024,
OPTIDX,NIFTY,27-Jun-2024,17000,PE,34,36.45,30.25,34.2,34.2,136,1158.25,130100,1700,19-FEB-2024,
OPTIDX,NIFTY,27-Jun-2024,18000,PE,47.45,49.95,46.1,49.05,49.05,252,2274,542650,300,19-FEB-2024,
OPTIDX,NIFTY,27-Jun-2024,19000,PE,96.95,100,93.6,95.5,95.5,1055,10073.54,819600,-950,19-FEB-2024,
OPTIDX,NIFTY,27-Jun-2024,20000,PE,199.85,200,183.8,186.45,186.45,1866,18837.86,1018450,1950,19-FEB-2024,
OPTIDX,NIFTY,27-Jun-2024,21000,PE,362.2,366.4,334.75,341.65,341.65,3345,35705.16,1185850,21950,19-FEB-2024,
OPTIDX,NIFTY,27-Jun-2024,22000,PE,645.9,660,596.25,612.45,612.45,2200,24875.79,993050,1850,19-FEB-2024,
OPTIDX,NIFTY,27-Jun-2024,23000,PE,1065,1090.5,991.15,1033.65,1033.65,1261,15150.89,206100,25100,19-FEB-2024,
OPTIDX,NIFTY,27-Jun-2024,24000,PE,1699.5,1718,1578.35,1637.75,1637.75,1228,15741.17,157650,41000,19-FEB-2024,
OPTIDX,NIFTY,27-Jun-2024,25000,PE,0,0,0,7199.55,2360.75,0,0,0,0,19-FEB-2024,
OPTIDX,NIFTY,27-Jun-2024,26000,PE,0,0,0,8015.6,3285.85,0,0,0,0,19-FEB-2024,
OPTIDX,NIFTY,27-Jun-2024,27000,PE,0,0,0,8206,4246.4,0,0,0,0,19-FEB-2024,
OPTIDX,NIFTY,26-Sep-2024,16000,CE,0,0,0,4667.4,6760.2,0,0,0,0,19-FEB-2024,
OPTIDX,NIFTY,26-Sep-2024,17000,CE,0,0,0,3800.4,5800.4,0,0,0,0,19-FEB-2024,
OPTIDX,NIFTY,26-Sep-2024,18000,CE,0,0,0,2994.95,4842.95,0,0,0,0,19-FEB-2024,
OPTIDX,NIFTY,26-Sep-2024,19000,CE,0,0,0,2277.4,3896.05,0,0,0,0,19-FEB-2024,
OPTIDX,NIFTY,26-Sep-2024,20000,CE,0,0,0,1666.45,2981.85,0,0,0,0,19-FEB-2024,
OPTIDX,NIFTY,26-Sep-2024,21000,CE,0,0,0,1173.8,2141,0,0,0,0,19-FEB-2024,
OPTIDX,NIFTY,26-Sep-2024,22000,CE,1553.7,1645,1553.7,1640,1423.8,29,342.64,10500,1200,19-FEB-2024,
OPTIDX,NIFTY,26-Sep-2024,23000,CE,1030,1101,1030,1051.05,1051.05,60,721.97,30900,1900,19-FEB-2024,
OPTIDX,NIFTY,26-Sep-2024,24000,CE,650,684,600.05,640,640,89,1096.13,6950,-400,19-FEB-2024,
OPTIDX,NIFTY,26-Sep-2024,25000,CE,375,375,335,355,355,55,697.28,9100,2150,19-FEB-2024,
OPTIDX,NIFTY,26-Sep-2024,26000,CE,160,225,160,190,190,65,851.66,6750,2200,19-FEB-2024,
OPTIDX,NIFTY,26-Sep-2024,27000,CE,0,0,0,68.7,47.9,0,0,0,0,19-FEB-2024,
OPTIDX,NIFTY,26-Sep-2024,16000,PE,0,0,0,39.75,0.05,0,0,0,0,19-FEB-2024,
OPTIDX,NIFTY,26-Sep-2024,17000,PE,0,0,0,103.7,0.4,0,0,0,0,19-FEB-2024,
OPTIDX,NIFTY,26-Sep-2024,18000,PE,0,0,0,229.25,3.1,0,0,0,0,19-FEB-2024,
OPTIDX,NIFTY,26-Sep-2024,19000,PE,0,0,0,239.55,16.3,0,0,2850,0,19-FEB-2024,
OPTIDX,NIFTY,26-Sep-2024,20000,PE,0,0,0,762.75,62.25,0,0,0,0,19-FEB-2024,
OPTIDX,NIFTY,26-Sep-2024,21000,PE,400,414.05,375.85,385.4,385.4,463,4951.93,43450,17650,19-FEB-2024,
OPTIDX,NIFTY,26-Sep-2024,22000,PE,676,676,633.05,646.6,646.6,117,1325.24,11350,1850,19-FEB-2024,
OPTIDX,NIFTY,26-Sep-2024,23000,PE,1050.1,1087.5,860.1,1000.85,829.3,72,865.17,3600,800,19-FEB-2024,
OPTIDX,NIFTY,26-Sep-2024,24000,PE,0,0,0,3149.25,1404.2,0,0,0,0,19-FEB-2024,
OPTIDX,NIFTY,26-Sep-2024,25000,PE,0,0,0,3952.4,2126,0,0,0,0,19-FEB-2024,
OPTIDX,NIFTY,26-Sep-2024,26000,PE,0,0,0,4801.5,2954.4,0,0,0,0,19-FEB-2024,
OPTIDX,NIFTY,26-Sep-2024,27000,PE,0,0,0,5681.95,3849.2,0,0,0,0,19-FEB-2024,
OPTIDX,NIFTY,26-Dec-2024,14000,CE,0,0,0,8599,8904.75,0,0,100,0,19-FEB-2024,
OPTIDX,NIFTY,26-Dec-2024,15000,CE,0,0,0,7100,7960.65,0,0,2100,0,19-FEB-2024,
OPTIDX,NIFTY,26-Dec-2024,16000,CE,0,0,0,6651,7016.75,0,0,21950,0,19-FEB-2024,
OPTIDX,NIFTY,26-Dec-2024,17000,CE,0,0,0,5880,6074,0,0,18100,0,19-FEB-2024,
OPTIDX,NIFTY,26-Dec-2024,18000,CE,5100,5150,5100,5150,5150,12,138.87,23700,-500,19-FEB-2024,
OPTIDX,NIFTY,26-Dec-2024,18500,CE,0,0,0,4400,4672.25,0,0,1000,0,19-FEB-2024,
OPTIDX,NIFTY,26-Dec-2024,19000,CE,4275,4309.8,4275,4275,4275,25,291.27,71850,750,19-FEB-2024,
OPTIDX,NIFTY,26-Dec-2024,20000,CE,3338.15,3491.95,3338.15,3480,3329,30,351.91,75050,-400,19-FEB-2024,
OPTIDX,NIFTY,26-Dec-2024,21000,CE,2582,2710.95,2572,2652.45,2652.45,107,1266.79,118700,-2500,19-FEB-2024,
OPTIDX,NIFTY,26-Dec-2024,22000,CE,1906,2010,1893.5,1950.5,1950.5,88,1054.03,180250,-500,19-FEB-2024,
OPTIDX,NIFTY,26-Dec-2024,23000,CE,1322.35,1400,1304.75,1356.85,1356.85,117,1425.13,163000,1550,19-FEB-2024,
OPTIDX,NIFTY,26-Dec-2024,24000,CE,858.25,926.9,834.7,892.1,892.1,350,4355.77,153800,3950,19-FEB-2024,
OPTIDX,NIFTY,26-Dec-2024,25000,CE,540.2,572,530,548.35,548.35,121,1546.05,201000,1350,19-FEB-2024,
OPTIDX,NIFTY,26-Dec-2024,26000,CE,311.95,335,304.6,325.7,325.7,96,1263.56,86900,3200,19-FEB-2024,
OPTIDX,NIFTY,26-Dec-2024,27000,CE,179.05,189.85,176.55,183.3,183.3,130,1766.85,47550,3850,19-FEB-2024,
OPTIDX,NIFTY,26-Dec-2024,14000,PE,0,0,0,20.5,0.05,0,0,3300,0,19-FEB-2024,
OPTIDX,NIFTY,26-Dec-2024,15000,PE,0,0,0,5.45,0.05,0,0,28250,0,19-FEB-2024,
OPTIDX,NIFTY,26-Dec-2024,16000,PE,15.7,15.7,15.7,15.7,0.25,2,16.01,17050,0,19-FEB-2024,
OPTIDX,NIFTY,26-Dec-2024,17000,PE,0,0,0,59.5,1.6,0,0,71900,0,19-FEB-2024,
OPTIDX,NIFTY,26-Dec-2024,18000,PE,110,123.85,105,107.25,107.25,155,1403.52,263600,2300,19-FEB-2024,
OPTIDX,NIFTY,26-Dec-2024,19000,PE,187.6,200,174,175.85,175.85,349,3347.18,417200,-4300,19-FEB-2024,
OPTIDX,NIFTY,26-Dec-2024,20000,PE,293.85,300.05,274.05,278.35,278.35,939,9523.02,551750,-11950,19-FEB-2024,
OPTIDX,NIFTY,26-Dec-2024,21000,PE,455.35,458.75,424.05,433.45,433.45,814,8726.24,977850,5400,19-FEB-2024,
OPTIDX,NIFTY,26-Dec-2024,22000,PE,722,730,673.05,690.6,690.6,502,5697.86,477500,6900,19-FEB-2024,
OPTIDX,NIFTY,26-Dec-2024,23000,PE,1082.8,1100,1026.05,1046.8,1046.8,546,6567.56,155800,13900,19-FEB-2024,
OPTIDX,NIFTY,26-Dec-2024,24000,PE,1566,1585,1499.95,1539.85,1539.85,106,1352.6,41050,2600,19-FEB-2024,
OPTIDX,NIFTY,26-Dec-2024,25000,PE,2150,2150,2085,2125.65,2125.65,184,2495.06,23250,8400,19-FEB-2024,
OPTIDX,NIFTY,26-Dec-2024,26000,PE,2741.1,2786.15,2735,2786.15,2786.15,5,71.87,500,250,19-FEB-2024,
OPTIDX,NIFTY,26-Dec-2024,27000,PE,0,0,0,4500,3509.55,0,0,50,0,19-FEB-2024,
OPTIDX,NIFTY,26-Jun-2025,16000,CE,0,0,0,3227.55,7517.95,0,0,0,0,19-FEB-2024,
OPTIDX,NIFTY,26-Jun-2025,17000,CE,0,0,0,4165.5,6609.65,0,0,2750,0,19-FEB-2024,
OPTIDX,NIFTY,26-Jun-2025,18000,CE,0,0,0,3934,5710.4,0,0,2200,0,19-FEB-2024,
OPTIDX,NIFTY,26-Jun-2025,19000,CE,0,0,0,3077.9,4830.95,0,0,0,0,19-FEB-2024,
OPTIDX,NIFTY,26-Jun-2025,20000,CE,0,0,0,3180.85,3987.95,0,0,0,0,19-FEB-2024,
OPTIDX,NIFTY,26-Jun-2025,21000,CE,0,0,0,3199.45,3202.05,0,0,0,0,19-FEB-2024,
OPTIDX,NIFTY,26-Jun-2025,22000,CE,0,0,0,2088.15,2494.5,0,0,0,0,19-FEB-2024,
OPTIDX,NIFTY,26-Jun-2025,23000,CE,0,0,0,2003.65,1882.3,0,0,0,0,19-FEB-2024,
OPTIDX,NIFTY,26-Jun-2025,24000,CE,0,0,0,1100.85,1374.55,0,0,0,0,19-FEB-2024,
OPTIDX,NIFTY,26-Jun-2025,25000,CE,600,600,600,600,971.45,1,12.8,50,50,19-FEB-2024,
OPTIDX,NIFTY,26-Jun-2025,26000,CE,0,0,0,811.85,664.75,0,0,0,0,19-FEB-2024,
OPTIDX,NIFTY,26-Jun-2025,27000,CE,0,0,0,803.5,441,0,0,0,0,19-FEB-2024,
OPTIDX,NIFTY,26-Jun-2025,14000,PE,0,0,0,42.35,0.05,0,0,675,0,19-FEB-2024,
OPTIDX,NIFTY,26-Jun-2025,15000,PE,0,0,0,134,0.3,0,0,1800,0,19-FEB-2024,
OPTIDX,NIFTY,26-Jun-2025,16000,PE,0,0,0,129.2,1.5,0,0,100,0,19-FEB-2024,
OPTIDX,NIFTY,26-Jun-2025,17000,PE,0,0,0,3497.35,6.05,0,0,0,0,19-FEB-2024,
OPTIDX,NIFTY,26-Jun-2025,18000,PE,0,0,0,3586.15,19.65,0,0,0,0,19-FEB-2024,
OPTIDX,NIFTY,26-Jun-2025,19000,PE,0,0,0,3210.95,53.05,0,0,0,0,19-FEB-2024,
OPTIDX,NIFTY,26-Jun-2025,20000,PE,0,0,0,599.8,122.9,0,0,900,0,19-FEB-2024,
OPTIDX,NIFTY,26-Jun-2025,21000,PE,0,0,0,3070.85,249.9,0,0,0,0,19-FEB-2024,
OPTIDX,NIFTY,26-Jun-2025,22000,PE,648.1,775,648.1,775,455.2,6,68.22,100,100,19-FEB-2024,
OPTIDX,NIFTY,26-Jun-2025,23000,PE,0,0,0,1170,755.85,0,0,0,0,19-FEB-2024,
OPTIDX,NIFTY,26-Jun-2025,24000,PE,0,0,0,5875.1,1161,0,0,0,0,19-FEB-2024,
OPTIDX,NIFTY,26-Jun-2025,25000,PE,0,0,0,6576.35,1670.7,0,0,0,0,19-FEB-2024,
OPTIDX,NIFTY,26-Jun-2025,26000,PE,0,0,0,7299,2276.9,0,0,0,0,19-FEB-2024,
OPTIDX,NIFTY,26-Jun-2025,27000,PE,0,0,0,7438.15,2966,0,0,0,0,19-FEB-2024,
OPTIDX,NIFTY,24-Dec-2025,16000,CE,0,0,0,7200,8000.85,0,0,50,0,19-FEB-2024,
OPTIDX,NIFTY,24-Dec-2025,17000,CE,0,0,0,5080,7125.6,0,0,650,0,19-FEB-2024,
OPTIDX,NIFTY,24-Dec-2025,18000,CE,0,0,0,6099.95,6261.15,0,0,5650,0,19-FEB-2024,
OPTIDX,NIFTY,24-Dec-2025,19000,CE,0,0,0,5050,5416.9,0,0,3200,0,19-FEB-2024,
OPTIDX,NIFTY,24-Dec-2025,19500,CE,0,0,0,3200,5006.2,0,0,1300,0,19-FEB-2024,
OPTIDX,NIFTY,24-Dec-2025,20000,CE,0,0,0,3800,4605.5,0,0,300,0,19-FEB-2024,
OPTIDX,NIFTY,24-Dec-2025,21000,CE,0,0,0,1400,3841.7,0,0,100,0,19-FEB-2024,
OPTIDX,NIFTY,24-Dec-2025,22000,CE,3130,3130,3001,3001,3140.25,2,25.06,650,0,19-FEB-2024,
OPTIDX,NIFTY,24-Dec-2025,23000,CE,2500,2500,2500,2500,2500,9,114.75,2650,0,19-FEB-2024,
OPTIDX,NIFTY,24-Dec-2025,24000,CE,0,0,0,1396.05,1969.05,0,0,0,0,19-FEB-2024,
OPTIDX,NIFTY,24-Dec-2025,25000,CE,0,0,0,1222.85,1510.1,0,0,0,0,19-FEB-2024,
OPTIDX,NIFTY,24-Dec-2025,26000,CE,0,0,0,1070.85,1134.15,0,0,0,0,19-FEB-2024,
OPTIDX,NIFTY,24-Dec-2025,27000,CE,0,0,0,1071,834.8,0,0,0,0,19-FEB-2024,
OPTIDX,NIFTY,24-Dec-2025,13000,PE,0,0,0,400,0.05,0,0,150,0,19-FEB-2024,
OPTIDX,NIFTY,24-Dec-2025,15000,PE,0,0,0,62.15,0.95,0,0,1100,0,19-FEB-2024,
OPTIDX,NIFTY,24-Dec-2025,16000,PE,0,0,0,139.95,3.55,0,0,2150,0,19-FEB-2024,
OPTIDX,NIFTY,24-Dec-2025,16500,PE,0,0,0,38.15,6.45,0,0,2600,0,19-FEB-2024,
OPTIDX,NIFTY,24-Dec-2025,17000,PE,0,0,0,155.05,11.15,0,0,2400,0,19-FEB-2024,
OPTIDX,NIFTY,24-Dec-2025,18000,PE,0,0,0,324.95,29.55,0,0,3050,0,19-FEB-2024,
OPTIDX,NIFTY,24-Dec-2025,19000,PE,325,349.4,320,339.95,339.95,13,125.67,3050,-350,19-FEB-2024,
OPTIDX,NIFTY,24-Dec-2025,20000,PE,0,0,0,572,139.5,0,0,4500,0,19-FEB-2024,
OPTIDX,NIFTY,24-Dec-2025,21000,PE,0,0,0,701,258.5,0,0,3200,0,19-FEB-2024,
OPTIDX,NIFTY,24-Dec-2025,22000,PE,0,0,0,1099,439.85,0,0,2550,0,19-FEB-2024,
OPTIDX,NIFTY,24-Dec-2025,23000,PE,0,0,0,1101.05,695.75,0,0,1550,0,19-FEB-2024,
OPTIDX,NIFTY,24-Dec-2025,24000,PE,0,0,0,5649,1034.25,0,0,0,0,19-FEB-2024,
OPTIDX,NIFTY,24-Dec-2025,25000,PE,0,0,0,6310.55,1458.15,0,0,0,0,19-FEB-2024,
OPTIDX,NIFTY,24-Dec-2025,26000,PE,0,0,0,6993.25,1965,0,0,0,0,19-FEB-2024,
OPTIDX,NIFTY,24-Dec-2025,27000,PE,0,0,0,7112.8,2548.45,0,0,0,0,19-FEB-2024,
OPTIDX,NIFTY,25-Jun-2026,12000,CE,0,0,0,8690,11881.05,0,0,50,0,19-FEB-2024,
OPTIDX,NIFTY,25-Jun-2026,16000,CE,0,0,0,4748.3,8473.15,0,0,0,0,19-FEB-2024,
OPTIDX,NIFTY,25-Jun-2026,17000,CE,0,0,0,4348.25,7629.55,0,0,0,0,19-FEB-2024,
OPTIDX,NIFTY,25-Jun-2026,18000,CE,0,0,0,4150,6797.15,0,0,200,0,19-FEB-2024,
OPTIDX,NIFTY,25-Jun-2026,19000,CE,0,0,0,2872.25,5983.85,0,0,100,0,19-FEB-2024,
OPTIDX,NIFTY,25-Jun-2026,20000,CE,0,0,0,3829.5,5199.45,0,0,0,0,19-FEB-2024,
OPTIDX,NIFTY,25-Jun-2026,21000,CE,0,0,0,3881.9,4455.05,0,0,0,0,19-FEB-2024,
OPTIDX,NIFTY,25-Jun-2026,22000,CE,0,0,0,2722.55,3761.6,0,0,0,0,19-FEB-2024,
OPTIDX,NIFTY,25-Jun-2026,23000,CE,0,0,0,2645.65,3128.55,0,0,0,0,19-FEB-2024,
OPTIDX,NIFTY,25-Jun-2026,24000,CE,0,0,0,1698.3,2562.8,0,0,0,0,19-FEB-2024,
OPTIDX,NIFTY,25-Jun-2026,25000,CE,0,0,0,1510.4,2067.85,0,0,0,0,19-FEB-2024,
OPTIDX,NIFTY,25-Jun-2026,26000,CE,0,0,0,1343.15,1644,0,0,0,0,19-FEB-2024,
OPTIDX,NIFTY,25-Jun-2026,27000,CE,0,0,0,1352.8,1288.45,0,0,0,0,19-FEB-2024,
OPTIDX,NIFTY,25-Jun-2026,12000,PE,0,0,0,10.05,0.05,0,0,500,0,19-FEB-2024,
OPTIDX,NIFTY,25-Jun-2026,13000,PE,0,0,0,45.25,0.1,0,0,200,0,19-FEB-2024,
OPTIDX,NIFTY,25-Jun-2026,14000,PE,0,0,0,300,0.5,0,0,100,0,19-FEB-2024,
OPTIDX,NIFTY,25-Jun-2026,15000,PE,0,0,0,105.5,1.85,0,0,850,0,19-FEB-2024,
OPTIDX,NIFTY,25-Jun-2026,16000,PE,0,0,0,54.8,5.85,0,0,500,0,19-FEB-2024,
OPTIDX,NIFTY,25-Jun-2026,17000,PE,0,0,0,2627.25,15.65,0,0,0,0,19-FEB-2024,
OPTIDX,NIFTY,25-Jun-2026,18000,PE,0,0,0,3088.05,36.75,0,0,0,0,19-FEB-2024,
OPTIDX,NIFTY,25-Jun-2026,19000,PE,0,0,0,140.45,76.85,0,0,100,0,19-FEB-2024,
OPTIDX,NIFTY,25-Jun-2026,20000,PE,0,0,0,3159.75,145.85,0,0,0,0,19-FEB-2024,
OPTIDX,NIFTY,25-Jun-2026,21000,PE,0,0,0,3065.6,254.9,0,0,0,0,19-FEB-2024,
OPTIDX,NIFTY,25-Jun-2026,22000,PE,0,0,0,3829.5,414.9,0,0,0,0,19-FEB-2024,
OPTIDX,NIFTY,25-Jun-2026,23000,PE,0,0,0,1000.2,635.3,0,0,100,0,19-FEB-2024,
OPTIDX,NIFTY,25-Jun-2026,24000,PE,0,0,0,5437.7,922.95,0,0,0,0,19-FEB-2024,
OPTIDX,NIFTY,25-Jun-2026,25000,PE,0,0,0,6063.1,1281.45,0,0,0,0,19-FEB-2024,
OPTIDX,NIFTY,25-Jun-2026,26000,PE,0,0,0,6709.2,1711.05,0,0,0,0,19-FEB-2024,
OPTIDX,NIFTY,25-Jun-2026,27000,PE,0,0,0,6810.7,2208.9,0,0,0,0,19-FEB-2024,
OPTIDX,NIFTY,31-Dec-2026,16000,CE,0,0,0,6200,8944.3,0,0,50,0,19-FEB-2024,
OPTIDX,NIFTY,31-Dec-2026,17000,CE,0,0,0,4955.1,8131.45,0,0,0,0,19-FEB-2024,
OPTIDX,NIFTY,31-Dec-2026,18000,CE,0,0,0,4501.45,7329.6,0,0,0,0,19-FEB-2024,
OPTIDX,NIFTY,31-Dec-2026,19000,CE,0,0,0,4999,6545.05,0,0,200,0,19-FEB-2024,
OPTIDX,NIFTY,31-Dec-2026,20000,CE,0,0,0,3704.3,5785.75,0,0,0,0,19-FEB-2024,
OPTIDX,NIFTY,31-Dec-2026,21000,CE,0,0,0,3356.25,5060.2,0,0,0,0,19-FEB-2024,
OPTIDX,NIFTY,31-Dec-2026,22000,CE,0,0,0,3039,4376.95,0,0,0,0,19-FEB-2024,
OPTIDX,NIFTY,31-Dec-2026,23000,CE,0,0,0,2020,3743.4,0,0,500,0,19-FEB-2024,
OPTIDX,NIFTY,31-Dec-2026,24000,CE,0,0,0,2010.65,3165.5,0,0,0,0,19-FEB-2024,
OPTIDX,NIFTY,31-Dec-2026,25000,CE,0,0,0,1811.2,2646.9,0,0,0,0,19-FEB-2024,
OPTIDX,NIFTY,31-Dec-2026,26000,CE,0,0,0,1631.05,2189.05,0,0,0,0,19-FEB-2024,
OPTIDX,NIFTY,31-Dec-2026,27000,CE,0,0,0,1651.65,1791.25,0,0,0,0,19-FEB-2024,
OPTIDX,NIFTY,31-Dec-2026,12000,PE,0,0,0,250.1,0.05,0,0,600,0,19-FEB-2024,
OPTIDX,NIFTY,31-Dec-2026,13000,PE,0,0,0,450,0.25,0,0,200,0,19-FEB-2024,
OPTIDX,NIFTY,31-Dec-2026,14000,PE,0,0,0,500,0.9,0,0,950,0,19-FEB-2024,
OPTIDX,NIFTY,31-Dec-2026,15000,PE,0,0,0,118.9,2.9,0,0,2200,0,19-FEB-2024,
OPTIDX,NIFTY,31-Dec-2026,16000,PE,0,0,0,73.05,8,0,0,2450,0,19-FEB-2024,
OPTIDX,NIFTY,31-Dec-2026,17000,PE,0,0,0,70,19.25,0,0,2650,0,19-FEB-2024,
OPTIDX,NIFTY,31-Dec-2026,18000,PE,0,0,0,374.15,41.5,0,0,6350,0,19-FEB-2024,
OPTIDX,NIFTY,31-Dec-2026,19000,PE,0,0,0,139.95,81.1,0,0,3250,0,19-FEB-2024,
OPTIDX,NIFTY,31-Dec-2026,20000,PE,0,0,0,600,145.9,0,0,3750,0,19-FEB-2024,
OPTIDX,NIFTY,31-Dec-2026,21000,PE,0,0,0,649,244.5,0,0,850,0,19-FEB-2024,
OPTIDX,NIFTY,31-Dec-2026,22000,PE,0,0,0,609.65,385.35,0,0,100,0,19-FEB-2024,
OPTIDX,NIFTY,31-Dec-2026,23000,PE,0,0,0,957.4,575.95,0,0,6200,0,19-FEB-2024,
OPTIDX,NIFTY,31-Dec-2026,24000,PE,0,0,0,5233.45,822.15,0,0,0,0,19-FEB-2024,
OPTIDX,NIFTY,31-Dec-2026,25000,PE,0,0,0,5825.75,1127.65,0,0,0,0,19-FEB-2024,
OPTIDX,NIFTY,31-Dec-2026,26000,PE,0,0,0,6437.4,1493.95,0,0,0,0,19-FEB-2024,
OPTIDX,NIFTY,31-Dec-2026,27000,PE,0,0,0,6522.3,1920.25,0,0,0,0,19-FEB-2024,
OPTIDX,NIFTY,24-Jun-2027,16000,CE,0,0,0,4898.4,9365.85,0,0,0,0,19-FEB-2024,
OPTIDX,NIFTY,24-Jun-2027,17000,CE,0,0,0,4464.7,8579.95,0,0,0,0,19-FEB-2024,
OPTIDX,NIFTY,24-Jun-2027,18000,CE,0,0,0,4066.45,7804.45,0,0,0,0,19-FEB-2024,
OPTIDX,NIFTY,24-Jun-2027,19000,CE,0,0,0,3701.25,7044.7,0,0,100,0,19-FEB-2024,
OPTIDX,NIFTY,24-Jun-2027,20000,CE,0,0,0,3367.05,6307.1,0,0,0,0,19-FEB-2024,
OPTIDX,NIFTY,24-Jun-2027,21000,CE,0,0,0,3061.8,5598.6,0,0,0,0,19-FEB-2024,
OPTIDX,NIFTY,24-Jun-2027,22000,CE,0,0,0,2783.5,4926.1,0,0,0,0,19-FEB-2024,
OPTIDX,NIFTY,24-Jun-2027,23000,CE,0,0,0,2530.05,4295.8,0,0,0,0,19-FEB-2024,
OPTIDX,NIFTY,24-Jun-2027,24000,CE,0,0,0,2299.55,3712.75,0,0,0,0,19-FEB-2024,
OPTIDX,NIFTY,24-Jun-2027,25000,CE,0,0,0,2090.05,3180.55,0,0,0,0,19-FEB-2024,
OPTIDX,NIFTY,24-Jun-2027,26000,CE,0,0,0,1900.85,2701.15,0,0,0,0,19-FEB-2024,
OPTIDX,NIFTY,24-Jun-2027,27000,CE,0,0,0,1932.5,2274.8,0,0,0,0,19-FEB-2024,
OPTIDX,NIFTY,24-Jun-2027,16000,PE,0,0,0,1476.1,9.6,0,0,0,0,19-FEB-2024,
OPTIDX,NIFTY,24-Jun-2027,17000,PE,0,0,0,1814.75,21.6,0,0,0,0,19-FEB-2024,
OPTIDX,NIFTY,24-Jun-2027,18000,PE,0,0,0,2188.9,43.95,0,0,0,0,19-FEB-2024,
OPTIDX,NIFTY,24-Jun-2027,19000,PE,0,0,0,170,82.1,0,0,250,0,19-FEB-2024,
OPTIDX,NIFTY,24-Jun-2027,20000,PE,0,0,0,3034.2,142.4,0,0,0,0,19-FEB-2024,
OPTIDX,NIFTY,24-Jun-2027,21000,PE,0,0,0,3501.35,231.75,0,0,0,0,19-FEB-2024,
OPTIDX,NIFTY,24-Jun-2027,22000,PE,0,0,0,3995.4,357.15,0,0,0,0,19-FEB-2024,
OPTIDX,NIFTY,24-Jun-2027,23000,PE,0,0,0,4514.3,524.7,0,0,0,0,19-FEB-2024,
OPTIDX,NIFTY,24-Jun-2027,24000,PE,0,0,0,5056.2,739.55,0,0,0,0,19-FEB-2024,
OPTIDX,NIFTY,24-Jun-2027,25000,PE,0,0,0,5619.05,1005.2,0,0,0,0,19-FEB-2024,
OPTIDX,NIFTY,24-Jun-2027,26000,PE,0,0,0,6202.2,1323.7,0,0,0,0,19-FEB-2024,
OPTIDX,NIFTY,24-Jun-2027,27000,PE,0,0,0,6273.45,1695.25,0,0,0,0,19-FEB-2024,
OPTIDX,NIFTY,30-Dec-2027,16000,CE,0,0,0,7354.45,9805.65,0,0,0,0,19-FEB-2024,
OPTIDX,NIFTY,30-Dec-2027,17000,CE,0,0,0,6805.5,9047.45,0,0,0,0,19-FEB-2024,
OPTIDX,NIFTY,30-Dec-2027,18000,CE,0,0,0,6285.7,8298.85,0,0,0,0,19-FEB-2024,
OPTIDX,NIFTY,30-Dec-2027,19000,CE,0,0,0,5794.9,7564.3,0,0,0,0,19-FEB-2024,
OPTIDX,NIFTY,30-Dec-2027,20000,CE,0,0,0,5333.85,6849.1,0,0,0,0,19-FEB-2024,
OPTIDX,NIFTY,30-Dec-2027,21000,CE,0,0,0,4902.4,6158.85,0,0,0,0,19-FEB-2024,
OPTIDX,NIFTY,30-Dec-2027,22000,CE,0,0,0,4499.55,5499.15,0,0,0,0,19-FEB-2024,
OPTIDX,NIFTY,30-Dec-2027,23000,CE,0,0,0,4125.7,4875.15,0,0,0,0,19-FEB-2024,
OPTIDX,NIFTY,30-Dec-2027,24000,CE,0,0,0,3778.95,4291.25,0,0,0,0,19-FEB-2024,
OPTIDX,NIFTY,30-Dec-2027,25000,CE,0,0,0,3458.35,3750.8,0,0,0,0,19-FEB-2024,
OPTIDX,NIFTY,30-Dec-2027,26000,CE,0,0,0,3162.4,3255.9,0,0,0,0,19-FEB-2024,
OPTIDX,NIFTY,30-Dec-2027,27000,CE,0,0,0,2889.8,2807.45,0,0,0,0,19-FEB-2024,
OPTIDX,NIFTY,30-Dec-2027,15000,PE,0,0,0,27.8,4.6,0,0,350,0,19-FEB-2024,
OPTIDX,NIFTY,30-Dec-2027,16000,PE,0,0,0,479.35,10.95,0,0,0,0,19-FEB-2024,
OPTIDX,NIFTY,30-Dec-2027,17000,PE,0,0,0,514,23.2,0,0,14250,0,19-FEB-2024,
OPTIDX,NIFTY,30-Dec-2027,18000,PE,0,0,0,74.8,45.05,0,0,10500,0,19-FEB-2024,
OPTIDX,NIFTY,30-Dec-2027,19000,PE,0,0,0,760,81,0,0,700,0,19-FEB-2024,
OPTIDX,NIFTY,30-Dec-2027,20000,PE,719.1,719.1,525,525,525,2,20.62,2100,50,19-FEB-2024,
OPTIDX,NIFTY,30-Dec-2027,21000,PE,0,0,0,1563.55,216.45,0,0,0,0,19-FEB-2024,
OPTIDX,NIFTY,30-Dec-2027,22000,PE,0,0,0,1867.9,327.25,0,0,0,0,19-FEB-2024,
OPTIDX,NIFTY,30-Dec-2027,23000,PE,0,0,0,2201.3,473.75,0,0,0,0,19-FEB-2024,
OPTIDX,NIFTY,30-Dec-2027,24000,PE,0,0,0,2561.85,660.3,0,0,0,0,19-FEB-2024,
OPTIDX,NIFTY,30-Dec-2027,25000,PE,0,0,0,2948.45,890.3,0,0,0,0,19-FEB-2024,
OPTIDX,NIFTY,30-Dec-2027,26000,PE,0,0,0,3359.75,1165.9,0,0,0,0,19-FEB-2024,
OPTIDX,NIFTY,30-Dec-2027,27000,PE,0,0,0,3794.4,1487.9,0,0,0,0,19-FEB-2024,
OPTIDX,NIFTY,29-Jun-2028,16000,CE,0,0,0,8002.3,10214.55,0,0,0,0,19-FEB-2024,
OPTIDX,NIFTY,29-Jun-2028,17000,CE,0,0,0,7393.45,9481.75,0,0,0,0,19-FEB-2024,
OPTIDX,NIFTY,29-Jun-2028,18000,CE,0,0,0,6809.35,8757.75,0,0,0,0,19-FEB-2024,
OPTIDX,NIFTY,29-Jun-2028,19000,CE,0,0,0,6252.25,8046.35,0,0,0,0,19-FEB-2024,
OPTIDX,NIFTY,29-Jun-2028,20000,CE,0,0,0,5724.65,7351.95,0,0,0,0,19-FEB-2024,
OPTIDX,NIFTY,29-Jun-2028,21000,CE,0,0,0,5226.55,6679.15,0,0,0,0,19-FEB-2024,
OPTIDX,NIFTY,29-Jun-2028,22000,CE,0,0,0,4759.5,6032.65,0,0,0,0,19-FEB-2024,
OPTIDX,NIFTY,29-Jun-2028,23000,CE,0,0,0,4323.1,5416.85,0,0,0,0,19-FEB-2024,
OPTIDX,NIFTY,29-Jun-2028,24000,CE,0,0,0,3918.85,4835.55,0,0,0,0,19-FEB-2024,
OPTIDX,NIFTY,29-Jun-2028,25000,CE,0,0,0,3545.15,4291.75,0,0,0,0,19-FEB-2024,
OPTIDX,NIFTY,29-Jun-2028,26000,CE,0,0,0,3200.9,3787.7,0,0,0,0,19-FEB-2024,
OPTIDX,NIFTY,29-Jun-2028,27000,CE,0,0,0,2885.15,3324.55,0,0,0,0,19-FEB-2024,
OPTIDX,NIFTY,29-Jun-2028,16000,PE,0,0,0,194.2,11.8,0,0,0,0,19-FEB-2024,
OPTIDX,NIFTY,29-Jun-2028,17000,PE,0,0,0,283.1,24,0,0,0,0,19-FEB-2024,
OPTIDX,NIFTY,29-Jun-2028,18000,PE,0,0,0,396.75,45,0,0,0,0,19-FEB-2024,
OPTIDX,NIFTY,29-Jun-2028,19000,PE,0,0,0,537.45,78.55,0,0,0,0,19-FEB-2024,
OPTIDX,NIFTY,29-Jun-2028,20000,PE,0,0,0,707.55,129.1,0,0,0,0,19-FEB-2024,
OPTIDX,NIFTY,29-Jun-2028,21000,PE,0,0,0,907.2,201.25,0,0,0,0,19-FEB-2024,
OPTIDX,NIFTY,29-Jun-2028,22000,PE,0,0,0,1137.9,299.75,0,0,0,0,19-FEB-2024,
OPTIDX,NIFTY,29-Jun-2028,23000,PE,0,0,0,1399.25,428.9,0,0,0,0,19-FEB-2024,
OPTIDX,NIFTY,29-Jun-2028,24000,PE,0,0,0,1692.75,592.55,0,0,0,0,19-FEB-2024,
OPTIDX,NIFTY,29-Jun-2028,25000,PE,0,0,0,2016.8,793.75,0,0,0,0,19-FEB-2024,
OPTIDX,NIFTY,29-Jun-2028,26000,PE,0,0,0,2370.3,1034.65,0,0,0,0,19-FEB-2024,
OPTIDX,NIFTY,29-Jun-2028,27000,PE,0,0,0,2752.35,1316.5,0,0,0,0,19-FEB-2024,
OPTIDX,NIFTY,28-Dec-2028,16000,CE,0,0,0,10704.45,10609.55,0,0,0,0,19-FEB-2024,
OPTIDX,NIFTY,28-Dec-2028,17000,CE,0,0,0,10036.4,9901.15,0,0,0,0,19-FEB-2024,
OPTIDX,NIFTY,28-Dec-2028,18000,CE,0,0,0,9380.3,9200.75,0,0,0,0,19-FEB-2024,
OPTIDX,NIFTY,28-Dec-2028,19000,CE,0,0,0,8739,8511.55,0,0,0,0,19-FEB-2024,
OPTIDX,NIFTY,28-Dec-2028,20000,CE,0,0,0,8115.5,7837.25,0,0,0,0,19-FEB-2024,
OPTIDX,NIFTY,28-Dec-2028,21000,CE,0,0,0,7512.5,7181.85,0,0,0,0,19-FEB-2024,
OPTIDX,NIFTY,28-Dec-2028,22000,CE,0,0,0,6932.45,6549.2,0,0,0,0,19-FEB-2024,
OPTIDX,NIFTY,28-Dec-2028,23000,CE,0,0,0,6377.6,5943.1,0,0,0,0,19-FEB-2024,
OPTIDX,NIFTY,28-Dec-2028,24000,CE,0,0,0,5850.3,5366.9,0,0,0,0,19-FEB-2024,
OPTIDX,NIFTY,28-Dec-2028,25000,CE,0,0,0,5350.4,4823.25,0,0,0,0,19-FEB-2024,
OPTIDX,NIFTY,28-Dec-2028,26000,CE,0,0,0,4879.7,4314.35,0,0,0,0,19-FEB-2024,
OPTIDX,NIFTY,28-Dec-2028,27000,CE,0,0,0,4437.95,3841.55,0,0,0,0,19-FEB-2024,
OPTIDX,NIFTY,28-Dec-2028,16000,PE,0,0,0,39.6,12.35,0,0,0,0,19-FEB-2024,
OPTIDX,NIFTY,28-Dec-2028,17000,PE,0,0,0,66.15,24.25,0,0,0,0,19-FEB-2024,
OPTIDX,NIFTY,28-Dec-2028,18000,PE,0,0,0,104.65,44.1,0,0,0,0,19-FEB-2024,
OPTIDX,NIFTY,28-Dec-2028,19000,PE,0,0,0,158,75.25,0,0,0,0,19-FEB-2024,
OPTIDX,NIFTY,28-Dec-2028,20000,PE,0,0,0,229.1,121.3,0,0,0,0,19-FEB-2024,
OPTIDX,NIFTY,28-Dec-2028,21000,PE,0,0,0,320.7,186.2,0,0,0,0,19-FEB-2024,
OPTIDX,NIFTY,28-Dec-2028,22000,PE,0,0,0,435.3,273.85,0,0,0,0,19-FEB-2024,
OPTIDX,NIFTY,28-Dec-2028,23000,PE,0,0,0,575.05,388.1,0,0,0,0,19-FEB-2024,
OPTIDX,NIFTY,28-Dec-2028,24000,PE,0,0,0,742.35,532.15,0,0,0,0,19-FEB-2024,
OPTIDX,NIFTY,28-Dec-2028,25000,PE,0,0,0,937.05,708.85,0,0,0,0,19-FEB-2024,
OPTIDX,NIFTY,28-Dec-2028,26000,PE,0,0,0,1160.95,920.25,0,0,0,0,19-FEB-2024,
OPTIDX,NIFTY,28-Dec-2028,27000,PE,0,0,0,1413.85,1167.8,0,0,0,0,19-FEB-2024,
