INSTRUMENT,SYMBOL,EXPIRY_DT,STRIKE_PR,OPTION_TYP,OPEN,HIGH,LOW,CLOSE,SETTLE_PR,CONTRACTS,VAL_INLAKH,OPEN_INT,CHG_IN_OI,TIMESTAMP,
FUTIDX,NIFTY,25-Jan-2024,0,XX,21627,21708,21579.3,21672.15,21672.15,125832,1362254.54,11172000,82250,19-JAN-2024,
FUTIDX,NIFTY,29-Feb-2024,0,XX,21710,21845.3,21709.95,21814.9,21814.9,29708,323718.27,3470450,70300,19-JAN-2024,
FUTIDX,NIFTY,28-Mar-2024,0,XX,21900,21984,21871,21963.35,21963.35,3652,40054.04,477300,-2350,19-JAN-2024,
OPTIDX,NIFTY,25-Jan-2024,17350,CE,0,0,0,4400,4291.65,0,0,200,0,19-JAN-2024,
OPTIDX,NIFTY,25-Jan-2024,17400,CE,4203.15,4260.2,4203.15,4254.4,4241.7,21,227.35,15000,250,19-JAN-2024,
OPTIDX,NIFTY,25-Jan-2024,17450,CE,0,0,0,1783.7,4191.75,0,0,0,0,19-JAN-2024,
OPTIDX,NIFTY,25-Jan-2024,17500,CE,4140,4160.3,4110,4160.1,4141.8,26,281.44,89450,-650,19-JAN-2024,
OPTIDX,NIFTY,25-Jan-2024,17550,CE,0,0,0,4050,4091.85,0,0,250,0,19-JAN-2024,
OPTIDX,NIFTY,25-Jan-2024,17600,CE,4093.15,4093.15,4093.15,4093.15,4041.9,1,10.84,150,-50,19-JAN-2024,
OPTIDX,NIFTY,25-Jan-2024,17650,CE,0,0,0,1611.6,3991.95,0,0,0,0,19-JAN-2024,
OPTIDX,NIFTY,25-Jan-2024,17700,CE,0,0,0,1569.6,3942.05,0,0,0,0,19-JAN-2024,
OPTIDX,NIFTY,25-Jan-2024,17750,CE,0,0,0,4140.65,3892.1,0,0,2450,0,19-JAN-2024,
OPTIDX,NIFTY,25-Jan-2024,17800,CE,3941.65,3941.65,3799.9,3872.1,3842.15,22,238.27,9700,-700,19-JAN-2024,
OPTIDX,NIFTY,25-Jan-2024,17850,CE,0,0,0,3980,3792.2,0,0,150,0,19-JAN-2024,
OPTIDX,NIFTY,25-Jan-2024,17900,CE,0,0,0,3755,3742.25,0,0,7500,0,19-JAN-2024,
OPTIDX,NIFTY,25-Jan-2024,17950,CE,0,0,0,1366.1,3692.3,0,0,0,0,19-JAN-2024,
OPTIDX,NIFTY,25-Jan-2024,18000,CE,3653.55,3692.15,3593.9,3673.1,3673.1,545,5900.3,326950,-23400,19-JAN-2024,
OPTIDX,NIFTY,25-Jan-2024,18050,CE,0,0,0,3671,3592.4,0,0,50,0,19-JAN-2024,
OPTIDX,NIFTY,25-Jan-2024,18100,CE,3584.8,3584.8,3584.8,3584.8,3542.45,1,10.84,9700,0,19-JAN-2024,
OPTIDX,NIFTY,25-Jan-2024,18150,CE,0,0,0,3700,3492.55,0,0,100,0,19-JAN-2024,
OPTIDX,NIFTY,25-Jan-2024,18200,CE,3522.15,3522.15,3387.75,3465.8,3442.6,8,86.62,13600,-50,19-JAN-2024,
OPTIDX,NIFTY,25-Jan-2024,18250,CE,0,0,0,1139.2,3392.65,0,0,0,0,19-JAN-2024,
OPTIDX,NIFTY,25-Jan-2024,18300,CE,3405.85,3405.85,3405.85,3405.85,3342.7,1,10.85,7550,-50,19-JAN-2024,
OPTIDX,NIFTY,25-Jan-2024,18350,CE,0,0,0,3575,3292.75,0,0,100,0,19-JAN-2024,
OPTIDX,NIFTY,25-Jan-2024,18400,CE,0,0,0,2950,3242.8,0,0,8350,0,19-JAN-2024,
OPTIDX,NIFTY,25-Jan-2024,18450,CE,0,0,0,3410,3192.85,0,0,150,0,19-JAN-2024,
OPTIDX,NIFTY,25-Jan-2024,18500,CE,3155,3192,3091,3176,3176,267,2890.61,155600,-11050,19-JAN-2024,
OPTIDX,NIFTY,25-Jan-2024,18550,CE,0,0,0,931.75,3092.95,0,0,0,0,19-JAN-2024,
OPTIDX,NIFTY,25-Jan-2024,18600,CE,0,0,0,2991.6,3043.05,0,0,4900,0,19-JAN-2024,
OPTIDX,NIFTY,25-Jan-2024,18650,CE,0,0,0,867.95,2993.1,0,0,0,0,19-JAN-2024,
OPTIDX,NIFTY,25-Jan-2024,18700,CE,2943.75,2993,2898.15,2993,2943.15,14,151.41,3100,-100,19-JAN-2024,
OPTIDX,NIFTY,25-Jan-2024,18750,CE,2950.8,2950.8,2861,2861,2893.2,4,43.35,550,0,19-JAN-2024,
OPTIDX,NIFTY,25-Jan-2024,18800,CE,2841.25,2841.3,2805.25,2828.3,2843.25,12,129.75,4000,0,19-JAN-2024,
OPTIDX,NIFTY,25-Jan-2024,18850,CE,0,0,0,3050,2793.3,0,0,200,0,19-JAN-2024,
OPTIDX,NIFTY,25-Jan-2024,18900,CE,0,0,0,2638.35,2743.35,0,0,2300,0,19-JAN-2024,
OPTIDX,NIFTY,25-Jan-2024,18950,CE,0,0,0,692.45,2693.4,0,0,0,0,19-JAN-2024,
OPTIDX,NIFTY,25-Jan-2024,19000,CE,2664,2702.35,2580,2666.55,2666.55,286,3096.53,380350,-6200,19-JAN-2024,
OPTIDX,NIFTY,25-Jan-2024,19050,CE,0,0,0,2840.65,2593.55,0,0,50,0,19-JAN-2024,
OPTIDX,NIFTY,25-Jan-2024,19100,CE,2540.2,2580,2488.9,2580,2543.6,26,281.12,8000,-900,19-JAN-2024,
OPTIDX,NIFTY,25-Jan-2024,19150,CE,0,0,0,2794.75,2493.65,0,0,50,0,19-JAN-2024,
OPTIDX,NIFTY,25-Jan-2024,19200,CE,2440.45,2483.95,2388.75,2474.25,2474.25,18,194.96,9750,-250,19-JAN-2024,
OPTIDX,NIFTY,25-Jan-2024,19250,CE,0,0,0,2190,2393.75,0,0,550,0,19-JAN-2024,
OPTIDX,NIFTY,25-Jan-2024,19300,CE,2390.65,2392.35,2373.4,2373.4,2343.8,4,43.37,11350,0,19-JAN-2024,
OPTIDX,NIFTY,25-Jan-2024,19350,CE,2290,2312.95,2272,2312.95,2312.95,206,2228.3,950,-9050,19-JAN-2024,
OPTIDX,NIFTY,25-Jan-2024,19400,CE,2244.85,2284,2208,2269.9,2269.9,118,1278.43,11200,-3300,19-JAN-2024,
OPTIDX,NIFTY,25-Jan-2024,19450,CE,2236.8,2236.8,2216.9,2216.9,2216.9,3,32.52,900,100,19-JAN-2024,
OPTIDX,NIFTY,25-Jan-2024,19500,CE,2181.35,2195.5,2084.85,2175.75,2175.75,563,6089.16,214200,-6650,19-JAN-2024,
OPTIDX,NIFTY,25-Jan-2024,19550,CE,2068.65,2140.5,2068.65,2110.8,2110.8,135,1463.23,3650,-2500,19-JAN-2024,
OPTIDX,NIFTY,25-Jan-2024,19600,CE,2046.05,2091,2000.9,2091,2044.15,18,194.74,21300,-250,19-JAN-2024,
OPTIDX,NIFTY,25-Jan-2024,19650,CE,0,0,0,2138.65,1994.2,0,0,300,0,19-JAN-2024,
OPTIDX,NIFTY,25-Jan-2024,19700,CE,1969.25,1995,1896,1994.2,1944.25,44,476.33,30800,-1950,19-JAN-2024,
OPTIDX,NIFTY,25-Jan-2024,19750,CE,0,0,0,1743,1894.3,0,0,1450,0,19-JAN-2024,
OPTIDX,NIFTY,25-Jan-2024,19800,CE,1880.05,1891.7,1801.3,1870.75,1870.75,120,1298.46,47950,-200,19-JAN-2024,
OPTIDX,NIFTY,25-Jan-2024,19850,CE,1808.45,1808.45,1755.1,1755.1,1794.4,7,75.72,2200,50,19-JAN-2024,
OPTIDX,NIFTY,25-Jan-2024,19900,CE,1774.9,1782,1703,1778.6,1778.6,14,151.65,27100,-500,19-JAN-2024,
OPTIDX,NIFTY,25-Jan-2024,19950,CE,0,0,0,1730,1694.5,0,0,2700,0,19-JAN-2024,
OPTIDX,NIFTY,25-Jan-2024,20000,CE,1630.25,1709.9,1585,1675.9,1675.9,1393,15079.6,533300,-17300,19-JAN-2024,
OPTIDX,NIFTY,25-Jan-2024,20050,CE,1640,1642,1632,1639,1639,87,943.47,7700,-3350,19-JAN-2024,
OPTIDX,NIFTY,25-Jan-2024,20100,CE,1531.6,1606,1479,1576.65,1544.7,25,270.41,44750,-600,19-JAN-2024,
OPTIDX,NIFTY,25-Jan-2024,20150,CE,1560,1560,1535.65,1535.65,1494.75,2,21.69,2600,-50,19-JAN-2024,
OPTIDX,NIFTY,25-Jan-2024,20200,CE,1443.25,1485.45,1415,1482.5,1482.5,63,681.65,56400,-1300,19-JAN-2024,
OPTIDX,NIFTY,25-Jan-2024,20250,CE,0,0,0,1285.65,1394.85,0,0,17500,0,19-JAN-2024,
OPTIDX,NIFTY,25-Jan-2024,20300,CE,1376,1403.5,1275.65,1368.2,1368.2,65,704.11,46450,-600,19-JAN-2024,
OPTIDX,NIFTY,25-Jan-2024,20350,CE,1307,1332,1307,1332,1332,5,54.16,7400,-150,19-JAN-2024,
OPTIDX,NIFTY,25-Jan-2024,20400,CE,1255,1313.5,1191,1279.15,1279.15,24,259.83,60300,-300,19-JAN-2024,
OPTIDX,NIFTY,25-Jan-2024,20450,CE,1169.3,1229.4,1169.3,1226.2,1195.1,9,97.37,3150,0,19-JAN-2024,
OPTIDX,NIFTY,25-Jan-2024,20500,CE,1119.95,1207.2,1087.25,1181.4,1181.4,971,10517.49,429550,-1300,19-JAN-2024,
OPTIDX,NIFTY,25-Jan-2024,20550,CE,0,0,0,996.95,1095.25,0,0,8350,0,19-JAN-2024,
OPTIDX,NIFTY,25-Jan-2024,20600,CE,1039.95,1102.3,996.2,1083.45,1083.45,239,2588.92,58500,-3050,19-JAN-2024,
OPTIDX,NIFTY,25-Jan-2024,20650,CE,1006.35,1033.8,1006.35,1023.85,1023.85,3,32.51,6650,-100,19-JAN-2024,
OPTIDX,NIFTY,25-Jan-2024,20700,CE,920,1012,900,982.4,982.4,193,2089.99,61100,-4600,19-JAN-2024,
OPTIDX,NIFTY,25-Jan-2024,20750,CE,826.05,934.15,826.05,904.75,895.8,35,378.26,10300,-1050,19-JAN-2024,
OPTIDX,NIFTY,25-Jan-2024,20800,CE,859.95,901.95,800,883.4,883.4,420,4549.89,168200,-1950,19-JAN-2024,
OPTIDX,NIFTY,25-Jan-2024,20850,CE,801.1,852.55,751.65,828.3,828.3,168,1819.71,14050,-3300,19-JAN-2024,
OPTIDX,NIFTY,25-Jan-2024,20900,CE,733.8,817,698.6,780.6,780.6,628,6802.41,69350,-10250,19-JAN-2024,
OPTIDX,NIFTY,25-Jan-2024,20950,CE,717.05,753,656.35,728,728,393,4257.97,25300,-4450,19-JAN-2024,
OPTIDX,NIFTY,25-Jan-2024,21000,CE,635,720,601.25,684.8,684.8,9951,107800.41,811200,11950,19-JAN-2024,
OPTIDX,NIFTY,25-Jan-2024,21050,CE,621.75,668.1,559.55,633.9,633.9,390,4223.03,36600,-2900,19-JAN-2024,
OPTIDX,NIFTY,25-Jan-2024,21100,CE,533.35,623.2,511,591.65,591.65,3456,37425.8,167150,-37750,19-JAN-2024,
OPTIDX,NIFTY,25-Jan-2024,21150,CE,532.85,573.9,468.05,543.05,543.05,1435,15549.86,49550,-9100,19-JAN-2024,
OPTIDX,NIFTY,25-Jan-2024,21200,CE,459.65,531.2,424.4,499.9,499.9,11999,130083.79,326450,-44250,19-JAN-2024,
OPTIDX,NIFTY,25-Jan-2024,21250,CE,415,485.5,381.6,453.3,453.3,4023,43623.48,52950,-15000,19-JAN-2024,
OPTIDX,NIFTY,25-Jan-2024,21300,CE,375,441.85,341.95,410.05,410.05,35671,386898.53,532050,-103050,19-JAN-2024,
OPTIDX,NIFTY,25-Jan-2024,21350,CE,300,399.95,300,368.55,368.55,16972,184171.64,108250,-63250,19-JAN-2024,
OPTIDX,NIFTY,25-Jan-2024,21400,CE,300,358.6,268.4,328.45,328.45,210054,2280682.31,1357800,-707500,19-JAN-2024,
OPTIDX,NIFTY,25-Jan-2024,21450,CE,260.05,319,234.2,287.45,287.45,107704,1169951.88,354850,-310050,19-JAN-2024,
OPTIDX,NIFTY,25-Jan-2024,21500,CE,248,281.2,202.35,250.65,250.65,753962,8195866.73,4334200,-70050,19-JAN-2024,
OPTIDX,NIFTY,25-Jan-2024,21550,CE,195.1,246.5,173.2,217.15,217.15,451922,4916161.33,734100,-8900,19-JAN-2024,
OPTIDX,NIFTY,25-Jan-2024,21600,CE,168,213.25,146.9,185.25,185.25,2399565,26129687.78,5062650,1265650,19-JAN-2024,
OPTIDX,NIFTY,25-Jan-2024,21650,CE,140,183.4,123.65,157.95,157.95,1669646,18202397.6,2757250,1558400,19-JAN-2024,
OPTIDX,NIFTY,25-Jan-2024,21700,CE,125.1,155,102.6,132,132,2234748,24390813.27,5727800,1227100,19-JAN-2024,
OPTIDX,NIFTY,25-Jan-2024,21750,CE,102.15,130.6,84.95,109.45,109.45,940139,10274121.36,1949350,826850,19-JAN-2024,
OPTIDX,NIFTY,25-Jan-2024,21800,CE,68,108.4,68,90,90,1661157,18180156.38,5808400,824250,19-JAN-2024,
OPTIDX,NIFTY,25-Jan-2024,21850,CE,70,89.3,56.1,72.65,72.65,609424,6679711.76,1968900,895800,19-JAN-2024,
OPTIDX,NIFTY,25-Jan-2024,21900,CE,59.05,73.3,44.8,58.65,58.65,871260,9565467,3402750,623300,19-JAN-2024,
OPTIDX,NIFTY,25-Jan-2024,21950,CE,50.95,60.05,35.85,47.2,47.2,445667,4901454.66,1444400,705200,19-JAN-2024,
OPTIDX,NIFTY,25-Jan-2024,22000,CE,39,48.75,28.65,37.8,37.8,1263758,13925035.57,7182600,534400,19-JAN-2024,
OPTIDX,NIFTY,25-Jan-2024,22050,CE,34,39.4,23,29.35,29.35,436022,4813605.91,2188450,1299050,19-JAN-2024,
OPTIDX,NIFTY,25-Jan-2024,22100,CE,20.6,31.65,18.5,23.5,23.5,630843,6978392.12,3538200,681950,19-JAN-2024,
OPTIDX,NIFTY,25-Jan-2024,22150,CE,21,25.5,14.9,18.4,18.4,353812,3921825.27,1253600,503600,19-JAN-2024,
OPTIDX,NIFTY,25-Jan-2024,22200,CE,14.8,20.3,11.75,14.5,14.5,621058,6898423.13,4365700,643400,19-JAN-2024,
OPTIDX,NIFTY,25-Jan-2024,22250,CE,12.7,16.3,9.35,11.5,11.5,311266,3464689.49,1774950,974400,19-JAN-2024,
OPTIDX,NIFTY,25-Jan-2024,22300,CE,9.8,13,7.4,9.15,9.15,509985,5688804.77,4986050,1011300,19-JAN-2024,
OPTIDX,NIFTY,25-Jan-2024,22350,CE,7.75,10.5,6.15,7.4,7.4,227615,2544500.99,1589950,649700,19-JAN-2024,
OPTIDX,NIFTY,25-Jan-2024,22400,CE,6.6,8.6,5.1,6.1,6.1,362578,4062073.53,2928850,466350,19-JAN-2024,
OPTIDX,NIFTY,25-Jan-2024,22450,CE,5.05,7.15,4.3,4.95,4.95,169768,1906106.26,1635150,1048800,19-JAN-2024,
OPTIDX,NIFTY,25-Jan-2024,22500,CE,6.2,6.8,3.9,4.4,4.4,668479,7521969.31,9012450,2481150,19-JAN-2024,
OPTIDX,NIFTY,25-Jan-2024,22550,CE,5,5.55,3.4,3.7,3.7,113573,1280766.49,920300,459350,19-JAN-2024,
OPTIDX,NIFTY,25-Jan-2024,22600,CE,4.1,4.5,2.1,3.25,3.25,434994,4916207,3737600,856100,19-JAN-2024,
OPTIDX,NIFTY,25-Jan-2024,22650,CE,3.55,3.7,2.05,2.7,2.7,142774,1617127.01,1174250,639950,19-JAN-2024,
OPTIDX,NIFTY,25-Jan-2024,22700,CE,4,4,2,2.55,2.55,255037,2895014.05,3082350,859050,19-JAN-2024,
OPTIDX,NIFTY,25-Jan-2024,22750,CE,2.95,3.3,2.15,2.35,2.35,47975,545776.51,594650,226000,19-JAN-2024,
OPTIDX,NIFTY,25-Jan-2024,22800,CE,2.55,2.85,2.05,2.25,2.25,142652,1626395.43,1930350,125500,19-JAN-2024,
OPTIDX,NIFTY,25-Jan-2024,22850,CE,2.45,2.55,1.9,2.1,2.1,25812,294929.73,325200,130150,19-JAN-2024,
OPTIDX,NIFTY,25-Jan-2024,22900,CE,2.6,2.6,1.8,2.05,2.05,103241,1182215.26,1161000,395900,19-JAN-2024,
OPTIDX,NIFTY,25-Jan-2024,22950,CE,2.4,2.45,1.7,1.95,1.95,30521,350258.44,259550,75200,19-JAN-2024,
OPTIDX,NIFTY,25-Jan-2024,23000,CE,2.5,2.5,1.6,1.95,1.95,344751,3964954.19,5729450,1411050,19-JAN-2024,
OPTIDX,NIFTY,25-Jan-2024,23050,CE,2.2,2.2,1.45,1.65,1.65,18090,208502.82,224500,23350,19-JAN-2024,
OPTIDX,NIFTY,25-Jan-2024,23100,CE,2.15,2.15,1.4,1.6,1.6,69164,798900.86,780950,28600,19-JAN-2024,
OPTIDX,NIFTY,25-Jan-2024,23150,CE,1.8,2.1,1.3,1.5,1.5,20833,241158.51,335350,12350,19-JAN-2024,
OPTIDX,NIFTY,25-Jan-2024,23200,CE,1.6,1.8,1.3,1.45,1.45,55307,641603.09,625400,53200,19-JAN-2024,
OPTIDX,NIFTY,25-Jan-2024,23250,CE,1.45,1.95,1.25,1.45,1.45,9186,106794.01,102650,26250,19-JAN-2024,
OPTIDX,NIFTY,25-Jan-2024,23300,CE,1.65,2.05,1.35,1.5,1.5,24924,290383.45,574150,-26250,19-JAN-2024,
OPTIDX,NIFTY,25-Jan-2024,23350,CE,1.95,3,1.2,1.45,1.45,13468,157248.76,86100,49900,19-JAN-2024,
OPTIDX,NIFTY,25-Jan-2024,23400,CE,2,2.1,1.3,1.5,1.5,34092,398901.14,331700,25650,19-JAN-2024,
OPTIDX,NIFTY,25-Jan-2024,23450,CE,2.5,7,1.25,1.55,1.55,5674,66531.73,90450,19600,19-JAN-2024,
OPTIDX,NIFTY,25-Jan-2024,23500,CE,1.5,1.8,1.2,1.55,1.55,120318,1413821.76,3002250,196950,19-JAN-2024,
OPTIDX,NIFTY,25-Jan-2024,23550,CE,1.8,1.95,0.95,1.4,1.4,9390,110573.27,110650,60750,19-JAN-2024,
OPTIDX,NIFTY,25-Jan-2024,23600,CE,1.9,1.9,1.1,1.4,1.4,17857,210724.35,286150,70650,19-JAN-2024,
OPTIDX,NIFTY,25-Jan-2024,23650,CE,1.15,2,1.05,1.3,1.3,6302,74525.09,101200,56400,19-JAN-2024,
OPTIDX,NIFTY,25-Jan-2024,23700,CE,1.9,2.15,1,1.3,1.3,13886,164557.81,210300,31800,19-JAN-2024,
OPTIDX,NIFTY,25-Jan-2024,23750,CE,1.8,1.8,0.95,1.3,1.3,8225,97676.71,118600,71000,19-JAN-2024,
OPTIDX,NIFTY,25-Jan-2024,23800,CE,1.6,1.65,0.95,1.35,1.35,35262,419639.17,1076250,126050,19-JAN-2024,
OPTIDX,NIFTY,25-Jan-2024,23850,CE,1.7,1.7,1.05,1.25,1.25,40563,483738.54,830550,93400,19-JAN-2024,
OPTIDX,NIFTY,25-Jan-2024,17350,PE,1.05,1.35,0.75,1.25,1.25,73243,635420.82,1119400,1065350,19-JAN-2024,
OPTIDX,NIFTY,25-Jan-2024,17400,PE,0.6,1.1,0.6,1,1,21888,190435.26,283850,132050,19-JAN-2024,
OPTIDX,NIFTY,25-Jan-2024,17450,PE,0.85,2.5,0.7,1.2,1.2,4607,40198.39,84950,49800,19-JAN-2024,
OPTIDX,NIFTY,25-Jan-2024,17500,PE,0.7,1.05,0.65,0.9,0.9,42382,370860.22,562450,47250,19-JAN-2024,
OPTIDX,NIFTY,25-Jan-2024,17550,PE,0.85,1.35,0.75,1.3,1.3,2066,18130.18,27900,22150,19-JAN-2024,
OPTIDX,NIFTY,25-Jan-2024,17600,PE,0.85,1.35,0.8,1.25,1.25,3903,34348.44,78100,60750,19-JAN-2024,
OPTIDX,NIFTY,25-Jan-2024,17650,PE,0.85,1.1,0.75,1.05,1.05,1391,12276.25,27100,17850,19-JAN-2024,
OPTIDX,NIFTY,25-Jan-2024,17700,PE,1,1.3,0.8,1.25,1.25,2982,26392.27,44200,38900,19-JAN-2024,
OPTIDX,NIFTY,25-Jan-2024,17750,PE,0.85,1.5,0.8,1.15,1.15,1392,12354.73,29800,21450,19-JAN-2024,
OPTIDX,NIFTY,25-Jan-2024,17800,PE,0.75,1.15,0.7,1.05,1.05,4894,43558.73,76350,1400,19-JAN-2024,
OPTIDX,NIFTY,25-Jan-2024,17850,PE,0.85,1.4,0.65,1.15,1.15,886,7907.99,15550,10200,19-JAN-2024,
OPTIDX,NIFTY,25-Jan-2024,17900,PE,0.7,1.1,0.7,1,1,4420,39560.97,121650,1050,19-JAN-2024,
OPTIDX,NIFTY,25-Jan-2024,17950,PE,0.85,1.3,0.7,1.2,1.2,1646,14773.69,34950,30450,19-JAN-2024,
OPTIDX,NIFTY,25-Jan-2024,18000,PE,0.8,1.05,0.7,0.85,0.85,38152,343384.52,733150,165300,19-JAN-2024,
OPTIDX,NIFTY,25-Jan-2024,18050,PE,1.15,1.4,0.9,1.25,1.25,2024,18267.69,38900,34900,19-JAN-2024,
OPTIDX,NIFTY,25-Jan-2024,18100,PE,2,2,0.8,1.25,1.25,2819,25513.48,44000,30150,19-JAN-2024,
OPTIDX,NIFTY,25-Jan-2024,18150,PE,1,1.5,0.7,1.05,1.05,1247,11317.18,26200,21500,19-JAN-2024,
OPTIDX,NIFTY,25-Jan-2024,18200,PE,1.15,1.3,0.85,1.05,1.05,4929,44856.45,78550,29150,19-JAN-2024,
OPTIDX,NIFTY,25-Jan-2024,18250,PE,1.05,1.2,0.7,1.1,1.1,1632,14892.83,27350,24250,19-JAN-2024,
OPTIDX,NIFTY,25-Jan-2024,18300,PE,0.95,1.55,0.9,1.3,1.3,2411,22062.02,72850,20800,19-JAN-2024,
OPTIDX,NIFTY,25-Jan-2024,18350,PE,1.1,1.65,0.65,1.3,1.3,1099,10083.93,27050,22150,19-JAN-2024,
OPTIDX,NIFTY,25-Jan-2024,18400,PE,1.3,1.4,0.9,1.3,1.3,3838,35311.79,87800,41050,19-JAN-2024,
OPTIDX,NIFTY,25-Jan-2024,18450,PE,1.15,1.35,0.95,1.25,1.25,717,6614.72,13550,9400,19-JAN-2024,
OPTIDX,NIFTY,25-Jan-2024,18500,PE,1.1,1.3,0.8,0.95,0.95,79921,739306.28,1173150,706100,19-JAN-2024,
OPTIDX,NIFTY,25-Jan-2024,18550,PE,1.45,1.45,0.95,1.4,1.4,1252,11613.07,31850,25000,19-JAN-2024,
OPTIDX,NIFTY,25-Jan-2024,18600,PE,1.35,1.65,1,1.4,1.4,2151,20005.62,92000,13050,19-JAN-2024,
OPTIDX,NIFTY,25-Jan-2024,18650,PE,0.8,1.6,0.8,1.35,1.35,722,6733.09,14100,10350,19-JAN-2024,
OPTIDX,NIFTY,25-Jan-2024,18700,PE,1.4,1.5,1.05,1.4,1.4,1531,14315.81,125250,20350,19-JAN-2024,
OPTIDX,NIFTY,25-Jan-2024,18750,PE,1.2,1.65,0.85,1.2,1.2,1035,9703.75,19600,11650,19-JAN-2024,
OPTIDX,NIFTY,25-Jan-2024,18800,PE,1.55,1.55,1.05,1.45,1.45,2395,22514.55,134750,4300,19-JAN-2024,
OPTIDX,NIFTY,25-Jan-2024,18850,PE,1.3,2.25,0.85,1.4,1.4,1568,14779.38,19450,15050,19-JAN-2024,
OPTIDX,NIFTY,25-Jan-2024,18900,PE,1.6,1.6,0.95,1.45,1.45,2412,22795.02,58100,10300,19-JAN-2024,
OPTIDX,NIFTY,25-Jan-2024,18950,PE,1.45,1.75,0.85,1.5,1.5,845,8006.92,17350,14350,19-JAN-2024,
OPTIDX,NIFTY,25-Jan-2024,19000,PE,1.55,1.75,1.1,1.45,1.45,23059,219075.24,2887850,-54450,19-JAN-2024,
OPTIDX,NIFTY,25-Jan-2024,19050,PE,1.5,1.9,1.15,1.6,1.6,916,8725.53,16200,9250,19-JAN-2024,
OPTIDX,NIFTY,25-Jan-2024,19100,PE,1.4,1.6,1.15,1.5,1.5,4613,44057.3,89750,31700,19-JAN-2024,
OPTIDX,NIFTY,25-Jan-2024,19150,PE,1.45,1.8,0.9,1.55,1.55,3084,29531.45,39400,24850,19-JAN-2024,
OPTIDX,NIFTY,25-Jan-2024,19200,PE,1.35,1.65,1.1,1.55,1.55,7527,72264.41,126300,53050,19-JAN-2024,
OPTIDX,NIFTY,25-Jan-2024,19250,PE,1.6,1.9,1.15,1.55,1.55,1290,12417.18,27300,9700,19-JAN-2024,
OPTIDX,NIFTY,25-Jan-2024,19300,PE,1.4,1.7,1,1.45,1.45,4874,47037.53,157950,34750,19-JAN-2024,
OPTIDX,NIFTY,25-Jan-2024,19350,PE,1.65,1.95,1,1.55,1.55,1195,11562.51,21700,15300,19-JAN-2024,
OPTIDX,NIFTY,25-Jan-2024,19400,PE,1.75,1.75,1.25,1.55,1.55,9866,95707.35,146400,34050,19-JAN-2024,
OPTIDX,NIFTY,25-Jan-2024,19450,PE,1.75,1.9,1.2,1.6,1.6,3201,31132.12,58700,27450,19-JAN-2024,
OPTIDX,NIFTY,25-Jan-2024,19500,PE,1.8,1.85,1.2,1.4,1.4,50115,488658.51,2281600,-72750,19-JAN-2024,
OPTIDX,NIFTY,25-Jan-2024,19550,PE,1.95,1.95,1.3,1.6,1.6,3134,30637.29,56650,20350,19-JAN-2024,
OPTIDX,NIFTY,25-Jan-2024,19600,PE,1.85,2.9,1.3,1.55,1.55,14741,144473.31,178300,-29050,19-JAN-2024,
OPTIDX,NIFTY,25-Jan-2024,19650,PE,2.2,2.2,1.3,1.45,1.45,3797,37308.55,40100,1200,19-JAN-2024,
OPTIDX,NIFTY,25-Jan-2024,19700,PE,1.8,2.15,1.25,1.5,1.5,15796,155603.38,179650,14650,19-JAN-2024,
OPTIDX,NIFTY,25-Jan-2024,19750,PE,2.15,2.2,1.35,1.6,1.6,5039,49764.34,74800,5250,19-JAN-2024,
OPTIDX,NIFTY,25-Jan-2024,19800,PE,2.05,2.2,1.15,1.4,1.4,46322,458625.58,709400,-265450,19-JAN-2024,
OPTIDX,NIFTY,25-Jan-2024,19850,PE,2,2.35,1.25,1.45,1.45,4267,42353.51,32050,6600,19-JAN-2024,
OPTIDX,NIFTY,25-Jan-2024,19900,PE,2.15,2.4,1.3,1.4,1.4,55951,556758.64,457200,50000,19-JAN-2024,
OPTIDX,NIFTY,25-Jan-2024,19950,PE,2.4,2.65,1.25,1.4,1.4,11669,116408.39,98200,15200,19-JAN-2024,
OPTIDX,NIFTY,25-Jan-2024,20000,PE,1.8,2.7,1.3,1.6,1.6,231575,2315969.52,4020050,302650,19-JAN-2024,
OPTIDX,NIFTY,25-Jan-2024,20050,PE,2.85,2.95,1.25,1.55,1.55,21329,213844.56,175150,37300,19-JAN-2024,
OPTIDX,NIFTY,25-Jan-2024,20100,PE,3,3.2,1.25,1.65,1.65,99772,1002814.79,580350,56650,19-JAN-2024,
OPTIDX,NIFTY,25-Jan-2024,20150,PE,3.35,3.5,1.55,2,2,34983,352496.12,316950,215450,19-JAN-2024,
OPTIDX,NIFTY,25-Jan-2024,20200,PE,3.85,4,1.45,1.95,1.95,282730,2855928.55,1970100,-743600,19-JAN-2024,
OPTIDX,NIFTY,25-Jan-2024,20250,PE,3.75,4.2,1.3,2.1,2.1,49195,498166.86,387300,135600,19-JAN-2024,
OPTIDX,NIFTY,25-Jan-2024,20300,PE,3.95,4.35,1.75,2.35,2.35,177812,1805071.42,1282450,458600,19-JAN-2024,
OPTIDX,NIFTY,25-Jan-2024,20350,PE,4.9,5,2.3,2.75,2.75,44953,457474.97,270500,71850,19-JAN-2024,
OPTIDX,NIFTY,25-Jan-2024,20400,PE,5.75,5.75,2.65,3.2,3.2,313317,3196459.44,1970150,753000,19-JAN-2024,
OPTIDX,NIFTY,25-Jan-2024,20450,PE,5.8,6,3.1,3.65,3.65,77586,793480.1,358800,155850,19-JAN-2024,
OPTIDX,NIFTY,25-Jan-2024,20500,PE,5,6,3.4,3.95,3.95,548952,5628015.32,7535500,2325600,19-JAN-2024,
OPTIDX,NIFTY,25-Jan-2024,20550,PE,7.7,7.7,4,4.5,4.5,66659,685093.61,296650,160200,19-JAN-2024,
OPTIDX,NIFTY,25-Jan-2024,20600,PE,8.2,8.55,4.5,5.15,5.15,337234,3474459.14,3149850,2101800,19-JAN-2024,
OPTIDX,NIFTY,25-Jan-2024,20650,PE,10.75,10.75,5.05,5.7,5.7,89207,921349.17,534200,178100,19-JAN-2024,
OPTIDX,NIFTY,25-Jan-2024,20700,PE,10.8,12,5.5,6.25,6.25,244324,2529627.13,1548950,452100,19-JAN-2024,
OPTIDX,NIFTY,25-Jan-2024,20750,PE,12.35,12.35,6.15,7.1,7.1,96720,1003864.2,390350,135300,19-JAN-2024,
OPTIDX,NIFTY,25-Jan-2024,20800,PE,10,12.45,6.8,7.9,7.9,403274,4195890.41,2569500,593400,19-JAN-2024,
OPTIDX,NIFTY,25-Jan-2024,20850,PE,17.5,17.5,7.65,9.1,9.1,118027,1231037.03,526350,266150,19-JAN-2024,
OPTIDX,NIFTY,25-Jan-2024,20900,PE,16.7,16.7,8.75,10.55,10.55,346957,3627780.62,2614300,550750,19-JAN-2024,
OPTIDX,NIFTY,25-Jan-2024,20950,PE,19.6,19.6,9.95,12.1,12.1,110452,1157744.57,380400,63400,19-JAN-2024,
OPTIDX,NIFTY,25-Jan-2024,21000,PE,24.8,24.8,11.4,14.05,14.05,701661,7372942.72,5925050,674000,19-JAN-2024,
OPTIDX,NIFTY,25-Jan-2024,21050,PE,29.5,29.5,13.15,16,16,228244,2404379.34,486500,219450,19-JAN-2024,
OPTIDX,NIFTY,25-Jan-2024,21100,PE,25.05,31.4,15.4,18.65,18.65,495060,5228302.37,1520150,-837850,19-JAN-2024,
OPTIDX,NIFTY,25-Jan-2024,21150,PE,28,37.4,18.1,22,22,320185,3390058.63,520900,-232700,19-JAN-2024,
OPTIDX,NIFTY,25-Jan-2024,21200,PE,43,44.6,21.5,25.65,25.65,659432,7000109.16,2547700,-413150,19-JAN-2024,
OPTIDX,NIFTY,25-Jan-2024,21250,PE,44.4,53.15,25.7,30.6,30.6,359319,3824424.09,507200,104150,19-JAN-2024,
OPTIDX,NIFTY,25-Jan-2024,21300,PE,32.9,63.4,31.05,36.8,36.8,946411,10100129.97,3265500,450050,19-JAN-2024,
OPTIDX,NIFTY,25-Jan-2024,21350,PE,50,75.35,37.35,43.75,43.75,496291,5311155.64,1526500,856100,19-JAN-2024,
OPTIDX,NIFTY,25-Jan-2024,21400,PE,71,89.6,45.7,53.25,53.25,1096436,11767183.42,4012300,-126850,19-JAN-2024,
OPTIDX,NIFTY,25-Jan-2024,21450,PE,97,105.85,55.3,63.95,63.95,731060,7868953.54,1671900,860500,19-JAN-2024,
OPTIDX,NIFTY,25-Jan-2024,21500,PE,99.95,124.15,66.9,77.15,77.15,2038821,22010319.75,6637700,2733300,19-JAN-2024,
OPTIDX,NIFTY,25-Jan-2024,21550,PE,129.05,145.95,81.15,93.65,93.65,1163439,12600370.74,1202900,872450,19-JAN-2024,
OPTIDX,NIFTY,25-Jan-2024,21600,PE,154.65,179.7,97.6,112.4,112.4,2871152,31195004.13,5021700,3351450,19-JAN-2024,
OPTIDX,NIFTY,25-Jan-2024,21650,PE,180.6,196.45,117.3,133.8,133.8,1348382,14697952.21,1543450,1216550,19-JAN-2024,
OPTIDX,NIFTY,25-Jan-2024,21700,PE,207.05,225.5,139.45,158.35,158.35,1111044,12152657.74,3607650,1480050,19-JAN-2024,
OPTIDX,NIFTY,25-Jan-2024,21750,PE,236.8,257.35,165,185.35,185.35,189441,2079497.48,503500,351550,19-JAN-2024,
OPTIDX,NIFTY,25-Jan-2024,21800,PE,265.9,291.9,193.25,215.85,215.85,305121,3361811.73,1888100,508300,19-JAN-2024,
OPTIDX,NIFTY,25-Jan-2024,21850,PE,301.3,328,225,248.25,248.25,36257,400969.13,208100,78850,19-JAN-2024,
OPTIDX,NIFTY,25-Jan-2024,21900,PE,334.7,366.9,258.55,283.45,283.45,61833,686448.18,795550,101200,19-JAN-2024,
OPTIDX,NIFTY,25-Jan-2024,21950,PE,383.75,406.3,298.15,321.3,321.3,7700,85812.38,98100,30400,19-JAN-2024,
OPTIDX,NIFTY,25-Jan-2024,22000,PE,434.35,451.2,336,362.85,362.85,57004,637964.75,1722500,76850,19-JAN-2024,
OPTIDX,NIFTY,25-Jan-2024,22050,PE,434.2,493,377.25,405.8,405.8,2289,25725.36,162250,-12450,19-JAN-2024,
OPTIDX,NIFTY,25-Jan-2024,22100,PE,499,536.7,419,449.2,449.2,7382,83292.9,390400,-29600,19-JAN-2024,
OPTIDX,NIFTY,25-Jan-2024,22150,PE,594.55,594.55,466.35,498.8,498.8,1758,19920.85,79100,-11050,19-JAN-2024,
OPTIDX,NIFTY,25-Jan-2024,22200,PE,573.4,630,510,541.05,541.05,2992,34036.75,270300,-24100,19-JAN-2024,
OPTIDX,NIFTY,25-Jan-2024,22250,PE,605.05,670.4,556.1,588.65,588.65,184,2102.49,38450,-1250,19-JAN-2024,
OPTIDX,NIFTY,25-Jan-2024,22300,PE,664.4,713.2,602,636.25,636.25,1604,18410.5,74750,-24450,19-JAN-2024,
OPTIDX,NIFTY,25-Jan-2024,22350,PE,690,758.35,677.6,692.95,692.95,59,680.15,55550,-450,19-JAN-2024,
OPTIDX,NIFTY,25-Jan-2024,22400,PE,757.05,807.15,701,732.45,732.45,376,4351.67,41600,-7400,19-JAN-2024,
OPTIDX,NIFTY,25-Jan-2024,22450,PE,800,848.3,760.5,786.7,786.7,25,290.61,25400,100,19-JAN-2024,
OPTIDX,NIFTY,25-Jan-2024,22500,PE,900,923.45,795,828.35,828.35,5580,65137.3,528050,-37600,19-JAN-2024,
OPTIDX,NIFTY,25-Jan-2024,22550,PE,885.1,944.5,867,884.45,884.45,25,293.14,14200,-300,19-JAN-2024,
OPTIDX,NIFTY,25-Jan-2024,22600,PE,945.55,1017.4,900,937.25,937.25,136,1601.36,35150,150,19-JAN-2024,
OPTIDX,NIFTY,25-Jan-2024,22650,PE,1008.25,1052.45,948.9,994.4,1002.7,10,118.19,8500,150,19-JAN-2024,
OPTIDX,NIFTY,25-Jan-2024,22700,PE,1090,1090,1015,1022.35,1022.35,29,344.06,35700,50,19-JAN-2024,
OPTIDX,NIFTY,25-Jan-2024,22750,PE,1060.1,1060.1,1060,1060,1102.45,2,23.81,1950,0,19-JAN-2024,
OPTIDX,NIFTY,25-Jan-2024,22800,PE,1150.65,1216.8,1100,1122.05,1122.05,61,730.67,13150,250,19-JAN-2024,
OPTIDX,NIFTY,25-Jan-2024,22850,PE,1196.5,1196.5,1166.4,1166.4,1202.3,2,24.03,900,0,19-JAN-2024,
OPTIDX,NIFTY,25-Jan-2024,22900,PE,1260.45,1302,1199.75,1232.85,1232.85,40,482.7,106200,-400,19-JAN-2024,
OPTIDX,NIFTY,25-Jan-2024,22950,PE,1308.8,1308.8,1264.75,1264.75,1302.15,2,24.23,5450,0,19-JAN-2024,
OPTIDX,NIFTY,25-Jan-2024,23000,PE,1378.75,1405,1291.65,1321.15,1321.15,585,7121.18,282000,-9850,19-JAN-2024,
OPTIDX,NIFTY,25-Jan-2024,23050,PE,0,0,0,1308.25,1402.05,0,0,200,0,19-JAN-2024,
OPTIDX,NIFTY,25-Jan-2024,23100,PE,1420,1485.6,1415.6,1417,1417,15,183.95,4350,50,19-JAN-2024,
OPTIDX,NIFTY,25-Jan-2024,23150,PE,1543.65,1543.65,1533.45,1533.45,1501.95,2,24.68,700,50,19-JAN-2024,
OPTIDX,NIFTY,25-Jan-2024,23200,PE,1553.8,1560,1501.8,1515.2,1515.2,11,135.99,2300,100,19-JAN-2024,
OPTIDX,NIFTY,25-Jan-2024,23250,PE,1706,1706,1566.1,1566.1,1601.8,2,24.88,100,0,19-JAN-2024,
OPTIDX,NIFTY,25-Jan-2024,23300,PE,1640,1704.85,1615,1615,1651.75,21,261.94,8300,-400,19-JAN-2024,
OPTIDX,NIFTY,25-Jan-2024,23350,PE,0,0,0,2434.2,1701.7,0,0,0,0,19-JAN-2024,
OPTIDX,NIFTY,25-Jan-2024,23400,PE,1756.15,1764.3,1719.25,1739.15,1739.15,74,930.19,3100,200,19-JAN-2024,
OPTIDX,NIFTY,25-Jan-2024,23450,PE,1867.35,1867.35,1713.3,1713.3,1801.6,2,25.24,50,50,19-JAN-2024,
OPTIDX,NIFTY,25-Jan-2024,23500,PE,1805.05,1822,1805.05,1816,1816,8,101.26,7450,100,19-JAN-2024,
OPTIDX,NIFTY,25-Jan-2024,23550,PE,0,0,0,2628.65,1901.5,0,0,0,0,19-JAN-2024,
OPTIDX,NIFTY,25-Jan-2024,23600,PE,0,0,0,2677.45,1951.45,0,0,0,0,19-JAN-2024,
OPTIDX,NIFTY,25-Jan-2024,23650,PE,0,0,0,2726.3,2001.35,0,0,0,0,19-JAN-2024,
OPTIDX,NIFTY,25-Jan-2024,23700,PE,0,0,0,2775.25,2051.3,0,0,0,0,19-JAN-2024,
OPTIDX,NIFTY,25-Jan-2024,23750,PE,0,0,0,1641.35,2101.25,0,0,150,0,19-JAN-2024,
OPTIDX,NIFTY,25-Jan-2024,23800,PE,2139.1,2197.35,2093.95,2127.2,2127.2,6,77.82,950,200,19-JAN-2024,
OPTIDX,NIFTY,25-Jan-2024,23850,PE,2163.8,2166.8,2163.8,2166.8,2201.15,2,26.01,800,50,19-JAN-2024,
OPTIDX,NIFTY,01-Feb-2024,19700,CE,0,0,0,1739.1,1969.7,0,0,0,0,19-JAN-2024,
OPTIDX,NIFTY,01-Feb-2024,19750,CE,1990,1990,1983.3,1983.3,1983.3,3,32.6,650,100,19-JAN-2024,
OPTIDX,NIFTY,01-Feb-2024,19800,CE,0,0,0,1645.4,1869.95,0,0,0,0,19-JAN-2024,
OPTIDX,NIFTY,01-Feb-2024,19850,CE,1890,1890,1835,1870,1820.05,5,54.25,600,250,19-JAN-2024,
OPTIDX,NIFTY,01-Feb-2024,19900,CE,0,0,0,1725.3,1770.2,0,0,50,0,19-JAN-2024,
OPTIDX,NIFTY,01-Feb-2024,19950,CE,0,0,0,1507.15,1720.35,0,0,0,0,19-JAN-2024,
OPTIDX,NIFTY,01-Feb-2024,20000,CE,1678.4,1750.2,1678.4,1750.2,1670.45,41,445.02,5550,2050,19-JAN-2024,
OPTIDX,NIFTY,01-Feb-2024,20050,CE,1695,1695,1695,1695,1620.6,70,761.07,3500,3500,19-JAN-2024,
OPTIDX,NIFTY,01-Feb-2024,20100,CE,1610,1635,1610,1635,1570.75,2,21.72,150,100,19-JAN-2024,
OPTIDX,NIFTY,01-Feb-2024,20150,CE,0,0,0,1328.05,1520.9,0,0,0,0,19-JAN-2024,
OPTIDX,NIFTY,01-Feb-2024,20200,CE,0,0,0,1390,1471.1,0,0,200,0,19-JAN-2024,
OPTIDX,NIFTY,01-Feb-2024,20250,CE,0,0,0,1241.25,1421.3,0,0,0,0,19-JAN-2024,
OPTIDX,NIFTY,01-Feb-2024,20300,CE,0,0,0,1250,1371.5,0,0,50,0,19-JAN-2024,
OPTIDX,NIFTY,01-Feb-2024,20350,CE,1365,1365,1365,1365,1365,1,10.85,50,50,19-JAN-2024,
OPTIDX,NIFTY,01-Feb-2024,20400,CE,0,0,0,1155,1272.1,0,0,50,0,19-JAN-2024,
OPTIDX,NIFTY,01-Feb-2024,20450,CE,1292,1292,1292,1292,1222.5,10,108.71,850,500,19-JAN-2024,
OPTIDX,NIFTY,01-Feb-2024,20500,CE,1185.15,1265,1185.15,1231.35,1231.35,31,336.82,4600,1250,19-JAN-2024,
OPTIDX,NIFTY,01-Feb-2024,20550,CE,1140,1210,1139.95,1190.9,1190.9,16,173.86,800,800,19-JAN-2024,
OPTIDX,NIFTY,01-Feb-2024,20600,CE,0,0,0,970,1074.45,0,0,550,0,19-JAN-2024,
OPTIDX,NIFTY,01-Feb-2024,20650,CE,0,0,0,917.25,1025.4,0,0,0,0,19-JAN-2024,
OPTIDX,NIFTY,01-Feb-2024,20700,CE,1010,1010,1010,1010,976.65,16,173.68,800,800,19-JAN-2024,
OPTIDX,NIFTY,01-Feb-2024,20750,CE,980,990,930,975,928.2,10,108.59,500,500,19-JAN-2024,
OPTIDX,NIFTY,01-Feb-2024,20800,CE,0,0,0,800.15,880.1,0,0,150,0,19-JAN-2024,
OPTIDX,NIFTY,01-Feb-2024,20850,CE,0,0,0,771.95,832.45,0,0,0,0,19-JAN-2024,
OPTIDX,NIFTY,01-Feb-2024,20900,CE,840,865,832.35,865,865,3,32.61,150,150,19-JAN-2024,
OPTIDX,NIFTY,01-Feb-2024,20950,CE,801,834.35,778.9,808.25,808.25,40,434.98,2000,1950,19-JAN-2024,
OPTIDX,NIFTY,01-Feb-2024,21000,CE,720,792.45,694,771.1,771.1,527,5729.72,44850,6550,19-JAN-2024,
OPTIDX,NIFTY,01-Feb-2024,21050,CE,663.4,725.25,663.4,723.2,723.2,45,489.36,1250,1150,19-JAN-2024,
OPTIDX,NIFTY,01-Feb-2024,21100,CE,650,700,615.65,683.65,683.65,156,1697.29,11100,2400,19-JAN-2024,
OPTIDX,NIFTY,01-Feb-2024,21150,CE,594.6,651.7,582.05,634.2,634.2,95,1033.14,5000,2650,19-JAN-2024,
OPTIDX,NIFTY,01-Feb-2024,21200,CE,570.05,620,530.95,595.2,595.2,759,8265.87,26750,-9850,19-JAN-2024,
OPTIDX,NIFTY,01-Feb-2024,21250,CE,547.05,572,500,552,552,462,5033.94,11600,400,19-JAN-2024,
OPTIDX,NIFTY,01-Feb-2024,21300,CE,489.95,535.45,457.7,516.55,516.55,1701,18541.27,35200,-20650,19-JAN-2024,
OPTIDX,NIFTY,01-Feb-2024,21350,CE,450,495.6,423.25,476.85,476.85,1475,16085.3,12950,-6250,19-JAN-2024,
OPTIDX,NIFTY,01-Feb-2024,21400,CE,402.55,461.5,383.55,439.9,439.9,4566,49830.01,87850,-38850,19-JAN-2024,
OPTIDX,NIFTY,01-Feb-2024,21450,CE,390,426.1,352.9,402.45,402.45,3045,33250.09,20250,-26850,19-JAN-2024,
OPTIDX,NIFTY,01-Feb-2024,21500,CE,359.85,391.75,320,371,371,20541,224524.42,387150,-46150,19-JAN-2024,
OPTIDX,NIFTY,01-Feb-2024,21550,CE,318.45,357.75,289.25,336.3,336.3,6432,70345.57,28850,-23850,19-JAN-2024,
OPTIDX,NIFTY,01-Feb-2024,21600,CE,300.05,327.2,261.85,307.55,307.55,54245,593921.89,248450,36000,19-JAN-2024,
OPTIDX,NIFTY,01-Feb-2024,21650,CE,262.55,296.25,235.25,277.3,277.3,17928,196492.01,87700,30550,19-JAN-2024,
OPTIDX,NIFTY,01-Feb-2024,21700,CE,233.95,266.9,209.8,248.35,248.35,46494,510099.97,484050,218900,19-JAN-2024,
OPTIDX,NIFTY,01-Feb-2024,21750,CE,217.9,238.25,186.25,222.05,222.05,9767,107266.68,44700,6700,19-JAN-2024,
OPTIDX,NIFTY,01-Feb-2024,21800,CE,189.55,213,164.45,196.65,196.65,38203,420077.32,247100,-77450,19-JAN-2024,
OPTIDX,NIFTY,01-Feb-2024,21850,CE,160,188.85,147,174.5,174.5,8444,92965.81,74150,20250,19-JAN-2024,
OPTIDX,NIFTY,01-Feb-2024,21900,CE,148.5,166.35,126.15,152.6,152.6,29302,323020.78,391000,174150,19-JAN-2024,
OPTIDX,NIFTY,01-Feb-2024,21950,CE,129.15,145.8,110,134.55,134.55,12977,143269.81,97400,43200,19-JAN-2024,
OPTIDX,NIFTY,01-Feb-2024,22000,CE,110.95,127.6,95.6,116.65,116.65,37865,418663.44,586400,15650,19-JAN-2024,
OPTIDX,NIFTY,01-Feb-2024,22050,CE,99,110.75,83.75,100.75,100.75,5548,61437.64,57700,17150,19-JAN-2024,
OPTIDX,NIFTY,01-Feb-2024,22100,CE,87.9,95.45,71.15,87.2,87.2,14546,161351.06,279750,27650,19-JAN-2024,
OPTIDX,NIFTY,01-Feb-2024,22150,CE,65.65,83.4,61.65,74.9,74.9,5298,58869.17,42750,13100,19-JAN-2024,
OPTIDX,NIFTY,01-Feb-2024,22200,CE,63.2,72.05,53.2,64.8,64.8,18404,204865.41,223600,70950,19-JAN-2024,
OPTIDX,NIFTY,01-Feb-2024,22250,CE,56.55,62.6,45.95,55.5,55.5,6751,75286.89,74850,36100,19-JAN-2024,
OPTIDX,NIFTY,01-Feb-2024,22300,CE,48,57.4,39.5,47.75,47.75,16499,184355.85,230550,102700,19-JAN-2024,
OPTIDX,NIFTY,01-Feb-2024,22350,CE,44,47.35,34.2,40.55,40.55,5329,59657.64,42350,10950,19-JAN-2024,
OPTIDX,NIFTY,01-Feb-2024,22400,CE,38.65,41.4,29.7,34.8,34.8,12062,135302.66,122900,38700,19-JAN-2024,
OPTIDX,NIFTY,01-Feb-2024,22450,CE,33.9,35.85,26,29.8,29.8,5734,64448.38,54350,15150,19-JAN-2024,
OPTIDX,NIFTY,01-Feb-2024,22500,CE,33.95,33.95,22.8,26.45,26.45,20838,234707.5,376800,42500,19-JAN-2024,
OPTIDX,NIFTY,01-Feb-2024,22550,CE,26.35,27.9,19.9,22.35,22.35,3725,42041.7,47300,28900,19-JAN-2024,
OPTIDX,NIFTY,01-Feb-2024,22600,CE,21.7,24.25,17.1,19.3,19.3,7925,89632.64,116800,44300,19-JAN-2024,
OPTIDX,NIFTY,01-Feb-2024,22650,CE,20.65,21.45,14.75,16.35,16.35,2588,29330.73,58250,38050,19-JAN-2024,
OPTIDX,NIFTY,01-Feb-2024,22700,CE,18.3,19.35,13,14.3,14.3,6949,78922.54,102750,35650,19-JAN-2024,
OPTIDX,NIFTY,01-Feb-2024,22750,CE,16.7,17.15,11.75,12.95,12.95,941,10710.04,19050,7250,19-JAN-2024,
OPTIDX,NIFTY,01-Feb-2024,22800,CE,14.6,16,10.4,11.3,11.3,5275,60166.25,68750,13200,19-JAN-2024,
OPTIDX,NIFTY,01-Feb-2024,22850,CE,13,16.8,9.45,10.3,10.3,976,11155.94,14500,3300,19-JAN-2024,
OPTIDX,NIFTY,01-Feb-2024,22900,CE,11.95,14.25,8.5,9.2,9.2,4387,50253.22,38850,2550,19-JAN-2024,
OPTIDX,NIFTY,01-Feb-2024,22950,CE,10.9,11.75,7.75,8.5,8.5,1596,18321.33,16450,1950,19-JAN-2024,
OPTIDX,NIFTY,01-Feb-2024,23000,CE,9,11.85,6.8,7.6,7.6,19227,221186.28,275350,40150,19-JAN-2024,
OPTIDX,NIFTY,01-Feb-2024,23050,CE,9.45,9.45,5.9,6.75,6.75,510,5879.63,13000,4100,19-JAN-2024,
OPTIDX,NIFTY,01-Feb-2024,23100,CE,8.3,8.6,6.05,6.25,6.25,1973,22795.06,24850,1050,19-JAN-2024,
OPTIDX,NIFTY,01-Feb-2024,23150,CE,8.25,8.25,5.6,5.9,5.9,262,3033.55,7600,2250,19-JAN-2024,
OPTIDX,NIFTY,01-Feb-2024,23200,CE,7.45,8.65,5.35,5.45,5.45,1680,19493.02,46650,8900,19-JAN-2024,
OPTIDX,NIFTY,01-Feb-2024,23250,CE,6.65,6.65,5,5.35,5.35,136,1581.41,9500,2550,19-JAN-2024,
OPTIDX,NIFTY,01-Feb-2024,23300,CE,5.65,6.45,4.45,4.6,4.6,1508,17572.17,47100,-4800,19-JAN-2024,
OPTIDX,NIFTY,01-Feb-2024,23350,CE,6.2,7.15,4.6,5.2,5.2,212,2475.66,19700,5250,19-JAN-2024,
OPTIDX,NIFTY,01-Feb-2024,23400,CE,5.6,5.6,3.85,3.95,3.95,4538,53104.75,100000,49350,19-JAN-2024,
OPTIDX,NIFTY,01-Feb-2024,23450,CE,7,14.8,3.7,3.95,3.95,1460,17121.95,25050,-2850,19-JAN-2024,
OPTIDX,NIFTY,01-Feb-2024,23500,CE,4.85,5,3.45,3.65,3.65,4111,48312.64,110350,34350,19-JAN-2024,
OPTIDX,NIFTY,01-Feb-2024,23550,CE,5.55,5.55,3.4,3.7,3.7,196,2308.31,11050,2250,19-JAN-2024,
OPTIDX,NIFTY,01-Feb-2024,23600,CE,5.05,6.75,3.5,3.65,3.65,481,5676.76,15700,4200,19-JAN-2024,
OPTIDX,NIFTY,01-Feb-2024,23650,CE,4.95,5.35,3.65,3.75,3.75,702,8302.63,12600,4900,19-JAN-2024,
OPTIDX,NIFTY,01-Feb-2024,23700,CE,3.05,3.7,3.05,3.6,3.6,133,1576.27,5050,2300,19-JAN-2024,
OPTIDX,NIFTY,01-Feb-2024,23750,CE,0,0,0,6.2,0.05,0,0,2700,0,19-JAN-2024,
OPTIDX,NIFTY,01-Feb-2024,23800,CE,4.4,5.2,3.25,3.3,3.3,603,7176.78,26800,9000,19-JAN-2024,
OPTIDX,NIFTY,01-Feb-2024,23850,CE,4.5,5.95,3.2,3.4,3.4,629,7501.96,23450,7450,19-JAN-2024,
OPTIDX,NIFTY,01-Feb-2024,19700,PE,3.2,3.55,3.2,3.55,3.55,133,1310.27,5600,5600,19-JAN-2024,
OPTIDX,NIFTY,01-Feb-2024,19750,PE,4,5.35,3.7,4.3,4.3,1185,11704.74,7500,7450,19-JAN-2024,
OPTIDX,NIFTY,01-Feb-2024,19800,PE,0,0,0,25.4,0.05,0,0,0,0,19-JAN-2024,
OPTIDX,NIFTY,01-Feb-2024,19850,PE,0,0,0,28.6,0.05,0,0,0,0,19-JAN-2024,
OPTIDX,NIFTY,01-Feb-2024,19900,PE,0,0,0,32.05,0.05,0,0,0,0,19-JAN-2024,
OPTIDX,NIFTY,01-Feb-2024,19950,PE,6.85,8,4.85,5.4,5.4,1989,19846.37,28600,-150,19-JAN-2024,
OPTIDX,NIFTY,01-Feb-2024,20000,PE,8,8.6,5.45,5.95,5.95,21512,215192.18,191200,85400,19-JAN-2024,
OPTIDX,NIFTY,01-Feb-2024,20050,PE,9.05,9.05,5.7,6.25,6.25,1428,14320.67,9050,7150,19-JAN-2024,
OPTIDX,NIFTY,01-Feb-2024,20100,PE,8.75,12.3,5.95,6.4,6.4,2713,27275.55,35700,10500,19-JAN-2024,
OPTIDX,NIFTY,01-Feb-2024,20150,PE,6.05,6.05,6.05,6.05,6.05,7,70.54,15600,0,19-JAN-2024,
OPTIDX,NIFTY,01-Feb-2024,20200,PE,11.2,11.2,7.05,7.7,7.7,4646,46944.25,27650,3350,19-JAN-2024,
OPTIDX,NIFTY,01-Feb-2024,20250,PE,11.65,11.65,5.9,8.35,8.35,392,3970.77,9700,3450,19-JAN-2024,
OPTIDX,NIFTY,01-Feb-2024,20300,PE,12.4,12.9,8.65,9.2,9.2,2730,27722.87,41450,11500,19-JAN-2024,
OPTIDX,NIFTY,01-Feb-2024,20350,PE,13.65,13.65,9.55,10.05,10.05,792,8062.73,16550,10450,19-JAN-2024,
OPTIDX,NIFTY,01-Feb-2024,20400,PE,14,14.95,10.25,11.1,11.1,5255,53631.84,108900,27200,19-JAN-2024,
OPTIDX,NIFTY,01-Feb-2024,20450,PE,16.65,16.65,11,12.15,12.15,974,9965.38,15700,5100,19-JAN-2024,
OPTIDX,NIFTY,01-Feb-2024,20500,PE,18.05,18.3,11.8,13.35,13.35,17954,184153.74,175700,7900,19-JAN-2024,
OPTIDX,NIFTY,01-Feb-2024,20550,PE,20.75,20.75,13.4,15.05,15.05,1126,11578.76,17700,3600,19-JAN-2024,
OPTIDX,NIFTY,01-Feb-2024,20600,PE,23.15,25.2,14.6,16.6,16.6,8544,88080.06,93250,44700,19-JAN-2024,
OPTIDX,NIFTY,01-Feb-2024,20650,PE,25.95,26,16.75,18.7,18.7,1989,20556.28,16450,6900,19-JAN-2024,
OPTIDX,NIFTY,01-Feb-2024,20700,PE,29.25,30.55,18.5,20.95,20.95,10585,109671.48,101050,19050,19-JAN-2024,
OPTIDX,NIFTY,01-Feb-2024,20750,PE,32.4,32.4,20.6,23.7,23.7,2859,29698.51,19750,3650,19-JAN-2024,
OPTIDX,NIFTY,01-Feb-2024,20800,PE,41.2,41.2,23.3,26.85,26.85,13457,140143.57,114100,-78550,19-JAN-2024,
OPTIDX,NIFTY,01-Feb-2024,20850,PE,38.6,40.05,25.4,30.35,30.35,11962,124887.54,54400,-93150,19-JAN-2024,
OPTIDX,NIFTY,01-Feb-2024,20900,PE,44.7,46.05,29.7,34.35,34.35,10973,114866.88,177050,63700,19-JAN-2024,
OPTIDX,NIFTY,01-Feb-2024,20950,PE,49.9,51.9,33.6,37.7,37.7,6750,70836.35,147200,133750,19-JAN-2024,
OPTIDX,NIFTY,01-Feb-2024,21000,PE,54.9,58.95,38.1,43.8,43.8,37787,397642.47,355050,59400,19-JAN-2024,
OPTIDX,NIFTY,01-Feb-2024,21050,PE,63.1,66.35,43.3,49.35,49.35,5178,54632.72,48050,32000,19-JAN-2024,
OPTIDX,NIFTY,01-Feb-2024,21100,PE,71,75.4,49.55,56.35,56.35,22821,241444.23,371200,247950,19-JAN-2024,
OPTIDX,NIFTY,01-Feb-2024,21150,PE,80.05,84.75,56.1,62.95,62.95,5203,55199.46,55400,31350,19-JAN-2024,
OPTIDX,NIFTY,01-Feb-2024,21200,PE,77.25,95.85,63.4,70.8,70.8,17981,191288.33,172100,50900,19-JAN-2024,
OPTIDX,NIFTY,01-Feb-2024,21250,PE,100.7,106.8,71.6,79.4,79.4,6772,72244.39,43550,26400,19-JAN-2024,
OPTIDX,NIFTY,01-Feb-2024,21300,PE,105.1,120.2,80.65,89.3,89.3,25232,269934.52,290500,82050,19-JAN-2024,
OPTIDX,NIFTY,01-Feb-2024,21350,PE,126.55,133.75,91,100.45,100.45,7776,83427.91,48750,23400,19-JAN-2024,
OPTIDX,NIFTY,01-Feb-2024,21400,PE,134,150.55,102.8,113.4,113.4,27363,294451.29,286350,12950,19-JAN-2024,
OPTIDX,NIFTY,01-Feb-2024,21450,PE,145.05,167.75,116.1,127.25,127.25,8396,90624.56,56750,9550,19-JAN-2024,
OPTIDX,NIFTY,01-Feb-2024,21500,PE,160.85,186.7,130,141.85,141.85,59795,647406.21,627050,146550,19-JAN-2024,
OPTIDX,NIFTY,01-Feb-2024,21550,PE,198.9,206.85,146,159.5,159.5,11445,124317.36,35550,17150,19-JAN-2024,
OPTIDX,NIFTY,01-Feb-2024,21600,PE,205.9,229.05,164,178.75,178.75,66327,722741.72,313650,193400,19-JAN-2024,
OPTIDX,NIFTY,01-Feb-2024,21650,PE,241.85,252.15,182.85,198.9,198.9,17813,194712.04,50450,27600,19-JAN-2024,
OPTIDX,NIFTY,01-Feb-2024,21700,PE,245,277.75,203.5,219.6,219.6,42682,468084.73,454950,282550,19-JAN-2024,
OPTIDX,NIFTY,01-Feb-2024,21750,PE,265.65,302.15,226.2,243.7,243.7,6308,69417.6,25950,2500,19-JAN-2024,
OPTIDX,NIFTY,01-Feb-2024,21800,PE,299.55,330.5,249.75,270.45,270.45,21332,235532.99,151750,-71250,19-JAN-2024,
OPTIDX,NIFTY,01-Feb-2024,21850,PE,311.95,359.3,275.4,296.15,296.15,1981,21950.85,13900,-12400,19-JAN-2024,
OPTIDX,NIFTY,01-Feb-2024,21900,PE,366.15,392.2,303.95,325.05,325.05,3116,34648.14,41150,-2450,19-JAN-2024,
OPTIDX,NIFTY,01-Feb-2024,21950,PE,368.95,416,334.75,354.45,354.45,384,4285.36,17650,9250,19-JAN-2024,
OPTIDX,NIFTY,01-Feb-2024,22000,PE,430,458.1,363.8,386.45,386.45,5306,59443.05,166100,-32700,19-JAN-2024,
OPTIDX,NIFTY,01-Feb-2024,22050,PE,436.6,483.7,410.3,421.35,421.35,205,2306.37,11350,1100,19-JAN-2024,
OPTIDX,NIFTY,01-Feb-2024,22100,PE,476.45,526.05,440.85,457.15,457.15,496,5599.11,16900,-7850,19-JAN-2024,
OPTIDX,NIFTY,01-Feb-2024,22150,PE,521.95,555.45,481.95,492.35,492.35,110,1246.9,5000,1350,19-JAN-2024,
OPTIDX,NIFTY,01-Feb-2024,22200,PE,555,616,510,531.75,531.75,294,3344.86,13350,-150,19-JAN-2024,
OPTIDX,NIFTY,01-Feb-2024,22250,PE,550,634.2,550,586.45,607.75,54,616.86,1800,-1350,19-JAN-2024,
OPTIDX,NIFTY,01-Feb-2024,22300,PE,600,695,591,613.8,613.8,87,996.81,5800,-1250,19-JAN-2024,
OPTIDX,NIFTY,01-Feb-2024,22350,PE,0,0,0,1032.9,696.6,0,0,0,0,19-JAN-2024,
OPTIDX,NIFTY,01-Feb-2024,22400,PE,0,0,0,857.3,742.25,0,0,5150,0,19-JAN-2024,
OPTIDX,NIFTY,01-Feb-2024,22450,PE,754.95,754.95,748.9,748.9,748.9,4,46.4,100,100,19-JAN-2024,
OPTIDX,NIFTY,01-Feb-2024,22500,PE,877.6,877.6,769.25,791.9,791.9,205,2388.68,11300,-2850,19-JAN-2024,
OPTIDX,NIFTY,01-Feb-2024,22550,PE,0,0,0,1197.05,882.95,0,0,0,0,19-JAN-2024,
OPTIDX,NIFTY,01-Feb-2024,22600,PE,912.15,912.15,868.6,868.6,930.85,2,23.49,50,50,19-JAN-2024,
OPTIDX,NIFTY,01-Feb-2024,22650,PE,0,0,0,1282.3,979.15,0,0,0,0,19-JAN-2024,
OPTIDX,NIFTY,01-Feb-2024,22700,PE,0,0,0,1325.6,1027.75,0,0,0,0,19-JAN-2024,
OPTIDX,NIFTY,01-Feb-2024,22750,PE,0,0,0,1369.35,1076.55,0,0,0,0,19-JAN-2024,
OPTIDX,NIFTY,01-Feb-2024,22800,PE,1111.8,1111.8,1111.8,1111.8,1125.65,1,11.95,100,50,19-JAN-2024,
OPTIDX,NIFTY,01-Feb-2024,22850,PE,0,0,0,1458.1,1174.85,0,0,0,0,19-JAN-2024,
OPTIDX,NIFTY,01-Feb-2024,22900,PE,0,0,0,1503.05,1224.25,0,0,0,0,19-JAN-2024,
OPTIDX,NIFTY,01-Feb-2024,22950,PE,0,0,0,1548.3,1273.7,0,0,0,0,19-JAN-2024,
OPTIDX,NIFTY,01-Feb-2024,23000,PE,1327.2,1327.2,1273,1300,1323.3,9,109.35,1700,-100,19-JAN-2024,
OPTIDX,NIFTY,01-Feb-2024,23050,PE,0,0,0,1639.85,1372.95,0,0,0,0,19-JAN-2024,
OPTIDX,NIFTY,01-Feb-2024,23100,PE,0,0,0,1686.05,1422.65,0,0,0,0,19-JAN-2024,
OPTIDX,NIFTY,01-Feb-2024,23150,PE,0,0,0,1732.55,1472.4,0,0,0,0,19-JAN-2024,
OPTIDX,NIFTY,01-Feb-2024,23200,PE,0,0,0,1779.25,1522.15,0,0,0,0,19-JAN-2024,
OPTIDX,NIFTY,01-Feb-2024,23250,PE,0,0,0,1826.25,1571.95,0,0,0,0,19-JAN-2024,
OPTIDX,NIFTY,01-Feb-2024,23300,PE,0,0,0,1873.45,1621.8,0,0,0,0,19-JAN-2024,
OPTIDX,NIFTY,01-Feb-2024,23350,PE,0,0,0,1920.8,1671.65,0,0,0,0,19-JAN-2024,
OPTIDX,NIFTY,01-Feb-2024,23400,PE,0,0,0,1968.4,1721.5,0,0,0,0,19-JAN-2024,
OPTIDX,NIFTY,01-Feb-2024,23450,PE,0,0,0,2016.15,1771.35,0,0,0,0,19-JAN-2024,
OPTIDX,NIFTY,01-Feb-2024,23500,PE,1795,1795,1775,1775,1775,4,50.57,3050,-100,19-JAN-2024,
OPTIDX,NIFTY,01-Feb-2024,23550,PE,0,0,0,2112.15,1871.1,0,0,0,0,19-JAN-2024,
OPTIDX,NIFTY,01-Feb-2024,23600,PE,0,0,0,2160.35,1920.95,0,0,0,0,19-JAN-2024,
OPTIDX,NIFTY,01-Feb-2024,23650,PE,0,0,0,2208.7,1970.8,0,0,0,0,19-JAN-2024,
OPTIDX,NIFTY,01-Feb-2024,23700,PE,0,0,0,2257.15,2020.7,0,0,0,0,19-JAN-2024,
OPTIDX,NIFTY,01-Feb-2024,23750,PE,0,0,0,2305.75,2070.6,0,0,0,0,19-JAN-2024,
OPTIDX,NIFTY,01-Feb-2024,23800,PE,0,0,0,2354.4,2120.45,0,0,0,0,19-JAN-2024,
OPTIDX,NIFTY,01-Feb-2024,23850,PE,0,0,0,2403.15,2170.35,0,0,0,0,19-JAN-2024,
OPTIDX,NIFTY,08-Feb-2024,19700,CE,0,0,0,2099.9,1995.2,0,0,0,0,19-JAN-2024,
OPTIDX,NIFTY,08-Feb-2024,19750,CE,0,0,0,2051,1945.4,0,0,0,0,19-JAN-2024,
OPTIDX,NIFTY,08-Feb-2024,19800,CE,0,0,0,2002.15,1895.6,0,0,0,0,19-JAN-2024,
OPTIDX,NIFTY,08-Feb-2024,19850,CE,0,0,0,1953.45,1845.85,0,0,0,0,19-JAN-2024,
OPTIDX,NIFTY,08-Feb-2024,19900,CE,0,0,0,1904.85,1796.1,0,0,0,0,19-JAN-2024,
OPTIDX,NIFTY,08-Feb-2024,19950,CE,0,0,0,1856.4,1746.35,0,0,0,0,19-JAN-2024,
OPTIDX,NIFTY,08-Feb-2024,20000,CE,0,0,0,1808.15,1696.65,0,0,0,0,19-JAN-2024,
OPTIDX,NIFTY,08-Feb-2024,20050,CE,0,0,0,1760.1,1647,0,0,0,0,19-JAN-2024,
OPTIDX,NIFTY,08-Feb-2024,20100,CE,0,0,0,1712.2,1597.35,0,0,0,0,19-JAN-2024,
OPTIDX,NIFTY,08-Feb-2024,20150,CE,0,0,0,1664.55,1547.8,0,0,0,0,19-JAN-2024,
OPTIDX,NIFTY,08-Feb-2024,20200,CE,0,0,0,1617.15,1498.25,0,0,0,0,19-JAN-2024,
OPTIDX,NIFTY,08-Feb-2024,20250,CE,0,0,0,1570.05,1448.85,0,0,0,0,19-JAN-2024,
OPTIDX,NIFTY,08-Feb-2024,20300,CE,0,0,0,1523.2,1399.5,0,0,0,0,19-JAN-2024,
OPTIDX,NIFTY,08-Feb-2024,20350,CE,0,0,0,1476.65,1350.3,0,0,0,0,19-JAN-2024,
OPTIDX,NIFTY,08-Feb-2024,20400,CE,0,0,0,1792.5,1301.25,0,0,50,0,19-JAN-2024,
OPTIDX,NIFTY,08-Feb-2024,20450,CE,0,0,0,1384.7,1252.4,0,0,0,0,19-JAN-2024,
OPTIDX,NIFTY,08-Feb-2024,20500,CE,0,0,0,1339.3,1203.7,0,0,0,0,19-JAN-2024,
OPTIDX,NIFTY,08-Feb-2024,20550,CE,0,0,0,1294.35,1155.3,0,0,0,0,19-JAN-2024,
OPTIDX,NIFTY,08-Feb-2024,20600,CE,0,0,0,1249.85,1107.15,0,0,0,0,19-JAN-2024,
OPTIDX,NIFTY,08-Feb-2024,20650,CE,0,0,0,1205.85,1059.4,0,0,0,0,19-JAN-2024,
OPTIDX,NIFTY,08-Feb-2024,20700,CE,0,0,0,1162.35,1012,0,0,0,0,19-JAN-2024,
OPTIDX,NIFTY,08-Feb-2024,20750,CE,0,0,0,1119.45,965.05,0,0,0,0,19-JAN-2024,
OPTIDX,NIFTY,08-Feb-2024,20800,CE,0,0,0,1077.1,918.6,0,0,0,0,19-JAN-2024,
OPTIDX,NIFTY,08-Feb-2024,20850,CE,0,0,0,1035.35,872.7,0,0,0,0,19-JAN-2024,
OPTIDX,NIFTY,08-Feb-2024,20900,CE,0,0,0,795,827.5,0,0,200,0,19-JAN-2024,
OPTIDX,NIFTY,08-Feb-2024,20950,CE,0,0,0,953.9,783,0,0,0,0,19-JAN-2024,
OPTIDX,NIFTY,08-Feb-2024,21000,CE,800,820.95,750,820.95,739.3,14,152.47,6150,0,19-JAN-2024,
OPTIDX,NIFTY,08-Feb-2024,21050,CE,0,0,0,875.35,696.45,0,0,0,0,19-JAN-2024,
OPTIDX,NIFTY,08-Feb-2024,21100,CE,697.35,697.35,697.35,697.35,654.55,1,10.89,1350,-50,19-JAN-2024,
OPTIDX,NIFTY,08-Feb-2024,21150,CE,0,0,0,800.65,613.7,0,0,0,0,19-JAN-2024,
OPTIDX,NIFTY,08-Feb-2024,21200,CE,0,0,0,763.15,573.95,0,0,0,0,19-JAN-2024,
OPTIDX,NIFTY,08-Feb-2024,21250,CE,616.6,616.6,581.85,581.85,535.35,6,65.56,450,50,19-JAN-2024,
OPTIDX,NIFTY,08-Feb-2024,21300,CE,559.95,595,534.5,592.5,592.5,65,710.81,3400,-850,19-JAN-2024,
OPTIDX,NIFTY,08-Feb-2024,21350,CE,0,0,0,427.05,462.05,0,0,3250,0,19-JAN-2024,
OPTIDX,NIFTY,08-Feb-2024,21400,CE,467,525,451.45,510.45,510.45,355,3885.56,12250,-600,19-JAN-2024,
OPTIDX,NIFTY,08-Feb-2024,21450,CE,465.95,485.8,426.75,468.45,468.45,145,1588.9,5200,-500,19-JAN-2024,
OPTIDX,NIFTY,08-Feb-2024,21500,CE,419.95,454.65,386,439.75,439.75,2539,27840.38,44850,11400,19-JAN-2024,
OPTIDX,NIFTY,08-Feb-2024,21550,CE,394.1,423.7,359.55,410.6,410.6,266,2918.36,8300,1100,19-JAN-2024,
OPTIDX,NIFTY,08-Feb-2024,21600,CE,357.25,390,326.35,376.4,376.4,3310,36344.04,57200,6000,19-JAN-2024,
OPTIDX,NIFTY,08-Feb-2024,21650,CE,335.55,361.9,304.75,346.05,346.05,833,9157.95,14000,7050,19-JAN-2024,
OPTIDX,NIFTY,08-Feb-2024,21700,CE,313.15,332.3,275,317.2,317.2,4239,46644.73,40350,17050,19-JAN-2024,
OPTIDX,NIFTY,08-Feb-2024,21750,CE,285,305.05,250,291.9,291.9,287,3162.02,11000,3400,19-JAN-2024,
OPTIDX,NIFTY,08-Feb-2024,21800,CE,261.15,278.95,228.6,264.9,264.9,2723,30030.26,36000,1750,19-JAN-2024,
OPTIDX,NIFTY,08-Feb-2024,21850,CE,238.1,250.8,209,241.3,241.3,154,1700.44,8600,1900,19-JAN-2024,
OPTIDX,NIFTY,08-Feb-2024,21900,CE,219.95,227,188.25,220.2,220.2,1224,13531.24,22500,4150,19-JAN-2024,
OPTIDX,NIFTY,08-Feb-2024,21950,CE,196.5,210,169.65,199.3,199.3,282,3122.09,9450,1500,19-JAN-2024,
OPTIDX,NIFTY,08-Feb-2024,22000,CE,170,187.65,149.85,177.1,177.1,6072,67313.74,96050,-56000,19-JAN-2024,
OPTIDX,NIFTY,08-Feb-2024,22050,CE,160.7,167.3,135.55,159.1,159.1,1019,11312.9,22450,12600,19-JAN-2024,
OPTIDX,NIFTY,08-Feb-2024,22100,CE,140.2,147.6,121.9,143.05,143.05,922,10252.12,37150,7200,19-JAN-2024,
OPTIDX,NIFTY,08-Feb-2024,22150,CE,130.65,130.65,108,127.7,127.7,348,3875.69,18400,11450,19-JAN-2024,
OPTIDX,NIFTY,08-Feb-2024,22200,CE,112.05,125,96.55,113.95,113.95,993,11076.45,50150,8000,19-JAN-2024,
OPTIDX,NIFTY,08-Feb-2024,22250,CE,99.95,106,84.75,98.45,98.45,177,1977.68,7750,2550,19-JAN-2024,
OPTIDX,NIFTY,08-Feb-2024,22300,CE,90,94.7,76.85,88.6,88.6,497,5562.83,12850,-350,19-JAN-2024,
OPTIDX,NIFTY,08-Feb-2024,22350,CE,76.05,80.1,68.65,77.9,77.9,53,594.18,3050,1200,19-JAN-2024,
OPTIDX,NIFTY,08-Feb-2024,22400,CE,70.6,72.9,59.25,67.9,67.9,2047,22993.03,29600,11350,19-JAN-2024,
OPTIDX,NIFTY,08-Feb-2024,22450,CE,62.85,64.7,52.15,62.25,62.25,60,675.27,3800,-200,19-JAN-2024,
OPTIDX,NIFTY,08-Feb-2024,22500,CE,58,62.5,46,53.9,53.9,3540,39917.75,93150,21950,19-JAN-2024,
OPTIDX,NIFTY,08-Feb-2024,22550,CE,50,50,46.9,48.15,48.15,26,293.77,1750,0,19-JAN-2024,
OPTIDX,NIFTY,08-Feb-2024,22600,CE,46,47.8,37.15,41.7,41.7,1367,15475.45,13950,1600,19-JAN-2024,
OPTIDX,NIFTY,08-Feb-2024,22650,CE,39.15,41.5,33.3,37.05,37.05,157,1780.93,4900,1100,19-JAN-2024,
OPTIDX,NIFTY,08-Feb-2024,22700,CE,38.6,38.6,29.65,33.9,33.9,1172,13321.27,23800,4850,19-JAN-2024,
OPTIDX,NIFTY,08-Feb-2024,22750,CE,31,31,26.7,30.2,30.2,62,706.15,1600,1500,19-JAN-2024,
OPTIDX,NIFTY,08-Feb-2024,22800,CE,31.75,32,23.7,26.8,26.8,1459,16652.51,27900,6400,19-JAN-2024,
OPTIDX,NIFTY,08-Feb-2024,22850,CE,28,28.4,23.25,26.5,26.5,35,400.33,3450,350,19-JAN-2024,
OPTIDX,NIFTY,08-Feb-2024,22900,CE,25,25,18.1,22.55,22.55,25,286.53,7550,500,19-JAN-2024,
OPTIDX,NIFTY,08-Feb-2024,22950,CE,28.35,28.35,19.05,20,20,9,103.37,3150,50,19-JAN-2024,
OPTIDX,NIFTY,08-Feb-2024,23000,CE,23.2,23.2,17,18.8,18.8,2173,25010.08,65750,5450,19-JAN-2024,
OPTIDX,NIFTY,08-Feb-2024,23050,CE,18.6,18.6,16.6,16.6,4.4,2,23.06,750,100,19-JAN-2024,
OPTIDX,NIFTY,08-Feb-2024,23100,CE,17.85,17.85,11.5,13.6,3.6,65,751.26,4150,450,19-JAN-2024,
OPTIDX,NIFTY,08-Feb-2024,23150,CE,16.25,16.25,16.2,16.25,16.25,6,69.49,1650,300,19-JAN-2024,
OPTIDX,NIFTY,08-Feb-2024,23200,CE,13,14.6,11,13.5,13.5,131,1520.45,4800,1200,19-JAN-2024,
OPTIDX,NIFTY,08-Feb-2024,23250,CE,15.5,15.5,12,12,1.9,2,23.26,1300,0,19-JAN-2024,
OPTIDX,NIFTY,08-Feb-2024,23300,CE,11.65,12.15,9.05,10.3,10.3,127,1480.25,5950,2300,19-JAN-2024,
OPTIDX,NIFTY,08-Feb-2024,23350,CE,0,0,0,19.4,1.2,0,0,1700,0,19-JAN-2024,
OPTIDX,NIFTY,08-Feb-2024,23400,CE,0,0,0,11.7,0.95,0,0,1900,0,19-JAN-2024,
OPTIDX,NIFTY,08-Feb-2024,23450,CE,10,11.1,6.8,9.35,9.35,164,1923.66,7250,150,19-JAN-2024,
OPTIDX,NIFTY,08-Feb-2024,23500,CE,10.6,11.65,8.05,8.7,8.7,421,4948.73,14950,5200,19-JAN-2024,
OPTIDX,NIFTY,08-Feb-2024,23550,CE,0,0,0,12.3,0.45,0,0,2200,0,19-JAN-2024,
OPTIDX,NIFTY,08-Feb-2024,23600,CE,11.9,11.9,8.4,8.45,0.35,48,566.61,3300,200,19-JAN-2024,
OPTIDX,NIFTY,08-Feb-2024,23650,CE,9,9.5,7,7.55,7.55,150,1774.36,3100,-950,19-JAN-2024,
OPTIDX,NIFTY,08-Feb-2024,23700,CE,0,0,0,15.8,0.2,0,0,2700,0,19-JAN-2024,
OPTIDX,NIFTY,08-Feb-2024,23750,CE,4.85,4.85,4.85,4.85,0.15,1,11.87,1350,0,19-JAN-2024,
OPTIDX,NIFTY,08-Feb-2024,23800,CE,8.5,9.25,5.7,6.15,6.15,71,845.15,4050,150,19-JAN-2024,
OPTIDX,NIFTY,08-Feb-2024,23850,CE,7.95,8.1,6.15,6.5,6.5,125,1491.07,6400,3600,19-JAN-2024,
OPTIDX,NIFTY,08-Feb-2024,19700,PE,0,0,0,4.1,0.05,0,0,0,0,19-JAN-2024,
OPTIDX,NIFTY,08-Feb-2024,19750,PE,0,0,0,4.8,0.1,0,0,0,0,19-JAN-2024,
OPTIDX,NIFTY,08-Feb-2024,19800,PE,0,0,0,5.6,0.15,0,0,0,0,19-JAN-2024,
OPTIDX,NIFTY,08-Feb-2024,19850,PE,0,0,0,6.55,0.15,0,0,0,0,19-JAN-2024,
OPTIDX,NIFTY,08-Feb-2024,19900,PE,0,0,0,4.1,0.25,0,0,1800,0,19-JAN-2024,
OPTIDX,NIFTY,08-Feb-2024,19950,PE,0,0,0,8.85,0.3,0,0,0,0,19-JAN-2024,
OPTIDX,NIFTY,08-Feb-2024,20000,PE,14.95,14.95,10.55,11.4,11.4,968,9685.75,17650,12000,19-JAN-2024,
OPTIDX,NIFTY,08-Feb-2024,20050,PE,0,0,0,11.8,0.55,0,0,0,0,19-JAN-2024,
OPTIDX,NIFTY,08-Feb-2024,20100,PE,0,0,0,15.95,0.75,0,0,250,0,19-JAN-2024,
OPTIDX,NIFTY,08-Feb-2024,20150,PE,0,0,0,15.6,1,0,0,0,0,19-JAN-2024,
OPTIDX,NIFTY,08-Feb-2024,20200,PE,0,0,0,17.85,1.3,0,0,0,0,19-JAN-2024,
OPTIDX,NIFTY,08-Feb-2024,20250,PE,0,0,0,20.35,1.7,0,0,0,0,19-JAN-2024,
OPTIDX,NIFTY,08-Feb-2024,20300,PE,15,26.9,15,22.05,2.2,20,203.21,850,850,19-JAN-2024,
OPTIDX,NIFTY,08-Feb-2024,20350,PE,0,0,0,26.3,2.8,0,0,0,0,19-JAN-2024,
OPTIDX,NIFTY,08-Feb-2024,20400,PE,30.4,30.4,17.85,21.05,21.05,366,3737.66,8800,1400,19-JAN-2024,
OPTIDX,NIFTY,08-Feb-2024,20450,PE,0,0,0,33.65,4.5,0,0,0,0,19-JAN-2024,
OPTIDX,NIFTY,08-Feb-2024,20500,PE,27.55,32.95,24.3,27.2,27.2,2115,21709.23,24300,8750,19-JAN-2024,
OPTIDX,NIFTY,08-Feb-2024,20550,PE,28.7,33.4,28,29,7.05,77,792.34,3650,150,19-JAN-2024,
OPTIDX,NIFTY,08-Feb-2024,20600,PE,32.1,40.1,30,33.45,33.45,1846,19045.63,9850,-15900,19-JAN-2024,
OPTIDX,NIFTY,08-Feb-2024,20650,PE,0,0,0,53.4,10.75,0,0,0,0,19-JAN-2024,
OPTIDX,NIFTY,08-Feb-2024,20700,PE,42.45,49.05,35.85,39.75,39.75,822,8524.69,16250,4100,19-JAN-2024,
OPTIDX,NIFTY,08-Feb-2024,20750,PE,0,0,0,62.65,16,0,0,0,0,19-JAN-2024,
OPTIDX,NIFTY,08-Feb-2024,20800,PE,40.7,59.25,40.7,48.6,48.6,281,2929.5,5250,5250,19-JAN-2024,
OPTIDX,NIFTY,08-Feb-2024,20850,PE,48.55,61.95,48.55,61.6,23.35,37,386.86,1850,1850,19-JAN-2024,
OPTIDX,NIFTY,08-Feb-2024,20900,PE,63,73,55,57.7,57.7,309,3238.44,17150,3500,19-JAN-2024,
OPTIDX,NIFTY,08-Feb-2024,20950,PE,0,0,0,99.4,33.25,0,0,0,0,19-JAN-2024,
OPTIDX,NIFTY,08-Feb-2024,21000,PE,75,92.1,65,72.35,72.35,4912,51766.27,84700,20050,19-JAN-2024,
OPTIDX,NIFTY,08-Feb-2024,21050,PE,0,0,0,92.5,46.35,0,0,1000,0,19-JAN-2024,
OPTIDX,NIFTY,08-Feb-2024,21100,PE,89.75,110,83,87.15,87.15,592,6273.18,18550,5500,19-JAN-2024,
OPTIDX,NIFTY,08-Feb-2024,21150,PE,0,0,0,144.75,63.2,0,0,0,0,19-JAN-2024,
OPTIDX,NIFTY,08-Feb-2024,21200,PE,116.7,129.05,99.35,106.45,106.45,954,10164.82,16350,4950,19-JAN-2024,
OPTIDX,NIFTY,08-Feb-2024,21250,PE,120.45,147.75,113.45,116.1,116.1,330,3526.97,5700,5100,19-JAN-2024,
OPTIDX,NIFTY,08-Feb-2024,21300,PE,132.95,161.05,120.6,127.65,127.65,1530,16402.01,16300,-450,19-JAN-2024,
OPTIDX,NIFTY,08-Feb-2024,21350,PE,142.65,170.3,134.55,139.3,139.3,225,2418.78,4750,4400,19-JAN-2024,
OPTIDX,NIFTY,08-Feb-2024,21400,PE,171.25,195,145.6,155.6,155.6,5828,62845.96,75650,-8150,19-JAN-2024,
OPTIDX,NIFTY,08-Feb-2024,21450,PE,201,204.35,164.6,167.65,167.65,319,3450.22,6750,5400,19-JAN-2024,
OPTIDX,NIFTY,08-Feb-2024,21500,PE,202.35,229.1,173.15,184.9,184.9,7070,76696.75,136400,85400,19-JAN-2024,
OPTIDX,NIFTY,08-Feb-2024,21550,PE,210.4,249.75,191.7,203.4,203.4,284,3091.33,5100,3700,19-JAN-2024,
OPTIDX,NIFTY,08-Feb-2024,21600,PE,240,271.2,208.5,221.5,221.5,5656,61756.85,63600,4550,19-JAN-2024,
OPTIDX,NIFTY,08-Feb-2024,21650,PE,274.05,293.35,230.45,240.65,240.65,877,9604.84,7100,5500,19-JAN-2024,
OPTIDX,NIFTY,08-Feb-2024,21700,PE,274.95,316.35,249.15,264.2,264.2,2936,32265.81,21750,9250,19-JAN-2024,
OPTIDX,NIFTY,08-Feb-2024,21750,PE,330.1,340,279.8,285.05,285.05,72,793.57,2000,700,19-JAN-2024,
OPTIDX,NIFTY,08-Feb-2024,21800,PE,332.1,368.35,295,311.5,311.5,2299,25432.28,25400,9100,19-JAN-2024,
OPTIDX,NIFTY,08-Feb-2024,21850,PE,363.2,384.3,328.55,334,334,57,632.96,3450,150,19-JAN-2024,
OPTIDX,NIFTY,08-Feb-2024,21900,PE,400,421.25,355,363.1,363.1,97,1080.93,5300,-1050,19-JAN-2024,
OPTIDX,NIFTY,08-Feb-2024,21950,PE,425.6,425.6,382.65,390.25,390.25,29,324.14,2950,0,19-JAN-2024,
OPTIDX,NIFTY,08-Feb-2024,22000,PE,431.8,482,398.9,419.25,419.25,510,5722.17,58600,-800,19-JAN-2024,
OPTIDX,NIFTY,08-Feb-2024,22050,PE,0,0,0,700.7,461.9,0,0,2400,0,19-JAN-2024,
OPTIDX,NIFTY,08-Feb-2024,22100,PE,493.35,543.35,475.15,478.65,478.65,112,1266.1,10450,-100,19-JAN-2024,
OPTIDX,NIFTY,08-Feb-2024,22150,PE,0,0,0,600,535.55,0,0,3500,0,19-JAN-2024,
OPTIDX,NIFTY,08-Feb-2024,22200,PE,619,619,522.85,550,550,7,79.68,9900,150,19-JAN-2024,
OPTIDX,NIFTY,08-Feb-2024,22250,PE,0,0,0,383.75,613.95,0,0,3000,0,19-JAN-2024,
OPTIDX,NIFTY,08-Feb-2024,22300,PE,667.5,667.5,593.65,615,654.75,8,91.8,850,50,19-JAN-2024,
OPTIDX,NIFTY,08-Feb-2024,22350,PE,0,0,0,721.05,696.55,0,0,0,0,19-JAN-2024,
OPTIDX,NIFTY,08-Feb-2024,22400,PE,0,0,0,501.5,739.25,0,0,50,0,19-JAN-2024,
OPTIDX,NIFTY,08-Feb-2024,22450,PE,0,0,0,793.45,782.8,0,0,0,0,19-JAN-2024,
OPTIDX,NIFTY,08-Feb-2024,22500,PE,0,0,0,957.45,827.1,0,0,3450,0,19-JAN-2024,
OPTIDX,NIFTY,08-Feb-2024,22550,PE,0,0,0,869.15,872.05,0,0,0,0,19-JAN-2024,
OPTIDX,NIFTY,08-Feb-2024,22600,PE,0,0,0,569,917.65,0,0,100,0,19-JAN-2024,
OPTIDX,NIFTY,08-Feb-2024,22650,PE,0,0,0,947.6,963.8,0,0,0,0,19-JAN-2024,
OPTIDX,NIFTY,08-Feb-2024,22700,PE,0,0,0,987.85,1010.5,0,0,0,0,19-JAN-2024,
OPTIDX,NIFTY,08-Feb-2024,22750,PE,0,0,0,1028.7,1057.6,0,0,0,0,19-JAN-2024,
OPTIDX,NIFTY,08-Feb-2024,22800,PE,0,0,0,1070.2,1105.1,0,0,0,0,19-JAN-2024,
OPTIDX,NIFTY,08-Feb-2024,22850,PE,0,0,0,1112.25,1152.9,0,0,0,0,19-JAN-2024,
OPTIDX,NIFTY,08-Feb-2024,22900,PE,0,0,0,1154.85,1201.05,0,0,0,0,19-JAN-2024,
OPTIDX,NIFTY,08-Feb-2024,22950,PE,0,0,0,1198,1249.45,0,0,0,0,19-JAN-2024,
OPTIDX,NIFTY,08-Feb-2024,23000,PE,0,0,0,1241.6,1298.1,0,0,0,0,19-JAN-2024,
OPTIDX,NIFTY,08-Feb-2024,23050,PE,0,0,0,1285.7,1346.9,0,0,0,0,19-JAN-2024,
OPTIDX,NIFTY,08-Feb-2024,23100,PE,0,0,0,1330.2,1395.9,0,0,0,0,19-JAN-2024,
OPTIDX,NIFTY,08-Feb-2024,23150,PE,0,0,0,1375.15,1445.05,0,0,0,0,19-JAN-2024,
OPTIDX,NIFTY,08-Feb-2024,23200,PE,0,0,0,1420.5,1494.3,0,0,0,0,19-JAN-2024,
OPTIDX,NIFTY,08-Feb-2024,23250,PE,0,0,0,1466.15,1543.65,0,0,0,0,19-JAN-2024,
OPTIDX,NIFTY,08-Feb-2024,23300,PE,0,0,0,1512.2,1593.1,0,0,0,0,19-JAN-2024,
OPTIDX,NIFTY,08-Feb-2024,23350,PE,0,0,0,1558.5,1642.6,0,0,0,0,19-JAN-2024,
OPTIDX,NIFTY,08-Feb-2024,23400,PE,0,0,0,1605.15,1692.15,0,0,0,0,19-JAN-2024,
OPTIDX,NIFTY,08-Feb-2024,23450,PE,0,0,0,1652.05,1741.8,0,0,0,0,19-JAN-2024,
OPTIDX,NIFTY,08-Feb-2024,23500,PE,0,0,0,1699.2,1791.45,0,0,0,0,19-JAN-2024,
OPTIDX,NIFTY,08-Feb-2024,23550,PE,0,0,0,1746.55,1841.1,0,0,0,0,19-JAN-2024,
OPTIDX,NIFTY,08-Feb-2024,23600,PE,0,0,0,1794.15,1890.85,0,0,0,0,19-JAN-2024,
OPTIDX,NIFTY,08-Feb-2024,23650,PE,0,0,0,1442.45,1940.55,0,0,250,0,19-JAN-2024,
OPTIDX,NIFTY,08-Feb-2024,23700,PE,0,0,0,1889.95,1990.3,0,0,0,0,19-JAN-2024,
OPTIDX,NIFTY,08-Feb-2024,23750,PE,0,0,0,1938.05,2040.1,0,0,0,0,19-JAN-2024,
OPTIDX,NIFTY,08-Feb-2024,23800,PE,0,0,0,1986.35,2089.85,0,0,0,0,19-JAN-2024,
OPTIDX,NIFTY,08-Feb-2024,23850,PE,0,0,0,2034.8,2139.65,0,0,0,0,19-JAN-2024,
OPTIDX,NIFTY,15-Feb-2024,19700,CE,0,0,0,2088.65,2020.9,0,0,0,0,19-JAN-2024,
OPTIDX,NIFTY,15-Feb-2024,19750,CE,0,0,0,2039.7,1971.25,0,0,0,0,19-JAN-2024,
OPTIDX,NIFTY,15-Feb-2024,19800,CE,0,0,0,1990.85,1921.6,0,0,0,0,19-JAN-2024,
OPTIDX,NIFTY,15-Feb-2024,19850,CE,0,0,0,1942.15,1872.05,0,0,0,0,19-JAN-2024,
OPTIDX,NIFTY,15-Feb-2024,19900,CE,0,0,0,1893.55,1822.5,0,0,0,0,19-JAN-2024,
OPTIDX,NIFTY,15-Feb-2024,19950,CE,0,0,0,1845.15,1773,0,0,0,0,19-JAN-2024,
OPTIDX,NIFTY,15-Feb-2024,20000,CE,0,0,0,1796.85,1723.55,0,0,0,0,19-JAN-2024,
OPTIDX,NIFTY,15-Feb-2024,20050,CE,0,0,0,1748.8,1674.2,0,0,0,0,19-JAN-2024,
OPTIDX,NIFTY,15-Feb-2024,20100,CE,0,0,0,1700.9,1624.95,0,0,0,0,19-JAN-2024,
OPTIDX,NIFTY,15-Feb-2024,20150,CE,0,0,0,1653.3,1575.8,0,0,0,0,19-JAN-2024,
OPTIDX,NIFTY,15-Feb-2024,20200,CE,0,0,0,1605.9,1526.75,0,0,0,0,19-JAN-2024,
OPTIDX,NIFTY,15-Feb-2024,20250,CE,0,0,0,1558.75,1477.85,0,0,0,0,19-JAN-2024,
OPTIDX,NIFTY,15-Feb-2024,20300,CE,0,0,0,1511.9,1429.1,0,0,0,0,19-JAN-2024,
OPTIDX,NIFTY,15-Feb-2024,20350,CE,0,0,0,1465.4,1380.6,0,0,0,0,19-JAN-2024,
OPTIDX,NIFTY,15-Feb-2024,20400,CE,0,0,0,1419.25,1332.25,0,0,0,0,19-JAN-2024,
OPTIDX,NIFTY,15-Feb-2024,20450,CE,0,0,0,1373.5,1284.2,0,0,0,0,19-JAN-2024,
OPTIDX,NIFTY,15-Feb-2024,20500,CE,0,0,0,1328.1,1236.45,0,0,0,0,19-JAN-2024,
OPTIDX,NIFTY,15-Feb-2024,20550,CE,0,0,0,1283.15,1189,0,0,0,0,19-JAN-2024,
OPTIDX,NIFTY,15-Feb-2024,20600,CE,0,0,0,1238.7,1141.95,0,0,0,0,19-JAN-2024,
OPTIDX,NIFTY,15-Feb-2024,20650,CE,0,0,0,1194.75,1095.3,0,0,0,0,19-JAN-2024,
OPTIDX,NIFTY,15-Feb-2024,20700,CE,0,0,0,1151.3,1049.15,0,0,0,0,19-JAN-2024,
OPTIDX,NIFTY,15-Feb-2024,20750,CE,0,0,0,1108.4,1003.5,0,0,0,0,19-JAN-2024,
OPTIDX,NIFTY,15-Feb-2024,20800,CE,0,0,0,1066.1,958.4,0,0,0,0,19-JAN-2024,
OPTIDX,NIFTY,15-Feb-2024,20850,CE,0,0,0,1024.45,913.9,0,0,0,0,19-JAN-2024,
OPTIDX,NIFTY,15-Feb-2024,20900,CE,0,0,0,983.45,870.1,0,0,0,0,19-JAN-2024,
OPTIDX,NIFTY,15-Feb-2024,20950,CE,0,0,0,943.15,827.05,0,0,0,0,19-JAN-2024,
OPTIDX,NIFTY,15-Feb-2024,21000,CE,0,0,0,903.55,784.8,0,0,50,0,19-JAN-2024,
OPTIDX,NIFTY,15-Feb-2024,21050,CE,0,0,0,864.75,743.35,0,0,0,0,19-JAN-2024,
OPTIDX,NIFTY,15-Feb-2024,21100,CE,0,0,0,826.7,702.85,0,0,0,0,19-JAN-2024,
OPTIDX,NIFTY,15-Feb-2024,21150,CE,0,0,0,790.25,663.35,0,0,0,0,19-JAN-2024,
OPTIDX,NIFTY,15-Feb-2024,21200,CE,0,0,0,752.9,624.8,0,0,0,0,19-JAN-2024,
OPTIDX,NIFTY,15-Feb-2024,21250,CE,634.95,634.95,613.4,617,587.4,14,153.07,750,600,19-JAN-2024,
OPTIDX,NIFTY,15-Feb-2024,21300,CE,568.4,616.75,568.4,616.7,551.05,6,65.69,900,100,19-JAN-2024,
OPTIDX,NIFTY,15-Feb-2024,21350,CE,568.8,577.4,547.4,549.45,515.9,5,54.78,100,-50,19-JAN-2024,
OPTIDX,NIFTY,15-Feb-2024,21400,CE,520,560,517.95,530.6,482,62,680.2,1900,-750,19-JAN-2024,
OPTIDX,NIFTY,15-Feb-2024,21450,CE,474.6,505.85,474.6,505.85,449.3,4,43.89,1850,0,19-JAN-2024,
OPTIDX,NIFTY,15-Feb-2024,21500,CE,474.95,501.45,435,488.05,488.05,349,3833.91,9450,-1300,19-JAN-2024,
OPTIDX,NIFTY,15-Feb-2024,21550,CE,442.95,455.4,442.95,451.95,451.95,30,329.93,1400,1400,19-JAN-2024,
OPTIDX,NIFTY,15-Feb-2024,21600,CE,405,437.65,379.35,426.3,426.3,244,2685.52,6600,-100,19-JAN-2024,
OPTIDX,NIFTY,15-Feb-2024,21650,CE,385.35,408.95,366.6,400.75,400.75,47,517.94,1650,1400,19-JAN-2024,
OPTIDX,NIFTY,15-Feb-2024,21700,CE,347.2,376.7,334.4,368.75,368.75,74,816.18,4450,-250,19-JAN-2024,
OPTIDX,NIFTY,15-Feb-2024,21750,CE,329.5,351.35,326.7,344.15,344.15,22,242.9,850,250,19-JAN-2024,
OPTIDX,NIFTY,15-Feb-2024,21800,CE,301.7,320,276.7,315.1,315.1,85,939.3,6750,300,19-JAN-2024,
OPTIDX,NIFTY,15-Feb-2024,21850,CE,281,299.2,271.5,293.85,235.6,14,154.92,400,350,19-JAN-2024,
OPTIDX,NIFTY,15-Feb-2024,21900,CE,251.35,270.65,240,266.1,266.1,84,930.65,4450,1000,19-JAN-2024,
OPTIDX,NIFTY,15-Feb-2024,21950,CE,233.3,240.05,233.3,240.05,195.55,4,44.37,200,50,19-JAN-2024,
OPTIDX,NIFTY,15-Feb-2024,22000,CE,213.6,231,191.65,221.5,221.5,619,6875.53,17600,-2500,19-JAN-2024,
OPTIDX,NIFTY,15-Feb-2024,22050,CE,197.15,199.35,183.6,183.6,160.6,20,222.45,1250,550,19-JAN-2024,
OPTIDX,NIFTY,15-Feb-2024,22100,CE,175.5,185.45,155.65,185.1,185.1,108,1202.87,10950,450,19-JAN-2024,
OPTIDX,NIFTY,15-Feb-2024,22150,CE,163.05,163.05,145.4,151.75,130.5,9,100.36,900,-50,19-JAN-2024,
OPTIDX,NIFTY,15-Feb-2024,22200,CE,143.55,154.9,130,140.75,140.75,73,815.47,3800,650,19-JAN-2024,
OPTIDX,NIFTY,15-Feb-2024,22250,CE,125.8,132.1,125.8,132.1,104.9,10,111.88,500,-400,19-JAN-2024,
OPTIDX,NIFTY,15-Feb-2024,22300,CE,122.15,125,107.9,122.15,122.15,75,840.72,7950,500,19-JAN-2024,
OPTIDX,NIFTY,15-Feb-2024,22350,CE,110,110,100.75,100.75,83.35,4,44.91,850,0,19-JAN-2024,
OPTIDX,NIFTY,15-Feb-2024,22400,CE,100.5,100.5,85.8,97,97,72,809.67,1700,1000,19-JAN-2024,
OPTIDX,NIFTY,15-Feb-2024,22450,CE,89.05,95.3,88,95.3,95.3,29,326.82,1350,-350,19-JAN-2024,
OPTIDX,NIFTY,15-Feb-2024,22500,CE,80,82.95,69.55,80.15,80.15,804,9076.19,18800,-6300,19-JAN-2024,
OPTIDX,NIFTY,15-Feb-2024,22550,CE,0,0,0,130.35,50.9,0,0,0,0,19-JAN-2024,
OPTIDX,NIFTY,15-Feb-2024,22600,CE,67.45,69.3,55.75,64.75,64.75,69,781.8,8250,1350,19-JAN-2024,
OPTIDX,NIFTY,15-Feb-2024,22650,CE,0,0,0,109.95,39.1,0,0,0,0,19-JAN-2024,
OPTIDX,NIFTY,15-Feb-2024,22700,CE,54.7,55.05,45.1,50.05,50.05,140,1592.43,3850,2100,19-JAN-2024,
OPTIDX,NIFTY,15-Feb-2024,22750,CE,0,0,0,92.2,29.65,0,0,0,0,19-JAN-2024,
OPTIDX,NIFTY,15-Feb-2024,22800,CE,43.65,45.25,37.3,40.45,40.45,225,2569.51,7100,4850,19-JAN-2024,
OPTIDX,NIFTY,15-Feb-2024,22850,CE,0,0,0,76.85,22.25,0,0,0,0,19-JAN-2024,
OPTIDX,NIFTY,15-Feb-2024,22900,CE,0,0,0,89.8,19.2,0,0,250,0,19-JAN-2024,
OPTIDX,NIFTY,15-Feb-2024,22950,CE,0,0,0,63.65,16.5,0,0,0,0,19-JAN-2024,
OPTIDX,NIFTY,15-Feb-2024,23000,CE,31,31.05,24.5,27.7,27.7,204,2348.84,16650,2200,19-JAN-2024,
OPTIDX,NIFTY,15-Feb-2024,23050,CE,0,0,0,52.4,12.1,0,0,0,0,19-JAN-2024,
OPTIDX,NIFTY,15-Feb-2024,23100,CE,0,0,0,47.45,10.3,0,0,0,0,19-JAN-2024,
OPTIDX,NIFTY,15-Feb-2024,23150,CE,0,0,0,10.3,8.75,0,0,100,0,19-JAN-2024,
OPTIDX,NIFTY,15-Feb-2024,23200,CE,19.1,19.1,19.1,19.1,7.4,2,23.21,100,50,19-JAN-2024,
OPTIDX,NIFTY,15-Feb-2024,23250,CE,0,0,0,33.35,6.25,0,0,100,0,19-JAN-2024,
OPTIDX,NIFTY,15-Feb-2024,23300,CE,0,0,0,34.35,5.25,0,0,500,0,19-JAN-2024,
OPTIDX,NIFTY,15-Feb-2024,23350,CE,0,0,0,28.2,4.4,0,0,0,0,19-JAN-2024,
OPTIDX,NIFTY,15-Feb-2024,23400,CE,21.1,21.1,21.1,21.1,3.7,7,81.97,2200,0,19-JAN-2024,
OPTIDX,NIFTY,15-Feb-2024,23450,CE,0,0,0,22.65,3.1,0,0,0,0,19-JAN-2024,
OPTIDX,NIFTY,15-Feb-2024,23500,CE,14.05,14.1,13,13.05,13.05,44,517.3,2850,250,19-JAN-2024,
OPTIDX,NIFTY,15-Feb-2024,23550,CE,0,0,0,18.1,2.15,0,0,0,0,19-JAN-2024,
OPTIDX,NIFTY,15-Feb-2024,23600,CE,0,0,0,16.15,1.75,0,0,0,0,19-JAN-2024,
OPTIDX,NIFTY,15-Feb-2024,23650,CE,0,0,0,18.55,1.45,0,0,1600,0,19-JAN-2024,
OPTIDX,NIFTY,15-Feb-2024,23700,CE,10.1,10.1,10.1,10.1,1.2,12,142.26,550,550,19-JAN-2024,
OPTIDX,NIFTY,15-Feb-2024,23750,CE,0,0,0,11.35,1,0,0,0,0,19-JAN-2024,
OPTIDX,NIFTY,15-Feb-2024,23800,CE,0,0,0,10.05,0.8,0,0,0,0,19-JAN-2024,
OPTIDX,NIFTY,15-Feb-2024,23850,CE,0,0,0,8.9,0.65,0,0,0,0,19-JAN-2024,
OPTIDX,NIFTY,15-Feb-2024,19700,PE,0,0,0,4.05,0.35,0,0,0,0,19-JAN-2024,
OPTIDX,NIFTY,15-Feb-2024,19750,PE,0,0,0,4.75,0.45,0,0,0,0,19-JAN-2024,
OPTIDX,NIFTY,15-Feb-2024,19800,PE,0,0,0,21,0.6,0,0,150,0,19-JAN-2024,
OPTIDX,NIFTY,15-Feb-2024,19850,PE,0,0,0,6.5,0.75,0,0,0,0,19-JAN-2024,
OPTIDX,NIFTY,15-Feb-2024,19900,PE,0,0,0,7.55,0.95,0,0,0,0,19-JAN-2024,
OPTIDX,NIFTY,15-Feb-2024,19950,PE,0,0,0,8.8,1.25,0,0,0,0,19-JAN-2024,
OPTIDX,NIFTY,15-Feb-2024,20000,PE,23.8,23.8,14,19.5,1.55,16,160.15,1250,450,19-JAN-2024,
OPTIDX,NIFTY,15-Feb-2024,20050,PE,0,0,0,11.75,1.95,0,0,0,0,19-JAN-2024,
OPTIDX,NIFTY,15-Feb-2024,20100,PE,0,0,0,13.5,2.45,0,0,0,0,19-JAN-2024,
OPTIDX,NIFTY,15-Feb-2024,20150,PE,0,0,0,15.5,3,0,0,0,0,19-JAN-2024,
OPTIDX,NIFTY,15-Feb-2024,20200,PE,0,0,0,17.75,3.75,0,0,0,0,19-JAN-2024,
OPTIDX,NIFTY,15-Feb-2024,20250,PE,0,0,0,20.3,4.6,0,0,0,0,19-JAN-2024,
OPTIDX,NIFTY,15-Feb-2024,20300,PE,0,0,0,23.1,5.6,0,0,0,0,19-JAN-2024,
OPTIDX,NIFTY,15-Feb-2024,20350,PE,0,0,0,26.25,6.8,0,0,0,0,19-JAN-2024,
OPTIDX,NIFTY,15-Feb-2024,20400,PE,0,0,0,29.75,8.25,0,0,0,0,19-JAN-2024,
OPTIDX,NIFTY,15-Feb-2024,20450,PE,0,0,0,33.65,9.95,0,0,0,0,19-JAN-2024,
OPTIDX,NIFTY,15-Feb-2024,20500,PE,40,47,33.45,38.9,38.9,310,3183.71,3700,2100,19-JAN-2024,
OPTIDX,NIFTY,15-Feb-2024,20550,PE,0,0,0,42.6,14.25,0,0,0,0,19-JAN-2024,
OPTIDX,NIFTY,15-Feb-2024,20600,PE,0,0,0,47.8,16.95,0,0,0,0,19-JAN-2024,
OPTIDX,NIFTY,15-Feb-2024,20650,PE,0,0,0,53.5,20.05,0,0,0,0,19-JAN-2024,
OPTIDX,NIFTY,15-Feb-2024,20700,PE,0,0,0,59.7,23.65,0,0,0,0,19-JAN-2024,
OPTIDX,NIFTY,15-Feb-2024,20750,PE,0,0,0,66.45,27.75,0,0,0,0,19-JAN-2024,
OPTIDX,NIFTY,15-Feb-2024,20800,PE,0,0,0,73.85,32.4,0,0,0,0,19-JAN-2024,
OPTIDX,NIFTY,15-Feb-2024,20850,PE,0,0,0,81.8,37.65,0,0,0,0,19-JAN-2024,
OPTIDX,NIFTY,15-Feb-2024,20900,PE,0,0,0,90.5,43.6,0,0,0,0,19-JAN-2024,
OPTIDX,NIFTY,15-Feb-2024,20950,PE,0,0,0,99.8,50.3,0,0,0,0,19-JAN-2024,
OPTIDX,NIFTY,15-Feb-2024,21000,PE,100,113.45,86.9,93.4,93.4,885,9335.6,13150,3150,19-JAN-2024,
OPTIDX,NIFTY,15-Feb-2024,21050,PE,0,0,0,120.7,66.15,0,0,0,0,19-JAN-2024,
OPTIDX,NIFTY,15-Feb-2024,21100,PE,109.5,130,107,107.25,107.25,147,1559.33,6400,6400,19-JAN-2024,
OPTIDX,NIFTY,15-Feb-2024,21150,PE,0,0,0,49.55,85.6,0,0,50,0,19-JAN-2024,
OPTIDX,NIFTY,15-Feb-2024,21200,PE,133.4,151,125,129.35,129.35,164,1750.14,2000,800,19-JAN-2024,
OPTIDX,NIFTY,15-Feb-2024,21250,PE,0,0,0,171.95,109.15,0,0,0,0,19-JAN-2024,
OPTIDX,NIFTY,15-Feb-2024,21300,PE,164.45,180,154.45,161.1,161.1,21,225.36,800,800,19-JAN-2024,
OPTIDX,NIFTY,15-Feb-2024,21350,PE,0,0,0,202.9,137.2,0,0,0,0,19-JAN-2024,
OPTIDX,NIFTY,15-Feb-2024,21400,PE,195.05,215,174.2,181.2,181.2,332,3584.8,3650,-350,19-JAN-2024,
OPTIDX,NIFTY,15-Feb-2024,21450,PE,0,0,0,278.05,170.05,0,0,350,0,19-JAN-2024,
OPTIDX,NIFTY,15-Feb-2024,21500,PE,225,255.8,204.2,212.45,212.45,830,9016.68,10450,-3600,19-JAN-2024,
OPTIDX,NIFTY,15-Feb-2024,21550,PE,256,256,241.8,241.8,208.1,2,21.79,50,50,19-JAN-2024,
OPTIDX,NIFTY,15-Feb-2024,21600,PE,258.7,293.6,235.25,255.4,255.4,238,2602.43,4750,950,19-JAN-2024,
OPTIDX,NIFTY,15-Feb-2024,21650,PE,280.4,321.95,265.3,292.45,292.45,99,1085.9,1550,1200,19-JAN-2024,
OPTIDX,NIFTY,15-Feb-2024,21700,PE,324,340,276.3,296.3,296.3,254,2794.92,2350,200,19-JAN-2024,
OPTIDX,NIFTY,15-Feb-2024,21750,PE,0,0,0,365.25,300.2,0,0,0,0,19-JAN-2024,
OPTIDX,NIFTY,15-Feb-2024,21800,PE,365.85,383,330.1,337,337,147,1628,5350,2200,19-JAN-2024,
OPTIDX,NIFTY,15-Feb-2024,21850,PE,0,0,0,415.7,354.35,0,0,0,0,19-JAN-2024,
OPTIDX,NIFTY,15-Feb-2024,21900,PE,0,0,0,479.85,383.45,0,0,1000,0,19-JAN-2024,
OPTIDX,NIFTY,15-Feb-2024,21950,PE,0,0,0,470.3,413.8,0,0,0,0,19-JAN-2024,
OPTIDX,NIFTY,15-Feb-2024,22000,PE,504,504,427.55,444.65,444.65,256,2876.51,3900,-2250,19-JAN-2024,
OPTIDX,NIFTY,15-Feb-2024,22050,PE,0,0,0,560,478.4,0,0,1250,0,19-JAN-2024,
OPTIDX,NIFTY,15-Feb-2024,22100,PE,0,0,0,446.5,512.5,0,0,1250,0,19-JAN-2024,
OPTIDX,NIFTY,15-Feb-2024,22150,PE,0,0,0,343.55,547.8,0,0,50,0,19-JAN-2024,
OPTIDX,NIFTY,15-Feb-2024,22200,PE,749.95,749.95,600,600,584.2,2,22.87,1650,-50,19-JAN-2024,
OPTIDX,NIFTY,15-Feb-2024,22250,PE,0,0,0,657.2,621.7,0,0,0,0,19-JAN-2024,
OPTIDX,NIFTY,15-Feb-2024,22300,PE,0,0,0,410,660.2,0,0,2200,0,19-JAN-2024,
OPTIDX,NIFTY,15-Feb-2024,22350,PE,0,0,0,726.75,699.65,0,0,0,0,19-JAN-2024,
OPTIDX,NIFTY,15-Feb-2024,22400,PE,0,0,0,762.8,740.05,0,0,0,0,19-JAN-2024,
OPTIDX,NIFTY,15-Feb-2024,22450,PE,0,0,0,800.6,781.3,0,0,0,0,19-JAN-2024,
OPTIDX,NIFTY,15-Feb-2024,22500,PE,0,0,0,837.45,823.35,0,0,0,0,19-JAN-2024,
OPTIDX,NIFTY,15-Feb-2024,22550,PE,0,0,0,875.85,866.2,0,0,0,0,19-JAN-2024,
OPTIDX,NIFTY,15-Feb-2024,22600,PE,0,0,0,914.95,909.7,0,0,0,0,19-JAN-2024,
OPTIDX,NIFTY,15-Feb-2024,22650,PE,0,0,0,954.75,953.9,0,0,0,0,19-JAN-2024,
OPTIDX,NIFTY,15-Feb-2024,22700,PE,0,0,0,995.2,998.65,0,0,0,0,19-JAN-2024,
OPTIDX,NIFTY,15-Feb-2024,22750,PE,0,0,0,1036.3,1043.95,0,0,0,0,19-JAN-2024,
OPTIDX,NIFTY,15-Feb-2024,22800,PE,0,0,0,1078,1089.75,0,0,0,0,19-JAN-2024,
OPTIDX,NIFTY,15-Feb-2024,22850,PE,0,0,0,1120.25,1136.05,0,0,0,0,19-JAN-2024,
OPTIDX,NIFTY,15-Feb-2024,22900,PE,0,0,0,1163.05,1182.75,0,0,0,0,19-JAN-2024,
OPTIDX,NIFTY,15-Feb-2024,22950,PE,0,0,0,1206.35,1229.8,0,0,0,0,19-JAN-2024,
OPTIDX,NIFTY,15-Feb-2024,23000,PE,0,0,0,910,1277.2,0,0,100,0,19-JAN-2024,
OPTIDX,NIFTY,15-Feb-2024,23050,PE,0,0,0,1294.4,1324.9,0,0,0,0,19-JAN-2024,
OPTIDX,NIFTY,15-Feb-2024,23100,PE,0,0,0,1339.1,1372.85,0,0,0,0,19-JAN-2024,
OPTIDX,NIFTY,15-Feb-2024,23150,PE,0,0,0,1384.2,1421.05,0,0,0,0,19-JAN-2024,
OPTIDX,NIFTY,15-Feb-2024,23200,PE,0,0,0,1429.7,1469.45,0,0,0,0,19-JAN-2024,
OPTIDX,NIFTY,15-Feb-2024,23250,PE,0,0,0,1475.5,1518.05,0,0,0,0,19-JAN-2024,
OPTIDX,NIFTY,15-Feb-2024,23300,PE,0,0,0,1521.65,1566.8,0,0,0,0,19-JAN-2024,
OPTIDX,NIFTY,15-Feb-2024,23350,PE,0,0,0,1568.15,1615.7,0,0,0,0,19-JAN-2024,
OPTIDX,NIFTY,15-Feb-2024,23400,PE,0,0,0,1614.9,1664.75,0,0,0,0,19-JAN-2024,
OPTIDX,NIFTY,15-Feb-2024,23450,PE,0,0,0,1661.9,1713.9,0,0,0,0,19-JAN-2024,
OPTIDX,NIFTY,15-Feb-2024,23500,PE,0,0,0,1709.15,1763.1,0,0,0,0,19-JAN-2024,
OPTIDX,NIFTY,15-Feb-2024,23550,PE,0,0,0,1756.65,1812.45,0,0,0,0,19-JAN-2024,
OPTIDX,NIFTY,15-Feb-2024,23600,PE,0,0,0,1804.3,1861.8,0,0,0,0,19-JAN-2024,
OPTIDX,NIFTY,15-Feb-2024,23650,PE,0,0,0,1852.2,1911.25,0,0,0,0,19-JAN-2024,
OPTIDX,NIFTY,15-Feb-2024,23700,PE,0,0,0,1900.25,1960.75,0,0,0,0,19-JAN-2024,
OPTIDX,NIFTY,15-Feb-2024,23750,PE,0,0,0,1948.45,2010.3,0,0,0,0,19-JAN-2024,
OPTIDX,NIFTY,15-Feb-2024,23800,PE,0,0,0,1996.85,2059.85,0,0,0,0,19-JAN-2024,
OPTIDX,NIFTY,15-Feb-2024,23850,PE,0,0,0,2045.35,2109.45,0,0,0,0,19-JAN-2024,
OPTIDX,NIFTY,22-Feb-2024,19700,CE,0,0,0,1907.8,2046.9,0,0,0,0,19-JAN-2024,
OPTIDX,NIFTY,22-Feb-2024,19750,CE,0,0,0,1859.35,1997.45,0,0,0,0,19-JAN-2024,
OPTIDX,NIFTY,22-Feb-2024,19800,CE,0,0,0,1811.1,1948.1,0,0,0,0,19-JAN-2024,
OPTIDX,NIFTY,22-Feb-2024,19850,CE,0,0,0,1763,1898.75,0,0,0,0,19-JAN-2024,
OPTIDX,NIFTY,22-Feb-2024,19900,CE,0,0,0,1715.1,1849.5,0,0,0,0,19-JAN-2024,
OPTIDX,NIFTY,22-Feb-2024,19950,CE,0,0,0,1667.45,1800.35,0,0,0,0,19-JAN-2024,
OPTIDX,NIFTY,22-Feb-2024,20000,CE,0,0,0,1620.05,1751.25,0,0,0,0,19-JAN-2024,
OPTIDX,NIFTY,22-Feb-2024,20050,CE,0,0,0,1572.9,1702.3,0,0,0,0,19-JAN-2024,
OPTIDX,NIFTY,22-Feb-2024,20100,CE,0,0,0,1526.05,1653.45,0,0,0,0,19-JAN-2024,
OPTIDX,NIFTY,22-Feb-2024,20150,CE,0,0,0,1479.5,1604.8,0,0,0,0,19-JAN-2024,
OPTIDX,NIFTY,22-Feb-2024,20200,CE,0,0,0,1433.3,1556.3,0,0,0,0,19-JAN-2024,
OPTIDX,NIFTY,22-Feb-2024,20250,CE,0,0,0,1387.5,1507.95,0,0,0,0,19-JAN-2024,
OPTIDX,NIFTY,22-Feb-2024,20300,CE,0,0,0,1342.05,1459.9,0,0,0,0,19-JAN-2024,
OPTIDX,NIFTY,22-Feb-2024,20350,CE,0,0,0,1297.1,1412.05,0,0,0,0,19-JAN-2024,
OPTIDX,NIFTY,22-Feb-2024,20400,CE,0,0,0,1252.55,1364.45,0,0,0,0,19-JAN-2024,
OPTIDX,NIFTY,22-Feb-2024,20450,CE,0,0,0,1208.55,1317.2,0,0,0,0,19-JAN-2024,
OPTIDX,NIFTY,22-Feb-2024,20500,CE,0,0,0,1165,1270.3,0,0,0,0,19-JAN-2024,
OPTIDX,NIFTY,22-Feb-2024,20550,CE,0,0,0,1122.05,1223.75,0,0,0,0,19-JAN-2024,
OPTIDX,NIFTY,22-Feb-2024,20600,CE,0,0,0,1079.7,1177.65,0,0,0,0,19-JAN-2024,
OPTIDX,NIFTY,22-Feb-2024,20650,CE,0,0,0,1037.95,1132,0,0,0,0,19-JAN-2024,
OPTIDX,NIFTY,22-Feb-2024,20700,CE,0,0,0,996.85,1086.85,0,0,0,0,19-JAN-2024,
OPTIDX,NIFTY,22-Feb-2024,20750,CE,0,0,0,956.4,1042.2,0,0,0,0,19-JAN-2024,
OPTIDX,NIFTY,22-Feb-2024,20800,CE,0,0,0,916.7,998.2,0,0,0,0,19-JAN-2024,
OPTIDX,NIFTY,22-Feb-2024,20850,CE,0,0,0,877.75,954.8,0,0,0,0,19-JAN-2024,
OPTIDX,NIFTY,22-Feb-2024,20900,CE,0,0,0,839.55,912.1,0,0,0,0,19-JAN-2024,
OPTIDX,NIFTY,22-Feb-2024,20950,CE,0,0,0,803,870.1,0,0,0,0,19-JAN-2024,
OPTIDX,NIFTY,22-Feb-2024,21000,CE,0,0,0,765.45,828.9,0,0,0,0,19-JAN-2024,
OPTIDX,NIFTY,22-Feb-2024,21050,CE,0,0,0,729.75,788.5,0,0,0,0,19-JAN-2024,
OPTIDX,NIFTY,22-Feb-2024,21100,CE,0,0,0,694.95,748.95,0,0,0,0,19-JAN-2024,
OPTIDX,NIFTY,22-Feb-2024,21150,CE,0,0,0,661,710.3,0,0,0,0,19-JAN-2024,
OPTIDX,NIFTY,22-Feb-2024,21200,CE,0,0,0,628.05,672.65,0,0,0,0,19-JAN-2024,
OPTIDX,NIFTY,22-Feb-2024,21250,CE,0,0,0,596,635.95,0,0,0,0,19-JAN-2024,
OPTIDX,NIFTY,22-Feb-2024,21300,CE,0,0,0,564.9,600.3,0,0,0,0,19-JAN-2024,
OPTIDX,NIFTY,22-Feb-2024,21350,CE,0,0,0,534.8,565.7,0,0,0,0,19-JAN-2024,
OPTIDX,NIFTY,22-Feb-2024,21400,CE,0,0,0,505.65,532.15,0,0,0,0,19-JAN-2024,
OPTIDX,NIFTY,22-Feb-2024,21450,CE,0,0,0,477.5,499.8,0,0,0,0,19-JAN-2024,
OPTIDX,NIFTY,22-Feb-2024,21500,CE,0,0,0,450.35,468.55,0,0,0,0,19-JAN-2024,
OPTIDX,NIFTY,22-Feb-2024,21550,CE,0,0,0,424.2,438.45,0,0,0,0,19-JAN-2024,
OPTIDX,NIFTY,22-Feb-2024,21600,CE,473.7,478.15,450,475.75,475.75,35,386.1,350,350,19-JAN-2024,
OPTIDX,NIFTY,22-Feb-2024,21650,CE,0,0,0,374.85,381.9,0,0,0,0,19-JAN-2024,
OPTIDX,NIFTY,22-Feb-2024,21700,CE,0,0,0,351.7,355.4,0,0,0,0,19-JAN-2024,
OPTIDX,NIFTY,22-Feb-2024,21750,CE,0,0,0,329.55,330.1,0,0,0,0,19-JAN-2024,
OPTIDX,NIFTY,22-Feb-2024,21800,CE,370.3,370.3,370.3,370.3,370.3,1,11.08,50,50,19-JAN-2024,
OPTIDX,NIFTY,22-Feb-2024,21850,CE,0,0,0,288.15,283.15,0,0,0,0,19-JAN-2024,
OPTIDX,NIFTY,22-Feb-2024,21900,CE,0,0,0,268.9,261.45,0,0,0,0,19-JAN-2024,
OPTIDX,NIFTY,22-Feb-2024,21950,CE,0,0,0,250.6,240.95,0,0,0,0,19-JAN-2024,
OPTIDX,NIFTY,22-Feb-2024,22000,CE,0,0,0,233.2,221.6,0,0,0,0,19-JAN-2024,
OPTIDX,NIFTY,22-Feb-2024,22050,CE,0,0,0,216.7,203.4,0,0,0,0,19-JAN-2024,
OPTIDX,NIFTY,22-Feb-2024,22100,CE,0,0,0,201.1,186.25,0,0,0,0,19-JAN-2024,
OPTIDX,NIFTY,22-Feb-2024,22150,CE,0,0,0,186.35,170.25,0,0,0,0,19-JAN-2024,
OPTIDX,NIFTY,22-Feb-2024,22200,CE,0,0,0,172.45,155.3,0,0,0,0,19-JAN-2024,
OPTIDX,NIFTY,22-Feb-2024,22250,CE,0,0,0,159.35,141.3,0,0,0,0,19-JAN-2024,
OPTIDX,NIFTY,22-Feb-2024,22300,CE,0,0,0,148.1,128.35,0,0,0,0,19-JAN-2024,
OPTIDX,NIFTY,22-Feb-2024,22350,CE,0,0,0,135.7,116.3,0,0,0,0,19-JAN-2024,
OPTIDX,NIFTY,22-Feb-2024,22400,CE,0,0,0,124.85,105.15,0,0,0,0,19-JAN-2024,
OPTIDX,NIFTY,22-Feb-2024,22450,CE,0,0,0,114.75,94.9,0,0,0,0,19-JAN-2024,
OPTIDX,NIFTY,22-Feb-2024,22500,CE,109,117.65,109,110,85.4,9,101.76,400,400,19-JAN-2024,
OPTIDX,NIFTY,22-Feb-2024,22550,CE,0,0,0,96.45,76.75,0,0,0,0,19-JAN-2024,
OPTIDX,NIFTY,22-Feb-2024,22600,CE,90.75,90.75,90.75,90.75,68.75,1,11.34,50,50,19-JAN-2024,
OPTIDX,NIFTY,22-Feb-2024,22650,CE,0,0,0,80.6,61.5,0,0,0,0,19-JAN-2024,
OPTIDX,NIFTY,22-Feb-2024,22700,CE,0,0,0,73.55,54.85,0,0,0,0,19-JAN-2024,
OPTIDX,NIFTY,22-Feb-2024,22750,CE,0,0,0,66.95,48.85,0,0,0,0,19-JAN-2024,
OPTIDX,NIFTY,22-Feb-2024,22800,CE,0,0,0,60.9,43.4,0,0,0,0,19-JAN-2024,
OPTIDX,NIFTY,22-Feb-2024,22850,CE,0,0,0,55.3,38.45,0,0,0,0,19-JAN-2024,
OPTIDX,NIFTY,22-Feb-2024,22900,CE,0,0,0,50.15,34,0,0,0,0,19-JAN-2024,
OPTIDX,NIFTY,22-Feb-2024,22950,CE,0,0,0,45.4,30,0,0,0,0,19-JAN-2024,
OPTIDX,NIFTY,22-Feb-2024,23000,CE,0,0,0,41.05,26.4,0,0,0,0,19-JAN-2024,
OPTIDX,NIFTY,22-Feb-2024,23050,CE,0,0,0,37.05,23.2,0,0,0,0,19-JAN-2024,
OPTIDX,NIFTY,22-Feb-2024,23100,CE,35.1,35.1,33,33,20.3,2,23.13,100,100,19-JAN-2024,
OPTIDX,NIFTY,22-Feb-2024,23150,CE,0,0,0,30.05,17.75,0,0,0,0,19-JAN-2024,
OPTIDX,NIFTY,22-Feb-2024,23200,CE,28.4,28.4,28.4,28.4,15.5,1,11.61,50,50,19-JAN-2024,
OPTIDX,NIFTY,22-Feb-2024,19700,PE,0,0,0,7.55,1.05,0,0,0,0,19-JAN-2024,
OPTIDX,NIFTY,22-Feb-2024,19750,PE,0,0,0,8.75,1.25,0,0,0,0,19-JAN-2024,
OPTIDX,NIFTY,22-Feb-2024,19800,PE,1.25,22.9,1.25,15.3,1.55,48,475.44,0,0,19-JAN-2024,
OPTIDX,NIFTY,22-Feb-2024,19850,PE,0,0,0,11.7,1.95,0,0,0,0,19-JAN-2024,
OPTIDX,NIFTY,22-Feb-2024,19900,PE,0,0,0,13.45,2.35,0,0,0,0,19-JAN-2024,
OPTIDX,NIFTY,22-Feb-2024,19950,PE,0,0,0,15.45,2.9,0,0,0,0,19-JAN-2024,
OPTIDX,NIFTY,22-Feb-2024,20000,PE,0,0,0,17.7,3.5,0,0,0,0,19-JAN-2024,
OPTIDX,NIFTY,22-Feb-2024,20050,PE,0,0,0,20.2,4.2,0,0,0,0,19-JAN-2024,
OPTIDX,NIFTY,22-Feb-2024,20100,PE,0,0,0,23,5.1,0,0,0,0,19-JAN-2024,
OPTIDX,NIFTY,22-Feb-2024,20150,PE,0,0,0,26.1,6.1,0,0,0,0,19-JAN-2024,
OPTIDX,NIFTY,22-Feb-2024,20200,PE,0,0,0,29.55,7.25,0,0,0,0,19-JAN-2024,
OPTIDX,NIFTY,22-Feb-2024,20250,PE,0,0,0,33.4,8.65,0,0,0,0,19-JAN-2024,
OPTIDX,NIFTY,22-Feb-2024,20300,PE,0,0,0,37.65,10.25,0,0,0,0,19-JAN-2024,
OPTIDX,NIFTY,22-Feb-2024,20350,PE,0,0,0,42.3,12.1,0,0,0,0,19-JAN-2024,
OPTIDX,NIFTY,22-Feb-2024,20400,PE,0,0,0,47.45,14.2,0,0,0,0,19-JAN-2024,
OPTIDX,NIFTY,22-Feb-2024,20450,PE,0,0,0,53.05,16.65,0,0,0,0,19-JAN-2024,
OPTIDX,NIFTY,22-Feb-2024,20500,PE,0,0,0,59.2,19.4,0,0,0,0,19-JAN-2024,
OPTIDX,NIFTY,22-Feb-2024,20550,PE,0,0,0,65.85,22.55,0,0,0,0,19-JAN-2024,
OPTIDX,NIFTY,22-Feb-2024,20600,PE,0,0,0,73.15,26.15,0,0,0,0,19-JAN-2024,
OPTIDX,NIFTY,22-Feb-2024,20650,PE,0,0,0,81.05,30.15,0,0,0,0,19-JAN-2024,
OPTIDX,NIFTY,22-Feb-2024,20700,PE,0,0,0,89.6,34.7,0,0,0,0,19-JAN-2024,
OPTIDX,NIFTY,22-Feb-2024,20750,PE,0,0,0,98.85,39.75,0,0,0,0,19-JAN-2024,
OPTIDX,NIFTY,22-Feb-2024,20800,PE,91.5,91.5,76.2,76.2,45.45,2,20.88,0,0,19-JAN-2024,
OPTIDX,NIFTY,22-Feb-2024,20850,PE,0,0,0,119.45,51.7,0,0,0,0,19-JAN-2024,
OPTIDX,NIFTY,22-Feb-2024,20900,PE,0,0,0,130.9,58.7,0,0,0,0,19-JAN-2024,
OPTIDX,NIFTY,22-Feb-2024,20950,PE,0,0,0,144,66.4,0,0,0,0,19-JAN-2024,
OPTIDX,NIFTY,22-Feb-2024,21000,PE,133,133,117.5,117.5,117.5,7,73.94,150,150,19-JAN-2024,
OPTIDX,NIFTY,22-Feb-2024,21050,PE,0,0,0,170.05,84.15,0,0,0,0,19-JAN-2024,
OPTIDX,NIFTY,22-Feb-2024,21100,PE,0,0,0,184.9,94.3,0,0,0,0,19-JAN-2024,
OPTIDX,NIFTY,22-Feb-2024,21150,PE,0,0,0,200.65,105.35,0,0,0,0,19-JAN-2024,
OPTIDX,NIFTY,22-Feb-2024,21200,PE,0,0,0,217.3,117.35,0,0,0,0,19-JAN-2024,
OPTIDX,NIFTY,22-Feb-2024,21250,PE,0,0,0,234.9,130.35,0,0,0,0,19-JAN-2024,
OPTIDX,NIFTY,22-Feb-2024,21300,PE,0,0,0,253.45,144.4,0,0,0,0,19-JAN-2024,
OPTIDX,NIFTY,22-Feb-2024,21350,PE,0,0,0,273,159.45,0,0,0,0,19-JAN-2024,
OPTIDX,NIFTY,22-Feb-2024,21400,PE,200,229.8,200,207.65,207.65,263,2841.25,7250,7250,19-JAN-2024,
OPTIDX,NIFTY,22-Feb-2024,21450,PE,0,0,0,315,192.95,0,0,0,0,19-JAN-2024,
OPTIDX,NIFTY,22-Feb-2024,21500,PE,241.95,242.05,231.4,231.4,211.4,3,32.6,50,50,19-JAN-2024,
OPTIDX,NIFTY,22-Feb-2024,21550,PE,0,0,0,361.05,231,0,0,0,0,19-JAN-2024,
OPTIDX,NIFTY,22-Feb-2024,21600,PE,315.65,316.5,269.15,271.3,271.3,9,98.51,0,0,19-JAN-2024,
OPTIDX,NIFTY,22-Feb-2024,21650,PE,0,0,0,410.95,273.8,0,0,0,0,19-JAN-2024,
OPTIDX,NIFTY,22-Feb-2024,21700,PE,0,0,0,437.45,296.95,0,0,0,0,19-JAN-2024,
OPTIDX,NIFTY,22-Feb-2024,21750,PE,0,0,0,464.95,321.4,0,0,0,0,19-JAN-2024,
OPTIDX,NIFTY,22-Feb-2024,21800,PE,0,0,0,493.4,347,0,0,0,0,19-JAN-2024,
OPTIDX,NIFTY,22-Feb-2024,21850,PE,0,0,0,522.85,373.8,0,0,0,0,19-JAN-2024,
OPTIDX,NIFTY,22-Feb-2024,21900,PE,0,0,0,553.25,401.8,0,0,0,0,19-JAN-2024,
OPTIDX,NIFTY,22-Feb-2024,21950,PE,0,0,0,584.6,430.95,0,0,0,0,19-JAN-2024,
OPTIDX,NIFTY,22-Feb-2024,22000,PE,0,0,0,616.85,461.3,0,0,0,0,19-JAN-2024,
OPTIDX,NIFTY,22-Feb-2024,22050,PE,0,0,0,650.05,492.75,0,0,0,0,19-JAN-2024,
OPTIDX,NIFTY,22-Feb-2024,22100,PE,0,0,0,684.1,525.35,0,0,0,0,19-JAN-2024,
OPTIDX,NIFTY,22-Feb-2024,22150,PE,0,0,0,719,559,0,0,0,0,19-JAN-2024,
OPTIDX,NIFTY,22-Feb-2024,22200,PE,0,0,0,754.7,593.75,0,0,0,0,19-JAN-2024,
OPTIDX,NIFTY,22-Feb-2024,22250,PE,0,0,0,791.3,629.45,0,0,0,0,19-JAN-2024,
OPTIDX,NIFTY,22-Feb-2024,22300,PE,0,0,0,829.65,666.15,0,0,0,0,19-JAN-2024,
OPTIDX,NIFTY,22-Feb-2024,22350,PE,0,0,0,866.9,703.8,0,0,0,0,19-JAN-2024,
OPTIDX,NIFTY,22-Feb-2024,22400,PE,0,0,0,905.7,742.35,0,0,0,0,19-JAN-2024,
OPTIDX,NIFTY,22-Feb-2024,22450,PE,0,0,0,945.25,781.75,0,0,0,0,19-JAN-2024,
OPTIDX,NIFTY,22-Feb-2024,22500,PE,0,0,0,985.45,822,0,0,0,0,19-JAN-2024,
OPTIDX,NIFTY,22-Feb-2024,22550,PE,0,0,0,1026.25,863,0,0,0,0,19-JAN-2024,
OPTIDX,NIFTY,22-Feb-2024,22600,PE,0,0,0,1067.7,904.7,0,0,0,0,19-JAN-2024,
OPTIDX,NIFTY,22-Feb-2024,22650,PE,0,0,0,1109.7,947.15,0,0,0,0,19-JAN-2024,
OPTIDX,NIFTY,22-Feb-2024,22700,PE,0,0,0,1152.3,990.2,0,0,0,0,19-JAN-2024,
OPTIDX,NIFTY,22-Feb-2024,22750,PE,0,0,0,1195.4,1033.85,0,0,0,0,19-JAN-2024,
OPTIDX,NIFTY,22-Feb-2024,22800,PE,0,0,0,1238.95,1078.1,0,0,0,0,19-JAN-2024,
OPTIDX,NIFTY,22-Feb-2024,22850,PE,0,0,0,1283,1122.85,0,0,0,0,19-JAN-2024,
OPTIDX,NIFTY,22-Feb-2024,22900,PE,0,0,0,1327.5,1168.05,0,0,0,0,19-JAN-2024,
OPTIDX,NIFTY,22-Feb-2024,22950,PE,0,0,0,1372.4,1213.75,0,0,0,0,19-JAN-2024,
OPTIDX,NIFTY,22-Feb-2024,23000,PE,0,0,0,1417.7,1259.85,0,0,0,0,19-JAN-2024,
OPTIDX,NIFTY,22-Feb-2024,23050,PE,0,0,0,1463.35,1306.3,0,0,0,0,19-JAN-2024,
OPTIDX,NIFTY,22-Feb-2024,23100,PE,0,0,0,1509.35,1353.15,0,0,0,0,19-JAN-2024,
OPTIDX,NIFTY,22-Feb-2024,23150,PE,0,0,0,1555.65,1400.25,0,0,0,0,19-JAN-2024,
OPTIDX,NIFTY,22-Feb-2024,23200,PE,0,0,0,1602.25,1447.7,0,0,0,0,19-JAN-2024,
OPTIDX,NIFTY,29-Feb-2024,18650,CE,3150,3150,3150,3150,3113.3,1,10.9,100,50,19-JAN-2024,
OPTIDX,NIFTY,29-Feb-2024,18700,CE,3050,3075,3000,3010.2,3063.65,30,326.16,7150,1500,19-JAN-2024,
OPTIDX,NIFTY,29-Feb-2024,18750,CE,0,0,0,1796,3014.05,0,0,0,0,19-JAN-2024,
OPTIDX,NIFTY,29-Feb-2024,18800,CE,0,0,0,2835,2964.45,0,0,200,0,19-JAN-2024,
OPTIDX,NIFTY,29-Feb-2024,18850,CE,0,0,0,1710.25,2914.85,0,0,0,0,19-JAN-2024,
OPTIDX,NIFTY,29-Feb-2024,18900,CE,0,0,0,2699.3,2865.25,0,0,50,0,19-JAN-2024,
OPTIDX,NIFTY,29-Feb-2024,18950,CE,0,0,0,1626,2815.6,0,0,0,0,19-JAN-2024,
OPTIDX,NIFTY,29-Feb-2024,19000,CE,2770,2820,2716,2794.45,2794.45,628,6834.49,183500,18300,19-JAN-2024,
OPTIDX,NIFTY,29-Feb-2024,19050,CE,0,0,0,1543.4,2716.45,0,0,0,0,19-JAN-2024,
OPTIDX,NIFTY,29-Feb-2024,19100,CE,0,0,0,2190.55,2666.85,0,0,50,0,19-JAN-2024,
OPTIDX,NIFTY,29-Feb-2024,19150,CE,0,0,0,1462.6,2617.25,0,0,0,0,19-JAN-2024,
OPTIDX,NIFTY,29-Feb-2024,19200,CE,2445,2605,2445,2575,2567.7,9,97.93,1050,450,19-JAN-2024,
OPTIDX,NIFTY,29-Feb-2024,19250,CE,0,0,0,1383.65,2518.15,0,0,0,0,19-JAN-2024,
OPTIDX,NIFTY,29-Feb-2024,19300,CE,2429.3,2430.75,2425,2430.75,2468.6,11,119.5,800,550,19-JAN-2024,
OPTIDX,NIFTY,29-Feb-2024,19350,CE,2415,2491.45,2400,2491.45,2491.45,188,2045.09,9200,9200,19-JAN-2024,
OPTIDX,NIFTY,29-Feb-2024,19400,CE,2338,2395,2338,2390.15,2390.15,92,1002.31,5100,4600,19-JAN-2024,
OPTIDX,NIFTY,29-Feb-2024,19450,CE,0,0,0,1231.75,2320.1,0,0,0,0,19-JAN-2024,
OPTIDX,NIFTY,29-Feb-2024,19500,CE,2294.05,2328,2221.8,2295.95,2295.95,343,3733.48,52000,11600,19-JAN-2024,
OPTIDX,NIFTY,29-Feb-2024,19550,CE,0,0,0,1159.6,2221.25,0,0,0,0,19-JAN-2024,
OPTIDX,NIFTY,29-Feb-2024,19600,CE,2212.65,2212.65,2212.65,2212.65,2171.9,2,21.81,2450,100,19-JAN-2024,
OPTIDX,NIFTY,29-Feb-2024,19650,CE,0,0,0,1088.3,2122.6,0,0,0,0,19-JAN-2024,
OPTIDX,NIFTY,29-Feb-2024,19700,CE,2074.45,2125,2015.95,2114,2073.35,159,1733.62,9900,7650,19-JAN-2024,
OPTIDX,NIFTY,29-Feb-2024,19750,CE,0,0,0,1020.15,2024.15,0,0,0,0,19-JAN-2024,
OPTIDX,NIFTY,29-Feb-2024,19800,CE,1983.75,2018,1950.2,2018,2018,69,750.8,5450,3250,19-JAN-2024,
OPTIDX,NIFTY,29-Feb-2024,19850,CE,1925.8,1929.75,1925.8,1929.75,1926,2,21.77,100,100,19-JAN-2024,
OPTIDX,NIFTY,29-Feb-2024,19900,CE,1920,1930,1860,1880.5,1880.5,38,414.16,4900,1300,19-JAN-2024,
OPTIDX,NIFTY,29-Feb-2024,19950,CE,0,0,0,891.25,1828.3,0,0,0,0,19-JAN-2024,
OPTIDX,NIFTY,29-Feb-2024,20000,CE,1808.3,1853.35,1745.7,1826.6,1826.6,1279,13939.78,485700,7100,19-JAN-2024,
OPTIDX,NIFTY,29-Feb-2024,20050,CE,0,0,0,750,1731.1,0,0,0,0,19-JAN-2024,
OPTIDX,NIFTY,29-Feb-2024,20100,CE,1669.2,1725.1,1669.2,1725.05,1725.05,24,261.75,4150,900,19-JAN-2024,
OPTIDX,NIFTY,29-Feb-2024,20150,CE,0,0,0,1735,1634.55,0,0,50,0,19-JAN-2024,
OPTIDX,NIFTY,29-Feb-2024,20200,CE,1615.4,1661,1580,1635,1635,29,316.01,14500,1150,19-JAN-2024,
OPTIDX,NIFTY,29-Feb-2024,20250,CE,1530,1530,1530,1530,1538.85,1,10.89,400,50,19-JAN-2024,
OPTIDX,NIFTY,29-Feb-2024,20300,CE,1523.8,1554,1520,1554,1491.4,9,98.22,6950,200,19-JAN-2024,
OPTIDX,NIFTY,29-Feb-2024,20350,CE,1439.15,1439.15,1439.15,1439.15,1444.2,1,10.89,50,50,19-JAN-2024,
OPTIDX,NIFTY,29-Feb-2024,20400,CE,1438.3,1460,1386.95,1450.4,1450.4,22,240.05,6800,700,19-JAN-2024,
OPTIDX,NIFTY,29-Feb-2024,20450,CE,0,0,0,1309.95,1350.8,0,0,50,0,19-JAN-2024,
OPTIDX,NIFTY,29-Feb-2024,20500,CE,1340,1390,1290,1361.4,1361.4,262,2862.14,172800,-750,19-JAN-2024,
OPTIDX,NIFTY,29-Feb-2024,20550,CE,0,0,0,1670,1258.9,0,0,800,0,19-JAN-2024,
OPTIDX,NIFTY,29-Feb-2024,20600,CE,1260.25,1286.8,1203.65,1277.15,1277.15,14,152.9,8850,200,19-JAN-2024,
OPTIDX,NIFTY,29-Feb-2024,20650,CE,1234.9,1234.9,1178.2,1178.2,1168.8,10,109.28,950,450,19-JAN-2024,
OPTIDX,NIFTY,29-Feb-2024,20700,CE,1170,1198.8,1120,1180.9,1180.9,23,251.3,6250,250,19-JAN-2024,
OPTIDX,NIFTY,29-Feb-2024,20750,CE,0,0,0,1060,1080.7,0,0,750,0,19-JAN-2024,
OPTIDX,NIFTY,29-Feb-2024,20800,CE,1080,1114.25,1060,1097.4,1097.4,44,481.58,14800,450,19-JAN-2024,
OPTIDX,NIFTY,29-Feb-2024,20850,CE,0,0,0,845,995,0,0,950,0,19-JAN-2024,
OPTIDX,NIFTY,29-Feb-2024,20900,CE,1015,1030.15,955.75,1026.1,953.15,16,175.27,14050,350,19-JAN-2024,
OPTIDX,NIFTY,29-Feb-2024,20950,CE,946.9,946.9,945,945,912,12,131.37,950,-400,19-JAN-2024,
OPTIDX,NIFTY,29-Feb-2024,21000,CE,906.15,961.25,870,936.15,936.15,1768,19375.12,387450,-9550,19-JAN-2024,
OPTIDX,NIFTY,29-Feb-2024,21050,CE,0,0,0,806.2,831.9,0,0,5150,0,19-JAN-2024,
OPTIDX,NIFTY,29-Feb-2024,21100,CE,841.35,866,794.35,852.3,852.3,113,1239.44,24350,300,19-JAN-2024,
OPTIDX,NIFTY,29-Feb-2024,21150,CE,804.85,814,793.65,803.05,755.15,16,175.62,7300,-250,19-JAN-2024,
OPTIDX,NIFTY,29-Feb-2024,21200,CE,718.8,800,718.8,782.65,782.65,362,3973.9,40950,-7650,19-JAN-2024,
OPTIDX,NIFTY,29-Feb-2024,21250,CE,727.7,754.35,692,750.65,750.65,118,1295.39,14550,1600,19-JAN-2024,
OPTIDX,NIFTY,29-Feb-2024,21300,CE,671.95,718.05,649.5,699.55,699.55,1060,11654.03,47500,-900,19-JAN-2024,
OPTIDX,NIFTY,29-Feb-2024,21350,CE,644.95,690,618,661.95,661.95,257,2826.51,14500,-850,19-JAN-2024,
OPTIDX,NIFTY,29-Feb-2024,21400,CE,546,656.65,546,632.35,632.35,2289,25200.1,83700,-29350,19-JAN-2024,
OPTIDX,NIFTY,29-Feb-2024,21450,CE,577.95,620,553.95,599.55,599.55,524,5773.81,15300,-8750,19-JAN-2024,
OPTIDX,NIFTY,29-Feb-2024,21500,CE,554.6,593.75,507.95,572.75,572.75,13272,146361.41,798300,-31350,19-JAN-2024,
OPTIDX,NIFTY,29-Feb-2024,21550,CE,504.05,554.95,490.85,539.05,539.05,438,4834.26,11900,-1700,19-JAN-2024,
OPTIDX,NIFTY,29-Feb-2024,21600,CE,465.6,525,455.15,508.65,508.65,11963,132178.06,274500,950,19-JAN-2024,
OPTIDX,NIFTY,29-Feb-2024,21650,CE,455.05,493.05,430.35,478.5,478.5,984,10881.39,26050,400,19-JAN-2024,
OPTIDX,NIFTY,29-Feb-2024,21700,CE,370.2,465.7,370.2,450.45,450.45,7103,78627.83,286950,13950,19-JAN-2024,
OPTIDX,NIFTY,29-Feb-2024,21750,CE,400.95,433.35,376.4,422.4,422.4,734,8132.41,28750,5250,19-JAN-2024,
OPTIDX,NIFTY,29-Feb-2024,21800,CE,359.95,406.5,350.2,394.5,394.5,8348,92585.06,441450,24050,19-JAN-2024,
OPTIDX,NIFTY,29-Feb-2024,21850,CE,347.4,375.5,326.75,370.65,370.65,694,7705.96,30950,3400,19-JAN-2024,
OPTIDX,NIFTY,29-Feb-2024,21900,CE,300,355,300,342.55,342.55,3419,38005.44,259700,800,19-JAN-2024,
OPTIDX,NIFTY,29-Feb-2024,21950,CE,311,330.5,283.95,319.9,319.9,327,3639.49,15350,1900,19-JAN-2024,
OPTIDX,NIFTY,29-Feb-2024,22000,CE,278.45,310,260,296.7,296.7,26716,297742.16,1496850,68450,19-JAN-2024,
OPTIDX,NIFTY,29-Feb-2024,22050,CE,264.05,285.05,242.8,273.75,273.75,304,3391.8,22450,1250,19-JAN-2024,
OPTIDX,NIFTY,29-Feb-2024,22100,CE,231,263.05,218.85,250.7,250.7,9589,107125.78,281700,80050,19-JAN-2024,
OPTIDX,NIFTY,29-Feb-2024,22150,CE,225.95,238.15,205.3,231.15,231.15,575,6432.93,14800,-4450,19-JAN-2024,
OPTIDX,NIFTY,29-Feb-2024,22200,CE,200.25,224,186,213.15,213.15,8143,91230.23,253750,-20750,19-JAN-2024,
OPTIDX,NIFTY,29-Feb-2024,22250,CE,200,206.3,173.95,197.45,197.45,305,3421.82,18400,-2050,19-JAN-2024,
OPTIDX,NIFTY,29-Feb-2024,22300,CE,156.35,188.9,156.35,178.5,178.5,5655,63548.37,197700,-22550,19-JAN-2024,
OPTIDX,NIFTY,29-Feb-2024,22350,CE,162.4,172.7,145.2,165.2,165.2,459,5166.15,11750,-1250,19-JAN-2024,
OPTIDX,NIFTY,29-Feb-2024,22400,CE,145.75,158.4,130,149.45,149.45,4443,50087.21,153250,2050,19-JAN-2024,
OPTIDX,NIFTY,29-Feb-2024,22450,CE,141.4,143.3,120.55,135.05,135.05,745,8411.48,39000,13800,19-JAN-2024,
OPTIDX,NIFTY,29-Feb-2024,22500,CE,120,147,108.5,125.55,125.55,22010,248959.65,955200,167150,19-JAN-2024,
OPTIDX,NIFTY,29-Feb-2024,22550,CE,119.6,119.65,100.65,113.05,113.05,593,6718.71,17400,5750,19-JAN-2024,
OPTIDX,NIFTY,29-Feb-2024,22600,CE,105.45,110.1,90.9,101.55,101.55,12487,141726.03,188150,-18200,19-JAN-2024,
OPTIDX,NIFTY,29-Feb-2024,22650,CE,97.9,100.55,83.25,93.15,93.15,470,5344.36,12400,550,19-JAN-2024,
OPTIDX,NIFTY,29-Feb-2024,22700,CE,87.3,91.55,74.85,84,84,4676,53265.24,207700,9350,19-JAN-2024,
OPTIDX,NIFTY,29-Feb-2024,22750,CE,80.65,83.25,68.25,75.15,75.15,362,4131.41,27400,-250,19-JAN-2024,
OPTIDX,NIFTY,29-Feb-2024,22800,CE,74.7,77.45,62.05,69.6,69.6,4727,54050.02,224200,18850,19-JAN-2024,
OPTIDX,NIFTY,29-Feb-2024,22850,CE,67.85,70,56.55,62.7,62.7,490,5613.25,51600,-1650,19-JAN-2024,
OPTIDX,NIFTY,29-Feb-2024,22900,CE,62.05,65.2,51.35,57.05,57.05,3388,38888.94,155100,9900,19-JAN-2024,
OPTIDX,NIFTY,29-Feb-2024,22950,CE,59.1,59.45,47.25,52.2,52.2,564,6486.71,21050,-2450,19-JAN-2024,
OPTIDX,NIFTY,29-Feb-2024,23000,CE,48.5,58.4,43.8,49.1,49.1,32595,375639.93,2035200,112000,19-JAN-2024,
OPTIDX,NIFTY,29-Feb-2024,23050,CE,50.45,50.85,39.4,43.35,43.35,533,6154.66,10100,-950,19-JAN-2024,
OPTIDX,NIFTY,29-Feb-2024,23100,CE,45.1,46.5,35.55,39.65,39.65,3900,45121.03,129850,28550,19-JAN-2024,
OPTIDX,NIFTY,29-Feb-2024,23150,CE,41.3,43.25,33.5,37.55,37.55,497,5761.85,20600,9950,19-JAN-2024,
OPTIDX,NIFTY,29-Feb-2024,23200,CE,38.65,41.05,31.05,33.85,33.85,1913,22223.1,115750,12150,19-JAN-2024,
OPTIDX,NIFTY,29-Feb-2024,23250,CE,34.55,34.55,28.7,31.1,31.1,109,1268.84,9350,350,19-JAN-2024,
OPTIDX,NIFTY,29-Feb-2024,23300,CE,32.05,34,25.85,28.1,28.1,1725,20120.63,145500,5750,19-JAN-2024,
OPTIDX,NIFTY,29-Feb-2024,23350,CE,30.75,30.75,24.5,26.55,26.55,84,981.85,6600,450,19-JAN-2024,
OPTIDX,NIFTY,29-Feb-2024,23400,CE,30,30,22.75,24.05,24.05,1967,23037.94,74500,-18550,19-JAN-2024,
OPTIDX,NIFTY,29-Feb-2024,23450,CE,25.8,26.8,21.3,22.35,22.35,256,3004.5,19000,-700,19-JAN-2024,
OPTIDX,NIFTY,29-Feb-2024,23500,CE,23.5,25.75,20,21.15,21.15,4379,51499.83,259950,-13250,19-JAN-2024,
OPTIDX,NIFTY,29-Feb-2024,23550,CE,23.45,24.45,19.5,20.25,20.25,157,1850.36,6550,1350,19-JAN-2024,
OPTIDX,NIFTY,29-Feb-2024,23600,CE,22.25,22.5,17,18.35,18.35,1107,13072.81,62400,3400,19-JAN-2024,
OPTIDX,NIFTY,29-Feb-2024,23650,CE,21.5,21.6,16.2,16.65,16.65,129,1526.59,11300,1700,19-JAN-2024,
OPTIDX,NIFTY,29-Feb-2024,23700,CE,18.55,19.4,15,16.15,16.15,325,3853.91,33900,5000,19-JAN-2024,
OPTIDX,NIFTY,29-Feb-2024,23750,CE,18.7,18.75,15.05,16,16,54,641.69,4400,1650,19-JAN-2024,
OPTIDX,NIFTY,29-Feb-2024,23800,CE,16.9,17.7,13.85,14.65,14.65,987,11752.64,55400,12350,19-JAN-2024,
OPTIDX,NIFTY,29-Feb-2024,23850,CE,16.9,16.95,13.35,14.7,14.7,445,5309.86,23500,1900,19-JAN-2024,
OPTIDX,NIFTY,29-Feb-2024,18650,PE,0,0,0,3.05,0.05,0,0,1100,0,19-JAN-2024,
OPTIDX,NIFTY,29-Feb-2024,18700,PE,0,0,0,71.3,0.05,0,0,0,0,19-JAN-2024,
OPTIDX,NIFTY,29-Feb-2024,18750,PE,0,0,0,77,0.05,0,0,0,0,19-JAN-2024,
OPTIDX,NIFTY,29-Feb-2024,18800,PE,0,0,0,83,0.05,0,0,0,0,19-JAN-2024,
OPTIDX,NIFTY,29-Feb-2024,18850,PE,0,0,0,89.45,0.05,0,0,0,0,19-JAN-2024,
OPTIDX,NIFTY,29-Feb-2024,18900,PE,6.45,6.45,5,6.45,0.05,3,28.35,1150,50,19-JAN-2024,
OPTIDX,NIFTY,29-Feb-2024,18950,PE,0,0,0,103.4,0.1,0,0,0,0,19-JAN-2024,
OPTIDX,NIFTY,29-Feb-2024,19000,PE,9.2,9.9,7.75,9.05,9.05,1497,14228.06,315150,2750,19-JAN-2024,
OPTIDX,NIFTY,29-Feb-2024,19050,PE,0,0,0,119.05,0.15,0,0,0,0,19-JAN-2024,
OPTIDX,NIFTY,29-Feb-2024,19100,PE,0,0,0,127.5,0.15,0,0,0,0,19-JAN-2024,
OPTIDX,NIFTY,29-Feb-2024,19150,PE,0,0,0,136.4,0.2,0,0,0,0,19-JAN-2024,
OPTIDX,NIFTY,29-Feb-2024,19200,PE,0,0,0,14.7,0.25,0,0,2150,0,19-JAN-2024,
OPTIDX,NIFTY,29-Feb-2024,19250,PE,0,0,0,155.65,0.35,0,0,0,0,19-JAN-2024,
OPTIDX,NIFTY,29-Feb-2024,19300,PE,12.75,13.55,10,12.5,12.5,301,2906.35,7450,-1200,19-JAN-2024,
OPTIDX,NIFTY,29-Feb-2024,19350,PE,0,0,0,176.9,0.5,0,0,0,0,19-JAN-2024,
OPTIDX,NIFTY,29-Feb-2024,19400,PE,11.9,14.7,11,14.35,14.35,595,5775.19,2550,-14750,19-JAN-2024,
OPTIDX,NIFTY,29-Feb-2024,19450,PE,13.75,15.6,13.45,14.65,14.65,35,340.62,1700,650,19-JAN-2024,
OPTIDX,NIFTY,29-Feb-2024,19500,PE,16.45,16.7,12.7,15.25,15.25,6012,58660.5,256100,-45800,19-JAN-2024,
OPTIDX,NIFTY,29-Feb-2024,19550,PE,0,0,0,20.85,1.2,0,0,2700,0,19-JAN-2024,
OPTIDX,NIFTY,29-Feb-2024,19600,PE,17,18,14.05,16.2,16.2,288,2824.64,22500,3000,19-JAN-2024,
OPTIDX,NIFTY,29-Feb-2024,19650,PE,19.85,19.85,14.45,18.35,18.35,27,265.5,3350,-700,19-JAN-2024,
OPTIDX,NIFTY,29-Feb-2024,19700,PE,16.3,19.85,15.25,17.5,17.5,898,8852.91,45250,1400,19-JAN-2024,
OPTIDX,NIFTY,29-Feb-2024,19750,PE,18.8,21.25,18.8,19.95,19.95,105,1037.91,3300,-450,19-JAN-2024,
OPTIDX,NIFTY,29-Feb-2024,19800,PE,18.95,23,17.9,20.35,20.35,2951,29243.8,261650,5550,19-JAN-2024,
OPTIDX,NIFTY,29-Feb-2024,19850,PE,19.85,25.3,19.85,22.85,22.85,96,953.86,6200,-2450,19-JAN-2024,
OPTIDX,NIFTY,29-Feb-2024,19900,PE,22.75,27.95,21.65,24.8,24.8,2213,22045.84,258650,-23050,19-JAN-2024,
OPTIDX,NIFTY,29-Feb-2024,19950,PE,24.35,29.85,21.95,26.8,26.8,320,3196.27,11350,3400,19-JAN-2024,
OPTIDX,NIFTY,29-Feb-2024,20000,PE,30,34.35,26.5,30.55,30.55,17111,171367.69,1454200,123950,19-JAN-2024,
OPTIDX,NIFTY,29-Feb-2024,20050,PE,28.75,34.95,28,31.5,31.5,188,1887.63,10350,1650,19-JAN-2024,
OPTIDX,NIFTY,29-Feb-2024,20100,PE,29.95,37.35,28.55,32.65,32.65,2825,28436.73,332050,7900,19-JAN-2024,
OPTIDX,NIFTY,29-Feb-2024,20150,PE,35.35,40.55,31.4,35.65,35.65,231,2331.36,12250,-50,19-JAN-2024,
OPTIDX,NIFTY,29-Feb-2024,20200,PE,39,44.05,33.75,38.7,38.7,4004,40516.07,374300,10300,19-JAN-2024,
OPTIDX,NIFTY,29-Feb-2024,20250,PE,38.55,48,37.35,42.6,42.6,251,2546.58,12800,3200,19-JAN-2024,
OPTIDX,NIFTY,29-Feb-2024,20300,PE,43.25,51.45,39.55,43.9,43.9,4807,48897.56,365100,51200,19-JAN-2024,
OPTIDX,NIFTY,29-Feb-2024,20350,PE,46.85,55.9,44.45,48.55,48.55,391,3988.23,6900,400,19-JAN-2024,
OPTIDX,NIFTY,29-Feb-2024,20400,PE,50.8,61.9,46.75,53.35,53.35,7639,78126.34,343750,26000,19-JAN-2024,
OPTIDX,NIFTY,29-Feb-2024,20450,PE,53.55,65.6,53.3,57,57,93,953.59,8150,-100,19-JAN-2024,
OPTIDX,NIFTY,29-Feb-2024,20500,PE,62.7,73,57,63.35,63.35,21331,219324.92,1606600,114450,19-JAN-2024,
OPTIDX,NIFTY,29-Feb-2024,20550,PE,61.8,75.7,61.8,68.75,68.75,142,1463.78,11150,-700,19-JAN-2024,
OPTIDX,NIFTY,29-Feb-2024,20600,PE,66.55,82.15,63.95,71.35,71.35,3118,32227.16,276400,21250,19-JAN-2024,
OPTIDX,NIFTY,29-Feb-2024,20650,PE,76.2,89.3,70.45,77.95,77.95,213,2207.41,10500,2450,19-JAN-2024,
OPTIDX,NIFTY,29-Feb-2024,20700,PE,81,97.2,76.2,83.9,83.9,3444,35790.86,313700,16850,19-JAN-2024,
OPTIDX,NIFTY,29-Feb-2024,20750,PE,86.7,101.2,83.55,89.05,89.05,363,3782.45,15950,2300,19-JAN-2024,
OPTIDX,NIFTY,29-Feb-2024,20800,PE,99,111.5,88.5,96.8,96.8,5045,52713.65,310800,5700,19-JAN-2024,
OPTIDX,NIFTY,29-Feb-2024,20850,PE,102.3,118.3,96.25,102.25,102.25,363,3803.11,9900,-100,19-JAN-2024,
OPTIDX,NIFTY,29-Feb-2024,20900,PE,108.6,128,103.75,111.8,111.8,2832,29753.02,216300,32350,19-JAN-2024,
OPTIDX,NIFTY,29-Feb-2024,20950,PE,114.45,137.05,111.4,121.5,121.5,291,3065.79,28800,4700,19-JAN-2024,
OPTIDX,NIFTY,29-Feb-2024,21000,PE,152.25,152.25,120.3,130.5,130.5,28145,297395.52,2336500,212550,19-JAN-2024,
OPTIDX,NIFTY,29-Feb-2024,21050,PE,135,157.15,130,139.9,139.9,198,2097.84,12050,600,19-JAN-2024,
OPTIDX,NIFTY,29-Feb-2024,21100,PE,145.95,171,138,146.75,146.75,4370,46436.7,245900,53800,19-JAN-2024,
OPTIDX,NIFTY,29-Feb-2024,21150,PE,150.1,180,149.65,156.4,156.4,257,2738.22,15450,600,19-JAN-2024,
OPTIDX,NIFTY,29-Feb-2024,21200,PE,180,205.5,158.75,169.2,169.2,6835,73039.27,412300,-39150,19-JAN-2024,
OPTIDX,NIFTY,29-Feb-2024,21250,PE,179.1,208,171.7,181.4,181.4,973,10430.03,38450,21900,19-JAN-2024,
OPTIDX,NIFTY,29-Feb-2024,21300,PE,197.6,226.45,183.9,193.05,193.05,7695,82713.5,307000,11750,19-JAN-2024,
OPTIDX,NIFTY,29-Feb-2024,21350,PE,205.6,239,198.55,208.8,208.8,421,4539.22,22150,1700,19-JAN-2024,
OPTIDX,NIFTY,29-Feb-2024,21400,PE,232.1,257.15,202.15,223.45,223.45,7703,83290.68,359650,30350,19-JAN-2024,
OPTIDX,NIFTY,29-Feb-2024,21450,PE,233.7,274.5,229.25,241.05,241.05,453,4914.62,31300,2100,19-JAN-2024,
OPTIDX,NIFTY,29-Feb-2024,21500,PE,274.95,295.7,243.05,256.55,256.55,26527,288662.37,1626800,115750,19-JAN-2024,
OPTIDX,NIFTY,29-Feb-2024,21550,PE,276.7,309.95,260.3,273.05,273.05,804,8777.08,20250,3450,19-JAN-2024,
OPTIDX,NIFTY,29-Feb-2024,21600,PE,287.95,335.25,278.1,293.35,293.35,12354,135284.9,354400,24450,19-JAN-2024,
OPTIDX,NIFTY,29-Feb-2024,21650,PE,326.05,353.85,297.15,313.1,313.1,1438,15795.71,28300,3300,19-JAN-2024,
OPTIDX,NIFTY,29-Feb-2024,21700,PE,384.95,384.95,315.9,334.6,334.6,12256,135076.81,445300,147900,19-JAN-2024,
OPTIDX,NIFTY,29-Feb-2024,21750,PE,356.45,395.45,337.55,354,354,540,5971.25,30450,-5500,19-JAN-2024,
OPTIDX,NIFTY,29-Feb-2024,21800,PE,388.55,424.15,358,376.3,376.3,6213,68912.68,348350,47050,19-JAN-2024,
OPTIDX,NIFTY,29-Feb-2024,21850,PE,402,441.45,384.55,401.75,401.75,303,3372.3,37850,-400,19-JAN-2024,
OPTIDX,NIFTY,29-Feb-2024,21900,PE,440.45,474.05,407,425.6,425.6,1994,22266.05,213450,-13100,19-JAN-2024,
OPTIDX,NIFTY,29-Feb-2024,21950,PE,465,501.85,443.3,453.45,453.45,115,1289.26,24550,2100,19-JAN-2024,
OPTIDX,NIFTY,29-Feb-2024,22000,PE,495.05,530,455.6,477.55,477.55,10800,121428.48,880550,63500,19-JAN-2024,
OPTIDX,NIFTY,29-Feb-2024,22050,PE,500,552,486.25,506.5,506.5,266,3002.06,13500,3400,19-JAN-2024,
OPTIDX,NIFTY,29-Feb-2024,22100,PE,550.35,590.45,514,535.25,535.25,1048,11866.59,101950,-550,19-JAN-2024,
OPTIDX,NIFTY,29-Feb-2024,22150,PE,574,620,545,550,569.15,226,2568.73,19850,700,19-JAN-2024,
OPTIDX,NIFTY,29-Feb-2024,22200,PE,613.15,650,572,597.05,597.05,797,9088.73,91700,2450,19-JAN-2024,
OPTIDX,NIFTY,29-Feb-2024,22250,PE,632,681,605,626.45,626.45,154,1762.07,34150,6200,19-JAN-2024,
OPTIDX,NIFTY,29-Feb-2024,22300,PE,680.95,720,636,659.4,659.4,355,4078.14,64950,-150,19-JAN-2024,
OPTIDX,NIFTY,29-Feb-2024,22350,PE,685.95,759.45,670.65,697.15,697.15,237,2732.47,21650,8600,19-JAN-2024,
OPTIDX,NIFTY,29-Feb-2024,22400,PE,745,790.45,702.8,728.35,728.35,192,2222.09,105800,-400,19-JAN-2024,
OPTIDX,NIFTY,29-Feb-2024,22450,PE,770.05,779.35,770,779.35,779.35,7,81.28,23500,-50,19-JAN-2024,
OPTIDX,NIFTY,29-Feb-2024,22500,PE,835,873.55,773.1,803.75,803.75,2246,26196.67,222200,40000,19-JAN-2024,
OPTIDX,NIFTY,29-Feb-2024,22550,PE,0,0,0,1000,861.25,0,0,13500,0,19-JAN-2024,
OPTIDX,NIFTY,29-Feb-2024,22600,PE,890,949.8,869.5,869.55,901.45,36,422.98,13800,900,19-JAN-2024,
OPTIDX,NIFTY,29-Feb-2024,22650,PE,0,0,0,687,942.35,0,0,6600,0,19-JAN-2024,
OPTIDX,NIFTY,29-Feb-2024,22700,PE,1004,1027.35,940,959,983.9,57,675.44,29950,1400,19-JAN-2024,
OPTIDX,NIFTY,29-Feb-2024,22750,PE,1019.7,1065.95,1019.7,1065.95,1026.05,2,23.79,9300,0,19-JAN-2024,
OPTIDX,NIFTY,29-Feb-2024,22800,PE,0,0,0,1198.05,1068.85,0,0,13750,0,19-JAN-2024,
OPTIDX,NIFTY,29-Feb-2024,22850,PE,1085.85,1085.85,1085.85,1085.85,1112.2,1,11.96,3550,0,19-JAN-2024,
OPTIDX,NIFTY,29-Feb-2024,22900,PE,1131,1192.35,1114.1,1114.1,1114.1,62,745.11,4600,1250,19-JAN-2024,
OPTIDX,NIFTY,29-Feb-2024,22950,PE,0,0,0,1284.05,1200.45,0,0,1300,0,19-JAN-2024,
OPTIDX,NIFTY,29-Feb-2024,23000,PE,1240,1293.65,1190,1216.25,1216.25,1140,13816.27,237350,14550,19-JAN-2024,
OPTIDX,NIFTY,29-Feb-2024,23050,PE,0,0,0,938.9,1290.5,0,0,900,0,19-JAN-2024,
OPTIDX,NIFTY,29-Feb-2024,23100,PE,1336.2,1386.75,1336.2,1386.75,1336.15,8,97.84,2250,200,19-JAN-2024,
OPTIDX,NIFTY,29-Feb-2024,23150,PE,0,0,0,1054.55,1382.2,0,0,500,0,19-JAN-2024,
OPTIDX,NIFTY,29-Feb-2024,23200,PE,1436.4,1436.4,1436.4,1436.4,1428.55,1,12.31,3550,0,19-JAN-2024,
OPTIDX,NIFTY,29-Feb-2024,23250,PE,0,0,0,1134.7,1475.25,0,0,500,0,19-JAN-2024,
OPTIDX,NIFTY,29-Feb-2024,23300,PE,1470,1527.35,1470,1527.35,1522.2,7,86.86,2750,-50,19-JAN-2024,
OPTIDX,NIFTY,29-Feb-2024,23350,PE,0,0,0,2315.5,1569.45,0,0,0,0,19-JAN-2024,
OPTIDX,NIFTY,29-Feb-2024,23400,PE,0,0,0,2361.35,1616.95,0,0,0,0,19-JAN-2024,
OPTIDX,NIFTY,29-Feb-2024,23450,PE,0,0,0,2407.4,1664.65,0,0,0,0,19-JAN-2024,
OPTIDX,NIFTY,29-Feb-2024,23500,PE,1708.55,1750.3,1671,1671,1712.6,25,315.19,6500,-100,19-JAN-2024,
OPTIDX,NIFTY,29-Feb-2024,23550,PE,0,0,0,2500.05,1760.7,0,0,0,0,19-JAN-2024,
OPTIDX,NIFTY,29-Feb-2024,23600,PE,0,0,0,2546.6,1808.95,0,0,0,0,19-JAN-2024,
OPTIDX,NIFTY,29-Feb-2024,23650,PE,0,0,0,2593.3,1857.35,0,0,0,0,19-JAN-2024,
OPTIDX,NIFTY,29-Feb-2024,23700,PE,0,0,0,2640.15,1905.9,0,0,0,0,19-JAN-2024,
OPTIDX,NIFTY,29-Feb-2024,23750,PE,0,0,0,2533.7,1954.6,0,0,0,0,19-JAN-2024,
OPTIDX,NIFTY,29-Feb-2024,23800,PE,0,0,0,2580.25,2003.4,0,0,0,0,19-JAN-2024,
OPTIDX,NIFTY,29-Feb-2024,23850,PE,0,0,0,2626.9,2052.3,0,0,0,0,19-JAN-2024,
OPTIDX,NIFTY,28-Mar-2024,14000,CE,7768.95,7795,7765.05,7773.7,7773.7,21,228.62,325150,900,19-JAN-2024,
OPTIDX,NIFTY,28-Mar-2024,15000,CE,6825,6825,6825,6825,6825,1,10.91,25250,-50,19-JAN-2024,
OPTIDX,NIFTY,28-Mar-2024,16000,CE,5881.95,5881.95,5771.9,5850,5825.25,10,109.14,44700,-450,19-JAN-2024,
OPTIDX,NIFTY,28-Mar-2024,17000,CE,4755.7,4842,4755.7,4842,4837.95,2,21.79,139000,100,19-JAN-2024,
OPTIDX,NIFTY,28-Mar-2024,18000,CE,3866,3909.85,3801,3895.3,3895.3,301,3289.87,442350,-700,19-JAN-2024,
OPTIDX,NIFTY,28-Mar-2024,19000,CE,2900,2958,2870,2948.9,2948.9,99,1085.25,469900,350,19-JAN-2024,
OPTIDX,NIFTY,28-Mar-2024,19700,CE,0,0,0,2467.95,2182.4,0,0,0,0,19-JAN-2024,
OPTIDX,NIFTY,28-Mar-2024,19750,CE,0,0,0,2421.85,2134.4,0,0,0,0,19-JAN-2024,
OPTIDX,NIFTY,28-Mar-2024,19800,CE,2034.85,2034.85,2034.85,2034.85,2034.85,1,10.91,100,50,19-JAN-2024,
OPTIDX,NIFTY,28-Mar-2024,19850,CE,0,0,0,2330.25,2038.85,0,0,0,0,19-JAN-2024,
OPTIDX,NIFTY,28-Mar-2024,19900,CE,0,0,0,2284.75,1991.35,0,0,0,0,19-JAN-2024,
OPTIDX,NIFTY,28-Mar-2024,19950,CE,0,0,0,2239.55,1944.05,0,0,0,0,19-JAN-2024,
OPTIDX,NIFTY,28-Mar-2024,20000,CE,1975,2018,1920,1998.5,1998.5,481,5285.12,477550,1800,19-JAN-2024,
OPTIDX,NIFTY,28-Mar-2024,20050,CE,0,0,0,2149.85,1850.1,0,0,0,0,19-JAN-2024,
OPTIDX,NIFTY,28-Mar-2024,20100,CE,0,0,0,2105.4,1803.5,0,0,0,0,19-JAN-2024,
OPTIDX,NIFTY,28-Mar-2024,20150,CE,0,0,0,2061.25,1757.2,0,0,0,0,19-JAN-2024,
OPTIDX,NIFTY,28-Mar-2024,20200,CE,0,0,0,2017.4,1711.1,0,0,0,0,19-JAN-2024,
OPTIDX,NIFTY,28-Mar-2024,20250,CE,0,0,0,1973.85,1665.35,0,0,0,0,19-JAN-2024,
OPTIDX,NIFTY,28-Mar-2024,20300,CE,0,0,0,1930.6,1619.95,0,0,0,0,19-JAN-2024,
OPTIDX,NIFTY,28-Mar-2024,20350,CE,0,0,0,1413.85,1574.85,0,0,50,0,19-JAN-2024,
OPTIDX,NIFTY,28-Mar-2024,20400,CE,0,0,0,1383.25,1530.15,0,0,50,0,19-JAN-2024,
OPTIDX,NIFTY,28-Mar-2024,20450,CE,0,0,0,1802.95,1485.85,0,0,0,0,19-JAN-2024,
OPTIDX,NIFTY,28-Mar-2024,20500,CE,1515.35,1555.95,1483.65,1543.9,1543.9,97,1068.61,19200,1800,19-JAN-2024,
OPTIDX,NIFTY,28-Mar-2024,20550,CE,0,0,0,1444.55,1398.45,0,0,50,0,19-JAN-2024,
OPTIDX,NIFTY,28-Mar-2024,20600,CE,0,0,0,1378.1,1355.45,0,0,150,0,19-JAN-2024,
OPTIDX,NIFTY,28-Mar-2024,20650,CE,0,0,0,1384.8,1312.9,0,0,350,0,19-JAN-2024,
OPTIDX,NIFTY,28-Mar-2024,20700,CE,0,0,0,1345,1270.85,0,0,200,0,19-JAN-2024,
OPTIDX,NIFTY,28-Mar-2024,20750,CE,0,0,0,1155.65,1229.35,0,0,250,0,19-JAN-2024,
OPTIDX,NIFTY,28-Mar-2024,20800,CE,1292.25,1294.25,1239,1239,1188.4,9,99.36,450,200,19-JAN-2024,
OPTIDX,NIFTY,28-Mar-2024,20850,CE,0,0,0,1279.6,1148,0,0,50,0,19-JAN-2024,
OPTIDX,NIFTY,28-Mar-2024,20900,CE,1213.8,1213.8,1202.5,1208.6,1108.2,9,99.49,400,250,19-JAN-2024,
OPTIDX,NIFTY,28-Mar-2024,20950,CE,0,0,0,1403.15,1069.05,0,0,0,0,19-JAN-2024,
OPTIDX,NIFTY,28-Mar-2024,21000,CE,1095.05,1159.95,1075,1142.45,1142.45,1405,15545.73,1143000,-1550,19-JAN-2024,
OPTIDX,NIFTY,28-Mar-2024,21050,CE,1112,1112,1112,1112,992.6,1,11.08,100,50,19-JAN-2024,
OPTIDX,NIFTY,28-Mar-2024,21100,CE,1035,1044.95,997.4,1034.35,955.35,27,298.69,1350,250,19-JAN-2024,
OPTIDX,NIFTY,28-Mar-2024,21150,CE,0,0,0,823.55,918.85,0,0,50,0,19-JAN-2024,
OPTIDX,NIFTY,28-Mar-2024,21200,CE,979.75,991.65,922.4,981.6,883.05,37,410.01,3400,900,19-JAN-2024,
OPTIDX,NIFTY,28-Mar-2024,21250,CE,0,0,0,823.55,847.95,0,0,250,0,19-JAN-2024,
OPTIDX,NIFTY,28-Mar-2024,21300,CE,895,916.55,860,899.95,899.95,47,521.46,7600,-1050,19-JAN-2024,
OPTIDX,NIFTY,28-Mar-2024,21350,CE,0,0,0,811.05,780.05,0,0,200,0,19-JAN-2024,
OPTIDX,NIFTY,28-Mar-2024,21400,CE,831.55,843.55,787.7,836.45,836.45,63,700.02,4700,-950,19-JAN-2024,
OPTIDX,NIFTY,28-Mar-2024,21450,CE,807.95,807.95,775.95,797.8,797.8,25,277.92,2100,-1050,19-JAN-2024,
OPTIDX,NIFTY,28-Mar-2024,21500,CE,750,790.65,712.95,779.65,779.65,1081,12033.06,146350,-3250,19-JAN-2024,
OPTIDX,NIFTY,28-Mar-2024,21550,CE,715,734.55,715,734.55,734.55,7,77.93,2000,0,19-JAN-2024,
OPTIDX,NIFTY,28-Mar-2024,21600,CE,679.55,724.2,658.4,711.3,711.3,561,6255.41,38200,2650,19-JAN-2024,
OPTIDX,NIFTY,28-Mar-2024,21650,CE,650,696.4,628.85,686.5,686.5,25,278.99,2700,-100,19-JAN-2024,
OPTIDX,NIFTY,28-Mar-2024,21700,CE,606.6,660,600,653.1,653.1,156,1742.45,16550,100,19-JAN-2024,
OPTIDX,NIFTY,28-Mar-2024,21750,CE,600,620,583,610.65,540.35,5,55.87,1200,-50,19-JAN-2024,
OPTIDX,NIFTY,28-Mar-2024,21800,CE,566.1,599.4,550,590.55,590.55,211,2360.69,33650,1000,19-JAN-2024,
OPTIDX,NIFTY,28-Mar-2024,21850,CE,565,565,536,550,488.7,9,100.78,1400,50,19-JAN-2024,
OPTIDX,NIFTY,28-Mar-2024,21900,CE,526.2,542,500,529.5,529.5,118,1322.68,50100,1600,19-JAN-2024,
OPTIDX,NIFTY,28-Mar-2024,21950,CE,0,0,0,431.95,440.4,0,0,1300,0,19-JAN-2024,
OPTIDX,NIFTY,28-Mar-2024,22000,CE,458.95,493.05,438,482.55,482.55,3391,38099.88,908400,7400,19-JAN-2024,
OPTIDX,NIFTY,28-Mar-2024,22050,CE,445,455,438.75,447.1,447.1,10,112.48,3150,-50,19-JAN-2024,
OPTIDX,NIFTY,28-Mar-2024,22100,CE,424.95,440,399.1,429.65,374.15,67,754.41,31500,-1150,19-JAN-2024,
OPTIDX,NIFTY,28-Mar-2024,22150,CE,0,0,0,320,353.7,0,0,1600,0,19-JAN-2024,
OPTIDX,NIFTY,28-Mar-2024,22200,CE,374.75,390.2,351,386.2,386.2,264,2980.3,31300,550,19-JAN-2024,
OPTIDX,NIFTY,28-Mar-2024,22250,CE,361.75,368.2,340.95,368,368,37,418.36,2200,900,19-JAN-2024,
OPTIDX,NIFTY,28-Mar-2024,22300,CE,337,346.25,313.1,342.1,342.1,102,1154.08,12100,1500,19-JAN-2024,
OPTIDX,NIFTY,28-Mar-2024,22350,CE,329,329,309.2,320.25,320.25,22,249.36,1150,-150,19-JAN-2024,
OPTIDX,NIFTY,28-Mar-2024,22400,CE,300,307.05,278.4,303.25,303.25,80,907.94,14100,1200,19-JAN-2024,
OPTIDX,NIFTY,28-Mar-2024,22450,CE,285.9,287.15,266.7,287.15,247.45,30,340.96,1200,600,19-JAN-2024,
OPTIDX,NIFTY,28-Mar-2024,22500,CE,255.85,274.3,242.95,266.75,266.75,2026,23055.15,191950,6350,19-JAN-2024,
OPTIDX,NIFTY,28-Mar-2024,22550,CE,253.15,258.8,233.8,251.8,251.8,19,216.54,1700,800,19-JAN-2024,
OPTIDX,NIFTY,28-Mar-2024,22600,CE,235.35,240,212.9,232.75,232.75,210,2397.01,10350,650,19-JAN-2024,
OPTIDX,NIFTY,28-Mar-2024,22650,CE,212.25,217.4,201.35,212.25,212.25,32,365.82,2950,850,19-JAN-2024,
OPTIDX,NIFTY,28-Mar-2024,22700,CE,203.95,213.5,185.95,205.45,205.45,303,3469.5,30650,1900,19-JAN-2024,
OPTIDX,NIFTY,28-Mar-2024,22750,CE,184.2,191.05,184.05,186.9,186.9,8,91.74,3300,300,19-JAN-2024,
OPTIDX,NIFTY,28-Mar-2024,22800,CE,165.85,184.95,161.65,174.6,174.6,203,2331.8,29900,1600,19-JAN-2024,
OPTIDX,NIFTY,28-Mar-2024,22850,CE,153.2,163.15,153.2,163.15,145.55,12,138.05,2950,-350,19-JAN-2024,
OPTIDX,NIFTY,28-Mar-2024,22900,CE,160,160,140,152.75,152.75,364,4195.11,44900,2500,19-JAN-2024,
OPTIDX,NIFTY,28-Mar-2024,22950,CE,140,140,140,140,126.25,1,11.54,3750,50,19-JAN-2024,
OPTIDX,NIFTY,28-Mar-2024,23000,CE,138,144.85,121.2,133.3,133.3,5518,63815.84,730350,4950,19-JAN-2024,
OPTIDX,NIFTY,28-Mar-2024,23050,CE,126.55,126.55,116.4,116.4,109.05,3,34.75,2950,-50,19-JAN-2024,
OPTIDX,NIFTY,28-Mar-2024,23100,CE,125,125,104.8,115.2,115.2,84,974.95,16200,-300,19-JAN-2024,
OPTIDX,NIFTY,28-Mar-2024,23150,CE,0,0,0,95.75,93.8,0,0,2100,0,19-JAN-2024,
OPTIDX,NIFTY,28-Mar-2024,23200,CE,105.4,106.85,92.05,99.3,99.3,245,2854.13,13750,2850,19-JAN-2024,
OPTIDX,NIFTY,28-Mar-2024,23250,CE,88,94,88,93.15,80.35,7,81.69,2000,0,19-JAN-2024,
OPTIDX,NIFTY,28-Mar-2024,23300,CE,100.9,100.9,81.7,88.05,88.05,314,3671.9,39200,-150,19-JAN-2024,
OPTIDX,NIFTY,28-Mar-2024,23350,CE,78.85,81.15,76.1,79.65,68.55,29,339.71,1000,-150,19-JAN-2024,
OPTIDX,NIFTY,28-Mar-2024,23400,CE,67.65,79.95,67.65,77.2,77.2,153,1795.82,22950,-2550,19-JAN-2024,
OPTIDX,NIFTY,28-Mar-2024,23450,CE,70.55,70.65,70.55,70.6,58.3,3,35.28,2200,50,19-JAN-2024,
OPTIDX,NIFTY,28-Mar-2024,23500,CE,71.8,73,60.55,66.2,66.2,1690,19912.9,76500,25650,19-JAN-2024,
OPTIDX,NIFTY,28-Mar-2024,23550,CE,67.15,69.2,60,60.45,49.35,34,401.46,950,450,19-JAN-2024,
OPTIDX,NIFTY,28-Mar-2024,23600,CE,61.9,62.05,54,58.25,58.25,55,650.6,3150,450,19-JAN-2024,
OPTIDX,NIFTY,28-Mar-2024,23650,CE,57.2,57.2,55.25,55.4,55.4,8,94.82,2450,100,19-JAN-2024,
OPTIDX,NIFTY,28-Mar-2024,23700,CE,53.7,56.9,47.05,50.05,50.05,66,783.73,2350,600,19-JAN-2024,
OPTIDX,NIFTY,28-Mar-2024,23750,CE,0,0,0,158.85,34.95,0,0,0,0,19-JAN-2024,
OPTIDX,NIFTY,28-Mar-2024,23800,CE,47,47,42,44.55,44.55,46,548.4,2900,750,19-JAN-2024,
OPTIDX,NIFTY,28-Mar-2024,23850,CE,45.9,45.9,38.55,41.45,29.2,77,919.81,1600,-1150,19-JAN-2024,
OPTIDX,NIFTY,28-Mar-2024,24000,CE,40.05,41.85,30.15,33.7,33.7,4202,50495.33,696900,-36600,19-JAN-2024,
OPTIDX,NIFTY,28-Mar-2024,25000,CE,18.95,18.95,16.65,17.6,17.6,692,8656.05,335950,6050,19-JAN-2024,
OPTIDX,NIFTY,28-Mar-2024,26000,CE,11.35,13.1,11.05,12.3,12.3,198,2575.15,146050,-1950,19-JAN-2024,
OPTIDX,NIFTY,28-Mar-2024,27000,CE,3.05,3.05,3.05,3.05,0.05,9,121.51,14050,0,19-JAN-2024,
OPTIDX,NIFTY,28-Mar-2024,14000,PE,5.55,5.6,4.15,5,5,142,994.36,138050,-2500,19-JAN-2024,
OPTIDX,NIFTY,28-Mar-2024,15000,PE,5.55,8.35,5.55,7.7,7.7,3,22.51,8150,-50,19-JAN-2024,
OPTIDX,NIFTY,28-Mar-2024,16000,PE,11.4,11.6,9.85,11.45,0.05,95,760.53,179300,-100,19-JAN-2024,
OPTIDX,NIFTY,28-Mar-2024,17000,PE,12.2,12.5,11,12.15,12.15,196,1667.13,340900,650,19-JAN-2024,
OPTIDX,NIFTY,28-Mar-2024,18000,PE,14.95,16.8,13.55,14.45,14.45,550,4954.11,851800,-7650,19-JAN-2024,
OPTIDX,NIFTY,28-Mar-2024,19000,PE,25.55,27.1,23.5,24.65,24.65,1151,10949.2,1298650,-3650,19-JAN-2024,
OPTIDX,NIFTY,28-Mar-2024,19700,PE,46.75,49.75,42.7,43.7,43.7,83,819.48,2600,2600,19-JAN-2024,
OPTIDX,NIFTY,28-Mar-2024,19750,PE,0,0,0,51,11.55,0,0,750,0,19-JAN-2024,
OPTIDX,NIFTY,28-Mar-2024,19800,PE,51.75,54.05,45.25,48.75,48.75,478,4744.1,57950,9400,19-JAN-2024,
OPTIDX,NIFTY,28-Mar-2024,19850,PE,0,0,0,66.85,14.8,0,0,200,0,19-JAN-2024,
OPTIDX,NIFTY,28-Mar-2024,19900,PE,52.45,62.15,51.8,56.15,56.15,803,8012.6,65550,11550,19-JAN-2024,
OPTIDX,NIFTY,28-Mar-2024,19950,PE,0,0,0,52,18.7,0,0,0,0,19-JAN-2024,
OPTIDX,NIFTY,28-Mar-2024,20000,PE,72.05,74.8,62.05,67.2,67.2,4498,45132.77,1955800,13250,19-JAN-2024,
OPTIDX,NIFTY,28-Mar-2024,20050,PE,0,0,0,60.5,23.5,0,0,0,0,19-JAN-2024,
OPTIDX,NIFTY,28-Mar-2024,20100,PE,60.8,77.8,60.8,70.5,70.5,753,7594.65,89250,11950,19-JAN-2024,
OPTIDX,NIFTY,28-Mar-2024,20150,PE,80,80,72.6,72.6,29.3,8,80.89,3200,200,19-JAN-2024,
OPTIDX,NIFTY,28-Mar-2024,20200,PE,71.25,85.05,71.15,75.4,75.4,1175,11912.66,119650,10200,19-JAN-2024,
OPTIDX,NIFTY,28-Mar-2024,20250,PE,0,0,0,51.1,36.2,0,0,100,0,19-JAN-2024,
OPTIDX,NIFTY,28-Mar-2024,20300,PE,0,0,0,86.8,40.15,0,0,0,0,19-JAN-2024,
OPTIDX,NIFTY,28-Mar-2024,20350,PE,86.55,100,85.95,91,91,33,337.25,3150,400,19-JAN-2024,
OPTIDX,NIFTY,28-Mar-2024,20400,PE,90,106.45,89.3,94.3,94.3,666,6825.42,133950,11650,19-JAN-2024,
OPTIDX,NIFTY,28-Mar-2024,20450,PE,0,0,0,139.05,54.15,0,0,2450,0,19-JAN-2024,
OPTIDX,NIFTY,28-Mar-2024,20500,PE,108.45,124.3,104.85,111,111,1951,20108.86,577700,11350,19-JAN-2024,
OPTIDX,NIFTY,28-Mar-2024,20550,PE,0,0,0,158.4,65.5,0,0,2750,0,19-JAN-2024,
OPTIDX,NIFTY,28-Mar-2024,20600,PE,135,135,115.45,120.15,120.15,351,3637.18,116650,6000,19-JAN-2024,
OPTIDX,NIFTY,28-Mar-2024,20650,PE,0,0,0,159,78.7,0,0,2150,0,19-JAN-2024,
OPTIDX,NIFTY,28-Mar-2024,20700,PE,126.7,149.2,124.95,130.25,130.25,633,6593.94,108250,4550,19-JAN-2024,
OPTIDX,NIFTY,28-Mar-2024,20750,PE,0,0,0,174.1,93.85,0,0,1250,0,19-JAN-2024,
OPTIDX,NIFTY,28-Mar-2024,20800,PE,144,167.75,141.95,147.45,147.45,572,5992.27,108500,-7250,19-JAN-2024,
OPTIDX,NIFTY,28-Mar-2024,20850,PE,154.95,165,154.95,165,111.25,22,231.07,1150,750,19-JAN-2024,
OPTIDX,NIFTY,28-Mar-2024,20900,PE,181,187.85,157.1,166.65,166.65,973,10250.83,102150,20800,19-JAN-2024,
OPTIDX,NIFTY,28-Mar-2024,20950,PE,182.4,195,170.9,190.2,131,16,169.03,2200,0,19-JAN-2024,
OPTIDX,NIFTY,28-Mar-2024,21000,PE,199.95,216.85,183.2,190.85,190.85,8467,89741.74,1878100,38700,19-JAN-2024,
OPTIDX,NIFTY,28-Mar-2024,21050,PE,194.35,221.1,194,196.1,196.1,25,265.64,2100,50,19-JAN-2024,
OPTIDX,NIFTY,28-Mar-2024,21100,PE,203.35,234,203.35,208.9,208.9,181,1928.59,45750,3150,19-JAN-2024,
OPTIDX,NIFTY,28-Mar-2024,21150,PE,214.6,228.6,214.6,218.85,218.85,10,106.83,1850,250,19-JAN-2024,
OPTIDX,NIFTY,28-Mar-2024,21200,PE,231.55,264.5,227.25,230.1,230.1,232,2486.64,30100,3250,19-JAN-2024,
OPTIDX,NIFTY,28-Mar-2024,21250,PE,243.25,261.25,243.2,244.6,244.6,9,96.74,1150,50,19-JAN-2024,
OPTIDX,NIFTY,28-Mar-2024,21300,PE,251.95,291,251.3,255.6,255.6,272,2932.58,27000,2150,19-JAN-2024,
OPTIDX,NIFTY,28-Mar-2024,21350,PE,271.7,301.35,269.9,271.4,271.4,11,118.94,1300,100,19-JAN-2024,
OPTIDX,NIFTY,28-Mar-2024,21400,PE,286.35,318.65,277.8,288.65,288.65,150,1627.19,34700,-650,19-JAN-2024,
OPTIDX,NIFTY,28-Mar-2024,21450,PE,309.1,315.1,300,305.7,305.7,46,500.36,2850,650,19-JAN-2024,
OPTIDX,NIFTY,28-Mar-2024,21500,PE,330.05,355.75,310.6,318.55,318.55,2990,32630.94,408300,34400,19-JAN-2024,
OPTIDX,NIFTY,28-Mar-2024,21550,PE,335.35,362.9,328,330,330,22,240.73,2700,600,19-JAN-2024,
OPTIDX,NIFTY,28-Mar-2024,21600,PE,359.05,390,344.45,350.25,350.25,709,7784.46,34550,8050,19-JAN-2024,
OPTIDX,NIFTY,28-Mar-2024,21650,PE,369.4,381.3,363.4,366.75,366.75,12,132.11,3300,50,19-JAN-2024,
OPTIDX,NIFTY,28-Mar-2024,21700,PE,389.7,427.4,380.5,387.65,387.65,806,8902.74,45500,16500,19-JAN-2024,
OPTIDX,NIFTY,28-Mar-2024,21750,PE,405.45,434.45,405.45,410,410,13,144.04,2250,150,19-JAN-2024,
OPTIDX,NIFTY,28-Mar-2024,21800,PE,433.6,469.9,419.9,426.3,426.3,565,6281.16,41350,-250,19-JAN-2024,
OPTIDX,NIFTY,28-Mar-2024,21850,PE,442.75,458.05,440.35,440.35,439.25,4,44.59,1750,200,19-JAN-2024,
OPTIDX,NIFTY,28-Mar-2024,21900,PE,475,510,451.9,466.3,466.3,170,1902.4,50500,50,19-JAN-2024,
OPTIDX,NIFTY,28-Mar-2024,21950,PE,495.35,527.35,484.5,521.7,489.65,37,415.29,4050,1250,19-JAN-2024,
OPTIDX,NIFTY,28-Mar-2024,22000,PE,520.05,570.8,504.5,513,513,5776,65048.1,737750,17550,19-JAN-2024,
OPTIDX,NIFTY,28-Mar-2024,22050,PE,569.65,569.65,560,560,543.4,2,22.61,2050,50,19-JAN-2024,
OPTIDX,NIFTY,28-Mar-2024,22100,PE,565.95,615.5,552.1,554.65,571.5,80,906.76,15200,100,19-JAN-2024,
OPTIDX,NIFTY,28-Mar-2024,22150,PE,620,620,618,618,600.45,2,22.76,1600,0,19-JAN-2024,
OPTIDX,NIFTY,28-Mar-2024,22200,PE,607.75,667,603.65,610.85,610.85,63,718.94,20450,1350,19-JAN-2024,
OPTIDX,NIFTY,28-Mar-2024,22250,PE,0,0,0,780.1,660.7,0,0,100,0,19-JAN-2024,
OPTIDX,NIFTY,28-Mar-2024,22300,PE,662.95,696.7,652.2,654.55,654.55,8,91.88,6900,100,19-JAN-2024,
OPTIDX,NIFTY,28-Mar-2024,22350,PE,0,0,0,777,724.05,0,0,1350,0,19-JAN-2024,
OPTIDX,NIFTY,28-Mar-2024,22400,PE,732,763.6,732,763.55,756.85,5,57.87,2850,-100,19-JAN-2024,
OPTIDX,NIFTY,28-Mar-2024,22450,PE,0,0,0,1000,790.4,0,0,50,0,19-JAN-2024,
OPTIDX,NIFTY,28-Mar-2024,22500,PE,800.05,861.95,775,784.7,784.7,545,6350.88,99750,3150,19-JAN-2024,
OPTIDX,NIFTY,28-Mar-2024,22550,PE,0,0,0,808.1,859.7,0,0,100,0,19-JAN-2024,
OPTIDX,NIFTY,28-Mar-2024,22600,PE,876.05,917.75,851.35,917.75,895.35,18,211.22,1600,-200,19-JAN-2024,
OPTIDX,NIFTY,28-Mar-2024,22650,PE,912.4,912.4,897.8,897.8,931.7,3,35.33,4000,-50,19-JAN-2024,
OPTIDX,NIFTY,28-Mar-2024,22700,PE,940.15,989.8,921.95,921.95,968.7,25,295.63,2550,-150,19-JAN-2024,
OPTIDX,NIFTY,28-Mar-2024,22750,PE,0,0,0,1023.15,1006.35,0,0,250,0,19-JAN-2024,
OPTIDX,NIFTY,28-Mar-2024,22800,PE,1003.75,1043.85,989.3,993.95,993.95,21,250.12,1300,450,19-JAN-2024,
OPTIDX,NIFTY,28-Mar-2024,22850,PE,0,0,0,1151.05,1083.45,0,0,950,0,19-JAN-2024,
OPTIDX,NIFTY,28-Mar-2024,22900,PE,1061.35,1061.35,1061.35,1061.35,1061.35,1,11.98,1950,0,19-JAN-2024,
OPTIDX,NIFTY,28-Mar-2024,22950,PE,1120.1,1120.1,1117.8,1117.8,1162.85,3,36.1,150,150,19-JAN-2024,
OPTIDX,NIFTY,28-Mar-2024,23000,PE,1154.45,1224.95,1123,1146.65,1146.65,488,5897.71,137000,-1000,19-JAN-2024,
OPTIDX,NIFTY,28-Mar-2024,23050,PE,1198.65,1198.65,1198.65,1198.65,1244.35,3,36.37,500,150,19-JAN-2024,
OPTIDX,NIFTY,28-Mar-2024,23100,PE,0,0,0,1188.9,1285.9,0,0,50,0,19-JAN-2024,
OPTIDX,NIFTY,28-Mar-2024,23150,PE,1249.2,1249.2,1249.2,1249.2,1327.85,1,12.19,500,50,19-JAN-2024,
OPTIDX,NIFTY,28-Mar-2024,23200,PE,1317.45,1317.45,1317.45,1317.45,1370.3,1,12.25,300,50,19-JAN-2024,
OPTIDX,NIFTY,28-Mar-2024,23250,PE,0,0,0,1340.2,1413.15,0,0,100,0,19-JAN-2024,
OPTIDX,NIFTY,28-Mar-2024,23300,PE,1377.9,1377.9,1377.9,1377.9,1456.45,1,12.33,850,0,19-JAN-2024,
OPTIDX,NIFTY,28-Mar-2024,23350,PE,0,0,0,1388.8,1500.1,0,0,0,0,19-JAN-2024,
OPTIDX,NIFTY,28-Mar-2024,23400,PE,0,0,0,1425.9,1544.15,0,0,0,0,19-JAN-2024,
OPTIDX,NIFTY,28-Mar-2024,23450,PE,0,0,0,1457.95,1588.55,0,0,50,0,19-JAN-2024,
OPTIDX,NIFTY,28-Mar-2024,23500,PE,1562.4,1578.55,1524.5,1525.85,1525.85,6,75.17,1150,250,19-JAN-2024,
OPTIDX,NIFTY,28-Mar-2024,23550,PE,0,0,0,1542.3,1678.35,0,0,0,0,19-JAN-2024,
OPTIDX,NIFTY,28-Mar-2024,23600,PE,0,0,0,1581.9,1723.7,0,0,0,0,19-JAN-2024,
OPTIDX,NIFTY,28-Mar-2024,23650,PE,0,0,0,1621.9,1769.35,0,0,0,0,19-JAN-2024,
OPTIDX,NIFTY,28-Mar-2024,23700,PE,0,0,0,1662.25,1815.25,0,0,0,0,19-JAN-2024,
OPTIDX,NIFTY,28-Mar-2024,23750,PE,0,0,0,1702.95,1861.4,0,0,0,0,19-JAN-2024,
OPTIDX,NIFTY,28-Mar-2024,23800,PE,0,0,0,1744.05,1907.8,0,0,0,0,19-JAN-2024,
OPTIDX,NIFTY,28-Mar-2024,23850,PE,0,0,0,1785.45,1954.4,0,0,0,0,19-JAN-2024,
OPTIDX,NIFTY,28-Mar-2024,24000,PE,2060,2110,1999.7,2013.65,2013.65,283,3686.16,217800,-4250,19-JAN-2024,
OPTIDX,NIFTY,28-Mar-2024,25000,PE,2989.95,3065,2956.2,2970.2,2970.2,194,2716.28,423550,800,19-JAN-2024,
OPTIDX,NIFTY,28-Mar-2024,26000,PE,3960,4008.35,3881.9,3940.95,3940.95,87,1303.84,10200,3200,19-JAN-2024,
OPTIDX,NIFTY,28-Mar-2024,27000,PE,0,0,0,4800,5035.3,0,0,200,0,19-JAN-2024,
OPTIDX,NIFTY,27-Jun-2024,15000,CE,0,0,0,4599.25,7059.75,0,0,50,0,19-JAN-2024,
OPTIDX,NIFTY,27-Jun-2024,16000,CE,0,0,0,2666.1,6088.9,0,0,0,0,19-JAN-2024,
OPTIDX,NIFTY,27-Jun-2024,17000,CE,0,0,0,5010.65,5118.25,0,0,50,0,19-JAN-2024,
OPTIDX,NIFTY,27-Jun-2024,18000,CE,4054.8,4128.4,4033.6,4126.7,4126.7,8,88.28,17700,350,19-JAN-2024,
OPTIDX,NIFTY,27-Jun-2024,18500,CE,0,0,0,3510,3668.35,0,0,2725,0,19-JAN-2024,
OPTIDX,NIFTY,27-Jun-2024,19000,CE,3300,3300,3184.65,3237.8,3237.8,100,1111.81,115250,4150,19-JAN-2024,
OPTIDX,NIFTY,27-Jun-2024,20000,CE,2453.75,2460,2393,2438.1,2438.1,59,661.5,162350,600,19-JAN-2024,
OPTIDX,NIFTY,27-Jun-2024,21000,CE,1641.2,1720,1634,1703.7,1703.7,463,5252.54,345550,-200,19-JAN-2024,
OPTIDX,NIFTY,27-Jun-2024,22000,CE,1038.35,1091,1023.55,1068.5,1068.5,902,10401.9,277150,-200,19-JAN-2024,
OPTIDX,NIFTY,27-Jun-2024,23000,CE,599.05,611.2,567,600.95,600.95,1798,21211.09,693750,10850,19-JAN-2024,
OPTIDX,NIFTY,27-Jun-2024,24000,CE,306.65,339.65,292.35,311.05,311.05,715,8689.73,207400,7950,19-JAN-2024,
OPTIDX,NIFTY,27-Jun-2024,25000,CE,158,162.1,139.5,142.45,142.45,393,4941.08,128100,8400,19-JAN-2024,
OPTIDX,NIFTY,27-Jun-2024,26000,CE,85,85,66.6,68.6,68.6,128,1668.67,26500,2350,19-JAN-2024,
OPTIDX,NIFTY,27-Jun-2024,27000,CE,0,0,0,331.6,6.15,0,0,0,0,19-JAN-2024,
OPTIDX,NIFTY,27-Jun-2024,14000,PE,0,0,0,3.05,0.05,0,0,7275,0,19-JAN-2024,
OPTIDX,NIFTY,27-Jun-2024,15000,PE,0,0,0,3.05,0.05,0,0,12425,0,19-JAN-2024,
OPTIDX,NIFTY,27-Jun-2024,16000,PE,0,0,0,3.05,0.05,0,0,37950,0,19-JAN-2024,
OPTIDX,NIFTY,27-Jun-2024,17000,PE,0,0,0,13.85,0.2,0,0,126100,0,19-JAN-2024,
OPTIDX,NIFTY,27-Jun-2024,18000,PE,65.5,68.75,61.75,66.3,66.3,445,4019.52,470300,7750,19-JAN-2024,
OPTIDX,NIFTY,27-Jun-2024,19000,PE,130.05,138.2,124.25,129.85,129.85,600,5739.37,758450,7100,19-JAN-2024,
OPTIDX,NIFTY,27-Jun-2024,20000,PE,246.75,263,237.45,250.75,250.75,1336,13528.36,1038100,800,19-JAN-2024,
OPTIDX,NIFTY,27-Jun-2024,21000,PE,480.9,480.9,445.65,465,465,1595,17113.24,826900,16800,19-JAN-2024,
OPTIDX,NIFTY,27-Jun-2024,22000,PE,800,833.35,760.85,799,799,1119,12758.66,826600,300,19-JAN-2024,
OPTIDX,NIFTY,27-Jun-2024,23000,PE,1300,1336.05,1253.45,1296.85,1296.85,380,4616.78,135000,2700,19-JAN-2024,
OPTIDX,NIFTY,27-Jun-2024,24000,PE,2050,2050,1936.3,1963.65,1963.65,67,869.99,31450,1200,19-JAN-2024,
OPTIDX,NIFTY,27-Jun-2024,25000,PE,0,0,0,7199.55,2715.95,0,0,0,0,19-JAN-2024,
OPTIDX,NIFTY,27-Jun-2024,26000,PE,0,0,0,8015.6,3641.3,0,0,0,0,19-JAN-2024,
OPTIDX,NIFTY,27-Jun-2024,27000,PE,0,0,0,8206,4596.55,0,0,0,0,19-JAN-2024,
OPTIDX,NIFTY,26-Sep-2024,16000,CE,0,0,0,4667.4,6348.3,0,0,0,0,19-JAN-2024,
OPTIDX,NIFTY,26-Sep-2024,17000,CE,0,0,0,3800.4,5394.95,0,0,0,0,19-JAN-2024,
OPTIDX,NIFTY,26-Sep-2024,18000,CE,0,0,0,2994.95,4447.45,0,0,0,0,19-JAN-2024,
OPTIDX,NIFTY,26-Sep-2024,19000,CE,0,0,0,2277.4,3520.2,0,0,0,0,19-JAN-2024,
OPTIDX,NIFTY,26-Sep-2024,20000,CE,0,0,0,1666.45,2643.5,0,0,0,0,19-JAN-2024,
OPTIDX,NIFTY,26-Sep-2024,21000,CE,0,0,0,1173.8,1861.3,0,0,0,0,19-JAN-2024,
OPTIDX,NIFTY,26-Sep-2024,22000,CE,1330,1370,1330,1370,1217.1,8,93.43,8500,200,19-JAN-2024,
OPTIDX,NIFTY,26-Sep-2024,23000,CE,830,897,830,870.15,734.45,22,262.5,6800,800,19-JAN-2024,
OPTIDX,NIFTY,26-Sep-2024,24000,CE,500,505,491,505,407.85,9,110.25,600,200,19-JAN-2024,
OPTIDX,NIFTY,26-Sep-2024,25000,CE,0,0,0,260,208.5,0,0,1250,0,19-JAN-2024,
OPTIDX,NIFTY,26-Sep-2024,26000,CE,0,0,0,101.05,98.35,0,0,2500,0,19-JAN-2024,
OPTIDX,NIFTY,26-Sep-2024,27000,CE,0,0,0,68.7,43,0,0,0,0,19-JAN-2024,
OPTIDX,NIFTY,26-Sep-2024,16000,PE,0,0,0,39.75,0.15,0,0,0,0,19-JAN-2024,
OPTIDX,NIFTY,26-Sep-2024,17000,PE,0,0,0,103.7,1.5,0,0,0,0,19-JAN-2024,
OPTIDX,NIFTY,26-Sep-2024,18000,PE,0,0,0,229.25,8.65,0,0,0,0,19-JAN-2024,
OPTIDX,NIFTY,26-Sep-2024,19000,PE,0,0,0,239.55,36.05,0,0,2850,0,19-JAN-2024,
OPTIDX,NIFTY,26-Sep-2024,20000,PE,0,0,0,762.75,113.95,0,0,0,0,19-JAN-2024,
OPTIDX,NIFTY,26-Sep-2024,21000,PE,0,0,0,1201.1,286.4,0,0,0,0,19-JAN-2024,
OPTIDX,NIFTY,26-Sep-2024,22000,PE,0,0,0,1754.25,596.85,0,0,0,0,19-JAN-2024,
OPTIDX,NIFTY,26-Sep-2024,23000,PE,0,0,0,913.6,1068.8,0,0,100,0,19-JAN-2024,
OPTIDX,NIFTY,26-Sep-2024,24000,PE,0,0,0,3149.25,1696.9,0,0,0,0,19-JAN-2024,
OPTIDX,NIFTY,26-Sep-2024,25000,PE,0,0,0,3952.4,2452.2,0,0,0,0,19-JAN-2024,
OPTIDX,NIFTY,26-Sep-2024,26000,PE,0,0,0,4801.5,3296.7,0,0,0,0,19-JAN-2024,
OPTIDX,NIFTY,26-Sep-2024,27000,PE,0,0,0,5681.95,4195.95,0,0,0,0,19-JAN-2024,
OPTIDX,NIFTY,26-Dec-2024,14000,CE,0,0,0,8599,8480.45,0,0,100,0,19-JAN-2024,
OPTIDX,NIFTY,26-Dec-2024,15000,CE,0,0,0,7100,7541.8,0,0,2100,0,19-JAN-2024,
OPTIDX,NIFTY,26-Dec-2024,16000,CE,0,0,0,6400,6603.7,0,0,21950,0,19-JAN-2024,
OPTIDX,NIFTY,26-Dec-2024,17000,CE,0,0,0,5549.95,5668.3,0,0,21050,0,19-JAN-2024,
OPTIDX,NIFTY,26-Dec-2024,18000,CE,4620,4625,4620,4625,4742.15,4,45.24,24750,-100,19-JAN-2024,
OPTIDX,NIFTY,26-Dec-2024,18500,CE,0,0,0,4400,4286.9,0,0,1000,0,19-JAN-2024,
OPTIDX,NIFTY,26-Dec-2024,19000,CE,3800.1,3820.9,3800.1,3820,3840.55,38,433.57,70250,300,19-JAN-2024,
OPTIDX,NIFTY,26-Dec-2024,20000,CE,3065,3130,3002.05,3024.55,2989.3,20,230.72,79600,-400,19-JAN-2024,
OPTIDX,NIFTY,26-Dec-2024,21000,CE,2300,2385,2300,2358.7,2358.7,84,980.79,121000,-2200,19-JAN-2024,
OPTIDX,NIFTY,26-Dec-2024,22000,CE,1726.25,1753,1673.5,1711.7,1711.7,286,3389.15,160700,5500,19-JAN-2024,
OPTIDX,NIFTY,26-Dec-2024,23000,CE,1188.45,1200,1140,1160.35,1160.35,163,1969.88,158700,-1100,19-JAN-2024,
OPTIDX,NIFTY,26-Dec-2024,24000,CE,755,760,732.05,743.8,743.8,76,940.19,145100,500,19-JAN-2024,
OPTIDX,NIFTY,26-Dec-2024,25000,CE,461,500,445,453.3,453.3,165,2100.14,170850,-650,19-JAN-2024,
OPTIDX,NIFTY,26-Dec-2024,26000,CE,260.1,271.75,250,265.35,265.35,109,1431.41,65100,450,19-JAN-2024,
OPTIDX,NIFTY,26-Dec-2024,27000,CE,158,169.95,152.7,169.95,120.6,86,1167.92,35250,800,19-JAN-2024,
OPTIDX,NIFTY,26-Dec-2024,14000,PE,0,0,0,20.5,0.05,0,0,3300,0,19-JAN-2024,
OPTIDX,NIFTY,26-Dec-2024,15000,PE,0,0,0,12.7,0.1,0,0,28300,0,19-JAN-2024,
OPTIDX,NIFTY,26-Dec-2024,16000,PE,0,0,0,47.75,0.7,0,0,13500,0,19-JAN-2024,
OPTIDX,NIFTY,26-Dec-2024,17000,PE,0,0,0,91.2,4,0,0,72850,0,19-JAN-2024,
OPTIDX,NIFTY,26-Dec-2024,18000,PE,121.85,127,120.1,124.6,124.6,117,1060.3,252650,550,19-JAN-2024,
OPTIDX,NIFTY,26-Dec-2024,19000,PE,205,213.5,201.1,207.3,207.3,179,1719.08,434400,3000,19-JAN-2024,
OPTIDX,NIFTY,26-Dec-2024,20000,PE,335.2,353.95,331.35,335.65,335.65,581,5908.34,536150,3150,19-JAN-2024,
OPTIDX,NIFTY,26-Dec-2024,21000,PE,531.05,553.9,530.05,538.6,538.6,633,6817.7,842000,4350,19-JAN-2024,
OPTIDX,NIFTY,26-Dec-2024,22000,PE,809.95,846.2,800,812.2,812.2,472,5385.37,302600,4650,19-JAN-2024,
OPTIDX,NIFTY,26-Dec-2024,23000,PE,1210,1242.05,1190,1213,1213,346,4189.73,104300,-3450,19-JAN-2024,
OPTIDX,NIFTY,26-Dec-2024,24000,PE,1723.75,1785,1706.9,1728.55,1569,94,1209.69,23100,1450,19-JAN-2024,
OPTIDX,NIFTY,26-Dec-2024,25000,PE,2358.3,2358.3,2358.3,2358.3,2241.3,1,13.67,9550,0,19-JAN-2024,
OPTIDX,NIFTY,26-Dec-2024,26000,PE,0,0,0,7636.7,3008.3,0,0,0,0,19-JAN-2024,
OPTIDX,NIFTY,26-Dec-2024,27000,PE,0,0,0,4500,3843.4,0,0,50,0,19-JAN-2024,
OPTIDX,NIFTY,26-Jun-2025,16000,CE,0,0,0,3227.55,7103.05,0,0,0,0,19-JAN-2024,
OPTIDX,NIFTY,26-Jun-2025,17000,CE,0,0,0,4165.5,6203.1,0,0,2750,0,19-JAN-2024,
OPTIDX,NIFTY,26-Jun-2025,18000,CE,0,0,0,3934,5316.35,0,0,2200,0,19-JAN-2024,
OPTIDX,NIFTY,26-Jun-2025,19000,CE,0,0,0,3077.9,4456.2,0,0,0,0,19-JAN-2024,
OPTIDX,NIFTY,26-Jun-2025,20000,CE,0,0,0,3180.85,3641.05,0,0,0,0,19-JAN-2024,
OPTIDX,NIFTY,26-Jun-2025,21000,CE,0,0,0,3199.45,2892.05,0,0,0,0,19-JAN-2024,
OPTIDX,NIFTY,26-Jun-2025,22000,CE,0,0,0,2088.15,2228.6,0,0,0,0,19-JAN-2024,
OPTIDX,NIFTY,26-Jun-2025,23000,CE,0,0,0,2003.65,1664.15,0,0,0,0,19-JAN-2024,
OPTIDX,NIFTY,26-Jun-2025,24000,CE,0,0,0,1100.85,1203.7,0,0,0,0,19-JAN-2024,
OPTIDX,NIFTY,26-Jun-2025,25000,CE,0,0,0,945.65,843.65,0,0,0,0,19-JAN-2024,
OPTIDX,NIFTY,26-Jun-2025,26000,CE,0,0,0,811.85,573.5,0,0,0,0,19-JAN-2024,
OPTIDX,NIFTY,26-Jun-2025,27000,CE,0,0,0,803.5,378.55,0,0,0,0,19-JAN-2024,
OPTIDX,NIFTY,26-Jun-2025,14000,PE,0,0,0,42.35,0.1,0,0,675,0,19-JAN-2024,
OPTIDX,NIFTY,26-Jun-2025,15000,PE,0,0,0,134,0.65,0,0,1800,0,19-JAN-2024,
OPTIDX,NIFTY,26-Jun-2025,16000,PE,0,0,0,129.2,2.9,0,0,100,0,19-JAN-2024,
OPTIDX,NIFTY,26-Jun-2025,17000,PE,0,0,0,3497.35,10.6,0,0,0,0,19-JAN-2024,
OPTIDX,NIFTY,26-Jun-2025,18000,PE,0,0,0,3586.15,31.55,0,0,0,0,19-JAN-2024,
OPTIDX,NIFTY,26-Jun-2025,19000,PE,0,0,0,3210.95,79,0,0,0,0,19-JAN-2024,
OPTIDX,NIFTY,26-Jun-2025,20000,PE,0,0,0,500,171.5,0,0,550,0,19-JAN-2024,
OPTIDX,NIFTY,26-Jun-2025,21000,PE,0,0,0,3070.85,330.2,0,0,0,0,19-JAN-2024,
OPTIDX,NIFTY,26-Jun-2025,22000,PE,0,0,0,3957.4,574.35,0,0,0,0,19-JAN-2024,
OPTIDX,NIFTY,26-Jun-2025,23000,PE,0,0,0,1170,917.55,0,0,0,0,19-JAN-2024,
OPTIDX,NIFTY,26-Jun-2025,24000,PE,0,0,0,5875.1,1364.75,0,0,0,0,19-JAN-2024,
OPTIDX,NIFTY,26-Jun-2025,25000,PE,0,0,0,6576.35,1912.35,0,0,0,0,19-JAN-2024,
OPTIDX,NIFTY,26-Jun-2025,26000,PE,0,0,0,7299,2549.8,0,0,0,0,19-JAN-2024,
OPTIDX,NIFTY,26-Jun-2025,27000,PE,0,0,0,7438.15,3262.5,0,0,0,0,19-JAN-2024,
OPTIDX,NIFTY,24-Dec-2025,16000,CE,0,0,0,7200,7584,0,0,50,0,19-JAN-2024,
OPTIDX,NIFTY,24-Dec-2025,17000,CE,0,0,0,5080,6717.4,0,0,650,0,19-JAN-2024,
OPTIDX,NIFTY,24-Dec-2025,18000,CE,0,0,0,6099.95,5865.2,0,0,5650,0,19-JAN-2024,
OPTIDX,NIFTY,24-Dec-2025,19000,CE,0,0,0,4401,5038.2,0,0,3200,0,19-JAN-2024,
OPTIDX,NIFTY,24-Dec-2025,19500,CE,0,0,0,3672.95,4638.4,0,0,1250,0,19-JAN-2024,
OPTIDX,NIFTY,24-Dec-2025,20000,CE,0,0,0,3800,4250.25,0,0,300,0,19-JAN-2024,
OPTIDX,NIFTY,24-Dec-2025,21000,CE,0,0,0,1400,3516.15,0,0,100,0,19-JAN-2024,
OPTIDX,NIFTY,24-Dec-2025,22000,CE,0,0,0,2811,2849.85,0,0,550,0,19-JAN-2024,
OPTIDX,NIFTY,24-Dec-2025,23000,CE,0,0,0,2350,2261.7,0,0,2450,0,19-JAN-2024,
OPTIDX,NIFTY,24-Dec-2025,24000,CE,0,0,0,1396.05,1757.45,0,0,0,0,19-JAN-2024,
OPTIDX,NIFTY,24-Dec-2025,25000,CE,0,0,0,1222.85,1337.4,0,0,0,0,19-JAN-2024,
OPTIDX,NIFTY,24-Dec-2025,26000,CE,0,0,0,1070.85,997.35,0,0,0,0,19-JAN-2024,
OPTIDX,NIFTY,24-Dec-2025,27000,CE,0,0,0,1071,729.4,0,0,0,0,19-JAN-2024,
OPTIDX,NIFTY,24-Dec-2025,13000,PE,0,0,0,400,0.05,0,0,150,0,19-JAN-2024,
OPTIDX,NIFTY,24-Dec-2025,15000,PE,0,0,0,62.15,1.65,0,0,1100,0,19-JAN-2024,
OPTIDX,NIFTY,24-Dec-2025,16000,PE,0,0,0,79,5.8,0,0,2550,0,19-JAN-2024,
OPTIDX,NIFTY,24-Dec-2025,16500,PE,0,0,0,38.15,10.15,0,0,2600,0,19-JAN-2024,
OPTIDX,NIFTY,24-Dec-2025,17000,PE,0,0,0,155.05,17,0,0,2400,0,19-JAN-2024,
OPTIDX,NIFTY,24-Dec-2025,18000,PE,324.95,324.95,320,324.95,42.55,6,54.97,3050,0,19-JAN-2024,
OPTIDX,NIFTY,24-Dec-2025,19000,PE,0,0,0,620.05,93.35,0,0,3800,0,19-JAN-2024,
OPTIDX,NIFTY,24-Dec-2025,20000,PE,0,0,0,199.85,183.1,0,0,4550,0,19-JAN-2024,
OPTIDX,NIFTY,24-Dec-2025,21000,PE,0,0,0,701,326.85,0,0,3200,0,19-JAN-2024,
OPTIDX,NIFTY,24-Dec-2025,22000,PE,0,0,0,910,538.25,0,0,2250,0,19-JAN-2024,
OPTIDX,NIFTY,24-Dec-2025,23000,PE,0,0,0,1189.5,827.9,0,0,550,0,19-JAN-2024,
OPTIDX,NIFTY,24-Dec-2025,24000,PE,0,0,0,5649,1201.4,0,0,0,0,19-JAN-2024,
OPTIDX,NIFTY,24-Dec-2025,25000,PE,0,0,0,6310.55,1659.15,0,0,0,0,19-JAN-2024,
OPTIDX,NIFTY,24-Dec-2025,26000,PE,0,0,0,6993.25,2196.85,0,0,0,0,19-JAN-2024,
OPTIDX,NIFTY,24-Dec-2025,27000,PE,0,0,0,7112.8,2806.65,0,0,0,0,19-JAN-2024,
OPTIDX,NIFTY,25-Jun-2026,12000,CE,0,0,0,8690,11439.75,0,0,50,0,19-JAN-2024,
OPTIDX,NIFTY,25-Jun-2026,16000,CE,0,0,0,4748.3,8054.2,0,0,0,0,19-JAN-2024,
OPTIDX,NIFTY,25-Jun-2026,17000,CE,0,0,0,4348.25,7219.1,0,0,0,0,19-JAN-2024,
OPTIDX,NIFTY,25-Jun-2026,18000,CE,0,0,0,4150,6398.2,0,0,200,0,19-JAN-2024,
OPTIDX,NIFTY,25-Jun-2026,19000,CE,0,0,0,2872.25,5600.25,0,0,100,0,19-JAN-2024,
OPTIDX,NIFTY,25-Jun-2026,20000,CE,0,0,0,3829.5,4835.85,0,0,0,0,19-JAN-2024,
OPTIDX,NIFTY,25-Jun-2026,21000,CE,0,0,0,3881.9,4116.2,0,0,0,0,19-JAN-2024,
OPTIDX,NIFTY,25-Jun-2026,22000,CE,0,0,0,2722.55,3451.85,0,0,0,0,19-JAN-2024,
OPTIDX,NIFTY,25-Jun-2026,23000,CE,0,0,0,2645.65,2851.1,0,0,0,0,19-JAN-2024,
OPTIDX,NIFTY,25-Jun-2026,24000,CE,0,0,0,1698.3,2319.5,0,0,0,0,19-JAN-2024,
OPTIDX,NIFTY,25-Jun-2026,25000,CE,0,0,0,1510.4,1859,0,0,0,0,19-JAN-2024,
OPTIDX,NIFTY,25-Jun-2026,26000,CE,0,0,0,1343.15,1468.45,0,0,0,0,19-JAN-2024,
OPTIDX,NIFTY,25-Jun-2026,27000,CE,0,0,0,1352.8,1143.85,0,0,0,0,19-JAN-2024,
OPTIDX,NIFTY,25-Jun-2026,12000,PE,0,0,0,10.05,0.05,0,0,500,0,19-JAN-2024,
OPTIDX,NIFTY,25-Jun-2026,13000,PE,0,0,0,45.25,0.2,0,0,200,0,19-JAN-2024,
OPTIDX,NIFTY,25-Jun-2026,14000,PE,0,0,0,300,0.8,0,0,100,0,19-JAN-2024,
OPTIDX,NIFTY,25-Jun-2026,15000,PE,0,0,0,105.5,2.9,0,0,850,0,19-JAN-2024,
OPTIDX,NIFTY,25-Jun-2026,16000,PE,0,0,0,54.8,8.65,0,0,500,0,19-JAN-2024,
OPTIDX,NIFTY,25-Jun-2026,17000,PE,0,0,0,2627.25,22.15,0,0,0,0,19-JAN-2024,
OPTIDX,NIFTY,25-Jun-2026,18000,PE,0,0,0,3088.05,49.8,0,0,0,0,19-JAN-2024,
OPTIDX,NIFTY,25-Jun-2026,19000,PE,0,0,0,140.45,100.4,0,0,100,0,19-JAN-2024,
OPTIDX,NIFTY,25-Jun-2026,20000,PE,0,0,0,3159.75,184.6,0,0,0,0,19-JAN-2024,
OPTIDX,NIFTY,25-Jun-2026,21000,PE,0,0,0,3065.6,313.5,0,0,0,0,19-JAN-2024,
OPTIDX,NIFTY,25-Jun-2026,22000,PE,0,0,0,3829.5,497.65,0,0,0,0,19-JAN-2024,
OPTIDX,NIFTY,25-Jun-2026,23000,PE,0,0,0,4171.75,745.5,0,0,0,0,19-JAN-2024,
OPTIDX,NIFTY,25-Jun-2026,24000,PE,0,0,0,5437.7,1062.45,0,0,0,0,19-JAN-2024,
OPTIDX,NIFTY,25-Jun-2026,25000,PE,0,0,0,6063.1,1450.5,0,0,0,0,19-JAN-2024,
OPTIDX,NIFTY,25-Jun-2026,26000,PE,0,0,0,6709.2,1908.5,0,0,0,0,19-JAN-2024,
OPTIDX,NIFTY,25-Jun-2026,27000,PE,0,0,0,6810.7,2432.45,0,0,0,0,19-JAN-2024,
OPTIDX,NIFTY,31-Dec-2026,16000,CE,0,0,0,6200,8523,0,0,50,0,19-JAN-2024,
OPTIDX,NIFTY,31-Dec-2026,17000,CE,0,0,0,4955.1,7718.35,0,0,0,0,19-JAN-2024,
OPTIDX,NIFTY,31-Dec-2026,18000,CE,0,0,0,4501.45,6927.05,0,0,0,0,19-JAN-2024,
OPTIDX,NIFTY,31-Dec-2026,19000,CE,0,0,0,4999,6156.25,0,0,200,0,19-JAN-2024,
OPTIDX,NIFTY,31-Dec-2026,20000,CE,0,0,0,3704.3,5414.2,0,0,0,0,19-JAN-2024,
OPTIDX,NIFTY,31-Dec-2026,21000,CE,0,0,0,3356.25,4709.65,0,0,0,0,19-JAN-2024,
OPTIDX,NIFTY,31-Dec-2026,22000,CE,0,0,0,3039,4050.85,0,0,0,0,19-JAN-2024,
OPTIDX,NIFTY,31-Dec-2026,23000,CE,0,0,0,2020,3444.65,0,0,500,0,19-JAN-2024,
OPTIDX,NIFTY,31-Dec-2026,24000,CE,0,0,0,2010.65,2896.05,0,0,0,0,19-JAN-2024,
OPTIDX,NIFTY,31-Dec-2026,25000,CE,0,0,0,1811.2,2407.7,0,0,0,0,19-JAN-2024,
OPTIDX,NIFTY,31-Dec-2026,26000,CE,0,0,0,1631.05,1980.05,0,0,0,0,19-JAN-2024,
OPTIDX,NIFTY,31-Dec-2026,27000,CE,0,0,0,1651.65,1611.4,0,0,0,0,19-JAN-2024,
OPTIDX,NIFTY,31-Dec-2026,12000,PE,0,0,0,250.1,0.1,0,0,600,0,19-JAN-2024,
OPTIDX,NIFTY,31-Dec-2026,13000,PE,0,0,0,450,0.35,0,0,200,0,19-JAN-2024,
OPTIDX,NIFTY,31-Dec-2026,14000,PE,0,0,0,500,1.35,0,0,950,0,19-JAN-2024,
OPTIDX,NIFTY,31-Dec-2026,15000,PE,0,0,0,118.9,4.2,0,0,2200,0,19-JAN-2024,
OPTIDX,NIFTY,31-Dec-2026,16000,PE,0,0,0,73.05,11.15,0,0,2450,0,19-JAN-2024,
OPTIDX,NIFTY,31-Dec-2026,17000,PE,0,0,0,177.55,25.9,0,0,2700,0,19-JAN-2024,
OPTIDX,NIFTY,31-Dec-2026,18000,PE,0,0,0,374.15,54.05,0,0,6350,0,19-JAN-2024,
OPTIDX,NIFTY,31-Dec-2026,19000,PE,0,0,0,450,102.6,0,0,3200,0,19-JAN-2024,
OPTIDX,NIFTY,31-Dec-2026,20000,PE,256.7,704.4,256.7,600,180,16,164.5,3750,0,19-JAN-2024,
OPTIDX,NIFTY,31-Dec-2026,21000,PE,0,0,0,649,294.85,0,0,850,0,19-JAN-2024,
OPTIDX,NIFTY,31-Dec-2026,22000,PE,0,0,0,609.65,455.45,0,0,100,0,19-JAN-2024,
OPTIDX,NIFTY,31-Dec-2026,23000,PE,0,0,0,1158.95,668.65,0,0,5800,0,19-JAN-2024,
OPTIDX,NIFTY,31-Dec-2026,24000,PE,0,0,0,5233.45,939.45,0,0,0,0,19-JAN-2024,
OPTIDX,NIFTY,31-Dec-2026,25000,PE,0,0,0,5825.75,1270.55,0,0,0,0,19-JAN-2024,
OPTIDX,NIFTY,31-Dec-2026,26000,PE,0,0,0,6437.4,1662.3,0,0,0,0,19-JAN-2024,
OPTIDX,NIFTY,31-Dec-2026,27000,PE,0,0,0,6522.3,2113.05,0,0,0,0,19-JAN-2024,
OPTIDX,NIFTY,24-Jun-2027,16000,CE,0,0,0,4898.4,8942.25,0,0,0,0,19-JAN-2024,
OPTIDX,NIFTY,24-Jun-2027,17000,CE,0,0,0,4464.7,8164.2,0,0,0,0,19-JAN-2024,
OPTIDX,NIFTY,24-Jun-2027,18000,CE,0,0,0,4066.45,7398.45,0,0,0,0,19-JAN-2024,
OPTIDX,NIFTY,24-Jun-2027,19000,CE,0,0,0,3701.25,6651.05,0,0,100,0,19-JAN-2024,
OPTIDX,NIFTY,24-Jun-2027,20000,CE,0,0,0,3367.05,5928.7,0,0,0,0,19-JAN-2024,
OPTIDX,NIFTY,24-Jun-2027,21000,CE,0,0,0,3061.8,5238.5,0,0,0,0,19-JAN-2024,
OPTIDX,NIFTY,24-Jun-2027,22000,CE,0,0,0,2783.5,4587.2,0,0,0,0,19-JAN-2024,
OPTIDX,NIFTY,24-Jun-2027,23000,CE,0,0,0,2530.05,3980.65,0,0,0,0,19-JAN-2024,
OPTIDX,NIFTY,24-Jun-2027,24000,CE,0,0,0,2299.55,3423.25,0,0,0,0,19-JAN-2024,
OPTIDX,NIFTY,24-Jun-2027,25000,CE,0,0,0,2090.05,2917.95,0,0,0,0,19-JAN-2024,
OPTIDX,NIFTY,24-Jun-2027,26000,CE,0,0,0,1900.85,2465.9,0,0,0,0,19-JAN-2024,
OPTIDX,NIFTY,24-Jun-2027,27000,CE,0,0,0,1932.5,2066.6,0,0,0,0,19-JAN-2024,
OPTIDX,NIFTY,24-Jun-2027,16000,PE,0,0,0,1476.1,12.9,0,0,0,0,19-JAN-2024,
OPTIDX,NIFTY,24-Jun-2027,17000,PE,0,0,0,1814.75,28.15,0,0,0,0,19-JAN-2024,
OPTIDX,NIFTY,24-Jun-2027,18000,PE,0,0,0,2188.9,55.75,0,0,0,0,19-JAN-2024,
OPTIDX,NIFTY,24-Jun-2027,19000,PE,0,0,0,170,101.65,0,0,250,0,19-JAN-2024,
OPTIDX,NIFTY,24-Jun-2027,20000,PE,0,0,0,3034.2,172.65,0,0,0,0,19-JAN-2024,
OPTIDX,NIFTY,24-Jun-2027,21000,PE,0,0,0,3501.35,275.75,0,0,0,0,19-JAN-2024,
OPTIDX,NIFTY,24-Jun-2027,22000,PE,0,0,0,3995.4,417.75,0,0,0,0,19-JAN-2024,
OPTIDX,NIFTY,24-Jun-2027,23000,PE,0,0,0,4514.3,604.5,0,0,0,0,19-JAN-2024,
OPTIDX,NIFTY,24-Jun-2027,24000,PE,0,0,0,5056.2,840.45,0,0,0,0,19-JAN-2024,
OPTIDX,NIFTY,24-Jun-2027,25000,PE,0,0,0,5619.05,1128.45,0,0,0,0,19-JAN-2024,
OPTIDX,NIFTY,24-Jun-2027,26000,PE,0,0,0,6202.2,1469.7,0,0,0,0,19-JAN-2024,
OPTIDX,NIFTY,24-Jun-2027,27000,PE,0,0,0,6273.45,1863.7,0,0,0,0,19-JAN-2024,
OPTIDX,NIFTY,30-Dec-2027,16000,CE,0,0,0,7354.45,9379.55,0,0,0,0,19-JAN-2024,
OPTIDX,NIFTY,30-Dec-2027,17000,CE,0,0,0,6805.5,8628.7,0,0,0,0,19-JAN-2024,
OPTIDX,NIFTY,30-Dec-2027,18000,CE,0,0,0,6285.7,7889.15,0,0,0,0,19-JAN-2024,
OPTIDX,NIFTY,30-Dec-2027,19000,CE,0,0,0,5794.9,7165.7,0,0,0,0,19-JAN-2024,
OPTIDX,NIFTY,30-Dec-2027,20000,CE,0,0,0,5333.85,6463.95,0,0,0,0,19-JAN-2024,
OPTIDX,NIFTY,30-Dec-2027,21000,CE,0,0,0,4902.4,5789.65,0,0,0,0,19-JAN-2024,
OPTIDX,NIFTY,30-Dec-2027,22000,CE,0,0,0,4499.55,5148.35,0,0,0,0,19-JAN-2024,
OPTIDX,NIFTY,30-Dec-2027,23000,CE,0,0,0,4125.7,4544.95,0,0,0,0,19-JAN-2024,
OPTIDX,NIFTY,30-Dec-2027,24000,CE,0,0,0,3778.95,3983.45,0,0,0,0,19-JAN-2024,
OPTIDX,NIFTY,30-Dec-2027,25000,CE,0,0,0,3458.35,3466.75,0,0,0,0,19-JAN-2024,
OPTIDX,NIFTY,30-Dec-2027,26000,CE,0,0,0,3162.4,2996.3,0,0,0,0,19-JAN-2024,
OPTIDX,NIFTY,30-Dec-2027,27000,CE,0,0,0,2889.8,2572.55,0,0,0,0,19-JAN-2024,
OPTIDX,NIFTY,30-Dec-2027,15000,PE,0,0,0,86.75,6.2,0,0,350,0,19-JAN-2024,
OPTIDX,NIFTY,30-Dec-2027,16000,PE,0,0,0,479.35,14.2,0,0,0,0,19-JAN-2024,
OPTIDX,NIFTY,30-Dec-2027,17000,PE,0,0,0,514,29.45,0,0,14250,0,19-JAN-2024,
OPTIDX,NIFTY,30-Dec-2027,18000,PE,0,0,0,74.8,55.95,0,0,10500,0,19-JAN-2024,
OPTIDX,NIFTY,30-Dec-2027,19000,PE,0,0,0,760,98.55,0,0,700,0,19-JAN-2024,
OPTIDX,NIFTY,30-Dec-2027,20000,PE,0,0,0,811,162.9,0,0,2350,0,19-JAN-2024,
OPTIDX,NIFTY,30-Dec-2027,21000,PE,0,0,0,1563.55,254.65,0,0,0,0,19-JAN-2024,
OPTIDX,NIFTY,30-Dec-2027,22000,PE,0,0,0,1867.9,379.4,0,0,0,0,19-JAN-2024,
OPTIDX,NIFTY,30-Dec-2027,23000,PE,0,0,0,2201.3,542.05,0,0,0,0,19-JAN-2024,
OPTIDX,NIFTY,30-Dec-2027,24000,PE,0,0,0,2561.85,746.65,0,0,0,0,19-JAN-2024,
OPTIDX,NIFTY,30-Dec-2027,25000,PE,0,0,0,2948.45,996,0,0,0,0,19-JAN-2024,
OPTIDX,NIFTY,30-Dec-2027,26000,PE,0,0,0,3359.75,1291.65,0,0,0,0,19-JAN-2024,
OPTIDX,NIFTY,30-Dec-2027,27000,PE,0,0,0,3794.4,1633.95,0,0,0,0,19-JAN-2024,
OPTIDX,NIFTY,29-Jun-2028,16000,CE,0,0,0,8002.3,9786,0,0,0,0,19-JAN-2024,
OPTIDX,NIFTY,29-Jun-2028,17000,CE,0,0,0,7393.45,9060.2,0,0,0,0,19-JAN-2024,
OPTIDX,NIFTY,29-Jun-2028,18000,CE,0,0,0,6809.35,8344.55,0,0,0,0,19-JAN-2024,
OPTIDX,NIFTY,29-Jun-2028,19000,CE,0,0,0,6252.25,7643.2,0,0,0,0,19-JAN-2024,
OPTIDX,NIFTY,29-Jun-2028,20000,CE,0,0,0,5724.65,6960.8,0,0,0,0,19-JAN-2024,
OPTIDX,NIFTY,29-Jun-2028,21000,CE,0,0,0,5226.55,6302.15,0,0,0,0,19-JAN-2024,
OPTIDX,NIFTY,29-Jun-2028,22000,CE,0,0,0,4759.5,5671.85,0,0,0,0,19-JAN-2024,
OPTIDX,NIFTY,29-Jun-2028,23000,CE,0,0,0,4323.1,5074.15,0,0,0,0,19-JAN-2024,
OPTIDX,NIFTY,29-Jun-2028,24000,CE,0,0,0,3918.85,4512.65,0,0,0,0,19-JAN-2024,
OPTIDX,NIFTY,29-Jun-2028,25000,CE,0,0,0,3545.15,3990,0,0,0,0,19-JAN-2024,
OPTIDX,NIFTY,29-Jun-2028,26000,CE,0,0,0,3200.9,3507.95,0,0,0,0,19-JAN-2024,
OPTIDX,NIFTY,29-Jun-2028,27000,CE,0,0,0,2885.15,3067.25,0,0,0,0,19-JAN-2024,
OPTIDX,NIFTY,29-Jun-2028,16000,PE,0,0,0,194.2,15,0,0,0,0,19-JAN-2024,
OPTIDX,NIFTY,29-Jun-2028,17000,PE,0,0,0,283.1,29.9,0,0,0,0,19-JAN-2024,
OPTIDX,NIFTY,29-Jun-2028,18000,PE,0,0,0,396.75,54.95,0,0,0,0,19-JAN-2024,
OPTIDX,NIFTY,29-Jun-2028,19000,PE,0,0,0,537.45,94.35,0,0,0,0,19-JAN-2024,
OPTIDX,NIFTY,29-Jun-2028,20000,PE,0,0,0,707.55,152.65,0,0,0,0,19-JAN-2024,
OPTIDX,NIFTY,29-Jun-2028,21000,PE,0,0,0,907.2,234.65,0,0,0,0,19-JAN-2024,
OPTIDX,NIFTY,29-Jun-2028,22000,PE,0,0,0,1137.9,345.1,0,0,0,0,19-JAN-2024,
OPTIDX,NIFTY,29-Jun-2028,23000,PE,0,0,0,1399.25,488.15,0,0,0,0,19-JAN-2024,
OPTIDX,NIFTY,29-Jun-2028,24000,PE,0,0,0,1692.75,667.35,0,0,0,0,19-JAN-2024,
OPTIDX,NIFTY,29-Jun-2028,25000,PE,0,0,0,2016.8,885.4,0,0,0,0,19-JAN-2024,
OPTIDX,NIFTY,29-Jun-2028,26000,PE,0,0,0,2370.3,1144.05,0,0,0,0,19-JAN-2024,
OPTIDX,NIFTY,29-Jun-2028,27000,PE,0,0,0,2752.35,1444.1,0,0,0,0,19-JAN-2024,
OPTIDX,NIFTY,28-Dec-2028,16000,CE,0,0,0,10704.45,10178.65,0,0,0,0,19-JAN-2024,
OPTIDX,NIFTY,28-Dec-2028,17000,CE,0,0,0,10036.4,9476.8,0,0,0,0,19-JAN-2024,
OPTIDX,NIFTY,28-Dec-2028,18000,CE,0,0,0,9380.3,8784.1,0,0,0,0,19-JAN-2024,
OPTIDX,NIFTY,28-Dec-2028,19000,CE,0,0,0,8739,8104.05,0,0,0,0,19-JAN-2024,
OPTIDX,NIFTY,28-Dec-2028,20000,CE,0,0,0,8115.5,7440.6,0,0,0,0,19-JAN-2024,
OPTIDX,NIFTY,28-Dec-2028,21000,CE,0,0,0,7512.5,6797.8,0,0,0,0,19-JAN-2024,
OPTIDX,NIFTY,28-Dec-2028,22000,CE,0,0,0,6932.45,6179.55,0,0,0,0,19-JAN-2024,
OPTIDX,NIFTY,28-Dec-2028,23000,CE,0,0,0,6377.6,5589.5,0,0,0,0,19-JAN-2024,
OPTIDX,NIFTY,28-Dec-2028,24000,CE,0,0,0,5850.3,5030.85,0,0,0,0,19-JAN-2024,
OPTIDX,NIFTY,28-Dec-2028,25000,CE,0,0,0,5350.4,4506.1,0,0,0,0,19-JAN-2024,
OPTIDX,NIFTY,28-Dec-2028,26000,CE,0,0,0,4879.7,4017,0,0,0,0,19-JAN-2024,
OPTIDX,NIFTY,28-Dec-2028,27000,CE,0,0,0,4437.95,3564.65,0,0,0,0,19-JAN-2024,
OPTIDX,NIFTY,28-Dec-2028,16000,PE,0,0,0,39.6,15.4,0,0,0,0,19-JAN-2024,
OPTIDX,NIFTY,28-Dec-2028,17000,PE,0,0,0,66.15,29.7,0,0,0,0,19-JAN-2024,
OPTIDX,NIFTY,28-Dec-2028,18000,PE,0,0,0,104.65,53.2,0,0,0,0,19-JAN-2024,
OPTIDX,NIFTY,28-Dec-2028,19000,PE,0,0,0,158,89.4,0,0,0,0,19-JAN-2024,
OPTIDX,NIFTY,28-Dec-2028,20000,PE,0,0,0,229.1,142.15,0,0,0,0,19-JAN-2024,
OPTIDX,NIFTY,28-Dec-2028,21000,PE,0,0,0,320.7,215.5,0,0,0,0,19-JAN-2024,
OPTIDX,NIFTY,28-Dec-2028,22000,PE,0,0,0,435.3,313.45,0,0,0,0,19-JAN-2024,
OPTIDX,NIFTY,28-Dec-2028,23000,PE,0,0,0,575.05,439.6,0,0,0,0,19-JAN-2024,
OPTIDX,NIFTY,28-Dec-2028,24000,PE,0,0,0,742.35,597.15,0,0,0,0,19-JAN-2024,
OPTIDX,NIFTY,28-Dec-2028,25000,PE,0,0,0,937.05,788.6,0,0,0,0,19-JAN-2024,
OPTIDX,NIFTY,28-Dec-2028,26000,PE,0,0,0,1160.95,1015.7,0,0,0,0,19-JAN-2024,
OPTIDX,NIFTY,28-Dec-2028,27000,PE,0,0,0,1413.85,1279.55,0,0,0,0,19-JAN-2024,
