INSTRUMENT,SYMBOL,EXPIRY_DT,STRIKE_PR,OPTION_TYP,OPEN,HIGH,LOW,CLOSE,SETTLE_PR,CONTRACTS,VAL_INLAKH,OPEN_INT,CHG_IN_OI,TIMESTAMP,
FUTIDX,NIFTY,28-Mar-2024,0,XX,22070,22094,21868,21886.5,21886.5,152613,1674882.31,11935350,-751200,19-MAR-2024,
FUTIDX,NIFTY,25-Apr-2024,0,XX,22260,22260,22040,22055.95,22055.95,26902,297419.2,2834200,275950,19-MAR-2024,
FUTIDX,NIFTY,30-May-2024,0,XX,22390.05,22390.15,22194.75,22210.6,22210.6,12695,141349.3,1484300,100200,19-MAR-2024,
OPTIDX,NIFTY,21-Mar-2024,20150,CE,1690,1690,1690,1690,1674.9,1,10.92,1100,-50,19-MAR-2024,
OPTIDX,NIFTY,21-Mar-2024,20200,CE,1663,1663,1663,1663,1624.9,1,10.93,1600,-50,19-MAR-2024,
OPTIDX,NIFTY,21-Mar-2024,20250,CE,0,0,0,1815,1574.95,0,0,0,0,19-MAR-2024,
OPTIDX,NIFTY,21-Mar-2024,20300,CE,0,0,0,1749.15,1524.95,0,0,350,0,19-MAR-2024,
OPTIDX,NIFTY,21-Mar-2024,20350,CE,0,0,0,1719.45,1474.95,0,0,0,0,19-MAR-2024,
OPTIDX,NIFTY,21-Mar-2024,20400,CE,0,0,0,1679.95,1425,0,0,1650,0,19-MAR-2024,
OPTIDX,NIFTY,21-Mar-2024,20450,CE,0,0,0,1630,1375,0,0,4300,0,19-MAR-2024,
OPTIDX,NIFTY,21-Mar-2024,20500,CE,1451.25,1460.25,1314,1318.5,1318.5,83,908.44,20400,-1850,19-MAR-2024,
OPTIDX,NIFTY,21-Mar-2024,20550,CE,1295,1307,1295,1307,1275.05,16,174.8,4850,-400,19-MAR-2024,
OPTIDX,NIFTY,21-Mar-2024,20600,CE,1388.75,1388.75,1224.3,1248.55,1248.55,4,43.8,850,50,19-MAR-2024,
OPTIDX,NIFTY,21-Mar-2024,20650,CE,1252.3,1252.3,1214.45,1214.45,1175.1,2,21.88,700,0,19-MAR-2024,
OPTIDX,NIFTY,21-Mar-2024,20700,CE,1279.1,1279.1,1124.45,1125,1125.1,7,76.61,7800,50,19-MAR-2024,
OPTIDX,NIFTY,21-Mar-2024,20750,CE,1165.05,1165.05,1075.3,1075.3,1075.1,10,109.32,650,150,19-MAR-2024,
OPTIDX,NIFTY,21-Mar-2024,20800,CE,0,0,0,1375,1025.15,0,0,1250,0,19-MAR-2024,
OPTIDX,NIFTY,21-Mar-2024,20850,CE,0,0,0,1165,975.15,0,0,1950,0,19-MAR-2024,
OPTIDX,NIFTY,21-Mar-2024,20900,CE,1052,1052,924.15,924.15,925.2,7,76.66,800,-150,19-MAR-2024,
OPTIDX,NIFTY,21-Mar-2024,20950,CE,916.35,920.65,875.5,892.95,875.2,10,109.23,3800,50,19-MAR-2024,
OPTIDX,NIFTY,21-Mar-2024,21000,CE,955,980,804,827.6,827.6,2185,23875.06,71900,11800,19-MAR-2024,
OPTIDX,NIFTY,21-Mar-2024,21050,CE,829.05,829.05,829,829,775.25,2,21.87,850,0,19-MAR-2024,
OPTIDX,NIFTY,21-Mar-2024,21100,CE,866.6,879.75,715.25,725.2,725.2,122,1333.69,2200,600,19-MAR-2024,
OPTIDX,NIFTY,21-Mar-2024,21150,CE,828.55,828.55,688.95,703.6,675.3,19,207.81,450,100,19-MAR-2024,
OPTIDX,NIFTY,21-Mar-2024,21200,CE,777.5,803.35,611.4,626.3,626.3,252,2755.34,3850,550,19-MAR-2024,
OPTIDX,NIFTY,21-Mar-2024,21250,CE,668.05,668.05,565,567.1,567.1,85,928.5,4650,-400,19-MAR-2024,
OPTIDX,NIFTY,21-Mar-2024,21300,CE,710,725.25,514.55,537,537,5130,56039.3,20600,13100,19-MAR-2024,
OPTIDX,NIFTY,21-Mar-2024,21350,CE,659.15,659.15,465.9,481.1,481.1,276,3016.71,5200,1400,19-MAR-2024,
OPTIDX,NIFTY,21-Mar-2024,21400,CE,602.7,605,415,432.6,432.6,6896,75493.18,41000,8200,19-MAR-2024,
OPTIDX,NIFTY,21-Mar-2024,21450,CE,516,541.5,371.7,387.3,387.3,652,7128.95,7250,2550,19-MAR-2024,
OPTIDX,NIFTY,21-Mar-2024,21500,CE,519.1,526.7,326,339.1,339.1,36182,395945.69,187200,32800,19-MAR-2024,
OPTIDX,NIFTY,21-Mar-2024,21550,CE,473.5,473.5,253.35,295.9,295.9,4093,44776.5,23750,10000,19-MAR-2024,
OPTIDX,NIFTY,21-Mar-2024,21600,CE,420.55,424.85,241.95,254.35,254.35,51491,563618.64,206550,150500,19-MAR-2024,
OPTIDX,NIFTY,21-Mar-2024,21650,CE,421,421,204,214.55,214.55,27217,297942.77,71900,52000,19-MAR-2024,
OPTIDX,NIFTY,21-Mar-2024,21700,CE,335.1,344.45,168.1,179.35,179.35,225271,2468184.32,470350,359050,19-MAR-2024,
OPTIDX,NIFTY,21-Mar-2024,21750,CE,295.2,309.1,136.1,145.75,145.75,227596,2494981.41,474200,430700,19-MAR-2024,
OPTIDX,NIFTY,21-Mar-2024,21800,CE,238,265.65,108.65,117.35,117.35,1323164,14518312.13,2580600,2212800,19-MAR-2024,
OPTIDX,NIFTY,21-Mar-2024,21850,CE,250,250,85,92.4,92.4,1449462,15922436.36,2993700,2789600,19-MAR-2024,
OPTIDX,NIFTY,21-Mar-2024,21900,CE,189.9,191.15,65.55,71.45,71.45,2431100,26746532.61,5709050,5082250,19-MAR-2024,
OPTIDX,NIFTY,21-Mar-2024,21950,CE,142,157.55,49.65,54.15,54.15,1424825,15700866.89,3658900,2997650,19-MAR-2024,
OPTIDX,NIFTY,21-Mar-2024,22000,CE,133.8,133.8,37,40.5,40.5,2655174,29298508.09,10555750,6822500,19-MAR-2024,
OPTIDX,NIFTY,21-Mar-2024,22050,CE,95,101.9,27.45,30.1,30.1,978872,10818196.85,3145300,1296700,19-MAR-2024,
OPTIDX,NIFTY,21-Mar-2024,22100,CE,66,79.45,20.2,22.05,22.05,1627168,18013438.07,6370250,2834150,19-MAR-2024,
OPTIDX,NIFTY,21-Mar-2024,22150,CE,50.55,62.1,15,16.25,16.25,938075,10403634.6,3547500,1591450,19-MAR-2024,
OPTIDX,NIFTY,21-Mar-2024,22200,CE,51.25,51.25,10.8,11.7,11.7,1662682,18474832.43,7604050,2497350,19-MAR-2024,
OPTIDX,NIFTY,21-Mar-2024,22250,CE,20.05,37.7,7.95,8.55,8.55,969122,10789608.06,2802750,196100,19-MAR-2024,
OPTIDX,NIFTY,21-Mar-2024,22300,CE,15,29,5.75,6.25,6.25,1546755,17255896.51,6498600,2684300,19-MAR-2024,
OPTIDX,NIFTY,21-Mar-2024,22350,CE,21.5,21.5,4.55,4.9,4.9,1028380,11496858.03,2906950,708600,19-MAR-2024,
OPTIDX,NIFTY,21-Mar-2024,22400,CE,11.75,14.45,3.5,3.8,3.8,1197437,13415433.78,5286400,1298350,19-MAR-2024,
OPTIDX,NIFTY,21-Mar-2024,22450,CE,8.5,10.4,2.85,3.15,3.15,781738,8776981.22,3831150,2337000,19-MAR-2024,
OPTIDX,NIFTY,21-Mar-2024,22500,CE,6.5,7.65,2.4,2.7,2.7,1346899,15155309.83,9622350,3674650,19-MAR-2024,
OPTIDX,NIFTY,21-Mar-2024,22550,CE,5.3,6.15,2.1,2.3,2.3,750267,8460451.82,3065650,1160200,19-MAR-2024,
OPTIDX,NIFTY,21-Mar-2024,22600,CE,3.75,3.75,1.9,2.05,2.05,828560,9363803.07,5392050,1016300,19-MAR-2024,
OPTIDX,NIFTY,21-Mar-2024,22650,CE,2.75,3.9,1.75,1.9,1.9,415089,4701344.22,2452700,237300,19-MAR-2024,
OPTIDX,NIFTY,21-Mar-2024,22700,CE,1.95,2.25,1.5,1.7,1.7,706625,8020861.35,4636500,-410700,19-MAR-2024,
OPTIDX,NIFTY,21-Mar-2024,22750,CE,1.5,1.85,1.35,1.55,1.55,242884,2763004.86,2033450,-936300,19-MAR-2024,
OPTIDX,NIFTY,21-Mar-2024,22800,CE,1.4,1.7,1.25,1.45,1.45,617754,7042860.04,5328400,497800,19-MAR-2024,
OPTIDX,NIFTY,21-Mar-2024,22850,CE,0.95,1.6,0.95,1.35,1.35,172633,1972452.3,1721200,367600,19-MAR-2024,
OPTIDX,NIFTY,21-Mar-2024,22900,CE,1.25,1.5,0.95,1.35,1.35,324576,3716615.59,3268950,-622500,19-MAR-2024,
OPTIDX,NIFTY,21-Mar-2024,22950,CE,1.1,1.45,0.75,1.3,1.3,83602,959387.27,1052400,30850,19-MAR-2024,
OPTIDX,NIFTY,21-Mar-2024,23000,CE,0.9,1.4,0.85,1.3,1.3,747606,8597931.44,6578350,459300,19-MAR-2024,
OPTIDX,NIFTY,21-Mar-2024,23050,CE,0.6,1.4,0.6,1.25,1.25,52230,601981.22,331550,-6900,19-MAR-2024,
OPTIDX,NIFTY,21-Mar-2024,23100,CE,0.45,1.35,0.45,1.25,1.25,213151,2462013.44,1460700,-178000,19-MAR-2024,
OPTIDX,NIFTY,21-Mar-2024,23150,CE,0.8,1.35,0.7,1.25,1.25,33848,391809.3,193550,-28950,19-MAR-2024,
OPTIDX,NIFTY,21-Mar-2024,23200,CE,0.65,1.3,0.55,1.2,1.2,219262,2543549.33,1543600,-269400,19-MAR-2024,
OPTIDX,NIFTY,21-Mar-2024,23250,CE,0.6,1.35,0.6,1.25,1.25,37619,437340.67,487300,-42200,19-MAR-2024,
OPTIDX,NIFTY,21-Mar-2024,23300,CE,0.6,1.25,0.45,1.15,1.15,129781,1512010.93,935100,-311300,19-MAR-2024,
OPTIDX,NIFTY,21-Mar-2024,23350,CE,0.7,1.3,0.65,1.25,1.25,23939,279499.15,109450,-26200,19-MAR-2024,
OPTIDX,NIFTY,21-Mar-2024,23400,CE,0.65,1.3,0.15,1.15,1.15,110030,1287401.82,632600,-102400,19-MAR-2024,
OPTIDX,NIFTY,21-Mar-2024,23450,CE,0.55,1.25,0.55,1.15,1.15,22711,266295.95,107850,-59200,19-MAR-2024,
OPTIDX,NIFTY,21-Mar-2024,23500,CE,0.55,1.3,0.5,1.2,1.2,349043,4101398.49,4181400,1021150,19-MAR-2024,
OPTIDX,NIFTY,21-Mar-2024,23550,CE,0.6,1.25,0.5,1.15,1.15,17508,206162.94,144250,-8450,19-MAR-2024,
OPTIDX,NIFTY,21-Mar-2024,23600,CE,0.5,1.25,0.5,1.15,1.15,51568,608527.41,609100,387300,19-MAR-2024,
OPTIDX,NIFTY,21-Mar-2024,23650,CE,0.65,1.25,0.45,1.15,1.15,5778,68327.03,76950,-13550,19-MAR-2024,
OPTIDX,NIFTY,21-Mar-2024,23700,CE,0.6,1.25,0.05,1.15,1.15,46736,553842.7,564700,245600,19-MAR-2024,
OPTIDX,NIFTY,21-Mar-2024,23750,CE,0.55,1.2,0.45,1.15,1.15,2611,31006.72,107050,-11250,19-MAR-2024,
OPTIDX,NIFTY,21-Mar-2024,23800,CE,0.5,1.2,0.5,1.1,1.1,30086,358037.62,683250,332650,19-MAR-2024,
OPTIDX,NIFTY,21-Mar-2024,23850,CE,0.55,1.1,0.55,1.05,1.05,3120,37207.33,54300,-1400,19-MAR-2024,
OPTIDX,NIFTY,21-Mar-2024,23900,CE,0.75,1.2,0.5,1.05,1.05,16061,191935.4,237350,51250,19-MAR-2024,
OPTIDX,NIFTY,21-Mar-2024,23950,CE,0.6,1.15,0.5,1.05,1.05,7182,86007.61,149100,-23450,19-MAR-2024,
OPTIDX,NIFTY,21-Mar-2024,24000,CE,0.5,1.2,0.4,1.05,1.05,106283,1275438.5,2368550,133600,19-MAR-2024,
OPTIDX,NIFTY,21-Mar-2024,24050,CE,0.65,1.1,0.5,1,1,4694,56447.19,66000,-1850,19-MAR-2024,
OPTIDX,NIFTY,21-Mar-2024,24100,CE,0.7,1.15,0.55,0.95,0.95,22287,268566.92,555350,133100,19-MAR-2024,
OPTIDX,NIFTY,21-Mar-2024,24150,CE,0.5,1.15,0.5,1,1,8352,100853.59,89650,7000,19-MAR-2024,
OPTIDX,NIFTY,21-Mar-2024,24200,CE,0.6,1.2,0.55,1,1,34629,419025.33,1124950,433250,19-MAR-2024,
OPTIDX,NIFTY,21-Mar-2024,24250,CE,0.45,3.35,0.45,0.95,0.95,35641,432160.67,684450,245900,19-MAR-2024,
OPTIDX,NIFTY,21-Mar-2024,20150,PE,0.4,0.7,0.2,0.25,0.25,95433,961501.33,3351050,1726400,19-MAR-2024,
OPTIDX,NIFTY,21-Mar-2024,20200,PE,0.55,0.8,0.2,0.3,0.3,42632,430591.02,3049900,274100,19-MAR-2024,
OPTIDX,NIFTY,21-Mar-2024,20250,PE,0.55,0.9,0.25,0.35,0.35,16052,162530.1,167900,93250,19-MAR-2024,
OPTIDX,NIFTY,21-Mar-2024,20300,PE,0.85,0.85,0.25,0.3,0.3,42062,426939.18,535850,148400,19-MAR-2024,
OPTIDX,NIFTY,21-Mar-2024,20350,PE,0.55,0.85,0.35,0.4,0.4,20987,213548.23,106400,45100,19-MAR-2024,
OPTIDX,NIFTY,21-Mar-2024,20400,PE,0.9,0.95,0.25,0.35,0.35,44422,453116.1,394550,182850,19-MAR-2024,
OPTIDX,NIFTY,21-Mar-2024,20450,PE,0.7,0.9,0.3,0.4,0.4,29950,306246.91,124550,53500,19-MAR-2024,
OPTIDX,NIFTY,21-Mar-2024,20500,PE,0.7,0.95,0.35,0.4,0.4,134026,1373806,1944050,-121100,19-MAR-2024,
OPTIDX,NIFTY,21-Mar-2024,20550,PE,0.95,1,0.35,0.45,0.45,35504,364815.13,126650,29500,19-MAR-2024,
OPTIDX,NIFTY,21-Mar-2024,20600,PE,0.65,1.1,0.45,0.5,0.5,63253,651528.69,666700,41800,19-MAR-2024,
OPTIDX,NIFTY,21-Mar-2024,20650,PE,1,1.15,0.4,0.5,0.5,34129,352394.56,158750,20800,19-MAR-2024,
OPTIDX,NIFTY,21-Mar-2024,20700,PE,0.85,1.25,0.5,0.55,0.55,81086,839273.09,766750,21200,19-MAR-2024,
OPTIDX,NIFTY,21-Mar-2024,20750,PE,1,1.2,0.45,0.5,0.5,50051,519298.81,396850,14600,19-MAR-2024,
OPTIDX,NIFTY,21-Mar-2024,20800,PE,1.1,1.35,0.55,0.65,0.65,181108,1883611.65,1263900,304500,19-MAR-2024,
OPTIDX,NIFTY,21-Mar-2024,20850,PE,1.2,1.45,0.55,0.65,0.65,37793,394011.83,317300,58200,19-MAR-2024,
OPTIDX,NIFTY,21-Mar-2024,20900,PE,1.25,1.65,0.65,0.75,0.75,227464,2377129.49,1322050,51900,19-MAR-2024,
OPTIDX,NIFTY,21-Mar-2024,20950,PE,1.6,1.95,0.05,0.8,0.8,76621,802657.63,481600,36600,19-MAR-2024,
OPTIDX,NIFTY,21-Mar-2024,21000,PE,1.4,2.4,0.9,0.95,0.95,838509,8805001.58,4926350,-472600,19-MAR-2024,
OPTIDX,NIFTY,21-Mar-2024,21050,PE,1.4,2.7,0.95,1,1,138687,1459803,685500,206800,19-MAR-2024,
OPTIDX,NIFTY,21-Mar-2024,21100,PE,1.9,3.25,1.1,1.2,1.2,450527,4753491.78,2161950,257550,19-MAR-2024,
OPTIDX,NIFTY,21-Mar-2024,21150,PE,1.65,4.1,1.35,1.55,1.55,230350,2436227.85,913200,83800,19-MAR-2024,
OPTIDX,NIFTY,21-Mar-2024,21200,PE,2.45,5,1.6,1.95,1.95,711583,7543794.53,3709750,417200,19-MAR-2024,
OPTIDX,NIFTY,21-Mar-2024,21250,PE,2.15,6.65,2.1,2.6,2.6,441570,4692496.72,1646400,317000,19-MAR-2024,
OPTIDX,NIFTY,21-Mar-2024,21300,PE,3.55,8.9,2.65,3.7,3.7,832931,8872778.26,2986850,8050,19-MAR-2024,
OPTIDX,NIFTY,21-Mar-2024,21350,PE,3.65,11.55,3.05,5.1,5.1,630904,6736933.76,1630050,780950,19-MAR-2024,
OPTIDX,NIFTY,21-Mar-2024,21400,PE,3.8,15.1,3.8,7.25,7.25,1371857,14685067.39,4214850,1095050,19-MAR-2024,
OPTIDX,NIFTY,21-Mar-2024,21450,PE,5.05,19.75,4.5,10.3,10.3,923817,9913437.76,2267450,1449600,19-MAR-2024,
OPTIDX,NIFTY,21-Mar-2024,21500,PE,8.85,25.85,8.05,15,15,1754367,18873798.1,4064400,675500,19-MAR-2024,
OPTIDX,NIFTY,21-Mar-2024,21550,PE,13.45,33.25,10.05,20.95,20.95,879747,9489013.36,1684750,643000,19-MAR-2024,
OPTIDX,NIFTY,21-Mar-2024,21600,PE,14.75,42.65,14.3,29,29,1461262,15803312.52,2604800,153100,19-MAR-2024,
OPTIDX,NIFTY,21-Mar-2024,21650,PE,29.95,54.3,19.75,39.55,39.55,1036863,11244470.3,1353100,231050,19-MAR-2024,
OPTIDX,NIFTY,21-Mar-2024,21700,PE,29.45,68.85,26.25,53.45,53.45,1981429,21549468.43,2921750,374700,19-MAR-2024,
OPTIDX,NIFTY,21-Mar-2024,21750,PE,36,87,33.75,70.4,70.4,1350923,14736296.69,1827900,359050,19-MAR-2024,
OPTIDX,NIFTY,21-Mar-2024,21800,PE,44.95,110,44.8,91.6,91.6,3468225,37952167.02,4085900,734550,19-MAR-2024,
OPTIDX,NIFTY,21-Mar-2024,21850,PE,64,136.25,58,116.1,116.1,2470281,27118961.14,1415350,-548900,19-MAR-2024,
OPTIDX,NIFTY,21-Mar-2024,21900,PE,79,166.2,72,144.85,144.85,3234569,35623809.35,2187250,-1081900,19-MAR-2024,
OPTIDX,NIFTY,21-Mar-2024,21950,PE,91.9,200,90.85,178.1,178.1,1295125,14308900.01,1121150,-1059800,19-MAR-2024,
OPTIDX,NIFTY,21-Mar-2024,22000,PE,110.55,236.5,110.55,214.65,214.65,1550237,17189614.54,2168600,-2376650,19-MAR-2024,
OPTIDX,NIFTY,21-Mar-2024,22050,PE,129.8,276.25,129.8,254.1,254.1,278041,3093603,501000,-603150,19-MAR-2024,
OPTIDX,NIFTY,21-Mar-2024,22100,PE,151,318,151,297.2,297.2,381026,4257038,826600,-1063100,19-MAR-2024,
OPTIDX,NIFTY,21-Mar-2024,22150,PE,195,361.7,193.6,341.85,341.85,64208,719699.04,257100,-285000,19-MAR-2024,
OPTIDX,NIFTY,21-Mar-2024,22200,PE,234.5,415.5,228.8,386.4,386.4,145989,1643956.6,967300,-317950,19-MAR-2024,
OPTIDX,NIFTY,21-Mar-2024,22250,PE,274.15,453.1,267.4,434.7,434.7,11946,135055.34,167050,-57700,19-MAR-2024,
OPTIDX,NIFTY,21-Mar-2024,22300,PE,322.65,505,306.65,478.55,478.55,31718,360332.65,362250,-261150,19-MAR-2024,
OPTIDX,NIFTY,21-Mar-2024,22350,PE,351.85,551.3,351.85,529.75,529.75,3526,40208,104550,-19250,19-MAR-2024,
OPTIDX,NIFTY,21-Mar-2024,22400,PE,404.05,597.75,396.1,578.65,578.65,16179,185528.55,312750,-155400,19-MAR-2024,
OPTIDX,NIFTY,21-Mar-2024,22450,PE,450.7,641,449.35,626.7,626.7,770,8853.44,31350,-13850,19-MAR-2024,
OPTIDX,NIFTY,21-Mar-2024,22500,PE,500,694.8,490,677.6,677.6,12732,147156.29,372750,-56100,19-MAR-2024,
OPTIDX,NIFTY,21-Mar-2024,22550,PE,549.95,740.15,549.95,726.8,726.8,473,5486.3,28550,-2850,19-MAR-2024,
OPTIDX,NIFTY,21-Mar-2024,22600,PE,600,795,599.95,776.4,776.4,1271,14826.22,104450,-3800,19-MAR-2024,
OPTIDX,NIFTY,21-Mar-2024,22650,PE,676.8,829.65,675.35,826.8,826.8,170,1991.44,7650,-1450,19-MAR-2024,
OPTIDX,NIFTY,21-Mar-2024,22700,PE,700,890.95,700,866.85,866.85,366,4305.78,50150,-5950,19-MAR-2024,
OPTIDX,NIFTY,21-Mar-2024,22750,PE,790,925.15,780,925.15,925.15,17,200.68,12150,-250,19-MAR-2024,
OPTIDX,NIFTY,21-Mar-2024,22800,PE,799.9,980.05,799.9,975.25,975.25,314,3719.32,11250,-200,19-MAR-2024,
OPTIDX,NIFTY,21-Mar-2024,22850,PE,838.9,1027.15,838.9,1027.15,1027.15,10,118.97,3550,-100,19-MAR-2024,
OPTIDX,NIFTY,21-Mar-2024,22900,PE,920,1080,920,1064,1074.1,32,382.18,9250,-400,19-MAR-2024,
OPTIDX,NIFTY,21-Mar-2024,22950,PE,1099.9,1144.1,1084.35,1137.9,1137.9,4,48.13,1250,0,19-MAR-2024,
OPTIDX,NIFTY,21-Mar-2024,23000,PE,987,1193,987,1171.95,1171.95,175,2110.5,56700,-2550,19-MAR-2024,
OPTIDX,NIFTY,21-Mar-2024,23050,PE,0,0,0,1072.5,1224.05,0,0,0,0,19-MAR-2024,
OPTIDX,NIFTY,21-Mar-2024,23100,PE,0,0,0,870.65,1274,0,0,9450,0,19-MAR-2024,
OPTIDX,NIFTY,21-Mar-2024,23150,PE,0,0,0,1156.45,1324,0,0,0,0,19-MAR-2024,
OPTIDX,NIFTY,21-Mar-2024,23200,PE,0,0,0,1076.2,1373.95,0,0,2850,0,19-MAR-2024,
OPTIDX,NIFTY,21-Mar-2024,23250,PE,0,0,0,1242.45,1423.95,0,0,0,0,19-MAR-2024,
OPTIDX,NIFTY,21-Mar-2024,23300,PE,1412.85,1480,1412.85,1480,1480,3,37.12,1850,0,19-MAR-2024,
OPTIDX,NIFTY,21-Mar-2024,23350,PE,0,0,0,1100,1523.9,0,0,300,0,19-MAR-2024,
OPTIDX,NIFTY,21-Mar-2024,23400,PE,0,0,0,1184.25,1573.9,0,0,350,0,19-MAR-2024,
OPTIDX,NIFTY,21-Mar-2024,23450,PE,0,0,0,1420,1623.9,0,0,0,0,19-MAR-2024,
OPTIDX,NIFTY,21-Mar-2024,23500,PE,0,0,0,1465.35,1673.85,0,0,0,0,19-MAR-2024,
OPTIDX,NIFTY,21-Mar-2024,23550,PE,0,0,0,1511.05,1723.85,0,0,0,0,19-MAR-2024,
OPTIDX,NIFTY,21-Mar-2024,23600,PE,1750,1750,1750,1750,1773.8,1,12.67,50,0,19-MAR-2024,
OPTIDX,NIFTY,21-Mar-2024,23650,PE,0,0,0,1637.1,1823.8,0,0,100,0,19-MAR-2024,
OPTIDX,NIFTY,21-Mar-2024,23700,PE,1850,1880.35,1850,1879.15,1879.15,140,1790.48,5150,-4400,19-MAR-2024,
OPTIDX,NIFTY,21-Mar-2024,23750,PE,0,0,0,1696.95,1923.75,0,0,0,0,19-MAR-2024,
OPTIDX,NIFTY,21-Mar-2024,23800,PE,0,0,0,1805.2,1973.75,0,0,100,0,19-MAR-2024,
OPTIDX,NIFTY,21-Mar-2024,23850,PE,0,0,0,1791.45,2023.75,0,0,0,0,19-MAR-2024,
OPTIDX,NIFTY,21-Mar-2024,23900,PE,0,0,0,1839.05,2073.7,0,0,0,0,19-MAR-2024,
OPTIDX,NIFTY,21-Mar-2024,23950,PE,0,0,0,1886.8,2123.7,0,0,0,0,19-MAR-2024,
OPTIDX,NIFTY,21-Mar-2024,24000,PE,0,0,0,1772,2173.7,0,0,1650,0,19-MAR-2024,
OPTIDX,NIFTY,21-Mar-2024,24050,PE,0,0,0,1982.85,2223.65,0,0,0,0,19-MAR-2024,
OPTIDX,NIFTY,21-Mar-2024,24100,PE,0,0,0,2031.1,2273.65,0,0,0,0,19-MAR-2024,
OPTIDX,NIFTY,21-Mar-2024,24150,PE,0,0,0,2079.5,2323.6,0,0,0,0,19-MAR-2024,
OPTIDX,NIFTY,21-Mar-2024,24200,PE,0,0,0,2128.05,2373.6,0,0,0,0,19-MAR-2024,
OPTIDX,NIFTY,21-Mar-2024,24250,PE,0,0,0,2176.7,2423.6,0,0,0,0,19-MAR-2024,
OPTIDX,NIFTY,28-Mar-2024,14000,CE,7868.45,7968.1,7856.75,7885,7885,21,229.97,320450,-600,19-MAR-2024,
OPTIDX,NIFTY,28-Mar-2024,15000,CE,7010,7010,6840,6852.3,6852.3,155,1697.15,32150,7200,19-MAR-2024,
OPTIDX,NIFTY,28-Mar-2024,16000,CE,5908,5930,5880,5880,5880,7,76.65,24200,-250,19-MAR-2024,
OPTIDX,NIFTY,28-Mar-2024,17000,CE,5040,5040,4880,4919,4919,36,394.68,78000,-1200,19-MAR-2024,
OPTIDX,NIFTY,28-Mar-2024,18000,CE,4045.05,4064.25,3877.8,3892.85,3892.85,1088,11928.65,400100,-45500,19-MAR-2024,
OPTIDX,NIFTY,28-Mar-2024,19000,CE,3083.1,3083.1,2858.15,2883.45,2883.45,1330,14577.19,509700,-36600,19-MAR-2024,
OPTIDX,NIFTY,28-Mar-2024,19500,CE,2587.85,2587.85,2370,2387.8,2387.8,224,2454.65,97050,-9000,19-MAR-2024,
OPTIDX,NIFTY,28-Mar-2024,19550,CE,2357,2357,2355,2355,2299.95,15,164.29,3000,-750,19-MAR-2024,
OPTIDX,NIFTY,28-Mar-2024,19600,CE,2340,2357.45,2340,2357.45,2250.05,4,43.89,5550,-100,19-MAR-2024,
OPTIDX,NIFTY,28-Mar-2024,19650,CE,0,0,0,2820,2200.15,0,0,800,0,19-MAR-2024,
OPTIDX,NIFTY,28-Mar-2024,19700,CE,0,0,0,2355,2150.2,0,0,10250,0,19-MAR-2024,
OPTIDX,NIFTY,28-Mar-2024,19750,CE,2251.5,2251.5,2251.5,2251.5,2100.3,1,11,200,0,19-MAR-2024,
OPTIDX,NIFTY,28-Mar-2024,19800,CE,2175,2175,2075,2104.3,2050.4,7,76.74,9850,0,19-MAR-2024,
OPTIDX,NIFTY,28-Mar-2024,19850,CE,0,0,0,2204.45,2000.45,0,0,150,0,19-MAR-2024,
OPTIDX,NIFTY,28-Mar-2024,19900,CE,2144.4,2144.4,2000,2000,1950.55,19,208.69,6300,-350,19-MAR-2024,
OPTIDX,NIFTY,28-Mar-2024,19950,CE,0,0,0,2183.9,1900.65,0,0,150,0,19-MAR-2024,
OPTIDX,NIFTY,28-Mar-2024,20000,CE,2085.05,2085.05,1864.5,1883.4,1883.4,7486,82161.65,688450,-100250,19-MAR-2024,
OPTIDX,NIFTY,28-Mar-2024,20050,CE,0,0,0,2110,1800.8,0,0,1600,0,19-MAR-2024,
OPTIDX,NIFTY,28-Mar-2024,20100,CE,1925,1925,1925,1925,1750.9,2,22.02,3450,-100,19-MAR-2024,
OPTIDX,NIFTY,28-Mar-2024,20150,CE,1805.55,1805.55,1805.55,1805.55,1700.95,1,10.97,600,50,19-MAR-2024,
OPTIDX,NIFTY,28-Mar-2024,20200,CE,1740,1740,1700,1700,1651.05,4,43.86,16950,-200,19-MAR-2024,
OPTIDX,NIFTY,28-Mar-2024,20250,CE,0,0,0,1928.45,1601.15,0,0,150,0,19-MAR-2024,
OPTIDX,NIFTY,28-Mar-2024,20300,CE,1776,1776,1564.65,1564.65,1564.65,12,131.65,7650,-550,19-MAR-2024,
OPTIDX,NIFTY,28-Mar-2024,20350,CE,0,0,0,1728.95,1501.3,0,0,650,0,19-MAR-2024,
OPTIDX,NIFTY,28-Mar-2024,20400,CE,1665.65,1665.65,1481.75,1489.25,1489.25,90,986.74,5350,-3100,19-MAR-2024,
OPTIDX,NIFTY,28-Mar-2024,20450,CE,0,0,0,1647.2,1401.5,0,0,600,0,19-MAR-2024,
OPTIDX,NIFTY,28-Mar-2024,20500,CE,1595.35,1595.35,1371.15,1391.7,1391.7,734,8054.25,162300,-15150,19-MAR-2024,
OPTIDX,NIFTY,28-Mar-2024,20550,CE,1347,1360,1347,1357,1301.7,31,339.54,2350,1200,19-MAR-2024,
OPTIDX,NIFTY,28-Mar-2024,20600,CE,1440,1440,1276.75,1282.4,1282.4,154,1686.47,44750,-1950,19-MAR-2024,
OPTIDX,NIFTY,28-Mar-2024,20650,CE,0,0,0,1491.25,1202,0,0,1400,0,19-MAR-2024,
OPTIDX,NIFTY,28-Mar-2024,20700,CE,1330,1330,1178.1,1185.05,1185.05,35,383.75,19200,-1100,19-MAR-2024,
OPTIDX,NIFTY,28-Mar-2024,20750,CE,0,0,0,1380,1102.4,0,0,2500,0,19-MAR-2024,
OPTIDX,NIFTY,28-Mar-2024,20800,CE,1210,1214.3,1080,1081.35,1081.35,51,559.48,31150,-1800,19-MAR-2024,
OPTIDX,NIFTY,28-Mar-2024,20850,CE,0,0,0,1335,1003.15,0,0,1550,0,19-MAR-2024,
OPTIDX,NIFTY,28-Mar-2024,20900,CE,1117,1144,1011,1033.55,953.65,23,252.91,10800,-1050,19-MAR-2024,
OPTIDX,NIFTY,28-Mar-2024,20950,CE,0,0,0,1221.8,904.4,0,0,700,0,19-MAR-2024,
OPTIDX,NIFTY,28-Mar-2024,21000,CE,1065.05,1075.55,880,899.45,899.45,7217,79217.15,1018400,-109900,19-MAR-2024,
OPTIDX,NIFTY,28-Mar-2024,21050,CE,0,0,0,1097.15,806.55,0,0,1900,0,19-MAR-2024,
OPTIDX,NIFTY,28-Mar-2024,21100,CE,980,980,789,801.35,801.35,193,2116.42,24800,5500,19-MAR-2024,
OPTIDX,NIFTY,28-Mar-2024,21150,CE,0,0,0,924.6,710.3,0,0,1550,0,19-MAR-2024,
OPTIDX,NIFTY,28-Mar-2024,21200,CE,833,858.05,698,708.45,708.45,1880,20599.61,117100,20550,19-MAR-2024,
OPTIDX,NIFTY,28-Mar-2024,21250,CE,791,809.1,656.95,658.75,658.75,76,834.41,5900,-600,19-MAR-2024,
OPTIDX,NIFTY,28-Mar-2024,21300,CE,750,760.7,606,618.35,618.35,246,2700.76,29650,300,19-MAR-2024,
OPTIDX,NIFTY,28-Mar-2024,21350,CE,720,720,574.3,574.3,574.3,7,76.9,4900,200,19-MAR-2024,
OPTIDX,NIFTY,28-Mar-2024,21400,CE,682.35,693.05,519.9,534.1,534.1,1005,11037.45,53200,-1150,19-MAR-2024,
OPTIDX,NIFTY,28-Mar-2024,21450,CE,665.65,665.65,477.35,493.85,493.85,792,8698.5,9700,4800,19-MAR-2024,
OPTIDX,NIFTY,28-Mar-2024,21500,CE,617.85,617.85,436.5,448.9,448.9,8991,98858.77,506800,40650,19-MAR-2024,
OPTIDX,NIFTY,28-Mar-2024,21550,CE,548,548,395.85,407.55,407.55,544,5991.58,14600,5250,19-MAR-2024,
OPTIDX,NIFTY,28-Mar-2024,21600,CE,530.95,530.95,358.45,370.85,370.85,5848,64337.34,141250,39450,19-MAR-2024,
OPTIDX,NIFTY,28-Mar-2024,21650,CE,444,460,321.8,334.2,334.2,616,6777.12,33700,8800,19-MAR-2024,
OPTIDX,NIFTY,28-Mar-2024,21700,CE,449.8,449.8,288.05,299.8,299.8,12973,142922.8,195750,63400,19-MAR-2024,
OPTIDX,NIFTY,28-Mar-2024,21750,CE,390,396.55,257,267.25,267.25,4415,48646.39,51250,29550,19-MAR-2024,
OPTIDX,NIFTY,28-Mar-2024,21800,CE,374.4,374.4,225.8,235.7,235.7,62824,693064.99,566300,330650,19-MAR-2024,
OPTIDX,NIFTY,28-Mar-2024,21850,CE,330,336.45,198.3,207.1,207.1,28238,311808.37,186800,158550,19-MAR-2024,
OPTIDX,NIFTY,28-Mar-2024,21900,CE,295,303.4,171.7,180.4,180.4,132906,1469455.54,1418250,1125400,19-MAR-2024,
OPTIDX,NIFTY,28-Mar-2024,21950,CE,273.15,273.15,148.9,156.7,156.7,39027,432021.46,347550,218100,19-MAR-2024,
OPTIDX,NIFTY,28-Mar-2024,22000,CE,244.05,244.05,127.1,134.7,134.7,313537,3474839.93,4003550,1593050,19-MAR-2024,
OPTIDX,NIFTY,28-Mar-2024,22050,CE,216.1,216.1,108.2,114.95,114.95,35421,393188.4,301750,122500,19-MAR-2024,
OPTIDX,NIFTY,28-Mar-2024,22100,CE,180,190.45,91.7,97.05,97.05,110454,1227611.38,1318800,236800,19-MAR-2024,
OPTIDX,NIFTY,28-Mar-2024,22150,CE,163.5,165.5,77.05,81.5,81.5,33299,370661.47,292250,30350,19-MAR-2024,
OPTIDX,NIFTY,28-Mar-2024,22200,CE,128.8,138.9,64.35,68,68,155504,1733412.63,2266000,-259400,19-MAR-2024,
OPTIDX,NIFTY,28-Mar-2024,22250,CE,122.8,126.1,53,56.25,56.25,35340,394439.61,302750,102250,19-MAR-2024,
OPTIDX,NIFTY,28-Mar-2024,22300,CE,99.95,100,43.85,46.9,46.9,134010,1498502.12,1726700,254050,19-MAR-2024,
OPTIDX,NIFTY,28-Mar-2024,22350,CE,90.35,90.35,35.7,38.05,38.05,40818,457206.92,284550,10550,19-MAR-2024,
OPTIDX,NIFTY,28-Mar-2024,22400,CE,60,72.55,29.25,31.2,31.2,116309,1305292.29,1575050,34150,19-MAR-2024,
OPTIDX,NIFTY,28-Mar-2024,22450,CE,56,59.6,23.7,25.1,25.1,35178,395505.76,291000,95150,19-MAR-2024,
OPTIDX,NIFTY,28-Mar-2024,22500,CE,47.65,54.65,19.4,20.65,20.65,160951,1813024.43,2646400,263050,19-MAR-2024,
OPTIDX,NIFTY,28-Mar-2024,22550,CE,44.35,44.4,15.6,16.45,16.45,36584,412915.67,313800,-3900,19-MAR-2024,
OPTIDX,NIFTY,28-Mar-2024,22600,CE,30,35,12.75,13.3,13.3,103676,1172530.62,1419850,64750,19-MAR-2024,
OPTIDX,NIFTY,28-Mar-2024,22650,CE,25,25,10.15,10.65,10.65,37967,430250.01,489650,248750,19-MAR-2024,
OPTIDX,NIFTY,28-Mar-2024,22700,CE,15.75,20.25,8.35,8.85,8.85,113241,1286000.71,1515800,55950,19-MAR-2024,
OPTIDX,NIFTY,28-Mar-2024,22750,CE,15.2,17.15,7.2,7.6,7.6,28891,328784.82,385000,47250,19-MAR-2024,
OPTIDX,NIFTY,28-Mar-2024,22800,CE,13.9,13.9,5.35,6.25,6.25,109525,1249071.5,1719050,148850,19-MAR-2024,
OPTIDX,NIFTY,28-Mar-2024,22850,CE,12.65,12.65,5.05,5.5,5.5,20072,229391.66,218650,-53050,19-MAR-2024,
OPTIDX,NIFTY,28-Mar-2024,22900,CE,9.75,15,4.4,4.8,4.8,54982,629715.82,844300,-313050,19-MAR-2024,
OPTIDX,NIFTY,28-Mar-2024,22950,CE,8.4,8.6,4.1,4.5,4.5,10391,119265.62,161350,-13000,19-MAR-2024,
OPTIDX,NIFTY,28-Mar-2024,23000,CE,8.15,8.15,2.9,4.05,4.05,89650,1031199.67,3345100,-197400,19-MAR-2024,
OPTIDX,NIFTY,28-Mar-2024,23050,CE,5.9,5.9,3.25,3.6,3.6,8148,93923.43,149800,-8450,19-MAR-2024,
OPTIDX,NIFTY,28-Mar-2024,23100,CE,5.8,5.8,2.85,3.3,3.3,19936,230297.22,633000,-41750,19-MAR-2024,
OPTIDX,NIFTY,28-Mar-2024,23150,CE,4.05,4.3,2.85,3.1,3.1,3010,34846.06,111300,8450,19-MAR-2024,
OPTIDX,NIFTY,28-Mar-2024,23200,CE,3.45,3.85,2.6,2.95,2.95,34881,404677.3,669350,-557300,19-MAR-2024,
OPTIDX,NIFTY,28-Mar-2024,23250,CE,3.5,3.6,2.6,2.9,2.9,3401,39542.06,74400,3850,19-MAR-2024,
OPTIDX,NIFTY,28-Mar-2024,23300,CE,2.5,3.35,2.5,2.85,2.85,9920,115582.65,261300,-54250,19-MAR-2024,
OPTIDX,NIFTY,28-Mar-2024,23350,CE,3.05,3.25,2.55,2.8,2.8,2052,23960.11,94100,12450,19-MAR-2024,
OPTIDX,NIFTY,28-Mar-2024,23400,CE,2.55,3,2.3,2.7,2.7,5662,66253.16,245850,-12000,19-MAR-2024,
OPTIDX,NIFTY,28-Mar-2024,23450,CE,2.75,2.95,2.35,2.8,2.8,2819,33056.54,87850,-28950,19-MAR-2024,
OPTIDX,NIFTY,28-Mar-2024,23500,CE,2.55,2.85,2.2,2.7,2.7,23328,274133.35,1238850,-7600,19-MAR-2024,
OPTIDX,NIFTY,28-Mar-2024,23550,CE,2.15,2.85,2.15,2.6,2.6,419,4934.23,28600,-1450,19-MAR-2024,
OPTIDX,NIFTY,28-Mar-2024,23600,CE,2.25,2.75,1.9,2.6,2.6,2207,26045.3,105800,-17900,19-MAR-2024,
OPTIDX,NIFTY,28-Mar-2024,23650,CE,2.25,2.65,2,2.6,2.6,560,6622.66,21000,-600,19-MAR-2024,
OPTIDX,NIFTY,28-Mar-2024,23700,CE,2,2.7,1.9,2.6,2.6,2909,34475.14,192000,21550,19-MAR-2024,
OPTIDX,NIFTY,28-Mar-2024,23750,CE,2.05,2.75,1.7,2.25,2.25,438,5201.73,17850,750,19-MAR-2024,
OPTIDX,NIFTY,28-Mar-2024,23800,CE,1.9,2.55,1.85,2.3,2.3,5219,62112.1,120400,-4700,19-MAR-2024,
OPTIDX,NIFTY,28-Mar-2024,23850,CE,1.9,2.6,1.85,2.35,2.35,810,9660.12,32400,950,19-MAR-2024,
OPTIDX,NIFTY,28-Mar-2024,23900,CE,2.05,2.6,1.95,2.5,2.5,2537,30319.97,64050,-1950,19-MAR-2024,
OPTIDX,NIFTY,28-Mar-2024,23950,CE,1.85,2.45,1.7,2.25,2.25,466,5580.84,24900,1100,19-MAR-2024,
OPTIDX,NIFTY,28-Mar-2024,24000,CE,2.1,2.6,1.9,2.5,2.5,30587,367079.11,2444650,129900,19-MAR-2024,
OPTIDX,NIFTY,28-Mar-2024,24050,CE,1.95,2.5,1.1,2.35,2.35,339,4076.79,6400,-3550,19-MAR-2024,
OPTIDX,NIFTY,28-Mar-2024,24100,CE,1.7,2.65,1.5,2.2,2.2,527,6350.89,42450,50,19-MAR-2024,
OPTIDX,NIFTY,28-Mar-2024,24150,CE,1.85,2.5,1.4,2.35,2.35,156,1883.86,15350,-100,19-MAR-2024,
OPTIDX,NIFTY,28-Mar-2024,24200,CE,1.75,2.4,1.75,2.2,2.2,599,7248.5,28600,-5850,19-MAR-2024,
OPTIDX,NIFTY,28-Mar-2024,24250,CE,1.65,2.45,1.65,2.35,2.35,1120,13581.14,28500,-4750,19-MAR-2024,
OPTIDX,NIFTY,28-Mar-2024,25000,CE,2.1,2.25,1.45,1.9,1.9,9965,124572.4,769150,-2300,19-MAR-2024,
OPTIDX,NIFTY,28-Mar-2024,26000,CE,1.7,1.9,1.2,1.75,1.75,1262,16406.92,197750,-2900,19-MAR-2024,
OPTIDX,NIFTY,28-Mar-2024,27000,CE,1.3,1.85,1.1,1.7,1.7,6195,83637.24,427000,220100,19-MAR-2024,
OPTIDX,NIFTY,28-Mar-2024,14000,PE,0.85,0.85,0.65,0.7,0.7,256,1792.09,174050,1400,19-MAR-2024,
OPTIDX,NIFTY,28-Mar-2024,15000,PE,0.9,1.5,0.65,0.75,0.75,58,435.02,12150,1250,19-MAR-2024,
OPTIDX,NIFTY,28-Mar-2024,16000,PE,1.05,1.5,0.75,1,1,95,760.04,113550,-2050,19-MAR-2024,
OPTIDX,NIFTY,28-Mar-2024,17000,PE,1.5,1.65,1.35,1.5,1.5,426,3621.31,244350,6350,19-MAR-2024,
OPTIDX,NIFTY,28-Mar-2024,18000,PE,1.7,2,1.35,1.6,1.6,4172,37551.62,724300,12600,19-MAR-2024,
OPTIDX,NIFTY,28-Mar-2024,19000,PE,1.35,2,1.35,1.7,1.7,4539,43124.6,1097850,-39950,19-MAR-2024,
OPTIDX,NIFTY,28-Mar-2024,19500,PE,0.65,1.95,0.65,1.55,1.55,1846,18000.04,281850,-8500,19-MAR-2024,
OPTIDX,NIFTY,28-Mar-2024,19550,PE,2.5,2.5,1.35,1.4,1.4,92,899.37,2800,1050,19-MAR-2024,
OPTIDX,NIFTY,28-Mar-2024,19600,PE,1.9,2.4,1.55,1.65,1.65,170,1666.16,33650,-3000,19-MAR-2024,
OPTIDX,NIFTY,28-Mar-2024,19650,PE,2.1,2.55,1.25,1.55,1.55,142,1395.27,3750,850,19-MAR-2024,
OPTIDX,NIFTY,28-Mar-2024,19700,PE,2.6,2.6,1.4,1.8,1.8,425,4186.66,37650,4050,19-MAR-2024,
OPTIDX,NIFTY,28-Mar-2024,19750,PE,2.05,2.4,1.7,1.8,1.8,271,2676.4,6900,3600,19-MAR-2024,
OPTIDX,NIFTY,28-Mar-2024,19800,PE,2.15,2.4,1.85,2,2,978,9683.23,78100,-1250,19-MAR-2024,
OPTIDX,NIFTY,28-Mar-2024,19850,PE,2.7,2.75,1.7,2,2,324,3216.05,8550,5750,19-MAR-2024,
OPTIDX,NIFTY,28-Mar-2024,19900,PE,2.4,2.75,1.8,2,2,591,5881.12,52200,7050,19-MAR-2024,
OPTIDX,NIFTY,28-Mar-2024,19950,PE,2.45,3.2,1.75,2.05,2.05,325,3242.26,5400,4250,19-MAR-2024,
OPTIDX,NIFTY,28-Mar-2024,20000,PE,1.8,3.25,1.8,2.35,2.35,40721,407263.38,3781250,-170550,19-MAR-2024,
OPTIDX,NIFTY,28-Mar-2024,20050,PE,2.55,2.95,2.15,2.35,2.35,281,2817.38,14000,3600,19-MAR-2024,
OPTIDX,NIFTY,28-Mar-2024,20100,PE,2.35,2.9,1.6,2.3,2.3,2654,26676.09,105050,-19850,19-MAR-2024,
OPTIDX,NIFTY,28-Mar-2024,20150,PE,2.75,2.95,1.8,2.35,2.35,1244,12534.94,17600,13950,19-MAR-2024,
OPTIDX,NIFTY,28-Mar-2024,20200,PE,2.85,3.15,2.4,2.6,2.6,4660,47072.47,155250,-43000,19-MAR-2024,
OPTIDX,NIFTY,28-Mar-2024,20250,PE,3,3.15,2.3,2.55,2.55,1613,16333.93,22700,14450,19-MAR-2024,
OPTIDX,NIFTY,28-Mar-2024,20300,PE,3.05,3.4,2.2,2.65,2.65,5623,57081.27,172250,-10200,19-MAR-2024,
OPTIDX,NIFTY,28-Mar-2024,20350,PE,2.95,3.65,2.6,3,3,2099,21360.61,57750,-3700,19-MAR-2024,
OPTIDX,NIFTY,28-Mar-2024,20400,PE,2.85,3.75,2.5,2.95,2.95,9749,99454.5,259950,-81150,19-MAR-2024,
OPTIDX,NIFTY,28-Mar-2024,20450,PE,4.2,4.2,2.95,3.45,3.45,1627,16638.99,15650,4800,19-MAR-2024,
OPTIDX,NIFTY,28-Mar-2024,20500,PE,3.3,4.55,3.05,3.65,3.65,27880,285821.56,1267300,21950,19-MAR-2024,
OPTIDX,NIFTY,28-Mar-2024,20550,PE,3.9,5.05,3.5,4.15,4.15,1791,18406.23,39400,19300,19-MAR-2024,
OPTIDX,NIFTY,28-Mar-2024,20600,PE,4.05,5.5,2.55,4.45,4.45,8805,90711.43,190950,54650,19-MAR-2024,
OPTIDX,NIFTY,28-Mar-2024,20650,PE,5.35,6.2,4.2,5,5,4629,47806.12,56750,-4350,19-MAR-2024,
OPTIDX,NIFTY,28-Mar-2024,20700,PE,5.4,6.5,4.1,5.35,5.35,15913,164741.84,408900,73550,19-MAR-2024,
OPTIDX,NIFTY,28-Mar-2024,20750,PE,6.05,7.8,5.05,6.15,6.15,5044,52347.04,73400,24500,19-MAR-2024,
OPTIDX,NIFTY,28-Mar-2024,20800,PE,5.2,8.8,5.05,7,7,23750,247083.66,489150,72350,19-MAR-2024,
OPTIDX,NIFTY,28-Mar-2024,20850,PE,6.8,10.15,6.55,7.95,7.95,5379,56097.94,47050,950,19-MAR-2024,
OPTIDX,NIFTY,28-Mar-2024,20900,PE,5.85,11.5,5.85,9.3,9.3,28246,295300.15,463150,64300,19-MAR-2024,
OPTIDX,NIFTY,28-Mar-2024,20950,PE,7.95,13.6,7.95,10.95,10.95,12630,132367.35,156750,53550,19-MAR-2024,
OPTIDX,NIFTY,28-Mar-2024,21000,PE,10,16.15,9,12.8,12.8,96309,1011850.75,4441300,-31750,19-MAR-2024,
OPTIDX,NIFTY,28-Mar-2024,21050,PE,9.5,18.35,9.5,14.55,14.55,14216,149724.6,153700,50950,19-MAR-2024,
OPTIDX,NIFTY,28-Mar-2024,21100,PE,10.35,20.95,10.3,16.8,16.8,35260,372285.68,485100,56650,19-MAR-2024,
OPTIDX,NIFTY,28-Mar-2024,21150,PE,13,24.3,12.65,19.6,19.6,14080,149030.71,125750,22200,19-MAR-2024,
OPTIDX,NIFTY,28-Mar-2024,21200,PE,13.9,28.1,13.05,22.85,22.85,60964,646887.29,1048100,31650,19-MAR-2024,
OPTIDX,NIFTY,28-Mar-2024,21250,PE,17,32.95,17,27,27,17933,190773.72,181850,36750,19-MAR-2024,
OPTIDX,NIFTY,28-Mar-2024,21300,PE,20.05,38.35,19.1,31.3,31.3,60113,641103.37,1085500,39350,19-MAR-2024,
OPTIDX,NIFTY,28-Mar-2024,21350,PE,25.5,44.75,24.3,37.45,37.45,18461,197403.12,164600,36450,19-MAR-2024,
OPTIDX,NIFTY,28-Mar-2024,21400,PE,26.65,52.25,25.35,43.95,43.95,55825,598481.23,919800,132600,19-MAR-2024,
OPTIDX,NIFTY,28-Mar-2024,21450,PE,30.85,60.8,29.3,51.6,51.6,20803,223625.95,146850,-4200,19-MAR-2024,
OPTIDX,NIFTY,28-Mar-2024,21500,PE,39.95,70.7,34.1,60.55,60.55,159782,1722223.16,2993500,142650,19-MAR-2024,
OPTIDX,NIFTY,28-Mar-2024,21550,PE,43.9,81.55,43.9,70.8,70.8,25139,271705.77,146350,13650,19-MAR-2024,
OPTIDX,NIFTY,28-Mar-2024,21600,PE,51.15,94.4,49.8,82.45,82.45,90176,977367.07,1034300,91650,19-MAR-2024,
OPTIDX,NIFTY,28-Mar-2024,21650,PE,60,109,58.4,96.65,96.65,24207,263100.25,255950,28450,19-MAR-2024,
OPTIDX,NIFTY,28-Mar-2024,21700,PE,58.3,124.9,58.3,111.55,111.55,106928,1165615.45,1843200,214400,19-MAR-2024,
OPTIDX,NIFTY,28-Mar-2024,21750,PE,78.9,142.9,78.9,128.3,128.3,22897,250360.3,201150,21050,19-MAR-2024,
OPTIDX,NIFTY,28-Mar-2024,21800,PE,86.7,163.45,85,148,148,187244,2053875.99,2163550,573700,19-MAR-2024,
OPTIDX,NIFTY,28-Mar-2024,21850,PE,105,185.05,105,168.6,168.6,53802,592010.73,243200,60050,19-MAR-2024,
OPTIDX,NIFTY,28-Mar-2024,21900,PE,127.05,209,117.1,191.5,191.5,186492,2058521.13,1585550,441900,19-MAR-2024,
OPTIDX,NIFTY,28-Mar-2024,21950,PE,139.7,235,132,217.1,217.1,41428,458767.79,241650,-13050,19-MAR-2024,
OPTIDX,NIFTY,28-Mar-2024,22000,PE,157.45,262.65,156.2,244.7,244.7,267608,2973066.99,4061300,400000,19-MAR-2024,
OPTIDX,NIFTY,28-Mar-2024,22050,PE,173.05,293.3,172.95,274.85,274.85,23276,259374.61,188350,-38400,19-MAR-2024,
OPTIDX,NIFTY,28-Mar-2024,22100,PE,215.8,326.9,200.7,307.65,307.65,57617,644412.37,915600,-355400,19-MAR-2024,
OPTIDX,NIFTY,28-Mar-2024,22150,PE,225,361.45,225,342.8,342.8,11235,126072.36,79750,-186450,19-MAR-2024,
OPTIDX,NIFTY,28-Mar-2024,22200,PE,274.7,399,257,379.35,379.35,58512,658910.92,1370400,-664900,19-MAR-2024,
OPTIDX,NIFTY,28-Mar-2024,22250,PE,288.8,432.45,287.9,418.2,418.2,3856,43618.64,74850,-25850,19-MAR-2024,
OPTIDX,NIFTY,28-Mar-2024,22300,PE,324.65,475.45,323.5,456.1,456.1,18981,215502.08,893200,-128550,19-MAR-2024,
OPTIDX,NIFTY,28-Mar-2024,22350,PE,372.05,514.2,363.8,494.85,494.85,1586,18061.25,76550,-7900,19-MAR-2024,
OPTIDX,NIFTY,28-Mar-2024,22400,PE,408.3,561,386.95,541.95,541.95,8743,99987.48,621500,-119850,19-MAR-2024,
OPTIDX,NIFTY,28-Mar-2024,22450,PE,448.4,601.2,436.4,585.95,585.95,880,10105.06,48700,-9000,19-MAR-2024,
OPTIDX,NIFTY,28-Mar-2024,22500,PE,493.35,650,439.55,629.95,629.95,12745,147067.05,1228650,-116650,19-MAR-2024,
OPTIDX,NIFTY,28-Mar-2024,22550,PE,528.95,677.3,528.95,677,677,100,1158.42,44700,-1600,19-MAR-2024,
OPTIDX,NIFTY,28-Mar-2024,22600,PE,574.05,741.9,559.05,730.45,730.45,1126,13105.96,139300,-17900,19-MAR-2024,
OPTIDX,NIFTY,28-Mar-2024,22650,PE,633.85,771,633.8,768.85,768.85,19,222.01,15900,-550,19-MAR-2024,
OPTIDX,NIFTY,28-Mar-2024,22700,PE,651.4,831.3,651.4,819.85,819.85,1092,12809.09,76050,-18850,19-MAR-2024,
OPTIDX,NIFTY,28-Mar-2024,22750,PE,687.5,857.85,682.85,812.95,897.65,173,2033.69,27300,-6450,19-MAR-2024,
OPTIDX,NIFTY,28-Mar-2024,22800,PE,754.95,931,751,913.25,913.25,545,6444.33,57450,-6800,19-MAR-2024,
OPTIDX,NIFTY,28-Mar-2024,22850,PE,820.75,945,814.3,945,996.1,59,699.98,17700,-1050,19-MAR-2024,
OPTIDX,NIFTY,28-Mar-2024,22900,PE,868.2,1017.65,857.9,1010.8,1010.8,352,4192.9,23750,-1800,19-MAR-2024,
OPTIDX,NIFTY,28-Mar-2024,22950,PE,1060,1060,1007,1007,1095.15,3,35.98,19600,50,19-MAR-2024,
OPTIDX,NIFTY,28-Mar-2024,23000,PE,900,1135.05,900,1115.3,1115.3,2408,28948.15,942100,-19200,19-MAR-2024,
OPTIDX,NIFTY,28-Mar-2024,23050,PE,0,0,0,916.1,1194.6,0,0,11200,0,19-MAR-2024,
OPTIDX,NIFTY,28-Mar-2024,23100,PE,1123.15,1219,1123.15,1218.5,1218.5,97,1178.46,24700,-950,19-MAR-2024,
OPTIDX,NIFTY,28-Mar-2024,23150,PE,0,0,0,899.65,1294.25,0,0,6400,0,19-MAR-2024,
OPTIDX,NIFTY,28-Mar-2024,23200,PE,1267,1330,1245,1287.15,1344.1,72,881.81,114550,-350,19-MAR-2024,
OPTIDX,NIFTY,28-Mar-2024,23250,PE,0,0,0,998.85,1393.95,0,0,9650,0,19-MAR-2024,
OPTIDX,NIFTY,28-Mar-2024,23300,PE,1360,1360.1,1360,1360.1,1443.85,3,36.99,3650,0,19-MAR-2024,
OPTIDX,NIFTY,28-Mar-2024,23350,PE,0,0,0,1098.55,1493.75,0,0,800,0,19-MAR-2024,
OPTIDX,NIFTY,28-Mar-2024,23400,PE,0,0,0,1223.1,1543.65,0,0,2650,0,19-MAR-2024,
OPTIDX,NIFTY,28-Mar-2024,23450,PE,0,0,0,1200,1593.55,0,0,850,0,19-MAR-2024,
OPTIDX,NIFTY,28-Mar-2024,23500,PE,1400,1625,1400,1614.9,1614.9,312,3906.24,255800,-2950,19-MAR-2024,
OPTIDX,NIFTY,28-Mar-2024,23550,PE,0,0,0,969.5,1693.4,0,0,800,0,19-MAR-2024,
OPTIDX,NIFTY,28-Mar-2024,23600,PE,0,0,0,1553.25,1743.3,0,0,250,0,19-MAR-2024,
OPTIDX,NIFTY,28-Mar-2024,23650,PE,0,0,0,1621.9,1793.2,0,0,0,0,19-MAR-2024,
OPTIDX,NIFTY,28-Mar-2024,23700,PE,0,0,0,1614.9,1843.15,0,0,850,0,19-MAR-2024,
OPTIDX,NIFTY,28-Mar-2024,23750,PE,0,0,0,1149.65,1893.05,0,0,100,0,19-MAR-2024,
OPTIDX,NIFTY,28-Mar-2024,23800,PE,0,0,0,1706.45,1942.95,0,0,1100,0,19-MAR-2024,
OPTIDX,NIFTY,28-Mar-2024,23850,PE,0,0,0,1717.1,1992.9,0,0,50,0,19-MAR-2024,
OPTIDX,NIFTY,28-Mar-2024,23900,PE,0,0,0,1814.9,2042.8,0,0,500,0,19-MAR-2024,
OPTIDX,NIFTY,28-Mar-2024,23950,PE,0,0,0,1376.7,2092.7,0,0,100,0,19-MAR-2024,
OPTIDX,NIFTY,28-Mar-2024,24000,PE,1949,2131.6,1949,2107,2107,1658,21598.93,508000,-9350,19-MAR-2024,
OPTIDX,NIFTY,28-Mar-2024,24050,PE,0,0,0,1472.85,2192.55,0,0,50,0,19-MAR-2024,
OPTIDX,NIFTY,28-Mar-2024,24100,PE,0,0,0,1993,2242.45,0,0,1050,0,19-MAR-2024,
OPTIDX,NIFTY,28-Mar-2024,24150,PE,0,0,0,1570.35,2292.4,0,0,50,0,19-MAR-2024,
OPTIDX,NIFTY,28-Mar-2024,24200,PE,0,0,0,2004.1,2342.3,0,0,150,0,19-MAR-2024,
OPTIDX,NIFTY,28-Mar-2024,24250,PE,0,0,0,2127.65,2392.2,0,0,0,0,19-MAR-2024,
OPTIDX,NIFTY,28-Mar-2024,25000,PE,2944,3118,2944,3098.2,3098.2,110,1543.64,378600,-2200,19-MAR-2024,
OPTIDX,NIFTY,28-Mar-2024,26000,PE,3980,4104,3940,4087.45,4087.45,56,841.21,50450,2000,19-MAR-2024,
OPTIDX,NIFTY,28-Mar-2024,27000,PE,4960,5085,4960,5060.3,5137.65,5,80.02,11450,-150,19-MAR-2024,
OPTIDX,NIFTY,04-Apr-2024,20200,CE,0,0,0,2194.85,1677.25,0,0,0,0,19-MAR-2024,
OPTIDX,NIFTY,04-Apr-2024,20250,CE,0,0,0,2146.35,1627.5,0,0,0,0,19-MAR-2024,
OPTIDX,NIFTY,04-Apr-2024,20300,CE,0,0,0,2098,1577.7,0,0,0,0,19-MAR-2024,
OPTIDX,NIFTY,04-Apr-2024,20350,CE,0,0,0,2049.8,1527.95,0,0,0,0,19-MAR-2024,
OPTIDX,NIFTY,04-Apr-2024,20400,CE,0,0,0,2001.75,1478.25,0,0,0,0,19-MAR-2024,
OPTIDX,NIFTY,04-Apr-2024,20450,CE,0,0,0,1953.85,1428.6,0,0,0,0,19-MAR-2024,
OPTIDX,NIFTY,04-Apr-2024,20500,CE,0,0,0,1906.2,1379,0,0,0,0,19-MAR-2024,
OPTIDX,NIFTY,04-Apr-2024,20550,CE,0,0,0,1858.7,1329.5,0,0,0,0,19-MAR-2024,
OPTIDX,NIFTY,04-Apr-2024,20600,CE,0,0,0,1811.45,1280.05,0,0,0,0,19-MAR-2024,
OPTIDX,NIFTY,04-Apr-2024,20650,CE,0,0,0,1764.45,1230.75,0,0,0,0,19-MAR-2024,
OPTIDX,NIFTY,04-Apr-2024,20700,CE,0,0,0,1717.7,1181.6,0,0,0,0,19-MAR-2024,
OPTIDX,NIFTY,04-Apr-2024,20750,CE,0,0,0,1671.25,1132.65,0,0,0,0,19-MAR-2024,
OPTIDX,NIFTY,04-Apr-2024,20800,CE,0,0,0,1625.15,1083.95,0,0,0,0,19-MAR-2024,
OPTIDX,NIFTY,04-Apr-2024,20850,CE,0,0,0,1579.3,1035.5,0,0,0,0,19-MAR-2024,
OPTIDX,NIFTY,04-Apr-2024,20900,CE,0,0,0,1533.85,987.35,0,0,0,0,19-MAR-2024,
OPTIDX,NIFTY,04-Apr-2024,20950,CE,0,0,0,1488.75,939.6,0,0,0,0,19-MAR-2024,
OPTIDX,NIFTY,04-Apr-2024,21000,CE,1149,1153.05,990,991.2,991.2,91,1003.2,3450,2200,19-MAR-2024,
OPTIDX,NIFTY,04-Apr-2024,21050,CE,0,0,0,1399.75,845.55,0,0,0,0,19-MAR-2024,
OPTIDX,NIFTY,04-Apr-2024,21100,CE,0,0,0,1151.45,799.4,0,0,150,0,19-MAR-2024,
OPTIDX,NIFTY,04-Apr-2024,21150,CE,0,0,0,1312.55,753.95,0,0,0,0,19-MAR-2024,
OPTIDX,NIFTY,04-Apr-2024,21200,CE,825,866.85,825,829.4,829.4,3,33.06,400,100,19-MAR-2024,
OPTIDX,NIFTY,04-Apr-2024,21250,CE,0,0,0,1227.35,665.4,0,0,0,0,19-MAR-2024,
OPTIDX,NIFTY,04-Apr-2024,21300,CE,0,0,0,1185.55,622.55,0,0,0,0,19-MAR-2024,
OPTIDX,NIFTY,04-Apr-2024,21350,CE,0,0,0,1144.3,580.75,0,0,0,0,19-MAR-2024,
OPTIDX,NIFTY,04-Apr-2024,21400,CE,681.45,681.45,634.75,640.5,640.5,4,44.12,650,0,19-MAR-2024,
OPTIDX,NIFTY,04-Apr-2024,21450,CE,0,0,0,1063.6,500.7,0,0,0,0,19-MAR-2024,
OPTIDX,NIFTY,04-Apr-2024,21500,CE,680.05,690,548,561.3,561.3,2425,26803.88,174750,86400,19-MAR-2024,
OPTIDX,NIFTY,04-Apr-2024,21550,CE,0,0,0,695,426.05,0,0,500,0,19-MAR-2024,
OPTIDX,NIFTY,04-Apr-2024,21600,CE,590,590,478.25,483.6,483.6,292,3226.77,12650,10350,19-MAR-2024,
OPTIDX,NIFTY,04-Apr-2024,21650,CE,0,0,0,911,357.45,0,0,0,0,19-MAR-2024,
OPTIDX,NIFTY,04-Apr-2024,21700,CE,538.95,538.95,400.9,414.45,414.45,672,7439.32,31150,15250,19-MAR-2024,
OPTIDX,NIFTY,04-Apr-2024,21750,CE,476.1,476.1,369.85,378.55,378.55,392,4340.89,6850,6850,19-MAR-2024,
OPTIDX,NIFTY,04-Apr-2024,21800,CE,493.3,493.3,336.65,347.15,347.15,4013,44482.86,117050,67200,19-MAR-2024,
OPTIDX,NIFTY,04-Apr-2024,21850,CE,402.05,408.65,307.5,314.75,314.75,1141,12658.68,20050,16400,19-MAR-2024,
OPTIDX,NIFTY,04-Apr-2024,21900,CE,390,401,277.15,285.55,285.55,4582,50901.33,80450,38750,19-MAR-2024,
OPTIDX,NIFTY,04-Apr-2024,21950,CE,385.95,385.95,251,259.05,259.05,968,10766.18,19350,11250,19-MAR-2024,
OPTIDX,NIFTY,04-Apr-2024,22000,CE,337.05,338.3,225.5,233.7,233.7,14184,157875.29,648050,141250,19-MAR-2024,
OPTIDX,NIFTY,04-Apr-2024,22050,CE,312.95,312.95,201.8,208.35,208.35,5070,56503.61,172450,159300,19-MAR-2024,
OPTIDX,NIFTY,04-Apr-2024,22100,CE,303.6,303.6,180,191.45,191.45,15013,167456.93,860050,470150,19-MAR-2024,
OPTIDX,NIFTY,04-Apr-2024,22150,CE,273.8,273.8,158.8,164.65,164.65,907,10127.68,227500,3100,19-MAR-2024,
OPTIDX,NIFTY,04-Apr-2024,22200,CE,225,225,140,145.5,145.5,16857,188582.72,1085650,386200,19-MAR-2024,
OPTIDX,NIFTY,04-Apr-2024,22250,CE,210,210,122.6,127.6,127.6,5214,58437.1,584250,128100,19-MAR-2024,
OPTIDX,NIFTY,04-Apr-2024,22300,CE,211.6,211.6,106.1,110.7,110.7,7209,80839.52,346100,-600,19-MAR-2024,
OPTIDX,NIFTY,04-Apr-2024,22350,CE,148.5,151.65,92.1,95.3,95.3,1205,13532.25,234800,6750,19-MAR-2024,
OPTIDX,NIFTY,04-Apr-2024,22400,CE,132.55,137.45,79.3,82.45,82.45,6462,72689.2,205950,21950,19-MAR-2024,
OPTIDX,NIFTY,04-Apr-2024,22450,CE,140.7,140.7,63.9,69.3,69.3,1099,12380.25,129600,6700,19-MAR-2024,
OPTIDX,NIFTY,04-Apr-2024,22500,CE,120,120,57.15,59.2,59.2,43571,491741.74,946650,127000,19-MAR-2024,
OPTIDX,NIFTY,04-Apr-2024,22550,CE,90.65,91.4,48.3,50.8,50.8,829,9373.88,216000,1100,19-MAR-2024,
OPTIDX,NIFTY,04-Apr-2024,22600,CE,77,79.65,41.05,43.3,43.3,13941,157900.18,389750,29100,19-MAR-2024,
OPTIDX,NIFTY,04-Apr-2024,22650,CE,61.55,64.7,34.35,36.2,36.2,842,9554.66,516000,-6950,19-MAR-2024,
OPTIDX,NIFTY,04-Apr-2024,22700,CE,58.45,58.8,29.65,30.85,30.85,6819,77526.44,618250,34250,19-MAR-2024,
OPTIDX,NIFTY,04-Apr-2024,22750,CE,43,44.3,24.75,25.85,25.85,1082,12324.14,14300,6300,19-MAR-2024,
OPTIDX,NIFTY,04-Apr-2024,22800,CE,41,42,21.45,22.3,22.3,5938,67772.88,138100,64350,19-MAR-2024,
OPTIDX,NIFTY,04-Apr-2024,22850,CE,30.2,34.3,17.25,19.25,19.25,474,5421.01,15850,0,19-MAR-2024,
OPTIDX,NIFTY,04-Apr-2024,22900,CE,29,30.5,15.85,16.55,16.55,5891,67511.49,89000,-7800,19-MAR-2024,
OPTIDX,NIFTY,04-Apr-2024,22950,CE,28.45,28.45,13.65,14.35,14.35,787,9037.5,13000,4350,19-MAR-2024,
OPTIDX,NIFTY,04-Apr-2024,23000,CE,22,22,11.65,12.3,12.3,10434,120070.49,293850,11000,19-MAR-2024,
OPTIDX,NIFTY,04-Apr-2024,23050,CE,12.65,17.95,9.05,9.85,9.85,221,2548.4,4450,900,19-MAR-2024,
OPTIDX,NIFTY,04-Apr-2024,23100,CE,12.7,13.2,8.7,9.25,9.25,2333,26958.28,78750,-7800,19-MAR-2024,
OPTIDX,NIFTY,04-Apr-2024,23150,CE,13.9,13.9,6.1,6.65,6.65,109,1262.15,5600,50,19-MAR-2024,
OPTIDX,NIFTY,04-Apr-2024,23200,CE,9.45,9.8,6.6,7,7,2734,31725.86,55450,-9750,19-MAR-2024,
OPTIDX,NIFTY,04-Apr-2024,23250,CE,0,0,0,14.9,1.8,0,0,3300,0,19-MAR-2024,
OPTIDX,NIFTY,04-Apr-2024,23300,CE,6.9,7.75,5.35,5.7,5.7,906,10557.87,54000,8100,19-MAR-2024,
OPTIDX,NIFTY,04-Apr-2024,23350,CE,8,8,5.55,7.55,7.55,8,93.42,1400,50,19-MAR-2024,
OPTIDX,NIFTY,04-Apr-2024,23400,CE,5.7,7.8,4.6,5,5,436,5102.45,29150,-2000,19-MAR-2024,
OPTIDX,NIFTY,04-Apr-2024,23450,CE,8.1,8.1,4.75,6,0.65,67,785.79,4650,1200,19-MAR-2024,
OPTIDX,NIFTY,04-Apr-2024,23500,CE,4.85,5.8,4.15,4.6,4.6,2570,30203.7,88600,550,19-MAR-2024,
OPTIDX,NIFTY,04-Apr-2024,23550,CE,6,6,4.5,5.55,5.55,17,200.21,1350,-250,19-MAR-2024,
OPTIDX,NIFTY,04-Apr-2024,23600,CE,5.3,5.3,4.35,4.9,0.3,8,94.41,18600,-150,19-MAR-2024,
OPTIDX,NIFTY,04-Apr-2024,23650,CE,5.65,6.45,3.7,5.55,5.55,106,1253.73,5450,2000,19-MAR-2024,
OPTIDX,NIFTY,04-Apr-2024,23700,CE,5.6,5.6,3.8,3.9,0.15,19,225.18,23050,-150,19-MAR-2024,
OPTIDX,NIFTY,04-Apr-2024,23750,CE,5.5,5.5,5,5.15,5.15,8,95.02,2800,250,19-MAR-2024,
OPTIDX,NIFTY,04-Apr-2024,23800,CE,4,5.8,3.9,4.35,4.35,50,595.1,8250,1200,19-MAR-2024,
OPTIDX,NIFTY,04-Apr-2024,23850,CE,0,0,0,58.7,0.05,0,0,0,0,19-MAR-2024,
OPTIDX,NIFTY,04-Apr-2024,23900,CE,0,0,0,3.7,0.05,0,0,4800,0,19-MAR-2024,
OPTIDX,NIFTY,04-Apr-2024,23950,CE,3.3,3.3,3.3,3.3,0.05,3,35.92,6800,0,19-MAR-2024,
OPTIDX,NIFTY,04-Apr-2024,24000,CE,3.2,4.85,2.85,3.35,3.35,355,4260.59,28650,600,19-MAR-2024,
OPTIDX,NIFTY,04-Apr-2024,24050,CE,0,0,0,11,0.05,0,0,700,0,19-MAR-2024,
OPTIDX,NIFTY,04-Apr-2024,24100,CE,3,3.1,3,3.1,0.05,9,108.46,6750,-250,19-MAR-2024,
OPTIDX,NIFTY,04-Apr-2024,24150,CE,0,0,0,4.95,0.05,0,0,1650,0,19-MAR-2024,
OPTIDX,NIFTY,04-Apr-2024,24200,CE,2.85,4.45,2.85,3.65,3.65,144,1742.66,6400,3100,19-MAR-2024,
OPTIDX,NIFTY,04-Apr-2024,24250,CE,0,0,0,2.75,0.05,0,0,250,0,19-MAR-2024,
OPTIDX,NIFTY,04-Apr-2024,20200,PE,0,0,0,7.5,0.15,0,0,0,0,19-MAR-2024,
OPTIDX,NIFTY,04-Apr-2024,20250,PE,0,0,0,8.6,0.2,0,0,0,0,19-MAR-2024,
OPTIDX,NIFTY,04-Apr-2024,20300,PE,0,0,0,9.8,0.3,0,0,0,0,19-MAR-2024,
OPTIDX,NIFTY,04-Apr-2024,20350,PE,0,0,0,11.2,0.4,0,0,0,0,19-MAR-2024,
OPTIDX,NIFTY,04-Apr-2024,20400,PE,6.05,6.75,6.05,6.75,6.75,53,540.76,1950,1800,19-MAR-2024,
OPTIDX,NIFTY,04-Apr-2024,20450,PE,6.6,10.7,6.15,7.7,7.7,221,2260.54,8300,5100,19-MAR-2024,
OPTIDX,NIFTY,04-Apr-2024,20500,PE,8.85,10,7.3,8.7,8.7,2017,20682.81,59500,8900,19-MAR-2024,
OPTIDX,NIFTY,04-Apr-2024,20550,PE,0,0,0,18.4,1.3,0,0,0,0,19-MAR-2024,
OPTIDX,NIFTY,04-Apr-2024,20600,PE,10.15,10.3,9.5,10.3,10.3,17,175.18,1050,200,19-MAR-2024,
OPTIDX,NIFTY,04-Apr-2024,20650,PE,0,0,0,10.95,2.3,0,0,250,0,19-MAR-2024,
OPTIDX,NIFTY,04-Apr-2024,20700,PE,14.25,15.95,11.1,12.9,12.9,142,1470.64,5750,2300,19-MAR-2024,
OPTIDX,NIFTY,04-Apr-2024,20750,PE,0,0,0,29.3,3.9,0,0,0,0,19-MAR-2024,
OPTIDX,NIFTY,04-Apr-2024,20800,PE,14.5,18.95,13.8,15.5,15.5,685,7129.28,18200,13250,19-MAR-2024,
OPTIDX,NIFTY,04-Apr-2024,20850,PE,0,0,0,36.5,6.45,0,0,0,0,19-MAR-2024,
OPTIDX,NIFTY,04-Apr-2024,20900,PE,19,22.8,15.95,18.95,18.95,1513,15825.27,49950,33300,19-MAR-2024,
OPTIDX,NIFTY,04-Apr-2024,20950,PE,13.4,28,13.4,21.95,21.95,95,996.11,5300,2650,19-MAR-2024,
OPTIDX,NIFTY,04-Apr-2024,21000,PE,20.65,29.3,19.5,24.7,24.7,8258,86809.87,216200,74450,19-MAR-2024,
OPTIDX,NIFTY,04-Apr-2024,21050,PE,21.25,36.6,21.25,30.35,30.35,377,3973.41,8800,5900,19-MAR-2024,
OPTIDX,NIFTY,04-Apr-2024,21100,PE,23.5,39.15,23.5,32.65,32.65,1327,14021.59,48000,8200,19-MAR-2024,
OPTIDX,NIFTY,04-Apr-2024,21150,PE,34,42.6,29.05,37.3,37.3,199,2108.01,10400,3900,19-MAR-2024,
OPTIDX,NIFTY,04-Apr-2024,21200,PE,33,48.75,31.7,42.7,42.7,3012,31988.62,79450,9050,19-MAR-2024,
OPTIDX,NIFTY,04-Apr-2024,21250,PE,40,54.4,37.55,48.85,48.85,222,2364.03,12800,2600,19-MAR-2024,
OPTIDX,NIFTY,04-Apr-2024,21300,PE,39.35,62.4,39.35,55.25,55.25,3880,41426.11,99050,5400,19-MAR-2024,
OPTIDX,NIFTY,04-Apr-2024,21350,PE,50.45,70,50.45,62.6,62.6,172,1841.33,6850,650,19-MAR-2024,
OPTIDX,NIFTY,04-Apr-2024,21400,PE,54.85,79.35,49.95,71.1,71.1,2779,29829.27,57000,14550,19-MAR-2024,
OPTIDX,NIFTY,04-Apr-2024,21450,PE,69.95,86.7,59.65,79.65,79.65,716,7705.71,21700,16100,19-MAR-2024,
OPTIDX,NIFTY,04-Apr-2024,21500,PE,65.35,99.75,64.55,90.3,90.3,10711,115591.07,281950,115700,19-MAR-2024,
OPTIDX,NIFTY,04-Apr-2024,21550,PE,62.8,110.3,62.8,101.6,101.6,482,5216.89,14150,10700,19-MAR-2024,
OPTIDX,NIFTY,04-Apr-2024,21600,PE,83.3,125.2,82.3,115.2,115.2,5431,58949.44,61950,29150,19-MAR-2024,
OPTIDX,NIFTY,04-Apr-2024,21650,PE,90.8,140,90.6,129.55,129.55,709,7716.92,10700,2200,19-MAR-2024,
OPTIDX,NIFTY,04-Apr-2024,21700,PE,96,155.7,96,143.65,143.65,6348,69302.52,74250,18600,19-MAR-2024,
OPTIDX,NIFTY,04-Apr-2024,21750,PE,130,173.4,122.25,161.55,161.55,627,6864.89,7550,-2800,19-MAR-2024,
OPTIDX,NIFTY,04-Apr-2024,21800,PE,134.8,191.4,117.85,178.3,178.3,10889,119615.05,156100,41600,19-MAR-2024,
OPTIDX,NIFTY,04-Apr-2024,21850,PE,144.35,211.7,139.25,199.1,199.1,6748,74323.43,29600,22600,19-MAR-2024,
OPTIDX,NIFTY,04-Apr-2024,21900,PE,155.25,232,147.1,217.4,217.4,8620,95249.38,88950,27000,19-MAR-2024,
OPTIDX,NIFTY,04-Apr-2024,21950,PE,170.65,255.45,170.6,240.4,240.4,1294,14344.53,13150,-2500,19-MAR-2024,
OPTIDX,NIFTY,04-Apr-2024,22000,PE,191.85,278.05,169,262.55,262.55,13054,145173.8,612500,125300,19-MAR-2024,
OPTIDX,NIFTY,04-Apr-2024,22050,PE,191.25,305,191.25,287.25,287.25,5032,56149.72,162600,142750,19-MAR-2024,
OPTIDX,NIFTY,04-Apr-2024,22100,PE,219,332.45,193.2,315.1,315.1,12175,136355.84,734150,330700,19-MAR-2024,
OPTIDX,NIFTY,04-Apr-2024,22150,PE,273.9,352.1,260.5,346.95,346.95,304,3414.72,219000,-5350,19-MAR-2024,
OPTIDX,NIFTY,04-Apr-2024,22200,PE,278,392,278,373,373,13072,147344.03,999950,326550,19-MAR-2024,
OPTIDX,NIFTY,04-Apr-2024,22250,PE,306,416.4,306,405.8,405.8,4103,46337.32,571300,120600,19-MAR-2024,
OPTIDX,NIFTY,04-Apr-2024,22300,PE,335.45,456,335.45,436.25,436.25,1159,13158.54,318900,-9900,19-MAR-2024,
OPTIDX,NIFTY,04-Apr-2024,22350,PE,434.35,490,425.65,476.3,476.3,159,1812.82,220150,-2250,19-MAR-2024,
OPTIDX,NIFTY,04-Apr-2024,22400,PE,399.55,529.9,399.55,513.7,513.7,320,3659.55,149500,-1950,19-MAR-2024,
OPTIDX,NIFTY,04-Apr-2024,22450,PE,468.5,532.8,450,532.8,614.05,7,80.31,106000,0,19-MAR-2024,
OPTIDX,NIFTY,04-Apr-2024,22500,PE,474.95,606.7,464.5,588.9,588.9,18550,213907.14,842300,64400,19-MAR-2024,
OPTIDX,NIFTY,04-Apr-2024,22550,PE,533.15,632.7,533.15,632.7,700.1,29,335.12,213700,600,19-MAR-2024,
OPTIDX,NIFTY,04-Apr-2024,22600,PE,534,691,533.95,670.85,670.85,8254,95912.19,347100,-3600,19-MAR-2024,
OPTIDX,NIFTY,04-Apr-2024,22650,PE,0,0,0,576.9,789.55,0,0,503500,0,19-MAR-2024,
OPTIDX,NIFTY,04-Apr-2024,22700,PE,635.8,779.4,635,738.75,835.3,48,561.43,546850,-650,19-MAR-2024,
OPTIDX,NIFTY,04-Apr-2024,22750,PE,0,0,0,638.6,881.7,0,0,0,0,19-MAR-2024,
OPTIDX,NIFTY,04-Apr-2024,22800,PE,722,722,722,722,928.65,1,11.76,750,0,19-MAR-2024,
OPTIDX,NIFTY,04-Apr-2024,22850,PE,860,860.05,860,860.05,976.05,7,82.98,500,50,19-MAR-2024,
OPTIDX,NIFTY,04-Apr-2024,22900,PE,0,0,0,735.8,1023.8,0,0,0,0,19-MAR-2024,
OPTIDX,NIFTY,04-Apr-2024,22950,PE,0,0,0,843.15,1071.95,0,0,200,0,19-MAR-2024,
OPTIDX,NIFTY,04-Apr-2024,23000,PE,878.05,1045.05,878,1045.05,1045.05,1474,17659.7,129750,53300,19-MAR-2024,
OPTIDX,NIFTY,04-Apr-2024,23050,PE,0,0,0,839.95,1169.1,0,0,0,0,19-MAR-2024,
OPTIDX,NIFTY,04-Apr-2024,23100,PE,0,0,0,876.15,1218,0,0,0,0,19-MAR-2024,
OPTIDX,NIFTY,04-Apr-2024,23150,PE,0,0,0,914,1267.1,0,0,0,0,19-MAR-2024,
OPTIDX,NIFTY,04-Apr-2024,23200,PE,0,0,0,950.8,1316.3,0,0,0,0,19-MAR-2024,
OPTIDX,NIFTY,04-Apr-2024,23250,PE,0,0,0,989,1365.65,0,0,0,0,19-MAR-2024,
OPTIDX,NIFTY,04-Apr-2024,23300,PE,0,0,0,1027.9,1415.1,0,0,0,0,19-MAR-2024,
OPTIDX,NIFTY,04-Apr-2024,23350,PE,0,0,0,1067.35,1464.65,0,0,0,0,19-MAR-2024,
OPTIDX,NIFTY,04-Apr-2024,23400,PE,0,0,0,1107.4,1514.25,0,0,0,0,19-MAR-2024,
OPTIDX,NIFTY,04-Apr-2024,23450,PE,0,0,0,1148.05,1563.9,0,0,0,0,19-MAR-2024,
OPTIDX,NIFTY,04-Apr-2024,23500,PE,0,0,0,1189.2,1613.6,0,0,0,0,19-MAR-2024,
OPTIDX,NIFTY,04-Apr-2024,23550,PE,0,0,0,1230.9,1663.35,0,0,0,0,19-MAR-2024,
OPTIDX,NIFTY,04-Apr-2024,23600,PE,0,0,0,1273.05,1713.1,0,0,0,0,19-MAR-2024,
OPTIDX,NIFTY,04-Apr-2024,23650,PE,0,0,0,1315.75,1762.9,0,0,0,0,19-MAR-2024,
OPTIDX,NIFTY,04-Apr-2024,23700,PE,0,0,0,1358.85,1812.7,0,0,0,0,19-MAR-2024,
OPTIDX,NIFTY,04-Apr-2024,23750,PE,0,0,0,1402.4,1862.5,0,0,0,0,19-MAR-2024,
OPTIDX,NIFTY,04-Apr-2024,23800,PE,0,0,0,1446.35,1912.3,0,0,0,0,19-MAR-2024,
OPTIDX,NIFTY,04-Apr-2024,23850,PE,0,0,0,1490.65,1962.15,0,0,0,0,19-MAR-2024,
OPTIDX,NIFTY,04-Apr-2024,23900,PE,0,0,0,1535.4,2012,0,0,0,0,19-MAR-2024,
OPTIDX,NIFTY,04-Apr-2024,23950,PE,0,0,0,1580.45,2061.8,0,0,0,0,19-MAR-2024,
OPTIDX,NIFTY,04-Apr-2024,24000,PE,0,0,0,1625.8,2111.65,0,0,0,0,19-MAR-2024,
OPTIDX,NIFTY,04-Apr-2024,24050,PE,0,0,0,1671.5,2161.5,0,0,0,0,19-MAR-2024,
OPTIDX,NIFTY,04-Apr-2024,24100,PE,0,0,0,1717.5,2211.35,0,0,0,0,19-MAR-2024,
OPTIDX,NIFTY,04-Apr-2024,24150,PE,0,0,0,1763.75,2261.2,0,0,0,0,19-MAR-2024,
OPTIDX,NIFTY,04-Apr-2024,24200,PE,0,0,0,1810.25,2311.05,0,0,0,0,19-MAR-2024,
OPTIDX,NIFTY,04-Apr-2024,24250,PE,0,0,0,1857.05,2360.9,0,0,0,0,19-MAR-2024,
OPTIDX,NIFTY,10-Apr-2024,20250,CE,0,0,0,2370.9,1650.6,0,0,0,0,19-MAR-2024,
OPTIDX,NIFTY,10-Apr-2024,20300,CE,0,0,0,2321.5,1601.05,0,0,0,0,19-MAR-2024,
OPTIDX,NIFTY,10-Apr-2024,20350,CE,0,0,0,2272.1,1551.6,0,0,0,0,19-MAR-2024,
OPTIDX,NIFTY,10-Apr-2024,20400,CE,0,0,0,2222.8,1502.25,0,0,0,0,19-MAR-2024,
OPTIDX,NIFTY,10-Apr-2024,20450,CE,0,0,0,2173.55,1452.95,0,0,0,0,19-MAR-2024,
OPTIDX,NIFTY,10-Apr-2024,20500,CE,0,0,0,2124.35,1403.8,0,0,0,0,19-MAR-2024,
OPTIDX,NIFTY,10-Apr-2024,20550,CE,0,0,0,2075.25,1354.8,0,0,0,0,19-MAR-2024,
OPTIDX,NIFTY,10-Apr-2024,20600,CE,0,0,0,2026.25,1306,0,0,0,0,19-MAR-2024,
OPTIDX,NIFTY,10-Apr-2024,20650,CE,0,0,0,1977.35,1257.4,0,0,0,0,19-MAR-2024,
OPTIDX,NIFTY,10-Apr-2024,20700,CE,0,0,0,1928.55,1209,0,0,0,0,19-MAR-2024,
OPTIDX,NIFTY,10-Apr-2024,20750,CE,0,0,0,1879.9,1160.95,0,0,0,0,19-MAR-2024,
OPTIDX,NIFTY,10-Apr-2024,20800,CE,0,0,0,1831.4,1113.15,0,0,0,0,19-MAR-2024,
OPTIDX,NIFTY,10-Apr-2024,20850,CE,0,0,0,1783.1,1065.8,0,0,0,0,19-MAR-2024,
OPTIDX,NIFTY,10-Apr-2024,20900,CE,0,0,0,1734.95,1018.8,0,0,0,0,19-MAR-2024,
OPTIDX,NIFTY,10-Apr-2024,20950,CE,0,0,0,1687,972.3,0,0,0,0,19-MAR-2024,
OPTIDX,NIFTY,10-Apr-2024,21000,CE,0,0,0,1639.25,926.35,0,0,0,0,19-MAR-2024,
OPTIDX,NIFTY,10-Apr-2024,21050,CE,0,0,0,1591.8,881,0,0,0,0,19-MAR-2024,
OPTIDX,NIFTY,10-Apr-2024,21100,CE,0,0,0,1544.6,836.35,0,0,0,0,19-MAR-2024,
OPTIDX,NIFTY,10-Apr-2024,21150,CE,0,0,0,1497.65,792.4,0,0,0,0,19-MAR-2024,
OPTIDX,NIFTY,10-Apr-2024,21200,CE,0,0,0,1451.1,749.25,0,0,0,0,19-MAR-2024,
OPTIDX,NIFTY,10-Apr-2024,21250,CE,0,0,0,1404.85,707,0,0,0,0,19-MAR-2024,
OPTIDX,NIFTY,10-Apr-2024,21300,CE,0,0,0,1359,665.65,0,0,0,0,19-MAR-2024,
OPTIDX,NIFTY,10-Apr-2024,21350,CE,0,0,0,1313.55,625.35,0,0,0,0,19-MAR-2024,
OPTIDX,NIFTY,10-Apr-2024,21400,CE,0,0,0,1268.55,586.15,0,0,0,0,19-MAR-2024,
OPTIDX,NIFTY,10-Apr-2024,21450,CE,0,0,0,1224,548.05,0,0,0,0,19-MAR-2024,
OPTIDX,NIFTY,10-Apr-2024,21500,CE,0,0,0,1180,511.2,0,0,0,0,19-MAR-2024,
OPTIDX,NIFTY,10-Apr-2024,21550,CE,0,0,0,940,475.65,0,0,50,0,19-MAR-2024,
OPTIDX,NIFTY,10-Apr-2024,21600,CE,620,620,544.45,550,441.4,23,255.09,150,150,19-MAR-2024,
OPTIDX,NIFTY,10-Apr-2024,21650,CE,0,0,0,1051.25,408.5,0,0,0,0,19-MAR-2024,
OPTIDX,NIFTY,10-Apr-2024,21700,CE,548.65,548.65,481.3,481.3,481.3,6,66.64,300,300,19-MAR-2024,
OPTIDX,NIFTY,10-Apr-2024,21750,CE,513.1,513.1,430,430,347.05,2,22.22,100,50,19-MAR-2024,
OPTIDX,NIFTY,10-Apr-2024,21800,CE,460.2,460.2,400,408.3,408.3,75,833.52,1900,1800,19-MAR-2024,
OPTIDX,NIFTY,10-Apr-2024,21850,CE,442.95,442.95,371.8,376.95,376.95,38,422.83,1300,1300,19-MAR-2024,
OPTIDX,NIFTY,10-Apr-2024,21900,CE,450,450,344.35,349.75,349.75,228,2539.8,7150,6100,19-MAR-2024,
OPTIDX,NIFTY,10-Apr-2024,21950,CE,422,422,313,321.6,321.6,62,692.02,1950,1600,19-MAR-2024,
OPTIDX,NIFTY,10-Apr-2024,22000,CE,394.45,398.7,287.1,292.05,292.05,758,8466.17,30400,17550,19-MAR-2024,
OPTIDX,NIFTY,10-Apr-2024,22050,CE,369.2,369.2,269.9,273.05,273.05,63,703.54,2700,2500,19-MAR-2024,
OPTIDX,NIFTY,10-Apr-2024,22100,CE,340,340,238.75,244.1,244.1,286,3197.57,14150,11900,19-MAR-2024,
OPTIDX,NIFTY,10-Apr-2024,22150,CE,260,260,216.6,219.9,219.9,27,302.17,2800,750,19-MAR-2024,
OPTIDX,NIFTY,10-Apr-2024,22200,CE,279,279,191.5,200.65,200.65,412,4619.69,15250,9600,19-MAR-2024,
OPTIDX,NIFTY,10-Apr-2024,22250,CE,225.8,225.8,178.95,178.95,178.95,62,695.97,2150,800,19-MAR-2024,
OPTIDX,NIFTY,10-Apr-2024,22300,CE,236.2,236.2,156.4,164.55,164.55,377,4236.73,18250,12750,19-MAR-2024,
OPTIDX,NIFTY,10-Apr-2024,22350,CE,140,151.95,140,145.3,145.3,8,89.98,2800,250,19-MAR-2024,
OPTIDX,NIFTY,10-Apr-2024,22400,CE,184.55,185.5,124.75,129.15,129.15,158,1781.09,11550,3800,19-MAR-2024,
OPTIDX,NIFTY,10-Apr-2024,22450,CE,130,136.55,122.9,122.9,78.45,4,45.15,200,50,19-MAR-2024,
OPTIDX,NIFTY,10-Apr-2024,22500,CE,150.05,152.15,96.6,100.95,100.95,854,9655.69,27050,16450,19-MAR-2024,
OPTIDX,NIFTY,10-Apr-2024,22550,CE,125.05,125.05,91.85,95.55,95.55,61,690.86,1450,1450,19-MAR-2024,
OPTIDX,NIFTY,10-Apr-2024,22600,CE,110.05,112,73,74.75,74.75,254,2881.14,7400,5350,19-MAR-2024,
OPTIDX,NIFTY,10-Apr-2024,22650,CE,0,0,0,170,45.45,0,0,50,0,19-MAR-2024,
OPTIDX,NIFTY,10-Apr-2024,22700,CE,86,90,55.85,57.95,57.95,195,2219.74,5850,3150,19-MAR-2024,
OPTIDX,NIFTY,10-Apr-2024,22750,CE,54.85,54.85,54.7,54.7,54.7,3,34.2,150,150,19-MAR-2024,
OPTIDX,NIFTY,10-Apr-2024,22800,CE,77.9,78.15,40,44.05,44.05,378,4319.14,7100,6100,19-MAR-2024,
OPTIDX,NIFTY,10-Apr-2024,22850,CE,0,0,0,288,24.85,0,0,0,0,19-MAR-2024,
OPTIDX,NIFTY,10-Apr-2024,22900,CE,46.4,46.4,32.85,34.2,34.2,45,516.11,2250,500,19-MAR-2024,
OPTIDX,NIFTY,10-Apr-2024,22950,CE,30,30,29.95,29.95,17.95,2,22.97,100,100,19-MAR-2024,
OPTIDX,NIFTY,10-Apr-2024,23000,CE,43.5,43.5,24.85,25.5,25.5,591,6805.22,28250,9900,19-MAR-2024,
OPTIDX,NIFTY,10-Apr-2024,23050,CE,33.6,33.6,22.5,23,23,5,57.69,100,100,19-MAR-2024,
OPTIDX,NIFTY,10-Apr-2024,23100,CE,25.4,34,13.95,17.3,17.3,65,751.5,4750,150,19-MAR-2024,
OPTIDX,NIFTY,10-Apr-2024,23150,CE,0,0,0,85,9,0,0,50,0,19-MAR-2024,
OPTIDX,NIFTY,10-Apr-2024,23200,CE,22.7,22.7,13.5,14.3,14.3,132,1532.26,17800,-2600,19-MAR-2024,
OPTIDX,NIFTY,10-Apr-2024,23250,CE,17.55,18.5,17.55,18.5,6.2,17,197.77,900,850,19-MAR-2024,
OPTIDX,NIFTY,10-Apr-2024,23300,CE,17.35,19.65,12.3,13.45,13.45,20,233.15,5400,200,19-MAR-2024,
OPTIDX,NIFTY,10-Apr-2024,23350,CE,13.3,16.25,13.3,16.25,4.25,4,46.72,400,200,19-MAR-2024,
OPTIDX,NIFTY,10-Apr-2024,23400,CE,13.95,15.55,8.75,10.3,10.3,23,269.22,8400,-50,19-MAR-2024,
OPTIDX,NIFTY,10-Apr-2024,23450,CE,14.55,14.55,7.75,12.7,12.7,18,211.15,800,600,19-MAR-2024,
OPTIDX,NIFTY,10-Apr-2024,23500,CE,11.05,11.4,7.7,10.15,10.15,301,3538.17,10200,1350,19-MAR-2024,
OPTIDX,NIFTY,10-Apr-2024,23550,CE,0,0,0,94,1.9,0,0,0,0,19-MAR-2024,
OPTIDX,NIFTY,10-Apr-2024,23600,CE,8.6,9.6,8.6,9.6,1.5,7,82.63,2100,0,19-MAR-2024,
OPTIDX,NIFTY,10-Apr-2024,23650,CE,0,0,0,24.15,1.2,0,0,50,0,19-MAR-2024,
OPTIDX,NIFTY,10-Apr-2024,23700,CE,3.55,7,3.5,7,7,11,130.37,550,-150,19-MAR-2024,
OPTIDX,NIFTY,10-Apr-2024,23750,CE,0,0,0,64.6,0.8,0,0,0,0,19-MAR-2024,
OPTIDX,NIFTY,10-Apr-2024,23800,CE,0,0,0,58.6,0.6,0,0,0,0,19-MAR-2024,
OPTIDX,NIFTY,10-Apr-2024,23850,CE,0,0,0,6.9,0.5,0,0,2550,0,19-MAR-2024,
OPTIDX,NIFTY,10-Apr-2024,23900,CE,0,0,0,8,0.4,0,0,0,0,19-MAR-2024,
OPTIDX,NIFTY,10-Apr-2024,23950,CE,0,0,0,1.9,0.3,0,0,650,0,19-MAR-2024,
OPTIDX,NIFTY,10-Apr-2024,24000,CE,5.5,6.25,5.05,5.6,5.6,88,1056.25,13400,1700,19-MAR-2024,
OPTIDX,NIFTY,10-Apr-2024,24050,CE,5.55,7.55,5.55,7.55,0.2,3,36.08,700,100,19-MAR-2024,
OPTIDX,NIFTY,10-Apr-2024,24100,CE,0,0,0,7.1,0.15,0,0,1050,0,19-MAR-2024,
OPTIDX,NIFTY,10-Apr-2024,24150,CE,0,0,0,28.3,0.1,0,0,0,0,19-MAR-2024,
OPTIDX,NIFTY,10-Apr-2024,24200,CE,0,0,0,25.35,0.1,0,0,0,0,19-MAR-2024,
OPTIDX,NIFTY,10-Apr-2024,24250,CE,5.6,5.9,4.5,4.7,0.05,21,254.68,5450,650,19-MAR-2024,
OPTIDX,NIFTY,10-Apr-2024,20250,PE,0,0,0,1.35,0.9,0,0,0,0,19-MAR-2024,
OPTIDX,NIFTY,10-Apr-2024,20300,PE,0,0,0,1.6,1.2,0,0,0,0,19-MAR-2024,
OPTIDX,NIFTY,10-Apr-2024,20350,PE,0,0,0,1.95,1.5,0,0,0,0,19-MAR-2024,
OPTIDX,NIFTY,10-Apr-2024,20400,PE,0,0,0,2.3,1.95,0,0,0,0,19-MAR-2024,
OPTIDX,NIFTY,10-Apr-2024,20450,PE,0,0,0,2.75,2.5,0,0,0,0,19-MAR-2024,
OPTIDX,NIFTY,10-Apr-2024,20500,PE,0,0,0,3.25,3.15,0,0,0,0,19-MAR-2024,
OPTIDX,NIFTY,10-Apr-2024,20550,PE,0,0,0,3.85,3.95,0,0,0,0,19-MAR-2024,
OPTIDX,NIFTY,10-Apr-2024,20600,PE,0,0,0,4.5,4.9,0,0,0,0,19-MAR-2024,
OPTIDX,NIFTY,10-Apr-2024,20650,PE,0,0,0,5.3,6.1,0,0,0,0,19-MAR-2024,
OPTIDX,NIFTY,10-Apr-2024,20700,PE,0,0,0,6.2,7.5,0,0,0,0,19-MAR-2024,
OPTIDX,NIFTY,10-Apr-2024,20750,PE,0,0,0,7.25,9.25,0,0,0,0,19-MAR-2024,
OPTIDX,NIFTY,10-Apr-2024,20800,PE,19.8,27.2,19.8,26.55,26.55,29,301.96,1350,1350,19-MAR-2024,
OPTIDX,NIFTY,10-Apr-2024,20850,PE,30.2,30.35,30.2,30.3,30.3,5,52.2,250,250,19-MAR-2024,
OPTIDX,NIFTY,10-Apr-2024,20900,PE,33.3,33.3,33.3,33.3,33.3,1,10.46,50,50,19-MAR-2024,
OPTIDX,NIFTY,10-Apr-2024,20950,PE,0,0,0,13.05,19.8,0,0,0,0,19-MAR-2024,
OPTIDX,NIFTY,10-Apr-2024,21000,PE,35,44.45,34.95,42.15,42.15,451,4744.81,12750,6150,19-MAR-2024,
OPTIDX,NIFTY,10-Apr-2024,21050,PE,45.8,45.8,45.8,45.8,28.1,6,63.28,400,50,19-MAR-2024,
OPTIDX,NIFTY,10-Apr-2024,21100,PE,0,0,0,36.8,33.2,0,0,50,0,19-MAR-2024,
OPTIDX,NIFTY,10-Apr-2024,21150,PE,51.6,51.8,51.6,51.7,51.7,2,21.2,100,100,19-MAR-2024,
OPTIDX,NIFTY,10-Apr-2024,21200,PE,41.3,67.8,41.3,64.65,64.65,63,669.78,1800,1000,19-MAR-2024,
OPTIDX,NIFTY,10-Apr-2024,21250,PE,71.8,71.8,71.8,71.8,71.8,1,10.66,50,50,19-MAR-2024,
OPTIDX,NIFTY,10-Apr-2024,21300,PE,69.45,86.4,65,83.9,83.9,42,448.95,2250,600,19-MAR-2024,
OPTIDX,NIFTY,10-Apr-2024,21350,PE,0,0,0,60.65,71.2,0,0,50,0,19-MAR-2024,
OPTIDX,NIFTY,10-Apr-2024,21400,PE,0,0,0,41.85,81.8,0,0,0,0,19-MAR-2024,
OPTIDX,NIFTY,10-Apr-2024,21450,PE,95,115,86.05,105.05,93.5,65,700.47,2700,2650,19-MAR-2024,
OPTIDX,NIFTY,10-Apr-2024,21500,PE,95,130,87.6,121.55,121.55,596,6441.01,10850,2250,19-MAR-2024,
OPTIDX,NIFTY,10-Apr-2024,21550,PE,123.95,135.85,110.9,128.65,120.7,31,336.02,550,100,19-MAR-2024,
OPTIDX,NIFTY,10-Apr-2024,21600,PE,110.05,155.9,110,148.45,148.45,239,2598.04,7650,5250,19-MAR-2024,
OPTIDX,NIFTY,10-Apr-2024,21650,PE,143,165,142,155.05,155.05,13,141.7,250,50,19-MAR-2024,
OPTIDX,NIFTY,10-Apr-2024,21700,PE,137.6,185,137.6,176.25,176.25,296,3234.74,6450,-4900,19-MAR-2024,
OPTIDX,NIFTY,10-Apr-2024,21750,PE,160,160,160,160,191.25,2,21.91,100,0,19-MAR-2024,
OPTIDX,NIFTY,10-Apr-2024,21800,PE,155.65,225,155.65,213.45,213.45,778,8557.2,7100,-12550,19-MAR-2024,
OPTIDX,NIFTY,10-Apr-2024,21850,PE,194.9,231.5,194.9,221.05,235.3,22,242.75,400,350,19-MAR-2024,
OPTIDX,NIFTY,10-Apr-2024,21900,PE,207,260.9,207,251.65,251.65,98,1084.89,1600,600,19-MAR-2024,
OPTIDX,NIFTY,10-Apr-2024,21950,PE,230,266.3,225.95,241.7,285.3,37,410.52,750,-550,19-MAR-2024,
OPTIDX,NIFTY,10-Apr-2024,22000,PE,227.4,309.75,224.85,293.7,293.7,832,9267.07,37200,14750,19-MAR-2024,
OPTIDX,NIFTY,10-Apr-2024,22050,PE,267.15,330,267.15,305.1,341.25,7,78.2,350,100,19-MAR-2024,
OPTIDX,NIFTY,10-Apr-2024,22100,PE,260,353.7,244.9,348.75,348.75,76,851.13,1250,-1350,19-MAR-2024,
OPTIDX,NIFTY,10-Apr-2024,22150,PE,319.55,370,319.55,369.95,403.05,7,78.75,450,0,19-MAR-2024,
OPTIDX,NIFTY,10-Apr-2024,22200,PE,338,408.5,331.5,402.45,402.45,35,395.09,2400,-200,19-MAR-2024,
OPTIDX,NIFTY,10-Apr-2024,22250,PE,401,401,401,401,470.35,1,11.32,350,0,19-MAR-2024,
OPTIDX,NIFTY,10-Apr-2024,22300,PE,399.95,480,399.95,450,450,10,113.68,700,-150,19-MAR-2024,
OPTIDX,NIFTY,10-Apr-2024,22350,PE,0,0,0,306.25,542.75,0,0,150,0,19-MAR-2024,
OPTIDX,NIFTY,10-Apr-2024,22400,PE,458,501,458,490.1,580.75,4,45.76,950,150,19-MAR-2024,
OPTIDX,NIFTY,10-Apr-2024,22450,PE,0,0,0,451,619.85,0,0,100,0,19-MAR-2024,
OPTIDX,NIFTY,10-Apr-2024,22500,PE,520,590,520,590,590,6,69.12,800,150,19-MAR-2024,
OPTIDX,NIFTY,10-Apr-2024,22550,PE,0,0,0,342.8,701.15,0,0,0,0,19-MAR-2024,
OPTIDX,NIFTY,10-Apr-2024,22600,PE,0,0,0,600,743.15,0,0,50,0,19-MAR-2024,
OPTIDX,NIFTY,10-Apr-2024,22650,PE,0,0,0,391.8,786,0,0,0,0,19-MAR-2024,
OPTIDX,NIFTY,10-Apr-2024,22700,PE,690,690,690,690,829.65,31,362.54,1650,250,19-MAR-2024,
OPTIDX,NIFTY,10-Apr-2024,22750,PE,0,0,0,445.05,874,0,0,0,0,19-MAR-2024,
OPTIDX,NIFTY,10-Apr-2024,22800,PE,0,0,0,473.15,919,0,0,0,0,19-MAR-2024,
OPTIDX,NIFTY,10-Apr-2024,22850,PE,0,0,0,502.25,964.6,0,0,0,0,19-MAR-2024,
OPTIDX,NIFTY,10-Apr-2024,22900,PE,0,0,0,532.35,1010.7,0,0,0,0,19-MAR-2024,
OPTIDX,NIFTY,10-Apr-2024,22950,PE,0,0,0,563.45,1057.3,0,0,0,0,19-MAR-2024,
OPTIDX,NIFTY,10-Apr-2024,23000,PE,0,0,0,873.2,1104.35,0,0,2850,0,19-MAR-2024,
OPTIDX,NIFTY,10-Apr-2024,23050,PE,0,0,0,628.4,1151.75,0,0,0,0,19-MAR-2024,
OPTIDX,NIFTY,10-Apr-2024,23100,PE,0,0,0,662.3,1199.5,0,0,0,0,19-MAR-2024,
OPTIDX,NIFTY,10-Apr-2024,23150,PE,0,0,0,697.05,1247.55,0,0,0,0,19-MAR-2024,
OPTIDX,NIFTY,10-Apr-2024,23200,PE,0,0,0,732.65,1295.85,0,0,0,0,19-MAR-2024,
OPTIDX,NIFTY,10-Apr-2024,23250,PE,0,0,0,769.1,1344.35,0,0,0,0,19-MAR-2024,
OPTIDX,NIFTY,10-Apr-2024,23300,PE,0,0,0,807.4,1393.1,0,0,0,0,19-MAR-2024,
OPTIDX,NIFTY,10-Apr-2024,23350,PE,0,0,0,844.55,1442,0,0,0,0,19-MAR-2024,
OPTIDX,NIFTY,10-Apr-2024,23400,PE,0,0,0,883.35,1491,0,0,0,0,19-MAR-2024,
OPTIDX,NIFTY,10-Apr-2024,23450,PE,0,0,0,922.85,1540.2,0,0,0,0,19-MAR-2024,
OPTIDX,NIFTY,10-Apr-2024,23500,PE,0,0,0,963.05,1589.45,0,0,0,0,19-MAR-2024,
OPTIDX,NIFTY,10-Apr-2024,23550,PE,0,0,0,1003.9,1638.8,0,0,0,0,19-MAR-2024,
OPTIDX,NIFTY,10-Apr-2024,23600,PE,0,0,0,1045.4,1688.25,0,0,0,0,19-MAR-2024,
OPTIDX,NIFTY,10-Apr-2024,23650,PE,0,0,0,1087.45,1737.75,0,0,0,0,19-MAR-2024,
OPTIDX,NIFTY,10-Apr-2024,23700,PE,0,0,0,1130.1,1787.3,0,0,0,0,19-MAR-2024,
OPTIDX,NIFTY,10-Apr-2024,23750,PE,0,0,0,1173.25,1836.9,0,0,0,0,19-MAR-2024,
OPTIDX,NIFTY,10-Apr-2024,23800,PE,0,0,0,1216.95,1886.55,0,0,0,0,19-MAR-2024,
OPTIDX,NIFTY,10-Apr-2024,23850,PE,0,0,0,1261.1,1936.2,0,0,0,0,19-MAR-2024,
OPTIDX,NIFTY,10-Apr-2024,23900,PE,0,0,0,1305.7,1985.9,0,0,0,0,19-MAR-2024,
OPTIDX,NIFTY,10-Apr-2024,23950,PE,0,0,0,1350.7,2035.6,0,0,0,0,19-MAR-2024,
OPTIDX,NIFTY,10-Apr-2024,24000,PE,0,0,0,1396.1,2085.35,0,0,0,0,19-MAR-2024,
OPTIDX,NIFTY,10-Apr-2024,24050,PE,0,0,0,1441.9,2135.1,0,0,0,0,19-MAR-2024,
OPTIDX,NIFTY,10-Apr-2024,24100,PE,0,0,0,1488,2184.85,0,0,0,0,19-MAR-2024,
OPTIDX,NIFTY,10-Apr-2024,24150,PE,0,0,0,1534.45,2234.6,0,0,0,0,19-MAR-2024,
OPTIDX,NIFTY,10-Apr-2024,24200,PE,0,0,0,1581.2,2284.4,0,0,0,0,19-MAR-2024,
OPTIDX,NIFTY,10-Apr-2024,24250,PE,0,0,0,1628.2,2334.15,0,0,0,0,19-MAR-2024,
OPTIDX,NIFTY,18-Apr-2024,20250,CE,0,0,0,2044.25,1682.4,0,0,0,0,19-MAR-2024,
OPTIDX,NIFTY,18-Apr-2024,20300,CE,0,0,0,1995.55,1633.35,0,0,0,0,19-MAR-2024,
OPTIDX,NIFTY,18-Apr-2024,20350,CE,0,0,0,1947,1584.4,0,0,0,0,19-MAR-2024,
OPTIDX,NIFTY,18-Apr-2024,20400,CE,0,0,0,1898.6,1535.6,0,0,0,0,19-MAR-2024,
OPTIDX,NIFTY,18-Apr-2024,20450,CE,0,0,0,1850.35,1487,0,0,0,0,19-MAR-2024,
OPTIDX,NIFTY,18-Apr-2024,20500,CE,0,0,0,1802.3,1438.6,0,0,0,0,19-MAR-2024,
OPTIDX,NIFTY,18-Apr-2024,20550,CE,0,0,0,1754.4,1390.4,0,0,0,0,19-MAR-2024,
OPTIDX,NIFTY,18-Apr-2024,20600,CE,0,0,0,1706.8,1342.45,0,0,0,0,19-MAR-2024,
OPTIDX,NIFTY,18-Apr-2024,20650,CE,0,0,0,1659.4,1294.75,0,0,0,0,19-MAR-2024,
OPTIDX,NIFTY,18-Apr-2024,20700,CE,0,0,0,1612.25,1247.45,0,0,0,0,19-MAR-2024,
OPTIDX,NIFTY,18-Apr-2024,20750,CE,0,0,0,1565.4,1200.45,0,0,0,0,19-MAR-2024,
OPTIDX,NIFTY,18-Apr-2024,20800,CE,0,0,0,1518.85,1153.85,0,0,0,0,19-MAR-2024,
OPTIDX,NIFTY,18-Apr-2024,20850,CE,0,0,0,1472.65,1107.75,0,0,0,0,19-MAR-2024,
OPTIDX,NIFTY,18-Apr-2024,20900,CE,0,0,0,1426.8,1062.1,0,0,0,0,19-MAR-2024,
OPTIDX,NIFTY,18-Apr-2024,20950,CE,0,0,0,1381.35,1016.95,0,0,0,0,19-MAR-2024,
OPTIDX,NIFTY,18-Apr-2024,21000,CE,0,0,0,1336.35,972.45,0,0,0,0,19-MAR-2024,
OPTIDX,NIFTY,18-Apr-2024,21050,CE,0,0,0,1291.75,928.55,0,0,0,0,19-MAR-2024,
OPTIDX,NIFTY,18-Apr-2024,21100,CE,0,0,0,1247.65,885.35,0,0,0,0,19-MAR-2024,
OPTIDX,NIFTY,18-Apr-2024,21150,CE,0,0,0,1204,842.85,0,0,0,0,19-MAR-2024,
OPTIDX,NIFTY,18-Apr-2024,21200,CE,0,0,0,1160.95,801.2,0,0,0,0,19-MAR-2024,
OPTIDX,NIFTY,18-Apr-2024,21250,CE,0,0,0,1118.45,760.35,0,0,0,0,19-MAR-2024,
OPTIDX,NIFTY,18-Apr-2024,21300,CE,0,0,0,1076.5,720.4,0,0,0,0,19-MAR-2024,
OPTIDX,NIFTY,18-Apr-2024,21350,CE,0,0,0,1035.2,681.4,0,0,0,0,19-MAR-2024,
OPTIDX,NIFTY,18-Apr-2024,21400,CE,0,0,0,994.6,643.4,0,0,0,0,19-MAR-2024,
OPTIDX,NIFTY,18-Apr-2024,21450,CE,0,0,0,954.65,606.4,0,0,0,0,19-MAR-2024,
OPTIDX,NIFTY,18-Apr-2024,21500,CE,798.35,798.35,798.35,798.35,798.35,3,33.44,150,150,19-MAR-2024,
OPTIDX,NIFTY,18-Apr-2024,21550,CE,0,0,0,876.9,535.75,0,0,0,0,19-MAR-2024,
OPTIDX,NIFTY,18-Apr-2024,21600,CE,0,0,0,839.15,502.1,0,0,0,0,19-MAR-2024,
OPTIDX,NIFTY,18-Apr-2024,21650,CE,0,0,0,803,469.7,0,0,0,0,19-MAR-2024,
OPTIDX,NIFTY,18-Apr-2024,21700,CE,0,0,0,765.95,438.5,0,0,0,0,19-MAR-2024,
OPTIDX,NIFTY,18-Apr-2024,21750,CE,0,0,0,730.7,408.55,0,0,0,0,19-MAR-2024,
OPTIDX,NIFTY,18-Apr-2024,21800,CE,0,0,0,696.35,379.8,0,0,0,0,19-MAR-2024,
OPTIDX,NIFTY,18-Apr-2024,21850,CE,0,0,0,662.85,352.4,0,0,0,0,19-MAR-2024,
OPTIDX,NIFTY,18-Apr-2024,21900,CE,475.45,475.45,395.55,404.1,404.1,26,290.39,1100,1000,19-MAR-2024,
OPTIDX,NIFTY,18-Apr-2024,21950,CE,464.1,464.1,464.1,464.1,301.35,4,44.82,700,200,19-MAR-2024,
OPTIDX,NIFTY,18-Apr-2024,22000,CE,430,435,350,359.5,277.8,41,459.14,1750,1400,19-MAR-2024,
OPTIDX,NIFTY,18-Apr-2024,22050,CE,422.5,422.5,336,336,255.45,6,67.27,200,200,19-MAR-2024,
OPTIDX,NIFTY,18-Apr-2024,22100,CE,400,400,320.5,320.5,234.4,4,44.9,300,200,19-MAR-2024,
OPTIDX,NIFTY,18-Apr-2024,22150,CE,0,0,0,481.5,214.6,0,0,0,0,19-MAR-2024,
OPTIDX,NIFTY,18-Apr-2024,22200,CE,306.9,306.9,252.75,252.75,196,8,89.93,200,200,19-MAR-2024,
OPTIDX,NIFTY,18-Apr-2024,22250,CE,296.7,296.7,296.7,296.7,178.6,4,45.09,200,200,19-MAR-2024,
OPTIDX,NIFTY,18-Apr-2024,22300,CE,0,0,0,403.7,162.35,0,0,0,0,19-MAR-2024,
OPTIDX,NIFTY,18-Apr-2024,22350,CE,0,0,0,379.8,147.25,0,0,0,0,19-MAR-2024,
OPTIDX,NIFTY,18-Apr-2024,22400,CE,0,0,0,356.8,133.2,0,0,0,0,19-MAR-2024,
OPTIDX,NIFTY,18-Apr-2024,22450,CE,0,0,0,334.8,120.2,0,0,0,0,19-MAR-2024,
OPTIDX,NIFTY,18-Apr-2024,22500,CE,191.5,195.25,140.55,144.4,144.4,111,1258.23,1900,1300,19-MAR-2024,
OPTIDX,NIFTY,18-Apr-2024,22550,CE,175.75,175.75,175.75,175.75,97.15,1,11.36,50,50,19-MAR-2024,
OPTIDX,NIFTY,18-Apr-2024,22600,CE,159.8,159.8,119.95,121.5,121.5,21,238.63,1450,500,19-MAR-2024,
OPTIDX,NIFTY,18-Apr-2024,22650,CE,0,0,0,256.2,77.75,0,0,0,0,19-MAR-2024,
OPTIDX,NIFTY,18-Apr-2024,22700,CE,101,102,100,101,101,3,34.2,150,150,19-MAR-2024,
OPTIDX,NIFTY,18-Apr-2024,22750,CE,0,0,0,222.4,61.6,0,0,0,0,19-MAR-2024,
OPTIDX,NIFTY,18-Apr-2024,22800,CE,100,113.2,67.85,70.8,70.8,50,572.14,2450,-50,19-MAR-2024,
OPTIDX,NIFTY,18-Apr-2024,22850,CE,0,0,0,79.65,48.3,0,0,100,0,19-MAR-2024,
OPTIDX,NIFTY,18-Apr-2024,22900,CE,0,0,0,178,42.6,0,0,0,0,19-MAR-2024,
OPTIDX,NIFTY,18-Apr-2024,22950,CE,0,0,0,164.85,37.5,0,0,0,0,19-MAR-2024,
OPTIDX,NIFTY,18-Apr-2024,23000,CE,75,75.45,45.9,46.95,46.95,138,1590.78,6900,1450,19-MAR-2024,
OPTIDX,NIFTY,18-Apr-2024,23050,CE,0,0,0,70.85,28.8,0,0,100,0,19-MAR-2024,
OPTIDX,NIFTY,18-Apr-2024,23100,CE,0,0,0,91.1,25.15,0,0,450,0,19-MAR-2024,
OPTIDX,NIFTY,18-Apr-2024,23150,CE,0,0,0,119.75,21.9,0,0,0,0,19-MAR-2024,
OPTIDX,NIFTY,18-Apr-2024,23200,CE,40.4,40.4,40.4,40.4,19,1,11.62,50,50,19-MAR-2024,
OPTIDX,NIFTY,18-Apr-2024,23250,CE,0,0,0,101.15,16.45,0,0,0,0,19-MAR-2024,
OPTIDX,NIFTY,18-Apr-2024,23300,CE,32.9,32.9,32.9,32.9,14.25,1,11.66,50,50,19-MAR-2024,
OPTIDX,NIFTY,18-Apr-2024,23350,CE,28.85,28.85,28.85,28.85,12.25,1,11.68,50,50,19-MAR-2024,
OPTIDX,NIFTY,18-Apr-2024,23400,CE,0,0,0,77.75,10.55,0,0,0,0,19-MAR-2024,
OPTIDX,NIFTY,18-Apr-2024,23450,CE,0,0,0,71,9.05,0,0,0,0,19-MAR-2024,
OPTIDX,NIFTY,18-Apr-2024,23500,CE,19.2,21.25,19.2,21.25,7.7,3,35.28,150,150,19-MAR-2024,
OPTIDX,NIFTY,18-Apr-2024,23550,CE,16.85,17.7,16.85,17.7,6.6,6,70.7,300,300,19-MAR-2024,
OPTIDX,NIFTY,18-Apr-2024,23600,CE,0,0,0,53.65,5.6,0,0,0,0,19-MAR-2024,
OPTIDX,NIFTY,18-Apr-2024,23650,CE,3.3,10,3.3,10,4.75,2,23.65,50,50,19-MAR-2024,
OPTIDX,NIFTY,18-Apr-2024,23700,CE,0,0,0,44.2,4,0,0,0,0,19-MAR-2024,
OPTIDX,NIFTY,18-Apr-2024,23750,CE,0,0,0,40,3.4,0,0,0,0,19-MAR-2024,
OPTIDX,NIFTY,18-Apr-2024,23800,CE,0,0,0,36.2,2.85,0,0,0,0,19-MAR-2024,
OPTIDX,NIFTY,18-Apr-2024,23850,CE,0,0,0,32.7,2.4,0,0,0,0,19-MAR-2024,
OPTIDX,NIFTY,18-Apr-2024,23900,CE,9.7,10.5,7,8.95,8.95,100,1195.41,7650,3300,19-MAR-2024,
OPTIDX,NIFTY,18-Apr-2024,20250,PE,0,0,0,5.95,2.95,0,0,0,0,19-MAR-2024,
OPTIDX,NIFTY,18-Apr-2024,20300,PE,0,0,0,6.9,3.6,0,0,0,0,19-MAR-2024,
OPTIDX,NIFTY,18-Apr-2024,20350,PE,0,0,0,8,4.4,0,0,0,0,19-MAR-2024,
OPTIDX,NIFTY,18-Apr-2024,20400,PE,0,0,0,9.25,5.3,0,0,0,0,19-MAR-2024,
OPTIDX,NIFTY,18-Apr-2024,20450,PE,0,0,0,10.65,6.4,0,0,0,0,19-MAR-2024,
OPTIDX,NIFTY,18-Apr-2024,20500,PE,0,0,0,12.25,7.7,0,0,0,0,19-MAR-2024,
OPTIDX,NIFTY,18-Apr-2024,20550,PE,0,0,0,14.05,9.25,0,0,0,0,19-MAR-2024,
OPTIDX,NIFTY,18-Apr-2024,20600,PE,0,0,0,16.05,11,0,0,0,0,19-MAR-2024,
OPTIDX,NIFTY,18-Apr-2024,20650,PE,0,0,0,18.3,13.1,0,0,0,0,19-MAR-2024,
OPTIDX,NIFTY,18-Apr-2024,20700,PE,0,0,0,20.8,15.45,0,0,0,0,19-MAR-2024,
OPTIDX,NIFTY,18-Apr-2024,20750,PE,0,0,0,23.6,18.2,0,0,0,0,19-MAR-2024,
OPTIDX,NIFTY,18-Apr-2024,20800,PE,0,0,0,26.75,21.35,0,0,0,0,19-MAR-2024,
OPTIDX,NIFTY,18-Apr-2024,20850,PE,0,0,0,30.2,24.95,0,0,0,0,19-MAR-2024,
OPTIDX,NIFTY,18-Apr-2024,20900,PE,0,0,0,34,29,0,0,0,0,19-MAR-2024,
OPTIDX,NIFTY,18-Apr-2024,20950,PE,0,0,0,38.2,33.6,0,0,0,0,19-MAR-2024,
OPTIDX,NIFTY,18-Apr-2024,21000,PE,50,70.5,45.8,65.3,65.3,48,505.47,2200,1500,19-MAR-2024,
OPTIDX,NIFTY,18-Apr-2024,21050,PE,0,0,0,47.85,44.65,0,0,0,0,19-MAR-2024,
OPTIDX,NIFTY,18-Apr-2024,21100,PE,0,0,0,53.4,51.15,0,0,0,0,19-MAR-2024,
OPTIDX,NIFTY,18-Apr-2024,21150,PE,0,0,0,59.45,58.4,0,0,0,0,19-MAR-2024,
OPTIDX,NIFTY,18-Apr-2024,21200,PE,0,0,0,66,66.45,0,0,0,0,19-MAR-2024,
OPTIDX,NIFTY,18-Apr-2024,21250,PE,0,0,0,73.15,75.35,0,0,0,0,19-MAR-2024,
OPTIDX,NIFTY,18-Apr-2024,21300,PE,110,110,110,110,85.1,5,53.52,250,250,19-MAR-2024,
OPTIDX,NIFTY,18-Apr-2024,21350,PE,0,0,0,89.25,95.8,0,0,0,0,19-MAR-2024,
OPTIDX,NIFTY,18-Apr-2024,21400,PE,130,130,130,130,130,4,43.06,250,200,19-MAR-2024,
OPTIDX,NIFTY,18-Apr-2024,21450,PE,0,0,0,107.95,120.3,0,0,0,0,19-MAR-2024,
OPTIDX,NIFTY,18-Apr-2024,21500,PE,0,0,0,80.95,134.1,0,0,700,0,19-MAR-2024,
OPTIDX,NIFTY,18-Apr-2024,21550,PE,0,0,0,129.5,149.05,0,0,0,0,19-MAR-2024,
OPTIDX,NIFTY,18-Apr-2024,21600,PE,0,0,0,150,165.15,0,0,50,0,19-MAR-2024,
OPTIDX,NIFTY,18-Apr-2024,21650,PE,0,0,0,154.9,182.45,0,0,0,0,19-MAR-2024,
OPTIDX,NIFTY,18-Apr-2024,21700,PE,170,204.65,166.95,204.65,201,7,76.58,50,50,19-MAR-2024,
OPTIDX,NIFTY,18-Apr-2024,21750,PE,0,0,0,181.95,220.75,0,0,0,0,19-MAR-2024,
OPTIDX,NIFTY,18-Apr-2024,21800,PE,209,253.15,200,244.3,244.3,55,605.63,1350,1100,19-MAR-2024,
OPTIDX,NIFTY,18-Apr-2024,21850,PE,0,0,0,213.35,264.05,0,0,0,0,19-MAR-2024,
OPTIDX,NIFTY,18-Apr-2024,21900,PE,240,290.2,234,283,283,55,609.36,1300,800,19-MAR-2024,
OPTIDX,NIFTY,18-Apr-2024,21950,PE,0,0,0,244.35,312.5,0,0,50,0,19-MAR-2024,
OPTIDX,NIFTY,18-Apr-2024,22000,PE,265,335.2,251.9,331.65,331.65,109,1214.74,1800,-1200,19-MAR-2024,
OPTIDX,NIFTY,18-Apr-2024,22050,PE,0,0,0,295,366.05,0,0,950,0,19-MAR-2024,
OPTIDX,NIFTY,18-Apr-2024,22100,PE,365.4,365.4,365.4,365.4,394.7,1,11.23,50,-50,19-MAR-2024,
OPTIDX,NIFTY,18-Apr-2024,22150,PE,383.4,414.2,375.75,375.75,424.6,5,56.35,50,0,19-MAR-2024,
OPTIDX,NIFTY,18-Apr-2024,22200,PE,0,0,0,352.7,455.75,0,0,0,0,19-MAR-2024,
OPTIDX,NIFTY,18-Apr-2024,22250,PE,0,0,0,376.45,488.05,0,0,0,0,19-MAR-2024,
OPTIDX,NIFTY,18-Apr-2024,22300,PE,0,0,0,401.1,521.55,0,0,0,0,19-MAR-2024,
OPTIDX,NIFTY,18-Apr-2024,22350,PE,0,0,0,426.8,556.15,0,0,0,0,19-MAR-2024,
OPTIDX,NIFTY,18-Apr-2024,22400,PE,0,0,0,453.5,591.8,0,0,0,0,19-MAR-2024,
OPTIDX,NIFTY,18-Apr-2024,22450,PE,0,0,0,481.15,628.55,0,0,0,0,19-MAR-2024,
OPTIDX,NIFTY,18-Apr-2024,22500,PE,0,0,0,474.45,666.3,0,0,50,0,19-MAR-2024,
OPTIDX,NIFTY,18-Apr-2024,22550,PE,0,0,0,539.3,704.95,0,0,0,0,19-MAR-2024,
OPTIDX,NIFTY,18-Apr-2024,22600,PE,0,0,0,569.75,744.55,0,0,0,0,19-MAR-2024,
OPTIDX,NIFTY,18-Apr-2024,22650,PE,0,0,0,601.15,785,0,0,0,0,19-MAR-2024,
OPTIDX,NIFTY,18-Apr-2024,22700,PE,0,0,0,633.45,826.25,0,0,0,0,19-MAR-2024,
OPTIDX,NIFTY,18-Apr-2024,22750,PE,0,0,0,666.6,868.3,0,0,0,0,19-MAR-2024,
OPTIDX,NIFTY,18-Apr-2024,22800,PE,0,0,0,700.65,911.05,0,0,0,0,19-MAR-2024,
OPTIDX,NIFTY,18-Apr-2024,22850,PE,0,0,0,735.5,954.45,0,0,0,0,19-MAR-2024,
OPTIDX,NIFTY,18-Apr-2024,22900,PE,0,0,0,771.2,998.5,0,0,0,0,19-MAR-2024,
OPTIDX,NIFTY,18-Apr-2024,22950,PE,0,0,0,807.65,1043.1,0,0,0,0,19-MAR-2024,
OPTIDX,NIFTY,18-Apr-2024,23000,PE,0,0,0,845.95,1088.2,0,0,0,0,19-MAR-2024,
OPTIDX,NIFTY,18-Apr-2024,23050,PE,0,0,0,883.1,1133.85,0,0,0,0,19-MAR-2024,
OPTIDX,NIFTY,18-Apr-2024,23100,PE,0,0,0,921.8,1179.9,0,0,0,0,19-MAR-2024,
OPTIDX,NIFTY,18-Apr-2024,23150,PE,0,0,0,961.2,1226.35,0,0,0,0,19-MAR-2024,
OPTIDX,NIFTY,18-Apr-2024,23200,PE,0,0,0,1001.2,1273.2,0,0,0,0,19-MAR-2024,
OPTIDX,NIFTY,18-Apr-2024,23250,PE,0,0,0,1041.9,1320.4,0,0,0,0,19-MAR-2024,
OPTIDX,NIFTY,18-Apr-2024,23300,PE,0,0,0,1083.2,1367.85,0,0,0,0,19-MAR-2024,
OPTIDX,NIFTY,18-Apr-2024,23350,PE,0,0,0,1125.05,1415.65,0,0,0,0,19-MAR-2024,
OPTIDX,NIFTY,18-Apr-2024,23400,PE,0,0,0,1167.4,1463.6,0,0,0,0,19-MAR-2024,
OPTIDX,NIFTY,18-Apr-2024,23450,PE,0,0,0,1210.35,1511.85,0,0,0,0,19-MAR-2024,
OPTIDX,NIFTY,18-Apr-2024,23500,PE,0,0,0,1253.75,1560.25,0,0,0,0,19-MAR-2024,
OPTIDX,NIFTY,18-Apr-2024,23550,PE,0,0,0,1297.6,1608.85,0,0,0,0,19-MAR-2024,
OPTIDX,NIFTY,18-Apr-2024,23600,PE,0,0,0,1341.95,1657.6,0,0,0,0,19-MAR-2024,
OPTIDX,NIFTY,18-Apr-2024,23650,PE,0,0,0,1386.65,1706.45,0,0,0,0,19-MAR-2024,
OPTIDX,NIFTY,18-Apr-2024,23700,PE,0,0,0,1431.75,1755.45,0,0,0,0,19-MAR-2024,
OPTIDX,NIFTY,18-Apr-2024,23750,PE,0,0,0,1477.25,1804.55,0,0,0,0,19-MAR-2024,
OPTIDX,NIFTY,18-Apr-2024,23800,PE,0,0,0,1523.05,1853.75,0,0,0,0,19-MAR-2024,
OPTIDX,NIFTY,18-Apr-2024,23850,PE,0,0,0,1569.2,1903,0,0,0,0,19-MAR-2024,
OPTIDX,NIFTY,18-Apr-2024,23900,PE,0,0,0,1615.65,1952.3,0,0,0,0,19-MAR-2024,
OPTIDX,NIFTY,25-Apr-2024,19600,CE,2511.45,2520.25,2436,2446.7,2446.7,34,375.67,2000,1300,19-MAR-2024,
OPTIDX,NIFTY,25-Apr-2024,19650,CE,0,0,0,2104.85,2301.95,0,0,0,0,19-MAR-2024,
OPTIDX,NIFTY,25-Apr-2024,19700,CE,0,0,0,2460.1,2252.45,0,0,1000,0,19-MAR-2024,
OPTIDX,NIFTY,25-Apr-2024,19750,CE,0,0,0,2016,2202.95,0,0,0,0,19-MAR-2024,
OPTIDX,NIFTY,25-Apr-2024,19800,CE,0,0,0,2420.35,2153.45,0,0,2250,0,19-MAR-2024,
OPTIDX,NIFTY,25-Apr-2024,19850,CE,0,0,0,1928.35,2104.05,0,0,0,0,19-MAR-2024,
OPTIDX,NIFTY,25-Apr-2024,19900,CE,2233.3,2233.3,2155,2155,2054.65,2,22.09,1400,100,19-MAR-2024,
OPTIDX,NIFTY,25-Apr-2024,19950,CE,0,0,0,1842,2005.35,0,0,0,0,19-MAR-2024,
OPTIDX,NIFTY,25-Apr-2024,20000,CE,2251,2251,2055,2077.55,2077.55,4816,53235.23,712000,135700,19-MAR-2024,
OPTIDX,NIFTY,25-Apr-2024,20050,CE,0,0,0,2520,1906.9,0,0,50,0,19-MAR-2024,
OPTIDX,NIFTY,25-Apr-2024,20100,CE,2080,2080,2080,2080,1857.8,2,22.18,950,100,19-MAR-2024,
OPTIDX,NIFTY,25-Apr-2024,20150,CE,0,0,0,2200,1808.8,0,0,250,0,19-MAR-2024,
OPTIDX,NIFTY,25-Apr-2024,20200,CE,1983,1983,1883,1883,1759.9,2,22.13,550,100,19-MAR-2024,
OPTIDX,NIFTY,25-Apr-2024,20250,CE,0,0,0,1591.85,1711.15,0,0,0,0,19-MAR-2024,
OPTIDX,NIFTY,25-Apr-2024,20300,CE,0,0,0,1551.6,1662.55,0,0,0,0,19-MAR-2024,
OPTIDX,NIFTY,25-Apr-2024,20350,CE,0,0,0,1511.75,1614.1,0,0,0,0,19-MAR-2024,
OPTIDX,NIFTY,25-Apr-2024,20400,CE,0,0,0,1908.2,1565.9,0,0,700,0,19-MAR-2024,
OPTIDX,NIFTY,25-Apr-2024,20450,CE,0,0,0,1884.45,1517.85,0,0,100,0,19-MAR-2024,
OPTIDX,NIFTY,25-Apr-2024,20500,CE,1718.55,1742.25,1575,1591.9,1591.9,1275,14123.03,154950,38650,19-MAR-2024,
OPTIDX,NIFTY,25-Apr-2024,20550,CE,0,0,0,1357.05,1422.55,0,0,0,0,19-MAR-2024,
OPTIDX,NIFTY,25-Apr-2024,20600,CE,1630,1630,1480,1480,1480,13,144.13,1300,500,19-MAR-2024,
OPTIDX,NIFTY,25-Apr-2024,20650,CE,0,0,0,1780,1328.45,0,0,200,0,19-MAR-2024,
OPTIDX,NIFTY,25-Apr-2024,20700,CE,1450,1450,1396.25,1420.15,1281.95,60,664.01,3550,2900,19-MAR-2024,
OPTIDX,NIFTY,25-Apr-2024,20750,CE,0,0,0,1670,1235.8,0,0,250,0,19-MAR-2024,
OPTIDX,NIFTY,25-Apr-2024,20800,CE,1364,1368,1311,1311,1190.1,33,365.63,1650,1650,19-MAR-2024,
OPTIDX,NIFTY,25-Apr-2024,20850,CE,0,0,0,1139.95,1144.9,0,0,0,0,19-MAR-2024,
OPTIDX,NIFTY,25-Apr-2024,20900,CE,1285,1285,1211.15,1211.15,1211.15,29,321.47,1300,1250,19-MAR-2024,
OPTIDX,NIFTY,25-Apr-2024,20950,CE,0,0,0,1072.05,1056.05,0,0,0,0,19-MAR-2024,
OPTIDX,NIFTY,25-Apr-2024,21000,CE,1280,1284,1122.05,1133.6,1133.6,2107,23360.41,311200,41700,19-MAR-2024,
OPTIDX,NIFTY,25-Apr-2024,21050,CE,0,0,0,1329.5,969.55,0,0,550,0,19-MAR-2024,
OPTIDX,NIFTY,25-Apr-2024,21100,CE,1100,1111,1058,1060,927.3,84,931.15,2550,1300,19-MAR-2024,
OPTIDX,NIFTY,25-Apr-2024,21150,CE,1012.3,1012.3,1012.3,1012.3,1012.3,1,11.08,400,0,19-MAR-2024,
OPTIDX,NIFTY,25-Apr-2024,21200,CE,1071,1090,958,958,958,69,766.42,5300,1300,19-MAR-2024,
OPTIDX,NIFTY,25-Apr-2024,21250,CE,955,955,950.7,950.7,805.1,2,22.2,1250,50,19-MAR-2024,
OPTIDX,NIFTY,25-Apr-2024,21300,CE,996,998,870.85,874.05,874.05,22,244.68,5200,750,19-MAR-2024,
OPTIDX,NIFTY,25-Apr-2024,21350,CE,0,0,0,1001.35,727.75,0,0,500,0,19-MAR-2024,
OPTIDX,NIFTY,25-Apr-2024,21400,CE,925,925,793.85,802,802,49,544.99,9300,1350,19-MAR-2024,
OPTIDX,NIFTY,25-Apr-2024,21450,CE,0,0,0,915.5,654.1,0,0,650,0,19-MAR-2024,
OPTIDX,NIFTY,25-Apr-2024,21500,CE,864.95,866,724,731.65,731.65,3455,38495.78,210450,30150,19-MAR-2024,
OPTIDX,NIFTY,25-Apr-2024,21550,CE,692,704.15,684.8,694.5,694.5,6,66.72,650,200,19-MAR-2024,
OPTIDX,NIFTY,25-Apr-2024,21600,CE,790.05,808.65,653,661.35,661.35,903,10070.31,31600,26350,19-MAR-2024,
OPTIDX,NIFTY,25-Apr-2024,21650,CE,686,692,620.05,635.65,635.65,26,289.91,800,650,19-MAR-2024,
OPTIDX,NIFTY,25-Apr-2024,21700,CE,719.5,719.5,587.9,596.05,596.05,332,3706.89,15050,4600,19-MAR-2024,
OPTIDX,NIFTY,25-Apr-2024,21750,CE,677.05,685,555.35,559.95,559.95,127,1418.75,3600,2750,19-MAR-2024,
OPTIDX,NIFTY,25-Apr-2024,21800,CE,645.95,646.25,519.5,528.85,528.85,2394,26758.61,76350,38450,19-MAR-2024,
OPTIDX,NIFTY,25-Apr-2024,21850,CE,584,584,489,498.45,498.45,689,7707.78,18150,14900,19-MAR-2024,
OPTIDX,NIFTY,25-Apr-2024,21900,CE,579.95,586,458.15,464.95,464.95,4040,45254.83,79250,55250,19-MAR-2024,
OPTIDX,NIFTY,25-Apr-2024,21950,CE,540.05,550,431.85,437.1,437.1,471,5280.85,24300,12450,19-MAR-2024,
OPTIDX,NIFTY,25-Apr-2024,22000,CE,525.05,525.05,403.55,411.65,411.65,20586,231042.86,1011000,217000,19-MAR-2024,
OPTIDX,NIFTY,25-Apr-2024,22050,CE,478.95,480.5,377.6,382.1,382.1,266,2987.99,15950,3150,19-MAR-2024,
OPTIDX,NIFTY,25-Apr-2024,22100,CE,453.55,461.9,352.55,359.5,359.5,7062,79402.8,218900,39200,19-MAR-2024,
OPTIDX,NIFTY,25-Apr-2024,22150,CE,426.45,426.45,329.1,332.4,332.4,268,3016.79,13850,2400,19-MAR-2024,
OPTIDX,NIFTY,25-Apr-2024,22200,CE,400.25,405,304.6,309.7,309.7,7934,89405.39,406050,30100,19-MAR-2024,
OPTIDX,NIFTY,25-Apr-2024,22250,CE,367.85,374.55,282.2,291.45,291.45,397,4481.02,12900,400,19-MAR-2024,
OPTIDX,NIFTY,25-Apr-2024,22300,CE,345,351.75,261.6,266.65,266.65,5214,58904.81,198700,17000,19-MAR-2024,
OPTIDX,NIFTY,25-Apr-2024,22350,CE,311,315,241.65,248.4,248.4,340,3846.06,13750,850,19-MAR-2024,
OPTIDX,NIFTY,25-Apr-2024,22400,CE,300,302.15,222,226.2,226.2,6006,68016.68,242400,-21000,19-MAR-2024,
OPTIDX,NIFTY,25-Apr-2024,22450,CE,269,274.05,204.9,209.1,209.1,428,4854.49,17350,1050,19-MAR-2024,
OPTIDX,NIFTY,25-Apr-2024,22500,CE,259.95,263.55,188.05,192.2,192.2,23914,271612.37,1284250,100250,19-MAR-2024,
OPTIDX,NIFTY,25-Apr-2024,22550,CE,231,232.5,171.8,174.6,174.6,489,5558.76,15900,-900,19-MAR-2024,
OPTIDX,NIFTY,25-Apr-2024,22600,CE,219,223.5,155.4,158.2,158.2,4199,47824.54,166500,17750,19-MAR-2024,
OPTIDX,NIFTY,25-Apr-2024,22650,CE,195,198,142.3,144.55,144.55,455,5190.04,16400,7900,19-MAR-2024,
OPTIDX,NIFTY,25-Apr-2024,22700,CE,181.05,188,129,132.05,132.05,8566,97855.74,179350,-2450,19-MAR-2024,
OPTIDX,NIFTY,25-Apr-2024,22750,CE,167.2,172.75,117.35,119.1,119.1,981,11225.44,27700,8500,19-MAR-2024,
OPTIDX,NIFTY,25-Apr-2024,22800,CE,155,158.15,106.15,109,109,7840,89863.16,193450,57900,19-MAR-2024,
OPTIDX,NIFTY,25-Apr-2024,22850,CE,140.05,143.1,95.85,97.75,97.75,415,4765.53,12050,2050,19-MAR-2024,
OPTIDX,NIFTY,25-Apr-2024,22900,CE,135,135,86.6,89.3,89.3,4731,54415.18,116650,24950,19-MAR-2024,
OPTIDX,NIFTY,25-Apr-2024,22950,CE,116.85,118.95,78.85,80.5,80.5,537,6186.67,16550,2950,19-MAR-2024,
OPTIDX,NIFTY,25-Apr-2024,23000,CE,111,111,71.95,74.05,74.05,36076,416422.72,1213700,232800,19-MAR-2024,
OPTIDX,NIFTY,25-Apr-2024,23050,CE,95.45,96.6,63.75,65.85,65.85,311,3596.14,13800,2950,19-MAR-2024,
OPTIDX,NIFTY,25-Apr-2024,23100,CE,85.8,88.75,57.3,58.8,58.8,6652,77054.99,136850,34700,19-MAR-2024,
OPTIDX,NIFTY,25-Apr-2024,23150,CE,80,80,52.4,54.75,54.75,440,5106.14,9550,1000,19-MAR-2024,
OPTIDX,NIFTY,25-Apr-2024,23200,CE,69.8,71.2,46.15,47.65,47.65,8443,98165.89,199650,59200,19-MAR-2024,
OPTIDX,NIFTY,25-Apr-2024,23250,CE,64.1,64.1,42.6,43.95,43.95,504,5871.53,12700,6050,19-MAR-2024,
OPTIDX,NIFTY,25-Apr-2024,23300,CE,57.95,58.3,38.25,39,39,5786,67533.02,153400,-18750,19-MAR-2024,
OPTIDX,NIFTY,25-Apr-2024,23350,CE,49,51.15,35.25,36.25,36.25,447,5228.68,13900,1050,19-MAR-2024,
OPTIDX,NIFTY,25-Apr-2024,23400,CE,48,48,32.1,33.2,33.2,3243,38003.04,115700,-300,19-MAR-2024,
OPTIDX,NIFTY,25-Apr-2024,23450,CE,43.5,43.8,30.15,30.9,30.9,163,1914.03,7550,500,19-MAR-2024,
OPTIDX,NIFTY,25-Apr-2024,23500,CE,41.1,44,27.8,28.45,28.45,13839,162831.72,612700,4750,19-MAR-2024,
OPTIDX,NIFTY,25-Apr-2024,23550,CE,36.15,36.75,26,26.6,26.6,158,1862.78,14100,-300,19-MAR-2024,
OPTIDX,NIFTY,25-Apr-2024,23600,CE,32.65,34.25,24.25,24.6,24.6,3003,35475.24,103150,-22600,19-MAR-2024,
OPTIDX,NIFTY,25-Apr-2024,23650,CE,30.6,30.6,22.1,22.9,22.9,193,2284.55,7350,100,19-MAR-2024,
OPTIDX,NIFTY,25-Apr-2024,23700,CE,27.9,28.7,21.2,21.75,21.75,2061,24446.59,109550,-3350,19-MAR-2024,
OPTIDX,NIFTY,25-Apr-2024,23750,CE,23,23,20.05,21.25,21.25,48,570.51,8500,50,19-MAR-2024,
OPTIDX,NIFTY,25-Apr-2024,23800,CE,25.8,25.8,18.9,19.5,19.5,2952,35159.11,189050,12150,19-MAR-2024,
OPTIDX,NIFTY,25-Apr-2024,23850,CE,22.35,24.5,18,18.55,18.55,257,3067.22,9050,-1000,19-MAR-2024,
OPTIDX,NIFTY,25-Apr-2024,23900,CE,20.6,21.45,16.2,17.9,17.9,2005,23977.51,167800,-19100,19-MAR-2024,
OPTIDX,NIFTY,25-Apr-2024,23950,CE,19.05,19.7,14.65,17.35,17.35,34,407.43,8300,150,19-MAR-2024,
OPTIDX,NIFTY,25-Apr-2024,24000,CE,18.95,19,14.65,16,16,8548,102644.29,660400,41800,19-MAR-2024,
OPTIDX,NIFTY,25-Apr-2024,24050,CE,15,16.15,13.95,14.3,14.3,36,433.16,2950,550,19-MAR-2024,
OPTIDX,NIFTY,25-Apr-2024,24100,CE,16,17.4,11.8,14.05,14.05,155,1868.84,34850,1800,19-MAR-2024,
OPTIDX,NIFTY,25-Apr-2024,24150,CE,16.3,16.3,13.65,13.8,2.3,10,120.82,3700,150,19-MAR-2024,
OPTIDX,NIFTY,25-Apr-2024,24200,CE,14.05,14.5,11.6,13,13,923,11174.2,114400,1950,19-MAR-2024,
OPTIDX,NIFTY,25-Apr-2024,24250,CE,15.5,15.5,12,12.7,12.7,125,1516.42,24550,3050,19-MAR-2024,
OPTIDX,NIFTY,25-Apr-2024,19600,PE,11.65,14.3,11.5,13.9,13.9,1456,14278.3,157650,45150,19-MAR-2024,
OPTIDX,NIFTY,25-Apr-2024,19650,PE,0,0,0,57.1,0.5,0,0,0,0,19-MAR-2024,
OPTIDX,NIFTY,25-Apr-2024,19700,PE,0,0,0,10.45,0.65,0,0,650,0,19-MAR-2024,
OPTIDX,NIFTY,25-Apr-2024,19750,PE,0,0,0,74,0.8,0,0,350,0,19-MAR-2024,
OPTIDX,NIFTY,25-Apr-2024,19800,PE,0,0,0,71.65,1,0,0,0,0,19-MAR-2024,
OPTIDX,NIFTY,25-Apr-2024,19850,PE,0,0,0,46,1.25,0,0,50,0,19-MAR-2024,
OPTIDX,NIFTY,25-Apr-2024,19900,PE,0,0,0,82.85,1.5,0,0,0,0,19-MAR-2024,
OPTIDX,NIFTY,25-Apr-2024,19950,PE,0,0,0,89,1.85,0,0,0,0,19-MAR-2024,
OPTIDX,NIFTY,25-Apr-2024,20000,PE,18.05,20.6,16.65,20.15,20.15,9205,92137.01,737900,35700,19-MAR-2024,
OPTIDX,NIFTY,25-Apr-2024,20050,PE,0,0,0,102.3,2.7,0,0,0,0,19-MAR-2024,
OPTIDX,NIFTY,25-Apr-2024,20100,PE,17.45,23.2,17.45,22.2,22.2,89,895.34,3900,2000,19-MAR-2024,
OPTIDX,NIFTY,25-Apr-2024,20150,PE,0,0,0,17.05,3.95,0,0,100,0,19-MAR-2024,
OPTIDX,NIFTY,25-Apr-2024,20200,PE,20.65,25.5,18.7,24.55,24.55,1458,14742.76,97200,10050,19-MAR-2024,
OPTIDX,NIFTY,25-Apr-2024,20250,PE,0,0,0,133.55,5.6,0,0,0,0,19-MAR-2024,
OPTIDX,NIFTY,25-Apr-2024,20300,PE,25,29.25,22.8,29.25,29.25,92,934.98,2450,2450,19-MAR-2024,
OPTIDX,NIFTY,25-Apr-2024,20350,PE,27.5,28.9,26.25,28.6,7.9,33,336.23,1450,1450,19-MAR-2024,
OPTIDX,NIFTY,25-Apr-2024,20400,PE,23.2,35.05,23.2,32.3,32.3,461,4709.08,14800,8400,19-MAR-2024,
OPTIDX,NIFTY,25-Apr-2024,20450,PE,26.1,36.15,26.1,34.45,34.45,32,327.68,2900,550,19-MAR-2024,
OPTIDX,NIFTY,25-Apr-2024,20500,PE,30,38,28.55,35.9,35.9,11678,119898.56,777050,59900,19-MAR-2024,
OPTIDX,NIFTY,25-Apr-2024,20550,PE,33.95,42.4,33.35,38.45,38.45,135,1389.65,4500,-150,19-MAR-2024,
OPTIDX,NIFTY,25-Apr-2024,20600,PE,33.35,43.25,33,40.8,40.8,2379,24549.62,174600,21050,19-MAR-2024,
OPTIDX,NIFTY,25-Apr-2024,20650,PE,35.55,47.2,35.55,44.8,44.8,220,2276,6450,1000,19-MAR-2024,
OPTIDX,NIFTY,25-Apr-2024,20700,PE,37.55,50,36.95,47.35,47.35,2633,27310.83,321450,37850,19-MAR-2024,
OPTIDX,NIFTY,25-Apr-2024,20750,PE,41.45,54,40.8,52.25,52.25,88,915.13,5900,-1550,19-MAR-2024,
OPTIDX,NIFTY,25-Apr-2024,20800,PE,43.5,58.75,42.9,55.45,55.45,4052,42247.31,424600,31800,19-MAR-2024,
OPTIDX,NIFTY,25-Apr-2024,20850,PE,55.65,55.65,55.65,55.65,55.65,4,41.81,3150,50,19-MAR-2024,
OPTIDX,NIFTY,25-Apr-2024,20900,PE,52.3,69.9,50.55,65.2,65.2,7670,80389.51,335100,69250,19-MAR-2024,
OPTIDX,NIFTY,25-Apr-2024,20950,PE,50.1,76.4,50.1,72.3,72.3,211,2217.52,11250,6950,19-MAR-2024,
OPTIDX,NIFTY,25-Apr-2024,21000,PE,61,85.8,59.95,80.15,80.15,27119,285785.24,1574000,157650,19-MAR-2024,
OPTIDX,NIFTY,25-Apr-2024,21050,PE,68.45,88.25,67.25,84.35,84.35,171,1806.77,10700,4900,19-MAR-2024,
OPTIDX,NIFTY,25-Apr-2024,21100,PE,71.95,96.25,71,91.2,91.2,3534,37436.29,220900,6350,19-MAR-2024,
OPTIDX,NIFTY,25-Apr-2024,21150,PE,97.45,104.05,94,99.15,99.15,60,637.49,5900,2150,19-MAR-2024,
OPTIDX,NIFTY,25-Apr-2024,21200,PE,83.75,113.65,83.75,106.4,106.4,6290,66997.07,378850,94400,19-MAR-2024,
OPTIDX,NIFTY,25-Apr-2024,21250,PE,92.7,122.8,92.4,115.85,115.85,166,1772.9,12250,2700,19-MAR-2024,
OPTIDX,NIFTY,25-Apr-2024,21300,PE,100.05,133.45,98,126.35,126.35,5108,54706.21,277200,23450,19-MAR-2024,
OPTIDX,NIFTY,25-Apr-2024,21350,PE,109.55,145.1,109.5,137.35,137.35,176,1890.55,20450,3150,19-MAR-2024,
OPTIDX,NIFTY,25-Apr-2024,21400,PE,116,154.4,115.55,147.6,147.6,5928,63838.41,270250,30950,19-MAR-2024,
OPTIDX,NIFTY,25-Apr-2024,21450,PE,128.45,165.35,125.15,162.8,162.8,103,1112.46,11300,350,19-MAR-2024,
OPTIDX,NIFTY,25-Apr-2024,21500,PE,130.05,185.9,130.05,177.15,177.15,25225,273289.61,1054300,177700,19-MAR-2024,
OPTIDX,NIFTY,25-Apr-2024,21550,PE,154.6,197.4,152.15,188.6,188.6,1448,15735.18,22450,-33000,19-MAR-2024,
OPTIDX,NIFTY,25-Apr-2024,21600,PE,164.05,212.4,160.7,203.55,203.55,3541,38587.74,131850,7650,19-MAR-2024,
OPTIDX,NIFTY,25-Apr-2024,21650,PE,175.5,220.35,175.45,217.35,217.35,165,1802.88,6400,-750,19-MAR-2024,
OPTIDX,NIFTY,25-Apr-2024,21700,PE,187.45,244,187.45,232.15,232.15,5710,62592.76,184300,1050,19-MAR-2024,
OPTIDX,NIFTY,25-Apr-2024,21750,PE,183.2,259,183.2,251.3,251.3,377,4144.26,17050,2250,19-MAR-2024,
OPTIDX,NIFTY,25-Apr-2024,21800,PE,217.05,279.45,215.6,267.95,267.95,9566,105503.88,276550,42200,19-MAR-2024,
OPTIDX,NIFTY,25-Apr-2024,21850,PE,225,294,225,287,287,617,6825.81,15900,6150,19-MAR-2024,
OPTIDX,NIFTY,25-Apr-2024,21900,PE,247,317.7,244.55,305.5,305.5,6890,76444.44,198550,83600,19-MAR-2024,
OPTIDX,NIFTY,25-Apr-2024,21950,PE,259.55,336,258.05,326.8,326.8,607,6752.83,12100,1100,19-MAR-2024,
OPTIDX,NIFTY,25-Apr-2024,22000,PE,288.55,361,257.7,347.1,347.1,28994,323704.22,1383800,122200,19-MAR-2024,
OPTIDX,NIFTY,25-Apr-2024,22050,PE,290,379.5,290,368.3,368.3,415,4646.66,20100,-3100,19-MAR-2024,
OPTIDX,NIFTY,25-Apr-2024,22100,PE,305.4,409.35,305.4,395.7,395.7,6930,77889.8,209400,-13450,19-MAR-2024,
OPTIDX,NIFTY,25-Apr-2024,22150,PE,346.55,431,343.95,417.95,417.95,392,4417.83,12550,5400,19-MAR-2024,
OPTIDX,NIFTY,25-Apr-2024,22200,PE,364.95,462,362.5,447,447,7191,81340.49,392800,-50350,19-MAR-2024,
OPTIDX,NIFTY,25-Apr-2024,22250,PE,392.45,479.55,392.45,477.05,477.05,207,2348.71,8400,-1000,19-MAR-2024,
OPTIDX,NIFTY,25-Apr-2024,22300,PE,409.95,516.6,408,503.15,503.15,2089,23793.84,171700,-9250,19-MAR-2024,
OPTIDX,NIFTY,25-Apr-2024,22350,PE,448.45,540,440.95,533.6,533.6,118,1348.29,9900,-100,19-MAR-2024,
OPTIDX,NIFTY,25-Apr-2024,22400,PE,462.45,578,459.5,561.9,561.9,1465,16792.96,136250,-15200,19-MAR-2024,
OPTIDX,NIFTY,25-Apr-2024,22450,PE,501.95,599.95,493.5,597.5,597.5,138,1588.46,38350,3350,19-MAR-2024,
OPTIDX,NIFTY,25-Apr-2024,22500,PE,504.05,643.95,504.05,627.75,627.75,8072,93236.6,744900,-84800,19-MAR-2024,
OPTIDX,NIFTY,25-Apr-2024,22550,PE,566,675.45,566,659,659,23,266.65,9150,800,19-MAR-2024,
OPTIDX,NIFTY,25-Apr-2024,22600,PE,578.95,706.85,576.3,692.4,692.4,356,4140.12,48650,-4000,19-MAR-2024,
OPTIDX,NIFTY,25-Apr-2024,22650,PE,608.95,702.85,608.95,696.55,785.75,28,326.25,9150,500,19-MAR-2024,
OPTIDX,NIFTY,25-Apr-2024,22700,PE,650,770.9,647,762.45,762.45,229,2681.15,24650,2050,19-MAR-2024,
OPTIDX,NIFTY,25-Apr-2024,22750,PE,687.95,800,680.95,792.35,792.35,29,340.72,12300,750,19-MAR-2024,
OPTIDX,NIFTY,25-Apr-2024,22800,PE,715.75,843.65,711,838.3,838.3,187,2205.25,16800,5100,19-MAR-2024,
OPTIDX,NIFTY,25-Apr-2024,22850,PE,753.45,818.05,753.45,818.05,948.45,6,70.9,10850,-150,19-MAR-2024,
OPTIDX,NIFTY,25-Apr-2024,22900,PE,890,925,868.9,918,918,21,249.79,8850,-250,19-MAR-2024,
OPTIDX,NIFTY,25-Apr-2024,22950,PE,829.65,956,829.6,956,956,5,59.57,3500,150,19-MAR-2024,
OPTIDX,NIFTY,25-Apr-2024,23000,PE,867.95,1020,866,1007.45,1007.45,2421,29006.67,232450,11950,19-MAR-2024,
OPTIDX,NIFTY,25-Apr-2024,23050,PE,907,1029.9,905.45,1029.9,1029.9,5,60.01,3200,100,19-MAR-2024,
OPTIDX,NIFTY,25-Apr-2024,23100,PE,945.45,1050,945.45,1050,1166.25,7,84.35,9900,0,19-MAR-2024,
OPTIDX,NIFTY,25-Apr-2024,23150,PE,987.05,1099.5,987,1099.5,1099.5,5,60.45,6550,50,19-MAR-2024,
OPTIDX,NIFTY,25-Apr-2024,23200,PE,1048,1135,1048,1110.95,1256.9,10,121.53,14050,0,19-MAR-2024,
OPTIDX,NIFTY,25-Apr-2024,23250,PE,0,0,0,985.45,1302.85,0,0,100,0,19-MAR-2024,
OPTIDX,NIFTY,25-Apr-2024,23300,PE,0,0,0,1045.1,1349.2,0,0,13300,0,19-MAR-2024,
OPTIDX,NIFTY,25-Apr-2024,23350,PE,0,0,0,1008.9,1395.85,0,0,550,0,19-MAR-2024,
OPTIDX,NIFTY,25-Apr-2024,23400,PE,0,0,0,1179.45,1442.8,0,0,4500,0,19-MAR-2024,
OPTIDX,NIFTY,25-Apr-2024,23450,PE,0,0,0,1226.7,1490.05,0,0,15300,0,19-MAR-2024,
OPTIDX,NIFTY,25-Apr-2024,23500,PE,1283.95,1472,1283.95,1459.7,1459.7,1571,19539.94,185350,32700,19-MAR-2024,
OPTIDX,NIFTY,25-Apr-2024,23550,PE,0,0,0,1895.9,1585.35,0,0,0,0,19-MAR-2024,
OPTIDX,NIFTY,25-Apr-2024,23600,PE,0,0,0,996.35,1633.3,0,0,1850,0,19-MAR-2024,
OPTIDX,NIFTY,25-Apr-2024,23650,PE,0,0,0,1377.15,1681.45,0,0,650,0,19-MAR-2024,
OPTIDX,NIFTY,25-Apr-2024,23700,PE,1625,1625,1625,1625,1625,3,37.98,11650,100,19-MAR-2024,
OPTIDX,NIFTY,25-Apr-2024,23750,PE,0,0,0,1160.8,1778.3,0,0,600,0,19-MAR-2024,
OPTIDX,NIFTY,25-Apr-2024,23800,PE,0,0,0,1508.25,1826.9,0,0,1450,0,19-MAR-2024,
OPTIDX,NIFTY,25-Apr-2024,23850,PE,0,0,0,1288.55,1875.65,0,0,450,0,19-MAR-2024,
OPTIDX,NIFTY,25-Apr-2024,23900,PE,0,0,0,1551.75,1924.55,0,0,900,0,19-MAR-2024,
OPTIDX,NIFTY,25-Apr-2024,23950,PE,0,0,0,1290,1973.5,0,0,750,0,19-MAR-2024,
OPTIDX,NIFTY,25-Apr-2024,24000,PE,1810,1964.35,1790,1945.3,1945.3,4027,52173.13,771100,141600,19-MAR-2024,
OPTIDX,NIFTY,25-Apr-2024,24050,PE,0,0,0,2337.3,2071.7,0,0,0,0,19-MAR-2024,
OPTIDX,NIFTY,25-Apr-2024,24100,PE,0,0,0,2382.7,2120.9,0,0,0,0,19-MAR-2024,
OPTIDX,NIFTY,25-Apr-2024,24150,PE,0,0,0,2428.3,2170.15,0,0,0,0,19-MAR-2024,
OPTIDX,NIFTY,25-Apr-2024,24200,PE,0,0,0,1890.25,2219.5,0,0,1900,0,19-MAR-2024,
OPTIDX,NIFTY,25-Apr-2024,24250,PE,0,0,0,2520.05,2268.85,0,0,0,0,19-MAR-2024,
OPTIDX,NIFTY,30-May-2024,20250,CE,0,0,0,2161.35,1861.25,0,0,0,0,19-MAR-2024,
OPTIDX,NIFTY,30-May-2024,20300,CE,0,0,0,2116.95,1814.85,0,0,0,0,19-MAR-2024,
OPTIDX,NIFTY,30-May-2024,20350,CE,0,0,0,2072.8,1768.7,0,0,0,0,19-MAR-2024,
OPTIDX,NIFTY,30-May-2024,20400,CE,0,0,0,2028.95,1722.85,0,0,0,0,19-MAR-2024,
OPTIDX,NIFTY,30-May-2024,20450,CE,0,0,0,1985.35,1677.35,0,0,0,0,19-MAR-2024,
OPTIDX,NIFTY,30-May-2024,20500,CE,1775,1775,1775,1775,1632.15,1,11.13,50,50,19-MAR-2024,
OPTIDX,NIFTY,30-May-2024,20550,CE,0,0,0,1899.25,1587.3,0,0,0,0,19-MAR-2024,
OPTIDX,NIFTY,30-May-2024,20600,CE,0,0,0,1856.7,1542.8,0,0,0,0,19-MAR-2024,
OPTIDX,NIFTY,30-May-2024,20650,CE,0,0,0,1814.45,1498.7,0,0,0,0,19-MAR-2024,
OPTIDX,NIFTY,30-May-2024,20700,CE,0,0,0,1772.6,1455.05,0,0,0,0,19-MAR-2024,
OPTIDX,NIFTY,30-May-2024,20750,CE,0,0,0,1731.15,1411.8,0,0,0,0,19-MAR-2024,
OPTIDX,NIFTY,30-May-2024,20800,CE,0,0,0,1690.1,1369.05,0,0,0,0,19-MAR-2024,
OPTIDX,NIFTY,30-May-2024,20850,CE,0,0,0,1649.4,1326.7,0,0,0,0,19-MAR-2024,
OPTIDX,NIFTY,30-May-2024,20900,CE,0,0,0,1609.15,1284.9,0,0,0,0,19-MAR-2024,
OPTIDX,NIFTY,30-May-2024,20950,CE,0,0,0,1569.3,1243.65,0,0,0,0,19-MAR-2024,
OPTIDX,NIFTY,30-May-2024,21000,CE,1480,1480,1329.25,1338.25,1338.25,455,5092.7,8500,-11050,19-MAR-2024,
OPTIDX,NIFTY,30-May-2024,21050,CE,0,0,0,1490.95,1162.7,0,0,0,0,19-MAR-2024,
OPTIDX,NIFTY,30-May-2024,21100,CE,0,0,0,1452.45,1123.1,0,0,0,0,19-MAR-2024,
OPTIDX,NIFTY,30-May-2024,21150,CE,0,0,0,1414.4,1084.15,0,0,0,0,19-MAR-2024,
OPTIDX,NIFTY,30-May-2024,21200,CE,0,0,0,1370,1045.8,0,0,50,0,19-MAR-2024,
OPTIDX,NIFTY,30-May-2024,21250,CE,0,0,0,1339.8,1008.05,0,0,0,0,19-MAR-2024,
OPTIDX,NIFTY,30-May-2024,21300,CE,0,0,0,1304,971,0,0,0,0,19-MAR-2024,
OPTIDX,NIFTY,30-May-2024,21350,CE,0,0,0,1267.85,934.65,0,0,0,0,19-MAR-2024,
OPTIDX,NIFTY,30-May-2024,21400,CE,0,0,0,1231.35,899,0,0,0,0,19-MAR-2024,
OPTIDX,NIFTY,30-May-2024,21450,CE,0,0,0,1196.35,864,0,0,0,0,19-MAR-2024,
OPTIDX,NIFTY,30-May-2024,21500,CE,1070,1083.35,954,963.65,963.65,320,3599.39,23150,8600,19-MAR-2024,
OPTIDX,NIFTY,30-May-2024,21550,CE,0,0,0,1127.95,796.3,0,0,0,0,19-MAR-2024,
OPTIDX,NIFTY,30-May-2024,21600,CE,986.45,986.45,886,888.8,888.8,25,281.32,1000,950,19-MAR-2024,
OPTIDX,NIFTY,30-May-2024,21650,CE,880,880,880,880,731.65,1,11.26,100,50,19-MAR-2024,
OPTIDX,NIFTY,30-May-2024,21700,CE,0,0,0,1015.75,700.5,0,0,150,0,19-MAR-2024,
OPTIDX,NIFTY,30-May-2024,21750,CE,0,0,0,997.8,670.1,0,0,0,0,19-MAR-2024,
OPTIDX,NIFTY,30-May-2024,21800,CE,873.9,873.9,756,761.65,761.65,192,2168.01,9800,4650,19-MAR-2024,
OPTIDX,NIFTY,30-May-2024,21850,CE,0,0,0,936.15,611.75,0,0,0,0,19-MAR-2024,
OPTIDX,NIFTY,30-May-2024,21900,CE,791.2,811,699.95,701.05,701.05,262,2965.73,7000,6450,19-MAR-2024,
OPTIDX,NIFTY,30-May-2024,21950,CE,0,0,0,876.85,556.65,0,0,0,0,19-MAR-2024,
OPTIDX,NIFTY,30-May-2024,22000,CE,752,757.1,641,644.9,644.9,1592,18057.48,136750,9200,19-MAR-2024,
OPTIDX,NIFTY,30-May-2024,22050,CE,0,0,0,819.9,504.8,0,0,0,0,19-MAR-2024,
OPTIDX,NIFTY,30-May-2024,22100,CE,686,686,582.25,586.05,586.05,94,1067.87,6050,1700,19-MAR-2024,
OPTIDX,NIFTY,30-May-2024,22150,CE,0,0,0,765.35,456.2,0,0,0,0,19-MAR-2024,
OPTIDX,NIFTY,30-May-2024,22200,CE,630.05,630.05,529.4,533.55,533.55,452,5145.88,14450,5550,19-MAR-2024,
OPTIDX,NIFTY,30-May-2024,22250,CE,0,0,0,713.2,410.85,0,0,0,0,19-MAR-2024,
OPTIDX,NIFTY,30-May-2024,22300,CE,598.1,598.1,478.25,483.9,483.9,388,4426.46,5600,0,19-MAR-2024,
OPTIDX,NIFTY,30-May-2024,22350,CE,0,0,0,663.3,368.7,0,0,0,0,19-MAR-2024,
OPTIDX,NIFTY,30-May-2024,22400,CE,537.45,537.45,429.35,433.2,433.2,104,1188.72,12150,2350,19-MAR-2024,
OPTIDX,NIFTY,30-May-2024,22450,CE,0,0,0,523.8,329.7,0,0,750,0,19-MAR-2024,
OPTIDX,NIFTY,30-May-2024,22500,CE,510,510,388,393.6,393.6,2794,32030.76,181600,34550,19-MAR-2024,
OPTIDX,NIFTY,30-May-2024,22550,CE,0,0,0,570.85,293.8,0,0,0,0,19-MAR-2024,
OPTIDX,NIFTY,30-May-2024,22600,CE,445.15,445.15,344.65,347.4,347.4,61,700.8,3100,800,19-MAR-2024,
OPTIDX,NIFTY,30-May-2024,22650,CE,410,410,400,404,260.85,4,46.1,300,50,19-MAR-2024,
OPTIDX,NIFTY,30-May-2024,22700,CE,380.05,385,307.1,309.2,309.2,297,3421.17,12550,7550,19-MAR-2024,
OPTIDX,NIFTY,30-May-2024,22750,CE,318,318,309,309,230.7,3,34.59,250,100,19-MAR-2024,
OPTIDX,NIFTY,30-May-2024,22800,CE,360,360,270.1,274.6,274.6,573,6620.71,22650,12550,19-MAR-2024,
OPTIDX,NIFTY,30-May-2024,22850,CE,0,0,0,449.7,203.3,0,0,0,0,19-MAR-2024,
OPTIDX,NIFTY,30-May-2024,22900,CE,305,305,244.15,249,249,47,544.36,1700,1250,19-MAR-2024,
OPTIDX,NIFTY,30-May-2024,22950,CE,262.2,262.2,220.35,224.95,224.95,3,34.78,100,50,19-MAR-2024,
OPTIDX,NIFTY,30-May-2024,23000,CE,278,282.45,214,219.15,219.15,5071,58939.4,198600,15900,19-MAR-2024,
OPTIDX,NIFTY,30-May-2024,23050,CE,214.95,214.95,214.95,214.95,156.15,1,11.63,950,50,19-MAR-2024,
OPTIDX,NIFTY,30-May-2024,23100,CE,235.25,247.05,188.45,192.6,192.6,154,1795.26,3650,-1650,19-MAR-2024,
OPTIDX,NIFTY,30-May-2024,23150,CE,189.15,189.15,188.95,188.95,136.05,2,23.33,100,100,19-MAR-2024,
OPTIDX,NIFTY,30-May-2024,23200,CE,204.6,215,165.1,168.2,168.2,97,1134.36,2450,750,19-MAR-2024,
OPTIDX,NIFTY,30-May-2024,23250,CE,165.8,165.8,165.8,165.8,165.8,1,11.7,250,-50,19-MAR-2024,
OPTIDX,NIFTY,30-May-2024,23300,CE,169.55,172.85,144,150.65,150.65,141,1653.82,6050,1000,19-MAR-2024,
OPTIDX,NIFTY,30-May-2024,23350,CE,0,0,0,168.1,102.15,0,0,100,0,19-MAR-2024,
OPTIDX,NIFTY,30-May-2024,23400,CE,174.15,174.15,124.5,129.75,129.75,32,376.56,2900,1150,19-MAR-2024,
OPTIDX,NIFTY,30-May-2024,23450,CE,0,0,0,266.5,88,0,0,0,0,19-MAR-2024,
OPTIDX,NIFTY,30-May-2024,23500,CE,155,155,110,112.5,112.5,3728,44046.34,138650,9450,19-MAR-2024,
OPTIDX,NIFTY,30-May-2024,23550,CE,116.7,116.7,116.7,116.7,75.5,1,11.83,50,50,19-MAR-2024,
OPTIDX,NIFTY,30-May-2024,23600,CE,118,118,98,99.95,99.95,47,557.04,1350,-1600,19-MAR-2024,
OPTIDX,NIFTY,30-May-2024,23650,CE,0,0,0,219.8,64.55,0,0,0,0,19-MAR-2024,
OPTIDX,NIFTY,30-May-2024,23700,CE,104,109.1,81.1,84.15,84.15,155,1844.08,3700,700,19-MAR-2024,
OPTIDX,NIFTY,30-May-2024,23750,CE,121,121,88.5,88.5,55,32,381.5,750,-1500,19-MAR-2024,
OPTIDX,NIFTY,30-May-2024,23800,CE,109.95,110,69.45,72.35,72.35,212,2531.5,6700,1650,19-MAR-2024,
OPTIDX,NIFTY,30-May-2024,23850,CE,0,0,0,180.4,46.65,0,0,0,0,19-MAR-2024,
OPTIDX,NIFTY,30-May-2024,23900,CE,0,0,0,171.5,42.9,0,0,0,0,19-MAR-2024,
OPTIDX,NIFTY,30-May-2024,23950,CE,0,0,0,163,39.45,0,0,0,0,19-MAR-2024,
OPTIDX,NIFTY,30-May-2024,24000,CE,74.35,80,52.65,55.15,55.15,3794,45650.36,168050,2350,19-MAR-2024,
OPTIDX,NIFTY,30-May-2024,24050,CE,0,0,0,197.15,33.2,0,0,100,0,19-MAR-2024,
OPTIDX,NIFTY,30-May-2024,24100,CE,51,51,51,51,30.45,1,12.07,50,50,19-MAR-2024,
OPTIDX,NIFTY,30-May-2024,24150,CE,48,48,47.6,47.65,47.65,4,48.39,200,0,19-MAR-2024,
OPTIDX,NIFTY,30-May-2024,24200,CE,61.15,61.2,42.2,49.3,49.3,201,2437.32,18250,1200,19-MAR-2024,
OPTIDX,NIFTY,30-May-2024,24250,CE,52.8,56,51.8,51.8,23.3,13,157.97,1850,-250,19-MAR-2024,
OPTIDX,NIFTY,30-May-2024,20250,PE,44.05,60.3,44.05,58.15,58.15,129,1309.84,3550,2350,19-MAR-2024,
OPTIDX,NIFTY,30-May-2024,20300,PE,50,67.35,50,59.3,59.3,302,3074.66,15650,10950,19-MAR-2024,
OPTIDX,NIFTY,30-May-2024,20350,PE,0,0,0,70.45,32.1,0,0,0,0,19-MAR-2024,
OPTIDX,NIFTY,30-May-2024,20400,PE,0,0,0,75.7,35.6,0,0,0,0,19-MAR-2024,
OPTIDX,NIFTY,30-May-2024,20450,PE,0,0,0,81.25,39.4,0,0,0,0,19-MAR-2024,
OPTIDX,NIFTY,30-May-2024,20500,PE,73.55,86.9,73.55,82.1,82.1,2339,24070.22,310150,41800,19-MAR-2024,
OPTIDX,NIFTY,30-May-2024,20550,PE,0,0,0,140,48.05,0,0,600,0,19-MAR-2024,
OPTIDX,NIFTY,30-May-2024,20600,PE,0,0,0,99.85,52.9,0,0,0,0,19-MAR-2024,
OPTIDX,NIFTY,30-May-2024,20650,PE,0,0,0,106.7,58.15,0,0,500,0,19-MAR-2024,
OPTIDX,NIFTY,30-May-2024,20700,PE,72.1,108,72.1,103.7,103.7,420,4368.3,16250,16050,19-MAR-2024,
OPTIDX,NIFTY,30-May-2024,20750,PE,0,0,0,121.6,69.9,0,0,0,0,19-MAR-2024,
OPTIDX,NIFTY,30-May-2024,20800,PE,0,0,0,109.7,76.45,0,0,1150,0,19-MAR-2024,
OPTIDX,NIFTY,30-May-2024,20850,PE,0,0,0,138,83.5,0,0,0,0,19-MAR-2024,
OPTIDX,NIFTY,30-May-2024,20900,PE,0,0,0,146.85,91.05,0,0,0,0,19-MAR-2024,
OPTIDX,NIFTY,30-May-2024,20950,PE,0,0,0,140.95,99.1,0,0,200,0,19-MAR-2024,
OPTIDX,NIFTY,30-May-2024,21000,PE,139.95,159.65,136.85,153.8,153.8,4194,44349.46,364500,15250,19-MAR-2024,
OPTIDX,NIFTY,30-May-2024,21050,PE,154.75,154.9,154.75,154.9,116.85,2,21.2,100,100,19-MAR-2024,
OPTIDX,NIFTY,30-May-2024,21100,PE,155,164,152.6,154.9,126.6,4,42.51,850,200,19-MAR-2024,
OPTIDX,NIFTY,30-May-2024,21150,PE,180,180,175.85,176.75,176.75,16,170.63,700,600,19-MAR-2024,
OPTIDX,NIFTY,30-May-2024,21200,PE,173.7,193.3,169,185.5,185.5,375,4008.89,96300,9750,19-MAR-2024,
OPTIDX,NIFTY,30-May-2024,21250,PE,186.2,186.2,182.7,182.7,159.55,14,150.03,700,700,19-MAR-2024,
OPTIDX,NIFTY,30-May-2024,21300,PE,192.9,215,180.35,209.3,209.3,271,2913.84,28100,10700,19-MAR-2024,
OPTIDX,NIFTY,30-May-2024,21350,PE,0,0,0,209.2,184.8,0,0,350,0,19-MAR-2024,
OPTIDX,NIFTY,30-May-2024,21400,PE,227.4,242,212,235.55,235.55,228,2465.57,26600,7100,19-MAR-2024,
OPTIDX,NIFTY,30-May-2024,21450,PE,0,0,0,234.45,212.85,0,0,300,0,19-MAR-2024,
OPTIDX,NIFTY,30-May-2024,21500,PE,219.95,275.95,219.95,266.9,266.9,2659,28925.9,252250,48450,19-MAR-2024,
OPTIDX,NIFTY,30-May-2024,21550,PE,0,0,0,273.55,243.85,0,0,200,0,19-MAR-2024,
OPTIDX,NIFTY,30-May-2024,21600,PE,251.85,303,251.85,292.8,292.8,122,1334.93,12650,650,19-MAR-2024,
OPTIDX,NIFTY,30-May-2024,21650,PE,0,0,0,271.3,277.85,0,0,100,0,19-MAR-2024,
OPTIDX,NIFTY,30-May-2024,21700,PE,287,335,287,325.3,325.3,176,1937.38,6850,2150,19-MAR-2024,
OPTIDX,NIFTY,30-May-2024,21750,PE,0,0,0,370.1,314.95,0,0,0,0,19-MAR-2024,
OPTIDX,NIFTY,30-May-2024,21800,PE,328,370,320,360.65,360.65,267,2957.04,33800,4350,19-MAR-2024,
OPTIDX,NIFTY,30-May-2024,21850,PE,375,375,374.95,374.95,355.3,2,22.22,100,100,19-MAR-2024,
OPTIDX,NIFTY,30-May-2024,21900,PE,366,406,364,397.15,397.15,99,1103.25,2950,1900,19-MAR-2024,
OPTIDX,NIFTY,30-May-2024,21950,PE,400,416.7,400,416.7,398.85,4,44.72,150,150,19-MAR-2024,
OPTIDX,NIFTY,30-May-2024,22000,PE,387.45,452.1,382.4,438.3,438.3,3273,36699.74,150800,-10750,19-MAR-2024,
OPTIDX,NIFTY,30-May-2024,22050,PE,0,0,0,404.6,445.7,0,0,200,0,19-MAR-2024,
OPTIDX,NIFTY,30-May-2024,22100,PE,422.35,483.85,422.35,475.3,475.3,184,2076.51,7700,-1650,19-MAR-2024,
OPTIDX,NIFTY,30-May-2024,22150,PE,0,0,0,418.1,495.75,0,0,350,0,19-MAR-2024,
OPTIDX,NIFTY,30-May-2024,22200,PE,479.3,542.65,472.75,523.85,523.85,96,1090.02,9800,150,19-MAR-2024,
OPTIDX,NIFTY,30-May-2024,22250,PE,0,0,0,576.35,549.1,0,0,0,0,19-MAR-2024,
OPTIDX,NIFTY,30-May-2024,22300,PE,555,583.45,527.1,583.45,583.45,32,365.74,7700,350,19-MAR-2024,
OPTIDX,NIFTY,30-May-2024,22350,PE,0,0,0,390,605.65,0,0,50,0,19-MAR-2024,
OPTIDX,NIFTY,30-May-2024,22400,PE,575,628.6,575,623.65,623.65,23,264.67,9000,-150,19-MAR-2024,
OPTIDX,NIFTY,30-May-2024,22450,PE,0,0,0,666,665.35,0,0,350,0,19-MAR-2024,
OPTIDX,NIFTY,30-May-2024,22500,PE,598.5,691.6,598.5,679.15,679.15,1124,13016.26,120750,9350,19-MAR-2024,
OPTIDX,NIFTY,30-May-2024,22550,PE,0,0,0,650,728.1,0,0,1200,0,19-MAR-2024,
OPTIDX,NIFTY,30-May-2024,22600,PE,720,738,720,738,760.55,5,58.3,2350,-250,19-MAR-2024,
OPTIDX,NIFTY,30-May-2024,22650,PE,0,0,0,784.1,793.8,0,0,0,0,19-MAR-2024,
OPTIDX,NIFTY,30-May-2024,22700,PE,775.35,789.95,773.35,773.35,827.7,7,82.18,5300,-50,19-MAR-2024,
OPTIDX,NIFTY,30-May-2024,22750,PE,0,0,0,841.9,862.35,0,0,0,0,19-MAR-2024,
OPTIDX,NIFTY,30-May-2024,22800,PE,0,0,0,814.8,897.65,0,0,900,0,19-MAR-2024,
OPTIDX,NIFTY,30-May-2024,22850,PE,0,0,0,902,933.65,0,0,0,0,19-MAR-2024,
OPTIDX,NIFTY,30-May-2024,22900,PE,0,0,0,827.05,970.25,0,0,1100,0,19-MAR-2024,
OPTIDX,NIFTY,30-May-2024,22950,PE,0,0,0,851,1007.5,0,0,950,0,19-MAR-2024,
OPTIDX,NIFTY,30-May-2024,23000,PE,890,1010,889.95,995.95,995.95,492,5896.49,32400,1200,19-MAR-2024,
OPTIDX,NIFTY,30-May-2024,23050,PE,0,0,0,1000.95,1083.8,0,0,50,0,19-MAR-2024,
OPTIDX,NIFTY,30-May-2024,23100,PE,0,0,0,1061.75,1122.85,0,0,0,0,19-MAR-2024,
OPTIDX,NIFTY,30-May-2024,23150,PE,0,0,0,1095.3,1162.4,0,0,0,0,19-MAR-2024,
OPTIDX,NIFTY,30-May-2024,23200,PE,1111,1111,1111,1111,1202.5,1,12.15,50,50,19-MAR-2024,
OPTIDX,NIFTY,30-May-2024,23250,PE,0,0,0,1163.9,1243.15,0,0,0,0,19-MAR-2024,
OPTIDX,NIFTY,30-May-2024,23300,PE,0,0,0,1198.9,1284.25,0,0,0,0,19-MAR-2024,
OPTIDX,NIFTY,30-May-2024,23350,PE,0,0,0,1234.45,1325.85,0,0,0,0,19-MAR-2024,
OPTIDX,NIFTY,30-May-2024,23400,PE,0,0,0,1270.45,1367.9,0,0,0,0,19-MAR-2024,
OPTIDX,NIFTY,30-May-2024,23450,PE,0,0,0,1307.9,1410.4,0,0,0,0,19-MAR-2024,
OPTIDX,NIFTY,30-May-2024,23500,PE,1330,1360.2,1330,1360.2,1360.2,4,49.67,4800,50,19-MAR-2024,
OPTIDX,NIFTY,30-May-2024,23550,PE,0,0,0,1382.35,1496.6,0,0,0,0,19-MAR-2024,
OPTIDX,NIFTY,30-May-2024,23600,PE,0,0,0,1419.3,1540.25,0,0,0,0,19-MAR-2024,
OPTIDX,NIFTY,30-May-2024,23650,PE,0,0,0,1457.55,1584.3,0,0,0,0,19-MAR-2024,
OPTIDX,NIFTY,30-May-2024,23700,PE,0,0,0,1496.2,1628.7,0,0,0,0,19-MAR-2024,
OPTIDX,NIFTY,30-May-2024,23750,PE,0,0,0,1250,1673.4,0,0,100,0,19-MAR-2024,
OPTIDX,NIFTY,30-May-2024,23800,PE,0,0,0,1574.7,1718.45,0,0,0,0,19-MAR-2024,
OPTIDX,NIFTY,30-May-2024,23850,PE,0,0,0,1614.55,1763.75,0,0,0,0,19-MAR-2024,
OPTIDX,NIFTY,30-May-2024,23900,PE,0,0,0,1654.75,1809.35,0,0,0,0,19-MAR-2024,
OPTIDX,NIFTY,30-May-2024,23950,PE,0,0,0,1695.3,1855.2,0,0,0,0,19-MAR-2024,
OPTIDX,NIFTY,30-May-2024,24000,PE,1755,1800,1745,1800,1800,7,90.17,650,150,19-MAR-2024,
OPTIDX,NIFTY,30-May-2024,24050,PE,0,0,0,1777.45,1947.65,0,0,0,0,19-MAR-2024,
OPTIDX,NIFTY,30-May-2024,24100,PE,0,0,0,1819.05,1994.2,0,0,0,0,19-MAR-2024,
OPTIDX,NIFTY,30-May-2024,24150,PE,0,0,0,1860.95,2041,0,0,0,0,19-MAR-2024,
OPTIDX,NIFTY,30-May-2024,24200,PE,0,0,0,1903.2,2087.95,0,0,0,0,19-MAR-2024,
OPTIDX,NIFTY,30-May-2024,24250,PE,0,0,0,1945.7,2135.1,0,0,0,0,19-MAR-2024,
OPTIDX,NIFTY,27-Jun-2024,15000,CE,7075,7125,7075,7125,7092.3,5,55.26,1150,150,19-MAR-2024,
OPTIDX,NIFTY,27-Jun-2024,16000,CE,0,0,0,2666.1,6110.6,0,0,0,0,19-MAR-2024,
OPTIDX,NIFTY,27-Jun-2024,17000,CE,5170,5180,5170,5180,5128.95,2,22.17,200,100,19-MAR-2024,
OPTIDX,NIFTY,27-Jun-2024,18000,CE,4300,4337.15,4160,4181.5,4181.5,1430,15882.47,252200,54500,19-MAR-2024,
OPTIDX,NIFTY,27-Jun-2024,18500,CE,0,0,0,4020,3657.25,0,0,4575,0,19-MAR-2024,
OPTIDX,NIFTY,27-Jun-2024,19000,CE,3333,3396.45,3225,3257.25,3257.25,626,6975.67,219450,800,19-MAR-2024,
OPTIDX,NIFTY,27-Jun-2024,20000,CE,2505,2505,2342.15,2360.25,2360.25,591,6614.83,264450,5550,19-MAR-2024,
OPTIDX,NIFTY,27-Jun-2024,21000,CE,1692.35,1692.35,1537.4,1552.5,1552.5,1025,11574.03,458650,3800,19-MAR-2024,
OPTIDX,NIFTY,27-Jun-2024,22000,CE,1034.35,1034.35,891.55,899.75,899.75,3132,35915.03,667950,45950,19-MAR-2024,
OPTIDX,NIFTY,27-Jun-2024,23000,CE,499,509.45,425.7,432.35,432.35,3772,44230.52,795400,-8600,19-MAR-2024,
OPTIDX,NIFTY,27-Jun-2024,24000,CE,216,216,170,172.2,172.2,4929,59602.74,1015500,-2850,19-MAR-2024,
OPTIDX,NIFTY,27-Jun-2024,25000,CE,80.9,86.4,60.7,62.85,62.85,2912,36501.98,413200,-21800,19-MAR-2024,
OPTIDX,NIFTY,27-Jun-2024,26000,CE,39.05,39.95,28.4,29.85,29.85,1060,13797.77,178200,1750,19-MAR-2024,
OPTIDX,NIFTY,27-Jun-2024,27000,CE,20,20,14.95,16.6,16.6,6,81.05,250,250,19-MAR-2024,
OPTIDX,NIFTY,27-Jun-2024,14000,PE,0,0,0,9,0.05,0,0,7075,0,19-MAR-2024,
OPTIDX,NIFTY,27-Jun-2024,15000,PE,0,0,0,3.05,0.05,0,0,13325,0,19-MAR-2024,
OPTIDX,NIFTY,27-Jun-2024,16000,PE,13.85,13.85,12,13.05,13.05,85,680.53,59150,2750,19-MAR-2024,
OPTIDX,NIFTY,27-Jun-2024,17000,PE,17.85,17.95,16.05,17.25,17.25,239,2033.52,163100,-3600,19-MAR-2024,
OPTIDX,NIFTY,27-Jun-2024,18000,PE,22.05,23.75,19.25,19.65,19.65,1453,13091.8,575650,2100,19-MAR-2024,
OPTIDX,NIFTY,27-Jun-2024,19000,PE,47,51.7,45,47.15,47.15,1463,13933.39,774500,4800,19-MAR-2024,
OPTIDX,NIFTY,27-Jun-2024,20000,PE,116,122.75,108.05,116.9,116.9,4915,49436.92,1101850,26150,19-MAR-2024,
OPTIDX,NIFTY,27-Jun-2024,21000,PE,239,278,239,271.5,271.5,4196,44615.6,1432300,-14250,19-MAR-2024,
OPTIDX,NIFTY,27-Jun-2024,22000,PE,528,595.55,528,585.3,585.3,4687,52897.37,1180800,58450,19-MAR-2024,
OPTIDX,NIFTY,27-Jun-2024,23000,PE,1009.85,1108.25,1009.75,1095.1,1095.1,894,10758.54,401350,2650,19-MAR-2024,
OPTIDX,NIFTY,27-Jun-2024,24000,PE,1700.05,1822,1700,1799.65,1799.65,779,10040.95,317650,12750,19-MAR-2024,
OPTIDX,NIFTY,27-Jun-2024,25000,PE,2525,2690,2525,2664.8,2664.8,35,483.28,18400,500,19-MAR-2024,
OPTIDX,NIFTY,27-Jun-2024,26000,PE,3450,3650,3450,3575.85,3575.85,90,1329.38,9100,4300,19-MAR-2024,
OPTIDX,NIFTY,27-Jun-2024,27000,PE,0,0,0,8206,4688.35,0,0,0,0,19-MAR-2024,
OPTIDX,NIFTY,26-Sep-2024,16000,CE,0,0,0,4667.4,6372.75,0,0,0,0,19-MAR-2024,
OPTIDX,NIFTY,26-Sep-2024,17000,CE,0,0,0,3800.4,5407.75,0,0,0,0,19-MAR-2024,
OPTIDX,NIFTY,26-Sep-2024,18000,CE,0,0,0,2994.95,4445.05,0,0,0,0,19-MAR-2024,
OPTIDX,NIFTY,26-Sep-2024,19000,CE,0,0,0,2277.4,3494,0,0,0,0,19-MAR-2024,
OPTIDX,NIFTY,26-Sep-2024,20000,CE,0,0,0,1666.45,2582.25,0,0,0,0,19-MAR-2024,
OPTIDX,NIFTY,26-Sep-2024,21000,CE,0,0,0,1173.8,1760.7,0,0,0,0,19-MAR-2024,
OPTIDX,NIFTY,26-Sep-2024,22000,CE,1380,1432.65,1288.4,1304.2,1304.2,57,665.21,13350,450,19-MAR-2024,
OPTIDX,NIFTY,26-Sep-2024,23000,CE,849,865.3,772,780.95,780.95,149,1773.57,50700,1050,19-MAR-2024,
OPTIDX,NIFTY,26-Sep-2024,24000,CE,460,474.6,400,407.35,407.35,282,3443.88,40050,2650,19-MAR-2024,
OPTIDX,NIFTY,26-Sep-2024,25000,CE,238,238,200,201.6,201.6,104,1311.32,58900,-750,19-MAR-2024,
OPTIDX,NIFTY,26-Sep-2024,26000,CE,111.2,118.85,96.45,100,51.3,37,482.93,16200,150,19-MAR-2024,
OPTIDX,NIFTY,26-Sep-2024,27000,CE,0,0,0,68.7,18.05,0,0,0,0,19-MAR-2024,
OPTIDX,NIFTY,26-Sep-2024,16000,PE,0,0,0,39.75,0.05,0,0,0,0,19-MAR-2024,
OPTIDX,NIFTY,26-Sep-2024,17000,PE,0,0,0,103.7,0.3,0,0,0,0,19-MAR-2024,
OPTIDX,NIFTY,26-Sep-2024,18000,PE,0,0,0,229.25,2.9,0,0,0,0,19-MAR-2024,
OPTIDX,NIFTY,26-Sep-2024,19000,PE,0,0,0,239.55,17.15,0,0,2850,0,19-MAR-2024,
OPTIDX,NIFTY,26-Sep-2024,20000,PE,0,0,0,762.75,70.7,0,0,0,0,19-MAR-2024,
OPTIDX,NIFTY,26-Sep-2024,21000,PE,299.95,324.75,297.1,312.6,312.6,496,5284.65,265150,13000,19-MAR-2024,
OPTIDX,NIFTY,26-Sep-2024,22000,PE,578.55,611,562.7,604.6,604.6,399,4507.54,143800,5350,19-MAR-2024,
OPTIDX,NIFTY,26-Sep-2024,23000,PE,976.8,1044,974.95,1031.85,1031.85,125,1500.6,52550,2400,19-MAR-2024,
OPTIDX,NIFTY,26-Sep-2024,24000,PE,0,0,0,3149.25,1647.6,0,0,0,0,19-MAR-2024,
OPTIDX,NIFTY,26-Sep-2024,25000,PE,0,0,0,3952.4,2445.8,0,0,0,0,19-MAR-2024,
OPTIDX,NIFTY,26-Sep-2024,26000,PE,0,0,0,4801.5,3331.5,0,0,0,0,19-MAR-2024,
OPTIDX,NIFTY,26-Sep-2024,27000,PE,0,0,0,5681.95,4263.55,0,0,0,0,19-MAR-2024,
OPTIDX,NIFTY,26-Dec-2024,14000,CE,0,0,0,8599,8528.85,0,0,100,0,19-MAR-2024,
OPTIDX,NIFTY,26-Dec-2024,15000,CE,7450,7450,7450,7450,7579.7,2,22.45,2550,0,19-MAR-2024,
OPTIDX,NIFTY,26-Dec-2024,16000,CE,0,0,0,6651,6630.7,0,0,21950,0,19-MAR-2024,
OPTIDX,NIFTY,26-Dec-2024,17000,CE,0,0,0,6100,5682.9,0,0,17950,0,19-MAR-2024,
OPTIDX,NIFTY,26-Dec-2024,18000,CE,5000,5000,4925,4970,4740.65,11,126.19,23550,100,19-MAR-2024,
OPTIDX,NIFTY,26-Dec-2024,18500,CE,0,0,0,4400,4275.05,0,0,1000,0,19-MAR-2024,
OPTIDX,NIFTY,26-Dec-2024,19000,CE,4071,4071,4000,4003.85,4003.85,67,771.23,75350,-2250,19-MAR-2024,
OPTIDX,NIFTY,26-Dec-2024,20000,CE,3300,3300,3125,3125,2936.5,13,150.71,72900,-400,19-MAR-2024,
OPTIDX,NIFTY,26-Dec-2024,21000,CE,2461.45,2528,2375,2387.05,2387.05,40,468.48,116100,300,19-MAR-2024,
OPTIDX,NIFTY,26-Dec-2024,22000,CE,1834,1840,1714,1725.8,1725.8,329,3907.91,241500,550,19-MAR-2024,
OPTIDX,NIFTY,26-Dec-2024,23000,CE,1250,1250,1150.05,1164.2,1164.2,449,5432.72,170050,600,19-MAR-2024,
OPTIDX,NIFTY,26-Dec-2024,24000,CE,774,793.75,720,726.65,726.65,249,3081.31,164850,-2750,19-MAR-2024,
OPTIDX,NIFTY,26-Dec-2024,25000,CE,461.05,479.5,425.5,429.75,429.75,261,3320.49,211350,900,19-MAR-2024,
OPTIDX,NIFTY,26-Dec-2024,26000,CE,241.4,270,231,236.55,236.55,65,853.11,114550,500,19-MAR-2024,
OPTIDX,NIFTY,26-Dec-2024,27000,CE,135,135,118.2,120.85,120.85,42,569.58,44650,-600,19-MAR-2024,
OPTIDX,NIFTY,26-Dec-2024,14000,PE,0,0,0,20.5,0.05,0,0,3300,0,19-MAR-2024,
OPTIDX,NIFTY,26-Dec-2024,15000,PE,3.05,3.05,3.05,3.05,0.05,1,7.5,28700,50,19-MAR-2024,
OPTIDX,NIFTY,26-Dec-2024,16000,PE,0,0,0,9.45,0.2,0,0,17050,0,19-MAR-2024,
OPTIDX,NIFTY,26-Dec-2024,17000,PE,44.95,52.9,44.95,50,1.6,23,196.06,73650,-550,19-MAR-2024,
OPTIDX,NIFTY,26-Dec-2024,18000,PE,80,87.9,79.25,84.35,84.35,97,877.05,289700,1650,19-MAR-2024,
OPTIDX,NIFTY,26-Dec-2024,19000,PE,119.5,125.85,119.05,120.25,120.25,100,956.09,391750,1050,19-MAR-2024,
OPTIDX,NIFTY,26-Dec-2024,20000,PE,207,218,206.55,209.7,209.7,363,3668.54,540200,8150,19-MAR-2024,
OPTIDX,NIFTY,26-Dec-2024,21000,PE,352.95,380,351.25,364.8,364.8,936,9998.71,978100,3850,19-MAR-2024,
OPTIDX,NIFTY,26-Dec-2024,22000,PE,617.3,658.5,605.4,642.2,642.2,861,9744.94,703150,3900,19-MAR-2024,
OPTIDX,NIFTY,26-Dec-2024,23000,PE,978.95,1019.4,960.35,1004.55,1004.55,478,5734.38,255700,6800,19-MAR-2024,
OPTIDX,NIFTY,26-Dec-2024,24000,PE,1489.75,1524,1451,1503.6,1503.6,110,1402.31,70000,-850,19-MAR-2024,
OPTIDX,NIFTY,26-Dec-2024,25000,PE,2106.1,2178,2100,2159.5,2159.5,94,1275.84,33750,150,19-MAR-2024,
OPTIDX,NIFTY,26-Dec-2024,26000,PE,0,0,0,2800,3020.1,0,0,4400,0,19-MAR-2024,
OPTIDX,NIFTY,26-Dec-2024,27000,PE,0,0,0,4500,3887.2,0,0,50,0,19-MAR-2024,
OPTIDX,NIFTY,26-Jun-2025,16000,CE,0,0,0,3227.55,7134.7,0,0,0,0,19-MAR-2024,
OPTIDX,NIFTY,26-Jun-2025,17000,CE,0,0,0,4165.5,6221.9,0,0,2750,0,19-MAR-2024,
OPTIDX,NIFTY,26-Jun-2025,18000,CE,0,0,0,3934,5319.5,0,0,2200,0,19-MAR-2024,
OPTIDX,NIFTY,26-Jun-2025,19000,CE,0,0,0,3077.9,4440.2,0,0,0,0,19-MAR-2024,
OPTIDX,NIFTY,26-Jun-2025,20000,CE,0,0,0,3180.85,3603.25,0,0,0,0,19-MAR-2024,
OPTIDX,NIFTY,26-Jun-2025,21000,CE,0,0,0,3199.45,2832.35,0,0,0,0,19-MAR-2024,
OPTIDX,NIFTY,26-Jun-2025,22000,CE,0,0,0,2088.15,2150.35,0,0,0,0,19-MAR-2024,
OPTIDX,NIFTY,26-Jun-2025,23000,CE,0,0,0,2003.65,1573.95,0,0,0,0,19-MAR-2024,
OPTIDX,NIFTY,26-Jun-2025,24000,CE,0,0,0,1100.85,1109.85,0,0,0,0,19-MAR-2024,
OPTIDX,NIFTY,26-Jun-2025,25000,CE,0,0,0,600,754.05,0,0,100,0,19-MAR-2024,
OPTIDX,NIFTY,26-Jun-2025,26000,CE,0,0,0,811.85,494,0,0,0,0,19-MAR-2024,
OPTIDX,NIFTY,26-Jun-2025,27000,CE,0,0,0,803.5,312.55,0,0,0,0,19-MAR-2024,
OPTIDX,NIFTY,26-Jun-2025,14000,PE,0,0,0,42.35,0.05,0,0,675,0,19-MAR-2024,
OPTIDX,NIFTY,26-Jun-2025,15000,PE,0,0,0,134,0.3,0,0,1800,0,19-MAR-2024,
OPTIDX,NIFTY,26-Jun-2025,16000,PE,0,0,0,129.2,1.55,0,0,100,0,19-MAR-2024,
OPTIDX,NIFTY,26-Jun-2025,17000,PE,0,0,0,3497.35,6.55,0,0,0,0,19-MAR-2024,
OPTIDX,NIFTY,26-Jun-2025,18000,PE,0,0,0,188.1,21.95,0,0,250,0,19-MAR-2024,
OPTIDX,NIFTY,26-Jun-2025,19000,PE,0,0,0,77,60.35,0,0,600000,0,19-MAR-2024,
OPTIDX,NIFTY,26-Jun-2025,20000,PE,0,0,0,490,141.2,0,0,456600,0,19-MAR-2024,
OPTIDX,NIFTY,26-Jun-2025,21000,PE,398.1,490,398.1,490,288.05,8,85.74,250,250,19-MAR-2024,
OPTIDX,NIFTY,26-Jun-2025,22000,PE,718.3,750,718.3,750,750,4,45.48,300,150,19-MAR-2024,
OPTIDX,NIFTY,26-Jun-2025,23000,PE,0,0,0,1020,865.25,0,0,250,0,19-MAR-2024,
OPTIDX,NIFTY,26-Jun-2025,24000,PE,0,0,0,5875.1,1318.9,0,0,0,0,19-MAR-2024,
OPTIDX,NIFTY,26-Jun-2025,25000,PE,0,0,0,6576.35,1880.85,0,0,0,0,19-MAR-2024,
OPTIDX,NIFTY,26-Jun-2025,26000,PE,0,0,0,7299,2538.6,0,0,0,0,19-MAR-2024,
OPTIDX,NIFTY,26-Jun-2025,27000,PE,0,0,0,7438.15,3274.9,0,0,0,0,19-MAR-2024,
OPTIDX,NIFTY,24-Dec-2025,16000,CE,0,0,0,7200,7620.35,0,0,50,0,19-MAR-2024,
OPTIDX,NIFTY,24-Dec-2025,17000,CE,0,0,0,5080,6741.25,0,0,650,0,19-MAR-2024,
OPTIDX,NIFTY,24-Dec-2025,18000,CE,0,0,0,6099.95,5874.5,0,0,5650,0,19-MAR-2024,
OPTIDX,NIFTY,24-Dec-2025,19000,CE,0,0,0,5615,5030.8,0,0,3150,0,19-MAR-2024,
OPTIDX,NIFTY,24-Dec-2025,19500,CE,0,0,0,3200,4622.05,0,0,1300,0,19-MAR-2024,
OPTIDX,NIFTY,24-Dec-2025,20000,CE,0,0,0,3800,4224.65,0,0,300,0,19-MAR-2024,
OPTIDX,NIFTY,24-Dec-2025,21000,CE,0,0,0,1400,3472.45,0,0,100,0,19-MAR-2024,
OPTIDX,NIFTY,24-Dec-2025,22000,CE,0,0,0,3480,2789.85,0,0,850,0,19-MAR-2024,
OPTIDX,NIFTY,24-Dec-2025,23000,CE,0,0,0,2980,2189.2,0,0,2450,0,19-MAR-2024,
OPTIDX,NIFTY,24-Dec-2025,24000,CE,0,0,0,2030,1677.35,0,0,200,0,19-MAR-2024,
OPTIDX,NIFTY,24-Dec-2025,25000,CE,0,0,0,1222.85,1255.1,0,0,0,0,19-MAR-2024,
OPTIDX,NIFTY,24-Dec-2025,26000,CE,0,0,0,1070.85,917.7,0,0,0,0,19-MAR-2024,
OPTIDX,NIFTY,24-Dec-2025,27000,CE,0,0,0,1071,656.2,0,0,0,0,19-MAR-2024,
OPTIDX,NIFTY,24-Dec-2025,13000,PE,0,0,0,400,0.05,0,0,150,0,19-MAR-2024,
OPTIDX,NIFTY,24-Dec-2025,15000,PE,0,0,0,62.15,1,0,0,1100,0,19-MAR-2024,
OPTIDX,NIFTY,24-Dec-2025,16000,PE,0,0,0,139.95,3.85,0,0,2150,0,19-MAR-2024,
OPTIDX,NIFTY,24-Dec-2025,16500,PE,0,0,0,44.6,7.05,0,0,2600,0,19-MAR-2024,
OPTIDX,NIFTY,24-Dec-2025,17000,PE,31.5,31.5,31.5,31.5,12.3,2,17.03,2400,0,19-MAR-2024,
OPTIDX,NIFTY,24-Dec-2025,18000,PE,52.7,52.7,52.7,52.7,52.7,12,108.31,3050,0,19-MAR-2024,
OPTIDX,NIFTY,24-Dec-2025,19000,PE,106.7,106.7,106.7,106.7,106.7,6,57.32,3050,0,19-MAR-2024,
OPTIDX,NIFTY,24-Dec-2025,20000,PE,219.9,219.9,219.9,219.9,219.9,6,60.65,4500,0,19-MAR-2024,
OPTIDX,NIFTY,24-Dec-2025,21000,PE,408.1,408.1,408.1,408.1,408.1,5,53.52,3200,0,19-MAR-2024,
OPTIDX,NIFTY,24-Dec-2025,22000,PE,0,0,0,801,498.7,0,0,2350,0,19-MAR-2024,
OPTIDX,NIFTY,24-Dec-2025,23000,PE,1192,1192,1185.55,1185.55,785.6,5,60.46,4050,250,19-MAR-2024,
OPTIDX,NIFTY,24-Dec-2025,24000,PE,0,0,0,5649,1161.3,0,0,0,0,19-MAR-2024,
OPTIDX,NIFTY,24-Dec-2025,25000,PE,0,0,0,6310.55,1626.65,0,0,0,0,19-MAR-2024,
OPTIDX,NIFTY,24-Dec-2025,26000,PE,0,0,0,6993.25,2176.8,0,0,0,0,19-MAR-2024,
OPTIDX,NIFTY,24-Dec-2025,27000,PE,0,0,0,7112.8,2802.85,0,0,0,0,19-MAR-2024,
OPTIDX,NIFTY,25-Jun-2026,12000,CE,0,0,0,8690,11521.2,0,0,50,0,19-MAR-2024,
OPTIDX,NIFTY,25-Jun-2026,16000,CE,0,0,0,4748.3,8095.45,0,0,0,0,19-MAR-2024,
OPTIDX,NIFTY,25-Jun-2026,17000,CE,0,0,0,4348.25,7248.35,0,0,0,0,19-MAR-2024,
OPTIDX,NIFTY,25-Jun-2026,18000,CE,0,0,0,4150,6414,0,0,200,0,19-MAR-2024,
OPTIDX,NIFTY,25-Jun-2026,19000,CE,0,0,0,5792,5601.15,0,0,100,0,19-MAR-2024,
OPTIDX,NIFTY,25-Jun-2026,20000,CE,0,0,0,3829.5,4820.9,0,0,0,0,19-MAR-2024,
OPTIDX,NIFTY,25-Jun-2026,21000,CE,0,0,0,3881.9,4085.35,0,0,0,0,19-MAR-2024,
OPTIDX,NIFTY,25-Jun-2026,22000,CE,0,0,0,2722.55,3406.2,0,0,0,0,19-MAR-2024,
OPTIDX,NIFTY,25-Jun-2026,23000,CE,0,0,0,2645.65,2793.05,0,0,0,0,19-MAR-2024,
OPTIDX,NIFTY,25-Jun-2026,24000,CE,0,0,0,1698.3,2252.2,0,0,0,0,19-MAR-2024,
OPTIDX,NIFTY,25-Jun-2026,25000,CE,0,0,0,1510.4,1786.25,0,0,0,0,19-MAR-2024,
OPTIDX,NIFTY,25-Jun-2026,26000,CE,0,0,0,1343.15,1393.95,0,0,0,0,19-MAR-2024,
OPTIDX,NIFTY,25-Jun-2026,27000,CE,0,0,0,1352.8,1070.9,0,0,0,0,19-MAR-2024,
OPTIDX,NIFTY,25-Jun-2026,12000,PE,0,0,0,10.05,0.05,0,0,500,0,19-MAR-2024,
OPTIDX,NIFTY,25-Jun-2026,13000,PE,0,0,0,45.25,0.1,0,0,200,0,19-MAR-2024,
OPTIDX,NIFTY,25-Jun-2026,14000,PE,0,0,0,300,0.5,0,0,100,0,19-MAR-2024,
OPTIDX,NIFTY,25-Jun-2026,15000,PE,0,0,0,105.5,2,0,0,850,0,19-MAR-2024,
OPTIDX,NIFTY,25-Jun-2026,16000,PE,0,0,0,54.8,6.35,0,0,500,0,19-MAR-2024,
OPTIDX,NIFTY,25-Jun-2026,17000,PE,0,0,0,2627.25,17.3,0,0,0,0,19-MAR-2024,
OPTIDX,NIFTY,25-Jun-2026,18000,PE,0,0,0,3088.05,40.95,0,0,0,0,19-MAR-2024,
OPTIDX,NIFTY,25-Jun-2026,19000,PE,0,0,0,140.45,86.15,0,0,100,0,19-MAR-2024,
OPTIDX,NIFTY,25-Jun-2026,20000,PE,0,0,0,3159.75,163.9,0,0,0,0,19-MAR-2024,
OPTIDX,NIFTY,25-Jun-2026,21000,PE,0,0,0,3065.6,286.4,0,0,0,0,19-MAR-2024,
OPTIDX,NIFTY,25-Jun-2026,22000,PE,0,0,0,3829.5,465.3,0,0,0,0,19-MAR-2024,
OPTIDX,NIFTY,25-Jun-2026,23000,PE,0,0,0,859.2,710.15,0,0,150,0,19-MAR-2024,
OPTIDX,NIFTY,25-Jun-2026,24000,PE,0,0,0,5437.7,1027.35,0,0,0,0,19-MAR-2024,
OPTIDX,NIFTY,25-Jun-2026,25000,PE,0,0,0,6063.1,1419.4,0,0,0,0,19-MAR-2024,
OPTIDX,NIFTY,25-Jun-2026,26000,PE,0,0,0,6709.2,1885.1,0,0,0,0,19-MAR-2024,
OPTIDX,NIFTY,25-Jun-2026,27000,PE,0,0,0,6810.7,2420.1,0,0,0,0,19-MAR-2024,
OPTIDX,NIFTY,31-Dec-2026,16000,CE,0,0,0,6200,8569.3,0,0,50,0,19-MAR-2024,
OPTIDX,NIFTY,31-Dec-2026,17000,CE,0,0,0,4955.1,7753.3,0,0,0,0,19-MAR-2024,
OPTIDX,NIFTY,31-Dec-2026,18000,CE,0,0,0,4501.45,6949.5,0,0,0,0,19-MAR-2024,
OPTIDX,NIFTY,31-Dec-2026,19000,CE,0,0,0,6000,6165.15,0,0,200,0,19-MAR-2024,
OPTIDX,NIFTY,31-Dec-2026,20000,CE,0,0,0,3704.3,5408.9,0,0,0,0,19-MAR-2024,
OPTIDX,NIFTY,31-Dec-2026,21000,CE,0,0,0,3356.25,4690.05,0,0,0,0,19-MAR-2024,
OPTIDX,NIFTY,31-Dec-2026,22000,CE,0,0,0,3039,4017.65,0,0,0,0,19-MAR-2024,
OPTIDX,NIFTY,31-Dec-2026,23000,CE,0,0,0,2020,3399.35,0,0,500,0,19-MAR-2024,
OPTIDX,NIFTY,31-Dec-2026,24000,CE,0,0,0,2010.65,2840.8,0,0,0,0,19-MAR-2024,
OPTIDX,NIFTY,31-Dec-2026,25000,CE,0,0,0,1811.2,2345.2,0,0,0,0,19-MAR-2024,
OPTIDX,NIFTY,31-Dec-2026,26000,CE,0,0,0,1631.05,1913.05,0,0,0,0,19-MAR-2024,
OPTIDX,NIFTY,31-Dec-2026,27000,CE,0,0,0,1651.65,1542.65,0,0,0,0,19-MAR-2024,
OPTIDX,NIFTY,31-Dec-2026,12000,PE,0,0,0,250.1,0.05,0,0,600,0,19-MAR-2024,
OPTIDX,NIFTY,31-Dec-2026,13000,PE,0,0,0,450,0.25,0,0,200,0,19-MAR-2024,
OPTIDX,NIFTY,31-Dec-2026,14000,PE,0,0,0,500,0.95,0,0,950,0,19-MAR-2024,
OPTIDX,NIFTY,31-Dec-2026,15000,PE,0,0,0,23,3.1,0,0,2200,0,19-MAR-2024,
OPTIDX,NIFTY,31-Dec-2026,16000,PE,0,0,0,27.95,8.7,0,0,2450,0,19-MAR-2024,
OPTIDX,NIFTY,31-Dec-2026,17000,PE,0,0,0,36.3,21.2,0,0,3150,0,19-MAR-2024,
OPTIDX,NIFTY,31-Dec-2026,18000,PE,0,0,0,196.35,45.95,0,0,6050,0,19-MAR-2024,
OPTIDX,NIFTY,31-Dec-2026,19000,PE,0,0,0,139.95,90.2,0,0,3250,0,19-MAR-2024,
OPTIDX,NIFTY,31-Dec-2026,20000,PE,0,0,0,188.6,162.5,0,0,3850,0,19-MAR-2024,
OPTIDX,NIFTY,31-Dec-2026,21000,PE,0,0,0,649,272.2,0,0,850,0,19-MAR-2024,
OPTIDX,NIFTY,31-Dec-2026,22000,PE,0,0,0,609.65,428.35,0,0,100,0,19-MAR-2024,
OPTIDX,NIFTY,31-Dec-2026,23000,PE,0,0,0,957.4,638.6,0,0,6200,0,19-MAR-2024,
OPTIDX,NIFTY,31-Dec-2026,24000,PE,0,0,0,5233.45,908.6,0,0,0,0,19-MAR-2024,
OPTIDX,NIFTY,31-Dec-2026,25000,PE,0,0,0,5825.75,1241.55,0,0,0,0,19-MAR-2024,
OPTIDX,NIFTY,31-Dec-2026,26000,PE,0,0,0,6437.4,1637.95,0,0,0,0,19-MAR-2024,
OPTIDX,NIFTY,31-Dec-2026,27000,PE,0,0,0,6522.3,2096.1,0,0,0,0,19-MAR-2024,
OPTIDX,NIFTY,24-Jun-2027,16000,CE,0,0,0,4898.4,8993.2,0,0,0,0,19-MAR-2024,
OPTIDX,NIFTY,24-Jun-2027,17000,CE,0,0,0,4464.7,8204.3,0,0,0,0,19-MAR-2024,
OPTIDX,NIFTY,24-Jun-2027,18000,CE,0,0,0,4066.45,7426.85,0,0,0,0,19-MAR-2024,
OPTIDX,NIFTY,24-Jun-2027,19000,CE,0,0,0,3701.25,6666.9,0,0,100,0,19-MAR-2024,
OPTIDX,NIFTY,24-Jun-2027,20000,CE,0,0,0,3367.05,5931.5,0,0,0,0,19-MAR-2024,
OPTIDX,NIFTY,24-Jun-2027,21000,CE,0,0,0,3061.8,5228.15,0,0,0,0,19-MAR-2024,
OPTIDX,NIFTY,24-Jun-2027,22000,CE,0,0,0,2783.5,4564.1,0,0,0,0,19-MAR-2024,
OPTIDX,NIFTY,24-Jun-2027,23000,CE,0,0,0,2530.05,3945.8,0,0,0,0,19-MAR-2024,
OPTIDX,NIFTY,24-Jun-2027,24000,CE,0,0,0,2299.55,3378.3,0,0,0,0,19-MAR-2024,
OPTIDX,NIFTY,24-Jun-2027,25000,CE,0,0,0,2090.05,2864.75,0,0,0,0,19-MAR-2024,
OPTIDX,NIFTY,24-Jun-2027,26000,CE,0,0,0,1900.85,2406.7,0,0,0,0,19-MAR-2024,
OPTIDX,NIFTY,24-Jun-2027,27000,CE,0,0,0,1932.5,2003.65,0,0,0,0,19-MAR-2024,
OPTIDX,NIFTY,24-Jun-2027,16000,PE,0,0,0,1476.1,10.45,0,0,0,0,19-MAR-2024,
OPTIDX,NIFTY,24-Jun-2027,17000,PE,0,0,0,1814.75,23.7,0,0,0,0,19-MAR-2024,
OPTIDX,NIFTY,24-Jun-2027,18000,PE,0,0,0,2188.9,48.4,0,0,0,0,19-MAR-2024,
OPTIDX,NIFTY,24-Jun-2027,19000,PE,0,0,0,170,90.65,0,0,250,0,19-MAR-2024,
OPTIDX,NIFTY,24-Jun-2027,20000,PE,0,0,0,3034.2,157.4,0,0,0,0,19-MAR-2024,
OPTIDX,NIFTY,24-Jun-2027,21000,PE,353.5,353.5,353.5,353.5,256.2,1,10.67,50,50,19-MAR-2024,
OPTIDX,NIFTY,24-Jun-2027,22000,PE,0,0,0,3995.4,394.35,0,0,0,0,19-MAR-2024,
OPTIDX,NIFTY,24-Jun-2027,23000,PE,0,0,0,4514.3,578.2,0,0,0,0,19-MAR-2024,
OPTIDX,NIFTY,24-Jun-2027,24000,PE,0,0,0,5056.2,812.85,0,0,0,0,19-MAR-2024,
OPTIDX,NIFTY,24-Jun-2027,25000,PE,0,0,0,5619.05,1101.5,0,0,0,0,19-MAR-2024,
OPTIDX,NIFTY,24-Jun-2027,26000,PE,0,0,0,6202.2,1445.6,0,0,0,0,19-MAR-2024,
OPTIDX,NIFTY,24-Jun-2027,27000,PE,0,0,0,6273.45,1844.7,0,0,0,0,19-MAR-2024,
OPTIDX,NIFTY,30-Dec-2027,16000,CE,0,0,0,7354.45,9435.45,0,0,0,0,19-MAR-2024,
OPTIDX,NIFTY,30-Dec-2027,17000,CE,0,0,0,6805.5,8674.3,0,0,0,0,19-MAR-2024,
OPTIDX,NIFTY,30-Dec-2027,18000,CE,0,0,0,6285.7,7923.7,0,0,0,0,19-MAR-2024,
OPTIDX,NIFTY,30-Dec-2027,19000,CE,0,0,0,5794.9,7188.65,0,0,0,0,19-MAR-2024,
OPTIDX,NIFTY,30-Dec-2027,20000,CE,0,0,0,5333.85,6474.8,0,0,0,0,19-MAR-2024,
OPTIDX,NIFTY,30-Dec-2027,21000,CE,0,0,0,4902.4,5788.3,0,0,0,0,19-MAR-2024,
OPTIDX,NIFTY,30-Dec-2027,22000,CE,0,0,0,4499.55,5135.05,0,0,0,0,19-MAR-2024,
OPTIDX,NIFTY,30-Dec-2027,23000,CE,0,0,0,4125.7,4520.4,0,0,0,0,19-MAR-2024,
OPTIDX,NIFTY,30-Dec-2027,24000,CE,0,0,0,3778.95,3948.75,0,0,0,0,19-MAR-2024,
OPTIDX,NIFTY,30-Dec-2027,25000,CE,0,0,0,3458.35,3423.3,0,0,0,0,19-MAR-2024,
OPTIDX,NIFTY,30-Dec-2027,26000,CE,0,0,0,3162.4,2945.85,0,0,0,0,19-MAR-2024,
OPTIDX,NIFTY,30-Dec-2027,27000,CE,0,0,0,2889.8,2516.85,0,0,0,0,19-MAR-2024,
OPTIDX,NIFTY,30-Dec-2027,15000,PE,0,0,0,27.8,4.95,0,0,350,0,19-MAR-2024,
OPTIDX,NIFTY,30-Dec-2027,16000,PE,0,0,0,479.35,11.85,0,0,0,0,19-MAR-2024,
OPTIDX,NIFTY,30-Dec-2027,17000,PE,0,0,0,514,25.3,0,0,14250,0,19-MAR-2024,
OPTIDX,NIFTY,30-Dec-2027,18000,PE,0,0,0,74.8,49.3,0,0,10500,0,19-MAR-2024,
OPTIDX,NIFTY,30-Dec-2027,19000,PE,0,0,0,760,88.85,0,0,700,0,19-MAR-2024,
OPTIDX,NIFTY,30-Dec-2027,20000,PE,490,490,490,490,490,1,10.24,2400,50,19-MAR-2024,
OPTIDX,NIFTY,30-Dec-2027,21000,PE,0,0,0,1563.55,237.75,0,0,0,0,19-MAR-2024,
OPTIDX,NIFTY,30-Dec-2027,22000,PE,0,0,0,1867.9,359.1,0,0,0,0,19-MAR-2024,
OPTIDX,NIFTY,30-Dec-2027,23000,PE,0,0,0,2201.3,519.05,0,0,0,0,19-MAR-2024,
OPTIDX,NIFTY,30-Dec-2027,24000,PE,0,0,0,2561.85,722.05,0,0,0,0,19-MAR-2024,
OPTIDX,NIFTY,30-Dec-2027,25000,PE,0,0,0,2948.45,971.2,0,0,0,0,19-MAR-2024,
OPTIDX,NIFTY,30-Dec-2027,26000,PE,0,0,0,3359.75,1268.35,0,0,0,0,19-MAR-2024,
OPTIDX,NIFTY,30-Dec-2027,27000,PE,0,0,0,3794.4,1613.95,0,0,0,0,19-MAR-2024,
OPTIDX,NIFTY,29-Jun-2028,16000,CE,0,0,0,8002.3,9846.55,0,0,0,0,19-MAR-2024,
OPTIDX,NIFTY,29-Jun-2028,17000,CE,0,0,0,7393.45,9110.9,0,0,0,0,19-MAR-2024,
OPTIDX,NIFTY,29-Jun-2028,18000,CE,0,0,0,6809.35,8384.85,0,0,0,0,19-MAR-2024,
OPTIDX,NIFTY,29-Jun-2028,19000,CE,0,0,0,6252.25,7672.6,0,0,0,0,19-MAR-2024,
OPTIDX,NIFTY,29-Jun-2028,20000,CE,0,0,0,5724.65,6978.9,0,0,0,0,19-MAR-2024,
OPTIDX,NIFTY,29-Jun-2028,21000,CE,0,0,0,5226.55,6308.8,0,0,0,0,19-MAR-2024,
OPTIDX,NIFTY,29-Jun-2028,22000,CE,0,0,0,4759.5,5667.2,0,0,0,0,19-MAR-2024,
OPTIDX,NIFTY,29-Jun-2028,23000,CE,0,0,0,4323.1,5058.7,0,0,0,0,19-MAR-2024,
OPTIDX,NIFTY,29-Jun-2028,24000,CE,0,0,0,3918.85,4487.2,0,0,0,0,19-MAR-2024,
OPTIDX,NIFTY,29-Jun-2028,25000,CE,0,0,0,3545.15,3955.6,0,0,0,0,19-MAR-2024,
OPTIDX,NIFTY,29-Jun-2028,26000,CE,0,0,0,3200.9,3465.9,0,0,0,0,19-MAR-2024,
OPTIDX,NIFTY,29-Jun-2028,27000,CE,0,0,0,2885.15,3019.05,0,0,0,0,19-MAR-2024,
OPTIDX,NIFTY,29-Jun-2028,16000,PE,0,0,0,194.2,12.75,0,0,0,0,19-MAR-2024,
OPTIDX,NIFTY,29-Jun-2028,17000,PE,0,0,0,283.1,26.05,0,0,0,0,19-MAR-2024,
OPTIDX,NIFTY,29-Jun-2028,18000,PE,0,0,0,396.75,48.95,0,0,0,0,19-MAR-2024,
OPTIDX,NIFTY,29-Jun-2028,19000,PE,0,0,0,537.45,85.7,0,0,0,0,19-MAR-2024,
OPTIDX,NIFTY,29-Jun-2028,20000,PE,0,0,0,707.55,140.95,0,0,0,0,19-MAR-2024,
OPTIDX,NIFTY,29-Jun-2028,21000,PE,0,0,0,907.2,219.85,0,0,0,0,19-MAR-2024,
OPTIDX,NIFTY,29-Jun-2028,22000,PE,0,0,0,1137.9,327.25,0,0,0,0,19-MAR-2024,
OPTIDX,NIFTY,29-Jun-2028,23000,PE,0,0,0,1399.25,467.7,0,0,0,0,19-MAR-2024,
OPTIDX,NIFTY,29-Jun-2028,24000,PE,0,0,0,1692.75,645.15,0,0,0,0,19-MAR-2024,
OPTIDX,NIFTY,29-Jun-2028,25000,PE,0,0,0,2016.8,862.55,0,0,0,0,19-MAR-2024,
OPTIDX,NIFTY,29-Jun-2028,26000,PE,0,0,0,2370.3,1121.85,0,0,0,0,19-MAR-2024,
OPTIDX,NIFTY,29-Jun-2028,27000,PE,0,0,0,2752.35,1423.95,0,0,0,0,19-MAR-2024,
OPTIDX,NIFTY,28-Dec-2028,16000,CE,0,0,0,10704.45,10243.7,0,0,0,0,19-MAR-2024,
OPTIDX,NIFTY,28-Dec-2028,17000,CE,0,0,0,10036.4,9532.45,0,0,0,0,19-MAR-2024,
OPTIDX,NIFTY,28-Dec-2028,18000,CE,0,0,0,9380.3,8829.85,0,0,0,0,19-MAR-2024,
OPTIDX,NIFTY,28-Dec-2028,19000,CE,0,0,0,8739,8139.55,0,0,0,0,19-MAR-2024,
OPTIDX,NIFTY,28-Dec-2028,20000,CE,0,0,0,8115.5,7465.5,0,0,0,0,19-MAR-2024,
OPTIDX,NIFTY,28-Dec-2028,21000,CE,0,0,0,7512.5,6811.9,0,0,0,0,19-MAR-2024,
OPTIDX,NIFTY,28-Dec-2028,22000,CE,0,0,0,6932.45,6182.95,0,0,0,0,19-MAR-2024,
OPTIDX,NIFTY,28-Dec-2028,23000,CE,0,0,0,6377.6,5582.55,0,0,0,0,19-MAR-2024,
OPTIDX,NIFTY,28-Dec-2028,24000,CE,0,0,0,5850.3,5014.1,0,0,0,0,19-MAR-2024,
OPTIDX,NIFTY,28-Dec-2028,25000,CE,0,0,0,5350.4,4480.35,0,0,0,0,19-MAR-2024,
OPTIDX,NIFTY,28-Dec-2028,26000,CE,0,0,0,4879.7,3983.3,0,0,0,0,19-MAR-2024,
OPTIDX,NIFTY,28-Dec-2028,27000,CE,0,0,0,4437.95,3524.15,0,0,0,0,19-MAR-2024,
OPTIDX,NIFTY,28-Dec-2028,16000,PE,0,0,0,39.6,13.25,0,0,0,0,19-MAR-2024,
OPTIDX,NIFTY,28-Dec-2028,17000,PE,0,0,0,66.15,26.15,0,0,0,0,19-MAR-2024,
OPTIDX,NIFTY,28-Dec-2028,18000,PE,0,0,0,104.65,47.8,0,0,0,0,19-MAR-2024,
OPTIDX,NIFTY,28-Dec-2028,19000,PE,0,0,0,158,81.65,0,0,0,0,19-MAR-2024,
OPTIDX,NIFTY,28-Dec-2028,20000,PE,0,0,0,229.1,131.8,0,0,0,0,19-MAR-2024,
OPTIDX,NIFTY,28-Dec-2028,21000,PE,0,0,0,320.7,202.35,0,0,0,0,19-MAR-2024,
OPTIDX,NIFTY,28-Dec-2028,22000,PE,0,0,0,435.3,297.6,0,0,0,0,19-MAR-2024,
OPTIDX,NIFTY,28-Dec-2028,23000,PE,0,0,0,575.05,421.4,0,0,0,0,19-MAR-2024,
OPTIDX,NIFTY,28-Dec-2028,24000,PE,0,0,0,742.35,577.15,0,0,0,0,19-MAR-2024,
OPTIDX,NIFTY,28-Dec-2028,25000,PE,0,0,0,937.05,767.6,0,0,0,0,19-MAR-2024,
OPTIDX,NIFTY,28-Dec-2028,26000,PE,0,0,0,1160.95,994.75,0,0,0,0,19-MAR-2024,
OPTIDX,NIFTY,28-Dec-2028,27000,PE,0,0,0,1413.85,1259.75,0,0,0,0,19-MAR-2024,
