INSTRUMENT,SYMBOL,EXPIRY_DT,STRIKE_PR,OPTION_TYP,OPEN,HIGH,LOW,CLOSE,SETTLE_PR,CONTRACTS,VAL_INLAKH,OPEN_INT,CHG_IN_OI,TIMESTAMP,
FUTIDX,NIFTY,28-Mar-2024,0,XX,22070,22149,22020,22102.5,22102.5,133047,1469419.25,11460200,-256650,21-MAR-2024,
FUTIDX,NIFTY,25-Apr-2024,0,XX,22202,22308,22185,22266.55,22266.55,31577,351292.25,3399300,319200,21-MAR-2024,
FUTIDX,NIFTY,30-May-2024,0,XX,22349.45,22450.8,22300,22416.3,22416.3,4221,47269.83,1506600,-14700,21-MAR-2024,
OPTIDX,NIFTY,21-Mar-2024,20050,CE,0,0,0,2008.45,22011.95,0,0,0,0,21-MAR-2024,
OPTIDX,NIFTY,21-Mar-2024,20100,CE,0,0,0,1959.85,22011.95,0,0,0,0,21-MAR-2024,
OPTIDX,NIFTY,21-Mar-2024,20150,CE,1880,1880,1838.25,1864,22011.95,12,132.05,800,-300,21-MAR-2024,
OPTIDX,NIFTY,21-Mar-2024,20200,CE,1840.55,1867,1755,1813,22011.95,29,319.27,1850,-1150,21-MAR-2024,
OPTIDX,NIFTY,21-Mar-2024,20250,CE,1670,1670,1670,1670,22011.95,5,54.8,250,250,21-MAR-2024,
OPTIDX,NIFTY,21-Mar-2024,20300,CE,1750,1750.7,1675,1695.9,22011.95,20,220.23,50,-300,21-MAR-2024,
OPTIDX,NIFTY,21-Mar-2024,20350,CE,1610,1680,1610,1669.65,22011.95,68,748.34,600,600,21-MAR-2024,
OPTIDX,NIFTY,21-Mar-2024,20400,CE,1610,1660.35,1544.7,1603,22011.95,66,725.68,1050,-200,21-MAR-2024,
OPTIDX,NIFTY,21-Mar-2024,20450,CE,1560,1613.75,1560,1595,22011.95,52,572.98,1250,-1400,21-MAR-2024,
OPTIDX,NIFTY,21-Mar-2024,20500,CE,1495.05,1557.35,1445,1501.5,22011.95,624,6870.92,8000,-10250,21-MAR-2024,
OPTIDX,NIFTY,21-Mar-2024,20550,CE,1455,1455,1447.55,1448.9,22011.95,16,176,4850,0,21-MAR-2024,
OPTIDX,NIFTY,21-Mar-2024,20600,CE,1398.05,1462.4,1350,1412,22011.95,19,209.12,300,-500,21-MAR-2024,
OPTIDX,NIFTY,21-Mar-2024,20650,CE,1380,1380,1380,1380,22011.95,10,110.15,300,-400,21-MAR-2024,
OPTIDX,NIFTY,21-Mar-2024,20700,CE,1305,1367,1297.85,1301.4,22011.95,174,1917.91,1100,-6750,21-MAR-2024,
OPTIDX,NIFTY,21-Mar-2024,20750,CE,0,0,0,1075.3,22011.95,0,0,650,0,21-MAR-2024,
OPTIDX,NIFTY,21-Mar-2024,20800,CE,1195,1250,1179.5,1206.4,22011.95,78,857.81,700,100,21-MAR-2024,
OPTIDX,NIFTY,21-Mar-2024,20850,CE,1145,1161.75,1145,1153.4,22011.95,28,308,1300,-650,21-MAR-2024,
OPTIDX,NIFTY,21-Mar-2024,20900,CE,1105,1157.85,1095.25,1106.1,22011.95,58,638.4,950,-450,21-MAR-2024,
OPTIDX,NIFTY,21-Mar-2024,20950,CE,1050,1075.95,1029.4,1054.45,22011.95,114,1254.36,1300,-2300,21-MAR-2024,
OPTIDX,NIFTY,21-Mar-2024,21000,CE,990,1075,940,1006.75,22011.95,1376,15142.31,19150,-35000,21-MAR-2024,
OPTIDX,NIFTY,21-Mar-2024,21050,CE,955,962.45,948.15,954.4,22011.95,22,242.04,250,-100,21-MAR-2024,
OPTIDX,NIFTY,21-Mar-2024,21100,CE,887.05,959.35,870.75,904.35,22011.95,113,1243.26,1650,-1050,21-MAR-2024,
OPTIDX,NIFTY,21-Mar-2024,21150,CE,892.75,917.25,839,854.45,22011.95,55,605.35,250,-200,21-MAR-2024,
OPTIDX,NIFTY,21-Mar-2024,21200,CE,782.5,873.2,741,806.05,22011.95,262,2882.48,2400,-1650,21-MAR-2024,
OPTIDX,NIFTY,21-Mar-2024,21250,CE,740.95,816.45,695.1,755.95,22011.95,119,1309.01,2400,-1400,21-MAR-2024,
OPTIDX,NIFTY,21-Mar-2024,21300,CE,679.45,762.9,660,707.55,22011.95,411,4522.13,12850,-3550,21-MAR-2024,
OPTIDX,NIFTY,21-Mar-2024,21350,CE,649.95,713.5,605.25,655.05,22011.95,334,3674.18,2850,-2950,21-MAR-2024,
OPTIDX,NIFTY,21-Mar-2024,21400,CE,584.05,666.2,536,606.8,22011.95,2047,22521.65,11200,-20150,21-MAR-2024,
OPTIDX,NIFTY,21-Mar-2024,21450,CE,546.6,623.25,486.1,558.35,22011.95,538,5918.86,21550,-3400,21-MAR-2024,
OPTIDX,NIFTY,21-Mar-2024,21500,CE,425,576.7,425,509.95,22011.95,13957,153559.25,33950,-91000,21-MAR-2024,
OPTIDX,NIFTY,21-Mar-2024,21550,CE,405,526.45,386.9,458.35,22011.95,2166,23828.89,11550,-6700,21-MAR-2024,
OPTIDX,NIFTY,21-Mar-2024,21600,CE,400,477.35,336.25,408.4,22011.95,10622,116858.29,183950,-94400,21-MAR-2024,
OPTIDX,NIFTY,21-Mar-2024,21650,CE,334.95,426.45,287.5,357.1,22011.95,9241,101651.75,53250,-69500,21-MAR-2024,
OPTIDX,NIFTY,21-Mar-2024,21700,CE,304,379.2,237.85,305.05,22011.95,72990,803014.47,91650,-452050,21-MAR-2024,
OPTIDX,NIFTY,21-Mar-2024,21750,CE,201,327.95,189.2,256.2,22011.95,78337,861681.99,588300,-321100,21-MAR-2024,
OPTIDX,NIFTY,21-Mar-2024,21800,CE,190,278.75,142,208.55,22011.95,616606,6783501.2,1122200,-1591750,21-MAR-2024,
OPTIDX,NIFTY,21-Mar-2024,21850,CE,126.25,230.8,98.5,155.4,22011.95,886057,9747855.41,2065200,-1922050,21-MAR-2024,
OPTIDX,NIFTY,21-Mar-2024,21900,CE,106.25,180,60.15,106.15,22011.95,4300563,47320169.11,4484450,-1938850,21-MAR-2024,
OPTIDX,NIFTY,21-Mar-2024,21950,CE,76.25,134.55,30.8,55.25,22011.95,10159777,111809723.88,5812450,1106100,21-MAR-2024,
OPTIDX,NIFTY,21-Mar-2024,22000,CE,52.25,88.2,2.35,7.5,22011.95,45879232,505214704.68,16683450,5369950,21-MAR-2024,
OPTIDX,NIFTY,21-Mar-2024,22050,CE,31.7,52,0.05,0.25,22011.95,35367283,390143127.3,18761350,13877200,21-MAR-2024,
OPTIDX,NIFTY,21-Mar-2024,22100,CE,24.7,29.9,0.05,0.15,22011.95,27073445,299272948.19,11472450,3827550,21-MAR-2024,
OPTIDX,NIFTY,21-Mar-2024,22150,CE,9.95,16.55,0.05,0.1,22011.95,14389327,159395092.92,7594600,3069100,21-MAR-2024,
OPTIDX,NIFTY,21-Mar-2024,22200,CE,5,8.55,0.05,0.1,22011.95,11503327,127704085.56,9247300,503850,21-MAR-2024,
OPTIDX,NIFTY,21-Mar-2024,22250,CE,3.85,4.25,0.05,0.1,22011.95,7332109,81575634.03,6456350,1939000,21-MAR-2024,
OPTIDX,NIFTY,21-Mar-2024,22300,CE,1.6,2.3,0.05,0.1,22011.95,7284370,81224341.11,10600000,1547600,21-MAR-2024,
OPTIDX,NIFTY,21-Mar-2024,22350,CE,0.9,1.5,0.05,0.1,22011.95,3602191,40255746.82,6476900,3282700,21-MAR-2024,
OPTIDX,NIFTY,21-Mar-2024,22400,CE,0.6,1,0.05,0.05,22011.95,2562372,28699236.97,8214300,2149300,21-MAR-2024,
OPTIDX,NIFTY,21-Mar-2024,22450,CE,0.7,1,0.05,0.05,22011.95,877178,9846489.7,3296050,980700,21-MAR-2024,
OPTIDX,NIFTY,21-Mar-2024,22500,CE,0.5,0.6,0.05,0.05,22011.95,1883994,21195262.62,9739700,3357600,21-MAR-2024,
OPTIDX,NIFTY,21-Mar-2024,22550,CE,0.35,0.55,0.05,0.05,22011.95,510521,5756204.19,2924450,1154750,21-MAR-2024,
OPTIDX,NIFTY,21-Mar-2024,22600,CE,0.4,0.5,0.05,0.05,22011.95,715675,8087219,5416700,666050,21-MAR-2024,
OPTIDX,NIFTY,21-Mar-2024,22650,CE,0.4,0.45,0.05,0.05,22011.95,230346,2608694.34,1491900,-859550,21-MAR-2024,
OPTIDX,NIFTY,21-Mar-2024,22700,CE,0.35,0.4,0.05,0.05,22011.95,358987,4074536.24,2074600,-1062800,21-MAR-2024,
OPTIDX,NIFTY,21-Mar-2024,22750,CE,0.25,0.35,0.05,0.05,22011.95,141714,1612009.84,1026400,-322650,21-MAR-2024,
OPTIDX,NIFTY,21-Mar-2024,22800,CE,0.35,0.35,0.05,0.05,22011.95,302752,3451399.26,3634800,-954750,21-MAR-2024,
OPTIDX,NIFTY,21-Mar-2024,22850,CE,0.3,0.3,0.05,0.05,22011.95,122208,1396235.28,1576650,-25150,21-MAR-2024,
OPTIDX,NIFTY,21-Mar-2024,22900,CE,0.25,0.3,0.05,0.05,22011.95,150285,1720772.65,2341550,-571900,21-MAR-2024,
OPTIDX,NIFTY,21-Mar-2024,22950,CE,0.2,0.4,0.05,0.05,22011.95,76218,874606.53,877850,-15300,21-MAR-2024,
OPTIDX,NIFTY,21-Mar-2024,23000,CE,0.3,0.35,0.05,0.05,22011.95,241452,2776716.17,3971400,-765200,21-MAR-2024,
OPTIDX,NIFTY,21-Mar-2024,23050,CE,0.2,0.3,0.05,0.05,22011.95,51764,596583.9,363950,102200,21-MAR-2024,
OPTIDX,NIFTY,21-Mar-2024,23100,CE,0.3,0.3,0.05,0.05,22011.95,59348,685472.98,835600,-367050,21-MAR-2024,
OPTIDX,NIFTY,21-Mar-2024,23150,CE,0.2,0.3,0.05,0.05,22011.95,38101,441021.71,148700,-42000,21-MAR-2024,
OPTIDX,NIFTY,21-Mar-2024,23200,CE,0.3,0.3,0.05,0.05,22011.95,44711,518650.54,733600,-328600,21-MAR-2024,
OPTIDX,NIFTY,21-Mar-2024,23250,CE,0.3,0.3,0.05,0.05,22011.95,41994,488183.03,436500,-21750,21-MAR-2024,
OPTIDX,NIFTY,21-Mar-2024,23300,CE,0.3,0.5,0.05,0.05,22011.95,42632,496665.54,642100,-48500,21-MAR-2024,
OPTIDX,NIFTY,21-Mar-2024,23350,CE,0.25,0.3,0.05,0.05,22011.95,20768,242467.76,117950,21150,21-MAR-2024,
OPTIDX,NIFTY,21-Mar-2024,23400,CE,0.2,0.3,0.05,0.05,22011.95,24321,284557.48,481000,-119200,21-MAR-2024,
OPTIDX,NIFTY,21-Mar-2024,23450,CE,0.25,0.3,0.05,0.05,22011.95,12297,144182.93,94500,-107200,21-MAR-2024,
OPTIDX,NIFTY,21-Mar-2024,23500,CE,0.15,0.3,0.05,0.05,22011.95,72245,848882.15,2308700,-739100,21-MAR-2024,
OPTIDX,NIFTY,21-Mar-2024,23550,CE,0.2,0.25,0.05,0.05,22011.95,9746,114759.7,116700,-4500,21-MAR-2024,
OPTIDX,NIFTY,21-Mar-2024,23600,CE,0.2,0.25,0.05,0.05,22011.95,4419,52144.43,144850,-13450,21-MAR-2024,
OPTIDX,NIFTY,21-Mar-2024,23650,CE,0.2,0.3,0.05,0.05,22011.95,3511,41517.76,63600,-4250,21-MAR-2024,
OPTIDX,NIFTY,21-Mar-2024,23700,CE,0.15,0.25,0.05,0.05,22011.95,16449,194921.45,275000,-118800,21-MAR-2024,
OPTIDX,NIFTY,21-Mar-2024,23750,CE,0.25,0.25,0.05,0.05,22011.95,5058,60063.99,148850,35700,21-MAR-2024,
OPTIDX,NIFTY,21-Mar-2024,23800,CE,0.2,0.2,0.05,0.05,22011.95,10379,123510.58,450750,-53750,21-MAR-2024,
OPTIDX,NIFTY,21-Mar-2024,23850,CE,0.2,0.2,0.05,0.05,22011.95,1510,18006.83,49650,-500,21-MAR-2024,
OPTIDX,NIFTY,21-Mar-2024,23900,CE,0.25,0.25,0.05,0.05,22011.95,9450,112928,184200,12150,21-MAR-2024,
OPTIDX,NIFTY,21-Mar-2024,23950,CE,0.15,0.25,0.05,0.1,22011.95,7338,87872.87,157800,62750,21-MAR-2024,
OPTIDX,NIFTY,21-Mar-2024,24000,CE,0.2,0.2,0.05,0.05,22011.95,50773,609278.22,1487300,-368800,21-MAR-2024,
OPTIDX,NIFTY,21-Mar-2024,24050,CE,0.1,0.25,0.05,0.05,22011.95,1888,22703.28,76550,31650,21-MAR-2024,
OPTIDX,NIFTY,21-Mar-2024,24100,CE,0.2,0.2,0.05,0.05,22011.95,14656,176605.41,396650,-21250,21-MAR-2024,
OPTIDX,NIFTY,21-Mar-2024,24150,CE,0.2,0.2,0.05,0.05,22011.95,3642,43977.32,103150,-950,21-MAR-2024,
OPTIDX,NIFTY,21-Mar-2024,24200,CE,0.25,0.25,0.05,0.05,22011.95,23575,285258.45,509000,-260800,21-MAR-2024,
OPTIDX,NIFTY,21-Mar-2024,24250,CE,0.15,0.2,0.05,0.05,22011.95,23343,283034.89,593650,-14600,21-MAR-2024,
OPTIDX,NIFTY,21-Mar-2024,20050,PE,0.2,0.3,0.05,0.05,22011.95,82845,830527.43,274850,-127700,21-MAR-2024,
OPTIDX,NIFTY,21-Mar-2024,20100,PE,0.25,0.55,0.05,0.1,22011.95,32767,329310.8,255600,171250,21-MAR-2024,
OPTIDX,NIFTY,21-Mar-2024,20150,PE,0.15,0.35,0.05,0.1,22011.95,198075,1995627.46,769300,-2320000,21-MAR-2024,
OPTIDX,NIFTY,21-Mar-2024,20200,PE,0.3,0.3,0.05,0.05,22011.95,56774,573422.91,1679000,-862050,21-MAR-2024,
OPTIDX,NIFTY,21-Mar-2024,20250,PE,0.15,0.4,0.05,0.1,22011.95,13467,136354.67,50400,-61400,21-MAR-2024,
OPTIDX,NIFTY,21-Mar-2024,20300,PE,0.25,0.5,0.05,0.05,22011.95,22803,231453.1,293850,-86250,21-MAR-2024,
OPTIDX,NIFTY,21-Mar-2024,20350,PE,0.15,0.5,0.05,0.1,22011.95,10167,103450.29,30300,-56700,21-MAR-2024,
OPTIDX,NIFTY,21-Mar-2024,20400,PE,0.15,0.5,0.05,0.05,22011.95,12630,128827.16,141500,-58150,21-MAR-2024,
OPTIDX,NIFTY,21-Mar-2024,20450,PE,0.25,0.65,0.05,0.1,22011.95,8569,87618.81,31750,-59900,21-MAR-2024,
OPTIDX,NIFTY,21-Mar-2024,20500,PE,0.2,0.3,0.05,0.05,22011.95,100827,1033485.4,1317600,-458900,21-MAR-2024,
OPTIDX,NIFTY,21-Mar-2024,20550,PE,0.3,0.3,0.05,0.05,22011.95,11794,121184.54,82300,-48550,21-MAR-2024,
OPTIDX,NIFTY,21-Mar-2024,20600,PE,0.3,0.3,0.05,0.05,22011.95,36920,380279.13,485300,-158150,21-MAR-2024,
OPTIDX,NIFTY,21-Mar-2024,20650,PE,0.25,0.35,0.05,0.1,22011.95,31340,323588.54,106950,-36050,21-MAR-2024,
OPTIDX,NIFTY,21-Mar-2024,20700,PE,0.3,0.35,0.05,0.05,22011.95,54388,562920.84,372400,-178100,21-MAR-2024,
OPTIDX,NIFTY,21-Mar-2024,20750,PE,0.3,0.4,0.05,0.05,22011.95,50608,525063.16,265200,-91550,21-MAR-2024,
OPTIDX,NIFTY,21-Mar-2024,20800,PE,0.3,0.4,0.05,0.1,22011.95,100617,1046427.92,407500,-586100,21-MAR-2024,
OPTIDX,NIFTY,21-Mar-2024,20850,PE,0.25,0.45,0.05,0.1,22011.95,62033,646701.07,101200,-205300,21-MAR-2024,
OPTIDX,NIFTY,21-Mar-2024,20900,PE,0.4,0.4,0.05,0.05,22011.95,118597,1239351.88,642300,-450250,21-MAR-2024,
OPTIDX,NIFTY,21-Mar-2024,20950,PE,0.4,0.4,0.05,0.1,22011.95,79299,830666.35,284350,-121250,21-MAR-2024,
OPTIDX,NIFTY,21-Mar-2024,21000,PE,0.4,0.45,0.05,0.05,22011.95,442617,4647534.8,3208200,-1968900,21-MAR-2024,
OPTIDX,NIFTY,21-Mar-2024,21050,PE,0.4,0.4,0.05,0.1,22011.95,137046,1442426.92,436750,-98700,21-MAR-2024,
OPTIDX,NIFTY,21-Mar-2024,21100,PE,0.4,0.4,0.05,0.05,22011.95,233941,2468108.33,820550,-859750,21-MAR-2024,
OPTIDX,NIFTY,21-Mar-2024,21150,PE,0.4,0.45,0.05,0.05,22011.95,188996,1998660.15,380550,-566450,21-MAR-2024,
OPTIDX,NIFTY,21-Mar-2024,21200,PE,0.4,0.5,0.05,0.05,22011.95,437877,4641560.63,2618350,-1232600,21-MAR-2024,
OPTIDX,NIFTY,21-Mar-2024,21250,PE,0.45,0.5,0.05,0.05,22011.95,284580,3023708.52,1036550,-528450,21-MAR-2024,
OPTIDX,NIFTY,21-Mar-2024,21300,PE,0.6,0.7,0.05,0.05,22011.95,878292,9353963.82,4026150,412400,21-MAR-2024,
OPTIDX,NIFTY,21-Mar-2024,21350,PE,0.55,0.75,0.05,0.05,22011.95,674106,7196217.2,2900900,371050,21-MAR-2024,
OPTIDX,NIFTY,21-Mar-2024,21400,PE,0.9,0.95,0.05,0.05,22011.95,1470662,15736421.45,4978050,541250,21-MAR-2024,
OPTIDX,NIFTY,21-Mar-2024,21450,PE,1.8,3,0.05,0.05,22011.95,1159122,12431896.51,2043950,-179750,21-MAR-2024,
OPTIDX,NIFTY,21-Mar-2024,21500,PE,1.3,2,0.05,0.05,22011.95,2914877,31335809.34,7799550,1339200,21-MAR-2024,
OPTIDX,NIFTY,21-Mar-2024,21550,PE,2.3,2.9,0.05,0.1,22011.95,2191542,23614721.55,3661400,1078250,21-MAR-2024,
OPTIDX,NIFTY,21-Mar-2024,21600,PE,3.9,3.9,0.05,0.1,22011.95,4096369,44242704.62,6234850,2219650,21-MAR-2024,
OPTIDX,NIFTY,21-Mar-2024,21650,PE,7,7,0.05,0.1,22011.95,3942901,42684264.23,4338850,1586800,21-MAR-2024,
OPTIDX,NIFTY,21-Mar-2024,21700,PE,9.8,9.8,0.05,0.1,22011.95,6928978,75185012.79,7187100,1971300,21-MAR-2024,
OPTIDX,NIFTY,21-Mar-2024,21750,PE,11.9,13.95,0.05,0.1,22011.95,7187755,78174975.49,4581000,1267500,21-MAR-2024,
OPTIDX,NIFTY,21-Mar-2024,21800,PE,18.8,24.2,0.05,0.1,22011.95,12114181,132064438.09,7143050,1935150,21-MAR-2024,
OPTIDX,NIFTY,21-Mar-2024,21850,PE,27,28.95,0.05,0.15,22011.95,12321347,134638619.5,5593800,3177700,21-MAR-2024,
OPTIDX,NIFTY,21-Mar-2024,21900,PE,50.1,50.1,0.05,0.15,22011.95,20499350,224540475.45,9932300,7747150,21-MAR-2024,
OPTIDX,NIFTY,21-Mar-2024,21950,PE,62,62,0.05,0.3,22011.95,29146893,320040609.76,12586650,11830650,21-MAR-2024,
OPTIDX,NIFTY,21-Mar-2024,22000,PE,82.1,82.85,0.05,2.65,22011.95,47303027,520771723.89,26803550,25143250,21-MAR-2024,
OPTIDX,NIFTY,21-Mar-2024,22050,PE,125,125,20.85,42.95,22011.95,13595558,150233762.63,4900550,4566500,21-MAR-2024,
OPTIDX,NIFTY,21-Mar-2024,22100,PE,160,170,47.05,93.55,22011.95,5590150,62024262.47,1696450,1075850,21-MAR-2024,
OPTIDX,NIFTY,21-Mar-2024,22150,PE,181,218.4,85,143.7,22011.95,994733,11083210.66,488050,309950,21-MAR-2024,
OPTIDX,NIFTY,21-Mar-2024,22200,PE,225.75,266.85,129.15,193,22011.95,663188,7423032.64,652850,-248850,21-MAR-2024,
OPTIDX,NIFTY,21-Mar-2024,22250,PE,270.05,315.45,176,243.7,22011.95,80758,907645.42,70900,-71400,21-MAR-2024,
OPTIDX,NIFTY,21-Mar-2024,22300,PE,313.2,369,224,293.1,22011.95,65818,743307.11,92100,-204900,21-MAR-2024,
OPTIDX,NIFTY,21-Mar-2024,22350,PE,367.1,412.75,274.15,341.45,22011.95,6198,70304.89,63000,-34550,21-MAR-2024,
OPTIDX,NIFTY,21-Mar-2024,22400,PE,417.65,462.5,324.05,390.85,22011.95,15677,178639.63,104300,-154600,21-MAR-2024,
OPTIDX,NIFTY,21-Mar-2024,22450,PE,460.15,514.95,375.15,441.9,22011.95,1584,18127.69,20700,-7550,21-MAR-2024,
OPTIDX,NIFTY,21-Mar-2024,22500,PE,517.3,560.95,424,491.8,22011.95,11915,136934.35,202450,-118800,21-MAR-2024,
OPTIDX,NIFTY,21-Mar-2024,22550,PE,581.05,613.9,467.75,542.3,22011.95,685,7906.81,18750,-7650,21-MAR-2024,
OPTIDX,NIFTY,21-Mar-2024,22600,PE,630.65,664.4,525,591.55,22011.95,3782,43820.04,16800,-71750,21-MAR-2024,
OPTIDX,NIFTY,21-Mar-2024,22650,PE,663.65,664,582.2,645.25,22011.95,221,2573.92,4400,-3050,21-MAR-2024,
OPTIDX,NIFTY,21-Mar-2024,22700,PE,701.05,765.6,634,691.9,22011.95,712,8329.1,26000,-19000,21-MAR-2024,
OPTIDX,NIFTY,21-Mar-2024,22750,PE,798.8,800.05,710,742.35,22011.95,200,2349.6,9800,-2200,21-MAR-2024,
OPTIDX,NIFTY,21-Mar-2024,22800,PE,796,864.4,728.8,792,22011.95,333,3926.55,3800,-5900,21-MAR-2024,
OPTIDX,NIFTY,21-Mar-2024,22850,PE,804.25,901.3,790.75,842.25,22011.95,113,1338.07,1350,-2200,21-MAR-2024,
OPTIDX,NIFTY,21-Mar-2024,22900,PE,913.5,956.35,830.1,893.2,22011.95,631,7499.4,4800,-3650,21-MAR-2024,
OPTIDX,NIFTY,21-Mar-2024,22950,PE,949,991.8,900.2,943.6,22011.95,102,1218.07,700,-600,21-MAR-2024,
OPTIDX,NIFTY,21-Mar-2024,23000,PE,1026.65,1064.05,925,993.45,22011.95,1080,12958.54,21100,-28700,21-MAR-2024,
OPTIDX,NIFTY,21-Mar-2024,23050,PE,0,0,0,1072.5,22011.95,0,0,0,0,21-MAR-2024,
OPTIDX,NIFTY,21-Mar-2024,23100,PE,1110,1127,1040,1094.4,22011.95,73,883.12,7000,-1800,21-MAR-2024,
OPTIDX,NIFTY,21-Mar-2024,23150,PE,0,0,0,1156.45,22011.95,0,0,0,0,21-MAR-2024,
OPTIDX,NIFTY,21-Mar-2024,23200,PE,1171.1,1221,1135.2,1195.75,22011.95,35,426.83,1350,-550,21-MAR-2024,
OPTIDX,NIFTY,21-Mar-2024,23250,PE,0,0,0,1242.45,22011.95,0,0,0,0,21-MAR-2024,
OPTIDX,NIFTY,21-Mar-2024,23300,PE,0,0,0,1415,22011.95,0,0,1750,0,21-MAR-2024,
OPTIDX,NIFTY,21-Mar-2024,23350,PE,0,0,0,1100,22011.95,0,0,300,0,21-MAR-2024,
OPTIDX,NIFTY,21-Mar-2024,23400,PE,0,0,0,1184.25,22011.95,0,0,350,0,21-MAR-2024,
OPTIDX,NIFTY,21-Mar-2024,23450,PE,0,0,0,1420,22011.95,0,0,0,0,21-MAR-2024,
OPTIDX,NIFTY,21-Mar-2024,23500,PE,0,0,0,1465.35,22011.95,0,0,0,0,21-MAR-2024,
OPTIDX,NIFTY,21-Mar-2024,23550,PE,0,0,0,1511.05,22011.95,0,0,0,0,21-MAR-2024,
OPTIDX,NIFTY,21-Mar-2024,23600,PE,0,0,0,1750,22011.95,0,0,50,0,21-MAR-2024,
OPTIDX,NIFTY,21-Mar-2024,23650,PE,0,0,0,1637.1,22011.95,0,0,100,0,21-MAR-2024,
OPTIDX,NIFTY,21-Mar-2024,23700,PE,1720.55,1730.05,1683.55,1683.55,22011.95,109,1384.56,2700,-2450,21-MAR-2024,
OPTIDX,NIFTY,21-Mar-2024,23750,PE,0,0,0,1696.95,22011.95,0,0,0,0,21-MAR-2024,
OPTIDX,NIFTY,21-Mar-2024,23800,PE,0,0,0,1805.2,22011.95,0,0,100,0,21-MAR-2024,
OPTIDX,NIFTY,21-Mar-2024,23850,PE,0,0,0,1791.45,22011.95,0,0,0,0,21-MAR-2024,
OPTIDX,NIFTY,21-Mar-2024,23900,PE,0,0,0,1839.05,22011.95,0,0,0,0,21-MAR-2024,
OPTIDX,NIFTY,21-Mar-2024,23950,PE,0,0,0,1886.8,22011.95,0,0,0,0,21-MAR-2024,
OPTIDX,NIFTY,21-Mar-2024,24000,PE,1930,2004.4,1930,1998.6,22011.95,4,51.96,1550,-100,21-MAR-2024,
OPTIDX,NIFTY,21-Mar-2024,24050,PE,0,0,0,1982.85,22011.95,0,0,0,0,21-MAR-2024,
OPTIDX,NIFTY,21-Mar-2024,24100,PE,0,0,0,2031.1,22011.95,0,0,0,0,21-MAR-2024,
OPTIDX,NIFTY,21-Mar-2024,24150,PE,0,0,0,2079.5,22011.95,0,0,0,0,21-MAR-2024,
OPTIDX,NIFTY,21-Mar-2024,24200,PE,0,0,0,2128.05,22011.95,0,0,0,0,21-MAR-2024,
OPTIDX,NIFTY,21-Mar-2024,24250,PE,0,0,0,2176.7,22011.95,0,0,0,0,21-MAR-2024,
OPTIDX,NIFTY,28-Mar-2024,14000,CE,8018.25,8110.2,8018.25,8084.05,8084.05,195,2151.98,310500,-9550,21-MAR-2024,
OPTIDX,NIFTY,28-Mar-2024,15000,CE,7186.2,7186.2,7130,7130,7031.35,4,44.34,31950,-50,21-MAR-2024,
OPTIDX,NIFTY,28-Mar-2024,16000,CE,6138,6138,6091.8,6104.1,6104.1,6,66.31,23800,-250,21-MAR-2024,
OPTIDX,NIFTY,28-Mar-2024,17000,CE,5130.05,5143.65,5041,5108.35,5108.35,38,420.27,76800,-650,21-MAR-2024,
OPTIDX,NIFTY,28-Mar-2024,18000,CE,4060,4135,4025,4079.45,4079.45,2000,22075.84,378150,-9250,21-MAR-2024,
OPTIDX,NIFTY,28-Mar-2024,19000,CE,3059.5,3138,3010.2,3089.9,3089.9,5592,61756.91,458600,-24750,21-MAR-2024,
OPTIDX,NIFTY,28-Mar-2024,19500,CE,2568,2639.9,2534.75,2613.1,2613.1,93,1027.03,87250,-2900,21-MAR-2024,
OPTIDX,NIFTY,28-Mar-2024,19550,CE,0,0,0,2355,2487.25,0,0,3000,0,21-MAR-2024,
OPTIDX,NIFTY,28-Mar-2024,19600,CE,0,0,0,2295.6,2437.3,0,0,5700,0,21-MAR-2024,
OPTIDX,NIFTY,28-Mar-2024,19650,CE,0,0,0,2820,2387.35,0,0,800,0,21-MAR-2024,
OPTIDX,NIFTY,28-Mar-2024,19700,CE,2335,2386.35,2335,2386.35,2337.45,40,441.21,8550,-1800,21-MAR-2024,
OPTIDX,NIFTY,28-Mar-2024,19750,CE,0,0,0,2251.5,2287.5,0,0,200,0,21-MAR-2024,
OPTIDX,NIFTY,28-Mar-2024,19800,CE,2265,2272,2265,2272,2272,2,22.06,9700,-50,21-MAR-2024,
OPTIDX,NIFTY,28-Mar-2024,19850,CE,0,0,0,2204.45,2187.65,0,0,150,0,21-MAR-2024,
OPTIDX,NIFTY,28-Mar-2024,19900,CE,2191.5,2191.5,2145.7,2145.7,2137.7,6,66.18,6050,-250,21-MAR-2024,
OPTIDX,NIFTY,28-Mar-2024,19950,CE,0,0,0,2183.9,2087.75,0,0,150,0,21-MAR-2024,
OPTIDX,NIFTY,28-Mar-2024,20000,CE,2000,2144,1999.95,2100.15,2100.15,1649,18204.51,647700,-13100,21-MAR-2024,
OPTIDX,NIFTY,28-Mar-2024,20050,CE,2030,2035,2030,2035,1987.9,4,44.16,1500,-100,21-MAR-2024,
OPTIDX,NIFTY,28-Mar-2024,20100,CE,2030,2030,1984.6,1994.55,1937.95,11,121.53,3250,-100,21-MAR-2024,
OPTIDX,NIFTY,28-Mar-2024,20150,CE,1908,1940,1908,1940,1888,2,22.07,650,50,21-MAR-2024,
OPTIDX,NIFTY,28-Mar-2024,20200,CE,1855,1935,1855,1899.5,1899.5,74,817.47,17750,750,21-MAR-2024,
OPTIDX,NIFTY,28-Mar-2024,20250,CE,1880,1880,1815,1820,1788.15,7,77.27,500,350,21-MAR-2024,
OPTIDX,NIFTY,28-Mar-2024,20300,CE,1825,1825,1736.25,1788.2,1738.2,30,331.22,8250,250,21-MAR-2024,
OPTIDX,NIFTY,28-Mar-2024,20350,CE,1730,1730,1730,1730,1688.3,1,11.04,650,0,21-MAR-2024,
OPTIDX,NIFTY,28-Mar-2024,20400,CE,1666.05,1732.5,1625,1670,1638.35,84,926.87,9600,2900,21-MAR-2024,
OPTIDX,NIFTY,28-Mar-2024,20450,CE,1615,1615,1615,1615,1588.4,20,220.65,2000,1000,21-MAR-2024,
OPTIDX,NIFTY,28-Mar-2024,20500,CE,1571,1646.15,1525.05,1600.7,1600.7,756,8350.51,140050,-5250,21-MAR-2024,
OPTIDX,NIFTY,28-Mar-2024,20550,CE,1520,1570,1520,1570,1488.55,22,243.09,2650,1050,21-MAR-2024,
OPTIDX,NIFTY,28-Mar-2024,20600,CE,1464.9,1522,1451.95,1484.55,1484.55,38,419.4,46700,900,21-MAR-2024,
OPTIDX,NIFTY,28-Mar-2024,20650,CE,1480,1480,1450,1450,1450,3,33.18,1400,0,21-MAR-2024,
OPTIDX,NIFTY,28-Mar-2024,20700,CE,1373,1445,1330,1385.4,1338.75,30,331.33,19150,500,21-MAR-2024,
OPTIDX,NIFTY,28-Mar-2024,20750,CE,0,0,0,1380,1288.8,0,0,2500,0,21-MAR-2024,
OPTIDX,NIFTY,28-Mar-2024,20800,CE,1270,1335,1254.9,1318.6,1318.6,94,1038.76,29250,-3400,21-MAR-2024,
OPTIDX,NIFTY,28-Mar-2024,20850,CE,0,0,0,1335,1189,0,0,1550,0,21-MAR-2024,
OPTIDX,NIFTY,28-Mar-2024,20900,CE,1165,1244.95,1150,1189.45,1139.1,9,99.46,10950,0,21-MAR-2024,
OPTIDX,NIFTY,28-Mar-2024,20950,CE,1124,1124,1124,1124,1089.2,1,11.03,750,50,21-MAR-2024,
OPTIDX,NIFTY,28-Mar-2024,21000,CE,1051,1151,1025,1109.95,1109.95,3646,40278.33,988250,-25450,21-MAR-2024,
OPTIDX,NIFTY,28-Mar-2024,21050,CE,1020,1083.6,1019.5,1019.5,989.55,39,430.45,6100,1450,21-MAR-2024,
OPTIDX,NIFTY,28-Mar-2024,21100,CE,980,1040.9,941.25,1015.05,1015.05,55,607.37,27650,900,21-MAR-2024,
OPTIDX,NIFTY,28-Mar-2024,21150,CE,925,958.95,921.65,958.75,958.75,7,77.31,1550,0,21-MAR-2024,
OPTIDX,NIFTY,28-Mar-2024,21200,CE,858.95,951.25,836.95,900.85,900.85,1764,19479.11,108700,-7150,21-MAR-2024,
OPTIDX,NIFTY,28-Mar-2024,21250,CE,820,860,820,846.6,846.6,12,132.59,5550,-250,21-MAR-2024,
OPTIDX,NIFTY,28-Mar-2024,21300,CE,764.8,848.45,749.45,794.9,794.9,617,6817.93,48650,9300,21-MAR-2024,
OPTIDX,NIFTY,28-Mar-2024,21350,CE,715.55,778.75,700.1,758.85,758.85,60,662.21,5500,-350,21-MAR-2024,
OPTIDX,NIFTY,28-Mar-2024,21400,CE,669,753.05,640,716.75,716.75,1435,15859.96,74300,16600,21-MAR-2024,
OPTIDX,NIFTY,28-Mar-2024,21450,CE,610,704.45,597.25,670.9,670.9,242,2674.7,12050,300,21-MAR-2024,
OPTIDX,NIFTY,28-Mar-2024,21500,CE,510,660,510,617.2,617.2,10545,116552.36,513100,-21200,21-MAR-2024,
OPTIDX,NIFTY,28-Mar-2024,21550,CE,516.65,610,496.1,559.35,559.35,722,7977.51,17550,4200,21-MAR-2024,
OPTIDX,NIFTY,28-Mar-2024,21600,CE,472,566.9,453.3,524.95,524.95,4328,47838.03,159250,-11900,21-MAR-2024,
OPTIDX,NIFTY,28-Mar-2024,21650,CE,425,517.8,409.05,481.15,481.15,1869,20673.61,45200,-21250,21-MAR-2024,
OPTIDX,NIFTY,28-Mar-2024,21700,CE,401,475.4,366.8,426.65,426.65,15190,167988.8,228250,20400,21-MAR-2024,
OPTIDX,NIFTY,28-Mar-2024,21750,CE,359.1,431.5,328.7,387.45,387.45,6572,72699.22,73150,-38550,21-MAR-2024,
OPTIDX,NIFTY,28-Mar-2024,21800,CE,298.55,388.7,287.85,345.65,345.65,73467,813135.83,1167750,208700,21-MAR-2024,
OPTIDX,NIFTY,28-Mar-2024,21850,CE,282,347.9,251.8,303.7,303.7,18763,207755.94,151050,-195400,21-MAR-2024,
OPTIDX,NIFTY,28-Mar-2024,21900,CE,220.5,308.65,217.05,261.4,261.4,133248,1476233.3,1010250,-468700,21-MAR-2024,
OPTIDX,NIFTY,28-Mar-2024,21950,CE,268,277.45,185.9,225.6,225.6,65992,731495.11,299250,-171600,21-MAR-2024,
OPTIDX,NIFTY,28-Mar-2024,22000,CE,156.35,237,156,190.7,190.7,644728,7153242.73,5266050,1211100,21-MAR-2024,
OPTIDX,NIFTY,28-Mar-2024,22050,CE,154.75,203.75,129.3,162.4,162.4,194333,2158372.89,695750,317800,21-MAR-2024,
OPTIDX,NIFTY,28-Mar-2024,22100,CE,120.05,173.9,105.7,132.95,132.95,555254,6173046.53,3440100,1582650,21-MAR-2024,
OPTIDX,NIFTY,28-Mar-2024,22150,CE,100,145.9,85.25,109.9,109.9,152012,1692018.05,656550,156800,21-MAR-2024,
OPTIDX,NIFTY,28-Mar-2024,22200,CE,75,121.8,67.55,86.7,86.7,488138,5440147.33,3653800,640300,21-MAR-2024,
OPTIDX,NIFTY,28-Mar-2024,22250,CE,65,99.15,51.75,66.95,66.95,176157,1965613.31,1163000,769200,21-MAR-2024,
OPTIDX,NIFTY,28-Mar-2024,22300,CE,50,80.45,39.5,51.5,51.5,364316,4072029.67,2396450,590350,21-MAR-2024,
OPTIDX,NIFTY,28-Mar-2024,22350,CE,47.95,63.5,29.65,38.55,38.55,122079,1366695.61,708150,342250,21-MAR-2024,
OPTIDX,NIFTY,28-Mar-2024,22400,CE,30.05,49.8,22,28.5,28.5,321504,3605833.17,2736950,1170100,21-MAR-2024,
OPTIDX,NIFTY,28-Mar-2024,22450,CE,24.25,38.15,16.05,20.8,20.8,118271,1328926.62,649450,335100,21-MAR-2024,
OPTIDX,NIFTY,28-Mar-2024,22500,CE,19.95,29.1,11.75,14.8,14.8,400327,4507162.98,4379250,1448100,21-MAR-2024,
OPTIDX,NIFTY,28-Mar-2024,22550,CE,11.45,21.7,8.4,10.3,10.3,104205,1175529.5,916250,438150,21-MAR-2024,
OPTIDX,NIFTY,28-Mar-2024,22600,CE,7.95,15.85,5.95,7.2,7.2,265866,3005429.84,2516850,920300,21-MAR-2024,
OPTIDX,NIFTY,28-Mar-2024,22650,CE,7,11.55,4.25,5.2,5.2,120892,1369483.42,968750,548050,21-MAR-2024,
OPTIDX,NIFTY,28-Mar-2024,22700,CE,7,11.95,3.05,3.75,3.75,274659,3118012.3,3898950,2702600,21-MAR-2024,
OPTIDX,NIFTY,28-Mar-2024,22750,CE,5.15,6.5,2.6,3,3,70965,807363.18,660100,240950,21-MAR-2024,
OPTIDX,NIFTY,28-Mar-2024,22800,CE,4,5,2.15,2.4,2.4,158816,1810750.85,2114450,508600,21-MAR-2024,
OPTIDX,NIFTY,28-Mar-2024,22850,CE,3.6,4.2,1.8,2,2,45710,522297.29,361400,140050,21-MAR-2024,
OPTIDX,NIFTY,28-Mar-2024,22900,CE,3,3.55,1.6,1.75,1.75,89084,1020113.54,1178000,347650,21-MAR-2024,
OPTIDX,NIFTY,28-Mar-2024,22950,CE,2.55,3.15,1.45,1.6,1.6,28242,324107.04,251200,83400,21-MAR-2024,
OPTIDX,NIFTY,28-Mar-2024,23000,CE,2.7,3.2,1.4,1.5,1.5,252281,2901485.88,6241400,2646850,21-MAR-2024,
OPTIDX,NIFTY,28-Mar-2024,23050,CE,2.5,2.6,1.25,1.35,1.35,17850,205737.26,228150,89400,21-MAR-2024,
OPTIDX,NIFTY,28-Mar-2024,23100,CE,1.75,2.65,1.15,1.25,1.25,41890,483864.54,759750,76950,21-MAR-2024,
OPTIDX,NIFTY,28-Mar-2024,23150,CE,1.8,2.2,1.05,1.2,1.2,6127,70924.78,131600,43100,21-MAR-2024,
OPTIDX,NIFTY,28-Mar-2024,23200,CE,2,3,1.1,1.2,1.2,44424,515353.82,966250,337950,21-MAR-2024,
OPTIDX,NIFTY,28-Mar-2024,23250,CE,2,2.1,1,1.15,1.15,3660,42550.2,72400,-1300,21-MAR-2024,
OPTIDX,NIFTY,28-Mar-2024,23300,CE,2.05,2.05,1,1.1,1.1,16838,196174.58,397250,138450,21-MAR-2024,
OPTIDX,NIFTY,28-Mar-2024,23350,CE,1.8,2,0.95,1.05,1.05,2210,25803.27,93650,5550,21-MAR-2024,
OPTIDX,NIFTY,28-Mar-2024,23400,CE,1.5,1.9,1,1.05,1.05,8819,103187.73,280300,59350,21-MAR-2024,
OPTIDX,NIFTY,28-Mar-2024,23450,CE,1.8,1.95,0.9,1.05,1.05,3439,40324.56,95950,8700,21-MAR-2024,
OPTIDX,NIFTY,28-Mar-2024,23500,CE,1.5,1.75,0.9,1,1,58874,691803,1858050,578050,21-MAR-2024,
OPTIDX,NIFTY,28-Mar-2024,23550,CE,1.75,1.85,0.8,0.9,0.9,1396,16438.72,29050,3100,21-MAR-2024,
OPTIDX,NIFTY,28-Mar-2024,23600,CE,1.6,2.4,0.9,1,1,2290,27023.36,100350,9550,21-MAR-2024,
OPTIDX,NIFTY,28-Mar-2024,23650,CE,1.65,2.4,0.95,1.05,1.05,647,7651.16,24650,4750,21-MAR-2024,
OPTIDX,NIFTY,28-Mar-2024,23700,CE,1.45,1.65,0.85,0.95,0.95,4577,54240.11,139700,-9400,21-MAR-2024,
OPTIDX,NIFTY,28-Mar-2024,23750,CE,1.95,5.55,0.9,1.05,1.05,747,8871.09,23800,2750,21-MAR-2024,
OPTIDX,NIFTY,28-Mar-2024,23800,CE,1.4,2.1,0.85,1.05,1.05,3309,39378.91,135300,20400,21-MAR-2024,
OPTIDX,NIFTY,28-Mar-2024,23850,CE,1.25,2.25,0.7,1,1,772,9206.5,31650,1350,21-MAR-2024,
OPTIDX,NIFTY,28-Mar-2024,23900,CE,1.4,1.5,0.8,0.95,0.95,2047,24462.8,74100,5450,21-MAR-2024,
OPTIDX,NIFTY,28-Mar-2024,23950,CE,1.2,2.05,0.8,1,1,972,11640.24,32200,3850,21-MAR-2024,
OPTIDX,NIFTY,28-Mar-2024,24000,CE,1.35,1.5,0.85,1.1,1.1,94159,1129961.08,3940850,904200,21-MAR-2024,
OPTIDX,NIFTY,28-Mar-2024,24050,CE,1.4,2.4,0.8,1,1,548,6590.01,12400,-1100,21-MAR-2024,
OPTIDX,NIFTY,28-Mar-2024,24100,CE,1.35,1.45,0.75,1.05,1.05,1688,20341.28,45600,4450,21-MAR-2024,
OPTIDX,NIFTY,28-Mar-2024,24150,CE,1.4,1.45,0.8,0.95,0.95,907,10952.53,26400,9050,21-MAR-2024,
OPTIDX,NIFTY,28-Mar-2024,24200,CE,1.3,1.45,0.85,1,1,2775,33579.04,59950,21850,21-MAR-2024,
OPTIDX,NIFTY,28-Mar-2024,24250,CE,1.25,1.45,0.7,1,1,2652,32156.82,78300,42400,21-MAR-2024,
OPTIDX,NIFTY,28-Mar-2024,25000,CE,1.35,1.4,0.75,0.85,0.85,8517,106466.73,836850,38000,21-MAR-2024,
OPTIDX,NIFTY,28-Mar-2024,26000,CE,1.15,1.2,0.65,0.85,0.85,5177,67303.13,359650,139750,21-MAR-2024,
OPTIDX,NIFTY,28-Mar-2024,27000,CE,1.05,1.05,0.65,0.7,0.7,5259,70998.54,745450,122350,21-MAR-2024,
OPTIDX,NIFTY,28-Mar-2024,14000,PE,0.65,0.8,0.6,0.7,0.7,249,1743.08,174200,1100,21-MAR-2024,
OPTIDX,NIFTY,28-Mar-2024,15000,PE,0.45,0.7,0.4,0.65,0.65,127,952.53,11700,-250,21-MAR-2024,
OPTIDX,NIFTY,28-Mar-2024,16000,PE,0.75,0.75,0.5,0.6,0.6,195,1560.05,115500,-2250,21-MAR-2024,
OPTIDX,NIFTY,28-Mar-2024,17000,PE,0.9,1,0.5,0.7,0.7,480,4080.18,243750,-2150,21-MAR-2024,
OPTIDX,NIFTY,28-Mar-2024,18000,PE,1.05,1.15,0.6,0.9,0.9,4888,43994.11,772250,63600,21-MAR-2024,
OPTIDX,NIFTY,28-Mar-2024,19000,PE,1.25,1.35,0.7,0.8,0.8,18160,172529.06,1075100,4700,21-MAR-2024,
OPTIDX,NIFTY,28-Mar-2024,19500,PE,1.1,1.35,0.65,1.05,1.05,3540,34516.8,302850,19050,21-MAR-2024,
OPTIDX,NIFTY,28-Mar-2024,19550,PE,1.5,2.4,0.8,1.2,1.2,172,1681.4,5900,450,21-MAR-2024,
OPTIDX,NIFTY,28-Mar-2024,19600,PE,1.15,1.4,1,1.15,1.15,486,4763.08,29050,-700,21-MAR-2024,
OPTIDX,NIFTY,28-Mar-2024,19650,PE,1.3,1.3,0.95,1.2,1.2,103,1012.03,5150,-350,21-MAR-2024,
OPTIDX,NIFTY,28-Mar-2024,19700,PE,1.15,1.4,0.8,1.2,1.2,1694,16686.88,57900,-7800,21-MAR-2024,
OPTIDX,NIFTY,28-Mar-2024,19750,PE,1.1,1.45,0.8,1.15,1.15,248,2449.13,4450,-2450,21-MAR-2024,
OPTIDX,NIFTY,28-Mar-2024,19800,PE,1.3,1.4,1,1.2,1.2,2214,21919.89,89450,18400,21-MAR-2024,
OPTIDX,NIFTY,28-Mar-2024,19850,PE,1.35,2.2,0.9,1.2,1.2,303,3007.46,5500,-1000,21-MAR-2024,
OPTIDX,NIFTY,28-Mar-2024,19900,PE,1.1,1.55,0.95,1.25,1.25,1292,12856.19,59950,3800,21-MAR-2024,
OPTIDX,NIFTY,28-Mar-2024,19950,PE,2.05,2.05,0.95,1.3,1.3,959,9566.61,5850,-1800,21-MAR-2024,
OPTIDX,NIFTY,28-Mar-2024,20000,PE,1.7,1.7,1.1,1.3,1.3,85157,851624.77,5549950,1591450,21-MAR-2024,
OPTIDX,NIFTY,28-Mar-2024,20050,PE,2.35,3.4,1,1.45,1.45,796,7980.46,16050,3350,21-MAR-2024,
OPTIDX,NIFTY,28-Mar-2024,20100,PE,1.95,2,1.15,1.35,1.35,9176,92225.11,247550,114000,21-MAR-2024,
OPTIDX,NIFTY,28-Mar-2024,20150,PE,1.55,2.7,1.1,1.3,1.3,660,6649.92,16850,300,21-MAR-2024,
OPTIDX,NIFTY,28-Mar-2024,20200,PE,1.45,1.85,1.2,1.4,1.4,28724,290132.19,1119800,944600,21-MAR-2024,
OPTIDX,NIFTY,28-Mar-2024,20250,PE,1.7,1.7,1.2,1.35,1.35,670,6784.2,25900,2500,21-MAR-2024,
OPTIDX,NIFTY,28-Mar-2024,20300,PE,1.4,1.75,1.3,1.45,1.45,4749,48205.8,208650,32500,21-MAR-2024,
OPTIDX,NIFTY,28-Mar-2024,20350,PE,2.2,2.2,1.1,1.55,1.55,1392,14164.67,53950,-4950,21-MAR-2024,
OPTIDX,NIFTY,28-Mar-2024,20400,PE,1.9,1.9,1.3,1.55,1.55,15975,162957.22,340000,83200,21-MAR-2024,
OPTIDX,NIFTY,28-Mar-2024,20450,PE,2.2,2.8,1.35,1.65,1.65,1362,13927.52,13850,0,21-MAR-2024,
OPTIDX,NIFTY,28-Mar-2024,20500,PE,2.5,2.55,1.4,1.65,1.65,64283,658952.54,2279750,946700,21-MAR-2024,
OPTIDX,NIFTY,28-Mar-2024,20550,PE,1.65,2,1.45,1.65,1.65,2609,26809.7,34800,-7600,21-MAR-2024,
OPTIDX,NIFTY,28-Mar-2024,20600,PE,2.9,2.9,1.45,1.8,1.8,22042,227052.06,405000,147550,21-MAR-2024,
OPTIDX,NIFTY,28-Mar-2024,20650,PE,3.3,3.3,1.5,1.85,1.85,5069,52342.11,94750,48150,21-MAR-2024,
OPTIDX,NIFTY,28-Mar-2024,20700,PE,3.3,3.3,1.6,1.85,1.85,30043,310973.85,576650,18450,21-MAR-2024,
OPTIDX,NIFTY,28-Mar-2024,20750,PE,3.9,4.8,1.65,2,2,9182,95272.58,109950,-6800,21-MAR-2024,
OPTIDX,NIFTY,28-Mar-2024,20800,PE,4.5,4.5,1.7,2.05,2.05,62931,654548.33,1007500,334300,21-MAR-2024,
OPTIDX,NIFTY,28-Mar-2024,20850,PE,5.25,5.25,1.8,2.1,2.1,18549,193394,222900,128250,21-MAR-2024,
OPTIDX,NIFTY,28-Mar-2024,20900,PE,5,5.6,2,2.3,2.3,81191,848545.14,1176850,722450,21-MAR-2024,
OPTIDX,NIFTY,28-Mar-2024,20950,PE,6.95,6.95,2.4,2.6,2.6,32772,343332.38,285900,79850,21-MAR-2024,
OPTIDX,NIFTY,28-Mar-2024,21000,PE,7.85,7.85,2.6,2.9,2.9,281141,2952436,6595300,1955950,21-MAR-2024,
OPTIDX,NIFTY,28-Mar-2024,21050,PE,10,10,2.85,3.1,3.1,43054,453216.27,293050,124400,21-MAR-2024,
OPTIDX,NIFTY,28-Mar-2024,21100,PE,5.15,7.85,3.1,3.35,3.35,119173,1257499.95,1113400,354600,21-MAR-2024,
OPTIDX,NIFTY,28-Mar-2024,21150,PE,11.8,11.8,3.55,3.8,3.8,65250,690155.1,477200,315200,21-MAR-2024,
OPTIDX,NIFTY,28-Mar-2024,21200,PE,7.6,7.6,3.95,4.3,4.3,234424,2485460.79,3427500,2189400,21-MAR-2024,
OPTIDX,NIFTY,28-Mar-2024,21250,PE,11.85,11.85,4.4,4.8,4.8,58523,621965.03,350050,125900,21-MAR-2024,
OPTIDX,NIFTY,28-Mar-2024,21300,PE,15.1,15.1,4.5,5.45,5.45,210380,2241200.28,1784950,529450,21-MAR-2024,
OPTIDX,NIFTY,28-Mar-2024,21350,PE,19.85,19.85,5.75,6.25,6.25,65509,699552.13,358700,140600,21-MAR-2024,
OPTIDX,NIFTY,28-Mar-2024,21400,PE,23.7,23.7,6.75,7.3,7.3,179543,1921911.52,2109200,1030400,21-MAR-2024,
OPTIDX,NIFTY,28-Mar-2024,21450,PE,18.55,21.75,8.2,8.8,8.8,61992,665203.62,459550,220750,21-MAR-2024,
OPTIDX,NIFTY,28-Mar-2024,21500,PE,23.55,33.7,10.2,10.8,10.8,280006,3011974.78,3973250,535500,21-MAR-2024,
OPTIDX,NIFTY,28-Mar-2024,21550,PE,37,37.8,12.35,13.1,13.1,75925,818717.24,601350,303950,21-MAR-2024,
OPTIDX,NIFTY,28-Mar-2024,21600,PE,35,40.5,15.4,16.45,16.45,203041,2194944.6,2126650,753900,21-MAR-2024,
OPTIDX,NIFTY,28-Mar-2024,21650,PE,52,52,18.9,20.15,20.15,88861,963045.69,620700,331450,21-MAR-2024,
OPTIDX,NIFTY,28-Mar-2024,21700,PE,50.2,54.85,23.5,25.2,25.2,263483,2862816.7,3048600,1062000,21-MAR-2024,
OPTIDX,NIFTY,28-Mar-2024,21750,PE,56.05,56.15,29.05,30.7,30.7,108504,1182050.39,735700,402800,21-MAR-2024,
OPTIDX,NIFTY,28-Mar-2024,21800,PE,83,83,36.2,38.8,38.8,396073,4326599.11,3535850,1206350,21-MAR-2024,
OPTIDX,NIFTY,28-Mar-2024,21850,PE,80,89.85,44,47.3,47.3,119190,1305562.23,872600,391450,21-MAR-2024,
OPTIDX,NIFTY,28-Mar-2024,21900,PE,95,101.65,54,59.1,59.1,397957,4371471.68,2544800,881100,21-MAR-2024,
OPTIDX,NIFTY,28-Mar-2024,21950,PE,107.4,114.85,66.05,71.7,71.7,180134,1984708.05,825700,531550,21-MAR-2024,
OPTIDX,NIFTY,28-Mar-2024,22000,PE,162,162,80.4,88,88,860539,9509523.32,7405300,3771650,21-MAR-2024,
OPTIDX,NIFTY,28-Mar-2024,22050,PE,150,165.55,97.8,104.9,104.9,182119,2018726.16,674200,511300,21-MAR-2024,
OPTIDX,NIFTY,28-Mar-2024,22100,PE,187.7,187.7,117.1,128.1,128.1,421883,4691679.2,2899200,1977800,21-MAR-2024,
OPTIDX,NIFTY,28-Mar-2024,22150,PE,193.65,214.7,139.5,150.75,150.75,44953,501577.12,224100,158150,21-MAR-2024,
OPTIDX,NIFTY,28-Mar-2024,22200,PE,270,270,164,180,180,139509,1562361.92,1606800,365550,21-MAR-2024,
OPTIDX,NIFTY,28-Mar-2024,22250,PE,350,350,191.05,210.3,210.3,15368,172688.94,155050,89500,21-MAR-2024,
OPTIDX,NIFTY,28-Mar-2024,22300,PE,277.45,317.85,223.45,245.95,245.95,39591,446576.41,995050,147400,21-MAR-2024,
OPTIDX,NIFTY,28-Mar-2024,22350,PE,332.35,353.8,257.3,283.05,283.05,2855,32329.64,76550,4600,21-MAR-2024,
OPTIDX,NIFTY,28-Mar-2024,22400,PE,400,400,291.85,324.85,324.85,14527,165181.16,669250,87000,21-MAR-2024,
OPTIDX,NIFTY,28-Mar-2024,22450,PE,416.05,435.05,334,362.05,362.05,1252,14288.84,53750,5400,21-MAR-2024,
OPTIDX,NIFTY,28-Mar-2024,22500,PE,468.4,489,374.15,409.55,409.55,16957,194354.15,1212650,30950,21-MAR-2024,
OPTIDX,NIFTY,28-Mar-2024,22550,PE,485.3,525.1,420,450.25,450.25,359,4131.98,44000,-300,21-MAR-2024,
OPTIDX,NIFTY,28-Mar-2024,22600,PE,549.8,576,462.4,502.8,502.8,3019,34873.79,220700,84700,21-MAR-2024,
OPTIDX,NIFTY,28-Mar-2024,22650,PE,585.25,615.9,520,541.65,541.65,132,1531.93,16450,450,21-MAR-2024,
OPTIDX,NIFTY,28-Mar-2024,22700,PE,648.15,674,554.3,590.8,590.8,1738,20242.55,85950,24400,21-MAR-2024,
OPTIDX,NIFTY,28-Mar-2024,22750,PE,625,710,613.6,650.05,650.05,59,690.27,28000,450,21-MAR-2024,
OPTIDX,NIFTY,28-Mar-2024,22800,PE,788.15,788.15,654.2,691.25,691.25,319,3750.26,47400,-3200,21-MAR-2024,
OPTIDX,NIFTY,28-Mar-2024,22850,PE,710,807.9,709.1,745.95,745.95,27,318.59,17500,-100,21-MAR-2024,
OPTIDX,NIFTY,28-Mar-2024,22900,PE,835,867.75,759.3,789.25,789.25,190,2252.15,26850,2350,21-MAR-2024,
OPTIDX,NIFTY,28-Mar-2024,22950,PE,847,885.4,837.25,837.25,837.25,9,107.13,19600,0,21-MAR-2024,
OPTIDX,NIFTY,28-Mar-2024,23000,PE,1000,1000,851.15,896.55,896.55,6125,73187.64,838100,-80600,21-MAR-2024,
OPTIDX,NIFTY,28-Mar-2024,23050,PE,910.5,976.3,910.5,976.3,1008.75,3,36,11200,100,21-MAR-2024,
OPTIDX,NIFTY,28-Mar-2024,23100,PE,1015,1063,960,1038.45,1058.5,23,277.41,24550,-150,21-MAR-2024,
OPTIDX,NIFTY,28-Mar-2024,23150,PE,1018,1018,1018,1018,1018,1,12.08,6350,-50,21-MAR-2024,
OPTIDX,NIFTY,28-Mar-2024,23200,PE,1140,1174.3,1050,1102.55,1102.55,57,692.75,114250,100,21-MAR-2024,
OPTIDX,NIFTY,28-Mar-2024,23250,PE,1162,1162,1162,1162,1208.05,1,12.2,9600,-50,21-MAR-2024,
OPTIDX,NIFTY,28-Mar-2024,23300,PE,0,0,0,1360.1,1257.95,0,0,3650,0,21-MAR-2024,
OPTIDX,NIFTY,28-Mar-2024,23350,PE,0,0,0,1098.55,1307.9,0,0,800,0,21-MAR-2024,
OPTIDX,NIFTY,28-Mar-2024,23400,PE,1297.05,1297.05,1254.55,1284.05,1284.05,4,49.35,2700,50,21-MAR-2024,
OPTIDX,NIFTY,28-Mar-2024,23450,PE,0,0,0,1200,1407.75,0,0,850,0,21-MAR-2024,
OPTIDX,NIFTY,28-Mar-2024,23500,PE,1500,1500,1350,1388.15,1388.15,413,5143.23,252250,100,21-MAR-2024,
OPTIDX,NIFTY,28-Mar-2024,23550,PE,1468.95,1468.95,1467.15,1467.15,1507.6,9,112.58,800,0,21-MAR-2024,
OPTIDX,NIFTY,28-Mar-2024,23600,PE,0,0,0,1553.25,1557.5,0,0,250,0,21-MAR-2024,
OPTIDX,NIFTY,28-Mar-2024,23650,PE,0,0,0,1621.9,1607.45,0,0,0,0,21-MAR-2024,
OPTIDX,NIFTY,28-Mar-2024,23700,PE,1625.9,1625.95,1580.25,1580.25,1580.25,15,189.85,950,100,21-MAR-2024,
OPTIDX,NIFTY,28-Mar-2024,23750,PE,0,0,0,1149.65,1707.35,0,0,100,0,21-MAR-2024,
OPTIDX,NIFTY,28-Mar-2024,23800,PE,0,0,0,1706.45,1757.25,0,0,1100,0,21-MAR-2024,
OPTIDX,NIFTY,28-Mar-2024,23850,PE,0,0,0,1717.1,1807.2,0,0,50,0,21-MAR-2024,
OPTIDX,NIFTY,28-Mar-2024,23900,PE,0,0,0,1814.9,1857.15,0,0,500,0,21-MAR-2024,
OPTIDX,NIFTY,28-Mar-2024,23950,PE,0,0,0,1376.7,1907.05,0,0,100,0,21-MAR-2024,
OPTIDX,NIFTY,28-Mar-2024,24000,PE,1983.9,1983.9,1850,1894.95,1894.95,1086,14064.64,510050,400,21-MAR-2024,
OPTIDX,NIFTY,28-Mar-2024,24050,PE,0,0,0,1472.85,2006.95,0,0,50,0,21-MAR-2024,
OPTIDX,NIFTY,28-Mar-2024,24100,PE,0,0,0,1993,2056.85,0,0,1050,0,21-MAR-2024,
OPTIDX,NIFTY,28-Mar-2024,24150,PE,0,0,0,1570.35,2106.8,0,0,50,0,21-MAR-2024,
OPTIDX,NIFTY,28-Mar-2024,24200,PE,0,0,0,2004.1,2156.75,0,0,150,0,21-MAR-2024,
OPTIDX,NIFTY,28-Mar-2024,24250,PE,2120,2120,2120,2120,2120,1,13.18,50,50,21-MAR-2024,
OPTIDX,NIFTY,28-Mar-2024,25000,PE,2917,2956.4,2855,2896.25,2896.25,1191,16614.84,402350,30050,21-MAR-2024,
OPTIDX,NIFTY,28-Mar-2024,26000,PE,3940,3976.5,3860,3883.45,3883.45,775,11594.96,38000,-12400,21-MAR-2024,
OPTIDX,NIFTY,28-Mar-2024,27000,PE,4940,4940,4852,4918.4,4918.4,49,781.64,9850,-1550,21-MAR-2024,
OPTIDX,NIFTY,04-Apr-2024,20050,CE,0,0,0,2341,2013.8,0,0,0,0,21-MAR-2024,
OPTIDX,NIFTY,04-Apr-2024,20100,CE,0,0,0,1940,1963.95,0,0,100,0,21-MAR-2024,
OPTIDX,NIFTY,04-Apr-2024,20150,CE,0,0,0,2243.45,1914.05,0,0,0,0,21-MAR-2024,
OPTIDX,NIFTY,04-Apr-2024,20200,CE,0,0,0,1850,1864.2,0,0,100,0,21-MAR-2024,
OPTIDX,NIFTY,04-Apr-2024,20250,CE,0,0,0,2146.35,1814.35,0,0,0,0,21-MAR-2024,
OPTIDX,NIFTY,04-Apr-2024,20300,CE,0,0,0,2098,1764.45,0,0,0,0,21-MAR-2024,
OPTIDX,NIFTY,04-Apr-2024,20350,CE,0,0,0,2049.8,1714.6,0,0,0,0,21-MAR-2024,
OPTIDX,NIFTY,04-Apr-2024,20400,CE,0,0,0,2001.75,1664.75,0,0,0,0,21-MAR-2024,
OPTIDX,NIFTY,04-Apr-2024,20450,CE,0,0,0,1953.85,1614.95,0,0,0,0,21-MAR-2024,
OPTIDX,NIFTY,04-Apr-2024,20500,CE,1705,1705,1705,1705,1565.1,1,11.1,50,50,21-MAR-2024,
OPTIDX,NIFTY,04-Apr-2024,20550,CE,0,0,0,1858.7,1515.3,0,0,0,0,21-MAR-2024,
OPTIDX,NIFTY,04-Apr-2024,20600,CE,0,0,0,1420,1465.5,0,0,50,0,21-MAR-2024,
OPTIDX,NIFTY,04-Apr-2024,20650,CE,0,0,0,1764.45,1415.8,0,0,0,0,21-MAR-2024,
OPTIDX,NIFTY,04-Apr-2024,20700,CE,0,0,0,1717.7,1366.1,0,0,0,0,21-MAR-2024,
OPTIDX,NIFTY,04-Apr-2024,20750,CE,0,0,0,1671.25,1316.45,0,0,0,0,21-MAR-2024,
OPTIDX,NIFTY,04-Apr-2024,20800,CE,0,0,0,1625.15,1266.9,0,0,0,0,21-MAR-2024,
OPTIDX,NIFTY,04-Apr-2024,20850,CE,0,0,0,1579.3,1217.4,0,0,0,0,21-MAR-2024,
OPTIDX,NIFTY,04-Apr-2024,20900,CE,0,0,0,1090,1168.1,0,0,50,0,21-MAR-2024,
OPTIDX,NIFTY,04-Apr-2024,20950,CE,0,0,0,1488.75,1118.9,0,0,0,0,21-MAR-2024,
OPTIDX,NIFTY,04-Apr-2024,21000,CE,1150,1215,1125,1197.1,1197.1,91,1008.46,5500,1600,21-MAR-2024,
OPTIDX,NIFTY,04-Apr-2024,21050,CE,0,0,0,1399.75,1021.15,0,0,0,0,21-MAR-2024,
OPTIDX,NIFTY,04-Apr-2024,21100,CE,0,0,0,1151.45,972.7,0,0,150,0,21-MAR-2024,
OPTIDX,NIFTY,04-Apr-2024,21150,CE,0,0,0,1312.55,924.6,0,0,0,0,21-MAR-2024,
OPTIDX,NIFTY,04-Apr-2024,21200,CE,1000,1025,952.7,991.75,876.9,74,819.96,4400,3050,21-MAR-2024,
OPTIDX,NIFTY,04-Apr-2024,21250,CE,0,0,0,1227.35,829.7,0,0,0,0,21-MAR-2024,
OPTIDX,NIFTY,04-Apr-2024,21300,CE,0,0,0,1185.55,783.1,0,0,0,0,21-MAR-2024,
OPTIDX,NIFTY,04-Apr-2024,21350,CE,0,0,0,1144.3,737.15,0,0,0,0,21-MAR-2024,
OPTIDX,NIFTY,04-Apr-2024,21400,CE,780,843.45,762.15,814.6,814.6,17,188.73,950,150,21-MAR-2024,
OPTIDX,NIFTY,04-Apr-2024,21450,CE,0,0,0,1063.6,647.65,0,0,0,0,21-MAR-2024,
OPTIDX,NIFTY,04-Apr-2024,21500,CE,669.55,754.25,646,712.5,712.5,3144,34901.16,329100,54400,21-MAR-2024,
OPTIDX,NIFTY,04-Apr-2024,21550,CE,640,693.9,640,693.2,693.2,6,66.66,750,250,21-MAR-2024,
OPTIDX,NIFTY,04-Apr-2024,21600,CE,598.15,664.1,560,626.2,626.2,187,2077.42,21950,1000,21-MAR-2024,
OPTIDX,NIFTY,04-Apr-2024,21650,CE,541.25,591.65,530.75,571.2,571.2,13,144.36,1800,-100,21-MAR-2024,
OPTIDX,NIFTY,04-Apr-2024,21700,CE,460,577,460,528.4,528.4,1790,19893.07,75500,31700,21-MAR-2024,
OPTIDX,NIFTY,04-Apr-2024,21750,CE,462.55,526.5,444.55,498.5,498.5,218,2423.29,6950,-4900,21-MAR-2024,
OPTIDX,NIFTY,04-Apr-2024,21800,CE,375,494,375,457.8,457.8,3554,39529.32,114500,-8000,21-MAR-2024,
OPTIDX,NIFTY,04-Apr-2024,21850,CE,370,454.25,364.85,420.7,420.7,1203,13390.21,20400,-5850,21-MAR-2024,
OPTIDX,NIFTY,04-Apr-2024,21900,CE,364.85,418.55,330,376.9,376.9,4792,53357.37,234450,-28000,21-MAR-2024,
OPTIDX,NIFTY,04-Apr-2024,21950,CE,317,378.25,296,341.6,341.6,1557,17345.11,28750,-250,21-MAR-2024,
OPTIDX,NIFTY,04-Apr-2024,22000,CE,287.4,344.8,263.5,303.15,303.15,35363,394270.76,902800,260200,21-MAR-2024,
OPTIDX,NIFTY,04-Apr-2024,22050,CE,257.5,309.55,234.15,264.95,264.95,7399,82566.58,331650,94900,21-MAR-2024,
OPTIDX,NIFTY,04-Apr-2024,22100,CE,230.6,278.05,205.75,240.4,240.4,14547,162484.3,856750,82250,21-MAR-2024,
OPTIDX,NIFTY,04-Apr-2024,22150,CE,200,245,179.35,210.2,210.2,3573,39942.73,255450,15550,21-MAR-2024,
OPTIDX,NIFTY,04-Apr-2024,22200,CE,175.55,218.4,155.65,184.05,184.05,18575,207892.47,1159750,66400,21-MAR-2024,
OPTIDX,NIFTY,04-Apr-2024,22250,CE,159.9,190,133.55,158.7,158.7,3017,33802.85,598700,18800,21-MAR-2024,
OPTIDX,NIFTY,04-Apr-2024,22300,CE,143.7,166.05,113.2,135.7,135.7,16868,189225.72,485750,98750,21-MAR-2024,
OPTIDX,NIFTY,04-Apr-2024,22350,CE,115.65,142.3,95.15,116.65,116.65,4164,46773.96,257100,19950,21-MAR-2024,
OPTIDX,NIFTY,04-Apr-2024,22400,CE,85,122.5,79.8,95,95,16371,184139.5,308300,48550,21-MAR-2024,
OPTIDX,NIFTY,04-Apr-2024,22450,CE,85.95,103.95,66.15,81.35,81.35,2887,32521.83,140600,6700,21-MAR-2024,
OPTIDX,NIFTY,04-Apr-2024,22500,CE,65.95,87.35,53.5,65.7,65.7,29592,333895.24,1341950,242500,21-MAR-2024,
OPTIDX,NIFTY,04-Apr-2024,22550,CE,55.05,71.65,43.5,53.7,53.7,12629,142722.27,263300,31650,21-MAR-2024,
OPTIDX,NIFTY,04-Apr-2024,22600,CE,46.5,60.15,35,41.4,41.4,18290,207077.37,571200,140650,21-MAR-2024,
OPTIDX,NIFTY,04-Apr-2024,22650,CE,39.75,48.65,27.8,32.45,32.45,3579,40594.61,544450,18800,21-MAR-2024,
OPTIDX,NIFTY,04-Apr-2024,22700,CE,24.55,39.9,21.9,25.8,25.8,38199,434058.73,802800,129050,21-MAR-2024,
OPTIDX,NIFTY,04-Apr-2024,22750,CE,18.05,31.35,17.35,19.6,19.6,2865,32620.56,45450,18000,21-MAR-2024,
OPTIDX,NIFTY,04-Apr-2024,22800,CE,16.05,25.1,13.5,15.05,15.05,13909,158683.04,290550,97800,21-MAR-2024,
OPTIDX,NIFTY,04-Apr-2024,22850,CE,12.05,20.2,11.2,12.05,12.05,2318,26498.94,30600,14100,21-MAR-2024,
OPTIDX,NIFTY,04-Apr-2024,22900,CE,11,15.65,8.15,8.85,8.85,10921,125103.32,207400,117200,21-MAR-2024,
OPTIDX,NIFTY,04-Apr-2024,22950,CE,8.15,13.35,5.85,7.95,7.95,634,7277.87,16550,6000,21-MAR-2024,
OPTIDX,NIFTY,04-Apr-2024,23000,CE,9.05,10.55,5.35,5.85,5.85,20226,232670.05,571800,231650,21-MAR-2024,
OPTIDX,NIFTY,04-Apr-2024,23050,CE,5.55,10,3.65,5.1,5.1,309,3562.13,8850,4750,21-MAR-2024,
OPTIDX,NIFTY,04-Apr-2024,23100,CE,7.35,7.95,3.8,4,4,6151,71059.81,91450,9450,21-MAR-2024,
OPTIDX,NIFTY,04-Apr-2024,23150,CE,6.35,7.75,3.1,3.65,3.65,228,2639.68,11500,5350,21-MAR-2024,
OPTIDX,NIFTY,04-Apr-2024,23200,CE,7,7.5,2.6,2.75,2.75,10302,119521.81,189550,147150,21-MAR-2024,
OPTIDX,NIFTY,04-Apr-2024,23250,CE,5.6,7.8,3.35,3.35,2.9,92,1069.69,7700,3900,21-MAR-2024,
OPTIDX,NIFTY,04-Apr-2024,23300,CE,4.05,5.85,2.3,2.45,2.45,4061,47317.11,79600,39500,21-MAR-2024,
OPTIDX,NIFTY,04-Apr-2024,23350,CE,3,3.85,2.55,2.7,2.7,79,922.43,3150,1700,21-MAR-2024,
OPTIDX,NIFTY,04-Apr-2024,23400,CE,3.25,4.75,2.3,2.6,2.6,1711,20021.31,49800,21950,21-MAR-2024,
OPTIDX,NIFTY,04-Apr-2024,23450,CE,3,3.8,2.5,2.75,2.75,75,879.48,5050,300,21-MAR-2024,
OPTIDX,NIFTY,04-Apr-2024,23500,CE,3.85,3.85,2.15,2.35,2.35,4519,53104.6,107350,24850,21-MAR-2024,
OPTIDX,NIFTY,04-Apr-2024,23550,CE,3.75,3.75,2.85,2.85,0.55,60,706.59,3750,2300,21-MAR-2024,
OPTIDX,NIFTY,04-Apr-2024,23600,CE,3,3,1.85,2.25,2.25,234,2761.47,17900,-650,21-MAR-2024,
OPTIDX,NIFTY,04-Apr-2024,23650,CE,3.05,3.2,2,2,2,146,1726.63,5700,-250,21-MAR-2024,
OPTIDX,NIFTY,04-Apr-2024,23700,CE,2.75,2.95,1.9,1.9,1.9,69,817.73,23650,500,21-MAR-2024,
OPTIDX,NIFTY,04-Apr-2024,23750,CE,3.4,3.4,2.3,2.3,2.3,40,475.05,4200,1050,21-MAR-2024,
OPTIDX,NIFTY,04-Apr-2024,23800,CE,2.95,3.8,1.9,2,2,115,1368.65,8650,100,21-MAR-2024,
OPTIDX,NIFTY,04-Apr-2024,23850,CE,2.7,2.7,1.8,1.85,1.85,28,333.93,1000,0,21-MAR-2024,
OPTIDX,NIFTY,04-Apr-2024,23900,CE,2.8,3.6,2.25,2.85,2.85,80,956.1,7250,2200,21-MAR-2024,
OPTIDX,NIFTY,04-Apr-2024,23950,CE,2.9,3.5,2,2,0.05,37,443.12,8300,1150,21-MAR-2024,
OPTIDX,NIFTY,04-Apr-2024,24000,CE,3.1,3.1,1.75,1.95,1.95,1033,12397.21,50800,14800,21-MAR-2024,
OPTIDX,NIFTY,04-Apr-2024,24050,CE,2.4,2.7,2.4,2.7,0.05,65,781.7,2000,1300,21-MAR-2024,
OPTIDX,NIFTY,04-Apr-2024,24100,CE,2.7,3.15,1.9,1.9,0.05,27,325.38,8150,50,21-MAR-2024,
OPTIDX,NIFTY,04-Apr-2024,24150,CE,1.6,3,1.6,1.9,1.9,14,169.06,2350,250,21-MAR-2024,
OPTIDX,NIFTY,04-Apr-2024,24200,CE,2.5,3.2,1.7,1.7,1.7,143,1730.47,9450,2200,21-MAR-2024,
OPTIDX,NIFTY,04-Apr-2024,24250,CE,2,2.5,2,2.5,2.5,2,24.25,950,100,21-MAR-2024,
OPTIDX,NIFTY,04-Apr-2024,20050,PE,0,0,0,4.95,0.05,0,0,0,0,21-MAR-2024,
OPTIDX,NIFTY,04-Apr-2024,20100,PE,0,0,0,5.7,0.05,0,0,0,0,21-MAR-2024,
OPTIDX,NIFTY,04-Apr-2024,20150,PE,0,0,0,6.55,0.05,0,0,0,0,21-MAR-2024,
OPTIDX,NIFTY,04-Apr-2024,20200,PE,3.8,3.8,2.4,2.6,2.6,681,6879.08,16600,14350,21-MAR-2024,
OPTIDX,NIFTY,04-Apr-2024,20250,PE,3.1,3.1,3.1,3.1,0.05,1,10.12,50,50,21-MAR-2024,
OPTIDX,NIFTY,04-Apr-2024,20300,PE,4.75,5.4,2.75,2.8,2.8,94,954.26,4350,1800,21-MAR-2024,
OPTIDX,NIFTY,04-Apr-2024,20350,PE,0,0,0,11.2,0.05,0,0,0,0,21-MAR-2024,
OPTIDX,NIFTY,04-Apr-2024,20400,PE,6.1,6.1,3.15,3.5,3.5,200,2040.38,5750,2800,21-MAR-2024,
OPTIDX,NIFTY,04-Apr-2024,20450,PE,3.35,5.2,3.3,4.8,0.1,112,1145.43,8300,-50,21-MAR-2024,
OPTIDX,NIFTY,04-Apr-2024,20500,PE,6.9,6.9,3.7,3.9,3.9,5235,53669.83,112200,29600,21-MAR-2024,
OPTIDX,NIFTY,04-Apr-2024,20550,PE,0,0,0,18.4,0.2,0,0,0,0,21-MAR-2024,
OPTIDX,NIFTY,04-Apr-2024,20600,PE,4.6,6.4,3.45,4.55,4.55,491,5058.47,10200,7750,21-MAR-2024,
OPTIDX,NIFTY,04-Apr-2024,20650,PE,6,6.5,4.15,4.75,4.75,7,72.29,300,50,21-MAR-2024,
OPTIDX,NIFTY,04-Apr-2024,20700,PE,6.4,7.85,4.6,4.95,4.95,1477,15290.85,17900,-1850,21-MAR-2024,
OPTIDX,NIFTY,04-Apr-2024,20750,PE,0,0,0,29.3,0.85,0,0,0,0,21-MAR-2024,
OPTIDX,NIFTY,04-Apr-2024,20800,PE,7.95,7.95,5.2,5.5,5.5,4122,42881.3,57600,15050,21-MAR-2024,
OPTIDX,NIFTY,04-Apr-2024,20850,PE,10.95,10.95,5.75,7.7,7.7,106,1105.42,4500,-1950,21-MAR-2024,
OPTIDX,NIFTY,04-Apr-2024,20900,PE,8.25,10.05,5.9,6.25,6.25,4805,50229.14,48650,-26000,21-MAR-2024,
OPTIDX,NIFTY,04-Apr-2024,20950,PE,12.8,12.8,5.9,7,7,176,1844.27,5750,-2700,21-MAR-2024,
OPTIDX,NIFTY,04-Apr-2024,21000,PE,14.05,14.05,7.25,7.8,7.8,12149,127618.11,279100,55950,21-MAR-2024,
OPTIDX,NIFTY,04-Apr-2024,21050,PE,16,17,7.75,8.4,8.4,1179,12414.65,22200,10950,21-MAR-2024,
OPTIDX,NIFTY,04-Apr-2024,21100,PE,19.8,19.85,8.85,9.4,9.4,9474,100003.64,110850,72000,21-MAR-2024,
OPTIDX,NIFTY,04-Apr-2024,21150,PE,15.05,17.05,9.8,10.65,10.65,661,6994.12,13400,-50,21-MAR-2024,
OPTIDX,NIFTY,04-Apr-2024,21200,PE,24.7,24.7,10.85,11.5,11.5,9392,99620.44,170600,70800,21-MAR-2024,
OPTIDX,NIFTY,04-Apr-2024,21250,PE,20.05,21,11.3,13.6,13.6,1137,12089.71,16800,-3350,21-MAR-2024,
OPTIDX,NIFTY,04-Apr-2024,21300,PE,41.8,41.8,14.1,15.25,15.25,10833,115472.28,201000,85100,21-MAR-2024,
OPTIDX,NIFTY,04-Apr-2024,21350,PE,27,28.15,16.35,17.4,17.4,1979,21145.96,37800,30450,21-MAR-2024,
OPTIDX,NIFTY,04-Apr-2024,21400,PE,34.7,39.75,19.5,20.5,20.5,16617,178006.88,252800,169200,21-MAR-2024,
OPTIDX,NIFTY,04-Apr-2024,21450,PE,31.8,36.65,22,23.1,23.1,1849,19856.59,29050,-1650,21-MAR-2024,
OPTIDX,NIFTY,04-Apr-2024,21500,PE,58.85,58.85,25.1,26.65,26.65,33515,360824.34,754350,318950,21-MAR-2024,
OPTIDX,NIFTY,04-Apr-2024,21550,PE,55,55,29.9,31.4,31.4,3288,35487.82,48600,31150,21-MAR-2024,
OPTIDX,NIFTY,04-Apr-2024,21600,PE,67.8,67.85,34.9,37.1,37.1,14472,156612.34,221300,113550,21-MAR-2024,
OPTIDX,NIFTY,04-Apr-2024,21650,PE,66,70.45,41.15,43.5,43.5,3143,34102.94,44200,30500,21-MAR-2024,
OPTIDX,NIFTY,04-Apr-2024,21700,PE,66.75,78.9,47.8,51.1,51.1,24340,264800.97,451850,340450,21-MAR-2024,
OPTIDX,NIFTY,04-Apr-2024,21750,PE,99,99,55.1,58.85,58.85,3287,35857.37,41650,23600,21-MAR-2024,
OPTIDX,NIFTY,04-Apr-2024,21800,PE,108,108,61.2,67.25,67.25,22893,250435.39,395950,182700,21-MAR-2024,
OPTIDX,NIFTY,04-Apr-2024,21850,PE,140,140,74.9,78.45,78.45,4278,46935.22,40450,3450,21-MAR-2024,
OPTIDX,NIFTY,04-Apr-2024,21900,PE,124.65,129.9,85.1,89.6,89.6,22287,245185.59,386400,177450,21-MAR-2024,
OPTIDX,NIFTY,04-Apr-2024,21950,PE,154.25,154.25,99,108.5,108.5,9198,101478.01,165050,104050,21-MAR-2024,
OPTIDX,NIFTY,04-Apr-2024,22000,PE,175,175,111.95,120.05,120.05,48731,539276.45,1042000,413850,21-MAR-2024,
OPTIDX,NIFTY,04-Apr-2024,22050,PE,173.65,186.2,128,134.85,134.85,7387,81999.77,227900,59750,21-MAR-2024,
OPTIDX,NIFTY,04-Apr-2024,22100,PE,200.05,228.95,144.15,151.9,151.9,15999,178117.2,932700,193100,21-MAR-2024,
OPTIDX,NIFTY,04-Apr-2024,22150,PE,215,225.4,165.2,174.2,174.2,1665,18597.72,252950,33300,21-MAR-2024,
OPTIDX,NIFTY,04-Apr-2024,22200,PE,239.05,252.2,185.55,194.3,194.3,21257,238230.2,1129600,123550,21-MAR-2024,
OPTIDX,NIFTY,04-Apr-2024,22250,PE,260.05,281,210.65,218.3,218.3,1036,11645.98,585900,17250,21-MAR-2024,
OPTIDX,NIFTY,04-Apr-2024,22300,PE,308.2,310.35,234.2,243.2,243.2,4321,48749.25,355150,38400,21-MAR-2024,
OPTIDX,NIFTY,04-Apr-2024,22350,PE,320,325.3,263.95,271.7,271.7,590,6678.24,236900,16150,21-MAR-2024,
OPTIDX,NIFTY,04-Apr-2024,22400,PE,350,372,290,303.45,303.45,1094,12429.37,162050,5750,21-MAR-2024,
OPTIDX,NIFTY,04-Apr-2024,22450,PE,411.9,411.9,324.15,347.65,347.65,149,1699.38,109100,3100,21-MAR-2024,
OPTIDX,NIFTY,04-Apr-2024,22500,PE,450,451.45,355,377.85,377.85,4576,52388.21,1016300,65400,21-MAR-2024,
OPTIDX,NIFTY,04-Apr-2024,22550,PE,0,0,0,632.7,533.7,0,0,213700,0,21-MAR-2024,
OPTIDX,NIFTY,04-Apr-2024,22600,PE,499,502.2,430,459.8,459.8,1146,13213.46,380700,38550,21-MAR-2024,
OPTIDX,NIFTY,04-Apr-2024,22650,PE,0,0,0,730,617.6,0,0,503550,0,21-MAR-2024,
OPTIDX,NIFTY,04-Apr-2024,22700,PE,595.5,615,518.75,530.65,530.65,22,255.68,547300,500,21-MAR-2024,
OPTIDX,NIFTY,04-Apr-2024,22750,PE,0,0,0,638.6,705.55,0,0,0,0,21-MAR-2024,
OPTIDX,NIFTY,04-Apr-2024,22800,PE,667.75,709.45,618,646.55,646.55,57,668.4,2900,2150,21-MAR-2024,
OPTIDX,NIFTY,04-Apr-2024,22850,PE,0,0,0,860.05,796.75,0,0,500,0,21-MAR-2024,
OPTIDX,NIFTY,04-Apr-2024,22900,PE,0,0,0,735.8,843.3,0,0,0,0,21-MAR-2024,
OPTIDX,NIFTY,04-Apr-2024,22950,PE,0,0,0,843.15,890.4,0,0,200,0,21-MAR-2024,
OPTIDX,NIFTY,04-Apr-2024,23000,PE,871,879,782,814.45,814.45,597,7113.04,140300,12700,21-MAR-2024,
OPTIDX,NIFTY,04-Apr-2024,23050,PE,0,0,0,839.95,985.95,0,0,0,0,21-MAR-2024,
OPTIDX,NIFTY,04-Apr-2024,23100,PE,925,925.05,896.8,896.8,1034.3,12,144.07,600,600,21-MAR-2024,
OPTIDX,NIFTY,04-Apr-2024,23150,PE,0,0,0,914,1082.9,0,0,0,0,21-MAR-2024,
OPTIDX,NIFTY,04-Apr-2024,23200,PE,0,0,0,950.8,1131.75,0,0,0,0,21-MAR-2024,
OPTIDX,NIFTY,04-Apr-2024,23250,PE,0,0,0,989,1180.8,0,0,0,0,21-MAR-2024,
OPTIDX,NIFTY,04-Apr-2024,23300,PE,0,0,0,1027.9,1230.05,0,0,0,0,21-MAR-2024,
OPTIDX,NIFTY,04-Apr-2024,23350,PE,0,0,0,1067.35,1279.4,0,0,0,0,21-MAR-2024,
OPTIDX,NIFTY,04-Apr-2024,23400,PE,0,0,0,1107.4,1328.85,0,0,0,0,21-MAR-2024,
OPTIDX,NIFTY,04-Apr-2024,23450,PE,0,0,0,1148.05,1378.4,0,0,0,0,21-MAR-2024,
OPTIDX,NIFTY,04-Apr-2024,23500,PE,1316,1316,1316,1316,1316,1,12.4,50,50,21-MAR-2024,
OPTIDX,NIFTY,04-Apr-2024,23550,PE,0,0,0,1230.9,1477.75,0,0,0,0,21-MAR-2024,
OPTIDX,NIFTY,04-Apr-2024,23600,PE,0,0,0,1273.05,1527.45,0,0,0,0,21-MAR-2024,
OPTIDX,NIFTY,04-Apr-2024,23650,PE,0,0,0,1315.75,1577.2,0,0,0,0,21-MAR-2024,
OPTIDX,NIFTY,04-Apr-2024,23700,PE,0,0,0,1358.85,1627,0,0,0,0,21-MAR-2024,
OPTIDX,NIFTY,04-Apr-2024,23750,PE,0,0,0,1402.4,1676.8,0,0,0,0,21-MAR-2024,
OPTIDX,NIFTY,04-Apr-2024,23800,PE,0,0,0,1446.35,1726.65,0,0,0,0,21-MAR-2024,
OPTIDX,NIFTY,04-Apr-2024,23850,PE,0,0,0,1490.65,1776.45,0,0,0,0,21-MAR-2024,
OPTIDX,NIFTY,04-Apr-2024,23900,PE,0,0,0,1535.4,1826.3,0,0,0,0,21-MAR-2024,
OPTIDX,NIFTY,04-Apr-2024,23950,PE,0,0,0,1580.45,1876.15,0,0,0,0,21-MAR-2024,
OPTIDX,NIFTY,04-Apr-2024,24000,PE,0,0,0,1625.8,1926.05,0,0,0,0,21-MAR-2024,
OPTIDX,NIFTY,04-Apr-2024,24050,PE,0,0,0,1671.5,1975.9,0,0,0,0,21-MAR-2024,
OPTIDX,NIFTY,04-Apr-2024,24100,PE,0,0,0,1717.5,2025.75,0,0,0,0,21-MAR-2024,
OPTIDX,NIFTY,04-Apr-2024,24150,PE,0,0,0,1763.75,2075.6,0,0,0,0,21-MAR-2024,
OPTIDX,NIFTY,04-Apr-2024,24200,PE,0,0,0,1810.25,2125.5,0,0,0,0,21-MAR-2024,
OPTIDX,NIFTY,04-Apr-2024,24250,PE,0,0,0,1857.05,2175.35,0,0,0,0,21-MAR-2024,
OPTIDX,NIFTY,10-Apr-2024,20050,CE,0,0,0,2568.95,2036.05,0,0,0,0,21-MAR-2024,
OPTIDX,NIFTY,10-Apr-2024,20100,CE,0,0,0,2519.4,1986.25,0,0,0,0,21-MAR-2024,
OPTIDX,NIFTY,10-Apr-2024,20150,CE,0,0,0,2469.9,1936.45,0,0,0,0,21-MAR-2024,
OPTIDX,NIFTY,10-Apr-2024,20200,CE,0,0,0,2420.4,1886.65,0,0,0,0,21-MAR-2024,
OPTIDX,NIFTY,10-Apr-2024,20250,CE,0,0,0,2370.9,1836.9,0,0,0,0,21-MAR-2024,
OPTIDX,NIFTY,10-Apr-2024,20300,CE,0,0,0,2321.5,1787.15,0,0,0,0,21-MAR-2024,
OPTIDX,NIFTY,10-Apr-2024,20350,CE,0,0,0,2272.1,1737.45,0,0,0,0,21-MAR-2024,
OPTIDX,NIFTY,10-Apr-2024,20400,CE,0,0,0,2222.8,1687.75,0,0,0,0,21-MAR-2024,
OPTIDX,NIFTY,10-Apr-2024,20450,CE,0,0,0,2173.55,1638.1,0,0,0,0,21-MAR-2024,
OPTIDX,NIFTY,10-Apr-2024,20500,CE,0,0,0,2124.35,1588.5,0,0,0,0,21-MAR-2024,
OPTIDX,NIFTY,10-Apr-2024,20550,CE,0,0,0,2075.25,1538.95,0,0,0,0,21-MAR-2024,
OPTIDX,NIFTY,10-Apr-2024,20600,CE,0,0,0,2026.25,1489.5,0,0,0,0,21-MAR-2024,
OPTIDX,NIFTY,10-Apr-2024,20650,CE,0,0,0,1977.35,1440.1,0,0,0,0,21-MAR-2024,
OPTIDX,NIFTY,10-Apr-2024,20700,CE,0,0,0,1928.55,1390.8,0,0,0,0,21-MAR-2024,
OPTIDX,NIFTY,10-Apr-2024,20750,CE,0,0,0,1879.9,1341.7,0,0,0,0,21-MAR-2024,
OPTIDX,NIFTY,10-Apr-2024,20800,CE,0,0,0,1831.4,1292.7,0,0,0,0,21-MAR-2024,
OPTIDX,NIFTY,10-Apr-2024,20850,CE,0,0,0,1783.1,1243.9,0,0,0,0,21-MAR-2024,
OPTIDX,NIFTY,10-Apr-2024,20900,CE,0,0,0,1734.95,1195.35,0,0,0,0,21-MAR-2024,
OPTIDX,NIFTY,10-Apr-2024,20950,CE,0,0,0,1687,1147,0,0,0,0,21-MAR-2024,
OPTIDX,NIFTY,10-Apr-2024,21000,CE,0,0,0,1639.25,1099,0,0,0,0,21-MAR-2024,
OPTIDX,NIFTY,10-Apr-2024,21050,CE,0,0,0,1591.8,1051.35,0,0,0,0,21-MAR-2024,
OPTIDX,NIFTY,10-Apr-2024,21100,CE,0,0,0,1544.6,1004.15,0,0,0,0,21-MAR-2024,
OPTIDX,NIFTY,10-Apr-2024,21150,CE,0,0,0,1497.65,957.35,0,0,0,0,21-MAR-2024,
OPTIDX,NIFTY,10-Apr-2024,21200,CE,0,0,0,1451.1,911.1,0,0,0,0,21-MAR-2024,
OPTIDX,NIFTY,10-Apr-2024,21250,CE,0,0,0,1404.85,865.45,0,0,0,0,21-MAR-2024,
OPTIDX,NIFTY,10-Apr-2024,21300,CE,0,0,0,1359,820.45,0,0,0,0,21-MAR-2024,
OPTIDX,NIFTY,10-Apr-2024,21350,CE,0,0,0,1313.55,776.2,0,0,0,0,21-MAR-2024,
OPTIDX,NIFTY,10-Apr-2024,21400,CE,0,0,0,1268.55,732.75,0,0,0,0,21-MAR-2024,
OPTIDX,NIFTY,10-Apr-2024,21450,CE,0,0,0,1224,690.2,0,0,0,0,21-MAR-2024,
OPTIDX,NIFTY,10-Apr-2024,21500,CE,0,0,0,525,648.6,0,0,50,0,21-MAR-2024,
OPTIDX,NIFTY,10-Apr-2024,21550,CE,0,0,0,475.6,608.05,0,0,50,0,21-MAR-2024,
OPTIDX,NIFTY,10-Apr-2024,21600,CE,619.25,690,619.25,675.25,675.25,7,77.91,550,50,21-MAR-2024,
OPTIDX,NIFTY,10-Apr-2024,21650,CE,0,0,0,1051.25,530.35,0,0,0,0,21-MAR-2024,
OPTIDX,NIFTY,10-Apr-2024,21700,CE,591.5,611.25,591,598.15,598.15,18,200.68,2050,0,21-MAR-2024,
OPTIDX,NIFTY,10-Apr-2024,21750,CE,519.7,519.7,519.7,519.7,457.7,1,11.13,200,-50,21-MAR-2024,
OPTIDX,NIFTY,10-Apr-2024,21800,CE,450.9,550,450.9,517.8,517.8,243,2708.2,5900,-2300,21-MAR-2024,
OPTIDX,NIFTY,10-Apr-2024,21850,CE,418.95,500,418.95,477.25,477.25,31,345.83,1800,-300,21-MAR-2024,
OPTIDX,NIFTY,10-Apr-2024,21900,CE,413.75,471.95,395,439.5,439.5,261,2914.59,6300,-1600,21-MAR-2024,
OPTIDX,NIFTY,10-Apr-2024,21950,CE,370.45,435,360,403.25,403.25,136,1519.47,2650,-250,21-MAR-2024,
OPTIDX,NIFTY,10-Apr-2024,22000,CE,369.95,406.5,330,371.25,371.25,2619,29283.62,82850,47850,21-MAR-2024,
OPTIDX,NIFTY,10-Apr-2024,22050,CE,300,373.45,300,337.7,337.7,137,1533.72,6450,2400,21-MAR-2024,
OPTIDX,NIFTY,10-Apr-2024,22100,CE,260,338.05,260,298.65,298.65,343,3841.49,19050,4000,21-MAR-2024,
OPTIDX,NIFTY,10-Apr-2024,22150,CE,269.95,304.25,250,252,225.35,50,560.69,4100,1000,21-MAR-2024,
OPTIDX,NIFTY,10-Apr-2024,22200,CE,225,277.2,210,248.35,248.35,937,10514.52,21350,4650,21-MAR-2024,
OPTIDX,NIFTY,10-Apr-2024,22250,CE,210.55,249.1,192.05,224.45,224.45,158,1775.64,6350,3700,21-MAR-2024,
OPTIDX,NIFTY,10-Apr-2024,22300,CE,185.55,227.15,171.25,192.85,192.85,490,5511.25,23400,950,21-MAR-2024,
OPTIDX,NIFTY,10-Apr-2024,22350,CE,179.75,191.75,150,175.8,175.8,69,776.87,4200,1200,21-MAR-2024,
OPTIDX,NIFTY,10-Apr-2024,22400,CE,150,183.75,131,150.65,150.65,562,6336.76,14450,2150,21-MAR-2024,
OPTIDX,NIFTY,10-Apr-2024,22450,CE,136,156.95,124.5,145.35,145.35,22,248.41,1250,700,21-MAR-2024,
OPTIDX,NIFTY,10-Apr-2024,22500,CE,110.1,139.45,98.05,114.65,114.65,2017,22805.66,36850,8850,21-MAR-2024,
OPTIDX,NIFTY,10-Apr-2024,22550,CE,102.4,115,87.85,98.2,98.2,112,1268.43,2950,1500,21-MAR-2024,
OPTIDX,NIFTY,10-Apr-2024,22600,CE,78.8,100.5,70,82.8,82.8,728,8255.41,22950,-3800,21-MAR-2024,
OPTIDX,NIFTY,10-Apr-2024,22650,CE,75.7,83.65,61.35,77.15,77.15,47,534.04,2050,2000,21-MAR-2024,
OPTIDX,NIFTY,10-Apr-2024,22700,CE,61.3,75,52,59.35,59.35,207,2355.83,7450,1750,21-MAR-2024,
OPTIDX,NIFTY,10-Apr-2024,22750,CE,40.25,53.55,40.25,51.3,51.3,3,34.19,400,50,21-MAR-2024,
OPTIDX,NIFTY,10-Apr-2024,22800,CE,42.25,54,35,40.8,40.8,467,5333.52,14250,4400,21-MAR-2024,
OPTIDX,NIFTY,10-Apr-2024,22850,CE,0,0,0,288,38.15,0,0,0,0,21-MAR-2024,
OPTIDX,NIFTY,10-Apr-2024,22900,CE,31.05,39.2,25,28.65,28.65,127,1455.96,4550,1950,21-MAR-2024,
OPTIDX,NIFTY,10-Apr-2024,22950,CE,22,27.05,17.95,23.05,23.05,6,68.91,450,150,21-MAR-2024,
OPTIDX,NIFTY,10-Apr-2024,23000,CE,23.6,26.75,17,19.55,19.55,1055,12143.47,42900,8850,21-MAR-2024,
OPTIDX,NIFTY,10-Apr-2024,23050,CE,20.65,21.7,20.65,21.7,20,3,34.6,350,50,21-MAR-2024,
OPTIDX,NIFTY,10-Apr-2024,23100,CE,15,18,15,16.25,16.25,16,184.92,5300,-150,21-MAR-2024,
OPTIDX,NIFTY,10-Apr-2024,23150,CE,0,0,0,13,14.1,0,0,250,0,21-MAR-2024,
OPTIDX,NIFTY,10-Apr-2024,23200,CE,11.55,17.4,8.8,10.25,10.25,156,1810.44,19300,2350,21-MAR-2024,
OPTIDX,NIFTY,10-Apr-2024,23250,CE,10,13.65,10,11.05,11.05,11,127.93,1100,200,21-MAR-2024,
OPTIDX,NIFTY,10-Apr-2024,23300,CE,8.45,8.45,7,8.25,8.25,26,303,3800,150,21-MAR-2024,
OPTIDX,NIFTY,10-Apr-2024,23350,CE,0,0,0,4.35,6.7,0,0,400,0,21-MAR-2024,
OPTIDX,NIFTY,10-Apr-2024,23400,CE,15,15,6,7,7,101,1182.05,8400,0,21-MAR-2024,
OPTIDX,NIFTY,10-Apr-2024,23450,CE,13.05,13.05,5.65,5.75,5.75,7,82.09,750,-100,21-MAR-2024,
OPTIDX,NIFTY,10-Apr-2024,23500,CE,7.15,8.1,5,5.95,5.95,84,987.26,11600,1400,21-MAR-2024,
OPTIDX,NIFTY,10-Apr-2024,23550,CE,0,0,0,94,3,0,0,0,0,21-MAR-2024,
OPTIDX,NIFTY,10-Apr-2024,23600,CE,5.8,8.2,4.2,5.25,2.4,19,224.25,2200,100,21-MAR-2024,
OPTIDX,NIFTY,10-Apr-2024,23650,CE,0,0,0,24.15,1.95,0,0,50,0,21-MAR-2024,
OPTIDX,NIFTY,10-Apr-2024,23700,CE,6.9,7,5,5.3,1.55,21,248.9,1600,-250,21-MAR-2024,
OPTIDX,NIFTY,10-Apr-2024,23750,CE,0,0,0,64.6,1.25,0,0,0,0,21-MAR-2024,
OPTIDX,NIFTY,10-Apr-2024,23800,CE,0,0,0,58.6,1,0,0,0,0,21-MAR-2024,
OPTIDX,NIFTY,10-Apr-2024,23850,CE,6.05,6.05,4.5,4.5,4.5,18,214.69,4750,150,21-MAR-2024,
OPTIDX,NIFTY,10-Apr-2024,23900,CE,0,0,0,8,0.6,0,0,0,0,21-MAR-2024,
OPTIDX,NIFTY,10-Apr-2024,23950,CE,5.75,5.75,3.55,4.3,4.3,54,646.76,2700,2050,21-MAR-2024,
OPTIDX,NIFTY,10-Apr-2024,24000,CE,5.5,5.8,3.15,3.4,3.4,170,2040.36,17000,3100,21-MAR-2024,
OPTIDX,NIFTY,10-Apr-2024,24050,CE,0,0,0,7.55,0.3,0,0,700,0,21-MAR-2024,
OPTIDX,NIFTY,10-Apr-2024,24100,CE,4.15,4.45,3.55,4.45,0.25,7,84.36,1100,50,21-MAR-2024,
OPTIDX,NIFTY,10-Apr-2024,24150,CE,0,0,0,28.3,0.2,0,0,0,0,21-MAR-2024,
OPTIDX,NIFTY,10-Apr-2024,24200,CE,0,0,0,25.35,0.15,0,0,0,0,21-MAR-2024,
OPTIDX,NIFTY,10-Apr-2024,24250,CE,2.55,2.75,2.55,2.75,0.1,4,48.5,5300,-100,21-MAR-2024,
OPTIDX,NIFTY,10-Apr-2024,20050,PE,0,0,0,0.65,0.05,0,0,0,0,21-MAR-2024,
OPTIDX,NIFTY,10-Apr-2024,20100,PE,0,0,0,0.75,0.1,0,0,0,0,21-MAR-2024,
OPTIDX,NIFTY,10-Apr-2024,20150,PE,0,0,0,0.95,0.1,0,0,0,0,21-MAR-2024,
OPTIDX,NIFTY,10-Apr-2024,20200,PE,0,0,0,1.1,0.15,0,0,0,0,21-MAR-2024,
OPTIDX,NIFTY,10-Apr-2024,20250,PE,0,0,0,1.35,0.2,0,0,0,0,21-MAR-2024,
OPTIDX,NIFTY,10-Apr-2024,20300,PE,0,0,0,1.6,0.3,0,0,0,0,21-MAR-2024,
OPTIDX,NIFTY,10-Apr-2024,20350,PE,0,0,0,1.95,0.35,0,0,0,0,21-MAR-2024,
OPTIDX,NIFTY,10-Apr-2024,20400,PE,0,0,0,2.3,0.5,0,0,0,0,21-MAR-2024,
OPTIDX,NIFTY,10-Apr-2024,20450,PE,0,0,0,2.75,0.65,0,0,0,0,21-MAR-2024,
OPTIDX,NIFTY,10-Apr-2024,20500,PE,0,0,0,3.25,0.85,0,0,0,0,21-MAR-2024,
OPTIDX,NIFTY,10-Apr-2024,20550,PE,0,0,0,3.85,1.15,0,0,0,0,21-MAR-2024,
OPTIDX,NIFTY,10-Apr-2024,20600,PE,0,0,0,4.5,1.5,0,0,0,0,21-MAR-2024,
OPTIDX,NIFTY,10-Apr-2024,20650,PE,0,0,0,5.3,1.9,0,0,0,0,21-MAR-2024,
OPTIDX,NIFTY,10-Apr-2024,20700,PE,9.5,11.5,9,10.25,10.25,25,258.86,950,450,21-MAR-2024,
OPTIDX,NIFTY,10-Apr-2024,20750,PE,0,0,0,7.25,3.15,0,0,0,0,21-MAR-2024,
OPTIDX,NIFTY,10-Apr-2024,20800,PE,20,20.2,10,10.2,10.2,220,2289.22,9150,4900,21-MAR-2024,
OPTIDX,NIFTY,10-Apr-2024,20850,PE,0,0,0,30.3,5,0,0,250,0,21-MAR-2024,
OPTIDX,NIFTY,10-Apr-2024,20900,PE,12.8,14.95,9.95,12.8,12.8,17,177.76,600,500,21-MAR-2024,
OPTIDX,NIFTY,10-Apr-2024,20950,PE,17.65,17.65,15.85,15.85,7.75,24,251.59,1100,1100,21-MAR-2024,
OPTIDX,NIFTY,10-Apr-2024,21000,PE,23.95,29,14.05,15.5,15.5,1351,14197.83,38000,-1000,21-MAR-2024,
OPTIDX,NIFTY,10-Apr-2024,21050,PE,25.2,25.2,17.3,17.85,11.7,19,200.14,850,450,21-MAR-2024,
OPTIDX,NIFTY,10-Apr-2024,21100,PE,24.5,25.15,16.55,16.9,16.9,111,1172.26,3750,2800,21-MAR-2024,
OPTIDX,NIFTY,10-Apr-2024,21150,PE,0,0,0,54.3,17.3,0,0,100,0,21-MAR-2024,
OPTIDX,NIFTY,10-Apr-2024,21200,PE,32,34.95,22.5,23.7,23.7,160,1698.16,5400,2200,21-MAR-2024,
OPTIDX,NIFTY,10-Apr-2024,21250,PE,40.35,40.35,36.2,36.2,25.05,3,31.93,200,150,21-MAR-2024,
OPTIDX,NIFTY,10-Apr-2024,21300,PE,37.8,42.85,28,30.5,30.5,237,2528.22,5300,2800,21-MAR-2024,
OPTIDX,NIFTY,10-Apr-2024,21350,PE,0,0,0,60.65,35.45,0,0,50,0,21-MAR-2024,
OPTIDX,NIFTY,10-Apr-2024,21400,PE,40.4,48.95,34.95,39.3,39.3,124,1329.29,4550,4050,21-MAR-2024,
OPTIDX,NIFTY,10-Apr-2024,21450,PE,57,58.05,47.25,47.25,47.25,6,64.51,2650,-50,21-MAR-2024,
OPTIDX,NIFTY,10-Apr-2024,21500,PE,65,69.4,47.95,49.25,49.25,1747,18830,44150,24350,21-MAR-2024,
OPTIDX,NIFTY,10-Apr-2024,21550,PE,70,74,58.45,58.45,66.55,10,108.08,1200,250,21-MAR-2024,
OPTIDX,NIFTY,10-Apr-2024,21600,PE,95,95,60,63.35,63.35,488,5288.53,18300,9900,21-MAR-2024,
OPTIDX,NIFTY,10-Apr-2024,21650,PE,90,90,70,70.6,70.6,28,304.18,1000,650,21-MAR-2024,
OPTIDX,NIFTY,10-Apr-2024,21700,PE,110,110,76.05,81.9,81.9,533,5806.67,14700,6350,21-MAR-2024,
OPTIDX,NIFTY,10-Apr-2024,21750,PE,160,160,88.8,91.75,91.75,33,360.59,1650,1550,21-MAR-2024,
OPTIDX,NIFTY,10-Apr-2024,21800,PE,120,132.2,96.65,100.25,100.25,1052,11527.17,25600,15300,21-MAR-2024,
OPTIDX,NIFTY,10-Apr-2024,21850,PE,135,135,120,126.65,147.9,31,340.64,2800,900,21-MAR-2024,
OPTIDX,NIFTY,10-Apr-2024,21900,PE,159,160,122,125.05,125.05,406,4473.92,17950,11850,21-MAR-2024,
OPTIDX,NIFTY,10-Apr-2024,21950,PE,140,187.15,132,138.75,138.75,66,729.48,1550,950,21-MAR-2024,
OPTIDX,NIFTY,10-Apr-2024,22000,PE,193,197,146.4,152.3,152.3,2690,29813.82,88500,51350,21-MAR-2024,
OPTIDX,NIFTY,10-Apr-2024,22050,PE,228.2,228.2,168.95,179.75,179.75,145,1612.37,2200,1750,21-MAR-2024,
OPTIDX,NIFTY,10-Apr-2024,22100,PE,228.25,235,182.1,188.25,188.25,350,3902.97,7750,5550,21-MAR-2024,
OPTIDX,NIFTY,10-Apr-2024,22150,PE,235.25,247.05,204.45,222.95,281.65,22,246.04,950,400,21-MAR-2024,
OPTIDX,NIFTY,10-Apr-2024,22200,PE,277.8,284.55,223.8,230.85,230.85,538,6038.62,12900,9900,21-MAR-2024,
OPTIDX,NIFTY,10-Apr-2024,22250,PE,251.55,251.55,251.55,251.55,251.55,2,22.5,300,-50,21-MAR-2024,
OPTIDX,NIFTY,10-Apr-2024,22300,PE,298.2,325.05,272.95,293.7,369.4,29,327.8,2300,1000,21-MAR-2024,
OPTIDX,NIFTY,10-Apr-2024,22350,PE,358,358,319.75,319.75,401.6,6,68.05,600,200,21-MAR-2024,
OPTIDX,NIFTY,10-Apr-2024,22400,PE,345.1,391.55,345.1,391.55,435.25,13,147.94,1250,300,21-MAR-2024,
OPTIDX,NIFTY,10-Apr-2024,22450,PE,374,374,372.9,372.9,470.3,3,34.23,100,0,21-MAR-2024,
OPTIDX,NIFTY,10-Apr-2024,22500,PE,378.85,416.65,378.85,399.2,399.2,27,309.14,1200,400,21-MAR-2024,
OPTIDX,NIFTY,10-Apr-2024,22550,PE,0,0,0,342.8,544.2,0,0,0,0,21-MAR-2024,
OPTIDX,NIFTY,10-Apr-2024,22600,PE,0,0,0,600,582.9,0,0,50,0,21-MAR-2024,
OPTIDX,NIFTY,10-Apr-2024,22650,PE,0,0,0,391.8,622.8,0,0,0,0,21-MAR-2024,
OPTIDX,NIFTY,10-Apr-2024,22700,PE,0,0,0,690,663.65,0,0,1650,0,21-MAR-2024,
OPTIDX,NIFTY,10-Apr-2024,22750,PE,0,0,0,445.05,705.55,0,0,0,0,21-MAR-2024,
OPTIDX,NIFTY,10-Apr-2024,22800,PE,0,0,0,473.15,748.3,0,0,0,0,21-MAR-2024,
OPTIDX,NIFTY,10-Apr-2024,22850,PE,0,0,0,502.25,791.85,0,0,0,0,21-MAR-2024,
OPTIDX,NIFTY,10-Apr-2024,22900,PE,0,0,0,532.35,836.15,0,0,0,0,21-MAR-2024,
OPTIDX,NIFTY,10-Apr-2024,22950,PE,0,0,0,563.45,881.15,0,0,0,0,21-MAR-2024,
OPTIDX,NIFTY,10-Apr-2024,23000,PE,0,0,0,873.2,926.8,0,0,2850,0,21-MAR-2024,
OPTIDX,NIFTY,10-Apr-2024,23050,PE,0,0,0,628.4,972.95,0,0,0,0,21-MAR-2024,
OPTIDX,NIFTY,10-Apr-2024,23100,PE,0,0,0,662.3,1019.6,0,0,0,0,21-MAR-2024,
OPTIDX,NIFTY,10-Apr-2024,23150,PE,0,0,0,697.05,1066.7,0,0,0,0,21-MAR-2024,
OPTIDX,NIFTY,10-Apr-2024,23200,PE,0,0,0,732.65,1114.2,0,0,0,0,21-MAR-2024,
OPTIDX,NIFTY,10-Apr-2024,23250,PE,0,0,0,769.1,1162.05,0,0,0,0,21-MAR-2024,
OPTIDX,NIFTY,10-Apr-2024,23300,PE,0,0,0,807.4,1210.15,0,0,0,0,21-MAR-2024,
OPTIDX,NIFTY,10-Apr-2024,23350,PE,0,0,0,844.55,1258.55,0,0,0,0,21-MAR-2024,
OPTIDX,NIFTY,10-Apr-2024,23400,PE,0,0,0,883.35,1307.2,0,0,0,0,21-MAR-2024,
OPTIDX,NIFTY,10-Apr-2024,23450,PE,0,0,0,922.85,1356,0,0,0,0,21-MAR-2024,
OPTIDX,NIFTY,10-Apr-2024,23500,PE,0,0,0,963.05,1404.95,0,0,0,0,21-MAR-2024,
OPTIDX,NIFTY,10-Apr-2024,23550,PE,0,0,0,1003.9,1454.1,0,0,0,0,21-MAR-2024,
OPTIDX,NIFTY,10-Apr-2024,23600,PE,0,0,0,1045.4,1503.35,0,0,0,0,21-MAR-2024,
OPTIDX,NIFTY,10-Apr-2024,23650,PE,0,0,0,1087.45,1552.7,0,0,0,0,21-MAR-2024,
OPTIDX,NIFTY,10-Apr-2024,23700,PE,0,0,0,1130.1,1602.1,0,0,0,0,21-MAR-2024,
OPTIDX,NIFTY,10-Apr-2024,23750,PE,0,0,0,1173.25,1651.6,0,0,0,0,21-MAR-2024,
OPTIDX,NIFTY,10-Apr-2024,23800,PE,0,0,0,1216.95,1701.15,0,0,0,0,21-MAR-2024,
OPTIDX,NIFTY,10-Apr-2024,23850,PE,0,0,0,1261.1,1750.8,0,0,0,0,21-MAR-2024,
OPTIDX,NIFTY,10-Apr-2024,23900,PE,0,0,0,1305.7,1800.45,0,0,0,0,21-MAR-2024,
OPTIDX,NIFTY,10-Apr-2024,23950,PE,0,0,0,1350.7,1850.1,0,0,0,0,21-MAR-2024,
OPTIDX,NIFTY,10-Apr-2024,24000,PE,0,0,0,1396.1,1899.85,0,0,0,0,21-MAR-2024,
OPTIDX,NIFTY,10-Apr-2024,24050,PE,0,0,0,1441.9,1949.55,0,0,0,0,21-MAR-2024,
OPTIDX,NIFTY,10-Apr-2024,24100,PE,0,0,0,1488,1999.3,0,0,0,0,21-MAR-2024,
OPTIDX,NIFTY,10-Apr-2024,24150,PE,0,0,0,1534.45,2049.05,0,0,0,0,21-MAR-2024,
OPTIDX,NIFTY,10-Apr-2024,24200,PE,0,0,0,1581.2,2098.85,0,0,0,0,21-MAR-2024,
OPTIDX,NIFTY,10-Apr-2024,24250,PE,0,0,0,1628.2,2148.65,0,0,0,0,21-MAR-2024,
OPTIDX,NIFTY,18-Apr-2024,20050,CE,0,0,0,2240.05,2065.9,0,0,0,0,21-MAR-2024,
OPTIDX,NIFTY,18-Apr-2024,20100,CE,0,0,0,2190.95,2016.25,0,0,0,0,21-MAR-2024,
OPTIDX,NIFTY,18-Apr-2024,20150,CE,0,0,0,2141.95,1966.65,0,0,0,0,21-MAR-2024,
OPTIDX,NIFTY,18-Apr-2024,20200,CE,0,0,0,2093.05,1917.1,0,0,0,0,21-MAR-2024,
OPTIDX,NIFTY,18-Apr-2024,20250,CE,0,0,0,2044.25,1867.55,0,0,0,0,21-MAR-2024,
OPTIDX,NIFTY,18-Apr-2024,20300,CE,0,0,0,1995.55,1818.1,0,0,0,0,21-MAR-2024,
OPTIDX,NIFTY,18-Apr-2024,20350,CE,0,0,0,1947,1768.65,0,0,0,0,21-MAR-2024,
OPTIDX,NIFTY,18-Apr-2024,20400,CE,0,0,0,1898.6,1719.3,0,0,0,0,21-MAR-2024,
OPTIDX,NIFTY,18-Apr-2024,20450,CE,0,0,0,1850.35,1670.05,0,0,0,0,21-MAR-2024,
OPTIDX,NIFTY,18-Apr-2024,20500,CE,0,0,0,1802.3,1620.9,0,0,0,0,21-MAR-2024,
OPTIDX,NIFTY,18-Apr-2024,20550,CE,0,0,0,1754.4,1571.85,0,0,0,0,21-MAR-2024,
OPTIDX,NIFTY,18-Apr-2024,20600,CE,0,0,0,1706.8,1522.95,0,0,0,0,21-MAR-2024,
OPTIDX,NIFTY,18-Apr-2024,20650,CE,0,0,0,1659.4,1474.25,0,0,0,0,21-MAR-2024,
OPTIDX,NIFTY,18-Apr-2024,20700,CE,0,0,0,1612.25,1425.65,0,0,0,0,21-MAR-2024,
OPTIDX,NIFTY,18-Apr-2024,20750,CE,0,0,0,1565.4,1377.35,0,0,0,0,21-MAR-2024,
OPTIDX,NIFTY,18-Apr-2024,20800,CE,0,0,0,1518.85,1329.25,0,0,0,0,21-MAR-2024,
OPTIDX,NIFTY,18-Apr-2024,20850,CE,0,0,0,1472.65,1281.4,0,0,0,0,21-MAR-2024,
OPTIDX,NIFTY,18-Apr-2024,20900,CE,0,0,0,1426.8,1233.9,0,0,0,0,21-MAR-2024,
OPTIDX,NIFTY,18-Apr-2024,20950,CE,0,0,0,1381.35,1186.75,0,0,0,0,21-MAR-2024,
OPTIDX,NIFTY,18-Apr-2024,21000,CE,0,0,0,1336.35,1140,0,0,0,0,21-MAR-2024,
OPTIDX,NIFTY,18-Apr-2024,21050,CE,0,0,0,1291.75,1093.7,0,0,0,0,21-MAR-2024,
OPTIDX,NIFTY,18-Apr-2024,21100,CE,0,0,0,1247.65,1047.85,0,0,0,0,21-MAR-2024,
OPTIDX,NIFTY,18-Apr-2024,21150,CE,0,0,0,1204,1002.55,0,0,0,0,21-MAR-2024,
OPTIDX,NIFTY,18-Apr-2024,21200,CE,0,0,0,1160.95,957.8,0,0,0,0,21-MAR-2024,
OPTIDX,NIFTY,18-Apr-2024,21250,CE,0,0,0,1118.45,913.75,0,0,0,0,21-MAR-2024,
OPTIDX,NIFTY,18-Apr-2024,21300,CE,0,0,0,1076.5,870.35,0,0,0,0,21-MAR-2024,
OPTIDX,NIFTY,18-Apr-2024,21350,CE,0,0,0,1035.2,827.7,0,0,0,0,21-MAR-2024,
OPTIDX,NIFTY,18-Apr-2024,21400,CE,0,0,0,994.6,785.85,0,0,0,0,21-MAR-2024,
OPTIDX,NIFTY,18-Apr-2024,21450,CE,0,0,0,954.65,744.85,0,0,0,0,21-MAR-2024,
OPTIDX,NIFTY,18-Apr-2024,21500,CE,0,0,0,718.5,704.8,0,0,150,0,21-MAR-2024,
OPTIDX,NIFTY,18-Apr-2024,21550,CE,0,0,0,876.9,665.7,0,0,0,0,21-MAR-2024,
OPTIDX,NIFTY,18-Apr-2024,21600,CE,0,0,0,839.15,627.6,0,0,0,0,21-MAR-2024,
OPTIDX,NIFTY,18-Apr-2024,21650,CE,0,0,0,803,590.55,0,0,0,0,21-MAR-2024,
OPTIDX,NIFTY,18-Apr-2024,21700,CE,0,0,0,765.95,554.65,0,0,0,0,21-MAR-2024,
OPTIDX,NIFTY,18-Apr-2024,21750,CE,0,0,0,730.7,519.85,0,0,0,0,21-MAR-2024,
OPTIDX,NIFTY,18-Apr-2024,21800,CE,570.25,570.25,569,569,569,2,22.36,50,50,21-MAR-2024,
OPTIDX,NIFTY,18-Apr-2024,21850,CE,0,0,0,662.85,453.95,0,0,0,0,21-MAR-2024,
OPTIDX,NIFTY,18-Apr-2024,21900,CE,468,527.35,453.85,494.85,494.85,34,380.66,2000,200,21-MAR-2024,
OPTIDX,NIFTY,18-Apr-2024,21950,CE,0,0,0,376.35,393.05,0,0,1100,0,21-MAR-2024,
OPTIDX,NIFTY,18-Apr-2024,22000,CE,407.65,462.7,390,434.8,434.8,280,3140.33,12000,6700,21-MAR-2024,
OPTIDX,NIFTY,18-Apr-2024,22050,CE,390,409,370,398.15,398.15,16,179.53,550,350,21-MAR-2024,
OPTIDX,NIFTY,18-Apr-2024,22100,CE,273.25,391,273.25,370,370,46,516.49,2200,1900,21-MAR-2024,
OPTIDX,NIFTY,18-Apr-2024,22150,CE,0,0,0,481.5,286.85,0,0,0,0,21-MAR-2024,
OPTIDX,NIFTY,18-Apr-2024,22200,CE,242.8,332,200.05,305.15,305.15,101,1135.79,5850,3900,21-MAR-2024,
OPTIDX,NIFTY,18-Apr-2024,22250,CE,260,291.25,260,291.25,291.25,17,191.35,650,50,21-MAR-2024,
OPTIDX,NIFTY,18-Apr-2024,22300,CE,249.95,259.95,249.95,255.2,255.2,9,101.49,550,450,21-MAR-2024,
OPTIDX,NIFTY,18-Apr-2024,22350,CE,0,0,0,379.8,201.6,0,0,0,0,21-MAR-2024,
OPTIDX,NIFTY,18-Apr-2024,22400,CE,209.1,211.95,185.95,208.15,208.15,79,892.78,1400,1350,21-MAR-2024,
OPTIDX,NIFTY,18-Apr-2024,22450,CE,0,0,0,334.8,166.55,0,0,0,0,21-MAR-2024,
OPTIDX,NIFTY,18-Apr-2024,22500,CE,156,187.55,144.8,165.5,165.5,270,3059.7,5400,1700,21-MAR-2024,
OPTIDX,NIFTY,18-Apr-2024,22550,CE,87,87,87,87,136.2,6,67.91,350,300,21-MAR-2024,
OPTIDX,NIFTY,18-Apr-2024,22600,CE,140,154.1,120,127.4,127.4,26,295.56,1550,250,21-MAR-2024,
OPTIDX,NIFTY,18-Apr-2024,22650,CE,0,0,0,256.2,110.2,0,0,0,0,21-MAR-2024,
OPTIDX,NIFTY,18-Apr-2024,22700,CE,100,109.6,90.5,109.6,109.6,16,182.38,650,450,21-MAR-2024,
OPTIDX,NIFTY,18-Apr-2024,22750,CE,0,0,0,222.4,88.25,0,0,0,0,21-MAR-2024,
OPTIDX,NIFTY,18-Apr-2024,22800,CE,68.55,78.4,65.6,76.15,76.15,22,251.57,1850,-250,21-MAR-2024,
OPTIDX,NIFTY,18-Apr-2024,22850,CE,0,0,0,79.65,69.95,0,0,150,0,21-MAR-2024,
OPTIDX,NIFTY,18-Apr-2024,22900,CE,55,55,55,55,62,1,11.47,50,50,21-MAR-2024,
OPTIDX,NIFTY,18-Apr-2024,22950,CE,0,0,0,164.85,54.8,0,0,0,0,21-MAR-2024,
OPTIDX,NIFTY,18-Apr-2024,23000,CE,49.95,52.7,35.05,43.55,43.55,228,2626.99,7150,700,21-MAR-2024,
OPTIDX,NIFTY,18-Apr-2024,23050,CE,0,0,0,70.85,42.5,0,0,100,0,21-MAR-2024,
OPTIDX,NIFTY,18-Apr-2024,23100,CE,59.95,59.95,30.7,30.7,37.25,19,219.78,1400,600,21-MAR-2024,
OPTIDX,NIFTY,18-Apr-2024,23150,CE,0,0,0,119.75,32.6,0,0,0,0,21-MAR-2024,
OPTIDX,NIFTY,18-Apr-2024,23200,CE,0,0,0,40.4,28.4,0,0,50,0,21-MAR-2024,
OPTIDX,NIFTY,18-Apr-2024,23250,CE,0,0,0,101.15,24.7,0,0,0,0,21-MAR-2024,
OPTIDX,NIFTY,18-Apr-2024,23300,CE,32.9,34.6,21.55,21.55,21.4,5,58.31,300,250,21-MAR-2024,
OPTIDX,NIFTY,18-Apr-2024,23350,CE,10.5,10.5,10.5,10.5,18.55,1,11.68,50,0,21-MAR-2024,
OPTIDX,NIFTY,18-Apr-2024,23400,CE,0,0,0,77.75,15.95,0,0,0,0,21-MAR-2024,
OPTIDX,NIFTY,18-Apr-2024,23450,CE,0,0,0,71,13.75,0,0,0,0,21-MAR-2024,
OPTIDX,NIFTY,18-Apr-2024,23500,CE,13.05,18.2,11.65,11.65,11.8,32,376.19,1700,850,21-MAR-2024,
OPTIDX,NIFTY,18-Apr-2024,23550,CE,17.9,17.9,17.9,17.9,17.9,3,35.35,850,150,21-MAR-2024,
OPTIDX,NIFTY,18-Apr-2024,23600,CE,0,0,0,53.65,8.6,0,0,0,0,21-MAR-2024,
OPTIDX,NIFTY,18-Apr-2024,23650,CE,9.95,17.95,9.95,17.75,7.3,4,47.32,200,200,21-MAR-2024,
OPTIDX,NIFTY,18-Apr-2024,23700,CE,0,0,0,44.2,6.2,0,0,0,0,21-MAR-2024,
OPTIDX,NIFTY,18-Apr-2024,23750,CE,0,0,0,40,5.25,0,0,0,0,21-MAR-2024,
OPTIDX,NIFTY,18-Apr-2024,23800,CE,0,0,0,36.2,4.4,0,0,0,0,21-MAR-2024,
OPTIDX,NIFTY,18-Apr-2024,23850,CE,0,0,0,32.7,3.7,0,0,0,0,21-MAR-2024,
OPTIDX,NIFTY,18-Apr-2024,23900,CE,7,11,5.15,5.9,5.9,70,836.72,7750,-50,21-MAR-2024,
OPTIDX,NIFTY,18-Apr-2024,20050,PE,0,0,0,3.15,0.4,0,0,0,0,21-MAR-2024,
OPTIDX,NIFTY,18-Apr-2024,20100,PE,0,0,0,3.75,0.5,0,0,0,0,21-MAR-2024,
OPTIDX,NIFTY,18-Apr-2024,20150,PE,0,0,0,4.35,0.65,0,0,0,0,21-MAR-2024,
OPTIDX,NIFTY,18-Apr-2024,20200,PE,0,0,0,15.9,0.8,0,0,50,0,21-MAR-2024,
OPTIDX,NIFTY,18-Apr-2024,20250,PE,0,0,0,5.95,1,0,0,0,0,21-MAR-2024,
OPTIDX,NIFTY,18-Apr-2024,20300,PE,0,0,0,6.9,1.3,0,0,0,0,21-MAR-2024,
OPTIDX,NIFTY,18-Apr-2024,20350,PE,0,0,0,8,1.6,0,0,0,0,21-MAR-2024,
OPTIDX,NIFTY,18-Apr-2024,20400,PE,0,0,0,9.25,2,0,0,0,0,21-MAR-2024,
OPTIDX,NIFTY,18-Apr-2024,20450,PE,0,0,0,10.65,2.5,0,0,0,0,21-MAR-2024,
OPTIDX,NIFTY,18-Apr-2024,20500,PE,0,0,0,12.25,3.1,0,0,0,0,21-MAR-2024,
OPTIDX,NIFTY,18-Apr-2024,20550,PE,0,0,0,14.05,3.8,0,0,0,0,21-MAR-2024,
OPTIDX,NIFTY,18-Apr-2024,20600,PE,0,0,0,16.05,4.6,0,0,0,0,21-MAR-2024,
OPTIDX,NIFTY,18-Apr-2024,20650,PE,0,0,0,18.3,5.65,0,0,0,0,21-MAR-2024,
OPTIDX,NIFTY,18-Apr-2024,20700,PE,0,0,0,20.8,6.8,0,0,0,0,21-MAR-2024,
OPTIDX,NIFTY,18-Apr-2024,20750,PE,0,0,0,23.6,8.2,0,0,0,0,21-MAR-2024,
OPTIDX,NIFTY,18-Apr-2024,20800,PE,0,0,0,26.75,9.85,0,0,0,0,21-MAR-2024,
OPTIDX,NIFTY,18-Apr-2024,20850,PE,0,0,0,30.2,11.8,0,0,0,0,21-MAR-2024,
OPTIDX,NIFTY,18-Apr-2024,20900,PE,26.8,26.8,24.1,24.1,14,2,20.92,50,50,21-MAR-2024,
OPTIDX,NIFTY,18-Apr-2024,20950,PE,31.2,31.2,31.2,31.2,16.6,2,20.98,100,100,21-MAR-2024,
OPTIDX,NIFTY,18-Apr-2024,21000,PE,31.9,36,23.05,25.15,25.15,247,2596.91,7600,4650,21-MAR-2024,
OPTIDX,NIFTY,18-Apr-2024,21050,PE,41.85,41.85,41.85,41.85,23,1,10.54,50,50,21-MAR-2024,
OPTIDX,NIFTY,18-Apr-2024,21100,PE,0,0,0,53.4,26.9,0,0,0,0,21-MAR-2024,
OPTIDX,NIFTY,18-Apr-2024,21150,PE,0,0,0,61.35,31.35,0,0,50,0,21-MAR-2024,
OPTIDX,NIFTY,18-Apr-2024,21200,PE,0,0,0,66,36.4,0,0,0,0,21-MAR-2024,
OPTIDX,NIFTY,18-Apr-2024,21250,PE,0,0,0,73.15,42.05,0,0,0,0,21-MAR-2024,
OPTIDX,NIFTY,18-Apr-2024,21300,PE,0,0,0,120,48.4,0,0,500,0,21-MAR-2024,
OPTIDX,NIFTY,18-Apr-2024,21350,PE,0,0,0,89.25,55.5,0,0,0,0,21-MAR-2024,
OPTIDX,NIFTY,18-Apr-2024,21400,PE,66,68,61,68,63.4,11,118.06,750,400,21-MAR-2024,
OPTIDX,NIFTY,18-Apr-2024,21450,PE,0,0,0,107.95,72.15,0,0,0,0,21-MAR-2024,
OPTIDX,NIFTY,18-Apr-2024,21500,PE,90,90,69,71,71,79,852.37,2400,1600,21-MAR-2024,
OPTIDX,NIFTY,18-Apr-2024,21550,PE,0,0,0,129.5,92.45,0,0,0,0,21-MAR-2024,
OPTIDX,NIFTY,18-Apr-2024,21600,PE,105,116.5,77.55,82.65,82.65,16,173.58,450,350,21-MAR-2024,
OPTIDX,NIFTY,18-Apr-2024,21650,PE,0,0,0,154.9,116.8,0,0,0,0,21-MAR-2024,
OPTIDX,NIFTY,18-Apr-2024,21700,PE,132.65,132.65,108,109.65,109.65,31,338.1,650,550,21-MAR-2024,
OPTIDX,NIFTY,18-Apr-2024,21750,PE,0,0,0,230.4,145.6,0,0,150,0,21-MAR-2024,
OPTIDX,NIFTY,18-Apr-2024,21800,PE,169,169,121.25,131.4,131.4,177,1941.89,6000,2800,21-MAR-2024,
OPTIDX,NIFTY,18-Apr-2024,21850,PE,166.55,172.35,140,140,140,9,99.04,500,150,21-MAR-2024,
OPTIDX,NIFTY,18-Apr-2024,21900,PE,180,182.05,157,157,157,79,871.68,1500,250,21-MAR-2024,
OPTIDX,NIFTY,18-Apr-2024,21950,PE,188.4,194.8,177.45,177.45,177.45,7,77.48,750,0,21-MAR-2024,
OPTIDX,NIFTY,18-Apr-2024,22000,PE,221.5,225,177.4,183.9,183.9,336,3727.86,13850,11400,21-MAR-2024,
OPTIDX,NIFTY,18-Apr-2024,22050,PE,0,0,0,295,261.45,0,0,950,0,21-MAR-2024,
OPTIDX,NIFTY,18-Apr-2024,22100,PE,233.05,241.3,218,241.3,285.35,13,145.1,650,200,21-MAR-2024,
OPTIDX,NIFTY,18-Apr-2024,22150,PE,0,0,0,375.3,310.5,0,0,100,0,21-MAR-2024,
OPTIDX,NIFTY,18-Apr-2024,22200,PE,301.2,301.2,242.7,260.9,260.9,75,843.03,3300,3000,21-MAR-2024,
OPTIDX,NIFTY,18-Apr-2024,22250,PE,0,0,0,376.45,364.8,0,0,0,0,21-MAR-2024,
OPTIDX,NIFTY,18-Apr-2024,22300,PE,333.2,338,310,323.65,323.65,42,475.21,2250,1950,21-MAR-2024,
OPTIDX,NIFTY,18-Apr-2024,22350,PE,0,0,0,426.8,424.25,0,0,0,0,21-MAR-2024,
OPTIDX,NIFTY,18-Apr-2024,22400,PE,0,0,0,500,455.85,0,0,500,0,21-MAR-2024,
OPTIDX,NIFTY,18-Apr-2024,22450,PE,0,0,0,481.15,488.65,0,0,0,0,21-MAR-2024,
OPTIDX,NIFTY,18-Apr-2024,22500,PE,441.4,479.65,411.4,411.4,411.4,22,252.65,2650,900,21-MAR-2024,
OPTIDX,NIFTY,18-Apr-2024,22550,PE,0,0,0,539.3,557.8,0,0,0,0,21-MAR-2024,
OPTIDX,NIFTY,18-Apr-2024,22600,PE,0,0,0,569.75,594,0,0,0,0,21-MAR-2024,
OPTIDX,NIFTY,18-Apr-2024,22650,PE,0,0,0,601.15,631.3,0,0,0,0,21-MAR-2024,
OPTIDX,NIFTY,18-Apr-2024,22700,PE,0,0,0,633.45,669.6,0,0,0,0,21-MAR-2024,
OPTIDX,NIFTY,18-Apr-2024,22750,PE,0,0,0,666.6,708.8,0,0,0,0,21-MAR-2024,
OPTIDX,NIFTY,18-Apr-2024,22800,PE,0,0,0,700.65,748.95,0,0,0,0,21-MAR-2024,
OPTIDX,NIFTY,18-Apr-2024,22850,PE,0,0,0,735.5,789.95,0,0,0,0,21-MAR-2024,
OPTIDX,NIFTY,18-Apr-2024,22900,PE,0,0,0,771.2,831.8,0,0,0,0,21-MAR-2024,
OPTIDX,NIFTY,18-Apr-2024,22950,PE,0,0,0,807.65,874.35,0,0,0,0,21-MAR-2024,
OPTIDX,NIFTY,18-Apr-2024,23000,PE,0,0,0,845.95,917.6,0,0,0,0,21-MAR-2024,
OPTIDX,NIFTY,18-Apr-2024,23050,PE,0,0,0,883.1,961.5,0,0,0,0,21-MAR-2024,
OPTIDX,NIFTY,18-Apr-2024,23100,PE,0,0,0,921.8,1006,0,0,0,0,21-MAR-2024,
OPTIDX,NIFTY,18-Apr-2024,23150,PE,0,0,0,961.2,1051.05,0,0,0,0,21-MAR-2024,
OPTIDX,NIFTY,18-Apr-2024,23200,PE,0,0,0,1001.2,1096.65,0,0,0,0,21-MAR-2024,
OPTIDX,NIFTY,18-Apr-2024,23250,PE,0,0,0,1041.9,1142.7,0,0,0,0,21-MAR-2024,
OPTIDX,NIFTY,18-Apr-2024,23300,PE,0,0,0,1083.2,1189.15,0,0,0,0,21-MAR-2024,
OPTIDX,NIFTY,18-Apr-2024,23350,PE,0,0,0,1125.05,1236,0,0,0,0,21-MAR-2024,
OPTIDX,NIFTY,18-Apr-2024,23400,PE,0,0,0,1167.4,1283.15,0,0,0,0,21-MAR-2024,
OPTIDX,NIFTY,18-Apr-2024,23450,PE,0,0,0,1210.35,1330.65,0,0,0,0,21-MAR-2024,
OPTIDX,NIFTY,18-Apr-2024,23500,PE,0,0,0,1253.75,1378.45,0,0,0,0,21-MAR-2024,
OPTIDX,NIFTY,18-Apr-2024,23550,PE,0,0,0,1297.6,1426.5,0,0,0,0,21-MAR-2024,
OPTIDX,NIFTY,18-Apr-2024,23600,PE,0,0,0,1341.95,1474.75,0,0,0,0,21-MAR-2024,
OPTIDX,NIFTY,18-Apr-2024,23650,PE,0,0,0,1386.65,1523.2,0,0,0,0,21-MAR-2024,
OPTIDX,NIFTY,18-Apr-2024,23700,PE,0,0,0,1431.75,1571.85,0,0,0,0,21-MAR-2024,
OPTIDX,NIFTY,18-Apr-2024,23750,PE,0,0,0,1477.25,1620.6,0,0,0,0,21-MAR-2024,
OPTIDX,NIFTY,18-Apr-2024,23800,PE,0,0,0,1523.05,1669.55,0,0,0,0,21-MAR-2024,
OPTIDX,NIFTY,18-Apr-2024,23850,PE,0,0,0,1569.2,1718.6,0,0,0,0,21-MAR-2024,
OPTIDX,NIFTY,18-Apr-2024,23900,PE,0,0,0,1615.65,1767.7,0,0,0,0,21-MAR-2024,
OPTIDX,NIFTY,25-Apr-2024,19600,CE,2620.5,2690,2580,2685.25,2685.25,140,1557.96,9900,6900,21-MAR-2024,
OPTIDX,NIFTY,25-Apr-2024,19650,CE,0,0,0,2104.85,2488.9,0,0,0,0,21-MAR-2024,
OPTIDX,NIFTY,25-Apr-2024,19700,CE,0,0,0,2460.1,2439.25,0,0,1000,0,21-MAR-2024,
OPTIDX,NIFTY,25-Apr-2024,19750,CE,0,0,0,2016,2389.65,0,0,0,0,21-MAR-2024,
OPTIDX,NIFTY,25-Apr-2024,19800,CE,2463,2463,2463,2463,2340.05,1,11.13,2300,0,21-MAR-2024,
OPTIDX,NIFTY,25-Apr-2024,19850,CE,0,0,0,1928.35,2290.45,0,0,0,0,21-MAR-2024,
OPTIDX,NIFTY,25-Apr-2024,19900,CE,2348,2386.65,2345.8,2345.8,2240.9,3,33.39,1800,150,21-MAR-2024,
OPTIDX,NIFTY,25-Apr-2024,19950,CE,0,0,0,1842,2191.35,0,0,0,0,21-MAR-2024,
OPTIDX,NIFTY,25-Apr-2024,20000,CE,2180,2315.05,2180,2282.5,2282.5,4902,54561.33,1056550,211100,21-MAR-2024,
OPTIDX,NIFTY,25-Apr-2024,20050,CE,0,0,0,2520,2092.35,0,0,50,0,21-MAR-2024,
OPTIDX,NIFTY,25-Apr-2024,20100,CE,2122.6,2141.45,2113.45,2141.45,2042.95,15,166.68,1300,250,21-MAR-2024,
OPTIDX,NIFTY,25-Apr-2024,20150,CE,0,0,0,2200,1993.55,0,0,250,0,21-MAR-2024,
OPTIDX,NIFTY,25-Apr-2024,20200,CE,2013.55,2039.7,2013.55,2039.7,1944.25,3,33.33,700,100,21-MAR-2024,
OPTIDX,NIFTY,25-Apr-2024,20250,CE,0,0,0,1591.85,1895,0,0,0,0,21-MAR-2024,
OPTIDX,NIFTY,25-Apr-2024,20300,CE,1980,1980,1971.55,1971.55,1845.85,2,22.27,100,100,21-MAR-2024,
OPTIDX,NIFTY,25-Apr-2024,20350,CE,0,0,0,1511.75,1796.75,0,0,0,0,21-MAR-2024,
OPTIDX,NIFTY,25-Apr-2024,20400,CE,0,0,0,1695,1747.8,0,0,800,0,21-MAR-2024,
OPTIDX,NIFTY,25-Apr-2024,20450,CE,0,0,0,1884.45,1698.95,0,0,100,0,21-MAR-2024,
OPTIDX,NIFTY,25-Apr-2024,20500,CE,1745,1820,1707.8,1789.8,1789.8,459,5108.31,225250,11550,21-MAR-2024,
OPTIDX,NIFTY,25-Apr-2024,20550,CE,0,0,0,1357.05,1601.75,0,0,0,0,21-MAR-2024,
OPTIDX,NIFTY,25-Apr-2024,20600,CE,1615,1705,1614.95,1684.05,1684.05,14,155.85,2450,550,21-MAR-2024,
OPTIDX,NIFTY,25-Apr-2024,20650,CE,0,0,0,1780,1505.3,0,0,200,0,21-MAR-2024,
OPTIDX,NIFTY,25-Apr-2024,20700,CE,1526.5,1526.5,1521.5,1525.55,1457.4,3,33.33,3800,50,21-MAR-2024,
OPTIDX,NIFTY,25-Apr-2024,20750,CE,1466.85,1580.7,1466.85,1580.7,1580.7,3,33.41,300,50,21-MAR-2024,
OPTIDX,NIFTY,25-Apr-2024,20800,CE,1430,1512.9,1430,1465,1362.4,13,144.74,2050,100,21-MAR-2024,
OPTIDX,NIFTY,25-Apr-2024,20850,CE,0,0,0,1139.95,1315.4,0,0,0,0,21-MAR-2024,
OPTIDX,NIFTY,25-Apr-2024,20900,CE,0,0,0,1211.15,1268.75,0,0,1300,0,21-MAR-2024,
OPTIDX,NIFTY,25-Apr-2024,20950,CE,0,0,0,1072.05,1222.5,0,0,0,0,21-MAR-2024,
OPTIDX,NIFTY,25-Apr-2024,21000,CE,1269.95,1341,1229.4,1301.05,1301.05,2865,31926.41,475350,39000,21-MAR-2024,
OPTIDX,NIFTY,25-Apr-2024,21050,CE,0,0,0,1329.5,1131.35,0,0,550,0,21-MAR-2024,
OPTIDX,NIFTY,25-Apr-2024,21100,CE,1173.6,1249.9,1170,1175,1086.5,19,211.68,3650,500,21-MAR-2024,
OPTIDX,NIFTY,25-Apr-2024,21150,CE,0,0,0,1012.3,1042.2,0,0,400,0,21-MAR-2024,
OPTIDX,NIFTY,25-Apr-2024,21200,CE,1089.95,1147.45,1050.35,1117.05,1117.05,177,1975.9,11600,5550,21-MAR-2024,
OPTIDX,NIFTY,25-Apr-2024,21250,CE,0,0,0,950.7,955.5,0,0,1250,0,21-MAR-2024,
OPTIDX,NIFTY,25-Apr-2024,21300,CE,1014.9,1054.55,972.45,1033.55,1033.55,41,457.23,6850,1300,21-MAR-2024,
OPTIDX,NIFTY,25-Apr-2024,21350,CE,0,0,0,1001.35,871.5,0,0,500,0,21-MAR-2024,
OPTIDX,NIFTY,25-Apr-2024,21400,CE,929.35,980,896,951.9,951.9,215,2399.81,23550,-1750,21-MAR-2024,
OPTIDX,NIFTY,25-Apr-2024,21450,CE,0,0,0,915.5,790.65,0,0,650,0,21-MAR-2024,
OPTIDX,NIFTY,25-Apr-2024,21500,CE,850,900,799,865.6,865.6,3421,38242.99,249150,-24350,21-MAR-2024,
OPTIDX,NIFTY,25-Apr-2024,21550,CE,0,0,0,697.2,713.2,0,0,7800,0,21-MAR-2024,
OPTIDX,NIFTY,25-Apr-2024,21600,CE,800,815,725,786.2,786.2,1237,13839.65,25350,-7550,21-MAR-2024,
OPTIDX,NIFTY,25-Apr-2024,21650,CE,698,720,686.5,720,639.5,3,33.52,2200,0,21-MAR-2024,
OPTIDX,NIFTY,25-Apr-2024,21700,CE,729.95,735,647.1,697.2,697.2,344,3852.03,13700,-4700,21-MAR-2024,
OPTIDX,NIFTY,25-Apr-2024,21750,CE,653,682.6,629.75,666,666,20,224.05,4300,-300,21-MAR-2024,
OPTIDX,NIFTY,25-Apr-2024,21800,CE,610,665.95,580,631.3,631.3,1885,21130.52,103200,-11900,21-MAR-2024,
OPTIDX,NIFTY,25-Apr-2024,21850,CE,550,620.9,494.6,592.55,592.55,219,2456.37,9850,-4950,21-MAR-2024,
OPTIDX,NIFTY,25-Apr-2024,21900,CE,564.75,592.8,510,554.5,554.5,3006,33736.4,65850,-5850,21-MAR-2024,
OPTIDX,NIFTY,25-Apr-2024,21950,CE,500,550,465,520.4,520.4,562,6313.28,18500,-6900,21-MAR-2024,
OPTIDX,NIFTY,25-Apr-2024,22000,CE,451.25,526.85,445.85,491.8,491.8,26318,295916.37,1421800,205450,21-MAR-2024,
OPTIDX,NIFTY,25-Apr-2024,22050,CE,440.05,490.85,415,458.6,458.6,435,4894.82,18650,1850,21-MAR-2024,
OPTIDX,NIFTY,25-Apr-2024,22100,CE,400,460,384.6,427.1,427.1,6125,68982.95,162800,-19350,21-MAR-2024,
OPTIDX,NIFTY,25-Apr-2024,22150,CE,385.25,421.95,357.85,397.85,397.85,275,3099.31,37850,-1350,21-MAR-2024,
OPTIDX,NIFTY,25-Apr-2024,22200,CE,355.95,397.45,328.75,366,366,12212,137761.6,416550,40900,21-MAR-2024,
OPTIDX,NIFTY,25-Apr-2024,22250,CE,334.45,367.6,304.65,340.1,340.1,882,9960.31,21600,10600,21-MAR-2024,
OPTIDX,NIFTY,25-Apr-2024,22300,CE,278.15,342.5,278.15,312.5,312.5,5198,58771.15,252450,47200,21-MAR-2024,
OPTIDX,NIFTY,25-Apr-2024,22350,CE,280.55,313.1,255.5,290.6,290.6,287,3248.37,12900,-500,21-MAR-2024,
OPTIDX,NIFTY,25-Apr-2024,22400,CE,261.95,290.9,233.3,265.7,265.7,4519,51209.15,227850,39050,21-MAR-2024,
OPTIDX,NIFTY,25-Apr-2024,22450,CE,236.85,268.2,214.55,244.8,244.8,651,7385.64,27200,6700,21-MAR-2024,
OPTIDX,NIFTY,25-Apr-2024,22500,CE,200,245.9,194.6,224.4,224.4,30338,344623.91,1475600,167500,21-MAR-2024,
OPTIDX,NIFTY,25-Apr-2024,22550,CE,195.45,220,177.05,201.85,201.85,435,4947.61,24600,2300,21-MAR-2024,
OPTIDX,NIFTY,25-Apr-2024,22600,CE,157.8,202.15,157.8,182.35,182.35,7937,90395.45,228650,-34750,21-MAR-2024,
OPTIDX,NIFTY,25-Apr-2024,22650,CE,160,180.05,145.55,161.4,161.4,685,7812.86,20600,1150,21-MAR-2024,
OPTIDX,NIFTY,25-Apr-2024,22700,CE,150,166.45,126.55,146.8,146.8,7334,83770.52,307600,54100,21-MAR-2024,
OPTIDX,NIFTY,25-Apr-2024,22750,CE,131.65,150.95,114,132.75,132.75,780,8923.72,29250,5150,21-MAR-2024,
OPTIDX,NIFTY,25-Apr-2024,22800,CE,130,135.8,102,119.05,119.05,8564,98131.47,210150,12950,21-MAR-2024,
OPTIDX,NIFTY,25-Apr-2024,22850,CE,107.25,120.35,92.25,106.85,106.85,609,6990.13,15600,-400,21-MAR-2024,
OPTIDX,NIFTY,25-Apr-2024,22900,CE,96.9,108.45,80.9,95.35,95.35,5949,68397,181800,31850,21-MAR-2024,
OPTIDX,NIFTY,25-Apr-2024,22950,CE,85.65,96.55,74.05,85.25,85.25,694,7992.67,27050,3350,21-MAR-2024,
OPTIDX,NIFTY,25-Apr-2024,23000,CE,80.05,88.3,65.8,76.8,76.8,45769,528087.2,1521850,64650,21-MAR-2024,
OPTIDX,NIFTY,25-Apr-2024,23050,CE,67.5,75.65,59.1,65.75,65.75,553,6391.76,20950,7850,21-MAR-2024,
OPTIDX,NIFTY,25-Apr-2024,23100,CE,46.9,67.25,46.9,57.7,57.7,7727,89467.78,239400,41350,21-MAR-2024,
OPTIDX,NIFTY,25-Apr-2024,23150,CE,52,59.3,44,51.3,51.3,513,5951.45,9700,-3650,21-MAR-2024,
OPTIDX,NIFTY,25-Apr-2024,23200,CE,55,55,38.3,44.7,44.7,9142,106252.14,269350,36300,21-MAR-2024,
OPTIDX,NIFTY,25-Apr-2024,23250,CE,39.9,46.85,35.15,39,39,480,5589.75,14700,-2650,21-MAR-2024,
OPTIDX,NIFTY,25-Apr-2024,23300,CE,37.45,42,30,34.2,34.2,8121,94752.21,224250,53100,21-MAR-2024,
OPTIDX,NIFTY,25-Apr-2024,23350,CE,33.4,37.95,27.25,31.15,31.15,506,5915.49,18900,3700,21-MAR-2024,
OPTIDX,NIFTY,25-Apr-2024,23400,CE,32.25,35.35,24.15,27.2,27.2,3219,37707.54,154850,26050,21-MAR-2024,
OPTIDX,NIFTY,25-Apr-2024,23450,CE,27.7,30.7,22.75,24.35,24.35,94,1103.42,8150,550,21-MAR-2024,
OPTIDX,NIFTY,25-Apr-2024,23500,CE,23.95,28.7,20.05,22.85,22.85,19846,233426.49,799000,-9850,21-MAR-2024,
OPTIDX,NIFTY,25-Apr-2024,23550,CE,22.95,26.35,18.45,21.65,21.65,395,4655.45,6200,-5550,21-MAR-2024,
OPTIDX,NIFTY,25-Apr-2024,23600,CE,18.75,23.9,16.75,19.05,19.05,3288,38831.38,94000,9550,21-MAR-2024,
OPTIDX,NIFTY,25-Apr-2024,23650,CE,19.3,21.45,15.9,17.75,17.75,115,1360.94,5150,-800,21-MAR-2024,
OPTIDX,NIFTY,25-Apr-2024,23700,CE,18.65,20.5,14,16.05,16.05,5328,63179.36,192450,87400,21-MAR-2024,
OPTIDX,NIFTY,25-Apr-2024,23750,CE,16.95,20.2,14.65,15.3,15.3,176,2091.47,6100,-800,21-MAR-2024,
OPTIDX,NIFTY,25-Apr-2024,23800,CE,14.95,18.3,13.3,14.25,14.25,3586,42700.81,158350,-4150,21-MAR-2024,
OPTIDX,NIFTY,25-Apr-2024,23850,CE,15.6,17.55,10.65,13.6,13.6,105,1252.86,8500,300,21-MAR-2024,
OPTIDX,NIFTY,25-Apr-2024,23900,CE,15.95,16,11.25,12.6,12.6,1687,20171.22,177200,5750,21-MAR-2024,
OPTIDX,NIFTY,25-Apr-2024,23950,CE,12.65,14.8,10.45,11.85,11.85,58,694.91,8900,-100,21-MAR-2024,
OPTIDX,NIFTY,25-Apr-2024,24000,CE,15,15.15,10.6,11.4,11.4,16677,200227.5,879450,154800,21-MAR-2024,
OPTIDX,NIFTY,25-Apr-2024,24050,CE,10.75,14.55,10.5,11.4,11.4,15,180.46,3600,550,21-MAR-2024,
OPTIDX,NIFTY,25-Apr-2024,24100,CE,12.8,13.95,9.1,9.95,9.95,1526,18396.42,57000,21300,21-MAR-2024,
OPTIDX,NIFTY,25-Apr-2024,24150,CE,9,13.05,9,11.65,11.65,12,144.96,4000,300,21-MAR-2024,
OPTIDX,NIFTY,25-Apr-2024,24200,CE,11.9,12.15,8.25,8.95,8.95,1279,15482.3,113600,7900,21-MAR-2024,
OPTIDX,NIFTY,25-Apr-2024,24250,CE,10.95,11,6.1,8.55,8.55,617,7483.98,29900,4050,21-MAR-2024,
OPTIDX,NIFTY,25-Apr-2024,19600,PE,13.25,13.25,7.25,9.05,9.05,2593,25424.17,207900,44000,21-MAR-2024,
OPTIDX,NIFTY,25-Apr-2024,19650,PE,0,0,0,57.1,0.15,0,0,0,0,21-MAR-2024,
OPTIDX,NIFTY,25-Apr-2024,19700,PE,0,0,0,10.45,0.2,0,0,650,0,21-MAR-2024,
OPTIDX,NIFTY,25-Apr-2024,19750,PE,0,0,0,74,0.3,0,0,350,0,21-MAR-2024,
OPTIDX,NIFTY,25-Apr-2024,19800,PE,0,0,0,71.65,0.35,0,0,0,0,21-MAR-2024,
OPTIDX,NIFTY,25-Apr-2024,19850,PE,0,0,0,46,0.45,0,0,50,0,21-MAR-2024,
OPTIDX,NIFTY,25-Apr-2024,19900,PE,0,0,0,82.85,0.55,0,0,0,0,21-MAR-2024,
OPTIDX,NIFTY,25-Apr-2024,19950,PE,0,0,0,89,0.7,0,0,0,0,21-MAR-2024,
OPTIDX,NIFTY,25-Apr-2024,20000,PE,10.6,16.9,10.6,12.2,12.2,20890,209037.25,977800,167200,21-MAR-2024,
OPTIDX,NIFTY,25-Apr-2024,20050,PE,12.65,12.65,12.25,12.5,1.05,38,381.18,950,950,21-MAR-2024,
OPTIDX,NIFTY,25-Apr-2024,20100,PE,15.3,15.7,12.25,12.7,12.7,473,4756.86,19850,10650,21-MAR-2024,
OPTIDX,NIFTY,25-Apr-2024,20150,PE,16.7,16.7,14.85,15,1.6,32,322.65,1000,900,21-MAR-2024,
OPTIDX,NIFTY,25-Apr-2024,20200,PE,21.6,21.6,12.15,13.6,13.6,4731,47818.52,49850,-57650,21-MAR-2024,
OPTIDX,NIFTY,25-Apr-2024,20250,PE,0,0,0,133.55,2.4,0,0,0,0,21-MAR-2024,
OPTIDX,NIFTY,25-Apr-2024,20300,PE,21.6,21.6,13.5,14.45,14.45,441,4479.91,13000,5150,21-MAR-2024,
OPTIDX,NIFTY,25-Apr-2024,20350,PE,20,21.65,14.95,16.4,3.5,27,274.98,2250,900,21-MAR-2024,
OPTIDX,NIFTY,25-Apr-2024,20400,PE,20.2,22.15,14.9,16.5,16.5,1070,10923.32,22800,4600,21-MAR-2024,
OPTIDX,NIFTY,25-Apr-2024,20450,PE,0,0,0,28.95,5.1,0,0,3200,0,21-MAR-2024,
OPTIDX,NIFTY,25-Apr-2024,20500,PE,30,30,17.5,18.15,18.15,17717,181777.31,818850,-95000,21-MAR-2024,
OPTIDX,NIFTY,25-Apr-2024,20550,PE,21,27.65,16.6,19.6,19.6,70,719.95,4500,700,21-MAR-2024,
OPTIDX,NIFTY,25-Apr-2024,20600,PE,25.6,26.2,18.35,19.9,19.9,3617,37295.08,185700,-23600,21-MAR-2024,
OPTIDX,NIFTY,25-Apr-2024,20650,PE,25.2,27.9,20.25,20.7,20.7,169,1746.83,10000,2650,21-MAR-2024,
OPTIDX,NIFTY,25-Apr-2024,20700,PE,30.2,30.25,20.95,22.05,22.05,9102,94315.19,332000,-77600,21-MAR-2024,
OPTIDX,NIFTY,25-Apr-2024,20750,PE,32.9,34.55,22.7,25.3,25.3,322,3345.3,9900,3650,21-MAR-2024,
OPTIDX,NIFTY,25-Apr-2024,20800,PE,38,38.05,24.15,25.35,25.35,9050,94249.89,411450,-74200,21-MAR-2024,
OPTIDX,NIFTY,25-Apr-2024,20850,PE,38.4,38.4,27.2,28,28,295,3080.06,9900,4700,21-MAR-2024,
OPTIDX,NIFTY,25-Apr-2024,20900,PE,53.25,53.25,28.85,30.35,30.35,8269,86550.93,412250,69150,21-MAR-2024,
OPTIDX,NIFTY,25-Apr-2024,20950,PE,50,50,33.75,34.75,34.75,2316,24303.42,70200,57200,21-MAR-2024,
OPTIDX,NIFTY,25-Apr-2024,21000,PE,55.1,59.5,37.15,38.6,38.6,45740,481251.42,1906600,73850,21-MAR-2024,
OPTIDX,NIFTY,25-Apr-2024,21050,PE,54.65,54.65,39.45,40.9,40.9,361,3807.75,11700,-450,21-MAR-2024,
OPTIDX,NIFTY,25-Apr-2024,21100,PE,75.9,75.9,42.65,44.4,44.4,8971,94861.86,298650,41850,21-MAR-2024,
OPTIDX,NIFTY,25-Apr-2024,21150,PE,57.1,60.5,46.85,49.05,49.05,452,4791.95,9450,2750,21-MAR-2024,
OPTIDX,NIFTY,25-Apr-2024,21200,PE,77.75,77.75,50.3,52.2,52.2,10327,109763.62,378200,24200,21-MAR-2024,
OPTIDX,NIFTY,25-Apr-2024,21250,PE,74.3,75.85,55.4,57.9,57.9,545,5808.18,20900,3400,21-MAR-2024,
OPTIDX,NIFTY,25-Apr-2024,21300,PE,82.45,83.5,60.05,62.7,62.7,10543,112647.42,345300,54700,21-MAR-2024,
OPTIDX,NIFTY,25-Apr-2024,21350,PE,93.2,93.2,67.4,70.35,70.35,782,8377.65,21000,850,21-MAR-2024,
OPTIDX,NIFTY,25-Apr-2024,21400,PE,98.7,98.7,72.45,74.9,74.9,12218,131242.3,349850,21200,21-MAR-2024,
OPTIDX,NIFTY,25-Apr-2024,21450,PE,98.55,105.3,81.45,86.5,86.5,664,7152.17,22600,9600,21-MAR-2024,
OPTIDX,NIFTY,25-Apr-2024,21500,PE,120.1,129.35,90.95,94.2,94.2,35514,383602.55,1325150,89900,21-MAR-2024,
OPTIDX,NIFTY,25-Apr-2024,21550,PE,114.95,125.9,99,101.65,101.65,1392,15075.28,45350,19300,21-MAR-2024,
OPTIDX,NIFTY,25-Apr-2024,21600,PE,155,161,106.55,111.5,111.5,10535,114413.06,185050,37050,21-MAR-2024,
OPTIDX,NIFTY,25-Apr-2024,21650,PE,144.1,147.55,117.6,123.25,123.25,572,6229.87,10600,2400,21-MAR-2024,
OPTIDX,NIFTY,25-Apr-2024,21700,PE,136.25,165.45,127,132.35,132.35,9461,103324.07,269200,65950,21-MAR-2024,
OPTIDX,NIFTY,25-Apr-2024,21750,PE,168.35,175.25,139.6,143.1,143.1,626,6856.46,25150,-2200,21-MAR-2024,
OPTIDX,NIFTY,25-Apr-2024,21800,PE,190,203.5,152.55,158,158,11687,128378.3,324950,39950,21-MAR-2024,
OPTIDX,NIFTY,25-Apr-2024,21850,PE,210,210,166,172.95,172.95,826,9101.01,25200,4000,21-MAR-2024,
OPTIDX,NIFTY,25-Apr-2024,21900,PE,256,256,179.05,185.2,185.2,8663,95719.6,258400,20650,21-MAR-2024,
OPTIDX,NIFTY,25-Apr-2024,21950,PE,227.55,236.65,194,199.7,199.7,1000,11081.63,31300,17900,21-MAR-2024,
OPTIDX,NIFTY,25-Apr-2024,22000,PE,261,262.4,211.6,218.25,218.25,46722,519330.45,1866950,452400,21-MAR-2024,
OPTIDX,NIFTY,25-Apr-2024,22050,PE,260.55,271.5,229.3,234.2,234.2,626,6979.16,24550,8950,21-MAR-2024,
OPTIDX,NIFTY,25-Apr-2024,22100,PE,300,302.45,246.65,253.75,253.75,6775,75766.99,191100,9450,21-MAR-2024,
OPTIDX,NIFTY,25-Apr-2024,22150,PE,307.55,311.3,266,272.65,272.65,244,2737.18,9100,-500,21-MAR-2024,
OPTIDX,NIFTY,25-Apr-2024,22200,PE,337.35,340,284.8,294.65,294.65,11095,124868.22,353250,12150,21-MAR-2024,
OPTIDX,NIFTY,25-Apr-2024,22250,PE,352.35,361.15,308.3,314.4,314.4,587,6627.93,17900,9850,21-MAR-2024,
OPTIDX,NIFTY,25-Apr-2024,22300,PE,388.45,388.45,326.5,338.95,338.95,3295,37317.94,202750,27100,21-MAR-2024,
OPTIDX,NIFTY,25-Apr-2024,22350,PE,401.8,414.05,351,363.55,363.55,284,3228.2,13350,3300,21-MAR-2024,
OPTIDX,NIFTY,25-Apr-2024,22400,PE,439.95,444.4,377.3,391.3,391.3,2382,27161.38,154400,20300,21-MAR-2024,
OPTIDX,NIFTY,25-Apr-2024,22450,PE,457,465,401.8,418.95,418.95,319,3649.22,35500,-5000,21-MAR-2024,
OPTIDX,NIFTY,25-Apr-2024,22500,PE,501.05,501.05,428.1,448.05,448.05,18305,210079.73,870250,159150,21-MAR-2024,
OPTIDX,NIFTY,25-Apr-2024,22550,PE,508,514,454.2,474.75,474.75,104,1196.99,16550,1750,21-MAR-2024,
OPTIDX,NIFTY,25-Apr-2024,22600,PE,580,580,485.05,506.95,506.95,523,6045.53,52150,1750,21-MAR-2024,
OPTIDX,NIFTY,25-Apr-2024,22650,PE,570.95,585,521.05,538.7,638.8,69,800.96,10700,1550,21-MAR-2024,
OPTIDX,NIFTY,25-Apr-2024,22700,PE,613.6,624.45,550.05,569,569,404,4701.72,36500,12600,21-MAR-2024,
OPTIDX,NIFTY,25-Apr-2024,22750,PE,640,655,594,595.35,595.35,29,338.88,12800,50,21-MAR-2024,
OPTIDX,NIFTY,25-Apr-2024,22800,PE,675,701.05,620,640.15,640.15,156,1829.62,18700,1050,21-MAR-2024,
OPTIDX,NIFTY,25-Apr-2024,22850,PE,0,0,0,818.05,790.35,0,0,10850,0,21-MAR-2024,
OPTIDX,NIFTY,25-Apr-2024,22900,PE,770,780,695,710.15,710.15,58,685.19,8950,-50,21-MAR-2024,
OPTIDX,NIFTY,25-Apr-2024,22950,PE,0,0,0,956,871.15,0,0,3500,0,21-MAR-2024,
OPTIDX,NIFTY,25-Apr-2024,23000,PE,875,875,772,798.9,798.9,4275,50906.59,388250,56350,21-MAR-2024,
OPTIDX,NIFTY,25-Apr-2024,23050,PE,870.75,870.8,811.8,811.8,811.8,5,59.74,3700,100,21-MAR-2024,
OPTIDX,NIFTY,25-Apr-2024,23100,PE,920,920,871,871.1,871.1,12,143.88,10100,150,21-MAR-2024,
OPTIDX,NIFTY,25-Apr-2024,23150,PE,0,0,0,1099.5,1041.05,0,0,6550,0,21-MAR-2024,
OPTIDX,NIFTY,25-Apr-2024,23200,PE,1000,1000,966.35,966.35,1085.05,6,72.53,14100,0,21-MAR-2024,
OPTIDX,NIFTY,25-Apr-2024,23250,PE,0,0,0,985.45,1129.6,0,0,100,0,21-MAR-2024,
OPTIDX,NIFTY,25-Apr-2024,23300,PE,1060,1060,1060,1060,1174.6,2,24.36,13300,0,21-MAR-2024,
OPTIDX,NIFTY,25-Apr-2024,23350,PE,0,0,0,1008.9,1220.05,0,0,550,0,21-MAR-2024,
OPTIDX,NIFTY,25-Apr-2024,23400,PE,1130,1160,1121.95,1160,1265.95,10,122.66,4850,350,21-MAR-2024,
OPTIDX,NIFTY,25-Apr-2024,23450,PE,0,0,0,1362.65,1312.25,0,0,15900,0,21-MAR-2024,
OPTIDX,NIFTY,25-Apr-2024,23500,PE,1310,1326.4,1213.75,1241.95,1241.95,3376,41766.44,348950,122700,21-MAR-2024,
OPTIDX,NIFTY,25-Apr-2024,23550,PE,0,0,0,1895.9,1405.8,0,0,0,0,21-MAR-2024,
OPTIDX,NIFTY,25-Apr-2024,23600,PE,0,0,0,996.35,1453.05,0,0,1850,0,21-MAR-2024,
OPTIDX,NIFTY,25-Apr-2024,23650,PE,0,0,0,1377.15,1500.55,0,0,650,0,21-MAR-2024,
OPTIDX,NIFTY,25-Apr-2024,23700,PE,1499.4,1499.4,1400,1464.25,1464.25,16,201.17,11700,0,21-MAR-2024,
OPTIDX,NIFTY,25-Apr-2024,23750,PE,0,0,0,1160.8,1596.25,0,0,600,0,21-MAR-2024,
OPTIDX,NIFTY,25-Apr-2024,23800,PE,0,0,0,1508.25,1644.45,0,0,1450,0,21-MAR-2024,
OPTIDX,NIFTY,25-Apr-2024,23850,PE,0,0,0,1288.55,1692.8,0,0,450,0,21-MAR-2024,
OPTIDX,NIFTY,25-Apr-2024,23900,PE,0,0,0,1551.75,1741.3,0,0,900,0,21-MAR-2024,
OPTIDX,NIFTY,25-Apr-2024,23950,PE,0,0,0,1290,1789.95,0,0,750,0,21-MAR-2024,
OPTIDX,NIFTY,25-Apr-2024,24000,PE,1786,1816.55,1702,1736.55,1736.55,5491,70709.2,1133400,198650,21-MAR-2024,
OPTIDX,NIFTY,25-Apr-2024,24050,PE,0,0,0,2337.3,1887.65,0,0,0,0,21-MAR-2024,
OPTIDX,NIFTY,25-Apr-2024,24100,PE,0,0,0,2382.7,1936.65,0,0,0,0,21-MAR-2024,
OPTIDX,NIFTY,25-Apr-2024,24150,PE,0,0,0,2428.3,1985.75,0,0,0,0,21-MAR-2024,
OPTIDX,NIFTY,25-Apr-2024,24200,PE,1950,1970,1950,1950,1950,3,39.23,1250,-50,21-MAR-2024,
OPTIDX,NIFTY,25-Apr-2024,24250,PE,0,0,0,2520.05,2084.15,0,0,0,0,21-MAR-2024,
OPTIDX,NIFTY,30-May-2024,20050,CE,0,0,0,2341.7,2229.9,0,0,0,0,21-MAR-2024,
OPTIDX,NIFTY,30-May-2024,20100,CE,0,0,0,2296.25,2181.9,0,0,0,0,21-MAR-2024,
OPTIDX,NIFTY,30-May-2024,20150,CE,0,0,0,2251.05,2134,0,0,0,0,21-MAR-2024,
OPTIDX,NIFTY,30-May-2024,20200,CE,0,0,0,2206.1,2086.3,0,0,0,0,21-MAR-2024,
OPTIDX,NIFTY,30-May-2024,20250,CE,0,0,0,2161.35,2038.75,0,0,0,0,21-MAR-2024,
OPTIDX,NIFTY,30-May-2024,20300,CE,2113,2113,2113,2113,2113,1,11.2,50,50,21-MAR-2024,
OPTIDX,NIFTY,30-May-2024,20350,CE,0,0,0,2072.8,1944.25,0,0,0,0,21-MAR-2024,
OPTIDX,NIFTY,30-May-2024,20400,CE,2021,2021,2021,2021,2021,1,11.21,50,50,21-MAR-2024,
OPTIDX,NIFTY,30-May-2024,20450,CE,0,0,0,1985.35,1850.6,0,0,0,0,21-MAR-2024,
OPTIDX,NIFTY,30-May-2024,20500,CE,1875,1910,1875,1910,1804.2,4,44.77,250,100,21-MAR-2024,
OPTIDX,NIFTY,30-May-2024,20550,CE,0,0,0,1899.25,1758,0,0,0,0,21-MAR-2024,
OPTIDX,NIFTY,30-May-2024,20600,CE,1889,1889,1889,1889,1712.15,1,11.24,50,50,21-MAR-2024,
OPTIDX,NIFTY,30-May-2024,20650,CE,0,0,0,1814.45,1666.6,0,0,0,0,21-MAR-2024,
OPTIDX,NIFTY,30-May-2024,20700,CE,1743,1743,1743,1743,1743,1,11.22,50,50,21-MAR-2024,
OPTIDX,NIFTY,30-May-2024,20750,CE,0,0,0,1731.15,1576.5,0,0,0,0,21-MAR-2024,
OPTIDX,NIFTY,30-May-2024,20800,CE,1639,1639,1639,1639,1532,1,11.21,50,50,21-MAR-2024,
OPTIDX,NIFTY,30-May-2024,20850,CE,0,0,0,1649.4,1487.9,0,0,0,0,21-MAR-2024,
OPTIDX,NIFTY,30-May-2024,20900,CE,0,0,0,1609.15,1444.2,0,0,0,0,21-MAR-2024,
OPTIDX,NIFTY,30-May-2024,20950,CE,0,0,0,1569.3,1400.95,0,0,0,0,21-MAR-2024,
OPTIDX,NIFTY,30-May-2024,21000,CE,1450,1516,1435,1480.5,1480.5,136,1528.43,11000,1800,21-MAR-2024,
OPTIDX,NIFTY,30-May-2024,21050,CE,0,0,0,1490.95,1315.85,0,0,0,0,21-MAR-2024,
OPTIDX,NIFTY,30-May-2024,21100,CE,0,0,0,1279,1274.05,0,0,50,0,21-MAR-2024,
OPTIDX,NIFTY,30-May-2024,21150,CE,0,0,0,1414.4,1232.8,0,0,0,0,21-MAR-2024,
OPTIDX,NIFTY,30-May-2024,21200,CE,0,0,0,1199,1192.05,0,0,100,0,21-MAR-2024,
OPTIDX,NIFTY,30-May-2024,21250,CE,0,0,0,1339.8,1151.9,0,0,0,0,21-MAR-2024,
OPTIDX,NIFTY,30-May-2024,21300,CE,0,0,0,1119,1112.3,0,0,50,0,21-MAR-2024,
OPTIDX,NIFTY,30-May-2024,21350,CE,0,0,0,1267.85,1073.35,0,0,0,0,21-MAR-2024,
OPTIDX,NIFTY,30-May-2024,21400,CE,1151,1151,1151,1151,1151,1,11.27,50,50,21-MAR-2024,
OPTIDX,NIFTY,30-May-2024,21450,CE,0,0,0,1196.35,997.35,0,0,0,0,21-MAR-2024,
OPTIDX,NIFTY,30-May-2024,21500,CE,1051,1106.05,1021,1073.5,1073.5,175,1975.01,30100,4600,21-MAR-2024,
OPTIDX,NIFTY,30-May-2024,21550,CE,0,0,0,1127.95,924.05,0,0,0,0,21-MAR-2024,
OPTIDX,NIFTY,30-May-2024,21600,CE,965.7,965.7,965.7,965.7,888.4,1,11.28,950,0,21-MAR-2024,
OPTIDX,NIFTY,30-May-2024,21650,CE,0,0,0,880,853.55,0,0,100,0,21-MAR-2024,
OPTIDX,NIFTY,30-May-2024,21700,CE,899.4,906,899.4,906,819.4,2,22.6,300,0,21-MAR-2024,
OPTIDX,NIFTY,30-May-2024,21750,CE,0,0,0,997.8,786,0,0,0,0,21-MAR-2024,
OPTIDX,NIFTY,30-May-2024,21800,CE,830,888.7,815.4,852.6,852.6,175,1983.04,10050,-3750,21-MAR-2024,
OPTIDX,NIFTY,30-May-2024,21850,CE,0,0,0,936.15,721.5,0,0,0,0,21-MAR-2024,
OPTIDX,NIFTY,30-May-2024,21900,CE,775.05,809.5,731.3,776.85,776.85,56,634.93,4050,-1550,21-MAR-2024,
OPTIDX,NIFTY,30-May-2024,21950,CE,743.1,753.9,741.65,748.55,660.15,7,79.44,200,200,21-MAR-2024,
OPTIDX,NIFTY,30-May-2024,22000,CE,700,756.95,683.9,726,726,2174,24694.53,174950,21600,21-MAR-2024,
OPTIDX,NIFTY,30-May-2024,22050,CE,0,0,0,819.9,602.05,0,0,0,0,21-MAR-2024,
OPTIDX,NIFTY,30-May-2024,22100,CE,634,684.55,625.65,659.2,659.2,169,1923.44,8250,2550,21-MAR-2024,
OPTIDX,NIFTY,30-May-2024,22150,CE,0,0,0,765.35,547.2,0,0,0,0,21-MAR-2024,
OPTIDX,NIFTY,30-May-2024,22200,CE,580,620.15,559.15,596.6,596.6,177,2017.11,20300,1750,21-MAR-2024,
OPTIDX,NIFTY,30-May-2024,22250,CE,0,0,0,713.2,495.65,0,0,0,0,21-MAR-2024,
OPTIDX,NIFTY,30-May-2024,22300,CE,525,560.9,506.05,535,535,161,1838.01,11750,950,21-MAR-2024,
OPTIDX,NIFTY,30-May-2024,22350,CE,0,0,0,663.3,447.4,0,0,0,0,21-MAR-2024,
OPTIDX,NIFTY,30-May-2024,22400,CE,452.25,501.75,452.25,483.35,483.35,143,1635.73,20200,2900,21-MAR-2024,
OPTIDX,NIFTY,30-May-2024,22450,CE,471.9,471.9,450,453.05,453.05,21,240.51,600,50,21-MAR-2024,
OPTIDX,NIFTY,30-May-2024,22500,CE,410,459,407.9,430.85,430.85,3330,38181.37,235150,41850,21-MAR-2024,
OPTIDX,NIFTY,30-May-2024,22550,CE,0,0,0,570.85,360.65,0,0,0,0,21-MAR-2024,
OPTIDX,NIFTY,30-May-2024,22600,CE,358.7,402,351.85,384.8,384.8,182,2091.46,7500,3900,21-MAR-2024,
OPTIDX,NIFTY,30-May-2024,22650,CE,331.8,354.45,331.8,354.45,322.05,2,22.99,300,0,21-MAR-2024,
OPTIDX,NIFTY,30-May-2024,22700,CE,320,357.2,320,342.55,342.55,751,8652.56,22850,9950,21-MAR-2024,
OPTIDX,NIFTY,30-May-2024,22750,CE,319,334.15,302.4,334.15,334.15,10,115.31,600,300,21-MAR-2024,
OPTIDX,NIFTY,30-May-2024,22800,CE,290.9,318.85,287.4,301.6,301.6,1780,20564.57,69400,42750,21-MAR-2024,
OPTIDX,NIFTY,30-May-2024,22850,CE,282,282,282,282,253.95,1,11.56,50,50,21-MAR-2024,
OPTIDX,NIFTY,30-May-2024,22900,CE,245.4,279.9,240.4,264.15,264.15,36,416.9,2600,200,21-MAR-2024,
OPTIDX,NIFTY,30-May-2024,22950,CE,0,0,0,224.95,224.25,0,0,100,0,21-MAR-2024,
OPTIDX,NIFTY,30-May-2024,23000,CE,216,245,200,229.95,229.95,3501,40659.75,251100,26300,21-MAR-2024,
OPTIDX,NIFTY,30-May-2024,23050,CE,221,221,221,221,197.3,1,11.63,950,0,21-MAR-2024,
OPTIDX,NIFTY,30-May-2024,23100,CE,182.65,208.05,174.25,197.6,197.6,38,442.64,3050,750,21-MAR-2024,
OPTIDX,NIFTY,30-May-2024,23150,CE,0,0,0,188.95,172.9,0,0,100,0,21-MAR-2024,
OPTIDX,NIFTY,30-May-2024,23200,CE,151.65,182.65,151.65,171.85,171.85,41,479.04,5000,250,21-MAR-2024,
OPTIDX,NIFTY,30-May-2024,23250,CE,0,0,0,143.45,150.95,0,0,250,0,21-MAR-2024,
OPTIDX,NIFTY,30-May-2024,23300,CE,144,154.95,130.7,143.2,143.2,195,2285.85,12350,1650,21-MAR-2024,
OPTIDX,NIFTY,30-May-2024,23350,CE,126.6,126.6,126.6,126.6,126.6,1,11.73,150,50,21-MAR-2024,
OPTIDX,NIFTY,30-May-2024,23400,CE,120,133.1,111.5,124.85,124.85,78,917.35,6850,1100,21-MAR-2024,
OPTIDX,NIFTY,30-May-2024,23450,CE,0,0,0,266.5,113.75,0,0,0,0,21-MAR-2024,
OPTIDX,NIFTY,30-May-2024,23500,CE,96,117.15,96,105.85,105.85,3229,38116.81,161950,36650,21-MAR-2024,
OPTIDX,NIFTY,30-May-2024,23550,CE,0,0,0,116.7,98.15,0,0,50,0,21-MAR-2024,
OPTIDX,NIFTY,30-May-2024,23600,CE,90,97,87,91.2,91.2,373,4418.36,5250,3850,21-MAR-2024,
OPTIDX,NIFTY,30-May-2024,23650,CE,0,0,0,219.8,84.35,0,0,0,0,21-MAR-2024,
OPTIDX,NIFTY,30-May-2024,23700,CE,70.65,82.85,70.65,73.85,73.85,146,1735.71,6350,1700,21-MAR-2024,
OPTIDX,NIFTY,30-May-2024,23750,CE,74,74,73,73,72.25,5,59.55,500,-150,21-MAR-2024,
OPTIDX,NIFTY,30-May-2024,23800,CE,70,73.95,59.45,62.3,62.3,133,1587.17,10650,600,21-MAR-2024,
OPTIDX,NIFTY,30-May-2024,23850,CE,0,0,0,180.4,61.6,0,0,0,0,21-MAR-2024,
OPTIDX,NIFTY,30-May-2024,23900,CE,54.85,71.1,43.15,43.15,56.8,10,119.78,550,350,21-MAR-2024,
OPTIDX,NIFTY,30-May-2024,23950,CE,51,51,50,50.5,50.5,3,36,400,150,21-MAR-2024,
OPTIDX,NIFTY,30-May-2024,24000,CE,70,70,44.2,46.3,46.3,2796,33622.35,219200,36100,21-MAR-2024,
OPTIDX,NIFTY,30-May-2024,24050,CE,48,48,47.75,47.75,47.75,3,36.14,350,150,21-MAR-2024,
OPTIDX,NIFTY,30-May-2024,24100,CE,40,40,39,39,39,2,24.13,100,50,21-MAR-2024,
OPTIDX,NIFTY,30-May-2024,24150,CE,35,35,35,35,35,1,12.09,850,0,21-MAR-2024,
OPTIDX,NIFTY,30-May-2024,24200,CE,32.5,44,31,36,36,40,484.71,16900,700,21-MAR-2024,
OPTIDX,NIFTY,30-May-2024,24250,CE,38,48,29.7,32.05,32.05,25,303.56,2500,600,21-MAR-2024,
OPTIDX,NIFTY,30-May-2024,20050,PE,30.45,36.35,25,26.3,26.3,14,140.56,1750,450,21-MAR-2024,
OPTIDX,NIFTY,30-May-2024,20100,PE,31.8,31.8,30.05,31.6,11.4,22,221.44,1100,1100,21-MAR-2024,
OPTIDX,NIFTY,30-May-2024,20150,PE,32.7,32.7,31.85,31.85,12.9,6,60.54,300,300,21-MAR-2024,
OPTIDX,NIFTY,30-May-2024,20200,PE,34.35,34.35,33.6,33.6,14.5,8,80.93,400,400,21-MAR-2024,
OPTIDX,NIFTY,30-May-2024,20250,PE,0,0,0,50,16.35,0,0,3550,0,21-MAR-2024,
OPTIDX,NIFTY,30-May-2024,20300,PE,54.55,54.55,36,37.3,37.3,178,1810.11,22350,3600,21-MAR-2024,
OPTIDX,NIFTY,30-May-2024,20350,PE,0,0,0,70.45,20.55,0,0,0,0,21-MAR-2024,
OPTIDX,NIFTY,30-May-2024,20400,PE,33.05,43.5,33.05,43.5,43.5,22,224.82,850,450,21-MAR-2024,
OPTIDX,NIFTY,30-May-2024,20450,PE,0,0,0,81.25,25.65,0,0,0,0,21-MAR-2024,
OPTIDX,NIFTY,30-May-2024,20500,PE,63,63.95,49,50.7,50.7,3408,35022.89,364300,18100,21-MAR-2024,
OPTIDX,NIFTY,30-May-2024,20550,PE,49.75,59.5,49.75,59.5,31.75,5,51.51,450,-150,21-MAR-2024,
OPTIDX,NIFTY,30-May-2024,20600,PE,55,55,55,55,55,1,10.32,50,50,21-MAR-2024,
OPTIDX,NIFTY,30-May-2024,20650,PE,0,0,0,106.7,39.05,0,0,500,0,21-MAR-2024,
OPTIDX,NIFTY,30-May-2024,20700,PE,70,71,53.05,60.65,60.65,364,3779.03,32500,1500,21-MAR-2024,
OPTIDX,NIFTY,30-May-2024,20750,PE,0,0,0,121.6,47.65,0,0,0,0,21-MAR-2024,
OPTIDX,NIFTY,30-May-2024,20800,PE,91.5,91.5,65.75,70.2,70.2,189,1972.53,7500,4150,21-MAR-2024,
OPTIDX,NIFTY,30-May-2024,20850,PE,82.7,82.7,82.7,82.7,57.8,2,20.93,100,100,21-MAR-2024,
OPTIDX,NIFTY,30-May-2024,20900,PE,0,0,0,146.85,63.45,0,0,0,0,21-MAR-2024,
OPTIDX,NIFTY,30-May-2024,20950,PE,0,0,0,127.55,69.55,0,0,150,0,21-MAR-2024,
OPTIDX,NIFTY,30-May-2024,21000,PE,115.05,122.6,92.05,94.8,94.8,3993,42128.36,419300,18000,21-MAR-2024,
OPTIDX,NIFTY,30-May-2024,21050,PE,0,0,0,153,83.15,0,0,100,0,21-MAR-2024,
OPTIDX,NIFTY,30-May-2024,21100,PE,115,115,95.1,100.5,100.5,221,2343.38,9200,7800,21-MAR-2024,
OPTIDX,NIFTY,30-May-2024,21150,PE,130.35,130.35,105.7,108.9,108.9,24,255.18,900,150,21-MAR-2024,
OPTIDX,NIFTY,30-May-2024,21200,PE,130,137.65,110.1,113.7,113.7,747,7962.52,106600,8350,21-MAR-2024,
OPTIDX,NIFTY,30-May-2024,21250,PE,119.5,119.5,119.5,119.5,119.5,1,10.68,700,0,21-MAR-2024,
OPTIDX,NIFTY,30-May-2024,21300,PE,159.9,159.9,128.3,131.2,131.2,181,1940.06,35300,4250,21-MAR-2024,
OPTIDX,NIFTY,30-May-2024,21350,PE,147.6,147.6,147.5,147.5,136.8,2,21.49,450,100,21-MAR-2024,
OPTIDX,NIFTY,30-May-2024,21400,PE,208,208,148.65,151.7,151.7,317,3416.85,38400,7200,21-MAR-2024,
OPTIDX,NIFTY,30-May-2024,21450,PE,167,167,162,162,159.5,9,97.26,450,150,21-MAR-2024,
OPTIDX,NIFTY,30-May-2024,21500,PE,197,206.5,171.6,176.75,176.75,2670,28949.21,280150,6650,21-MAR-2024,
OPTIDX,NIFTY,30-May-2024,21550,PE,0,0,0,273.55,184.9,0,0,200,0,21-MAR-2024,
OPTIDX,NIFTY,30-May-2024,21600,PE,226.85,226.9,191.4,194,194,186,2027.62,15350,1650,21-MAR-2024,
OPTIDX,NIFTY,30-May-2024,21650,PE,0,0,0,290,213.1,0,0,100,0,21-MAR-2024,
OPTIDX,NIFTY,30-May-2024,21700,PE,240,241,215,219,219,223,2444.83,12200,4550,21-MAR-2024,
OPTIDX,NIFTY,30-May-2024,21750,PE,0,0,0,370.1,244.3,0,0,0,0,21-MAR-2024,
OPTIDX,NIFTY,30-May-2024,21800,PE,269.95,273.95,233.1,248.05,248.05,445,4908.2,35200,-800,21-MAR-2024,
OPTIDX,NIFTY,30-May-2024,21850,PE,0,0,0,343.55,278.5,0,0,250,0,21-MAR-2024,
OPTIDX,NIFTY,30-May-2024,21900,PE,300.75,303.45,272.1,273.75,273.75,357,3959.66,17200,10900,21-MAR-2024,
OPTIDX,NIFTY,30-May-2024,21950,PE,300,334.85,281.3,288.25,288.25,10,111.26,350,200,21-MAR-2024,
OPTIDX,NIFTY,30-May-2024,22000,PE,365.8,365.8,287.85,309.9,309.9,4434,49488.34,215550,36600,21-MAR-2024,
OPTIDX,NIFTY,30-May-2024,22050,PE,333,333,312,322.5,322.5,8,89.49,300,100,21-MAR-2024,
OPTIDX,NIFTY,30-May-2024,22100,PE,365.05,381.2,334.1,340.15,340.15,218,2447.07,6550,1950,21-MAR-2024,
OPTIDX,NIFTY,30-May-2024,22150,PE,0,0,0,418.1,400.35,0,0,350,0,21-MAR-2024,
OPTIDX,NIFTY,30-May-2024,22200,PE,443,443,369.45,374.95,374.95,363,4100.75,10500,150,21-MAR-2024,
OPTIDX,NIFTY,30-May-2024,22250,PE,0,0,0,576.35,447.55,0,0,0,0,21-MAR-2024,
OPTIDX,NIFTY,30-May-2024,22300,PE,445,460.95,409,411.4,411.4,252,2862.8,16650,8600,21-MAR-2024,
OPTIDX,NIFTY,30-May-2024,22350,PE,452.6,452.6,452.6,452.6,498,1,11.4,100,0,21-MAR-2024,
OPTIDX,NIFTY,30-May-2024,22400,PE,493.35,515.95,451.8,456.25,456.25,210,2401.57,11500,2550,21-MAR-2024,
OPTIDX,NIFTY,30-May-2024,22450,PE,0,0,0,666,551.7,0,0,150,0,21-MAR-2024,
OPTIDX,NIFTY,30-May-2024,22500,PE,550.05,560,500,514.6,514.6,2077,23912.37,162150,10600,21-MAR-2024,
OPTIDX,NIFTY,30-May-2024,22550,PE,0,0,0,650,608.65,0,0,1200,0,21-MAR-2024,
OPTIDX,NIFTY,30-May-2024,22600,PE,550.1,563.7,550,553.8,553.8,29,335.72,2450,-50,21-MAR-2024,
OPTIDX,NIFTY,30-May-2024,22650,PE,0,0,0,784.1,668.8,0,0,0,0,21-MAR-2024,
OPTIDX,NIFTY,30-May-2024,22700,PE,649,665,601,618.2,618.2,29,338.17,5000,-100,21-MAR-2024,
OPTIDX,NIFTY,30-May-2024,22750,PE,0,0,0,841.9,731.95,0,0,0,0,21-MAR-2024,
OPTIDX,NIFTY,30-May-2024,22800,PE,685,685,670,670,764.7,4,46.95,900,0,21-MAR-2024,
OPTIDX,NIFTY,30-May-2024,22850,PE,0,0,0,902,798.1,0,0,0,0,21-MAR-2024,
OPTIDX,NIFTY,30-May-2024,22900,PE,756.85,756.85,756.85,756.85,832.3,2,23.65,850,0,21-MAR-2024,
OPTIDX,NIFTY,30-May-2024,22950,PE,0,0,0,851,867.15,0,0,950,0,21-MAR-2024,
OPTIDX,NIFTY,30-May-2024,23000,PE,847,855.1,753.55,807.7,807.7,444,5284.68,41050,8050,21-MAR-2024,
OPTIDX,NIFTY,30-May-2024,23050,PE,0,0,0,1000.95,938.9,0,0,50,0,21-MAR-2024,
OPTIDX,NIFTY,30-May-2024,23100,PE,0,0,0,1061.75,975.75,0,0,0,0,21-MAR-2024,
OPTIDX,NIFTY,30-May-2024,23150,PE,0,0,0,1095.3,1013.2,0,0,0,0,21-MAR-2024,
OPTIDX,NIFTY,30-May-2024,23200,PE,0,0,0,1111,1051.3,0,0,50,0,21-MAR-2024,
OPTIDX,NIFTY,30-May-2024,23250,PE,0,0,0,1163.9,1089.95,0,0,0,0,21-MAR-2024,
OPTIDX,NIFTY,30-May-2024,23300,PE,0,0,0,1198.9,1129.2,0,0,0,0,21-MAR-2024,
OPTIDX,NIFTY,30-May-2024,23350,PE,0,0,0,1234.45,1169,0,0,0,0,21-MAR-2024,
OPTIDX,NIFTY,30-May-2024,23400,PE,0,0,0,1270.45,1209.35,0,0,0,0,21-MAR-2024,
OPTIDX,NIFTY,30-May-2024,23450,PE,0,0,0,1307.9,1250.15,0,0,0,0,21-MAR-2024,
OPTIDX,NIFTY,30-May-2024,23500,PE,1225.6,1225.6,1180,1204.35,1204.35,10,123.49,4700,-150,21-MAR-2024,
OPTIDX,NIFTY,30-May-2024,23550,PE,0,0,0,1382.35,1333.3,0,0,0,0,21-MAR-2024,
OPTIDX,NIFTY,30-May-2024,23600,PE,0,0,0,1419.3,1375.55,0,0,0,0,21-MAR-2024,
OPTIDX,NIFTY,30-May-2024,23650,PE,0,0,0,1457.55,1418.25,0,0,0,0,21-MAR-2024,
OPTIDX,NIFTY,30-May-2024,23700,PE,0,0,0,1496.2,1461.35,0,0,0,0,21-MAR-2024,
OPTIDX,NIFTY,30-May-2024,23750,PE,0,0,0,1250,1504.85,0,0,100,0,21-MAR-2024,
OPTIDX,NIFTY,30-May-2024,23800,PE,0,0,0,1574.7,1548.7,0,0,0,0,21-MAR-2024,
OPTIDX,NIFTY,30-May-2024,23850,PE,0,0,0,1614.55,1592.9,0,0,0,0,21-MAR-2024,
OPTIDX,NIFTY,30-May-2024,23900,PE,0,0,0,1654.75,1637.5,0,0,0,0,21-MAR-2024,
OPTIDX,NIFTY,30-May-2024,23950,PE,0,0,0,1695.3,1682.35,0,0,0,0,21-MAR-2024,
OPTIDX,NIFTY,30-May-2024,24000,PE,1650,1650,1569.35,1569.35,1569.35,4,51.21,800,50,21-MAR-2024,
OPTIDX,NIFTY,30-May-2024,24050,PE,0,0,0,1777.45,1773.05,0,0,0,0,21-MAR-2024,
OPTIDX,NIFTY,30-May-2024,24100,PE,0,0,0,1819.05,1818.8,0,0,0,0,21-MAR-2024,
OPTIDX,NIFTY,30-May-2024,24150,PE,0,0,0,1860.95,1864.8,0,0,0,0,21-MAR-2024,
OPTIDX,NIFTY,30-May-2024,24200,PE,0,0,0,1903.2,1911.05,0,0,0,0,21-MAR-2024,
OPTIDX,NIFTY,30-May-2024,24250,PE,0,0,0,1945.7,1957.5,0,0,0,0,21-MAR-2024,
OPTIDX,NIFTY,27-Jun-2024,15000,CE,7200,7323.5,7200,7250.75,7250.75,269,2992.24,14050,12550,21-MAR-2024,
OPTIDX,NIFTY,27-Jun-2024,16000,CE,0,0,0,2666.1,6299.3,0,0,0,0,21-MAR-2024,
OPTIDX,NIFTY,27-Jun-2024,17000,CE,5198.25,5252.1,5198.25,5229.25,5229.25,7,77.8,550,350,21-MAR-2024,
OPTIDX,NIFTY,27-Jun-2024,18000,CE,4399.95,4433,4318.1,4408.6,4408.6,189,2116.66,268950,5550,21-MAR-2024,
OPTIDX,NIFTY,27-Jun-2024,18500,CE,3890,3890,3890,3890,3844.65,1,11.19,4525,-50,21-MAR-2024,
OPTIDX,NIFTY,27-Jun-2024,19000,CE,3400,3489.95,3389.45,3470.35,3470.35,134,1505.04,229250,2550,21-MAR-2024,
OPTIDX,NIFTY,27-Jun-2024,20000,CE,2540,2593.15,2480,2554.75,2554.75,497,5599.04,264500,-4600,21-MAR-2024,
OPTIDX,NIFTY,27-Jun-2024,21000,CE,1644.1,1740.4,1644.05,1718.6,1718.6,819,9296.09,466100,8000,21-MAR-2024,
OPTIDX,NIFTY,27-Jun-2024,22000,CE,985,1050,900,986.85,986.85,2398,27558.14,735950,31750,21-MAR-2024,
OPTIDX,NIFTY,27-Jun-2024,23000,CE,470.05,487,440,461,461,3047,35744.56,821050,11550,21-MAR-2024,
OPTIDX,NIFTY,27-Jun-2024,24000,CE,170,202,165.6,177.7,177.7,2325,28111.65,985100,26250,21-MAR-2024,
OPTIDX,NIFTY,27-Jun-2024,25000,CE,71,71.05,58,63.05,63.05,1603,20088.7,446550,13050,21-MAR-2024,
OPTIDX,NIFTY,27-Jun-2024,26000,CE,30,31.1,25.2,28.45,28.45,427,5557.11,174400,-750,21-MAR-2024,
OPTIDX,NIFTY,27-Jun-2024,27000,CE,16.75,16.8,14.95,14.95,14.95,41,553.82,3000,1750,21-MAR-2024,
OPTIDX,NIFTY,27-Jun-2024,14000,PE,0,0,0,9,0.05,0,0,7075,0,21-MAR-2024,
OPTIDX,NIFTY,27-Jun-2024,15000,PE,3.05,3.05,3.05,3.05,3.05,106,795.16,18625,5300,21-MAR-2024,
OPTIDX,NIFTY,27-Jun-2024,16000,PE,3.05,3.05,3.05,3.05,0.05,1,8,58250,-50,21-MAR-2024,
OPTIDX,NIFTY,27-Jun-2024,17000,PE,13.4,15.65,12.3,14.75,14.75,156,1327.14,164200,850,21-MAR-2024,
OPTIDX,NIFTY,27-Jun-2024,18000,PE,18.6,20.3,16.15,18.6,18.6,1453,13090.39,594700,3450,21-MAR-2024,
OPTIDX,NIFTY,27-Jun-2024,19000,PE,42,50,35.3,37.5,37.5,1460,13898,760000,850,21-MAR-2024,
OPTIDX,NIFTY,27-Jun-2024,20000,PE,103,103,86.35,89.4,89.4,3464,34800.97,1136550,10100,21-MAR-2024,
OPTIDX,NIFTY,27-Jun-2024,21000,PE,240.5,240.5,205,210.15,210.15,3970,42112.29,1426300,5650,21-MAR-2024,
OPTIDX,NIFTY,27-Jun-2024,22000,PE,501.65,505.25,450,458.55,458.55,4125,46345.59,1272450,47750,21-MAR-2024,
OPTIDX,NIFTY,27-Jun-2024,23000,PE,980,980,901,917.9,917.9,1554,18594.53,399500,8600,21-MAR-2024,
OPTIDX,NIFTY,27-Jun-2024,24000,PE,1678,1678,1590,1600.2,1600.2,302,3867.06,340200,3550,21-MAR-2024,
OPTIDX,NIFTY,27-Jun-2024,25000,PE,2548.9,2548.9,2415,2448.3,2448.3,383,5260.47,33800,13950,21-MAR-2024,
OPTIDX,NIFTY,27-Jun-2024,26000,PE,3400,3477.2,3350,3377.3,3377.3,31,455.58,10750,1000,21-MAR-2024,
OPTIDX,NIFTY,27-Jun-2024,27000,PE,0,0,0,8206,4503.9,0,0,0,0,21-MAR-2024,
OPTIDX,NIFTY,26-Sep-2024,16000,CE,0,0,0,4667.4,6561.55,0,0,0,0,21-MAR-2024,
OPTIDX,NIFTY,26-Sep-2024,17000,CE,0,0,0,3800.4,5596.05,0,0,0,0,21-MAR-2024,
OPTIDX,NIFTY,26-Sep-2024,18000,CE,0,0,0,2994.95,4632.2,0,0,0,0,21-MAR-2024,
OPTIDX,NIFTY,26-Sep-2024,19000,CE,0,0,0,2277.4,3677.25,0,0,0,0,21-MAR-2024,
OPTIDX,NIFTY,26-Sep-2024,20000,CE,0,0,0,1666.45,2754.5,0,0,0,0,21-MAR-2024,
OPTIDX,NIFTY,26-Sep-2024,21000,CE,0,0,0,1173.8,1910.7,0,0,0,0,21-MAR-2024,
OPTIDX,NIFTY,26-Sep-2024,22000,CE,1390,1470.2,1358,1380.35,1380.35,54,631.23,15300,1450,21-MAR-2024,
OPTIDX,NIFTY,26-Sep-2024,23000,CE,847.8,870,789.85,829.2,829.2,127,1513.09,55200,450,21-MAR-2024,
OPTIDX,NIFTY,26-Sep-2024,24000,CE,440,460,363.5,424.4,424.4,207,2528.39,44400,4600,21-MAR-2024,
OPTIDX,NIFTY,26-Sep-2024,25000,CE,220,231.95,192.2,203.2,203.2,131,1651.15,61800,2600,21-MAR-2024,
OPTIDX,NIFTY,26-Sep-2024,26000,CE,90,109,90,109,109,3,39.15,16100,-100,21-MAR-2024,
OPTIDX,NIFTY,26-Sep-2024,27000,CE,0,0,0,68.7,22.3,0,0,0,0,21-MAR-2024,
OPTIDX,NIFTY,26-Sep-2024,16000,PE,0,0,0,39.75,0.05,0,0,0,0,21-MAR-2024,
OPTIDX,NIFTY,26-Sep-2024,17000,PE,0,0,0,103.7,0.2,0,0,0,0,21-MAR-2024,
OPTIDX,NIFTY,26-Sep-2024,18000,PE,0,0,0,229.25,2,0,0,0,0,21-MAR-2024,
OPTIDX,NIFTY,26-Sep-2024,19000,PE,0,0,0,239.55,12.7,0,0,2850,0,21-MAR-2024,
OPTIDX,NIFTY,26-Sep-2024,20000,PE,0,0,0,762.75,55.55,0,0,0,0,21-MAR-2024,
OPTIDX,NIFTY,26-Sep-2024,21000,PE,271.35,275.7,248.65,252.3,252.3,664,7057.3,282250,5800,21-MAR-2024,
OPTIDX,NIFTY,26-Sep-2024,22000,PE,544.1,544.1,485,490.35,490.35,361,4062.14,153950,4750,21-MAR-2024,
OPTIDX,NIFTY,26-Sep-2024,23000,PE,906.05,930,877.35,892,892,81,968.1,54600,650,21-MAR-2024,
OPTIDX,NIFTY,26-Sep-2024,24000,PE,0,0,0,3149.25,1508.9,0,0,0,0,21-MAR-2024,
OPTIDX,NIFTY,26-Sep-2024,25000,PE,0,0,0,3952.4,2284.45,0,0,0,0,21-MAR-2024,
OPTIDX,NIFTY,26-Sep-2024,26000,PE,0,0,0,4801.5,3157.15,0,0,0,0,21-MAR-2024,
OPTIDX,NIFTY,26-Sep-2024,27000,PE,0,0,0,5681.95,4082.95,0,0,0,0,21-MAR-2024,
OPTIDX,NIFTY,26-Dec-2024,14000,CE,0,0,0,8599,8718.45,0,0,100,0,21-MAR-2024,
OPTIDX,NIFTY,26-Dec-2024,15000,CE,0,0,0,7450,7768.9,0,0,2550,0,21-MAR-2024,
OPTIDX,NIFTY,26-Dec-2024,16000,CE,0,0,0,6651,6819.5,0,0,21950,0,21-MAR-2024,
OPTIDX,NIFTY,26-Dec-2024,17000,CE,6110,6110,5900.05,5907,5870.95,19,218.68,17900,-50,21-MAR-2024,
OPTIDX,NIFTY,26-Dec-2024,18000,CE,4930,5020,4930,5010,5010,5,57.47,23750,200,21-MAR-2024,
OPTIDX,NIFTY,26-Dec-2024,18500,CE,0,0,0,4400,4459.2,0,0,1000,0,21-MAR-2024,
OPTIDX,NIFTY,26-Dec-2024,19000,CE,4180,4180,4120,4149.15,4149.15,53,613.21,75600,300,21-MAR-2024,
OPTIDX,NIFTY,26-Dec-2024,20000,CE,3320,3335,3239.4,3317.7,3317.7,44,512.47,72850,-150,21-MAR-2024,
OPTIDX,NIFTY,26-Dec-2024,21000,CE,2490,2588,2490,2547,2547,26,306.01,115650,-550,21-MAR-2024,
OPTIDX,NIFTY,26-Dec-2024,22000,CE,1839.95,1881.15,1786.45,1862.55,1862.55,289,3446.19,248450,1350,21-MAR-2024,
OPTIDX,NIFTY,26-Dec-2024,23000,CE,1241.6,1280,1208.2,1257.8,1257.8,231,2800.26,170100,-500,21-MAR-2024,
OPTIDX,NIFTY,26-Dec-2024,24000,CE,784.95,811.5,750,791.55,791.55,241,2986.42,165100,600,21-MAR-2024,
OPTIDX,NIFTY,26-Dec-2024,25000,CE,449.9,481,449.35,470.75,470.75,214,2724.64,215350,2750,21-MAR-2024,
OPTIDX,NIFTY,26-Dec-2024,26000,CE,250,256,237,242.95,242.95,78,1023.52,113500,1000,21-MAR-2024,
OPTIDX,NIFTY,26-Dec-2024,27000,CE,120,125,119.05,124.9,124.9,52,705.13,44250,1950,21-MAR-2024,
OPTIDX,NIFTY,26-Dec-2024,14000,PE,0,0,0,20.5,0.05,0,0,3300,0,21-MAR-2024,
OPTIDX,NIFTY,26-Dec-2024,15000,PE,0,0,0,3.05,0.05,0,0,28700,0,21-MAR-2024,
OPTIDX,NIFTY,26-Dec-2024,16000,PE,0,0,0,9.45,0.15,0,0,17050,0,21-MAR-2024,
OPTIDX,NIFTY,26-Dec-2024,17000,PE,21.2,43.9,21.2,42,1.15,29,247.1,73600,-50,21-MAR-2024,
OPTIDX,NIFTY,26-Dec-2024,18000,PE,73,75.7,67.1,69.2,69.2,171,1544.99,290100,2150,21-MAR-2024,
OPTIDX,NIFTY,26-Dec-2024,19000,PE,108.4,108.85,100.45,104.7,104.7,301,2875.21,402300,7200,21-MAR-2024,
OPTIDX,NIFTY,26-Dec-2024,20000,PE,192,193.6,181,183.2,183.2,489,4935.49,537950,-3350,21-MAR-2024,
OPTIDX,NIFTY,26-Dec-2024,21000,PE,330,341.55,315,319.55,319.55,1292,13775.65,989950,1200,21-MAR-2024,
OPTIDX,NIFTY,26-Dec-2024,22000,PE,618,618,545,551.65,551.65,773,8719.35,700400,-1700,21-MAR-2024,
OPTIDX,NIFTY,26-Dec-2024,23000,PE,922,925,878,884.95,884.95,465,5555.89,259000,4750,21-MAR-2024,
OPTIDX,NIFTY,26-Dec-2024,24000,PE,1400.25,1406.05,1350,1361.5,1361.5,82,1040.34,69950,750,21-MAR-2024,
OPTIDX,NIFTY,26-Dec-2024,25000,PE,2000,2041.65,1969.15,1981.8,1981.8,105,1417.74,34650,400,21-MAR-2024,
OPTIDX,NIFTY,26-Dec-2024,26000,PE,0,0,0,2800,2858.95,0,0,4400,0,21-MAR-2024,
OPTIDX,NIFTY,26-Dec-2024,27000,PE,0,0,0,4500,3715.2,0,0,50,0,21-MAR-2024,
OPTIDX,NIFTY,26-Jun-2025,16000,CE,0,0,0,3227.55,7323.4,0,0,0,0,21-MAR-2024,
OPTIDX,NIFTY,26-Jun-2025,17000,CE,0,0,0,4165.5,6409.35,0,0,2750,0,21-MAR-2024,
OPTIDX,NIFTY,26-Jun-2025,18000,CE,0,0,0,3934,5504.1,0,0,2200,0,21-MAR-2024,
OPTIDX,NIFTY,26-Jun-2025,19000,CE,0,0,0,3077.9,4619.05,0,0,0,0,21-MAR-2024,
OPTIDX,NIFTY,26-Jun-2025,20000,CE,0,0,0,3180.85,3772.3,0,0,0,0,21-MAR-2024,
OPTIDX,NIFTY,26-Jun-2025,21000,CE,0,0,0,3199.45,2986.75,0,0,0,0,21-MAR-2024,
OPTIDX,NIFTY,26-Jun-2025,22000,CE,0,0,0,2088.15,2285.75,0,0,0,0,21-MAR-2024,
OPTIDX,NIFTY,26-Jun-2025,23000,CE,0,0,0,2003.65,1687.35,0,0,0,0,21-MAR-2024,
OPTIDX,NIFTY,26-Jun-2025,24000,CE,0,0,0,1100.85,1200.4,0,0,0,0,21-MAR-2024,
OPTIDX,NIFTY,26-Jun-2025,25000,CE,0,0,0,600,822.9,0,0,100,0,21-MAR-2024,
OPTIDX,NIFTY,26-Jun-2025,26000,CE,0,0,0,811.85,543.95,0,0,0,0,21-MAR-2024,
OPTIDX,NIFTY,26-Jun-2025,27000,CE,0,0,0,803.5,347.2,0,0,0,0,21-MAR-2024,
OPTIDX,NIFTY,26-Jun-2025,14000,PE,0,0,0,4.35,0.05,0,0,1150,0,21-MAR-2024,
OPTIDX,NIFTY,26-Jun-2025,15000,PE,0,0,0,16.2,0.2,0,0,1800,0,21-MAR-2024,
OPTIDX,NIFTY,26-Jun-2025,16000,PE,0,0,0,129.2,1.2,0,0,100,0,21-MAR-2024,
OPTIDX,NIFTY,26-Jun-2025,17000,PE,0,0,0,3497.35,5.25,0,0,0,0,21-MAR-2024,
OPTIDX,NIFTY,26-Jun-2025,18000,PE,0,0,0,188.1,18.1,0,0,250,0,21-MAR-2024,
OPTIDX,NIFTY,26-Jun-2025,19000,PE,0,0,0,77,51.2,0,0,600000,0,21-MAR-2024,
OPTIDX,NIFTY,26-Jun-2025,20000,PE,173.95,336.05,173.95,336.05,122.55,31,314.25,456550,-50,21-MAR-2024,
OPTIDX,NIFTY,26-Jun-2025,21000,PE,0,0,0,490,255.1,0,0,250,0,21-MAR-2024,
OPTIDX,NIFTY,26-Jun-2025,22000,PE,667.8,800,667.8,740,472.2,3,34.1,350,50,21-MAR-2024,
OPTIDX,NIFTY,26-Jun-2025,23000,PE,0,0,0,1020,791.95,0,0,250,0,21-MAR-2024,
OPTIDX,NIFTY,26-Jun-2025,24000,PE,0,0,0,5875.1,1223.05,0,0,0,0,21-MAR-2024,
OPTIDX,NIFTY,26-Jun-2025,25000,PE,0,0,0,6576.35,1763.7,0,0,0,0,21-MAR-2024,
OPTIDX,NIFTY,26-Jun-2025,26000,PE,0,0,0,7299,2402.9,0,0,0,0,21-MAR-2024,
OPTIDX,NIFTY,26-Jun-2025,27000,PE,0,0,0,7438.15,3124.2,0,0,0,0,21-MAR-2024,
OPTIDX,NIFTY,24-Dec-2025,16000,CE,0,0,0,7200,7808.9,0,0,50,0,21-MAR-2024,
OPTIDX,NIFTY,24-Dec-2025,17000,CE,0,0,0,5080,6928.2,0,0,650,0,21-MAR-2024,
OPTIDX,NIFTY,24-Dec-2025,18000,CE,0,0,0,6099.95,6058.3,0,0,5650,0,21-MAR-2024,
OPTIDX,NIFTY,24-Dec-2025,19000,CE,0,0,0,5615,5209.2,0,0,3150,0,21-MAR-2024,
OPTIDX,NIFTY,24-Dec-2025,19500,CE,0,0,0,3200,4796.65,0,0,1300,0,21-MAR-2024,
OPTIDX,NIFTY,24-Dec-2025,20000,CE,0,0,0,3800,4394.65,0,0,300,0,21-MAR-2024,
OPTIDX,NIFTY,24-Dec-2025,21000,CE,0,0,0,1400,3630.65,0,0,100,0,21-MAR-2024,
OPTIDX,NIFTY,24-Dec-2025,22000,CE,0,0,0,3480,2933.1,0,0,850,0,21-MAR-2024,
OPTIDX,NIFTY,24-Dec-2025,23000,CE,0,0,0,2980,2315.1,0,0,2450,0,21-MAR-2024,
OPTIDX,NIFTY,24-Dec-2025,24000,CE,0,0,0,2030,1784.55,0,0,200,0,21-MAR-2024,
OPTIDX,NIFTY,24-Dec-2025,25000,CE,0,0,0,1222.85,1343.6,0,0,0,0,21-MAR-2024,
OPTIDX,NIFTY,24-Dec-2025,26000,CE,0,0,0,1070.85,988.5,0,0,0,0,21-MAR-2024,
OPTIDX,NIFTY,24-Dec-2025,27000,CE,0,0,0,1071,711.2,0,0,0,0,21-MAR-2024,
OPTIDX,NIFTY,24-Dec-2025,13000,PE,0,0,0,400,0.05,0,0,150,0,21-MAR-2024,
OPTIDX,NIFTY,24-Dec-2025,15000,PE,0,0,0,62.15,0.8,0,0,1100,0,21-MAR-2024,
OPTIDX,NIFTY,24-Dec-2025,16000,PE,0,0,0,139.95,3.15,0,0,2150,0,21-MAR-2024,
OPTIDX,NIFTY,24-Dec-2025,16500,PE,0,0,0,44.6,5.85,0,0,2600,0,21-MAR-2024,
OPTIDX,NIFTY,24-Dec-2025,17000,PE,0,0,0,31.5,10.3,0,0,2400,0,21-MAR-2024,
OPTIDX,NIFTY,24-Dec-2025,18000,PE,0,0,0,52.7,28.3,0,0,3050,0,21-MAR-2024,
OPTIDX,NIFTY,24-Dec-2025,19000,PE,0,0,0,106.7,67.1,0,0,3050,0,21-MAR-2024,
OPTIDX,NIFTY,24-Dec-2025,20000,PE,0,0,0,219.9,140.45,0,0,4500,0,21-MAR-2024,
OPTIDX,NIFTY,24-Dec-2025,21000,PE,600,600,530,570,570,5,53.95,3200,0,21-MAR-2024,
OPTIDX,NIFTY,24-Dec-2025,22000,PE,0,0,0,801,454.65,0,0,2350,0,21-MAR-2024,
OPTIDX,NIFTY,24-Dec-2025,23000,PE,0,0,0,1185.55,724.55,0,0,4050,0,21-MAR-2024,
OPTIDX,NIFTY,24-Dec-2025,24000,PE,0,0,0,5649,1081.9,0,0,0,0,21-MAR-2024,
OPTIDX,NIFTY,24-Dec-2025,25000,PE,0,0,0,6310.55,1528.8,0,0,0,0,21-MAR-2024,
OPTIDX,NIFTY,24-Dec-2025,26000,PE,0,0,0,6993.25,2061.6,0,0,0,0,21-MAR-2024,
OPTIDX,NIFTY,24-Dec-2025,27000,PE,0,0,0,7112.8,2672.15,0,0,0,0,21-MAR-2024,
OPTIDX,NIFTY,25-Jun-2026,12000,CE,0,0,0,8690,11711.85,0,0,50,0,21-MAR-2024,
OPTIDX,NIFTY,25-Jun-2026,16000,CE,0,0,0,4748.3,8283.85,0,0,0,0,21-MAR-2024,
OPTIDX,NIFTY,25-Jun-2026,17000,CE,0,0,0,4348.25,7435.05,0,0,0,0,21-MAR-2024,
OPTIDX,NIFTY,25-Jun-2026,18000,CE,0,0,0,4150,6597.6,0,0,200,0,21-MAR-2024,
OPTIDX,NIFTY,25-Jun-2026,19000,CE,0,0,0,5792,5779.8,0,0,100,0,21-MAR-2024,
OPTIDX,NIFTY,25-Jun-2026,20000,CE,0,0,0,3829.5,4992.35,0,0,0,0,21-MAR-2024,
OPTIDX,NIFTY,25-Jun-2026,21000,CE,0,0,0,3881.9,4247.05,0,0,0,0,21-MAR-2024,
OPTIDX,NIFTY,25-Jun-2026,22000,CE,0,0,0,2722.55,3555.7,0,0,0,0,21-MAR-2024,
OPTIDX,NIFTY,25-Jun-2026,23000,CE,0,0,0,2645.65,2928.35,0,0,0,0,21-MAR-2024,
OPTIDX,NIFTY,25-Jun-2026,24000,CE,0,0,0,1698.3,2371.95,0,0,0,0,21-MAR-2024,
OPTIDX,NIFTY,25-Jun-2026,25000,CE,0,0,0,1510.4,1889.85,0,0,0,0,21-MAR-2024,
OPTIDX,NIFTY,25-Jun-2026,26000,CE,0,0,0,1343.15,1481.6,0,0,0,0,21-MAR-2024,
OPTIDX,NIFTY,25-Jun-2026,27000,CE,0,0,0,1352.8,1143.5,0,0,0,0,21-MAR-2024,
OPTIDX,NIFTY,25-Jun-2026,12000,PE,0,0,0,10.05,0.05,0,0,500,0,21-MAR-2024,
OPTIDX,NIFTY,25-Jun-2026,13000,PE,0,0,0,45.25,0.1,0,0,200,0,21-MAR-2024,
OPTIDX,NIFTY,25-Jun-2026,14000,PE,0,0,0,300,0.4,0,0,100,0,21-MAR-2024,
OPTIDX,NIFTY,25-Jun-2026,15000,PE,0,0,0,105.5,1.65,0,0,850,0,21-MAR-2024,
OPTIDX,NIFTY,25-Jun-2026,16000,PE,0,0,0,54.8,5.4,0,0,500,0,21-MAR-2024,
OPTIDX,NIFTY,25-Jun-2026,17000,PE,0,0,0,2627.25,14.9,0,0,0,0,21-MAR-2024,
OPTIDX,NIFTY,25-Jun-2026,18000,PE,0,0,0,3088.05,35.8,0,0,0,0,21-MAR-2024,
OPTIDX,NIFTY,25-Jun-2026,19000,PE,0,0,0,140.45,76.35,0,0,100,0,21-MAR-2024,
OPTIDX,NIFTY,25-Jun-2026,20000,PE,0,0,0,3159.75,147.2,0,0,0,0,21-MAR-2024,
OPTIDX,NIFTY,25-Jun-2026,21000,PE,0,0,0,3065.6,260.25,0,0,0,0,21-MAR-2024,
OPTIDX,NIFTY,25-Jun-2026,22000,PE,0,0,0,3829.5,427.3,0,0,0,0,21-MAR-2024,
OPTIDX,NIFTY,25-Jun-2026,23000,PE,0,0,0,859.2,658.25,0,0,150,0,21-MAR-2024,
OPTIDX,NIFTY,25-Jun-2026,24000,PE,0,0,0,5437.7,960.2,0,0,0,0,21-MAR-2024,
OPTIDX,NIFTY,25-Jun-2026,25000,PE,0,0,0,6063.1,1336.4,0,0,0,0,21-MAR-2024,
OPTIDX,NIFTY,25-Jun-2026,26000,PE,0,0,0,6709.2,1786.5,0,0,0,0,21-MAR-2024,
OPTIDX,NIFTY,25-Jun-2026,27000,PE,0,0,0,6810.7,2306.8,0,0,0,0,21-MAR-2024,
OPTIDX,NIFTY,31-Dec-2026,16000,CE,0,0,0,6200,8757.7,0,0,50,0,21-MAR-2024,
OPTIDX,NIFTY,31-Dec-2026,17000,CE,0,0,0,4955.1,7939.9,0,0,0,0,21-MAR-2024,
OPTIDX,NIFTY,31-Dec-2026,18000,CE,0,0,0,4501.45,7133.2,0,0,0,0,21-MAR-2024,
OPTIDX,NIFTY,31-Dec-2026,19000,CE,0,0,0,6000,6344.45,0,0,200,0,21-MAR-2024,
OPTIDX,NIFTY,31-Dec-2026,20000,CE,0,0,0,3704.3,5582,0,0,0,0,21-MAR-2024,
OPTIDX,NIFTY,31-Dec-2026,21000,CE,0,0,0,3356.25,4854.95,0,0,0,0,21-MAR-2024,
OPTIDX,NIFTY,31-Dec-2026,22000,CE,0,0,0,3039,4172.4,0,0,0,0,21-MAR-2024,
OPTIDX,NIFTY,31-Dec-2026,23000,CE,0,0,0,2020,3542.25,0,0,500,0,21-MAR-2024,
OPTIDX,NIFTY,31-Dec-2026,24000,CE,0,0,0,2010.65,2970.6,0,0,0,0,21-MAR-2024,
OPTIDX,NIFTY,31-Dec-2026,25000,CE,0,0,0,1811.2,2461.1,0,0,0,0,21-MAR-2024,
OPTIDX,NIFTY,31-Dec-2026,26000,CE,0,0,0,1631.05,2014.85,0,0,0,0,21-MAR-2024,
OPTIDX,NIFTY,31-Dec-2026,27000,CE,0,0,0,1651.65,1630.6,0,0,0,0,21-MAR-2024,
OPTIDX,NIFTY,31-Dec-2026,12000,PE,0,0,0,250.1,0.05,0,0,600,0,21-MAR-2024,
OPTIDX,NIFTY,31-Dec-2026,13000,PE,0,0,0,450,0.2,0,0,200,0,21-MAR-2024,
OPTIDX,NIFTY,31-Dec-2026,14000,PE,0,0,0,500,0.8,0,0,950,0,21-MAR-2024,
OPTIDX,NIFTY,31-Dec-2026,15000,PE,0,0,0,23,2.65,0,0,2200,0,21-MAR-2024,
OPTIDX,NIFTY,31-Dec-2026,16000,PE,0,0,0,27.95,7.5,0,0,2450,0,21-MAR-2024,
OPTIDX,NIFTY,31-Dec-2026,17000,PE,0,0,0,36.3,18.55,0,0,3150,0,21-MAR-2024,
OPTIDX,NIFTY,31-Dec-2026,18000,PE,0,0,0,196.35,40.7,0,0,6050,0,21-MAR-2024,
OPTIDX,NIFTY,31-Dec-2026,19000,PE,0,0,0,139.95,80.8,0,0,3250,0,21-MAR-2024,
OPTIDX,NIFTY,31-Dec-2026,20000,PE,0,0,0,233.55,147.2,0,0,3850,0,21-MAR-2024,
OPTIDX,NIFTY,31-Dec-2026,21000,PE,0,0,0,649,249.05,0,0,850,0,21-MAR-2024,
OPTIDX,NIFTY,31-Dec-2026,22000,PE,0,0,0,609.65,395.35,0,0,100,0,21-MAR-2024,
OPTIDX,NIFTY,31-Dec-2026,23000,PE,0,0,0,957.4,594.1,0,0,6200,0,21-MAR-2024,
OPTIDX,NIFTY,31-Dec-2026,24000,PE,0,0,0,5233.45,851.3,0,0,0,0,21-MAR-2024,
OPTIDX,NIFTY,31-Dec-2026,25000,PE,0,0,0,5825.75,1170.65,0,0,0,0,21-MAR-2024,
OPTIDX,NIFTY,31-Dec-2026,26000,PE,0,0,0,6437.4,1553.25,0,0,0,0,21-MAR-2024,
OPTIDX,NIFTY,31-Dec-2026,27000,PE,0,0,0,6522.3,1997.85,0,0,0,0,21-MAR-2024,
OPTIDX,NIFTY,24-Jun-2027,16000,CE,0,0,0,4898.4,9181.65,0,0,0,0,21-MAR-2024,
OPTIDX,NIFTY,24-Jun-2027,17000,CE,0,0,0,4464.7,8390.95,0,0,0,0,21-MAR-2024,
OPTIDX,NIFTY,24-Jun-2027,18000,CE,0,0,0,4066.45,7610.85,0,0,0,0,21-MAR-2024,
OPTIDX,NIFTY,24-Jun-2027,19000,CE,0,0,0,3701.25,6846.95,0,0,100,0,21-MAR-2024,
OPTIDX,NIFTY,24-Jun-2027,20000,CE,0,0,0,3367.05,6106.1,0,0,0,0,21-MAR-2024,
OPTIDX,NIFTY,24-Jun-2027,21000,CE,0,0,0,3061.8,5395.7,0,0,0,0,21-MAR-2024,
OPTIDX,NIFTY,24-Jun-2027,22000,CE,0,0,0,2783.5,4722.95,0,0,0,0,21-MAR-2024,
OPTIDX,NIFTY,24-Jun-2027,23000,CE,0,0,0,2530.05,4094.55,0,0,0,0,21-MAR-2024,
OPTIDX,NIFTY,24-Jun-2027,24000,CE,0,0,0,2299.55,3515.7,0,0,0,0,21-MAR-2024,
OPTIDX,NIFTY,24-Jun-2027,25000,CE,0,0,0,2090.05,2990,0,0,0,0,21-MAR-2024,
OPTIDX,NIFTY,24-Jun-2027,26000,CE,0,0,0,1900.85,2519.3,0,0,0,0,21-MAR-2024,
OPTIDX,NIFTY,24-Jun-2027,27000,CE,0,0,0,1932.5,2103.6,0,0,0,0,21-MAR-2024,
OPTIDX,NIFTY,24-Jun-2027,16000,PE,0,0,0,1476.1,9.1,0,0,0,0,21-MAR-2024,
OPTIDX,NIFTY,24-Jun-2027,17000,PE,0,0,0,1814.75,20.9,0,0,0,0,21-MAR-2024,
OPTIDX,NIFTY,24-Jun-2027,18000,PE,0,0,0,2188.9,43.25,0,0,0,0,21-MAR-2024,
OPTIDX,NIFTY,24-Jun-2027,19000,PE,0,0,0,170,81.85,0,0,250,0,21-MAR-2024,
OPTIDX,NIFTY,24-Jun-2027,20000,PE,0,0,0,3034.2,143.45,0,0,0,0,21-MAR-2024,
OPTIDX,NIFTY,24-Jun-2027,21000,PE,0,0,0,353.5,235.45,0,0,50,0,21-MAR-2024,
OPTIDX,NIFTY,24-Jun-2027,22000,PE,0,0,0,3995.4,365.2,0,0,0,0,21-MAR-2024,
OPTIDX,NIFTY,24-Jun-2027,23000,PE,0,0,0,4514.3,539.25,0,0,0,0,21-MAR-2024,
OPTIDX,NIFTY,24-Jun-2027,24000,PE,0,0,0,5056.2,762.85,0,0,0,0,21-MAR-2024,
OPTIDX,NIFTY,24-Jun-2027,25000,PE,0,0,0,5619.05,1039.65,0,0,0,0,21-MAR-2024,
OPTIDX,NIFTY,24-Jun-2027,26000,PE,0,0,0,6202.2,1371.45,0,0,0,0,21-MAR-2024,
OPTIDX,NIFTY,24-Jun-2027,27000,PE,0,0,0,6273.45,1758.2,0,0,0,0,21-MAR-2024,
OPTIDX,NIFTY,30-Dec-2027,16000,CE,0,0,0,7354.45,9623.95,0,0,0,0,21-MAR-2024,
OPTIDX,NIFTY,30-Dec-2027,17000,CE,0,0,0,6805.5,8861.15,0,0,0,0,21-MAR-2024,
OPTIDX,NIFTY,30-Dec-2027,18000,CE,0,0,0,6285.7,8108.1,0,0,0,0,21-MAR-2024,
OPTIDX,NIFTY,30-Dec-2027,19000,CE,0,0,0,5794.9,7369.5,0,0,0,0,21-MAR-2024,
OPTIDX,NIFTY,30-Dec-2027,20000,CE,0,0,0,5333.85,6650.95,0,0,0,0,21-MAR-2024,
OPTIDX,NIFTY,30-Dec-2027,21000,CE,0,0,0,4902.4,5958.35,0,0,0,0,21-MAR-2024,
OPTIDX,NIFTY,30-Dec-2027,22000,CE,0,0,0,4499.55,5297.65,0,0,0,0,21-MAR-2024,
OPTIDX,NIFTY,30-Dec-2027,23000,CE,0,0,0,4125.7,4674.35,0,0,0,0,21-MAR-2024,
OPTIDX,NIFTY,30-Dec-2027,24000,CE,0,0,0,3778.95,4092.95,0,0,0,0,21-MAR-2024,
OPTIDX,NIFTY,30-Dec-2027,25000,CE,0,0,0,3458.35,3556.95,0,0,0,0,21-MAR-2024,
OPTIDX,NIFTY,30-Dec-2027,26000,CE,0,0,0,3162.4,3068.35,0,0,0,0,21-MAR-2024,
OPTIDX,NIFTY,30-Dec-2027,27000,CE,0,0,0,2889.8,2627.9,0,0,0,0,21-MAR-2024,
OPTIDX,NIFTY,30-Dec-2027,15000,PE,0,0,0,27.8,4.3,0,0,350,0,21-MAR-2024,
OPTIDX,NIFTY,30-Dec-2027,16000,PE,0,0,0,479.35,10.4,0,0,0,0,21-MAR-2024,
OPTIDX,NIFTY,30-Dec-2027,17000,PE,0,0,0,514,22.55,0,0,14250,0,21-MAR-2024,
OPTIDX,NIFTY,30-Dec-2027,18000,PE,0,0,0,74.8,44.35,0,0,10500,0,21-MAR-2024,
OPTIDX,NIFTY,30-Dec-2027,19000,PE,0,0,0,760,80.7,0,0,700,0,21-MAR-2024,
OPTIDX,NIFTY,30-Dec-2027,20000,PE,500,500,500,500,500,1,10.25,2450,0,21-MAR-2024,
OPTIDX,NIFTY,30-Dec-2027,21000,PE,0,0,0,1563.55,219.3,0,0,0,0,21-MAR-2024,
OPTIDX,NIFTY,30-Dec-2027,22000,PE,0,0,0,1867.9,333.55,0,0,0,0,21-MAR-2024,
OPTIDX,NIFTY,30-Dec-2027,23000,PE,0,0,0,2201.3,485.1,0,0,0,0,21-MAR-2024,
OPTIDX,NIFTY,30-Dec-2027,24000,PE,0,0,0,2561.85,678.65,0,0,0,0,21-MAR-2024,
OPTIDX,NIFTY,30-Dec-2027,25000,PE,0,0,0,2948.45,917.5,0,0,0,0,21-MAR-2024,
OPTIDX,NIFTY,30-Dec-2027,26000,PE,0,0,0,3359.75,1203.8,0,0,0,0,21-MAR-2024,
OPTIDX,NIFTY,30-Dec-2027,27000,PE,0,0,0,3794.4,1538.3,0,0,0,0,21-MAR-2024,
OPTIDX,NIFTY,29-Jun-2028,16000,CE,0,0,0,8002.3,10035.2,0,0,0,0,21-MAR-2024,
OPTIDX,NIFTY,29-Jun-2028,17000,CE,0,0,0,7393.45,9298,0,0,0,0,21-MAR-2024,
OPTIDX,NIFTY,29-Jun-2028,18000,CE,0,0,0,6809.35,8569.7,0,0,0,0,21-MAR-2024,
OPTIDX,NIFTY,29-Jun-2028,19000,CE,0,0,0,6252.25,7854.3,0,0,0,0,21-MAR-2024,
OPTIDX,NIFTY,29-Jun-2028,20000,CE,0,0,0,5724.65,7156.4,0,0,0,0,21-MAR-2024,
OPTIDX,NIFTY,29-Jun-2028,21000,CE,0,0,0,5226.55,6481,0,0,0,0,21-MAR-2024,
OPTIDX,NIFTY,29-Jun-2028,22000,CE,0,0,0,4759.5,5832.95,0,0,0,0,21-MAR-2024,
OPTIDX,NIFTY,29-Jun-2028,23000,CE,0,0,0,4323.1,5216.95,0,0,0,0,21-MAR-2024,
OPTIDX,NIFTY,29-Jun-2028,24000,CE,0,0,0,3918.85,4636.9,0,0,0,0,21-MAR-2024,
OPTIDX,NIFTY,29-Jun-2028,25000,CE,0,0,0,3545.15,4096,0,0,0,0,21-MAR-2024,
OPTIDX,NIFTY,29-Jun-2028,26000,CE,0,0,0,3200.9,3596.4,0,0,0,0,21-MAR-2024,
OPTIDX,NIFTY,29-Jun-2028,27000,CE,0,0,0,2885.15,3139.3,0,0,0,0,21-MAR-2024,
OPTIDX,NIFTY,29-Jun-2028,16000,PE,0,0,0,194.2,11.3,0,0,0,0,21-MAR-2024,
OPTIDX,NIFTY,29-Jun-2028,17000,PE,0,0,0,283.1,23.35,0,0,0,0,21-MAR-2024,
OPTIDX,NIFTY,29-Jun-2028,18000,PE,0,0,0,396.75,44.3,0,0,0,0,21-MAR-2024,
OPTIDX,NIFTY,29-Jun-2028,19000,PE,0,0,0,537.45,78.15,0,0,0,0,21-MAR-2024,
OPTIDX,NIFTY,29-Jun-2028,20000,PE,0,0,0,707.55,129.55,0,0,0,0,21-MAR-2024,
OPTIDX,NIFTY,29-Jun-2028,21000,PE,0,0,0,907.2,203.35,0,0,0,0,21-MAR-2024,
OPTIDX,NIFTY,29-Jun-2028,22000,PE,0,0,0,1137.9,304.6,0,0,0,0,21-MAR-2024,
OPTIDX,NIFTY,29-Jun-2028,23000,PE,0,0,0,1399.25,437.8,0,0,0,0,21-MAR-2024,
OPTIDX,NIFTY,29-Jun-2028,24000,PE,0,0,0,1692.75,607.05,0,0,0,0,21-MAR-2024,
OPTIDX,NIFTY,29-Jun-2028,25000,PE,0,0,0,2016.8,815.4,0,0,0,0,21-MAR-2024,
OPTIDX,NIFTY,29-Jun-2028,26000,PE,0,0,0,2370.3,1065.05,0,0,0,0,21-MAR-2024,
OPTIDX,NIFTY,29-Jun-2028,27000,PE,0,0,0,2752.35,1357.2,0,0,0,0,21-MAR-2024,
OPTIDX,NIFTY,28-Dec-2028,16000,CE,0,0,0,10704.45,10432.5,0,0,0,0,21-MAR-2024,
OPTIDX,NIFTY,28-Dec-2028,17000,CE,0,0,0,10036.4,9719.8,0,0,0,0,21-MAR-2024,
OPTIDX,NIFTY,28-Dec-2028,18000,CE,0,0,0,9380.3,9015.15,0,0,0,0,21-MAR-2024,
OPTIDX,NIFTY,28-Dec-2028,19000,CE,0,0,0,8739,8322.05,0,0,0,0,21-MAR-2024,
OPTIDX,NIFTY,28-Dec-2028,20000,CE,0,0,0,8115.5,7644.3,0,0,0,0,21-MAR-2024,
OPTIDX,NIFTY,28-Dec-2028,21000,CE,0,0,0,7512.5,6986,0,0,0,0,21-MAR-2024,
OPTIDX,NIFTY,28-Dec-2028,22000,CE,0,0,0,6932.45,6351.45,0,0,0,0,21-MAR-2024,
OPTIDX,NIFTY,28-Dec-2028,23000,CE,0,0,0,6377.6,5744.45,0,0,0,0,21-MAR-2024,
OPTIDX,NIFTY,28-Dec-2028,24000,CE,0,0,0,5850.3,5168.55,0,0,0,0,21-MAR-2024,
OPTIDX,NIFTY,28-Dec-2028,25000,CE,0,0,0,5350.4,4626.6,0,0,0,0,21-MAR-2024,
OPTIDX,NIFTY,28-Dec-2028,26000,CE,0,0,0,4879.7,4120.7,0,0,0,0,21-MAR-2024,
OPTIDX,NIFTY,28-Dec-2028,27000,CE,0,0,0,4437.95,3652.3,0,0,0,0,21-MAR-2024,
OPTIDX,NIFTY,28-Dec-2028,16000,PE,0,0,0,39.6,11.85,0,0,0,0,21-MAR-2024,
OPTIDX,NIFTY,28-Dec-2028,17000,PE,0,0,0,66.15,23.55,0,0,0,0,21-MAR-2024,
OPTIDX,NIFTY,28-Dec-2028,18000,PE,0,0,0,104.65,43.4,0,0,0,0,21-MAR-2024,
OPTIDX,NIFTY,28-Dec-2028,19000,PE,0,0,0,158,74.75,0,0,0,0,21-MAR-2024,
OPTIDX,NIFTY,28-Dec-2028,20000,PE,0,0,0,229.1,121.45,0,0,0,0,21-MAR-2024,
OPTIDX,NIFTY,28-Dec-2028,21000,PE,0,0,0,320.7,187.65,0,0,0,0,21-MAR-2024,
OPTIDX,NIFTY,28-Dec-2028,22000,PE,0,0,0,435.3,277.5,0,0,0,0,21-MAR-2024,
OPTIDX,NIFTY,28-Dec-2028,23000,PE,0,0,0,575.05,394.95,0,0,0,0,21-MAR-2024,
OPTIDX,NIFTY,28-Dec-2028,24000,PE,0,0,0,742.35,543.5,0,0,0,0,21-MAR-2024,
OPTIDX,NIFTY,28-Dec-2028,25000,PE,0,0,0,937.05,726,0,0,0,0,21-MAR-2024,
OPTIDX,NIFTY,28-Dec-2028,26000,PE,0,0,0,1160.95,944.6,0,0,0,0,21-MAR-2024,
OPTIDX,NIFTY,28-Dec-2028,27000,PE,0,0,0,1413.85,1200.65,0,0,0,0,21-MAR-2024,
