INSTRUMENT,SYMBOL,EXPIRY_DT,STRIKE_PR,OPTION_TYP,OPEN,HIGH,LOW,CLOSE,SETTLE_PR,CONTRACTS,VAL_INLAKH,OPEN_INT,CHG_IN_OI,TIMESTAMP,
FUTIDX,NIFTY,29-Feb-2024,0,XX,22245.15,22272,22022.85,22070.15,22070.15,133217,1475926.41,11202450,-159250,21-FEB-2024,
FUTIDX,NIFTY,28-Mar-2024,0,XX,22397.95,22409,22175,22211.8,22211.8,26912,300149.86,1705400,268850,21-FEB-2024,
FUTIDX,NIFTY,25-Apr-2024,0,XX,22518.95,22544,22320,22346.1,22346.1,4501,50513.16,665450,30350,21-FEB-2024,
OPTIDX,NIFTY,22-Feb-2024,19500,CE,2681.9,2681.9,2490,2490,2558.65,5,55.23,4650,-50,21-FEB-2024,
OPTIDX,NIFTY,22-Feb-2024,19550,CE,2774.5,2774.5,2539.1,2539.1,2508.65,2,22.2,50,50,21-FEB-2024,
OPTIDX,NIFTY,22-Feb-2024,19600,CE,0,0,0,2495.3,2458.65,0,0,800,0,21-FEB-2024,
OPTIDX,NIFTY,22-Feb-2024,19650,CE,0,0,0,1956.35,2408.7,0,0,0,0,21-FEB-2024,
OPTIDX,NIFTY,22-Feb-2024,19700,CE,0,0,0,2257.25,2358.7,0,0,900,0,21-FEB-2024,
OPTIDX,NIFTY,22-Feb-2024,19750,CE,0,0,0,1859.35,2308.7,0,0,0,0,21-FEB-2024,
OPTIDX,NIFTY,22-Feb-2024,19800,CE,2310,2310,2310,2310,2258.7,1,11.05,1400,-50,21-FEB-2024,
OPTIDX,NIFTY,22-Feb-2024,19850,CE,0,0,0,2122,2208.7,0,0,300,0,21-FEB-2024,
OPTIDX,NIFTY,22-Feb-2024,19900,CE,0,0,0,2270,2158.75,0,0,1150,0,21-FEB-2024,
OPTIDX,NIFTY,22-Feb-2024,19950,CE,0,0,0,1724,2108.75,0,0,250,0,21-FEB-2024,
OPTIDX,NIFTY,22-Feb-2024,20000,CE,2200,2227.6,1985,2002.15,2002.15,121,1337.03,10600,-4650,21-FEB-2024,
OPTIDX,NIFTY,22-Feb-2024,20050,CE,0,0,0,1949,2008.75,0,0,50,0,21-FEB-2024,
OPTIDX,NIFTY,22-Feb-2024,20100,CE,2063.85,2115,1897.9,1931,1931,6,66.41,850,-150,21-FEB-2024,
OPTIDX,NIFTY,22-Feb-2024,20150,CE,1988.95,2014.9,1988.95,2014.9,1908.8,3,33.23,200,150,21-FEB-2024,
OPTIDX,NIFTY,22-Feb-2024,20200,CE,1820,1862.45,1800.3,1832.4,1832.4,33,363.53,1000,-1250,21-FEB-2024,
OPTIDX,NIFTY,22-Feb-2024,20250,CE,1750,1818.25,1738.85,1783.65,1783.65,84,924.7,2050,-3650,21-FEB-2024,
OPTIDX,NIFTY,22-Feb-2024,20300,CE,1700,1700,1693,1695,1695,38,417.93,1250,-1500,21-FEB-2024,
OPTIDX,NIFTY,22-Feb-2024,20350,CE,1650,1700,1650,1672.25,1672.25,18,198.2,1450,0,21-FEB-2024,
OPTIDX,NIFTY,22-Feb-2024,20400,CE,0,0,0,1650,1658.8,0,0,900,0,21-FEB-2024,
OPTIDX,NIFTY,22-Feb-2024,20450,CE,1540,1540,1540,1540,1608.85,10,109.95,700,-50,21-FEB-2024,
OPTIDX,NIFTY,22-Feb-2024,20500,CE,1738.55,1738.9,1472.05,1530.65,1530.65,215,2369.95,19900,-4650,21-FEB-2024,
OPTIDX,NIFTY,22-Feb-2024,20550,CE,0,0,0,1512.1,1508.85,0,0,5600,0,21-FEB-2024,
OPTIDX,NIFTY,22-Feb-2024,20600,CE,1605,1623,1394.4,1395.2,1395.2,41,454.66,9000,-1750,21-FEB-2024,
OPTIDX,NIFTY,22-Feb-2024,20650,CE,0,0,0,1544.95,1408.85,0,0,1500,0,21-FEB-2024,
OPTIDX,NIFTY,22-Feb-2024,20700,CE,1460,1534.6,1350,1350,1358.9,22,244.18,2500,-900,21-FEB-2024,
OPTIDX,NIFTY,22-Feb-2024,20750,CE,1240,1280,1240,1247.15,1247.15,74,813.82,1400,-3450,21-FEB-2024,
OPTIDX,NIFTY,22-Feb-2024,20800,CE,1250,1250,1170,1214.65,1214.65,112,1233.24,11750,-3500,21-FEB-2024,
OPTIDX,NIFTY,22-Feb-2024,20850,CE,1300,1300,1150,1150,1208.9,12,132.12,750,-150,21-FEB-2024,
OPTIDX,NIFTY,22-Feb-2024,20900,CE,1315,1325,1255.8,1280,1158.9,11,122.09,2800,-400,21-FEB-2024,
OPTIDX,NIFTY,22-Feb-2024,20950,CE,0,0,0,1209.7,1108.9,0,0,700,0,21-FEB-2024,
OPTIDX,NIFTY,22-Feb-2024,21000,CE,1207.05,1239,968.2,1009.3,1009.3,2111,23366.15,99600,-51150,21-FEB-2024,
OPTIDX,NIFTY,22-Feb-2024,21050,CE,1143,1149.65,975.75,995.4,995.4,22,243.02,1050,500,21-FEB-2024,
OPTIDX,NIFTY,22-Feb-2024,21100,CE,1094.95,1137.85,884.3,910.2,910.2,52,576.17,33450,-2000,21-FEB-2024,
OPTIDX,NIFTY,22-Feb-2024,21150,CE,1046.25,1046.25,843.95,892.1,892.1,123,1360.63,3150,-1350,21-FEB-2024,
OPTIDX,NIFTY,22-Feb-2024,21200,CE,1010.05,1022.95,771.15,827.75,827.75,287,3170.1,14400,-5600,21-FEB-2024,
OPTIDX,NIFTY,22-Feb-2024,21250,CE,937,985.5,764.45,771.4,771.4,176,1950.71,5900,-950,21-FEB-2024,
OPTIDX,NIFTY,22-Feb-2024,21300,CE,911,941.25,678.6,691.45,691.45,311,3437.84,37100,-5850,21-FEB-2024,
OPTIDX,NIFTY,22-Feb-2024,21350,CE,805.9,875.65,634.1,669.8,669.8,72,794.14,13600,600,21-FEB-2024,
OPTIDX,NIFTY,22-Feb-2024,21400,CE,805,844.1,570.9,612.15,612.15,1346,14868.63,67300,-22450,21-FEB-2024,
OPTIDX,NIFTY,22-Feb-2024,21450,CE,775.15,778.7,520.85,573.6,573.6,261,2874.74,14700,-4250,21-FEB-2024,
OPTIDX,NIFTY,22-Feb-2024,21500,CE,713.95,745,470.7,510.7,510.7,7582,83831.1,187300,-12850,21-FEB-2024,
OPTIDX,NIFTY,22-Feb-2024,21550,CE,660.9,682.1,423.75,469.55,469.55,623,6885.97,27300,-6050,21-FEB-2024,
OPTIDX,NIFTY,22-Feb-2024,21600,CE,601,645,371,421.35,421.35,3761,41545.87,145000,-40000,21-FEB-2024,
OPTIDX,NIFTY,22-Feb-2024,21650,CE,557,592.25,324.65,372.6,372.6,1229,13564.58,48900,-4800,21-FEB-2024,
OPTIDX,NIFTY,22-Feb-2024,21700,CE,511.8,545.7,277,325.5,325.5,16037,177174.55,694000,-95000,21-FEB-2024,
OPTIDX,NIFTY,22-Feb-2024,21750,CE,475.7,494.8,232.8,274.2,274.2,4920,54310.58,74800,150,21-FEB-2024,
OPTIDX,NIFTY,22-Feb-2024,21800,CE,419.55,448.2,190.4,231.4,231.4,66381,732952.47,500300,-188200,21-FEB-2024,
OPTIDX,NIFTY,22-Feb-2024,21850,CE,377.45,400.5,150.6,187.6,187.6,38354,423073.04,265750,-88550,21-FEB-2024,
OPTIDX,NIFTY,22-Feb-2024,21900,CE,338,353.35,115.25,149.4,149.4,234605,2591289.05,1080250,-7700,21-FEB-2024,
OPTIDX,NIFTY,22-Feb-2024,21950,CE,279.9,308.4,86.05,114.55,114.55,263341,2907460.49,893550,601250,21-FEB-2024,
OPTIDX,NIFTY,22-Feb-2024,22000,CE,241.8,266,62.35,86.9,86.9,1697186,18768793.09,5735550,3089200,21-FEB-2024,
OPTIDX,NIFTY,22-Feb-2024,22050,CE,208.6,225.2,44,63.55,63.55,1231155,13627150.66,3061000,2208450,21-FEB-2024,
OPTIDX,NIFTY,22-Feb-2024,22100,CE,184.05,187.55,30,45.2,45.2,2919378,32382114.92,9229700,4435550,21-FEB-2024,
OPTIDX,NIFTY,22-Feb-2024,22150,CE,149.9,153.7,20.4,31.4,31.4,2499717,27777957.55,5853050,3195900,21-FEB-2024,
OPTIDX,NIFTY,22-Feb-2024,22200,CE,121.15,140,13.6,20.85,20.85,5669153,63115944.2,13877750,8579150,21-FEB-2024,
OPTIDX,NIFTY,22-Feb-2024,22250,CE,90.3,93.6,8.6,13.15,13.15,3561119,39699585.25,6814900,5048450,21-FEB-2024,
OPTIDX,NIFTY,22-Feb-2024,22300,CE,64.2,69.05,5.2,8.35,8.35,4057572,45300405.59,10545900,6493100,21-FEB-2024,
OPTIDX,NIFTY,22-Feb-2024,22350,CE,47.15,49.35,3.3,5.15,5.15,2534526,28345590.43,5852100,4155500,21-FEB-2024,
OPTIDX,NIFTY,22-Feb-2024,22400,CE,31.65,36.95,2.1,3.35,3.35,3023832,33885004.61,8309450,4805450,21-FEB-2024,
OPTIDX,NIFTY,22-Feb-2024,22450,CE,25,25.05,1.5,2.4,2.4,2260372,25381666.98,4433050,2365950,21-FEB-2024,
OPTIDX,NIFTY,22-Feb-2024,22500,CE,13,14.7,1.4,2,2,3008498,33853494.33,13978150,8503850,21-FEB-2024,
OPTIDX,NIFTY,22-Feb-2024,22550,CE,8.4,8.8,1.15,1.55,1.55,1696711,19133386.59,4261500,1133300,21-FEB-2024,
OPTIDX,NIFTY,22-Feb-2024,22600,CE,4.6,4.95,0.85,1.25,1.25,2370373,26787770.97,7691300,1343050,21-FEB-2024,
OPTIDX,NIFTY,22-Feb-2024,22650,CE,2.85,3.45,0.9,1.2,1.2,1327712,15037476.12,4667250,1969850,21-FEB-2024,
OPTIDX,NIFTY,22-Feb-2024,22700,CE,1.85,2.2,0.75,1.05,1.05,1832862,20804293.5,8061750,2641250,21-FEB-2024,
OPTIDX,NIFTY,22-Feb-2024,22750,CE,1.45,1.55,0.7,0.95,0.95,602968,6859102.29,2543550,-112200,21-FEB-2024,
OPTIDX,NIFTY,22-Feb-2024,22800,CE,1.3,1.45,0.65,0.9,0.9,892541,10175432.99,6259000,746700,21-FEB-2024,
OPTIDX,NIFTY,22-Feb-2024,22850,CE,1.05,1.6,0.6,0.8,0.8,269628,3080623.73,1748550,673050,21-FEB-2024,
OPTIDX,NIFTY,22-Feb-2024,22900,CE,0.95,1.3,0.55,0.85,0.85,493990,5656405.2,2814950,249350,21-FEB-2024,
OPTIDX,NIFTY,22-Feb-2024,22950,CE,0.9,1.1,0.55,0.75,0.75,159658,1832144.18,1272250,-347200,21-FEB-2024,
OPTIDX,NIFTY,22-Feb-2024,23000,CE,0.8,1.05,0.4,0.65,0.65,1021369,11746131.22,8259500,1824250,21-FEB-2024,
OPTIDX,NIFTY,22-Feb-2024,23050,CE,0.8,1.05,0.4,0.65,0.65,85465,985015.36,353900,-84900,21-FEB-2024,
OPTIDX,NIFTY,22-Feb-2024,23100,CE,0.7,0.9,0.35,0.55,0.55,278355,3215089.49,1510800,343300,21-FEB-2024,
OPTIDX,NIFTY,22-Feb-2024,23150,CE,0.65,0.9,0.35,0.5,0.5,56271,651353.56,428800,-93950,21-FEB-2024,
OPTIDX,NIFTY,22-Feb-2024,23200,CE,0.6,0.9,0.3,0.5,0.5,233064,2703599.55,1007600,-306700,21-FEB-2024,
OPTIDX,NIFTY,22-Feb-2024,23250,CE,0.5,0.7,0.3,0.5,0.5,43941,510824.44,297700,-54750,21-FEB-2024,
OPTIDX,NIFTY,22-Feb-2024,23300,CE,0.45,0.7,0.25,0.5,0.5,246043,2866451.73,1227200,-225600,21-FEB-2024,
OPTIDX,NIFTY,22-Feb-2024,23350,CE,0.4,0.65,0.25,0.4,0.4,71938,839889.92,541600,-29100,21-FEB-2024,
OPTIDX,NIFTY,22-Feb-2024,23400,CE,0.4,0.75,0.2,0.4,0.4,87200,1020257.02,545150,-90100,21-FEB-2024,
OPTIDX,NIFTY,22-Feb-2024,23450,CE,0.45,0.75,0.2,0.35,0.35,37358,438029.57,263750,-26950,21-FEB-2024,
OPTIDX,NIFTY,22-Feb-2024,23500,CE,0.4,0.75,0.25,0.45,0.45,223869,2630504.95,2907100,346850,21-FEB-2024,
OPTIDX,NIFTY,22-Feb-2024,23550,CE,0.4,0.7,0.25,0.45,0.45,34370,404714.28,129500,-30500,21-FEB-2024,
OPTIDX,NIFTY,22-Feb-2024,23600,CE,0.4,0.6,0.2,0.35,0.35,58930,695384.37,1076600,246350,21-FEB-2024,
OPTIDX,NIFTY,22-Feb-2024,23650,CE,0.35,0.55,0.2,0.3,0.3,26759,316429.2,318950,-12300,21-FEB-2024,
OPTIDX,NIFTY,22-Feb-2024,23700,CE,0.3,0.6,0.2,0.35,0.35,114851,1361001.7,1741900,-232750,21-FEB-2024,
OPTIDX,NIFTY,22-Feb-2024,23750,CE,0.3,0.65,0.15,0.3,0.3,11289,134058.64,102300,-3350,21-FEB-2024,
OPTIDX,NIFTY,22-Feb-2024,23800,CE,0.4,0.6,0.2,0.35,0.35,11325,134769.27,199850,5950,21-FEB-2024,
OPTIDX,NIFTY,22-Feb-2024,23850,CE,0.6,1,0.2,0.35,0.35,9964,118822.72,154350,69850,21-FEB-2024,
OPTIDX,NIFTY,22-Feb-2024,23900,CE,0.35,0.55,0.15,0.4,0.4,4469,53405.42,68000,68000,21-FEB-2024,
OPTIDX,NIFTY,22-Feb-2024,23950,CE,0.55,0.85,0.2,0.35,0.35,4483,53684.77,81100,81100,21-FEB-2024,
OPTIDX,NIFTY,22-Feb-2024,19500,PE,0.9,0.95,0.1,0.1,0.1,200599,1955864.11,5173450,1689300,21-FEB-2024,
OPTIDX,NIFTY,22-Feb-2024,19550,PE,0.7,0.8,0.1,0.1,0.1,26366,257731.05,462600,159700,21-FEB-2024,
OPTIDX,NIFTY,22-Feb-2024,19600,PE,1,1,0.1,0.15,0.15,50030,490301.78,355900,-323900,21-FEB-2024,
OPTIDX,NIFTY,22-Feb-2024,19650,PE,1.05,1.05,0.1,0.15,0.15,11095,109010.01,124750,13000,21-FEB-2024,
OPTIDX,NIFTY,22-Feb-2024,19700,PE,1.15,1.15,0.1,0.15,0.15,69279,682406.73,1133550,220500,21-FEB-2024,
OPTIDX,NIFTY,22-Feb-2024,19750,PE,1,3.85,0.1,0.15,0.15,16785,165754.18,264750,119800,21-FEB-2024,
OPTIDX,NIFTY,22-Feb-2024,19800,PE,1.15,1.15,0.1,0.15,0.15,47411,469377.72,542050,-215300,21-FEB-2024,
OPTIDX,NIFTY,22-Feb-2024,19850,PE,1.15,1.2,0.1,0.15,0.15,18683,185431.57,257600,126450,21-FEB-2024,
OPTIDX,NIFTY,22-Feb-2024,19900,PE,1.05,1.2,0.15,0.2,0.2,43123,429083.61,192150,-488950,21-FEB-2024,
OPTIDX,NIFTY,22-Feb-2024,19950,PE,1,1.2,0.15,0.2,0.2,9677,96529.92,143000,28000,21-FEB-2024,
OPTIDX,NIFTY,22-Feb-2024,20000,PE,0.95,1.15,0.2,0.25,0.25,73088,730898.27,1957350,-167500,21-FEB-2024,
OPTIDX,NIFTY,22-Feb-2024,20050,PE,1,1,0.15,0.2,0.2,9996,100212.16,119900,34400,21-FEB-2024,
OPTIDX,NIFTY,22-Feb-2024,20100,PE,1.25,1.3,0.15,0.2,0.2,15760,158391.97,205050,53550,21-FEB-2024,
OPTIDX,NIFTY,22-Feb-2024,20150,PE,1.05,1.1,0.15,0.25,0.25,7266,73206.92,52300,6300,21-FEB-2024,
OPTIDX,NIFTY,22-Feb-2024,20200,PE,1.25,1.3,0.2,0.25,0.25,18044,182249.8,188950,-101300,21-FEB-2024,
OPTIDX,NIFTY,22-Feb-2024,20250,PE,1.25,1.25,0.15,0.25,0.25,11044,111823.39,97850,24300,21-FEB-2024,
OPTIDX,NIFTY,22-Feb-2024,20300,PE,1.35,1.35,0.2,0.25,0.25,25892,262812.73,223900,-138900,21-FEB-2024,
OPTIDX,NIFTY,22-Feb-2024,20350,PE,1.25,1.35,0.15,0.25,0.25,7034,71573.14,49250,-13200,21-FEB-2024,
OPTIDX,NIFTY,22-Feb-2024,20400,PE,1.3,1.3,0.2,0.3,0.3,30086,306887.49,406500,-26200,21-FEB-2024,
OPTIDX,NIFTY,22-Feb-2024,20450,PE,1.25,1.3,0.15,0.25,0.25,10135,103633.71,88100,-7450,21-FEB-2024,
OPTIDX,NIFTY,22-Feb-2024,20500,PE,1.05,1.25,0.25,0.35,0.35,205223,2103610.42,2122650,-399900,21-FEB-2024,
OPTIDX,NIFTY,22-Feb-2024,20550,PE,1.35,1.35,0.15,0.25,0.25,17192,176652.84,129550,1800,21-FEB-2024,
OPTIDX,NIFTY,22-Feb-2024,20600,PE,1.35,1.45,0.2,0.25,0.25,47882,493201.52,387050,-107300,21-FEB-2024,
OPTIDX,NIFTY,22-Feb-2024,20650,PE,1.45,1.45,0.2,0.25,0.25,24463,252587.64,141150,48050,21-FEB-2024,
OPTIDX,NIFTY,22-Feb-2024,20700,PE,1.15,1.5,0.2,0.25,0.25,104171,1078210.04,755600,-293750,21-FEB-2024,
OPTIDX,NIFTY,22-Feb-2024,20750,PE,1.25,1.4,0.2,0.25,0.25,54468,565123.61,411000,8800,21-FEB-2024,
OPTIDX,NIFTY,22-Feb-2024,20800,PE,1.65,1.65,0.2,0.25,0.25,152144,1582355.27,760750,-211700,21-FEB-2024,
OPTIDX,NIFTY,22-Feb-2024,20850,PE,1.5,1.55,0.2,0.25,0.25,66932,697790,311600,-79100,21-FEB-2024,
OPTIDX,NIFTY,22-Feb-2024,20900,PE,1.25,1.35,0.2,0.25,0.25,206588,2158922.02,1463650,-116050,21-FEB-2024,
OPTIDX,NIFTY,22-Feb-2024,20950,PE,1.3,1.6,0.25,0.3,0.3,87342,914939.54,614750,-106950,21-FEB-2024,
OPTIDX,NIFTY,22-Feb-2024,21000,PE,1.35,1.5,0.25,0.35,0.35,846480,8888424.57,4106600,-2002900,21-FEB-2024,
OPTIDX,NIFTY,22-Feb-2024,21050,PE,2,2,0.3,0.35,0.35,72485,762937.53,425150,-140000,21-FEB-2024,
OPTIDX,NIFTY,22-Feb-2024,21100,PE,2,2,0.3,0.4,0.4,245287,2587898.28,1415600,-644900,21-FEB-2024,
OPTIDX,NIFTY,22-Feb-2024,21150,PE,0.9,2,0.35,0.45,0.45,76133,805142.19,425000,-187150,21-FEB-2024,
OPTIDX,NIFTY,22-Feb-2024,21200,PE,1.7,2.15,0.35,0.5,0.5,423203,4486183.78,3070350,-354600,21-FEB-2024,
OPTIDX,NIFTY,22-Feb-2024,21250,PE,1.85,1.95,0.4,0.6,0.6,156144,1659112.18,841550,-594800,21-FEB-2024,
OPTIDX,NIFTY,22-Feb-2024,21300,PE,2.45,2.45,0.5,0.75,0.75,601441,6405710.43,3195400,-316100,21-FEB-2024,
OPTIDX,NIFTY,22-Feb-2024,21350,PE,2.95,3,0.5,0.75,0.75,222839,2378948.1,839250,-656350,21-FEB-2024,
OPTIDX,NIFTY,22-Feb-2024,21400,PE,3.5,3.5,0.6,0.9,0.9,810277,8670524.11,3701950,-1538800,21-FEB-2024,
OPTIDX,NIFTY,22-Feb-2024,21450,PE,4.25,4.25,0.65,1.15,1.15,469485,5035567.64,1690150,-31900,21-FEB-2024,
OPTIDX,NIFTY,22-Feb-2024,21500,PE,3.95,4.5,0.9,1.5,1.5,1453952,15631323.67,9843200,4384050,21-FEB-2024,
OPTIDX,NIFTY,22-Feb-2024,21550,PE,4.85,5.1,0.95,1.8,1.8,884623,9532816.58,2215850,632100,21-FEB-2024,
OPTIDX,NIFTY,22-Feb-2024,21600,PE,5.95,6.25,1.35,2.35,2.35,1861260,20104288.09,5210700,1272900,21-FEB-2024,
OPTIDX,NIFTY,22-Feb-2024,21650,PE,7.7,7.85,1.95,3.3,3.3,1213580,13139412.91,2402500,999450,21-FEB-2024,
OPTIDX,NIFTY,22-Feb-2024,21700,PE,9,10.3,2.95,5.1,5.1,2591148,28120986.32,6442250,1783000,21-FEB-2024,
OPTIDX,NIFTY,22-Feb-2024,21750,PE,12.35,15.95,3.5,7.6,7.6,1762241,19171256.92,3695500,1280250,21-FEB-2024,
OPTIDX,NIFTY,22-Feb-2024,21800,PE,13.25,24.1,4.6,12.35,12.35,2709827,29553188.47,6853100,1817800,21-FEB-2024,
OPTIDX,NIFTY,22-Feb-2024,21850,PE,19.75,35.95,6,20,20,1677872,18345105.46,2787450,452950,21-FEB-2024,
OPTIDX,NIFTY,22-Feb-2024,21900,PE,20,51.7,8.2,31.05,31.05,2823979,30958180.83,6472200,1909750,21-FEB-2024,
OPTIDX,NIFTY,22-Feb-2024,21950,PE,32.2,72.45,10.9,47.25,47.25,1889075,20767025.17,2538350,304300,21-FEB-2024,
OPTIDX,NIFTY,22-Feb-2024,22000,PE,42.2,98.8,15.2,68.5,68.5,4199956,46305940.59,7472050,-1071500,21-FEB-2024,
OPTIDX,NIFTY,22-Feb-2024,22050,PE,50,129.75,20.65,92,92,2123924,23487618.22,1899800,-463950,21-FEB-2024,
OPTIDX,NIFTY,22-Feb-2024,22100,PE,53.35,164.75,29,122.05,122.05,3748315,41561078.37,3209400,-3150750,21-FEB-2024,
OPTIDX,NIFTY,22-Feb-2024,22150,PE,84.2,204.6,41.6,156.85,156.85,2289364,25455784.42,1268500,-1427950,21-FEB-2024,
OPTIDX,NIFTY,22-Feb-2024,22200,PE,99.2,247,58,196.9,196.9,4298621,47941759.11,2792300,-484350,21-FEB-2024,
OPTIDX,NIFTY,22-Feb-2024,22250,PE,118.5,291.95,79.05,241.05,241.05,1492053,16691886.89,753100,202000,21-FEB-2024,
OPTIDX,NIFTY,22-Feb-2024,22300,PE,147.95,338.05,105.3,286.5,286.5,1093715,12284423.18,1007650,-13150,21-FEB-2024,
OPTIDX,NIFTY,22-Feb-2024,22350,PE,180.7,386.75,136.65,340.65,340.65,246370,2777121.39,207600,-96750,21-FEB-2024,
OPTIDX,NIFTY,22-Feb-2024,22400,PE,208.05,434.7,174.1,384.25,384.25,223549,2530153.65,220250,-108800,21-FEB-2024,
OPTIDX,NIFTY,22-Feb-2024,22450,PE,286,481.85,215.8,435.55,435.55,27431,311879.93,73700,12450,21-FEB-2024,
OPTIDX,NIFTY,22-Feb-2024,22500,PE,293.05,533,261,488.1,488.1,54345,620485.16,245650,39150,21-FEB-2024,
OPTIDX,NIFTY,22-Feb-2024,22550,PE,341.35,582.05,309.45,535.05,535.05,3008,34480.06,6400,-2050,21-FEB-2024,
OPTIDX,NIFTY,22-Feb-2024,22600,PE,400.75,631.95,357.55,565.05,565.05,6983,80461.62,40800,-19750,21-FEB-2024,
OPTIDX,NIFTY,22-Feb-2024,22650,PE,447.1,676.1,407.3,623.4,623.4,593,6866.38,1250,-500,21-FEB-2024,
OPTIDX,NIFTY,22-Feb-2024,22700,PE,500,730.05,458.35,668.7,668.7,1723,20027.17,10350,-2500,21-FEB-2024,
OPTIDX,NIFTY,22-Feb-2024,22750,PE,587.05,775.1,515.85,722.7,722.7,69,805.56,1750,-1050,21-FEB-2024,
OPTIDX,NIFTY,22-Feb-2024,22800,PE,600,822.35,560,778.5,778.5,781,9145.15,4950,-5750,21-FEB-2024,
OPTIDX,NIFTY,22-Feb-2024,22850,PE,610.6,872,610.6,835.8,835.8,5,59.1,400,100,21-FEB-2024,
OPTIDX,NIFTY,22-Feb-2024,22900,PE,704.15,918.75,669.85,913.35,913.35,24,283.51,450,150,21-FEB-2024,
OPTIDX,NIFTY,22-Feb-2024,22950,PE,744.55,900.05,725,900.05,900.05,25,296.56,750,300,21-FEB-2024,
OPTIDX,NIFTY,22-Feb-2024,23000,PE,790,1028.7,753.6,984,984,475,5661.79,13300,-2150,21-FEB-2024,
OPTIDX,NIFTY,22-Feb-2024,23050,PE,856.65,856.65,821.55,821.55,990.7,2,23.88,100,50,21-FEB-2024,
OPTIDX,NIFTY,22-Feb-2024,23100,PE,890,1100,869.65,1078.5,1040.7,14,168.9,1200,150,21-FEB-2024,
OPTIDX,NIFTY,22-Feb-2024,23150,PE,0,0,0,1008.05,1090.65,0,0,100,0,21-FEB-2024,
OPTIDX,NIFTY,22-Feb-2024,23200,PE,0,0,0,1073.5,1140.65,0,0,100,0,21-FEB-2024,
OPTIDX,NIFTY,22-Feb-2024,23250,PE,1044.45,1077.55,1022.4,1077.55,1190.65,6,72.9,150,150,21-FEB-2024,
OPTIDX,NIFTY,22-Feb-2024,23300,PE,0,0,0,1189.7,1240.65,0,0,100,0,21-FEB-2024,
OPTIDX,NIFTY,22-Feb-2024,23350,PE,0,0,0,1154.3,1290.65,0,0,100,0,21-FEB-2024,
OPTIDX,NIFTY,22-Feb-2024,23400,PE,0,0,0,1188.3,1340.6,0,0,12100,0,21-FEB-2024,
OPTIDX,NIFTY,22-Feb-2024,23450,PE,0,0,0,1282.5,1390.6,0,0,750,0,21-FEB-2024,
OPTIDX,NIFTY,22-Feb-2024,23500,PE,1294.85,1509.7,1268.4,1482.3,1482.3,123,1526.27,1650,-100,21-FEB-2024,
OPTIDX,NIFTY,22-Feb-2024,23550,PE,0,0,0,1935.05,1490.6,0,0,0,0,21-FEB-2024,
OPTIDX,NIFTY,22-Feb-2024,23600,PE,0,0,0,1432,1540.6,0,0,100,0,21-FEB-2024,
OPTIDX,NIFTY,22-Feb-2024,23650,PE,0,0,0,1430.9,1590.6,0,0,50,0,21-FEB-2024,
OPTIDX,NIFTY,22-Feb-2024,23700,PE,1504,1504,1504,1504,1640.55,2,25.2,400,-50,21-FEB-2024,
OPTIDX,NIFTY,22-Feb-2024,23750,PE,0,0,0,1590,1690.55,0,0,50,0,21-FEB-2024,
OPTIDX,NIFTY,22-Feb-2024,23800,PE,1529.7,1529.7,1529.7,1529.7,1740.55,2,25.32,100,100,21-FEB-2024,
OPTIDX,NIFTY,22-Feb-2024,23850,PE,0,0,0,2226.6,1790.55,0,0,0,0,21-FEB-2024,
OPTIDX,NIFTY,22-Feb-2024,23900,PE,0,0,0,2275.55,1840.55,0,0,0,0,21-FEB-2024,
OPTIDX,NIFTY,22-Feb-2024,23950,PE,0,0,0,2324.55,1890.5,0,0,0,0,21-FEB-2024,
OPTIDX,NIFTY,29-Feb-2024,18650,CE,0,0,0,3507.6,3432.6,0,0,32850,0,21-FEB-2024,
OPTIDX,NIFTY,29-Feb-2024,18700,CE,3550,3550,3330,3342,3342,29,321.21,69950,-1450,21-FEB-2024,
OPTIDX,NIFTY,29-Feb-2024,18750,CE,0,0,0,3076,3332.75,0,0,1150,0,21-FEB-2024,
OPTIDX,NIFTY,29-Feb-2024,18800,CE,0,0,0,2950,3282.85,0,0,11250,0,21-FEB-2024,
OPTIDX,NIFTY,29-Feb-2024,18850,CE,0,0,0,1710.25,3232.9,0,0,0,0,21-FEB-2024,
OPTIDX,NIFTY,29-Feb-2024,18900,CE,0,0,0,3245.5,3183,0,0,2400,0,21-FEB-2024,
OPTIDX,NIFTY,29-Feb-2024,18950,CE,0,0,0,2410,3133.05,0,0,200,0,21-FEB-2024,
OPTIDX,NIFTY,29-Feb-2024,19000,CE,3255.8,3263,3020.4,3080.25,3080.25,851,9418.56,528500,-39850,21-FEB-2024,
OPTIDX,NIFTY,29-Feb-2024,19050,CE,0,0,0,2476.45,3033.2,0,0,100,0,21-FEB-2024,
OPTIDX,NIFTY,29-Feb-2024,19100,CE,0,0,0,3090,2983.3,0,0,2100,0,21-FEB-2024,
OPTIDX,NIFTY,29-Feb-2024,19150,CE,0,0,0,2340,2933.35,0,0,200,0,21-FEB-2024,
OPTIDX,NIFTY,29-Feb-2024,19200,CE,2850,2850,2850,2850,2883.45,2,22.05,3450,-100,21-FEB-2024,
OPTIDX,NIFTY,29-Feb-2024,19250,CE,0,0,0,2660,2833.5,0,0,100,0,21-FEB-2024,
OPTIDX,NIFTY,29-Feb-2024,19300,CE,2880,2880,2860,2860,2783.6,6,66.51,5700,-300,21-FEB-2024,
OPTIDX,NIFTY,29-Feb-2024,19350,CE,0,0,0,2740,2733.65,0,0,9100,0,21-FEB-2024,
OPTIDX,NIFTY,29-Feb-2024,19400,CE,0,0,0,2690,2683.75,0,0,8350,0,21-FEB-2024,
OPTIDX,NIFTY,29-Feb-2024,19450,CE,0,0,0,1231.75,2633.8,0,0,0,0,21-FEB-2024,
OPTIDX,NIFTY,29-Feb-2024,19500,CE,2740.05,2759,2538,2553.6,2553.6,143,1586.84,132000,-5800,21-FEB-2024,
OPTIDX,NIFTY,29-Feb-2024,19550,CE,0,0,0,1159.6,2533.95,0,0,0,0,21-FEB-2024,
OPTIDX,NIFTY,29-Feb-2024,19600,CE,2600,2620.1,2555.6,2555.6,2484,35,388.5,13000,-1750,21-FEB-2024,
OPTIDX,NIFTY,29-Feb-2024,19650,CE,0,0,0,2456.7,2434.1,0,0,200,0,21-FEB-2024,
OPTIDX,NIFTY,29-Feb-2024,19700,CE,2565.2,2565.2,2333,2333,2333,14,155.12,20650,-600,21-FEB-2024,
OPTIDX,NIFTY,29-Feb-2024,19750,CE,0,0,0,1930.05,2334.25,0,0,300,0,21-FEB-2024,
OPTIDX,NIFTY,29-Feb-2024,19800,CE,2450.9,2450.9,2345.4,2345.4,2284.3,28,310.43,11050,-1400,21-FEB-2024,
OPTIDX,NIFTY,29-Feb-2024,19850,CE,0,0,0,2110,2234.4,0,0,250,0,21-FEB-2024,
OPTIDX,NIFTY,29-Feb-2024,19900,CE,0,0,0,2235,2184.45,0,0,9900,0,21-FEB-2024,
OPTIDX,NIFTY,29-Feb-2024,19950,CE,0,0,0,2140,2134.55,0,0,1850,0,21-FEB-2024,
OPTIDX,NIFTY,29-Feb-2024,20000,CE,2244.35,2270,2027,2071.7,2071.7,765,8474.54,627200,-3850,21-FEB-2024,
OPTIDX,NIFTY,29-Feb-2024,20050,CE,0,0,0,2032.8,2034.7,0,0,100,0,21-FEB-2024,
OPTIDX,NIFTY,29-Feb-2024,20100,CE,2120,2140,2120,2131,1984.75,3,33.34,11400,50,21-FEB-2024,
OPTIDX,NIFTY,29-Feb-2024,20150,CE,0,0,0,1820,1934.85,0,0,250,0,21-FEB-2024,
OPTIDX,NIFTY,29-Feb-2024,20200,CE,2000,2000,1824.65,1845.2,1845.2,146,1617.17,16500,-7200,21-FEB-2024,
OPTIDX,NIFTY,29-Feb-2024,20250,CE,1964.9,1964.9,1825,1832.15,1832.15,30,331.34,1650,1100,21-FEB-2024,
OPTIDX,NIFTY,29-Feb-2024,20300,CE,1800,1800,1734.55,1773.6,1773.6,78,860.29,19450,3350,21-FEB-2024,
OPTIDX,NIFTY,29-Feb-2024,20350,CE,1705,1705,1675,1689.3,1689.3,38,418.82,2100,1850,21-FEB-2024,
OPTIDX,NIFTY,29-Feb-2024,20400,CE,1850,1852,1621.2,1666.7,1666.7,24,265.21,42450,800,21-FEB-2024,
OPTIDX,NIFTY,29-Feb-2024,20450,CE,0,0,0,1403,1635.3,0,0,1000,0,21-FEB-2024,
OPTIDX,NIFTY,29-Feb-2024,20500,CE,1740,1770,1530.35,1573.25,1573.25,506,5612.65,272050,-10650,21-FEB-2024,
OPTIDX,NIFTY,29-Feb-2024,20550,CE,1670,1670,1670,1670,1535.45,1,11.11,1300,0,21-FEB-2024,
OPTIDX,NIFTY,29-Feb-2024,20600,CE,1628.65,1640.9,1435,1438,1438,26,288.33,18050,-500,21-FEB-2024,
OPTIDX,NIFTY,29-Feb-2024,20650,CE,0,0,0,1580,1435.6,0,0,1400,0,21-FEB-2024,
OPTIDX,NIFTY,29-Feb-2024,20700,CE,1535,1575.4,1394.9,1394.9,1385.65,52,577.84,59550,100,21-FEB-2024,
OPTIDX,NIFTY,29-Feb-2024,20750,CE,1490,1490,1290,1290,1290,18,199.95,2300,350,21-FEB-2024,
OPTIDX,NIFTY,29-Feb-2024,20800,CE,1446,1446,1230,1255.45,1255.45,188,2074.58,84150,-400,21-FEB-2024,
OPTIDX,NIFTY,29-Feb-2024,20850,CE,1240,1240,1210,1223.05,1223.05,94,1037.67,6050,1200,21-FEB-2024,
OPTIDX,NIFTY,29-Feb-2024,20900,CE,1330,1362.65,1152.15,1184.5,1184.5,51,563.64,97600,-200,21-FEB-2024,
OPTIDX,NIFTY,29-Feb-2024,20950,CE,1277.85,1302.1,1209.4,1209.4,1136.25,8,88.85,5200,-150,21-FEB-2024,
OPTIDX,NIFTY,29-Feb-2024,21000,CE,1250,1275,1031.25,1084.55,1084.55,2639,29252.62,502450,-22400,21-FEB-2024,
OPTIDX,NIFTY,29-Feb-2024,21050,CE,1027.7,1040,999.2,1015.25,1015.25,4,44.13,8500,50,21-FEB-2024,
OPTIDX,NIFTY,29-Feb-2024,21100,CE,1150,1170,948.3,975.15,975.15,109,1208.7,81550,-950,21-FEB-2024,
OPTIDX,NIFTY,29-Feb-2024,21150,CE,1139.75,1145.7,902.05,921.35,921.35,27,299.39,13200,-600,21-FEB-2024,
OPTIDX,NIFTY,29-Feb-2024,21200,CE,1044,1079.45,845.3,869.9,869.9,333,3691.47,128500,2450,21-FEB-2024,
OPTIDX,NIFTY,29-Feb-2024,21250,CE,1004.05,1019.8,804.15,832.55,832.55,33,365.48,12300,-350,21-FEB-2024,
OPTIDX,NIFTY,29-Feb-2024,21300,CE,950,978,750,794.1,794.1,510,5652.02,203650,3900,21-FEB-2024,
OPTIDX,NIFTY,29-Feb-2024,21350,CE,880,881.4,703.6,734.3,734.3,62,685.63,17650,350,21-FEB-2024,
OPTIDX,NIFTY,29-Feb-2024,21400,CE,870,884.2,657.5,693.05,693.05,712,7883.44,174700,-1000,21-FEB-2024,
OPTIDX,NIFTY,29-Feb-2024,21450,CE,835,835,620.3,650,650,107,1186.4,24800,-1000,21-FEB-2024,
OPTIDX,NIFTY,29-Feb-2024,21500,CE,766.9,795.9,566.95,599.95,599.95,7099,78726.73,954600,20300,21-FEB-2024,
OPTIDX,NIFTY,29-Feb-2024,21550,CE,722.4,750,530.6,553.85,553.85,438,4863.23,29950,-50,21-FEB-2024,
OPTIDX,NIFTY,29-Feb-2024,21600,CE,688.65,706.6,483.7,520.45,520.45,3369,37321.88,318200,-6400,21-FEB-2024,
OPTIDX,NIFTY,29-Feb-2024,21650,CE,639.4,660,443,477.55,477.55,511,5673.28,49650,4800,21-FEB-2024,
OPTIDX,NIFTY,29-Feb-2024,21700,CE,582.1,615,403.1,431.45,431.45,6249,69381.99,616100,27550,21-FEB-2024,
OPTIDX,NIFTY,29-Feb-2024,21750,CE,536.85,569.3,365.55,393.15,393.15,1330,14754.42,56350,2650,21-FEB-2024,
OPTIDX,NIFTY,29-Feb-2024,21800,CE,498.05,530,328,370.1,370.1,16351,181623.49,992050,66150,21-FEB-2024,
OPTIDX,NIFTY,29-Feb-2024,21850,CE,461.55,489,294.6,322.75,322.75,3075,34174.04,98850,10100,21-FEB-2024,
OPTIDX,NIFTY,29-Feb-2024,21900,CE,419.6,449,260,288.25,288.25,16247,180660.65,590350,32900,21-FEB-2024,
OPTIDX,NIFTY,29-Feb-2024,21950,CE,385,410,230.2,257.35,257.35,8342,92752.39,128550,26700,21-FEB-2024,
OPTIDX,NIFTY,29-Feb-2024,22000,CE,343.05,373,201,225.5,225.5,182415,2031462.45,3550600,1046400,21-FEB-2024,
OPTIDX,NIFTY,29-Feb-2024,22050,CE,304.15,338,175,199.9,199.9,29235,325585.15,332950,140350,21-FEB-2024,
OPTIDX,NIFTY,29-Feb-2024,22100,CE,278.95,303.9,150.95,173.85,173.85,146288,1632136.99,1566000,597050,21-FEB-2024,
OPTIDX,NIFTY,29-Feb-2024,22150,CE,250,271.8,129.75,150.35,150.35,69770,779573.14,922850,576250,21-FEB-2024,
OPTIDX,NIFTY,29-Feb-2024,22200,CE,231.75,241.95,110,127.5,127.5,309951,3468298.2,2504600,1081200,21-FEB-2024,
OPTIDX,NIFTY,29-Feb-2024,22250,CE,199.55,213,91.65,108,108,70232,786980.56,458250,254450,21-FEB-2024,
OPTIDX,NIFTY,29-Feb-2024,22300,CE,172.15,186.2,75.4,88.55,88.55,158141,1773667.15,1541150,429650,21-FEB-2024,
OPTIDX,NIFTY,29-Feb-2024,22350,CE,147.15,161.9,62.2,73.4,73.4,41721,468451.68,303750,96400,21-FEB-2024,
OPTIDX,NIFTY,29-Feb-2024,22400,CE,134.15,139.1,50.4,60.45,60.45,167622,1885605.27,1574650,659300,21-FEB-2024,
OPTIDX,NIFTY,29-Feb-2024,22450,CE,106.15,118.2,40.35,49.45,49.45,43779,493030.6,330900,182800,21-FEB-2024,
OPTIDX,NIFTY,29-Feb-2024,22500,CE,88.35,100.35,32.25,38.95,38.95,221479,2498866.29,2749850,156200,21-FEB-2024,
OPTIDX,NIFTY,29-Feb-2024,22550,CE,75,83.8,25.4,31.6,31.6,42603,481430.3,220300,90950,21-FEB-2024,
OPTIDX,NIFTY,29-Feb-2024,22600,CE,64.15,69.35,19.5,24,24,132933,1504895.86,1561600,227600,21-FEB-2024,
OPTIDX,NIFTY,29-Feb-2024,22650,CE,50.5,57.5,15.4,19.25,19.25,35426,401779.24,323850,159500,21-FEB-2024,
OPTIDX,NIFTY,29-Feb-2024,22700,CE,45.35,47.15,11.7,14.65,14.65,127042,1443588.2,1405900,443800,21-FEB-2024,
OPTIDX,NIFTY,29-Feb-2024,22750,CE,30,38,9,11.45,11.45,36761,418533.37,311050,135750,21-FEB-2024,
OPTIDX,NIFTY,29-Feb-2024,22800,CE,26.75,30.5,7,8.8,8.8,131204,1496731.83,2092600,796700,21-FEB-2024,
OPTIDX,NIFTY,29-Feb-2024,22850,CE,22,24.8,5,7,7,36776,420378.44,549550,402850,21-FEB-2024,
OPTIDX,NIFTY,29-Feb-2024,22900,CE,17.9,19.8,4.7,6.05,6.05,66697,764039.46,852400,147250,21-FEB-2024,
OPTIDX,NIFTY,29-Feb-2024,22950,CE,15,16.3,4.3,5.3,5.3,24903,285875.56,238450,15900,21-FEB-2024,
OPTIDX,NIFTY,29-Feb-2024,23000,CE,10.45,13.9,3.95,4.8,4.8,210519,2421816.92,7113050,1026100,21-FEB-2024,
OPTIDX,NIFTY,29-Feb-2024,23050,CE,10.55,10.75,3.15,3.85,3.85,22571,260204.1,287600,60750,21-FEB-2024,
OPTIDX,NIFTY,29-Feb-2024,23100,CE,8.15,8.65,2.85,3.35,3.35,46027,531733.33,644150,127550,21-FEB-2024,
OPTIDX,NIFTY,29-Feb-2024,23150,CE,6.7,6.95,2.45,2.8,2.8,15758,182433.11,160050,65800,21-FEB-2024,
OPTIDX,NIFTY,29-Feb-2024,23200,CE,5.55,5.6,2.1,2.7,2.7,53709,623119.39,1109600,315150,21-FEB-2024,
OPTIDX,NIFTY,29-Feb-2024,23250,CE,4.7,4.8,2,2.4,2.4,7696,89477.83,135750,37600,21-FEB-2024,
OPTIDX,NIFTY,29-Feb-2024,23300,CE,2.1,4,1.9,2.2,2.2,23537,274238.21,419700,-86750,21-FEB-2024,
OPTIDX,NIFTY,29-Feb-2024,23350,CE,3.6,3.6,1.75,2.1,2.1,5090,59432.66,129600,42850,21-FEB-2024,
OPTIDX,NIFTY,29-Feb-2024,23400,CE,2.9,3.15,1.75,2.15,2.15,18346,214670.48,343400,10700,21-FEB-2024,
OPTIDX,NIFTY,29-Feb-2024,23450,CE,4,4,1.75,2.05,2.05,3296,38649.67,80700,-13100,21-FEB-2024,
OPTIDX,NIFTY,29-Feb-2024,23500,CE,2.55,2.9,1.7,2.05,2.05,32931,386976.79,1341450,331850,21-FEB-2024,
OPTIDX,NIFTY,29-Feb-2024,23550,CE,3.15,3.15,1.4,1.85,1.85,1674,19713.02,73150,22900,21-FEB-2024,
OPTIDX,NIFTY,29-Feb-2024,23600,CE,2.2,2.9,1.25,1.6,1.6,11040,130282.45,312600,137500,21-FEB-2024,
OPTIDX,NIFTY,29-Feb-2024,23650,CE,2.25,2.65,1.4,1.7,1.7,1093,12925.82,28050,2000,21-FEB-2024,
OPTIDX,NIFTY,29-Feb-2024,23700,CE,2.2,2.25,1.35,1.5,1.5,6478,76770.11,212050,96950,21-FEB-2024,
OPTIDX,NIFTY,29-Feb-2024,23750,CE,2.15,2.25,1.45,1.7,1.7,790,9382.02,36650,-2400,21-FEB-2024,
OPTIDX,NIFTY,29-Feb-2024,23800,CE,1.8,2.1,1.25,1.5,1.5,6039,71869.63,348200,30800,21-FEB-2024,
OPTIDX,NIFTY,29-Feb-2024,23850,CE,1.4,2.3,1.25,1.45,1.45,14610,174237.76,322150,-113700,21-FEB-2024,
OPTIDX,NIFTY,29-Feb-2024,23900,CE,1.7,2.8,1.25,1.7,1.7,1473,17603.67,41350,41350,21-FEB-2024,
OPTIDX,NIFTY,29-Feb-2024,23950,CE,1.65,1.95,1.25,1.6,1.6,1713,20514.57,43500,43500,21-FEB-2024,
OPTIDX,NIFTY,29-Feb-2024,18650,PE,1.25,1.25,0.9,1.05,1.05,483,4504.23,63600,8900,21-FEB-2024,
OPTIDX,NIFTY,29-Feb-2024,18700,PE,1.4,1.4,0.85,1.1,1.1,363,3394.26,65500,1550,21-FEB-2024,
OPTIDX,NIFTY,29-Feb-2024,18750,PE,2,2,1.15,1.15,0.05,10,93.75,950,100,21-FEB-2024,
OPTIDX,NIFTY,29-Feb-2024,18800,PE,1.5,1.5,1.05,1.1,1.1,47,441.82,9500,850,21-FEB-2024,
OPTIDX,NIFTY,29-Feb-2024,18850,PE,1.6,2.2,1.35,1.35,0.05,16,150.81,2700,300,21-FEB-2024,
OPTIDX,NIFTY,29-Feb-2024,18900,PE,1.55,1.55,1.1,1.1,1.1,73,689.89,6550,1200,21-FEB-2024,
OPTIDX,NIFTY,29-Feb-2024,18950,PE,1.8,1.8,1,1,1,116,1099.17,2000,1300,21-FEB-2024,
OPTIDX,NIFTY,29-Feb-2024,19000,PE,1.6,1.6,1.2,1.3,1.3,3544,33670.41,898800,7500,21-FEB-2024,
OPTIDX,NIFTY,29-Feb-2024,19050,PE,0,0,0,119.05,0.05,0,0,0,0,21-FEB-2024,
OPTIDX,NIFTY,29-Feb-2024,19100,PE,2,2,1.1,1.3,1.3,113,1079.22,6350,1350,21-FEB-2024,
OPTIDX,NIFTY,29-Feb-2024,19150,PE,0,0,0,136.4,0.05,0,0,0,0,21-FEB-2024,
OPTIDX,NIFTY,29-Feb-2024,19200,PE,2,2,1.25,1.35,1.35,208,1996.94,23950,4050,21-FEB-2024,
OPTIDX,NIFTY,29-Feb-2024,19250,PE,0,0,0,4.9,0.05,0,0,1700,0,21-FEB-2024,
OPTIDX,NIFTY,29-Feb-2024,19300,PE,2.1,2.1,1.3,1.6,1.6,205,1978.42,50700,-3900,21-FEB-2024,
OPTIDX,NIFTY,29-Feb-2024,19350,PE,2.05,2.5,1.3,1.3,1.3,51,493.46,4150,-300,21-FEB-2024,
OPTIDX,NIFTY,29-Feb-2024,19400,PE,1.65,4.7,1.4,1.55,1.55,876,8498.07,28250,10550,21-FEB-2024,
OPTIDX,NIFTY,29-Feb-2024,19450,PE,2.1,2.1,1.4,1.5,1.5,68,661.35,5050,-400,21-FEB-2024,
OPTIDX,NIFTY,29-Feb-2024,19500,PE,2.2,2.35,1.55,1.65,1.65,4049,39481.52,764250,41100,21-FEB-2024,
OPTIDX,NIFTY,29-Feb-2024,19550,PE,2.25,2.6,1.4,1.6,1.6,394,3851.67,15600,10050,21-FEB-2024,
OPTIDX,NIFTY,29-Feb-2024,19600,PE,2.25,2.6,1.3,1.4,1.4,630,6174.53,41100,3350,21-FEB-2024,
OPTIDX,NIFTY,29-Feb-2024,19650,PE,1.7,2,1.45,1.7,0.05,14,137.56,8500,-100,21-FEB-2024,
OPTIDX,NIFTY,29-Feb-2024,19700,PE,2.6,2.6,1.5,1.5,1.5,1011,9959.32,77750,11650,21-FEB-2024,
OPTIDX,NIFTY,29-Feb-2024,19750,PE,1.95,2.1,1.3,1.55,1.55,28,276.52,7200,-200,21-FEB-2024,
OPTIDX,NIFTY,29-Feb-2024,19800,PE,2.55,2.55,1.45,1.55,1.55,1265,12524.71,175400,-13900,21-FEB-2024,
OPTIDX,NIFTY,29-Feb-2024,19850,PE,2.35,2.35,1.45,1.55,1.55,76,754.37,11900,600,21-FEB-2024,
OPTIDX,NIFTY,29-Feb-2024,19900,PE,2.4,2.45,1.65,1.7,1.7,1118,11125.23,70900,-16800,21-FEB-2024,
OPTIDX,NIFTY,29-Feb-2024,19950,PE,2.15,2.5,1.65,1.75,1.75,584,5826.03,18400,-13500,21-FEB-2024,
OPTIDX,NIFTY,29-Feb-2024,20000,PE,2.75,2.8,1.75,1.9,1.9,9225,92260.36,1683600,8300,21-FEB-2024,
OPTIDX,NIFTY,29-Feb-2024,20050,PE,2.55,2.75,1.8,1.9,1.9,248,2486.47,20700,-1400,21-FEB-2024,
OPTIDX,NIFTY,29-Feb-2024,20100,PE,2.65,4.4,1.7,2,2,1494,15016.38,130650,-200,21-FEB-2024,
OPTIDX,NIFTY,29-Feb-2024,20150,PE,2.6,3,2,2.05,2.05,217,2186.53,12400,1550,21-FEB-2024,
OPTIDX,NIFTY,29-Feb-2024,20200,PE,2.8,2.95,1.8,2,2,10576,106830.84,300200,13650,21-FEB-2024,
OPTIDX,NIFTY,29-Feb-2024,20250,PE,2.75,3,1.95,2.05,2.05,404,4090.98,12200,-950,21-FEB-2024,
OPTIDX,NIFTY,29-Feb-2024,20300,PE,2.8,3.85,2,2.1,2.1,10460,106182.96,306950,13750,21-FEB-2024,
OPTIDX,NIFTY,29-Feb-2024,20350,PE,2.75,2.9,1.95,2.2,2.2,321,3266.57,11800,1500,21-FEB-2024,
OPTIDX,NIFTY,29-Feb-2024,20400,PE,2.95,3.2,2.1,2.3,2.3,8371,85395.94,233000,-157900,21-FEB-2024,
OPTIDX,NIFTY,29-Feb-2024,20450,PE,3.05,3.2,2,2.25,2.25,680,6953.92,37800,-650,21-FEB-2024,
OPTIDX,NIFTY,29-Feb-2024,20500,PE,3,3.5,2.25,2.5,2.5,37267,382041.54,1582800,-233450,21-FEB-2024,
OPTIDX,NIFTY,29-Feb-2024,20550,PE,3.5,3.65,2.2,2.55,2.55,1140,11715.22,39550,-600,21-FEB-2024,
OPTIDX,NIFTY,29-Feb-2024,20600,PE,3.45,3.55,2.45,2.7,2.7,18473,190299.71,471850,-166400,21-FEB-2024,
OPTIDX,NIFTY,29-Feb-2024,20650,PE,4.15,4.25,2.95,3.15,3.15,2186,22574.2,79750,9500,21-FEB-2024,
OPTIDX,NIFTY,29-Feb-2024,20700,PE,4.75,4.75,3.15,3.5,3.5,21970,227430.29,591950,116250,21-FEB-2024,
OPTIDX,NIFTY,29-Feb-2024,20750,PE,5.4,5.4,3.55,3.95,3.95,3205,33258.64,88050,9900,21-FEB-2024,
OPTIDX,NIFTY,29-Feb-2024,20800,PE,5.1,5.45,3.6,4.1,4.1,30046,312542.11,986950,114700,21-FEB-2024,
OPTIDX,NIFTY,29-Feb-2024,20850,PE,6.2,6.2,4.05,4.85,4.85,9923,103471.84,184700,44050,21-FEB-2024,
OPTIDX,NIFTY,29-Feb-2024,20900,PE,6.45,7,4.55,5.6,5.6,26795,280084.64,639500,-27200,21-FEB-2024,
OPTIDX,NIFTY,29-Feb-2024,20950,PE,7.15,8.15,4.9,6.6,6.6,13984,146528.17,253700,-19350,21-FEB-2024,
OPTIDX,NIFTY,29-Feb-2024,21000,PE,8.95,9.9,5.8,7.85,7.85,107579,1129996.08,4006500,-97750,21-FEB-2024,
OPTIDX,NIFTY,29-Feb-2024,21050,PE,9.8,10.95,6.25,8.65,8.65,18821,198170.2,290000,130750,21-FEB-2024,
OPTIDX,NIFTY,29-Feb-2024,21100,PE,11.45,18.65,6.55,10.7,10.7,45939,484879.96,921950,158000,21-FEB-2024,
OPTIDX,NIFTY,29-Feb-2024,21150,PE,11.65,14.75,7,11.7,11.7,14251,150781.91,179600,64200,21-FEB-2024,
OPTIDX,NIFTY,29-Feb-2024,21200,PE,13.55,17.4,8.25,13.9,13.9,78258,830040.55,1690200,221200,21-FEB-2024,
OPTIDX,NIFTY,29-Feb-2024,21250,PE,14.65,19.9,9.25,16,16,19613,208527.36,236350,65850,21-FEB-2024,
OPTIDX,NIFTY,29-Feb-2024,21300,PE,17,23.7,10.4,19.05,19.05,83395,888843.6,2023250,278100,21-FEB-2024,
OPTIDX,NIFTY,29-Feb-2024,21350,PE,19.85,27.15,11.95,21.8,21.8,26351,281532.36,313000,146750,21-FEB-2024,
OPTIDX,NIFTY,29-Feb-2024,21400,PE,22.15,32.2,14.35,26.25,26.25,69415,743511.68,1336550,177450,21-FEB-2024,
OPTIDX,NIFTY,29-Feb-2024,21450,PE,27.75,37.7,16.85,30.95,30.95,20871,224115.78,327150,18750,21-FEB-2024,
OPTIDX,NIFTY,29-Feb-2024,21500,PE,28,44.35,19.45,36.35,36.35,142621,1535379,3419750,255450,21-FEB-2024,
OPTIDX,NIFTY,29-Feb-2024,21550,PE,34.4,51,22.3,41.75,41.75,21940,236800.51,307350,60200,21-FEB-2024,
OPTIDX,NIFTY,29-Feb-2024,21600,PE,31.95,59.4,26,48.2,48.2,99241,1073850.11,1639900,59950,21-FEB-2024,
OPTIDX,NIFTY,29-Feb-2024,21650,PE,40.35,68.75,30.2,58.15,58.15,26537,287904.47,305450,103300,21-FEB-2024,
OPTIDX,NIFTY,29-Feb-2024,21700,PE,46.35,79.4,35.2,66.85,66.85,98108,1067182.52,1736950,194250,21-FEB-2024,
OPTIDX,NIFTY,29-Feb-2024,21750,PE,54.45,91,40.8,77.75,77.75,48710,531305.94,334800,-13750,21-FEB-2024,
OPTIDX,NIFTY,29-Feb-2024,21800,PE,60,105.6,47.5,89.5,89.5,154729,1692339.13,1939650,106700,21-FEB-2024,
OPTIDX,NIFTY,29-Feb-2024,21850,PE,74.95,121,54.85,102.55,102.55,36575,401138.09,249350,-31750,21-FEB-2024,
OPTIDX,NIFTY,29-Feb-2024,21900,PE,82.25,138.45,63.7,119.4,119.4,136757,1504095.83,1584250,134450,21-FEB-2024,
OPTIDX,NIFTY,29-Feb-2024,21950,PE,100.05,157.9,74.05,136.7,136.7,43163,476145.03,219250,-7900,21-FEB-2024,
OPTIDX,NIFTY,29-Feb-2024,22000,PE,113.9,180,85.45,156.3,156.3,359358,3976387.51,4313450,129700,21-FEB-2024,
OPTIDX,NIFTY,29-Feb-2024,22050,PE,140,203.05,99.45,176.4,176.4,43476,482635.97,282150,69400,21-FEB-2024,
OPTIDX,NIFTY,29-Feb-2024,22100,PE,129.3,229.1,114.7,200.25,200.25,203342,2263631.63,1606550,114150,21-FEB-2024,
OPTIDX,NIFTY,29-Feb-2024,22150,PE,165,256.85,132.65,224.75,224.75,57951,647067.3,245250,1400,21-FEB-2024,
OPTIDX,NIFTY,29-Feb-2024,22200,PE,172.65,286.4,151.2,253.2,253.2,287582,3220946.46,1260050,498200,21-FEB-2024,
OPTIDX,NIFTY,29-Feb-2024,22250,PE,202.25,318.9,173.15,282.15,282.15,52315,587567.3,169950,87350,21-FEB-2024,
OPTIDX,NIFTY,29-Feb-2024,22300,PE,222.75,352.5,196.05,319.75,319.75,74261,837191.57,366950,26450,21-FEB-2024,
OPTIDX,NIFTY,29-Feb-2024,22350,PE,261.05,387.15,221.6,351.9,351.9,8291,93853.18,73350,19150,21-FEB-2024,
OPTIDX,NIFTY,29-Feb-2024,22400,PE,276.7,426.65,249.75,390.55,390.55,21825,247847.71,179500,12100,21-FEB-2024,
OPTIDX,NIFTY,29-Feb-2024,22450,PE,320,463,281.1,435.1,435.1,2344,26702.71,33750,9600,21-FEB-2024,
OPTIDX,NIFTY,29-Feb-2024,22500,PE,357.15,508.2,313.45,461.6,461.6,22137,253392.49,624200,7700,21-FEB-2024,
OPTIDX,NIFTY,29-Feb-2024,22550,PE,384.25,547.35,346.85,514.35,514.35,1637,18803.45,21150,-100,21-FEB-2024,
OPTIDX,NIFTY,29-Feb-2024,22600,PE,430,593.6,382.9,551.7,551.7,1990,22931.83,26500,100,21-FEB-2024,
OPTIDX,NIFTY,29-Feb-2024,22650,PE,460,629.35,424,592.5,592.5,456,5277.16,7700,1300,21-FEB-2024,
OPTIDX,NIFTY,29-Feb-2024,22700,PE,507.35,681.2,463.1,643.3,643.3,2520,29254.08,70950,24900,21-FEB-2024,
OPTIDX,NIFTY,29-Feb-2024,22750,PE,536.3,731.2,519.1,716.2,716.2,102,1193.64,5550,-1050,21-FEB-2024,
OPTIDX,NIFTY,29-Feb-2024,22800,PE,595.95,770,551.1,730.9,730.9,914,10692.61,35500,14900,21-FEB-2024,
OPTIDX,NIFTY,29-Feb-2024,22850,PE,625.15,738.85,625.15,738.85,766.3,2,23.53,3350,50,21-FEB-2024,
OPTIDX,NIFTY,29-Feb-2024,22900,PE,679.7,864,648.6,820.15,820.15,111,1310.57,9350,1050,21-FEB-2024,
OPTIDX,NIFTY,29-Feb-2024,22950,PE,862.05,862.05,862.05,862.05,863.75,1,11.9,2000,0,21-FEB-2024,
OPTIDX,NIFTY,29-Feb-2024,23000,PE,765,978.9,738.2,920.5,920.5,3260,38844.03,596350,-19450,21-FEB-2024,
OPTIDX,NIFTY,29-Feb-2024,23050,PE,0,0,0,931.7,962.25,0,0,1050,0,21-FEB-2024,
OPTIDX,NIFTY,29-Feb-2024,23100,PE,876.3,1034.6,850,1008.2,1008.2,17,203.98,2500,-100,21-FEB-2024,
OPTIDX,NIFTY,29-Feb-2024,23150,PE,0,0,0,994.3,1061.4,0,0,350,0,21-FEB-2024,
OPTIDX,NIFTY,29-Feb-2024,23200,PE,0,0,0,979.6,1111.1,0,0,3800,0,21-FEB-2024,
OPTIDX,NIFTY,29-Feb-2024,23250,PE,0,0,0,1070,1160.9,0,0,300,0,21-FEB-2024,
OPTIDX,NIFTY,29-Feb-2024,23300,PE,1058,1210.45,1058,1210.45,1210.7,8,97.56,2850,0,21-FEB-2024,
OPTIDX,NIFTY,29-Feb-2024,23350,PE,0,0,0,1496.75,1260.55,0,0,200,0,21-FEB-2024,
OPTIDX,NIFTY,29-Feb-2024,23400,PE,0,0,0,1433.25,1310.45,0,0,1900,0,21-FEB-2024,
OPTIDX,NIFTY,29-Feb-2024,23450,PE,0,0,0,2407.4,1360.35,0,0,0,0,21-FEB-2024,
OPTIDX,NIFTY,29-Feb-2024,23500,PE,1260,1468.15,1226.95,1427.9,1427.9,358,4443.49,136000,300,21-FEB-2024,
OPTIDX,NIFTY,29-Feb-2024,23550,PE,0,0,0,1866.75,1460.15,0,0,50,0,21-FEB-2024,
OPTIDX,NIFTY,29-Feb-2024,23600,PE,0,0,0,1624.85,1510.1,0,0,950,0,21-FEB-2024,
OPTIDX,NIFTY,29-Feb-2024,23650,PE,0,0,0,1632.85,1560,0,0,1000,0,21-FEB-2024,
OPTIDX,NIFTY,29-Feb-2024,23700,PE,1469.35,1619.3,1465,1619.3,1619.3,16,201.55,2400,-650,21-FEB-2024,
OPTIDX,NIFTY,29-Feb-2024,23750,PE,0,0,0,1628.35,1659.85,0,0,1250,0,21-FEB-2024,
OPTIDX,NIFTY,29-Feb-2024,23800,PE,1550,1560,1550,1550,1709.75,16,202.82,2750,700,21-FEB-2024,
OPTIDX,NIFTY,29-Feb-2024,23850,PE,0,0,0,1704.75,1759.7,0,0,1950,0,21-FEB-2024,
OPTIDX,NIFTY,29-Feb-2024,23900,PE,0,0,0,2599.2,1809.6,0,0,0,0,21-FEB-2024,
OPTIDX,NIFTY,29-Feb-2024,23950,PE,0,0,0,2645.95,1859.55,0,0,0,0,21-FEB-2024,
OPTIDX,NIFTY,07-Mar-2024,19850,CE,0,0,0,1994.1,2260.05,0,0,0,0,21-FEB-2024,
OPTIDX,NIFTY,07-Mar-2024,19900,CE,0,0,0,2286,2210.2,0,0,100,0,21-FEB-2024,
OPTIDX,NIFTY,07-Mar-2024,19950,CE,0,0,0,2320,2160.3,0,0,400,0,21-FEB-2024,
OPTIDX,NIFTY,07-Mar-2024,20000,CE,0,0,0,2160,2110.45,0,0,400,0,21-FEB-2024,
OPTIDX,NIFTY,07-Mar-2024,20050,CE,0,0,0,2150,2060.6,0,0,350,0,21-FEB-2024,
OPTIDX,NIFTY,07-Mar-2024,20100,CE,0,0,0,2100,2010.75,0,0,100,0,21-FEB-2024,
OPTIDX,NIFTY,07-Mar-2024,20150,CE,0,0,0,1705.45,1960.9,0,0,0,0,21-FEB-2024,
OPTIDX,NIFTY,07-Mar-2024,20200,CE,0,0,0,1658.1,1911,0,0,0,0,21-FEB-2024,
OPTIDX,NIFTY,07-Mar-2024,20250,CE,0,0,0,1611,1861.15,0,0,0,0,21-FEB-2024,
OPTIDX,NIFTY,07-Mar-2024,20300,CE,0,0,0,1564.15,1811.35,0,0,0,0,21-FEB-2024,
OPTIDX,NIFTY,07-Mar-2024,20350,CE,0,0,0,1517.65,1761.5,0,0,0,0,21-FEB-2024,
OPTIDX,NIFTY,07-Mar-2024,20400,CE,1900,1900,1900,1900,1711.65,1,11.15,50,50,21-FEB-2024,
OPTIDX,NIFTY,07-Mar-2024,20450,CE,0,0,0,1425.7,1661.85,0,0,0,0,21-FEB-2024,
OPTIDX,NIFTY,07-Mar-2024,20500,CE,0,0,0,1380.3,1612,0,0,0,0,21-FEB-2024,
OPTIDX,NIFTY,07-Mar-2024,20550,CE,0,0,0,1700,1562.25,0,0,600,0,21-FEB-2024,
OPTIDX,NIFTY,07-Mar-2024,20600,CE,0,0,0,1610,1512.5,0,0,100,0,21-FEB-2024,
OPTIDX,NIFTY,07-Mar-2024,20650,CE,0,0,0,1246.7,1462.75,0,0,0,0,21-FEB-2024,
OPTIDX,NIFTY,07-Mar-2024,20700,CE,0,0,0,1203.15,1413.1,0,0,0,0,21-FEB-2024,
OPTIDX,NIFTY,07-Mar-2024,20750,CE,0,0,0,1160.1,1363.45,0,0,0,0,21-FEB-2024,
OPTIDX,NIFTY,07-Mar-2024,20800,CE,0,0,0,1117.65,1313.95,0,0,0,0,21-FEB-2024,
OPTIDX,NIFTY,07-Mar-2024,20850,CE,0,0,0,1075.8,1264.5,0,0,0,0,21-FEB-2024,
OPTIDX,NIFTY,07-Mar-2024,20900,CE,0,0,0,1034.55,1215.2,0,0,0,0,21-FEB-2024,
OPTIDX,NIFTY,07-Mar-2024,20950,CE,0,0,0,994,1166,0,0,0,0,21-FEB-2024,
OPTIDX,NIFTY,07-Mar-2024,21000,CE,1309.9,1339.9,1120,1146.05,1146.05,40,444.24,2100,1850,21-FEB-2024,
OPTIDX,NIFTY,07-Mar-2024,21050,CE,1091.45,1091.45,1091.45,1091.45,1068.3,1,11.07,50,-50,21-FEB-2024,
OPTIDX,NIFTY,07-Mar-2024,21100,CE,0,0,0,876.45,1019.85,0,0,0,0,21-FEB-2024,
OPTIDX,NIFTY,07-Mar-2024,21150,CE,0,0,0,838.8,971.7,0,0,0,0,21-FEB-2024,
OPTIDX,NIFTY,07-Mar-2024,21200,CE,0,0,0,1020,924,0,0,50,0,21-FEB-2024,
OPTIDX,NIFTY,07-Mar-2024,21250,CE,0,0,0,765.75,876.7,0,0,0,0,21-FEB-2024,
OPTIDX,NIFTY,07-Mar-2024,21300,CE,1060.35,1060.35,937.35,937.35,829.95,2,22.29,1150,0,21-FEB-2024,
OPTIDX,NIFTY,07-Mar-2024,21350,CE,0,0,0,822.45,783.85,0,0,100,0,21-FEB-2024,
OPTIDX,NIFTY,07-Mar-2024,21400,CE,930.75,940,731.35,731.35,731.35,12,133.72,1400,150,21-FEB-2024,
OPTIDX,NIFTY,07-Mar-2024,21450,CE,0,0,0,630.3,693.8,0,0,0,0,21-FEB-2024,
OPTIDX,NIFTY,07-Mar-2024,21500,CE,872,872,672.95,697.3,697.3,721,8040.27,66150,16400,21-FEB-2024,
OPTIDX,NIFTY,07-Mar-2024,21550,CE,820,823.7,820,823.7,607.3,2,22.37,3050,0,21-FEB-2024,
OPTIDX,NIFTY,07-Mar-2024,21600,CE,762.2,762.2,583.05,627.15,627.15,65,722.64,20750,150,21-FEB-2024,
OPTIDX,NIFTY,07-Mar-2024,21650,CE,0,0,0,697.65,525.2,0,0,4150,0,21-FEB-2024,
OPTIDX,NIFTY,07-Mar-2024,21700,CE,689.95,694.25,512.15,546.15,546.15,247,2747.83,70550,700,21-FEB-2024,
OPTIDX,NIFTY,07-Mar-2024,21750,CE,570.6,592.5,474.2,491.4,491.4,84,935.18,5950,2050,21-FEB-2024,
OPTIDX,NIFTY,07-Mar-2024,21800,CE,595.55,625,441.6,468.7,468.7,722,8066.55,180000,-4900,21-FEB-2024,
OPTIDX,NIFTY,07-Mar-2024,21850,CE,588,588,407.25,443.6,443.6,33,368.18,4200,1150,21-FEB-2024,
OPTIDX,NIFTY,07-Mar-2024,21900,CE,527,552,371.95,396.95,396.95,691,7718.94,68800,4850,21-FEB-2024,
OPTIDX,NIFTY,07-Mar-2024,21950,CE,505,519.2,343.9,362.95,362.95,255,2848.35,11550,6100,21-FEB-2024,
OPTIDX,NIFTY,07-Mar-2024,22000,CE,452.95,483.2,310.05,336.7,336.7,7599,84983.97,404900,94650,21-FEB-2024,
OPTIDX,NIFTY,07-Mar-2024,22050,CE,418.4,434.65,246.05,311.3,311.3,868,9709.8,17050,8550,21-FEB-2024,
OPTIDX,NIFTY,07-Mar-2024,22100,CE,397.5,415.95,256.9,276.55,276.55,6067,68000.64,161850,70300,21-FEB-2024,
OPTIDX,NIFTY,07-Mar-2024,22150,CE,320.95,381,233,247.6,247.6,2429,27277.55,32200,16100,21-FEB-2024,
OPTIDX,NIFTY,07-Mar-2024,22200,CE,358,358,208.25,229.45,229.45,8637,97096.59,122250,59450,21-FEB-2024,
OPTIDX,NIFTY,07-Mar-2024,22250,CE,265.15,323.65,186.4,207.8,207.8,3663,41221.43,60350,48600,21-FEB-2024,
OPTIDX,NIFTY,07-Mar-2024,22300,CE,269.85,293,163.65,182.75,182.75,9634,108561.19,159750,93300,21-FEB-2024,
OPTIDX,NIFTY,07-Mar-2024,22350,CE,246,265,145.05,163.15,163.15,990,11158.7,10900,-350,21-FEB-2024,
OPTIDX,NIFTY,07-Mar-2024,22400,CE,226.4,241.95,128,144.4,144.4,4859,54871.29,48700,11800,21-FEB-2024,
OPTIDX,NIFTY,07-Mar-2024,22450,CE,202.8,215.2,111.65,124.35,124.35,802,9064.53,7400,-3300,21-FEB-2024,
OPTIDX,NIFTY,07-Mar-2024,22500,CE,178.1,195,96.55,110.85,110.85,12147,137518.98,152650,-5100,21-FEB-2024,
OPTIDX,NIFTY,07-Mar-2024,22550,CE,158.7,171.75,84,94.85,94.85,1244,14105.28,12200,6000,21-FEB-2024,
OPTIDX,NIFTY,07-Mar-2024,22600,CE,140,153.5,72.35,81.4,81.4,4539,51544.92,68850,38950,21-FEB-2024,
OPTIDX,NIFTY,07-Mar-2024,22650,CE,120.2,130.95,61.55,70.9,70.9,785,8924.36,14300,10250,21-FEB-2024,
OPTIDX,NIFTY,07-Mar-2024,22700,CE,108,116.7,52.5,60.2,60.2,7294,83069.26,93300,32950,21-FEB-2024,
OPTIDX,NIFTY,07-Mar-2024,22750,CE,94,107.2,44.7,50.6,50.6,1200,13690.49,23100,12050,21-FEB-2024,
OPTIDX,NIFTY,07-Mar-2024,22800,CE,80,88,37,41.75,41.75,6662,76137.81,125650,63150,21-FEB-2024,
OPTIDX,NIFTY,07-Mar-2024,22850,CE,68,75,32.95,37.55,37.55,694,7945.77,13050,6400,21-FEB-2024,
OPTIDX,NIFTY,07-Mar-2024,22900,CE,60.05,65.1,21.65,30.55,30.55,3976,45614.07,44600,5950,21-FEB-2024,
OPTIDX,NIFTY,07-Mar-2024,22950,CE,50.8,55.95,23.2,27.05,27.05,1931,22190.86,23800,3400,21-FEB-2024,
OPTIDX,NIFTY,07-Mar-2024,23000,CE,45,47.25,20,22.35,22.35,14185,163353.96,279450,80750,21-FEB-2024,
OPTIDX,NIFTY,07-Mar-2024,23050,CE,37.25,40,16.8,19.8,19.8,1249,14411.89,25750,5650,21-FEB-2024,
OPTIDX,NIFTY,07-Mar-2024,23100,CE,37,37,13.85,15.3,15.3,5602,64773.68,93250,54700,21-FEB-2024,
OPTIDX,NIFTY,07-Mar-2024,23150,CE,27.4,28.9,12,13.45,13.45,386,4471.96,7100,400,21-FEB-2024,
OPTIDX,NIFTY,07-Mar-2024,23200,CE,22.25,28.4,9,11.1,11.1,5788,67190.84,107300,59600,21-FEB-2024,
OPTIDX,NIFTY,07-Mar-2024,23250,CE,17.5,17.5,8.4,10.25,10.25,158,1837.7,7000,2900,21-FEB-2024,
OPTIDX,NIFTY,07-Mar-2024,23300,CE,17.15,20,6.45,7.65,7.65,4789,55817.23,76750,64100,21-FEB-2024,
OPTIDX,NIFTY,07-Mar-2024,23350,CE,9.15,9.15,6,7.95,7.95,131,1529.93,3650,3650,21-FEB-2024,
OPTIDX,NIFTY,07-Mar-2024,23400,CE,12.6,14.2,4.95,5.55,5.55,2411,28218.18,28250,15850,21-FEB-2024,
OPTIDX,NIFTY,07-Mar-2024,23450,CE,12.6,12.6,4.85,5.45,5.45,185,2169.9,10550,3050,21-FEB-2024,
OPTIDX,NIFTY,07-Mar-2024,23500,CE,8.15,8.6,3.8,4.25,4.25,5679,66746.14,402100,34600,21-FEB-2024,
OPTIDX,NIFTY,07-Mar-2024,23550,CE,7.5,7.5,4.25,5.3,5.3,66,777.33,10050,-100,21-FEB-2024,
OPTIDX,NIFTY,07-Mar-2024,23600,CE,6.5,6.5,3.75,4.25,4.25,205,2419.5,9750,3500,21-FEB-2024,
OPTIDX,NIFTY,07-Mar-2024,23650,CE,6.05,6.45,4.75,5.15,0.65,15,177.41,2750,50,21-FEB-2024,
OPTIDX,NIFTY,07-Mar-2024,23700,CE,5.4,6,3.45,3.75,3.75,352,4171.98,31850,7100,21-FEB-2024,
OPTIDX,NIFTY,07-Mar-2024,23750,CE,6,6,3.4,4.1,4.1,260,3088.08,6200,5500,21-FEB-2024,
OPTIDX,NIFTY,07-Mar-2024,23800,CE,5.1,6.3,3.4,3.75,3.75,360,4284.77,16250,9750,21-FEB-2024,
OPTIDX,NIFTY,07-Mar-2024,23850,CE,4,5.05,4,4.8,4.8,10,119.27,450,450,21-FEB-2024,
OPTIDX,NIFTY,07-Mar-2024,23900,CE,0,0,0,11.1,0.15,0,0,0,0,21-FEB-2024,
OPTIDX,NIFTY,07-Mar-2024,23950,CE,0,0,0,9.9,0.1,0,0,0,0,21-FEB-2024,
OPTIDX,NIFTY,07-Mar-2024,19850,PE,0,0,0,7.05,0.05,0,0,0,0,21-FEB-2024,
OPTIDX,NIFTY,07-Mar-2024,19900,PE,0,0,0,8.15,0.05,0,0,0,0,21-FEB-2024,
OPTIDX,NIFTY,07-Mar-2024,19950,PE,5.5,5.8,4.2,4.7,4.7,36,359.18,3050,750,21-FEB-2024,
OPTIDX,NIFTY,07-Mar-2024,20000,PE,5.9,5.9,4.2,5,5,537,5371.27,63350,6950,21-FEB-2024,
OPTIDX,NIFTY,07-Mar-2024,20050,PE,0,0,0,12,0.05,0,0,1200,0,21-FEB-2024,
OPTIDX,NIFTY,07-Mar-2024,20100,PE,0,0,0,11.85,0.05,0,0,1000,0,21-FEB-2024,
OPTIDX,NIFTY,07-Mar-2024,20150,PE,0,0,0,16.3,0.05,0,0,0,0,21-FEB-2024,
OPTIDX,NIFTY,07-Mar-2024,20200,PE,0,0,0,18.55,0.05,0,0,0,0,21-FEB-2024,
OPTIDX,NIFTY,07-Mar-2024,20250,PE,0,0,0,19.9,0.05,0,0,2600,0,21-FEB-2024,
OPTIDX,NIFTY,07-Mar-2024,20300,PE,0,0,0,23.2,0.05,0,0,1400,0,21-FEB-2024,
OPTIDX,NIFTY,07-Mar-2024,20350,PE,0,0,0,23.35,0.05,0,0,600,0,21-FEB-2024,
OPTIDX,NIFTY,07-Mar-2024,20400,PE,0,0,0,30.6,0.1,0,0,0,0,21-FEB-2024,
OPTIDX,NIFTY,07-Mar-2024,20450,PE,0,0,0,34.45,0.15,0,0,0,0,21-FEB-2024,
OPTIDX,NIFTY,07-Mar-2024,20500,PE,9.6,9.6,6.3,7.8,7.8,1605,16457.38,55800,11400,21-FEB-2024,
OPTIDX,NIFTY,07-Mar-2024,20550,PE,0,0,0,43.35,0.25,0,0,0,0,21-FEB-2024,
OPTIDX,NIFTY,07-Mar-2024,20600,PE,0,0,0,5.3,0.35,0,0,5000,0,21-FEB-2024,
OPTIDX,NIFTY,07-Mar-2024,20650,PE,0,0,0,31.4,0.5,0,0,11000,0,21-FEB-2024,
OPTIDX,NIFTY,07-Mar-2024,20700,PE,11.75,15.1,9.15,12.5,12.5,490,5074.26,11850,-200,21-FEB-2024,
OPTIDX,NIFTY,07-Mar-2024,20750,PE,15.45,21.9,11.4,15.05,15.05,690,7163.93,22500,16600,21-FEB-2024,
OPTIDX,NIFTY,07-Mar-2024,20800,PE,14.9,17.25,10.1,13.95,13.95,1976,20563.66,47850,14850,21-FEB-2024,
OPTIDX,NIFTY,07-Mar-2024,20850,PE,18,18,14,16.2,16.2,370,3860.31,12300,5000,21-FEB-2024,
OPTIDX,NIFTY,07-Mar-2024,20900,PE,17.9,20.25,12.9,17.9,17.9,2528,26439.36,72450,59700,21-FEB-2024,
OPTIDX,NIFTY,07-Mar-2024,20950,PE,19.6,28.8,18.8,19.7,19.7,1108,11617.23,37950,30950,21-FEB-2024,
OPTIDX,NIFTY,07-Mar-2024,21000,PE,20,25.7,15.55,22.25,22.25,8272,86940.77,196700,89750,21-FEB-2024,
OPTIDX,NIFTY,07-Mar-2024,21050,PE,24.05,28.75,18.85,25.5,25.5,299,3150.48,9800,4800,21-FEB-2024,
OPTIDX,NIFTY,07-Mar-2024,21100,PE,26.95,32.65,20.15,29,29,3005,31742.35,47650,8500,21-FEB-2024,
OPTIDX,NIFTY,07-Mar-2024,21150,PE,30.65,36.2,23.5,31.3,31.3,323,3420.25,17850,5200,21-FEB-2024,
OPTIDX,NIFTY,07-Mar-2024,21200,PE,30.65,41.5,24.9,35.5,35.5,6229,66132.18,178500,46800,21-FEB-2024,
OPTIDX,NIFTY,07-Mar-2024,21250,PE,0,0,0,168.85,12.8,0,0,0,0,21-FEB-2024,
OPTIDX,NIFTY,07-Mar-2024,21300,PE,42.8,52.3,31.3,46.85,46.85,6356,67821.48,118100,29200,21-FEB-2024,
OPTIDX,NIFTY,07-Mar-2024,21350,PE,41.9,58.85,35.4,51.35,51.35,1853,19825.15,26950,9900,21-FEB-2024,
OPTIDX,NIFTY,07-Mar-2024,21400,PE,51.4,65.35,39.15,56.95,56.95,8337,89420.39,110400,38250,21-FEB-2024,
OPTIDX,NIFTY,07-Mar-2024,21450,PE,52.65,71.15,43.1,63.6,63.6,602,6474.57,16500,11450,21-FEB-2024,
OPTIDX,NIFTY,07-Mar-2024,21500,PE,61.45,81.65,48.15,72.4,72.4,8818,95075.89,148650,35200,21-FEB-2024,
OPTIDX,NIFTY,07-Mar-2024,21550,PE,66.7,89.5,55,79.55,79.55,287,3103.13,10600,2100,21-FEB-2024,
OPTIDX,NIFTY,07-Mar-2024,21600,PE,75.45,101,58.75,88.5,88.5,4940,53545.52,95750,39750,21-FEB-2024,
OPTIDX,NIFTY,07-Mar-2024,21650,PE,82,110.4,67.6,100.85,100.85,513,5575.07,10600,2500,21-FEB-2024,
OPTIDX,NIFTY,07-Mar-2024,21700,PE,92,124.35,72.65,110.05,110.05,4474,48759.23,119050,7250,21-FEB-2024,
OPTIDX,NIFTY,07-Mar-2024,21750,PE,104.45,139.35,82.1,123.8,123.8,393,4294.44,12850,3150,21-FEB-2024,
OPTIDX,NIFTY,07-Mar-2024,21800,PE,114.05,152.8,90.7,136.25,136.25,5503,60313.03,239600,15050,21-FEB-2024,
OPTIDX,NIFTY,07-Mar-2024,21850,PE,122.2,169.35,102.35,156.35,156.35,759,8343.18,15850,-3850,21-FEB-2024,
OPTIDX,NIFTY,07-Mar-2024,21900,PE,135,185.85,112,167.9,167.9,6252,68928.09,123850,8000,21-FEB-2024,
OPTIDX,NIFTY,07-Mar-2024,21950,PE,180.55,204.7,126.9,186.65,186.65,920,10176.93,14450,3400,21-FEB-2024,
OPTIDX,NIFTY,07-Mar-2024,22000,PE,166.6,225,137.95,207.15,207.15,18446,204608.5,512400,84700,21-FEB-2024,
OPTIDX,NIFTY,07-Mar-2024,22050,PE,194.65,246.25,155.8,227.5,227.5,1483,16501.14,16000,-2200,21-FEB-2024,
OPTIDX,NIFTY,07-Mar-2024,22100,PE,195,270,168.8,249.45,249.45,10195,113766.08,221100,110750,21-FEB-2024,
OPTIDX,NIFTY,07-Mar-2024,22150,PE,218.4,292.45,189.35,269.4,269.4,2941,32915.57,17150,-3850,21-FEB-2024,
OPTIDX,NIFTY,07-Mar-2024,22200,PE,237.95,319.9,206.3,294.6,294.6,10360,116290.23,66500,11500,21-FEB-2024,
OPTIDX,NIFTY,07-Mar-2024,22250,PE,295.9,354.7,227.5,318.3,318.3,1942,21875.05,10650,1750,21-FEB-2024,
OPTIDX,NIFTY,07-Mar-2024,22300,PE,275,375.65,248.4,344.75,344.75,6766,76421.43,122050,89700,21-FEB-2024,
OPTIDX,NIFTY,07-Mar-2024,22350,PE,307.85,400.35,272.15,371.1,371.1,329,3732.19,5350,4850,21-FEB-2024,
OPTIDX,NIFTY,07-Mar-2024,22400,PE,330.65,435,297,414.65,414.65,853,9702.39,17100,5700,21-FEB-2024,
OPTIDX,NIFTY,07-Mar-2024,22450,PE,400.85,465.35,400.85,433.5,433.5,144,1647.19,8400,4900,21-FEB-2024,
OPTIDX,NIFTY,07-Mar-2024,22500,PE,425.15,504.6,349,467.45,467.45,5295,60611.58,37000,23250,21-FEB-2024,
OPTIDX,NIFTY,07-Mar-2024,22550,PE,414.15,438.5,394.65,402.05,502.65,5,57.4,7600,100,21-FEB-2024,
OPTIDX,NIFTY,07-Mar-2024,22600,PE,439,570,416.45,542.2,542.2,182,2098.44,12700,6000,21-FEB-2024,
OPTIDX,NIFTY,07-Mar-2024,22650,PE,0,0,0,923.95,583.35,0,0,0,0,21-FEB-2024,
OPTIDX,NIFTY,07-Mar-2024,22700,PE,522.5,655.95,475,644.65,644.65,695,8074.2,36900,28500,21-FEB-2024,
OPTIDX,NIFTY,07-Mar-2024,22750,PE,0,0,0,1003.35,668.4,0,0,0,0,21-FEB-2024,
OPTIDX,NIFTY,07-Mar-2024,22800,PE,712,718,705,705,712.4,3,35.26,400,0,21-FEB-2024,
OPTIDX,NIFTY,07-Mar-2024,22850,PE,0,0,0,1085.3,757.15,0,0,0,0,21-FEB-2024,
OPTIDX,NIFTY,07-Mar-2024,22900,PE,0,0,0,1127.15,802.65,0,0,0,0,21-FEB-2024,
OPTIDX,NIFTY,07-Mar-2024,22950,PE,0,0,0,1169.5,848.8,0,0,0,0,21-FEB-2024,
OPTIDX,NIFTY,07-Mar-2024,23000,PE,745.1,929.25,710,882.7,882.7,109,1295.16,5050,4900,21-FEB-2024,
OPTIDX,NIFTY,07-Mar-2024,23050,PE,0,0,0,1255.8,942.75,0,0,0,0,21-FEB-2024,
OPTIDX,NIFTY,07-Mar-2024,23100,PE,820,950,820,950,990.45,7,83.78,500,250,21-FEB-2024,
OPTIDX,NIFTY,07-Mar-2024,23150,PE,0,0,0,1343.9,1038.45,0,0,0,0,21-FEB-2024,
OPTIDX,NIFTY,07-Mar-2024,23200,PE,0,0,0,1388.6,1086.8,0,0,0,0,21-FEB-2024,
OPTIDX,NIFTY,07-Mar-2024,23250,PE,0,0,0,1433.7,1135.45,0,0,0,0,21-FEB-2024,
OPTIDX,NIFTY,07-Mar-2024,23300,PE,0,0,0,1479.15,1184.3,0,0,0,0,21-FEB-2024,
OPTIDX,NIFTY,07-Mar-2024,23350,PE,0,0,0,1524.95,1233.35,0,0,0,0,21-FEB-2024,
OPTIDX,NIFTY,07-Mar-2024,23400,PE,0,0,0,1571.1,1282.55,0,0,0,0,21-FEB-2024,
OPTIDX,NIFTY,07-Mar-2024,23450,PE,0,0,0,1617.5,1331.85,0,0,0,0,21-FEB-2024,
OPTIDX,NIFTY,07-Mar-2024,23500,PE,0,0,0,1664.2,1381.3,0,0,0,0,21-FEB-2024,
OPTIDX,NIFTY,07-Mar-2024,23550,PE,0,0,0,1711.15,1430.85,0,0,0,0,21-FEB-2024,
OPTIDX,NIFTY,07-Mar-2024,23600,PE,0,0,0,1758.35,1480.45,0,0,0,0,21-FEB-2024,
OPTIDX,NIFTY,07-Mar-2024,23650,PE,0,0,0,1805.75,1530.1,0,0,0,0,21-FEB-2024,
OPTIDX,NIFTY,07-Mar-2024,23700,PE,0,0,0,1853.35,1579.8,0,0,0,0,21-FEB-2024,
OPTIDX,NIFTY,07-Mar-2024,23750,PE,0,0,0,1901.15,1629.55,0,0,0,0,21-FEB-2024,
OPTIDX,NIFTY,07-Mar-2024,23800,PE,0,0,0,1949.15,1679.3,0,0,0,0,21-FEB-2024,
OPTIDX,NIFTY,07-Mar-2024,23850,PE,0,0,0,1997.3,1729.1,0,0,0,0,21-FEB-2024,
OPTIDX,NIFTY,07-Mar-2024,23900,PE,0,0,0,2045.6,1778.9,0,0,0,0,21-FEB-2024,
OPTIDX,NIFTY,07-Mar-2024,23950,PE,0,0,0,2094,1828.7,0,0,0,0,21-FEB-2024,
OPTIDX,NIFTY,14-Mar-2024,19850,CE,0,0,0,2014.4,2285.65,0,0,0,0,21-FEB-2024,
OPTIDX,NIFTY,14-Mar-2024,19900,CE,0,0,0,1965.8,2235.9,0,0,0,0,21-FEB-2024,
OPTIDX,NIFTY,14-Mar-2024,19950,CE,0,0,0,1917.3,2186.1,0,0,0,0,21-FEB-2024,
OPTIDX,NIFTY,14-Mar-2024,20000,CE,0,0,0,1868.95,2136.3,0,0,0,0,21-FEB-2024,
OPTIDX,NIFTY,14-Mar-2024,20050,CE,0,0,0,1820.8,2086.55,0,0,0,0,21-FEB-2024,
OPTIDX,NIFTY,14-Mar-2024,20100,CE,0,0,0,1772.85,2036.8,0,0,0,0,21-FEB-2024,
OPTIDX,NIFTY,14-Mar-2024,20150,CE,0,0,0,2002.3,1987.05,0,0,100,0,21-FEB-2024,
OPTIDX,NIFTY,14-Mar-2024,20200,CE,0,0,0,1677.55,1937.3,0,0,0,0,21-FEB-2024,
OPTIDX,NIFTY,14-Mar-2024,20250,CE,0,0,0,1630.25,1887.55,0,0,0,0,21-FEB-2024,
OPTIDX,NIFTY,14-Mar-2024,20300,CE,0,0,0,1583.25,1837.85,0,0,0,0,21-FEB-2024,
OPTIDX,NIFTY,14-Mar-2024,20350,CE,0,0,0,1536.55,1788.2,0,0,0,0,21-FEB-2024,
OPTIDX,NIFTY,14-Mar-2024,20400,CE,0,0,0,1490.2,1738.55,0,0,0,0,21-FEB-2024,
OPTIDX,NIFTY,14-Mar-2024,20450,CE,0,0,0,1444.15,1688.95,0,0,0,0,21-FEB-2024,
OPTIDX,NIFTY,14-Mar-2024,20500,CE,0,0,0,1398.5,1639.4,0,0,0,0,21-FEB-2024,
OPTIDX,NIFTY,14-Mar-2024,20550,CE,0,0,0,1353.25,1589.95,0,0,0,0,21-FEB-2024,
OPTIDX,NIFTY,14-Mar-2024,20600,CE,0,0,0,1600,1540.55,0,0,50,0,21-FEB-2024,
OPTIDX,NIFTY,14-Mar-2024,20650,CE,0,0,0,1264.1,1491.25,0,0,0,0,21-FEB-2024,
OPTIDX,NIFTY,14-Mar-2024,20700,CE,0,0,0,1220.2,1442.05,0,0,0,0,21-FEB-2024,
OPTIDX,NIFTY,14-Mar-2024,20750,CE,0,0,0,1176.9,1393,0,0,0,0,21-FEB-2024,
OPTIDX,NIFTY,14-Mar-2024,20800,CE,0,0,0,1134.1,1344.15,0,0,0,0,21-FEB-2024,
OPTIDX,NIFTY,14-Mar-2024,20850,CE,0,0,0,1091.9,1295.45,0,0,0,0,21-FEB-2024,
OPTIDX,NIFTY,14-Mar-2024,20900,CE,0,0,0,1050.3,1247,0,0,0,0,21-FEB-2024,
OPTIDX,NIFTY,14-Mar-2024,20950,CE,0,0,0,1009.35,1198.8,0,0,0,0,21-FEB-2024,
OPTIDX,NIFTY,14-Mar-2024,21000,CE,0,0,0,969.05,1150.9,0,0,0,0,21-FEB-2024,
OPTIDX,NIFTY,14-Mar-2024,21050,CE,0,0,0,929.5,1103.35,0,0,0,0,21-FEB-2024,
OPTIDX,NIFTY,14-Mar-2024,21100,CE,0,0,0,890.65,1056.2,0,0,0,0,21-FEB-2024,
OPTIDX,NIFTY,14-Mar-2024,21150,CE,0,0,0,852.6,1009.5,0,0,0,0,21-FEB-2024,
OPTIDX,NIFTY,14-Mar-2024,21200,CE,0,0,0,800,963.3,0,0,0,0,21-FEB-2024,
OPTIDX,NIFTY,14-Mar-2024,21250,CE,0,0,0,778.65,917.65,0,0,0,0,21-FEB-2024,
OPTIDX,NIFTY,14-Mar-2024,21300,CE,0,0,0,960,872.65,0,0,550,0,21-FEB-2024,
OPTIDX,NIFTY,14-Mar-2024,21350,CE,0,0,0,708.3,828.3,0,0,0,0,21-FEB-2024,
OPTIDX,NIFTY,14-Mar-2024,21400,CE,0,0,0,674.4,784.75,0,0,0,0,21-FEB-2024,
OPTIDX,NIFTY,14-Mar-2024,21450,CE,0,0,0,641.45,742,0,0,0,0,21-FEB-2024,
OPTIDX,NIFTY,14-Mar-2024,21500,CE,858.45,858.45,734.3,785.9,785.9,19,211.83,2650,-300,21-FEB-2024,
OPTIDX,NIFTY,14-Mar-2024,21550,CE,0,0,0,490,659.25,0,0,1100,0,21-FEB-2024,
OPTIDX,NIFTY,14-Mar-2024,21600,CE,809.3,809.3,674.85,694.55,694.55,6,66.92,2000,0,21-FEB-2024,
OPTIDX,NIFTY,14-Mar-2024,21650,CE,0,0,0,774.7,580.65,0,0,1450,0,21-FEB-2024,
OPTIDX,NIFTY,14-Mar-2024,21700,CE,739.95,765,577.2,596.8,596.8,81,908.21,6950,-1300,21-FEB-2024,
OPTIDX,NIFTY,14-Mar-2024,21750,CE,681,681,681,681,506.65,1,11.21,2200,0,21-FEB-2024,
OPTIDX,NIFTY,14-Mar-2024,21800,CE,619.95,619.95,510,527,527,5,55.84,7950,-50,21-FEB-2024,
OPTIDX,NIFTY,14-Mar-2024,21850,CE,0,0,0,424.35,437.7,0,0,550,0,21-FEB-2024,
OPTIDX,NIFTY,14-Mar-2024,21900,CE,600,600,443.8,462.55,462.55,18,201.94,5950,0,21-FEB-2024,
OPTIDX,NIFTY,14-Mar-2024,21950,CE,410.85,421.75,410.85,420.75,420.75,29,324.37,1250,1200,21-FEB-2024,
OPTIDX,NIFTY,14-Mar-2024,22000,CE,507.5,537,376,404.25,404.25,250,2802.7,56150,2650,21-FEB-2024,
OPTIDX,NIFTY,14-Mar-2024,22050,CE,471.6,498.45,353.8,363.4,363.4,41,460.1,8000,850,21-FEB-2024,
OPTIDX,NIFTY,14-Mar-2024,22100,CE,465,475.05,327.4,346.5,346.5,255,2867.98,14650,2950,21-FEB-2024,
OPTIDX,NIFTY,14-Mar-2024,22150,CE,426,447.15,300,315.7,315.7,153,1720.52,11300,4800,21-FEB-2024,
OPTIDX,NIFTY,14-Mar-2024,22200,CE,394.55,415,274,292.65,292.65,678,7644.5,26550,12400,21-FEB-2024,
OPTIDX,NIFTY,14-Mar-2024,22250,CE,0,0,0,244.15,218.75,0,0,0,0,21-FEB-2024,
OPTIDX,NIFTY,14-Mar-2024,22300,CE,342.1,352.2,230,245.7,245.7,281,3174.38,17000,8350,21-FEB-2024,
OPTIDX,NIFTY,14-Mar-2024,22350,CE,341,341,259.8,259.8,178.55,4,45.3,200,100,21-FEB-2024,
OPTIDX,NIFTY,14-Mar-2024,22400,CE,280,302,190.05,206,206,401,4538.05,20450,9650,21-FEB-2024,
OPTIDX,NIFTY,14-Mar-2024,22450,CE,198,198,198,198,143.95,1,11.32,1050,50,21-FEB-2024,
OPTIDX,NIFTY,14-Mar-2024,22500,CE,230,253.05,149.65,162.7,162.7,521,5911.88,13300,5250,21-FEB-2024,
OPTIDX,NIFTY,14-Mar-2024,22550,CE,188.35,204,188.35,203.95,114.55,4,45.49,250,50,21-FEB-2024,
OPTIDX,NIFTY,14-Mar-2024,22600,CE,181.55,197.1,121.35,134.85,134.85,35,398.16,2250,-250,21-FEB-2024,
OPTIDX,NIFTY,14-Mar-2024,22650,CE,168,176,151.55,176,89.95,5,57.04,250,150,21-FEB-2024,
OPTIDX,NIFTY,14-Mar-2024,22700,CE,162,170,97.75,105.85,105.85,190,2168.67,5650,2000,21-FEB-2024,
OPTIDX,NIFTY,14-Mar-2024,22750,CE,130,130,87.65,93,93,12,137.12,400,150,21-FEB-2024,
OPTIDX,NIFTY,14-Mar-2024,22800,CE,130.25,136.65,78.85,84.55,84.55,151,1729.29,13950,1450,21-FEB-2024,
OPTIDX,NIFTY,14-Mar-2024,22850,CE,115.5,115.5,96.1,113.05,53.3,3,34.43,100,0,21-FEB-2024,
OPTIDX,NIFTY,14-Mar-2024,22900,CE,90.8,105,59.8,64.65,64.65,91,1045.2,5600,2500,21-FEB-2024,
OPTIDX,NIFTY,14-Mar-2024,22950,CE,88.3,91.8,71.2,84.2,40.15,20,230.36,950,700,21-FEB-2024,
OPTIDX,NIFTY,14-Mar-2024,23000,CE,83,87.4,45.85,49.7,49.7,1614,18611.58,57950,18700,21-FEB-2024,
OPTIDX,NIFTY,14-Mar-2024,23050,CE,0,0,0,66.4,29.85,0,0,0,0,21-FEB-2024,
OPTIDX,NIFTY,14-Mar-2024,23100,CE,65.6,73.8,28.05,38.3,38.3,135,1562.2,3750,3250,21-FEB-2024,
OPTIDX,NIFTY,14-Mar-2024,23150,CE,40.1,40.1,31.25,31.25,21.9,8,92.74,300,200,21-FEB-2024,
OPTIDX,NIFTY,14-Mar-2024,23200,CE,33,33,33,33,18.65,1,11.61,50,50,21-FEB-2024,
OPTIDX,NIFTY,14-Mar-2024,23250,CE,29.95,29.95,29.95,29.95,15.8,3,34.91,150,150,21-FEB-2024,
OPTIDX,NIFTY,14-Mar-2024,23300,CE,29.05,32.5,21,22.3,22.3,37,431.6,1950,1750,21-FEB-2024,
OPTIDX,NIFTY,14-Mar-2024,23350,CE,0,0,0,37.15,11.25,0,0,0,0,21-FEB-2024,
OPTIDX,NIFTY,14-Mar-2024,23400,CE,29,38.85,17.25,17.8,17.8,90,1053.95,5900,1550,21-FEB-2024,
OPTIDX,NIFTY,14-Mar-2024,23450,CE,21,25.4,15.55,16.05,16.05,29,340.32,2100,100,21-FEB-2024,
OPTIDX,NIFTY,14-Mar-2024,23500,CE,21.8,21.8,13,13.75,13.75,67,787.71,2150,1000,21-FEB-2024,
OPTIDX,NIFTY,14-Mar-2024,23550,CE,20.05,32,11.2,11.5,11.5,20,235.65,550,400,21-FEB-2024,
OPTIDX,NIFTY,14-Mar-2024,23600,CE,0,0,0,22,4.5,0,0,0,0,21-FEB-2024,
OPTIDX,NIFTY,14-Mar-2024,23650,CE,0,0,0,19.75,3.75,0,0,0,0,21-FEB-2024,
OPTIDX,NIFTY,14-Mar-2024,23700,CE,0,0,0,17.65,3.05,0,0,0,0,21-FEB-2024,
OPTIDX,NIFTY,14-Mar-2024,23750,CE,0,0,0,15.8,2.5,0,0,0,0,21-FEB-2024,
OPTIDX,NIFTY,14-Mar-2024,23800,CE,0,0,0,14.1,2.05,0,0,0,0,21-FEB-2024,
OPTIDX,NIFTY,14-Mar-2024,23850,CE,0,0,0,12.55,1.65,0,0,0,0,21-FEB-2024,
OPTIDX,NIFTY,14-Mar-2024,23900,CE,11.2,12.15,6.5,6.85,6.85,29,346.66,800,800,21-FEB-2024,
OPTIDX,NIFTY,14-Mar-2024,23950,CE,9.9,9.9,7,8.25,8.25,13,155.73,550,550,21-FEB-2024,
OPTIDX,NIFTY,14-Mar-2024,19850,PE,0,0,0,6.3,0.05,0,0,0,0,21-FEB-2024,
OPTIDX,NIFTY,14-Mar-2024,19900,PE,0,0,0,7.3,0.05,0,0,0,0,21-FEB-2024,
OPTIDX,NIFTY,14-Mar-2024,19950,PE,0,0,0,19.8,0.05,0,0,1000,0,21-FEB-2024,
OPTIDX,NIFTY,14-Mar-2024,20000,PE,0,0,0,3.1,0.05,0,0,1150,0,21-FEB-2024,
OPTIDX,NIFTY,14-Mar-2024,20050,PE,0,0,0,25.85,0.1,0,0,1000,0,21-FEB-2024,
OPTIDX,NIFTY,14-Mar-2024,20100,PE,0,0,0,9.8,0.1,0,0,1150,0,21-FEB-2024,
OPTIDX,NIFTY,14-Mar-2024,20150,PE,0,0,0,28.1,0.15,0,0,4350,0,21-FEB-2024,
OPTIDX,NIFTY,14-Mar-2024,20200,PE,0,0,0,16.95,0.2,0,0,0,0,21-FEB-2024,
OPTIDX,NIFTY,14-Mar-2024,20250,PE,0,0,0,19.3,0.3,0,0,0,0,21-FEB-2024,
OPTIDX,NIFTY,14-Mar-2024,20300,PE,0,0,0,21.95,0.4,0,0,0,0,21-FEB-2024,
OPTIDX,NIFTY,14-Mar-2024,20350,PE,0,0,0,24.9,0.5,0,0,0,0,21-FEB-2024,
OPTIDX,NIFTY,14-Mar-2024,20400,PE,0,0,0,28.2,0.65,0,0,0,0,21-FEB-2024,
OPTIDX,NIFTY,14-Mar-2024,20450,PE,0,0,0,31.8,0.9,0,0,0,0,21-FEB-2024,
OPTIDX,NIFTY,14-Mar-2024,20500,PE,18,21.55,12.65,16.6,16.6,861,8832.94,15500,6800,21-FEB-2024,
OPTIDX,NIFTY,14-Mar-2024,20550,PE,0,0,0,40.2,1.45,0,0,0,0,21-FEB-2024,
OPTIDX,NIFTY,14-Mar-2024,20600,PE,0,0,0,45,1.85,0,0,0,0,21-FEB-2024,
OPTIDX,NIFTY,14-Mar-2024,20650,PE,0,0,0,50.3,2.35,0,0,0,0,21-FEB-2024,
OPTIDX,NIFTY,14-Mar-2024,20700,PE,15,15,15,15,2.95,1,10.35,50,50,21-FEB-2024,
OPTIDX,NIFTY,14-Mar-2024,20750,PE,0,0,0,62.4,3.7,0,0,0,0,21-FEB-2024,
OPTIDX,NIFTY,14-Mar-2024,20800,PE,0,0,0,47.2,4.65,0,0,100,0,21-FEB-2024,
OPTIDX,NIFTY,14-Mar-2024,20850,PE,0,0,0,76.7,5.75,0,0,0,0,21-FEB-2024,
OPTIDX,NIFTY,14-Mar-2024,20900,PE,0,0,0,84.75,7.1,0,0,0,0,21-FEB-2024,
OPTIDX,NIFTY,14-Mar-2024,20950,PE,0,0,0,93.45,8.7,0,0,0,0,21-FEB-2024,
OPTIDX,NIFTY,14-Mar-2024,21000,PE,40.7,47.6,32.2,42.55,42.55,999,10509.14,51850,10300,21-FEB-2024,
OPTIDX,NIFTY,14-Mar-2024,21050,PE,0,0,0,112.9,12.85,0,0,0,0,21-FEB-2024,
OPTIDX,NIFTY,14-Mar-2024,21100,PE,0,0,0,123.7,15.5,0,0,0,0,21-FEB-2024,
OPTIDX,NIFTY,14-Mar-2024,21150,PE,0,0,0,135.3,18.6,0,0,0,0,21-FEB-2024,
OPTIDX,NIFTY,14-Mar-2024,21200,PE,57.8,68,46.05,63.7,63.7,87,924.54,4200,2800,21-FEB-2024,
OPTIDX,NIFTY,14-Mar-2024,21250,PE,0,0,0,160.65,26.35,0,0,0,0,21-FEB-2024,
OPTIDX,NIFTY,14-Mar-2024,21300,PE,65,81,52.4,72.65,72.65,47,502.15,8550,300,21-FEB-2024,
OPTIDX,NIFTY,14-Mar-2024,21350,PE,0,0,0,189.6,36.6,0,0,0,0,21-FEB-2024,
OPTIDX,NIFTY,14-Mar-2024,21400,PE,72,109,68,89.75,89.75,101,1084.8,4900,850,21-FEB-2024,
OPTIDX,NIFTY,14-Mar-2024,21450,PE,0,0,0,222.05,49.85,0,0,0,0,21-FEB-2024,
OPTIDX,NIFTY,14-Mar-2024,21500,PE,91.45,116.4,77,105.85,105.85,1064,11487.59,26900,2050,21-FEB-2024,
OPTIDX,NIFTY,14-Mar-2024,21550,PE,0,0,0,108.7,66.7,0,0,1950,0,21-FEB-2024,
OPTIDX,NIFTY,14-Mar-2024,21600,PE,105.95,134.15,90.95,123.3,123.3,137,1487.34,6400,100,21-FEB-2024,
OPTIDX,NIFTY,14-Mar-2024,21650,PE,0,0,0,123.4,87.7,0,0,550,0,21-FEB-2024,
OPTIDX,NIFTY,14-Mar-2024,21700,PE,126,164,114,147.3,147.3,197,2151.03,7700,-1000,21-FEB-2024,
OPTIDX,NIFTY,14-Mar-2024,21750,PE,120.25,175.8,120.2,166,166,91,995.91,2450,1950,21-FEB-2024,
OPTIDX,NIFTY,14-Mar-2024,21800,PE,152,192,130,182.2,182.2,784,8613.51,20350,-6950,21-FEB-2024,
OPTIDX,NIFTY,14-Mar-2024,21850,PE,168.35,205.5,168.35,205.5,143.95,4,44.06,4050,-50,21-FEB-2024,
OPTIDX,NIFTY,14-Mar-2024,21900,PE,177,227.25,159.5,208.95,208.95,232,2561.5,5050,-2300,21-FEB-2024,
OPTIDX,NIFTY,14-Mar-2024,21950,PE,140.4,236.75,140.4,231.6,231.6,55,609.22,1300,0,21-FEB-2024,
OPTIDX,NIFTY,14-Mar-2024,22000,PE,209,266,181.6,246.65,246.65,2226,24738.18,55050,8050,21-FEB-2024,
OPTIDX,NIFTY,14-Mar-2024,22050,PE,214.35,285.05,204.05,272.25,272.25,24,267.74,2100,50,21-FEB-2024,
OPTIDX,NIFTY,14-Mar-2024,22100,PE,255.6,310.85,218.9,300.3,300.3,248,2773.79,6700,-1300,21-FEB-2024,
OPTIDX,NIFTY,14-Mar-2024,22150,PE,308.85,308.85,308.85,308.85,269.7,1,11.22,5050,-50,21-FEB-2024,
OPTIDX,NIFTY,14-Mar-2024,22200,PE,280,361.95,253.85,341.6,341.6,795,8943.53,14250,7300,21-FEB-2024,
OPTIDX,NIFTY,14-Mar-2024,22250,PE,283.05,385,283.05,380.6,380.6,44,497.35,1200,-450,21-FEB-2024,
OPTIDX,NIFTY,14-Mar-2024,22300,PE,331.2,411.35,298.8,389.7,389.7,128,1449.54,5400,2700,21-FEB-2024,
OPTIDX,NIFTY,14-Mar-2024,22350,PE,0,0,0,685.65,382.75,0,0,0,0,21-FEB-2024,
OPTIDX,NIFTY,14-Mar-2024,22400,PE,0,0,0,404,414.6,0,0,50,0,21-FEB-2024,
OPTIDX,NIFTY,14-Mar-2024,22450,PE,0,0,0,755.65,447.75,0,0,0,0,21-FEB-2024,
OPTIDX,NIFTY,14-Mar-2024,22500,PE,422.25,523.4,390.8,513.8,513.8,62,712.28,4650,1250,21-FEB-2024,
OPTIDX,NIFTY,14-Mar-2024,22550,PE,0,0,0,829.8,517.95,0,0,0,0,21-FEB-2024,
OPTIDX,NIFTY,14-Mar-2024,22600,PE,0,0,0,866.75,554.9,0,0,0,0,21-FEB-2024,
OPTIDX,NIFTY,14-Mar-2024,22650,PE,0,0,0,905.2,592.95,0,0,0,0,21-FEB-2024,
OPTIDX,NIFTY,14-Mar-2024,22700,PE,0,0,0,944.4,632.1,0,0,0,0,21-FEB-2024,
OPTIDX,NIFTY,14-Mar-2024,22750,PE,0,0,0,984.2,672.3,0,0,0,0,21-FEB-2024,
OPTIDX,NIFTY,14-Mar-2024,22800,PE,0,0,0,1024.7,713.45,0,0,0,0,21-FEB-2024,
OPTIDX,NIFTY,14-Mar-2024,22850,PE,0,0,0,1073.3,755.45,0,0,50,0,21-FEB-2024,
OPTIDX,NIFTY,14-Mar-2024,22900,PE,0,0,0,1107.45,798.3,0,0,0,0,21-FEB-2024,
OPTIDX,NIFTY,14-Mar-2024,22950,PE,0,0,0,1149.7,841.95,0,0,0,0,21-FEB-2024,
OPTIDX,NIFTY,14-Mar-2024,23000,PE,0,0,0,1192.45,886.25,0,0,0,0,21-FEB-2024,
OPTIDX,NIFTY,14-Mar-2024,23050,PE,0,0,0,1235.7,931.2,0,0,0,0,21-FEB-2024,
OPTIDX,NIFTY,14-Mar-2024,23100,PE,0,0,0,1279.45,976.75,0,0,0,0,21-FEB-2024,
OPTIDX,NIFTY,14-Mar-2024,23150,PE,0,0,0,1323.6,1022.85,0,0,0,0,21-FEB-2024,
OPTIDX,NIFTY,14-Mar-2024,23200,PE,0,0,0,1368.2,1069.4,0,0,0,0,21-FEB-2024,
OPTIDX,NIFTY,14-Mar-2024,23250,PE,0,0,0,1413.2,1116.35,0,0,0,0,21-FEB-2024,
OPTIDX,NIFTY,14-Mar-2024,23300,PE,0,0,0,1458.6,1163.7,0,0,0,0,21-FEB-2024,
OPTIDX,NIFTY,14-Mar-2024,23350,PE,0,0,0,1504.3,1211.4,0,0,0,0,21-FEB-2024,
OPTIDX,NIFTY,14-Mar-2024,23400,PE,0,0,0,1550.35,1259.4,0,0,0,0,21-FEB-2024,
OPTIDX,NIFTY,14-Mar-2024,23450,PE,0,0,0,1596.7,1307.65,0,0,0,0,21-FEB-2024,
OPTIDX,NIFTY,14-Mar-2024,23500,PE,0,0,0,1643.35,1356.1,0,0,0,0,21-FEB-2024,
OPTIDX,NIFTY,14-Mar-2024,23550,PE,0,0,0,1690.25,1404.8,0,0,0,0,21-FEB-2024,
OPTIDX,NIFTY,14-Mar-2024,23600,PE,0,0,0,1737.4,1453.65,0,0,0,0,21-FEB-2024,
OPTIDX,NIFTY,14-Mar-2024,23650,PE,0,0,0,1784.8,1502.65,0,0,0,0,21-FEB-2024,
OPTIDX,NIFTY,14-Mar-2024,23700,PE,0,0,0,1832.35,1551.8,0,0,0,0,21-FEB-2024,
OPTIDX,NIFTY,14-Mar-2024,23750,PE,0,0,0,1880.15,1601.05,0,0,0,0,21-FEB-2024,
OPTIDX,NIFTY,14-Mar-2024,23800,PE,0,0,0,1928.1,1650.35,0,0,0,0,21-FEB-2024,
OPTIDX,NIFTY,14-Mar-2024,23850,PE,0,0,0,1976.2,1699.8,0,0,0,0,21-FEB-2024,
OPTIDX,NIFTY,14-Mar-2024,23900,PE,0,0,0,2024.5,1749.25,0,0,0,0,21-FEB-2024,
OPTIDX,NIFTY,14-Mar-2024,23950,PE,0,0,0,2072.9,1798.8,0,0,0,0,21-FEB-2024,
OPTIDX,NIFTY,21-Mar-2024,20150,CE,0,0,0,1911.4,2013.5,0,0,0,0,21-FEB-2024,
OPTIDX,NIFTY,21-Mar-2024,20200,CE,0,0,0,1863.1,1963.95,0,0,0,0,21-FEB-2024,
OPTIDX,NIFTY,21-Mar-2024,20250,CE,0,0,0,1815,1914.45,0,0,0,0,21-FEB-2024,
OPTIDX,NIFTY,21-Mar-2024,20300,CE,0,0,0,1767.1,1864.95,0,0,0,0,21-FEB-2024,
OPTIDX,NIFTY,21-Mar-2024,20350,CE,0,0,0,1719.45,1815.55,0,0,0,0,21-FEB-2024,
OPTIDX,NIFTY,21-Mar-2024,20400,CE,0,0,0,1672,1766.2,0,0,0,0,21-FEB-2024,
OPTIDX,NIFTY,21-Mar-2024,20450,CE,0,0,0,1624.8,1716.95,0,0,0,0,21-FEB-2024,
OPTIDX,NIFTY,21-Mar-2024,20500,CE,0,0,0,1577.85,1667.8,0,0,0,0,21-FEB-2024,
OPTIDX,NIFTY,21-Mar-2024,20550,CE,0,0,0,1531.25,1618.8,0,0,0,0,21-FEB-2024,
OPTIDX,NIFTY,21-Mar-2024,20600,CE,0,0,0,1484.95,1569.85,0,0,0,0,21-FEB-2024,
OPTIDX,NIFTY,21-Mar-2024,20650,CE,0,0,0,1439.05,1521.1,0,0,0,0,21-FEB-2024,
OPTIDX,NIFTY,21-Mar-2024,20700,CE,0,0,0,1393.5,1472.55,0,0,0,0,21-FEB-2024,
OPTIDX,NIFTY,21-Mar-2024,20750,CE,0,0,0,1348.35,1424.2,0,0,0,0,21-FEB-2024,
OPTIDX,NIFTY,21-Mar-2024,20800,CE,0,0,0,1303.65,1376.05,0,0,0,0,21-FEB-2024,
OPTIDX,NIFTY,21-Mar-2024,20850,CE,0,0,0,1259.45,1328.15,0,0,0,0,21-FEB-2024,
OPTIDX,NIFTY,21-Mar-2024,20900,CE,0,0,0,1215.7,1280.6,0,0,0,0,21-FEB-2024,
OPTIDX,NIFTY,21-Mar-2024,20950,CE,0,0,0,1172.5,1233.35,0,0,0,0,21-FEB-2024,
OPTIDX,NIFTY,21-Mar-2024,21000,CE,0,0,0,1129.85,1186.45,0,0,0,0,21-FEB-2024,
OPTIDX,NIFTY,21-Mar-2024,21050,CE,0,0,0,1087.8,1140,0,0,0,0,21-FEB-2024,
OPTIDX,NIFTY,21-Mar-2024,21100,CE,0,0,0,1046.35,1094,0,0,0,0,21-FEB-2024,
OPTIDX,NIFTY,21-Mar-2024,21150,CE,0,0,0,1005.55,1048.5,0,0,0,0,21-FEB-2024,
OPTIDX,NIFTY,21-Mar-2024,21200,CE,0,0,0,965.45,1003.55,0,0,0,0,21-FEB-2024,
OPTIDX,NIFTY,21-Mar-2024,21250,CE,0,0,0,926,959.2,0,0,0,0,21-FEB-2024,
OPTIDX,NIFTY,21-Mar-2024,21300,CE,0,0,0,887.35,915.5,0,0,0,0,21-FEB-2024,
OPTIDX,NIFTY,21-Mar-2024,21350,CE,0,0,0,849.45,872.5,0,0,0,0,21-FEB-2024,
OPTIDX,NIFTY,21-Mar-2024,21400,CE,0,0,0,813.1,830.25,0,0,0,0,21-FEB-2024,
OPTIDX,NIFTY,21-Mar-2024,21450,CE,0,0,0,775.85,788.8,0,0,0,0,21-FEB-2024,
OPTIDX,NIFTY,21-Mar-2024,21500,CE,0,0,0,740.35,748.2,0,0,0,0,21-FEB-2024,
OPTIDX,NIFTY,21-Mar-2024,21550,CE,0,0,0,705.8,708.5,0,0,0,0,21-FEB-2024,
OPTIDX,NIFTY,21-Mar-2024,21600,CE,0,0,0,672.05,669.8,0,0,0,0,21-FEB-2024,
OPTIDX,NIFTY,21-Mar-2024,21650,CE,0,0,0,639.25,632.1,0,0,0,0,21-FEB-2024,
OPTIDX,NIFTY,21-Mar-2024,21700,CE,0,0,0,607.35,595.4,0,0,0,0,21-FEB-2024,
OPTIDX,NIFTY,21-Mar-2024,21750,CE,0,0,0,576.4,559.85,0,0,0,0,21-FEB-2024,
OPTIDX,NIFTY,21-Mar-2024,21800,CE,601,619,599.55,606.55,606.55,3,33.6,1150,50,21-FEB-2024,
OPTIDX,NIFTY,21-Mar-2024,21850,CE,0,0,0,517.35,492.15,0,0,0,0,21-FEB-2024,
OPTIDX,NIFTY,21-Mar-2024,21900,CE,541.75,541.75,521,534.6,534.6,3,33.65,1300,100,21-FEB-2024,
OPTIDX,NIFTY,21-Mar-2024,21950,CE,0,0,0,462.15,429.2,0,0,0,0,21-FEB-2024,
OPTIDX,NIFTY,21-Mar-2024,22000,CE,580.95,610.3,442.95,476.85,476.85,149,1677.63,8600,400,21-FEB-2024,
OPTIDX,NIFTY,21-Mar-2024,22050,CE,485,485,485,485,371.3,1,11.26,500,50,21-FEB-2024,
OPTIDX,NIFTY,21-Mar-2024,22100,CE,405.75,414.6,401.75,406,406,4,45.01,150,150,21-FEB-2024,
OPTIDX,NIFTY,21-Mar-2024,22150,CE,0,0,0,363.35,318.45,0,0,0,0,21-FEB-2024,
OPTIDX,NIFTY,21-Mar-2024,22200,CE,441.3,471,344.05,374,374,82,927.86,3150,3150,21-FEB-2024,
OPTIDX,NIFTY,21-Mar-2024,22250,CE,340,340,318.45,318.45,270.8,24,270.95,1200,1100,21-FEB-2024,
OPTIDX,NIFTY,21-Mar-2024,22300,CE,324.35,324.35,313.1,313.1,313.1,7,79.17,300,250,21-FEB-2024,
OPTIDX,NIFTY,21-Mar-2024,22350,CE,0,0,0,280,228.15,0,0,0,0,21-FEB-2024,
OPTIDX,NIFTY,21-Mar-2024,22400,CE,290.65,290.65,287.35,287.35,287.35,2,22.68,100,100,21-FEB-2024,
OPTIDX,NIFTY,21-Mar-2024,22450,CE,0,0,0,243.9,190.5,0,0,0,0,21-FEB-2024,
OPTIDX,NIFTY,21-Mar-2024,22500,CE,300,308.95,170.25,226.1,226.1,216,2455.63,2650,-3500,21-FEB-2024,
OPTIDX,NIFTY,21-Mar-2024,22550,CE,250,250,250,250,157.5,1,11.4,50,50,21-FEB-2024,
OPTIDX,NIFTY,21-Mar-2024,22600,CE,180,180,180,180,180,1,11.39,50,50,21-FEB-2024,
OPTIDX,NIFTY,21-Mar-2024,22650,CE,0,0,0,182.15,129,0,0,0,0,21-FEB-2024,
OPTIDX,NIFTY,21-Mar-2024,22700,CE,0,0,0,168.75,116.35,0,0,0,0,21-FEB-2024,
OPTIDX,NIFTY,21-Mar-2024,22750,CE,0,0,0,157.15,104.65,0,0,0,0,21-FEB-2024,
OPTIDX,NIFTY,21-Mar-2024,22800,CE,181,181,125,131.7,131.7,77,883.8,800,700,21-FEB-2024,
OPTIDX,NIFTY,21-Mar-2024,22850,CE,0,0,0,133.3,84,0,0,0,0,21-FEB-2024,
OPTIDX,NIFTY,21-Mar-2024,22900,CE,104,104.05,104,104.05,104.05,13,149.52,600,250,21-FEB-2024,
OPTIDX,NIFTY,21-Mar-2024,22950,CE,0,0,0,113.05,66.8,0,0,0,0,21-FEB-2024,
OPTIDX,NIFTY,21-Mar-2024,23000,CE,120.85,129.3,76.55,84.15,84.15,217,2505.95,8900,600,21-FEB-2024,
OPTIDX,NIFTY,21-Mar-2024,23050,CE,83.45,83.45,80.1,80.1,52.55,13,150.35,650,650,21-FEB-2024,
OPTIDX,NIFTY,21-Mar-2024,23100,CE,0,0,0,87.4,46.4,0,0,0,0,21-FEB-2024,
OPTIDX,NIFTY,21-Mar-2024,23150,CE,0,0,0,80,40.9,0,0,0,0,21-FEB-2024,
OPTIDX,NIFTY,21-Mar-2024,23200,CE,70,70,64.6,64.6,35.95,24,279.18,1200,1200,21-FEB-2024,
OPTIDX,NIFTY,21-Mar-2024,23250,CE,0,0,0,66.75,31.55,0,0,0,0,21-FEB-2024,
OPTIDX,NIFTY,21-Mar-2024,23300,CE,0,0,0,60.8,27.55,0,0,0,0,21-FEB-2024,
OPTIDX,NIFTY,21-Mar-2024,23350,CE,0,0,0,61.05,24.05,0,0,100,0,21-FEB-2024,
OPTIDX,NIFTY,21-Mar-2024,23400,CE,0,0,0,50.3,20.9,0,0,0,0,21-FEB-2024,
OPTIDX,NIFTY,21-Mar-2024,23450,CE,0,0,0,45.65,18.15,0,0,0,0,21-FEB-2024,
OPTIDX,NIFTY,21-Mar-2024,23500,CE,26.4,26.4,26.2,26.35,26.35,13,152.92,650,650,21-FEB-2024,
OPTIDX,NIFTY,21-Mar-2024,23550,CE,24.3,24.35,24.3,24.3,13.55,19,223.95,950,950,21-FEB-2024,
OPTIDX,NIFTY,21-Mar-2024,23600,CE,0,0,0,33.85,11.65,0,0,0,0,21-FEB-2024,
OPTIDX,NIFTY,21-Mar-2024,23650,CE,0,0,0,30.5,10,0,0,0,0,21-FEB-2024,
OPTIDX,NIFTY,21-Mar-2024,23700,CE,0,0,0,27.5,8.55,0,0,0,0,21-FEB-2024,
OPTIDX,NIFTY,21-Mar-2024,23750,CE,0,0,0,26,7.3,0,0,50,0,21-FEB-2024,
OPTIDX,NIFTY,21-Mar-2024,23800,CE,0,0,0,22.25,6.25,0,0,0,0,21-FEB-2024,
OPTIDX,NIFTY,21-Mar-2024,23850,CE,0,0,0,19.95,5.3,0,0,0,0,21-FEB-2024,
OPTIDX,NIFTY,21-Mar-2024,23900,CE,18.8,20.25,9.7,12.6,12.6,284,3396.33,2350,2350,21-FEB-2024,
OPTIDX,NIFTY,21-Mar-2024,23950,CE,0,0,0,16,3.8,0,0,0,0,21-FEB-2024,
OPTIDX,NIFTY,21-Mar-2024,20150,PE,0,0,0,8.95,0.65,0,0,0,0,21-FEB-2024,
OPTIDX,NIFTY,21-Mar-2024,20200,PE,0,0,0,10.3,0.85,0,0,0,0,21-FEB-2024,
OPTIDX,NIFTY,21-Mar-2024,20250,PE,0,0,0,11.85,1.05,0,0,0,0,21-FEB-2024,
OPTIDX,NIFTY,21-Mar-2024,20300,PE,0,0,0,13.6,1.35,0,0,0,0,21-FEB-2024,
OPTIDX,NIFTY,21-Mar-2024,20350,PE,0,0,0,15.55,1.65,0,0,0,0,21-FEB-2024,
OPTIDX,NIFTY,21-Mar-2024,20400,PE,0,0,0,17.75,2.05,0,0,0,0,21-FEB-2024,
OPTIDX,NIFTY,21-Mar-2024,20450,PE,0,0,0,20.2,2.55,0,0,0,0,21-FEB-2024,
OPTIDX,NIFTY,21-Mar-2024,20500,PE,0,0,0,22.95,3.1,0,0,0,0,21-FEB-2024,
OPTIDX,NIFTY,21-Mar-2024,20550,PE,0,0,0,26,3.8,0,0,0,0,21-FEB-2024,
OPTIDX,NIFTY,21-Mar-2024,20600,PE,0,0,0,29.35,4.65,0,0,0,0,21-FEB-2024,
OPTIDX,NIFTY,21-Mar-2024,20650,PE,0,0,0,33.05,5.6,0,0,0,0,21-FEB-2024,
OPTIDX,NIFTY,21-Mar-2024,20700,PE,0,0,0,37.2,6.8,0,0,0,0,21-FEB-2024,
OPTIDX,NIFTY,21-Mar-2024,20750,PE,0,0,0,41.7,8.15,0,0,0,0,21-FEB-2024,
OPTIDX,NIFTY,21-Mar-2024,20800,PE,0,0,0,46.65,9.75,0,0,0,0,21-FEB-2024,
OPTIDX,NIFTY,21-Mar-2024,20850,PE,0,0,0,52.05,11.6,0,0,0,0,21-FEB-2024,
OPTIDX,NIFTY,21-Mar-2024,20900,PE,0,0,0,58,13.75,0,0,0,0,21-FEB-2024,
OPTIDX,NIFTY,21-Mar-2024,20950,PE,0,0,0,64.4,16.25,0,0,0,0,21-FEB-2024,
OPTIDX,NIFTY,21-Mar-2024,21000,PE,57.5,66.5,48.45,62.1,62.1,221,2326.95,5950,500,21-FEB-2024,
OPTIDX,NIFTY,21-Mar-2024,21050,PE,0,0,0,79,22.35,0,0,0,0,21-FEB-2024,
OPTIDX,NIFTY,21-Mar-2024,21100,PE,0,0,0,87.2,26.1,0,0,0,0,21-FEB-2024,
OPTIDX,NIFTY,21-Mar-2024,21150,PE,0,0,0,96.05,30.35,0,0,0,0,21-FEB-2024,
OPTIDX,NIFTY,21-Mar-2024,21200,PE,0,0,0,105.6,35.1,0,0,0,0,21-FEB-2024,
OPTIDX,NIFTY,21-Mar-2024,21250,PE,0,0,0,115.85,40.5,0,0,0,0,21-FEB-2024,
OPTIDX,NIFTY,21-Mar-2024,21300,PE,84.9,105,73.85,103,103,75,801.9,6650,100,21-FEB-2024,
OPTIDX,NIFTY,21-Mar-2024,21350,PE,0,0,0,138.55,53.25,0,0,0,0,21-FEB-2024,
OPTIDX,NIFTY,21-Mar-2024,21400,PE,0,0,0,151.85,60.7,0,0,0,0,21-FEB-2024,
OPTIDX,NIFTY,21-Mar-2024,21450,PE,0,0,0,164.25,69,0,0,0,0,21-FEB-2024,
OPTIDX,NIFTY,21-Mar-2024,21500,PE,115,142,99.55,132.45,132.45,395,4269.21,16250,6700,21-FEB-2024,
OPTIDX,NIFTY,21-Mar-2024,21550,PE,0,0,0,193.45,88.2,0,0,0,0,21-FEB-2024,
OPTIDX,NIFTY,21-Mar-2024,21600,PE,0,0,0,164.65,99.2,0,0,2400,0,21-FEB-2024,
OPTIDX,NIFTY,21-Mar-2024,21650,PE,0,0,0,161.85,111.25,0,0,550,0,21-FEB-2024,
OPTIDX,NIFTY,21-Mar-2024,21700,PE,152.5,192.35,138,179.1,179.1,73,797.92,4450,1150,21-FEB-2024,
OPTIDX,NIFTY,21-Mar-2024,21750,PE,205.55,205.55,205.55,205.55,138.45,10,109.77,1150,0,21-FEB-2024,
OPTIDX,NIFTY,21-Mar-2024,21800,PE,186.3,226.35,173.9,211.45,211.45,119,1309.63,4650,2450,21-FEB-2024,
OPTIDX,NIFTY,21-Mar-2024,21850,PE,0,0,0,302.95,170.2,0,0,0,0,21-FEB-2024,
OPTIDX,NIFTY,21-Mar-2024,21900,PE,207.65,259.9,188,241.05,241.05,62,685.6,1450,800,21-FEB-2024,
OPTIDX,NIFTY,21-Mar-2024,21950,PE,0,0,0,347.05,206.75,0,0,0,0,21-FEB-2024,
OPTIDX,NIFTY,21-Mar-2024,22000,PE,242.95,300,214.3,281.3,281.3,370,4118.9,5000,2450,21-FEB-2024,
OPTIDX,NIFTY,21-Mar-2024,22050,PE,0,0,0,256,248.3,0,0,50,0,21-FEB-2024,
OPTIDX,NIFTY,21-Mar-2024,22100,PE,274,340,260.35,340,340,45,504.03,3050,-800,21-FEB-2024,
OPTIDX,NIFTY,21-Mar-2024,22150,PE,0,0,0,310.55,294.95,0,0,100,0,21-FEB-2024,
OPTIDX,NIFTY,21-Mar-2024,22200,PE,320,371,290.5,367.1,367.1,47,529.34,1450,150,21-FEB-2024,
OPTIDX,NIFTY,21-Mar-2024,22250,PE,322.4,328.65,301.65,328.65,346.7,14,157.94,1550,50,21-FEB-2024,
OPTIDX,NIFTY,21-Mar-2024,22300,PE,0,0,0,531.85,374.5,0,0,0,0,21-FEB-2024,
OPTIDX,NIFTY,21-Mar-2024,22350,PE,0,0,0,562.1,403.55,0,0,0,0,21-FEB-2024,
OPTIDX,NIFTY,21-Mar-2024,22400,PE,0,0,0,593.25,433.85,0,0,0,0,21-FEB-2024,
OPTIDX,NIFTY,21-Mar-2024,22450,PE,0,0,0,625.3,465.35,0,0,0,0,21-FEB-2024,
OPTIDX,NIFTY,21-Mar-2024,22500,PE,538.6,538.6,538.6,538.6,538.6,1,11.51,1200,50,21-FEB-2024,
OPTIDX,NIFTY,21-Mar-2024,22550,PE,0,0,0,692,531.85,0,0,0,0,21-FEB-2024,
OPTIDX,NIFTY,21-Mar-2024,22600,PE,0,0,0,726.65,566.8,0,0,0,0,21-FEB-2024,
OPTIDX,NIFTY,21-Mar-2024,22650,PE,0,0,0,762.1,602.8,0,0,0,0,21-FEB-2024,
OPTIDX,NIFTY,21-Mar-2024,22700,PE,0,0,0,798.35,639.85,0,0,0,0,21-FEB-2024,
OPTIDX,NIFTY,21-Mar-2024,22750,PE,0,0,0,836.4,677.9,0,0,0,0,21-FEB-2024,
OPTIDX,NIFTY,21-Mar-2024,22800,PE,0,0,0,873.35,716.9,0,0,0,0,21-FEB-2024,
OPTIDX,NIFTY,21-Mar-2024,22850,PE,0,0,0,911.85,756.75,0,0,0,0,21-FEB-2024,
OPTIDX,NIFTY,21-Mar-2024,22900,PE,0,0,0,951.05,797.45,0,0,0,0,21-FEB-2024,
OPTIDX,NIFTY,21-Mar-2024,22950,PE,0,0,0,990.9,839,0,0,0,0,21-FEB-2024,
OPTIDX,NIFTY,21-Mar-2024,23000,PE,0,0,0,1031.4,881.25,0,0,0,0,21-FEB-2024,
OPTIDX,NIFTY,21-Mar-2024,23050,PE,0,0,0,1072.5,924.2,0,0,0,0,21-FEB-2024,
OPTIDX,NIFTY,21-Mar-2024,23100,PE,0,0,0,1114.2,967.8,0,0,0,0,21-FEB-2024,
OPTIDX,NIFTY,21-Mar-2024,23150,PE,0,0,0,1156.45,1012.05,0,0,0,0,21-FEB-2024,
OPTIDX,NIFTY,21-Mar-2024,23200,PE,0,0,0,1199.2,1056.8,0,0,0,0,21-FEB-2024,
OPTIDX,NIFTY,21-Mar-2024,23250,PE,0,0,0,1242.45,1102.1,0,0,0,0,21-FEB-2024,
OPTIDX,NIFTY,21-Mar-2024,23300,PE,0,0,0,1286.2,1147.9,0,0,0,0,21-FEB-2024,
OPTIDX,NIFTY,21-Mar-2024,23350,PE,0,0,0,1330.4,1194.1,0,0,0,0,21-FEB-2024,
OPTIDX,NIFTY,21-Mar-2024,23400,PE,0,0,0,1375,1240.7,0,0,0,0,21-FEB-2024,
OPTIDX,NIFTY,21-Mar-2024,23450,PE,0,0,0,1420,1287.65,0,0,0,0,21-FEB-2024,
OPTIDX,NIFTY,21-Mar-2024,23500,PE,0,0,0,1465.35,1334.95,0,0,0,0,21-FEB-2024,
OPTIDX,NIFTY,21-Mar-2024,23550,PE,0,0,0,1511.05,1382.55,0,0,0,0,21-FEB-2024,
OPTIDX,NIFTY,21-Mar-2024,23600,PE,0,0,0,1557.1,1430.4,0,0,0,0,21-FEB-2024,
OPTIDX,NIFTY,21-Mar-2024,23650,PE,0,0,0,1603.45,1478.45,0,0,0,0,21-FEB-2024,
OPTIDX,NIFTY,21-Mar-2024,23700,PE,0,0,0,1650.1,1526.75,0,0,0,0,21-FEB-2024,
OPTIDX,NIFTY,21-Mar-2024,23750,PE,0,0,0,1696.95,1575.25,0,0,0,0,21-FEB-2024,
OPTIDX,NIFTY,21-Mar-2024,23800,PE,0,0,0,1744.1,1623.9,0,0,0,0,21-FEB-2024,
OPTIDX,NIFTY,21-Mar-2024,23850,PE,0,0,0,1791.45,1672.7,0,0,0,0,21-FEB-2024,
OPTIDX,NIFTY,21-Mar-2024,23900,PE,0,0,0,1839.05,1721.6,0,0,0,0,21-FEB-2024,
OPTIDX,NIFTY,21-Mar-2024,23950,PE,0,0,0,1886.8,1770.65,0,0,0,0,21-FEB-2024,
OPTIDX,NIFTY,28-Mar-2024,14000,CE,8054.15,8100,8054.15,8060.15,8060.15,6,66.25,321950,-150,21-FEB-2024,
OPTIDX,NIFTY,28-Mar-2024,15000,CE,7150,7200,7150,7197.5,7197.5,4,44.37,24700,-200,21-FEB-2024,
OPTIDX,NIFTY,28-Mar-2024,16000,CE,6360,6360,6140,6162.7,6162.7,12,133.16,39050,-550,21-FEB-2024,
OPTIDX,NIFTY,28-Mar-2024,17000,CE,5307.25,5325.2,5110,5138.35,5138.35,102,1133.97,147950,1950,21-FEB-2024,
OPTIDX,NIFTY,28-Mar-2024,18000,CE,4343.15,4365.2,4127.3,4187.15,4187.15,216,2401.54,650650,-3550,21-FEB-2024,
OPTIDX,NIFTY,28-Mar-2024,19000,CE,3334,3391.65,3169.2,3202.05,3202.05,118,1315.67,476300,1750,21-FEB-2024,
OPTIDX,NIFTY,28-Mar-2024,19500,CE,2854.7,2875,2669.8,2700.95,2700.95,61,679.63,18300,2400,21-FEB-2024,
OPTIDX,NIFTY,28-Mar-2024,19550,CE,0,0,0,2607.5,2634.9,0,0,0,0,21-FEB-2024,
OPTIDX,NIFTY,28-Mar-2024,19600,CE,0,0,0,2610,2585.25,0,0,300,0,21-FEB-2024,
OPTIDX,NIFTY,28-Mar-2024,19650,CE,0,0,0,2284.4,2535.6,0,0,50,0,21-FEB-2024,
OPTIDX,NIFTY,28-Mar-2024,19700,CE,2650.6,2680.45,2600.95,2600.95,2486,11,122.88,2400,550,21-FEB-2024,
OPTIDX,NIFTY,28-Mar-2024,19750,CE,2640.7,2640.7,2640.7,2640.7,2436.4,1,11.19,100,50,21-FEB-2024,
OPTIDX,NIFTY,28-Mar-2024,19800,CE,2550.85,2590.85,2550.85,2590.85,2386.8,26,290.63,2400,1300,21-FEB-2024,
OPTIDX,NIFTY,28-Mar-2024,19850,CE,0,0,0,2330.25,2337.25,0,0,0,0,21-FEB-2024,
OPTIDX,NIFTY,28-Mar-2024,19900,CE,0,0,0,1950,2287.65,0,0,350,0,21-FEB-2024,
OPTIDX,NIFTY,28-Mar-2024,19950,CE,0,0,0,2257.75,2238.15,0,0,0,0,21-FEB-2024,
OPTIDX,NIFTY,28-Mar-2024,20000,CE,2380,2411.35,2180.1,2218.4,2218.4,867,9674.92,472250,-2350,21-FEB-2024,
OPTIDX,NIFTY,28-Mar-2024,20050,CE,0,0,0,2149.85,2139.2,0,0,0,0,21-FEB-2024,
OPTIDX,NIFTY,28-Mar-2024,20100,CE,0,0,0,2270,2089.75,0,0,1100,0,21-FEB-2024,
OPTIDX,NIFTY,28-Mar-2024,20150,CE,0,0,0,2034,2040.4,0,0,50,0,21-FEB-2024,
OPTIDX,NIFTY,28-Mar-2024,20200,CE,2122,2122,2000,2017.5,2017.5,5,55.57,1050,50,21-FEB-2024,
OPTIDX,NIFTY,28-Mar-2024,20250,CE,0,0,0,1955.8,1941.85,0,0,50,0,21-FEB-2024,
OPTIDX,NIFTY,28-Mar-2024,20300,CE,0,0,0,2086.7,1892.7,0,0,950,0,21-FEB-2024,
OPTIDX,NIFTY,28-Mar-2024,20350,CE,0,0,0,1339.55,1843.65,0,0,400,0,21-FEB-2024,
OPTIDX,NIFTY,28-Mar-2024,20400,CE,2015.7,2015.7,1805.2,1805.2,1794.65,6,67.02,2300,150,21-FEB-2024,
OPTIDX,NIFTY,28-Mar-2024,20450,CE,0,0,0,1208.75,1745.8,0,0,100,0,21-FEB-2024,
OPTIDX,NIFTY,28-Mar-2024,20500,CE,1900,1922.75,1693.5,1741.35,1741.35,222,2478.31,86450,4700,21-FEB-2024,
OPTIDX,NIFTY,28-Mar-2024,20550,CE,0,0,0,1600.3,1648.55,0,0,1150,0,21-FEB-2024,
OPTIDX,NIFTY,28-Mar-2024,20600,CE,1790,1790,1600,1600,1600,3,33.49,6050,150,21-FEB-2024,
OPTIDX,NIFTY,28-Mar-2024,20650,CE,1760,1762,1760,1762,1552.05,4,44.82,850,200,21-FEB-2024,
OPTIDX,NIFTY,28-Mar-2024,20700,CE,1696.8,1711,1575,1575,1575,30,335.99,4100,1250,21-FEB-2024,
OPTIDX,NIFTY,28-Mar-2024,20750,CE,0,0,0,1547.9,1456.4,0,0,2850,0,21-FEB-2024,
OPTIDX,NIFTY,28-Mar-2024,20800,CE,1600,1634,1460,1460,1460,4,44.74,5200,100,21-FEB-2024,
OPTIDX,NIFTY,28-Mar-2024,20850,CE,0,0,0,1249.6,1361.9,0,0,350,0,21-FEB-2024,
OPTIDX,NIFTY,28-Mar-2024,20900,CE,1405,1405,1362.6,1362.6,1315.15,2,22.28,2650,50,21-FEB-2024,
OPTIDX,NIFTY,28-Mar-2024,20950,CE,0,0,0,1371.6,1268.75,0,0,650,0,21-FEB-2024,
OPTIDX,NIFTY,28-Mar-2024,21000,CE,1431,1471,1250.15,1296.2,1296.2,1776,19878.73,1206850,-2450,21-FEB-2024,
OPTIDX,NIFTY,28-Mar-2024,21050,CE,0,0,0,1263.9,1177.25,0,0,2450,0,21-FEB-2024,
OPTIDX,NIFTY,28-Mar-2024,21100,CE,1357.7,1357.7,1275,1275,1132.2,14,157.01,6400,-150,21-FEB-2024,
OPTIDX,NIFTY,28-Mar-2024,21150,CE,0,0,0,1310.85,1087.65,0,0,700,0,21-FEB-2024,
OPTIDX,NIFTY,28-Mar-2024,21200,CE,1279.1,1281.1,1106.8,1125.4,1125.4,63,707.6,35250,-1300,21-FEB-2024,
OPTIDX,NIFTY,28-Mar-2024,21250,CE,1194.4,1194.4,1194.4,1194.4,1000.35,1,11.22,2350,0,21-FEB-2024,
OPTIDX,NIFTY,28-Mar-2024,21300,CE,1189.9,1189.9,1013,1040.55,1040.55,18,201.19,26600,-450,21-FEB-2024,
OPTIDX,NIFTY,28-Mar-2024,21350,CE,0,0,0,999,915.65,0,0,3300,0,21-FEB-2024,
OPTIDX,NIFTY,28-Mar-2024,21400,CE,1085.3,1109,920,959.55,959.55,21,235.38,37650,250,21-FEB-2024,
OPTIDX,NIFTY,28-Mar-2024,21450,CE,0,0,0,907.4,833.9,0,0,4650,0,21-FEB-2024,
OPTIDX,NIFTY,28-Mar-2024,21500,CE,1039,1040,841.35,877.3,877.3,1920,21543.77,274350,9750,21-FEB-2024,
OPTIDX,NIFTY,28-Mar-2024,21550,CE,949.25,949.25,850,850,755.35,2,22.44,4900,50,21-FEB-2024,
OPTIDX,NIFTY,28-Mar-2024,21600,CE,929.45,964.95,765.8,797,797,207,2327.99,65250,-1950,21-FEB-2024,
OPTIDX,NIFTY,28-Mar-2024,21650,CE,886.3,905,745,785.65,785.65,14,157.41,5150,250,21-FEB-2024,
OPTIDX,NIFTY,28-Mar-2024,21700,CE,860,882,698.15,728.3,728.3,505,5670.37,81700,1600,21-FEB-2024,
OPTIDX,NIFTY,28-Mar-2024,21750,CE,825.3,827,675,692.35,692.35,57,639.97,11100,-1200,21-FEB-2024,
OPTIDX,NIFTY,28-Mar-2024,21800,CE,779.95,806,630,661.05,661.05,1175,13221.37,116100,15450,21-FEB-2024,
OPTIDX,NIFTY,28-Mar-2024,21850,CE,739,765,598.4,615.55,615.55,71,800.86,9650,1450,21-FEB-2024,
OPTIDX,NIFTY,28-Mar-2024,21900,CE,700.05,735,563.05,591.55,591.55,964,10869.86,96200,-100,21-FEB-2024,
OPTIDX,NIFTY,28-Mar-2024,21950,CE,672.05,680,537.2,557.9,557.9,98,1105.06,13700,50,21-FEB-2024,
OPTIDX,NIFTY,28-Mar-2024,22000,CE,640,666,502.55,529.3,529.3,12964,146405.36,1238100,15050,21-FEB-2024,
OPTIDX,NIFTY,28-Mar-2024,22050,CE,606,626.25,473.4,501,501,284,3205.77,25350,1500,21-FEB-2024,
OPTIDX,NIFTY,28-Mar-2024,22100,CE,572.95,600.3,366,460.85,460.85,4437,50137.1,151550,16650,21-FEB-2024,
OPTIDX,NIFTY,28-Mar-2024,22150,CE,534.05,567,420.2,444.8,444.8,614,6953.86,18100,1150,21-FEB-2024,
OPTIDX,NIFTY,28-Mar-2024,22200,CE,513.05,533.95,390.2,415.45,415.45,8179,92681.64,341000,81100,21-FEB-2024,
OPTIDX,NIFTY,28-Mar-2024,22250,CE,481.15,503,367.9,384.9,384.9,533,6043.98,19000,7550,21-FEB-2024,
OPTIDX,NIFTY,28-Mar-2024,22300,CE,453.95,476.35,343.3,365.65,365.65,6619,75172.5,258150,22100,21-FEB-2024,
OPTIDX,NIFTY,28-Mar-2024,22350,CE,427.9,443.05,321.2,339.45,339.45,289,3285.2,16050,5450,21-FEB-2024,
OPTIDX,NIFTY,28-Mar-2024,22400,CE,397.95,417,297.15,314.95,314.95,6226,70863.81,141100,46100,21-FEB-2024,
OPTIDX,NIFTY,28-Mar-2024,22450,CE,367.7,393.95,279.15,290.3,290.3,236,2687.77,11550,3400,21-FEB-2024,
OPTIDX,NIFTY,28-Mar-2024,22500,CE,355.05,366.25,256.5,271.45,271.45,20907,238473.92,861100,59950,21-FEB-2024,
OPTIDX,NIFTY,28-Mar-2024,22550,CE,324.05,339.35,237.1,250.2,250.2,313,3575.37,24850,2450,21-FEB-2024,
OPTIDX,NIFTY,28-Mar-2024,22600,CE,301.95,315.5,218.1,231.75,231.75,2757,31529.55,101300,-2550,21-FEB-2024,
OPTIDX,NIFTY,28-Mar-2024,22650,CE,278.05,290.5,205.5,217.15,217.15,278,3182.62,10300,-3200,21-FEB-2024,
OPTIDX,NIFTY,28-Mar-2024,22700,CE,257.45,271.8,184.25,197,197,3618,41483.41,146200,19000,21-FEB-2024,
OPTIDX,NIFTY,28-Mar-2024,22750,CE,238.95,247.5,167.45,180.2,180.2,453,5200.13,15450,-2350,21-FEB-2024,
OPTIDX,NIFTY,28-Mar-2024,22800,CE,220.95,231.6,153.95,163.6,163.6,4456,51229.49,495650,31750,21-FEB-2024,
OPTIDX,NIFTY,28-Mar-2024,22850,CE,200.5,211.05,142.15,150.55,150.55,406,4674.25,13950,-7200,21-FEB-2024,
OPTIDX,NIFTY,28-Mar-2024,22900,CE,183.95,195,128.85,135.75,135.75,2203,25400.24,180100,2900,21-FEB-2024,
OPTIDX,NIFTY,28-Mar-2024,22950,CE,169.95,180.65,120.5,128.35,128.35,356,4111.37,32200,-2450,21-FEB-2024,
OPTIDX,NIFTY,28-Mar-2024,23000,CE,165.05,165.65,109.35,117.6,117.6,30862,357073.92,1698450,88300,21-FEB-2024,
OPTIDX,NIFTY,28-Mar-2024,23050,CE,144.75,149.7,91.35,102.4,102.4,335,3881.68,16150,-3000,21-FEB-2024,
OPTIDX,NIFTY,28-Mar-2024,23100,CE,131.95,136.8,89.1,94.2,94.2,5010,58142.33,207850,71150,21-FEB-2024,
OPTIDX,NIFTY,28-Mar-2024,23150,CE,119.6,123.45,82.2,86.8,86.8,519,6031.82,24550,-5800,21-FEB-2024,
OPTIDX,NIFTY,28-Mar-2024,23200,CE,109.95,112.35,72.05,78.9,78.9,3878,45163.05,161500,51600,21-FEB-2024,
OPTIDX,NIFTY,28-Mar-2024,23250,CE,98.95,102.25,68.05,71,71,326,3803.72,8700,450,21-FEB-2024,
OPTIDX,NIFTY,28-Mar-2024,23300,CE,91.95,93.95,61.35,64.4,64.4,1938,22653.4,151100,2400,21-FEB-2024,
OPTIDX,NIFTY,28-Mar-2024,23350,CE,82.95,84,56.1,58.45,58.45,466,5457.45,8000,100,21-FEB-2024,
OPTIDX,NIFTY,28-Mar-2024,23400,CE,85,85,51.35,54,54,2083,24437.32,62950,5600,21-FEB-2024,
OPTIDX,NIFTY,28-Mar-2024,23450,CE,68.55,69.4,47.45,50.2,50.2,837,9838.55,17750,7550,21-FEB-2024,
OPTIDX,NIFTY,28-Mar-2024,23500,CE,66.05,66.05,44,46.2,46.2,19563,230382.28,928450,234650,21-FEB-2024,
OPTIDX,NIFTY,28-Mar-2024,23550,CE,55,57.65,39,40.95,40.95,423,4990.44,12250,4550,21-FEB-2024,
OPTIDX,NIFTY,28-Mar-2024,23600,CE,50.3,52.4,35.35,37.4,37.4,1841,21764.53,70200,23650,21-FEB-2024,
OPTIDX,NIFTY,28-Mar-2024,23650,CE,46.75,46.75,31.8,33.65,33.65,91,1077.84,9250,250,21-FEB-2024,
OPTIDX,NIFTY,28-Mar-2024,23700,CE,41.15,42.95,29,30.75,30.75,2142,25421.12,104500,-4650,21-FEB-2024,
OPTIDX,NIFTY,28-Mar-2024,23750,CE,38,39.5,27.7,28.9,28.9,138,1641.02,7400,-200,21-FEB-2024,
OPTIDX,NIFTY,28-Mar-2024,23800,CE,34.5,35.95,24.65,26.05,26.05,1835,21863.24,81400,21450,21-FEB-2024,
OPTIDX,NIFTY,28-Mar-2024,23850,CE,32.35,33.8,23.25,24.55,24.55,479,5718.73,25500,3150,21-FEB-2024,
OPTIDX,NIFTY,28-Mar-2024,23900,CE,30.05,31.2,21.35,22.45,22.45,777,9295.45,4550,4550,21-FEB-2024,
OPTIDX,NIFTY,28-Mar-2024,23950,CE,0,0,0,128.7,8.6,0,0,0,0,21-FEB-2024,
OPTIDX,NIFTY,28-Mar-2024,24000,CE,27,27.3,18.5,19.55,19.55,24683,296473.94,1112500,-60850,21-FEB-2024,
OPTIDX,NIFTY,28-Mar-2024,25000,CE,8.05,8.9,6.3,6.85,6.85,1831,22894.63,378650,-1200,21-FEB-2024,
OPTIDX,NIFTY,28-Mar-2024,26000,CE,5.85,6.85,5.3,5.45,5.45,290,3770.83,149600,1800,21-FEB-2024,
OPTIDX,NIFTY,28-Mar-2024,27000,CE,4,4,3.5,3.65,3.65,237,3199.93,37450,-950,21-FEB-2024,
OPTIDX,NIFTY,28-Mar-2024,14000,PE,2.1,2.7,1.8,2.3,2.3,38,266.03,138000,-150,21-FEB-2024,
OPTIDX,NIFTY,28-Mar-2024,15000,PE,3.35,3.45,2.55,3.4,3.4,7,52.51,10300,-50,21-FEB-2024,
OPTIDX,NIFTY,28-Mar-2024,16000,PE,4.15,4.15,3.8,3.85,3.85,16,128.03,133150,-200,21-FEB-2024,
OPTIDX,NIFTY,28-Mar-2024,17000,PE,5.7,6.5,5.7,6.15,6.15,232,1972.71,317200,-2150,21-FEB-2024,
OPTIDX,NIFTY,28-Mar-2024,18000,PE,8,8.5,7.55,8,8,582,5240.35,833400,-2300,21-FEB-2024,
OPTIDX,NIFTY,28-Mar-2024,19000,PE,11,11.7,10.75,11.25,11.25,2318,22034.03,1434850,-2200,21-FEB-2024,
OPTIDX,NIFTY,28-Mar-2024,19500,PE,13.25,14.25,12.6,13.4,13.4,734,7161.41,170900,-4150,21-FEB-2024,
OPTIDX,NIFTY,28-Mar-2024,19550,PE,0,0,0,16.25,0.1,0,0,1200,0,21-FEB-2024,
OPTIDX,NIFTY,28-Mar-2024,19600,PE,3.1,3.1,3.1,3.1,0.15,4,39.2,17200,0,21-FEB-2024,
OPTIDX,NIFTY,28-Mar-2024,19650,PE,0,0,0,60,0.2,0,0,1350,0,21-FEB-2024,
OPTIDX,NIFTY,28-Mar-2024,19700,PE,13.5,14.8,11.35,14.35,14.35,183,1803.77,102050,250,21-FEB-2024,
OPTIDX,NIFTY,28-Mar-2024,19750,PE,0,0,0,51,0.3,0,0,750,0,21-FEB-2024,
OPTIDX,NIFTY,28-Mar-2024,19800,PE,14.65,16.5,14.15,15.7,15.7,1145,11344.03,163250,-10850,21-FEB-2024,
OPTIDX,NIFTY,28-Mar-2024,19850,PE,0,0,0,66.85,0.45,0,0,200,0,21-FEB-2024,
OPTIDX,NIFTY,28-Mar-2024,19900,PE,16.5,18.25,15.85,17.3,17.3,877,8733.54,224150,-150,21-FEB-2024,
OPTIDX,NIFTY,28-Mar-2024,19950,PE,0,0,0,52,0.7,0,0,0,0,21-FEB-2024,
OPTIDX,NIFTY,28-Mar-2024,20000,PE,19,22.5,18.55,21.2,21.2,10763,107741.56,2615100,69150,21-FEB-2024,
OPTIDX,NIFTY,28-Mar-2024,20050,PE,20.4,22.4,19.55,21.65,21.65,50,501.76,4000,-1600,21-FEB-2024,
OPTIDX,NIFTY,28-Mar-2024,20100,PE,20.3,22.95,19.15,21.9,21.9,1511,15201.63,239950,-23350,21-FEB-2024,
OPTIDX,NIFTY,28-Mar-2024,20150,PE,0,0,0,49.6,1.65,0,0,2000,0,21-FEB-2024,
OPTIDX,NIFTY,28-Mar-2024,20200,PE,23.3,26.55,21.45,24.9,24.9,2260,22852.94,344400,4150,21-FEB-2024,
OPTIDX,NIFTY,28-Mar-2024,20250,PE,0,0,0,51.1,2.45,0,0,100,0,21-FEB-2024,
OPTIDX,NIFTY,28-Mar-2024,20300,PE,26.9,30.2,24,28.25,28.25,2598,26405.29,219250,-11750,21-FEB-2024,
OPTIDX,NIFTY,28-Mar-2024,20350,PE,0,0,0,17.2,3.55,0,0,7650,0,21-FEB-2024,
OPTIDX,NIFTY,28-Mar-2024,20400,PE,30.15,34.2,27,32.05,32.05,1506,15384.51,308500,6750,21-FEB-2024,
OPTIDX,NIFTY,28-Mar-2024,20450,PE,0,0,0,104,5.1,0,0,1150,0,21-FEB-2024,
OPTIDX,NIFTY,28-Mar-2024,20500,PE,36.4,40.85,32.3,38.3,38.3,13091,134420.5,1333350,67400,21-FEB-2024,
OPTIDX,NIFTY,28-Mar-2024,20550,PE,0,0,0,80.6,7.15,0,0,3700,0,21-FEB-2024,
OPTIDX,NIFTY,28-Mar-2024,20600,PE,36.2,45.7,35.25,42.95,42.95,1613,16646.09,237900,10750,21-FEB-2024,
OPTIDX,NIFTY,28-Mar-2024,20650,PE,43.45,49.6,37.9,46.1,46.1,239,2472.82,18900,1500,21-FEB-2024,
OPTIDX,NIFTY,28-Mar-2024,20700,PE,45.85,52.9,40,49.1,49.1,3080,31949.93,256400,35300,21-FEB-2024,
OPTIDX,NIFTY,28-Mar-2024,20750,PE,49.5,57.15,43.75,53.45,53.45,262,2724.71,19300,350,21-FEB-2024,
OPTIDX,NIFTY,28-Mar-2024,20800,PE,51,61.95,46.15,58,58,4295,44783.47,307950,18000,21-FEB-2024,
OPTIDX,NIFTY,28-Mar-2024,20850,PE,57.4,66.45,50.35,62.2,62.2,173,1808.56,7300,500,21-FEB-2024,
OPTIDX,NIFTY,28-Mar-2024,20900,PE,61.25,71.8,53.7,67.2,67.2,3033,31788.73,166550,11550,21-FEB-2024,
OPTIDX,NIFTY,28-Mar-2024,20950,PE,65.5,77.95,58.35,73.95,73.95,126,1324.21,22900,-600,21-FEB-2024,
OPTIDX,NIFTY,28-Mar-2024,21000,PE,72.3,86,64,80.05,80.05,25194,265477.89,3451500,47350,21-FEB-2024,
OPTIDX,NIFTY,28-Mar-2024,21050,PE,77.35,89.85,67.3,84.8,84.8,175,1848.46,30600,-1650,21-FEB-2024,
OPTIDX,NIFTY,28-Mar-2024,21100,PE,81.95,96.5,71,90.6,90.6,2468,26143,120800,-950,21-FEB-2024,
OPTIDX,NIFTY,28-Mar-2024,21150,PE,87.65,104.05,76.55,98.9,98.9,266,2824.47,13900,-250,21-FEB-2024,
OPTIDX,NIFTY,28-Mar-2024,21200,PE,92.95,110.7,81.3,103.2,103.2,4558,48528.93,193250,25200,21-FEB-2024,
OPTIDX,NIFTY,28-Mar-2024,21250,PE,98.6,118.75,86.8,110.8,110.8,412,4398.09,20200,-1650,21-FEB-2024,
OPTIDX,NIFTY,28-Mar-2024,21300,PE,106.95,126.95,92.25,116.95,116.95,4593,49159.79,298450,43400,21-FEB-2024,
OPTIDX,NIFTY,28-Mar-2024,21350,PE,118,136,101.55,125.55,125.55,386,4142.98,33850,3300,21-FEB-2024,
OPTIDX,NIFTY,28-Mar-2024,21400,PE,120.55,146.5,106.25,136.75,136.75,3668,39476.37,199900,16250,21-FEB-2024,
OPTIDX,NIFTY,28-Mar-2024,21450,PE,132.45,156.5,114.8,146.3,146.3,432,4662.89,10750,-4050,21-FEB-2024,
OPTIDX,NIFTY,28-Mar-2024,21500,PE,140.05,170,123.25,159.45,159.45,20723,224285.53,1449200,76900,21-FEB-2024,
OPTIDX,NIFTY,28-Mar-2024,21550,PE,149.75,179.65,132.1,168,168,446,4839.27,10150,-450,21-FEB-2024,
OPTIDX,NIFTY,28-Mar-2024,21600,PE,156.05,191.25,139.95,179.9,179.9,4554,49555.34,331850,38000,21-FEB-2024,
OPTIDX,NIFTY,28-Mar-2024,21650,PE,163.05,200.85,150.5,193.95,193.95,248,2705.99,15200,1600,21-FEB-2024,
OPTIDX,NIFTY,28-Mar-2024,21700,PE,183.45,219.5,161.55,206.3,206.3,6764,74034.82,315600,89300,21-FEB-2024,
OPTIDX,NIFTY,28-Mar-2024,21750,PE,198,234,174.85,221,221,1357,14891.67,25300,-400,21-FEB-2024,
OPTIDX,NIFTY,28-Mar-2024,21800,PE,204.05,252.6,185.8,234.65,234.65,11935,131406.46,363300,19700,21-FEB-2024,
OPTIDX,NIFTY,28-Mar-2024,21850,PE,220.7,267.05,198.2,254,254,324,3577.79,18950,-150,21-FEB-2024,
OPTIDX,NIFTY,28-Mar-2024,21900,PE,236.45,287.55,211.4,266.05,266.05,6380,70650.98,255800,39700,21-FEB-2024,
OPTIDX,NIFTY,28-Mar-2024,21950,PE,249.6,304,227.6,288,288,467,5187.5,13700,550,21-FEB-2024,
OPTIDX,NIFTY,28-Mar-2024,22000,PE,266.05,324,239.55,305.2,305.2,40947,456151.49,2004450,163700,21-FEB-2024,
OPTIDX,NIFTY,28-Mar-2024,22050,PE,280,344.5,255.5,331.55,331.55,537,6000.52,20600,-200,21-FEB-2024,
OPTIDX,NIFTY,28-Mar-2024,22100,PE,298.05,367,272.85,343.65,343.65,6311,70756.37,175900,-50,21-FEB-2024,
OPTIDX,NIFTY,28-Mar-2024,22150,PE,317.05,387.45,289.7,372.3,372.3,832,9353.47,22300,1550,21-FEB-2024,
OPTIDX,NIFTY,28-Mar-2024,22200,PE,336.95,411.05,307.55,388,388,13725,154779.93,309450,115400,21-FEB-2024,
OPTIDX,NIFTY,28-Mar-2024,22250,PE,356.7,435,327.1,408.55,408.55,1053,11908.66,19300,2050,21-FEB-2024,
OPTIDX,NIFTY,28-Mar-2024,22300,PE,377.65,461.7,346.8,437.05,437.05,4521,51295.29,179850,26550,21-FEB-2024,
OPTIDX,NIFTY,28-Mar-2024,22350,PE,393.45,486.45,369,468.6,468.6,215,2447.2,8750,-150,21-FEB-2024,
OPTIDX,NIFTY,28-Mar-2024,22400,PE,424.05,515.9,390,489.1,489.1,3052,34853.94,118250,80800,21-FEB-2024,
OPTIDX,NIFTY,28-Mar-2024,22450,PE,440,541.65,425.3,518.4,518.4,137,1569.21,5500,-300,21-FEB-2024,
OPTIDX,NIFTY,28-Mar-2024,22500,PE,473.45,570.35,435.5,544.6,544.6,11321,130123.4,326800,-22600,21-FEB-2024,
OPTIDX,NIFTY,28-Mar-2024,22550,PE,494.5,600.8,465.05,589,589,669,7711.2,41100,23250,21-FEB-2024,
OPTIDX,NIFTY,28-Mar-2024,22600,PE,524.05,628.7,486.65,605.75,605.75,798,9232.97,54600,16150,21-FEB-2024,
OPTIDX,NIFTY,28-Mar-2024,22650,PE,533,659.1,515,645.9,645.9,354,4111.71,50800,15100,21-FEB-2024,
OPTIDX,NIFTY,28-Mar-2024,22700,PE,576.95,692,544.05,650.45,650.45,443,5159.31,22450,3900,21-FEB-2024,
OPTIDX,NIFTY,28-Mar-2024,22750,PE,602.95,722.2,581,700.7,700.7,114,1333.7,13150,3450,21-FEB-2024,
OPTIDX,NIFTY,28-Mar-2024,22800,PE,645,764.15,606,734.15,734.15,671,7867.44,27300,12450,21-FEB-2024,
OPTIDX,NIFTY,28-Mar-2024,22850,PE,666,711,649,711,759.25,31,364.52,10450,950,21-FEB-2024,
OPTIDX,NIFTY,28-Mar-2024,22900,PE,705.95,782.2,667,782.2,798.2,100,1180.07,12500,2000,21-FEB-2024,
OPTIDX,NIFTY,28-Mar-2024,22950,PE,731.15,816.8,714,816.8,838,51,603.76,3950,1300,21-FEB-2024,
OPTIDX,NIFTY,28-Mar-2024,23000,PE,774,916.3,730.45,872.15,872.15,4166,49558.59,329700,47900,21-FEB-2024,
OPTIDX,NIFTY,28-Mar-2024,23050,PE,802.45,919.7,802.45,919.7,919.7,5,59.75,2150,150,21-FEB-2024,
OPTIDX,NIFTY,28-Mar-2024,23100,PE,850,982.7,797.75,982.7,961.7,18,215.47,2750,350,21-FEB-2024,
OPTIDX,NIFTY,28-Mar-2024,23150,PE,0,0,0,1092.1,1004.25,0,0,1100,0,21-FEB-2024,
OPTIDX,NIFTY,28-Mar-2024,23200,PE,920.15,1040,910,1021.4,1021.4,47,567.42,4150,50,21-FEB-2024,
OPTIDX,NIFTY,28-Mar-2024,23250,PE,956.85,1094.8,956.85,1094.8,1094.8,5,60.72,1000,-50,21-FEB-2024,
OPTIDX,NIFTY,28-Mar-2024,23300,PE,997.2,1140.25,960.05,1140.25,1140.25,10,121.65,1450,0,21-FEB-2024,
OPTIDX,NIFTY,28-Mar-2024,23350,PE,1036.45,1180.6,1036.45,1180.6,1180.6,4,48.91,600,50,21-FEB-2024,
OPTIDX,NIFTY,28-Mar-2024,23400,PE,1072.3,1072.3,1072.3,1072.3,1225.45,1,12.23,900,50,21-FEB-2024,
OPTIDX,NIFTY,28-Mar-2024,23450,PE,1121.05,1266.5,1121.05,1266.5,1266.5,5,61.62,250,100,21-FEB-2024,
OPTIDX,NIFTY,28-Mar-2024,23500,PE,1170.05,1329.45,1127.65,1279.3,1279.3,319,3941.37,52950,10350,21-FEB-2024,
OPTIDX,NIFTY,28-Mar-2024,23550,PE,0,0,0,1307.4,1363.55,0,0,150,0,21-FEB-2024,
OPTIDX,NIFTY,28-Mar-2024,23600,PE,0,0,0,1581.9,1410.3,0,0,0,0,21-FEB-2024,
OPTIDX,NIFTY,28-Mar-2024,23650,PE,0,0,0,1621.9,1457.35,0,0,0,0,21-FEB-2024,
OPTIDX,NIFTY,28-Mar-2024,23700,PE,0,0,0,1662.25,1504.65,0,0,0,0,21-FEB-2024,
OPTIDX,NIFTY,28-Mar-2024,23750,PE,0,0,0,1702.95,1552.25,0,0,0,0,21-FEB-2024,
OPTIDX,NIFTY,28-Mar-2024,23800,PE,0,0,0,1744.05,1600.05,0,0,0,0,21-FEB-2024,
OPTIDX,NIFTY,28-Mar-2024,23850,PE,0,0,0,1785.45,1648.05,0,0,0,0,21-FEB-2024,
OPTIDX,NIFTY,28-Mar-2024,23900,PE,0,0,0,1827.15,1696.25,0,0,0,0,21-FEB-2024,
OPTIDX,NIFTY,28-Mar-2024,23950,PE,0,0,0,1869.2,1744.65,0,0,0,0,21-FEB-2024,
OPTIDX,NIFTY,28-Mar-2024,24000,PE,1605.3,1806.75,1585.8,1753,1753,824,10564.83,328100,24150,21-FEB-2024,
OPTIDX,NIFTY,28-Mar-2024,25000,PE,2597.95,2780,2558.85,2746.4,2746.4,267,3694.56,430600,-4200,21-FEB-2024,
OPTIDX,NIFTY,28-Mar-2024,26000,PE,3560,3760,3560,3731.8,3731.8,14,207.96,8900,100,21-FEB-2024,
OPTIDX,NIFTY,28-Mar-2024,27000,PE,4499,4573.5,4499,4568.95,4765.8,5,78.89,13600,50,21-FEB-2024,
OPTIDX,NIFTY,25-Apr-2024,19600,CE,0,0,0,2149.7,2687.75,0,0,0,0,21-FEB-2024,
OPTIDX,NIFTY,25-Apr-2024,19650,CE,0,0,0,2104.85,2638.7,0,0,0,0,21-FEB-2024,
OPTIDX,NIFTY,25-Apr-2024,19700,CE,0,0,0,2060.25,2589.7,0,0,0,0,21-FEB-2024,
OPTIDX,NIFTY,25-Apr-2024,19750,CE,0,0,0,2016,2540.7,0,0,0,0,21-FEB-2024,
OPTIDX,NIFTY,25-Apr-2024,19800,CE,0,0,0,1972,2491.8,0,0,0,0,21-FEB-2024,
OPTIDX,NIFTY,25-Apr-2024,19850,CE,0,0,0,1928.35,2443,0,0,0,0,21-FEB-2024,
OPTIDX,NIFTY,25-Apr-2024,19900,CE,0,0,0,1885,2394.25,0,0,0,0,21-FEB-2024,
OPTIDX,NIFTY,25-Apr-2024,19950,CE,0,0,0,1842,2345.6,0,0,0,0,21-FEB-2024,
OPTIDX,NIFTY,25-Apr-2024,20000,CE,2507.9,2545,2364.7,2364.7,2364.7,18,202.39,5050,750,21-FEB-2024,
OPTIDX,NIFTY,25-Apr-2024,20050,CE,0,0,0,1757.1,2248.6,0,0,0,0,21-FEB-2024,
OPTIDX,NIFTY,25-Apr-2024,20100,CE,0,0,0,1715.15,2200.25,0,0,0,0,21-FEB-2024,
OPTIDX,NIFTY,25-Apr-2024,20150,CE,0,0,0,1673.65,2152.05,0,0,0,0,21-FEB-2024,
OPTIDX,NIFTY,25-Apr-2024,20200,CE,0,0,0,1632.55,2103.95,0,0,0,0,21-FEB-2024,
OPTIDX,NIFTY,25-Apr-2024,20250,CE,0,0,0,1591.85,2056.05,0,0,0,0,21-FEB-2024,
OPTIDX,NIFTY,25-Apr-2024,20300,CE,0,0,0,1551.6,2008.3,0,0,0,0,21-FEB-2024,
OPTIDX,NIFTY,25-Apr-2024,20350,CE,0,0,0,1511.75,1960.75,0,0,0,0,21-FEB-2024,
OPTIDX,NIFTY,25-Apr-2024,20400,CE,0,0,0,1472.35,1913.4,0,0,0,0,21-FEB-2024,
OPTIDX,NIFTY,25-Apr-2024,20450,CE,0,0,0,1433.45,1866.25,0,0,0,0,21-FEB-2024,
OPTIDX,NIFTY,25-Apr-2024,20500,CE,0,0,0,2026,1819.35,0,0,650,0,21-FEB-2024,
OPTIDX,NIFTY,25-Apr-2024,20550,CE,0,0,0,1357.05,1772.7,0,0,0,0,21-FEB-2024,
OPTIDX,NIFTY,25-Apr-2024,20600,CE,0,0,0,1319.6,1726.35,0,0,0,0,21-FEB-2024,
OPTIDX,NIFTY,25-Apr-2024,20650,CE,0,0,0,1282.65,1680.25,0,0,0,0,21-FEB-2024,
OPTIDX,NIFTY,25-Apr-2024,20700,CE,0,0,0,1247,1634.45,0,0,0,0,21-FEB-2024,
OPTIDX,NIFTY,25-Apr-2024,20750,CE,0,0,0,1211,1589,0,0,0,0,21-FEB-2024,
OPTIDX,NIFTY,25-Apr-2024,20800,CE,0,0,0,1174.75,1543.9,0,0,0,0,21-FEB-2024,
OPTIDX,NIFTY,25-Apr-2024,20850,CE,0,0,0,1139.95,1499.2,0,0,0,0,21-FEB-2024,
OPTIDX,NIFTY,25-Apr-2024,20900,CE,0,0,0,1105.75,1454.9,0,0,0,0,21-FEB-2024,
OPTIDX,NIFTY,25-Apr-2024,20950,CE,0,0,0,1072.05,1411,0,0,0,0,21-FEB-2024,
OPTIDX,NIFTY,25-Apr-2024,21000,CE,1630,1650,1450,1482.9,1482.9,57,643.4,32700,500,21-FEB-2024,
OPTIDX,NIFTY,25-Apr-2024,21050,CE,0,0,0,1006.45,1324.55,0,0,0,0,21-FEB-2024,
OPTIDX,NIFTY,25-Apr-2024,21100,CE,0,0,0,974.55,1282.05,0,0,0,0,21-FEB-2024,
OPTIDX,NIFTY,25-Apr-2024,21150,CE,0,0,0,943.2,1240.1,0,0,0,0,21-FEB-2024,
OPTIDX,NIFTY,25-Apr-2024,21200,CE,0,0,0,912.45,1198.65,0,0,0,0,21-FEB-2024,
OPTIDX,NIFTY,25-Apr-2024,21250,CE,1360.7,1360.7,1260.05,1260.05,1157.75,2,22.56,300,0,21-FEB-2024,
OPTIDX,NIFTY,25-Apr-2024,21300,CE,0,0,0,852.8,1117.45,0,0,0,0,21-FEB-2024,
OPTIDX,NIFTY,25-Apr-2024,21350,CE,0,0,0,823.9,1077.8,0,0,0,0,21-FEB-2024,
OPTIDX,NIFTY,25-Apr-2024,21400,CE,1160,1160,1160,1160,1038.75,1,11.28,100,0,21-FEB-2024,
OPTIDX,NIFTY,25-Apr-2024,21450,CE,0,0,0,767.95,1000.35,0,0,0,0,21-FEB-2024,
OPTIDX,NIFTY,25-Apr-2024,21500,CE,1196.1,1232,1055,1081.5,1081.5,181,2050.04,26900,1600,21-FEB-2024,
OPTIDX,NIFTY,25-Apr-2024,21550,CE,0,0,0,714.45,925.6,0,0,0,0,21-FEB-2024,
OPTIDX,NIFTY,25-Apr-2024,21600,CE,1134.2,1134.25,1003.75,1003.75,889.3,5,56.7,3250,0,21-FEB-2024,
OPTIDX,NIFTY,25-Apr-2024,21650,CE,0,0,0,663.45,853.7,0,0,0,0,21-FEB-2024,
OPTIDX,NIFTY,25-Apr-2024,21700,CE,1054.45,1076.1,920,920,920,40,454.87,6750,500,21-FEB-2024,
OPTIDX,NIFTY,25-Apr-2024,21750,CE,0,0,0,840.3,784.85,0,0,600,0,21-FEB-2024,
OPTIDX,NIFTY,25-Apr-2024,21800,CE,989,1017.7,853.45,864.5,864.5,50,568.61,4150,300,21-FEB-2024,
OPTIDX,NIFTY,25-Apr-2024,21850,CE,0,0,0,932.1,719.1,0,0,150,0,21-FEB-2024,
OPTIDX,NIFTY,25-Apr-2024,21900,CE,900,900.05,788.5,805.25,805.25,38,431.6,6000,200,21-FEB-2024,
OPTIDX,NIFTY,25-Apr-2024,21950,CE,800,800,770,780,656.55,47,534.18,1450,-1350,21-FEB-2024,
OPTIDX,NIFTY,25-Apr-2024,22000,CE,856,880,725,748.2,748.2,1064,12131.28,108100,950,21-FEB-2024,
OPTIDX,NIFTY,25-Apr-2024,22050,CE,0,0,0,746.8,597.4,0,0,650,0,21-FEB-2024,
OPTIDX,NIFTY,25-Apr-2024,22100,CE,791,814.9,668.7,691.5,691.5,91,1038.81,8450,1050,21-FEB-2024,
OPTIDX,NIFTY,25-Apr-2024,22150,CE,737.15,745.7,642.8,642.8,541.55,4,45.72,300,-50,21-FEB-2024,
OPTIDX,NIFTY,25-Apr-2024,22200,CE,718.55,746,612,626.85,626.85,336,3847.84,15150,8050,21-FEB-2024,
OPTIDX,NIFTY,25-Apr-2024,22250,CE,603.25,603.25,595.95,595.95,595.95,2,22.84,100,50,21-FEB-2024,
OPTIDX,NIFTY,25-Apr-2024,22300,CE,659.8,687.8,556.4,576.2,576.2,84,963.57,3400,750,21-FEB-2024,
OPTIDX,NIFTY,25-Apr-2024,22350,CE,550,550,550,550,550,2,22.9,350,100,21-FEB-2024,
OPTIDX,NIFTY,25-Apr-2024,22400,CE,621.55,621.95,505,524.4,524.4,29,332.93,4400,450,21-FEB-2024,
OPTIDX,NIFTY,25-Apr-2024,22450,CE,0,0,0,342.1,394.55,0,0,0,0,21-FEB-2024,
OPTIDX,NIFTY,25-Apr-2024,22500,CE,558.7,571,457.35,473.3,473.3,1716,19750.34,148200,3200,21-FEB-2024,
OPTIDX,NIFTY,25-Apr-2024,22550,CE,0,0,0,441.3,352.3,0,0,50,0,21-FEB-2024,
OPTIDX,NIFTY,25-Apr-2024,22600,CE,505,505,505,505,332.45,8,92.42,1300,-50,21-FEB-2024,
OPTIDX,NIFTY,25-Apr-2024,22650,CE,0,0,0,418.85,313.35,0,0,100,0,21-FEB-2024,
OPTIDX,NIFTY,25-Apr-2024,22700,CE,442.3,465.9,401,404.45,404.45,27,312.36,1600,400,21-FEB-2024,
OPTIDX,NIFTY,25-Apr-2024,22750,CE,0,0,0,279.45,277.6,0,0,400,0,21-FEB-2024,
OPTIDX,NIFTY,25-Apr-2024,22800,CE,410.95,418.2,323.85,349.8,349.8,68,787.38,6900,200,21-FEB-2024,
OPTIDX,NIFTY,25-Apr-2024,22850,CE,0,0,0,235.4,244.95,0,0,0,0,21-FEB-2024,
OPTIDX,NIFTY,25-Apr-2024,22900,CE,0,0,0,362.95,229.75,0,0,1300,0,21-FEB-2024,
OPTIDX,NIFTY,25-Apr-2024,22950,CE,0,0,0,212.35,215.25,0,0,0,0,21-FEB-2024,
OPTIDX,NIFTY,25-Apr-2024,23000,CE,330,337.85,266.7,278.4,278.4,2467,28753.64,240250,8100,21-FEB-2024,
OPTIDX,NIFTY,25-Apr-2024,23050,CE,0,0,0,191.9,188.4,0,0,0,0,21-FEB-2024,
OPTIDX,NIFTY,25-Apr-2024,23100,CE,286,286,286,286,286,1,11.69,2600,-50,21-FEB-2024,
OPTIDX,NIFTY,25-Apr-2024,23150,CE,0,0,0,173.05,164.2,0,0,0,0,21-FEB-2024,
OPTIDX,NIFTY,25-Apr-2024,23200,CE,0,0,0,164.2,153.05,0,0,0,0,21-FEB-2024,
OPTIDX,NIFTY,25-Apr-2024,23250,CE,0,0,0,138,142.55,0,0,50,0,21-FEB-2024,
OPTIDX,NIFTY,25-Apr-2024,23300,CE,0,0,0,215,132.6,0,0,750,0,21-FEB-2024,
OPTIDX,NIFTY,25-Apr-2024,23350,CE,0,0,0,194.8,123.2,0,0,150,0,21-FEB-2024,
OPTIDX,NIFTY,25-Apr-2024,23400,CE,189,189,184.6,184.6,114.35,7,82.55,650,100,21-FEB-2024,
OPTIDX,NIFTY,25-Apr-2024,23450,CE,0,0,0,163,106.05,0,0,100,0,21-FEB-2024,
OPTIDX,NIFTY,25-Apr-2024,23500,CE,182,182.05,140.8,147.25,147.25,1140,13486.42,101100,14150,21-FEB-2024,
OPTIDX,NIFTY,25-Apr-2024,23550,CE,0,0,0,182.75,90.9,0,0,750,0,21-FEB-2024,
OPTIDX,NIFTY,25-Apr-2024,23600,CE,140.25,141.1,120.85,127.6,127.6,91,1079.95,2450,-150,21-FEB-2024,
OPTIDX,NIFTY,25-Apr-2024,23650,CE,0,0,0,112.95,77.6,0,0,850,0,21-FEB-2024,
OPTIDX,NIFTY,25-Apr-2024,23700,CE,125.55,137.45,106.15,110.95,110.95,234,2787.19,26900,150,21-FEB-2024,
OPTIDX,NIFTY,25-Apr-2024,23750,CE,0,0,0,89.2,65.95,0,0,0,0,21-FEB-2024,
OPTIDX,NIFTY,25-Apr-2024,23800,CE,109.45,121.05,92.65,96.5,96.5,191,2283.36,9050,2150,21-FEB-2024,
OPTIDX,NIFTY,25-Apr-2024,23850,CE,107,107,100,100,55.8,2,23.95,150,100,21-FEB-2024,
OPTIDX,NIFTY,25-Apr-2024,23900,CE,84.3,102.4,81.8,87.05,87.05,126,1511.48,4400,4400,21-FEB-2024,
OPTIDX,NIFTY,25-Apr-2024,23950,CE,0,0,0,70.4,47.05,0,0,0,0,21-FEB-2024,
OPTIDX,NIFTY,25-Apr-2024,19600,PE,28.2,30,25.35,28.55,28.55,32,314.06,5200,1200,21-FEB-2024,
OPTIDX,NIFTY,25-Apr-2024,19650,PE,0,0,0,57.1,2.45,0,0,0,0,21-FEB-2024,
OPTIDX,NIFTY,25-Apr-2024,19700,PE,0,0,0,52.2,2.85,0,0,450,0,21-FEB-2024,
OPTIDX,NIFTY,25-Apr-2024,19750,PE,0,0,0,74,3.3,0,0,350,0,21-FEB-2024,
OPTIDX,NIFTY,25-Apr-2024,19800,PE,0,0,0,71.65,3.8,0,0,0,0,21-FEB-2024,
OPTIDX,NIFTY,25-Apr-2024,19850,PE,0,0,0,46,4.4,0,0,50,0,21-FEB-2024,
OPTIDX,NIFTY,25-Apr-2024,19900,PE,0,0,0,82.85,5.05,0,0,0,0,21-FEB-2024,
OPTIDX,NIFTY,25-Apr-2024,19950,PE,0,0,0,89,5.8,0,0,0,0,21-FEB-2024,
OPTIDX,NIFTY,25-Apr-2024,20000,PE,40.05,46,40,44.1,44.1,1007,10091.66,356100,7100,21-FEB-2024,
OPTIDX,NIFTY,25-Apr-2024,20050,PE,0,0,0,102.3,7.65,0,0,0,0,21-FEB-2024,
OPTIDX,NIFTY,25-Apr-2024,20100,PE,0,0,0,45.1,8.7,0,0,50,0,21-FEB-2024,
OPTIDX,NIFTY,25-Apr-2024,20150,PE,0,0,0,33,9.9,0,0,50,0,21-FEB-2024,
OPTIDX,NIFTY,25-Apr-2024,20200,PE,29,29,29,29,29,1,10.11,50,50,21-FEB-2024,
OPTIDX,NIFTY,25-Apr-2024,20250,PE,0,0,0,133.55,12.75,0,0,0,0,21-FEB-2024,
OPTIDX,NIFTY,25-Apr-2024,20300,PE,0,0,0,142.4,14.45,0,0,0,0,21-FEB-2024,
OPTIDX,NIFTY,25-Apr-2024,20350,PE,0,0,0,151.7,16.3,0,0,0,0,21-FEB-2024,
OPTIDX,NIFTY,25-Apr-2024,20400,PE,0,0,0,161.45,18.35,0,0,0,0,21-FEB-2024,
OPTIDX,NIFTY,25-Apr-2024,20450,PE,0,0,0,171.65,20.6,0,0,0,0,21-FEB-2024,
OPTIDX,NIFTY,25-Apr-2024,20500,PE,76,82.1,67,78.9,78.9,2460,25306.22,356800,42400,21-FEB-2024,
OPTIDX,NIFTY,25-Apr-2024,20550,PE,0,0,0,193.5,25.9,0,0,0,0,21-FEB-2024,
OPTIDX,NIFTY,25-Apr-2024,20600,PE,49.2,85.5,49.2,80.9,80.9,12,124.06,950,550,21-FEB-2024,
OPTIDX,NIFTY,25-Apr-2024,20650,PE,0,0,0,217.35,32.25,0,0,0,0,21-FEB-2024,
OPTIDX,NIFTY,25-Apr-2024,20700,PE,88.6,96.25,77.85,95.3,95.3,850,8834.8,80000,23550,21-FEB-2024,
OPTIDX,NIFTY,25-Apr-2024,20750,PE,0,0,0,243.95,39.8,0,0,0,0,21-FEB-2024,
OPTIDX,NIFTY,25-Apr-2024,20800,PE,97.9,108.05,88.85,105.55,105.55,714,7460.34,58500,27400,21-FEB-2024,
OPTIDX,NIFTY,25-Apr-2024,20850,PE,0,0,0,271.15,48.85,0,0,0,0,21-FEB-2024,
OPTIDX,NIFTY,25-Apr-2024,20900,PE,108.5,123,100,118.45,118.45,703,7384.9,47850,25900,21-FEB-2024,
OPTIDX,NIFTY,25-Apr-2024,20950,PE,0,0,0,301.5,59.45,0,0,0,0,21-FEB-2024,
OPTIDX,NIFTY,25-Apr-2024,21000,PE,122.55,145.2,115,137.25,137.25,3171,33497.64,377150,49350,21-FEB-2024,
OPTIDX,NIFTY,25-Apr-2024,21050,PE,0,0,0,334.1,71.85,0,0,0,0,21-FEB-2024,
OPTIDX,NIFTY,25-Apr-2024,21100,PE,137.45,157.6,124.75,149.35,149.35,213,2261.97,16350,5850,21-FEB-2024,
OPTIDX,NIFTY,25-Apr-2024,21150,PE,0,0,0,126.1,86.2,0,0,250,0,21-FEB-2024,
OPTIDX,NIFTY,25-Apr-2024,21200,PE,160.35,171.1,140,164.8,164.8,292,3117.64,21450,9600,21-FEB-2024,
OPTIDX,NIFTY,25-Apr-2024,21250,PE,0,0,0,220.1,102.7,0,0,100,0,21-FEB-2024,
OPTIDX,NIFTY,25-Apr-2024,21300,PE,157.25,190,157.2,183.6,183.6,150,1610.09,13650,3750,21-FEB-2024,
OPTIDX,NIFTY,25-Apr-2024,21350,PE,0,0,0,230.5,121.55,0,0,150,0,21-FEB-2024,
OPTIDX,NIFTY,25-Apr-2024,21400,PE,187,215,176,207.3,207.3,201,2169.33,18950,5000,21-FEB-2024,
OPTIDX,NIFTY,25-Apr-2024,21450,PE,161,161,161,161,142.95,1,10.8,200,50,21-FEB-2024,
OPTIDX,NIFTY,25-Apr-2024,21500,PE,206.55,242.85,196.85,232.25,232.25,1949,21158.46,168500,18450,21-FEB-2024,
OPTIDX,NIFTY,25-Apr-2024,21550,PE,0,0,0,242,167,0,0,1350,0,21-FEB-2024,
OPTIDX,NIFTY,25-Apr-2024,21600,PE,234.7,270,222.1,265.3,265.3,238,2598.78,17750,7050,21-FEB-2024,
OPTIDX,NIFTY,25-Apr-2024,21650,PE,0,0,0,250.4,193.95,0,0,1400,0,21-FEB-2024,
OPTIDX,NIFTY,25-Apr-2024,21700,PE,260,298.45,241.8,285.65,285.65,143,1570.18,8250,-150,21-FEB-2024,
OPTIDX,NIFTY,25-Apr-2024,21750,PE,0,0,0,275,223.9,0,0,400,0,21-FEB-2024,
OPTIDX,NIFTY,25-Apr-2024,21800,PE,287,336.55,268,319.05,319.05,161,1778.38,22100,2800,21-FEB-2024,
OPTIDX,NIFTY,25-Apr-2024,21850,PE,334.95,337.15,334.75,335.65,335.65,5,55.46,250,200,21-FEB-2024,
OPTIDX,NIFTY,25-Apr-2024,21900,PE,311,364.15,292.95,355.6,355.6,59,656.1,7750,-550,21-FEB-2024,
OPTIDX,NIFTY,25-Apr-2024,21950,PE,319.6,393.95,311,364.25,364.25,12,133.82,700,0,21-FEB-2024,
OPTIDX,NIFTY,25-Apr-2024,22000,PE,352.25,405.4,326,389.6,389.6,3565,39860.58,265850,27700,21-FEB-2024,
OPTIDX,NIFTY,25-Apr-2024,22050,PE,350,421.8,350,413.05,413.05,16,179.5,850,-150,21-FEB-2024,
OPTIDX,NIFTY,25-Apr-2024,22100,PE,375,443.6,359.9,424.45,424.45,365,4104.84,12900,3300,21-FEB-2024,
OPTIDX,NIFTY,25-Apr-2024,22150,PE,411.75,429.65,401.3,410,375.9,10,112.85,500,400,21-FEB-2024,
OPTIDX,NIFTY,25-Apr-2024,22200,PE,420,483.9,391.2,457.4,457.4,1152,13033.42,20850,7800,21-FEB-2024,
OPTIDX,NIFTY,25-Apr-2024,22250,PE,0,0,0,915.05,422.3,0,0,0,0,21-FEB-2024,
OPTIDX,NIFTY,25-Apr-2024,22300,PE,450,526,429.95,509.2,509.2,109,1240.88,2400,700,21-FEB-2024,
OPTIDX,NIFTY,25-Apr-2024,22350,PE,0,0,0,979,472.15,0,0,0,0,21-FEB-2024,
OPTIDX,NIFTY,25-Apr-2024,22400,PE,496.55,503.2,473.7,503.2,498.35,15,171.69,5100,-200,21-FEB-2024,
OPTIDX,NIFTY,25-Apr-2024,22450,PE,0,0,0,1045.15,525.35,0,0,0,0,21-FEB-2024,
OPTIDX,NIFTY,25-Apr-2024,22500,PE,541.4,626.95,511,600.55,600.55,1447,16688.69,71650,2450,21-FEB-2024,
OPTIDX,NIFTY,25-Apr-2024,22550,PE,0,0,0,1113.45,581.95,0,0,0,0,21-FEB-2024,
OPTIDX,NIFTY,25-Apr-2024,22600,PE,0,0,0,1148.4,611.5,0,0,0,0,21-FEB-2024,
OPTIDX,NIFTY,25-Apr-2024,22650,PE,0,0,0,1183.8,641.8,0,0,0,0,21-FEB-2024,
OPTIDX,NIFTY,25-Apr-2024,22700,PE,610,610,610,610,672.95,1,11.65,100,50,21-FEB-2024,
OPTIDX,NIFTY,25-Apr-2024,22750,PE,0,0,0,1256.1,704.9,0,0,0,0,21-FEB-2024,
OPTIDX,NIFTY,25-Apr-2024,22800,PE,680,718.6,670,718.6,737.6,5,58.72,300,50,21-FEB-2024,
OPTIDX,NIFTY,25-Apr-2024,22850,PE,0,0,0,729.35,771.05,0,0,50,0,21-FEB-2024,
OPTIDX,NIFTY,25-Apr-2024,22900,PE,0,0,0,760,805.25,0,0,0,0,21-FEB-2024,
OPTIDX,NIFTY,25-Apr-2024,22950,PE,0,0,0,1406.65,840.2,0,0,0,0,21-FEB-2024,
OPTIDX,NIFTY,25-Apr-2024,23000,PE,816.55,926.35,770.3,883.05,883.05,553,6584.85,45850,2100,21-FEB-2024,
OPTIDX,NIFTY,25-Apr-2024,23050,PE,0,0,0,1484.45,912.15,0,0,0,0,21-FEB-2024,
OPTIDX,NIFTY,25-Apr-2024,23100,PE,0,0,0,1070.2,949.15,0,0,0,0,21-FEB-2024,
OPTIDX,NIFTY,25-Apr-2024,23150,PE,0,0,0,1563.8,986.8,0,0,0,0,21-FEB-2024,
OPTIDX,NIFTY,25-Apr-2024,23200,PE,0,0,0,1604.1,1025.05,0,0,0,0,21-FEB-2024,
OPTIDX,NIFTY,25-Apr-2024,23250,PE,0,0,0,1644.75,1063.95,0,0,0,0,21-FEB-2024,
OPTIDX,NIFTY,25-Apr-2024,23300,PE,0,0,0,1685.75,1103.4,0,0,0,0,21-FEB-2024,
OPTIDX,NIFTY,25-Apr-2024,23350,PE,0,0,0,1727.15,1143.4,0,0,0,0,21-FEB-2024,
OPTIDX,NIFTY,25-Apr-2024,23400,PE,0,0,0,1768.85,1184,0,0,0,0,21-FEB-2024,
OPTIDX,NIFTY,25-Apr-2024,23450,PE,0,0,0,1810.85,1225.1,0,0,0,0,21-FEB-2024,
OPTIDX,NIFTY,25-Apr-2024,23500,PE,1168.6,1258.4,1075.1,1258.4,1258.4,11,135.63,1500,50,21-FEB-2024,
OPTIDX,NIFTY,25-Apr-2024,23550,PE,0,0,0,1895.9,1308.75,0,0,0,0,21-FEB-2024,
OPTIDX,NIFTY,25-Apr-2024,23600,PE,0,0,0,1938.85,1351.3,0,0,0,0,21-FEB-2024,
OPTIDX,NIFTY,25-Apr-2024,23650,PE,0,0,0,1982.1,1394.25,0,0,0,0,21-FEB-2024,
OPTIDX,NIFTY,25-Apr-2024,23700,PE,1250.05,1400,1250.05,1400,1400,10,125.37,500,350,21-FEB-2024,
OPTIDX,NIFTY,25-Apr-2024,23750,PE,0,0,0,2069.45,1481.45,0,0,0,0,21-FEB-2024,
OPTIDX,NIFTY,25-Apr-2024,23800,PE,0,0,0,2113.5,1525.6,0,0,0,0,21-FEB-2024,
OPTIDX,NIFTY,25-Apr-2024,23850,PE,0,0,0,2157.8,1570.15,0,0,0,0,21-FEB-2024,
OPTIDX,NIFTY,25-Apr-2024,23900,PE,0,0,0,2202.35,1615,0,0,0,0,21-FEB-2024,
OPTIDX,NIFTY,25-Apr-2024,23950,PE,0,0,0,2247.1,1660.2,0,0,0,0,21-FEB-2024,
OPTIDX,NIFTY,27-Jun-2024,15000,CE,0,0,0,4599.25,7403.25,0,0,50,0,21-FEB-2024,
OPTIDX,NIFTY,27-Jun-2024,16000,CE,0,0,0,2666.1,6426.45,0,0,0,0,21-FEB-2024,
OPTIDX,NIFTY,27-Jun-2024,17000,CE,0,0,0,5010.65,5449.7,0,0,50,0,21-FEB-2024,
OPTIDX,NIFTY,27-Jun-2024,18000,CE,4555.3,4570,4555.3,4560,4473.25,4,45.12,21250,100,21-FEB-2024,
OPTIDX,NIFTY,27-Jun-2024,18500,CE,0,0,0,3554.75,3985.9,0,0,2825,0,21-FEB-2024,
OPTIDX,NIFTY,27-Jun-2024,19000,CE,3650.65,3755.65,3505,3533.7,3533.7,68,771.01,117400,700,21-FEB-2024,
OPTIDX,NIFTY,27-Jun-2024,20000,CE,2850.2,2879.7,2718.9,2718.9,2549.6,35,399.43,210950,800,21-FEB-2024,
OPTIDX,NIFTY,27-Jun-2024,21000,CE,2037.9,2061,1875,1892,1892,254,2915.9,403950,-3900,21-FEB-2024,
OPTIDX,NIFTY,27-Jun-2024,22000,CE,1330,1352,1200,1225.75,1225.75,801,9333.08,427800,12650,21-FEB-2024,
OPTIDX,NIFTY,27-Jun-2024,23000,CE,778.9,794.05,693.25,708.45,708.45,1450,17217.48,797100,-3900,21-FEB-2024,
OPTIDX,NIFTY,27-Jun-2024,24000,CE,395.55,413.65,359.35,375.4,375.4,1902,23192.52,403950,34250,21-FEB-2024,
OPTIDX,NIFTY,27-Jun-2024,25000,CE,185.05,186.1,163,175.2,175.2,1447,18217.09,271500,-2500,21-FEB-2024,
OPTIDX,NIFTY,27-Jun-2024,26000,CE,72.05,76,67,72.45,72.45,563,7338.98,97900,5450,21-FEB-2024,
OPTIDX,NIFTY,27-Jun-2024,27000,CE,0,0,0,331.6,4.1,0,0,0,0,21-FEB-2024,
OPTIDX,NIFTY,27-Jun-2024,14000,PE,3.05,3.05,3.05,3.05,3.05,1,7,7125,0,21-FEB-2024,
OPTIDX,NIFTY,27-Jun-2024,15000,PE,0,0,0,3.05,0.05,0,0,12425,0,21-FEB-2024,
OPTIDX,NIFTY,27-Jun-2024,16000,PE,18.05,22,18.05,20.45,20.45,207,1658.02,34800,-7000,21-FEB-2024,
OPTIDX,NIFTY,27-Jun-2024,17000,PE,32.8,32.8,29.8,31,31,90,766.42,133200,2450,21-FEB-2024,
OPTIDX,NIFTY,27-Jun-2024,18000,PE,46.9,46.9,40,41.15,41.15,664,5990.41,534550,1200,21-FEB-2024,
OPTIDX,NIFTY,27-Jun-2024,19000,PE,88.35,88.9,80.15,83.3,83.3,1703,16250.43,808650,-11650,21-FEB-2024,
OPTIDX,NIFTY,27-Jun-2024,20000,PE,175.95,186.5,169,178.65,178.65,1569,15827.38,1011500,-6250,21-FEB-2024,
OPTIDX,NIFTY,27-Jun-2024,21000,PE,335,360.7,325,348.65,348.65,1801,19214.41,1185450,2200,21-FEB-2024,
OPTIDX,NIFTY,27-Jun-2024,22000,PE,609.95,658.3,585.05,643.25,643.25,2093,23662.16,919550,3450,21-FEB-2024,
OPTIDX,NIFTY,27-Jun-2024,23000,PE,1040,1127.9,1003.55,1100.8,1100.8,740,8897.63,226750,4250,21-FEB-2024,
OPTIDX,NIFTY,27-Jun-2024,24000,PE,1630,1771.85,1601,1754.7,1754.7,207,2661.91,170600,7200,21-FEB-2024,
OPTIDX,NIFTY,27-Jun-2024,25000,PE,0,0,0,7199.55,2427.25,0,0,0,0,21-FEB-2024,
OPTIDX,NIFTY,27-Jun-2024,26000,PE,0,0,0,8015.6,3358.9,0,0,0,0,21-FEB-2024,
OPTIDX,NIFTY,27-Jun-2024,27000,PE,0,0,0,8206,4322.3,0,0,0,0,21-FEB-2024,
OPTIDX,NIFTY,26-Sep-2024,16000,CE,0,0,0,4667.4,6687.3,0,0,0,0,21-FEB-2024,
OPTIDX,NIFTY,26-Sep-2024,17000,CE,0,0,0,3800.4,5727.2,0,0,0,0,21-FEB-2024,
OPTIDX,NIFTY,26-Sep-2024,18000,CE,0,0,0,2994.95,4769.5,0,0,0,0,21-FEB-2024,
OPTIDX,NIFTY,26-Sep-2024,19000,CE,0,0,0,2277.4,3822.9,0,0,0,0,21-FEB-2024,
OPTIDX,NIFTY,26-Sep-2024,20000,CE,0,0,0,1666.45,2910.55,0,0,0,0,21-FEB-2024,
OPTIDX,NIFTY,26-Sep-2024,21000,CE,0,0,0,1173.8,2074.65,0,0,0,0,21-FEB-2024,
OPTIDX,NIFTY,26-Sep-2024,22000,CE,1649.7,1697,1500,1524.15,1524.15,87,1028.3,13100,2550,21-FEB-2024,
OPTIDX,NIFTY,26-Sep-2024,23000,CE,1092.15,1127,996,1003.9,1003.9,95,1143.77,30000,-1450,21-FEB-2024,
OPTIDX,NIFTY,26-Sep-2024,24000,CE,648,674.05,605,610.9,610.9,63,776.52,10100,1750,21-FEB-2024,
OPTIDX,NIFTY,26-Sep-2024,25000,CE,370,399.95,338,349.5,349.5,31,393.17,9900,300,21-FEB-2024,
OPTIDX,NIFTY,26-Sep-2024,26000,CE,0,0,0,200,102.1,0,0,8000,0,21-FEB-2024,
OPTIDX,NIFTY,26-Sep-2024,27000,CE,0,0,0,68.7,42.3,0,0,0,0,21-FEB-2024,
OPTIDX,NIFTY,26-Sep-2024,16000,PE,0,0,0,39.75,0.05,0,0,0,0,21-FEB-2024,
OPTIDX,NIFTY,26-Sep-2024,17000,PE,0,0,0,103.7,0.4,0,0,0,0,21-FEB-2024,
OPTIDX,NIFTY,26-Sep-2024,18000,PE,0,0,0,229.25,3.2,0,0,0,0,21-FEB-2024,
OPTIDX,NIFTY,26-Sep-2024,19000,PE,0,0,0,239.55,17.1,0,0,2850,0,21-FEB-2024,
OPTIDX,NIFTY,26-Sep-2024,20000,PE,0,0,0,762.75,65.2,0,0,0,0,21-FEB-2024,
OPTIDX,NIFTY,26-Sep-2024,21000,PE,377.95,398,363.3,390.5,390.5,504,5387.51,75050,13350,21-FEB-2024,
OPTIDX,NIFTY,26-Sep-2024,22000,PE,631.1,670,611.95,660.25,660.25,232,2625.72,19100,5850,21-FEB-2024,
OPTIDX,NIFTY,26-Sep-2024,23000,PE,1012,1090.25,999.25,1074.2,1074.2,171,2055.03,11450,3850,21-FEB-2024,
OPTIDX,NIFTY,26-Sep-2024,24000,PE,0,0,0,3149.25,1448.2,0,0,0,0,21-FEB-2024,
OPTIDX,NIFTY,26-Sep-2024,25000,PE,0,0,0,3952.4,2182.15,0,0,0,0,21-FEB-2024,
OPTIDX,NIFTY,26-Sep-2024,26000,PE,0,0,0,4801.5,3019.7,0,0,0,0,21-FEB-2024,
OPTIDX,NIFTY,26-Sep-2024,27000,PE,0,0,0,5681.95,3920.4,0,0,0,0,21-FEB-2024,
OPTIDX,NIFTY,26-Dec-2024,14000,CE,0,0,0,8599,8832.65,0,0,100,0,21-FEB-2024,
OPTIDX,NIFTY,26-Dec-2024,15000,CE,7500.05,7500.05,7400.05,7442,7442,6,67.36,2450,200,21-FEB-2024,
OPTIDX,NIFTY,26-Dec-2024,16000,CE,0,0,0,6651,6943.95,0,0,21950,0,21-FEB-2024,
OPTIDX,NIFTY,26-Dec-2024,17000,CE,0,0,0,5880,6000.95,0,0,18100,0,21-FEB-2024,
OPTIDX,NIFTY,26-Dec-2024,18000,CE,0,0,0,5101,5063.15,0,0,23800,0,21-FEB-2024,
OPTIDX,NIFTY,26-Dec-2024,18500,CE,0,0,0,4400,4599.25,0,0,1000,0,21-FEB-2024,
OPTIDX,NIFTY,26-Dec-2024,19000,CE,4302,4324.5,4189.3,4224.55,4224.55,18,209.32,72400,0,21-FEB-2024,
OPTIDX,NIFTY,26-Dec-2024,20000,CE,3510.5,3550,3355.15,3368,3368,52,609.75,77100,100,21-FEB-2024,
OPTIDX,NIFTY,26-Dec-2024,21000,CE,2710,2734.95,2533.15,2561.05,2561.05,157,1857.62,117500,-1150,21-FEB-2024,
OPTIDX,NIFTY,26-Dec-2024,22000,CE,2016.7,2036,1852.4,1904.25,1904.25,219,2624.68,184600,3550,21-FEB-2024,
OPTIDX,NIFTY,26-Dec-2024,23000,CE,1400,1418,1300,1315.85,1315.85,95,1157.4,163200,0,21-FEB-2024,
OPTIDX,NIFTY,26-Dec-2024,24000,CE,931,936.05,854.5,867.15,867.15,97,1207.45,156450,200,21-FEB-2024,
OPTIDX,NIFTY,26-Dec-2024,25000,CE,575,583.6,528.9,535.3,535.3,297,3794.47,199400,-2800,21-FEB-2024,
OPTIDX,NIFTY,26-Dec-2024,26000,CE,334.65,340.5,310,315.45,315.45,173,2277.26,88900,1200,21-FEB-2024,
OPTIDX,NIFTY,26-Dec-2024,27000,CE,185.45,195,176.05,179.8,179.8,45,611.69,45900,-1050,21-FEB-2024,
OPTIDX,NIFTY,26-Dec-2024,14000,PE,0,0,0,20.5,0.05,0,0,3300,0,21-FEB-2024,
OPTIDX,NIFTY,26-Dec-2024,15000,PE,0,0,0,3.2,0.05,0,0,28300,0,21-FEB-2024,
OPTIDX,NIFTY,26-Dec-2024,16000,PE,0,0,0,15.7,0.25,0,0,17050,0,21-FEB-2024,
OPTIDX,NIFTY,26-Dec-2024,17000,PE,0,0,0,59.5,1.7,0,0,71900,0,21-FEB-2024,
OPTIDX,NIFTY,26-Dec-2024,18000,PE,97.2,101.85,93.75,97.8,97.8,166,1502.02,268700,3200,21-FEB-2024,
OPTIDX,NIFTY,26-Dec-2024,19000,PE,170,170,158,161.25,161.25,252,2414.43,412650,-400,21-FEB-2024,
OPTIDX,NIFTY,26-Dec-2024,20000,PE,268.95,287,265,279.4,279.4,886,8981.02,549750,600,21-FEB-2024,
OPTIDX,NIFTY,26-Dec-2024,21000,PE,430.5,455.3,420,443.95,443.95,620,6643.66,983900,-1800,21-FEB-2024,
OPTIDX,NIFTY,26-Dec-2024,22000,PE,690.05,720,673.35,711.6,711.6,716,8124.05,490550,5750,21-FEB-2024,
OPTIDX,NIFTY,26-Dec-2024,23000,PE,1047.05,1090,1020,1065.65,1065.65,448,5386.54,172800,10750,21-FEB-2024,
OPTIDX,NIFTY,26-Dec-2024,24000,PE,1495,1590,1478.15,1576.7,1576.7,93,1186.47,43100,1300,21-FEB-2024,
OPTIDX,NIFTY,26-Dec-2024,25000,PE,2075,2207,2075,2183.5,2183.5,44,596.67,29250,1600,21-FEB-2024,
OPTIDX,NIFTY,26-Dec-2024,26000,PE,2762.1,2900,2762.1,2887.8,2887.8,20,288.26,1800,1000,21-FEB-2024,
OPTIDX,NIFTY,26-Dec-2024,27000,PE,0,0,0,4500,3574.6,0,0,50,0,21-FEB-2024,
OPTIDX,NIFTY,26-Jun-2025,16000,CE,0,0,0,3227.55,7445.4,0,0,0,0,21-FEB-2024,
OPTIDX,NIFTY,26-Jun-2025,17000,CE,0,0,0,4165.5,6536.9,0,0,2750,0,21-FEB-2024,
OPTIDX,NIFTY,26-Jun-2025,18000,CE,0,0,0,3934,5637.75,0,0,2200,0,21-FEB-2024,
OPTIDX,NIFTY,26-Jun-2025,19000,CE,0,0,0,3077.9,4759.05,0,0,0,0,21-FEB-2024,
OPTIDX,NIFTY,26-Jun-2025,20000,CE,0,0,0,3180.85,3917.85,0,0,0,0,21-FEB-2024,
OPTIDX,NIFTY,26-Jun-2025,21000,CE,0,0,0,3199.45,3135.3,0,0,0,0,21-FEB-2024,
OPTIDX,NIFTY,26-Jun-2025,22000,CE,0,0,0,2088.15,2432.85,0,0,0,0,21-FEB-2024,
OPTIDX,NIFTY,26-Jun-2025,23000,CE,0,0,0,2003.65,1827.3,0,0,0,0,21-FEB-2024,
OPTIDX,NIFTY,26-Jun-2025,24000,CE,0,0,0,1100.85,1327.5,0,0,0,0,21-FEB-2024,
OPTIDX,NIFTY,26-Jun-2025,25000,CE,0,0,0,600,932.7,0,0,50,0,21-FEB-2024,
OPTIDX,NIFTY,26-Jun-2025,26000,CE,0,0,0,811.85,634.25,0,0,0,0,21-FEB-2024,
OPTIDX,NIFTY,26-Jun-2025,27000,CE,0,0,0,803.5,417.85,0,0,0,0,21-FEB-2024,
OPTIDX,NIFTY,26-Jun-2025,14000,PE,0,0,0,42.35,0.05,0,0,675,0,21-FEB-2024,
OPTIDX,NIFTY,26-Jun-2025,15000,PE,0,0,0,134,0.3,0,0,1800,0,21-FEB-2024,
OPTIDX,NIFTY,26-Jun-2025,16000,PE,0,0,0,129.2,1.55,0,0,100,0,21-FEB-2024,
OPTIDX,NIFTY,26-Jun-2025,17000,PE,0,0,0,3497.35,6.25,0,0,0,0,21-FEB-2024,
OPTIDX,NIFTY,26-Jun-2025,18000,PE,0,0,0,3586.15,20.25,0,0,0,0,21-FEB-2024,
OPTIDX,NIFTY,26-Jun-2025,19000,PE,0,0,0,3210.95,54.75,0,0,0,0,21-FEB-2024,
OPTIDX,NIFTY,26-Jun-2025,20000,PE,0,0,0,599.8,126.75,0,0,900,0,21-FEB-2024,
OPTIDX,NIFTY,26-Jun-2025,21000,PE,0,0,0,3070.85,257.45,0,0,0,0,21-FEB-2024,
OPTIDX,NIFTY,26-Jun-2025,22000,PE,0,0,0,775,468.2,0,0,100,0,21-FEB-2024,
OPTIDX,NIFTY,26-Jun-2025,23000,PE,0,0,0,1170,775.85,0,0,0,0,21-FEB-2024,
OPTIDX,NIFTY,26-Jun-2025,24000,PE,0,0,0,5875.1,1189.2,0,0,0,0,21-FEB-2024,
OPTIDX,NIFTY,26-Jun-2025,25000,PE,0,0,0,6576.35,1707.65,0,0,0,0,21-FEB-2024,
OPTIDX,NIFTY,26-Jun-2025,26000,PE,0,0,0,7299,2322.35,0,0,0,0,21-FEB-2024,
OPTIDX,NIFTY,26-Jun-2025,27000,PE,0,0,0,7438.15,3019.2,0,0,0,0,21-FEB-2024,
OPTIDX,NIFTY,24-Dec-2025,16000,CE,0,0,0,7200,7928.5,0,0,50,0,21-FEB-2024,
OPTIDX,NIFTY,24-Dec-2025,17000,CE,0,0,0,5080,7053.15,0,0,650,0,21-FEB-2024,
OPTIDX,NIFTY,24-Dec-2025,18000,CE,0,0,0,6099.95,6188.85,0,0,5650,0,21-FEB-2024,
OPTIDX,NIFTY,24-Dec-2025,19000,CE,0,0,0,5050,5345.3,0,0,3200,0,21-FEB-2024,
OPTIDX,NIFTY,24-Dec-2025,19500,CE,0,0,0,3200,4935.25,0,0,1300,0,21-FEB-2024,
OPTIDX,NIFTY,24-Dec-2025,20000,CE,0,0,0,3800,4535.4,0,0,300,0,21-FEB-2024,
OPTIDX,NIFTY,24-Dec-2025,21000,CE,0,0,0,1400,3774.2,0,0,100,0,21-FEB-2024,
OPTIDX,NIFTY,24-Dec-2025,22000,CE,3100,3100,3050,3060.5,3060.5,4,50.13,750,0,21-FEB-2024,
OPTIDX,NIFTY,24-Dec-2025,23000,CE,0,0,0,2590,2454.6,0,0,2600,0,21-FEB-2024,
OPTIDX,NIFTY,24-Dec-2025,24000,CE,0,0,0,1396.05,1916.3,0,0,0,0,21-FEB-2024,
OPTIDX,NIFTY,24-Dec-2025,25000,CE,0,0,0,1222.85,1464,0,0,0,0,21-FEB-2024,
OPTIDX,NIFTY,24-Dec-2025,26000,CE,0,0,0,1070.85,1094.95,0,0,0,0,21-FEB-2024,
OPTIDX,NIFTY,24-Dec-2025,27000,CE,0,0,0,1071,802.3,0,0,0,0,21-FEB-2024,
OPTIDX,NIFTY,24-Dec-2025,13000,PE,0,0,0,400,0.05,0,0,150,0,21-FEB-2024,
OPTIDX,NIFTY,24-Dec-2025,15000,PE,0,0,0,62.15,0.95,0,0,1100,0,21-FEB-2024,
OPTIDX,NIFTY,24-Dec-2025,16000,PE,0,0,0,139.95,3.65,0,0,2150,0,21-FEB-2024,
OPTIDX,NIFTY,24-Dec-2025,16500,PE,0,0,0,38.15,6.6,0,0,2600,0,21-FEB-2024,
OPTIDX,NIFTY,24-Dec-2025,17000,PE,0,0,0,155.05,11.4,0,0,2400,0,21-FEB-2024,
OPTIDX,NIFTY,24-Dec-2025,18000,PE,0,0,0,324.95,30.3,0,0,3050,0,21-FEB-2024,
OPTIDX,NIFTY,24-Dec-2025,19000,PE,0,0,0,335,69.85,0,0,3050,0,21-FEB-2024,
OPTIDX,NIFTY,24-Dec-2025,20000,PE,0,0,0,572,143.1,0,0,4500,0,21-FEB-2024,
OPTIDX,NIFTY,24-Dec-2025,21000,PE,0,0,0,701,265.05,0,0,3200,0,21-FEB-2024,
OPTIDX,NIFTY,24-Dec-2025,22000,PE,831.2,899.95,831.2,899.95,450.5,13,148.67,2300,0,21-FEB-2024,
OPTIDX,NIFTY,24-Dec-2025,23000,PE,0,0,0,1101.05,711.75,0,0,1550,0,21-FEB-2024,
OPTIDX,NIFTY,24-Dec-2025,24000,PE,0,0,0,5649,1056.55,0,0,0,0,21-FEB-2024,
OPTIDX,NIFTY,24-Dec-2025,25000,PE,0,0,0,6310.55,1487.35,0,0,0,0,21-FEB-2024,
OPTIDX,NIFTY,24-Dec-2025,26000,PE,0,0,0,6993.25,2001.5,0,0,0,0,21-FEB-2024,
OPTIDX,NIFTY,24-Dec-2025,27000,PE,0,0,0,7112.8,2592,0,0,0,0,21-FEB-2024,
OPTIDX,NIFTY,25-Jun-2026,12000,CE,0,0,0,8690,11810.05,0,0,50,0,21-FEB-2024,
OPTIDX,NIFTY,25-Jun-2026,16000,CE,0,0,0,4748.3,8401,0,0,0,0,21-FEB-2024,
OPTIDX,NIFTY,25-Jun-2026,17000,CE,0,0,0,4348.25,7557.3,0,0,0,0,21-FEB-2024,
OPTIDX,NIFTY,25-Jun-2026,18000,CE,0,0,0,4150,6725.1,0,0,200,0,21-FEB-2024,
OPTIDX,NIFTY,25-Jun-2026,19000,CE,0,0,0,2872.25,5912.35,0,0,100,0,21-FEB-2024,
OPTIDX,NIFTY,25-Jun-2026,20000,CE,0,0,0,3829.5,5129.15,0,0,0,0,21-FEB-2024,
OPTIDX,NIFTY,25-Jun-2026,21000,CE,0,0,0,3881.9,4386.8,0,0,0,0,21-FEB-2024,
OPTIDX,NIFTY,25-Jun-2026,22000,CE,0,0,0,2722.55,3696.25,0,0,0,0,21-FEB-2024,
OPTIDX,NIFTY,25-Jun-2026,23000,CE,0,0,0,2645.65,3067.05,0,0,0,0,21-FEB-2024,
OPTIDX,NIFTY,25-Jun-2026,24000,CE,0,0,0,1698.3,2505.9,0,0,0,0,21-FEB-2024,
OPTIDX,NIFTY,25-Jun-2026,25000,CE,0,0,0,1510.4,2016.3,0,0,0,0,21-FEB-2024,
OPTIDX,NIFTY,25-Jun-2026,26000,CE,0,0,0,1343.15,1598.2,0,0,0,0,21-FEB-2024,
OPTIDX,NIFTY,25-Jun-2026,27000,CE,0,0,0,1352.8,1248.5,0,0,0,0,21-FEB-2024,
OPTIDX,NIFTY,25-Jun-2026,12000,PE,0,0,0,10.05,0.05,0,0,500,0,21-FEB-2024,
OPTIDX,NIFTY,25-Jun-2026,13000,PE,0,0,0,45.25,0.1,0,0,200,0,21-FEB-2024,
OPTIDX,NIFTY,25-Jun-2026,14000,PE,0,0,0,300,0.5,0,0,100,0,21-FEB-2024,
OPTIDX,NIFTY,25-Jun-2026,15000,PE,0,0,0,105.5,1.9,0,0,850,0,21-FEB-2024,
OPTIDX,NIFTY,25-Jun-2026,16000,PE,0,0,0,54.8,5.95,0,0,500,0,21-FEB-2024,
OPTIDX,NIFTY,25-Jun-2026,17000,PE,0,0,0,2627.25,16,0,0,0,0,21-FEB-2024,
OPTIDX,NIFTY,25-Jun-2026,18000,PE,0,0,0,3088.05,37.55,0,0,0,0,21-FEB-2024,
OPTIDX,NIFTY,25-Jun-2026,19000,PE,0,0,0,140.45,78.55,0,0,100,0,21-FEB-2024,
OPTIDX,NIFTY,25-Jun-2026,20000,PE,0,0,0,3159.75,149.1,0,0,0,0,21-FEB-2024,
OPTIDX,NIFTY,25-Jun-2026,21000,PE,0,0,0,3065.6,260.5,0,0,0,0,21-FEB-2024,
OPTIDX,NIFTY,25-Jun-2026,22000,PE,0,0,0,3829.5,423.7,0,0,0,0,21-FEB-2024,
OPTIDX,NIFTY,25-Jun-2026,23000,PE,0,0,0,1000.2,648.25,0,0,100,0,21-FEB-2024,
OPTIDX,NIFTY,25-Jun-2026,24000,PE,0,0,0,5437.7,940.9,0,0,0,0,21-FEB-2024,
OPTIDX,NIFTY,25-Jun-2026,25000,PE,0,0,0,6063.1,1305,0,0,0,0,21-FEB-2024,
OPTIDX,NIFTY,25-Jun-2026,26000,PE,0,0,0,6709.2,1740.65,0,0,0,0,21-FEB-2024,
OPTIDX,NIFTY,25-Jun-2026,27000,PE,0,0,0,6810.7,2244.7,0,0,0,0,21-FEB-2024,
OPTIDX,NIFTY,31-Dec-2026,16000,CE,0,0,0,6200,8872.35,0,0,50,0,21-FEB-2024,
OPTIDX,NIFTY,31-Dec-2026,17000,CE,0,0,0,4955.1,8059.45,0,0,0,0,21-FEB-2024,
OPTIDX,NIFTY,31-Dec-2026,18000,CE,0,0,0,4501.45,7257.65,0,0,0,0,21-FEB-2024,
OPTIDX,NIFTY,31-Dec-2026,19000,CE,0,0,0,4999,6473.65,0,0,200,0,21-FEB-2024,
OPTIDX,NIFTY,31-Dec-2026,20000,CE,0,0,0,3704.3,5715.3,0,0,0,0,21-FEB-2024,
OPTIDX,NIFTY,31-Dec-2026,21000,CE,0,0,0,3356.25,4991.3,0,0,0,0,21-FEB-2024,
OPTIDX,NIFTY,31-Dec-2026,22000,CE,0,0,0,3039,4310.25,0,0,0,0,21-FEB-2024,
OPTIDX,NIFTY,31-Dec-2026,23000,CE,0,0,0,2020,3679.7,0,0,500,0,21-FEB-2024,
OPTIDX,NIFTY,31-Dec-2026,24000,CE,0,0,0,2010.65,3105.45,0,0,0,0,21-FEB-2024,
OPTIDX,NIFTY,31-Dec-2026,25000,CE,0,0,0,1811.2,2591.15,0,0,0,0,21-FEB-2024,
OPTIDX,NIFTY,31-Dec-2026,26000,CE,0,0,0,1631.05,2138,0,0,0,0,21-FEB-2024,
OPTIDX,NIFTY,31-Dec-2026,27000,CE,0,0,0,1651.65,1745.2,0,0,0,0,21-FEB-2024,
OPTIDX,NIFTY,31-Dec-2026,12000,PE,0,0,0,250.1,0.05,0,0,600,0,21-FEB-2024,
OPTIDX,NIFTY,31-Dec-2026,13000,PE,0,0,0,450,0.25,0,0,200,0,21-FEB-2024,
OPTIDX,NIFTY,31-Dec-2026,14000,PE,0,0,0,500,0.9,0,0,950,0,21-FEB-2024,
OPTIDX,NIFTY,31-Dec-2026,15000,PE,0,0,0,118.9,2.95,0,0,2200,0,21-FEB-2024,
OPTIDX,NIFTY,31-Dec-2026,16000,PE,0,0,0,73.05,8.1,0,0,2450,0,21-FEB-2024,
OPTIDX,NIFTY,31-Dec-2026,17000,PE,0,0,0,70,19.6,0,0,2650,0,21-FEB-2024,
OPTIDX,NIFTY,31-Dec-2026,18000,PE,0,0,0,374.15,42.3,0,0,6350,0,21-FEB-2024,
OPTIDX,NIFTY,31-Dec-2026,19000,PE,0,0,0,139.95,82.65,0,0,3250,0,21-FEB-2024,
OPTIDX,NIFTY,31-Dec-2026,20000,PE,0,0,0,600,148.75,0,0,3750,0,21-FEB-2024,
OPTIDX,NIFTY,31-Dec-2026,21000,PE,0,0,0,649,249.2,0,0,850,0,21-FEB-2024,
OPTIDX,NIFTY,31-Dec-2026,22000,PE,0,0,0,609.65,392.6,0,0,100,0,21-FEB-2024,
OPTIDX,NIFTY,31-Dec-2026,23000,PE,0,0,0,957.4,586.45,0,0,6200,0,21-FEB-2024,
OPTIDX,NIFTY,31-Dec-2026,24000,PE,0,0,0,5233.45,836.65,0,0,0,0,21-FEB-2024,
OPTIDX,NIFTY,31-Dec-2026,25000,PE,0,0,0,5825.75,1146.7,0,0,0,0,21-FEB-2024,
OPTIDX,NIFTY,31-Dec-2026,26000,PE,0,0,0,6437.4,1518.05,0,0,0,0,21-FEB-2024,
OPTIDX,NIFTY,31-Dec-2026,27000,PE,0,0,0,6522.3,1949.65,0,0,0,0,21-FEB-2024,
OPTIDX,NIFTY,24-Jun-2027,16000,CE,0,0,0,4898.4,9294.05,0,0,0,0,21-FEB-2024,
OPTIDX,NIFTY,24-Jun-2027,17000,CE,0,0,0,4464.7,8508.1,0,0,0,0,21-FEB-2024,
OPTIDX,NIFTY,24-Jun-2027,18000,CE,0,0,0,4066.45,7732.65,0,0,0,0,21-FEB-2024,
OPTIDX,NIFTY,24-Jun-2027,19000,CE,0,0,0,3701.25,6973.25,0,0,100,0,21-FEB-2024,
OPTIDX,NIFTY,24-Jun-2027,20000,CE,0,0,0,3367.05,6236.45,0,0,0,0,21-FEB-2024,
OPTIDX,NIFTY,24-Jun-2027,21000,CE,0,0,0,3061.8,5529.2,0,0,0,0,21-FEB-2024,
OPTIDX,NIFTY,24-Jun-2027,22000,CE,0,0,0,2783.5,4858.5,0,0,0,0,21-FEB-2024,
OPTIDX,NIFTY,24-Jun-2027,23000,CE,0,0,0,2530.05,4230.55,0,0,0,0,21-FEB-2024,
OPTIDX,NIFTY,24-Jun-2027,24000,CE,0,0,0,2299.55,3650.45,0,0,0,0,21-FEB-2024,
OPTIDX,NIFTY,24-Jun-2027,25000,CE,0,0,0,2090.05,3121.8,0,0,0,0,21-FEB-2024,
OPTIDX,NIFTY,24-Jun-2027,26000,CE,0,0,0,1900.85,2646.3,0,0,0,0,21-FEB-2024,
OPTIDX,NIFTY,24-Jun-2027,27000,CE,0,0,0,1932.5,2224.25,0,0,0,0,21-FEB-2024,
OPTIDX,NIFTY,24-Jun-2027,16000,PE,0,0,0,1476.1,9.75,0,0,0,0,21-FEB-2024,
OPTIDX,NIFTY,24-Jun-2027,17000,PE,0,0,0,1814.75,21.95,0,0,0,0,21-FEB-2024,
OPTIDX,NIFTY,24-Jun-2027,18000,PE,0,0,0,2188.9,44.7,0,0,0,0,21-FEB-2024,
OPTIDX,NIFTY,24-Jun-2027,19000,PE,0,0,0,170,83.5,0,0,250,0,21-FEB-2024,
OPTIDX,NIFTY,24-Jun-2027,20000,PE,0,0,0,3034.2,144.85,0,0,0,0,21-FEB-2024,
OPTIDX,NIFTY,24-Jun-2027,21000,PE,0,0,0,3501.35,235.75,0,0,0,0,21-FEB-2024,
OPTIDX,NIFTY,24-Jun-2027,22000,PE,0,0,0,3995.4,363.2,0,0,0,0,21-FEB-2024,
OPTIDX,NIFTY,24-Jun-2027,23000,PE,0,0,0,4514.3,533.45,0,0,0,0,21-FEB-2024,
OPTIDX,NIFTY,24-Jun-2027,24000,PE,0,0,0,5056.2,751.55,0,0,0,0,21-FEB-2024,
OPTIDX,NIFTY,24-Jun-2027,25000,PE,0,0,0,5619.05,1021,0,0,0,0,21-FEB-2024,
OPTIDX,NIFTY,24-Jun-2027,26000,PE,0,0,0,6202.2,1343.75,0,0,0,0,21-FEB-2024,
OPTIDX,NIFTY,24-Jun-2027,27000,PE,0,0,0,6273.45,1719.85,0,0,0,0,21-FEB-2024,
OPTIDX,NIFTY,30-Dec-2027,16000,CE,0,0,0,7354.45,9734,0,0,0,0,21-FEB-2024,
OPTIDX,NIFTY,30-Dec-2027,17000,CE,0,0,0,6805.5,8975.7,0,0,0,0,21-FEB-2024,
OPTIDX,NIFTY,30-Dec-2027,18000,CE,0,0,0,6285.7,8227.15,0,0,0,0,21-FEB-2024,
OPTIDX,NIFTY,30-Dec-2027,19000,CE,0,0,0,5794.9,7492.9,0,0,0,0,21-FEB-2024,
OPTIDX,NIFTY,30-Dec-2027,20000,CE,0,0,0,5333.85,6778.25,0,0,0,0,21-FEB-2024,
OPTIDX,NIFTY,30-Dec-2027,21000,CE,0,0,0,4902.4,6089,0,0,0,0,21-FEB-2024,
OPTIDX,NIFTY,30-Dec-2027,22000,CE,0,0,0,4499.55,5430.7,0,0,0,0,21-FEB-2024,
OPTIDX,NIFTY,30-Dec-2027,23000,CE,0,0,0,4125.7,4808.6,0,0,0,0,21-FEB-2024,
OPTIDX,NIFTY,30-Dec-2027,24000,CE,0,0,0,3778.95,4227.1,0,0,0,0,21-FEB-2024,
OPTIDX,NIFTY,30-Dec-2027,25000,CE,0,0,0,3458.35,3689.45,0,0,0,0,21-FEB-2024,
OPTIDX,NIFTY,30-Dec-2027,26000,CE,0,0,0,3162.4,3197.8,0,0,0,0,21-FEB-2024,
OPTIDX,NIFTY,30-Dec-2027,27000,CE,0,0,0,2889.8,2752.9,0,0,0,0,21-FEB-2024,
OPTIDX,NIFTY,30-Dec-2027,15000,PE,0,0,0,27.8,4.65,0,0,350,0,21-FEB-2024,
OPTIDX,NIFTY,30-Dec-2027,16000,PE,0,0,0,479.35,11.05,0,0,0,0,21-FEB-2024,
OPTIDX,NIFTY,30-Dec-2027,17000,PE,0,0,0,514,23.5,0,0,14250,0,21-FEB-2024,
OPTIDX,NIFTY,30-Dec-2027,18000,PE,0,0,0,74.8,45.7,0,0,10500,0,21-FEB-2024,
OPTIDX,NIFTY,30-Dec-2027,19000,PE,0,0,0,760,82.2,0,0,700,0,21-FEB-2024,
OPTIDX,NIFTY,30-Dec-2027,20000,PE,530,530,530,530,530,1,10.26,2150,50,21-FEB-2024,
OPTIDX,NIFTY,30-Dec-2027,21000,PE,0,0,0,1563.55,219.8,0,0,0,0,21-FEB-2024,
OPTIDX,NIFTY,30-Dec-2027,22000,PE,0,0,0,1867.9,332.25,0,0,0,0,21-FEB-2024,
OPTIDX,NIFTY,30-Dec-2027,23000,PE,0,0,0,2201.3,480.95,0,0,0,0,21-FEB-2024,
OPTIDX,NIFTY,30-Dec-2027,24000,PE,0,0,0,2561.85,670.15,0,0,0,0,21-FEB-2024,
OPTIDX,NIFTY,30-Dec-2027,25000,PE,0,0,0,2948.45,903.3,0,0,0,0,21-FEB-2024,
OPTIDX,NIFTY,30-Dec-2027,26000,PE,0,0,0,3359.75,1182.4,0,0,0,0,21-FEB-2024,
OPTIDX,NIFTY,30-Dec-2027,27000,PE,0,0,0,3794.4,1508.3,0,0,0,0,21-FEB-2024,
OPTIDX,NIFTY,29-Jun-2028,16000,CE,0,0,0,8002.3,10143.05,0,0,0,0,21-FEB-2024,
OPTIDX,NIFTY,29-Jun-2028,17000,CE,0,0,0,7393.45,9410.15,0,0,0,0,21-FEB-2024,
OPTIDX,NIFTY,29-Jun-2028,18000,CE,0,0,0,6809.35,8686.2,0,0,0,0,21-FEB-2024,
OPTIDX,NIFTY,29-Jun-2028,19000,CE,0,0,0,6252.25,7974.95,0,0,0,0,21-FEB-2024,
OPTIDX,NIFTY,29-Jun-2028,20000,CE,0,0,0,5724.65,7281,0,0,0,0,21-FEB-2024,
OPTIDX,NIFTY,29-Jun-2028,21000,CE,0,0,0,5226.55,6608.95,0,0,0,0,21-FEB-2024,
OPTIDX,NIFTY,29-Jun-2028,22000,CE,0,0,0,4759.5,5963.55,0,0,0,0,21-FEB-2024,
OPTIDX,NIFTY,29-Jun-2028,23000,CE,0,0,0,4323.1,5349.3,0,0,0,0,21-FEB-2024,
OPTIDX,NIFTY,29-Jun-2028,24000,CE,0,0,0,3918.85,4769.9,0,0,0,0,21-FEB-2024,
OPTIDX,NIFTY,29-Jun-2028,25000,CE,0,0,0,3545.15,4228.45,0,0,0,0,21-FEB-2024,
OPTIDX,NIFTY,29-Jun-2028,26000,CE,0,0,0,3200.9,3727.05,0,0,0,0,21-FEB-2024,
OPTIDX,NIFTY,29-Jun-2028,27000,CE,0,0,0,2885.15,3266.95,0,0,0,0,21-FEB-2024,
OPTIDX,NIFTY,29-Jun-2028,16000,PE,0,0,0,194.2,11.9,0,0,0,0,21-FEB-2024,
OPTIDX,NIFTY,29-Jun-2028,17000,PE,0,0,0,283.1,24.3,0,0,0,0,21-FEB-2024,
OPTIDX,NIFTY,29-Jun-2028,18000,PE,0,0,0,396.75,45.55,0,0,0,0,21-FEB-2024,
OPTIDX,NIFTY,29-Jun-2028,19000,PE,0,0,0,537.45,79.6,0,0,0,0,21-FEB-2024,
OPTIDX,NIFTY,29-Jun-2028,20000,PE,0,0,0,707.55,130.85,0,0,0,0,21-FEB-2024,
OPTIDX,NIFTY,29-Jun-2028,21000,PE,0,0,0,907.2,204.05,0,0,0,0,21-FEB-2024,
OPTIDX,NIFTY,29-Jun-2028,22000,PE,0,0,0,1137.9,303.95,0,0,0,0,21-FEB-2024,
OPTIDX,NIFTY,29-Jun-2028,23000,PE,0,0,0,1399.25,434.9,0,0,0,0,21-FEB-2024,
OPTIDX,NIFTY,29-Jun-2028,24000,PE,0,0,0,1692.75,600.75,0,0,0,0,21-FEB-2024,
OPTIDX,NIFTY,29-Jun-2028,25000,PE,0,0,0,2016.8,804.55,0,0,0,0,21-FEB-2024,
OPTIDX,NIFTY,29-Jun-2028,26000,PE,0,0,0,2370.3,1048.4,0,0,0,0,21-FEB-2024,
OPTIDX,NIFTY,29-Jun-2028,27000,PE,0,0,0,2752.35,1333.5,0,0,0,0,21-FEB-2024,
OPTIDX,NIFTY,28-Dec-2028,16000,CE,0,0,0,10704.45,10538.2,0,0,0,0,21-FEB-2024,
OPTIDX,NIFTY,28-Dec-2028,17000,CE,0,0,0,10036.4,9829.65,0,0,0,0,21-FEB-2024,
OPTIDX,NIFTY,28-Dec-2028,18000,CE,0,0,0,9380.3,9129.2,0,0,0,0,21-FEB-2024,
OPTIDX,NIFTY,28-Dec-2028,19000,CE,0,0,0,8739,8440.15,0,0,0,0,21-FEB-2024,
OPTIDX,NIFTY,28-Dec-2028,20000,CE,0,0,0,8115.5,7766.2,0,0,0,0,21-FEB-2024,
OPTIDX,NIFTY,28-Dec-2028,21000,CE,0,0,0,7512.5,7111.4,0,0,0,0,21-FEB-2024,
OPTIDX,NIFTY,28-Dec-2028,22000,CE,0,0,0,6932.45,6479.65,0,0,0,0,21-FEB-2024,
OPTIDX,NIFTY,28-Dec-2028,23000,CE,0,0,0,6377.6,5874.75,0,0,0,0,21-FEB-2024,
OPTIDX,NIFTY,28-Dec-2028,24000,CE,0,0,0,5850.3,5300.1,0,0,0,0,21-FEB-2024,
OPTIDX,NIFTY,28-Dec-2028,25000,CE,0,0,0,5350.4,4758.35,0,0,0,0,21-FEB-2024,
OPTIDX,NIFTY,28-Dec-2028,26000,CE,0,0,0,4879.7,4251.7,0,0,0,0,21-FEB-2024,
OPTIDX,NIFTY,28-Dec-2028,27000,CE,0,0,0,4437.95,3781.45,0,0,0,0,21-FEB-2024,
OPTIDX,NIFTY,28-Dec-2028,16000,PE,0,0,0,39.6,12.45,0,0,0,0,21-FEB-2024,
OPTIDX,NIFTY,28-Dec-2028,17000,PE,0,0,0,66.15,24.5,0,0,0,0,21-FEB-2024,
OPTIDX,NIFTY,28-Dec-2028,18000,PE,0,0,0,104.65,44.6,0,0,0,0,21-FEB-2024,
OPTIDX,NIFTY,28-Dec-2028,19000,PE,0,0,0,158,76.1,0,0,0,0,21-FEB-2024,
OPTIDX,NIFTY,28-Dec-2028,20000,PE,0,0,0,229.1,122.75,0,0,0,0,21-FEB-2024,
OPTIDX,NIFTY,28-Dec-2028,21000,PE,0,0,0,320.7,188.5,0,0,0,0,21-FEB-2024,
OPTIDX,NIFTY,28-Dec-2028,22000,PE,0,0,0,435.3,277.35,0,0,0,0,21-FEB-2024,
OPTIDX,NIFTY,28-Dec-2028,23000,PE,0,0,0,575.05,393.05,0,0,0,0,21-FEB-2024,
OPTIDX,NIFTY,28-Dec-2028,24000,PE,0,0,0,742.35,538.95,0,0,0,0,21-FEB-2024,
OPTIDX,NIFTY,28-Dec-2028,25000,PE,0,0,0,937.05,717.8,0,0,0,0,21-FEB-2024,
OPTIDX,NIFTY,28-Dec-2028,26000,PE,0,0,0,1160.95,931.75,0,0,0,0,21-FEB-2024,
OPTIDX,NIFTY,28-Dec-2028,27000,PE,0,0,0,1413.85,1182.05,0,0,0,0,21-FEB-2024,
