INSTRUMENT,SYMBOL,EXPIRY_DT,STRIKE_PR,OPTION_TYP,OPEN,HIGH,LOW,CLOSE,SETTLE_PR,CONTRACTS,VAL_INLAKH,OPEN_INT,CHG_IN_OI,TIMESTAMP,
FUTIDX,NIFTY,28-Mar-2024,0,XX,22060,22258,21953.85,22165.45,22165.45,169540,1875171.58,10029700,-1430500,22-MAR-2024,
FUTIDX,NIFTY,25-Apr-2024,0,XX,22240,22420.4,22122.7,22335.35,22335.35,49898,556306.45,4073150,673850,22-MAR-2024,
FUTIDX,NIFTY,30-May-2024,0,XX,22380,22564.95,22280,22478,22478,6173,69289.2,1491250,-15350,22-MAR-2024,
OPTIDX,NIFTY,28-Mar-2024,14000,CE,7925,8255,7925,8137.15,8137.15,1103,12225.69,260700,-49800,22-MAR-2024,
OPTIDX,NIFTY,28-Mar-2024,15000,CE,7000,7245.1,7000,7150.25,7150.25,99,1098.27,27150,-4800,22-MAR-2024,
OPTIDX,NIFTY,28-Mar-2024,16000,CE,6121,6153.3,6121,6152,6114.5,17,188.17,23050,-750,22-MAR-2024,
OPTIDX,NIFTY,28-Mar-2024,17000,CE,5019.45,5248.2,5019.45,5171,5171,65,720.94,75050,-1750,22-MAR-2024,
OPTIDX,NIFTY,28-Mar-2024,18000,CE,4025,4230,3965,4153.35,4153.35,1129,12500.24,368050,-10100,22-MAR-2024,
OPTIDX,NIFTY,28-Mar-2024,19000,CE,3076.75,3247.25,2954.35,3154.05,3154.05,609,6737.88,448450,-10150,22-MAR-2024,
OPTIDX,NIFTY,28-Mar-2024,19500,CE,2530,2749.45,2455.9,2669.4,2669.4,282,3123.62,76950,-10300,22-MAR-2024,
OPTIDX,NIFTY,28-Mar-2024,19550,CE,2670,2684.9,2669.3,2683.5,2568.45,71,788.88,2100,-900,22-MAR-2024,
OPTIDX,NIFTY,28-Mar-2024,19600,CE,2425.15,2630,2374,2630,2518.5,14,154.75,5200,-500,22-MAR-2024,
OPTIDX,NIFTY,28-Mar-2024,19650,CE,2564,2564,2564,2564,2468.55,4,44.42,800,0,22-MAR-2024,
OPTIDX,NIFTY,28-Mar-2024,19700,CE,2468.8,2550,2446.55,2446.55,2446.55,93,1031.31,4850,-3700,22-MAR-2024,
OPTIDX,NIFTY,28-Mar-2024,19750,CE,0,0,0,2251.5,2368.65,0,0,200,0,22-MAR-2024,
OPTIDX,NIFTY,28-Mar-2024,19800,CE,2216.5,2447.05,2197.7,2442,2318.7,42,464.41,8600,-1100,22-MAR-2024,
OPTIDX,NIFTY,28-Mar-2024,19850,CE,0,0,0,2204.45,2268.75,0,0,150,0,22-MAR-2024,
OPTIDX,NIFTY,28-Mar-2024,19900,CE,2145.7,2294.5,2072,2252.15,2252.15,34,375.45,5450,-600,22-MAR-2024,
OPTIDX,NIFTY,28-Mar-2024,19950,CE,0,0,0,2183.9,2168.85,0,0,150,0,22-MAR-2024,
OPTIDX,NIFTY,28-Mar-2024,20000,CE,2030.05,2251.1,1959.25,2155.2,2155.2,5625,62259.05,505450,-142250,22-MAR-2024,
OPTIDX,NIFTY,28-Mar-2024,20050,CE,2100,2125.3,2100,2103.15,2103.15,33,365.52,1000,-500,22-MAR-2024,
OPTIDX,NIFTY,28-Mar-2024,20100,CE,1889.5,2079.1,1889.5,2062.55,2062.55,35,387.52,3000,-250,22-MAR-2024,
OPTIDX,NIFTY,28-Mar-2024,20150,CE,0,0,0,1940,1969.1,0,0,650,0,22-MAR-2024,
OPTIDX,NIFTY,28-Mar-2024,20200,CE,0,0,0,1899.5,1919.15,0,0,17750,0,22-MAR-2024,
OPTIDX,NIFTY,28-Mar-2024,20250,CE,0,0,0,1820,1869.2,0,0,500,0,22-MAR-2024,
OPTIDX,NIFTY,28-Mar-2024,20300,CE,1700,1920,1700,1920,1819.25,14,154.48,7700,-550,22-MAR-2024,
OPTIDX,NIFTY,28-Mar-2024,20350,CE,0,0,0,1730,1769.3,0,0,650,0,22-MAR-2024,
OPTIDX,NIFTY,28-Mar-2024,20400,CE,1690,1839.35,1575,1745.25,1745.25,82,906.16,9800,200,22-MAR-2024,
OPTIDX,NIFTY,28-Mar-2024,20450,CE,0,0,0,1615,1669.45,0,0,2000,0,22-MAR-2024,
OPTIDX,NIFTY,28-Mar-2024,20500,CE,1500,1750.7,1462.15,1674.55,1674.55,608,6735.59,123400,-16650,22-MAR-2024,
OPTIDX,NIFTY,28-Mar-2024,20550,CE,1695,1700.3,1695,1698.4,1569.55,37,411.58,2900,250,22-MAR-2024,
OPTIDX,NIFTY,28-Mar-2024,20600,CE,1530,1645.75,1510.55,1551.45,1551.45,267,2957.27,46450,-250,22-MAR-2024,
OPTIDX,NIFTY,28-Mar-2024,20650,CE,0,0,0,1450,1469.65,0,0,1400,0,22-MAR-2024,
OPTIDX,NIFTY,28-Mar-2024,20700,CE,1423.1,1475.8,1412.4,1460.45,1460.45,51,564.9,17150,-2000,22-MAR-2024,
OPTIDX,NIFTY,28-Mar-2024,20750,CE,0,0,0,1380,1369.75,0,0,2500,0,22-MAR-2024,
OPTIDX,NIFTY,28-Mar-2024,20800,CE,1210,1450,1207.2,1421,1319.8,93,1032.44,24800,-4450,22-MAR-2024,
OPTIDX,NIFTY,28-Mar-2024,20850,CE,0,0,0,1335,1269.9,0,0,1550,0,22-MAR-2024,
OPTIDX,NIFTY,28-Mar-2024,20900,CE,1080,1317.65,1071.4,1284.7,1284.7,19,209.98,11050,100,22-MAR-2024,
OPTIDX,NIFTY,28-Mar-2024,20950,CE,0,0,0,1124,1170,0,0,750,0,22-MAR-2024,
OPTIDX,NIFTY,28-Mar-2024,21000,CE,1075,1259,960,1174.55,1174.55,3593,39725.27,975050,-13200,22-MAR-2024,
OPTIDX,NIFTY,28-Mar-2024,21050,CE,0,0,0,1019.5,1070.15,0,0,6100,0,22-MAR-2024,
OPTIDX,NIFTY,28-Mar-2024,21100,CE,896.45,1152,879.4,1058.5,1058.5,102,1128.62,24950,-2700,22-MAR-2024,
OPTIDX,NIFTY,28-Mar-2024,21150,CE,0,0,0,958.75,970.4,0,0,1550,0,22-MAR-2024,
OPTIDX,NIFTY,28-Mar-2024,21200,CE,850,1033.5,766,965.4,965.4,538,5957.3,105100,-3600,22-MAR-2024,
OPTIDX,NIFTY,28-Mar-2024,21250,CE,800.05,938.15,731.05,938.15,938.15,30,331.2,5700,150,22-MAR-2024,
OPTIDX,NIFTY,28-Mar-2024,21300,CE,756.15,953.6,668.6,860.25,860.25,362,3998.16,46950,-1700,22-MAR-2024,
OPTIDX,NIFTY,28-Mar-2024,21350,CE,697.3,906.1,679.6,811.9,811.9,60,665.86,5650,150,22-MAR-2024,
OPTIDX,NIFTY,28-Mar-2024,21400,CE,650,858.2,571.95,759.8,759.8,1055,11669.93,70050,-4250,22-MAR-2024,
OPTIDX,NIFTY,28-Mar-2024,21450,CE,550,799.2,536.5,720,720,154,1704.98,11250,-800,22-MAR-2024,
OPTIDX,NIFTY,28-Mar-2024,21500,CE,575.05,767.2,481,675.95,675.95,16867,186584.34,499850,-13250,22-MAR-2024,
OPTIDX,NIFTY,28-Mar-2024,21550,CE,477.45,712.2,439,629.25,629.25,479,5299.74,13400,-4150,22-MAR-2024,
OPTIDX,NIFTY,28-Mar-2024,21600,CE,500.6,665,393.7,575.5,575.5,6855,75850.55,137450,-21800,22-MAR-2024,
OPTIDX,NIFTY,28-Mar-2024,21650,CE,416.35,616.75,351.95,529.85,529.85,2493,27562.25,47150,1950,22-MAR-2024,
OPTIDX,NIFTY,28-Mar-2024,21700,CE,400,570.7,313,479.2,479.2,30116,332839.83,244250,16000,22-MAR-2024,
OPTIDX,NIFTY,28-Mar-2024,21750,CE,380,525,274.95,435.65,435.65,11653,128888.94,73000,-150,22-MAR-2024,
OPTIDX,NIFTY,28-Mar-2024,21800,CE,345,478.9,238.65,389.4,389.4,121831,1347843.98,1141300,-26450,22-MAR-2024,
OPTIDX,NIFTY,28-Mar-2024,21850,CE,202.5,431.5,202.5,344.95,344.95,75909,839527.47,195650,44600,22-MAR-2024,
OPTIDX,NIFTY,28-Mar-2024,21900,CE,209.9,389.95,174.65,303.15,303.15,546216,6048457.34,919650,-90600,22-MAR-2024,
OPTIDX,NIFTY,28-Mar-2024,21950,CE,225.6,346.5,146.05,264.3,264.3,440145,4876128.6,461900,162650,22-MAR-2024,
OPTIDX,NIFTY,28-Mar-2024,22000,CE,190,304,120.05,225.1,225.1,1807967,20063544.27,5033250,-232800,22-MAR-2024,
OPTIDX,NIFTY,28-Mar-2024,22050,CE,160,264.3,97.25,186.85,186.85,954034,10601482.59,2118850,1423100,22-MAR-2024,
OPTIDX,NIFTY,28-Mar-2024,22100,CE,118,225.75,76.95,156,156,2354733,26199634.17,4604400,1164300,22-MAR-2024,
OPTIDX,NIFTY,28-Mar-2024,22150,CE,80.65,189.95,59.75,126.25,126.25,1188722,13242525.94,1802950,1146400,22-MAR-2024,
OPTIDX,NIFTY,28-Mar-2024,22200,CE,69,156.6,45.5,99.35,99.35,2154064,24019896.49,3994500,340700,22-MAR-2024,
OPTIDX,NIFTY,28-Mar-2024,22250,CE,54,126.6,33.9,76.8,76.8,1203798,13441109.58,1340800,177800,22-MAR-2024,
OPTIDX,NIFTY,28-Mar-2024,22300,CE,35,99.6,25.05,56.95,56.95,1839610,20568226.12,4179100,1782650,22-MAR-2024,
OPTIDX,NIFTY,28-Mar-2024,22350,CE,35.6,76.35,18.05,40.9,40.9,869552,9737095.99,1617400,909250,22-MAR-2024,
OPTIDX,NIFTY,28-Mar-2024,22400,CE,27,56.5,12.9,28.2,28.2,1454707,16316513.21,3783900,1046950,22-MAR-2024,
OPTIDX,NIFTY,28-Mar-2024,22450,CE,17.5,40.6,9.15,19.1,19.1,753330,8464855.43,1640550,991100,22-MAR-2024,
OPTIDX,NIFTY,28-Mar-2024,22500,CE,10.7,27.9,6.65,12.45,12.45,1758752,19799890.59,7009100,2629850,22-MAR-2024,
OPTIDX,NIFTY,28-Mar-2024,22550,CE,10.3,18.6,1.25,7.9,7.9,901590,10170249.47,2116100,1199850,22-MAR-2024,
OPTIDX,NIFTY,28-Mar-2024,22600,CE,7,11.8,3.4,5,5,1429527,16158799.76,4871150,2354300,22-MAR-2024,
OPTIDX,NIFTY,28-Mar-2024,22650,CE,5.1,7.35,2.15,3.25,3.25,849910,9627262.42,2553700,1584950,22-MAR-2024,
OPTIDX,NIFTY,28-Mar-2024,22700,CE,3,4.6,1.7,2.2,2.2,1080851,12269402.25,5081000,1182050,22-MAR-2024,
OPTIDX,NIFTY,28-Mar-2024,22750,CE,3.1,3.4,1.4,1.75,1.75,395717,4501728.88,1383150,723050,22-MAR-2024,
OPTIDX,NIFTY,28-Mar-2024,22800,CE,2.4,2.45,1.3,1.5,1.5,660502,7530298.29,4109150,1994700,22-MAR-2024,
OPTIDX,NIFTY,28-Mar-2024,22850,CE,2.1,5.5,1.1,1.25,1.25,147958,1690527.99,825050,463650,22-MAR-2024,
OPTIDX,NIFTY,28-Mar-2024,22900,CE,1.75,2,1.05,1.1,1.1,267225,3059900.14,2607200,1429200,22-MAR-2024,
OPTIDX,NIFTY,28-Mar-2024,22950,CE,1.6,3.4,0.95,1.1,1.1,79228,909189.29,430900,179700,22-MAR-2024,
OPTIDX,NIFTY,28-Mar-2024,23000,CE,1.5,1.65,0.9,1,1,560227,6442952.12,8416000,2174600,22-MAR-2024,
OPTIDX,NIFTY,28-Mar-2024,23050,CE,1.35,1.45,0.8,0.95,0.95,56664,653084.3,430550,202400,22-MAR-2024,
OPTIDX,NIFTY,28-Mar-2024,23100,CE,1.2,1.4,0.75,0.85,0.85,156624,1809085.93,1084100,324350,22-MAR-2024,
OPTIDX,NIFTY,28-Mar-2024,23150,CE,1.2,1.3,0.7,0.8,0.8,29117,337042.63,208900,77300,22-MAR-2024,
OPTIDX,NIFTY,28-Mar-2024,23200,CE,1.1,1.2,0.65,0.75,0.75,73284,850127.28,1076550,110300,22-MAR-2024,
OPTIDX,NIFTY,28-Mar-2024,23250,CE,1.1,1.75,0.7,0.8,0.8,15026,174683.95,114250,41850,22-MAR-2024,
OPTIDX,NIFTY,28-Mar-2024,23300,CE,1.15,1.2,0.5,0.65,0.65,62779,731398.99,949150,551900,22-MAR-2024,
OPTIDX,NIFTY,28-Mar-2024,23350,CE,1.1,1.15,0.6,0.85,0.85,16078,187717.23,237800,144150,22-MAR-2024,
OPTIDX,NIFTY,28-Mar-2024,23400,CE,1.05,1.2,0.6,0.8,0.8,60185,704189.51,839950,559650,22-MAR-2024,
OPTIDX,NIFTY,28-Mar-2024,23450,CE,1.05,1.15,0.6,0.75,0.75,10280,120536.94,95950,0,22-MAR-2024,
OPTIDX,NIFTY,28-Mar-2024,23500,CE,1,1.05,0.55,0.7,0.7,238960,2807862.4,3004050,1146000,22-MAR-2024,
OPTIDX,NIFTY,28-Mar-2024,23550,CE,0.9,1,0.55,0.65,0.65,9781,115174.67,38450,9400,22-MAR-2024,
OPTIDX,NIFTY,28-Mar-2024,23600,CE,1,1.05,0.55,0.7,0.7,11627,137202.73,115300,14950,22-MAR-2024,
OPTIDX,NIFTY,28-Mar-2024,23650,CE,1.05,1.1,0.55,0.7,0.7,7264,85899.32,38850,14200,22-MAR-2024,
OPTIDX,NIFTY,28-Mar-2024,23700,CE,0.95,1.15,0.55,0.7,0.7,10516,124618.33,177050,37350,22-MAR-2024,
OPTIDX,NIFTY,28-Mar-2024,23750,CE,1.1,1.1,0.5,0.7,0.7,5847,69435.13,31000,7200,22-MAR-2024,
OPTIDX,NIFTY,28-Mar-2024,23800,CE,1,1.25,0.5,0.6,0.6,6719,79958.44,118800,-16500,22-MAR-2024,
OPTIDX,NIFTY,28-Mar-2024,23850,CE,1,1.05,0.5,0.6,0.6,1374,16385.42,32450,800,22-MAR-2024,
OPTIDX,NIFTY,28-Mar-2024,23900,CE,1,1.05,0.45,0.6,0.6,1986,23733.37,71400,-2700,22-MAR-2024,
OPTIDX,NIFTY,28-Mar-2024,23950,CE,1,1.05,0.5,0.6,0.6,1322,15831.42,33750,1550,22-MAR-2024,
OPTIDX,NIFTY,28-Mar-2024,24000,CE,1,1.2,0.6,0.7,0.7,82511,990162.87,4135250,194400,22-MAR-2024,
OPTIDX,NIFTY,28-Mar-2024,24050,CE,0.9,1,0.5,0.65,0.65,1397,16799.41,13600,1200,22-MAR-2024,
OPTIDX,NIFTY,28-Mar-2024,24100,CE,1.15,1.15,0.45,0.6,0.6,2675,32234.65,38650,-6950,22-MAR-2024,
OPTIDX,NIFTY,28-Mar-2024,24150,CE,0.95,1,0.45,0.6,0.6,1603,19356.73,30550,4150,22-MAR-2024,
OPTIDX,NIFTY,28-Mar-2024,24200,CE,0.95,0.95,0.55,0.65,0.65,5176,62631.36,65750,5800,22-MAR-2024,
OPTIDX,NIFTY,28-Mar-2024,24250,CE,1,1,0.55,0.6,0.6,5767,69926.81,59550,-18750,22-MAR-2024,
OPTIDX,NIFTY,28-Mar-2024,25000,CE,0.8,0.95,0.6,0.7,0.7,7230,90377.42,842150,5300,22-MAR-2024,
OPTIDX,NIFTY,28-Mar-2024,26000,CE,0.7,0.75,0.45,0.6,0.6,15001,195017.36,447350,87700,22-MAR-2024,
OPTIDX,NIFTY,28-Mar-2024,27000,CE,0.6,0.7,0.4,0.55,0.55,10788,145640.8,828200,82750,22-MAR-2024,
OPTIDX,NIFTY,28-Mar-2024,14000,PE,0.4,0.7,0.3,0.45,0.45,2446,17122.62,184600,10400,22-MAR-2024,
OPTIDX,NIFTY,28-Mar-2024,15000,PE,0.55,0.85,0.3,0.55,0.55,339,2542.58,11450,-250,22-MAR-2024,
OPTIDX,NIFTY,28-Mar-2024,16000,PE,0.65,0.65,0.35,0.4,0.4,516,4128.12,113750,-1750,22-MAR-2024,
OPTIDX,NIFTY,28-Mar-2024,17000,PE,0.7,0.7,0.35,0.4,0.4,1413,12010.87,238500,-5250,22-MAR-2024,
OPTIDX,NIFTY,28-Mar-2024,18000,PE,0.9,0.9,0.35,0.4,0.4,17216,154949.14,756900,-15350,22-MAR-2024,
OPTIDX,NIFTY,28-Mar-2024,19000,PE,0.5,1.4,0.35,0.45,0.45,139781,1327978.53,2321250,1246150,22-MAR-2024,
OPTIDX,NIFTY,28-Mar-2024,19500,PE,0.8,1.45,0.6,0.7,0.7,24772,241539.66,423400,120550,22-MAR-2024,
OPTIDX,NIFTY,28-Mar-2024,19550,PE,1.1,1.5,0.65,0.8,0.8,6022,58868.5,32500,26600,22-MAR-2024,
OPTIDX,NIFTY,28-Mar-2024,19600,PE,1.15,1.45,0.6,0.9,0.9,5174,50708.09,62000,32950,22-MAR-2024,
OPTIDX,NIFTY,28-Mar-2024,19650,PE,1.3,1.5,0.6,0.75,0.75,1924,18904.39,15250,10100,22-MAR-2024,
OPTIDX,NIFTY,28-Mar-2024,19700,PE,1.2,1.5,0.6,0.9,0.9,5947,58581.2,81850,23950,22-MAR-2024,
OPTIDX,NIFTY,28-Mar-2024,19750,PE,0.85,1.55,0.6,0.85,0.85,1850,18269.79,15000,10550,22-MAR-2024,
OPTIDX,NIFTY,28-Mar-2024,19800,PE,1.25,1.65,0.7,0.8,0.8,13356,132231.92,162900,73450,22-MAR-2024,
OPTIDX,NIFTY,28-Mar-2024,19850,PE,1.15,1.55,0.85,1.05,1.05,3275,32506.32,15150,9650,22-MAR-2024,
OPTIDX,NIFTY,28-Mar-2024,19900,PE,1.1,1.6,0.7,1,1,4938,49136.07,72950,13000,22-MAR-2024,
OPTIDX,NIFTY,28-Mar-2024,19950,PE,1,1.6,0.8,1,1,2240,22345.36,9750,3900,22-MAR-2024,
OPTIDX,NIFTY,28-Mar-2024,20000,PE,1,1.6,0.85,1,1,148779,1487882.7,5727700,177750,22-MAR-2024,
OPTIDX,NIFTY,28-Mar-2024,20050,PE,1.45,2,0.85,1.1,1.1,5261,52745.14,30500,14450,22-MAR-2024,
OPTIDX,NIFTY,28-Mar-2024,20100,PE,1.35,1.65,0.85,1.1,1.1,20699,208038.26,321100,73550,22-MAR-2024,
OPTIDX,NIFTY,28-Mar-2024,20150,PE,1.35,1.7,0.9,1.15,1.15,5067,51053.44,26200,9350,22-MAR-2024,
OPTIDX,NIFTY,28-Mar-2024,20200,PE,1.3,1.75,1,1.15,1.15,42415,428420.02,1156800,37000,22-MAR-2024,
OPTIDX,NIFTY,28-Mar-2024,20250,PE,1.3,1.75,1.05,1.2,1.2,4959,50213.23,26500,600,22-MAR-2024,
OPTIDX,NIFTY,28-Mar-2024,20300,PE,1.45,1.75,1.05,1.15,1.15,23020,233668.64,331450,122800,22-MAR-2024,
OPTIDX,NIFTY,28-Mar-2024,20350,PE,1.45,1.85,1.05,1.25,1.25,13742,139834.66,62850,8900,22-MAR-2024,
OPTIDX,NIFTY,28-Mar-2024,20400,PE,1.5,1.95,1,1.2,1.2,59534,607291.13,475350,135350,22-MAR-2024,
OPTIDX,NIFTY,28-Mar-2024,20450,PE,1.65,3.75,1,1.3,1.3,27662,282866.03,30300,16450,22-MAR-2024,
OPTIDX,NIFTY,28-Mar-2024,20500,PE,1.35,2,1.1,1.3,1.3,207580,2127855.35,3086100,806350,22-MAR-2024,
OPTIDX,NIFTY,28-Mar-2024,20550,PE,1.65,2.15,1.1,1.4,1.4,34636,355914.39,71800,37000,22-MAR-2024,
OPTIDX,NIFTY,28-Mar-2024,20600,PE,1.65,2.15,1.05,1.25,1.25,92367,951458.74,498750,93750,22-MAR-2024,
OPTIDX,NIFTY,28-Mar-2024,20650,PE,1.85,2.3,1.25,1.5,1.5,59127,610540.72,338750,244000,22-MAR-2024,
OPTIDX,NIFTY,28-Mar-2024,20700,PE,1.8,2.3,1.1,1.4,1.4,162060,1677468.87,960800,384150,22-MAR-2024,
OPTIDX,NIFTY,28-Mar-2024,20750,PE,2,2.45,1.3,1.5,1.5,76622,795030.98,182850,72900,22-MAR-2024,
OPTIDX,NIFTY,28-Mar-2024,20800,PE,1.7,2.6,1.25,1.55,1.55,212209,2207188.23,1725600,718100,22-MAR-2024,
OPTIDX,NIFTY,28-Mar-2024,20850,PE,2.1,2.85,1.35,1.75,1.75,73832,769782.86,328150,105250,22-MAR-2024,
OPTIDX,NIFTY,28-Mar-2024,20900,PE,2.55,3.3,1.5,1.85,1.85,235978,2466256.77,1493250,316400,22-MAR-2024,
OPTIDX,NIFTY,28-Mar-2024,20950,PE,2.7,3.9,1.7,2.05,2.05,103070,1079801.15,645800,359900,22-MAR-2024,
OPTIDX,NIFTY,28-Mar-2024,21000,PE,3,4.65,2.1,2.5,2.5,688899,7234497.45,8428250,1832950,22-MAR-2024,
OPTIDX,NIFTY,28-Mar-2024,21050,PE,3.75,5.2,2.15,2.65,2.65,140993,1484189.89,495800,202750,22-MAR-2024,
OPTIDX,NIFTY,28-Mar-2024,21100,PE,3.5,6,2.3,2.85,2.85,321027,3387431.79,1908550,795150,22-MAR-2024,
OPTIDX,NIFTY,28-Mar-2024,21150,PE,3.95,7.1,2.55,3.15,3.15,164984,1745058.61,1304950,827750,22-MAR-2024,
OPTIDX,NIFTY,28-Mar-2024,21200,PE,4.75,8.4,3,3.55,3.55,539161,5716364.7,4892450,1464950,22-MAR-2024,
OPTIDX,NIFTY,28-Mar-2024,21250,PE,5,9.85,3.3,3.95,3.95,186767,1984936.46,1081900,731850,22-MAR-2024,
OPTIDX,NIFTY,28-Mar-2024,21300,PE,6.25,11.75,3.9,4.55,4.55,434772,4631656.37,3288800,1503850,22-MAR-2024,
OPTIDX,NIFTY,28-Mar-2024,21350,PE,7.8,14,4.1,5,5,242083,2585116.73,865550,506850,22-MAR-2024,
OPTIDX,NIFTY,28-Mar-2024,21400,PE,8.7,17,4.9,5.75,5.75,544089,5824083.08,2773850,664650,22-MAR-2024,
OPTIDX,NIFTY,28-Mar-2024,21450,PE,9,20.8,5.15,6.7,6.7,326904,3507786.46,1157550,698000,22-MAR-2024,
OPTIDX,NIFTY,28-Mar-2024,21500,PE,16,25.6,6.1,7.95,7.95,820501,8825410.46,5717750,1744500,22-MAR-2024,
OPTIDX,NIFTY,28-Mar-2024,21550,PE,15.55,31.45,7,9.45,9.45,385834,4160273,1517750,916400,22-MAR-2024,
OPTIDX,NIFTY,28-Mar-2024,21600,PE,21.1,38.4,9.25,11.55,11.55,697887,7543164.33,3716150,1589500,22-MAR-2024,
OPTIDX,NIFTY,28-Mar-2024,21650,PE,25.05,46.95,10.85,14,14,444490,4816344.13,1149950,529250,22-MAR-2024,
OPTIDX,NIFTY,28-Mar-2024,21700,PE,37.2,57,13,17.35,17.35,884344,9606843.33,3822450,773850,22-MAR-2024,
OPTIDX,NIFTY,28-Mar-2024,21750,PE,32,69.45,15.65,21.45,21.45,575035,6263002.49,1826050,1090350,22-MAR-2024,
OPTIDX,NIFTY,28-Mar-2024,21800,PE,60,83.8,19.25,26.6,26.6,1306342,14266190.77,5461150,1925300,22-MAR-2024,
OPTIDX,NIFTY,28-Mar-2024,21850,PE,58,100.8,23.3,32.9,32.9,843099,9232329.23,2034600,1162000,22-MAR-2024,
OPTIDX,NIFTY,28-Mar-2024,21900,PE,86.6,119.45,28.55,40.35,40.35,1944412,21353393.54,4960200,2415400,22-MAR-2024,
OPTIDX,NIFTY,28-Mar-2024,21950,PE,89.8,140.95,34.9,49.3,49.3,1224244,13484380.87,2326200,1500500,22-MAR-2024,
OPTIDX,NIFTY,28-Mar-2024,22000,PE,105,165,42.5,60.6,60.6,3089508,34116065.42,10597450,3192150,22-MAR-2024,
OPTIDX,NIFTY,28-Mar-2024,22050,PE,128,192.45,51.85,74.45,74.45,1376856,15244904.35,3044400,2370200,22-MAR-2024,
OPTIDX,NIFTY,28-Mar-2024,22100,PE,154.95,223,63.25,90.1,90.1,2387213,26504961.3,6578650,3679450,22-MAR-2024,
OPTIDX,NIFTY,28-Mar-2024,22150,PE,165,256,77.8,108.75,108.75,925276,10301008.86,1714200,1490100,22-MAR-2024,
OPTIDX,NIFTY,28-Mar-2024,22200,PE,200,291.9,94.75,132.2,132.2,1033792,11547933.78,2663400,1056600,22-MAR-2024,
OPTIDX,NIFTY,28-Mar-2024,22250,PE,256.05,330.55,114.9,158.4,158.4,233344,2614681.5,525900,370850,22-MAR-2024,
OPTIDX,NIFTY,28-Mar-2024,22300,PE,310,371.5,138.5,190.4,190.4,292735,3293709.71,1606500,611450,22-MAR-2024,
OPTIDX,NIFTY,28-Mar-2024,22350,PE,328,412.6,165.5,222.4,222.4,54494,615020.41,262400,185850,22-MAR-2024,
OPTIDX,NIFTY,28-Mar-2024,22400,PE,351,458.3,196.55,258.65,258.65,73517,833173.95,819250,150000,22-MAR-2024,
OPTIDX,NIFTY,28-Mar-2024,22450,PE,422.55,498.7,231.25,305.2,305.2,13448,152911.89,78150,24400,22-MAR-2024,
OPTIDX,NIFTY,28-Mar-2024,22500,PE,450.05,551,268.9,343.7,343.7,46932,536226.53,1180750,-31900,22-MAR-2024,
OPTIDX,NIFTY,28-Mar-2024,22550,PE,520,595.15,310.95,388.45,388.45,1362,15624.27,43500,-500,22-MAR-2024,
OPTIDX,NIFTY,28-Mar-2024,22600,PE,552.15,642.8,354.35,438.9,438.9,5562,64060.02,233300,12600,22-MAR-2024,
OPTIDX,NIFTY,28-Mar-2024,22650,PE,568.75,568.75,401,491.25,491.25,503,5815.69,19850,3400,22-MAR-2024,
OPTIDX,NIFTY,28-Mar-2024,22700,PE,655,739.45,445.55,527,527,1454,16895.08,85850,-100,22-MAR-2024,
OPTIDX,NIFTY,28-Mar-2024,22750,PE,758,770.9,496.35,569.5,569.5,216,2518.4,28050,50,22-MAR-2024,
OPTIDX,NIFTY,28-Mar-2024,22800,PE,730,844.25,547.65,635.65,635.65,618,7243.74,49000,1600,22-MAR-2024,
OPTIDX,NIFTY,28-Mar-2024,22850,PE,670,710.95,601.75,697.4,697.4,17,199.89,17050,-450,22-MAR-2024,
OPTIDX,NIFTY,28-Mar-2024,22900,PE,860,934.2,655.6,739.7,739.7,114,1350.12,25450,-1400,22-MAR-2024,
OPTIDX,NIFTY,28-Mar-2024,22950,PE,775.75,776.25,700.9,767.9,767.9,12,142.15,19550,-50,22-MAR-2024,
OPTIDX,NIFTY,28-Mar-2024,23000,PE,949.95,1043,744.85,832.35,832.35,5753,68562.19,817150,-20950,22-MAR-2024,
OPTIDX,NIFTY,28-Mar-2024,23050,PE,813.75,911.5,799.8,885.85,885.85,49,586.23,10700,-500,22-MAR-2024,
OPTIDX,NIFTY,28-Mar-2024,23100,PE,1058.5,1127.55,848.7,933.75,933.75,41,493.13,24600,50,22-MAR-2024,
OPTIDX,NIFTY,28-Mar-2024,23150,PE,0,0,0,1018,1027.75,0,0,6350,0,22-MAR-2024,
OPTIDX,NIFTY,28-Mar-2024,23200,PE,1090,1090,948.25,1031.05,1031.05,110,1333.48,114300,50,22-MAR-2024,
OPTIDX,NIFTY,28-Mar-2024,23250,PE,0,0,0,1162,1127.55,0,0,9600,0,22-MAR-2024,
OPTIDX,NIFTY,28-Mar-2024,23300,PE,1170,1170,1135.9,1136.8,1136.8,25,305.47,3650,0,22-MAR-2024,
OPTIDX,NIFTY,28-Mar-2024,23350,PE,0,0,0,1098.55,1227.4,0,0,800,0,22-MAR-2024,
OPTIDX,NIFTY,28-Mar-2024,23400,PE,1290,1290,1229,1239.5,1239.5,6,73.93,2700,0,22-MAR-2024,
OPTIDX,NIFTY,28-Mar-2024,23450,PE,0,0,0,1200,1327.25,0,0,850,0,22-MAR-2024,
OPTIDX,NIFTY,28-Mar-2024,23500,PE,1500,1540,1250,1350.15,1350.15,919,11423.79,252800,550,22-MAR-2024,
OPTIDX,NIFTY,28-Mar-2024,23550,PE,0,0,0,1467.15,1427.15,0,0,800,0,22-MAR-2024,
OPTIDX,NIFTY,28-Mar-2024,23600,PE,0,0,0,1553.25,1477.1,0,0,250,0,22-MAR-2024,
OPTIDX,NIFTY,28-Mar-2024,23650,PE,0,0,0,1621.9,1527,0,0,0,0,22-MAR-2024,
OPTIDX,NIFTY,28-Mar-2024,23700,PE,1679.25,1679.25,1539.5,1539.5,1539.5,4,50.61,850,-100,22-MAR-2024,
OPTIDX,NIFTY,28-Mar-2024,23750,PE,1510.35,1514.65,1510.35,1514.65,1626.9,2,25.26,100,0,22-MAR-2024,
OPTIDX,NIFTY,28-Mar-2024,23800,PE,1635.95,1635.95,1635.95,1635.95,1676.85,1,12.71,1050,-50,22-MAR-2024,
OPTIDX,NIFTY,28-Mar-2024,23850,PE,0,0,0,1717.1,1726.8,0,0,50,0,22-MAR-2024,
OPTIDX,NIFTY,28-Mar-2024,23900,PE,1877.05,1877.05,1738.85,1738.85,1738.85,4,51.41,500,0,22-MAR-2024,
OPTIDX,NIFTY,28-Mar-2024,23950,PE,0,0,0,1376.7,1826.7,0,0,100,0,22-MAR-2024,
OPTIDX,NIFTY,28-Mar-2024,24000,PE,1978.5,2044.65,1745.65,1821.3,1821.3,2667,34506.38,529950,19900,22-MAR-2024,
OPTIDX,NIFTY,28-Mar-2024,24050,PE,0,0,0,1472.85,1926.6,0,0,50,0,22-MAR-2024,
OPTIDX,NIFTY,28-Mar-2024,24100,PE,0,0,0,1993,1976.5,0,0,1050,0,22-MAR-2024,
OPTIDX,NIFTY,28-Mar-2024,24150,PE,0,0,0,1570.35,2026.45,0,0,50,0,22-MAR-2024,
OPTIDX,NIFTY,28-Mar-2024,24200,PE,0,0,0,2004.1,2076.4,0,0,150,0,22-MAR-2024,
OPTIDX,NIFTY,28-Mar-2024,24250,PE,0,0,0,2120,2126.35,0,0,50,0,22-MAR-2024,
OPTIDX,NIFTY,28-Mar-2024,25000,PE,3015,3030,2741.3,2836.55,2836.55,1668,23221.4,377300,-25050,22-MAR-2024,
OPTIDX,NIFTY,28-Mar-2024,26000,PE,4045,4045,3752,3849.4,3849.4,383,5708,40950,2950,22-MAR-2024,
OPTIDX,NIFTY,28-Mar-2024,27000,PE,4970,4970,4740.8,4839.75,4839.75,110,1753.74,7150,-2700,22-MAR-2024,
OPTIDX,NIFTY,04-Apr-2024,20050,CE,2177,2220,2177,2218,2094.9,94,1045.31,4700,4700,22-MAR-2024,
OPTIDX,NIFTY,04-Apr-2024,20100,CE,2210,2210,2125,2130.85,2130.85,95,1058.39,4550,4450,22-MAR-2024,
OPTIDX,NIFTY,04-Apr-2024,20150,CE,0,0,0,2243.45,1995.15,0,0,0,0,22-MAR-2024,
OPTIDX,NIFTY,04-Apr-2024,20200,CE,0,0,0,1850,1945.25,0,0,100,0,22-MAR-2024,
OPTIDX,NIFTY,04-Apr-2024,20250,CE,0,0,0,2146.35,1895.4,0,0,0,0,22-MAR-2024,
OPTIDX,NIFTY,04-Apr-2024,20300,CE,0,0,0,2098,1845.5,0,0,0,0,22-MAR-2024,
OPTIDX,NIFTY,04-Apr-2024,20350,CE,0,0,0,2049.8,1795.65,0,0,0,0,22-MAR-2024,
OPTIDX,NIFTY,04-Apr-2024,20400,CE,0,0,0,2001.75,1745.75,0,0,0,0,22-MAR-2024,
OPTIDX,NIFTY,04-Apr-2024,20450,CE,0,0,0,1953.85,1695.9,0,0,0,0,22-MAR-2024,
OPTIDX,NIFTY,04-Apr-2024,20500,CE,1540.95,1776.05,1540.95,1751.7,1751.7,180,2001.48,8850,8800,22-MAR-2024,
OPTIDX,NIFTY,04-Apr-2024,20550,CE,1760,1780,1760,1780,1596.15,31,345.96,1550,1550,22-MAR-2024,
OPTIDX,NIFTY,04-Apr-2024,20600,CE,0,0,0,1420,1546.35,0,0,50,0,22-MAR-2024,
OPTIDX,NIFTY,04-Apr-2024,20650,CE,0,0,0,1764.45,1496.5,0,0,0,0,22-MAR-2024,
OPTIDX,NIFTY,04-Apr-2024,20700,CE,1553,1553,1553,1553,1446.7,23,255.9,1150,1150,22-MAR-2024,
OPTIDX,NIFTY,04-Apr-2024,20750,CE,0,0,0,1671.25,1396.9,0,0,0,0,22-MAR-2024,
OPTIDX,NIFTY,04-Apr-2024,20800,CE,0,0,0,1625.15,1347.2,0,0,0,0,22-MAR-2024,
OPTIDX,NIFTY,04-Apr-2024,20850,CE,0,0,0,1579.3,1297.5,0,0,0,0,22-MAR-2024,
OPTIDX,NIFTY,04-Apr-2024,20900,CE,0,0,0,1090,1247.9,0,0,50,0,22-MAR-2024,
OPTIDX,NIFTY,04-Apr-2024,20950,CE,0,0,0,1488.75,1198.35,0,0,0,0,22-MAR-2024,
OPTIDX,NIFTY,04-Apr-2024,21000,CE,1120.9,1320,1055,1256.9,1256.9,287,3189.41,16500,11000,22-MAR-2024,
OPTIDX,NIFTY,04-Apr-2024,21050,CE,0,0,0,1399.75,1099.7,0,0,0,0,22-MAR-2024,
OPTIDX,NIFTY,04-Apr-2024,21100,CE,1001.55,1165,1001.55,1148,1050.65,25,277.51,500,350,22-MAR-2024,
OPTIDX,NIFTY,04-Apr-2024,21150,CE,0,0,0,1312.55,1001.8,0,0,0,0,22-MAR-2024,
OPTIDX,NIFTY,04-Apr-2024,21200,CE,865,1140,865,1054.6,1054.6,496,5516.52,27400,23000,22-MAR-2024,
OPTIDX,NIFTY,04-Apr-2024,21250,CE,0,0,0,1227.35,905,0,0,0,0,22-MAR-2024,
OPTIDX,NIFTY,04-Apr-2024,21300,CE,975,1012,975,985,985,4,44.57,200,200,22-MAR-2024,
OPTIDX,NIFTY,04-Apr-2024,21350,CE,0,0,0,1144.3,809.9,0,0,0,0,22-MAR-2024,
OPTIDX,NIFTY,04-Apr-2024,21400,CE,735,855,690,855,855,37,409.86,1250,300,22-MAR-2024,
OPTIDX,NIFTY,04-Apr-2024,21450,CE,0,0,0,1063.6,717.1,0,0,0,0,22-MAR-2024,
OPTIDX,NIFTY,04-Apr-2024,21500,CE,680,861.65,590,788.85,788.85,4338,48293.28,469250,140150,22-MAR-2024,
OPTIDX,NIFTY,04-Apr-2024,21550,CE,572.65,799.5,558.8,723.55,723.55,28,310.66,1200,450,22-MAR-2024,
OPTIDX,NIFTY,04-Apr-2024,21600,CE,575,761,508,685.85,685.85,473,5252.25,27000,5050,22-MAR-2024,
OPTIDX,NIFTY,04-Apr-2024,21650,CE,479,715,473.9,637.1,637.1,67,745.34,1750,-50,22-MAR-2024,
OPTIDX,NIFTY,04-Apr-2024,21700,CE,496.3,669.35,426.85,587.85,587.85,1418,15747.7,88500,13000,22-MAR-2024,
OPTIDX,NIFTY,04-Apr-2024,21750,CE,443.45,623.15,390,567.7,567.7,199,2214.44,4400,-2550,22-MAR-2024,
OPTIDX,NIFTY,04-Apr-2024,21800,CE,414.05,585.75,353.65,504.7,504.7,5642,62691.37,138850,24350,22-MAR-2024,
OPTIDX,NIFTY,04-Apr-2024,21850,CE,368.45,540.85,317.6,465.65,465.65,1776,19759.33,19150,-1250,22-MAR-2024,
OPTIDX,NIFTY,04-Apr-2024,21900,CE,329.3,502.2,285,424.35,424.35,16125,179393.24,327500,93050,22-MAR-2024,
OPTIDX,NIFTY,04-Apr-2024,21950,CE,298.95,457.95,252.6,385.85,385.85,6280,69904.59,65100,36350,22-MAR-2024,
OPTIDX,NIFTY,04-Apr-2024,22000,CE,278.95,420.2,223.4,346.9,346.9,84574,943067.7,1771400,868600,22-MAR-2024,
OPTIDX,NIFTY,04-Apr-2024,22050,CE,235.65,381.05,196,310.05,310.05,15112,168682.22,329550,-2100,22-MAR-2024,
OPTIDX,NIFTY,04-Apr-2024,22100,CE,204.3,345,170,275.65,275.65,82883,926348.56,1893800,1037050,22-MAR-2024,
OPTIDX,NIFTY,04-Apr-2024,22150,CE,204.9,307.85,146.45,243.2,243.2,15426,172629.4,311400,55950,22-MAR-2024,
OPTIDX,NIFTY,04-Apr-2024,22200,CE,165.75,274,125.85,211.45,211.45,69133,774413.82,1588150,428400,22-MAR-2024,
OPTIDX,NIFTY,04-Apr-2024,22250,CE,135.15,240.6,106.65,182,182,10203,114381.94,636150,37450,22-MAR-2024,
OPTIDX,NIFTY,04-Apr-2024,22300,CE,115.95,210.65,89.1,156.75,156.75,45454,510209.82,852500,366750,22-MAR-2024,
OPTIDX,NIFTY,04-Apr-2024,22350,CE,92.45,181,73.65,130.2,130.2,10853,121966.18,275400,18300,22-MAR-2024,
OPTIDX,NIFTY,04-Apr-2024,22400,CE,77.05,155,60.4,110.35,110.35,42233,475224.64,464700,156400,22-MAR-2024,
OPTIDX,NIFTY,04-Apr-2024,22450,CE,75,131.05,48.8,91.5,91.5,13960,157318.62,186700,46100,22-MAR-2024,
OPTIDX,NIFTY,04-Apr-2024,22500,CE,55,109.25,39.4,74.25,74.25,86877,980688.35,1755600,413650,22-MAR-2024,
OPTIDX,NIFTY,04-Apr-2024,22550,CE,55,90,31.1,57.8,57.8,13858,156646.47,319350,56050,22-MAR-2024,
OPTIDX,NIFTY,04-Apr-2024,22600,CE,42.55,73,24.3,45.95,45.95,50465,571449.2,868900,297700,22-MAR-2024,
OPTIDX,NIFTY,04-Apr-2024,22650,CE,27.35,58.95,18.65,37.4,37.4,18869,214028.3,629900,85450,22-MAR-2024,
OPTIDX,NIFTY,04-Apr-2024,22700,CE,24,46.4,14.7,27.55,27.55,37158,422268.53,912950,110150,22-MAR-2024,
OPTIDX,NIFTY,04-Apr-2024,22750,CE,18,36.3,11.55,20.85,20.85,10764,122558.12,95150,49700,22-MAR-2024,
OPTIDX,NIFTY,04-Apr-2024,22800,CE,13.8,28.45,9.1,16.7,16.7,45861,523222.68,566800,276250,22-MAR-2024,
OPTIDX,NIFTY,04-Apr-2024,22850,CE,12.35,21.15,7.5,11.95,11.95,9184,104991.78,83400,52800,22-MAR-2024,
OPTIDX,NIFTY,04-Apr-2024,22900,CE,9.05,15.6,5.8,8.85,8.85,29958,343169.63,258850,51450,22-MAR-2024,
OPTIDX,NIFTY,04-Apr-2024,22950,CE,8.4,11.9,5.05,7.15,7.15,9182,105401.22,96600,80050,22-MAR-2024,
OPTIDX,NIFTY,04-Apr-2024,23000,CE,6.95,8.8,4.15,5,5,43043,495123.14,828600,256800,22-MAR-2024,
OPTIDX,NIFTY,04-Apr-2024,23050,CE,5.15,6.5,3.45,4.2,4.2,6757,77891,80050,71200,22-MAR-2024,
OPTIDX,NIFTY,04-Apr-2024,23100,CE,2.45,4.9,2.45,3.45,3.45,8628,99670.14,97800,6350,22-MAR-2024,
OPTIDX,NIFTY,04-Apr-2024,23150,CE,6.45,6.45,2.8,3.25,3.25,2537,29370.16,22950,11450,22-MAR-2024,
OPTIDX,NIFTY,04-Apr-2024,23200,CE,2.9,3.2,2.4,2.6,2.6,9172,106407.88,197750,8200,22-MAR-2024,
OPTIDX,NIFTY,04-Apr-2024,23250,CE,3.45,3.75,2.3,2.7,2.7,1563,18172.06,34100,26400,22-MAR-2024,
OPTIDX,NIFTY,04-Apr-2024,23300,CE,2.4,3,2.35,2.65,2.65,3188,37144.45,77850,-1750,22-MAR-2024,
OPTIDX,NIFTY,04-Apr-2024,23350,CE,2.7,3.35,2.25,2.85,2.85,1806,21087.58,37700,34550,22-MAR-2024,
OPTIDX,NIFTY,04-Apr-2024,23400,CE,2.6,3.55,2.4,2.7,2.7,7493,87678.03,107350,57550,22-MAR-2024,
OPTIDX,NIFTY,04-Apr-2024,23450,CE,2.75,3.35,2.2,2.8,2.8,2391,28037.74,38800,33750,22-MAR-2024,
OPTIDX,NIFTY,04-Apr-2024,23500,CE,7,7,1.95,2.55,2.55,9731,114350.87,149050,41700,22-MAR-2024,
OPTIDX,NIFTY,04-Apr-2024,23550,CE,1.1,3.45,1.1,2.7,2.7,1389,16357.19,16800,13050,22-MAR-2024,
OPTIDX,NIFTY,04-Apr-2024,23600,CE,2.2,2.4,1.9,2.25,2.25,1941,22905.94,42400,24500,22-MAR-2024,
OPTIDX,NIFTY,04-Apr-2024,23650,CE,2.1,3.55,1.85,2.6,2.6,278,3287.68,5300,-400,22-MAR-2024,
OPTIDX,NIFTY,04-Apr-2024,23700,CE,1.9,2.45,1.9,2.35,2.35,1347,15963.43,24650,1000,22-MAR-2024,
OPTIDX,NIFTY,04-Apr-2024,23750,CE,2.3,2.75,1.85,2,2,159,1888.29,4600,400,22-MAR-2024,
OPTIDX,NIFTY,04-Apr-2024,23800,CE,2.1,2.1,1.7,1.8,1.8,130,1547.12,9900,1250,22-MAR-2024,
OPTIDX,NIFTY,04-Apr-2024,23850,CE,1.85,3,1.7,2.05,2.05,100,1192.6,3350,2350,22-MAR-2024,
OPTIDX,NIFTY,04-Apr-2024,23900,CE,2.95,2.95,1.7,1.85,1.85,354,4230.66,11100,3850,22-MAR-2024,
OPTIDX,NIFTY,04-Apr-2024,23950,CE,2,2.7,1.9,2.1,2.1,131,1568.86,11600,3300,22-MAR-2024,
OPTIDX,NIFTY,04-Apr-2024,24000,CE,1.95,2.3,1.6,1.75,1.75,627,7524.56,60950,10150,22-MAR-2024,
OPTIDX,NIFTY,04-Apr-2024,24050,CE,2.7,2.7,1.55,1.75,1.75,122,1467.16,2500,500,22-MAR-2024,
OPTIDX,NIFTY,04-Apr-2024,24100,CE,3,3,1.4,1.65,1.65,153,1843.78,10500,2350,22-MAR-2024,
OPTIDX,NIFTY,04-Apr-2024,24150,CE,1.9,1.9,1.45,1.65,1.65,42,507.18,2900,550,22-MAR-2024,
OPTIDX,NIFTY,04-Apr-2024,24200,CE,2.85,2.85,1.45,1.55,1.55,487,5893.15,16300,6850,22-MAR-2024,
OPTIDX,NIFTY,04-Apr-2024,24250,CE,2.55,2.55,1.6,1.65,1.65,495,6002.34,8350,7400,22-MAR-2024,
OPTIDX,NIFTY,04-Apr-2024,20050,PE,0,0,0,4.95,0.05,0,0,0,0,22-MAR-2024,
OPTIDX,NIFTY,04-Apr-2024,20100,PE,1.7,3.05,1.7,2.95,2.95,114,1145.84,1350,1350,22-MAR-2024,
OPTIDX,NIFTY,04-Apr-2024,20150,PE,0,0,0,6.55,0.05,0,0,0,0,22-MAR-2024,
OPTIDX,NIFTY,04-Apr-2024,20200,PE,2.7,4,2.2,2.45,2.45,1772,17899.81,35600,19000,22-MAR-2024,
OPTIDX,NIFTY,04-Apr-2024,20250,PE,3.05,3.05,3.05,3.05,3.05,2,20.25,150,100,22-MAR-2024,
OPTIDX,NIFTY,04-Apr-2024,20300,PE,2.75,4.25,2.55,2.85,2.85,173,1756.22,6000,1650,22-MAR-2024,
OPTIDX,NIFTY,04-Apr-2024,20350,PE,0,0,0,11.2,0.05,0,0,0,0,22-MAR-2024,
OPTIDX,NIFTY,04-Apr-2024,20400,PE,3.5,4.25,2.65,3.15,3.15,305,3111.55,7050,1300,22-MAR-2024,
OPTIDX,NIFTY,04-Apr-2024,20450,PE,2.2,6.5,2.2,3.35,3.35,166,1697.67,7550,-750,22-MAR-2024,
OPTIDX,NIFTY,04-Apr-2024,20500,PE,4.05,4.9,3.25,3.65,3.65,4131,42350.86,130150,17950,22-MAR-2024,
OPTIDX,NIFTY,04-Apr-2024,20550,PE,0,0,0,18.4,0.1,0,0,0,0,22-MAR-2024,
OPTIDX,NIFTY,04-Apr-2024,20600,PE,4.65,5.5,2.6,3.7,3.7,943,9714.96,16450,6250,22-MAR-2024,
OPTIDX,NIFTY,04-Apr-2024,20650,PE,5,7.8,3.45,4,4,172,1776.35,3150,2850,22-MAR-2024,
OPTIDX,NIFTY,04-Apr-2024,20700,PE,4.95,7.5,4.3,4.4,4.4,1482,15342.49,19200,1300,22-MAR-2024,
OPTIDX,NIFTY,04-Apr-2024,20750,PE,5,5,4.45,4.9,4.9,59,612.26,2450,2450,22-MAR-2024,
OPTIDX,NIFTY,04-Apr-2024,20800,PE,5.6,7.9,4.55,4.9,4.9,4190,43588.06,60550,2950,22-MAR-2024,
OPTIDX,NIFTY,04-Apr-2024,20850,PE,6.75,10.6,4.35,4.8,4.8,234,2440.25,4700,200,22-MAR-2024,
OPTIDX,NIFTY,04-Apr-2024,20900,PE,6,9.95,5.3,5.65,5.65,6762,70686.71,70100,21450,22-MAR-2024,
OPTIDX,NIFTY,04-Apr-2024,20950,PE,7.05,12.9,5.55,6.5,6.5,927,9713.93,12450,6700,22-MAR-2024,
OPTIDX,NIFTY,04-Apr-2024,21000,PE,8.95,12.7,6.5,7.05,7.05,23095,242599.56,298100,19000,22-MAR-2024,
OPTIDX,NIFTY,04-Apr-2024,21050,PE,12.5,14.15,6.6,7.65,7.65,3727,39243.78,23600,1400,22-MAR-2024,
OPTIDX,NIFTY,04-Apr-2024,21100,PE,10.85,16,7.6,8.45,8.45,12649,133509.19,170600,59750,22-MAR-2024,
OPTIDX,NIFTY,04-Apr-2024,21150,PE,17.9,18.6,6.35,9.5,9.5,3024,31994.46,37650,24250,22-MAR-2024,
OPTIDX,NIFTY,04-Apr-2024,21200,PE,13.95,21,9.05,10.5,10.5,14350,152197.44,203550,32950,22-MAR-2024,
OPTIDX,NIFTY,04-Apr-2024,21250,PE,20.7,24.3,10.1,11.9,11.9,3207,34098.1,22550,5750,22-MAR-2024,
OPTIDX,NIFTY,04-Apr-2024,21300,PE,18.75,28.5,11,13.55,13.55,20003,213195.08,255400,54400,22-MAR-2024,
OPTIDX,NIFTY,04-Apr-2024,21350,PE,21.35,32.9,10.4,15.35,15.35,4497,48045.84,47900,10100,22-MAR-2024,
OPTIDX,NIFTY,04-Apr-2024,21400,PE,26.05,37.8,14.35,18,18,19628,210228.63,338250,85450,22-MAR-2024,
OPTIDX,NIFTY,04-Apr-2024,21450,PE,29.05,43.6,16.35,20.4,20.4,6522,70025.78,51000,21950,22-MAR-2024,
OPTIDX,NIFTY,04-Apr-2024,21500,PE,31.95,50.55,18.5,22.9,22.9,57281,616575.57,921450,167100,22-MAR-2024,
OPTIDX,NIFTY,04-Apr-2024,21550,PE,32.2,57.6,22.2,27.2,27.2,10730,115795.63,82400,33800,22-MAR-2024,
OPTIDX,NIFTY,04-Apr-2024,21600,PE,45.65,67.1,25.25,30.9,30.9,36974,400026.56,456500,235200,22-MAR-2024,
OPTIDX,NIFTY,04-Apr-2024,21650,PE,45.4,77.25,29.2,35.6,35.6,10324,111990.83,85700,41500,22-MAR-2024,
OPTIDX,NIFTY,04-Apr-2024,21700,PE,60,88.9,33.1,41.05,41.05,51571,560855.32,587600,135750,22-MAR-2024,
OPTIDX,NIFTY,04-Apr-2024,21750,PE,58,101.2,38.5,47.05,47.05,13138,143261.64,68450,26800,22-MAR-2024,
OPTIDX,NIFTY,04-Apr-2024,21800,PE,78.7,115,44.15,54.5,54.5,65887,720461.73,679650,283700,22-MAR-2024,
OPTIDX,NIFTY,04-Apr-2024,21850,PE,95.7,130.2,51,63.1,63.1,18577,203703.36,120450,80000,22-MAR-2024,
OPTIDX,NIFTY,04-Apr-2024,21900,PE,109.7,147.7,58.4,71.2,71.2,88389,972099.64,700400,314000,22-MAR-2024,
OPTIDX,NIFTY,04-Apr-2024,21950,PE,115,166.9,67.7,82.3,82.3,26992,297732.92,300300,135250,22-MAR-2024,
OPTIDX,NIFTY,04-Apr-2024,22000,PE,139.95,187,76.2,93.6,93.6,159606,1765226.02,2204350,1162350,22-MAR-2024,
OPTIDX,NIFTY,04-Apr-2024,22050,PE,161.1,208,88,108.1,108.1,25105,278381.5,317500,89600,22-MAR-2024,
OPTIDX,NIFTY,04-Apr-2024,22100,PE,171.3,232.65,99.5,121.55,121.55,111008,1234611.13,1988450,1055750,22-MAR-2024,
OPTIDX,NIFTY,04-Apr-2024,22150,PE,205.65,258.9,114.35,137.1,137.1,18358,204713.5,324450,71500,22-MAR-2024,
OPTIDX,NIFTY,04-Apr-2024,22200,PE,246,287.55,129.3,157.55,157.55,60103,672269.34,1559100,429500,22-MAR-2024,
OPTIDX,NIFTY,04-Apr-2024,22250,PE,258.25,317.3,147.5,179.6,179.6,6413,71981.18,633750,47850,22-MAR-2024,
OPTIDX,NIFTY,04-Apr-2024,22300,PE,266.6,351.75,166.45,199.3,199.3,27832,313293.31,700950,345800,22-MAR-2024,
OPTIDX,NIFTY,04-Apr-2024,22350,PE,324.35,384,188.9,227.1,227.1,3969,44840.69,287150,50250,22-MAR-2024,
OPTIDX,NIFTY,04-Apr-2024,22400,PE,338,422,212.9,255.45,255.45,8352,94660.57,258950,96900,22-MAR-2024,
OPTIDX,NIFTY,04-Apr-2024,22450,PE,395.5,457,238.95,287.55,287.55,2584,29395.85,147200,38100,22-MAR-2024,
OPTIDX,NIFTY,04-Apr-2024,22500,PE,433.45,500,267.1,324.25,324.25,12580,143557.82,1108250,91950,22-MAR-2024,
OPTIDX,NIFTY,04-Apr-2024,22550,PE,426.5,426.5,298.25,346.05,346.05,713,8158.29,221050,7350,22-MAR-2024,
OPTIDX,NIFTY,04-Apr-2024,22600,PE,513.05,513.05,330.95,384.15,384.15,2773,31872.84,384500,3800,22-MAR-2024,
OPTIDX,NIFTY,04-Apr-2024,22650,PE,408.5,453.7,367.55,416,416,243,2800.47,505650,2100,22-MAR-2024,
OPTIDX,NIFTY,04-Apr-2024,22700,PE,599,668.55,410,472.05,472.05,202,2344.71,549200,1900,22-MAR-2024,
OPTIDX,NIFTY,04-Apr-2024,22750,PE,0,0,0,638.6,630.35,0,0,0,0,22-MAR-2024,
OPTIDX,NIFTY,04-Apr-2024,22800,PE,699,744.4,488.95,559,559,75,876.68,4450,1550,22-MAR-2024,
OPTIDX,NIFTY,04-Apr-2024,22850,PE,600,605,542.05,592,592,25,292.55,1550,1050,22-MAR-2024,
OPTIDX,NIFTY,04-Apr-2024,22900,PE,597,660.35,587.75,626,626,51,599.52,2450,2450,22-MAR-2024,
OPTIDX,NIFTY,04-Apr-2024,22950,PE,0,0,0,843.15,812.2,0,0,200,0,22-MAR-2024,
OPTIDX,NIFTY,04-Apr-2024,23000,PE,935,965,670.4,751.8,751.8,3289,39030.39,255700,115400,22-MAR-2024,
OPTIDX,NIFTY,04-Apr-2024,23050,PE,0,0,0,839.95,906.9,0,0,0,0,22-MAR-2024,
OPTIDX,NIFTY,04-Apr-2024,23100,PE,1000,1000,805,805,954.9,4,47.95,750,150,22-MAR-2024,
OPTIDX,NIFTY,04-Apr-2024,23150,PE,0,0,0,914,1003.25,0,0,0,0,22-MAR-2024,
OPTIDX,NIFTY,04-Apr-2024,23200,PE,0,0,0,950.8,1051.95,0,0,0,0,22-MAR-2024,
OPTIDX,NIFTY,04-Apr-2024,23250,PE,0,0,0,989,1100.85,0,0,0,0,22-MAR-2024,
OPTIDX,NIFTY,04-Apr-2024,23300,PE,0,0,0,1027.9,1149.95,0,0,0,0,22-MAR-2024,
OPTIDX,NIFTY,04-Apr-2024,23350,PE,0,0,0,1067.35,1199.2,0,0,0,0,22-MAR-2024,
OPTIDX,NIFTY,04-Apr-2024,23400,PE,0,0,0,1107.4,1248.6,0,0,0,0,22-MAR-2024,
OPTIDX,NIFTY,04-Apr-2024,23450,PE,0,0,0,1148.05,1298.1,0,0,0,0,22-MAR-2024,
OPTIDX,NIFTY,04-Apr-2024,23500,PE,0,0,0,1316,1347.7,0,0,50,0,22-MAR-2024,
OPTIDX,NIFTY,04-Apr-2024,23550,PE,0,0,0,1230.9,1397.35,0,0,0,0,22-MAR-2024,
OPTIDX,NIFTY,04-Apr-2024,23600,PE,0,0,0,1273.05,1447.05,0,0,0,0,22-MAR-2024,
OPTIDX,NIFTY,04-Apr-2024,23650,PE,0,0,0,1315.75,1496.8,0,0,0,0,22-MAR-2024,
OPTIDX,NIFTY,04-Apr-2024,23700,PE,0,0,0,1358.85,1546.6,0,0,0,0,22-MAR-2024,
OPTIDX,NIFTY,04-Apr-2024,23750,PE,0,0,0,1402.4,1596.4,0,0,0,0,22-MAR-2024,
OPTIDX,NIFTY,04-Apr-2024,23800,PE,0,0,0,1446.35,1646.25,0,0,0,0,22-MAR-2024,
OPTIDX,NIFTY,04-Apr-2024,23850,PE,0,0,0,1490.65,1696.1,0,0,0,0,22-MAR-2024,
OPTIDX,NIFTY,04-Apr-2024,23900,PE,0,0,0,1535.4,1745.95,0,0,0,0,22-MAR-2024,
OPTIDX,NIFTY,04-Apr-2024,23950,PE,0,0,0,1580.45,1795.8,0,0,0,0,22-MAR-2024,
OPTIDX,NIFTY,04-Apr-2024,24000,PE,0,0,0,1625.8,1845.65,0,0,0,0,22-MAR-2024,
OPTIDX,NIFTY,04-Apr-2024,24050,PE,0,0,0,1671.5,1895.55,0,0,0,0,22-MAR-2024,
OPTIDX,NIFTY,04-Apr-2024,24100,PE,0,0,0,1717.5,1945.4,0,0,0,0,22-MAR-2024,
OPTIDX,NIFTY,04-Apr-2024,24150,PE,0,0,0,1763.75,1995.25,0,0,0,0,22-MAR-2024,
OPTIDX,NIFTY,04-Apr-2024,24200,PE,0,0,0,1810.25,2045.15,0,0,0,0,22-MAR-2024,
OPTIDX,NIFTY,04-Apr-2024,24250,PE,0,0,0,1857.05,2095.05,0,0,0,0,22-MAR-2024,
OPTIDX,NIFTY,10-Apr-2024,20050,CE,0,0,0,2568.95,2117.1,0,0,0,0,22-MAR-2024,
OPTIDX,NIFTY,10-Apr-2024,20100,CE,0,0,0,2519.4,2067.3,0,0,0,0,22-MAR-2024,
OPTIDX,NIFTY,10-Apr-2024,20150,CE,0,0,0,2469.9,2017.45,0,0,0,0,22-MAR-2024,
OPTIDX,NIFTY,10-Apr-2024,20200,CE,0,0,0,2420.4,1967.65,0,0,0,0,22-MAR-2024,
OPTIDX,NIFTY,10-Apr-2024,20250,CE,0,0,0,2370.9,1917.85,0,0,0,0,22-MAR-2024,
OPTIDX,NIFTY,10-Apr-2024,20300,CE,0,0,0,2321.5,1868.1,0,0,0,0,22-MAR-2024,
OPTIDX,NIFTY,10-Apr-2024,20350,CE,0,0,0,2272.1,1818.3,0,0,0,0,22-MAR-2024,
OPTIDX,NIFTY,10-Apr-2024,20400,CE,0,0,0,2222.8,1768.55,0,0,0,0,22-MAR-2024,
OPTIDX,NIFTY,10-Apr-2024,20450,CE,0,0,0,2173.55,1718.8,0,0,0,0,22-MAR-2024,
OPTIDX,NIFTY,10-Apr-2024,20500,CE,0,0,0,2124.35,1669.1,0,0,0,0,22-MAR-2024,
OPTIDX,NIFTY,10-Apr-2024,20550,CE,0,0,0,2075.25,1619.4,0,0,0,0,22-MAR-2024,
OPTIDX,NIFTY,10-Apr-2024,20600,CE,0,0,0,2026.25,1569.8,0,0,0,0,22-MAR-2024,
OPTIDX,NIFTY,10-Apr-2024,20650,CE,0,0,0,1977.35,1520.2,0,0,0,0,22-MAR-2024,
OPTIDX,NIFTY,10-Apr-2024,20700,CE,0,0,0,1928.55,1470.7,0,0,0,0,22-MAR-2024,
OPTIDX,NIFTY,10-Apr-2024,20750,CE,0,0,0,1879.9,1421.25,0,0,0,0,22-MAR-2024,
OPTIDX,NIFTY,10-Apr-2024,20800,CE,0,0,0,1831.4,1371.95,0,0,0,0,22-MAR-2024,
OPTIDX,NIFTY,10-Apr-2024,20850,CE,0,0,0,1783.1,1322.75,0,0,0,0,22-MAR-2024,
OPTIDX,NIFTY,10-Apr-2024,20900,CE,0,0,0,1734.95,1273.75,0,0,0,0,22-MAR-2024,
OPTIDX,NIFTY,10-Apr-2024,20950,CE,0,0,0,1687,1224.9,0,0,0,0,22-MAR-2024,
OPTIDX,NIFTY,10-Apr-2024,21000,CE,1127,1363.75,1127,1363.75,1176.25,18,199.42,800,800,22-MAR-2024,
OPTIDX,NIFTY,10-Apr-2024,21050,CE,1051.3,1122.4,1051.25,1100.3,1127.9,24,265.57,600,600,22-MAR-2024,
OPTIDX,NIFTY,10-Apr-2024,21100,CE,0,0,0,1544.6,1079.85,0,0,0,0,22-MAR-2024,
OPTIDX,NIFTY,10-Apr-2024,21150,CE,0,0,0,1497.65,1032.15,0,0,0,0,22-MAR-2024,
OPTIDX,NIFTY,10-Apr-2024,21200,CE,0,0,0,1451.1,984.85,0,0,0,0,22-MAR-2024,
OPTIDX,NIFTY,10-Apr-2024,21250,CE,940,940,940,940,938.05,1,11.09,50,50,22-MAR-2024,
OPTIDX,NIFTY,10-Apr-2024,21300,CE,0,0,0,1359,891.75,0,0,0,0,22-MAR-2024,
OPTIDX,NIFTY,10-Apr-2024,21350,CE,0,0,0,1313.55,846.05,0,0,0,0,22-MAR-2024,
OPTIDX,NIFTY,10-Apr-2024,21400,CE,0,0,0,1268.55,801.05,0,0,0,0,22-MAR-2024,
OPTIDX,NIFTY,10-Apr-2024,21450,CE,0,0,0,1224,756.8,0,0,0,0,22-MAR-2024,
OPTIDX,NIFTY,10-Apr-2024,21500,CE,700,904,671,874.2,713.4,89,992.07,4250,4200,22-MAR-2024,
OPTIDX,NIFTY,10-Apr-2024,21550,CE,0,0,0,475.6,670.9,0,0,50,0,22-MAR-2024,
OPTIDX,NIFTY,10-Apr-2024,21600,CE,572.7,797.9,572.7,781.85,629.4,18,200.21,1100,550,22-MAR-2024,
OPTIDX,NIFTY,10-Apr-2024,21650,CE,0,0,0,1051.25,588.95,0,0,0,0,22-MAR-2024,
OPTIDX,NIFTY,10-Apr-2024,21700,CE,509,701,501.55,685.1,549.65,40,445.72,1650,-400,22-MAR-2024,
OPTIDX,NIFTY,10-Apr-2024,21750,CE,480.6,625,480.6,625,511.6,5,55.77,100,-100,22-MAR-2024,
OPTIDX,NIFTY,10-Apr-2024,21800,CE,452,620.3,415,564.5,564.5,341,3804.56,4950,-950,22-MAR-2024,
OPTIDX,NIFTY,10-Apr-2024,21850,CE,423,552.2,385,552.2,439.45,32,356.87,2050,250,22-MAR-2024,
OPTIDX,NIFTY,10-Apr-2024,21900,CE,404.5,552.4,348,479.2,479.2,881,9834.65,8400,2100,22-MAR-2024,
OPTIDX,NIFTY,10-Apr-2024,21950,CE,383,500.9,317.1,448,448,456,5091.39,3800,1150,22-MAR-2024,
OPTIDX,NIFTY,10-Apr-2024,22000,CE,340,481.15,289.1,413.7,413.7,4230,47348.71,126050,43200,22-MAR-2024,
OPTIDX,NIFTY,10-Apr-2024,22050,CE,317.4,440.65,260,372.9,372.9,583,6531.86,9250,2800,22-MAR-2024,
OPTIDX,NIFTY,10-Apr-2024,22100,CE,270.2,404.95,232.4,341.1,341.1,3744,41983.99,82550,63500,22-MAR-2024,
OPTIDX,NIFTY,10-Apr-2024,22150,CE,229.55,369.3,208.5,312,312,511,5733.47,12350,8250,22-MAR-2024,
OPTIDX,NIFTY,10-Apr-2024,22200,CE,244,334.85,185,281,281,2616,29385.27,32400,11050,22-MAR-2024,
OPTIDX,NIFTY,10-Apr-2024,22250,CE,195.85,302,162.35,245.2,245.2,897,10091.4,24400,18050,22-MAR-2024,
OPTIDX,NIFTY,10-Apr-2024,22300,CE,172.8,271.75,143.6,216.8,216.8,2568,28899.4,58650,35250,22-MAR-2024,
OPTIDX,NIFTY,10-Apr-2024,22350,CE,130,242.75,125.6,190.5,190.5,388,4372.76,9650,5450,22-MAR-2024,
OPTIDX,NIFTY,10-Apr-2024,22400,CE,164.8,216.45,107.5,165.4,165.4,1219,13753.71,22800,8350,22-MAR-2024,
OPTIDX,NIFTY,10-Apr-2024,22450,CE,109.4,190.95,87.95,148.95,148.95,506,5717.43,8750,7500,22-MAR-2024,
OPTIDX,NIFTY,10-Apr-2024,22500,CE,100,166.3,79,125.8,125.8,6472,73214.38,97400,60550,22-MAR-2024,
OPTIDX,NIFTY,10-Apr-2024,22550,CE,99,144.4,70,111.5,111.5,230,2606.15,4250,1300,22-MAR-2024,
OPTIDX,NIFTY,10-Apr-2024,22600,CE,68,125.15,55.1,93.35,93.35,2758,31297.26,44200,21250,22-MAR-2024,
OPTIDX,NIFTY,10-Apr-2024,22650,CE,76.8,90.1,70.3,77.65,77.65,131,1488.55,4400,2350,22-MAR-2024,
OPTIDX,NIFTY,10-Apr-2024,22700,CE,59.35,90.9,38.65,65.5,65.5,2127,24206.64,41950,34500,22-MAR-2024,
OPTIDX,NIFTY,10-Apr-2024,22750,CE,45,76.25,45,55.25,55.25,488,5564.76,10050,9650,22-MAR-2024,
OPTIDX,NIFTY,10-Apr-2024,22800,CE,35,64.7,26.55,48,48,2965,33866.61,58300,44050,22-MAR-2024,
OPTIDX,NIFTY,10-Apr-2024,22850,CE,35.75,41.45,33.2,36.95,36.95,55,629.39,2000,2000,22-MAR-2024,
OPTIDX,NIFTY,10-Apr-2024,22900,CE,28.6,43.8,25.2,31.6,31.6,738,8462.35,18850,14300,22-MAR-2024,
OPTIDX,NIFTY,10-Apr-2024,22950,CE,22.3,35.6,22.15,24.7,24.7,276,3170.91,4300,3850,22-MAR-2024,
OPTIDX,NIFTY,10-Apr-2024,23000,CE,19,29.25,12.5,21.4,21.4,3293,37902.92,80850,37950,22-MAR-2024,
OPTIDX,NIFTY,10-Apr-2024,23050,CE,15,23.35,13.2,15.6,15.6,109,1257.15,3250,2900,22-MAR-2024,
OPTIDX,NIFTY,10-Apr-2024,23100,CE,12,19.5,11.25,14.6,14.6,268,3097.41,6750,1450,22-MAR-2024,
OPTIDX,NIFTY,10-Apr-2024,23150,CE,15.1,19,8.5,12,12,131,1517.31,2850,2600,22-MAR-2024,
OPTIDX,NIFTY,10-Apr-2024,23200,CE,10.25,13.5,7.2,9.55,9.55,538,6243.47,21100,1800,22-MAR-2024,
OPTIDX,NIFTY,10-Apr-2024,23250,CE,11.05,14.95,6.2,9.55,9.55,30,348.89,1100,0,22-MAR-2024,
OPTIDX,NIFTY,10-Apr-2024,23300,CE,6.5,11.95,5.4,8.45,8.45,256,2983.55,9350,5550,22-MAR-2024,
OPTIDX,NIFTY,10-Apr-2024,23350,CE,7.65,13,5.3,9.3,8,48,560.61,1550,1150,22-MAR-2024,
OPTIDX,NIFTY,10-Apr-2024,23400,CE,7.15,8.5,4.75,8.5,8.5,14,163.84,8300,-100,22-MAR-2024,
OPTIDX,NIFTY,10-Apr-2024,23450,CE,5.85,5.85,4.6,5.15,5.35,8,93.82,750,0,22-MAR-2024,
OPTIDX,NIFTY,10-Apr-2024,23500,CE,6.35,7.45,4.9,5.05,5.05,121,1422.08,13750,2150,22-MAR-2024,
OPTIDX,NIFTY,10-Apr-2024,23550,CE,0,0,0,94,3.55,0,0,0,0,22-MAR-2024,
OPTIDX,NIFTY,10-Apr-2024,23600,CE,5.25,7.25,3.1,3.7,3.7,94,1109.39,4200,2000,22-MAR-2024,
OPTIDX,NIFTY,10-Apr-2024,23650,CE,5.95,6.05,4,5.95,2.3,7,82.79,300,250,22-MAR-2024,
OPTIDX,NIFTY,10-Apr-2024,23700,CE,5,6.4,2.4,5,5,75,888.92,4650,3050,22-MAR-2024,
OPTIDX,NIFTY,10-Apr-2024,23750,CE,0,0,0,64.6,1.45,0,0,0,0,22-MAR-2024,
OPTIDX,NIFTY,10-Apr-2024,23800,CE,0,0,0,58.6,1.15,0,0,0,0,22-MAR-2024,
OPTIDX,NIFTY,10-Apr-2024,23850,CE,4.5,7,2.6,5.75,5.75,24,286.25,5300,550,22-MAR-2024,
OPTIDX,NIFTY,10-Apr-2024,23900,CE,0,0,0,8,0.7,0,0,0,0,22-MAR-2024,
OPTIDX,NIFTY,10-Apr-2024,23950,CE,3.5,3.5,2.95,2.95,2.95,3,35.92,2650,-50,22-MAR-2024,
OPTIDX,NIFTY,10-Apr-2024,24000,CE,2.7,3.75,2.7,3.5,3.5,306,3672.5,22950,5950,22-MAR-2024,
OPTIDX,NIFTY,10-Apr-2024,24050,CE,0,0,0,7.55,0.35,0,0,700,0,22-MAR-2024,
OPTIDX,NIFTY,10-Apr-2024,24100,CE,4,4.4,3.5,4.4,4.4,3,36.15,1150,50,22-MAR-2024,
OPTIDX,NIFTY,10-Apr-2024,24150,CE,0,0,0,28.3,0.2,0,0,0,0,22-MAR-2024,
OPTIDX,NIFTY,10-Apr-2024,24200,CE,0,0,0,25.35,0.15,0,0,0,0,22-MAR-2024,
OPTIDX,NIFTY,10-Apr-2024,24250,CE,2.75,4.85,2.75,4.3,4.3,39,472.93,5500,200,22-MAR-2024,
OPTIDX,NIFTY,10-Apr-2024,20050,PE,0,0,0,0.65,0.05,0,0,0,0,22-MAR-2024,
OPTIDX,NIFTY,10-Apr-2024,20100,PE,0,0,0,0.75,0.05,0,0,0,0,22-MAR-2024,
OPTIDX,NIFTY,10-Apr-2024,20150,PE,0,0,0,0.95,0.05,0,0,0,0,22-MAR-2024,
OPTIDX,NIFTY,10-Apr-2024,20200,PE,0,0,0,1.1,0.05,0,0,0,0,22-MAR-2024,
OPTIDX,NIFTY,10-Apr-2024,20250,PE,0,0,0,1.35,0.1,0,0,0,0,22-MAR-2024,
OPTIDX,NIFTY,10-Apr-2024,20300,PE,0,0,0,1.6,0.15,0,0,0,0,22-MAR-2024,
OPTIDX,NIFTY,10-Apr-2024,20350,PE,0,0,0,1.95,0.15,0,0,0,0,22-MAR-2024,
OPTIDX,NIFTY,10-Apr-2024,20400,PE,0,0,0,2.3,0.25,0,0,0,0,22-MAR-2024,
OPTIDX,NIFTY,10-Apr-2024,20450,PE,0,0,0,2.75,0.3,0,0,0,0,22-MAR-2024,
OPTIDX,NIFTY,10-Apr-2024,20500,PE,7,8.3,4.65,5.05,5.05,384,3937.14,9000,9000,22-MAR-2024,
OPTIDX,NIFTY,10-Apr-2024,20550,PE,0,0,0,3.85,0.6,0,0,0,0,22-MAR-2024,
OPTIDX,NIFTY,10-Apr-2024,20600,PE,0,0,0,4.5,0.8,0,0,0,0,22-MAR-2024,
OPTIDX,NIFTY,10-Apr-2024,20650,PE,0,0,0,5.3,1,0,0,0,0,22-MAR-2024,
OPTIDX,NIFTY,10-Apr-2024,20700,PE,10,12,7,8.15,8.15,365,3779.42,5150,4200,22-MAR-2024,
OPTIDX,NIFTY,10-Apr-2024,20750,PE,0,0,0,7.25,1.75,0,0,0,0,22-MAR-2024,
OPTIDX,NIFTY,10-Apr-2024,20800,PE,10.3,13.75,9.65,10.15,10.15,554,5764.62,10400,1250,22-MAR-2024,
OPTIDX,NIFTY,10-Apr-2024,20850,PE,0,0,0,30.3,2.9,0,0,250,0,22-MAR-2024,
OPTIDX,NIFTY,10-Apr-2024,20900,PE,16.5,21.5,10.1,11,11,151,1578.83,6150,5550,22-MAR-2024,
OPTIDX,NIFTY,10-Apr-2024,20950,PE,0,0,0,15.85,4.65,0,0,1100,0,22-MAR-2024,
OPTIDX,NIFTY,10-Apr-2024,21000,PE,15.5,22.5,11.65,12.4,12.4,3494,36712.05,92700,54700,22-MAR-2024,
OPTIDX,NIFTY,10-Apr-2024,21050,PE,0,0,0,17.85,7.3,0,0,850,0,22-MAR-2024,
OPTIDX,NIFTY,10-Apr-2024,21100,PE,20.95,20.95,13.05,14.8,14.8,205,2164.41,7250,3500,22-MAR-2024,
OPTIDX,NIFTY,10-Apr-2024,21150,PE,18.2,20.8,14.25,14.25,14.25,17,179.92,850,750,22-MAR-2024,
OPTIDX,NIFTY,10-Apr-2024,21200,PE,31.9,35,17.95,19.1,19.1,1563,16585.13,30100,24700,22-MAR-2024,
OPTIDX,NIFTY,10-Apr-2024,21250,PE,36.2,36.2,21,21.6,21.6,70,744.67,2700,2500,22-MAR-2024,
OPTIDX,NIFTY,10-Apr-2024,21300,PE,38.5,45.6,23.2,25.2,25.2,2141,22834.11,50650,45350,22-MAR-2024,
OPTIDX,NIFTY,10-Apr-2024,21350,PE,37.25,37.25,25.4,27.6,27.6,82,876.58,2350,2300,22-MAR-2024,
OPTIDX,NIFTY,10-Apr-2024,21400,PE,51.95,56.65,28.05,31,31,1465,15700.44,34300,29750,22-MAR-2024,
OPTIDX,NIFTY,10-Apr-2024,21450,PE,63,63,32.5,35.75,35.75,342,3675.37,2500,-150,22-MAR-2024,
OPTIDX,NIFTY,10-Apr-2024,21500,PE,57.45,75.75,35.1,40,40,3311,35672.41,57050,12900,22-MAR-2024,
OPTIDX,NIFTY,10-Apr-2024,21550,PE,60.35,80.95,40.1,44.75,44.75,155,1674.35,2150,950,22-MAR-2024,
OPTIDX,NIFTY,10-Apr-2024,21600,PE,72.3,96.6,44.75,50.45,50.45,1307,14154.37,22750,4450,22-MAR-2024,
OPTIDX,NIFTY,10-Apr-2024,21650,PE,90,107,50.35,59.3,59.3,110,1194.25,2750,1750,22-MAR-2024,
OPTIDX,NIFTY,10-Apr-2024,21700,PE,90.55,120.95,56.5,64.8,64.8,2094,22799.36,27300,12600,22-MAR-2024,
OPTIDX,NIFTY,10-Apr-2024,21750,PE,102.05,128.3,63.85,72.95,72.95,212,2314.14,3450,1800,22-MAR-2024,
OPTIDX,NIFTY,10-Apr-2024,21800,PE,114.45,148.6,71,81.2,81.2,3211,35155.52,52950,27350,22-MAR-2024,
OPTIDX,NIFTY,10-Apr-2024,21850,PE,133.1,162.25,80.7,92.2,92.2,272,2985.28,5750,2950,22-MAR-2024,
OPTIDX,NIFTY,10-Apr-2024,21900,PE,151.9,181.3,89,103.05,103.05,2451,26989.48,29700,11750,22-MAR-2024,
OPTIDX,NIFTY,10-Apr-2024,21950,PE,166.55,196.6,100,118.2,118.2,579,6394.78,11250,9700,22-MAR-2024,
OPTIDX,NIFTY,10-Apr-2024,22000,PE,179.95,220,111,128.8,128.8,5485,60735.27,128900,40400,22-MAR-2024,
OPTIDX,NIFTY,10-Apr-2024,22050,PE,190.1,236,125.25,146.15,146.15,719,7983.54,9700,7500,22-MAR-2024,
OPTIDX,NIFTY,10-Apr-2024,22100,PE,209.95,266.9,137.5,160.3,160.3,3843,42798.77,67750,60000,22-MAR-2024,
OPTIDX,NIFTY,10-Apr-2024,22150,PE,233.85,274.7,153.4,176.75,176.75,485,5414.2,3900,2950,22-MAR-2024,
OPTIDX,NIFTY,10-Apr-2024,22200,PE,259,317,169.7,198.5,198.5,4882,54699.51,97150,84250,22-MAR-2024,
OPTIDX,NIFTY,10-Apr-2024,22250,PE,251.55,251.55,184.05,210.95,210.95,422,4739.82,9250,8950,22-MAR-2024,
OPTIDX,NIFTY,10-Apr-2024,22300,PE,321.75,348.4,208.6,237.55,237.55,912,10280.49,11600,9300,22-MAR-2024,
OPTIDX,NIFTY,10-Apr-2024,22350,PE,272,284.5,226.05,260.8,260.8,64,723.42,3550,2950,22-MAR-2024,
OPTIDX,NIFTY,10-Apr-2024,22400,PE,392,420.3,250,291.6,291.6,668,7579.8,14100,12850,22-MAR-2024,
OPTIDX,NIFTY,10-Apr-2024,22450,PE,0,0,0,372.9,408.85,0,0,100,0,22-MAR-2024,
OPTIDX,NIFTY,10-Apr-2024,22500,PE,475,504.05,300,348.75,348.75,873,9981.65,15350,14150,22-MAR-2024,
OPTIDX,NIFTY,10-Apr-2024,22550,PE,0,0,0,342.8,479,0,0,0,0,22-MAR-2024,
OPTIDX,NIFTY,10-Apr-2024,22600,PE,432.5,443.7,366.25,410.3,410.3,92,1058.66,3400,3350,22-MAR-2024,
OPTIDX,NIFTY,10-Apr-2024,22650,PE,0,0,0,391.8,554.3,0,0,0,0,22-MAR-2024,
OPTIDX,NIFTY,10-Apr-2024,22700,PE,428.95,462.45,428.15,458.4,458.4,71,821.45,4850,3200,22-MAR-2024,
OPTIDX,NIFTY,10-Apr-2024,22750,PE,0,0,0,445.05,634.3,0,0,0,0,22-MAR-2024,
OPTIDX,NIFTY,10-Apr-2024,22800,PE,0,0,0,473.15,675.85,0,0,0,0,22-MAR-2024,
OPTIDX,NIFTY,10-Apr-2024,22850,PE,0,0,0,502.25,718.35,0,0,0,0,22-MAR-2024,
OPTIDX,NIFTY,10-Apr-2024,22900,PE,0,0,0,532.35,761.7,0,0,0,0,22-MAR-2024,
OPTIDX,NIFTY,10-Apr-2024,22950,PE,0,0,0,563.45,805.85,0,0,0,0,22-MAR-2024,
OPTIDX,NIFTY,10-Apr-2024,23000,PE,888,888.15,713.2,713.2,713.2,44,524.61,3200,350,22-MAR-2024,
OPTIDX,NIFTY,10-Apr-2024,23050,PE,0,0,0,628.4,896.2,0,0,0,0,22-MAR-2024,
OPTIDX,NIFTY,10-Apr-2024,23100,PE,0,0,0,662.3,942.3,0,0,0,0,22-MAR-2024,
OPTIDX,NIFTY,10-Apr-2024,23150,PE,0,0,0,697.05,988.9,0,0,0,0,22-MAR-2024,
OPTIDX,NIFTY,10-Apr-2024,23200,PE,0,0,0,732.65,1035.95,0,0,0,0,22-MAR-2024,
OPTIDX,NIFTY,10-Apr-2024,23250,PE,0,0,0,769.1,1083.4,0,0,0,0,22-MAR-2024,
OPTIDX,NIFTY,10-Apr-2024,23300,PE,0,0,0,807.4,1131.2,0,0,0,0,22-MAR-2024,
OPTIDX,NIFTY,10-Apr-2024,23350,PE,0,0,0,844.55,1179.35,0,0,0,0,22-MAR-2024,
OPTIDX,NIFTY,10-Apr-2024,23400,PE,0,0,0,883.35,1227.75,0,0,0,0,22-MAR-2024,
OPTIDX,NIFTY,10-Apr-2024,23450,PE,0,0,0,922.85,1276.35,0,0,0,0,22-MAR-2024,
OPTIDX,NIFTY,10-Apr-2024,23500,PE,1163,1171.15,1163,1171.15,1325.2,9,110.99,400,400,22-MAR-2024,
OPTIDX,NIFTY,10-Apr-2024,23550,PE,0,0,0,1003.9,1374.2,0,0,0,0,22-MAR-2024,
OPTIDX,NIFTY,10-Apr-2024,23600,PE,0,0,0,1045.4,1423.35,0,0,0,0,22-MAR-2024,
OPTIDX,NIFTY,10-Apr-2024,23650,PE,0,0,0,1087.45,1472.6,0,0,0,0,22-MAR-2024,
OPTIDX,NIFTY,10-Apr-2024,23700,PE,0,0,0,1130.1,1521.95,0,0,0,0,22-MAR-2024,
OPTIDX,NIFTY,10-Apr-2024,23750,PE,0,0,0,1173.25,1571.4,0,0,0,0,22-MAR-2024,
OPTIDX,NIFTY,10-Apr-2024,23800,PE,0,0,0,1216.95,1620.95,0,0,0,0,22-MAR-2024,
OPTIDX,NIFTY,10-Apr-2024,23850,PE,0,0,0,1261.1,1670.5,0,0,0,0,22-MAR-2024,
OPTIDX,NIFTY,10-Apr-2024,23900,PE,0,0,0,1305.7,1720.15,0,0,0,0,22-MAR-2024,
OPTIDX,NIFTY,10-Apr-2024,23950,PE,0,0,0,1350.7,1769.8,0,0,0,0,22-MAR-2024,
OPTIDX,NIFTY,10-Apr-2024,24000,PE,0,0,0,1396.1,1819.5,0,0,0,0,22-MAR-2024,
OPTIDX,NIFTY,10-Apr-2024,24050,PE,0,0,0,1441.9,1869.25,0,0,0,0,22-MAR-2024,
OPTIDX,NIFTY,10-Apr-2024,24100,PE,0,0,0,1488,1919,0,0,0,0,22-MAR-2024,
OPTIDX,NIFTY,10-Apr-2024,24150,PE,0,0,0,1534.45,1968.75,0,0,0,0,22-MAR-2024,
OPTIDX,NIFTY,10-Apr-2024,24200,PE,0,0,0,1581.2,2018.5,0,0,0,0,22-MAR-2024,
OPTIDX,NIFTY,10-Apr-2024,24250,PE,0,0,0,1628.2,2068.3,0,0,0,0,22-MAR-2024,
OPTIDX,NIFTY,18-Apr-2024,20050,CE,0,0,0,2240.05,2146.8,0,0,0,0,22-MAR-2024,
OPTIDX,NIFTY,18-Apr-2024,20100,CE,0,0,0,2190.95,2097.15,0,0,0,0,22-MAR-2024,
OPTIDX,NIFTY,18-Apr-2024,20150,CE,0,0,0,2141.95,2047.45,0,0,0,0,22-MAR-2024,
OPTIDX,NIFTY,18-Apr-2024,20200,CE,0,0,0,2093.05,1997.8,0,0,0,0,22-MAR-2024,
OPTIDX,NIFTY,18-Apr-2024,20250,CE,0,0,0,2044.25,1948.2,0,0,0,0,22-MAR-2024,
OPTIDX,NIFTY,18-Apr-2024,20300,CE,0,0,0,1995.55,1898.6,0,0,0,0,22-MAR-2024,
OPTIDX,NIFTY,18-Apr-2024,20350,CE,0,0,0,1947,1849.05,0,0,0,0,22-MAR-2024,
OPTIDX,NIFTY,18-Apr-2024,20400,CE,0,0,0,1898.6,1799.55,0,0,0,0,22-MAR-2024,
OPTIDX,NIFTY,18-Apr-2024,20450,CE,0,0,0,1850.35,1750.15,0,0,0,0,22-MAR-2024,
OPTIDX,NIFTY,18-Apr-2024,20500,CE,0,0,0,1802.3,1700.75,0,0,0,0,22-MAR-2024,
OPTIDX,NIFTY,18-Apr-2024,20550,CE,0,0,0,1754.4,1651.5,0,0,0,0,22-MAR-2024,
OPTIDX,NIFTY,18-Apr-2024,20600,CE,0,0,0,1706.8,1602.3,0,0,0,0,22-MAR-2024,
OPTIDX,NIFTY,18-Apr-2024,20650,CE,0,0,0,1659.4,1553.25,0,0,0,0,22-MAR-2024,
OPTIDX,NIFTY,18-Apr-2024,20700,CE,0,0,0,1612.25,1504.3,0,0,0,0,22-MAR-2024,
OPTIDX,NIFTY,18-Apr-2024,20750,CE,0,0,0,1565.4,1455.55,0,0,0,0,22-MAR-2024,
OPTIDX,NIFTY,18-Apr-2024,20800,CE,0,0,0,1518.85,1406.95,0,0,0,0,22-MAR-2024,
OPTIDX,NIFTY,18-Apr-2024,20850,CE,0,0,0,1472.65,1358.6,0,0,0,0,22-MAR-2024,
OPTIDX,NIFTY,18-Apr-2024,20900,CE,0,0,0,1426.8,1310.5,0,0,0,0,22-MAR-2024,
OPTIDX,NIFTY,18-Apr-2024,20950,CE,0,0,0,1381.35,1262.65,0,0,0,0,22-MAR-2024,
OPTIDX,NIFTY,18-Apr-2024,21000,CE,0,0,0,1336.35,1215.15,0,0,0,0,22-MAR-2024,
OPTIDX,NIFTY,18-Apr-2024,21050,CE,0,0,0,1291.75,1167.95,0,0,0,0,22-MAR-2024,
OPTIDX,NIFTY,18-Apr-2024,21100,CE,0,0,0,1247.65,1121.2,0,0,0,0,22-MAR-2024,
OPTIDX,NIFTY,18-Apr-2024,21150,CE,0,0,0,1204,1074.9,0,0,0,0,22-MAR-2024,
OPTIDX,NIFTY,18-Apr-2024,21200,CE,0,0,0,1160.95,1029.05,0,0,0,0,22-MAR-2024,
OPTIDX,NIFTY,18-Apr-2024,21250,CE,0,0,0,1118.45,983.8,0,0,0,0,22-MAR-2024,
OPTIDX,NIFTY,18-Apr-2024,21300,CE,0,0,0,1076.5,939.1,0,0,0,0,22-MAR-2024,
OPTIDX,NIFTY,18-Apr-2024,21350,CE,0,0,0,1035.2,895.05,0,0,0,0,22-MAR-2024,
OPTIDX,NIFTY,18-Apr-2024,21400,CE,0,0,0,994.6,851.75,0,0,0,0,22-MAR-2024,
OPTIDX,NIFTY,18-Apr-2024,21450,CE,0,0,0,954.65,809.2,0,0,0,0,22-MAR-2024,
OPTIDX,NIFTY,18-Apr-2024,21500,CE,0,0,0,718.5,767.45,0,0,150,0,22-MAR-2024,
OPTIDX,NIFTY,18-Apr-2024,21550,CE,0,0,0,876.9,726.6,0,0,0,0,22-MAR-2024,
OPTIDX,NIFTY,18-Apr-2024,21600,CE,0,0,0,839.15,686.65,0,0,0,0,22-MAR-2024,
OPTIDX,NIFTY,18-Apr-2024,21650,CE,0,0,0,803,647.7,0,0,0,0,22-MAR-2024,
OPTIDX,NIFTY,18-Apr-2024,21700,CE,582.4,582.4,524.15,524.15,609.85,2,22.25,0,0,22-MAR-2024,
OPTIDX,NIFTY,18-Apr-2024,21750,CE,0,0,0,730.7,573,0,0,0,0,22-MAR-2024,
OPTIDX,NIFTY,18-Apr-2024,21800,CE,0,0,0,569,537.35,0,0,50,0,22-MAR-2024,
OPTIDX,NIFTY,18-Apr-2024,21850,CE,476.7,476.7,429,429,502.85,2,22.3,50,50,22-MAR-2024,
OPTIDX,NIFTY,18-Apr-2024,21900,CE,440,606.85,410,534,534,73,817.15,2450,450,22-MAR-2024,
OPTIDX,NIFTY,18-Apr-2024,21950,CE,393.05,500,378.7,500,437.6,17,190.13,1200,100,22-MAR-2024,
OPTIDX,NIFTY,18-Apr-2024,22000,CE,390,537.15,352.4,476.55,476.55,937,10527.3,46600,34600,22-MAR-2024,
OPTIDX,NIFTY,18-Apr-2024,22050,CE,413.8,490.55,399.2,459.9,459.9,19,213.46,1000,450,22-MAR-2024,
OPTIDX,NIFTY,18-Apr-2024,22100,CE,322,465,296.6,406.35,406.35,154,1732.38,5050,2850,22-MAR-2024,
OPTIDX,NIFTY,18-Apr-2024,22150,CE,0,0,0,481.5,322.6,0,0,0,0,22-MAR-2024,
OPTIDX,NIFTY,18-Apr-2024,22200,CE,286.4,390,245.2,336,336,201,2264.47,9750,3900,22-MAR-2024,
OPTIDX,NIFTY,18-Apr-2024,22250,CE,298.85,350,298.85,350,273.1,19,214.5,1250,600,22-MAR-2024,
OPTIDX,NIFTY,18-Apr-2024,22300,CE,255.2,290,189.6,286.8,286.8,43,485.09,1750,1200,22-MAR-2024,
OPTIDX,NIFTY,18-Apr-2024,22350,CE,0,0,0,379.8,228.95,0,0,0,0,22-MAR-2024,
OPTIDX,NIFTY,18-Apr-2024,22400,CE,195.65,273.9,157.7,228.6,228.6,62,700.74,2050,650,22-MAR-2024,
OPTIDX,NIFTY,18-Apr-2024,22450,CE,0,0,0,334.8,190.05,0,0,0,0,22-MAR-2024,
OPTIDX,NIFTY,18-Apr-2024,22500,CE,174.9,224.55,122.6,181.05,181.05,619,7016.56,12100,6700,22-MAR-2024,
OPTIDX,NIFTY,18-Apr-2024,22550,CE,142.75,205.6,142.75,185.2,156.1,33,374.99,1300,950,22-MAR-2024,
OPTIDX,NIFTY,18-Apr-2024,22600,CE,116,180,100,139.6,139.6,351,3992.28,8550,7000,22-MAR-2024,
OPTIDX,NIFTY,18-Apr-2024,22650,CE,0,0,0,256.2,126.85,0,0,0,0,22-MAR-2024,
OPTIDX,NIFTY,18-Apr-2024,22700,CE,86.1,129.75,72,111,111,52,592.9,1100,450,22-MAR-2024,
OPTIDX,NIFTY,18-Apr-2024,22750,CE,75,120,75,120,102,4,45.71,100,100,22-MAR-2024,
OPTIDX,NIFTY,18-Apr-2024,22800,CE,60,100,51.95,92.1,92.1,42,480.48,2600,750,22-MAR-2024,
OPTIDX,NIFTY,18-Apr-2024,22850,CE,90,95,90,95,81.1,3,34.41,300,150,22-MAR-2024,
OPTIDX,NIFTY,18-Apr-2024,22900,CE,49.8,60,49.8,60,60,2,22.95,150,100,22-MAR-2024,
OPTIDX,NIFTY,18-Apr-2024,22950,CE,45,70,45,70,63.8,3,34.5,150,150,22-MAR-2024,
OPTIDX,NIFTY,18-Apr-2024,23000,CE,36.05,58.05,27.25,46.45,46.45,596,6866.43,14500,7350,22-MAR-2024,
OPTIDX,NIFTY,18-Apr-2024,23050,CE,50,50,50,50,49.6,1,11.55,150,50,22-MAR-2024,
OPTIDX,NIFTY,18-Apr-2024,23100,CE,30.7,40,30.7,40,43.55,4,46.26,1500,100,22-MAR-2024,
OPTIDX,NIFTY,18-Apr-2024,23150,CE,0,0,0,119.75,38.15,0,0,0,0,22-MAR-2024,
OPTIDX,NIFTY,18-Apr-2024,23200,CE,29.85,30,11.5,21.65,21.65,251,2915.1,5050,5000,22-MAR-2024,
OPTIDX,NIFTY,18-Apr-2024,23250,CE,0,0,0,101.15,29,0,0,0,0,22-MAR-2024,
OPTIDX,NIFTY,18-Apr-2024,23300,CE,21.55,21.55,21.55,21.55,25.15,1,11.66,300,0,22-MAR-2024,
OPTIDX,NIFTY,18-Apr-2024,23350,CE,19.5,20.5,19.5,20.25,20.25,5,58.42,300,250,22-MAR-2024,
OPTIDX,NIFTY,18-Apr-2024,23400,CE,15,17,13.45,17,18.8,14,163.9,600,600,22-MAR-2024,
OPTIDX,NIFTY,18-Apr-2024,23450,CE,0,0,0,71,16.2,0,0,0,0,22-MAR-2024,
OPTIDX,NIFTY,18-Apr-2024,23500,CE,11.65,13.6,5.85,10.35,10.35,52,611.3,2500,800,22-MAR-2024,
OPTIDX,NIFTY,18-Apr-2024,23550,CE,18.8,18.8,18.8,18.8,11.9,1,11.78,900,50,22-MAR-2024,
OPTIDX,NIFTY,18-Apr-2024,23600,CE,9.6,9.6,8.5,8.5,10.15,2,23.6,100,100,22-MAR-2024,
OPTIDX,NIFTY,18-Apr-2024,23650,CE,7.1,9.25,7.1,9.25,8.6,3,35.48,250,50,22-MAR-2024,
OPTIDX,NIFTY,18-Apr-2024,23700,CE,0,0,0,44.2,7.3,0,0,0,0,22-MAR-2024,
OPTIDX,NIFTY,18-Apr-2024,23750,CE,0,0,0,40,6.2,0,0,0,0,22-MAR-2024,
OPTIDX,NIFTY,18-Apr-2024,23800,CE,0,0,0,36.2,5.2,0,0,0,0,22-MAR-2024,
OPTIDX,NIFTY,18-Apr-2024,23850,CE,0,0,0,32.7,4.4,0,0,0,0,22-MAR-2024,
OPTIDX,NIFTY,18-Apr-2024,23900,CE,6,9.45,4.25,4.8,4.8,148,1769.02,10300,2550,22-MAR-2024,
OPTIDX,NIFTY,18-Apr-2024,20050,PE,0,0,0,3.15,0.2,0,0,0,0,22-MAR-2024,
OPTIDX,NIFTY,18-Apr-2024,20100,PE,0,0,0,3.75,0.25,0,0,0,0,22-MAR-2024,
OPTIDX,NIFTY,18-Apr-2024,20150,PE,0,0,0,4.35,0.35,0,0,0,0,22-MAR-2024,
OPTIDX,NIFTY,18-Apr-2024,20200,PE,0,0,0,15.9,0.45,0,0,50,0,22-MAR-2024,
OPTIDX,NIFTY,18-Apr-2024,20250,PE,0,0,0,5.95,0.6,0,0,0,0,22-MAR-2024,
OPTIDX,NIFTY,18-Apr-2024,20300,PE,0,0,0,6.9,0.75,0,0,0,0,22-MAR-2024,
OPTIDX,NIFTY,18-Apr-2024,20350,PE,0,0,0,8,0.95,0,0,0,0,22-MAR-2024,
OPTIDX,NIFTY,18-Apr-2024,20400,PE,0,0,0,9.25,1.2,0,0,0,0,22-MAR-2024,
OPTIDX,NIFTY,18-Apr-2024,20450,PE,0,0,0,10.65,1.55,0,0,0,0,22-MAR-2024,
OPTIDX,NIFTY,18-Apr-2024,20500,PE,0,0,0,12.25,1.9,0,0,0,0,22-MAR-2024,
OPTIDX,NIFTY,18-Apr-2024,20550,PE,0,0,0,14.05,2.4,0,0,0,0,22-MAR-2024,
OPTIDX,NIFTY,18-Apr-2024,20600,PE,0,0,0,16.05,2.95,0,0,0,0,22-MAR-2024,
OPTIDX,NIFTY,18-Apr-2024,20650,PE,0,0,0,18.3,3.65,0,0,0,0,22-MAR-2024,
OPTIDX,NIFTY,18-Apr-2024,20700,PE,0,0,0,20.8,4.45,0,0,0,0,22-MAR-2024,
OPTIDX,NIFTY,18-Apr-2024,20750,PE,0,0,0,23.6,5.45,0,0,0,0,22-MAR-2024,
OPTIDX,NIFTY,18-Apr-2024,20800,PE,0,0,0,26.75,6.6,0,0,0,0,22-MAR-2024,
OPTIDX,NIFTY,18-Apr-2024,20850,PE,0,0,0,30.2,8,0,0,0,0,22-MAR-2024,
OPTIDX,NIFTY,18-Apr-2024,20900,PE,0,0,0,24.1,9.65,0,0,50,0,22-MAR-2024,
OPTIDX,NIFTY,18-Apr-2024,20950,PE,0,0,0,31.2,11.55,0,0,100,0,22-MAR-2024,
OPTIDX,NIFTY,18-Apr-2024,21000,PE,27,38.25,20,23.6,23.6,445,4678.31,15800,8200,22-MAR-2024,
OPTIDX,NIFTY,18-Apr-2024,21050,PE,0,0,0,41.85,16.35,0,0,50,0,22-MAR-2024,
OPTIDX,NIFTY,18-Apr-2024,21100,PE,31,31,31,31,19.35,1,10.56,50,50,22-MAR-2024,
OPTIDX,NIFTY,18-Apr-2024,21150,PE,0,0,0,61.35,22.8,0,0,50,0,22-MAR-2024,
OPTIDX,NIFTY,18-Apr-2024,21200,PE,0,0,0,66,26.7,0,0,0,0,22-MAR-2024,
OPTIDX,NIFTY,18-Apr-2024,21250,PE,0,0,0,73.15,31.2,0,0,0,0,22-MAR-2024,
OPTIDX,NIFTY,18-Apr-2024,21300,PE,47,64,34.05,34.05,36.25,14,149.41,700,200,22-MAR-2024,
OPTIDX,NIFTY,18-Apr-2024,21350,PE,0,0,0,89.25,42,0,0,0,0,22-MAR-2024,
OPTIDX,NIFTY,18-Apr-2024,21400,PE,66.6,66.6,42.85,45,48.4,26,278.89,900,150,22-MAR-2024,
OPTIDX,NIFTY,18-Apr-2024,21450,PE,0,0,0,107.95,55.6,0,0,0,0,22-MAR-2024,
OPTIDX,NIFTY,18-Apr-2024,21500,PE,81,99.85,53.75,60.7,60.7,230,2480.16,5800,3400,22-MAR-2024,
OPTIDX,NIFTY,18-Apr-2024,21550,PE,0,0,0,129.5,72.5,0,0,0,0,22-MAR-2024,
OPTIDX,NIFTY,18-Apr-2024,21600,PE,100,123,62.35,72.35,72.35,229,2481.81,2050,1600,22-MAR-2024,
OPTIDX,NIFTY,18-Apr-2024,21650,PE,0,0,0,154.9,93.15,0,0,0,0,22-MAR-2024,
OPTIDX,NIFTY,18-Apr-2024,21700,PE,116.7,139.1,81,90.5,90.5,15,163.56,800,150,22-MAR-2024,
OPTIDX,NIFTY,18-Apr-2024,21750,PE,113.45,113.45,97.2,97.2,97.2,4,43.7,200,50,22-MAR-2024,
OPTIDX,NIFTY,18-Apr-2024,21800,PE,140.35,180,97.25,109.2,109.2,251,2751.91,4750,-1250,22-MAR-2024,
OPTIDX,NIFTY,18-Apr-2024,21850,PE,178,178,178,178,147.3,1,11.01,550,50,22-MAR-2024,
OPTIDX,NIFTY,18-Apr-2024,21900,PE,189,191.8,117.9,132.7,132.7,59,650.51,2200,700,22-MAR-2024,
OPTIDX,NIFTY,18-Apr-2024,21950,PE,177.45,198.9,154,154.6,154.6,20,221.22,650,-100,22-MAR-2024,
OPTIDX,NIFTY,18-Apr-2024,22000,PE,216,251.95,136.5,156.7,156.7,1384,15344.1,51300,37450,22-MAR-2024,
OPTIDX,NIFTY,18-Apr-2024,22050,PE,203.5,203.5,159.75,178.55,178.55,29,322.3,950,0,22-MAR-2024,
OPTIDX,NIFTY,18-Apr-2024,22100,PE,254.55,283.2,166.25,190.75,190.75,714,7959.39,5650,5000,22-MAR-2024,
OPTIDX,NIFTY,18-Apr-2024,22150,PE,296.85,296.85,190,206,206,24,268.19,1100,1000,22-MAR-2024,
OPTIDX,NIFTY,18-Apr-2024,22200,PE,305,340.6,209.15,223.05,223.05,174,1953.88,6700,3400,22-MAR-2024,
OPTIDX,NIFTY,18-Apr-2024,22250,PE,0,0,0,376.45,315.55,0,0,0,0,22-MAR-2024,
OPTIDX,NIFTY,18-Apr-2024,22300,PE,299,310.7,250.75,250.75,342.55,96,1084.29,6400,4150,22-MAR-2024,
OPTIDX,NIFTY,18-Apr-2024,22350,PE,0,0,0,426.8,370.9,0,0,0,0,22-MAR-2024,
OPTIDX,NIFTY,18-Apr-2024,22400,PE,315,333.25,292.35,320.3,320.3,70,795.14,2950,2450,22-MAR-2024,
OPTIDX,NIFTY,18-Apr-2024,22450,PE,0,0,0,481.15,431.45,0,0,0,0,22-MAR-2024,
OPTIDX,NIFTY,18-Apr-2024,22500,PE,436.6,437.2,331.05,373.6,373.6,136,1554.5,7650,5000,22-MAR-2024,
OPTIDX,NIFTY,18-Apr-2024,22550,PE,0,0,0,539.3,497,0,0,0,0,22-MAR-2024,
OPTIDX,NIFTY,18-Apr-2024,22600,PE,0,0,0,569.75,531.6,0,0,0,0,22-MAR-2024,
OPTIDX,NIFTY,18-Apr-2024,22650,PE,0,0,0,601.15,567.3,0,0,0,0,22-MAR-2024,
OPTIDX,NIFTY,18-Apr-2024,22700,PE,0,0,0,633.45,604.1,0,0,0,0,22-MAR-2024,
OPTIDX,NIFTY,18-Apr-2024,22750,PE,0,0,0,666.6,641.95,0,0,0,0,22-MAR-2024,
OPTIDX,NIFTY,18-Apr-2024,22800,PE,0,0,0,700.65,680.8,0,0,0,0,22-MAR-2024,
OPTIDX,NIFTY,18-Apr-2024,22850,PE,0,0,0,735.5,720.55,0,0,0,0,22-MAR-2024,
OPTIDX,NIFTY,18-Apr-2024,22900,PE,0,0,0,771.2,761.25,0,0,0,0,22-MAR-2024,
OPTIDX,NIFTY,18-Apr-2024,22950,PE,0,0,0,807.65,802.75,0,0,0,0,22-MAR-2024,
OPTIDX,NIFTY,18-Apr-2024,23000,PE,0,0,0,845.95,845.05,0,0,0,0,22-MAR-2024,
OPTIDX,NIFTY,18-Apr-2024,23050,PE,0,0,0,883.1,888.05,0,0,0,0,22-MAR-2024,
OPTIDX,NIFTY,18-Apr-2024,23100,PE,0,0,0,921.8,931.75,0,0,0,0,22-MAR-2024,
OPTIDX,NIFTY,18-Apr-2024,23150,PE,0,0,0,961.2,976.1,0,0,0,0,22-MAR-2024,
OPTIDX,NIFTY,18-Apr-2024,23200,PE,0,0,0,1001.2,1021,0,0,0,0,22-MAR-2024,
OPTIDX,NIFTY,18-Apr-2024,23250,PE,0,0,0,1041.9,1066.45,0,0,0,0,22-MAR-2024,
OPTIDX,NIFTY,18-Apr-2024,23300,PE,0,0,0,1083.2,1112.35,0,0,0,0,22-MAR-2024,
OPTIDX,NIFTY,18-Apr-2024,23350,PE,0,0,0,1125.05,1158.75,0,0,0,0,22-MAR-2024,
OPTIDX,NIFTY,18-Apr-2024,23400,PE,0,0,0,1167.4,1205.5,0,0,0,0,22-MAR-2024,
OPTIDX,NIFTY,18-Apr-2024,23450,PE,0,0,0,1210.35,1252.65,0,0,0,0,22-MAR-2024,
OPTIDX,NIFTY,18-Apr-2024,23500,PE,0,0,0,1253.75,1300.1,0,0,0,0,22-MAR-2024,
OPTIDX,NIFTY,18-Apr-2024,23550,PE,0,0,0,1297.6,1347.85,0,0,0,0,22-MAR-2024,
OPTIDX,NIFTY,18-Apr-2024,23600,PE,0,0,0,1341.95,1395.85,0,0,0,0,22-MAR-2024,
OPTIDX,NIFTY,18-Apr-2024,23650,PE,0,0,0,1386.65,1444.05,0,0,0,0,22-MAR-2024,
OPTIDX,NIFTY,18-Apr-2024,23700,PE,0,0,0,1431.75,1492.5,0,0,0,0,22-MAR-2024,
OPTIDX,NIFTY,18-Apr-2024,23750,PE,0,0,0,1477.25,1541.15,0,0,0,0,22-MAR-2024,
OPTIDX,NIFTY,18-Apr-2024,23800,PE,0,0,0,1523.05,1589.9,0,0,0,0,22-MAR-2024,
OPTIDX,NIFTY,18-Apr-2024,23850,PE,0,0,0,1569.2,1638.85,0,0,0,0,22-MAR-2024,
OPTIDX,NIFTY,18-Apr-2024,23900,PE,0,0,0,1615.65,1687.9,0,0,0,0,22-MAR-2024,
OPTIDX,NIFTY,25-Apr-2024,19600,CE,2575,2808,2538.05,2757.3,2757.3,278,3105.52,22900,13000,22-MAR-2024,
OPTIDX,NIFTY,25-Apr-2024,19650,CE,0,0,0,2104.85,2570,0,0,0,0,22-MAR-2024,
OPTIDX,NIFTY,25-Apr-2024,19700,CE,2635,2700.4,2569.6,2569.6,2569.6,15,167.63,1750,750,22-MAR-2024,
OPTIDX,NIFTY,25-Apr-2024,19750,CE,0,0,0,2016,2470.7,0,0,0,0,22-MAR-2024,
OPTIDX,NIFTY,25-Apr-2024,19800,CE,2325.65,2550,2219.1,2550,2421.05,15,165.66,3050,750,22-MAR-2024,
OPTIDX,NIFTY,25-Apr-2024,19850,CE,2468,2468,2468,2468,2371.45,40,446.36,2000,2000,22-MAR-2024,
OPTIDX,NIFTY,25-Apr-2024,19900,CE,2272.05,2495,2266,2495,2321.8,11,122.56,2350,550,22-MAR-2024,
OPTIDX,NIFTY,25-Apr-2024,19950,CE,0,0,0,1842,2272.2,0,0,0,0,22-MAR-2024,
OPTIDX,NIFTY,25-Apr-2024,20000,CE,2230,2428,2135,2348.55,2348.55,6297,70255.16,1243600,187050,22-MAR-2024,
OPTIDX,NIFTY,25-Apr-2024,20050,CE,0,0,0,2520,2173.1,0,0,50,0,22-MAR-2024,
OPTIDX,NIFTY,25-Apr-2024,20100,CE,2159.95,2159.95,2159.95,2159.95,2123.55,1,11.12,1350,50,22-MAR-2024,
OPTIDX,NIFTY,25-Apr-2024,20150,CE,0,0,0,2200,2074.05,0,0,250,0,22-MAR-2024,
OPTIDX,NIFTY,25-Apr-2024,20200,CE,2090,2216.5,2090,2133.4,2133.4,5,55.88,900,200,22-MAR-2024,
OPTIDX,NIFTY,25-Apr-2024,20250,CE,0,0,0,1591.85,1975.25,0,0,0,0,22-MAR-2024,
OPTIDX,NIFTY,25-Apr-2024,20300,CE,1975,2085,1973,2085,1925.9,18,200.69,950,850,22-MAR-2024,
OPTIDX,NIFTY,25-Apr-2024,20350,CE,0,0,0,1511.75,1876.65,0,0,0,0,22-MAR-2024,
OPTIDX,NIFTY,25-Apr-2024,20400,CE,0,0,0,1695,1827.45,0,0,800,0,22-MAR-2024,
OPTIDX,NIFTY,25-Apr-2024,20450,CE,0,0,0,1884.45,1778.35,0,0,100,0,22-MAR-2024,
OPTIDX,NIFTY,25-Apr-2024,20500,CE,1714.9,1936,1647.7,1847,1847,849,9480.05,241000,15750,22-MAR-2024,
OPTIDX,NIFTY,25-Apr-2024,20550,CE,0,0,0,1357.05,1680.55,0,0,0,0,22-MAR-2024,
OPTIDX,NIFTY,25-Apr-2024,20600,CE,1619,1800,1560,1800,1631.85,34,379.18,3500,1050,22-MAR-2024,
OPTIDX,NIFTY,25-Apr-2024,20650,CE,0,0,0,1780,1583.3,0,0,200,0,22-MAR-2024,
OPTIDX,NIFTY,25-Apr-2024,20700,CE,1618,1718,1585,1632.5,1632.5,135,1510.85,8250,4450,22-MAR-2024,
OPTIDX,NIFTY,25-Apr-2024,20750,CE,0,0,0,1580.7,1486.8,0,0,300,0,22-MAR-2024,
OPTIDX,NIFTY,25-Apr-2024,20800,CE,1530.2,1530.2,1519.45,1519.45,1438.9,2,22.32,2100,50,22-MAR-2024,
OPTIDX,NIFTY,25-Apr-2024,20850,CE,0,0,0,1139.95,1391.3,0,0,0,0,22-MAR-2024,
OPTIDX,NIFTY,25-Apr-2024,20900,CE,0,0,0,1211.15,1343.95,0,0,1300,0,22-MAR-2024,
OPTIDX,NIFTY,25-Apr-2024,20950,CE,0,0,0,1072.05,1296.95,0,0,0,0,22-MAR-2024,
OPTIDX,NIFTY,25-Apr-2024,21000,CE,1254.75,1445.55,1174.05,1368.25,1368.25,1581,17655.7,498550,23200,22-MAR-2024,
OPTIDX,NIFTY,25-Apr-2024,21050,CE,0,0,0,1329.5,1204.05,0,0,550,0,22-MAR-2024,
OPTIDX,NIFTY,25-Apr-2024,21100,CE,1150,1330,1134.75,1270,1270,47,524.44,3000,-650,22-MAR-2024,
OPTIDX,NIFTY,25-Apr-2024,21150,CE,0,0,0,1012.3,1112.95,0,0,400,0,22-MAR-2024,
OPTIDX,NIFTY,25-Apr-2024,21200,CE,1024.75,1190,1024.75,1184,1184,23,256.99,11250,-350,22-MAR-2024,
OPTIDX,NIFTY,25-Apr-2024,21250,CE,0,0,0,950.7,1023.95,0,0,1250,0,22-MAR-2024,
OPTIDX,NIFTY,25-Apr-2024,21300,CE,964.95,1148.25,910,1092.85,1092.85,60,669.97,6050,-800,22-MAR-2024,
OPTIDX,NIFTY,25-Apr-2024,21350,CE,0,0,0,1001.35,937.4,0,0,500,0,22-MAR-2024,
OPTIDX,NIFTY,25-Apr-2024,21400,CE,870,1068.9,835,1014.3,1014.3,126,1406.65,21600,-1950,22-MAR-2024,
OPTIDX,NIFTY,25-Apr-2024,21450,CE,0,0,0,915.5,853.65,0,0,650,0,22-MAR-2024,
OPTIDX,NIFTY,25-Apr-2024,21500,CE,873,992,752.9,911,911,3229,36157.88,297250,48100,22-MAR-2024,
OPTIDX,NIFTY,25-Apr-2024,21550,CE,0,0,0,697.2,773.05,0,0,7800,0,22-MAR-2024,
OPTIDX,NIFTY,25-Apr-2024,21600,CE,720,910,675,831.8,831.8,906,10134.4,21000,-4350,22-MAR-2024,
OPTIDX,NIFTY,25-Apr-2024,21650,CE,679.75,795.05,647.5,777.15,777.15,38,425.94,1800,-400,22-MAR-2024,
OPTIDX,NIFTY,25-Apr-2024,21700,CE,645.25,815.9,606.75,753.65,753.65,1293,14498.31,45500,31800,22-MAR-2024,
OPTIDX,NIFTY,25-Apr-2024,21750,CE,600,760.5,572,711.85,711.85,87,974.67,3300,-1000,22-MAR-2024,
OPTIDX,NIFTY,25-Apr-2024,21800,CE,578.05,745,534.55,666.1,666.1,1828,20494.63,102750,-450,22-MAR-2024,
OPTIDX,NIFTY,25-Apr-2024,21850,CE,552.05,698.9,503.9,645.9,645.9,326,3656.83,8550,-1300,22-MAR-2024,
OPTIDX,NIFTY,25-Apr-2024,21900,CE,508.05,665,470,599.65,599.65,4375,49108.07,76700,10850,22-MAR-2024,
OPTIDX,NIFTY,25-Apr-2024,21950,CE,503.1,624.15,439.45,562,562,501,5625.12,15050,-3450,22-MAR-2024,
OPTIDX,NIFTY,25-Apr-2024,22000,CE,451.05,594,409.2,525,525,28707,323034.69,1442350,20550,22-MAR-2024,
OPTIDX,NIFTY,25-Apr-2024,22050,CE,465,554.1,379.5,490.4,490.4,735,8277.06,18750,100,22-MAR-2024,
OPTIDX,NIFTY,25-Apr-2024,22100,CE,385.45,522,350,458.5,458.5,7835,88332.52,212700,49900,22-MAR-2024,
OPTIDX,NIFTY,25-Apr-2024,22150,CE,362,488.05,324.35,426.4,426.4,818,9231.89,38800,950,22-MAR-2024,
OPTIDX,NIFTY,25-Apr-2024,22200,CE,347,456,295.25,397.15,397.15,14034,158440.23,476850,60300,22-MAR-2024,
OPTIDX,NIFTY,25-Apr-2024,22250,CE,305.05,422.35,272.8,364.05,364.05,1006,11369.73,24200,2600,22-MAR-2024,
OPTIDX,NIFTY,25-Apr-2024,22300,CE,280,393.25,247.4,339.45,339.45,10632,120272.12,281900,29450,22-MAR-2024,
OPTIDX,NIFTY,25-Apr-2024,22350,CE,261.45,363.5,227,306.85,306.85,866,9809.74,21500,8600,22-MAR-2024,
OPTIDX,NIFTY,25-Apr-2024,22400,CE,249.95,335,205.8,283.75,283.75,8704,98674.32,302750,74900,22-MAR-2024,
OPTIDX,NIFTY,25-Apr-2024,22450,CE,209.05,307.25,186.3,259,259,645,7315.25,25800,-1400,22-MAR-2024,
OPTIDX,NIFTY,25-Apr-2024,22500,CE,202.05,283.5,168.15,240.2,240.2,42825,486479.01,1653200,177600,22-MAR-2024,
OPTIDX,NIFTY,25-Apr-2024,22550,CE,176.05,256.55,151.3,212.7,212.7,818,9308.36,22350,-2250,22-MAR-2024,
OPTIDX,NIFTY,25-Apr-2024,22600,CE,165,233.2,134.75,194.6,194.6,6377,72630.95,264500,35850,22-MAR-2024,
OPTIDX,NIFTY,25-Apr-2024,22650,CE,144,209.5,120.3,176.25,176.25,991,11303.59,23750,3150,22-MAR-2024,
OPTIDX,NIFTY,25-Apr-2024,22700,CE,127.85,190,107.3,156,156,9973,113886.57,313250,5650,22-MAR-2024,
OPTIDX,NIFTY,25-Apr-2024,22750,CE,119.2,171.25,95.1,138.45,138.45,1500,17157.11,33400,4150,22-MAR-2024,
OPTIDX,NIFTY,25-Apr-2024,22800,CE,102.8,153.7,83.9,123.95,123.95,11887,136202.78,292550,82400,22-MAR-2024,
OPTIDX,NIFTY,25-Apr-2024,22850,CE,92.75,137.45,74.2,113.35,113.35,629,7219.43,19100,3500,22-MAR-2024,
OPTIDX,NIFTY,25-Apr-2024,22900,CE,83.15,122.85,65.4,99.05,99.05,8492,97621.52,208300,26500,22-MAR-2024,
OPTIDX,NIFTY,25-Apr-2024,22950,CE,74.8,108.75,58.25,87.85,87.85,845,9732.24,29300,2250,22-MAR-2024,
OPTIDX,NIFTY,25-Apr-2024,23000,CE,69.05,98.55,51.95,78.25,78.25,46244,533546.33,1699800,177950,22-MAR-2024,
OPTIDX,NIFTY,25-Apr-2024,23050,CE,56.25,84.5,44.4,67.3,67.3,897,10364.37,25700,4750,22-MAR-2024,
OPTIDX,NIFTY,25-Apr-2024,23100,CE,50.75,75,38.1,58.75,58.75,8890,102928.92,248800,9400,22-MAR-2024,
OPTIDX,NIFTY,25-Apr-2024,23150,CE,43.6,65.15,33.6,51.7,51.7,1331,15444.58,17850,8150,22-MAR-2024,
OPTIDX,NIFTY,25-Apr-2024,23200,CE,35.05,57.8,29.15,45.35,45.35,10014,116381.52,302900,33550,22-MAR-2024,
OPTIDX,NIFTY,25-Apr-2024,23250,CE,40.65,50,25.7,39.55,39.55,698,8128.02,16350,1650,22-MAR-2024,
OPTIDX,NIFTY,25-Apr-2024,23300,CE,29.15,43.95,21.85,35.25,35.25,9271,108169.8,230550,6300,22-MAR-2024,
OPTIDX,NIFTY,25-Apr-2024,23350,CE,27.05,38.05,19.9,31.15,31.15,408,4769.57,16650,-2250,22-MAR-2024,
OPTIDX,NIFTY,25-Apr-2024,23400,CE,23.4,33.1,17.35,26.2,26.2,6533,76520.02,170700,15850,22-MAR-2024,
OPTIDX,NIFTY,25-Apr-2024,23450,CE,21.5,29.45,16.8,23,23,340,3990.4,9850,1700,22-MAR-2024,
OPTIDX,NIFTY,25-Apr-2024,23500,CE,22,25.5,14.35,20.25,20.25,20222,237812.4,947300,148300,22-MAR-2024,
OPTIDX,NIFTY,25-Apr-2024,23550,CE,18.1,22.5,13.9,18.4,18.4,481,5667.97,17700,11500,22-MAR-2024,
OPTIDX,NIFTY,25-Apr-2024,23600,CE,16.8,20.2,12.95,16.6,16.6,4359,51472.29,113800,19800,22-MAR-2024,
OPTIDX,NIFTY,25-Apr-2024,23650,CE,16.5,18.2,12,14.65,14.65,557,6591.06,8400,3250,22-MAR-2024,
OPTIDX,NIFTY,25-Apr-2024,23700,CE,16.8,16.8,11.1,13.35,13.35,5549,65792.78,259650,67200,22-MAR-2024,
OPTIDX,NIFTY,25-Apr-2024,23750,CE,9.65,16.6,9.6,12.7,12.7,121,1437.64,6550,450,22-MAR-2024,
OPTIDX,NIFTY,25-Apr-2024,23800,CE,14.2,14.25,10.2,11.3,11.3,5819,69280.31,201200,42850,22-MAR-2024,
OPTIDX,NIFTY,25-Apr-2024,23850,CE,10.65,13.65,9.35,10.6,10.6,169,2016.23,10200,1700,22-MAR-2024,
OPTIDX,NIFTY,25-Apr-2024,23900,CE,11.85,11.9,9.2,10.05,10.05,3199,38244.68,185300,8100,22-MAR-2024,
OPTIDX,NIFTY,25-Apr-2024,23950,CE,11.85,12.05,8.95,9.6,9.6,192,2300.15,9950,1050,22-MAR-2024,
OPTIDX,NIFTY,25-Apr-2024,24000,CE,10.5,10.95,8,8.5,8.5,18378,220620.38,946750,67300,22-MAR-2024,
OPTIDX,NIFTY,25-Apr-2024,24050,CE,10.45,10.5,6.35,9.4,5.6,47,565.37,4100,500,22-MAR-2024,
OPTIDX,NIFTY,25-Apr-2024,24100,CE,9,9.05,7.1,7.45,7.45,751,9052.52,51100,-5900,22-MAR-2024,
OPTIDX,NIFTY,25-Apr-2024,24150,CE,7.1,9.35,7.05,9.35,4.1,64,773.05,4850,850,22-MAR-2024,
OPTIDX,NIFTY,25-Apr-2024,24200,CE,8.6,8.6,6.6,6.9,6.9,1236,14960.19,124450,10850,22-MAR-2024,
OPTIDX,NIFTY,25-Apr-2024,24250,CE,8.1,11.4,6.2,6.95,6.95,715,8672.01,44050,14150,22-MAR-2024,
OPTIDX,NIFTY,25-Apr-2024,19600,PE,9.05,9.85,6.85,7.2,7.2,984,9647.25,208700,800,22-MAR-2024,
OPTIDX,NIFTY,25-Apr-2024,19650,PE,0,0,0,57.1,0.1,0,0,0,0,22-MAR-2024,
OPTIDX,NIFTY,25-Apr-2024,19700,PE,4.5,4.5,4.5,4.5,0.1,4,39.4,850,200,22-MAR-2024,
OPTIDX,NIFTY,25-Apr-2024,19750,PE,3.3,3.3,3.3,3.3,0.15,1,9.87,400,50,22-MAR-2024,
OPTIDX,NIFTY,25-Apr-2024,19800,PE,0,0,0,71.65,0.2,0,0,0,0,22-MAR-2024,
OPTIDX,NIFTY,25-Apr-2024,19850,PE,0,0,0,46,0.25,0,0,50,0,22-MAR-2024,
OPTIDX,NIFTY,25-Apr-2024,19900,PE,0,0,0,82.85,0.35,0,0,0,0,22-MAR-2024,
OPTIDX,NIFTY,25-Apr-2024,19950,PE,0,0,0,89,0.4,0,0,0,0,22-MAR-2024,
OPTIDX,NIFTY,25-Apr-2024,20000,PE,11.85,13.45,9.7,10.2,10.2,16401,164100.59,1095750,117950,22-MAR-2024,
OPTIDX,NIFTY,25-Apr-2024,20050,PE,0,0,0,12.5,0.65,0,0,950,0,22-MAR-2024,
OPTIDX,NIFTY,25-Apr-2024,20100,PE,12.65,14.9,9.95,10.4,10.4,850,8547.11,27450,7600,22-MAR-2024,
OPTIDX,NIFTY,25-Apr-2024,20150,PE,15,15,10.75,12.3,12.3,7,70.56,1250,250,22-MAR-2024,
OPTIDX,NIFTY,25-Apr-2024,20200,PE,14.15,15.55,10.65,11.4,11.4,3986,40281.76,72100,22250,22-MAR-2024,
OPTIDX,NIFTY,25-Apr-2024,20250,PE,0,0,0,133.55,1.55,0,0,0,0,22-MAR-2024,
OPTIDX,NIFTY,25-Apr-2024,20300,PE,15.35,22.55,11.6,12.2,12.2,941,9557.25,31050,18050,22-MAR-2024,
OPTIDX,NIFTY,25-Apr-2024,20350,PE,9.65,17.8,9.65,13.85,13.85,80,814.55,4250,2000,22-MAR-2024,
OPTIDX,NIFTY,25-Apr-2024,20400,PE,16.65,18.75,12.45,13.5,13.5,1633,16668.11,39800,17000,22-MAR-2024,
OPTIDX,NIFTY,25-Apr-2024,20450,PE,22.95,23,13.95,14.65,14.65,197,2016.01,6050,2850,22-MAR-2024,
OPTIDX,NIFTY,25-Apr-2024,20500,PE,18.7,21.8,13.9,15.15,15.15,13279,136218.43,883250,64400,22-MAR-2024,
OPTIDX,NIFTY,25-Apr-2024,20550,PE,19.75,24.75,15.65,15.65,5,47,483.36,5850,1350,22-MAR-2024,
OPTIDX,NIFTY,25-Apr-2024,20600,PE,20.55,24.55,15,16.2,16.2,5129,52875.03,249550,63850,22-MAR-2024,
OPTIDX,NIFTY,25-Apr-2024,20650,PE,22.1,25.9,16.1,18.95,18.95,219,2263.11,8550,-1450,22-MAR-2024,
OPTIDX,NIFTY,25-Apr-2024,20700,PE,24.7,28.6,16.7,18.6,18.6,3698,38312.6,309000,-23000,22-MAR-2024,
OPTIDX,NIFTY,25-Apr-2024,20750,PE,26.1,30.2,18.8,21.05,21.05,368,3822.24,13050,3150,22-MAR-2024,
OPTIDX,NIFTY,25-Apr-2024,20800,PE,26.9,33.75,19.5,21.7,21.7,11906,123964.81,417000,5550,22-MAR-2024,
OPTIDX,NIFTY,25-Apr-2024,20850,PE,30.3,37.65,22.5,24.4,24.4,403,4206.88,9050,-850,22-MAR-2024,
OPTIDX,NIFTY,25-Apr-2024,20900,PE,48,48,23.6,26.05,26.05,9518,99601.91,392950,-19300,22-MAR-2024,
OPTIDX,NIFTY,25-Apr-2024,20950,PE,38.25,45.95,26.95,29.4,29.4,2316,24307.24,14200,-56000,22-MAR-2024,
OPTIDX,NIFTY,25-Apr-2024,21000,PE,40.55,52.25,30.2,33.05,33.05,43663,459299.75,2188450,281850,22-MAR-2024,
OPTIDX,NIFTY,25-Apr-2024,21050,PE,44.35,54.1,32.2,35.05,35.05,425,4481.25,15650,3950,22-MAR-2024,
OPTIDX,NIFTY,25-Apr-2024,21100,PE,44.75,60.9,34.9,38.15,38.15,8001,84588.84,326250,27600,22-MAR-2024,
OPTIDX,NIFTY,25-Apr-2024,21150,PE,54.85,64.95,37.9,41.05,41.05,488,5171.31,9900,450,22-MAR-2024,
OPTIDX,NIFTY,25-Apr-2024,21200,PE,60,72.55,40.65,44.35,44.35,16409,174348.64,489400,111200,22-MAR-2024,
OPTIDX,NIFTY,25-Apr-2024,21250,PE,63.8,77.9,45.35,49.25,49.25,745,7936.12,19650,-1250,22-MAR-2024,
OPTIDX,NIFTY,25-Apr-2024,21300,PE,69.8,87,48.4,53.7,53.7,14166,151303.78,411850,66550,22-MAR-2024,
OPTIDX,NIFTY,25-Apr-2024,21350,PE,75.8,94.95,53.6,59,59,1035,11082.99,32350,11350,22-MAR-2024,
OPTIDX,NIFTY,25-Apr-2024,21400,PE,84.55,104.6,57.35,63.15,63.15,11848,127197.99,385350,35500,22-MAR-2024,
OPTIDX,NIFTY,25-Apr-2024,21450,PE,93.15,115.4,64.65,71.7,71.7,813,8754.3,24450,1850,22-MAR-2024,
OPTIDX,NIFTY,25-Apr-2024,21500,PE,107.65,128,71.65,79.4,79.4,34258,369822.55,1377800,52650,22-MAR-2024,
OPTIDX,NIFTY,25-Apr-2024,21550,PE,113.45,138.5,77.6,86.6,86.6,1415,15318.54,85350,40000,22-MAR-2024,
OPTIDX,NIFTY,25-Apr-2024,21600,PE,125.65,151.05,84.7,94.15,94.15,11847,128564.37,324950,139900,22-MAR-2024,
OPTIDX,NIFTY,25-Apr-2024,21650,PE,135.9,161.9,93,103.1,103.1,882,9598.86,14900,4300,22-MAR-2024,
OPTIDX,NIFTY,25-Apr-2024,21700,PE,135,177.7,100,111.1,111.1,9521,103899.67,347750,78550,22-MAR-2024,
OPTIDX,NIFTY,25-Apr-2024,21750,PE,154.3,192,110.25,122.75,122.75,676,7400.39,18900,-6250,22-MAR-2024,
OPTIDX,NIFTY,25-Apr-2024,21800,PE,177.65,208.9,120.1,133.55,133.55,14941,163974.96,378500,53550,22-MAR-2024,
OPTIDX,NIFTY,25-Apr-2024,21850,PE,190.25,225.65,130.55,145.25,145.25,1282,14115.42,25750,550,22-MAR-2024,
OPTIDX,NIFTY,25-Apr-2024,21900,PE,200,243.65,141.75,157.3,157.3,13424,148247.69,297300,38900,22-MAR-2024,
OPTIDX,NIFTY,25-Apr-2024,21950,PE,221,262.35,153.75,171.3,171.3,1545,17111.04,23950,-7350,22-MAR-2024,
OPTIDX,NIFTY,25-Apr-2024,22000,PE,237.95,281.95,167.1,186.95,186.95,57346,636865.54,2053450,186500,22-MAR-2024,
OPTIDX,NIFTY,25-Apr-2024,22050,PE,285.75,302.2,183,204.3,204.3,1571,17497.73,28600,4050,22-MAR-2024,
OPTIDX,NIFTY,25-Apr-2024,22100,PE,284.85,326.5,195.95,219.6,219.6,13642,152351.97,333900,142800,22-MAR-2024,
OPTIDX,NIFTY,25-Apr-2024,22150,PE,268.2,347.1,212,234.65,234.65,988,11068.93,18950,9850,22-MAR-2024,
OPTIDX,NIFTY,25-Apr-2024,22200,PE,273.1,372.45,228,254.75,254.75,16524,185700.15,463400,110150,22-MAR-2024,
OPTIDX,NIFTY,25-Apr-2024,22250,PE,347.45,398.5,246.1,276.1,276.1,1345,15161.71,23100,5200,22-MAR-2024,
OPTIDX,NIFTY,25-Apr-2024,22300,PE,379.95,425,264.9,296.45,296.45,7386,83522.19,230600,27850,22-MAR-2024,
OPTIDX,NIFTY,25-Apr-2024,22350,PE,398.45,449.5,285.95,319.6,319.6,696,7892.55,18750,5400,22-MAR-2024,
OPTIDX,NIFTY,25-Apr-2024,22400,PE,432.45,485,306.3,340.35,340.35,4246,48304.12,210750,56350,22-MAR-2024,
OPTIDX,NIFTY,25-Apr-2024,22450,PE,454.7,500.2,328.95,369.95,369.95,250,2854.19,41200,5700,22-MAR-2024,
OPTIDX,NIFTY,25-Apr-2024,22500,PE,475.05,545.1,353.6,395.1,395.1,14295,163903.28,850550,-19700,22-MAR-2024,
OPTIDX,NIFTY,25-Apr-2024,22550,PE,515.75,569.9,378.45,428.8,428.8,204,2346.99,14150,-2400,22-MAR-2024,
OPTIDX,NIFTY,25-Apr-2024,22600,PE,555.95,610.95,408.85,449.4,449.4,740,8539.83,53600,1450,22-MAR-2024,
OPTIDX,NIFTY,25-Apr-2024,22650,PE,579.95,649,431.25,482.95,482.95,132,1528.15,5800,-4900,22-MAR-2024,
OPTIDX,NIFTY,25-Apr-2024,22700,PE,620,675.1,460,510.15,510.15,645,7496.14,38950,2450,22-MAR-2024,
OPTIDX,NIFTY,25-Apr-2024,22750,PE,659.95,672.45,490,551.8,551.8,227,2649.62,7250,-5550,22-MAR-2024,
OPTIDX,NIFTY,25-Apr-2024,22800,PE,702.75,756,529.55,580.7,580.7,248,2902.74,20850,2150,22-MAR-2024,
OPTIDX,NIFTY,25-Apr-2024,22850,PE,0,0,0,818.05,723.9,0,0,10850,0,22-MAR-2024,
OPTIDX,NIFTY,25-Apr-2024,22900,PE,791,831.65,598.7,654.2,654.2,336,3960.47,13850,4900,22-MAR-2024,
OPTIDX,NIFTY,25-Apr-2024,22950,PE,0,0,0,956,802.4,0,0,3500,0,22-MAR-2024,
OPTIDX,NIFTY,25-Apr-2024,23000,PE,861.95,920.95,666.3,734.4,734.4,6175,73367.44,435200,46950,22-MAR-2024,
OPTIDX,NIFTY,25-Apr-2024,23050,PE,819.95,819.95,819.95,819.95,884.05,1,11.93,3750,50,22-MAR-2024,
OPTIDX,NIFTY,25-Apr-2024,23100,PE,870,870,781.3,781.3,925.95,81,969.06,7000,-3100,22-MAR-2024,
OPTIDX,NIFTY,25-Apr-2024,23150,PE,875.25,875.25,778.4,849.05,849.05,129,1544.01,1900,-4650,22-MAR-2024,
OPTIDX,NIFTY,25-Apr-2024,23200,PE,930,958.35,825,908.1,908.1,191,2303.07,11850,-2250,22-MAR-2024,
OPTIDX,NIFTY,25-Apr-2024,23250,PE,0,0,0,985.45,1055.55,0,0,100,0,22-MAR-2024,
OPTIDX,NIFTY,25-Apr-2024,23300,PE,1170.75,1170.75,1169.95,1169.95,1099.9,7,85.64,13250,-50,22-MAR-2024,
OPTIDX,NIFTY,25-Apr-2024,23350,PE,0,0,0,1008.9,1144.75,0,0,550,0,22-MAR-2024,
OPTIDX,NIFTY,25-Apr-2024,23400,PE,1110,1118.55,1090,1102.15,1190.1,100,1225.05,5350,500,22-MAR-2024,
OPTIDX,NIFTY,25-Apr-2024,23450,PE,0,0,0,1362.65,1235.85,0,0,15900,0,22-MAR-2024,
OPTIDX,NIFTY,25-Apr-2024,23500,PE,1300.95,1388.65,1096.2,1186,1186,1354,16748.24,355050,6100,22-MAR-2024,
OPTIDX,NIFTY,25-Apr-2024,23550,PE,0,0,0,1895.9,1328.55,0,0,0,0,22-MAR-2024,
OPTIDX,NIFTY,25-Apr-2024,23600,PE,1247.65,1296.45,1247.65,1296.45,1296.45,2,24.87,1900,50,22-MAR-2024,
OPTIDX,NIFTY,25-Apr-2024,23650,PE,0,0,0,1377.15,1422.6,0,0,650,0,22-MAR-2024,
OPTIDX,NIFTY,25-Apr-2024,23700,PE,1520,1520,1278.2,1369.95,1369.95,126,1575.7,7300,-4400,22-MAR-2024,
OPTIDX,NIFTY,25-Apr-2024,23750,PE,1400,1400,1400,1400,1517.75,1,12.57,600,0,22-MAR-2024,
OPTIDX,NIFTY,25-Apr-2024,23800,PE,0,0,0,1508.25,1565.7,0,0,1450,0,22-MAR-2024,
OPTIDX,NIFTY,25-Apr-2024,23850,PE,0,0,0,1288.55,1613.85,0,0,450,0,22-MAR-2024,
OPTIDX,NIFTY,25-Apr-2024,23900,PE,1742.25,1742.25,1742.25,1742.25,1662.2,1,12.82,900,0,22-MAR-2024,
OPTIDX,NIFTY,25-Apr-2024,23950,PE,0,0,0,1290,1710.65,0,0,750,0,22-MAR-2024,
OPTIDX,NIFTY,25-Apr-2024,24000,PE,1800,1880,1578.65,1661.7,1661.7,7568,97189.27,1307550,174150,22-MAR-2024,
OPTIDX,NIFTY,25-Apr-2024,24050,PE,0,0,0,2337.3,1808.1,0,0,0,0,22-MAR-2024,
OPTIDX,NIFTY,25-Apr-2024,24100,PE,0,0,0,2382.7,1857,0,0,0,0,22-MAR-2024,
OPTIDX,NIFTY,25-Apr-2024,24150,PE,0,0,0,2428.3,1906,0,0,0,0,22-MAR-2024,
OPTIDX,NIFTY,25-Apr-2024,24200,PE,2022.1,2023.5,1769.3,1782.9,1782.9,31,404.37,2200,950,22-MAR-2024,
OPTIDX,NIFTY,25-Apr-2024,24250,PE,1900,1925,1900,1925,2004.25,11,143.89,550,550,22-MAR-2024,
OPTIDX,NIFTY,02-May-2024,20250,CE,0,0,0,1946.85,2002.75,0,0,0,0,22-MAR-2024,
OPTIDX,NIFTY,02-May-2024,20300,CE,0,0,0,1899.1,1953.75,0,0,0,0,22-MAR-2024,
OPTIDX,NIFTY,02-May-2024,20350,CE,0,0,0,1851.5,1904.8,0,0,0,0,22-MAR-2024,
OPTIDX,NIFTY,02-May-2024,20400,CE,0,0,0,1804.15,1856,0,0,0,0,22-MAR-2024,
OPTIDX,NIFTY,02-May-2024,20450,CE,0,0,0,1757,1807.3,0,0,0,0,22-MAR-2024,
OPTIDX,NIFTY,02-May-2024,20500,CE,0,0,0,1710.15,1758.75,0,0,0,0,22-MAR-2024,
OPTIDX,NIFTY,02-May-2024,20550,CE,0,0,0,1663.55,1710.35,0,0,0,0,22-MAR-2024,
OPTIDX,NIFTY,02-May-2024,20600,CE,0,0,0,1617.3,1662.15,0,0,0,0,22-MAR-2024,
OPTIDX,NIFTY,02-May-2024,20650,CE,0,0,0,1571.3,1614.15,0,0,0,0,22-MAR-2024,
OPTIDX,NIFTY,02-May-2024,20700,CE,0,0,0,1525.7,1566.35,0,0,0,0,22-MAR-2024,
OPTIDX,NIFTY,02-May-2024,20750,CE,0,0,0,1480.45,1518.85,0,0,0,0,22-MAR-2024,
OPTIDX,NIFTY,02-May-2024,20800,CE,0,0,0,1435.6,1471.6,0,0,0,0,22-MAR-2024,
OPTIDX,NIFTY,02-May-2024,20850,CE,0,0,0,1391.2,1424.65,0,0,0,0,22-MAR-2024,
OPTIDX,NIFTY,02-May-2024,20900,CE,0,0,0,1347.2,1378,0,0,0,0,22-MAR-2024,
OPTIDX,NIFTY,02-May-2024,20950,CE,0,0,0,1303.65,1331.75,0,0,0,0,22-MAR-2024,
OPTIDX,NIFTY,02-May-2024,21000,CE,0,0,0,1260.65,1285.9,0,0,0,0,22-MAR-2024,
OPTIDX,NIFTY,02-May-2024,21050,CE,0,0,0,1218.15,1240.5,0,0,0,0,22-MAR-2024,
OPTIDX,NIFTY,02-May-2024,21100,CE,0,0,0,1176.15,1195.5,0,0,0,0,22-MAR-2024,
OPTIDX,NIFTY,02-May-2024,21150,CE,0,0,0,1134.8,1151.05,0,0,0,0,22-MAR-2024,
OPTIDX,NIFTY,02-May-2024,21200,CE,0,0,0,1094,1107.1,0,0,0,0,22-MAR-2024,
OPTIDX,NIFTY,02-May-2024,21250,CE,0,0,0,1053.8,1063.75,0,0,0,0,22-MAR-2024,
OPTIDX,NIFTY,02-May-2024,21300,CE,0,0,0,1014.3,1021,0,0,0,0,22-MAR-2024,
OPTIDX,NIFTY,02-May-2024,21350,CE,0,0,0,975.45,978.9,0,0,0,0,22-MAR-2024,
OPTIDX,NIFTY,02-May-2024,21400,CE,0,0,0,937.3,937.45,0,0,0,0,22-MAR-2024,
OPTIDX,NIFTY,02-May-2024,21450,CE,0,0,0,899.85,896.75,0,0,0,0,22-MAR-2024,
OPTIDX,NIFTY,02-May-2024,21500,CE,0,0,0,863.9,856.8,0,0,0,0,22-MAR-2024,
OPTIDX,NIFTY,02-May-2024,21550,CE,0,0,0,827.05,817.65,0,0,0,0,22-MAR-2024,
OPTIDX,NIFTY,02-May-2024,21600,CE,0,0,0,791.9,779.35,0,0,0,0,22-MAR-2024,
OPTIDX,NIFTY,02-May-2024,21650,CE,0,0,0,757.55,741.85,0,0,0,0,22-MAR-2024,
OPTIDX,NIFTY,02-May-2024,21700,CE,0,0,0,724.05,705.3,0,0,0,0,22-MAR-2024,
OPTIDX,NIFTY,02-May-2024,21750,CE,0,0,0,691.35,669.65,0,0,0,0,22-MAR-2024,
OPTIDX,NIFTY,02-May-2024,21800,CE,0,0,0,659.5,635,0,0,0,0,22-MAR-2024,
OPTIDX,NIFTY,02-May-2024,21850,CE,0,0,0,628.55,601.25,0,0,0,0,22-MAR-2024,
OPTIDX,NIFTY,02-May-2024,21900,CE,0,0,0,598.45,568.55,0,0,0,0,22-MAR-2024,
OPTIDX,NIFTY,02-May-2024,21950,CE,0,0,0,569.2,536.9,0,0,0,0,22-MAR-2024,
OPTIDX,NIFTY,02-May-2024,22000,CE,0,0,0,540.9,506.25,0,0,0,0,22-MAR-2024,
OPTIDX,NIFTY,02-May-2024,22050,CE,0,0,0,513.45,476.65,0,0,0,0,22-MAR-2024,
OPTIDX,NIFTY,02-May-2024,22100,CE,0,0,0,486.9,448.15,0,0,0,0,22-MAR-2024,
OPTIDX,NIFTY,02-May-2024,22150,CE,0,0,0,461.25,420.7,0,0,0,0,22-MAR-2024,
OPTIDX,NIFTY,02-May-2024,22200,CE,395.5,463.5,360.25,436.6,436.6,11,124.37,150,150,22-MAR-2024,
OPTIDX,NIFTY,02-May-2024,22250,CE,0,0,0,412.55,369.1,0,0,0,0,22-MAR-2024,
OPTIDX,NIFTY,02-May-2024,22300,CE,0,0,0,389.6,344.9,0,0,0,0,22-MAR-2024,
OPTIDX,NIFTY,02-May-2024,22350,CE,0,0,0,367.55,321.8,0,0,0,0,22-MAR-2024,
OPTIDX,NIFTY,02-May-2024,22400,CE,0,0,0,346.35,299.75,0,0,0,0,22-MAR-2024,
OPTIDX,NIFTY,02-May-2024,22450,CE,0,0,0,326,278.8,0,0,0,0,22-MAR-2024,
OPTIDX,NIFTY,02-May-2024,22500,CE,0,0,0,306.55,258.85,0,0,0,0,22-MAR-2024,
OPTIDX,NIFTY,02-May-2024,22550,CE,0,0,0,287.9,239.95,0,0,0,0,22-MAR-2024,
OPTIDX,NIFTY,02-May-2024,22600,CE,266.75,266.75,250,250,250,2,22.85,100,100,22-MAR-2024,
OPTIDX,NIFTY,02-May-2024,22650,CE,0,0,0,253.15,205.2,0,0,0,0,22-MAR-2024,
OPTIDX,NIFTY,02-May-2024,22700,CE,0,0,0,237,189.25,0,0,0,0,22-MAR-2024,
OPTIDX,NIFTY,02-May-2024,22750,CE,0,0,0,221.6,174.3,0,0,0,0,22-MAR-2024,
OPTIDX,NIFTY,02-May-2024,22800,CE,202.25,202.25,202.25,202.25,160.2,1,11.5,50,50,22-MAR-2024,
OPTIDX,NIFTY,02-May-2024,22850,CE,0,0,0,193.15,147,0,0,0,0,22-MAR-2024,
OPTIDX,NIFTY,02-May-2024,22900,CE,150.1,150.9,125.05,125.05,134.7,3,34.56,50,50,22-MAR-2024,
OPTIDX,NIFTY,02-May-2024,22950,CE,0,0,0,168.6,123.2,0,0,0,0,22-MAR-2024,
OPTIDX,NIFTY,02-May-2024,23000,CE,98.5,125.35,98.5,109,112.45,28,323.53,200,200,22-MAR-2024,
OPTIDX,NIFTY,02-May-2024,23050,CE,0,0,0,144.9,102.5,0,0,0,0,22-MAR-2024,
OPTIDX,NIFTY,02-May-2024,23100,CE,0,0,0,134.45,93.25,0,0,0,0,22-MAR-2024,
OPTIDX,NIFTY,02-May-2024,23150,CE,0,0,0,124.6,84.65,0,0,0,0,22-MAR-2024,
OPTIDX,NIFTY,02-May-2024,23200,CE,0,0,0,115.35,76.75,0,0,0,0,22-MAR-2024,
OPTIDX,NIFTY,02-May-2024,23250,CE,0,0,0,106.65,69.45,0,0,0,0,22-MAR-2024,
OPTIDX,NIFTY,02-May-2024,23300,CE,0,0,0,98.5,62.75,0,0,0,0,22-MAR-2024,
OPTIDX,NIFTY,02-May-2024,23350,CE,0,0,0,90.85,56.55,0,0,0,0,22-MAR-2024,
OPTIDX,NIFTY,02-May-2024,23400,CE,0,0,0,83.7,50.9,0,0,0,0,22-MAR-2024,
OPTIDX,NIFTY,02-May-2024,23450,CE,0,0,0,77.05,45.75,0,0,0,0,22-MAR-2024,
OPTIDX,NIFTY,02-May-2024,23500,CE,0,0,0,70.8,41.05,0,0,0,0,22-MAR-2024,
OPTIDX,NIFTY,02-May-2024,23550,CE,0,0,0,65,36.75,0,0,0,0,22-MAR-2024,
OPTIDX,NIFTY,02-May-2024,23600,CE,0,0,0,59.6,32.8,0,0,0,0,22-MAR-2024,
OPTIDX,NIFTY,02-May-2024,23650,CE,0,0,0,54.6,29.3,0,0,0,0,22-MAR-2024,
OPTIDX,NIFTY,02-May-2024,23700,CE,0,0,0,49.95,26.05,0,0,0,0,22-MAR-2024,
OPTIDX,NIFTY,02-May-2024,23750,CE,0,0,0,45.65,23.15,0,0,0,0,22-MAR-2024,
OPTIDX,NIFTY,02-May-2024,20250,PE,0,0,0,13.2,3.05,0,0,0,0,22-MAR-2024,
OPTIDX,NIFTY,02-May-2024,20300,PE,0,0,0,15,3.65,0,0,0,0,22-MAR-2024,
OPTIDX,NIFTY,02-May-2024,20350,PE,0,0,0,17,4.35,0,0,0,0,22-MAR-2024,
OPTIDX,NIFTY,02-May-2024,20400,PE,0,0,0,19.2,5.15,0,0,0,0,22-MAR-2024,
OPTIDX,NIFTY,02-May-2024,20450,PE,0,0,0,21.65,6.05,0,0,0,0,22-MAR-2024,
OPTIDX,NIFTY,02-May-2024,20500,PE,0,0,0,24.4,7.15,0,0,0,0,22-MAR-2024,
OPTIDX,NIFTY,02-May-2024,20550,PE,0,0,0,27.35,8.4,0,0,0,0,22-MAR-2024,
OPTIDX,NIFTY,02-May-2024,20600,PE,0,0,0,30.65,9.8,0,0,0,0,22-MAR-2024,
OPTIDX,NIFTY,02-May-2024,20650,PE,0,0,0,34.3,11.4,0,0,0,0,22-MAR-2024,
OPTIDX,NIFTY,02-May-2024,20700,PE,0,0,0,38.25,13.25,0,0,0,0,22-MAR-2024,
OPTIDX,NIFTY,02-May-2024,20750,PE,0,0,0,42.55,15.35,0,0,0,0,22-MAR-2024,
OPTIDX,NIFTY,02-May-2024,20800,PE,0,0,0,47.3,17.7,0,0,0,0,22-MAR-2024,
OPTIDX,NIFTY,02-May-2024,20850,PE,0,0,0,52.45,20.4,0,0,0,0,22-MAR-2024,
OPTIDX,NIFTY,02-May-2024,20900,PE,0,0,0,58.05,23.4,0,0,0,0,22-MAR-2024,
OPTIDX,NIFTY,02-May-2024,20950,PE,0,0,0,64.1,26.75,0,0,0,0,22-MAR-2024,
OPTIDX,NIFTY,02-May-2024,21000,PE,54,68.3,39.55,39.55,30.55,68,715.83,250,250,22-MAR-2024,
OPTIDX,NIFTY,02-May-2024,21050,PE,0,0,0,77.7,34.75,0,0,0,0,22-MAR-2024,
OPTIDX,NIFTY,02-May-2024,21100,PE,67.55,67.55,67.55,67.55,39.4,1,10.58,50,50,22-MAR-2024,
OPTIDX,NIFTY,02-May-2024,21150,PE,0,0,0,93.5,44.55,0,0,0,0,22-MAR-2024,
OPTIDX,NIFTY,02-May-2024,21200,PE,0,0,0,102.3,50.2,0,0,0,0,22-MAR-2024,
OPTIDX,NIFTY,02-May-2024,21250,PE,0,0,0,111.7,56.5,0,0,0,0,22-MAR-2024,
OPTIDX,NIFTY,02-May-2024,21300,PE,0,0,0,121.75,63.35,0,0,0,0,22-MAR-2024,
OPTIDX,NIFTY,02-May-2024,21350,PE,0,0,0,132.45,70.85,0,0,0,0,22-MAR-2024,
OPTIDX,NIFTY,02-May-2024,21400,PE,75.5,86.35,72.15,72.9,72.9,5,53.69,150,150,22-MAR-2024,
OPTIDX,NIFTY,02-May-2024,21450,PE,0,0,0,156,88,0,0,0,0,22-MAR-2024,
OPTIDX,NIFTY,02-May-2024,21500,PE,110.75,110.75,110.75,110.75,97.65,1,10.8,50,50,22-MAR-2024,
OPTIDX,NIFTY,02-May-2024,21550,PE,0,0,0,182.35,108.15,0,0,0,0,22-MAR-2024,
OPTIDX,NIFTY,02-May-2024,21600,PE,119.7,119.7,119.7,119.7,119.45,1,10.85,50,50,22-MAR-2024,
OPTIDX,NIFTY,02-May-2024,21650,PE,0,0,0,212.05,131.6,0,0,0,0,22-MAR-2024,
OPTIDX,NIFTY,02-May-2024,21700,PE,0,0,0,228.1,144.65,0,0,0,0,22-MAR-2024,
OPTIDX,NIFTY,02-May-2024,21750,PE,0,0,0,245,158.65,0,0,0,0,22-MAR-2024,
OPTIDX,NIFTY,02-May-2024,21800,PE,0,0,0,262.75,173.55,0,0,0,0,22-MAR-2024,
OPTIDX,NIFTY,02-May-2024,21850,PE,0,0,0,281.35,189.5,0,0,0,0,22-MAR-2024,
OPTIDX,NIFTY,02-May-2024,21900,PE,0,0,0,300.8,206.4,0,0,0,0,22-MAR-2024,
OPTIDX,NIFTY,02-May-2024,21950,PE,0,0,0,321.15,224.35,0,0,0,0,22-MAR-2024,
OPTIDX,NIFTY,02-May-2024,22000,PE,0,0,0,342.4,243.3,0,0,0,0,22-MAR-2024,
OPTIDX,NIFTY,02-May-2024,22050,PE,268.25,268.25,261.9,261.9,263.35,4,44.62,200,200,22-MAR-2024,
OPTIDX,NIFTY,02-May-2024,22100,PE,0,0,0,387.55,284.45,0,0,0,0,22-MAR-2024,
OPTIDX,NIFTY,02-May-2024,22150,PE,0,0,0,411.5,306.65,0,0,0,0,22-MAR-2024,
OPTIDX,NIFTY,02-May-2024,22200,PE,0,0,0,436.25,329.9,0,0,0,0,22-MAR-2024,
OPTIDX,NIFTY,02-May-2024,22250,PE,0,0,0,461.95,354.25,0,0,0,0,22-MAR-2024,
OPTIDX,NIFTY,02-May-2024,22300,PE,0,0,0,488.55,379.7,0,0,0,0,22-MAR-2024,
OPTIDX,NIFTY,02-May-2024,22350,PE,0,0,0,516.1,406.2,0,0,0,0,22-MAR-2024,
OPTIDX,NIFTY,02-May-2024,22400,PE,0,0,0,544.45,433.8,0,0,0,0,22-MAR-2024,
OPTIDX,NIFTY,02-May-2024,22450,PE,0,0,0,573.7,462.45,0,0,0,0,22-MAR-2024,
OPTIDX,NIFTY,02-May-2024,22500,PE,0,0,0,603.8,492.15,0,0,0,0,22-MAR-2024,
OPTIDX,NIFTY,02-May-2024,22550,PE,0,0,0,634.75,522.9,0,0,0,0,22-MAR-2024,
OPTIDX,NIFTY,02-May-2024,22600,PE,0,0,0,666.55,554.6,0,0,0,0,22-MAR-2024,
OPTIDX,NIFTY,02-May-2024,22650,PE,0,0,0,699.15,587.35,0,0,0,0,22-MAR-2024,
OPTIDX,NIFTY,02-May-2024,22700,PE,0,0,0,732.6,621.05,0,0,0,0,22-MAR-2024,
OPTIDX,NIFTY,02-May-2024,22750,PE,0,0,0,766.75,655.7,0,0,0,0,22-MAR-2024,
OPTIDX,NIFTY,02-May-2024,22800,PE,0,0,0,801.75,691.25,0,0,0,0,22-MAR-2024,
OPTIDX,NIFTY,02-May-2024,22850,PE,0,0,0,837.45,727.7,0,0,0,0,22-MAR-2024,
OPTIDX,NIFTY,02-May-2024,22900,PE,0,0,0,873.85,764.95,0,0,0,0,22-MAR-2024,
OPTIDX,NIFTY,02-May-2024,22950,PE,0,0,0,912.05,803.1,0,0,0,0,22-MAR-2024,
OPTIDX,NIFTY,02-May-2024,23000,PE,0,0,0,949,841.95,0,0,0,0,22-MAR-2024,
OPTIDX,NIFTY,02-May-2024,23050,PE,0,0,0,987.5,881.65,0,0,0,0,22-MAR-2024,
OPTIDX,NIFTY,02-May-2024,23100,PE,0,0,0,1026.6,922,0,0,0,0,22-MAR-2024,
OPTIDX,NIFTY,02-May-2024,23150,PE,0,0,0,1066.35,963.05,0,0,0,0,22-MAR-2024,
OPTIDX,NIFTY,02-May-2024,23200,PE,0,0,0,1106.65,1004.75,0,0,0,0,22-MAR-2024,
OPTIDX,NIFTY,02-May-2024,23250,PE,0,0,0,1147.55,1047.1,0,0,0,0,22-MAR-2024,
OPTIDX,NIFTY,02-May-2024,23300,PE,0,0,0,1188.95,1090,0,0,0,0,22-MAR-2024,
OPTIDX,NIFTY,02-May-2024,23350,PE,0,0,0,1230.9,1133.45,0,0,0,0,22-MAR-2024,
OPTIDX,NIFTY,02-May-2024,23400,PE,0,0,0,1273.35,1177.4,0,0,0,0,22-MAR-2024,
OPTIDX,NIFTY,02-May-2024,23450,PE,0,0,0,1316.25,1221.85,0,0,0,0,22-MAR-2024,
OPTIDX,NIFTY,02-May-2024,23500,PE,0,0,0,1359.6,1266.75,0,0,0,0,22-MAR-2024,
OPTIDX,NIFTY,02-May-2024,23550,PE,0,0,0,1403.4,1312.1,0,0,0,0,22-MAR-2024,
OPTIDX,NIFTY,02-May-2024,23600,PE,0,0,0,1447.55,1357.8,0,0,0,0,22-MAR-2024,
OPTIDX,NIFTY,02-May-2024,23650,PE,0,0,0,1492.15,1403.9,0,0,0,0,22-MAR-2024,
OPTIDX,NIFTY,02-May-2024,23700,PE,0,0,0,1537.05,1450.3,0,0,0,0,22-MAR-2024,
OPTIDX,NIFTY,02-May-2024,23750,PE,0,0,0,1582.35,1497,0,0,0,0,22-MAR-2024,
OPTIDX,NIFTY,30-May-2024,20050,CE,0,0,0,2341.7,2308.9,0,0,0,0,22-MAR-2024,
OPTIDX,NIFTY,30-May-2024,20100,CE,0,0,0,2296.25,2260.6,0,0,0,0,22-MAR-2024,
OPTIDX,NIFTY,30-May-2024,20150,CE,0,0,0,2251.05,2212.45,0,0,0,0,22-MAR-2024,
OPTIDX,NIFTY,30-May-2024,20200,CE,0,0,0,2206.1,2164.45,0,0,0,0,22-MAR-2024,
OPTIDX,NIFTY,30-May-2024,20250,CE,0,0,0,2161.35,2116.55,0,0,0,0,22-MAR-2024,
OPTIDX,NIFTY,30-May-2024,20300,CE,0,0,0,2113,2068.85,0,0,50,0,22-MAR-2024,
OPTIDX,NIFTY,30-May-2024,20350,CE,0,0,0,2072.8,2021.35,0,0,0,0,22-MAR-2024,
OPTIDX,NIFTY,30-May-2024,20400,CE,0,0,0,2021,1974,0,0,50,0,22-MAR-2024,
OPTIDX,NIFTY,30-May-2024,20450,CE,0,0,0,1985.35,1926.9,0,0,0,0,22-MAR-2024,
OPTIDX,NIFTY,30-May-2024,20500,CE,1843.6,2039.05,1835,2039.05,1880,7,78.45,550,300,22-MAR-2024,
OPTIDX,NIFTY,30-May-2024,20550,CE,0,0,0,1899.25,1833.35,0,0,0,0,22-MAR-2024,
OPTIDX,NIFTY,30-May-2024,20600,CE,0,0,0,1889,1786.95,0,0,50,0,22-MAR-2024,
OPTIDX,NIFTY,30-May-2024,20650,CE,0,0,0,1814.45,1740.8,0,0,0,0,22-MAR-2024,
OPTIDX,NIFTY,30-May-2024,20700,CE,0,0,0,1743,1695,0,0,50,0,22-MAR-2024,
OPTIDX,NIFTY,30-May-2024,20750,CE,0,0,0,1731.15,1649.5,0,0,0,0,22-MAR-2024,
OPTIDX,NIFTY,30-May-2024,20800,CE,0,0,0,1639,1604.35,0,0,50,0,22-MAR-2024,
OPTIDX,NIFTY,30-May-2024,20850,CE,0,0,0,1649.4,1559.55,0,0,0,0,22-MAR-2024,
OPTIDX,NIFTY,30-May-2024,20900,CE,0,0,0,1609.15,1515.1,0,0,0,0,22-MAR-2024,
OPTIDX,NIFTY,30-May-2024,20950,CE,0,0,0,1569.3,1471.1,0,0,0,0,22-MAR-2024,
OPTIDX,NIFTY,30-May-2024,21000,CE,1481,1628.7,1380,1532.9,1532.9,97,1090.52,11200,200,22-MAR-2024,
OPTIDX,NIFTY,30-May-2024,21050,CE,0,0,0,1490.95,1384.3,0,0,0,0,22-MAR-2024,
OPTIDX,NIFTY,30-May-2024,21100,CE,1400,1400,1400,1400,1341.6,2,22.5,150,100,22-MAR-2024,
OPTIDX,NIFTY,30-May-2024,21150,CE,0,0,0,1414.4,1299.4,0,0,0,0,22-MAR-2024,
OPTIDX,NIFTY,30-May-2024,21200,CE,0,0,0,1199,1257.7,0,0,100,0,22-MAR-2024,
OPTIDX,NIFTY,30-May-2024,21250,CE,1300,1300,1300,1300,1216.55,1,11.27,50,50,22-MAR-2024,
OPTIDX,NIFTY,30-May-2024,21300,CE,0,0,0,1119,1175.95,0,0,50,0,22-MAR-2024,
OPTIDX,NIFTY,30-May-2024,21350,CE,0,0,0,1267.85,1135.95,0,0,0,0,22-MAR-2024,
OPTIDX,NIFTY,30-May-2024,21400,CE,0,0,0,1151,1096.5,0,0,50,0,22-MAR-2024,
OPTIDX,NIFTY,30-May-2024,21450,CE,0,0,0,1196.35,1057.7,0,0,0,0,22-MAR-2024,
OPTIDX,NIFTY,30-May-2024,21500,CE,1001,1207.9,980,1139.8,1139.8,90,1015.28,31450,1350,22-MAR-2024,
OPTIDX,NIFTY,30-May-2024,21550,CE,0,0,0,1127.95,982.05,0,0,0,0,22-MAR-2024,
OPTIDX,NIFTY,30-May-2024,21600,CE,0,0,0,965.7,945.2,0,0,950,0,22-MAR-2024,
OPTIDX,NIFTY,30-May-2024,21650,CE,0,0,0,880,909.1,0,0,100,0,22-MAR-2024,
OPTIDX,NIFTY,30-May-2024,21700,CE,955,955,923.1,923.1,873.65,3,33.96,450,150,22-MAR-2024,
OPTIDX,NIFTY,30-May-2024,21750,CE,910,910,910,910,839,2,22.66,100,100,22-MAR-2024,
OPTIDX,NIFTY,30-May-2024,21800,CE,816.35,939.45,770,897.95,897.95,63,714.09,10300,250,22-MAR-2024,
OPTIDX,NIFTY,30-May-2024,21850,CE,0,0,0,936.15,771.9,0,0,0,0,22-MAR-2024,
OPTIDX,NIFTY,30-May-2024,21900,CE,725,865,718.35,845.75,845.75,48,543.86,4600,550,22-MAR-2024,
OPTIDX,NIFTY,30-May-2024,21950,CE,0,0,0,748.55,707.85,0,0,200,0,22-MAR-2024,
OPTIDX,NIFTY,30-May-2024,22000,CE,686.25,824.85,642.55,760.15,760.15,2235,25411.9,173700,-1250,22-MAR-2024,
OPTIDX,NIFTY,30-May-2024,22050,CE,0,0,0,819.9,647.05,0,0,0,0,22-MAR-2024,
OPTIDX,NIFTY,30-May-2024,22100,CE,595,750,589.95,686.05,686.05,398,4535.52,18400,10150,22-MAR-2024,
OPTIDX,NIFTY,30-May-2024,22150,CE,0,0,0,765.35,589.45,0,0,0,0,22-MAR-2024,
OPTIDX,NIFTY,30-May-2024,22200,CE,582.05,681.85,361.1,636.45,636.45,362,4126.53,23600,3300,22-MAR-2024,
OPTIDX,NIFTY,30-May-2024,22250,CE,520.45,600,520.45,600,535.15,4,45.63,100,100,22-MAR-2024,
OPTIDX,NIFTY,30-May-2024,22300,CE,500,612.4,471.5,580.55,580.55,235,2684.16,13250,1500,22-MAR-2024,
OPTIDX,NIFTY,30-May-2024,22350,CE,0,0,0,663.3,484.15,0,0,0,0,22-MAR-2024,
OPTIDX,NIFTY,30-May-2024,22400,CE,455,561.65,455,508.7,508.7,122,1397.7,21750,1550,22-MAR-2024,
OPTIDX,NIFTY,30-May-2024,22450,CE,504.35,504.35,494.65,494.65,436.5,2,22.94,600,0,22-MAR-2024,
OPTIDX,NIFTY,30-May-2024,22500,CE,410.05,504.7,377,456.2,456.2,2439,27987.33,249850,14700,22-MAR-2024,
OPTIDX,NIFTY,30-May-2024,22550,CE,0,0,0,570.85,392.1,0,0,0,0,22-MAR-2024,
OPTIDX,NIFTY,30-May-2024,22600,CE,355,449,330.05,378.4,378.4,111,1276.98,7450,-50,22-MAR-2024,
OPTIDX,NIFTY,30-May-2024,22650,CE,0,0,0,354.45,350.95,0,0,300,0,22-MAR-2024,
OPTIDX,NIFTY,30-May-2024,22700,CE,314,398,295.45,357.25,357.25,221,2547.76,25000,2150,22-MAR-2024,
OPTIDX,NIFTY,30-May-2024,22750,CE,280,375,280,331.45,331.45,110,1269.57,850,250,22-MAR-2024,
OPTIDX,NIFTY,30-May-2024,22800,CE,277.05,350,261.8,318.5,318.5,911,10523.09,74700,5300,22-MAR-2024,
OPTIDX,NIFTY,30-May-2024,22850,CE,0,0,0,282,278,0,0,50,0,22-MAR-2024,
OPTIDX,NIFTY,30-May-2024,22900,CE,240,311.45,231.05,290.75,290.75,155,1797.1,5900,3300,22-MAR-2024,
OPTIDX,NIFTY,30-May-2024,22950,CE,221.3,278,217.75,278,246.05,54,626.43,1500,1400,22-MAR-2024,
OPTIDX,NIFTY,30-May-2024,23000,CE,212.1,273.5,195,246.4,246.4,5028,58421.38,283000,31900,22-MAR-2024,
OPTIDX,NIFTY,30-May-2024,23050,CE,187,221,187,220,216.95,4,46.5,950,0,22-MAR-2024,
OPTIDX,NIFTY,30-May-2024,23100,CE,167.05,227.85,166.5,199.2,199.2,54,629.17,4800,1750,22-MAR-2024,
OPTIDX,NIFTY,30-May-2024,23150,CE,183.7,183.7,183.7,183.7,190.55,1,11.66,150,50,22-MAR-2024,
OPTIDX,NIFTY,30-May-2024,23200,CE,147,194.75,137.85,187.55,187.55,1220,14261.06,34700,29700,22-MAR-2024,
OPTIDX,NIFTY,30-May-2024,23250,CE,148.7,177.6,148.7,177.6,177.6,4,46.82,400,150,22-MAR-2024,
OPTIDX,NIFTY,30-May-2024,23300,CE,127,169.4,120.1,153.65,153.65,260,3048.53,17000,4650,22-MAR-2024,
OPTIDX,NIFTY,30-May-2024,23350,CE,132.95,132.95,132.95,132.95,145.3,2,23.48,100,-50,22-MAR-2024,
OPTIDX,NIFTY,30-May-2024,23400,CE,101.8,139,101.8,124.3,124.3,55,647.02,8900,2050,22-MAR-2024,
OPTIDX,NIFTY,30-May-2024,23450,CE,120,120,120,120,126.15,1,11.78,50,50,22-MAR-2024,
OPTIDX,NIFTY,30-May-2024,23500,CE,98.45,125,86,112.3,112.3,4131,48760.29,218900,56950,22-MAR-2024,
OPTIDX,NIFTY,30-May-2024,23550,CE,103.1,116.45,103,103,103,11,130.13,300,250,22-MAR-2024,
OPTIDX,NIFTY,30-May-2024,23600,CE,88.1,99.95,73,93.55,93.55,271,3209.41,12350,7100,22-MAR-2024,
OPTIDX,NIFTY,30-May-2024,23650,CE,0,0,0,219.8,93.95,0,0,0,0,22-MAR-2024,
OPTIDX,NIFTY,30-May-2024,23700,CE,69.7,83.4,66,82.5,87.05,55,653.81,7950,1600,22-MAR-2024,
OPTIDX,NIFTY,30-May-2024,23750,CE,72.25,72.25,72.25,72.25,80.6,1,11.91,500,0,22-MAR-2024,
OPTIDX,NIFTY,30-May-2024,23800,CE,62.2,67.1,50.6,63.15,63.15,234,2791.58,14100,3450,22-MAR-2024,
OPTIDX,NIFTY,30-May-2024,23850,CE,0,0,0,180.4,68.9,0,0,0,0,22-MAR-2024,
OPTIDX,NIFTY,30-May-2024,23900,CE,53,59,45,51,51,34,407.17,1750,1200,22-MAR-2024,
OPTIDX,NIFTY,30-May-2024,23950,CE,50,51,50,51,58.65,2,24,450,50,22-MAR-2024,
OPTIDX,NIFTY,30-May-2024,24000,CE,41.75,55,36.65,48,48,3291,39567.36,232200,13000,22-MAR-2024,
OPTIDX,NIFTY,30-May-2024,24050,CE,0,0,0,47.75,49.7,0,0,350,0,22-MAR-2024,
OPTIDX,NIFTY,30-May-2024,24100,CE,35.1,35.1,35.1,35.1,45.7,1,12.06,150,50,22-MAR-2024,
OPTIDX,NIFTY,30-May-2024,24150,CE,36.8,36.8,36.8,36.8,42,3,36.28,1000,150,22-MAR-2024,
OPTIDX,NIFTY,30-May-2024,24200,CE,28,39,28,34.7,34.7,93,1126.86,18200,1300,22-MAR-2024,
OPTIDX,NIFTY,30-May-2024,24250,CE,32.8,33,29.5,33,33,29,352.09,3450,950,22-MAR-2024,
OPTIDX,NIFTY,30-May-2024,20050,PE,23.65,31.35,17.2,29.65,29.65,22,220.84,2350,600,22-MAR-2024,
OPTIDX,NIFTY,30-May-2024,20100,PE,31.5,31.55,15.25,24.5,24.5,59,593.73,3150,2050,22-MAR-2024,
OPTIDX,NIFTY,30-May-2024,20150,PE,0,0,0,31.85,10.2,0,0,300,0,22-MAR-2024,
OPTIDX,NIFTY,30-May-2024,20200,PE,0,0,0,33.6,11.55,0,0,400,0,22-MAR-2024,
OPTIDX,NIFTY,30-May-2024,20250,PE,32.8,34.95,30.9,32,13.05,35,354.93,3550,0,22-MAR-2024,
OPTIDX,NIFTY,30-May-2024,20300,PE,42.15,42.95,30,32.75,32.75,79,803.22,23950,1600,22-MAR-2024,
OPTIDX,NIFTY,30-May-2024,20350,PE,0,0,0,70.45,16.55,0,0,0,0,22-MAR-2024,
OPTIDX,NIFTY,30-May-2024,20400,PE,35,37,35,37,18.6,43,439.38,2450,1600,22-MAR-2024,
OPTIDX,NIFTY,30-May-2024,20450,PE,0,0,0,81.25,20.85,0,0,0,0,22-MAR-2024,
OPTIDX,NIFTY,30-May-2024,20500,PE,51.95,60.3,40.2,42.85,42.85,4028,41383.36,382900,18600,22-MAR-2024,
OPTIDX,NIFTY,30-May-2024,20550,PE,0,0,0,59.5,26,0,0,450,0,22-MAR-2024,
OPTIDX,NIFTY,30-May-2024,20600,PE,55,55,43.2,44.1,44.1,224,2312.6,10800,10750,22-MAR-2024,
OPTIDX,NIFTY,30-May-2024,20650,PE,0,0,0,106.7,32.25,0,0,500,0,22-MAR-2024,
OPTIDX,NIFTY,30-May-2024,20700,PE,61,70.9,48,50.5,50.5,375,3891.34,39450,6950,22-MAR-2024,
OPTIDX,NIFTY,30-May-2024,20750,PE,63.15,63.15,63.1,63.1,39.65,8,83.25,400,400,22-MAR-2024,
OPTIDX,NIFTY,30-May-2024,20800,PE,70,80,53.15,60.35,60.35,554,5779.42,18700,11200,22-MAR-2024,
OPTIDX,NIFTY,30-May-2024,20850,PE,52.2,52.2,52.2,52.2,52.2,10,104.51,600,500,22-MAR-2024,
OPTIDX,NIFTY,30-May-2024,20900,PE,0,0,0,146.85,53.35,0,0,0,0,22-MAR-2024,
OPTIDX,NIFTY,30-May-2024,20950,PE,73.05,73.05,73.05,73.05,58.7,2,21.02,50,-100,22-MAR-2024,
OPTIDX,NIFTY,30-May-2024,21000,PE,94.8,110,77.5,82.45,82.45,6005,63318.05,494050,74750,22-MAR-2024,
OPTIDX,NIFTY,30-May-2024,21050,PE,0,0,0,153,70.65,0,0,100,0,22-MAR-2024,
OPTIDX,NIFTY,30-May-2024,21100,PE,118,130.8,83.45,85.65,85.65,122,1292.6,13200,4000,22-MAR-2024,
OPTIDX,NIFTY,30-May-2024,21150,PE,0,0,0,108.9,84.5,0,0,900,0,22-MAR-2024,
OPTIDX,NIFTY,30-May-2024,21200,PE,113.7,133.2,85,96.7,96.7,769,8191.99,125650,19050,22-MAR-2024,
OPTIDX,NIFTY,30-May-2024,21250,PE,121.05,121.05,100,100,100,11,117.5,1050,350,22-MAR-2024,
OPTIDX,NIFTY,30-May-2024,21300,PE,151.85,152,101.4,110.65,110.65,591,6329.27,47150,11850,22-MAR-2024,
OPTIDX,NIFTY,30-May-2024,21350,PE,123.1,123.1,123.1,123.1,118.5,1,10.73,500,50,22-MAR-2024,
OPTIDX,NIFTY,30-May-2024,21400,PE,149.6,179.75,120.05,129.9,129.9,288,3101.6,44100,5700,22-MAR-2024,
OPTIDX,NIFTY,30-May-2024,21450,PE,176,176,176,176,139,1,10.81,500,50,22-MAR-2024,
OPTIDX,NIFTY,30-May-2024,21500,PE,186.75,209.7,146.15,154.15,154.15,4316,46756.83,312750,32600,22-MAR-2024,
OPTIDX,NIFTY,30-May-2024,21550,PE,177.4,177.4,157,157,162.05,10,108.58,300,100,22-MAR-2024,
OPTIDX,NIFTY,30-May-2024,21600,PE,227.55,227.6,152,169.35,169.35,288,3136.5,16350,1000,22-MAR-2024,
OPTIDX,NIFTY,30-May-2024,21650,PE,199.25,199.25,177,177,187.85,10,109.2,350,250,22-MAR-2024,
OPTIDX,NIFTY,30-May-2024,21700,PE,230,260.35,180.5,191.65,191.65,344,3767.72,16450,4250,22-MAR-2024,
OPTIDX,NIFTY,30-May-2024,21750,PE,223.95,223.95,223.95,223.95,216.45,4,43.94,200,200,22-MAR-2024,
OPTIDX,NIFTY,30-May-2024,21800,PE,264.95,285.75,204.05,216,216,549,6047.99,39300,4100,22-MAR-2024,
OPTIDX,NIFTY,30-May-2024,21850,PE,220,220.55,215.55,220.55,248.1,6,66.2,400,150,22-MAR-2024,
OPTIDX,NIFTY,30-May-2024,21900,PE,282.25,325.15,230,241,241,227,2515.97,17100,-100,22-MAR-2024,
OPTIDX,NIFTY,30-May-2024,21950,PE,306.95,307.35,242,242,282.8,33,366.8,700,350,22-MAR-2024,
OPTIDX,NIFTY,30-May-2024,22000,PE,310,359.95,255,268.35,268.35,5605,62463.33,255450,39900,22-MAR-2024,
OPTIDX,NIFTY,30-May-2024,22050,PE,355,360,270,270,270,11,122.98,300,0,22-MAR-2024,
OPTIDX,NIFTY,30-May-2024,22100,PE,360.5,398.15,287,304.05,304.05,647,7251.05,13500,6950,22-MAR-2024,
OPTIDX,NIFTY,30-May-2024,22150,PE,405.85,405.85,401.65,401.85,361.85,4,45.1,450,100,22-MAR-2024,
OPTIDX,NIFTY,30-May-2024,22200,PE,397.65,430,316.65,337.2,337.2,613,6912.11,20900,10400,22-MAR-2024,
OPTIDX,NIFTY,30-May-2024,22250,PE,0,0,0,576.35,406.3,0,0,0,0,22-MAR-2024,
OPTIDX,NIFTY,30-May-2024,22300,PE,450,486.9,352.05,382.35,382.35,314,3561.73,11800,-4850,22-MAR-2024,
OPTIDX,NIFTY,30-May-2024,22350,PE,470,498,375.1,375.1,375.1,6,68.3,200,100,22-MAR-2024,
OPTIDX,NIFTY,30-May-2024,22400,PE,479.85,525.15,392.7,422.25,422.25,459,5240.56,18600,7100,22-MAR-2024,
OPTIDX,NIFTY,30-May-2024,22450,PE,0,0,0,666,505.1,0,0,150,0,22-MAR-2024,
OPTIDX,NIFTY,30-May-2024,22500,PE,534.75,583.95,438.3,465.7,465.7,2610,29991.33,183100,20950,22-MAR-2024,
OPTIDX,NIFTY,30-May-2024,22550,PE,0,0,0,650,559.45,0,0,1200,0,22-MAR-2024,
OPTIDX,NIFTY,30-May-2024,22600,PE,597,597,505,505,587.8,53,613.49,2600,150,22-MAR-2024,
OPTIDX,NIFTY,30-May-2024,22650,PE,0,0,0,784.1,617,0,0,0,0,22-MAR-2024,
OPTIDX,NIFTY,30-May-2024,22700,PE,666.2,682,536,581.7,581.7,59,686.83,3750,-1250,22-MAR-2024,
OPTIDX,NIFTY,30-May-2024,22750,PE,0,0,0,841.9,677.75,0,0,0,0,22-MAR-2024,
OPTIDX,NIFTY,30-May-2024,22800,PE,688.15,688.15,584.7,587.65,709.25,26,304.47,1250,350,22-MAR-2024,
OPTIDX,NIFTY,30-May-2024,22850,PE,0,0,0,902,741.55,0,0,0,0,22-MAR-2024,
OPTIDX,NIFTY,30-May-2024,22900,PE,758.4,758.4,710.5,710.5,774.55,9,106.4,450,-400,22-MAR-2024,
OPTIDX,NIFTY,30-May-2024,22950,PE,790.65,790.65,751.1,751.1,808.3,20,237.16,100,-850,22-MAR-2024,
OPTIDX,NIFTY,30-May-2024,23000,PE,814.45,881.4,699.5,746.45,746.45,1598,18987.69,75950,34900,22-MAR-2024,
OPTIDX,NIFTY,30-May-2024,23050,PE,0,0,0,1000.95,877.95,0,0,50,0,22-MAR-2024,
OPTIDX,NIFTY,30-May-2024,23100,PE,0,0,0,1061.75,913.8,0,0,0,0,22-MAR-2024,
OPTIDX,NIFTY,30-May-2024,23150,PE,0,0,0,1095.3,950.3,0,0,0,0,22-MAR-2024,
OPTIDX,NIFTY,30-May-2024,23200,PE,930.3,930.3,918.3,918.3,987.4,2,24.12,150,100,22-MAR-2024,
OPTIDX,NIFTY,30-May-2024,23250,PE,0,0,0,1163.9,1025.2,0,0,0,0,22-MAR-2024,
OPTIDX,NIFTY,30-May-2024,23300,PE,0,0,0,1198.9,1063.55,0,0,0,0,22-MAR-2024,
OPTIDX,NIFTY,30-May-2024,23350,PE,0,0,0,1234.45,1102.5,0,0,0,0,22-MAR-2024,
OPTIDX,NIFTY,30-May-2024,23400,PE,0,0,0,1270.45,1142,0,0,0,0,22-MAR-2024,
OPTIDX,NIFTY,30-May-2024,23450,PE,0,0,0,1307.9,1182.05,0,0,0,0,22-MAR-2024,
OPTIDX,NIFTY,30-May-2024,23500,PE,1251.2,1251.2,1042,1073.9,1073.9,18,221.61,4700,0,22-MAR-2024,
OPTIDX,NIFTY,30-May-2024,23550,PE,0,0,0,1382.35,1263.75,0,0,0,0,22-MAR-2024,
OPTIDX,NIFTY,30-May-2024,23600,PE,0,0,0,1419.3,1305.3,0,0,0,0,22-MAR-2024,
OPTIDX,NIFTY,30-May-2024,23650,PE,0,0,0,1457.55,1347.35,0,0,0,0,22-MAR-2024,
OPTIDX,NIFTY,30-May-2024,23700,PE,0,0,0,1496.2,1389.85,0,0,0,0,22-MAR-2024,
OPTIDX,NIFTY,30-May-2024,23750,PE,0,0,0,1250,1432.75,0,0,100,0,22-MAR-2024,
OPTIDX,NIFTY,30-May-2024,23800,PE,0,0,0,1574.7,1476.05,0,0,0,0,22-MAR-2024,
OPTIDX,NIFTY,30-May-2024,23850,PE,0,0,0,1614.55,1519.75,0,0,0,0,22-MAR-2024,
OPTIDX,NIFTY,30-May-2024,23900,PE,0,0,0,1654.75,1563.8,0,0,0,0,22-MAR-2024,
OPTIDX,NIFTY,30-May-2024,23950,PE,0,0,0,1695.3,1608.2,0,0,0,0,22-MAR-2024,
OPTIDX,NIFTY,30-May-2024,24000,PE,1599.35,1599.35,1485,1526,1526,25,319.2,1450,650,22-MAR-2024,
OPTIDX,NIFTY,30-May-2024,24050,PE,0,0,0,1777.45,1698.05,0,0,0,0,22-MAR-2024,
OPTIDX,NIFTY,30-May-2024,24100,PE,0,0,0,1819.05,1743.4,0,0,0,0,22-MAR-2024,
OPTIDX,NIFTY,30-May-2024,24150,PE,0,0,0,1860.95,1789.05,0,0,0,0,22-MAR-2024,
OPTIDX,NIFTY,30-May-2024,24200,PE,0,0,0,1903.2,1834.95,0,0,0,0,22-MAR-2024,
OPTIDX,NIFTY,30-May-2024,24250,PE,0,0,0,1945.7,1881.1,0,0,0,0,22-MAR-2024,
OPTIDX,NIFTY,27-Jun-2024,15000,CE,7321.95,7425,7180,7350.65,7350.65,1319,14733.63,79200,65150,22-MAR-2024,
OPTIDX,NIFTY,27-Jun-2024,16000,CE,0,0,0,2666.1,6381.2,0,0,0,0,22-MAR-2024,
OPTIDX,NIFTY,27-Jun-2024,17000,CE,5255.1,5430,5255.1,5400,5400,14,156.47,950,400,22-MAR-2024,
OPTIDX,NIFTY,27-Jun-2024,18000,CE,4311.35,4575.7,4261.65,4479.35,4479.35,409,4593.59,279600,10650,22-MAR-2024,
OPTIDX,NIFTY,27-Jun-2024,18500,CE,0,0,0,3890,3926,0,0,4525,0,22-MAR-2024,
OPTIDX,NIFTY,27-Jun-2024,19000,CE,3360,3623.5,3318.55,3529.15,3529.15,236,2654.85,236550,7300,22-MAR-2024,
OPTIDX,NIFTY,27-Jun-2024,20000,CE,2475,2703.6,2421.5,2622.1,2622.1,243,2744.81,267750,3250,22-MAR-2024,
OPTIDX,NIFTY,27-Jun-2024,21000,CE,1715.95,1840,1590,1765.2,1765.2,1266,14382.46,464900,-1200,22-MAR-2024,
OPTIDX,NIFTY,27-Jun-2024,22000,CE,950,1099,901,1029.75,1029.75,6082,69991.64,856100,120150,22-MAR-2024,
OPTIDX,NIFTY,27-Jun-2024,23000,CE,455,534.9,419,489.65,489.65,4781,56124.16,840850,19800,22-MAR-2024,
OPTIDX,NIFTY,27-Jun-2024,24000,CE,172.7,207,157.3,184.6,184.6,5142,62178.09,1003500,18400,22-MAR-2024,
OPTIDX,NIFTY,27-Jun-2024,25000,CE,63.7,63.7,55.15,58.4,58.4,2490,31198.05,468200,21650,22-MAR-2024,
OPTIDX,NIFTY,27-Jun-2024,26000,CE,28.85,28.85,24,25.2,25.2,658,8562.39,174300,-100,22-MAR-2024,
OPTIDX,NIFTY,27-Jun-2024,27000,CE,15.35,16.8,12.8,13.4,13.4,23,310.66,3800,800,22-MAR-2024,
OPTIDX,NIFTY,27-Jun-2024,14000,PE,0,0,0,9,0.05,0,0,7075,0,22-MAR-2024,
OPTIDX,NIFTY,27-Jun-2024,15000,PE,6,7,3.85,4.35,4.35,1327,9955.59,49925,31300,22-MAR-2024,
OPTIDX,NIFTY,27-Jun-2024,16000,PE,3.05,3.05,3.05,3.05,0.05,8,64.01,58300,50,22-MAR-2024,
OPTIDX,NIFTY,27-Jun-2024,17000,PE,14.4,14.85,12.5,13.4,13.4,371,3156.05,167500,3300,22-MAR-2024,
OPTIDX,NIFTY,27-Jun-2024,18000,PE,21.5,21.5,16.6,17.5,17.5,1257,11324.12,588400,-6300,22-MAR-2024,
OPTIDX,NIFTY,27-Jun-2024,19000,PE,38.2,39.8,33.65,35.05,35.05,1386,13191.55,755700,-4300,22-MAR-2024,
OPTIDX,NIFTY,27-Jun-2024,20000,PE,89.45,94.9,78.6,81.55,81.55,5219,52409.35,1216050,79500,22-MAR-2024,
OPTIDX,NIFTY,27-Jun-2024,21000,PE,225,225,180.45,188.15,188.15,6335,67138.22,1450100,23800,22-MAR-2024,
OPTIDX,NIFTY,27-Jun-2024,22000,PE,468.95,503,399.7,413.3,413.3,10313,115671.32,1387150,114700,22-MAR-2024,
OPTIDX,NIFTY,27-Jun-2024,23000,PE,924,1008.4,823,855.65,855.65,1902,22711.3,401400,1900,22-MAR-2024,
OPTIDX,NIFTY,27-Jun-2024,24000,PE,1630,1714.65,1470.85,1528.65,1528.65,968,12372.37,367900,27700,22-MAR-2024,
OPTIDX,NIFTY,27-Jun-2024,25000,PE,2433.9,2561.2,2290,2364.45,2364.45,1811,24786.82,101400,67600,22-MAR-2024,
OPTIDX,NIFTY,27-Jun-2024,26000,PE,3445.35,3489.95,3234,3310.2,3310.2,123,1805.39,14300,3550,22-MAR-2024,
OPTIDX,NIFTY,27-Jun-2024,27000,PE,0,0,0,8206,4424.1,0,0,0,0,22-MAR-2024,
OPTIDX,NIFTY,26-Sep-2024,16000,CE,0,0,0,4667.4,6643.45,0,0,0,0,22-MAR-2024,
OPTIDX,NIFTY,26-Sep-2024,17000,CE,0,0,0,3800.4,5677.8,0,0,0,0,22-MAR-2024,
OPTIDX,NIFTY,26-Sep-2024,18000,CE,0,0,0,2994.95,4713.45,0,0,0,0,22-MAR-2024,
OPTIDX,NIFTY,26-Sep-2024,19000,CE,0,0,0,2277.4,3757,0,0,0,0,22-MAR-2024,
OPTIDX,NIFTY,26-Sep-2024,20000,CE,0,0,0,1666.45,2829.75,0,0,0,0,22-MAR-2024,
OPTIDX,NIFTY,26-Sep-2024,21000,CE,0,0,0,1173.8,1976.75,0,0,0,0,22-MAR-2024,
OPTIDX,NIFTY,26-Sep-2024,22000,CE,1348.9,1479,1331,1429.55,1429.55,124,1450.04,17800,2500,22-MAR-2024,
OPTIDX,NIFTY,26-Sep-2024,23000,CE,800.05,938,774.45,864.6,864.6,159,1896.32,57200,2000,22-MAR-2024,
OPTIDX,NIFTY,26-Sep-2024,24000,CE,390.3,480,390,440.35,440.35,246,3005.59,47850,3450,22-MAR-2024,
OPTIDX,NIFTY,26-Sep-2024,25000,CE,191.05,215,184.4,200.7,200.7,163,2053.81,67250,5450,22-MAR-2024,
OPTIDX,NIFTY,26-Sep-2024,26000,CE,105,105,85.05,90,90,76,991.51,17650,1550,22-MAR-2024,
OPTIDX,NIFTY,26-Sep-2024,27000,CE,0,0,0,68.7,24.25,0,0,0,0,22-MAR-2024,
OPTIDX,NIFTY,26-Sep-2024,16000,PE,0,0,0,39.75,0.05,0,0,0,0,22-MAR-2024,
OPTIDX,NIFTY,26-Sep-2024,17000,PE,0,0,0,103.7,0.15,0,0,0,0,22-MAR-2024,
OPTIDX,NIFTY,26-Sep-2024,18000,PE,0,0,0,229.25,1.65,0,0,0,0,22-MAR-2024,
OPTIDX,NIFTY,26-Sep-2024,19000,PE,0,0,0,239.55,11,0,0,2850,0,22-MAR-2024,
OPTIDX,NIFTY,26-Sep-2024,20000,PE,0,0,0,762.75,49.65,0,0,0,0,22-MAR-2024,
OPTIDX,NIFTY,26-Sep-2024,21000,PE,270.15,270.4,226.25,234.55,234.55,1360,14443.39,293050,10800,22-MAR-2024,
OPTIDX,NIFTY,26-Sep-2024,22000,PE,485.05,529.4,430,457.45,457.45,615,6908.81,157500,3550,22-MAR-2024,
OPTIDX,NIFTY,26-Sep-2024,23000,PE,892,939,815.3,846.8,846.8,172,2051.51,57750,3150,22-MAR-2024,
OPTIDX,NIFTY,26-Sep-2024,24000,PE,0,0,0,3149.25,1449.75,0,0,0,0,22-MAR-2024,
OPTIDX,NIFTY,26-Sep-2024,25000,PE,0,0,0,3952.4,2215.1,0,0,0,0,22-MAR-2024,
OPTIDX,NIFTY,26-Sep-2024,26000,PE,0,0,0,4801.5,3081.9,0,0,0,0,22-MAR-2024,
OPTIDX,NIFTY,26-Sep-2024,27000,PE,0,0,0,5681.95,4004.9,0,0,0,0,22-MAR-2024,
OPTIDX,NIFTY,26-Dec-2024,14000,CE,0,0,0,8599,8800.75,0,0,100,0,22-MAR-2024,
OPTIDX,NIFTY,26-Dec-2024,15000,CE,7600,7600,7600,7600,7851.05,1,11.3,2550,0,22-MAR-2024,
OPTIDX,NIFTY,26-Dec-2024,16000,CE,0,0,0,6651,6901.45,0,0,21950,0,22-MAR-2024,
OPTIDX,NIFTY,26-Dec-2024,17000,CE,5975,5975,5975,5975,5952.6,1,11.48,17900,0,22-MAR-2024,
OPTIDX,NIFTY,26-Dec-2024,18000,CE,5050,5110,5033.65,5108,5007.6,20,230.63,24000,250,22-MAR-2024,
OPTIDX,NIFTY,26-Dec-2024,18500,CE,0,0,0,4400,4539.2,0,0,1000,0,22-MAR-2024,
OPTIDX,NIFTY,26-Dec-2024,19000,CE,4118.7,4298.85,4118.7,4235,4235,39,452.46,75400,-200,22-MAR-2024,
OPTIDX,NIFTY,26-Dec-2024,20000,CE,3200,3460,3200,3392.1,3392.1,13,151.93,72950,100,22-MAR-2024,
OPTIDX,NIFTY,26-Dec-2024,21000,CE,2475.05,2657,2475.05,2611,2611,22,259.34,115750,100,22-MAR-2024,
OPTIDX,NIFTY,26-Dec-2024,22000,CE,1800,1965,1766.75,1916.85,1916.85,338,4034.86,248100,-350,22-MAR-2024,
OPTIDX,NIFTY,26-Dec-2024,23000,CE,1252.2,1335,1195,1293,1293,211,2560.56,172450,2350,22-MAR-2024,
OPTIDX,NIFTY,26-Dec-2024,24000,CE,764.1,853,756.6,813.7,813.7,247,3064.41,163750,-1350,22-MAR-2024,
OPTIDX,NIFTY,26-Dec-2024,25000,CE,442.55,493,442.55,471.45,471.45,341,4343.92,215750,400,22-MAR-2024,
OPTIDX,NIFTY,26-Dec-2024,26000,CE,225,265.05,225,253.1,253.1,142,1863.64,115600,2100,22-MAR-2024,
OPTIDX,NIFTY,26-Dec-2024,27000,CE,112,120.45,110,118.15,118.15,38,515.19,44900,650,22-MAR-2024,
OPTIDX,NIFTY,26-Dec-2024,14000,PE,0,0,0,20.5,0.05,0,0,3300,0,22-MAR-2024,
OPTIDX,NIFTY,26-Dec-2024,15000,PE,0,0,0,3.05,0.05,0,0,28700,0,22-MAR-2024,
OPTIDX,NIFTY,26-Dec-2024,16000,PE,0,0,0,9.45,0.1,0,0,17050,0,22-MAR-2024,
OPTIDX,NIFTY,26-Dec-2024,17000,PE,0,0,0,42,1,0,0,73600,0,22-MAR-2024,
OPTIDX,NIFTY,26-Dec-2024,18000,PE,65.55,79.95,55.55,64,64,198,1788.35,292550,2450,22-MAR-2024,
OPTIDX,NIFTY,26-Dec-2024,19000,PE,103,105.5,95,97.4,97.4,246,2349.08,404900,2600,22-MAR-2024,
OPTIDX,NIFTY,26-Dec-2024,20000,PE,181.95,187,169,171.05,171.05,476,4802.32,541350,3400,22-MAR-2024,
OPTIDX,NIFTY,26-Dec-2024,21000,PE,322.35,333,291.25,296.6,296.6,1012,10781.31,982650,-7300,22-MAR-2024,
OPTIDX,NIFTY,26-Dec-2024,22000,PE,560.45,584,513.05,520.5,520.5,878,9894.72,703400,3000,22-MAR-2024,
OPTIDX,NIFTY,26-Dec-2024,23000,PE,886.65,931,828,851,851,616,7351.45,260200,1200,22-MAR-2024,
OPTIDX,NIFTY,26-Dec-2024,24000,PE,1388,1420,1274.1,1328.1,1328.1,86,1089.81,70400,450,22-MAR-2024,
OPTIDX,NIFTY,26-Dec-2024,25000,PE,2005.9,2051.85,1870,1926.95,1926.95,46,619.92,34450,-200,22-MAR-2024,
OPTIDX,NIFTY,26-Dec-2024,26000,PE,0,0,0,2800,2789.5,0,0,4400,0,22-MAR-2024,
OPTIDX,NIFTY,26-Dec-2024,27000,PE,0,0,0,4500,3640.9,0,0,50,0,22-MAR-2024,
OPTIDX,NIFTY,26-Jun-2025,16000,CE,0,0,0,3227.55,7405.35,0,0,0,0,22-MAR-2024,
OPTIDX,NIFTY,26-Jun-2025,17000,CE,0,0,0,4165.5,6490.75,0,0,2750,0,22-MAR-2024,
OPTIDX,NIFTY,26-Jun-2025,18000,CE,0,0,0,3934,5584.25,0,0,2200,0,22-MAR-2024,
OPTIDX,NIFTY,26-Jun-2025,19000,CE,0,0,0,3077.9,4696.8,0,0,0,0,22-MAR-2024,
OPTIDX,NIFTY,26-Jun-2025,20000,CE,0,0,0,3180.85,3845.85,0,0,0,0,22-MAR-2024,
OPTIDX,NIFTY,26-Jun-2025,21000,CE,0,0,0,3199.45,3054,0,0,0,0,22-MAR-2024,
OPTIDX,NIFTY,26-Jun-2025,22000,CE,0,0,0,2088.15,2344.7,0,0,0,0,22-MAR-2024,
OPTIDX,NIFTY,26-Jun-2025,23000,CE,0,0,0,2003.65,1736.75,0,0,0,0,22-MAR-2024,
OPTIDX,NIFTY,26-Jun-2025,24000,CE,0,0,0,1100.85,1239.8,0,0,0,0,22-MAR-2024,
OPTIDX,NIFTY,26-Jun-2025,25000,CE,0,0,0,600,852.85,0,0,100,0,22-MAR-2024,
OPTIDX,NIFTY,26-Jun-2025,26000,CE,0,0,0,811.85,565.65,0,0,0,0,22-MAR-2024,
OPTIDX,NIFTY,26-Jun-2025,27000,CE,0,0,0,803.5,362.2,0,0,0,0,22-MAR-2024,
OPTIDX,NIFTY,26-Jun-2025,14000,PE,0,0,0,4.35,0.05,0,0,1150,0,22-MAR-2024,
OPTIDX,NIFTY,26-Jun-2025,15000,PE,0,0,0,16.2,0.2,0,0,1800,0,22-MAR-2024,
OPTIDX,NIFTY,26-Jun-2025,16000,PE,0,0,0,129.2,1.05,0,0,100,0,22-MAR-2024,
OPTIDX,NIFTY,26-Jun-2025,17000,PE,0,0,0,3497.35,4.75,0,0,0,0,22-MAR-2024,
OPTIDX,NIFTY,26-Jun-2025,18000,PE,0,0,0,188.1,16.55,0,0,250,0,22-MAR-2024,
OPTIDX,NIFTY,26-Jun-2025,19000,PE,0,0,0,77,47.35,0,0,600000,0,22-MAR-2024,
OPTIDX,NIFTY,26-Jun-2025,20000,PE,0,0,0,336.05,114.65,0,0,456550,0,22-MAR-2024,
OPTIDX,NIFTY,26-Jun-2025,21000,PE,0,0,0,490,241.1,0,0,250,0,22-MAR-2024,
OPTIDX,NIFTY,26-Jun-2025,22000,PE,677.35,677.35,677.35,677.35,450.1,1,11.33,350,0,22-MAR-2024,
OPTIDX,NIFTY,26-Jun-2025,23000,PE,0,0,0,1020,760.45,0,0,250,0,22-MAR-2024,
OPTIDX,NIFTY,26-Jun-2025,24000,PE,0,0,0,5875.1,1181.75,0,0,0,0,22-MAR-2024,
OPTIDX,NIFTY,26-Jun-2025,25000,PE,0,0,0,6576.35,1713.05,0,0,0,0,22-MAR-2024,
OPTIDX,NIFTY,26-Jun-2025,26000,PE,0,0,0,7299,2344.15,0,0,0,0,22-MAR-2024,
OPTIDX,NIFTY,26-Jun-2025,27000,PE,0,0,0,7438.15,3059,0,0,0,0,22-MAR-2024,
OPTIDX,NIFTY,24-Dec-2025,16000,CE,0,0,0,7200,7890.8,0,0,50,0,22-MAR-2024,
OPTIDX,NIFTY,24-Dec-2025,17000,CE,0,0,0,5080,7009.35,0,0,650,0,22-MAR-2024,
OPTIDX,NIFTY,24-Dec-2025,18000,CE,0,0,0,6099.95,6138.1,0,0,5650,0,22-MAR-2024,
OPTIDX,NIFTY,24-Dec-2025,19000,CE,0,0,0,5615,5286.65,0,0,3150,0,22-MAR-2024,
OPTIDX,NIFTY,24-Dec-2025,19500,CE,5100,5100,5100,5100,5100,1,12.3,1350,50,22-MAR-2024,
OPTIDX,NIFTY,24-Dec-2025,20000,CE,0,0,0,3800,4468.45,0,0,300,0,22-MAR-2024,
OPTIDX,NIFTY,24-Dec-2025,21000,CE,0,0,0,1400,3699.25,0,0,100,0,22-MAR-2024,
OPTIDX,NIFTY,24-Dec-2025,22000,CE,0,0,0,3480,2995.2,0,0,850,0,22-MAR-2024,
OPTIDX,NIFTY,24-Dec-2025,23000,CE,0,0,0,2980,2369.6,0,0,2450,0,22-MAR-2024,
OPTIDX,NIFTY,24-Dec-2025,24000,CE,0,0,0,2030,1830.9,0,0,200,0,22-MAR-2024,
OPTIDX,NIFTY,24-Dec-2025,25000,CE,0,0,0,1222.85,1381.75,0,0,0,0,22-MAR-2024,
OPTIDX,NIFTY,24-Dec-2025,26000,CE,0,0,0,1070.85,1018.9,0,0,0,0,22-MAR-2024,
OPTIDX,NIFTY,24-Dec-2025,27000,CE,0,0,0,1071,734.7,0,0,0,0,22-MAR-2024,
OPTIDX,NIFTY,24-Dec-2025,13000,PE,0,0,0,400,0.05,0,0,150,0,22-MAR-2024,
OPTIDX,NIFTY,24-Dec-2025,15000,PE,0,0,0,62.15,0.7,0,0,1100,0,22-MAR-2024,
OPTIDX,NIFTY,24-Dec-2025,16000,PE,0,0,0,139.95,2.85,0,0,2150,0,22-MAR-2024,
OPTIDX,NIFTY,24-Dec-2025,16500,PE,0,0,0,44.6,5.35,0,0,2600,0,22-MAR-2024,
OPTIDX,NIFTY,24-Dec-2025,17000,PE,0,0,0,31.5,9.45,0,0,2400,0,22-MAR-2024,
OPTIDX,NIFTY,24-Dec-2025,18000,PE,0,0,0,52.7,26.3,0,0,3050,0,22-MAR-2024,
OPTIDX,NIFTY,24-Dec-2025,19000,PE,0,0,0,106.7,62.9,0,0,3050,0,22-MAR-2024,
OPTIDX,NIFTY,24-Dec-2025,20000,PE,0,0,0,219.9,132.7,0,0,4500,0,22-MAR-2024,
OPTIDX,NIFTY,24-Dec-2025,21000,PE,0,0,0,570,251.6,0,0,3200,0,22-MAR-2024,
OPTIDX,NIFTY,24-Dec-2025,22000,PE,0,0,0,801,435.6,0,0,2350,0,22-MAR-2024,
OPTIDX,NIFTY,24-Dec-2025,23000,PE,0,0,0,1185.55,698,0,0,4050,0,22-MAR-2024,
OPTIDX,NIFTY,24-Dec-2025,24000,PE,0,0,0,5649,1047.4,0,0,0,0,22-MAR-2024,
OPTIDX,NIFTY,24-Dec-2025,25000,PE,0,0,0,6310.55,1486.25,0,0,0,0,22-MAR-2024,
OPTIDX,NIFTY,24-Dec-2025,26000,PE,0,0,0,6993.25,2011.5,0,0,0,0,22-MAR-2024,
OPTIDX,NIFTY,24-Dec-2025,27000,PE,0,0,0,7112.8,2615.35,0,0,0,0,22-MAR-2024,
OPTIDX,NIFTY,25-Jun-2026,12000,CE,0,0,0,8690,11794.75,0,0,50,0,22-MAR-2024,
OPTIDX,NIFTY,25-Jun-2026,16000,CE,0,0,0,4748.3,8365.7,0,0,0,0,22-MAR-2024,
OPTIDX,NIFTY,25-Jun-2026,17000,CE,0,0,0,4348.25,7516.05,0,0,0,0,22-MAR-2024,
OPTIDX,NIFTY,25-Jun-2026,18000,CE,0,0,0,4150,6677.25,0,0,200,0,22-MAR-2024,
OPTIDX,NIFTY,25-Jun-2026,19000,CE,0,0,0,5792,5857.35,0,0,100,0,22-MAR-2024,
OPTIDX,NIFTY,25-Jun-2026,20000,CE,0,0,0,3829.5,5066.65,0,0,0,0,22-MAR-2024,
OPTIDX,NIFTY,25-Jun-2026,21000,CE,0,0,0,3881.9,4317.05,0,0,0,0,22-MAR-2024,
OPTIDX,NIFTY,25-Jun-2026,22000,CE,0,0,0,2722.55,3620.35,0,0,0,0,22-MAR-2024,
OPTIDX,NIFTY,25-Jun-2026,23000,CE,0,0,0,2645.65,2986.75,0,0,0,0,22-MAR-2024,
OPTIDX,NIFTY,25-Jun-2026,24000,CE,0,0,0,1698.3,2423.5,0,0,0,0,22-MAR-2024,
OPTIDX,NIFTY,25-Jun-2026,25000,CE,0,0,0,1510.4,1934.3,0,0,0,0,22-MAR-2024,
OPTIDX,NIFTY,25-Jun-2026,26000,CE,0,0,0,1343.15,1519.1,0,0,0,0,22-MAR-2024,
OPTIDX,NIFTY,25-Jun-2026,27000,CE,0,0,0,1352.8,1174.45,0,0,0,0,22-MAR-2024,
OPTIDX,NIFTY,25-Jun-2026,12000,PE,0,0,0,10.05,0.05,0,0,500,0,22-MAR-2024,
OPTIDX,NIFTY,25-Jun-2026,13000,PE,0,0,0,45.25,0.05,0,0,200,0,22-MAR-2024,
OPTIDX,NIFTY,25-Jun-2026,14000,PE,0,0,0,300,0.35,0,0,100,0,22-MAR-2024,
OPTIDX,NIFTY,25-Jun-2026,15000,PE,0,0,0,105.5,1.5,0,0,850,0,22-MAR-2024,
OPTIDX,NIFTY,25-Jun-2026,16000,PE,0,0,0,54.8,4.95,0,0,500,0,22-MAR-2024,
OPTIDX,NIFTY,25-Jun-2026,17000,PE,0,0,0,2627.25,13.85,0,0,0,0,22-MAR-2024,
OPTIDX,NIFTY,25-Jun-2026,18000,PE,0,0,0,3088.05,33.55,0,0,0,0,22-MAR-2024,
OPTIDX,NIFTY,25-Jun-2026,19000,PE,0,0,0,140.45,72.1,0,0,100,0,22-MAR-2024,
OPTIDX,NIFTY,25-Jun-2026,20000,PE,0,0,0,3159.75,139.9,0,0,0,0,22-MAR-2024,
OPTIDX,NIFTY,25-Jun-2026,21000,PE,0,0,0,3065.6,248.8,0,0,0,0,22-MAR-2024,
OPTIDX,NIFTY,25-Jun-2026,22000,PE,0,0,0,3829.5,410.6,0,0,0,0,22-MAR-2024,
OPTIDX,NIFTY,25-Jun-2026,23000,PE,0,0,0,859.2,635.5,0,0,150,0,22-MAR-2024,
OPTIDX,NIFTY,25-Jun-2026,24000,PE,0,0,0,5437.7,930.75,0,0,0,0,22-MAR-2024,
OPTIDX,NIFTY,25-Jun-2026,25000,PE,0,0,0,6063.1,1300.05,0,0,0,0,22-MAR-2024,
OPTIDX,NIFTY,25-Jun-2026,26000,PE,0,0,0,6709.2,1743.35,0,0,0,0,22-MAR-2024,
OPTIDX,NIFTY,25-Jun-2026,27000,PE,0,0,0,6810.7,2257.2,0,0,0,0,22-MAR-2024,
OPTIDX,NIFTY,31-Dec-2026,16000,CE,0,0,0,6200,8839.5,0,0,50,0,22-MAR-2024,
OPTIDX,NIFTY,31-Dec-2026,17000,CE,0,0,0,4955.1,8020.9,0,0,0,0,22-MAR-2024,
OPTIDX,NIFTY,31-Dec-2026,18000,CE,0,0,0,4501.45,7212.9,0,0,0,0,22-MAR-2024,
OPTIDX,NIFTY,31-Dec-2026,19000,CE,0,0,0,6000,6422.2,0,0,200,0,22-MAR-2024,
OPTIDX,NIFTY,31-Dec-2026,20000,CE,0,0,0,3704.3,5656.95,0,0,0,0,22-MAR-2024,
OPTIDX,NIFTY,31-Dec-2026,21000,CE,0,0,0,3356.25,4926.25,0,0,0,0,22-MAR-2024,
OPTIDX,NIFTY,31-Dec-2026,22000,CE,0,0,0,3039,4239.2,0,0,0,0,22-MAR-2024,
OPTIDX,NIFTY,31-Dec-2026,23000,CE,0,0,0,2020,3603.85,0,0,500,0,22-MAR-2024,
OPTIDX,NIFTY,31-Dec-2026,24000,CE,0,0,0,2010.65,3026.4,0,0,0,0,22-MAR-2024,
OPTIDX,NIFTY,31-Dec-2026,25000,CE,0,0,0,1811.2,2510.75,0,0,0,0,22-MAR-2024,
OPTIDX,NIFTY,31-Dec-2026,26000,CE,0,0,0,1631.05,2058.3,0,0,0,0,22-MAR-2024,
OPTIDX,NIFTY,31-Dec-2026,27000,CE,0,0,0,1651.65,1668,0,0,0,0,22-MAR-2024,
OPTIDX,NIFTY,31-Dec-2026,12000,PE,0,0,0,250.1,0.05,0,0,600,0,22-MAR-2024,
OPTIDX,NIFTY,31-Dec-2026,13000,PE,0,0,0,450,0.15,0,0,200,0,22-MAR-2024,
OPTIDX,NIFTY,31-Dec-2026,14000,PE,0,0,0,500,0.7,0,0,950,0,22-MAR-2024,
OPTIDX,NIFTY,31-Dec-2026,15000,PE,0,0,0,23,2.4,0,0,2200,0,22-MAR-2024,
OPTIDX,NIFTY,31-Dec-2026,16000,PE,0,0,0,27.95,6.95,0,0,2450,0,22-MAR-2024,
OPTIDX,NIFTY,31-Dec-2026,17000,PE,0,0,0,36.3,17.35,0,0,3150,0,22-MAR-2024,
OPTIDX,NIFTY,31-Dec-2026,18000,PE,0,0,0,196.35,38.35,0,0,6050,0,22-MAR-2024,
OPTIDX,NIFTY,31-Dec-2026,19000,PE,0,0,0,139.95,76.65,0,0,3250,0,22-MAR-2024,
OPTIDX,NIFTY,31-Dec-2026,20000,PE,0,0,0,233.55,140.45,0,0,3850,0,22-MAR-2024,
OPTIDX,NIFTY,31-Dec-2026,21000,PE,0,0,0,649,238.75,0,0,850,0,22-MAR-2024,
OPTIDX,NIFTY,31-Dec-2026,22000,PE,0,0,0,609.65,380.75,0,0,100,0,22-MAR-2024,
OPTIDX,NIFTY,31-Dec-2026,23000,PE,0,0,0,957.4,574.35,0,0,6200,0,22-MAR-2024,
OPTIDX,NIFTY,31-Dec-2026,24000,PE,0,0,0,5233.45,825.95,0,0,0,0,22-MAR-2024,
OPTIDX,NIFTY,31-Dec-2026,25000,PE,0,0,0,5825.75,1139.3,0,0,0,0,22-MAR-2024,
OPTIDX,NIFTY,31-Dec-2026,26000,PE,0,0,0,6437.4,1515.85,0,0,0,0,22-MAR-2024,
OPTIDX,NIFTY,31-Dec-2026,27000,PE,0,0,0,6522.3,1954.55,0,0,0,0,22-MAR-2024,
OPTIDX,NIFTY,24-Jun-2027,16000,CE,0,0,0,4898.4,9263.45,0,0,0,0,22-MAR-2024,
OPTIDX,NIFTY,24-Jun-2027,17000,CE,0,0,0,4464.7,8472,0,0,0,0,22-MAR-2024,
OPTIDX,NIFTY,24-Jun-2027,18000,CE,0,0,0,4066.45,7690.65,0,0,0,0,22-MAR-2024,
OPTIDX,NIFTY,24-Jun-2027,19000,CE,0,0,0,3701.25,6925,0,0,100,0,22-MAR-2024,
OPTIDX,NIFTY,24-Jun-2027,20000,CE,0,0,0,3367.05,6181.7,0,0,0,0,22-MAR-2024,
OPTIDX,NIFTY,24-Jun-2027,21000,CE,0,0,0,3061.8,5468.1,0,0,0,0,22-MAR-2024,
OPTIDX,NIFTY,24-Jun-2027,22000,CE,0,0,0,2783.5,4791.5,0,0,0,0,22-MAR-2024,
OPTIDX,NIFTY,24-Jun-2027,23000,CE,0,0,0,2530.05,4158.55,0,0,0,0,22-MAR-2024,
OPTIDX,NIFTY,24-Jun-2027,24000,CE,0,0,0,2299.55,3574.65,0,0,0,0,22-MAR-2024,
OPTIDX,NIFTY,24-Jun-2027,25000,CE,0,0,0,2090.05,3043.6,0,0,0,0,22-MAR-2024,
OPTIDX,NIFTY,24-Jun-2027,26000,CE,0,0,0,1900.85,2567.35,0,0,0,0,22-MAR-2024,
OPTIDX,NIFTY,24-Jun-2027,27000,CE,0,0,0,1932.5,2146.05,0,0,0,0,22-MAR-2024,
OPTIDX,NIFTY,24-Jun-2027,16000,PE,0,0,0,1476.1,8.5,0,0,0,0,22-MAR-2024,
OPTIDX,NIFTY,24-Jun-2027,17000,PE,0,0,0,1814.75,19.65,0,0,0,0,22-MAR-2024,
OPTIDX,NIFTY,24-Jun-2027,18000,PE,0,0,0,2188.9,40.95,0,0,0,0,22-MAR-2024,
OPTIDX,NIFTY,24-Jun-2027,19000,PE,0,0,0,170,77.9,0,0,250,0,22-MAR-2024,
OPTIDX,NIFTY,24-Jun-2027,20000,PE,0,0,0,3034.2,137.2,0,0,0,0,22-MAR-2024,
OPTIDX,NIFTY,24-Jun-2027,21000,PE,0,0,0,353.5,226.2,0,0,50,0,22-MAR-2024,
OPTIDX,NIFTY,24-Jun-2027,22000,PE,0,0,0,3995.4,352.2,0,0,0,0,22-MAR-2024,
OPTIDX,NIFTY,24-Jun-2027,23000,PE,0,0,0,4514.3,521.85,0,0,0,0,22-MAR-2024,
OPTIDX,NIFTY,24-Jun-2027,24000,PE,0,0,0,5056.2,740.6,0,0,0,0,22-MAR-2024,
OPTIDX,NIFTY,24-Jun-2027,25000,PE,0,0,0,5619.05,1012.15,0,0,0,0,22-MAR-2024,
OPTIDX,NIFTY,24-Jun-2027,26000,PE,0,0,0,6202.2,1338.5,0,0,0,0,22-MAR-2024,
OPTIDX,NIFTY,24-Jun-2027,27000,PE,0,0,0,6273.45,1719.85,0,0,0,0,22-MAR-2024,
OPTIDX,NIFTY,30-Dec-2027,16000,CE,0,0,0,7354.45,9705.85,0,0,0,0,22-MAR-2024,
OPTIDX,NIFTY,30-Dec-2027,17000,CE,0,0,0,6805.5,8942.3,0,0,0,0,22-MAR-2024,
OPTIDX,NIFTY,30-Dec-2027,18000,CE,0,0,0,6285.7,8188.1,0,0,0,0,22-MAR-2024,
OPTIDX,NIFTY,30-Dec-2027,19000,CE,0,0,0,5794.9,7447.9,0,0,0,0,22-MAR-2024,
OPTIDX,NIFTY,30-Dec-2027,20000,CE,0,0,0,5333.85,6727.2,0,0,0,0,22-MAR-2024,
OPTIDX,NIFTY,30-Dec-2027,21000,CE,0,0,0,4902.4,6031.85,0,0,0,0,22-MAR-2024,
OPTIDX,NIFTY,30-Dec-2027,22000,CE,0,0,0,4499.55,5367.8,0,0,0,0,22-MAR-2024,
OPTIDX,NIFTY,30-Dec-2027,23000,CE,0,0,0,4125.7,4740.6,0,0,0,0,22-MAR-2024,
OPTIDX,NIFTY,30-Dec-2027,24000,CE,0,0,0,3778.95,4154.85,0,0,0,0,22-MAR-2024,
OPTIDX,NIFTY,30-Dec-2027,25000,CE,0,0,0,3458.35,3614.1,0,0,0,0,22-MAR-2024,
OPTIDX,NIFTY,30-Dec-2027,26000,CE,0,0,0,3162.4,3120.55,0,0,0,0,22-MAR-2024,
OPTIDX,NIFTY,30-Dec-2027,27000,CE,0,0,0,2889.8,2675.1,0,0,0,0,22-MAR-2024,
OPTIDX,NIFTY,30-Dec-2027,15000,PE,0,0,0,27.8,4.05,0,0,350,0,22-MAR-2024,
OPTIDX,NIFTY,30-Dec-2027,16000,PE,0,0,0,479.35,9.8,0,0,0,0,22-MAR-2024,
OPTIDX,NIFTY,30-Dec-2027,17000,PE,0,0,0,514,21.3,0,0,14250,0,22-MAR-2024,
OPTIDX,NIFTY,30-Dec-2027,18000,PE,0,0,0,74.8,42.15,0,0,10500,0,22-MAR-2024,
OPTIDX,NIFTY,30-Dec-2027,19000,PE,0,0,0,760,77,0,0,700,0,22-MAR-2024,
OPTIDX,NIFTY,30-Dec-2027,20000,PE,450,450,450,450,450,1,10.22,2500,50,22-MAR-2024,
OPTIDX,NIFTY,30-Dec-2027,21000,PE,0,0,0,1563.55,211,0,0,0,0,22-MAR-2024,
OPTIDX,NIFTY,30-Dec-2027,22000,PE,0,0,0,1867.9,322,0,0,0,0,22-MAR-2024,
OPTIDX,NIFTY,30-Dec-2027,23000,PE,0,0,0,2201.3,469.85,0,0,0,0,22-MAR-2024,
OPTIDX,NIFTY,30-Dec-2027,24000,PE,0,0,0,2561.85,659.15,0,0,0,0,22-MAR-2024,
OPTIDX,NIFTY,30-Dec-2027,25000,PE,0,0,0,2948.45,893.45,0,0,0,0,22-MAR-2024,
OPTIDX,NIFTY,30-Dec-2027,26000,PE,0,0,0,3359.75,1174.9,0,0,0,0,22-MAR-2024,
OPTIDX,NIFTY,30-Dec-2027,27000,PE,0,0,0,3794.4,1504.5,0,0,0,0,22-MAR-2024,
OPTIDX,NIFTY,29-Jun-2028,16000,CE,0,0,0,8002.3,10117.1,0,0,0,0,22-MAR-2024,
OPTIDX,NIFTY,29-Jun-2028,17000,CE,0,0,0,7393.45,9379.2,0,0,0,0,22-MAR-2024,
OPTIDX,NIFTY,29-Jun-2028,18000,CE,0,0,0,6809.35,8649.85,0,0,0,0,22-MAR-2024,
OPTIDX,NIFTY,29-Jun-2028,19000,CE,0,0,0,6252.25,7933,0,0,0,0,22-MAR-2024,
OPTIDX,NIFTY,29-Jun-2028,20000,CE,0,0,0,5724.65,7233.25,0,0,0,0,22-MAR-2024,
OPTIDX,NIFTY,29-Jun-2028,21000,CE,0,0,0,5226.55,6555.4,0,0,0,0,22-MAR-2024,
OPTIDX,NIFTY,29-Jun-2028,22000,CE,0,0,0,4759.5,5904.45,0,0,0,0,22-MAR-2024,
OPTIDX,NIFTY,29-Jun-2028,23000,CE,0,0,0,4323.1,5285,0,0,0,0,22-MAR-2024,
OPTIDX,NIFTY,29-Jun-2028,24000,CE,0,0,0,3918.85,4701.15,0,0,0,0,22-MAR-2024,
OPTIDX,NIFTY,29-Jun-2028,25000,CE,0,0,0,3545.15,4156.05,0,0,0,0,22-MAR-2024,
OPTIDX,NIFTY,29-Jun-2028,26000,CE,0,0,0,3200.9,3652.05,0,0,0,0,22-MAR-2024,
OPTIDX,NIFTY,29-Jun-2028,27000,CE,0,0,0,2885.15,3190.35,0,0,0,0,22-MAR-2024,
OPTIDX,NIFTY,29-Jun-2028,16000,PE,0,0,0,194.2,10.65,0,0,0,0,22-MAR-2024,
OPTIDX,NIFTY,29-Jun-2028,17000,PE,0,0,0,283.1,22.1,0,0,0,0,22-MAR-2024,
OPTIDX,NIFTY,29-Jun-2028,18000,PE,0,0,0,396.75,42.15,0,0,0,0,22-MAR-2024,
OPTIDX,NIFTY,29-Jun-2028,19000,PE,0,0,0,537.45,74.7,0,0,0,0,22-MAR-2024,
OPTIDX,NIFTY,29-Jun-2028,20000,PE,0,0,0,707.55,124.3,0,0,0,0,22-MAR-2024,
OPTIDX,NIFTY,29-Jun-2028,21000,PE,0,0,0,907.2,195.85,0,0,0,0,22-MAR-2024,
OPTIDX,NIFTY,29-Jun-2028,22000,PE,0,0,0,1137.9,294.3,0,0,0,0,22-MAR-2024,
OPTIDX,NIFTY,29-Jun-2028,23000,PE,0,0,0,1399.25,424.25,0,0,0,0,22-MAR-2024,
OPTIDX,NIFTY,29-Jun-2028,24000,PE,0,0,0,1692.75,589.8,0,0,0,0,22-MAR-2024,
OPTIDX,NIFTY,29-Jun-2028,25000,PE,0,0,0,2016.8,794.1,0,0,0,0,22-MAR-2024,
OPTIDX,NIFTY,29-Jun-2028,26000,PE,0,0,0,2370.3,1039.5,0,0,0,0,22-MAR-2024,
OPTIDX,NIFTY,29-Jun-2028,27000,PE,0,0,0,2752.35,1327.2,0,0,0,0,22-MAR-2024,
OPTIDX,NIFTY,28-Dec-2028,16000,CE,0,0,0,10704.45,10514.5,0,0,0,0,22-MAR-2024,
OPTIDX,NIFTY,28-Dec-2028,17000,CE,0,0,0,10036.4,9801.1,0,0,0,0,22-MAR-2024,
OPTIDX,NIFTY,28-Dec-2028,18000,CE,0,0,0,9380.3,9095.55,0,0,0,0,22-MAR-2024,
OPTIDX,NIFTY,28-Dec-2028,19000,CE,0,0,0,8739,8401.1,0,0,0,0,22-MAR-2024,
OPTIDX,NIFTY,28-Dec-2028,20000,CE,0,0,0,8115.5,7721.65,0,0,0,0,22-MAR-2024,
OPTIDX,NIFTY,28-Dec-2028,21000,CE,0,0,0,7512.5,7061.25,0,0,0,0,22-MAR-2024,
OPTIDX,NIFTY,28-Dec-2028,22000,CE,0,0,0,6932.45,6424.1,0,0,0,0,22-MAR-2024,
OPTIDX,NIFTY,28-Dec-2028,23000,CE,0,0,0,6377.6,5814.1,0,0,0,0,22-MAR-2024,
OPTIDX,NIFTY,28-Dec-2028,24000,CE,0,0,0,5850.3,5234.8,0,0,0,0,22-MAR-2024,
OPTIDX,NIFTY,28-Dec-2028,25000,CE,0,0,0,5350.4,4689.15,0,0,0,0,22-MAR-2024,
OPTIDX,NIFTY,28-Dec-2028,26000,CE,0,0,0,4879.7,4179.3,0,0,0,0,22-MAR-2024,
OPTIDX,NIFTY,28-Dec-2028,27000,CE,0,0,0,4437.95,3706.8,0,0,0,0,22-MAR-2024,
OPTIDX,NIFTY,28-Dec-2028,16000,PE,0,0,0,39.6,11.2,0,0,0,0,22-MAR-2024,
OPTIDX,NIFTY,28-Dec-2028,17000,PE,0,0,0,66.15,22.4,0,0,0,0,22-MAR-2024,
OPTIDX,NIFTY,28-Dec-2028,18000,PE,0,0,0,104.65,41.4,0,0,0,0,22-MAR-2024,
OPTIDX,NIFTY,28-Dec-2028,19000,PE,0,0,0,158,71.55,0,0,0,0,22-MAR-2024,
OPTIDX,NIFTY,28-Dec-2028,20000,PE,0,0,0,229.1,116.65,0,0,0,0,22-MAR-2024,
OPTIDX,NIFTY,28-Dec-2028,21000,PE,0,0,0,320.7,180.85,0,0,0,0,22-MAR-2024,
OPTIDX,NIFTY,28-Dec-2028,22000,PE,0,0,0,435.3,268.3,0,0,0,0,22-MAR-2024,
OPTIDX,NIFTY,28-Dec-2028,23000,PE,0,0,0,575.05,382.9,0,0,0,0,22-MAR-2024,
OPTIDX,NIFTY,28-Dec-2028,24000,PE,0,0,0,742.35,528.2,0,0,0,0,22-MAR-2024,
OPTIDX,NIFTY,28-Dec-2028,25000,PE,0,0,0,937.05,707.1,0,0,0,0,22-MAR-2024,
OPTIDX,NIFTY,28-Dec-2028,26000,PE,0,0,0,1160.95,921.9,0,0,0,0,22-MAR-2024,
OPTIDX,NIFTY,28-Dec-2028,27000,PE,0,0,0,1413.85,1173.95,0,0,0,0,22-MAR-2024,
