INSTRUMENT,SYMBOL,EXPIRY_DT,STRIKE_PR,OPTION_TYP,OPEN,HIGH,LOW,CLOSE,SETTLE_PR,CONTRACTS,VAL_INLAKH,OPEN_INT,CHG_IN_OI,TIMESTAMP,
FUTIDX,NIFTY,25-Jan-2024,0,XX,21760.2,21783,21153.2,21194.25,21194.25,252641,2710686.56,7888100,-3449500,23-JAN-2024,
FUTIDX,NIFTY,29-Feb-2024,0,XX,21806.65,21916,21307,21352.3,21352.3,133648,1444007.62,6221650,2556500,23-JAN-2024,
FUTIDX,NIFTY,28-Mar-2024,0,XX,22022,22059.95,21458.05,21498.65,21498.65,9395,101927.8,550500,60050,23-JAN-2024,
OPTIDX,NIFTY,25-Jan-2024,17350,CE,0,0,0,4400,3895.2,0,0,200,0,23-JAN-2024,
OPTIDX,NIFTY,25-Jan-2024,17400,CE,0,0,0,4254.4,3845.25,0,0,15000,0,23-JAN-2024,
OPTIDX,NIFTY,25-Jan-2024,17450,CE,0,0,0,1783.7,3795.25,0,0,0,0,23-JAN-2024,
OPTIDX,NIFTY,25-Jan-2024,17500,CE,4200,4215,3689.95,3710.05,3710.05,333,3589.52,78550,-10700,23-JAN-2024,
OPTIDX,NIFTY,25-Jan-2024,17550,CE,0,0,0,4050,3695.3,0,0,250,0,23-JAN-2024,
OPTIDX,NIFTY,25-Jan-2024,17600,CE,0,0,0,4093.15,3645.3,0,0,150,0,23-JAN-2024,
OPTIDX,NIFTY,25-Jan-2024,17650,CE,0,0,0,1611.6,3595.35,0,0,0,0,23-JAN-2024,
OPTIDX,NIFTY,25-Jan-2024,17700,CE,0,0,0,1569.6,3545.35,0,0,0,0,23-JAN-2024,
OPTIDX,NIFTY,25-Jan-2024,17750,CE,3443.4,3443.4,3443.4,3443.4,3495.35,1,10.59,2300,-50,23-JAN-2024,
OPTIDX,NIFTY,25-Jan-2024,17800,CE,3769.05,3769.05,3500,3550,3445.4,13,138.72,9000,-650,23-JAN-2024,
OPTIDX,NIFTY,25-Jan-2024,17850,CE,3380,3380,3380,3380,3395.4,1,10.61,100,-50,23-JAN-2024,
OPTIDX,NIFTY,25-Jan-2024,17900,CE,3640.7,3640.7,3340,3350,3350,61,652.5,3900,-3050,23-JAN-2024,
OPTIDX,NIFTY,25-Jan-2024,17950,CE,0,0,0,1366.1,3295.45,0,0,0,0,23-JAN-2024,
OPTIDX,NIFTY,25-Jan-2024,18000,CE,3770,3781.2,3158.5,3199.65,3199.65,1393,14967.97,267000,-55900,23-JAN-2024,
OPTIDX,NIFTY,25-Jan-2024,18050,CE,0,0,0,3671,3195.45,0,0,50,0,23-JAN-2024,
OPTIDX,NIFTY,25-Jan-2024,18100,CE,3480,3480,3050.15,3090.45,3090.45,133,1423.96,4400,-5300,23-JAN-2024,
OPTIDX,NIFTY,25-Jan-2024,18150,CE,0,0,0,3700,3095.5,0,0,100,0,23-JAN-2024,
OPTIDX,NIFTY,25-Jan-2024,18200,CE,3445,3445,2976.5,2981.2,2981.2,59,628.93,10850,-2700,23-JAN-2024,
OPTIDX,NIFTY,25-Jan-2024,18250,CE,0,0,0,1139.2,2995.55,0,0,0,0,23-JAN-2024,
OPTIDX,NIFTY,25-Jan-2024,18300,CE,3230,3230,2860,2876.9,2876.9,61,649.92,4900,-2650,23-JAN-2024,
OPTIDX,NIFTY,25-Jan-2024,18350,CE,0,0,0,3575,2895.6,0,0,100,0,23-JAN-2024,
OPTIDX,NIFTY,25-Jan-2024,18400,CE,3040.1,3040.1,2850,2850,2845.6,56,596.74,6000,-2350,23-JAN-2024,
OPTIDX,NIFTY,25-Jan-2024,18450,CE,0,0,0,3410,2795.6,0,0,150,0,23-JAN-2024,
OPTIDX,NIFTY,25-Jan-2024,18500,CE,3276.95,3279.45,2653.75,2672.55,2672.55,295,3147.55,140850,-12850,23-JAN-2024,
OPTIDX,NIFTY,25-Jan-2024,18550,CE,0,0,0,931.75,2695.65,0,0,0,0,23-JAN-2024,
OPTIDX,NIFTY,25-Jan-2024,18600,CE,2800.8,2803.95,2608.15,2608.15,2608.15,35,373.16,3050,-1750,23-JAN-2024,
OPTIDX,NIFTY,25-Jan-2024,18650,CE,0,0,0,867.95,2595.7,0,0,0,0,23-JAN-2024,
OPTIDX,NIFTY,25-Jan-2024,18700,CE,2690,2727.85,2600,2600,2545.7,16,170.85,2400,-550,23-JAN-2024,
OPTIDX,NIFTY,25-Jan-2024,18750,CE,0,0,0,2861,2495.75,0,0,550,0,23-JAN-2024,
OPTIDX,NIFTY,25-Jan-2024,18800,CE,2964,2964,2370,2388.05,2388.05,34,363.08,2650,-1350,23-JAN-2024,
OPTIDX,NIFTY,25-Jan-2024,18850,CE,0,0,0,3050,2395.75,0,0,200,0,23-JAN-2024,
OPTIDX,NIFTY,25-Jan-2024,18900,CE,2740,2740,2418,2418,2345.8,21,225.73,1650,-650,23-JAN-2024,
OPTIDX,NIFTY,25-Jan-2024,18950,CE,0,0,0,692.45,2295.8,0,0,0,0,23-JAN-2024,
OPTIDX,NIFTY,25-Jan-2024,19000,CE,2764,2772.2,2160,2202,2202,1260,13519.39,331400,-29800,23-JAN-2024,
OPTIDX,NIFTY,25-Jan-2024,19050,CE,0,0,0,2840.65,2195.85,0,0,50,0,23-JAN-2024,
OPTIDX,NIFTY,25-Jan-2024,19100,CE,2600,2600,2075,2095.6,2095.6,72,771.2,4500,-2700,23-JAN-2024,
OPTIDX,NIFTY,25-Jan-2024,19150,CE,0,0,0,2794.75,2095.9,0,0,50,0,23-JAN-2024,
OPTIDX,NIFTY,25-Jan-2024,19200,CE,2565,2565,1962.8,1986.35,1986.35,89,950.07,5950,-3650,23-JAN-2024,
OPTIDX,NIFTY,25-Jan-2024,19250,CE,2440,2440,2440,2440,1995.9,1,10.84,600,50,23-JAN-2024,
OPTIDX,NIFTY,25-Jan-2024,19300,CE,2301.3,2301.3,1890,1902.25,1902.25,76,808.12,8550,-2750,23-JAN-2024,
OPTIDX,NIFTY,25-Jan-2024,19350,CE,0,0,0,2312.95,1895.95,0,0,950,0,23-JAN-2024,
OPTIDX,NIFTY,25-Jan-2024,19400,CE,2302.5,2302.5,1839.5,1845.1,1845.95,42,450.27,10550,-600,23-JAN-2024,
OPTIDX,NIFTY,25-Jan-2024,19450,CE,2088.85,2088.85,1745.2,1745.2,1796,3,32.11,1050,150,23-JAN-2024,
OPTIDX,NIFTY,25-Jan-2024,19500,CE,2268,2280.85,1655.75,1691.2,1691.2,1093,11671,198550,-2900,23-JAN-2024,
OPTIDX,NIFTY,25-Jan-2024,19550,CE,2233.8,2234.1,1645.1,1651.8,1651.8,22,235.86,3350,-300,23-JAN-2024,
OPTIDX,NIFTY,25-Jan-2024,19600,CE,2120.1,2120.1,1563.45,1592.95,1592.95,120,1280.76,17800,-3200,23-JAN-2024,
OPTIDX,NIFTY,25-Jan-2024,19650,CE,1921.5,1921.5,1701,1701,1596.05,4,42.83,250,0,23-JAN-2024,
OPTIDX,NIFTY,25-Jan-2024,19700,CE,1951.3,1951.3,1494,1499.15,1499.15,142,1514.49,29400,-400,23-JAN-2024,
OPTIDX,NIFTY,25-Jan-2024,19750,CE,1982.8,1982.8,1500,1500,1496.1,7,74.91,1250,-200,23-JAN-2024,
OPTIDX,NIFTY,25-Jan-2024,19800,CE,1958,1978.6,1364.45,1393.15,1393.15,238,2536.65,47850,-100,23-JAN-2024,
OPTIDX,NIFTY,25-Jan-2024,19850,CE,1931.8,1931.8,1349.9,1355.1,1396.15,23,245.71,1950,-250,23-JAN-2024,
OPTIDX,NIFTY,25-Jan-2024,19900,CE,1868,1874.2,1256.95,1285.5,1285.5,181,1939.75,26750,-300,23-JAN-2024,
OPTIDX,NIFTY,25-Jan-2024,19950,CE,0,0,0,1730,1296.2,0,0,2700,0,23-JAN-2024,
OPTIDX,NIFTY,25-Jan-2024,20000,CE,1719.75,1785.7,1156.95,1193.8,1193.8,3017,32352.41,474150,-31700,23-JAN-2024,
OPTIDX,NIFTY,25-Jan-2024,20050,CE,1400,1402.6,1113.6,1116.95,1116.95,29,309.3,6400,-1150,23-JAN-2024,
OPTIDX,NIFTY,25-Jan-2024,20100,CE,1676,1677.2,1065.7,1099.2,1099.2,127,1358.81,40050,-4000,23-JAN-2024,
OPTIDX,NIFTY,25-Jan-2024,20150,CE,1628.95,1629,1005.35,1018.2,1018.2,89,945.52,3450,950,23-JAN-2024,
OPTIDX,NIFTY,25-Jan-2024,20200,CE,1575.55,1575.6,961.5,1000.8,1000.8,431,4644.43,47200,-8950,23-JAN-2024,
OPTIDX,NIFTY,25-Jan-2024,20250,CE,1382.45,1391.25,904.6,954.85,954.85,622,6601.5,7800,-9700,23-JAN-2024,
OPTIDX,NIFTY,25-Jan-2024,20300,CE,1478.9,1478.9,865,900.8,900.8,433,4641.99,35500,-10100,23-JAN-2024,
OPTIDX,NIFTY,25-Jan-2024,20350,CE,1382.85,1382.85,847.4,852.25,852.25,87,931.77,5800,-1600,23-JAN-2024,
OPTIDX,NIFTY,25-Jan-2024,20400,CE,1357.1,1357.1,792.7,810.05,810.05,367,3928.27,46900,-11650,23-JAN-2024,
OPTIDX,NIFTY,25-Jan-2024,20450,CE,1070,1070,780,790,796.35,9,95.91,3150,-50,23-JAN-2024,
OPTIDX,NIFTY,25-Jan-2024,20500,CE,1250,1282.15,657.35,706.05,706.05,3085,33017.84,381850,-35850,23-JAN-2024,
OPTIDX,NIFTY,25-Jan-2024,20550,CE,1226.15,1226.15,607.2,640.55,640.55,75,805.26,8550,400,23-JAN-2024,
OPTIDX,NIFTY,25-Jan-2024,20600,CE,1175,1175,575.7,610.9,610.9,453,4836.02,52600,-4100,23-JAN-2024,
OPTIDX,NIFTY,25-Jan-2024,20650,CE,1030.95,1030.95,510.55,551.45,551.45,54,576.53,5850,-600,23-JAN-2024,
OPTIDX,NIFTY,25-Jan-2024,20700,CE,1065,1078,463,501.4,501.4,932,9969.3,50200,-9800,23-JAN-2024,
OPTIDX,NIFTY,25-Jan-2024,20750,CE,667.55,667.55,426.6,451.1,451.1,154,1637.72,7050,-1950,23-JAN-2024,
OPTIDX,NIFTY,25-Jan-2024,20800,CE,981,982.95,368.9,406.45,406.45,3386,36035.77,169250,3350,23-JAN-2024,
OPTIDX,NIFTY,25-Jan-2024,20850,CE,911.7,931.95,327.5,367.4,367.4,472,5043.29,15750,1700,23-JAN-2024,
OPTIDX,NIFTY,25-Jan-2024,20900,CE,884,884,283.8,311.35,311.35,5355,56962.61,155600,87800,23-JAN-2024,
OPTIDX,NIFTY,25-Jan-2024,20950,CE,795.85,820,246,279.2,279.2,1543,16414.95,26000,1550,23-JAN-2024,
OPTIDX,NIFTY,25-Jan-2024,21000,CE,700,788.15,208.85,240.95,240.95,75940,809180.1,1073400,329400,23-JAN-2024,
OPTIDX,NIFTY,25-Jan-2024,21050,CE,660,735.85,174.4,205.5,205.5,9709,103266.62,73100,35700,23-JAN-2024,
OPTIDX,NIFTY,25-Jan-2024,21100,CE,615,686,143.15,168.75,168.75,86538,921482.3,465150,305500,23-JAN-2024,
OPTIDX,NIFTY,25-Jan-2024,21150,CE,635.1,635.15,115.95,138.95,138.95,100667,1072375.21,567200,520650,23-JAN-2024,
OPTIDX,NIFTY,25-Jan-2024,21200,CE,548.9,591.05,92.05,113.15,113.15,613401,6544707.5,4198650,3874850,23-JAN-2024,
OPTIDX,NIFTY,25-Jan-2024,21250,CE,515.35,542.95,73.15,92.25,92.25,485926,5189824.95,2219650,2169750,23-JAN-2024,
OPTIDX,NIFTY,25-Jan-2024,21300,CE,432,494.1,57.3,72.65,72.65,1156385,12379207.61,5165600,4654800,23-JAN-2024,
OPTIDX,NIFTY,25-Jan-2024,21350,CE,420,446.2,44.5,56.55,56.55,735591,7888491.55,2094200,1995700,23-JAN-2024,
OPTIDX,NIFTY,25-Jan-2024,21400,CE,375,399,34.45,44.7,44.7,1749892,18807933.81,5522700,4338200,23-JAN-2024,
OPTIDX,NIFTY,25-Jan-2024,21450,CE,325,352.35,26.7,34.55,34.55,921440,9920446.29,1945250,1601700,23-JAN-2024,
OPTIDX,NIFTY,25-Jan-2024,21500,CE,250,306.9,21.2,27.4,27.4,2266976,24466120.37,8233450,3600500,23-JAN-2024,
OPTIDX,NIFTY,25-Jan-2024,21550,CE,194.9,264.3,17.15,21.85,21.85,1202546,13002793.35,3134000,2157750,23-JAN-2024,
OPTIDX,NIFTY,25-Jan-2024,21600,CE,180.1,224,14.3,18.05,18.05,2520203,27315624.29,6713200,1217900,23-JAN-2024,
OPTIDX,NIFTY,25-Jan-2024,21650,CE,150.1,186.15,12.1,15.05,15.05,1564194,16985231.96,3393700,-146400,23-JAN-2024,
OPTIDX,NIFTY,25-Jan-2024,21700,CE,125,151.65,10.4,12.7,12.7,3164505,34433228.46,9580450,1773650,23-JAN-2024,
OPTIDX,NIFTY,25-Jan-2024,21750,CE,98.3,121.1,9.1,10.8,10.8,1879323,20483060.55,4407100,993300,23-JAN-2024,
OPTIDX,NIFTY,25-Jan-2024,21800,CE,94,101.6,7.7,9.3,9.3,2844767,31058224.99,7684400,971650,23-JAN-2024,
OPTIDX,NIFTY,25-Jan-2024,21850,CE,54,73.35,6.5,8,8,1493066,16330479.68,2731750,-531150,23-JAN-2024,
OPTIDX,NIFTY,25-Jan-2024,21900,CE,55.35,59.8,5.65,6.95,6.95,2108574,23109823.58,5396900,574300,23-JAN-2024,
OPTIDX,NIFTY,25-Jan-2024,21950,CE,45,45,4.85,6.1,6.1,1140215,12522337.4,2940700,1254350,23-JAN-2024,
OPTIDX,NIFTY,25-Jan-2024,22000,CE,29,32,4.5,5.55,5.55,1892500,20828264.79,10307750,2185650,23-JAN-2024,
OPTIDX,NIFTY,25-Jan-2024,22050,CE,25.25,25.25,4.25,5.2,5.2,903691,9967248.19,2542300,522200,23-JAN-2024,
OPTIDX,NIFTY,25-Jan-2024,22100,CE,15.3,19.9,4,4.75,4.75,1138746,12587059.77,4841850,783950,23-JAN-2024,
OPTIDX,NIFTY,25-Jan-2024,22150,CE,10.85,14.95,3.85,4.4,4.4,589411,6529331.49,2591450,612700,23-JAN-2024,
OPTIDX,NIFTY,25-Jan-2024,22200,CE,10.25,10.7,3.45,3.95,3.95,1115003,12378991.57,6457800,1041750,23-JAN-2024,
OPTIDX,NIFTY,25-Jan-2024,22250,CE,9.7,9.7,2.8,3.75,3.75,670735,7463217.05,3021500,697650,23-JAN-2024,
OPTIDX,NIFTY,25-Jan-2024,22300,CE,5,6.05,2.1,3.6,3.6,818792,9130858.01,4840350,-462250,23-JAN-2024,
OPTIDX,NIFTY,25-Jan-2024,22350,CE,4.25,15.6,1.75,3.6,3.6,414528,4632911.11,3071300,-152900,23-JAN-2024,
OPTIDX,NIFTY,25-Jan-2024,22400,CE,3.5,4.4,1.55,3.3,3.3,671590,7522661.14,3895750,-958750,23-JAN-2024,
OPTIDX,NIFTY,25-Jan-2024,22450,CE,2.95,3.85,1.3,3.2,3.2,265039,2975381.66,1396750,-51800,23-JAN-2024,
OPTIDX,NIFTY,25-Jan-2024,22500,CE,2.75,3.75,1.3,3.05,3.05,818077,9204330.04,7665050,-1686700,23-JAN-2024,
OPTIDX,NIFTY,25-Jan-2024,22550,CE,2.6,3.75,1.2,3,3,137430,1549680.92,767750,-198450,23-JAN-2024,
OPTIDX,NIFTY,25-Jan-2024,22600,CE,2.5,3.5,1.1,2.95,2.95,295965,3344730.65,2591050,-726350,23-JAN-2024,
OPTIDX,NIFTY,25-Jan-2024,22650,CE,2.1,3.4,1,2.9,2.9,108583,1229818.75,660150,-448750,23-JAN-2024,
OPTIDX,NIFTY,25-Jan-2024,22700,CE,2.6,3.35,1.05,2.7,2.7,181390,2058963.64,2032000,-542450,23-JAN-2024,
OPTIDX,NIFTY,25-Jan-2024,22750,CE,1.9,3.2,1.05,2.6,2.6,58418,664568.48,426850,-60150,23-JAN-2024,
OPTIDX,NIFTY,25-Jan-2024,22800,CE,2,3.2,1.05,2.6,2.6,156453,1783726.16,1505200,-300650,23-JAN-2024,
OPTIDX,NIFTY,25-Jan-2024,22850,CE,2.05,4.6,1.05,2.4,2.4,31438,359209.08,220200,-73450,23-JAN-2024,
OPTIDX,NIFTY,25-Jan-2024,22900,CE,2,3.05,1.05,2.5,2.5,92708,1061599.03,933200,-270400,23-JAN-2024,
OPTIDX,NIFTY,25-Jan-2024,22950,CE,1.5,3.5,1.05,2.4,2.4,30342,348202.14,201950,-22450,23-JAN-2024,
OPTIDX,NIFTY,25-Jan-2024,23000,CE,1.45,3.9,1,2.6,2.6,406711,4677590.06,6582550,796650,23-JAN-2024,
OPTIDX,NIFTY,25-Jan-2024,23050,CE,2,3,1,2.35,2.35,23595,271953.88,208850,-13150,23-JAN-2024,
OPTIDX,NIFTY,25-Jan-2024,23100,CE,1.75,2.95,0.85,2.3,2.3,76511,883769.14,906500,67300,23-JAN-2024,
OPTIDX,NIFTY,25-Jan-2024,23150,CE,1.95,2.65,0.95,2.2,2.2,21169,245049.36,276750,-56100,23-JAN-2024,
OPTIDX,NIFTY,25-Jan-2024,23200,CE,1.8,2.9,0.7,2.3,2.3,63153,732635.77,879450,137850,23-JAN-2024,
OPTIDX,NIFTY,25-Jan-2024,23250,CE,0.9,2.7,0.85,2.2,2.2,12288,142858.18,107800,10100,23-JAN-2024,
OPTIDX,NIFTY,25-Jan-2024,23300,CE,1.45,2.7,0.65,2.05,2.05,72160,840724.98,868100,91350,23-JAN-2024,
OPTIDX,NIFTY,25-Jan-2024,23350,CE,1.75,2.45,0.75,2.05,2.05,12834,149846.32,82800,-23500,23-JAN-2024,
OPTIDX,NIFTY,25-Jan-2024,23400,CE,1.65,2.4,0.75,2.1,2.1,47202,552295.45,367350,-199400,23-JAN-2024,
OPTIDX,NIFTY,25-Jan-2024,23450,CE,1.65,2.2,0.75,2,2,19141,224441.74,184250,96350,23-JAN-2024,
OPTIDX,NIFTY,25-Jan-2024,23500,CE,1.3,2.35,0.65,2.2,2.2,274127,3221197.88,3660850,396000,23-JAN-2024,
OPTIDX,NIFTY,25-Jan-2024,23550,CE,1.45,2.7,0.7,2.15,2.15,10464,123221.5,156400,47750,23-JAN-2024,
OPTIDX,NIFTY,25-Jan-2024,23600,CE,1.55,2.25,0.75,1.75,1.75,43408,512243.57,415400,131300,23-JAN-2024,
OPTIDX,NIFTY,25-Jan-2024,23650,CE,1.5,2.15,0.7,1.85,1.85,16130,190747.21,146900,-61800,23-JAN-2024,
OPTIDX,NIFTY,25-Jan-2024,23700,CE,1.55,2.2,0.75,1.7,1.7,50285,595908.82,596850,202000,23-JAN-2024,
OPTIDX,NIFTY,25-Jan-2024,23750,CE,1.45,2.9,0.7,1.8,1.8,8444,100278.16,129200,-19000,23-JAN-2024,
OPTIDX,NIFTY,25-Jan-2024,23800,CE,1.25,2.15,0.7,1.75,1.75,99976,1189772.83,2096350,248850,23-JAN-2024,
OPTIDX,NIFTY,25-Jan-2024,23850,CE,1.25,2.4,0.7,1.8,1.8,67727,807685.98,1516750,161350,23-JAN-2024,
OPTIDX,NIFTY,25-Jan-2024,17350,PE,0.65,1,0.15,0.15,0.15,306412,2658185.37,4823550,3676200,23-JAN-2024,
OPTIDX,NIFTY,25-Jan-2024,17400,PE,0.7,0.95,0.25,0.35,0.35,29654,257996.68,504100,216500,23-JAN-2024,
OPTIDX,NIFTY,25-Jan-2024,17450,PE,0.75,0.95,0.2,0.3,0.3,8911,77751.09,89200,-83600,23-JAN-2024,
OPTIDX,NIFTY,25-Jan-2024,17500,PE,0.55,0.95,0.25,0.3,0.3,19231,168275.34,695450,73800,23-JAN-2024,
OPTIDX,NIFTY,25-Jan-2024,17550,PE,0.85,1.25,0.15,0.25,0.25,4635,40673.33,50600,29400,23-JAN-2024,
OPTIDX,NIFTY,25-Jan-2024,17600,PE,0.8,1.05,0.3,0.35,0.35,4551,40050.35,54650,-23600,23-JAN-2024,
OPTIDX,NIFTY,25-Jan-2024,17650,PE,0.65,1,0.2,0.25,0.25,1602,14138.04,26800,3200,23-JAN-2024,
OPTIDX,NIFTY,25-Jan-2024,17700,PE,0.75,1.2,0.2,0.3,0.3,3723,32949.62,20350,-16650,23-JAN-2024,
OPTIDX,NIFTY,25-Jan-2024,17750,PE,0.75,0.95,0.2,0.25,0.25,2035,18061.11,23950,6550,23-JAN-2024,
OPTIDX,NIFTY,25-Jan-2024,17800,PE,0.5,1,0.2,0.25,0.25,5129,45649.36,96800,21600,23-JAN-2024,
OPTIDX,NIFTY,25-Jan-2024,17850,PE,0.5,1.15,0.2,0.3,0.3,4904,43769.65,45500,31300,23-JAN-2024,
OPTIDX,NIFTY,25-Jan-2024,17900,PE,0.55,1.05,0.2,0.25,0.25,5077,45440.48,122100,450,23-JAN-2024,
OPTIDX,NIFTY,25-Jan-2024,17950,PE,0.6,1.15,0.25,0.3,0.3,1892,16981.29,18400,-5900,23-JAN-2024,
OPTIDX,NIFTY,25-Jan-2024,18000,PE,0.5,0.7,0.25,0.3,0.3,31245,281211.31,760750,32200,23-JAN-2024,
OPTIDX,NIFTY,25-Jan-2024,18050,PE,0.65,2.25,0.25,0.5,0.5,888,8014.47,14550,-13750,23-JAN-2024,
OPTIDX,NIFTY,25-Jan-2024,18100,PE,0.7,1.2,0.1,0.3,0.3,3507,31739.53,37800,-7950,23-JAN-2024,
OPTIDX,NIFTY,25-Jan-2024,18150,PE,0.55,0.95,0.25,0.35,0.35,676,6134.86,15000,-5150,23-JAN-2024,
OPTIDX,NIFTY,25-Jan-2024,18200,PE,0.6,1.1,0.1,0.4,0.4,2822,25681.12,81000,2000,23-JAN-2024,
OPTIDX,NIFTY,25-Jan-2024,18250,PE,0.6,0.9,0.25,0.35,0.35,934,8523,26950,-5900,23-JAN-2024,
OPTIDX,NIFTY,25-Jan-2024,18300,PE,0.75,1.2,0.25,0.3,0.3,4141,37891.42,90800,24300,23-JAN-2024,
OPTIDX,NIFTY,25-Jan-2024,18350,PE,0.8,1,0.25,0.3,0.3,1935,17754.09,30650,15650,23-JAN-2024,
OPTIDX,NIFTY,25-Jan-2024,18400,PE,0.9,1.1,0.4,0.45,0.45,3013,27720.65,78800,-6500,23-JAN-2024,
OPTIDX,NIFTY,25-Jan-2024,18450,PE,0.85,0.95,0.3,0.4,0.4,1093,10083.19,17500,12200,23-JAN-2024,
OPTIDX,NIFTY,25-Jan-2024,18500,PE,0.7,0.75,0.3,0.4,0.4,60659,561109.99,1368950,156500,23-JAN-2024,
OPTIDX,NIFTY,25-Jan-2024,18550,PE,0.95,1.2,0.4,0.45,0.45,1636,15174.48,26950,-2800,23-JAN-2024,
OPTIDX,NIFTY,25-Jan-2024,18600,PE,1,1.15,0.1,0.5,0.5,3748,34857.64,80800,-6750,23-JAN-2024,
OPTIDX,NIFTY,25-Jan-2024,18650,PE,0.75,0.9,0.35,0.45,0.45,1452,13540.3,16650,50,23-JAN-2024,
OPTIDX,NIFTY,25-Jan-2024,18700,PE,0.9,1.25,0.35,0.45,0.45,5149,48144.79,120750,-1550,23-JAN-2024,
OPTIDX,NIFTY,25-Jan-2024,18750,PE,0.55,1.05,0.4,0.45,0.45,2691,25229.17,23700,10350,23-JAN-2024,
OPTIDX,NIFTY,25-Jan-2024,18800,PE,0.8,1.1,0.1,0.55,0.55,5156,48468.08,113950,5300,23-JAN-2024,
OPTIDX,NIFTY,25-Jan-2024,18850,PE,0.95,1,0.35,0.45,0.45,1483,13977.7,23100,16500,23-JAN-2024,
OPTIDX,NIFTY,25-Jan-2024,18900,PE,1.1,1.3,0.45,0.6,0.6,2810,26555.56,53300,-4600,23-JAN-2024,
OPTIDX,NIFTY,25-Jan-2024,18950,PE,0.8,1.25,0.4,0.45,0.45,3195,30273.77,39900,26100,23-JAN-2024,
OPTIDX,NIFTY,25-Jan-2024,19000,PE,0.8,1.3,0.55,0.65,0.65,65484,622126,2709050,-234200,23-JAN-2024,
OPTIDX,NIFTY,25-Jan-2024,19050,PE,1.1,1.15,0.35,0.5,0.5,4766,45397.65,67750,54100,23-JAN-2024,
OPTIDX,NIFTY,25-Jan-2024,19100,PE,1.05,1.05,0.4,0.6,0.6,5826,55640.5,99550,17000,23-JAN-2024,
OPTIDX,NIFTY,25-Jan-2024,19150,PE,0.7,1.15,0.4,0.55,0.55,4259,40781.47,41500,-800,23-JAN-2024,
OPTIDX,NIFTY,25-Jan-2024,19200,PE,0.95,1.15,0.4,0.55,0.55,6519,62584.88,109500,-4700,23-JAN-2024,
OPTIDX,NIFTY,25-Jan-2024,19250,PE,1.1,1.15,0.4,0.55,0.55,5328,51283.63,94900,65100,23-JAN-2024,
OPTIDX,NIFTY,25-Jan-2024,19300,PE,1.4,1.4,0.5,0.6,0.6,5959,57506.79,170100,18750,23-JAN-2024,
OPTIDX,NIFTY,25-Jan-2024,19350,PE,1.1,1.3,0.5,0.65,0.65,6900,66760.14,65350,47950,23-JAN-2024,
OPTIDX,NIFTY,25-Jan-2024,19400,PE,1.4,1.4,0.5,0.7,0.7,10381,100700.27,161050,17950,23-JAN-2024,
OPTIDX,NIFTY,25-Jan-2024,19450,PE,0.95,1.4,0.5,0.65,0.65,4864,47304.55,55200,-4450,23-JAN-2024,
OPTIDX,NIFTY,25-Jan-2024,19500,PE,1.05,1.4,0.7,0.8,0.8,88543,863337.51,2275750,28800,23-JAN-2024,
OPTIDX,NIFTY,25-Jan-2024,19550,PE,1.2,1.3,0.6,0.7,0.7,9992,97676.08,94600,28900,23-JAN-2024,
OPTIDX,NIFTY,25-Jan-2024,19600,PE,1.4,1.45,0.65,0.85,0.85,18374,180074.6,195850,22000,23-JAN-2024,
OPTIDX,NIFTY,25-Jan-2024,19650,PE,0.75,1.5,0.55,1,1,5808,57066.81,24750,-12250,23-JAN-2024,
OPTIDX,NIFTY,25-Jan-2024,19700,PE,1.4,1.55,0.1,0.85,0.85,25983,255946.47,239400,85050,23-JAN-2024,
OPTIDX,NIFTY,25-Jan-2024,19750,PE,1.2,1.6,0.7,1.1,1.1,8107,80061.61,65700,5250,23-JAN-2024,
OPTIDX,NIFTY,25-Jan-2024,19800,PE,1.4,2,0.65,0.95,0.95,55541,549886.22,629950,28450,23-JAN-2024,
OPTIDX,NIFTY,25-Jan-2024,19850,PE,1.05,1.7,0.65,1.1,1.1,6745,66948.4,33350,4400,23-JAN-2024,
OPTIDX,NIFTY,25-Jan-2024,19900,PE,1.4,1.85,0.6,1.15,1.15,57818,575322.42,350250,-67950,23-JAN-2024,
OPTIDX,NIFTY,25-Jan-2024,19950,PE,1.05,1.85,0.6,1.25,1.25,19912,198634.93,98150,11150,23-JAN-2024,
OPTIDX,NIFTY,25-Jan-2024,20000,PE,1.05,2.1,0.7,1.5,1.5,320379,3204023.17,4522800,686250,23-JAN-2024,
OPTIDX,NIFTY,25-Jan-2024,20050,PE,0.9,2.15,0.65,1.5,1.5,24577,246402.59,137100,25350,23-JAN-2024,
OPTIDX,NIFTY,25-Jan-2024,20100,PE,1,2.15,0.75,1.55,1.55,94583,950626.62,497650,-33200,23-JAN-2024,
OPTIDX,NIFTY,25-Jan-2024,20150,PE,1.4,2.25,0.8,1.7,1.7,37450,377337.1,276050,-28550,23-JAN-2024,
OPTIDX,NIFTY,25-Jan-2024,20200,PE,1.1,4,0.7,1.85,1.85,196091,1980685.74,1390450,196150,23-JAN-2024,
OPTIDX,NIFTY,25-Jan-2024,20250,PE,1.25,2.6,0.8,1.85,1.85,49283,499031.74,184500,3850,23-JAN-2024,
OPTIDX,NIFTY,25-Jan-2024,20300,PE,1.2,2.75,0.2,1.95,1.95,225349,2287488.23,1616300,434050,23-JAN-2024,
OPTIDX,NIFTY,25-Jan-2024,20350,PE,4.25,4.25,0.7,2.15,2.15,94906,965766.85,467200,214900,23-JAN-2024,
OPTIDX,NIFTY,25-Jan-2024,20400,PE,1.4,3.75,0.85,2.6,2.6,321042,3275010,2107550,552950,23-JAN-2024,
OPTIDX,NIFTY,25-Jan-2024,20450,PE,1,4.5,0.9,2.95,2.95,146673,1499935.83,689900,378350,23-JAN-2024,
OPTIDX,NIFTY,25-Jan-2024,20500,PE,1.25,5.4,1.05,3.7,3.7,767184,7864760.86,7790950,464650,23-JAN-2024,
OPTIDX,NIFTY,25-Jan-2024,20550,PE,2.1,6.25,1,4.4,4.4,221564,2276968.69,571050,158800,23-JAN-2024,
OPTIDX,NIFTY,25-Jan-2024,20600,PE,2.25,7.65,1.1,5.3,5.3,533286,5493903.68,2023400,185850,23-JAN-2024,
OPTIDX,NIFTY,25-Jan-2024,20650,PE,2.5,9.3,1.2,6.45,6.45,318477,3289116.1,851800,229050,23-JAN-2024,
OPTIDX,NIFTY,25-Jan-2024,20700,PE,3.3,11.7,1.25,8.2,8.2,751446,7779615.49,2965000,959850,23-JAN-2024,
OPTIDX,NIFTY,25-Jan-2024,20750,PE,3.7,15,1.4,10.9,10.9,432640,4490251.22,1363650,628650,23-JAN-2024,
OPTIDX,NIFTY,25-Jan-2024,20800,PE,3.4,19.35,1.65,14.6,14.6,1268014,13193059.53,4841350,1689750,23-JAN-2024,
OPTIDX,NIFTY,25-Jan-2024,20850,PE,5.35,25.9,1.9,20.15,20.15,526538,5492346.96,1048350,242400,23-JAN-2024,
OPTIDX,NIFTY,25-Jan-2024,20900,PE,3.25,34.1,2.35,26.85,26.85,1171290,12249603.2,3853550,752200,23-JAN-2024,
OPTIDX,NIFTY,25-Jan-2024,20950,PE,7.35,45.4,2.7,36.25,36.25,648185,6796786.07,831250,229950,23-JAN-2024,
OPTIDX,NIFTY,25-Jan-2024,21000,PE,4.9,58.75,3.15,47.85,47.85,2347016,24675020.53,7099150,249450,23-JAN-2024,
OPTIDX,NIFTY,25-Jan-2024,21050,PE,7.95,75,3.75,62.1,62.1,668042,7043828.16,900350,361900,23-JAN-2024,
OPTIDX,NIFTY,25-Jan-2024,21100,PE,9.95,94.3,4.6,78,78,1610072,17022532.63,3400150,976650,23-JAN-2024,
OPTIDX,NIFTY,25-Jan-2024,21150,PE,5.3,117.2,5.3,98.95,98.95,1010391,10715372.9,1204500,545700,23-JAN-2024,
OPTIDX,NIFTY,25-Jan-2024,21200,PE,15.45,143.85,6.7,122.65,122.65,2597073,27624412.74,5037100,1982300,23-JAN-2024,
OPTIDX,NIFTY,25-Jan-2024,21250,PE,16,174.55,7.55,149.4,149.4,1504276,16046999.54,1564900,284500,23-JAN-2024,
OPTIDX,NIFTY,25-Jan-2024,21300,PE,20,208,9.35,180.9,180.9,2634926,28188245.73,3895900,237850,23-JAN-2024,
OPTIDX,NIFTY,25-Jan-2024,21350,PE,24.55,245,11.2,215.25,215.25,1426374,15300156.85,955300,-103400,23-JAN-2024,
OPTIDX,NIFTY,25-Jan-2024,21400,PE,33.15,284.5,13.8,252.8,252.8,2502658,26922811.67,2488350,-1582400,23-JAN-2024,
OPTIDX,NIFTY,25-Jan-2024,21450,PE,16.1,326.8,16.1,292.05,292.05,1117389,12047285.63,572350,-738550,23-JAN-2024,
OPTIDX,NIFTY,25-Jan-2024,21500,PE,35,370.5,21.25,335.2,335.2,2465927,26658588.82,2893550,-3700050,23-JAN-2024,
OPTIDX,NIFTY,25-Jan-2024,21550,PE,62.25,417.6,28.15,380.05,380.05,1226933,13291131.61,842650,-476250,23-JAN-2024,
OPTIDX,NIFTY,25-Jan-2024,21600,PE,65,463.45,37.3,422.1,422.1,1976312,21474133.92,1815350,-3124500,23-JAN-2024,
OPTIDX,NIFTY,25-Jan-2024,21650,PE,80.1,511.05,49.55,470.25,470.25,903268,9833846.43,591100,-1035150,23-JAN-2024,
OPTIDX,NIFTY,25-Jan-2024,21700,PE,110,558.35,65.6,518.3,518.3,1746137,19071508.63,2404550,-1128800,23-JAN-2024,
OPTIDX,NIFTY,25-Jan-2024,21750,PE,105,608.05,85.2,575.45,575.45,673456,7371109.24,782150,281850,23-JAN-2024,
OPTIDX,NIFTY,25-Jan-2024,21800,PE,125.25,656.05,108.6,613.75,613.75,631593,6946390.97,1611550,-100600,23-JAN-2024,
OPTIDX,NIFTY,25-Jan-2024,21850,PE,165.05,704.75,136.8,658.55,658.55,118885,1310773.73,286550,85800,23-JAN-2024,
OPTIDX,NIFTY,25-Jan-2024,21900,PE,200,753.9,167.9,707.95,707.95,111009,1230068.81,623000,-116350,23-JAN-2024,
OPTIDX,NIFTY,25-Jan-2024,21950,PE,223.85,800,203.85,753.55,753.55,20075,223066.37,110700,11250,23-JAN-2024,
OPTIDX,NIFTY,25-Jan-2024,22000,PE,310.1,855.65,243.25,805.9,805.9,74339,832792.75,1409250,-317900,23-JAN-2024,
OPTIDX,NIFTY,25-Jan-2024,22050,PE,327.1,903.2,287.3,850.6,850.6,2886,32464.86,143700,-17750,23-JAN-2024,
OPTIDX,NIFTY,25-Jan-2024,22100,PE,359.95,950.25,330.2,906.45,906.45,10511,119316.96,321250,-64450,23-JAN-2024,
OPTIDX,NIFTY,25-Jan-2024,22150,PE,381.5,1003.6,375.2,975.45,975.45,542,6150.27,70200,-4850,23-JAN-2024,
OPTIDX,NIFTY,25-Jan-2024,22200,PE,458.2,1049.2,424.05,1004.9,1004.9,10013,114043.89,101850,-163350,23-JAN-2024,
OPTIDX,NIFTY,25-Jan-2024,22250,PE,505.3,1087.5,474.9,1051.5,1051.5,156,1788.91,37150,-2500,23-JAN-2024,
OPTIDX,NIFTY,25-Jan-2024,22300,PE,520.05,1139,520,1111.7,1111.7,678,7803.21,61750,-8800,23-JAN-2024,
OPTIDX,NIFTY,25-Jan-2024,22350,PE,739.65,1197.75,739.65,1176.85,1176.85,45,525.85,54200,-1300,23-JAN-2024,
OPTIDX,NIFTY,25-Jan-2024,22400,PE,620.45,1248.4,619.45,1220.05,1220.05,245,2855.88,35700,-4950,23-JAN-2024,
OPTIDX,NIFTY,25-Jan-2024,22450,PE,0,0,0,851.65,1202.9,0,0,25100,0,23-JAN-2024,
OPTIDX,NIFTY,25-Jan-2024,22500,PE,743.25,1349.4,718.6,1322.55,1322.55,6525,76967.82,315200,-199200,23-JAN-2024,
OPTIDX,NIFTY,25-Jan-2024,22550,PE,795,795,795,795,1302.85,1,11.67,14150,-50,23-JAN-2024,
OPTIDX,NIFTY,25-Jan-2024,22600,PE,829,1440.3,824.65,1406.05,1406.05,175,2076.58,34500,-1500,23-JAN-2024,
OPTIDX,NIFTY,25-Jan-2024,22650,PE,1284.05,1284.05,1284.05,1284.05,1402.8,1,11.96,8250,-50,23-JAN-2024,
OPTIDX,NIFTY,25-Jan-2024,22700,PE,935,1485.15,929.85,1453.4,1452.8,41,490.54,34850,-800,23-JAN-2024,
OPTIDX,NIFTY,25-Jan-2024,22750,PE,1010,1042.5,1010,1042.5,1502.8,13,154.6,2200,250,23-JAN-2024,
OPTIDX,NIFTY,25-Jan-2024,22800,PE,1023.85,1612.8,1021,1602.75,1602.75,108,1302.4,10950,-1700,23-JAN-2024,
OPTIDX,NIFTY,25-Jan-2024,22850,PE,0,0,0,1233.2,1602.75,0,0,950,0,23-JAN-2024,
OPTIDX,NIFTY,25-Jan-2024,22900,PE,1125,1746.9,1125,1734.1,1734.1,172,2088.16,104900,-1300,23-JAN-2024,
OPTIDX,NIFTY,25-Jan-2024,22950,PE,1205,1232.95,1205,1232.95,1702.7,2,24.16,5550,50,23-JAN-2024,
OPTIDX,NIFTY,25-Jan-2024,23000,PE,1231.7,1845.65,1216.45,1795.1,1795.1,886,10838.17,253100,-20950,23-JAN-2024,
OPTIDX,NIFTY,25-Jan-2024,23050,PE,0,0,0,1308.25,1802.7,0,0,200,0,23-JAN-2024,
OPTIDX,NIFTY,25-Jan-2024,23100,PE,1323.45,1896.85,1323.45,1896.85,1896.85,12,147.48,4400,100,23-JAN-2024,
OPTIDX,NIFTY,25-Jan-2024,23150,PE,0,0,0,1533.45,1902.65,0,0,700,0,23-JAN-2024,
OPTIDX,NIFTY,25-Jan-2024,23200,PE,1419.05,1634.15,1419.05,1634.15,1952.6,6,74.01,2150,-100,23-JAN-2024,
OPTIDX,NIFTY,25-Jan-2024,23250,PE,1544,1544,1497.45,1497.45,2002.6,2,24.77,100,0,23-JAN-2024,
OPTIDX,NIFTY,25-Jan-2024,23300,PE,1521.85,2103.3,1521.8,2103.3,2103.3,67,835.13,6700,400,23-JAN-2024,
OPTIDX,NIFTY,25-Jan-2024,23350,PE,0,0,0,2434.2,2102.55,0,0,0,0,23-JAN-2024,
OPTIDX,NIFTY,25-Jan-2024,23400,PE,1617.55,2100,1617.5,2100,2152.55,12,151.39,3100,0,23-JAN-2024,
OPTIDX,NIFTY,25-Jan-2024,23450,PE,2018.4,2018.4,2018.4,2018.4,2202.55,1,12.73,50,0,23-JAN-2024,
OPTIDX,NIFTY,25-Jan-2024,23500,PE,1860,2301.3,1860,2295.15,2295.15,31,397.54,7100,-350,23-JAN-2024,
OPTIDX,NIFTY,25-Jan-2024,23550,PE,0,0,0,2628.65,2302.5,0,0,0,0,23-JAN-2024,
OPTIDX,NIFTY,25-Jan-2024,23600,PE,0,0,0,2677.45,2352.45,0,0,0,0,23-JAN-2024,
OPTIDX,NIFTY,25-Jan-2024,23650,PE,0,0,0,2726.3,2402.45,0,0,0,0,23-JAN-2024,
OPTIDX,NIFTY,25-Jan-2024,23700,PE,1924.65,2454.75,1922.45,2454.75,2454.75,6,77.4,250,150,23-JAN-2024,
OPTIDX,NIFTY,25-Jan-2024,23750,PE,1976,2539.5,1967,2539.5,2502.4,7,90.87,200,0,23-JAN-2024,
OPTIDX,NIFTY,25-Jan-2024,23800,PE,2022.3,2420.1,2022.25,2420.1,2552.4,6,77.8,850,-100,23-JAN-2024,
OPTIDX,NIFTY,25-Jan-2024,23850,PE,2071.85,2283.6,2071.85,2283.6,2602.4,8,103.8,1100,250,23-JAN-2024,
OPTIDX,NIFTY,01-Feb-2024,19700,CE,0,0,0,1739.1,1571.55,0,0,0,0,23-JAN-2024,
OPTIDX,NIFTY,01-Feb-2024,19750,CE,0,0,0,2000,1521.65,0,0,650,0,23-JAN-2024,
OPTIDX,NIFTY,01-Feb-2024,19800,CE,2000,2000,1667,1667,1471.75,3,32.53,150,150,23-JAN-2024,
OPTIDX,NIFTY,01-Feb-2024,19850,CE,0,0,0,1870,1421.85,0,0,600,0,23-JAN-2024,
OPTIDX,NIFTY,01-Feb-2024,19900,CE,1900,1910,1485,1485,1371.95,12,129.3,500,500,23-JAN-2024,
OPTIDX,NIFTY,01-Feb-2024,19950,CE,0,0,0,1507.15,1322.05,0,0,0,0,23-JAN-2024,
OPTIDX,NIFTY,01-Feb-2024,20000,CE,1607,1620,1232,1263.95,1263.95,284,3025.9,19250,13250,23-JAN-2024,
OPTIDX,NIFTY,01-Feb-2024,20050,CE,0,0,0,1695,1222.3,0,0,3500,0,23-JAN-2024,
OPTIDX,NIFTY,01-Feb-2024,20100,CE,1331,1331,1310,1315,1172.45,25,267.74,1700,1250,23-JAN-2024,
OPTIDX,NIFTY,01-Feb-2024,20150,CE,0,0,0,1328.05,1122.65,0,0,0,0,23-JAN-2024,
OPTIDX,NIFTY,01-Feb-2024,20200,CE,0,0,0,1390,1072.9,0,0,200,0,23-JAN-2024,
OPTIDX,NIFTY,01-Feb-2024,20250,CE,0,0,0,1241.25,1023.2,0,0,0,0,23-JAN-2024,
OPTIDX,NIFTY,01-Feb-2024,20300,CE,1180,1180,985.95,986,986,9,96.01,500,450,23-JAN-2024,
OPTIDX,NIFTY,01-Feb-2024,20350,CE,1451,1475,913,913,913,76,821.28,3700,3500,23-JAN-2024,
OPTIDX,NIFTY,01-Feb-2024,20400,CE,1070,1080,895,896.2,896.2,35,373.95,1050,550,23-JAN-2024,
OPTIDX,NIFTY,01-Feb-2024,20450,CE,0,0,0,1292,826.05,0,0,850,0,23-JAN-2024,
OPTIDX,NIFTY,01-Feb-2024,20500,CE,1320,1320,759.25,798.95,798.95,959,10266.9,35250,29200,23-JAN-2024,
OPTIDX,NIFTY,01-Feb-2024,20550,CE,1105.65,1105.65,971.75,971.75,729.2,2,21.58,850,50,23-JAN-2024,
OPTIDX,NIFTY,01-Feb-2024,20600,CE,1025,1025,702.75,708.4,708.4,27,288.66,1650,1100,23-JAN-2024,
OPTIDX,NIFTY,01-Feb-2024,20650,CE,628.3,660.65,628.3,645.5,645.5,4,42.59,150,150,23-JAN-2024,
OPTIDX,NIFTY,01-Feb-2024,20700,CE,1111.9,1111.9,582.05,626.15,626.15,198,2115.64,8750,7900,23-JAN-2024,
OPTIDX,NIFTY,01-Feb-2024,20750,CE,790.4,794.4,544.95,564.05,564.05,89,954.92,3850,3350,23-JAN-2024,
OPTIDX,NIFTY,01-Feb-2024,20800,CE,999.45,999.45,503,539.6,539.6,460,4926.39,13300,12950,23-JAN-2024,
OPTIDX,NIFTY,01-Feb-2024,20850,CE,965,965,465.2,492.35,492.35,212,2274.54,7250,7250,23-JAN-2024,
OPTIDX,NIFTY,01-Feb-2024,20900,CE,900,900,428.4,459.85,459.85,736,7880.19,20300,20200,23-JAN-2024,
OPTIDX,NIFTY,01-Feb-2024,20950,CE,891,891,396.95,427.8,427.8,307,3292.8,13050,11050,23-JAN-2024,
OPTIDX,NIFTY,01-Feb-2024,21000,CE,789,850,357.55,389.75,389.75,10637,114161.94,199150,147650,23-JAN-2024,
OPTIDX,NIFTY,01-Feb-2024,21050,CE,774.5,774.5,327.3,355.45,355.45,450,4837.83,14000,12750,23-JAN-2024,
OPTIDX,NIFTY,01-Feb-2024,21100,CE,700,752.4,295.4,322.85,322.85,4765,51132.45,72300,61050,23-JAN-2024,
OPTIDX,NIFTY,01-Feb-2024,21150,CE,705,705,266.9,290.85,290.85,2415,25936.47,31850,23100,23-JAN-2024,
OPTIDX,NIFTY,01-Feb-2024,21200,CE,650,665,240,264.55,264.55,21379,229846.3,192500,163150,23-JAN-2024,
OPTIDX,NIFTY,01-Feb-2024,21250,CE,616.5,616.5,214.35,238.25,238.25,9795,105355.15,107800,96400,23-JAN-2024,
OPTIDX,NIFTY,01-Feb-2024,21300,CE,530,575,191.3,211.45,211.45,43162,465217.38,396250,358850,23-JAN-2024,
OPTIDX,NIFTY,01-Feb-2024,21350,CE,529.65,530.4,170,189,189,16113,174046.62,100550,83050,23-JAN-2024,
OPTIDX,NIFTY,01-Feb-2024,21400,CE,432,491,149.2,165.95,165.95,53331,576853.14,516450,411050,23-JAN-2024,
OPTIDX,NIFTY,01-Feb-2024,21450,CE,415.5,450,132,146.8,146.8,18013,195200.81,106200,85950,23-JAN-2024,
OPTIDX,NIFTY,01-Feb-2024,21500,CE,339,411.2,115.5,128.15,128.15,98166,1065572.41,1059000,670400,23-JAN-2024,
OPTIDX,NIFTY,01-Feb-2024,21550,CE,309.95,373.4,101.3,114.3,114.3,25840,281013.12,185850,143150,23-JAN-2024,
OPTIDX,NIFTY,01-Feb-2024,21600,CE,298,338.95,88.25,98.85,98.85,89136,970934.72,732900,414350,23-JAN-2024,
OPTIDX,NIFTY,01-Feb-2024,21650,CE,225.65,303,77.7,86.9,86.9,32494,354586.88,190950,73400,23-JAN-2024,
OPTIDX,NIFTY,01-Feb-2024,21700,CE,250,281.05,66.8,74.9,74.9,150980,1650001.44,969300,318550,23-JAN-2024,
OPTIDX,NIFTY,01-Feb-2024,21750,CE,207,244.15,58.7,65.9,65.9,36587,400249.03,220450,137050,23-JAN-2024,
OPTIDX,NIFTY,01-Feb-2024,21800,CE,200,220,51.1,56.55,56.55,138831,1522228.97,841950,350650,23-JAN-2024,
OPTIDX,NIFTY,01-Feb-2024,21850,CE,171.75,185.15,45.3,50.95,50.95,26474,290628.96,133700,-12650,23-JAN-2024,
OPTIDX,NIFTY,01-Feb-2024,21900,CE,150,177.45,39.7,44.6,44.6,75933,834985.51,541500,74250,23-JAN-2024,
OPTIDX,NIFTY,01-Feb-2024,21950,CE,150,150,35.25,39.25,39.25,23277,256339.21,129900,12900,23-JAN-2024,
OPTIDX,NIFTY,01-Feb-2024,22000,CE,115,127,31.6,35.2,35.2,99530,1098141.09,1012450,206350,23-JAN-2024,
OPTIDX,NIFTY,01-Feb-2024,22050,CE,98.35,99,28.1,31.25,31.25,19823,219079.48,127400,53950,23-JAN-2024,
OPTIDX,NIFTY,01-Feb-2024,22100,CE,84.9,91.35,25.35,28.15,28.15,52434,580695.65,319150,-137150,23-JAN-2024,
OPTIDX,NIFTY,01-Feb-2024,22150,CE,60,71,22.85,25.25,25.25,17425,193342.63,65550,3050,23-JAN-2024,
OPTIDX,NIFTY,01-Feb-2024,22200,CE,64.4,66.65,20.75,22.65,22.65,41570,462168.78,398450,13300,23-JAN-2024,
OPTIDX,NIFTY,01-Feb-2024,22250,CE,49.4,50.9,19.05,20.75,20.75,14192,158105.8,63350,-20650,23-JAN-2024,
OPTIDX,NIFTY,01-Feb-2024,22300,CE,48.05,48.1,15,19.05,19.05,42118,470170.62,413200,149000,23-JAN-2024,
OPTIDX,NIFTY,01-Feb-2024,22350,CE,27.8,37.1,16,17.35,17.35,11672,130567.23,58700,-12950,23-JAN-2024,
OPTIDX,NIFTY,01-Feb-2024,22400,CE,32.15,32.5,14.35,15.7,15.7,23984,268855.07,262850,13850,23-JAN-2024,
OPTIDX,NIFTY,01-Feb-2024,22450,CE,25.1,25.1,13.3,14.5,14.5,7160,80431.21,35900,-7100,23-JAN-2024,
OPTIDX,NIFTY,01-Feb-2024,22500,CE,25,28.85,12.25,13.45,13.45,42508,478533.43,623200,46150,23-JAN-2024,
OPTIDX,NIFTY,01-Feb-2024,22550,CE,17.15,17.15,10.75,12.2,12.2,7113,80244.28,43750,-1350,23-JAN-2024,
OPTIDX,NIFTY,01-Feb-2024,22600,CE,15.35,15.4,9.5,10.95,10.95,16758,189459.67,193300,61250,23-JAN-2024,
OPTIDX,NIFTY,01-Feb-2024,22650,CE,16,16,8.5,10.4,10.4,7294,82640.46,51800,-10550,23-JAN-2024,
OPTIDX,NIFTY,01-Feb-2024,22700,CE,10.6,11.65,7.5,9.2,9.2,13998,158939.75,183450,66750,23-JAN-2024,
OPTIDX,NIFTY,01-Feb-2024,22750,CE,10.1,10.1,6.65,8.6,8.6,5454,62061.11,50300,6150,23-JAN-2024,
OPTIDX,NIFTY,01-Feb-2024,22800,CE,15,15,6,8.15,8.15,14775,168489.65,196350,71550,23-JAN-2024,
OPTIDX,NIFTY,01-Feb-2024,22850,CE,7.7,8,5.55,7.55,7.55,2760,31542.17,25850,5450,23-JAN-2024,
OPTIDX,NIFTY,01-Feb-2024,22900,CE,7.25,7.4,5.1,7.05,7.05,7675,87902.85,75000,34950,23-JAN-2024,
OPTIDX,NIFTY,01-Feb-2024,22950,CE,6.65,7.1,4.75,6.8,6.8,2866,32895.79,29350,11750,23-JAN-2024,
OPTIDX,NIFTY,01-Feb-2024,23000,CE,5.85,6.5,4.3,6.1,6.1,24503,281851.82,439300,144650,23-JAN-2024,
OPTIDX,NIFTY,01-Feb-2024,23050,CE,5.4,6.45,4.15,6.15,6.15,2053,23665.81,18900,3850,23-JAN-2024,
OPTIDX,NIFTY,01-Feb-2024,23100,CE,4.9,6.15,3.85,5.85,5.85,9638,111342.22,127350,97250,23-JAN-2024,
OPTIDX,NIFTY,01-Feb-2024,23150,CE,4.8,5.95,3.3,5.65,5.65,700,8104.18,14800,6300,23-JAN-2024,
OPTIDX,NIFTY,01-Feb-2024,23200,CE,4.4,5.55,3.2,5.3,5.3,3975,46119.39,59150,10450,23-JAN-2024,
OPTIDX,NIFTY,01-Feb-2024,23250,CE,4.2,8.8,3.05,5.15,5.15,785,9127.35,12200,3350,23-JAN-2024,
OPTIDX,NIFTY,01-Feb-2024,23300,CE,3.75,5.2,2.9,4.95,4.95,3486,40619.33,58400,14600,23-JAN-2024,
OPTIDX,NIFTY,01-Feb-2024,23350,CE,3.4,5.35,2.85,5.1,5.1,1801,21030.46,20400,950,23-JAN-2024,
OPTIDX,NIFTY,01-Feb-2024,23400,CE,2.75,4.85,2.3,4.7,4.7,6072,71052.15,34500,-67800,23-JAN-2024,
OPTIDX,NIFTY,01-Feb-2024,23450,CE,3.05,5,2.65,4.7,4.7,2521,29563.02,19500,-4550,23-JAN-2024,
OPTIDX,NIFTY,01-Feb-2024,23500,CE,3.2,4.8,2.2,4.35,4.35,6277,73765.02,114700,9350,23-JAN-2024,
OPTIDX,NIFTY,01-Feb-2024,23550,CE,3.2,5.45,2.45,4.6,4.6,497,5853.03,14400,2550,23-JAN-2024,
OPTIDX,NIFTY,01-Feb-2024,23600,CE,2.85,9.3,2.1,4.8,4.8,1231,14528.03,25650,9150,23-JAN-2024,
OPTIDX,NIFTY,01-Feb-2024,23650,CE,3.15,4.75,2.45,4.25,4.25,229,2708.31,17400,2600,23-JAN-2024,
OPTIDX,NIFTY,01-Feb-2024,23700,CE,2.95,4.05,1.95,3.75,3.75,1516,17967,31850,21450,23-JAN-2024,
OPTIDX,NIFTY,01-Feb-2024,23750,CE,2.95,2.95,2.95,2.95,0.05,2,23.75,2800,100,23-JAN-2024,
OPTIDX,NIFTY,01-Feb-2024,23800,CE,2.65,5,2.05,3.85,3.85,2342,27873.38,51450,22050,23-JAN-2024,
OPTIDX,NIFTY,01-Feb-2024,23850,CE,3,3.95,2.15,3.8,3.8,1438,17150.26,44250,9700,23-JAN-2024,
OPTIDX,NIFTY,01-Feb-2024,19700,PE,3.15,5.85,2.15,5,5,6211,61192.38,72150,50300,23-JAN-2024,
OPTIDX,NIFTY,01-Feb-2024,19750,PE,3.3,6.35,2.2,5.65,5.65,1721,16998.88,17400,6950,23-JAN-2024,
OPTIDX,NIFTY,01-Feb-2024,19800,PE,2.05,7.3,2.05,6.35,6.35,3399,33658.73,25950,25950,23-JAN-2024,
OPTIDX,NIFTY,01-Feb-2024,19850,PE,2.2,7.85,2.2,6.9,6.9,834,8279.76,5600,5600,23-JAN-2024,
OPTIDX,NIFTY,01-Feb-2024,19900,PE,2.95,8.8,2.4,7.7,7.7,1893,18841.9,13450,13450,23-JAN-2024,
OPTIDX,NIFTY,01-Feb-2024,19950,PE,3.15,9.8,2.75,8.55,8.55,3983,39743.47,29250,1850,23-JAN-2024,
OPTIDX,NIFTY,01-Feb-2024,20000,PE,4.8,12.25,3.05,9.7,9.7,31200,312111.39,465200,114750,23-JAN-2024,
OPTIDX,NIFTY,01-Feb-2024,20050,PE,3.2,12.1,3,10.7,10.7,3115,31240.5,11500,3150,23-JAN-2024,
OPTIDX,NIFTY,01-Feb-2024,20100,PE,4.2,13.5,3,11.65,11.65,20378,204879.34,67100,26500,23-JAN-2024,
OPTIDX,NIFTY,01-Feb-2024,20150,PE,3.55,15.35,3.2,13.4,13.4,5453,54964.47,23300,7950,23-JAN-2024,
OPTIDX,NIFTY,01-Feb-2024,20200,PE,3.75,17.25,3.3,15.2,15.2,13729,138733.25,122950,91300,23-JAN-2024,
OPTIDX,NIFTY,01-Feb-2024,20250,PE,6.1,19.5,3.85,17.25,17.25,11542,116940.37,25050,14050,23-JAN-2024,
OPTIDX,NIFTY,01-Feb-2024,20300,PE,4.55,22.45,3.7,19.8,19.8,22253,226007.22,161050,91850,23-JAN-2024,
OPTIDX,NIFTY,01-Feb-2024,20350,PE,4.6,25.7,4.4,22.8,22.8,7073,72015.31,68250,51150,23-JAN-2024,
OPTIDX,NIFTY,01-Feb-2024,20400,PE,5,28.85,4.5,25.7,25.7,20852,212854.14,191200,99550,23-JAN-2024,
OPTIDX,NIFTY,01-Feb-2024,20450,PE,9.6,33.05,5.1,29.8,29.8,15533,158926.7,72650,55200,23-JAN-2024,
OPTIDX,NIFTY,01-Feb-2024,20500,PE,10.6,37.95,5.55,34.25,34.25,51102,524348.22,568200,334650,23-JAN-2024,
OPTIDX,NIFTY,01-Feb-2024,20550,PE,13,43.35,6.35,39.35,39.35,9424,96948.31,58200,31850,23-JAN-2024,
OPTIDX,NIFTY,01-Feb-2024,20600,PE,13.75,49.9,6.45,44.85,44.85,28391,292838,268850,106800,23-JAN-2024,
OPTIDX,NIFTY,01-Feb-2024,20650,PE,14.8,56.75,7.6,51.75,51.75,12053,124628.7,79500,7800,23-JAN-2024,
OPTIDX,NIFTY,01-Feb-2024,20700,PE,15.4,70,8.75,58.1,58.1,37826,392243.78,375450,228350,23-JAN-2024,
OPTIDX,NIFTY,01-Feb-2024,20750,PE,19.2,74.25,10.05,67.7,67.7,13724,142713.94,94350,73750,23-JAN-2024,
OPTIDX,NIFTY,01-Feb-2024,20800,PE,12.05,84.9,10.95,76.4,76.4,59395,619134.22,552700,368100,23-JAN-2024,
OPTIDX,NIFTY,01-Feb-2024,20850,PE,13.2,97,12.35,88.2,88.2,13777,143970.61,63200,1150,23-JAN-2024,
OPTIDX,NIFTY,01-Feb-2024,20900,PE,22.9,109.95,14.85,98.65,98.65,42906,449789.72,353250,124500,23-JAN-2024,
OPTIDX,NIFTY,01-Feb-2024,20950,PE,30,124.05,16.05,111.8,111.8,18342,192653.83,147450,-4350,23-JAN-2024,
OPTIDX,NIFTY,01-Feb-2024,21000,PE,30,140.65,19.2,126.5,126.5,148362,1564237.83,960300,439900,23-JAN-2024,
OPTIDX,NIFTY,01-Feb-2024,21050,PE,22.65,157.65,21.95,143.15,143.15,19333,204327.12,80250,20050,23-JAN-2024,
OPTIDX,NIFTY,01-Feb-2024,21100,PE,40,177.15,25.45,161.15,161.15,71137,753944.47,597250,115750,23-JAN-2024,
OPTIDX,NIFTY,01-Feb-2024,21150,PE,20,198.65,20,180.8,180.8,22028,234214.57,101250,31200,23-JAN-2024,
OPTIDX,NIFTY,01-Feb-2024,21200,PE,40,221.8,32.55,201.25,201.25,107039,1142250.71,695250,178650,23-JAN-2024,
OPTIDX,NIFTY,01-Feb-2024,21250,PE,38.5,246.2,36.7,224.45,224.45,33091,354205.25,112750,54700,23-JAN-2024,
OPTIDX,NIFTY,01-Feb-2024,21300,PE,57.35,273,38,249.4,249.4,133955,1437563.15,691250,281000,23-JAN-2024,
OPTIDX,NIFTY,01-Feb-2024,21350,PE,73.4,300.75,49.1,276.65,276.65,33100,356271.48,49150,-20650,23-JAN-2024,
OPTIDX,NIFTY,01-Feb-2024,21400,PE,63.05,331.3,56.45,302.85,302.85,123453,1332647.94,408600,-134100,23-JAN-2024,
OPTIDX,NIFTY,01-Feb-2024,21450,PE,77.7,362.85,65.45,332.5,332.5,28137,304589.45,48850,-10700,23-JAN-2024,
OPTIDX,NIFTY,01-Feb-2024,21500,PE,100,398.1,75.25,364.65,364.65,118407,1284663.27,645650,12400,23-JAN-2024,
OPTIDX,NIFTY,01-Feb-2024,21550,PE,99.95,431.75,86.75,398.55,398.55,30506,331860.58,38150,-15400,23-JAN-2024,
OPTIDX,NIFTY,01-Feb-2024,21600,PE,102.4,470.8,100.9,436.6,436.6,92370,1007506.12,289150,-200200,23-JAN-2024,
OPTIDX,NIFTY,01-Feb-2024,21650,PE,143.6,506.9,115.95,473.45,473.45,22095,241627.72,45400,-7000,23-JAN-2024,
OPTIDX,NIFTY,01-Feb-2024,21700,PE,179.6,548,132.4,514.05,514.05,101619,1115993,574650,-53600,23-JAN-2024,
OPTIDX,NIFTY,01-Feb-2024,21750,PE,195,588.3,153.25,545.95,545.95,19279,212031.48,26050,-11250,23-JAN-2024,
OPTIDX,NIFTY,01-Feb-2024,21800,PE,207.7,633.3,172.35,587.3,587.3,77269,853790.59,283100,121850,23-JAN-2024,
OPTIDX,NIFTY,01-Feb-2024,21850,PE,219.25,673.05,197.1,635.35,635.35,6606,73181.91,26000,7350,23-JAN-2024,
OPTIDX,NIFTY,01-Feb-2024,21900,PE,245.75,718.55,222.15,674.2,674.2,17801,197725.46,45500,9750,23-JAN-2024,
OPTIDX,NIFTY,01-Feb-2024,21950,PE,269.55,763.35,250.25,725.65,725.65,2439,27243.12,17300,-6000,23-JAN-2024,
OPTIDX,NIFTY,01-Feb-2024,22000,PE,305.7,810.5,278,766.5,766.5,13953,156485.9,243600,26350,23-JAN-2024,
OPTIDX,NIFTY,01-Feb-2024,22050,PE,322.35,810,320,800.3,800.3,362,4100.94,17450,4800,23-JAN-2024,
OPTIDX,NIFTY,01-Feb-2024,22100,PE,373.15,892.85,345,852.6,852.6,833,9428.64,22150,3150,23-JAN-2024,
OPTIDX,NIFTY,01-Feb-2024,22150,PE,410.55,942.65,393.5,908.55,908.55,221,2517.72,6400,1000,23-JAN-2024,
OPTIDX,NIFTY,01-Feb-2024,22200,PE,449.65,963.5,424,951.75,951.75,394,4478.59,15750,800,23-JAN-2024,
OPTIDX,NIFTY,01-Feb-2024,22250,PE,490.1,985,486.6,985,975.75,26,296.86,2050,250,23-JAN-2024,
OPTIDX,NIFTY,01-Feb-2024,22300,PE,508.7,1090,508,1062.4,1062.4,171,1962.78,6800,1000,23-JAN-2024,
OPTIDX,NIFTY,01-Feb-2024,22350,PE,0,0,0,1032.9,1074.8,0,0,0,0,23-JAN-2024,
OPTIDX,NIFTY,01-Feb-2024,22400,PE,1067.6,1130.3,1067.6,1126.5,1126.5,5,58.78,5300,200,23-JAN-2024,
OPTIDX,NIFTY,01-Feb-2024,22450,PE,0,0,0,748.9,1174.25,0,0,100,0,23-JAN-2024,
OPTIDX,NIFTY,01-Feb-2024,22500,PE,726.85,1240,689.2,1230.5,1230.5,184,2153.2,11700,-50,23-JAN-2024,
OPTIDX,NIFTY,01-Feb-2024,22550,PE,0,0,0,1197.05,1273.85,0,0,0,0,23-JAN-2024,
OPTIDX,NIFTY,01-Feb-2024,22600,PE,894.75,1072.15,894.75,1072.15,1323.75,2,23.58,150,100,23-JAN-2024,
OPTIDX,NIFTY,01-Feb-2024,22650,PE,0,0,0,1282.3,1373.6,0,0,0,0,23-JAN-2024,
OPTIDX,NIFTY,01-Feb-2024,22700,PE,0,0,0,1325.6,1423.5,0,0,0,0,23-JAN-2024,
OPTIDX,NIFTY,01-Feb-2024,22750,PE,0,0,0,1369.35,1473.4,0,0,0,0,23-JAN-2024,
OPTIDX,NIFTY,01-Feb-2024,22800,PE,0,0,0,1111.8,1523.3,0,0,100,0,23-JAN-2024,
OPTIDX,NIFTY,01-Feb-2024,22850,PE,0,0,0,1458.1,1573.2,0,0,0,0,23-JAN-2024,
OPTIDX,NIFTY,01-Feb-2024,22900,PE,0,0,0,1503.05,1623.15,0,0,0,0,23-JAN-2024,
OPTIDX,NIFTY,01-Feb-2024,22950,PE,0,0,0,1548.3,1673.05,0,0,0,0,23-JAN-2024,
OPTIDX,NIFTY,01-Feb-2024,23000,PE,1170,1725,1170,1725,1722.95,29,352.43,2550,700,23-JAN-2024,
OPTIDX,NIFTY,01-Feb-2024,23050,PE,0,0,0,1639.85,1772.85,0,0,0,0,23-JAN-2024,
OPTIDX,NIFTY,01-Feb-2024,23100,PE,0,0,0,1686.05,1822.8,0,0,0,0,23-JAN-2024,
OPTIDX,NIFTY,01-Feb-2024,23150,PE,0,0,0,1732.55,1872.7,0,0,0,0,23-JAN-2024,
OPTIDX,NIFTY,01-Feb-2024,23200,PE,0,0,0,1779.25,1922.6,0,0,0,0,23-JAN-2024,
OPTIDX,NIFTY,01-Feb-2024,23250,PE,0,0,0,1826.25,1972.55,0,0,0,0,23-JAN-2024,
OPTIDX,NIFTY,01-Feb-2024,23300,PE,0,0,0,1873.45,2022.45,0,0,0,0,23-JAN-2024,
OPTIDX,NIFTY,01-Feb-2024,23350,PE,0,0,0,1920.8,2072.35,0,0,0,0,23-JAN-2024,
OPTIDX,NIFTY,01-Feb-2024,23400,PE,0,0,0,1968.4,2122.3,0,0,0,0,23-JAN-2024,
OPTIDX,NIFTY,01-Feb-2024,23450,PE,0,0,0,2016.15,2172.2,0,0,0,0,23-JAN-2024,
OPTIDX,NIFTY,01-Feb-2024,23500,PE,0,0,0,1758,2222.1,0,0,3050,0,23-JAN-2024,
OPTIDX,NIFTY,01-Feb-2024,23550,PE,0,0,0,2112.15,2272.05,0,0,0,0,23-JAN-2024,
OPTIDX,NIFTY,01-Feb-2024,23600,PE,0,0,0,2160.35,2321.95,0,0,0,0,23-JAN-2024,
OPTIDX,NIFTY,01-Feb-2024,23650,PE,0,0,0,2208.7,2371.85,0,0,0,0,23-JAN-2024,
OPTIDX,NIFTY,01-Feb-2024,23700,PE,0,0,0,2257.15,2421.8,0,0,0,0,23-JAN-2024,
OPTIDX,NIFTY,01-Feb-2024,23750,PE,0,0,0,2305.75,2471.7,0,0,0,0,23-JAN-2024,
OPTIDX,NIFTY,01-Feb-2024,23800,PE,0,0,0,2354.4,2521.6,0,0,0,0,23-JAN-2024,
OPTIDX,NIFTY,01-Feb-2024,23850,PE,0,0,0,2403.15,2571.55,0,0,0,0,23-JAN-2024,
OPTIDX,NIFTY,08-Feb-2024,19700,CE,0,0,0,2099.9,1597.2,0,0,0,0,23-JAN-2024,
OPTIDX,NIFTY,08-Feb-2024,19750,CE,0,0,0,2051,1547.45,0,0,0,0,23-JAN-2024,
OPTIDX,NIFTY,08-Feb-2024,19800,CE,0,0,0,2002.15,1497.7,0,0,0,0,23-JAN-2024,
OPTIDX,NIFTY,08-Feb-2024,19850,CE,0,0,0,1953.45,1448,0,0,0,0,23-JAN-2024,
OPTIDX,NIFTY,08-Feb-2024,19900,CE,0,0,0,1904.85,1398.35,0,0,0,0,23-JAN-2024,
OPTIDX,NIFTY,08-Feb-2024,19950,CE,0,0,0,1856.4,1348.75,0,0,0,0,23-JAN-2024,
OPTIDX,NIFTY,08-Feb-2024,20000,CE,1440,1440,1440,1440,1299.25,1,10.72,50,50,23-JAN-2024,
OPTIDX,NIFTY,08-Feb-2024,20050,CE,0,0,0,1760.1,1249.85,0,0,0,0,23-JAN-2024,
OPTIDX,NIFTY,08-Feb-2024,20100,CE,0,0,0,1712.2,1200.6,0,0,0,0,23-JAN-2024,
OPTIDX,NIFTY,08-Feb-2024,20150,CE,0,0,0,1664.55,1151.5,0,0,0,0,23-JAN-2024,
OPTIDX,NIFTY,08-Feb-2024,20200,CE,0,0,0,1617.15,1102.6,0,0,0,0,23-JAN-2024,
OPTIDX,NIFTY,08-Feb-2024,20250,CE,0,0,0,1570.05,1053.95,0,0,0,0,23-JAN-2024,
OPTIDX,NIFTY,08-Feb-2024,20300,CE,0,0,0,1523.2,1005.6,0,0,0,0,23-JAN-2024,
OPTIDX,NIFTY,08-Feb-2024,20350,CE,0,0,0,1476.65,957.55,0,0,0,0,23-JAN-2024,
OPTIDX,NIFTY,08-Feb-2024,20400,CE,0,0,0,1792.5,909.95,0,0,50,0,23-JAN-2024,
OPTIDX,NIFTY,08-Feb-2024,20450,CE,0,0,0,1384.7,862.85,0,0,0,0,23-JAN-2024,
OPTIDX,NIFTY,08-Feb-2024,20500,CE,1285.95,1301.95,850,861.2,861.2,53,567.28,2900,2450,23-JAN-2024,
OPTIDX,NIFTY,08-Feb-2024,20550,CE,0,0,0,1294.35,770.35,0,0,0,0,23-JAN-2024,
OPTIDX,NIFTY,08-Feb-2024,20600,CE,0,0,0,1249.85,725.2,0,0,0,0,23-JAN-2024,
OPTIDX,NIFTY,08-Feb-2024,20650,CE,0,0,0,1205.85,680.8,0,0,0,0,23-JAN-2024,
OPTIDX,NIFTY,08-Feb-2024,20700,CE,980,980,710,710,637.35,3,32.3,100,100,23-JAN-2024,
OPTIDX,NIFTY,08-Feb-2024,20750,CE,0,0,0,1119.45,594.95,0,0,0,0,23-JAN-2024,
OPTIDX,NIFTY,08-Feb-2024,20800,CE,783.95,784,689.2,689.2,553.65,6,64.56,300,300,23-JAN-2024,
OPTIDX,NIFTY,08-Feb-2024,20850,CE,0,0,0,1035.35,513.6,0,0,0,0,23-JAN-2024,
OPTIDX,NIFTY,08-Feb-2024,20900,CE,652.2,652.2,532.55,564.6,564.6,12,128.96,750,550,23-JAN-2024,
OPTIDX,NIFTY,08-Feb-2024,20950,CE,0,0,0,953.9,437.5,0,0,0,0,23-JAN-2024,
OPTIDX,NIFTY,08-Feb-2024,21000,CE,878,885.5,450,481.1,481.1,471,5071.04,14650,7900,23-JAN-2024,
OPTIDX,NIFTY,08-Feb-2024,21050,CE,0,0,0,875.35,367.35,0,0,0,0,23-JAN-2024,
OPTIDX,NIFTY,08-Feb-2024,21100,CE,795,795,389.4,406.75,406.75,259,2789.56,6100,4750,23-JAN-2024,
OPTIDX,NIFTY,08-Feb-2024,21150,CE,391.6,401.4,355.35,375.15,375.15,91,979.43,1400,1400,23-JAN-2024,
OPTIDX,NIFTY,08-Feb-2024,21200,CE,478.5,487.5,326.5,349.7,349.7,1007,10865.24,18550,18550,23-JAN-2024,
OPTIDX,NIFTY,08-Feb-2024,21250,CE,687,687,300,321.85,321.85,622,6712.1,11500,11000,23-JAN-2024,
OPTIDX,NIFTY,08-Feb-2024,21300,CE,600,600,274.8,295.25,295.25,2532,27377.58,33400,29400,23-JAN-2024,
OPTIDX,NIFTY,08-Feb-2024,21350,CE,443.95,443.95,253.05,271.3,271.3,801,8674.89,19100,15850,23-JAN-2024,
OPTIDX,NIFTY,08-Feb-2024,21400,CE,512.15,554,228.05,246.15,246.15,4464,48438.44,55000,41700,23-JAN-2024,
OPTIDX,NIFTY,08-Feb-2024,21450,CE,490.35,501.1,208.2,227.15,227.15,759,8248.83,13900,8250,23-JAN-2024,
OPTIDX,NIFTY,08-Feb-2024,21500,CE,450,481.5,187.2,203.55,203.55,12192,132921.07,148750,92100,23-JAN-2024,
OPTIDX,NIFTY,08-Feb-2024,21550,CE,428.2,441,171.05,184.5,184.5,2081,22693.5,20050,8000,23-JAN-2024,
OPTIDX,NIFTY,08-Feb-2024,21600,CE,380,408.8,152.15,166.6,166.6,8668,94742.44,122550,55500,23-JAN-2024,
OPTIDX,NIFTY,08-Feb-2024,21650,CE,365,382.25,139.3,150.9,150.9,3901,42723.27,29550,11750,23-JAN-2024,
OPTIDX,NIFTY,08-Feb-2024,21700,CE,338,350.95,124.45,137.25,137.25,10391,113942.99,120750,57450,23-JAN-2024,
OPTIDX,NIFTY,08-Feb-2024,21750,CE,309.95,319.55,111.05,121.95,121.95,1985,21770.91,21750,10200,23-JAN-2024,
OPTIDX,NIFTY,08-Feb-2024,21800,CE,264,285.35,100.75,108.75,108.75,7236,79554.64,73150,27000,23-JAN-2024,
OPTIDX,NIFTY,08-Feb-2024,21850,CE,256.95,260.05,85,97.1,97.1,1270,13967.65,22550,13250,23-JAN-2024,
OPTIDX,NIFTY,08-Feb-2024,21900,CE,205.95,241.4,80.8,87.5,87.5,5732,63200.42,62200,31150,23-JAN-2024,
OPTIDX,NIFTY,08-Feb-2024,21950,CE,199.75,208.25,78.25,79.8,79.8,437,4822.81,11600,900,23-JAN-2024,
OPTIDX,NIFTY,08-Feb-2024,22000,CE,179,185.45,64.7,70.6,70.6,13808,152664.6,177250,60400,23-JAN-2024,
OPTIDX,NIFTY,08-Feb-2024,22050,CE,153.1,166.05,60.6,64.25,64.25,559,6189.65,23050,100,23-JAN-2024,
OPTIDX,NIFTY,08-Feb-2024,22100,CE,145.1,146.35,52.85,57,57,4485,49769.95,50100,8200,23-JAN-2024,
OPTIDX,NIFTY,08-Feb-2024,22150,CE,103.55,127.65,48.7,52.35,52.35,594,6600,16350,-4150,23-JAN-2024,
OPTIDX,NIFTY,08-Feb-2024,22200,CE,106.05,114.5,43.5,46.25,46.25,5157,57422.82,70700,20400,23-JAN-2024,
OPTIDX,NIFTY,08-Feb-2024,22250,CE,95,100.15,39.9,42.45,42.45,778,8679.38,14850,5200,23-JAN-2024,
OPTIDX,NIFTY,08-Feb-2024,22300,CE,82.2,87.9,35,37.7,37.7,4553,50881.14,74350,59300,23-JAN-2024,
OPTIDX,NIFTY,08-Feb-2024,22350,CE,70.2,76.9,33,35.4,35.4,804,9004.45,8250,3650,23-JAN-2024,
OPTIDX,NIFTY,08-Feb-2024,22400,CE,65.2,67,30,31.95,31.95,3826,42939.22,33100,11400,23-JAN-2024,
OPTIDX,NIFTY,08-Feb-2024,22450,CE,54.2,56.4,28.15,30.3,30.3,729,8196.62,13150,3850,23-JAN-2024,
OPTIDX,NIFTY,08-Feb-2024,22500,CE,52.15,56.95,26,27.45,27.45,11249,126771.86,114200,7500,23-JAN-2024,
OPTIDX,NIFTY,08-Feb-2024,22550,CE,39.55,42.55,23.25,24.55,24.55,475,5363.09,9650,1250,23-JAN-2024,
OPTIDX,NIFTY,08-Feb-2024,22600,CE,34.95,38.75,22.55,23.75,23.75,1444,16337.1,23950,-300,23-JAN-2024,
OPTIDX,NIFTY,08-Feb-2024,22650,CE,31,32.8,20.5,22.05,22.05,340,3854.97,9750,2200,23-JAN-2024,
OPTIDX,NIFTY,08-Feb-2024,22700,CE,28.15,29,18.5,19.75,19.75,1485,16871.14,20450,-11750,23-JAN-2024,
OPTIDX,NIFTY,08-Feb-2024,22750,CE,28,28,17.55,19.35,19.35,462,5260.53,7700,-1500,23-JAN-2024,
OPTIDX,NIFTY,08-Feb-2024,22800,CE,21.6,28.6,16.05,17.95,17.95,2176,24827.35,51900,20700,23-JAN-2024,
OPTIDX,NIFTY,08-Feb-2024,22850,CE,20.05,24.1,13.7,14,14,94,1074.75,2300,-1350,23-JAN-2024,
OPTIDX,NIFTY,08-Feb-2024,22900,CE,17.05,21.5,13,14.2,14.2,249,2852.93,6650,-1800,23-JAN-2024,
OPTIDX,NIFTY,08-Feb-2024,22950,CE,16.6,16.6,11,12.05,12.05,142,1630.47,2100,-1350,23-JAN-2024,
OPTIDX,NIFTY,08-Feb-2024,23000,CE,20,20,10.8,12.4,12.4,3332,38339.12,94600,20450,23-JAN-2024,
OPTIDX,NIFTY,08-Feb-2024,23050,CE,13.6,14.4,11.75,11.75,11.75,23,265.21,1350,450,23-JAN-2024,
OPTIDX,NIFTY,08-Feb-2024,23100,CE,8.6,13.9,8.6,11.2,11.2,368,4252.44,7850,2850,23-JAN-2024,
OPTIDX,NIFTY,08-Feb-2024,23150,CE,10.3,11.9,8.15,11.4,11.4,76,880.08,4000,1550,23-JAN-2024,
OPTIDX,NIFTY,08-Feb-2024,23200,CE,10.05,10.45,6.6,8.45,8.45,1351,15677.67,25400,5600,23-JAN-2024,
OPTIDX,NIFTY,08-Feb-2024,23250,CE,9.05,10.65,7,9.65,9.65,63,732.63,3100,700,23-JAN-2024,
OPTIDX,NIFTY,08-Feb-2024,23300,CE,7.9,9.95,3.85,9.35,9.35,300,3496.08,18000,300,23-JAN-2024,
OPTIDX,NIFTY,08-Feb-2024,23350,CE,7.95,9.5,7.5,9.5,9.5,29,338.69,2450,750,23-JAN-2024,
OPTIDX,NIFTY,08-Feb-2024,23400,CE,7.25,9,5.6,8,8,69,807.55,4300,2500,23-JAN-2024,
OPTIDX,NIFTY,08-Feb-2024,23450,CE,7.8,8.65,6.05,8.3,8.3,237,2779.73,10500,2700,23-JAN-2024,
OPTIDX,NIFTY,08-Feb-2024,23500,CE,6.15,8.45,5.5,6.75,6.75,968,11377.08,36500,17050,23-JAN-2024,
OPTIDX,NIFTY,08-Feb-2024,23550,CE,4.65,6.45,4.65,6.05,0.05,10,117.78,2200,0,23-JAN-2024,
OPTIDX,NIFTY,08-Feb-2024,23600,CE,5.65,7.1,5.55,6.4,6.4,109,1286.54,5250,1950,23-JAN-2024,
OPTIDX,NIFTY,08-Feb-2024,23650,CE,5,8.05,5,7.3,7.3,91,1076.37,5200,700,23-JAN-2024,
OPTIDX,NIFTY,08-Feb-2024,23700,CE,5.65,7.5,5.65,7.25,0.05,56,663.77,2950,150,23-JAN-2024,
OPTIDX,NIFTY,08-Feb-2024,23750,CE,0,0,0,4.85,0.05,0,0,1350,0,23-JAN-2024,
OPTIDX,NIFTY,08-Feb-2024,23800,CE,6.45,6.5,5,6.15,6.15,122,1452.14,4650,-250,23-JAN-2024,
OPTIDX,NIFTY,08-Feb-2024,23850,CE,6,6.5,4.15,5.7,5.7,110,1312.06,6700,-400,23-JAN-2024,
OPTIDX,NIFTY,08-Feb-2024,19700,PE,0,0,0,4.1,0.2,0,0,0,0,23-JAN-2024,
OPTIDX,NIFTY,08-Feb-2024,19750,PE,0,0,0,4.8,0.3,0,0,0,0,23-JAN-2024,
OPTIDX,NIFTY,08-Feb-2024,19800,PE,0,0,0,5.6,0.4,0,0,0,0,23-JAN-2024,
OPTIDX,NIFTY,08-Feb-2024,19850,PE,0,0,0,6.55,0.55,0,0,0,0,23-JAN-2024,
OPTIDX,NIFTY,08-Feb-2024,19900,PE,0,0,0,4.1,0.75,0,0,1800,0,23-JAN-2024,
OPTIDX,NIFTY,08-Feb-2024,19950,PE,0,0,0,8.85,1,0,0,0,0,23-JAN-2024,
OPTIDX,NIFTY,08-Feb-2024,20000,PE,9.2,26,5.85,24,24,4470,44733.94,53500,18850,23-JAN-2024,
OPTIDX,NIFTY,08-Feb-2024,20050,PE,0,0,0,11.8,1.85,0,0,0,0,23-JAN-2024,
OPTIDX,NIFTY,08-Feb-2024,20100,PE,0,0,0,15.95,2.4,0,0,250,0,23-JAN-2024,
OPTIDX,NIFTY,08-Feb-2024,20150,PE,0,0,0,15.6,3.15,0,0,0,0,23-JAN-2024,
OPTIDX,NIFTY,08-Feb-2024,20200,PE,16.15,18,16.15,18,18,7,70.75,3600,300,23-JAN-2024,
OPTIDX,NIFTY,08-Feb-2024,20250,PE,0,0,0,20.35,5.3,0,0,0,0,23-JAN-2024,
OPTIDX,NIFTY,08-Feb-2024,20300,PE,12,50,12,45.05,45.05,1985,20186.46,27200,26350,23-JAN-2024,
OPTIDX,NIFTY,08-Feb-2024,20350,PE,17.5,53.75,17.5,51.4,51.4,765,7797.29,9150,8850,23-JAN-2024,
OPTIDX,NIFTY,08-Feb-2024,20400,PE,19,59.4,10.1,54.6,54.6,2956,30198.87,24050,15850,23-JAN-2024,
OPTIDX,NIFTY,08-Feb-2024,20450,PE,21.35,65.05,20.5,61.35,61.35,335,3430.3,6050,6050,23-JAN-2024,
OPTIDX,NIFTY,08-Feb-2024,20500,PE,14.05,73.2,14,67.55,67.55,8467,86961.1,72700,36100,23-JAN-2024,
OPTIDX,NIFTY,08-Feb-2024,20550,PE,21.45,79.15,20.9,73.6,73.6,499,5136.2,8350,4700,23-JAN-2024,
OPTIDX,NIFTY,08-Feb-2024,20600,PE,29.2,92.05,18,80.55,80.55,3833,39565.95,43850,31800,23-JAN-2024,
OPTIDX,NIFTY,08-Feb-2024,20650,PE,25.15,96.45,24.7,89.75,89.75,407,4211.21,11050,11050,23-JAN-2024,
OPTIDX,NIFTY,08-Feb-2024,20700,PE,23,108.3,22.2,98.3,98.3,4920,51024.91,76150,53500,23-JAN-2024,
OPTIDX,NIFTY,08-Feb-2024,20750,PE,26,117.65,26,107.7,107.7,422,4388.86,8000,5450,23-JAN-2024,
OPTIDX,NIFTY,08-Feb-2024,20800,PE,26.8,132.8,26.5,121.65,121.65,4085,42645.73,29650,11900,23-JAN-2024,
OPTIDX,NIFTY,08-Feb-2024,20850,PE,33,145.4,33,134.8,134.8,152,1590.58,2400,550,23-JAN-2024,
OPTIDX,NIFTY,08-Feb-2024,20900,PE,35.05,161.35,34.5,148.5,148.5,3416,35877.46,28600,11200,23-JAN-2024,
OPTIDX,NIFTY,08-Feb-2024,20950,PE,90.65,176.6,90.65,166.75,166.75,90,949.62,2650,2650,23-JAN-2024,
OPTIDX,NIFTY,08-Feb-2024,21000,PE,50,194.75,39.65,179.8,179.8,18518,195569.15,178100,78600,23-JAN-2024,
OPTIDX,NIFTY,08-Feb-2024,21050,PE,95,211.85,95,201.05,201.05,490,5198.8,9200,8200,23-JAN-2024,
OPTIDX,NIFTY,08-Feb-2024,21100,PE,53.5,231.05,53.5,213.95,213.95,2795,29711.72,39800,17800,23-JAN-2024,
OPTIDX,NIFTY,08-Feb-2024,21150,PE,75.7,249.35,75.7,229.65,229.65,140,1493.88,2400,2400,23-JAN-2024,
OPTIDX,NIFTY,08-Feb-2024,21200,PE,67.8,273.85,62.95,254.85,254.85,4188,44784.09,34300,15600,23-JAN-2024,
OPTIDX,NIFTY,08-Feb-2024,21250,PE,72.1,291.2,67.7,271.9,271.9,786,8439.62,8400,2650,23-JAN-2024,
OPTIDX,NIFTY,08-Feb-2024,21300,PE,104.35,320.85,78.95,299.35,299.35,5068,54532.72,57950,33750,23-JAN-2024,
OPTIDX,NIFTY,08-Feb-2024,21350,PE,97.55,346.45,91.2,319.2,319.2,1294,13977.55,9100,2400,23-JAN-2024,
OPTIDX,NIFTY,08-Feb-2024,21400,PE,125,373.55,97.7,347.05,347.05,8668,93663.87,82650,-21650,23-JAN-2024,
OPTIDX,NIFTY,08-Feb-2024,21450,PE,119.5,402.6,115,369.1,369.1,880,9559.14,4400,-3150,23-JAN-2024,
OPTIDX,NIFTY,08-Feb-2024,21500,PE,150,433,120.05,405.55,405.55,14027,152491.74,125150,-28850,23-JAN-2024,
OPTIDX,NIFTY,08-Feb-2024,21550,PE,147.85,453.85,138.55,430.15,430.15,846,9240.55,5750,100,23-JAN-2024,
OPTIDX,NIFTY,08-Feb-2024,21600,PE,192,495,146.85,472.7,472.7,9722,106446,39900,-34800,23-JAN-2024,
OPTIDX,NIFTY,08-Feb-2024,21650,PE,180.9,528.05,165.8,501.4,501.4,972,10673.38,5800,-900,23-JAN-2024,
OPTIDX,NIFTY,08-Feb-2024,21700,PE,202.05,569.2,183.6,544.2,544.2,5641,62051.81,32900,-3700,23-JAN-2024,
OPTIDX,NIFTY,08-Feb-2024,21750,PE,222.5,600.5,208.5,567.85,567.85,1565,17268.25,3400,1600,23-JAN-2024,
OPTIDX,NIFTY,08-Feb-2024,21800,PE,228.95,651.95,221.6,597.4,597.4,5188,57419.7,30650,1300,23-JAN-2024,
OPTIDX,NIFTY,08-Feb-2024,21850,PE,265,633.35,260.5,620.2,620.2,115,1279.31,4400,850,23-JAN-2024,
OPTIDX,NIFTY,08-Feb-2024,21900,PE,306,713.65,271.4,677.8,677.8,447,4977.87,6150,-250,23-JAN-2024,
OPTIDX,NIFTY,08-Feb-2024,21950,PE,315.25,670,315.25,670,681.15,14,156.8,3150,200,23-JAN-2024,
OPTIDX,NIFTY,08-Feb-2024,22000,PE,381,800.65,322.5,762.6,762.6,3502,39329.79,64150,2800,23-JAN-2024,
OPTIDX,NIFTY,08-Feb-2024,22050,PE,400,837.75,351.8,792.35,792.35,167,1879.19,5000,2600,23-JAN-2024,
OPTIDX,NIFTY,08-Feb-2024,22100,PE,407,735,399.95,729.5,816,72,813.82,12350,1950,23-JAN-2024,
OPTIDX,NIFTY,08-Feb-2024,22150,PE,440.95,800,431.7,800,862.3,32,362.41,3700,200,23-JAN-2024,
OPTIDX,NIFTY,08-Feb-2024,22200,PE,442.2,947.55,442.2,920.2,920.2,130,1480.69,9950,-150,23-JAN-2024,
OPTIDX,NIFTY,08-Feb-2024,22250,PE,0,0,0,383.75,956.55,0,0,3000,0,23-JAN-2024,
OPTIDX,NIFTY,08-Feb-2024,22300,PE,0,0,0,615,1004.3,0,0,850,0,23-JAN-2024,
OPTIDX,NIFTY,08-Feb-2024,22350,PE,0,0,0,721.05,1052.4,0,0,0,0,23-JAN-2024,
OPTIDX,NIFTY,08-Feb-2024,22400,PE,0,0,0,501.5,1100.8,0,0,50,0,23-JAN-2024,
OPTIDX,NIFTY,08-Feb-2024,22450,PE,0,0,0,793.45,1149.5,0,0,0,0,23-JAN-2024,
OPTIDX,NIFTY,08-Feb-2024,22500,PE,873.5,1050,873.5,1050,1198.4,5,58.69,3400,-50,23-JAN-2024,
OPTIDX,NIFTY,08-Feb-2024,22550,PE,0,0,0,869.15,1247.45,0,0,0,0,23-JAN-2024,
OPTIDX,NIFTY,08-Feb-2024,22600,PE,0,0,0,569,1296.7,0,0,100,0,23-JAN-2024,
OPTIDX,NIFTY,08-Feb-2024,22650,PE,0,0,0,947.6,1346.05,0,0,0,0,23-JAN-2024,
OPTIDX,NIFTY,08-Feb-2024,22700,PE,0,0,0,987.85,1395.5,0,0,0,0,23-JAN-2024,
OPTIDX,NIFTY,08-Feb-2024,22750,PE,0,0,0,1028.7,1445.05,0,0,0,0,23-JAN-2024,
OPTIDX,NIFTY,08-Feb-2024,22800,PE,0,0,0,1070.2,1494.65,0,0,0,0,23-JAN-2024,
OPTIDX,NIFTY,08-Feb-2024,22850,PE,0,0,0,1112.25,1544.3,0,0,0,0,23-JAN-2024,
OPTIDX,NIFTY,08-Feb-2024,22900,PE,0,0,0,1154.85,1594,0,0,0,0,23-JAN-2024,
OPTIDX,NIFTY,08-Feb-2024,22950,PE,0,0,0,1198,1643.75,0,0,0,0,23-JAN-2024,
OPTIDX,NIFTY,08-Feb-2024,23000,PE,1280,1695,1280,1695,1693.5,24,293.03,1100,1100,23-JAN-2024,
OPTIDX,NIFTY,08-Feb-2024,23050,PE,0,0,0,1285.7,1743.3,0,0,0,0,23-JAN-2024,
OPTIDX,NIFTY,08-Feb-2024,23100,PE,0,0,0,1330.2,1793.1,0,0,0,0,23-JAN-2024,
OPTIDX,NIFTY,08-Feb-2024,23150,PE,0,0,0,1375.15,1842.9,0,0,0,0,23-JAN-2024,
OPTIDX,NIFTY,08-Feb-2024,23200,PE,0,0,0,1420.5,1892.75,0,0,0,0,23-JAN-2024,
OPTIDX,NIFTY,08-Feb-2024,23250,PE,0,0,0,1466.15,1942.55,0,0,0,0,23-JAN-2024,
OPTIDX,NIFTY,08-Feb-2024,23300,PE,0,0,0,1512.2,1992.4,0,0,0,0,23-JAN-2024,
OPTIDX,NIFTY,08-Feb-2024,23350,PE,0,0,0,1558.5,2042.25,0,0,0,0,23-JAN-2024,
OPTIDX,NIFTY,08-Feb-2024,23400,PE,0,0,0,1605.15,2092.1,0,0,0,0,23-JAN-2024,
OPTIDX,NIFTY,08-Feb-2024,23450,PE,0,0,0,1652.05,2141.95,0,0,0,0,23-JAN-2024,
OPTIDX,NIFTY,08-Feb-2024,23500,PE,0,0,0,1699.2,2191.8,0,0,0,0,23-JAN-2024,
OPTIDX,NIFTY,08-Feb-2024,23550,PE,0,0,0,1746.55,2241.65,0,0,0,0,23-JAN-2024,
OPTIDX,NIFTY,08-Feb-2024,23600,PE,0,0,0,1794.15,2291.5,0,0,0,0,23-JAN-2024,
OPTIDX,NIFTY,08-Feb-2024,23650,PE,0,0,0,1442.45,2341.35,0,0,250,0,23-JAN-2024,
OPTIDX,NIFTY,08-Feb-2024,23700,PE,0,0,0,1889.95,2391.2,0,0,0,0,23-JAN-2024,
OPTIDX,NIFTY,08-Feb-2024,23750,PE,0,0,0,1938.05,2441.05,0,0,0,0,23-JAN-2024,
OPTIDX,NIFTY,08-Feb-2024,23800,PE,0,0,0,1986.35,2490.9,0,0,0,0,23-JAN-2024,
OPTIDX,NIFTY,08-Feb-2024,23850,PE,0,0,0,2034.8,2540.75,0,0,0,0,23-JAN-2024,
OPTIDX,NIFTY,15-Feb-2024,19700,CE,0,0,0,2088.65,1623.55,0,0,0,0,23-JAN-2024,
OPTIDX,NIFTY,15-Feb-2024,19750,CE,0,0,0,2039.7,1574.05,0,0,0,0,23-JAN-2024,
OPTIDX,NIFTY,15-Feb-2024,19800,CE,0,0,0,1990.85,1524.65,0,0,0,0,23-JAN-2024,
OPTIDX,NIFTY,15-Feb-2024,19850,CE,0,0,0,1942.15,1475.4,0,0,0,0,23-JAN-2024,
OPTIDX,NIFTY,15-Feb-2024,19900,CE,0,0,0,1893.55,1426.2,0,0,0,0,23-JAN-2024,
OPTIDX,NIFTY,15-Feb-2024,19950,CE,1400,1404.2,1390,1400.25,1400.25,15,160.12,650,650,23-JAN-2024,
OPTIDX,NIFTY,15-Feb-2024,20000,CE,0,0,0,1796.85,1328.3,0,0,0,0,23-JAN-2024,
OPTIDX,NIFTY,15-Feb-2024,20050,CE,0,0,0,1748.8,1279.65,0,0,0,0,23-JAN-2024,
OPTIDX,NIFTY,15-Feb-2024,20100,CE,0,0,0,1700.9,1231.2,0,0,0,0,23-JAN-2024,
OPTIDX,NIFTY,15-Feb-2024,20150,CE,0,0,0,1653.3,1183.05,0,0,0,0,23-JAN-2024,
OPTIDX,NIFTY,15-Feb-2024,20200,CE,0,0,0,1605.9,1135.2,0,0,0,0,23-JAN-2024,
OPTIDX,NIFTY,15-Feb-2024,20250,CE,0,0,0,1558.75,1087.7,0,0,0,0,23-JAN-2024,
OPTIDX,NIFTY,15-Feb-2024,20300,CE,0,0,0,1511.9,1040.6,0,0,0,0,23-JAN-2024,
OPTIDX,NIFTY,15-Feb-2024,20350,CE,0,0,0,1465.4,993.95,0,0,0,0,23-JAN-2024,
OPTIDX,NIFTY,15-Feb-2024,20400,CE,0,0,0,1419.25,947.8,0,0,0,0,23-JAN-2024,
OPTIDX,NIFTY,15-Feb-2024,20450,CE,0,0,0,1373.5,902.25,0,0,0,0,23-JAN-2024,
OPTIDX,NIFTY,15-Feb-2024,20500,CE,940,940,940,940,857.35,1,10.72,50,50,23-JAN-2024,
OPTIDX,NIFTY,15-Feb-2024,20550,CE,0,0,0,1283.15,813.15,0,0,0,0,23-JAN-2024,
OPTIDX,NIFTY,15-Feb-2024,20600,CE,0,0,0,1238.7,769.75,0,0,0,0,23-JAN-2024,
OPTIDX,NIFTY,15-Feb-2024,20650,CE,0,0,0,1194.75,727.15,0,0,0,0,23-JAN-2024,
OPTIDX,NIFTY,15-Feb-2024,20700,CE,0,0,0,1151.3,685.5,0,0,0,0,23-JAN-2024,
OPTIDX,NIFTY,15-Feb-2024,20750,CE,0,0,0,1108.4,644.8,0,0,0,0,23-JAN-2024,
OPTIDX,NIFTY,15-Feb-2024,20800,CE,1000,1000,689.2,690.4,605.15,41,441.16,1750,1750,23-JAN-2024,
OPTIDX,NIFTY,15-Feb-2024,20850,CE,1000,1000,1000,1000,566.65,2,21.85,100,100,23-JAN-2024,
OPTIDX,NIFTY,15-Feb-2024,20900,CE,1000,1000,1000,1000,529.35,3,32.85,150,150,23-JAN-2024,
OPTIDX,NIFTY,15-Feb-2024,20950,CE,0,0,0,943.15,493.25,0,0,0,0,23-JAN-2024,
OPTIDX,NIFTY,15-Feb-2024,21000,CE,585.55,591.65,500,525.5,525.5,70,754.06,2900,2800,23-JAN-2024,
OPTIDX,NIFTY,15-Feb-2024,21050,CE,0,0,0,864.75,425,0,0,0,0,23-JAN-2024,
OPTIDX,NIFTY,15-Feb-2024,21100,CE,582.05,582.05,475.55,475.55,475.55,2,21.62,100,100,23-JAN-2024,
OPTIDX,NIFTY,15-Feb-2024,21150,CE,0,0,0,790.25,362.35,0,0,0,0,23-JAN-2024,
OPTIDX,NIFTY,15-Feb-2024,21200,CE,468.25,472.25,380,397.65,397.65,200,2161.46,7300,7300,23-JAN-2024,
OPTIDX,NIFTY,15-Feb-2024,21250,CE,393.2,393.2,378,383.85,383.85,21,227.15,1300,600,23-JAN-2024,
OPTIDX,NIFTY,15-Feb-2024,21300,CE,510,510,332.75,345.15,345.15,565,6134.42,16650,15750,23-JAN-2024,
OPTIDX,NIFTY,15-Feb-2024,21350,CE,0,0,0,549.45,254.55,0,0,100,0,23-JAN-2024,
OPTIDX,NIFTY,15-Feb-2024,21400,CE,545,545,280.15,293.95,293.95,723,7874.84,11200,9950,23-JAN-2024,
OPTIDX,NIFTY,15-Feb-2024,21450,CE,538.9,551.8,295.25,295.25,295.25,4,43.74,2200,100,23-JAN-2024,
OPTIDX,NIFTY,15-Feb-2024,21500,CE,520,529.95,240,253.4,253.4,1386,15140.58,24950,19200,23-JAN-2024,
OPTIDX,NIFTY,15-Feb-2024,21550,CE,0,0,0,451.95,170.4,0,0,1400,0,23-JAN-2024,
OPTIDX,NIFTY,15-Feb-2024,21600,CE,450,460,200,212.6,212.6,452,4950.48,13000,5400,23-JAN-2024,
OPTIDX,NIFTY,15-Feb-2024,21650,CE,405,422.5,178.15,188.85,188.85,156,1711.2,2900,1450,23-JAN-2024,
OPTIDX,NIFTY,15-Feb-2024,21700,CE,382.8,399.25,168,177.85,177.85,478,5253.4,13850,7050,23-JAN-2024,
OPTIDX,NIFTY,15-Feb-2024,21750,CE,355.15,368.2,171.9,171.9,108.4,85,938.13,2050,950,23-JAN-2024,
OPTIDX,NIFTY,15-Feb-2024,21800,CE,326.1,344.75,138.95,144.45,144.45,627,6904.38,13350,5150,23-JAN-2024,
OPTIDX,NIFTY,15-Feb-2024,21850,CE,304.75,304.75,230.1,230.1,84.7,21,232.09,1150,750,23-JAN-2024,
OPTIDX,NIFTY,15-Feb-2024,21900,CE,278.55,289.15,115,122.35,122.35,322,3559.23,7500,2850,23-JAN-2024,
OPTIDX,NIFTY,15-Feb-2024,21950,CE,200,200,112,116.25,116.25,33,365.13,1450,1250,23-JAN-2024,
OPTIDX,NIFTY,15-Feb-2024,22000,CE,234.95,235,94.75,101.7,101.7,1646,18231.06,44600,22700,23-JAN-2024,
OPTIDX,NIFTY,15-Feb-2024,22050,CE,183,197.05,137.6,137.6,49.65,48,532.98,3100,1850,23-JAN-2024,
OPTIDX,NIFTY,15-Feb-2024,22100,CE,182,189.7,79.6,83.2,83.2,227,2521.51,11400,850,23-JAN-2024,
OPTIDX,NIFTY,15-Feb-2024,22150,CE,136.5,136.55,93.7,93.7,37.25,54,601.17,2400,1500,23-JAN-2024,
OPTIDX,NIFTY,15-Feb-2024,22200,CE,151,157.05,63.9,69.5,69.5,469,5227.73,11250,5150,23-JAN-2024,
OPTIDX,NIFTY,15-Feb-2024,22250,CE,0,0,0,111.1,27.5,0,0,500,0,23-JAN-2024,
OPTIDX,NIFTY,15-Feb-2024,22300,CE,119,124.65,52.3,56.75,56.75,399,4464.63,7050,-1150,23-JAN-2024,
OPTIDX,NIFTY,15-Feb-2024,22350,CE,0,0,0,100.75,20.05,0,0,1050,0,23-JAN-2024,
OPTIDX,NIFTY,15-Feb-2024,22400,CE,88,98.1,45.25,47.45,47.45,205,2302.33,6150,3200,23-JAN-2024,
OPTIDX,NIFTY,15-Feb-2024,22450,CE,85.1,89.5,84.45,84.45,14.4,9,101.4,1550,100,23-JAN-2024,
OPTIDX,NIFTY,15-Feb-2024,22500,CE,79.85,79.85,37.4,40.8,40.8,1107,12484.45,24150,-1100,23-JAN-2024,
OPTIDX,NIFTY,15-Feb-2024,22550,CE,0,0,0,130.35,10.2,0,0,0,0,23-JAN-2024,
OPTIDX,NIFTY,15-Feb-2024,22600,CE,60,61,33.05,34.1,34.1,274,3102.13,10250,450,23-JAN-2024,
OPTIDX,NIFTY,15-Feb-2024,22650,CE,32.3,33.95,32.3,33.95,33.95,2,22.68,100,100,23-JAN-2024,
OPTIDX,NIFTY,15-Feb-2024,22700,CE,45.95,46.65,28.45,30.2,30.2,409,4649.19,13250,8500,23-JAN-2024,
OPTIDX,NIFTY,15-Feb-2024,22750,CE,0,0,0,92.2,4.9,0,0,0,0,23-JAN-2024,
OPTIDX,NIFTY,15-Feb-2024,22800,CE,39,39,25.55,26.4,26.4,442,5045.55,11200,3500,23-JAN-2024,
OPTIDX,NIFTY,15-Feb-2024,22850,CE,0,0,0,76.85,3.3,0,0,0,0,23-JAN-2024,
OPTIDX,NIFTY,15-Feb-2024,22900,CE,29.7,29.85,20.7,21.9,21.9,372,4263.76,5100,-2600,23-JAN-2024,
OPTIDX,NIFTY,15-Feb-2024,22950,CE,0,0,0,63.65,2.2,0,0,0,0,23-JAN-2024,
OPTIDX,NIFTY,15-Feb-2024,23000,CE,23.05,26.05,18,18.8,18.8,362,4166.69,23050,350,23-JAN-2024,
OPTIDX,NIFTY,15-Feb-2024,23050,CE,0,0,0,52.4,1.45,0,0,0,0,23-JAN-2024,
OPTIDX,NIFTY,15-Feb-2024,23100,CE,19.15,19.6,17.9,18.9,1.15,32,369.89,500,500,23-JAN-2024,
OPTIDX,NIFTY,15-Feb-2024,23150,CE,5.35,13.5,5.35,13.5,0.95,3,34.73,0,-100,23-JAN-2024,
OPTIDX,NIFTY,15-Feb-2024,23200,CE,0,0,0,19.1,0.75,0,0,100,0,23-JAN-2024,
OPTIDX,NIFTY,15-Feb-2024,23250,CE,0,0,0,33.35,0.6,0,0,100,0,23-JAN-2024,
OPTIDX,NIFTY,15-Feb-2024,23300,CE,0,0,0,34.35,0.5,0,0,500,0,23-JAN-2024,
OPTIDX,NIFTY,15-Feb-2024,23350,CE,0,0,0,28.2,0.4,0,0,0,0,23-JAN-2024,
OPTIDX,NIFTY,15-Feb-2024,23400,CE,0,0,0,21.1,0.3,0,0,2200,0,23-JAN-2024,
OPTIDX,NIFTY,15-Feb-2024,23450,CE,0,0,0,22.65,0.25,0,0,0,0,23-JAN-2024,
OPTIDX,NIFTY,15-Feb-2024,23500,CE,11.1,12.35,5.15,11.3,11.3,149,1751.51,5550,2600,23-JAN-2024,
OPTIDX,NIFTY,15-Feb-2024,23550,CE,0,0,0,18.1,0.15,0,0,0,0,23-JAN-2024,
OPTIDX,NIFTY,15-Feb-2024,23600,CE,0,0,0,16.15,0.1,0,0,0,0,23-JAN-2024,
OPTIDX,NIFTY,15-Feb-2024,23650,CE,11.35,12.3,10,11.3,0.1,8,94.64,1750,0,23-JAN-2024,
OPTIDX,NIFTY,15-Feb-2024,23700,CE,10.9,10.9,10,10,10,4,47.42,600,50,23-JAN-2024,
OPTIDX,NIFTY,15-Feb-2024,23750,CE,0,0,0,11.35,0.05,0,0,0,0,23-JAN-2024,
OPTIDX,NIFTY,15-Feb-2024,23800,CE,0,0,0,12.35,0.05,0,0,50,0,23-JAN-2024,
OPTIDX,NIFTY,15-Feb-2024,23850,CE,0,0,0,8.9,0.05,0,0,0,0,23-JAN-2024,
OPTIDX,NIFTY,15-Feb-2024,19700,PE,0,0,0,4.05,1.1,0,0,0,0,23-JAN-2024,
OPTIDX,NIFTY,15-Feb-2024,19750,PE,0,0,0,4.75,1.45,0,0,0,0,23-JAN-2024,
OPTIDX,NIFTY,15-Feb-2024,19800,PE,5.55,8,5.55,8,8,2,19.8,150,0,23-JAN-2024,
OPTIDX,NIFTY,15-Feb-2024,19850,PE,0,0,0,6.5,2.35,0,0,0,0,23-JAN-2024,
OPTIDX,NIFTY,15-Feb-2024,19900,PE,0,0,0,7.55,2.95,0,0,0,0,23-JAN-2024,
OPTIDX,NIFTY,15-Feb-2024,19950,PE,0,0,0,8.8,3.7,0,0,0,0,23-JAN-2024,
OPTIDX,NIFTY,15-Feb-2024,20000,PE,5.65,38.15,4.5,34.95,34.95,1449,14510.47,11900,10650,23-JAN-2024,
OPTIDX,NIFTY,15-Feb-2024,20050,PE,0,0,0,11.75,5.75,0,0,0,0,23-JAN-2024,
OPTIDX,NIFTY,15-Feb-2024,20100,PE,0,0,0,13.5,7.1,0,0,0,0,23-JAN-2024,
OPTIDX,NIFTY,15-Feb-2024,20150,PE,0,0,0,15.5,8.7,0,0,0,0,23-JAN-2024,
OPTIDX,NIFTY,15-Feb-2024,20200,PE,0,0,0,17.75,10.65,0,0,0,0,23-JAN-2024,
OPTIDX,NIFTY,15-Feb-2024,20250,PE,0,0,0,20.3,12.95,0,0,0,0,23-JAN-2024,
OPTIDX,NIFTY,15-Feb-2024,20300,PE,0,0,0,23.1,15.6,0,0,0,0,23-JAN-2024,
OPTIDX,NIFTY,15-Feb-2024,20350,PE,0,0,0,26.25,18.75,0,0,0,0,23-JAN-2024,
OPTIDX,NIFTY,15-Feb-2024,20400,PE,0,0,0,29.75,22.45,0,0,0,0,23-JAN-2024,
OPTIDX,NIFTY,15-Feb-2024,20450,PE,0,0,0,33.65,26.65,0,0,0,0,23-JAN-2024,
OPTIDX,NIFTY,15-Feb-2024,20500,PE,32.5,98.5,24.55,90.7,90.7,2395,24624.25,24150,16850,23-JAN-2024,
OPTIDX,NIFTY,15-Feb-2024,20550,PE,0,0,0,42.6,37.15,0,0,0,0,23-JAN-2024,
OPTIDX,NIFTY,15-Feb-2024,20600,PE,0,0,0,47.8,43.5,0,0,0,0,23-JAN-2024,
OPTIDX,NIFTY,15-Feb-2024,20650,PE,0,0,0,53.5,50.7,0,0,0,0,23-JAN-2024,
OPTIDX,NIFTY,15-Feb-2024,20700,PE,0,0,0,59.7,58.85,0,0,0,0,23-JAN-2024,
OPTIDX,NIFTY,15-Feb-2024,20750,PE,0,0,0,66.45,67.95,0,0,0,0,23-JAN-2024,
OPTIDX,NIFTY,15-Feb-2024,20800,PE,34.95,159.6,34.95,146.15,146.15,1605,16767.91,8450,8450,23-JAN-2024,
OPTIDX,NIFTY,15-Feb-2024,20850,PE,0,0,0,81.8,89.35,0,0,0,0,23-JAN-2024,
OPTIDX,NIFTY,15-Feb-2024,20900,PE,0,0,0,90.5,101.85,0,0,0,0,23-JAN-2024,
OPTIDX,NIFTY,15-Feb-2024,20950,PE,0,0,0,99.8,115.55,0,0,0,0,23-JAN-2024,
OPTIDX,NIFTY,15-Feb-2024,21000,PE,65,223.4,64.95,208.35,208.35,6503,68796.23,25750,4450,23-JAN-2024,
OPTIDX,NIFTY,15-Feb-2024,21050,PE,120,150,120,150,146.9,20,211.83,1000,1000,23-JAN-2024,
OPTIDX,NIFTY,15-Feb-2024,21100,PE,98.95,259.7,98.95,243.1,243.1,748,7961.91,9600,2450,23-JAN-2024,
OPTIDX,NIFTY,15-Feb-2024,21150,PE,125,260.45,125,258,258,34,363.12,2100,800,23-JAN-2024,
OPTIDX,NIFTY,15-Feb-2024,21200,PE,116.55,306.65,89.7,287.4,287.4,896,9579.81,12350,9950,23-JAN-2024,
OPTIDX,NIFTY,15-Feb-2024,21250,PE,315.4,315.4,290.9,297.8,297.8,12,129.29,450,450,23-JAN-2024,
OPTIDX,NIFTY,15-Feb-2024,21300,PE,122.15,350,105.6,326.05,326.05,453,4886.62,9950,8500,23-JAN-2024,
OPTIDX,NIFTY,15-Feb-2024,21350,PE,0,0,0,202.9,275.15,0,0,0,0,23-JAN-2024,
OPTIDX,NIFTY,15-Feb-2024,21400,PE,144.6,399.95,140.8,376.95,376.95,573,6213.52,4450,200,23-JAN-2024,
OPTIDX,NIFTY,15-Feb-2024,21450,PE,155,406,155,395,395,28,304.76,1000,650,23-JAN-2024,
OPTIDX,NIFTY,15-Feb-2024,21500,PE,182,453.35,154,427.7,427.7,3321,36116.95,14650,-14250,23-JAN-2024,
OPTIDX,NIFTY,15-Feb-2024,21550,PE,319.35,485.25,319.35,468.9,468.9,211,2309.64,4250,4150,23-JAN-2024,
OPTIDX,NIFTY,15-Feb-2024,21600,PE,190,510.85,190,486.45,486.45,793,8699.89,3000,-1700,23-JAN-2024,
OPTIDX,NIFTY,15-Feb-2024,21650,PE,322.4,485,322.4,485,456.1,19,208.93,750,350,23-JAN-2024,
OPTIDX,NIFTY,15-Feb-2024,21700,PE,220.5,595.05,220.5,551.45,551.45,632,6976.69,3000,400,23-JAN-2024,
OPTIDX,NIFTY,15-Feb-2024,21750,PE,255.6,485,245.55,485,527.25,50,550.54,750,750,23-JAN-2024,
OPTIDX,NIFTY,15-Feb-2024,21800,PE,272.95,648.15,272.5,624.5,624.5,365,4056.78,6250,-900,23-JAN-2024,
OPTIDX,NIFTY,15-Feb-2024,21850,PE,0,0,0,348.6,603.2,0,0,0,0,23-JAN-2024,
OPTIDX,NIFTY,15-Feb-2024,21900,PE,320,700,319.95,700,642.75,28,312.45,1350,250,23-JAN-2024,
OPTIDX,NIFTY,15-Feb-2024,21950,PE,0,0,0,470.3,683.35,0,0,0,0,23-JAN-2024,
OPTIDX,NIFTY,15-Feb-2024,22000,PE,355,809.3,355,790.4,790.4,409,4611.11,6250,1600,23-JAN-2024,
OPTIDX,NIFTY,15-Feb-2024,22050,PE,0,0,0,560,767.3,0,0,1250,0,23-JAN-2024,
OPTIDX,NIFTY,15-Feb-2024,22100,PE,721,721,721,721,810.5,1,11.41,1200,-50,23-JAN-2024,
OPTIDX,NIFTY,15-Feb-2024,22150,PE,0,0,0,343.55,854.4,0,0,50,0,23-JAN-2024,
OPTIDX,NIFTY,15-Feb-2024,22200,PE,750,750,750,750,899.05,1,11.47,1700,0,23-JAN-2024,
OPTIDX,NIFTY,15-Feb-2024,22250,PE,0,0,0,657.2,944.3,0,0,0,0,23-JAN-2024,
OPTIDX,NIFTY,15-Feb-2024,22300,PE,950.2,1030.9,950.2,1021.7,1021.7,10,116.57,1800,-400,23-JAN-2024,
OPTIDX,NIFTY,15-Feb-2024,22350,PE,0,0,0,726.75,1036.4,0,0,0,0,23-JAN-2024,
OPTIDX,NIFTY,15-Feb-2024,22400,PE,0,0,0,762.8,1083.15,0,0,0,0,23-JAN-2024,
OPTIDX,NIFTY,15-Feb-2024,22450,PE,0,0,0,800.6,1130.3,0,0,0,0,23-JAN-2024,
OPTIDX,NIFTY,15-Feb-2024,22500,PE,0,0,0,837.45,1177.85,0,0,0,0,23-JAN-2024,
OPTIDX,NIFTY,15-Feb-2024,22550,PE,0,0,0,875.85,1225.7,0,0,0,0,23-JAN-2024,
OPTIDX,NIFTY,15-Feb-2024,22600,PE,0,0,0,914.95,1273.8,0,0,0,0,23-JAN-2024,
OPTIDX,NIFTY,15-Feb-2024,22650,PE,0,0,0,954.75,1322.15,0,0,0,0,23-JAN-2024,
OPTIDX,NIFTY,15-Feb-2024,22700,PE,0,0,0,995.2,1370.75,0,0,0,0,23-JAN-2024,
OPTIDX,NIFTY,15-Feb-2024,22750,PE,0,0,0,1036.3,1419.5,0,0,0,0,23-JAN-2024,
OPTIDX,NIFTY,15-Feb-2024,22800,PE,0,0,0,1078,1468.45,0,0,0,0,23-JAN-2024,
OPTIDX,NIFTY,15-Feb-2024,22850,PE,0,0,0,1120.25,1517.5,0,0,0,0,23-JAN-2024,
OPTIDX,NIFTY,15-Feb-2024,22900,PE,0,0,0,1163.05,1566.7,0,0,0,0,23-JAN-2024,
OPTIDX,NIFTY,15-Feb-2024,22950,PE,0,0,0,1206.35,1616,0,0,0,0,23-JAN-2024,
OPTIDX,NIFTY,15-Feb-2024,23000,PE,0,0,0,910,1665.35,0,0,100,0,23-JAN-2024,
OPTIDX,NIFTY,15-Feb-2024,23050,PE,0,0,0,1294.4,1714.8,0,0,0,0,23-JAN-2024,
OPTIDX,NIFTY,15-Feb-2024,23100,PE,0,0,0,1339.1,1764.35,0,0,0,0,23-JAN-2024,
OPTIDX,NIFTY,15-Feb-2024,23150,PE,0,0,0,1384.2,1813.9,0,0,0,0,23-JAN-2024,
OPTIDX,NIFTY,15-Feb-2024,23200,PE,0,0,0,1429.7,1863.5,0,0,0,0,23-JAN-2024,
OPTIDX,NIFTY,15-Feb-2024,23250,PE,0,0,0,1475.5,1913.1,0,0,0,0,23-JAN-2024,
OPTIDX,NIFTY,15-Feb-2024,23300,PE,0,0,0,1521.65,1962.8,0,0,0,0,23-JAN-2024,
OPTIDX,NIFTY,15-Feb-2024,23350,PE,0,0,0,1568.15,2012.45,0,0,0,0,23-JAN-2024,
OPTIDX,NIFTY,15-Feb-2024,23400,PE,0,0,0,1614.9,2062.2,0,0,0,0,23-JAN-2024,
OPTIDX,NIFTY,15-Feb-2024,23450,PE,0,0,0,1661.9,2111.9,0,0,0,0,23-JAN-2024,
OPTIDX,NIFTY,15-Feb-2024,23500,PE,0,0,0,1709.15,2161.65,0,0,0,0,23-JAN-2024,
OPTIDX,NIFTY,15-Feb-2024,23550,PE,0,0,0,1756.65,2211.4,0,0,0,0,23-JAN-2024,
OPTIDX,NIFTY,15-Feb-2024,23600,PE,0,0,0,1804.3,2261.15,0,0,0,0,23-JAN-2024,
OPTIDX,NIFTY,15-Feb-2024,23650,PE,0,0,0,1852.2,2310.9,0,0,0,0,23-JAN-2024,
OPTIDX,NIFTY,15-Feb-2024,23700,PE,0,0,0,1900.25,2360.7,0,0,0,0,23-JAN-2024,
OPTIDX,NIFTY,15-Feb-2024,23750,PE,0,0,0,1948.45,2410.45,0,0,0,0,23-JAN-2024,
OPTIDX,NIFTY,15-Feb-2024,23800,PE,0,0,0,1996.85,2460.2,0,0,0,0,23-JAN-2024,
OPTIDX,NIFTY,15-Feb-2024,23850,PE,0,0,0,2045.35,2510,0,0,0,0,23-JAN-2024,
OPTIDX,NIFTY,22-Feb-2024,19700,CE,0,0,0,1907.8,1650.75,0,0,0,0,23-JAN-2024,
OPTIDX,NIFTY,22-Feb-2024,19750,CE,0,0,0,1859.35,1601.7,0,0,0,0,23-JAN-2024,
OPTIDX,NIFTY,22-Feb-2024,19800,CE,0,0,0,1811.1,1552.8,0,0,0,0,23-JAN-2024,
OPTIDX,NIFTY,22-Feb-2024,19850,CE,0,0,0,1763,1504,0,0,0,0,23-JAN-2024,
OPTIDX,NIFTY,22-Feb-2024,19900,CE,0,0,0,1715.1,1455.45,0,0,0,0,23-JAN-2024,
OPTIDX,NIFTY,22-Feb-2024,19950,CE,0,0,0,1667.45,1407.05,0,0,0,0,23-JAN-2024,
OPTIDX,NIFTY,22-Feb-2024,20000,CE,0,0,0,1620.05,1358.9,0,0,0,0,23-JAN-2024,
OPTIDX,NIFTY,22-Feb-2024,20050,CE,0,0,0,1572.9,1311,0,0,0,0,23-JAN-2024,
OPTIDX,NIFTY,22-Feb-2024,20100,CE,0,0,0,1526.05,1263.4,0,0,0,0,23-JAN-2024,
OPTIDX,NIFTY,22-Feb-2024,20150,CE,0,0,0,1479.5,1216.15,0,0,0,0,23-JAN-2024,
OPTIDX,NIFTY,22-Feb-2024,20200,CE,0,0,0,1433.3,1169.3,0,0,0,0,23-JAN-2024,
OPTIDX,NIFTY,22-Feb-2024,20250,CE,0,0,0,1387.5,1122.85,0,0,0,0,23-JAN-2024,
OPTIDX,NIFTY,22-Feb-2024,20300,CE,0,0,0,1342.05,1076.85,0,0,0,0,23-JAN-2024,
OPTIDX,NIFTY,22-Feb-2024,20350,CE,0,0,0,1297.1,1031.35,0,0,0,0,23-JAN-2024,
OPTIDX,NIFTY,22-Feb-2024,20400,CE,0,0,0,1252.55,986.45,0,0,0,0,23-JAN-2024,
OPTIDX,NIFTY,22-Feb-2024,20450,CE,0,0,0,1208.55,942.1,0,0,0,0,23-JAN-2024,
OPTIDX,NIFTY,22-Feb-2024,20500,CE,0,0,0,1165,898.5,0,0,0,0,23-JAN-2024,
OPTIDX,NIFTY,22-Feb-2024,20550,CE,0,0,0,1122.05,855.55,0,0,0,0,23-JAN-2024,
OPTIDX,NIFTY,22-Feb-2024,20600,CE,0,0,0,1079.7,813.4,0,0,0,0,23-JAN-2024,
OPTIDX,NIFTY,22-Feb-2024,20650,CE,0,0,0,1037.95,772.05,0,0,0,0,23-JAN-2024,
OPTIDX,NIFTY,22-Feb-2024,20700,CE,0,0,0,996.85,731.55,0,0,0,0,23-JAN-2024,
OPTIDX,NIFTY,22-Feb-2024,20750,CE,0,0,0,956.4,692.05,0,0,0,0,23-JAN-2024,
OPTIDX,NIFTY,22-Feb-2024,20800,CE,0,0,0,916.7,653.5,0,0,0,0,23-JAN-2024,
OPTIDX,NIFTY,22-Feb-2024,20850,CE,0,0,0,877.75,615.95,0,0,0,0,23-JAN-2024,
OPTIDX,NIFTY,22-Feb-2024,20900,CE,0,0,0,839.55,579.5,0,0,0,0,23-JAN-2024,
OPTIDX,NIFTY,22-Feb-2024,20950,CE,0,0,0,803,544.2,0,0,0,0,23-JAN-2024,
OPTIDX,NIFTY,22-Feb-2024,21000,CE,0,0,0,765.45,510,0,0,0,0,23-JAN-2024,
OPTIDX,NIFTY,22-Feb-2024,21050,CE,0,0,0,729.75,477.05,0,0,0,0,23-JAN-2024,
OPTIDX,NIFTY,22-Feb-2024,21100,CE,0,0,0,694.95,445.3,0,0,0,0,23-JAN-2024,
OPTIDX,NIFTY,22-Feb-2024,21150,CE,0,0,0,661,414.8,0,0,0,0,23-JAN-2024,
OPTIDX,NIFTY,22-Feb-2024,21200,CE,0,0,0,628.05,385.55,0,0,0,0,23-JAN-2024,
OPTIDX,NIFTY,22-Feb-2024,21250,CE,0,0,0,596,357.6,0,0,0,0,23-JAN-2024,
OPTIDX,NIFTY,22-Feb-2024,21300,CE,559.2,559.2,370,370,370,11,119.71,400,400,23-JAN-2024,
OPTIDX,NIFTY,22-Feb-2024,21350,CE,0,0,0,534.8,305.65,0,0,0,0,23-JAN-2024,
OPTIDX,NIFTY,22-Feb-2024,21400,CE,515.4,515.4,347.55,347.55,347.55,39,425.79,400,400,23-JAN-2024,
OPTIDX,NIFTY,22-Feb-2024,21450,CE,0,0,0,477.5,258.85,0,0,0,0,23-JAN-2024,
OPTIDX,NIFTY,22-Feb-2024,21500,CE,444,444,290,292.65,292.65,38,414.75,1150,1150,23-JAN-2024,
OPTIDX,NIFTY,22-Feb-2024,21550,CE,491.85,491.85,381.2,400.3,217.2,22,241.55,750,750,23-JAN-2024,
OPTIDX,NIFTY,22-Feb-2024,21600,CE,501.45,510.25,295,309.8,198.25,55,603.99,2100,1250,23-JAN-2024,
OPTIDX,NIFTY,22-Feb-2024,21650,CE,0,0,0,374.85,180.5,0,0,0,0,23-JAN-2024,
OPTIDX,NIFTY,22-Feb-2024,21700,CE,0,0,0,351.7,163.95,0,0,0,0,23-JAN-2024,
OPTIDX,NIFTY,22-Feb-2024,21750,CE,0,0,0,329.55,148.55,0,0,0,0,23-JAN-2024,
OPTIDX,NIFTY,22-Feb-2024,21800,CE,274.65,274.65,175,179.45,179.45,22,242.31,650,600,23-JAN-2024,
OPTIDX,NIFTY,22-Feb-2024,21850,CE,0,0,0,288.15,121.05,0,0,0,0,23-JAN-2024,
OPTIDX,NIFTY,22-Feb-2024,21900,CE,0,0,0,268.9,108.85,0,0,0,0,23-JAN-2024,
OPTIDX,NIFTY,22-Feb-2024,21950,CE,0,0,0,250.6,97.65,0,0,0,0,23-JAN-2024,
OPTIDX,NIFTY,22-Feb-2024,22000,CE,241.75,241.75,121.15,127.65,127.65,336,3723.32,4750,4450,23-JAN-2024,
OPTIDX,NIFTY,22-Feb-2024,22050,CE,183.25,183.25,183.25,183.25,77.95,1,11.11,50,50,23-JAN-2024,
OPTIDX,NIFTY,22-Feb-2024,22100,CE,219.2,219.2,107.3,107.3,107.3,3,33.41,0,0,23-JAN-2024,
OPTIDX,NIFTY,22-Feb-2024,22150,CE,0,0,0,186.35,61.6,0,0,0,0,23-JAN-2024,
OPTIDX,NIFTY,22-Feb-2024,22200,CE,134.65,134.65,90,92,92,13,145.01,800,600,23-JAN-2024,
OPTIDX,NIFTY,22-Feb-2024,22250,CE,0,0,0,159.35,48.15,0,0,0,0,23-JAN-2024,
OPTIDX,NIFTY,22-Feb-2024,22300,CE,136.8,138.65,85,85,42.4,19,212.81,250,-150,23-JAN-2024,
OPTIDX,NIFTY,22-Feb-2024,22350,CE,0,0,0,135.7,37.25,0,0,0,0,23-JAN-2024,
OPTIDX,NIFTY,22-Feb-2024,22400,CE,89.45,89.45,63.35,65.65,65.65,11,123.61,200,200,23-JAN-2024,
OPTIDX,NIFTY,22-Feb-2024,22450,CE,0,0,0,114.75,28.5,0,0,0,0,23-JAN-2024,
OPTIDX,NIFTY,22-Feb-2024,22500,CE,100,104.4,48.7,54.35,54.35,373,4209.01,8050,2400,23-JAN-2024,
OPTIDX,NIFTY,22-Feb-2024,22550,CE,0,0,0,96.45,21.6,0,0,0,0,23-JAN-2024,
OPTIDX,NIFTY,22-Feb-2024,22600,CE,0,0,0,90.75,18.7,0,0,50,0,23-JAN-2024,
OPTIDX,NIFTY,22-Feb-2024,22650,CE,0,0,0,80.6,16.15,0,0,0,0,23-JAN-2024,
OPTIDX,NIFTY,22-Feb-2024,22700,CE,57.6,60.5,57.6,60.5,13.95,3,34.13,200,150,23-JAN-2024,
OPTIDX,NIFTY,22-Feb-2024,22750,CE,0,0,0,66.95,12,0,0,0,0,23-JAN-2024,
OPTIDX,NIFTY,22-Feb-2024,22800,CE,37.05,37.05,37,37,37,2,22.83,100,100,23-JAN-2024,
OPTIDX,NIFTY,22-Feb-2024,22850,CE,0,0,0,55.3,8.8,0,0,0,0,23-JAN-2024,
OPTIDX,NIFTY,22-Feb-2024,22900,CE,0,0,0,50.15,7.5,0,0,0,0,23-JAN-2024,
OPTIDX,NIFTY,22-Feb-2024,22950,CE,31.5,31.5,31.5,31.5,31.5,2,22.98,400,100,23-JAN-2024,
OPTIDX,NIFTY,22-Feb-2024,23000,CE,27.85,27.85,21.55,23.25,23.25,32,368.39,2250,850,23-JAN-2024,
OPTIDX,NIFTY,22-Feb-2024,23050,CE,0,0,0,37.05,4.55,0,0,0,0,23-JAN-2024,
OPTIDX,NIFTY,22-Feb-2024,23100,CE,0,0,0,18.25,3.85,0,0,100,0,23-JAN-2024,
OPTIDX,NIFTY,22-Feb-2024,23150,CE,0,0,0,30.05,3.25,0,0,0,0,23-JAN-2024,
OPTIDX,NIFTY,22-Feb-2024,23200,CE,10.75,10.75,10.75,10.75,2.7,1,11.6,50,0,23-JAN-2024,
OPTIDX,NIFTY,22-Feb-2024,23250,CE,0,0,0,24.25,2.3,0,0,0,0,23-JAN-2024,
OPTIDX,NIFTY,22-Feb-2024,23300,CE,0,0,0,21.7,1.9,0,0,0,0,23-JAN-2024,
OPTIDX,NIFTY,22-Feb-2024,23350,CE,0,0,0,19.45,1.6,0,0,0,0,23-JAN-2024,
OPTIDX,NIFTY,22-Feb-2024,19700,PE,0,0,0,7.55,2.95,0,0,0,0,23-JAN-2024,
OPTIDX,NIFTY,22-Feb-2024,19750,PE,0,0,0,8.75,3.65,0,0,0,0,23-JAN-2024,
OPTIDX,NIFTY,22-Feb-2024,19800,PE,0,0,0,15.3,4.45,0,0,0,0,23-JAN-2024,
OPTIDX,NIFTY,22-Feb-2024,19850,PE,0,0,0,11.7,5.4,0,0,0,0,23-JAN-2024,
OPTIDX,NIFTY,22-Feb-2024,19900,PE,0,0,0,13.45,6.55,0,0,0,0,23-JAN-2024,
OPTIDX,NIFTY,22-Feb-2024,19950,PE,0,0,0,15.45,7.85,0,0,0,0,23-JAN-2024,
OPTIDX,NIFTY,22-Feb-2024,20000,PE,0,0,0,17.7,9.45,0,0,0,0,23-JAN-2024,
OPTIDX,NIFTY,22-Feb-2024,20050,PE,0,0,0,20.2,11.3,0,0,0,0,23-JAN-2024,
OPTIDX,NIFTY,22-Feb-2024,20100,PE,0,0,0,23,13.4,0,0,0,0,23-JAN-2024,
OPTIDX,NIFTY,22-Feb-2024,20150,PE,0,0,0,26.1,15.9,0,0,0,0,23-JAN-2024,
OPTIDX,NIFTY,22-Feb-2024,20200,PE,0,0,0,29.55,18.75,0,0,0,0,23-JAN-2024,
OPTIDX,NIFTY,22-Feb-2024,20250,PE,0,0,0,33.4,22,0,0,0,0,23-JAN-2024,
OPTIDX,NIFTY,22-Feb-2024,20300,PE,0,0,0,37.65,25.75,0,0,0,0,23-JAN-2024,
OPTIDX,NIFTY,22-Feb-2024,20350,PE,0,0,0,42.3,29.95,0,0,0,0,23-JAN-2024,
OPTIDX,NIFTY,22-Feb-2024,20400,PE,0,0,0,47.45,34.75,0,0,0,0,23-JAN-2024,
OPTIDX,NIFTY,22-Feb-2024,20450,PE,0,0,0,53.05,40.2,0,0,0,0,23-JAN-2024,
OPTIDX,NIFTY,22-Feb-2024,20500,PE,0,0,0,59.2,46.25,0,0,0,0,23-JAN-2024,
OPTIDX,NIFTY,22-Feb-2024,20550,PE,0,0,0,65.85,53.05,0,0,0,0,23-JAN-2024,
OPTIDX,NIFTY,22-Feb-2024,20600,PE,0,0,0,73.15,60.6,0,0,0,0,23-JAN-2024,
OPTIDX,NIFTY,22-Feb-2024,20650,PE,0,0,0,81.05,69,0,0,0,0,23-JAN-2024,
OPTIDX,NIFTY,22-Feb-2024,20700,PE,0,0,0,89.6,78.25,0,0,0,0,23-JAN-2024,
OPTIDX,NIFTY,22-Feb-2024,20750,PE,0,0,0,98.85,88.45,0,0,0,0,23-JAN-2024,
OPTIDX,NIFTY,22-Feb-2024,20800,PE,0,0,0,45.45,99.6,0,0,50,0,23-JAN-2024,
OPTIDX,NIFTY,22-Feb-2024,20850,PE,0,0,0,119.45,111.8,0,0,0,0,23-JAN-2024,
OPTIDX,NIFTY,22-Feb-2024,20900,PE,0,0,0,130.9,125.1,0,0,0,0,23-JAN-2024,
OPTIDX,NIFTY,22-Feb-2024,20950,PE,0,0,0,144,139.5,0,0,0,0,23-JAN-2024,
OPTIDX,NIFTY,22-Feb-2024,21000,PE,90,245.6,80,224.45,224.45,758,8020.86,7600,5500,23-JAN-2024,
OPTIDX,NIFTY,22-Feb-2024,21050,PE,102.5,145.5,102.5,145,171.8,57,603.54,2850,2850,23-JAN-2024,
OPTIDX,NIFTY,22-Feb-2024,21100,PE,0,0,0,184.9,189.75,0,0,0,0,23-JAN-2024,
OPTIDX,NIFTY,22-Feb-2024,21150,PE,0,0,0,200.65,208.95,0,0,0,0,23-JAN-2024,
OPTIDX,NIFTY,22-Feb-2024,21200,PE,0,0,0,217.3,229.45,0,0,0,0,23-JAN-2024,
OPTIDX,NIFTY,22-Feb-2024,21250,PE,0,0,0,234.9,251.25,0,0,0,0,23-JAN-2024,
OPTIDX,NIFTY,22-Feb-2024,21300,PE,201.5,364.1,200.7,347.2,347.2,32,345.58,350,350,23-JAN-2024,
OPTIDX,NIFTY,22-Feb-2024,21350,PE,0,0,0,273,298.7,0,0,0,0,23-JAN-2024,
OPTIDX,NIFTY,22-Feb-2024,21400,PE,151,414.75,150.25,394.05,394.05,376,4067.9,11950,3400,23-JAN-2024,
OPTIDX,NIFTY,22-Feb-2024,21450,PE,355.1,355.1,355.1,355.1,351.35,1,10.9,50,50,23-JAN-2024,
OPTIDX,NIFTY,22-Feb-2024,21500,PE,194.75,473.15,179.9,443.1,443.1,220,2399.7,2750,1450,23-JAN-2024,
OPTIDX,NIFTY,22-Feb-2024,21550,PE,0,0,0,361.05,409.15,0,0,0,0,23-JAN-2024,
OPTIDX,NIFTY,22-Feb-2024,21600,PE,218.3,360.55,218.3,359.4,439.95,38,415.73,1050,900,23-JAN-2024,
OPTIDX,NIFTY,22-Feb-2024,21650,PE,0,0,0,410.95,471.9,0,0,0,0,23-JAN-2024,
OPTIDX,NIFTY,22-Feb-2024,21700,PE,0,0,0,437.45,505.1,0,0,0,0,23-JAN-2024,
OPTIDX,NIFTY,22-Feb-2024,21750,PE,0,0,0,464.95,539.45,0,0,0,0,23-JAN-2024,
OPTIDX,NIFTY,22-Feb-2024,21800,PE,0,0,0,493.4,574.85,0,0,0,0,23-JAN-2024,
OPTIDX,NIFTY,22-Feb-2024,21850,PE,0,0,0,522.85,611.35,0,0,0,0,23-JAN-2024,
OPTIDX,NIFTY,22-Feb-2024,21900,PE,0,0,0,553.25,648.9,0,0,0,0,23-JAN-2024,
OPTIDX,NIFTY,22-Feb-2024,21950,PE,0,0,0,584.6,687.4,0,0,0,0,23-JAN-2024,
OPTIDX,NIFTY,22-Feb-2024,22000,PE,0,0,0,616.85,726.85,0,0,0,0,23-JAN-2024,
OPTIDX,NIFTY,22-Feb-2024,22050,PE,0,0,0,650.05,767.15,0,0,0,0,23-JAN-2024,
OPTIDX,NIFTY,22-Feb-2024,22100,PE,0,0,0,684.1,808.3,0,0,0,0,23-JAN-2024,
OPTIDX,NIFTY,22-Feb-2024,22150,PE,0,0,0,719,850.25,0,0,0,0,23-JAN-2024,
OPTIDX,NIFTY,22-Feb-2024,22200,PE,0,0,0,754.7,892.9,0,0,0,0,23-JAN-2024,
OPTIDX,NIFTY,22-Feb-2024,22250,PE,0,0,0,791.3,936.25,0,0,0,0,23-JAN-2024,
OPTIDX,NIFTY,22-Feb-2024,22300,PE,0,0,0,829.65,980.25,0,0,0,0,23-JAN-2024,
OPTIDX,NIFTY,22-Feb-2024,22350,PE,0,0,0,866.9,1024.8,0,0,0,0,23-JAN-2024,
OPTIDX,NIFTY,22-Feb-2024,22400,PE,0,0,0,905.7,1069.9,0,0,0,0,23-JAN-2024,
OPTIDX,NIFTY,22-Feb-2024,22450,PE,0,0,0,945.25,1115.5,0,0,0,0,23-JAN-2024,
OPTIDX,NIFTY,22-Feb-2024,22500,PE,0,0,0,985.45,1161.55,0,0,0,0,23-JAN-2024,
OPTIDX,NIFTY,22-Feb-2024,22550,PE,0,0,0,1026.25,1208.05,0,0,0,0,23-JAN-2024,
OPTIDX,NIFTY,22-Feb-2024,22600,PE,0,0,0,1067.7,1254.9,0,0,0,0,23-JAN-2024,
OPTIDX,NIFTY,22-Feb-2024,22650,PE,0,0,0,1109.7,1302.05,0,0,0,0,23-JAN-2024,
OPTIDX,NIFTY,22-Feb-2024,22700,PE,0,0,0,1152.3,1349.55,0,0,0,0,23-JAN-2024,
OPTIDX,NIFTY,22-Feb-2024,22750,PE,0,0,0,1195.4,1397.3,0,0,0,0,23-JAN-2024,
OPTIDX,NIFTY,22-Feb-2024,22800,PE,0,0,0,1238.95,1445.35,0,0,0,0,23-JAN-2024,
OPTIDX,NIFTY,22-Feb-2024,22850,PE,0,0,0,1283,1493.55,0,0,0,0,23-JAN-2024,
OPTIDX,NIFTY,22-Feb-2024,22900,PE,0,0,0,1327.5,1542,0,0,0,0,23-JAN-2024,
OPTIDX,NIFTY,22-Feb-2024,22950,PE,0,0,0,1372.4,1590.6,0,0,0,0,23-JAN-2024,
OPTIDX,NIFTY,22-Feb-2024,23000,PE,0,0,0,1417.7,1639.35,0,0,0,0,23-JAN-2024,
OPTIDX,NIFTY,22-Feb-2024,23050,PE,0,0,0,1463.35,1688.25,0,0,0,0,23-JAN-2024,
OPTIDX,NIFTY,22-Feb-2024,23100,PE,0,0,0,1509.35,1737.25,0,0,0,0,23-JAN-2024,
OPTIDX,NIFTY,22-Feb-2024,23150,PE,0,0,0,1555.65,1786.35,0,0,0,0,23-JAN-2024,
OPTIDX,NIFTY,22-Feb-2024,23200,PE,0,0,0,1602.25,1835.55,0,0,0,0,23-JAN-2024,
OPTIDX,NIFTY,22-Feb-2024,23250,PE,0,0,0,1649.15,1884.85,0,0,0,0,23-JAN-2024,
OPTIDX,NIFTY,22-Feb-2024,23300,PE,0,0,0,1696.25,1934.2,0,0,0,0,23-JAN-2024,
OPTIDX,NIFTY,22-Feb-2024,23350,PE,0,0,0,1743.65,1983.6,0,0,0,0,23-JAN-2024,
OPTIDX,NIFTY,29-Feb-2024,18650,CE,2865.7,2865.7,2824.95,2824.95,2716.05,3,32.25,250,150,23-JAN-2024,
OPTIDX,NIFTY,29-Feb-2024,18700,CE,2916.45,2917.8,2600,2662.3,2662.3,165,1768.8,13350,5850,23-JAN-2024,
OPTIDX,NIFTY,29-Feb-2024,18750,CE,2714.05,2714.05,2714.05,2714.05,2616.75,1,10.73,50,50,23-JAN-2024,
OPTIDX,NIFTY,29-Feb-2024,18800,CE,2650,2650,2399.6,2510.05,2510.05,142,1520.65,6900,6700,23-JAN-2024,
OPTIDX,NIFTY,29-Feb-2024,18850,CE,0,0,0,1710.25,2517.5,0,0,0,0,23-JAN-2024,
OPTIDX,NIFTY,29-Feb-2024,18900,CE,2779,2779,2510,2510,2467.9,42,450.58,2150,2100,23-JAN-2024,
OPTIDX,NIFTY,29-Feb-2024,18950,CE,0,0,0,1626,2418.25,0,0,0,0,23-JAN-2024,
OPTIDX,NIFTY,29-Feb-2024,19000,CE,2885,2889.95,2290,2321.35,2321.35,1617,17398.98,249350,43650,23-JAN-2024,
OPTIDX,NIFTY,29-Feb-2024,19050,CE,2468.15,2476.45,2468.15,2476.45,2319.1,2,21.52,100,100,23-JAN-2024,
OPTIDX,NIFTY,29-Feb-2024,19100,CE,2750,2750,2145,2186.4,2186.4,28,298.58,1350,1300,23-JAN-2024,
OPTIDX,NIFTY,29-Feb-2024,19150,CE,2340,2340,2340,2340,2220,4,42.98,200,200,23-JAN-2024,
OPTIDX,NIFTY,29-Feb-2024,19200,CE,2450,2488,2145,2145,2145,17,182.82,1900,750,23-JAN-2024,
OPTIDX,NIFTY,29-Feb-2024,19250,CE,0,0,0,1383.65,2121.05,0,0,0,0,23-JAN-2024,
OPTIDX,NIFTY,29-Feb-2024,19300,CE,2250.1,2250.1,2056.3,2070.5,2071.6,19,203.57,1800,950,23-JAN-2024,
OPTIDX,NIFTY,29-Feb-2024,19350,CE,0,0,0,2491.45,2022.25,0,0,9200,0,23-JAN-2024,
OPTIDX,NIFTY,29-Feb-2024,19400,CE,2284.8,2284.8,1970.6,1980,1972.9,13,139.43,5550,450,23-JAN-2024,
OPTIDX,NIFTY,29-Feb-2024,19450,CE,0,0,0,1231.75,1923.65,0,0,0,0,23-JAN-2024,
OPTIDX,NIFTY,29-Feb-2024,19500,CE,2400,2407.15,1820.4,1851.95,1851.95,800,8588.73,79300,12850,23-JAN-2024,
OPTIDX,NIFTY,29-Feb-2024,19550,CE,0,0,0,1159.6,1825.4,0,0,0,0,23-JAN-2024,
OPTIDX,NIFTY,29-Feb-2024,19600,CE,2300.35,2300.4,1725,1725,1725,67,725.42,5700,3150,23-JAN-2024,
OPTIDX,NIFTY,29-Feb-2024,19650,CE,0,0,0,1088.3,1727.5,0,0,0,0,23-JAN-2024,
OPTIDX,NIFTY,29-Feb-2024,19700,CE,1840.5,1871,1540,1690,1690,65,697.75,13250,3150,23-JAN-2024,
OPTIDX,NIFTY,29-Feb-2024,19750,CE,0,0,0,1020.15,1630.2,0,0,0,0,23-JAN-2024,
OPTIDX,NIFTY,29-Feb-2024,19800,CE,2089.6,2089.6,1575,1575.5,1575.5,28,301.21,6700,1200,23-JAN-2024,
OPTIDX,NIFTY,29-Feb-2024,19850,CE,0,0,0,1929.75,1533.6,0,0,100,0,23-JAN-2024,
OPTIDX,NIFTY,29-Feb-2024,19900,CE,1997.95,1998,1500,1500,1485.6,58,625.49,6700,1650,23-JAN-2024,
OPTIDX,NIFTY,29-Feb-2024,19950,CE,1962.25,1962.3,1499.9,1499.9,1499.9,5,54.31,250,150,23-JAN-2024,
OPTIDX,NIFTY,29-Feb-2024,20000,CE,1920,1924,1356.4,1399.3,1399.3,3074,33165.3,570000,65450,23-JAN-2024,
OPTIDX,NIFTY,29-Feb-2024,20050,CE,0,0,0,750,1343.3,0,0,0,0,23-JAN-2024,
OPTIDX,NIFTY,29-Feb-2024,20100,CE,1797.65,1797.65,1309.65,1315,1315,15,161.52,5500,50,23-JAN-2024,
OPTIDX,NIFTY,29-Feb-2024,20150,CE,1300,1300,1300,1300,1250.05,1,10.72,100,50,23-JAN-2024,
OPTIDX,NIFTY,29-Feb-2024,20200,CE,1720,1720,1185,1215.75,1215.75,205,2214.05,18450,3700,23-JAN-2024,
OPTIDX,NIFTY,29-Feb-2024,20250,CE,0,0,0,1530,1158.5,0,0,400,0,23-JAN-2024,
OPTIDX,NIFTY,29-Feb-2024,20300,CE,1275,1275,1101,1134.95,1134.95,84,902.33,10850,3800,23-JAN-2024,
OPTIDX,NIFTY,29-Feb-2024,20350,CE,1125,1125,1125,1125,1068.9,1,10.73,100,50,23-JAN-2024,
OPTIDX,NIFTY,29-Feb-2024,20400,CE,1483.25,1483.25,1064.55,1068.1,1068.1,98,1057.07,9350,2350,23-JAN-2024,
OPTIDX,NIFTY,29-Feb-2024,20450,CE,1074.25,1074.25,987.75,987.75,987.75,2,21.48,150,100,23-JAN-2024,
OPTIDX,NIFTY,29-Feb-2024,20500,CE,1444.5,1447.4,938,968.8,968.8,3043,32892.08,233450,57700,23-JAN-2024,
OPTIDX,NIFTY,29-Feb-2024,20550,CE,1079.05,1079.05,905.25,915.6,915.6,3,32.28,900,100,23-JAN-2024,
OPTIDX,NIFTY,29-Feb-2024,20600,CE,1318.15,1344.95,872.9,895.2,895.2,296,3198.94,16600,6950,23-JAN-2024,
OPTIDX,NIFTY,29-Feb-2024,20650,CE,1254,1254,873.55,873.55,815.35,27,292.98,1150,200,23-JAN-2024,
OPTIDX,NIFTY,29-Feb-2024,20700,CE,1234.9,1234.9,788,802.55,802.55,394,4268.74,9650,3300,23-JAN-2024,
OPTIDX,NIFTY,29-Feb-2024,20750,CE,1210,1215,756.65,756.65,756.65,25,272.05,1300,350,23-JAN-2024,
OPTIDX,NIFTY,29-Feb-2024,20800,CE,1175,1175,706.3,728.45,728.45,407,4393.89,24700,9800,23-JAN-2024,
OPTIDX,NIFTY,29-Feb-2024,20850,CE,945.55,945.6,678.75,695.4,695.4,55,593.26,2750,1800,23-JAN-2024,
OPTIDX,NIFTY,29-Feb-2024,20900,CE,1052,1092,640.05,659.4,659.4,476,5149.23,27100,12950,23-JAN-2024,
OPTIDX,NIFTY,29-Feb-2024,20950,CE,876.1,890,612.35,632.2,632.2,81,875.53,1550,600,23-JAN-2024,
OPTIDX,NIFTY,29-Feb-2024,21000,CE,994.95,1009,572.4,594.4,594.4,8992,97587.31,480850,92200,23-JAN-2024,
OPTIDX,NIFTY,29-Feb-2024,21050,CE,859.15,859.15,543,562.75,562.75,132,1431.48,7950,2850,23-JAN-2024,
OPTIDX,NIFTY,29-Feb-2024,21100,CE,914.95,921.4,511.8,532.5,532.5,958,10402.88,31700,7250,23-JAN-2024,
OPTIDX,NIFTY,29-Feb-2024,21150,CE,706,706,489,507.9,507.9,200,2172.59,8050,750,23-JAN-2024,
OPTIDX,NIFTY,29-Feb-2024,21200,CE,836.25,844,454.3,475,475,4226,45913.55,106500,75950,23-JAN-2024,
OPTIDX,NIFTY,29-Feb-2024,21250,CE,687,688,428.9,448.9,448.9,721,7845.51,15200,600,23-JAN-2024,
OPTIDX,NIFTY,29-Feb-2024,21300,CE,755.75,763,399.15,419.4,419.4,6157,67046.91,124750,74600,23-JAN-2024,
OPTIDX,NIFTY,29-Feb-2024,21350,CE,706.55,719.9,378.95,396.7,396.7,1211,13216.1,26600,11150,23-JAN-2024,
OPTIDX,NIFTY,29-Feb-2024,21400,CE,670,688.95,349,366.65,366.65,7781,84973.7,156900,74400,23-JAN-2024,
OPTIDX,NIFTY,29-Feb-2024,21450,CE,648.8,651.15,327,344.2,344.2,1333,14574.51,28200,13150,23-JAN-2024,
OPTIDX,NIFTY,29-Feb-2024,21500,CE,581.9,622.8,302.5,318.85,318.85,32949,360981.91,1008450,188400,23-JAN-2024,
OPTIDX,NIFTY,29-Feb-2024,21550,CE,580.9,584.75,283.85,296.25,296.25,1391,15267.15,21250,6200,23-JAN-2024,
OPTIDX,NIFTY,29-Feb-2024,21600,CE,530,553,262.4,275.25,275.25,15753,173230.11,379500,65950,23-JAN-2024,
OPTIDX,NIFTY,29-Feb-2024,21650,CE,510.95,520,243.05,256.25,256.25,3313,36520.52,35900,7850,23-JAN-2024,
OPTIDX,NIFTY,29-Feb-2024,21700,CE,480,499.9,225.05,238.8,238.8,25999,286600.72,478200,134800,23-JAN-2024,
OPTIDX,NIFTY,29-Feb-2024,21750,CE,444,458.7,209.2,218.45,218.45,1680,18528.41,26700,-5300,23-JAN-2024,
OPTIDX,NIFTY,29-Feb-2024,21800,CE,413.1,428.25,191.65,203.45,203.45,21008,231994.87,510900,64550,23-JAN-2024,
OPTIDX,NIFTY,29-Feb-2024,21850,CE,390.05,400.75,177.65,187,187,1250,13813.92,33550,1250,23-JAN-2024,
OPTIDX,NIFTY,29-Feb-2024,21900,CE,361.95,372.95,163.25,172.6,172.6,13367,148187.96,271450,3600,23-JAN-2024,
OPTIDX,NIFTY,29-Feb-2024,21950,CE,333,342.7,149.8,157.75,157.75,1322,14656.17,20650,4600,23-JAN-2024,
OPTIDX,NIFTY,29-Feb-2024,22000,CE,316.35,321.7,138.15,145.6,145.6,48378,537454.99,1617200,133800,23-JAN-2024,
OPTIDX,NIFTY,29-Feb-2024,22050,CE,294.55,296.5,126.8,132.05,132.05,1058,11764.98,25300,3000,23-JAN-2024,
OPTIDX,NIFTY,29-Feb-2024,22100,CE,260.95,272.1,116,122.05,122.05,10569,117793.21,181800,-91700,23-JAN-2024,
OPTIDX,NIFTY,29-Feb-2024,22150,CE,249.95,250.5,107,112.65,112.65,952,10616.89,17350,1450,23-JAN-2024,
OPTIDX,NIFTY,29-Feb-2024,22200,CE,224.85,230.7,97,102.15,102.15,11937,133399.56,265050,27300,23-JAN-2024,
OPTIDX,NIFTY,29-Feb-2024,22250,CE,204.2,211.15,90,93.8,93.8,1758,19669.82,26900,6650,23-JAN-2024,
OPTIDX,NIFTY,29-Feb-2024,22300,CE,202.2,202.2,81.85,85.95,85.95,12431,139404.87,248000,59150,23-JAN-2024,
OPTIDX,NIFTY,29-Feb-2024,22350,CE,169.3,175.5,75.55,79.35,79.35,1446,16238.52,12850,3250,23-JAN-2024,
OPTIDX,NIFTY,29-Feb-2024,22400,CE,152.8,158.85,68.65,72.4,72.4,9699,109105.94,199100,32450,23-JAN-2024,
OPTIDX,NIFTY,29-Feb-2024,22450,CE,140.45,144.55,63.8,66.75,66.75,1263,14234.35,21700,-17700,23-JAN-2024,
OPTIDX,NIFTY,29-Feb-2024,22500,CE,111.05,134.95,59.4,61.9,61.9,48070,542887.34,1085900,3250,23-JAN-2024,
OPTIDX,NIFTY,29-Feb-2024,22550,CE,116.5,118.55,55.25,57.6,57.6,1290,14588.87,26600,9200,23-JAN-2024,
OPTIDX,NIFTY,29-Feb-2024,22600,CE,105.05,106.95,49.5,52.15,52.15,12116,137326.5,280950,89700,23-JAN-2024,
OPTIDX,NIFTY,29-Feb-2024,22650,CE,94.25,96.75,46.4,48.6,48.6,1666,18920.21,29000,16050,23-JAN-2024,
OPTIDX,NIFTY,29-Feb-2024,22700,CE,87.05,87.45,43.3,45.15,45.15,11904,135465.35,207750,15400,23-JAN-2024,
OPTIDX,NIFTY,29-Feb-2024,22750,CE,76.7,77.95,39.7,41.85,41.85,1520,17331.82,35500,4100,23-JAN-2024,
OPTIDX,NIFTY,29-Feb-2024,22800,CE,60,72,37.05,39.15,39.15,10869,124179.91,238350,-4550,23-JAN-2024,
OPTIDX,NIFTY,29-Feb-2024,22850,CE,63,64.25,34.45,35.95,35.95,1254,14356.5,44050,-10550,23-JAN-2024,
OPTIDX,NIFTY,29-Feb-2024,22900,CE,58.8,58.8,32.1,33.45,33.45,9089,104254.46,118050,-58150,23-JAN-2024,
OPTIDX,NIFTY,29-Feb-2024,22950,CE,50.75,52.6,30.05,32.6,32.6,715,8218.87,20550,-2900,23-JAN-2024,
OPTIDX,NIFTY,29-Feb-2024,23000,CE,51,52.2,28.75,30.45,30.45,38476,443190.99,2333300,229000,23-JAN-2024,
OPTIDX,NIFTY,29-Feb-2024,23050,CE,42.9,44.95,26.25,27.8,27.8,601,6936.78,11000,1350,23-JAN-2024,
OPTIDX,NIFTY,29-Feb-2024,23100,CE,37.95,40.05,24.3,25.7,25.7,5320,61525.56,70200,-43150,23-JAN-2024,
OPTIDX,NIFTY,29-Feb-2024,23150,CE,35.05,36.4,22.75,24.75,24.75,369,4276.45,10200,-2400,23-JAN-2024,
OPTIDX,NIFTY,29-Feb-2024,23200,CE,31.6,33.4,21.3,22.45,22.45,7545,87619.09,187550,66250,23-JAN-2024,
OPTIDX,NIFTY,29-Feb-2024,23250,CE,28.65,30.2,19.75,21.2,21.2,411,4782.43,9950,-500,23-JAN-2024,
OPTIDX,NIFTY,29-Feb-2024,23300,CE,26.4,27.4,17.35,18.65,18.65,5561,64844.27,160100,-7900,23-JAN-2024,
OPTIDX,NIFTY,29-Feb-2024,23350,CE,23.9,25.3,16.65,17.95,17.95,452,5281.53,6950,-1300,23-JAN-2024,
OPTIDX,NIFTY,29-Feb-2024,23400,CE,22.2,23.1,13.95,15.45,15.45,4771,55859.47,129150,52600,23-JAN-2024,
OPTIDX,NIFTY,29-Feb-2024,23450,CE,19.7,21.25,13.55,16.05,16.05,329,3860.29,15600,-2850,23-JAN-2024,
OPTIDX,NIFTY,29-Feb-2024,23500,CE,16,19.6,12.85,14.85,14.85,16963,199445.08,537950,169300,23-JAN-2024,
OPTIDX,NIFTY,29-Feb-2024,23550,CE,14.9,16.05,12.25,13.95,13.95,185,2179.7,9300,500,23-JAN-2024,
OPTIDX,NIFTY,29-Feb-2024,23600,CE,15.8,16.75,6.55,12.35,12.35,9969,117693.93,223050,160350,23-JAN-2024,
OPTIDX,NIFTY,29-Feb-2024,23650,CE,15.85,15.9,10.65,12.55,12.55,325,3845.14,10250,-1550,23-JAN-2024,
OPTIDX,NIFTY,29-Feb-2024,23700,CE,14.4,15,9.45,11.85,11.85,1406,16669.42,43350,10400,23-JAN-2024,
OPTIDX,NIFTY,29-Feb-2024,23750,CE,13.6,15.5,9.7,12.3,12.3,241,2863.37,6700,0,23-JAN-2024,
OPTIDX,NIFTY,29-Feb-2024,23800,CE,12.45,13.8,8.85,11.45,11.45,2293,27299.33,81250,-700,23-JAN-2024,
OPTIDX,NIFTY,29-Feb-2024,23850,CE,12.55,13.55,9.75,11.35,11.35,188,2242.98,26850,550,23-JAN-2024,
OPTIDX,NIFTY,29-Feb-2024,18650,PE,0,0,0,3.05,0.05,0,0,1100,0,23-JAN-2024,
OPTIDX,NIFTY,29-Feb-2024,18700,PE,3.05,6.55,3.05,6.55,0.05,15,140.29,750,750,23-JAN-2024,
OPTIDX,NIFTY,29-Feb-2024,18750,PE,0,0,0,77,0.1,0,0,0,0,23-JAN-2024,
OPTIDX,NIFTY,29-Feb-2024,18800,PE,3.05,3.05,3.05,3.05,3.05,1,9.4,50,50,23-JAN-2024,
OPTIDX,NIFTY,29-Feb-2024,18850,PE,0,0,0,89.45,0.15,0,0,0,0,23-JAN-2024,
OPTIDX,NIFTY,29-Feb-2024,18900,PE,0,0,0,6.45,0.2,0,0,1150,0,23-JAN-2024,
OPTIDX,NIFTY,29-Feb-2024,18950,PE,0,0,0,103.4,0.25,0,0,0,0,23-JAN-2024,
OPTIDX,NIFTY,29-Feb-2024,19000,PE,8,11.65,6.8,10,10,21943,208560.39,787550,451800,23-JAN-2024,
OPTIDX,NIFTY,29-Feb-2024,19050,PE,0,0,0,119.05,0.4,0,0,0,0,23-JAN-2024,
OPTIDX,NIFTY,29-Feb-2024,19100,PE,0,0,0,127.5,0.5,0,0,0,0,23-JAN-2024,
OPTIDX,NIFTY,29-Feb-2024,19150,PE,0,0,0,136.4,0.65,0,0,0,0,23-JAN-2024,
OPTIDX,NIFTY,29-Feb-2024,19200,PE,4.4,4.4,4.4,4.4,0.8,1,9.6,2150,0,23-JAN-2024,
OPTIDX,NIFTY,29-Feb-2024,19250,PE,0,0,0,155.65,1,0,0,0,0,23-JAN-2024,
OPTIDX,NIFTY,29-Feb-2024,19300,PE,9.5,19.55,7.4,16.2,16.2,1359,13123.85,44900,17900,23-JAN-2024,
OPTIDX,NIFTY,29-Feb-2024,19350,PE,0,0,0,176.9,1.5,0,0,0,0,23-JAN-2024,
OPTIDX,NIFTY,29-Feb-2024,19400,PE,10.65,22.6,10.2,19.45,19.45,637,6184.32,14350,11450,23-JAN-2024,
OPTIDX,NIFTY,29-Feb-2024,19450,PE,13.15,27.35,12.45,21.6,21.6,177,1723.09,5600,3800,23-JAN-2024,
OPTIDX,NIFTY,29-Feb-2024,19500,PE,15.5,27.45,10.5,25,25,27632,269682.68,717650,469000,23-JAN-2024,
OPTIDX,NIFTY,29-Feb-2024,19550,PE,0,0,0,20.85,3.25,0,0,2700,0,23-JAN-2024,
OPTIDX,NIFTY,29-Feb-2024,19600,PE,13.1,31.85,11.55,28.5,28.5,1819,17846.3,40050,19950,23-JAN-2024,
OPTIDX,NIFTY,29-Feb-2024,19650,PE,13.4,34.5,10.05,31.65,31.65,589,5793.79,6800,3950,23-JAN-2024,
OPTIDX,NIFTY,29-Feb-2024,19700,PE,12.4,37.5,12.4,33.65,33.65,5597,55192.34,104050,53450,23-JAN-2024,
OPTIDX,NIFTY,29-Feb-2024,19750,PE,14.5,40.8,14.45,37.2,37.2,515,5092.29,15100,7250,23-JAN-2024,
OPTIDX,NIFTY,29-Feb-2024,19800,PE,14.85,43.9,13.9,40.05,40.05,8268,81972.73,325450,52000,23-JAN-2024,
OPTIDX,NIFTY,29-Feb-2024,19850,PE,17,48.35,16.1,44,44,463,4603.42,9450,4950,23-JAN-2024,
OPTIDX,NIFTY,29-Feb-2024,19900,PE,23.8,51.7,16.8,47.2,47.2,5242,52255.56,315700,49150,23-JAN-2024,
OPTIDX,NIFTY,29-Feb-2024,19950,PE,19.55,56.2,18.4,51.9,51.9,769,7684.81,12700,-900,23-JAN-2024,
OPTIDX,NIFTY,29-Feb-2024,20000,PE,25.05,62.95,18.55,57.3,57.3,42393,424851.28,1618100,85350,23-JAN-2024,
OPTIDX,NIFTY,29-Feb-2024,20050,PE,22.55,66.85,21.8,61.05,61.05,648,6511.8,9500,-1700,23-JAN-2024,
OPTIDX,NIFTY,29-Feb-2024,20100,PE,23.7,72,22.1,66.45,66.45,8083,81438.48,328700,-1750,23-JAN-2024,
OPTIDX,NIFTY,29-Feb-2024,20150,PE,25.75,78.2,24.35,71.4,71.4,643,6495.28,12950,100,23-JAN-2024,
OPTIDX,NIFTY,29-Feb-2024,20200,PE,27.5,84.45,26.1,77.65,77.65,10708,108462.5,446400,71950,23-JAN-2024,
OPTIDX,NIFTY,29-Feb-2024,20250,PE,30.15,90.5,29.7,83.9,83.9,844,8572.75,10600,-900,23-JAN-2024,
OPTIDX,NIFTY,29-Feb-2024,20300,PE,31.5,98.6,30,91,91,8838,89993.64,439700,49800,23-JAN-2024,
OPTIDX,NIFTY,29-Feb-2024,20350,PE,35.65,106,33.6,98.05,98.05,649,6628.03,15850,10500,23-JAN-2024,
OPTIDX,NIFTY,29-Feb-2024,20400,PE,53.35,115.4,36.3,106.25,106.25,8719,89286.93,423200,67600,23-JAN-2024,
OPTIDX,NIFTY,29-Feb-2024,20450,PE,40.15,122.85,40.05,115.1,115.1,377,3871.63,16300,5900,23-JAN-2024,
OPTIDX,NIFTY,29-Feb-2024,20500,PE,50,134.8,44.2,125.7,125.7,47067,484645.19,1734700,93150,23-JAN-2024,
OPTIDX,NIFTY,29-Feb-2024,20550,PE,49.1,143.4,46.7,130.2,130.2,573,5915.63,13000,2200,23-JAN-2024,
OPTIDX,NIFTY,29-Feb-2024,20600,PE,53.5,152.55,49.6,142.85,142.85,10507,108760.21,270600,25100,23-JAN-2024,
OPTIDX,NIFTY,29-Feb-2024,20650,PE,57.15,163.55,53.65,154.25,154.25,924,9585.38,13700,1550,23-JAN-2024,
OPTIDX,NIFTY,29-Feb-2024,20700,PE,64.55,176.35,58.95,164.25,164.25,14830,154372.34,302500,-6100,23-JAN-2024,
OPTIDX,NIFTY,29-Feb-2024,20750,PE,64.7,187.5,64.7,174.45,174.45,943,9843.98,29200,10250,23-JAN-2024,
OPTIDX,NIFTY,29-Feb-2024,20800,PE,75.5,201,68,187.95,187.95,16388,171570.21,432350,91550,23-JAN-2024,
OPTIDX,NIFTY,29-Feb-2024,20850,PE,78.05,215.55,75.5,199.6,199.6,1019,10701.74,24800,12900,23-JAN-2024,
OPTIDX,NIFTY,29-Feb-2024,20900,PE,91,232,80.5,215.4,215.4,11414,120181.63,274700,56900,23-JAN-2024,
OPTIDX,NIFTY,29-Feb-2024,20950,PE,70.8,247.9,70.8,230.9,230.9,657,6941.04,21600,-2900,23-JAN-2024,
OPTIDX,NIFTY,29-Feb-2024,21000,PE,122,267.4,96.45,249.8,249.8,67920,719649.03,2278800,-35150,23-JAN-2024,
OPTIDX,NIFTY,29-Feb-2024,21050,PE,140.1,283.45,103.95,266.6,266.6,682,7248.18,15950,-500,23-JAN-2024,
OPTIDX,NIFTY,29-Feb-2024,21100,PE,130,302.85,109.9,285.65,285.65,9001,95969.22,283650,41300,23-JAN-2024,
OPTIDX,NIFTY,29-Feb-2024,21150,PE,135.5,321.95,119.35,303.75,303.75,946,10111.95,18950,2450,23-JAN-2024,
OPTIDX,NIFTY,29-Feb-2024,21200,PE,140,345.9,127.5,326,326,26483,284276.79,681150,262700,23-JAN-2024,
OPTIDX,NIFTY,29-Feb-2024,21250,PE,141.4,366.3,137,346.05,346.05,1922,20721.27,48950,-9450,23-JAN-2024,
OPTIDX,NIFTY,29-Feb-2024,21300,PE,158.5,391.65,146.95,370.4,370.4,30960,334455.46,690350,353050,23-JAN-2024,
OPTIDX,NIFTY,29-Feb-2024,21350,PE,164.45,412.25,160.35,388.05,388.05,2103,22782.37,34400,13100,23-JAN-2024,
OPTIDX,NIFTY,29-Feb-2024,21400,PE,182.05,437.7,170.5,412.6,412.6,18685,202989.19,302600,7100,23-JAN-2024,
OPTIDX,NIFTY,29-Feb-2024,21450,PE,188.4,462,185.5,438.65,438.65,4846,52850.52,58050,27750,23-JAN-2024,
OPTIDX,NIFTY,29-Feb-2024,21500,PE,250.05,490,200,465.4,465.4,68530,748634.26,1812250,95000,23-JAN-2024,
OPTIDX,NIFTY,29-Feb-2024,21550,PE,215.35,513.8,214.1,486.95,486.95,2455,26859.89,22150,-14000,23-JAN-2024,
OPTIDX,NIFTY,29-Feb-2024,21600,PE,254.5,546,230,520.95,520.95,18884,207448.33,438700,51550,23-JAN-2024,
OPTIDX,NIFTY,29-Feb-2024,21650,PE,266.6,575,244.95,550.9,550.9,3996,43924.55,39950,-1900,23-JAN-2024,
OPTIDX,NIFTY,29-Feb-2024,21700,PE,283.25,610,266.45,578.25,578.25,23443,259154.13,561000,71950,23-JAN-2024,
OPTIDX,NIFTY,29-Feb-2024,21750,PE,290.05,635,285.3,617.85,617.85,1124,12452.64,23150,-5950,23-JAN-2024,
OPTIDX,NIFTY,29-Feb-2024,21800,PE,321.25,673.6,301.05,641.3,641.3,12987,144432.38,423750,23550,23-JAN-2024,
OPTIDX,NIFTY,29-Feb-2024,21850,PE,335.95,690,322.55,672.15,672.15,1233,13766.09,49600,13600,23-JAN-2024,
OPTIDX,NIFTY,29-Feb-2024,21900,PE,357,737,344.85,707,707,7366,82352.17,205400,-18300,23-JAN-2024,
OPTIDX,NIFTY,29-Feb-2024,21950,PE,406.5,777.85,370.35,755.85,755.85,188,2119.79,20100,-4200,23-JAN-2024,
OPTIDX,NIFTY,29-Feb-2024,22000,PE,410.05,819.1,392,783.15,783.15,21344,240856.41,935750,-350,23-JAN-2024,
OPTIDX,NIFTY,29-Feb-2024,22050,PE,426.15,846.55,426.15,826.65,826.65,129,1462.28,12000,-1650,23-JAN-2024,
OPTIDX,NIFTY,29-Feb-2024,22100,PE,453.85,888,449.45,855.6,855.6,2852,32442.66,78550,-22150,23-JAN-2024,
OPTIDX,NIFTY,29-Feb-2024,22150,PE,472.55,855,472.55,855,848.1,77,874.56,18150,-1700,23-JAN-2024,
OPTIDX,NIFTY,29-Feb-2024,22200,PE,512.85,966.5,499.95,941.15,941.15,1333,15213.78,90950,1100,23-JAN-2024,
OPTIDX,NIFTY,29-Feb-2024,22250,PE,539.15,1000.55,539.15,980.85,980.85,146,1680.13,36750,2500,23-JAN-2024,
OPTIDX,NIFTY,29-Feb-2024,22300,PE,575.75,1043.95,565.15,1018.15,1018.15,500,5766.1,63050,-2950,23-JAN-2024,
OPTIDX,NIFTY,29-Feb-2024,22350,PE,613,1079.25,609,1079.25,1079.25,53,610.52,22350,700,23-JAN-2024,
OPTIDX,NIFTY,29-Feb-2024,22400,PE,631.45,1114,631.4,1102.45,1102.45,765,8883.41,107250,1350,23-JAN-2024,
OPTIDX,NIFTY,29-Feb-2024,22450,PE,960,960,960,960,1103.8,1,11.7,23550,50,23-JAN-2024,
OPTIDX,NIFTY,29-Feb-2024,22500,PE,722,1244.2,700,1216.95,1216.95,5802,68442.39,370650,130550,23-JAN-2024,
OPTIDX,NIFTY,29-Feb-2024,22550,PE,1100,1199,1100,1199,1193.55,2,23.69,13500,0,23-JAN-2024,
OPTIDX,NIFTY,29-Feb-2024,22600,PE,785.75,1278,785.7,1278,1278,14,165.39,13950,100,23-JAN-2024,
OPTIDX,NIFTY,29-Feb-2024,22650,PE,902.3,961.7,902.3,961.7,1285.05,4,47.15,6600,-50,23-JAN-2024,
OPTIDX,NIFTY,29-Feb-2024,22700,PE,875,1360,875,1356.25,1356.25,17,202.4,29050,-50,23-JAN-2024,
OPTIDX,NIFTY,29-Feb-2024,22750,PE,980,1425,980,1425,1378.1,18,215.2,9600,300,23-JAN-2024,
OPTIDX,NIFTY,29-Feb-2024,22800,PE,967.05,1495,967.05,1481.05,1481.05,37,446.63,14150,250,23-JAN-2024,
OPTIDX,NIFTY,29-Feb-2024,22850,PE,0,0,0,1080.45,1472.35,0,0,3550,0,23-JAN-2024,
OPTIDX,NIFTY,29-Feb-2024,22900,PE,1030,1448.7,1029.85,1422.7,1519.9,36,433.35,6050,1000,23-JAN-2024,
OPTIDX,NIFTY,29-Feb-2024,22950,PE,1295.15,1603.6,1295.15,1603.6,1567.65,3,36.65,1350,50,23-JAN-2024,
OPTIDX,NIFTY,29-Feb-2024,23000,PE,1130,1700,1117.5,1661.65,1661.65,2958,36153.23,314300,60250,23-JAN-2024,
OPTIDX,NIFTY,29-Feb-2024,23050,PE,0,0,0,1300,1663.85,0,0,900,0,23-JAN-2024,
OPTIDX,NIFTY,29-Feb-2024,23100,PE,1628.35,1734.85,1628.35,1734.85,1712.2,4,49.6,2100,-150,23-JAN-2024,
OPTIDX,NIFTY,29-Feb-2024,23150,PE,0,0,0,1054.55,1760.7,0,0,500,0,23-JAN-2024,
OPTIDX,NIFTY,29-Feb-2024,23200,PE,0,0,0,1400,1809.4,0,0,3600,0,23-JAN-2024,
OPTIDX,NIFTY,29-Feb-2024,23250,PE,0,0,0,1134.7,1858.15,0,0,500,0,23-JAN-2024,
OPTIDX,NIFTY,29-Feb-2024,23300,PE,1602.4,1937.5,1602.35,1927.75,1907.05,14,174.87,5400,-50,23-JAN-2024,
OPTIDX,NIFTY,29-Feb-2024,23350,PE,0,0,0,2315.5,1956.05,0,0,0,0,23-JAN-2024,
OPTIDX,NIFTY,29-Feb-2024,23400,PE,0,0,0,2361.35,2005.1,0,0,0,0,23-JAN-2024,
OPTIDX,NIFTY,29-Feb-2024,23450,PE,0,0,0,2407.4,2054.25,0,0,0,0,23-JAN-2024,
OPTIDX,NIFTY,29-Feb-2024,23500,PE,1582.9,2125.1,1582.9,2122.6,2122.6,86,1091.24,10000,3000,23-JAN-2024,
OPTIDX,NIFTY,29-Feb-2024,23550,PE,0,0,0,2500.05,2152.75,0,0,0,0,23-JAN-2024,
OPTIDX,NIFTY,29-Feb-2024,23600,PE,0,0,0,2546.6,2202.1,0,0,0,0,23-JAN-2024,
OPTIDX,NIFTY,29-Feb-2024,23650,PE,0,0,0,2593.3,2251.5,0,0,0,0,23-JAN-2024,
OPTIDX,NIFTY,29-Feb-2024,23700,PE,1900,2300,1900,2300,2300.9,4,51.51,100,100,23-JAN-2024,
OPTIDX,NIFTY,29-Feb-2024,23750,PE,0,0,0,2533.7,2350.35,0,0,0,0,23-JAN-2024,
OPTIDX,NIFTY,29-Feb-2024,23800,PE,2300,2350,2300,2350,2399.85,7,91.37,350,350,23-JAN-2024,
OPTIDX,NIFTY,29-Feb-2024,23850,PE,0,0,0,2626.9,2449.35,0,0,0,0,23-JAN-2024,
OPTIDX,NIFTY,28-Mar-2024,14000,CE,7875,7875,7277.45,7327.4,7327.4,65,698.03,322700,-2350,23-JAN-2024,
OPTIDX,NIFTY,28-Mar-2024,15000,CE,6649,6649,6349,6349,6349,9,96.8,24850,-400,23-JAN-2024,
OPTIDX,NIFTY,28-Mar-2024,16000,CE,5865,5865,5670,5670,5430,5,54.38,44550,-250,23-JAN-2024,
OPTIDX,NIFTY,28-Mar-2024,17000,CE,4800.05,4800.05,4400,4415.7,4415.7,80,861.93,138550,-150,23-JAN-2024,
OPTIDX,NIFTY,28-Mar-2024,18000,CE,3969.95,3975,3402,3439.3,3439.3,2474,26744.21,453550,21450,23-JAN-2024,
OPTIDX,NIFTY,28-Mar-2024,19000,CE,2998.25,3023,2451.6,2481.15,2481.15,1564,16857.35,470600,650,23-JAN-2024,
OPTIDX,NIFTY,28-Mar-2024,19700,CE,0,0,0,2467.95,1795.6,0,0,0,0,23-JAN-2024,
OPTIDX,NIFTY,28-Mar-2024,19750,CE,0,0,0,2421.85,1748.85,0,0,0,0,23-JAN-2024,
OPTIDX,NIFTY,28-Mar-2024,19800,CE,2000,2000,2000,2000,1702.35,1,10.9,50,-50,23-JAN-2024,
OPTIDX,NIFTY,28-Mar-2024,19850,CE,0,0,0,2330.25,1656.2,0,0,0,0,23-JAN-2024,
OPTIDX,NIFTY,28-Mar-2024,19900,CE,0,0,0,2284.75,1610.3,0,0,0,0,23-JAN-2024,
OPTIDX,NIFTY,28-Mar-2024,19950,CE,0,0,0,2239.55,1564.75,0,0,0,0,23-JAN-2024,
OPTIDX,NIFTY,28-Mar-2024,20000,CE,2036.6,2077,1554.7,1581.95,1581.95,735,7993.23,470300,-7500,23-JAN-2024,
OPTIDX,NIFTY,28-Mar-2024,20050,CE,0,0,0,2149.85,1474.75,0,0,0,0,23-JAN-2024,
OPTIDX,NIFTY,28-Mar-2024,20100,CE,0,0,0,2105.4,1430.3,0,0,0,0,23-JAN-2024,
OPTIDX,NIFTY,28-Mar-2024,20150,CE,0,0,0,2061.25,1386.35,0,0,0,0,23-JAN-2024,
OPTIDX,NIFTY,28-Mar-2024,20200,CE,1645,1645,1645,1645,1342.8,1,10.92,50,50,23-JAN-2024,
OPTIDX,NIFTY,28-Mar-2024,20250,CE,1355.8,1355.8,1355.8,1355.8,1355.8,1,10.8,50,50,23-JAN-2024,
OPTIDX,NIFTY,28-Mar-2024,20300,CE,0,0,0,1930.6,1257.15,0,0,0,0,23-JAN-2024,
OPTIDX,NIFTY,28-Mar-2024,20350,CE,0,0,0,1413.85,1215.15,0,0,50,0,23-JAN-2024,
OPTIDX,NIFTY,28-Mar-2024,20400,CE,0,0,0,1383.25,1173.65,0,0,50,0,23-JAN-2024,
OPTIDX,NIFTY,28-Mar-2024,20450,CE,1378.35,1378.35,1378.35,1378.35,1132.75,1,10.91,50,50,23-JAN-2024,
OPTIDX,NIFTY,28-Mar-2024,20500,CE,1605.7,1611,1143.2,1170.05,1170.05,399,4340.94,21250,-1250,23-JAN-2024,
OPTIDX,NIFTY,28-Mar-2024,20550,CE,1384.55,1384.55,1384.55,1384.55,1052.75,1,10.96,100,50,23-JAN-2024,
OPTIDX,NIFTY,28-Mar-2024,20600,CE,1100,1105,1100,1101.7,1101.7,57,618.49,2750,2600,23-JAN-2024,
OPTIDX,NIFTY,28-Mar-2024,20650,CE,1193.85,1193.85,1193.85,1193.85,975.3,1,10.92,450,50,23-JAN-2024,
OPTIDX,NIFTY,28-Mar-2024,20700,CE,1375,1380,991.6,994.3,994.3,14,153.26,550,350,23-JAN-2024,
OPTIDX,NIFTY,28-Mar-2024,20750,CE,1139.3,1139.95,969.9,969.9,969.9,6,65.52,450,200,23-JAN-2024,
OPTIDX,NIFTY,28-Mar-2024,20800,CE,1282.9,1282.9,943,943.45,943.45,31,338.4,800,200,23-JAN-2024,
OPTIDX,NIFTY,28-Mar-2024,20850,CE,889.35,889.35,889.35,889.35,889.35,1,10.86,100,50,23-JAN-2024,
OPTIDX,NIFTY,28-Mar-2024,20900,CE,1270.5,1270.5,850,850,850,42,459,800,250,23-JAN-2024,
OPTIDX,NIFTY,28-Mar-2024,20950,CE,0,0,0,1403.15,760.35,0,0,0,0,23-JAN-2024,
OPTIDX,NIFTY,28-Mar-2024,21000,CE,1200.75,1212.5,784.3,810.3,810.3,2796,30659.29,1148850,5900,23-JAN-2024,
OPTIDX,NIFTY,28-Mar-2024,21050,CE,1047.3,1153.3,763.6,783.05,783.05,5,54.89,50,-50,23-JAN-2024,
OPTIDX,NIFTY,28-Mar-2024,21100,CE,1109.5,1109.5,741.15,741.15,741.15,30,330.55,1550,200,23-JAN-2024,
OPTIDX,NIFTY,28-Mar-2024,21150,CE,792.4,792.4,724.65,724.65,724.65,3,32.87,100,50,23-JAN-2024,
OPTIDX,NIFTY,28-Mar-2024,21200,CE,1036.9,1038.95,659.15,680.15,680.15,369,4046.27,10750,7200,23-JAN-2024,
OPTIDX,NIFTY,28-Mar-2024,21250,CE,731.1,734.5,637.8,644.35,644.35,11,120.54,550,250,23-JAN-2024,
OPTIDX,NIFTY,28-Mar-2024,21300,CE,960.95,960.95,600,615.8,615.8,347,3818.6,9050,1100,23-JAN-2024,
OPTIDX,NIFTY,28-Mar-2024,21350,CE,730,734.25,611.45,611.45,611.45,5,55.07,300,100,23-JAN-2024,
OPTIDX,NIFTY,28-Mar-2024,21400,CE,888.2,889.75,535.1,557.9,557.9,410,4518.28,8150,2550,23-JAN-2024,
OPTIDX,NIFTY,28-Mar-2024,21450,CE,855.95,857.2,532.7,540.35,540.35,28,309.69,1800,0,23-JAN-2024,
OPTIDX,NIFTY,28-Mar-2024,21500,CE,801.6,837.6,491,508.6,508.6,2855,31587.92,175850,21600,23-JAN-2024,
OPTIDX,NIFTY,28-Mar-2024,21550,CE,785.25,785.25,470,486.75,486.75,75,833.17,1950,150,23-JAN-2024,
OPTIDX,NIFTY,28-Mar-2024,21600,CE,755,761.85,441.65,462.4,462.4,472,5231.56,39000,2150,23-JAN-2024,
OPTIDX,NIFTY,28-Mar-2024,21650,CE,719.85,723,431.25,439.9,439.9,178,1970.81,3500,750,23-JAN-2024,
OPTIDX,NIFTY,28-Mar-2024,21700,CE,680,692,402,412.25,412.25,952,10578.12,28750,6000,23-JAN-2024,
OPTIDX,NIFTY,28-Mar-2024,21750,CE,656.75,658.85,381.75,394.6,394.6,150,1670.13,3200,1400,23-JAN-2024,
OPTIDX,NIFTY,28-Mar-2024,21800,CE,622,622.95,359.95,370.25,370.25,878,9764.03,34700,850,23-JAN-2024,
OPTIDX,NIFTY,28-Mar-2024,21850,CE,592.05,605.65,339.65,344.85,344.85,30,335.1,650,-750,23-JAN-2024,
OPTIDX,NIFTY,28-Mar-2024,21900,CE,563.4,569.7,319.45,328.7,328.7,543,6058.15,51650,2150,23-JAN-2024,
OPTIDX,NIFTY,28-Mar-2024,21950,CE,540,540.1,298.4,298.4,298.4,57,638.9,800,-550,23-JAN-2024,
OPTIDX,NIFTY,28-Mar-2024,22000,CE,511.05,515.55,281.95,294.7,294.7,8505,95146.4,872550,-26050,23-JAN-2024,
OPTIDX,NIFTY,28-Mar-2024,22050,CE,446,446,273.1,273.1,273.1,47,527.1,2900,-250,23-JAN-2024,
OPTIDX,NIFTY,28-Mar-2024,22100,CE,457.35,458,250,260,260,570,6390.48,41050,9500,23-JAN-2024,
OPTIDX,NIFTY,28-Mar-2024,22150,CE,450.2,450.2,246.15,248.45,248.45,70,786.06,3900,-650,23-JAN-2024,
OPTIDX,NIFTY,28-Mar-2024,22200,CE,407.8,407.8,220.5,227.65,227.65,1149,12914.72,46650,16550,23-JAN-2024,
OPTIDX,NIFTY,28-Mar-2024,22250,CE,360.95,362.55,218,219.8,219.8,59,664.84,1600,-150,23-JAN-2024,
OPTIDX,NIFTY,28-Mar-2024,22300,CE,361.55,361.55,196.2,202.1,202.1,852,9607.07,29650,18000,23-JAN-2024,
OPTIDX,NIFTY,28-Mar-2024,22350,CE,337.8,340.75,195,198.75,198.75,62,701,1750,600,23-JAN-2024,
OPTIDX,NIFTY,28-Mar-2024,22400,CE,316.9,320.95,170.95,179.1,179.1,612,6920.88,12700,-1250,23-JAN-2024,
OPTIDX,NIFTY,28-Mar-2024,22450,CE,297.65,297.75,165.9,170.2,170.2,46,521.32,1800,950,23-JAN-2024,
OPTIDX,NIFTY,28-Mar-2024,22500,CE,280.6,284.95,151.5,158.25,158.25,5197,58982.21,200350,6400,23-JAN-2024,
OPTIDX,NIFTY,28-Mar-2024,22550,CE,261.15,262.45,150,150,150,53,602.98,1700,300,23-JAN-2024,
OPTIDX,NIFTY,28-Mar-2024,22600,CE,244.05,244.05,134.25,138.6,138.6,471,5363,13200,2000,23-JAN-2024,
OPTIDX,NIFTY,28-Mar-2024,22650,CE,227.2,230.45,118.65,125.8,125.8,41,468.14,2300,250,23-JAN-2024,
OPTIDX,NIFTY,28-Mar-2024,22700,CE,211.95,213.55,115.5,122.55,122.55,1417,16183.9,41500,10200,23-JAN-2024,
OPTIDX,NIFTY,28-Mar-2024,22750,CE,173.9,173.9,110.45,116.1,116.1,39,446.23,2300,-350,23-JAN-2024,
OPTIDX,NIFTY,28-Mar-2024,22800,CE,183.05,185,101.3,105.8,105.8,914,10477.77,26950,-3100,23-JAN-2024,
OPTIDX,NIFTY,28-Mar-2024,22850,CE,166.4,166.75,98,101.35,101.35,107,1229.04,1150,-1200,23-JAN-2024,
OPTIDX,NIFTY,28-Mar-2024,22900,CE,158.5,161,88.9,93.75,93.75,1330,15305.58,50850,5900,23-JAN-2024,
OPTIDX,NIFTY,28-Mar-2024,22950,CE,143.55,143.55,83.15,87.95,87.95,79,910.89,1350,-1200,23-JAN-2024,
OPTIDX,NIFTY,28-Mar-2024,23000,CE,140,140,82.15,87.6,87.6,10672,123277.62,772600,17100,23-JAN-2024,
OPTIDX,NIFTY,28-Mar-2024,23050,CE,121.6,121.9,75.2,79.6,79.6,116,1341.93,2250,-700,23-JAN-2024,
OPTIDX,NIFTY,28-Mar-2024,23100,CE,118.55,120.45,71.55,76.3,76.3,269,3118.61,17050,1250,23-JAN-2024,
OPTIDX,NIFTY,28-Mar-2024,23150,CE,82.5,82.5,71.1,72.15,72.15,83,963.88,1050,-1050,23-JAN-2024,
OPTIDX,NIFTY,28-Mar-2024,23200,CE,101.95,102.1,62.45,65,65,393,4573.99,14200,800,23-JAN-2024,
OPTIDX,NIFTY,28-Mar-2024,23250,CE,84.3,84.3,57.2,60.25,60.25,170,1982.19,1300,-650,23-JAN-2024,
OPTIDX,NIFTY,28-Mar-2024,23300,CE,88.25,88.25,54,56.75,56.75,1057,12349.86,23500,-8200,23-JAN-2024,
OPTIDX,NIFTY,28-Mar-2024,23350,CE,69.7,69.7,53.85,53.85,53.85,40,468.21,1150,250,23-JAN-2024,
OPTIDX,NIFTY,28-Mar-2024,23400,CE,72,72,47,50.25,50.25,775,9089.83,16150,-4600,23-JAN-2024,
OPTIDX,NIFTY,28-Mar-2024,23450,CE,49.85,58,48.25,50,50,58,681.62,1850,-400,23-JAN-2024,
OPTIDX,NIFTY,28-Mar-2024,23500,CE,60.05,66.05,35,43.7,43.7,2240,26378.24,91900,3050,23-JAN-2024,
OPTIDX,NIFTY,28-Mar-2024,23550,CE,55.05,55.4,46.15,46.75,19.4,42,495.55,1500,500,23-JAN-2024,
OPTIDX,NIFTY,28-Mar-2024,23600,CE,53.4,53.4,39.45,42.75,17.6,31,366.5,3900,550,23-JAN-2024,
OPTIDX,NIFTY,28-Mar-2024,23650,CE,37.7,41.05,37.6,37.65,37.65,9,106.59,2600,150,23-JAN-2024,
OPTIDX,NIFTY,28-Mar-2024,23700,CE,50.05,52.55,34.6,35.1,35.1,71,842.79,3150,700,23-JAN-2024,
OPTIDX,NIFTY,28-Mar-2024,23750,CE,46.4,48.8,36.95,36.95,12.95,10,118.97,700,50,23-JAN-2024,
OPTIDX,NIFTY,28-Mar-2024,23800,CE,33.1,38,32,33.6,33.6,36,429.02,3600,250,23-JAN-2024,
OPTIDX,NIFTY,28-Mar-2024,23850,CE,34.65,34.65,29.1,34.65,10.55,24,286.59,950,-650,23-JAN-2024,
OPTIDX,NIFTY,28-Mar-2024,24000,CE,35.5,35.5,24.4,25.55,25.55,4069,48885.29,650600,-49950,23-JAN-2024,
OPTIDX,NIFTY,28-Mar-2024,25000,CE,18,18.8,12.55,13.5,13.5,2314,28942.08,339200,-4950,23-JAN-2024,
OPTIDX,NIFTY,28-Mar-2024,26000,CE,11.8,11.8,9.1,10.35,10.35,477,6203.46,145300,1000,23-JAN-2024,
OPTIDX,NIFTY,28-Mar-2024,27000,CE,0,0,0,3.05,0.05,0,0,14050,0,23-JAN-2024,
OPTIDX,NIFTY,28-Mar-2024,14000,PE,5.65,5.65,4,5.3,5.3,34,238.09,133200,-1100,23-JAN-2024,
OPTIDX,NIFTY,28-Mar-2024,15000,PE,0,0,0,7.7,0.05,0,0,8150,0,23-JAN-2024,
OPTIDX,NIFTY,28-Mar-2024,16000,PE,0,0,0,11.45,0.05,0,0,179300,0,23-JAN-2024,
OPTIDX,NIFTY,28-Mar-2024,17000,PE,11.55,12.8,9.5,11.85,11.85,181,1539.5,335150,-1850,23-JAN-2024,
OPTIDX,NIFTY,28-Mar-2024,18000,PE,14.9,17.45,12.85,15.3,15.3,1731,15592.51,877200,24950,23-JAN-2024,
OPTIDX,NIFTY,28-Mar-2024,19000,PE,23.8,33,22,31.15,31.15,2793,26574.65,1326050,24500,23-JAN-2024,
OPTIDX,NIFTY,28-Mar-2024,19700,PE,48.35,71,40,66.7,66.7,1094,10808.04,27950,25350,23-JAN-2024,
OPTIDX,NIFTY,28-Mar-2024,19750,PE,0,0,0,51,24.05,0,0,750,0,23-JAN-2024,
OPTIDX,NIFTY,28-Mar-2024,19800,PE,41,80.15,40.45,75.85,75.85,2120,21056.11,90200,23750,23-JAN-2024,
OPTIDX,NIFTY,28-Mar-2024,19850,PE,0,0,0,66.85,30.2,0,0,200,0,23-JAN-2024,
OPTIDX,NIFTY,28-Mar-2024,19900,PE,51.45,91,49.2,85.7,85.7,1179,11774.19,96650,25250,23-JAN-2024,
OPTIDX,NIFTY,28-Mar-2024,19950,PE,0,0,0,52,37.55,0,0,0,0,23-JAN-2024,
OPTIDX,NIFTY,28-Mar-2024,20000,PE,65,108.35,54.1,102.45,102.45,12379,124331.83,2027750,32700,23-JAN-2024,
OPTIDX,NIFTY,28-Mar-2024,20050,PE,0,0,0,60.5,46.35,0,0,0,0,23-JAN-2024,
OPTIDX,NIFTY,28-Mar-2024,20100,PE,58,116.75,56.8,111.1,111.1,1388,14013.1,123200,25700,23-JAN-2024,
OPTIDX,NIFTY,28-Mar-2024,20150,PE,0,0,0,72.6,56.75,0,0,3200,0,23-JAN-2024,
OPTIDX,NIFTY,28-Mar-2024,20200,PE,61.65,129.35,61.65,119.95,119.95,2478,25148.85,161650,35300,23-JAN-2024,
OPTIDX,NIFTY,28-Mar-2024,20250,PE,0,0,0,51.1,68.95,0,0,100,0,23-JAN-2024,
OPTIDX,NIFTY,28-Mar-2024,20300,PE,0,0,0,86.8,75.8,0,0,0,0,23-JAN-2024,
OPTIDX,NIFTY,28-Mar-2024,20350,PE,100,148,100,132.75,132.75,21,214.99,3800,650,23-JAN-2024,
OPTIDX,NIFTY,28-Mar-2024,20400,PE,79.15,165,79.15,157.5,157.5,939,9637.57,151500,10500,23-JAN-2024,
OPTIDX,NIFTY,28-Mar-2024,20450,PE,0,0,0,139.05,99.6,0,0,2450,0,23-JAN-2024,
OPTIDX,NIFTY,28-Mar-2024,20500,PE,90.05,191.1,90.05,179.5,179.5,5656,58383.86,636600,33800,23-JAN-2024,
OPTIDX,NIFTY,28-Mar-2024,20550,PE,0,0,0,158.4,118.4,0,0,2750,0,23-JAN-2024,
OPTIDX,NIFTY,28-Mar-2024,20600,PE,101.4,208,101.25,198.8,198.8,668,6934.38,130600,8100,23-JAN-2024,
OPTIDX,NIFTY,28-Mar-2024,20650,PE,132.85,213.3,132.85,205.45,139.8,17,177.11,2750,400,23-JAN-2024,
OPTIDX,NIFTY,28-Mar-2024,20700,PE,109.6,229.35,109.6,216.75,216.75,1348,14075.43,125850,12100,23-JAN-2024,
OPTIDX,NIFTY,28-Mar-2024,20750,PE,100.1,100.1,100.1,100.1,163.95,1,10.42,1300,50,23-JAN-2024,
OPTIDX,NIFTY,28-Mar-2024,20800,PE,124,257.9,121.4,245,245,1179,12380.85,115700,5150,23-JAN-2024,
OPTIDX,NIFTY,28-Mar-2024,20850,PE,229.4,265.65,225.8,260.65,191.05,37,390.32,1400,250,23-JAN-2024,
OPTIDX,NIFTY,28-Mar-2024,20900,PE,139.65,289.75,139.65,276.35,276.35,1399,14761.95,103400,-250,23-JAN-2024,
OPTIDX,NIFTY,28-Mar-2024,20950,PE,161.85,294.9,161.85,294.9,294.9,64,677.44,2350,-200,23-JAN-2024,
OPTIDX,NIFTY,28-Mar-2024,21000,PE,180,324,157.75,308.75,308.75,17343,184281.8,1896500,15750,23-JAN-2024,
OPTIDX,NIFTY,28-Mar-2024,21050,PE,169.45,326.05,169.45,326.05,254.6,77,818.36,2900,-1400,23-JAN-2024,
OPTIDX,NIFTY,28-Mar-2024,21100,PE,185,357.45,176.8,340.8,340.8,536,5725.56,46600,-250,23-JAN-2024,
OPTIDX,NIFTY,28-Mar-2024,21150,PE,187.65,356,187.65,348,348,50,535.44,1200,-900,23-JAN-2024,
OPTIDX,NIFTY,28-Mar-2024,21200,PE,241.5,394.65,195.75,375.8,375.8,1093,11762.97,31750,1700,23-JAN-2024,
OPTIDX,NIFTY,28-Mar-2024,21250,PE,209.9,403,209.9,386,386,115,1240.5,1050,-200,23-JAN-2024,
OPTIDX,NIFTY,28-Mar-2024,21300,PE,220.05,433.15,217.35,413.55,413.55,1624,17589.83,41550,14350,23-JAN-2024,
OPTIDX,NIFTY,28-Mar-2024,21350,PE,232.65,435.7,232.65,410.65,375.05,82,888.6,1500,200,23-JAN-2024,
OPTIDX,NIFTY,28-Mar-2024,21400,PE,245.3,479.6,244.65,451.4,451.4,1589,17332.34,65500,31150,23-JAN-2024,
OPTIDX,NIFTY,28-Mar-2024,21450,PE,259.45,482.9,259.45,471.45,471.45,90,981.17,1200,-1450,23-JAN-2024,
OPTIDX,NIFTY,28-Mar-2024,21500,PE,308.9,524.95,272.1,503,503,7036,77077.89,396950,-13050,23-JAN-2024,
OPTIDX,NIFTY,28-Mar-2024,21550,PE,289.15,546.35,287.3,524.75,524.75,142,1557.26,1000,-1700,23-JAN-2024,
OPTIDX,NIFTY,28-Mar-2024,21600,PE,305.25,571.05,299.95,547.75,547.75,887,9779.65,26250,-10000,23-JAN-2024,
OPTIDX,NIFTY,28-Mar-2024,21650,PE,320.7,561.5,315.3,550,526.8,98,1081.61,2300,-1550,23-JAN-2024,
OPTIDX,NIFTY,28-Mar-2024,21700,PE,340,627.7,332.45,614,614,3219,35675.1,32250,-2250,23-JAN-2024,
OPTIDX,NIFTY,28-Mar-2024,21750,PE,353.95,649.1,352.75,635.2,635.2,184,2043.94,4050,1650,23-JAN-2024,
OPTIDX,NIFTY,28-Mar-2024,21800,PE,374.9,675.9,374.9,650.25,650.25,919,10260.42,44650,-350,23-JAN-2024,
OPTIDX,NIFTY,28-Mar-2024,21850,PE,395.85,643.85,395.85,643.85,645.1,58,646.11,3800,2000,23-JAN-2024,
OPTIDX,NIFTY,28-Mar-2024,21900,PE,427,745.7,408.1,715.85,715.85,275,3094.94,45650,-4100,23-JAN-2024,
OPTIDX,NIFTY,28-Mar-2024,21950,PE,442.3,743.75,442.3,738.65,738.65,49,555.07,2150,-1900,23-JAN-2024,
OPTIDX,NIFTY,28-Mar-2024,22000,PE,478.1,806.65,448,780.5,780.5,7761,87846.82,724100,-31350,23-JAN-2024,
OPTIDX,NIFTY,28-Mar-2024,22050,PE,490.3,841.45,490.3,841.45,841.45,53,602.38,1000,-1050,23-JAN-2024,
OPTIDX,NIFTY,28-Mar-2024,22100,PE,520.2,868.55,512.3,861,861,241,2749.07,16500,250,23-JAN-2024,
OPTIDX,NIFTY,28-Mar-2024,22150,PE,654.5,771,652.05,771,846.55,27,308.87,750,-850,23-JAN-2024,
OPTIDX,NIFTY,28-Mar-2024,22200,PE,572.2,909.5,572.2,896.3,896.3,261,2994.48,19800,-700,23-JAN-2024,
OPTIDX,NIFTY,28-Mar-2024,22250,PE,722.5,722.5,722.5,722.5,919.55,1,11.48,150,50,23-JAN-2024,
OPTIDX,NIFTY,28-Mar-2024,22300,PE,601.05,977.45,601.05,972.25,972.25,165,1906.51,3700,-3650,23-JAN-2024,
OPTIDX,NIFTY,28-Mar-2024,22350,PE,720.25,860.55,720.25,860.35,995.25,5,57.85,1200,-150,23-JAN-2024,
OPTIDX,NIFTY,28-Mar-2024,22400,PE,662.7,1041.4,662.7,1039,1039,54,627.02,2650,-200,23-JAN-2024,
OPTIDX,NIFTY,28-Mar-2024,22450,PE,0,0,0,776.4,1073.4,0,0,100,0,23-JAN-2024,
OPTIDX,NIFTY,28-Mar-2024,22500,PE,752,1151.05,696.25,1124.25,1124.25,1519,17815.75,102400,2000,23-JAN-2024,
OPTIDX,NIFTY,28-Mar-2024,22550,PE,887.5,1044.55,887.5,1044.55,1153.95,2,23.51,250,100,23-JAN-2024,
OPTIDX,NIFTY,28-Mar-2024,22600,PE,799.25,1088.9,799.25,1088.9,1195,16,188.54,1600,0,23-JAN-2024,
OPTIDX,NIFTY,28-Mar-2024,22650,PE,0,0,0,920.1,1236.6,0,0,4000,0,23-JAN-2024,
OPTIDX,NIFTY,28-Mar-2024,22700,PE,864.1,1282.3,863.2,1282.3,1282.3,21,248.56,2500,100,23-JAN-2024,
OPTIDX,NIFTY,28-Mar-2024,22750,PE,1308.75,1308.75,1308.75,1308.75,1308.75,1,12.02,350,50,23-JAN-2024,
OPTIDX,NIFTY,28-Mar-2024,22800,PE,937.25,1197,929.1,1197,1364.2,20,237.9,1400,-200,23-JAN-2024,
OPTIDX,NIFTY,28-Mar-2024,22850,PE,1397.35,1397.35,1397.35,1397.35,1397.35,1,12.12,950,0,23-JAN-2024,
OPTIDX,NIFTY,28-Mar-2024,22900,PE,1023.55,1403.5,1023.55,1403.5,1403.5,9,108.6,2100,100,23-JAN-2024,
OPTIDX,NIFTY,28-Mar-2024,22950,PE,0,0,0,1117.8,1495.6,0,0,150,0,23-JAN-2024,
OPTIDX,NIFTY,28-Mar-2024,23000,PE,1080,1570,1042.3,1536.05,1536.05,710,8645.65,148850,10550,23-JAN-2024,
OPTIDX,NIFTY,28-Mar-2024,23050,PE,0,0,0,1198.65,1585.1,0,0,500,0,23-JAN-2024,
OPTIDX,NIFTY,28-Mar-2024,23100,PE,0,0,0,1188.9,1630.35,0,0,50,0,23-JAN-2024,
OPTIDX,NIFTY,28-Mar-2024,23150,PE,0,0,0,1249.2,1675.9,0,0,500,0,23-JAN-2024,
OPTIDX,NIFTY,28-Mar-2024,23200,PE,0,0,0,1317.45,1721.7,0,0,300,0,23-JAN-2024,
OPTIDX,NIFTY,28-Mar-2024,23250,PE,0,0,0,1340.2,1767.8,0,0,100,0,23-JAN-2024,
OPTIDX,NIFTY,28-Mar-2024,23300,PE,0,0,0,1377.9,1814.15,0,0,850,0,23-JAN-2024,
OPTIDX,NIFTY,28-Mar-2024,23350,PE,0,0,0,1388.8,1860.75,0,0,0,0,23-JAN-2024,
OPTIDX,NIFTY,28-Mar-2024,23400,PE,0,0,0,1425.9,1907.6,0,0,0,0,23-JAN-2024,
OPTIDX,NIFTY,28-Mar-2024,23450,PE,0,0,0,1566.25,1954.6,0,0,0,0,23-JAN-2024,
OPTIDX,NIFTY,28-Mar-2024,23500,PE,1500,1600,1500,1600,2001.85,3,37.56,1200,0,23-JAN-2024,
OPTIDX,NIFTY,28-Mar-2024,23550,PE,0,0,0,1542.3,2049.25,0,0,0,0,23-JAN-2024,
OPTIDX,NIFTY,28-Mar-2024,23600,PE,0,0,0,1581.9,2096.8,0,0,0,0,23-JAN-2024,
OPTIDX,NIFTY,28-Mar-2024,23650,PE,0,0,0,1621.9,2144.5,0,0,0,0,23-JAN-2024,
OPTIDX,NIFTY,28-Mar-2024,23700,PE,0,0,0,1662.25,2192.4,0,0,0,0,23-JAN-2024,
OPTIDX,NIFTY,28-Mar-2024,23750,PE,0,0,0,1702.95,2240.4,0,0,0,0,23-JAN-2024,
OPTIDX,NIFTY,28-Mar-2024,23800,PE,0,0,0,1744.05,2288.5,0,0,0,0,23-JAN-2024,
OPTIDX,NIFTY,28-Mar-2024,23850,PE,0,0,0,1785.45,2336.75,0,0,0,0,23-JAN-2024,
OPTIDX,NIFTY,28-Mar-2024,24000,PE,1928.8,2494,1928.8,2450,2450,383,5029.84,222400,4650,23-JAN-2024,
OPTIDX,NIFTY,28-Mar-2024,25000,PE,2965,3462,2960,3417.55,3417.55,587,8309.65,426850,8100,23-JAN-2024,
OPTIDX,NIFTY,28-Mar-2024,26000,PE,3902.4,4362.35,3902.4,4360.95,4360.95,17,257.07,10800,600,23-JAN-2024,
OPTIDX,NIFTY,28-Mar-2024,27000,PE,0,0,0,4800,5438.6,0,0,200,0,23-JAN-2024,
OPTIDX,NIFTY,27-Jun-2024,15000,CE,0,0,0,4599.25,6665.35,0,0,50,0,23-JAN-2024,
OPTIDX,NIFTY,27-Jun-2024,16000,CE,0,0,0,2666.1,5693.8,0,0,0,0,23-JAN-2024,
OPTIDX,NIFTY,27-Jun-2024,17000,CE,0,0,0,5010.65,4722.65,0,0,50,0,23-JAN-2024,
OPTIDX,NIFTY,27-Jun-2024,18000,CE,4111.75,4111.75,3700,3708.5,3708.5,28,305.36,17600,-100,23-JAN-2024,
OPTIDX,NIFTY,27-Jun-2024,18500,CE,3534.75,3554.75,3534.75,3554.75,3276.6,2,22.04,2825,100,23-JAN-2024,
OPTIDX,NIFTY,27-Jun-2024,19000,CE,3300,3300,2835,2846.45,2846.45,87,958.49,115000,-650,23-JAN-2024,
OPTIDX,NIFTY,27-Jun-2024,20000,CE,2480,2490,2050,2066.5,2066.5,376,4179.62,167450,5300,23-JAN-2024,
OPTIDX,NIFTY,27-Jun-2024,21000,CE,1735,1740,1350,1369.2,1369.2,1069,12015.22,348200,1900,23-JAN-2024,
OPTIDX,NIFTY,27-Jun-2024,22000,CE,1099.95,1104,804.2,820.7,820.7,1998,22894.75,291950,10350,23-JAN-2024,
OPTIDX,NIFTY,27-Jun-2024,23000,CE,599.9,619.95,435,444.55,444.55,2043,23993.88,705600,12450,23-JAN-2024,
OPTIDX,NIFTY,27-Jun-2024,24000,CE,325.05,325.05,224,228.5,228.5,1256,15231.44,208100,-6000,23-JAN-2024,
OPTIDX,NIFTY,27-Jun-2024,25000,CE,150,150,107.3,115.85,115.85,940,11809.17,153600,19000,23-JAN-2024,
OPTIDX,NIFTY,27-Jun-2024,26000,CE,77.9,77.9,60.35,64.55,64.55,211,2750.43,30050,950,23-JAN-2024,
OPTIDX,NIFTY,27-Jun-2024,27000,CE,0,0,0,331.6,2.85,0,0,0,0,23-JAN-2024,
OPTIDX,NIFTY,27-Jun-2024,14000,PE,0,0,0,3.05,0.05,0,0,7275,0,23-JAN-2024,
OPTIDX,NIFTY,27-Jun-2024,15000,PE,0,0,0,3.05,0.05,0,0,12425,0,23-JAN-2024,
OPTIDX,NIFTY,27-Jun-2024,16000,PE,0,0,0,3.05,0.05,0,0,37950,0,23-JAN-2024,
OPTIDX,NIFTY,27-Jun-2024,17000,PE,12.05,12.05,12.05,12.05,0.4,1,8.5,126100,0,23-JAN-2024,
OPTIDX,NIFTY,27-Jun-2024,18000,PE,62.1,88,61.55,82.9,82.9,1007,9102.69,482050,9150,23-JAN-2024,
OPTIDX,NIFTY,27-Jun-2024,19000,PE,126.95,169,115,161.8,161.8,1025,9813.8,765250,9100,23-JAN-2024,
OPTIDX,NIFTY,27-Jun-2024,20000,PE,225.05,314.95,225,305.1,305.1,2435,24697.37,1050300,7650,23-JAN-2024,
OPTIDX,NIFTY,27-Jun-2024,21000,PE,432.3,578.05,421.25,561.2,561.2,2934,31569.56,854200,25150,23-JAN-2024,
OPTIDX,NIFTY,27-Jun-2024,22000,PE,767.8,1004.85,730.95,979.8,979.8,2076,23775.28,826950,-3850,23-JAN-2024,
OPTIDX,NIFTY,27-Jun-2024,23000,PE,1240,1602.95,1218,1565.2,1565.2,792,9683.23,137450,850,23-JAN-2024,
OPTIDX,NIFTY,27-Jun-2024,24000,PE,1932,2350,1888.3,2328.8,2328.8,288,3770.11,41750,9300,23-JAN-2024,
OPTIDX,NIFTY,27-Jun-2024,25000,PE,0,0,0,7199.55,3088.4,0,0,0,0,23-JAN-2024,
OPTIDX,NIFTY,27-Jun-2024,26000,PE,0,0,0,8015.6,4032.95,0,0,0,0,23-JAN-2024,
OPTIDX,NIFTY,27-Jun-2024,27000,PE,0,0,0,8206,4996.25,0,0,0,0,23-JAN-2024,
OPTIDX,NIFTY,26-Sep-2024,16000,CE,0,0,0,4667.4,5953.55,0,0,0,0,23-JAN-2024,
OPTIDX,NIFTY,26-Sep-2024,17000,CE,0,0,0,3800.4,5000.45,0,0,0,0,23-JAN-2024,
OPTIDX,NIFTY,26-Sep-2024,18000,CE,0,0,0,2994.95,4056.5,0,0,0,0,23-JAN-2024,
OPTIDX,NIFTY,26-Sep-2024,19000,CE,0,0,0,2277.4,3141.5,0,0,0,0,23-JAN-2024,
OPTIDX,NIFTY,26-Sep-2024,20000,CE,0,0,0,1666.45,2292.75,0,0,0,0,23-JAN-2024,
OPTIDX,NIFTY,26-Sep-2024,21000,CE,0,0,0,1173.8,1558.25,0,0,0,0,23-JAN-2024,
OPTIDX,NIFTY,26-Sep-2024,22000,CE,1386.8,1386.8,1126.05,1199.05,977.35,23,267.58,8700,150,23-JAN-2024,
OPTIDX,NIFTY,26-Sep-2024,23000,CE,870,870,710,724,724,58,688.74,6000,-450,23-JAN-2024,
OPTIDX,NIFTY,26-Sep-2024,24000,CE,515,515,515,515,297.1,4,49.03,800,200,23-JAN-2024,
OPTIDX,NIFTY,26-Sep-2024,25000,CE,260,260,260,260,143.95,6,75.78,1250,0,23-JAN-2024,
OPTIDX,NIFTY,26-Sep-2024,26000,CE,130,170.6,121.05,121.05,64.25,5,65.38,2500,0,23-JAN-2024,
OPTIDX,NIFTY,26-Sep-2024,27000,CE,0,0,0,68.7,26.55,0,0,0,0,23-JAN-2024,
OPTIDX,NIFTY,26-Sep-2024,16000,PE,0,0,0,39.75,0.3,0,0,0,0,23-JAN-2024,
OPTIDX,NIFTY,26-Sep-2024,17000,PE,0,0,0,103.7,2.6,0,0,0,0,23-JAN-2024,
OPTIDX,NIFTY,26-Sep-2024,18000,PE,0,0,0,229.25,14,0,0,0,0,23-JAN-2024,
OPTIDX,NIFTY,26-Sep-2024,19000,PE,0,0,0,239.55,54.35,0,0,2850,0,23-JAN-2024,
OPTIDX,NIFTY,26-Sep-2024,20000,PE,0,0,0,762.75,160.95,0,0,0,0,23-JAN-2024,
OPTIDX,NIFTY,26-Sep-2024,21000,PE,0,0,0,1201.1,381.8,0,0,0,0,23-JAN-2024,
OPTIDX,NIFTY,26-Sep-2024,22000,PE,0,0,0,1754.25,756.25,0,0,0,0,23-JAN-2024,
OPTIDX,NIFTY,26-Sep-2024,23000,PE,0,0,0,913.6,1297.05,0,0,100,0,23-JAN-2024,
OPTIDX,NIFTY,26-Sep-2024,24000,PE,0,0,0,3149.25,1986.65,0,0,0,0,23-JAN-2024,
OPTIDX,NIFTY,26-Sep-2024,25000,PE,0,0,0,3952.4,2788.9,0,0,0,0,23-JAN-2024,
OPTIDX,NIFTY,26-Sep-2024,26000,PE,0,0,0,4801.5,3664.55,0,0,0,0,23-JAN-2024,
OPTIDX,NIFTY,26-Sep-2024,27000,PE,0,0,0,5681.95,4582.2,0,0,0,0,23-JAN-2024,
OPTIDX,NIFTY,26-Dec-2024,14000,CE,0,0,0,8599,8087.1,0,0,100,0,23-JAN-2024,
OPTIDX,NIFTY,26-Dec-2024,15000,CE,0,0,0,7100,7147.85,0,0,2100,0,23-JAN-2024,
OPTIDX,NIFTY,26-Dec-2024,16000,CE,0,0,0,6400,6209.5,0,0,21950,0,23-JAN-2024,
OPTIDX,NIFTY,26-Dec-2024,17000,CE,5210,5210,5210,5210,5275.2,1,11.1,21050,0,23-JAN-2024,
OPTIDX,NIFTY,26-Dec-2024,18000,CE,4688.95,4688.95,4250,4250,4250,11,122.74,24450,-350,23-JAN-2024,
OPTIDX,NIFTY,26-Dec-2024,18500,CE,0,0,0,4400,3904.4,0,0,1000,0,23-JAN-2024,
OPTIDX,NIFTY,26-Dec-2024,19000,CE,3748,3748,3481,3481,3481,61,691.99,72150,1600,23-JAN-2024,
OPTIDX,NIFTY,26-Dec-2024,20000,CE,3054.3,3054.3,2682.35,2699.7,2699.7,63,718.12,78750,-900,23-JAN-2024,
OPTIDX,NIFTY,26-Dec-2024,21000,CE,2401.6,2401.6,2016,2034.2,2034.2,156,1805.15,121550,350,23-JAN-2024,
OPTIDX,NIFTY,26-Dec-2024,22000,CE,1750,1771.75,1420,1435.25,1435.25,316,3717.29,162300,1150,23-JAN-2024,
OPTIDX,NIFTY,26-Dec-2024,23000,CE,1220.05,1220.05,954,965.1,965.1,425,5105.27,155600,-4400,23-JAN-2024,
OPTIDX,NIFTY,26-Dec-2024,24000,CE,749.95,760,593.55,603.1,603.1,525,6476.43,141000,-3300,23-JAN-2024,
OPTIDX,NIFTY,26-Dec-2024,25000,CE,460,469.55,370,373.85,373.85,219,2782.29,171200,-550,23-JAN-2024,
OPTIDX,NIFTY,26-Dec-2024,26000,CE,261.05,267.5,218.05,220.3,220.3,169,2216.64,61500,-5750,23-JAN-2024,
OPTIDX,NIFTY,26-Dec-2024,27000,CE,170,170,135.05,137.45,137.45,276,3746.22,35700,100,23-JAN-2024,
OPTIDX,NIFTY,26-Dec-2024,14000,PE,0,0,0,20.5,0.05,0,0,3300,0,23-JAN-2024,
OPTIDX,NIFTY,26-Dec-2024,15000,PE,0,0,0,7.6,0.15,0,0,28300,0,23-JAN-2024,
OPTIDX,NIFTY,26-Dec-2024,16000,PE,0,0,0,20.65,1.2,0,0,13500,0,23-JAN-2024,
OPTIDX,NIFTY,26-Dec-2024,17000,PE,75.9,94,75.9,91,91,28,239.2,73250,400,23-JAN-2024,
OPTIDX,NIFTY,26-Dec-2024,18000,PE,102,154,102,147.5,147.5,232,2104.43,259150,5850,23-JAN-2024,
OPTIDX,NIFTY,26-Dec-2024,19000,PE,200.05,247.55,194.15,239.6,239.6,380,3653.02,437450,2700,23-JAN-2024,
OPTIDX,NIFTY,26-Dec-2024,20000,PE,320.25,403.25,317.15,393.7,393.7,854,8700.23,537250,-850,23-JAN-2024,
OPTIDX,NIFTY,26-Dec-2024,21000,PE,516.1,645.05,510.85,632.95,632.95,985,10638.05,848200,4600,23-JAN-2024,
OPTIDX,NIFTY,26-Dec-2024,22000,PE,775.2,970.45,775.2,956.05,956.05,684,7836.5,302200,-1950,23-JAN-2024,
OPTIDX,NIFTY,26-Dec-2024,23000,PE,1161.05,1455,1161.05,1439.05,1439.05,406,4944.63,98950,-5800,23-JAN-2024,
OPTIDX,NIFTY,26-Dec-2024,24000,PE,1790.4,2051.85,1778,2028.7,2028.7,210,2727.53,29300,6200,23-JAN-2024,
OPTIDX,NIFTY,26-Dec-2024,25000,PE,2569,2710,2546.5,2710,2710,13,179.63,9900,600,23-JAN-2024,
OPTIDX,NIFTY,26-Dec-2024,26000,PE,0,0,0,7636.7,3349.1,0,0,0,0,23-JAN-2024,
OPTIDX,NIFTY,26-Dec-2024,27000,PE,0,0,0,4500,4209.8,0,0,50,0,23-JAN-2024,
OPTIDX,NIFTY,26-Jun-2025,16000,CE,0,0,0,3227.55,6710.15,0,0,0,0,23-JAN-2024,
OPTIDX,NIFTY,26-Jun-2025,17000,CE,0,0,0,4165.5,5812.7,0,0,2750,0,23-JAN-2024,
OPTIDX,NIFTY,26-Jun-2025,18000,CE,0,0,0,3934,4932.5,0,0,2200,0,23-JAN-2024,
OPTIDX,NIFTY,26-Jun-2025,19000,CE,0,0,0,3077.9,4085.4,0,0,0,0,23-JAN-2024,
OPTIDX,NIFTY,26-Jun-2025,20000,CE,0,0,0,3180.85,3291.9,0,0,0,0,23-JAN-2024,
OPTIDX,NIFTY,26-Jun-2025,21000,CE,0,0,0,3199.45,2573.7,0,0,0,0,23-JAN-2024,
OPTIDX,NIFTY,26-Jun-2025,22000,CE,0,0,0,2088.15,1948.95,0,0,0,0,23-JAN-2024,
OPTIDX,NIFTY,26-Jun-2025,23000,CE,0,0,0,2003.65,1428.25,0,0,0,0,23-JAN-2024,
OPTIDX,NIFTY,26-Jun-2025,24000,CE,0,0,0,1100.85,1012.8,0,0,0,0,23-JAN-2024,
OPTIDX,NIFTY,26-Jun-2025,25000,CE,0,0,0,945.65,695.45,0,0,0,0,23-JAN-2024,
OPTIDX,NIFTY,26-Jun-2025,26000,CE,0,0,0,811.85,462.9,0,0,0,0,23-JAN-2024,
OPTIDX,NIFTY,26-Jun-2025,27000,CE,0,0,0,803.5,299.1,0,0,0,0,23-JAN-2024,
OPTIDX,NIFTY,26-Jun-2025,14000,PE,0,0,0,42.35,0.15,0,0,675,0,23-JAN-2024,
OPTIDX,NIFTY,26-Jun-2025,15000,PE,0,0,0,134,1,0,0,1800,0,23-JAN-2024,
OPTIDX,NIFTY,26-Jun-2025,16000,PE,0,0,0,129.2,4.4,0,0,100,0,23-JAN-2024,
OPTIDX,NIFTY,26-Jun-2025,17000,PE,0,0,0,3497.35,15.25,0,0,0,0,23-JAN-2024,
OPTIDX,NIFTY,26-Jun-2025,18000,PE,0,0,0,3586.15,43.4,0,0,0,0,23-JAN-2024,
OPTIDX,NIFTY,26-Jun-2025,19000,PE,0,0,0,3210.95,104.6,0,0,0,0,23-JAN-2024,
OPTIDX,NIFTY,26-Jun-2025,20000,PE,0,0,0,500,219.4,0,0,550,0,23-JAN-2024,
OPTIDX,NIFTY,26-Jun-2025,21000,PE,0,0,0,3070.85,409.5,0,0,0,0,23-JAN-2024,
OPTIDX,NIFTY,26-Jun-2025,22000,PE,0,0,0,3957.4,693.1,0,0,0,0,23-JAN-2024,
OPTIDX,NIFTY,26-Jun-2025,23000,PE,0,0,0,1170,1080.7,0,0,0,0,23-JAN-2024,
OPTIDX,NIFTY,26-Jun-2025,24000,PE,0,0,0,5875.1,1573.55,0,0,0,0,23-JAN-2024,
OPTIDX,NIFTY,26-Jun-2025,25000,PE,0,0,0,6576.35,2164.5,0,0,0,0,23-JAN-2024,
OPTIDX,NIFTY,26-Jun-2025,26000,PE,0,0,0,7299,2840.3,0,0,0,0,23-JAN-2024,
OPTIDX,NIFTY,26-Jun-2025,27000,PE,0,0,0,7438.15,3584.8,0,0,0,0,23-JAN-2024,
OPTIDX,NIFTY,24-Dec-2025,16000,CE,0,0,0,7200,7192.4,0,0,50,0,23-JAN-2024,
OPTIDX,NIFTY,24-Dec-2025,17000,CE,0,0,0,5080,6328.9,0,0,650,0,23-JAN-2024,
OPTIDX,NIFTY,24-Dec-2025,18000,CE,0,0,0,6099.95,5483.35,0,0,5650,0,23-JAN-2024,
OPTIDX,NIFTY,24-Dec-2025,19000,CE,0,0,0,4401,4668.2,0,0,3200,0,23-JAN-2024,
OPTIDX,NIFTY,24-Dec-2025,19500,CE,0,0,0,3672.95,4276.6,0,0,1250,0,23-JAN-2024,
OPTIDX,NIFTY,24-Dec-2025,20000,CE,0,0,0,3800,3898.3,0,0,300,0,23-JAN-2024,
OPTIDX,NIFTY,24-Dec-2025,21000,CE,0,0,0,1400,3189,0,0,100,0,23-JAN-2024,
OPTIDX,NIFTY,24-Dec-2025,22000,CE,0,0,0,2811,2553.4,0,0,550,0,23-JAN-2024,
OPTIDX,NIFTY,24-Dec-2025,23000,CE,2275,2275,2200,2200,2200,3,37.86,2550,100,23-JAN-2024,
OPTIDX,NIFTY,24-Dec-2025,24000,CE,0,0,0,1396.05,1533.45,0,0,0,0,23-JAN-2024,
OPTIDX,NIFTY,24-Dec-2025,25000,CE,0,0,0,1222.85,1150.8,0,0,0,0,23-JAN-2024,
OPTIDX,NIFTY,24-Dec-2025,26000,CE,0,0,0,1070.85,846.05,0,0,0,0,23-JAN-2024,
OPTIDX,NIFTY,24-Dec-2025,27000,CE,0,0,0,1071,609.9,0,0,0,0,23-JAN-2024,
OPTIDX,NIFTY,24-Dec-2025,13000,PE,0,0,0,400,0.1,0,0,150,0,23-JAN-2024,
OPTIDX,NIFTY,24-Dec-2025,15000,PE,0,0,0,62.15,2.45,0,0,1100,0,23-JAN-2024,
OPTIDX,NIFTY,24-Dec-2025,16000,PE,0,0,0,79,8.2,0,0,2550,0,23-JAN-2024,
OPTIDX,NIFTY,24-Dec-2025,16500,PE,0,0,0,38.15,14.05,0,0,2600,0,23-JAN-2024,
OPTIDX,NIFTY,24-Dec-2025,17000,PE,0,0,0,155.05,23.15,0,0,2400,0,23-JAN-2024,
OPTIDX,NIFTY,24-Dec-2025,18000,PE,0,0,0,324.95,56,0,0,3050,0,23-JAN-2024,
OPTIDX,NIFTY,24-Dec-2025,19000,PE,0,0,0,620.05,119.25,0,0,3800,0,23-JAN-2024,
OPTIDX,NIFTY,24-Dec-2025,20000,PE,0,0,0,199.85,227.8,0,0,4550,0,23-JAN-2024,
OPTIDX,NIFTY,24-Dec-2025,21000,PE,0,0,0,701,396.9,0,0,3200,0,23-JAN-2024,
OPTIDX,NIFTY,24-Dec-2025,22000,PE,0,0,0,910,639.7,0,0,2250,0,23-JAN-2024,
OPTIDX,NIFTY,24-Dec-2025,23000,PE,0,0,0,1230,965.1,0,0,650,0,23-JAN-2024,
OPTIDX,NIFTY,24-Dec-2025,24000,PE,0,0,0,5649,1376.6,0,0,0,0,23-JAN-2024,
OPTIDX,NIFTY,24-Dec-2025,25000,PE,0,0,0,6310.55,1872.35,0,0,0,0,23-JAN-2024,
OPTIDX,NIFTY,24-Dec-2025,26000,PE,0,0,0,6993.25,2446,0,0,0,0,23-JAN-2024,
OPTIDX,NIFTY,24-Dec-2025,27000,PE,0,0,0,7112.8,3088.3,0,0,0,0,23-JAN-2024,
OPTIDX,NIFTY,25-Jun-2026,12000,CE,0,0,0,8690,11048.65,0,0,50,0,23-JAN-2024,
OPTIDX,NIFTY,25-Jun-2026,16000,CE,0,0,0,4748.3,7663.6,0,0,0,0,23-JAN-2024,
OPTIDX,NIFTY,25-Jun-2026,17000,CE,0,0,0,4348.25,6831.8,0,0,0,0,23-JAN-2024,
OPTIDX,NIFTY,25-Jun-2026,18000,CE,0,0,0,4150,6017.25,0,0,200,0,23-JAN-2024,
OPTIDX,NIFTY,25-Jun-2026,19000,CE,0,0,0,2872.25,5229.75,0,0,100,0,23-JAN-2024,
OPTIDX,NIFTY,25-Jun-2026,20000,CE,0,0,0,3829.5,4480.6,0,0,0,0,23-JAN-2024,
OPTIDX,NIFTY,25-Jun-2026,21000,CE,0,0,0,3881.9,3781.4,0,0,0,0,23-JAN-2024,
OPTIDX,NIFTY,25-Jun-2026,22000,CE,0,0,0,2722.55,3142.15,0,0,0,0,23-JAN-2024,
OPTIDX,NIFTY,25-Jun-2026,23000,CE,0,0,0,2645.65,2570.4,0,0,0,0,23-JAN-2024,
OPTIDX,NIFTY,25-Jun-2026,24000,CE,0,0,0,1698.3,2070.25,0,0,0,0,23-JAN-2024,
OPTIDX,NIFTY,25-Jun-2026,25000,CE,0,0,0,1510.4,1642.25,0,0,0,0,23-JAN-2024,
OPTIDX,NIFTY,25-Jun-2026,26000,CE,0,0,0,1343.15,1283.65,0,0,0,0,23-JAN-2024,
OPTIDX,NIFTY,25-Jun-2026,27000,CE,0,0,0,1352.8,989.35,0,0,0,0,23-JAN-2024,
OPTIDX,NIFTY,25-Jun-2026,12000,PE,0,0,0,10.05,0.05,0,0,500,0,23-JAN-2024,
OPTIDX,NIFTY,25-Jun-2026,13000,PE,0,0,0,45.25,0.3,0,0,200,0,23-JAN-2024,
OPTIDX,NIFTY,25-Jun-2026,14000,PE,0,0,0,300,1.2,0,0,100,0,23-JAN-2024,
OPTIDX,NIFTY,25-Jun-2026,15000,PE,0,0,0,105.5,4.1,0,0,850,0,23-JAN-2024,
OPTIDX,NIFTY,25-Jun-2026,16000,PE,0,0,0,54.8,11.75,0,0,500,0,23-JAN-2024,
OPTIDX,NIFTY,25-Jun-2026,17000,PE,0,0,0,2627.25,29.15,0,0,0,0,23-JAN-2024,
OPTIDX,NIFTY,25-Jun-2026,18000,PE,0,0,0,3088.05,63.75,0,0,0,0,23-JAN-2024,
OPTIDX,NIFTY,25-Jun-2026,19000,PE,0,0,0,140.45,125.4,0,0,100,0,23-JAN-2024,
OPTIDX,NIFTY,25-Jun-2026,20000,PE,0,0,0,3159.75,225.5,0,0,0,0,23-JAN-2024,
OPTIDX,NIFTY,25-Jun-2026,21000,PE,0,0,0,3065.6,375.45,0,0,0,0,23-JAN-2024,
OPTIDX,NIFTY,25-Jun-2026,22000,PE,0,0,0,3829.5,585.4,0,0,0,0,23-JAN-2024,
OPTIDX,NIFTY,25-Jun-2026,23000,PE,0,0,0,4171.75,862.85,0,0,0,0,23-JAN-2024,
OPTIDX,NIFTY,25-Jun-2026,24000,PE,0,0,0,5437.7,1211.85,0,0,0,0,23-JAN-2024,
OPTIDX,NIFTY,25-Jun-2026,25000,PE,0,0,0,6063.1,1633.05,0,0,0,0,23-JAN-2024,
OPTIDX,NIFTY,25-Jun-2026,26000,PE,0,0,0,6709.2,2123.65,0,0,0,0,23-JAN-2024,
OPTIDX,NIFTY,25-Jun-2026,27000,PE,0,0,0,6810.7,2678.55,0,0,0,0,23-JAN-2024,
OPTIDX,NIFTY,31-Dec-2026,16000,CE,0,0,0,6200,8133.2,0,0,50,0,23-JAN-2024,
OPTIDX,NIFTY,31-Dec-2026,17000,CE,0,0,0,4955.1,7331.8,0,0,0,0,23-JAN-2024,
OPTIDX,NIFTY,31-Dec-2026,18000,CE,0,0,0,4501.45,6546.3,0,0,0,0,23-JAN-2024,
OPTIDX,NIFTY,31-Dec-2026,19000,CE,0,0,0,4999,5784.6,0,0,200,0,23-JAN-2024,
OPTIDX,NIFTY,31-Dec-2026,20000,CE,0,0,0,3704.3,5055.55,0,0,0,0,23-JAN-2024,
OPTIDX,NIFTY,31-Dec-2026,21000,CE,0,0,0,3356.25,4368.1,0,0,0,0,23-JAN-2024,
OPTIDX,NIFTY,31-Dec-2026,22000,CE,0,0,0,3039,3730.15,0,0,0,0,23-JAN-2024,
OPTIDX,NIFTY,31-Dec-2026,23000,CE,0,0,0,2020,3148.2,0,0,500,0,23-JAN-2024,
OPTIDX,NIFTY,31-Dec-2026,24000,CE,0,0,0,2010.65,2626.3,0,0,0,0,23-JAN-2024,
OPTIDX,NIFTY,31-Dec-2026,25000,CE,0,0,0,1811.2,2166.1,0,0,0,0,23-JAN-2024,
OPTIDX,NIFTY,31-Dec-2026,26000,CE,0,0,0,1631.05,1766.95,0,0,0,0,23-JAN-2024,
OPTIDX,NIFTY,31-Dec-2026,27000,CE,0,0,0,1651.65,1426.2,0,0,0,0,23-JAN-2024,
OPTIDX,NIFTY,31-Dec-2026,12000,PE,0,0,0,250.1,0.1,0,0,600,0,23-JAN-2024,
OPTIDX,NIFTY,31-Dec-2026,13000,PE,0,0,0,450,0.55,0,0,200,0,23-JAN-2024,
OPTIDX,NIFTY,31-Dec-2026,14000,PE,0,0,0,500,1.9,0,0,950,0,23-JAN-2024,
OPTIDX,NIFTY,31-Dec-2026,15000,PE,0,0,0,118.9,5.7,0,0,2200,0,23-JAN-2024,
OPTIDX,NIFTY,31-Dec-2026,16000,PE,0,0,0,73.05,14.65,0,0,2450,0,23-JAN-2024,
OPTIDX,NIFTY,31-Dec-2026,17000,PE,0,0,0,177.55,33.25,0,0,2700,0,23-JAN-2024,
OPTIDX,NIFTY,31-Dec-2026,18000,PE,0,0,0,374.15,67.8,0,0,6350,0,23-JAN-2024,
OPTIDX,NIFTY,31-Dec-2026,19000,PE,0,0,0,450,126.1,0,0,3200,0,23-JAN-2024,
OPTIDX,NIFTY,31-Dec-2026,20000,PE,0,0,0,600,217.1,0,0,3750,0,23-JAN-2024,
OPTIDX,NIFTY,31-Dec-2026,21000,PE,0,0,0,649,349.6,0,0,850,0,23-JAN-2024,
OPTIDX,NIFTY,31-Dec-2026,22000,PE,0,0,0,609.65,531.75,0,0,100,0,23-JAN-2024,
OPTIDX,NIFTY,31-Dec-2026,23000,PE,0,0,0,1158.95,769.75,0,0,5800,0,23-JAN-2024,
OPTIDX,NIFTY,31-Dec-2026,24000,PE,0,0,0,5233.45,1067.85,0,0,0,0,23-JAN-2024,
OPTIDX,NIFTY,31-Dec-2026,25000,PE,0,0,0,5825.75,1427.7,0,0,0,0,23-JAN-2024,
OPTIDX,NIFTY,31-Dec-2026,26000,PE,0,0,0,6437.4,1848.55,0,0,0,0,23-JAN-2024,
OPTIDX,NIFTY,31-Dec-2026,27000,PE,0,0,0,6522.3,2327.85,0,0,0,0,23-JAN-2024,
OPTIDX,NIFTY,24-Jun-2027,16000,CE,0,0,0,4898.4,8553,0,0,0,0,23-JAN-2024,
OPTIDX,NIFTY,24-Jun-2027,17000,CE,0,0,0,4464.7,7778,0,0,0,0,23-JAN-2024,
OPTIDX,NIFTY,24-Jun-2027,18000,CE,0,0,0,4066.45,7017.6,0,0,0,0,23-JAN-2024,
OPTIDX,NIFTY,24-Jun-2027,19000,CE,0,0,0,3701.25,6278.25,0,0,100,0,23-JAN-2024,
OPTIDX,NIFTY,24-Jun-2027,20000,CE,0,0,0,3367.05,5567.15,0,0,0,0,23-JAN-2024,
OPTIDX,NIFTY,24-Jun-2027,21000,CE,0,0,0,3061.8,4891.55,0,0,0,0,23-JAN-2024,
OPTIDX,NIFTY,24-Jun-2027,22000,CE,0,0,0,2783.5,4258.15,0,0,0,0,23-JAN-2024,
OPTIDX,NIFTY,24-Jun-2027,23000,CE,0,0,0,2530.05,3672.35,0,0,0,0,23-JAN-2024,
OPTIDX,NIFTY,24-Jun-2027,24000,CE,0,0,0,2299.55,3138.05,0,0,0,0,23-JAN-2024,
OPTIDX,NIFTY,24-Jun-2027,25000,CE,0,0,0,2090.05,2657.45,0,0,0,0,23-JAN-2024,
OPTIDX,NIFTY,24-Jun-2027,26000,CE,0,0,0,1900.85,2230.95,0,0,0,0,23-JAN-2024,
OPTIDX,NIFTY,24-Jun-2027,27000,CE,0,0,0,1932.5,1857.25,0,0,0,0,23-JAN-2024,
OPTIDX,NIFTY,24-Jun-2027,16000,PE,0,0,0,1476.1,16.65,0,0,0,0,23-JAN-2024,
OPTIDX,NIFTY,24-Jun-2027,17000,PE,0,0,0,1814.75,35.55,0,0,0,0,23-JAN-2024,
OPTIDX,NIFTY,24-Jun-2027,18000,PE,0,0,0,2188.9,69.05,0,0,0,0,23-JAN-2024,
OPTIDX,NIFTY,24-Jun-2027,19000,PE,0,0,0,170,123.6,0,0,250,0,23-JAN-2024,
OPTIDX,NIFTY,24-Jun-2027,20000,PE,0,0,0,3034.2,206.4,0,0,0,0,23-JAN-2024,
OPTIDX,NIFTY,24-Jun-2027,21000,PE,0,0,0,3501.35,324.7,0,0,0,0,23-JAN-2024,
OPTIDX,NIFTY,24-Jun-2027,22000,PE,0,0,0,3995.4,485.2,0,0,0,0,23-JAN-2024,
OPTIDX,NIFTY,24-Jun-2027,23000,PE,0,0,0,4514.3,693.3,0,0,0,0,23-JAN-2024,
OPTIDX,NIFTY,24-Jun-2027,24000,PE,0,0,0,5056.2,952.95,0,0,0,0,23-JAN-2024,
OPTIDX,NIFTY,24-Jun-2027,25000,PE,0,0,0,5619.05,1266.25,0,0,0,0,23-JAN-2024,
OPTIDX,NIFTY,24-Jun-2027,26000,PE,0,0,0,6202.2,1633.6,0,0,0,0,23-JAN-2024,
OPTIDX,NIFTY,24-Jun-2027,27000,PE,0,0,0,6273.45,2053.8,0,0,0,0,23-JAN-2024,
OPTIDX,NIFTY,30-Dec-2027,16000,CE,0,0,0,7354.45,8990.75,0,0,0,0,23-JAN-2024,
OPTIDX,NIFTY,30-Dec-2027,17000,CE,0,0,0,6805.5,8242.75,0,0,0,0,23-JAN-2024,
OPTIDX,NIFTY,30-Dec-2027,18000,CE,0,0,0,6285.7,7507.9,0,0,0,0,23-JAN-2024,
OPTIDX,NIFTY,30-Dec-2027,19000,CE,0,0,0,5794.9,6791.5,0,0,0,0,23-JAN-2024,
OPTIDX,NIFTY,30-Dec-2027,20000,CE,0,0,0,5333.85,6099.45,0,0,0,0,23-JAN-2024,
OPTIDX,NIFTY,30-Dec-2027,21000,CE,0,0,0,4902.4,5437.65,0,0,0,0,23-JAN-2024,
OPTIDX,NIFTY,30-Dec-2027,22000,CE,0,0,0,4499.55,4811.6,0,0,0,0,23-JAN-2024,
OPTIDX,NIFTY,30-Dec-2027,23000,CE,0,0,0,4125.7,4226,0,0,0,0,23-JAN-2024,
OPTIDX,NIFTY,30-Dec-2027,24000,CE,0,0,0,3778.95,3684.45,0,0,0,0,23-JAN-2024,
OPTIDX,NIFTY,30-Dec-2027,25000,CE,0,0,0,3458.35,3189.3,0,0,0,0,23-JAN-2024,
OPTIDX,NIFTY,30-Dec-2027,26000,CE,0,0,0,3162.4,2741.5,0,0,0,0,23-JAN-2024,
OPTIDX,NIFTY,30-Dec-2027,27000,CE,0,0,0,2889.8,2340.8,0,0,0,0,23-JAN-2024,
OPTIDX,NIFTY,30-Dec-2027,15000,PE,0,0,0,86.75,8.05,0,0,350,0,23-JAN-2024,
OPTIDX,NIFTY,30-Dec-2027,16000,PE,0,0,0,479.35,18.1,0,0,0,0,23-JAN-2024,
OPTIDX,NIFTY,30-Dec-2027,17000,PE,0,0,0,514,36.75,0,0,14250,0,23-JAN-2024,
OPTIDX,NIFTY,30-Dec-2027,18000,PE,0,0,0,74.8,68.5,0,0,10500,0,23-JAN-2024,
OPTIDX,NIFTY,30-Dec-2027,19000,PE,0,0,0,760,118.75,0,0,700,0,23-JAN-2024,
OPTIDX,NIFTY,30-Dec-2027,20000,PE,0,0,0,811,193.35,0,0,2350,0,23-JAN-2024,
OPTIDX,NIFTY,30-Dec-2027,21000,PE,0,0,0,1563.55,298.15,0,0,0,0,23-JAN-2024,
OPTIDX,NIFTY,30-Dec-2027,22000,PE,0,0,0,1867.9,438.75,0,0,0,0,23-JAN-2024,
OPTIDX,NIFTY,30-Dec-2027,23000,PE,0,0,0,2201.3,619.75,0,0,0,0,23-JAN-2024,
OPTIDX,NIFTY,30-Dec-2027,24000,PE,0,0,0,2561.85,844.85,0,0,0,0,23-JAN-2024,
OPTIDX,NIFTY,30-Dec-2027,25000,PE,0,0,0,2948.45,1116.3,0,0,0,0,23-JAN-2024,
OPTIDX,NIFTY,30-Dec-2027,26000,PE,0,0,0,3359.75,1435.15,0,0,0,0,23-JAN-2024,
OPTIDX,NIFTY,30-Dec-2027,27000,PE,0,0,0,3794.4,1801.1,0,0,0,0,23-JAN-2024,
OPTIDX,NIFTY,29-Jun-2028,16000,CE,0,0,0,8002.3,9397.5,0,0,0,0,23-JAN-2024,
OPTIDX,NIFTY,29-Jun-2028,17000,CE,0,0,0,7393.45,8674.3,0,0,0,0,23-JAN-2024,
OPTIDX,NIFTY,29-Jun-2028,18000,CE,0,0,0,6809.35,7962.9,0,0,0,0,23-JAN-2024,
OPTIDX,NIFTY,29-Jun-2028,19000,CE,0,0,0,6252.25,7267.75,0,0,0,0,23-JAN-2024,
OPTIDX,NIFTY,29-Jun-2028,20000,CE,0,0,0,5724.65,6593.8,0,0,0,0,23-JAN-2024,
OPTIDX,NIFTY,29-Jun-2028,21000,CE,0,0,0,5226.55,5945.95,0,0,0,0,23-JAN-2024,
OPTIDX,NIFTY,29-Jun-2028,22000,CE,0,0,0,4759.5,5328.85,0,0,0,0,23-JAN-2024,
OPTIDX,NIFTY,29-Jun-2028,23000,CE,0,0,0,4323.1,4746.6,0,0,0,0,23-JAN-2024,
OPTIDX,NIFTY,29-Jun-2028,24000,CE,0,0,0,3918.85,4202.45,0,0,0,0,23-JAN-2024,
OPTIDX,NIFTY,29-Jun-2028,25000,CE,0,0,0,3545.15,3698.8,0,0,0,0,23-JAN-2024,
OPTIDX,NIFTY,29-Jun-2028,26000,CE,0,0,0,3200.9,3236.85,0,0,0,0,23-JAN-2024,
OPTIDX,NIFTY,29-Jun-2028,27000,CE,0,0,0,2885.15,2817.05,0,0,0,0,23-JAN-2024,
OPTIDX,NIFTY,29-Jun-2028,16000,PE,0,0,0,194.2,18.85,0,0,0,0,23-JAN-2024,
OPTIDX,NIFTY,29-Jun-2028,17000,PE,0,0,0,283.1,36.9,0,0,0,0,23-JAN-2024,
OPTIDX,NIFTY,29-Jun-2028,18000,PE,0,0,0,396.75,66.75,0,0,0,0,23-JAN-2024,
OPTIDX,NIFTY,29-Jun-2028,19000,PE,0,0,0,537.45,112.9,0,0,0,0,23-JAN-2024,
OPTIDX,NIFTY,29-Jun-2028,20000,PE,0,0,0,707.55,180.2,0,0,0,0,23-JAN-2024,
OPTIDX,NIFTY,29-Jun-2028,21000,PE,0,0,0,907.2,273.6,0,0,0,0,23-JAN-2024,
OPTIDX,NIFTY,29-Jun-2028,22000,PE,0,0,0,1137.9,397.75,0,0,0,0,23-JAN-2024,
OPTIDX,NIFTY,29-Jun-2028,23000,PE,0,0,0,1399.25,556.75,0,0,0,0,23-JAN-2024,
OPTIDX,NIFTY,29-Jun-2028,24000,PE,0,0,0,1692.75,753.9,0,0,0,0,23-JAN-2024,
OPTIDX,NIFTY,29-Jun-2028,25000,PE,0,0,0,2016.8,991.5,0,0,0,0,23-JAN-2024,
OPTIDX,NIFTY,29-Jun-2028,26000,PE,0,0,0,2370.3,1270.8,0,0,0,0,23-JAN-2024,
OPTIDX,NIFTY,29-Jun-2028,27000,PE,0,0,0,2752.35,1592.25,0,0,0,0,23-JAN-2024,
OPTIDX,NIFTY,28-Dec-2028,16000,CE,0,0,0,10704.45,9790.4,0,0,0,0,23-JAN-2024,
OPTIDX,NIFTY,28-Dec-2028,17000,CE,0,0,0,10036.4,9090.85,0,0,0,0,23-JAN-2024,
OPTIDX,NIFTY,28-Dec-2028,18000,CE,0,0,0,9380.3,8401.95,0,0,0,0,23-JAN-2024,
OPTIDX,NIFTY,28-Dec-2028,19000,CE,0,0,0,8739,7727.4,0,0,0,0,23-JAN-2024,
OPTIDX,NIFTY,28-Dec-2028,20000,CE,0,0,0,8115.5,7071.35,0,0,0,0,23-JAN-2024,
OPTIDX,NIFTY,28-Dec-2028,21000,CE,0,0,0,7512.5,6437.95,0,0,0,0,23-JAN-2024,
OPTIDX,NIFTY,28-Dec-2028,22000,CE,0,0,0,6932.45,5831.15,0,0,0,0,23-JAN-2024,
OPTIDX,NIFTY,28-Dec-2028,23000,CE,0,0,0,6377.6,5254.6,0,0,0,0,23-JAN-2024,
OPTIDX,NIFTY,28-Dec-2028,24000,CE,0,0,0,5850.3,4711.15,0,0,0,0,23-JAN-2024,
OPTIDX,NIFTY,28-Dec-2028,25000,CE,0,0,0,5350.4,4203.15,0,0,0,0,23-JAN-2024,
OPTIDX,NIFTY,28-Dec-2028,26000,CE,0,0,0,4879.7,3732,0,0,0,0,23-JAN-2024,
OPTIDX,NIFTY,28-Dec-2028,27000,CE,0,0,0,4437.95,3298.45,0,0,0,0,23-JAN-2024,
OPTIDX,NIFTY,28-Dec-2028,16000,PE,0,0,0,39.6,19.2,0,0,0,0,23-JAN-2024,
OPTIDX,NIFTY,28-Dec-2028,17000,PE,0,0,0,66.15,36.4,0,0,0,0,23-JAN-2024,
OPTIDX,NIFTY,28-Dec-2028,18000,PE,0,0,0,104.65,64.2,0,0,0,0,23-JAN-2024,
OPTIDX,NIFTY,28-Dec-2028,19000,PE,0,0,0,158,106.4,0,0,0,0,23-JAN-2024,
OPTIDX,NIFTY,28-Dec-2028,20000,PE,0,0,0,229.1,167.05,0,0,0,0,23-JAN-2024,
OPTIDX,NIFTY,28-Dec-2028,21000,PE,0,0,0,320.7,250.35,0,0,0,0,23-JAN-2024,
OPTIDX,NIFTY,28-Dec-2028,22000,PE,0,0,0,435.3,360.35,0,0,0,0,23-JAN-2024,
OPTIDX,NIFTY,28-Dec-2028,23000,PE,0,0,0,575.05,500.5,0,0,0,0,23-JAN-2024,
OPTIDX,NIFTY,28-Dec-2028,24000,PE,0,0,0,742.35,673.8,0,0,0,0,23-JAN-2024,
OPTIDX,NIFTY,28-Dec-2028,25000,PE,0,0,0,937.05,882.5,0,0,0,0,23-JAN-2024,
OPTIDX,NIFTY,28-Dec-2028,26000,PE,0,0,0,1160.95,1128.1,0,0,0,0,23-JAN-2024,
OPTIDX,NIFTY,28-Dec-2028,27000,PE,0,0,0,1413.85,1411.25,0,0,0,0,23-JAN-2024,
