INSTRUMENT,SYMBOL,EXPIRY_DT,STRIKE_PR,OPTION_TYP,OPEN,HIGH,LOW,CLOSE,SETTLE_PR,CONTRACTS,VAL_INLAKH,OPEN_INT,CHG_IN_OI,TIMESTAMP,
FUTIDX,NIFTY,25-Jan-2024,0,XX,21160,21505,21141,21477.6,21477.6,213430,2278933.8,5285350,-2602750,24-JAN-2024,
FUTIDX,NIFTY,29-Feb-2024,0,XX,21346.1,21640,21287.05,21612.35,21612.35,182563,1961866.14,9188050,2966400,24-JAN-2024,
FUTIDX,NIFTY,28-Mar-2024,0,XX,21528.15,21774,21444,21754.65,21754.65,10172,110126.29,567300,16800,24-JAN-2024,
OPTIDX,NIFTY,25-Jan-2024,17350,CE,0,0,0,4400,4107.15,0,0,200,0,24-JAN-2024,
OPTIDX,NIFTY,25-Jan-2024,17400,CE,4415.65,4415.65,4058.95,4129.55,4129.55,8,86.39,14850,-150,24-JAN-2024,
OPTIDX,NIFTY,25-Jan-2024,17450,CE,0,0,0,1783.7,4007.2,0,0,0,0,24-JAN-2024,
OPTIDX,NIFTY,25-Jan-2024,17500,CE,3900,4003,3725.6,3986.2,3986.2,498,5319.06,59100,-19450,24-JAN-2024,
OPTIDX,NIFTY,25-Jan-2024,17550,CE,0,0,0,4050,3907.2,0,0,250,0,24-JAN-2024,
OPTIDX,NIFTY,25-Jan-2024,17600,CE,3650,3650,3650,3650,3857.2,1,10.62,100,-50,24-JAN-2024,
OPTIDX,NIFTY,25-Jan-2024,17650,CE,0,0,0,1611.6,3807.2,0,0,0,0,24-JAN-2024,
OPTIDX,NIFTY,25-Jan-2024,17700,CE,0,0,0,1569.6,3757.2,0,0,0,0,24-JAN-2024,
OPTIDX,NIFTY,25-Jan-2024,17750,CE,3600,3600,3475.05,3551,3707.25,13,138.25,1650,-650,24-JAN-2024,
OPTIDX,NIFTY,25-Jan-2024,17800,CE,3590,3660,3480.2,3660,3657.25,48,512.66,6600,-2400,24-JAN-2024,
OPTIDX,NIFTY,25-Jan-2024,17850,CE,0,0,0,3380,3607.25,0,0,100,0,24-JAN-2024,
OPTIDX,NIFTY,25-Jan-2024,17900,CE,3683.65,3683.65,3330,3460,3557.25,24,255.8,2800,-1100,24-JAN-2024,
OPTIDX,NIFTY,25-Jan-2024,17950,CE,0,0,0,1366.1,3507.25,0,0,0,0,24-JAN-2024,
OPTIDX,NIFTY,25-Jan-2024,18000,CE,3160.05,3505.3,3150,3469.15,3469.15,2272,24269.95,226750,-40250,24-JAN-2024,
OPTIDX,NIFTY,25-Jan-2024,18050,CE,0,0,0,3671,3407.3,0,0,50,0,24-JAN-2024,
OPTIDX,NIFTY,25-Jan-2024,18100,CE,3285,3377.75,3140,3377.75,3377.75,50,533.54,2100,-2300,24-JAN-2024,
OPTIDX,NIFTY,25-Jan-2024,18150,CE,0,0,0,3700,3307.3,0,0,100,0,24-JAN-2024,
OPTIDX,NIFTY,25-Jan-2024,18200,CE,3200,3291.25,3023.05,3280.65,3280.65,196,2087.29,3100,-7750,24-JAN-2024,
OPTIDX,NIFTY,25-Jan-2024,18250,CE,0,0,0,1139.2,3207.3,0,0,0,0,24-JAN-2024,
OPTIDX,NIFTY,25-Jan-2024,18300,CE,3100,3115,2956,3022.4,3157.35,53,565.56,2900,-2000,24-JAN-2024,
OPTIDX,NIFTY,25-Jan-2024,18350,CE,0,0,0,3575,3107.35,0,0,100,0,24-JAN-2024,
OPTIDX,NIFTY,25-Jan-2024,18400,CE,2900,3036,2873.5,2978,3057.35,80,855.35,2000,-4000,24-JAN-2024,
OPTIDX,NIFTY,25-Jan-2024,18450,CE,0,0,0,3410,3007.35,0,0,150,0,24-JAN-2024,
OPTIDX,NIFTY,25-Jan-2024,18500,CE,2690.1,3001.15,2690.1,2967.15,2967.15,551,5881.86,123450,-17400,24-JAN-2024,
OPTIDX,NIFTY,25-Jan-2024,18550,CE,0,0,0,931.75,2907.4,0,0,0,0,24-JAN-2024,
OPTIDX,NIFTY,25-Jan-2024,18600,CE,2861.05,2861.05,2688.4,2726.9,2857.4,14,149.49,2450,-600,24-JAN-2024,
OPTIDX,NIFTY,25-Jan-2024,18650,CE,0,0,0,867.95,2807.4,0,0,0,0,24-JAN-2024,
OPTIDX,NIFTY,25-Jan-2024,18700,CE,2680,2769.15,2530,2769.15,2757.4,30,319.26,1600,-800,24-JAN-2024,
OPTIDX,NIFTY,25-Jan-2024,18750,CE,0,0,0,2861,2707.4,0,0,550,0,24-JAN-2024,
OPTIDX,NIFTY,25-Jan-2024,18800,CE,2658.1,2658.1,2450,2650,2650,46,491.33,1150,-1500,24-JAN-2024,
OPTIDX,NIFTY,25-Jan-2024,18850,CE,2400,2400,2400,2400,2607.45,4,42.5,0,-200,24-JAN-2024,
OPTIDX,NIFTY,25-Jan-2024,18900,CE,2430.05,2470,2420,2470,2557.45,5,53.33,1400,-250,24-JAN-2024,
OPTIDX,NIFTY,25-Jan-2024,18950,CE,0,0,0,692.45,2507.45,0,0,0,0,24-JAN-2024,
OPTIDX,NIFTY,25-Jan-2024,19000,CE,2188.85,2503.9,2150,2477.65,2477.65,2414,25765.46,307800,-23600,24-JAN-2024,
OPTIDX,NIFTY,25-Jan-2024,19050,CE,0,0,0,2840.65,2407.45,0,0,50,0,24-JAN-2024,
OPTIDX,NIFTY,25-Jan-2024,19100,CE,2091.25,2365,2060,2362.5,2362.5,96,1023.45,3750,-750,24-JAN-2024,
OPTIDX,NIFTY,25-Jan-2024,19150,CE,2009.45,2210.6,2009.4,2173.1,2307.5,19,202.15,800,750,24-JAN-2024,
OPTIDX,NIFTY,25-Jan-2024,19200,CE,1986.4,2265,1955,2265,2257.5,63,672.09,4550,-1400,24-JAN-2024,
OPTIDX,NIFTY,25-Jan-2024,19250,CE,1927.5,2146.85,1927.45,2073.55,2207.5,26,276.9,1200,600,24-JAN-2024,
OPTIDX,NIFTY,25-Jan-2024,19300,CE,1862.65,2097.15,1862.6,2049,2157.5,36,382.98,8550,0,24-JAN-2024,
OPTIDX,NIFTY,25-Jan-2024,19350,CE,1818,1993.15,1817.95,1993.15,2107.55,11,116.69,1350,400,24-JAN-2024,
OPTIDX,NIFTY,25-Jan-2024,19400,CE,1805.6,2009.4,1781.85,1919.4,2057.55,31,329.91,10300,-250,24-JAN-2024,
OPTIDX,NIFTY,25-Jan-2024,19450,CE,1708.15,1935.25,1708.15,1870.75,2007.55,8,85.1,1250,200,24-JAN-2024,
OPTIDX,NIFTY,25-Jan-2024,19500,CE,1691.05,2002.85,1660,1985.25,1985.25,814,8688.18,193350,-5200,24-JAN-2024,
OPTIDX,NIFTY,25-Jan-2024,19550,CE,1637.3,1848.3,1612.25,1778.75,1907.55,32,339.96,3350,0,24-JAN-2024,
OPTIDX,NIFTY,25-Jan-2024,19600,CE,1571.95,1882.3,1550,1872.45,1872.45,100,1063.85,17150,-650,24-JAN-2024,
OPTIDX,NIFTY,25-Jan-2024,19650,CE,0,0,0,1701,1807.6,0,0,250,0,24-JAN-2024,
OPTIDX,NIFTY,25-Jan-2024,19700,CE,1490.8,1802.95,1459,1785.6,1785.6,362,3871.74,28650,-750,24-JAN-2024,
OPTIDX,NIFTY,25-Jan-2024,19750,CE,0,0,0,1500,1707.6,0,0,1250,0,24-JAN-2024,
OPTIDX,NIFTY,25-Jan-2024,19800,CE,1469.75,1700.1,1445,1676.5,1676.5,157,1674.95,47650,-200,24-JAN-2024,
OPTIDX,NIFTY,25-Jan-2024,19850,CE,1340.5,1590.6,1340.5,1590.6,1590.6,34,362.17,2750,800,24-JAN-2024,
OPTIDX,NIFTY,25-Jan-2024,19900,CE,1279.5,1576.4,1252,1566.65,1566.65,225,2400.19,26750,0,24-JAN-2024,
OPTIDX,NIFTY,25-Jan-2024,19950,CE,1231.75,1457.3,1231.75,1457.25,1507.65,3,31.99,2750,50,24-JAN-2024,
OPTIDX,NIFTY,25-Jan-2024,20000,CE,1204.95,1505.85,1151,1489.75,1489.75,2528,26962.04,440450,-33700,24-JAN-2024,
OPTIDX,NIFTY,25-Jan-2024,20050,CE,1210,1355,1195,1355,1407.65,63,671.28,3400,-3000,24-JAN-2024,
OPTIDX,NIFTY,25-Jan-2024,20100,CE,1112.2,1399.9,1050,1394.7,1394.7,643,6888.07,36050,-4000,24-JAN-2024,
OPTIDX,NIFTY,25-Jan-2024,20150,CE,1081.35,1346.35,1081.35,1325.6,1325.6,36,385.08,1800,-1650,24-JAN-2024,
OPTIDX,NIFTY,25-Jan-2024,20200,CE,1050,1300,1022.8,1274.05,1274.05,427,4568.23,41000,-6200,24-JAN-2024,
OPTIDX,NIFTY,25-Jan-2024,20250,CE,990,1232.3,980.65,1232.3,1232.3,21,224.23,7500,-300,24-JAN-2024,
OPTIDX,NIFTY,25-Jan-2024,20300,CE,892.3,1199,858,1184.85,1184.85,187,1994.08,32700,-2800,24-JAN-2024,
OPTIDX,NIFTY,25-Jan-2024,20350,CE,843.6,1146.2,808.3,1136.7,1136.7,134,1427.67,6200,400,24-JAN-2024,
OPTIDX,NIFTY,25-Jan-2024,20400,CE,793.7,1104.9,750,1086.35,1086.35,676,7233.19,39350,-7550,24-JAN-2024,
OPTIDX,NIFTY,25-Jan-2024,20450,CE,792.9,1014.5,776.7,1014.5,1014.5,63,671.28,4400,1250,24-JAN-2024,
OPTIDX,NIFTY,25-Jan-2024,20500,CE,706.05,1002,648.55,984.4,984.4,3748,40014.67,333000,-48850,24-JAN-2024,
OPTIDX,NIFTY,25-Jan-2024,20550,CE,665,921.45,620.25,915.9,915.9,52,554.83,8150,-400,24-JAN-2024,
OPTIDX,NIFTY,25-Jan-2024,20600,CE,620.5,892.85,564.25,870.9,870.9,490,5217.92,48300,-4300,24-JAN-2024,
OPTIDX,NIFTY,25-Jan-2024,20650,CE,525.05,843.45,504.95,813.85,813.85,178,1897.26,4350,-1500,24-JAN-2024,
OPTIDX,NIFTY,25-Jan-2024,20700,CE,513.5,801.55,460.85,787,787,1083,11552.22,45400,-4800,24-JAN-2024,
OPTIDX,NIFTY,25-Jan-2024,20750,CE,461.7,746.55,413.1,718.6,718.6,643,6857.95,11450,4400,24-JAN-2024,
OPTIDX,NIFTY,25-Jan-2024,20800,CE,429.95,707.1,369.3,685.9,685.9,7524,80281.5,148150,-21100,24-JAN-2024,
OPTIDX,NIFTY,25-Jan-2024,20850,CE,370.65,648.7,327.6,633.7,633.7,1397,14901.88,18750,3000,24-JAN-2024,
OPTIDX,NIFTY,25-Jan-2024,20900,CE,339.65,600.9,285.85,578.9,578.9,12644,134801.05,142550,-13050,24-JAN-2024,
OPTIDX,NIFTY,25-Jan-2024,20950,CE,285.3,558.5,248.05,532.3,532.3,4578,48777.98,30700,4700,24-JAN-2024,
OPTIDX,NIFTY,25-Jan-2024,21000,CE,242.25,509,210.05,486.1,486.1,181632,1938843.51,750350,-323050,24-JAN-2024,
OPTIDX,NIFTY,25-Jan-2024,21050,CE,214.45,454.8,175.35,428.9,428.9,57488,612842.56,174450,101350,24-JAN-2024,
OPTIDX,NIFTY,25-Jan-2024,21100,CE,140.05,410,140,382.5,382.5,332872,3552871.28,305950,-159200,24-JAN-2024,
OPTIDX,NIFTY,25-Jan-2024,21150,CE,112.15,361.9,112.1,331.2,331.2,357171,3813024.52,556550,-10650,24-JAN-2024,
OPTIDX,NIFTY,25-Jan-2024,21200,CE,94.2,313.4,90.05,288.15,288.15,2091175,22353414.26,2225500,-1973150,24-JAN-2024,
OPTIDX,NIFTY,25-Jan-2024,21250,CE,71.3,266.4,69,240.95,240.95,1993274,21322111.35,1857750,-361900,24-JAN-2024,
OPTIDX,NIFTY,25-Jan-2024,21300,CE,53,222,50.8,199.2,199.2,4964835,53184000.38,3220500,-1945100,24-JAN-2024,
OPTIDX,NIFTY,25-Jan-2024,21350,CE,42.2,180.8,40,157.65,157.65,3903220,41868453.31,1468650,-625550,24-JAN-2024,
OPTIDX,NIFTY,25-Jan-2024,21400,CE,28.35,142.9,28,121.3,121.3,7314192,78568758.2,3932450,-1590250,24-JAN-2024,
OPTIDX,NIFTY,25-Jan-2024,21450,CE,35.8,111.95,18.6,90.75,90.75,4200860,45193833.04,3616000,1670750,24-JAN-2024,
OPTIDX,NIFTY,25-Jan-2024,21500,CE,24,88.65,16.1,65.35,65.35,6819919,73476310.61,7490500,-742950,24-JAN-2024,
OPTIDX,NIFTY,25-Jan-2024,21550,CE,17,69.15,11.05,44.7,44.7,3562099,38440915.2,4165300,1031300,24-JAN-2024,
OPTIDX,NIFTY,25-Jan-2024,21600,CE,14.65,53.2,7.8,29.3,29.3,5444387,58860572.59,8204500,1491300,24-JAN-2024,
OPTIDX,NIFTY,25-Jan-2024,21650,CE,12.5,40.3,5.6,18.8,18.8,3558016,38542653.12,4837500,1443800,24-JAN-2024,
OPTIDX,NIFTY,25-Jan-2024,21700,CE,10.2,29.8,4.2,11.7,11.7,4921392,53423954.41,10196300,615850,24-JAN-2024,
OPTIDX,NIFTY,25-Jan-2024,21750,CE,8.45,21.9,3.35,7.15,7.15,3104124,33769581.79,5198000,790900,24-JAN-2024,
OPTIDX,NIFTY,25-Jan-2024,21800,CE,6.35,15.6,2.65,4.45,4.45,3909656,42626364.65,8605050,920650,24-JAN-2024,
OPTIDX,NIFTY,25-Jan-2024,21850,CE,5,11.25,2.15,3.05,3.05,2061444,22525657.04,3706700,974950,24-JAN-2024,
OPTIDX,NIFTY,25-Jan-2024,21900,CE,4.9,7.95,1.6,2.1,2.1,2620545,28699206.2,6576300,1179400,24-JAN-2024,
OPTIDX,NIFTY,25-Jan-2024,21950,CE,5.5,5.7,1.1,1.5,1.5,1344655,14759423.41,3065750,125050,24-JAN-2024,
OPTIDX,NIFTY,25-Jan-2024,22000,CE,4.7,4.7,0.85,1.2,1.2,3268787,35960141.82,11863000,1555250,24-JAN-2024,
OPTIDX,NIFTY,25-Jan-2024,22050,CE,4.5,4.5,0.7,0.9,0.9,976001,10761278.9,3212850,670550,24-JAN-2024,
OPTIDX,NIFTY,25-Jan-2024,22100,CE,2.5,4.05,0.7,0.85,0.85,1500691,16583871.55,4848600,6750,24-JAN-2024,
OPTIDX,NIFTY,25-Jan-2024,22150,CE,2.7,3.9,0.55,0.7,0.7,560170,6204307.02,1617550,-973900,24-JAN-2024,
OPTIDX,NIFTY,25-Jan-2024,22200,CE,3.3,3.3,0.5,0.65,0.65,1338327,14856400.44,5279600,-1178200,24-JAN-2024,
OPTIDX,NIFTY,25-Jan-2024,22250,CE,3.3,3.4,0.6,0.7,0.7,320748,3568551.38,1446650,-1574850,24-JAN-2024,
OPTIDX,NIFTY,25-Jan-2024,22300,CE,3.2,3.2,0.5,0.6,0.6,913895,10190498.63,3159750,-1680600,24-JAN-2024,
OPTIDX,NIFTY,25-Jan-2024,22350,CE,3.15,3.15,0.55,0.7,0.7,289563,3236043.92,2853300,-218000,24-JAN-2024,
OPTIDX,NIFTY,25-Jan-2024,22400,CE,2.15,2.75,0.4,0.6,0.6,634834,7110503,2434800,-1460950,24-JAN-2024,
OPTIDX,NIFTY,25-Jan-2024,22450,CE,2.85,2.85,0.4,0.55,0.55,124076,1392821.72,1113700,-283050,24-JAN-2024,
OPTIDX,NIFTY,25-Jan-2024,22500,CE,2.45,2.45,0.45,0.55,0.55,897846,10101234.57,5836100,-1828950,24-JAN-2024,
OPTIDX,NIFTY,25-Jan-2024,22550,CE,2.8,2.8,0.3,0.55,0.55,95896,1081277.42,694800,-72950,24-JAN-2024,
OPTIDX,NIFTY,25-Jan-2024,22600,CE,2.5,2.5,0.35,0.45,0.45,334841,3783852.4,1863150,-727900,24-JAN-2024,
OPTIDX,NIFTY,25-Jan-2024,22650,CE,1.85,2.45,0.35,0.45,0.45,61940,701497.9,592400,-67750,24-JAN-2024,
OPTIDX,NIFTY,25-Jan-2024,22700,CE,1.8,2.25,0.3,0.4,0.4,227405,2581148.94,1471600,-560400,24-JAN-2024,
OPTIDX,NIFTY,25-Jan-2024,22750,CE,2.15,2.45,0.35,0.4,0.4,42519,483671.73,379450,-47400,24-JAN-2024,
OPTIDX,NIFTY,25-Jan-2024,22800,CE,2.5,2.5,0.25,0.4,0.4,156721,1786684.9,1237850,-267350,24-JAN-2024,
OPTIDX,NIFTY,25-Jan-2024,22850,CE,2.4,2.4,0.25,0.35,0.35,34125,389891.14,223300,3100,24-JAN-2024,
OPTIDX,NIFTY,25-Jan-2024,22900,CE,2.2,2.25,0.3,0.45,0.45,67018,767383.38,775000,-158200,24-JAN-2024,
OPTIDX,NIFTY,25-Jan-2024,22950,CE,1.7,2.4,0.3,0.45,0.45,18324,210276.1,178550,-23400,24-JAN-2024,
OPTIDX,NIFTY,25-Jan-2024,23000,CE,1.55,2,0.4,0.55,0.55,362943,4174015.03,5808250,-774300,24-JAN-2024,
OPTIDX,NIFTY,25-Jan-2024,23050,CE,1.95,2.4,0.25,0.35,0.35,18628,214694.52,246800,37950,24-JAN-2024,
OPTIDX,NIFTY,25-Jan-2024,23100,CE,1.95,1.95,0.2,0.3,0.3,63805,736969.37,757650,-148850,24-JAN-2024,
OPTIDX,NIFTY,25-Jan-2024,23150,CE,1.15,1.85,0.2,0.3,0.3,22257,257631.76,262700,-14050,24-JAN-2024,
OPTIDX,NIFTY,25-Jan-2024,23200,CE,2,2,0.2,0.3,0.3,67178,779286.87,604200,-275250,24-JAN-2024,
OPTIDX,NIFTY,25-Jan-2024,23250,CE,2.2,2.2,0.2,0.3,0.3,13556,157592.86,114100,6300,24-JAN-2024,
OPTIDX,NIFTY,25-Jan-2024,23300,CE,1.85,1.85,0.15,0.3,0.3,50037,582945.27,673100,-195000,24-JAN-2024,
OPTIDX,NIFTY,25-Jan-2024,23350,CE,1.7,1.7,0.2,0.3,0.3,15778,184213.05,89050,6250,24-JAN-2024,
OPTIDX,NIFTY,25-Jan-2024,23400,CE,2.15,2.15,0.25,0.45,0.45,22835,267177.13,369550,2200,24-JAN-2024,
OPTIDX,NIFTY,25-Jan-2024,23450,CE,1.5,1.55,0.2,0.3,0.3,11110,130268.36,186150,1900,24-JAN-2024,
OPTIDX,NIFTY,25-Jan-2024,23500,CE,1.6,1.75,0.3,0.5,0.5,147559,1733869.14,2973550,-687300,24-JAN-2024,
OPTIDX,NIFTY,25-Jan-2024,23550,CE,2.5,2.55,0.3,0.45,0.45,8390,98795.56,135350,-21050,24-JAN-2024,
OPTIDX,NIFTY,25-Jan-2024,23600,CE,1.7,1.9,0.25,0.3,0.3,31101,367000.95,398900,-16500,24-JAN-2024,
OPTIDX,NIFTY,25-Jan-2024,23650,CE,2,2,0.3,0.35,0.35,5034,59528.82,143250,-3650,24-JAN-2024,
OPTIDX,NIFTY,25-Jan-2024,23700,CE,1.4,1.4,0.2,0.3,0.3,31215,369907.31,537550,-59300,24-JAN-2024,
OPTIDX,NIFTY,25-Jan-2024,23750,CE,1.65,1.65,0.25,0.35,0.35,10800,128253.5,131450,2250,24-JAN-2024,
OPTIDX,NIFTY,25-Jan-2024,23800,CE,1.65,1.65,0.25,0.4,0.4,64074,762501.36,2012750,-83600,24-JAN-2024,
OPTIDX,NIFTY,25-Jan-2024,23850,CE,1.5,1.5,0.35,0.45,0.45,44146,526456.4,1429600,-87150,24-JAN-2024,
OPTIDX,NIFTY,25-Jan-2024,17350,PE,0.2,0.35,0.1,0.2,0.2,358452,3109609.41,2067750,-2755800,24-JAN-2024,
OPTIDX,NIFTY,25-Jan-2024,17400,PE,0.35,0.7,0.2,0.5,0.5,20678,179902.33,272250,-231850,24-JAN-2024,
OPTIDX,NIFTY,25-Jan-2024,17450,PE,0.4,2.7,0.3,0.6,0.6,11288,98490.8,189350,100150,24-JAN-2024,
OPTIDX,NIFTY,25-Jan-2024,17500,PE,0.3,0.7,0.25,0.55,0.55,28660,250780.79,710950,15500,24-JAN-2024,
OPTIDX,NIFTY,25-Jan-2024,17550,PE,0.3,0.95,0.2,0.7,0.7,4411,38707.65,34650,-15950,24-JAN-2024,
OPTIDX,NIFTY,25-Jan-2024,17600,PE,0.35,0.95,0.3,0.65,0.65,5838,51376.04,102700,48050,24-JAN-2024,
OPTIDX,NIFTY,25-Jan-2024,17650,PE,0.25,2.85,0.25,0.7,0.7,4586,40472.83,58850,32050,24-JAN-2024,
OPTIDX,NIFTY,25-Jan-2024,17700,PE,0.3,0.8,0.3,0.7,0.7,3112,27542.03,27250,6900,24-JAN-2024,
OPTIDX,NIFTY,25-Jan-2024,17750,PE,0.3,0.8,0.3,0.7,0.7,3347,29705.57,43600,19650,24-JAN-2024,
OPTIDX,NIFTY,25-Jan-2024,17800,PE,0.25,0.8,0.25,0.6,0.6,4947,44029.34,76800,-20000,24-JAN-2024,
OPTIDX,NIFTY,25-Jan-2024,17850,PE,0.35,0.85,0.25,0.7,0.7,3272,29203.49,27550,-17950,24-JAN-2024,
OPTIDX,NIFTY,25-Jan-2024,17900,PE,0.15,1,0.15,0.65,0.65,5557,49736.28,125200,3100,24-JAN-2024,
OPTIDX,NIFTY,25-Jan-2024,17950,PE,0.25,0.85,0.25,0.75,0.75,2973,26683.6,70100,51700,24-JAN-2024,
OPTIDX,NIFTY,25-Jan-2024,18000,PE,0.25,0.45,0.25,0.4,0.4,33953,305583.21,646000,-114750,24-JAN-2024,
OPTIDX,NIFTY,25-Jan-2024,18050,PE,0.35,0.95,0.35,0.8,0.8,2284,20613.83,49050,34500,24-JAN-2024,
OPTIDX,NIFTY,25-Jan-2024,18100,PE,0.3,0.85,0.3,0.7,0.7,4646,42047.68,63900,26100,24-JAN-2024,
OPTIDX,NIFTY,25-Jan-2024,18150,PE,0.45,0.9,0.35,0.75,0.75,1861,16889.15,39300,24300,24-JAN-2024,
OPTIDX,NIFTY,25-Jan-2024,18200,PE,0.4,0.8,0.3,0.7,0.7,3075,27983.35,94100,13100,24-JAN-2024,
OPTIDX,NIFTY,25-Jan-2024,18250,PE,0.4,1,0.35,0.75,0.75,3305,30159.21,68650,41700,24-JAN-2024,
OPTIDX,NIFTY,25-Jan-2024,18300,PE,0.4,0.8,0.35,0.7,0.7,3922,35887.43,87900,-2900,24-JAN-2024,
OPTIDX,NIFTY,25-Jan-2024,18350,PE,0.25,0.95,0.2,0.8,0.8,4258,39068.53,49000,18350,24-JAN-2024,
OPTIDX,NIFTY,25-Jan-2024,18400,PE,0.45,0.85,0.1,0.7,0.7,2780,25576.85,84550,5750,24-JAN-2024,
OPTIDX,NIFTY,25-Jan-2024,18450,PE,0.55,0.9,0.45,0.75,0.75,2723,25120.54,24100,6600,24-JAN-2024,
OPTIDX,NIFTY,25-Jan-2024,18500,PE,0.4,0.6,0.25,0.4,0.4,114561,1059712.66,1170700,-198250,24-JAN-2024,
OPTIDX,NIFTY,25-Jan-2024,18550,PE,0.45,0.95,0.45,0.75,0.75,2395,22214.44,41750,14800,24-JAN-2024,
OPTIDX,NIFTY,25-Jan-2024,18600,PE,0.5,1.7,0.3,0.75,0.75,12693,118049.22,139200,58400,24-JAN-2024,
OPTIDX,NIFTY,25-Jan-2024,18650,PE,0.45,1.05,0.45,0.8,0.8,4477,41749.67,58250,41600,24-JAN-2024,
OPTIDX,NIFTY,25-Jan-2024,18700,PE,0.45,3.3,0.4,0.8,0.8,7465,69800.51,177350,56600,24-JAN-2024,
OPTIDX,NIFTY,25-Jan-2024,18750,PE,0.55,1,0.5,0.75,0.75,2325,21797.7,32400,8700,24-JAN-2024,
OPTIDX,NIFTY,25-Jan-2024,18800,PE,0.5,1.1,0.35,0.8,0.8,5255,49398.92,115950,2000,24-JAN-2024,
OPTIDX,NIFTY,25-Jan-2024,18850,PE,0.5,1.4,0.3,0.85,0.85,4930,46466.97,42850,19750,24-JAN-2024,
OPTIDX,NIFTY,25-Jan-2024,18900,PE,0.6,1.05,0.4,0.8,0.8,6901,65217.04,96300,43000,24-JAN-2024,
OPTIDX,NIFTY,25-Jan-2024,18950,PE,0.45,1.1,0.4,0.85,0.85,4889,46325.07,27100,-12800,24-JAN-2024,
OPTIDX,NIFTY,25-Jan-2024,19000,PE,0.6,1.15,0.5,0.7,0.7,69127,656735.75,2593100,-115950,24-JAN-2024,
OPTIDX,NIFTY,25-Jan-2024,19050,PE,0.5,1.1,0.5,0.85,0.85,7005,66725.43,36850,-30900,24-JAN-2024,
OPTIDX,NIFTY,25-Jan-2024,19100,PE,0.6,1.35,0.3,0.75,0.75,31848,304162.89,140250,40700,24-JAN-2024,
OPTIDX,NIFTY,25-Jan-2024,19150,PE,0.55,1.35,0.45,0.85,0.85,6991,66941.83,35400,-6100,24-JAN-2024,
OPTIDX,NIFTY,25-Jan-2024,19200,PE,0.55,1.15,0.55,0.8,0.8,20083,192805.76,156450,46950,24-JAN-2024,
OPTIDX,NIFTY,25-Jan-2024,19250,PE,0.6,1.2,0.35,0.6,0.6,10574,101779.07,63550,-31350,24-JAN-2024,
OPTIDX,NIFTY,25-Jan-2024,19300,PE,0.7,1.2,0.55,0.75,0.75,13518,130455.14,154000,-16100,24-JAN-2024,
OPTIDX,NIFTY,25-Jan-2024,19350,PE,0.75,1.25,0.25,0.8,0.8,7106,68753.82,53750,-11600,24-JAN-2024,
OPTIDX,NIFTY,25-Jan-2024,19400,PE,0.5,1.35,0.5,0.8,0.8,29966,290684.55,225150,64100,24-JAN-2024,
OPTIDX,NIFTY,25-Jan-2024,19450,PE,0.55,1.35,0.35,0.85,0.85,14705,143013.15,162400,107200,24-JAN-2024,
OPTIDX,NIFTY,25-Jan-2024,19500,PE,0.75,1.4,0.6,0.75,0.75,251033,2447695.18,2305750,30000,24-JAN-2024,
OPTIDX,NIFTY,25-Jan-2024,19550,PE,0.9,1.45,0.65,0.85,0.85,15213,148715.19,109400,14800,24-JAN-2024,
OPTIDX,NIFTY,25-Jan-2024,19600,PE,3,3.15,0.55,0.7,0.7,68890,675156.87,222700,26850,24-JAN-2024,
OPTIDX,NIFTY,25-Jan-2024,19650,PE,1,1.65,0.65,0.8,0.8,10312,101321.16,21850,-2900,24-JAN-2024,
OPTIDX,NIFTY,25-Jan-2024,19700,PE,0.9,1.7,0.35,0.7,0.7,108399,1067791.32,201600,-37800,24-JAN-2024,
OPTIDX,NIFTY,25-Jan-2024,19750,PE,0.7,1.85,0.5,0.7,0.7,32740,323325.78,36250,-29450,24-JAN-2024,
OPTIDX,NIFTY,25-Jan-2024,19800,PE,1.4,1.95,0.4,0.7,0.7,207962,2058939.85,576650,-53300,24-JAN-2024,
OPTIDX,NIFTY,25-Jan-2024,19850,PE,1.35,2.1,0.45,0.7,0.7,44942,446075.24,105100,71750,24-JAN-2024,
OPTIDX,NIFTY,25-Jan-2024,19900,PE,1.55,2.2,0.4,0.7,0.7,232175,2310284.56,354600,4350,24-JAN-2024,
OPTIDX,NIFTY,25-Jan-2024,19950,PE,1.7,2.4,0.3,0.8,0.8,79315,791217.09,186500,88350,24-JAN-2024,
OPTIDX,NIFTY,25-Jan-2024,20000,PE,1.35,2.6,0.55,0.7,0.7,980747,9808097.22,3961550,-561250,24-JAN-2024,
OPTIDX,NIFTY,25-Jan-2024,20050,PE,1.8,2.7,0.55,0.8,0.8,111440,1117264.33,162750,25650,24-JAN-2024,
OPTIDX,NIFTY,25-Jan-2024,20100,PE,1.5,2.95,0.55,0.7,0.7,461680,4640195.25,1123400,625750,24-JAN-2024,
OPTIDX,NIFTY,25-Jan-2024,20150,PE,1.8,3.25,0.7,0.85,0.85,134347,1353646.06,325350,49300,24-JAN-2024,
OPTIDX,NIFTY,25-Jan-2024,20200,PE,1.7,3.55,0.65,0.85,0.85,635544,6419470.01,1386300,-4150,24-JAN-2024,
OPTIDX,NIFTY,25-Jan-2024,20250,PE,3.5,3.9,0.8,1,1,174905,1771055.82,267800,83300,24-JAN-2024,
OPTIDX,NIFTY,25-Jan-2024,20300,PE,1.95,4.3,0.8,1,1,708916,7196125.48,1864100,247800,24-JAN-2024,
OPTIDX,NIFTY,25-Jan-2024,20350,PE,1.8,4.9,0.8,1.05,1.05,340213,3462016.02,462050,-5150,24-JAN-2024,
OPTIDX,NIFTY,25-Jan-2024,20400,PE,2.15,5.7,0.85,1.15,1.15,958456,9777263.63,1611600,-495950,24-JAN-2024,
OPTIDX,NIFTY,25-Jan-2024,20450,PE,2.5,6.7,1.05,1.3,1.3,392222,4010972.53,539850,-150050,24-JAN-2024,
OPTIDX,NIFTY,25-Jan-2024,20500,PE,3,8.2,1.1,1.45,1.45,1851881,18984152.61,7581950,-209000,24-JAN-2024,
OPTIDX,NIFTY,25-Jan-2024,20550,PE,3.65,9.65,1.25,1.5,1.5,505169,5191440.26,650150,79100,24-JAN-2024,
OPTIDX,NIFTY,25-Jan-2024,20600,PE,5,11.55,1.25,1.65,1.65,1090564,11234761.6,2483750,460350,24-JAN-2024,
OPTIDX,NIFTY,25-Jan-2024,20650,PE,7.85,14.2,1.5,1.8,1.8,840664,8681768.44,1280900,429100,24-JAN-2024,
OPTIDX,NIFTY,25-Jan-2024,20700,PE,6.65,17.55,1.65,2.05,2.05,1982922,20528493.95,5188200,2223200,24-JAN-2024,
OPTIDX,NIFTY,25-Jan-2024,20750,PE,9.7,21.85,1.75,2.15,2.15,1770243,18372139.5,2183200,819550,24-JAN-2024,
OPTIDX,NIFTY,25-Jan-2024,20800,PE,10.25,27.5,2,2.55,2.55,3159782,32874546.35,5389850,548500,24-JAN-2024,
OPTIDX,NIFTY,25-Jan-2024,20850,PE,20.05,34.85,2.35,3.15,3.15,2031118,21184418.19,1428950,380600,24-JAN-2024,
OPTIDX,NIFTY,25-Jan-2024,20900,PE,32,43.7,2.9,3.85,3.85,3169272,33139491.95,4532150,678600,24-JAN-2024,
OPTIDX,NIFTY,25-Jan-2024,20950,PE,31.75,54.9,3,4.55,4.55,2121175,22236587.45,1758100,926850,24-JAN-2024,
OPTIDX,NIFTY,25-Jan-2024,21000,PE,47.3,68.15,4,5.65,5.65,5334136,56068568.81,8701150,1602000,24-JAN-2024,
OPTIDX,NIFTY,25-Jan-2024,21050,PE,62.1,83.95,4.9,6.85,6.85,2248895,23700476.56,1867750,967400,24-JAN-2024,
OPTIDX,NIFTY,25-Jan-2024,21100,PE,70.9,102.5,6.05,8.35,8.35,4433609,46856631.14,4526600,1126450,24-JAN-2024,
OPTIDX,NIFTY,25-Jan-2024,21150,PE,100,124.75,7.4,10.75,10.75,3099628,32850881.61,2545300,1340800,24-JAN-2024,
OPTIDX,NIFTY,25-Jan-2024,21200,PE,112,150,9.45,14,14,6797971,72259577.22,7030250,1993150,24-JAN-2024,
OPTIDX,NIFTY,25-Jan-2024,21250,PE,140,179.35,12.2,18.5,18.5,3916274,41751130.46,3466350,1901450,24-JAN-2024,
OPTIDX,NIFTY,25-Jan-2024,21300,PE,175,212.8,16.7,24.9,24.9,6551164,70035377.75,7628950,3733050,24-JAN-2024,
OPTIDX,NIFTY,25-Jan-2024,21350,PE,207.15,248.55,23,34.5,34.5,3133945,33597969.36,2811600,1856300,24-JAN-2024,
OPTIDX,NIFTY,25-Jan-2024,21400,PE,225.95,287.85,33,47.65,47.65,3791756,40769452.9,7719200,5230850,24-JAN-2024,
OPTIDX,NIFTY,25-Jan-2024,21450,PE,290,330,48.8,66.25,66.25,1120315,12077406.04,2995200,2422850,24-JAN-2024,
OPTIDX,NIFTY,25-Jan-2024,21500,PE,323,375,70.05,88.45,88.45,1150973,12461984.75,3900950,1007400,24-JAN-2024,
OPTIDX,NIFTY,25-Jan-2024,21550,PE,365,420.65,97,119.05,119.05,165456,1797402.69,827350,-15300,24-JAN-2024,
OPTIDX,NIFTY,25-Jan-2024,21600,PE,414.95,466.45,128.85,153.8,153.8,204457,2231880.31,1506850,-308500,24-JAN-2024,
OPTIDX,NIFTY,25-Jan-2024,21650,PE,456.9,519.75,166.65,191.9,191.9,40909,448186.48,576600,-14500,24-JAN-2024,
OPTIDX,NIFTY,25-Jan-2024,21700,PE,504.45,562.4,207.9,237.15,237.15,65325,719810.96,2006400,-398150,24-JAN-2024,
OPTIDX,NIFTY,25-Jan-2024,21750,PE,553.6,614.6,253,283.2,283.2,9411,104203.38,729950,-52200,24-JAN-2024,
OPTIDX,NIFTY,25-Jan-2024,21800,PE,615,662.6,299.5,327.75,327.75,24211,269116.15,1479550,-132000,24-JAN-2024,
OPTIDX,NIFTY,25-Jan-2024,21850,PE,658.55,706.1,354,378.6,378.6,2460,27494.06,264600,-21950,24-JAN-2024,
OPTIDX,NIFTY,25-Jan-2024,21900,PE,695.7,759.65,397,428.6,428.6,7799,87523.78,503500,-119500,24-JAN-2024,
OPTIDX,NIFTY,25-Jan-2024,21950,PE,769.25,805,448.6,471.1,471.1,1063,11968.89,95750,-14950,24-JAN-2024,
OPTIDX,NIFTY,25-Jan-2024,22000,PE,791.45,862.3,497.55,529.05,529.05,21694,245552.74,1231750,-177500,24-JAN-2024,
OPTIDX,NIFTY,25-Jan-2024,22050,PE,853.75,911.1,556.4,567.25,567.25,574,6528.55,134150,-9550,24-JAN-2024,
OPTIDX,NIFTY,25-Jan-2024,22100,PE,904.35,958,596.5,619.9,619.9,3819,43625.97,245400,-75850,24-JAN-2024,
OPTIDX,NIFTY,25-Jan-2024,22150,PE,953.6,1000.7,653.7,669.15,669.15,138,1585.16,67200,-3000,24-JAN-2024,
OPTIDX,NIFTY,25-Jan-2024,22200,PE,1001.7,1050,697.5,716.35,716.35,1064,12264.48,85100,-16750,24-JAN-2024,
OPTIDX,NIFTY,25-Jan-2024,22250,PE,1052.45,1090.1,751.1,774,774,64,740.68,35600,-1550,24-JAN-2024,
OPTIDX,NIFTY,25-Jan-2024,22300,PE,1101.45,1143.1,800,810.3,810.3,1028,11930.9,42150,-19600,24-JAN-2024,
OPTIDX,NIFTY,25-Jan-2024,22350,PE,1139,1139,854.2,854.2,854.2,24,279.83,53550,-650,24-JAN-2024,
OPTIDX,NIFTY,25-Jan-2024,22400,PE,1202.6,1246.1,902.35,936.8,936.8,123,1442.93,33200,-2500,24-JAN-2024,
OPTIDX,NIFTY,25-Jan-2024,22450,PE,1252,1252.05,964.4,983.15,983.15,24,282.2,24550,-550,24-JAN-2024,
OPTIDX,NIFTY,25-Jan-2024,22500,PE,1295.6,1355,1000.9,1018.65,1018.65,3232,38213.07,236600,-78600,24-JAN-2024,
OPTIDX,NIFTY,25-Jan-2024,22550,PE,1351.2,1351.25,1073.7,1073.7,1073.7,15,178.08,13750,-400,24-JAN-2024,
OPTIDX,NIFTY,25-Jan-2024,22600,PE,1401.85,1453.7,1105.2,1137.55,1137.55,225,2691.8,32600,-1900,24-JAN-2024,
OPTIDX,NIFTY,25-Jan-2024,22650,PE,1450.8,1450.85,1152.4,1152.4,1152.4,25,298.98,7700,-550,24-JAN-2024,
OPTIDX,NIFTY,25-Jan-2024,22700,PE,1541.85,1541.85,1208.65,1251.2,1251.2,318,3825.51,28800,-6050,24-JAN-2024,
OPTIDX,NIFTY,25-Jan-2024,22750,PE,1548.6,1584.15,1510.9,1510.9,1291.85,10,121.5,2200,0,24-JAN-2024,
OPTIDX,NIFTY,25-Jan-2024,22800,PE,1602,1602.05,1308.1,1342.9,1342.9,50,607.04,10600,-350,24-JAN-2024,
OPTIDX,NIFTY,25-Jan-2024,22850,PE,0,0,0,1233.2,1391.85,0,0,950,0,24-JAN-2024,
OPTIDX,NIFTY,25-Jan-2024,22900,PE,1702.9,1702.95,1407.25,1433.95,1433.95,1275,15591.68,104850,-50,24-JAN-2024,
OPTIDX,NIFTY,25-Jan-2024,22950,PE,1560.45,1560.45,1475,1475,1491.8,7,85.55,5600,50,24-JAN-2024,
OPTIDX,NIFTY,25-Jan-2024,23000,PE,1820.65,1858.15,1499,1526.65,1526.65,1651,20339.9,208800,-44300,24-JAN-2024,
OPTIDX,NIFTY,25-Jan-2024,23050,PE,0,0,0,1308.25,1591.8,0,0,200,0,24-JAN-2024,
OPTIDX,NIFTY,25-Jan-2024,23100,PE,1835.1,1859.05,1616.75,1629.2,1629.2,24,297.71,4550,150,24-JAN-2024,
OPTIDX,NIFTY,25-Jan-2024,23150,PE,1797.25,1920,1797.25,1920,1691.75,4,50.04,600,-100,24-JAN-2024,
OPTIDX,NIFTY,25-Jan-2024,23200,PE,2004.3,2004.3,1700.25,1741.3,1741.3,20,250.41,2000,-150,24-JAN-2024,
OPTIDX,NIFTY,25-Jan-2024,23250,PE,2002.55,2002.55,1950.2,1950.2,1791.75,2,25.22,150,50,24-JAN-2024,
OPTIDX,NIFTY,25-Jan-2024,23300,PE,2117.65,2117.7,1810,1812.2,1812.2,59,743.99,5100,-1600,24-JAN-2024,
OPTIDX,NIFTY,25-Jan-2024,23350,PE,0,0,0,2434.2,1891.75,0,0,0,0,24-JAN-2024,
OPTIDX,NIFTY,25-Jan-2024,23400,PE,2146.8,2151.7,1980,1980,1941.7,27,343.32,2300,-800,24-JAN-2024,
OPTIDX,NIFTY,25-Jan-2024,23450,PE,0,0,0,2018.4,1991.7,0,0,50,0,24-JAN-2024,
OPTIDX,NIFTY,25-Jan-2024,23500,PE,2190,2255,2030,2030,2041.7,33,423.05,5800,-1300,24-JAN-2024,
OPTIDX,NIFTY,25-Jan-2024,23550,PE,0,0,0,2628.65,2091.7,0,0,0,0,24-JAN-2024,
OPTIDX,NIFTY,25-Jan-2024,23600,PE,0,0,0,2677.45,2141.7,0,0,0,0,24-JAN-2024,
OPTIDX,NIFTY,25-Jan-2024,23650,PE,0,0,0,2726.3,2191.7,0,0,0,0,24-JAN-2024,
OPTIDX,NIFTY,25-Jan-2024,23700,PE,2473.55,2473.55,2250,2250,2241.65,10,130.42,350,100,24-JAN-2024,
OPTIDX,NIFTY,25-Jan-2024,23750,PE,2547.95,2547.95,2336.95,2465.5,2291.65,20,261.76,1000,800,24-JAN-2024,
OPTIDX,NIFTY,25-Jan-2024,23800,PE,2578.3,2578.3,2464.9,2523.35,2341.65,14,184.15,1150,300,24-JAN-2024,
OPTIDX,NIFTY,25-Jan-2024,23850,PE,2637.25,2640.7,2537.55,2537.55,2391.65,3,39.68,1100,0,24-JAN-2024,
OPTIDX,NIFTY,01-Feb-2024,19500,CE,1830,2020.3,1830,2020.3,2020.3,8,85.73,300,300,24-JAN-2024,
OPTIDX,NIFTY,01-Feb-2024,19550,CE,0,0,0,1881.55,1932.85,0,0,0,0,24-JAN-2024,
OPTIDX,NIFTY,01-Feb-2024,19600,CE,0,0,0,1833.85,1882.9,0,0,0,0,24-JAN-2024,
OPTIDX,NIFTY,01-Feb-2024,19650,CE,0,0,0,1786.35,1833,0,0,0,0,24-JAN-2024,
OPTIDX,NIFTY,01-Feb-2024,19700,CE,1590,1788,1590,1731,1783.05,43,460.61,2050,2050,24-JAN-2024,
OPTIDX,NIFTY,01-Feb-2024,19750,CE,1650,1650,1630,1650,1733.15,3,32.09,650,0,24-JAN-2024,
OPTIDX,NIFTY,01-Feb-2024,19800,CE,1665,1685,1550,1550,1683.2,10,107.3,650,500,24-JAN-2024,
OPTIDX,NIFTY,01-Feb-2024,19850,CE,0,0,0,1870,1633.3,0,0,600,0,24-JAN-2024,
OPTIDX,NIFTY,01-Feb-2024,19900,CE,1340,1660.6,1340,1660.6,1660.6,114,1218.83,5900,5400,24-JAN-2024,
OPTIDX,NIFTY,01-Feb-2024,19950,CE,0,0,0,1507.15,1533.45,0,0,0,0,24-JAN-2024,
OPTIDX,NIFTY,01-Feb-2024,20000,CE,1300,1560.5,1290.6,1546.8,1546.8,541,5793.41,39050,19800,24-JAN-2024,
OPTIDX,NIFTY,01-Feb-2024,20050,CE,1410,1410,1410,1410,1433.6,8,85.84,3900,400,24-JAN-2024,
OPTIDX,NIFTY,01-Feb-2024,20100,CE,1355,1360,1200,1360,1383.7,64,683.93,4600,2900,24-JAN-2024,
OPTIDX,NIFTY,01-Feb-2024,20150,CE,1185,1276.9,1180,1274.6,1333.75,24,256.18,1000,1000,24-JAN-2024,
OPTIDX,NIFTY,01-Feb-2024,20200,CE,1250,1335,1118,1335,1335,55,589.64,2850,2650,24-JAN-2024,
OPTIDX,NIFTY,01-Feb-2024,20250,CE,1288.8,1288.8,1288.8,1288.8,1288.8,1,10.76,50,50,24-JAN-2024,
OPTIDX,NIFTY,01-Feb-2024,20300,CE,1020,1030,1020,1030,1184.05,10,106.62,1000,500,24-JAN-2024,
OPTIDX,NIFTY,01-Feb-2024,20350,CE,1195.95,1195.95,1195.95,1195.95,1195.95,1,10.77,3750,50,24-JAN-2024,
OPTIDX,NIFTY,01-Feb-2024,20400,CE,1020,1127.15,1020,1122.1,1084.4,37,397.52,1650,600,24-JAN-2024,
OPTIDX,NIFTY,01-Feb-2024,20450,CE,0,0,0,1292,1034.6,0,0,850,0,24-JAN-2024,
OPTIDX,NIFTY,01-Feb-2024,20500,CE,780,1070,754.45,1054.65,1054.65,1936,20713.84,54800,19550,24-JAN-2024,
OPTIDX,NIFTY,01-Feb-2024,20550,CE,855,887,807.4,878.5,935.35,4,42.81,900,50,24-JAN-2024,
OPTIDX,NIFTY,01-Feb-2024,20600,CE,670,963,670,963,963,86,920.19,4400,2750,24-JAN-2024,
OPTIDX,NIFTY,01-Feb-2024,20650,CE,640.1,905,640.05,905,905,75,801.62,3300,3150,24-JAN-2024,
OPTIDX,NIFTY,01-Feb-2024,20700,CE,629.85,866.45,580.2,865.5,865.5,362,3875.3,11050,2300,24-JAN-2024,
OPTIDX,NIFTY,01-Feb-2024,20750,CE,593.8,825,562.95,823,823,143,1528.92,6000,2150,24-JAN-2024,
OPTIDX,NIFTY,01-Feb-2024,20800,CE,540,783.1,508.35,770.25,770.25,1439,15418,34550,21250,24-JAN-2024,
OPTIDX,NIFTY,01-Feb-2024,20850,CE,507.05,741.75,474.1,736.6,736.6,268,2869.5,10150,2900,24-JAN-2024,
OPTIDX,NIFTY,01-Feb-2024,20900,CE,469.55,692.1,434.4,671.3,671.3,1194,12818.14,28650,8350,24-JAN-2024,
OPTIDX,NIFTY,01-Feb-2024,20950,CE,429.65,645.4,399.55,636.6,636.6,547,5866.91,13550,500,24-JAN-2024,
OPTIDX,NIFTY,01-Feb-2024,21000,CE,385,603.25,359.7,588.3,588.3,16198,173965.24,245700,46550,24-JAN-2024,
OPTIDX,NIFTY,01-Feb-2024,21050,CE,368.85,560.1,329.6,541.95,541.95,1437,15430.12,15900,1900,24-JAN-2024,
OPTIDX,NIFTY,01-Feb-2024,21100,CE,327.65,520,297.7,503.5,503.5,12903,138672.89,78550,6250,24-JAN-2024,
OPTIDX,NIFTY,01-Feb-2024,21150,CE,303.2,478.5,269.5,464.35,464.35,8936,96123.87,31100,-750,24-JAN-2024,
OPTIDX,NIFTY,01-Feb-2024,21200,CE,230,439,230,422,422,82426,887306.63,513300,320800,24-JAN-2024,
OPTIDX,NIFTY,01-Feb-2024,21250,CE,240,402,216.6,388.65,388.65,37118,400015.76,119200,11400,24-JAN-2024,
OPTIDX,NIFTY,01-Feb-2024,21300,CE,204.75,364.75,162.45,348.4,348.4,170280,1837645.24,757700,361450,24-JAN-2024,
OPTIDX,NIFTY,01-Feb-2024,21350,CE,180.1,331.25,170.95,317.85,317.85,48893,528303.84,177800,77250,24-JAN-2024,
OPTIDX,NIFTY,01-Feb-2024,21400,CE,164.85,298,150,284.35,284.35,171351,1853930.91,770200,253750,24-JAN-2024,
OPTIDX,NIFTY,01-Feb-2024,21450,CE,130.05,265.95,130.05,254.45,254.45,46128,499605.83,240650,134450,24-JAN-2024,
OPTIDX,NIFTY,01-Feb-2024,21500,CE,145,236,115.25,224.4,224.4,234424,2541654.95,1481900,422900,24-JAN-2024,
OPTIDX,NIFTY,01-Feb-2024,21550,CE,111.4,208.7,88.25,200.35,200.35,47192,512338.08,310550,124700,24-JAN-2024,
OPTIDX,NIFTY,01-Feb-2024,21600,CE,99,182.55,87,174.1,174.1,144977,1576069.13,990450,257550,24-JAN-2024,
OPTIDX,NIFTY,01-Feb-2024,21650,CE,82.05,159,75.65,149.9,149.9,35729,388997.72,323950,133000,24-JAN-2024,
OPTIDX,NIFTY,01-Feb-2024,21700,CE,72,136.85,64.95,129.75,129.75,120606,1315081,1261400,292100,24-JAN-2024,
OPTIDX,NIFTY,01-Feb-2024,21750,CE,66.65,118.5,55.2,110.3,110.3,40597,443355.85,277150,56700,24-JAN-2024,
OPTIDX,NIFTY,01-Feb-2024,21800,CE,61.55,101.7,46.05,94.75,94.75,113144,1237747.41,1062050,220100,24-JAN-2024,
OPTIDX,NIFTY,01-Feb-2024,21850,CE,50.95,88.65,40.95,80.15,80.15,29993,328685.93,160950,27250,24-JAN-2024,
OPTIDX,NIFTY,01-Feb-2024,21900,CE,45,75.55,30,68.35,68.35,77166,847168.76,740850,199350,24-JAN-2024,
OPTIDX,NIFTY,01-Feb-2024,21950,CE,37.05,65,30.85,57.2,57.2,18956,208495.24,130450,550,24-JAN-2024,
OPTIDX,NIFTY,01-Feb-2024,22000,CE,37,56.55,23.45,47.7,47.7,139075,1532681.34,1394950,382500,24-JAN-2024,
OPTIDX,NIFTY,01-Feb-2024,22050,CE,31,48,22.45,40.25,40.25,21302,235226.07,168950,41550,24-JAN-2024,
OPTIDX,NIFTY,01-Feb-2024,22100,CE,28.2,41.3,19.1,32.85,32.85,49918,552332.9,409650,90500,24-JAN-2024,
OPTIDX,NIFTY,01-Feb-2024,22150,CE,22,35.15,16.45,27.2,27.2,15201,168546.96,105500,39950,24-JAN-2024,
OPTIDX,NIFTY,01-Feb-2024,22200,CE,24,31.3,11.3,23,23,47927,532519.97,529400,130950,24-JAN-2024,
OPTIDX,NIFTY,01-Feb-2024,22250,CE,21.3,26.9,12.5,19.6,19.6,15537,172988.98,111000,47650,24-JAN-2024,
OPTIDX,NIFTY,01-Feb-2024,22300,CE,19.5,23.55,10.85,16.85,16.85,39673,442667.21,440800,27600,24-JAN-2024,
OPTIDX,NIFTY,01-Feb-2024,22350,CE,17.15,20.4,9.55,13.9,13.9,11188,125099.74,82100,23400,24-JAN-2024,
OPTIDX,NIFTY,01-Feb-2024,22400,CE,15.25,17.8,8.6,12,12,29707,332897.19,223450,-39400,24-JAN-2024,
OPTIDX,NIFTY,01-Feb-2024,22450,CE,13.85,15.65,7.5,10.15,10.15,8854,99435.3,51850,15950,24-JAN-2024,
OPTIDX,NIFTY,01-Feb-2024,22500,CE,12.9,13.95,6.85,9.05,9.05,45244,509215.91,713000,89800,24-JAN-2024,
OPTIDX,NIFTY,01-Feb-2024,22550,CE,11.7,12.45,6.1,7.75,7.75,7025,79235.58,72800,29050,24-JAN-2024,
OPTIDX,NIFTY,01-Feb-2024,22600,CE,11.55,11.55,5.2,6.5,6.5,26271,296962.08,392700,199400,24-JAN-2024,
OPTIDX,NIFTY,01-Feb-2024,22650,CE,10.65,10.65,4.9,5.65,5.65,5304,60086.58,60450,8650,24-JAN-2024,
OPTIDX,NIFTY,01-Feb-2024,22700,CE,9.2,9.35,4,5.15,5.15,13715,155708.54,219950,36500,24-JAN-2024,
OPTIDX,NIFTY,01-Feb-2024,22750,CE,8.15,8.6,4.25,4.65,4.65,2934,33383.05,65450,15150,24-JAN-2024,
OPTIDX,NIFTY,01-Feb-2024,22800,CE,7.95,8.35,3.55,3.8,3.8,19101,217795.88,418050,221700,24-JAN-2024,
OPTIDX,NIFTY,01-Feb-2024,22850,CE,7,7,3.15,3.9,3.9,2677,30591.31,54700,28850,24-JAN-2024,
OPTIDX,NIFTY,01-Feb-2024,22900,CE,7.2,7.2,3.45,3.65,3.65,6559,75115.14,104700,29700,24-JAN-2024,
OPTIDX,NIFTY,01-Feb-2024,22950,CE,6.95,6.95,3.5,3.75,3.75,3131,35935.26,43500,14150,24-JAN-2024,
OPTIDX,NIFTY,01-Feb-2024,23000,CE,5.95,6.25,3.4,3.6,3.6,36365,418272.51,961900,522600,24-JAN-2024,
OPTIDX,NIFTY,01-Feb-2024,23050,CE,5.7,6.6,3.3,3.45,3.45,2127,24518.2,18000,-900,24-JAN-2024,
OPTIDX,NIFTY,01-Feb-2024,23100,CE,5.5,6,3.2,3.35,3.35,8251,95315.34,163300,35950,24-JAN-2024,
OPTIDX,NIFTY,01-Feb-2024,23150,CE,5.15,5.15,3.1,3.2,3.2,1383,16010.81,11350,-3450,24-JAN-2024,
OPTIDX,NIFTY,01-Feb-2024,23200,CE,5.1,7.7,2.9,3.05,3.05,7198,83509.97,72550,13400,24-JAN-2024,
OPTIDX,NIFTY,01-Feb-2024,23250,CE,5.1,5.1,2.9,2.95,2.95,886,10301.34,12950,750,24-JAN-2024,
OPTIDX,NIFTY,01-Feb-2024,23300,CE,5,5,2.6,2.7,2.7,4067,47387.01,88250,29850,24-JAN-2024,
OPTIDX,NIFTY,01-Feb-2024,23350,CE,4.55,4.65,2.75,2.8,2.8,565,6597.31,23100,2700,24-JAN-2024,
OPTIDX,NIFTY,01-Feb-2024,23400,CE,4.8,6.85,2.45,3.25,3.25,1252,14650.4,42850,8350,24-JAN-2024,
OPTIDX,NIFTY,01-Feb-2024,23450,CE,4.7,4.7,2.6,2.8,2.8,406,4760.98,17400,-2100,24-JAN-2024,
OPTIDX,NIFTY,01-Feb-2024,23500,CE,4.4,4.55,2.3,2.35,2.35,8140,95656.18,254800,140100,24-JAN-2024,
OPTIDX,NIFTY,01-Feb-2024,23550,CE,4.7,4.7,2.35,2.6,2.6,563,6630.19,15700,1300,24-JAN-2024,
OPTIDX,NIFTY,01-Feb-2024,23600,CE,4.9,4.9,2.25,2.35,2.35,1650,19472.25,53500,27850,24-JAN-2024,
OPTIDX,NIFTY,01-Feb-2024,23650,CE,4.95,4.95,2.35,2.45,2.45,283,3346.9,16250,-1150,24-JAN-2024,
OPTIDX,NIFTY,01-Feb-2024,23700,CE,3.85,4.05,2.2,2.35,2.35,1422,16852.67,50700,18850,24-JAN-2024,
OPTIDX,NIFTY,01-Feb-2024,23750,CE,2.95,3.25,2.1,2.5,2.5,580,6888.28,7550,4750,24-JAN-2024,
OPTIDX,NIFTY,01-Feb-2024,23800,CE,3.65,3.95,2.15,2.25,2.25,1417,16864.17,67100,15650,24-JAN-2024,
OPTIDX,NIFTY,01-Feb-2024,23850,CE,4,4,2.15,2.25,2.25,3706,44198.89,122850,78600,24-JAN-2024,
OPTIDX,NIFTY,01-Feb-2024,19500,PE,3.05,4.7,2.5,2.65,2.65,5262,51312.78,134750,134750,24-JAN-2024,
OPTIDX,NIFTY,01-Feb-2024,19550,PE,3.05,3.05,2.4,2.7,2.7,157,1534.88,600,600,24-JAN-2024,
OPTIDX,NIFTY,01-Feb-2024,19600,PE,2.85,3.05,2.5,2.9,2.9,114,1117.36,2850,2850,24-JAN-2024,
OPTIDX,NIFTY,01-Feb-2024,19650,PE,3.05,3.05,2.55,2.8,2.8,33,324.27,350,350,24-JAN-2024,
OPTIDX,NIFTY,01-Feb-2024,19700,PE,5.1,8.25,2.5,2.85,2.85,17606,173462.96,203200,131050,24-JAN-2024,
OPTIDX,NIFTY,01-Feb-2024,19750,PE,5.45,9.7,3,3.45,3.45,4924,48638.56,29400,12000,24-JAN-2024,
OPTIDX,NIFTY,01-Feb-2024,19800,PE,6,10.1,2.65,3.45,3.45,15797,156437.79,130300,104350,24-JAN-2024,
OPTIDX,NIFTY,01-Feb-2024,19850,PE,7.2,11.15,3.15,3.8,3.8,2646,26270.77,8150,2550,24-JAN-2024,
OPTIDX,NIFTY,01-Feb-2024,19900,PE,7.9,12.25,3.15,3.75,3.75,8616,85758.68,67050,53600,24-JAN-2024,
OPTIDX,NIFTY,01-Feb-2024,19950,PE,8.75,13.4,3.5,4.2,4.2,4067,40584.73,26250,-3000,24-JAN-2024,
OPTIDX,NIFTY,01-Feb-2024,20000,PE,10.5,15.1,3.75,4.6,4.6,62465,624920.41,789150,323950,24-JAN-2024,
OPTIDX,NIFTY,01-Feb-2024,20050,PE,10.95,16.3,4.05,5,5,5267,52827.73,22200,10700,24-JAN-2024,
OPTIDX,NIFTY,01-Feb-2024,20100,PE,12.4,17.9,4.25,5.35,5.35,17558,176546.93,109100,42000,24-JAN-2024,
OPTIDX,NIFTY,01-Feb-2024,20150,PE,15,20.15,4.7,5.75,5.75,5971,60190.13,33400,10100,24-JAN-2024,
OPTIDX,NIFTY,01-Feb-2024,20200,PE,17,22.2,5,6.05,6.05,26720,270040.95,292050,169100,24-JAN-2024,
OPTIDX,NIFTY,01-Feb-2024,20250,PE,18.2,25.2,5.75,7.1,7.1,10129,102621.38,70100,45050,24-JAN-2024,
OPTIDX,NIFTY,01-Feb-2024,20300,PE,21.95,28.7,6.65,8.1,8.1,26980,274053.33,289950,128900,24-JAN-2024,
OPTIDX,NIFTY,01-Feb-2024,20350,PE,23.4,32.45,7.45,9.45,9.45,8664,88237.63,71600,3350,24-JAN-2024,
OPTIDX,NIFTY,01-Feb-2024,20400,PE,30,36.3,8,9.6,9.6,33197,338944.67,268150,76950,24-JAN-2024,
OPTIDX,NIFTY,01-Feb-2024,20450,PE,36.95,41.1,8.9,11,11,12332,126236.83,100000,27350,24-JAN-2024,
OPTIDX,NIFTY,01-Feb-2024,20500,PE,38,47.2,10.15,12.8,12.8,86067,883338.61,949150,380950,24-JAN-2024,
OPTIDX,NIFTY,01-Feb-2024,20550,PE,39.85,53.1,10.2,14,14,14059,144667.25,66550,8350,24-JAN-2024,
OPTIDX,NIFTY,01-Feb-2024,20600,PE,51.5,60.55,12.95,15.95,15.95,48184,497102.42,204550,-64300,24-JAN-2024,
OPTIDX,NIFTY,01-Feb-2024,20650,PE,51.75,67.55,14.9,17.95,17.95,17970,185895.53,147700,68200,24-JAN-2024,
OPTIDX,NIFTY,01-Feb-2024,20700,PE,72,77,16.55,20,20,69773,723636.79,390800,15350,24-JAN-2024,
OPTIDX,NIFTY,01-Feb-2024,20750,PE,66.85,86.2,19.2,23.15,23.15,17588,182923.66,100650,6300,24-JAN-2024,
OPTIDX,NIFTY,01-Feb-2024,20800,PE,80,100.05,22.3,26.3,26.3,97791,1019770.89,800100,247400,24-JAN-2024,
OPTIDX,NIFTY,01-Feb-2024,20850,PE,91.2,109.25,25.15,30.85,30.85,20678,216245.46,93700,30500,24-JAN-2024,
OPTIDX,NIFTY,01-Feb-2024,20900,PE,98.7,123.35,30,34.7,34.7,86242,904421.84,371450,18200,24-JAN-2024,
OPTIDX,NIFTY,01-Feb-2024,20950,PE,112,137.55,34.4,40.55,40.55,26829,282173.73,163200,15750,24-JAN-2024,
OPTIDX,NIFTY,01-Feb-2024,21000,PE,146,154.9,41.1,48.55,48.55,307841,3246715.71,1482550,522250,24-JAN-2024,
OPTIDX,NIFTY,01-Feb-2024,21050,PE,146.95,172.4,47,55.75,55.75,33639,355810.66,116900,36650,24-JAN-2024,
OPTIDX,NIFTY,01-Feb-2024,21100,PE,173.55,192.75,55.2,60.9,60.9,162984,1728623.63,1023150,425900,24-JAN-2024,
OPTIDX,NIFTY,01-Feb-2024,21150,PE,195,214.4,63.75,74.7,74.7,50919,542023.13,255950,154700,24-JAN-2024,
OPTIDX,NIFTY,01-Feb-2024,21200,PE,200,237.8,73.65,81.2,81.2,262240,2799552.39,1530900,835650,24-JAN-2024,
OPTIDX,NIFTY,01-Feb-2024,21250,PE,241.3,260.5,70,96.9,96.9,62129,665464.36,267650,154900,24-JAN-2024,
OPTIDX,NIFTY,01-Feb-2024,21300,PE,232.95,287.9,99,110,110,224092,2407152.44,1409000,717750,24-JAN-2024,
OPTIDX,NIFTY,01-Feb-2024,21350,PE,286.65,312.35,113.9,126.4,126.4,51459,554337.38,217200,168050,24-JAN-2024,
OPTIDX,NIFTY,01-Feb-2024,21400,PE,300,344,130,144.3,144.3,158246,1709965.14,1001900,593300,24-JAN-2024,
OPTIDX,NIFTY,01-Feb-2024,21450,PE,319,377.3,149.25,162.75,162.75,30144,326623.6,193150,144300,24-JAN-2024,
OPTIDX,NIFTY,01-Feb-2024,21500,PE,364.65,409.25,169.15,183.65,183.65,99197,1079137.78,1145400,499750,24-JAN-2024,
OPTIDX,NIFTY,01-Feb-2024,21550,PE,378.5,440,191.85,206.4,206.4,9801,106968.85,73100,34950,24-JAN-2024,
OPTIDX,NIFTY,01-Feb-2024,21600,PE,465,477.7,216.1,232.65,232.65,21138,231607.09,309800,20650,24-JAN-2024,
OPTIDX,NIFTY,01-Feb-2024,21650,PE,459.65,517.85,243.2,260.75,260.75,5468,60101.03,65550,20150,24-JAN-2024,
OPTIDX,NIFTY,01-Feb-2024,21700,PE,479.65,556.8,271,293.65,293.65,14320,158024.15,548650,-26000,24-JAN-2024,
OPTIDX,NIFTY,01-Feb-2024,21750,PE,531,589.7,302,322.6,322.6,1931,21389.84,38050,12000,24-JAN-2024,
OPTIDX,NIFTY,01-Feb-2024,21800,PE,568.85,635.15,333.95,367.75,367.75,21925,244091.43,280250,-2850,24-JAN-2024,
OPTIDX,NIFTY,01-Feb-2024,21850,PE,630.75,669.85,367.9,381,381,529,5901.4,34500,8500,24-JAN-2024,
OPTIDX,NIFTY,01-Feb-2024,21900,PE,672.4,729,406.3,422.35,422.35,1869,20959.55,54900,9400,24-JAN-2024,
OPTIDX,NIFTY,01-Feb-2024,21950,PE,725,725,448,466.4,466.4,363,4084.18,17500,200,24-JAN-2024,
OPTIDX,NIFTY,01-Feb-2024,22000,PE,779.95,818.9,485,495.7,495.7,10523,118849.9,293400,49800,24-JAN-2024,
OPTIDX,NIFTY,01-Feb-2024,22050,PE,717.7,717.7,530.95,558.75,558.75,49,555.58,17600,150,24-JAN-2024,
OPTIDX,NIFTY,01-Feb-2024,22100,PE,911.95,912,573.55,589.45,589.45,348,3965.33,30150,8000,24-JAN-2024,
OPTIDX,NIFTY,01-Feb-2024,22150,PE,0,0,0,908.55,671.6,0,0,6400,0,24-JAN-2024,
OPTIDX,NIFTY,01-Feb-2024,22200,PE,910,919.1,656.4,661.25,661.25,101,1162.47,17100,1350,24-JAN-2024,
OPTIDX,NIFTY,01-Feb-2024,22250,PE,750,750,750,750,767.65,1,11.5,2000,-50,24-JAN-2024,
OPTIDX,NIFTY,01-Feb-2024,22300,PE,1012.4,1012.4,751.9,782.15,782.15,87,1008.69,6700,-100,24-JAN-2024,
OPTIDX,NIFTY,01-Feb-2024,22350,PE,0,0,0,1032.9,865.35,0,0,0,0,24-JAN-2024,
OPTIDX,NIFTY,01-Feb-2024,22400,PE,1010,1010,843.9,852.35,852.35,5,58.28,5450,150,24-JAN-2024,
OPTIDX,NIFTY,01-Feb-2024,22450,PE,0,0,0,748.9,964.05,0,0,100,0,24-JAN-2024,
OPTIDX,NIFTY,01-Feb-2024,22500,PE,1189.3,1217.5,955.25,974.9,974.9,279,3287.68,7900,-3800,24-JAN-2024,
OPTIDX,NIFTY,01-Feb-2024,22550,PE,0,0,0,1197.05,1063.25,0,0,0,0,24-JAN-2024,
OPTIDX,NIFTY,01-Feb-2024,22600,PE,1190,1190,1066.15,1066.15,1113,4,47.48,250,100,24-JAN-2024,
OPTIDX,NIFTY,01-Feb-2024,22650,PE,1424.7,1424.7,1114.75,1114.75,1114.75,5,59.9,100,100,24-JAN-2024,
OPTIDX,NIFTY,01-Feb-2024,22700,PE,1474,1474,1159.55,1159.55,1159.55,3,36.05,100,100,24-JAN-2024,
OPTIDX,NIFTY,01-Feb-2024,22750,PE,0,0,0,1369.35,1262.55,0,0,0,0,24-JAN-2024,
OPTIDX,NIFTY,01-Feb-2024,22800,PE,1250,1250,1250,1250,1250,1,12.02,100,0,24-JAN-2024,
OPTIDX,NIFTY,01-Feb-2024,22850,PE,0,0,0,1458.1,1362.3,0,0,0,0,24-JAN-2024,
OPTIDX,NIFTY,01-Feb-2024,22900,PE,0,0,0,1503.05,1412.25,0,0,0,0,24-JAN-2024,
OPTIDX,NIFTY,01-Feb-2024,22950,PE,0,0,0,1548.3,1462.15,0,0,0,0,24-JAN-2024,
OPTIDX,NIFTY,01-Feb-2024,23000,PE,1627.9,1655.9,1530,1530,1512.05,12,147.69,2550,0,24-JAN-2024,
OPTIDX,NIFTY,01-Feb-2024,23050,PE,1564.35,1564.35,1564.35,1564.35,1562,1,12.3,50,50,24-JAN-2024,
OPTIDX,NIFTY,01-Feb-2024,23100,PE,1613.3,1613.3,1613.3,1613.3,1611.9,1,12.35,50,50,24-JAN-2024,
OPTIDX,NIFTY,01-Feb-2024,23150,PE,0,0,0,1732.55,1661.85,0,0,0,0,24-JAN-2024,
OPTIDX,NIFTY,01-Feb-2024,23200,PE,1611.25,1611.25,1611.25,1611.25,1611.25,1,12.4,50,50,24-JAN-2024,
OPTIDX,NIFTY,01-Feb-2024,23250,PE,0,0,0,1826.25,1761.7,0,0,0,0,24-JAN-2024,
OPTIDX,NIFTY,01-Feb-2024,23300,PE,0,0,0,1873.45,1811.6,0,0,0,0,24-JAN-2024,
OPTIDX,NIFTY,01-Feb-2024,23350,PE,0,0,0,1920.8,1861.55,0,0,0,0,24-JAN-2024,
OPTIDX,NIFTY,01-Feb-2024,23400,PE,0,0,0,1968.4,1911.45,0,0,0,0,24-JAN-2024,
OPTIDX,NIFTY,01-Feb-2024,23450,PE,0,0,0,2016.15,1961.4,0,0,0,0,24-JAN-2024,
OPTIDX,NIFTY,01-Feb-2024,23500,PE,2075,2077.2,2075,2077.2,2011.3,3,38.36,3150,100,24-JAN-2024,
OPTIDX,NIFTY,01-Feb-2024,23550,PE,0,0,0,2112.15,2061.25,0,0,0,0,24-JAN-2024,
OPTIDX,NIFTY,01-Feb-2024,23600,PE,0,0,0,2160.35,2111.15,0,0,0,0,24-JAN-2024,
OPTIDX,NIFTY,01-Feb-2024,23650,PE,0,0,0,2208.7,2161.1,0,0,0,0,24-JAN-2024,
OPTIDX,NIFTY,01-Feb-2024,23700,PE,0,0,0,2257.15,2211,0,0,0,0,24-JAN-2024,
OPTIDX,NIFTY,01-Feb-2024,23750,PE,0,0,0,2305.75,2260.95,0,0,0,0,24-JAN-2024,
OPTIDX,NIFTY,01-Feb-2024,23800,PE,0,0,0,2354.4,2310.85,0,0,0,0,24-JAN-2024,
OPTIDX,NIFTY,01-Feb-2024,23850,PE,0,0,0,2403.15,2360.8,0,0,0,0,24-JAN-2024,
OPTIDX,NIFTY,08-Feb-2024,19500,CE,0,0,0,2296.55,2007.95,0,0,0,0,24-JAN-2024,
OPTIDX,NIFTY,08-Feb-2024,19550,CE,1900,1900,1900,1900,1958.1,16,171.6,800,800,24-JAN-2024,
OPTIDX,NIFTY,08-Feb-2024,19600,CE,0,0,0,2198.1,1908.25,0,0,0,0,24-JAN-2024,
OPTIDX,NIFTY,08-Feb-2024,19650,CE,0,0,0,2148.95,1858.4,0,0,0,0,24-JAN-2024,
OPTIDX,NIFTY,08-Feb-2024,19700,CE,0,0,0,2099.9,1808.55,0,0,0,0,24-JAN-2024,
OPTIDX,NIFTY,08-Feb-2024,19750,CE,1615,1720,1615,1720,1758.7,2,21.41,100,100,24-JAN-2024,
OPTIDX,NIFTY,08-Feb-2024,19800,CE,1550,1650,1550,1650,1708.85,2,21.4,100,100,24-JAN-2024,
OPTIDX,NIFTY,08-Feb-2024,19850,CE,0,0,0,1953.45,1659.05,0,0,0,0,24-JAN-2024,
OPTIDX,NIFTY,08-Feb-2024,19900,CE,0,0,0,1904.85,1609.2,0,0,0,0,24-JAN-2024,
OPTIDX,NIFTY,08-Feb-2024,19950,CE,0,0,0,1856.4,1559.4,0,0,0,0,24-JAN-2024,
OPTIDX,NIFTY,08-Feb-2024,20000,CE,1276.95,1548,1276.95,1530.25,1530.25,106,1137.75,4500,4450,24-JAN-2024,
OPTIDX,NIFTY,08-Feb-2024,20050,CE,0,0,0,1760.1,1459.9,0,0,0,0,24-JAN-2024,
OPTIDX,NIFTY,08-Feb-2024,20100,CE,1330,1350,1330,1350,1410.2,6,64.32,300,300,24-JAN-2024,
OPTIDX,NIFTY,08-Feb-2024,20150,CE,1315,1315,1201,1231,1360.55,3,32.09,150,150,24-JAN-2024,
OPTIDX,NIFTY,08-Feb-2024,20200,CE,0,0,0,1617.15,1311,0,0,0,0,24-JAN-2024,
OPTIDX,NIFTY,08-Feb-2024,20250,CE,0,0,0,1570.05,1261.5,0,0,0,0,24-JAN-2024,
OPTIDX,NIFTY,08-Feb-2024,20300,CE,0,0,0,1523.2,1212.1,0,0,0,0,24-JAN-2024,
OPTIDX,NIFTY,08-Feb-2024,20350,CE,0,0,0,1476.65,1162.9,0,0,0,0,24-JAN-2024,
OPTIDX,NIFTY,08-Feb-2024,20400,CE,1100,1120,1100,1120,1113.85,3,32.26,200,150,24-JAN-2024,
OPTIDX,NIFTY,08-Feb-2024,20450,CE,0,0,0,1384.7,1065,0,0,0,0,24-JAN-2024,
OPTIDX,NIFTY,08-Feb-2024,20500,CE,824.95,1050,824.95,1050,1050,50,536.69,2950,50,24-JAN-2024,
OPTIDX,NIFTY,08-Feb-2024,20550,CE,0,0,0,1294.35,968.2,0,0,0,0,24-JAN-2024,
OPTIDX,NIFTY,08-Feb-2024,20600,CE,0,0,0,1249.85,920.3,0,0,0,0,24-JAN-2024,
OPTIDX,NIFTY,08-Feb-2024,20650,CE,0,0,0,1205.85,872.9,0,0,0,0,24-JAN-2024,
OPTIDX,NIFTY,08-Feb-2024,20700,CE,888,888,888,888,826,16,172.7,900,800,24-JAN-2024,
OPTIDX,NIFTY,08-Feb-2024,20750,CE,0,0,0,1119.45,779.7,0,0,0,0,24-JAN-2024,
OPTIDX,NIFTY,08-Feb-2024,20800,CE,0,0,0,689.2,734.05,0,0,300,0,24-JAN-2024,
OPTIDX,NIFTY,08-Feb-2024,20850,CE,0,0,0,1035.35,689.25,0,0,0,0,24-JAN-2024,
OPTIDX,NIFTY,08-Feb-2024,20900,CE,545.9,717.25,520,714.15,714.15,88,945.89,2850,2100,24-JAN-2024,
OPTIDX,NIFTY,08-Feb-2024,20950,CE,0,0,0,953.9,602.4,0,0,0,0,24-JAN-2024,
OPTIDX,NIFTY,08-Feb-2024,21000,CE,479.95,663,444,650.75,650.75,2183,23532.09,16350,1700,24-JAN-2024,
OPTIDX,NIFTY,08-Feb-2024,21050,CE,500,547,500,547,519.95,3,32.36,100,100,24-JAN-2024,
OPTIDX,NIFTY,08-Feb-2024,21100,CE,406.95,590,381.55,574.5,574.5,930,10038.46,8750,2650,24-JAN-2024,
OPTIDX,NIFTY,08-Feb-2024,21150,CE,387.45,553.5,351.1,540.75,540.75,205,2214.22,3350,1950,24-JAN-2024,
OPTIDX,NIFTY,08-Feb-2024,21200,CE,355,510.75,326.7,497.15,497.15,5186,56036.63,35500,16950,24-JAN-2024,
OPTIDX,NIFTY,08-Feb-2024,21250,CE,320,473.6,301.95,467.35,467.35,3193,34543.11,8400,-3100,24-JAN-2024,
OPTIDX,NIFTY,08-Feb-2024,21300,CE,299.95,440,272.6,428.75,428.75,8791,95225.17,39350,5950,24-JAN-2024,
OPTIDX,NIFTY,08-Feb-2024,21350,CE,280.75,404.45,252.4,397.15,397.15,3629,39371.76,14500,-4600,24-JAN-2024,
OPTIDX,NIFTY,08-Feb-2024,21400,CE,229.1,374.3,225.6,359.55,359.55,17168,186365.34,181100,126100,24-JAN-2024,
OPTIDX,NIFTY,08-Feb-2024,21450,CE,229.95,342.45,209.8,329.9,329.9,3239,35193.02,16750,2850,24-JAN-2024,
OPTIDX,NIFTY,08-Feb-2024,21500,CE,197.95,313.4,180,301.35,301.35,18568,201999.26,184350,35600,24-JAN-2024,
OPTIDX,NIFTY,08-Feb-2024,21550,CE,184.5,283.95,170.25,271.95,271.95,4013,43721.62,19050,-1000,24-JAN-2024,
OPTIDX,NIFTY,08-Feb-2024,21600,CE,156.6,257.95,151.45,246.95,246.95,9620,104918.21,117800,-4750,24-JAN-2024,
OPTIDX,NIFTY,08-Feb-2024,21650,CE,147.95,234.7,137.5,225,225,3925,42864.88,24650,-4900,24-JAN-2024,
OPTIDX,NIFTY,08-Feb-2024,21700,CE,122,211.75,108,197.8,197.8,11282,123386.63,96850,-23900,24-JAN-2024,
OPTIDX,NIFTY,08-Feb-2024,21750,CE,122,190.75,110.35,181.8,181.8,3874,42435.12,23050,1300,24-JAN-2024,
OPTIDX,NIFTY,08-Feb-2024,21800,CE,94.95,172.4,94.95,161.3,161.3,9439,103546.12,102650,29500,24-JAN-2024,
OPTIDX,NIFTY,08-Feb-2024,21850,CE,102,153.95,90.15,145.2,145.2,2444,26855.97,20500,-2050,24-JAN-2024,
OPTIDX,NIFTY,08-Feb-2024,21900,CE,78.75,138.65,78.1,128.5,128.5,4886,53772.05,78850,16650,24-JAN-2024,
OPTIDX,NIFTY,08-Feb-2024,21950,CE,74.85,121,72.95,114.6,114.6,1283,14143.88,13050,1450,24-JAN-2024,
OPTIDX,NIFTY,08-Feb-2024,22000,CE,72.35,111.6,63,100.15,100.15,14337,158329.88,207300,30050,24-JAN-2024,
OPTIDX,NIFTY,08-Feb-2024,22050,CE,64.25,99,55.45,89.2,89.2,1629,18021.62,25050,2000,24-JAN-2024,
OPTIDX,NIFTY,08-Feb-2024,22100,CE,57.45,87.65,49.9,79.35,79.35,3425,37965.57,63050,12950,24-JAN-2024,
OPTIDX,NIFTY,08-Feb-2024,22150,CE,47.1,78,45.65,69.75,69.75,862,9573.12,24250,7900,24-JAN-2024,
OPTIDX,NIFTY,08-Feb-2024,22200,CE,46.25,70,40.9,59.55,59.55,9944,110645.32,113100,42400,24-JAN-2024,
OPTIDX,NIFTY,08-Feb-2024,22250,CE,38.2,61.15,37.95,53.65,53.65,1257,14014.86,34900,20050,24-JAN-2024,
OPTIDX,NIFTY,08-Feb-2024,22300,CE,36,55.95,31.05,47.95,47.95,5874,65624.72,51600,-22750,24-JAN-2024,
OPTIDX,NIFTY,08-Feb-2024,22350,CE,33.75,49,30.5,42.15,42.15,1108,12404.18,24800,16550,24-JAN-2024,
OPTIDX,NIFTY,08-Feb-2024,22400,CE,32.75,45.6,28.05,38.4,38.4,3505,39319.42,44250,11150,24-JAN-2024,
OPTIDX,NIFTY,08-Feb-2024,22450,CE,31.05,40.45,23.9,34.4,34.4,971,10916.16,29950,16800,24-JAN-2024,
OPTIDX,NIFTY,08-Feb-2024,22500,CE,24.7,36.5,23.25,30.7,30.7,7263,81812.36,181550,67350,24-JAN-2024,
OPTIDX,NIFTY,08-Feb-2024,22550,CE,24.55,33,19.7,27.95,27.95,989,11164.58,33150,23500,24-JAN-2024,
OPTIDX,NIFTY,08-Feb-2024,22600,CE,23.75,30,19,24.7,24.7,2089,23629.85,41550,17600,24-JAN-2024,
OPTIDX,NIFTY,08-Feb-2024,22650,CE,21,32.6,14.75,26.15,26.15,407,4613.69,10400,650,24-JAN-2024,
OPTIDX,NIFTY,08-Feb-2024,22700,CE,17.75,24.25,15,19.95,19.95,2614,29694.05,56700,36250,24-JAN-2024,
OPTIDX,NIFTY,08-Feb-2024,22750,CE,15,25.45,14.75,20.8,20.8,412,4690.45,11400,3700,24-JAN-2024,
OPTIDX,NIFTY,08-Feb-2024,22800,CE,16.15,20.95,13.5,17.8,17.8,2122,24209.31,44850,-7050,24-JAN-2024,
OPTIDX,NIFTY,08-Feb-2024,22850,CE,15,26.75,5.5,15.1,15.1,1192,13626.88,5000,2700,24-JAN-2024,
OPTIDX,NIFTY,08-Feb-2024,22900,CE,13.5,17.2,9.9,14.75,14.75,280,3207.88,11550,4900,24-JAN-2024,
OPTIDX,NIFTY,08-Feb-2024,22950,CE,10.85,17.45,9.7,11.15,0.95,62,711.84,2550,450,24-JAN-2024,
OPTIDX,NIFTY,08-Feb-2024,23000,CE,12.4,14.05,9.5,12.4,12.4,2901,33378.38,126750,32150,24-JAN-2024,
OPTIDX,NIFTY,08-Feb-2024,23050,CE,10.55,18,8.1,9.25,9.25,128,1475.89,1900,550,24-JAN-2024,
OPTIDX,NIFTY,08-Feb-2024,23100,CE,10,13,8,9.75,9.75,199,2299.49,7950,100,24-JAN-2024,
OPTIDX,NIFTY,08-Feb-2024,23150,CE,11.4,12.1,8.3,10,0.3,15,173.69,3800,-200,24-JAN-2024,
OPTIDX,NIFTY,08-Feb-2024,23200,CE,8,10.75,7,8.6,8.6,397,4606.83,24500,-900,24-JAN-2024,
OPTIDX,NIFTY,08-Feb-2024,23250,CE,9.65,10.9,7,9,9,79,918.72,3850,750,24-JAN-2024,
OPTIDX,NIFTY,08-Feb-2024,23300,CE,9.3,9.3,6.05,8.5,8.5,89,1037.19,16600,-1400,24-JAN-2024,
OPTIDX,NIFTY,08-Feb-2024,23350,CE,8.5,8.5,7,7,0.1,26,303.64,1250,-1200,24-JAN-2024,
OPTIDX,NIFTY,08-Feb-2024,23400,CE,8.9,9.2,6.5,7.5,7.5,88,1029.97,4050,-250,24-JAN-2024,
OPTIDX,NIFTY,08-Feb-2024,23450,CE,8.3,8.7,5.65,7.3,7.3,127,1489.57,8950,-1550,24-JAN-2024,
OPTIDX,NIFTY,08-Feb-2024,23500,CE,7,8.35,4.65,5.65,5.65,620,7286.86,47200,10700,24-JAN-2024,
OPTIDX,NIFTY,08-Feb-2024,23550,CE,0,0,0,6.05,0.05,0,0,2200,0,24-JAN-2024,
OPTIDX,NIFTY,08-Feb-2024,23600,CE,7.4,7.4,4.9,5.7,5.7,62,731.79,5700,450,24-JAN-2024,
OPTIDX,NIFTY,08-Feb-2024,23650,CE,8.1,8.1,5.5,6.35,6.35,407,4814.03,9450,4250,24-JAN-2024,
OPTIDX,NIFTY,08-Feb-2024,23700,CE,3.05,7.5,3.05,6.45,6.45,10,118.53,3150,200,24-JAN-2024,
OPTIDX,NIFTY,08-Feb-2024,23750,CE,0.25,0.25,0.25,0.25,0.05,1,11.87,1350,0,24-JAN-2024,
OPTIDX,NIFTY,08-Feb-2024,23800,CE,6.15,6.15,4.35,4.7,4.7,21,249.95,4450,-200,24-JAN-2024,
OPTIDX,NIFTY,08-Feb-2024,23850,CE,5.8,7,3.7,5.35,5.35,173,2063.51,9300,2600,24-JAN-2024,
OPTIDX,NIFTY,08-Feb-2024,19500,PE,0,0,0,2.1,0.05,0,0,0,0,24-JAN-2024,
OPTIDX,NIFTY,08-Feb-2024,19550,PE,0,0,0,2.5,0.05,0,0,0,0,24-JAN-2024,
OPTIDX,NIFTY,08-Feb-2024,19600,PE,0,0,0,2.95,0.05,0,0,0,0,24-JAN-2024,
OPTIDX,NIFTY,08-Feb-2024,19650,PE,0,0,0,3.5,0.05,0,0,0,0,24-JAN-2024,
OPTIDX,NIFTY,08-Feb-2024,19700,PE,0,0,0,4.1,0.05,0,0,0,0,24-JAN-2024,
OPTIDX,NIFTY,08-Feb-2024,19750,PE,0,0,0,4.8,0.05,0,0,0,0,24-JAN-2024,
OPTIDX,NIFTY,08-Feb-2024,19800,PE,0,0,0,5.6,0.05,0,0,0,0,24-JAN-2024,
OPTIDX,NIFTY,08-Feb-2024,19850,PE,0,0,0,6.55,0.1,0,0,0,0,24-JAN-2024,
OPTIDX,NIFTY,08-Feb-2024,19900,PE,14.75,16.5,13.85,16.5,0.15,95,945.95,1900,100,24-JAN-2024,
OPTIDX,NIFTY,08-Feb-2024,19950,PE,17.95,17.95,12.55,12.55,12.55,17,169.72,400,400,24-JAN-2024,
OPTIDX,NIFTY,08-Feb-2024,20000,PE,29.25,30.7,10.25,11.8,11.8,4757,47618.49,72000,18500,24-JAN-2024,
OPTIDX,NIFTY,08-Feb-2024,20050,PE,0,0,0,11.8,0.4,0,0,0,0,24-JAN-2024,
OPTIDX,NIFTY,08-Feb-2024,20100,PE,20.05,31.6,11,14.15,14.15,100,1006.14,1000,750,24-JAN-2024,
OPTIDX,NIFTY,08-Feb-2024,20150,PE,0,0,0,15.6,0.8,0,0,0,0,24-JAN-2024,
OPTIDX,NIFTY,08-Feb-2024,20200,PE,38.8,47.4,11.65,16.05,16.05,962,9730.39,10350,6750,24-JAN-2024,
OPTIDX,NIFTY,08-Feb-2024,20250,PE,0,0,0,20.35,1.45,0,0,0,0,24-JAN-2024,
OPTIDX,NIFTY,08-Feb-2024,20300,PE,47.6,55,16.9,21.2,21.2,2971,30209.49,31550,4350,24-JAN-2024,
OPTIDX,NIFTY,08-Feb-2024,20350,PE,54,55,20.8,21.6,21.6,192,1957.2,4600,-4550,24-JAN-2024,
OPTIDX,NIFTY,08-Feb-2024,20400,PE,63.15,68.2,22.35,26.85,26.85,2291,23418.91,28300,4250,24-JAN-2024,
OPTIDX,NIFTY,08-Feb-2024,20450,PE,68.7,76.9,23.75,32.05,32.05,170,1742.24,6450,400,24-JAN-2024,
OPTIDX,NIFTY,08-Feb-2024,20500,PE,68.95,81.05,26.7,31.3,31.3,17294,177712.98,167750,95050,24-JAN-2024,
OPTIDX,NIFTY,08-Feb-2024,20550,PE,82.8,83.4,45.3,45.35,7.3,133,1370.39,11000,2650,24-JAN-2024,
OPTIDX,NIFTY,08-Feb-2024,20600,PE,88,97.95,33.4,38.05,38.05,2372,24504.8,46750,2900,24-JAN-2024,
OPTIDX,NIFTY,08-Feb-2024,20650,PE,96.5,103.05,37.05,39.7,39.7,741,7677.2,15400,4350,24-JAN-2024,
OPTIDX,NIFTY,08-Feb-2024,20700,PE,100,118.55,41.3,46.45,46.45,3892,40432.62,80550,4400,24-JAN-2024,
OPTIDX,NIFTY,08-Feb-2024,20750,PE,121.95,129.65,48.3,53.25,53.25,252,2624.84,12250,4250,24-JAN-2024,
OPTIDX,NIFTY,08-Feb-2024,20800,PE,131,145,53.2,61.95,61.95,6685,69839.5,49850,20200,24-JAN-2024,
OPTIDX,NIFTY,08-Feb-2024,20850,PE,134.8,149.4,59.55,66.05,66.05,285,2986.06,6500,4100,24-JAN-2024,
OPTIDX,NIFTY,08-Feb-2024,20900,PE,152.2,170.6,65.85,75.5,75.5,4736,49760.62,46100,17500,24-JAN-2024,
OPTIDX,NIFTY,08-Feb-2024,20950,PE,179.15,179.15,74.4,80,80,449,4730.2,5900,3250,24-JAN-2024,
OPTIDX,NIFTY,08-Feb-2024,21000,PE,175,205.75,82,93.05,93.05,19608,207257.38,257950,79850,24-JAN-2024,
OPTIDX,NIFTY,08-Feb-2024,21050,PE,200,223.35,93.45,102.9,102.9,901,9556.6,11050,1850,24-JAN-2024,
OPTIDX,NIFTY,08-Feb-2024,21100,PE,197.95,243.8,103.65,113.3,113.3,6636,70576.47,63150,23350,24-JAN-2024,
OPTIDX,NIFTY,08-Feb-2024,21150,PE,239.6,265.65,115.15,123.45,123.45,1349,14395.72,11050,8650,24-JAN-2024,
OPTIDX,NIFTY,08-Feb-2024,21200,PE,251.5,286.45,128.45,139.2,139.2,17625,188617.88,188650,154350,24-JAN-2024,
OPTIDX,NIFTY,08-Feb-2024,21250,PE,271.9,306.35,140.7,146.55,146.55,4521,48523.67,16950,8550,24-JAN-2024,
OPTIDX,NIFTY,08-Feb-2024,21300,PE,301.9,334.45,150.45,171,171,12502,134604.82,93000,35050,24-JAN-2024,
OPTIDX,NIFTY,08-Feb-2024,21350,PE,352.55,352.55,171,180.4,180.4,3496,37753.04,13600,4500,24-JAN-2024,
OPTIDX,NIFTY,08-Feb-2024,21400,PE,340.15,385.65,185,200.05,200.05,16624,180144.27,258750,176100,24-JAN-2024,
OPTIDX,NIFTY,08-Feb-2024,21450,PE,390.15,413.1,205,217.75,217.75,1228,13343.45,11650,7250,24-JAN-2024,
OPTIDX,NIFTY,08-Feb-2024,21500,PE,405.55,445.5,224.1,237.3,237.3,12766,139313.57,190950,65800,24-JAN-2024,
OPTIDX,NIFTY,08-Feb-2024,21550,PE,423.15,442.6,246.95,263.75,263.75,512,5601.97,7800,2050,24-JAN-2024,
OPTIDX,NIFTY,08-Feb-2024,21600,PE,501,517.4,271.6,283.35,283.35,5536,60817.73,59550,19650,24-JAN-2024,
OPTIDX,NIFTY,08-Feb-2024,21650,PE,501.4,537.55,299.4,308.3,308.3,171,1884.4,7300,1500,24-JAN-2024,
OPTIDX,NIFTY,08-Feb-2024,21700,PE,552.35,581,323,339.65,339.65,2034,22482.64,41100,8200,24-JAN-2024,
OPTIDX,NIFTY,08-Feb-2024,21750,PE,520,549.9,355.1,357.55,357.55,82,909.24,3400,0,24-JAN-2024,
OPTIDX,NIFTY,08-Feb-2024,21800,PE,563.85,649.4,382.5,387.6,387.6,1174,13081.23,34000,3350,24-JAN-2024,
OPTIDX,NIFTY,08-Feb-2024,21850,PE,584.65,584.65,485,485,425.55,6,67.09,4200,-200,24-JAN-2024,
OPTIDX,NIFTY,08-Feb-2024,21900,PE,720,720,460,484.6,484.6,48,538.87,6100,-50,24-JAN-2024,
OPTIDX,NIFTY,08-Feb-2024,21950,PE,565,577,565,577,501.65,2,22.52,3100,-50,24-JAN-2024,
OPTIDX,NIFTY,08-Feb-2024,22000,PE,758.05,800.95,518.05,539.85,539.85,1783,20176.32,65550,1400,24-JAN-2024,
OPTIDX,NIFTY,08-Feb-2024,22050,PE,700,700,650,655,582.9,4,45.45,4950,-50,24-JAN-2024,
OPTIDX,NIFTY,08-Feb-2024,22100,PE,600,600,584.8,594.95,594.95,3,34.04,12400,50,24-JAN-2024,
OPTIDX,NIFTY,08-Feb-2024,22150,PE,0,0,0,800,668.55,0,0,3700,0,24-JAN-2024,
OPTIDX,NIFTY,08-Feb-2024,22200,PE,800,800,716,716,716,4,45.89,9850,-100,24-JAN-2024,
OPTIDX,NIFTY,08-Feb-2024,22250,PE,0,0,0,383.75,757.85,0,0,3000,0,24-JAN-2024,
OPTIDX,NIFTY,08-Feb-2024,22300,PE,0,0,0,615,803.6,0,0,850,0,24-JAN-2024,
OPTIDX,NIFTY,08-Feb-2024,22350,PE,0,0,0,721.05,849.95,0,0,0,0,24-JAN-2024,
OPTIDX,NIFTY,08-Feb-2024,22400,PE,0,0,0,501.5,896.9,0,0,50,0,24-JAN-2024,
OPTIDX,NIFTY,08-Feb-2024,22450,PE,0,0,0,793.45,944.3,0,0,0,0,24-JAN-2024,
OPTIDX,NIFTY,08-Feb-2024,22500,PE,1211.05,1249.95,948,949.6,949.6,22,259.32,3800,400,24-JAN-2024,
OPTIDX,NIFTY,08-Feb-2024,22550,PE,0,0,0,869.15,1040.35,0,0,0,0,24-JAN-2024,
OPTIDX,NIFTY,08-Feb-2024,22600,PE,1120,1200,1120,1200,1088.85,4,47.52,250,150,24-JAN-2024,
OPTIDX,NIFTY,08-Feb-2024,22650,PE,0,0,0,947.6,1137.55,0,0,0,0,24-JAN-2024,
OPTIDX,NIFTY,08-Feb-2024,22700,PE,0,0,0,987.85,1186.55,0,0,0,0,24-JAN-2024,
OPTIDX,NIFTY,08-Feb-2024,22750,PE,0,0,0,1028.7,1235.65,0,0,0,0,24-JAN-2024,
OPTIDX,NIFTY,08-Feb-2024,22800,PE,0,0,0,1070.2,1284.95,0,0,0,0,24-JAN-2024,
OPTIDX,NIFTY,08-Feb-2024,22850,PE,0,0,0,1112.25,1334.35,0,0,0,0,24-JAN-2024,
OPTIDX,NIFTY,08-Feb-2024,22900,PE,0,0,0,1154.85,1383.85,0,0,0,0,24-JAN-2024,
OPTIDX,NIFTY,08-Feb-2024,22950,PE,0,0,0,1198,1433.4,0,0,0,0,24-JAN-2024,
OPTIDX,NIFTY,08-Feb-2024,23000,PE,1744,1758.05,1581.95,1617,1483.05,40,493.22,2200,1100,24-JAN-2024,
OPTIDX,NIFTY,08-Feb-2024,23050,PE,0,0,0,1285.7,1532.75,0,0,0,0,24-JAN-2024,
OPTIDX,NIFTY,08-Feb-2024,23100,PE,0,0,0,1330.2,1582.45,0,0,0,0,24-JAN-2024,
OPTIDX,NIFTY,08-Feb-2024,23150,PE,0,0,0,1375.15,1632.25,0,0,0,0,24-JAN-2024,
OPTIDX,NIFTY,08-Feb-2024,23200,PE,0,0,0,1420.5,1682,0,0,0,0,24-JAN-2024,
OPTIDX,NIFTY,08-Feb-2024,23250,PE,0,0,0,1466.15,1731.8,0,0,0,0,24-JAN-2024,
OPTIDX,NIFTY,08-Feb-2024,23300,PE,0,0,0,1512.2,1781.65,0,0,0,0,24-JAN-2024,
OPTIDX,NIFTY,08-Feb-2024,23350,PE,0,0,0,1558.5,1831.45,0,0,0,0,24-JAN-2024,
OPTIDX,NIFTY,08-Feb-2024,23400,PE,0,0,0,1605.15,1881.3,0,0,0,0,24-JAN-2024,
OPTIDX,NIFTY,08-Feb-2024,23450,PE,0,0,0,1652.05,1931.15,0,0,0,0,24-JAN-2024,
OPTIDX,NIFTY,08-Feb-2024,23500,PE,0,0,0,1699.2,1981,0,0,0,0,24-JAN-2024,
OPTIDX,NIFTY,08-Feb-2024,23550,PE,0,0,0,1746.55,2030.85,0,0,0,0,24-JAN-2024,
OPTIDX,NIFTY,08-Feb-2024,23600,PE,0,0,0,1794.15,2080.7,0,0,0,0,24-JAN-2024,
OPTIDX,NIFTY,08-Feb-2024,23650,PE,0,0,0,1442.45,2130.55,0,0,250,0,24-JAN-2024,
OPTIDX,NIFTY,08-Feb-2024,23700,PE,0,0,0,1889.95,2180.4,0,0,0,0,24-JAN-2024,
OPTIDX,NIFTY,08-Feb-2024,23750,PE,0,0,0,1938.05,2230.25,0,0,0,0,24-JAN-2024,
OPTIDX,NIFTY,08-Feb-2024,23800,PE,0,0,0,1986.35,2280.15,0,0,0,0,24-JAN-2024,
OPTIDX,NIFTY,08-Feb-2024,23850,PE,0,0,0,2034.8,2330,0,0,0,0,24-JAN-2024,
OPTIDX,NIFTY,15-Feb-2024,19500,CE,0,0,0,2285.3,2033.2,0,0,0,0,24-JAN-2024,
OPTIDX,NIFTY,15-Feb-2024,19550,CE,0,0,0,2236,1983.45,0,0,0,0,24-JAN-2024,
OPTIDX,NIFTY,15-Feb-2024,19600,CE,0,0,0,2186.8,1933.7,0,0,0,0,24-JAN-2024,
OPTIDX,NIFTY,15-Feb-2024,19650,CE,0,0,0,2137.7,1883.95,0,0,0,0,24-JAN-2024,
OPTIDX,NIFTY,15-Feb-2024,19700,CE,0,0,0,2088.65,1834.25,0,0,0,0,24-JAN-2024,
OPTIDX,NIFTY,15-Feb-2024,19750,CE,0,0,0,2039.7,1784.55,0,0,0,0,24-JAN-2024,
OPTIDX,NIFTY,15-Feb-2024,19800,CE,0,0,0,1990.85,1734.9,0,0,0,0,24-JAN-2024,
OPTIDX,NIFTY,15-Feb-2024,19850,CE,0,0,0,1942.15,1685.25,0,0,0,0,24-JAN-2024,
OPTIDX,NIFTY,15-Feb-2024,19900,CE,0,0,0,1893.55,1635.7,0,0,0,0,24-JAN-2024,
OPTIDX,NIFTY,15-Feb-2024,19950,CE,0,0,0,1400.25,1586.2,0,0,650,0,24-JAN-2024,
OPTIDX,NIFTY,15-Feb-2024,20000,CE,1450,1460,1450,1460,1536.75,2,21.45,100,100,24-JAN-2024,
OPTIDX,NIFTY,15-Feb-2024,20050,CE,0,0,0,1748.8,1487.4,0,0,0,0,24-JAN-2024,
OPTIDX,NIFTY,15-Feb-2024,20100,CE,1400,1400,1400,1400,1438.15,1,10.75,50,50,24-JAN-2024,
OPTIDX,NIFTY,15-Feb-2024,20150,CE,0,0,0,1653.3,1389,0,0,0,0,24-JAN-2024,
OPTIDX,NIFTY,15-Feb-2024,20200,CE,0,0,0,1605.9,1340.05,0,0,0,0,24-JAN-2024,
OPTIDX,NIFTY,15-Feb-2024,20250,CE,0,0,0,1558.75,1291.3,0,0,0,0,24-JAN-2024,
OPTIDX,NIFTY,15-Feb-2024,20300,CE,1210,1220,1210,1220,1242.7,2,21.51,100,100,24-JAN-2024,
OPTIDX,NIFTY,15-Feb-2024,20350,CE,0,0,0,1465.4,1194.4,0,0,0,0,24-JAN-2024,
OPTIDX,NIFTY,15-Feb-2024,20400,CE,0,0,0,1419.25,1146.4,0,0,0,0,24-JAN-2024,
OPTIDX,NIFTY,15-Feb-2024,20450,CE,0,0,0,1373.5,1098.7,0,0,0,0,24-JAN-2024,
OPTIDX,NIFTY,15-Feb-2024,20500,CE,0,0,0,940,1051.4,0,0,50,0,24-JAN-2024,
OPTIDX,NIFTY,15-Feb-2024,20550,CE,0,0,0,1283.15,1004.55,0,0,0,0,24-JAN-2024,
OPTIDX,NIFTY,15-Feb-2024,20600,CE,0,0,0,1238.7,958.15,0,0,0,0,24-JAN-2024,
OPTIDX,NIFTY,15-Feb-2024,20650,CE,0,0,0,1194.75,912.35,0,0,0,0,24-JAN-2024,
OPTIDX,NIFTY,15-Feb-2024,20700,CE,0,0,0,1151.3,867.15,0,0,0,0,24-JAN-2024,
OPTIDX,NIFTY,15-Feb-2024,20750,CE,0,0,0,1108.4,822.65,0,0,0,0,24-JAN-2024,
OPTIDX,NIFTY,15-Feb-2024,20800,CE,794.35,880,701.4,819.5,778.9,14,151.18,1850,100,24-JAN-2024,
OPTIDX,NIFTY,15-Feb-2024,20850,CE,0,0,0,1000,735.95,0,0,100,0,24-JAN-2024,
OPTIDX,NIFTY,15-Feb-2024,20900,CE,0,0,0,1000,693.9,0,0,150,0,24-JAN-2024,
OPTIDX,NIFTY,15-Feb-2024,20950,CE,0,0,0,943.15,652.85,0,0,0,0,24-JAN-2024,
OPTIDX,NIFTY,15-Feb-2024,21000,CE,530,710,499.7,689.45,689.45,144,1556.18,1900,-1000,24-JAN-2024,
OPTIDX,NIFTY,15-Feb-2024,21050,CE,0,0,0,864.75,573.9,0,0,0,0,24-JAN-2024,
OPTIDX,NIFTY,15-Feb-2024,21100,CE,488.75,599.7,439,556.45,536.15,50,540.86,900,800,24-JAN-2024,
OPTIDX,NIFTY,15-Feb-2024,21150,CE,416.65,422,416.65,422,499.65,4,43.13,100,100,24-JAN-2024,
OPTIDX,NIFTY,15-Feb-2024,21200,CE,397.65,556.05,378.35,545.65,545.65,266,2883.24,5300,-2000,24-JAN-2024,
OPTIDX,NIFTY,15-Feb-2024,21250,CE,380,513.25,380,510,510,77,835.33,2250,950,24-JAN-2024,
OPTIDX,NIFTY,15-Feb-2024,21300,CE,345.15,490,319.2,474.5,474.5,999,10853.35,5900,-10750,24-JAN-2024,
OPTIDX,NIFTY,15-Feb-2024,21350,CE,374.95,438.65,370,425.3,425.3,20,217.49,500,400,24-JAN-2024,
OPTIDX,NIFTY,15-Feb-2024,21400,CE,298.45,427,275.5,413.8,413.8,674,7335.53,7800,-3400,24-JAN-2024,
OPTIDX,NIFTY,15-Feb-2024,21450,CE,384.4,393.25,275.25,386.8,386.8,49,534.58,1000,-1200,24-JAN-2024,
OPTIDX,NIFTY,15-Feb-2024,21500,CE,253.35,365,233.45,351.2,351.2,1102,12019.18,22400,-2550,24-JAN-2024,
OPTIDX,NIFTY,15-Feb-2024,21550,CE,321.3,333.6,305.6,312.6,312.6,16,174.96,1450,50,24-JAN-2024,
OPTIDX,NIFTY,15-Feb-2024,21600,CE,200,310,192.65,296.95,296.95,504,5508.89,11000,-2000,24-JAN-2024,
OPTIDX,NIFTY,15-Feb-2024,21650,CE,218.4,218.4,218.4,218.4,212,1,10.93,2900,0,24-JAN-2024,
OPTIDX,NIFTY,15-Feb-2024,21700,CE,164.55,260,159.2,249.75,249.75,382,4187.75,12900,-950,24-JAN-2024,
OPTIDX,NIFTY,15-Feb-2024,21750,CE,210,232.9,158.15,215.7,215.7,49,537.24,2100,50,24-JAN-2024,
OPTIDX,NIFTY,15-Feb-2024,21800,CE,133.65,216.7,133,208.8,208.8,479,5264.73,15250,1900,24-JAN-2024,
OPTIDX,NIFTY,15-Feb-2024,21850,CE,128.9,164.35,128.8,160.3,138.05,69,758.69,1000,-150,24-JAN-2024,
OPTIDX,NIFTY,15-Feb-2024,21900,CE,121.2,175,115,169.8,169.8,252,2778.9,8250,750,24-JAN-2024,
OPTIDX,NIFTY,15-Feb-2024,21950,CE,129.7,161.45,129.7,153.65,153.65,21,232.07,1700,250,24-JAN-2024,
OPTIDX,NIFTY,15-Feb-2024,22000,CE,101,151,90.9,138.3,138.3,1972,21814.5,41200,-3400,24-JAN-2024,
OPTIDX,NIFTY,15-Feb-2024,22050,CE,0,0,0,137.6,85.2,0,0,3100,0,24-JAN-2024,
OPTIDX,NIFTY,15-Feb-2024,22100,CE,75.75,122,74.5,114.55,114.55,149,1654.33,12200,800,24-JAN-2024,
OPTIDX,NIFTY,15-Feb-2024,22150,CE,99,99,99,99,99,1,11.12,2450,50,24-JAN-2024,
OPTIDX,NIFTY,15-Feb-2024,22200,CE,62.55,96,60.35,88.9,88.9,317,3531.37,11500,250,24-JAN-2024,
OPTIDX,NIFTY,15-Feb-2024,22250,CE,0,0,0,111.1,49.7,0,0,500,0,24-JAN-2024,
OPTIDX,NIFTY,15-Feb-2024,22300,CE,51.1,81.1,44,72.75,72.75,272,3041.71,8600,1550,24-JAN-2024,
OPTIDX,NIFTY,15-Feb-2024,22350,CE,0,0,0,100.75,37.15,0,0,1050,0,24-JAN-2024,
OPTIDX,NIFTY,15-Feb-2024,22400,CE,45,67,45,59.2,59.2,103,1156.48,7050,900,24-JAN-2024,
OPTIDX,NIFTY,15-Feb-2024,22450,CE,0,0,0,84.45,27.4,0,0,1550,0,24-JAN-2024,
OPTIDX,NIFTY,15-Feb-2024,22500,CE,40.8,55.6,36.3,48.4,48.4,348,3922.89,24650,500,24-JAN-2024,
OPTIDX,NIFTY,15-Feb-2024,22550,CE,0,0,0,130.35,19.9,0,0,0,0,24-JAN-2024,
OPTIDX,NIFTY,15-Feb-2024,22600,CE,34.1,44.85,32,39.45,39.45,150,1697.92,10300,50,24-JAN-2024,
OPTIDX,NIFTY,15-Feb-2024,22650,CE,30.55,30.55,30.55,30.55,14.2,1,11.34,50,-50,24-JAN-2024,
OPTIDX,NIFTY,15-Feb-2024,22700,CE,28.6,38.3,23.9,33.7,33.7,233,2648.34,12200,-1050,24-JAN-2024,
OPTIDX,NIFTY,15-Feb-2024,22750,CE,0,0,0,92.2,10,0,0,0,0,24-JAN-2024,
OPTIDX,NIFTY,15-Feb-2024,22800,CE,28.45,32.45,17.55,27.8,27.8,169,1928.87,10050,-1150,24-JAN-2024,
OPTIDX,NIFTY,15-Feb-2024,22850,CE,0,0,0,76.85,6.95,0,0,0,0,24-JAN-2024,
OPTIDX,NIFTY,15-Feb-2024,22900,CE,22.3,26.4,18.8,23.75,23.75,66,756.48,5600,500,24-JAN-2024,
OPTIDX,NIFTY,15-Feb-2024,22950,CE,0,0,0,63.65,4.75,0,0,0,0,24-JAN-2024,
OPTIDX,NIFTY,15-Feb-2024,23000,CE,24,24,15.25,20.95,20.95,106,1219.99,24600,1550,24-JAN-2024,
OPTIDX,NIFTY,15-Feb-2024,23050,CE,0,0,0,52.4,3.2,0,0,0,0,24-JAN-2024,
OPTIDX,NIFTY,15-Feb-2024,23100,CE,0,0,0,18.9,2.6,0,0,500,0,24-JAN-2024,
OPTIDX,NIFTY,15-Feb-2024,23150,CE,0,0,0,13.5,2.15,0,0,0,0,24-JAN-2024,
OPTIDX,NIFTY,15-Feb-2024,23200,CE,9.85,12.85,9.85,12.85,1.7,8,92.84,400,300,24-JAN-2024,
OPTIDX,NIFTY,15-Feb-2024,23250,CE,0,0,0,33.35,1.4,0,0,100,0,24-JAN-2024,
OPTIDX,NIFTY,15-Feb-2024,23300,CE,0,0,0,34.35,1.1,0,0,500,0,24-JAN-2024,
OPTIDX,NIFTY,15-Feb-2024,23350,CE,0,0,0,28.2,0.9,0,0,0,0,24-JAN-2024,
OPTIDX,NIFTY,15-Feb-2024,23400,CE,0,0,0,21.1,0.7,0,0,2200,0,24-JAN-2024,
OPTIDX,NIFTY,15-Feb-2024,23450,CE,0,0,0,22.65,0.55,0,0,0,0,24-JAN-2024,
OPTIDX,NIFTY,15-Feb-2024,23500,CE,11.3,13.95,8.25,10.1,10.1,140,1645.69,7450,1900,24-JAN-2024,
OPTIDX,NIFTY,15-Feb-2024,23550,CE,0,0,0,18.1,0.35,0,0,0,0,24-JAN-2024,
OPTIDX,NIFTY,15-Feb-2024,23600,CE,0,0,0,16.15,0.3,0,0,0,0,24-JAN-2024,
OPTIDX,NIFTY,15-Feb-2024,23650,CE,0,0,0,11.3,0.2,0,0,1750,0,24-JAN-2024,
OPTIDX,NIFTY,15-Feb-2024,23700,CE,11.05,13.9,7.05,11.3,11.3,38,450.48,1150,550,24-JAN-2024,
OPTIDX,NIFTY,15-Feb-2024,23750,CE,0,0,0,11.35,0.15,0,0,0,0,24-JAN-2024,
OPTIDX,NIFTY,15-Feb-2024,23800,CE,0,0,0,12.35,0.1,0,0,50,0,24-JAN-2024,
OPTIDX,NIFTY,15-Feb-2024,23850,CE,0,0,0,8.9,0.1,0,0,0,0,24-JAN-2024,
OPTIDX,NIFTY,15-Feb-2024,19500,PE,0,0,0,2.05,0.1,0,0,0,0,24-JAN-2024,
OPTIDX,NIFTY,15-Feb-2024,19550,PE,0,0,0,2.45,0.15,0,0,0,0,24-JAN-2024,
OPTIDX,NIFTY,15-Feb-2024,19600,PE,0,0,0,2.9,0.2,0,0,0,0,24-JAN-2024,
OPTIDX,NIFTY,15-Feb-2024,19650,PE,0,0,0,3.4,0.25,0,0,0,0,24-JAN-2024,
OPTIDX,NIFTY,15-Feb-2024,19700,PE,0,0,0,4.05,0.3,0,0,0,0,24-JAN-2024,
OPTIDX,NIFTY,15-Feb-2024,19750,PE,0,0,0,4.75,0.4,0,0,0,0,24-JAN-2024,
OPTIDX,NIFTY,15-Feb-2024,19800,PE,0,0,0,8,0.55,0,0,150,0,24-JAN-2024,
OPTIDX,NIFTY,15-Feb-2024,19850,PE,0,0,0,6.5,0.75,0,0,0,0,24-JAN-2024,
OPTIDX,NIFTY,15-Feb-2024,19900,PE,0,0,0,7.55,0.95,0,0,0,0,24-JAN-2024,
OPTIDX,NIFTY,15-Feb-2024,19950,PE,0,0,0,8.8,1.25,0,0,0,0,24-JAN-2024,
OPTIDX,NIFTY,15-Feb-2024,20000,PE,32.45,37.15,17,20.65,20.65,1279,12807.44,24550,12650,24-JAN-2024,
OPTIDX,NIFTY,15-Feb-2024,20050,PE,0,0,0,11.75,2.05,0,0,0,0,24-JAN-2024,
OPTIDX,NIFTY,15-Feb-2024,20100,PE,0,0,0,13.5,2.6,0,0,0,0,24-JAN-2024,
OPTIDX,NIFTY,15-Feb-2024,20150,PE,0,0,0,15.5,3.25,0,0,0,0,24-JAN-2024,
OPTIDX,NIFTY,15-Feb-2024,20200,PE,0,0,0,17.75,4.1,0,0,0,0,24-JAN-2024,
OPTIDX,NIFTY,15-Feb-2024,20250,PE,0,0,0,20.3,5.1,0,0,0,0,24-JAN-2024,
OPTIDX,NIFTY,15-Feb-2024,20300,PE,0,0,0,23.1,6.35,0,0,0,0,24-JAN-2024,
OPTIDX,NIFTY,15-Feb-2024,20350,PE,0,0,0,26.25,7.85,0,0,0,0,24-JAN-2024,
OPTIDX,NIFTY,15-Feb-2024,20400,PE,0,0,0,29.75,9.6,0,0,0,0,24-JAN-2024,
OPTIDX,NIFTY,15-Feb-2024,20450,PE,0,0,0,33.65,11.7,0,0,0,0,24-JAN-2024,
OPTIDX,NIFTY,15-Feb-2024,20500,PE,90.7,102.95,44.3,49.55,49.55,1466,15076.02,35450,11300,24-JAN-2024,
OPTIDX,NIFTY,15-Feb-2024,20550,PE,0,0,0,42.6,17.15,0,0,0,0,24-JAN-2024,
OPTIDX,NIFTY,15-Feb-2024,20600,PE,0,0,0,47.8,20.55,0,0,0,0,24-JAN-2024,
OPTIDX,NIFTY,15-Feb-2024,20650,PE,0,0,0,53.5,24.55,0,0,0,0,24-JAN-2024,
OPTIDX,NIFTY,15-Feb-2024,20700,PE,0,0,0,59.7,29.15,0,0,0,0,24-JAN-2024,
OPTIDX,NIFTY,15-Feb-2024,20750,PE,45.5,81.3,45.5,81.3,34.45,10,104.04,500,500,24-JAN-2024,
OPTIDX,NIFTY,15-Feb-2024,20800,PE,146.1,169.7,76,84.15,84.15,660,6900.95,14950,6500,24-JAN-2024,
OPTIDX,NIFTY,15-Feb-2024,20850,PE,0,0,0,81.8,47.35,0,0,0,0,24-JAN-2024,
OPTIDX,NIFTY,15-Feb-2024,20900,PE,0,0,0,90.5,55.1,0,0,0,0,24-JAN-2024,
OPTIDX,NIFTY,15-Feb-2024,20950,PE,0,0,0,99.8,63.85,0,0,0,0,24-JAN-2024,
OPTIDX,NIFTY,15-Feb-2024,21000,PE,200.35,229.95,111.25,127.8,127.8,3136,33194.51,31650,5900,24-JAN-2024,
OPTIDX,NIFTY,15-Feb-2024,21050,PE,0,0,0,150,84.5,0,0,1000,0,24-JAN-2024,
OPTIDX,NIFTY,15-Feb-2024,21100,PE,249.95,270.4,129.95,147.55,147.55,409,4357.09,8250,-1350,24-JAN-2024,
OPTIDX,NIFTY,15-Feb-2024,21150,PE,258,260,205.25,211.45,109.8,24,256.52,2500,400,24-JAN-2024,
OPTIDX,NIFTY,15-Feb-2024,21200,PE,306,306,161,171.35,171.35,828,8872.59,16400,4050,24-JAN-2024,
OPTIDX,NIFTY,15-Feb-2024,21250,PE,297.8,297.8,175.75,176.15,176.15,53,569.24,1300,850,24-JAN-2024,
OPTIDX,NIFTY,15-Feb-2024,21300,PE,300,355.05,190.75,205.15,205.15,1465,15797.76,13500,3550,24-JAN-2024,
OPTIDX,NIFTY,15-Feb-2024,21350,PE,269.65,300.2,269.65,275.4,176.4,5,54.08,50,50,24-JAN-2024,
OPTIDX,NIFTY,15-Feb-2024,21400,PE,388.35,405.65,221.25,232.2,232.2,1207,13096.37,11250,6800,24-JAN-2024,
OPTIDX,NIFTY,15-Feb-2024,21450,PE,313.35,347.2,241.6,262.25,262.25,203,2205.48,8050,7050,24-JAN-2024,
OPTIDX,NIFTY,15-Feb-2024,21500,PE,429.15,458.9,259.45,273.25,273.25,956,10443.42,19700,5050,24-JAN-2024,
OPTIDX,NIFTY,15-Feb-2024,21550,PE,294.65,294.65,294.65,294.65,294.65,1,10.92,4200,-50,24-JAN-2024,
OPTIDX,NIFTY,15-Feb-2024,21600,PE,501,521.55,306.55,323.45,323.45,293,3225.31,8650,5650,24-JAN-2024,
OPTIDX,NIFTY,15-Feb-2024,21650,PE,342.9,342.9,332.8,335.4,335.4,81,890.4,3700,2950,24-JAN-2024,
OPTIDX,NIFTY,15-Feb-2024,21700,PE,509.95,514.7,357.65,373.25,373.25,586,6476.72,18350,15350,24-JAN-2024,
OPTIDX,NIFTY,15-Feb-2024,21750,PE,0,0,0,485,379.95,0,0,750,0,24-JAN-2024,
OPTIDX,NIFTY,15-Feb-2024,21800,PE,535,602.55,418.85,431.2,431.2,196,2186.94,9100,2850,24-JAN-2024,
OPTIDX,NIFTY,15-Feb-2024,21850,PE,0,0,0,348.6,445.4,0,0,0,0,24-JAN-2024,
OPTIDX,NIFTY,15-Feb-2024,21900,PE,572.5,651.7,490,508.45,508.45,61,685.24,3650,2300,24-JAN-2024,
OPTIDX,NIFTY,15-Feb-2024,21950,PE,0,0,0,470.3,516.15,0,0,0,0,24-JAN-2024,
OPTIDX,NIFTY,15-Feb-2024,22000,PE,787.4,807.4,552,562.55,562.55,310,3513.82,6850,600,24-JAN-2024,
OPTIDX,NIFTY,15-Feb-2024,22050,PE,0,0,0,560,591.75,0,0,1250,0,24-JAN-2024,
OPTIDX,NIFTY,15-Feb-2024,22100,PE,652.45,652.45,652.45,652.45,631.2,1,11.37,1200,0,24-JAN-2024,
OPTIDX,NIFTY,15-Feb-2024,22150,PE,0,0,0,343.55,671.65,0,0,50,0,24-JAN-2024,
OPTIDX,NIFTY,15-Feb-2024,22200,PE,0,0,0,750,713.1,0,0,1700,0,24-JAN-2024,
OPTIDX,NIFTY,15-Feb-2024,22250,PE,0,0,0,657.2,755.45,0,0,0,0,24-JAN-2024,
OPTIDX,NIFTY,15-Feb-2024,22300,PE,0,0,0,1021.7,798.6,0,0,1800,0,24-JAN-2024,
OPTIDX,NIFTY,15-Feb-2024,22350,PE,0,0,0,726.75,842.5,0,0,0,0,24-JAN-2024,
OPTIDX,NIFTY,15-Feb-2024,22400,PE,0,0,0,762.8,887.05,0,0,0,0,24-JAN-2024,
OPTIDX,NIFTY,15-Feb-2024,22450,PE,0,0,0,800.6,932.3,0,0,0,0,24-JAN-2024,
OPTIDX,NIFTY,15-Feb-2024,22500,PE,0,0,0,837.45,978.05,0,0,0,0,24-JAN-2024,
OPTIDX,NIFTY,15-Feb-2024,22550,PE,0,0,0,875.85,1024.35,0,0,0,0,24-JAN-2024,
OPTIDX,NIFTY,15-Feb-2024,22600,PE,0,0,0,914.95,1071.15,0,0,0,0,24-JAN-2024,
OPTIDX,NIFTY,15-Feb-2024,22650,PE,0,0,0,954.75,1118.3,0,0,0,0,24-JAN-2024,
OPTIDX,NIFTY,15-Feb-2024,22700,PE,0,0,0,995.2,1165.85,0,0,0,0,24-JAN-2024,
OPTIDX,NIFTY,15-Feb-2024,22750,PE,0,0,0,1036.3,1213.7,0,0,0,0,24-JAN-2024,
OPTIDX,NIFTY,15-Feb-2024,22800,PE,0,0,0,1078,1261.85,0,0,0,0,24-JAN-2024,
OPTIDX,NIFTY,15-Feb-2024,22850,PE,0,0,0,1120.25,1310.25,0,0,0,0,24-JAN-2024,
OPTIDX,NIFTY,15-Feb-2024,22900,PE,0,0,0,1163.05,1358.85,0,0,0,0,24-JAN-2024,
OPTIDX,NIFTY,15-Feb-2024,22950,PE,0,0,0,1206.35,1407.65,0,0,0,0,24-JAN-2024,
OPTIDX,NIFTY,15-Feb-2024,23000,PE,0,0,0,910,1456.6,0,0,100,0,24-JAN-2024,
OPTIDX,NIFTY,15-Feb-2024,23050,PE,0,0,0,1294.4,1505.65,0,0,0,0,24-JAN-2024,
OPTIDX,NIFTY,15-Feb-2024,23100,PE,0,0,0,1339.1,1554.85,0,0,0,0,24-JAN-2024,
OPTIDX,NIFTY,15-Feb-2024,23150,PE,0,0,0,1384.2,1604.2,0,0,0,0,24-JAN-2024,
OPTIDX,NIFTY,15-Feb-2024,23200,PE,0,0,0,1429.7,1653.6,0,0,0,0,24-JAN-2024,
OPTIDX,NIFTY,15-Feb-2024,23250,PE,0,0,0,1475.5,1703.05,0,0,0,0,24-JAN-2024,
OPTIDX,NIFTY,15-Feb-2024,23300,PE,0,0,0,1521.65,1752.55,0,0,0,0,24-JAN-2024,
OPTIDX,NIFTY,15-Feb-2024,23350,PE,0,0,0,1568.15,1802.15,0,0,0,0,24-JAN-2024,
OPTIDX,NIFTY,15-Feb-2024,23400,PE,0,0,0,1614.9,1851.75,0,0,0,0,24-JAN-2024,
OPTIDX,NIFTY,15-Feb-2024,23450,PE,0,0,0,1661.9,1901.4,0,0,0,0,24-JAN-2024,
OPTIDX,NIFTY,15-Feb-2024,23500,PE,0,0,0,1709.15,1951.1,0,0,0,0,24-JAN-2024,
OPTIDX,NIFTY,15-Feb-2024,23550,PE,0,0,0,1756.65,2000.8,0,0,0,0,24-JAN-2024,
OPTIDX,NIFTY,15-Feb-2024,23600,PE,0,0,0,1804.3,2050.5,0,0,0,0,24-JAN-2024,
OPTIDX,NIFTY,15-Feb-2024,23650,PE,0,0,0,1852.2,2100.25,0,0,0,0,24-JAN-2024,
OPTIDX,NIFTY,15-Feb-2024,23700,PE,0,0,0,1900.25,2150,0,0,0,0,24-JAN-2024,
OPTIDX,NIFTY,15-Feb-2024,23750,PE,0,0,0,1948.45,2199.75,0,0,0,0,24-JAN-2024,
OPTIDX,NIFTY,15-Feb-2024,23800,PE,0,0,0,1996.85,2249.5,0,0,0,0,24-JAN-2024,
OPTIDX,NIFTY,15-Feb-2024,23850,PE,0,0,0,2045.35,2299.3,0,0,0,0,24-JAN-2024,
OPTIDX,NIFTY,22-Feb-2024,19500,CE,0,0,0,2102.9,2058.7,0,0,0,0,24-JAN-2024,
OPTIDX,NIFTY,22-Feb-2024,19550,CE,0,0,0,2053.95,2009.05,0,0,0,0,24-JAN-2024,
OPTIDX,NIFTY,22-Feb-2024,19600,CE,0,0,0,2005.1,1959.5,0,0,0,0,24-JAN-2024,
OPTIDX,NIFTY,22-Feb-2024,19650,CE,0,0,0,1956.35,1909.95,0,0,0,0,24-JAN-2024,
OPTIDX,NIFTY,22-Feb-2024,19700,CE,0,0,0,1907.8,1860.45,0,0,0,0,24-JAN-2024,
OPTIDX,NIFTY,22-Feb-2024,19750,CE,0,0,0,1859.35,1811,0,0,0,0,24-JAN-2024,
OPTIDX,NIFTY,22-Feb-2024,19800,CE,0,0,0,1811.1,1761.6,0,0,0,0,24-JAN-2024,
OPTIDX,NIFTY,22-Feb-2024,19850,CE,0,0,0,1763,1712.3,0,0,0,0,24-JAN-2024,
OPTIDX,NIFTY,22-Feb-2024,19900,CE,0,0,0,1715.1,1663.1,0,0,0,0,24-JAN-2024,
OPTIDX,NIFTY,22-Feb-2024,19950,CE,0,0,0,1667.45,1614,0,0,0,0,24-JAN-2024,
OPTIDX,NIFTY,22-Feb-2024,20000,CE,0,0,0,1620.05,1565,0,0,0,0,24-JAN-2024,
OPTIDX,NIFTY,22-Feb-2024,20050,CE,0,0,0,1572.9,1516.15,0,0,0,0,24-JAN-2024,
OPTIDX,NIFTY,22-Feb-2024,20100,CE,0,0,0,1526.05,1467.5,0,0,0,0,24-JAN-2024,
OPTIDX,NIFTY,22-Feb-2024,20150,CE,0,0,0,1479.5,1419,0,0,0,0,24-JAN-2024,
OPTIDX,NIFTY,22-Feb-2024,20200,CE,0,0,0,1433.3,1370.75,0,0,0,0,24-JAN-2024,
OPTIDX,NIFTY,22-Feb-2024,20250,CE,0,0,0,1387.5,1322.75,0,0,0,0,24-JAN-2024,
OPTIDX,NIFTY,22-Feb-2024,20300,CE,0,0,0,1342.05,1275.05,0,0,0,0,24-JAN-2024,
OPTIDX,NIFTY,22-Feb-2024,20350,CE,0,0,0,1297.1,1227.65,0,0,0,0,24-JAN-2024,
OPTIDX,NIFTY,22-Feb-2024,20400,CE,0,0,0,1252.55,1180.65,0,0,0,0,24-JAN-2024,
OPTIDX,NIFTY,22-Feb-2024,20450,CE,0,0,0,1208.55,1134,0,0,0,0,24-JAN-2024,
OPTIDX,NIFTY,22-Feb-2024,20500,CE,0,0,0,1165,1087.85,0,0,0,0,24-JAN-2024,
OPTIDX,NIFTY,22-Feb-2024,20550,CE,0,0,0,1122.05,1042.15,0,0,0,0,24-JAN-2024,
OPTIDX,NIFTY,22-Feb-2024,20600,CE,0,0,0,1079.7,997.05,0,0,0,0,24-JAN-2024,
OPTIDX,NIFTY,22-Feb-2024,20650,CE,0,0,0,1037.95,952.5,0,0,0,0,24-JAN-2024,
OPTIDX,NIFTY,22-Feb-2024,20700,CE,0,0,0,996.85,908.6,0,0,0,0,24-JAN-2024,
OPTIDX,NIFTY,22-Feb-2024,20750,CE,0,0,0,956.4,865.4,0,0,0,0,24-JAN-2024,
OPTIDX,NIFTY,22-Feb-2024,20800,CE,0,0,0,916.7,823,0,0,0,0,24-JAN-2024,
OPTIDX,NIFTY,22-Feb-2024,20850,CE,0,0,0,877.75,781.35,0,0,0,0,24-JAN-2024,
OPTIDX,NIFTY,22-Feb-2024,20900,CE,0,0,0,839.55,740.6,0,0,0,0,24-JAN-2024,
OPTIDX,NIFTY,22-Feb-2024,20950,CE,0,0,0,803,700.75,0,0,0,0,24-JAN-2024,
OPTIDX,NIFTY,22-Feb-2024,21000,CE,0,0,0,765.45,661.9,0,0,0,0,24-JAN-2024,
OPTIDX,NIFTY,22-Feb-2024,21050,CE,0,0,0,729.75,624.05,0,0,0,0,24-JAN-2024,
OPTIDX,NIFTY,22-Feb-2024,21100,CE,0,0,0,694.95,587.25,0,0,0,0,24-JAN-2024,
OPTIDX,NIFTY,22-Feb-2024,21150,CE,0,0,0,661,551.55,0,0,0,0,24-JAN-2024,
OPTIDX,NIFTY,22-Feb-2024,21200,CE,0,0,0,628.05,517.05,0,0,0,0,24-JAN-2024,
OPTIDX,NIFTY,22-Feb-2024,21250,CE,0,0,0,596,483.7,0,0,0,0,24-JAN-2024,
OPTIDX,NIFTY,22-Feb-2024,21300,CE,361.65,521,361.6,513.5,513.5,200,2177.51,2050,1650,24-JAN-2024,
OPTIDX,NIFTY,22-Feb-2024,21350,CE,0,0,0,534.8,420.75,0,0,0,0,24-JAN-2024,
OPTIDX,NIFTY,22-Feb-2024,21400,CE,311.4,474.95,311.4,465.4,465.4,219,2388.83,2200,1800,24-JAN-2024,
OPTIDX,NIFTY,22-Feb-2024,21450,CE,429,429,429,429,429,5,54.69,250,250,24-JAN-2024,
OPTIDX,NIFTY,22-Feb-2024,21500,CE,280,418.05,265.6,406.5,406.5,509,5561.67,7850,6700,24-JAN-2024,
OPTIDX,NIFTY,22-Feb-2024,21550,CE,350,350,350,350,350,1,10.95,700,-50,24-JAN-2024,
OPTIDX,NIFTY,22-Feb-2024,21600,CE,228.1,356.5,227.05,345.45,345.45,42,460.09,1950,-150,24-JAN-2024,
OPTIDX,NIFTY,22-Feb-2024,21650,CE,0,0,0,374.85,262.8,0,0,0,0,24-JAN-2024,
OPTIDX,NIFTY,22-Feb-2024,21700,CE,190.45,294.75,190.4,294.25,294.25,24,263.58,650,650,24-JAN-2024,
OPTIDX,NIFTY,22-Feb-2024,21750,CE,156,184.25,148.6,184.25,220.5,10,109.54,400,400,24-JAN-2024,
OPTIDX,NIFTY,22-Feb-2024,21800,CE,180,250,180,183.45,201.3,40,440.04,2050,1400,24-JAN-2024,
OPTIDX,NIFTY,22-Feb-2024,21850,CE,0,0,0,288.15,183.25,0,0,0,0,24-JAN-2024,
OPTIDX,NIFTY,22-Feb-2024,21900,CE,190.85,210,147.95,206.45,206.45,21,231.82,500,500,24-JAN-2024,
OPTIDX,NIFTY,22-Feb-2024,21950,CE,0,0,0,250.6,150.8,0,0,0,0,24-JAN-2024,
OPTIDX,NIFTY,22-Feb-2024,22000,CE,127.65,179.95,115,168.8,168.8,838,9282.6,22300,17550,24-JAN-2024,
OPTIDX,NIFTY,22-Feb-2024,22050,CE,0,0,0,183.25,122.9,0,0,50,0,24-JAN-2024,
OPTIDX,NIFTY,22-Feb-2024,22100,CE,107.3,138.55,107.3,116.6,110.5,10,111.11,300,300,24-JAN-2024,
OPTIDX,NIFTY,22-Feb-2024,22150,CE,0,0,0,186.35,99.1,0,0,0,0,24-JAN-2024,
OPTIDX,NIFTY,22-Feb-2024,22200,CE,91.8,125,85.3,116.1,116.1,40,446.09,1000,200,24-JAN-2024,
OPTIDX,NIFTY,22-Feb-2024,22250,CE,0,0,0,159.35,79.1,0,0,0,0,24-JAN-2024,
OPTIDX,NIFTY,22-Feb-2024,22300,CE,75.55,95,75.4,95,95,3,33.57,250,0,24-JAN-2024,
OPTIDX,NIFTY,22-Feb-2024,22350,CE,0,0,0,135.7,62.45,0,0,0,0,24-JAN-2024,
OPTIDX,NIFTY,22-Feb-2024,22400,CE,59.05,69.15,59.05,69.15,55.25,2,22.46,200,0,24-JAN-2024,
OPTIDX,NIFTY,22-Feb-2024,22450,CE,0,0,0,114.75,48.8,0,0,0,0,24-JAN-2024,
OPTIDX,NIFTY,22-Feb-2024,22500,CE,52.4,71.3,50,64.4,64.4,179,2019.22,7350,-700,24-JAN-2024,
OPTIDX,NIFTY,22-Feb-2024,22550,CE,0,0,0,96.45,37.7,0,0,0,0,24-JAN-2024,
OPTIDX,NIFTY,22-Feb-2024,22600,CE,0,0,0,90.75,33,0,0,50,0,24-JAN-2024,
OPTIDX,NIFTY,22-Feb-2024,22650,CE,0,0,0,80.6,28.85,0,0,0,0,24-JAN-2024,
OPTIDX,NIFTY,22-Feb-2024,22700,CE,0,0,0,60.5,25.1,0,0,200,0,24-JAN-2024,
OPTIDX,NIFTY,22-Feb-2024,22750,CE,0,0,0,66.95,21.8,0,0,0,0,24-JAN-2024,
OPTIDX,NIFTY,22-Feb-2024,22800,CE,0,0,0,37,18.9,0,0,100,0,24-JAN-2024,
OPTIDX,NIFTY,22-Feb-2024,22850,CE,0,0,0,55.3,16.3,0,0,0,0,24-JAN-2024,
OPTIDX,NIFTY,22-Feb-2024,22900,CE,0,0,0,50.15,14.05,0,0,0,0,24-JAN-2024,
OPTIDX,NIFTY,22-Feb-2024,22950,CE,0,0,0,31.5,12.05,0,0,400,0,24-JAN-2024,
OPTIDX,NIFTY,22-Feb-2024,23000,CE,23.25,31.15,21,24.9,24.9,43,494.98,2350,100,24-JAN-2024,
OPTIDX,NIFTY,22-Feb-2024,23050,CE,0,0,0,37.05,8.85,0,0,0,0,24-JAN-2024,
OPTIDX,NIFTY,22-Feb-2024,23100,CE,0,0,0,18.25,7.55,0,0,100,0,24-JAN-2024,
OPTIDX,NIFTY,22-Feb-2024,23150,CE,0,0,0,30.05,6.4,0,0,0,0,24-JAN-2024,
OPTIDX,NIFTY,22-Feb-2024,23200,CE,13.85,13.95,13.85,13.95,5.4,3,34.82,200,150,24-JAN-2024,
OPTIDX,NIFTY,22-Feb-2024,23250,CE,0,0,0,24.25,4.6,0,0,0,0,24-JAN-2024,
OPTIDX,NIFTY,22-Feb-2024,23300,CE,0,0,0,21.7,3.85,0,0,0,0,24-JAN-2024,
OPTIDX,NIFTY,22-Feb-2024,23350,CE,0,0,0,19.45,3.25,0,0,0,0,24-JAN-2024,
OPTIDX,NIFTY,22-Feb-2024,19500,PE,0,0,0,4.05,0.45,0,0,0,0,24-JAN-2024,
OPTIDX,NIFTY,22-Feb-2024,19550,PE,0,0,0,4.75,0.55,0,0,0,0,24-JAN-2024,
OPTIDX,NIFTY,22-Feb-2024,19600,PE,0,0,0,5.55,0.7,0,0,0,0,24-JAN-2024,
OPTIDX,NIFTY,22-Feb-2024,19650,PE,0,0,0,6.5,0.9,0,0,0,0,24-JAN-2024,
OPTIDX,NIFTY,22-Feb-2024,19700,PE,0,0,0,7.55,1.1,0,0,0,0,24-JAN-2024,
OPTIDX,NIFTY,22-Feb-2024,19750,PE,0,0,0,8.75,1.4,0,0,0,0,24-JAN-2024,
OPTIDX,NIFTY,22-Feb-2024,19800,PE,0,0,0,15.3,1.75,0,0,0,0,24-JAN-2024,
OPTIDX,NIFTY,22-Feb-2024,19850,PE,0,0,0,11.7,2.2,0,0,0,0,24-JAN-2024,
OPTIDX,NIFTY,22-Feb-2024,19900,PE,0,0,0,13.45,2.7,0,0,0,0,24-JAN-2024,
OPTIDX,NIFTY,22-Feb-2024,19950,PE,0,0,0,15.45,3.35,0,0,0,0,24-JAN-2024,
OPTIDX,NIFTY,22-Feb-2024,20000,PE,0,0,0,17.7,4.1,0,0,0,0,24-JAN-2024,
OPTIDX,NIFTY,22-Feb-2024,20050,PE,0,0,0,20.2,4.95,0,0,0,0,24-JAN-2024,
OPTIDX,NIFTY,22-Feb-2024,20100,PE,0,0,0,23,6.05,0,0,0,0,24-JAN-2024,
OPTIDX,NIFTY,22-Feb-2024,20150,PE,0,0,0,26.1,7.3,0,0,0,0,24-JAN-2024,
OPTIDX,NIFTY,22-Feb-2024,20200,PE,0,0,0,29.55,8.8,0,0,0,0,24-JAN-2024,
OPTIDX,NIFTY,22-Feb-2024,20250,PE,0,0,0,33.4,10.5,0,0,0,0,24-JAN-2024,
OPTIDX,NIFTY,22-Feb-2024,20300,PE,0,0,0,37.65,12.55,0,0,0,0,24-JAN-2024,
OPTIDX,NIFTY,22-Feb-2024,20350,PE,0,0,0,42.3,14.85,0,0,0,0,24-JAN-2024,
OPTIDX,NIFTY,22-Feb-2024,20400,PE,0,0,0,47.45,17.6,0,0,0,0,24-JAN-2024,
OPTIDX,NIFTY,22-Feb-2024,20450,PE,0,0,0,53.05,20.7,0,0,0,0,24-JAN-2024,
OPTIDX,NIFTY,22-Feb-2024,20500,PE,0,0,0,59.2,24.25,0,0,0,0,24-JAN-2024,
OPTIDX,NIFTY,22-Feb-2024,20550,PE,0,0,0,65.85,28.3,0,0,0,0,24-JAN-2024,
OPTIDX,NIFTY,22-Feb-2024,20600,PE,0,0,0,73.15,32.9,0,0,0,0,24-JAN-2024,
OPTIDX,NIFTY,22-Feb-2024,20650,PE,0,0,0,81.05,38.1,0,0,0,0,24-JAN-2024,
OPTIDX,NIFTY,22-Feb-2024,20700,PE,0,0,0,89.6,43.95,0,0,0,0,24-JAN-2024,
OPTIDX,NIFTY,22-Feb-2024,20750,PE,0,0,0,98.85,50.5,0,0,0,0,24-JAN-2024,
OPTIDX,NIFTY,22-Feb-2024,20800,PE,99.6,154.75,99.6,115,115,17,177.91,450,400,24-JAN-2024,
OPTIDX,NIFTY,22-Feb-2024,20850,PE,0,0,0,119.45,65.9,0,0,0,0,24-JAN-2024,
OPTIDX,NIFTY,22-Feb-2024,20900,PE,0,0,0,130.9,74.85,0,0,0,0,24-JAN-2024,
OPTIDX,NIFTY,22-Feb-2024,20950,PE,0,0,0,144,84.75,0,0,0,0,24-JAN-2024,
OPTIDX,NIFTY,22-Feb-2024,21000,PE,235.7,251.5,135.7,143.95,143.95,661,7004.91,6650,-950,24-JAN-2024,
OPTIDX,NIFTY,22-Feb-2024,21050,PE,208.65,208.65,189.15,189.15,107.5,10,106.23,2350,-500,24-JAN-2024,
OPTIDX,NIFTY,22-Feb-2024,21100,PE,0,0,0,184.9,120.45,0,0,0,0,24-JAN-2024,
OPTIDX,NIFTY,22-Feb-2024,21150,PE,0,0,0,200.65,134.5,0,0,0,0,24-JAN-2024,
OPTIDX,NIFTY,22-Feb-2024,21200,PE,303.75,330.3,184.6,194.55,194.55,233,2499.26,3450,3450,24-JAN-2024,
OPTIDX,NIFTY,22-Feb-2024,21250,PE,263.85,300.5,237.2,237.2,166.1,7,75.28,50,50,24-JAN-2024,
OPTIDX,NIFTY,22-Feb-2024,21300,PE,307.75,328,207,225.55,225.55,77,831.01,2000,1650,24-JAN-2024,
OPTIDX,NIFTY,22-Feb-2024,21350,PE,384.35,418,248,248,202.6,47,508.95,1600,1600,24-JAN-2024,
OPTIDX,NIFTY,22-Feb-2024,21400,PE,406.15,422.55,236.1,244.3,244.3,443,4802.73,22350,10400,24-JAN-2024,
OPTIDX,NIFTY,22-Feb-2024,21450,PE,359.05,359.45,288,288,244.2,17,185.23,650,600,24-JAN-2024,
OPTIDX,NIFTY,22-Feb-2024,21500,PE,458.45,464.8,278.6,307.7,307.7,296,3239.2,6750,4000,24-JAN-2024,
OPTIDX,NIFTY,22-Feb-2024,21550,PE,429.2,453.55,429.2,434.85,291,30,329.79,0,0,24-JAN-2024,
OPTIDX,NIFTY,22-Feb-2024,21600,PE,513.45,517.75,322.65,332.95,332.95,37,407.25,1350,300,24-JAN-2024,
OPTIDX,NIFTY,22-Feb-2024,21650,PE,0,0,0,410.95,343.05,0,0,0,0,24-JAN-2024,
OPTIDX,NIFTY,22-Feb-2024,21700,PE,562.45,581.9,401.75,410.95,410.95,16,177.86,500,500,24-JAN-2024,
OPTIDX,NIFTY,22-Feb-2024,21750,PE,0,0,0,464.95,400.25,0,0,0,0,24-JAN-2024,
OPTIDX,NIFTY,22-Feb-2024,21800,PE,0,0,0,493.4,430.75,0,0,0,0,24-JAN-2024,
OPTIDX,NIFTY,22-Feb-2024,21850,PE,0,0,0,522.85,462.45,0,0,0,0,24-JAN-2024,
OPTIDX,NIFTY,22-Feb-2024,21900,PE,0,0,0,553.25,495.4,0,0,0,0,24-JAN-2024,
OPTIDX,NIFTY,22-Feb-2024,21950,PE,0,0,0,584.6,529.45,0,0,0,0,24-JAN-2024,
OPTIDX,NIFTY,22-Feb-2024,22000,PE,0,0,0,616.85,564.7,0,0,0,0,24-JAN-2024,
OPTIDX,NIFTY,22-Feb-2024,22050,PE,0,0,0,650.05,601,0,0,0,0,24-JAN-2024,
OPTIDX,NIFTY,22-Feb-2024,22100,PE,0,0,0,684.1,638.35,0,0,0,0,24-JAN-2024,
OPTIDX,NIFTY,22-Feb-2024,22150,PE,0,0,0,719,676.65,0,0,0,0,24-JAN-2024,
OPTIDX,NIFTY,22-Feb-2024,22200,PE,0,0,0,754.7,715.95,0,0,0,0,24-JAN-2024,
OPTIDX,NIFTY,22-Feb-2024,22250,PE,0,0,0,791.3,756.1,0,0,0,0,24-JAN-2024,
OPTIDX,NIFTY,22-Feb-2024,22300,PE,0,0,0,829.65,797.15,0,0,0,0,24-JAN-2024,
OPTIDX,NIFTY,22-Feb-2024,22350,PE,0,0,0,866.9,838.95,0,0,0,0,24-JAN-2024,
OPTIDX,NIFTY,22-Feb-2024,22400,PE,0,0,0,905.7,881.5,0,0,0,0,24-JAN-2024,
OPTIDX,NIFTY,22-Feb-2024,22450,PE,0,0,0,945.25,924.75,0,0,0,0,24-JAN-2024,
OPTIDX,NIFTY,22-Feb-2024,22500,PE,0,0,0,985.45,968.65,0,0,0,0,24-JAN-2024,
OPTIDX,NIFTY,22-Feb-2024,22550,PE,0,0,0,1026.25,1013.15,0,0,0,0,24-JAN-2024,
OPTIDX,NIFTY,22-Feb-2024,22600,PE,0,0,0,1067.7,1058.2,0,0,0,0,24-JAN-2024,
OPTIDX,NIFTY,22-Feb-2024,22650,PE,0,0,0,1109.7,1103.75,0,0,0,0,24-JAN-2024,
OPTIDX,NIFTY,22-Feb-2024,22700,PE,0,0,0,1152.3,1149.75,0,0,0,0,24-JAN-2024,
OPTIDX,NIFTY,22-Feb-2024,22750,PE,0,0,0,1195.4,1196.2,0,0,0,0,24-JAN-2024,
OPTIDX,NIFTY,22-Feb-2024,22800,PE,0,0,0,1238.95,1243,0,0,0,0,24-JAN-2024,
OPTIDX,NIFTY,22-Feb-2024,22850,PE,0,0,0,1283,1290.15,0,0,0,0,24-JAN-2024,
OPTIDX,NIFTY,22-Feb-2024,22900,PE,0,0,0,1327.5,1337.6,0,0,0,0,24-JAN-2024,
OPTIDX,NIFTY,22-Feb-2024,22950,PE,0,0,0,1372.4,1385.35,0,0,0,0,24-JAN-2024,
OPTIDX,NIFTY,22-Feb-2024,23000,PE,0,0,0,1417.7,1433.35,0,0,0,0,24-JAN-2024,
OPTIDX,NIFTY,22-Feb-2024,23050,PE,0,0,0,1463.35,1481.6,0,0,0,0,24-JAN-2024,
OPTIDX,NIFTY,22-Feb-2024,23100,PE,0,0,0,1509.35,1530,0,0,0,0,24-JAN-2024,
OPTIDX,NIFTY,22-Feb-2024,23150,PE,0,0,0,1555.65,1578.6,0,0,0,0,24-JAN-2024,
OPTIDX,NIFTY,22-Feb-2024,23200,PE,0,0,0,1602.25,1627.4,0,0,0,0,24-JAN-2024,
OPTIDX,NIFTY,22-Feb-2024,23250,PE,0,0,0,1649.15,1676.25,0,0,0,0,24-JAN-2024,
OPTIDX,NIFTY,22-Feb-2024,23300,PE,0,0,0,1696.25,1725.3,0,0,0,0,24-JAN-2024,
OPTIDX,NIFTY,22-Feb-2024,23350,PE,0,0,0,1743.65,1774.4,0,0,0,0,24-JAN-2024,
OPTIDX,NIFTY,29-Feb-2024,18650,CE,2716.05,2908,2700,2894.05,2894.05,35,375.3,1650,1400,24-JAN-2024,
OPTIDX,NIFTY,29-Feb-2024,18700,CE,2656.85,2900,2593.75,2870.8,2870.8,692,7423.53,41100,27750,24-JAN-2024,
OPTIDX,NIFTY,29-Feb-2024,18750,CE,2674.95,2739.95,2674.95,2739.95,2828.4,3,32.18,200,150,24-JAN-2024,
OPTIDX,NIFTY,29-Feb-2024,18800,CE,2599,2754,2535.15,2700,2778.75,47,503.49,9150,2250,24-JAN-2024,
OPTIDX,NIFTY,29-Feb-2024,18850,CE,0,0,0,1710.25,2729.1,0,0,0,0,24-JAN-2024,
OPTIDX,NIFTY,29-Feb-2024,18900,CE,0,0,0,2510,2679.45,0,0,2150,0,24-JAN-2024,
OPTIDX,NIFTY,29-Feb-2024,18950,CE,2410,2410,2410,2410,2629.8,4,42.72,200,200,24-JAN-2024,
OPTIDX,NIFTY,29-Feb-2024,19000,CE,2305.45,2617.75,2285,2593.15,2593.15,3683,39554.37,406550,157200,24-JAN-2024,
OPTIDX,NIFTY,29-Feb-2024,19050,CE,0,0,0,2476.45,2530.5,0,0,100,0,24-JAN-2024,
OPTIDX,NIFTY,29-Feb-2024,19100,CE,2245.65,2252.5,2245.65,2252.5,2480.85,4,42.69,1550,200,24-JAN-2024,
OPTIDX,NIFTY,29-Feb-2024,19150,CE,0,0,0,2340,2431.25,0,0,200,0,24-JAN-2024,
OPTIDX,NIFTY,29-Feb-2024,19200,CE,2300.2,2385,2199.95,2385,2381.65,24,258.01,2900,1000,24-JAN-2024,
OPTIDX,NIFTY,29-Feb-2024,19250,CE,2150,2358,2150,2358,2358,2,21.5,100,100,24-JAN-2024,
OPTIDX,NIFTY,29-Feb-2024,19300,CE,2120,2252.55,2120,2229,2282.5,28,300.46,3200,1400,24-JAN-2024,
OPTIDX,NIFTY,29-Feb-2024,19350,CE,2245,2245,2245,2245,2232.95,1,10.79,9150,-50,24-JAN-2024,
OPTIDX,NIFTY,29-Feb-2024,19400,CE,2130.9,2130.9,2014,2040,2183.4,9,96.55,5900,350,24-JAN-2024,
OPTIDX,NIFTY,29-Feb-2024,19450,CE,0,0,0,1231.75,2133.9,0,0,0,0,24-JAN-2024,
OPTIDX,NIFTY,29-Feb-2024,19500,CE,1844.4,2128.9,1811.6,2105.5,2105.5,611,6560.92,95800,16500,24-JAN-2024,
OPTIDX,NIFTY,29-Feb-2024,19550,CE,0,0,0,1159.6,2035.05,0,0,0,0,24-JAN-2024,
OPTIDX,NIFTY,29-Feb-2024,19600,CE,1917.35,1940,1868,1868,1985.7,14,150.48,6200,500,24-JAN-2024,
OPTIDX,NIFTY,29-Feb-2024,19650,CE,1841.6,1878.4,1835.4,1835.5,1936.4,4,42.99,200,200,24-JAN-2024,
OPTIDX,NIFTY,29-Feb-2024,19700,CE,1651.35,1877.2,1651.35,1875,1875,84,900.73,17100,3850,24-JAN-2024,
OPTIDX,NIFTY,29-Feb-2024,19750,CE,0,0,0,1020.15,1838.1,0,0,0,0,24-JAN-2024,
OPTIDX,NIFTY,29-Feb-2024,19800,CE,1765,1820.1,1583.35,1820.1,1820.1,65,698.83,9850,3150,24-JAN-2024,
OPTIDX,NIFTY,29-Feb-2024,19850,CE,0,0,0,1929.75,1740.1,0,0,100,0,24-JAN-2024,
OPTIDX,NIFTY,29-Feb-2024,19900,CE,1448,1698.45,1448,1695,1691.35,94,1008.15,10100,3400,24-JAN-2024,
OPTIDX,NIFTY,29-Feb-2024,19950,CE,1497.25,1515.1,1497.25,1515.1,1642.7,4,42.91,350,100,24-JAN-2024,
OPTIDX,NIFTY,29-Feb-2024,20000,CE,1400,1665,1358.05,1644.05,1644.05,5233,56358.1,641650,71650,24-JAN-2024,
OPTIDX,NIFTY,29-Feb-2024,20050,CE,0,0,0,750,1545.95,0,0,0,0,24-JAN-2024,
OPTIDX,NIFTY,29-Feb-2024,20100,CE,1401.75,1567.8,1335.75,1567.8,1567.8,69,743.44,7800,2300,24-JAN-2024,
OPTIDX,NIFTY,29-Feb-2024,20150,CE,0,0,0,1300,1450.05,0,0,100,0,24-JAN-2024,
OPTIDX,NIFTY,29-Feb-2024,20200,CE,1186.2,1462.15,1186.2,1448.35,1448.35,165,1778.58,22000,3550,24-JAN-2024,
OPTIDX,NIFTY,29-Feb-2024,20250,CE,0,0,0,1530,1355.25,0,0,400,0,24-JAN-2024,
OPTIDX,NIFTY,29-Feb-2024,20300,CE,1123.2,1375,1122.95,1367.65,1367.65,72,775.43,12750,1900,24-JAN-2024,
OPTIDX,NIFTY,29-Feb-2024,20350,CE,0,0,0,1125,1261.8,0,0,100,0,24-JAN-2024,
OPTIDX,NIFTY,29-Feb-2024,20400,CE,1042.6,1294.25,1042.6,1284.2,1284.2,680,7354.92,36850,27500,24-JAN-2024,
OPTIDX,NIFTY,29-Feb-2024,20450,CE,1040.95,1040.95,1040.95,1040.95,1169.95,1,10.74,200,50,24-JAN-2024,
OPTIDX,NIFTY,29-Feb-2024,20500,CE,971.05,1202.8,928.95,1195.1,1195.1,5625,60746.96,315700,82250,24-JAN-2024,
OPTIDX,NIFTY,29-Feb-2024,20550,CE,1067.5,1115.6,980.85,1113.25,1113.25,20,216.08,1150,250,24-JAN-2024,
OPTIDX,NIFTY,29-Feb-2024,20600,CE,885.3,1120,885.3,1108,1108,190,2051.89,18300,1700,24-JAN-2024,
OPTIDX,NIFTY,29-Feb-2024,20650,CE,1000.65,1048.8,876.65,1048.8,1048.8,9,97.14,1400,250,24-JAN-2024,
OPTIDX,NIFTY,29-Feb-2024,20700,CE,775,1037.55,775,1021.6,1021.6,845,9147.63,37800,28150,24-JAN-2024,
OPTIDX,NIFTY,29-Feb-2024,20750,CE,794.35,907.5,794.35,865,907.3,6,64.85,1450,150,24-JAN-2024,
OPTIDX,NIFTY,29-Feb-2024,20800,CE,715.7,956,700,928.2,928.2,494,5342.85,31950,7250,24-JAN-2024,
OPTIDX,NIFTY,29-Feb-2024,20850,CE,705.95,906.3,670,886.65,886.65,187,2021.37,4950,2200,24-JAN-2024,
OPTIDX,NIFTY,29-Feb-2024,20900,CE,662.05,870,635,851,851,903,9771.39,32350,5250,24-JAN-2024,
OPTIDX,NIFTY,29-Feb-2024,20950,CE,637.95,831.65,601.9,810.5,810.5,340,3684.67,4650,3100,24-JAN-2024,
OPTIDX,NIFTY,29-Feb-2024,21000,CE,579.9,800,563,781.65,781.65,12255,132866.23,516900,36050,24-JAN-2024,
OPTIDX,NIFTY,29-Feb-2024,21050,CE,572.95,753.85,549.55,739.05,739.05,396,4297.49,10000,2050,24-JAN-2024,
OPTIDX,NIFTY,29-Feb-2024,21100,CE,541.95,725,502.95,705.25,705.25,4769,51756.88,63750,32050,24-JAN-2024,
OPTIDX,NIFTY,29-Feb-2024,21150,CE,506.15,682,475.5,663.1,663.1,1520,16517.66,7900,-150,24-JAN-2024,
OPTIDX,NIFTY,29-Feb-2024,21200,CE,470,655,444.6,636.35,636.35,12640,137468.86,155500,49000,24-JAN-2024,
OPTIDX,NIFTY,29-Feb-2024,21250,CE,458.55,619.15,419.05,603.55,603.55,2361,25700.69,19050,3850,24-JAN-2024,
OPTIDX,NIFTY,29-Feb-2024,21300,CE,355,589.55,341,567.8,567.8,27558,300528.89,279450,154700,24-JAN-2024,
OPTIDX,NIFTY,29-Feb-2024,21350,CE,400,550.65,362.65,540.45,540.45,1878,20493.53,19200,-7400,24-JAN-2024,
OPTIDX,NIFTY,29-Feb-2024,21400,CE,375.45,522,337.5,503.85,503.85,19874,217074.81,238000,81100,24-JAN-2024,
OPTIDX,NIFTY,29-Feb-2024,21450,CE,344,486.5,313.55,474.95,474.95,2771,30309.91,36750,8550,24-JAN-2024,
OPTIDX,NIFTY,29-Feb-2024,21500,CE,324.95,459.9,292.7,440.4,440.4,68946,754888.96,1532800,524350,24-JAN-2024,
OPTIDX,NIFTY,29-Feb-2024,21550,CE,287.05,430.1,276.25,415.15,415.15,1945,21310.53,25800,4550,24-JAN-2024,
OPTIDX,NIFTY,29-Feb-2024,21600,CE,279.8,404.5,250,388,388,14884,163309.77,421050,41550,24-JAN-2024,
OPTIDX,NIFTY,29-Feb-2024,21650,CE,240,375,240,363.5,363.5,1319,14484.86,35200,-700,24-JAN-2024,
OPTIDX,NIFTY,29-Feb-2024,21700,CE,230,350.65,212.9,337.85,337.85,18864,207464.63,500500,22300,24-JAN-2024,
OPTIDX,NIFTY,29-Feb-2024,21750,CE,224.95,322,192.8,312.6,312.6,1836,20215.54,30550,3850,24-JAN-2024,
OPTIDX,NIFTY,29-Feb-2024,21800,CE,202,300.85,180,289.25,289.25,15079,166250.29,496050,-14850,24-JAN-2024,
OPTIDX,NIFTY,29-Feb-2024,21850,CE,187,276,164.85,267.9,267.9,924,10196.62,37450,3900,24-JAN-2024,
OPTIDX,NIFTY,29-Feb-2024,21900,CE,176,256.25,152.2,246.3,246.3,9373,103638.7,288450,17000,24-JAN-2024,
OPTIDX,NIFTY,29-Feb-2024,21950,CE,155.45,232.55,139.8,224.45,224.45,908,10055.36,23350,2700,24-JAN-2024,
OPTIDX,NIFTY,29-Feb-2024,22000,CE,148.05,217.05,127.85,210.75,210.75,50144,556155.38,1717950,100750,24-JAN-2024,
OPTIDX,NIFTY,29-Feb-2024,22050,CE,132.95,197.2,117.65,190.65,190.65,1278,14192.89,31000,5700,24-JAN-2024,
OPTIDX,NIFTY,29-Feb-2024,22100,CE,122.05,180.15,106.35,174.3,174.3,6521,72543.52,223450,41650,24-JAN-2024,
OPTIDX,NIFTY,29-Feb-2024,22150,CE,112,165,99.95,160.95,160.95,1292,14399.5,19350,2000,24-JAN-2024,
OPTIDX,NIFTY,29-Feb-2024,22200,CE,100,150.15,89.25,145.3,145.3,10295,114921.94,310050,45000,24-JAN-2024,
OPTIDX,NIFTY,29-Feb-2024,22250,CE,93.7,136.7,84,132.35,132.35,1945,21751.93,34500,7600,24-JAN-2024,
OPTIDX,NIFTY,29-Feb-2024,22300,CE,86,124.85,74.65,119.55,119.55,7203,80689.67,290100,42100,24-JAN-2024,
OPTIDX,NIFTY,29-Feb-2024,22350,CE,79.35,113.35,68.9,109.2,109.2,1349,15141.01,23750,10900,24-JAN-2024,
OPTIDX,NIFTY,29-Feb-2024,22400,CE,72.4,103.5,63.1,99,99,9597,107903.28,240600,41500,24-JAN-2024,
OPTIDX,NIFTY,29-Feb-2024,22450,CE,65,93.35,58.05,90.2,90.2,751,8459.75,18100,-3600,24-JAN-2024,
OPTIDX,NIFTY,29-Feb-2024,22500,CE,62.05,87.5,53.5,83.3,83.3,30340,342459.7,1065300,-20600,24-JAN-2024,
OPTIDX,NIFTY,29-Feb-2024,22550,CE,55.85,79.5,50.85,75.2,75.2,1375,15550.26,18350,-8250,24-JAN-2024,
OPTIDX,NIFTY,29-Feb-2024,22600,CE,52.15,72.25,45.05,68,68,8999,101965.56,256150,-24800,24-JAN-2024,
OPTIDX,NIFTY,29-Feb-2024,22650,CE,51.1,66.75,42.6,62.9,62.9,1441,16360.18,15100,-13900,24-JAN-2024,
OPTIDX,NIFTY,29-Feb-2024,22700,CE,45,61.6,39.35,57.3,57.3,4980,56653.35,204550,-3200,24-JAN-2024,
OPTIDX,NIFTY,29-Feb-2024,22750,CE,40.45,56.3,37,52.25,52.25,1347,15354.05,32250,-3250,24-JAN-2024,
OPTIDX,NIFTY,29-Feb-2024,22800,CE,40,52.35,33.6,48.35,48.35,8343,95298.47,218300,-20050,24-JAN-2024,
OPTIDX,NIFTY,29-Feb-2024,22850,CE,35.65,47.65,31.5,44.3,44.3,757,8664.58,46650,2600,24-JAN-2024,
OPTIDX,NIFTY,29-Feb-2024,22900,CE,34,44.4,28.4,41.2,41.2,2821,32354.87,126650,8600,24-JAN-2024,
OPTIDX,NIFTY,29-Feb-2024,22950,CE,30.3,41,28.6,38.3,38.3,477,5482.29,22600,2050,24-JAN-2024,
OPTIDX,NIFTY,29-Feb-2024,23000,CE,31.5,39.75,26.2,37,37,26442,304535.68,2639850,306550,24-JAN-2024,
OPTIDX,NIFTY,29-Feb-2024,23050,CE,27.25,34.6,24.5,32.8,32.8,328,3785.07,12200,1200,24-JAN-2024,
OPTIDX,NIFTY,29-Feb-2024,23100,CE,25.15,32.45,22.05,30.65,30.65,2006,23197.91,81800,11600,24-JAN-2024,
OPTIDX,NIFTY,29-Feb-2024,23150,CE,23.2,29.25,22.3,28.4,28.4,236,2734.83,12200,2000,24-JAN-2024,
OPTIDX,NIFTY,29-Feb-2024,23200,CE,22.4,28.05,19.5,27.05,27.05,2051,23817.02,189400,1850,24-JAN-2024,
OPTIDX,NIFTY,29-Feb-2024,23250,CE,21.3,27.1,18.95,25.55,25.55,384,4468.42,11950,2000,24-JAN-2024,
OPTIDX,NIFTY,29-Feb-2024,23300,CE,20.05,23,16.2,22.35,22.35,2341,27296.43,156450,-3650,24-JAN-2024,
OPTIDX,NIFTY,29-Feb-2024,23350,CE,17.8,35,15.2,21.85,21.85,860,10049.86,16200,9250,24-JAN-2024,
OPTIDX,NIFTY,29-Feb-2024,23400,CE,15.55,19.8,13.15,19.45,19.45,1556,18218.78,126250,-2900,24-JAN-2024,
OPTIDX,NIFTY,29-Feb-2024,23450,CE,15.05,18.45,13.7,17.65,17.65,102,1196.8,16800,1200,24-JAN-2024,
OPTIDX,NIFTY,29-Feb-2024,23500,CE,14.55,18.3,12.65,17.45,17.45,6402,75275.46,560100,22150,24-JAN-2024,
OPTIDX,NIFTY,29-Feb-2024,23550,CE,14.05,16.65,12.75,16.05,16.05,150,1767.4,9300,0,24-JAN-2024,
OPTIDX,NIFTY,29-Feb-2024,23600,CE,11.65,15.8,10.45,14.5,14.5,2483,29316.36,224550,1500,24-JAN-2024,
OPTIDX,NIFTY,29-Feb-2024,23650,CE,11.65,14.1,11.05,13.4,3.05,55,650.71,9500,-750,24-JAN-2024,
OPTIDX,NIFTY,29-Feb-2024,23700,CE,11.4,14,9.95,12.95,12.95,1285,15235.09,64850,21500,24-JAN-2024,
OPTIDX,NIFTY,29-Feb-2024,23750,CE,11.15,13.55,10.25,13.1,13.1,125,1485.15,6700,0,24-JAN-2024,
OPTIDX,NIFTY,29-Feb-2024,23800,CE,11.7,13.2,8.3,11.95,11.95,928,11048.28,81200,-50,24-JAN-2024,
OPTIDX,NIFTY,29-Feb-2024,23850,CE,11.8,16,9.1,12.55,12.55,297,3543.49,32600,5750,24-JAN-2024,
OPTIDX,NIFTY,29-Feb-2024,18650,PE,3.05,3.05,3.05,3.05,3.05,2,18.65,1200,100,24-JAN-2024,
OPTIDX,NIFTY,29-Feb-2024,18700,PE,3.05,3.05,3.05,3.05,3.05,1,9.35,800,50,24-JAN-2024,
OPTIDX,NIFTY,29-Feb-2024,18750,PE,0,0,0,77,0.05,0,0,0,0,24-JAN-2024,
OPTIDX,NIFTY,29-Feb-2024,18800,PE,10.8,10.8,6.05,6.15,6.15,131,1231.92,3700,3650,24-JAN-2024,
OPTIDX,NIFTY,29-Feb-2024,18850,PE,0,0,0,89.45,0.05,0,0,0,0,24-JAN-2024,
OPTIDX,NIFTY,29-Feb-2024,18900,PE,0,0,0,6.45,0.05,0,0,1150,0,24-JAN-2024,
OPTIDX,NIFTY,29-Feb-2024,18950,PE,0,0,0,103.4,0.1,0,0,0,0,24-JAN-2024,
OPTIDX,NIFTY,29-Feb-2024,19000,PE,10.2,11.85,6.2,6.85,6.85,8638,82098.88,879850,92300,24-JAN-2024,
OPTIDX,NIFTY,29-Feb-2024,19050,PE,0,0,0,119.05,0.15,0,0,0,0,24-JAN-2024,
OPTIDX,NIFTY,29-Feb-2024,19100,PE,0,0,0,127.5,0.2,0,0,0,0,24-JAN-2024,
OPTIDX,NIFTY,29-Feb-2024,19150,PE,0,0,0,136.4,0.25,0,0,0,0,24-JAN-2024,
OPTIDX,NIFTY,29-Feb-2024,19200,PE,10.5,10.5,9.65,10.15,10.15,13,124.86,2400,250,24-JAN-2024,
OPTIDX,NIFTY,29-Feb-2024,19250,PE,12.2,12.2,11.45,12,12,24,231.14,1200,1200,24-JAN-2024,
OPTIDX,NIFTY,29-Feb-2024,19300,PE,17.45,19.6,9.3,11,11,2324,22443.13,58900,14000,24-JAN-2024,
OPTIDX,NIFTY,29-Feb-2024,19350,PE,15.15,16.15,11.55,11.9,11.9,87,842.37,1800,1800,24-JAN-2024,
OPTIDX,NIFTY,29-Feb-2024,19400,PE,21.8,24.05,11.35,12.45,12.45,747,7252.23,12900,-1450,24-JAN-2024,
OPTIDX,NIFTY,29-Feb-2024,19450,PE,24.75,27.4,12.25,13.45,13.45,261,2540.73,5450,-150,24-JAN-2024,
OPTIDX,NIFTY,29-Feb-2024,19500,PE,24.95,28,13.05,14.9,14.9,9631,93997.23,768000,50350,24-JAN-2024,
OPTIDX,NIFTY,29-Feb-2024,19550,PE,23.35,26.2,14.6,15.25,15.25,209,2045.38,2950,250,24-JAN-2024,
OPTIDX,NIFTY,29-Feb-2024,19600,PE,29.7,32.9,15,16.5,16.5,2225,21830.58,45600,5550,24-JAN-2024,
OPTIDX,NIFTY,29-Feb-2024,19650,PE,31.7,34.6,15.9,19,19,516,5075.95,7850,1050,24-JAN-2024,
OPTIDX,NIFTY,29-Feb-2024,19700,PE,35.9,39.05,16.85,20.25,20.25,4917,48500.19,146850,42800,24-JAN-2024,
OPTIDX,NIFTY,29-Feb-2024,19750,PE,38.4,40.75,18.75,23.3,23.3,270,2670.07,15100,0,24-JAN-2024,
OPTIDX,NIFTY,29-Feb-2024,19800,PE,41.25,45.8,20.45,23.8,23.8,5575,55281.36,326900,1450,24-JAN-2024,
OPTIDX,NIFTY,29-Feb-2024,19850,PE,44.45,49.8,22.65,26.35,26.35,391,3887.36,10600,1150,24-JAN-2024,
OPTIDX,NIFTY,29-Feb-2024,19900,PE,47.25,53.4,25,28.8,28.8,6405,63850.51,316300,600,24-JAN-2024,
OPTIDX,NIFTY,29-Feb-2024,19950,PE,54.2,56.65,27.35,31.4,31.4,302,3018.37,14300,1600,24-JAN-2024,
OPTIDX,NIFTY,29-Feb-2024,20000,PE,60,65,30.45,34.6,34.6,37714,378013.33,1790500,172400,24-JAN-2024,
OPTIDX,NIFTY,29-Feb-2024,20050,PE,64.85,64.85,32.95,36.7,36.7,630,6330.66,11050,1550,24-JAN-2024,
OPTIDX,NIFTY,29-Feb-2024,20100,PE,69.45,73.25,35.2,40.2,40.2,6314,63619.39,372300,43600,24-JAN-2024,
OPTIDX,NIFTY,29-Feb-2024,20150,PE,75.6,77.45,38.75,44.9,44.9,622,6284.98,13400,450,24-JAN-2024,
OPTIDX,NIFTY,29-Feb-2024,20200,PE,79,85.35,42.45,46.85,46.85,15120,153186.58,554400,108000,24-JAN-2024,
OPTIDX,NIFTY,29-Feb-2024,20250,PE,87.05,87.05,45.9,52.1,52.1,564,5729.35,14550,3950,24-JAN-2024,
OPTIDX,NIFTY,29-Feb-2024,20300,PE,92,99.3,49.75,54.75,54.75,11151,113615.59,452900,13200,24-JAN-2024,
OPTIDX,NIFTY,29-Feb-2024,20350,PE,100.85,108.1,53.85,61.5,61.5,919,9387.16,25550,9700,24-JAN-2024,
OPTIDX,NIFTY,29-Feb-2024,20400,PE,108.05,115.8,58.25,62.85,62.85,7051,72218.95,402100,-21100,24-JAN-2024,
OPTIDX,NIFTY,29-Feb-2024,20450,PE,109.95,122.25,63.55,67.7,67.7,667,6848.37,17950,1650,24-JAN-2024,
OPTIDX,NIFTY,29-Feb-2024,20500,PE,122.05,136.15,69,76.65,76.65,40242,414465.84,1703300,-31400,24-JAN-2024,
OPTIDX,NIFTY,29-Feb-2024,20550,PE,133.5,143.95,74.4,80.25,80.25,1118,11546.54,13050,50,24-JAN-2024,
OPTIDX,NIFTY,29-Feb-2024,20600,PE,145,154.25,80,88.1,88.1,8812,91260.85,270750,150,24-JAN-2024,
OPTIDX,NIFTY,29-Feb-2024,20650,PE,158.8,167.35,87,90.65,90.65,2183,22675.73,66950,53250,24-JAN-2024,
OPTIDX,NIFTY,29-Feb-2024,20700,PE,166.7,179.2,93.7,100.75,100.75,13696,142655.25,333600,31100,24-JAN-2024,
OPTIDX,NIFTY,29-Feb-2024,20750,PE,183.45,192.25,101.25,109,109,1929,20152.6,50350,21150,24-JAN-2024,
OPTIDX,NIFTY,29-Feb-2024,20800,PE,188.55,204.75,109.25,118.65,118.65,15183,159059.02,446950,14600,24-JAN-2024,
OPTIDX,NIFTY,29-Feb-2024,20850,PE,220.05,220.05,118.8,131.65,131.65,836,8782.43,30800,6000,24-JAN-2024,
OPTIDX,NIFTY,29-Feb-2024,20900,PE,218.05,236.5,129,139.95,139.95,11201,118063.38,307750,33050,24-JAN-2024,
OPTIDX,NIFTY,29-Feb-2024,20950,PE,230.85,244.55,140.15,146.85,146.85,1986,20984.12,44700,23100,24-JAN-2024,
OPTIDX,NIFTY,29-Feb-2024,21000,PE,255,272,151.75,165.7,165.7,74358,788390.38,2809700,530900,24-JAN-2024,
OPTIDX,NIFTY,29-Feb-2024,21050,PE,271,274.8,163.25,170.3,170.3,689,7325.51,20500,4550,24-JAN-2024,
OPTIDX,NIFTY,29-Feb-2024,21100,PE,290,308.25,174.35,186.35,186.35,10948,116815.7,295500,11850,24-JAN-2024,
OPTIDX,NIFTY,29-Feb-2024,21150,PE,307.95,325.45,187.75,201.9,201.9,2000,21415.19,21800,2850,24-JAN-2024,
OPTIDX,NIFTY,29-Feb-2024,21200,PE,326,351.45,202.75,215.45,215.45,34543,370881.11,786850,105700,24-JAN-2024,
OPTIDX,NIFTY,29-Feb-2024,21250,PE,350,369.65,216.6,226.5,226.5,2765,29788.38,60100,11150,24-JAN-2024,
OPTIDX,NIFTY,29-Feb-2024,21300,PE,370.4,395.45,233,250.45,250.45,40926,442062.51,841950,151600,24-JAN-2024,
OPTIDX,NIFTY,29-Feb-2024,21350,PE,395.55,415,248.75,263.75,263.75,1783,19318.83,47450,13050,24-JAN-2024,
OPTIDX,NIFTY,29-Feb-2024,21400,PE,409.25,441.1,265.4,282.35,282.35,27888,303237.18,394700,92100,24-JAN-2024,
OPTIDX,NIFTY,29-Feb-2024,21450,PE,438.65,467,283.6,292.65,292.65,3780,41207.38,69450,11400,24-JAN-2024,
OPTIDX,NIFTY,29-Feb-2024,21500,PE,470,492,301.05,317.55,317.55,79344,867724.5,2138900,326650,24-JAN-2024,
OPTIDX,NIFTY,29-Feb-2024,21550,PE,503.95,512.65,323.4,334.25,334.25,1342,14736.26,26850,4700,24-JAN-2024,
OPTIDX,NIFTY,29-Feb-2024,21600,PE,511.45,549.5,345,362.65,362.65,12572,138520.63,411750,-26950,24-JAN-2024,
OPTIDX,NIFTY,29-Feb-2024,21650,PE,550.9,572.8,367.8,377.65,377.65,1044,11543.85,38500,-1450,24-JAN-2024,
OPTIDX,NIFTY,29-Feb-2024,21700,PE,574.45,612.05,391.5,410.45,410.45,11274,125105.36,497550,-63450,24-JAN-2024,
OPTIDX,NIFTY,29-Feb-2024,21750,PE,601.05,635,420.2,434.5,434.5,785,8738.48,23450,300,24-JAN-2024,
OPTIDX,NIFTY,29-Feb-2024,21800,PE,641.25,675.1,441.9,460.65,460.65,11126,124449.18,425550,1800,24-JAN-2024,
OPTIDX,NIFTY,29-Feb-2024,21850,PE,687.95,708.55,470.3,482.9,482.9,559,6267.28,52000,2400,24-JAN-2024,
OPTIDX,NIFTY,29-Feb-2024,21900,PE,695.05,745.35,497.45,511.45,511.45,2868,32280.1,193250,-12150,24-JAN-2024,
OPTIDX,NIFTY,29-Feb-2024,21950,PE,694,728.25,527.85,535.85,535.85,520,5873.71,16000,-4100,24-JAN-2024,
OPTIDX,NIFTY,29-Feb-2024,22000,PE,782,824,555.65,575.55,575.55,15397,174451.43,979450,43700,24-JAN-2024,
OPTIDX,NIFTY,29-Feb-2024,22050,PE,799,800.45,590.15,601.15,601.15,450,5115.3,13850,1850,24-JAN-2024,
OPTIDX,NIFTY,29-Feb-2024,22100,PE,855.6,898.95,625,644.6,644.6,1207,13793.88,94700,16150,24-JAN-2024,
OPTIDX,NIFTY,29-Feb-2024,22150,PE,864.9,867.75,660.35,674.75,674.75,198,2265.96,15600,-2550,24-JAN-2024,
OPTIDX,NIFTY,29-Feb-2024,22200,PE,975,983.6,693,716.45,716.45,457,5255.36,92600,1650,24-JAN-2024,
OPTIDX,NIFTY,29-Feb-2024,22250,PE,949.5,960,729.05,756.05,756.05,266,3072.02,40050,3300,24-JAN-2024,
OPTIDX,NIFTY,29-Feb-2024,22300,PE,1056.05,1057,765.5,784.05,784.05,443,5134.23,57350,-5700,24-JAN-2024,
OPTIDX,NIFTY,29-Feb-2024,22350,PE,1078.8,1078.8,805.6,834.2,834.2,167,1945,20650,-1700,24-JAN-2024,
OPTIDX,NIFTY,29-Feb-2024,22400,PE,1113.1,1113.1,842.65,871.6,871.6,1051,12291.92,107600,350,24-JAN-2024,
OPTIDX,NIFTY,29-Feb-2024,22450,PE,1176.2,1176.2,895.25,919.45,919.45,106,1241.91,20250,-3300,24-JAN-2024,
OPTIDX,NIFTY,29-Feb-2024,22500,PE,1213.6,1234.9,925,942.85,942.85,1758,20696.27,369700,-950,24-JAN-2024,
OPTIDX,NIFTY,29-Feb-2024,22550,PE,1271.55,1271.55,967.3,1003.35,1003.35,132,1556.7,10300,-3200,24-JAN-2024,
OPTIDX,NIFTY,29-Feb-2024,22600,PE,1294.85,1294.85,1002.55,1046,1046,170,2016.71,10150,-3800,24-JAN-2024,
OPTIDX,NIFTY,29-Feb-2024,22650,PE,1088.5,1101.65,1088.5,1095.6,1095.6,24,284.94,5400,-1200,24-JAN-2024,
OPTIDX,NIFTY,29-Feb-2024,22700,PE,1367.45,1367.45,1100.2,1133.25,1133.25,549,6571.8,16300,-12750,24-JAN-2024,
OPTIDX,NIFTY,29-Feb-2024,22750,PE,1415.8,1415.8,1172.6,1176.2,1176.2,63,756.36,7450,-2150,24-JAN-2024,
OPTIDX,NIFTY,29-Feb-2024,22800,PE,1512.9,1512.9,1198.6,1218.35,1218.35,172,2075.82,11750,-2400,24-JAN-2024,
OPTIDX,NIFTY,29-Feb-2024,22850,PE,1385.2,1399.2,1385.2,1399.2,1273.35,3,36.36,3400,-150,24-JAN-2024,
OPTIDX,NIFTY,29-Feb-2024,22900,PE,1449.7,1525,1365.65,1402,1319.65,83,1011.07,6500,450,24-JAN-2024,
OPTIDX,NIFTY,29-Feb-2024,22950,PE,0,0,0,1603.6,1366.25,0,0,1350,0,24-JAN-2024,
OPTIDX,NIFTY,29-Feb-2024,23000,PE,1634.05,1700,1370,1388.25,1388.25,5050,61895.79,448000,133700,24-JAN-2024,
OPTIDX,NIFTY,29-Feb-2024,23050,PE,0,0,0,1300,1460.45,0,0,900,0,24-JAN-2024,
OPTIDX,NIFTY,29-Feb-2024,23100,PE,1712.2,1712.2,1597.4,1634.95,1507.95,27,334.21,1750,-350,24-JAN-2024,
OPTIDX,NIFTY,29-Feb-2024,23150,PE,0,0,0,1054.55,1555.7,0,0,500,0,24-JAN-2024,
OPTIDX,NIFTY,29-Feb-2024,23200,PE,1710,1711.9,1604.15,1610.2,1603.65,52,646.89,4200,600,24-JAN-2024,
OPTIDX,NIFTY,29-Feb-2024,23250,PE,0,0,0,1134.7,1651.8,0,0,500,0,24-JAN-2024,
OPTIDX,NIFTY,29-Feb-2024,23300,PE,1942.05,1942.05,1636.65,1673.45,1673.45,62,778.08,5500,100,24-JAN-2024,
OPTIDX,NIFTY,29-Feb-2024,23350,PE,0,0,0,2315.5,1748.65,0,0,0,0,24-JAN-2024,
OPTIDX,NIFTY,29-Feb-2024,23400,PE,0,0,0,2361.35,1797.3,0,0,0,0,24-JAN-2024,
OPTIDX,NIFTY,29-Feb-2024,23450,PE,0,0,0,2407.4,1846.05,0,0,0,0,24-JAN-2024,
OPTIDX,NIFTY,29-Feb-2024,23500,PE,2015.7,2093.85,1836.55,1864,1864,642,8172.2,34200,24200,24-JAN-2024,
OPTIDX,NIFTY,29-Feb-2024,23550,PE,0,0,0,2500.05,1943.95,0,0,0,0,24-JAN-2024,
OPTIDX,NIFTY,29-Feb-2024,23600,PE,0,0,0,2546.6,1993,0,0,0,0,24-JAN-2024,
OPTIDX,NIFTY,29-Feb-2024,23650,PE,0,0,0,2593.3,2042.15,0,0,0,0,24-JAN-2024,
OPTIDX,NIFTY,29-Feb-2024,23700,PE,2100,2108.05,2051,2051,2051,4,51.58,200,100,24-JAN-2024,
OPTIDX,NIFTY,29-Feb-2024,23750,PE,0,0,0,2533.7,2140.65,0,0,0,0,24-JAN-2024,
OPTIDX,NIFTY,29-Feb-2024,23800,PE,2120.1,2120.1,2120.1,2120.1,2120.1,1,12.96,400,50,24-JAN-2024,
OPTIDX,NIFTY,29-Feb-2024,23850,PE,2238.6,2238.6,2163.05,2163.05,2163.05,2,26.05,100,100,24-JAN-2024,
OPTIDX,NIFTY,28-Mar-2024,14000,CE,7479.8,7589.25,7300,7581.55,7581.55,76,814.66,324200,1500,24-JAN-2024,
OPTIDX,NIFTY,28-Mar-2024,15000,CE,6588,6597,6588,6597,6597,2,21.59,24850,0,24-JAN-2024,
OPTIDX,NIFTY,28-Mar-2024,16000,CE,5794.3,5794.3,5415,5505,5642.2,10,107.53,44150,-400,24-JAN-2024,
OPTIDX,NIFTY,28-Mar-2024,17000,CE,4470,4624.3,4420,4624.3,4624.3,98,1051.42,142700,4150,24-JAN-2024,
OPTIDX,NIFTY,28-Mar-2024,18000,CE,3461.15,3700,3440,3662.5,3662.5,1415,15247.78,510100,56550,24-JAN-2024,
OPTIDX,NIFTY,28-Mar-2024,19000,CE,2451,2748.95,2451,2722,2722,166,1795.44,472800,2200,24-JAN-2024,
OPTIDX,NIFTY,28-Mar-2024,19500,CE,0,0,0,2654.35,2191.1,0,0,0,0,24-JAN-2024,
OPTIDX,NIFTY,28-Mar-2024,19550,CE,0,0,0,2607.5,2142.8,0,0,0,0,24-JAN-2024,
OPTIDX,NIFTY,28-Mar-2024,19600,CE,0,0,0,2560.8,2094.65,0,0,0,0,24-JAN-2024,
OPTIDX,NIFTY,28-Mar-2024,19650,CE,0,0,0,2514.3,2046.6,0,0,0,0,24-JAN-2024,
OPTIDX,NIFTY,28-Mar-2024,19700,CE,0,0,0,2467.95,1998.75,0,0,0,0,24-JAN-2024,
OPTIDX,NIFTY,28-Mar-2024,19750,CE,0,0,0,2421.85,1951.1,0,0,0,0,24-JAN-2024,
OPTIDX,NIFTY,28-Mar-2024,19800,CE,0,0,0,2000,1903.6,0,0,50,0,24-JAN-2024,
OPTIDX,NIFTY,28-Mar-2024,19850,CE,0,0,0,2330.25,1856.35,0,0,0,0,24-JAN-2024,
OPTIDX,NIFTY,28-Mar-2024,19900,CE,0,0,0,2284.75,1809.3,0,0,0,0,24-JAN-2024,
OPTIDX,NIFTY,28-Mar-2024,19950,CE,0,0,0,2239.55,1762.5,0,0,0,0,24-JAN-2024,
OPTIDX,NIFTY,28-Mar-2024,20000,CE,1550,1824.25,1544.95,1806.35,1806.35,580,6293.2,468650,-1650,24-JAN-2024,
OPTIDX,NIFTY,28-Mar-2024,20050,CE,0,0,0,2149.85,1669.7,0,0,0,0,24-JAN-2024,
OPTIDX,NIFTY,28-Mar-2024,20100,CE,0,0,0,2105.4,1623.8,0,0,0,0,24-JAN-2024,
OPTIDX,NIFTY,28-Mar-2024,20150,CE,0,0,0,2061.25,1578.15,0,0,0,0,24-JAN-2024,
OPTIDX,NIFTY,28-Mar-2024,20200,CE,1500,1500,1500,1500,1532.9,1,10.85,50,0,24-JAN-2024,
OPTIDX,NIFTY,28-Mar-2024,20250,CE,0,0,0,1355.8,1488,0,0,50,0,24-JAN-2024,
OPTIDX,NIFTY,28-Mar-2024,20300,CE,1340.05,1340.05,1340.05,1340.05,1443.55,1,10.82,50,50,24-JAN-2024,
OPTIDX,NIFTY,28-Mar-2024,20350,CE,1311.6,1311.6,1310.65,1310.65,1399.45,2,21.66,150,100,24-JAN-2024,
OPTIDX,NIFTY,28-Mar-2024,20400,CE,1358.85,1358.85,1309.75,1309.75,1355.85,3,32.6,200,150,24-JAN-2024,
OPTIDX,NIFTY,28-Mar-2024,20450,CE,1208.75,1208.75,1208.75,1208.75,1312.7,1,10.82,100,50,24-JAN-2024,
OPTIDX,NIFTY,28-Mar-2024,20500,CE,1170.05,1380,1130,1367.7,1367.7,514,5590.78,33500,12250,24-JAN-2024,
OPTIDX,NIFTY,28-Mar-2024,20550,CE,0,0,0,1384.55,1227.9,0,0,100,0,24-JAN-2024,
OPTIDX,NIFTY,28-Mar-2024,20600,CE,1117.55,1228.8,1117.55,1203.35,1186.3,5,54.43,2750,0,24-JAN-2024,
OPTIDX,NIFTY,28-Mar-2024,20650,CE,0,0,0,1193.85,1145.25,0,0,450,0,24-JAN-2024,
OPTIDX,NIFTY,28-Mar-2024,20700,CE,1007,1168.35,1007,1168.35,1168.35,20,217.45,650,100,24-JAN-2024,
OPTIDX,NIFTY,28-Mar-2024,20750,CE,974.95,1041.55,974.95,1041.55,1065,3,32.64,500,50,24-JAN-2024,
OPTIDX,NIFTY,28-Mar-2024,20800,CE,922.1,1118.1,922.1,1116.8,1116.8,43,468.71,900,100,24-JAN-2024,
OPTIDX,NIFTY,28-Mar-2024,20850,CE,0,0,0,889.35,987.3,0,0,100,0,24-JAN-2024,
OPTIDX,NIFTY,28-Mar-2024,20900,CE,894.8,1040.15,894.3,1029.25,1029.25,40,437.54,1200,400,24-JAN-2024,
OPTIDX,NIFTY,28-Mar-2024,20950,CE,837.9,877.7,837.9,877.7,912.3,2,21.8,100,100,24-JAN-2024,
OPTIDX,NIFTY,28-Mar-2024,21000,CE,822,995,770.4,976.2,976.2,2736,29938.61,1141800,-7050,24-JAN-2024,
OPTIDX,NIFTY,28-Mar-2024,21050,CE,789.2,889,755.9,889,840.25,19,207.84,400,350,24-JAN-2024,
OPTIDX,NIFTY,28-Mar-2024,21100,CE,711.35,917.35,708.95,895.95,895.95,177,1939.74,3900,2350,24-JAN-2024,
OPTIDX,NIFTY,28-Mar-2024,21150,CE,804.9,882.75,782,882.75,882.75,7,76.9,250,150,24-JAN-2024,
OPTIDX,NIFTY,28-Mar-2024,21200,CE,666,840.15,652.35,828.05,828.05,341,3741.41,11700,950,24-JAN-2024,
OPTIDX,NIFTY,28-Mar-2024,21250,CE,650,801.55,621.35,795.55,795.55,29,318.07,800,250,24-JAN-2024,
OPTIDX,NIFTY,28-Mar-2024,21300,CE,630,780,620.75,768.05,768.05,371,4081.2,12350,3300,24-JAN-2024,
OPTIDX,NIFTY,28-Mar-2024,21350,CE,611.5,734,611.5,734,642.95,6,66,350,50,24-JAN-2024,
OPTIDX,NIFTY,28-Mar-2024,21400,CE,538,715,529.85,699.3,699.3,390,4298.59,10150,2000,24-JAN-2024,
OPTIDX,NIFTY,28-Mar-2024,21450,CE,595,670,580,659.95,659.95,12,132.48,1950,150,24-JAN-2024,
OPTIDX,NIFTY,28-Mar-2024,21500,CE,510.05,655,480.65,641.7,641.7,3687,40709.62,184900,9050,24-JAN-2024,
OPTIDX,NIFTY,28-Mar-2024,21550,CE,425.85,617,425.85,617,528.15,9,99.28,2000,50,24-JAN-2024,
OPTIDX,NIFTY,28-Mar-2024,21600,CE,455.6,593.2,455.55,574.9,574.9,331,3661.71,40400,1400,24-JAN-2024,
OPTIDX,NIFTY,28-Mar-2024,21650,CE,441,557.95,440,548.2,548.2,11,121.71,3500,0,24-JAN-2024,
OPTIDX,NIFTY,28-Mar-2024,21700,CE,412.2,530.15,397,518.95,518.95,675,7480.42,30500,1750,24-JAN-2024,
OPTIDX,NIFTY,28-Mar-2024,21750,CE,378.55,493,368,486.7,486.7,85,942.5,4750,1550,24-JAN-2024,
OPTIDX,NIFTY,28-Mar-2024,21800,CE,374.6,479,350,462.75,462.75,551,6122.46,38450,3750,24-JAN-2024,
OPTIDX,NIFTY,28-Mar-2024,21850,CE,332.2,436.4,332.2,436.1,436.1,61,679.24,800,150,24-JAN-2024,
OPTIDX,NIFTY,28-Mar-2024,21900,CE,328.35,425,310.3,416.85,416.85,552,6148.14,57500,5850,24-JAN-2024,
OPTIDX,NIFTY,28-Mar-2024,21950,CE,300.65,405.3,291.35,395.2,395.2,25,278.64,1150,350,24-JAN-2024,
OPTIDX,NIFTY,28-Mar-2024,22000,CE,297,388.9,272.4,375.35,375.35,7228,80729.43,892250,19700,24-JAN-2024,
OPTIDX,NIFTY,28-Mar-2024,22050,CE,266.25,352.9,266.25,351.4,351.4,32,358.09,3000,100,24-JAN-2024,
OPTIDX,NIFTY,28-Mar-2024,22100,CE,240,340,234,324.45,324.45,516,5775.61,40550,-500,24-JAN-2024,
OPTIDX,NIFTY,28-Mar-2024,22150,CE,255.3,320,250,310.4,310.4,29,325.31,4250,350,24-JAN-2024,
OPTIDX,NIFTY,28-Mar-2024,22200,CE,221.95,299,215,289.8,289.8,657,7377.64,54600,7950,24-JAN-2024,
OPTIDX,NIFTY,28-Mar-2024,22250,CE,208.8,279.6,197.9,271.85,271.85,43,483.67,1800,200,24-JAN-2024,
OPTIDX,NIFTY,28-Mar-2024,22300,CE,202.45,263.4,190.3,251.9,251.9,633,7129.43,30800,1150,24-JAN-2024,
OPTIDX,NIFTY,28-Mar-2024,22350,CE,235.3,244.8,200.35,231.95,231.95,45,507.97,1800,50,24-JAN-2024,
OPTIDX,NIFTY,28-Mar-2024,22400,CE,174.6,233.65,167.9,222.9,222.9,400,4520.72,14750,2050,24-JAN-2024,
OPTIDX,NIFTY,28-Mar-2024,22450,CE,165.95,212.45,159.15,197.15,178.95,34,384.84,2100,300,24-JAN-2024,
OPTIDX,NIFTY,28-Mar-2024,22500,CE,158.2,206.35,147.7,198.6,198.6,4358,49416.8,230550,30200,24-JAN-2024,
OPTIDX,NIFTY,28-Mar-2024,22550,CE,180.6,188,152,185.5,185.5,37,420.31,2600,900,24-JAN-2024,
OPTIDX,NIFTY,28-Mar-2024,22600,CE,135.1,176.85,130,169.6,169.6,945,10751.99,24200,11000,24-JAN-2024,
OPTIDX,NIFTY,28-Mar-2024,22650,CE,168,168,132.1,144,134.35,15,170.98,2800,500,24-JAN-2024,
OPTIDX,NIFTY,28-Mar-2024,22700,CE,119.45,157.55,115.8,145.4,145.4,817,9329.41,40950,-550,24-JAN-2024,
OPTIDX,NIFTY,28-Mar-2024,22750,CE,116.1,149.55,116.1,130,115.65,16,183.1,2400,100,24-JAN-2024,
OPTIDX,NIFTY,28-Mar-2024,22800,CE,95.2,137.55,95.2,127.2,127.2,767,8788.5,21800,-5150,24-JAN-2024,
OPTIDX,NIFTY,28-Mar-2024,22850,CE,98.8,128.6,98.8,106.4,99.15,26,298.58,1950,800,24-JAN-2024,
OPTIDX,NIFTY,28-Mar-2024,22900,CE,91.4,121.2,90,110.65,110.65,855,9834.74,64800,13950,24-JAN-2024,
OPTIDX,NIFTY,28-Mar-2024,22950,CE,92.4,113.3,84.45,97.35,84.6,26,299.61,1650,300,24-JAN-2024,
OPTIDX,NIFTY,28-Mar-2024,23000,CE,87.6,111.55,80,97.95,97.95,9374,108245.66,769650,-2950,24-JAN-2024,
OPTIDX,NIFTY,28-Mar-2024,23050,CE,79.6,103.2,77.45,92.7,92.7,79,914.09,2500,250,24-JAN-2024,
OPTIDX,NIFTY,28-Mar-2024,23100,CE,70,95.85,70,84.95,84.95,225,2608.09,16150,-900,24-JAN-2024,
OPTIDX,NIFTY,28-Mar-2024,23150,CE,73.4,83.65,70,83.65,83.65,30,348.34,950,-100,24-JAN-2024,
OPTIDX,NIFTY,28-Mar-2024,23200,CE,65,83,65,75.4,75.4,106,1233.56,14500,300,24-JAN-2024,
OPTIDX,NIFTY,28-Mar-2024,23250,CE,73.75,73.75,58.05,66.3,51.2,20,233.16,1700,400,24-JAN-2024,
OPTIDX,NIFTY,28-Mar-2024,23300,CE,56.75,72.3,55,64.4,64.4,493,5758.86,21500,-2000,24-JAN-2024,
OPTIDX,NIFTY,28-Mar-2024,23350,CE,56.65,61.95,56.65,61.05,61.05,12,140.46,1250,100,24-JAN-2024,
OPTIDX,NIFTY,28-Mar-2024,23400,CE,49,61.5,47.7,56.8,56.8,205,2404.12,18050,1900,24-JAN-2024,
OPTIDX,NIFTY,28-Mar-2024,23450,CE,52.55,54,47.15,54,35.85,28,329.02,2350,500,24-JAN-2024,
OPTIDX,NIFTY,28-Mar-2024,23500,CE,42.6,55.35,35.55,49.95,49.95,1426,16789.44,100700,8800,24-JAN-2024,
OPTIDX,NIFTY,28-Mar-2024,23550,CE,46.85,46.85,42.2,42.2,29.8,19,224.16,1950,450,24-JAN-2024,
OPTIDX,NIFTY,28-Mar-2024,23600,CE,0,0,0,42.75,27.1,0,0,3900,0,24-JAN-2024,
OPTIDX,NIFTY,28-Mar-2024,23650,CE,0,0,0,37.65,24.65,0,0,2600,0,24-JAN-2024,
OPTIDX,NIFTY,28-Mar-2024,23700,CE,35.1,35.1,35.1,35.1,22.4,1,11.86,3200,50,24-JAN-2024,
OPTIDX,NIFTY,28-Mar-2024,23750,CE,0,0,0,36.95,20.3,0,0,700,0,24-JAN-2024,
OPTIDX,NIFTY,28-Mar-2024,23800,CE,33.6,36,33.6,35.95,35.95,32,381.36,4500,900,24-JAN-2024,
OPTIDX,NIFTY,28-Mar-2024,23850,CE,0,0,0,34.65,16.65,0,0,950,0,24-JAN-2024,
OPTIDX,NIFTY,28-Mar-2024,24000,CE,25.75,28.4,21.2,26.3,26.3,2496,29984.47,636750,-13850,24-JAN-2024,
OPTIDX,NIFTY,28-Mar-2024,25000,CE,12.15,14.2,12.05,13.3,13.3,1138,14232.35,341700,2500,24-JAN-2024,
OPTIDX,NIFTY,28-Mar-2024,26000,CE,9.3,10.95,8.55,10.4,10.4,202,2627.01,143450,-1850,24-JAN-2024,
OPTIDX,NIFTY,28-Mar-2024,27000,CE,3.05,3.05,3.05,3.05,0.05,5,67.5,14050,0,24-JAN-2024,
OPTIDX,NIFTY,28-Mar-2024,14000,PE,4.15,5,4,4.05,4.05,77,539.16,135450,2250,24-JAN-2024,
OPTIDX,NIFTY,28-Mar-2024,15000,PE,3.05,3.05,3.05,3.05,3.05,2,15,8200,50,24-JAN-2024,
OPTIDX,NIFTY,28-Mar-2024,16000,PE,3.05,3.05,3.05,3.05,0.05,1,8,179350,50,24-JAN-2024,
OPTIDX,NIFTY,28-Mar-2024,17000,PE,13.45,13.45,10.7,11.2,11.2,464,3946.75,338600,3450,24-JAN-2024,
OPTIDX,NIFTY,28-Mar-2024,18000,PE,16.35,17.35,14.35,15.9,15.9,2113,19033.25,872900,-4300,24-JAN-2024,
OPTIDX,NIFTY,28-Mar-2024,19000,PE,38.95,40,25.65,26.7,26.7,2203,20961.38,1333750,7700,24-JAN-2024,
OPTIDX,NIFTY,28-Mar-2024,19500,PE,52.35,53,39.2,40.5,40.5,979,9568.78,21900,21900,24-JAN-2024,
OPTIDX,NIFTY,28-Mar-2024,19550,PE,48.8,48.85,44.35,44.35,44.35,23,225.38,1150,1150,24-JAN-2024,
OPTIDX,NIFTY,28-Mar-2024,19600,PE,59.25,62.85,42,45.45,45.45,555,5455.08,4200,4200,24-JAN-2024,
OPTIDX,NIFTY,28-Mar-2024,19650,PE,54.95,60,53.05,60,11.45,28,275.87,1350,1350,24-JAN-2024,
OPTIDX,NIFTY,28-Mar-2024,19700,PE,68,69.5,46.55,49.7,49.7,799,7894.31,38400,10450,24-JAN-2024,
OPTIDX,NIFTY,28-Mar-2024,19750,PE,0,0,0,51,14.75,0,0,750,0,24-JAN-2024,
OPTIDX,NIFTY,28-Mar-2024,19800,PE,76.95,81.25,52,54.3,54.3,1250,12416.75,101650,11450,24-JAN-2024,
OPTIDX,NIFTY,28-Mar-2024,19850,PE,0,0,0,66.85,18.85,0,0,200,0,24-JAN-2024,
OPTIDX,NIFTY,28-Mar-2024,19900,PE,86,86.5,59.1,64.3,64.3,864,8629.58,106700,10050,24-JAN-2024,
OPTIDX,NIFTY,28-Mar-2024,19950,PE,0,0,0,52,23.8,0,0,0,0,24-JAN-2024,
OPTIDX,NIFTY,28-Mar-2024,20000,PE,102.95,110,66.5,74.65,74.65,8213,82499.9,2028750,1000,24-JAN-2024,
OPTIDX,NIFTY,28-Mar-2024,20050,PE,0,0,0,60.5,29.85,0,0,0,0,24-JAN-2024,
OPTIDX,NIFTY,28-Mar-2024,20100,PE,108.25,112,75.2,81.25,81.25,659,6654.58,127900,4700,24-JAN-2024,
OPTIDX,NIFTY,28-Mar-2024,20150,PE,0,0,0,72.6,37.15,0,0,3200,0,24-JAN-2024,
OPTIDX,NIFTY,28-Mar-2024,20200,PE,130,135.85,81.35,88.7,88.7,1287,13068.17,159600,-2050,24-JAN-2024,
OPTIDX,NIFTY,28-Mar-2024,20250,PE,0,0,0,51.1,45.8,0,0,100,0,24-JAN-2024,
OPTIDX,NIFTY,28-Mar-2024,20300,PE,0,0,0,86.8,50.75,0,0,0,0,24-JAN-2024,
OPTIDX,NIFTY,28-Mar-2024,20350,PE,132.8,141.65,110.2,112,112,19,194.51,4100,300,24-JAN-2024,
OPTIDX,NIFTY,28-Mar-2024,20400,PE,154.55,167.25,106.65,116.25,116.25,1010,10371.19,156500,5000,24-JAN-2024,
OPTIDX,NIFTY,28-Mar-2024,20450,PE,139,165,137.4,145,68.1,28,288.37,1950,-500,24-JAN-2024,
OPTIDX,NIFTY,28-Mar-2024,20500,PE,185,193.25,123.55,130.4,130.4,4173,43105.95,652000,15400,24-JAN-2024,
OPTIDX,NIFTY,28-Mar-2024,20550,PE,178.75,188.8,142,142,142,25,259.03,1950,-800,24-JAN-2024,
OPTIDX,NIFTY,28-Mar-2024,20600,PE,199.4,210.25,135,148.5,148.5,612,6358.16,134100,3500,24-JAN-2024,
OPTIDX,NIFTY,28-Mar-2024,20650,PE,162.3,205.45,158,159,159,10,104.12,2950,200,24-JAN-2024,
OPTIDX,NIFTY,28-Mar-2024,20700,PE,221.55,233.5,152.25,159.65,159.65,1236,12911.37,128000,2150,24-JAN-2024,
OPTIDX,NIFTY,28-Mar-2024,20750,PE,242.65,243.85,174,175.3,175.3,65,681.28,3100,1800,24-JAN-2024,
OPTIDX,NIFTY,28-Mar-2024,20800,PE,257.3,261.9,170.8,184.2,184.2,972,10214.22,115250,-450,24-JAN-2024,
OPTIDX,NIFTY,28-Mar-2024,20850,PE,268,270.95,185.3,185.65,185.65,42,442.92,1700,300,24-JAN-2024,
OPTIDX,NIFTY,28-Mar-2024,20900,PE,276.6,291.15,194.15,201.05,201.05,933,9861.22,101450,-1950,24-JAN-2024,
OPTIDX,NIFTY,28-Mar-2024,20950,PE,301.25,308.45,228.3,228.3,161.9,24,254.74,2400,50,24-JAN-2024,
OPTIDX,NIFTY,28-Mar-2024,21000,PE,320.05,328.3,215.65,232.8,232.8,12382,131699.02,1909300,12800,24-JAN-2024,
OPTIDX,NIFTY,28-Mar-2024,21050,PE,330.65,340.5,250,250,250,19,202.82,3150,250,24-JAN-2024,
OPTIDX,NIFTY,28-Mar-2024,21100,PE,342.25,360.5,245.4,255.8,255.8,578,6185.64,50400,3800,24-JAN-2024,
OPTIDX,NIFTY,28-Mar-2024,21150,PE,374.45,374.45,279.75,279.75,218.45,11,118.18,1100,-100,24-JAN-2024,
OPTIDX,NIFTY,28-Mar-2024,21200,PE,375.85,390.4,271.7,283.4,283.4,797,8581.07,34000,2250,24-JAN-2024,
OPTIDX,NIFTY,28-Mar-2024,21250,PE,404,404,290,299.95,299.95,57,615.97,1300,250,24-JAN-2024,
OPTIDX,NIFTY,28-Mar-2024,21300,PE,420,500,300,312.45,312.45,1998,21647.78,48350,6800,24-JAN-2024,
OPTIDX,NIFTY,28-Mar-2024,21350,PE,411.25,425.45,319.75,326.9,326.9,595,6467.4,20650,19150,24-JAN-2024,
OPTIDX,NIFTY,28-Mar-2024,21400,PE,451.4,477.05,335,352.65,352.65,1495,16291.53,43950,-21550,24-JAN-2024,
OPTIDX,NIFTY,28-Mar-2024,21450,PE,491.75,499.45,357.3,359.35,359.35,48,524.69,1300,100,24-JAN-2024,
OPTIDX,NIFTY,28-Mar-2024,21500,PE,520,529.25,368.05,380.45,380.45,5534,60711.33,391150,-5800,24-JAN-2024,
OPTIDX,NIFTY,28-Mar-2024,21550,PE,524.75,532.05,385.25,387.1,387.1,26,286.18,1250,250,24-JAN-2024,
OPTIDX,NIFTY,28-Mar-2024,21600,PE,494.55,573.1,409.45,417,417,534,5899.59,26000,-250,24-JAN-2024,
OPTIDX,NIFTY,28-Mar-2024,21650,PE,534.4,550,462,472.6,472.6,17,188.31,2350,50,24-JAN-2024,
OPTIDX,NIFTY,28-Mar-2024,21700,PE,625.95,631.5,448.55,471.85,471.85,2518,27979.95,29400,-2850,24-JAN-2024,
OPTIDX,NIFTY,28-Mar-2024,21750,PE,557.85,600,473.85,480.7,480.7,26,289.31,3950,-100,24-JAN-2024,
OPTIDX,NIFTY,28-Mar-2024,21800,PE,637.7,683.2,493,503.4,503.4,738,8259.98,36100,-8550,24-JAN-2024,
OPTIDX,NIFTY,28-Mar-2024,21850,PE,651,651,539.65,543.2,543.2,6,67.33,3900,100,24-JAN-2024,
OPTIDX,NIFTY,28-Mar-2024,21900,PE,610,688,542.5,548.5,548.5,87,979.21,45350,-300,24-JAN-2024,
OPTIDX,NIFTY,28-Mar-2024,21950,PE,0,0,0,738.65,577.95,0,0,2150,0,24-JAN-2024,
OPTIDX,NIFTY,28-Mar-2024,22000,PE,775,816.6,592,607.1,607.1,5654,64145.49,699000,-25100,24-JAN-2024,
OPTIDX,NIFTY,28-Mar-2024,22050,PE,728.45,728.45,728.45,728.45,638.3,1,11.38,1000,0,24-JAN-2024,
OPTIDX,NIFTY,28-Mar-2024,22100,PE,870.25,870.25,645.3,676.3,676.3,329,3758.64,16600,100,24-JAN-2024,
OPTIDX,NIFTY,28-Mar-2024,22150,PE,800,820,787.95,787.95,701.85,4,45.91,700,-50,24-JAN-2024,
OPTIDX,NIFTY,28-Mar-2024,22200,PE,943.2,943.2,707,730.1,730.1,159,1828.66,19700,-100,24-JAN-2024,
OPTIDX,NIFTY,28-Mar-2024,22250,PE,896.4,896.4,853.8,853.8,768.6,2,23.12,250,100,24-JAN-2024,
OPTIDX,NIFTY,28-Mar-2024,22300,PE,927.6,954.95,817,870.75,803.1,27,313.09,3750,50,24-JAN-2024,
OPTIDX,NIFTY,28-Mar-2024,22350,PE,990.15,990.15,904.2,904.2,838.3,5,58.23,1200,0,24-JAN-2024,
OPTIDX,NIFTY,28-Mar-2024,22400,PE,1014.55,1014.8,827.45,848.4,848.4,27,315.13,2550,-100,24-JAN-2024,
OPTIDX,NIFTY,28-Mar-2024,22450,PE,0,0,0,776.4,910.9,0,0,100,0,24-JAN-2024,
OPTIDX,NIFTY,28-Mar-2024,22500,PE,1145,1164,906.1,918.9,918.9,1186,13958.63,92850,-9550,24-JAN-2024,
OPTIDX,NIFTY,28-Mar-2024,22550,PE,0,0,0,1044.55,986.15,0,0,250,0,24-JAN-2024,
OPTIDX,NIFTY,28-Mar-2024,22600,PE,0,0,0,1088.9,1024.75,0,0,1600,0,24-JAN-2024,
OPTIDX,NIFTY,28-Mar-2024,22650,PE,1202.15,1202.15,1120.8,1127.25,1063.9,7,83.34,4000,0,24-JAN-2024,
OPTIDX,NIFTY,28-Mar-2024,22700,PE,1232.05,1232.05,1200.1,1200.1,1103.7,2,23.91,2600,100,24-JAN-2024,
OPTIDX,NIFTY,28-Mar-2024,22750,PE,1330,1330,1209.7,1209.7,1144.05,6,72.02,650,300,24-JAN-2024,
OPTIDX,NIFTY,28-Mar-2024,22800,PE,1156,1270.55,1156,1270.55,1184.95,2,24.01,1450,50,24-JAN-2024,
OPTIDX,NIFTY,28-Mar-2024,22850,PE,1380.4,1380.4,1269,1302.95,1226.35,6,72.52,1200,250,24-JAN-2024,
OPTIDX,NIFTY,28-Mar-2024,22900,PE,1367.55,1369.55,1346.2,1369.55,1268.25,4,48.51,2250,150,24-JAN-2024,
OPTIDX,NIFTY,28-Mar-2024,22950,PE,1377.15,1383.3,1354,1354,1310.65,7,85.13,500,350,24-JAN-2024,
OPTIDX,NIFTY,28-Mar-2024,23000,PE,1579,1656.65,1278.65,1301.75,1301.75,834,10185.06,159400,10550,24-JAN-2024,
OPTIDX,NIFTY,28-Mar-2024,23050,PE,1424.05,1424.05,1371.85,1371.85,1396.75,10,122.24,950,450,24-JAN-2024,
OPTIDX,NIFTY,28-Mar-2024,23100,PE,0,0,0,1188.9,1440.4,0,0,50,0,24-JAN-2024,
OPTIDX,NIFTY,28-Mar-2024,23150,PE,0,0,0,1249.2,1484.5,0,0,500,0,24-JAN-2024,
OPTIDX,NIFTY,28-Mar-2024,23200,PE,0,0,0,1317.45,1528.9,0,0,300,0,24-JAN-2024,
OPTIDX,NIFTY,28-Mar-2024,23250,PE,0,0,0,1340.2,1573.7,0,0,100,0,24-JAN-2024,
OPTIDX,NIFTY,28-Mar-2024,23300,PE,0,0,0,1377.9,1618.8,0,0,850,0,24-JAN-2024,
OPTIDX,NIFTY,28-Mar-2024,23350,PE,0,0,0,1388.8,1664.25,0,0,0,0,24-JAN-2024,
OPTIDX,NIFTY,28-Mar-2024,23400,PE,0,0,0,1425.9,1710,0,0,0,0,24-JAN-2024,
OPTIDX,NIFTY,28-Mar-2024,23450,PE,0,0,0,1566.25,1756,0,0,0,0,24-JAN-2024,
OPTIDX,NIFTY,28-Mar-2024,23500,PE,1804.6,1804.6,1736.7,1778.3,1778.3,4,50.54,1200,0,24-JAN-2024,
OPTIDX,NIFTY,28-Mar-2024,23550,PE,0,0,0,1542.3,1848.75,0,0,0,0,24-JAN-2024,
OPTIDX,NIFTY,28-Mar-2024,23600,PE,0,0,0,1581.9,1895.5,0,0,0,0,24-JAN-2024,
OPTIDX,NIFTY,28-Mar-2024,23650,PE,0,0,0,1621.9,1942.45,0,0,0,0,24-JAN-2024,
OPTIDX,NIFTY,28-Mar-2024,23700,PE,0,0,0,1662.25,1989.6,0,0,0,0,24-JAN-2024,
OPTIDX,NIFTY,28-Mar-2024,23750,PE,0,0,0,1702.95,2036.9,0,0,0,0,24-JAN-2024,
OPTIDX,NIFTY,28-Mar-2024,23800,PE,0,0,0,1744.05,2084.45,0,0,0,0,24-JAN-2024,
OPTIDX,NIFTY,28-Mar-2024,23850,PE,0,0,0,1785.45,2132.1,0,0,0,0,24-JAN-2024,
OPTIDX,NIFTY,28-Mar-2024,24000,PE,2484.8,2500,2191.2,2209.35,2209.35,412,5424.56,223400,1000,24-JAN-2024,
OPTIDX,NIFTY,28-Mar-2024,25000,PE,3338,3407.55,3156,3163.25,3163.25,367,5189.45,427350,500,24-JAN-2024,
OPTIDX,NIFTY,28-Mar-2024,26000,PE,4230,4350,4230,4230,4240.2,9,136.38,10750,-50,24-JAN-2024,
OPTIDX,NIFTY,28-Mar-2024,27000,PE,0,0,0,4800,5228.4,0,0,200,0,24-JAN-2024,
OPTIDX,NIFTY,27-Jun-2024,15000,CE,0,0,0,4599.25,6877.8,0,0,50,0,24-JAN-2024,
OPTIDX,NIFTY,27-Jun-2024,16000,CE,0,0,0,2666.1,5906.1,0,0,0,0,24-JAN-2024,
OPTIDX,NIFTY,27-Jun-2024,17000,CE,0,0,0,5010.65,4934.6,0,0,50,0,24-JAN-2024,
OPTIDX,NIFTY,27-Jun-2024,18000,CE,3708.5,3927.95,3708.5,3924,3965.6,10,109.22,17950,350,24-JAN-2024,
OPTIDX,NIFTY,27-Jun-2024,18500,CE,0,0,0,3554.75,3485.05,0,0,2825,0,24-JAN-2024,
OPTIDX,NIFTY,27-Jun-2024,19000,CE,2927,3091.2,2889.7,3091.2,3011.2,10,109.6,114750,-250,24-JAN-2024,
OPTIDX,NIFTY,27-Jun-2024,20000,CE,2050,2278.15,2050,2266.45,2266.45,266,2950.4,174100,6650,24-JAN-2024,
OPTIDX,NIFTY,27-Jun-2024,21000,CE,1363.2,1530,1337.85,1514.95,1514.95,881,9874.14,350550,2350,24-JAN-2024,
OPTIDX,NIFTY,27-Jun-2024,22000,CE,820.7,934.9,785,912.65,912.65,1933,22097.24,302600,10650,24-JAN-2024,
OPTIDX,NIFTY,27-Jun-2024,23000,CE,444.55,504.05,415.65,493.9,493.9,1853,21747.76,717200,11600,24-JAN-2024,
OPTIDX,NIFTY,27-Jun-2024,24000,CE,210,265.95,202.3,247.4,247.4,1350,16362.31,212850,4750,24-JAN-2024,
OPTIDX,NIFTY,27-Jun-2024,25000,CE,110,129.95,100.05,120,120,698,8766.91,160850,7250,24-JAN-2024,
OPTIDX,NIFTY,27-Jun-2024,26000,CE,66,68.1,64.95,65.75,65.75,42,547.38,30500,450,24-JAN-2024,
OPTIDX,NIFTY,27-Jun-2024,27000,CE,0,0,0,331.6,4.15,0,0,0,0,24-JAN-2024,
OPTIDX,NIFTY,27-Jun-2024,14000,PE,0,0,0,3.05,0.05,0,0,7275,0,24-JAN-2024,
OPTIDX,NIFTY,27-Jun-2024,15000,PE,0,0,0,3.05,0.05,0,0,12425,0,24-JAN-2024,
OPTIDX,NIFTY,27-Jun-2024,16000,PE,0,0,0,3.05,0.05,0,0,37950,0,24-JAN-2024,
OPTIDX,NIFTY,27-Jun-2024,17000,PE,19.25,19.25,19.25,19.25,0.25,9,76.58,126150,50,24-JAN-2024,
OPTIDX,NIFTY,27-Jun-2024,18000,PE,81,88.3,67.1,68.4,68.4,356,3216.88,483950,1900,24-JAN-2024,
OPTIDX,NIFTY,27-Jun-2024,19000,PE,160,164.9,132,132.95,132.95,833,7972.12,768300,3050,24-JAN-2024,
OPTIDX,NIFTY,27-Jun-2024,20000,PE,301.95,314.95,255,261,261,2063,20913.53,1055550,5250,24-JAN-2024,
OPTIDX,NIFTY,27-Jun-2024,21000,PE,558.3,577.85,471.05,478.8,478.8,2364,25419.18,863150,8950,24-JAN-2024,
OPTIDX,NIFTY,27-Jun-2024,22000,PE,994.85,1000.5,828,840.6,840.6,1416,16205.14,830850,3900,24-JAN-2024,
OPTIDX,NIFTY,27-Jun-2024,23000,PE,1637,1637,1366,1384.75,1384.75,597,7297.75,133850,-3600,24-JAN-2024,
OPTIDX,NIFTY,27-Jun-2024,24000,PE,2328.8,2328.8,2126.35,2126.35,2126.35,191,2504.45,41950,200,24-JAN-2024,
OPTIDX,NIFTY,27-Jun-2024,25000,PE,0,0,0,7199.55,2890.25,0,0,0,0,24-JAN-2024,
OPTIDX,NIFTY,27-Jun-2024,26000,PE,0,0,0,8015.6,3826.85,0,0,0,0,24-JAN-2024,
OPTIDX,NIFTY,27-Jun-2024,27000,PE,0,0,0,8206,4787.25,0,0,0,0,24-JAN-2024,
OPTIDX,NIFTY,26-Sep-2024,16000,CE,0,0,0,4667.4,6165.75,0,0,0,0,24-JAN-2024,
OPTIDX,NIFTY,26-Sep-2024,17000,CE,0,0,0,3800.4,5211.9,0,0,0,0,24-JAN-2024,
OPTIDX,NIFTY,26-Sep-2024,18000,CE,0,0,0,2994.95,4265.2,0,0,0,0,24-JAN-2024,
OPTIDX,NIFTY,26-Sep-2024,19000,CE,0,0,0,2277.4,3342.4,0,0,0,0,24-JAN-2024,
OPTIDX,NIFTY,26-Sep-2024,20000,CE,0,0,0,1666.45,2477.1,0,0,0,0,24-JAN-2024,
OPTIDX,NIFTY,26-Sep-2024,21000,CE,0,0,0,1173.8,1715.5,0,0,0,0,24-JAN-2024,
OPTIDX,NIFTY,26-Sep-2024,22000,CE,1200,1284.95,1190,1284.95,1284.95,143,1661.75,7600,-1100,24-JAN-2024,
OPTIDX,NIFTY,26-Sep-2024,23000,CE,651.2,799.15,651.2,795,648.8,97,1151.52,8250,2250,24-JAN-2024,
OPTIDX,NIFTY,26-Sep-2024,24000,CE,0,0,0,515,351.5,0,0,800,0,24-JAN-2024,
OPTIDX,NIFTY,26-Sep-2024,25000,CE,0,0,0,260,175,0,0,1250,0,24-JAN-2024,
OPTIDX,NIFTY,26-Sep-2024,26000,CE,90.05,149.9,90.05,143.6,143.6,37,483.35,2300,-200,24-JAN-2024,
OPTIDX,NIFTY,26-Sep-2024,27000,CE,0,0,0,68.7,34.1,0,0,0,0,24-JAN-2024,
OPTIDX,NIFTY,26-Sep-2024,16000,PE,0,0,0,39.75,0.25,0,0,0,0,24-JAN-2024,
OPTIDX,NIFTY,26-Sep-2024,17000,PE,0,0,0,103.7,1.9,0,0,0,0,24-JAN-2024,
OPTIDX,NIFTY,26-Sep-2024,18000,PE,0,0,0,229.25,10.75,0,0,0,0,24-JAN-2024,
OPTIDX,NIFTY,26-Sep-2024,19000,PE,0,0,0,239.55,43.45,0,0,2850,0,24-JAN-2024,
OPTIDX,NIFTY,26-Sep-2024,20000,PE,0,0,0,762.75,133.65,0,0,0,0,24-JAN-2024,
OPTIDX,NIFTY,26-Sep-2024,21000,PE,0,0,0,1201.1,327.6,0,0,0,0,24-JAN-2024,
OPTIDX,NIFTY,26-Sep-2024,22000,PE,756.25,916.75,756.25,884,884,29,332,1100,1100,24-JAN-2024,
OPTIDX,NIFTY,26-Sep-2024,23000,PE,0,0,0,913.6,1171.95,0,0,100,0,24-JAN-2024,
OPTIDX,NIFTY,26-Sep-2024,24000,PE,0,0,0,3149.25,1830.15,0,0,0,0,24-JAN-2024,
OPTIDX,NIFTY,26-Sep-2024,25000,PE,0,0,0,3952.4,2609.2,0,0,0,0,24-JAN-2024,
OPTIDX,NIFTY,26-Sep-2024,26000,PE,0,0,0,4801.5,3470,0,0,0,0,24-JAN-2024,
OPTIDX,NIFTY,26-Sep-2024,27000,PE,0,0,0,5681.95,4379.35,0,0,0,0,24-JAN-2024,
OPTIDX,NIFTY,26-Dec-2024,14000,CE,0,0,0,8599,8299.85,0,0,100,0,24-JAN-2024,
OPTIDX,NIFTY,26-Dec-2024,15000,CE,0,0,0,7100,7360.35,0,0,2100,0,24-JAN-2024,
OPTIDX,NIFTY,26-Dec-2024,16000,CE,0,0,0,6400,6421.6,0,0,21950,0,24-JAN-2024,
OPTIDX,NIFTY,26-Dec-2024,17000,CE,0,0,0,5210,5486.05,0,0,21050,0,24-JAN-2024,
OPTIDX,NIFTY,26-Dec-2024,18000,CE,4300,4300,4300,4300,4561.55,1,11.15,24450,0,24-JAN-2024,
OPTIDX,NIFTY,26-Dec-2024,18500,CE,0,0,0,4400,4108.35,0,0,1000,0,24-JAN-2024,
OPTIDX,NIFTY,26-Dec-2024,19000,CE,3699,3699,3600,3600,3665.25,4,45.3,72150,0,24-JAN-2024,
OPTIDX,NIFTY,26-Dec-2024,20000,CE,2737.75,2930,2720,2930,2825.05,16,182.64,78550,-200,24-JAN-2024,
OPTIDX,NIFTY,26-Dec-2024,21000,CE,2024,2420,2024,2207.65,2207.65,219,2538.61,122900,1350,24-JAN-2024,
OPTIDX,NIFTY,26-Dec-2024,22000,CE,1435.25,1566,1390,1546.85,1546.85,317,3721.68,167550,5250,24-JAN-2024,
OPTIDX,NIFTY,26-Dec-2024,23000,CE,920,1043.45,920,1038,1038,326,3910.82,153550,-2050,24-JAN-2024,
OPTIDX,NIFTY,26-Dec-2024,24000,CE,593.35,649.25,581,642.7,642.7,336,4134.98,141150,150,24-JAN-2024,
OPTIDX,NIFTY,26-Dec-2024,25000,CE,380.05,404,371,399.55,399.55,183,2322.97,170950,-250,24-JAN-2024,
OPTIDX,NIFTY,26-Dec-2024,26000,CE,220.3,231,215.05,227.75,227.75,136,1783.18,62300,800,24-JAN-2024,
OPTIDX,NIFTY,26-Dec-2024,27000,CE,140.9,148.3,140,144,144,53,719.28,36750,1050,24-JAN-2024,
OPTIDX,NIFTY,26-Dec-2024,14000,PE,0,0,0,20.5,0.05,0,0,3300,0,24-JAN-2024,
OPTIDX,NIFTY,26-Dec-2024,15000,PE,0,0,0,7.6,0.1,0,0,28300,0,24-JAN-2024,
OPTIDX,NIFTY,26-Dec-2024,16000,PE,0,0,0,20.65,0.9,0,0,13500,0,24-JAN-2024,
OPTIDX,NIFTY,26-Dec-2024,17000,PE,101,131.15,85,86,4.95,100,854.5,74050,800,24-JAN-2024,
OPTIDX,NIFTY,26-Dec-2024,18000,PE,152.4,155,129.55,130.05,130.05,171,1550.63,260050,900,24-JAN-2024,
OPTIDX,NIFTY,26-Dec-2024,19000,PE,233.95,243,211.1,213.2,213.2,217,2085.62,439200,1750,24-JAN-2024,
OPTIDX,NIFTY,26-Dec-2024,20000,PE,394.95,404,344.1,345.65,345.65,626,6373.32,536700,-550,24-JAN-2024,
OPTIDX,NIFTY,26-Dec-2024,21000,PE,628.95,643,544.95,546.75,546.75,695,7499.11,845700,-2500,24-JAN-2024,
OPTIDX,NIFTY,26-Dec-2024,22000,PE,955,977.6,832,841.55,841.55,731,8361.85,310250,8050,24-JAN-2024,
OPTIDX,NIFTY,26-Dec-2024,23000,PE,1452,1460,1255.2,1280.35,1280.35,350,4259.04,100900,1950,24-JAN-2024,
OPTIDX,NIFTY,26-Dec-2024,24000,PE,1896.25,1996.55,1830,1843.55,1843.55,81,1049.49,30050,750,24-JAN-2024,
OPTIDX,NIFTY,26-Dec-2024,25000,PE,2575,2680,2500,2502.95,2502.95,12,165.31,9400,-500,24-JAN-2024,
OPTIDX,NIFTY,26-Dec-2024,26000,PE,0,0,0,7636.7,3168.85,0,0,0,0,24-JAN-2024,
OPTIDX,NIFTY,26-Dec-2024,27000,PE,0,0,0,4500,4017.1,0,0,50,0,24-JAN-2024,
OPTIDX,NIFTY,26-Jun-2025,16000,CE,0,0,0,3227.55,6921.85,0,0,0,0,24-JAN-2024,
OPTIDX,NIFTY,26-Jun-2025,17000,CE,0,0,0,4165.5,6022.5,0,0,2750,0,24-JAN-2024,
OPTIDX,NIFTY,26-Jun-2025,18000,CE,0,0,0,3934,5138.3,0,0,2200,0,24-JAN-2024,
OPTIDX,NIFTY,26-Jun-2025,19000,CE,0,0,0,3077.9,4283.7,0,0,0,0,24-JAN-2024,
OPTIDX,NIFTY,26-Jun-2025,20000,CE,0,0,0,3180.85,3478.2,0,0,0,0,24-JAN-2024,
OPTIDX,NIFTY,26-Jun-2025,21000,CE,0,0,0,3199.45,2743.2,0,0,0,0,24-JAN-2024,
OPTIDX,NIFTY,26-Jun-2025,22000,CE,0,0,0,2088.15,2097.5,0,0,0,0,24-JAN-2024,
OPTIDX,NIFTY,26-Jun-2025,23000,CE,0,0,0,2003.65,1553.3,0,0,0,0,24-JAN-2024,
OPTIDX,NIFTY,26-Jun-2025,24000,CE,0,0,0,1100.85,1113.85,0,0,0,0,24-JAN-2024,
OPTIDX,NIFTY,26-Jun-2025,25000,CE,0,0,0,945.65,773.75,0,0,0,0,24-JAN-2024,
OPTIDX,NIFTY,26-Jun-2025,26000,CE,0,0,0,811.85,521.25,0,0,0,0,24-JAN-2024,
OPTIDX,NIFTY,26-Jun-2025,27000,CE,0,0,0,803.5,340.95,0,0,0,0,24-JAN-2024,
OPTIDX,NIFTY,26-Jun-2025,14000,PE,0,0,0,42.35,0.15,0,0,675,0,24-JAN-2024,
OPTIDX,NIFTY,26-Jun-2025,15000,PE,0,0,0,134,0.8,0,0,1800,0,24-JAN-2024,
OPTIDX,NIFTY,26-Jun-2025,16000,PE,0,0,0,129.2,3.6,0,0,100,0,24-JAN-2024,
OPTIDX,NIFTY,26-Jun-2025,17000,PE,0,0,0,3497.35,12.75,0,0,0,0,24-JAN-2024,
OPTIDX,NIFTY,26-Jun-2025,18000,PE,0,0,0,3586.15,37.05,0,0,0,0,24-JAN-2024,
OPTIDX,NIFTY,26-Jun-2025,19000,PE,0,0,0,3210.95,90.9,0,0,0,0,24-JAN-2024,
OPTIDX,NIFTY,26-Jun-2025,20000,PE,0,0,0,500,193.9,0,0,550,0,24-JAN-2024,
OPTIDX,NIFTY,26-Jun-2025,21000,PE,0,0,0,3070.85,367.35,0,0,0,0,24-JAN-2024,
OPTIDX,NIFTY,26-Jun-2025,22000,PE,0,0,0,3957.4,630.2,0,0,0,0,24-JAN-2024,
OPTIDX,NIFTY,26-Jun-2025,23000,PE,0,0,0,1170,994.45,0,0,0,0,24-JAN-2024,
OPTIDX,NIFTY,26-Jun-2025,24000,PE,0,0,0,5875.1,1463.45,0,0,0,0,24-JAN-2024,
OPTIDX,NIFTY,26-Jun-2025,25000,PE,0,0,0,6576.35,2031.85,0,0,0,0,24-JAN-2024,
OPTIDX,NIFTY,26-Jun-2025,26000,PE,0,0,0,7299,2687.85,0,0,0,0,24-JAN-2024,
OPTIDX,NIFTY,26-Jun-2025,27000,PE,0,0,0,7438.15,3416.05,0,0,0,0,24-JAN-2024,
OPTIDX,NIFTY,24-Dec-2025,16000,CE,0,0,0,7200,7403.7,0,0,50,0,24-JAN-2024,
OPTIDX,NIFTY,24-Dec-2025,17000,CE,0,0,0,5080,6538.15,0,0,650,0,24-JAN-2024,
OPTIDX,NIFTY,24-Dec-2025,18000,CE,0,0,0,6099.95,5688.7,0,0,5650,0,24-JAN-2024,
OPTIDX,NIFTY,24-Dec-2025,19000,CE,0,0,0,4401,4866.95,0,0,3200,0,24-JAN-2024,
OPTIDX,NIFTY,24-Dec-2025,19500,CE,3200,3200,3200,3200,4470.9,1,11.35,1300,50,24-JAN-2024,
OPTIDX,NIFTY,24-Dec-2025,20000,CE,0,0,0,3800,4087.2,0,0,300,0,24-JAN-2024,
OPTIDX,NIFTY,24-Dec-2025,21000,CE,0,0,0,1400,3364.6,0,0,100,0,24-JAN-2024,
OPTIDX,NIFTY,24-Dec-2025,22000,CE,0,0,0,2811,2712.6,0,0,550,0,24-JAN-2024,
OPTIDX,NIFTY,24-Dec-2025,23000,CE,2190,2190,2190,2190,2140.9,1,12.59,2600,50,24-JAN-2024,
OPTIDX,NIFTY,24-Dec-2025,24000,CE,0,0,0,1396.05,1654.05,0,0,0,0,24-JAN-2024,
OPTIDX,NIFTY,24-Dec-2025,25000,CE,0,0,0,1222.85,1251.45,0,0,0,0,24-JAN-2024,
OPTIDX,NIFTY,24-Dec-2025,26000,CE,0,0,0,1070.85,927.8,0,0,0,0,24-JAN-2024,
OPTIDX,NIFTY,24-Dec-2025,27000,CE,0,0,0,1071,674.6,0,0,0,0,24-JAN-2024,
OPTIDX,NIFTY,24-Dec-2025,13000,PE,0,0,0,400,0.1,0,0,150,0,24-JAN-2024,
OPTIDX,NIFTY,24-Dec-2025,15000,PE,0,0,0,62.15,2.05,0,0,1100,0,24-JAN-2024,
OPTIDX,NIFTY,24-Dec-2025,16000,PE,0,0,0,79,7,0,0,2550,0,24-JAN-2024,
OPTIDX,NIFTY,24-Dec-2025,16500,PE,0,0,0,38.15,12.1,0,0,2600,0,24-JAN-2024,
OPTIDX,NIFTY,24-Dec-2025,17000,PE,0,0,0,155.05,20,0,0,2400,0,24-JAN-2024,
OPTIDX,NIFTY,24-Dec-2025,18000,PE,0,0,0,324.95,49.15,0,0,3050,0,24-JAN-2024,
OPTIDX,NIFTY,24-Dec-2025,19000,PE,0,0,0,620.05,105.95,0,0,3800,0,24-JAN-2024,
OPTIDX,NIFTY,24-Dec-2025,20000,PE,0,0,0,199.85,204.8,0,0,4550,0,24-JAN-2024,
OPTIDX,NIFTY,24-Dec-2025,21000,PE,0,0,0,701,360.8,0,0,3200,0,24-JAN-2024,
OPTIDX,NIFTY,24-Dec-2025,22000,PE,0,0,0,910,587.35,0,0,2250,0,24-JAN-2024,
OPTIDX,NIFTY,24-Dec-2025,23000,PE,0,0,0,1230,894.2,0,0,650,0,24-JAN-2024,
OPTIDX,NIFTY,24-Dec-2025,24000,PE,0,0,0,5649,1285.95,0,0,0,0,24-JAN-2024,
OPTIDX,NIFTY,24-Dec-2025,25000,PE,0,0,0,6310.55,1761.9,0,0,0,0,24-JAN-2024,
OPTIDX,NIFTY,24-Dec-2025,26000,PE,0,0,0,6993.25,2316.85,0,0,0,0,24-JAN-2024,
OPTIDX,NIFTY,24-Dec-2025,27000,PE,0,0,0,7112.8,2942.25,0,0,0,0,24-JAN-2024,
OPTIDX,NIFTY,25-Jun-2026,12000,CE,0,0,0,8690,11261.9,0,0,50,0,24-JAN-2024,
OPTIDX,NIFTY,25-Jun-2026,16000,CE,0,0,0,4748.3,7874.75,0,0,0,0,24-JAN-2024,
OPTIDX,NIFTY,25-Jun-2026,17000,CE,0,0,0,4348.25,7040.85,0,0,0,0,24-JAN-2024,
OPTIDX,NIFTY,25-Jun-2026,18000,CE,0,0,0,4150,6222.65,0,0,200,0,24-JAN-2024,
OPTIDX,NIFTY,25-Jun-2026,19000,CE,0,0,0,2872.25,5429.45,0,0,100,0,24-JAN-2024,
OPTIDX,NIFTY,25-Jun-2026,20000,CE,0,0,0,3829.5,4672.2,0,0,0,0,24-JAN-2024,
OPTIDX,NIFTY,25-Jun-2026,21000,CE,0,0,0,3881.9,3962.15,0,0,0,0,24-JAN-2024,
OPTIDX,NIFTY,25-Jun-2026,22000,CE,0,0,0,2722.55,3309.65,0,0,0,0,24-JAN-2024,
OPTIDX,NIFTY,25-Jun-2026,23000,CE,0,0,0,2645.65,2722.55,0,0,0,0,24-JAN-2024,
OPTIDX,NIFTY,25-Jun-2026,24000,CE,0,0,0,1698.3,2205.75,0,0,0,0,24-JAN-2024,
OPTIDX,NIFTY,25-Jun-2026,25000,CE,0,0,0,1510.4,1760.45,0,0,0,0,24-JAN-2024,
OPTIDX,NIFTY,25-Jun-2026,26000,CE,0,0,0,1343.15,1384.85,0,0,0,0,24-JAN-2024,
OPTIDX,NIFTY,25-Jun-2026,27000,CE,0,0,0,1352.8,1074.3,0,0,0,0,24-JAN-2024,
OPTIDX,NIFTY,25-Jun-2026,12000,PE,0,0,0,10.05,0.05,0,0,500,0,24-JAN-2024,
OPTIDX,NIFTY,25-Jun-2026,13000,PE,0,0,0,45.25,0.25,0,0,200,0,24-JAN-2024,
OPTIDX,NIFTY,25-Jun-2026,14000,PE,0,0,0,300,1,0,0,100,0,24-JAN-2024,
OPTIDX,NIFTY,25-Jun-2026,15000,PE,0,0,0,105.5,3.5,0,0,850,0,24-JAN-2024,
OPTIDX,NIFTY,25-Jun-2026,16000,PE,0,0,0,54.8,10.25,0,0,500,0,24-JAN-2024,
OPTIDX,NIFTY,25-Jun-2026,17000,PE,0,0,0,2627.25,25.7,0,0,0,0,24-JAN-2024,
OPTIDX,NIFTY,25-Jun-2026,18000,PE,0,0,0,3088.05,56.85,0,0,0,0,24-JAN-2024,
OPTIDX,NIFTY,25-Jun-2026,19000,PE,0,0,0,140.45,113,0,0,100,0,24-JAN-2024,
OPTIDX,NIFTY,25-Jun-2026,20000,PE,0,0,0,3159.75,205.05,0,0,0,0,24-JAN-2024,
OPTIDX,NIFTY,25-Jun-2026,21000,PE,0,0,0,3065.6,344.35,0,0,0,0,24-JAN-2024,
OPTIDX,NIFTY,25-Jun-2026,22000,PE,0,0,0,3829.5,541.2,0,0,0,0,24-JAN-2024,
OPTIDX,NIFTY,25-Jun-2026,23000,PE,0,0,0,4171.75,803.45,0,0,0,0,24-JAN-2024,
OPTIDX,NIFTY,25-Jun-2026,24000,PE,0,0,0,5437.7,1135.95,0,0,0,0,24-JAN-2024,
OPTIDX,NIFTY,25-Jun-2026,25000,PE,0,0,0,6063.1,1540.05,0,0,0,0,24-JAN-2024,
OPTIDX,NIFTY,25-Jun-2026,26000,PE,0,0,0,6709.2,2013.75,0,0,0,0,24-JAN-2024,
OPTIDX,NIFTY,25-Jun-2026,27000,PE,0,0,0,6810.7,2552.55,0,0,0,0,24-JAN-2024,
OPTIDX,NIFTY,31-Dec-2026,16000,CE,0,0,0,6200,8344.25,0,0,50,0,24-JAN-2024,
OPTIDX,NIFTY,31-Dec-2026,17000,CE,0,0,0,4955.1,7540.85,0,0,0,0,24-JAN-2024,
OPTIDX,NIFTY,31-Dec-2026,18000,CE,0,0,0,4501.45,6752.15,0,0,0,0,24-JAN-2024,
OPTIDX,NIFTY,31-Dec-2026,19000,CE,0,0,0,4999,5985.55,0,0,200,0,24-JAN-2024,
OPTIDX,NIFTY,31-Dec-2026,20000,CE,0,0,0,3704.3,5249.65,0,0,0,0,24-JAN-2024,
OPTIDX,NIFTY,31-Dec-2026,21000,CE,0,0,0,3356.25,4553.25,0,0,0,0,24-JAN-2024,
OPTIDX,NIFTY,31-Dec-2026,22000,CE,0,0,0,3039,3904.4,0,0,0,0,24-JAN-2024,
OPTIDX,NIFTY,31-Dec-2026,23000,CE,0,0,0,2020,3309.75,0,0,500,0,24-JAN-2024,
OPTIDX,NIFTY,31-Dec-2026,24000,CE,0,0,0,2010.65,2773.85,0,0,0,0,24-JAN-2024,
OPTIDX,NIFTY,31-Dec-2026,25000,CE,0,0,0,1811.2,2298.8,0,0,0,0,24-JAN-2024,
OPTIDX,NIFTY,31-Dec-2026,26000,CE,0,0,0,1631.05,1884.55,0,0,0,0,24-JAN-2024,
OPTIDX,NIFTY,31-Dec-2026,27000,CE,0,0,0,1651.65,1528.85,0,0,0,0,24-JAN-2024,
OPTIDX,NIFTY,31-Dec-2026,12000,PE,0,0,0,250.1,0.1,0,0,600,0,24-JAN-2024,
OPTIDX,NIFTY,31-Dec-2026,13000,PE,0,0,0,450,0.45,0,0,200,0,24-JAN-2024,
OPTIDX,NIFTY,31-Dec-2026,14000,PE,0,0,0,500,1.65,0,0,950,0,24-JAN-2024,
OPTIDX,NIFTY,31-Dec-2026,15000,PE,0,0,0,118.9,5,0,0,2200,0,24-JAN-2024,
OPTIDX,NIFTY,31-Dec-2026,16000,PE,0,0,0,73.05,13,0,0,2450,0,24-JAN-2024,
OPTIDX,NIFTY,31-Dec-2026,17000,PE,0,0,0,177.55,29.75,0,0,2700,0,24-JAN-2024,
OPTIDX,NIFTY,31-Dec-2026,18000,PE,0,0,0,374.15,61.2,0,0,6350,0,24-JAN-2024,
OPTIDX,NIFTY,31-Dec-2026,19000,PE,0,0,0,450,114.75,0,0,3200,0,24-JAN-2024,
OPTIDX,NIFTY,31-Dec-2026,20000,PE,0,0,0,600,199.05,0,0,3750,0,24-JAN-2024,
OPTIDX,NIFTY,31-Dec-2026,21000,PE,0,0,0,649,322.8,0,0,850,0,24-JAN-2024,
OPTIDX,NIFTY,31-Dec-2026,22000,PE,0,0,0,609.65,494.15,0,0,100,0,24-JAN-2024,
OPTIDX,NIFTY,31-Dec-2026,23000,PE,1072.3,1072.3,1072.3,1072.3,1072.3,1,12.03,5850,50,24-JAN-2024,
OPTIDX,NIFTY,31-Dec-2026,24000,PE,0,0,0,5233.45,1003.9,0,0,0,0,24-JAN-2024,
OPTIDX,NIFTY,31-Dec-2026,25000,PE,0,0,0,5825.75,1349.05,0,0,0,0,24-JAN-2024,
OPTIDX,NIFTY,31-Dec-2026,26000,PE,0,0,0,6437.4,1754.95,0,0,0,0,24-JAN-2024,
OPTIDX,NIFTY,31-Dec-2026,27000,PE,0,0,0,6522.3,2219.45,0,0,0,0,24-JAN-2024,
OPTIDX,NIFTY,24-Jun-2027,16000,CE,0,0,0,4898.4,8764.1,0,0,0,0,24-JAN-2024,
OPTIDX,NIFTY,24-Jun-2027,17000,CE,0,0,0,4464.7,7987.25,0,0,0,0,24-JAN-2024,
OPTIDX,NIFTY,24-Jun-2027,18000,CE,0,0,0,4066.45,7223.9,0,0,0,0,24-JAN-2024,
OPTIDX,NIFTY,24-Jun-2027,19000,CE,0,0,0,3701.25,6480.25,0,0,100,0,24-JAN-2024,
OPTIDX,NIFTY,24-Jun-2027,20000,CE,0,0,0,3367.05,5763.3,0,0,0,0,24-JAN-2024,
OPTIDX,NIFTY,24-Jun-2027,21000,CE,0,0,0,3061.8,5080.15,0,0,0,0,24-JAN-2024,
OPTIDX,NIFTY,24-Jun-2027,22000,CE,0,0,0,2783.5,4437.5,0,0,0,0,24-JAN-2024,
OPTIDX,NIFTY,24-Jun-2027,23000,CE,0,0,0,2530.05,3840.9,0,0,0,0,24-JAN-2024,
OPTIDX,NIFTY,24-Jun-2027,24000,CE,0,0,0,2299.55,3294.65,0,0,0,0,24-JAN-2024,
OPTIDX,NIFTY,24-Jun-2027,25000,CE,0,0,0,2090.05,2801.1,0,0,0,0,24-JAN-2024,
OPTIDX,NIFTY,24-Jun-2027,26000,CE,0,0,0,1900.85,2361.1,0,0,0,0,24-JAN-2024,
OPTIDX,NIFTY,24-Jun-2027,27000,CE,0,0,0,1932.5,1973.85,0,0,0,0,24-JAN-2024,
OPTIDX,NIFTY,24-Jun-2027,16000,PE,0,0,0,1476.1,14.9,0,0,0,0,24-JAN-2024,
OPTIDX,NIFTY,24-Jun-2027,17000,PE,0,0,0,1814.75,32.1,0,0,0,0,24-JAN-2024,
OPTIDX,NIFTY,24-Jun-2027,18000,PE,0,0,0,2188.9,62.85,0,0,0,0,24-JAN-2024,
OPTIDX,NIFTY,24-Jun-2027,19000,PE,0,0,0,170,113.25,0,0,250,0,24-JAN-2024,
OPTIDX,NIFTY,24-Jun-2027,20000,PE,0,0,0,3034.2,190.35,0,0,0,0,24-JAN-2024,
OPTIDX,NIFTY,24-Jun-2027,21000,PE,0,0,0,3501.35,301.25,0,0,0,0,24-JAN-2024,
OPTIDX,NIFTY,24-Jun-2027,22000,PE,0,0,0,3995.4,452.6,0,0,0,0,24-JAN-2024,
OPTIDX,NIFTY,24-Jun-2027,23000,PE,0,0,0,4514.3,650.1,0,0,0,0,24-JAN-2024,
OPTIDX,NIFTY,24-Jun-2027,24000,PE,0,0,0,5056.2,897.85,0,0,0,0,24-JAN-2024,
OPTIDX,NIFTY,24-Jun-2027,25000,PE,0,0,0,5619.05,1198.4,0,0,0,0,24-JAN-2024,
OPTIDX,NIFTY,24-Jun-2027,26000,PE,0,0,0,6202.2,1552.45,0,0,0,0,24-JAN-2024,
OPTIDX,NIFTY,24-Jun-2027,27000,PE,0,0,0,6273.45,1959.25,0,0,0,0,24-JAN-2024,
OPTIDX,NIFTY,30-Dec-2027,16000,CE,0,0,0,7354.45,9201.9,0,0,0,0,24-JAN-2024,
OPTIDX,NIFTY,30-Dec-2027,17000,CE,0,0,0,6805.5,8452.2,0,0,0,0,24-JAN-2024,
OPTIDX,NIFTY,30-Dec-2027,18000,CE,0,0,0,6285.7,7714.75,0,0,0,0,24-JAN-2024,
OPTIDX,NIFTY,30-Dec-2027,19000,CE,0,0,0,5794.9,6994.7,0,0,0,0,24-JAN-2024,
OPTIDX,NIFTY,30-Dec-2027,20000,CE,0,0,0,5333.85,6297.6,0,0,0,0,24-JAN-2024,
OPTIDX,NIFTY,30-Dec-2027,21000,CE,0,0,0,4902.4,5629.4,0,0,0,0,24-JAN-2024,
OPTIDX,NIFTY,30-Dec-2027,22000,CE,0,0,0,4499.55,4995.55,0,0,0,0,24-JAN-2024,
OPTIDX,NIFTY,30-Dec-2027,23000,CE,0,0,0,4125.7,4400.85,0,0,0,0,24-JAN-2024,
OPTIDX,NIFTY,30-Dec-2027,24000,CE,0,0,0,3778.95,3849.05,0,0,0,0,24-JAN-2024,
OPTIDX,NIFTY,30-Dec-2027,25000,CE,0,0,0,3458.35,3342.7,0,0,0,0,24-JAN-2024,
OPTIDX,NIFTY,30-Dec-2027,26000,CE,0,0,0,3162.4,2883.1,0,0,0,0,24-JAN-2024,
OPTIDX,NIFTY,30-Dec-2027,27000,CE,0,0,0,2889.8,2470.3,0,0,0,0,24-JAN-2024,
OPTIDX,NIFTY,30-Dec-2027,15000,PE,0,0,0,86.75,7.2,0,0,350,0,24-JAN-2024,
OPTIDX,NIFTY,30-Dec-2027,16000,PE,0,0,0,479.35,16.35,0,0,0,0,24-JAN-2024,
OPTIDX,NIFTY,30-Dec-2027,17000,PE,0,0,0,514,33.45,0,0,14250,0,24-JAN-2024,
OPTIDX,NIFTY,30-Dec-2027,18000,PE,0,0,0,74.8,62.8,0,0,10500,0,24-JAN-2024,
OPTIDX,NIFTY,30-Dec-2027,19000,PE,0,0,0,760,109.45,0,0,700,0,24-JAN-2024,
OPTIDX,NIFTY,30-Dec-2027,20000,PE,275.2,884.95,275.2,660,660,31,320.08,1950,-400,24-JAN-2024,
OPTIDX,NIFTY,30-Dec-2027,21000,PE,0,0,0,1563.55,277.75,0,0,0,0,24-JAN-2024,
OPTIDX,NIFTY,30-Dec-2027,22000,PE,0,0,0,1867.9,410.65,0,0,0,0,24-JAN-2024,
OPTIDX,NIFTY,30-Dec-2027,23000,PE,0,0,0,2201.3,582.7,0,0,0,0,24-JAN-2024,
OPTIDX,NIFTY,30-Dec-2027,24000,PE,0,0,0,2561.85,797.7,0,0,0,0,24-JAN-2024,
OPTIDX,NIFTY,30-Dec-2027,25000,PE,0,0,0,2948.45,1058.1,0,0,0,0,24-JAN-2024,
OPTIDX,NIFTY,30-Dec-2027,26000,PE,0,0,0,3359.75,1365.3,0,0,0,0,24-JAN-2024,
OPTIDX,NIFTY,30-Dec-2027,27000,PE,0,0,0,3794.4,1719.25,0,0,0,0,24-JAN-2024,
OPTIDX,NIFTY,29-Jun-2028,16000,CE,0,0,0,8002.3,9608.8,0,0,0,0,24-JAN-2024,
OPTIDX,NIFTY,29-Jun-2028,17000,CE,0,0,0,7393.45,8884,0,0,0,0,24-JAN-2024,
OPTIDX,NIFTY,29-Jun-2028,18000,CE,0,0,0,6809.35,8170.3,0,0,0,0,24-JAN-2024,
OPTIDX,NIFTY,29-Jun-2028,19000,CE,0,0,0,6252.25,7471.95,0,0,0,0,24-JAN-2024,
OPTIDX,NIFTY,29-Jun-2028,20000,CE,0,0,0,5724.65,6793.65,0,0,0,0,24-JAN-2024,
OPTIDX,NIFTY,29-Jun-2028,21000,CE,0,0,0,5226.55,6140.3,0,0,0,0,24-JAN-2024,
OPTIDX,NIFTY,29-Jun-2028,22000,CE,0,0,0,4759.5,5516.55,0,0,0,0,24-JAN-2024,
OPTIDX,NIFTY,29-Jun-2028,23000,CE,0,0,0,4323.1,4926.45,0,0,0,0,24-JAN-2024,
OPTIDX,NIFTY,29-Jun-2028,24000,CE,0,0,0,3918.85,4373.45,0,0,0,0,24-JAN-2024,
OPTIDX,NIFTY,29-Jun-2028,25000,CE,0,0,0,3545.15,3860.05,0,0,0,0,24-JAN-2024,
OPTIDX,NIFTY,29-Jun-2028,26000,CE,0,0,0,3200.9,3387.75,0,0,0,0,24-JAN-2024,
OPTIDX,NIFTY,29-Jun-2028,27000,CE,0,0,0,2885.15,2957.05,0,0,0,0,24-JAN-2024,
OPTIDX,NIFTY,29-Jun-2028,16000,PE,0,0,0,194.2,17.2,0,0,0,0,24-JAN-2024,
OPTIDX,NIFTY,29-Jun-2028,17000,PE,0,0,0,283.1,33.8,0,0,0,0,24-JAN-2024,
OPTIDX,NIFTY,29-Jun-2028,18000,PE,0,0,0,396.75,61.5,0,0,0,0,24-JAN-2024,
OPTIDX,NIFTY,29-Jun-2028,19000,PE,0,0,0,537.45,104.55,0,0,0,0,24-JAN-2024,
OPTIDX,NIFTY,29-Jun-2028,20000,PE,0,0,0,707.55,167.65,0,0,0,0,24-JAN-2024,
OPTIDX,NIFTY,29-Jun-2028,21000,PE,0,0,0,907.2,255.7,0,0,0,0,24-JAN-2024,
OPTIDX,NIFTY,29-Jun-2028,22000,PE,0,0,0,1137.9,373.3,0,0,0,0,24-JAN-2024,
OPTIDX,NIFTY,29-Jun-2028,23000,PE,0,0,0,1399.25,524.65,0,0,0,0,24-JAN-2024,
OPTIDX,NIFTY,29-Jun-2028,24000,PE,0,0,0,1692.75,713.05,0,0,0,0,24-JAN-2024,
OPTIDX,NIFTY,29-Jun-2028,25000,PE,0,0,0,2016.8,941.05,0,0,0,0,24-JAN-2024,
OPTIDX,NIFTY,29-Jun-2028,26000,PE,0,0,0,2370.3,1210.1,0,0,0,0,24-JAN-2024,
OPTIDX,NIFTY,29-Jun-2028,27000,PE,0,0,0,2752.35,1520.85,0,0,0,0,24-JAN-2024,
OPTIDX,NIFTY,28-Dec-2028,16000,CE,0,0,0,10704.45,10001.8,0,0,0,0,24-JAN-2024,
OPTIDX,NIFTY,28-Dec-2028,17000,CE,0,0,0,10036.4,9300.9,0,0,0,0,24-JAN-2024,
OPTIDX,NIFTY,28-Dec-2028,18000,CE,0,0,0,9380.3,8609.9,0,0,0,0,24-JAN-2024,
OPTIDX,NIFTY,28-Dec-2028,19000,CE,0,0,0,8739,7932.5,0,0,0,0,24-JAN-2024,
OPTIDX,NIFTY,28-Dec-2028,20000,CE,0,0,0,8115.5,7272.7,0,0,0,0,24-JAN-2024,
OPTIDX,NIFTY,28-Dec-2028,21000,CE,0,0,0,7512.5,6634.6,0,0,0,0,24-JAN-2024,
OPTIDX,NIFTY,28-Dec-2028,22000,CE,0,0,0,6932.45,6022.05,0,0,0,0,24-JAN-2024,
OPTIDX,NIFTY,28-Dec-2028,23000,CE,0,0,0,6377.6,5438.7,0,0,0,0,24-JAN-2024,
OPTIDX,NIFTY,28-Dec-2028,24000,CE,0,0,0,5850.3,4887.6,0,0,0,0,24-JAN-2024,
OPTIDX,NIFTY,28-Dec-2028,25000,CE,0,0,0,5350.4,4371.1,0,0,0,0,24-JAN-2024,
OPTIDX,NIFTY,28-Dec-2028,26000,CE,0,0,0,4879.7,3890.8,0,0,0,0,24-JAN-2024,
OPTIDX,NIFTY,28-Dec-2028,27000,CE,0,0,0,4437.95,3447.5,0,0,0,0,24-JAN-2024,
OPTIDX,NIFTY,28-Dec-2028,16000,PE,0,0,0,39.6,17.6,0,0,0,0,24-JAN-2024,
OPTIDX,NIFTY,28-Dec-2028,17000,PE,0,0,0,66.15,33.55,0,0,0,0,24-JAN-2024,
OPTIDX,NIFTY,28-Dec-2028,18000,PE,0,0,0,104.65,59.4,0,0,0,0,24-JAN-2024,
OPTIDX,NIFTY,28-Dec-2028,19000,PE,0,0,0,158,98.9,0,0,0,0,24-JAN-2024,
OPTIDX,NIFTY,28-Dec-2028,20000,PE,0,0,0,229.1,155.95,0,0,0,0,24-JAN-2024,
OPTIDX,NIFTY,28-Dec-2028,21000,PE,0,0,0,320.7,234.65,0,0,0,0,24-JAN-2024,
OPTIDX,NIFTY,28-Dec-2028,22000,PE,0,0,0,435.3,339,0,0,0,0,24-JAN-2024,
OPTIDX,NIFTY,28-Dec-2028,23000,PE,0,0,0,575.05,472.5,0,0,0,0,24-JAN-2024,
OPTIDX,NIFTY,28-Dec-2028,24000,PE,0,0,0,742.35,638.25,0,0,0,0,24-JAN-2024,
OPTIDX,NIFTY,28-Dec-2028,25000,PE,0,0,0,937.05,838.6,0,0,0,0,24-JAN-2024,
OPTIDX,NIFTY,28-Dec-2028,26000,PE,0,0,0,1160.95,1075.15,0,0,0,0,24-JAN-2024,
OPTIDX,NIFTY,28-Dec-2028,27000,PE,0,0,0,1413.85,1348.75,0,0,0,0,24-JAN-2024,
