INSTRUMENT,SYMBOL,EXPIRY_DT,STRIKE_PR,OPTION_TYP,OPEN,HIGH,LOW,CLOSE,SETTLE_PR,CONTRACTS,VAL_INLAKH,OPEN_INT,CHG_IN_OI,TIMESTAMP,
FUTIDX,NIFTY,29-Feb-2024,0,XX,22195,22230.6,22088,22141.65,22141.65,119614,1324983.03,9139950,-1104700,26-FEB-2024,
FUTIDX,NIFTY,28-Mar-2024,0,XX,22335.3,22374.95,22241.9,22291.8,22291.8,58903,656761.25,4897600,1667200,26-FEB-2024,
FUTIDX,NIFTY,25-Apr-2024,0,XX,22480.05,22514.1,22389.2,22435.7,22435.7,3039,34102.21,802250,5500,26-FEB-2024,
OPTIDX,NIFTY,29-Feb-2024,18650,CE,3571.6,3571.6,3461.9,3548.15,3482.4,19,210.42,32700,50,26-FEB-2024,
OPTIDX,NIFTY,29-Feb-2024,18700,CE,3497.7,3505,3409.5,3442.6,3442.6,265,2933.97,55350,-12300,26-FEB-2024,
OPTIDX,NIFTY,29-Feb-2024,18750,CE,0,0,0,3076,3382.45,0,0,1150,0,26-FEB-2024,
OPTIDX,NIFTY,29-Feb-2024,18800,CE,3428.15,3428.15,3303,3342.85,3342.85,167,1848.55,4850,-6200,26-FEB-2024,
OPTIDX,NIFTY,29-Feb-2024,18850,CE,0,0,0,1710.25,3282.5,0,0,0,0,26-FEB-2024,
OPTIDX,NIFTY,29-Feb-2024,18900,CE,3265,3265,3210,3247.6,3247.6,46,509.26,650,-1650,26-FEB-2024,
OPTIDX,NIFTY,29-Feb-2024,18950,CE,3270.65,3270.65,3270.65,3270.65,3182.55,1,11.11,250,50,26-FEB-2024,
OPTIDX,NIFTY,29-Feb-2024,19000,CE,3200,3218.55,3100,3140.1,3140.1,1224,13549.64,422950,-37150,26-FEB-2024,
OPTIDX,NIFTY,29-Feb-2024,19050,CE,0,0,0,2476.45,3082.6,0,0,100,0,26-FEB-2024,
OPTIDX,NIFTY,29-Feb-2024,19100,CE,3030,3030,3030,3030,3032.65,6,66.39,1700,-300,26-FEB-2024,
OPTIDX,NIFTY,29-Feb-2024,19150,CE,0,0,0,3139.95,2982.65,0,0,250,0,26-FEB-2024,
OPTIDX,NIFTY,29-Feb-2024,19200,CE,2980.45,2980.45,2915.55,2958,2958,6,66.44,2550,-100,26-FEB-2024,
OPTIDX,NIFTY,29-Feb-2024,19250,CE,0,0,0,2660,2882.75,0,0,100,0,26-FEB-2024,
OPTIDX,NIFTY,29-Feb-2024,19300,CE,2900,2900,2845,2845,2832.75,15,166.19,4900,-350,26-FEB-2024,
OPTIDX,NIFTY,29-Feb-2024,19350,CE,2850,2850,2850,2850,2850,3,33.3,8850,-150,26-FEB-2024,
OPTIDX,NIFTY,29-Feb-2024,19400,CE,2779.3,2779.35,2719,2737.55,2737.55,94,1041.93,4150,-3950,26-FEB-2024,
OPTIDX,NIFTY,29-Feb-2024,19450,CE,0,0,0,1231.75,2682.85,0,0,0,0,26-FEB-2024,
OPTIDX,NIFTY,29-Feb-2024,19500,CE,2695.55,2705,2599.85,2635.8,2635.8,366,4056.71,103200,-17500,26-FEB-2024,
OPTIDX,NIFTY,29-Feb-2024,19550,CE,0,0,0,2719.05,2582.9,0,0,50,0,26-FEB-2024,
OPTIDX,NIFTY,29-Feb-2024,19600,CE,2579.35,2590,2510,2533.65,2533.65,32,354.23,11350,-1200,26-FEB-2024,
OPTIDX,NIFTY,29-Feb-2024,19650,CE,0,0,0,2456.7,2482.95,0,0,200,0,26-FEB-2024,
OPTIDX,NIFTY,29-Feb-2024,19700,CE,2499,2499,2410,2441.05,2441.05,54,598.34,18650,-2250,26-FEB-2024,
OPTIDX,NIFTY,29-Feb-2024,19750,CE,0,0,0,1930.05,2383,0,0,300,0,26-FEB-2024,
OPTIDX,NIFTY,29-Feb-2024,19800,CE,2350,2350,2300,2345,2345,42,464.47,8650,-2100,26-FEB-2024,
OPTIDX,NIFTY,29-Feb-2024,19850,CE,0,0,0,2393.55,2283.05,0,0,250,0,26-FEB-2024,
OPTIDX,NIFTY,29-Feb-2024,19900,CE,2275.05,2275.05,2210,2260,2233.1,26,287.66,8150,-1200,26-FEB-2024,
OPTIDX,NIFTY,29-Feb-2024,19950,CE,2347.25,2347.25,2250,2250,2183.1,2,22.24,1700,0,26-FEB-2024,
OPTIDX,NIFTY,29-Feb-2024,20000,CE,2195,2221.55,2090,2143.95,2143.95,2285,25307.43,466300,-43950,26-FEB-2024,
OPTIDX,NIFTY,29-Feb-2024,20050,CE,0,0,0,2119.15,2083.15,0,0,950,0,26-FEB-2024,
OPTIDX,NIFTY,29-Feb-2024,20100,CE,2100,2100,2039.6,2044.2,2044.2,67,742.16,7000,-2850,26-FEB-2024,
OPTIDX,NIFTY,29-Feb-2024,20150,CE,1985,1985,1985,1985,1983.25,1,11.06,200,-50,26-FEB-2024,
OPTIDX,NIFTY,29-Feb-2024,20200,CE,1982.75,1982.75,1903.05,1935,1935,52,575.34,13350,-2500,26-FEB-2024,
OPTIDX,NIFTY,29-Feb-2024,20250,CE,0,0,0,1832.15,1883.3,0,0,1650,0,26-FEB-2024,
OPTIDX,NIFTY,29-Feb-2024,20300,CE,1850,1882.6,1805,1882.6,1833.3,46,508.59,17400,-2300,26-FEB-2024,
OPTIDX,NIFTY,29-Feb-2024,20350,CE,0,0,0,1880,1783.35,0,0,2000,0,26-FEB-2024,
OPTIDX,NIFTY,29-Feb-2024,20400,CE,1812.95,1815,1720,1762.55,1733.35,71,786.74,39400,-3450,26-FEB-2024,
OPTIDX,NIFTY,29-Feb-2024,20450,CE,0,0,0,1808.55,1683.4,0,0,1000,0,26-FEB-2024,
OPTIDX,NIFTY,29-Feb-2024,20500,CE,1701.65,1725,1599,1652.3,1652.3,846,9371.5,230950,-32400,26-FEB-2024,
OPTIDX,NIFTY,29-Feb-2024,20550,CE,1620,1643,1590,1643,1583.45,16,177.48,950,-250,26-FEB-2024,
OPTIDX,NIFTY,29-Feb-2024,20600,CE,1580,1599,1502,1533.15,1533.15,106,1174.12,14750,-700,26-FEB-2024,
OPTIDX,NIFTY,29-Feb-2024,20650,CE,1551.6,1551.6,1476.95,1476.95,1483.5,3,33.23,1250,0,26-FEB-2024,
OPTIDX,NIFTY,29-Feb-2024,20700,CE,1460,1462,1395,1443.05,1443.05,77,852.25,58900,-450,26-FEB-2024,
OPTIDX,NIFTY,29-Feb-2024,20750,CE,1457.7,1457.7,1421.05,1421.05,1383.55,10,110.94,3350,0,26-FEB-2024,
OPTIDX,NIFTY,29-Feb-2024,20800,CE,1405,1405,1321.95,1344,1344,48,531.81,83500,-450,26-FEB-2024,
OPTIDX,NIFTY,29-Feb-2024,20850,CE,1320,1320,1320,1320,1320,1,11.08,6000,-50,26-FEB-2024,
OPTIDX,NIFTY,29-Feb-2024,20900,CE,1290.7,1299.9,1190.55,1242.4,1242.4,62,686.28,97700,-200,26-FEB-2024,
OPTIDX,NIFTY,29-Feb-2024,20950,CE,1203.95,1203.95,1158.1,1158.1,1183.65,10,110.72,4600,-200,26-FEB-2024,
OPTIDX,NIFTY,29-Feb-2024,21000,CE,1200,1227.7,1090,1141.4,1141.4,2696,29861.31,444200,-42800,26-FEB-2024,
OPTIDX,NIFTY,29-Feb-2024,21050,CE,1100,1100,1080.25,1098.4,1098.4,6,66.41,7800,-50,26-FEB-2024,
OPTIDX,NIFTY,29-Feb-2024,21100,CE,1111.55,1111.55,1009.95,1050.55,1050.55,182,2015.75,81550,-3750,26-FEB-2024,
OPTIDX,NIFTY,29-Feb-2024,21150,CE,1051.95,1052,951.3,993.55,993.55,65,720.02,12300,-500,26-FEB-2024,
OPTIDX,NIFTY,29-Feb-2024,21200,CE,1000,1022,900,938.75,938.75,336,3721.46,121650,-8850,26-FEB-2024,
OPTIDX,NIFTY,29-Feb-2024,21250,CE,954.65,971.75,860,895.25,895.25,50,553.61,13750,-800,26-FEB-2024,
OPTIDX,NIFTY,29-Feb-2024,21300,CE,895,933.45,792.4,844.65,844.65,591,6545.42,220200,-12450,26-FEB-2024,
OPTIDX,NIFTY,29-Feb-2024,21350,CE,860.2,860.2,770,777.9,783.95,15,166.16,19600,-50,26-FEB-2024,
OPTIDX,NIFTY,29-Feb-2024,21400,CE,790.05,830,695.8,744.25,744.25,543,6016.55,176550,-2350,26-FEB-2024,
OPTIDX,NIFTY,29-Feb-2024,21450,CE,763.95,763.95,650,697.35,697.35,170,1882.2,21500,-4000,26-FEB-2024,
OPTIDX,NIFTY,29-Feb-2024,21500,CE,717.7,734,598.65,648.1,648.1,5203,57660.12,897100,-27250,26-FEB-2024,
OPTIDX,NIFTY,29-Feb-2024,21550,CE,651.9,684.7,566.85,599.9,599.9,329,3647.11,23300,-2700,26-FEB-2024,
OPTIDX,NIFTY,29-Feb-2024,21600,CE,610.25,635.9,507.95,551.2,551.2,1631,18077.32,282800,-14950,26-FEB-2024,
OPTIDX,NIFTY,29-Feb-2024,21650,CE,559,576.65,462,505.15,505.15,655,7258.78,42050,-1700,26-FEB-2024,
OPTIDX,NIFTY,29-Feb-2024,21700,CE,505,542.75,418,460.6,460.6,9199,101987.27,611800,-25800,26-FEB-2024,
OPTIDX,NIFTY,29-Feb-2024,21750,CE,465.25,494.4,376.15,414.75,414.75,1967,21809.01,60300,2900,26-FEB-2024,
OPTIDX,NIFTY,29-Feb-2024,21800,CE,428.05,452,336,374.05,374.05,25974,288136.98,993150,-41500,26-FEB-2024,
OPTIDX,NIFTY,29-Feb-2024,21850,CE,400,411.2,297,336.85,336.85,6322,70146.64,104500,10100,26-FEB-2024,
OPTIDX,NIFTY,29-Feb-2024,21900,CE,345.4,366.65,260.15,290.5,290.5,52690,584950.98,724200,48050,26-FEB-2024,
OPTIDX,NIFTY,29-Feb-2024,21950,CE,310.7,327,225.75,253.7,253.7,40022,444550.87,199250,50300,26-FEB-2024,
OPTIDX,NIFTY,29-Feb-2024,22000,CE,220,289.55,194,217.55,217.55,430578,4786130.18,3629600,-50050,26-FEB-2024,
OPTIDX,NIFTY,29-Feb-2024,22050,CE,228.9,253.15,164.5,185.25,185.25,243100,2703995.87,620000,289500,26-FEB-2024,
OPTIDX,NIFTY,29-Feb-2024,22100,CE,211.05,218.9,137.55,155.55,155.55,1448550,16127553.24,3527600,1947950,26-FEB-2024,
OPTIDX,NIFTY,29-Feb-2024,22150,CE,171.95,187,113.6,128.9,128.9,1452279,16187821.69,2615850,1957400,26-FEB-2024,
OPTIDX,NIFTY,29-Feb-2024,22200,CE,153,158,92.8,104.8,104.8,2191970,24461583.5,6560500,2761700,26-FEB-2024,
OPTIDX,NIFTY,29-Feb-2024,22250,CE,139.5,139.5,74.5,84.25,84.25,892394,9970897.68,3169950,711300,26-FEB-2024,
OPTIDX,NIFTY,29-Feb-2024,22300,CE,100,108.65,58.6,66.25,66.25,1408881,15763498.63,6832900,1299100,26-FEB-2024,
OPTIDX,NIFTY,29-Feb-2024,22350,CE,82.05,87.95,45.1,50.9,50.9,622867,6979126.33,1948750,762900,26-FEB-2024,
OPTIDX,NIFTY,29-Feb-2024,22400,CE,74.1,74.1,34.3,38.7,38.7,1162435,13046339.94,5769900,1581650,26-FEB-2024,
OPTIDX,NIFTY,29-Feb-2024,22450,CE,56.6,61.5,25.85,28.9,28.9,581889,6541827.43,2321750,608700,26-FEB-2024,
OPTIDX,NIFTY,29-Feb-2024,22500,CE,33.3,42.35,19.4,21.6,21.6,1120601,12621888.82,6799600,219400,26-FEB-2024,
OPTIDX,NIFTY,29-Feb-2024,22550,CE,27.9,32.35,14.15,15.5,15.5,454985,5134413.07,1833200,706450,26-FEB-2024,
OPTIDX,NIFTY,29-Feb-2024,22600,CE,19.7,24.25,10,11.1,11.1,783545,8859761.59,5338200,1443100,26-FEB-2024,
OPTIDX,NIFTY,29-Feb-2024,22650,CE,8.1,17.95,7.15,7.95,7.95,480628,5445618.14,2096550,316750,26-FEB-2024,
OPTIDX,NIFTY,29-Feb-2024,22700,CE,9,13.15,4.95,5.7,5.7,799784,9080701.24,5639200,1629150,26-FEB-2024,
OPTIDX,NIFTY,29-Feb-2024,22750,CE,8.35,9.7,3.85,4.3,4.3,464109,5280619.75,2116600,147300,26-FEB-2024,
OPTIDX,NIFTY,29-Feb-2024,22800,CE,7.65,7.65,2.85,3.35,3.35,620888,7079600.06,5291350,9350,26-FEB-2024,
OPTIDX,NIFTY,29-Feb-2024,22850,CE,4.1,5.6,2.3,2.75,2.75,251832,2877660.88,1982650,21500,26-FEB-2024,
OPTIDX,NIFTY,29-Feb-2024,22900,CE,4.15,4.45,2.2,2.5,2.5,474320,5431759.07,4573350,2140850,26-FEB-2024,
OPTIDX,NIFTY,29-Feb-2024,22950,CE,4,4,1.8,2.25,2.25,193749,2223548.38,1218050,-29650,26-FEB-2024,
OPTIDX,NIFTY,29-Feb-2024,23000,CE,3.35,3.55,1.85,2.1,2.1,876569,10081734.19,12953900,310600,26-FEB-2024,
OPTIDX,NIFTY,29-Feb-2024,23050,CE,2.75,3.05,1.65,1.9,1.9,193382,2228962.04,1795400,219600,26-FEB-2024,
OPTIDX,NIFTY,29-Feb-2024,23100,CE,1.85,2.7,1.45,1.65,1.65,316019,3650354.3,3156500,-1591600,26-FEB-2024,
OPTIDX,NIFTY,29-Feb-2024,23150,CE,2.05,2.5,1.25,1.5,1.5,81514,943599.37,1125450,40350,26-FEB-2024,
OPTIDX,NIFTY,29-Feb-2024,23200,CE,2,2.2,1.2,1.45,1.45,299402,3473323.51,2998900,129950,26-FEB-2024,
OPTIDX,NIFTY,29-Feb-2024,23250,CE,1.9,2.15,1.2,1.45,1.45,43883,510175.23,489550,-50200,26-FEB-2024,
OPTIDX,NIFTY,29-Feb-2024,23300,CE,1.65,1.75,1.2,1.4,1.4,198991,2318396.76,1232000,-186350,26-FEB-2024,
OPTIDX,NIFTY,29-Feb-2024,23350,CE,1.55,1.65,1.1,1.3,1.3,36066,421096.33,369750,-36550,26-FEB-2024,
OPTIDX,NIFTY,29-Feb-2024,23400,CE,1.5,1.5,1.05,1.3,1.3,129806,1518815.5,978850,-72850,26-FEB-2024,
OPTIDX,NIFTY,29-Feb-2024,23450,CE,1.45,1.45,0.95,1.2,1.2,32282,378526.14,458650,103700,26-FEB-2024,
OPTIDX,NIFTY,29-Feb-2024,23500,CE,0.9,1.35,0.8,1.15,1.15,347507,4083391.83,4465850,691450,26-FEB-2024,
OPTIDX,NIFTY,29-Feb-2024,23550,CE,1.15,1.2,0.75,0.85,0.85,37445,440932.94,386100,100950,26-FEB-2024,
OPTIDX,NIFTY,29-Feb-2024,23600,CE,0.9,1,0.65,0.85,0.85,182422,2152653.16,2229000,596650,26-FEB-2024,
OPTIDX,NIFTY,29-Feb-2024,23650,CE,0.85,1,0.6,0.75,0.75,18957,224173.88,230250,61950,26-FEB-2024,
OPTIDX,NIFTY,29-Feb-2024,23700,CE,0.75,0.85,0.6,0.7,0.7,66839,792065.72,793000,-15950,26-FEB-2024,
OPTIDX,NIFTY,29-Feb-2024,23750,CE,0.7,0.8,0.6,0.65,0.65,21272,252612.28,270400,-25650,26-FEB-2024,
OPTIDX,NIFTY,29-Feb-2024,23800,CE,0.7,0.8,0.55,0.65,0.65,31210,371409.37,977050,-47150,26-FEB-2024,
OPTIDX,NIFTY,29-Feb-2024,23850,CE,0.65,0.75,0.5,0.6,0.6,24663,294114.04,751950,-71000,26-FEB-2024,
OPTIDX,NIFTY,29-Feb-2024,23900,CE,0.6,0.7,0.5,0.6,0.6,38677,462201.79,909750,-98650,26-FEB-2024,
OPTIDX,NIFTY,29-Feb-2024,23950,CE,0.65,0.7,0.45,0.55,0.55,62047,743030.31,1435300,-65900,26-FEB-2024,
OPTIDX,NIFTY,29-Feb-2024,18650,PE,0.45,0.5,0.15,0.2,0.2,174379,1626107.75,4121700,3191350,26-FEB-2024,
OPTIDX,NIFTY,29-Feb-2024,18700,PE,0.45,0.6,0.2,0.25,0.25,7456,69714.78,236800,109350,26-FEB-2024,
OPTIDX,NIFTY,29-Feb-2024,18750,PE,0.65,0.65,0.15,0.2,0.2,5904,55350.8,119150,70950,26-FEB-2024,
OPTIDX,NIFTY,29-Feb-2024,18800,PE,0.6,0.6,0.25,0.3,0.3,3477,32684.39,58500,1950,26-FEB-2024,
OPTIDX,NIFTY,29-Feb-2024,18850,PE,0.8,0.8,0.2,0.3,0.3,1765,16635.44,36800,7400,26-FEB-2024,
OPTIDX,NIFTY,29-Feb-2024,18900,PE,0.65,0.65,0.25,0.3,0.3,1861,17586.79,66650,9750,26-FEB-2024,
OPTIDX,NIFTY,29-Feb-2024,18950,PE,0.6,0.6,0.3,0.3,0.3,480,4548.08,35450,550,26-FEB-2024,
OPTIDX,NIFTY,29-Feb-2024,19000,PE,0.65,0.65,0.35,0.35,0.35,9302,88370.9,1099400,62150,26-FEB-2024,
OPTIDX,NIFTY,29-Feb-2024,19050,PE,0.65,0.75,0.25,0.35,0.35,3025,28813.63,61200,21300,26-FEB-2024,
OPTIDX,NIFTY,29-Feb-2024,19100,PE,0.6,0.6,0.25,0.3,0.3,1232,11765.82,47050,1550,26-FEB-2024,
OPTIDX,NIFTY,29-Feb-2024,19150,PE,0.6,0.65,0.25,0.3,0.3,2794,26753,106400,53700,26-FEB-2024,
OPTIDX,NIFTY,29-Feb-2024,19200,PE,0.5,0.6,0.25,0.3,0.3,5195,49872.86,136900,71500,26-FEB-2024,
OPTIDX,NIFTY,29-Feb-2024,19250,PE,0.6,0.6,0.3,0.35,0.35,1153,11097.83,38850,5350,26-FEB-2024,
OPTIDX,NIFTY,29-Feb-2024,19300,PE,0.65,0.65,0.3,0.35,0.35,1909,18422.23,93600,-1000,26-FEB-2024,
OPTIDX,NIFTY,29-Feb-2024,19350,PE,0.4,0.9,0.35,0.45,0.45,1996,19311.83,58800,24400,26-FEB-2024,
OPTIDX,NIFTY,29-Feb-2024,19400,PE,0.6,0.65,0.25,0.3,0.3,3142,30477.98,81850,700,26-FEB-2024,
OPTIDX,NIFTY,29-Feb-2024,19450,PE,0.6,0.7,0.3,0.4,0.4,3670,35691.46,88100,39650,26-FEB-2024,
OPTIDX,NIFTY,29-Feb-2024,19500,PE,0.55,0.65,0.4,0.5,0.5,20478,199665.32,1848200,94000,26-FEB-2024,
OPTIDX,NIFTY,29-Feb-2024,19550,PE,0.8,0.8,0.35,0.4,0.4,1864,18221.03,49750,-200,26-FEB-2024,
OPTIDX,NIFTY,29-Feb-2024,19600,PE,0.8,0.8,0.35,0.45,0.45,1483,14533.75,68800,7400,26-FEB-2024,
OPTIDX,NIFTY,29-Feb-2024,19650,PE,0.75,0.9,0.4,0.5,0.5,1516,14895.08,60150,9450,26-FEB-2024,
OPTIDX,NIFTY,29-Feb-2024,19700,PE,0.9,0.9,0.4,0.45,0.45,3028,29826.57,869500,15950,26-FEB-2024,
OPTIDX,NIFTY,29-Feb-2024,19750,PE,0.8,1.05,0.45,0.5,0.5,1828,18052.02,37800,4400,26-FEB-2024,
OPTIDX,NIFTY,29-Feb-2024,19800,PE,0.8,1.1,0.45,0.45,0.45,2972,29423.61,211750,30750,26-FEB-2024,
OPTIDX,NIFTY,29-Feb-2024,19850,PE,1,2,0.5,0.55,0.55,1627,16148.47,30650,-9200,26-FEB-2024,
OPTIDX,NIFTY,29-Feb-2024,19900,PE,0.55,1.2,0.45,0.5,0.5,1623,16149.36,78200,-12450,26-FEB-2024,
OPTIDX,NIFTY,29-Feb-2024,19950,PE,1,1.1,0.45,0.5,0.5,2291,22853.41,57950,32250,26-FEB-2024,
OPTIDX,NIFTY,29-Feb-2024,20000,PE,1.15,1.2,0.55,0.6,0.6,35554,355553.2,2346100,81250,26-FEB-2024,
OPTIDX,NIFTY,29-Feb-2024,20050,PE,1,1.15,0.5,0.6,0.6,4076,40863.25,38300,-38900,26-FEB-2024,
OPTIDX,NIFTY,29-Feb-2024,20100,PE,1,1.55,0.5,0.65,0.65,5223,52493.04,209700,-1250,26-FEB-2024,
OPTIDX,NIFTY,29-Feb-2024,20150,PE,1.05,1.15,0.5,0.55,0.55,2540,25591.35,46450,26750,26-FEB-2024,
OPTIDX,NIFTY,29-Feb-2024,20200,PE,1.1,1.25,0.55,0.65,0.65,8163,82449.65,310850,-3550,26-FEB-2024,
OPTIDX,NIFTY,29-Feb-2024,20250,PE,1.15,1.2,0.55,0.6,0.6,3666,37119.59,58900,39900,26-FEB-2024,
OPTIDX,NIFTY,29-Feb-2024,20300,PE,1.15,1.25,0.6,0.7,0.7,9746,98926.04,367300,-23100,26-FEB-2024,
OPTIDX,NIFTY,29-Feb-2024,20350,PE,0.85,1.15,0.55,0.6,0.6,3712,37771.01,72650,37800,26-FEB-2024,
OPTIDX,NIFTY,29-Feb-2024,20400,PE,1.2,1.3,0.5,0.6,0.6,13267,135328.83,307350,-7450,26-FEB-2024,
OPTIDX,NIFTY,29-Feb-2024,20450,PE,1.25,1.25,0.55,0.6,0.6,11203,114554.9,107600,51500,26-FEB-2024,
OPTIDX,NIFTY,29-Feb-2024,20500,PE,1.5,1.5,0.6,0.7,0.7,92216,945255.93,2037850,72750,26-FEB-2024,
OPTIDX,NIFTY,29-Feb-2024,20550,PE,1.3,1.3,0.6,0.7,0.7,14387,147832.41,80100,38500,26-FEB-2024,
OPTIDX,NIFTY,29-Feb-2024,20600,PE,1.35,1.45,0.65,0.75,0.75,34118,351430.7,587400,49050,26-FEB-2024,
OPTIDX,NIFTY,29-Feb-2024,20650,PE,1.2,1.2,0.65,0.75,0.75,18455,190555.96,129100,17400,26-FEB-2024,
OPTIDX,NIFTY,29-Feb-2024,20700,PE,1.45,1.45,0.75,0.8,0.8,77555,802730.14,1333300,147200,26-FEB-2024,
OPTIDX,NIFTY,29-Feb-2024,20750,PE,1.4,1.75,0.65,0.85,0.85,19307,200320.16,211300,43400,26-FEB-2024,
OPTIDX,NIFTY,29-Feb-2024,20800,PE,1.5,1.5,0.9,1,1,79326,825035.26,1339550,-86650,26-FEB-2024,
OPTIDX,NIFTY,29-Feb-2024,20850,PE,1.65,1.7,0.95,1.1,1.1,22196,231407.03,393250,-60250,26-FEB-2024,
OPTIDX,NIFTY,29-Feb-2024,20900,PE,1.75,1.75,1.05,1.15,1.15,97239,1016209.13,1255250,-83200,26-FEB-2024,
OPTIDX,NIFTY,29-Feb-2024,20950,PE,2,2.35,1.15,1.25,1.25,37532,393175.23,429050,-49950,26-FEB-2024,
OPTIDX,NIFTY,29-Feb-2024,21000,PE,2.05,2.15,1.25,1.35,1.35,383658,4028716.89,7258200,-348700,26-FEB-2024,
OPTIDX,NIFTY,29-Feb-2024,21050,PE,2,2.55,1.25,1.35,1.35,36206,381097,499500,-1750,26-FEB-2024,
OPTIDX,NIFTY,29-Feb-2024,21100,PE,2.5,2.9,1.3,1.4,1.4,168759,1780555.15,2115250,268850,26-FEB-2024,
OPTIDX,NIFTY,29-Feb-2024,21150,PE,2.6,3.65,1.35,1.5,1.5,76821,812458.06,647900,-6150,26-FEB-2024,
OPTIDX,NIFTY,29-Feb-2024,21200,PE,3.3,3.3,1.55,1.7,1.7,308526,3270712.76,3354950,-700350,26-FEB-2024,
OPTIDX,NIFTY,29-Feb-2024,21250,PE,4,4.3,1.7,1.9,1.9,127661,1356565.55,860450,-303050,26-FEB-2024,
OPTIDX,NIFTY,29-Feb-2024,21300,PE,3.65,5.95,2.05,2.3,2.3,332647,3543202.38,3369050,232700,26-FEB-2024,
OPTIDX,NIFTY,29-Feb-2024,21350,PE,4.85,5.9,2.5,2.9,2.9,172364,1840323.79,1358500,345400,26-FEB-2024,
OPTIDX,NIFTY,29-Feb-2024,21400,PE,5.4,7.7,3.3,3.85,3.85,447944,4794102.77,4146300,1047350,26-FEB-2024,
OPTIDX,NIFTY,29-Feb-2024,21450,PE,7.35,9.8,4,4.85,4.85,243536,2612671.1,1164200,471500,26-FEB-2024,
OPTIDX,NIFTY,29-Feb-2024,21500,PE,8.55,12.75,5.3,6.45,6.45,655350,7047683.15,6869200,1564450,26-FEB-2024,
OPTIDX,NIFTY,29-Feb-2024,21550,PE,9.55,16.05,6.6,8,8,274897,2963418.87,1197950,376900,26-FEB-2024,
OPTIDX,NIFTY,29-Feb-2024,21600,PE,12.8,20.3,8.5,10.6,10.6,477820,5163570.05,3834250,434550,26-FEB-2024,
OPTIDX,NIFTY,29-Feb-2024,21650,PE,16.65,25.55,11,14,14,295010,3195930.15,1115000,273700,26-FEB-2024,
OPTIDX,NIFTY,29-Feb-2024,21700,PE,19.85,32.2,14.15,18.3,18.3,560523,6087674.71,3775750,224950,26-FEB-2024,
OPTIDX,NIFTY,29-Feb-2024,21750,PE,23.4,40,18.05,23.5,23.5,314252,3421779.6,1216850,2600,26-FEB-2024,
OPTIDX,NIFTY,29-Feb-2024,21800,PE,28.4,49.55,23.1,30.25,30.25,781646,8533244.3,4323900,872850,26-FEB-2024,
OPTIDX,NIFTY,29-Feb-2024,21850,PE,35,60.7,27.65,38.3,38.3,440165,4818169.57,1467500,705000,26-FEB-2024,
OPTIDX,NIFTY,29-Feb-2024,21900,PE,43.3,74.15,36.75,48.05,48.05,953474,10465680.42,4619600,1061450,26-FEB-2024,
OPTIDX,NIFTY,29-Feb-2024,21950,PE,54.5,89.9,46.35,60.4,60.4,549892,6053054.9,1519050,73900,26-FEB-2024,
OPTIDX,NIFTY,29-Feb-2024,22000,PE,70,107.6,57.8,74.85,74.85,1760542,19436541.21,6632950,-784000,26-FEB-2024,
OPTIDX,NIFTY,29-Feb-2024,22050,PE,79.5,128.55,71.85,92.6,92.6,815304,9028760.37,1280800,463400,26-FEB-2024,
OPTIDX,NIFTY,29-Feb-2024,22100,PE,110,151.9,88.45,112.65,112.65,2273228,25252963.13,4310250,1438350,26-FEB-2024,
OPTIDX,NIFTY,29-Feb-2024,22150,PE,113.2,177.85,107.25,135.9,135.9,1572464,17523565.13,2049950,1158600,26-FEB-2024,
OPTIDX,NIFTY,29-Feb-2024,22200,PE,148.05,206.7,127.8,162,162,1701791,19026714.83,3682300,-265850,26-FEB-2024,
OPTIDX,NIFTY,29-Feb-2024,22250,PE,160,238.6,152.05,191.5,191.5,388188,4355231.69,849300,-795750,26-FEB-2024,
OPTIDX,NIFTY,29-Feb-2024,22300,PE,191.05,272.4,178.6,223.4,223.4,479938,5403846.22,1572150,-467800,26-FEB-2024,
OPTIDX,NIFTY,29-Feb-2024,22350,PE,226.25,309.15,208,258.9,258.9,62750,709127.45,264450,-67500,26-FEB-2024,
OPTIDX,NIFTY,29-Feb-2024,22400,PE,260.05,348,240.5,297,297,124597,1413612.04,767650,45500,26-FEB-2024,
OPTIDX,NIFTY,29-Feb-2024,22450,PE,301.75,388,275.6,336.55,336.55,9517,108371.63,67750,-29750,26-FEB-2024,
OPTIDX,NIFTY,29-Feb-2024,22500,PE,335.45,432.65,312.65,378.45,378.45,60877,696225.4,950050,-141900,26-FEB-2024,
OPTIDX,NIFTY,29-Feb-2024,22550,PE,394,477.65,353.4,423.15,423.15,2926,33602.45,35700,-300,26-FEB-2024,
OPTIDX,NIFTY,29-Feb-2024,22600,PE,423,523.15,395,467.45,467.45,6634,76477,67600,-31050,26-FEB-2024,
OPTIDX,NIFTY,29-Feb-2024,22650,PE,462,572.05,442.8,514.1,514.1,741,8573.18,14800,-3400,26-FEB-2024,
OPTIDX,NIFTY,29-Feb-2024,22700,PE,520.05,614.85,484.3,566,566,3108,36124.62,160950,-18800,26-FEB-2024,
OPTIDX,NIFTY,29-Feb-2024,22750,PE,560,662.3,532.5,613.15,613.15,187,2183.59,15900,200,26-FEB-2024,
OPTIDX,NIFTY,29-Feb-2024,22800,PE,625,707.5,579,656.35,656.35,1150,13478.43,25150,-9250,26-FEB-2024,
OPTIDX,NIFTY,29-Feb-2024,22850,PE,647.05,716.35,647.05,707.2,707.2,37,435.6,6050,550,26-FEB-2024,
OPTIDX,NIFTY,29-Feb-2024,22900,PE,705.05,792.25,679.6,768.45,765.35,201,2374.51,8800,-1300,26-FEB-2024,
OPTIDX,NIFTY,29-Feb-2024,22950,PE,759.5,806.6,750,806.6,815.25,21,249.01,4750,-300,26-FEB-2024,
OPTIDX,NIFTY,29-Feb-2024,23000,PE,800,912.95,777.25,859.25,859.25,2408,28711.26,516300,-36250,26-FEB-2024,
OPTIDX,NIFTY,29-Feb-2024,23050,PE,0,0,0,815.45,915.15,0,0,2700,0,26-FEB-2024,
OPTIDX,NIFTY,29-Feb-2024,23100,PE,970,982.65,901,960.6,960.6,50,600.98,3950,-300,26-FEB-2024,
OPTIDX,NIFTY,29-Feb-2024,23150,PE,0,0,0,994.3,1015.1,0,0,350,0,26-FEB-2024,
OPTIDX,NIFTY,29-Feb-2024,23200,PE,1040,1071.65,1040,1066.25,1065.1,4,48.5,6150,-150,26-FEB-2024,
OPTIDX,NIFTY,29-Feb-2024,23250,PE,0,0,0,936.7,1115.05,0,0,300,0,26-FEB-2024,
OPTIDX,NIFTY,29-Feb-2024,23300,PE,1165,1165,1128.4,1153.7,1165.05,46,562.26,5750,-1800,26-FEB-2024,
OPTIDX,NIFTY,29-Feb-2024,23350,PE,0,0,0,1496.75,1215,0,0,200,0,26-FEB-2024,
OPTIDX,NIFTY,29-Feb-2024,23400,PE,1240,1279.45,1240,1279.45,1264.95,6,73.95,1900,0,26-FEB-2024,
OPTIDX,NIFTY,29-Feb-2024,23450,PE,0,0,0,2407.4,1314.95,0,0,0,0,26-FEB-2024,
OPTIDX,NIFTY,29-Feb-2024,23500,PE,1310,1402.65,1279.1,1356.7,1356.7,375,4660.86,133400,-10700,26-FEB-2024,
OPTIDX,NIFTY,29-Feb-2024,23550,PE,0,0,0,1866.75,1414.9,0,0,50,0,26-FEB-2024,
OPTIDX,NIFTY,29-Feb-2024,23600,PE,0,0,0,1624.85,1464.85,0,0,950,0,26-FEB-2024,
OPTIDX,NIFTY,29-Feb-2024,23650,PE,0,0,0,1632.85,1514.85,0,0,1000,0,26-FEB-2024,
OPTIDX,NIFTY,29-Feb-2024,23700,PE,1509.65,1564.55,1505,1564.55,1564.55,8,100.9,2500,150,26-FEB-2024,
OPTIDX,NIFTY,29-Feb-2024,23750,PE,0,0,0,1596.3,1614.8,0,0,3000,0,26-FEB-2024,
OPTIDX,NIFTY,29-Feb-2024,23800,PE,0,0,0,1550,1664.75,0,0,2750,0,26-FEB-2024,
OPTIDX,NIFTY,29-Feb-2024,23850,PE,0,0,0,1636.2,1714.7,0,0,3750,0,26-FEB-2024,
OPTIDX,NIFTY,29-Feb-2024,23900,PE,0,0,0,1670,1764.7,0,0,300,0,26-FEB-2024,
OPTIDX,NIFTY,29-Feb-2024,23950,PE,0,0,0,1700,1814.65,0,0,350,0,26-FEB-2024,
OPTIDX,NIFTY,07-Mar-2024,19850,CE,0,0,0,1994.1,2308.7,0,0,0,0,26-FEB-2024,
OPTIDX,NIFTY,07-Mar-2024,19900,CE,0,0,0,2430,2258.8,0,0,50,0,26-FEB-2024,
OPTIDX,NIFTY,07-Mar-2024,19950,CE,2300,2300,2270,2270,2270,3,33.35,350,-50,26-FEB-2024,
OPTIDX,NIFTY,07-Mar-2024,20000,CE,2260,2275.85,2182.25,2207.4,2207.4,156,1734.79,6900,6050,26-FEB-2024,
OPTIDX,NIFTY,07-Mar-2024,20050,CE,2210,2210,2140,2180,2109.1,15,166.62,900,550,26-FEB-2024,
OPTIDX,NIFTY,07-Mar-2024,20100,CE,2100,2120,2090,2091,2059.2,8,88.81,550,400,26-FEB-2024,
OPTIDX,NIFTY,07-Mar-2024,20150,CE,2065,2065,2060,2061.5,2061.5,34,377.59,1700,1700,26-FEB-2024,
OPTIDX,NIFTY,07-Mar-2024,20200,CE,0,0,0,2130,1959.35,0,0,100,0,26-FEB-2024,
OPTIDX,NIFTY,07-Mar-2024,20250,CE,0,0,0,1611,1909.45,0,0,0,0,26-FEB-2024,
OPTIDX,NIFTY,07-Mar-2024,20300,CE,0,0,0,2000,1859.55,0,0,50,0,26-FEB-2024,
OPTIDX,NIFTY,07-Mar-2024,20350,CE,0,0,0,1880,1809.65,0,0,100,0,26-FEB-2024,
OPTIDX,NIFTY,07-Mar-2024,20400,CE,0,0,0,1837,1759.75,0,0,200,0,26-FEB-2024,
OPTIDX,NIFTY,07-Mar-2024,20450,CE,0,0,0,1425.7,1709.85,0,0,0,0,26-FEB-2024,
OPTIDX,NIFTY,07-Mar-2024,20500,CE,1764.3,1764.3,1685,1736.55,1736.55,59,655.8,3100,2950,26-FEB-2024,
OPTIDX,NIFTY,07-Mar-2024,20550,CE,1665,1700,1660,1662.5,1662.5,49,544.3,2750,2150,26-FEB-2024,
OPTIDX,NIFTY,07-Mar-2024,20600,CE,1635,1660,1620,1660,1560.15,5,55.58,350,150,26-FEB-2024,
OPTIDX,NIFTY,07-Mar-2024,20650,CE,0,0,0,1246.7,1510.25,0,0,0,0,26-FEB-2024,
OPTIDX,NIFTY,07-Mar-2024,20700,CE,1518,1520,1518,1518.3,1518.3,23,255.51,1150,1150,26-FEB-2024,
OPTIDX,NIFTY,07-Mar-2024,20750,CE,0,0,0,1590,1410.45,0,0,300,0,26-FEB-2024,
OPTIDX,NIFTY,07-Mar-2024,20800,CE,1415,1425,1385,1417,1417,23,255.39,1000,1000,26-FEB-2024,
OPTIDX,NIFTY,07-Mar-2024,20850,CE,0,0,0,1075.8,1310.75,0,0,0,0,26-FEB-2024,
OPTIDX,NIFTY,07-Mar-2024,20900,CE,0,0,0,1034.55,1260.9,0,0,0,0,26-FEB-2024,
OPTIDX,NIFTY,07-Mar-2024,20950,CE,0,0,0,994,1211.15,0,0,0,0,26-FEB-2024,
OPTIDX,NIFTY,07-Mar-2024,21000,CE,1270,1284.9,1180,1219.2,1219.2,305,3385.78,24650,12750,26-FEB-2024,
OPTIDX,NIFTY,07-Mar-2024,21050,CE,0,0,0,1268.35,1111.75,0,0,150,0,26-FEB-2024,
OPTIDX,NIFTY,07-Mar-2024,21100,CE,0,0,0,1231,1062.2,0,0,50,0,26-FEB-2024,
OPTIDX,NIFTY,07-Mar-2024,21150,CE,0,0,0,838.8,1012.75,0,0,0,0,26-FEB-2024,
OPTIDX,NIFTY,07-Mar-2024,21200,CE,1011.25,1081,1000.95,1024.75,1024.75,25,277.99,1300,950,26-FEB-2024,
OPTIDX,NIFTY,07-Mar-2024,21250,CE,985,993.85,985,993.85,914.45,2,22.23,100,100,26-FEB-2024,
OPTIDX,NIFTY,07-Mar-2024,21300,CE,960.65,976,921,928,928,74,822.61,4350,3250,26-FEB-2024,
OPTIDX,NIFTY,07-Mar-2024,21350,CE,871,913,871,889.95,889.95,3,33.36,200,50,26-FEB-2024,
OPTIDX,NIFTY,07-Mar-2024,21400,CE,885.2,886,808.1,837.3,837.3,149,1656.86,6900,4850,26-FEB-2024,
OPTIDX,NIFTY,07-Mar-2024,21450,CE,799,827.45,799,819.6,721.9,7,77.94,50,50,26-FEB-2024,
OPTIDX,NIFTY,07-Mar-2024,21500,CE,811.15,811.15,729.5,752.9,752.9,242,2693.94,56000,3800,26-FEB-2024,
OPTIDX,NIFTY,07-Mar-2024,21550,CE,689.75,725,678.2,707.5,707.5,148,1646.31,4650,1600,26-FEB-2024,
OPTIDX,NIFTY,07-Mar-2024,21600,CE,710,719.35,645,663.15,663.15,116,1291.92,24400,1400,26-FEB-2024,
OPTIDX,NIFTY,07-Mar-2024,21650,CE,594.7,661.6,591.5,619.05,619.05,173,1925.66,5350,1100,26-FEB-2024,
OPTIDX,NIFTY,07-Mar-2024,21700,CE,624.95,646.65,550,577.45,577.45,393,4380.22,73900,1250,26-FEB-2024,
OPTIDX,NIFTY,07-Mar-2024,21750,CE,550,579.8,512.05,538.05,538.05,111,1236.99,13350,2800,26-FEB-2024,
OPTIDX,NIFTY,07-Mar-2024,21800,CE,530,563.3,468.35,498.25,498.25,1306,14564.25,225700,15950,26-FEB-2024,
OPTIDX,NIFTY,07-Mar-2024,21850,CE,488.55,516,431.6,460.1,460.1,325,3626.33,11600,4150,26-FEB-2024,
OPTIDX,NIFTY,07-Mar-2024,21900,CE,462.75,485,398.45,423.5,423.5,1592,17780.32,92450,6900,26-FEB-2024,
OPTIDX,NIFTY,07-Mar-2024,21950,CE,412.55,442,362.65,386.6,386.6,696,7775.71,20100,7650,26-FEB-2024,
OPTIDX,NIFTY,07-Mar-2024,22000,CE,397.35,408.85,328.55,352.95,352.95,16897,188927.18,989950,63300,26-FEB-2024,
OPTIDX,NIFTY,07-Mar-2024,22050,CE,349.95,374.1,297.65,317.8,317.8,3076,34415.13,38500,17800,26-FEB-2024,
OPTIDX,NIFTY,07-Mar-2024,22100,CE,319.45,340.85,267.55,286.5,286.5,43112,482799.05,499250,155350,26-FEB-2024,
OPTIDX,NIFTY,07-Mar-2024,22150,CE,284.15,307.75,240,257.1,257.1,22044,247114.77,176400,130050,26-FEB-2024,
OPTIDX,NIFTY,07-Mar-2024,22200,CE,263.85,277.2,212.65,227.35,227.35,55997,628303.14,711350,311200,26-FEB-2024,
OPTIDX,NIFTY,07-Mar-2024,22250,CE,239.15,247.95,188.4,201.6,201.6,14375,161458.79,162300,54450,26-FEB-2024,
OPTIDX,NIFTY,07-Mar-2024,22300,CE,210,219.95,164.7,175.7,175.7,35038,393977.53,726950,149900,26-FEB-2024,
OPTIDX,NIFTY,07-Mar-2024,22350,CE,187.05,194.65,144.3,154.15,154.15,8195,92249.28,98000,32450,26-FEB-2024,
OPTIDX,NIFTY,07-Mar-2024,22400,CE,163.85,170.65,124.25,133,133,27575,310804.96,381300,126350,26-FEB-2024,
OPTIDX,NIFTY,07-Mar-2024,22450,CE,138.85,148.4,107.5,114.4,114.4,11530,130131.59,113000,41150,26-FEB-2024,
OPTIDX,NIFTY,07-Mar-2024,22500,CE,115,128.1,91.55,96.8,96.8,42186,476806.78,628300,171000,26-FEB-2024,
OPTIDX,NIFTY,07-Mar-2024,22550,CE,105.6,109.75,77.7,81.9,81.9,8346,94472.94,98000,14650,26-FEB-2024,
OPTIDX,NIFTY,07-Mar-2024,22600,CE,91.7,93,65.2,68.55,68.55,24777,280904.5,365800,67450,26-FEB-2024,
OPTIDX,NIFTY,07-Mar-2024,22650,CE,78.8,78.85,54.9,57.55,57.55,5448,61873.01,75200,19950,26-FEB-2024,
OPTIDX,NIFTY,07-Mar-2024,22700,CE,63.7,66.6,45.5,47.35,47.35,20621,234595.78,363300,98700,26-FEB-2024,
OPTIDX,NIFTY,07-Mar-2024,22750,CE,45.9,55.15,37.4,38.95,38.95,7708,87844.22,105450,64950,26-FEB-2024,
OPTIDX,NIFTY,07-Mar-2024,22800,CE,40,45.5,30.4,31.95,31.95,32186,367508.47,478800,106950,26-FEB-2024,
OPTIDX,NIFTY,07-Mar-2024,22850,CE,39.25,39.25,24.85,26.25,26.25,9566,109435.46,73200,24450,26-FEB-2024,
OPTIDX,NIFTY,07-Mar-2024,22900,CE,28,35.15,19.95,21,21,21884,250839.67,287900,113450,26-FEB-2024,
OPTIDX,NIFTY,07-Mar-2024,22950,CE,21.15,25.3,16.5,17.65,17.65,11513,132223.52,114650,16800,26-FEB-2024,
OPTIDX,NIFTY,07-Mar-2024,23000,CE,21.9,27.05,13.55,14.4,14.4,37036,426221.18,672550,94800,26-FEB-2024,
OPTIDX,NIFTY,07-Mar-2024,23050,CE,18.25,18.25,10.8,11.45,11.45,3026,34895.03,68950,8500,26-FEB-2024,
OPTIDX,NIFTY,07-Mar-2024,23100,CE,12.8,13,8.7,9.2,9.2,17241,199224.52,356250,168200,26-FEB-2024,
OPTIDX,NIFTY,07-Mar-2024,23150,CE,11,11,7.2,7.7,7.7,5183,60016.58,113750,56700,26-FEB-2024,
OPTIDX,NIFTY,07-Mar-2024,23200,CE,9.05,9.1,5.55,6.2,6.2,8765,101704.85,251850,2700,26-FEB-2024,
OPTIDX,NIFTY,07-Mar-2024,23250,CE,7.4,7.4,4.5,4.95,4.95,4392,51069.66,91150,25550,26-FEB-2024,
OPTIDX,NIFTY,07-Mar-2024,23300,CE,5.55,6.1,3.7,4.05,4.05,14230,165812.51,347850,-7800,26-FEB-2024,
OPTIDX,NIFTY,07-Mar-2024,23350,CE,5.45,5.45,3.7,4.05,4.05,973,11361.92,21350,6450,26-FEB-2024,
OPTIDX,NIFTY,07-Mar-2024,23400,CE,4.35,4.6,3.4,3.6,3.6,3972,46480.13,133750,57800,26-FEB-2024,
OPTIDX,NIFTY,07-Mar-2024,23450,CE,4.5,4.5,3.15,3.3,3.3,844,9897.41,31250,16550,26-FEB-2024,
OPTIDX,NIFTY,07-Mar-2024,23500,CE,4.7,4.85,2.7,2.85,2.85,15889,186720.94,254900,-134150,26-FEB-2024,
OPTIDX,NIFTY,07-Mar-2024,23550,CE,3.95,3.95,2.7,2.9,2.9,421,4957.94,14300,8650,26-FEB-2024,
OPTIDX,NIFTY,07-Mar-2024,23600,CE,3.6,3.7,2.3,2.5,2.5,2624,30966.68,56500,15950,26-FEB-2024,
OPTIDX,NIFTY,07-Mar-2024,23650,CE,3.3,3.3,2.4,2.5,2.5,306,3618.88,14200,5200,26-FEB-2024,
OPTIDX,NIFTY,07-Mar-2024,23700,CE,3.2,3.2,2.2,2.35,2.35,819,9706.2,32150,-100,26-FEB-2024,
OPTIDX,NIFTY,07-Mar-2024,23750,CE,2.8,2.9,2.1,2.35,2.35,224,2660.27,10900,2950,26-FEB-2024,
OPTIDX,NIFTY,07-Mar-2024,23800,CE,2.7,2.7,2,2.2,2.2,840,9996.94,31900,3100,26-FEB-2024,
OPTIDX,NIFTY,07-Mar-2024,23850,CE,2.5,3.35,2.05,2.3,2.3,366,4365,9250,5400,26-FEB-2024,
OPTIDX,NIFTY,07-Mar-2024,23900,CE,2.55,2.65,2.05,2.15,2.15,827,9883.58,20750,3500,26-FEB-2024,
OPTIDX,NIFTY,07-Mar-2024,23950,CE,2.6,3.2,2,2.2,2.2,875,10479.1,22850,7650,26-FEB-2024,
OPTIDX,NIFTY,07-Mar-2024,19850,PE,2.25,2.8,1.7,2.05,2.05,94,933.04,6750,550,26-FEB-2024,
OPTIDX,NIFTY,07-Mar-2024,19900,PE,2,2.85,1.65,2.15,2.15,205,2039.96,5700,5700,26-FEB-2024,
OPTIDX,NIFTY,07-Mar-2024,19950,PE,2.75,2.95,1.9,2.1,2.1,233,2324.45,9450,2050,26-FEB-2024,
OPTIDX,NIFTY,07-Mar-2024,20000,PE,2.9,2.9,2.1,2.25,2.25,1382,13821.63,111650,13450,26-FEB-2024,
OPTIDX,NIFTY,07-Mar-2024,20050,PE,3.05,3.05,2.7,2.85,0.05,43,431.13,1150,150,26-FEB-2024,
OPTIDX,NIFTY,07-Mar-2024,20100,PE,2.6,2.6,2.35,2.45,0.05,13,130.66,1150,0,26-FEB-2024,
OPTIDX,NIFTY,07-Mar-2024,20150,PE,1.7,2.7,1.7,2.4,2.4,89,896.77,350,350,26-FEB-2024,
OPTIDX,NIFTY,07-Mar-2024,20200,PE,0,0,0,18.55,0.05,0,0,0,0,26-FEB-2024,
OPTIDX,NIFTY,07-Mar-2024,20250,PE,0,0,0,3.05,0.05,0,0,2650,0,26-FEB-2024,
OPTIDX,NIFTY,07-Mar-2024,20300,PE,0,0,0,23.2,0.05,0,0,1400,0,26-FEB-2024,
OPTIDX,NIFTY,07-Mar-2024,20350,PE,0,0,0,23.35,0.05,0,0,600,0,26-FEB-2024,
OPTIDX,NIFTY,07-Mar-2024,20400,PE,3.55,4.6,2.7,2.9,2.9,1033,10538.28,22800,16850,26-FEB-2024,
OPTIDX,NIFTY,07-Mar-2024,20450,PE,3.65,4.4,3.1,3.2,3.2,309,3160.08,7000,950,26-FEB-2024,
OPTIDX,NIFTY,07-Mar-2024,20500,PE,3.4,4.3,3,3.15,3.15,5089,52171.37,123150,-17100,26-FEB-2024,
OPTIDX,NIFTY,07-Mar-2024,20550,PE,0,0,0,4.05,0.05,0,0,4250,0,26-FEB-2024,
OPTIDX,NIFTY,07-Mar-2024,20600,PE,3.95,5.7,3.65,3.95,3.95,4558,46957.89,82650,67200,26-FEB-2024,
OPTIDX,NIFTY,07-Mar-2024,20650,PE,4.75,5.95,3.8,4.15,4.15,417,4306.56,7500,-1150,26-FEB-2024,
OPTIDX,NIFTY,07-Mar-2024,20700,PE,5.05,6.6,4.2,4.45,4.45,4768,49361.12,115300,22650,26-FEB-2024,
OPTIDX,NIFTY,07-Mar-2024,20750,PE,5.5,6.95,4.45,5.05,5.05,504,5230.43,16250,2500,26-FEB-2024,
OPTIDX,NIFTY,07-Mar-2024,20800,PE,5.55,7.6,4.4,4.8,4.8,11577,120434.65,112600,22800,26-FEB-2024,
OPTIDX,NIFTY,07-Mar-2024,20850,PE,6,8.4,5.35,5.8,5.8,450,4692.7,15600,50,26-FEB-2024,
OPTIDX,NIFTY,07-Mar-2024,20900,PE,6.8,9.35,5.85,6.2,6.2,8009,83722.87,201200,51850,26-FEB-2024,
OPTIDX,NIFTY,07-Mar-2024,20950,PE,8,10.35,6.45,7.3,7.3,2069,21680.98,39400,17600,26-FEB-2024,
OPTIDX,NIFTY,07-Mar-2024,21000,PE,9.75,11.75,7,7.75,7.75,18490,194228.96,369700,92200,26-FEB-2024,
OPTIDX,NIFTY,07-Mar-2024,21050,PE,10.45,13.35,8,9.1,9.1,2278,23988,21600,-250,26-FEB-2024,
OPTIDX,NIFTY,07-Mar-2024,21100,PE,11.2,15.2,8.95,10.1,10.1,20041,211546.96,339300,128050,26-FEB-2024,
OPTIDX,NIFTY,07-Mar-2024,21150,PE,14.65,17.65,10.5,11.8,11.8,1436,15195.32,31250,100,26-FEB-2024,
OPTIDX,NIFTY,07-Mar-2024,21200,PE,14.3,19.8,11.7,13.8,13.8,12140,128774.04,344450,80850,26-FEB-2024,
OPTIDX,NIFTY,07-Mar-2024,21250,PE,16.8,23.1,13.7,16.2,16.2,2430,25839.33,44900,17950,26-FEB-2024,
OPTIDX,NIFTY,07-Mar-2024,21300,PE,21.6,26.9,15.9,18.9,18.9,13540,144338.42,355150,81050,26-FEB-2024,
OPTIDX,NIFTY,07-Mar-2024,21350,PE,22.35,30.85,18.5,21.7,21.7,3053,32626.22,49500,23050,26-FEB-2024,
OPTIDX,NIFTY,07-Mar-2024,21400,PE,26.15,35.75,21.4,25.3,25.3,22050,236236.54,503050,72550,26-FEB-2024,
OPTIDX,NIFTY,07-Mar-2024,21450,PE,31.25,41.1,25.25,29.8,29.8,3226,34650.52,77300,4500,26-FEB-2024,
OPTIDX,NIFTY,07-Mar-2024,21500,PE,33,46.75,29,34.3,34.3,28521,307118.85,573100,78750,26-FEB-2024,
OPTIDX,NIFTY,07-Mar-2024,21550,PE,39.25,53.45,33.7,39.4,39.4,3732,40290.12,86700,6950,26-FEB-2024,
OPTIDX,NIFTY,07-Mar-2024,21600,PE,44.1,60.85,38.5,44.95,44.95,27327,295781.86,448700,198150,26-FEB-2024,
OPTIDX,NIFTY,07-Mar-2024,21650,PE,52.15,69,44.65,52.4,52.4,4694,50939.54,65400,-2300,26-FEB-2024,
OPTIDX,NIFTY,07-Mar-2024,21700,PE,64,78.2,51,59.15,59.15,21732,236467.98,322150,39200,26-FEB-2024,
OPTIDX,NIFTY,07-Mar-2024,21750,PE,60.5,89.05,58.65,69.55,69.55,8473,92449.22,62700,18800,26-FEB-2024,
OPTIDX,NIFTY,07-Mar-2024,21800,PE,80,101,67.15,79.5,79.5,36385,398062.46,664750,284000,26-FEB-2024,
OPTIDX,NIFTY,07-Mar-2024,21850,PE,92.35,113.85,76.45,90.05,90.05,8052,88336.05,81400,33000,26-FEB-2024,
OPTIDX,NIFTY,07-Mar-2024,21900,PE,100,127.5,70,102.2,102.2,29922,329198.86,326900,26950,26-FEB-2024,
OPTIDX,NIFTY,07-Mar-2024,21950,PE,109.95,143.25,98.35,116.5,116.5,7472,82442.82,62200,5550,26-FEB-2024,
OPTIDX,NIFTY,07-Mar-2024,22000,PE,130,160,111.5,130.55,130.55,72205,799068.96,1434150,40450,26-FEB-2024,
OPTIDX,NIFTY,07-Mar-2024,22050,PE,138.05,179,126.25,147.7,147.7,11003,122132.63,62650,14250,26-FEB-2024,
OPTIDX,NIFTY,07-Mar-2024,22100,PE,150,199,141.85,165.5,165.5,82148,914657.94,737700,227100,26-FEB-2024,
OPTIDX,NIFTY,07-Mar-2024,22150,PE,175.65,220.6,159.85,186,186,30056,335658.85,113050,30350,26-FEB-2024,
OPTIDX,NIFTY,07-Mar-2024,22200,PE,194,244.3,178.6,206.65,206.65,67277,753735.42,616150,209950,26-FEB-2024,
OPTIDX,NIFTY,07-Mar-2024,22250,PE,221.15,268.65,200,230.7,230.7,9664,108610.17,70950,-14450,26-FEB-2024,
OPTIDX,NIFTY,07-Mar-2024,22300,PE,239.9,295.55,221.65,254.9,254.9,18600,209749.51,486050,17750,26-FEB-2024,
OPTIDX,NIFTY,07-Mar-2024,22350,PE,255.6,321.35,245.85,282.9,282.9,2581,29203.89,36250,5450,26-FEB-2024,
OPTIDX,NIFTY,07-Mar-2024,22400,PE,282.7,353.8,272.45,311.4,311.4,7305,82929.44,102650,11400,26-FEB-2024,
OPTIDX,NIFTY,07-Mar-2024,22450,PE,311.6,385.55,299.45,343.8,343.8,979,11154.27,34950,3850,26-FEB-2024,
OPTIDX,NIFTY,07-Mar-2024,22500,PE,358.85,421.6,329.8,373.85,373.85,4645,53123.5,183600,20250,26-FEB-2024,
OPTIDX,NIFTY,07-Mar-2024,22550,PE,389.45,451.65,368.35,408.1,408.1,450,5163.74,31250,1800,26-FEB-2024,
OPTIDX,NIFTY,07-Mar-2024,22600,PE,415,491.05,396.3,446.55,446.55,1884,21706.5,98800,-1700,26-FEB-2024,
OPTIDX,NIFTY,07-Mar-2024,22650,PE,454.5,497.05,443.5,485.55,485.55,97,1121.73,19950,800,26-FEB-2024,
OPTIDX,NIFTY,07-Mar-2024,22700,PE,490.05,560,471.6,526.6,526.6,316,3666.37,42750,-5900,26-FEB-2024,
OPTIDX,NIFTY,07-Mar-2024,22750,PE,583.2,596.6,526.55,567.35,567.35,17,198.15,9000,200,26-FEB-2024,
OPTIDX,NIFTY,07-Mar-2024,22800,PE,573,654,550,609.7,609.7,236,2762.56,16500,2400,26-FEB-2024,
OPTIDX,NIFTY,07-Mar-2024,22850,PE,0,0,0,576.75,699.2,0,0,4850,0,26-FEB-2024,
OPTIDX,NIFTY,07-Mar-2024,22900,PE,665,734.05,652.7,678.35,746.15,32,377.47,2100,250,26-FEB-2024,
OPTIDX,NIFTY,07-Mar-2024,22950,PE,0,0,0,1169.5,793.7,0,0,0,0,26-FEB-2024,
OPTIDX,NIFTY,07-Mar-2024,23000,PE,750,844.4,741.75,794.85,794.85,179,2128.66,11500,1450,26-FEB-2024,
OPTIDX,NIFTY,07-Mar-2024,23050,PE,0,0,0,1255.8,890.1,0,0,0,0,26-FEB-2024,
OPTIDX,NIFTY,07-Mar-2024,23100,PE,881.75,885.4,881.75,885.4,885.4,2,23.98,500,0,26-FEB-2024,
OPTIDX,NIFTY,07-Mar-2024,23150,PE,0,0,0,1343.9,987.85,0,0,0,0,26-FEB-2024,
OPTIDX,NIFTY,07-Mar-2024,23200,PE,0,0,0,1388.6,1037.05,0,0,0,0,26-FEB-2024,
OPTIDX,NIFTY,07-Mar-2024,23250,PE,0,0,0,1433.7,1086.45,0,0,0,0,26-FEB-2024,
OPTIDX,NIFTY,07-Mar-2024,23300,PE,0,0,0,1479.15,1135.95,0,0,0,0,26-FEB-2024,
OPTIDX,NIFTY,07-Mar-2024,23350,PE,0,0,0,1524.95,1185.6,0,0,0,0,26-FEB-2024,
OPTIDX,NIFTY,07-Mar-2024,23400,PE,0,0,0,1571.1,1235.25,0,0,0,0,26-FEB-2024,
OPTIDX,NIFTY,07-Mar-2024,23450,PE,0,0,0,1617.5,1285,0,0,0,0,26-FEB-2024,
OPTIDX,NIFTY,07-Mar-2024,23500,PE,0,0,0,1664.2,1334.8,0,0,0,0,26-FEB-2024,
OPTIDX,NIFTY,07-Mar-2024,23550,PE,0,0,0,1711.15,1384.65,0,0,0,0,26-FEB-2024,
OPTIDX,NIFTY,07-Mar-2024,23600,PE,0,0,0,1758.35,1434.5,0,0,0,0,26-FEB-2024,
OPTIDX,NIFTY,07-Mar-2024,23650,PE,0,0,0,1805.75,1484.35,0,0,0,0,26-FEB-2024,
OPTIDX,NIFTY,07-Mar-2024,23700,PE,0,0,0,1853.35,1534.2,0,0,0,0,26-FEB-2024,
OPTIDX,NIFTY,07-Mar-2024,23750,PE,0,0,0,1901.15,1584.1,0,0,0,0,26-FEB-2024,
OPTIDX,NIFTY,07-Mar-2024,23800,PE,0,0,0,1949.15,1634,0,0,0,0,26-FEB-2024,
OPTIDX,NIFTY,07-Mar-2024,23850,PE,0,0,0,1997.3,1683.9,0,0,0,0,26-FEB-2024,
OPTIDX,NIFTY,07-Mar-2024,23900,PE,0,0,0,2045.6,1733.8,0,0,0,0,26-FEB-2024,
OPTIDX,NIFTY,07-Mar-2024,23950,PE,0,0,0,2094,1783.7,0,0,0,0,26-FEB-2024,
OPTIDX,NIFTY,14-Mar-2024,19850,CE,2475.7,2475.7,2385.4,2385.4,2334.35,2,22.28,50,50,26-FEB-2024,
OPTIDX,NIFTY,14-Mar-2024,19900,CE,0,0,0,1965.8,2284.5,0,0,0,0,26-FEB-2024,
OPTIDX,NIFTY,14-Mar-2024,19950,CE,0,0,0,2440,2234.65,0,0,50,0,26-FEB-2024,
OPTIDX,NIFTY,14-Mar-2024,20000,CE,2320,2320,2265,2265,2265,3,33.42,150,150,26-FEB-2024,
OPTIDX,NIFTY,14-Mar-2024,20050,CE,2270,2270,2210,2210,2210,3,33.42,150,150,26-FEB-2024,
OPTIDX,NIFTY,14-Mar-2024,20100,CE,2220,2220,2160,2160,2085.15,2,22.29,100,100,26-FEB-2024,
OPTIDX,NIFTY,14-Mar-2024,20150,CE,0,0,0,2014.95,2035.3,0,0,0,0,26-FEB-2024,
OPTIDX,NIFTY,14-Mar-2024,20200,CE,0,0,0,1677.55,1985.5,0,0,0,0,26-FEB-2024,
OPTIDX,NIFTY,14-Mar-2024,20250,CE,0,0,0,1630.25,1935.65,0,0,0,0,26-FEB-2024,
OPTIDX,NIFTY,14-Mar-2024,20300,CE,0,0,0,1583.25,1885.85,0,0,0,0,26-FEB-2024,
OPTIDX,NIFTY,14-Mar-2024,20350,CE,0,0,0,1536.55,1836,0,0,0,0,26-FEB-2024,
OPTIDX,NIFTY,14-Mar-2024,20400,CE,0,0,0,1490.2,1786.2,0,0,0,0,26-FEB-2024,
OPTIDX,NIFTY,14-Mar-2024,20450,CE,0,0,0,1444.15,1736.4,0,0,0,0,26-FEB-2024,
OPTIDX,NIFTY,14-Mar-2024,20500,CE,1760,1760,1760,1760,1686.65,1,11.13,50,50,26-FEB-2024,
OPTIDX,NIFTY,14-Mar-2024,20550,CE,0,0,0,1353.25,1636.85,0,0,0,0,26-FEB-2024,
OPTIDX,NIFTY,14-Mar-2024,20600,CE,1665,1665,1650,1655,1655,3,33.38,200,150,26-FEB-2024,
OPTIDX,NIFTY,14-Mar-2024,20650,CE,1605,1605,1605,1605,1537.45,2,22.25,100,100,26-FEB-2024,
OPTIDX,NIFTY,14-Mar-2024,20700,CE,1550,1550,1550,1550,1487.8,1,11.12,50,50,26-FEB-2024,
OPTIDX,NIFTY,14-Mar-2024,20750,CE,0,0,0,1176.9,1438.25,0,0,0,0,26-FEB-2024,
OPTIDX,NIFTY,14-Mar-2024,20800,CE,0,0,0,1134.1,1388.7,0,0,0,0,26-FEB-2024,
OPTIDX,NIFTY,14-Mar-2024,20850,CE,0,0,0,1091.9,1339.3,0,0,0,0,26-FEB-2024,
OPTIDX,NIFTY,14-Mar-2024,20900,CE,0,0,0,1050.3,1290,0,0,0,0,26-FEB-2024,
OPTIDX,NIFTY,14-Mar-2024,20950,CE,0,0,0,1009.35,1240.85,0,0,0,0,26-FEB-2024,
OPTIDX,NIFTY,14-Mar-2024,21000,CE,0,0,0,969.05,1191.9,0,0,0,0,26-FEB-2024,
OPTIDX,NIFTY,14-Mar-2024,21050,CE,0,0,0,929.5,1143.15,0,0,0,0,26-FEB-2024,
OPTIDX,NIFTY,14-Mar-2024,21100,CE,0,0,0,1255.95,1094.65,0,0,0,0,26-FEB-2024,
OPTIDX,NIFTY,14-Mar-2024,21150,CE,0,0,0,852.6,1046.45,0,0,0,0,26-FEB-2024,
OPTIDX,NIFTY,14-Mar-2024,21200,CE,0,0,0,800,998.6,0,0,0,0,26-FEB-2024,
OPTIDX,NIFTY,14-Mar-2024,21250,CE,0,0,0,778.65,951.15,0,0,0,0,26-FEB-2024,
OPTIDX,NIFTY,14-Mar-2024,21300,CE,1037.75,1037.75,1037.75,1037.75,904.2,1,11.16,350,-50,26-FEB-2024,
OPTIDX,NIFTY,14-Mar-2024,21350,CE,0,0,0,708.3,857.75,0,0,0,0,26-FEB-2024,
OPTIDX,NIFTY,14-Mar-2024,21400,CE,909.2,909.2,909.2,909.2,811.95,1,11.15,50,50,26-FEB-2024,
OPTIDX,NIFTY,14-Mar-2024,21450,CE,0,0,0,641.45,766.85,0,0,0,0,26-FEB-2024,
OPTIDX,NIFTY,14-Mar-2024,21500,CE,850,864,794,796.35,796.35,41,457.88,2400,100,26-FEB-2024,
OPTIDX,NIFTY,14-Mar-2024,21550,CE,788,788,788,788,679.1,1,11.16,1150,50,26-FEB-2024,
OPTIDX,NIFTY,14-Mar-2024,21600,CE,754.75,754.75,726.75,745.1,636.6,4,44.69,2100,100,26-FEB-2024,
OPTIDX,NIFTY,14-Mar-2024,21650,CE,0,0,0,761.5,595.15,0,0,1300,0,26-FEB-2024,
OPTIDX,NIFTY,14-Mar-2024,21700,CE,687.35,687.35,640,662.15,662.15,33,369.12,6900,-200,26-FEB-2024,
OPTIDX,NIFTY,14-Mar-2024,21750,CE,605.75,650,592.35,619.9,515.75,5,55.92,2250,50,26-FEB-2024,
OPTIDX,NIFTY,14-Mar-2024,21800,CE,620,620,548.8,571.6,571.6,216,2416.95,11200,4150,26-FEB-2024,
OPTIDX,NIFTY,14-Mar-2024,21850,CE,569.95,569.95,569.95,569.95,441.6,1,11.2,1400,0,26-FEB-2024,
OPTIDX,NIFTY,14-Mar-2024,21900,CE,547.3,550.05,472.5,498.7,498.7,120,1344,5300,-600,26-FEB-2024,
OPTIDX,NIFTY,14-Mar-2024,21950,CE,495,516.7,442.65,458,458,25,280.28,4100,100,26-FEB-2024,
OPTIDX,NIFTY,14-Mar-2024,22000,CE,473.9,484.5,408.2,435.75,435.75,2462,27626.8,138450,29650,26-FEB-2024,
OPTIDX,NIFTY,14-Mar-2024,22050,CE,440,440,384.55,393.4,393.4,114,1279.71,5850,1450,26-FEB-2024,
OPTIDX,NIFTY,14-Mar-2024,22100,CE,395.45,417.75,349.85,367.75,367.75,1593,17900.27,27400,14350,26-FEB-2024,
OPTIDX,NIFTY,14-Mar-2024,22150,CE,396.3,396.3,319.85,335.65,335.65,1478,16624.49,17550,9500,26-FEB-2024,
OPTIDX,NIFTY,14-Mar-2024,22200,CE,323.85,354.45,292.8,308.1,308.1,2562,28845.85,91150,36850,26-FEB-2024,
OPTIDX,NIFTY,14-Mar-2024,22250,CE,320.2,324.15,269.25,279.7,279.7,325,3662.53,16200,4900,26-FEB-2024,
OPTIDX,NIFTY,14-Mar-2024,22300,CE,272.65,294.75,241.75,254.25,254.25,2323,26209.28,57700,17550,26-FEB-2024,
OPTIDX,NIFTY,14-Mar-2024,22350,CE,260,269.4,217,229.65,229.65,236,2665.44,15100,350,26-FEB-2024,
OPTIDX,NIFTY,14-Mar-2024,22400,CE,238.9,243.2,196.7,206.1,206.1,1517,17153.26,34250,7400,26-FEB-2024,
OPTIDX,NIFTY,14-Mar-2024,22450,CE,219.4,219.4,177.55,183.75,183.75,212,2399.73,9200,1100,26-FEB-2024,
OPTIDX,NIFTY,14-Mar-2024,22500,CE,190.85,198,157.95,164.9,164.9,3093,35065.65,50000,12600,26-FEB-2024,
OPTIDX,NIFTY,14-Mar-2024,22550,CE,170,176.65,143.2,150.65,150.65,94,1067.11,3100,2000,26-FEB-2024,
OPTIDX,NIFTY,14-Mar-2024,22600,CE,152.25,157.7,123.35,129.3,129.3,1251,14220.19,24950,19000,26-FEB-2024,
OPTIDX,NIFTY,14-Mar-2024,22650,CE,125.35,125.35,108.25,112.35,112.35,56,637.46,1350,850,26-FEB-2024,
OPTIDX,NIFTY,14-Mar-2024,22700,CE,113.05,122.75,90.45,98.7,98.7,842,9601.14,16300,7000,26-FEB-2024,
OPTIDX,NIFTY,14-Mar-2024,22750,CE,105.9,105.9,84.65,86.85,86.85,193,2204.67,6050,5200,26-FEB-2024,
OPTIDX,NIFTY,14-Mar-2024,22800,CE,84.1,93.95,73.3,75.6,75.6,1817,20787.72,39150,17300,26-FEB-2024,
OPTIDX,NIFTY,14-Mar-2024,22850,CE,71,72.9,62.65,65.4,65.4,187,2142.81,6400,4900,26-FEB-2024,
OPTIDX,NIFTY,14-Mar-2024,22900,CE,66.15,70.25,53.6,55.15,55.15,809,9287.31,26900,17850,26-FEB-2024,
OPTIDX,NIFTY,14-Mar-2024,22950,CE,48.5,54.35,47.3,48.25,48.25,227,2610.53,10350,6900,26-FEB-2024,
OPTIDX,NIFTY,14-Mar-2024,23000,CE,51.9,53.25,39.05,41.3,41.3,5332,61438.19,118150,32350,26-FEB-2024,
OPTIDX,NIFTY,14-Mar-2024,23050,CE,0,0,0,47.45,20.65,0,0,2300,0,26-FEB-2024,
OPTIDX,NIFTY,14-Mar-2024,23100,CE,35.55,38.65,27.9,29.35,29.35,1570,18158.4,36250,19750,26-FEB-2024,
OPTIDX,NIFTY,14-Mar-2024,23150,CE,29.95,29.95,22.8,24.05,24.05,215,2491.43,5650,5350,26-FEB-2024,
OPTIDX,NIFTY,14-Mar-2024,23200,CE,27.55,27.55,18.7,19.85,19.85,507,5886.62,16250,11500,26-FEB-2024,
OPTIDX,NIFTY,14-Mar-2024,23250,CE,21,21,15.85,17.7,17.7,72,837.67,3000,2600,26-FEB-2024,
OPTIDX,NIFTY,14-Mar-2024,23300,CE,19.65,19.65,12.95,13.5,13.5,787,9174.49,43100,1350,26-FEB-2024,
OPTIDX,NIFTY,14-Mar-2024,23350,CE,18,18,12.1,13.25,6.4,94,1098.08,4650,4250,26-FEB-2024,
OPTIDX,NIFTY,14-Mar-2024,23400,CE,14.75,17,9.25,10.5,10.5,187,2188.98,11250,2450,26-FEB-2024,
OPTIDX,NIFTY,14-Mar-2024,23450,CE,14.6,15.95,8.5,9.7,9.7,116,1360.7,5750,3300,26-FEB-2024,
OPTIDX,NIFTY,14-Mar-2024,23500,CE,9.45,10.25,6.65,7.55,7.55,1180,13869.99,46800,12100,26-FEB-2024,
OPTIDX,NIFTY,14-Mar-2024,23550,CE,10.3,10.3,7.05,7.85,2.65,90,1060.11,8150,1350,26-FEB-2024,
OPTIDX,NIFTY,14-Mar-2024,23600,CE,10.05,12.4,5.5,6.05,6.05,662,7813.81,15250,10900,26-FEB-2024,
OPTIDX,NIFTY,14-Mar-2024,23650,CE,6.05,6.05,6.05,6.05,1.65,1,11.82,50,50,26-FEB-2024,
OPTIDX,NIFTY,14-Mar-2024,23700,CE,0,0,0,17.65,1.3,0,0,0,0,26-FEB-2024,
OPTIDX,NIFTY,14-Mar-2024,23750,CE,0,0,0,15.8,1.05,0,0,0,0,26-FEB-2024,
OPTIDX,NIFTY,14-Mar-2024,23800,CE,0,0,0,14.1,0.8,0,0,0,0,26-FEB-2024,
OPTIDX,NIFTY,14-Mar-2024,23850,CE,0,0,0,12.55,0.6,0,0,0,0,26-FEB-2024,
OPTIDX,NIFTY,14-Mar-2024,23900,CE,4.7,5.4,3.85,4.25,4.25,181,2163.37,10400,1050,26-FEB-2024,
OPTIDX,NIFTY,14-Mar-2024,23950,CE,5.9,7,3.55,3.8,0.35,71,850.38,2900,1750,26-FEB-2024,
OPTIDX,NIFTY,14-Mar-2024,19850,PE,0.1,0.1,0.1,0.1,0.05,1,9.92,50,50,26-FEB-2024,
OPTIDX,NIFTY,14-Mar-2024,19900,PE,0,0,0,7.3,0.05,0,0,0,0,26-FEB-2024,
OPTIDX,NIFTY,14-Mar-2024,19950,PE,0,0,0,19.8,0.05,0,0,1000,0,26-FEB-2024,
OPTIDX,NIFTY,14-Mar-2024,20000,PE,0,0,0,3.1,0.05,0,0,1150,0,26-FEB-2024,
OPTIDX,NIFTY,14-Mar-2024,20050,PE,0,0,0,25.85,0.05,0,0,1000,0,26-FEB-2024,
OPTIDX,NIFTY,14-Mar-2024,20100,PE,0,0,0,9.8,0.05,0,0,1150,0,26-FEB-2024,
OPTIDX,NIFTY,14-Mar-2024,20150,PE,0,0,0,28.1,0.05,0,0,4350,0,26-FEB-2024,
OPTIDX,NIFTY,14-Mar-2024,20200,PE,0,0,0,16.95,0.05,0,0,0,0,26-FEB-2024,
OPTIDX,NIFTY,14-Mar-2024,20250,PE,0,0,0,19.3,0.05,0,0,0,0,26-FEB-2024,
OPTIDX,NIFTY,14-Mar-2024,20300,PE,0,0,0,21.95,0.05,0,0,0,0,26-FEB-2024,
OPTIDX,NIFTY,14-Mar-2024,20350,PE,0,0,0,24.9,0.1,0,0,0,0,26-FEB-2024,
OPTIDX,NIFTY,14-Mar-2024,20400,PE,0,0,0,28.2,0.1,0,0,0,0,26-FEB-2024,
OPTIDX,NIFTY,14-Mar-2024,20450,PE,0,0,0,31.8,0.15,0,0,0,0,26-FEB-2024,
OPTIDX,NIFTY,14-Mar-2024,20500,PE,8,10.5,6.7,8.1,8.1,997,10223.44,44250,12500,26-FEB-2024,
OPTIDX,NIFTY,14-Mar-2024,20550,PE,7,7,7,7,7,20,205.57,1000,1000,26-FEB-2024,
OPTIDX,NIFTY,14-Mar-2024,20600,PE,0,0,0,45,0.45,0,0,0,0,26-FEB-2024,
OPTIDX,NIFTY,14-Mar-2024,20650,PE,0,0,0,50.3,0.6,0,0,0,0,26-FEB-2024,
OPTIDX,NIFTY,14-Mar-2024,20700,PE,0,0,0,15,0.8,0,0,50,0,26-FEB-2024,
OPTIDX,NIFTY,14-Mar-2024,20750,PE,0,0,0,62.4,1.05,0,0,0,0,26-FEB-2024,
OPTIDX,NIFTY,14-Mar-2024,20800,PE,14.1,24.9,13,14.35,14.35,205,2133.61,8400,2450,26-FEB-2024,
OPTIDX,NIFTY,14-Mar-2024,20850,PE,0,0,0,76.7,1.8,0,0,0,0,26-FEB-2024,
OPTIDX,NIFTY,14-Mar-2024,20900,PE,0,0,0,9.6,2.35,0,0,850,0,26-FEB-2024,
OPTIDX,NIFTY,14-Mar-2024,20950,PE,22.75,24.3,21.8,21.95,21.95,159,1667.34,2200,2200,26-FEB-2024,
OPTIDX,NIFTY,14-Mar-2024,21000,PE,19.55,27.65,17.1,21.9,21.9,6531,68649.55,92850,-59000,26-FEB-2024,
OPTIDX,NIFTY,14-Mar-2024,21050,PE,24.8,25.7,22.3,23.5,23.5,142,1496.33,4000,-4350,26-FEB-2024,
OPTIDX,NIFTY,14-Mar-2024,21100,PE,25.2,33.6,24.5,26.25,26.25,721,7616.59,11950,3750,26-FEB-2024,
OPTIDX,NIFTY,14-Mar-2024,21150,PE,26.4,36.1,26.4,28.55,28.55,181,1917.05,6900,100,26-FEB-2024,
OPTIDX,NIFTY,14-Mar-2024,21200,PE,28.3,41.05,26.85,32.1,32.1,1846,19598.46,45550,13600,26-FEB-2024,
OPTIDX,NIFTY,14-Mar-2024,21250,PE,34,44.7,32.4,36.7,36.7,350,3725.58,9100,1400,26-FEB-2024,
OPTIDX,NIFTY,14-Mar-2024,21300,PE,42.95,50.6,34.3,39.9,39.9,1992,21256.59,52150,21700,26-FEB-2024,
OPTIDX,NIFTY,14-Mar-2024,21350,PE,26,55.5,26,45.65,45.65,177,1893.78,6050,6000,26-FEB-2024,
OPTIDX,NIFTY,14-Mar-2024,21400,PE,45,62.2,42.9,50.55,50.55,714,7658.27,23750,10100,26-FEB-2024,
OPTIDX,NIFTY,14-Mar-2024,21450,PE,56.15,56.15,55.3,55.75,55.75,81,870.98,4550,3800,26-FEB-2024,
OPTIDX,NIFTY,14-Mar-2024,21500,PE,61,77.6,55,62.75,62.75,3312,35714.16,90550,30400,26-FEB-2024,
OPTIDX,NIFTY,14-Mar-2024,21550,PE,65,83.5,63,71.95,71.95,414,4476.92,14800,12450,26-FEB-2024,
OPTIDX,NIFTY,14-Mar-2024,21600,PE,73.65,94.55,68.6,78.1,78.1,747,8097.7,16100,6200,26-FEB-2024,
OPTIDX,NIFTY,14-Mar-2024,21650,PE,99.9,104,78.2,87.1,87.1,118,1283.06,5000,4450,26-FEB-2024,
OPTIDX,NIFTY,14-Mar-2024,21700,PE,91.55,115.5,84.2,97.1,97.1,2307,25144.93,49000,15850,26-FEB-2024,
OPTIDX,NIFTY,14-Mar-2024,21750,PE,93.85,126,93.85,107.1,107.1,173,1891.27,10600,5100,26-FEB-2024,
OPTIDX,NIFTY,14-Mar-2024,21800,PE,111.55,140,103.3,119.55,119.55,1488,16308.33,41600,0,26-FEB-2024,
OPTIDX,NIFTY,14-Mar-2024,21850,PE,113.4,152,113.4,133.5,133.5,235,2582.72,8900,-1100,26-FEB-2024,
OPTIDX,NIFTY,14-Mar-2024,21900,PE,134.25,171.95,128,147.5,147.5,1101,12137.99,29000,10150,26-FEB-2024,
OPTIDX,NIFTY,14-Mar-2024,21950,PE,151.8,184.1,144.95,160.15,160.15,232,2565.36,4700,1000,26-FEB-2024,
OPTIDX,NIFTY,14-Mar-2024,22000,PE,165.45,204,155,176.95,176.95,5144,57039.6,93500,-6400,26-FEB-2024,
OPTIDX,NIFTY,14-Mar-2024,22050,PE,177,223.85,170.05,193.6,193.6,207,2302.61,6600,1200,26-FEB-2024,
OPTIDX,NIFTY,14-Mar-2024,22100,PE,204.15,243.65,188,213.55,213.55,2857,31872.96,30500,14300,26-FEB-2024,
OPTIDX,NIFTY,14-Mar-2024,22150,PE,219.95,269.15,210,231.65,231.65,862,9646.09,9550,3850,26-FEB-2024,
OPTIDX,NIFTY,14-Mar-2024,22200,PE,247.6,286.5,224.35,252.6,252.6,2631,29532.99,44000,-350,26-FEB-2024,
OPTIDX,NIFTY,14-Mar-2024,22250,PE,254,310,247.15,273.55,273.55,792,8919.57,7700,-2950,26-FEB-2024,
OPTIDX,NIFTY,14-Mar-2024,22300,PE,287.25,335,267.1,299.3,299.3,1486,16788.92,14950,-4000,26-FEB-2024,
OPTIDX,NIFTY,14-Mar-2024,22350,PE,300,361.8,294.25,329.8,329.8,90,1020.86,4200,-350,26-FEB-2024,
OPTIDX,NIFTY,14-Mar-2024,22400,PE,332.15,390.8,320,352.95,352.95,257,2923.64,5300,2650,26-FEB-2024,
OPTIDX,NIFTY,14-Mar-2024,22450,PE,390,400.15,363.3,388.25,388.25,107,1222.08,4550,4450,26-FEB-2024,
OPTIDX,NIFTY,14-Mar-2024,22500,PE,388,449.55,372.85,414.15,414.15,258,2955.13,8950,150,26-FEB-2024,
OPTIDX,NIFTY,14-Mar-2024,22550,PE,0,0,0,829.8,456.65,0,0,0,0,26-FEB-2024,
OPTIDX,NIFTY,14-Mar-2024,22600,PE,451,504.8,431.5,476.05,476.05,130,1498.69,5750,5750,26-FEB-2024,
OPTIDX,NIFTY,14-Mar-2024,22650,PE,0,0,0,905.2,532.2,0,0,0,0,26-FEB-2024,
OPTIDX,NIFTY,14-Mar-2024,22700,PE,0,0,0,944.4,571.8,0,0,0,0,26-FEB-2024,
OPTIDX,NIFTY,14-Mar-2024,22750,PE,0,0,0,523.5,612.55,0,0,6750,0,26-FEB-2024,
OPTIDX,NIFTY,14-Mar-2024,22800,PE,0,0,0,1024.7,654.35,0,0,0,0,26-FEB-2024,
OPTIDX,NIFTY,14-Mar-2024,22850,PE,0,0,0,1073.3,697.15,0,0,50,0,26-FEB-2024,
OPTIDX,NIFTY,14-Mar-2024,22900,PE,0,0,0,1107.45,740.8,0,0,0,0,26-FEB-2024,
OPTIDX,NIFTY,14-Mar-2024,22950,PE,0,0,0,1149.7,785.25,0,0,0,0,26-FEB-2024,
OPTIDX,NIFTY,14-Mar-2024,23000,PE,749.05,800,749.05,773.7,773.7,14,166.39,1900,400,26-FEB-2024,
OPTIDX,NIFTY,14-Mar-2024,23050,PE,0,0,0,1235.7,876.25,0,0,0,0,26-FEB-2024,
OPTIDX,NIFTY,14-Mar-2024,23100,PE,0,0,0,1279.45,922.65,0,0,0,0,26-FEB-2024,
OPTIDX,NIFTY,14-Mar-2024,23150,PE,0,0,0,1323.6,969.55,0,0,0,0,26-FEB-2024,
OPTIDX,NIFTY,14-Mar-2024,23200,PE,0,0,0,1368.2,1016.9,0,0,0,0,26-FEB-2024,
OPTIDX,NIFTY,14-Mar-2024,23250,PE,0,0,0,1413.2,1064.6,0,0,0,0,26-FEB-2024,
OPTIDX,NIFTY,14-Mar-2024,23300,PE,0,0,0,1458.6,1112.7,0,0,0,0,26-FEB-2024,
OPTIDX,NIFTY,14-Mar-2024,23350,PE,0,0,0,1504.3,1161.05,0,0,0,0,26-FEB-2024,
OPTIDX,NIFTY,14-Mar-2024,23400,PE,0,0,0,1550.35,1209.7,0,0,0,0,26-FEB-2024,
OPTIDX,NIFTY,14-Mar-2024,23450,PE,0,0,0,1596.7,1258.5,0,0,0,0,26-FEB-2024,
OPTIDX,NIFTY,14-Mar-2024,23500,PE,0,0,0,1643.35,1307.55,0,0,0,0,26-FEB-2024,
OPTIDX,NIFTY,14-Mar-2024,23550,PE,0,0,0,1690.25,1356.7,0,0,0,0,26-FEB-2024,
OPTIDX,NIFTY,14-Mar-2024,23600,PE,0,0,0,1737.4,1406,0,0,0,0,26-FEB-2024,
OPTIDX,NIFTY,14-Mar-2024,23650,PE,0,0,0,1784.8,1455.4,0,0,0,0,26-FEB-2024,
OPTIDX,NIFTY,14-Mar-2024,23700,PE,0,0,0,1832.35,1504.85,0,0,0,0,26-FEB-2024,
OPTIDX,NIFTY,14-Mar-2024,23750,PE,0,0,0,1880.15,1554.45,0,0,0,0,26-FEB-2024,
OPTIDX,NIFTY,14-Mar-2024,23800,PE,0,0,0,1928.1,1604.05,0,0,0,0,26-FEB-2024,
OPTIDX,NIFTY,14-Mar-2024,23850,PE,0,0,0,1976.2,1653.7,0,0,0,0,26-FEB-2024,
OPTIDX,NIFTY,14-Mar-2024,23900,PE,0,0,0,2024.5,1703.4,0,0,0,0,26-FEB-2024,
OPTIDX,NIFTY,14-Mar-2024,23950,PE,0,0,0,2072.9,1753.15,0,0,0,0,26-FEB-2024,
OPTIDX,NIFTY,21-Mar-2024,20150,CE,0,0,0,1911.4,2061.45,0,0,0,0,26-FEB-2024,
OPTIDX,NIFTY,21-Mar-2024,20200,CE,0,0,0,1863.1,2011.75,0,0,0,0,26-FEB-2024,
OPTIDX,NIFTY,21-Mar-2024,20250,CE,0,0,0,1815,1962.05,0,0,0,0,26-FEB-2024,
OPTIDX,NIFTY,21-Mar-2024,20300,CE,0,0,0,1767.1,1912.35,0,0,0,0,26-FEB-2024,
OPTIDX,NIFTY,21-Mar-2024,20350,CE,0,0,0,1719.45,1862.7,0,0,0,0,26-FEB-2024,
OPTIDX,NIFTY,21-Mar-2024,20400,CE,0,0,0,1672,1813.1,0,0,0,0,26-FEB-2024,
OPTIDX,NIFTY,21-Mar-2024,20450,CE,0,0,0,1624.8,1763.5,0,0,0,0,26-FEB-2024,
OPTIDX,NIFTY,21-Mar-2024,20500,CE,0,0,0,1577.85,1713.95,0,0,0,0,26-FEB-2024,
OPTIDX,NIFTY,21-Mar-2024,20550,CE,0,0,0,1531.25,1664.5,0,0,0,0,26-FEB-2024,
OPTIDX,NIFTY,21-Mar-2024,20600,CE,0,0,0,1484.95,1615.1,0,0,0,0,26-FEB-2024,
OPTIDX,NIFTY,21-Mar-2024,20650,CE,0,0,0,1439.05,1565.8,0,0,0,0,26-FEB-2024,
OPTIDX,NIFTY,21-Mar-2024,20700,CE,0,0,0,1393.5,1516.6,0,0,0,0,26-FEB-2024,
OPTIDX,NIFTY,21-Mar-2024,20750,CE,0,0,0,1348.35,1467.55,0,0,0,0,26-FEB-2024,
OPTIDX,NIFTY,21-Mar-2024,20800,CE,0,0,0,1303.65,1418.6,0,0,0,0,26-FEB-2024,
OPTIDX,NIFTY,21-Mar-2024,20850,CE,0,0,0,1259.45,1369.9,0,0,0,0,26-FEB-2024,
OPTIDX,NIFTY,21-Mar-2024,20900,CE,0,0,0,1215.7,1321.35,0,0,0,0,26-FEB-2024,
OPTIDX,NIFTY,21-Mar-2024,20950,CE,0,0,0,1172.5,1273.05,0,0,0,0,26-FEB-2024,
OPTIDX,NIFTY,21-Mar-2024,21000,CE,0,0,0,1129.85,1225,0,0,0,0,26-FEB-2024,
OPTIDX,NIFTY,21-Mar-2024,21050,CE,0,0,0,1087.8,1177.3,0,0,0,0,26-FEB-2024,
OPTIDX,NIFTY,21-Mar-2024,21100,CE,0,0,0,1046.35,1129.9,0,0,0,0,26-FEB-2024,
OPTIDX,NIFTY,21-Mar-2024,21150,CE,0,0,0,1005.55,1082.95,0,0,0,0,26-FEB-2024,
OPTIDX,NIFTY,21-Mar-2024,21200,CE,0,0,0,965.45,1036.45,0,0,0,0,26-FEB-2024,
OPTIDX,NIFTY,21-Mar-2024,21250,CE,0,0,0,926,990.4,0,0,0,0,26-FEB-2024,
OPTIDX,NIFTY,21-Mar-2024,21300,CE,0,0,0,887.35,944.95,0,0,0,0,26-FEB-2024,
OPTIDX,NIFTY,21-Mar-2024,21350,CE,0,0,0,849.45,900.1,0,0,0,0,26-FEB-2024,
OPTIDX,NIFTY,21-Mar-2024,21400,CE,0,0,0,813.1,855.95,0,0,0,0,26-FEB-2024,
OPTIDX,NIFTY,21-Mar-2024,21450,CE,0,0,0,775.85,812.5,0,0,0,0,26-FEB-2024,
OPTIDX,NIFTY,21-Mar-2024,21500,CE,0,0,0,740.35,769.85,0,0,0,0,26-FEB-2024,
OPTIDX,NIFTY,21-Mar-2024,21550,CE,0,0,0,705.8,728.1,0,0,0,0,26-FEB-2024,
OPTIDX,NIFTY,21-Mar-2024,21600,CE,0,0,0,672.05,687.25,0,0,0,0,26-FEB-2024,
OPTIDX,NIFTY,21-Mar-2024,21650,CE,0,0,0,639.25,647.35,0,0,0,0,26-FEB-2024,
OPTIDX,NIFTY,21-Mar-2024,21700,CE,0,0,0,607.35,608.55,0,0,0,0,26-FEB-2024,
OPTIDX,NIFTY,21-Mar-2024,21750,CE,0,0,0,576.4,570.85,0,0,0,0,26-FEB-2024,
OPTIDX,NIFTY,21-Mar-2024,21800,CE,641.55,641.55,604.45,604.45,534.3,10,112.08,1000,0,26-FEB-2024,
OPTIDX,NIFTY,21-Mar-2024,21850,CE,0,0,0,678.75,498.95,0,0,50,0,26-FEB-2024,
OPTIDX,NIFTY,21-Mar-2024,21900,CE,540.8,582.3,540.8,573.45,464.9,6,67.39,850,0,26-FEB-2024,
OPTIDX,NIFTY,21-Mar-2024,21950,CE,0,0,0,575.8,432.1,0,0,200,0,26-FEB-2024,
OPTIDX,NIFTY,21-Mar-2024,22000,CE,534.9,534.9,464.25,488.45,488.45,525,5904.11,9550,3250,26-FEB-2024,
OPTIDX,NIFTY,21-Mar-2024,22050,CE,466,480,450,480,370.6,5,56.29,1700,-100,26-FEB-2024,
OPTIDX,NIFTY,21-Mar-2024,22100,CE,447.2,455,415.3,426.2,426.2,89,1002.71,2800,1150,26-FEB-2024,
OPTIDX,NIFTY,21-Mar-2024,22150,CE,419.9,422.55,384.1,393.45,393.45,21,236.86,550,500,26-FEB-2024,
OPTIDX,NIFTY,21-Mar-2024,22200,CE,416.1,416.1,355,366.3,366.3,108,1219.4,11250,900,26-FEB-2024,
OPTIDX,NIFTY,21-Mar-2024,22250,CE,340,350.2,316.2,341.2,341.2,13,146.84,1750,200,26-FEB-2024,
OPTIDX,NIFTY,21-Mar-2024,22300,CE,341,358.5,300,315.55,315.55,85,961.7,5650,2450,26-FEB-2024,
OPTIDX,NIFTY,21-Mar-2024,22350,CE,328,328,289.85,295.55,295.55,19,215.15,650,350,26-FEB-2024,
OPTIDX,NIFTY,21-Mar-2024,22400,CE,270.85,275.6,254.25,263.6,263.6,17,192.65,1200,400,26-FEB-2024,
OPTIDX,NIFTY,21-Mar-2024,22450,CE,250,250,250,250,180.5,1,11.35,50,50,26-FEB-2024,
OPTIDX,NIFTY,21-Mar-2024,22500,CE,224.25,247.15,208.55,221.55,221.55,326,3704.64,20500,2450,26-FEB-2024,
OPTIDX,NIFTY,21-Mar-2024,22550,CE,0,0,0,169.3,146.6,0,0,950,0,26-FEB-2024,
OPTIDX,NIFTY,21-Mar-2024,22600,CE,191.15,203,176.5,182.55,182.55,215,2449.36,9050,8250,26-FEB-2024,
OPTIDX,NIFTY,21-Mar-2024,22650,CE,0,0,0,182.15,117.7,0,0,0,0,26-FEB-2024,
OPTIDX,NIFTY,21-Mar-2024,22700,CE,156.55,156.55,134.65,141.2,141.2,4,45.69,100,100,26-FEB-2024,
OPTIDX,NIFTY,21-Mar-2024,22750,CE,0,0,0,157.15,93.35,0,0,0,0,26-FEB-2024,
OPTIDX,NIFTY,21-Mar-2024,22800,CE,138.85,138.85,111.35,112.1,82.75,82,939.75,5000,1950,26-FEB-2024,
OPTIDX,NIFTY,21-Mar-2024,22850,CE,0,0,0,133.3,73.1,0,0,0,0,26-FEB-2024,
OPTIDX,NIFTY,21-Mar-2024,22900,CE,116.15,116.15,95,95,95,25,287.51,650,350,26-FEB-2024,
OPTIDX,NIFTY,21-Mar-2024,22950,CE,91.35,91.35,82.2,82.2,56.55,2,23.03,0,0,26-FEB-2024,
OPTIDX,NIFTY,21-Mar-2024,23000,CE,84.05,89.55,71.2,73,73,246,2838.41,13100,2000,26-FEB-2024,
OPTIDX,NIFTY,21-Mar-2024,23050,CE,62.2,68.65,62.2,68.65,43.2,3,34.67,1100,50,26-FEB-2024,
OPTIDX,NIFTY,21-Mar-2024,23100,CE,0,0,0,87.4,37.6,0,0,0,0,26-FEB-2024,
OPTIDX,NIFTY,21-Mar-2024,23150,CE,0,0,0,80,32.6,0,0,0,0,26-FEB-2024,
OPTIDX,NIFTY,21-Mar-2024,23200,CE,0,0,0,60,28.15,0,0,1200,0,26-FEB-2024,
OPTIDX,NIFTY,21-Mar-2024,23250,CE,0,0,0,66.75,24.25,0,0,0,0,26-FEB-2024,
OPTIDX,NIFTY,21-Mar-2024,23300,CE,0,0,0,60.8,20.85,0,0,0,0,26-FEB-2024,
OPTIDX,NIFTY,21-Mar-2024,23350,CE,33.45,33.45,33.45,33.45,17.85,1,11.69,150,50,26-FEB-2024,
OPTIDX,NIFTY,21-Mar-2024,23400,CE,30,30,25,26.7,26.7,4,46.85,500,0,26-FEB-2024,
OPTIDX,NIFTY,21-Mar-2024,23450,CE,28.4,28.4,25.55,26.85,12.95,10,117.38,2250,-250,26-FEB-2024,
OPTIDX,NIFTY,21-Mar-2024,23500,CE,23.8,23.8,17.7,18.2,18.2,93,1093.69,3500,2750,26-FEB-2024,
OPTIDX,NIFTY,21-Mar-2024,23550,CE,0,0,0,24.6,9.25,0,0,1050,0,26-FEB-2024,
OPTIDX,NIFTY,21-Mar-2024,23600,CE,0,0,0,33.85,7.8,0,0,0,0,26-FEB-2024,
OPTIDX,NIFTY,21-Mar-2024,23650,CE,0,0,0,30.5,6.55,0,0,0,0,26-FEB-2024,
OPTIDX,NIFTY,21-Mar-2024,23700,CE,0,0,0,27.5,5.45,0,0,0,0,26-FEB-2024,
OPTIDX,NIFTY,21-Mar-2024,23750,CE,8.75,8.75,8.75,8.75,4.55,1,11.87,50,0,26-FEB-2024,
OPTIDX,NIFTY,21-Mar-2024,23800,CE,0,0,0,22.25,3.8,0,0,0,0,26-FEB-2024,
OPTIDX,NIFTY,21-Mar-2024,23850,CE,0,0,0,19.95,3.15,0,0,0,0,26-FEB-2024,
OPTIDX,NIFTY,21-Mar-2024,23900,CE,10.75,14.9,7.55,8.05,8.05,100,1195.46,5400,600,26-FEB-2024,
OPTIDX,NIFTY,21-Mar-2024,23950,CE,0,0,0,16,2.15,0,0,0,0,26-FEB-2024,
OPTIDX,NIFTY,21-Mar-2024,20150,PE,0,0,0,8.95,0.2,0,0,0,0,26-FEB-2024,
OPTIDX,NIFTY,21-Mar-2024,20200,PE,0,0,0,10.3,0.25,0,0,0,0,26-FEB-2024,
OPTIDX,NIFTY,21-Mar-2024,20250,PE,0,0,0,11.85,0.3,0,0,0,0,26-FEB-2024,
OPTIDX,NIFTY,21-Mar-2024,20300,PE,0,0,0,13.6,0.4,0,0,0,0,26-FEB-2024,
OPTIDX,NIFTY,21-Mar-2024,20350,PE,0,0,0,15.55,0.55,0,0,0,0,26-FEB-2024,
OPTIDX,NIFTY,21-Mar-2024,20400,PE,0,0,0,17.75,0.7,0,0,0,0,26-FEB-2024,
OPTIDX,NIFTY,21-Mar-2024,20450,PE,0,0,0,20.2,0.9,0,0,0,0,26-FEB-2024,
OPTIDX,NIFTY,21-Mar-2024,20500,PE,0,0,0,22.95,1.15,0,0,0,0,26-FEB-2024,
OPTIDX,NIFTY,21-Mar-2024,20550,PE,0,0,0,26,1.45,0,0,0,0,26-FEB-2024,
OPTIDX,NIFTY,21-Mar-2024,20600,PE,0,0,0,29.35,1.85,0,0,0,0,26-FEB-2024,
OPTIDX,NIFTY,21-Mar-2024,20650,PE,0,0,0,33.05,2.3,0,0,0,0,26-FEB-2024,
OPTIDX,NIFTY,21-Mar-2024,20700,PE,0,0,0,37.2,2.9,0,0,0,0,26-FEB-2024,
OPTIDX,NIFTY,21-Mar-2024,20750,PE,0,0,0,41.7,3.6,0,0,0,0,26-FEB-2024,
OPTIDX,NIFTY,21-Mar-2024,20800,PE,21,30,21,26.05,26.05,156,1624.69,3850,2700,26-FEB-2024,
OPTIDX,NIFTY,21-Mar-2024,20850,PE,0,0,0,25.75,5.5,0,0,750,0,26-FEB-2024,
OPTIDX,NIFTY,21-Mar-2024,20900,PE,19,19,19,19,6.75,4,41.83,1150,200,26-FEB-2024,
OPTIDX,NIFTY,21-Mar-2024,20950,PE,0,0,0,64.4,8.2,0,0,0,0,26-FEB-2024,
OPTIDX,NIFTY,21-Mar-2024,21000,PE,34.95,44.8,32.25,35.45,35.45,848,8919.96,18950,9050,26-FEB-2024,
OPTIDX,NIFTY,21-Mar-2024,21050,PE,0,0,0,79,12,0,0,0,0,26-FEB-2024,
OPTIDX,NIFTY,21-Mar-2024,21100,PE,0,0,0,87.2,14.4,0,0,0,0,26-FEB-2024,
OPTIDX,NIFTY,21-Mar-2024,21150,PE,0,0,0,96.05,17.25,0,0,0,0,26-FEB-2024,
OPTIDX,NIFTY,21-Mar-2024,21200,PE,0,0,0,105.6,20.5,0,0,0,0,26-FEB-2024,
OPTIDX,NIFTY,21-Mar-2024,21250,PE,0,0,0,115.85,24.25,0,0,0,0,26-FEB-2024,
OPTIDX,NIFTY,21-Mar-2024,21300,PE,54.65,72.2,54.65,61.75,28.55,76,811.87,8000,-700,26-FEB-2024,
OPTIDX,NIFTY,21-Mar-2024,21350,PE,0,0,0,138.55,33.5,0,0,0,0,26-FEB-2024,
OPTIDX,NIFTY,21-Mar-2024,21400,PE,64.5,80,64.5,75.5,75.5,35,375.76,1850,750,26-FEB-2024,
OPTIDX,NIFTY,21-Mar-2024,21450,PE,0,0,0,164.25,45.45,0,0,0,0,26-FEB-2024,
OPTIDX,NIFTY,21-Mar-2024,21500,PE,82.6,101.7,79.65,87.2,87.2,266,2871.55,36350,650,26-FEB-2024,
OPTIDX,NIFTY,21-Mar-2024,21550,PE,0,0,0,193.45,60.6,0,0,0,0,26-FEB-2024,
OPTIDX,NIFTY,21-Mar-2024,21600,PE,98.05,123.6,95,106.95,106.95,58,629.57,12050,600,26-FEB-2024,
OPTIDX,NIFTY,21-Mar-2024,21650,PE,0,0,0,108.9,79.45,0,0,600,0,26-FEB-2024,
OPTIDX,NIFTY,21-Mar-2024,21700,PE,124.2,145.05,120,128.8,128.8,79,862.26,7350,750,26-FEB-2024,
OPTIDX,NIFTY,21-Mar-2024,21750,PE,0,0,0,205.55,102.5,0,0,1150,0,26-FEB-2024,
OPTIDX,NIFTY,21-Mar-2024,21800,PE,141.6,172.6,140,153.35,153.35,131,1438.29,7150,750,26-FEB-2024,
OPTIDX,NIFTY,21-Mar-2024,21850,PE,163.8,172,163.8,172,172,3,33.02,150,150,26-FEB-2024,
OPTIDX,NIFTY,21-Mar-2024,21900,PE,184.9,199.5,166.1,177.25,145.85,61,673.56,3600,900,26-FEB-2024,
OPTIDX,NIFTY,21-Mar-2024,21950,PE,0,0,0,347.05,162.85,0,0,0,0,26-FEB-2024,
OPTIDX,NIFTY,21-Mar-2024,22000,PE,200,238.35,191.95,212.65,212.65,937,10407.49,23400,6650,26-FEB-2024,
OPTIDX,NIFTY,21-Mar-2024,22050,PE,229,237.6,224.9,230.6,230.6,8,89.12,1150,200,26-FEB-2024,
OPTIDX,NIFTY,21-Mar-2024,22100,PE,235.4,275,227,251.6,251.6,234,2615.75,16750,4800,26-FEB-2024,
OPTIDX,NIFTY,21-Mar-2024,22150,PE,257.25,289.7,254.3,270.15,270.15,61,683.74,500,-100,26-FEB-2024,
OPTIDX,NIFTY,21-Mar-2024,22200,PE,279.95,315,262.55,289.8,289.8,535,6015.2,18450,3200,26-FEB-2024,
OPTIDX,NIFTY,21-Mar-2024,22250,PE,303.75,337.3,303.75,313.7,313.7,55,620.77,2200,-50,26-FEB-2024,
OPTIDX,NIFTY,21-Mar-2024,22300,PE,302.45,355,302.45,331.85,331.85,42,475.29,4750,900,26-FEB-2024,
OPTIDX,NIFTY,21-Mar-2024,22350,PE,0,0,0,562.1,348.65,0,0,0,0,26-FEB-2024,
OPTIDX,NIFTY,21-Mar-2024,22400,PE,370.1,400,363.55,379.6,379.6,8,91.13,500,150,26-FEB-2024,
OPTIDX,NIFTY,21-Mar-2024,22450,PE,0,0,0,625.3,409.05,0,0,0,0,26-FEB-2024,
OPTIDX,NIFTY,21-Mar-2024,22500,PE,400,400,400,400,441.2,1,11.45,5950,0,26-FEB-2024,
OPTIDX,NIFTY,21-Mar-2024,22550,PE,0,0,0,692,474.7,0,0,0,0,26-FEB-2024,
OPTIDX,NIFTY,21-Mar-2024,22600,PE,0,0,0,726.65,509.4,0,0,0,0,26-FEB-2024,
OPTIDX,NIFTY,21-Mar-2024,22650,PE,0,0,0,762.1,545.35,0,0,0,0,26-FEB-2024,
OPTIDX,NIFTY,21-Mar-2024,22700,PE,0,0,0,798.35,582.4,0,0,0,0,26-FEB-2024,
OPTIDX,NIFTY,21-Mar-2024,22750,PE,0,0,0,836.4,620.55,0,0,0,0,26-FEB-2024,
OPTIDX,NIFTY,21-Mar-2024,22800,PE,0,0,0,873.35,659.7,0,0,0,0,26-FEB-2024,
OPTIDX,NIFTY,21-Mar-2024,22850,PE,0,0,0,911.85,699.85,0,0,0,0,26-FEB-2024,
OPTIDX,NIFTY,21-Mar-2024,22900,PE,0,0,0,951.05,740.95,0,0,0,0,26-FEB-2024,
OPTIDX,NIFTY,21-Mar-2024,22950,PE,0,0,0,990.9,782.9,0,0,0,0,26-FEB-2024,
OPTIDX,NIFTY,21-Mar-2024,23000,PE,0,0,0,1031.4,825.6,0,0,0,0,26-FEB-2024,
OPTIDX,NIFTY,21-Mar-2024,23050,PE,0,0,0,1072.5,869.1,0,0,0,0,26-FEB-2024,
OPTIDX,NIFTY,21-Mar-2024,23100,PE,0,0,0,1114.2,913.25,0,0,0,0,26-FEB-2024,
OPTIDX,NIFTY,21-Mar-2024,23150,PE,0,0,0,1156.45,958,0,0,0,0,26-FEB-2024,
OPTIDX,NIFTY,21-Mar-2024,23200,PE,0,0,0,1199.2,1003.35,0,0,0,0,26-FEB-2024,
OPTIDX,NIFTY,21-Mar-2024,23250,PE,0,0,0,1242.45,1049.25,0,0,0,0,26-FEB-2024,
OPTIDX,NIFTY,21-Mar-2024,23300,PE,0,0,0,1286.2,1095.6,0,0,0,0,26-FEB-2024,
OPTIDX,NIFTY,21-Mar-2024,23350,PE,0,0,0,1330.4,1142.35,0,0,0,0,26-FEB-2024,
OPTIDX,NIFTY,21-Mar-2024,23400,PE,0,0,0,1375,1189.55,0,0,0,0,26-FEB-2024,
OPTIDX,NIFTY,21-Mar-2024,23450,PE,0,0,0,1420,1237.05,0,0,0,0,26-FEB-2024,
OPTIDX,NIFTY,21-Mar-2024,23500,PE,0,0,0,1465.35,1284.85,0,0,0,0,26-FEB-2024,
OPTIDX,NIFTY,21-Mar-2024,23550,PE,0,0,0,1511.05,1332.9,0,0,0,0,26-FEB-2024,
OPTIDX,NIFTY,21-Mar-2024,23600,PE,0,0,0,1557.1,1381.25,0,0,0,0,26-FEB-2024,
OPTIDX,NIFTY,21-Mar-2024,23650,PE,0,0,0,1603.45,1429.75,0,0,0,0,26-FEB-2024,
OPTIDX,NIFTY,21-Mar-2024,23700,PE,0,0,0,1650.1,1478.45,0,0,0,0,26-FEB-2024,
OPTIDX,NIFTY,21-Mar-2024,23750,PE,0,0,0,1696.95,1527.35,0,0,0,0,26-FEB-2024,
OPTIDX,NIFTY,21-Mar-2024,23800,PE,0,0,0,1744.1,1576.35,0,0,0,0,26-FEB-2024,
OPTIDX,NIFTY,21-Mar-2024,23850,PE,0,0,0,1791.45,1625.45,0,0,0,0,26-FEB-2024,
OPTIDX,NIFTY,21-Mar-2024,23900,PE,0,0,0,1839.05,1674.7,0,0,0,0,26-FEB-2024,
OPTIDX,NIFTY,21-Mar-2024,23950,PE,0,0,0,1886.8,1724,0,0,0,0,26-FEB-2024,
OPTIDX,NIFTY,28-Mar-2024,14000,CE,8151.65,8151.65,8151.65,8151.65,8151.65,1,11.07,321950,50,26-FEB-2024,
OPTIDX,NIFTY,28-Mar-2024,15000,CE,7250,7250,7250,7250,7207.8,1,11.12,24450,-50,26-FEB-2024,
OPTIDX,NIFTY,28-Mar-2024,16000,CE,6280,6280,6249.95,6250,6250,34,378.48,36850,-1700,26-FEB-2024,
OPTIDX,NIFTY,28-Mar-2024,17000,CE,5314,5314,5214.55,5243.8,5243.8,73,812.48,153350,2450,26-FEB-2024,
OPTIDX,NIFTY,28-Mar-2024,18000,CE,4324.6,4329.5,4230.4,4261.6,4261.6,504,5614.68,607600,-21450,26-FEB-2024,
OPTIDX,NIFTY,28-Mar-2024,19000,CE,3329.95,3340.5,3240,3288,3288,857,9545.59,548100,1600,26-FEB-2024,
OPTIDX,NIFTY,28-Mar-2024,19500,CE,2830,2830,2747,2775.2,2775.2,428,4770.4,53050,20850,26-FEB-2024,
OPTIDX,NIFTY,28-Mar-2024,19550,CE,2765,2765,2760,2760,2683.85,84,937.05,4200,4100,26-FEB-2024,
OPTIDX,NIFTY,28-Mar-2024,19600,CE,2700,2700,2572.05,2659.05,2634.15,14,155.42,1600,700,26-FEB-2024,
OPTIDX,NIFTY,28-Mar-2024,19650,CE,2665,2665,2665,2665,2584.45,16,178.52,800,750,26-FEB-2024,
OPTIDX,NIFTY,28-Mar-2024,19700,CE,2575,2620,2542.2,2620,2534.75,36,401.43,4550,1800,26-FEB-2024,
OPTIDX,NIFTY,28-Mar-2024,19750,CE,0,0,0,2387.9,2485.05,0,0,100,0,26-FEB-2024,
OPTIDX,NIFTY,28-Mar-2024,19800,CE,2475,2530,2450,2530,2435.35,14,155.93,5650,700,26-FEB-2024,
OPTIDX,NIFTY,28-Mar-2024,19850,CE,0,0,0,2330.25,2385.65,0,0,0,0,26-FEB-2024,
OPTIDX,NIFTY,28-Mar-2024,19900,CE,2410.8,2410.8,2360,2360,2336,21,233.92,1400,1050,26-FEB-2024,
OPTIDX,NIFTY,28-Mar-2024,19950,CE,0,0,0,2257.75,2286.35,0,0,0,0,26-FEB-2024,
OPTIDX,NIFTY,28-Mar-2024,20000,CE,2350,2370.1,2243.55,2290.8,2290.8,1282,14295.92,611650,25350,26-FEB-2024,
OPTIDX,NIFTY,28-Mar-2024,20050,CE,0,0,0,2127.2,2187.05,0,0,50,0,26-FEB-2024,
OPTIDX,NIFTY,28-Mar-2024,20100,CE,2182.35,2230,2177,2230,2137.45,8,89.24,1550,150,26-FEB-2024,
OPTIDX,NIFTY,28-Mar-2024,20150,CE,2093.05,2093.05,2093.05,2093.05,2087.9,2,22.24,100,50,26-FEB-2024,
OPTIDX,NIFTY,28-Mar-2024,20200,CE,2100,2100,2060.7,2070,2038.35,14,155.98,2300,600,26-FEB-2024,
OPTIDX,NIFTY,28-Mar-2024,20250,CE,0,0,0,1955.8,1988.85,0,0,50,0,26-FEB-2024,
OPTIDX,NIFTY,28-Mar-2024,20300,CE,2000,2010,1968.95,1968.95,1939.35,9,100.29,1900,350,26-FEB-2024,
OPTIDX,NIFTY,28-Mar-2024,20350,CE,0,0,0,1339.55,1889.95,0,0,400,0,26-FEB-2024,
OPTIDX,NIFTY,28-Mar-2024,20400,CE,1882.85,1931.8,1868.85,1931.8,1840.6,6,66.88,2300,-150,26-FEB-2024,
OPTIDX,NIFTY,28-Mar-2024,20450,CE,0,0,0,1208.75,1791.35,0,0,100,0,26-FEB-2024,
OPTIDX,NIFTY,28-Mar-2024,20500,CE,1850,1878.5,1766.85,1807.4,1807.4,804,8971.18,156900,30550,26-FEB-2024,
OPTIDX,NIFTY,28-Mar-2024,20550,CE,0,0,0,1594.9,1693.1,0,0,1150,0,26-FEB-2024,
OPTIDX,NIFTY,28-Mar-2024,20600,CE,1751.15,1771,1675,1713.9,1713.9,174,1941.14,12350,6400,26-FEB-2024,
OPTIDX,NIFTY,28-Mar-2024,20650,CE,0,0,0,1762,1595.35,0,0,850,0,26-FEB-2024,
OPTIDX,NIFTY,28-Mar-2024,20700,CE,1632,1652,1605,1620,1620,8,89.29,5300,0,26-FEB-2024,
OPTIDX,NIFTY,28-Mar-2024,20750,CE,1552.65,1552.7,1552.65,1552.7,1498.2,3,33.45,3000,150,26-FEB-2024,
OPTIDX,NIFTY,28-Mar-2024,20800,CE,1577.5,1577.5,1498.35,1498.35,1498.35,20,223.47,7900,850,26-FEB-2024,
OPTIDX,NIFTY,28-Mar-2024,20850,CE,0,0,0,1307.2,1401.95,0,0,400,0,26-FEB-2024,
OPTIDX,NIFTY,28-Mar-2024,20900,CE,1430,1430,1410,1413.4,1354.15,5,55.78,2550,50,26-FEB-2024,
OPTIDX,NIFTY,28-Mar-2024,20950,CE,0,0,0,1221.8,1306.7,0,0,700,0,26-FEB-2024,
OPTIDX,NIFTY,28-Mar-2024,21000,CE,1380.95,1412,1300,1339.3,1339.3,1644,18374.35,1212950,-9800,26-FEB-2024,
OPTIDX,NIFTY,28-Mar-2024,21050,CE,0,0,0,1263.9,1212.8,0,0,2450,0,26-FEB-2024,
OPTIDX,NIFTY,28-Mar-2024,21100,CE,1310,1310,1229.05,1246.65,1246.65,26,290.62,4550,-700,26-FEB-2024,
OPTIDX,NIFTY,28-Mar-2024,21150,CE,0,0,0,1138.1,1120.6,0,0,750,0,26-FEB-2024,
OPTIDX,NIFTY,28-Mar-2024,21200,CE,1215.85,1230,1128,1155.45,1155.45,296,3311.12,46650,10400,26-FEB-2024,
OPTIDX,NIFTY,28-Mar-2024,21250,CE,0,0,0,988.25,1030.3,0,0,2450,0,26-FEB-2024,
OPTIDX,NIFTY,28-Mar-2024,21300,CE,1151.4,1151.4,1062.8,1078.4,1078.4,31,347.11,26400,1000,26-FEB-2024,
OPTIDX,NIFTY,28-Mar-2024,21350,CE,1012,1012.75,1012,1012.75,1012.75,4,44.72,3250,-100,26-FEB-2024,
OPTIDX,NIFTY,28-Mar-2024,21400,CE,1027.8,1027.8,970,979.65,979.65,48,537.41,37800,300,26-FEB-2024,
OPTIDX,NIFTY,28-Mar-2024,21450,CE,0,0,0,907.4,857.2,0,0,4650,0,26-FEB-2024,
OPTIDX,NIFTY,28-Mar-2024,21500,CE,969.1,976,875,907.75,907.75,1897,21268.5,290150,9900,26-FEB-2024,
OPTIDX,NIFTY,28-Mar-2024,21550,CE,0,0,0,972.35,775.15,0,0,4950,0,26-FEB-2024,
OPTIDX,NIFTY,28-Mar-2024,21600,CE,877.35,877.35,800,831,831,191,2143,70400,1450,26-FEB-2024,
OPTIDX,NIFTY,28-Mar-2024,21650,CE,817,817,785,785,696.6,2,22.45,6000,0,26-FEB-2024,
OPTIDX,NIFTY,28-Mar-2024,21700,CE,785.4,817.4,720.05,751.55,751.55,1043,11714.97,102200,20450,26-FEB-2024,
OPTIDX,NIFTY,28-Mar-2024,21750,CE,715,745.9,700.8,715.65,621.9,8,89.9,9500,50,26-FEB-2024,
OPTIDX,NIFTY,28-Mar-2024,21800,CE,712.85,740,650,678.5,678.5,806,9066.91,103250,450,26-FEB-2024,
OPTIDX,NIFTY,28-Mar-2024,21850,CE,679.05,679.05,630.45,639,551.4,68,765.07,8200,-1100,26-FEB-2024,
OPTIDX,NIFTY,28-Mar-2024,21900,CE,638.7,666,581.8,608.8,608.8,705,7939.1,109050,800,26-FEB-2024,
OPTIDX,NIFTY,28-Mar-2024,21950,CE,610,610,550,577.85,577.85,30,338.03,17150,250,26-FEB-2024,
OPTIDX,NIFTY,28-Mar-2024,22000,CE,570,596.8,516,542.6,542.6,14501,163512.36,1505600,72400,26-FEB-2024,
OPTIDX,NIFTY,28-Mar-2024,22050,CE,564,564,496,510.6,510.6,151,1703.96,24950,500,26-FEB-2024,
OPTIDX,NIFTY,28-Mar-2024,22100,CE,503.45,532.05,458.1,480.3,480.3,6608,74638.84,232300,38650,26-FEB-2024,
OPTIDX,NIFTY,28-Mar-2024,22150,CE,477.55,501.55,430,450.7,450.7,1498,16937.62,30900,6850,26-FEB-2024,
OPTIDX,NIFTY,28-Mar-2024,22200,CE,462.9,471.6,401.55,424.3,424.3,16443,186102.25,691450,288900,26-FEB-2024,
OPTIDX,NIFTY,28-Mar-2024,22250,CE,437.05,438.95,375.15,396.2,396.2,729,8257.34,37800,7600,26-FEB-2024,
OPTIDX,NIFTY,28-Mar-2024,22300,CE,410.25,412.6,349,368.6,368.6,8325,94397.69,348050,38500,26-FEB-2024,
OPTIDX,NIFTY,28-Mar-2024,22350,CE,359.95,384,328.3,341.1,341.1,597,6777.74,31650,5350,26-FEB-2024,
OPTIDX,NIFTY,28-Mar-2024,22400,CE,350,357.1,300,316.25,316.25,7066,80296.59,243850,11450,26-FEB-2024,
OPTIDX,NIFTY,28-Mar-2024,22450,CE,316.75,328.4,277.6,294,294,281,3196.72,24800,1550,26-FEB-2024,
OPTIDX,NIFTY,28-Mar-2024,22500,CE,295.3,307.8,255.4,270.55,270.55,23397,266484.8,1079800,92150,26-FEB-2024,
OPTIDX,NIFTY,28-Mar-2024,22550,CE,269.25,277.55,241.25,246.6,246.6,305,3478.16,35750,2750,26-FEB-2024,
OPTIDX,NIFTY,28-Mar-2024,22600,CE,245.35,260,214.4,224.2,224.2,4174,47651.8,203900,34250,26-FEB-2024,
OPTIDX,NIFTY,28-Mar-2024,22650,CE,231.1,235.9,200,208.3,208.3,320,3658.6,21700,4150,26-FEB-2024,
OPTIDX,NIFTY,28-Mar-2024,22700,CE,207.65,219.35,178.3,188.7,188.7,3785,43333.25,267250,28950,26-FEB-2024,
OPTIDX,NIFTY,28-Mar-2024,22750,CE,193.95,198.45,167.75,173.05,173.05,597,6844.01,35800,8150,26-FEB-2024,
OPTIDX,NIFTY,28-Mar-2024,22800,CE,168.35,181.95,148,155.45,155.45,4814,55270.35,640400,29850,26-FEB-2024,
OPTIDX,NIFTY,28-Mar-2024,22850,CE,161,163.75,134.55,142.05,142.05,423,4864.2,26300,8350,26-FEB-2024,
OPTIDX,NIFTY,28-Mar-2024,22900,CE,138.75,150.9,121.4,127.55,127.55,4210,48491.63,218450,-38650,26-FEB-2024,
OPTIDX,NIFTY,28-Mar-2024,22950,CE,130,136.35,111.15,115.85,115.85,390,4499.32,40850,850,26-FEB-2024,
OPTIDX,NIFTY,28-Mar-2024,23000,CE,127.55,127.55,100.8,106.25,106.25,29720,343436.43,2395750,164950,26-FEB-2024,
OPTIDX,NIFTY,28-Mar-2024,23050,CE,106.2,110,90,93.65,93.65,407,4710.66,20250,-200,26-FEB-2024,
OPTIDX,NIFTY,28-Mar-2024,23100,CE,102.55,102.55,80,83.25,83.25,5010,58089.87,262200,12600,26-FEB-2024,
OPTIDX,NIFTY,28-Mar-2024,23150,CE,84.75,89.35,72.7,74.5,74.5,452,5250.18,20900,1450,26-FEB-2024,
OPTIDX,NIFTY,28-Mar-2024,23200,CE,75.8,79.45,64.45,66.4,66.4,6124,71257.18,226150,-9650,26-FEB-2024,
OPTIDX,NIFTY,28-Mar-2024,23250,CE,66.95,70.3,57.3,58.8,58.8,651,7588.49,20100,7450,26-FEB-2024,
OPTIDX,NIFTY,28-Mar-2024,23300,CE,60.05,62.8,50.55,52.2,52.2,4254,49676.21,197600,23300,26-FEB-2024,
OPTIDX,NIFTY,28-Mar-2024,23350,CE,55.5,55.9,45.45,46.3,46.3,285,3334.32,13000,500,26-FEB-2024,
OPTIDX,NIFTY,28-Mar-2024,23400,CE,49.25,50.2,39.9,40.95,40.95,5571,65304.43,144500,38500,26-FEB-2024,
OPTIDX,NIFTY,28-Mar-2024,23450,CE,48.35,48.35,36,36.9,36.9,597,7011.98,16350,4550,26-FEB-2024,
OPTIDX,NIFTY,28-Mar-2024,23500,CE,43.45,43.45,32.65,34.1,34.1,28939,340562.18,1021900,64950,26-FEB-2024,
OPTIDX,NIFTY,28-Mar-2024,23550,CE,34.7,35.5,28.2,29,29,1160,13677.14,25500,50,26-FEB-2024,
OPTIDX,NIFTY,28-Mar-2024,23600,CE,33.25,33.25,24.25,24.95,24.95,7168,84680.76,190900,78800,26-FEB-2024,
OPTIDX,NIFTY,28-Mar-2024,23650,CE,29.1,29.1,21.9,22.7,22.7,345,4083.94,18300,2600,26-FEB-2024,
OPTIDX,NIFTY,28-Mar-2024,23700,CE,26.85,26.85,19,19.9,19.9,5474,64926.8,209400,52600,26-FEB-2024,
OPTIDX,NIFTY,28-Mar-2024,23750,CE,17.35,22.2,17.3,18.4,18.4,414,4920.36,13150,-550,26-FEB-2024,
OPTIDX,NIFTY,28-Mar-2024,23800,CE,20.1,20.35,15.6,16.2,16.2,3702,44086.08,153200,3400,26-FEB-2024,
OPTIDX,NIFTY,28-Mar-2024,23850,CE,20,20.1,15.25,15.8,15.8,700,8353.35,33750,7350,26-FEB-2024,
OPTIDX,NIFTY,28-Mar-2024,23900,CE,18,18,13.85,14.15,14.15,1008,12053.43,38600,-1750,26-FEB-2024,
OPTIDX,NIFTY,28-Mar-2024,23950,CE,17.1,17.1,12.75,13.1,13.1,330,3954.08,10750,2500,26-FEB-2024,
OPTIDX,NIFTY,28-Mar-2024,24000,CE,16.15,17,12.5,13.55,13.55,17118,205536.13,1497650,214050,26-FEB-2024,
OPTIDX,NIFTY,28-Mar-2024,25000,CE,6.9,6.9,5.05,5.3,5.3,1021,12765.44,386150,1150,26-FEB-2024,
OPTIDX,NIFTY,28-Mar-2024,26000,CE,4.95,5.8,4.5,4.7,4.7,301,3913.76,160000,2650,26-FEB-2024,
OPTIDX,NIFTY,28-Mar-2024,27000,CE,3.75,4.1,3.65,3.7,3.7,175,2362.83,44000,600,26-FEB-2024,
OPTIDX,NIFTY,28-Mar-2024,14000,PE,2.55,2.55,2.2,2.2,2.2,21,147.02,135850,-700,26-FEB-2024,
OPTIDX,NIFTY,28-Mar-2024,15000,PE,2.7,3.05,2.7,2.95,2.95,4,30,12300,-100,26-FEB-2024,
OPTIDX,NIFTY,28-Mar-2024,16000,PE,3.05,3.05,3.05,3.05,3.05,3,24,133050,100,26-FEB-2024,
OPTIDX,NIFTY,28-Mar-2024,17000,PE,5.95,6.4,5.7,6,6,329,2797.5,315200,250,26-FEB-2024,
OPTIDX,NIFTY,28-Mar-2024,18000,PE,7.15,7.25,6.25,6.9,6.9,1132,10191.96,838550,-1300,26-FEB-2024,
OPTIDX,NIFTY,28-Mar-2024,19000,PE,8.1,8.3,7.2,8.15,8.15,1385,13162.92,1451950,-350,26-FEB-2024,
OPTIDX,NIFTY,28-Mar-2024,19500,PE,8.85,8.9,7.8,8.65,8.65,1584,15450.6,202750,10650,26-FEB-2024,
OPTIDX,NIFTY,28-Mar-2024,19550,PE,0,0,0,16.25,0.05,0,0,1200,0,26-FEB-2024,
OPTIDX,NIFTY,28-Mar-2024,19600,PE,3.05,3.05,3.05,3.05,0.05,4,39.2,17200,0,26-FEB-2024,
OPTIDX,NIFTY,28-Mar-2024,19650,PE,0,0,0,60,0.05,0,0,1350,0,26-FEB-2024,
OPTIDX,NIFTY,28-Mar-2024,19700,PE,9.35,9.5,8.35,9.25,9.25,318,3133.73,118250,3200,26-FEB-2024,
OPTIDX,NIFTY,28-Mar-2024,19750,PE,0,0,0,51,0.1,0,0,750,0,26-FEB-2024,
OPTIDX,NIFTY,28-Mar-2024,19800,PE,10.05,10.05,8.5,9.85,9.85,987,9775.99,164950,-8850,26-FEB-2024,
OPTIDX,NIFTY,28-Mar-2024,19850,PE,0,0,0,66.85,0.15,0,0,200,0,26-FEB-2024,
OPTIDX,NIFTY,28-Mar-2024,19900,PE,11,11.3,9.4,10.95,10.95,1830,18218.18,257200,16700,26-FEB-2024,
OPTIDX,NIFTY,28-Mar-2024,19950,PE,0,0,0,52,0.25,0,0,0,0,26-FEB-2024,
OPTIDX,NIFTY,28-Mar-2024,20000,PE,13.95,14.4,12,13.9,13.9,17440,174516.45,3108000,300650,26-FEB-2024,
OPTIDX,NIFTY,28-Mar-2024,20050,PE,13.5,13.8,12.5,13.3,13.3,81,812.56,3600,-2650,26-FEB-2024,
OPTIDX,NIFTY,28-Mar-2024,20100,PE,13,14.05,12,13.4,13.4,2689,27041.9,246250,3600,26-FEB-2024,
OPTIDX,NIFTY,28-Mar-2024,20150,PE,0,0,0,13.55,0.65,0,0,6550,0,26-FEB-2024,
OPTIDX,NIFTY,28-Mar-2024,20200,PE,15.2,16.3,13.65,15.2,15.2,2808,28382,319100,15650,26-FEB-2024,
OPTIDX,NIFTY,28-Mar-2024,20250,PE,0,0,0,51.1,1.05,0,0,100,0,26-FEB-2024,
OPTIDX,NIFTY,28-Mar-2024,20300,PE,17.1,18.55,15.35,16.85,16.85,1492,15156.41,216800,8850,26-FEB-2024,
OPTIDX,NIFTY,28-Mar-2024,20350,PE,0,0,0,16.55,1.6,0,0,9700,0,26-FEB-2024,
OPTIDX,NIFTY,28-Mar-2024,20400,PE,19.1,21.35,17.3,18.65,18.65,6193,63228.58,407050,45950,26-FEB-2024,
OPTIDX,NIFTY,28-Mar-2024,20450,PE,0,0,0,104,2.4,0,0,1150,0,26-FEB-2024,
OPTIDX,NIFTY,28-Mar-2024,20500,PE,22.9,26.25,21.05,22.4,22.4,13236,135824.3,1374700,-8950,26-FEB-2024,
OPTIDX,NIFTY,28-Mar-2024,20550,PE,0,0,0,23.05,3.6,0,0,7050,0,26-FEB-2024,
OPTIDX,NIFTY,28-Mar-2024,20600,PE,25.8,29.85,23.25,25.5,25.5,2218,22874.36,261100,7950,26-FEB-2024,
OPTIDX,NIFTY,28-Mar-2024,20650,PE,28.85,32.5,25.95,27.9,27.9,292,3019.11,17150,900,26-FEB-2024,
OPTIDX,NIFTY,28-Mar-2024,20700,PE,30.3,35.15,27.85,29.75,29.75,4488,46521.34,405200,80050,26-FEB-2024,
OPTIDX,NIFTY,28-Mar-2024,20750,PE,33.1,38,30.75,32.65,32.65,326,3387.69,15500,4200,26-FEB-2024,
OPTIDX,NIFTY,28-Mar-2024,20800,PE,34.85,42.15,33.55,35.85,35.85,3938,41028.79,367100,31650,26-FEB-2024,
OPTIDX,NIFTY,28-Mar-2024,20850,PE,38.95,44.5,36.2,38.8,38.8,916,9568.16,22000,1750,26-FEB-2024,
OPTIDX,NIFTY,28-Mar-2024,20900,PE,43.45,48.85,39,41.9,41.9,2978,31184.08,248500,15400,26-FEB-2024,
OPTIDX,NIFTY,28-Mar-2024,20950,PE,46.95,53.35,43.25,46.05,46.05,218,2288.54,25600,-50,26-FEB-2024,
OPTIDX,NIFTY,28-Mar-2024,21000,PE,49.9,59.55,47.65,51.4,51.4,22763,239614.09,3711850,145850,26-FEB-2024,
OPTIDX,NIFTY,28-Mar-2024,21050,PE,54.55,61.5,50.05,53.95,53.95,222,2342.71,25150,2350,26-FEB-2024,
OPTIDX,NIFTY,28-Mar-2024,21100,PE,58.9,67.6,54,58.05,58.05,4125,43639.95,160800,33550,26-FEB-2024,
OPTIDX,NIFTY,28-Mar-2024,21150,PE,60.25,72,58.6,62.75,62.75,347,3680.65,15600,5700,26-FEB-2024,
OPTIDX,NIFTY,28-Mar-2024,21200,PE,66.7,79.45,62.95,68.05,68.05,5188,55172.01,279250,4350,26-FEB-2024,
OPTIDX,NIFTY,28-Mar-2024,21250,PE,72.25,83.75,69.4,74.4,74.4,366,3902.62,16600,-2000,26-FEB-2024,
OPTIDX,NIFTY,28-Mar-2024,21300,PE,75,92.35,73.55,80.3,80.3,6122,65451.33,347500,10350,26-FEB-2024,
OPTIDX,NIFTY,28-Mar-2024,21350,PE,85,98.25,81,87.5,87.5,728,7804.29,40000,2950,26-FEB-2024,
OPTIDX,NIFTY,28-Mar-2024,21400,PE,91.55,107.95,86,94.25,94.25,4369,46954.63,274600,51500,26-FEB-2024,
OPTIDX,NIFTY,28-Mar-2024,21450,PE,100.1,117.7,93.95,103.05,103.05,343,3696.61,21400,-2400,26-FEB-2024,
OPTIDX,NIFTY,28-Mar-2024,21500,PE,110,128.55,102.65,113.6,113.6,20944,226346.91,1779950,81100,26-FEB-2024,
OPTIDX,NIFTY,28-Mar-2024,21550,PE,116.5,135.3,111.45,120.6,120.6,407,4410.26,19950,-2250,26-FEB-2024,
OPTIDX,NIFTY,28-Mar-2024,21600,PE,126.8,147,118.5,130.75,130.75,6379,69307.44,415800,13800,26-FEB-2024,
OPTIDX,NIFTY,28-Mar-2024,21650,PE,137.35,158.9,131.2,140.95,140.95,454,4946.94,23700,-4250,26-FEB-2024,
OPTIDX,NIFTY,28-Mar-2024,21700,PE,144.05,170.5,138.3,152.4,152.4,4896,53495.01,480400,11750,26-FEB-2024,
OPTIDX,NIFTY,28-Mar-2024,21750,PE,157.05,182.85,151.15,163.1,163.1,547,5994.32,35050,-5800,26-FEB-2024,
OPTIDX,NIFTY,28-Mar-2024,21800,PE,172.45,199,162.5,178.55,178.55,9527,104699.36,480000,20600,26-FEB-2024,
OPTIDX,NIFTY,28-Mar-2024,21850,PE,184,213,177,193.2,193.2,549,6050.62,30250,1300,26-FEB-2024,
OPTIDX,NIFTY,28-Mar-2024,21900,PE,189.9,230.05,189.85,208.45,208.45,4786,52905.8,356400,15750,26-FEB-2024,
OPTIDX,NIFTY,28-Mar-2024,21950,PE,210,245.55,205.3,224.75,224.75,624,6918.32,26200,-150,26-FEB-2024,
OPTIDX,NIFTY,28-Mar-2024,22000,PE,233.05,265.9,214.4,241.65,241.65,35257,392072.81,2350600,45450,26-FEB-2024,
OPTIDX,NIFTY,28-Mar-2024,22050,PE,248.05,282,235.95,260.65,260.65,498,5555.59,22450,-800,26-FEB-2024,
OPTIDX,NIFTY,28-Mar-2024,22100,PE,272.85,305.25,253.8,279.25,279.25,8722,97591.18,283000,41300,26-FEB-2024,
OPTIDX,NIFTY,28-Mar-2024,22150,PE,283.45,325,269.25,300,300,1705,19134.73,32900,15550,26-FEB-2024,
OPTIDX,NIFTY,28-Mar-2024,22200,PE,308.05,348,289.05,320.6,320.6,27747,312345.2,736350,250200,26-FEB-2024,
OPTIDX,NIFTY,28-Mar-2024,22250,PE,324.95,370,309.65,341.25,341.25,1333,15052.91,32650,-5400,26-FEB-2024,
OPTIDX,NIFTY,28-Mar-2024,22300,PE,348,394.25,330,365.05,365.05,7385,83671.09,246650,-1400,26-FEB-2024,
OPTIDX,NIFTY,28-Mar-2024,22350,PE,372.5,415.4,352.8,389.35,389.35,505,5741.1,22200,3350,26-FEB-2024,
OPTIDX,NIFTY,28-Mar-2024,22400,PE,391.55,443.95,374.65,412.2,412.2,4844,55234.93,185200,15400,26-FEB-2024,
OPTIDX,NIFTY,28-Mar-2024,22450,PE,414.95,466.55,408,437.65,437.65,190,2173.71,9550,-250,26-FEB-2024,
OPTIDX,NIFTY,28-Mar-2024,22500,PE,441.05,498.5,422.65,463.45,463.45,11548,132545.82,530950,-17200,26-FEB-2024,
OPTIDX,NIFTY,28-Mar-2024,22550,PE,474.95,521,457.55,490.9,490.9,166,1911.81,49800,900,26-FEB-2024,
OPTIDX,NIFTY,28-Mar-2024,22600,PE,503.65,553.05,482,519.75,519.75,584,6749.38,68200,750,26-FEB-2024,
OPTIDX,NIFTY,28-Mar-2024,22650,PE,525.95,584,519.05,549.05,549.05,121,1403.26,76450,1400,26-FEB-2024,
OPTIDX,NIFTY,28-Mar-2024,22700,PE,556.85,617,540,580.6,580.6,854,9934.06,43500,20600,26-FEB-2024,
OPTIDX,NIFTY,28-Mar-2024,22750,PE,586.95,652,579,613.6,613.6,152,1775.44,16100,1000,26-FEB-2024,
OPTIDX,NIFTY,28-Mar-2024,22800,PE,610,686.5,599,651.3,651.3,434,5086.15,25550,2300,26-FEB-2024,
OPTIDX,NIFTY,28-Mar-2024,22850,PE,668,700,666.65,686.5,704.2,16,188.28,12750,300,26-FEB-2024,
OPTIDX,NIFTY,28-Mar-2024,22900,PE,687,753.8,660.2,709,709,73,861.28,11400,-250,26-FEB-2024,
OPTIDX,NIFTY,28-Mar-2024,22950,PE,730,730,730,730,783.15,1,11.84,4100,0,26-FEB-2024,
OPTIDX,NIFTY,28-Mar-2024,23000,PE,767.65,837,731.85,791.9,791.9,4678,55629.71,499700,62000,26-FEB-2024,
OPTIDX,NIFTY,28-Mar-2024,23050,PE,797.1,838.95,797.1,838.9,865.4,6,71.62,2500,100,26-FEB-2024,
OPTIDX,NIFTY,28-Mar-2024,23100,PE,836,879.3,827.2,859.3,859.3,13,155.67,3100,250,26-FEB-2024,
OPTIDX,NIFTY,28-Mar-2024,23150,PE,894.5,894.5,894.5,894.5,950.5,1,12.02,1050,-50,26-FEB-2024,
OPTIDX,NIFTY,28-Mar-2024,23200,PE,909.1,960,909.1,960,960,9,108.65,4400,0,26-FEB-2024,
OPTIDX,NIFTY,28-Mar-2024,23250,PE,956.85,976.65,956.8,976.65,976.65,5,60.53,1150,100,26-FEB-2024,
OPTIDX,NIFTY,28-Mar-2024,23300,PE,0,0,0,957.8,1082.85,0,0,1600,0,26-FEB-2024,
OPTIDX,NIFTY,28-Mar-2024,23350,PE,0,0,0,1180.6,1128,0,0,600,0,26-FEB-2024,
OPTIDX,NIFTY,28-Mar-2024,23400,PE,1099,1099,1099,1099,1173.65,1,12.24,1000,50,26-FEB-2024,
OPTIDX,NIFTY,28-Mar-2024,23450,PE,0,0,0,1223.65,1219.75,0,0,300,0,26-FEB-2024,
OPTIDX,NIFTY,28-Mar-2024,23500,PE,1189.95,1260,1143.55,1219.45,1219.45,291,3594.08,73750,5700,26-FEB-2024,
OPTIDX,NIFTY,28-Mar-2024,23550,PE,0,0,0,1318.85,1313.05,0,0,200,0,26-FEB-2024,
OPTIDX,NIFTY,28-Mar-2024,23600,PE,0,0,0,1581.9,1360.2,0,0,0,0,26-FEB-2024,
OPTIDX,NIFTY,28-Mar-2024,23650,PE,0,0,0,1621.9,1407.65,0,0,0,0,26-FEB-2024,
OPTIDX,NIFTY,28-Mar-2024,23700,PE,0,0,0,1662.25,1455.4,0,0,0,0,26-FEB-2024,
OPTIDX,NIFTY,28-Mar-2024,23750,PE,0,0,0,1702.95,1503.35,0,0,0,0,26-FEB-2024,
OPTIDX,NIFTY,28-Mar-2024,23800,PE,0,0,0,1555.1,1551.5,0,0,50,0,26-FEB-2024,
OPTIDX,NIFTY,28-Mar-2024,23850,PE,0,0,0,1785.45,1599.85,0,0,0,0,26-FEB-2024,
OPTIDX,NIFTY,28-Mar-2024,23900,PE,0,0,0,1644.75,1648.4,0,0,50,0,26-FEB-2024,
OPTIDX,NIFTY,28-Mar-2024,23950,PE,0,0,0,1869.2,1697.1,0,0,0,0,26-FEB-2024,
OPTIDX,NIFTY,28-Mar-2024,24000,PE,1635,1725.2,1608.25,1686.6,1686.6,592,7600.91,385550,15050,26-FEB-2024,
OPTIDX,NIFTY,28-Mar-2024,25000,PE,2625,2713.3,2601,2664.7,2664.7,110,1520.79,401250,-3100,26-FEB-2024,
OPTIDX,NIFTY,28-Mar-2024,26000,PE,3620,3692,3603.95,3660.65,3660.65,15,222.37,40650,250,26-FEB-2024,
OPTIDX,NIFTY,28-Mar-2024,27000,PE,0,0,0,4470,4723.6,0,0,13600,0,26-FEB-2024,
OPTIDX,NIFTY,04-Apr-2024,20450,CE,0,0,0,1953.85,1819.9,0,0,0,0,26-FEB-2024,
OPTIDX,NIFTY,04-Apr-2024,20500,CE,0,0,0,1906.2,1771.15,0,0,0,0,26-FEB-2024,
OPTIDX,NIFTY,04-Apr-2024,20550,CE,0,0,0,1858.7,1722.5,0,0,0,0,26-FEB-2024,
OPTIDX,NIFTY,04-Apr-2024,20600,CE,0,0,0,1811.45,1674.05,0,0,0,0,26-FEB-2024,
OPTIDX,NIFTY,04-Apr-2024,20650,CE,0,0,0,1764.45,1625.75,0,0,0,0,26-FEB-2024,
OPTIDX,NIFTY,04-Apr-2024,20700,CE,0,0,0,1717.7,1577.65,0,0,0,0,26-FEB-2024,
OPTIDX,NIFTY,04-Apr-2024,20750,CE,0,0,0,1671.25,1529.8,0,0,0,0,26-FEB-2024,
OPTIDX,NIFTY,04-Apr-2024,20800,CE,0,0,0,1625.15,1482.2,0,0,0,0,26-FEB-2024,
OPTIDX,NIFTY,04-Apr-2024,20850,CE,0,0,0,1579.3,1434.85,0,0,0,0,26-FEB-2024,
OPTIDX,NIFTY,04-Apr-2024,20900,CE,0,0,0,1533.85,1387.85,0,0,0,0,26-FEB-2024,
OPTIDX,NIFTY,04-Apr-2024,20950,CE,0,0,0,1488.75,1341.15,0,0,0,0,26-FEB-2024,
OPTIDX,NIFTY,04-Apr-2024,21000,CE,0,0,0,1444.05,1294.85,0,0,0,0,26-FEB-2024,
OPTIDX,NIFTY,04-Apr-2024,21050,CE,0,0,0,1399.75,1248.95,0,0,0,0,26-FEB-2024,
OPTIDX,NIFTY,04-Apr-2024,21100,CE,0,0,0,1355.95,1203.45,0,0,0,0,26-FEB-2024,
OPTIDX,NIFTY,04-Apr-2024,21150,CE,0,0,0,1312.55,1158.5,0,0,0,0,26-FEB-2024,
OPTIDX,NIFTY,04-Apr-2024,21200,CE,0,0,0,1269.7,1114,0,0,0,0,26-FEB-2024,
OPTIDX,NIFTY,04-Apr-2024,21250,CE,0,0,0,1227.35,1070.05,0,0,0,0,26-FEB-2024,
OPTIDX,NIFTY,04-Apr-2024,21300,CE,0,0,0,1185.55,1026.75,0,0,0,0,26-FEB-2024,
OPTIDX,NIFTY,04-Apr-2024,21350,CE,0,0,0,1144.3,984.05,0,0,0,0,26-FEB-2024,
OPTIDX,NIFTY,04-Apr-2024,21400,CE,0,0,0,1103.65,942,0,0,0,0,26-FEB-2024,
OPTIDX,NIFTY,04-Apr-2024,21450,CE,0,0,0,1063.6,900.7,0,0,0,0,26-FEB-2024,
OPTIDX,NIFTY,04-Apr-2024,21500,CE,0,0,0,1024.25,860.1,0,0,0,0,26-FEB-2024,
OPTIDX,NIFTY,04-Apr-2024,21550,CE,0,0,0,985.5,820.35,0,0,0,0,26-FEB-2024,
OPTIDX,NIFTY,04-Apr-2024,21600,CE,0,0,0,947.45,781.4,0,0,0,0,26-FEB-2024,
OPTIDX,NIFTY,04-Apr-2024,21650,CE,0,0,0,911,743.3,0,0,0,0,26-FEB-2024,
OPTIDX,NIFTY,04-Apr-2024,21700,CE,0,0,0,874.25,706.15,0,0,0,0,26-FEB-2024,
OPTIDX,NIFTY,04-Apr-2024,21750,CE,0,0,0,837.55,669.9,0,0,0,0,26-FEB-2024,
OPTIDX,NIFTY,04-Apr-2024,21800,CE,0,0,0,802.45,634.6,0,0,0,0,26-FEB-2024,
OPTIDX,NIFTY,04-Apr-2024,21850,CE,0,0,0,768.2,600.35,0,0,0,0,26-FEB-2024,
OPTIDX,NIFTY,04-Apr-2024,21900,CE,0,0,0,734.75,567.05,0,0,0,0,26-FEB-2024,
OPTIDX,NIFTY,04-Apr-2024,21950,CE,0,0,0,702.1,534.85,0,0,0,0,26-FEB-2024,
OPTIDX,NIFTY,04-Apr-2024,22000,CE,646.55,646.85,600.3,612.5,612.5,182,2059,9000,8450,26-FEB-2024,
OPTIDX,NIFTY,04-Apr-2024,22050,CE,0,0,0,639.35,473.65,0,0,0,0,26-FEB-2024,
OPTIDX,NIFTY,04-Apr-2024,22100,CE,0,0,0,609.25,444.65,0,0,0,0,26-FEB-2024,
OPTIDX,NIFTY,04-Apr-2024,22150,CE,515.5,515.5,515.5,515.5,416.8,4,45.33,200,200,26-FEB-2024,
OPTIDX,NIFTY,04-Apr-2024,22200,CE,0,0,0,551.65,390.1,0,0,0,0,26-FEB-2024,
OPTIDX,NIFTY,04-Apr-2024,22250,CE,0,0,0,524.15,364.45,0,0,0,0,26-FEB-2024,
OPTIDX,NIFTY,04-Apr-2024,22300,CE,449.85,453,449.85,453,339.95,5,56.87,250,250,26-FEB-2024,
OPTIDX,NIFTY,04-Apr-2024,22350,CE,422.95,429.05,422.95,429.05,316.55,5,56.93,300,250,26-FEB-2024,
OPTIDX,NIFTY,04-Apr-2024,22400,CE,396.95,397.2,392.05,392.05,294.3,3,34.19,150,150,26-FEB-2024,
OPTIDX,NIFTY,04-Apr-2024,22450,CE,0,0,0,422.95,273.15,0,0,0,0,26-FEB-2024,
OPTIDX,NIFTY,04-Apr-2024,22500,CE,368.95,368.95,302.55,302.55,302.55,6,68.54,200,150,26-FEB-2024,
OPTIDX,NIFTY,04-Apr-2024,22550,CE,0,0,0,377.65,234,0,0,0,0,26-FEB-2024,
OPTIDX,NIFTY,04-Apr-2024,22600,CE,0,0,0,356.3,216.05,0,0,0,0,26-FEB-2024,
OPTIDX,NIFTY,04-Apr-2024,22650,CE,0,0,0,335.85,199.1,0,0,0,0,26-FEB-2024,
OPTIDX,NIFTY,04-Apr-2024,22700,CE,257.85,263.1,257.85,263.1,183.15,4,45.92,0,0,26-FEB-2024,
OPTIDX,NIFTY,04-Apr-2024,22750,CE,0,0,0,297.4,168.15,0,0,0,0,26-FEB-2024,
OPTIDX,NIFTY,04-Apr-2024,22800,CE,221.6,228.75,221.6,228.75,154.15,10,115.13,200,200,26-FEB-2024,
OPTIDX,NIFTY,04-Apr-2024,22850,CE,0,0,0,262.2,141,0,0,0,0,26-FEB-2024,
OPTIDX,NIFTY,04-Apr-2024,22900,CE,189.35,190.6,187.65,190.6,128.8,5,57.72,150,150,26-FEB-2024,
OPTIDX,NIFTY,04-Apr-2024,22950,CE,181.55,181.55,181,181,117.4,2,23.13,0,-50,26-FEB-2024,
OPTIDX,NIFTY,04-Apr-2024,23000,CE,0,0,0,215.35,106.8,0,0,0,0,26-FEB-2024,
OPTIDX,NIFTY,04-Apr-2024,23050,CE,0,0,0,201.25,97,0,0,0,0,26-FEB-2024,
OPTIDX,NIFTY,04-Apr-2024,23100,CE,125.4,125.4,125.4,125.4,87.9,11,127.73,550,550,26-FEB-2024,
OPTIDX,NIFTY,04-Apr-2024,23150,CE,0,0,0,176.15,79.5,0,0,0,0,26-FEB-2024,
OPTIDX,NIFTY,04-Apr-2024,23200,CE,117,117,108.95,112.8,71.8,31,361.36,1350,1350,26-FEB-2024,
OPTIDX,NIFTY,04-Apr-2024,23250,CE,0,0,0,152,64.7,0,0,0,0,26-FEB-2024,
OPTIDX,NIFTY,04-Apr-2024,23300,CE,91.8,93.5,91.05,93.5,58.2,6,70.17,300,300,26-FEB-2024,
OPTIDX,NIFTY,04-Apr-2024,23350,CE,0,0,0,131.2,52.25,0,0,0,0,26-FEB-2024,
OPTIDX,NIFTY,04-Apr-2024,23400,CE,85.55,85.55,73,75,75,42,493.03,1100,700,26-FEB-2024,
OPTIDX,NIFTY,04-Apr-2024,23450,CE,75.85,75.85,74.4,74.55,41.85,10,117.62,450,450,26-FEB-2024,
OPTIDX,NIFTY,04-Apr-2024,23500,CE,70.95,75,50.75,63.65,63.65,39,459.56,650,500,26-FEB-2024,
OPTIDX,NIFTY,04-Apr-2024,23550,CE,0,0,0,96.4,33.3,0,0,0,0,26-FEB-2024,
OPTIDX,NIFTY,04-Apr-2024,23600,CE,0,0,0,89,29.6,0,0,0,0,26-FEB-2024,
OPTIDX,NIFTY,04-Apr-2024,23650,CE,0,0,0,118.75,26.25,0,0,50,0,26-FEB-2024,
OPTIDX,NIFTY,04-Apr-2024,23700,CE,50.6,52.65,40.15,45.2,45.2,185,2196.68,3200,2800,26-FEB-2024,
OPTIDX,NIFTY,04-Apr-2024,23750,CE,0,0,0,70.5,20.55,0,0,350,0,26-FEB-2024,
OPTIDX,NIFTY,04-Apr-2024,23800,CE,0,0,0,63.95,18.15,0,0,50,0,26-FEB-2024,
OPTIDX,NIFTY,04-Apr-2024,23850,CE,0,0,0,58.7,16,0,0,0,0,26-FEB-2024,
OPTIDX,NIFTY,04-Apr-2024,23900,CE,0,0,0,53.85,14.05,0,0,0,0,26-FEB-2024,
OPTIDX,NIFTY,04-Apr-2024,23950,CE,35,38,25,25.05,25.05,44,527.56,1600,1550,26-FEB-2024,
OPTIDX,NIFTY,04-Apr-2024,20450,PE,0,0,0,14.4,4.65,0,0,0,0,26-FEB-2024,
OPTIDX,NIFTY,04-Apr-2024,20500,PE,0,0,0,16.3,5.55,0,0,0,0,26-FEB-2024,
OPTIDX,NIFTY,04-Apr-2024,20550,PE,0,0,0,18.4,6.55,0,0,0,0,26-FEB-2024,
OPTIDX,NIFTY,04-Apr-2024,20600,PE,0,0,0,20.75,7.75,0,0,0,0,26-FEB-2024,
OPTIDX,NIFTY,04-Apr-2024,20650,PE,0,0,0,23.35,9.1,0,0,0,0,26-FEB-2024,
OPTIDX,NIFTY,04-Apr-2024,20700,PE,0,0,0,26.2,10.65,0,0,0,0,26-FEB-2024,
OPTIDX,NIFTY,04-Apr-2024,20750,PE,0,0,0,29.3,12.45,0,0,0,0,26-FEB-2024,
OPTIDX,NIFTY,04-Apr-2024,20800,PE,0,0,0,32.75,14.5,0,0,0,0,26-FEB-2024,
OPTIDX,NIFTY,04-Apr-2024,20850,PE,0,0,0,36.5,16.8,0,0,0,0,26-FEB-2024,
OPTIDX,NIFTY,04-Apr-2024,20900,PE,0,0,0,40.6,19.45,0,0,0,0,26-FEB-2024,
OPTIDX,NIFTY,04-Apr-2024,20950,PE,0,0,0,45.1,22.4,0,0,0,0,26-FEB-2024,
OPTIDX,NIFTY,04-Apr-2024,21000,PE,0,0,0,50,25.75,0,0,0,0,26-FEB-2024,
OPTIDX,NIFTY,04-Apr-2024,21050,PE,0,0,0,55.3,29.5,0,0,0,0,26-FEB-2024,
OPTIDX,NIFTY,04-Apr-2024,21100,PE,0,0,0,61,33.65,0,0,0,0,26-FEB-2024,
OPTIDX,NIFTY,04-Apr-2024,21150,PE,0,0,0,67.25,38.3,0,0,0,0,26-FEB-2024,
OPTIDX,NIFTY,04-Apr-2024,21200,PE,0,0,0,73.95,43.5,0,0,0,0,26-FEB-2024,
OPTIDX,NIFTY,04-Apr-2024,21250,PE,0,0,0,81.15,49.2,0,0,0,0,26-FEB-2024,
OPTIDX,NIFTY,04-Apr-2024,21300,PE,0,0,0,88.95,55.55,0,0,0,0,26-FEB-2024,
OPTIDX,NIFTY,04-Apr-2024,21350,PE,0,0,0,97.3,62.5,0,0,0,0,26-FEB-2024,
OPTIDX,NIFTY,04-Apr-2024,21400,PE,0,0,0,106.2,70.1,0,0,0,0,26-FEB-2024,
OPTIDX,NIFTY,04-Apr-2024,21450,PE,0,0,0,115.75,78.45,0,0,0,0,26-FEB-2024,
OPTIDX,NIFTY,04-Apr-2024,21500,PE,0,0,0,125.95,87.5,0,0,0,0,26-FEB-2024,
OPTIDX,NIFTY,04-Apr-2024,21550,PE,0,0,0,136.8,97.4,0,0,0,0,26-FEB-2024,
OPTIDX,NIFTY,04-Apr-2024,21600,PE,0,0,0,148.35,108.1,0,0,0,0,26-FEB-2024,
OPTIDX,NIFTY,04-Apr-2024,21650,PE,0,0,0,161.45,119.65,0,0,0,0,26-FEB-2024,
OPTIDX,NIFTY,04-Apr-2024,21700,PE,0,0,0,174.3,132.15,0,0,0,0,26-FEB-2024,
OPTIDX,NIFTY,04-Apr-2024,21750,PE,0,0,0,187.15,145.55,0,0,0,0,26-FEB-2024,
OPTIDX,NIFTY,04-Apr-2024,21800,PE,0,0,0,201.65,159.9,0,0,0,0,26-FEB-2024,
OPTIDX,NIFTY,04-Apr-2024,21850,PE,0,0,0,217,175.25,0,0,0,0,26-FEB-2024,
OPTIDX,NIFTY,04-Apr-2024,21900,PE,245,245,245,245,191.65,2,22.14,100,100,26-FEB-2024,
OPTIDX,NIFTY,04-Apr-2024,21950,PE,258,258,252.2,252.2,209.1,6,66.61,250,200,26-FEB-2024,
OPTIDX,NIFTY,04-Apr-2024,22000,PE,253.2,286.65,248.3,266.3,266.3,248,2760.35,8900,8350,26-FEB-2024,
OPTIDX,NIFTY,04-Apr-2024,22050,PE,0,0,0,286.45,247.2,0,0,0,0,26-FEB-2024,
OPTIDX,NIFTY,04-Apr-2024,22100,PE,0,0,0,305.9,267.85,0,0,0,0,26-FEB-2024,
OPTIDX,NIFTY,04-Apr-2024,22150,PE,0,0,0,326.25,289.65,0,0,0,0,26-FEB-2024,
OPTIDX,NIFTY,04-Apr-2024,22200,PE,317,360.7,317,352,312.55,52,585.76,700,-400,26-FEB-2024,
OPTIDX,NIFTY,04-Apr-2024,22250,PE,353.5,372.5,334.9,372.5,336.6,6,67.81,100,0,26-FEB-2024,
OPTIDX,NIFTY,04-Apr-2024,22300,PE,375.15,375.15,374.7,374.7,361.75,2,22.67,100,100,26-FEB-2024,
OPTIDX,NIFTY,04-Apr-2024,22350,PE,397.75,397.75,397.75,397.75,388,1,11.37,50,50,26-FEB-2024,
OPTIDX,NIFTY,04-Apr-2024,22400,PE,420.8,420.8,388.75,388.75,415.4,23,262.23,150,150,26-FEB-2024,
OPTIDX,NIFTY,04-Apr-2024,22450,PE,0,0,0,466.7,443.85,0,0,0,0,26-FEB-2024,
OPTIDX,NIFTY,04-Apr-2024,22500,PE,469.6,475,464.65,475,473.4,7,80.39,300,300,26-FEB-2024,
OPTIDX,NIFTY,04-Apr-2024,22550,PE,0,0,0,520.55,504.05,0,0,0,0,26-FEB-2024,
OPTIDX,NIFTY,04-Apr-2024,22600,PE,0,0,0,548.8,535.75,0,0,0,0,26-FEB-2024,
OPTIDX,NIFTY,04-Apr-2024,22650,PE,0,0,0,577.9,568.45,0,0,0,0,26-FEB-2024,
OPTIDX,NIFTY,04-Apr-2024,22700,PE,0,0,0,607.8,602.15,0,0,0,0,26-FEB-2024,
OPTIDX,NIFTY,04-Apr-2024,22750,PE,0,0,0,638.6,636.8,0,0,0,0,26-FEB-2024,
OPTIDX,NIFTY,04-Apr-2024,22800,PE,0,0,0,670.2,672.45,0,0,0,0,26-FEB-2024,
OPTIDX,NIFTY,04-Apr-2024,22850,PE,0,0,0,702.6,708.95,0,0,0,0,26-FEB-2024,
OPTIDX,NIFTY,04-Apr-2024,22900,PE,0,0,0,735.8,746.35,0,0,0,0,26-FEB-2024,
OPTIDX,NIFTY,04-Apr-2024,22950,PE,0,0,0,769.75,784.6,0,0,0,0,26-FEB-2024,
OPTIDX,NIFTY,04-Apr-2024,23000,PE,0,0,0,804.5,823.7,0,0,0,0,26-FEB-2024,
OPTIDX,NIFTY,04-Apr-2024,23050,PE,0,0,0,839.95,863.5,0,0,0,0,26-FEB-2024,
OPTIDX,NIFTY,04-Apr-2024,23100,PE,0,0,0,876.15,904.1,0,0,0,0,26-FEB-2024,
OPTIDX,NIFTY,04-Apr-2024,23150,PE,0,0,0,914,945.35,0,0,0,0,26-FEB-2024,
OPTIDX,NIFTY,04-Apr-2024,23200,PE,0,0,0,950.8,987.3,0,0,0,0,26-FEB-2024,
OPTIDX,NIFTY,04-Apr-2024,23250,PE,0,0,0,989,1029.85,0,0,0,0,26-FEB-2024,
OPTIDX,NIFTY,04-Apr-2024,23300,PE,0,0,0,1027.9,1073,0,0,0,0,26-FEB-2024,
OPTIDX,NIFTY,04-Apr-2024,23350,PE,0,0,0,1067.35,1116.7,0,0,0,0,26-FEB-2024,
OPTIDX,NIFTY,04-Apr-2024,23400,PE,0,0,0,1107.4,1160.9,0,0,0,0,26-FEB-2024,
OPTIDX,NIFTY,04-Apr-2024,23450,PE,0,0,0,1148.05,1205.6,0,0,0,0,26-FEB-2024,
OPTIDX,NIFTY,04-Apr-2024,23500,PE,0,0,0,1189.2,1250.75,0,0,0,0,26-FEB-2024,
OPTIDX,NIFTY,04-Apr-2024,23550,PE,0,0,0,1230.9,1296.35,0,0,0,0,26-FEB-2024,
OPTIDX,NIFTY,04-Apr-2024,23600,PE,0,0,0,1273.05,1342.3,0,0,0,0,26-FEB-2024,
OPTIDX,NIFTY,04-Apr-2024,23650,PE,0,0,0,1315.75,1388.6,0,0,0,0,26-FEB-2024,
OPTIDX,NIFTY,04-Apr-2024,23700,PE,0,0,0,1358.85,1435.25,0,0,0,0,26-FEB-2024,
OPTIDX,NIFTY,04-Apr-2024,23750,PE,0,0,0,1402.4,1482.2,0,0,0,0,26-FEB-2024,
OPTIDX,NIFTY,04-Apr-2024,23800,PE,0,0,0,1446.35,1529.45,0,0,0,0,26-FEB-2024,
OPTIDX,NIFTY,04-Apr-2024,23850,PE,0,0,0,1490.65,1576.9,0,0,0,0,26-FEB-2024,
OPTIDX,NIFTY,04-Apr-2024,23900,PE,0,0,0,1535.4,1624.6,0,0,0,0,26-FEB-2024,
OPTIDX,NIFTY,04-Apr-2024,23950,PE,0,0,0,1580.45,1672.55,0,0,0,0,26-FEB-2024,
OPTIDX,NIFTY,25-Apr-2024,19600,CE,0,0,0,2149.7,2735.95,0,0,0,0,26-FEB-2024,
OPTIDX,NIFTY,25-Apr-2024,19650,CE,0,0,0,2104.85,2686.7,0,0,0,0,26-FEB-2024,
OPTIDX,NIFTY,25-Apr-2024,19700,CE,0,0,0,2060.25,2637.5,0,0,0,0,26-FEB-2024,
OPTIDX,NIFTY,25-Apr-2024,19750,CE,0,0,0,2016,2588.35,0,0,0,0,26-FEB-2024,
OPTIDX,NIFTY,25-Apr-2024,19800,CE,0,0,0,1972,2539.25,0,0,0,0,26-FEB-2024,
OPTIDX,NIFTY,25-Apr-2024,19850,CE,0,0,0,1928.35,2490.2,0,0,0,0,26-FEB-2024,
OPTIDX,NIFTY,25-Apr-2024,19900,CE,0,0,0,1885,2441.15,0,0,0,0,26-FEB-2024,
OPTIDX,NIFTY,25-Apr-2024,19950,CE,0,0,0,1842,2392.25,0,0,0,0,26-FEB-2024,
OPTIDX,NIFTY,25-Apr-2024,20000,CE,2480,2500.05,2406.4,2422.05,2422.05,95,1066.25,9750,1350,26-FEB-2024,
OPTIDX,NIFTY,25-Apr-2024,20050,CE,0,0,0,1757.1,2294.6,0,0,0,0,26-FEB-2024,
OPTIDX,NIFTY,25-Apr-2024,20100,CE,0,0,0,1715.15,2245.9,0,0,0,0,26-FEB-2024,
OPTIDX,NIFTY,25-Apr-2024,20150,CE,0,0,0,1673.65,2197.3,0,0,0,0,26-FEB-2024,
OPTIDX,NIFTY,25-Apr-2024,20200,CE,0,0,0,1632.55,2148.85,0,0,0,0,26-FEB-2024,
OPTIDX,NIFTY,25-Apr-2024,20250,CE,0,0,0,1591.85,2100.5,0,0,0,0,26-FEB-2024,
OPTIDX,NIFTY,25-Apr-2024,20300,CE,0,0,0,1551.6,2052.25,0,0,0,0,26-FEB-2024,
OPTIDX,NIFTY,25-Apr-2024,20350,CE,0,0,0,1511.75,2004.2,0,0,0,0,26-FEB-2024,
OPTIDX,NIFTY,25-Apr-2024,20400,CE,2048.35,2048.35,2048.35,2048.35,1956.3,12,134.69,600,600,26-FEB-2024,
OPTIDX,NIFTY,25-Apr-2024,20450,CE,0,0,0,1433.45,1908.6,0,0,0,0,26-FEB-2024,
OPTIDX,NIFTY,25-Apr-2024,20500,CE,1976.6,2010.75,1969.55,2010.75,1861.1,22,247.37,1250,600,26-FEB-2024,
OPTIDX,NIFTY,25-Apr-2024,20550,CE,0,0,0,1357.05,1813.8,0,0,0,0,26-FEB-2024,
OPTIDX,NIFTY,25-Apr-2024,20600,CE,1868.7,1868.7,1868.7,1868.7,1766.75,12,134.81,600,600,26-FEB-2024,
OPTIDX,NIFTY,25-Apr-2024,20650,CE,0,0,0,1282.65,1719.95,0,0,0,0,26-FEB-2024,
OPTIDX,NIFTY,25-Apr-2024,20700,CE,0,0,0,1247,1673.4,0,0,0,0,26-FEB-2024,
OPTIDX,NIFTY,25-Apr-2024,20750,CE,0,0,0,1211,1627.15,0,0,0,0,26-FEB-2024,
OPTIDX,NIFTY,25-Apr-2024,20800,CE,0,0,0,1174.75,1581.25,0,0,0,0,26-FEB-2024,
OPTIDX,NIFTY,25-Apr-2024,20850,CE,0,0,0,1139.95,1535.65,0,0,0,0,26-FEB-2024,
OPTIDX,NIFTY,25-Apr-2024,20900,CE,0,0,0,1105.75,1490.45,0,0,0,0,26-FEB-2024,
OPTIDX,NIFTY,25-Apr-2024,20950,CE,0,0,0,1072.05,1445.6,0,0,0,0,26-FEB-2024,
OPTIDX,NIFTY,25-Apr-2024,21000,CE,1576,1602.8,1496,1530.4,1530.4,216,2434.71,39400,4550,26-FEB-2024,
OPTIDX,NIFTY,25-Apr-2024,21050,CE,0,0,0,1006.45,1357.2,0,0,0,0,26-FEB-2024,
OPTIDX,NIFTY,25-Apr-2024,21100,CE,0,0,0,974.55,1313.65,0,0,0,0,26-FEB-2024,
OPTIDX,NIFTY,25-Apr-2024,21150,CE,0,0,0,1316.4,1270.65,0,0,50,0,26-FEB-2024,
OPTIDX,NIFTY,25-Apr-2024,21200,CE,0,0,0,912.45,1228.1,0,0,0,0,26-FEB-2024,
OPTIDX,NIFTY,25-Apr-2024,21250,CE,0,0,0,1371,1186.15,0,0,350,0,26-FEB-2024,
OPTIDX,NIFTY,25-Apr-2024,21300,CE,0,0,0,852.8,1144.7,0,0,0,0,26-FEB-2024,
OPTIDX,NIFTY,25-Apr-2024,21350,CE,0,0,0,823.9,1103.85,0,0,0,0,26-FEB-2024,
OPTIDX,NIFTY,25-Apr-2024,21400,CE,1156.9,1206.7,1156.9,1206.7,1206.7,2,22.58,150,50,26-FEB-2024,
OPTIDX,NIFTY,25-Apr-2024,21450,CE,0,0,0,767.95,1024.1,0,0,0,0,26-FEB-2024,
OPTIDX,NIFTY,25-Apr-2024,21500,CE,1170.15,1170.15,1086.4,1114.9,1114.9,109,1232.57,30250,800,26-FEB-2024,
OPTIDX,NIFTY,25-Apr-2024,21550,CE,0,0,0,714.45,946.95,0,0,0,0,26-FEB-2024,
OPTIDX,NIFTY,25-Apr-2024,21600,CE,1096,1096,1036,1036,909.45,6,68,3250,250,26-FEB-2024,
OPTIDX,NIFTY,25-Apr-2024,21650,CE,0,0,0,1005.95,872.65,0,0,50,0,26-FEB-2024,
OPTIDX,NIFTY,25-Apr-2024,21700,CE,1015,1015,937.35,960.05,960.05,32,362.85,5600,-350,26-FEB-2024,
OPTIDX,NIFTY,25-Apr-2024,21750,CE,0,0,0,840.3,801.35,0,0,600,0,26-FEB-2024,
OPTIDX,NIFTY,25-Apr-2024,21800,CE,945,945,885,920.7,920.7,6,68.14,5100,200,26-FEB-2024,
OPTIDX,NIFTY,25-Apr-2024,21850,CE,0,0,0,960.25,733.25,0,0,200,0,26-FEB-2024,
OPTIDX,NIFTY,25-Apr-2024,21900,CE,876.3,876.3,825,825,700.45,6,68.25,5250,100,26-FEB-2024,
OPTIDX,NIFTY,25-Apr-2024,21950,CE,0,0,0,800,668.45,0,0,1450,0,26-FEB-2024,
OPTIDX,NIFTY,25-Apr-2024,22000,CE,788,820,742,770.5,770.5,935,10649.05,130300,5850,26-FEB-2024,
OPTIDX,NIFTY,25-Apr-2024,22050,CE,0,0,0,720,607.05,0,0,650,0,26-FEB-2024,
OPTIDX,NIFTY,25-Apr-2024,22100,CE,717,740.5,689.2,710.05,710.05,237,2703.36,13550,5650,26-FEB-2024,
OPTIDX,NIFTY,25-Apr-2024,22150,CE,698.6,717.8,670,717.8,549.15,17,194.21,700,100,26-FEB-2024,
OPTIDX,NIFTY,25-Apr-2024,22200,CE,687.5,692,628,651.45,651.45,263,3006.21,35750,4900,26-FEB-2024,
OPTIDX,NIFTY,25-Apr-2024,22250,CE,655.6,655.6,610,631.4,494.8,6,68.65,500,-50,26-FEB-2024,
OPTIDX,NIFTY,25-Apr-2024,22300,CE,651.1,651.1,575,594.5,594.5,65,744.2,10300,250,26-FEB-2024,
OPTIDX,NIFTY,25-Apr-2024,22350,CE,604.35,604.35,572.35,572.35,572.35,5,57.33,450,-50,26-FEB-2024,
OPTIDX,NIFTY,25-Apr-2024,22400,CE,567,567,528.05,544.35,544.35,5,57.36,5650,-50,26-FEB-2024,
OPTIDX,NIFTY,25-Apr-2024,22450,CE,0,0,0,554.45,396.75,0,0,250,0,26-FEB-2024,
OPTIDX,NIFTY,25-Apr-2024,22500,CE,497.2,522.35,461,481.45,481.45,1072,12320.78,205800,5250,26-FEB-2024,
OPTIDX,NIFTY,25-Apr-2024,22550,CE,0,0,0,495.7,353.05,0,0,50,0,26-FEB-2024,
OPTIDX,NIFTY,25-Apr-2024,22600,CE,430,451.95,421.7,436.7,436.7,33,380.09,2150,800,26-FEB-2024,
OPTIDX,NIFTY,25-Apr-2024,22650,CE,0,0,0,442.35,312.85,0,0,400,0,26-FEB-2024,
OPTIDX,NIFTY,25-Apr-2024,22700,CE,386.35,419.95,368.95,368.95,294,73,842.81,5950,950,26-FEB-2024,
OPTIDX,NIFTY,25-Apr-2024,22750,CE,372.35,377.4,353.9,377.4,276,7,80.91,550,0,26-FEB-2024,
OPTIDX,NIFTY,25-Apr-2024,22800,CE,362,362,339,345.3,345.3,44,509.22,6450,-50,26-FEB-2024,
OPTIDX,NIFTY,25-Apr-2024,22850,CE,0,0,0,235.4,242.45,0,0,0,0,26-FEB-2024,
OPTIDX,NIFTY,25-Apr-2024,22900,CE,300,317,300,317,226.8,8,92.82,1600,200,26-FEB-2024,
OPTIDX,NIFTY,25-Apr-2024,22950,CE,0,0,0,212.35,212,0,0,0,0,26-FEB-2024,
OPTIDX,NIFTY,25-Apr-2024,23000,CE,300,300,258,270.35,270.35,2282,26557.94,334200,-8200,26-FEB-2024,
OPTIDX,NIFTY,25-Apr-2024,23050,CE,0,0,0,191.9,184.55,0,0,0,0,26-FEB-2024,
OPTIDX,NIFTY,25-Apr-2024,23100,CE,256.1,256.1,232,236.75,236.75,286,3338.15,6300,-1100,26-FEB-2024,
OPTIDX,NIFTY,25-Apr-2024,23150,CE,0,0,0,173.05,159.9,0,0,0,0,26-FEB-2024,
OPTIDX,NIFTY,25-Apr-2024,23200,CE,0,0,0,164.2,148.6,0,0,0,0,26-FEB-2024,
OPTIDX,NIFTY,25-Apr-2024,23250,CE,183,203.7,183,202,137.95,16,187.53,650,400,26-FEB-2024,
OPTIDX,NIFTY,25-Apr-2024,23300,CE,186.35,194.25,176.1,180,127.9,24,281.81,1250,50,26-FEB-2024,
OPTIDX,NIFTY,25-Apr-2024,23350,CE,0,0,0,194.8,118.45,0,0,150,0,26-FEB-2024,
OPTIDX,NIFTY,25-Apr-2024,23400,CE,177.9,177.9,143.85,149.75,149.75,8,94.23,1500,100,26-FEB-2024,
OPTIDX,NIFTY,25-Apr-2024,23450,CE,160,168.05,159.95,159.95,159.95,4,47.22,200,100,26-FEB-2024,
OPTIDX,NIFTY,25-Apr-2024,23500,CE,160,160,130.05,131.55,131.55,1325,15660.13,136550,7100,26-FEB-2024,
OPTIDX,NIFTY,25-Apr-2024,23550,CE,0,0,0,182.75,86.15,0,0,750,0,26-FEB-2024,
OPTIDX,NIFTY,25-Apr-2024,23600,CE,126,126,115,115,115,5,59.29,2400,0,26-FEB-2024,
OPTIDX,NIFTY,25-Apr-2024,23650,CE,0,0,0,112.95,72.95,0,0,850,0,26-FEB-2024,
OPTIDX,NIFTY,25-Apr-2024,23700,CE,102.35,118.05,97,98.75,98.75,93,1106.76,30100,400,26-FEB-2024,
OPTIDX,NIFTY,25-Apr-2024,23750,CE,0,0,0,116.5,61.5,0,0,800,0,26-FEB-2024,
OPTIDX,NIFTY,25-Apr-2024,23800,CE,93,93,80.5,80.9,80.9,136,1624.2,22000,3900,26-FEB-2024,
OPTIDX,NIFTY,25-Apr-2024,23850,CE,0,0,0,100,51.6,0,0,150,0,26-FEB-2024,
OPTIDX,NIFTY,25-Apr-2024,23900,CE,72.8,81.95,70.5,70.65,70.65,301,3608.16,30950,6700,26-FEB-2024,
OPTIDX,NIFTY,25-Apr-2024,23950,CE,0,0,0,70.4,43.1,0,0,0,0,26-FEB-2024,
OPTIDX,NIFTY,25-Apr-2024,19600,PE,20,21.25,14.85,19,19,38,372.78,10900,100,26-FEB-2024,
OPTIDX,NIFTY,25-Apr-2024,19650,PE,0,0,0,57.1,1.45,0,0,0,0,26-FEB-2024,
OPTIDX,NIFTY,25-Apr-2024,19700,PE,0,0,0,52.2,1.7,0,0,450,0,26-FEB-2024,
OPTIDX,NIFTY,25-Apr-2024,19750,PE,0,0,0,74,2,0,0,350,0,26-FEB-2024,
OPTIDX,NIFTY,25-Apr-2024,19800,PE,0,0,0,71.65,2.35,0,0,0,0,26-FEB-2024,
OPTIDX,NIFTY,25-Apr-2024,19850,PE,0,0,0,46,2.7,0,0,50,0,26-FEB-2024,
OPTIDX,NIFTY,25-Apr-2024,19900,PE,0,0,0,82.85,3.2,0,0,0,0,26-FEB-2024,
OPTIDX,NIFTY,25-Apr-2024,19950,PE,0,0,0,89,3.7,0,0,0,0,26-FEB-2024,
OPTIDX,NIFTY,25-Apr-2024,20000,PE,33.25,35,29.95,33.15,33.15,1878,18810.33,428900,29500,26-FEB-2024,
OPTIDX,NIFTY,25-Apr-2024,20050,PE,0,0,0,102.3,4.95,0,0,0,0,26-FEB-2024,
OPTIDX,NIFTY,25-Apr-2024,20100,PE,0,0,0,45.1,5.75,0,0,50,0,26-FEB-2024,
OPTIDX,NIFTY,25-Apr-2024,20150,PE,0,0,0,33,6.6,0,0,50,0,26-FEB-2024,
OPTIDX,NIFTY,25-Apr-2024,20200,PE,35,40.45,35,38.6,38.6,18,182.14,5500,0,26-FEB-2024,
OPTIDX,NIFTY,25-Apr-2024,20250,PE,0,0,0,133.55,8.7,0,0,0,0,26-FEB-2024,
OPTIDX,NIFTY,25-Apr-2024,20300,PE,0,0,0,142.4,9.95,0,0,0,0,26-FEB-2024,
OPTIDX,NIFTY,25-Apr-2024,20350,PE,0,0,0,151.7,11.35,0,0,0,0,26-FEB-2024,
OPTIDX,NIFTY,25-Apr-2024,20400,PE,0,0,0,161.45,12.9,0,0,0,0,26-FEB-2024,
OPTIDX,NIFTY,25-Apr-2024,20450,PE,0,0,0,171.65,14.65,0,0,0,0,26-FEB-2024,
OPTIDX,NIFTY,25-Apr-2024,20500,PE,57.7,61.7,53.75,58,58,1044,10731.07,399950,21350,26-FEB-2024,
OPTIDX,NIFTY,25-Apr-2024,20550,PE,0,0,0,193.5,18.75,0,0,0,0,26-FEB-2024,
OPTIDX,NIFTY,25-Apr-2024,20600,PE,57.35,64,56.45,60.2,60.2,472,4875.92,41350,15450,26-FEB-2024,
OPTIDX,NIFTY,25-Apr-2024,20650,PE,0,0,0,217.35,23.8,0,0,0,0,26-FEB-2024,
OPTIDX,NIFTY,25-Apr-2024,20700,PE,67.75,72.65,63.45,66.6,66.6,634,6583.61,123150,16550,26-FEB-2024,
OPTIDX,NIFTY,25-Apr-2024,20750,PE,0,0,0,243.95,29.95,0,0,0,0,26-FEB-2024,
OPTIDX,NIFTY,25-Apr-2024,20800,PE,75.45,81.9,70.5,75.25,75.25,758,7912.43,114350,16500,26-FEB-2024,
OPTIDX,NIFTY,25-Apr-2024,20850,PE,0,0,0,271.15,37.35,0,0,0,0,26-FEB-2024,
OPTIDX,NIFTY,25-Apr-2024,20900,PE,86.25,92.9,81.95,87.45,87.45,479,5026.5,83100,14300,26-FEB-2024,
OPTIDX,NIFTY,25-Apr-2024,20950,PE,0,0,0,91.4,46.2,0,0,100,0,26-FEB-2024,
OPTIDX,NIFTY,25-Apr-2024,21000,PE,100.05,112,97.85,104.85,104.85,3667,38696.38,529400,58600,26-FEB-2024,
OPTIDX,NIFTY,25-Apr-2024,21050,PE,0,0,0,334.1,56.7,0,0,0,0,26-FEB-2024,
OPTIDX,NIFTY,25-Apr-2024,21100,PE,107,118.9,107,114,114,324,3436.48,37950,7650,26-FEB-2024,
OPTIDX,NIFTY,25-Apr-2024,21150,PE,0,0,0,126.1,69.1,0,0,250,0,26-FEB-2024,
OPTIDX,NIFTY,25-Apr-2024,21200,PE,120.1,134.9,117.95,126.35,126.35,421,4489.14,51100,10450,26-FEB-2024,
OPTIDX,NIFTY,25-Apr-2024,21250,PE,0,0,0,220.1,83.5,0,0,100,0,26-FEB-2024,
OPTIDX,NIFTY,25-Apr-2024,21300,PE,133.95,153.1,133.95,144.35,144.35,162,1736.75,36550,4850,26-FEB-2024,
OPTIDX,NIFTY,25-Apr-2024,21350,PE,0,0,0,207.8,100.15,0,0,650,0,26-FEB-2024,
OPTIDX,NIFTY,25-Apr-2024,21400,PE,136.7,170.1,136.7,163.55,163.55,146,1574.1,24100,3400,26-FEB-2024,
OPTIDX,NIFTY,25-Apr-2024,21450,PE,0,0,0,161,119.25,0,0,200,0,26-FEB-2024,
OPTIDX,NIFTY,25-Apr-2024,21500,PE,176.05,199.3,175.3,187.05,187.05,1673,18141.68,206000,15150,26-FEB-2024,
OPTIDX,NIFTY,25-Apr-2024,21550,PE,195.15,197.4,195.15,196.2,196.2,5,54.36,1600,250,26-FEB-2024,
OPTIDX,NIFTY,25-Apr-2024,21600,PE,200,220,196,209.75,209.75,107,1166.78,26900,2250,26-FEB-2024,
OPTIDX,NIFTY,25-Apr-2024,21650,PE,0,0,0,196.8,165.65,0,0,750,0,26-FEB-2024,
OPTIDX,NIFTY,25-Apr-2024,21700,PE,225,245.75,218.85,234.25,234.25,114,1250.35,37050,2900,26-FEB-2024,
OPTIDX,NIFTY,25-Apr-2024,21750,PE,0,0,0,275,193.3,0,0,400,0,26-FEB-2024,
OPTIDX,NIFTY,25-Apr-2024,21800,PE,246.5,277.15,245.15,264.45,264.45,91,1003.78,27000,-250,26-FEB-2024,
OPTIDX,NIFTY,25-Apr-2024,21850,PE,0,0,0,304.9,224.1,0,0,250,0,26-FEB-2024,
OPTIDX,NIFTY,25-Apr-2024,21900,PE,290,306,280,296,296,148,1642.32,11050,-150,26-FEB-2024,
OPTIDX,NIFTY,25-Apr-2024,21950,PE,290.85,314.45,290.85,308,258.2,11,122.39,650,-250,26-FEB-2024,
OPTIDX,NIFTY,25-Apr-2024,22000,PE,315.95,347,305,329.15,329.15,2526,28198.3,358800,1650,26-FEB-2024,
OPTIDX,NIFTY,25-Apr-2024,22050,PE,0,0,0,322,295.75,0,0,750,0,26-FEB-2024,
OPTIDX,NIFTY,25-Apr-2024,22100,PE,352.5,386.25,345.15,368.4,368.4,330,3707.35,22250,2450,26-FEB-2024,
OPTIDX,NIFTY,25-Apr-2024,22150,PE,364.2,401,354.85,382.75,382.75,82,923.58,2000,1400,26-FEB-2024,
OPTIDX,NIFTY,25-Apr-2024,22200,PE,397.95,429.25,378.45,407,407,622,7029.49,51950,-7750,26-FEB-2024,
OPTIDX,NIFTY,25-Apr-2024,22250,PE,413,434.55,407,423.35,423.35,72,816.23,2450,350,26-FEB-2024,
OPTIDX,NIFTY,25-Apr-2024,22300,PE,426,468.8,418.8,445.85,445.85,162,1842,9900,1450,26-FEB-2024,
OPTIDX,NIFTY,25-Apr-2024,22350,PE,0,0,0,979,429.4,0,0,0,0,26-FEB-2024,
OPTIDX,NIFTY,25-Apr-2024,22400,PE,500,503.05,465,486.05,486.05,101,1155.02,7200,800,26-FEB-2024,
OPTIDX,NIFTY,25-Apr-2024,22450,PE,0,0,0,1045.15,481.1,0,0,0,0,26-FEB-2024,
OPTIDX,NIFTY,25-Apr-2024,22500,PE,506.95,559.95,495.6,532,532,1334,15356.8,152350,4900,26-FEB-2024,
OPTIDX,NIFTY,25-Apr-2024,22550,PE,0,0,0,1113.45,536.3,0,0,0,0,26-FEB-2024,
OPTIDX,NIFTY,25-Apr-2024,22600,PE,0,0,0,545,565.25,0,0,100,0,26-FEB-2024,
OPTIDX,NIFTY,25-Apr-2024,22650,PE,0,0,0,1183.8,595,0,0,0,0,26-FEB-2024,
OPTIDX,NIFTY,25-Apr-2024,22700,PE,0,0,0,593,625.65,0,0,950,0,26-FEB-2024,
OPTIDX,NIFTY,25-Apr-2024,22750,PE,0,0,0,1256.1,657.1,0,0,0,0,26-FEB-2024,
OPTIDX,NIFTY,25-Apr-2024,22800,PE,680,703.4,669.45,695,689.35,6,70.47,2400,0,26-FEB-2024,
OPTIDX,NIFTY,25-Apr-2024,22850,PE,0,0,0,729.35,722.4,0,0,50,0,26-FEB-2024,
OPTIDX,NIFTY,25-Apr-2024,22900,PE,0,0,0,760,756.25,0,0,0,0,26-FEB-2024,
OPTIDX,NIFTY,25-Apr-2024,22950,PE,0,0,0,900,790.9,0,0,50,0,26-FEB-2024,
OPTIDX,NIFTY,25-Apr-2024,23000,PE,823.25,845.1,771.85,808.15,808.15,565,6728.21,60450,-500,26-FEB-2024,
OPTIDX,NIFTY,25-Apr-2024,23050,PE,0,0,0,1484.45,862.35,0,0,0,0,26-FEB-2024,
OPTIDX,NIFTY,25-Apr-2024,23100,PE,0,0,0,840,899.15,0,0,50,0,26-FEB-2024,
OPTIDX,NIFTY,25-Apr-2024,23150,PE,0,0,0,1563.8,936.65,0,0,0,0,26-FEB-2024,
OPTIDX,NIFTY,25-Apr-2024,23200,PE,0,0,0,1604.1,974.8,0,0,0,0,26-FEB-2024,
OPTIDX,NIFTY,25-Apr-2024,23250,PE,0,0,0,1644.75,1013.6,0,0,0,0,26-FEB-2024,
OPTIDX,NIFTY,25-Apr-2024,23300,PE,0,0,0,1685.75,1053,0,0,0,0,26-FEB-2024,
OPTIDX,NIFTY,25-Apr-2024,23350,PE,0,0,0,1727.15,1093.05,0,0,0,0,26-FEB-2024,
OPTIDX,NIFTY,25-Apr-2024,23400,PE,0,0,0,1768.85,1133.6,0,0,0,0,26-FEB-2024,
OPTIDX,NIFTY,25-Apr-2024,23450,PE,0,0,0,1810.85,1174.75,0,0,0,0,26-FEB-2024,
OPTIDX,NIFTY,25-Apr-2024,23500,PE,1122.75,1198.4,1118.2,1168,1216.4,37,456.1,3950,1150,26-FEB-2024,
OPTIDX,NIFTY,25-Apr-2024,23550,PE,0,0,0,1895.9,1258.55,0,0,0,0,26-FEB-2024,
OPTIDX,NIFTY,25-Apr-2024,23600,PE,0,0,0,1938.85,1301.15,0,0,0,0,26-FEB-2024,
OPTIDX,NIFTY,25-Apr-2024,23650,PE,0,0,0,1982.1,1344.25,0,0,0,0,26-FEB-2024,
OPTIDX,NIFTY,25-Apr-2024,23700,PE,0,0,0,1230,1387.8,0,0,450,0,26-FEB-2024,
OPTIDX,NIFTY,25-Apr-2024,23750,PE,0,0,0,2069.45,1431.7,0,0,0,0,26-FEB-2024,
OPTIDX,NIFTY,25-Apr-2024,23800,PE,0,0,0,2113.5,1476.05,0,0,0,0,26-FEB-2024,
OPTIDX,NIFTY,25-Apr-2024,23850,PE,0,0,0,2157.8,1520.75,0,0,0,0,26-FEB-2024,
OPTIDX,NIFTY,25-Apr-2024,23900,PE,0,0,0,2202.35,1565.75,0,0,0,0,26-FEB-2024,
OPTIDX,NIFTY,25-Apr-2024,23950,PE,0,0,0,1487.95,1611.15,0,0,50,0,26-FEB-2024,
OPTIDX,NIFTY,27-Jun-2024,15000,CE,0,0,0,4599.25,7456.7,0,0,50,0,26-FEB-2024,
OPTIDX,NIFTY,27-Jun-2024,16000,CE,0,0,0,2666.1,6479,0,0,0,0,26-FEB-2024,
OPTIDX,NIFTY,27-Jun-2024,17000,CE,0,0,0,5010.65,5501.3,0,0,50,0,26-FEB-2024,
OPTIDX,NIFTY,27-Jun-2024,18000,CE,4575,4613.55,4524.55,4607.15,4607.15,120,1355.47,22100,400,26-FEB-2024,
OPTIDX,NIFTY,27-Jun-2024,18500,CE,0,0,0,3554.75,4035.75,0,0,2825,0,26-FEB-2024,
OPTIDX,NIFTY,27-Jun-2024,19000,CE,3699.65,3699.65,3609.55,3658.65,3658.65,506,5730.98,137350,19150,26-FEB-2024,
OPTIDX,NIFTY,27-Jun-2024,20000,CE,2765.2,2828.9,2720.2,2777.2,2777.2,453,5160.33,228700,16700,26-FEB-2024,
OPTIDX,NIFTY,27-Jun-2024,21000,CE,2000,2010,1913.8,1951.45,1951.45,627,7199.3,422200,1900,26-FEB-2024,
OPTIDX,NIFTY,27-Jun-2024,22000,CE,1254.35,1284,1216.75,1249.35,1249.35,1148,13345.38,425350,-1450,26-FEB-2024,
OPTIDX,NIFTY,27-Jun-2024,23000,CE,720,745.9,698,715.7,715.7,1067,12651.5,794050,2600,26-FEB-2024,
OPTIDX,NIFTY,27-Jun-2024,24000,CE,370.05,389.8,352.35,360.55,360.55,1349,16433.99,519000,22400,26-FEB-2024,
OPTIDX,NIFTY,27-Jun-2024,25000,CE,167.45,195,157.25,158.55,158.55,1121,14104.87,322900,16050,26-FEB-2024,
OPTIDX,NIFTY,27-Jun-2024,26000,CE,66.05,73.5,64,65.65,65.65,291,3792.85,115900,6650,26-FEB-2024,
OPTIDX,NIFTY,27-Jun-2024,27000,CE,0,0,0,331.6,3.65,0,0,0,0,26-FEB-2024,
OPTIDX,NIFTY,27-Jun-2024,14000,PE,0,0,0,9,0.05,0,0,7075,0,26-FEB-2024,
OPTIDX,NIFTY,27-Jun-2024,15000,PE,3.05,3.05,3.05,3.05,0.05,4,30,12425,0,26-FEB-2024,
OPTIDX,NIFTY,27-Jun-2024,16000,PE,21.5,22.4,19.05,21.2,21.2,58,464.57,37850,600,26-FEB-2024,
OPTIDX,NIFTY,27-Jun-2024,17000,PE,27.5,30,25.1,26.65,26.65,82,698.14,132300,400,26-FEB-2024,
OPTIDX,NIFTY,27-Jun-2024,18000,PE,40,44,35.15,36.75,36.75,444,4004.28,535900,200,26-FEB-2024,
OPTIDX,NIFTY,27-Jun-2024,19000,PE,73,80,67.3,70.05,70.05,1425,13587.98,801700,13700,26-FEB-2024,
OPTIDX,NIFTY,27-Jun-2024,20000,PE,146,160.05,143.2,147.55,147.55,1560,15717,1006500,18900,26-FEB-2024,
OPTIDX,NIFTY,27-Jun-2024,21000,PE,301.25,310,288.5,297.45,297.45,1584,16870.49,1187100,13600,26-FEB-2024,
OPTIDX,NIFTY,27-Jun-2024,22000,PE,554.1,593.05,550,568.85,568.85,1954,22052.18,917950,6700,26-FEB-2024,
OPTIDX,NIFTY,27-Jun-2024,23000,PE,978.6,1049.05,971.7,1011.75,1011.75,1087,13051.16,263950,12900,26-FEB-2024,
OPTIDX,NIFTY,27-Jun-2024,24000,PE,1599,1669,1599,1620.75,1620.75,221,2831.41,175750,4750,26-FEB-2024,
OPTIDX,NIFTY,27-Jun-2024,25000,PE,0,0,0,7199.55,2380.75,0,0,0,0,26-FEB-2024,
OPTIDX,NIFTY,27-Jun-2024,26000,PE,0,0,0,8015.6,3314.2,0,0,0,0,26-FEB-2024,
OPTIDX,NIFTY,27-Jun-2024,27000,PE,0,0,0,8206,4279.25,0,0,0,0,26-FEB-2024,
OPTIDX,NIFTY,26-Sep-2024,16000,CE,0,0,0,4667.4,6740.05,0,0,0,0,26-FEB-2024,
OPTIDX,NIFTY,26-Sep-2024,17000,CE,0,0,0,3800.4,5779,0,0,0,0,26-FEB-2024,
OPTIDX,NIFTY,26-Sep-2024,18000,CE,0,0,0,2994.95,4819.9,0,0,0,0,26-FEB-2024,
OPTIDX,NIFTY,26-Sep-2024,19000,CE,0,0,0,2277.4,3870.45,0,0,0,0,26-FEB-2024,
OPTIDX,NIFTY,26-Sep-2024,20000,CE,0,0,0,1666.45,2952.5,0,0,0,0,26-FEB-2024,
OPTIDX,NIFTY,26-Sep-2024,21000,CE,0,0,0,1173.8,2107.6,0,0,0,0,26-FEB-2024,
OPTIDX,NIFTY,26-Sep-2024,22000,CE,1615,1620,1560,1580,1580,24,283.13,13950,450,26-FEB-2024,
OPTIDX,NIFTY,26-Sep-2024,23000,CE,1040,1074.2,1003,1035.95,1035.95,50,600.73,29950,-50,26-FEB-2024,
OPTIDX,NIFTY,26-Sep-2024,24000,CE,650,675,571.9,620,620,29,356.94,10850,350,26-FEB-2024,
OPTIDX,NIFTY,26-Sep-2024,25000,CE,357.65,357.65,312.5,344,225.1,211,2672.8,24000,9900,26-FEB-2024,
OPTIDX,NIFTY,26-Sep-2024,26000,CE,0,0,0,118.8,100.95,0,0,8400,0,26-FEB-2024,
OPTIDX,NIFTY,26-Sep-2024,27000,CE,0,0,0,68.7,41.2,0,0,0,0,26-FEB-2024,
OPTIDX,NIFTY,26-Sep-2024,16000,PE,0,0,0,39.75,0.05,0,0,0,0,26-FEB-2024,
OPTIDX,NIFTY,26-Sep-2024,17000,PE,0,0,0,103.7,0.3,0,0,0,0,26-FEB-2024,
OPTIDX,NIFTY,26-Sep-2024,18000,PE,0,0,0,229.25,2.6,0,0,0,0,26-FEB-2024,
OPTIDX,NIFTY,26-Sep-2024,19000,PE,0,0,0,239.55,14.55,0,0,2850,0,26-FEB-2024,
OPTIDX,NIFTY,26-Sep-2024,20000,PE,0,0,0,762.75,58,0,0,0,0,26-FEB-2024,
OPTIDX,NIFTY,26-Sep-2024,21000,PE,336.95,342.9,323.5,331.2,331.2,368,3925.46,107000,13300,26-FEB-2024,
OPTIDX,NIFTY,26-Sep-2024,22000,PE,575,604.85,575,589.3,589.3,365,4122.49,36200,6500,26-FEB-2024,
OPTIDX,NIFTY,26-Sep-2024,23000,PE,951.25,1006.25,950.7,979.7,979.7,178,2134.45,14950,4300,26-FEB-2024,
OPTIDX,NIFTY,26-Sep-2024,24000,PE,0,0,0,3149.25,1406.45,0,0,0,0,26-FEB-2024,
OPTIDX,NIFTY,26-Sep-2024,25000,PE,0,0,0,3952.4,2137.45,0,0,0,0,26-FEB-2024,
OPTIDX,NIFTY,26-Sep-2024,26000,PE,0,0,0,4801.5,2974.65,0,0,0,0,26-FEB-2024,
OPTIDX,NIFTY,26-Sep-2024,27000,PE,0,0,0,5681.95,3876.3,0,0,0,0,26-FEB-2024,
OPTIDX,NIFTY,26-Dec-2024,14000,CE,0,0,0,8599,8887.4,0,0,100,0,26-FEB-2024,
OPTIDX,NIFTY,26-Dec-2024,15000,CE,0,0,0,7442,7942.1,0,0,2450,0,26-FEB-2024,
OPTIDX,NIFTY,26-Dec-2024,16000,CE,0,0,0,6651,6996.95,0,0,21950,0,26-FEB-2024,
OPTIDX,NIFTY,26-Dec-2024,17000,CE,0,0,0,5880,6052.8,0,0,18100,0,26-FEB-2024,
OPTIDX,NIFTY,26-Dec-2024,18000,CE,5225,5225,5225,5225,5113.25,2,23.22,23800,0,26-FEB-2024,
OPTIDX,NIFTY,26-Dec-2024,18500,CE,0,0,0,4400,4648,0,0,1000,0,26-FEB-2024,
OPTIDX,NIFTY,26-Dec-2024,19000,CE,4225.1,4350,4225.1,4350,4188.55,89,1037.5,77000,4250,26-FEB-2024,
OPTIDX,NIFTY,26-Dec-2024,20000,CE,3527.15,3552.45,3445.1,3513.6,3513.6,108,1269.46,80550,4200,26-FEB-2024,
OPTIDX,NIFTY,26-Dec-2024,21000,CE,2753.85,2753.85,2675,2701.95,2701.95,124,1469.64,118750,2000,26-FEB-2024,
OPTIDX,NIFTY,26-Dec-2024,22000,CE,1994.75,2039.95,1968,2010.25,2010.25,590,7078.24,202400,16600,26-FEB-2024,
OPTIDX,NIFTY,26-Dec-2024,23000,CE,1390,1424,1351,1393.15,1393.15,130,1585.44,165550,-800,26-FEB-2024,
OPTIDX,NIFTY,26-Dec-2024,24000,CE,914,931.25,875,916.75,916.75,164,2042.32,163400,-450,26-FEB-2024,
OPTIDX,NIFTY,26-Dec-2024,25000,CE,575.5,584.1,560,562.65,562.65,89,1137.81,198100,1100,26-FEB-2024,
OPTIDX,NIFTY,26-Dec-2024,26000,CE,333.65,334,320,323.4,323.4,69,908.26,95550,1500,26-FEB-2024,
OPTIDX,NIFTY,26-Dec-2024,27000,CE,188,188,176.9,179.75,179.75,43,584.42,47550,150,26-FEB-2024,
OPTIDX,NIFTY,26-Dec-2024,14000,PE,0,0,0,20.5,0.05,0,0,3300,0,26-FEB-2024,
OPTIDX,NIFTY,26-Dec-2024,15000,PE,0,0,0,3.2,0.05,0,0,28300,0,26-FEB-2024,
OPTIDX,NIFTY,26-Dec-2024,16000,PE,0,0,0,15.7,0.2,0,0,17050,0,26-FEB-2024,
OPTIDX,NIFTY,26-Dec-2024,17000,PE,60.45,64,52.15,58.4,58.4,71,605.54,73400,1250,26-FEB-2024,
OPTIDX,NIFTY,26-Dec-2024,18000,PE,87.5,95,87.5,90.7,90.7,80,723.62,273650,1300,26-FEB-2024,
OPTIDX,NIFTY,26-Dec-2024,19000,PE,145,148.8,141.95,144.15,144.15,372,3561.02,404500,-6350,26-FEB-2024,
OPTIDX,NIFTY,26-Dec-2024,20000,PE,248.6,251,240.1,243.8,243.8,468,4737.6,549150,6900,26-FEB-2024,
OPTIDX,NIFTY,26-Dec-2024,21000,PE,395.5,409.85,392,399.4,399.4,492,5264.6,984200,8500,26-FEB-2024,
OPTIDX,NIFTY,26-Dec-2024,22000,PE,645.05,660,623.55,647.9,647.9,756,8560.26,532750,10150,26-FEB-2024,
OPTIDX,NIFTY,26-Dec-2024,23000,PE,971.35,1000,961.1,978.4,978.4,293,3512.78,189000,1450,26-FEB-2024,
OPTIDX,NIFTY,26-Dec-2024,24000,PE,1450,1485,1429.45,1448.65,1448.65,96,1221.92,45700,1750,26-FEB-2024,
OPTIDX,NIFTY,26-Dec-2024,25000,PE,2100,2100,2037.8,2043.5,2043.5,9,121.79,31150,300,26-FEB-2024,
OPTIDX,NIFTY,26-Dec-2024,26000,PE,0,0,0,2682.15,2702,0,0,2150,0,26-FEB-2024,
OPTIDX,NIFTY,26-Dec-2024,27000,PE,0,0,0,4500,3530.45,0,0,50,0,26-FEB-2024,
OPTIDX,NIFTY,26-Jun-2025,16000,CE,0,0,0,3227.55,7498.65,0,0,0,0,26-FEB-2024,
OPTIDX,NIFTY,26-Jun-2025,17000,CE,0,0,0,4165.5,6588.8,0,0,2750,0,26-FEB-2024,
OPTIDX,NIFTY,26-Jun-2025,18000,CE,0,0,0,3934,5687.55,0,0,2200,0,26-FEB-2024,
OPTIDX,NIFTY,26-Jun-2025,19000,CE,0,0,0,3077.9,4805.6,0,0,0,0,26-FEB-2024,
OPTIDX,NIFTY,26-Jun-2025,20000,CE,0,0,0,3180.85,3959.75,0,0,0,0,26-FEB-2024,
OPTIDX,NIFTY,26-Jun-2025,21000,CE,0,0,0,3199.45,3171.1,0,0,0,0,26-FEB-2024,
OPTIDX,NIFTY,26-Jun-2025,22000,CE,0,0,0,2088.15,2461.6,0,0,0,0,26-FEB-2024,
OPTIDX,NIFTY,26-Jun-2025,23000,CE,0,0,0,2003.65,1848.75,0,0,0,0,26-FEB-2024,
OPTIDX,NIFTY,26-Jun-2025,24000,CE,0,0,0,1100.85,1342.2,0,0,0,0,26-FEB-2024,
OPTIDX,NIFTY,26-Jun-2025,25000,CE,0,0,0,600,941.85,0,0,50,0,26-FEB-2024,
OPTIDX,NIFTY,26-Jun-2025,26000,CE,0,0,0,811.85,639.2,0,0,0,0,26-FEB-2024,
OPTIDX,NIFTY,26-Jun-2025,27000,CE,0,0,0,803.5,420,0,0,0,0,26-FEB-2024,
OPTIDX,NIFTY,26-Jun-2025,14000,PE,0,0,0,42.35,0.05,0,0,675,0,26-FEB-2024,
OPTIDX,NIFTY,26-Jun-2025,15000,PE,0,0,0,134,0.25,0,0,1800,0,26-FEB-2024,
OPTIDX,NIFTY,26-Jun-2025,16000,PE,0,0,0,129.2,1.3,0,0,100,0,26-FEB-2024,
OPTIDX,NIFTY,26-Jun-2025,17000,PE,0,0,0,3497.35,5.5,0,0,0,0,26-FEB-2024,
OPTIDX,NIFTY,26-Jun-2025,18000,PE,0,0,0,3586.15,18.3,0,0,0,0,26-FEB-2024,
OPTIDX,NIFTY,26-Jun-2025,19000,PE,0,0,0,3210.95,50.4,0,0,0,0,26-FEB-2024,
OPTIDX,NIFTY,26-Jun-2025,20000,PE,0,0,0,599.8,118.55,0,0,900,0,26-FEB-2024,
OPTIDX,NIFTY,26-Jun-2025,21000,PE,0,0,0,3070.85,244,0,0,0,0,26-FEB-2024,
OPTIDX,NIFTY,26-Jun-2025,22000,PE,0,0,0,775,448.5,0,0,100,0,26-FEB-2024,
OPTIDX,NIFTY,26-Jun-2025,23000,PE,0,0,0,1020,749.7,0,0,250,0,26-FEB-2024,
OPTIDX,NIFTY,26-Jun-2025,24000,PE,0,0,0,5875.1,1157.2,0,0,0,0,26-FEB-2024,
OPTIDX,NIFTY,26-Jun-2025,25000,PE,0,0,0,6576.35,1670.9,0,0,0,0,26-FEB-2024,
OPTIDX,NIFTY,26-Jun-2025,26000,PE,0,0,0,7299,2282.3,0,0,0,0,26-FEB-2024,
OPTIDX,NIFTY,26-Jun-2025,27000,PE,0,0,0,7438.15,2977.1,0,0,0,0,26-FEB-2024,
OPTIDX,NIFTY,24-Dec-2025,16000,CE,0,0,0,7200,7982,0,0,50,0,26-FEB-2024,
OPTIDX,NIFTY,24-Dec-2025,17000,CE,0,0,0,5080,7105.15,0,0,650,0,26-FEB-2024,
OPTIDX,NIFTY,24-Dec-2025,18000,CE,0,0,0,6099.95,6238.75,0,0,5650,0,26-FEB-2024,
OPTIDX,NIFTY,24-Dec-2025,19000,CE,0,0,0,5050,5392.1,0,0,3200,0,26-FEB-2024,
OPTIDX,NIFTY,24-Dec-2025,19500,CE,0,0,0,3200,4980.15,0,0,1300,0,26-FEB-2024,
OPTIDX,NIFTY,24-Dec-2025,20000,CE,0,0,0,3800,4578.1,0,0,300,0,26-FEB-2024,
OPTIDX,NIFTY,24-Dec-2025,21000,CE,0,0,0,1400,3811.75,0,0,100,0,26-FEB-2024,
OPTIDX,NIFTY,24-Dec-2025,22000,CE,3100,3260,3100,3200,3108.2,3,37.78,800,50,26-FEB-2024,
OPTIDX,NIFTY,24-Dec-2025,23000,CE,2660,2699,2654,2687.4,2687.4,9,115.53,2550,-50,26-FEB-2024,
OPTIDX,NIFTY,24-Dec-2025,24000,CE,0,0,0,1396.05,1935.75,0,0,0,0,26-FEB-2024,
OPTIDX,NIFTY,24-Dec-2025,25000,CE,0,0,0,1222.85,1478,0,0,0,0,26-FEB-2024,
OPTIDX,NIFTY,24-Dec-2025,26000,CE,0,0,0,1070.85,1104.4,0,0,0,0,26-FEB-2024,
OPTIDX,NIFTY,24-Dec-2025,27000,CE,0,0,0,1071,808.15,0,0,0,0,26-FEB-2024,
OPTIDX,NIFTY,24-Dec-2025,13000,PE,0,0,0,400,0.05,0,0,150,0,26-FEB-2024,
OPTIDX,NIFTY,24-Dec-2025,15000,PE,0,0,0,62.15,0.85,0,0,1100,0,26-FEB-2024,
OPTIDX,NIFTY,24-Dec-2025,16000,PE,0,0,0,139.95,3.25,0,0,2150,0,26-FEB-2024,
OPTIDX,NIFTY,24-Dec-2025,16500,PE,0,0,0,38.15,5.9,0,0,2600,0,26-FEB-2024,
OPTIDX,NIFTY,24-Dec-2025,17000,PE,0,0,0,155.05,10.35,0,0,2400,0,26-FEB-2024,
OPTIDX,NIFTY,24-Dec-2025,18000,PE,0,0,0,324.95,27.9,0,0,3050,0,26-FEB-2024,
OPTIDX,NIFTY,24-Dec-2025,19000,PE,0,0,0,335,65.2,0,0,3050,0,26-FEB-2024,
OPTIDX,NIFTY,24-Dec-2025,20000,PE,0,0,0,572,135.15,0,0,4500,0,26-FEB-2024,
OPTIDX,NIFTY,24-Dec-2025,21000,PE,0,0,0,701,252.75,0,0,3200,0,26-FEB-2024,
OPTIDX,NIFTY,24-Dec-2025,22000,PE,0,0,0,899.95,433.15,0,0,2300,0,26-FEB-2024,
OPTIDX,NIFTY,24-Dec-2025,23000,PE,1024,1112.25,1024,1112.25,689.05,5,60.18,2300,0,26-FEB-2024,
OPTIDX,NIFTY,24-Dec-2025,24000,PE,0,0,0,5649,1028.65,0,0,0,0,26-FEB-2024,
OPTIDX,NIFTY,24-Dec-2025,25000,PE,0,0,0,6310.55,1454.85,0,0,0,0,26-FEB-2024,
OPTIDX,NIFTY,24-Dec-2025,26000,PE,0,0,0,6993.25,1965.15,0,0,0,0,26-FEB-2024,
OPTIDX,NIFTY,24-Dec-2025,27000,PE,0,0,0,7112.8,2552.85,0,0,0,0,26-FEB-2024,
OPTIDX,NIFTY,25-Jun-2026,12000,CE,0,0,0,8690,11867.6,0,0,50,0,26-FEB-2024,
OPTIDX,NIFTY,25-Jun-2026,16000,CE,0,0,0,4748.3,8454.8,0,0,0,0,26-FEB-2024,
OPTIDX,NIFTY,25-Jun-2026,17000,CE,0,0,0,4348.25,7609.55,0,0,0,0,26-FEB-2024,
OPTIDX,NIFTY,25-Jun-2026,18000,CE,0,0,0,4150,6775.25,0,0,200,0,26-FEB-2024,
OPTIDX,NIFTY,25-Jun-2026,19000,CE,0,0,0,2872.25,5959.65,0,0,100,0,26-FEB-2024,
OPTIDX,NIFTY,25-Jun-2026,20000,CE,0,0,0,3829.5,5172.8,0,0,0,0,26-FEB-2024,
OPTIDX,NIFTY,25-Jun-2026,21000,CE,0,0,0,3881.9,4426,0,0,0,0,26-FEB-2024,
OPTIDX,NIFTY,25-Jun-2026,22000,CE,0,0,0,2722.55,3730.4,0,0,0,0,26-FEB-2024,
OPTIDX,NIFTY,25-Jun-2026,23000,CE,0,0,0,2645.65,3095.8,0,0,0,0,26-FEB-2024,
OPTIDX,NIFTY,25-Jun-2026,24000,CE,0,0,0,1698.3,2529.25,0,0,0,0,26-FEB-2024,
OPTIDX,NIFTY,25-Jun-2026,25000,CE,0,0,0,1510.4,2034.5,0,0,0,0,26-FEB-2024,
OPTIDX,NIFTY,25-Jun-2026,26000,CE,0,0,0,1343.15,1611.75,0,0,0,0,26-FEB-2024,
OPTIDX,NIFTY,25-Jun-2026,27000,CE,0,0,0,1352.8,1258.1,0,0,0,0,26-FEB-2024,
OPTIDX,NIFTY,25-Jun-2026,12000,PE,0,0,0,10.05,0.05,0,0,500,0,26-FEB-2024,
OPTIDX,NIFTY,25-Jun-2026,13000,PE,0,0,0,45.25,0.1,0,0,200,0,26-FEB-2024,
OPTIDX,NIFTY,25-Jun-2026,14000,PE,0,0,0,300,0.45,0,0,100,0,26-FEB-2024,
OPTIDX,NIFTY,25-Jun-2026,15000,PE,0,0,0,105.5,1.7,0,0,850,0,26-FEB-2024,
OPTIDX,NIFTY,25-Jun-2026,16000,PE,0,0,0,54.8,5.4,0,0,500,0,26-FEB-2024,
OPTIDX,NIFTY,25-Jun-2026,17000,PE,0,0,0,2627.25,14.7,0,0,0,0,26-FEB-2024,
OPTIDX,NIFTY,25-Jun-2026,18000,PE,0,0,0,3088.05,34.9,0,0,0,0,26-FEB-2024,
OPTIDX,NIFTY,25-Jun-2026,19000,PE,0,0,0,140.45,73.9,0,0,100,0,26-FEB-2024,
OPTIDX,NIFTY,25-Jun-2026,20000,PE,0,0,0,3159.75,141.55,0,0,0,0,26-FEB-2024,
OPTIDX,NIFTY,25-Jun-2026,21000,PE,0,0,0,3065.6,249.3,0,0,0,0,26-FEB-2024,
OPTIDX,NIFTY,25-Jun-2026,22000,PE,0,0,0,3829.5,408.25,0,0,0,0,26-FEB-2024,
OPTIDX,NIFTY,25-Jun-2026,23000,PE,0,0,0,1000.2,628.15,0,0,100,0,26-FEB-2024,
OPTIDX,NIFTY,25-Jun-2026,24000,PE,0,0,0,5437.7,916.15,0,0,0,0,26-FEB-2024,
OPTIDX,NIFTY,25-Jun-2026,25000,PE,0,0,0,6063.1,1275.95,0,0,0,0,26-FEB-2024,
OPTIDX,NIFTY,25-Jun-2026,26000,PE,0,0,0,6709.2,1707.75,0,0,0,0,26-FEB-2024,
OPTIDX,NIFTY,25-Jun-2026,27000,PE,0,0,0,6810.7,2208.65,0,0,0,0,26-FEB-2024,
OPTIDX,NIFTY,31-Dec-2026,16000,CE,0,0,0,6200,8926.45,0,0,50,0,26-FEB-2024,
OPTIDX,NIFTY,31-Dec-2026,17000,CE,0,0,0,4955.1,8112,0,0,0,0,26-FEB-2024,
OPTIDX,NIFTY,31-Dec-2026,18000,CE,0,0,0,4501.45,7308.25,0,0,0,0,26-FEB-2024,
OPTIDX,NIFTY,31-Dec-2026,19000,CE,0,0,0,6000,6521.6,0,0,200,0,26-FEB-2024,
OPTIDX,NIFTY,31-Dec-2026,20000,CE,0,0,0,3704.3,5759.95,0,0,0,0,26-FEB-2024,
OPTIDX,NIFTY,31-Dec-2026,21000,CE,0,0,0,3356.25,5032.1,0,0,0,0,26-FEB-2024,
OPTIDX,NIFTY,31-Dec-2026,22000,CE,0,0,0,3039,4346.6,0,0,0,0,26-FEB-2024,
OPTIDX,NIFTY,31-Dec-2026,23000,CE,0,0,0,2020,3711.3,0,0,500,0,26-FEB-2024,
OPTIDX,NIFTY,31-Dec-2026,24000,CE,0,0,0,2010.65,3132.15,0,0,0,0,26-FEB-2024,
OPTIDX,NIFTY,31-Dec-2026,25000,CE,0,0,0,1811.2,2613.05,0,0,0,0,26-FEB-2024,
OPTIDX,NIFTY,31-Dec-2026,26000,CE,0,0,0,1631.05,2155.45,0,0,0,0,26-FEB-2024,
OPTIDX,NIFTY,31-Dec-2026,27000,CE,0,0,0,1651.65,1758.55,0,0,0,0,26-FEB-2024,
OPTIDX,NIFTY,31-Dec-2026,12000,PE,0,0,0,250.1,0.05,0,0,600,0,26-FEB-2024,
OPTIDX,NIFTY,31-Dec-2026,13000,PE,0,0,0,450,0.2,0,0,200,0,26-FEB-2024,
OPTIDX,NIFTY,31-Dec-2026,14000,PE,0,0,0,500,0.8,0,0,950,0,26-FEB-2024,
OPTIDX,NIFTY,31-Dec-2026,15000,PE,0,0,0,118.9,2.65,0,0,2200,0,26-FEB-2024,
OPTIDX,NIFTY,31-Dec-2026,16000,PE,0,0,0,73.05,7.45,0,0,2450,0,26-FEB-2024,
OPTIDX,NIFTY,31-Dec-2026,17000,PE,0,0,0,41.4,18.15,0,0,2650,0,26-FEB-2024,
OPTIDX,NIFTY,31-Dec-2026,18000,PE,0,0,0,374.15,39.6,0,0,6350,0,26-FEB-2024,
OPTIDX,NIFTY,31-Dec-2026,19000,PE,0,0,0,139.95,78.1,0,0,3250,0,26-FEB-2024,
OPTIDX,NIFTY,31-Dec-2026,20000,PE,0,0,0,600,141.7,0,0,3750,0,26-FEB-2024,
OPTIDX,NIFTY,31-Dec-2026,21000,PE,0,0,0,649,239,0,0,850,0,26-FEB-2024,
OPTIDX,NIFTY,31-Dec-2026,22000,PE,0,0,0,609.65,378.7,0,0,100,0,26-FEB-2024,
OPTIDX,NIFTY,31-Dec-2026,23000,PE,0,0,0,957.4,568.55,0,0,6200,0,26-FEB-2024,
OPTIDX,NIFTY,31-Dec-2026,24000,PE,0,0,0,5233.45,814.6,0,0,0,0,26-FEB-2024,
OPTIDX,NIFTY,31-Dec-2026,25000,PE,0,0,0,5825.75,1120.7,0,0,0,0,26-FEB-2024,
OPTIDX,NIFTY,31-Dec-2026,26000,PE,0,0,0,6437.4,1488.25,0,0,0,0,26-FEB-2024,
OPTIDX,NIFTY,31-Dec-2026,27000,PE,0,0,0,6522.3,1916.6,0,0,0,0,26-FEB-2024,
OPTIDX,NIFTY,24-Jun-2027,16000,CE,0,0,0,4898.4,9348.45,0,0,0,0,26-FEB-2024,
OPTIDX,NIFTY,24-Jun-2027,17000,CE,0,0,0,4464.7,8561,0,0,0,0,26-FEB-2024,
OPTIDX,NIFTY,24-Jun-2027,18000,CE,0,0,0,4066.45,7783.7,0,0,0,0,26-FEB-2024,
OPTIDX,NIFTY,24-Jun-2027,19000,CE,0,0,0,3701.25,7021.85,0,0,100,0,26-FEB-2024,
OPTIDX,NIFTY,24-Jun-2027,20000,CE,0,0,0,3367.05,6282.05,0,0,0,0,26-FEB-2024,
OPTIDX,NIFTY,24-Jun-2027,21000,CE,0,0,0,3061.8,5571.3,0,0,0,0,26-FEB-2024,
OPTIDX,NIFTY,24-Jun-2027,22000,CE,0,0,0,2783.5,4896.6,0,0,0,0,26-FEB-2024,
OPTIDX,NIFTY,24-Jun-2027,23000,CE,0,0,0,2530.05,4264.35,0,0,0,0,26-FEB-2024,
OPTIDX,NIFTY,24-Jun-2027,24000,CE,0,0,0,2299.55,3679.85,0,0,0,0,26-FEB-2024,
OPTIDX,NIFTY,24-Jun-2027,25000,CE,0,0,0,2090.05,3146.7,0,0,0,0,26-FEB-2024,
OPTIDX,NIFTY,24-Jun-2027,26000,CE,0,0,0,1900.85,2666.9,0,0,0,0,26-FEB-2024,
OPTIDX,NIFTY,24-Jun-2027,27000,CE,0,0,0,1932.5,2240.85,0,0,0,0,26-FEB-2024,
OPTIDX,NIFTY,24-Jun-2027,16000,PE,0,0,0,1476.1,9,0,0,0,0,26-FEB-2024,
OPTIDX,NIFTY,24-Jun-2027,17000,PE,0,0,0,1814.75,20.45,0,0,0,0,26-FEB-2024,
OPTIDX,NIFTY,24-Jun-2027,18000,PE,0,0,0,2188.9,42,0,0,0,0,26-FEB-2024,
OPTIDX,NIFTY,24-Jun-2027,19000,PE,0,0,0,170,79.1,0,0,250,0,26-FEB-2024,
OPTIDX,NIFTY,24-Jun-2027,20000,PE,0,0,0,3034.2,138.2,0,0,0,0,26-FEB-2024,
OPTIDX,NIFTY,24-Jun-2027,21000,PE,0,0,0,3501.35,226.35,0,0,0,0,26-FEB-2024,
OPTIDX,NIFTY,24-Jun-2027,22000,PE,0,0,0,3995.4,350.55,0,0,0,0,26-FEB-2024,
OPTIDX,NIFTY,24-Jun-2027,23000,PE,0,0,0,4514.3,517.25,0,0,0,0,26-FEB-2024,
OPTIDX,NIFTY,24-Jun-2027,24000,PE,0,0,0,5056.2,731.6,0,0,0,0,26-FEB-2024,
OPTIDX,NIFTY,24-Jun-2027,25000,PE,0,0,0,5619.05,997.4,0,0,0,0,26-FEB-2024,
OPTIDX,NIFTY,24-Jun-2027,26000,PE,0,0,0,6202.2,1316.55,0,0,0,0,26-FEB-2024,
OPTIDX,NIFTY,24-Jun-2027,27000,PE,0,0,0,6273.45,1689.4,0,0,0,0,26-FEB-2024,
OPTIDX,NIFTY,30-Dec-2027,16000,CE,0,0,0,7354.45,9788.8,0,0,0,0,26-FEB-2024,
OPTIDX,NIFTY,30-Dec-2027,17000,CE,0,0,0,6805.5,9029.1,0,0,0,0,26-FEB-2024,
OPTIDX,NIFTY,30-Dec-2027,18000,CE,0,0,0,6285.7,8278.7,0,0,0,0,26-FEB-2024,
OPTIDX,NIFTY,30-Dec-2027,19000,CE,0,0,0,5794.9,7542.2,0,0,0,0,26-FEB-2024,
OPTIDX,NIFTY,30-Dec-2027,20000,CE,0,0,0,5333.85,6824.9,0,0,0,0,26-FEB-2024,
OPTIDX,NIFTY,30-Dec-2027,21000,CE,0,0,0,4902.4,6132.4,0,0,0,0,26-FEB-2024,
OPTIDX,NIFTY,30-Dec-2027,22000,CE,0,0,0,4499.55,5470.55,0,0,0,0,26-FEB-2024,
OPTIDX,NIFTY,30-Dec-2027,23000,CE,0,0,0,4125.7,4844.6,0,0,0,0,26-FEB-2024,
OPTIDX,NIFTY,30-Dec-2027,24000,CE,0,0,0,3778.95,4259,0,0,0,0,26-FEB-2024,
OPTIDX,NIFTY,30-Dec-2027,25000,CE,0,0,0,3458.35,3717.25,0,0,0,0,26-FEB-2024,
OPTIDX,NIFTY,30-Dec-2027,26000,CE,0,0,0,3162.4,3221.5,0,0,0,0,26-FEB-2024,
OPTIDX,NIFTY,30-Dec-2027,27000,CE,0,0,0,2889.8,2772.75,0,0,0,0,26-FEB-2024,
OPTIDX,NIFTY,30-Dec-2027,15000,PE,0,0,0,27.8,4.3,0,0,350,0,26-FEB-2024,
OPTIDX,NIFTY,30-Dec-2027,16000,PE,0,0,0,479.35,10.25,0,0,0,0,26-FEB-2024,
OPTIDX,NIFTY,30-Dec-2027,17000,PE,0,0,0,514,22,0,0,14250,0,26-FEB-2024,
OPTIDX,NIFTY,30-Dec-2027,18000,PE,0,0,0,74.8,43.1,0,0,10500,0,26-FEB-2024,
OPTIDX,NIFTY,30-Dec-2027,19000,PE,0,0,0,760,78.05,0,0,700,0,26-FEB-2024,
OPTIDX,NIFTY,30-Dec-2027,20000,PE,179.8,499.65,179.8,499.65,499.65,5,50.88,2150,0,26-FEB-2024,
OPTIDX,NIFTY,30-Dec-2027,21000,PE,0,0,0,1563.55,211.2,0,0,0,0,26-FEB-2024,
OPTIDX,NIFTY,30-Dec-2027,22000,PE,0,0,0,1867.9,320.8,0,0,0,0,26-FEB-2024,
OPTIDX,NIFTY,30-Dec-2027,23000,PE,0,0,0,2201.3,466.3,0,0,0,0,26-FEB-2024,
OPTIDX,NIFTY,30-Dec-2027,24000,PE,0,0,0,2561.85,652.2,0,0,0,0,26-FEB-2024,
OPTIDX,NIFTY,30-Dec-2027,25000,PE,0,0,0,2948.45,881.9,0,0,0,0,26-FEB-2024,
OPTIDX,NIFTY,30-Dec-2027,26000,PE,0,0,0,3359.75,1157.65,0,0,0,0,26-FEB-2024,
OPTIDX,NIFTY,30-Dec-2027,27000,PE,0,0,0,3794.4,1480.4,0,0,0,0,26-FEB-2024,
OPTIDX,NIFTY,29-Jun-2028,16000,CE,0,0,0,8002.3,10198.15,0,0,0,0,26-FEB-2024,
OPTIDX,NIFTY,29-Jun-2028,17000,CE,0,0,0,7393.45,9463.95,0,0,0,0,26-FEB-2024,
OPTIDX,NIFTY,29-Jun-2028,18000,CE,0,0,0,6809.35,8738.25,0,0,0,0,26-FEB-2024,
OPTIDX,NIFTY,29-Jun-2028,19000,CE,0,0,0,6252.25,8025,0,0,0,0,26-FEB-2024,
OPTIDX,NIFTY,29-Jun-2028,20000,CE,0,0,0,5724.65,7328.5,0,0,0,0,26-FEB-2024,
OPTIDX,NIFTY,29-Jun-2028,21000,CE,0,0,0,5226.55,6653.6,0,0,0,0,26-FEB-2024,
OPTIDX,NIFTY,29-Jun-2028,22000,CE,0,0,0,4759.5,6004.95,0,0,0,0,26-FEB-2024,
OPTIDX,NIFTY,29-Jun-2028,23000,CE,0,0,0,4323.1,5387.15,0,0,0,0,26-FEB-2024,
OPTIDX,NIFTY,29-Jun-2028,24000,CE,0,0,0,3918.85,4804,0,0,0,0,26-FEB-2024,
OPTIDX,NIFTY,29-Jun-2028,25000,CE,0,0,0,3545.15,4258.75,0,0,0,0,26-FEB-2024,
OPTIDX,NIFTY,29-Jun-2028,26000,CE,0,0,0,3200.9,3753.5,0,0,0,0,26-FEB-2024,
OPTIDX,NIFTY,29-Jun-2028,27000,CE,0,0,0,2885.15,3289.65,0,0,0,0,26-FEB-2024,
OPTIDX,NIFTY,29-Jun-2028,16000,PE,0,0,0,194.2,11.1,0,0,0,0,26-FEB-2024,
OPTIDX,NIFTY,29-Jun-2028,17000,PE,0,0,0,283.1,22.8,0,0,0,0,26-FEB-2024,
OPTIDX,NIFTY,29-Jun-2028,18000,PE,0,0,0,396.75,43.05,0,0,0,0,26-FEB-2024,
OPTIDX,NIFTY,29-Jun-2028,19000,PE,0,0,0,537.45,75.7,0,0,0,0,26-FEB-2024,
OPTIDX,NIFTY,29-Jun-2028,20000,PE,0,0,0,707.55,125.15,0,0,0,0,26-FEB-2024,
OPTIDX,NIFTY,29-Jun-2028,21000,PE,0,0,0,907.2,196.15,0,0,0,0,26-FEB-2024,
OPTIDX,NIFTY,29-Jun-2028,22000,PE,0,0,0,1137.9,293.5,0,0,0,0,26-FEB-2024,
OPTIDX,NIFTY,29-Jun-2028,23000,PE,0,0,0,1399.25,421.6,0,0,0,0,26-FEB-2024,
OPTIDX,NIFTY,29-Jun-2028,24000,PE,0,0,0,1692.75,584.4,0,0,0,0,26-FEB-2024,
OPTIDX,NIFTY,29-Jun-2028,25000,PE,0,0,0,2016.8,785.05,0,0,0,0,26-FEB-2024,
OPTIDX,NIFTY,29-Jun-2028,26000,PE,0,0,0,2370.3,1025.8,0,0,0,0,26-FEB-2024,
OPTIDX,NIFTY,29-Jun-2028,27000,PE,0,0,0,2752.35,1307.85,0,0,0,0,26-FEB-2024,
OPTIDX,NIFTY,28-Dec-2028,16000,CE,0,0,0,10704.45,10593.7,0,0,0,0,26-FEB-2024,
OPTIDX,NIFTY,28-Dec-2028,17000,CE,0,0,0,10036.4,9883.85,0,0,0,0,26-FEB-2024,
OPTIDX,NIFTY,28-Dec-2028,18000,CE,0,0,0,9380.3,9181.8,0,0,0,0,26-FEB-2024,
OPTIDX,NIFTY,28-Dec-2028,19000,CE,0,0,0,8739,8490.85,0,0,0,0,26-FEB-2024,
OPTIDX,NIFTY,28-Dec-2028,20000,CE,0,0,0,8115.5,7814.6,0,0,0,0,26-FEB-2024,
OPTIDX,NIFTY,28-Dec-2028,21000,CE,0,0,0,7512.5,7157.15,0,0,0,0,26-FEB-2024,
OPTIDX,NIFTY,28-Dec-2028,22000,CE,0,0,0,6932.45,6522.45,0,0,0,0,26-FEB-2024,
OPTIDX,NIFTY,28-Dec-2028,23000,CE,0,0,0,6377.6,5914.3,0,0,0,0,26-FEB-2024,
OPTIDX,NIFTY,28-Dec-2028,24000,CE,0,0,0,5850.3,5336.2,0,0,0,0,26-FEB-2024,
OPTIDX,NIFTY,28-Dec-2028,25000,CE,0,0,0,5350.4,4790.95,0,0,0,0,26-FEB-2024,
OPTIDX,NIFTY,28-Dec-2028,26000,CE,0,0,0,4879.7,4280.65,0,0,0,0,26-FEB-2024,
OPTIDX,NIFTY,28-Dec-2028,27000,CE,0,0,0,4437.95,3806.85,0,0,0,0,26-FEB-2024,
OPTIDX,NIFTY,28-Dec-2028,16000,PE,0,0,0,39.6,11.6,0,0,0,0,26-FEB-2024,
OPTIDX,NIFTY,28-Dec-2028,17000,PE,0,0,0,66.15,23,0,0,0,0,26-FEB-2024,
OPTIDX,NIFTY,28-Dec-2028,18000,PE,0,0,0,104.65,42.2,0,0,0,0,26-FEB-2024,
OPTIDX,NIFTY,28-Dec-2028,19000,PE,0,0,0,158,72.45,0,0,0,0,26-FEB-2024,
OPTIDX,NIFTY,28-Dec-2028,20000,PE,0,0,0,229.1,117.5,0,0,0,0,26-FEB-2024,
OPTIDX,NIFTY,28-Dec-2028,21000,PE,0,0,0,320.7,181.25,0,0,0,0,26-FEB-2024,
OPTIDX,NIFTY,28-Dec-2028,22000,PE,0,0,0,435.3,267.8,0,0,0,0,26-FEB-2024,
OPTIDX,NIFTY,28-Dec-2028,23000,PE,0,0,0,575.05,380.95,0,0,0,0,26-FEB-2024,
OPTIDX,NIFTY,28-Dec-2028,24000,PE,0,0,0,742.35,524.1,0,0,0,0,26-FEB-2024,
OPTIDX,NIFTY,28-Dec-2028,25000,PE,0,0,0,937.05,700.05,0,0,0,0,26-FEB-2024,
OPTIDX,NIFTY,28-Dec-2028,26000,PE,0,0,0,1160.95,911.05,0,0,0,0,26-FEB-2024,
OPTIDX,NIFTY,28-Dec-2028,27000,PE,0,0,0,1413.85,1158.45,0,0,0,0,26-FEB-2024,
