INSTRUMENT,SYMBOL,EXPIRY_DT,STRIKE_PR,OPTION_TYP,OPEN,HIGH,LOW,CLOSE,SETTLE_PR,CONTRACTS,VAL_INLAKH,OPEN_INT,CHG_IN_OI,TIMESTAMP,
FUTIDX,NIFTY,28-Mar-2024,0,XX,22099,22210,22081.55,22167.05,22167.05,118439,1313048.13,6010850,-1809000,27-MAR-2024,
FUTIDX,NIFTY,25-Apr-2024,0,XX,22265,22380,22254.2,22331.8,22331.8,96102,1073669.71,8352800,2420850,27-MAR-2024,
FUTIDX,NIFTY,30-May-2024,0,XX,22413.2,22521.25,22402.45,22483.7,22483.7,4060,45652.73,1548100,14200,27-MAR-2024,
OPTIDX,NIFTY,28-Mar-2024,14000,CE,8130,8214.7,8130,8204.5,8204.5,1610,17864.94,118900,-72200,27-MAR-2024,
OPTIDX,NIFTY,28-Mar-2024,15000,CE,7148.8,7206,7145,7159.75,7159.75,202,2241.41,11450,-7550,27-MAR-2024,
OPTIDX,NIFTY,28-Mar-2024,16000,CE,6180.7,6210,6150.3,6162.15,6162.15,94,1042.46,12050,-4600,27-MAR-2024,
OPTIDX,NIFTY,28-Mar-2024,17000,CE,5100,5214.95,5100,5181.8,5181.8,216,2396.2,48700,-6100,27-MAR-2024,
OPTIDX,NIFTY,28-Mar-2024,18000,CE,4100,4212.75,4089.2,4172.75,4172.75,2689,29835.16,212650,-77350,27-MAR-2024,
OPTIDX,NIFTY,28-Mar-2024,19000,CE,3095,3211.45,3084,3155.5,3155.5,2254,24993.59,268100,-89200,27-MAR-2024,
OPTIDX,NIFTY,28-Mar-2024,19500,CE,2645,2709.3,2635.05,2667.85,2667.85,741,8221.42,39700,-14750,27-MAR-2024,
OPTIDX,NIFTY,28-Mar-2024,19550,CE,0,0,0,2683.5,2577.25,0,0,2100,0,27-MAR-2024,
OPTIDX,NIFTY,28-Mar-2024,19600,CE,2590,2596,2560,2572.5,2572.5,8,88.74,4250,-400,27-MAR-2024,
OPTIDX,NIFTY,28-Mar-2024,19650,CE,0,0,0,2564,2477.3,0,0,800,0,27-MAR-2024,
OPTIDX,NIFTY,28-Mar-2024,19700,CE,2499.2,2499.2,2472,2472,2472,8,88.74,4450,-50,27-MAR-2024,
OPTIDX,NIFTY,28-Mar-2024,19750,CE,0,0,0,2251.5,2377.3,0,0,200,0,27-MAR-2024,
OPTIDX,NIFTY,28-Mar-2024,19800,CE,2416.35,2416.35,2374,2391,2327.3,27,299.6,6950,-700,27-MAR-2024,
OPTIDX,NIFTY,28-Mar-2024,19850,CE,0,0,0,2204.45,2277.3,0,0,150,0,27-MAR-2024,
OPTIDX,NIFTY,28-Mar-2024,19900,CE,2275.05,2294.65,2272,2293.1,2227.35,46,509.99,3600,-1700,27-MAR-2024,
OPTIDX,NIFTY,28-Mar-2024,19950,CE,0,0,0,2119.95,2177.35,0,0,200,0,27-MAR-2024,
OPTIDX,NIFTY,28-Mar-2024,20000,CE,2087,2211.3,2082.65,2182.45,2182.45,2581,28631.68,358500,-72900,27-MAR-2024,
OPTIDX,NIFTY,28-Mar-2024,20050,CE,2117,2117,2117,2117,2077.35,4,44.33,1150,-200,27-MAR-2024,
OPTIDX,NIFTY,28-Mar-2024,20100,CE,2090.95,2095.7,2085.95,2095.7,2027.35,15,166.44,2200,-550,27-MAR-2024,
OPTIDX,NIFTY,28-Mar-2024,20150,CE,0,0,0,1901.7,1977.4,0,0,650,0,27-MAR-2024,
OPTIDX,NIFTY,28-Mar-2024,20200,CE,1950,2008,1950,1961,1961,53,588.01,14650,-2600,27-MAR-2024,
OPTIDX,NIFTY,28-Mar-2024,20250,CE,0,0,0,1820,1877.4,0,0,500,0,27-MAR-2024,
OPTIDX,NIFTY,28-Mar-2024,20300,CE,1890,1903.6,1850,1862.3,1862.3,43,476.91,4350,-2150,27-MAR-2024,
OPTIDX,NIFTY,28-Mar-2024,20350,CE,0,0,0,1730,1777.4,0,0,650,0,27-MAR-2024,
OPTIDX,NIFTY,28-Mar-2024,20400,CE,1745,1795,1745,1795,1727.4,13,144.18,9050,-450,27-MAR-2024,
OPTIDX,NIFTY,28-Mar-2024,20450,CE,1740,1750.5,1740,1745,1677.45,54,599.2,600,-1400,27-MAR-2024,
OPTIDX,NIFTY,28-Mar-2024,20500,CE,1600.15,1708.5,1590,1669.45,1669.45,698,7741.75,88200,-18200,27-MAR-2024,
OPTIDX,NIFTY,28-Mar-2024,20550,CE,1630,1650,1630,1630,1577.45,22,244.08,1800,-1100,27-MAR-2024,
OPTIDX,NIFTY,28-Mar-2024,20600,CE,1550,1600,1540,1540,1540,109,1208.89,33650,-4750,27-MAR-2024,
OPTIDX,NIFTY,28-Mar-2024,20650,CE,1545,1545,1534.7,1534.7,1477.45,7,77.65,1400,0,27-MAR-2024,
OPTIDX,NIFTY,28-Mar-2024,20700,CE,1500,1512.8,1460,1460,1460,69,765.52,14400,-1900,27-MAR-2024,
OPTIDX,NIFTY,28-Mar-2024,20750,CE,0,0,0,1380,1377.5,0,0,2500,0,27-MAR-2024,
OPTIDX,NIFTY,28-Mar-2024,20800,CE,1426.2,1426.2,1372,1388.45,1388.45,152,1686.49,13150,-5400,27-MAR-2024,
OPTIDX,NIFTY,28-Mar-2024,20850,CE,1248,1340.25,1248,1340.25,1277.5,3,33.22,1600,0,27-MAR-2024,
OPTIDX,NIFTY,28-Mar-2024,20900,CE,1300,1300,1252,1263.35,1263.35,93,1031.6,5250,-2700,27-MAR-2024,
OPTIDX,NIFTY,28-Mar-2024,20950,CE,1128,1239.1,1128,1239.1,1239.1,3,33.18,900,0,27-MAR-2024,
OPTIDX,NIFTY,28-Mar-2024,21000,CE,1092.2,1213,1084.25,1158.2,1158.2,8024,88993.52,995450,51200,27-MAR-2024,
OPTIDX,NIFTY,28-Mar-2024,21050,CE,1120,1145.45,1092,1092,1092,105,1163.92,3000,-3100,27-MAR-2024,
OPTIDX,NIFTY,28-Mar-2024,21100,CE,1020,1119.45,1020,1059.2,1059.2,124,1375.23,20100,-1650,27-MAR-2024,
OPTIDX,NIFTY,28-Mar-2024,21150,CE,1038.2,1044.5,1016.6,1031,977.55,23,255.12,1650,-200,27-MAR-2024,
OPTIDX,NIFTY,28-Mar-2024,21200,CE,895.95,1008.9,886,980.1,980.1,1173,13016.56,101750,-7100,27-MAR-2024,
OPTIDX,NIFTY,28-Mar-2024,21250,CE,950,955,948.6,948.9,877.6,50,555.04,4550,-1150,27-MAR-2024,
OPTIDX,NIFTY,28-Mar-2024,21300,CE,819,907.75,819,883.7,883.7,328,3638.77,34550,-8050,27-MAR-2024,
OPTIDX,NIFTY,28-Mar-2024,21350,CE,850,852.45,820.7,842.1,842.1,22,244.1,5450,-300,27-MAR-2024,
OPTIDX,NIFTY,28-Mar-2024,21400,CE,687.1,808.6,687.05,768,768,330,3659.57,57900,-7200,27-MAR-2024,
OPTIDX,NIFTY,28-Mar-2024,21450,CE,635,748.85,635,724.6,724.6,43,476.9,10000,-500,27-MAR-2024,
OPTIDX,NIFTY,28-Mar-2024,21500,CE,609.95,712.45,582.45,671.55,671.55,6603,73207.89,411350,-76050,27-MAR-2024,
OPTIDX,NIFTY,28-Mar-2024,21550,CE,563.1,663.65,560.45,604.85,604.85,403,4469.29,11450,-1350,27-MAR-2024,
OPTIDX,NIFTY,28-Mar-2024,21600,CE,512.55,614.3,485,565.05,565.05,2303,25533.86,114400,-10450,27-MAR-2024,
OPTIDX,NIFTY,28-Mar-2024,21650,CE,447.8,560.6,437.65,517.85,517.85,679,7528.52,43900,-5050,27-MAR-2024,
OPTIDX,NIFTY,28-Mar-2024,21700,CE,397.4,515,388,464.35,464.35,7253,80399.47,170700,-29850,27-MAR-2024,
OPTIDX,NIFTY,28-Mar-2024,21750,CE,357.9,463.7,341.8,421.4,421.4,1783,19762.96,69050,-3300,27-MAR-2024,
OPTIDX,NIFTY,28-Mar-2024,21800,CE,308.15,418.4,295.55,367.8,367.8,35280,391102.5,1195200,13150,27-MAR-2024,
OPTIDX,NIFTY,28-Mar-2024,21850,CE,268,370.8,252.05,317.25,317.25,11645,129117.77,162550,-34200,27-MAR-2024,
OPTIDX,NIFTY,28-Mar-2024,21900,CE,225.75,324.55,200.6,272.7,272.7,122864,1362378.63,869300,-276700,27-MAR-2024,
OPTIDX,NIFTY,28-Mar-2024,21950,CE,201,278.6,171,223.45,223.45,93544,1037266.4,524900,-94650,27-MAR-2024,
OPTIDX,NIFTY,28-Mar-2024,22000,CE,155,234.9,134.5,178.85,178.85,891025,9887295.87,4666800,-1026800,27-MAR-2024,
OPTIDX,NIFTY,28-Mar-2024,22050,CE,120,193.5,102.05,135.65,135.65,801050,8891068.55,2141450,-869400,27-MAR-2024,
OPTIDX,NIFTY,28-Mar-2024,22100,CE,95,153.9,74.3,98.4,98.4,3136463,34841222.24,6984250,-293000,27-MAR-2024,
OPTIDX,NIFTY,28-Mar-2024,22150,CE,63.65,118.55,51.2,67.55,67.55,3070435,34138403.43,5106200,2119000,27-MAR-2024,
OPTIDX,NIFTY,28-Mar-2024,22200,CE,45,86.8,30.4,41.8,41.8,4756576,52939377.43,8799950,2217600,27-MAR-2024,
OPTIDX,NIFTY,28-Mar-2024,22250,CE,32.5,60,16.15,23.65,23.65,2711237,30212885.09,4032300,1217500,27-MAR-2024,
OPTIDX,NIFTY,28-Mar-2024,22300,CE,24.7,39,8.25,12.45,12.45,3697948,41272363.38,6718400,321000,27-MAR-2024,
OPTIDX,NIFTY,28-Mar-2024,22350,CE,10,23.7,3.85,5.95,5.95,3117951,34860974.58,5741150,2032000,27-MAR-2024,
OPTIDX,NIFTY,28-Mar-2024,22400,CE,6.2,13.25,2.05,2.85,2.85,3505337,39270887.9,9290150,3106350,27-MAR-2024,
OPTIDX,NIFTY,28-Mar-2024,22450,CE,3.75,6.85,1.3,1.5,1.5,2097574,23548792.47,5848700,2765700,27-MAR-2024,
OPTIDX,NIFTY,28-Mar-2024,22500,CE,9,9,0.85,1,1,2982467,33555616.37,12853050,2606550,27-MAR-2024,
OPTIDX,NIFTY,28-Mar-2024,22550,CE,1.65,2,0.6,0.7,0.7,1010559,11394674.15,3305650,800,27-MAR-2024,
OPTIDX,NIFTY,28-Mar-2024,22600,CE,1.5,1.5,0.35,0.45,0.45,1567182,17709849.59,9449450,2766350,27-MAR-2024,
OPTIDX,NIFTY,28-Mar-2024,22650,CE,1.1,2.8,0.35,0.45,0.45,468582,5306866.04,3478000,796500,27-MAR-2024,
OPTIDX,NIFTY,28-Mar-2024,22700,CE,0.95,1.1,0.3,0.4,0.4,520955,5913018.77,4445150,121950,27-MAR-2024,
OPTIDX,NIFTY,28-Mar-2024,22750,CE,0.8,0.95,0.3,0.35,0.35,138980,1580940.07,1156350,-110900,27-MAR-2024,
OPTIDX,NIFTY,28-Mar-2024,22800,CE,0.75,0.95,0.25,0.35,0.35,289523,3300653.55,3439400,-590400,27-MAR-2024,
OPTIDX,NIFTY,28-Mar-2024,22850,CE,0.8,0.85,0.25,0.3,0.3,97620,1115335.73,741650,-281600,27-MAR-2024,
OPTIDX,NIFTY,28-Mar-2024,22900,CE,0.55,0.85,0.25,0.3,0.3,206557,2365132.87,1832900,-441700,27-MAR-2024,
OPTIDX,NIFTY,28-Mar-2024,22950,CE,0.65,0.75,0.25,0.3,0.3,38198,438331.4,278950,-15800,27-MAR-2024,
OPTIDX,NIFTY,28-Mar-2024,23000,CE,0.7,0.7,0.25,0.35,0.35,349850,4023362.63,8176050,-604350,27-MAR-2024,
OPTIDX,NIFTY,28-Mar-2024,23050,CE,0.55,0.7,0.2,0.3,0.3,36315,418538.9,426250,15700,27-MAR-2024,
OPTIDX,NIFTY,28-Mar-2024,23100,CE,0.55,0.7,0.2,0.25,0.25,72959,842691.41,827750,-144300,27-MAR-2024,
OPTIDX,NIFTY,28-Mar-2024,23150,CE,0.6,0.65,0.2,0.3,0.3,18705,216514.18,202650,29400,27-MAR-2024,
OPTIDX,NIFTY,28-Mar-2024,23200,CE,0.6,0.6,0.15,0.25,0.25,66320,769325.18,752100,-266700,27-MAR-2024,
OPTIDX,NIFTY,28-Mar-2024,23250,CE,0.5,0.6,0.2,0.3,0.3,14346,166775.15,82100,-9700,27-MAR-2024,
OPTIDX,NIFTY,28-Mar-2024,23300,CE,0.5,0.7,0.15,0.25,0.25,50978,593903.9,432750,-212250,27-MAR-2024,
OPTIDX,NIFTY,28-Mar-2024,23350,CE,0.6,1.05,0.2,0.3,0.3,21376,249569.5,203950,-10150,27-MAR-2024,
OPTIDX,NIFTY,28-Mar-2024,23400,CE,0.7,0.7,0.25,0.35,0.35,36135,422787.43,732150,-113650,27-MAR-2024,
OPTIDX,NIFTY,28-Mar-2024,23450,CE,0.5,0.6,0.15,0.3,0.3,26117,306226.88,122350,14500,27-MAR-2024,
OPTIDX,NIFTY,28-Mar-2024,23500,CE,0.55,0.6,0.2,0.25,0.25,127632,1499697.89,3316850,-210600,27-MAR-2024,
OPTIDX,NIFTY,28-Mar-2024,23550,CE,0.55,0.55,0.15,0.25,0.25,21887,257723.05,139500,55050,27-MAR-2024,
OPTIDX,NIFTY,28-Mar-2024,23600,CE,0.45,0.55,0.15,0.25,0.25,21063,248547.28,109550,-6750,27-MAR-2024,
OPTIDX,NIFTY,28-Mar-2024,23650,CE,0.4,0.55,0.2,0.25,0.25,4340,51321.31,29100,-2350,27-MAR-2024,
OPTIDX,NIFTY,28-Mar-2024,23700,CE,0.55,0.55,0.15,0.2,0.2,6474,76717.97,149200,-11050,27-MAR-2024,
OPTIDX,NIFTY,28-Mar-2024,23750,CE,0.5,0.55,0.15,0.25,0.25,612,7267.61,32350,2700,27-MAR-2024,
OPTIDX,NIFTY,28-Mar-2024,23800,CE,0.6,0.65,0.2,0.25,0.25,4082,48576.63,113250,-56600,27-MAR-2024,
OPTIDX,NIFTY,28-Mar-2024,23850,CE,0.45,0.65,0.15,0.25,0.25,1834,21870.77,31650,1700,27-MAR-2024,
OPTIDX,NIFTY,28-Mar-2024,23900,CE,0.75,0.8,0.2,0.3,0.3,5163,61698.83,50550,-13950,27-MAR-2024,
OPTIDX,NIFTY,28-Mar-2024,23950,CE,0.7,0.7,0.15,0.25,0.25,1883,22549.27,29050,-7250,27-MAR-2024,
OPTIDX,NIFTY,28-Mar-2024,24000,CE,0.75,0.75,0.2,0.35,0.35,100025,1200320.46,4281400,-506350,27-MAR-2024,
OPTIDX,NIFTY,28-Mar-2024,24050,CE,0.45,0.9,0.15,0.35,0.35,1364,16402.35,15200,-3450,27-MAR-2024,
OPTIDX,NIFTY,28-Mar-2024,24100,CE,0.65,0.65,0.15,0.3,0.3,2822,34005.55,42650,-800,27-MAR-2024,
OPTIDX,NIFTY,28-Mar-2024,24150,CE,0.6,1.5,0.1,0.35,0.35,3693,44593.6,35700,5750,27-MAR-2024,
OPTIDX,NIFTY,28-Mar-2024,24200,CE,0.45,0.7,0.15,0.25,0.25,5953,72032.33,90850,5400,27-MAR-2024,
OPTIDX,NIFTY,28-Mar-2024,24250,CE,0.3,0.7,0.15,0.3,0.3,3299,40000.94,71950,-350,27-MAR-2024,
OPTIDX,NIFTY,28-Mar-2024,25000,CE,0.4,0.55,0.15,0.3,0.3,15446,193077.36,763350,-132350,27-MAR-2024,
OPTIDX,NIFTY,28-Mar-2024,26000,CE,0.35,0.4,0.2,0.25,0.25,7977,103702.09,418550,-75000,27-MAR-2024,
OPTIDX,NIFTY,28-Mar-2024,27000,CE,0.35,0.35,0.15,0.2,0.2,10384,140185.35,1002700,-42100,27-MAR-2024,
OPTIDX,NIFTY,28-Mar-2024,14000,PE,0.35,0.4,0.15,0.2,0.2,4850,33950.69,199500,14500,27-MAR-2024,
OPTIDX,NIFTY,28-Mar-2024,15000,PE,0.45,0.5,0.1,0.25,0.25,469,3517.57,7300,-4000,27-MAR-2024,
OPTIDX,NIFTY,28-Mar-2024,16000,PE,0.25,0.45,0.15,0.2,0.2,453,3624.06,107050,-1900,27-MAR-2024,
OPTIDX,NIFTY,28-Mar-2024,17000,PE,0.25,0.45,0.2,0.3,0.3,1063,9035.67,224650,-1700,27-MAR-2024,
OPTIDX,NIFTY,28-Mar-2024,18000,PE,0.45,0.65,0.2,0.25,0.25,33165,298492.32,860650,96550,27-MAR-2024,
OPTIDX,NIFTY,28-Mar-2024,19000,PE,0.75,1.1,0.35,0.55,0.55,247512,2351452.71,5647250,2508700,27-MAR-2024,
OPTIDX,NIFTY,28-Mar-2024,19500,PE,0.7,1,0.3,0.45,0.45,43078,420023.7,736300,272900,27-MAR-2024,
OPTIDX,NIFTY,28-Mar-2024,19550,PE,0.85,1.2,0.3,0.5,0.5,6236,60959.1,93250,60800,27-MAR-2024,
OPTIDX,NIFTY,28-Mar-2024,19600,PE,0.55,1.05,0.4,0.55,0.55,9018,88379.52,138050,62100,27-MAR-2024,
OPTIDX,NIFTY,28-Mar-2024,19650,PE,0.65,1.05,0.4,0.6,0.6,3062,30085.13,64550,48450,27-MAR-2024,
OPTIDX,NIFTY,28-Mar-2024,19700,PE,0.85,1,0.35,0.55,0.55,9184,90465.54,154450,59150,27-MAR-2024,
OPTIDX,NIFTY,28-Mar-2024,19750,PE,0.6,1.05,0.3,0.5,0.5,3291,32499.77,59950,29250,27-MAR-2024,
OPTIDX,NIFTY,28-Mar-2024,19800,PE,0.95,1.2,0.4,0.55,0.55,6029,59689.14,160750,11650,27-MAR-2024,
OPTIDX,NIFTY,28-Mar-2024,19850,PE,0.65,1,0.35,0.5,0.5,996,9885.61,9100,-50,27-MAR-2024,
OPTIDX,NIFTY,28-Mar-2024,19900,PE,1,1.4,0.4,0.5,0.5,8356,83144.95,133200,21050,27-MAR-2024,
OPTIDX,NIFTY,28-Mar-2024,19950,PE,0.95,1.05,0.35,0.55,0.55,5164,51512.88,52850,32000,27-MAR-2024,
OPTIDX,NIFTY,28-Mar-2024,20000,PE,0.9,2.9,0.4,0.5,0.5,165291,1652971.31,4044400,-1220750,27-MAR-2024,
OPTIDX,NIFTY,28-Mar-2024,20050,PE,0.75,1.05,0.35,0.5,0.5,5465,54788.69,62650,5700,27-MAR-2024,
OPTIDX,NIFTY,28-Mar-2024,20100,PE,1,1.05,0.4,0.5,0.5,65594,659241.17,275000,-675900,27-MAR-2024,
OPTIDX,NIFTY,28-Mar-2024,20150,PE,1,1.05,0.4,0.55,0.55,9765,98386.14,104950,68800,27-MAR-2024,
OPTIDX,NIFTY,28-Mar-2024,20200,PE,0.9,1.15,0.35,0.55,0.55,89825,907262.39,1054600,-710300,27-MAR-2024,
OPTIDX,NIFTY,28-Mar-2024,20250,PE,0.95,1.1,0.35,0.5,0.5,6205,62828.12,61500,14800,27-MAR-2024,
OPTIDX,NIFTY,28-Mar-2024,20300,PE,0.8,1.05,0.4,0.5,0.5,49198,499375.65,274850,-599250,27-MAR-2024,
OPTIDX,NIFTY,28-Mar-2024,20350,PE,0.8,1.1,0.4,0.5,0.5,5026,51141.48,67950,10400,27-MAR-2024,
OPTIDX,NIFTY,28-Mar-2024,20400,PE,1,1.05,0.35,0.5,0.5,61295,625230.42,390600,-671100,27-MAR-2024,
OPTIDX,NIFTY,28-Mar-2024,20450,PE,0.95,1.15,0.35,0.55,0.55,7195,73571.8,46850,13900,27-MAR-2024,
OPTIDX,NIFTY,28-Mar-2024,20500,PE,0.8,1.1,0.35,0.5,0.5,112888,1157143.75,2391350,-151850,27-MAR-2024,
OPTIDX,NIFTY,28-Mar-2024,20550,PE,0.9,1.15,0.4,0.5,0.5,17056,175257.63,161400,49200,27-MAR-2024,
OPTIDX,NIFTY,28-Mar-2024,20600,PE,0.75,1.15,0.4,0.55,0.55,44026,453485.84,413750,-15200,27-MAR-2024,
OPTIDX,NIFTY,28-Mar-2024,20650,PE,0.7,1.2,0.4,0.55,0.55,26757,276277.55,133700,7750,27-MAR-2024,
OPTIDX,NIFTY,28-Mar-2024,20700,PE,0.8,1.15,0.3,0.45,0.45,98166,1016056.53,626750,-161850,27-MAR-2024,
OPTIDX,NIFTY,28-Mar-2024,20750,PE,0.95,1.2,0.45,0.55,0.55,37232,386298.12,156500,-8050,27-MAR-2024,
OPTIDX,NIFTY,28-Mar-2024,20800,PE,0.7,1.15,0.4,0.5,0.5,139750,1453457,871650,-280250,27-MAR-2024,
OPTIDX,NIFTY,28-Mar-2024,20850,PE,0.95,1.25,0.4,0.55,0.55,39740,414307,353700,23550,27-MAR-2024,
OPTIDX,NIFTY,28-Mar-2024,20900,PE,0.55,1.2,0.35,0.45,0.45,230448,2408273.34,1357150,-199800,27-MAR-2024,
OPTIDX,NIFTY,28-Mar-2024,20950,PE,1,1.25,0.4,0.5,0.5,53629,561788.81,465150,-43900,27-MAR-2024,
OPTIDX,NIFTY,28-Mar-2024,21000,PE,1,1.3,0.4,0.55,0.55,533842,5605584.43,6932550,-953000,27-MAR-2024,
OPTIDX,NIFTY,28-Mar-2024,21050,PE,1.25,1.3,0.45,0.55,0.55,57825,608635.91,295450,-170550,27-MAR-2024,
OPTIDX,NIFTY,28-Mar-2024,21100,PE,0.7,1.3,0.4,0.55,0.55,228650,2412368.94,1479950,-163800,27-MAR-2024,
OPTIDX,NIFTY,28-Mar-2024,21150,PE,1.15,1.3,0.4,0.55,0.55,126698,1339895.3,807850,-72450,27-MAR-2024,
OPTIDX,NIFTY,28-Mar-2024,21200,PE,1.5,1.5,0.4,0.6,0.6,585081,6202177.39,3358850,-1189350,27-MAR-2024,
OPTIDX,NIFTY,28-Mar-2024,21250,PE,1.25,1.5,0.4,0.6,0.6,209464,2225671.03,615550,-498300,27-MAR-2024,
OPTIDX,NIFTY,28-Mar-2024,21300,PE,1.6,1.6,0.45,0.6,0.6,662504,7056059.56,2501700,-738950,27-MAR-2024,
OPTIDX,NIFTY,28-Mar-2024,21350,PE,1.65,1.65,0.5,0.65,0.65,341353,3644158.76,582000,-648550,27-MAR-2024,
OPTIDX,NIFTY,28-Mar-2024,21400,PE,1.8,1.8,0.45,0.7,0.7,806623,8631399.87,2703700,-612550,27-MAR-2024,
OPTIDX,NIFTY,28-Mar-2024,21450,PE,2.7,2.7,0.6,0.8,0.8,426827,4578037.49,1123800,-407400,27-MAR-2024,
OPTIDX,NIFTY,28-Mar-2024,21500,PE,2.25,2.9,0.75,0.9,0.9,1300240,13978616.52,7048350,381350,27-MAR-2024,
OPTIDX,NIFTY,28-Mar-2024,21550,PE,4.9,4.9,0.7,0.9,0.9,517672,5578427.52,928950,-620850,27-MAR-2024,
OPTIDX,NIFTY,28-Mar-2024,21600,PE,6.65,6.65,0.8,1,1,1166621,12600847.06,3997050,-241950,27-MAR-2024,
OPTIDX,NIFTY,28-Mar-2024,21650,PE,3.55,6.6,0.8,1.15,1.15,706900,7653118.27,2332450,133650,27-MAR-2024,
OPTIDX,NIFTY,28-Mar-2024,21700,PE,10.7,10.7,1,1.45,1.45,1664071,18057693.74,6905100,805350,27-MAR-2024,
OPTIDX,NIFTY,28-Mar-2024,21750,PE,14.2,14.2,1.25,1.85,1.85,988142,10748123.18,2896100,492650,27-MAR-2024,
OPTIDX,NIFTY,28-Mar-2024,21800,PE,19,19,1.8,2.7,2.7,1680559,18322930.24,8160800,2757600,27-MAR-2024,
OPTIDX,NIFTY,28-Mar-2024,21850,PE,27.8,27.85,2.55,3.95,3.95,1314705,14367792.42,4471950,1916650,27-MAR-2024,
OPTIDX,NIFTY,28-Mar-2024,21900,PE,32,32.85,3.75,6.3,6.3,2315422,25365580.45,9436300,3395950,27-MAR-2024,
OPTIDX,NIFTY,28-Mar-2024,21950,PE,34.25,42.95,5.85,9.95,9.95,1647824,18096382.24,4904700,1631350,27-MAR-2024,
OPTIDX,NIFTY,28-Mar-2024,22000,PE,50,56.5,9.1,14.95,14.95,3241888,35696605.45,14729750,3641150,27-MAR-2024,
OPTIDX,NIFTY,28-Mar-2024,22050,PE,71.3,74.25,14.15,23,23,1998278,22062181.32,5506150,2585500,27-MAR-2024,
OPTIDX,NIFTY,28-Mar-2024,22100,PE,84,95.95,22,34.8,34.8,4063483,44990848.55,13735700,6951400,27-MAR-2024,
OPTIDX,NIFTY,28-Mar-2024,22150,PE,106.85,122.4,35.25,52.55,52.55,3138399,34848922.03,5755950,4073600,27-MAR-2024,
OPTIDX,NIFTY,28-Mar-2024,22200,PE,141.3,157.1,55.65,77.1,77.1,3097749,34508575.34,5499200,3172700,27-MAR-2024,
OPTIDX,NIFTY,28-Mar-2024,22250,PE,181.8,190.8,85.15,109.3,109.3,821237,9180253.89,967100,484600,27-MAR-2024,
OPTIDX,NIFTY,28-Mar-2024,22300,PE,225.95,232,120.5,147.6,147.6,690757,7751449.09,2084600,615700,27-MAR-2024,
OPTIDX,NIFTY,28-Mar-2024,22350,PE,271.05,276.2,157.6,190.55,190.55,115518,1301332.78,173500,-31050,27-MAR-2024,
OPTIDX,NIFTY,28-Mar-2024,22400,PE,314.1,322.6,200.15,236.75,236.75,120285,1360805.26,776750,49200,27-MAR-2024,
OPTIDX,NIFTY,28-Mar-2024,22450,PE,353,371.35,244.35,285.6,285.6,11620,132022.69,68550,13700,27-MAR-2024,
OPTIDX,NIFTY,28-Mar-2024,22500,PE,399.5,421.45,291.2,335.85,335.85,45483,519059.84,1083050,8150,27-MAR-2024,
OPTIDX,NIFTY,28-Mar-2024,22550,PE,455.1,465,340,383.45,383.45,2578,29545.22,36100,9950,27-MAR-2024,
OPTIDX,NIFTY,28-Mar-2024,22600,PE,508.95,519.4,385,444.4,444.4,5869,67578.95,183450,-40250,27-MAR-2024,
OPTIDX,NIFTY,28-Mar-2024,22650,PE,498,514.45,441.1,499.95,499.95,511,5908,16650,0,27-MAR-2024,
OPTIDX,NIFTY,28-Mar-2024,22700,PE,614.95,617.8,488.7,533.35,533.35,2254,26166.23,66700,-10850,27-MAR-2024,
OPTIDX,NIFTY,28-Mar-2024,22750,PE,624,624,542.1,599.7,599.7,222,2589.24,26250,-1400,27-MAR-2024,
OPTIDX,NIFTY,28-Mar-2024,22800,PE,710.5,718,593.55,633.25,633.25,482,5645.7,35600,-5300,27-MAR-2024,
OPTIDX,NIFTY,28-Mar-2024,22850,PE,685.8,701.25,651.65,684.05,684.05,7,82.34,14950,100,27-MAR-2024,
OPTIDX,NIFTY,28-Mar-2024,22900,PE,803,803,691.65,741.95,741.95,236,2787.89,15750,-7500,27-MAR-2024,
OPTIDX,NIFTY,28-Mar-2024,22950,PE,776.25,800.5,756.1,787.9,787.9,12,142.35,19350,-200,27-MAR-2024,
OPTIDX,NIFTY,28-Mar-2024,23000,PE,911,919.5,791.4,829.8,829.8,4926,58677.34,557700,18150,27-MAR-2024,
OPTIDX,NIFTY,28-Mar-2024,23050,PE,0,0,0,885.85,922.1,0,0,10700,0,27-MAR-2024,
OPTIDX,NIFTY,28-Mar-2024,23100,PE,936,936,894.75,912.95,972.1,7,84.02,24450,100,27-MAR-2024,
OPTIDX,NIFTY,28-Mar-2024,23150,PE,0,0,0,1026.2,1022.05,0,0,5850,0,27-MAR-2024,
OPTIDX,NIFTY,28-Mar-2024,23200,PE,1100.05,1100.05,999,1006.65,1006.65,65,787.54,16000,-1650,27-MAR-2024,
OPTIDX,NIFTY,28-Mar-2024,23250,PE,0,0,0,1123.2,1122.05,0,0,9400,0,27-MAR-2024,
OPTIDX,NIFTY,28-Mar-2024,23300,PE,0,0,0,1136.8,1172.05,0,0,3650,0,27-MAR-2024,
OPTIDX,NIFTY,28-Mar-2024,23350,PE,0,0,0,1098.55,1222.05,0,0,800,0,27-MAR-2024,
OPTIDX,NIFTY,28-Mar-2024,23400,PE,1200,1220,1200,1208,1272,30,369.14,2100,-550,27-MAR-2024,
OPTIDX,NIFTY,28-Mar-2024,23450,PE,1250,1250,1250,1250,1322,1,12.35,850,0,27-MAR-2024,
OPTIDX,NIFTY,28-Mar-2024,23500,PE,1415.1,1422.85,1290.5,1343,1343,1476,18329.66,270300,19900,27-MAR-2024,
OPTIDX,NIFTY,28-Mar-2024,23550,PE,0,0,0,1467.15,1422,0,0,800,0,27-MAR-2024,
OPTIDX,NIFTY,28-Mar-2024,23600,PE,0,0,0,1553.25,1472,0,0,250,0,27-MAR-2024,
OPTIDX,NIFTY,28-Mar-2024,23650,PE,0,0,0,1621.9,1522,0,0,0,0,27-MAR-2024,
OPTIDX,NIFTY,28-Mar-2024,23700,PE,0,0,0,1539.5,1571.95,0,0,850,0,27-MAR-2024,
OPTIDX,NIFTY,28-Mar-2024,23750,PE,1575,1575,1575,1575,1621.95,1,12.66,100,0,27-MAR-2024,
OPTIDX,NIFTY,28-Mar-2024,23800,PE,1635,1635,1612,1612,1671.95,12,152.53,950,-50,27-MAR-2024,
OPTIDX,NIFTY,28-Mar-2024,23850,PE,0,0,0,1717.1,1721.95,0,0,50,0,27-MAR-2024,
OPTIDX,NIFTY,28-Mar-2024,23900,PE,0,0,0,1788,1771.95,0,0,500,0,27-MAR-2024,
OPTIDX,NIFTY,28-Mar-2024,23950,PE,0,0,0,1376.7,1821.9,0,0,100,0,27-MAR-2024,
OPTIDX,NIFTY,28-Mar-2024,24000,PE,1893.35,1918.6,1791.2,1837.1,1837.1,3215,41505.99,451850,-46600,27-MAR-2024,
OPTIDX,NIFTY,28-Mar-2024,24050,PE,0,0,0,1472.85,1921.9,0,0,50,0,27-MAR-2024,
OPTIDX,NIFTY,28-Mar-2024,24100,PE,1910,1910,1902,1905,1971.9,10,130.02,600,-450,27-MAR-2024,
OPTIDX,NIFTY,28-Mar-2024,24150,PE,0,0,0,1570.35,2021.9,0,0,50,0,27-MAR-2024,
OPTIDX,NIFTY,28-Mar-2024,24200,PE,0,0,0,2004.1,2071.9,0,0,150,0,27-MAR-2024,
OPTIDX,NIFTY,28-Mar-2024,24250,PE,0,0,0,2120,2121.85,0,0,50,0,27-MAR-2024,
OPTIDX,NIFTY,28-Mar-2024,25000,PE,2906.1,2906.1,2790,2835.7,2835.7,2957,41126.15,251250,-71800,27-MAR-2024,
OPTIDX,NIFTY,28-Mar-2024,26000,PE,3910,3920,3791.75,3817.55,3817.55,172,2567.19,35700,-3650,27-MAR-2024,
OPTIDX,NIFTY,28-Mar-2024,27000,PE,4820,4859.45,4799,4848.35,4848.35,67,1065.77,6150,-2150,27-MAR-2024,
OPTIDX,NIFTY,04-Apr-2024,20050,CE,0,0,0,2175,2103.3,0,0,5450,0,27-MAR-2024,
OPTIDX,NIFTY,04-Apr-2024,20100,CE,2170.05,2185,2150,2150,2150,21,233.82,5100,550,27-MAR-2024,
OPTIDX,NIFTY,04-Apr-2024,20150,CE,0,0,0,2035,2003.45,0,0,100,0,27-MAR-2024,
OPTIDX,NIFTY,04-Apr-2024,20200,CE,1980,2070,1980,2037.5,2037.5,20,222.13,6000,1000,27-MAR-2024,
OPTIDX,NIFTY,04-Apr-2024,20250,CE,0,0,0,2146.35,1903.6,0,0,0,0,27-MAR-2024,
OPTIDX,NIFTY,04-Apr-2024,20300,CE,0,0,0,1900,1853.65,0,0,50,0,27-MAR-2024,
OPTIDX,NIFTY,04-Apr-2024,20350,CE,0,0,0,2049.8,1803.75,0,0,0,0,27-MAR-2024,
OPTIDX,NIFTY,04-Apr-2024,20400,CE,0,0,0,2001.75,1753.8,0,0,0,0,27-MAR-2024,
OPTIDX,NIFTY,04-Apr-2024,20450,CE,0,0,0,1953.85,1703.9,0,0,0,0,27-MAR-2024,
OPTIDX,NIFTY,04-Apr-2024,20500,CE,1680,1790,1680,1781.4,1781.4,185,2059.05,12900,4050,27-MAR-2024,
OPTIDX,NIFTY,04-Apr-2024,20550,CE,1680,1735,1680,1725,1604.05,82,912.85,5650,4100,27-MAR-2024,
OPTIDX,NIFTY,04-Apr-2024,20600,CE,1660,1675,1650,1650,1650,24,267.19,1150,1100,27-MAR-2024,
OPTIDX,NIFTY,04-Apr-2024,20650,CE,1585,1630,1585,1630,1504.2,44,489.64,2200,2200,27-MAR-2024,
OPTIDX,NIFTY,04-Apr-2024,20700,CE,1570,1570,1570,1570,1454.25,2,22.27,1300,100,27-MAR-2024,
OPTIDX,NIFTY,04-Apr-2024,20750,CE,1530,1530,1520,1520,1404.35,14,155.91,700,700,27-MAR-2024,
OPTIDX,NIFTY,04-Apr-2024,20800,CE,0,0,0,1385,1354.4,0,0,50,0,27-MAR-2024,
OPTIDX,NIFTY,04-Apr-2024,20850,CE,0,0,0,1579.3,1304.5,0,0,0,0,27-MAR-2024,
OPTIDX,NIFTY,04-Apr-2024,20900,CE,1370,1370,1370,1370,1254.6,2,22.27,350,0,27-MAR-2024,
OPTIDX,NIFTY,04-Apr-2024,20950,CE,0,0,0,1488.75,1204.75,0,0,0,0,27-MAR-2024,
OPTIDX,NIFTY,04-Apr-2024,21000,CE,1185,1295,1177,1272.4,1272.4,1691,18831.11,94550,52500,27-MAR-2024,
OPTIDX,NIFTY,04-Apr-2024,21050,CE,1230,1235,1230,1230,1105.05,74,824.48,3700,3700,27-MAR-2024,
OPTIDX,NIFTY,04-Apr-2024,21100,CE,1145,1185,1140,1177,1177,130,1446.86,5450,4900,27-MAR-2024,
OPTIDX,NIFTY,04-Apr-2024,21150,CE,1090,1130,1085,1105.25,1105.25,59,656.72,2000,2000,27-MAR-2024,
OPTIDX,NIFTY,04-Apr-2024,21200,CE,987.9,1093.85,987.9,1057.9,1057.9,69,768.21,31150,2550,27-MAR-2024,
OPTIDX,NIFTY,04-Apr-2024,21250,CE,980,980,980,980,906.45,1,11.11,50,50,27-MAR-2024,
OPTIDX,NIFTY,04-Apr-2024,21300,CE,990,990,958,969.75,969.75,77,857.73,5500,3150,27-MAR-2024,
OPTIDX,NIFTY,04-Apr-2024,21350,CE,0,0,0,851,808.1,0,0,100,0,27-MAR-2024,
OPTIDX,NIFTY,04-Apr-2024,21400,CE,885,900,845,856.6,856.6,61,679.46,3350,2100,27-MAR-2024,
OPTIDX,NIFTY,04-Apr-2024,21450,CE,830,840,821.55,821.75,711.1,34,378.7,1700,1700,27-MAR-2024,
OPTIDX,NIFTY,04-Apr-2024,21500,CE,705.05,808.4,695.05,766.85,766.85,9317,103777.02,926500,321800,27-MAR-2024,
OPTIDX,NIFTY,04-Apr-2024,21550,CE,700,755,700,729.35,729.35,76,846.96,5400,3100,27-MAR-2024,
OPTIDX,NIFTY,04-Apr-2024,21600,CE,608.9,708.15,598.05,673.15,673.15,307,3416.61,36350,9200,27-MAR-2024,
OPTIDX,NIFTY,04-Apr-2024,21650,CE,570,661.85,550.1,642,524.45,18,200.45,1750,-100,27-MAR-2024,
OPTIDX,NIFTY,04-Apr-2024,21700,CE,531.2,619.55,514,576.2,576.2,2747,30615.16,94950,6900,27-MAR-2024,
OPTIDX,NIFTY,04-Apr-2024,21750,CE,470.05,564.55,470.05,530.85,530.85,120,1336.84,7200,100,27-MAR-2024,
OPTIDX,NIFTY,04-Apr-2024,21800,CE,444.25,528.9,424.9,486.8,486.8,3935,43860.59,167900,-14100,27-MAR-2024,
OPTIDX,NIFTY,04-Apr-2024,21850,CE,402.8,481.2,384.85,442.5,442.5,1108,12349.75,24950,-7800,27-MAR-2024,
OPTIDX,NIFTY,04-Apr-2024,21900,CE,360,443.3,334.65,397.6,397.6,9108,101588.26,339850,-48000,27-MAR-2024,
OPTIDX,NIFTY,04-Apr-2024,21950,CE,324.45,399.35,305.95,356.5,356.5,2769,30887.5,57100,-12450,27-MAR-2024,
OPTIDX,NIFTY,04-Apr-2024,22000,CE,296.65,360,265.5,315.7,315.7,65026,725884.99,2728300,139200,27-MAR-2024,
OPTIDX,NIFTY,04-Apr-2024,22050,CE,262,322,225,281.5,281.5,13367,149288.98,395600,-10400,27-MAR-2024,
OPTIDX,NIFTY,04-Apr-2024,22100,CE,214.75,285.75,205.4,242.55,242.55,102288,1143321.72,2147250,90600,27-MAR-2024,
OPTIDX,NIFTY,04-Apr-2024,22150,CE,183.95,249.95,172.95,209.95,209.95,46031,514962.6,554750,180200,27-MAR-2024,
OPTIDX,NIFTY,04-Apr-2024,22200,CE,165,216.75,148,177.5,177.5,183666,2056167.05,2523700,766950,27-MAR-2024,
OPTIDX,NIFTY,04-Apr-2024,22250,CE,135,185.5,123.7,147.1,147.1,44139,494563.85,1262000,568100,27-MAR-2024,
OPTIDX,NIFTY,04-Apr-2024,22300,CE,109.95,157.4,101.65,120.7,120.7,101920,1143207.03,1349550,323700,27-MAR-2024,
OPTIDX,NIFTY,04-Apr-2024,22350,CE,90.15,131.75,82.5,98.8,98.8,34467,387027.6,445000,109850,27-MAR-2024,
OPTIDX,NIFTY,04-Apr-2024,22400,CE,73.6,108.3,65.6,77.3,77.3,118432,1331701.59,1546550,681600,27-MAR-2024,
OPTIDX,NIFTY,04-Apr-2024,22450,CE,58.65,87.4,51.75,60.55,60.55,27623,311023.11,357800,116250,27-MAR-2024,
OPTIDX,NIFTY,04-Apr-2024,22500,CE,44.15,69.9,39.8,46.45,46.45,135005,1522492.03,2464200,597600,27-MAR-2024,
OPTIDX,NIFTY,04-Apr-2024,22550,CE,34.2,54.85,29.5,34.35,34.35,30950,349597.59,505600,106100,27-MAR-2024,
OPTIDX,NIFTY,04-Apr-2024,22600,CE,25.4,42.25,21.2,25.15,25.15,82971,938832.44,1271950,280650,27-MAR-2024,
OPTIDX,NIFTY,04-Apr-2024,22650,CE,18.8,31.9,15.15,17.95,17.95,52126,590958.6,815050,88100,27-MAR-2024,
OPTIDX,NIFTY,04-Apr-2024,22700,CE,13.65,24.15,10.6,12.6,12.6,92876,1054909.65,1543700,275750,27-MAR-2024,
OPTIDX,NIFTY,04-Apr-2024,22750,CE,10.35,17.85,7.4,9,9,101178,1151524.31,474500,279150,27-MAR-2024,
OPTIDX,NIFTY,04-Apr-2024,22800,CE,7.7,12.7,5.25,6.2,6.2,73928,843098.25,961150,316800,27-MAR-2024,
OPTIDX,NIFTY,04-Apr-2024,22850,CE,5.95,9.1,3.9,4.5,4.5,29557,337778.49,281600,87550,27-MAR-2024,
OPTIDX,NIFTY,04-Apr-2024,22900,CE,4.95,6.4,3.05,3.35,3.35,40664,465695.12,567350,60600,27-MAR-2024,
OPTIDX,NIFTY,04-Apr-2024,22950,CE,3.4,4.75,2.7,2.95,2.95,23407,268636.84,443100,164100,27-MAR-2024,
OPTIDX,NIFTY,04-Apr-2024,23000,CE,4,4,2.2,2.35,2.35,68014,782258.01,1848900,830850,27-MAR-2024,
OPTIDX,NIFTY,04-Apr-2024,23050,CE,3.05,4,1.65,1.8,1.8,19570,225565.98,428050,348200,27-MAR-2024,
OPTIDX,NIFTY,04-Apr-2024,23100,CE,2.85,2.9,1.5,1.6,1.6,14340,165640.98,325950,200550,27-MAR-2024,
OPTIDX,NIFTY,04-Apr-2024,23150,CE,2.2,3.5,1.3,1.45,1.45,3913,45296.32,61650,46400,27-MAR-2024,
OPTIDX,NIFTY,04-Apr-2024,23200,CE,1.85,2.3,1.25,1.35,1.35,13054,151436.51,382400,187250,27-MAR-2024,
OPTIDX,NIFTY,04-Apr-2024,23250,CE,2.25,2.35,1.2,1.5,1.5,2972,34551.94,44850,19050,27-MAR-2024,
OPTIDX,NIFTY,04-Apr-2024,23300,CE,1.5,2.25,1.15,1.3,1.3,5777,67306.37,128350,34600,27-MAR-2024,
OPTIDX,NIFTY,04-Apr-2024,23350,CE,2.45,3.85,1.15,1.35,1.35,2877,33591.26,17650,-44450,27-MAR-2024,
OPTIDX,NIFTY,04-Apr-2024,23400,CE,2.1,2.15,1,1.3,1.3,3190,37325.62,48050,-36050,27-MAR-2024,
OPTIDX,NIFTY,04-Apr-2024,23450,CE,1.8,2.05,1.1,1.3,1.3,1738,20379.47,8400,-15450,27-MAR-2024,
OPTIDX,NIFTY,04-Apr-2024,23500,CE,2.15,2.35,1.2,1.4,1.4,13526,158942.17,319650,41550,27-MAR-2024,
OPTIDX,NIFTY,04-Apr-2024,23550,CE,1.95,2.2,1.1,1.2,1.2,179,2107.87,7500,-2500,27-MAR-2024,
OPTIDX,NIFTY,04-Apr-2024,23600,CE,1.8,1.9,0.9,1.25,1.25,580,6844.44,30700,-3000,27-MAR-2024,
OPTIDX,NIFTY,04-Apr-2024,23650,CE,2.15,2.8,1.25,1.55,1.55,89,1052.49,5950,-900,27-MAR-2024,
OPTIDX,NIFTY,04-Apr-2024,23700,CE,2.1,2.1,1,1.35,1.35,651,7714.82,24550,400,27-MAR-2024,
OPTIDX,NIFTY,04-Apr-2024,23750,CE,1.3,3.75,1.25,1.35,1.35,693,8229.9,11100,6150,27-MAR-2024,
OPTIDX,NIFTY,04-Apr-2024,23800,CE,1.75,1.75,1,1.3,1.3,508,6045.56,18600,1950,27-MAR-2024,
OPTIDX,NIFTY,04-Apr-2024,23850,CE,1.85,2.3,1.1,1.45,1.45,208,2480.56,6500,1650,27-MAR-2024,
OPTIDX,NIFTY,04-Apr-2024,23900,CE,1.6,2.25,1.05,1.3,1.3,931,11126.19,18150,1050,27-MAR-2024,
OPTIDX,NIFTY,04-Apr-2024,23950,CE,2.2,2.2,0.7,1.4,1.4,309,3700.5,12250,800,27-MAR-2024,
OPTIDX,NIFTY,04-Apr-2024,24000,CE,0.75,3.65,0.75,1.35,1.35,26989,323890.19,615350,552850,27-MAR-2024,
OPTIDX,NIFTY,04-Apr-2024,24050,CE,1.9,1.9,1,1.3,1.3,197,2369.06,6100,1800,27-MAR-2024,
OPTIDX,NIFTY,04-Apr-2024,24100,CE,1.45,2.5,0.95,1.25,1.25,1034,12460.46,15350,5400,27-MAR-2024,
OPTIDX,NIFTY,04-Apr-2024,24150,CE,1.5,1.5,0.9,1.45,1.45,89,1074.73,6350,2750,27-MAR-2024,
OPTIDX,NIFTY,04-Apr-2024,24200,CE,1.45,1.6,0.9,1.2,1.2,957,11580.31,36900,15050,27-MAR-2024,
OPTIDX,NIFTY,04-Apr-2024,24250,CE,1.4,6.3,0.85,1.15,1.15,932,11301.18,24250,15800,27-MAR-2024,
OPTIDX,NIFTY,04-Apr-2024,20050,PE,0,0,0,4.95,0.05,0,0,0,0,27-MAR-2024,
OPTIDX,NIFTY,04-Apr-2024,20100,PE,2.05,2.35,1.45,1.6,1.6,33906,340789.37,1372950,1341550,27-MAR-2024,
OPTIDX,NIFTY,04-Apr-2024,20150,PE,2.2,2.7,1.6,1.95,1.95,56,564.25,1150,950,27-MAR-2024,
OPTIDX,NIFTY,04-Apr-2024,20200,PE,2.4,2.5,1.55,1.65,1.65,11322,114363.6,342350,283200,27-MAR-2024,
OPTIDX,NIFTY,04-Apr-2024,20250,PE,2.75,2.75,1.5,1.7,1.7,144,1458.14,1150,800,27-MAR-2024,
OPTIDX,NIFTY,04-Apr-2024,20300,PE,2.4,2.7,1.4,1.7,1.7,1220,12384.18,25600,13700,27-MAR-2024,
OPTIDX,NIFTY,04-Apr-2024,20350,PE,0,0,0,11.2,0.05,0,0,0,0,27-MAR-2024,
OPTIDX,NIFTY,04-Apr-2024,20400,PE,2.45,2.8,1.55,1.9,1.9,458,4672.04,8750,2150,27-MAR-2024,
OPTIDX,NIFTY,04-Apr-2024,20450,PE,2.4,3.25,1.35,1.75,1.75,249,2546.3,3300,-4250,27-MAR-2024,
OPTIDX,NIFTY,04-Apr-2024,20500,PE,2.25,2.7,1.45,1.9,1.9,27543,282342.41,749400,536850,27-MAR-2024,
OPTIDX,NIFTY,04-Apr-2024,20550,PE,1.75,2.35,1.5,2.1,2.1,156,1603.05,3500,3500,27-MAR-2024,
OPTIDX,NIFTY,04-Apr-2024,20600,PE,2.8,2.85,1.8,2.05,2.05,1534,15802.05,26450,6650,27-MAR-2024,
OPTIDX,NIFTY,04-Apr-2024,20650,PE,3.25,3.25,1.75,2,2,247,2550.55,4150,-550,27-MAR-2024,
OPTIDX,NIFTY,04-Apr-2024,20700,PE,3.4,3.4,1.85,2,2,3115,32244.09,66400,28250,27-MAR-2024,
OPTIDX,NIFTY,04-Apr-2024,20750,PE,4,4,1.95,2.15,2.15,450,4669.38,4100,100,27-MAR-2024,
OPTIDX,NIFTY,04-Apr-2024,20800,PE,3.5,3.5,1.9,2.15,2.15,7365,76606.23,197350,50300,27-MAR-2024,
OPTIDX,NIFTY,04-Apr-2024,20850,PE,3.85,3.85,2.3,2.4,0.05,68,708.98,9750,1600,27-MAR-2024,
OPTIDX,NIFTY,04-Apr-2024,20900,PE,4.4,4.4,2.1,2.3,2.3,4052,42349.3,93750,15050,27-MAR-2024,
OPTIDX,NIFTY,04-Apr-2024,20950,PE,5.35,5.35,2.4,2.6,2.6,3849,40324.75,72900,52550,27-MAR-2024,
OPTIDX,NIFTY,04-Apr-2024,21000,PE,5.15,5.15,2.45,2.7,2.7,21585,226679.99,613650,117950,27-MAR-2024,
OPTIDX,NIFTY,04-Apr-2024,21050,PE,5.3,5.3,2.45,2.85,2.85,3488,36717.34,46600,15050,27-MAR-2024,
OPTIDX,NIFTY,04-Apr-2024,21100,PE,5.75,5.9,2.55,2.95,2.95,10508,110878.51,224950,11900,27-MAR-2024,
OPTIDX,NIFTY,04-Apr-2024,21150,PE,6,6,2.55,3.1,3.1,3791,40097.37,54450,11050,27-MAR-2024,
OPTIDX,NIFTY,04-Apr-2024,21200,PE,8,8.75,2.95,3.45,3.45,18220,193173.65,335600,47500,27-MAR-2024,
OPTIDX,NIFTY,04-Apr-2024,21250,PE,7.7,8.35,3.4,4.05,4.05,6307,67027.54,92550,9500,27-MAR-2024,
OPTIDX,NIFTY,04-Apr-2024,21300,PE,8.6,9.1,3.45,4.6,4.6,26719,284632.57,506750,60550,27-MAR-2024,
OPTIDX,NIFTY,04-Apr-2024,21350,PE,10.45,10.45,4.65,5.4,5.4,13902,148449.76,115150,41850,27-MAR-2024,
OPTIDX,NIFTY,04-Apr-2024,21400,PE,13,13,5.2,6.3,6.3,33751,361269.48,572550,111150,27-MAR-2024,
OPTIDX,NIFTY,04-Apr-2024,21450,PE,15.25,15.5,6.35,7.55,7.55,15189,162969.61,258850,169950,27-MAR-2024,
OPTIDX,NIFTY,04-Apr-2024,21500,PE,18,20.1,7.9,9.4,9.4,68002,731406.46,1716850,535950,27-MAR-2024,
OPTIDX,NIFTY,04-Apr-2024,21550,PE,22.05,22.1,9.65,11.5,11.5,15860,170996.56,203450,75350,27-MAR-2024,
OPTIDX,NIFTY,04-Apr-2024,21600,PE,27.55,27.55,11.95,13.7,13.7,54358,587510.13,959650,360100,27-MAR-2024,
OPTIDX,NIFTY,04-Apr-2024,21650,PE,36,36,14.5,16.65,16.65,20422,221261.87,252550,123500,27-MAR-2024,
OPTIDX,NIFTY,04-Apr-2024,21700,PE,38.85,38.85,17.6,19.95,19.95,60959,662107.81,836000,63700,27-MAR-2024,
OPTIDX,NIFTY,04-Apr-2024,21750,PE,39,43.7,22,24.15,24.15,22462,244582.31,233100,116600,27-MAR-2024,
OPTIDX,NIFTY,04-Apr-2024,21800,PE,60,60,27,29.5,29.5,86146,940453.99,1000700,89850,27-MAR-2024,
OPTIDX,NIFTY,04-Apr-2024,21850,PE,55,61.5,32.05,36,36,24456,267674.51,253750,102350,27-MAR-2024,
OPTIDX,NIFTY,04-Apr-2024,21900,PE,68.1,75.85,39,43.1,43.1,72958,800636.75,993400,207550,27-MAR-2024,
OPTIDX,NIFTY,04-Apr-2024,21950,PE,82.7,89.55,47.25,51.55,51.55,31849,350461.91,499200,130700,27-MAR-2024,
OPTIDX,NIFTY,04-Apr-2024,22000,PE,93.75,103.1,56.1,62.35,62.35,178051,1964663.82,4117550,910850,27-MAR-2024,
OPTIDX,NIFTY,04-Apr-2024,22050,PE,116,120.1,67.05,74.8,74.8,55268,611576.4,606500,203600,27-MAR-2024,
OPTIDX,NIFTY,04-Apr-2024,22100,PE,133.15,133.2,80.5,88.65,88.65,174704,1938680.26,2718700,602250,27-MAR-2024,
OPTIDX,NIFTY,04-Apr-2024,22150,PE,145.15,153.7,95.55,104.65,104.65,76939,856240.48,740550,397400,27-MAR-2024,
OPTIDX,NIFTY,04-Apr-2024,22200,PE,176.55,176.6,112.3,122.3,122.3,168047,1875828.74,2437100,703300,27-MAR-2024,
OPTIDX,NIFTY,04-Apr-2024,22250,PE,199.1,201,132.15,140.7,140.7,59461,665812.06,1187900,535150,27-MAR-2024,
OPTIDX,NIFTY,04-Apr-2024,22300,PE,226.35,229,153.35,164.15,164.15,53648,602642.76,1137400,411250,27-MAR-2024,
OPTIDX,NIFTY,04-Apr-2024,22350,PE,247.25,260.15,178.8,192,192,11372,128182.72,312650,22150,27-MAR-2024,
OPTIDX,NIFTY,04-Apr-2024,22400,PE,280,292.45,205.4,224,224,33290,376556.93,972700,384300,27-MAR-2024,
OPTIDX,NIFTY,04-Apr-2024,22450,PE,320.9,326.15,236.45,251.65,251.65,2915,33089.08,163100,2400,27-MAR-2024,
OPTIDX,NIFTY,04-Apr-2024,22500,PE,342.35,369.25,268.85,285.15,285.15,24180,275486.27,1444650,298600,27-MAR-2024,
OPTIDX,NIFTY,04-Apr-2024,22550,PE,395.65,406.85,305.7,329.7,329.7,1366,15623.97,214350,-1850,27-MAR-2024,
OPTIDX,NIFTY,04-Apr-2024,22600,PE,435.95,447.5,341.5,366.05,366.05,3923,45057.62,409450,20000,27-MAR-2024,
OPTIDX,NIFTY,04-Apr-2024,22650,PE,477.9,479.05,386.35,408.45,408.45,201,2316.92,504050,-1150,27-MAR-2024,
OPTIDX,NIFTY,04-Apr-2024,22700,PE,522.05,533.85,423.5,452.1,452.1,1982,22946.98,549650,-2500,27-MAR-2024,
OPTIDX,NIFTY,04-Apr-2024,22750,PE,496.05,502.85,476.45,491.1,491.1,26,302.15,600,600,27-MAR-2024,
OPTIDX,NIFTY,04-Apr-2024,22800,PE,591.05,591.05,515.95,548.85,548.85,904,10548.72,40150,35550,27-MAR-2024,
OPTIDX,NIFTY,04-Apr-2024,22850,PE,651.9,651.9,575,591.6,591.6,49,575.21,3050,1450,27-MAR-2024,
OPTIDX,NIFTY,04-Apr-2024,22900,PE,638,639,621,621,747.9,3,35.29,2500,50,27-MAR-2024,
OPTIDX,NIFTY,04-Apr-2024,22950,PE,677.65,677.65,677.65,677.65,677.65,1,11.81,250,50,27-MAR-2024,
OPTIDX,NIFTY,04-Apr-2024,23000,PE,805.95,829.05,708,742.25,742.25,7059,83776.43,564150,237250,27-MAR-2024,
OPTIDX,NIFTY,04-Apr-2024,23050,PE,0,0,0,839.95,894.35,0,0,0,0,27-MAR-2024,
OPTIDX,NIFTY,04-Apr-2024,23100,PE,823,823,808,815.85,943.65,3,35.87,850,100,27-MAR-2024,
OPTIDX,NIFTY,04-Apr-2024,23150,PE,0,0,0,914,993.15,0,0,0,0,27-MAR-2024,
OPTIDX,NIFTY,04-Apr-2024,23200,PE,0,0,0,950.8,1042.75,0,0,0,0,27-MAR-2024,
OPTIDX,NIFTY,04-Apr-2024,23250,PE,0,0,0,989,1092.45,0,0,0,0,27-MAR-2024,
OPTIDX,NIFTY,04-Apr-2024,23300,PE,0,0,0,1027.9,1142.25,0,0,0,0,27-MAR-2024,
OPTIDX,NIFTY,04-Apr-2024,23350,PE,0,0,0,1067.35,1192.05,0,0,0,0,27-MAR-2024,
OPTIDX,NIFTY,04-Apr-2024,23400,PE,0,0,0,1107.4,1241.9,0,0,0,0,27-MAR-2024,
OPTIDX,NIFTY,04-Apr-2024,23450,PE,0,0,0,1148.05,1291.8,0,0,0,0,27-MAR-2024,
OPTIDX,NIFTY,04-Apr-2024,23500,PE,1277.6,1277.6,1258.1,1258.1,1341.65,2,24.76,150,100,27-MAR-2024,
OPTIDX,NIFTY,04-Apr-2024,23550,PE,0,0,0,1230.9,1391.6,0,0,0,0,27-MAR-2024,
OPTIDX,NIFTY,04-Apr-2024,23600,PE,0,0,0,1273.05,1441.5,0,0,0,0,27-MAR-2024,
OPTIDX,NIFTY,04-Apr-2024,23650,PE,0,0,0,1315.75,1491.4,0,0,0,0,27-MAR-2024,
OPTIDX,NIFTY,04-Apr-2024,23700,PE,0,0,0,1358.85,1541.3,0,0,0,0,27-MAR-2024,
OPTIDX,NIFTY,04-Apr-2024,23750,PE,0,0,0,1402.4,1591.25,0,0,0,0,27-MAR-2024,
OPTIDX,NIFTY,04-Apr-2024,23800,PE,0,0,0,1446.35,1641.15,0,0,0,0,27-MAR-2024,
OPTIDX,NIFTY,04-Apr-2024,23850,PE,0,0,0,1490.65,1691.1,0,0,0,0,27-MAR-2024,
OPTIDX,NIFTY,04-Apr-2024,23900,PE,0,0,0,1535.4,1741,0,0,0,0,27-MAR-2024,
OPTIDX,NIFTY,04-Apr-2024,23950,PE,0,0,0,1580.45,1790.95,0,0,0,0,27-MAR-2024,
OPTIDX,NIFTY,04-Apr-2024,24000,PE,1810,1810.2,1507.3,1680.35,1680.35,83,1067.75,9500,3050,27-MAR-2024,
OPTIDX,NIFTY,04-Apr-2024,24050,PE,0,0,0,1671.5,1890.8,0,0,0,0,27-MAR-2024,
OPTIDX,NIFTY,04-Apr-2024,24100,PE,0,0,0,1717.5,1940.7,0,0,0,0,27-MAR-2024,
OPTIDX,NIFTY,04-Apr-2024,24150,PE,0,0,0,1763.75,1990.65,0,0,0,0,27-MAR-2024,
OPTIDX,NIFTY,04-Apr-2024,24200,PE,0,0,0,1810.25,2040.6,0,0,0,0,27-MAR-2024,
OPTIDX,NIFTY,04-Apr-2024,24250,PE,0,0,0,1857.05,2090.5,0,0,0,0,27-MAR-2024,
OPTIDX,NIFTY,10-Apr-2024,20050,CE,2262,2262,2262,2262,2125.5,1,11.15,50,50,27-MAR-2024,
OPTIDX,NIFTY,10-Apr-2024,20100,CE,0,0,0,2519.4,2075.6,0,0,0,0,27-MAR-2024,
OPTIDX,NIFTY,10-Apr-2024,20150,CE,0,0,0,2469.9,2025.75,0,0,0,0,27-MAR-2024,
OPTIDX,NIFTY,10-Apr-2024,20200,CE,0,0,0,2420.4,1975.9,0,0,0,0,27-MAR-2024,
OPTIDX,NIFTY,10-Apr-2024,20250,CE,0,0,0,2370.9,1926,0,0,0,0,27-MAR-2024,
OPTIDX,NIFTY,10-Apr-2024,20300,CE,0,0,0,2321.5,1876.15,0,0,0,0,27-MAR-2024,
OPTIDX,NIFTY,10-Apr-2024,20350,CE,0,0,0,2272.1,1826.3,0,0,0,0,27-MAR-2024,
OPTIDX,NIFTY,10-Apr-2024,20400,CE,0,0,0,2222.8,1776.45,0,0,0,0,27-MAR-2024,
OPTIDX,NIFTY,10-Apr-2024,20450,CE,0,0,0,2173.55,1726.55,0,0,0,0,27-MAR-2024,
OPTIDX,NIFTY,10-Apr-2024,20500,CE,0,0,0,2124.35,1676.7,0,0,0,0,27-MAR-2024,
OPTIDX,NIFTY,10-Apr-2024,20550,CE,0,0,0,2075.25,1626.9,0,0,0,0,27-MAR-2024,
OPTIDX,NIFTY,10-Apr-2024,20600,CE,0,0,0,1630,1577.05,0,0,50,0,27-MAR-2024,
OPTIDX,NIFTY,10-Apr-2024,20650,CE,0,0,0,1977.35,1527.25,0,0,0,0,27-MAR-2024,
OPTIDX,NIFTY,10-Apr-2024,20700,CE,0,0,0,1928.55,1477.45,0,0,0,0,27-MAR-2024,
OPTIDX,NIFTY,10-Apr-2024,20750,CE,0,0,0,1879.9,1427.7,0,0,0,0,27-MAR-2024,
OPTIDX,NIFTY,10-Apr-2024,20800,CE,0,0,0,1831.4,1378,0,0,0,0,27-MAR-2024,
OPTIDX,NIFTY,10-Apr-2024,20850,CE,0,0,0,1783.1,1328.35,0,0,0,0,27-MAR-2024,
OPTIDX,NIFTY,10-Apr-2024,20900,CE,0,0,0,1734.95,1278.75,0,0,0,0,27-MAR-2024,
OPTIDX,NIFTY,10-Apr-2024,20950,CE,0,0,0,1687,1229.25,0,0,0,0,27-MAR-2024,
OPTIDX,NIFTY,10-Apr-2024,21000,CE,1314,1314,1301,1308.55,1179.9,3,33.46,800,0,27-MAR-2024,
OPTIDX,NIFTY,10-Apr-2024,21050,CE,0,0,0,1100.3,1130.7,0,0,600,0,27-MAR-2024,
OPTIDX,NIFTY,10-Apr-2024,21100,CE,0,0,0,1544.6,1081.65,0,0,0,0,27-MAR-2024,
OPTIDX,NIFTY,10-Apr-2024,21150,CE,0,0,0,1497.65,1032.85,0,0,0,0,27-MAR-2024,
OPTIDX,NIFTY,10-Apr-2024,21200,CE,0,0,0,1451.1,984.3,0,0,0,0,27-MAR-2024,
OPTIDX,NIFTY,10-Apr-2024,21250,CE,0,0,0,940,936.1,0,0,50,0,27-MAR-2024,
OPTIDX,NIFTY,10-Apr-2024,21300,CE,1035.05,1035.05,998.65,998.65,888.3,2,22.31,50,50,27-MAR-2024,
OPTIDX,NIFTY,10-Apr-2024,21350,CE,0,0,0,1313.55,841,0,0,0,0,27-MAR-2024,
OPTIDX,NIFTY,10-Apr-2024,21400,CE,0,0,0,1268.55,794.25,0,0,0,0,27-MAR-2024,
OPTIDX,NIFTY,10-Apr-2024,21450,CE,0,0,0,1224,748.1,0,0,0,0,27-MAR-2024,
OPTIDX,NIFTY,10-Apr-2024,21500,CE,774.6,838.9,758.3,796,796,40,446.3,7000,1300,27-MAR-2024,
OPTIDX,NIFTY,10-Apr-2024,21550,CE,0,0,0,475.6,658.2,0,0,50,0,27-MAR-2024,
OPTIDX,NIFTY,10-Apr-2024,21600,CE,743.25,751.35,692.85,742,614.6,14,156.39,850,-250,27-MAR-2024,
OPTIDX,NIFTY,10-Apr-2024,21650,CE,0,0,0,1051.25,572.05,0,0,0,0,27-MAR-2024,
OPTIDX,NIFTY,10-Apr-2024,21700,CE,580,668.3,580,635.7,635.7,419,4680.78,17650,16250,27-MAR-2024,
OPTIDX,NIFTY,10-Apr-2024,21750,CE,0,0,0,625,490.6,0,0,100,0,27-MAR-2024,
OPTIDX,NIFTY,10-Apr-2024,21800,CE,489.9,577.2,489.9,542.15,542.15,250,2794.23,11400,4550,27-MAR-2024,
OPTIDX,NIFTY,10-Apr-2024,21850,CE,504.25,541.55,493.85,507.55,507.55,35,391.56,2350,-700,27-MAR-2024,
OPTIDX,NIFTY,10-Apr-2024,21900,CE,420.45,505,412.8,462.05,462.05,553,6186.09,13550,-2400,27-MAR-2024,
OPTIDX,NIFTY,10-Apr-2024,21950,CE,388.05,463.05,375.65,430.55,430.55,303,3388.55,5900,-600,27-MAR-2024,
OPTIDX,NIFTY,10-Apr-2024,22000,CE,351,427.65,342,388.15,388.15,5194,58168.41,155250,-16000,27-MAR-2024,
OPTIDX,NIFTY,10-Apr-2024,22050,CE,304,386.25,304,354.9,354.9,375,4201.06,10500,-3200,27-MAR-2024,
OPTIDX,NIFTY,10-Apr-2024,22100,CE,286.75,355.4,278,320.05,320.05,4557,51102.6,167450,40950,27-MAR-2024,
OPTIDX,NIFTY,10-Apr-2024,22150,CE,260.05,320.2,247,283.3,283.3,2047,22973.88,30500,12700,27-MAR-2024,
OPTIDX,NIFTY,10-Apr-2024,22200,CE,236,287.9,217.65,252.25,252.25,8172,91780.79,135450,71700,27-MAR-2024,
OPTIDX,NIFTY,10-Apr-2024,22250,CE,204.3,255.5,190.65,221.35,221.35,1220,13714.23,18050,-10750,27-MAR-2024,
OPTIDX,NIFTY,10-Apr-2024,22300,CE,171.05,226.35,166.55,192.2,192.2,6719,75593.37,134950,59350,27-MAR-2024,
OPTIDX,NIFTY,10-Apr-2024,22350,CE,146,196.65,146,167,167,614,6916.25,16500,3150,27-MAR-2024,
OPTIDX,NIFTY,10-Apr-2024,22400,CE,128.25,173.85,125,144.4,144.4,3943,44463.03,98150,55100,27-MAR-2024,
OPTIDX,NIFTY,10-Apr-2024,22450,CE,111,149.9,106.75,126,126,1225,13830.16,18800,1300,27-MAR-2024,
OPTIDX,NIFTY,10-Apr-2024,22500,CE,94.75,129,88.65,104.95,104.95,8972,101442.52,177950,67400,27-MAR-2024,
OPTIDX,NIFTY,10-Apr-2024,22550,CE,80.6,110.45,68.1,88.65,88.65,851,9635.98,14100,5200,27-MAR-2024,
OPTIDX,NIFTY,10-Apr-2024,22600,CE,63.55,92.6,60.85,72.3,72.3,3369,38203.26,70750,17250,27-MAR-2024,
OPTIDX,NIFTY,10-Apr-2024,22650,CE,49.15,76.35,47.55,58.7,58.7,781,8869.99,13150,5100,27-MAR-2024,
OPTIDX,NIFTY,10-Apr-2024,22700,CE,41.05,62.8,39.65,49.4,49.4,5450,62003.52,109750,43700,27-MAR-2024,
OPTIDX,NIFTY,10-Apr-2024,22750,CE,36.35,51.4,30.05,38.6,38.6,1727,19681.32,20500,3400,27-MAR-2024,
OPTIDX,NIFTY,10-Apr-2024,22800,CE,25.1,42.25,24.45,32.5,32.5,5973,68195.79,136700,33250,27-MAR-2024,
OPTIDX,NIFTY,10-Apr-2024,22850,CE,23.5,33.8,20.55,27.4,27.4,830,9494.4,18300,11100,27-MAR-2024,
OPTIDX,NIFTY,10-Apr-2024,22900,CE,18.95,27.1,15.95,20.65,20.65,8334,95517.65,151300,114700,27-MAR-2024,
OPTIDX,NIFTY,10-Apr-2024,22950,CE,15.8,21.05,10.15,16.1,16.1,651,7476.12,19100,7550,27-MAR-2024,
OPTIDX,NIFTY,10-Apr-2024,23000,CE,13.95,17.2,11.25,13.7,13.7,13375,153909.55,300700,205300,27-MAR-2024,
OPTIDX,NIFTY,10-Apr-2024,23050,CE,11.1,14.8,7.7,11.1,11.1,278,3205.58,9850,6050,27-MAR-2024,
OPTIDX,NIFTY,10-Apr-2024,23100,CE,9.2,10.85,7,8.6,8.6,1926,22254.07,36250,24500,27-MAR-2024,
OPTIDX,NIFTY,10-Apr-2024,23150,CE,8.7,11.55,5.2,7.9,7.9,63,729.5,6050,1250,27-MAR-2024,
OPTIDX,NIFTY,10-Apr-2024,23200,CE,6.8,8.7,5.05,6.05,6.05,796,9236.15,39550,15850,27-MAR-2024,
OPTIDX,NIFTY,10-Apr-2024,23250,CE,6,6,5.1,5.95,5.95,22,255.81,3250,1000,27-MAR-2024,
OPTIDX,NIFTY,10-Apr-2024,23300,CE,5.5,8.7,4.2,4.7,4.7,653,7609.12,15050,7400,27-MAR-2024,
OPTIDX,NIFTY,10-Apr-2024,23350,CE,5.65,5.65,3.85,4.85,3.05,76,887.47,5350,3000,27-MAR-2024,
OPTIDX,NIFTY,10-Apr-2024,23400,CE,5,6.7,3.2,3.4,3.4,380,4446.77,11550,3200,27-MAR-2024,
OPTIDX,NIFTY,10-Apr-2024,23450,CE,5.5,6.1,3.2,3.6,3.6,20,234.54,1300,300,27-MAR-2024,
OPTIDX,NIFTY,10-Apr-2024,23500,CE,4.85,4.85,2.75,3.2,3.2,709,8331.91,30400,14150,27-MAR-2024,
OPTIDX,NIFTY,10-Apr-2024,23550,CE,5.4,5.45,3.3,3.3,1.1,30,353.3,950,100,27-MAR-2024,
OPTIDX,NIFTY,10-Apr-2024,23600,CE,4.9,5.8,2.4,2.45,2.45,708,8355.48,22150,15550,27-MAR-2024,
OPTIDX,NIFTY,10-Apr-2024,23650,CE,0,0,0,2.75,0.6,0,0,700,0,27-MAR-2024,
OPTIDX,NIFTY,10-Apr-2024,23700,CE,4.2,4.2,2.75,2.8,2.8,142,1682.93,8300,3900,27-MAR-2024,
OPTIDX,NIFTY,10-Apr-2024,23750,CE,0,0,0,64.6,0.35,0,0,0,0,27-MAR-2024,
OPTIDX,NIFTY,10-Apr-2024,23800,CE,3.1,3.1,2.9,2.9,0.25,37,440.35,1000,1000,27-MAR-2024,
OPTIDX,NIFTY,10-Apr-2024,23850,CE,2.8,4.05,2.8,4.05,0.2,55,655.96,8200,1750,27-MAR-2024,
OPTIDX,NIFTY,10-Apr-2024,23900,CE,3.1,3.1,2.4,2.4,0.15,13,155.36,1550,550,27-MAR-2024,
OPTIDX,NIFTY,10-Apr-2024,23950,CE,2.95,4,2.6,3.25,0.1,44,526.97,8550,550,27-MAR-2024,
OPTIDX,NIFTY,10-Apr-2024,24000,CE,3.5,3.5,2.2,2.3,2.3,216,2592.26,26000,650,27-MAR-2024,
OPTIDX,NIFTY,10-Apr-2024,24050,CE,0,0,0,7.55,0.05,0,0,700,0,27-MAR-2024,
OPTIDX,NIFTY,10-Apr-2024,24100,CE,2.4,3,2.15,3,3,8,96.4,1350,100,27-MAR-2024,
OPTIDX,NIFTY,10-Apr-2024,24150,CE,0,0,0,28.3,0.05,0,0,0,0,27-MAR-2024,
OPTIDX,NIFTY,10-Apr-2024,24200,CE,0,0,0,25.35,0.05,0,0,0,0,27-MAR-2024,
OPTIDX,NIFTY,10-Apr-2024,24250,CE,2.55,4.4,1.8,1.95,1.95,269,3262.02,13200,6450,27-MAR-2024,
OPTIDX,NIFTY,10-Apr-2024,20050,PE,0,0,0,0.65,0.05,0,0,0,0,27-MAR-2024,
OPTIDX,NIFTY,10-Apr-2024,20100,PE,0,0,0,0.75,0.05,0,0,0,0,27-MAR-2024,
OPTIDX,NIFTY,10-Apr-2024,20150,PE,0,0,0,0.95,0.05,0,0,0,0,27-MAR-2024,
OPTIDX,NIFTY,10-Apr-2024,20200,PE,0,0,0,1.1,0.05,0,0,0,0,27-MAR-2024,
OPTIDX,NIFTY,10-Apr-2024,20250,PE,0,0,0,1.35,0.05,0,0,0,0,27-MAR-2024,
OPTIDX,NIFTY,10-Apr-2024,20300,PE,0,0,0,1.6,0.05,0,0,0,0,27-MAR-2024,
OPTIDX,NIFTY,10-Apr-2024,20350,PE,0,0,0,1.95,0.05,0,0,0,0,27-MAR-2024,
OPTIDX,NIFTY,10-Apr-2024,20400,PE,0,0,0,2.3,0.05,0,0,0,0,27-MAR-2024,
OPTIDX,NIFTY,10-Apr-2024,20450,PE,0,0,0,2.75,0.05,0,0,0,0,27-MAR-2024,
OPTIDX,NIFTY,10-Apr-2024,20500,PE,5,5,3.35,3.5,3.5,659,6756.03,26500,15000,27-MAR-2024,
OPTIDX,NIFTY,10-Apr-2024,20550,PE,0,0,0,3.85,0.1,0,0,0,0,27-MAR-2024,
OPTIDX,NIFTY,10-Apr-2024,20600,PE,0,0,0,4.5,0.15,0,0,0,0,27-MAR-2024,
OPTIDX,NIFTY,10-Apr-2024,20650,PE,0,0,0,5.3,0.2,0,0,0,0,27-MAR-2024,
OPTIDX,NIFTY,10-Apr-2024,20700,PE,6.9,8.45,4,4.2,4.2,1880,19463.55,20250,11600,27-MAR-2024,
OPTIDX,NIFTY,10-Apr-2024,20750,PE,0,0,0,7.25,0.4,0,0,0,0,27-MAR-2024,
OPTIDX,NIFTY,10-Apr-2024,20800,PE,5.45,8.65,4.6,4.9,4.9,817,8499.23,21100,7550,27-MAR-2024,
OPTIDX,NIFTY,10-Apr-2024,20850,PE,0,0,0,30.3,0.8,0,0,250,0,27-MAR-2024,
OPTIDX,NIFTY,10-Apr-2024,20900,PE,8.65,8.65,5.9,8.2,1.05,94,982.64,6050,-2000,27-MAR-2024,
OPTIDX,NIFTY,10-Apr-2024,20950,PE,10,11.4,10,11.4,1.45,3,31.44,1150,50,27-MAR-2024,
OPTIDX,NIFTY,10-Apr-2024,21000,PE,10.6,10.65,6.1,6.6,6.6,2771,29106.21,148100,7650,27-MAR-2024,
OPTIDX,NIFTY,10-Apr-2024,21050,PE,10,14,7,7.45,7.45,161,1695.19,5600,4750,27-MAR-2024,
OPTIDX,NIFTY,10-Apr-2024,21100,PE,11.6,12.9,7.3,7.95,7.95,1401,14786.94,54450,14000,27-MAR-2024,
OPTIDX,NIFTY,10-Apr-2024,21150,PE,13.2,18.3,8.1,9.2,9.2,183,1936.18,6500,2750,27-MAR-2024,
OPTIDX,NIFTY,10-Apr-2024,21200,PE,17,18.05,9.75,10.1,10.1,3617,38361.16,98450,39050,27-MAR-2024,
OPTIDX,NIFTY,10-Apr-2024,21250,PE,19.6,20.6,10.4,12.2,12.2,477,5071.37,7350,4600,27-MAR-2024,
OPTIDX,NIFTY,10-Apr-2024,21300,PE,21,21,13.2,14.15,14.15,3465,36930.17,91050,28800,27-MAR-2024,
OPTIDX,NIFTY,10-Apr-2024,21350,PE,18.15,19.25,15.35,16.5,16.5,152,1623.9,6550,1600,27-MAR-2024,
OPTIDX,NIFTY,10-Apr-2024,21400,PE,23.85,29.35,18,19.4,19.4,3578,38322.97,84700,8850,27-MAR-2024,
OPTIDX,NIFTY,10-Apr-2024,21450,PE,29.05,29.05,20.45,21.25,21.25,383,4112.36,11600,5650,27-MAR-2024,
OPTIDX,NIFTY,10-Apr-2024,21500,PE,38.05,38.05,24.2,26.25,26.25,8045,86599.61,147600,45650,27-MAR-2024,
OPTIDX,NIFTY,10-Apr-2024,21550,PE,40.5,42.6,27.95,30.5,30.5,795,8578.7,16900,7650,27-MAR-2024,
OPTIDX,NIFTY,10-Apr-2024,21600,PE,48,50.8,30.65,34.9,34.9,5098,55151.22,78550,29350,27-MAR-2024,
OPTIDX,NIFTY,10-Apr-2024,21650,PE,54.65,58,37.1,39.65,39.65,521,5650.76,11000,4200,27-MAR-2024,
OPTIDX,NIFTY,10-Apr-2024,21700,PE,64,65.9,42.5,45.2,45.2,4082,44388.23,84500,37900,27-MAR-2024,
OPTIDX,NIFTY,10-Apr-2024,21750,PE,75,75.05,50,52.25,52.25,665,7250.26,14950,5650,27-MAR-2024,
OPTIDX,NIFTY,10-Apr-2024,21800,PE,84.95,86.65,58,60.6,60.6,5728,62622.56,171050,60350,27-MAR-2024,
OPTIDX,NIFTY,10-Apr-2024,21850,PE,97.35,97.35,66.35,70.75,70.75,664,7278.81,26450,7850,27-MAR-2024,
OPTIDX,NIFTY,10-Apr-2024,21900,PE,104.25,112,76,79.6,79.6,4077,44815.4,91350,30700,27-MAR-2024,
OPTIDX,NIFTY,10-Apr-2024,21950,PE,117,126.85,87.8,92.95,92.95,1398,15409.66,28250,13700,27-MAR-2024,
OPTIDX,NIFTY,10-Apr-2024,22000,PE,132.2,140.5,99.35,104.8,104.8,10910,120602.48,227650,48950,27-MAR-2024,
OPTIDX,NIFTY,10-Apr-2024,22050,PE,146.35,162.9,108.95,117.45,117.45,1534,17008.38,46600,29250,27-MAR-2024,
OPTIDX,NIFTY,10-Apr-2024,22100,PE,157.9,175.1,126.5,133.7,133.7,8034,89332.34,182300,87550,27-MAR-2024,
OPTIDX,NIFTY,10-Apr-2024,22150,PE,195.65,195.65,142,148.95,148.95,2112,23551.6,36100,31400,27-MAR-2024,
OPTIDX,NIFTY,10-Apr-2024,22200,PE,209.75,219.25,158,167,167,9394,105073.59,205200,111700,27-MAR-2024,
OPTIDX,NIFTY,10-Apr-2024,22250,PE,242.75,242.75,176.25,187.5,187.5,1860,20867.23,60250,52250,27-MAR-2024,
OPTIDX,NIFTY,10-Apr-2024,22300,PE,269.05,269.05,197.7,208.35,208.35,3811,42895.84,84200,57550,27-MAR-2024,
OPTIDX,NIFTY,10-Apr-2024,22350,PE,297.3,297.3,220.75,231.65,231.65,210,2371.78,12100,2600,27-MAR-2024,
OPTIDX,NIFTY,10-Apr-2024,22400,PE,319,321.3,246,259.55,259.55,2243,25415.98,42800,25100,27-MAR-2024,
OPTIDX,NIFTY,10-Apr-2024,22450,PE,295.15,297.4,275.25,286.05,286.05,63,716.18,8850,1050,27-MAR-2024,
OPTIDX,NIFTY,10-Apr-2024,22500,PE,360,390,301.2,320.55,320.55,1417,16170.64,27700,14650,27-MAR-2024,
OPTIDX,NIFTY,10-Apr-2024,22550,PE,361.95,361.95,349,349,445.55,5,57.26,10400,100,27-MAR-2024,
OPTIDX,NIFTY,10-Apr-2024,22600,PE,428,428,366.2,385.3,385.3,378,4343.74,9250,1650,27-MAR-2024,
OPTIDX,NIFTY,10-Apr-2024,22650,PE,0,0,0,391.8,523.95,0,0,0,0,27-MAR-2024,
OPTIDX,NIFTY,10-Apr-2024,22700,PE,510.45,510.45,440,471.35,471.35,43,498.27,4450,-400,27-MAR-2024,
OPTIDX,NIFTY,10-Apr-2024,22750,PE,0,0,0,445.05,607.35,0,0,0,0,27-MAR-2024,
OPTIDX,NIFTY,10-Apr-2024,22800,PE,580,580,519.45,547.85,547.85,53,618.56,1750,1700,27-MAR-2024,
OPTIDX,NIFTY,10-Apr-2024,22850,PE,0,0,0,502.25,694.85,0,0,0,0,27-MAR-2024,
OPTIDX,NIFTY,10-Apr-2024,22900,PE,0,0,0,532.35,739.9,0,0,0,0,27-MAR-2024,
OPTIDX,NIFTY,10-Apr-2024,22950,PE,0,0,0,563.45,785.65,0,0,0,0,27-MAR-2024,
OPTIDX,NIFTY,10-Apr-2024,23000,PE,780,787.5,692.4,705,832.1,81,960.16,2350,-1150,27-MAR-2024,
OPTIDX,NIFTY,10-Apr-2024,23050,PE,0,0,0,628.4,879.05,0,0,0,0,27-MAR-2024,
OPTIDX,NIFTY,10-Apr-2024,23100,PE,0,0,0,662.3,926.55,0,0,0,0,27-MAR-2024,
OPTIDX,NIFTY,10-Apr-2024,23150,PE,0,0,0,697.05,974.45,0,0,0,0,27-MAR-2024,
OPTIDX,NIFTY,10-Apr-2024,23200,PE,0,0,0,732.65,1022.7,0,0,0,0,27-MAR-2024,
OPTIDX,NIFTY,10-Apr-2024,23250,PE,0,0,0,769.1,1071.25,0,0,0,0,27-MAR-2024,
OPTIDX,NIFTY,10-Apr-2024,23300,PE,0,0,0,807.4,1120.05,0,0,0,0,27-MAR-2024,
OPTIDX,NIFTY,10-Apr-2024,23350,PE,0,0,0,844.55,1169.05,0,0,0,0,27-MAR-2024,
OPTIDX,NIFTY,10-Apr-2024,23400,PE,0,0,0,883.35,1218.25,0,0,0,0,27-MAR-2024,
OPTIDX,NIFTY,10-Apr-2024,23450,PE,0,0,0,922.85,1267.55,0,0,0,0,27-MAR-2024,
OPTIDX,NIFTY,10-Apr-2024,23500,PE,0,0,0,1171.15,1317,0,0,400,0,27-MAR-2024,
OPTIDX,NIFTY,10-Apr-2024,23550,PE,0,0,0,1003.9,1366.55,0,0,0,0,27-MAR-2024,
OPTIDX,NIFTY,10-Apr-2024,23600,PE,0,0,0,1045.4,1416.15,0,0,0,0,27-MAR-2024,
OPTIDX,NIFTY,10-Apr-2024,23650,PE,0,0,0,1087.45,1465.8,0,0,0,0,27-MAR-2024,
OPTIDX,NIFTY,10-Apr-2024,23700,PE,0,0,0,1130.1,1515.55,0,0,0,0,27-MAR-2024,
OPTIDX,NIFTY,10-Apr-2024,23750,PE,0,0,0,1173.25,1565.3,0,0,0,0,27-MAR-2024,
OPTIDX,NIFTY,10-Apr-2024,23800,PE,0,0,0,1216.95,1615.05,0,0,0,0,27-MAR-2024,
OPTIDX,NIFTY,10-Apr-2024,23850,PE,0,0,0,1261.1,1664.85,0,0,0,0,27-MAR-2024,
OPTIDX,NIFTY,10-Apr-2024,23900,PE,0,0,0,1305.7,1714.7,0,0,0,0,27-MAR-2024,
OPTIDX,NIFTY,10-Apr-2024,23950,PE,0,0,0,1350.7,1764.5,0,0,0,0,27-MAR-2024,
OPTIDX,NIFTY,10-Apr-2024,24000,PE,0,0,0,1396.1,1814.35,0,0,0,0,27-MAR-2024,
OPTIDX,NIFTY,10-Apr-2024,24050,PE,0,0,0,1441.9,1864.2,0,0,0,0,27-MAR-2024,
OPTIDX,NIFTY,10-Apr-2024,24100,PE,0,0,0,1488,1914.05,0,0,0,0,27-MAR-2024,
OPTIDX,NIFTY,10-Apr-2024,24150,PE,0,0,0,1534.45,1963.95,0,0,0,0,27-MAR-2024,
OPTIDX,NIFTY,10-Apr-2024,24200,PE,0,0,0,1581.2,2013.8,0,0,0,0,27-MAR-2024,
OPTIDX,NIFTY,10-Apr-2024,24250,PE,0,0,0,1628.2,2063.65,0,0,0,0,27-MAR-2024,
OPTIDX,NIFTY,18-Apr-2024,20050,CE,0,0,0,2240.05,2155.1,0,0,0,0,27-MAR-2024,
OPTIDX,NIFTY,18-Apr-2024,20100,CE,0,0,0,2190.95,2105.35,0,0,0,0,27-MAR-2024,
OPTIDX,NIFTY,18-Apr-2024,20150,CE,0,0,0,2141.95,2055.55,0,0,0,0,27-MAR-2024,
OPTIDX,NIFTY,18-Apr-2024,20200,CE,0,0,0,2093.05,2005.8,0,0,0,0,27-MAR-2024,
OPTIDX,NIFTY,18-Apr-2024,20250,CE,0,0,0,2044.25,1956.05,0,0,0,0,27-MAR-2024,
OPTIDX,NIFTY,18-Apr-2024,20300,CE,0,0,0,1995.55,1906.3,0,0,0,0,27-MAR-2024,
OPTIDX,NIFTY,18-Apr-2024,20350,CE,0,0,0,1947,1856.6,0,0,0,0,27-MAR-2024,
OPTIDX,NIFTY,18-Apr-2024,20400,CE,0,0,0,1898.6,1806.9,0,0,0,0,27-MAR-2024,
OPTIDX,NIFTY,18-Apr-2024,20450,CE,0,0,0,1850.35,1757.25,0,0,0,0,27-MAR-2024,
OPTIDX,NIFTY,18-Apr-2024,20500,CE,0,0,0,1802.3,1707.6,0,0,0,0,27-MAR-2024,
OPTIDX,NIFTY,18-Apr-2024,20550,CE,0,0,0,1754.4,1658.05,0,0,0,0,27-MAR-2024,
OPTIDX,NIFTY,18-Apr-2024,20600,CE,0,0,0,1706.8,1608.5,0,0,0,0,27-MAR-2024,
OPTIDX,NIFTY,18-Apr-2024,20650,CE,0,0,0,1659.4,1559.05,0,0,0,0,27-MAR-2024,
OPTIDX,NIFTY,18-Apr-2024,20700,CE,0,0,0,1612.25,1509.7,0,0,0,0,27-MAR-2024,
OPTIDX,NIFTY,18-Apr-2024,20750,CE,0,0,0,1565.4,1460.45,0,0,0,0,27-MAR-2024,
OPTIDX,NIFTY,18-Apr-2024,20800,CE,0,0,0,1518.85,1411.3,0,0,0,0,27-MAR-2024,
OPTIDX,NIFTY,18-Apr-2024,20850,CE,0,0,0,1472.65,1362.3,0,0,0,0,27-MAR-2024,
OPTIDX,NIFTY,18-Apr-2024,20900,CE,0,0,0,1426.8,1313.5,0,0,0,0,27-MAR-2024,
OPTIDX,NIFTY,18-Apr-2024,20950,CE,0,0,0,1381.35,1264.9,0,0,0,0,27-MAR-2024,
OPTIDX,NIFTY,18-Apr-2024,21000,CE,0,0,0,1336.35,1216.5,0,0,0,0,27-MAR-2024,
OPTIDX,NIFTY,18-Apr-2024,21050,CE,0,0,0,1291.75,1168.45,0,0,0,0,27-MAR-2024,
OPTIDX,NIFTY,18-Apr-2024,21100,CE,0,0,0,1247.65,1120.65,0,0,0,0,27-MAR-2024,
OPTIDX,NIFTY,18-Apr-2024,21150,CE,0,0,0,1204,1073.3,0,0,0,0,27-MAR-2024,
OPTIDX,NIFTY,18-Apr-2024,21200,CE,0,0,0,1160.95,1026.3,0,0,0,0,27-MAR-2024,
OPTIDX,NIFTY,18-Apr-2024,21250,CE,0,0,0,1118.45,979.8,0,0,0,0,27-MAR-2024,
OPTIDX,NIFTY,18-Apr-2024,21300,CE,0,0,0,1076.5,933.85,0,0,0,0,27-MAR-2024,
OPTIDX,NIFTY,18-Apr-2024,21350,CE,0,0,0,1035.2,888.5,0,0,0,0,27-MAR-2024,
OPTIDX,NIFTY,18-Apr-2024,21400,CE,0,0,0,994.6,843.8,0,0,0,0,27-MAR-2024,
OPTIDX,NIFTY,18-Apr-2024,21450,CE,0,0,0,954.65,799.8,0,0,0,0,27-MAR-2024,
OPTIDX,NIFTY,18-Apr-2024,21500,CE,0,0,0,718.5,756.6,0,0,150,0,27-MAR-2024,
OPTIDX,NIFTY,18-Apr-2024,21550,CE,0,0,0,876.9,714.3,0,0,0,0,27-MAR-2024,
OPTIDX,NIFTY,18-Apr-2024,21600,CE,0,0,0,839.15,672.9,0,0,0,0,27-MAR-2024,
OPTIDX,NIFTY,18-Apr-2024,21650,CE,0,0,0,803,632.55,0,0,0,0,27-MAR-2024,
OPTIDX,NIFTY,18-Apr-2024,21700,CE,0,0,0,524.15,593.2,0,0,0,0,27-MAR-2024,
OPTIDX,NIFTY,18-Apr-2024,21750,CE,0,0,0,730.7,555.05,0,0,0,0,27-MAR-2024,
OPTIDX,NIFTY,18-Apr-2024,21800,CE,540,540,540,540,518.1,1,11.17,100,50,27-MAR-2024,
OPTIDX,NIFTY,18-Apr-2024,21850,CE,0,0,0,429,482.4,0,0,50,0,27-MAR-2024,
OPTIDX,NIFTY,18-Apr-2024,21900,CE,474.65,552.25,473.55,534.6,534.6,15,168.2,2400,-200,27-MAR-2024,
OPTIDX,NIFTY,18-Apr-2024,21950,CE,0,0,0,441,414.95,0,0,1250,0,27-MAR-2024,
OPTIDX,NIFTY,18-Apr-2024,22000,CE,409.15,492,407.3,460.5,460.5,899,10100.87,50600,850,27-MAR-2024,
OPTIDX,NIFTY,18-Apr-2024,22050,CE,382,455,364.2,419.85,419.85,106,1190.94,6050,1550,27-MAR-2024,
OPTIDX,NIFTY,18-Apr-2024,22100,CE,345,421.85,345,382.85,382.85,213,2395.94,10100,1500,27-MAR-2024,
OPTIDX,NIFTY,18-Apr-2024,22150,CE,380,380,350.8,368.75,368.75,12,135.13,500,500,27-MAR-2024,
OPTIDX,NIFTY,18-Apr-2024,22200,CE,291,357,291,321.5,321.5,703,7919.57,19450,9350,27-MAR-2024,
OPTIDX,NIFTY,18-Apr-2024,22250,CE,246.65,322.1,246.65,301.55,301.55,63,710.42,2900,1600,27-MAR-2024,
OPTIDX,NIFTY,18-Apr-2024,22300,CE,251,294.8,251,268.35,268.35,375,4233.71,13200,9050,27-MAR-2024,
OPTIDX,NIFTY,18-Apr-2024,22350,CE,0,0,0,379.8,203,0,0,0,0,27-MAR-2024,
OPTIDX,NIFTY,18-Apr-2024,22400,CE,193.35,241.65,185.35,213.1,213.1,106,1198.61,6100,950,27-MAR-2024,
OPTIDX,NIFTY,18-Apr-2024,22450,CE,0,0,0,334.8,164.7,0,0,0,0,27-MAR-2024,
OPTIDX,NIFTY,18-Apr-2024,22500,CE,159,194.55,145,166.55,166.55,660,7482.39,16650,3300,27-MAR-2024,
OPTIDX,NIFTY,18-Apr-2024,22550,CE,0,0,0,185.2,131.9,0,0,1300,0,27-MAR-2024,
OPTIDX,NIFTY,18-Apr-2024,22600,CE,120.05,151.4,120,132.55,132.55,74,841.26,11100,1200,27-MAR-2024,
OPTIDX,NIFTY,18-Apr-2024,22650,CE,0,0,0,256.2,104.25,0,0,0,0,27-MAR-2024,
OPTIDX,NIFTY,18-Apr-2024,22700,CE,105.85,110.5,90,91.45,91.45,84,957.72,2950,700,27-MAR-2024,
OPTIDX,NIFTY,18-Apr-2024,22750,CE,0,0,0,120,81.25,0,0,100,0,27-MAR-2024,
OPTIDX,NIFTY,18-Apr-2024,22800,CE,66,84,65.05,70.1,70.1,125,1429.79,6250,2600,27-MAR-2024,
OPTIDX,NIFTY,18-Apr-2024,22850,CE,66,72.45,56.8,63.35,63.35,7,80.2,250,-50,27-MAR-2024,
OPTIDX,NIFTY,18-Apr-2024,22900,CE,41.75,62.1,41,62.1,54.5,9,103.26,400,250,27-MAR-2024,
OPTIDX,NIFTY,18-Apr-2024,22950,CE,0,0,0,70,47.35,0,0,150,0,27-MAR-2024,
OPTIDX,NIFTY,18-Apr-2024,23000,CE,33.1,49.2,30.05,37.2,37.2,669,7706.82,17850,850,27-MAR-2024,
OPTIDX,NIFTY,18-Apr-2024,23050,CE,35.35,35.35,35.35,35.35,35.35,2,23.08,450,100,27-MAR-2024,
OPTIDX,NIFTY,18-Apr-2024,23100,CE,24.7,26.7,24,24.3,24.3,20,231.24,2050,450,27-MAR-2024,
OPTIDX,NIFTY,18-Apr-2024,23150,CE,0,0,0,119.75,26.1,0,0,0,0,27-MAR-2024,
OPTIDX,NIFTY,18-Apr-2024,23200,CE,20,20,18,20,22.25,14,162.53,5450,400,27-MAR-2024,
OPTIDX,NIFTY,18-Apr-2024,23250,CE,0,0,0,101.15,18.95,0,0,0,0,27-MAR-2024,
OPTIDX,NIFTY,18-Apr-2024,23300,CE,28.4,30,15,16.5,16.05,42,489.73,1400,1100,27-MAR-2024,
OPTIDX,NIFTY,18-Apr-2024,23350,CE,0,0,0,20.2,13.55,0,0,350,0,27-MAR-2024,
OPTIDX,NIFTY,18-Apr-2024,23400,CE,12,12.5,12,12.5,11.4,22,257.53,1350,750,27-MAR-2024,
OPTIDX,NIFTY,18-Apr-2024,23450,CE,0,0,0,17.2,9.55,0,0,100,0,27-MAR-2024,
OPTIDX,NIFTY,18-Apr-2024,23500,CE,10,10,7,9.6,9.6,37,434.9,4000,-350,27-MAR-2024,
OPTIDX,NIFTY,18-Apr-2024,23550,CE,0,0,0,9.4,6.65,0,0,1150,0,27-MAR-2024,
OPTIDX,NIFTY,18-Apr-2024,23600,CE,11.2,11.2,4,7,5.5,11,129.84,450,150,27-MAR-2024,
OPTIDX,NIFTY,18-Apr-2024,23650,CE,11.05,11.05,7.55,8.45,4.55,9,106.46,1050,200,27-MAR-2024,
OPTIDX,NIFTY,18-Apr-2024,23700,CE,0,0,0,4.2,3.75,0,0,500,0,27-MAR-2024,
OPTIDX,NIFTY,18-Apr-2024,23750,CE,0,0,0,40,3.05,0,0,0,0,27-MAR-2024,
OPTIDX,NIFTY,18-Apr-2024,23800,CE,0,0,0,8.15,2.5,0,0,200,0,27-MAR-2024,
OPTIDX,NIFTY,18-Apr-2024,23850,CE,0,0,0,32.7,2.05,0,0,0,0,27-MAR-2024,
OPTIDX,NIFTY,18-Apr-2024,23900,CE,6.2,7.85,3.6,4.95,4.95,129,1541.89,11300,700,27-MAR-2024,
OPTIDX,NIFTY,18-Apr-2024,20050,PE,0,0,0,3.15,0.05,0,0,0,0,27-MAR-2024,
OPTIDX,NIFTY,18-Apr-2024,20100,PE,0,0,0,3.75,0.05,0,0,0,0,27-MAR-2024,
OPTIDX,NIFTY,18-Apr-2024,20150,PE,0,0,0,4.35,0.1,0,0,0,0,27-MAR-2024,
OPTIDX,NIFTY,18-Apr-2024,20200,PE,0,0,0,15.9,0.15,0,0,50,0,27-MAR-2024,
OPTIDX,NIFTY,18-Apr-2024,20250,PE,0,0,0,5.95,0.2,0,0,0,0,27-MAR-2024,
OPTIDX,NIFTY,18-Apr-2024,20300,PE,0,0,0,6.9,0.25,0,0,0,0,27-MAR-2024,
OPTIDX,NIFTY,18-Apr-2024,20350,PE,0,0,0,8,0.3,0,0,0,0,27-MAR-2024,
OPTIDX,NIFTY,18-Apr-2024,20400,PE,0,0,0,9.25,0.4,0,0,0,0,27-MAR-2024,
OPTIDX,NIFTY,18-Apr-2024,20450,PE,0,0,0,10.65,0.55,0,0,0,0,27-MAR-2024,
OPTIDX,NIFTY,18-Apr-2024,20500,PE,0,0,0,12.25,0.7,0,0,0,0,27-MAR-2024,
OPTIDX,NIFTY,18-Apr-2024,20550,PE,0,0,0,14.05,0.95,0,0,0,0,27-MAR-2024,
OPTIDX,NIFTY,18-Apr-2024,20600,PE,0,0,0,16.05,1.2,0,0,0,0,27-MAR-2024,
OPTIDX,NIFTY,18-Apr-2024,20650,PE,0,0,0,18.3,1.55,0,0,0,0,27-MAR-2024,
OPTIDX,NIFTY,18-Apr-2024,20700,PE,0,0,0,20.8,2,0,0,0,0,27-MAR-2024,
OPTIDX,NIFTY,18-Apr-2024,20750,PE,0,0,0,23.6,2.55,0,0,0,0,27-MAR-2024,
OPTIDX,NIFTY,18-Apr-2024,20800,PE,0,0,0,26.75,3.2,0,0,0,0,27-MAR-2024,
OPTIDX,NIFTY,18-Apr-2024,20850,PE,0,0,0,30.2,4,0,0,0,0,27-MAR-2024,
OPTIDX,NIFTY,18-Apr-2024,20900,PE,0,0,0,24.1,5,0,0,50,0,27-MAR-2024,
OPTIDX,NIFTY,18-Apr-2024,20950,PE,0,0,0,31.2,6.15,0,0,100,0,27-MAR-2024,
OPTIDX,NIFTY,18-Apr-2024,21000,PE,20.4,20.4,14.25,15.5,15.5,327,3436.29,19400,450,27-MAR-2024,
OPTIDX,NIFTY,18-Apr-2024,21050,PE,0,0,0,41.85,9.3,0,0,50,0,27-MAR-2024,
OPTIDX,NIFTY,18-Apr-2024,21100,PE,18.7,22,18.7,19.6,19.6,37,390.71,1400,1300,27-MAR-2024,
OPTIDX,NIFTY,18-Apr-2024,21150,PE,23.85,23.85,21.45,21.45,13.75,2,21.17,100,50,27-MAR-2024,
OPTIDX,NIFTY,18-Apr-2024,21200,PE,25,27,22.75,23.35,23.35,55,583.66,2400,2300,27-MAR-2024,
OPTIDX,NIFTY,18-Apr-2024,21250,PE,0,0,0,73.15,19.9,0,0,0,0,27-MAR-2024,
OPTIDX,NIFTY,18-Apr-2024,21300,PE,30,32.9,29,30.95,30.95,11,117.31,2150,-350,27-MAR-2024,
OPTIDX,NIFTY,18-Apr-2024,21350,PE,43.45,43.45,32.95,32.95,32.95,3,32.08,100,100,27-MAR-2024,
OPTIDX,NIFTY,18-Apr-2024,21400,PE,43.5,43.5,35.15,37.7,37.7,19,203.66,1200,-50,27-MAR-2024,
OPTIDX,NIFTY,18-Apr-2024,21450,PE,0,0,0,107.95,39.05,0,0,0,0,27-MAR-2024,
OPTIDX,NIFTY,18-Apr-2024,21500,PE,56.6,57.3,44.6,46.7,46.7,262,2822.96,10200,1050,27-MAR-2024,
OPTIDX,NIFTY,18-Apr-2024,21550,PE,0,0,0,129.5,53.15,0,0,0,0,27-MAR-2024,
OPTIDX,NIFTY,18-Apr-2024,21600,PE,75,75.5,55.1,59.7,59.7,122,1321.36,3450,1600,27-MAR-2024,
OPTIDX,NIFTY,18-Apr-2024,21650,PE,0,0,0,154.9,71,0,0,0,0,27-MAR-2024,
OPTIDX,NIFTY,18-Apr-2024,21700,PE,94.75,94.75,69.65,75,75,120,1306.57,4350,3200,27-MAR-2024,
OPTIDX,NIFTY,18-Apr-2024,21750,PE,0,0,0,106.35,93.1,0,0,250,0,27-MAR-2024,
OPTIDX,NIFTY,18-Apr-2024,21800,PE,113,116,90,95.85,95.85,163,1784.48,6850,1850,27-MAR-2024,
OPTIDX,NIFTY,18-Apr-2024,21850,PE,112,112,97,103.7,103.7,11,120.74,350,-300,27-MAR-2024,
OPTIDX,NIFTY,18-Apr-2024,21900,PE,140.95,141,110.05,114.9,114.9,368,4051.18,6700,3100,27-MAR-2024,
OPTIDX,NIFTY,18-Apr-2024,21950,PE,165.35,165.35,121.95,132.6,132.6,18,198.73,3950,-50,27-MAR-2024,
OPTIDX,NIFTY,18-Apr-2024,22000,PE,170,171,134.85,143.75,143.75,1301,14404.24,66500,10550,27-MAR-2024,
OPTIDX,NIFTY,18-Apr-2024,22050,PE,179,199.45,151.55,162.5,162.5,60,666.43,3850,-50,27-MAR-2024,
OPTIDX,NIFTY,18-Apr-2024,22100,PE,206.25,209.3,165.35,171.25,171.25,482,5368.81,11800,5700,27-MAR-2024,
OPTIDX,NIFTY,18-Apr-2024,22150,PE,198.3,200,184.45,190.75,190.75,100,1116.89,2750,1600,27-MAR-2024,
OPTIDX,NIFTY,18-Apr-2024,22200,PE,245.35,245.35,200.1,210.45,210.45,775,8683.54,22550,16150,27-MAR-2024,
OPTIDX,NIFTY,18-Apr-2024,22250,PE,232.1,232.1,221.9,225.65,225.65,4,44.95,150,150,27-MAR-2024,
OPTIDX,NIFTY,18-Apr-2024,22300,PE,293.8,293.8,239.6,252.25,252.25,470,5299.68,8100,1750,27-MAR-2024,
OPTIDX,NIFTY,18-Apr-2024,22350,PE,0,0,0,426.8,338.65,0,0,0,0,27-MAR-2024,
OPTIDX,NIFTY,18-Apr-2024,22400,PE,335.4,335.4,292.4,310,310,18,204.42,3400,450,27-MAR-2024,
OPTIDX,NIFTY,18-Apr-2024,22450,PE,0,0,0,481.15,399.9,0,0,0,0,27-MAR-2024,
OPTIDX,NIFTY,18-Apr-2024,22500,PE,360.1,368.55,339.15,357.05,357.05,130,1485.54,2850,-4900,27-MAR-2024,
OPTIDX,NIFTY,18-Apr-2024,22550,PE,0,0,0,539.3,466.7,0,0,0,0,27-MAR-2024,
OPTIDX,NIFTY,18-Apr-2024,22600,PE,0,0,0,569.75,502.05,0,0,0,0,27-MAR-2024,
OPTIDX,NIFTY,18-Apr-2024,22650,PE,0,0,0,601.15,538.65,0,0,0,0,27-MAR-2024,
OPTIDX,NIFTY,18-Apr-2024,22700,PE,511,511.05,511,511.05,576.4,13,150.87,650,650,27-MAR-2024,
OPTIDX,NIFTY,18-Apr-2024,22750,PE,0,0,0,666.6,615.25,0,0,0,0,27-MAR-2024,
OPTIDX,NIFTY,18-Apr-2024,22800,PE,0,0,0,700.65,655.15,0,0,0,0,27-MAR-2024,
OPTIDX,NIFTY,18-Apr-2024,22850,PE,0,0,0,735.5,696.05,0,0,0,0,27-MAR-2024,
OPTIDX,NIFTY,18-Apr-2024,22900,PE,0,0,0,655.5,737.85,0,0,100,0,27-MAR-2024,
OPTIDX,NIFTY,18-Apr-2024,22950,PE,0,0,0,807.65,780.55,0,0,0,0,27-MAR-2024,
OPTIDX,NIFTY,18-Apr-2024,23000,PE,0,0,0,845.95,824,0,0,0,0,27-MAR-2024,
OPTIDX,NIFTY,18-Apr-2024,23050,PE,0,0,0,883.1,868.15,0,0,0,0,27-MAR-2024,
OPTIDX,NIFTY,18-Apr-2024,23100,PE,0,0,0,921.8,913,0,0,0,0,27-MAR-2024,
OPTIDX,NIFTY,18-Apr-2024,23150,PE,0,0,0,961.2,958.45,0,0,0,0,27-MAR-2024,
OPTIDX,NIFTY,18-Apr-2024,23200,PE,0,0,0,1001.2,1004.4,0,0,0,0,27-MAR-2024,
OPTIDX,NIFTY,18-Apr-2024,23250,PE,0,0,0,1041.9,1050.9,0,0,0,0,27-MAR-2024,
OPTIDX,NIFTY,18-Apr-2024,23300,PE,0,0,0,1083.2,1097.8,0,0,0,0,27-MAR-2024,
OPTIDX,NIFTY,18-Apr-2024,23350,PE,0,0,0,1125.05,1145.1,0,0,0,0,27-MAR-2024,
OPTIDX,NIFTY,18-Apr-2024,23400,PE,0,0,0,1167.4,1192.75,0,0,0,0,27-MAR-2024,
OPTIDX,NIFTY,18-Apr-2024,23450,PE,0,0,0,1210.35,1240.7,0,0,0,0,27-MAR-2024,
OPTIDX,NIFTY,18-Apr-2024,23500,PE,0,0,0,1253.75,1288.9,0,0,0,0,27-MAR-2024,
OPTIDX,NIFTY,18-Apr-2024,23550,PE,0,0,0,1297.6,1337.35,0,0,0,0,27-MAR-2024,
OPTIDX,NIFTY,18-Apr-2024,23600,PE,0,0,0,1341.95,1386.05,0,0,0,0,27-MAR-2024,
OPTIDX,NIFTY,18-Apr-2024,23650,PE,0,0,0,1386.65,1434.85,0,0,0,0,27-MAR-2024,
OPTIDX,NIFTY,18-Apr-2024,23700,PE,0,0,0,1431.75,1483.85,0,0,0,0,27-MAR-2024,
OPTIDX,NIFTY,18-Apr-2024,23750,PE,0,0,0,1477.25,1533,0,0,0,0,27-MAR-2024,
OPTIDX,NIFTY,18-Apr-2024,23800,PE,0,0,0,1523.05,1582.2,0,0,0,0,27-MAR-2024,
OPTIDX,NIFTY,18-Apr-2024,23850,PE,0,0,0,1569.2,1631.55,0,0,0,0,27-MAR-2024,
OPTIDX,NIFTY,18-Apr-2024,23900,PE,0,0,0,1615.65,1680.95,0,0,0,0,27-MAR-2024,
OPTIDX,NIFTY,25-Apr-2024,19600,CE,2586.3,2765,2586.3,2723.45,2723.45,1108,12375.59,121150,52600,27-MAR-2024,
OPTIDX,NIFTY,25-Apr-2024,19650,CE,0,0,0,2605,2578.8,0,0,150,0,27-MAR-2024,
OPTIDX,NIFTY,25-Apr-2024,19700,CE,2600,2645,2573.35,2573.35,2529.05,10,111.59,2700,500,27-MAR-2024,
OPTIDX,NIFTY,25-Apr-2024,19750,CE,0,0,0,2499.55,2479.35,0,0,50,0,27-MAR-2024,
OPTIDX,NIFTY,25-Apr-2024,19800,CE,2530,2545.45,2525,2542,2429.6,12,134.01,5300,600,27-MAR-2024,
OPTIDX,NIFTY,25-Apr-2024,19850,CE,0,0,0,2409.85,2379.9,0,0,2000,0,27-MAR-2024,
OPTIDX,NIFTY,25-Apr-2024,19900,CE,2422,2435,2394.2,2425.2,2330.2,15,167.4,4000,750,27-MAR-2024,
OPTIDX,NIFTY,25-Apr-2024,19950,CE,0,0,0,2298.75,2280.5,0,0,50,0,27-MAR-2024,
OPTIDX,NIFTY,25-Apr-2024,20000,CE,2268,2381.9,2257.7,2340.95,2340.95,7778,86926.7,1771050,307700,27-MAR-2024,
OPTIDX,NIFTY,25-Apr-2024,20050,CE,0,0,0,2520,2181.15,0,0,50,0,27-MAR-2024,
OPTIDX,NIFTY,25-Apr-2024,20100,CE,2199,2271,2199,2250,2131.5,28,312.73,2800,1200,27-MAR-2024,
OPTIDX,NIFTY,25-Apr-2024,20150,CE,0,0,0,2200,2081.85,0,0,250,0,27-MAR-2024,
OPTIDX,NIFTY,25-Apr-2024,20200,CE,2110,2160,2110,2144,2032.25,33,368.6,3300,1550,27-MAR-2024,
OPTIDX,NIFTY,25-Apr-2024,20250,CE,0,0,0,1591.85,1982.65,0,0,0,0,27-MAR-2024,
OPTIDX,NIFTY,25-Apr-2024,20300,CE,2025,2075,2020,2020,2020,47,525.18,2700,1500,27-MAR-2024,
OPTIDX,NIFTY,25-Apr-2024,20350,CE,0,0,0,1511.75,1883.6,0,0,0,0,27-MAR-2024,
OPTIDX,NIFTY,25-Apr-2024,20400,CE,1950.95,1965,1905,1905,1905,24,268.11,2500,1150,27-MAR-2024,
OPTIDX,NIFTY,25-Apr-2024,20450,CE,0,0,0,1884.45,1784.8,0,0,100,0,27-MAR-2024,
OPTIDX,NIFTY,25-Apr-2024,20500,CE,1770,1884.05,1770,1847.1,1847.1,965,10787.12,298650,28450,27-MAR-2024,
OPTIDX,NIFTY,25-Apr-2024,20550,CE,0,0,0,1357.05,1686.25,0,0,0,0,27-MAR-2024,
OPTIDX,NIFTY,25-Apr-2024,20600,CE,1760,1765,1730,1757.4,1637.1,51,569.91,6100,2450,27-MAR-2024,
OPTIDX,NIFTY,25-Apr-2024,20650,CE,0,0,0,1625,1588.1,0,0,250,0,27-MAR-2024,
OPTIDX,NIFTY,25-Apr-2024,20700,CE,1600,1675,1600,1655,1539.25,60,670.79,17500,1200,27-MAR-2024,
OPTIDX,NIFTY,25-Apr-2024,20750,CE,0,0,0,1580.7,1490.55,0,0,300,0,27-MAR-2024,
OPTIDX,NIFTY,25-Apr-2024,20800,CE,1500,1570.25,1500,1565,1442.05,29,324.12,4650,900,27-MAR-2024,
OPTIDX,NIFTY,25-Apr-2024,20850,CE,0,0,0,1139.95,1393.75,0,0,0,0,27-MAR-2024,
OPTIDX,NIFTY,25-Apr-2024,20900,CE,1453.4,1470,1428,1428,1428,34,380,7900,1700,27-MAR-2024,
OPTIDX,NIFTY,25-Apr-2024,20950,CE,0,0,0,1072.05,1297.95,0,0,0,0,27-MAR-2024,
OPTIDX,NIFTY,25-Apr-2024,21000,CE,1280.75,1404,1280.75,1363.8,1363.8,4581,51243.08,735350,137300,27-MAR-2024,
OPTIDX,NIFTY,25-Apr-2024,21050,CE,1300.5,1300.5,1300.5,1300.5,1300.5,1,11.17,600,50,27-MAR-2024,
OPTIDX,NIFTY,25-Apr-2024,21100,CE,1300,1311,1243.1,1267.85,1267.85,12,134.32,3600,150,27-MAR-2024,
OPTIDX,NIFTY,25-Apr-2024,21150,CE,0,0,0,1012.3,1110.4,0,0,400,0,27-MAR-2024,
OPTIDX,NIFTY,25-Apr-2024,21200,CE,1100,1203,1100,1149.15,1149.15,49,548.08,15500,1550,27-MAR-2024,
OPTIDX,NIFTY,25-Apr-2024,21250,CE,0,0,0,950.7,1019.3,0,0,1250,0,27-MAR-2024,
OPTIDX,NIFTY,25-Apr-2024,21300,CE,1065.1,1112.4,1052.8,1084.45,1084.45,99,1107.95,8250,1350,27-MAR-2024,
OPTIDX,NIFTY,25-Apr-2024,21350,CE,0,0,0,1001.35,930.55,0,0,500,0,27-MAR-2024,
OPTIDX,NIFTY,25-Apr-2024,21400,CE,928.15,1020,928.15,987.5,987.5,23,257.48,24250,-200,27-MAR-2024,
OPTIDX,NIFTY,25-Apr-2024,21450,CE,0,0,0,915.5,844.45,0,0,700,0,27-MAR-2024,
OPTIDX,NIFTY,25-Apr-2024,21500,CE,855.95,946.5,835.65,897,897,3282,36773.23,311700,59850,27-MAR-2024,
OPTIDX,NIFTY,25-Apr-2024,21550,CE,844.2,885,844.2,885,885,5,56.04,8000,0,27-MAR-2024,
OPTIDX,NIFTY,25-Apr-2024,21600,CE,759.1,857.35,759.1,821.7,821.7,1731,19407.53,31550,-400,27-MAR-2024,
OPTIDX,NIFTY,25-Apr-2024,21650,CE,800.65,802,800.65,802,682.2,2,22.45,1850,50,27-MAR-2024,
OPTIDX,NIFTY,25-Apr-2024,21700,CE,684.5,780,678.75,732.95,732.95,650,7296.39,67200,21500,27-MAR-2024,
OPTIDX,NIFTY,25-Apr-2024,21750,CE,646.15,733.85,646.15,703.95,703.95,253,2840.11,9500,2150,27-MAR-2024,
OPTIDX,NIFTY,25-Apr-2024,21800,CE,610.45,696,607.55,655.35,655.35,2292,25742.57,87700,-21000,27-MAR-2024,
OPTIDX,NIFTY,25-Apr-2024,21850,CE,574.85,652.15,570,620.7,620.7,109,1224.5,9800,900,27-MAR-2024,
OPTIDX,NIFTY,25-Apr-2024,21900,CE,539.25,622.45,524.2,585.75,585.75,2567,28866.49,74150,-8050,27-MAR-2024,
OPTIDX,NIFTY,25-Apr-2024,21950,CE,500.25,581.05,499,546.05,546.05,231,2599.41,15000,-1300,27-MAR-2024,
OPTIDX,NIFTY,25-Apr-2024,22000,CE,480,550,463.1,511.3,511.3,22490,253236.25,1562600,2900,27-MAR-2024,
OPTIDX,NIFTY,25-Apr-2024,22050,CE,448.85,512.75,427.5,475.3,475.3,496,5588.37,22050,-5900,27-MAR-2024,
OPTIDX,NIFTY,25-Apr-2024,22100,CE,400.95,481.15,370,443.8,443.8,11038,124451.12,344150,74200,27-MAR-2024,
OPTIDX,NIFTY,25-Apr-2024,22150,CE,372.95,446.7,369.7,417.3,417.3,2004,22618.95,63900,25500,27-MAR-2024,
OPTIDX,NIFTY,25-Apr-2024,22200,CE,350,416,340,382.1,382.1,17301,195416.05,619750,21600,27-MAR-2024,
OPTIDX,NIFTY,25-Apr-2024,22250,CE,320.9,383.7,311,357.35,357.35,893,10094.12,51400,1450,27-MAR-2024,
OPTIDX,NIFTY,25-Apr-2024,22300,CE,295,357.3,285.85,326.8,326.8,22438,253920.36,590000,194350,27-MAR-2024,
OPTIDX,NIFTY,25-Apr-2024,22350,CE,266.35,326.3,259.85,301,301,1833,20756.17,56400,30550,27-MAR-2024,
OPTIDX,NIFTY,25-Apr-2024,22400,CE,244.95,301.6,237.65,275.55,275.55,12533,142128.7,540550,190450,27-MAR-2024,
OPTIDX,NIFTY,25-Apr-2024,22450,CE,218,274.2,216,250.7,250.7,770,8741.74,38350,10800,27-MAR-2024,
OPTIDX,NIFTY,25-Apr-2024,22500,CE,210.05,250,195.3,226.35,226.35,30955,351825.26,1855850,135700,27-MAR-2024,
OPTIDX,NIFTY,25-Apr-2024,22550,CE,178.95,224.1,174.15,207.8,207.8,732,8329.9,30650,200,27-MAR-2024,
OPTIDX,NIFTY,25-Apr-2024,22600,CE,155,202.8,155,182.1,182.1,7473,85143.08,360900,76800,27-MAR-2024,
OPTIDX,NIFTY,25-Apr-2024,22650,CE,142.5,182.15,139.45,165.1,165.1,578,6594.74,34750,7100,27-MAR-2024,
OPTIDX,NIFTY,25-Apr-2024,22700,CE,130.75,163.6,124.05,145.05,145.05,9358,106918.52,383850,54900,27-MAR-2024,
OPTIDX,NIFTY,25-Apr-2024,22750,CE,114.05,146.85,111.65,131.45,131.45,785,8982.86,28400,600,27-MAR-2024,
OPTIDX,NIFTY,25-Apr-2024,22800,CE,102.65,130.2,98,114.1,114.1,9282,106354.19,472950,66200,27-MAR-2024,
OPTIDX,NIFTY,25-Apr-2024,22850,CE,90.05,114.4,86.65,101.65,101.65,442,5073.2,16950,300,27-MAR-2024,
OPTIDX,NIFTY,25-Apr-2024,22900,CE,80,102.8,76.45,89.5,89.5,9565,109958.65,272700,56250,27-MAR-2024,
OPTIDX,NIFTY,25-Apr-2024,22950,CE,69.4,90,67.7,79.7,79.7,719,8279.9,37400,8750,27-MAR-2024,
OPTIDX,NIFTY,25-Apr-2024,23000,CE,59.95,81.5,59.95,70.6,70.6,41996,484488.14,2030250,241450,27-MAR-2024,
OPTIDX,NIFTY,25-Apr-2024,23050,CE,52.9,70,51.35,61.15,61.15,455,5258.19,35550,7450,27-MAR-2024,
OPTIDX,NIFTY,25-Apr-2024,23100,CE,46.4,61.55,44.6,53.55,53.55,8776,101600.43,285450,35150,27-MAR-2024,
OPTIDX,NIFTY,25-Apr-2024,23150,CE,40.05,53.5,37.6,47.3,47.3,719,8339.74,35200,4150,27-MAR-2024,
OPTIDX,NIFTY,25-Apr-2024,23200,CE,34.55,46.6,33.4,39.2,39.2,8259,95974.05,384300,71650,27-MAR-2024,
OPTIDX,NIFTY,25-Apr-2024,23250,CE,29,40.1,29,34.2,34.2,645,7509.65,30900,11650,27-MAR-2024,
OPTIDX,NIFTY,25-Apr-2024,23300,CE,26.2,34.95,24.4,29.3,29.3,12201,142329.82,427350,143050,27-MAR-2024,
OPTIDX,NIFTY,25-Apr-2024,23350,CE,22,29.95,20.45,25.8,25.8,1680,19636.4,27450,6100,27-MAR-2024,
OPTIDX,NIFTY,25-Apr-2024,23400,CE,18.85,26.3,18.6,22.2,22.2,9395,110031.4,281900,65800,27-MAR-2024,
OPTIDX,NIFTY,25-Apr-2024,23450,CE,19.25,22.45,16.55,19.8,19.8,632,7416.35,16900,4450,27-MAR-2024,
OPTIDX,NIFTY,25-Apr-2024,23500,CE,14.85,19.1,13.95,16.6,16.6,11938,140375.28,1202000,57100,27-MAR-2024,
OPTIDX,NIFTY,25-Apr-2024,23550,CE,12.5,17.2,12.45,15.25,15.25,341,4017.87,24500,5550,27-MAR-2024,
OPTIDX,NIFTY,25-Apr-2024,23600,CE,12.1,14.75,11.7,13.05,13.05,2797,33023.55,184650,25600,27-MAR-2024,
OPTIDX,NIFTY,25-Apr-2024,23650,CE,8.45,13.65,8.45,11.95,11.95,265,3135.25,9450,-2300,27-MAR-2024,
OPTIDX,NIFTY,25-Apr-2024,23700,CE,10.4,11.75,9.85,10.95,10.95,3092,36657.25,372200,10500,27-MAR-2024,
OPTIDX,NIFTY,25-Apr-2024,23750,CE,10.15,11.3,9.9,10.4,10.4,106,1259.31,8150,550,27-MAR-2024,
OPTIDX,NIFTY,25-Apr-2024,23800,CE,9,10.85,8.85,9.7,9.7,1883,22416.94,206450,-2950,27-MAR-2024,
OPTIDX,NIFTY,25-Apr-2024,23850,CE,8,10.05,8,9.5,9.5,44,524.9,10850,600,27-MAR-2024,
OPTIDX,NIFTY,25-Apr-2024,23900,CE,7.95,9.3,7.85,8.6,8.6,1781,21290.68,190350,3850,27-MAR-2024,
OPTIDX,NIFTY,25-Apr-2024,23950,CE,8.45,9.85,8.1,8.6,8.6,60,718.75,10400,350,27-MAR-2024,
OPTIDX,NIFTY,25-Apr-2024,24000,CE,8.25,9.35,7.5,8.55,8.55,16541,198562.89,1429900,248050,27-MAR-2024,
OPTIDX,NIFTY,25-Apr-2024,24050,CE,2.45,9.8,2.45,8.6,3.15,36,433.04,4400,300,27-MAR-2024,
OPTIDX,NIFTY,25-Apr-2024,24100,CE,6.95,8.6,6.75,7.2,7.2,289,3483.51,51150,-250,27-MAR-2024,
OPTIDX,NIFTY,25-Apr-2024,24150,CE,8.7,8.7,5.65,6.3,6.3,82,990.44,8650,2800,27-MAR-2024,
OPTIDX,NIFTY,25-Apr-2024,24200,CE,6.45,7.95,6.1,6.8,6.8,1858,22488.31,122800,8450,27-MAR-2024,
OPTIDX,NIFTY,25-Apr-2024,24250,CE,6.25,7.75,6.1,6.6,6.6,1739,21091.36,70750,25000,27-MAR-2024,
OPTIDX,NIFTY,25-Apr-2024,19600,PE,5.6,6.2,5.1,5.9,5.9,1863,18262.44,193900,-19450,27-MAR-2024,
OPTIDX,NIFTY,25-Apr-2024,19650,PE,0,0,0,57.1,0.05,0,0,0,0,27-MAR-2024,
OPTIDX,NIFTY,25-Apr-2024,19700,PE,0,0,0,3.1,0.05,0,0,850,0,27-MAR-2024,
OPTIDX,NIFTY,25-Apr-2024,19750,PE,6.55,6.55,6.55,6.55,0.05,25,246.95,1500,1100,27-MAR-2024,
OPTIDX,NIFTY,25-Apr-2024,19800,PE,0,0,0,71.65,0.05,0,0,0,0,27-MAR-2024,
OPTIDX,NIFTY,25-Apr-2024,19850,PE,3.2,3.2,3.2,3.2,0.1,1,9.92,50,0,27-MAR-2024,
OPTIDX,NIFTY,25-Apr-2024,19900,PE,8.95,8.95,5.8,7.05,7.05,254,2528.23,5750,5500,27-MAR-2024,
OPTIDX,NIFTY,25-Apr-2024,19950,PE,0,0,0,89,0.15,0,0,0,0,27-MAR-2024,
OPTIDX,NIFTY,25-Apr-2024,20000,PE,8.15,8.5,6.1,7.9,7.9,14924,149298.15,1662700,189950,27-MAR-2024,
OPTIDX,NIFTY,25-Apr-2024,20050,PE,8,8.65,7.8,8.3,0.25,50,501.45,2500,-50,27-MAR-2024,
OPTIDX,NIFTY,25-Apr-2024,20100,PE,8.05,10,6.75,8.4,8.4,246,2473.32,20650,200,27-MAR-2024,
OPTIDX,NIFTY,25-Apr-2024,20150,PE,6.75,6.75,6.75,6.75,6.75,4,40.31,1250,0,27-MAR-2024,
OPTIDX,NIFTY,25-Apr-2024,20200,PE,8.85,9.8,8.5,9.05,9.05,1485,15005.27,74500,-10150,27-MAR-2024,
OPTIDX,NIFTY,25-Apr-2024,20250,PE,9.95,10.05,9.95,9.95,0.7,31,314.02,2950,-350,27-MAR-2024,
OPTIDX,NIFTY,25-Apr-2024,20300,PE,9.95,10.4,7.5,9.85,9.85,680,6905.33,74350,2700,27-MAR-2024,
OPTIDX,NIFTY,25-Apr-2024,20350,PE,0,0,0,15.95,1.1,0,0,4250,0,27-MAR-2024,
OPTIDX,NIFTY,25-Apr-2024,20400,PE,10.9,11.55,10.2,10.6,10.6,2412,24615.4,100750,12650,27-MAR-2024,
OPTIDX,NIFTY,25-Apr-2024,20450,PE,11,12.2,10.95,11.05,1.75,59,603.6,7150,-1450,27-MAR-2024,
OPTIDX,NIFTY,25-Apr-2024,20500,PE,12.3,12.6,11.5,12,12,10865,111431.27,1193350,-36700,27-MAR-2024,
OPTIDX,NIFTY,25-Apr-2024,20550,PE,12.25,13.3,12.25,12.6,12.6,46,472.95,7100,-1900,27-MAR-2024,
OPTIDX,NIFTY,25-Apr-2024,20600,PE,15.3,15.3,12.7,13,13,2783,28683.43,241500,5500,27-MAR-2024,
OPTIDX,NIFTY,25-Apr-2024,20650,PE,15.35,16.05,13.45,13.8,13.8,173,1787.5,9650,-2400,27-MAR-2024,
OPTIDX,NIFTY,25-Apr-2024,20700,PE,15.5,16.4,14.05,14.5,14.5,8064,83523.01,397950,84300,27-MAR-2024,
OPTIDX,NIFTY,25-Apr-2024,20750,PE,17.55,18.4,15.75,16.8,16.8,572,5939.47,11150,-5100,27-MAR-2024,
OPTIDX,NIFTY,25-Apr-2024,20800,PE,19.4,20.05,16.9,17.75,17.75,11129,115844.97,421300,33850,27-MAR-2024,
OPTIDX,NIFTY,25-Apr-2024,20850,PE,22.2,29.45,19.05,20.1,20.1,545,5687.3,10700,450,27-MAR-2024,
OPTIDX,NIFTY,25-Apr-2024,20900,PE,23.45,23.8,20.25,21.65,21.65,6921,72400.17,368250,-18000,27-MAR-2024,
OPTIDX,NIFTY,25-Apr-2024,20950,PE,26.25,26.4,22.45,23.95,23.95,557,5841.46,12400,-4350,27-MAR-2024,
OPTIDX,NIFTY,25-Apr-2024,21000,PE,30.15,30.95,26.05,27.3,27.3,27141,285360.89,2303950,-90700,27-MAR-2024,
OPTIDX,NIFTY,25-Apr-2024,21050,PE,32.2,32.6,27.6,29.2,29.2,689,7262.2,20000,300,27-MAR-2024,
OPTIDX,NIFTY,25-Apr-2024,21100,PE,36,36,29.95,31.55,31.55,5825,61549.19,432800,30800,27-MAR-2024,
OPTIDX,NIFTY,25-Apr-2024,21150,PE,38.75,39,33,34.05,34.05,997,10561.06,19950,6750,27-MAR-2024,
OPTIDX,NIFTY,25-Apr-2024,21200,PE,43.55,43.55,35.75,37.65,37.65,14868,157886.61,600700,18900,27-MAR-2024,
OPTIDX,NIFTY,25-Apr-2024,21250,PE,48.35,48.6,40.05,41.4,41.4,1114,11860,30250,9900,27-MAR-2024,
OPTIDX,NIFTY,25-Apr-2024,21300,PE,52.8,53.45,44.4,46.25,46.25,11279,120389.26,568850,50650,27-MAR-2024,
OPTIDX,NIFTY,25-Apr-2024,21350,PE,58,59.8,48.9,51.75,51.75,1565,16748.4,33700,-8300,27-MAR-2024,
OPTIDX,NIFTY,25-Apr-2024,21400,PE,63.9,66.1,53.4,55.9,55.9,12611,135296.91,755300,131250,27-MAR-2024,
OPTIDX,NIFTY,25-Apr-2024,21450,PE,73,74.95,60.75,64.15,64.15,1461,15716.22,62700,-15100,27-MAR-2024,
OPTIDX,NIFTY,25-Apr-2024,21500,PE,79.55,83.2,66.65,69.5,69.5,27755,299349.25,1465600,67050,27-MAR-2024,
OPTIDX,NIFTY,25-Apr-2024,21550,PE,90.05,91,74.35,78.55,78.55,709,7667.22,36100,-6100,27-MAR-2024,
OPTIDX,NIFTY,25-Apr-2024,21600,PE,98,100.95,82.05,85.05,85.05,7701,83502.54,422800,-22750,27-MAR-2024,
OPTIDX,NIFTY,25-Apr-2024,21650,PE,108,112.45,90.3,93.2,93.2,838,9111.33,35050,5850,27-MAR-2024,
OPTIDX,NIFTY,25-Apr-2024,21700,PE,116.6,123,99.55,103.85,103.85,13481,146975.11,669200,104950,27-MAR-2024,
OPTIDX,NIFTY,25-Apr-2024,21750,PE,132.4,133.45,109.5,111.1,111.1,711,7773.45,44900,4900,27-MAR-2024,
OPTIDX,NIFTY,25-Apr-2024,21800,PE,144.95,147,119.85,125.1,125.1,14226,155961.56,807050,111100,27-MAR-2024,
OPTIDX,NIFTY,25-Apr-2024,21850,PE,159.4,159.45,130.75,134,134,1022,11235.48,37650,7750,27-MAR-2024,
OPTIDX,NIFTY,25-Apr-2024,21900,PE,170,172.45,141.6,147.55,147.55,7523,82937.34,368750,57300,27-MAR-2024,
OPTIDX,NIFTY,25-Apr-2024,21950,PE,184.65,187.8,155.3,160.15,160.15,675,7463.31,31900,2950,27-MAR-2024,
OPTIDX,NIFTY,25-Apr-2024,22000,PE,200,204.3,167.3,176.3,176.3,42986,476644.86,2571650,164100,27-MAR-2024,
OPTIDX,NIFTY,25-Apr-2024,22050,PE,216.95,221.5,183.6,192.3,192.3,1458,16216.94,46500,3750,27-MAR-2024,
OPTIDX,NIFTY,25-Apr-2024,22100,PE,226.5,239.7,198.2,210.4,210.4,17708,197528.57,506450,75800,27-MAR-2024,
OPTIDX,NIFTY,25-Apr-2024,22150,PE,252.45,256.5,216,227.05,227.05,2075,23213.7,42250,14150,27-MAR-2024,
OPTIDX,NIFTY,25-Apr-2024,22200,PE,273.95,280,233.3,247.35,247.35,17159,192571.3,589950,68650,27-MAR-2024,
OPTIDX,NIFTY,25-Apr-2024,22250,PE,284.1,301.65,254.85,266.65,266.65,1973,22211.76,59150,6800,27-MAR-2024,
OPTIDX,NIFTY,25-Apr-2024,22300,PE,315.15,326.7,274.05,289.1,289.1,27839,314442.62,910400,450300,27-MAR-2024,
OPTIDX,NIFTY,25-Apr-2024,22350,PE,324,324.05,296.05,309.05,309.05,843,9549.57,42100,23550,27-MAR-2024,
OPTIDX,NIFTY,25-Apr-2024,22400,PE,359.25,376.3,318.75,334.15,334.15,11178,127076.13,430300,224100,27-MAR-2024,
OPTIDX,NIFTY,25-Apr-2024,22450,PE,402,402,343.05,356.65,356.65,275,3135.7,48800,8000,27-MAR-2024,
OPTIDX,NIFTY,25-Apr-2024,22500,PE,422.4,434.75,367,386.55,386.55,14863,170071.5,970800,92250,27-MAR-2024,
OPTIDX,NIFTY,25-Apr-2024,22550,PE,462.5,462.5,395.55,405.2,405.2,171,1962.64,15900,-1150,27-MAR-2024,
OPTIDX,NIFTY,25-Apr-2024,22600,PE,492.55,495.5,420,438.75,438.75,1206,13891.07,75550,19150,27-MAR-2024,
OPTIDX,NIFTY,25-Apr-2024,22650,PE,466,472,451.1,467,467,22,254.23,7250,450,27-MAR-2024,
OPTIDX,NIFTY,25-Apr-2024,22700,PE,550.85,561.85,482,507,507,432,5012.15,51900,5250,27-MAR-2024,
OPTIDX,NIFTY,25-Apr-2024,22750,PE,542,587.5,514.95,544.4,544.4,178,2072.35,8450,1650,27-MAR-2024,
OPTIDX,NIFTY,25-Apr-2024,22800,PE,605,605,543.8,572.75,572.75,482,5630.47,29350,7650,27-MAR-2024,
OPTIDX,NIFTY,25-Apr-2024,22850,PE,618,618,588,599.9,599.9,105,1231.43,10150,-500,27-MAR-2024,
OPTIDX,NIFTY,25-Apr-2024,22900,PE,710.15,710.15,621.35,637.7,637.7,200,2353.8,17250,3350,27-MAR-2024,
OPTIDX,NIFTY,25-Apr-2024,22950,PE,0,0,0,956,779.85,0,0,3500,0,27-MAR-2024,
OPTIDX,NIFTY,25-Apr-2024,23000,PE,781.05,800,700,731.15,731.15,9059,107494.38,866250,72300,27-MAR-2024,
OPTIDX,NIFTY,25-Apr-2024,23050,PE,0,0,0,830,863.3,0,0,3700,0,27-MAR-2024,
OPTIDX,NIFTY,25-Apr-2024,23100,PE,873,875,789.4,791,906.1,19,227.22,7800,650,27-MAR-2024,
OPTIDX,NIFTY,25-Apr-2024,23150,PE,0,0,0,849.05,949.6,0,0,1900,0,27-MAR-2024,
OPTIDX,NIFTY,25-Apr-2024,23200,PE,867.45,900,862.2,887.7,887.7,54,650.21,12800,800,27-MAR-2024,
OPTIDX,NIFTY,25-Apr-2024,23250,PE,900,900,900,900,1038.4,1,12.07,150,50,27-MAR-2024,
OPTIDX,NIFTY,25-Apr-2024,23300,PE,944.85,965.35,944.85,960,1083.6,3,36.38,13300,50,27-MAR-2024,
OPTIDX,NIFTY,25-Apr-2024,23350,PE,0,0,0,1008.9,1129.3,0,0,550,0,27-MAR-2024,
OPTIDX,NIFTY,25-Apr-2024,23400,PE,1054.55,1054.55,1050,1050,1175.45,2,24.45,5250,0,27-MAR-2024,
OPTIDX,NIFTY,25-Apr-2024,23450,PE,0,0,0,1362.65,1222,0,0,15900,0,27-MAR-2024,
OPTIDX,NIFTY,25-Apr-2024,23500,PE,1244.95,1248.35,1140,1184.35,1184.35,1686,20795.79,410600,36950,27-MAR-2024,
OPTIDX,NIFTY,25-Apr-2024,23550,PE,0,0,0,1895.9,1316.2,0,0,0,0,27-MAR-2024,
OPTIDX,NIFTY,25-Apr-2024,23600,PE,0,0,0,1296.45,1363.75,0,0,1900,0,27-MAR-2024,
OPTIDX,NIFTY,25-Apr-2024,23650,PE,0,0,0,1377.15,1411.55,0,0,650,0,27-MAR-2024,
OPTIDX,NIFTY,25-Apr-2024,23700,PE,1400,1400,1333.1,1351.6,1351.6,60,751.63,5650,-1900,27-MAR-2024,
OPTIDX,NIFTY,25-Apr-2024,23750,PE,0,0,0,1400,1507.9,0,0,600,0,27-MAR-2024,
OPTIDX,NIFTY,25-Apr-2024,23800,PE,0,0,0,1508.25,1556.35,0,0,1450,0,27-MAR-2024,
OPTIDX,NIFTY,25-Apr-2024,23850,PE,0,0,0,1288.55,1605,0,0,450,0,27-MAR-2024,
OPTIDX,NIFTY,25-Apr-2024,23900,PE,0,0,0,1582.75,1653.8,0,0,900,0,27-MAR-2024,
OPTIDX,NIFTY,25-Apr-2024,23950,PE,0,0,0,1290,1702.7,0,0,750,0,27-MAR-2024,
OPTIDX,NIFTY,25-Apr-2024,24000,PE,1743.85,1745,1623.7,1668.5,1668.5,9181,117770.9,1837550,352200,27-MAR-2024,
OPTIDX,NIFTY,25-Apr-2024,24050,PE,0,0,0,2337.3,1800.85,0,0,0,0,27-MAR-2024,
OPTIDX,NIFTY,25-Apr-2024,24100,PE,1711.15,1741.3,1711.15,1741.1,1850.1,9,116.25,800,450,27-MAR-2024,
OPTIDX,NIFTY,25-Apr-2024,24150,PE,0,0,0,2428.3,1899.4,0,0,0,0,27-MAR-2024,
OPTIDX,NIFTY,25-Apr-2024,24200,PE,1778.3,1833.15,1778.3,1833.15,1948.75,8,104.09,2750,400,27-MAR-2024,
OPTIDX,NIFTY,25-Apr-2024,24250,PE,0,0,0,1925,1998.2,0,0,550,0,27-MAR-2024,
OPTIDX,NIFTY,02-May-2024,20250,CE,0,0,0,1946.85,2009.75,0,0,0,0,27-MAR-2024,
OPTIDX,NIFTY,02-May-2024,20300,CE,0,0,0,1899.1,1960.45,0,0,0,0,27-MAR-2024,
OPTIDX,NIFTY,02-May-2024,20350,CE,0,0,0,1851.5,1911.2,0,0,0,0,27-MAR-2024,
OPTIDX,NIFTY,02-May-2024,20400,CE,0,0,0,1804.15,1862.1,0,0,0,0,27-MAR-2024,
OPTIDX,NIFTY,02-May-2024,20450,CE,0,0,0,1757,1813.05,0,0,0,0,27-MAR-2024,
OPTIDX,NIFTY,02-May-2024,20500,CE,0,0,0,1710.15,1764.1,0,0,0,0,27-MAR-2024,
OPTIDX,NIFTY,02-May-2024,20550,CE,0,0,0,1663.55,1715.3,0,0,0,0,27-MAR-2024,
OPTIDX,NIFTY,02-May-2024,20600,CE,0,0,0,1617.3,1666.65,0,0,0,0,27-MAR-2024,
OPTIDX,NIFTY,02-May-2024,20650,CE,0,0,0,1571.3,1618.15,0,0,0,0,27-MAR-2024,
OPTIDX,NIFTY,02-May-2024,20700,CE,0,0,0,1525.7,1569.85,0,0,0,0,27-MAR-2024,
OPTIDX,NIFTY,02-May-2024,20750,CE,0,0,0,1480.45,1521.75,0,0,0,0,27-MAR-2024,
OPTIDX,NIFTY,02-May-2024,20800,CE,0,0,0,1435.6,1473.9,0,0,0,0,27-MAR-2024,
OPTIDX,NIFTY,02-May-2024,20850,CE,0,0,0,1391.2,1426.3,0,0,0,0,27-MAR-2024,
OPTIDX,NIFTY,02-May-2024,20900,CE,0,0,0,1347.2,1379,0,0,0,0,27-MAR-2024,
OPTIDX,NIFTY,02-May-2024,20950,CE,0,0,0,1303.65,1332,0,0,0,0,27-MAR-2024,
OPTIDX,NIFTY,02-May-2024,21000,CE,0,0,0,1260.65,1285.35,0,0,0,0,27-MAR-2024,
OPTIDX,NIFTY,02-May-2024,21050,CE,0,0,0,1218.15,1239.1,0,0,0,0,27-MAR-2024,
OPTIDX,NIFTY,02-May-2024,21100,CE,0,0,0,1176.15,1193.3,0,0,0,0,27-MAR-2024,
OPTIDX,NIFTY,02-May-2024,21150,CE,0,0,0,1134.8,1147.95,0,0,0,0,27-MAR-2024,
OPTIDX,NIFTY,02-May-2024,21200,CE,0,0,0,1094,1103.15,0,0,0,0,27-MAR-2024,
OPTIDX,NIFTY,02-May-2024,21250,CE,0,0,0,1053.8,1058.85,0,0,0,0,27-MAR-2024,
OPTIDX,NIFTY,02-May-2024,21300,CE,0,0,0,1014.3,1015.15,0,0,0,0,27-MAR-2024,
OPTIDX,NIFTY,02-May-2024,21350,CE,0,0,0,975.45,972.05,0,0,0,0,27-MAR-2024,
OPTIDX,NIFTY,02-May-2024,21400,CE,0,0,0,937.3,929.65,0,0,0,0,27-MAR-2024,
OPTIDX,NIFTY,02-May-2024,21450,CE,0,0,0,899.85,888,0,0,0,0,27-MAR-2024,
OPTIDX,NIFTY,02-May-2024,21500,CE,0,0,0,863.9,847.05,0,0,0,0,27-MAR-2024,
OPTIDX,NIFTY,02-May-2024,21550,CE,0,0,0,827.05,806.95,0,0,0,0,27-MAR-2024,
OPTIDX,NIFTY,02-May-2024,21600,CE,0,0,0,791.9,767.65,0,0,0,0,27-MAR-2024,
OPTIDX,NIFTY,02-May-2024,21650,CE,0,0,0,757.55,729.25,0,0,0,0,27-MAR-2024,
OPTIDX,NIFTY,02-May-2024,21700,CE,0,0,0,724.05,691.8,0,0,0,0,27-MAR-2024,
OPTIDX,NIFTY,02-May-2024,21750,CE,0,0,0,691.35,655.25,0,0,0,0,27-MAR-2024,
OPTIDX,NIFTY,02-May-2024,21800,CE,0,0,0,659.5,619.75,0,0,0,0,27-MAR-2024,
OPTIDX,NIFTY,02-May-2024,21850,CE,0,0,0,628.55,585.25,0,0,0,0,27-MAR-2024,
OPTIDX,NIFTY,02-May-2024,21900,CE,600,600,600,600,551.8,2,22.5,100,100,27-MAR-2024,
OPTIDX,NIFTY,02-May-2024,21950,CE,634.85,634.85,634.85,634.85,519.45,1,11.29,50,50,27-MAR-2024,
OPTIDX,NIFTY,02-May-2024,22000,CE,587.35,607.75,580,580,580,40,451.84,550,450,27-MAR-2024,
OPTIDX,NIFTY,02-May-2024,22050,CE,0,0,0,513.45,458.05,0,0,0,0,27-MAR-2024,
OPTIDX,NIFTY,02-May-2024,22100,CE,501,501,501,501,429.05,1,11.3,50,50,27-MAR-2024,
OPTIDX,NIFTY,02-May-2024,22150,CE,0,0,0,461.25,401.2,0,0,0,0,27-MAR-2024,
OPTIDX,NIFTY,02-May-2024,22200,CE,447.45,466,435,445.75,445.75,122,1382.42,5400,5050,27-MAR-2024,
OPTIDX,NIFTY,02-May-2024,22250,CE,0,0,0,396.2,348.95,0,0,50,0,27-MAR-2024,
OPTIDX,NIFTY,02-May-2024,22300,CE,0,0,0,389.6,324.6,0,0,0,0,27-MAR-2024,
OPTIDX,NIFTY,02-May-2024,22350,CE,0,0,0,367.55,301.35,0,0,0,0,27-MAR-2024,
OPTIDX,NIFTY,02-May-2024,22400,CE,0,0,0,311.6,279.3,0,0,100,0,27-MAR-2024,
OPTIDX,NIFTY,02-May-2024,22450,CE,0,0,0,278.75,258.35,0,0,50,0,27-MAR-2024,
OPTIDX,NIFTY,02-May-2024,22500,CE,288.55,305.5,256.5,298.4,238.55,10,113.93,450,200,27-MAR-2024,
OPTIDX,NIFTY,02-May-2024,22550,CE,0,0,0,287.9,219.85,0,0,0,0,27-MAR-2024,
OPTIDX,NIFTY,02-May-2024,22600,CE,249.3,249.3,224.35,224.35,224.35,2,22.83,100,0,27-MAR-2024,
OPTIDX,NIFTY,02-May-2024,22650,CE,0,0,0,253.15,185.65,0,0,0,0,27-MAR-2024,
OPTIDX,NIFTY,02-May-2024,22700,CE,0,0,0,237,170.1,0,0,0,0,27-MAR-2024,
OPTIDX,NIFTY,02-May-2024,22750,CE,0,0,0,221.6,155.6,0,0,0,0,27-MAR-2024,
OPTIDX,NIFTY,02-May-2024,22800,CE,0,0,0,202.25,142,0,0,50,0,27-MAR-2024,
OPTIDX,NIFTY,02-May-2024,22850,CE,0,0,0,193.15,129.35,0,0,0,0,27-MAR-2024,
OPTIDX,NIFTY,02-May-2024,22900,CE,0,0,0,118.5,117.55,0,0,100,0,27-MAR-2024,
OPTIDX,NIFTY,02-May-2024,22950,CE,0,0,0,168.6,106.65,0,0,0,0,27-MAR-2024,
OPTIDX,NIFTY,02-May-2024,23000,CE,95.05,122.1,90,102.4,102.4,205,2368.26,5750,4350,27-MAR-2024,
OPTIDX,NIFTY,02-May-2024,23050,CE,0,0,0,107.65,87.25,0,0,50,0,27-MAR-2024,
OPTIDX,NIFTY,02-May-2024,23100,CE,63.35,63.35,63.35,63.35,78.7,1,11.58,50,50,27-MAR-2024,
OPTIDX,NIFTY,02-May-2024,23150,CE,0,0,0,124.6,70.8,0,0,0,0,27-MAR-2024,
OPTIDX,NIFTY,02-May-2024,23200,CE,0,0,0,115.35,63.55,0,0,0,0,27-MAR-2024,
OPTIDX,NIFTY,02-May-2024,23250,CE,0,0,0,106.65,56.95,0,0,0,0,27-MAR-2024,
OPTIDX,NIFTY,02-May-2024,23300,CE,0,0,0,98.5,50.95,0,0,0,0,27-MAR-2024,
OPTIDX,NIFTY,02-May-2024,23350,CE,0,0,0,90.85,45.45,0,0,0,0,27-MAR-2024,
OPTIDX,NIFTY,02-May-2024,23400,CE,0,0,0,53.5,40.5,0,0,50,0,27-MAR-2024,
OPTIDX,NIFTY,02-May-2024,23450,CE,0,0,0,77.05,36,0,0,0,0,27-MAR-2024,
OPTIDX,NIFTY,02-May-2024,23500,CE,32.35,38.95,32.3,33.1,33.1,98,1153.17,2150,-1450,27-MAR-2024,
OPTIDX,NIFTY,02-May-2024,23550,CE,0,0,0,65,28.25,0,0,0,0,27-MAR-2024,
OPTIDX,NIFTY,02-May-2024,23600,CE,0,0,0,59.6,24.95,0,0,0,0,27-MAR-2024,
OPTIDX,NIFTY,02-May-2024,23650,CE,0,0,0,54.6,21.95,0,0,0,0,27-MAR-2024,
OPTIDX,NIFTY,02-May-2024,23700,CE,25,26.3,15.1,21.7,21.7,112,1328.45,2650,-1800,27-MAR-2024,
OPTIDX,NIFTY,02-May-2024,23750,CE,0,0,0,24.35,16.95,0,0,50,0,27-MAR-2024,
OPTIDX,NIFTY,02-May-2024,23800,CE,0,0,0,41.8,14.85,0,0,50,0,27-MAR-2024,
OPTIDX,NIFTY,02-May-2024,23850,CE,23,23.8,15,23.75,12.95,4,47.74,450,150,27-MAR-2024,
OPTIDX,NIFTY,02-May-2024,20250,PE,0,0,0,13.2,1.7,0,0,0,0,27-MAR-2024,
OPTIDX,NIFTY,02-May-2024,20300,PE,0,0,0,15,2.1,0,0,0,0,27-MAR-2024,
OPTIDX,NIFTY,02-May-2024,20350,PE,0,0,0,17,2.55,0,0,0,0,27-MAR-2024,
OPTIDX,NIFTY,02-May-2024,20400,PE,0,0,0,19.2,3.05,0,0,0,0,27-MAR-2024,
OPTIDX,NIFTY,02-May-2024,20450,PE,0,0,0,21.65,3.7,0,0,0,0,27-MAR-2024,
OPTIDX,NIFTY,02-May-2024,20500,PE,0,0,0,24.4,4.45,0,0,0,0,27-MAR-2024,
OPTIDX,NIFTY,02-May-2024,20550,PE,0,0,0,27.35,5.3,0,0,0,0,27-MAR-2024,
OPTIDX,NIFTY,02-May-2024,20600,PE,0,0,0,30.65,6.3,0,0,0,0,27-MAR-2024,
OPTIDX,NIFTY,02-May-2024,20650,PE,0,0,0,34.3,7.5,0,0,0,0,27-MAR-2024,
OPTIDX,NIFTY,02-May-2024,20700,PE,0,0,0,38.25,8.85,0,0,0,0,27-MAR-2024,
OPTIDX,NIFTY,02-May-2024,20750,PE,0,0,0,42.55,10.4,0,0,0,0,27-MAR-2024,
OPTIDX,NIFTY,02-May-2024,20800,PE,0,0,0,47.3,12.2,0,0,0,0,27-MAR-2024,
OPTIDX,NIFTY,02-May-2024,20850,PE,0,0,0,52.45,14.3,0,0,0,0,27-MAR-2024,
OPTIDX,NIFTY,02-May-2024,20900,PE,0,0,0,58.05,16.65,0,0,0,0,27-MAR-2024,
OPTIDX,NIFTY,02-May-2024,20950,PE,0,0,0,64.1,19.35,0,0,0,0,27-MAR-2024,
OPTIDX,NIFTY,02-May-2024,21000,PE,38,41.4,30.6,35.1,35.1,42,441.74,1750,1100,27-MAR-2024,
OPTIDX,NIFTY,02-May-2024,21050,PE,38.6,38.6,38.6,38.6,25.8,1,10.54,50,50,27-MAR-2024,
OPTIDX,NIFTY,02-May-2024,21100,PE,0,0,0,54.9,29.65,0,0,50,0,27-MAR-2024,
OPTIDX,NIFTY,02-May-2024,21150,PE,0,0,0,93.5,34,0,0,0,0,27-MAR-2024,
OPTIDX,NIFTY,02-May-2024,21200,PE,51,51,51,51,38.8,1,10.62,50,50,27-MAR-2024,
OPTIDX,NIFTY,02-May-2024,21250,PE,0,0,0,111.7,44.2,0,0,0,0,27-MAR-2024,
OPTIDX,NIFTY,02-May-2024,21300,PE,61,61,61,61,50.15,1,10.68,50,50,27-MAR-2024,
OPTIDX,NIFTY,02-May-2024,21350,PE,0,0,0,132.45,56.75,0,0,0,0,27-MAR-2024,
OPTIDX,NIFTY,02-May-2024,21400,PE,61.05,78.5,61.05,68,64,9,96.6,800,100,27-MAR-2024,
OPTIDX,NIFTY,02-May-2024,21450,PE,0,0,0,156,72,0,0,0,0,27-MAR-2024,
OPTIDX,NIFTY,02-May-2024,21500,PE,95,95,79,90.3,90.3,203,2191.07,1350,1050,27-MAR-2024,
OPTIDX,NIFTY,02-May-2024,21550,PE,0,0,0,182.35,90.3,0,0,0,0,27-MAR-2024,
OPTIDX,NIFTY,02-May-2024,21600,PE,106.2,106.2,106.2,106.2,106.2,1,10.85,300,0,27-MAR-2024,
OPTIDX,NIFTY,02-May-2024,21650,PE,0,0,0,212.05,111.95,0,0,0,0,27-MAR-2024,
OPTIDX,NIFTY,02-May-2024,21700,PE,0,0,0,228.1,124.15,0,0,0,0,27-MAR-2024,
OPTIDX,NIFTY,02-May-2024,21750,PE,0,0,0,245,137.3,0,0,0,0,27-MAR-2024,
OPTIDX,NIFTY,02-May-2024,21800,PE,137.9,147,137.85,141.05,141.05,21,230.39,700,700,27-MAR-2024,
OPTIDX,NIFTY,02-May-2024,21850,PE,0,0,0,281.35,166.6,0,0,0,0,27-MAR-2024,
OPTIDX,NIFTY,02-May-2024,21900,PE,178.9,178.9,162,175.3,175.3,21,231.7,350,250,27-MAR-2024,
OPTIDX,NIFTY,02-May-2024,21950,PE,0,0,0,321.15,200.15,0,0,0,0,27-MAR-2024,
OPTIDX,NIFTY,02-May-2024,22000,PE,231.5,231.5,190,192.55,192.55,51,566.11,1000,800,27-MAR-2024,
OPTIDX,NIFTY,02-May-2024,22050,PE,231.6,231.6,231.6,231.6,238.1,1,11.14,150,0,27-MAR-2024,
OPTIDX,NIFTY,02-May-2024,22100,PE,256,268.85,222.95,226.7,258.75,49,547.12,1750,1750,27-MAR-2024,
OPTIDX,NIFTY,02-May-2024,22150,PE,0,0,0,411.5,280.55,0,0,0,0,27-MAR-2024,
OPTIDX,NIFTY,02-May-2024,22200,PE,0,0,0,436.25,303.55,0,0,0,0,27-MAR-2024,
OPTIDX,NIFTY,02-May-2024,22250,PE,0,0,0,461.95,327.65,0,0,0,0,27-MAR-2024,
OPTIDX,NIFTY,02-May-2024,22300,PE,0,0,0,488.55,352.95,0,0,0,0,27-MAR-2024,
OPTIDX,NIFTY,02-May-2024,22350,PE,0,0,0,516.1,379.4,0,0,0,0,27-MAR-2024,
OPTIDX,NIFTY,02-May-2024,22400,PE,0,0,0,544.45,407,0,0,0,0,27-MAR-2024,
OPTIDX,NIFTY,02-May-2024,22450,PE,0,0,0,573.7,435.75,0,0,0,0,27-MAR-2024,
OPTIDX,NIFTY,02-May-2024,22500,PE,0,0,0,603.8,465.6,0,0,0,0,27-MAR-2024,
OPTIDX,NIFTY,02-May-2024,22550,PE,0,0,0,634.75,496.6,0,0,0,0,27-MAR-2024,
OPTIDX,NIFTY,02-May-2024,22600,PE,0,0,0,666.55,528.65,0,0,0,0,27-MAR-2024,
OPTIDX,NIFTY,02-May-2024,22650,PE,0,0,0,699.15,561.7,0,0,0,0,27-MAR-2024,
OPTIDX,NIFTY,02-May-2024,22700,PE,0,0,0,732.6,595.85,0,0,0,0,27-MAR-2024,
OPTIDX,NIFTY,02-May-2024,22750,PE,0,0,0,766.75,630.95,0,0,0,0,27-MAR-2024,
OPTIDX,NIFTY,02-May-2024,22800,PE,0,0,0,801.75,667.05,0,0,0,0,27-MAR-2024,
OPTIDX,NIFTY,02-May-2024,22850,PE,0,0,0,837.45,704.05,0,0,0,0,27-MAR-2024,
OPTIDX,NIFTY,02-May-2024,22900,PE,0,0,0,873.85,741.95,0,0,0,0,27-MAR-2024,
OPTIDX,NIFTY,02-May-2024,22950,PE,0,0,0,912.05,780.75,0,0,0,0,27-MAR-2024,
OPTIDX,NIFTY,02-May-2024,23000,PE,916.7,916.7,916.7,916.7,820.3,1,11.95,50,50,27-MAR-2024,
OPTIDX,NIFTY,02-May-2024,23050,PE,0,0,0,987.5,860.65,0,0,0,0,27-MAR-2024,
OPTIDX,NIFTY,02-May-2024,23100,PE,0,0,0,1026.6,901.75,0,0,0,0,27-MAR-2024,
OPTIDX,NIFTY,02-May-2024,23150,PE,0,0,0,1066.35,943.55,0,0,0,0,27-MAR-2024,
OPTIDX,NIFTY,02-May-2024,23200,PE,0,0,0,1106.65,986,0,0,0,0,27-MAR-2024,
OPTIDX,NIFTY,02-May-2024,23250,PE,0,0,0,1147.55,1029.05,0,0,0,0,27-MAR-2024,
OPTIDX,NIFTY,02-May-2024,23300,PE,0,0,0,1188.95,1072.7,0,0,0,0,27-MAR-2024,
OPTIDX,NIFTY,02-May-2024,23350,PE,0,0,0,1230.9,1116.9,0,0,0,0,27-MAR-2024,
OPTIDX,NIFTY,02-May-2024,23400,PE,0,0,0,1273.35,1161.55,0,0,0,0,27-MAR-2024,
OPTIDX,NIFTY,02-May-2024,23450,PE,0,0,0,1316.25,1206.75,0,0,0,0,27-MAR-2024,
OPTIDX,NIFTY,02-May-2024,23500,PE,0,0,0,1359.6,1252.35,0,0,0,0,27-MAR-2024,
OPTIDX,NIFTY,02-May-2024,23550,PE,0,0,0,1403.4,1298.3,0,0,0,0,27-MAR-2024,
OPTIDX,NIFTY,02-May-2024,23600,PE,0,0,0,1447.55,1344.7,0,0,0,0,27-MAR-2024,
OPTIDX,NIFTY,02-May-2024,23650,PE,0,0,0,1492.15,1391.4,0,0,0,0,27-MAR-2024,
OPTIDX,NIFTY,02-May-2024,23700,PE,0,0,0,1537.05,1438.4,0,0,0,0,27-MAR-2024,
OPTIDX,NIFTY,02-May-2024,23750,PE,0,0,0,1582.35,1485.7,0,0,0,0,27-MAR-2024,
OPTIDX,NIFTY,02-May-2024,23800,PE,0,0,0,1627.9,1533.25,0,0,0,0,27-MAR-2024,
OPTIDX,NIFTY,02-May-2024,23850,PE,0,0,0,1673.8,1581.05,0,0,0,0,27-MAR-2024,
OPTIDX,NIFTY,30-May-2024,20050,CE,0,0,0,2341.7,2315.45,0,0,0,0,27-MAR-2024,
OPTIDX,NIFTY,30-May-2024,20100,CE,0,0,0,2296.25,2266.9,0,0,0,0,27-MAR-2024,
OPTIDX,NIFTY,30-May-2024,20150,CE,0,0,0,2251.05,2218.5,0,0,0,0,27-MAR-2024,
OPTIDX,NIFTY,30-May-2024,20200,CE,0,0,0,2206.1,2170.15,0,0,0,0,27-MAR-2024,
OPTIDX,NIFTY,30-May-2024,20250,CE,0,0,0,2161.35,2122,0,0,0,0,27-MAR-2024,
OPTIDX,NIFTY,30-May-2024,20300,CE,0,0,0,2113,2073.95,0,0,50,0,27-MAR-2024,
OPTIDX,NIFTY,30-May-2024,20350,CE,0,0,0,2072.8,2026.1,0,0,0,0,27-MAR-2024,
OPTIDX,NIFTY,30-May-2024,20400,CE,0,0,0,2021,1978.4,0,0,50,0,27-MAR-2024,
OPTIDX,NIFTY,30-May-2024,20450,CE,0,0,0,1985.35,1930.9,0,0,0,0,27-MAR-2024,
OPTIDX,NIFTY,30-May-2024,20500,CE,2009,2009,2009,2009,1883.55,1,11.25,700,50,27-MAR-2024,
OPTIDX,NIFTY,30-May-2024,20550,CE,0,0,0,1899.25,1836.5,0,0,0,0,27-MAR-2024,
OPTIDX,NIFTY,30-May-2024,20600,CE,1909,1909,1909,1909,1789.65,1,11.25,50,0,27-MAR-2024,
OPTIDX,NIFTY,30-May-2024,20650,CE,0,0,0,1814.45,1743.05,0,0,0,0,27-MAR-2024,
OPTIDX,NIFTY,30-May-2024,20700,CE,0,0,0,1743,1696.75,0,0,50,0,27-MAR-2024,
OPTIDX,NIFTY,30-May-2024,20750,CE,0,0,0,1731.15,1650.75,0,0,0,0,27-MAR-2024,
OPTIDX,NIFTY,30-May-2024,20800,CE,0,0,0,1639,1605.1,0,0,50,0,27-MAR-2024,
OPTIDX,NIFTY,30-May-2024,20850,CE,0,0,0,1649.4,1559.75,0,0,0,0,27-MAR-2024,
OPTIDX,NIFTY,30-May-2024,20900,CE,0,0,0,1609.15,1514.75,0,0,0,0,27-MAR-2024,
OPTIDX,NIFTY,30-May-2024,20950,CE,0,0,0,1569.3,1470.15,0,0,0,0,27-MAR-2024,
OPTIDX,NIFTY,30-May-2024,21000,CE,1580,1580,1516.3,1539.4,1539.4,86,969.84,17400,1400,27-MAR-2024,
OPTIDX,NIFTY,30-May-2024,21050,CE,0,0,0,1490.95,1382.25,0,0,0,0,27-MAR-2024,
OPTIDX,NIFTY,30-May-2024,21100,CE,0,0,0,1400,1338.95,0,0,150,0,27-MAR-2024,
OPTIDX,NIFTY,30-May-2024,21150,CE,0,0,0,1414.4,1296.15,0,0,0,0,27-MAR-2024,
OPTIDX,NIFTY,30-May-2024,21200,CE,0,0,0,1199,1253.85,0,0,100,0,27-MAR-2024,
OPTIDX,NIFTY,30-May-2024,21250,CE,0,0,0,1300,1212.05,0,0,50,0,27-MAR-2024,
OPTIDX,NIFTY,30-May-2024,21300,CE,0,0,0,1119,1170.85,0,0,50,0,27-MAR-2024,
OPTIDX,NIFTY,30-May-2024,21350,CE,0,0,0,1267.85,1130.2,0,0,0,0,27-MAR-2024,
OPTIDX,NIFTY,30-May-2024,21400,CE,0,0,0,1181,1090.15,0,0,0,0,27-MAR-2024,
OPTIDX,NIFTY,30-May-2024,21450,CE,0,0,0,1196.35,1050.75,0,0,0,0,27-MAR-2024,
OPTIDX,NIFTY,30-May-2024,21500,CE,1076.95,1153.35,1076.95,1105.6,1105.6,53,599.63,33700,100,27-MAR-2024,
OPTIDX,NIFTY,30-May-2024,21550,CE,0,0,0,1127.95,973.85,0,0,0,0,27-MAR-2024,
OPTIDX,NIFTY,30-May-2024,21600,CE,0,0,0,965.7,936.45,0,0,950,0,27-MAR-2024,
OPTIDX,NIFTY,30-May-2024,21650,CE,0,0,0,880,899.75,0,0,100,0,27-MAR-2024,
OPTIDX,NIFTY,30-May-2024,21700,CE,0,0,0,900,863.8,0,0,450,0,27-MAR-2024,
OPTIDX,NIFTY,30-May-2024,21750,CE,0,0,0,910,828.55,0,0,100,0,27-MAR-2024,
OPTIDX,NIFTY,30-May-2024,21800,CE,815,912.25,815,899.95,899.95,27,306.27,10250,-250,27-MAR-2024,
OPTIDX,NIFTY,30-May-2024,21850,CE,0,0,0,936.15,760.45,0,0,0,0,27-MAR-2024,
OPTIDX,NIFTY,30-May-2024,21900,CE,800,842.05,800,806.65,806.65,5,56.8,5050,50,27-MAR-2024,
OPTIDX,NIFTY,30-May-2024,21950,CE,767.3,767.3,767.25,767.3,767.3,4,45.43,0,-200,27-MAR-2024,
OPTIDX,NIFTY,30-May-2024,22000,CE,708.05,779.85,696,749.35,749.35,1843,20968.13,222250,23700,27-MAR-2024,
OPTIDX,NIFTY,30-May-2024,22050,CE,0,0,0,695,633.85,0,0,250,0,27-MAR-2024,
OPTIDX,NIFTY,30-May-2024,22100,CE,645,729.8,625.55,690.5,690.5,222,2529.26,24250,750,27-MAR-2024,
OPTIDX,NIFTY,30-May-2024,22150,CE,0,0,0,765.35,575.55,0,0,0,0,27-MAR-2024,
OPTIDX,NIFTY,30-May-2024,22200,CE,603.35,635,592.05,612.8,612.8,141,1608.71,24450,600,27-MAR-2024,
OPTIDX,NIFTY,30-May-2024,22250,CE,535.15,597,535.15,597,520.7,3,34.23,150,-50,27-MAR-2024,
OPTIDX,NIFTY,30-May-2024,22300,CE,520,580,503.35,551.75,551.75,112,1279.58,13350,400,27-MAR-2024,
OPTIDX,NIFTY,30-May-2024,22350,CE,0,0,0,663.3,469.3,0,0,0,0,27-MAR-2024,
OPTIDX,NIFTY,30-May-2024,22400,CE,464.75,515,452.35,500.8,500.8,71,812.86,22550,700,27-MAR-2024,
OPTIDX,NIFTY,30-May-2024,22450,CE,520,520,520,520,421.35,1,11.48,950,50,27-MAR-2024,
OPTIDX,NIFTY,30-May-2024,22500,CE,421,472.45,409.5,447.1,447.1,3238,37163.64,315700,49150,27-MAR-2024,
OPTIDX,NIFTY,30-May-2024,22550,CE,0,0,0,570.85,376.8,0,0,0,0,27-MAR-2024,
OPTIDX,NIFTY,30-May-2024,22600,CE,390,425.2,386.4,396.8,396.8,179,2058.64,10000,2450,27-MAR-2024,
OPTIDX,NIFTY,30-May-2024,22650,CE,293.55,293.55,293.55,293.55,335.65,1,11.47,300,0,27-MAR-2024,
OPTIDX,NIFTY,30-May-2024,22700,CE,319.25,369.45,319.25,348.35,348.35,115,1325.4,26850,1550,27-MAR-2024,
OPTIDX,NIFTY,30-May-2024,22750,CE,350,350,350,350,297.75,1,11.55,800,-50,27-MAR-2024,
OPTIDX,NIFTY,30-May-2024,22800,CE,290,320,290,302.85,302.85,238,2749.95,73850,750,27-MAR-2024,
OPTIDX,NIFTY,30-May-2024,22850,CE,0,0,0,282,263.1,0,0,50,0,27-MAR-2024,
OPTIDX,NIFTY,30-May-2024,22900,CE,250.2,277,250.2,270.6,270.6,60,695.06,4550,1000,27-MAR-2024,
OPTIDX,NIFTY,30-May-2024,22950,CE,0,0,0,278,231.5,0,0,1500,0,27-MAR-2024,
OPTIDX,NIFTY,30-May-2024,23000,CE,221.8,247,212.1,230,230,2855,33166.83,298050,12100,27-MAR-2024,
OPTIDX,NIFTY,30-May-2024,23050,CE,0,0,0,203,202.85,0,0,950,0,27-MAR-2024,
OPTIDX,NIFTY,30-May-2024,23100,CE,184,210.15,156,202.1,202.1,36,419.3,5650,250,27-MAR-2024,
OPTIDX,NIFTY,30-May-2024,23150,CE,183,183,183,183,177,1,11.66,150,0,27-MAR-2024,
OPTIDX,NIFTY,30-May-2024,23200,CE,146,178.05,146,167.15,167.15,98,1144.86,43950,1600,27-MAR-2024,
OPTIDX,NIFTY,30-May-2024,23250,CE,0,0,0,177.6,153.8,0,0,400,0,27-MAR-2024,
OPTIDX,NIFTY,30-May-2024,23300,CE,133.5,145.8,130.15,144,144,96,1125.1,14100,-2100,27-MAR-2024,
OPTIDX,NIFTY,30-May-2024,23350,CE,0,0,0,132.95,133.1,0,0,100,0,27-MAR-2024,
OPTIDX,NIFTY,30-May-2024,23400,CE,108.4,128.15,108.4,120.4,120.4,477,5609.74,20350,7500,27-MAR-2024,
OPTIDX,NIFTY,30-May-2024,23450,CE,87.3,87.3,87.3,87.3,87.3,2,23.53,150,50,27-MAR-2024,
OPTIDX,NIFTY,30-May-2024,23500,CE,97.1,110,91,99.75,99.75,3127,36902.18,276550,46350,27-MAR-2024,
OPTIDX,NIFTY,30-May-2024,23550,CE,0,0,0,103,98.35,0,0,300,0,27-MAR-2024,
OPTIDX,NIFTY,30-May-2024,23600,CE,68.05,88,56.7,79.55,79.55,193,2285.34,11700,2900,27-MAR-2024,
OPTIDX,NIFTY,30-May-2024,23650,CE,0,0,0,219.8,84,0,0,0,0,27-MAR-2024,
OPTIDX,NIFTY,30-May-2024,23700,CE,67.6,72,62,64.5,64.5,341,4052.5,16450,9350,27-MAR-2024,
OPTIDX,NIFTY,30-May-2024,23750,CE,64.95,64.95,64.95,64.95,71.45,2,23.81,400,50,27-MAR-2024,
OPTIDX,NIFTY,30-May-2024,23800,CE,44.8,59.3,44.8,55.95,55.95,538,6417.02,31550,11400,27-MAR-2024,
OPTIDX,NIFTY,30-May-2024,23850,CE,0,0,0,180.4,60.5,0,0,0,0,27-MAR-2024,
OPTIDX,NIFTY,30-May-2024,23900,CE,43.1,52,43.1,47.7,47.7,13,155.66,2000,50,27-MAR-2024,
OPTIDX,NIFTY,30-May-2024,23950,CE,0,0,0,45,51,0,0,400,0,27-MAR-2024,
OPTIDX,NIFTY,30-May-2024,24000,CE,40.15,46.6,40,40.65,40.65,2689,32325.37,286450,25100,27-MAR-2024,
OPTIDX,NIFTY,30-May-2024,24050,CE,0,0,0,39,42.8,0,0,300,0,27-MAR-2024,
OPTIDX,NIFTY,30-May-2024,24100,CE,0,0,0,33.3,39.15,0,0,200,0,27-MAR-2024,
OPTIDX,NIFTY,30-May-2024,24150,CE,26.5,26.5,26.5,26.5,35.8,4,48.35,950,0,27-MAR-2024,
OPTIDX,NIFTY,30-May-2024,24200,CE,25.05,34.85,25.05,26.8,26.8,29,351.31,19200,1000,27-MAR-2024,
OPTIDX,NIFTY,30-May-2024,24250,CE,27.95,31.9,23.55,29.4,29.4,15,182.09,4600,250,27-MAR-2024,
OPTIDX,NIFTY,30-May-2024,20050,PE,23.85,23.85,23.85,23.85,23.85,1,10.03,1800,50,27-MAR-2024,
OPTIDX,NIFTY,30-May-2024,20100,PE,24,24.55,20,23.95,23.95,346,3481,19100,12400,27-MAR-2024,
OPTIDX,NIFTY,30-May-2024,20150,PE,0,0,0,31.85,7.75,0,0,300,0,27-MAR-2024,
OPTIDX,NIFTY,30-May-2024,20200,PE,0,0,0,33.6,8.85,0,0,400,0,27-MAR-2024,
OPTIDX,NIFTY,30-May-2024,20250,PE,0,0,0,31,10.1,0,0,3050,0,27-MAR-2024,
OPTIDX,NIFTY,30-May-2024,20300,PE,30.5,31.55,27.45,31.4,11.45,19,193.13,24150,-200,27-MAR-2024,
OPTIDX,NIFTY,30-May-2024,20350,PE,0,0,0,70.45,13,0,0,0,0,27-MAR-2024,
OPTIDX,NIFTY,30-May-2024,20400,PE,25,40,25,40,40,14,143.01,2300,100,27-MAR-2024,
OPTIDX,NIFTY,30-May-2024,20450,PE,0,0,0,81.25,16.6,0,0,0,0,27-MAR-2024,
OPTIDX,NIFTY,30-May-2024,20500,PE,44.6,44.6,39,40.8,40.8,2770,28448.22,405800,7550,27-MAR-2024,
OPTIDX,NIFTY,30-May-2024,20550,PE,0,0,0,59.5,21.05,0,0,450,0,27-MAR-2024,
OPTIDX,NIFTY,30-May-2024,20600,PE,0,0,0,47.95,23.65,0,0,10750,0,27-MAR-2024,
OPTIDX,NIFTY,30-May-2024,20650,PE,42,42,40,40,40,10,103.45,500,0,27-MAR-2024,
OPTIDX,NIFTY,30-May-2024,20700,PE,46.5,47.2,41.4,46.25,46.25,293,3039.27,47050,6400,27-MAR-2024,
OPTIDX,NIFTY,30-May-2024,20750,PE,0,0,0,63.1,32.95,0,0,400,0,27-MAR-2024,
OPTIDX,NIFTY,30-May-2024,20800,PE,55.5,57.5,49.15,55.65,55.65,619,6454.1,45500,14100,27-MAR-2024,
OPTIDX,NIFTY,30-May-2024,20850,PE,0,0,0,50.65,40.75,0,0,500,0,27-MAR-2024,
OPTIDX,NIFTY,30-May-2024,20900,PE,61,61,61,61,45.2,1,10.48,50,50,27-MAR-2024,
OPTIDX,NIFTY,30-May-2024,20950,PE,67.35,67.35,67.3,67.3,67.3,3,31.52,100,50,27-MAR-2024,
OPTIDX,NIFTY,30-May-2024,21000,PE,81.95,81.95,73.4,77.2,77.2,5929,62480.31,622800,83500,27-MAR-2024,
OPTIDX,NIFTY,30-May-2024,21050,PE,0,0,0,153,60.95,0,0,100,0,27-MAR-2024,
OPTIDX,NIFTY,30-May-2024,21100,PE,83.65,83.65,74.1,80.75,80.75,197,2086.13,27900,7150,27-MAR-2024,
OPTIDX,NIFTY,30-May-2024,21150,PE,0,0,0,108.9,73.65,0,0,900,0,27-MAR-2024,
OPTIDX,NIFTY,30-May-2024,21200,PE,84.65,110,84.65,92.6,92.6,1194,12710.86,158700,12650,27-MAR-2024,
OPTIDX,NIFTY,30-May-2024,21250,PE,98.45,98.45,98.45,98.45,88.4,4,42.69,1350,-200,27-MAR-2024,
OPTIDX,NIFTY,30-May-2024,21300,PE,105.45,114.95,100.3,104.6,104.6,826,8839.95,66600,11450,27-MAR-2024,
OPTIDX,NIFTY,30-May-2024,21350,PE,0,0,0,123.1,105.35,0,0,500,0,27-MAR-2024,
OPTIDX,NIFTY,30-May-2024,21400,PE,133.45,135.95,116,119.25,119.25,234,2517.8,56700,6850,27-MAR-2024,
OPTIDX,NIFTY,30-May-2024,21450,PE,0,0,0,139,124.7,0,0,450,0,27-MAR-2024,
OPTIDX,NIFTY,30-May-2024,21500,PE,151.75,156.65,140.45,144.25,144.25,2914,31535.59,322350,1700,27-MAR-2024,
OPTIDX,NIFTY,30-May-2024,21550,PE,0,0,0,157,146.65,0,0,300,0,27-MAR-2024,
OPTIDX,NIFTY,30-May-2024,21600,PE,170,174.1,149.3,161.35,161.35,157,1708.13,17000,-100,27-MAR-2024,
OPTIDX,NIFTY,30-May-2024,21650,PE,0,0,0,177,171.4,0,0,350,0,27-MAR-2024,
OPTIDX,NIFTY,30-May-2024,21700,PE,198.3,198.3,170.5,176.15,176.15,332,3631.33,29950,9800,27-MAR-2024,
OPTIDX,NIFTY,30-May-2024,21750,PE,0,0,0,216.45,199,0,0,300,0,27-MAR-2024,
OPTIDX,NIFTY,30-May-2024,21800,PE,223,223,195,201.85,201.85,486,5346.62,45750,4150,27-MAR-2024,
OPTIDX,NIFTY,30-May-2024,21850,PE,222,222,221.7,221.7,229.7,2,22.07,450,0,27-MAR-2024,
OPTIDX,NIFTY,30-May-2024,21900,PE,252.65,255.9,220.9,230.35,230.35,121,1338.88,19200,1150,27-MAR-2024,
OPTIDX,NIFTY,30-May-2024,21950,PE,277.75,277.75,217.85,247.45,263.6,12,133.25,650,-50,27-MAR-2024,
OPTIDX,NIFTY,30-May-2024,22000,PE,284,287.3,252,259.25,259.25,4216,46930.43,369050,59100,27-MAR-2024,
OPTIDX,NIFTY,30-May-2024,22050,PE,300,300,266.6,266.75,300.75,5,55.84,200,-50,27-MAR-2024,
OPTIDX,NIFTY,30-May-2024,22100,PE,317.9,323.4,282.95,291.75,291.75,413,4623.9,15950,4450,27-MAR-2024,
OPTIDX,NIFTY,30-May-2024,22150,PE,322.2,322.2,313.9,313.9,313.9,2,22.46,450,0,27-MAR-2024,
OPTIDX,NIFTY,30-May-2024,22200,PE,335,338,295.6,327.65,327.65,462,5202.74,30050,4600,27-MAR-2024,
OPTIDX,NIFTY,30-May-2024,22250,PE,0,0,0,576.35,385.3,0,0,0,0,27-MAR-2024,
OPTIDX,NIFTY,30-May-2024,22300,PE,373,375,355,358,358,126,1427.68,8950,-850,27-MAR-2024,
OPTIDX,NIFTY,30-May-2024,22350,PE,0,0,0,405.1,432.7,0,0,150,0,27-MAR-2024,
OPTIDX,NIFTY,30-May-2024,22400,PE,437.25,437.25,390,390,390,100,1140.06,17850,-2050,27-MAR-2024,
OPTIDX,NIFTY,30-May-2024,22450,PE,0,0,0,682.65,483.55,0,0,900,0,27-MAR-2024,
OPTIDX,NIFTY,30-May-2024,22500,PE,490,544.95,437,451.5,451.5,2917,33474.08,259950,61700,27-MAR-2024,
OPTIDX,NIFTY,30-May-2024,22550,PE,0,0,0,650,537.85,0,0,1200,0,27-MAR-2024,
OPTIDX,NIFTY,30-May-2024,22600,PE,527,527,493,493,566.25,8,92.43,2750,150,27-MAR-2024,
OPTIDX,NIFTY,30-May-2024,22650,PE,0,0,0,784.1,595.5,0,0,0,0,27-MAR-2024,
OPTIDX,NIFTY,30-May-2024,22700,PE,610,610,543,547.7,625.55,11,127.92,3950,200,27-MAR-2024,
OPTIDX,NIFTY,30-May-2024,22750,PE,0,0,0,841.9,656.45,0,0,0,0,27-MAR-2024,
OPTIDX,NIFTY,30-May-2024,22800,PE,609,609,585,585,688.15,3,35.08,1250,0,27-MAR-2024,
OPTIDX,NIFTY,30-May-2024,22850,PE,0,0,0,902,720.6,0,0,0,0,27-MAR-2024,
OPTIDX,NIFTY,30-May-2024,22900,PE,0,0,0,710.5,753.85,0,0,450,0,27-MAR-2024,
OPTIDX,NIFTY,30-May-2024,22950,PE,0,0,0,751.1,787.85,0,0,100,0,27-MAR-2024,
OPTIDX,NIFTY,30-May-2024,23000,PE,778.9,796.4,715,736.55,736.55,608,7214.05,97750,6400,27-MAR-2024,
OPTIDX,NIFTY,30-May-2024,23050,PE,0,0,0,1000.95,858,0,0,50,0,27-MAR-2024,
OPTIDX,NIFTY,30-May-2024,23100,PE,0,0,0,1061.75,894.15,0,0,0,0,27-MAR-2024,
OPTIDX,NIFTY,30-May-2024,23150,PE,0,0,0,1095.3,931,0,0,0,0,27-MAR-2024,
OPTIDX,NIFTY,30-May-2024,23200,PE,0,0,0,918.3,968.45,0,0,150,0,27-MAR-2024,
OPTIDX,NIFTY,30-May-2024,23250,PE,0,0,0,1163.9,1006.6,0,0,0,0,27-MAR-2024,
OPTIDX,NIFTY,30-May-2024,23300,PE,0,0,0,1198.9,1045.35,0,0,0,0,27-MAR-2024,
OPTIDX,NIFTY,30-May-2024,23350,PE,0,0,0,1234.45,1084.7,0,0,0,0,27-MAR-2024,
OPTIDX,NIFTY,30-May-2024,23400,PE,0,0,0,1270.45,1124.6,0,0,0,0,27-MAR-2024,
OPTIDX,NIFTY,30-May-2024,23450,PE,0,0,0,1307.9,1165.1,0,0,0,0,27-MAR-2024,
OPTIDX,NIFTY,30-May-2024,23500,PE,1175,1175,1056.3,1073.8,1073.8,34,418.22,4950,150,27-MAR-2024,
OPTIDX,NIFTY,30-May-2024,23550,PE,0,0,0,1382.35,1247.6,0,0,0,0,27-MAR-2024,
OPTIDX,NIFTY,30-May-2024,23600,PE,0,0,0,1419.3,1289.6,0,0,0,0,27-MAR-2024,
OPTIDX,NIFTY,30-May-2024,23650,PE,0,0,0,1457.55,1332.1,0,0,0,0,27-MAR-2024,
OPTIDX,NIFTY,30-May-2024,23700,PE,0,0,0,1496.2,1375,0,0,0,0,27-MAR-2024,
OPTIDX,NIFTY,30-May-2024,23750,PE,0,0,0,1250,1418.35,0,0,100,0,27-MAR-2024,
OPTIDX,NIFTY,30-May-2024,23800,PE,0,0,0,1574.7,1462.1,0,0,0,0,27-MAR-2024,
OPTIDX,NIFTY,30-May-2024,23850,PE,0,0,0,1614.55,1506.25,0,0,0,0,27-MAR-2024,
OPTIDX,NIFTY,30-May-2024,23900,PE,0,0,0,1654.75,1550.75,0,0,0,0,27-MAR-2024,
OPTIDX,NIFTY,30-May-2024,23950,PE,0,0,0,1695.3,1595.55,0,0,0,0,27-MAR-2024,
OPTIDX,NIFTY,30-May-2024,24000,PE,1489.45,1506.55,1489.45,1500,1640.75,3,38.24,1900,50,27-MAR-2024,
OPTIDX,NIFTY,30-May-2024,24050,PE,0,0,0,1777.45,1686.2,0,0,0,0,27-MAR-2024,
OPTIDX,NIFTY,30-May-2024,24100,PE,0,0,0,1819.05,1731.95,0,0,0,0,27-MAR-2024,
OPTIDX,NIFTY,30-May-2024,24150,PE,0,0,0,1860.95,1778,0,0,0,0,27-MAR-2024,
OPTIDX,NIFTY,30-May-2024,24200,PE,0,0,0,1903.2,1824.3,0,0,0,0,27-MAR-2024,
OPTIDX,NIFTY,30-May-2024,24250,PE,0,0,0,1945.7,1870.8,0,0,0,0,27-MAR-2024,
OPTIDX,NIFTY,27-Jun-2024,15000,CE,7278.55,7429.9,7270.65,7364.1,7364.1,2238,25029.01,275050,103250,27-MAR-2024,
OPTIDX,NIFTY,27-Jun-2024,16000,CE,0,0,0,2666.1,6393.55,0,0,0,0,27-MAR-2024,
OPTIDX,NIFTY,27-Jun-2024,17000,CE,5339.25,5464.95,5339.25,5411,5411,42,470.84,5450,2050,27-MAR-2024,
OPTIDX,NIFTY,27-Jun-2024,18000,CE,4400,4500,4381.7,4455.2,4455.2,2382,26763.64,469100,98600,27-MAR-2024,
OPTIDX,NIFTY,27-Jun-2024,18500,CE,4000,4000,3970.1,3970.25,3935.95,7,78.68,4575,50,27-MAR-2024,
OPTIDX,NIFTY,27-Jun-2024,19000,CE,3450,3564.8,3440,3522.7,3522.7,1778,20028.83,328150,54650,27-MAR-2024,
OPTIDX,NIFTY,27-Jun-2024,20000,CE,2552,2646.9,2552,2614.3,2614.3,579,6548.67,283450,14200,27-MAR-2024,
OPTIDX,NIFTY,27-Jun-2024,21000,CE,1672.2,1784.3,1672.2,1743.4,1743.4,772,8782.81,471450,4300,27-MAR-2024,
OPTIDX,NIFTY,27-Jun-2024,22000,CE,971.7,1046.3,960.4,1005.95,1005.95,4310,49606.05,990300,63250,27-MAR-2024,
OPTIDX,NIFTY,27-Jun-2024,23000,CE,444.8,494,444.8,465,465,3149,36965.13,883000,22650,27-MAR-2024,
OPTIDX,NIFTY,27-Jun-2024,24000,CE,175,179.1,161.95,164.35,164.35,5452,65885.96,1044250,9600,27-MAR-2024,
OPTIDX,NIFTY,27-Jun-2024,25000,CE,50,57.6,45.3,51.65,51.65,6798,85150.7,646300,127050,27-MAR-2024,
OPTIDX,NIFTY,27-Jun-2024,26000,CE,26,27,20.5,22.2,22.2,736,9576.55,181900,3750,27-MAR-2024,
OPTIDX,NIFTY,27-Jun-2024,27000,CE,14.5,15.95,12.45,13.1,13.1,114,1539.76,10600,3150,27-MAR-2024,
OPTIDX,NIFTY,27-Jun-2024,14000,PE,0,0,0,3.05,0.05,0,0,7075,0,27-MAR-2024,
OPTIDX,NIFTY,27-Jun-2024,15000,PE,3.85,4.2,3.25,3.75,3.75,2094,15708.67,153425,46100,27-MAR-2024,
OPTIDX,NIFTY,27-Jun-2024,16000,PE,3.05,3.05,3.05,3.05,3.05,4,32,58350,0,27-MAR-2024,
OPTIDX,NIFTY,27-Jun-2024,17000,PE,11.35,13.6,10.55,12.5,12.5,459,3904.31,173650,2000,27-MAR-2024,
OPTIDX,NIFTY,27-Jun-2024,18000,PE,13.05,18.15,12.2,16.25,16.25,4625,41661.96,687750,78000,27-MAR-2024,
OPTIDX,NIFTY,27-Jun-2024,19000,PE,34.6,34.6,29.5,31,31,2742,26091.67,763150,3300,27-MAR-2024,
OPTIDX,NIFTY,27-Jun-2024,20000,PE,77,78,71,73.65,73.65,3314,33261.95,1265300,18350,27-MAR-2024,
OPTIDX,NIFTY,27-Jun-2024,21000,PE,190,197.9,177,181.95,181.95,3334,35309.78,1482100,5700,27-MAR-2024,
OPTIDX,NIFTY,27-Jun-2024,22000,PE,432.4,443.15,407,414.6,414.6,7560,84742.77,1434950,48450,27-MAR-2024,
OPTIDX,NIFTY,27-Jun-2024,23000,PE,905,905,835,850.65,850.65,1858,22156.93,448550,30400,27-MAR-2024,
OPTIDX,NIFTY,27-Jun-2024,24000,PE,1585,1591.8,1497.3,1529.15,1529.15,2123,27080.02,428750,31300,27-MAR-2024,
OPTIDX,NIFTY,27-Jun-2024,25000,PE,2430.3,2440.15,2333,2388.35,2388.35,3194,43686.92,311000,107200,27-MAR-2024,
OPTIDX,NIFTY,27-Jun-2024,26000,PE,3380,3380,3266.5,3307.45,3307.45,389,5699.44,37600,15600,27-MAR-2024,
OPTIDX,NIFTY,27-Jun-2024,27000,PE,0,0,0,8206,4421.5,0,0,0,0,27-MAR-2024,
OPTIDX,NIFTY,26-Sep-2024,16000,CE,0,0,0,4667.4,6656.05,0,0,0,0,27-MAR-2024,
OPTIDX,NIFTY,26-Sep-2024,17000,CE,0,0,0,3800.4,5689.45,0,0,0,0,27-MAR-2024,
OPTIDX,NIFTY,26-Sep-2024,18000,CE,0,0,0,2994.95,4724,0,0,0,0,27-MAR-2024,
OPTIDX,NIFTY,26-Sep-2024,19000,CE,0,0,0,2277.4,3765.65,0,0,0,0,27-MAR-2024,
OPTIDX,NIFTY,26-Sep-2024,20000,CE,0,0,0,1666.45,2834.9,0,0,0,0,27-MAR-2024,
OPTIDX,NIFTY,26-Sep-2024,21000,CE,0,0,0,1173.8,1976.6,0,0,0,0,27-MAR-2024,
OPTIDX,NIFTY,26-Sep-2024,22000,CE,1402,1440,1390,1399.4,1399.4,23,269.27,18900,500,27-MAR-2024,
OPTIDX,NIFTY,26-Sep-2024,23000,CE,820.5,880,820.5,848.25,848.25,210,2505.46,66700,5300,27-MAR-2024,
OPTIDX,NIFTY,26-Sep-2024,24000,CE,421.55,443.95,400.1,414.2,414.2,322,3932.63,58300,7650,27-MAR-2024,
OPTIDX,NIFTY,26-Sep-2024,25000,CE,199.2,205.1,180,185.5,185.5,139,1750.75,68750,650,27-MAR-2024,
OPTIDX,NIFTY,26-Sep-2024,26000,CE,90,91,83.65,91,63,59,769.63,18700,850,27-MAR-2024,
OPTIDX,NIFTY,26-Sep-2024,27000,CE,0,0,0,68.7,22.2,0,0,0,0,27-MAR-2024,
OPTIDX,NIFTY,26-Sep-2024,16000,PE,0,0,0,39.75,0.05,0,0,0,0,27-MAR-2024,
OPTIDX,NIFTY,26-Sep-2024,17000,PE,0,0,0,103.7,0.1,0,0,0,0,27-MAR-2024,
OPTIDX,NIFTY,26-Sep-2024,18000,PE,0,0,0,229.25,1.4,0,0,0,0,27-MAR-2024,
OPTIDX,NIFTY,26-Sep-2024,19000,PE,0,0,0,239.55,9.75,0,0,2850,0,27-MAR-2024,
OPTIDX,NIFTY,26-Sep-2024,20000,PE,0,0,0,762.75,45.7,0,0,0,0,27-MAR-2024,
OPTIDX,NIFTY,26-Sep-2024,21000,PE,226.45,237.35,224.15,227.6,227.6,664,7047.72,317750,7150,27-MAR-2024,
OPTIDX,NIFTY,26-Sep-2024,22000,PE,480.05,480.05,446.15,452.15,452.15,784,8802.09,175850,11250,27-MAR-2024,
OPTIDX,NIFTY,26-Sep-2024,23000,PE,875,875,822.1,836.15,836.15,284,3385.43,65200,4250,27-MAR-2024,
OPTIDX,NIFTY,26-Sep-2024,24000,PE,0,0,0,3149.25,1435.4,0,0,0,0,27-MAR-2024,
OPTIDX,NIFTY,26-Sep-2024,25000,PE,0,0,0,3952.4,2203.85,0,0,0,0,27-MAR-2024,
OPTIDX,NIFTY,26-Sep-2024,26000,PE,0,0,0,4801.5,3074.2,0,0,0,0,27-MAR-2024,
OPTIDX,NIFTY,26-Sep-2024,27000,PE,0,0,0,5681.95,4000.1,0,0,0,0,27-MAR-2024,
OPTIDX,NIFTY,26-Dec-2024,14000,CE,8480,8501,8480,8500.95,8815.35,324,3643.27,42050,16200,27-MAR-2024,
OPTIDX,NIFTY,26-Dec-2024,15000,CE,7700,7703,7695,7703,7864.8,324,3677.51,44500,16200,27-MAR-2024,
OPTIDX,NIFTY,26-Dec-2024,16000,CE,0,0,0,7001,6914.3,0,0,21950,0,27-MAR-2024,
OPTIDX,NIFTY,26-Dec-2024,17000,CE,0,0,0,6020,5964.45,0,0,17100,0,27-MAR-2024,
OPTIDX,NIFTY,26-Dec-2024,18000,CE,5140,5220,5140,5190,5190,20,231.85,23100,-100,27-MAR-2024,
OPTIDX,NIFTY,26-Dec-2024,18500,CE,0,0,0,4400,4548.8,0,0,1000,0,27-MAR-2024,
OPTIDX,NIFTY,26-Dec-2024,19000,CE,4203.55,4359,4203.55,4272.65,4272.65,146,1699.42,75000,-400,27-MAR-2024,
OPTIDX,NIFTY,26-Dec-2024,20000,CE,3400,3469,3332.05,3376.5,3376.5,114,1333.6,71050,-2300,27-MAR-2024,
OPTIDX,NIFTY,26-Dec-2024,21000,CE,2576.6,2660,2506.5,2601.85,2601.85,168,1983.95,117350,2100,27-MAR-2024,
OPTIDX,NIFTY,26-Dec-2024,22000,CE,1885,1936,1885,1900.75,1900.75,181,2164.39,254200,4900,27-MAR-2024,
OPTIDX,NIFTY,26-Dec-2024,23000,CE,1252.35,1300,1252.35,1263.4,1263.4,192,2331.01,177250,2700,27-MAR-2024,
OPTIDX,NIFTY,26-Dec-2024,24000,CE,792.15,815.05,776.9,783.6,783.6,253,3136.94,168450,3450,27-MAR-2024,
OPTIDX,NIFTY,26-Dec-2024,25000,CE,447,463.95,439.9,448.05,448.05,313,3983.64,221550,4150,27-MAR-2024,
OPTIDX,NIFTY,26-Dec-2024,26000,CE,230.9,241.4,222.75,225.8,225.8,121,1587.12,116600,1300,27-MAR-2024,
OPTIDX,NIFTY,26-Dec-2024,27000,CE,110.05,126.7,110.05,116.6,116.6,58,786.38,46900,1550,27-MAR-2024,
OPTIDX,NIFTY,26-Dec-2024,14000,PE,0,0,0,20.5,0.05,0,0,3300,0,27-MAR-2024,
OPTIDX,NIFTY,26-Dec-2024,15000,PE,0,0,0,3.05,0.05,0,0,28700,0,27-MAR-2024,
OPTIDX,NIFTY,26-Dec-2024,16000,PE,0,0,0,9.45,0.1,0,0,17050,0,27-MAR-2024,
OPTIDX,NIFTY,26-Dec-2024,17000,PE,40,40,34.35,37.5,37.5,51,434.44,72500,-900,27-MAR-2024,
OPTIDX,NIFTY,26-Dec-2024,18000,PE,65,65.5,60,61.6,61.6,172,1553.27,291950,-3150,27-MAR-2024,
OPTIDX,NIFTY,26-Dec-2024,19000,PE,90.05,94.7,88.3,92.95,92.95,152,1450.96,405950,350,27-MAR-2024,
OPTIDX,NIFTY,26-Dec-2024,20000,PE,164.35,164.35,156.55,158.9,158.9,674,6793.51,543650,-1050,27-MAR-2024,
OPTIDX,NIFTY,26-Dec-2024,21000,PE,294.95,296,283.1,290.95,290.95,2133,22703.63,994900,4550,27-MAR-2024,
OPTIDX,NIFTY,26-Dec-2024,22000,PE,535,535,510.3,521.8,521.8,1393,15683.69,723200,15700,27-MAR-2024,
OPTIDX,NIFTY,26-Dec-2024,23000,PE,867.65,873,817.2,829.45,829.45,474,5648.17,271700,6300,27-MAR-2024,
OPTIDX,NIFTY,26-Dec-2024,24000,PE,1356.15,1356.15,1297.75,1316.65,1316.65,122,1544.2,72150,300,27-MAR-2024,
OPTIDX,NIFTY,26-Dec-2024,25000,PE,1936.75,1947.45,1888.2,1904,2001.35,35,471.13,33900,-400,27-MAR-2024,
OPTIDX,NIFTY,26-Dec-2024,26000,PE,0,0,0,2800,2779.7,0,0,4400,0,27-MAR-2024,
OPTIDX,NIFTY,26-Dec-2024,27000,PE,0,0,0,4500,3633.8,0,0,50,0,27-MAR-2024,
OPTIDX,NIFTY,26-Jun-2025,16000,CE,0,0,0,3227.55,7418.55,0,0,0,0,27-MAR-2024,
OPTIDX,NIFTY,26-Jun-2025,17000,CE,0,0,0,4165.5,6502.8,0,0,2750,0,27-MAR-2024,
OPTIDX,NIFTY,26-Jun-2025,18000,CE,0,0,0,5150,5594.85,0,0,2200,0,27-MAR-2024,
OPTIDX,NIFTY,26-Jun-2025,19000,CE,0,0,0,3077.9,4705.3,0,0,0,0,27-MAR-2024,
OPTIDX,NIFTY,26-Jun-2025,20000,CE,0,0,0,3180.85,3851.6,0,0,0,0,27-MAR-2024,
OPTIDX,NIFTY,26-Jun-2025,21000,CE,0,0,0,3199.45,3056.5,0,0,0,0,27-MAR-2024,
OPTIDX,NIFTY,26-Jun-2025,22000,CE,0,0,0,2088.15,2343.95,0,0,0,0,27-MAR-2024,
OPTIDX,NIFTY,26-Jun-2025,23000,CE,0,0,0,2003.65,1733.15,0,0,0,0,27-MAR-2024,
OPTIDX,NIFTY,26-Jun-2025,24000,CE,0,0,0,1100.85,1234.2,0,0,0,0,27-MAR-2024,
OPTIDX,NIFTY,26-Jun-2025,25000,CE,0,0,0,600,846.3,0,0,100,0,27-MAR-2024,
OPTIDX,NIFTY,26-Jun-2025,26000,CE,0,0,0,811.85,559.1,0,0,0,0,27-MAR-2024,
OPTIDX,NIFTY,26-Jun-2025,27000,CE,0,0,0,803.5,356.35,0,0,0,0,27-MAR-2024,
OPTIDX,NIFTY,26-Jun-2025,14000,PE,0,0,0,4.35,0.05,0,0,1150,0,27-MAR-2024,
OPTIDX,NIFTY,26-Jun-2025,15000,PE,0,0,0,16.2,0.15,0,0,1800,0,27-MAR-2024,
OPTIDX,NIFTY,26-Jun-2025,16000,PE,0,0,0,129.2,0.95,0,0,100,0,27-MAR-2024,
OPTIDX,NIFTY,26-Jun-2025,17000,PE,0,0,0,3497.35,4.35,0,0,0,0,27-MAR-2024,
OPTIDX,NIFTY,26-Jun-2025,18000,PE,0,0,0,188.1,15.5,0,0,250,0,27-MAR-2024,
OPTIDX,NIFTY,26-Jun-2025,19000,PE,0,0,0,77,45.1,0,0,600000,0,27-MAR-2024,
OPTIDX,NIFTY,26-Jun-2025,20000,PE,0,0,0,336.05,110.55,0,0,456550,0,27-MAR-2024,
OPTIDX,NIFTY,26-Jun-2025,21000,PE,0,0,0,490,234.6,0,0,250,0,27-MAR-2024,
OPTIDX,NIFTY,26-Jun-2025,22000,PE,0,0,0,652.9,441.15,0,0,350,0,27-MAR-2024,
OPTIDX,NIFTY,26-Jun-2025,23000,PE,0,0,0,1020,749.45,0,0,250,0,27-MAR-2024,
OPTIDX,NIFTY,26-Jun-2025,24000,PE,0,0,0,5875.1,1169.65,0,0,0,0,27-MAR-2024,
OPTIDX,NIFTY,26-Jun-2025,25000,PE,0,0,0,6576.35,1700.85,0,0,0,0,27-MAR-2024,
OPTIDX,NIFTY,26-Jun-2025,26000,PE,0,0,0,7299,2332.85,0,0,0,0,27-MAR-2024,
OPTIDX,NIFTY,26-Jun-2025,27000,PE,0,0,0,7438.15,3049.2,0,0,0,0,27-MAR-2024,
OPTIDX,NIFTY,24-Dec-2025,16000,CE,0,0,0,7200,7904.35,0,0,50,0,27-MAR-2024,
OPTIDX,NIFTY,24-Dec-2025,17000,CE,0,0,0,5080,7021.75,0,0,650,0,27-MAR-2024,
OPTIDX,NIFTY,24-Dec-2025,18000,CE,0,0,0,6099.95,6149,0,0,5650,0,27-MAR-2024,
OPTIDX,NIFTY,24-Dec-2025,19000,CE,0,0,0,5615,5295.6,0,0,3150,0,27-MAR-2024,
OPTIDX,NIFTY,24-Dec-2025,19500,CE,0,0,0,5100,4880.25,0,0,1350,0,27-MAR-2024,
OPTIDX,NIFTY,24-Dec-2025,20000,CE,0,0,0,3800,4475,0,0,300,0,27-MAR-2024,
OPTIDX,NIFTY,24-Dec-2025,21000,CE,0,0,0,1400,3703.1,0,0,100,0,27-MAR-2024,
OPTIDX,NIFTY,24-Dec-2025,22000,CE,0,0,0,3480,2996.2,0,0,850,0,27-MAR-2024,
OPTIDX,NIFTY,24-Dec-2025,23000,CE,0,0,0,2980,2368,0,0,2450,0,27-MAR-2024,
OPTIDX,NIFTY,24-Dec-2025,24000,CE,0,0,0,2030,1827.15,0,0,200,0,27-MAR-2024,
OPTIDX,NIFTY,24-Dec-2025,25000,CE,0,0,0,1222.85,1376.5,0,0,0,0,27-MAR-2024,
OPTIDX,NIFTY,24-Dec-2025,26000,CE,0,0,0,1070.85,1012.9,0,0,0,0,27-MAR-2024,
OPTIDX,NIFTY,24-Dec-2025,27000,CE,0,0,0,1071,728.5,0,0,0,0,27-MAR-2024,
OPTIDX,NIFTY,24-Dec-2025,13000,PE,0,0,0,400,0.05,0,0,150,0,27-MAR-2024,
OPTIDX,NIFTY,24-Dec-2025,15000,PE,0,0,0,62.15,0.65,0,0,1100,0,27-MAR-2024,
OPTIDX,NIFTY,24-Dec-2025,16000,PE,0,0,0,139.95,2.65,0,0,2150,0,27-MAR-2024,
OPTIDX,NIFTY,24-Dec-2025,16500,PE,0,0,0,44.6,5,0,0,2600,0,27-MAR-2024,
OPTIDX,NIFTY,24-Dec-2025,17000,PE,0,0,0,31.5,8.9,0,0,2400,0,27-MAR-2024,
OPTIDX,NIFTY,24-Dec-2025,18000,PE,0,0,0,52.7,25.05,0,0,3050,0,27-MAR-2024,
OPTIDX,NIFTY,24-Dec-2025,19000,PE,0,0,0,106.7,60.55,0,0,3050,0,27-MAR-2024,
OPTIDX,NIFTY,24-Dec-2025,20000,PE,0,0,0,219.9,128.8,0,0,4500,0,27-MAR-2024,
OPTIDX,NIFTY,24-Dec-2025,21000,PE,0,0,0,570,245.75,0,0,3200,0,27-MAR-2024,
OPTIDX,NIFTY,24-Dec-2025,22000,PE,0,0,0,801,427.75,0,0,2350,0,27-MAR-2024,
OPTIDX,NIFTY,24-Dec-2025,23000,PE,1130,1130,1030,1102.05,1102.05,12,144.51,4250,250,27-MAR-2024,
OPTIDX,NIFTY,24-Dec-2025,24000,PE,0,0,0,5649,1036.45,0,0,0,0,27-MAR-2024,
OPTIDX,NIFTY,24-Dec-2025,25000,PE,0,0,0,6310.55,1474.65,0,0,0,0,27-MAR-2024,
OPTIDX,NIFTY,24-Dec-2025,26000,PE,0,0,0,6993.25,1999.9,0,0,0,0,27-MAR-2024,
OPTIDX,NIFTY,24-Dec-2025,27000,PE,0,0,0,7112.8,2604.45,0,0,0,0,27-MAR-2024,
OPTIDX,NIFTY,25-Jun-2026,12000,CE,0,0,0,8690,11812.15,0,0,50,0,27-MAR-2024,
OPTIDX,NIFTY,25-Jun-2026,16000,CE,0,0,0,4748.3,8379.6,0,0,0,0,27-MAR-2024,
OPTIDX,NIFTY,25-Jun-2026,17000,CE,0,0,0,4348.25,7528.8,0,0,0,0,27-MAR-2024,
OPTIDX,NIFTY,25-Jun-2026,18000,CE,0,0,0,4150,6688.55,0,0,200,0,27-MAR-2024,
OPTIDX,NIFTY,25-Jun-2026,19000,CE,0,0,0,5792,5866.8,0,0,100,0,27-MAR-2024,
OPTIDX,NIFTY,25-Jun-2026,20000,CE,0,0,0,3829.5,5074,0,0,0,0,27-MAR-2024,
OPTIDX,NIFTY,25-Jun-2026,21000,CE,0,0,0,3881.9,4322,0,0,0,0,27-MAR-2024,
OPTIDX,NIFTY,25-Jun-2026,22000,CE,0,0,0,2722.55,3622.8,0,0,0,0,27-MAR-2024,
OPTIDX,NIFTY,25-Jun-2026,23000,CE,0,0,0,2645.65,2986.75,0,0,0,0,27-MAR-2024,
OPTIDX,NIFTY,25-Jun-2026,24000,CE,0,0,0,1698.3,2421.35,0,0,0,0,27-MAR-2024,
OPTIDX,NIFTY,25-Jun-2026,25000,CE,0,0,0,1510.4,1930.45,0,0,0,0,27-MAR-2024,
OPTIDX,NIFTY,25-Jun-2026,26000,CE,0,0,0,1343.15,1514,0,0,0,0,27-MAR-2024,
OPTIDX,NIFTY,25-Jun-2026,27000,CE,0,0,0,1352.8,1168.65,0,0,0,0,27-MAR-2024,
OPTIDX,NIFTY,25-Jun-2026,12000,PE,0,0,0,10.05,0.05,0,0,500,0,27-MAR-2024,
OPTIDX,NIFTY,25-Jun-2026,13000,PE,0,0,0,45.25,0.05,0,0,200,0,27-MAR-2024,
OPTIDX,NIFTY,25-Jun-2026,14000,PE,0,0,0,300,0.35,0,0,100,0,27-MAR-2024,
OPTIDX,NIFTY,25-Jun-2026,15000,PE,0,0,0,105.5,1.4,0,0,850,0,27-MAR-2024,
OPTIDX,NIFTY,25-Jun-2026,16000,PE,0,0,0,54.8,4.65,0,0,500,0,27-MAR-2024,
OPTIDX,NIFTY,25-Jun-2026,17000,PE,0,0,0,2627.25,13.15,0,0,0,0,27-MAR-2024,
OPTIDX,NIFTY,25-Jun-2026,18000,PE,0,0,0,3088.05,32.2,0,0,0,0,27-MAR-2024,
OPTIDX,NIFTY,25-Jun-2026,19000,PE,0,0,0,140.45,69.75,0,0,100,0,27-MAR-2024,
OPTIDX,NIFTY,25-Jun-2026,20000,PE,0,0,0,3159.75,136.25,0,0,0,0,27-MAR-2024,
OPTIDX,NIFTY,25-Jun-2026,21000,PE,0,0,0,3065.6,243.55,0,0,0,0,27-MAR-2024,
OPTIDX,NIFTY,25-Jun-2026,22000,PE,0,0,0,3829.5,403.6,0,0,0,0,27-MAR-2024,
OPTIDX,NIFTY,25-Jun-2026,23000,PE,0,0,0,859.2,626.9,0,0,150,0,27-MAR-2024,
OPTIDX,NIFTY,25-Jun-2026,24000,PE,0,0,0,5437.7,920.8,0,0,0,0,27-MAR-2024,
OPTIDX,NIFTY,25-Jun-2026,25000,PE,0,0,0,6063.1,1289.15,0,0,0,0,27-MAR-2024,
OPTIDX,NIFTY,25-Jun-2026,26000,PE,0,0,0,6709.2,1732,0,0,0,0,27-MAR-2024,
OPTIDX,NIFTY,25-Jun-2026,27000,PE,0,0,0,6810.7,2245.95,0,0,0,0,27-MAR-2024,
OPTIDX,NIFTY,31-Dec-2026,16000,CE,0,0,0,6200,8853.8,0,0,50,0,27-MAR-2024,
OPTIDX,NIFTY,31-Dec-2026,17000,CE,0,0,0,4955.1,8034,0,0,0,0,27-MAR-2024,
OPTIDX,NIFTY,31-Dec-2026,18000,CE,0,0,0,4501.45,7224.65,0,0,0,0,27-MAR-2024,
OPTIDX,NIFTY,31-Dec-2026,19000,CE,0,0,0,6000,6432.25,0,0,200,0,27-MAR-2024,
OPTIDX,NIFTY,31-Dec-2026,20000,CE,0,0,0,3704.3,5665.1,0,0,0,0,27-MAR-2024,
OPTIDX,NIFTY,31-Dec-2026,21000,CE,0,0,0,3356.25,4932.25,0,0,0,0,27-MAR-2024,
OPTIDX,NIFTY,31-Dec-2026,22000,CE,0,0,0,3039,4242.95,0,0,0,0,27-MAR-2024,
OPTIDX,NIFTY,31-Dec-2026,23000,CE,0,0,0,2020,3605.3,0,0,500,0,27-MAR-2024,
OPTIDX,NIFTY,31-Dec-2026,24000,CE,0,0,0,2010.65,3025.8,0,0,0,0,27-MAR-2024,
OPTIDX,NIFTY,31-Dec-2026,25000,CE,0,0,0,1811.2,2508.3,0,0,0,0,27-MAR-2024,
OPTIDX,NIFTY,31-Dec-2026,26000,CE,0,0,0,1631.05,2054.4,0,0,0,0,27-MAR-2024,
OPTIDX,NIFTY,31-Dec-2026,27000,CE,0,0,0,1651.65,1663,0,0,0,0,27-MAR-2024,
OPTIDX,NIFTY,31-Dec-2026,12000,PE,0,0,0,250.1,0.05,0,0,600,0,27-MAR-2024,
OPTIDX,NIFTY,31-Dec-2026,13000,PE,0,0,0,450,0.15,0,0,200,0,27-MAR-2024,
OPTIDX,NIFTY,31-Dec-2026,14000,PE,0,0,0,500,0.65,0,0,950,0,27-MAR-2024,
OPTIDX,NIFTY,31-Dec-2026,15000,PE,0,0,0,23,2.3,0,0,2200,0,27-MAR-2024,
OPTIDX,NIFTY,31-Dec-2026,16000,PE,0,0,0,27.95,6.6,0,0,2450,0,27-MAR-2024,
OPTIDX,NIFTY,31-Dec-2026,17000,PE,0,0,0,36.3,16.6,0,0,3150,0,27-MAR-2024,
OPTIDX,NIFTY,31-Dec-2026,18000,PE,0,0,0,196.35,37,0,0,6050,0,27-MAR-2024,
OPTIDX,NIFTY,31-Dec-2026,19000,PE,0,0,0,139.95,74.4,0,0,3250,0,27-MAR-2024,
OPTIDX,NIFTY,31-Dec-2026,20000,PE,490,490,395.05,444.95,137,14,143.1,3750,-300,27-MAR-2024,
OPTIDX,NIFTY,31-Dec-2026,21000,PE,0,0,0,649,233.95,0,0,850,0,27-MAR-2024,
OPTIDX,NIFTY,31-Dec-2026,22000,PE,0,0,0,609.65,374.4,0,0,100,0,27-MAR-2024,
OPTIDX,NIFTY,31-Dec-2026,23000,PE,814,1340,814,1030.05,566.6,14,168.84,6350,150,27-MAR-2024,
OPTIDX,NIFTY,31-Dec-2026,24000,PE,0,0,0,5233.45,816.8,0,0,0,0,27-MAR-2024,
OPTIDX,NIFTY,31-Dec-2026,25000,PE,0,0,0,5825.75,1129.15,0,0,0,0,27-MAR-2024,
OPTIDX,NIFTY,31-Dec-2026,26000,PE,0,0,0,6437.4,1505,0,0,0,0,27-MAR-2024,
OPTIDX,NIFTY,31-Dec-2026,27000,PE,0,0,0,6522.3,1943.4,0,0,0,0,27-MAR-2024,
OPTIDX,NIFTY,24-Jun-2027,16000,CE,0,0,0,4898.4,9278.1,0,0,0,0,27-MAR-2024,
OPTIDX,NIFTY,24-Jun-2027,17000,CE,0,0,0,4464.7,8485.55,0,0,0,0,27-MAR-2024,
OPTIDX,NIFTY,24-Jun-2027,18000,CE,0,0,0,4066.45,7702.85,0,0,0,0,27-MAR-2024,
OPTIDX,NIFTY,24-Jun-2027,19000,CE,0,0,0,3701.25,6935.65,0,0,100,0,27-MAR-2024,
OPTIDX,NIFTY,24-Jun-2027,20000,CE,0,0,0,3367.05,6190.55,0,0,0,0,27-MAR-2024,
OPTIDX,NIFTY,24-Jun-2027,21000,CE,0,0,0,3061.8,5474.95,0,0,0,0,27-MAR-2024,
OPTIDX,NIFTY,24-Jun-2027,22000,CE,0,0,0,2783.5,4796.25,0,0,0,0,27-MAR-2024,
OPTIDX,NIFTY,24-Jun-2027,23000,CE,0,0,0,2530.05,4161.2,0,0,0,0,27-MAR-2024,
OPTIDX,NIFTY,24-Jun-2027,24000,CE,0,0,0,2299.55,3575.3,0,0,0,0,27-MAR-2024,
OPTIDX,NIFTY,24-Jun-2027,25000,CE,0,0,0,2090.05,3042.4,0,0,0,0,27-MAR-2024,
OPTIDX,NIFTY,24-Jun-2027,26000,CE,0,0,0,1900.85,2564.55,0,0,0,0,27-MAR-2024,
OPTIDX,NIFTY,24-Jun-2027,27000,CE,0,0,0,1932.5,2142,0,0,0,0,27-MAR-2024,
OPTIDX,NIFTY,24-Jun-2027,16000,PE,0,0,0,1476.1,8.1,0,0,0,0,27-MAR-2024,
OPTIDX,NIFTY,24-Jun-2027,17000,PE,0,0,0,1814.75,18.9,0,0,0,0,27-MAR-2024,
OPTIDX,NIFTY,24-Jun-2027,18000,PE,0,0,0,2188.9,39.6,0,0,0,0,27-MAR-2024,
OPTIDX,NIFTY,24-Jun-2027,19000,PE,0,0,0,170,75.7,0,0,250,0,27-MAR-2024,
OPTIDX,NIFTY,24-Jun-2027,20000,PE,0,0,0,3034.2,134,0,0,0,0,27-MAR-2024,
OPTIDX,NIFTY,24-Jun-2027,21000,PE,0,0,0,353.5,221.75,0,0,50,0,27-MAR-2024,
OPTIDX,NIFTY,24-Jun-2027,22000,PE,0,0,0,3995.4,346.4,0,0,0,0,27-MAR-2024,
OPTIDX,NIFTY,24-Jun-2027,23000,PE,0,0,0,4514.3,514.7,0,0,0,0,27-MAR-2024,
OPTIDX,NIFTY,24-Jun-2027,24000,PE,0,0,0,5056.2,732.15,0,0,0,0,27-MAR-2024,
OPTIDX,NIFTY,24-Jun-2027,25000,PE,0,0,0,5619.05,1002.65,0,0,0,0,27-MAR-2024,
OPTIDX,NIFTY,24-Jun-2027,26000,PE,0,0,0,6202.2,1328.15,0,0,0,0,27-MAR-2024,
OPTIDX,NIFTY,24-Jun-2027,27000,PE,0,0,0,6273.45,1708.95,0,0,0,0,27-MAR-2024,
OPTIDX,NIFTY,30-Dec-2027,16000,CE,0,0,0,7354.45,9720.85,0,0,0,0,27-MAR-2024,
OPTIDX,NIFTY,30-Dec-2027,17000,CE,0,0,0,6805.5,8956.2,0,0,0,0,27-MAR-2024,
OPTIDX,NIFTY,30-Dec-2027,18000,CE,0,0,0,6285.7,8200.8,0,0,0,0,27-MAR-2024,
OPTIDX,NIFTY,30-Dec-2027,19000,CE,0,0,0,5794.9,7459.15,0,0,0,0,27-MAR-2024,
OPTIDX,NIFTY,30-Dec-2027,20000,CE,0,0,0,5333.85,6736.75,0,0,0,0,27-MAR-2024,
OPTIDX,NIFTY,30-Dec-2027,21000,CE,0,0,0,4902.4,6039.6,0,0,0,0,27-MAR-2024,
OPTIDX,NIFTY,30-Dec-2027,22000,CE,0,0,0,4499.55,5373.65,0,0,0,0,27-MAR-2024,
OPTIDX,NIFTY,30-Dec-2027,23000,CE,0,0,0,4125.7,4744.45,0,0,0,0,27-MAR-2024,
OPTIDX,NIFTY,30-Dec-2027,24000,CE,0,0,0,3778.95,4156.75,0,0,0,0,27-MAR-2024,
OPTIDX,NIFTY,30-Dec-2027,25000,CE,0,0,0,3458.35,3614.2,0,0,0,0,27-MAR-2024,
OPTIDX,NIFTY,30-Dec-2027,26000,CE,0,0,0,3162.4,3119,0,0,0,0,27-MAR-2024,
OPTIDX,NIFTY,30-Dec-2027,27000,CE,0,0,0,2889.8,2672.15,0,0,0,0,27-MAR-2024,
OPTIDX,NIFTY,30-Dec-2027,15000,PE,0,0,0,27.8,3.85,0,0,350,0,27-MAR-2024,
OPTIDX,NIFTY,30-Dec-2027,16000,PE,0,0,0,479.35,9.35,0,0,0,0,27-MAR-2024,
OPTIDX,NIFTY,30-Dec-2027,17000,PE,0,0,0,514,20.5,0,0,14250,0,27-MAR-2024,
OPTIDX,NIFTY,30-Dec-2027,18000,PE,0,0,0,74.8,40.85,0,0,10500,0,27-MAR-2024,
OPTIDX,NIFTY,30-Dec-2027,19000,PE,0,0,0,760,74.95,0,0,700,0,27-MAR-2024,
OPTIDX,NIFTY,30-Dec-2027,20000,PE,0,0,0,524.65,128.35,0,0,2550,0,27-MAR-2024,
OPTIDX,NIFTY,30-Dec-2027,21000,PE,0,0,0,1563.55,206.95,0,0,0,0,27-MAR-2024,
OPTIDX,NIFTY,30-Dec-2027,22000,PE,0,0,0,1867.9,316.75,0,0,0,0,27-MAR-2024,
OPTIDX,NIFTY,30-Dec-2027,23000,PE,0,0,0,2201.3,463.3,0,0,0,0,27-MAR-2024,
OPTIDX,NIFTY,30-Dec-2027,24000,PE,0,0,0,2561.85,651.4,0,0,0,0,27-MAR-2024,
OPTIDX,NIFTY,30-Dec-2027,25000,PE,0,0,0,2948.45,884.55,0,0,0,0,27-MAR-2024,
OPTIDX,NIFTY,30-Dec-2027,26000,PE,0,0,0,3359.75,1165.15,0,0,0,0,27-MAR-2024,
OPTIDX,NIFTY,30-Dec-2027,27000,PE,0,0,0,3794.4,1494.05,0,0,0,0,27-MAR-2024,
OPTIDX,NIFTY,29-Jun-2028,16000,CE,0,0,0,8002.3,10132.5,0,0,0,0,27-MAR-2024,
OPTIDX,NIFTY,29-Jun-2028,17000,CE,0,0,0,7393.45,9393.55,0,0,0,0,27-MAR-2024,
OPTIDX,NIFTY,29-Jun-2028,18000,CE,0,0,0,6809.35,8663,0,0,0,0,27-MAR-2024,
OPTIDX,NIFTY,29-Jun-2028,19000,CE,0,0,0,6252.25,7944.8,0,0,0,0,27-MAR-2024,
OPTIDX,NIFTY,29-Jun-2028,20000,CE,0,0,0,5724.65,7243.5,0,0,0,0,27-MAR-2024,
OPTIDX,NIFTY,29-Jun-2028,21000,CE,0,0,0,5226.55,6563.95,0,0,0,0,27-MAR-2024,
OPTIDX,NIFTY,29-Jun-2028,22000,CE,0,0,0,4759.5,5911.2,0,0,0,0,27-MAR-2024,
OPTIDX,NIFTY,29-Jun-2028,23000,CE,0,0,0,4323.1,5289.95,0,0,0,0,27-MAR-2024,
OPTIDX,NIFTY,29-Jun-2028,24000,CE,0,0,0,3918.85,4704.2,0,0,0,0,27-MAR-2024,
OPTIDX,NIFTY,29-Jun-2028,25000,CE,0,0,0,3545.15,4157.35,0,0,0,0,27-MAR-2024,
OPTIDX,NIFTY,29-Jun-2028,26000,CE,0,0,0,3200.9,3651.7,0,0,0,0,27-MAR-2024,
OPTIDX,NIFTY,29-Jun-2028,27000,CE,0,0,0,2885.15,3188.55,0,0,0,0,27-MAR-2024,
OPTIDX,NIFTY,29-Jun-2028,16000,PE,0,0,0,194.2,10.2,0,0,0,0,27-MAR-2024,
OPTIDX,NIFTY,29-Jun-2028,17000,PE,0,0,0,283.1,21.35,0,0,0,0,27-MAR-2024,
OPTIDX,NIFTY,29-Jun-2028,18000,PE,0,0,0,396.75,40.9,0,0,0,0,27-MAR-2024,
OPTIDX,NIFTY,29-Jun-2028,19000,PE,0,0,0,537.45,72.8,0,0,0,0,27-MAR-2024,
OPTIDX,NIFTY,29-Jun-2028,20000,PE,0,0,0,707.55,121.55,0,0,0,0,27-MAR-2024,
OPTIDX,NIFTY,29-Jun-2028,21000,PE,0,0,0,907.2,192.1,0,0,0,0,27-MAR-2024,
OPTIDX,NIFTY,29-Jun-2028,22000,PE,0,0,0,1137.9,289.45,0,0,0,0,27-MAR-2024,
OPTIDX,NIFTY,29-Jun-2028,23000,PE,0,0,0,1399.25,418.25,0,0,0,0,27-MAR-2024,
OPTIDX,NIFTY,29-Jun-2028,24000,PE,0,0,0,1692.75,582.6,0,0,0,0,27-MAR-2024,
OPTIDX,NIFTY,29-Jun-2028,25000,PE,0,0,0,2016.8,785.85,0,0,0,0,27-MAR-2024,
OPTIDX,NIFTY,29-Jun-2028,26000,PE,0,0,0,2370.3,1030.25,0,0,0,0,27-MAR-2024,
OPTIDX,NIFTY,29-Jun-2028,27000,PE,0,0,0,2752.35,1317.2,0,0,0,0,27-MAR-2024,
OPTIDX,NIFTY,28-Dec-2028,16000,CE,0,0,0,10704.45,10530.25,0,0,0,0,27-MAR-2024,
OPTIDX,NIFTY,28-Dec-2028,17000,CE,0,0,0,10036.4,9815.85,0,0,0,0,27-MAR-2024,
OPTIDX,NIFTY,28-Dec-2028,18000,CE,0,0,0,9380.3,9109.15,0,0,0,0,27-MAR-2024,
OPTIDX,NIFTY,28-Dec-2028,19000,CE,0,0,0,8739,8413.45,0,0,0,0,27-MAR-2024,
OPTIDX,NIFTY,28-Dec-2028,20000,CE,0,0,0,8115.5,7732.55,0,0,0,0,27-MAR-2024,
OPTIDX,NIFTY,28-Dec-2028,21000,CE,0,0,0,7512.5,7070.6,0,0,0,0,27-MAR-2024,
OPTIDX,NIFTY,28-Dec-2028,22000,CE,0,0,0,6932.45,6431.75,0,0,0,0,27-MAR-2024,
OPTIDX,NIFTY,28-Dec-2028,23000,CE,0,0,0,6377.6,5820,0,0,0,0,27-MAR-2024,
OPTIDX,NIFTY,28-Dec-2028,24000,CE,0,0,0,5850.3,5238.95,0,0,0,0,27-MAR-2024,
OPTIDX,NIFTY,28-Dec-2028,25000,CE,0,0,0,5350.4,4691.6,0,0,0,0,27-MAR-2024,
OPTIDX,NIFTY,28-Dec-2028,26000,CE,0,0,0,4879.7,4180.1,0,0,0,0,27-MAR-2024,
OPTIDX,NIFTY,28-Dec-2028,27000,CE,0,0,0,4437.95,3706.05,0,0,0,0,27-MAR-2024,
OPTIDX,NIFTY,28-Dec-2028,16000,PE,0,0,0,39.6,10.75,0,0,0,0,27-MAR-2024,
OPTIDX,NIFTY,28-Dec-2028,17000,PE,0,0,0,66.15,21.65,0,0,0,0,27-MAR-2024,
OPTIDX,NIFTY,28-Dec-2028,18000,PE,0,0,0,104.65,40.2,0,0,0,0,27-MAR-2024,
OPTIDX,NIFTY,28-Dec-2028,19000,PE,0,0,0,158,69.75,0,0,0,0,27-MAR-2024,
OPTIDX,NIFTY,28-Dec-2028,20000,PE,0,0,0,229.1,114.1,0,0,0,0,27-MAR-2024,
OPTIDX,NIFTY,28-Dec-2028,21000,PE,0,0,0,320.7,177.4,0,0,0,0,27-MAR-2024,
OPTIDX,NIFTY,28-Dec-2028,22000,PE,0,0,0,435.3,263.8,0,0,0,0,27-MAR-2024,
OPTIDX,NIFTY,28-Dec-2028,23000,PE,0,0,0,575.05,377.35,0,0,0,0,27-MAR-2024,
OPTIDX,NIFTY,28-Dec-2028,24000,PE,0,0,0,742.35,521.55,0,0,0,0,27-MAR-2024,
OPTIDX,NIFTY,28-Dec-2028,25000,PE,0,0,0,937.05,699.4,0,0,0,0,27-MAR-2024,
OPTIDX,NIFTY,28-Dec-2028,26000,PE,0,0,0,1160.95,913.2,0,0,0,0,27-MAR-2024,
OPTIDX,NIFTY,28-Dec-2028,27000,PE,0,0,0,1413.85,1164.4,0,0,0,0,27-MAR-2024,
