INSTRUMENT,SYMBOL,EXPIRY_DT,STRIKE_PR,OPTION_TYP,OPEN,HIGH,LOW,CLOSE,SETTLE_PR,CONTRACTS,VAL_INLAKH,OPEN_INT,CHG_IN_OI,TIMESTAMP,
FUTIDX,NIFTY,28-Mar-2024,0,XX,22194.35,22528.8,22183.95,22342.3,22326.9,163349,1827459.91,5298700,-712150,28-MAR-2024,
FUTIDX,NIFTY,25-Apr-2024,0,XX,22340,22640,22340,22488.2,22488.2,252094,2838429.82,10663650,2310850,28-MAR-2024,
FUTIDX,NIFTY,30-May-2024,0,XX,22510,22779.95,22503.1,22635.1,22635.1,16271,184400.89,1563400,15300,28-MAR-2024,
OPTIDX,NIFTY,28-Mar-2024,14000,CE,8231,8526.1,8231,8317.2,22326.9,2581,28912.08,46150,-72750,28-MAR-2024,
OPTIDX,NIFTY,28-Mar-2024,15000,CE,7382,7536.55,7310,7360.25,22326.9,212,2374.51,9400,-2050,28-MAR-2024,
OPTIDX,NIFTY,28-Mar-2024,16000,CE,6320,6535,6301,6350.2,22326.9,92,1031.65,9250,-2800,28-MAR-2024,
OPTIDX,NIFTY,28-Mar-2024,17000,CE,5272.95,5555.35,5237,5383.7,22326.9,805,9034.91,30650,-18050,28-MAR-2024,
OPTIDX,NIFTY,28-Mar-2024,18000,CE,4200.15,4537.7,4200.15,4343.55,22326.9,3845,43028.96,197850,-14800,28-MAR-2024,
OPTIDX,NIFTY,28-Mar-2024,19000,CE,3193.85,3538.1,3193.85,3348,22326.9,5041,56430.03,55300,-212800,28-MAR-2024,
OPTIDX,NIFTY,28-Mar-2024,19500,CE,2743.3,3028.35,2725,2846.4,22326.9,694,7775.16,26750,-12950,28-MAR-2024,
OPTIDX,NIFTY,28-Mar-2024,19550,CE,0,0,0,2683.5,22326.9,0,0,2100,0,28-MAR-2024,
OPTIDX,NIFTY,28-Mar-2024,19600,CE,2630.65,2922,2630.65,2799.2,22326.9,91,1017.95,850,-3400,28-MAR-2024,
OPTIDX,NIFTY,28-Mar-2024,19650,CE,0,0,0,2564,22326.9,0,0,800,0,28-MAR-2024,
OPTIDX,NIFTY,28-Mar-2024,19700,CE,2532.9,2845.6,2532.9,2648.95,22326.9,48,538.05,3450,-1000,28-MAR-2024,
OPTIDX,NIFTY,28-Mar-2024,19750,CE,0,0,0,2251.5,22326.9,0,0,200,0,28-MAR-2024,
OPTIDX,NIFTY,28-Mar-2024,19800,CE,2432.9,2725,2432.9,2491.8,22326.9,43,481.62,5600,-1350,28-MAR-2024,
OPTIDX,NIFTY,28-Mar-2024,19850,CE,0,0,0,2204.45,22326.9,0,0,150,0,28-MAR-2024,
OPTIDX,NIFTY,28-Mar-2024,19900,CE,2500,2562.7,2395,2451,22326.9,23,257.58,3250,-350,28-MAR-2024,
OPTIDX,NIFTY,28-Mar-2024,19950,CE,2540,2540,2440,2440,22326.9,2,22.44,100,-100,28-MAR-2024,
OPTIDX,NIFTY,28-Mar-2024,20000,CE,2194,2533.1,2190,2326.7,22326.9,5440,60852.62,200600,-157900,28-MAR-2024,
OPTIDX,NIFTY,28-Mar-2024,20050,CE,2272.85,2272.85,2272.85,2272.85,22326.9,1,11.16,1100,-50,28-MAR-2024,
OPTIDX,NIFTY,28-Mar-2024,20100,CE,2109,2435.75,2109,2206.65,22326.9,39,436.88,1050,-1150,28-MAR-2024,
OPTIDX,NIFTY,28-Mar-2024,20150,CE,2236,2236,2137,2137,22326.9,3,33.52,500,-150,28-MAR-2024,
OPTIDX,NIFTY,28-Mar-2024,20200,CE,2024,2320.1,2024,2160.4,22326.9,336,3762.92,2900,-11750,28-MAR-2024,
OPTIDX,NIFTY,28-Mar-2024,20250,CE,2100,2240,2100,2240,22326.9,8,89.77,500,0,28-MAR-2024,
OPTIDX,NIFTY,28-Mar-2024,20300,CE,1921,2244.4,1921,2067.85,22326.9,104,1167.12,2800,-1550,28-MAR-2024,
OPTIDX,NIFTY,28-Mar-2024,20350,CE,2090,2090,2090,2090,22326.9,1,11.22,650,0,28-MAR-2024,
OPTIDX,NIFTY,28-Mar-2024,20400,CE,1814.55,2115,1814.55,1973.45,22326.9,206,2310.3,5150,-3900,28-MAR-2024,
OPTIDX,NIFTY,28-Mar-2024,20450,CE,1798.1,2014.7,1770.25,2011,22326.9,88,979.14,1300,700,28-MAR-2024,
OPTIDX,NIFTY,28-Mar-2024,20500,CE,1730,2027,1725,1832.3,22326.9,1737,19438.94,77650,-10550,28-MAR-2024,
OPTIDX,NIFTY,28-Mar-2024,20550,CE,1649.4,1906.5,1624.35,1815.4,22326.9,247,2744.37,1650,-150,28-MAR-2024,
OPTIDX,NIFTY,28-Mar-2024,20600,CE,1640,1930,1640,1721.8,22326.9,829,9285.74,17550,-16100,28-MAR-2024,
OPTIDX,NIFTY,28-Mar-2024,20650,CE,1700,1801.4,1700,1801.4,22326.9,5,56.04,1350,-50,28-MAR-2024,
OPTIDX,NIFTY,28-Mar-2024,20700,CE,1500.05,1819,1500,1609.7,22326.9,412,4613.44,4200,-10200,28-MAR-2024,
OPTIDX,NIFTY,28-Mar-2024,20750,CE,1615,1701.3,1577.05,1590.9,22326.9,11,123.08,2250,-250,28-MAR-2024,
OPTIDX,NIFTY,28-Mar-2024,20800,CE,1427,1730,1427,1551.65,22326.9,296,3314.04,7550,-5600,28-MAR-2024,
OPTIDX,NIFTY,28-Mar-2024,20850,CE,1583.45,1583.45,1583.45,1583.45,22326.9,1,11.21,1600,0,28-MAR-2024,
OPTIDX,NIFTY,28-Mar-2024,20900,CE,1305,1616.65,1305,1451.25,22326.9,166,1857.55,4650,-600,28-MAR-2024,
OPTIDX,NIFTY,28-Mar-2024,20950,CE,1504.95,1504.95,1333.1,1381.95,22326.9,35,390.87,1000,100,28-MAR-2024,
OPTIDX,NIFTY,28-Mar-2024,21000,CE,1205.05,1530,1190,1341.95,22326.9,5866,65664.16,961500,-33950,28-MAR-2024,
OPTIDX,NIFTY,28-Mar-2024,21050,CE,1174.75,1392.3,1174.75,1283.65,22326.9,93,1036.94,4950,1950,28-MAR-2024,
OPTIDX,NIFTY,28-Mar-2024,21100,CE,1122.6,1429.7,1119.6,1252.5,22326.9,353,3954.9,14200,-5900,28-MAR-2024,
OPTIDX,NIFTY,28-Mar-2024,21150,CE,1100.7,1362.8,1079.45,1190.8,22326.9,126,1406.57,3400,1750,28-MAR-2024,
OPTIDX,NIFTY,28-Mar-2024,21200,CE,1090,1333.85,1072,1127.25,22326.9,929,10397.11,98650,-3100,28-MAR-2024,
OPTIDX,NIFTY,28-Mar-2024,21250,CE,1270,1270,1023.45,1086.25,22326.9,71,793.02,4700,150,28-MAR-2024,
OPTIDX,NIFTY,28-Mar-2024,21300,CE,898.1,1247.5,897.6,1047.6,22326.9,746,8344.59,25400,-9150,28-MAR-2024,
OPTIDX,NIFTY,28-Mar-2024,21350,CE,875.4,1088.25,875.4,984.35,22326.9,176,1966.74,6100,650,28-MAR-2024,
OPTIDX,NIFTY,28-Mar-2024,21400,CE,790.05,1127.6,790.05,916.25,22326.9,1605,17934.77,46250,-11650,28-MAR-2024,
OPTIDX,NIFTY,28-Mar-2024,21450,CE,975.6,1065.15,831.35,895.8,22326.9,129,1443.36,8600,-1400,28-MAR-2024,
OPTIDX,NIFTY,28-Mar-2024,21500,CE,685,1030.35,685,832.55,22326.9,8639,96589.43,339400,-71950,28-MAR-2024,
OPTIDX,NIFTY,28-Mar-2024,21550,CE,647,975,647,777.85,22326.9,477,5330.03,8550,-2900,28-MAR-2024,
OPTIDX,NIFTY,28-Mar-2024,21600,CE,592,929.25,588.65,736.35,22326.9,2750,30760.13,73750,-40650,28-MAR-2024,
OPTIDX,NIFTY,28-Mar-2024,21650,CE,543.25,878.45,543.25,693.5,22326.9,804,8986.61,31250,-12650,28-MAR-2024,
OPTIDX,NIFTY,28-Mar-2024,21700,CE,494.5,828.25,488.85,630.3,22326.9,5654,63177.82,90200,-80500,28-MAR-2024,
OPTIDX,NIFTY,28-Mar-2024,21750,CE,443.95,777.55,437.3,583.6,22326.9,2865,32009.64,30300,-38750,28-MAR-2024,
OPTIDX,NIFTY,28-Mar-2024,21800,CE,393.8,730,384.7,532,22326.9,18588,207576.29,930400,-264800,28-MAR-2024,
OPTIDX,NIFTY,28-Mar-2024,21850,CE,347.1,678.65,339.8,483.75,22326.9,7420,82892.23,92500,-70050,28-MAR-2024,
OPTIDX,NIFTY,28-Mar-2024,21900,CE,276,630,276,439.65,22326.9,36211,404219.87,550700,-318600,28-MAR-2024,
OPTIDX,NIFTY,28-Mar-2024,21950,CE,249.9,581,239.7,384.8,22326.9,24242,270562.71,378300,-146600,28-MAR-2024,
OPTIDX,NIFTY,28-Mar-2024,22000,CE,199,534.4,188.9,327.15,22326.9,277433,3096830.99,3529200,-1137600,28-MAR-2024,
OPTIDX,NIFTY,28-Mar-2024,22050,CE,156.3,480.45,143.25,268.9,22326.9,164246,1830670.7,1713050,-428400,28-MAR-2024,
OPTIDX,NIFTY,28-Mar-2024,22100,CE,113.15,434.7,102.8,221.3,22326.9,951414,10607634.87,4402950,-2581300,28-MAR-2024,
OPTIDX,NIFTY,28-Mar-2024,22150,CE,76.65,383.9,67.55,164.9,22326.9,1385308,15440040.27,2970400,-2135800,28-MAR-2024,
OPTIDX,NIFTY,28-Mar-2024,22200,CE,54,332.4,34.5,116.55,22326.9,4593384,51239743.11,5751250,-3048700,28-MAR-2024,
OPTIDX,NIFTY,28-Mar-2024,22250,CE,37,283.05,18.35,65.55,22326.9,5387895,60156821.51,7587600,3555300,28-MAR-2024,
OPTIDX,NIFTY,28-Mar-2024,22300,CE,22,233.5,6,26.95,22326.9,13186130,147417037.67,14451900,7733500,28-MAR-2024,
OPTIDX,NIFTY,28-Mar-2024,22350,CE,5.5,183.8,0.1,10.1,22326.9,16642862,186324332.46,12456800,6715650,28-MAR-2024,
OPTIDX,NIFTY,28-Mar-2024,22400,CE,4,136,0.05,8.9,22326.9,25589011,286997808.94,12531900,3241750,28-MAR-2024,
OPTIDX,NIFTY,28-Mar-2024,22450,CE,1.6,89,0.05,3.1,22326.9,25583071,287429799.29,8248350,2399650,28-MAR-2024,
OPTIDX,NIFTY,28-Mar-2024,22500,CE,0.9,49.4,0.05,0.85,22326.9,34740904,391030238.07,13768050,915000,28-MAR-2024,
OPTIDX,NIFTY,28-Mar-2024,22550,CE,0.5,22,0.05,0.3,22326.9,22259568,251028738.21,7079900,3774250,28-MAR-2024,
OPTIDX,NIFTY,28-Mar-2024,22600,CE,0.45,7.9,0.05,0.2,22326.9,17411886,196769210.84,15621850,6172400,28-MAR-2024,
OPTIDX,NIFTY,28-Mar-2024,22650,CE,0.45,3.5,0.05,0.15,22326.9,9010939,102051874.99,10813500,7335500,28-MAR-2024,
OPTIDX,NIFTY,28-Mar-2024,22700,CE,0.35,2.05,0.05,0.15,22326.9,5655432,64190484.3,10942450,6497300,28-MAR-2024,
OPTIDX,NIFTY,28-Mar-2024,22750,CE,0.35,0.85,0.05,0.1,22326.9,2021787,22998148,3159350,2003000,28-MAR-2024,
OPTIDX,NIFTY,28-Mar-2024,22800,CE,0.4,0.55,0.05,0.1,22326.9,1615704,18419231.41,4895450,1456050,28-MAR-2024,
OPTIDX,NIFTY,28-Mar-2024,22850,CE,0.25,0.5,0.05,0.1,22326.9,386798,4419212.1,911650,170000,28-MAR-2024,
OPTIDX,NIFTY,28-Mar-2024,22900,CE,0.3,0.4,0.05,0.1,22326.9,373783,4279856.8,1466200,-366700,28-MAR-2024,
OPTIDX,NIFTY,28-Mar-2024,22950,CE,0.2,0.45,0.05,0.1,22326.9,228479,2621818.27,592700,313750,28-MAR-2024,
OPTIDX,NIFTY,28-Mar-2024,23000,CE,0.2,0.35,0.05,0.1,22326.9,690921,7945658.5,7763600,-412450,28-MAR-2024,
OPTIDX,NIFTY,28-Mar-2024,23050,CE,0.2,0.35,0.05,0.1,22326.9,121150,1396263.5,375500,-50750,28-MAR-2024,
OPTIDX,NIFTY,28-Mar-2024,23100,CE,0.2,0.35,0.05,0.1,22326.9,85633,989068.15,656900,-170850,28-MAR-2024,
OPTIDX,NIFTY,28-Mar-2024,23150,CE,0.25,0.3,0.05,0.15,22326.9,44714,517568.2,171250,-31400,28-MAR-2024,
OPTIDX,NIFTY,28-Mar-2024,23200,CE,0.2,0.3,0.05,0.1,22326.9,107565,1247762.6,773650,21550,28-MAR-2024,
OPTIDX,NIFTY,28-Mar-2024,23250,CE,0.15,0.4,0.05,0.15,22326.9,43611,506981.39,162050,79950,28-MAR-2024,
OPTIDX,NIFTY,28-Mar-2024,23300,CE,0.2,0.45,0.05,0.1,22326.9,85373,994602.62,465400,32650,28-MAR-2024,
OPTIDX,NIFTY,28-Mar-2024,23350,CE,0.3,0.7,0.05,0.1,22326.9,39659,463022.26,327450,123500,28-MAR-2024,
OPTIDX,NIFTY,28-Mar-2024,23400,CE,0.25,0.45,0.05,0.1,22326.9,91074,1065571.43,503450,-228700,28-MAR-2024,
OPTIDX,NIFTY,28-Mar-2024,23450,CE,0.3,0.45,0.05,0.15,22326.9,64299,753912.21,868200,745850,28-MAR-2024,
OPTIDX,NIFTY,28-Mar-2024,23500,CE,0.2,0.3,0.05,0.15,22326.9,228259,2682056.99,2014100,-1302750,28-MAR-2024,
OPTIDX,NIFTY,28-Mar-2024,23550,CE,0.25,0.55,0.05,0.15,22326.9,30725,361789.41,63400,-76100,28-MAR-2024,
OPTIDX,NIFTY,28-Mar-2024,23600,CE,0.35,0.35,0.05,0.1,22326.9,30134,355583.1,146600,37050,28-MAR-2024,
OPTIDX,NIFTY,28-Mar-2024,23650,CE,0.2,0.5,0.05,0.15,22326.9,22030,260506.32,41450,12350,28-MAR-2024,
OPTIDX,NIFTY,28-Mar-2024,23700,CE,0.2,0.4,0.05,0.1,22326.9,19998,236977.55,123250,-25950,28-MAR-2024,
OPTIDX,NIFTY,28-Mar-2024,23750,CE,0.2,0.5,0.05,0.1,22326.9,12296,146015.89,42600,10250,28-MAR-2024,
OPTIDX,NIFTY,28-Mar-2024,23800,CE,0.2,0.4,0.05,0.1,22326.9,16437,195601.61,110050,-3200,28-MAR-2024,
OPTIDX,NIFTY,28-Mar-2024,23850,CE,0.2,0.35,0.05,0.1,22326.9,4272,50943.91,26100,-5550,28-MAR-2024,
OPTIDX,NIFTY,28-Mar-2024,23900,CE,0.2,0.3,0.05,0.1,22326.9,4100,48995.26,41550,-9000,28-MAR-2024,
OPTIDX,NIFTY,28-Mar-2024,23950,CE,0.2,0.4,0.05,0.1,22326.9,2606,31207.03,21200,-7850,28-MAR-2024,
OPTIDX,NIFTY,28-Mar-2024,24000,CE,0.3,0.3,0.05,0.1,22326.9,103186,1238238.86,2850700,-1430700,28-MAR-2024,
OPTIDX,NIFTY,28-Mar-2024,24050,CE,0.15,0.3,0.05,0.1,22326.9,8462,101756.09,11850,-3350,28-MAR-2024,
OPTIDX,NIFTY,28-Mar-2024,24100,CE,0.25,0.55,0.05,0.1,22326.9,19345,233108.61,61000,18350,28-MAR-2024,
OPTIDX,NIFTY,28-Mar-2024,24150,CE,0.3,0.45,0.05,0.1,22326.9,3307,39932.23,30350,-5350,28-MAR-2024,
OPTIDX,NIFTY,28-Mar-2024,24200,CE,0.25,0.35,0.05,0.1,22326.9,10719,129700.51,74950,-15900,28-MAR-2024,
OPTIDX,NIFTY,28-Mar-2024,24250,CE,0.45,0.45,0.05,0.05,22326.9,9181,111320.08,99100,27150,28-MAR-2024,
OPTIDX,NIFTY,28-Mar-2024,25000,CE,0.35,0.35,0.05,0.1,22326.9,24173,302163.59,567950,-195400,28-MAR-2024,
OPTIDX,NIFTY,28-Mar-2024,26000,CE,0.2,0.2,0.05,0.05,22326.9,23799,309388.01,258600,-159950,28-MAR-2024,
OPTIDX,NIFTY,28-Mar-2024,27000,CE,0.15,0.15,0.05,0.05,22326.9,25493,344156.71,672550,-330150,28-MAR-2024,
OPTIDX,NIFTY,28-Mar-2024,14000,PE,0.15,0.3,0.05,0.1,22326.9,15360,107520.9,203850,4350,28-MAR-2024,
OPTIDX,NIFTY,28-Mar-2024,15000,PE,0.15,0.4,0.05,0.05,22326.9,9582,71865.56,65500,58200,28-MAR-2024,
OPTIDX,NIFTY,28-Mar-2024,16000,PE,0.15,0.3,0.05,0.1,22326.9,5838,46704.39,108050,1000,28-MAR-2024,
OPTIDX,NIFTY,28-Mar-2024,17000,PE,0.3,0.3,0.05,0.1,22326.9,7323,62246.02,239400,14750,28-MAR-2024,
OPTIDX,NIFTY,28-Mar-2024,18000,PE,0.2,0.25,0.05,0.05,22326.9,36854,331688.29,833500,-27150,28-MAR-2024,
OPTIDX,NIFTY,28-Mar-2024,19000,PE,0.3,0.3,0.05,0.1,22326.9,278697,2647643.6,2050850,-3596400,28-MAR-2024,
OPTIDX,NIFTY,28-Mar-2024,19500,PE,0.35,0.45,0.05,0.1,22326.9,45135,440070.68,298200,-438100,28-MAR-2024,
OPTIDX,NIFTY,28-Mar-2024,19550,PE,0.4,1.9,0.05,0.1,22326.9,12271,119950.35,37050,-56200,28-MAR-2024,
OPTIDX,NIFTY,28-Mar-2024,19600,PE,0.4,0.55,0.05,0.1,22326.9,14638,143453.63,68000,-70050,28-MAR-2024,
OPTIDX,NIFTY,28-Mar-2024,19650,PE,0.3,0.5,0.05,0.05,22326.9,5814,57123.05,14950,-49600,28-MAR-2024,
OPTIDX,NIFTY,28-Mar-2024,19700,PE,0.3,0.6,0.05,0.1,22326.9,14141,139290.36,94250,-60200,28-MAR-2024,
OPTIDX,NIFTY,28-Mar-2024,19750,PE,0.35,0.6,0.05,0.1,22326.9,4933,48713.87,18750,-41200,28-MAR-2024,
OPTIDX,NIFTY,28-Mar-2024,19800,PE,0.35,0.55,0.05,0.1,22326.9,10178,100763.26,155500,-5250,28-MAR-2024,
OPTIDX,NIFTY,28-Mar-2024,19850,PE,0.4,0.55,0.05,0.1,22326.9,2235,22182.63,7400,-1700,28-MAR-2024,
OPTIDX,NIFTY,28-Mar-2024,19900,PE,0.4,0.65,0.05,0.1,22326.9,14622,145490.38,91000,-42200,28-MAR-2024,
OPTIDX,NIFTY,28-Mar-2024,19950,PE,0.4,0.55,0.05,0.1,22326.9,4789,47770.75,18550,-34300,28-MAR-2024,
OPTIDX,NIFTY,28-Mar-2024,20000,PE,0.35,0.65,0.05,0.1,22326.9,135803,1358045.61,3086900,-957500,28-MAR-2024,
OPTIDX,NIFTY,28-Mar-2024,20050,PE,0.4,1.45,0.05,0.1,22326.9,23006,230638.25,52900,-9750,28-MAR-2024,
OPTIDX,NIFTY,28-Mar-2024,20100,PE,0.1,0.75,0.05,0.1,22326.9,25766,258951.56,201100,-73900,28-MAR-2024,
OPTIDX,NIFTY,28-Mar-2024,20150,PE,0.4,1,0.05,0.1,22326.9,13561,136628.74,62250,-42700,28-MAR-2024,
OPTIDX,NIFTY,28-Mar-2024,20200,PE,0.3,0.7,0.05,0.1,22326.9,55438,559930.5,608950,-445650,28-MAR-2024,
OPTIDX,NIFTY,28-Mar-2024,20250,PE,0.4,0.75,0.05,0.1,22326.9,9522,96411.43,22150,-39350,28-MAR-2024,
OPTIDX,NIFTY,28-Mar-2024,20300,PE,0.4,0.75,0.05,0.05,22326.9,23843,242009.37,209450,-65400,28-MAR-2024,
OPTIDX,NIFTY,28-Mar-2024,20350,PE,0.4,0.7,0.05,0.1,22326.9,8563,87129.52,49450,-18500,28-MAR-2024,
OPTIDX,NIFTY,28-Mar-2024,20400,PE,0.4,1.2,0.05,0.05,22326.9,30653,312664.06,301800,-88800,28-MAR-2024,
OPTIDX,NIFTY,28-Mar-2024,20450,PE,0.45,0.75,0.05,0.1,22326.9,8034,82148.77,18600,-28250,28-MAR-2024,
OPTIDX,NIFTY,28-Mar-2024,20500,PE,0.35,0.8,0.05,0.1,22326.9,92132,944365.05,1294750,-1096600,28-MAR-2024,
OPTIDX,NIFTY,28-Mar-2024,20550,PE,0.45,0.8,0.05,0.1,22326.9,15938,163764.73,76700,-84700,28-MAR-2024,
OPTIDX,NIFTY,28-Mar-2024,20600,PE,0.35,0.75,0.05,0.1,22326.9,23855,245709.79,242100,-171650,28-MAR-2024,
OPTIDX,NIFTY,28-Mar-2024,20650,PE,0.5,0.75,0.05,0.1,22326.9,10122,104510.95,57350,-76350,28-MAR-2024,
OPTIDX,NIFTY,28-Mar-2024,20700,PE,0.35,1.05,0.05,0.1,22326.9,57815,598392.02,341700,-285050,28-MAR-2024,
OPTIDX,NIFTY,28-Mar-2024,20750,PE,0.45,0.75,0.05,0.05,22326.9,16313,169249.58,59300,-97200,28-MAR-2024,
OPTIDX,NIFTY,28-Mar-2024,20800,PE,0.4,0.85,0.05,0.1,22326.9,92946,966652.46,563750,-307900,28-MAR-2024,
OPTIDX,NIFTY,28-Mar-2024,20850,PE,0.55,0.9,0.05,0.1,22326.9,62245,648914.06,148200,-205500,28-MAR-2024,
OPTIDX,NIFTY,28-Mar-2024,20900,PE,0.45,0.95,0.05,0.05,22326.9,204518,2137245.74,1008650,-348500,28-MAR-2024,
OPTIDX,NIFTY,28-Mar-2024,20950,PE,0.45,1,0.05,0.05,22326.9,132618,1389194.58,207850,-257300,28-MAR-2024,
OPTIDX,NIFTY,28-Mar-2024,21000,PE,0.35,0.9,0.05,0.1,22326.9,578554,6074912.42,4477550,-2455000,28-MAR-2024,
OPTIDX,NIFTY,28-Mar-2024,21050,PE,0.25,0.95,0.05,0.05,22326.9,164276,1729035.15,654550,359100,28-MAR-2024,
OPTIDX,NIFTY,28-Mar-2024,21100,PE,0.3,1,0.05,0.05,22326.9,542226,5720582.53,4141250,2661300,28-MAR-2024,
OPTIDX,NIFTY,28-Mar-2024,21150,PE,0.4,1,0.05,0.1,22326.9,170098,1798822.58,1015300,207450,28-MAR-2024,
OPTIDX,NIFTY,28-Mar-2024,21200,PE,0.4,0.95,0.05,0.05,22326.9,535209,5673334.49,5259850,1901000,28-MAR-2024,
OPTIDX,NIFTY,28-Mar-2024,21250,PE,0.45,1.05,0.05,0.1,22326.9,225575,2396786.95,1122250,506700,28-MAR-2024,
OPTIDX,NIFTY,28-Mar-2024,21300,PE,0.25,1,0.05,0.05,22326.9,620528,6608761.55,2452200,-49500,28-MAR-2024,
OPTIDX,NIFTY,28-Mar-2024,21350,PE,0.35,1.1,0.05,0.1,22326.9,263579,2813771.29,704200,122200,28-MAR-2024,
OPTIDX,NIFTY,28-Mar-2024,21400,PE,0.45,1.1,0.05,0.1,22326.9,608472,6510805.48,2752500,48800,28-MAR-2024,
OPTIDX,NIFTY,28-Mar-2024,21450,PE,0.4,1.15,0.05,0.1,22326.9,392168,4206103.87,1042550,-81250,28-MAR-2024,
OPTIDX,NIFTY,28-Mar-2024,21500,PE,0.5,1.15,0.05,0.1,22326.9,1590100,17093998.55,5168450,-1879900,28-MAR-2024,
OPTIDX,NIFTY,28-Mar-2024,21550,PE,0.5,1.25,0.05,0.1,22326.9,592310,6382307.92,1324400,395450,28-MAR-2024,
OPTIDX,NIFTY,28-Mar-2024,21600,PE,0.8,1.2,0.05,0.1,22326.9,1468166,15856618.08,3412550,-584500,28-MAR-2024,
OPTIDX,NIFTY,28-Mar-2024,21650,PE,0.45,1.25,0.05,0.1,22326.9,1016640,11005443.36,2342950,10500,28-MAR-2024,
OPTIDX,NIFTY,28-Mar-2024,21700,PE,1.15,1.25,0.05,0.15,22326.9,2649998,28753390.11,5671850,-1233250,28-MAR-2024,
OPTIDX,NIFTY,28-Mar-2024,21750,PE,1.3,1.4,0.05,0.1,22326.9,1776485,19319904.7,2290050,-606050,28-MAR-2024,
OPTIDX,NIFTY,28-Mar-2024,21800,PE,1.95,2,0.05,0.15,22326.9,4331531,47215401.14,5137500,-3023300,28-MAR-2024,
OPTIDX,NIFTY,28-Mar-2024,21850,PE,2.7,2.75,0.05,0.25,22326.9,3096644,33832350.73,3081100,-1390850,28-MAR-2024,
OPTIDX,NIFTY,28-Mar-2024,21900,PE,3.9,3.9,0.05,0.3,22326.9,5804797,63565932.27,4753650,-4682650,28-MAR-2024,
OPTIDX,NIFTY,28-Mar-2024,21950,PE,5.9,6.85,0.05,0.55,22326.9,4268811,46853630.88,2998550,-1906150,28-MAR-2024,
OPTIDX,NIFTY,28-Mar-2024,22000,PE,9.25,14,0.05,0.7,22326.9,9251198,101772187.15,11088000,-3641750,28-MAR-2024,
OPTIDX,NIFTY,28-Mar-2024,22050,PE,14.8,14.8,0.05,0.95,22326.9,6054951,66764465.09,3114000,-2392150,28-MAR-2024,
OPTIDX,NIFTY,28-Mar-2024,22100,PE,25,25.7,0.05,1.35,22326.9,11050812,122134229.81,7446350,-6289350,28-MAR-2024,
OPTIDX,NIFTY,28-Mar-2024,22150,PE,36.15,36.95,0.1,2,22326.9,10835129,120033375.63,5123550,-632400,28-MAR-2024,
OPTIDX,NIFTY,28-Mar-2024,22200,PE,31.25,59.85,0.1,3.3,22326.9,17026200,189069534.32,9090950,3591750,28-MAR-2024,
OPTIDX,NIFTY,28-Mar-2024,22250,PE,89.55,90,0.1,6,22326.9,16659851,185437660.23,8150750,7183650,28-MAR-2024,
OPTIDX,NIFTY,28-Mar-2024,22300,PE,120,129.35,0.1,12.65,22326.9,24116265,269103564.95,17231900,15147300,28-MAR-2024,
OPTIDX,NIFTY,28-Mar-2024,22350,PE,204.2,204.2,1.2,29.85,22326.9,16958444,189724747.47,8098900,7925400,28-MAR-2024,
OPTIDX,NIFTY,28-Mar-2024,22400,PE,236.75,236.75,2.2,45.75,22326.9,18163017,203707548.55,10745750,9969000,28-MAR-2024,
OPTIDX,NIFTY,28-Mar-2024,22450,PE,255.65,268.4,4.45,64.2,22326.9,11981415,134684636.99,6491350,6422800,28-MAR-2024,
OPTIDX,NIFTY,28-Mar-2024,22500,PE,295.95,318,12.55,116.6,22326.9,9873928,111330297.71,5648550,4565500,28-MAR-2024,
OPTIDX,NIFTY,28-Mar-2024,22550,PE,363.6,363.65,37.05,168.5,22326.9,1865883,21111169,2271450,2235350,28-MAR-2024,
OPTIDX,NIFTY,28-Mar-2024,22600,PE,425.95,425.95,75.8,225,22326.9,884761,10058131.76,422700,239250,28-MAR-2024,
OPTIDX,NIFTY,28-Mar-2024,22650,PE,436,436,120,270.45,22326.9,130402,1488570.03,102900,86250,28-MAR-2024,
OPTIDX,NIFTY,28-Mar-2024,22700,PE,509.05,511.9,171.75,335.1,22326.9,85113,976666.54,189400,122700,28-MAR-2024,
OPTIDX,NIFTY,28-Mar-2024,22750,PE,533.15,533.15,220.25,391.8,22326.9,10934,126044.5,27500,1250,28-MAR-2024,
OPTIDX,NIFTY,28-Mar-2024,22800,PE,600,600.05,270.6,448.65,22326.9,13359,154814.29,36900,1300,28-MAR-2024,
OPTIDX,NIFTY,28-Mar-2024,22850,PE,625,625,325,503,22326.9,2313,26929.06,18500,3550,28-MAR-2024,
OPTIDX,NIFTY,28-Mar-2024,22900,PE,678.95,678.95,372.6,549.1,22326.9,2726,31869.25,7850,-7900,28-MAR-2024,
OPTIDX,NIFTY,28-Mar-2024,22950,PE,615,680.15,424.55,608.1,22326.9,749,8797.86,20200,850,28-MAR-2024,
OPTIDX,NIFTY,28-Mar-2024,23000,PE,807.9,813.95,471.45,660.95,22326.9,13489,159243.35,487100,-70600,28-MAR-2024,
OPTIDX,NIFTY,28-Mar-2024,23050,PE,738.85,783.55,525.5,711.3,22326.9,385,4568.73,12200,1500,28-MAR-2024,
OPTIDX,NIFTY,28-Mar-2024,23100,PE,787.25,827.9,576.9,770.4,22326.9,502,5974.95,24350,-100,28-MAR-2024,
OPTIDX,NIFTY,28-Mar-2024,23150,PE,0,0,0,1026.2,22326.9,0,0,5850,0,28-MAR-2024,
OPTIDX,NIFTY,28-Mar-2024,23200,PE,900,924,672,882.1,22326.9,503,6034.59,10150,-5850,28-MAR-2024,
OPTIDX,NIFTY,28-Mar-2024,23250,PE,1000,1000,792.6,925.8,22326.9,91,1098.44,9250,-150,28-MAR-2024,
OPTIDX,NIFTY,28-Mar-2024,23300,PE,815.2,1029.2,800,996.65,22326.9,25,303.42,3750,100,28-MAR-2024,
OPTIDX,NIFTY,28-Mar-2024,23350,PE,918.1,1077.9,918.1,1037.3,22326.9,34,414.58,800,0,28-MAR-2024,
OPTIDX,NIFTY,28-Mar-2024,23400,PE,1100,1100,902.7,1082,22326.9,76,927.11,3350,1250,28-MAR-2024,
OPTIDX,NIFTY,28-Mar-2024,23450,PE,0,0,0,1250,22326.9,0,0,850,0,28-MAR-2024,
OPTIDX,NIFTY,28-Mar-2024,23500,PE,1323.9,1323.9,973.35,1182.1,22326.9,4184,51573.31,265350,-4950,28-MAR-2024,
OPTIDX,NIFTY,28-Mar-2024,23550,PE,1200,1200,1125.85,1125.85,22326.9,5,61.76,750,-50,28-MAR-2024,
OPTIDX,NIFTY,28-Mar-2024,23600,PE,1387.5,1400.35,1073.85,1276.25,22326.9,79,979.41,1600,1350,28-MAR-2024,
OPTIDX,NIFTY,28-Mar-2024,23650,PE,0,0,0,1621.9,22326.9,0,0,0,0,28-MAR-2024,
OPTIDX,NIFTY,28-Mar-2024,23700,PE,0,0,0,1539.5,22326.9,0,0,850,0,28-MAR-2024,
OPTIDX,NIFTY,28-Mar-2024,23750,PE,1565,1565.05,1377.7,1377.7,22326.9,15,188.77,700,600,28-MAR-2024,
OPTIDX,NIFTY,28-Mar-2024,23800,PE,1470,1512.05,1327.8,1507.2,22326.9,33,416.08,1250,300,28-MAR-2024,
OPTIDX,NIFTY,28-Mar-2024,23850,PE,0,0,0,1717.1,22326.9,0,0,50,0,28-MAR-2024,
OPTIDX,NIFTY,28-Mar-2024,23900,PE,0,0,0,1788,22326.9,0,0,500,0,28-MAR-2024,
OPTIDX,NIFTY,28-Mar-2024,23950,PE,0,0,0,1376.7,22326.9,0,0,100,0,28-MAR-2024,
OPTIDX,NIFTY,28-Mar-2024,24000,PE,1824.6,1824.6,1475.4,1701.15,22326.9,5170,66202.54,320200,-131650,28-MAR-2024,
OPTIDX,NIFTY,28-Mar-2024,24050,PE,0,0,0,1472.85,22326.9,0,0,50,0,28-MAR-2024,
OPTIDX,NIFTY,28-Mar-2024,24100,PE,0,0,0,1905,22326.9,0,0,600,0,28-MAR-2024,
OPTIDX,NIFTY,28-Mar-2024,24150,PE,0,0,0,1570.35,22326.9,0,0,50,0,28-MAR-2024,
OPTIDX,NIFTY,28-Mar-2024,24200,PE,0,0,0,2004.1,22326.9,0,0,150,0,28-MAR-2024,
OPTIDX,NIFTY,28-Mar-2024,24250,PE,0,0,0,2120,22326.9,0,0,50,0,28-MAR-2024,
OPTIDX,NIFTY,28-Mar-2024,25000,PE,2800,2800,2472.15,2682.5,22326.9,4899,67672.02,122500,-128750,28-MAR-2024,
OPTIDX,NIFTY,28-Mar-2024,26000,PE,3740,3740,3470.55,3654.8,22326.9,587,8694.69,27800,-7900,28-MAR-2024,
OPTIDX,NIFTY,28-Mar-2024,27000,PE,4699.25,4720,4540,4545,22326.9,45,711.54,4050,-2100,28-MAR-2024,
OPTIDX,NIFTY,04-Apr-2024,20050,CE,2355,2479.95,2310,2355.7,2355.7,115,1288.64,2700,-2750,28-MAR-2024,
OPTIDX,NIFTY,04-Apr-2024,20100,CE,2317,2350,2310,2350,2252.9,9,100.9,5400,300,28-MAR-2024,
OPTIDX,NIFTY,04-Apr-2024,20150,CE,2275,2275,2275,2275,2202.95,1,11.21,150,50,28-MAR-2024,
OPTIDX,NIFTY,04-Apr-2024,20200,CE,2100,2310,2091.2,2127.55,2127.55,317,3546.31,21600,15600,28-MAR-2024,
OPTIDX,NIFTY,04-Apr-2024,20250,CE,0,0,0,2146.35,2103.1,0,0,0,0,28-MAR-2024,
OPTIDX,NIFTY,04-Apr-2024,20300,CE,2124,2189.3,2036.45,2057.65,2057.65,21,235.72,850,800,28-MAR-2024,
OPTIDX,NIFTY,04-Apr-2024,20350,CE,2070,2070,2070,2070,2003.25,1,11.21,50,50,28-MAR-2024,
OPTIDX,NIFTY,04-Apr-2024,20400,CE,1990,2120,1970,1970,1970,5,56.13,250,250,28-MAR-2024,
OPTIDX,NIFTY,04-Apr-2024,20450,CE,1966.85,1966.85,1966.85,1966.85,1903.35,3,33.62,150,150,28-MAR-2024,
OPTIDX,NIFTY,04-Apr-2024,20500,CE,1790.05,2030.4,1790.05,1885.45,1885.45,126,1412.53,17250,4350,28-MAR-2024,
OPTIDX,NIFTY,04-Apr-2024,20550,CE,0,0,0,1725,1803.5,0,0,5650,0,28-MAR-2024,
OPTIDX,NIFTY,04-Apr-2024,20600,CE,1819.25,1870,1770,1790,1790,12,134.51,1600,450,28-MAR-2024,
OPTIDX,NIFTY,04-Apr-2024,20650,CE,1774.1,1774.2,1774.1,1774.2,1703.6,6,67.27,2450,250,28-MAR-2024,
OPTIDX,NIFTY,04-Apr-2024,20700,CE,1705,1803.35,1660,1660,1660,156,1750.26,6700,5400,28-MAR-2024,
OPTIDX,NIFTY,04-Apr-2024,20750,CE,0,0,0,1520,1603.75,0,0,700,0,28-MAR-2024,
OPTIDX,NIFTY,04-Apr-2024,20800,CE,1510,1670,1510,1648.1,1648.1,34,380.82,1550,1500,28-MAR-2024,
OPTIDX,NIFTY,04-Apr-2024,20850,CE,0,0,0,1579.3,1503.85,0,0,0,0,28-MAR-2024,
OPTIDX,NIFTY,04-Apr-2024,20900,CE,1525,1525,1510,1510,1453.95,5,56.04,550,200,28-MAR-2024,
OPTIDX,NIFTY,04-Apr-2024,20950,CE,1430,1430,1430,1430,1404,1,11.19,50,50,28-MAR-2024,
OPTIDX,NIFTY,04-Apr-2024,21000,CE,1295,1543.25,1295,1419.2,1419.2,3690,41407.8,148850,54300,28-MAR-2024,
OPTIDX,NIFTY,04-Apr-2024,21050,CE,1378.25,1432.35,1370,1370,1370,3,33.66,3750,50,28-MAR-2024,
OPTIDX,NIFTY,04-Apr-2024,21100,CE,1180,1385,1180,1274.3,1274.3,51,570.25,5950,500,28-MAR-2024,
OPTIDX,NIFTY,04-Apr-2024,21150,CE,0,0,0,1105.25,1204.3,0,0,2000,0,28-MAR-2024,
OPTIDX,NIFTY,04-Apr-2024,21200,CE,1091.5,1330,1091.5,1202.65,1202.65,134,1501.56,34550,3400,28-MAR-2024,
OPTIDX,NIFTY,04-Apr-2024,21250,CE,1170,1290,1170,1170,1170,3,33.69,100,50,28-MAR-2024,
OPTIDX,NIFTY,04-Apr-2024,21300,CE,1100,1234.6,1057,1074.75,1074.75,76,852.24,7900,2400,28-MAR-2024,
OPTIDX,NIFTY,04-Apr-2024,21350,CE,1058.55,1112,1058.55,1112,1004.9,5,56.09,250,150,28-MAR-2024,
OPTIDX,NIFTY,04-Apr-2024,21400,CE,914.25,1113.95,914.25,972.3,972.3,111,1244,6850,3500,28-MAR-2024,
OPTIDX,NIFTY,04-Apr-2024,21450,CE,910,1080,910,930,930,5,56.03,1950,250,28-MAR-2024,
OPTIDX,NIFTY,04-Apr-2024,21500,CE,785.25,1047.85,784.4,890.2,890.2,9952,111425.12,1129750,203250,28-MAR-2024,
OPTIDX,NIFTY,04-Apr-2024,21550,CE,799,963.4,799,824.55,824.55,20,223.93,5550,150,28-MAR-2024,
OPTIDX,NIFTY,04-Apr-2024,21600,CE,682,933.1,682,781.1,781.1,860,9628.94,40100,3750,28-MAR-2024,
OPTIDX,NIFTY,04-Apr-2024,21650,CE,671,898.9,671,785.1,785.1,196,2197.49,6850,5100,28-MAR-2024,
OPTIDX,NIFTY,04-Apr-2024,21700,CE,591.8,840.6,590.2,712.55,712.55,2965,33260.23,58800,-36150,28-MAR-2024,
OPTIDX,NIFTY,04-Apr-2024,21750,CE,547.5,795.55,547.35,689.35,689.35,493,5527.5,9600,2400,28-MAR-2024,
OPTIDX,NIFTY,04-Apr-2024,21800,CE,493.05,750.8,493.05,603.7,603.7,7791,87386.75,176300,8400,28-MAR-2024,
OPTIDX,NIFTY,04-Apr-2024,21850,CE,459.3,703.5,457.45,564.9,564.9,2090,23452.59,25550,600,28-MAR-2024,
OPTIDX,NIFTY,04-Apr-2024,21900,CE,415.8,654.55,410.35,517.85,517.85,12732,142841.21,406650,66800,28-MAR-2024,
OPTIDX,NIFTY,04-Apr-2024,21950,CE,372.4,607.4,366.65,469.55,469.55,3397,38119.04,63700,6600,28-MAR-2024,
OPTIDX,NIFTY,04-Apr-2024,22000,CE,330,564,325.35,421.45,421.45,107092,1202481.72,2120500,-607800,28-MAR-2024,
OPTIDX,NIFTY,04-Apr-2024,22050,CE,291.9,516.55,287.1,390.05,390.05,20425,229336.38,552800,157200,28-MAR-2024,
OPTIDX,NIFTY,04-Apr-2024,22100,CE,256,473.4,216,337,337,85526,960063.37,1543800,-603450,28-MAR-2024,
OPTIDX,NIFTY,04-Apr-2024,22150,CE,220.1,428.6,210.15,296.8,296.8,36446,409052.32,633700,78950,28-MAR-2024,
OPTIDX,NIFTY,04-Apr-2024,22200,CE,195,386.8,181.15,260.55,260.55,235791,2648208.06,2255500,-268200,28-MAR-2024,
OPTIDX,NIFTY,04-Apr-2024,22250,CE,154.1,343.45,150.5,213.8,213.8,99124,1114354.63,1489000,227000,28-MAR-2024,
OPTIDX,NIFTY,04-Apr-2024,22300,CE,135,304.5,122.35,182.75,182.75,362726,4080532.25,2258300,908750,28-MAR-2024,
OPTIDX,NIFTY,04-Apr-2024,22350,CE,98.8,266.35,98.8,153.6,153.6,157613,1774705.37,725350,280350,28-MAR-2024,
OPTIDX,NIFTY,04-Apr-2024,22400,CE,90,230.65,77.35,127.75,127.75,536501,6049078.59,2447250,900700,28-MAR-2024,
OPTIDX,NIFTY,04-Apr-2024,22450,CE,65.5,197,60.6,101.2,101.2,243248,2745525.53,727200,369400,28-MAR-2024,
OPTIDX,NIFTY,04-Apr-2024,22500,CE,53,167,46.3,82.9,82.9,781793,8835677.33,4372850,1908650,28-MAR-2024,
OPTIDX,NIFTY,04-Apr-2024,22550,CE,35,137,32.5,63.65,63.65,199474,2257217.98,888800,383200,28-MAR-2024,
OPTIDX,NIFTY,04-Apr-2024,22600,CE,20,111.25,20,46.95,46.95,481217,5452962.51,2882100,1610150,28-MAR-2024,
OPTIDX,NIFTY,04-Apr-2024,22650,CE,21.5,89,17.55,35.5,35.5,188788,2142507.12,1233650,418600,28-MAR-2024,
OPTIDX,NIFTY,04-Apr-2024,22700,CE,14.6,70.4,12.2,26.4,26.4,379955,4319437.82,1971450,427750,28-MAR-2024,
OPTIDX,NIFTY,04-Apr-2024,22750,CE,11.5,54.3,8.4,18.25,18.25,202659,2307840.26,794550,320050,28-MAR-2024,
OPTIDX,NIFTY,04-Apr-2024,22800,CE,7.9,41.85,1,13.5,13.5,396893,4528595.97,1450450,489300,28-MAR-2024,
OPTIDX,NIFTY,04-Apr-2024,22850,CE,5.1,31.5,3.65,9.65,9.65,179513,2052169.02,560750,279150,28-MAR-2024,
OPTIDX,NIFTY,04-Apr-2024,22900,CE,3.65,23.6,3,7.25,7.25,302108,3460732.11,1326450,759100,28-MAR-2024,
OPTIDX,NIFTY,04-Apr-2024,22950,CE,3,17.4,2.25,5.9,5.9,161471,1853525.45,982250,539150,28-MAR-2024,
OPTIDX,NIFTY,04-Apr-2024,23000,CE,2.85,13.55,2.05,5.15,5.15,391795,4506950.95,4329900,2481000,28-MAR-2024,
OPTIDX,NIFTY,04-Apr-2024,23050,CE,1.95,9.9,1.5,3.9,3.9,88342,1018375.18,681400,253350,28-MAR-2024,
OPTIDX,NIFTY,04-Apr-2024,23100,CE,1.85,7.65,1.45,3.5,3.5,140228,1619918.68,1009300,683350,28-MAR-2024,
OPTIDX,NIFTY,04-Apr-2024,23150,CE,1.45,6.15,1.35,3.2,3.2,41015,474816.59,137450,75800,28-MAR-2024,
OPTIDX,NIFTY,04-Apr-2024,23200,CE,1.35,5.2,1.2,2.7,2.7,125424,1455099.35,1121150,738750,28-MAR-2024,
OPTIDX,NIFTY,04-Apr-2024,23250,CE,1.5,4.4,1.05,2.55,2.55,21173,246163.6,131300,86450,28-MAR-2024,
OPTIDX,NIFTY,04-Apr-2024,23300,CE,1.3,3.95,1.1,2.4,2.4,59834,697139.92,620250,491900,28-MAR-2024,
OPTIDX,NIFTY,04-Apr-2024,23350,CE,1.15,3.8,1.1,2.25,2.25,15199,177466.74,104950,87300,28-MAR-2024,
OPTIDX,NIFTY,04-Apr-2024,23400,CE,0.8,3.1,0.8,2.2,2.2,44151,516616.25,471100,423050,28-MAR-2024,
OPTIDX,NIFTY,04-Apr-2024,23450,CE,1.2,3,1,2.35,2.35,5032,59005.67,43100,34700,28-MAR-2024,
OPTIDX,NIFTY,04-Apr-2024,23500,CE,1.4,2.85,1.1,2.2,2.2,135838,1596238.99,2150150,1830500,28-MAR-2024,
OPTIDX,NIFTY,04-Apr-2024,23550,CE,1.2,4,0.95,2.2,2.2,3066,36105.07,31300,23800,28-MAR-2024,
OPTIDX,NIFTY,04-Apr-2024,23600,CE,0.9,2.95,0.9,2.05,2.05,23347,275515.82,225400,194700,28-MAR-2024,
OPTIDX,NIFTY,04-Apr-2024,23650,CE,1.4,3.85,0.8,2.4,2.4,3555,42041.61,29550,23600,28-MAR-2024,
OPTIDX,NIFTY,04-Apr-2024,23700,CE,1.1,3.5,0.9,2.05,2.05,44068,522246.36,663850,639300,28-MAR-2024,
OPTIDX,NIFTY,04-Apr-2024,23750,CE,1.35,5.3,1.05,2.7,2.7,16182,192182.61,147750,136650,28-MAR-2024,
OPTIDX,NIFTY,04-Apr-2024,23800,CE,1.3,3.15,0.9,2.25,2.25,22988,273579.07,283450,264850,28-MAR-2024,
OPTIDX,NIFTY,04-Apr-2024,23850,CE,0.95,4.7,0.9,2.75,2.75,14216,169544.69,128500,122000,28-MAR-2024,
OPTIDX,NIFTY,04-Apr-2024,23900,CE,1.25,3.3,1,2.3,2.3,12513,149544.12,220900,202750,28-MAR-2024,
OPTIDX,NIFTY,04-Apr-2024,23950,CE,1.15,3.6,0.9,2.6,2.6,8847,105953.83,142250,130000,28-MAR-2024,
OPTIDX,NIFTY,04-Apr-2024,24000,CE,1.15,2,1,1.65,1.65,115117,1381492.35,3328150,2712800,28-MAR-2024,
OPTIDX,NIFTY,04-Apr-2024,24050,CE,0.95,3.75,0.85,2.75,2.75,5143,61851.28,100250,94150,28-MAR-2024,
OPTIDX,NIFTY,04-Apr-2024,24100,CE,1.1,3,1,2.3,2.3,11184,134779.33,214450,199100,28-MAR-2024,
OPTIDX,NIFTY,04-Apr-2024,24150,CE,1.05,3.5,0.95,2.5,2.5,7246,87504.31,133300,126950,28-MAR-2024,
OPTIDX,NIFTY,04-Apr-2024,24200,CE,1,2.55,0.8,1.85,1.85,17670,213821.18,390900,354000,28-MAR-2024,
OPTIDX,NIFTY,04-Apr-2024,24250,CE,1,2.6,0.7,1.9,1.9,15172,183973.76,398650,374400,28-MAR-2024,
OPTIDX,NIFTY,04-Apr-2024,20050,PE,1.5,2.9,0.2,0.45,0.45,24899,249618.4,683050,683050,28-MAR-2024,
OPTIDX,NIFTY,04-Apr-2024,20100,PE,1.65,2.15,0.5,1.15,1.15,32302,324656.73,2312900,939950,28-MAR-2024,
OPTIDX,NIFTY,04-Apr-2024,20150,PE,1.95,2.6,0.05,0.35,0.35,6185,62315.04,187550,186400,28-MAR-2024,
OPTIDX,NIFTY,04-Apr-2024,20200,PE,1.65,2.3,0.5,1.1,1.1,30455,307615.46,1143800,801450,28-MAR-2024,
OPTIDX,NIFTY,04-Apr-2024,20250,PE,1.7,2.5,0.05,0.4,0.4,4565,46221.52,120700,119550,28-MAR-2024,
OPTIDX,NIFTY,04-Apr-2024,20300,PE,1.25,4.5,0.55,1.25,1.25,26949,273550.9,660450,634850,28-MAR-2024,
OPTIDX,NIFTY,04-Apr-2024,20350,PE,2.65,2.65,0.15,0.45,0.45,6252,63615.43,202450,202450,28-MAR-2024,
OPTIDX,NIFTY,04-Apr-2024,20400,PE,2,2.4,0.5,1.1,1.1,17144,174879.57,465200,456450,28-MAR-2024,
OPTIDX,NIFTY,04-Apr-2024,20450,PE,1.75,3,0.35,1.05,1.05,2567,26249.48,36600,33300,28-MAR-2024,
OPTIDX,NIFTY,04-Apr-2024,20500,PE,1.95,2.5,0.85,1.3,1.3,66730,684035.99,1931550,1182150,28-MAR-2024,
OPTIDX,NIFTY,04-Apr-2024,20550,PE,2.1,3.1,0.05,0.45,0.45,6575,67559.9,142400,138900,28-MAR-2024,
OPTIDX,NIFTY,04-Apr-2024,20600,PE,2.5,2.6,0.35,1.05,1.05,13686,140974.37,386650,360200,28-MAR-2024,
OPTIDX,NIFTY,04-Apr-2024,20650,PE,2.1,2.85,0.35,0.9,0.9,1100,11358.17,22550,18400,28-MAR-2024,
OPTIDX,NIFTY,04-Apr-2024,20700,PE,1.95,3,1,1.2,1.2,15285,158211.68,340000,273600,28-MAR-2024,
OPTIDX,NIFTY,04-Apr-2024,20750,PE,1.9,2.95,0.8,2.1,2.1,650,6744.43,9400,5300,28-MAR-2024,
OPTIDX,NIFTY,04-Apr-2024,20800,PE,2.15,2.85,1.2,1.8,1.8,22618,235251.04,399750,202400,28-MAR-2024,
OPTIDX,NIFTY,04-Apr-2024,20850,PE,2.7,3,1.1,2.1,2.1,973,10144.6,11950,2200,28-MAR-2024,
OPTIDX,NIFTY,04-Apr-2024,20900,PE,2.4,3.55,1.3,1.9,1.9,33721,352421.36,506650,412900,28-MAR-2024,
OPTIDX,NIFTY,04-Apr-2024,20950,PE,2.35,3.7,1.6,2.65,2.65,6928,72580.19,132600,59700,28-MAR-2024,
OPTIDX,NIFTY,04-Apr-2024,21000,PE,2.6,4.15,1.85,2.75,2.75,201266,2113580.13,3692200,3078550,28-MAR-2024,
OPTIDX,NIFTY,04-Apr-2024,21050,PE,2.9,4,1.6,3.1,3.1,5517,58074.64,123000,76400,28-MAR-2024,
OPTIDX,NIFTY,04-Apr-2024,21100,PE,2.5,4.25,1,3,3,42516,448608.39,417900,192950,28-MAR-2024,
OPTIDX,NIFTY,04-Apr-2024,21150,PE,3.1,4.4,2,3.5,3.5,14066,148770.88,166900,112450,28-MAR-2024,
OPTIDX,NIFTY,04-Apr-2024,21200,PE,3.5,4.65,2,3.5,3.5,72008,763405.92,875800,540200,28-MAR-2024,
OPTIDX,NIFTY,04-Apr-2024,21250,PE,3.7,5,2.1,3.85,3.85,14831,157606.43,124500,31950,28-MAR-2024,
OPTIDX,NIFTY,04-Apr-2024,21300,PE,4.2,5,3.35,4.15,4.15,98609,1050384.29,973600,466850,28-MAR-2024,
OPTIDX,NIFTY,04-Apr-2024,21350,PE,5.4,6.3,3.5,4.55,4.55,30149,321905.59,246300,131150,28-MAR-2024,
OPTIDX,NIFTY,04-Apr-2024,21400,PE,5.25,6.3,3.5,5.5,5.5,167900,1796967.09,1213250,640700,28-MAR-2024,
OPTIDX,NIFTY,04-Apr-2024,21450,PE,4.15,6.5,3.4,5.8,5.8,59680,640228.85,433800,174950,28-MAR-2024,
OPTIDX,NIFTY,04-Apr-2024,21500,PE,7.95,9.4,5.15,6.55,6.55,216584,2328954.34,2540000,823150,28-MAR-2024,
OPTIDX,NIFTY,04-Apr-2024,21550,PE,10.05,10.7,5.55,7.2,7.2,40091,432117.6,194250,-9200,28-MAR-2024,
OPTIDX,NIFTY,04-Apr-2024,21600,PE,12.75,12.75,5.95,8,8,162198,1752383.27,840700,-118950,28-MAR-2024,
OPTIDX,NIFTY,04-Apr-2024,21650,PE,15.8,15.8,7.1,9.05,9.05,116460,1261196.4,424650,172100,28-MAR-2024,
OPTIDX,NIFTY,04-Apr-2024,21700,PE,16.95,18.15,6.5,10.25,10.25,184496,2002759.64,1098000,262000,28-MAR-2024,
OPTIDX,NIFTY,04-Apr-2024,21750,PE,22.8,24.5,10.05,12.45,12.45,70450,766591.57,439400,206300,28-MAR-2024,
OPTIDX,NIFTY,04-Apr-2024,21800,PE,25,28.8,11.65,14.3,14.3,192113,2095493.78,1423800,423100,28-MAR-2024,
OPTIDX,NIFTY,04-Apr-2024,21850,PE,29.95,32.85,13.65,17.15,17.15,110382,1206864.23,1392900,1139150,28-MAR-2024,
OPTIDX,NIFTY,04-Apr-2024,21900,PE,40,40,16.85,21.2,21.2,200747,2200374.12,1632900,639500,28-MAR-2024,
OPTIDX,NIFTY,04-Apr-2024,21950,PE,47.8,47.8,20.7,26,26,77715,853982.2,593250,94050,28-MAR-2024,
OPTIDX,NIFTY,04-Apr-2024,22000,PE,58,58,24.95,32.2,32.2,382185,4210288.4,3987900,-129650,28-MAR-2024,
OPTIDX,NIFTY,04-Apr-2024,22050,PE,67.3,80,29.55,38.65,38.65,107287,1184961.46,1114750,508250,28-MAR-2024,
OPTIDX,NIFTY,04-Apr-2024,22100,PE,91,92,34.95,47.05,47.05,328603,3638982.63,2966050,247350,28-MAR-2024,
OPTIDX,NIFTY,04-Apr-2024,22150,PE,95,99.85,41.2,56,56,157822,1752433.33,1183550,443000,28-MAR-2024,
OPTIDX,NIFTY,04-Apr-2024,22200,PE,135,135,48.15,67.6,67.6,497416,5538502.49,3245550,808450,28-MAR-2024,
OPTIDX,NIFTY,04-Apr-2024,22250,PE,136.45,150,50,82.6,82.6,226249,2526142.66,1938350,750450,28-MAR-2024,
OPTIDX,NIFTY,04-Apr-2024,22300,PE,154,159.3,65.55,96.95,96.95,635154,7111463.84,3202750,2065350,28-MAR-2024,
OPTIDX,NIFTY,04-Apr-2024,22350,PE,173.55,178,78.55,113.7,113.7,231455,2599040.79,768450,455800,28-MAR-2024,
OPTIDX,NIFTY,04-Apr-2024,22400,PE,200.2,207.75,92.5,134.2,134.2,468486,5276058.34,2035900,1063200,28-MAR-2024,
OPTIDX,NIFTY,04-Apr-2024,22450,PE,237.3,238.95,108.6,163.35,163.35,163560,1847848.84,1149350,986250,28-MAR-2024,
OPTIDX,NIFTY,04-Apr-2024,22500,PE,285,285,127.6,185,185,337289,3822386.95,2369150,924500,28-MAR-2024,
OPTIDX,NIFTY,04-Apr-2024,22550,PE,306,306,148.35,212.95,212.95,53228,605258.89,373600,159250,28-MAR-2024,
OPTIDX,NIFTY,04-Apr-2024,22600,PE,348,352.7,172.35,249.8,249.8,70584,805321.18,647700,238250,28-MAR-2024,
OPTIDX,NIFTY,04-Apr-2024,22650,PE,373.15,373.15,201.1,290.65,290.65,34711,397739.93,645500,141450,28-MAR-2024,
OPTIDX,NIFTY,04-Apr-2024,22700,PE,439.45,439.45,232,328.05,328.05,38561,443157.62,636450,86800,28-MAR-2024,
OPTIDX,NIFTY,04-Apr-2024,22750,PE,424,424,267.55,372.85,372.85,1605,18516.48,9200,8600,28-MAR-2024,
OPTIDX,NIFTY,04-Apr-2024,22800,PE,513.05,513.05,302.55,422.1,422.1,6312,73151.58,90700,50550,28-MAR-2024,
OPTIDX,NIFTY,04-Apr-2024,22850,PE,540,558.15,347.95,479.8,479.8,314,3654.74,4250,1200,28-MAR-2024,
OPTIDX,NIFTY,04-Apr-2024,22900,PE,590,591.85,388,524.8,524.8,1173,13718.02,27650,25150,28-MAR-2024,
OPTIDX,NIFTY,04-Apr-2024,22950,PE,629.55,629.55,435,579.55,579.55,224,2629.56,2600,2350,28-MAR-2024,
OPTIDX,NIFTY,04-Apr-2024,23000,PE,726.45,727.9,478,610.8,610.8,12280,144753.75,787900,223750,28-MAR-2024,
OPTIDX,NIFTY,04-Apr-2024,23050,PE,0,0,0,839.95,698.65,0,0,0,0,28-MAR-2024,
OPTIDX,NIFTY,04-Apr-2024,23100,PE,815.05,815.05,575,732.2,732.2,1067,12699.01,38000,37150,28-MAR-2024,
OPTIDX,NIFTY,04-Apr-2024,23150,PE,0,0,0,914,795.9,0,0,0,0,28-MAR-2024,
OPTIDX,NIFTY,04-Apr-2024,23200,PE,801,836.1,732,808.95,808.95,10,119.94,400,400,28-MAR-2024,
OPTIDX,NIFTY,04-Apr-2024,23250,PE,0,0,0,989,894.35,0,0,0,0,28-MAR-2024,
OPTIDX,NIFTY,04-Apr-2024,23300,PE,880,880,760.1,809.55,943.9,16,193.08,650,650,28-MAR-2024,
OPTIDX,NIFTY,04-Apr-2024,23350,PE,0,0,0,1067.35,993.5,0,0,0,0,28-MAR-2024,
OPTIDX,NIFTY,04-Apr-2024,23400,PE,0,0,0,1107.4,1043.25,0,0,0,0,28-MAR-2024,
OPTIDX,NIFTY,04-Apr-2024,23450,PE,0,0,0,1148.05,1093.05,0,0,0,0,28-MAR-2024,
OPTIDX,NIFTY,04-Apr-2024,23500,PE,1200,1200,968.45,1061.75,1061.75,288,3533.83,10100,9950,28-MAR-2024,
OPTIDX,NIFTY,04-Apr-2024,23550,PE,0,0,0,1230.9,1192.75,0,0,0,0,28-MAR-2024,
OPTIDX,NIFTY,04-Apr-2024,23600,PE,0,0,0,1273.05,1242.65,0,0,0,0,28-MAR-2024,
OPTIDX,NIFTY,04-Apr-2024,23650,PE,0,0,0,1315.75,1292.55,0,0,0,0,28-MAR-2024,
OPTIDX,NIFTY,04-Apr-2024,23700,PE,0,0,0,1358.85,1342.45,0,0,0,0,28-MAR-2024,
OPTIDX,NIFTY,04-Apr-2024,23750,PE,0,0,0,1402.4,1392.4,0,0,0,0,28-MAR-2024,
OPTIDX,NIFTY,04-Apr-2024,23800,PE,0,0,0,1446.35,1442.3,0,0,0,0,28-MAR-2024,
OPTIDX,NIFTY,04-Apr-2024,23850,PE,0,0,0,1490.65,1492.25,0,0,0,0,28-MAR-2024,
OPTIDX,NIFTY,04-Apr-2024,23900,PE,0,0,0,1535.4,1542.2,0,0,0,0,28-MAR-2024,
OPTIDX,NIFTY,04-Apr-2024,23950,PE,0,0,0,1580.45,1592.1,0,0,0,0,28-MAR-2024,
OPTIDX,NIFTY,04-Apr-2024,24000,PE,1690,1691.65,1471.9,1614.95,1614.95,586,7507.24,25450,15950,28-MAR-2024,
OPTIDX,NIFTY,04-Apr-2024,24050,PE,0,0,0,1671.5,1692,0,0,0,0,28-MAR-2024,
OPTIDX,NIFTY,04-Apr-2024,24100,PE,0,0,0,1717.5,1741.9,0,0,0,0,28-MAR-2024,
OPTIDX,NIFTY,04-Apr-2024,24150,PE,0,0,0,1763.75,1791.85,0,0,0,0,28-MAR-2024,
OPTIDX,NIFTY,04-Apr-2024,24200,PE,0,0,0,1810.25,1841.8,0,0,0,0,28-MAR-2024,
OPTIDX,NIFTY,04-Apr-2024,24250,PE,0,0,0,1857.05,1891.75,0,0,0,0,28-MAR-2024,
OPTIDX,NIFTY,10-Apr-2024,20050,CE,2375,2375,2364,2364,2325.05,93,1042.42,4650,4600,28-MAR-2024,
OPTIDX,NIFTY,10-Apr-2024,20100,CE,0,0,0,2519.4,2275.15,0,0,0,0,28-MAR-2024,
OPTIDX,NIFTY,10-Apr-2024,20150,CE,0,0,0,2469.9,2225.3,0,0,0,0,28-MAR-2024,
OPTIDX,NIFTY,10-Apr-2024,20200,CE,0,0,0,2420.4,2175.4,0,0,0,0,28-MAR-2024,
OPTIDX,NIFTY,10-Apr-2024,20250,CE,0,0,0,2370.9,2125.5,0,0,0,0,28-MAR-2024,
OPTIDX,NIFTY,10-Apr-2024,20300,CE,2140,2140,2140,2140,2075.65,1,11.22,50,50,28-MAR-2024,
OPTIDX,NIFTY,10-Apr-2024,20350,CE,0,0,0,2272.1,2025.75,0,0,0,0,28-MAR-2024,
OPTIDX,NIFTY,10-Apr-2024,20400,CE,2090,2100,2060.45,2060.45,2060.45,19,213.48,850,850,28-MAR-2024,
OPTIDX,NIFTY,10-Apr-2024,20450,CE,0,0,0,2173.55,1926,0,0,0,0,28-MAR-2024,
OPTIDX,NIFTY,10-Apr-2024,20500,CE,1910,1975,1910,1975,1876.15,4,44.9,200,200,28-MAR-2024,
OPTIDX,NIFTY,10-Apr-2024,20550,CE,0,0,0,2075.25,1826.25,0,0,0,0,28-MAR-2024,
OPTIDX,NIFTY,10-Apr-2024,20600,CE,1880,1880,1880,1880,1776.4,3,33.72,200,150,28-MAR-2024,
OPTIDX,NIFTY,10-Apr-2024,20650,CE,0,0,0,1977.35,1726.5,0,0,0,0,28-MAR-2024,
OPTIDX,NIFTY,10-Apr-2024,20700,CE,1722,1722,1722,1722,1676.65,23,257.85,1150,1150,28-MAR-2024,
OPTIDX,NIFTY,10-Apr-2024,20750,CE,0,0,0,1879.9,1626.8,0,0,0,0,28-MAR-2024,
OPTIDX,NIFTY,10-Apr-2024,20800,CE,0,0,0,1831.4,1576.95,0,0,0,0,28-MAR-2024,
OPTIDX,NIFTY,10-Apr-2024,20850,CE,0,0,0,1783.1,1527.1,0,0,0,0,28-MAR-2024,
OPTIDX,NIFTY,10-Apr-2024,20900,CE,0,0,0,1734.95,1477.3,0,0,0,0,28-MAR-2024,
OPTIDX,NIFTY,10-Apr-2024,20950,CE,0,0,0,1687,1427.5,0,0,0,0,28-MAR-2024,
OPTIDX,NIFTY,10-Apr-2024,21000,CE,1422,1547,1418,1452,1452,10,112.31,1000,200,28-MAR-2024,
OPTIDX,NIFTY,10-Apr-2024,21050,CE,0,0,0,1100.3,1328.05,0,0,600,0,28-MAR-2024,
OPTIDX,NIFTY,10-Apr-2024,21100,CE,0,0,0,1544.6,1278.4,0,0,0,0,28-MAR-2024,
OPTIDX,NIFTY,10-Apr-2024,21150,CE,0,0,0,1497.65,1228.85,0,0,0,0,28-MAR-2024,
OPTIDX,NIFTY,10-Apr-2024,21200,CE,1154,1154,1154,1154,1179.4,1,11.17,50,50,28-MAR-2024,
OPTIDX,NIFTY,10-Apr-2024,21250,CE,0,0,0,940,1130.05,0,0,50,0,28-MAR-2024,
OPTIDX,NIFTY,10-Apr-2024,21300,CE,1250,1275,1179.15,1179.15,1179.15,39,438.47,1950,1900,28-MAR-2024,
OPTIDX,NIFTY,10-Apr-2024,21350,CE,0,0,0,1313.55,1031.95,0,0,0,0,28-MAR-2024,
OPTIDX,NIFTY,10-Apr-2024,21400,CE,1010,1160,1010,1160,983.25,3,33.76,150,150,28-MAR-2024,
OPTIDX,NIFTY,10-Apr-2024,21450,CE,0,0,0,1224,934.9,0,0,0,0,28-MAR-2024,
OPTIDX,NIFTY,10-Apr-2024,21500,CE,937,1071,910,923.1,923.1,125,1404.66,9300,2300,28-MAR-2024,
OPTIDX,NIFTY,10-Apr-2024,21550,CE,0,0,0,475.6,839.35,0,0,50,0,28-MAR-2024,
OPTIDX,NIFTY,10-Apr-2024,21600,CE,902,975,816,828.05,828.05,48,538.64,2400,1550,28-MAR-2024,
OPTIDX,NIFTY,10-Apr-2024,21650,CE,0,0,0,1051.25,745.9,0,0,0,0,28-MAR-2024,
OPTIDX,NIFTY,10-Apr-2024,21700,CE,645.6,871.35,645.6,782.3,782.3,1080,12121.8,21750,4100,28-MAR-2024,
OPTIDX,NIFTY,10-Apr-2024,21750,CE,623.45,718.6,623.45,675.05,675.05,5,56.06,100,0,28-MAR-2024,
OPTIDX,NIFTY,10-Apr-2024,21800,CE,559.95,805.25,559.95,651.5,651.5,315,3545.65,11400,0,28-MAR-2024,
OPTIDX,NIFTY,10-Apr-2024,21850,CE,620,620,584.5,596.4,596.4,11,123.52,2350,0,28-MAR-2024,
OPTIDX,NIFTY,10-Apr-2024,21900,CE,479.95,712.7,478.8,561.05,561.05,498,5596.34,8150,-5400,28-MAR-2024,
OPTIDX,NIFTY,10-Apr-2024,21950,CE,490,612.7,482.4,522.45,522.45,58,651.81,5900,0,28-MAR-2024,
OPTIDX,NIFTY,10-Apr-2024,22000,CE,404.95,624.95,400.1,484.35,484.35,5731,64447.36,153400,-1850,28-MAR-2024,
OPTIDX,NIFTY,10-Apr-2024,22050,CE,377,579.9,376.95,461.9,461.9,967,10880.77,12800,2300,28-MAR-2024,
OPTIDX,NIFTY,10-Apr-2024,22100,CE,332,539,325.25,399.55,399.55,5255,59174.92,85100,-82350,28-MAR-2024,
OPTIDX,NIFTY,10-Apr-2024,22150,CE,290.55,495.7,290.55,359.25,359.25,1944,21887.54,17500,-13000,28-MAR-2024,
OPTIDX,NIFTY,10-Apr-2024,22200,CE,270,456.15,256.65,332.45,332.45,13440,151489.87,194200,58750,28-MAR-2024,
OPTIDX,NIFTY,10-Apr-2024,22250,CE,221.4,424.9,221.4,286.05,286.05,3182,35895.09,32300,14250,28-MAR-2024,
OPTIDX,NIFTY,10-Apr-2024,22300,CE,195,380.4,188.55,260.15,260.15,19347,218445.12,207750,72800,28-MAR-2024,
OPTIDX,NIFTY,10-Apr-2024,22350,CE,189.2,343,167.15,227.55,227.55,6198,70053.48,50100,33600,28-MAR-2024,
OPTIDX,NIFTY,10-Apr-2024,22400,CE,144.4,308.8,144.4,198,198,22350,252804.3,207550,109400,28-MAR-2024,
OPTIDX,NIFTY,10-Apr-2024,22450,CE,131.15,273.75,124.6,172.2,172.2,5632,63778.98,44400,25600,28-MAR-2024,
OPTIDX,NIFTY,10-Apr-2024,22500,CE,116.55,241.8,106,152,152,55656,630826.73,710050,532100,28-MAR-2024,
OPTIDX,NIFTY,10-Apr-2024,22550,CE,89.95,212.05,89.15,127.05,127.05,5066,57504.19,50350,36250,28-MAR-2024,
OPTIDX,NIFTY,10-Apr-2024,22600,CE,76.5,184,73,106.8,106.8,26206,297745.64,202900,132150,28-MAR-2024,
OPTIDX,NIFTY,10-Apr-2024,22650,CE,62.15,158.65,59.85,85.65,85.65,3749,42655.58,38350,25200,28-MAR-2024,
OPTIDX,NIFTY,10-Apr-2024,22700,CE,48.05,135.05,48.05,74.65,74.65,23323,265766.51,208600,98850,28-MAR-2024,
OPTIDX,NIFTY,10-Apr-2024,22750,CE,42.5,115,38.15,58.25,58.25,4029,45988.96,60300,39800,28-MAR-2024,
OPTIDX,NIFTY,10-Apr-2024,22800,CE,35,96.45,30.6,48.05,48.05,17406,198976.49,198650,61950,28-MAR-2024,
OPTIDX,NIFTY,10-Apr-2024,22850,CE,25.6,80.65,25.15,41.1,41.1,3560,40759.33,42550,24250,28-MAR-2024,
OPTIDX,NIFTY,10-Apr-2024,22900,CE,21.7,66.75,19.95,31.35,31.35,20802,238586.57,271650,120350,28-MAR-2024,
OPTIDX,NIFTY,10-Apr-2024,22950,CE,16.5,53.6,15.1,24.1,24.1,3327,38232.43,36350,17250,28-MAR-2024,
OPTIDX,NIFTY,10-Apr-2024,23000,CE,14.05,43.6,12.35,20.15,20.15,30556,351795.08,428000,127300,28-MAR-2024,
OPTIDX,NIFTY,10-Apr-2024,23050,CE,11,34.5,8.65,15.9,15.9,4156,47942.97,23750,13900,28-MAR-2024,
OPTIDX,NIFTY,10-Apr-2024,23100,CE,8.8,30.15,5.6,12.1,12.1,10552,121966.48,102050,65800,28-MAR-2024,
OPTIDX,NIFTY,10-Apr-2024,23150,CE,8.9,22.7,8.4,10.3,10.3,2148,24879.13,29550,23500,28-MAR-2024,
OPTIDX,NIFTY,10-Apr-2024,23200,CE,6,17.9,4.2,8.9,8.9,11654,135258.44,146250,106700,28-MAR-2024,
OPTIDX,NIFTY,10-Apr-2024,23250,CE,5.15,17.6,5.15,8.25,8.25,1083,12595.39,10600,7350,28-MAR-2024,
OPTIDX,NIFTY,10-Apr-2024,23300,CE,4.65,14.6,4.65,7.25,7.25,6369,74225.8,76000,60950,28-MAR-2024,
OPTIDX,NIFTY,10-Apr-2024,23350,CE,7,13.75,5.05,8.95,8.95,325,3795.83,7000,1650,28-MAR-2024,
OPTIDX,NIFTY,10-Apr-2024,23400,CE,3.5,10.4,3.45,6.45,6.45,4461,52209.17,68450,56900,28-MAR-2024,
OPTIDX,NIFTY,10-Apr-2024,23450,CE,2.75,10.4,2.75,5.95,5.95,79,926.52,2950,1650,28-MAR-2024,
OPTIDX,NIFTY,10-Apr-2024,23500,CE,3.2,8,2.7,5.35,5.35,11700,137507.12,160400,130000,28-MAR-2024,
OPTIDX,NIFTY,10-Apr-2024,23550,CE,3.2,7,3.2,4.3,4.3,272,3203.46,6750,5800,28-MAR-2024,
OPTIDX,NIFTY,10-Apr-2024,23600,CE,2.7,7.7,2.3,4.25,4.25,1670,19709.61,32300,10150,28-MAR-2024,
OPTIDX,NIFTY,10-Apr-2024,23650,CE,0,0,0,2.75,1.5,0,0,700,0,28-MAR-2024,
OPTIDX,NIFTY,10-Apr-2024,23700,CE,2.75,5.5,2.25,3.7,3.7,365,4325.96,9850,1550,28-MAR-2024,
OPTIDX,NIFTY,10-Apr-2024,23750,CE,0,0,0,64.6,0.85,0,0,0,0,28-MAR-2024,
OPTIDX,NIFTY,10-Apr-2024,23800,CE,2.9,5.8,2.3,3.2,3.2,291,3463.38,7350,6350,28-MAR-2024,
OPTIDX,NIFTY,10-Apr-2024,23850,CE,3.7,4,2.2,3.8,3.8,118,1407.33,6400,-1800,28-MAR-2024,
OPTIDX,NIFTY,10-Apr-2024,23900,CE,2.3,5.4,2.3,3.9,3.9,229,2736.9,5950,4400,28-MAR-2024,
OPTIDX,NIFTY,10-Apr-2024,23950,CE,3,4.25,2.2,3.05,3.05,117,1401.23,8450,-100,28-MAR-2024,
OPTIDX,NIFTY,10-Apr-2024,24000,CE,2.3,4.95,2.25,4.2,4.2,6004,72059.3,200750,174750,28-MAR-2024,
OPTIDX,NIFTY,10-Apr-2024,24050,CE,0,0,0,7.55,0.15,0,0,700,0,28-MAR-2024,
OPTIDX,NIFTY,10-Apr-2024,24100,CE,2.95,5.85,2.15,2.95,2.95,123,1482.3,4250,2900,28-MAR-2024,
OPTIDX,NIFTY,10-Apr-2024,24150,CE,0,0,0,28.3,0.05,0,0,0,0,28-MAR-2024,
OPTIDX,NIFTY,10-Apr-2024,24200,CE,0,0,0,25.35,0.05,0,0,0,0,28-MAR-2024,
OPTIDX,NIFTY,10-Apr-2024,24250,CE,2.2,3.3,2,2.95,2.95,387,4692.85,18600,5400,28-MAR-2024,
OPTIDX,NIFTY,10-Apr-2024,20050,PE,0,0,0,0.65,0.05,0,0,0,0,28-MAR-2024,
OPTIDX,NIFTY,10-Apr-2024,20100,PE,0,0,0,0.75,0.05,0,0,0,0,28-MAR-2024,
OPTIDX,NIFTY,10-Apr-2024,20150,PE,0,0,0,0.95,0.05,0,0,0,0,28-MAR-2024,
OPTIDX,NIFTY,10-Apr-2024,20200,PE,0,0,0,1.1,0.05,0,0,0,0,28-MAR-2024,
OPTIDX,NIFTY,10-Apr-2024,20250,PE,0,0,0,1.35,0.05,0,0,0,0,28-MAR-2024,
OPTIDX,NIFTY,10-Apr-2024,20300,PE,0,0,0,1.6,0.05,0,0,0,0,28-MAR-2024,
OPTIDX,NIFTY,10-Apr-2024,20350,PE,0,0,0,1.95,0.05,0,0,0,0,28-MAR-2024,
OPTIDX,NIFTY,10-Apr-2024,20400,PE,0,0,0,2.3,0.05,0,0,0,0,28-MAR-2024,
OPTIDX,NIFTY,10-Apr-2024,20450,PE,0,0,0,2.75,0.05,0,0,0,0,28-MAR-2024,
OPTIDX,NIFTY,10-Apr-2024,20500,PE,3.4,4.95,3,3.55,3.55,841,8621.76,29650,3150,28-MAR-2024,
OPTIDX,NIFTY,10-Apr-2024,20550,PE,0,0,0,3.85,0.05,0,0,0,0,28-MAR-2024,
OPTIDX,NIFTY,10-Apr-2024,20600,PE,0,0,0,4.5,0.05,0,0,0,0,28-MAR-2024,
OPTIDX,NIFTY,10-Apr-2024,20650,PE,0,0,0,5.3,0.05,0,0,0,0,28-MAR-2024,
OPTIDX,NIFTY,10-Apr-2024,20700,PE,4.1,5.75,3.25,4.45,4.45,358,3706.03,21100,850,28-MAR-2024,
OPTIDX,NIFTY,10-Apr-2024,20750,PE,0,0,0,7.25,0.05,0,0,0,0,28-MAR-2024,
OPTIDX,NIFTY,10-Apr-2024,20800,PE,5.9,8.7,3.55,5.25,5.25,455,4733.19,25100,4000,28-MAR-2024,
OPTIDX,NIFTY,10-Apr-2024,20850,PE,0,0,0,30.3,0.15,0,0,250,0,28-MAR-2024,
OPTIDX,NIFTY,10-Apr-2024,20900,PE,6.9,7.7,4.6,6.35,6.35,66,689.9,7300,1250,28-MAR-2024,
OPTIDX,NIFTY,10-Apr-2024,20950,PE,4.3,6.5,4.2,6.5,0.3,39,408.64,2250,1100,28-MAR-2024,
OPTIDX,NIFTY,10-Apr-2024,21000,PE,6.8,7.55,4.3,6.35,6.35,4872,51170.4,165300,17200,28-MAR-2024,
OPTIDX,NIFTY,10-Apr-2024,21050,PE,6.15,7.15,6.15,7.15,0.6,6,63.16,5700,100,28-MAR-2024,
OPTIDX,NIFTY,10-Apr-2024,21100,PE,7,9,5.15,7.2,7.2,2083,21982.72,50150,-4300,28-MAR-2024,
OPTIDX,NIFTY,10-Apr-2024,21150,PE,8.1,16.7,6.1,7.95,7.95,102,1079.07,4950,-1550,28-MAR-2024,
OPTIDX,NIFTY,10-Apr-2024,21200,PE,11.05,11.05,7.2,8.5,8.5,4397,46626.67,117750,19300,28-MAR-2024,
OPTIDX,NIFTY,10-Apr-2024,21250,PE,12,14.5,7.55,8.3,8.3,216,2296.04,7450,100,28-MAR-2024,
OPTIDX,NIFTY,10-Apr-2024,21300,PE,13.25,13.3,8.75,9.9,9.9,5731,61065.32,109600,18550,28-MAR-2024,
OPTIDX,NIFTY,10-Apr-2024,21350,PE,12.5,19.45,8.6,13.15,13.15,335,3578.22,4400,-2150,28-MAR-2024,
OPTIDX,NIFTY,10-Apr-2024,21400,PE,19.4,19.4,10.65,13.2,13.2,5099,54593.03,80150,-4550,28-MAR-2024,
OPTIDX,NIFTY,10-Apr-2024,21450,PE,20,20,11.7,14.85,14.85,988,10603.59,16950,5350,28-MAR-2024,
OPTIDX,NIFTY,10-Apr-2024,21500,PE,24,25.05,14,16.7,16.7,12304,132373.99,221650,74050,28-MAR-2024,
OPTIDX,NIFTY,10-Apr-2024,21550,PE,23.1,27.7,17.15,18.85,18.85,2572,27739.48,18550,1650,28-MAR-2024,
OPTIDX,NIFTY,10-Apr-2024,21600,PE,28.95,29,19.5,21.85,21.85,12125,131086.71,191600,113050,28-MAR-2024,
OPTIDX,NIFTY,10-Apr-2024,21650,PE,32.95,32.95,18.65,24.2,24.2,2350,25467.68,15950,4950,28-MAR-2024,
OPTIDX,NIFTY,10-Apr-2024,21700,PE,43.9,45.1,24.85,27.95,27.95,11195,121629.72,150400,65900,28-MAR-2024,
OPTIDX,NIFTY,10-Apr-2024,21750,PE,44.9,44.9,25.2,32.15,32.15,2847,31008.96,36450,21500,28-MAR-2024,
OPTIDX,NIFTY,10-Apr-2024,21800,PE,54.5,57.7,32.05,37.6,37.6,18778,205056.23,184600,13550,28-MAR-2024,
OPTIDX,NIFTY,10-Apr-2024,21850,PE,63.65,65.6,33.8,43.6,43.6,4358,47708.99,31600,5150,28-MAR-2024,
OPTIDX,NIFTY,10-Apr-2024,21900,PE,72.15,77.05,40.05,50.25,50.25,10641,116793.89,142500,51150,28-MAR-2024,
OPTIDX,NIFTY,10-Apr-2024,21950,PE,80.5,83.85,43.25,57.75,57.75,2119,23320.77,37250,9000,28-MAR-2024,
OPTIDX,NIFTY,10-Apr-2024,22000,PE,103.8,103.8,54,64.9,64.9,27273,300914.22,339550,111900,28-MAR-2024,
OPTIDX,NIFTY,10-Apr-2024,22050,PE,110,110.6,61,73.2,73.2,4404,48725.5,58400,11800,28-MAR-2024,
OPTIDX,NIFTY,10-Apr-2024,22100,PE,129.65,129.65,68.7,85.05,85.05,17037,189003.21,221350,39050,28-MAR-2024,
OPTIDX,NIFTY,10-Apr-2024,22150,PE,145,145,76.5,95.2,95.2,5063,56319.1,47450,11350,28-MAR-2024,
OPTIDX,NIFTY,10-Apr-2024,22200,PE,160.05,162,81.2,108.65,108.65,27864,310845.88,339350,134150,28-MAR-2024,
OPTIDX,NIFTY,10-Apr-2024,22250,PE,178.25,178.25,97.9,123.85,123.85,6628,74148.79,43400,-16850,28-MAR-2024,
OPTIDX,NIFTY,10-Apr-2024,22300,PE,192.8,195.05,108.5,138,138,28577,320643.45,314500,230300,28-MAR-2024,
OPTIDX,NIFTY,10-Apr-2024,22350,PE,235.05,235.05,124.45,156.8,156.8,6859,77167.81,44450,32350,28-MAR-2024,
OPTIDX,NIFTY,10-Apr-2024,22400,PE,258,258,137.25,174.9,174.9,27423,309443.13,280400,237600,28-MAR-2024,
OPTIDX,NIFTY,10-Apr-2024,22450,PE,256.5,256.5,148,196,196,5874,66472.53,60350,51500,28-MAR-2024,
OPTIDX,NIFTY,10-Apr-2024,22500,PE,294.05,296.95,170,219.8,219.8,30131,342078.7,549250,521550,28-MAR-2024,
OPTIDX,NIFTY,10-Apr-2024,22550,PE,256.35,305.15,192,250.05,250.05,2180,24825.69,39750,29350,28-MAR-2024,
OPTIDX,NIFTY,10-Apr-2024,22600,PE,366.5,370.1,214.5,270.65,270.65,6317,72185.7,76150,66900,28-MAR-2024,
OPTIDX,NIFTY,10-Apr-2024,22650,PE,385,385,227.45,323.3,323.3,586,6723.23,18700,18700,28-MAR-2024,
OPTIDX,NIFTY,10-Apr-2024,22700,PE,425.95,425.95,267,347.75,347.75,1757,20216.78,12650,8200,28-MAR-2024,
OPTIDX,NIFTY,10-Apr-2024,22750,PE,333,396.7,299.8,369.5,369.5,271,3127.5,5650,5650,28-MAR-2024,
OPTIDX,NIFTY,10-Apr-2024,22800,PE,487.25,487.25,329.45,423.95,423.95,885,10263.88,6600,4850,28-MAR-2024,
OPTIDX,NIFTY,10-Apr-2024,22850,PE,369,493.1,359.1,438.45,438.45,108,1255.57,3950,3950,28-MAR-2024,
OPTIDX,NIFTY,10-Apr-2024,22900,PE,571,572.5,397.8,487.3,487.3,189,2211.47,3650,3650,28-MAR-2024,
OPTIDX,NIFTY,10-Apr-2024,22950,PE,0,0,0,563.45,604.55,0,0,0,0,28-MAR-2024,
OPTIDX,NIFTY,10-Apr-2024,23000,PE,690,690,475,580.7,580.7,355,4179.99,6950,4600,28-MAR-2024,
OPTIDX,NIFTY,10-Apr-2024,23050,PE,0,0,0,628.4,692.7,0,0,0,0,28-MAR-2024,
OPTIDX,NIFTY,10-Apr-2024,23100,PE,0,0,0,662.3,738.05,0,0,0,0,28-MAR-2024,
OPTIDX,NIFTY,10-Apr-2024,23150,PE,0,0,0,697.05,784.1,0,0,0,0,28-MAR-2024,
OPTIDX,NIFTY,10-Apr-2024,23200,PE,0,0,0,732.65,830.8,0,0,0,0,28-MAR-2024,
OPTIDX,NIFTY,10-Apr-2024,23250,PE,0,0,0,769.1,878.05,0,0,0,0,28-MAR-2024,
OPTIDX,NIFTY,10-Apr-2024,23300,PE,0,0,0,807.4,925.75,0,0,0,0,28-MAR-2024,
OPTIDX,NIFTY,10-Apr-2024,23350,PE,0,0,0,844.55,973.85,0,0,0,0,28-MAR-2024,
OPTIDX,NIFTY,10-Apr-2024,23400,PE,0,0,0,883.35,1022.3,0,0,0,0,28-MAR-2024,
OPTIDX,NIFTY,10-Apr-2024,23450,PE,0,0,0,922.85,1071,0,0,0,0,28-MAR-2024,
OPTIDX,NIFTY,10-Apr-2024,23500,PE,954,954,954,954,1119.95,2,24.45,500,100,28-MAR-2024,
OPTIDX,NIFTY,10-Apr-2024,23550,PE,0,0,0,1003.9,1169.05,0,0,0,0,28-MAR-2024,
OPTIDX,NIFTY,10-Apr-2024,23600,PE,0,0,0,1045.4,1218.35,0,0,0,0,28-MAR-2024,
OPTIDX,NIFTY,10-Apr-2024,23650,PE,0,0,0,1087.45,1267.8,0,0,0,0,28-MAR-2024,
OPTIDX,NIFTY,10-Apr-2024,23700,PE,0,0,0,1130.1,1317.3,0,0,0,0,28-MAR-2024,
OPTIDX,NIFTY,10-Apr-2024,23750,PE,0,0,0,1173.25,1366.9,0,0,0,0,28-MAR-2024,
OPTIDX,NIFTY,10-Apr-2024,23800,PE,0,0,0,1216.95,1416.6,0,0,0,0,28-MAR-2024,
OPTIDX,NIFTY,10-Apr-2024,23850,PE,0,0,0,1261.1,1466.3,0,0,0,0,28-MAR-2024,
OPTIDX,NIFTY,10-Apr-2024,23900,PE,0,0,0,1305.7,1516.05,0,0,0,0,28-MAR-2024,
OPTIDX,NIFTY,10-Apr-2024,23950,PE,0,0,0,1350.7,1565.85,0,0,0,0,28-MAR-2024,
OPTIDX,NIFTY,10-Apr-2024,24000,PE,0,0,0,1396.1,1615.65,0,0,0,0,28-MAR-2024,
OPTIDX,NIFTY,10-Apr-2024,24050,PE,0,0,0,1441.9,1665.5,0,0,0,0,28-MAR-2024,
OPTIDX,NIFTY,10-Apr-2024,24100,PE,0,0,0,1488,1715.35,0,0,0,0,28-MAR-2024,
OPTIDX,NIFTY,10-Apr-2024,24150,PE,0,0,0,1534.45,1765.2,0,0,0,0,28-MAR-2024,
OPTIDX,NIFTY,10-Apr-2024,24200,PE,0,0,0,1581.2,1815.05,0,0,0,0,28-MAR-2024,
OPTIDX,NIFTY,10-Apr-2024,24250,PE,0,0,0,1628.2,1864.9,0,0,0,0,28-MAR-2024,
OPTIDX,NIFTY,18-Apr-2024,20050,CE,0,0,0,2240.05,2354.6,0,0,0,0,28-MAR-2024,
OPTIDX,NIFTY,18-Apr-2024,20100,CE,0,0,0,2190.95,2304.8,0,0,0,0,28-MAR-2024,
OPTIDX,NIFTY,18-Apr-2024,20150,CE,0,0,0,2141.95,2255,0,0,0,0,28-MAR-2024,
OPTIDX,NIFTY,18-Apr-2024,20200,CE,0,0,0,2093.05,2205.25,0,0,0,0,28-MAR-2024,
OPTIDX,NIFTY,18-Apr-2024,20250,CE,0,0,0,2044.25,2155.45,0,0,0,0,28-MAR-2024,
OPTIDX,NIFTY,18-Apr-2024,20300,CE,0,0,0,1995.55,2105.65,0,0,0,0,28-MAR-2024,
OPTIDX,NIFTY,18-Apr-2024,20350,CE,0,0,0,1947,2055.85,0,0,0,0,28-MAR-2024,
OPTIDX,NIFTY,18-Apr-2024,20400,CE,0,0,0,1898.6,2006.1,0,0,0,0,28-MAR-2024,
OPTIDX,NIFTY,18-Apr-2024,20450,CE,0,0,0,1850.35,1956.3,0,0,0,0,28-MAR-2024,
OPTIDX,NIFTY,18-Apr-2024,20500,CE,0,0,0,1802.3,1906.55,0,0,0,0,28-MAR-2024,
OPTIDX,NIFTY,18-Apr-2024,20550,CE,0,0,0,1754.4,1856.85,0,0,0,0,28-MAR-2024,
OPTIDX,NIFTY,18-Apr-2024,20600,CE,0,0,0,1706.8,1807.1,0,0,0,0,28-MAR-2024,
OPTIDX,NIFTY,18-Apr-2024,20650,CE,0,0,0,1659.4,1757.4,0,0,0,0,28-MAR-2024,
OPTIDX,NIFTY,18-Apr-2024,20700,CE,0,0,0,1612.25,1707.75,0,0,0,0,28-MAR-2024,
OPTIDX,NIFTY,18-Apr-2024,20750,CE,0,0,0,1565.4,1658.15,0,0,0,0,28-MAR-2024,
OPTIDX,NIFTY,18-Apr-2024,20800,CE,0,0,0,1518.85,1608.6,0,0,0,0,28-MAR-2024,
OPTIDX,NIFTY,18-Apr-2024,20850,CE,0,0,0,1472.65,1559.1,0,0,0,0,28-MAR-2024,
OPTIDX,NIFTY,18-Apr-2024,20900,CE,0,0,0,1426.8,1509.7,0,0,0,0,28-MAR-2024,
OPTIDX,NIFTY,18-Apr-2024,20950,CE,0,0,0,1381.35,1460.4,0,0,0,0,28-MAR-2024,
OPTIDX,NIFTY,18-Apr-2024,21000,CE,0,0,0,1336.35,1411.2,0,0,0,0,28-MAR-2024,
OPTIDX,NIFTY,18-Apr-2024,21050,CE,0,0,0,1291.75,1362.15,0,0,0,0,28-MAR-2024,
OPTIDX,NIFTY,18-Apr-2024,21100,CE,0,0,0,1247.65,1313.25,0,0,0,0,28-MAR-2024,
OPTIDX,NIFTY,18-Apr-2024,21150,CE,0,0,0,1204,1264.6,0,0,0,0,28-MAR-2024,
OPTIDX,NIFTY,18-Apr-2024,21200,CE,0,0,0,1160.95,1216.1,0,0,0,0,28-MAR-2024,
OPTIDX,NIFTY,18-Apr-2024,21250,CE,0,0,0,1118.45,1167.95,0,0,0,0,28-MAR-2024,
OPTIDX,NIFTY,18-Apr-2024,21300,CE,0,0,0,1076.5,1120.05,0,0,0,0,28-MAR-2024,
OPTIDX,NIFTY,18-Apr-2024,21350,CE,0,0,0,1035.2,1072.55,0,0,0,0,28-MAR-2024,
OPTIDX,NIFTY,18-Apr-2024,21400,CE,0,0,0,994.6,1025.45,0,0,0,0,28-MAR-2024,
OPTIDX,NIFTY,18-Apr-2024,21450,CE,0,0,0,954.65,978.85,0,0,0,0,28-MAR-2024,
OPTIDX,NIFTY,18-Apr-2024,21500,CE,0,0,0,718.5,932.75,0,0,150,0,28-MAR-2024,
OPTIDX,NIFTY,18-Apr-2024,21550,CE,0,0,0,876.9,887.2,0,0,0,0,28-MAR-2024,
OPTIDX,NIFTY,18-Apr-2024,21600,CE,0,0,0,839.15,842.35,0,0,0,0,28-MAR-2024,
OPTIDX,NIFTY,18-Apr-2024,21650,CE,0,0,0,803,798.2,0,0,0,0,28-MAR-2024,
OPTIDX,NIFTY,18-Apr-2024,21700,CE,0,0,0,524.15,754.85,0,0,0,0,28-MAR-2024,
OPTIDX,NIFTY,18-Apr-2024,21750,CE,0,0,0,730.7,712.35,0,0,0,0,28-MAR-2024,
OPTIDX,NIFTY,18-Apr-2024,21800,CE,0,0,0,540,670.8,0,0,100,0,28-MAR-2024,
OPTIDX,NIFTY,18-Apr-2024,21850,CE,0,0,0,429,630.25,0,0,50,0,28-MAR-2024,
OPTIDX,NIFTY,18-Apr-2024,21900,CE,610,686,610,686,590.8,35,395.09,1450,-950,28-MAR-2024,
OPTIDX,NIFTY,18-Apr-2024,21950,CE,568.3,650,568.3,650,552.45,10,112.85,1550,300,28-MAR-2024,
OPTIDX,NIFTY,18-Apr-2024,22000,CE,471.2,712.8,471.2,563.3,563.3,908,10252.35,59500,8900,28-MAR-2024,
OPTIDX,NIFTY,18-Apr-2024,22050,CE,552.3,614.25,497.05,500,500,16,180.88,6350,300,28-MAR-2024,
OPTIDX,NIFTY,18-Apr-2024,22100,CE,410.5,600.9,410.5,469.5,469.5,300,3389.42,9200,-900,28-MAR-2024,
OPTIDX,NIFTY,18-Apr-2024,22150,CE,381.35,490,368,490,411.8,84,948.21,750,250,28-MAR-2024,
OPTIDX,NIFTY,18-Apr-2024,22200,CE,337.6,525.75,335,401.75,401.75,794,8974.15,28350,8900,28-MAR-2024,
OPTIDX,NIFTY,18-Apr-2024,22250,CE,309.1,487.35,309.1,357.1,357.1,78,882.4,3550,650,28-MAR-2024,
OPTIDX,NIFTY,18-Apr-2024,22300,CE,272.3,448.25,272.3,346.05,346.05,1164,13188.27,13000,-200,28-MAR-2024,
OPTIDX,NIFTY,18-Apr-2024,22350,CE,310,382,284.75,315.05,315.05,189,2142.14,4950,4950,28-MAR-2024,
OPTIDX,NIFTY,18-Apr-2024,22400,CE,225.45,381.6,225.45,280.75,280.75,833,9457.68,12700,6600,28-MAR-2024,
OPTIDX,NIFTY,18-Apr-2024,22450,CE,285.95,346.8,236,244.8,244.8,104,1181.13,2900,2900,28-MAR-2024,
OPTIDX,NIFTY,18-Apr-2024,22500,CE,170.45,319.95,170.45,230.95,230.95,1930,21948.99,21650,5000,28-MAR-2024,
OPTIDX,NIFTY,18-Apr-2024,22550,CE,0,0,0,185.2,199.6,0,0,1300,0,28-MAR-2024,
OPTIDX,NIFTY,18-Apr-2024,22600,CE,135.05,260.5,134.5,182.9,182.9,854,9735.69,12700,1600,28-MAR-2024,
OPTIDX,NIFTY,18-Apr-2024,22650,CE,0,0,0,256.2,161.45,0,0,0,0,28-MAR-2024,
OPTIDX,NIFTY,18-Apr-2024,22700,CE,101.75,218,101.75,140.25,140.25,730,8343.73,10000,7050,28-MAR-2024,
OPTIDX,NIFTY,18-Apr-2024,22750,CE,151.8,151.8,131.1,131.1,131.1,2,22.89,100,0,28-MAR-2024,
OPTIDX,NIFTY,18-Apr-2024,22800,CE,80,161.25,79.65,100.7,100.7,780,8937.01,15250,9000,28-MAR-2024,
OPTIDX,NIFTY,18-Apr-2024,22850,CE,80,90,80,90,90,8,91.75,400,150,28-MAR-2024,
OPTIDX,NIFTY,18-Apr-2024,22900,CE,69.9,123.45,69.9,74.35,74.35,122,1402.66,4050,3650,28-MAR-2024,
OPTIDX,NIFTY,18-Apr-2024,22950,CE,0,0,0,70,78.7,0,0,150,0,28-MAR-2024,
OPTIDX,NIFTY,18-Apr-2024,23000,CE,39.2,94.05,36.85,54.85,54.85,4352,50197.01,67050,49200,28-MAR-2024,
OPTIDX,NIFTY,18-Apr-2024,23050,CE,40.5,71.55,36.45,43.6,43.6,131,1512.99,1700,1250,28-MAR-2024,
OPTIDX,NIFTY,18-Apr-2024,23100,CE,28,63.4,28,38.65,38.65,360,4165.96,4550,2500,28-MAR-2024,
OPTIDX,NIFTY,18-Apr-2024,23150,CE,0,0,0,119.75,45.4,0,0,0,0,28-MAR-2024,
OPTIDX,NIFTY,18-Apr-2024,23200,CE,23.4,50.05,16.55,28.2,28.2,298,3462.07,9400,3950,28-MAR-2024,
OPTIDX,NIFTY,18-Apr-2024,23250,CE,19.95,21.15,19.95,21.1,21.1,3,34.9,50,50,28-MAR-2024,
OPTIDX,NIFTY,18-Apr-2024,23300,CE,20.55,44,15.5,23.55,23.55,341,3977.16,5650,4250,28-MAR-2024,
OPTIDX,NIFTY,18-Apr-2024,23350,CE,0,0,0,20.2,24.7,0,0,350,0,28-MAR-2024,
OPTIDX,NIFTY,18-Apr-2024,23400,CE,13,28.3,6.05,17.95,17.95,217,2540.83,2950,1600,28-MAR-2024,
OPTIDX,NIFTY,18-Apr-2024,23450,CE,0,0,0,17.2,17.85,0,0,100,0,28-MAR-2024,
OPTIDX,NIFTY,18-Apr-2024,23500,CE,6.15,27.75,6.15,13.9,13.9,482,5667.25,8650,4650,28-MAR-2024,
OPTIDX,NIFTY,18-Apr-2024,23550,CE,9.3,9.3,9.3,9.3,12.65,5,58.89,1150,0,28-MAR-2024,
OPTIDX,NIFTY,18-Apr-2024,23600,CE,0,0,0,7,10.6,0,0,450,0,28-MAR-2024,
OPTIDX,NIFTY,18-Apr-2024,23650,CE,4.7,4.7,4.7,4.7,8.85,1,11.82,1000,-50,28-MAR-2024,
OPTIDX,NIFTY,18-Apr-2024,23700,CE,0,0,0,4.2,7.35,0,0,500,0,28-MAR-2024,
OPTIDX,NIFTY,18-Apr-2024,23750,CE,0,0,0,40,6.1,0,0,0,0,28-MAR-2024,
OPTIDX,NIFTY,18-Apr-2024,23800,CE,0,0,0,8.15,5.05,0,0,200,0,28-MAR-2024,
OPTIDX,NIFTY,18-Apr-2024,23850,CE,0,0,0,32.7,4.15,0,0,0,0,28-MAR-2024,
OPTIDX,NIFTY,18-Apr-2024,23900,CE,4.2,7.95,4.05,6.2,6.2,234,2796.9,17150,5850,28-MAR-2024,
OPTIDX,NIFTY,18-Apr-2024,20050,PE,0,0,0,3.15,0.05,0,0,0,0,28-MAR-2024,
OPTIDX,NIFTY,18-Apr-2024,20100,PE,0,0,0,3.75,0.05,0,0,0,0,28-MAR-2024,
OPTIDX,NIFTY,18-Apr-2024,20150,PE,0,0,0,4.35,0.05,0,0,0,0,28-MAR-2024,
OPTIDX,NIFTY,18-Apr-2024,20200,PE,0,0,0,15.9,0.05,0,0,50,0,28-MAR-2024,
OPTIDX,NIFTY,18-Apr-2024,20250,PE,0,0,0,5.95,0.05,0,0,0,0,28-MAR-2024,
OPTIDX,NIFTY,18-Apr-2024,20300,PE,0,0,0,6.9,0.05,0,0,0,0,28-MAR-2024,
OPTIDX,NIFTY,18-Apr-2024,20350,PE,0,0,0,8,0.1,0,0,0,0,28-MAR-2024,
OPTIDX,NIFTY,18-Apr-2024,20400,PE,0,0,0,9.25,0.1,0,0,0,0,28-MAR-2024,
OPTIDX,NIFTY,18-Apr-2024,20450,PE,0,0,0,10.65,0.15,0,0,0,0,28-MAR-2024,
OPTIDX,NIFTY,18-Apr-2024,20500,PE,0,0,0,12.25,0.2,0,0,0,0,28-MAR-2024,
OPTIDX,NIFTY,18-Apr-2024,20550,PE,0,0,0,14.05,0.25,0,0,0,0,28-MAR-2024,
OPTIDX,NIFTY,18-Apr-2024,20600,PE,0,0,0,16.05,0.35,0,0,0,0,28-MAR-2024,
OPTIDX,NIFTY,18-Apr-2024,20650,PE,0,0,0,18.3,0.5,0,0,0,0,28-MAR-2024,
OPTIDX,NIFTY,18-Apr-2024,20700,PE,0,0,0,20.8,0.65,0,0,0,0,28-MAR-2024,
OPTIDX,NIFTY,18-Apr-2024,20750,PE,0,0,0,23.6,0.85,0,0,0,0,28-MAR-2024,
OPTIDX,NIFTY,18-Apr-2024,20800,PE,0,0,0,26.75,1.1,0,0,0,0,28-MAR-2024,
OPTIDX,NIFTY,18-Apr-2024,20850,PE,0,0,0,30.2,1.4,0,0,0,0,28-MAR-2024,
OPTIDX,NIFTY,18-Apr-2024,20900,PE,0,0,0,24.1,1.8,0,0,50,0,28-MAR-2024,
OPTIDX,NIFTY,18-Apr-2024,20950,PE,7.2,7.2,7.2,7.2,2.3,2,20.95,100,0,28-MAR-2024,
OPTIDX,NIFTY,18-Apr-2024,21000,PE,15.5,16.25,12,13,13,657,6902.83,23650,4250,28-MAR-2024,
OPTIDX,NIFTY,18-Apr-2024,21050,PE,0,0,0,41.85,3.65,0,0,50,0,28-MAR-2024,
OPTIDX,NIFTY,18-Apr-2024,21100,PE,20.6,20.6,18,18,18,18,190.07,1200,-200,28-MAR-2024,
OPTIDX,NIFTY,18-Apr-2024,21150,PE,0,0,0,21.45,5.7,0,0,100,0,28-MAR-2024,
OPTIDX,NIFTY,18-Apr-2024,21200,PE,17.6,21.7,15,20.6,20.6,118,1251.81,4850,2450,28-MAR-2024,
OPTIDX,NIFTY,18-Apr-2024,21250,PE,0,0,0,73.15,8.65,0,0,0,0,28-MAR-2024,
OPTIDX,NIFTY,18-Apr-2024,21300,PE,29,29,9.95,18.45,18.45,69,735.56,4000,1850,28-MAR-2024,
OPTIDX,NIFTY,18-Apr-2024,21350,PE,21.65,21.65,21.65,21.65,12.9,1,10.68,100,0,28-MAR-2024,
OPTIDX,NIFTY,18-Apr-2024,21400,PE,30.75,32,23.35,26.3,26.3,278,2978.27,10850,9650,28-MAR-2024,
OPTIDX,NIFTY,18-Apr-2024,21450,PE,0,0,0,107.95,18.8,0,0,0,0,28-MAR-2024,
OPTIDX,NIFTY,18-Apr-2024,21500,PE,47.2,47.2,28.05,31.95,31.95,1568,16882.21,44700,34500,28-MAR-2024,
OPTIDX,NIFTY,18-Apr-2024,21550,PE,43.15,43.15,35.75,36.75,26.8,93,1003.93,4550,4550,28-MAR-2024,
OPTIDX,NIFTY,18-Apr-2024,21600,PE,55,55.05,35,39.35,39.35,292,3159.63,8850,5400,28-MAR-2024,
OPTIDX,NIFTY,18-Apr-2024,21650,PE,40,40,40,40,37.4,1,10.84,50,50,28-MAR-2024,
OPTIDX,NIFTY,18-Apr-2024,21700,PE,70,70,39.5,52,52,307,3338.95,8000,3650,28-MAR-2024,
OPTIDX,NIFTY,18-Apr-2024,21750,PE,55,60,55,58.65,58.65,12,130.83,650,400,28-MAR-2024,
OPTIDX,NIFTY,18-Apr-2024,21800,PE,92.4,92.4,57,67.45,67.45,529,5783.68,16700,9850,28-MAR-2024,
OPTIDX,NIFTY,18-Apr-2024,21850,PE,87.5,87.5,70.45,74.05,74.05,39,427.58,1700,1350,28-MAR-2024,
OPTIDX,NIFTY,18-Apr-2024,21900,PE,108.15,108.2,70.5,80.65,80.65,836,9190.01,21600,14900,28-MAR-2024,
OPTIDX,NIFTY,18-Apr-2024,21950,PE,116.15,117.15,80.5,96,96,153,1686.49,6550,2600,28-MAR-2024,
OPTIDX,NIFTY,18-Apr-2024,22000,PE,129.35,137.7,85.25,100.5,100.5,1930,21328.98,87800,21300,28-MAR-2024,
OPTIDX,NIFTY,18-Apr-2024,22050,PE,115,119.05,90.05,115.55,115.55,193,2138.86,11350,7500,28-MAR-2024,
OPTIDX,NIFTY,18-Apr-2024,22100,PE,165.05,165.05,102.4,129.65,129.65,552,6135.12,15900,4100,28-MAR-2024,
OPTIDX,NIFTY,18-Apr-2024,22150,PE,154.6,156.3,119.05,143,143,153,1704.95,8950,6200,28-MAR-2024,
OPTIDX,NIFTY,18-Apr-2024,22200,PE,200.5,200.5,128.95,156.3,156.3,1971,22034.7,45650,23100,28-MAR-2024,
OPTIDX,NIFTY,18-Apr-2024,22250,PE,213,213,130,171.1,171.1,376,4214.01,6500,6350,28-MAR-2024,
OPTIDX,NIFTY,18-Apr-2024,22300,PE,226.85,226.85,152.35,186.15,186.15,1766,19853.08,21900,13800,28-MAR-2024,
OPTIDX,NIFTY,18-Apr-2024,22350,PE,210.15,211,205.55,208.5,208.5,30,338.37,1000,1000,28-MAR-2024,
OPTIDX,NIFTY,18-Apr-2024,22400,PE,270.05,271.25,184.2,226.2,226.2,1512,17096.76,18150,14750,28-MAR-2024,
OPTIDX,NIFTY,18-Apr-2024,22450,PE,234.4,258.95,198,239.3,239.3,122,1382.88,1650,1650,28-MAR-2024,
OPTIDX,NIFTY,18-Apr-2024,22500,PE,325.9,327.5,219.75,269.05,269.05,1479,16822.32,17550,14700,28-MAR-2024,
OPTIDX,NIFTY,18-Apr-2024,22550,PE,281.3,310.15,236.45,303.65,303.65,246,2808.64,4950,4950,28-MAR-2024,
OPTIDX,NIFTY,18-Apr-2024,22600,PE,0,0,0,569.75,365.3,0,0,0,0,28-MAR-2024,
OPTIDX,NIFTY,18-Apr-2024,22650,PE,368.35,368.35,368.35,368.35,368.35,11,126.6,550,550,28-MAR-2024,
OPTIDX,NIFTY,18-Apr-2024,22700,PE,400,420.05,317.8,391,391,93,1073.53,4000,3350,28-MAR-2024,
OPTIDX,NIFTY,18-Apr-2024,22750,PE,0,0,0,666.6,463.75,0,0,0,0,28-MAR-2024,
OPTIDX,NIFTY,18-Apr-2024,22800,PE,0,0,0,700.65,499.2,0,0,0,0,28-MAR-2024,
OPTIDX,NIFTY,18-Apr-2024,22850,PE,0,0,0,735.5,535.95,0,0,0,0,28-MAR-2024,
OPTIDX,NIFTY,18-Apr-2024,22900,PE,0,0,0,655.5,573.8,0,0,100,0,28-MAR-2024,
OPTIDX,NIFTY,18-Apr-2024,22950,PE,0,0,0,807.65,612.85,0,0,0,0,28-MAR-2024,
OPTIDX,NIFTY,18-Apr-2024,23000,PE,0,0,0,845.95,652.9,0,0,0,0,28-MAR-2024,
OPTIDX,NIFTY,18-Apr-2024,23050,PE,0,0,0,883.1,694,0,0,0,0,28-MAR-2024,
OPTIDX,NIFTY,18-Apr-2024,23100,PE,0,0,0,921.8,735.95,0,0,0,0,28-MAR-2024,
OPTIDX,NIFTY,18-Apr-2024,23150,PE,0,0,0,961.2,778.8,0,0,0,0,28-MAR-2024,
OPTIDX,NIFTY,18-Apr-2024,23200,PE,0,0,0,1001.2,822.4,0,0,0,0,28-MAR-2024,
OPTIDX,NIFTY,18-Apr-2024,23250,PE,0,0,0,1041.9,866.75,0,0,0,0,28-MAR-2024,
OPTIDX,NIFTY,18-Apr-2024,23300,PE,0,0,0,1083.2,911.7,0,0,0,0,28-MAR-2024,
OPTIDX,NIFTY,18-Apr-2024,23350,PE,0,0,0,1125.05,957.3,0,0,0,0,28-MAR-2024,
OPTIDX,NIFTY,18-Apr-2024,23400,PE,0,0,0,1167.4,1003.45,0,0,0,0,28-MAR-2024,
OPTIDX,NIFTY,18-Apr-2024,23450,PE,0,0,0,1210.35,1050.05,0,0,0,0,28-MAR-2024,
OPTIDX,NIFTY,18-Apr-2024,23500,PE,1288.9,1288.9,1288.9,1288.9,1097.05,1,12.39,50,50,28-MAR-2024,
OPTIDX,NIFTY,18-Apr-2024,23550,PE,0,0,0,1297.6,1144.5,0,0,0,0,28-MAR-2024,
OPTIDX,NIFTY,18-Apr-2024,23600,PE,0,0,0,1341.95,1192.25,0,0,0,0,28-MAR-2024,
OPTIDX,NIFTY,18-Apr-2024,23650,PE,0,0,0,1386.65,1240.3,0,0,0,0,28-MAR-2024,
OPTIDX,NIFTY,18-Apr-2024,23700,PE,0,0,0,1431.75,1288.6,0,0,0,0,28-MAR-2024,
OPTIDX,NIFTY,18-Apr-2024,23750,PE,0,0,0,1477.25,1337.15,0,0,0,0,28-MAR-2024,
OPTIDX,NIFTY,18-Apr-2024,23800,PE,0,0,0,1523.05,1385.9,0,0,0,0,28-MAR-2024,
OPTIDX,NIFTY,18-Apr-2024,23850,PE,0,0,0,1569.2,1434.8,0,0,0,0,28-MAR-2024,
OPTIDX,NIFTY,18-Apr-2024,23900,PE,0,0,0,1615.65,1483.85,0,0,0,0,28-MAR-2024,
OPTIDX,NIFTY,25-Apr-2024,19600,CE,2749.95,3028.75,2749.95,2862.15,2862.15,2168,24379.36,213850,92700,28-MAR-2024,
OPTIDX,NIFTY,25-Apr-2024,19650,CE,2845,2845,2845,2845,2778.4,4,44.99,250,100,28-MAR-2024,
OPTIDX,NIFTY,25-Apr-2024,19700,CE,2795,2888,2750,2750,2750,26,292.76,3950,1250,28-MAR-2024,
OPTIDX,NIFTY,25-Apr-2024,19750,CE,0,0,0,2499.55,2678.9,0,0,50,0,28-MAR-2024,
OPTIDX,NIFTY,25-Apr-2024,19800,CE,2647.55,2798.95,2647.55,2798.95,2629.2,31,348.81,6850,1550,28-MAR-2024,
OPTIDX,NIFTY,25-Apr-2024,19850,CE,0,0,0,2409.85,2579.45,0,0,2000,0,28-MAR-2024,
OPTIDX,NIFTY,25-Apr-2024,19900,CE,2488,2695,2488,2536.65,2536.65,9,101.13,4450,450,28-MAR-2024,
OPTIDX,NIFTY,25-Apr-2024,19950,CE,2600,2600,2550.7,2550.7,2550.7,2,22.52,100,50,28-MAR-2024,
OPTIDX,NIFTY,25-Apr-2024,20000,CE,2345.85,2634,2345.85,2468.45,2468.45,11847,133366.97,1896350,125300,28-MAR-2024,
OPTIDX,NIFTY,25-Apr-2024,20050,CE,2299.4,2299.5,2299.4,2299.5,2380.55,4,44.69,250,200,28-MAR-2024,
OPTIDX,NIFTY,25-Apr-2024,20100,CE,2341,2450,2341,2352.5,2352.5,6,67.44,3100,300,28-MAR-2024,
OPTIDX,NIFTY,25-Apr-2024,20150,CE,2300,2300,2300,2300,2281.1,1,11.22,300,50,28-MAR-2024,
OPTIDX,NIFTY,25-Apr-2024,20200,CE,2210,2420,2210,2239,2239,79,888.21,7050,3750,28-MAR-2024,
OPTIDX,NIFTY,25-Apr-2024,20250,CE,0,0,0,1591.85,2181.7,0,0,0,0,28-MAR-2024,
OPTIDX,NIFTY,25-Apr-2024,20300,CE,2106.6,2311.55,2106.6,2189.6,2189.6,243,2734.86,13350,10650,28-MAR-2024,
OPTIDX,NIFTY,25-Apr-2024,20350,CE,0,0,0,1511.75,2082.4,0,0,0,0,28-MAR-2024,
OPTIDX,NIFTY,25-Apr-2024,20400,CE,2058.25,2150,2051.15,2068.4,2068.4,48,540.3,4650,2150,28-MAR-2024,
OPTIDX,NIFTY,25-Apr-2024,20450,CE,0,0,0,1884.45,1983.15,0,0,100,0,28-MAR-2024,
OPTIDX,NIFTY,25-Apr-2024,20500,CE,1860,2139,1860,1983.45,1983.45,2400,27036.26,378100,79450,28-MAR-2024,
OPTIDX,NIFTY,25-Apr-2024,20550,CE,0,0,0,1357.05,1884.1,0,0,0,0,28-MAR-2024,
OPTIDX,NIFTY,25-Apr-2024,20600,CE,1784,2020,1784,1850,1850,63,709.71,9150,3050,28-MAR-2024,
OPTIDX,NIFTY,25-Apr-2024,20650,CE,1884,1884,1884,1884,1785.2,4,45.06,450,200,28-MAR-2024,
OPTIDX,NIFTY,25-Apr-2024,20700,CE,1780,1903.75,1725.9,1765.45,1765.45,610,6862.49,44700,27200,28-MAR-2024,
OPTIDX,NIFTY,25-Apr-2024,20750,CE,0,0,0,1580.7,1686.6,0,0,300,0,28-MAR-2024,
OPTIDX,NIFTY,25-Apr-2024,20800,CE,1575,1835,1575,1654.1,1654.1,398,4481.19,22650,18000,28-MAR-2024,
OPTIDX,NIFTY,25-Apr-2024,20850,CE,0,0,0,1139.95,1588.4,0,0,0,0,28-MAR-2024,
OPTIDX,NIFTY,25-Apr-2024,20900,CE,1500,1646,1499.55,1591.35,1591.35,10,112.42,8400,500,28-MAR-2024,
OPTIDX,NIFTY,25-Apr-2024,20950,CE,0,0,0,1072.05,1490.75,0,0,0,0,28-MAR-2024,
OPTIDX,NIFTY,25-Apr-2024,21000,CE,1381,1654.95,1378.95,1491.2,1491.2,8562,96480.23,964250,228900,28-MAR-2024,
OPTIDX,NIFTY,25-Apr-2024,21050,CE,1330,1480.15,1329.95,1462.45,1462.45,10,112.38,900,300,28-MAR-2024,
OPTIDX,NIFTY,25-Apr-2024,21100,CE,1434,1488.5,1399.25,1421.5,1421.5,99,1115.82,7850,4250,28-MAR-2024,
OPTIDX,NIFTY,25-Apr-2024,21150,CE,1343,1388,1300,1305.7,1305.7,7,78.77,650,250,28-MAR-2024,
OPTIDX,NIFTY,25-Apr-2024,21200,CE,1200,1445,1200,1299.1,1299.1,190,2145.98,19700,4200,28-MAR-2024,
OPTIDX,NIFTY,25-Apr-2024,21250,CE,1394.8,1394.8,1390,1390,1203.2,2,22.64,1300,50,28-MAR-2024,
OPTIDX,NIFTY,25-Apr-2024,21300,CE,1123,1327.05,1123,1259.65,1259.65,537,6065.93,29050,20800,28-MAR-2024,
OPTIDX,NIFTY,25-Apr-2024,21350,CE,1197,1305.15,1197,1300,1110.05,8,90.29,850,350,28-MAR-2024,
OPTIDX,NIFTY,25-Apr-2024,21400,CE,1009.7,1261.75,1009.7,1112.7,1112.7,300,3385.77,16700,-7550,28-MAR-2024,
OPTIDX,NIFTY,25-Apr-2024,21450,CE,0,0,0,915.5,1018.8,0,0,700,0,28-MAR-2024,
OPTIDX,NIFTY,25-Apr-2024,21500,CE,920,1180.45,913,1033.45,1033.45,6772,76382.01,361350,49650,28-MAR-2024,
OPTIDX,NIFTY,25-Apr-2024,21550,CE,900,1104.75,895.75,945.9,945.9,28,315.37,8450,450,28-MAR-2024,
OPTIDX,NIFTY,25-Apr-2024,21600,CE,846.65,1086.65,846.65,931.75,931.75,1076,12119.29,56700,25150,28-MAR-2024,
OPTIDX,NIFTY,25-Apr-2024,21650,CE,850.9,1043.2,850.9,885,885,19,214.75,1550,-300,28-MAR-2024,
OPTIDX,NIFTY,25-Apr-2024,21700,CE,756.7,1000,756.7,858.2,858.2,819,9250.96,64800,-2400,28-MAR-2024,
OPTIDX,NIFTY,25-Apr-2024,21750,CE,810,933.1,787.8,800.85,800.85,33,372.26,9350,-150,28-MAR-2024,
OPTIDX,NIFTY,25-Apr-2024,21800,CE,675.35,912.95,675.35,786,786,1851,20922.14,85400,-2300,28-MAR-2024,
OPTIDX,NIFTY,25-Apr-2024,21850,CE,664,870,664,716.9,716.9,71,803.09,8950,-850,28-MAR-2024,
OPTIDX,NIFTY,25-Apr-2024,21900,CE,599.55,832.35,599.55,702.35,702.35,1666,18839.93,68350,-5800,28-MAR-2024,
OPTIDX,NIFTY,25-Apr-2024,21950,CE,585,786.35,580.45,638,638,306,3460.75,8800,-6200,28-MAR-2024,
OPTIDX,NIFTY,25-Apr-2024,22000,CE,530.05,750,521.5,618.45,618.45,37608,425712.14,1289800,-272800,28-MAR-2024,
OPTIDX,NIFTY,25-Apr-2024,22050,CE,497,706,497,564.6,564.6,392,4437.22,21400,-650,28-MAR-2024,
OPTIDX,NIFTY,25-Apr-2024,22100,CE,462.45,670,457,547.8,547.8,9101,103095.94,287400,-56750,28-MAR-2024,
OPTIDX,NIFTY,25-Apr-2024,22150,CE,434.85,629.45,421.6,494.3,494.3,1547,17516.32,54250,-9650,28-MAR-2024,
OPTIDX,NIFTY,25-Apr-2024,22200,CE,395.7,594,392.15,476.9,476.9,30561,346679.7,546650,-73100,28-MAR-2024,
OPTIDX,NIFTY,25-Apr-2024,22250,CE,365.05,557.15,364,437.25,437.25,2545,28878.01,45350,-6050,28-MAR-2024,
OPTIDX,NIFTY,25-Apr-2024,22300,CE,343.45,525,334.6,411.4,411.4,40207,456788.35,755800,165800,28-MAR-2024,
OPTIDX,NIFTY,25-Apr-2024,22350,CE,310,489.25,305.7,376.9,376.9,3641,41396.39,62200,5800,28-MAR-2024,
OPTIDX,NIFTY,25-Apr-2024,22400,CE,284.2,456.65,281.55,357.95,357.95,59307,675416.57,868500,327950,28-MAR-2024,
OPTIDX,NIFTY,25-Apr-2024,22450,CE,253.05,421.7,252.1,320.35,320.35,4342,49474.68,76050,37700,28-MAR-2024,
OPTIDX,NIFTY,25-Apr-2024,22500,CE,237.35,393,232.85,302.15,302.15,126562,1443661.88,2321350,465500,28-MAR-2024,
OPTIDX,NIFTY,25-Apr-2024,22550,CE,210.45,360.85,210.45,265.3,265.3,3362,38384.46,48050,17400,28-MAR-2024,
OPTIDX,NIFTY,25-Apr-2024,22600,CE,189.1,331.8,186.65,249.45,249.45,47370,541545.88,733600,372700,28-MAR-2024,
OPTIDX,NIFTY,25-Apr-2024,22650,CE,169.35,304.25,168.2,218.6,218.6,2987,34168.33,38000,3250,28-MAR-2024,
OPTIDX,NIFTY,25-Apr-2024,22700,CE,152.85,277.6,149.4,202.15,202.15,29114,333584.86,598800,214950,28-MAR-2024,
OPTIDX,NIFTY,25-Apr-2024,22750,CE,134.95,252.75,133.75,175.45,175.45,3658,41953.43,53450,25050,28-MAR-2024,
OPTIDX,NIFTY,25-Apr-2024,22800,CE,119,228.95,117.05,162.55,162.55,27023,310363.06,571350,98400,28-MAR-2024,
OPTIDX,NIFTY,25-Apr-2024,22850,CE,105.15,207,105.15,142.25,142.25,4193,48229.16,37900,20950,28-MAR-2024,
OPTIDX,NIFTY,25-Apr-2024,22900,CE,96,187.2,92.95,131.05,131.05,18578,213994.9,335650,62950,28-MAR-2024,
OPTIDX,NIFTY,25-Apr-2024,22950,CE,81.5,168.05,81.45,116.5,116.5,2904,33503.43,36350,-1050,28-MAR-2024,
OPTIDX,NIFTY,25-Apr-2024,23000,CE,70.35,152.9,70.35,104.4,104.4,94733,1094707.47,2447350,417100,28-MAR-2024,
OPTIDX,NIFTY,25-Apr-2024,23050,CE,66.05,134.45,63.85,89.65,89.65,3388,39214.9,33500,-2050,28-MAR-2024,
OPTIDX,NIFTY,25-Apr-2024,23100,CE,57.3,120.4,55.3,79.8,79.8,26179,303444.45,423500,138050,28-MAR-2024,
OPTIDX,NIFTY,25-Apr-2024,23150,CE,49.85,105.1,48.9,69.4,69.4,3362,39037.92,43850,8650,28-MAR-2024,
OPTIDX,NIFTY,25-Apr-2024,23200,CE,42,92.75,42,60.1,60.1,27956,325186.86,535100,150800,28-MAR-2024,
OPTIDX,NIFTY,25-Apr-2024,23250,CE,30.65,81.1,30.65,51.7,51.7,2961,34503.88,40300,9400,28-MAR-2024,
OPTIDX,NIFTY,25-Apr-2024,23300,CE,28.8,72.5,28.75,46.25,46.25,26332,307422.62,539050,111700,28-MAR-2024,
OPTIDX,NIFTY,25-Apr-2024,23350,CE,27.6,63.7,26.95,40.3,40.3,3294,38528.24,16750,-10700,28-MAR-2024,
OPTIDX,NIFTY,25-Apr-2024,23400,CE,22.2,56.25,22.2,37.3,37.3,21450,251388.66,417600,135700,28-MAR-2024,
OPTIDX,NIFTY,25-Apr-2024,23450,CE,20.3,48.6,20.3,31.25,31.25,3394,39852.59,28150,11250,28-MAR-2024,
OPTIDX,NIFTY,25-Apr-2024,23500,CE,19,42.65,16.75,28.45,28.45,57052,671201.48,1316750,114750,28-MAR-2024,
OPTIDX,NIFTY,25-Apr-2024,23550,CE,16.45,36.55,15.75,23.8,23.8,2811,33135.83,24500,0,28-MAR-2024,
OPTIDX,NIFTY,25-Apr-2024,23600,CE,13.3,31.8,13.3,20,20,8919,105341.9,208250,23600,28-MAR-2024,
OPTIDX,NIFTY,25-Apr-2024,23650,CE,12.6,28.1,12.6,17.25,17.25,1236,14626.99,24150,14700,28-MAR-2024,
OPTIDX,NIFTY,25-Apr-2024,23700,CE,11.5,23.8,10.65,14.05,14.05,16017,189932.76,602450,230250,28-MAR-2024,
OPTIDX,NIFTY,25-Apr-2024,23750,CE,11.75,24.5,10.95,13.15,13.15,873,10373.17,16950,8800,28-MAR-2024,
OPTIDX,NIFTY,25-Apr-2024,23800,CE,10.3,19.45,9.95,12.15,12.15,8066,96039.33,284150,77700,28-MAR-2024,
OPTIDX,NIFTY,25-Apr-2024,23850,CE,12.15,19.8,9.8,12.95,12.95,350,4176.17,12150,1300,28-MAR-2024,
OPTIDX,NIFTY,25-Apr-2024,23900,CE,9.2,17.05,8.9,10.9,10.9,7248,86654.98,219050,28700,28-MAR-2024,
OPTIDX,NIFTY,25-Apr-2024,23950,CE,8.6,19,8.2,10.6,10.6,411,4924.1,13700,3300,28-MAR-2024,
OPTIDX,NIFTY,25-Apr-2024,24000,CE,8.85,15,7.6,10.45,10.45,36515,438373.13,1715400,285500,28-MAR-2024,
OPTIDX,NIFTY,25-Apr-2024,24050,CE,10.15,15.5,8,9.75,9.75,329,3957.94,5400,1000,28-MAR-2024,
OPTIDX,NIFTY,25-Apr-2024,24100,CE,7.6,15.4,7.4,10.05,10.05,2596,31294.93,67050,15900,28-MAR-2024,
OPTIDX,NIFTY,25-Apr-2024,24150,CE,7.4,13.15,5.55,8.65,8.65,464,5604.84,5700,-2950,28-MAR-2024,
OPTIDX,NIFTY,25-Apr-2024,24200,CE,6.95,11,5.85,8,8,5833,70602.89,176300,53500,28-MAR-2024,
OPTIDX,NIFTY,25-Apr-2024,24250,CE,6.5,11.95,6.15,7.5,7.5,2970,36022.81,82650,11900,28-MAR-2024,
OPTIDX,NIFTY,25-Apr-2024,19600,PE,5.75,8.4,4.8,5.85,5.85,3395,33281.62,212000,18100,28-MAR-2024,
OPTIDX,NIFTY,25-Apr-2024,19650,PE,0,0,0,57.1,0.05,0,0,0,0,28-MAR-2024,
OPTIDX,NIFTY,25-Apr-2024,19700,PE,0,0,0,3.1,0.05,0,0,850,0,28-MAR-2024,
OPTIDX,NIFTY,25-Apr-2024,19750,PE,0,0,0,6.55,0.05,0,0,1500,0,28-MAR-2024,
OPTIDX,NIFTY,25-Apr-2024,19800,PE,0,0,0,71.65,0.05,0,0,0,0,28-MAR-2024,
OPTIDX,NIFTY,25-Apr-2024,19850,PE,0,0,0,3.2,0.05,0,0,50,0,28-MAR-2024,
OPTIDX,NIFTY,25-Apr-2024,19900,PE,6.5,8,6.05,6.9,6.9,389,3871.94,6600,850,28-MAR-2024,
OPTIDX,NIFTY,25-Apr-2024,19950,PE,0,0,0,89,0.05,0,0,0,0,28-MAR-2024,
OPTIDX,NIFTY,25-Apr-2024,20000,PE,8,8.45,6.15,7.3,7.3,21896,219042.45,1572850,-89850,28-MAR-2024,
OPTIDX,NIFTY,25-Apr-2024,20050,PE,0,0,0,8.3,0.1,0,0,2500,0,28-MAR-2024,
OPTIDX,NIFTY,25-Apr-2024,20100,PE,6.75,11.4,6.55,7.65,7.65,1077,10828.13,16500,-4150,28-MAR-2024,
OPTIDX,NIFTY,25-Apr-2024,20150,PE,9.25,9.95,7.15,8.05,8.05,49,493.87,2350,1100,28-MAR-2024,
OPTIDX,NIFTY,25-Apr-2024,20200,PE,8.9,12.8,7.35,8.1,8.1,1969,19895.1,62850,-11650,28-MAR-2024,
OPTIDX,NIFTY,25-Apr-2024,20250,PE,0,0,0,9.95,0.25,0,0,2950,0,28-MAR-2024,
OPTIDX,NIFTY,25-Apr-2024,20300,PE,9.1,15.1,7.25,7.95,7.95,5554,56397.59,67300,-7050,28-MAR-2024,
OPTIDX,NIFTY,25-Apr-2024,20350,PE,0,0,0,15.95,0.4,0,0,4250,0,28-MAR-2024,
OPTIDX,NIFTY,25-Apr-2024,20400,PE,9.5,11.95,6.5,8.6,8.6,3782,38593.49,85750,-15000,28-MAR-2024,
OPTIDX,NIFTY,25-Apr-2024,20450,PE,9.6,11.25,8.65,9.4,9.4,60,613.79,7050,-100,28-MAR-2024,
OPTIDX,NIFTY,25-Apr-2024,20500,PE,12.25,12.25,9.1,10.05,10.05,23637,242399.96,1084250,-109100,28-MAR-2024,
OPTIDX,NIFTY,25-Apr-2024,20550,PE,16.5,16.5,8.3,10.6,10.6,199,2045.84,7700,600,28-MAR-2024,
OPTIDX,NIFTY,25-Apr-2024,20600,PE,12.05,12.5,10.15,11.05,11.05,12362,127397.11,196250,-45250,28-MAR-2024,
OPTIDX,NIFTY,25-Apr-2024,20650,PE,13.6,15.25,10.1,11.7,11.7,252,2603.38,8000,-1650,28-MAR-2024,
OPTIDX,NIFTY,25-Apr-2024,20700,PE,13.4,14.55,10.15,12.3,12.3,9318,96498.49,460450,62500,28-MAR-2024,
OPTIDX,NIFTY,25-Apr-2024,20750,PE,14.35,15,12.35,13.4,13.4,306,3176.81,9950,-1200,28-MAR-2024,
OPTIDX,NIFTY,25-Apr-2024,20800,PE,17.05,17.05,12.8,14.1,14.1,12330,128321.27,443000,21700,28-MAR-2024,
OPTIDX,NIFTY,25-Apr-2024,20850,PE,17.75,24,13.75,16.25,16.25,767,8002.08,17550,6850,28-MAR-2024,
OPTIDX,NIFTY,25-Apr-2024,20900,PE,19.75,20.1,15.2,16.55,16.55,10833,113296.3,416400,48150,28-MAR-2024,
OPTIDX,NIFTY,25-Apr-2024,20950,PE,23.35,23.35,17.45,19.15,19.15,738,7737.74,12800,400,28-MAR-2024,
OPTIDX,NIFTY,25-Apr-2024,21000,PE,27,27.65,19.7,21.55,21.55,64036,673080.73,2565600,261650,28-MAR-2024,
OPTIDX,NIFTY,25-Apr-2024,21050,PE,27.4,27.45,20.8,23.5,23.5,1218,12833.62,11050,-8950,28-MAR-2024,
OPTIDX,NIFTY,25-Apr-2024,21100,PE,30.05,30.05,21.65,24.25,24.25,17198,181650.29,434700,1900,28-MAR-2024,
OPTIDX,NIFTY,25-Apr-2024,21150,PE,32.45,32.45,24.25,27.3,27.3,1517,16062.83,18150,-1800,28-MAR-2024,
OPTIDX,NIFTY,25-Apr-2024,21200,PE,34.6,35.2,26,29.4,29.4,24096,255770.57,686900,86200,28-MAR-2024,
OPTIDX,NIFTY,25-Apr-2024,21250,PE,39.05,39.1,28.5,32.75,32.75,1658,17643.38,29150,-1100,28-MAR-2024,
OPTIDX,NIFTY,25-Apr-2024,21300,PE,45.25,45.25,29.7,36.3,36.3,24087,256964.2,599250,30400,28-MAR-2024,
OPTIDX,NIFTY,25-Apr-2024,21350,PE,48.9,48.9,34.95,39.05,39.05,2125,22726.62,26300,-7400,28-MAR-2024,
OPTIDX,NIFTY,25-Apr-2024,21400,PE,52.1,52.2,36.15,43,43,39668,425325.88,864300,109000,28-MAR-2024,
OPTIDX,NIFTY,25-Apr-2024,21450,PE,59.65,59.65,41.35,49.6,49.6,3758,40397.49,57550,-5150,28-MAR-2024,
OPTIDX,NIFTY,25-Apr-2024,21500,PE,68.65,68.7,47.4,55.7,55.7,73383,790865.77,1681800,216200,28-MAR-2024,
OPTIDX,NIFTY,25-Apr-2024,21550,PE,72.95,73,50.75,60.7,60.7,3194,34508.04,49900,13800,28-MAR-2024,
OPTIDX,NIFTY,25-Apr-2024,21600,PE,81.3,82.35,55.75,65.55,65.55,27031,292808.24,509050,86250,28-MAR-2024,
OPTIDX,NIFTY,25-Apr-2024,21650,PE,88,88,60.6,71.85,71.85,2968,32233.55,34750,-300,28-MAR-2024,
OPTIDX,NIFTY,25-Apr-2024,21700,PE,99.05,99.6,68,78.5,78.5,36325,395548.4,775650,106450,28-MAR-2024,
OPTIDX,NIFTY,25-Apr-2024,21750,PE,104.05,104.6,72.05,87.15,87.15,4586,50070.9,81100,36200,28-MAR-2024,
OPTIDX,NIFTY,25-Apr-2024,21800,PE,120.7,120.7,80.25,93.65,93.65,33895,371046.24,759000,-48050,28-MAR-2024,
OPTIDX,NIFTY,25-Apr-2024,21850,PE,126.7,130.25,85,102.05,102.05,3645,40007.81,40750,3100,28-MAR-2024,
OPTIDX,NIFTY,25-Apr-2024,21900,PE,141,141,93.95,111.85,111.85,21716,238997.36,442300,73550,28-MAR-2024,
OPTIDX,NIFTY,25-Apr-2024,21950,PE,152.4,152.4,104,123.15,123.15,3342,36878.21,44300,12400,28-MAR-2024,
OPTIDX,NIFTY,25-Apr-2024,22000,PE,171.9,183,112.4,135.65,135.65,104299,1154127.69,2321900,-249750,28-MAR-2024,
OPTIDX,NIFTY,25-Apr-2024,22050,PE,187,187.2,123.15,150.2,150.2,2932,32539.89,47500,1000,28-MAR-2024,
OPTIDX,NIFTY,25-Apr-2024,22100,PE,200.55,202.3,133.7,162.8,162.8,28380,315883,512850,6400,28-MAR-2024,
OPTIDX,NIFTY,25-Apr-2024,22150,PE,222.05,222.95,145.6,178.3,178.3,3971,44329.25,40800,-1450,28-MAR-2024,
OPTIDX,NIFTY,25-Apr-2024,22200,PE,238.35,240,157.65,192.3,192.3,45684,511395.02,730650,140700,28-MAR-2024,
OPTIDX,NIFTY,25-Apr-2024,22250,PE,252.8,254.95,173.1,211.25,211.25,5563,62457.14,68200,9050,28-MAR-2024,
OPTIDX,NIFTY,25-Apr-2024,22300,PE,280,280,188,228.85,228.85,75724,852707.64,1241350,330950,28-MAR-2024,
OPTIDX,NIFTY,25-Apr-2024,22350,PE,299.25,300.85,201.5,247.1,247.1,17348,195867.48,48300,6200,28-MAR-2024,
OPTIDX,NIFTY,25-Apr-2024,22400,PE,325.5,325.5,218,266.55,266.55,79665,902428.97,1103300,673000,28-MAR-2024,
OPTIDX,NIFTY,25-Apr-2024,22450,PE,343.05,343.05,236.25,294.1,294.1,7305,83023.35,114850,66050,28-MAR-2024,
OPTIDX,NIFTY,25-Apr-2024,22500,PE,379.5,379.5,254.5,310.15,310.15,124567,1419557.41,2089250,1118450,28-MAR-2024,
OPTIDX,NIFTY,25-Apr-2024,22550,PE,402.45,402.45,274.45,335,335,2247,25684.66,42500,26600,28-MAR-2024,
OPTIDX,NIFTY,25-Apr-2024,22600,PE,428.1,428.1,294.6,358.55,358.55,27772,318441.81,435900,360350,28-MAR-2024,
OPTIDX,NIFTY,25-Apr-2024,22650,PE,435,435,318,389.05,389.05,1253,14416.97,19150,11900,28-MAR-2024,
OPTIDX,NIFTY,25-Apr-2024,22700,PE,489.6,489.6,339.2,412.75,412.75,5005,57772.69,100550,48650,28-MAR-2024,
OPTIDX,NIFTY,25-Apr-2024,22750,PE,496.5,498.35,366.15,449.5,449.5,549,6361.44,11700,3250,28-MAR-2024,
OPTIDX,NIFTY,25-Apr-2024,22800,PE,558.15,558.15,391.8,480.95,480.95,4231,49174.27,66200,36850,28-MAR-2024,
OPTIDX,NIFTY,25-Apr-2024,22850,PE,510,536.7,420.2,513.9,513.9,275,3205.33,9200,-950,28-MAR-2024,
OPTIDX,NIFTY,25-Apr-2024,22900,PE,587.85,587.85,448.05,551.55,551.55,1393,16309.31,30900,13650,28-MAR-2024,
OPTIDX,NIFTY,25-Apr-2024,22950,PE,521,609,490,580.75,580.75,29,340.82,2900,-600,28-MAR-2024,
OPTIDX,NIFTY,25-Apr-2024,23000,PE,715,715,514.15,616.4,616.4,19818,233720.67,959500,93250,28-MAR-2024,
OPTIDX,NIFTY,25-Apr-2024,23050,PE,619.45,686.95,578.3,669.2,669.2,17,201.31,3550,-150,28-MAR-2024,
OPTIDX,NIFTY,25-Apr-2024,23100,PE,767.65,767.65,574.75,666.85,666.85,206,2445.22,8500,700,28-MAR-2024,
OPTIDX,NIFTY,25-Apr-2024,23150,PE,690.4,753.9,612,750.35,750.35,5,59.62,1900,0,28-MAR-2024,
OPTIDX,NIFTY,25-Apr-2024,23200,PE,855.9,855.9,655,782.65,782.65,743,8883.51,22450,9650,28-MAR-2024,
OPTIDX,NIFTY,25-Apr-2024,23250,PE,805.8,830.15,663.95,820.65,820.65,6,72.12,250,100,28-MAR-2024,
OPTIDX,NIFTY,25-Apr-2024,23300,PE,910,910,726.3,851.35,851.35,168,2023.6,10850,-2450,28-MAR-2024,
OPTIDX,NIFTY,25-Apr-2024,23350,PE,0,0,0,1008.9,948.4,0,0,550,0,28-MAR-2024,
OPTIDX,NIFTY,25-Apr-2024,23400,PE,971.55,971.55,825.5,937.25,937.25,54,655.43,4300,-950,28-MAR-2024,
OPTIDX,NIFTY,25-Apr-2024,23450,PE,898.2,898.2,882.55,882.55,1037.4,9,109.54,15850,-50,28-MAR-2024,
OPTIDX,NIFTY,25-Apr-2024,23500,PE,1150,1156.1,903.8,1036.25,1036.25,5494,67284.19,544450,133850,28-MAR-2024,
OPTIDX,NIFTY,25-Apr-2024,23550,PE,0,0,0,1895.9,1128.45,0,0,0,0,28-MAR-2024,
OPTIDX,NIFTY,25-Apr-2024,23600,PE,1108.6,1108.6,1093.85,1093.85,1174.7,7,86.43,1650,-250,28-MAR-2024,
OPTIDX,NIFTY,25-Apr-2024,23650,PE,0,0,0,1377.15,1221.3,0,0,650,0,28-MAR-2024,
OPTIDX,NIFTY,25-Apr-2024,23700,PE,1300,1300,1151.75,1151.75,1268.3,21,261.66,5550,-100,28-MAR-2024,
OPTIDX,NIFTY,25-Apr-2024,23750,PE,0,0,0,1400,1315.65,0,0,600,0,28-MAR-2024,
OPTIDX,NIFTY,25-Apr-2024,23800,PE,0,0,0,1508.25,1363.25,0,0,1450,0,28-MAR-2024,
OPTIDX,NIFTY,25-Apr-2024,23850,PE,1288.55,1288.55,1288.55,1288.55,1411.15,1,12.56,450,0,28-MAR-2024,
OPTIDX,NIFTY,25-Apr-2024,23900,PE,1437.9,1437.9,1270.4,1270.4,1459.25,11,138.74,1100,200,28-MAR-2024,
OPTIDX,NIFTY,25-Apr-2024,23950,PE,0,0,0,1290,1507.6,0,0,750,0,28-MAR-2024,
OPTIDX,NIFTY,25-Apr-2024,24000,PE,1639.95,1644.9,1373.45,1529.85,1529.85,12961,165131.21,2115800,278250,28-MAR-2024,
OPTIDX,NIFTY,25-Apr-2024,24050,PE,0,0,0,2337.3,1604.8,0,0,0,0,28-MAR-2024,
OPTIDX,NIFTY,25-Apr-2024,24100,PE,1600,1600,1440,1598.7,1598.7,5,64.16,1050,250,28-MAR-2024,
OPTIDX,NIFTY,25-Apr-2024,24150,PE,0,0,0,2428.3,1702.6,0,0,0,0,28-MAR-2024,
OPTIDX,NIFTY,25-Apr-2024,24200,PE,1800,1800,1557.05,1708.6,1708.6,136,1760.72,8550,5800,28-MAR-2024,
OPTIDX,NIFTY,25-Apr-2024,24250,PE,0,0,0,1925,1800.85,0,0,550,0,28-MAR-2024,
OPTIDX,NIFTY,02-May-2024,20250,CE,0,0,0,1946.85,2208.25,0,0,0,0,28-MAR-2024,
OPTIDX,NIFTY,02-May-2024,20300,CE,0,0,0,1899.1,2158.75,0,0,0,0,28-MAR-2024,
OPTIDX,NIFTY,02-May-2024,20350,CE,0,0,0,1851.5,2109.3,0,0,0,0,28-MAR-2024,
OPTIDX,NIFTY,02-May-2024,20400,CE,0,0,0,1804.15,2059.85,0,0,0,0,28-MAR-2024,
OPTIDX,NIFTY,02-May-2024,20450,CE,0,0,0,1757,2010.5,0,0,0,0,28-MAR-2024,
OPTIDX,NIFTY,02-May-2024,20500,CE,0,0,0,1710.15,1961.2,0,0,0,0,28-MAR-2024,
OPTIDX,NIFTY,02-May-2024,20550,CE,0,0,0,1663.55,1911.95,0,0,0,0,28-MAR-2024,
OPTIDX,NIFTY,02-May-2024,20600,CE,0,0,0,1617.3,1862.8,0,0,0,0,28-MAR-2024,
OPTIDX,NIFTY,02-May-2024,20650,CE,0,0,0,1571.3,1813.7,0,0,0,0,28-MAR-2024,
OPTIDX,NIFTY,02-May-2024,20700,CE,0,0,0,1525.7,1764.75,0,0,0,0,28-MAR-2024,
OPTIDX,NIFTY,02-May-2024,20750,CE,0,0,0,1480.45,1715.95,0,0,0,0,28-MAR-2024,
OPTIDX,NIFTY,02-May-2024,20800,CE,0,0,0,1435.6,1667.25,0,0,0,0,28-MAR-2024,
OPTIDX,NIFTY,02-May-2024,20850,CE,0,0,0,1391.2,1618.7,0,0,0,0,28-MAR-2024,
OPTIDX,NIFTY,02-May-2024,20900,CE,0,0,0,1347.2,1570.4,0,0,0,0,28-MAR-2024,
OPTIDX,NIFTY,02-May-2024,20950,CE,0,0,0,1303.65,1522.25,0,0,0,0,28-MAR-2024,
OPTIDX,NIFTY,02-May-2024,21000,CE,0,0,0,1260.65,1474.35,0,0,0,0,28-MAR-2024,
OPTIDX,NIFTY,02-May-2024,21050,CE,0,0,0,1218.15,1426.7,0,0,0,0,28-MAR-2024,
OPTIDX,NIFTY,02-May-2024,21100,CE,0,0,0,1176.15,1379.35,0,0,0,0,28-MAR-2024,
OPTIDX,NIFTY,02-May-2024,21150,CE,0,0,0,1134.8,1332.3,0,0,0,0,28-MAR-2024,
OPTIDX,NIFTY,02-May-2024,21200,CE,0,0,0,1094,1285.65,0,0,0,0,28-MAR-2024,
OPTIDX,NIFTY,02-May-2024,21250,CE,0,0,0,1053.8,1239.35,0,0,0,0,28-MAR-2024,
OPTIDX,NIFTY,02-May-2024,21300,CE,0,0,0,1014.3,1193.5,0,0,0,0,28-MAR-2024,
OPTIDX,NIFTY,02-May-2024,21350,CE,0,0,0,975.45,1148.1,0,0,0,0,28-MAR-2024,
OPTIDX,NIFTY,02-May-2024,21400,CE,0,0,0,937.3,1103.2,0,0,0,0,28-MAR-2024,
OPTIDX,NIFTY,02-May-2024,21450,CE,0,0,0,899.85,1058.85,0,0,0,0,28-MAR-2024,
OPTIDX,NIFTY,02-May-2024,21500,CE,0,0,0,863.9,1015.05,0,0,0,0,28-MAR-2024,
OPTIDX,NIFTY,02-May-2024,21550,CE,0,0,0,827.05,971.95,0,0,0,0,28-MAR-2024,
OPTIDX,NIFTY,02-May-2024,21600,CE,0,0,0,791.9,929.5,0,0,0,0,28-MAR-2024,
OPTIDX,NIFTY,02-May-2024,21650,CE,0,0,0,757.55,887.75,0,0,0,0,28-MAR-2024,
OPTIDX,NIFTY,02-May-2024,21700,CE,0,0,0,724.05,846.75,0,0,0,0,28-MAR-2024,
OPTIDX,NIFTY,02-May-2024,21750,CE,0,0,0,691.35,806.55,0,0,0,0,28-MAR-2024,
OPTIDX,NIFTY,02-May-2024,21800,CE,0,0,0,659.5,767.2,0,0,0,0,28-MAR-2024,
OPTIDX,NIFTY,02-May-2024,21850,CE,0,0,0,628.55,728.75,0,0,0,0,28-MAR-2024,
OPTIDX,NIFTY,02-May-2024,21900,CE,0,0,0,600,691.2,0,0,100,0,28-MAR-2024,
OPTIDX,NIFTY,02-May-2024,21950,CE,0,0,0,634.85,654.65,0,0,50,0,28-MAR-2024,
OPTIDX,NIFTY,02-May-2024,22000,CE,580,771.45,580,686.35,686.35,126,1426.41,4600,4050,28-MAR-2024,
OPTIDX,NIFTY,02-May-2024,22050,CE,0,0,0,513.45,584.5,0,0,0,0,28-MAR-2024,
OPTIDX,NIFTY,02-May-2024,22100,CE,0,0,0,501,551,0,0,50,0,28-MAR-2024,
OPTIDX,NIFTY,02-May-2024,22150,CE,579.5,579.5,579.45,579.45,579.45,6,68.18,300,300,28-MAR-2024,
OPTIDX,NIFTY,02-May-2024,22200,CE,527.95,637.5,527.95,570.95,570.95,266,3029.47,15300,9900,28-MAR-2024,
OPTIDX,NIFTY,02-May-2024,22250,CE,439.75,650,439.75,650,457.1,8,90.99,200,150,28-MAR-2024,
OPTIDX,NIFTY,02-May-2024,22300,CE,465,500,465,500,428.05,2,22.78,100,100,28-MAR-2024,
OPTIDX,NIFTY,02-May-2024,22350,CE,0,0,0,367.55,400.15,0,0,0,0,28-MAR-2024,
OPTIDX,NIFTY,02-May-2024,22400,CE,390,434,390,411.3,411.3,14,159.71,150,50,28-MAR-2024,
OPTIDX,NIFTY,02-May-2024,22450,CE,345,423.5,345,423.5,347.9,4,45.7,200,150,28-MAR-2024,
OPTIDX,NIFTY,02-May-2024,22500,CE,299.95,450,299.95,382.8,382.8,63,720.63,1200,750,28-MAR-2024,
OPTIDX,NIFTY,02-May-2024,22550,CE,364.8,364.8,364.8,364.8,300.25,3,34.37,150,150,28-MAR-2024,
OPTIDX,NIFTY,02-May-2024,22600,CE,301.9,334.65,301.9,334.65,278.2,4,45.85,200,100,28-MAR-2024,
OPTIDX,NIFTY,02-May-2024,22650,CE,0,0,0,253.15,257.25,0,0,0,0,28-MAR-2024,
OPTIDX,NIFTY,02-May-2024,22700,CE,0,0,0,237,237.45,0,0,0,0,28-MAR-2024,
OPTIDX,NIFTY,02-May-2024,22750,CE,0,0,0,221.6,218.75,0,0,0,0,28-MAR-2024,
OPTIDX,NIFTY,02-May-2024,22800,CE,214.65,214.65,193.15,193.15,193.15,2,23,0,-50,28-MAR-2024,
OPTIDX,NIFTY,02-May-2024,22850,CE,0,0,0,193.15,184.6,0,0,0,0,28-MAR-2024,
OPTIDX,NIFTY,02-May-2024,22900,CE,175.85,230,175.85,230,169.05,4,46.21,150,50,28-MAR-2024,
OPTIDX,NIFTY,02-May-2024,22950,CE,0,0,0,168.6,154.5,0,0,0,0,28-MAR-2024,
OPTIDX,NIFTY,02-May-2024,23000,CE,115,192.5,95,143.6,143.6,591,6840.24,16500,10750,28-MAR-2024,
OPTIDX,NIFTY,02-May-2024,23050,CE,0,0,0,107.65,128.35,0,0,50,0,28-MAR-2024,
OPTIDX,NIFTY,02-May-2024,23100,CE,0,0,0,63.35,116.6,0,0,50,0,28-MAR-2024,
OPTIDX,NIFTY,02-May-2024,23150,CE,0,0,0,124.6,105.75,0,0,0,0,28-MAR-2024,
OPTIDX,NIFTY,02-May-2024,23200,CE,0,0,0,115.35,95.65,0,0,0,0,28-MAR-2024,
OPTIDX,NIFTY,02-May-2024,23250,CE,0,0,0,106.65,86.4,0,0,0,0,28-MAR-2024,
OPTIDX,NIFTY,02-May-2024,23300,CE,0,0,0,98.5,77.85,0,0,0,0,28-MAR-2024,
OPTIDX,NIFTY,02-May-2024,23350,CE,0,0,0,90.85,70,0,0,0,0,28-MAR-2024,
OPTIDX,NIFTY,02-May-2024,23400,CE,60,61.05,60,61,61,3,35.19,100,50,28-MAR-2024,
OPTIDX,NIFTY,02-May-2024,23450,CE,0,0,0,77.05,56.25,0,0,0,0,28-MAR-2024,
OPTIDX,NIFTY,02-May-2024,23500,CE,39.9,66.5,37.6,42.75,42.75,249,2931.46,3850,1700,28-MAR-2024,
OPTIDX,NIFTY,02-May-2024,23550,CE,0,0,0,65,44.85,0,0,0,0,28-MAR-2024,
OPTIDX,NIFTY,02-May-2024,23600,CE,0,0,0,59.6,39.9,0,0,0,0,28-MAR-2024,
OPTIDX,NIFTY,02-May-2024,23650,CE,0,0,0,54.6,35.45,0,0,0,0,28-MAR-2024,
OPTIDX,NIFTY,02-May-2024,23700,CE,22,26.5,22,26.45,26.45,28,332.14,2650,0,28-MAR-2024,
OPTIDX,NIFTY,02-May-2024,23750,CE,0,0,0,24.35,27.75,0,0,50,0,28-MAR-2024,
OPTIDX,NIFTY,02-May-2024,23800,CE,0,0,0,41.8,24.5,0,0,50,0,28-MAR-2024,
OPTIDX,NIFTY,02-May-2024,23850,CE,23.75,24,23.75,24,24,2,23.87,550,100,28-MAR-2024,
OPTIDX,NIFTY,02-May-2024,20250,PE,0,0,0,13.2,0.7,0,0,0,0,28-MAR-2024,
OPTIDX,NIFTY,02-May-2024,20300,PE,0,0,0,15,0.9,0,0,0,0,28-MAR-2024,
OPTIDX,NIFTY,02-May-2024,20350,PE,0,0,0,17,1.1,0,0,0,0,28-MAR-2024,
OPTIDX,NIFTY,02-May-2024,20400,PE,0,0,0,19.2,1.35,0,0,0,0,28-MAR-2024,
OPTIDX,NIFTY,02-May-2024,20450,PE,0,0,0,21.65,1.65,0,0,0,0,28-MAR-2024,
OPTIDX,NIFTY,02-May-2024,20500,PE,0,0,0,24.4,2,0,0,0,0,28-MAR-2024,
OPTIDX,NIFTY,02-May-2024,20550,PE,0,0,0,27.35,2.45,0,0,0,0,28-MAR-2024,
OPTIDX,NIFTY,02-May-2024,20600,PE,0,0,0,30.65,3,0,0,0,0,28-MAR-2024,
OPTIDX,NIFTY,02-May-2024,20650,PE,0,0,0,34.3,3.6,0,0,0,0,28-MAR-2024,
OPTIDX,NIFTY,02-May-2024,20700,PE,0,0,0,38.25,4.3,0,0,0,0,28-MAR-2024,
OPTIDX,NIFTY,02-May-2024,20750,PE,0,0,0,42.55,5.15,0,0,0,0,28-MAR-2024,
OPTIDX,NIFTY,02-May-2024,20800,PE,0,0,0,47.3,6.15,0,0,0,0,28-MAR-2024,
OPTIDX,NIFTY,02-May-2024,20850,PE,0,0,0,52.45,7.3,0,0,0,0,28-MAR-2024,
OPTIDX,NIFTY,02-May-2024,20900,PE,0,0,0,58.05,8.65,0,0,0,0,28-MAR-2024,
OPTIDX,NIFTY,02-May-2024,20950,PE,0,0,0,64.1,10.2,0,0,0,0,28-MAR-2024,
OPTIDX,NIFTY,02-May-2024,21000,PE,35.1,37.95,29,30.1,11.95,48,504.75,1900,150,28-MAR-2024,
OPTIDX,NIFTY,02-May-2024,21050,PE,0,0,0,38.6,14,0,0,50,0,28-MAR-2024,
OPTIDX,NIFTY,02-May-2024,21100,PE,0,0,0,54.9,16.3,0,0,50,0,28-MAR-2024,
OPTIDX,NIFTY,02-May-2024,21150,PE,0,0,0,93.5,18.95,0,0,0,0,28-MAR-2024,
OPTIDX,NIFTY,02-May-2024,21200,PE,0,0,0,51,21.95,0,0,50,0,28-MAR-2024,
OPTIDX,NIFTY,02-May-2024,21250,PE,0,0,0,111.7,25.35,0,0,0,0,28-MAR-2024,
OPTIDX,NIFTY,02-May-2024,21300,PE,0,0,0,61,29.15,0,0,50,0,28-MAR-2024,
OPTIDX,NIFTY,02-May-2024,21350,PE,0,0,0,132.45,33.45,0,0,0,0,28-MAR-2024,
OPTIDX,NIFTY,02-May-2024,21400,PE,59,65.4,58.65,61.6,38.25,4,42.92,800,0,28-MAR-2024,
OPTIDX,NIFTY,02-May-2024,21450,PE,0,0,0,156,43.55,0,0,0,0,28-MAR-2024,
OPTIDX,NIFTY,02-May-2024,21500,PE,76.8,76.8,60.35,69,49.45,24,258.81,1450,100,28-MAR-2024,
OPTIDX,NIFTY,02-May-2024,21550,PE,0,0,0,182.35,56,0,0,0,0,28-MAR-2024,
OPTIDX,NIFTY,02-May-2024,21600,PE,84.6,84.6,84.6,84.6,84.6,3,32.52,350,50,28-MAR-2024,
OPTIDX,NIFTY,02-May-2024,21650,PE,0,0,0,212.05,71.15,0,0,0,0,28-MAR-2024,
OPTIDX,NIFTY,02-May-2024,21700,PE,0,0,0,228.1,79.85,0,0,0,0,28-MAR-2024,
OPTIDX,NIFTY,02-May-2024,21750,PE,0,0,0,245,89.35,0,0,0,0,28-MAR-2024,
OPTIDX,NIFTY,02-May-2024,21800,PE,137.9,137.9,109.9,128.3,128.3,27,296,400,-300,28-MAR-2024,
OPTIDX,NIFTY,02-May-2024,21850,PE,0,0,0,281.35,110.9,0,0,0,0,28-MAR-2024,
OPTIDX,NIFTY,02-May-2024,21900,PE,135,139.6,125,125,123,16,176.23,350,0,28-MAR-2024,
OPTIDX,NIFTY,02-May-2024,21950,PE,0,0,0,321.15,136.1,0,0,0,0,28-MAR-2024,
OPTIDX,NIFTY,02-May-2024,22000,PE,193.55,193.55,140,163.25,163.25,249,2759.11,5800,4800,28-MAR-2024,
OPTIDX,NIFTY,02-May-2024,22050,PE,0,0,0,231.6,165.35,0,0,150,0,28-MAR-2024,
OPTIDX,NIFTY,02-May-2024,22100,PE,192,199.8,165,199.7,199.7,16,178.26,2050,300,28-MAR-2024,
OPTIDX,NIFTY,02-May-2024,22150,PE,0,0,0,411.5,198.8,0,0,0,0,28-MAR-2024,
OPTIDX,NIFTY,02-May-2024,22200,PE,214.8,227.5,128.7,222.5,222.5,115,1286.97,500,500,28-MAR-2024,
OPTIDX,NIFTY,02-May-2024,22250,PE,0,0,0,461.95,236.65,0,0,0,0,28-MAR-2024,
OPTIDX,NIFTY,02-May-2024,22300,PE,269.45,294.1,216.8,256.65,256.65,38,428.29,500,500,28-MAR-2024,
OPTIDX,NIFTY,02-May-2024,22350,PE,0,0,0,516.1,279.05,0,0,0,0,28-MAR-2024,
OPTIDX,NIFTY,02-May-2024,22400,PE,427.4,427.4,427.4,427.4,302.05,1,11.41,50,50,28-MAR-2024,
OPTIDX,NIFTY,02-May-2024,22450,PE,0,0,0,573.7,326.15,0,0,0,0,28-MAR-2024,
OPTIDX,NIFTY,02-May-2024,22500,PE,0,0,0,603.8,351.45,0,0,0,0,28-MAR-2024,
OPTIDX,NIFTY,02-May-2024,22550,PE,0,0,0,634.75,377.9,0,0,0,0,28-MAR-2024,
OPTIDX,NIFTY,02-May-2024,22600,PE,0,0,0,666.55,405.5,0,0,0,0,28-MAR-2024,
OPTIDX,NIFTY,02-May-2024,22650,PE,0,0,0,699.15,434.25,0,0,0,0,28-MAR-2024,
OPTIDX,NIFTY,02-May-2024,22700,PE,0,0,0,732.6,464.1,0,0,0,0,28-MAR-2024,
OPTIDX,NIFTY,02-May-2024,22750,PE,0,0,0,766.75,495.05,0,0,0,0,28-MAR-2024,
OPTIDX,NIFTY,02-May-2024,22800,PE,0,0,0,801.75,527.15,0,0,0,0,28-MAR-2024,
OPTIDX,NIFTY,02-May-2024,22850,PE,0,0,0,837.45,560.25,0,0,0,0,28-MAR-2024,
OPTIDX,NIFTY,02-May-2024,22900,PE,0,0,0,873.85,594.4,0,0,0,0,28-MAR-2024,
OPTIDX,NIFTY,02-May-2024,22950,PE,0,0,0,912.05,629.55,0,0,0,0,28-MAR-2024,
OPTIDX,NIFTY,02-May-2024,23000,PE,820,820,820,820,665.65,2,23.82,150,100,28-MAR-2024,
OPTIDX,NIFTY,02-May-2024,23050,PE,0,0,0,987.5,702.7,0,0,0,0,28-MAR-2024,
OPTIDX,NIFTY,02-May-2024,23100,PE,0,0,0,1026.6,740.65,0,0,0,0,28-MAR-2024,
OPTIDX,NIFTY,02-May-2024,23150,PE,0,0,0,1066.35,779.45,0,0,0,0,28-MAR-2024,
OPTIDX,NIFTY,02-May-2024,23200,PE,0,0,0,1106.65,819.1,0,0,0,0,28-MAR-2024,
OPTIDX,NIFTY,02-May-2024,23250,PE,0,0,0,1147.55,859.5,0,0,0,0,28-MAR-2024,
OPTIDX,NIFTY,02-May-2024,23300,PE,0,0,0,1188.95,900.65,0,0,0,0,28-MAR-2024,
OPTIDX,NIFTY,02-May-2024,23350,PE,0,0,0,1230.9,942.45,0,0,0,0,28-MAR-2024,
OPTIDX,NIFTY,02-May-2024,23400,PE,0,0,0,1273.35,984.95,0,0,0,0,28-MAR-2024,
OPTIDX,NIFTY,02-May-2024,23450,PE,0,0,0,1316.25,1028.05,0,0,0,0,28-MAR-2024,
OPTIDX,NIFTY,02-May-2024,23500,PE,0,0,0,1359.6,1071.75,0,0,0,0,28-MAR-2024,
OPTIDX,NIFTY,02-May-2024,23550,PE,0,0,0,1403.4,1116,0,0,0,0,28-MAR-2024,
OPTIDX,NIFTY,02-May-2024,23600,PE,0,0,0,1447.55,1160.75,0,0,0,0,28-MAR-2024,
OPTIDX,NIFTY,02-May-2024,23650,PE,0,0,0,1492.15,1205.95,0,0,0,0,28-MAR-2024,
OPTIDX,NIFTY,02-May-2024,23700,PE,0,0,0,1537.05,1251.6,0,0,0,0,28-MAR-2024,
OPTIDX,NIFTY,02-May-2024,23750,PE,0,0,0,1582.35,1297.65,0,0,0,0,28-MAR-2024,
OPTIDX,NIFTY,02-May-2024,23800,PE,0,0,0,1627.9,1344.05,0,0,0,0,28-MAR-2024,
OPTIDX,NIFTY,02-May-2024,23850,PE,0,0,0,1673.8,1390.8,0,0,0,0,28-MAR-2024,
OPTIDX,NIFTY,30-May-2024,20050,CE,0,0,0,2341.7,2512.55,0,0,0,0,28-MAR-2024,
OPTIDX,NIFTY,30-May-2024,20100,CE,0,0,0,2296.25,2463.65,0,0,0,0,28-MAR-2024,
OPTIDX,NIFTY,30-May-2024,20150,CE,0,0,0,2251.05,2414.85,0,0,0,0,28-MAR-2024,
OPTIDX,NIFTY,30-May-2024,20200,CE,0,0,0,2206.1,2366.1,0,0,0,0,28-MAR-2024,
OPTIDX,NIFTY,30-May-2024,20250,CE,0,0,0,2161.35,2317.45,0,0,0,0,28-MAR-2024,
OPTIDX,NIFTY,30-May-2024,20300,CE,0,0,0,2113,2268.9,0,0,50,0,28-MAR-2024,
OPTIDX,NIFTY,30-May-2024,20350,CE,0,0,0,2072.8,2220.5,0,0,0,0,28-MAR-2024,
OPTIDX,NIFTY,30-May-2024,20400,CE,0,0,0,2021,2172.15,0,0,50,0,28-MAR-2024,
OPTIDX,NIFTY,30-May-2024,20450,CE,0,0,0,1985.35,2124,0,0,0,0,28-MAR-2024,
OPTIDX,NIFTY,30-May-2024,20500,CE,2079.5,2100,2079.5,2093.7,2093.7,6,67.78,1000,300,28-MAR-2024,
OPTIDX,NIFTY,30-May-2024,20550,CE,0,0,0,1899.25,2028.1,0,0,0,0,28-MAR-2024,
OPTIDX,NIFTY,30-May-2024,20600,CE,1909,1909,1909,1909,1980.4,1,11.25,50,0,28-MAR-2024,
OPTIDX,NIFTY,30-May-2024,20650,CE,0,0,0,1814.45,1932.9,0,0,0,0,28-MAR-2024,
OPTIDX,NIFTY,30-May-2024,20700,CE,1743,1743,1743,1743,1885.6,2,22.44,150,100,28-MAR-2024,
OPTIDX,NIFTY,30-May-2024,20750,CE,0,0,0,1731.15,1838.5,0,0,0,0,28-MAR-2024,
OPTIDX,NIFTY,30-May-2024,20800,CE,0,0,0,1639,1791.65,0,0,50,0,28-MAR-2024,
OPTIDX,NIFTY,30-May-2024,20850,CE,0,0,0,1649.4,1745.1,0,0,0,0,28-MAR-2024,
OPTIDX,NIFTY,30-May-2024,20900,CE,0,0,0,1609.15,1698.8,0,0,0,0,28-MAR-2024,
OPTIDX,NIFTY,30-May-2024,20950,CE,0,0,0,1569.3,1652.8,0,0,0,0,28-MAR-2024,
OPTIDX,NIFTY,30-May-2024,21000,CE,1610,1840.7,1569.85,1641.7,1641.7,107,1213.85,19200,1800,28-MAR-2024,
OPTIDX,NIFTY,30-May-2024,21050,CE,0,0,0,1490.95,1561.8,0,0,0,0,28-MAR-2024,
OPTIDX,NIFTY,30-May-2024,21100,CE,1450,1500,1450,1500,1516.8,2,22.57,250,100,28-MAR-2024,
OPTIDX,NIFTY,30-May-2024,21150,CE,0,0,0,1414.4,1472.25,0,0,0,0,28-MAR-2024,
OPTIDX,NIFTY,30-May-2024,21200,CE,1500,1500,1500,1500,1428.05,2,22.7,200,100,28-MAR-2024,
OPTIDX,NIFTY,30-May-2024,21250,CE,0,0,0,1300,1384.3,0,0,50,0,28-MAR-2024,
OPTIDX,NIFTY,30-May-2024,21300,CE,0,0,0,1119,1341.05,0,0,50,0,28-MAR-2024,
OPTIDX,NIFTY,30-May-2024,21350,CE,0,0,0,1267.85,1298.25,0,0,0,0,28-MAR-2024,
OPTIDX,NIFTY,30-May-2024,21400,CE,0,0,0,1181,1255.95,0,0,0,0,28-MAR-2024,
OPTIDX,NIFTY,30-May-2024,21450,CE,0,0,0,1196.35,1214.15,0,0,0,0,28-MAR-2024,
OPTIDX,NIFTY,30-May-2024,21500,CE,1140.05,1360,1140,1262.8,1262.8,364,4142.25,45750,12050,28-MAR-2024,
OPTIDX,NIFTY,30-May-2024,21550,CE,0,0,0,1127.95,1132.3,0,0,0,0,28-MAR-2024,
OPTIDX,NIFTY,30-May-2024,21600,CE,1200,1200,1020,1020,1092.25,2,22.71,850,-100,28-MAR-2024,
OPTIDX,NIFTY,30-May-2024,21650,CE,0,0,0,880,1052.85,0,0,100,0,28-MAR-2024,
OPTIDX,NIFTY,30-May-2024,21700,CE,1087,1087,1087,1087,1014.05,1,11.39,450,0,28-MAR-2024,
OPTIDX,NIFTY,30-May-2024,21750,CE,0,0,0,910,975.95,0,0,100,0,28-MAR-2024,
OPTIDX,NIFTY,30-May-2024,21800,CE,923.85,1089,870.05,965.95,965.95,95,1082.82,9650,-600,28-MAR-2024,
OPTIDX,NIFTY,30-May-2024,21850,CE,0,0,0,936.15,901.85,0,0,0,0,28-MAR-2024,
OPTIDX,NIFTY,30-May-2024,21900,CE,850.25,1022,850.25,912.4,912.4,16,182.78,4400,-650,28-MAR-2024,
OPTIDX,NIFTY,30-May-2024,21950,CE,0,0,0,767.3,830.65,0,0,0,0,28-MAR-2024,
OPTIDX,NIFTY,30-May-2024,22000,CE,757.95,962.05,753.35,852.35,852.35,3257,37253.53,244650,22400,28-MAR-2024,
OPTIDX,NIFTY,30-May-2024,22050,CE,0,0,0,695,762.5,0,0,250,0,28-MAR-2024,
OPTIDX,NIFTY,30-May-2024,22100,CE,700,891.95,690.15,777.7,777.7,300,3435.91,21150,-3100,28-MAR-2024,
OPTIDX,NIFTY,30-May-2024,22150,CE,0,0,0,765.35,697.5,0,0,0,0,28-MAR-2024,
OPTIDX,NIFTY,30-May-2024,22200,CE,634,814.65,612.8,707.15,707.15,857,9819.51,38100,13650,28-MAR-2024,
OPTIDX,NIFTY,30-May-2024,22250,CE,0,0,0,597,635.85,0,0,150,0,28-MAR-2024,
OPTIDX,NIFTY,30-May-2024,22300,CE,575.55,759.45,575.55,644.1,644.1,578,6636.69,19950,6600,28-MAR-2024,
OPTIDX,NIFTY,30-May-2024,22350,CE,0,0,0,663.3,577.5,0,0,0,0,28-MAR-2024,
OPTIDX,NIFTY,30-May-2024,22400,CE,513.3,697.85,513.3,584.45,584.45,936,10771.99,26800,4250,28-MAR-2024,
OPTIDX,NIFTY,30-May-2024,22450,CE,532.05,625.35,532.05,568,568,20,230.22,1050,100,28-MAR-2024,
OPTIDX,NIFTY,30-May-2024,22500,CE,459.8,628,456.75,532.8,532.8,6752,77845,298450,-17250,28-MAR-2024,
OPTIDX,NIFTY,30-May-2024,22550,CE,376,376,376,376,471.1,2,22.92,100,100,28-MAR-2024,
OPTIDX,NIFTY,30-May-2024,22600,CE,410,563.85,398.9,464.1,464.1,512,5909.04,16600,6600,28-MAR-2024,
OPTIDX,NIFTY,30-May-2024,22650,CE,497.5,497.5,497.5,497.5,423.1,5,57.86,300,0,28-MAR-2024,
OPTIDX,NIFTY,30-May-2024,22700,CE,357,511,357,416.75,416.75,575,6652.96,31750,4900,28-MAR-2024,
OPTIDX,NIFTY,30-May-2024,22750,CE,0,0,0,350,378.5,0,0,800,0,28-MAR-2024,
OPTIDX,NIFTY,30-May-2024,22800,CE,300.05,445,300,356.25,356.25,808,9356.13,88650,14800,28-MAR-2024,
OPTIDX,NIFTY,30-May-2024,22850,CE,0,0,0,282,337.25,0,0,50,0,28-MAR-2024,
OPTIDX,NIFTY,30-May-2024,22900,CE,273.45,400,255.6,302,302,295,3424.11,8450,3900,28-MAR-2024,
OPTIDX,NIFTY,30-May-2024,22950,CE,346.45,346.45,346.45,346.45,299.3,1,11.64,1550,50,28-MAR-2024,
OPTIDX,NIFTY,30-May-2024,23000,CE,233.95,350,232.65,287.7,287.7,8827,102825.54,366550,68500,28-MAR-2024,
OPTIDX,NIFTY,30-May-2024,23050,CE,0,0,0,203,264.5,0,0,950,0,28-MAR-2024,
OPTIDX,NIFTY,30-May-2024,23100,CE,202.1,312.9,202.1,248.15,248.15,466,5443.12,9250,3600,28-MAR-2024,
OPTIDX,NIFTY,30-May-2024,23150,CE,349.4,349.4,349.4,349.4,232.85,1,11.74,150,0,28-MAR-2024,
OPTIDX,NIFTY,30-May-2024,23200,CE,167.9,300,160.35,206.3,206.3,393,4603.06,49400,5450,28-MAR-2024,
OPTIDX,NIFTY,30-May-2024,23250,CE,177.6,177.6,177.6,177.6,204.1,1,11.71,400,0,28-MAR-2024,
OPTIDX,NIFTY,30-May-2024,23300,CE,157.1,250,149.15,189.4,189.4,114,1338.77,16200,2100,28-MAR-2024,
OPTIDX,NIFTY,30-May-2024,23350,CE,130,130,130,130,178.15,2,23.48,150,50,28-MAR-2024,
OPTIDX,NIFTY,30-May-2024,23400,CE,121,199.95,115.1,151.75,151.75,394,4639.44,28750,8400,28-MAR-2024,
OPTIDX,NIFTY,30-May-2024,23450,CE,0,0,0,87.3,154.85,0,0,150,0,28-MAR-2024,
OPTIDX,NIFTY,30-May-2024,23500,CE,100.6,178.35,100.6,138.2,138.2,6707,79281.51,317400,40850,28-MAR-2024,
OPTIDX,NIFTY,30-May-2024,23550,CE,92.6,92.6,92.6,92.6,134.05,1,11.82,250,-50,28-MAR-2024,
OPTIDX,NIFTY,30-May-2024,23600,CE,79.55,164,79.55,112.1,112.1,458,5429.53,14950,3250,28-MAR-2024,
OPTIDX,NIFTY,30-May-2024,23650,CE,0,0,0,219.8,115.55,0,0,0,0,28-MAR-2024,
OPTIDX,NIFTY,30-May-2024,23700,CE,69.25,149.7,69,95.35,95.35,743,8839.64,23100,6650,28-MAR-2024,
OPTIDX,NIFTY,30-May-2024,23750,CE,71.55,100,71.55,100,99.15,4,47.68,400,0,28-MAR-2024,
OPTIDX,NIFTY,30-May-2024,23800,CE,59.35,113.85,54.65,77.95,77.95,570,6805.26,35500,3950,28-MAR-2024,
OPTIDX,NIFTY,30-May-2024,23850,CE,0,0,0,180.4,84.75,0,0,0,0,28-MAR-2024,
OPTIDX,NIFTY,30-May-2024,23900,CE,52,90,52,63.95,63.95,153,1834.23,4450,2450,28-MAR-2024,
OPTIDX,NIFTY,30-May-2024,23950,CE,0,0,0,45,72.1,0,0,400,0,28-MAR-2024,
OPTIDX,NIFTY,30-May-2024,24000,CE,45,72.9,40.85,55.7,55.7,8487,102089.81,327600,41150,28-MAR-2024,
OPTIDX,NIFTY,30-May-2024,24050,CE,0,0,0,39,61.05,0,0,300,0,28-MAR-2024,
OPTIDX,NIFTY,30-May-2024,24100,CE,39,56,39,50.85,50.85,28,338.07,900,700,28-MAR-2024,
OPTIDX,NIFTY,30-May-2024,24150,CE,35.8,38.9,35,35,51.5,7,84.65,850,-100,28-MAR-2024,
OPTIDX,NIFTY,30-May-2024,24200,CE,32,49.95,32,35.85,35.85,692,8386.82,29050,9850,28-MAR-2024,
OPTIDX,NIFTY,30-May-2024,24250,CE,30.1,40,20.3,34.4,34.4,202,2452.69,8700,4100,28-MAR-2024,
OPTIDX,NIFTY,30-May-2024,20050,PE,23.5,23.85,11.1,15.1,3.4,14,140.49,2150,350,28-MAR-2024,
OPTIDX,NIFTY,30-May-2024,20100,PE,23,25,18,21.3,21.3,112,1126.72,19650,550,28-MAR-2024,
OPTIDX,NIFTY,30-May-2024,20150,PE,0,0,0,31.85,4.55,0,0,300,0,28-MAR-2024,
OPTIDX,NIFTY,30-May-2024,20200,PE,0,0,0,33.6,5.2,0,0,400,0,28-MAR-2024,
OPTIDX,NIFTY,30-May-2024,20250,PE,0,0,0,31,6,0,0,3050,0,28-MAR-2024,
OPTIDX,NIFTY,30-May-2024,20300,PE,23.1,34.45,22,25.35,25.35,294,2987.84,24350,200,28-MAR-2024,
OPTIDX,NIFTY,30-May-2024,20350,PE,0,0,0,70.45,7.85,0,0,0,0,28-MAR-2024,
OPTIDX,NIFTY,30-May-2024,20400,PE,31.4,31.4,30,30,30,8,81.72,2000,-300,28-MAR-2024,
OPTIDX,NIFTY,30-May-2024,20450,PE,0,0,0,81.25,10.2,0,0,0,0,28-MAR-2024,
OPTIDX,NIFTY,30-May-2024,20500,PE,39.85,39.85,33.7,36.05,36.05,2550,26183.38,406150,350,28-MAR-2024,
OPTIDX,NIFTY,30-May-2024,20550,PE,0,0,0,59.5,13.15,0,0,450,0,28-MAR-2024,
OPTIDX,NIFTY,30-May-2024,20600,PE,32.1,45,32.1,44.75,44.75,197,2033.44,6650,-4100,28-MAR-2024,
OPTIDX,NIFTY,30-May-2024,20650,PE,0,0,0,40,16.8,0,0,500,0,28-MAR-2024,
OPTIDX,NIFTY,30-May-2024,20700,PE,46.25,46.25,29.1,36.75,36.75,175,1814.64,46950,-100,28-MAR-2024,
OPTIDX,NIFTY,30-May-2024,20750,PE,0,0,0,63.1,21.25,0,0,400,0,28-MAR-2024,
OPTIDX,NIFTY,30-May-2024,20800,PE,53.9,53.9,25.15,39.2,39.2,416,4335.87,47900,2400,28-MAR-2024,
OPTIDX,NIFTY,30-May-2024,20850,PE,37.25,37.25,37.25,37.25,26.7,2,20.88,500,0,28-MAR-2024,
OPTIDX,NIFTY,30-May-2024,20900,PE,50.1,63.05,50,63.05,29.8,12,125.72,300,250,28-MAR-2024,
OPTIDX,NIFTY,30-May-2024,20950,PE,0,0,0,67.3,33.25,0,0,100,0,28-MAR-2024,
OPTIDX,NIFTY,30-May-2024,21000,PE,72,75.95,61.2,66.1,66.1,8156,85906.9,665800,43000,28-MAR-2024,
OPTIDX,NIFTY,30-May-2024,21050,PE,0,0,0,153,41.05,0,0,100,0,28-MAR-2024,
OPTIDX,NIFTY,30-May-2024,21100,PE,74,74,53.7,65.2,65.2,414,4381.55,34650,6750,28-MAR-2024,
OPTIDX,NIFTY,30-May-2024,21150,PE,73.65,76,73.65,76,76,9,95.51,950,50,28-MAR-2024,
OPTIDX,NIFTY,30-May-2024,21200,PE,78.05,105,70.05,75.8,75.8,1822,19382.3,179950,21250,28-MAR-2024,
OPTIDX,NIFTY,30-May-2024,21250,PE,56.65,56.65,56.65,56.65,61.3,1,10.65,1400,50,28-MAR-2024,
OPTIDX,NIFTY,30-May-2024,21300,PE,102.35,102.35,70,86.65,86.65,1134,12125.62,88150,21550,28-MAR-2024,
OPTIDX,NIFTY,30-May-2024,21350,PE,104,104,90,93.45,74.05,10,107.22,550,50,28-MAR-2024,
OPTIDX,NIFTY,30-May-2024,21400,PE,119.25,119.25,88.6,100.25,100.25,1068,11480.65,83700,27000,28-MAR-2024,
OPTIDX,NIFTY,30-May-2024,21450,PE,124.7,124.7,102.65,110,110,13,140.16,200,-250,28-MAR-2024,
OPTIDX,NIFTY,30-May-2024,21500,PE,141,141,110.45,123.6,123.6,8438,91224.18,407600,85250,28-MAR-2024,
OPTIDX,NIFTY,30-May-2024,21550,PE,137,157,137,157,157,7,75.92,300,0,28-MAR-2024,
OPTIDX,NIFTY,30-May-2024,21600,PE,150,153.75,125,134.65,134.65,434,4716.77,21800,4800,28-MAR-2024,
OPTIDX,NIFTY,30-May-2024,21650,PE,157,157.1,147.45,147.45,147.45,10,109.01,250,-100,28-MAR-2024,
OPTIDX,NIFTY,30-May-2024,21700,PE,163,171.8,128,149.95,149.95,805,8793.72,35900,5950,28-MAR-2024,
OPTIDX,NIFTY,30-May-2024,21750,PE,168.6,172.4,155.15,155.15,147.15,7,76.7,150,-150,28-MAR-2024,
OPTIDX,NIFTY,30-May-2024,21800,PE,193.65,193.65,133,170.4,170.4,1096,12037.38,48950,3200,28-MAR-2024,
OPTIDX,NIFTY,30-May-2024,21850,PE,171.9,171.9,160,160,160,7,77.07,300,-150,28-MAR-2024,
OPTIDX,NIFTY,30-May-2024,21900,PE,218,218,172.25,194.15,194.15,702,7753.93,15650,-3550,28-MAR-2024,
OPTIDX,NIFTY,30-May-2024,21950,PE,247.45,270,247.45,258.75,258.75,2,22.2,600,-50,28-MAR-2024,
OPTIDX,NIFTY,30-May-2024,22000,PE,254.95,254.95,201.1,223.5,223.5,9594,106589.75,466800,97750,28-MAR-2024,
OPTIDX,NIFTY,30-May-2024,22050,PE,175.05,232.5,175.05,232.5,230.2,3,33.36,250,50,28-MAR-2024,
OPTIDX,NIFTY,30-May-2024,22100,PE,281.1,285.2,225,247.55,247.55,769,8592.62,20550,4600,28-MAR-2024,
OPTIDX,NIFTY,30-May-2024,22150,PE,285,285,285,285,264.05,1,11.21,450,0,28-MAR-2024,
OPTIDX,NIFTY,30-May-2024,22200,PE,303.1,342.25,247.05,275.8,275.8,1402,15754.15,42000,11950,28-MAR-2024,
OPTIDX,NIFTY,30-May-2024,22250,PE,311.6,311.6,311.6,311.6,301.2,1,11.28,50,50,28-MAR-2024,
OPTIDX,NIFTY,30-May-2024,22300,PE,340,345,279.25,310.8,310.8,1529,17281.89,36800,27850,28-MAR-2024,
OPTIDX,NIFTY,30-May-2024,22350,PE,405.1,405.1,405.1,405.1,341.7,3,34.13,150,0,28-MAR-2024,
OPTIDX,NIFTY,30-May-2024,22400,PE,380,382.65,301.15,342.45,342.45,881,10014.25,20150,2300,28-MAR-2024,
OPTIDX,NIFTY,30-May-2024,22450,PE,0,0,0,682.65,385.65,0,0,900,0,28-MAR-2024,
OPTIDX,NIFTY,30-May-2024,22500,PE,432.5,432.65,348.05,389.15,389.15,6474,74063.68,268950,9000,28-MAR-2024,
OPTIDX,NIFTY,30-May-2024,22550,PE,0,0,0,650,433.05,0,0,1200,0,28-MAR-2024,
OPTIDX,NIFTY,30-May-2024,22600,PE,566.25,566.25,384.75,430.5,430.5,360,4143.47,7200,4450,28-MAR-2024,
OPTIDX,NIFTY,30-May-2024,22650,PE,0,0,0,784.1,483.85,0,0,0,0,28-MAR-2024,
OPTIDX,NIFTY,30-May-2024,22700,PE,523.9,523.9,407.75,481.05,481.05,169,1956.47,5300,1350,28-MAR-2024,
OPTIDX,NIFTY,30-May-2024,22750,PE,0,0,0,841.9,538.05,0,0,0,0,28-MAR-2024,
OPTIDX,NIFTY,30-May-2024,22800,PE,650,650,526.9,531.95,531.95,19,221.71,1750,500,28-MAR-2024,
OPTIDX,NIFTY,30-May-2024,22850,PE,0,0,0,902,595.65,0,0,0,0,28-MAR-2024,
OPTIDX,NIFTY,30-May-2024,22900,PE,0,0,0,710.5,625.7,0,0,450,0,28-MAR-2024,
OPTIDX,NIFTY,30-May-2024,22950,PE,0,0,0,751.1,656.55,0,0,100,0,28-MAR-2024,
OPTIDX,NIFTY,30-May-2024,23000,PE,702,721.85,571.25,645.25,645.25,3021,35687.96,113850,16100,28-MAR-2024,
OPTIDX,NIFTY,30-May-2024,23050,PE,0,0,0,1000.95,720.65,0,0,50,0,28-MAR-2024,
OPTIDX,NIFTY,30-May-2024,23100,PE,0,0,0,1061.75,753.85,0,0,0,0,28-MAR-2024,
OPTIDX,NIFTY,30-May-2024,23150,PE,0,0,0,1095.3,787.8,0,0,0,0,28-MAR-2024,
OPTIDX,NIFTY,30-May-2024,23200,PE,691,759.9,631,749.85,749.85,4,47.81,200,50,28-MAR-2024,
OPTIDX,NIFTY,30-May-2024,23250,PE,0,0,0,1163.9,857.9,0,0,0,0,28-MAR-2024,
OPTIDX,NIFTY,30-May-2024,23300,PE,0,0,0,1198.9,894,0,0,0,0,28-MAR-2024,
OPTIDX,NIFTY,30-May-2024,23350,PE,0,0,0,1234.45,930.8,0,0,0,0,28-MAR-2024,
OPTIDX,NIFTY,30-May-2024,23400,PE,0,0,0,1270.45,968.25,0,0,0,0,28-MAR-2024,
OPTIDX,NIFTY,30-May-2024,23450,PE,0,0,0,1307.9,1006.35,0,0,0,0,28-MAR-2024,
OPTIDX,NIFTY,30-May-2024,23500,PE,1035.8,1035.8,879.4,982.55,982.55,314,3841.35,13600,8650,28-MAR-2024,
OPTIDX,NIFTY,30-May-2024,23550,PE,0,0,0,1382.35,1084.35,0,0,0,0,28-MAR-2024,
OPTIDX,NIFTY,30-May-2024,23600,PE,0,0,0,1419.3,1124.25,0,0,0,0,28-MAR-2024,
OPTIDX,NIFTY,30-May-2024,23650,PE,0,0,0,1457.55,1164.7,0,0,0,0,28-MAR-2024,
OPTIDX,NIFTY,30-May-2024,23700,PE,0,0,0,1496.2,1205.65,0,0,0,0,28-MAR-2024,
OPTIDX,NIFTY,30-May-2024,23750,PE,1200.95,1200.95,1200.95,1200.95,1247.15,1,12.47,50,-50,28-MAR-2024,
OPTIDX,NIFTY,30-May-2024,23800,PE,0,0,0,1574.7,1289.15,0,0,0,0,28-MAR-2024,
OPTIDX,NIFTY,30-May-2024,23850,PE,0,0,0,1614.55,1331.55,0,0,0,0,28-MAR-2024,
OPTIDX,NIFTY,30-May-2024,23900,PE,0,0,0,1654.75,1374.45,0,0,0,0,28-MAR-2024,
OPTIDX,NIFTY,30-May-2024,23950,PE,0,0,0,1695.3,1417.8,0,0,0,0,28-MAR-2024,
OPTIDX,NIFTY,30-May-2024,24000,PE,1450.05,1509.5,1299.95,1386.5,1386.5,157,1992.28,5050,3150,28-MAR-2024,
OPTIDX,NIFTY,30-May-2024,24050,PE,0,0,0,1777.45,1505.6,0,0,0,0,28-MAR-2024,
OPTIDX,NIFTY,30-May-2024,24100,PE,0,0,0,1819.05,1550.05,0,0,0,0,28-MAR-2024,
OPTIDX,NIFTY,30-May-2024,24150,PE,0,0,0,1860.95,1594.9,0,0,0,0,28-MAR-2024,
OPTIDX,NIFTY,30-May-2024,24200,PE,0,0,0,1903.2,1640.05,0,0,0,0,28-MAR-2024,
OPTIDX,NIFTY,30-May-2024,24250,PE,0,0,0,1945.7,1685.5,0,0,0,0,28-MAR-2024,
OPTIDX,NIFTY,27-Jun-2024,15000,CE,7404.15,7645,7404.1,7524.65,7524.65,3076,34663.77,411550,136500,28-MAR-2024,
OPTIDX,NIFTY,27-Jun-2024,16000,CE,0,0,0,2666.1,6593.9,0,0,0,0,28-MAR-2024,
OPTIDX,NIFTY,27-Jun-2024,17000,CE,5500,5833.5,5456.35,5569.05,5569.05,312,3526.23,20300,14850,28-MAR-2024,
OPTIDX,NIFTY,27-Jun-2024,18000,CE,4493.3,4767.4,4493.25,4615.65,4615.65,2371,26870.2,531250,62150,28-MAR-2024,
OPTIDX,NIFTY,27-Jun-2024,18500,CE,0,0,0,3970.25,4135.75,0,0,4575,0,28-MAR-2024,
OPTIDX,NIFTY,27-Jun-2024,19000,CE,3577,3800.25,3573,3659.9,3659.9,2674,30359.46,399450,71300,28-MAR-2024,
OPTIDX,NIFTY,27-Jun-2024,20000,CE,2635.9,2885.35,2635.9,2759.75,2759.75,1826,20819.55,330750,47300,28-MAR-2024,
OPTIDX,NIFTY,27-Jun-2024,21000,CE,1815,1996,1815,1867.75,1867.75,1050,12026.02,469900,-1550,28-MAR-2024,
OPTIDX,NIFTY,27-Jun-2024,22000,CE,1026.05,1217.1,1024.95,1099.55,1099.55,6094,70474.99,1048700,58400,28-MAR-2024,
OPTIDX,NIFTY,27-Jun-2024,23000,CE,480.05,596,473.95,527,527,6824,80318.34,905700,22700,28-MAR-2024,
OPTIDX,NIFTY,27-Jun-2024,24000,CE,165.25,222.9,165.25,192.05,192.05,7829,94718.76,1053900,9650,28-MAR-2024,
OPTIDX,NIFTY,27-Jun-2024,25000,CE,54.1,65.55,50.4,57.75,57.75,5909,74027.62,727550,81250,28-MAR-2024,
OPTIDX,NIFTY,27-Jun-2024,26000,CE,26,26,19.2,20.7,20.7,1488,19360.28,199100,17200,28-MAR-2024,
OPTIDX,NIFTY,27-Jun-2024,27000,CE,12,15.55,11.4,12.75,12.75,174,2350.14,14000,3400,28-MAR-2024,
OPTIDX,NIFTY,27-Jun-2024,14000,PE,3.05,3.05,3.05,3.05,3.05,6,42,7025,-50,28-MAR-2024,
OPTIDX,NIFTY,27-Jun-2024,15000,PE,3.6,4.4,3.35,4,4,3472,26046.29,228425,75000,28-MAR-2024,
OPTIDX,NIFTY,27-Jun-2024,16000,PE,6.05,6.05,6.05,6.05,6.05,33,264.09,58550,200,28-MAR-2024,
OPTIDX,NIFTY,27-Jun-2024,17000,PE,12,12.95,9.35,10.25,10.25,354,3010.92,175900,2250,28-MAR-2024,
OPTIDX,NIFTY,27-Jun-2024,18000,PE,16.2,16.7,11.35,13.05,13.05,2994,26966.67,708250,20500,28-MAR-2024,
OPTIDX,NIFTY,27-Jun-2024,19000,PE,31,31.2,24.6,28.1,28.1,3798,36133.35,794050,30900,28-MAR-2024,
OPTIDX,NIFTY,27-Jun-2024,20000,PE,70.25,79,64.6,69.45,69.45,5516,55348.94,1299300,34000,28-MAR-2024,
OPTIDX,NIFTY,27-Jun-2024,21000,PE,175,189.9,153,162.35,162.35,6631,70168.18,1499000,16900,28-MAR-2024,
OPTIDX,NIFTY,27-Jun-2024,22000,PE,414.55,414.55,345.8,367.85,367.85,11224,125543.77,1528650,93700,28-MAR-2024,
OPTIDX,NIFTY,27-Jun-2024,23000,PE,835,840.55,703.8,768.5,768.5,5112,60719.53,467550,19000,28-MAR-2024,
OPTIDX,NIFTY,27-Jun-2024,24000,PE,1501,1501.05,1302.25,1403.35,1403.35,1735,22021.12,437200,8450,28-MAR-2024,
OPTIDX,NIFTY,27-Jun-2024,25000,PE,2335.15,2335.15,2100.1,2249.35,2249.35,5995,81533.59,463450,152450,28-MAR-2024,
OPTIDX,NIFTY,27-Jun-2024,26000,PE,3279.7,3279.7,3040,3155.15,3155.15,1685,24532.21,94650,57050,28-MAR-2024,
OPTIDX,NIFTY,27-Jun-2024,27000,PE,4000,4321,4000,4321,4223.5,2,31.16,0,0,28-MAR-2024,
OPTIDX,NIFTY,26-Sep-2024,16000,CE,0,0,0,4667.4,6856.45,0,0,0,0,28-MAR-2024,
OPTIDX,NIFTY,26-Sep-2024,17000,CE,0,0,0,3800.4,5889.65,0,0,0,0,28-MAR-2024,
OPTIDX,NIFTY,26-Sep-2024,18000,CE,0,0,0,2994.95,4923.6,0,0,0,0,28-MAR-2024,
OPTIDX,NIFTY,26-Sep-2024,19000,CE,0,0,0,2277.4,3962.95,0,0,0,0,28-MAR-2024,
OPTIDX,NIFTY,26-Sep-2024,20000,CE,0,0,0,1666.45,3024.5,0,0,0,0,28-MAR-2024,
OPTIDX,NIFTY,26-Sep-2024,21000,CE,0,0,0,1173.8,2147.95,0,0,0,0,28-MAR-2024,
OPTIDX,NIFTY,26-Sep-2024,22000,CE,1449,1590,1424,1491.55,1491.55,97,1140.51,20500,1600,28-MAR-2024,
OPTIDX,NIFTY,26-Sep-2024,23000,CE,880.3,985,840.25,898.05,898.05,366,4377.78,66550,-150,28-MAR-2024,
OPTIDX,NIFTY,26-Sep-2024,24000,CE,415,498.95,414.2,449.75,449.75,774,9465.25,66550,8250,28-MAR-2024,
OPTIDX,NIFTY,26-Sep-2024,25000,CE,194,247,188.2,197.55,197.55,409,5154.48,74750,6000,28-MAR-2024,
OPTIDX,NIFTY,26-Sep-2024,26000,CE,75.65,106,70,80.55,80.55,44,573.88,19500,800,28-MAR-2024,
OPTIDX,NIFTY,26-Sep-2024,27000,CE,0,0,0,68.7,28.85,0,0,0,0,28-MAR-2024,
OPTIDX,NIFTY,26-Sep-2024,16000,PE,0,0,0,39.75,0.05,0,0,0,0,28-MAR-2024,
OPTIDX,NIFTY,26-Sep-2024,17000,PE,0,0,0,103.7,0.1,0,0,0,0,28-MAR-2024,
OPTIDX,NIFTY,26-Sep-2024,18000,PE,0,0,0,229.25,0.95,0,0,0,0,28-MAR-2024,
OPTIDX,NIFTY,26-Sep-2024,19000,PE,0,0,0,239.55,7.2,0,0,2850,0,28-MAR-2024,
OPTIDX,NIFTY,26-Sep-2024,20000,PE,0,0,0,762.75,35.65,0,0,0,0,28-MAR-2024,
OPTIDX,NIFTY,26-Sep-2024,21000,PE,225.35,225.35,200.4,212.45,212.45,1499,15898.36,323000,5250,28-MAR-2024,
OPTIDX,NIFTY,26-Sep-2024,22000,PE,456.4,467.95,398.4,416.85,416.85,1277,14311.32,185200,9350,28-MAR-2024,
OPTIDX,NIFTY,26-Sep-2024,23000,PE,826.6,915,685,775.4,775.4,401,4766.42,65250,50,28-MAR-2024,
OPTIDX,NIFTY,26-Sep-2024,24000,PE,0,0,0,3149.25,1300,0,0,0,0,28-MAR-2024,
OPTIDX,NIFTY,26-Sep-2024,25000,PE,0,0,0,3952.4,2039.5,0,0,0,0,28-MAR-2024,
OPTIDX,NIFTY,26-Sep-2024,26000,PE,0,0,0,4801.5,2891.75,0,0,0,0,28-MAR-2024,
OPTIDX,NIFTY,26-Sep-2024,27000,PE,0,0,0,5681.95,3808.3,0,0,0,0,28-MAR-2024,
OPTIDX,NIFTY,26-Dec-2024,14000,CE,0,0,0,8500.95,9016.15,0,0,42050,0,28-MAR-2024,
OPTIDX,NIFTY,26-Dec-2024,15000,CE,0,0,0,7703,8065.4,0,0,44500,0,28-MAR-2024,
OPTIDX,NIFTY,26-Dec-2024,16000,CE,7002,7025,7002,7013.5,7013.5,6,69.01,21850,-100,28-MAR-2024,
OPTIDX,NIFTY,26-Dec-2024,17000,CE,6115,6150,6112,6127.1,6127.1,15,173.44,17150,50,28-MAR-2024,
OPTIDX,NIFTY,26-Dec-2024,18000,CE,5211,5399,5211,5296.1,5296.1,57,664.05,23600,500,28-MAR-2024,
OPTIDX,NIFTY,26-Dec-2024,18500,CE,0,0,0,4400,4746.4,0,0,1000,0,28-MAR-2024,
OPTIDX,NIFTY,26-Dec-2024,19000,CE,4396.3,4688,4350.05,4420.35,4420.35,210,2462.34,75000,0,28-MAR-2024,
OPTIDX,NIFTY,26-Dec-2024,20000,CE,3450,3645,3450,3496.05,3496.05,216,2543.15,73650,2600,28-MAR-2024,
OPTIDX,NIFTY,26-Dec-2024,21000,CE,2671.85,2823.5,2669.35,2690.15,2690.15,135,1602.05,118200,850,28-MAR-2024,
OPTIDX,NIFTY,26-Dec-2024,22000,CE,1920,2085.05,1920,1964.15,1964.15,556,6678.02,250750,-3450,28-MAR-2024,
OPTIDX,NIFTY,26-Dec-2024,23000,CE,1289.2,1435.65,1289.2,1337.45,1337.45,517,6297.69,175450,-1800,28-MAR-2024,
OPTIDX,NIFTY,26-Dec-2024,24000,CE,785.05,891,785.05,814.15,814.15,725,9003.52,179050,10600,28-MAR-2024,
OPTIDX,NIFTY,26-Dec-2024,25000,CE,466,500.1,451,463.25,463.25,449,5720.05,224950,3400,28-MAR-2024,
OPTIDX,NIFTY,26-Dec-2024,26000,CE,235,250,220,229.15,229.15,242,3174.57,123300,6700,28-MAR-2024,
OPTIDX,NIFTY,26-Dec-2024,27000,CE,126,126,114,116.45,116.45,51,691.51,47650,750,28-MAR-2024,
OPTIDX,NIFTY,26-Dec-2024,14000,PE,0,0,0,20.5,0.05,0,0,3300,0,28-MAR-2024,
OPTIDX,NIFTY,26-Dec-2024,15000,PE,0,0,0,3.05,0.05,0,0,28700,0,28-MAR-2024,
OPTIDX,NIFTY,26-Dec-2024,16000,PE,0,0,0,9.45,0.05,0,0,17050,0,28-MAR-2024,
OPTIDX,NIFTY,26-Dec-2024,17000,PE,36.75,43,32.55,34.7,0.65,89,758.14,70900,-1600,28-MAR-2024,
OPTIDX,NIFTY,26-Dec-2024,18000,PE,57.1,61.5,56.1,58.6,58.6,201,1814.81,291300,-650,28-MAR-2024,
OPTIDX,NIFTY,26-Dec-2024,19000,PE,88,98,86,88.95,88.95,349,3331.11,403500,-2450,28-MAR-2024,
OPTIDX,NIFTY,26-Dec-2024,20000,PE,157.75,158.95,148,152.7,152.7,851,8574.32,522150,-21500,28-MAR-2024,
OPTIDX,NIFTY,26-Dec-2024,21000,PE,286.95,288.45,265,270.6,270.6,1711,18199.15,991600,-3300,28-MAR-2024,
OPTIDX,NIFTY,26-Dec-2024,22000,PE,519.95,520.2,468,478.05,478.05,2456,27610.47,741750,18550,28-MAR-2024,
OPTIDX,NIFTY,26-Dec-2024,23000,PE,819,819,742,780.8,780.8,943,11211.5,273050,1350,28-MAR-2024,
OPTIDX,NIFTY,26-Dec-2024,24000,PE,1300,1300,1183.7,1235.2,1235.2,230,2900.56,72900,750,28-MAR-2024,
OPTIDX,NIFTY,26-Dec-2024,25000,PE,1927.8,1929.5,1752.05,1830.85,1830.85,180,2414.12,36100,2200,28-MAR-2024,
OPTIDX,NIFTY,26-Dec-2024,26000,PE,2500,2600,2480,2576,2576,10,142.64,4350,-50,28-MAR-2024,
OPTIDX,NIFTY,26-Dec-2024,27000,PE,0,0,0,4500,3454,0,0,50,0,28-MAR-2024,
OPTIDX,NIFTY,26-Jun-2025,16000,CE,0,0,0,3227.55,7618.9,0,0,0,0,28-MAR-2024,
OPTIDX,NIFTY,26-Jun-2025,17000,CE,5569.9,5569.9,5569.9,5569.9,5569.9,1,11.28,2800,50,28-MAR-2024,
OPTIDX,NIFTY,26-Jun-2025,18000,CE,4584.45,4584.45,4584.45,4584.45,4584.45,1,11.29,2250,50,28-MAR-2024,
OPTIDX,NIFTY,26-Jun-2025,19000,CE,0,0,0,3077.9,4898.7,0,0,0,0,28-MAR-2024,
OPTIDX,NIFTY,26-Jun-2025,20000,CE,0,0,0,3180.85,4037.05,0,0,0,0,28-MAR-2024,
OPTIDX,NIFTY,26-Jun-2025,21000,CE,0,0,0,3199.45,3229.25,0,0,0,0,28-MAR-2024,
OPTIDX,NIFTY,26-Jun-2025,22000,CE,0,0,0,2088.15,2499,0,0,0,0,28-MAR-2024,
OPTIDX,NIFTY,26-Jun-2025,23000,CE,0,0,0,2003.65,1866.5,0,0,0,0,28-MAR-2024,
OPTIDX,NIFTY,26-Jun-2025,24000,CE,0,0,0,1100.85,1343.7,0,0,0,0,28-MAR-2024,
OPTIDX,NIFTY,26-Jun-2025,25000,CE,0,0,0,600,932.05,0,0,100,0,28-MAR-2024,
OPTIDX,NIFTY,26-Jun-2025,26000,CE,0,0,0,811.85,623.2,0,0,0,0,28-MAR-2024,
OPTIDX,NIFTY,26-Jun-2025,27000,CE,0,0,0,803.5,402.1,0,0,0,0,28-MAR-2024,
OPTIDX,NIFTY,26-Jun-2025,14000,PE,0,0,0,4.35,0.05,0,0,1150,0,28-MAR-2024,
OPTIDX,NIFTY,26-Jun-2025,15000,PE,0,0,0,16.2,0.1,0,0,1800,0,28-MAR-2024,
OPTIDX,NIFTY,26-Jun-2025,16000,PE,0,0,0,129.2,0.75,0,0,100,0,28-MAR-2024,
OPTIDX,NIFTY,26-Jun-2025,17000,PE,0,0,0,3497.35,3.55,0,0,0,0,28-MAR-2024,
OPTIDX,NIFTY,26-Jun-2025,18000,PE,0,0,0,188.1,12.95,0,0,250,0,28-MAR-2024,
OPTIDX,NIFTY,26-Jun-2025,19000,PE,0,0,0,77,38.5,0,0,600000,0,28-MAR-2024,
OPTIDX,NIFTY,26-Jun-2025,20000,PE,0,0,0,336.05,96.15,0,0,456550,0,28-MAR-2024,
OPTIDX,NIFTY,26-Jun-2025,21000,PE,320.25,320.25,320.25,320.25,207.65,1,10.66,300,50,28-MAR-2024,
OPTIDX,NIFTY,26-Jun-2025,22000,PE,0,0,0,652.9,396.65,0,0,350,0,28-MAR-2024,
OPTIDX,NIFTY,26-Jun-2025,23000,PE,0,0,0,1020,683.45,0,0,250,0,28-MAR-2024,
OPTIDX,NIFTY,26-Jun-2025,24000,PE,0,0,0,5875.1,1080,0,0,0,0,28-MAR-2024,
OPTIDX,NIFTY,26-Jun-2025,25000,PE,0,0,0,6576.35,1587.65,0,0,0,0,28-MAR-2024,
OPTIDX,NIFTY,26-Jun-2025,26000,PE,0,0,0,7299,2198.1,0,0,0,0,28-MAR-2024,
OPTIDX,NIFTY,26-Jun-2025,27000,PE,0,0,0,7438.15,2896.3,0,0,0,0,28-MAR-2024,
OPTIDX,NIFTY,24-Dec-2025,16000,CE,0,0,0,7200,8104.55,0,0,50,0,28-MAR-2024,
OPTIDX,NIFTY,24-Dec-2025,17000,CE,0,0,0,5080,7220.85,0,0,650,0,28-MAR-2024,
OPTIDX,NIFTY,24-Dec-2025,18000,CE,0,0,0,6099.95,6345.95,0,0,5650,0,28-MAR-2024,
OPTIDX,NIFTY,24-Dec-2025,19000,CE,0,0,0,5615,5488.4,0,0,3150,0,28-MAR-2024,
OPTIDX,NIFTY,24-Dec-2025,19500,CE,4500,4500,4500,4500,4500,1,12,1400,50,28-MAR-2024,
OPTIDX,NIFTY,24-Dec-2025,20000,CE,0,0,0,3800,4660.85,0,0,300,0,28-MAR-2024,
OPTIDX,NIFTY,24-Dec-2025,21000,CE,0,0,0,1400,3878.75,0,0,100,0,28-MAR-2024,
OPTIDX,NIFTY,24-Dec-2025,22000,CE,0,0,0,3480,3158.15,0,0,850,0,28-MAR-2024,
OPTIDX,NIFTY,24-Dec-2025,23000,CE,0,0,0,2980,2513.2,0,0,2450,0,28-MAR-2024,
OPTIDX,NIFTY,24-Dec-2025,24000,CE,2000,2030,2000,2027.5,2027.5,3,39.02,300,100,28-MAR-2024,
OPTIDX,NIFTY,24-Dec-2025,25000,CE,0,0,0,1222.85,1483.2,0,0,0,0,28-MAR-2024,
OPTIDX,NIFTY,24-Dec-2025,26000,CE,0,0,0,1070.85,1100.25,0,0,0,0,28-MAR-2024,
OPTIDX,NIFTY,24-Dec-2025,27000,CE,0,0,0,1071,797.95,0,0,0,0,28-MAR-2024,
OPTIDX,NIFTY,24-Dec-2025,13000,PE,0,0,0,400,0.05,0,0,150,0,28-MAR-2024,
OPTIDX,NIFTY,24-Dec-2025,15000,PE,0,0,0,62.15,0.5,0,0,1100,0,28-MAR-2024,
OPTIDX,NIFTY,24-Dec-2025,16000,PE,0,0,0,139.95,2.2,0,0,2150,0,28-MAR-2024,
OPTIDX,NIFTY,24-Dec-2025,16500,PE,0,0,0,44.6,4.2,0,0,2600,0,28-MAR-2024,
OPTIDX,NIFTY,24-Dec-2025,17000,PE,0,0,0,31.5,7.6,0,0,2400,0,28-MAR-2024,
OPTIDX,NIFTY,24-Dec-2025,18000,PE,0,0,0,52.7,21.7,0,0,3050,0,28-MAR-2024,
OPTIDX,NIFTY,24-Dec-2025,19000,PE,0,0,0,106.7,53.2,0,0,3050,0,28-MAR-2024,
OPTIDX,NIFTY,24-Dec-2025,20000,PE,175.85,175.85,175.85,175.85,114.7,1,10.08,4550,50,28-MAR-2024,
OPTIDX,NIFTY,24-Dec-2025,21000,PE,0,0,0,570,221.6,0,0,3200,0,28-MAR-2024,
OPTIDX,NIFTY,24-Dec-2025,22000,PE,0,0,0,801,390.05,0,0,2350,0,28-MAR-2024,
OPTIDX,NIFTY,24-Dec-2025,23000,PE,1070,1110,1070,1097.05,1097.05,29,349.36,4200,-50,28-MAR-2024,
OPTIDX,NIFTY,24-Dec-2025,24000,PE,0,0,0,5649,963.55,0,0,0,0,28-MAR-2024,
OPTIDX,NIFTY,24-Dec-2025,25000,PE,0,0,0,6310.55,1382.2,0,0,0,0,28-MAR-2024,
OPTIDX,NIFTY,24-Dec-2025,26000,PE,0,0,0,6993.25,1888.3,0,0,0,0,28-MAR-2024,
OPTIDX,NIFTY,24-Dec-2025,27000,PE,0,0,0,7112.8,2475.05,0,0,0,0,28-MAR-2024,
OPTIDX,NIFTY,25-Jun-2026,12000,CE,0,0,0,8690,12013.45,0,0,50,0,28-MAR-2024,
OPTIDX,NIFTY,25-Jun-2026,16000,CE,0,0,0,4748.3,8579.65,0,0,0,0,28-MAR-2024,
OPTIDX,NIFTY,25-Jun-2026,17000,CE,0,0,0,4348.25,7727.7,0,0,0,0,28-MAR-2024,
OPTIDX,NIFTY,25-Jun-2026,18000,CE,0,0,0,4150,6885.2,0,0,200,0,28-MAR-2024,
OPTIDX,NIFTY,25-Jun-2026,19000,CE,0,0,0,5792,6059.65,0,0,100,0,28-MAR-2024,
OPTIDX,NIFTY,25-Jun-2026,20000,CE,0,0,0,3829.5,5260.95,0,0,0,0,28-MAR-2024,
OPTIDX,NIFTY,25-Jun-2026,21000,CE,0,0,0,3881.9,4500.5,0,0,0,0,28-MAR-2024,
OPTIDX,NIFTY,25-Jun-2026,22000,CE,0,0,0,2722.55,3790.3,0,0,0,0,28-MAR-2024,
OPTIDX,NIFTY,25-Jun-2026,23000,CE,0,0,0,2645.65,3140.85,0,0,0,0,28-MAR-2024,
OPTIDX,NIFTY,25-Jun-2026,24000,CE,0,0,0,1698.3,2560.2,0,0,0,0,28-MAR-2024,
OPTIDX,NIFTY,25-Jun-2026,25000,CE,0,0,0,1510.4,2052.85,0,0,0,0,28-MAR-2024,
OPTIDX,NIFTY,25-Jun-2026,26000,CE,0,0,0,1343.15,1619.6,0,0,0,0,28-MAR-2024,
OPTIDX,NIFTY,25-Jun-2026,27000,CE,0,0,0,1352.8,1257.85,0,0,0,0,28-MAR-2024,
OPTIDX,NIFTY,25-Jun-2026,12000,PE,0,0,0,10.05,0.05,0,0,500,0,28-MAR-2024,
OPTIDX,NIFTY,25-Jun-2026,13000,PE,0,0,0,45.25,0.05,0,0,200,0,28-MAR-2024,
OPTIDX,NIFTY,25-Jun-2026,14000,PE,0,0,0,300,0.3,0,0,100,0,28-MAR-2024,
OPTIDX,NIFTY,25-Jun-2026,15000,PE,0,0,0,105.5,1.2,0,0,850,0,28-MAR-2024,
OPTIDX,NIFTY,25-Jun-2026,16000,PE,0,0,0,54.8,4,0,0,500,0,28-MAR-2024,
OPTIDX,NIFTY,25-Jun-2026,17000,PE,0,0,0,2627.25,11.5,0,0,0,0,28-MAR-2024,
OPTIDX,NIFTY,25-Jun-2026,18000,PE,0,0,0,3088.05,28.5,0,0,0,0,28-MAR-2024,
OPTIDX,NIFTY,25-Jun-2026,19000,PE,0,0,0,140.45,62.4,0,0,100,0,28-MAR-2024,
OPTIDX,NIFTY,25-Jun-2026,20000,PE,0,0,0,3159.75,123.1,0,0,0,0,28-MAR-2024,
OPTIDX,NIFTY,25-Jun-2026,21000,PE,0,0,0,3065.6,222.15,0,0,0,0,28-MAR-2024,
OPTIDX,NIFTY,25-Jun-2026,22000,PE,0,0,0,3829.5,371.35,0,0,0,0,28-MAR-2024,
OPTIDX,NIFTY,25-Jun-2026,23000,PE,0,0,0,859.2,581.4,0,0,150,0,28-MAR-2024,
OPTIDX,NIFTY,25-Jun-2026,24000,PE,0,0,0,5437.7,860.2,0,0,0,0,28-MAR-2024,
OPTIDX,NIFTY,25-Jun-2026,25000,PE,0,0,0,6063.1,1212.3,0,0,0,0,28-MAR-2024,
OPTIDX,NIFTY,25-Jun-2026,26000,PE,0,0,0,6709.2,1638.5,0,0,0,0,28-MAR-2024,
OPTIDX,NIFTY,25-Jun-2026,27000,PE,0,0,0,6810.7,2136.2,0,0,0,0,28-MAR-2024,
OPTIDX,NIFTY,31-Dec-2026,16000,CE,0,0,0,6200,9053.8,0,0,50,0,28-MAR-2024,
OPTIDX,NIFTY,31-Dec-2026,17000,CE,0,0,0,4955.1,8232.8,0,0,0,0,28-MAR-2024,
OPTIDX,NIFTY,31-Dec-2026,18000,CE,0,0,0,4501.45,7421.35,0,0,0,0,28-MAR-2024,
OPTIDX,NIFTY,31-Dec-2026,19000,CE,0,0,0,6000,6625.55,0,0,200,0,28-MAR-2024,
OPTIDX,NIFTY,31-Dec-2026,20000,CE,0,0,0,3704.3,5853.3,0,0,0,0,28-MAR-2024,
OPTIDX,NIFTY,31-Dec-2026,21000,CE,0,0,0,3356.25,5113.5,0,0,0,0,28-MAR-2024,
OPTIDX,NIFTY,31-Dec-2026,22000,CE,0,0,0,3039,4415.15,0,0,0,0,28-MAR-2024,
OPTIDX,NIFTY,31-Dec-2026,23000,CE,0,0,0,2020,3766.6,0,0,500,0,28-MAR-2024,
OPTIDX,NIFTY,31-Dec-2026,24000,CE,0,0,0,2010.65,3174.45,0,0,0,0,28-MAR-2024,
OPTIDX,NIFTY,31-Dec-2026,25000,CE,0,0,0,1811.2,2643.25,0,0,0,0,28-MAR-2024,
OPTIDX,NIFTY,31-Dec-2026,26000,CE,0,0,0,1631.05,2174.85,0,0,0,0,28-MAR-2024,
OPTIDX,NIFTY,31-Dec-2026,27000,CE,0,0,0,1651.65,1768.85,0,0,0,0,28-MAR-2024,
OPTIDX,NIFTY,31-Dec-2026,12000,PE,0,0,0,250.1,0.05,0,0,600,0,28-MAR-2024,
OPTIDX,NIFTY,31-Dec-2026,13000,PE,0,0,0,450,0.15,0,0,200,0,28-MAR-2024,
OPTIDX,NIFTY,31-Dec-2026,14000,PE,0,0,0,500,0.55,0,0,950,0,28-MAR-2024,
OPTIDX,NIFTY,31-Dec-2026,15000,PE,0,0,0,23,2,0,0,2200,0,28-MAR-2024,
OPTIDX,NIFTY,31-Dec-2026,16000,PE,0,0,0,27.95,5.8,0,0,2450,0,28-MAR-2024,
OPTIDX,NIFTY,31-Dec-2026,17000,PE,0,0,0,36.3,14.75,0,0,3150,0,28-MAR-2024,
OPTIDX,NIFTY,31-Dec-2026,18000,PE,0,0,0,196.35,33.2,0,0,6050,0,28-MAR-2024,
OPTIDX,NIFTY,31-Dec-2026,19000,PE,0,0,0,139.95,67.35,0,0,3250,0,28-MAR-2024,
OPTIDX,NIFTY,31-Dec-2026,20000,PE,0,0,0,444.95,125.05,0,0,3750,0,28-MAR-2024,
OPTIDX,NIFTY,31-Dec-2026,21000,PE,0,0,0,649,215.15,0,0,850,0,28-MAR-2024,
OPTIDX,NIFTY,31-Dec-2026,22000,PE,0,0,0,609.65,346.75,0,0,100,0,28-MAR-2024,
OPTIDX,NIFTY,31-Dec-2026,23000,PE,0,0,0,1030.05,528.15,0,0,6350,0,28-MAR-2024,
OPTIDX,NIFTY,31-Dec-2026,24000,PE,0,0,0,5233.45,765.95,0,0,0,0,28-MAR-2024,
OPTIDX,NIFTY,31-Dec-2026,25000,PE,0,0,0,5825.75,1064.65,0,0,0,0,28-MAR-2024,
OPTIDX,NIFTY,31-Dec-2026,26000,PE,0,0,0,6437.4,1426.2,0,0,0,0,28-MAR-2024,
OPTIDX,NIFTY,31-Dec-2026,27000,PE,0,0,0,6522.3,1850.15,0,0,0,0,28-MAR-2024,
OPTIDX,NIFTY,24-Jun-2027,16000,CE,0,0,0,4898.4,9478.1,0,0,0,0,28-MAR-2024,
OPTIDX,NIFTY,24-Jun-2027,17000,CE,0,0,0,4464.7,8684.35,0,0,0,0,28-MAR-2024,
OPTIDX,NIFTY,24-Jun-2027,18000,CE,0,0,0,4066.45,7899.7,0,0,0,0,28-MAR-2024,
OPTIDX,NIFTY,24-Jun-2027,19000,CE,0,0,0,3701.25,7129.45,0,0,100,0,28-MAR-2024,
OPTIDX,NIFTY,24-Jun-2027,20000,CE,0,0,0,3367.05,6379.95,0,0,0,0,28-MAR-2024,
OPTIDX,NIFTY,24-Jun-2027,21000,CE,0,0,0,3061.8,5658.4,0,0,0,0,28-MAR-2024,
OPTIDX,NIFTY,24-Jun-2027,22000,CE,0,0,0,2783.5,4972.15,0,0,0,0,28-MAR-2024,
OPTIDX,NIFTY,24-Jun-2027,23000,CE,0,0,0,2530.05,4327.85,0,0,0,0,28-MAR-2024,
OPTIDX,NIFTY,24-Jun-2027,24000,CE,0,0,0,2299.55,3731.3,0,0,0,0,28-MAR-2024,
OPTIDX,NIFTY,24-Jun-2027,25000,CE,0,0,0,2090.05,3186.6,0,0,0,0,28-MAR-2024,
OPTIDX,NIFTY,24-Jun-2027,26000,CE,0,0,0,1900.85,2696.2,0,0,0,0,28-MAR-2024,
OPTIDX,NIFTY,24-Jun-2027,27000,CE,0,0,0,1932.5,2260.6,0,0,0,0,28-MAR-2024,
OPTIDX,NIFTY,24-Jun-2027,16000,PE,0,0,0,1476.1,7.25,0,0,0,0,28-MAR-2024,
OPTIDX,NIFTY,24-Jun-2027,17000,PE,0,0,0,1814.75,17,0,0,0,0,28-MAR-2024,
OPTIDX,NIFTY,24-Jun-2027,18000,PE,0,0,0,2188.9,35.85,0,0,0,0,28-MAR-2024,
OPTIDX,NIFTY,24-Jun-2027,19000,PE,0,0,0,170,69.1,0,0,250,0,28-MAR-2024,
OPTIDX,NIFTY,24-Jun-2027,20000,PE,0,0,0,3034.2,123.15,0,0,0,0,28-MAR-2024,
OPTIDX,NIFTY,24-Jun-2027,21000,PE,0,0,0,353.5,205.1,0,0,50,0,28-MAR-2024,
OPTIDX,NIFTY,24-Jun-2027,22000,PE,0,0,0,3995.4,322.3,0,0,0,0,28-MAR-2024,
OPTIDX,NIFTY,24-Jun-2027,23000,PE,0,0,0,4514.3,481.55,0,0,0,0,28-MAR-2024,
OPTIDX,NIFTY,24-Jun-2027,24000,PE,0,0,0,5056.2,688.5,0,0,0,0,28-MAR-2024,
OPTIDX,NIFTY,24-Jun-2027,25000,PE,0,0,0,5619.05,947.3,0,0,0,0,28-MAR-2024,
OPTIDX,NIFTY,24-Jun-2027,26000,PE,0,0,0,6202.2,1260.35,0,0,0,0,28-MAR-2024,
OPTIDX,NIFTY,24-Jun-2027,27000,PE,0,0,0,6273.45,1628.3,0,0,0,0,28-MAR-2024,
OPTIDX,NIFTY,30-Dec-2027,16000,CE,0,0,0,7354.45,9920.85,0,0,0,0,28-MAR-2024,
OPTIDX,NIFTY,30-Dec-2027,17000,CE,0,0,0,6805.5,9155.15,0,0,0,0,28-MAR-2024,
OPTIDX,NIFTY,30-Dec-2027,18000,CE,0,0,0,6285.7,8397.9,0,0,0,0,28-MAR-2024,
OPTIDX,NIFTY,30-Dec-2027,19000,CE,0,0,0,5794.9,7653.55,0,0,0,0,28-MAR-2024,
OPTIDX,NIFTY,30-Dec-2027,20000,CE,0,0,0,5333.85,6927.4,0,0,0,0,28-MAR-2024,
OPTIDX,NIFTY,30-Dec-2027,21000,CE,0,0,0,4902.4,6225.2,0,0,0,0,28-MAR-2024,
OPTIDX,NIFTY,30-Dec-2027,22000,CE,0,0,0,4499.55,5552.85,0,0,0,0,28-MAR-2024,
OPTIDX,NIFTY,30-Dec-2027,23000,CE,0,0,0,4125.7,4915.9,0,0,0,0,28-MAR-2024,
OPTIDX,NIFTY,30-Dec-2027,24000,CE,0,0,0,3778.95,4319.25,0,0,0,0,28-MAR-2024,
OPTIDX,NIFTY,30-Dec-2027,25000,CE,0,0,0,3458.35,3766.6,0,0,0,0,28-MAR-2024,
OPTIDX,NIFTY,30-Dec-2027,26000,CE,0,0,0,3162.4,3260.55,0,0,0,0,28-MAR-2024,
OPTIDX,NIFTY,30-Dec-2027,27000,CE,0,0,0,2889.8,2802.25,0,0,0,0,28-MAR-2024,
OPTIDX,NIFTY,30-Dec-2027,15000,PE,0,0,0,27.8,3.4,0,0,350,0,28-MAR-2024,
OPTIDX,NIFTY,30-Dec-2027,16000,PE,0,0,0,479.35,8.45,0,0,0,0,28-MAR-2024,
OPTIDX,NIFTY,30-Dec-2027,17000,PE,0,0,0,514,18.6,0,0,14250,0,28-MAR-2024,
OPTIDX,NIFTY,30-Dec-2027,18000,PE,0,0,0,74.8,37.25,0,0,10500,0,28-MAR-2024,
OPTIDX,NIFTY,30-Dec-2027,19000,PE,0,0,0,760,68.85,0,0,700,0,28-MAR-2024,
OPTIDX,NIFTY,30-Dec-2027,20000,PE,0,0,0,524.65,118.6,0,0,2550,0,28-MAR-2024,
OPTIDX,NIFTY,30-Dec-2027,21000,PE,0,0,0,1563.55,192.3,0,0,0,0,28-MAR-2024,
OPTIDX,NIFTY,30-Dec-2027,22000,PE,0,0,0,1867.9,295.85,0,0,0,0,28-MAR-2024,
OPTIDX,NIFTY,30-Dec-2027,23000,PE,0,0,0,2201.3,434.8,0,0,0,0,28-MAR-2024,
OPTIDX,NIFTY,30-Dec-2027,24000,PE,0,0,0,2561.85,614.05,0,0,0,0,28-MAR-2024,
OPTIDX,NIFTY,30-Dec-2027,25000,PE,0,0,0,2948.45,837.3,0,0,0,0,28-MAR-2024,
OPTIDX,NIFTY,30-Dec-2027,26000,PE,0,0,0,3359.75,1107.15,0,0,0,0,28-MAR-2024,
OPTIDX,NIFTY,30-Dec-2027,27000,PE,0,0,0,3794.4,1424.8,0,0,0,0,28-MAR-2024,
OPTIDX,NIFTY,29-Jun-2028,16000,CE,0,0,0,8002.3,10332.6,0,0,0,0,28-MAR-2024,
OPTIDX,NIFTY,29-Jun-2028,17000,CE,0,0,0,7393.45,9592.6,0,0,0,0,28-MAR-2024,
OPTIDX,NIFTY,29-Jun-2028,18000,CE,0,0,0,6809.35,8860.45,0,0,0,0,28-MAR-2024,
OPTIDX,NIFTY,29-Jun-2028,19000,CE,0,0,0,6252.25,8139.85,0,0,0,0,28-MAR-2024,
OPTIDX,NIFTY,29-Jun-2028,20000,CE,0,0,0,5724.65,7435.25,0,0,0,0,28-MAR-2024,
OPTIDX,NIFTY,29-Jun-2028,21000,CE,0,0,0,5226.55,6751.35,0,0,0,0,28-MAR-2024,
OPTIDX,NIFTY,29-Jun-2028,22000,CE,0,0,0,4759.5,6093.15,0,0,0,0,28-MAR-2024,
OPTIDX,NIFTY,29-Jun-2028,23000,CE,0,0,0,4323.1,5465.25,0,0,0,0,28-MAR-2024,
OPTIDX,NIFTY,29-Jun-2028,24000,CE,0,0,0,3918.85,4871.85,0,0,0,0,28-MAR-2024,
OPTIDX,NIFTY,29-Jun-2028,25000,CE,0,0,0,3545.15,4316.35,0,0,0,0,28-MAR-2024,
OPTIDX,NIFTY,29-Jun-2028,26000,CE,0,0,0,3200.9,3801.2,0,0,0,0,28-MAR-2024,
OPTIDX,NIFTY,29-Jun-2028,27000,CE,0,0,0,2885.15,3327.95,0,0,0,0,28-MAR-2024,
OPTIDX,NIFTY,29-Jun-2028,16000,PE,0,0,0,194.2,9.25,0,0,0,0,28-MAR-2024,
OPTIDX,NIFTY,29-Jun-2028,17000,PE,0,0,0,283.1,19.5,0,0,0,0,28-MAR-2024,
OPTIDX,NIFTY,29-Jun-2028,18000,PE,0,0,0,396.75,37.55,0,0,0,0,28-MAR-2024,
OPTIDX,NIFTY,29-Jun-2028,19000,PE,0,0,0,537.45,67.2,0,0,0,0,28-MAR-2024,
OPTIDX,NIFTY,29-Jun-2028,20000,PE,0,0,0,707.55,112.8,0,0,0,0,28-MAR-2024,
OPTIDX,NIFTY,29-Jun-2028,21000,PE,0,0,0,907.2,179.15,0,0,0,0,28-MAR-2024,
OPTIDX,NIFTY,29-Jun-2028,22000,PE,0,0,0,1137.9,271.2,0,0,0,0,28-MAR-2024,
OPTIDX,NIFTY,29-Jun-2028,23000,PE,0,0,0,1399.25,393.5,0,0,0,0,28-MAR-2024,
OPTIDX,NIFTY,29-Jun-2028,24000,PE,0,0,0,1692.75,550.3,0,0,0,0,28-MAR-2024,
OPTIDX,NIFTY,29-Jun-2028,25000,PE,0,0,0,2016.8,745.05,0,0,0,0,28-MAR-2024,
OPTIDX,NIFTY,29-Jun-2028,26000,PE,0,0,0,2370.3,980.1,0,0,0,0,28-MAR-2024,
OPTIDX,NIFTY,29-Jun-2028,27000,PE,0,0,0,2752.35,1257.1,0,0,0,0,28-MAR-2024,
OPTIDX,NIFTY,28-Dec-2028,16000,CE,0,0,0,10704.45,10730.4,0,0,0,0,28-MAR-2024,
OPTIDX,NIFTY,28-Dec-2028,17000,CE,0,0,0,10036.4,10015.05,0,0,0,0,28-MAR-2024,
OPTIDX,NIFTY,28-Dec-2028,18000,CE,0,0,0,9380.3,9306.9,0,0,0,0,28-MAR-2024,
OPTIDX,NIFTY,28-Dec-2028,19000,CE,0,0,0,8739,8609.1,0,0,0,0,28-MAR-2024,
OPTIDX,NIFTY,28-Dec-2028,20000,CE,0,0,0,8115.5,7925.3,0,0,0,0,28-MAR-2024,
OPTIDX,NIFTY,28-Dec-2028,21000,CE,0,0,0,7512.5,7259.6,0,0,0,0,28-MAR-2024,
OPTIDX,NIFTY,28-Dec-2028,22000,CE,0,0,0,6932.45,6616.05,0,0,0,0,28-MAR-2024,
OPTIDX,NIFTY,28-Dec-2028,23000,CE,0,0,0,6377.6,5998.65,0,0,0,0,28-MAR-2024,
OPTIDX,NIFTY,28-Dec-2028,24000,CE,0,0,0,5850.3,5410.95,0,0,0,0,28-MAR-2024,
OPTIDX,NIFTY,28-Dec-2028,25000,CE,0,0,0,5350.4,4856.05,0,0,0,0,28-MAR-2024,
OPTIDX,NIFTY,28-Dec-2028,26000,CE,0,0,0,4879.7,4336.35,0,0,0,0,28-MAR-2024,
OPTIDX,NIFTY,28-Dec-2028,27000,CE,0,0,0,4437.95,3853.4,0,0,0,0,28-MAR-2024,
OPTIDX,NIFTY,28-Dec-2028,16000,PE,0,0,0,39.6,9.8,0,0,0,0,28-MAR-2024,
OPTIDX,NIFTY,28-Dec-2028,17000,PE,0,0,0,66.15,19.85,0,0,0,0,28-MAR-2024,
OPTIDX,NIFTY,28-Dec-2028,18000,PE,0,0,0,104.65,37.1,0,0,0,0,28-MAR-2024,
OPTIDX,NIFTY,28-Dec-2028,19000,PE,0,0,0,158,64.65,0,0,0,0,28-MAR-2024,
OPTIDX,NIFTY,28-Dec-2028,20000,PE,0,0,0,229.1,106.3,0,0,0,0,28-MAR-2024,
OPTIDX,NIFTY,28-Dec-2028,21000,PE,0,0,0,320.7,165.95,0,0,0,0,28-MAR-2024,
OPTIDX,NIFTY,28-Dec-2028,22000,PE,0,0,0,435.3,247.8,0,0,0,0,28-MAR-2024,
OPTIDX,NIFTY,28-Dec-2028,23000,PE,0,0,0,575.05,355.8,0,0,0,0,28-MAR-2024,
OPTIDX,NIFTY,28-Dec-2028,24000,PE,0,0,0,742.35,493.5,0,0,0,0,28-MAR-2024,
OPTIDX,NIFTY,28-Dec-2028,25000,PE,0,0,0,937.05,664,0,0,0,0,28-MAR-2024,
OPTIDX,NIFTY,28-Dec-2028,26000,PE,0,0,0,1160.95,869.65,0,0,0,0,28-MAR-2024,
OPTIDX,NIFTY,28-Dec-2028,27000,PE,0,0,0,1413.85,1112.1,0,0,0,0,28-MAR-2024,
