INSTRUMENT,SYMBOL,EXPIRY_DT,STRIKE_PR,OPTION_TYP,OPEN,HIGH,LOW,CLOSE,SETTLE_PR,CONTRACTS,VAL_INLAKH,OPEN_INT,CHG_IN_OI,TIMESTAMP,
FUTIDX,NIFTY,29-Feb-2024,0,XX,21591,21885,21575,21855.25,21855.25,181214,1971859.1,12390500,169100,29-JAN-2024,
FUTIDX,NIFTY,28-Mar-2024,0,XX,21700,22016.65,21691.7,21992.2,21992.2,12395,135718.8,799600,147700,29-JAN-2024,
FUTIDX,NIFTY,25-Apr-2024,0,XX,21717.15,22150,21717.15,22125.75,22125.75,2902,31959.69,89700,89700,29-JAN-2024,
OPTIDX,NIFTY,01-Feb-2024,19500,CE,2099,2285,2099,2245.65,2245.65,43,467.2,6600,1600,29-JAN-2024,
OPTIDX,NIFTY,01-Feb-2024,19550,CE,0,0,0,1815,2198.45,0,0,50,0,29-JAN-2024,
OPTIDX,NIFTY,01-Feb-2024,19600,CE,0,0,0,1817.15,2148.45,0,0,1150,0,29-JAN-2024,
OPTIDX,NIFTY,01-Feb-2024,19650,CE,0,0,0,1715,2098.5,0,0,50,0,29-JAN-2024,
OPTIDX,NIFTY,01-Feb-2024,19700,CE,1960,2056,1960,2056,2048.55,2,21.7,3750,-100,29-JAN-2024,
OPTIDX,NIFTY,01-Feb-2024,19750,CE,1920,1960,1920,1960,1998.55,3,32.54,500,-100,29-JAN-2024,
OPTIDX,NIFTY,01-Feb-2024,19800,CE,1789,1960.55,1789,1951.55,1951.55,35,379.44,2800,500,29-JAN-2024,
OPTIDX,NIFTY,01-Feb-2024,19850,CE,1820,1950,1820,1935,1935,10,108.71,400,-200,29-JAN-2024,
OPTIDX,NIFTY,01-Feb-2024,19900,CE,0,0,0,1525,1848.65,0,0,6000,0,29-JAN-2024,
OPTIDX,NIFTY,01-Feb-2024,19950,CE,0,0,0,1507.15,1798.65,0,0,0,0,29-JAN-2024,
OPTIDX,NIFTY,01-Feb-2024,20000,CE,1510.8,1799,1510.8,1773.55,1773.55,203,2203.57,83400,-450,29-JAN-2024,
OPTIDX,NIFTY,01-Feb-2024,20050,CE,0,0,0,1283,1698.7,0,0,3900,0,29-JAN-2024,
OPTIDX,NIFTY,01-Feb-2024,20100,CE,0,0,0,1315,1648.75,0,0,6550,0,29-JAN-2024,
OPTIDX,NIFTY,01-Feb-2024,20150,CE,0,0,0,1218.05,1598.8,0,0,2100,0,29-JAN-2024,
OPTIDX,NIFTY,01-Feb-2024,20200,CE,0,0,0,1209.25,1548.8,0,0,3950,0,29-JAN-2024,
OPTIDX,NIFTY,01-Feb-2024,20250,CE,0,0,0,1240,1498.85,0,0,150,0,29-JAN-2024,
OPTIDX,NIFTY,01-Feb-2024,20300,CE,1457.7,1457.7,1450.4,1454.05,1454.05,2,21.75,4550,0,29-JAN-2024,
OPTIDX,NIFTY,01-Feb-2024,20350,CE,1303,1362.65,1303,1349,1398.9,19,206.01,4200,-150,29-JAN-2024,
OPTIDX,NIFTY,01-Feb-2024,20400,CE,1189.8,1405.6,1189.8,1405.6,1405.6,20,216.87,3050,100,29-JAN-2024,
OPTIDX,NIFTY,01-Feb-2024,20450,CE,1269.7,1347.8,1240.3,1347.8,1347.8,11,119.53,700,-200,29-JAN-2024,
OPTIDX,NIFTY,01-Feb-2024,20500,CE,1037.1,1309.85,1037.1,1288.05,1288.05,917,9948.85,84450,-15950,29-JAN-2024,
OPTIDX,NIFTY,01-Feb-2024,20550,CE,1100,1168,1081.3,1166,1199,6,65.04,750,-50,29-JAN-2024,
OPTIDX,NIFTY,01-Feb-2024,20600,CE,988.85,1175,988.85,1160.15,1160.15,85,923.15,15450,-350,29-JAN-2024,
OPTIDX,NIFTY,01-Feb-2024,20650,CE,1007.45,1144.2,980.7,1132.85,1099.05,55,597.81,5200,-1550,29-JAN-2024,
OPTIDX,NIFTY,01-Feb-2024,20700,CE,895,1107.95,895,1084,1084,1071,11595.05,106400,-28200,29-JAN-2024,
OPTIDX,NIFTY,01-Feb-2024,20750,CE,800.55,1048.85,800.55,1024.6,1024.6,51,553.72,5850,-750,29-JAN-2024,
OPTIDX,NIFTY,01-Feb-2024,20800,CE,738.2,1009.75,738.2,981.9,981.9,1514,16410.31,171000,9500,29-JAN-2024,
OPTIDX,NIFTY,01-Feb-2024,20850,CE,710,960.3,710,935.85,935.85,82,890.48,7700,-1750,29-JAN-2024,
OPTIDX,NIFTY,01-Feb-2024,20900,CE,659.5,912.65,649.45,904.45,904.45,1612,17533.08,122350,-11000,29-JAN-2024,
OPTIDX,NIFTY,01-Feb-2024,20950,CE,622.4,866.5,607.55,837.35,837.35,234,2535.75,9600,-4100,29-JAN-2024,
OPTIDX,NIFTY,01-Feb-2024,21000,CE,499.8,817,499.8,795.2,795.2,10214,110845.01,501550,-500,29-JAN-2024,
OPTIDX,NIFTY,01-Feb-2024,21050,CE,501.55,768.05,501.55,732.85,732.85,387,4198.6,12900,-4100,29-JAN-2024,
OPTIDX,NIFTY,01-Feb-2024,21100,CE,469.2,723,469.2,704.1,704.1,6081,65962.4,165050,-52400,29-JAN-2024,
OPTIDX,NIFTY,01-Feb-2024,21150,CE,391.15,676.15,391.15,667.9,667.9,2256,24491.96,41400,-5950,29-JAN-2024,
OPTIDX,NIFTY,01-Feb-2024,21200,CE,376.35,629.9,376.35,589.9,589.9,27744,301487.11,460800,-303850,29-JAN-2024,
OPTIDX,NIFTY,01-Feb-2024,21250,CE,325,583.35,325,554.65,554.65,9594,104112.6,103850,-75150,29-JAN-2024,
OPTIDX,NIFTY,01-Feb-2024,21300,CE,243,539.15,243,504.8,504.8,86704,941985.4,871650,-708400,29-JAN-2024,
OPTIDX,NIFTY,01-Feb-2024,21350,CE,228.5,494.35,228.5,464.9,464.9,45134,490153.05,178000,-293250,29-JAN-2024,
OPTIDX,NIFTY,01-Feb-2024,21400,CE,202.5,453,200.05,423.9,423.9,237238,2579040.02,1165350,-883150,29-JAN-2024,
OPTIDX,NIFTY,01-Feb-2024,21450,CE,171,411.65,171,385.1,385.1,186578,2028862.16,335400,-202800,29-JAN-2024,
OPTIDX,NIFTY,01-Feb-2024,21500,CE,151,371.9,151,348.05,348.05,859105,9356310.94,1969100,-580400,29-JAN-2024,
OPTIDX,NIFTY,01-Feb-2024,21550,CE,137.95,336,137.95,307.2,307.2,470897,5133547.16,543700,-45250,29-JAN-2024,
OPTIDX,NIFTY,01-Feb-2024,21600,CE,121.25,299,102.65,276,276,1208729,13195015.24,1855700,-66950,29-JAN-2024,
OPTIDX,NIFTY,01-Feb-2024,21650,CE,102.5,265.6,87.45,242.9,242.9,738951,8076532.33,629750,64500,29-JAN-2024,
OPTIDX,NIFTY,01-Feb-2024,21700,CE,85.1,234.2,60.45,212.55,212.55,1738302,19026332.89,2745650,804750,29-JAN-2024,
OPTIDX,NIFTY,01-Feb-2024,21750,CE,59.7,204.8,59.7,184.95,184.95,910272,9974499.22,1180250,695100,29-JAN-2024,
OPTIDX,NIFTY,01-Feb-2024,21800,CE,60.1,177,49.55,158.25,158.25,1337607,14673119.83,3166350,1628800,29-JAN-2024,
OPTIDX,NIFTY,01-Feb-2024,21850,CE,41.6,152,41.6,134.05,134.05,600314,6593400.32,1241600,817100,29-JAN-2024,
OPTIDX,NIFTY,01-Feb-2024,21900,CE,40.1,129.45,35,112.7,112.7,993161,10923961.07,2970400,1319750,29-JAN-2024,
OPTIDX,NIFTY,01-Feb-2024,21950,CE,32,109,31.5,93.95,93.95,509707,5614876.35,1093700,771000,29-JAN-2024,
OPTIDX,NIFTY,01-Feb-2024,22000,CE,30.1,90.8,22.7,76.7,76.7,1368698,15100293.57,4186550,1681400,29-JAN-2024,
OPTIDX,NIFTY,01-Feb-2024,22050,CE,17.75,75.5,17.75,63.7,63.7,429072,4741925.94,1588500,1227100,29-JAN-2024,
OPTIDX,NIFTY,01-Feb-2024,22100,CE,15.2,61.65,15.2,51.2,51.2,679040,7517979.54,2317400,1275850,29-JAN-2024,
OPTIDX,NIFTY,01-Feb-2024,22150,CE,12.5,49.9,12.45,40.65,40.65,422600,4687450.42,644500,289250,29-JAN-2024,
OPTIDX,NIFTY,01-Feb-2024,22200,CE,10.3,39.9,8.5,31.65,31.65,772389,8583721.73,2291700,532000,29-JAN-2024,
OPTIDX,NIFTY,01-Feb-2024,22250,CE,8.15,31.75,8.15,25,25,444071,4944856.94,786750,512000,29-JAN-2024,
OPTIDX,NIFTY,01-Feb-2024,22300,CE,6.95,24.9,5.5,19.15,19.15,750105,8369690.23,2484750,1253650,29-JAN-2024,
OPTIDX,NIFTY,01-Feb-2024,22350,CE,5.6,19.3,5.6,14.5,14.5,429834,4805960.77,1246400,947000,29-JAN-2024,
OPTIDX,NIFTY,01-Feb-2024,22400,CE,4.7,14.95,4,11.1,11.1,669511,7501680.51,3393750,2114300,29-JAN-2024,
OPTIDX,NIFTY,01-Feb-2024,22450,CE,3.8,11.55,3.8,8.45,8.45,373496,4193884.16,1017800,665400,29-JAN-2024,
OPTIDX,NIFTY,01-Feb-2024,22500,CE,3.2,8.95,3.15,6.55,6.55,814194,9161955.83,5549000,1851950,29-JAN-2024,
OPTIDX,NIFTY,01-Feb-2024,22550,CE,2.6,6.9,2,5.15,5.15,336377,3793366.55,1098050,828850,29-JAN-2024,
OPTIDX,NIFTY,01-Feb-2024,22600,CE,2.9,5.35,2.1,4,4,501677,5669777.45,2553800,1662500,29-JAN-2024,
OPTIDX,NIFTY,01-Feb-2024,22650,CE,2.8,5.65,1.65,3.4,3.4,265770,3010209.68,638450,447000,29-JAN-2024,
OPTIDX,NIFTY,01-Feb-2024,22700,CE,2.7,3.65,1.55,2.85,2.85,430778,4889855.42,2092300,1156900,29-JAN-2024,
OPTIDX,NIFTY,01-Feb-2024,22750,CE,1.95,3.3,1.45,2.55,2.55,116236,1322320.73,735350,646350,29-JAN-2024,
OPTIDX,NIFTY,01-Feb-2024,22800,CE,2.1,2.65,0.9,2.05,2.05,202624,2310099.86,1460000,667350,29-JAN-2024,
OPTIDX,NIFTY,01-Feb-2024,22850,CE,2.2,2.45,1.3,2,2,44310,506281.52,205650,134100,29-JAN-2024,
OPTIDX,NIFTY,01-Feb-2024,22900,CE,2.1,2.1,1.2,1.7,1.7,154942,1774206.67,588400,370450,29-JAN-2024,
OPTIDX,NIFTY,01-Feb-2024,22950,CE,2.1,2.35,1.1,1.6,1.6,28015,321493.58,149100,83450,29-JAN-2024,
OPTIDX,NIFTY,01-Feb-2024,23000,CE,2.2,2.2,1.15,1.45,1.45,331195,3808985.67,3360650,654000,29-JAN-2024,
OPTIDX,NIFTY,01-Feb-2024,23050,CE,2.25,2.25,1.05,1.4,1.4,11078,127681.42,62800,37550,29-JAN-2024,
OPTIDX,NIFTY,01-Feb-2024,23100,CE,2.1,2.65,1.05,1.3,1.3,55205,637652.78,326150,83300,29-JAN-2024,
OPTIDX,NIFTY,01-Feb-2024,23150,CE,2.1,4.6,1,1.25,1.25,13697,158551.32,63350,40850,29-JAN-2024,
OPTIDX,NIFTY,01-Feb-2024,23200,CE,1.65,1.8,0.95,1.15,1.15,93984,1090268.64,352300,-54200,29-JAN-2024,
OPTIDX,NIFTY,01-Feb-2024,23250,CE,2,2.25,0.9,1.15,1.15,9360,108815.35,59350,40800,29-JAN-2024,
OPTIDX,NIFTY,01-Feb-2024,23300,CE,2,2.05,0.9,1.1,1.1,60231,701725.73,445800,125350,29-JAN-2024,
OPTIDX,NIFTY,01-Feb-2024,23350,CE,2.1,2.1,0.95,1.15,1.15,7291,85126.68,116350,53750,29-JAN-2024,
OPTIDX,NIFTY,01-Feb-2024,23400,CE,1.95,2.05,0.9,1.1,1.1,43874,513349.9,421600,151150,29-JAN-2024,
OPTIDX,NIFTY,01-Feb-2024,23450,CE,2.05,2.7,0.9,1.15,1.15,5868,68805.71,38750,6850,29-JAN-2024,
OPTIDX,NIFTY,01-Feb-2024,23500,CE,1.5,1.85,0.9,1.05,1.05,167678,1970314.27,2626800,-811550,29-JAN-2024,
OPTIDX,NIFTY,01-Feb-2024,23550,CE,1.95,2.3,0.9,1,1,7971,93863.17,126150,89100,29-JAN-2024,
OPTIDX,NIFTY,01-Feb-2024,23600,CE,1.9,2.35,0.85,1,1,15867,187239.26,283650,53500,29-JAN-2024,
OPTIDX,NIFTY,01-Feb-2024,23650,CE,2.1,2.4,0.85,0.95,0.95,4534,53617.06,65300,31200,29-JAN-2024,
OPTIDX,NIFTY,01-Feb-2024,23700,CE,2.05,2.1,0.85,0.95,0.95,15175,179831.71,375950,-20450,29-JAN-2024,
OPTIDX,NIFTY,01-Feb-2024,23750,CE,2.1,2.15,0.85,0.9,0.9,4671,55470.6,95400,37400,29-JAN-2024,
OPTIDX,NIFTY,01-Feb-2024,23800,CE,2.05,2.05,0.8,0.85,0.85,26868,319743.22,960600,188950,29-JAN-2024,
OPTIDX,NIFTY,01-Feb-2024,23850,CE,1.9,1.9,0.75,0.85,0.85,59923,714610.88,1092850,16200,29-JAN-2024,
OPTIDX,NIFTY,01-Feb-2024,19500,PE,2.4,2.6,1.55,1.7,1.7,269625,2629110.61,4700700,1334950,29-JAN-2024,
OPTIDX,NIFTY,01-Feb-2024,19550,PE,3.5,3.5,1.35,1.65,1.65,19655,192147.47,143150,80500,29-JAN-2024,
OPTIDX,NIFTY,01-Feb-2024,19600,PE,4.5,4.5,1.6,1.7,1.7,41315,404929.57,458650,152050,29-JAN-2024,
OPTIDX,NIFTY,01-Feb-2024,19650,PE,4.6,4.6,1.1,1.75,1.75,17359,170569.52,173650,141250,29-JAN-2024,
OPTIDX,NIFTY,01-Feb-2024,19700,PE,4.6,4.6,1.65,1.8,1.8,91566,902019.25,1061500,617750,29-JAN-2024,
OPTIDX,NIFTY,01-Feb-2024,19750,PE,3,3.75,1.55,1.8,1.8,19610,193670.06,126050,52600,29-JAN-2024,
OPTIDX,NIFTY,01-Feb-2024,19800,PE,3.1,3.4,1.4,1.85,1.85,65972,653197.56,596450,244200,29-JAN-2024,
OPTIDX,NIFTY,01-Feb-2024,19850,PE,4.6,4.6,1.6,1.85,1.85,30489,302641.76,155500,110350,29-JAN-2024,
OPTIDX,NIFTY,01-Feb-2024,19900,PE,3.75,4.05,1.4,1.8,1.8,116624,1160561.29,471350,107150,29-JAN-2024,
OPTIDX,NIFTY,01-Feb-2024,19950,PE,2.5,3.5,1.55,1.85,1.85,35384,353003.19,190100,80000,29-JAN-2024,
OPTIDX,NIFTY,01-Feb-2024,20000,PE,3.4,3.65,1.7,2.05,2.05,321473,3215180.06,3899400,293500,29-JAN-2024,
OPTIDX,NIFTY,01-Feb-2024,20050,PE,3.8,4,1.8,2.15,2.15,34374,344653.38,133750,72800,29-JAN-2024,
OPTIDX,NIFTY,01-Feb-2024,20100,PE,3.9,6.8,1.75,2.15,2.15,167690,1685564.12,848050,177750,29-JAN-2024,
OPTIDX,NIFTY,01-Feb-2024,20150,PE,4.7,5.45,1.8,2.4,2.4,100507,1012801.87,476650,205500,29-JAN-2024,
OPTIDX,NIFTY,01-Feb-2024,20200,PE,5.1,5.25,1.9,2.35,2.35,296770,2997955.67,2170600,423650,29-JAN-2024,
OPTIDX,NIFTY,01-Feb-2024,20250,PE,5.6,5.7,2,2.7,2.7,80322,813437.13,347950,25500,29-JAN-2024,
OPTIDX,NIFTY,01-Feb-2024,20300,PE,6.2,6.65,2.25,2.95,2.95,247207,2509745.94,1293150,417650,29-JAN-2024,
OPTIDX,NIFTY,01-Feb-2024,20350,PE,7.1,7.4,2.65,3.35,3.35,187535,1908661.98,544000,393350,29-JAN-2024,
OPTIDX,NIFTY,01-Feb-2024,20400,PE,8.1,11.1,2.95,3.7,3.7,244199,2491491.15,1751450,1090150,29-JAN-2024,
OPTIDX,NIFTY,01-Feb-2024,20450,PE,9.15,9.15,3.2,4.2,4.2,158049,1616502.36,969750,812300,29-JAN-2024,
OPTIDX,NIFTY,01-Feb-2024,20500,PE,10.6,10.6,3.85,4.65,4.65,323275,3314679.74,3052450,1049250,29-JAN-2024,
OPTIDX,NIFTY,01-Feb-2024,20550,PE,11.55,11.55,4.3,5.1,5.1,76889,790332.14,367100,208200,29-JAN-2024,
OPTIDX,NIFTY,01-Feb-2024,20600,PE,13.4,13.6,4.95,5.7,5.7,262300,2702792.62,2498550,1798750,29-JAN-2024,
OPTIDX,NIFTY,01-Feb-2024,20650,PE,15,15,5.25,6.4,6.4,113676,1174288.72,1055300,612950,29-JAN-2024,
OPTIDX,NIFTY,01-Feb-2024,20700,PE,12.8,16.1,6,7.05,7.05,311857,3229479.52,1566450,788950,29-JAN-2024,
OPTIDX,NIFTY,01-Feb-2024,20750,PE,21.05,21.55,6,8.1,8.1,112360,1166455.03,528000,313050,29-JAN-2024,
OPTIDX,NIFTY,01-Feb-2024,20800,PE,23.8,23.8,5.1,8.95,8.95,376636,3919622.26,1729550,563450,29-JAN-2024,
OPTIDX,NIFTY,01-Feb-2024,20850,PE,26.65,26.65,8,10.35,10.35,139689,1457360.91,538250,227950,29-JAN-2024,
OPTIDX,NIFTY,01-Feb-2024,20900,PE,34.65,34.65,9,11.7,11.7,313637,3280307.38,1898500,1142950,29-JAN-2024,
OPTIDX,NIFTY,01-Feb-2024,20950,PE,34,34,10.85,13.7,13.7,176211,1847777.8,1382700,1150000,29-JAN-2024,
OPTIDX,NIFTY,01-Feb-2024,21000,PE,38,38,12.5,15.65,15.65,694583,7301893.14,4248300,1089850,29-JAN-2024,
OPTIDX,NIFTY,01-Feb-2024,21050,PE,41.95,42,12.4,18.1,18.1,185570,1955796.78,646300,124950,29-JAN-2024,
OPTIDX,NIFTY,01-Feb-2024,21100,PE,55,55.2,16.8,21,21,437223,4619841.3,1763800,244200,29-JAN-2024,
OPTIDX,NIFTY,01-Feb-2024,21150,PE,51.85,56.3,19.1,24.85,24.85,229360,2429942.06,463400,81250,29-JAN-2024,
OPTIDX,NIFTY,01-Feb-2024,21200,PE,82.7,87.1,22.7,28.9,28.9,660149,7012617.57,2400150,583750,29-JAN-2024,
OPTIDX,NIFTY,01-Feb-2024,21250,PE,69.75,78,26.05,33.4,33.4,361574,3850951.95,839300,354800,29-JAN-2024,
OPTIDX,NIFTY,01-Feb-2024,21300,PE,111.2,111.2,31.45,39.95,39.95,713584,7621053.39,3034250,977850,29-JAN-2024,
OPTIDX,NIFTY,01-Feb-2024,21350,PE,148.15,149.15,36,46.15,46.15,459742,4923454.04,2257650,1813850,29-JAN-2024,
OPTIDX,NIFTY,01-Feb-2024,21400,PE,169.9,169.9,43.8,54.9,54.9,938284,10077991.24,3793350,2098350,29-JAN-2024,
OPTIDX,NIFTY,01-Feb-2024,21450,PE,194,194,52.2,65.8,65.8,538722,5803753.53,1218450,976900,29-JAN-2024,
OPTIDX,NIFTY,01-Feb-2024,21500,PE,221.65,221.65,62.25,77.55,77.55,1589276,17172099.75,4915450,3226950,29-JAN-2024,
OPTIDX,NIFTY,01-Feb-2024,21550,PE,325,325,73.45,91.6,91.6,694894,7531339.11,1720700,1543450,29-JAN-2024,
OPTIDX,NIFTY,01-Feb-2024,21600,PE,230,230,86.5,106.5,106.5,1395580,15169740.85,3702600,3266800,29-JAN-2024,
OPTIDX,NIFTY,01-Feb-2024,21650,PE,235.85,245.4,101.25,124.35,124.35,624718,6810495.46,1647950,1363400,29-JAN-2024,
OPTIDX,NIFTY,01-Feb-2024,21700,PE,276.35,276.4,118.65,144.2,144.2,1130591,12361401.3,3064300,2502150,29-JAN-2024,
OPTIDX,NIFTY,01-Feb-2024,21750,PE,300.6,309.75,138.45,165.45,165.45,408033,4474825.37,818300,774650,29-JAN-2024,
OPTIDX,NIFTY,01-Feb-2024,21800,PE,350,362.85,160.15,187.5,187.5,401025,4413437.2,1227350,983700,29-JAN-2024,
OPTIDX,NIFTY,01-Feb-2024,21850,PE,373.55,380.1,185.05,213,213,62019,684951.88,195750,165250,29-JAN-2024,
OPTIDX,NIFTY,01-Feb-2024,21900,PE,399.95,421,213,240.25,240.25,81638,904887.58,438600,296300,29-JAN-2024,
OPTIDX,NIFTY,01-Feb-2024,21950,PE,455.65,458,242.85,267.65,267.65,16660,185343.55,79300,61300,29-JAN-2024,
OPTIDX,NIFTY,01-Feb-2024,22000,PE,520,520,273.85,302.1,302.1,72735,812571.46,859750,630200,29-JAN-2024,
OPTIDX,NIFTY,01-Feb-2024,22050,PE,545.65,545.65,310.05,337.55,337.55,4443,49793.95,66700,46050,29-JAN-2024,
OPTIDX,NIFTY,01-Feb-2024,22100,PE,574.3,588.25,348.9,367.45,367.45,6693,75403.57,59150,23400,29-JAN-2024,
OPTIDX,NIFTY,01-Feb-2024,22150,PE,643.55,643.55,389.45,430.2,430.2,1184,13378.54,15750,9400,29-JAN-2024,
OPTIDX,NIFTY,01-Feb-2024,22200,PE,688.4,688.4,429.8,455.9,455.9,4291,48696.86,50200,29100,29-JAN-2024,
OPTIDX,NIFTY,01-Feb-2024,22250,PE,898.9,898.9,473.5,493.3,493.3,529,6032.1,6100,3750,29-JAN-2024,
OPTIDX,NIFTY,01-Feb-2024,22300,PE,762.35,766.25,515.7,542.2,542.2,1490,17040.07,16650,5650,29-JAN-2024,
OPTIDX,NIFTY,01-Feb-2024,22350,PE,0,0,0,1032.9,600.7,0,0,0,0,29-JAN-2024,
OPTIDX,NIFTY,01-Feb-2024,22400,PE,802.5,802.5,609.35,622.45,622.45,100,1154.46,6200,750,29-JAN-2024,
OPTIDX,NIFTY,01-Feb-2024,22450,PE,0,0,0,748.9,700.15,0,0,100,0,29-JAN-2024,
OPTIDX,NIFTY,01-Feb-2024,22500,PE,980.2,980.2,701.35,734.95,734.95,894,10410.41,23100,1400,29-JAN-2024,
OPTIDX,NIFTY,01-Feb-2024,22550,PE,889.75,891.5,753.95,753.95,753.95,15,175.43,150,150,29-JAN-2024,
OPTIDX,NIFTY,01-Feb-2024,22600,PE,894.7,894.7,802.2,832.85,832.85,10,117.24,800,100,29-JAN-2024,
OPTIDX,NIFTY,01-Feb-2024,22650,PE,951,951,951,951,899.85,1,11.8,150,50,29-JAN-2024,
OPTIDX,NIFTY,01-Feb-2024,22700,PE,1017,1017,900,900,900,10,118.23,400,300,29-JAN-2024,
OPTIDX,NIFTY,01-Feb-2024,22750,PE,0,0,0,1369.35,999.8,0,0,0,0,29-JAN-2024,
OPTIDX,NIFTY,01-Feb-2024,22800,PE,0,0,0,1250,1049.75,0,0,100,0,29-JAN-2024,
OPTIDX,NIFTY,01-Feb-2024,22850,PE,0,0,0,1458.1,1099.75,0,0,0,0,29-JAN-2024,
OPTIDX,NIFTY,01-Feb-2024,22900,PE,0,0,0,1503.05,1149.7,0,0,0,0,29-JAN-2024,
OPTIDX,NIFTY,01-Feb-2024,22950,PE,0,0,0,1548.3,1199.65,0,0,0,0,29-JAN-2024,
OPTIDX,NIFTY,01-Feb-2024,23000,PE,1372,1375.3,1194.45,1233.95,1233.95,92,1116.47,13350,3050,29-JAN-2024,
OPTIDX,NIFTY,01-Feb-2024,23050,PE,0,0,0,1564.35,1299.6,0,0,50,0,29-JAN-2024,
OPTIDX,NIFTY,01-Feb-2024,23100,PE,0,0,0,1705.25,1349.6,0,0,100,0,29-JAN-2024,
OPTIDX,NIFTY,01-Feb-2024,23150,PE,0,0,0,1732.55,1399.55,0,0,0,0,29-JAN-2024,
OPTIDX,NIFTY,01-Feb-2024,23200,PE,1410,1410,1410,1410,1410,1,12.3,50,-50,29-JAN-2024,
OPTIDX,NIFTY,01-Feb-2024,23250,PE,0,0,0,1826.25,1499.5,0,0,0,0,29-JAN-2024,
OPTIDX,NIFTY,01-Feb-2024,23300,PE,0,0,0,1873.45,1549.5,0,0,0,0,29-JAN-2024,
OPTIDX,NIFTY,01-Feb-2024,23350,PE,0,0,0,1920.8,1599.45,0,0,0,0,29-JAN-2024,
OPTIDX,NIFTY,01-Feb-2024,23400,PE,1820,1820,1770,1770,1649.4,6,75.56,300,250,29-JAN-2024,
OPTIDX,NIFTY,01-Feb-2024,23450,PE,0,0,0,2016.15,1699.4,0,0,0,0,29-JAN-2024,
OPTIDX,NIFTY,01-Feb-2024,23500,PE,1915.3,1915.3,1740,1740,1740,6,75.91,3000,-150,29-JAN-2024,
OPTIDX,NIFTY,01-Feb-2024,23550,PE,0,0,0,2112.15,1799.35,0,0,0,0,29-JAN-2024,
OPTIDX,NIFTY,01-Feb-2024,23600,PE,1910,1955,1801.7,1816.95,1816.95,10,127.31,200,200,29-JAN-2024,
OPTIDX,NIFTY,01-Feb-2024,23650,PE,0,0,0,2208.7,1899.3,0,0,0,0,29-JAN-2024,
OPTIDX,NIFTY,01-Feb-2024,23700,PE,0,0,0,2257.15,1949.25,0,0,0,0,29-JAN-2024,
OPTIDX,NIFTY,01-Feb-2024,23750,PE,0,0,0,2305.75,1999.25,0,0,0,0,29-JAN-2024,
OPTIDX,NIFTY,01-Feb-2024,23800,PE,0,0,0,2354.4,2049.2,0,0,0,0,29-JAN-2024,
OPTIDX,NIFTY,01-Feb-2024,23850,PE,0,0,0,2403.15,2099.15,0,0,0,0,29-JAN-2024,
OPTIDX,NIFTY,08-Feb-2024,19500,CE,0,0,0,2296.55,2273.65,0,0,0,0,29-JAN-2024,
OPTIDX,NIFTY,08-Feb-2024,19550,CE,0,0,0,1900,2223.7,0,0,800,0,29-JAN-2024,
OPTIDX,NIFTY,08-Feb-2024,19600,CE,0,0,0,2198.1,2173.8,0,0,0,0,29-JAN-2024,
OPTIDX,NIFTY,08-Feb-2024,19650,CE,0,0,0,2148.95,2123.9,0,0,0,0,29-JAN-2024,
OPTIDX,NIFTY,08-Feb-2024,19700,CE,0,0,0,2099.9,2074,0,0,0,0,29-JAN-2024,
OPTIDX,NIFTY,08-Feb-2024,19750,CE,1960,1980,1960,1980,2024.1,2,21.72,200,100,29-JAN-2024,
OPTIDX,NIFTY,08-Feb-2024,19800,CE,1885,1885,1885,1885,1974.2,1,10.84,200,50,29-JAN-2024,
OPTIDX,NIFTY,08-Feb-2024,19850,CE,1870,1950,1870,1950,1950,9,97.97,450,450,29-JAN-2024,
OPTIDX,NIFTY,08-Feb-2024,19900,CE,1770,1770,1770,1770,1874.35,1,10.83,50,50,29-JAN-2024,
OPTIDX,NIFTY,08-Feb-2024,19950,CE,0,0,0,1856.4,1824.45,0,0,0,0,29-JAN-2024,
OPTIDX,NIFTY,08-Feb-2024,20000,CE,1600,1780,1600,1780,1780,6,65.13,5400,200,29-JAN-2024,
OPTIDX,NIFTY,08-Feb-2024,20050,CE,0,0,0,1760.1,1724.65,0,0,0,0,29-JAN-2024,
OPTIDX,NIFTY,08-Feb-2024,20100,CE,0,0,0,1272,1674.75,0,0,3800,0,29-JAN-2024,
OPTIDX,NIFTY,08-Feb-2024,20150,CE,0,0,0,1231,1624.85,0,0,150,0,29-JAN-2024,
OPTIDX,NIFTY,08-Feb-2024,20200,CE,0,0,0,1617.15,1574.95,0,0,0,0,29-JAN-2024,
OPTIDX,NIFTY,08-Feb-2024,20250,CE,0,0,0,1570.05,1525.05,0,0,0,0,29-JAN-2024,
OPTIDX,NIFTY,08-Feb-2024,20300,CE,0,0,0,1523.2,1475.15,0,0,0,0,29-JAN-2024,
OPTIDX,NIFTY,08-Feb-2024,20350,CE,0,0,0,1476.65,1425.25,0,0,0,0,29-JAN-2024,
OPTIDX,NIFTY,08-Feb-2024,20400,CE,1331,1331,1311,1311,1375.4,2,21.72,350,100,29-JAN-2024,
OPTIDX,NIFTY,08-Feb-2024,20450,CE,0,0,0,1027,1325.55,0,0,550,0,29-JAN-2024,
OPTIDX,NIFTY,08-Feb-2024,20500,CE,1118.45,1325,1118.45,1325,1325,81,879.64,7000,2450,29-JAN-2024,
OPTIDX,NIFTY,08-Feb-2024,20550,CE,0,0,0,891,1225.9,0,0,500,0,29-JAN-2024,
OPTIDX,NIFTY,08-Feb-2024,20600,CE,0,0,0,1249.85,1176.15,0,0,0,0,29-JAN-2024,
OPTIDX,NIFTY,08-Feb-2024,20650,CE,0,0,0,1205.85,1126.5,0,0,0,0,29-JAN-2024,
OPTIDX,NIFTY,08-Feb-2024,20700,CE,970.7,978,970.7,978,1076.9,10,108.37,1350,400,29-JAN-2024,
OPTIDX,NIFTY,08-Feb-2024,20750,CE,0,0,0,1119.45,1027.45,0,0,0,0,29-JAN-2024,
OPTIDX,NIFTY,08-Feb-2024,20800,CE,880,1040,880,1009,1009,26,282.86,1900,550,29-JAN-2024,
OPTIDX,NIFTY,08-Feb-2024,20850,CE,0,0,0,1035.35,929.05,0,0,0,0,29-JAN-2024,
OPTIDX,NIFTY,08-Feb-2024,20900,CE,704.5,941.8,704.5,941.8,941.8,32,347.64,2950,100,29-JAN-2024,
OPTIDX,NIFTY,08-Feb-2024,20950,CE,680.3,680.3,676.55,676.55,831.7,4,43.25,100,100,29-JAN-2024,
OPTIDX,NIFTY,08-Feb-2024,21000,CE,639.95,874.3,632.8,847.6,847.6,1660,18065.09,31900,4700,29-JAN-2024,
OPTIDX,NIFTY,08-Feb-2024,21050,CE,598,813.9,591.15,808.35,736.05,45,489.42,650,550,29-JAN-2024,
OPTIDX,NIFTY,08-Feb-2024,21100,CE,549.05,784,549.05,767.15,767.15,703,7644.45,23550,-700,29-JAN-2024,
OPTIDX,NIFTY,08-Feb-2024,21150,CE,517.05,739.05,515,714,714,240,2610.01,4500,-6100,29-JAN-2024,
OPTIDX,NIFTY,08-Feb-2024,21200,CE,414,699.6,414,692.6,692.6,4318,47046.68,71100,7000,29-JAN-2024,
OPTIDX,NIFTY,08-Feb-2024,21250,CE,421,654.6,421,645.85,645.85,914,9949.74,17000,-6650,29-JAN-2024,
OPTIDX,NIFTY,08-Feb-2024,21300,CE,351,615.55,350,588.75,588.75,4571,49795.99,110900,-2250,29-JAN-2024,
OPTIDX,NIFTY,08-Feb-2024,21350,CE,315,576.05,300,566.4,566.4,2135,23264.59,21950,-20100,29-JAN-2024,
OPTIDX,NIFTY,08-Feb-2024,21400,CE,290.7,538.35,278.45,519.7,519.7,11718,127809.51,278300,-9400,29-JAN-2024,
OPTIDX,NIFTY,08-Feb-2024,21450,CE,220,500.45,220,487.5,487.5,5967,65154.55,29950,-7250,29-JAN-2024,
OPTIDX,NIFTY,08-Feb-2024,21500,CE,234,466.5,234,441.05,441.05,36856,403077.18,235550,-139400,29-JAN-2024,
OPTIDX,NIFTY,08-Feb-2024,21550,CE,207.9,430.5,207.9,416.2,416.2,8150,89164.82,27800,-21550,29-JAN-2024,
OPTIDX,NIFTY,08-Feb-2024,21600,CE,181.8,397.2,181.8,382.7,382.7,32969,361356.47,197500,16900,29-JAN-2024,
OPTIDX,NIFTY,08-Feb-2024,21650,CE,180,364,180,345.3,345.3,14129,155002.56,69050,33450,29-JAN-2024,
OPTIDX,NIFTY,08-Feb-2024,21700,CE,164.4,333.95,158.85,312.75,312.75,50910,559495.42,301300,151200,29-JAN-2024,
OPTIDX,NIFTY,08-Feb-2024,21750,CE,150,304,150,289.55,289.55,16922,186159.84,103800,66050,29-JAN-2024,
OPTIDX,NIFTY,08-Feb-2024,21800,CE,131.6,276.75,127.8,259.15,259.15,46766,515087.68,379250,175300,29-JAN-2024,
OPTIDX,NIFTY,08-Feb-2024,21850,CE,115,249.5,108.15,235.95,235.95,12049,132845.48,68700,31550,29-JAN-2024,
OPTIDX,NIFTY,08-Feb-2024,21900,CE,85,225.35,85,212.75,212.75,23331,257623.52,206300,103500,29-JAN-2024,
OPTIDX,NIFTY,08-Feb-2024,21950,CE,96.35,201.15,94.1,190.55,190.55,10049,111102.93,56250,32200,29-JAN-2024,
OPTIDX,NIFTY,08-Feb-2024,22000,CE,76.05,180,73.5,168.05,168.05,49001,542532.94,478100,135950,29-JAN-2024,
OPTIDX,NIFTY,08-Feb-2024,22050,CE,73.3,159.65,72,148.8,148.8,9528,105625.79,58450,31000,29-JAN-2024,
OPTIDX,NIFTY,08-Feb-2024,22100,CE,47.7,141,47.7,132.25,132.25,21020,233411.34,141400,38900,29-JAN-2024,
OPTIDX,NIFTY,08-Feb-2024,22150,CE,55.25,124.7,54.5,114.6,114.6,12063,134164.12,63150,22000,29-JAN-2024,
OPTIDX,NIFTY,08-Feb-2024,22200,CE,40.3,109.25,39.85,103.4,103.4,28609,318722.18,268300,69000,29-JAN-2024,
OPTIDX,NIFTY,08-Feb-2024,22250,CE,41.35,96.05,41.35,87.95,87.95,7709,86038,57350,27550,29-JAN-2024,
OPTIDX,NIFTY,08-Feb-2024,22300,CE,32,83.25,32,75.65,75.65,21661,242204.1,142850,62450,29-JAN-2024,
OPTIDX,NIFTY,08-Feb-2024,22350,CE,31.65,76,31.3,64.65,64.65,5394,60420.9,28850,9650,29-JAN-2024,
OPTIDX,NIFTY,08-Feb-2024,22400,CE,29.25,61.8,28.65,56.1,56.1,17287,194010.42,151850,89950,29-JAN-2024,
OPTIDX,NIFTY,08-Feb-2024,22450,CE,26.35,54.1,26.15,49.3,49.3,4944,55594.46,34350,13600,29-JAN-2024,
OPTIDX,NIFTY,08-Feb-2024,22500,CE,20.95,45.85,20.5,42.25,42.25,38488,433626.17,488000,278650,29-JAN-2024,
OPTIDX,NIFTY,08-Feb-2024,22550,CE,20,41.95,20,34.9,34.9,8513,96100.68,35250,8300,29-JAN-2024,
OPTIDX,NIFTY,08-Feb-2024,22600,CE,16.15,33.95,14.9,29.45,29.45,13708,155071.43,164100,116550,29-JAN-2024,
OPTIDX,NIFTY,08-Feb-2024,22650,CE,16.15,28.4,15.55,25.45,25.45,3797,43043.07,21000,11350,29-JAN-2024,
OPTIDX,NIFTY,08-Feb-2024,22700,CE,12.35,24,11.4,21.8,21.8,7912,89873.7,83650,31900,29-JAN-2024,
OPTIDX,NIFTY,08-Feb-2024,22750,CE,13.1,20.85,12,18.6,18.6,2969,33797.17,44150,29900,29-JAN-2024,
OPTIDX,NIFTY,08-Feb-2024,22800,CE,10.65,17.75,10.45,16.25,16.25,4828,55072.91,94550,32500,29-JAN-2024,
OPTIDX,NIFTY,08-Feb-2024,22850,CE,10.85,15.6,9.3,14.35,14.35,1949,22279.97,46500,41150,29-JAN-2024,
OPTIDX,NIFTY,08-Feb-2024,22900,CE,9.3,13.25,8.1,12.3,12.3,2647,30322.41,34050,19600,29-JAN-2024,
OPTIDX,NIFTY,08-Feb-2024,22950,CE,9,11.5,7.3,10.85,10.85,1570,18023.38,16100,13250,29-JAN-2024,
OPTIDX,NIFTY,08-Feb-2024,23000,CE,8.95,9.9,6.5,8.95,8.95,16829,193605.21,389300,218050,29-JAN-2024,
OPTIDX,NIFTY,08-Feb-2024,23050,CE,7.75,8.8,6.15,8.3,8.3,601,6928.91,8500,3900,29-JAN-2024,
OPTIDX,NIFTY,08-Feb-2024,23100,CE,7,8.45,5.7,7.35,7.35,1400,16174.83,30200,19950,29-JAN-2024,
OPTIDX,NIFTY,08-Feb-2024,23150,CE,0,0,0,10,0.2,0,0,3800,0,29-JAN-2024,
OPTIDX,NIFTY,08-Feb-2024,23200,CE,6.2,9.4,4.1,5.7,5.7,2700,31327.65,62350,33800,29-JAN-2024,
OPTIDX,NIFTY,08-Feb-2024,23250,CE,5.95,7,4.1,5.3,5.3,1201,13964.66,11950,8450,29-JAN-2024,
OPTIDX,NIFTY,08-Feb-2024,23300,CE,5.55,6.05,3.6,4.3,4.3,1507,17559.94,49200,29400,29-JAN-2024,
OPTIDX,NIFTY,08-Feb-2024,23350,CE,3.05,3.05,3.05,3.05,0.05,2,23.35,1250,0,29-JAN-2024,
OPTIDX,NIFTY,08-Feb-2024,23400,CE,5.5,5.5,3.8,4.2,4.2,428,5008.52,12550,8000,29-JAN-2024,
OPTIDX,NIFTY,08-Feb-2024,23450,CE,6.15,6.15,3.4,3.85,3.85,1100,12899.76,20350,11650,29-JAN-2024,
OPTIDX,NIFTY,08-Feb-2024,23500,CE,5.55,5.7,3.15,3.5,3.5,2549,29955.42,76150,25400,29-JAN-2024,
OPTIDX,NIFTY,08-Feb-2024,23550,CE,0,0,0,6.05,0.05,0,0,2200,0,29-JAN-2024,
OPTIDX,NIFTY,08-Feb-2024,23600,CE,4.9,4.95,2.7,3.6,3.6,242,2856.07,7050,1100,29-JAN-2024,
OPTIDX,NIFTY,08-Feb-2024,23650,CE,8,8,3.1,3.5,3.5,472,5582.32,14200,250,29-JAN-2024,
OPTIDX,NIFTY,08-Feb-2024,23700,CE,4.05,4.2,2.8,3.05,3.05,508,6020.6,17200,10900,29-JAN-2024,
OPTIDX,NIFTY,08-Feb-2024,23750,CE,3.85,4.5,3.05,3.35,3.35,738,8765,17800,16200,29-JAN-2024,
OPTIDX,NIFTY,08-Feb-2024,23800,CE,4.05,4.45,2.75,2.85,2.85,780,9283.2,22500,16800,29-JAN-2024,
OPTIDX,NIFTY,08-Feb-2024,23850,CE,4.25,4.6,2.9,3.2,3.2,975,11628.55,50050,22200,29-JAN-2024,
OPTIDX,NIFTY,08-Feb-2024,19500,PE,3.05,3.05,3.05,3.05,3.05,114,1111.67,3950,3950,29-JAN-2024,
OPTIDX,NIFTY,08-Feb-2024,19550,PE,0,0,0,2.5,0.05,0,0,0,0,29-JAN-2024,
OPTIDX,NIFTY,08-Feb-2024,19600,PE,0,0,0,2.95,0.05,0,0,0,0,29-JAN-2024,
OPTIDX,NIFTY,08-Feb-2024,19650,PE,0,0,0,3.5,0.05,0,0,0,0,29-JAN-2024,
OPTIDX,NIFTY,08-Feb-2024,19700,PE,0,0,0,4.1,0.05,0,0,0,0,29-JAN-2024,
OPTIDX,NIFTY,08-Feb-2024,19750,PE,0,0,0,4.8,0.05,0,0,0,0,29-JAN-2024,
OPTIDX,NIFTY,08-Feb-2024,19800,PE,0,0,0,5.6,0.05,0,0,0,0,29-JAN-2024,
OPTIDX,NIFTY,08-Feb-2024,19850,PE,0,0,0,6.55,0.05,0,0,0,0,29-JAN-2024,
OPTIDX,NIFTY,08-Feb-2024,19900,PE,8.05,13.9,5.5,6,6,2349,23381.03,33200,31100,29-JAN-2024,
OPTIDX,NIFTY,08-Feb-2024,19950,PE,8.85,11.95,6.15,6.5,6.5,433,4320.9,7650,4850,29-JAN-2024,
OPTIDX,NIFTY,08-Feb-2024,20000,PE,10.5,13.9,6.55,7.25,7.25,10898,109026.44,273750,161300,29-JAN-2024,
OPTIDX,NIFTY,08-Feb-2024,20050,PE,0,0,0,11.8,0.05,0,0,0,0,29-JAN-2024,
OPTIDX,NIFTY,08-Feb-2024,20100,PE,12.9,12.9,7,8,8,1959,19697.4,38300,34000,29-JAN-2024,
OPTIDX,NIFTY,08-Feb-2024,20150,PE,0,0,0,15.6,0.05,0,0,0,0,29-JAN-2024,
OPTIDX,NIFTY,08-Feb-2024,20200,PE,14.95,14.95,8.8,10.25,10.25,2813,28427.86,57600,24850,29-JAN-2024,
OPTIDX,NIFTY,08-Feb-2024,20250,PE,17.85,17.85,9.1,10.85,10.85,303,3069.85,6450,2500,29-JAN-2024,
OPTIDX,NIFTY,08-Feb-2024,20300,PE,18.4,18.4,10.05,12.15,12.15,3553,36088.97,71600,-11200,29-JAN-2024,
OPTIDX,NIFTY,08-Feb-2024,20350,PE,20.4,20.9,12.6,13.85,13.85,823,8380.87,18750,5100,29-JAN-2024,
OPTIDX,NIFTY,08-Feb-2024,20400,PE,22.5,22.7,13.35,14.9,14.9,4503,45970.83,60450,8150,29-JAN-2024,
OPTIDX,NIFTY,08-Feb-2024,20450,PE,25.85,25.85,15.15,16.3,16.3,1016,10398.72,16500,8200,29-JAN-2024,
OPTIDX,NIFTY,08-Feb-2024,20500,PE,35,35,16.35,18.7,18.7,22621,232117.88,252250,-100150,29-JAN-2024,
OPTIDX,NIFTY,08-Feb-2024,20550,PE,26.45,29.7,18,20.4,20.4,2377,24453.08,15450,3350,29-JAN-2024,
OPTIDX,NIFTY,08-Feb-2024,20600,PE,29.15,32.7,20.5,22.8,22.8,11324,116788.74,129850,61000,29-JAN-2024,
OPTIDX,NIFTY,08-Feb-2024,20650,PE,38.5,43.7,20.5,26,26,7157,74009.04,83650,72950,29-JAN-2024,
OPTIDX,NIFTY,08-Feb-2024,20700,PE,37.05,40.25,25.45,28.6,28.6,21234,220129.55,210550,113600,29-JAN-2024,
OPTIDX,NIFTY,08-Feb-2024,20750,PE,41.65,44.6,28.9,31.4,31.4,6448,67016.69,30750,13900,29-JAN-2024,
OPTIDX,NIFTY,08-Feb-2024,20800,PE,47.25,49.5,32.1,35.5,35.5,14353,149568.76,157000,53150,29-JAN-2024,
OPTIDX,NIFTY,08-Feb-2024,20850,PE,52.95,55.85,35.55,39.9,39.9,3213,33570.59,25500,11050,29-JAN-2024,
OPTIDX,NIFTY,08-Feb-2024,20900,PE,55.7,62.35,39.8,44.15,44.15,14136,148076.12,201200,136900,29-JAN-2024,
OPTIDX,NIFTY,08-Feb-2024,20950,PE,88.15,88.15,40.3,49.75,49.75,5198,54595.02,29000,13900,29-JAN-2024,
OPTIDX,NIFTY,08-Feb-2024,21000,PE,69.45,87.9,50.1,54.75,54.75,37397,393855.68,497150,185200,29-JAN-2024,
OPTIDX,NIFTY,08-Feb-2024,21050,PE,82,87.65,55.55,59.9,59.9,3974,41970.03,28550,10650,29-JAN-2024,
OPTIDX,NIFTY,08-Feb-2024,21100,PE,88.5,98.25,61.2,66.85,66.85,9897,104798.06,138400,55850,29-JAN-2024,
OPTIDX,NIFTY,08-Feb-2024,21150,PE,103.6,117.45,68,75,75,4442,47172.81,39300,23050,29-JAN-2024,
OPTIDX,NIFTY,08-Feb-2024,21200,PE,135.25,135.25,75,82.2,82.2,18433,196281.25,237550,99650,29-JAN-2024,
OPTIDX,NIFTY,08-Feb-2024,21250,PE,148.55,148.55,82.6,91.95,91.95,7905,84418.82,63600,43450,29-JAN-2024,
OPTIDX,NIFTY,08-Feb-2024,21300,PE,148,151,91.4,100.55,100.55,23084,247229.75,284450,62900,29-JAN-2024,
OPTIDX,NIFTY,08-Feb-2024,21350,PE,181.85,190.05,101.3,111.35,111.35,8127,87289.24,77200,56050,29-JAN-2024,
OPTIDX,NIFTY,08-Feb-2024,21400,PE,192.5,192.5,112.7,124.15,124.15,32436,349412.5,459200,131800,29-JAN-2024,
OPTIDX,NIFTY,08-Feb-2024,21450,PE,208.3,208.3,124.65,137.2,137.2,9038,97669.69,86800,63450,29-JAN-2024,
OPTIDX,NIFTY,08-Feb-2024,21500,PE,203.7,225.5,139.9,150.9,150.9,61569,667214.12,656450,437750,29-JAN-2024,
OPTIDX,NIFTY,08-Feb-2024,21550,PE,229.85,248.45,153.3,167.15,167.15,12486,135723.46,93500,80050,29-JAN-2024,
OPTIDX,NIFTY,08-Feb-2024,21600,PE,250,272.9,168.9,182.3,182.3,45749,498823.1,365150,261250,29-JAN-2024,
OPTIDX,NIFTY,08-Feb-2024,21650,PE,282.05,298.8,185.55,203.15,203.15,12419,135834.82,82600,70050,29-JAN-2024,
OPTIDX,NIFTY,08-Feb-2024,21700,PE,392.3,392.3,205.2,222.8,222.8,43533,477566.7,328950,284000,29-JAN-2024,
OPTIDX,NIFTY,08-Feb-2024,21750,PE,340.35,355.5,226.5,243.3,243.3,10342,113817.47,96100,90750,29-JAN-2024,
OPTIDX,NIFTY,08-Feb-2024,21800,PE,383,388.45,248.1,265.45,265.45,18277,201812.38,132950,89100,29-JAN-2024,
OPTIDX,NIFTY,08-Feb-2024,21850,PE,405.2,405.2,271.4,290.35,290.35,2747,30439.17,26450,22600,29-JAN-2024,
OPTIDX,NIFTY,08-Feb-2024,21900,PE,440.35,450.45,296.95,315.75,315.75,4925,54771.23,39900,30000,29-JAN-2024,
OPTIDX,NIFTY,08-Feb-2024,21950,PE,429.85,443.65,323.5,341.2,341.2,810,9040.23,12150,9150,29-JAN-2024,
OPTIDX,NIFTY,08-Feb-2024,22000,PE,524.05,529,351.45,368.4,368.4,4638,51973.27,92100,17050,29-JAN-2024,
OPTIDX,NIFTY,08-Feb-2024,22050,PE,562.05,562.05,384.95,405,405,356,4006.73,13200,8250,29-JAN-2024,
OPTIDX,NIFTY,08-Feb-2024,22100,PE,597.05,604.3,416,432.45,432.45,990,11174.91,30000,16650,29-JAN-2024,
OPTIDX,NIFTY,08-Feb-2024,22150,PE,647.35,647.4,449.15,465.2,465.2,276,3126.61,9750,6050,29-JAN-2024,
OPTIDX,NIFTY,08-Feb-2024,22200,PE,625.1,633,481.65,504.5,504.5,775,8813.16,21150,11600,29-JAN-2024,
OPTIDX,NIFTY,08-Feb-2024,22250,PE,559.95,563.25,533.3,544.1,544.1,66,752.14,5850,2850,29-JAN-2024,
OPTIDX,NIFTY,08-Feb-2024,22300,PE,634.75,663.9,558.8,583.15,583.15,130,1488.78,5750,4850,29-JAN-2024,
OPTIDX,NIFTY,08-Feb-2024,22350,PE,703.5,709.25,625.35,635.15,594.5,81,932.88,3900,3900,29-JAN-2024,
OPTIDX,NIFTY,08-Feb-2024,22400,PE,731.9,731.9,651.2,681.55,681.55,155,1790.43,5150,5100,29-JAN-2024,
OPTIDX,NIFTY,08-Feb-2024,22450,PE,725.25,738.6,667.4,689.8,689.8,62,718.28,2950,2950,29-JAN-2024,
OPTIDX,NIFTY,08-Feb-2024,22500,PE,886,895.75,718.75,746.85,746.85,717,8341.14,34650,30450,29-JAN-2024,
OPTIDX,NIFTY,08-Feb-2024,22550,PE,0,0,0,869.15,779.7,0,0,0,0,29-JAN-2024,
OPTIDX,NIFTY,08-Feb-2024,22600,PE,975,975,975,975,827.55,1,11.78,300,0,29-JAN-2024,
OPTIDX,NIFTY,08-Feb-2024,22650,PE,0,0,0,947.6,875.85,0,0,0,0,29-JAN-2024,
OPTIDX,NIFTY,08-Feb-2024,22700,PE,0,0,0,987.85,924.45,0,0,0,0,29-JAN-2024,
OPTIDX,NIFTY,08-Feb-2024,22750,PE,0,0,0,1028.7,973.35,0,0,0,0,29-JAN-2024,
OPTIDX,NIFTY,08-Feb-2024,22800,PE,0,0,0,1070.2,1022.5,0,0,0,0,29-JAN-2024,
OPTIDX,NIFTY,08-Feb-2024,22850,PE,0,0,0,1112.25,1071.85,0,0,0,0,29-JAN-2024,
OPTIDX,NIFTY,08-Feb-2024,22900,PE,0,0,0,1154.85,1121.3,0,0,0,0,29-JAN-2024,
OPTIDX,NIFTY,08-Feb-2024,22950,PE,0,0,0,1198,1170.9,0,0,0,0,29-JAN-2024,
OPTIDX,NIFTY,08-Feb-2024,23000,PE,1280.9,1280.9,1173.65,1177.55,1177.55,9,108.89,2650,400,29-JAN-2024,
OPTIDX,NIFTY,08-Feb-2024,23050,PE,0,0,0,1285.7,1270.25,0,0,0,0,29-JAN-2024,
OPTIDX,NIFTY,08-Feb-2024,23100,PE,0,0,0,1330.2,1320.05,0,0,0,0,29-JAN-2024,
OPTIDX,NIFTY,08-Feb-2024,23150,PE,0,0,0,1375.15,1369.85,0,0,0,0,29-JAN-2024,
OPTIDX,NIFTY,08-Feb-2024,23200,PE,0,0,0,1420.5,1419.7,0,0,0,0,29-JAN-2024,
OPTIDX,NIFTY,08-Feb-2024,23250,PE,0,0,0,1466.15,1469.55,0,0,0,0,29-JAN-2024,
OPTIDX,NIFTY,08-Feb-2024,23300,PE,0,0,0,1512.2,1519.4,0,0,0,0,29-JAN-2024,
OPTIDX,NIFTY,08-Feb-2024,23350,PE,0,0,0,1558.5,1569.3,0,0,0,0,29-JAN-2024,
OPTIDX,NIFTY,08-Feb-2024,23400,PE,0,0,0,1605.15,1619.2,0,0,0,0,29-JAN-2024,
OPTIDX,NIFTY,08-Feb-2024,23450,PE,0,0,0,1652.05,1669.1,0,0,0,0,29-JAN-2024,
OPTIDX,NIFTY,08-Feb-2024,23500,PE,0,0,0,1699.2,1719,0,0,0,0,29-JAN-2024,
OPTIDX,NIFTY,08-Feb-2024,23550,PE,0,0,0,1746.55,1768.9,0,0,0,0,29-JAN-2024,
OPTIDX,NIFTY,08-Feb-2024,23600,PE,0,0,0,1794.15,1818.8,0,0,0,0,29-JAN-2024,
OPTIDX,NIFTY,08-Feb-2024,23650,PE,0,0,0,1442.45,1868.7,0,0,250,0,29-JAN-2024,
OPTIDX,NIFTY,08-Feb-2024,23700,PE,0,0,0,1889.95,1918.6,0,0,0,0,29-JAN-2024,
OPTIDX,NIFTY,08-Feb-2024,23750,PE,0,0,0,1938.05,1968.5,0,0,0,0,29-JAN-2024,
OPTIDX,NIFTY,08-Feb-2024,23800,PE,0,0,0,1986.35,2018.45,0,0,0,0,29-JAN-2024,
OPTIDX,NIFTY,08-Feb-2024,23850,PE,0,0,0,2034.8,2068.35,0,0,0,0,29-JAN-2024,
OPTIDX,NIFTY,15-Feb-2024,19500,CE,0,0,0,2285.3,2298.8,0,0,0,0,29-JAN-2024,
OPTIDX,NIFTY,15-Feb-2024,19550,CE,0,0,0,2236,2248.95,0,0,0,0,29-JAN-2024,
OPTIDX,NIFTY,15-Feb-2024,19600,CE,0,0,0,2186.8,2199.15,0,0,0,0,29-JAN-2024,
OPTIDX,NIFTY,15-Feb-2024,19650,CE,0,0,0,2137.7,2149.3,0,0,0,0,29-JAN-2024,
OPTIDX,NIFTY,15-Feb-2024,19700,CE,0,0,0,2088.65,2099.45,0,0,0,0,29-JAN-2024,
OPTIDX,NIFTY,15-Feb-2024,19750,CE,0,0,0,2039.7,2049.6,0,0,0,0,29-JAN-2024,
OPTIDX,NIFTY,15-Feb-2024,19800,CE,0,0,0,1990.85,1999.8,0,0,0,0,29-JAN-2024,
OPTIDX,NIFTY,15-Feb-2024,19850,CE,0,0,0,1942.15,1949.95,0,0,0,0,29-JAN-2024,
OPTIDX,NIFTY,15-Feb-2024,19900,CE,0,0,0,1893.55,1900.1,0,0,0,0,29-JAN-2024,
OPTIDX,NIFTY,15-Feb-2024,19950,CE,0,0,0,1400.25,1850.3,0,0,650,0,29-JAN-2024,
OPTIDX,NIFTY,15-Feb-2024,20000,CE,0,0,0,1395,1800.5,0,0,3500,0,29-JAN-2024,
OPTIDX,NIFTY,15-Feb-2024,20050,CE,0,0,0,1748.8,1750.7,0,0,0,0,29-JAN-2024,
OPTIDX,NIFTY,15-Feb-2024,20100,CE,0,0,0,1400,1700.9,0,0,50,0,29-JAN-2024,
OPTIDX,NIFTY,15-Feb-2024,20150,CE,0,0,0,1653.3,1651.15,0,0,0,0,29-JAN-2024,
OPTIDX,NIFTY,15-Feb-2024,20200,CE,0,0,0,1605.9,1601.4,0,0,0,0,29-JAN-2024,
OPTIDX,NIFTY,15-Feb-2024,20250,CE,0,0,0,1558.75,1551.7,0,0,0,0,29-JAN-2024,
OPTIDX,NIFTY,15-Feb-2024,20300,CE,0,0,0,1120,1502.05,0,0,550,0,29-JAN-2024,
OPTIDX,NIFTY,15-Feb-2024,20350,CE,0,0,0,1100,1452.45,0,0,200,0,29-JAN-2024,
OPTIDX,NIFTY,15-Feb-2024,20400,CE,0,0,0,1419.25,1402.95,0,0,0,0,29-JAN-2024,
OPTIDX,NIFTY,15-Feb-2024,20450,CE,0,0,0,1373.5,1353.5,0,0,0,0,29-JAN-2024,
OPTIDX,NIFTY,15-Feb-2024,20500,CE,0,0,0,1020,1304.2,0,0,1750,0,29-JAN-2024,
OPTIDX,NIFTY,15-Feb-2024,20550,CE,0,0,0,1283.15,1255,0,0,0,0,29-JAN-2024,
OPTIDX,NIFTY,15-Feb-2024,20600,CE,0,0,0,1238.7,1206,0,0,0,0,29-JAN-2024,
OPTIDX,NIFTY,15-Feb-2024,20650,CE,0,0,0,1194.75,1157.2,0,0,0,0,29-JAN-2024,
OPTIDX,NIFTY,15-Feb-2024,20700,CE,0,0,0,1151.3,1108.65,0,0,0,0,29-JAN-2024,
OPTIDX,NIFTY,15-Feb-2024,20750,CE,0,0,0,1108.4,1060.35,0,0,0,0,29-JAN-2024,
OPTIDX,NIFTY,15-Feb-2024,20800,CE,1091.25,1091.25,1091.25,1091.25,1091.25,1,10.94,1850,0,29-JAN-2024,
OPTIDX,NIFTY,15-Feb-2024,20850,CE,1040.1,1040.1,1040.1,1040.1,1040.1,2,21.89,100,0,29-JAN-2024,
OPTIDX,NIFTY,15-Feb-2024,20900,CE,781.65,979.15,781.65,960.3,960.3,31,337.79,450,300,29-JAN-2024,
OPTIDX,NIFTY,15-Feb-2024,20950,CE,0,0,0,943.15,871.25,0,0,0,0,29-JAN-2024,
OPTIDX,NIFTY,15-Feb-2024,21000,CE,662,905,661.95,893.9,893.9,70,762.7,1900,-200,29-JAN-2024,
OPTIDX,NIFTY,15-Feb-2024,21050,CE,0,0,0,864.75,780.05,0,0,0,0,29-JAN-2024,
OPTIDX,NIFTY,15-Feb-2024,21100,CE,645,809.2,630.3,809.2,735.55,11,120.08,1300,-50,29-JAN-2024,
OPTIDX,NIFTY,15-Feb-2024,21150,CE,576.4,615.75,576.4,615.75,691.9,4,43.49,150,0,29-JAN-2024,
OPTIDX,NIFTY,15-Feb-2024,21200,CE,517.5,734,514.45,716.6,716.6,241,2630.51,3050,-4300,29-JAN-2024,
OPTIDX,NIFTY,15-Feb-2024,21250,CE,555,687.1,545.3,643.1,643.1,25,273.05,2550,-250,29-JAN-2024,
OPTIDX,NIFTY,15-Feb-2024,21300,CE,450,667.1,448.1,657.6,657.6,972,10627.65,3700,-17400,29-JAN-2024,
OPTIDX,NIFTY,15-Feb-2024,21350,CE,400,600,400,600,527.45,64,699.2,3550,-1650,29-JAN-2024,
OPTIDX,NIFTY,15-Feb-2024,21400,CE,398.5,591.15,386.7,562.85,562.85,544,5949.19,7350,-6100,29-JAN-2024,
OPTIDX,NIFTY,15-Feb-2024,21450,CE,341.65,553.6,341.15,552.8,552.8,225,2462.42,2350,-2550,29-JAN-2024,
OPTIDX,NIFTY,15-Feb-2024,21500,CE,321.3,520.8,321.3,505.1,505.1,2014,22078.62,24900,-20400,29-JAN-2024,
OPTIDX,NIFTY,15-Feb-2024,21550,CE,303.7,484,303.7,471.5,471.5,459,5037.75,4900,1750,29-JAN-2024,
OPTIDX,NIFTY,15-Feb-2024,21600,CE,250,453.65,250,436.8,436.8,1322,14525.14,14900,-2650,29-JAN-2024,
OPTIDX,NIFTY,15-Feb-2024,21650,CE,295.9,420.55,295.9,400.5,400.5,446,4910.5,5050,2000,29-JAN-2024,
OPTIDX,NIFTY,15-Feb-2024,21700,CE,233.9,391.95,230.7,372.95,372.95,2304,25381.19,26100,10900,29-JAN-2024,
OPTIDX,NIFTY,15-Feb-2024,21750,CE,284.05,361.8,273,349.8,349.8,366,4041.29,5000,2800,29-JAN-2024,
OPTIDX,NIFTY,15-Feb-2024,21800,CE,190,334.1,189.7,324.35,324.35,1997,22056.52,35150,18050,29-JAN-2024,
OPTIDX,NIFTY,15-Feb-2024,21850,CE,226,308.25,208.1,295.35,295.35,300,3318.55,6950,4850,29-JAN-2024,
OPTIDX,NIFTY,15-Feb-2024,21900,CE,162.15,281.25,155.25,264.9,264.9,996,11021.91,14000,4800,29-JAN-2024,
OPTIDX,NIFTY,15-Feb-2024,21950,CE,133.05,257.4,133.05,240.7,240.7,167,1851.25,3900,2200,29-JAN-2024,
OPTIDX,NIFTY,15-Feb-2024,22000,CE,110,234.7,103.75,221.5,221.5,3027,33588.86,46000,-6750,29-JAN-2024,
OPTIDX,NIFTY,15-Feb-2024,22050,CE,129.95,213.5,129.95,199.55,199.55,218,2423.31,7550,3600,29-JAN-2024,
OPTIDX,NIFTY,15-Feb-2024,22100,CE,95,194.55,95,181,181,1083,12053.06,17150,1300,29-JAN-2024,
OPTIDX,NIFTY,15-Feb-2024,22150,CE,62,174.45,62,157.5,157.5,33,367.06,3050,150,29-JAN-2024,
OPTIDX,NIFTY,15-Feb-2024,22200,CE,80,156.45,74.9,150.65,150.65,1699,18962.07,12800,-1950,29-JAN-2024,
OPTIDX,NIFTY,15-Feb-2024,22250,CE,100,143,100,137.45,137.45,19,212.54,1150,650,29-JAN-2024,
OPTIDX,NIFTY,15-Feb-2024,22300,CE,65,127,63.35,116.05,116.05,776,8694.23,14200,5700,29-JAN-2024,
OPTIDX,NIFTY,15-Feb-2024,22350,CE,108.6,110.35,96.3,102.1,102.1,51,572.55,1850,800,29-JAN-2024,
OPTIDX,NIFTY,15-Feb-2024,22400,CE,46.55,102.25,46.55,96.9,96.9,1206,13557.69,13450,5750,29-JAN-2024,
OPTIDX,NIFTY,15-Feb-2024,22450,CE,0,0,0,84.45,43.35,0,0,1550,0,29-JAN-2024,
OPTIDX,NIFTY,15-Feb-2024,22500,CE,40,79.9,37.25,75.45,75.45,3239,36540.33,40500,12550,29-JAN-2024,
OPTIDX,NIFTY,15-Feb-2024,22550,CE,0,0,0,130.35,31.25,0,0,0,0,29-JAN-2024,
OPTIDX,NIFTY,15-Feb-2024,22600,CE,42,63.1,33.6,58.2,58.2,871,9864.98,14850,3050,29-JAN-2024,
OPTIDX,NIFTY,15-Feb-2024,22650,CE,28,53.55,28,50.95,50.95,15,170.24,1500,100,29-JAN-2024,
OPTIDX,NIFTY,15-Feb-2024,22700,CE,29.95,49.8,29.95,46.2,46.2,545,6196.36,18750,10050,29-JAN-2024,
OPTIDX,NIFTY,15-Feb-2024,22750,CE,0,0,0,92.2,15.35,0,0,0,0,29-JAN-2024,
OPTIDX,NIFTY,15-Feb-2024,22800,CE,24.35,39.5,20.9,35.15,35.15,604,6895.49,15150,5600,29-JAN-2024,
OPTIDX,NIFTY,15-Feb-2024,22850,CE,28.65,29.5,28.05,29.5,10.45,27,308.86,1350,1350,29-JAN-2024,
OPTIDX,NIFTY,15-Feb-2024,22900,CE,23.55,26.85,15.95,25.75,25.75,176,2017.11,4400,-400,29-JAN-2024,
OPTIDX,NIFTY,15-Feb-2024,22950,CE,0,0,0,63.65,6.95,0,0,0,0,29-JAN-2024,
OPTIDX,NIFTY,15-Feb-2024,23000,CE,19,24.25,15.6,22.85,22.85,1843,21212.84,40100,4800,29-JAN-2024,
OPTIDX,NIFTY,15-Feb-2024,23050,CE,0,0,0,52.4,4.55,0,0,0,0,29-JAN-2024,
OPTIDX,NIFTY,15-Feb-2024,23100,CE,0,0,0,18.9,3.65,0,0,500,0,29-JAN-2024,
OPTIDX,NIFTY,15-Feb-2024,23150,CE,11.9,11.9,11.5,11.8,2.95,5,57.9,1000,250,29-JAN-2024,
OPTIDX,NIFTY,15-Feb-2024,23200,CE,9.55,9.55,9.55,9.55,2.35,2,23.2,1350,100,29-JAN-2024,
OPTIDX,NIFTY,15-Feb-2024,23250,CE,0,0,0,33.35,1.85,0,0,100,0,29-JAN-2024,
OPTIDX,NIFTY,15-Feb-2024,23300,CE,0,0,0,34.35,1.45,0,0,500,0,29-JAN-2024,
OPTIDX,NIFTY,15-Feb-2024,23350,CE,0,0,0,28.2,1.15,0,0,0,0,29-JAN-2024,
OPTIDX,NIFTY,15-Feb-2024,23400,CE,0,0,0,21.1,0.9,0,0,2200,0,29-JAN-2024,
OPTIDX,NIFTY,15-Feb-2024,23450,CE,0,0,0,22.65,0.7,0,0,0,0,29-JAN-2024,
OPTIDX,NIFTY,15-Feb-2024,23500,CE,9.3,10.8,7.7,8.15,8.15,379,4454.89,15150,6650,29-JAN-2024,
OPTIDX,NIFTY,15-Feb-2024,23550,CE,0,0,0,18.1,0.4,0,0,0,0,29-JAN-2024,
OPTIDX,NIFTY,15-Feb-2024,23600,CE,0,0,0,16.15,0.3,0,0,0,0,29-JAN-2024,
OPTIDX,NIFTY,15-Feb-2024,23650,CE,3.1,3.1,3.1,3.1,0.25,1,11.82,1750,0,29-JAN-2024,
OPTIDX,NIFTY,15-Feb-2024,23700,CE,7.5,7.5,6,6.6,6.6,207,2453.6,2800,1600,29-JAN-2024,
OPTIDX,NIFTY,15-Feb-2024,23750,CE,0,0,0,11.35,0.15,0,0,0,0,29-JAN-2024,
OPTIDX,NIFTY,15-Feb-2024,23800,CE,0,0,0,12.35,0.1,0,0,50,0,29-JAN-2024,
OPTIDX,NIFTY,15-Feb-2024,23850,CE,0,0,0,8.9,0.1,0,0,0,0,29-JAN-2024,
OPTIDX,NIFTY,15-Feb-2024,19500,PE,0,0,0,2.05,0.05,0,0,0,0,29-JAN-2024,
OPTIDX,NIFTY,15-Feb-2024,19550,PE,0,0,0,2.45,0.05,0,0,0,0,29-JAN-2024,
OPTIDX,NIFTY,15-Feb-2024,19600,PE,0,0,0,2.9,0.05,0,0,0,0,29-JAN-2024,
OPTIDX,NIFTY,15-Feb-2024,19650,PE,0,0,0,3.4,0.05,0,0,0,0,29-JAN-2024,
OPTIDX,NIFTY,15-Feb-2024,19700,PE,0,0,0,4.05,0.05,0,0,0,0,29-JAN-2024,
OPTIDX,NIFTY,15-Feb-2024,19750,PE,0,0,0,4.75,0.05,0,0,0,0,29-JAN-2024,
OPTIDX,NIFTY,15-Feb-2024,19800,PE,11.4,14.35,7.8,10.15,10.15,239,2367.34,3250,3000,29-JAN-2024,
OPTIDX,NIFTY,15-Feb-2024,19850,PE,0,0,0,6.5,0.05,0,0,0,0,29-JAN-2024,
OPTIDX,NIFTY,15-Feb-2024,19900,PE,0,0,0,7.55,0.05,0,0,0,0,29-JAN-2024,
OPTIDX,NIFTY,15-Feb-2024,19950,PE,0,0,0,8.8,0.1,0,0,0,0,29-JAN-2024,
OPTIDX,NIFTY,15-Feb-2024,20000,PE,16.8,16.8,11.7,12.8,12.8,1446,14470.03,41300,19200,29-JAN-2024,
OPTIDX,NIFTY,15-Feb-2024,20050,PE,0,0,0,11.75,0.15,0,0,0,0,29-JAN-2024,
OPTIDX,NIFTY,15-Feb-2024,20100,PE,0,0,0,13.5,0.2,0,0,0,0,29-JAN-2024,
OPTIDX,NIFTY,15-Feb-2024,20150,PE,0,0,0,15.5,0.3,0,0,0,0,29-JAN-2024,
OPTIDX,NIFTY,15-Feb-2024,20200,PE,0,0,0,17.75,0.4,0,0,0,0,29-JAN-2024,
OPTIDX,NIFTY,15-Feb-2024,20250,PE,0,0,0,20.3,0.55,0,0,0,0,29-JAN-2024,
OPTIDX,NIFTY,15-Feb-2024,20300,PE,0,0,0,23.1,0.75,0,0,0,0,29-JAN-2024,
OPTIDX,NIFTY,15-Feb-2024,20350,PE,0,0,0,26.25,1,0,0,0,0,29-JAN-2024,
OPTIDX,NIFTY,15-Feb-2024,20400,PE,0,0,0,29.75,1.3,0,0,0,0,29-JAN-2024,
OPTIDX,NIFTY,15-Feb-2024,20450,PE,0,0,0,33.65,1.7,0,0,0,0,29-JAN-2024,
OPTIDX,NIFTY,15-Feb-2024,20500,PE,40,42.5,30,33.45,33.45,3179,32641.88,78950,41050,29-JAN-2024,
OPTIDX,NIFTY,15-Feb-2024,20550,PE,0,0,0,42.6,2.9,0,0,0,0,29-JAN-2024,
OPTIDX,NIFTY,15-Feb-2024,20600,PE,0,0,0,47.8,3.75,0,0,0,0,29-JAN-2024,
OPTIDX,NIFTY,15-Feb-2024,20650,PE,0,0,0,53.5,4.8,0,0,0,0,29-JAN-2024,
OPTIDX,NIFTY,15-Feb-2024,20700,PE,61.85,61.85,44.9,46.8,46.8,353,3662.45,5850,5800,29-JAN-2024,
OPTIDX,NIFTY,15-Feb-2024,20750,PE,0,0,0,81.3,7.65,0,0,500,0,29-JAN-2024,
OPTIDX,NIFTY,15-Feb-2024,20800,PE,75,75,52,55.55,55.55,1473,15364.57,32750,15000,29-JAN-2024,
OPTIDX,NIFTY,15-Feb-2024,20850,PE,0,0,0,81.8,11.85,0,0,0,0,29-JAN-2024,
OPTIDX,NIFTY,15-Feb-2024,20900,PE,81,81.4,64.4,65.9,65.9,174,1824.47,8750,1250,29-JAN-2024,
OPTIDX,NIFTY,15-Feb-2024,20950,PE,0,0,0,99.8,17.9,0,0,0,0,29-JAN-2024,
OPTIDX,NIFTY,15-Feb-2024,21000,PE,105,117.6,75.7,79.25,79.25,3518,37094.91,74900,39650,29-JAN-2024,
OPTIDX,NIFTY,15-Feb-2024,21050,PE,108.85,116.4,86.55,91.8,91.8,36,380.65,1450,450,29-JAN-2024,
OPTIDX,NIFTY,15-Feb-2024,21100,PE,143.8,143.8,90,95.3,95.3,629,6670.36,16200,5900,29-JAN-2024,
OPTIDX,NIFTY,15-Feb-2024,21150,PE,136,137.75,97.55,120.8,120.8,80,850.81,2550,-400,29-JAN-2024,
OPTIDX,NIFTY,15-Feb-2024,21200,PE,176.25,176.25,101.9,113.95,113.95,1166,12433.78,27400,9350,29-JAN-2024,
OPTIDX,NIFTY,15-Feb-2024,21250,PE,150,165.05,120,125.15,125.15,99,1058.84,2750,650,29-JAN-2024,
OPTIDX,NIFTY,15-Feb-2024,21300,PE,181.55,188.1,128.85,135.3,135.3,806,8645.54,30100,5650,29-JAN-2024,
OPTIDX,NIFTY,15-Feb-2024,21350,PE,211.3,211.3,142.1,150.4,150.4,266,2861.67,2650,-650,29-JAN-2024,
OPTIDX,NIFTY,15-Feb-2024,21400,PE,210,221.1,154.55,161.35,161.35,1756,18951.96,28850,7750,29-JAN-2024,
OPTIDX,NIFTY,15-Feb-2024,21450,PE,239.95,241.85,169.9,179.15,179.15,352,3809.64,3100,-3550,29-JAN-2024,
OPTIDX,NIFTY,15-Feb-2024,21500,PE,280,280,182.35,191,191,4255,46197.69,87100,57950,29-JAN-2024,
OPTIDX,NIFTY,15-Feb-2024,21550,PE,269.05,269.3,200.3,210.2,210.2,631,6873.35,13950,12100,29-JAN-2024,
OPTIDX,NIFTY,15-Feb-2024,21600,PE,276.35,288,215,222.25,222.25,1481,16180.07,18050,10000,29-JAN-2024,
OPTIDX,NIFTY,15-Feb-2024,21650,PE,278.05,285.35,233.05,247.55,247.55,642,7032.22,9200,3950,29-JAN-2024,
OPTIDX,NIFTY,15-Feb-2024,21700,PE,330,336.85,252.1,261.55,261.55,1958,21515.23,37600,32900,29-JAN-2024,
OPTIDX,NIFTY,15-Feb-2024,21750,PE,325,329.3,273,281.75,281.75,317,3493.36,8600,7850,29-JAN-2024,
OPTIDX,NIFTY,15-Feb-2024,21800,PE,376,387.8,293.05,307.2,307.2,2964,32784.7,47150,38900,29-JAN-2024,
OPTIDX,NIFTY,15-Feb-2024,21850,PE,377.4,377.4,317.7,337.2,337.2,115,1276.38,4250,4250,29-JAN-2024,
OPTIDX,NIFTY,15-Feb-2024,21900,PE,0,0,0,508.45,285.65,0,0,3650,0,29-JAN-2024,
OPTIDX,NIFTY,15-Feb-2024,21950,PE,400,400,400,400,314.8,1,11.17,50,50,29-JAN-2024,
OPTIDX,NIFTY,15-Feb-2024,22000,PE,494,494,395,412.85,412.85,1294,14504.14,15200,4000,29-JAN-2024,
OPTIDX,NIFTY,15-Feb-2024,22050,PE,0,0,0,560,377.85,0,0,1250,0,29-JAN-2024,
OPTIDX,NIFTY,15-Feb-2024,22100,PE,583.5,583.5,554.6,554.6,411.7,2,22.66,1200,0,29-JAN-2024,
OPTIDX,NIFTY,15-Feb-2024,22150,PE,0,0,0,343.55,447,0,0,50,0,29-JAN-2024,
OPTIDX,NIFTY,15-Feb-2024,22200,PE,660,660,519.45,527.65,527.65,81,921.65,4900,3100,29-JAN-2024,
OPTIDX,NIFTY,15-Feb-2024,22250,PE,0,0,0,657.2,521.7,0,0,0,0,29-JAN-2024,
OPTIDX,NIFTY,15-Feb-2024,22300,PE,0,0,0,1021.7,560.95,0,0,1800,0,29-JAN-2024,
OPTIDX,NIFTY,15-Feb-2024,22350,PE,0,0,0,726.75,601.35,0,0,0,0,29-JAN-2024,
OPTIDX,NIFTY,15-Feb-2024,22400,PE,0,0,0,762.8,642.85,0,0,0,0,29-JAN-2024,
OPTIDX,NIFTY,15-Feb-2024,22450,PE,0,0,0,800.6,685.3,0,0,0,0,29-JAN-2024,
OPTIDX,NIFTY,15-Feb-2024,22500,PE,756.4,756.4,756.4,756.4,756.4,1,11.62,50,50,29-JAN-2024,
OPTIDX,NIFTY,15-Feb-2024,22550,PE,0,0,0,875.85,772.85,0,0,0,0,29-JAN-2024,
OPTIDX,NIFTY,15-Feb-2024,22600,PE,0,0,0,914.95,817.8,0,0,0,0,29-JAN-2024,
OPTIDX,NIFTY,15-Feb-2024,22650,PE,0,0,0,954.75,863.4,0,0,0,0,29-JAN-2024,
OPTIDX,NIFTY,15-Feb-2024,22700,PE,0,0,0,995.2,909.6,0,0,0,0,29-JAN-2024,
OPTIDX,NIFTY,15-Feb-2024,22750,PE,0,0,0,1036.3,956.3,0,0,0,0,29-JAN-2024,
OPTIDX,NIFTY,15-Feb-2024,22800,PE,0,0,0,1078,1003.5,0,0,0,0,29-JAN-2024,
OPTIDX,NIFTY,15-Feb-2024,22850,PE,0,0,0,1120.25,1051.1,0,0,0,0,29-JAN-2024,
OPTIDX,NIFTY,15-Feb-2024,22900,PE,0,0,0,1163.05,1099.05,0,0,0,0,29-JAN-2024,
OPTIDX,NIFTY,15-Feb-2024,22950,PE,0,0,0,1206.35,1147.35,0,0,0,0,29-JAN-2024,
OPTIDX,NIFTY,15-Feb-2024,23000,PE,1175,1175,1175,1175,1175,12,145.05,700,600,29-JAN-2024,
OPTIDX,NIFTY,15-Feb-2024,23050,PE,0,0,0,1294.4,1244.6,0,0,0,0,29-JAN-2024,
OPTIDX,NIFTY,15-Feb-2024,23100,PE,0,0,0,1339.1,1293.55,0,0,0,0,29-JAN-2024,
OPTIDX,NIFTY,15-Feb-2024,23150,PE,0,0,0,1384.2,1342.65,0,0,0,0,29-JAN-2024,
OPTIDX,NIFTY,15-Feb-2024,23200,PE,0,0,0,1429.7,1391.9,0,0,0,0,29-JAN-2024,
OPTIDX,NIFTY,15-Feb-2024,23250,PE,0,0,0,1475.5,1441.25,0,0,0,0,29-JAN-2024,
OPTIDX,NIFTY,15-Feb-2024,23300,PE,0,0,0,1521.65,1490.75,0,0,0,0,29-JAN-2024,
OPTIDX,NIFTY,15-Feb-2024,23350,PE,0,0,0,1568.15,1540.25,0,0,0,0,29-JAN-2024,
OPTIDX,NIFTY,15-Feb-2024,23400,PE,0,0,0,1614.9,1589.85,0,0,0,0,29-JAN-2024,
OPTIDX,NIFTY,15-Feb-2024,23450,PE,0,0,0,1661.9,1639.5,0,0,0,0,29-JAN-2024,
OPTIDX,NIFTY,15-Feb-2024,23500,PE,0,0,0,1709.15,1689.15,0,0,0,0,29-JAN-2024,
OPTIDX,NIFTY,15-Feb-2024,23550,PE,0,0,0,1756.65,1738.9,0,0,0,0,29-JAN-2024,
OPTIDX,NIFTY,15-Feb-2024,23600,PE,0,0,0,1804.3,1788.65,0,0,0,0,29-JAN-2024,
OPTIDX,NIFTY,15-Feb-2024,23650,PE,0,0,0,1852.2,1838.4,0,0,0,0,29-JAN-2024,
OPTIDX,NIFTY,15-Feb-2024,23700,PE,0,0,0,1900.25,1888.2,0,0,0,0,29-JAN-2024,
OPTIDX,NIFTY,15-Feb-2024,23750,PE,0,0,0,1948.45,1938,0,0,0,0,29-JAN-2024,
OPTIDX,NIFTY,15-Feb-2024,23800,PE,0,0,0,1996.85,1987.8,0,0,0,0,29-JAN-2024,
OPTIDX,NIFTY,15-Feb-2024,23850,PE,0,0,0,2045.35,2037.6,0,0,0,0,29-JAN-2024,
OPTIDX,NIFTY,22-Feb-2024,19500,CE,0,0,0,2102.9,2324,0,0,0,0,29-JAN-2024,
OPTIDX,NIFTY,22-Feb-2024,19550,CE,0,0,0,2053.95,2274.25,0,0,0,0,29-JAN-2024,
OPTIDX,NIFTY,22-Feb-2024,19600,CE,0,0,0,2005.1,2224.45,0,0,0,0,29-JAN-2024,
OPTIDX,NIFTY,22-Feb-2024,19650,CE,0,0,0,1956.35,2174.7,0,0,0,0,29-JAN-2024,
OPTIDX,NIFTY,22-Feb-2024,19700,CE,0,0,0,1907.8,2124.95,0,0,0,0,29-JAN-2024,
OPTIDX,NIFTY,22-Feb-2024,19750,CE,0,0,0,1859.35,2075.25,0,0,0,0,29-JAN-2024,
OPTIDX,NIFTY,22-Feb-2024,19800,CE,0,0,0,1811.1,2025.5,0,0,0,0,29-JAN-2024,
OPTIDX,NIFTY,22-Feb-2024,19850,CE,0,0,0,1763,1975.8,0,0,0,0,29-JAN-2024,
OPTIDX,NIFTY,22-Feb-2024,19900,CE,0,0,0,1715.1,1926.1,0,0,0,0,29-JAN-2024,
OPTIDX,NIFTY,22-Feb-2024,19950,CE,0,0,0,1667.45,1876.45,0,0,0,0,29-JAN-2024,
OPTIDX,NIFTY,22-Feb-2024,20000,CE,0,0,0,1620.05,1826.85,0,0,0,0,29-JAN-2024,
OPTIDX,NIFTY,22-Feb-2024,20050,CE,0,0,0,1572.9,1777.25,0,0,0,0,29-JAN-2024,
OPTIDX,NIFTY,22-Feb-2024,20100,CE,0,0,0,1526.05,1727.7,0,0,0,0,29-JAN-2024,
OPTIDX,NIFTY,22-Feb-2024,20150,CE,0,0,0,1479.5,1678.25,0,0,0,0,29-JAN-2024,
OPTIDX,NIFTY,22-Feb-2024,20200,CE,0,0,0,1433.3,1628.8,0,0,0,0,29-JAN-2024,
OPTIDX,NIFTY,22-Feb-2024,20250,CE,0,0,0,1387.5,1579.5,0,0,0,0,29-JAN-2024,
OPTIDX,NIFTY,22-Feb-2024,20300,CE,0,0,0,1342.05,1530.3,0,0,0,0,29-JAN-2024,
OPTIDX,NIFTY,22-Feb-2024,20350,CE,0,0,0,1297.1,1481.2,0,0,0,0,29-JAN-2024,
OPTIDX,NIFTY,22-Feb-2024,20400,CE,1300,1300,1300,1300,1432.25,1,10.85,50,50,29-JAN-2024,
OPTIDX,NIFTY,22-Feb-2024,20450,CE,0,0,0,1208.55,1383.45,0,0,0,0,29-JAN-2024,
OPTIDX,NIFTY,22-Feb-2024,20500,CE,0,0,0,1165,1334.9,0,0,0,0,29-JAN-2024,
OPTIDX,NIFTY,22-Feb-2024,20550,CE,0,0,0,1122.05,1286.5,0,0,0,0,29-JAN-2024,
OPTIDX,NIFTY,22-Feb-2024,20600,CE,0,0,0,1079.7,1238.45,0,0,0,0,29-JAN-2024,
OPTIDX,NIFTY,22-Feb-2024,20650,CE,0,0,0,1037.95,1190.65,0,0,0,0,29-JAN-2024,
OPTIDX,NIFTY,22-Feb-2024,20700,CE,0,0,0,996.85,1143.2,0,0,0,0,29-JAN-2024,
OPTIDX,NIFTY,22-Feb-2024,20750,CE,0,0,0,956.4,1096.15,0,0,0,0,29-JAN-2024,
OPTIDX,NIFTY,22-Feb-2024,20800,CE,0,0,0,916.7,1049.55,0,0,0,0,29-JAN-2024,
OPTIDX,NIFTY,22-Feb-2024,20850,CE,0,0,0,877.75,1003.4,0,0,0,0,29-JAN-2024,
OPTIDX,NIFTY,22-Feb-2024,20900,CE,0,0,0,839.55,957.8,0,0,0,0,29-JAN-2024,
OPTIDX,NIFTY,22-Feb-2024,20950,CE,0,0,0,803,912.85,0,0,0,0,29-JAN-2024,
OPTIDX,NIFTY,22-Feb-2024,21000,CE,620,620,620,620,868.5,1,10.81,1200,0,29-JAN-2024,
OPTIDX,NIFTY,22-Feb-2024,21050,CE,0,0,0,729.75,824.9,0,0,0,0,29-JAN-2024,
OPTIDX,NIFTY,22-Feb-2024,21100,CE,652.65,702.5,652.65,702.5,782.1,4,43.55,0,0,29-JAN-2024,
OPTIDX,NIFTY,22-Feb-2024,21150,CE,0,0,0,661,740.1,0,0,0,0,29-JAN-2024,
OPTIDX,NIFTY,22-Feb-2024,21200,CE,558.9,656.4,558.9,656.4,699.05,3,32.68,150,50,29-JAN-2024,
OPTIDX,NIFTY,22-Feb-2024,21250,CE,0,0,0,596,658.95,0,0,0,0,29-JAN-2024,
OPTIDX,NIFTY,22-Feb-2024,21300,CE,484.05,713,484.05,683.65,683.65,120,1314,3400,700,29-JAN-2024,
OPTIDX,NIFTY,22-Feb-2024,21350,CE,0,0,0,383.85,581.9,0,0,100,0,29-JAN-2024,
OPTIDX,NIFTY,22-Feb-2024,21400,CE,499,622,494.85,590.3,590.3,48,526.86,3000,0,29-JAN-2024,
OPTIDX,NIFTY,22-Feb-2024,21450,CE,360,530.35,360,530.35,509.45,43,471.31,1650,1000,29-JAN-2024,
OPTIDX,NIFTY,22-Feb-2024,21500,CE,375,567.3,375,536,536,523,5743.86,13650,1150,29-JAN-2024,
OPTIDX,NIFTY,22-Feb-2024,21550,CE,499.85,527.65,478.2,501.75,501.75,94,1036.03,2250,1650,29-JAN-2024,
OPTIDX,NIFTY,22-Feb-2024,21600,CE,367.95,497.65,364.65,471.55,471.55,243,2677,5500,3300,29-JAN-2024,
OPTIDX,NIFTY,22-Feb-2024,21650,CE,401.85,451.15,396.7,443,443,87,959.43,3650,3500,29-JAN-2024,
OPTIDX,NIFTY,22-Feb-2024,21700,CE,285,437.6,285,416.95,416.95,329,3630.15,6650,5850,29-JAN-2024,
OPTIDX,NIFTY,22-Feb-2024,21750,CE,353.75,409.6,353.05,390.65,390.65,157,1736.46,5550,4750,29-JAN-2024,
OPTIDX,NIFTY,22-Feb-2024,21800,CE,239.05,380,221.45,367.45,367.45,501,5539.02,9750,8100,29-JAN-2024,
OPTIDX,NIFTY,22-Feb-2024,21850,CE,220.25,337.5,220.25,331.2,331.2,10,110.7,200,100,29-JAN-2024,
OPTIDX,NIFTY,22-Feb-2024,21900,CE,185,327.9,185,321.05,321.05,261,2895.11,7200,6350,29-JAN-2024,
OPTIDX,NIFTY,22-Feb-2024,21950,CE,217.5,273.55,210.2,258.4,258.4,47,520.92,7100,-100,29-JAN-2024,
OPTIDX,NIFTY,22-Feb-2024,22000,CE,140,277.8,140,262,262,1801,20006.31,29950,1900,29-JAN-2024,
OPTIDX,NIFTY,22-Feb-2024,22050,CE,0,0,0,126.95,186.6,0,0,7500,0,29-JAN-2024,
OPTIDX,NIFTY,22-Feb-2024,22100,CE,130.5,233.3,130.5,212.65,212.65,633,7053.93,26800,1200,29-JAN-2024,
OPTIDX,NIFTY,22-Feb-2024,22150,CE,0,0,0,186.35,151.95,0,0,0,0,29-JAN-2024,
OPTIDX,NIFTY,22-Feb-2024,22200,CE,108.75,194.65,108.75,180.5,180.5,247,2760.45,6350,4500,29-JAN-2024,
OPTIDX,NIFTY,22-Feb-2024,22250,CE,0,0,0,159.35,122.3,0,0,0,0,29-JAN-2024,
OPTIDX,NIFTY,22-Feb-2024,22300,CE,118.8,157.05,102.45,145.95,145.95,898,10063.71,23650,22650,29-JAN-2024,
OPTIDX,NIFTY,22-Feb-2024,22350,CE,0,0,0,135.7,97.25,0,0,0,0,29-JAN-2024,
OPTIDX,NIFTY,22-Feb-2024,22400,CE,80,130.25,80,127.3,127.3,72,810.33,2900,2650,29-JAN-2024,
OPTIDX,NIFTY,22-Feb-2024,22450,CE,0,0,0,114.75,76.45,0,0,0,0,29-JAN-2024,
OPTIDX,NIFTY,22-Feb-2024,22500,CE,57,106.7,55.55,100.75,100.75,809,9135.32,11950,3950,29-JAN-2024,
OPTIDX,NIFTY,22-Feb-2024,22550,CE,0,0,0,96.45,59.3,0,0,0,0,29-JAN-2024,
OPTIDX,NIFTY,22-Feb-2024,22600,CE,50,84.9,48,81.7,81.7,905,10255.01,30850,2200,29-JAN-2024,
OPTIDX,NIFTY,22-Feb-2024,22650,CE,0,0,0,80.6,45.45,0,0,0,0,29-JAN-2024,
OPTIDX,NIFTY,22-Feb-2024,22700,CE,50,66.55,42.5,64.85,64.85,645,7336.9,22100,21900,29-JAN-2024,
OPTIDX,NIFTY,22-Feb-2024,22750,CE,0,0,0,66.95,34.4,0,0,0,0,29-JAN-2024,
OPTIDX,NIFTY,22-Feb-2024,22800,CE,46,46,44.75,44.75,29.8,10,114.22,450,350,29-JAN-2024,
OPTIDX,NIFTY,22-Feb-2024,22850,CE,0,0,0,55.3,25.7,0,0,0,0,29-JAN-2024,
OPTIDX,NIFTY,22-Feb-2024,22900,CE,0,0,0,50.15,22.1,0,0,0,0,29-JAN-2024,
OPTIDX,NIFTY,22-Feb-2024,22950,CE,33,41.8,32.4,38.65,38.65,16,183.89,500,100,29-JAN-2024,
OPTIDX,NIFTY,22-Feb-2024,23000,CE,24.8,37.15,24,34.25,34.25,414,4767.09,6400,3550,29-JAN-2024,
OPTIDX,NIFTY,22-Feb-2024,23050,CE,0,0,0,37.05,13.8,0,0,0,0,29-JAN-2024,
OPTIDX,NIFTY,22-Feb-2024,23100,CE,0,0,0,18.25,11.75,0,0,100,0,29-JAN-2024,
OPTIDX,NIFTY,22-Feb-2024,23150,CE,0,0,0,30.05,9.95,0,0,0,0,29-JAN-2024,
OPTIDX,NIFTY,22-Feb-2024,23200,CE,17.1,23,7.7,22.1,22.1,205,2379.75,4050,3850,29-JAN-2024,
OPTIDX,NIFTY,22-Feb-2024,23250,CE,0,0,0,24.25,7.05,0,0,0,0,29-JAN-2024,
OPTIDX,NIFTY,22-Feb-2024,23300,CE,0,0,0,21.7,5.9,0,0,0,0,29-JAN-2024,
OPTIDX,NIFTY,22-Feb-2024,23350,CE,14.9,16.8,14,15,15,31,362.17,550,550,29-JAN-2024,
OPTIDX,NIFTY,22-Feb-2024,19500,PE,0,0,0,4.05,0.05,0,0,0,0,29-JAN-2024,
OPTIDX,NIFTY,22-Feb-2024,19550,PE,0,0,0,4.75,0.05,0,0,0,0,29-JAN-2024,
OPTIDX,NIFTY,22-Feb-2024,19600,PE,0,0,0,5.55,0.05,0,0,0,0,29-JAN-2024,
OPTIDX,NIFTY,22-Feb-2024,19650,PE,0,0,0,6.5,0.1,0,0,0,0,29-JAN-2024,
OPTIDX,NIFTY,22-Feb-2024,19700,PE,0,0,0,7.55,0.15,0,0,0,0,29-JAN-2024,
OPTIDX,NIFTY,22-Feb-2024,19750,PE,0,0,0,8.75,0.15,0,0,0,0,29-JAN-2024,
OPTIDX,NIFTY,22-Feb-2024,19800,PE,0,0,0,15.3,0.25,0,0,0,0,29-JAN-2024,
OPTIDX,NIFTY,22-Feb-2024,19850,PE,0,0,0,11.7,0.3,0,0,0,0,29-JAN-2024,
OPTIDX,NIFTY,22-Feb-2024,19900,PE,0,0,0,13.45,0.4,0,0,0,0,29-JAN-2024,
OPTIDX,NIFTY,22-Feb-2024,19950,PE,0,0,0,15.45,0.5,0,0,0,0,29-JAN-2024,
OPTIDX,NIFTY,22-Feb-2024,20000,PE,20,28.75,15,18.9,18.9,354,3543.63,5450,3500,29-JAN-2024,
OPTIDX,NIFTY,22-Feb-2024,20050,PE,0,0,0,20.2,0.85,0,0,0,0,29-JAN-2024,
OPTIDX,NIFTY,22-Feb-2024,20100,PE,0,0,0,23,1.1,0,0,0,0,29-JAN-2024,
OPTIDX,NIFTY,22-Feb-2024,20150,PE,0,0,0,26.1,1.4,0,0,0,0,29-JAN-2024,
OPTIDX,NIFTY,22-Feb-2024,20200,PE,0,0,0,29.55,1.75,0,0,0,0,29-JAN-2024,
OPTIDX,NIFTY,22-Feb-2024,20250,PE,0,0,0,33.4,2.2,0,0,0,0,29-JAN-2024,
OPTIDX,NIFTY,22-Feb-2024,20300,PE,0,0,0,37.65,2.8,0,0,0,0,29-JAN-2024,
OPTIDX,NIFTY,22-Feb-2024,20350,PE,0,0,0,42.3,3.45,0,0,0,0,29-JAN-2024,
OPTIDX,NIFTY,22-Feb-2024,20400,PE,46.95,46.95,32.25,36.35,36.35,4898,50057.48,13300,-11700,29-JAN-2024,
OPTIDX,NIFTY,22-Feb-2024,20450,PE,0,0,0,53.05,5.3,0,0,0,0,29-JAN-2024,
OPTIDX,NIFTY,22-Feb-2024,20500,PE,48.5,54,41,44.2,44.2,993,10201.56,9100,8600,29-JAN-2024,
OPTIDX,NIFTY,22-Feb-2024,20550,PE,0,0,0,65.85,7.9,0,0,0,0,29-JAN-2024,
OPTIDX,NIFTY,22-Feb-2024,20600,PE,0,0,0,73.15,9.6,0,0,0,0,29-JAN-2024,
OPTIDX,NIFTY,22-Feb-2024,20650,PE,0,0,0,81.05,11.6,0,0,0,0,29-JAN-2024,
OPTIDX,NIFTY,22-Feb-2024,20700,PE,75.3,75.3,56.6,60.1,60.1,1227,12741.56,9200,-22550,29-JAN-2024,
OPTIDX,NIFTY,22-Feb-2024,20750,PE,0,0,0,98.85,16.65,0,0,0,0,29-JAN-2024,
OPTIDX,NIFTY,22-Feb-2024,20800,PE,90.85,90.85,65.95,69.35,69.35,1234,12881.86,34550,33000,29-JAN-2024,
OPTIDX,NIFTY,22-Feb-2024,20850,PE,0,0,0,143,23.45,0,0,100,0,29-JAN-2024,
OPTIDX,NIFTY,22-Feb-2024,20900,PE,105,105,78.45,82.55,82.55,340,3567.85,10250,8100,29-JAN-2024,
OPTIDX,NIFTY,22-Feb-2024,20950,PE,0,0,0,144,32.45,0,0,0,0,29-JAN-2024,
OPTIDX,NIFTY,22-Feb-2024,21000,PE,144.65,146.35,93.6,97.2,97.2,2705,28552.46,41900,22700,29-JAN-2024,
OPTIDX,NIFTY,22-Feb-2024,21050,PE,0,0,0,209.2,44.1,0,0,2100,0,29-JAN-2024,
OPTIDX,NIFTY,22-Feb-2024,21100,PE,155.3,155.3,111.45,118,118,277,2939.95,6100,5900,29-JAN-2024,
OPTIDX,NIFTY,22-Feb-2024,21150,PE,160,162.45,148.45,148.45,58.85,8,85.22,150,50,29-JAN-2024,
OPTIDX,NIFTY,22-Feb-2024,21200,PE,174.7,174.7,130,134.25,134.25,450,4802,10900,7400,29-JAN-2024,
OPTIDX,NIFTY,22-Feb-2024,21250,PE,230.5,230.5,156,156.55,77.25,29,310.64,850,700,29-JAN-2024,
OPTIDX,NIFTY,22-Feb-2024,21300,PE,209.25,209.25,154.55,160.65,160.65,405,4349.53,4100,50,29-JAN-2024,
OPTIDX,NIFTY,22-Feb-2024,21350,PE,244.95,244.95,162.6,162.65,162.65,45,484.53,2050,150,29-JAN-2024,
OPTIDX,NIFTY,22-Feb-2024,21400,PE,245.55,245.55,178.25,189.4,189.4,707,7639.96,14650,-4700,29-JAN-2024,
OPTIDX,NIFTY,22-Feb-2024,21450,PE,279.55,279.55,199.7,205.15,205.15,129,1398.38,1900,1200,29-JAN-2024,
OPTIDX,NIFTY,22-Feb-2024,21500,PE,280.45,296.95,210,217.85,217.85,922,10022.35,16900,7550,29-JAN-2024,
OPTIDX,NIFTY,22-Feb-2024,21550,PE,285.1,292.55,225.05,227.15,227.15,215,2345.19,2350,2200,29-JAN-2024,
OPTIDX,NIFTY,22-Feb-2024,21600,PE,312.45,317.95,240.75,252.15,252.15,223,2439.21,3650,2200,29-JAN-2024,
OPTIDX,NIFTY,22-Feb-2024,21650,PE,295.95,300.9,280,280,196.25,9,98.74,300,200,29-JAN-2024,
OPTIDX,NIFTY,22-Feb-2024,21700,PE,343.4,349.4,280,292.9,292.9,218,2398.55,4500,2950,29-JAN-2024,
OPTIDX,NIFTY,22-Feb-2024,21750,PE,0,0,0,464.95,239.15,0,0,0,0,29-JAN-2024,
OPTIDX,NIFTY,22-Feb-2024,21800,PE,374.1,388.45,319.75,327.4,327.4,353,3911.75,14250,12950,29-JAN-2024,
OPTIDX,NIFTY,22-Feb-2024,21850,PE,0,0,0,522.85,287.6,0,0,0,0,29-JAN-2024,
OPTIDX,NIFTY,22-Feb-2024,21900,PE,370.2,388.9,369.5,382.7,382.7,8,89.12,250,250,29-JAN-2024,
OPTIDX,NIFTY,22-Feb-2024,21950,PE,0,0,0,584.6,341.7,0,0,0,0,29-JAN-2024,
OPTIDX,NIFTY,22-Feb-2024,22000,PE,0,0,0,616.85,370.85,0,0,0,0,29-JAN-2024,
OPTIDX,NIFTY,22-Feb-2024,22050,PE,0,0,0,650.05,401.35,0,0,0,0,29-JAN-2024,
OPTIDX,NIFTY,22-Feb-2024,22100,PE,0,0,0,684.1,433.15,0,0,0,0,29-JAN-2024,
OPTIDX,NIFTY,22-Feb-2024,22150,PE,0,0,0,719,466.25,0,0,0,0,29-JAN-2024,
OPTIDX,NIFTY,22-Feb-2024,22200,PE,0,0,0,754.7,500.6,0,0,0,0,29-JAN-2024,
OPTIDX,NIFTY,22-Feb-2024,22250,PE,0,0,0,791.3,536.15,0,0,0,0,29-JAN-2024,
OPTIDX,NIFTY,22-Feb-2024,22300,PE,0,0,0,829.65,572.9,0,0,0,0,29-JAN-2024,
OPTIDX,NIFTY,22-Feb-2024,22350,PE,0,0,0,866.9,610.7,0,0,0,0,29-JAN-2024,
OPTIDX,NIFTY,22-Feb-2024,22400,PE,0,0,0,905.7,649.55,0,0,0,0,29-JAN-2024,
OPTIDX,NIFTY,22-Feb-2024,22450,PE,0,0,0,945.25,689.4,0,0,0,0,29-JAN-2024,
OPTIDX,NIFTY,22-Feb-2024,22500,PE,0,0,0,985.45,730.2,0,0,0,0,29-JAN-2024,
OPTIDX,NIFTY,22-Feb-2024,22550,PE,0,0,0,1026.25,771.85,0,0,0,0,29-JAN-2024,
OPTIDX,NIFTY,22-Feb-2024,22600,PE,0,0,0,1067.7,814.35,0,0,0,0,29-JAN-2024,
OPTIDX,NIFTY,22-Feb-2024,22650,PE,0,0,0,1109.7,857.55,0,0,0,0,29-JAN-2024,
OPTIDX,NIFTY,22-Feb-2024,22700,PE,0,0,0,1152.3,901.5,0,0,0,0,29-JAN-2024,
OPTIDX,NIFTY,22-Feb-2024,22750,PE,0,0,0,1195.4,946.05,0,0,0,0,29-JAN-2024,
OPTIDX,NIFTY,22-Feb-2024,22800,PE,0,0,0,1238.95,991.2,0,0,0,0,29-JAN-2024,
OPTIDX,NIFTY,22-Feb-2024,22850,PE,0,0,0,1283,1036.9,0,0,0,0,29-JAN-2024,
OPTIDX,NIFTY,22-Feb-2024,22900,PE,0,0,0,1327.5,1083.1,0,0,0,0,29-JAN-2024,
OPTIDX,NIFTY,22-Feb-2024,22950,PE,0,0,0,1372.4,1129.75,0,0,0,0,29-JAN-2024,
OPTIDX,NIFTY,22-Feb-2024,23000,PE,0,0,0,1417.7,1176.75,0,0,0,0,29-JAN-2024,
OPTIDX,NIFTY,22-Feb-2024,23050,PE,0,0,0,1463.35,1224.15,0,0,0,0,29-JAN-2024,
OPTIDX,NIFTY,22-Feb-2024,23100,PE,0,0,0,1509.35,1271.85,0,0,0,0,29-JAN-2024,
OPTIDX,NIFTY,22-Feb-2024,23150,PE,0,0,0,1555.65,1319.8,0,0,0,0,29-JAN-2024,
OPTIDX,NIFTY,22-Feb-2024,23200,PE,0,0,0,1602.25,1368.05,0,0,0,0,29-JAN-2024,
OPTIDX,NIFTY,22-Feb-2024,23250,PE,0,0,0,1649.15,1416.5,0,0,0,0,29-JAN-2024,
OPTIDX,NIFTY,22-Feb-2024,23300,PE,0,0,0,1696.25,1465.1,0,0,0,0,29-JAN-2024,
OPTIDX,NIFTY,22-Feb-2024,23350,PE,0,0,0,1743.65,1513.95,0,0,0,0,29-JAN-2024,
OPTIDX,NIFTY,29-Feb-2024,18650,CE,3050,3180,3050,3180,3180,7,76.12,33250,150,29-JAN-2024,
OPTIDX,NIFTY,29-Feb-2024,18700,CE,2850,3144,2850,3121.05,3121.05,93,1010.27,74550,-1250,29-JAN-2024,
OPTIDX,NIFTY,29-Feb-2024,18750,CE,2989.95,2989.95,2900,2900,3094.8,10,108.35,1150,500,29-JAN-2024,
OPTIDX,NIFTY,29-Feb-2024,18800,CE,2929.2,2929.2,2929.2,2929.2,3045.05,1,10.86,11500,0,29-JAN-2024,
OPTIDX,NIFTY,29-Feb-2024,18850,CE,0,0,0,1710.25,2995.35,0,0,0,0,29-JAN-2024,
OPTIDX,NIFTY,29-Feb-2024,18900,CE,0,0,0,2555,2945.65,0,0,2450,0,29-JAN-2024,
OPTIDX,NIFTY,29-Feb-2024,18950,CE,0,0,0,2410,2895.95,0,0,200,0,29-JAN-2024,
OPTIDX,NIFTY,29-Feb-2024,19000,CE,2599,2865.55,2585,2824.4,2824.4,978,10622.41,700700,13850,29-JAN-2024,
OPTIDX,NIFTY,29-Feb-2024,19050,CE,0,0,0,2476.45,2796.5,0,0,100,0,29-JAN-2024,
OPTIDX,NIFTY,29-Feb-2024,19100,CE,0,0,0,2300.45,2746.8,0,0,2550,0,29-JAN-2024,
OPTIDX,NIFTY,29-Feb-2024,19150,CE,0,0,0,2340,2697.1,0,0,200,0,29-JAN-2024,
OPTIDX,NIFTY,29-Feb-2024,19200,CE,2478.3,2482.35,2468.05,2482.35,2647.4,8,86.7,3950,200,29-JAN-2024,
OPTIDX,NIFTY,29-Feb-2024,19250,CE,0,0,0,2140,2597.7,0,0,150,0,29-JAN-2024,
OPTIDX,NIFTY,29-Feb-2024,19300,CE,2381,2505,2380.95,2505,2548,4,43.45,6150,0,29-JAN-2024,
OPTIDX,NIFTY,29-Feb-2024,19350,CE,2359.65,2359.65,2359.65,2359.65,2498.3,1,10.85,9150,0,29-JAN-2024,
OPTIDX,NIFTY,29-Feb-2024,19400,CE,2348.4,2478.65,2348.4,2472.95,2472.95,10,109.1,8950,50,29-JAN-2024,
OPTIDX,NIFTY,29-Feb-2024,19450,CE,0,0,0,1231.75,2398.95,0,0,0,0,29-JAN-2024,
OPTIDX,NIFTY,29-Feb-2024,19500,CE,2099.95,2369.85,2099.95,2332.55,2332.55,326,3545.59,143000,10750,29-JAN-2024,
OPTIDX,NIFTY,29-Feb-2024,19550,CE,0,0,0,1159.6,2299.6,0,0,0,0,29-JAN-2024,
OPTIDX,NIFTY,29-Feb-2024,19600,CE,2114,2275,2114,2245.85,2245.85,16,174.58,14100,500,29-JAN-2024,
OPTIDX,NIFTY,29-Feb-2024,19650,CE,0,0,0,1835.5,2200.3,0,0,200,0,29-JAN-2024,
OPTIDX,NIFTY,29-Feb-2024,19700,CE,1909.95,2217.25,1909.95,2178.65,2178.65,25,271.28,23450,1100,29-JAN-2024,
OPTIDX,NIFTY,29-Feb-2024,19750,CE,0,0,0,1020.15,2101.15,0,0,0,0,29-JAN-2024,
OPTIDX,NIFTY,29-Feb-2024,19800,CE,1969.25,1969.25,1928.5,1928.5,2051.6,5,54.4,13300,0,29-JAN-2024,
OPTIDX,NIFTY,29-Feb-2024,19850,CE,0,0,0,1615.5,2002.05,0,0,250,0,29-JAN-2024,
OPTIDX,NIFTY,29-Feb-2024,19900,CE,1719.7,1885,1719.7,1885,1952.6,11,119.36,11700,300,29-JAN-2024,
OPTIDX,NIFTY,29-Feb-2024,19950,CE,0,0,0,1493.5,1903.2,0,0,1900,0,29-JAN-2024,
OPTIDX,NIFTY,29-Feb-2024,20000,CE,1600,1897,1589.95,1861.75,1861.75,1615,17565.43,779550,4750,29-JAN-2024,
OPTIDX,NIFTY,29-Feb-2024,20050,CE,0,0,0,1517.3,1804.55,0,0,50,0,29-JAN-2024,
OPTIDX,NIFTY,29-Feb-2024,20100,CE,1629.1,1786.6,1629.1,1786.6,1786.6,10,108.87,10400,200,29-JAN-2024,
OPTIDX,NIFTY,29-Feb-2024,20150,CE,0,0,0,1374.15,1706.25,0,0,150,0,29-JAN-2024,
OPTIDX,NIFTY,29-Feb-2024,20200,CE,1445,1677,1444.95,1677,1657.3,31,337.56,27100,200,29-JAN-2024,
OPTIDX,NIFTY,29-Feb-2024,20250,CE,0,0,0,1210,1608.45,0,0,450,0,29-JAN-2024,
OPTIDX,NIFTY,29-Feb-2024,20300,CE,1503.4,1620.7,1501.15,1620.7,1620.7,8,87.3,22300,0,29-JAN-2024,
OPTIDX,NIFTY,29-Feb-2024,20350,CE,0,0,0,1136.75,1511.25,0,0,200,0,29-JAN-2024,
OPTIDX,NIFTY,29-Feb-2024,20400,CE,1295,1490,1295,1464.5,1464.5,16,174.47,41800,0,29-JAN-2024,
OPTIDX,NIFTY,29-Feb-2024,20450,CE,1316.95,1410,1316.95,1410,1414.9,2,21.81,950,0,29-JAN-2024,
OPTIDX,NIFTY,29-Feb-2024,20500,CE,1137.2,1430.7,1136.05,1418.9,1418.9,2190,23880.54,389450,24450,29-JAN-2024,
OPTIDX,NIFTY,29-Feb-2024,20550,CE,1314.8,1369.45,1314.8,1357,1357,16,175.23,800,-500,29-JAN-2024,
OPTIDX,NIFTY,29-Feb-2024,20600,CE,1088.95,1329.1,1088.95,1300,1300,61,665.82,27750,1100,29-JAN-2024,
OPTIDX,NIFTY,29-Feb-2024,20650,CE,0,0,0,883.75,1225.55,0,0,1500,0,29-JAN-2024,
OPTIDX,NIFTY,29-Feb-2024,20700,CE,949,1233,949,1233,1179.1,48,524.17,62800,-350,29-JAN-2024,
OPTIDX,NIFTY,29-Feb-2024,20750,CE,964.2,1110.05,964.2,1097.8,1133.15,12,130.74,1750,100,29-JAN-2024,
OPTIDX,NIFTY,29-Feb-2024,20800,CE,875,1163,875,1128.75,1128.75,295,3222.02,90600,-2600,29-JAN-2024,
OPTIDX,NIFTY,29-Feb-2024,20850,CE,882.2,1101.65,882.2,1101.65,1101.65,12,130.86,5000,50,29-JAN-2024,
OPTIDX,NIFTY,29-Feb-2024,20900,CE,817,1077.45,817,1046.6,1046.6,75,819.93,102800,-350,29-JAN-2024,
OPTIDX,NIFTY,29-Feb-2024,20950,CE,973.25,973.25,947.45,961,954.5,5,54.77,4850,150,29-JAN-2024,
OPTIDX,NIFTY,29-Feb-2024,21000,CE,759.7,998.85,721.95,975.55,975.55,8246,90159.88,662000,-69500,29-JAN-2024,
OPTIDX,NIFTY,29-Feb-2024,21050,CE,743.1,927.95,743.1,927.95,927.95,24,262.55,11900,-450,29-JAN-2024,
OPTIDX,NIFTY,29-Feb-2024,21100,CE,661.5,919.2,656.5,900.95,900.95,702,7676.57,91700,2350,29-JAN-2024,
OPTIDX,NIFTY,29-Feb-2024,21150,CE,646.15,880.15,639.45,842.55,842.55,461,5051.34,7150,-2550,29-JAN-2024,
OPTIDX,NIFTY,29-Feb-2024,21200,CE,587.55,842.15,587.55,816,816,7035,77125.98,154000,-67800,29-JAN-2024,
OPTIDX,NIFTY,29-Feb-2024,21250,CE,568.05,801.15,566.05,773.65,773.65,1177,12915.43,15050,-16700,29-JAN-2024,
OPTIDX,NIFTY,29-Feb-2024,21300,CE,527.85,765.55,519.3,739.9,739.9,10831,118820.37,400450,-97800,29-JAN-2024,
OPTIDX,NIFTY,29-Feb-2024,21350,CE,475,725,475,710.55,710.55,1278,14034.17,22400,-12200,29-JAN-2024,
OPTIDX,NIFTY,29-Feb-2024,21400,CE,446.65,691.25,446.65,664.3,664.3,19405,213067.24,320850,-84700,29-JAN-2024,
OPTIDX,NIFTY,29-Feb-2024,21450,CE,446.55,654.8,446,629.05,629.05,2537,27889.63,34500,-4950,29-JAN-2024,
OPTIDX,NIFTY,29-Feb-2024,21500,CE,399.95,620.8,394.9,594.4,594.4,57192,629582.53,1577600,-95350,29-JAN-2024,
OPTIDX,NIFTY,29-Feb-2024,21550,CE,390.95,587.5,388.05,558.85,558.85,4754,52404.34,44450,17700,29-JAN-2024,
OPTIDX,NIFTY,29-Feb-2024,21600,CE,349.85,554.95,323.05,529.45,529.45,42814,472348.96,518650,50100,29-JAN-2024,
OPTIDX,NIFTY,29-Feb-2024,21650,CE,337.05,523.15,335.55,500.35,500.35,8539,94344.43,51900,12200,29-JAN-2024,
OPTIDX,NIFTY,29-Feb-2024,21700,CE,286.25,494.3,286.25,472.7,472.7,65559,724739.8,1001850,475550,29-JAN-2024,
OPTIDX,NIFTY,29-Feb-2024,21750,CE,287.55,463,287.35,443.7,443.7,5494,60827.2,49300,18250,29-JAN-2024,
OPTIDX,NIFTY,29-Feb-2024,21800,CE,226.7,434.7,226.7,410.5,410.5,42606,472323.45,779350,140450,29-JAN-2024,
OPTIDX,NIFTY,29-Feb-2024,21850,CE,236.05,408.15,236.05,390.15,390.15,4551,50493.16,52150,18950,29-JAN-2024,
OPTIDX,NIFTY,29-Feb-2024,21900,CE,208,385,208,360.8,360.8,18603,206664.91,396450,20400,29-JAN-2024,
OPTIDX,NIFTY,29-Feb-2024,21950,CE,198.1,357.85,198.1,324.9,324.9,3536,39333.37,26650,4250,29-JAN-2024,
OPTIDX,NIFTY,29-Feb-2024,22000,CE,170.2,333,170.15,314.95,314.95,65876,733590.64,1970800,125900,29-JAN-2024,
OPTIDX,NIFTY,29-Feb-2024,22050,CE,165.45,307.25,165.45,291.55,291.55,2644,29483.81,34850,4100,29-JAN-2024,
OPTIDX,NIFTY,29-Feb-2024,22100,CE,149.95,283.95,145.4,269.1,269.1,10898,121627.42,313700,38950,29-JAN-2024,
OPTIDX,NIFTY,29-Feb-2024,22150,CE,136.65,262.95,136.65,248.8,248.8,1224,13686.43,32100,-1200,29-JAN-2024,
OPTIDX,NIFTY,29-Feb-2024,22200,CE,123,242.95,123,230.95,230.95,23912,267661.55,569350,93200,29-JAN-2024,
OPTIDX,NIFTY,29-Feb-2024,22250,CE,111.75,223.5,111.75,212.5,212.5,2600,29152.42,71600,4400,29-JAN-2024,
OPTIDX,NIFTY,29-Feb-2024,22300,CE,101.75,205.8,101.75,193.85,193.85,13744,154310.96,311200,-49800,29-JAN-2024,
OPTIDX,NIFTY,29-Feb-2024,22350,CE,92.4,187.65,92.4,174.9,174.9,1706,19185.14,24750,3200,29-JAN-2024,
OPTIDX,NIFTY,29-Feb-2024,22400,CE,86.15,172.85,86.15,161.85,161.85,14636,164841.11,363450,124150,29-JAN-2024,
OPTIDX,NIFTY,29-Feb-2024,22450,CE,76.45,157.65,76.45,144.55,144.55,1685,19010.89,45950,11250,29-JAN-2024,
OPTIDX,NIFTY,29-Feb-2024,22500,CE,72.95,145.9,71,134.4,134.4,47709,539315.84,1375200,230400,29-JAN-2024,
OPTIDX,NIFTY,29-Feb-2024,22550,CE,64.3,131.95,60.55,123.85,123.85,1194,13519.31,24950,4600,29-JAN-2024,
OPTIDX,NIFTY,29-Feb-2024,22600,CE,60.05,119.9,59.55,112.75,112.75,14669,166386.46,350400,93650,29-JAN-2024,
OPTIDX,NIFTY,29-Feb-2024,22650,CE,54.55,109.2,54.55,101.05,101.05,1053,11967.24,27550,-8000,29-JAN-2024,
OPTIDX,NIFTY,29-Feb-2024,22700,CE,50.4,99.75,50.4,91.45,91.45,10174,115850.44,336800,108850,29-JAN-2024,
OPTIDX,NIFTY,29-Feb-2024,22750,CE,46.55,90.5,46.55,84.1,84.1,1233,14066.79,34650,350,29-JAN-2024,
OPTIDX,NIFTY,29-Feb-2024,22800,CE,43,82,41.55,74,74,9630,110074.39,281150,-7100,29-JAN-2024,
OPTIDX,NIFTY,29-Feb-2024,22850,CE,41.35,73.95,41.15,68.9,68.9,1358,15551.65,50050,1750,29-JAN-2024,
OPTIDX,NIFTY,29-Feb-2024,22900,CE,38.25,67.65,36.8,61.8,61.8,5014,57535.37,141100,-1300,29-JAN-2024,
OPTIDX,NIFTY,29-Feb-2024,22950,CE,36.55,60.4,35.6,55.5,55.5,659,7577.13,25000,1400,29-JAN-2024,
OPTIDX,NIFTY,29-Feb-2024,23000,CE,36.05,57.65,32.9,52.35,52.35,43953,506413.53,3163550,63150,29-JAN-2024,
OPTIDX,NIFTY,29-Feb-2024,23050,CE,32.1,50.15,32.1,47.25,47.25,409,4722.15,12500,-300,29-JAN-2024,
OPTIDX,NIFTY,29-Feb-2024,23100,CE,30,45.25,28.8,41.25,41.25,5672,65613.12,153150,65500,29-JAN-2024,
OPTIDX,NIFTY,29-Feb-2024,23150,CE,28.45,41.15,27.55,37,37,480,5563.8,15300,4650,29-JAN-2024,
OPTIDX,NIFTY,29-Feb-2024,23200,CE,27.25,37.75,26.15,34.15,34.15,5479,63638.45,194100,11250,29-JAN-2024,
OPTIDX,NIFTY,29-Feb-2024,23250,CE,25.55,33.35,24.15,30.8,30.8,847,9858.35,12000,-500,29-JAN-2024,
OPTIDX,NIFTY,29-Feb-2024,23300,CE,23.35,30.35,21.75,27.7,27.7,6469,75444.84,242200,74500,29-JAN-2024,
OPTIDX,NIFTY,29-Feb-2024,23350,CE,23.3,27.35,20.35,26.2,26.2,837,9781.55,13850,-2850,29-JAN-2024,
OPTIDX,NIFTY,29-Feb-2024,23400,CE,18.9,24.95,18.55,23.25,23.25,3330,38995.49,144450,5950,29-JAN-2024,
OPTIDX,NIFTY,29-Feb-2024,23450,CE,19.1,22.9,17.45,21.35,21.35,600,7040.9,24700,5850,29-JAN-2024,
OPTIDX,NIFTY,29-Feb-2024,23500,CE,19,21,16.1,19,19,17902,210510.46,810550,171050,29-JAN-2024,
OPTIDX,NIFTY,29-Feb-2024,23550,CE,17.4,18.45,15.2,16.9,16.9,455,5361.44,13150,4150,29-JAN-2024,
OPTIDX,NIFTY,29-Feb-2024,23600,CE,15.05,17.15,13.7,15.75,15.75,4473,52815.11,281400,57200,29-JAN-2024,
OPTIDX,NIFTY,29-Feb-2024,23650,CE,16.95,17.4,10.25,14.35,14.35,1268,15003.21,15500,-13000,29-JAN-2024,
OPTIDX,NIFTY,29-Feb-2024,23700,CE,14.6,14.75,12.1,13.3,13.3,3826,45363.67,105300,32150,29-JAN-2024,
OPTIDX,NIFTY,29-Feb-2024,23750,CE,14.1,14.55,11.6,12.9,12.9,478,5679.3,12750,5900,29-JAN-2024,
OPTIDX,NIFTY,29-Feb-2024,23800,CE,12.55,13.15,10.6,11.5,11.5,3054,36360.66,163650,37300,29-JAN-2024,
OPTIDX,NIFTY,29-Feb-2024,23850,CE,12.6,12.6,10.2,11.15,11.15,1308,15605.34,48200,12150,29-JAN-2024,
OPTIDX,NIFTY,29-Feb-2024,18650,PE,4,6.8,3.8,4.8,4.8,329,3068.61,33550,7350,29-JAN-2024,
OPTIDX,NIFTY,29-Feb-2024,18700,PE,3.95,4.7,3.6,4.4,4.4,1046,9782.22,52800,5400,29-JAN-2024,
OPTIDX,NIFTY,29-Feb-2024,18750,PE,0,0,0,77,0.05,0,0,0,0,29-JAN-2024,
OPTIDX,NIFTY,29-Feb-2024,18800,PE,5.95,5.95,4.1,5.6,5.6,93,874.45,5750,1600,29-JAN-2024,
OPTIDX,NIFTY,29-Feb-2024,18850,PE,0,0,0,89.45,0.05,0,0,0,0,29-JAN-2024,
OPTIDX,NIFTY,29-Feb-2024,18900,PE,3.1,3.1,3.1,3.1,0.05,3,28.35,1250,100,29-JAN-2024,
OPTIDX,NIFTY,29-Feb-2024,18950,PE,0,0,0,103.4,0.05,0,0,0,0,29-JAN-2024,
OPTIDX,NIFTY,29-Feb-2024,19000,PE,7.2,7.6,6.15,7.3,7.3,3740,35542.86,979250,5250,29-JAN-2024,
OPTIDX,NIFTY,29-Feb-2024,19050,PE,0,0,0,119.05,0.05,0,0,0,0,29-JAN-2024,
OPTIDX,NIFTY,29-Feb-2024,19100,PE,0,0,0,127.5,0.05,0,0,0,0,29-JAN-2024,
OPTIDX,NIFTY,29-Feb-2024,19150,PE,0,0,0,136.4,0.05,0,0,0,0,29-JAN-2024,
OPTIDX,NIFTY,29-Feb-2024,19200,PE,9.75,10.4,7.6,8.5,8.5,794,7625.82,20450,3850,29-JAN-2024,
OPTIDX,NIFTY,29-Feb-2024,19250,PE,9.25,9.85,8,8.7,8.7,100,962.94,1350,-300,29-JAN-2024,
OPTIDX,NIFTY,29-Feb-2024,19300,PE,9.5,10.2,8.45,9.3,9.3,2420,23364.38,65150,-4900,29-JAN-2024,
OPTIDX,NIFTY,29-Feb-2024,19350,PE,10.25,10.7,8.7,9.75,9.75,269,2603.87,2650,200,29-JAN-2024,
OPTIDX,NIFTY,29-Feb-2024,19400,PE,10.6,11.25,6.75,10.1,10.1,2424,23525.18,31950,14500,29-JAN-2024,
OPTIDX,NIFTY,29-Feb-2024,19450,PE,14.2,14.2,9.85,10.75,10.75,390,3794.83,5400,550,29-JAN-2024,
OPTIDX,NIFTY,29-Feb-2024,19500,PE,13.35,13.35,10.15,11.75,11.75,16940,165260.59,935450,89950,29-JAN-2024,
OPTIDX,NIFTY,29-Feb-2024,19550,PE,12.4,13.1,10.95,12.25,12.25,347,3393.97,3900,400,29-JAN-2024,
OPTIDX,NIFTY,29-Feb-2024,19600,PE,12.95,14,11.45,13.1,13.1,1390,13630.93,44050,-2850,29-JAN-2024,
OPTIDX,NIFTY,29-Feb-2024,19650,PE,14.5,15.05,12.5,13.95,13.95,828,8140.81,11100,5500,29-JAN-2024,
OPTIDX,NIFTY,29-Feb-2024,19700,PE,15.5,16.15,13.2,14.85,14.85,3429,33800.54,171200,14350,29-JAN-2024,
OPTIDX,NIFTY,29-Feb-2024,19750,PE,17.15,17.6,14.9,16.6,16.6,1118,11049.47,48300,21000,29-JAN-2024,
OPTIDX,NIFTY,29-Feb-2024,19800,PE,18,19.3,15.7,17.55,17.55,7480,74118.05,454150,117750,29-JAN-2024,
OPTIDX,NIFTY,29-Feb-2024,19850,PE,20.7,22.1,17.7,19.6,19.6,507,5036.96,13500,3300,29-JAN-2024,
OPTIDX,NIFTY,29-Feb-2024,19900,PE,25.85,25.85,19.1,21.15,21.15,3086,30739.33,329550,8250,29-JAN-2024,
OPTIDX,NIFTY,29-Feb-2024,19950,PE,24,25.45,21.7,23.4,23.4,455,4544.02,15750,-1900,29-JAN-2024,
OPTIDX,NIFTY,29-Feb-2024,20000,PE,23.55,39.95,20,26.15,26.15,38051,381013.33,2219800,81850,29-JAN-2024,
OPTIDX,NIFTY,29-Feb-2024,20050,PE,33.45,33.45,26,27.4,27.4,955,9587.33,22550,2400,29-JAN-2024,
OPTIDX,NIFTY,29-Feb-2024,20100,PE,31.1,33.65,28.45,30,30,7709,77593.33,444550,-27350,29-JAN-2024,
OPTIDX,NIFTY,29-Feb-2024,20150,PE,35,36.35,30.1,31.7,31.7,985,9940.06,13800,-3000,29-JAN-2024,
OPTIDX,NIFTY,29-Feb-2024,20200,PE,37.7,40,32.95,34.55,34.55,13297,134540.09,544100,-57500,29-JAN-2024,
OPTIDX,NIFTY,29-Feb-2024,20250,PE,41.25,42.95,35.1,37.1,37.1,861,8734.2,20250,1000,29-JAN-2024,
OPTIDX,NIFTY,29-Feb-2024,20300,PE,42,47,38.55,40.5,40.5,19069,193951.04,591100,19750,29-JAN-2024,
OPTIDX,NIFTY,29-Feb-2024,20350,PE,47.45,50.25,41.2,42.35,42.35,1324,13501.64,24700,-5550,29-JAN-2024,
OPTIDX,NIFTY,29-Feb-2024,20400,PE,61.35,61.35,43.8,45.8,45.8,21287,217643.7,650550,127950,29-JAN-2024,
OPTIDX,NIFTY,29-Feb-2024,20450,PE,55.65,59.55,48.25,49.45,49.45,1463,14997.96,23900,1900,29-JAN-2024,
OPTIDX,NIFTY,29-Feb-2024,20500,PE,64.65,66.5,52,55.05,55.05,41964,431368.14,2213350,135150,29-JAN-2024,
OPTIDX,NIFTY,29-Feb-2024,20550,PE,66.3,69.7,55.2,57.55,57.55,1306,13458.99,24650,7400,29-JAN-2024,
OPTIDX,NIFTY,29-Feb-2024,20600,PE,69.6,77.5,59.3,61.9,61.9,13600,140531.48,424950,104500,29-JAN-2024,
OPTIDX,NIFTY,29-Feb-2024,20650,PE,88,88,65.15,67.25,67.25,3067,31779.89,71150,-24600,29-JAN-2024,
OPTIDX,NIFTY,29-Feb-2024,20700,PE,79,89.4,69.9,73.45,73.45,14340,148980.47,467500,31100,29-JAN-2024,
OPTIDX,NIFTY,29-Feb-2024,20750,PE,100,100,76,79.15,79.15,1904,19834.37,40400,-6350,29-JAN-2024,
OPTIDX,NIFTY,29-Feb-2024,20800,PE,98.2,105,81,84.9,84.9,26900,280984.73,615850,-63700,29-JAN-2024,
OPTIDX,NIFTY,29-Feb-2024,20850,PE,109.55,114.9,88.6,91.35,91.35,1656,17345.22,30450,-8300,29-JAN-2024,
OPTIDX,NIFTY,29-Feb-2024,20900,PE,125.9,125.9,95,99.25,99.25,14591,153248.94,480250,112100,29-JAN-2024,
OPTIDX,NIFTY,29-Feb-2024,20950,PE,130.7,136.15,104,107.1,107.1,2672,28147.31,29600,-15600,29-JAN-2024,
OPTIDX,NIFTY,29-Feb-2024,21000,PE,169.6,169.6,111.85,117.6,117.6,65026,686893,3152850,226950,29-JAN-2024,
OPTIDX,NIFTY,29-Feb-2024,21050,PE,159.75,162.2,120.9,125.5,125.5,1361,14417.96,27150,2350,29-JAN-2024,
OPTIDX,NIFTY,29-Feb-2024,21100,PE,189.9,200.05,129,133.9,133.9,10908,115867.08,388300,62700,29-JAN-2024,
OPTIDX,NIFTY,29-Feb-2024,21150,PE,186.65,186.7,139,145.05,145.05,1945,20721.89,32250,6700,29-JAN-2024,
OPTIDX,NIFTY,29-Feb-2024,21200,PE,203.95,219.85,150,156.85,156.85,28172,301015.46,978900,161550,29-JAN-2024,
OPTIDX,NIFTY,29-Feb-2024,21250,PE,218.55,218.55,160,168.2,168.2,2614,28013.65,81300,3050,29-JAN-2024,
OPTIDX,NIFTY,29-Feb-2024,21300,PE,219.95,233.75,174.5,181.95,181.95,23357,251068.96,992200,-79750,29-JAN-2024,
OPTIDX,NIFTY,29-Feb-2024,21350,PE,262.9,262.9,185,194.3,194.3,2797,30153.41,65450,1250,29-JAN-2024,
OPTIDX,NIFTY,29-Feb-2024,21400,PE,270,275.6,198.6,208.25,208.25,37336,403807.83,606100,54600,29-JAN-2024,
OPTIDX,NIFTY,29-Feb-2024,21450,PE,281.5,287.85,213.85,221.95,221.95,4316,46816.58,78000,8950,29-JAN-2024,
OPTIDX,NIFTY,29-Feb-2024,21500,PE,312.95,312.95,229.2,239.55,239.55,89474,973424.96,2411700,368400,29-JAN-2024,
OPTIDX,NIFTY,29-Feb-2024,21550,PE,325.45,331.85,244.6,256,256,6450,70377.26,61350,34250,29-JAN-2024,
OPTIDX,NIFTY,29-Feb-2024,21600,PE,348.85,351.3,261.35,272.4,272.4,47193,516625.69,695700,230550,29-JAN-2024,
OPTIDX,NIFTY,29-Feb-2024,21650,PE,371.45,375.15,279.2,291.4,291.4,5690,62468.96,71450,29350,29-JAN-2024,
OPTIDX,NIFTY,29-Feb-2024,21700,PE,397.9,400.95,296.2,309.35,309.35,71765,790667.84,1043600,542350,29-JAN-2024,
OPTIDX,NIFTY,29-Feb-2024,21750,PE,423.95,426.75,315.05,329.6,329.6,4826,53320.82,57300,28100,29-JAN-2024,
OPTIDX,NIFTY,29-Feb-2024,21800,PE,439.95,462,336.1,352.35,352.35,30411,336968.49,564250,154150,29-JAN-2024,
OPTIDX,NIFTY,29-Feb-2024,21850,PE,482.45,482.45,360.05,373.3,373.3,2889,32136.33,58250,16000,29-JAN-2024,
OPTIDX,NIFTY,29-Feb-2024,21900,PE,511.95,511.95,380,394.35,394.35,9147,102027.81,309800,102350,29-JAN-2024,
OPTIDX,NIFTY,29-Feb-2024,21950,PE,549.9,549.9,408.45,417.85,417.85,1115,12484.9,16100,-3850,29-JAN-2024,
OPTIDX,NIFTY,29-Feb-2024,22000,PE,635,635,433.8,447.25,447.25,25954,291662.92,1295750,240550,29-JAN-2024,
OPTIDX,NIFTY,29-Feb-2024,22050,PE,655,655,460.3,473.7,473.7,730,8228.51,28850,11950,29-JAN-2024,
OPTIDX,NIFTY,29-Feb-2024,22100,PE,634.95,642.05,485.1,498.6,498.6,2720,30817.64,103050,-32000,29-JAN-2024,
OPTIDX,NIFTY,29-Feb-2024,22150,PE,698.2,698.2,515.05,520.05,520.05,357,4054.46,11650,-4100,29-JAN-2024,
OPTIDX,NIFTY,29-Feb-2024,22200,PE,709.35,709.35,542.15,555.85,555.85,1076,12261.08,102650,2000,29-JAN-2024,
OPTIDX,NIFTY,29-Feb-2024,22250,PE,699.4,699.4,576.4,600.9,600.9,372,4256.8,35000,-4650,29-JAN-2024,
OPTIDX,NIFTY,29-Feb-2024,22300,PE,755.15,755.15,605,624.85,624.85,920,10557.61,72700,12650,29-JAN-2024,
OPTIDX,NIFTY,29-Feb-2024,22350,PE,678.3,682.2,640.35,670,670,100,1151.02,17550,-3200,29-JAN-2024,
OPTIDX,NIFTY,29-Feb-2024,22400,PE,797.9,809.95,671.45,694.05,694.05,405,4682.41,111700,5000,29-JAN-2024,
OPTIDX,NIFTY,29-Feb-2024,22450,PE,800,800,800,800,694.9,1,11.62,20400,0,29-JAN-2024,
OPTIDX,NIFTY,29-Feb-2024,22500,PE,964.95,968,742.05,761.2,761.2,4051,47206.08,475450,51950,29-JAN-2024,
OPTIDX,NIFTY,29-Feb-2024,22550,PE,869.55,880,806,816.95,773.3,9,105.34,10500,200,29-JAN-2024,
OPTIDX,NIFTY,29-Feb-2024,22600,PE,961.2,962.8,828.9,869.95,813.75,56,656.91,9950,-250,29-JAN-2024,
OPTIDX,NIFTY,29-Feb-2024,22650,PE,952.2,958.9,867.65,867.65,855.05,35,412.13,5200,-200,29-JAN-2024,
OPTIDX,NIFTY,29-Feb-2024,22700,PE,924.15,924.15,901.95,906.55,906.55,20,236.07,15250,-100,29-JAN-2024,
OPTIDX,NIFTY,29-Feb-2024,22750,PE,1123,1123,979,980.95,939.7,5,59.39,7450,0,29-JAN-2024,
OPTIDX,NIFTY,29-Feb-2024,22800,PE,1092.25,1092.25,983.4,1013,1013,41,488.55,10800,-600,29-JAN-2024,
OPTIDX,NIFTY,29-Feb-2024,22850,PE,1026.55,1026.55,1026.55,1026.55,1026.55,1,11.93,3400,0,29-JAN-2024,
OPTIDX,NIFTY,29-Feb-2024,22900,PE,1183.35,1201.25,1051.85,1072.7,1072.7,24,288.41,6300,-250,29-JAN-2024,
OPTIDX,NIFTY,29-Feb-2024,22950,PE,1194.25,1194.25,1138.55,1138.55,1116.45,2,24.11,1350,0,29-JAN-2024,
OPTIDX,NIFTY,29-Feb-2024,23000,PE,1454.15,1454.15,1145.2,1166.5,1166.5,2120,25703.15,634150,6100,29-JAN-2024,
OPTIDX,NIFTY,29-Feb-2024,23050,PE,1337.55,1337.55,1337.55,1337.55,1207.9,1,12.19,850,0,29-JAN-2024,
OPTIDX,NIFTY,29-Feb-2024,23100,PE,1392.45,1392.45,1355.05,1357.7,1254.2,4,48.93,3400,-150,29-JAN-2024,
OPTIDX,NIFTY,29-Feb-2024,23150,PE,1436.7,1436.7,1383.75,1383.75,1300.9,3,36.82,350,-150,29-JAN-2024,
OPTIDX,NIFTY,29-Feb-2024,23200,PE,1450,1460,1450,1450,1347.95,5,61.63,4700,0,29-JAN-2024,
OPTIDX,NIFTY,29-Feb-2024,23250,PE,1529.05,1529.05,1401.75,1401.75,1395.3,3,37.07,300,-150,29-JAN-2024,
OPTIDX,NIFTY,29-Feb-2024,23300,PE,1579.45,1579.45,1460,1460,1442.9,9,111.66,5550,-200,29-JAN-2024,
OPTIDX,NIFTY,29-Feb-2024,23350,PE,1623.2,1623.2,1623.2,1623.2,1490.8,1,12.48,50,50,29-JAN-2024,
OPTIDX,NIFTY,29-Feb-2024,23400,PE,0,0,0,2361.35,1538.9,0,0,0,0,29-JAN-2024,
OPTIDX,NIFTY,29-Feb-2024,23450,PE,0,0,0,2407.4,1587.15,0,0,0,0,29-JAN-2024,
OPTIDX,NIFTY,29-Feb-2024,23500,PE,1874.95,1875,1608,1650.4,1650.4,502,6328.95,83550,6500,29-JAN-2024,
OPTIDX,NIFTY,29-Feb-2024,23550,PE,0,0,0,2500.05,1684.25,0,0,0,0,29-JAN-2024,
OPTIDX,NIFTY,29-Feb-2024,23600,PE,0,0,0,2546.6,1733.05,0,0,0,0,29-JAN-2024,
OPTIDX,NIFTY,29-Feb-2024,23650,PE,0,0,0,2593.3,1781.95,0,0,0,0,29-JAN-2024,
OPTIDX,NIFTY,29-Feb-2024,23700,PE,0,0,0,2168.3,1830.95,0,0,700,0,29-JAN-2024,
OPTIDX,NIFTY,29-Feb-2024,23750,PE,0,0,0,2533.7,1880.05,0,0,0,0,29-JAN-2024,
OPTIDX,NIFTY,29-Feb-2024,23800,PE,1936,2053.8,1936,1939.35,1929.25,7,90.19,950,0,29-JAN-2024,
OPTIDX,NIFTY,29-Feb-2024,23850,PE,2147.75,2147.75,2054,2054,1978.5,3,38.91,250,0,29-JAN-2024,
OPTIDX,NIFTY,28-Mar-2024,14000,CE,7628.05,7800,7628.05,7800,7800,6,65.12,322850,-100,29-JAN-2024,
OPTIDX,NIFTY,28-Mar-2024,15000,CE,6899,6899,6682.15,6751.55,6900.35,15,163.35,25750,-150,29-JAN-2024,
OPTIDX,NIFTY,28-Mar-2024,16000,CE,5760,5760,5750,5750.05,5911.25,4,43.5,44050,-200,29-JAN-2024,
OPTIDX,NIFTY,28-Mar-2024,17000,CE,4650,4908.5,4650,4883.35,4883.35,64,699.42,141350,-450,29-JAN-2024,
OPTIDX,NIFTY,28-Mar-2024,18000,CE,3662.95,3931.1,3662.95,3893.2,3893.2,474,5173.89,634150,8000,29-JAN-2024,
OPTIDX,NIFTY,28-Mar-2024,19000,CE,2748.5,2993.25,2748.5,2961.85,2961.85,267,2927.21,470400,-2050,29-JAN-2024,
OPTIDX,NIFTY,28-Mar-2024,19500,CE,2268.75,2529.1,2268.75,2506.7,2506.7,31,340.78,1500,1350,29-JAN-2024,
OPTIDX,NIFTY,28-Mar-2024,19550,CE,0,0,0,2607.5,2403.4,0,0,0,0,29-JAN-2024,
OPTIDX,NIFTY,28-Mar-2024,19600,CE,0,0,0,2560.8,2354.5,0,0,0,0,29-JAN-2024,
OPTIDX,NIFTY,28-Mar-2024,19650,CE,0,0,0,2514.3,2305.75,0,0,0,0,29-JAN-2024,
OPTIDX,NIFTY,28-Mar-2024,19700,CE,0,0,0,2467.95,2257.05,0,0,0,0,29-JAN-2024,
OPTIDX,NIFTY,28-Mar-2024,19750,CE,0,0,0,2421.85,2208.45,0,0,0,0,29-JAN-2024,
OPTIDX,NIFTY,28-Mar-2024,19800,CE,0,0,0,2000,2159.95,0,0,50,0,29-JAN-2024,
OPTIDX,NIFTY,28-Mar-2024,19850,CE,0,0,0,2330.25,2111.6,0,0,0,0,29-JAN-2024,
OPTIDX,NIFTY,28-Mar-2024,19900,CE,0,0,0,2284.75,2063.35,0,0,0,0,29-JAN-2024,
OPTIDX,NIFTY,28-Mar-2024,19950,CE,0,0,0,2239.55,2015.25,0,0,0,0,29-JAN-2024,
OPTIDX,NIFTY,28-Mar-2024,20000,CE,1757.85,2050,1757.85,2027.55,2027.55,466,5115.76,473050,2050,29-JAN-2024,
OPTIDX,NIFTY,28-Mar-2024,20050,CE,0,0,0,2149.85,1919.65,0,0,0,0,29-JAN-2024,
OPTIDX,NIFTY,28-Mar-2024,20100,CE,0,0,0,2105.4,1872.1,0,0,0,0,29-JAN-2024,
OPTIDX,NIFTY,28-Mar-2024,20150,CE,0,0,0,2061.25,1824.75,0,0,0,0,29-JAN-2024,
OPTIDX,NIFTY,28-Mar-2024,20200,CE,0,0,0,1500,1777.7,0,0,50,0,29-JAN-2024,
OPTIDX,NIFTY,28-Mar-2024,20250,CE,0,0,0,1355.8,1730.85,0,0,50,0,29-JAN-2024,
OPTIDX,NIFTY,28-Mar-2024,20300,CE,0,0,0,1400,1684.25,0,0,300,0,29-JAN-2024,
OPTIDX,NIFTY,28-Mar-2024,20350,CE,0,0,0,1339.55,1638,0,0,400,0,29-JAN-2024,
OPTIDX,NIFTY,28-Mar-2024,20400,CE,0,0,0,1309.75,1592.05,0,0,200,0,29-JAN-2024,
OPTIDX,NIFTY,28-Mar-2024,20450,CE,0,0,0,1208.75,1546.4,0,0,100,0,29-JAN-2024,
OPTIDX,NIFTY,28-Mar-2024,20500,CE,1322,1579,1322,1578.15,1578.15,185,2035.07,54400,3550,29-JAN-2024,
OPTIDX,NIFTY,28-Mar-2024,20550,CE,1482.65,1519.15,1482.65,1509.7,1509.7,21,231.62,900,800,29-JAN-2024,
OPTIDX,NIFTY,28-Mar-2024,20600,CE,1475,1480.3,1474.95,1480.3,1411.8,10,110.38,3800,400,29-JAN-2024,
OPTIDX,NIFTY,28-Mar-2024,20650,CE,0,0,0,1193.85,1367.75,0,0,450,0,29-JAN-2024,
OPTIDX,NIFTY,28-Mar-2024,20700,CE,1335.05,1425,1335.05,1425,1425,15,165.32,700,50,29-JAN-2024,
OPTIDX,NIFTY,28-Mar-2024,20750,CE,1341,1362.85,1341,1351.95,1351.95,2,22.1,700,100,29-JAN-2024,
OPTIDX,NIFTY,28-Mar-2024,20800,CE,1170.25,1290,1170,1290,1238.45,15,165.02,1450,500,29-JAN-2024,
OPTIDX,NIFTY,28-Mar-2024,20850,CE,0,0,0,936.35,1196.4,0,0,200,0,29-JAN-2024,
OPTIDX,NIFTY,28-Mar-2024,20900,CE,1054.55,1245,1054.55,1245,1154.85,7,77.2,1650,0,29-JAN-2024,
OPTIDX,NIFTY,28-Mar-2024,20950,CE,0,0,0,877.7,1113.95,0,0,100,0,29-JAN-2024,
OPTIDX,NIFTY,28-Mar-2024,21000,CE,919.95,1191.95,919.95,1171.85,1171.85,3489,38537.31,1190950,41150,29-JAN-2024,
OPTIDX,NIFTY,28-Mar-2024,21050,CE,948.85,1002.55,948.85,1001.6,1033.95,6,66.12,500,50,29-JAN-2024,
OPTIDX,NIFTY,28-Mar-2024,21100,CE,891.05,1058.7,891.05,1046.8,994.95,99,1092.63,8550,4050,29-JAN-2024,
OPTIDX,NIFTY,28-Mar-2024,21150,CE,0,0,0,737.9,956.6,0,0,300,0,29-JAN-2024,
OPTIDX,NIFTY,28-Mar-2024,21200,CE,782.65,1035.05,782.65,1007.55,1007.55,385,4257.74,25200,8750,29-JAN-2024,
OPTIDX,NIFTY,28-Mar-2024,21250,CE,850,965.8,850,963.25,882.05,14,155.06,1450,-250,29-JAN-2024,
OPTIDX,NIFTY,28-Mar-2024,21300,CE,720,962.95,719.95,946,946,529,5861.95,35350,3000,29-JAN-2024,
OPTIDX,NIFTY,28-Mar-2024,21350,CE,718.55,898.9,718.55,898.5,810.55,47,519.76,2500,1050,29-JAN-2024,
OPTIDX,NIFTY,28-Mar-2024,21400,CE,650,890.85,650,862.6,862.6,810,8977.43,36400,18950,29-JAN-2024,
OPTIDX,NIFTY,28-Mar-2024,21450,CE,690,760.9,690,754.75,742.15,70,776.44,3650,1700,29-JAN-2024,
OPTIDX,NIFTY,28-Mar-2024,21500,CE,589.95,820,579.2,794.95,794.95,4288,47651.55,166200,-24400,29-JAN-2024,
OPTIDX,NIFTY,28-Mar-2024,21550,CE,557.45,790.55,557.45,777.9,777.9,260,2888.68,5850,3550,29-JAN-2024,
OPTIDX,NIFTY,28-Mar-2024,21600,CE,543.05,753.95,541.05,746.1,746.1,1363,15168.48,68750,26250,29-JAN-2024,
OPTIDX,NIFTY,28-Mar-2024,21650,CE,502,702.35,502,693.65,615.3,84,936.67,2550,-150,29-JAN-2024,
OPTIDX,NIFTY,28-Mar-2024,21700,CE,485.2,692.7,485.2,681.3,681.3,1447,16139.1,41600,9150,29-JAN-2024,
OPTIDX,NIFTY,28-Mar-2024,21750,CE,505,661.15,505,637.8,637.8,55,614.56,4100,1000,29-JAN-2024,
OPTIDX,NIFTY,28-Mar-2024,21800,CE,433.15,651.85,433.15,609.8,609.8,1916,21412.12,51300,14800,29-JAN-2024,
OPTIDX,NIFTY,28-Mar-2024,21850,CE,420,601,420,594.95,594.95,39,436.5,800,-400,29-JAN-2024,
OPTIDX,NIFTY,28-Mar-2024,21900,CE,378.9,576.9,378.9,562.65,562.65,816,9141,64250,5950,29-JAN-2024,
OPTIDX,NIFTY,28-Mar-2024,21950,CE,370.3,547.4,370.3,544.25,544.25,80,898.23,2600,1450,29-JAN-2024,
OPTIDX,NIFTY,28-Mar-2024,22000,CE,331.95,520,329.95,502.3,502.3,11877,133257.36,1047100,48700,29-JAN-2024,
OPTIDX,NIFTY,28-Mar-2024,22050,CE,321.6,491.35,321.6,488.35,488.35,342,3842.4,12000,8350,29-JAN-2024,
OPTIDX,NIFTY,28-Mar-2024,22100,CE,307,465.9,307,452.1,452.1,603,6787.01,44300,4750,29-JAN-2024,
OPTIDX,NIFTY,28-Mar-2024,22150,CE,291.05,440.45,291.05,434.65,434.65,80,901.86,6650,1400,29-JAN-2024,
OPTIDX,NIFTY,28-Mar-2024,22200,CE,253.8,414.5,253.8,391.95,391.95,1755,19780.6,94850,10400,29-JAN-2024,
OPTIDX,NIFTY,28-Mar-2024,22250,CE,288.4,373.4,288.35,369.45,369.45,24,270.9,3100,-400,29-JAN-2024,
OPTIDX,NIFTY,28-Mar-2024,22300,CE,202.95,369.4,202.95,350.2,350.2,1798,20313.65,57200,-2550,29-JAN-2024,
OPTIDX,NIFTY,28-Mar-2024,22350,CE,210,345.15,210,341.2,341.2,62,702.24,3400,450,29-JAN-2024,
OPTIDX,NIFTY,28-Mar-2024,22400,CE,210.65,327,209.45,314.85,314.85,434,4919.76,30500,3900,29-JAN-2024,
OPTIDX,NIFTY,28-Mar-2024,22450,CE,194.95,307.65,194.95,306.7,306.7,78,885.34,4050,1250,29-JAN-2024,
OPTIDX,NIFTY,28-Mar-2024,22500,CE,169,291,169,276.15,276.15,5603,63687.2,294550,51800,29-JAN-2024,
OPTIDX,NIFTY,28-Mar-2024,22550,CE,170,269.85,170,262.85,262.85,80,910.99,4200,1650,29-JAN-2024,
OPTIDX,NIFTY,28-Mar-2024,22600,CE,150,253.7,149.95,243.8,243.8,531,6054.56,25900,1550,29-JAN-2024,
OPTIDX,NIFTY,28-Mar-2024,22650,CE,167.85,235.65,165.35,223.75,223.75,76,867.92,3150,250,29-JAN-2024,
OPTIDX,NIFTY,28-Mar-2024,22700,CE,120.85,219.1,120.85,207.95,207.95,898,10270.64,59900,9500,29-JAN-2024,
OPTIDX,NIFTY,28-Mar-2024,22750,CE,144.15,205.6,142.9,192.65,192.65,155,1777.02,5400,2300,29-JAN-2024,
OPTIDX,NIFTY,28-Mar-2024,22800,CE,115.8,191,115.8,183.05,183.05,2438,27977.03,77900,22650,29-JAN-2024,
OPTIDX,NIFTY,28-Mar-2024,22850,CE,127.95,179,127.95,173.8,173.8,21,241.62,3450,-100,29-JAN-2024,
OPTIDX,NIFTY,28-Mar-2024,22900,CE,91.35,165.8,91.35,158.95,158.95,1119,12886.16,41950,6550,29-JAN-2024,
OPTIDX,NIFTY,28-Mar-2024,22950,CE,102.9,155.25,102.9,143.55,143.55,88,1015.43,2900,600,29-JAN-2024,
OPTIDX,NIFTY,28-Mar-2024,23000,CE,88.95,147,87,138.7,138.7,17624,203665.82,849850,35000,29-JAN-2024,
OPTIDX,NIFTY,28-Mar-2024,23050,CE,93.15,134.1,91.65,128.3,128.3,91,1053.67,2650,250,29-JAN-2024,
OPTIDX,NIFTY,28-Mar-2024,23100,CE,84.4,123.6,82,117.65,117.65,278,3225.03,16150,850,29-JAN-2024,
OPTIDX,NIFTY,28-Mar-2024,23150,CE,59.5,115.8,59.5,114.35,114.35,55,639.13,1450,-350,29-JAN-2024,
OPTIDX,NIFTY,28-Mar-2024,23200,CE,62,109.65,62,104.95,104.95,389,4529.78,17900,4000,29-JAN-2024,
OPTIDX,NIFTY,28-Mar-2024,23250,CE,71.95,101,71.25,95.2,95.2,55,641.63,2250,250,29-JAN-2024,
OPTIDX,NIFTY,28-Mar-2024,23300,CE,61.65,93.2,61.65,87.85,87.85,592,6918.61,19250,-2200,29-JAN-2024,
OPTIDX,NIFTY,28-Mar-2024,23350,CE,67.75,79.75,60.3,77.45,63.6,46,538.62,1700,350,29-JAN-2024,
OPTIDX,NIFTY,28-Mar-2024,23400,CE,55,80.85,54.95,76.8,76.8,415,4869.65,14500,-3750,29-JAN-2024,
OPTIDX,NIFTY,28-Mar-2024,23450,CE,53.7,75.25,53.1,71.6,71.6,226,2656.94,2550,100,29-JAN-2024,
OPTIDX,NIFTY,28-Mar-2024,23500,CE,45,69.75,45,65.75,65.75,3837,45190.61,147800,36800,29-JAN-2024,
OPTIDX,NIFTY,28-Mar-2024,23550,CE,47.9,66.65,45.05,64.25,64.25,39,460.22,2450,500,29-JAN-2024,
OPTIDX,NIFTY,28-Mar-2024,23600,CE,46.5,60.75,43.45,58.6,58.6,204,2412.49,7500,3600,29-JAN-2024,
OPTIDX,NIFTY,28-Mar-2024,23650,CE,43.75,55.85,39.65,54,54,224,2654.41,6150,3550,29-JAN-2024,
OPTIDX,NIFTY,28-Mar-2024,23700,CE,42.35,48.5,39,46.35,46.35,55,652.94,4150,950,29-JAN-2024,
OPTIDX,NIFTY,28-Mar-2024,23750,CE,38.25,45.7,35.55,44.4,44.4,92,1094.25,4300,3600,29-JAN-2024,
OPTIDX,NIFTY,28-Mar-2024,23800,CE,36,44.95,31.9,43.75,43.75,238,2836.64,10650,5150,29-JAN-2024,
OPTIDX,NIFTY,28-Mar-2024,23850,CE,34.65,42.3,30.35,40.5,40.5,148,1767.62,6000,5050,29-JAN-2024,
OPTIDX,NIFTY,28-Mar-2024,24000,CE,27,33,24.1,31.4,31.4,7396,88853.91,766700,112850,29-JAN-2024,
OPTIDX,NIFTY,28-Mar-2024,25000,CE,17.25,18,13.65,15.75,15.75,1278,15984.74,358850,12650,29-JAN-2024,
OPTIDX,NIFTY,28-Mar-2024,26000,CE,10.7,10.7,9.15,9.9,9.9,325,4226.57,142250,2800,29-JAN-2024,
OPTIDX,NIFTY,28-Mar-2024,27000,CE,3.05,3.05,3.05,3.05,3.05,2,27,14150,100,29-JAN-2024,
OPTIDX,NIFTY,28-Mar-2024,14000,PE,4.35,4.75,3.7,4.65,4.65,30,210.06,134950,500,29-JAN-2024,
OPTIDX,NIFTY,28-Mar-2024,15000,PE,6,6.2,5.15,5.7,5.7,16,120.04,8700,0,29-JAN-2024,
OPTIDX,NIFTY,28-Mar-2024,16000,PE,0,0,0,3.05,0.05,0,0,179350,0,29-JAN-2024,
OPTIDX,NIFTY,28-Mar-2024,17000,PE,12.5,12.5,8.75,11.55,11.55,728,6192.2,339700,1850,29-JAN-2024,
OPTIDX,NIFTY,28-Mar-2024,18000,PE,17.35,17.7,15,15.75,15.75,2650,23871.53,907350,1250,29-JAN-2024,
OPTIDX,NIFTY,28-Mar-2024,19000,PE,25,27.5,23,24.65,24.65,3548,33748.78,1320050,-4900,29-JAN-2024,
OPTIDX,NIFTY,28-Mar-2024,19500,PE,37.5,40.65,34.05,36.75,36.75,1295,12649.87,38550,10100,29-JAN-2024,
OPTIDX,NIFTY,28-Mar-2024,19550,PE,0,0,0,44.35,3.65,0,0,1150,0,29-JAN-2024,
OPTIDX,NIFTY,28-Mar-2024,19600,PE,40.6,41.45,34.9,39.65,39.65,427,4193.02,24350,1800,29-JAN-2024,
OPTIDX,NIFTY,28-Mar-2024,19650,PE,0,0,0,60,4.9,0,0,1350,0,29-JAN-2024,
OPTIDX,NIFTY,28-Mar-2024,19700,PE,42,45.1,39.35,43.7,43.7,843,8321.82,63250,11300,29-JAN-2024,
OPTIDX,NIFTY,28-Mar-2024,19750,PE,0,0,0,51,6.5,0,0,750,0,29-JAN-2024,
OPTIDX,NIFTY,28-Mar-2024,19800,PE,50,50.4,44.75,48.65,48.65,1547,15352.92,123550,8300,29-JAN-2024,
OPTIDX,NIFTY,28-Mar-2024,19850,PE,0,0,0,66.85,8.55,0,0,200,0,29-JAN-2024,
OPTIDX,NIFTY,28-Mar-2024,19900,PE,56.1,57.3,52,55.65,55.65,1184,11813.49,136400,14250,29-JAN-2024,
OPTIDX,NIFTY,28-Mar-2024,19950,PE,0,0,0,52,11.2,0,0,0,0,29-JAN-2024,
OPTIDX,NIFTY,28-Mar-2024,20000,PE,70.55,70.55,60,65.1,65.1,13389,134324.2,2233000,138250,29-JAN-2024,
OPTIDX,NIFTY,28-Mar-2024,20050,PE,0,0,0,60.5,14.45,0,0,0,0,29-JAN-2024,
OPTIDX,NIFTY,28-Mar-2024,20100,PE,69.5,72.9,66.25,68.95,68.95,887,8945.02,145800,8350,29-JAN-2024,
OPTIDX,NIFTY,28-Mar-2024,20150,PE,74.1,74.3,71.25,72.1,72.1,65,657.22,2300,-1400,29-JAN-2024,
OPTIDX,NIFTY,28-Mar-2024,20200,PE,84.35,84.35,71.8,75.15,75.15,4043,40989.03,221900,44850,29-JAN-2024,
OPTIDX,NIFTY,28-Mar-2024,20250,PE,0,0,0,51.1,23.5,0,0,100,0,29-JAN-2024,
OPTIDX,NIFTY,28-Mar-2024,20300,PE,0,0,0,86.8,26.4,0,0,0,0,29-JAN-2024,
OPTIDX,NIFTY,28-Mar-2024,20350,PE,104.95,104.95,87.1,90.45,90.45,98,1001.63,2700,-1400,29-JAN-2024,
OPTIDX,NIFTY,28-Mar-2024,20400,PE,102.15,103.65,92.25,94.35,94.35,1086,11129.63,177750,13800,29-JAN-2024,
OPTIDX,NIFTY,28-Mar-2024,20450,PE,80.1,104.2,80.1,104,36.9,20,205.51,1150,-800,29-JAN-2024,
OPTIDX,NIFTY,28-Mar-2024,20500,PE,110.05,120.6,107.45,110,110,5060,52149.53,723150,42800,29-JAN-2024,
OPTIDX,NIFTY,28-Mar-2024,20550,PE,116.45,118.4,113.1,114,114,69,712.98,2600,500,29-JAN-2024,
OPTIDX,NIFTY,28-Mar-2024,20600,PE,128.8,133.05,117.4,119.7,119.7,481,4984.14,143750,6800,29-JAN-2024,
OPTIDX,NIFTY,28-Mar-2024,20650,PE,135.45,137,125.85,128.95,128.95,178,1849.53,5900,2850,29-JAN-2024,
OPTIDX,NIFTY,28-Mar-2024,20700,PE,138.25,147.7,129.75,131.85,131.85,1543,16077.09,131600,0,29-JAN-2024,
OPTIDX,NIFTY,28-Mar-2024,20750,PE,150.6,155.75,139.5,141,141,181,1891.21,8500,3950,29-JAN-2024,
OPTIDX,NIFTY,28-Mar-2024,20800,PE,156.95,167.25,146.15,149,149,1738,18210.3,126550,9950,29-JAN-2024,
OPTIDX,NIFTY,28-Mar-2024,20850,PE,162.2,176.25,157.35,160.35,160.35,102,1071.76,3800,950,29-JAN-2024,
OPTIDX,NIFTY,28-Mar-2024,20900,PE,179.7,192.7,164.2,167.75,167.75,904,9526.98,85100,-17750,29-JAN-2024,
OPTIDX,NIFTY,28-Mar-2024,20950,PE,186.9,200.65,175.6,179.8,179.8,168,1775.49,7300,5000,29-JAN-2024,
OPTIDX,NIFTY,28-Mar-2024,21000,PE,222.2,222.2,186,190.65,190.65,12146,128734.77,2016900,113150,29-JAN-2024,
OPTIDX,NIFTY,28-Mar-2024,21050,PE,215,223.6,199.65,199.65,199.65,186,1977.14,8950,5750,29-JAN-2024,
OPTIDX,NIFTY,28-Mar-2024,21100,PE,230.8,239.4,205,210.95,210.95,506,5393.32,56150,6100,29-JAN-2024,
OPTIDX,NIFTY,28-Mar-2024,21150,PE,245.9,250,219.6,228.4,139.5,66,705.6,3100,1950,29-JAN-2024,
OPTIDX,NIFTY,28-Mar-2024,21200,PE,259.55,265,228,234.35,234.35,1141,12233.3,52650,16750,29-JAN-2024,
OPTIDX,NIFTY,28-Mar-2024,21250,PE,270,278.15,243.75,246.65,246.65,84,903.31,3750,2250,29-JAN-2024,
OPTIDX,NIFTY,28-Mar-2024,21300,PE,311.7,311.7,252.65,258.55,258.55,1125,12133.08,62600,-1450,29-JAN-2024,
OPTIDX,NIFTY,28-Mar-2024,21350,PE,321,321,263.45,266.7,266.7,152,1644.31,20500,-50,29-JAN-2024,
OPTIDX,NIFTY,28-Mar-2024,21400,PE,325,326.15,278.1,283.25,283.25,1184,12847.59,68950,18350,29-JAN-2024,
OPTIDX,NIFTY,28-Mar-2024,21450,PE,331.7,347.55,293.85,296.6,296.6,342,3723.38,6600,5150,29-JAN-2024,
OPTIDX,NIFTY,28-Mar-2024,21500,PE,385,399.65,306.65,313.85,313.85,9670,105559.95,597450,178450,29-JAN-2024,
OPTIDX,NIFTY,28-Mar-2024,21550,PE,360,377.15,325.1,329.1,329.1,279,3055.46,6200,5300,29-JAN-2024,
OPTIDX,NIFTY,28-Mar-2024,21600,PE,404,409.95,340.85,347.1,347.1,1587,17432.03,47600,14700,29-JAN-2024,
OPTIDX,NIFTY,28-Mar-2024,21650,PE,402.75,411.15,359.9,366.2,366.2,205,2257.71,4700,2450,29-JAN-2024,
OPTIDX,NIFTY,28-Mar-2024,21700,PE,429.95,450.85,377.1,385.95,385.95,2147,23725.37,74250,45500,29-JAN-2024,
OPTIDX,NIFTY,28-Mar-2024,21750,PE,489.25,489.25,396.4,401.4,401.4,68,754.11,3700,400,29-JAN-2024,
OPTIDX,NIFTY,28-Mar-2024,21800,PE,486.75,492.55,414.35,424.05,424.05,1025,11399.78,49050,15350,29-JAN-2024,
OPTIDX,NIFTY,28-Mar-2024,21850,PE,482.95,482.95,433.9,445.85,445.85,26,289.93,3250,-700,29-JAN-2024,
OPTIDX,NIFTY,28-Mar-2024,21900,PE,531,536.95,456,464.15,464.15,392,4387.75,48450,3150,29-JAN-2024,
OPTIDX,NIFTY,28-Mar-2024,21950,PE,500,504.9,496,496,425.35,4,44.9,2350,150,29-JAN-2024,
OPTIDX,NIFTY,28-Mar-2024,22000,PE,637.85,637.85,498.3,511.25,511.25,8335,93921.5,934200,142600,29-JAN-2024,
OPTIDX,NIFTY,28-Mar-2024,22050,PE,542.1,542.1,542.1,542.1,476.65,1,11.29,1000,0,29-JAN-2024,
OPTIDX,NIFTY,28-Mar-2024,22100,PE,615.95,632.1,544.25,551.45,551.45,154,1747.1,18900,3100,29-JAN-2024,
OPTIDX,NIFTY,28-Mar-2024,22150,PE,0,0,0,788.45,531.5,0,0,700,0,29-JAN-2024,
OPTIDX,NIFTY,28-Mar-2024,22200,PE,691.05,693.8,599.75,605.5,605.5,243,2777.54,30000,7850,29-JAN-2024,
OPTIDX,NIFTY,28-Mar-2024,22250,PE,0,0,0,853.8,589.8,0,0,250,0,29-JAN-2024,
OPTIDX,NIFTY,28-Mar-2024,22300,PE,747.7,747.7,650,667,667,97,1114.81,6950,3150,29-JAN-2024,
OPTIDX,NIFTY,28-Mar-2024,22350,PE,0,0,0,932.1,651.45,0,0,1200,0,29-JAN-2024,
OPTIDX,NIFTY,28-Mar-2024,22400,PE,750,772,699.05,716.7,716.7,42,485.63,3800,850,29-JAN-2024,
OPTIDX,NIFTY,28-Mar-2024,22450,PE,780,780,756.8,756.8,716.4,2,23.21,150,50,29-JAN-2024,
OPTIDX,NIFTY,28-Mar-2024,22500,PE,949.9,949.9,759.85,772.2,772.2,995,11595.54,104600,6250,29-JAN-2024,
OPTIDX,NIFTY,28-Mar-2024,22550,PE,875,887.1,807.45,807.45,807.45,6,70.25,500,250,29-JAN-2024,
OPTIDX,NIFTY,28-Mar-2024,22600,PE,893.1,894.85,855,868.25,868.25,14,164.33,1900,300,29-JAN-2024,
OPTIDX,NIFTY,28-Mar-2024,22650,PE,964.25,964.25,880.9,880.9,880.9,42,494.51,2750,-1250,29-JAN-2024,
OPTIDX,NIFTY,28-Mar-2024,22700,PE,1000,1000,891,894.95,894.95,22,259.96,2700,200,29-JAN-2024,
OPTIDX,NIFTY,28-Mar-2024,22750,PE,0,0,0,1209.7,929.5,0,0,650,0,29-JAN-2024,
OPTIDX,NIFTY,28-Mar-2024,22800,PE,1105.9,1105.9,990.3,991.8,967.45,5,59.53,1500,50,29-JAN-2024,
OPTIDX,NIFTY,28-Mar-2024,22850,PE,1141.9,1141.9,1019.9,1019.9,1006.05,3,35.92,1300,100,29-JAN-2024,
OPTIDX,NIFTY,28-Mar-2024,22900,PE,1080,1080,1050,1050,1045.3,8,95.83,2350,0,29-JAN-2024,
OPTIDX,NIFTY,28-Mar-2024,22950,PE,1251.1,1251.1,1250.7,1250.7,1085.15,5,60.5,750,250,29-JAN-2024,
OPTIDX,NIFTY,28-Mar-2024,23000,PE,1349.1,1349.1,1100.05,1125.3,1125.3,732,8852.71,179500,3150,29-JAN-2024,
OPTIDX,NIFTY,28-Mar-2024,23050,PE,1301.1,1301.1,1301.1,1301.1,1166.5,1,12.17,1000,50,29-JAN-2024,
OPTIDX,NIFTY,28-Mar-2024,23100,PE,1287.8,1287.8,1247,1247,1208,4,48.74,250,200,29-JAN-2024,
OPTIDX,NIFTY,28-Mar-2024,23150,PE,0,0,0,1249.2,1250,0,0,500,0,29-JAN-2024,
OPTIDX,NIFTY,28-Mar-2024,23200,PE,1287.85,1287.85,1287.85,1287.85,1287.85,1,12.24,350,50,29-JAN-2024,
OPTIDX,NIFTY,28-Mar-2024,23250,PE,0,0,0,1340.2,1335.45,0,0,100,0,29-JAN-2024,
OPTIDX,NIFTY,28-Mar-2024,23300,PE,1367.35,1367.35,1367.35,1367.35,1378.85,1,12.33,500,0,29-JAN-2024,
OPTIDX,NIFTY,28-Mar-2024,23350,PE,0,0,0,1388.8,1422.65,0,0,0,0,29-JAN-2024,
OPTIDX,NIFTY,28-Mar-2024,23400,PE,0,0,0,1425.9,1466.8,0,0,0,0,29-JAN-2024,
OPTIDX,NIFTY,28-Mar-2024,23450,PE,0,0,0,1566.25,1511.4,0,0,0,0,29-JAN-2024,
OPTIDX,NIFTY,28-Mar-2024,23500,PE,1571.75,1571.75,1550,1553.05,1553.05,3,37.58,1400,0,29-JAN-2024,
OPTIDX,NIFTY,28-Mar-2024,23550,PE,0,0,0,1542.3,1601.55,0,0,0,0,29-JAN-2024,
OPTIDX,NIFTY,28-Mar-2024,23600,PE,0,0,0,1581.9,1647.15,0,0,0,0,29-JAN-2024,
OPTIDX,NIFTY,28-Mar-2024,23650,PE,0,0,0,1621.9,1693,0,0,0,0,29-JAN-2024,
OPTIDX,NIFTY,28-Mar-2024,23700,PE,0,0,0,1662.25,1739.15,0,0,0,0,29-JAN-2024,
OPTIDX,NIFTY,28-Mar-2024,23750,PE,0,0,0,1702.95,1785.55,0,0,0,0,29-JAN-2024,
OPTIDX,NIFTY,28-Mar-2024,23800,PE,0,0,0,1744.05,1832.2,0,0,0,0,29-JAN-2024,
OPTIDX,NIFTY,28-Mar-2024,23850,PE,0,0,0,1785.45,1879.05,0,0,0,0,29-JAN-2024,
OPTIDX,NIFTY,28-Mar-2024,24000,PE,2180,2180,1962.85,2011.7,2011.7,721,9412.03,244150,150,29-JAN-2024,
OPTIDX,NIFTY,28-Mar-2024,25000,PE,3165.5,3165.5,2926.65,2961.6,2961.6,264,3697.28,419750,1350,29-JAN-2024,
OPTIDX,NIFTY,28-Mar-2024,26000,PE,4100,4100,3920,3920,3980.4,56,839.19,12650,50,29-JAN-2024,
OPTIDX,NIFTY,28-Mar-2024,27000,PE,4900.95,4900.95,4899,4899,4899,2,31.89,300,100,29-JAN-2024,
OPTIDX,NIFTY,25-Apr-2024,19600,CE,0,0,0,2149.7,2462.65,0,0,0,0,29-JAN-2024,
OPTIDX,NIFTY,25-Apr-2024,19650,CE,0,0,0,2104.85,2414.9,0,0,0,0,29-JAN-2024,
OPTIDX,NIFTY,25-Apr-2024,19700,CE,0,0,0,2060.25,2367.25,0,0,0,0,29-JAN-2024,
OPTIDX,NIFTY,25-Apr-2024,19750,CE,0,0,0,2016,2319.75,0,0,0,0,29-JAN-2024,
OPTIDX,NIFTY,25-Apr-2024,19800,CE,0,0,0,1972,2272.45,0,0,0,0,29-JAN-2024,
OPTIDX,NIFTY,25-Apr-2024,19850,CE,0,0,0,1928.35,2225.3,0,0,0,0,29-JAN-2024,
OPTIDX,NIFTY,25-Apr-2024,19900,CE,0,0,0,1885,2178.35,0,0,0,0,29-JAN-2024,
OPTIDX,NIFTY,25-Apr-2024,19950,CE,0,0,0,1842,2131.55,0,0,0,0,29-JAN-2024,
OPTIDX,NIFTY,25-Apr-2024,20000,CE,0,0,0,1799.35,2085,0,0,0,0,29-JAN-2024,
OPTIDX,NIFTY,25-Apr-2024,20050,CE,0,0,0,1757.1,2038.7,0,0,0,0,29-JAN-2024,
OPTIDX,NIFTY,25-Apr-2024,20100,CE,0,0,0,1715.15,1992.6,0,0,0,0,29-JAN-2024,
OPTIDX,NIFTY,25-Apr-2024,20150,CE,0,0,0,1673.65,1946.75,0,0,0,0,29-JAN-2024,
OPTIDX,NIFTY,25-Apr-2024,20200,CE,0,0,0,1632.55,1901.2,0,0,0,0,29-JAN-2024,
OPTIDX,NIFTY,25-Apr-2024,20250,CE,0,0,0,1591.85,1855.95,0,0,0,0,29-JAN-2024,
OPTIDX,NIFTY,25-Apr-2024,20300,CE,0,0,0,1551.6,1810.95,0,0,0,0,29-JAN-2024,
OPTIDX,NIFTY,25-Apr-2024,20350,CE,0,0,0,1511.75,1766.3,0,0,0,0,29-JAN-2024,
OPTIDX,NIFTY,25-Apr-2024,20400,CE,0,0,0,1472.35,1722,0,0,0,0,29-JAN-2024,
OPTIDX,NIFTY,25-Apr-2024,20450,CE,0,0,0,1433.45,1678.05,0,0,0,0,29-JAN-2024,
OPTIDX,NIFTY,25-Apr-2024,20500,CE,0,0,0,1395,1634.45,0,0,0,0,29-JAN-2024,
OPTIDX,NIFTY,25-Apr-2024,20550,CE,0,0,0,1357.05,1591.2,0,0,0,0,29-JAN-2024,
OPTIDX,NIFTY,25-Apr-2024,20600,CE,0,0,0,1319.6,1548.4,0,0,0,0,29-JAN-2024,
OPTIDX,NIFTY,25-Apr-2024,20650,CE,0,0,0,1282.65,1506.05,0,0,0,0,29-JAN-2024,
OPTIDX,NIFTY,25-Apr-2024,20700,CE,0,0,0,1247,1464.1,0,0,0,0,29-JAN-2024,
OPTIDX,NIFTY,25-Apr-2024,20750,CE,0,0,0,1211,1422.6,0,0,0,0,29-JAN-2024,
OPTIDX,NIFTY,25-Apr-2024,20800,CE,0,0,0,1174.75,1381.55,0,0,0,0,29-JAN-2024,
OPTIDX,NIFTY,25-Apr-2024,20850,CE,0,0,0,1139.95,1341.05,0,0,0,0,29-JAN-2024,
OPTIDX,NIFTY,25-Apr-2024,20900,CE,0,0,0,1105.75,1301,0,0,0,0,29-JAN-2024,
OPTIDX,NIFTY,25-Apr-2024,20950,CE,0,0,0,1072.05,1261.5,0,0,0,0,29-JAN-2024,
OPTIDX,NIFTY,25-Apr-2024,21000,CE,1245,1323,1245,1308.1,1308.1,6,66.89,300,300,29-JAN-2024,
OPTIDX,NIFTY,25-Apr-2024,21050,CE,0,0,0,1006.45,1184.15,0,0,0,0,29-JAN-2024,
OPTIDX,NIFTY,25-Apr-2024,21100,CE,0,0,0,974.55,1146.3,0,0,0,0,29-JAN-2024,
OPTIDX,NIFTY,25-Apr-2024,21150,CE,0,0,0,943.2,1109.05,0,0,0,0,29-JAN-2024,
OPTIDX,NIFTY,25-Apr-2024,21200,CE,0,0,0,912.45,1072.4,0,0,0,0,29-JAN-2024,
OPTIDX,NIFTY,25-Apr-2024,21250,CE,0,0,0,882.35,1036.35,0,0,0,0,29-JAN-2024,
OPTIDX,NIFTY,25-Apr-2024,21300,CE,0,0,0,852.8,1000.95,0,0,0,0,29-JAN-2024,
OPTIDX,NIFTY,25-Apr-2024,21350,CE,0,0,0,823.9,966.2,0,0,0,0,29-JAN-2024,
OPTIDX,NIFTY,25-Apr-2024,21400,CE,0,0,0,795.6,932.1,0,0,0,0,29-JAN-2024,
OPTIDX,NIFTY,25-Apr-2024,21450,CE,0,0,0,767.95,898.65,0,0,0,0,29-JAN-2024,
OPTIDX,NIFTY,25-Apr-2024,21500,CE,778.55,998.95,778.55,962.6,962.6,79,884.83,1600,1600,29-JAN-2024,
OPTIDX,NIFTY,25-Apr-2024,21550,CE,0,0,0,714.45,833.75,0,0,0,0,29-JAN-2024,
OPTIDX,NIFTY,25-Apr-2024,21600,CE,0,0,0,688.65,802.35,0,0,0,0,29-JAN-2024,
OPTIDX,NIFTY,25-Apr-2024,21650,CE,0,0,0,663.45,771.65,0,0,0,0,29-JAN-2024,
OPTIDX,NIFTY,25-Apr-2024,21700,CE,0,0,0,638.75,741.65,0,0,0,0,29-JAN-2024,
OPTIDX,NIFTY,25-Apr-2024,21750,CE,0,0,0,614.8,712.4,0,0,0,0,29-JAN-2024,
OPTIDX,NIFTY,25-Apr-2024,21800,CE,0,0,0,591.45,683.8,0,0,0,0,29-JAN-2024,
OPTIDX,NIFTY,25-Apr-2024,21850,CE,0,0,0,568.75,655.95,0,0,0,0,29-JAN-2024,
OPTIDX,NIFTY,25-Apr-2024,21900,CE,0,0,0,546.6,628.85,0,0,0,0,29-JAN-2024,
OPTIDX,NIFTY,25-Apr-2024,21950,CE,0,0,0,525.1,602.45,0,0,0,0,29-JAN-2024,
OPTIDX,NIFTY,25-Apr-2024,22000,CE,525,696.2,525,656.75,656.75,424,4794.73,11250,11250,29-JAN-2024,
OPTIDX,NIFTY,25-Apr-2024,22050,CE,0,0,0,483.85,551.85,0,0,0,0,29-JAN-2024,
OPTIDX,NIFTY,25-Apr-2024,22100,CE,0,0,0,464.15,527.65,0,0,0,0,29-JAN-2024,
OPTIDX,NIFTY,25-Apr-2024,22150,CE,0,0,0,445,504.15,0,0,0,0,29-JAN-2024,
OPTIDX,NIFTY,25-Apr-2024,22200,CE,0,0,0,426.45,481.35,0,0,0,0,29-JAN-2024,
OPTIDX,NIFTY,25-Apr-2024,22250,CE,0,0,0,408.45,459.3,0,0,0,0,29-JAN-2024,
OPTIDX,NIFTY,25-Apr-2024,22300,CE,0,0,0,391.05,437.95,0,0,0,0,29-JAN-2024,
OPTIDX,NIFTY,25-Apr-2024,22350,CE,0,0,0,374.2,417.3,0,0,0,0,29-JAN-2024,
OPTIDX,NIFTY,25-Apr-2024,22400,CE,0,0,0,357.85,397.35,0,0,0,0,29-JAN-2024,
OPTIDX,NIFTY,25-Apr-2024,22450,CE,0,0,0,342.1,378.1,0,0,0,0,29-JAN-2024,
OPTIDX,NIFTY,25-Apr-2024,22500,CE,344,443.25,344,417.95,417.95,62,709.99,2500,2500,29-JAN-2024,
OPTIDX,NIFTY,25-Apr-2024,22550,CE,0,0,0,312.15,341.6,0,0,0,0,29-JAN-2024,
OPTIDX,NIFTY,25-Apr-2024,22600,CE,0,0,0,297.95,324.4,0,0,0,0,29-JAN-2024,
OPTIDX,NIFTY,25-Apr-2024,22650,CE,0,0,0,284.25,307.8,0,0,0,0,29-JAN-2024,
OPTIDX,NIFTY,25-Apr-2024,22700,CE,0,0,0,271.05,291.85,0,0,0,0,29-JAN-2024,
OPTIDX,NIFTY,25-Apr-2024,22750,CE,0,0,0,258.3,276.55,0,0,0,0,29-JAN-2024,
OPTIDX,NIFTY,25-Apr-2024,22800,CE,0,0,0,247.1,261.85,0,0,0,0,29-JAN-2024,
OPTIDX,NIFTY,25-Apr-2024,22850,CE,0,0,0,235.4,247.75,0,0,0,0,29-JAN-2024,
OPTIDX,NIFTY,25-Apr-2024,22900,CE,0,0,0,223.25,234.25,0,0,0,0,29-JAN-2024,
OPTIDX,NIFTY,25-Apr-2024,22950,CE,0,0,0,212.35,221.3,0,0,0,0,29-JAN-2024,
OPTIDX,NIFTY,25-Apr-2024,23000,CE,191,254,167.8,244.8,244.8,498,5781.86,15400,15400,29-JAN-2024,
OPTIDX,NIFTY,25-Apr-2024,23050,CE,0,0,0,191.9,197.1,0,0,0,0,29-JAN-2024,
OPTIDX,NIFTY,25-Apr-2024,23100,CE,0,0,0,182.25,185.85,0,0,0,0,29-JAN-2024,
OPTIDX,NIFTY,25-Apr-2024,19600,PE,0,0,0,52.8,12.25,0,0,0,0,29-JAN-2024,
OPTIDX,NIFTY,25-Apr-2024,19650,PE,0,0,0,57.1,13.65,0,0,0,0,29-JAN-2024,
OPTIDX,NIFTY,25-Apr-2024,19700,PE,33,45,33,45,15.25,2,19.73,100,100,29-JAN-2024,
OPTIDX,NIFTY,25-Apr-2024,19750,PE,0,0,0,66.5,16.95,0,0,0,0,29-JAN-2024,
OPTIDX,NIFTY,25-Apr-2024,19800,PE,0,0,0,71.65,18.85,0,0,0,0,29-JAN-2024,
OPTIDX,NIFTY,25-Apr-2024,19850,PE,46,46,46,46,20.9,1,9.94,50,50,29-JAN-2024,
OPTIDX,NIFTY,25-Apr-2024,19900,PE,0,0,0,82.85,23.1,0,0,0,0,29-JAN-2024,
OPTIDX,NIFTY,25-Apr-2024,19950,PE,0,0,0,89,25.55,0,0,0,0,29-JAN-2024,
OPTIDX,NIFTY,25-Apr-2024,20000,PE,71.25,99.65,71.25,95.9,95.9,400,4019.04,13600,13600,29-JAN-2024,
OPTIDX,NIFTY,25-Apr-2024,20050,PE,0,0,0,102.3,31.1,0,0,0,0,29-JAN-2024,
OPTIDX,NIFTY,25-Apr-2024,20100,PE,0,0,0,109.55,34.2,0,0,0,0,29-JAN-2024,
OPTIDX,NIFTY,25-Apr-2024,20150,PE,0,0,0,117.15,37.55,0,0,0,0,29-JAN-2024,
OPTIDX,NIFTY,25-Apr-2024,20200,PE,0,0,0,125.15,41.2,0,0,0,0,29-JAN-2024,
OPTIDX,NIFTY,25-Apr-2024,20250,PE,0,0,0,133.55,45.15,0,0,0,0,29-JAN-2024,
OPTIDX,NIFTY,25-Apr-2024,20300,PE,0,0,0,142.4,49.35,0,0,0,0,29-JAN-2024,
OPTIDX,NIFTY,25-Apr-2024,20350,PE,0,0,0,151.7,53.9,0,0,0,0,29-JAN-2024,
OPTIDX,NIFTY,25-Apr-2024,20400,PE,0,0,0,161.45,58.8,0,0,0,0,29-JAN-2024,
OPTIDX,NIFTY,25-Apr-2024,20450,PE,0,0,0,171.65,64.05,0,0,0,0,29-JAN-2024,
OPTIDX,NIFTY,25-Apr-2024,20500,PE,180,189,143.85,151.9,151.9,24,247.87,1100,1100,29-JAN-2024,
OPTIDX,NIFTY,25-Apr-2024,20550,PE,0,0,0,193.5,75.65,0,0,0,0,29-JAN-2024,
OPTIDX,NIFTY,25-Apr-2024,20600,PE,0,0,0,205.2,82.05,0,0,0,0,29-JAN-2024,
OPTIDX,NIFTY,25-Apr-2024,20650,PE,0,0,0,217.35,88.85,0,0,0,0,29-JAN-2024,
OPTIDX,NIFTY,25-Apr-2024,20700,PE,0,0,0,230.8,96.1,0,0,0,0,29-JAN-2024,
OPTIDX,NIFTY,25-Apr-2024,20750,PE,0,0,0,243.95,103.8,0,0,0,0,29-JAN-2024,
OPTIDX,NIFTY,25-Apr-2024,20800,PE,0,0,0,256.8,112,0,0,0,0,29-JAN-2024,
OPTIDX,NIFTY,25-Apr-2024,20850,PE,0,0,0,271.15,120.65,0,0,0,0,29-JAN-2024,
OPTIDX,NIFTY,25-Apr-2024,20900,PE,0,0,0,286.05,129.85,0,0,0,0,29-JAN-2024,
OPTIDX,NIFTY,25-Apr-2024,20950,PE,0,0,0,301.5,139.55,0,0,0,0,29-JAN-2024,
OPTIDX,NIFTY,25-Apr-2024,21000,PE,274,274,237.8,244.85,244.85,402,4271.58,12800,12800,29-JAN-2024,
OPTIDX,NIFTY,25-Apr-2024,21050,PE,0,0,0,334.1,160.55,0,0,0,0,29-JAN-2024,
OPTIDX,NIFTY,25-Apr-2024,21100,PE,0,0,0,351.3,171.95,0,0,0,0,29-JAN-2024,
OPTIDX,NIFTY,25-Apr-2024,21150,PE,0,0,0,369.1,183.9,0,0,0,0,29-JAN-2024,
OPTIDX,NIFTY,25-Apr-2024,21200,PE,0,0,0,387.5,196.45,0,0,0,0,29-JAN-2024,
OPTIDX,NIFTY,25-Apr-2024,21250,PE,0,0,0,406.5,209.6,0,0,0,0,29-JAN-2024,
OPTIDX,NIFTY,25-Apr-2024,21300,PE,0,0,0,426.1,223.4,0,0,0,0,29-JAN-2024,
OPTIDX,NIFTY,25-Apr-2024,21350,PE,0,0,0,446.3,237.85,0,0,0,0,29-JAN-2024,
OPTIDX,NIFTY,25-Apr-2024,21400,PE,368.35,368.35,334.2,349.85,252.95,4,43.5,150,150,29-JAN-2024,
OPTIDX,NIFTY,25-Apr-2024,21450,PE,0,0,0,488.6,268.7,0,0,0,0,29-JAN-2024,
OPTIDX,NIFTY,25-Apr-2024,21500,PE,350,410.75,350,371.75,371.75,187,2045.67,5450,5450,29-JAN-2024,
OPTIDX,NIFTY,25-Apr-2024,21550,PE,0,0,0,533.35,302.2,0,0,0,0,29-JAN-2024,
OPTIDX,NIFTY,25-Apr-2024,21600,PE,0,0,0,556.65,320,0,0,0,0,29-JAN-2024,
OPTIDX,NIFTY,25-Apr-2024,21650,PE,0,0,0,580.55,338.5,0,0,0,0,29-JAN-2024,
OPTIDX,NIFTY,25-Apr-2024,21700,PE,0,0,0,605,357.75,0,0,0,0,29-JAN-2024,
OPTIDX,NIFTY,25-Apr-2024,21750,PE,0,0,0,630.2,377.65,0,0,0,0,29-JAN-2024,
OPTIDX,NIFTY,25-Apr-2024,21800,PE,0,0,0,655.95,398.3,0,0,0,0,29-JAN-2024,
OPTIDX,NIFTY,25-Apr-2024,21850,PE,0,0,0,682.35,419.65,0,0,0,0,29-JAN-2024,
OPTIDX,NIFTY,25-Apr-2024,21900,PE,0,0,0,709.35,441.7,0,0,0,0,29-JAN-2024,
OPTIDX,NIFTY,25-Apr-2024,21950,PE,0,0,0,736.95,464.55,0,0,0,0,29-JAN-2024,
OPTIDX,NIFTY,25-Apr-2024,22000,PE,644.95,645.95,534,542.7,542.7,247,2786.74,10250,10250,29-JAN-2024,
OPTIDX,NIFTY,25-Apr-2024,22050,PE,0,0,0,793.95,512.3,0,0,0,0,29-JAN-2024,
OPTIDX,NIFTY,25-Apr-2024,22100,PE,0,0,0,823.35,537.3,0,0,0,0,29-JAN-2024,
OPTIDX,NIFTY,25-Apr-2024,22150,PE,0,0,0,853.35,563,0,0,0,0,29-JAN-2024,
OPTIDX,NIFTY,25-Apr-2024,22200,PE,0,0,0,883.9,589.45,0,0,0,0,29-JAN-2024,
OPTIDX,NIFTY,25-Apr-2024,22250,PE,0,0,0,915.05,616.6,0,0,0,0,29-JAN-2024,
OPTIDX,NIFTY,25-Apr-2024,22300,PE,0,0,0,946.75,644.45,0,0,0,0,29-JAN-2024,
OPTIDX,NIFTY,25-Apr-2024,22350,PE,0,0,0,979,673,0,0,0,0,29-JAN-2024,
OPTIDX,NIFTY,25-Apr-2024,22400,PE,0,0,0,1011.8,702.25,0,0,0,0,29-JAN-2024,
OPTIDX,NIFTY,25-Apr-2024,22450,PE,0,0,0,1045.15,732.2,0,0,0,0,29-JAN-2024,
OPTIDX,NIFTY,25-Apr-2024,22500,PE,834.25,834.95,770.15,791.25,791.25,54,629.9,2050,2050,29-JAN-2024,
OPTIDX,NIFTY,25-Apr-2024,22550,PE,0,0,0,1113.45,794.1,0,0,0,0,29-JAN-2024,
OPTIDX,NIFTY,25-Apr-2024,22600,PE,0,0,0,1148.4,826.1,0,0,0,0,29-JAN-2024,
OPTIDX,NIFTY,25-Apr-2024,22650,PE,0,0,0,1183.8,858.7,0,0,0,0,29-JAN-2024,
OPTIDX,NIFTY,25-Apr-2024,22700,PE,0,0,0,1219.7,891.95,0,0,0,0,29-JAN-2024,
OPTIDX,NIFTY,25-Apr-2024,22750,PE,0,0,0,1256.1,925.85,0,0,0,0,29-JAN-2024,
OPTIDX,NIFTY,25-Apr-2024,22800,PE,0,0,0,1294,960.35,0,0,0,0,29-JAN-2024,
OPTIDX,NIFTY,25-Apr-2024,22850,PE,0,0,0,1331.45,995.45,0,0,0,0,29-JAN-2024,
OPTIDX,NIFTY,25-Apr-2024,22900,PE,0,0,0,1368.4,1031.15,0,0,0,0,29-JAN-2024,
OPTIDX,NIFTY,25-Apr-2024,22950,PE,0,0,0,1406.65,1067.4,0,0,0,0,29-JAN-2024,
OPTIDX,NIFTY,25-Apr-2024,23000,PE,0,0,0,1445.35,1104.25,0,0,0,0,29-JAN-2024,
OPTIDX,NIFTY,25-Apr-2024,23050,PE,0,0,0,1484.45,1141.65,0,0,0,0,29-JAN-2024,
OPTIDX,NIFTY,25-Apr-2024,23100,PE,0,0,0,1523.9,1179.55,0,0,0,0,29-JAN-2024,
OPTIDX,NIFTY,27-Jun-2024,15000,CE,0,0,0,4599.25,7148,0,0,50,0,29-JAN-2024,
OPTIDX,NIFTY,27-Jun-2024,16000,CE,0,0,0,2666.1,6175.35,0,0,0,0,29-JAN-2024,
OPTIDX,NIFTY,27-Jun-2024,17000,CE,0,0,0,5010.65,5202.85,0,0,50,0,29-JAN-2024,
OPTIDX,NIFTY,27-Jun-2024,18000,CE,4000,4000,4000,4000,4231.8,1,11,18150,0,29-JAN-2024,
OPTIDX,NIFTY,27-Jun-2024,18500,CE,0,0,0,3554.75,3748.85,0,0,2825,0,29-JAN-2024,
OPTIDX,NIFTY,27-Jun-2024,19000,CE,3150,3300,3150,3300,3300,7,77.88,117600,200,29-JAN-2024,
OPTIDX,NIFTY,27-Jun-2024,20000,CE,2300,2529.95,2300,2503.75,2503.75,53,594.59,173750,-600,29-JAN-2024,
OPTIDX,NIFTY,27-Jun-2024,21000,CE,1490.05,1751.25,1489.7,1734.8,1734.8,877,9924.19,359600,6800,29-JAN-2024,
OPTIDX,NIFTY,27-Jun-2024,22000,CE,869.45,1105,863.7,1082.6,1082.6,1887,21698.81,325000,17250,29-JAN-2024,
OPTIDX,NIFTY,27-Jun-2024,23000,CE,455.6,600,439.75,589.4,589.4,2516,29583.2,746400,26800,29-JAN-2024,
OPTIDX,NIFTY,27-Jun-2024,24000,CE,227.05,310,226.95,300.2,300.2,1100,13349.1,239800,16600,29-JAN-2024,
OPTIDX,NIFTY,27-Jun-2024,25000,CE,116.5,175,110,147.9,147.9,1226,15407.46,177800,13200,29-JAN-2024,
OPTIDX,NIFTY,27-Jun-2024,26000,CE,68,79.8,65.4,76.05,76.05,151,1968.38,35350,2650,29-JAN-2024,
OPTIDX,NIFTY,27-Jun-2024,27000,CE,0,0,0,331.6,6.15,0,0,0,0,29-JAN-2024,
OPTIDX,NIFTY,27-Jun-2024,14000,PE,0,0,0,3.05,0.05,0,0,7275,0,29-JAN-2024,
OPTIDX,NIFTY,27-Jun-2024,15000,PE,0,0,0,3.05,0.05,0,0,12425,0,29-JAN-2024,
OPTIDX,NIFTY,27-Jun-2024,16000,PE,0,0,0,3.05,0.05,0,0,37950,0,29-JAN-2024,
OPTIDX,NIFTY,27-Jun-2024,17000,PE,15,15,15,15,15,5,42.53,126150,0,29-JAN-2024,
OPTIDX,NIFTY,27-Jun-2024,18000,PE,61.05,73,57.15,58.5,58.5,1237,11169.77,490000,7000,29-JAN-2024,
OPTIDX,NIFTY,27-Jun-2024,19000,PE,121,126.95,115,121.2,121.2,1334,12754.7,791300,21000,29-JAN-2024,
OPTIDX,NIFTY,27-Jun-2024,20000,PE,230,236.1,222,228.8,228.8,1653,16719.55,1072150,13000,29-JAN-2024,
OPTIDX,NIFTY,27-Jun-2024,21000,PE,435.35,436.25,404.4,411.55,411.55,3460,37044.96,922000,33100,29-JAN-2024,
OPTIDX,NIFTY,27-Jun-2024,22000,PE,780.05,793.15,720,727.95,727.95,2459,27969.1,859100,25350,29-JAN-2024,
OPTIDX,NIFTY,27-Jun-2024,23000,PE,1340,1340,1190.1,1207.95,1207.95,680,8240.83,143800,13000,29-JAN-2024,
OPTIDX,NIFTY,27-Jun-2024,24000,PE,2027,2040,1862.2,1873.95,1873.95,75,973.04,40150,300,29-JAN-2024,
OPTIDX,NIFTY,27-Jun-2024,25000,PE,0,0,0,7199.55,2647.8,0,0,0,0,29-JAN-2024,
OPTIDX,NIFTY,27-Jun-2024,26000,PE,0,0,0,8015.6,3573.25,0,0,0,0,29-JAN-2024,
OPTIDX,NIFTY,27-Jun-2024,27000,PE,0,0,0,8206,4529.9,0,0,0,0,29-JAN-2024,
OPTIDX,NIFTY,26-Sep-2024,16000,CE,0,0,0,4667.4,6435.2,0,0,0,0,29-JAN-2024,
OPTIDX,NIFTY,26-Sep-2024,17000,CE,0,0,0,3800.4,5479.9,0,0,0,0,29-JAN-2024,
OPTIDX,NIFTY,26-Sep-2024,18000,CE,0,0,0,2994.95,4529.8,0,0,0,0,29-JAN-2024,
OPTIDX,NIFTY,26-Sep-2024,19000,CE,0,0,0,2277.4,3598.35,0,0,0,0,29-JAN-2024,
OPTIDX,NIFTY,26-Sep-2024,20000,CE,0,0,0,1666.45,2714.4,0,0,0,0,29-JAN-2024,
OPTIDX,NIFTY,26-Sep-2024,21000,CE,0,0,0,1173.8,1921.4,0,0,0,0,29-JAN-2024,
OPTIDX,NIFTY,26-Sep-2024,22000,CE,1165,1411.1,1165,1411.1,1411.1,15,174.88,7600,-100,29-JAN-2024,
OPTIDX,NIFTY,26-Sep-2024,23000,CE,770,877.05,770,876.3,876.3,146,1741.29,12550,4100,29-JAN-2024,
OPTIDX,NIFTY,26-Sep-2024,24000,CE,0,0,0,410,428.5,0,0,650,0,29-JAN-2024,
OPTIDX,NIFTY,26-Sep-2024,25000,CE,0,0,0,260,220.25,0,0,1250,0,29-JAN-2024,
OPTIDX,NIFTY,26-Sep-2024,26000,CE,170,170,155,165.05,165.05,57,745.63,3950,1700,29-JAN-2024,
OPTIDX,NIFTY,26-Sep-2024,27000,CE,0,0,0,68.7,45.8,0,0,0,0,29-JAN-2024,
OPTIDX,NIFTY,26-Sep-2024,16000,PE,0,0,0,39.75,0.15,0,0,0,0,29-JAN-2024,
OPTIDX,NIFTY,26-Sep-2024,17000,PE,0,0,0,103.7,1.25,0,0,0,0,29-JAN-2024,
OPTIDX,NIFTY,26-Sep-2024,18000,PE,0,0,0,229.25,7.6,0,0,0,0,29-JAN-2024,
OPTIDX,NIFTY,26-Sep-2024,19000,PE,0,0,0,239.55,32.55,0,0,2850,0,29-JAN-2024,
OPTIDX,NIFTY,26-Sep-2024,20000,PE,0,0,0,762.75,105,0,0,0,0,29-JAN-2024,
OPTIDX,NIFTY,26-Sep-2024,21000,PE,0,0,0,1201.1,268.4,0,0,0,0,29-JAN-2024,
OPTIDX,NIFTY,26-Sep-2024,22000,PE,810.05,827.25,762.05,767.5,767.5,52,592.57,2800,1750,29-JAN-2024,
OPTIDX,NIFTY,26-Sep-2024,23000,PE,0,0,0,913.6,1026.95,0,0,100,0,29-JAN-2024,
OPTIDX,NIFTY,26-Sep-2024,24000,PE,0,0,0,3149.25,1644.75,0,0,0,0,29-JAN-2024,
OPTIDX,NIFTY,26-Sep-2024,25000,PE,0,0,0,3952.4,2392.9,0,0,0,0,29-JAN-2024,
OPTIDX,NIFTY,26-Sep-2024,26000,PE,0,0,0,4801.5,3233.5,0,0,0,0,29-JAN-2024,
OPTIDX,NIFTY,26-Sep-2024,27000,PE,0,0,0,5681.95,4131.3,0,0,0,0,29-JAN-2024,
OPTIDX,NIFTY,26-Dec-2024,14000,CE,0,0,0,8599,8571.3,0,0,100,0,29-JAN-2024,
OPTIDX,NIFTY,26-Dec-2024,15000,CE,0,0,0,7100,7630.95,0,0,2100,0,29-JAN-2024,
OPTIDX,NIFTY,26-Dec-2024,16000,CE,0,0,0,6400,6691.05,0,0,21950,0,29-JAN-2024,
OPTIDX,NIFTY,26-Dec-2024,17000,CE,0,0,0,5210,5753.65,0,0,21050,0,29-JAN-2024,
OPTIDX,NIFTY,26-Dec-2024,18000,CE,0,0,0,4300,4825,0,0,24450,0,29-JAN-2024,
OPTIDX,NIFTY,26-Dec-2024,18500,CE,0,0,0,4400,4368.1,0,0,1000,0,29-JAN-2024,
OPTIDX,NIFTY,26-Dec-2024,19000,CE,3800,3898,3800,3898,3898,22,251.03,72350,-50,29-JAN-2024,
OPTIDX,NIFTY,26-Dec-2024,20000,CE,2955,3085,2935,3085,3062.65,94,1080.68,77600,1350,29-JAN-2024,
OPTIDX,NIFTY,26-Dec-2024,21000,CE,2177.05,2408.95,2165.65,2402.4,2402.4,150,1747.62,120700,-1150,29-JAN-2024,
OPTIDX,NIFTY,26-Dec-2024,22000,CE,1567.35,1750.1,1562,1727.45,1727.45,245,2900.79,170000,3200,29-JAN-2024,
OPTIDX,NIFTY,26-Dec-2024,23000,CE,1021,1198,1021,1173.75,1173.75,233,2811.4,154950,750,29-JAN-2024,
OPTIDX,NIFTY,26-Dec-2024,24000,CE,641,756.1,611.3,746.7,746.7,218,2693.25,142100,3500,29-JAN-2024,
OPTIDX,NIFTY,26-Dec-2024,25000,CE,390,462.5,383.7,456.2,456.2,248,3153.61,172300,1550,29-JAN-2024,
OPTIDX,NIFTY,26-Dec-2024,26000,CE,220,265.4,220,261,261,216,2834.35,61550,-1100,29-JAN-2024,
OPTIDX,NIFTY,26-Dec-2024,27000,CE,131.3,155.05,127.85,152.3,152.3,520,7055.67,35600,-500,29-JAN-2024,
OPTIDX,NIFTY,26-Dec-2024,14000,PE,0,0,0,20.5,0.05,0,0,3300,0,29-JAN-2024,
OPTIDX,NIFTY,26-Dec-2024,15000,PE,0,0,0,7.6,0.1,0,0,28300,0,29-JAN-2024,
OPTIDX,NIFTY,26-Dec-2024,16000,PE,21,34.8,21,34.8,34.8,3,24.03,13450,-50,29-JAN-2024,
OPTIDX,NIFTY,26-Dec-2024,17000,PE,80,80,76.5,77.45,3.7,42,358.64,75850,1150,29-JAN-2024,
OPTIDX,NIFTY,26-Dec-2024,18000,PE,118.05,137.8,112.9,114.9,114.9,446,4040.06,252050,-6600,29-JAN-2024,
OPTIDX,NIFTY,26-Dec-2024,19000,PE,199.9,210.85,195,195.25,195.25,379,3637.96,440400,-2150,29-JAN-2024,
OPTIDX,NIFTY,26-Dec-2024,20000,PE,312,330,310.05,320.6,320.6,567,5761,539550,-150,29-JAN-2024,
OPTIDX,NIFTY,26-Dec-2024,21000,PE,510.7,524.95,501.3,510.1,510.1,943,10142.28,847750,1550,29-JAN-2024,
OPTIDX,NIFTY,26-Dec-2024,22000,PE,836.65,836.65,782.85,805.35,805.35,1126,12837.97,325300,11350,29-JAN-2024,
OPTIDX,NIFTY,26-Dec-2024,23000,PE,1220,1244.3,1185.15,1196.85,1196.85,214,2589.82,101950,800,29-JAN-2024,
OPTIDX,NIFTY,26-Dec-2024,24000,PE,1750,1783.1,1650.05,1676.45,1676.45,178,2287.81,31600,1800,29-JAN-2024,
OPTIDX,NIFTY,26-Dec-2024,25000,PE,2461.35,2466.65,2347.95,2348.65,2348.65,36,492.99,8850,-500,29-JAN-2024,
OPTIDX,NIFTY,26-Dec-2024,26000,PE,0,0,0,7636.7,2952.65,0,0,0,0,29-JAN-2024,
OPTIDX,NIFTY,26-Dec-2024,27000,PE,0,0,0,4500,3783.85,0,0,50,0,29-JAN-2024,
OPTIDX,NIFTY,26-Jun-2025,16000,CE,0,0,0,3227.55,7191.3,0,0,0,0,29-JAN-2024,
OPTIDX,NIFTY,26-Jun-2025,17000,CE,0,0,0,4165.5,6289.55,0,0,2750,0,29-JAN-2024,
OPTIDX,NIFTY,26-Jun-2025,18000,CE,0,0,0,3934,5400.75,0,0,2200,0,29-JAN-2024,
OPTIDX,NIFTY,26-Jun-2025,19000,CE,0,0,0,3077.9,4537.8,0,0,0,0,29-JAN-2024,
OPTIDX,NIFTY,26-Jun-2025,20000,CE,0,0,0,3180.85,3718.9,0,0,0,0,29-JAN-2024,
OPTIDX,NIFTY,26-Jun-2025,21000,CE,0,0,0,3199.45,2964.75,0,0,0,0,29-JAN-2024,
OPTIDX,NIFTY,26-Jun-2025,22000,CE,0,0,0,2088.15,2294.6,0,0,0,0,29-JAN-2024,
OPTIDX,NIFTY,26-Jun-2025,23000,CE,0,0,0,2003.65,1722.15,0,0,0,0,29-JAN-2024,
OPTIDX,NIFTY,26-Jun-2025,24000,CE,0,0,0,1100.85,1252.85,0,0,0,0,29-JAN-2024,
OPTIDX,NIFTY,26-Jun-2025,25000,CE,0,0,0,945.65,883.75,0,0,0,0,29-JAN-2024,
OPTIDX,NIFTY,26-Jun-2025,26000,CE,0,0,0,811.85,604.95,0,0,0,0,29-JAN-2024,
OPTIDX,NIFTY,26-Jun-2025,27000,CE,0,0,0,803.5,402.35,0,0,0,0,29-JAN-2024,
OPTIDX,NIFTY,26-Jun-2025,14000,PE,0,0,0,42.35,0.1,0,0,675,0,29-JAN-2024,
OPTIDX,NIFTY,26-Jun-2025,15000,PE,0,0,0,134,0.65,0,0,1800,0,29-JAN-2024,
OPTIDX,NIFTY,26-Jun-2025,16000,PE,0,0,0,129.2,2.9,0,0,100,0,29-JAN-2024,
OPTIDX,NIFTY,26-Jun-2025,17000,PE,0,0,0,3497.35,10.45,0,0,0,0,29-JAN-2024,
OPTIDX,NIFTY,26-Jun-2025,18000,PE,0,0,0,3586.15,30.95,0,0,0,0,29-JAN-2024,
OPTIDX,NIFTY,26-Jun-2025,19000,PE,0,0,0,3210.95,77.35,0,0,0,0,29-JAN-2024,
OPTIDX,NIFTY,26-Jun-2025,20000,PE,599.8,599.8,599.8,599.8,167.75,5,51.49,900,250,29-JAN-2024,
OPTIDX,NIFTY,26-Jun-2025,21000,PE,0,0,0,3070.85,322.95,0,0,0,0,29-JAN-2024,
OPTIDX,NIFTY,26-Jun-2025,22000,PE,0,0,0,3957.4,562.1,0,0,0,0,29-JAN-2024,
OPTIDX,NIFTY,26-Jun-2025,23000,PE,0,0,0,1170,898.95,0,0,0,0,29-JAN-2024,
OPTIDX,NIFTY,26-Jun-2025,24000,PE,0,0,0,5875.1,1339,0,0,0,0,29-JAN-2024,
OPTIDX,NIFTY,26-Jun-2025,25000,PE,0,0,0,6576.35,1879.25,0,0,0,0,29-JAN-2024,
OPTIDX,NIFTY,26-Jun-2025,26000,PE,0,0,0,7299,2509.75,0,0,0,0,29-JAN-2024,
OPTIDX,NIFTY,26-Jun-2025,27000,PE,0,0,0,7438.15,3216.45,0,0,0,0,29-JAN-2024,
OPTIDX,NIFTY,24-Dec-2025,16000,CE,0,0,0,7200,7673.3,0,0,50,0,29-JAN-2024,
OPTIDX,NIFTY,24-Dec-2025,17000,CE,0,0,0,5080,6805.15,0,0,650,0,29-JAN-2024,
OPTIDX,NIFTY,24-Dec-2025,18000,CE,0,0,0,6099.95,5951.3,0,0,5650,0,29-JAN-2024,
OPTIDX,NIFTY,24-Dec-2025,19000,CE,0,0,0,4401,5122.3,0,0,3200,0,29-JAN-2024,
OPTIDX,NIFTY,24-Dec-2025,19500,CE,0,0,0,3200,4721.3,0,0,1300,0,29-JAN-2024,
OPTIDX,NIFTY,24-Dec-2025,20000,CE,0,0,0,3800,4331.7,0,0,300,0,29-JAN-2024,
OPTIDX,NIFTY,24-Dec-2025,21000,CE,0,0,0,1400,3594.2,0,0,100,0,29-JAN-2024,
OPTIDX,NIFTY,24-Dec-2025,22000,CE,2751.35,2751.35,2751.35,2751.35,2751.35,1,12.37,600,50,29-JAN-2024,
OPTIDX,NIFTY,24-Dec-2025,23000,CE,2100,2310,2100,2310,2329.5,4,50.49,2650,50,29-JAN-2024,
OPTIDX,NIFTY,24-Dec-2025,24000,CE,0,0,0,1396.05,1818.5,0,0,0,0,29-JAN-2024,
OPTIDX,NIFTY,24-Dec-2025,25000,CE,0,0,0,1222.85,1391.1,0,0,0,0,29-JAN-2024,
OPTIDX,NIFTY,24-Dec-2025,26000,CE,0,0,0,1070.85,1043.35,0,0,0,0,29-JAN-2024,
OPTIDX,NIFTY,24-Dec-2025,27000,CE,0,0,0,1071,767.8,0,0,0,0,29-JAN-2024,
OPTIDX,NIFTY,24-Dec-2025,13000,PE,0,0,0,400,0.05,0,0,150,0,29-JAN-2024,
OPTIDX,NIFTY,24-Dec-2025,15000,PE,0,0,0,62.15,1.7,0,0,1100,0,29-JAN-2024,
OPTIDX,NIFTY,24-Dec-2025,16000,PE,0,0,0,79,5.95,0,0,2550,0,29-JAN-2024,
OPTIDX,NIFTY,24-Dec-2025,16500,PE,0,0,0,38.15,10.3,0,0,2600,0,29-JAN-2024,
OPTIDX,NIFTY,24-Dec-2025,17000,PE,0,0,0,155.05,17.2,0,0,2400,0,29-JAN-2024,
OPTIDX,NIFTY,24-Dec-2025,18000,PE,0,0,0,324.95,42.7,0,0,3050,0,29-JAN-2024,
OPTIDX,NIFTY,24-Dec-2025,19000,PE,155.85,155.85,155.85,155.85,93.1,1,9.57,3850,50,29-JAN-2024,
OPTIDX,NIFTY,24-Dec-2025,20000,PE,649.95,649.95,549.95,572,572,9,92.58,5150,-100,29-JAN-2024,
OPTIDX,NIFTY,24-Dec-2025,21000,PE,0,0,0,701,323.75,0,0,3200,0,29-JAN-2024,
OPTIDX,NIFTY,24-Dec-2025,22000,PE,0,0,0,910,532.3,0,0,2250,0,29-JAN-2024,
OPTIDX,NIFTY,24-Dec-2025,23000,PE,1200,1250,1200,1250,817.85,4,48.47,950,200,29-JAN-2024,
OPTIDX,NIFTY,24-Dec-2025,24000,PE,0,0,0,5649,1186.25,0,0,0,0,29-JAN-2024,
OPTIDX,NIFTY,24-Dec-2025,25000,PE,0,0,0,6310.55,1638.25,0,0,0,0,29-JAN-2024,
OPTIDX,NIFTY,24-Dec-2025,26000,PE,0,0,0,6993.25,2169.85,0,0,0,0,29-JAN-2024,
OPTIDX,NIFTY,24-Dec-2025,27000,PE,0,0,0,7112.8,2773.7,0,0,0,0,29-JAN-2024,
OPTIDX,NIFTY,25-Jun-2026,12000,CE,0,0,0,8690,11536.1,0,0,50,0,29-JAN-2024,
OPTIDX,NIFTY,25-Jun-2026,16000,CE,0,0,0,4748.3,8144.55,0,0,0,0,29-JAN-2024,
OPTIDX,NIFTY,25-Jun-2026,17000,CE,0,0,0,4348.25,7308.15,0,0,0,0,29-JAN-2024,
OPTIDX,NIFTY,25-Jun-2026,18000,CE,0,0,0,4150,6485.95,0,0,200,0,29-JAN-2024,
OPTIDX,NIFTY,25-Jun-2026,19000,CE,0,0,0,2872.25,5686.55,0,0,100,0,29-JAN-2024,
OPTIDX,NIFTY,25-Jun-2026,20000,CE,0,0,0,3829.5,4920.35,0,0,0,0,29-JAN-2024,
OPTIDX,NIFTY,25-Jun-2026,21000,CE,0,0,0,3881.9,4198.35,0,0,0,0,29-JAN-2024,
OPTIDX,NIFTY,25-Jun-2026,22000,CE,0,0,0,2722.55,3530.8,0,0,0,0,29-JAN-2024,
OPTIDX,NIFTY,25-Jun-2026,23000,CE,0,0,0,2645.65,2926.05,0,0,0,0,29-JAN-2024,
OPTIDX,NIFTY,25-Jun-2026,24000,CE,0,0,0,1698.3,2389.45,0,0,0,0,29-JAN-2024,
OPTIDX,NIFTY,25-Jun-2026,25000,CE,0,0,0,1510.4,1923.2,0,0,0,0,29-JAN-2024,
OPTIDX,NIFTY,25-Jun-2026,26000,CE,0,0,0,1343.15,1526.25,0,0,0,0,29-JAN-2024,
OPTIDX,NIFTY,25-Jun-2026,27000,CE,0,0,0,1352.8,1194.9,0,0,0,0,29-JAN-2024,
OPTIDX,NIFTY,25-Jun-2026,12000,PE,0,0,0,10.05,0.05,0,0,500,0,29-JAN-2024,
OPTIDX,NIFTY,25-Jun-2026,13000,PE,0,0,0,45.25,0.2,0,0,200,0,29-JAN-2024,
OPTIDX,NIFTY,25-Jun-2026,14000,PE,0,0,0,300,0.85,0,0,100,0,29-JAN-2024,
OPTIDX,NIFTY,25-Jun-2026,15000,PE,0,0,0,105.5,3.05,0,0,850,0,29-JAN-2024,
OPTIDX,NIFTY,25-Jun-2026,16000,PE,0,0,0,54.8,9,0,0,500,0,29-JAN-2024,
OPTIDX,NIFTY,25-Jun-2026,17000,PE,0,0,0,2627.25,22.7,0,0,0,0,29-JAN-2024,
OPTIDX,NIFTY,25-Jun-2026,18000,PE,0,0,0,3088.05,50.6,0,0,0,0,29-JAN-2024,
OPTIDX,NIFTY,25-Jun-2026,19000,PE,0,0,0,140.45,101.35,0,0,100,0,29-JAN-2024,
OPTIDX,NIFTY,25-Jun-2026,20000,PE,0,0,0,3159.75,185.3,0,0,0,0,29-JAN-2024,
OPTIDX,NIFTY,25-Jun-2026,21000,PE,0,0,0,3065.6,313.4,0,0,0,0,29-JAN-2024,
OPTIDX,NIFTY,25-Jun-2026,22000,PE,0,0,0,3829.5,496,0,0,0,0,29-JAN-2024,
OPTIDX,NIFTY,25-Jun-2026,23000,PE,0,0,0,4171.75,741.35,0,0,0,0,29-JAN-2024,
OPTIDX,NIFTY,25-Jun-2026,24000,PE,0,0,0,5437.7,1054.9,0,0,0,0,29-JAN-2024,
OPTIDX,NIFTY,25-Jun-2026,25000,PE,0,0,0,6063.1,1438.75,0,0,0,0,29-JAN-2024,
OPTIDX,NIFTY,25-Jun-2026,26000,PE,0,0,0,6709.2,1891.95,0,0,0,0,29-JAN-2024,
OPTIDX,NIFTY,25-Jun-2026,27000,PE,0,0,0,6810.7,2410.75,0,0,0,0,29-JAN-2024,
OPTIDX,NIFTY,31-Dec-2026,16000,CE,0,0,0,6200,8614.45,0,0,50,0,29-JAN-2024,
OPTIDX,NIFTY,31-Dec-2026,17000,CE,0,0,0,4955.1,7808.7,0,0,0,0,29-JAN-2024,
OPTIDX,NIFTY,31-Dec-2026,18000,CE,0,0,0,4501.45,7016.35,0,0,0,0,29-JAN-2024,
OPTIDX,NIFTY,31-Dec-2026,19000,CE,0,0,0,4999,6244.5,0,0,200,0,29-JAN-2024,
OPTIDX,NIFTY,31-Dec-2026,20000,CE,0,0,0,3704.3,5501.2,0,0,0,0,29-JAN-2024,
OPTIDX,NIFTY,31-Dec-2026,21000,CE,0,0,0,3356.25,4795.1,0,0,0,0,29-JAN-2024,
OPTIDX,NIFTY,31-Dec-2026,22000,CE,0,0,0,3039,4134.15,0,0,0,0,29-JAN-2024,
OPTIDX,NIFTY,31-Dec-2026,23000,CE,0,0,0,2020,3525.1,0,0,500,0,29-JAN-2024,
OPTIDX,NIFTY,31-Dec-2026,24000,CE,0,0,0,2010.65,2972.9,0,0,0,0,29-JAN-2024,
OPTIDX,NIFTY,31-Dec-2026,25000,CE,0,0,0,1811.2,2480.2,0,0,0,0,29-JAN-2024,
OPTIDX,NIFTY,31-Dec-2026,26000,CE,0,0,0,1631.05,2047.5,0,0,0,0,29-JAN-2024,
OPTIDX,NIFTY,31-Dec-2026,27000,CE,0,0,0,1651.65,1673.2,0,0,0,0,29-JAN-2024,
OPTIDX,NIFTY,31-Dec-2026,12000,PE,0,0,0,250.1,0.1,0,0,600,0,29-JAN-2024,
OPTIDX,NIFTY,31-Dec-2026,13000,PE,0,0,0,450,0.4,0,0,200,0,29-JAN-2024,
OPTIDX,NIFTY,31-Dec-2026,14000,PE,0,0,0,500,1.45,0,0,950,0,29-JAN-2024,
OPTIDX,NIFTY,31-Dec-2026,15000,PE,0,0,0,118.9,4.45,0,0,2200,0,29-JAN-2024,
OPTIDX,NIFTY,31-Dec-2026,16000,PE,0,0,0,73.05,11.65,0,0,2450,0,29-JAN-2024,
OPTIDX,NIFTY,31-Dec-2026,17000,PE,0,0,0,177.55,26.85,0,0,2700,0,29-JAN-2024,
OPTIDX,NIFTY,31-Dec-2026,18000,PE,0,0,0,374.15,55.45,0,0,6350,0,29-JAN-2024,
OPTIDX,NIFTY,31-Dec-2026,19000,PE,0,0,0,450,104.5,0,0,3200,0,29-JAN-2024,
OPTIDX,NIFTY,31-Dec-2026,20000,PE,0,0,0,600,182.15,0,0,3750,0,29-JAN-2024,
OPTIDX,NIFTY,31-Dec-2026,21000,PE,0,0,0,649,296.95,0,0,850,0,29-JAN-2024,
OPTIDX,NIFTY,31-Dec-2026,22000,PE,0,0,0,609.65,456.9,0,0,100,0,29-JAN-2024,
OPTIDX,NIFTY,31-Dec-2026,23000,PE,1071,1249,1070.05,1200,668.8,9,108.66,6100,150,29-JAN-2024,
OPTIDX,NIFTY,31-Dec-2026,24000,PE,0,0,0,5233.45,937.55,0,0,0,0,29-JAN-2024,
OPTIDX,NIFTY,31-Dec-2026,25000,PE,0,0,0,5825.75,1265.75,0,0,0,0,29-JAN-2024,
OPTIDX,NIFTY,31-Dec-2026,26000,PE,0,0,0,6437.4,1654,0,0,0,0,29-JAN-2024,
OPTIDX,NIFTY,31-Dec-2026,27000,PE,0,0,0,6522.3,2100.65,0,0,0,0,29-JAN-2024,
OPTIDX,NIFTY,24-Jun-2027,16000,CE,0,0,0,4898.4,9034.65,0,0,0,0,29-JAN-2024,
OPTIDX,NIFTY,24-Jun-2027,17000,CE,0,0,0,4464.7,8255.6,0,0,0,0,29-JAN-2024,
OPTIDX,NIFTY,24-Jun-2027,18000,CE,0,0,0,4066.45,7489.1,0,0,0,0,29-JAN-2024,
OPTIDX,NIFTY,24-Jun-2027,19000,CE,0,0,0,3701.25,6740.9,0,0,100,0,29-JAN-2024,
OPTIDX,NIFTY,24-Jun-2027,20000,CE,0,0,0,3367.05,6017.7,0,0,0,0,29-JAN-2024,
OPTIDX,NIFTY,24-Jun-2027,21000,CE,0,0,0,3061.8,5326.45,0,0,0,0,29-JAN-2024,
OPTIDX,NIFTY,24-Jun-2027,22000,CE,0,0,0,2783.5,4673.65,0,0,0,0,29-JAN-2024,
OPTIDX,NIFTY,24-Jun-2027,23000,CE,0,0,0,2530.05,4065.1,0,0,0,0,29-JAN-2024,
OPTIDX,NIFTY,24-Jun-2027,24000,CE,0,0,0,2299.55,3505.1,0,0,0,0,29-JAN-2024,
OPTIDX,NIFTY,24-Jun-2027,25000,CE,0,0,0,2090.05,2996.5,0,0,0,0,29-JAN-2024,
OPTIDX,NIFTY,24-Jun-2027,26000,CE,0,0,0,1900.85,2540.45,0,0,0,0,29-JAN-2024,
OPTIDX,NIFTY,24-Jun-2027,27000,CE,0,0,0,1932.5,2136.55,0,0,0,0,29-JAN-2024,
OPTIDX,NIFTY,24-Jun-2027,16000,PE,0,0,0,1476.1,13.6,0,0,0,0,29-JAN-2024,
OPTIDX,NIFTY,24-Jun-2027,17000,PE,0,0,0,1814.75,29.35,0,0,0,0,29-JAN-2024,
OPTIDX,NIFTY,24-Jun-2027,18000,PE,0,0,0,2188.9,57.6,0,0,0,0,29-JAN-2024,
OPTIDX,NIFTY,24-Jun-2027,19000,PE,0,0,0,170,104.2,0,0,250,0,29-JAN-2024,
OPTIDX,NIFTY,24-Jun-2027,20000,PE,0,0,0,3034.2,175.8,0,0,0,0,29-JAN-2024,
OPTIDX,NIFTY,24-Jun-2027,21000,PE,0,0,0,3501.35,279.3,0,0,0,0,29-JAN-2024,
OPTIDX,NIFTY,24-Jun-2027,22000,PE,0,0,0,3995.4,421.3,0,0,0,0,29-JAN-2024,
OPTIDX,NIFTY,24-Jun-2027,23000,PE,0,0,0,4514.3,607.55,0,0,0,0,29-JAN-2024,
OPTIDX,NIFTY,24-Jun-2027,24000,PE,0,0,0,5056.2,842.3,0,0,0,0,29-JAN-2024,
OPTIDX,NIFTY,24-Jun-2027,25000,PE,0,0,0,5619.05,1128.5,0,0,0,0,29-JAN-2024,
OPTIDX,NIFTY,24-Jun-2027,26000,PE,0,0,0,6202.2,1467.2,0,0,0,0,29-JAN-2024,
OPTIDX,NIFTY,24-Jun-2027,27000,PE,0,0,0,6273.45,1858.15,0,0,0,0,29-JAN-2024,
OPTIDX,NIFTY,30-Dec-2027,16000,CE,0,0,0,7354.45,9472.95,0,0,0,0,29-JAN-2024,
OPTIDX,NIFTY,30-Dec-2027,17000,CE,0,0,0,6805.5,8721.25,0,0,0,0,29-JAN-2024,
OPTIDX,NIFTY,30-Dec-2027,18000,CE,0,0,0,6285.7,7981,0,0,0,0,29-JAN-2024,
OPTIDX,NIFTY,30-Dec-2027,19000,CE,0,0,0,5794.9,7257,0,0,0,0,29-JAN-2024,
OPTIDX,NIFTY,30-Dec-2027,20000,CE,0,0,0,5333.85,6554.7,0,0,0,0,29-JAN-2024,
OPTIDX,NIFTY,30-Dec-2027,21000,CE,0,0,0,4902.4,5879.75,0,0,0,0,29-JAN-2024,
OPTIDX,NIFTY,30-Dec-2027,22000,CE,0,0,0,4499.55,5237.5,0,0,0,0,29-JAN-2024,
OPTIDX,NIFTY,30-Dec-2027,23000,CE,0,0,0,4125.7,4632.8,0,0,0,0,29-JAN-2024,
OPTIDX,NIFTY,30-Dec-2027,24000,CE,0,0,0,3778.95,4069.55,0,0,0,0,29-JAN-2024,
OPTIDX,NIFTY,30-Dec-2027,25000,CE,0,0,0,3458.35,3550.4,0,0,0,0,29-JAN-2024,
OPTIDX,NIFTY,30-Dec-2027,26000,CE,0,0,0,3162.4,3077,0,0,0,0,29-JAN-2024,
OPTIDX,NIFTY,30-Dec-2027,27000,CE,0,0,0,2889.8,2649.65,0,0,0,0,29-JAN-2024,
OPTIDX,NIFTY,30-Dec-2027,15000,PE,0,0,0,86.75,6.65,0,0,350,0,29-JAN-2024,
OPTIDX,NIFTY,30-Dec-2027,16000,PE,0,0,0,479.35,15.1,0,0,0,0,29-JAN-2024,
OPTIDX,NIFTY,30-Dec-2027,17000,PE,0,0,0,514,30.9,0,0,14250,0,29-JAN-2024,
OPTIDX,NIFTY,30-Dec-2027,18000,PE,0,0,0,74.8,58.15,0,0,10500,0,29-JAN-2024,
OPTIDX,NIFTY,30-Dec-2027,19000,PE,0,0,0,760,101.65,0,0,700,0,29-JAN-2024,
OPTIDX,NIFTY,30-Dec-2027,20000,PE,0,0,0,749.95,166.8,0,0,1700,0,29-JAN-2024,
OPTIDX,NIFTY,30-Dec-2027,21000,PE,0,0,0,1563.55,259.35,0,0,0,0,29-JAN-2024,
OPTIDX,NIFTY,30-Dec-2027,22000,PE,0,0,0,1867.9,384.6,0,0,0,0,29-JAN-2024,
OPTIDX,NIFTY,30-Dec-2027,23000,PE,0,0,0,2201.3,547.35,0,0,0,0,29-JAN-2024,
OPTIDX,NIFTY,30-Dec-2027,24000,PE,0,0,0,2561.85,751.55,0,0,0,0,29-JAN-2024,
OPTIDX,NIFTY,30-Dec-2027,25000,PE,0,0,0,2948.45,999.9,0,0,0,0,29-JAN-2024,
OPTIDX,NIFTY,30-Dec-2027,26000,PE,0,0,0,3359.75,1294,0,0,0,0,29-JAN-2024,
OPTIDX,NIFTY,30-Dec-2027,27000,PE,0,0,0,3794.4,1634.15,0,0,0,0,29-JAN-2024,
OPTIDX,NIFTY,29-Jun-2028,16000,CE,0,0,0,8002.3,9880.3,0,0,0,0,29-JAN-2024,
OPTIDX,NIFTY,29-Jun-2028,17000,CE,0,0,0,7393.45,9153.7,0,0,0,0,29-JAN-2024,
OPTIDX,NIFTY,29-Jun-2028,18000,CE,0,0,0,6809.35,8437.5,0,0,0,0,29-JAN-2024,
OPTIDX,NIFTY,29-Jun-2028,19000,CE,0,0,0,6252.25,7735.8,0,0,0,0,29-JAN-2024,
OPTIDX,NIFTY,29-Jun-2028,20000,CE,0,0,0,5724.65,7053.05,0,0,0,0,29-JAN-2024,
OPTIDX,NIFTY,29-Jun-2028,21000,CE,0,0,0,5226.55,6394,0,0,0,0,29-JAN-2024,
OPTIDX,NIFTY,29-Jun-2028,22000,CE,0,0,0,4759.5,5763.15,0,0,0,0,29-JAN-2024,
OPTIDX,NIFTY,29-Jun-2028,23000,CE,0,0,0,4323.1,5164.65,0,0,0,0,29-JAN-2024,
OPTIDX,NIFTY,29-Jun-2028,24000,CE,0,0,0,3918.85,4601.95,0,0,0,0,29-JAN-2024,
OPTIDX,NIFTY,29-Jun-2028,25000,CE,0,0,0,3545.15,4077.6,0,0,0,0,29-JAN-2024,
OPTIDX,NIFTY,29-Jun-2028,26000,CE,0,0,0,3200.9,3593.35,0,0,0,0,29-JAN-2024,
OPTIDX,NIFTY,29-Jun-2028,27000,CE,0,0,0,2885.15,3149.95,0,0,0,0,29-JAN-2024,
OPTIDX,NIFTY,29-Jun-2028,16000,PE,0,0,0,194.2,16,0,0,0,0,29-JAN-2024,
OPTIDX,NIFTY,29-Jun-2028,17000,PE,0,0,0,283.1,31.55,0,0,0,0,29-JAN-2024,
OPTIDX,NIFTY,29-Jun-2028,18000,PE,0,0,0,396.75,57.4,0,0,0,0,29-JAN-2024,
OPTIDX,NIFTY,29-Jun-2028,19000,PE,0,0,0,537.45,97.75,0,0,0,0,29-JAN-2024,
OPTIDX,NIFTY,29-Jun-2028,20000,PE,0,0,0,707.55,157.1,0,0,0,0,29-JAN-2024,
OPTIDX,NIFTY,29-Jun-2028,21000,PE,0,0,0,907.2,240.1,0,0,0,0,29-JAN-2024,
OPTIDX,NIFTY,29-Jun-2028,22000,PE,0,0,0,1137.9,351.35,0,0,0,0,29-JAN-2024,
OPTIDX,NIFTY,29-Jun-2028,23000,PE,0,0,0,1399.25,494.95,0,0,0,0,29-JAN-2024,
OPTIDX,NIFTY,29-Jun-2028,24000,PE,0,0,0,1692.75,674.3,0,0,0,0,29-JAN-2024,
OPTIDX,NIFTY,29-Jun-2028,25000,PE,0,0,0,2016.8,892.05,0,0,0,0,29-JAN-2024,
OPTIDX,NIFTY,29-Jun-2028,26000,PE,0,0,0,2370.3,1149.9,0,0,0,0,29-JAN-2024,
OPTIDX,NIFTY,29-Jun-2028,27000,PE,0,0,0,2752.35,1448.6,0,0,0,0,29-JAN-2024,
OPTIDX,NIFTY,28-Dec-2028,16000,CE,0,0,0,10704.45,10273.75,0,0,0,0,29-JAN-2024,
OPTIDX,NIFTY,28-Dec-2028,17000,CE,0,0,0,10036.4,9571.2,0,0,0,0,29-JAN-2024,
OPTIDX,NIFTY,28-Dec-2028,18000,CE,0,0,0,9380.3,8878.05,0,0,0,0,29-JAN-2024,
OPTIDX,NIFTY,28-Dec-2028,19000,CE,0,0,0,8739,8197.75,0,0,0,0,29-JAN-2024,
OPTIDX,NIFTY,28-Dec-2028,20000,CE,0,0,0,8115.5,7534.1,0,0,0,0,29-JAN-2024,
OPTIDX,NIFTY,28-Dec-2028,21000,CE,0,0,0,7512.5,6891.1,0,0,0,0,29-JAN-2024,
OPTIDX,NIFTY,28-Dec-2028,22000,CE,0,0,0,6932.45,6272.6,0,0,0,0,29-JAN-2024,
OPTIDX,NIFTY,28-Dec-2028,23000,CE,0,0,0,6377.6,5682.1,0,0,0,0,29-JAN-2024,
OPTIDX,NIFTY,28-Dec-2028,24000,CE,0,0,0,5850.3,5122.75,0,0,0,0,29-JAN-2024,
OPTIDX,NIFTY,28-Dec-2028,25000,CE,0,0,0,5350.4,4596.85,0,0,0,0,29-JAN-2024,
OPTIDX,NIFTY,28-Dec-2028,26000,CE,0,0,0,4879.7,4106.25,0,0,0,0,29-JAN-2024,
OPTIDX,NIFTY,28-Dec-2028,27000,CE,0,0,0,4437.95,3651.85,0,0,0,0,29-JAN-2024,
OPTIDX,NIFTY,28-Dec-2028,16000,PE,0,0,0,39.6,16.5,0,0,0,0,29-JAN-2024,
OPTIDX,NIFTY,28-Dec-2028,17000,PE,0,0,0,66.15,31.5,0,0,0,0,29-JAN-2024,
OPTIDX,NIFTY,28-Dec-2028,18000,PE,0,0,0,104.65,55.85,0,0,0,0,29-JAN-2024,
OPTIDX,NIFTY,28-Dec-2028,19000,PE,0,0,0,158,93.05,0,0,0,0,29-JAN-2024,
OPTIDX,NIFTY,28-Dec-2028,20000,PE,0,0,0,229.1,146.95,0,0,0,0,29-JAN-2024,
OPTIDX,NIFTY,28-Dec-2028,21000,PE,0,0,0,320.7,221.45,0,0,0,0,29-JAN-2024,
OPTIDX,NIFTY,28-Dec-2028,22000,PE,0,0,0,435.3,320.45,0,0,0,0,29-JAN-2024,
OPTIDX,NIFTY,28-Dec-2028,23000,PE,0,0,0,575.05,447.5,0,0,0,0,29-JAN-2024,
OPTIDX,NIFTY,28-Dec-2028,24000,PE,0,0,0,742.35,605.65,0,0,0,0,29-JAN-2024,
OPTIDX,NIFTY,28-Dec-2028,25000,PE,0,0,0,937.05,797.3,0,0,0,0,29-JAN-2024,
OPTIDX,NIFTY,28-Dec-2028,26000,PE,0,0,0,1160.95,1024.2,0,0,0,0,29-JAN-2024,
OPTIDX,NIFTY,28-Dec-2028,27000,PE,0,0,0,1413.85,1287.35,0,0,0,0,29-JAN-2024,
