INSTRUMENT,SYMBOL,EXPIRY_DT,STRIKE_PR,OPTION_TYP,OPEN,HIGH,LOW,CLOSE,SETTLE_PR,CONTRACTS,VAL_INLAKH,OPEN_INT,CHG_IN_OI,TIMESTAMP,
FUTIDX,NIFTY,29-Feb-2024,0,XX,21902,22029.95,21843,21957.4,21982.8,143145,1571006.95,3670800,-1507050,29-FEB-2024,
FUTIDX,NIFTY,28-Mar-2024,0,XX,22074.95,22199.55,22022,22160.5,22160.5,181719,2009095.47,13081300,3215450,29-FEB-2024,
FUTIDX,NIFTY,25-Apr-2024,0,XX,22220,22335,22162.8,22283.5,22283.5,9955,110753.56,987650,62650,29-FEB-2024,
OPTIDX,NIFTY,29-Feb-2024,18650,CE,3289.4,3383.35,3241.85,3338,21982.8,43,471.85,24350,-200,29-FEB-2024,
OPTIDX,NIFTY,29-Feb-2024,18700,CE,3245,3300.1,3155,3235.3,21982.8,612,6714.17,46800,-100,29-FEB-2024,
OPTIDX,NIFTY,29-Feb-2024,18750,CE,3200,3200,3200,3200,21982.8,11,120.72,650,-50,29-FEB-2024,
OPTIDX,NIFTY,29-Feb-2024,18800,CE,3200,3200,3075.1,3143.15,21982.8,29,318.48,2100,-1250,29-FEB-2024,
OPTIDX,NIFTY,29-Feb-2024,18850,CE,0,0,0,1710.25,21982.8,0,0,0,0,29-FEB-2024,
OPTIDX,NIFTY,29-Feb-2024,18900,CE,3035,3096.2,3035,3087.2,21982.8,10,109.9,350,-250,29-FEB-2024,
OPTIDX,NIFTY,29-Feb-2024,18950,CE,0,0,0,2985,21982.8,0,0,50,0,29-FEB-2024,
OPTIDX,NIFTY,29-Feb-2024,19000,CE,2928.45,3019.8,2850,2948.35,21982.8,3965,43504.92,175650,-87100,29-FEB-2024,
OPTIDX,NIFTY,29-Feb-2024,19050,CE,0,0,0,2868.55,21982.8,0,0,100,0,29-FEB-2024,
OPTIDX,NIFTY,29-Feb-2024,19100,CE,2880.05,2904.1,2880.05,2900,21982.8,13,142.97,1250,0,29-FEB-2024,
OPTIDX,NIFTY,29-Feb-2024,19150,CE,0,0,0,3060,21982.8,0,0,50,0,29-FEB-2024,
OPTIDX,NIFTY,29-Feb-2024,19200,CE,2720,2820,2700,2792,21982.8,30,329.4,800,-900,29-FEB-2024,
OPTIDX,NIFTY,29-Feb-2024,19250,CE,0,0,0,2660.3,21982.8,0,0,0,0,29-FEB-2024,
OPTIDX,NIFTY,29-Feb-2024,19300,CE,2630,2705,2567.75,2641.9,21982.8,64,702.35,1700,-2500,29-FEB-2024,
OPTIDX,NIFTY,29-Feb-2024,19350,CE,2620,2647.85,2620,2647.8,21982.8,184,2021.3,700,-8150,29-FEB-2024,
OPTIDX,NIFTY,29-Feb-2024,19400,CE,2550,2595.35,2500,2579.65,21982.8,47,515.91,3800,-200,29-FEB-2024,
OPTIDX,NIFTY,29-Feb-2024,19450,CE,0,0,0,1231.75,21982.8,0,0,0,0,29-FEB-2024,
OPTIDX,NIFTY,29-Feb-2024,19500,CE,2429.3,2516.05,2350,2456.5,21982.8,760,8342.04,34750,-19450,29-FEB-2024,
OPTIDX,NIFTY,29-Feb-2024,19550,CE,0,0,0,2719.05,21982.8,0,0,50,0,29-FEB-2024,
OPTIDX,NIFTY,29-Feb-2024,19600,CE,2345,2390.8,2300,2385.5,21982.8,165,1812.68,4050,-5150,29-FEB-2024,
OPTIDX,NIFTY,29-Feb-2024,19650,CE,0,0,0,2350,21982.8,0,0,200,0,29-FEB-2024,
OPTIDX,NIFTY,29-Feb-2024,19700,CE,2230,2299.7,2160,2270.25,21982.8,255,2796.81,5800,-7200,29-FEB-2024,
OPTIDX,NIFTY,29-Feb-2024,19750,CE,0,0,0,1930.05,21982.8,0,0,300,0,29-FEB-2024,
OPTIDX,NIFTY,29-Feb-2024,19800,CE,2175,2190,2075,2129.1,21982.8,86,943.13,3800,-1550,29-FEB-2024,
OPTIDX,NIFTY,29-Feb-2024,19850,CE,0,0,0,2266.6,21982.8,0,0,250,0,29-FEB-2024,
OPTIDX,NIFTY,29-Feb-2024,19900,CE,2020.8,2088.2,1980.2,2084.5,21982.8,136,1493.16,1350,-4600,29-FEB-2024,
OPTIDX,NIFTY,29-Feb-2024,19950,CE,2079,2079,1993.05,1993.05,21982.8,39,428.55,1000,-700,29-FEB-2024,
OPTIDX,NIFTY,29-Feb-2024,20000,CE,1924.05,2031.95,1850,1973.5,21982.8,6171,67772.34,247700,-127750,29-FEB-2024,
OPTIDX,NIFTY,29-Feb-2024,20050,CE,1922,1922,1922,1922,21982.8,1,10.98,950,0,29-FEB-2024,
OPTIDX,NIFTY,29-Feb-2024,20100,CE,1790,1907,1790,1858,21982.8,60,658.65,2000,-1100,29-FEB-2024,
OPTIDX,NIFTY,29-Feb-2024,20150,CE,1768.55,1839.8,1768.55,1839.8,21982.8,4,43.93,100,-100,29-FEB-2024,
OPTIDX,NIFTY,29-Feb-2024,20200,CE,1764,1805.95,1651.6,1777.1,21982.8,92,1009.98,2500,-2700,29-FEB-2024,
OPTIDX,NIFTY,29-Feb-2024,20250,CE,1740,1740,1670,1670,21982.8,2,21.95,4950,0,29-FEB-2024,
OPTIDX,NIFTY,29-Feb-2024,20300,CE,1620.05,1700,1577.4,1624.5,21982.8,149,1633.43,2000,-5000,29-FEB-2024,
OPTIDX,NIFTY,29-Feb-2024,20350,CE,1550,1550,1550,1550,21982.8,1,10.95,1300,-50,29-FEB-2024,
OPTIDX,NIFTY,29-Feb-2024,20400,CE,1567.2,1597.4,1465.65,1587.65,21982.8,118,1295.16,3450,-4000,29-FEB-2024,
OPTIDX,NIFTY,29-Feb-2024,20450,CE,0,0,0,1470,21982.8,0,0,1050,0,29-FEB-2024,
OPTIDX,NIFTY,29-Feb-2024,20500,CE,1433,1527.2,1350,1447.9,21982.8,1924,21121.99,157750,-17600,29-FEB-2024,
OPTIDX,NIFTY,29-Feb-2024,20550,CE,1352.3,1352.3,1352.3,1352.3,21982.8,1,10.95,900,0,29-FEB-2024,
OPTIDX,NIFTY,29-Feb-2024,20600,CE,1300,1387.15,1275.3,1362.3,21982.8,138,1514.44,8600,-1200,29-FEB-2024,
OPTIDX,NIFTY,29-Feb-2024,20650,CE,1328.75,1346.5,1328.75,1346.5,21982.8,2,21.98,1200,-50,29-FEB-2024,
OPTIDX,NIFTY,29-Feb-2024,20700,CE,1231.75,1312.15,1155,1262.95,21982.8,541,5931.08,58300,-50,29-FEB-2024,
OPTIDX,NIFTY,29-Feb-2024,20750,CE,1215,1250,1170,1200.95,21982.8,56,614.68,1600,-1750,29-FEB-2024,
OPTIDX,NIFTY,29-Feb-2024,20800,CE,1107.85,1208.05,1054.15,1149.9,21982.8,728,7985.98,81250,-1300,29-FEB-2024,
OPTIDX,NIFTY,29-Feb-2024,20850,CE,1177.2,1177.2,1048,1125.65,21982.8,9,98.82,4100,-50,29-FEB-2024,
OPTIDX,NIFTY,29-Feb-2024,20900,CE,1000.35,1102.8,958.45,1050.7,21982.8,331,3631.54,97050,-100,29-FEB-2024,
OPTIDX,NIFTY,29-Feb-2024,20950,CE,982.65,1076.65,937,1006.35,21982.8,671,7366.1,7650,2450,29-FEB-2024,
OPTIDX,NIFTY,29-Feb-2024,21000,CE,923.55,1029.3,845.65,957.85,21982.8,4566,50080.99,307350,-34850,29-FEB-2024,
OPTIDX,NIFTY,29-Feb-2024,21050,CE,864.1,966.1,836.7,893.55,21982.8,135,1480.76,5000,-2050,29-FEB-2024,
OPTIDX,NIFTY,29-Feb-2024,21100,CE,815.1,926.75,749.05,835.25,21982.8,554,6076.79,76600,-2700,29-FEB-2024,
OPTIDX,NIFTY,29-Feb-2024,21150,CE,815.3,848.35,726.25,819.45,21982.8,102,1120.13,8900,-2350,29-FEB-2024,
OPTIDX,NIFTY,29-Feb-2024,21200,CE,706,821.85,659.05,773.95,21982.8,1459,16019.1,88100,-16900,29-FEB-2024,
OPTIDX,NIFTY,29-Feb-2024,21250,CE,670,776.55,615,706.55,21982.8,188,2063.38,9000,-2750,29-FEB-2024,
OPTIDX,NIFTY,29-Feb-2024,21300,CE,634.75,730,550,658.9,21982.8,3195,35078.17,154150,-49400,29-FEB-2024,
OPTIDX,NIFTY,29-Feb-2024,21350,CE,569.4,655.25,495.1,600.15,21982.8,456,5001.49,15250,-2650,29-FEB-2024,
OPTIDX,NIFTY,29-Feb-2024,21400,CE,510,628.4,445.2,554.45,21982.8,3709,40703.69,134500,-34400,29-FEB-2024,
OPTIDX,NIFTY,29-Feb-2024,21450,CE,476.55,578.4,400.65,496.5,21982.8,2008,22037.67,17150,-1550,29-FEB-2024,
OPTIDX,NIFTY,29-Feb-2024,21500,CE,416,531.65,346.5,452.7,21982.8,30884,338791.21,626950,-204900,29-FEB-2024,
OPTIDX,NIFTY,29-Feb-2024,21550,CE,363.9,480,299.8,405.25,21982.8,6291,68987.33,14300,-11500,29-FEB-2024,
OPTIDX,NIFTY,29-Feb-2024,21600,CE,320.65,432.55,254,355.95,21982.8,28756,315403.48,186200,-76750,29-FEB-2024,
OPTIDX,NIFTY,29-Feb-2024,21650,CE,268.1,385,211.8,305,21982.8,21585,236694.56,20700,-12650,29-FEB-2024,
OPTIDX,NIFTY,29-Feb-2024,21700,CE,226.25,336.9,172,246.35,21982.8,197295,2164556.65,409100,-106500,29-FEB-2024,
OPTIDX,NIFTY,29-Feb-2024,21750,CE,188.85,289.45,136.55,199.85,21982.8,195592,2146110.82,213450,99700,29-FEB-2024,
OPTIDX,NIFTY,29-Feb-2024,21800,CE,149.95,243.4,101.15,148.2,21982.8,1413318,15515428.38,855000,-456800,29-FEB-2024,
OPTIDX,NIFTY,29-Feb-2024,21850,CE,109.25,199.4,54.3,91.15,21982.8,2227299,24456524.24,1589700,1187350,29-FEB-2024,
OPTIDX,NIFTY,29-Feb-2024,21900,CE,85,158.4,18.3,45.85,21982.8,9219055,101294754.37,3688350,399000,29-FEB-2024,
OPTIDX,NIFTY,29-Feb-2024,21950,CE,60,120,2.5,14.65,21982.8,14860756,163398326.98,6340100,4113300,29-FEB-2024,
OPTIDX,NIFTY,29-Feb-2024,22000,CE,49.5,88,0.05,2.2,21982.8,26015992,286462406.28,15958050,5793900,29-FEB-2024,
OPTIDX,NIFTY,29-Feb-2024,22050,CE,41,62,0.05,0.65,21982.8,13914854,153508437.04,8743050,3873050,29-FEB-2024,
OPTIDX,NIFTY,29-Feb-2024,22100,CE,19.9,43,0.05,0.4,21982.8,13501030,149254945.65,10056500,-895550,29-FEB-2024,
OPTIDX,NIFTY,29-Feb-2024,22150,CE,16.4,28.7,0.05,0.3,21982.8,9575517,106080556.53,3957550,-2455250,29-FEB-2024,
OPTIDX,NIFTY,29-Feb-2024,22200,CE,9.65,19,0.05,0.25,21982.8,12010809,133350480.85,8719850,-6959900,29-FEB-2024,
OPTIDX,NIFTY,29-Feb-2024,22250,CE,8.8,12.1,0.05,0.2,21982.8,6456218,71837075.47,5064350,-2671600,29-FEB-2024,
OPTIDX,NIFTY,29-Feb-2024,22300,CE,4.8,7.35,0.05,0.15,21982.8,6777921,75582296.85,7580000,-5172750,29-FEB-2024,
OPTIDX,NIFTY,29-Feb-2024,22350,CE,4.95,4.95,0.05,0.15,21982.8,3339688,37324351.64,3747650,-2031950,29-FEB-2024,
OPTIDX,NIFTY,29-Feb-2024,22400,CE,2.7,3.15,0.05,0.15,21982.8,4075632,45649947,6585800,-3093450,29-FEB-2024,
OPTIDX,NIFTY,29-Feb-2024,22450,CE,2.5,2.5,0.05,0.15,21982.8,2178714,24457365.46,3046250,-2032250,29-FEB-2024,
OPTIDX,NIFTY,29-Feb-2024,22500,CE,1.35,1.95,0.05,0.1,21982.8,3601092,40514197.78,8784200,-5191800,29-FEB-2024,
OPTIDX,NIFTY,29-Feb-2024,22550,CE,1.5,1.55,0.05,0.1,21982.8,1333464,15035433.84,3114750,-969050,29-FEB-2024,
OPTIDX,NIFTY,29-Feb-2024,22600,CE,1.5,1.55,0.05,0.1,21982.8,1736201,19619833.23,6120550,-1265550,29-FEB-2024,
OPTIDX,NIFTY,29-Feb-2024,22650,CE,1.4,1.4,0.05,0.1,21982.8,635021,7191863.83,2193200,-1446200,29-FEB-2024,
OPTIDX,NIFTY,29-Feb-2024,22700,CE,1.2,1.2,0.05,0.05,21982.8,1084776,12312585.84,6093800,-3258500,29-FEB-2024,
OPTIDX,NIFTY,29-Feb-2024,22750,CE,1.55,1.55,0.05,0.05,21982.8,420828,4787057.81,1655300,-1020700,29-FEB-2024,
OPTIDX,NIFTY,29-Feb-2024,22800,CE,1,1,0.05,0.05,21982.8,846245,9647462.02,4299500,-2002650,29-FEB-2024,
OPTIDX,NIFTY,29-Feb-2024,22850,CE,1.3,1.3,0.05,0.05,21982.8,259161,2960995.08,811650,-770700,29-FEB-2024,
OPTIDX,NIFTY,29-Feb-2024,22900,CE,0.8,0.9,0.05,0.05,21982.8,482711,5527182.01,1834650,-991650,29-FEB-2024,
OPTIDX,NIFTY,29-Feb-2024,22950,CE,0.65,0.9,0.05,0.1,21982.8,191625,2198949.97,618200,-280000,29-FEB-2024,
OPTIDX,NIFTY,29-Feb-2024,23000,CE,0.8,0.85,0.05,0.05,21982.8,1327325,15264575.14,7526150,-6646500,29-FEB-2024,
OPTIDX,NIFTY,29-Feb-2024,23050,CE,0.85,0.9,0.05,0.05,21982.8,300454,3462797.7,2392400,201850,29-FEB-2024,
OPTIDX,NIFTY,29-Feb-2024,23100,CE,0.75,0.8,0.05,0.05,21982.8,451733,5217616.44,2643550,-575550,29-FEB-2024,
OPTIDX,NIFTY,29-Feb-2024,23150,CE,0.75,0.75,0.05,0.05,21982.8,122589,1418991.82,810150,-3750,29-FEB-2024,
OPTIDX,NIFTY,29-Feb-2024,23200,CE,0.65,0.75,0.05,0.05,21982.8,244845,2840250.11,1506050,-919300,29-FEB-2024,
OPTIDX,NIFTY,29-Feb-2024,23250,CE,0.8,0.85,0.05,0.05,21982.8,92103,1070715.47,261650,-459650,29-FEB-2024,
OPTIDX,NIFTY,29-Feb-2024,23300,CE,0.65,0.7,0.05,0.1,21982.8,142054,1654957.59,650750,-746350,29-FEB-2024,
OPTIDX,NIFTY,29-Feb-2024,23350,CE,0.8,0.8,0.05,0.1,21982.8,38589,450534.04,236700,-24950,29-FEB-2024,
OPTIDX,NIFTY,29-Feb-2024,23400,CE,0.4,0.7,0.05,0.05,21982.8,100380,1174465.74,521000,-368000,29-FEB-2024,
OPTIDX,NIFTY,29-Feb-2024,23450,CE,1.1,1.1,0.05,0.05,21982.8,21131,247764.44,386000,-76100,29-FEB-2024,
OPTIDX,NIFTY,29-Feb-2024,23500,CE,0.65,0.75,0.05,0.05,21982.8,361697,4249999.84,2093950,-2656650,29-FEB-2024,
OPTIDX,NIFTY,29-Feb-2024,23550,CE,0.1,0.8,0.05,0.1,21982.8,18986,223562.92,213250,-45100,29-FEB-2024,
OPTIDX,NIFTY,29-Feb-2024,23600,CE,0.2,0.8,0.05,0.05,21982.8,116261,1371893.72,1326350,-242850,29-FEB-2024,
OPTIDX,NIFTY,29-Feb-2024,23650,CE,0.8,1,0.05,0.1,21982.8,15919,188244.21,168700,-43300,29-FEB-2024,
OPTIDX,NIFTY,29-Feb-2024,23700,CE,0.2,0.8,0.05,0.05,21982.8,45675,541254.11,513900,-206750,29-FEB-2024,
OPTIDX,NIFTY,29-Feb-2024,23750,CE,0.3,0.7,0.05,0.05,21982.8,10170,120770.03,185400,-32350,29-FEB-2024,
OPTIDX,NIFTY,29-Feb-2024,23800,CE,0.65,0.75,0.05,0.05,21982.8,63855,759882.92,758100,-933350,29-FEB-2024,
OPTIDX,NIFTY,29-Feb-2024,23850,CE,0.65,0.8,0.05,0.05,21982.8,30034,358158.98,539850,-153300,29-FEB-2024,
OPTIDX,NIFTY,29-Feb-2024,23900,CE,0.8,0.8,0.05,0.05,21982.8,77500,926133,852700,-510900,29-FEB-2024,
OPTIDX,NIFTY,29-Feb-2024,23950,CE,0.8,1,0.05,0.05,21982.8,97268,1164794.99,1350950,-503500,29-FEB-2024,
OPTIDX,NIFTY,29-Feb-2024,18650,PE,0.1,0.35,0.05,0.05,21982.8,279962,2610668.52,711150,-5634050,29-FEB-2024,
OPTIDX,NIFTY,29-Feb-2024,18700,PE,0.1,0.25,0.05,0.05,21982.8,16954,158521.22,243800,-85950,29-FEB-2024,
OPTIDX,NIFTY,29-Feb-2024,18750,PE,0.1,0.3,0.05,0.1,21982.8,6410,60094.28,50750,-66200,29-FEB-2024,
OPTIDX,NIFTY,29-Feb-2024,18800,PE,0.1,0.7,0.05,0.1,21982.8,7656,71967.1,87450,10700,29-FEB-2024,
OPTIDX,NIFTY,29-Feb-2024,18850,PE,0.1,0.3,0.05,0.05,21982.8,3230,30443.02,34800,-14350,29-FEB-2024,
OPTIDX,NIFTY,29-Feb-2024,18900,PE,0.2,0.25,0.05,0.05,21982.8,41975,396667.52,68400,-18000,29-FEB-2024,
OPTIDX,NIFTY,29-Feb-2024,18950,PE,0.1,0.25,0.05,0.1,21982.8,3782,35834.66,35200,-33950,29-FEB-2024,
OPTIDX,NIFTY,29-Feb-2024,19000,PE,0.1,0.3,0.05,0.05,21982.8,22972,218235.75,844800,-364000,29-FEB-2024,
OPTIDX,NIFTY,29-Feb-2024,19050,PE,0.15,0.35,0.05,0.05,21982.8,4817,45882.34,36650,-44400,29-FEB-2024,
OPTIDX,NIFTY,29-Feb-2024,19100,PE,0.1,0.2,0.05,0.05,21982.8,3397,32441.58,45800,-7000,29-FEB-2024,
OPTIDX,NIFTY,29-Feb-2024,19150,PE,0.15,0.25,0.05,0.05,21982.8,4698,44983.73,54750,-115550,29-FEB-2024,
OPTIDX,NIFTY,29-Feb-2024,19200,PE,0.05,0.2,0.05,0.1,21982.8,12621,121162.53,51950,-275750,29-FEB-2024,
OPTIDX,NIFTY,29-Feb-2024,19250,PE,0.1,0.3,0.05,0.1,21982.8,3545,34120.89,34450,-7850,29-FEB-2024,
OPTIDX,NIFTY,29-Feb-2024,19300,PE,0.05,0.3,0.05,0.1,21982.8,2503,24154.16,77850,-42050,29-FEB-2024,
OPTIDX,NIFTY,29-Feb-2024,19350,PE,0.15,0.4,0.05,0.1,21982.8,3685,35652.69,36350,-12300,29-FEB-2024,
OPTIDX,NIFTY,29-Feb-2024,19400,PE,0.15,0.25,0.05,0.1,21982.8,4495,43601.83,76150,-39900,29-FEB-2024,
OPTIDX,NIFTY,29-Feb-2024,19450,PE,0.15,0.45,0.05,0.05,21982.8,6921,67307.28,47050,-63550,29-FEB-2024,
OPTIDX,NIFTY,29-Feb-2024,19500,PE,0.1,0.2,0.05,0.05,21982.8,61110,595826.28,862400,-542700,29-FEB-2024,
OPTIDX,NIFTY,29-Feb-2024,19550,PE,0.1,0.25,0.05,0.1,21982.8,4307,42101.24,50200,-5200,29-FEB-2024,
OPTIDX,NIFTY,29-Feb-2024,19600,PE,0.15,0.3,0.05,0.1,21982.8,13687,134133.81,65350,-237950,29-FEB-2024,
OPTIDX,NIFTY,29-Feb-2024,19650,PE,0.1,0.3,0.05,0.05,21982.8,2990,29376.98,47900,-26700,29-FEB-2024,
OPTIDX,NIFTY,29-Feb-2024,19700,PE,0.15,0.35,0.05,0.1,21982.8,40651,400416.47,457500,-683250,29-FEB-2024,
OPTIDX,NIFTY,29-Feb-2024,19750,PE,0.2,0.35,0.05,0.05,21982.8,4882,48210.25,36850,-1650,29-FEB-2024,
OPTIDX,NIFTY,29-Feb-2024,19800,PE,0.1,0.3,0.05,0.1,21982.8,15808,156500.63,143850,-137500,29-FEB-2024,
OPTIDX,NIFTY,29-Feb-2024,19850,PE,0.2,0.35,0.05,0.1,21982.8,2694,26738.24,14400,-27150,29-FEB-2024,
OPTIDX,NIFTY,29-Feb-2024,19900,PE,0.15,0.4,0.05,0.1,21982.8,4951,49262.97,74100,-1750,29-FEB-2024,
OPTIDX,NIFTY,29-Feb-2024,19950,PE,0.1,0.35,0.05,0.1,21982.8,10147,101217.54,33600,-68800,29-FEB-2024,
OPTIDX,NIFTY,29-Feb-2024,20000,PE,0.25,0.55,0.05,0.1,21982.8,123312,1233133.76,1122150,-884950,29-FEB-2024,
OPTIDX,NIFTY,29-Feb-2024,20050,PE,0.25,0.45,0.05,0.1,21982.8,6733,67499.14,27550,-44000,29-FEB-2024,
OPTIDX,NIFTY,29-Feb-2024,20100,PE,0.25,0.4,0.05,0.1,21982.8,10900,109546.38,142600,-71150,29-FEB-2024,
OPTIDX,NIFTY,29-Feb-2024,20150,PE,0.25,0.35,0.05,0.1,21982.8,4950,49871.82,22400,-32200,29-FEB-2024,
OPTIDX,NIFTY,29-Feb-2024,20200,PE,0.25,0.4,0.05,0.1,21982.8,19406,196002.97,297050,-53750,29-FEB-2024,
OPTIDX,NIFTY,29-Feb-2024,20250,PE,0.25,0.35,0.05,0.1,21982.8,8933,90447.67,34950,-72750,29-FEB-2024,
OPTIDX,NIFTY,29-Feb-2024,20300,PE,0.25,0.45,0.05,0.1,21982.8,18640,189198.06,135750,-175650,29-FEB-2024,
OPTIDX,NIFTY,29-Feb-2024,20350,PE,0.25,0.4,0.05,0.1,21982.8,10329,105098.71,35350,-63850,29-FEB-2024,
OPTIDX,NIFTY,29-Feb-2024,20400,PE,0.25,0.4,0.05,0.1,21982.8,24227,247118.42,119150,-195750,29-FEB-2024,
OPTIDX,NIFTY,29-Feb-2024,20450,PE,0.25,0.4,0.05,0.1,21982.8,23083,236026.73,43000,-121100,29-FEB-2024,
OPTIDX,NIFTY,29-Feb-2024,20500,PE,0.3,0.45,0.05,0.1,21982.8,146920,1505949.22,987150,-748900,29-FEB-2024,
OPTIDX,NIFTY,29-Feb-2024,20550,PE,0.35,0.5,0.05,0.1,21982.8,35466,364418.36,50950,-63200,29-FEB-2024,
OPTIDX,NIFTY,29-Feb-2024,20600,PE,0.25,0.45,0.05,0.1,21982.8,99084,1020578.79,472850,-144050,29-FEB-2024,
OPTIDX,NIFTY,29-Feb-2024,20650,PE,0.3,0.45,0.05,0.1,21982.8,77705,802314.59,99450,-115900,29-FEB-2024,
OPTIDX,NIFTY,29-Feb-2024,20700,PE,0.45,0.55,0.05,0.1,21982.8,161426,1670782.51,397350,-537800,29-FEB-2024,
OPTIDX,NIFTY,29-Feb-2024,20750,PE,0.3,0.6,0.05,0.1,21982.8,103603,1074896.01,174100,-402200,29-FEB-2024,
OPTIDX,NIFTY,29-Feb-2024,20800,PE,0.2,0.55,0.05,0.1,21982.8,157371,1636680.27,567500,-137900,29-FEB-2024,
OPTIDX,NIFTY,29-Feb-2024,20850,PE,0.45,0.6,0.05,0.1,21982.8,79162,825275.23,245050,-109800,29-FEB-2024,
OPTIDX,NIFTY,29-Feb-2024,20900,PE,0.4,0.55,0.05,0.1,21982.8,226481,2366761.73,809450,-174050,29-FEB-2024,
OPTIDX,NIFTY,29-Feb-2024,20950,PE,0.4,0.55,0.05,0.1,21982.8,196890,2062456.23,446400,-417900,29-FEB-2024,
OPTIDX,NIFTY,29-Feb-2024,21000,PE,0.5,0.6,0.05,0.05,21982.8,648461,6808957.44,4590850,-1341950,29-FEB-2024,
OPTIDX,NIFTY,29-Feb-2024,21050,PE,0.55,0.65,0.05,0.1,21982.8,207462,2183577.95,485250,112000,29-FEB-2024,
OPTIDX,NIFTY,29-Feb-2024,21100,PE,0.55,0.65,0.05,0.1,21982.8,415941,4388263.06,1345950,-125750,29-FEB-2024,
OPTIDX,NIFTY,29-Feb-2024,21150,PE,0.3,0.7,0.05,0.1,21982.8,211263,2234153.55,430200,-82300,29-FEB-2024,
OPTIDX,NIFTY,29-Feb-2024,21200,PE,0.65,0.8,0.05,0.1,21982.8,744686,7893852.02,2226850,-645400,29-FEB-2024,
OPTIDX,NIFTY,29-Feb-2024,21250,PE,0.65,0.9,0.05,0.1,21982.8,487216,5176800.79,744050,-85350,29-FEB-2024,
OPTIDX,NIFTY,29-Feb-2024,21300,PE,0.75,0.95,0.05,0.1,21982.8,1976625,21051685.47,3905900,534250,29-FEB-2024,
OPTIDX,NIFTY,29-Feb-2024,21350,PE,1,1.35,0.05,0.1,21982.8,1415155,15107291.91,2332700,1011050,29-FEB-2024,
OPTIDX,NIFTY,29-Feb-2024,21400,PE,1.25,1.95,0.05,0.1,21982.8,2923595,31283822.97,4853700,741450,29-FEB-2024,
OPTIDX,NIFTY,29-Feb-2024,21450,PE,2.4,2.85,0.05,0.1,21982.8,1946502,20877354.05,2247600,646550,29-FEB-2024,
OPTIDX,NIFTY,29-Feb-2024,21500,PE,2.5,4.7,0.05,0.1,21982.8,4504386,48425845.98,7073850,-2335950,29-FEB-2024,
OPTIDX,NIFTY,29-Feb-2024,21550,PE,4,7.55,0.05,0.15,21982.8,3869094,41694395.15,1896100,1950,29-FEB-2024,
OPTIDX,NIFTY,29-Feb-2024,21600,PE,9.9,12.45,0.05,0.15,21982.8,6332865,68405837.19,3688850,-982200,29-FEB-2024,
OPTIDX,NIFTY,29-Feb-2024,21650,PE,12.95,20,0.05,0.2,21982.8,6440817,69737705.51,2137700,231100,29-FEB-2024,
OPTIDX,NIFTY,29-Feb-2024,21700,PE,17.85,31,0.05,0.3,21982.8,9525732,103386074.3,3661800,-772500,29-FEB-2024,
OPTIDX,NIFTY,29-Feb-2024,21750,PE,24,46,0.05,0.45,21982.8,8996667,97875309.64,2093800,312400,29-FEB-2024,
OPTIDX,NIFTY,29-Feb-2024,21800,PE,34.7,65.25,0.05,0.9,21982.8,14046167,153190288.38,4819300,-987900,29-FEB-2024,
OPTIDX,NIFTY,29-Feb-2024,21850,PE,56.8,89.8,0.05,1.7,21982.8,13914923,152130594.77,3407150,1284500,29-FEB-2024,
OPTIDX,NIFTY,29-Feb-2024,21900,PE,71.15,119,0.05,4.2,21982.8,21043717,230689492.1,7896850,3644150,29-FEB-2024,
OPTIDX,NIFTY,29-Feb-2024,21950,PE,100,152.7,0.05,9.95,21982.8,15010247,165000120.68,6444000,4925950,29-FEB-2024,
OPTIDX,NIFTY,29-Feb-2024,22000,PE,125.1,189.85,13.65,34.2,21982.8,9415602,103884570.27,9946400,4649100,29-FEB-2024,
OPTIDX,NIFTY,29-Feb-2024,22050,PE,158.6,230.75,44.1,83.25,21982.8,1783487,19756826.31,879350,-226850,29-FEB-2024,
OPTIDX,NIFTY,29-Feb-2024,22100,PE,202.7,273.75,82.8,139.55,21982.8,1202010,13374910.17,1036600,-1415700,29-FEB-2024,
OPTIDX,NIFTY,29-Feb-2024,22150,PE,253.5,319.8,127.2,183.4,21982.8,219347,2450610.24,642450,-544700,29-FEB-2024,
OPTIDX,NIFTY,29-Feb-2024,22200,PE,317.55,365.6,175.5,240.35,21982.8,294079,3301592.74,1417550,-996150,29-FEB-2024,
OPTIDX,NIFTY,29-Feb-2024,22250,PE,340,413.6,225.05,288.65,21982.8,30236,340898.09,465200,-206200,29-FEB-2024,
OPTIDX,NIFTY,29-Feb-2024,22300,PE,395,462.55,273.8,328.95,21982.8,61039,691160.38,489500,-477800,29-FEB-2024,
OPTIDX,NIFTY,29-Feb-2024,22350,PE,437.5,510,322.2,391.45,21982.8,5687,64676.59,262600,-16900,29-FEB-2024,
OPTIDX,NIFTY,29-Feb-2024,22400,PE,491.4,560.25,372.05,433.05,21982.8,18160,207444.79,338600,-203150,29-FEB-2024,
OPTIDX,NIFTY,29-Feb-2024,22450,PE,540.55,607.65,422.15,482.4,21982.8,2190,25142.31,42250,-10100,29-FEB-2024,
OPTIDX,NIFTY,29-Feb-2024,22500,PE,578.8,661.25,471.6,546.3,21982.8,21520,248071.77,302700,-357500,29-FEB-2024,
OPTIDX,NIFTY,29-Feb-2024,22550,PE,642.4,701.2,538.7,591.75,21982.8,293,3391.28,12500,-2850,29-FEB-2024,
OPTIDX,NIFTY,29-Feb-2024,22600,PE,690.05,752.15,573,639.25,21982.8,1300,15105.22,25450,-25000,29-FEB-2024,
OPTIDX,NIFTY,29-Feb-2024,22650,PE,747.7,804.45,650,693.45,21982.8,244,2848.62,6700,-2150,29-FEB-2024,
OPTIDX,NIFTY,29-Feb-2024,22700,PE,799.95,845.45,680.9,748.4,21982.8,1284,15053.94,36050,-37200,29-FEB-2024,
OPTIDX,NIFTY,29-Feb-2024,22750,PE,810,892.15,736.35,771.15,21982.8,203,2390.55,9150,-5350,29-FEB-2024,
OPTIDX,NIFTY,29-Feb-2024,22800,PE,885,950,786.5,832.15,21982.8,367,4338.46,6700,-7700,29-FEB-2024,
OPTIDX,NIFTY,29-Feb-2024,22850,PE,903,978.3,830,868.1,21982.8,100,1187.6,3450,-50,29-FEB-2024,
OPTIDX,NIFTY,29-Feb-2024,22900,PE,978.45,1033.5,894,930,21982.8,91,1085.8,5350,-1550,29-FEB-2024,
OPTIDX,NIFTY,29-Feb-2024,22950,PE,972.9,1093.65,939.7,1008.4,21982.8,55,659.19,3650,-200,29-FEB-2024,
OPTIDX,NIFTY,29-Feb-2024,23000,PE,1070.05,1155,978.1,1045.7,21982.8,4847,58305.22,188100,-70800,29-FEB-2024,
OPTIDX,NIFTY,29-Feb-2024,23050,PE,1180,1180,1119.9,1119.9,21982.8,2,24.19,2750,0,29-FEB-2024,
OPTIDX,NIFTY,29-Feb-2024,23100,PE,1189.1,1220,1114.2,1123.35,21982.8,29,352.03,3100,-650,29-FEB-2024,
OPTIDX,NIFTY,29-Feb-2024,23150,PE,0,0,0,1057.65,21982.8,0,0,950,0,29-FEB-2024,
OPTIDX,NIFTY,29-Feb-2024,23200,PE,1244.55,1298.55,1196.05,1223.75,21982.8,30,366.71,4700,-1100,29-FEB-2024,
OPTIDX,NIFTY,29-Feb-2024,23250,PE,0,0,0,1157.65,21982.8,0,0,500,0,29-FEB-2024,
OPTIDX,NIFTY,29-Feb-2024,23300,PE,1334.2,1427.65,1285.05,1347.85,21982.8,76,936.22,3400,-1950,29-FEB-2024,
OPTIDX,NIFTY,29-Feb-2024,23350,PE,0,0,0,1496.75,21982.8,0,0,200,0,29-FEB-2024,
OPTIDX,NIFTY,29-Feb-2024,23400,PE,1440,1440,1412.2,1426.7,21982.8,7,86.91,1550,-200,29-FEB-2024,
OPTIDX,NIFTY,29-Feb-2024,23450,PE,0,0,0,2407.4,21982.8,0,0,0,0,29-FEB-2024,
OPTIDX,NIFTY,29-Feb-2024,23500,PE,1578.6,1650.1,1481.4,1562.9,21982.8,890,11147.02,50950,-33500,29-FEB-2024,
OPTIDX,NIFTY,29-Feb-2024,23550,PE,0,0,0,1866.75,21982.8,0,0,50,0,29-FEB-2024,
OPTIDX,NIFTY,29-Feb-2024,23600,PE,0,0,0,1573.9,21982.8,0,0,600,0,29-FEB-2024,
OPTIDX,NIFTY,29-Feb-2024,23650,PE,0,0,0,1632.85,21982.8,0,0,1000,0,29-FEB-2024,
OPTIDX,NIFTY,29-Feb-2024,23700,PE,1760,1782.4,1695,1750,21982.8,27,343.47,1550,-900,29-FEB-2024,
OPTIDX,NIFTY,29-Feb-2024,23750,PE,0,0,0,1596.3,21982.8,0,0,3000,0,29-FEB-2024,
OPTIDX,NIFTY,29-Feb-2024,23800,PE,1800.1,1840.3,1800.1,1813,21982.8,19,243.33,2300,-450,29-FEB-2024,
OPTIDX,NIFTY,29-Feb-2024,23850,PE,0,0,0,1665,21982.8,0,0,3750,0,29-FEB-2024,
OPTIDX,NIFTY,29-Feb-2024,23900,PE,2000,2018,1905,1925,21982.8,5,64.68,100,-150,29-FEB-2024,
OPTIDX,NIFTY,29-Feb-2024,23950,PE,2042,2042,2041.9,2041.9,21982.8,6,77.97,100,-250,29-FEB-2024,
OPTIDX,NIFTY,07-Mar-2024,19850,CE,2130,2190,2129,2190,2158.5,17,187.14,900,850,29-FEB-2024,
OPTIDX,NIFTY,07-Mar-2024,19900,CE,2056.55,2140,2056.55,2140,2108.55,5,55.04,350,200,29-FEB-2024,
OPTIDX,NIFTY,07-Mar-2024,19950,CE,0,0,0,2325,2058.6,0,0,350,0,29-FEB-2024,
OPTIDX,NIFTY,07-Mar-2024,20000,CE,1995,2098.95,1950,2078.4,2078.4,874,9619.94,63450,42300,29-FEB-2024,
OPTIDX,NIFTY,07-Mar-2024,20050,CE,0,0,0,2035,1958.75,0,0,950,0,29-FEB-2024,
OPTIDX,NIFTY,07-Mar-2024,20100,CE,1940,1980,1900,1940,1940,10,110.17,1350,500,29-FEB-2024,
OPTIDX,NIFTY,07-Mar-2024,20150,CE,1870,1895,1870,1895,1858.85,36,396.4,1800,100,29-FEB-2024,
OPTIDX,NIFTY,07-Mar-2024,20200,CE,1760,1899.9,1760,1892.8,1892.8,8,88.03,950,400,29-FEB-2024,
OPTIDX,NIFTY,07-Mar-2024,20250,CE,1770,1770,1770,1770,1759,2,22.02,100,100,29-FEB-2024,
OPTIDX,NIFTY,07-Mar-2024,20300,CE,1741,1750,1715,1715,1715,10,110.19,2000,500,29-FEB-2024,
OPTIDX,NIFTY,07-Mar-2024,20350,CE,1680,1680,1680,1680,1659.15,1,11.01,4500,50,29-FEB-2024,
OPTIDX,NIFTY,07-Mar-2024,20400,CE,1605,1650,1605,1650,1609.2,9,99.1,2350,350,29-FEB-2024,
OPTIDX,NIFTY,07-Mar-2024,20450,CE,0,0,0,1650,1559.25,0,0,2200,0,29-FEB-2024,
OPTIDX,NIFTY,07-Mar-2024,20500,CE,1525,1608.1,1465,1565.5,1565.5,313,3448.94,26250,15100,29-FEB-2024,
OPTIDX,NIFTY,07-Mar-2024,20550,CE,1530,1530,1420,1424.2,1459.4,4,44.02,2900,-100,29-FEB-2024,
OPTIDX,NIFTY,07-Mar-2024,20600,CE,1350,1483.65,1350,1412.15,1409.45,37,407.31,2100,1750,29-FEB-2024,
OPTIDX,NIFTY,07-Mar-2024,20650,CE,0,0,0,1246.7,1359.5,0,0,0,0,29-FEB-2024,
OPTIDX,NIFTY,07-Mar-2024,20700,CE,1265,1345,1265,1308.3,1309.6,6,66,1750,200,29-FEB-2024,
OPTIDX,NIFTY,07-Mar-2024,20750,CE,0,0,0,1590,1259.65,0,0,300,0,29-FEB-2024,
OPTIDX,NIFTY,07-Mar-2024,20800,CE,1175,1305.25,1155,1272.05,1272.05,231,2539.83,18100,10950,29-FEB-2024,
OPTIDX,NIFTY,07-Mar-2024,20850,CE,1227.4,1227.4,1227.4,1227.4,1227.4,1,11.03,3800,50,29-FEB-2024,
OPTIDX,NIFTY,07-Mar-2024,20900,CE,1080,1202.35,1080,1168.95,1168.95,175,1926.97,13100,8300,29-FEB-2024,
OPTIDX,NIFTY,07-Mar-2024,20950,CE,1022.2,1064.6,1022.2,1030.7,1060.1,4,43.97,1450,0,29-FEB-2024,
OPTIDX,NIFTY,07-Mar-2024,21000,CE,998.95,1115.55,951.5,1080.4,1080.4,1113,12267.78,90900,33650,29-FEB-2024,
OPTIDX,NIFTY,07-Mar-2024,21050,CE,1017,1017,987.75,987.75,960.55,3,33.07,2050,100,29-FEB-2024,
OPTIDX,NIFTY,07-Mar-2024,21100,CE,937,1006.5,871,984.5,984.5,67,738.34,7300,2350,29-FEB-2024,
OPTIDX,NIFTY,07-Mar-2024,21150,CE,850,956.2,811.25,944.15,944.15,103,1134.92,6350,4350,29-FEB-2024,
OPTIDX,NIFTY,07-Mar-2024,21200,CE,830,918,765,889.25,889.25,298,3283.65,58900,9550,29-FEB-2024,
OPTIDX,NIFTY,07-Mar-2024,21250,CE,800,805,740,770,762.9,16,176.14,4100,550,29-FEB-2024,
OPTIDX,NIFTY,07-Mar-2024,21300,CE,730,821.75,677.15,790.4,790.4,969,10666.35,43250,34350,29-FEB-2024,
OPTIDX,NIFTY,07-Mar-2024,21350,CE,684.45,780.9,684.45,774.5,774.5,9,99.35,3250,300,29-FEB-2024,
OPTIDX,NIFTY,07-Mar-2024,21400,CE,620,725.5,586.1,681.65,681.65,1065,11742.03,62750,23250,29-FEB-2024,
OPTIDX,NIFTY,07-Mar-2024,21450,CE,603.2,678.15,540,645.55,645.55,110,1213.23,8300,3200,29-FEB-2024,
OPTIDX,NIFTY,07-Mar-2024,21500,CE,553.8,634.6,499.2,599,599,5658,62417.27,134500,47400,29-FEB-2024,
OPTIDX,NIFTY,07-Mar-2024,21550,CE,479.45,586.75,459.7,561,561,742,8189.51,26200,12800,29-FEB-2024,
OPTIDX,NIFTY,07-Mar-2024,21600,CE,450,542.95,418.35,515.9,515.9,4061,44829.34,43050,5050,29-FEB-2024,
OPTIDX,NIFTY,07-Mar-2024,21650,CE,418.55,497.2,382.15,483.05,483.05,1253,13838.46,35750,11550,29-FEB-2024,
OPTIDX,NIFTY,07-Mar-2024,21700,CE,382.6,455.7,346.05,423.4,423.4,15921,175910.88,224800,107300,29-FEB-2024,
OPTIDX,NIFTY,07-Mar-2024,21750,CE,349.25,414.25,311.8,387.15,387.15,4540,50182.79,60100,20700,29-FEB-2024,
OPTIDX,NIFTY,07-Mar-2024,21800,CE,308,374.7,278.7,341.8,341.8,57375,634588.41,348100,34250,29-FEB-2024,
OPTIDX,NIFTY,07-Mar-2024,21850,CE,286,338.55,248.65,306.6,306.6,32379,358373.39,75600,12650,29-FEB-2024,
OPTIDX,NIFTY,07-Mar-2024,21900,CE,257.45,303.8,220,272.95,272.95,271118,3003384.78,1167450,796550,29-FEB-2024,
OPTIDX,NIFTY,07-Mar-2024,21950,CE,219.95,270.45,194,234.65,234.65,158786,1760607.14,363050,176000,29-FEB-2024,
OPTIDX,NIFTY,07-Mar-2024,22000,CE,188.75,239.15,166.85,212.4,212.4,609961,6770369.93,3064400,604100,29-FEB-2024,
OPTIDX,NIFTY,07-Mar-2024,22050,CE,173.15,210.15,142.15,184.55,184.55,129901,1443503.45,722250,427900,29-FEB-2024,
OPTIDX,NIFTY,07-Mar-2024,22100,CE,144.05,183,119.55,157.1,157.1,332472,3698544.65,2030350,759300,29-FEB-2024,
OPTIDX,NIFTY,07-Mar-2024,22150,CE,125,158.25,99.7,132,132,95899,1068120.75,705400,302400,29-FEB-2024,
OPTIDX,NIFTY,07-Mar-2024,22200,CE,111.95,135.2,81.4,109.15,109.15,374088,4172056.45,3333950,1307850,29-FEB-2024,
OPTIDX,NIFTY,07-Mar-2024,22250,CE,90.6,114.85,66.2,88.5,88.5,114705,1281093.41,723350,251800,29-FEB-2024,
OPTIDX,NIFTY,07-Mar-2024,22300,CE,75.05,95.85,52.7,71.75,71.75,319482,3573513.67,3263700,1799450,29-FEB-2024,
OPTIDX,NIFTY,07-Mar-2024,22350,CE,63.6,80.05,42.15,56.95,56.95,80228,898876.11,601500,311000,29-FEB-2024,
OPTIDX,NIFTY,07-Mar-2024,22400,CE,53.05,65.9,33.25,45.2,45.2,278969,3130824.42,2256300,801550,29-FEB-2024,
OPTIDX,NIFTY,07-Mar-2024,22450,CE,45.25,54.65,25.9,34.15,34.15,117458,1320602.85,1010600,592150,29-FEB-2024,
OPTIDX,NIFTY,07-Mar-2024,22500,CE,37.05,44.75,20.15,27.15,27.15,325466,3666282.76,2722000,1079950,29-FEB-2024,
OPTIDX,NIFTY,07-Mar-2024,22550,CE,30.15,36.15,15.35,20,20,83747,945187.28,551600,268550,29-FEB-2024,
OPTIDX,NIFTY,07-Mar-2024,22600,CE,25.05,28.75,11.65,15.1,15.1,174301,1971154.73,1583000,743950,29-FEB-2024,
OPTIDX,NIFTY,07-Mar-2024,22650,CE,22.5,23.05,8.95,11.2,11.2,72467,821172.44,697550,447200,29-FEB-2024,
OPTIDX,NIFTY,07-Mar-2024,22700,CE,16.95,18.3,6.95,8.55,8.55,213885,2428683.23,2799800,1843450,29-FEB-2024,
OPTIDX,NIFTY,07-Mar-2024,22750,CE,14.5,14.5,5.6,6.4,6.4,82026,933373.01,754150,493750,29-FEB-2024,
OPTIDX,NIFTY,07-Mar-2024,22800,CE,10.4,11.35,4.5,5.05,5.05,226056,2577747.39,2614200,1841000,29-FEB-2024,
OPTIDX,NIFTY,07-Mar-2024,22850,CE,9,9.5,3.85,4.5,4.5,87629,1001386.17,1288700,1112450,29-FEB-2024,
OPTIDX,NIFTY,07-Mar-2024,22900,CE,9,9,3,3.75,3.75,155345,1779044.61,1982400,1319350,29-FEB-2024,
OPTIDX,NIFTY,07-Mar-2024,22950,CE,6.5,6.75,2.55,3.05,3.05,55619,638333.16,421000,114500,29-FEB-2024,
OPTIDX,NIFTY,07-Mar-2024,23000,CE,5.7,5.85,2.25,2.7,2.7,244087,2807414.04,4249200,2913800,29-FEB-2024,
OPTIDX,NIFTY,07-Mar-2024,23050,CE,5,5.05,2,2.4,2.4,27652,318729.89,296350,129300,29-FEB-2024,
OPTIDX,NIFTY,07-Mar-2024,23100,CE,3.85,4.3,1.6,1.95,1.95,69916,807615.39,1235200,752700,29-FEB-2024,
OPTIDX,NIFTY,07-Mar-2024,23150,CE,3.65,3.8,1.55,1.9,1.9,15140,175263.41,195700,26050,29-FEB-2024,
OPTIDX,NIFTY,07-Mar-2024,23200,CE,3.25,3.25,1.5,1.8,1.8,59664,692166.3,1217600,604350,29-FEB-2024,
OPTIDX,NIFTY,07-Mar-2024,23250,CE,3.15,4.4,1.35,1.65,1.65,11624,135140.77,155450,61650,29-FEB-2024,
OPTIDX,NIFTY,07-Mar-2024,23300,CE,2.4,2.9,1.35,1.65,1.65,37869,441212.17,540550,77700,29-FEB-2024,
OPTIDX,NIFTY,07-Mar-2024,23350,CE,2.85,2.85,1.3,1.65,1.65,3180,37129.56,33800,1700,29-FEB-2024,
OPTIDX,NIFTY,07-Mar-2024,23400,CE,2.75,3.4,1.25,1.45,1.45,15565,182124.47,215000,69100,29-FEB-2024,
OPTIDX,NIFTY,07-Mar-2024,23450,CE,2.8,2.8,1.2,1.45,1.45,2421,28388.42,32550,-650,29-FEB-2024,
OPTIDX,NIFTY,07-Mar-2024,23500,CE,2.8,3.15,1.05,1.3,1.3,112959,1327360.02,2374700,1861900,29-FEB-2024,
OPTIDX,NIFTY,07-Mar-2024,23550,CE,2.3,2.3,0.9,1.1,1.1,9419,110914.14,268350,256950,29-FEB-2024,
OPTIDX,NIFTY,07-Mar-2024,23600,CE,2.65,2.65,0.9,1.05,1.05,18872,222701.65,379650,319400,29-FEB-2024,
OPTIDX,NIFTY,07-Mar-2024,23650,CE,2.8,2.8,0.8,0.95,0.95,9727,115027.08,290500,283250,29-FEB-2024,
OPTIDX,NIFTY,07-Mar-2024,23700,CE,2.95,2.95,0.85,1.05,1.05,16184,191790.33,380050,337600,29-FEB-2024,
OPTIDX,NIFTY,07-Mar-2024,23750,CE,3,3,0.8,0.95,0.95,13766,163478.36,300150,293150,29-FEB-2024,
OPTIDX,NIFTY,07-Mar-2024,23800,CE,2.7,2.7,0.9,1.25,1.25,58459,695706.12,849100,809500,29-FEB-2024,
OPTIDX,NIFTY,07-Mar-2024,23850,CE,2.4,2.5,0.8,1.05,1.05,11382,135737.16,296800,284300,29-FEB-2024,
OPTIDX,NIFTY,07-Mar-2024,23900,CE,2.55,2.7,0.9,1.2,1.2,36929,441328.11,756900,652200,29-FEB-2024,
OPTIDX,NIFTY,07-Mar-2024,23950,CE,2.85,2.85,0.8,1.05,1.05,37362,447434.99,942300,889800,29-FEB-2024,
OPTIDX,NIFTY,07-Mar-2024,19850,PE,1.7,1.9,0.95,1.05,1.05,26903,267030.71,599750,557400,29-FEB-2024,
OPTIDX,NIFTY,07-Mar-2024,19900,PE,1.9,2.25,1.15,1.4,1.4,29387,292422.14,1030050,1012950,29-FEB-2024,
OPTIDX,NIFTY,07-Mar-2024,19950,PE,2,2.55,1.3,1.55,1.55,2218,22126.4,28950,15800,29-FEB-2024,
OPTIDX,NIFTY,07-Mar-2024,20000,PE,2.8,2.8,1.35,1.55,1.55,78489,784954.12,2335050,2116500,29-FEB-2024,
OPTIDX,NIFTY,07-Mar-2024,20050,PE,2.2,2.45,1.2,1.6,1.6,2279,22849.01,23450,17600,29-FEB-2024,
OPTIDX,NIFTY,07-Mar-2024,20100,PE,2.4,2.45,1.1,1.65,1.65,9320,93673.93,196400,187450,29-FEB-2024,
OPTIDX,NIFTY,07-Mar-2024,20150,PE,2.2,2.75,1.55,1.75,1.75,2723,27436.74,12950,10350,29-FEB-2024,
OPTIDX,NIFTY,07-Mar-2024,20200,PE,2.2,3.2,1.5,1.75,1.75,12599,127261.46,250450,245300,29-FEB-2024,
OPTIDX,NIFTY,07-Mar-2024,20250,PE,2.35,2.9,1.6,1.9,1.9,1520,15391.46,10600,6000,29-FEB-2024,
OPTIDX,NIFTY,07-Mar-2024,20300,PE,2.3,2.55,1.7,1.9,1.9,20520,208297.97,385050,363950,29-FEB-2024,
OPTIDX,NIFTY,07-Mar-2024,20350,PE,2.6,3.65,1.6,1.95,1.95,2385,24269.81,14250,9550,29-FEB-2024,
OPTIDX,NIFTY,07-Mar-2024,20400,PE,3.15,4.3,1.65,1.95,1.95,13615,138887.33,183600,142950,29-FEB-2024,
OPTIDX,NIFTY,07-Mar-2024,20450,PE,2.75,5,1.7,2.05,2.05,5413,55353.85,41100,27400,29-FEB-2024,
OPTIDX,NIFTY,07-Mar-2024,20500,PE,3.35,3.55,1.9,2.15,2.15,62366,639327.19,1266200,998800,29-FEB-2024,
OPTIDX,NIFTY,07-Mar-2024,20550,PE,3.75,3.85,1.8,2.15,2.15,5932,60958.56,28850,14000,29-FEB-2024,
OPTIDX,NIFTY,07-Mar-2024,20600,PE,4.35,4.5,1.95,2.25,2.25,26079,268647.97,309550,137150,29-FEB-2024,
OPTIDX,NIFTY,07-Mar-2024,20650,PE,4.7,4.8,2,2.35,2.35,7603,78511.59,67750,24550,29-FEB-2024,
OPTIDX,NIFTY,07-Mar-2024,20700,PE,4.5,5.3,2.1,2.45,2.45,47871,495533.75,745850,460050,29-FEB-2024,
OPTIDX,NIFTY,07-Mar-2024,20750,PE,4.25,5.9,2.4,2.75,2.75,12088,125433.07,119450,86200,29-FEB-2024,
OPTIDX,NIFTY,07-Mar-2024,20800,PE,6,8.4,2.45,3,3,88352,919027.31,1300800,1040800,29-FEB-2024,
OPTIDX,NIFTY,07-Mar-2024,20850,PE,7.75,9.45,2.95,3.4,3.4,19445,202753.26,149800,90850,29-FEB-2024,
OPTIDX,NIFTY,07-Mar-2024,20900,PE,9.05,10.8,3.3,3.75,3.75,87547,915067.97,813200,517100,29-FEB-2024,
OPTIDX,NIFTY,07-Mar-2024,20950,PE,9.85,10.9,3.25,4.25,4.25,43666,457515.54,503750,378250,29-FEB-2024,
OPTIDX,NIFTY,07-Mar-2024,21000,PE,11.45,20,4.1,4.8,4.8,263530,2767855.83,4476800,3342500,29-FEB-2024,
OPTIDX,NIFTY,07-Mar-2024,21050,PE,13.05,14.2,4.4,5.35,5.35,37982,399896.28,288950,105600,29-FEB-2024,
OPTIDX,NIFTY,07-Mar-2024,21100,PE,15.6,17.3,5,6,6,96507,1018539.18,869000,211700,29-FEB-2024,
OPTIDX,NIFTY,07-Mar-2024,21150,PE,14,19,5.75,7,7,49792,526798.49,537800,382600,29-FEB-2024,
OPTIDX,NIFTY,07-Mar-2024,21200,PE,23.2,23.5,6.65,8.25,8.25,124637,1321868.36,1584500,680700,29-FEB-2024,
OPTIDX,NIFTY,07-Mar-2024,21250,PE,26.65,26.8,7.65,9.5,9.5,48378,514363.8,460350,300900,29-FEB-2024,
OPTIDX,NIFTY,07-Mar-2024,21300,PE,30,31.3,9.15,11.3,11.3,101245,1079115.35,1419200,721500,29-FEB-2024,
OPTIDX,NIFTY,07-Mar-2024,21350,PE,35,37.2,10.3,13.2,13.2,34998,373951.07,297550,177850,29-FEB-2024,
OPTIDX,NIFTY,07-Mar-2024,21400,PE,43.95,43.95,13.4,16.65,16.65,115264,1234744.54,1215500,473500,29-FEB-2024,
OPTIDX,NIFTY,07-Mar-2024,21450,PE,45.3,49.9,16.1,19.6,19.6,47615,511392.32,312700,18600,29-FEB-2024,
OPTIDX,NIFTY,07-Mar-2024,21500,PE,50,59.95,19.7,24.8,24.8,273912,2949414.2,2535700,1551550,29-FEB-2024,
OPTIDX,NIFTY,07-Mar-2024,21550,PE,67.2,67.2,23.75,27.9,27.9,80384,867755.58,380550,172800,29-FEB-2024,
OPTIDX,NIFTY,07-Mar-2024,21600,PE,79.25,81,28,34.7,34.7,204177,2210042.88,1462650,696250,29-FEB-2024,
OPTIDX,NIFTY,07-Mar-2024,21650,PE,86.95,89.9,34.1,41.35,41.35,64181,696634.1,396100,245750,29-FEB-2024,
OPTIDX,NIFTY,07-Mar-2024,21700,PE,85.1,104.3,41,50.1,50.1,237550,2585632.99,1602100,882000,29-FEB-2024,
OPTIDX,NIFTY,07-Mar-2024,21750,PE,100,120.05,48.85,56.65,56.65,104798,1143545.85,1378900,1265650,29-FEB-2024,
OPTIDX,NIFTY,07-Mar-2024,21800,PE,120.65,137.85,59.05,71.75,71.75,382080,4182454.89,2908550,1984200,29-FEB-2024,
OPTIDX,NIFTY,07-Mar-2024,21850,PE,153,157.95,69.95,84.85,84.85,109058,1197497.35,554100,380400,29-FEB-2024,
OPTIDX,NIFTY,07-Mar-2024,21900,PE,174.55,179,82.6,99.9,99.9,470320,5180281.13,2299750,1529950,29-FEB-2024,
OPTIDX,NIFTY,07-Mar-2024,21950,PE,189,203,97.4,117.15,117.15,178212,1968771.82,692400,472300,29-FEB-2024,
OPTIDX,NIFTY,07-Mar-2024,22000,PE,215,228.8,114,130.65,130.65,587433,6510399.65,3533850,1120450,29-FEB-2024,
OPTIDX,NIFTY,07-Mar-2024,22050,PE,226.65,256.95,133.4,147.6,147.6,78352,870852.93,480500,368600,29-FEB-2024,
OPTIDX,NIFTY,07-Mar-2024,22100,PE,256.4,286.55,155,169.7,169.7,153584,1713045.93,1148600,195400,29-FEB-2024,
OPTIDX,NIFTY,07-Mar-2024,22150,PE,287,317.75,178.8,195.95,195.95,21444,240028.57,131850,35750,29-FEB-2024,
OPTIDX,NIFTY,07-Mar-2024,22200,PE,308,351.85,204.5,224.25,224.25,84680,951162.6,1246700,276000,29-FEB-2024,
OPTIDX,NIFTY,07-Mar-2024,22250,PE,351.35,384.1,234.4,253.45,253.45,7300,82278.04,104350,35350,29-FEB-2024,
OPTIDX,NIFTY,07-Mar-2024,22300,PE,391.45,422,265.15,281.35,281.35,32327,365607.89,528250,87600,29-FEB-2024,
OPTIDX,NIFTY,07-Mar-2024,22350,PE,424.15,462.2,299.95,310.75,310.75,2670,30323.17,62600,33450,29-FEB-2024,
OPTIDX,NIFTY,07-Mar-2024,22400,PE,469.65,501,335.6,361,361,7189,82009.9,102600,-9800,29-FEB-2024,
OPTIDX,NIFTY,07-Mar-2024,22450,PE,519.3,537.1,375.05,392.2,392.2,1015,11623.46,34550,-2500,29-FEB-2024,
OPTIDX,NIFTY,07-Mar-2024,22500,PE,560.65,586.25,413.65,462,462,18165,208846.87,411500,204100,29-FEB-2024,
OPTIDX,NIFTY,07-Mar-2024,22550,PE,590,619,458.55,486.05,486.05,156,1800.78,14500,-1500,29-FEB-2024,
OPTIDX,NIFTY,07-Mar-2024,22600,PE,629,675.2,501.45,530.55,530.55,2658,30813.48,116550,14500,29-FEB-2024,
OPTIDX,NIFTY,07-Mar-2024,22650,PE,680,680,556.6,556.6,556.6,14,162.79,20900,150,29-FEB-2024,
OPTIDX,NIFTY,07-Mar-2024,22700,PE,725,762.9,595,629.75,629.75,1002,11708.67,31750,-7150,29-FEB-2024,
OPTIDX,NIFTY,07-Mar-2024,22750,PE,738.8,788,641.75,642.95,642.95,34,398.83,11450,400,29-FEB-2024,
OPTIDX,NIFTY,07-Mar-2024,22800,PE,820,847.3,690,702.35,702.35,94,1106.87,36350,2400,29-FEB-2024,
OPTIDX,NIFTY,07-Mar-2024,22850,PE,816.05,903.05,741.85,753.8,753.8,84,993.42,7650,1650,29-FEB-2024,
OPTIDX,NIFTY,07-Mar-2024,22900,PE,915,938,792.95,806.35,806.35,40,475.21,4500,650,29-FEB-2024,
OPTIDX,NIFTY,07-Mar-2024,22950,PE,0,0,0,833.15,938.4,0,0,550,0,29-FEB-2024,
OPTIDX,NIFTY,07-Mar-2024,23000,PE,976.95,1040,886,909.6,909.6,447,5352.83,23500,6050,29-FEB-2024,
OPTIDX,NIFTY,07-Mar-2024,23050,PE,1002.4,1003.85,1002.4,1003.85,1037.8,6,72.16,800,50,29-FEB-2024,
OPTIDX,NIFTY,07-Mar-2024,23100,PE,1078.35,1078.35,1028.65,1028.65,1087.55,2,24.15,850,50,29-FEB-2024,
OPTIDX,NIFTY,07-Mar-2024,23150,PE,0,0,0,1102.2,1137.4,0,0,800,0,29-FEB-2024,
OPTIDX,NIFTY,07-Mar-2024,23200,PE,0,0,0,1151.8,1187.3,0,0,750,0,29-FEB-2024,
OPTIDX,NIFTY,07-Mar-2024,23250,PE,0,0,0,1079.2,1237.2,0,0,250,0,29-FEB-2024,
OPTIDX,NIFTY,07-Mar-2024,23300,PE,1321.7,1321.7,1194.1,1194.1,1194.1,10,122.89,4400,-100,29-FEB-2024,
OPTIDX,NIFTY,07-Mar-2024,23350,PE,0,0,0,1178.8,1337,0,0,250,0,29-FEB-2024,
OPTIDX,NIFTY,07-Mar-2024,23400,PE,0,0,0,1228.65,1386.95,0,0,250,0,29-FEB-2024,
OPTIDX,NIFTY,07-Mar-2024,23450,PE,0,0,0,1278.6,1436.85,0,0,250,0,29-FEB-2024,
OPTIDX,NIFTY,07-Mar-2024,23500,PE,1424.45,1499,1383.5,1383.5,1383.5,411,5127.04,19850,19850,29-FEB-2024,
OPTIDX,NIFTY,07-Mar-2024,23550,PE,0,0,0,1378.45,1536.75,0,0,300,0,29-FEB-2024,
OPTIDX,NIFTY,07-Mar-2024,23600,PE,0,0,0,1428.4,1586.65,0,0,300,0,29-FEB-2024,
OPTIDX,NIFTY,07-Mar-2024,23650,PE,0,0,0,1805.75,1636.6,0,0,0,0,29-FEB-2024,
OPTIDX,NIFTY,07-Mar-2024,23700,PE,0,0,0,1853.35,1686.55,0,0,0,0,29-FEB-2024,
OPTIDX,NIFTY,07-Mar-2024,23750,PE,0,0,0,1901.15,1736.5,0,0,0,0,29-FEB-2024,
OPTIDX,NIFTY,07-Mar-2024,23800,PE,0,0,0,1949.15,1786.4,0,0,0,0,29-FEB-2024,
OPTIDX,NIFTY,07-Mar-2024,23850,PE,0,0,0,1997.3,1836.35,0,0,0,0,29-FEB-2024,
OPTIDX,NIFTY,07-Mar-2024,23900,PE,1943,1943,1910,1910,1886.3,3,38.74,150,150,29-FEB-2024,
OPTIDX,NIFTY,07-Mar-2024,23950,PE,0,0,0,2094,1936.2,0,0,0,0,29-FEB-2024,
OPTIDX,NIFTY,14-Mar-2024,19850,CE,0,0,0,2385.4,2184.15,0,0,50,0,29-FEB-2024,
OPTIDX,NIFTY,14-Mar-2024,19900,CE,0,0,0,1965.8,2134.25,0,0,0,0,29-FEB-2024,
OPTIDX,NIFTY,14-Mar-2024,19950,CE,0,0,0,2440,2084.4,0,0,50,0,29-FEB-2024,
OPTIDX,NIFTY,14-Mar-2024,20000,CE,0,0,0,2300,2034.5,0,0,400,0,29-FEB-2024,
OPTIDX,NIFTY,14-Mar-2024,20050,CE,0,0,0,2205,1984.65,0,0,250,0,29-FEB-2024,
OPTIDX,NIFTY,14-Mar-2024,20100,CE,0,0,0,2030,1934.8,0,0,350,0,29-FEB-2024,
OPTIDX,NIFTY,14-Mar-2024,20150,CE,0,0,0,2014.95,1884.9,0,0,0,0,29-FEB-2024,
OPTIDX,NIFTY,14-Mar-2024,20200,CE,0,0,0,1831,1835.05,0,0,600,0,29-FEB-2024,
OPTIDX,NIFTY,14-Mar-2024,20250,CE,0,0,0,1630.25,1785.2,0,0,0,0,29-FEB-2024,
OPTIDX,NIFTY,14-Mar-2024,20300,CE,0,0,0,1583.25,1735.35,0,0,0,0,29-FEB-2024,
OPTIDX,NIFTY,14-Mar-2024,20350,CE,0,0,0,1536.55,1685.5,0,0,0,0,29-FEB-2024,
OPTIDX,NIFTY,14-Mar-2024,20400,CE,0,0,0,1490.2,1635.65,0,0,0,0,29-FEB-2024,
OPTIDX,NIFTY,14-Mar-2024,20450,CE,0,0,0,1444.15,1585.8,0,0,0,0,29-FEB-2024,
OPTIDX,NIFTY,14-Mar-2024,20500,CE,0,0,0,1760,1536,0,0,50,0,29-FEB-2024,
OPTIDX,NIFTY,14-Mar-2024,20550,CE,0,0,0,1353.25,1486.2,0,0,0,0,29-FEB-2024,
OPTIDX,NIFTY,14-Mar-2024,20600,CE,1475,1475,1420,1459.5,1436.45,8,88.23,550,100,29-FEB-2024,
OPTIDX,NIFTY,14-Mar-2024,20650,CE,1440,1440,1430,1430,1386.75,2,22.08,100,0,29-FEB-2024,
OPTIDX,NIFTY,14-Mar-2024,20700,CE,0,0,0,1425,1337.05,0,0,0,0,29-FEB-2024,
OPTIDX,NIFTY,14-Mar-2024,20750,CE,0,0,0,1176.9,1287.45,0,0,0,0,29-FEB-2024,
OPTIDX,NIFTY,14-Mar-2024,20800,CE,0,0,0,1134.1,1237.95,0,0,0,0,29-FEB-2024,
OPTIDX,NIFTY,14-Mar-2024,20850,CE,0,0,0,1091.9,1188.55,0,0,0,0,29-FEB-2024,
OPTIDX,NIFTY,14-Mar-2024,20900,CE,0,0,0,1050.3,1139.3,0,0,0,0,29-FEB-2024,
OPTIDX,NIFTY,14-Mar-2024,20950,CE,0,0,0,1009.35,1090.25,0,0,0,0,29-FEB-2024,
OPTIDX,NIFTY,14-Mar-2024,21000,CE,1025,1156.85,1025,1054.45,1054.45,85,938.18,4450,3950,29-FEB-2024,
OPTIDX,NIFTY,14-Mar-2024,21050,CE,0,0,0,929.5,992.8,0,0,0,0,29-FEB-2024,
OPTIDX,NIFTY,14-Mar-2024,21100,CE,965.55,990,965.55,990,944.55,2,22.07,100,100,29-FEB-2024,
OPTIDX,NIFTY,14-Mar-2024,21150,CE,0,0,0,852.6,896.7,0,0,0,0,29-FEB-2024,
OPTIDX,NIFTY,14-Mar-2024,21200,CE,0,0,0,800,849.3,0,0,0,0,29-FEB-2024,
OPTIDX,NIFTY,14-Mar-2024,21250,CE,0,0,0,778.65,802.45,0,0,0,0,29-FEB-2024,
OPTIDX,NIFTY,14-Mar-2024,21300,CE,790,873.85,750.45,873.85,873.85,144,1592.07,2450,2100,29-FEB-2024,
OPTIDX,NIFTY,14-Mar-2024,21350,CE,0,0,0,708.3,710.7,0,0,0,0,29-FEB-2024,
OPTIDX,NIFTY,14-Mar-2024,21400,CE,776,776,675.95,760.45,760.45,7,77.47,350,200,29-FEB-2024,
OPTIDX,NIFTY,14-Mar-2024,21450,CE,632.85,666.75,632.85,666.75,666.75,9,99.45,200,200,29-FEB-2024,
OPTIDX,NIFTY,14-Mar-2024,21500,CE,620,698.8,580,687.85,687.85,846,9369.19,16950,11850,29-FEB-2024,
OPTIDX,NIFTY,14-Mar-2024,21550,CE,0,0,0,653.85,537.9,0,0,1200,0,29-FEB-2024,
OPTIDX,NIFTY,14-Mar-2024,21600,CE,533.35,614.65,519.3,596.55,596.55,106,1174.4,5350,2200,29-FEB-2024,
OPTIDX,NIFTY,14-Mar-2024,21650,CE,508.4,571.7,491.15,553.35,553.35,31,343.71,1100,-300,29-FEB-2024,
OPTIDX,NIFTY,14-Mar-2024,21700,CE,477.5,534.2,440.35,513.85,513.85,248,2749.99,7750,900,29-FEB-2024,
OPTIDX,NIFTY,14-Mar-2024,21750,CE,455,495.35,424.1,473.3,473.3,152,1687.88,4700,1950,29-FEB-2024,
OPTIDX,NIFTY,14-Mar-2024,21800,CE,390.55,461.95,374,441.85,441.85,2242,24896.06,17550,2700,29-FEB-2024,
OPTIDX,NIFTY,14-Mar-2024,21850,CE,362.7,433.75,342.65,412.6,412.6,2602,28920.93,10450,3550,29-FEB-2024,
OPTIDX,NIFTY,14-Mar-2024,21900,CE,343.8,394.4,312.1,370.95,370.95,7551,83999.32,53550,29200,29-FEB-2024,
OPTIDX,NIFTY,14-Mar-2024,21950,CE,312.55,360.85,285.05,333.3,333.3,5235,58293.99,40700,25100,29-FEB-2024,
OPTIDX,NIFTY,14-Mar-2024,22000,CE,268,332.05,258.55,305.1,305.1,22042,245657.54,220050,46200,29-FEB-2024,
OPTIDX,NIFTY,14-Mar-2024,22050,CE,261.85,300.3,232,278.9,278.9,2835,31630.5,40900,14750,29-FEB-2024,
OPTIDX,NIFTY,14-Mar-2024,22100,CE,238.35,272.3,207,248.4,248.4,9631,107561.56,141100,47900,29-FEB-2024,
OPTIDX,NIFTY,14-Mar-2024,22150,CE,209.35,247,184.25,221.35,221.35,2463,27541.82,41250,11650,29-FEB-2024,
OPTIDX,NIFTY,14-Mar-2024,22200,CE,182.5,222.2,162.55,197.4,197.4,13848,155025.71,235250,20950,29-FEB-2024,
OPTIDX,NIFTY,14-Mar-2024,22250,CE,175,196.15,142,171,171,3032,33985.59,40850,8300,29-FEB-2024,
OPTIDX,NIFTY,14-Mar-2024,22300,CE,158.9,175,124.6,151.1,151.1,15348,172276.04,121750,28650,29-FEB-2024,
OPTIDX,NIFTY,14-Mar-2024,22350,CE,125.05,154.45,107.35,131.85,131.85,1907,21433.42,25300,3850,29-FEB-2024,
OPTIDX,NIFTY,14-Mar-2024,22400,CE,111.05,136.1,92.95,113.85,113.85,6347,71442.98,92200,34950,29-FEB-2024,
OPTIDX,NIFTY,14-Mar-2024,22450,CE,96.75,117.85,78.9,93.75,93.75,1376,15510.38,32300,14350,29-FEB-2024,
OPTIDX,NIFTY,14-Mar-2024,22500,CE,91.95,103.05,67.3,84.25,84.25,15347,173293.28,186300,90250,29-FEB-2024,
OPTIDX,NIFTY,14-Mar-2024,22550,CE,75,86,56.6,71.65,71.65,1174,13277.09,17050,5800,29-FEB-2024,
OPTIDX,NIFTY,14-Mar-2024,22600,CE,59.45,75.7,47.3,58.75,58.75,9191,104133.78,119600,52900,29-FEB-2024,
OPTIDX,NIFTY,14-Mar-2024,22650,CE,56.35,63.25,40,46.95,46.95,1765,20031.37,26250,19700,29-FEB-2024,
OPTIDX,NIFTY,14-Mar-2024,22700,CE,47.5,55.5,32.95,38.6,38.6,10197,115953.51,149300,67100,29-FEB-2024,
OPTIDX,NIFTY,14-Mar-2024,22750,CE,39.75,46.35,27.7,32.05,32.05,1037,11813.27,35500,15950,29-FEB-2024,
OPTIDX,NIFTY,14-Mar-2024,22800,CE,33.15,38.9,22.3,26.1,26.1,14769,168580.26,277750,85800,29-FEB-2024,
OPTIDX,NIFTY,14-Mar-2024,22850,CE,31.5,33,19.25,22.15,22.15,2025,23161.68,28050,14600,29-FEB-2024,
OPTIDX,NIFTY,14-Mar-2024,22900,CE,24.95,28.35,15.7,18.3,18.3,7873,90228.35,113200,11550,29-FEB-2024,
OPTIDX,NIFTY,14-Mar-2024,22950,CE,23.75,23.75,12.5,15.6,15.6,1245,14297.3,35050,9300,29-FEB-2024,
OPTIDX,NIFTY,14-Mar-2024,23000,CE,19.45,20,11.75,12.85,12.85,10533,121207.84,213500,32250,29-FEB-2024,
OPTIDX,NIFTY,14-Mar-2024,23050,CE,16.25,18.55,10.1,10.75,10.75,690,7956.44,13300,4150,29-FEB-2024,
OPTIDX,NIFTY,14-Mar-2024,23100,CE,16.3,19.3,7.9,8.55,8.55,4415,51017.66,112500,40050,29-FEB-2024,
OPTIDX,NIFTY,14-Mar-2024,23150,CE,13.05,13.05,6.65,7.5,7.5,351,4064.35,14850,6000,29-FEB-2024,
OPTIDX,NIFTY,14-Mar-2024,23200,CE,10.3,10.35,6,6.45,6.45,2467,28627.01,80000,10350,29-FEB-2024,
OPTIDX,NIFTY,14-Mar-2024,23250,CE,9.6,10.6,5.65,6,6,194,2255.93,17150,3400,29-FEB-2024,
OPTIDX,NIFTY,14-Mar-2024,23300,CE,11.3,11.3,4.4,5.15,5.15,2700,31463.61,77400,7350,29-FEB-2024,
OPTIDX,NIFTY,14-Mar-2024,23350,CE,8.2,8.2,4.8,5.15,5.15,146,1705.02,7600,1750,29-FEB-2024,
OPTIDX,NIFTY,14-Mar-2024,23400,CE,6.75,6.75,3.55,4.25,4.25,2081,24352.96,60500,6500,29-FEB-2024,
OPTIDX,NIFTY,14-Mar-2024,23450,CE,6,7.45,4.2,4.55,4.55,227,2662.18,12650,4000,29-FEB-2024,
OPTIDX,NIFTY,14-Mar-2024,23500,CE,5.45,5.75,3.05,3.3,3.3,2287,26877.09,102700,42600,29-FEB-2024,
OPTIDX,NIFTY,14-Mar-2024,23550,CE,6.2,6.2,3.4,3.75,3.75,355,4180.91,14700,5250,29-FEB-2024,
OPTIDX,NIFTY,14-Mar-2024,23600,CE,5.45,6.35,3.1,3.45,3.45,147,1734.88,17900,200,29-FEB-2024,
OPTIDX,NIFTY,14-Mar-2024,23650,CE,4,4,3.35,3.6,3.6,53,626.82,3250,350,29-FEB-2024,
OPTIDX,NIFTY,14-Mar-2024,23700,CE,3.9,5.45,3.4,3.45,3.45,26,308.15,4650,-150,29-FEB-2024,
OPTIDX,NIFTY,14-Mar-2024,23750,CE,3.2,3.45,3,3.15,3.15,34,403.8,1600,-150,29-FEB-2024,
OPTIDX,NIFTY,14-Mar-2024,23800,CE,4.2,5.7,2.95,3.3,3.3,174,2070.95,4400,1400,29-FEB-2024,
OPTIDX,NIFTY,14-Mar-2024,23850,CE,4.45,4.45,3.1,3.15,3.15,50,596.34,3050,800,29-FEB-2024,
OPTIDX,NIFTY,14-Mar-2024,23900,CE,4.6,4.6,2.75,3,3,206,2462.07,14800,3950,29-FEB-2024,
OPTIDX,NIFTY,14-Mar-2024,23950,CE,4.15,4.15,2.6,2.9,2.9,872,10443.7,29600,12250,29-FEB-2024,
OPTIDX,NIFTY,14-Mar-2024,19850,PE,4.3,4.6,3.4,3.8,3.8,263,2610.81,9000,650,29-FEB-2024,
OPTIDX,NIFTY,14-Mar-2024,19900,PE,0,0,0,7.3,0.05,0,0,0,0,29-FEB-2024,
OPTIDX,NIFTY,14-Mar-2024,19950,PE,0,0,0,19.8,0.05,0,0,1000,0,29-FEB-2024,
OPTIDX,NIFTY,14-Mar-2024,20000,PE,3.05,3.4,3,3.25,3.25,133,1330.21,5500,4350,29-FEB-2024,
OPTIDX,NIFTY,14-Mar-2024,20050,PE,0,0,0,25.85,0.05,0,0,1000,0,29-FEB-2024,
OPTIDX,NIFTY,14-Mar-2024,20100,PE,0,0,0,9.8,0.05,0,0,1150,0,29-FEB-2024,
OPTIDX,NIFTY,14-Mar-2024,20150,PE,0,0,0,28.1,0.05,0,0,4350,0,29-FEB-2024,
OPTIDX,NIFTY,14-Mar-2024,20200,PE,0,0,0,16.95,0.05,0,0,0,0,29-FEB-2024,
OPTIDX,NIFTY,14-Mar-2024,20250,PE,0,0,0,19.3,0.05,0,0,0,0,29-FEB-2024,
OPTIDX,NIFTY,14-Mar-2024,20300,PE,0,0,0,21.95,0.05,0,0,0,0,29-FEB-2024,
OPTIDX,NIFTY,14-Mar-2024,20350,PE,0,0,0,24.9,0.05,0,0,0,0,29-FEB-2024,
OPTIDX,NIFTY,14-Mar-2024,20400,PE,0,0,0,28.2,0.1,0,0,0,0,29-FEB-2024,
OPTIDX,NIFTY,14-Mar-2024,20450,PE,0,0,0,31.8,0.15,0,0,0,0,29-FEB-2024,
OPTIDX,NIFTY,14-Mar-2024,20500,PE,11.6,11.65,5,5.8,5.8,3745,38400.1,114950,33850,29-FEB-2024,
OPTIDX,NIFTY,14-Mar-2024,20550,PE,0,0,0,7,0.25,0,0,1000,0,29-FEB-2024,
OPTIDX,NIFTY,14-Mar-2024,20600,PE,0,0,0,45,0.4,0,0,0,0,29-FEB-2024,
OPTIDX,NIFTY,14-Mar-2024,20650,PE,6.55,6.55,6.55,6.55,6.55,1,10.32,50,50,29-FEB-2024,
OPTIDX,NIFTY,14-Mar-2024,20700,PE,15,16,7.45,8.45,8.45,343,3551.87,9850,9800,29-FEB-2024,
OPTIDX,NIFTY,14-Mar-2024,20750,PE,0,0,0,62.4,1,0,0,0,0,29-FEB-2024,
OPTIDX,NIFTY,14-Mar-2024,20800,PE,19.9,19.9,8.45,10.25,10.25,5097,53041.55,98400,60450,29-FEB-2024,
OPTIDX,NIFTY,14-Mar-2024,20850,PE,19.55,22.4,9.7,11.65,11.65,716,7469.67,15100,15100,29-FEB-2024,
OPTIDX,NIFTY,14-Mar-2024,20900,PE,23.8,25,10.45,11.35,11.35,5490,57415.73,114650,65750,29-FEB-2024,
OPTIDX,NIFTY,14-Mar-2024,20950,PE,30,30,12,15.95,15.95,2501,26224.69,13100,-19950,29-FEB-2024,
OPTIDX,NIFTY,14-Mar-2024,21000,PE,31.55,35.3,13.95,16.15,16.15,17166,180443.5,255250,37350,29-FEB-2024,
OPTIDX,NIFTY,14-Mar-2024,21050,PE,30.85,36.15,15.8,18,18,2152,22678.87,11550,-16750,29-FEB-2024,
OPTIDX,NIFTY,14-Mar-2024,21100,PE,41,41,17.9,20.35,20.35,8006,84580.9,101550,45350,29-FEB-2024,
OPTIDX,NIFTY,14-Mar-2024,21150,PE,44.2,46.65,20.9,23.15,23.15,2122,22474.21,24150,-2850,29-FEB-2024,
OPTIDX,NIFTY,14-Mar-2024,21200,PE,51.65,52.25,23.75,26.15,26.15,6024,63963.72,109250,42550,29-FEB-2024,
OPTIDX,NIFTY,14-Mar-2024,21250,PE,54.05,56,26.85,29.4,29.4,1463,15571.1,28500,7400,29-FEB-2024,
OPTIDX,NIFTY,14-Mar-2024,21300,PE,58.95,67.5,30.75,34.85,34.85,8311,88712.04,186750,28000,29-FEB-2024,
OPTIDX,NIFTY,14-Mar-2024,21350,PE,65.6,74.25,35.4,38.8,38.8,1576,16867.17,14550,-8800,29-FEB-2024,
OPTIDX,NIFTY,14-Mar-2024,21400,PE,75.05,82.9,39.15,44.95,44.95,8130,87240.35,104550,23500,29-FEB-2024,
OPTIDX,NIFTY,14-Mar-2024,21450,PE,85,92.35,45.85,51.5,51.5,908,9768.62,11500,-1050,29-FEB-2024,
OPTIDX,NIFTY,14-Mar-2024,21500,PE,106.8,113.85,51.85,58.1,58.1,17848,192549.99,181150,60500,29-FEB-2024,
OPTIDX,NIFTY,14-Mar-2024,21550,PE,112.25,114.3,59.1,70.65,70.65,1512,16355.74,17900,1900,29-FEB-2024,
OPTIDX,NIFTY,14-Mar-2024,21600,PE,135.15,135.15,67.45,80.05,80.05,7409,80381.11,61100,6300,29-FEB-2024,
OPTIDX,NIFTY,14-Mar-2024,21650,PE,123.2,137.35,76.25,88.65,88.65,1412,15358.01,17000,6050,29-FEB-2024,
OPTIDX,NIFTY,14-Mar-2024,21700,PE,151.45,160.6,86,95.45,95.45,8742,95387.32,101350,35400,29-FEB-2024,
OPTIDX,NIFTY,14-Mar-2024,21750,PE,160.05,184.9,95.25,109.15,109.15,1091,11939.37,11300,-250,29-FEB-2024,
OPTIDX,NIFTY,14-Mar-2024,21800,PE,182.85,196.7,109.2,124.4,124.4,14844,162951.06,122550,67550,29-FEB-2024,
OPTIDX,NIFTY,14-Mar-2024,21850,PE,197.1,216.25,121.2,138.95,138.95,3176,34968.83,22000,10200,29-FEB-2024,
OPTIDX,NIFTY,14-Mar-2024,21900,PE,223.35,237.35,133.1,152.1,152.1,11499,126995.67,99650,35100,29-FEB-2024,
OPTIDX,NIFTY,14-Mar-2024,21950,PE,277,277,154.55,168.7,168.7,5159,57143.87,34700,26000,29-FEB-2024,
OPTIDX,NIFTY,14-Mar-2024,22000,PE,268,283.45,172.3,188.9,188.9,26775,297554.71,268250,54900,29-FEB-2024,
OPTIDX,NIFTY,14-Mar-2024,22050,PE,280,308.55,187,201.35,201.35,2355,26249.9,18850,9100,29-FEB-2024,
OPTIDX,NIFTY,14-Mar-2024,22100,PE,306.15,333.9,211.1,225.1,225.1,5159,57705.19,93200,13150,29-FEB-2024,
OPTIDX,NIFTY,14-Mar-2024,22150,PE,340,361.8,233.25,250.5,250.5,771,8653.76,10100,2600,29-FEB-2024,
OPTIDX,NIFTY,14-Mar-2024,22200,PE,381.6,388.4,256.6,273.95,273.95,4407,49619.06,90450,10000,29-FEB-2024,
OPTIDX,NIFTY,14-Mar-2024,22250,PE,402.85,408.95,283.4,298.45,298.45,498,5625.56,9100,1650,29-FEB-2024,
OPTIDX,NIFTY,14-Mar-2024,22300,PE,414.05,456.7,308.75,325.95,325.95,5004,56714.33,97500,68000,29-FEB-2024,
OPTIDX,NIFTY,14-Mar-2024,22350,PE,417.8,435.8,339.75,357.65,357.65,160,1818.44,9700,5150,29-FEB-2024,
OPTIDX,NIFTY,14-Mar-2024,22400,PE,465.5,515,369.4,396.15,396.15,359,4098.47,10950,5150,29-FEB-2024,
OPTIDX,NIFTY,14-Mar-2024,22450,PE,500,503,400.7,419.1,419.1,38,435.13,6550,1150,29-FEB-2024,
OPTIDX,NIFTY,14-Mar-2024,22500,PE,552.05,598.95,437.95,449.55,449.55,757,8712.53,13650,5700,29-FEB-2024,
OPTIDX,NIFTY,14-Mar-2024,22550,PE,0,0,0,829.8,557.85,0,0,0,0,29-FEB-2024,
OPTIDX,NIFTY,14-Mar-2024,22600,PE,620,640.8,515.1,554.55,554.55,152,1760.76,8600,-2400,29-FEB-2024,
OPTIDX,NIFTY,14-Mar-2024,22650,PE,0,0,0,905.2,643,0,0,0,0,29-FEB-2024,
OPTIDX,NIFTY,14-Mar-2024,22700,PE,670.25,704.95,649.05,690.4,690.4,6,70.13,250,250,29-FEB-2024,
OPTIDX,NIFTY,14-Mar-2024,22750,PE,0,0,0,679.65,731.95,0,0,6850,0,29-FEB-2024,
OPTIDX,NIFTY,14-Mar-2024,22800,PE,750,750,750,750,777.6,1,11.77,350,50,29-FEB-2024,
OPTIDX,NIFTY,14-Mar-2024,22850,PE,0,0,0,1073.3,823.9,0,0,50,0,29-FEB-2024,
OPTIDX,NIFTY,14-Mar-2024,22900,PE,0,0,0,1107.45,870.8,0,0,0,0,29-FEB-2024,
OPTIDX,NIFTY,14-Mar-2024,22950,PE,0,0,0,1149.7,918.2,0,0,0,0,29-FEB-2024,
OPTIDX,NIFTY,14-Mar-2024,23000,PE,1010,1010,871.8,871.85,871.85,25,299.54,3000,1050,29-FEB-2024,
OPTIDX,NIFTY,14-Mar-2024,23050,PE,0,0,0,1235.7,1014.2,0,0,0,0,29-FEB-2024,
OPTIDX,NIFTY,14-Mar-2024,23100,PE,0,0,0,1279.45,1062.7,0,0,0,0,29-FEB-2024,
OPTIDX,NIFTY,14-Mar-2024,23150,PE,0,0,0,1323.6,1111.45,0,0,0,0,29-FEB-2024,
OPTIDX,NIFTY,14-Mar-2024,23200,PE,0,0,0,1368.2,1160.45,0,0,0,0,29-FEB-2024,
OPTIDX,NIFTY,14-Mar-2024,23250,PE,0,0,0,1413.2,1209.6,0,0,0,0,29-FEB-2024,
OPTIDX,NIFTY,14-Mar-2024,23300,PE,0,0,0,1458.6,1258.9,0,0,0,0,29-FEB-2024,
OPTIDX,NIFTY,14-Mar-2024,23350,PE,0,0,0,1504.3,1308.3,0,0,0,0,29-FEB-2024,
OPTIDX,NIFTY,14-Mar-2024,23400,PE,0,0,0,1550.35,1357.85,0,0,0,0,29-FEB-2024,
OPTIDX,NIFTY,14-Mar-2024,23450,PE,0,0,0,1596.7,1407.45,0,0,0,0,29-FEB-2024,
OPTIDX,NIFTY,14-Mar-2024,23500,PE,0,0,0,1643.35,1457.1,0,0,0,0,29-FEB-2024,
OPTIDX,NIFTY,14-Mar-2024,23550,PE,0,0,0,1690.25,1506.8,0,0,0,0,29-FEB-2024,
OPTIDX,NIFTY,14-Mar-2024,23600,PE,0,0,0,1737.4,1556.55,0,0,0,0,29-FEB-2024,
OPTIDX,NIFTY,14-Mar-2024,23650,PE,0,0,0,1784.8,1606.3,0,0,0,0,29-FEB-2024,
OPTIDX,NIFTY,14-Mar-2024,23700,PE,0,0,0,1832.35,1656.1,0,0,0,0,29-FEB-2024,
OPTIDX,NIFTY,14-Mar-2024,23750,PE,0,0,0,1880.15,1705.95,0,0,0,0,29-FEB-2024,
OPTIDX,NIFTY,14-Mar-2024,23800,PE,0,0,0,1928.1,1755.75,0,0,0,0,29-FEB-2024,
OPTIDX,NIFTY,14-Mar-2024,23850,PE,0,0,0,1976.2,1805.6,0,0,0,0,29-FEB-2024,
OPTIDX,NIFTY,14-Mar-2024,23900,PE,0,0,0,2024.5,1855.45,0,0,0,0,29-FEB-2024,
OPTIDX,NIFTY,14-Mar-2024,23950,PE,0,0,0,2072.9,1905.3,0,0,0,0,29-FEB-2024,
OPTIDX,NIFTY,21-Mar-2024,20150,CE,0,0,0,1911.4,1911.1,0,0,0,0,29-FEB-2024,
OPTIDX,NIFTY,21-Mar-2024,20200,CE,0,0,0,1863.1,1861.35,0,0,0,0,29-FEB-2024,
OPTIDX,NIFTY,21-Mar-2024,20250,CE,0,0,0,1815,1811.6,0,0,0,0,29-FEB-2024,
OPTIDX,NIFTY,21-Mar-2024,20300,CE,0,0,0,1767.1,1761.9,0,0,0,0,29-FEB-2024,
OPTIDX,NIFTY,21-Mar-2024,20350,CE,0,0,0,1719.45,1712.25,0,0,0,0,29-FEB-2024,
OPTIDX,NIFTY,21-Mar-2024,20400,CE,0,0,0,1672,1662.6,0,0,0,0,29-FEB-2024,
OPTIDX,NIFTY,21-Mar-2024,20450,CE,0,0,0,1624.8,1613.05,0,0,0,0,29-FEB-2024,
OPTIDX,NIFTY,21-Mar-2024,20500,CE,0,0,0,1577.85,1563.5,0,0,0,0,29-FEB-2024,
OPTIDX,NIFTY,21-Mar-2024,20550,CE,0,0,0,1531.25,1514.05,0,0,0,0,29-FEB-2024,
OPTIDX,NIFTY,21-Mar-2024,20600,CE,1550,1550,1500,1500,1464.7,2,22.12,100,100,29-FEB-2024,
OPTIDX,NIFTY,21-Mar-2024,20650,CE,0,0,0,1439.05,1415.45,0,0,0,0,29-FEB-2024,
OPTIDX,NIFTY,21-Mar-2024,20700,CE,0,0,0,1393.5,1366.35,0,0,0,0,29-FEB-2024,
OPTIDX,NIFTY,21-Mar-2024,20750,CE,0,0,0,1348.35,1317.4,0,0,0,0,29-FEB-2024,
OPTIDX,NIFTY,21-Mar-2024,20800,CE,0,0,0,1303.65,1268.65,0,0,0,0,29-FEB-2024,
OPTIDX,NIFTY,21-Mar-2024,20850,CE,0,0,0,1259.45,1220.1,0,0,0,0,29-FEB-2024,
OPTIDX,NIFTY,21-Mar-2024,20900,CE,0,0,0,1215.7,1171.85,0,0,0,0,29-FEB-2024,
OPTIDX,NIFTY,21-Mar-2024,20950,CE,0,0,0,1172.5,1123.85,0,0,0,0,29-FEB-2024,
OPTIDX,NIFTY,21-Mar-2024,21000,CE,0,0,0,1129.85,1076.25,0,0,0,0,29-FEB-2024,
OPTIDX,NIFTY,21-Mar-2024,21050,CE,0,0,0,1087.8,1029,0,0,0,0,29-FEB-2024,
OPTIDX,NIFTY,21-Mar-2024,21100,CE,0,0,0,1046.35,982.25,0,0,0,0,29-FEB-2024,
OPTIDX,NIFTY,21-Mar-2024,21150,CE,0,0,0,1005.55,936,0,0,0,0,29-FEB-2024,
OPTIDX,NIFTY,21-Mar-2024,21200,CE,0,0,0,965.45,890.3,0,0,0,0,29-FEB-2024,
OPTIDX,NIFTY,21-Mar-2024,21250,CE,0,0,0,926,845.25,0,0,0,0,29-FEB-2024,
OPTIDX,NIFTY,21-Mar-2024,21300,CE,0,0,0,887.35,800.95,0,0,0,0,29-FEB-2024,
OPTIDX,NIFTY,21-Mar-2024,21350,CE,0,0,0,849.45,757.4,0,0,0,0,29-FEB-2024,
OPTIDX,NIFTY,21-Mar-2024,21400,CE,0,0,0,813.1,714.7,0,0,0,0,29-FEB-2024,
OPTIDX,NIFTY,21-Mar-2024,21450,CE,0,0,0,775.85,672.95,0,0,0,0,29-FEB-2024,
OPTIDX,NIFTY,21-Mar-2024,21500,CE,0,0,0,740.35,632.2,0,0,0,0,29-FEB-2024,
OPTIDX,NIFTY,21-Mar-2024,21550,CE,0,0,0,750,592.5,0,0,50,0,29-FEB-2024,
OPTIDX,NIFTY,21-Mar-2024,21600,CE,0,0,0,672.05,553.95,0,0,0,0,29-FEB-2024,
OPTIDX,NIFTY,21-Mar-2024,21650,CE,0,0,0,639.25,516.6,0,0,0,0,29-FEB-2024,
OPTIDX,NIFTY,21-Mar-2024,21700,CE,0,0,0,607.35,480.55,0,0,0,0,29-FEB-2024,
OPTIDX,NIFTY,21-Mar-2024,21750,CE,0,0,0,576.4,445.8,0,0,0,0,29-FEB-2024,
OPTIDX,NIFTY,21-Mar-2024,21800,CE,475.15,517.7,429.15,483.1,483.1,233,2595.72,6650,5450,29-FEB-2024,
OPTIDX,NIFTY,21-Mar-2024,21850,CE,0,0,0,678.75,380.5,0,0,50,0,29-FEB-2024,
OPTIDX,NIFTY,21-Mar-2024,21900,CE,408.7,458.9,384,435.95,435.95,413,4608.3,9850,8750,29-FEB-2024,
OPTIDX,NIFTY,21-Mar-2024,21950,CE,381.25,422,352,406.05,406.05,247,2758.56,7450,4500,29-FEB-2024,
OPTIDX,NIFTY,21-Mar-2024,22000,CE,344.95,398.65,327.6,379.15,379.15,761,8507.88,21750,-2150,29-FEB-2024,
OPTIDX,NIFTY,21-Mar-2024,22050,CE,315.55,371.75,300,356.8,356.8,50,559.59,10200,-750,29-FEB-2024,
OPTIDX,NIFTY,21-Mar-2024,22100,CE,295,333,276.2,319.75,319.75,302,3383.39,10550,-1500,29-FEB-2024,
OPTIDX,NIFTY,21-Mar-2024,22150,CE,286,300,251.4,300,300,28,313.82,4050,850,29-FEB-2024,
OPTIDX,NIFTY,21-Mar-2024,22200,CE,252.05,284,230.15,272.55,272.55,761,8544.88,30750,10750,29-FEB-2024,
OPTIDX,NIFTY,21-Mar-2024,22250,CE,225,254.3,225,248.85,248.85,12,134.92,4400,200,29-FEB-2024,
OPTIDX,NIFTY,21-Mar-2024,22300,CE,215,235,190.15,215.55,215.55,240,2701.3,11250,500,29-FEB-2024,
OPTIDX,NIFTY,21-Mar-2024,22350,CE,194,194,170.2,170.2,170.2,8,90.15,2400,300,29-FEB-2024,
OPTIDX,NIFTY,21-Mar-2024,22400,CE,170,199.1,154,171.9,171.9,65,733.59,3850,2000,29-FEB-2024,
OPTIDX,NIFTY,21-Mar-2024,22450,CE,0,0,0,168.85,113.6,0,0,2000,0,29-FEB-2024,
OPTIDX,NIFTY,21-Mar-2024,22500,CE,143.45,159.65,120.05,142.6,142.6,782,8851.6,27600,800,29-FEB-2024,
OPTIDX,NIFTY,21-Mar-2024,22550,CE,128,138.9,121.25,130.65,130.65,8,90.7,300,-50,29-FEB-2024,
OPTIDX,NIFTY,21-Mar-2024,22600,CE,100,123.6,93.75,114.85,114.85,242,2748.21,11200,2800,29-FEB-2024,
OPTIDX,NIFTY,21-Mar-2024,22650,CE,60.65,60.65,60.65,60.65,68.1,1,11.35,50,50,29-FEB-2024,
OPTIDX,NIFTY,21-Mar-2024,22700,CE,88.8,94.4,73.7,86.8,86.8,139,1583.62,7550,4950,29-FEB-2024,
OPTIDX,NIFTY,21-Mar-2024,22750,CE,0,0,0,157.15,51.6,0,0,0,0,29-FEB-2024,
OPTIDX,NIFTY,21-Mar-2024,22800,CE,70.05,77,57.7,67.25,67.25,138,1577.84,11150,2950,29-FEB-2024,
OPTIDX,NIFTY,21-Mar-2024,22850,CE,62.5,62.5,62,62,38.5,2,22.91,50,0,29-FEB-2024,
OPTIDX,NIFTY,21-Mar-2024,22900,CE,55.45,58,41.95,50.75,50.75,242,2777.02,16550,5750,29-FEB-2024,
OPTIDX,NIFTY,21-Mar-2024,22950,CE,0,0,0,61.05,28.3,0,0,100,0,29-FEB-2024,
OPTIDX,NIFTY,21-Mar-2024,23000,CE,48.6,48.6,33.85,38.05,38.05,1211,13950.57,34250,5500,29-FEB-2024,
OPTIDX,NIFTY,21-Mar-2024,23050,CE,28.5,35,21.9,35,35,3,34.61,1050,-50,29-FEB-2024,
OPTIDX,NIFTY,21-Mar-2024,23100,CE,29.05,29.2,23.4,27.3,27.3,32,370.05,1400,1050,29-FEB-2024,
OPTIDX,NIFTY,21-Mar-2024,23150,CE,0,0,0,80,14.6,0,0,0,0,29-FEB-2024,
OPTIDX,NIFTY,21-Mar-2024,23200,CE,25.8,25.8,21,22.45,22.45,40,464.45,4200,600,29-FEB-2024,
OPTIDX,NIFTY,21-Mar-2024,23250,CE,35.1,36.9,21,22.1,22.1,24,279.31,2150,800,29-FEB-2024,
OPTIDX,NIFTY,21-Mar-2024,23300,CE,0,0,0,60.8,8.55,0,0,0,0,29-FEB-2024,
OPTIDX,NIFTY,21-Mar-2024,23350,CE,0,0,0,33.45,7.1,0,0,200,0,29-FEB-2024,
OPTIDX,NIFTY,21-Mar-2024,23400,CE,18,20,11.65,19.9,19.9,8,93.66,900,300,29-FEB-2024,
OPTIDX,NIFTY,21-Mar-2024,23450,CE,14.6,14.6,10.75,10.75,10.75,35,410.57,1400,-1300,29-FEB-2024,
OPTIDX,NIFTY,21-Mar-2024,23500,CE,14.5,14.8,9.5,10.35,10.35,584,6865.57,50350,4700,29-FEB-2024,
OPTIDX,NIFTY,21-Mar-2024,23550,CE,15.75,15.75,10,10,10,33,388.74,1200,150,29-FEB-2024,
OPTIDX,NIFTY,21-Mar-2024,23600,CE,0,0,0,33.85,2.65,0,0,0,0,29-FEB-2024,
OPTIDX,NIFTY,21-Mar-2024,23650,CE,0,0,0,30.5,2.15,0,0,0,0,29-FEB-2024,
OPTIDX,NIFTY,21-Mar-2024,23700,CE,0,0,0,27.5,1.7,0,0,0,0,29-FEB-2024,
OPTIDX,NIFTY,21-Mar-2024,23750,CE,0,0,0,8.75,1.4,0,0,50,0,29-FEB-2024,
OPTIDX,NIFTY,21-Mar-2024,23800,CE,0,0,0,22.25,1.1,0,0,0,0,29-FEB-2024,
OPTIDX,NIFTY,21-Mar-2024,23850,CE,0,0,0,19.95,0.9,0,0,0,0,29-FEB-2024,
OPTIDX,NIFTY,21-Mar-2024,23900,CE,7.8,7.85,4.75,5.6,5.6,60,717.18,8550,1150,29-FEB-2024,
OPTIDX,NIFTY,21-Mar-2024,23950,CE,0,0,0,16,0.55,0,0,0,0,29-FEB-2024,
OPTIDX,NIFTY,21-Mar-2024,20150,PE,0,0,0,8.95,0.2,0,0,0,0,29-FEB-2024,
OPTIDX,NIFTY,21-Mar-2024,20200,PE,8,8,8,8,8,35,353.64,1750,1750,29-FEB-2024,
OPTIDX,NIFTY,21-Mar-2024,20250,PE,0,0,0,11.85,0.3,0,0,0,0,29-FEB-2024,
OPTIDX,NIFTY,21-Mar-2024,20300,PE,0,0,0,13.6,0.4,0,0,0,0,29-FEB-2024,
OPTIDX,NIFTY,21-Mar-2024,20350,PE,0,0,0,15.55,0.55,0,0,0,0,29-FEB-2024,
OPTIDX,NIFTY,21-Mar-2024,20400,PE,0,0,0,17.75,0.75,0,0,0,0,29-FEB-2024,
OPTIDX,NIFTY,21-Mar-2024,20450,PE,0,0,0,20.2,0.95,0,0,0,0,29-FEB-2024,
OPTIDX,NIFTY,21-Mar-2024,20500,PE,0,0,0,22.95,1.25,0,0,0,0,29-FEB-2024,
OPTIDX,NIFTY,21-Mar-2024,20550,PE,0,0,0,26,1.6,0,0,0,0,29-FEB-2024,
OPTIDX,NIFTY,21-Mar-2024,20600,PE,0,0,0,29.35,2.05,0,0,0,0,29-FEB-2024,
OPTIDX,NIFTY,21-Mar-2024,20650,PE,0,0,0,33.05,2.65,0,0,0,0,29-FEB-2024,
OPTIDX,NIFTY,21-Mar-2024,20700,PE,0,0,0,37.2,3.35,0,0,0,0,29-FEB-2024,
OPTIDX,NIFTY,21-Mar-2024,20750,PE,0,0,0,41.7,4.2,0,0,0,0,29-FEB-2024,
OPTIDX,NIFTY,21-Mar-2024,20800,PE,25,35.7,20.7,24.3,24.3,232,2416.15,14550,-1200,29-FEB-2024,
OPTIDX,NIFTY,21-Mar-2024,20850,PE,25.75,35,25.75,35,6.5,4,41.76,850,100,29-FEB-2024,
OPTIDX,NIFTY,21-Mar-2024,20900,PE,30.95,45,26.25,27.5,27.5,185,1936.21,7700,6550,29-FEB-2024,
OPTIDX,NIFTY,21-Mar-2024,20950,PE,32.7,32.7,31.75,32.35,32.35,59,618.97,2950,2950,29-FEB-2024,
OPTIDX,NIFTY,21-Mar-2024,21000,PE,58,58,30.45,36.4,36.4,958,10079.78,35050,4750,29-FEB-2024,
OPTIDX,NIFTY,21-Mar-2024,21050,PE,0,0,0,79,14.65,0,0,0,0,29-FEB-2024,
OPTIDX,NIFTY,21-Mar-2024,21100,PE,42.4,42.4,40.8,42,42,4,42.28,1900,50,29-FEB-2024,
OPTIDX,NIFTY,21-Mar-2024,21150,PE,0,0,0,96.05,21.2,0,0,0,0,29-FEB-2024,
OPTIDX,NIFTY,21-Mar-2024,21200,PE,0,0,0,105.6,25.35,0,0,0,0,29-FEB-2024,
OPTIDX,NIFTY,21-Mar-2024,21250,PE,0,0,0,115.85,30.1,0,0,0,0,29-FEB-2024,
OPTIDX,NIFTY,21-Mar-2024,21300,PE,95,95.3,56.35,59.6,59.6,504,5385.71,28550,10100,29-FEB-2024,
OPTIDX,NIFTY,21-Mar-2024,21350,PE,0,0,0,51.65,41.85,0,0,50,0,29-FEB-2024,
OPTIDX,NIFTY,21-Mar-2024,21400,PE,114.45,116.5,70.9,75.15,75.15,348,3741.14,25200,9450,29-FEB-2024,
OPTIDX,NIFTY,21-Mar-2024,21450,PE,0,0,0,164.25,57,0,0,0,0,29-FEB-2024,
OPTIDX,NIFTY,21-Mar-2024,21500,PE,135,144.35,88.9,93.8,93.8,895,9675,43950,2600,29-FEB-2024,
OPTIDX,NIFTY,21-Mar-2024,21550,PE,0,0,0,193.45,76.15,0,0,0,0,29-FEB-2024,
OPTIDX,NIFTY,21-Mar-2024,21600,PE,170.9,180,108.2,128.85,128.85,243,2641.58,11250,1450,29-FEB-2024,
OPTIDX,NIFTY,21-Mar-2024,21650,PE,173.95,173.95,112,122.6,122.6,5,54.48,800,100,29-FEB-2024,
OPTIDX,NIFTY,21-Mar-2024,21700,PE,188.15,209.2,135.05,141.8,141.8,1136,12421.44,105800,2500,29-FEB-2024,
OPTIDX,NIFTY,21-Mar-2024,21750,PE,146.1,147.15,146.05,146.25,146.25,12,131.37,700,-450,29-FEB-2024,
OPTIDX,NIFTY,21-Mar-2024,21800,PE,234.25,235,159.05,167.55,167.55,322,3540.89,12250,300,29-FEB-2024,
OPTIDX,NIFTY,21-Mar-2024,21850,PE,235,265.85,204.65,222.35,222.35,11,121.47,250,100,29-FEB-2024,
OPTIDX,NIFTY,21-Mar-2024,21900,PE,277.85,280,190,200.25,200.25,391,4327.71,11050,1750,29-FEB-2024,
OPTIDX,NIFTY,21-Mar-2024,21950,PE,304.6,305,204.1,239.25,239.25,368,4085.87,7000,6900,29-FEB-2024,
OPTIDX,NIFTY,21-Mar-2024,22000,PE,312.2,326,222.05,234.35,234.35,1626,18111.61,47550,21100,29-FEB-2024,
OPTIDX,NIFTY,21-Mar-2024,22050,PE,336.35,336.35,245,256.1,256.1,173,1933.02,9050,4600,29-FEB-2024,
OPTIDX,NIFTY,21-Mar-2024,22100,PE,357.45,357.45,263,268.35,268.35,380,4256.06,28550,7500,29-FEB-2024,
OPTIDX,NIFTY,21-Mar-2024,22150,PE,383,383,293.55,320.7,320.7,26,292.31,6950,450,29-FEB-2024,
OPTIDX,NIFTY,21-Mar-2024,22200,PE,447.75,447.75,305.35,317.5,317.5,243,2742.37,19000,-350,29-FEB-2024,
OPTIDX,NIFTY,21-Mar-2024,22250,PE,411.95,411.95,348.5,348.5,348.5,9,101.83,2750,250,29-FEB-2024,
OPTIDX,NIFTY,21-Mar-2024,22300,PE,430.7,430.7,363.25,372.25,372.25,8,90.78,7800,50,29-FEB-2024,
OPTIDX,NIFTY,21-Mar-2024,22350,PE,0,0,0,562.1,424.2,0,0,0,0,29-FEB-2024,
OPTIDX,NIFTY,21-Mar-2024,22400,PE,0,0,0,350.55,458.35,0,0,600,0,29-FEB-2024,
OPTIDX,NIFTY,21-Mar-2024,22450,PE,0,0,0,625.3,493.8,0,0,0,0,29-FEB-2024,
OPTIDX,NIFTY,21-Mar-2024,22500,PE,587.2,611.6,495,495,495,11,126.84,6000,50,29-FEB-2024,
OPTIDX,NIFTY,21-Mar-2024,22550,PE,0,0,0,692,568.4,0,0,0,0,29-FEB-2024,
OPTIDX,NIFTY,21-Mar-2024,22600,PE,0,0,0,726.65,607.4,0,0,0,0,29-FEB-2024,
OPTIDX,NIFTY,21-Mar-2024,22650,PE,0,0,0,762.1,647.5,0,0,0,0,29-FEB-2024,
OPTIDX,NIFTY,21-Mar-2024,22700,PE,0,0,0,798.35,688.6,0,0,0,0,29-FEB-2024,
OPTIDX,NIFTY,21-Mar-2024,22750,PE,0,0,0,836.4,730.6,0,0,0,0,29-FEB-2024,
OPTIDX,NIFTY,21-Mar-2024,22800,PE,0,0,0,873.35,773.45,0,0,0,0,29-FEB-2024,
OPTIDX,NIFTY,21-Mar-2024,22850,PE,0,0,0,911.85,817.15,0,0,0,0,29-FEB-2024,
OPTIDX,NIFTY,21-Mar-2024,22900,PE,0,0,0,951.05,861.5,0,0,0,0,29-FEB-2024,
OPTIDX,NIFTY,21-Mar-2024,22950,PE,0,0,0,990.9,906.55,0,0,0,0,29-FEB-2024,
OPTIDX,NIFTY,21-Mar-2024,23000,PE,0,0,0,1031.4,952.2,0,0,0,0,29-FEB-2024,
OPTIDX,NIFTY,21-Mar-2024,23050,PE,0,0,0,1072.5,998.35,0,0,0,0,29-FEB-2024,
OPTIDX,NIFTY,21-Mar-2024,23100,PE,0,0,0,1114.2,1045,0,0,0,0,29-FEB-2024,
OPTIDX,NIFTY,21-Mar-2024,23150,PE,0,0,0,1156.45,1092.1,0,0,0,0,29-FEB-2024,
OPTIDX,NIFTY,21-Mar-2024,23200,PE,0,0,0,1199.2,1139.55,0,0,0,0,29-FEB-2024,
OPTIDX,NIFTY,21-Mar-2024,23250,PE,0,0,0,1242.45,1187.35,0,0,0,0,29-FEB-2024,
OPTIDX,NIFTY,21-Mar-2024,23300,PE,0,0,0,1286.2,1235.45,0,0,0,0,29-FEB-2024,
OPTIDX,NIFTY,21-Mar-2024,23350,PE,0,0,0,1330.4,1283.8,0,0,0,0,29-FEB-2024,
OPTIDX,NIFTY,21-Mar-2024,23400,PE,0,0,0,1375,1332.35,0,0,0,0,29-FEB-2024,
OPTIDX,NIFTY,21-Mar-2024,23450,PE,0,0,0,1420,1381.15,0,0,0,0,29-FEB-2024,
OPTIDX,NIFTY,21-Mar-2024,23500,PE,0,0,0,1465.35,1430.05,0,0,0,0,29-FEB-2024,
OPTIDX,NIFTY,21-Mar-2024,23550,PE,0,0,0,1511.05,1479.15,0,0,0,0,29-FEB-2024,
OPTIDX,NIFTY,21-Mar-2024,23600,PE,0,0,0,1557.1,1528.35,0,0,0,0,29-FEB-2024,
OPTIDX,NIFTY,21-Mar-2024,23650,PE,0,0,0,1603.45,1577.65,0,0,0,0,29-FEB-2024,
OPTIDX,NIFTY,21-Mar-2024,23700,PE,0,0,0,1650.1,1627.05,0,0,0,0,29-FEB-2024,
OPTIDX,NIFTY,21-Mar-2024,23750,PE,0,0,0,1696.95,1676.55,0,0,0,0,29-FEB-2024,
OPTIDX,NIFTY,21-Mar-2024,23800,PE,0,0,0,1744.1,1726.05,0,0,0,0,29-FEB-2024,
OPTIDX,NIFTY,21-Mar-2024,23850,PE,0,0,0,1791.45,1775.65,0,0,0,0,29-FEB-2024,
OPTIDX,NIFTY,21-Mar-2024,23900,PE,0,0,0,1839.05,1825.25,0,0,0,0,29-FEB-2024,
OPTIDX,NIFTY,21-Mar-2024,23950,PE,0,0,0,1886.8,1874.95,0,0,0,0,29-FEB-2024,
OPTIDX,NIFTY,28-Mar-2024,14000,CE,7970,8117.2,7970,8100.75,8100.75,9,99.38,321850,-50,29-FEB-2024,
OPTIDX,NIFTY,28-Mar-2024,15000,CE,7000,7000,7000,7000,7060.25,1,11,24200,-50,29-FEB-2024,
OPTIDX,NIFTY,28-Mar-2024,16000,CE,6050,6090,6050,6060,6065.45,47,518.63,31400,-2350,29-FEB-2024,
OPTIDX,NIFTY,28-Mar-2024,17000,CE,5098,5100,5000,5070.15,5070.15,40,440.65,143800,-1500,29-FEB-2024,
OPTIDX,NIFTY,28-Mar-2024,18000,CE,4055,4160.55,4000,4108.8,4108.8,1058,11690.14,607850,7250,29-FEB-2024,
OPTIDX,NIFTY,28-Mar-2024,19000,CE,3030.8,3175.8,2996.15,3110.4,3110.4,3115,34388.74,669250,87250,29-FEB-2024,
OPTIDX,NIFTY,28-Mar-2024,19500,CE,2610,2674.85,2515,2613.6,2613.6,773,8536.85,125150,34450,29-FEB-2024,
OPTIDX,NIFTY,28-Mar-2024,19550,CE,0,0,0,2760,2533.8,0,0,4200,0,29-FEB-2024,
OPTIDX,NIFTY,28-Mar-2024,19600,CE,2490,2553.85,2450,2550.75,2550.75,78,863.28,5900,3900,29-FEB-2024,
OPTIDX,NIFTY,28-Mar-2024,19650,CE,0,0,0,2665,2434.35,0,0,800,0,29-FEB-2024,
OPTIDX,NIFTY,28-Mar-2024,19700,CE,2349.3,2491.5,2291.5,2453.95,2453.95,215,2374.33,15200,8150,29-FEB-2024,
OPTIDX,NIFTY,28-Mar-2024,19750,CE,0,0,0,2387.9,2334.9,0,0,100,0,29-FEB-2024,
OPTIDX,NIFTY,28-Mar-2024,19800,CE,2280,2366,2216.15,2332.2,2332.2,85,939.38,11900,3100,29-FEB-2024,
OPTIDX,NIFTY,28-Mar-2024,19850,CE,2177.45,2177.45,2177.45,2177.45,2235.5,1,11.01,50,50,29-FEB-2024,
OPTIDX,NIFTY,28-Mar-2024,19900,CE,2218,2288,2168.1,2274.7,2274.7,85,939.93,7100,3650,29-FEB-2024,
OPTIDX,NIFTY,28-Mar-2024,19950,CE,2149,2149,2109,2109,2136.1,2,22.07,100,100,29-FEB-2024,
OPTIDX,NIFTY,28-Mar-2024,20000,CE,2042.1,2194.2,2021,2171.55,2171.55,7689,85010.78,955450,210750,29-FEB-2024,
OPTIDX,NIFTY,28-Mar-2024,20050,CE,0,0,0,2097.65,2036.8,0,0,300,0,29-FEB-2024,
OPTIDX,NIFTY,28-Mar-2024,20100,CE,2005,2044.7,1971.8,2025,1987.2,52,574.87,3450,1800,29-FEB-2024,
OPTIDX,NIFTY,28-Mar-2024,20150,CE,1961.4,1961.4,1961.4,1961.4,1937.6,2,22.11,250,0,29-FEB-2024,
OPTIDX,NIFTY,28-Mar-2024,20200,CE,1825,2002.2,1825,1948.65,1948.65,124,1370.42,17900,3200,29-FEB-2024,
OPTIDX,NIFTY,28-Mar-2024,20250,CE,1900,1900,1900,1900,1838.55,1,11.07,50,0,29-FEB-2024,
OPTIDX,NIFTY,28-Mar-2024,20300,CE,1790,1852.8,1745.95,1824.25,1824.25,59,652.29,8800,1950,29-FEB-2024,
OPTIDX,NIFTY,28-Mar-2024,20350,CE,0,0,0,1339.55,1739.75,0,0,400,0,29-FEB-2024,
OPTIDX,NIFTY,28-Mar-2024,20400,CE,1630,1745,1630,1721.85,1690.45,40,442.37,8050,1350,29-FEB-2024,
OPTIDX,NIFTY,28-Mar-2024,20450,CE,1647.2,1647.2,1647.2,1647.2,1641.25,1,11.04,600,-50,29-FEB-2024,
OPTIDX,NIFTY,28-Mar-2024,20500,CE,1590,1704.7,1548.05,1645.3,1645.3,1343,14857.71,267550,46250,29-FEB-2024,
OPTIDX,NIFTY,28-Mar-2024,20550,CE,0,0,0,1570.2,1543.2,0,0,1150,0,29-FEB-2024,
OPTIDX,NIFTY,28-Mar-2024,20600,CE,1529.8,1610.8,1454.65,1547.15,1547.15,159,1759.84,47350,5350,29-FEB-2024,
OPTIDX,NIFTY,28-Mar-2024,20650,CE,1428.25,1428.25,1428.25,1428.25,1445.75,1,11.03,850,0,29-FEB-2024,
OPTIDX,NIFTY,28-Mar-2024,20700,CE,1400,1477.55,1370,1432.85,1432.85,105,1161.83,21000,3650,29-FEB-2024,
OPTIDX,NIFTY,28-Mar-2024,20750,CE,1338.7,1395,1338.7,1354.35,1354.35,11,121.7,3050,100,29-FEB-2024,
OPTIDX,NIFTY,28-Mar-2024,20800,CE,1332,1426.25,1270,1362.5,1362.5,366,4051.56,30900,14550,29-FEB-2024,
OPTIDX,NIFTY,28-Mar-2024,20850,CE,1250,1316.3,1250,1287.3,1253.6,15,166.11,800,400,29-FEB-2024,
OPTIDX,NIFTY,28-Mar-2024,20900,CE,1270,1326.9,1205,1279.65,1279.65,143,1582.62,14800,5650,29-FEB-2024,
OPTIDX,NIFTY,28-Mar-2024,20950,CE,0,0,0,1221.8,1159.35,0,0,700,0,29-FEB-2024,
OPTIDX,NIFTY,28-Mar-2024,21000,CE,1144.05,1245,1100,1219.5,1219.5,5535,61350.23,1393250,55600,29-FEB-2024,
OPTIDX,NIFTY,28-Mar-2024,21050,CE,0,0,0,1226.45,1066.8,0,0,2450,0,29-FEB-2024,
OPTIDX,NIFTY,28-Mar-2024,21100,CE,1042.8,1145,1022.15,1086.75,1086.75,233,2584.26,16900,5250,29-FEB-2024,
OPTIDX,NIFTY,28-Mar-2024,21150,CE,974.25,1024.6,974.25,1024.6,976.35,3,33.21,1350,100,29-FEB-2024,
OPTIDX,NIFTY,28-Mar-2024,21200,CE,972.6,1065.25,930,1017.4,1017.4,1455,16147.17,95250,42600,29-FEB-2024,
OPTIDX,NIFTY,28-Mar-2024,21250,CE,892.8,940,892.8,940,888.3,3,33.25,2500,50,29-FEB-2024,
OPTIDX,NIFTY,28-Mar-2024,21300,CE,875,975.1,850,942.65,942.65,290,3220.42,38900,6450,29-FEB-2024,
OPTIDX,NIFTY,28-Mar-2024,21350,CE,815,900,815,870,803.2,7,77.69,3100,250,29-FEB-2024,
OPTIDX,NIFTY,28-Mar-2024,21400,CE,814.95,899.3,777.8,862.7,862.7,668,7424.1,57850,17150,29-FEB-2024,
OPTIDX,NIFTY,28-Mar-2024,21450,CE,790,830,770,796.7,721.4,28,311.57,3750,-900,29-FEB-2024,
OPTIDX,NIFTY,28-Mar-2024,21500,CE,730,818.95,700,785.65,785.65,8824,98217.58,547550,174650,29-FEB-2024,
OPTIDX,NIFTY,28-Mar-2024,21550,CE,679.5,775.8,666,730.45,730.45,129,1435.75,9350,4000,29-FEB-2024,
OPTIDX,NIFTY,28-Mar-2024,21600,CE,659.05,739.35,631,719.3,719.3,1751,19506.51,104300,11800,29-FEB-2024,
OPTIDX,NIFTY,28-Mar-2024,21650,CE,630.05,701.55,598,672.4,672.4,296,3299.67,11900,3400,29-FEB-2024,
OPTIDX,NIFTY,28-Mar-2024,21700,CE,595.25,665.6,562.8,637.75,637.75,2852,31813.53,119950,10650,29-FEB-2024,
OPTIDX,NIFTY,28-Mar-2024,21750,CE,564.3,628.5,536,608.45,608.45,387,4320.96,15650,1700,29-FEB-2024,
OPTIDX,NIFTY,28-Mar-2024,21800,CE,528.05,594,500.65,561.6,561.6,6191,69159.18,149800,28800,29-FEB-2024,
OPTIDX,NIFTY,28-Mar-2024,21850,CE,502.05,558.9,470.3,532.85,532.85,1924,21503.76,31500,14300,29-FEB-2024,
OPTIDX,NIFTY,28-Mar-2024,21900,CE,468.05,527.6,440.05,501.2,501.2,23031,257698.09,362800,167300,29-FEB-2024,
OPTIDX,NIFTY,28-Mar-2024,21950,CE,432,493.05,411,468.9,468.9,2739,30680.88,43650,18500,29-FEB-2024,
OPTIDX,NIFTY,28-Mar-2024,22000,CE,396,462.5,384.25,433.85,433.85,86980,975057.56,2460300,550250,29-FEB-2024,
OPTIDX,NIFTY,28-Mar-2024,22050,CE,385.5,432.25,360,410.8,410.8,1759,19741.71,59450,5300,29-FEB-2024,
OPTIDX,NIFTY,28-Mar-2024,22100,CE,350.5,403.75,334.8,377.6,377.6,24732,277841.82,605700,225100,29-FEB-2024,
OPTIDX,NIFTY,28-Mar-2024,22150,CE,330,375,311.3,355.4,355.4,2461,27677.61,71450,19300,29-FEB-2024,
OPTIDX,NIFTY,28-Mar-2024,22200,CE,290,352,290,330.8,330.8,61259,689725.2,2012400,1067050,29-FEB-2024,
OPTIDX,NIFTY,28-Mar-2024,22250,CE,282,323,265.75,307.6,307.6,2025,22824.57,55350,15600,29-FEB-2024,
OPTIDX,NIFTY,28-Mar-2024,22300,CE,257.65,300,245.25,285,285,23086,260547.33,733950,184500,29-FEB-2024,
OPTIDX,NIFTY,28-Mar-2024,22350,CE,235.4,275,225.15,257.1,257.1,1715,19376.47,51400,17150,29-FEB-2024,
OPTIDX,NIFTY,28-Mar-2024,22400,CE,220.25,254.25,204.8,232.2,232.2,12751,144248.47,555550,46700,29-FEB-2024,
OPTIDX,NIFTY,28-Mar-2024,22450,CE,201.5,228.75,185.4,207.65,207.65,1497,16957.59,29650,-800,29-FEB-2024,
OPTIDX,NIFTY,28-Mar-2024,22500,CE,188.05,212.4,167.55,196.55,196.55,53317,604787.91,1449400,111200,29-FEB-2024,
OPTIDX,NIFTY,28-Mar-2024,22550,CE,165.7,191.85,153.45,180.45,180.45,1150,13063.26,55800,-3800,29-FEB-2024,
OPTIDX,NIFTY,28-Mar-2024,22600,CE,152.2,173.75,137.6,163.35,163.35,9081,103315.3,222000,45250,29-FEB-2024,
OPTIDX,NIFTY,28-Mar-2024,22650,CE,132.55,159.1,126.25,142.15,142.15,862,9822.27,32100,4650,29-FEB-2024,
OPTIDX,NIFTY,28-Mar-2024,22700,CE,125.45,142.4,111.2,131,131,11643,132871.18,387000,53050,29-FEB-2024,
OPTIDX,NIFTY,28-Mar-2024,22750,CE,105.55,129.2,100,119.85,119.85,2569,29365.05,65550,14300,29-FEB-2024,
OPTIDX,NIFTY,28-Mar-2024,22800,CE,103,115,89.5,105.9,105.9,23537,269505.96,818450,94250,29-FEB-2024,
OPTIDX,NIFTY,28-Mar-2024,22850,CE,89.8,101.85,81.4,94.75,94.75,921,10563.95,22100,-350,29-FEB-2024,
OPTIDX,NIFTY,28-Mar-2024,22900,CE,81.05,92.8,72.05,84.65,84.65,11456,131637.11,347350,82800,29-FEB-2024,
OPTIDX,NIFTY,28-Mar-2024,22950,CE,74.2,82.5,65.35,75.1,75.1,1075,12374.92,43900,2200,29-FEB-2024,
OPTIDX,NIFTY,28-Mar-2024,23000,CE,68.6,76,58.65,68.2,68.2,71341,822785.66,2756700,268250,29-FEB-2024,
OPTIDX,NIFTY,28-Mar-2024,23050,CE,59.85,66.05,51.25,59.1,59.1,1269,14660.89,54850,5850,29-FEB-2024,
OPTIDX,NIFTY,28-Mar-2024,23100,CE,55,58.35,44.95,52.05,52.05,10316,119408.78,336850,7250,29-FEB-2024,
OPTIDX,NIFTY,28-Mar-2024,23150,CE,48.05,52,39.85,44.65,44.65,1282,14868.26,27400,6400,29-FEB-2024,
OPTIDX,NIFTY,28-Mar-2024,23200,CE,43.5,48.45,35.35,40.25,40.25,13951,162108.65,504050,137800,29-FEB-2024,
OPTIDX,NIFTY,28-Mar-2024,23250,CE,39.25,40.65,31.65,35,35,1170,13621.97,38350,4750,29-FEB-2024,
OPTIDX,NIFTY,28-Mar-2024,23300,CE,35.7,36.6,27.95,31,31,14358,167494.92,309900,97850,29-FEB-2024,
OPTIDX,NIFTY,28-Mar-2024,23350,CE,32.85,32.85,25.4,27.9,27.9,1684,19684.91,42950,17650,29-FEB-2024,
OPTIDX,NIFTY,28-Mar-2024,23400,CE,27.55,28.7,22.4,24.8,24.8,6649,77875.76,215250,46500,29-FEB-2024,
OPTIDX,NIFTY,28-Mar-2024,23450,CE,26.6,26.6,20.55,22.15,22.15,1466,17205.35,48550,25150,29-FEB-2024,
OPTIDX,NIFTY,28-Mar-2024,23500,CE,23.7,23.95,19.1,20.65,20.65,21846,256920.19,1095500,80650,29-FEB-2024,
OPTIDX,NIFTY,28-Mar-2024,23550,CE,20.15,21.4,16.95,18.05,18.05,949,11183.28,27800,800,29-FEB-2024,
OPTIDX,NIFTY,28-Mar-2024,23600,CE,19.4,19.4,15.3,16.25,16.25,3602,42533.78,126550,-30100,29-FEB-2024,
OPTIDX,NIFTY,28-Mar-2024,23650,CE,17.2,17.35,14.1,14.5,14.5,363,4295.34,13100,-2650,29-FEB-2024,
OPTIDX,NIFTY,28-Mar-2024,23700,CE,14.7,15.5,12,12.7,12.7,4101,48624.48,191900,13650,29-FEB-2024,
OPTIDX,NIFTY,28-Mar-2024,23750,CE,14.6,18.8,12.3,12.45,12.45,337,4004.2,12350,-2700,29-FEB-2024,
OPTIDX,NIFTY,28-Mar-2024,23800,CE,12.4,12.95,10.45,10.65,10.65,4822,57408.94,364000,42800,29-FEB-2024,
OPTIDX,NIFTY,28-Mar-2024,23850,CE,13.7,13.7,10.7,11.05,11.05,458,5464.3,40650,200,29-FEB-2024,
OPTIDX,NIFTY,28-Mar-2024,23900,CE,10.95,12.2,8.65,9.45,9.45,1677,20048.34,74400,8300,29-FEB-2024,
OPTIDX,NIFTY,28-Mar-2024,23950,CE,10.45,10.5,8.45,9.05,9.05,393,4708.07,12150,-850,29-FEB-2024,
OPTIDX,NIFTY,28-Mar-2024,24000,CE,10.4,11,8.4,8.75,8.75,16590,199155.79,1852650,123400,29-FEB-2024,
OPTIDX,NIFTY,28-Mar-2024,25000,CE,6.55,7.05,6,6.55,6.55,3796,47462.66,448250,62200,29-FEB-2024,
OPTIDX,NIFTY,28-Mar-2024,26000,CE,5.2,5.75,4.3,4.85,4.85,580,7541.53,159550,8150,29-FEB-2024,
OPTIDX,NIFTY,28-Mar-2024,27000,CE,4.75,4.75,3.7,3.95,3.95,686,9262.42,99900,18100,29-FEB-2024,
OPTIDX,NIFTY,28-Mar-2024,14000,PE,2.35,2.5,1.75,2.35,2.35,30,210.03,128550,-300,29-FEB-2024,
OPTIDX,NIFTY,28-Mar-2024,15000,PE,2.15,3,2.15,2.55,2.55,28,210.03,10100,-1050,29-FEB-2024,
OPTIDX,NIFTY,28-Mar-2024,16000,PE,3.95,4,3.25,3.45,3.45,72,576.12,131850,-450,29-FEB-2024,
OPTIDX,NIFTY,28-Mar-2024,17000,PE,5.7,5.7,4.1,4.2,4.2,326,2771.78,294900,-7600,29-FEB-2024,
OPTIDX,NIFTY,28-Mar-2024,18000,PE,6.7,6.9,4.45,5.3,5.3,5010,45105.35,872600,53800,29-FEB-2024,
OPTIDX,NIFTY,28-Mar-2024,19000,PE,8.2,8.55,4.1,5.5,5.5,6173,58664.42,1448300,20450,29-FEB-2024,
OPTIDX,NIFTY,28-Mar-2024,19500,PE,9.45,9.8,5.75,6.4,6.4,3370,32870.2,219950,-1250,29-FEB-2024,
OPTIDX,NIFTY,28-Mar-2024,19550,PE,3.05,3.05,3.05,3.05,0.05,1,9.77,1200,0,29-FEB-2024,
OPTIDX,NIFTY,28-Mar-2024,19600,PE,9.85,10,5.55,6.25,6.25,1050,10294.15,24950,7650,29-FEB-2024,
OPTIDX,NIFTY,28-Mar-2024,19650,PE,0,0,0,60,0.05,0,0,1350,0,29-FEB-2024,
OPTIDX,NIFTY,28-Mar-2024,19700,PE,10.4,11.4,0.05,7.6,7.6,1384,13638.67,74000,-10500,29-FEB-2024,
OPTIDX,NIFTY,28-Mar-2024,19750,PE,0,0,0,51,0.1,0,0,750,0,29-FEB-2024,
OPTIDX,NIFTY,28-Mar-2024,19800,PE,11.45,12,4.45,8.05,8.05,2969,29407.59,112850,-31000,29-FEB-2024,
OPTIDX,NIFTY,28-Mar-2024,19850,PE,0,0,0,66.85,0.15,0,0,200,0,29-FEB-2024,
OPTIDX,NIFTY,28-Mar-2024,19900,PE,13.65,13.65,8.3,8.8,8.8,7305,72722.56,183200,-69600,29-FEB-2024,
OPTIDX,NIFTY,28-Mar-2024,19950,PE,0,0,0,52,0.25,0,0,0,0,29-FEB-2024,
OPTIDX,NIFTY,28-Mar-2024,20000,PE,16.7,17.45,10.3,11.1,11.1,29290,293090.9,3609050,165700,29-FEB-2024,
OPTIDX,NIFTY,28-Mar-2024,20050,PE,14.05,15.95,10.7,10.8,10.8,148,1484.61,8500,1000,29-FEB-2024,
OPTIDX,NIFTY,28-Mar-2024,20100,PE,16.65,17.6,10.05,11.25,11.25,4449,44741.82,284950,6850,29-FEB-2024,
OPTIDX,NIFTY,28-Mar-2024,20150,PE,0,0,0,13.55,0.75,0,0,6550,0,29-FEB-2024,
OPTIDX,NIFTY,28-Mar-2024,20200,PE,19.3,20.4,11.65,12.9,12.9,7023,70986.96,367000,-3300,29-FEB-2024,
OPTIDX,NIFTY,28-Mar-2024,20250,PE,18.7,19.1,13.55,14.7,14.7,314,3181.94,7800,7700,29-FEB-2024,
OPTIDX,NIFTY,28-Mar-2024,20300,PE,26.25,26.25,13.6,14.7,14.7,3901,39628.68,271000,37050,29-FEB-2024,
OPTIDX,NIFTY,28-Mar-2024,20350,PE,21.85,25.05,15.9,16.5,16.5,690,7027.46,20400,10700,29-FEB-2024,
OPTIDX,NIFTY,28-Mar-2024,20400,PE,28.05,28.7,16.75,18.5,18.5,3100,31654.81,379300,4000,29-FEB-2024,
OPTIDX,NIFTY,28-Mar-2024,20450,PE,19.45,21.3,18.8,20.05,20.05,52,532.22,3250,2100,29-FEB-2024,
OPTIDX,NIFTY,28-Mar-2024,20500,PE,34,43,20.4,22.95,22.95,27011,277224.81,2018550,156300,29-FEB-2024,
OPTIDX,NIFTY,28-Mar-2024,20550,PE,25.65,28.55,21.75,24.5,24.5,395,4063.66,7550,450,29-FEB-2024,
OPTIDX,NIFTY,28-Mar-2024,20600,PE,40.05,40.05,22.8,24.65,24.65,4621,47665.48,347950,71500,29-FEB-2024,
OPTIDX,NIFTY,28-Mar-2024,20650,PE,40.35,42.85,25.65,28.5,28.5,705,7290.59,18800,5450,29-FEB-2024,
OPTIDX,NIFTY,28-Mar-2024,20700,PE,47.95,48,27.8,30.55,30.55,6009,62300.04,440850,54850,29-FEB-2024,
OPTIDX,NIFTY,28-Mar-2024,20750,PE,52,52,30.7,33.35,33.35,744,7733.64,21350,-2950,29-FEB-2024,
OPTIDX,NIFTY,28-Mar-2024,20800,PE,56,57.1,33.6,36.05,36.05,9908,103259.07,476150,108550,29-FEB-2024,
OPTIDX,NIFTY,28-Mar-2024,20850,PE,59.15,60.7,37.1,39.35,39.35,887,9268.57,37550,3600,29-FEB-2024,
OPTIDX,NIFTY,28-Mar-2024,20900,PE,64.95,67.25,40.7,44.45,44.45,11131,116617.41,428100,99200,29-FEB-2024,
OPTIDX,NIFTY,28-Mar-2024,20950,PE,66.55,71.35,44.65,48.6,48.6,740,7772.2,38150,6600,29-FEB-2024,
OPTIDX,NIFTY,28-Mar-2024,21000,PE,75.15,79.8,50,54.95,54.95,62497,658216.6,4241750,278650,29-FEB-2024,
OPTIDX,NIFTY,28-Mar-2024,21050,PE,77.15,85.15,54.2,57.5,57.5,1346,14213.65,28200,8450,29-FEB-2024,
OPTIDX,NIFTY,28-Mar-2024,21100,PE,88.4,93.2,58.4,61.45,61.45,7763,82176.42,239550,38250,29-FEB-2024,
OPTIDX,NIFTY,28-Mar-2024,21150,PE,92.1,100,64,69.2,69.2,953,10115.64,91500,-700,29-FEB-2024,
OPTIDX,NIFTY,28-Mar-2024,21200,PE,107.95,109.7,70,74.3,74.3,13077,139180.5,426650,77700,29-FEB-2024,
OPTIDX,NIFTY,28-Mar-2024,21250,PE,108,116.5,76.65,80.25,80.25,1560,16648.53,34350,-8200,29-FEB-2024,
OPTIDX,NIFTY,28-Mar-2024,21300,PE,123.55,128.5,83.6,87.15,87.15,17142,183450.07,555950,124350,29-FEB-2024,
OPTIDX,NIFTY,28-Mar-2024,21350,PE,133.7,138.85,90.9,94.6,94.6,1462,15687.33,36550,-1000,29-FEB-2024,
OPTIDX,NIFTY,28-Mar-2024,21400,PE,144,151.55,100.4,104.45,104.45,8260,88885.98,400750,61600,29-FEB-2024,
OPTIDX,NIFTY,28-Mar-2024,21450,PE,156.05,162.85,109,121.3,121.3,1220,13164.35,38600,500,29-FEB-2024,
OPTIDX,NIFTY,28-Mar-2024,21500,PE,177,177.5,118.45,126.3,126.3,59696,646098.49,1987750,278400,29-FEB-2024,
OPTIDX,NIFTY,28-Mar-2024,21550,PE,184.05,187.7,129,132.1,132.1,627,6803.38,19650,2000,29-FEB-2024,
OPTIDX,NIFTY,28-Mar-2024,21600,PE,195.25,205.7,139.3,146.2,146.2,12205,132842.5,528050,49650,29-FEB-2024,
OPTIDX,NIFTY,28-Mar-2024,21650,PE,212.65,222.1,152.55,162.7,162.7,1013,11056.66,30300,2650,29-FEB-2024,
OPTIDX,NIFTY,28-Mar-2024,21700,PE,239.95,239.95,165.9,176.15,176.15,12495,136810.11,748000,73300,29-FEB-2024,
OPTIDX,NIFTY,28-Mar-2024,21750,PE,236,256.95,178.95,188.4,188.4,1060,11639.61,33950,4850,29-FEB-2024,
OPTIDX,NIFTY,28-Mar-2024,21800,PE,265.95,275.6,193,203,203,26299,289695.36,1061550,155850,29-FEB-2024,
OPTIDX,NIFTY,28-Mar-2024,21850,PE,285.95,293.4,208.6,215.85,215.85,2403,26552.76,50750,24800,29-FEB-2024,
OPTIDX,NIFTY,28-Mar-2024,21900,PE,308.7,316,225,240.85,240.85,38080,422134.09,845750,259150,29-FEB-2024,
OPTIDX,NIFTY,28-Mar-2024,21950,PE,321.45,335,241.55,258.85,258.85,3765,41857.87,56250,22400,29-FEB-2024,
OPTIDX,NIFTY,28-Mar-2024,22000,PE,350,358,258.05,278.6,278.6,111400,1242434.16,3480700,496600,29-FEB-2024,
OPTIDX,NIFTY,28-Mar-2024,22050,PE,361.95,380,278.4,301.75,301.75,2101,23501.98,53350,12200,29-FEB-2024,
OPTIDX,NIFTY,28-Mar-2024,22100,PE,388.45,405.45,298,320.45,320.45,22942,257450.15,636950,237950,29-FEB-2024,
OPTIDX,NIFTY,28-Mar-2024,22150,PE,404,424.35,320.45,342.4,342.4,1482,16686.69,45500,-2350,29-FEB-2024,
OPTIDX,NIFTY,28-Mar-2024,22200,PE,438.75,459,343,360.25,360.25,40117,453185.96,1752350,616200,29-FEB-2024,
OPTIDX,NIFTY,28-Mar-2024,22250,PE,457.65,475,367,380.9,380.9,1048,11878.14,50750,8550,29-FEB-2024,
OPTIDX,NIFTY,28-Mar-2024,22300,PE,491.55,515.4,392.1,409.4,409.4,19621,223177.06,743850,166550,29-FEB-2024,
OPTIDX,NIFTY,28-Mar-2024,22350,PE,510,534.75,418.85,454.4,454.4,902,10293.5,25100,200,29-FEB-2024,
OPTIDX,NIFTY,28-Mar-2024,22400,PE,562.7,573,443.15,466.75,466.75,3528,40397.67,218450,2700,29-FEB-2024,
OPTIDX,NIFTY,28-Mar-2024,22450,PE,571.95,600,473.35,509.45,509.45,593,6812.22,13000,-2250,29-FEB-2024,
OPTIDX,NIFTY,28-Mar-2024,22500,PE,614.95,640.25,499.25,525.95,525.95,14880,171608.09,650700,38850,29-FEB-2024,
OPTIDX,NIFTY,28-Mar-2024,22550,PE,631.95,663.2,532,550.65,550.65,320,3703.14,54350,2950,29-FEB-2024,
OPTIDX,NIFTY,28-Mar-2024,22600,PE,696.35,710,563.1,611.5,611.5,1515,17597.18,67050,-2200,29-FEB-2024,
OPTIDX,NIFTY,28-Mar-2024,22650,PE,620,738.35,599.05,639.35,639.35,145,1688.85,77600,850,29-FEB-2024,
OPTIDX,NIFTY,28-Mar-2024,22700,PE,738.65,769.8,629.4,680.55,680.55,448,5242.46,49050,1200,29-FEB-2024,
OPTIDX,NIFTY,28-Mar-2024,22750,PE,727.75,803.6,669.6,669.6,669.6,7,82.22,16350,-50,29-FEB-2024,
OPTIDX,NIFTY,28-Mar-2024,22800,PE,815.05,829.1,702.75,728.3,728.3,287,3381.54,23650,-1200,29-FEB-2024,
OPTIDX,NIFTY,28-Mar-2024,22850,PE,869.75,870.9,761.6,761.6,761.6,13,153.93,12500,0,29-FEB-2024,
OPTIDX,NIFTY,28-Mar-2024,22900,PE,881.65,923,780.25,796.2,796.2,57,677.28,9550,-550,29-FEB-2024,
OPTIDX,NIFTY,28-Mar-2024,22950,PE,972,972,862.75,894.65,894.65,9,107.42,4600,100,29-FEB-2024,
OPTIDX,NIFTY,28-Mar-2024,23000,PE,1010,1024.95,860.05,890.7,890.7,14342,171670.83,1095150,424100,29-FEB-2024,
OPTIDX,NIFTY,28-Mar-2024,23050,PE,1013.6,1013.6,915.45,918.3,918.3,11,132.06,2700,150,29-FEB-2024,
OPTIDX,NIFTY,28-Mar-2024,23100,PE,984.8,1035,950,998.8,998.8,16,192.73,3600,300,29-FEB-2024,
OPTIDX,NIFTY,28-Mar-2024,23150,PE,1055.2,1055.2,1055.2,1055.2,1077.8,1,12.1,1250,0,29-FEB-2024,
OPTIDX,NIFTY,28-Mar-2024,23200,PE,1110,1110,1017.05,1037.95,1037.95,12,145.46,6050,200,29-FEB-2024,
OPTIDX,NIFTY,28-Mar-2024,23250,PE,0,0,0,1160,1169.9,0,0,1250,0,29-FEB-2024,
OPTIDX,NIFTY,28-Mar-2024,23300,PE,0,0,0,1203.8,1216.6,0,0,1700,0,29-FEB-2024,
OPTIDX,NIFTY,28-Mar-2024,23350,PE,0,0,0,1180.6,1263.65,0,0,600,0,29-FEB-2024,
OPTIDX,NIFTY,28-Mar-2024,23400,PE,1275,1275,1275,1275,1311,1,12.33,1000,0,29-FEB-2024,
OPTIDX,NIFTY,28-Mar-2024,23450,PE,0,0,0,1223.65,1358.7,0,0,300,0,29-FEB-2024,
OPTIDX,NIFTY,28-Mar-2024,23500,PE,1453.55,1463,1300.7,1360.6,1360.6,2396,29814.96,197600,61750,29-FEB-2024,
OPTIDX,NIFTY,28-Mar-2024,23550,PE,0,0,0,1455.8,1454.8,0,0,350,0,29-FEB-2024,
OPTIDX,NIFTY,28-Mar-2024,23600,PE,0,0,0,1581.9,1503.15,0,0,0,0,29-FEB-2024,
OPTIDX,NIFTY,28-Mar-2024,23650,PE,0,0,0,1621.9,1551.7,0,0,0,0,29-FEB-2024,
OPTIDX,NIFTY,28-Mar-2024,23700,PE,0,0,0,1662.25,1600.45,0,0,0,0,29-FEB-2024,
OPTIDX,NIFTY,28-Mar-2024,23750,PE,0,0,0,1702.95,1649.3,0,0,0,0,29-FEB-2024,
OPTIDX,NIFTY,28-Mar-2024,23800,PE,1670,1675,1639.65,1665,1698.3,36,458.46,1850,1800,29-FEB-2024,
OPTIDX,NIFTY,28-Mar-2024,23850,PE,0,0,0,1717.1,1747.4,0,0,50,0,29-FEB-2024,
OPTIDX,NIFTY,28-Mar-2024,23900,PE,0,0,0,1720,1796.6,0,0,200,0,29-FEB-2024,
OPTIDX,NIFTY,28-Mar-2024,23950,PE,0,0,0,1811.35,1845.85,0,0,50,0,29-FEB-2024,
OPTIDX,NIFTY,28-Mar-2024,24000,PE,1921.1,1951.85,1784,1823.95,1823.95,3096,40051.27,528850,38400,29-FEB-2024,
OPTIDX,NIFTY,28-Mar-2024,25000,PE,2912.3,2932.05,2767.55,2800.05,2800.05,1007,14009.89,426650,22900,29-FEB-2024,
OPTIDX,NIFTY,28-Mar-2024,26000,PE,3850,3900,3790,3866.1,3866.1,395,5893.37,24600,-16350,29-FEB-2024,
OPTIDX,NIFTY,28-Mar-2024,27000,PE,4801.15,4825.15,4801.15,4825.15,4877.75,2,31.81,13750,50,29-FEB-2024,
OPTIDX,NIFTY,04-Apr-2024,20200,CE,0,0,0,2194.85,1915.35,0,0,0,0,29-FEB-2024,
OPTIDX,NIFTY,04-Apr-2024,20250,CE,0,0,0,2146.35,1866.15,0,0,0,0,29-FEB-2024,
OPTIDX,NIFTY,04-Apr-2024,20300,CE,0,0,0,2098,1817.05,0,0,0,0,29-FEB-2024,
OPTIDX,NIFTY,04-Apr-2024,20350,CE,0,0,0,2049.8,1768.05,0,0,0,0,29-FEB-2024,
OPTIDX,NIFTY,04-Apr-2024,20400,CE,0,0,0,2001.75,1719.15,0,0,0,0,29-FEB-2024,
OPTIDX,NIFTY,04-Apr-2024,20450,CE,0,0,0,1953.85,1670.4,0,0,0,0,29-FEB-2024,
OPTIDX,NIFTY,04-Apr-2024,20500,CE,0,0,0,1906.2,1621.8,0,0,0,0,29-FEB-2024,
OPTIDX,NIFTY,04-Apr-2024,20550,CE,0,0,0,1858.7,1573.4,0,0,0,0,29-FEB-2024,
OPTIDX,NIFTY,04-Apr-2024,20600,CE,0,0,0,1811.45,1525.2,0,0,0,0,29-FEB-2024,
OPTIDX,NIFTY,04-Apr-2024,20650,CE,0,0,0,1764.45,1477.2,0,0,0,0,29-FEB-2024,
OPTIDX,NIFTY,04-Apr-2024,20700,CE,0,0,0,1717.7,1429.45,0,0,0,0,29-FEB-2024,
OPTIDX,NIFTY,04-Apr-2024,20750,CE,0,0,0,1671.25,1382,0,0,0,0,29-FEB-2024,
OPTIDX,NIFTY,04-Apr-2024,20800,CE,0,0,0,1625.15,1334.85,0,0,0,0,29-FEB-2024,
OPTIDX,NIFTY,04-Apr-2024,20850,CE,0,0,0,1579.3,1288.05,0,0,0,0,29-FEB-2024,
OPTIDX,NIFTY,04-Apr-2024,20900,CE,0,0,0,1533.85,1241.65,0,0,0,0,29-FEB-2024,
OPTIDX,NIFTY,04-Apr-2024,20950,CE,0,0,0,1488.75,1195.65,0,0,0,0,29-FEB-2024,
OPTIDX,NIFTY,04-Apr-2024,21000,CE,0,0,0,1444.05,1150.1,0,0,0,0,29-FEB-2024,
OPTIDX,NIFTY,04-Apr-2024,21050,CE,0,0,0,1399.75,1105.05,0,0,0,0,29-FEB-2024,
OPTIDX,NIFTY,04-Apr-2024,21100,CE,0,0,0,1355.95,1060.55,0,0,0,0,29-FEB-2024,
OPTIDX,NIFTY,04-Apr-2024,21150,CE,0,0,0,1312.55,1016.6,0,0,0,0,29-FEB-2024,
OPTIDX,NIFTY,04-Apr-2024,21200,CE,0,0,0,1269.7,973.3,0,0,0,0,29-FEB-2024,
OPTIDX,NIFTY,04-Apr-2024,21250,CE,0,0,0,1227.35,930.65,0,0,0,0,29-FEB-2024,
OPTIDX,NIFTY,04-Apr-2024,21300,CE,0,0,0,1185.55,888.75,0,0,0,0,29-FEB-2024,
OPTIDX,NIFTY,04-Apr-2024,21350,CE,0,0,0,1144.3,847.6,0,0,0,0,29-FEB-2024,
OPTIDX,NIFTY,04-Apr-2024,21400,CE,0,0,0,1103.65,807.2,0,0,0,0,29-FEB-2024,
OPTIDX,NIFTY,04-Apr-2024,21450,CE,0,0,0,1063.6,767.7,0,0,0,0,29-FEB-2024,
OPTIDX,NIFTY,04-Apr-2024,21500,CE,0,0,0,1024.25,729.05,0,0,0,0,29-FEB-2024,
OPTIDX,NIFTY,04-Apr-2024,21550,CE,0,0,0,985.5,691.35,0,0,0,0,29-FEB-2024,
OPTIDX,NIFTY,04-Apr-2024,21600,CE,0,0,0,947.45,654.55,0,0,0,0,29-FEB-2024,
OPTIDX,NIFTY,04-Apr-2024,21650,CE,0,0,0,911,618.8,0,0,0,0,29-FEB-2024,
OPTIDX,NIFTY,04-Apr-2024,21700,CE,0,0,0,874.25,584.1,0,0,0,0,29-FEB-2024,
OPTIDX,NIFTY,04-Apr-2024,21750,CE,0,0,0,837.55,550.45,0,0,0,0,29-FEB-2024,
OPTIDX,NIFTY,04-Apr-2024,21800,CE,0,0,0,802.45,517.85,0,0,0,0,29-FEB-2024,
OPTIDX,NIFTY,04-Apr-2024,21850,CE,580.25,582.85,580.25,582.85,486.4,13,145.79,650,650,29-FEB-2024,
OPTIDX,NIFTY,04-Apr-2024,21900,CE,0,0,0,734.75,456.1,0,0,0,0,29-FEB-2024,
OPTIDX,NIFTY,04-Apr-2024,21950,CE,518.95,518.95,515,515,426.95,14,157.28,700,700,29-FEB-2024,
OPTIDX,NIFTY,04-Apr-2024,22000,CE,483.6,504.95,450.6,463.15,463.15,45,505.87,11200,1400,29-FEB-2024,
OPTIDX,NIFTY,04-Apr-2024,22050,CE,459.25,465.15,426.4,434.15,372.1,24,269.99,600,600,29-FEB-2024,
OPTIDX,NIFTY,04-Apr-2024,22100,CE,432.8,469.9,400,469.9,469.9,58,653.28,3700,2200,29-FEB-2024,
OPTIDX,NIFTY,04-Apr-2024,22150,CE,0,0,0,476.4,321.95,0,0,250,0,29-FEB-2024,
OPTIDX,NIFTY,04-Apr-2024,22200,CE,362.15,382.7,358.8,382.7,298.65,4,45.13,5200,50,29-FEB-2024,
OPTIDX,NIFTY,04-Apr-2024,22250,CE,354.05,356.6,354.05,356.6,276.55,13,146.92,650,650,29-FEB-2024,
OPTIDX,NIFTY,04-Apr-2024,22300,CE,321.8,348.45,317.15,345.6,345.6,11,124.51,111850,-200,29-FEB-2024,
OPTIDX,NIFTY,04-Apr-2024,22350,CE,0,0,0,288.15,235.7,0,0,109950,0,29-FEB-2024,
OPTIDX,NIFTY,04-Apr-2024,22400,CE,0,0,0,318.7,217,0,0,200,0,29-FEB-2024,
OPTIDX,NIFTY,04-Apr-2024,22450,CE,0,0,0,275.55,199.35,0,0,1000,0,29-FEB-2024,
OPTIDX,NIFTY,04-Apr-2024,22500,CE,250,259.4,200.05,200.05,182.8,18,204.58,2450,450,29-FEB-2024,
OPTIDX,NIFTY,04-Apr-2024,22550,CE,0,0,0,240,167.3,0,0,50,0,29-FEB-2024,
OPTIDX,NIFTY,04-Apr-2024,22600,CE,0,0,0,356.3,152.75,0,0,0,0,29-FEB-2024,
OPTIDX,NIFTY,04-Apr-2024,22650,CE,0,0,0,335.85,139.25,0,0,0,0,29-FEB-2024,
OPTIDX,NIFTY,04-Apr-2024,22700,CE,0,0,0,263.1,126.65,0,0,0,0,29-FEB-2024,
OPTIDX,NIFTY,04-Apr-2024,22750,CE,0,0,0,297.4,114.95,0,0,0,0,29-FEB-2024,
OPTIDX,NIFTY,04-Apr-2024,22800,CE,0,0,0,171.9,104.1,0,0,4050,0,29-FEB-2024,
OPTIDX,NIFTY,04-Apr-2024,22850,CE,0,0,0,262.2,94.1,0,0,0,0,29-FEB-2024,
OPTIDX,NIFTY,04-Apr-2024,22900,CE,75.1,75.1,75.1,75.1,84.9,1,11.48,250,0,29-FEB-2024,
OPTIDX,NIFTY,04-Apr-2024,22950,CE,0,0,0,181,76.4,0,0,0,0,29-FEB-2024,
OPTIDX,NIFTY,04-Apr-2024,23000,CE,90,90,90,90,68.6,1,11.54,50,50,29-FEB-2024,
OPTIDX,NIFTY,04-Apr-2024,23050,CE,0,0,0,201.25,61.5,0,0,0,0,29-FEB-2024,
OPTIDX,NIFTY,04-Apr-2024,23100,CE,0,0,0,102.6,55,0,0,600,0,29-FEB-2024,
OPTIDX,NIFTY,04-Apr-2024,23150,CE,0,0,0,176.15,49.1,0,0,0,0,29-FEB-2024,
OPTIDX,NIFTY,04-Apr-2024,23200,CE,0,0,0,112.8,43.7,0,0,1350,0,29-FEB-2024,
OPTIDX,NIFTY,04-Apr-2024,23250,CE,0,0,0,152,38.85,0,0,0,0,29-FEB-2024,
OPTIDX,NIFTY,04-Apr-2024,23300,CE,0,0,0,65.4,34.45,0,0,400,0,29-FEB-2024,
OPTIDX,NIFTY,04-Apr-2024,23350,CE,0,0,0,131.2,30.5,0,0,0,0,29-FEB-2024,
OPTIDX,NIFTY,04-Apr-2024,23400,CE,0,0,0,63.85,26.9,0,0,600,0,29-FEB-2024,
OPTIDX,NIFTY,04-Apr-2024,23450,CE,0,0,0,74.55,23.7,0,0,450,0,29-FEB-2024,
OPTIDX,NIFTY,04-Apr-2024,23500,CE,39.7,48,35,36,36,53,623.77,2250,1350,29-FEB-2024,
OPTIDX,NIFTY,04-Apr-2024,23550,CE,0,0,0,96.4,18.3,0,0,0,0,29-FEB-2024,
OPTIDX,NIFTY,04-Apr-2024,23600,CE,28,28,28,28,16,1,11.81,100,50,29-FEB-2024,
OPTIDX,NIFTY,04-Apr-2024,23650,CE,0,0,0,35,13.95,0,0,200,0,29-FEB-2024,
OPTIDX,NIFTY,04-Apr-2024,23700,CE,27.05,27.05,20,24.9,24.9,40,474.51,2950,150,29-FEB-2024,
OPTIDX,NIFTY,04-Apr-2024,23750,CE,24.25,32,21.6,21.6,21.6,38,451.72,2700,1600,29-FEB-2024,
OPTIDX,NIFTY,04-Apr-2024,23800,CE,0,0,0,63.95,9.2,0,0,50,0,29-FEB-2024,
OPTIDX,NIFTY,04-Apr-2024,23850,CE,0,0,0,58.7,7.95,0,0,0,0,29-FEB-2024,
OPTIDX,NIFTY,04-Apr-2024,23900,CE,0,0,0,53.85,6.85,0,0,0,0,29-FEB-2024,
OPTIDX,NIFTY,04-Apr-2024,23950,CE,19,21.55,15.6,18.1,18.1,76,910.79,5450,1550,29-FEB-2024,
OPTIDX,NIFTY,04-Apr-2024,20200,PE,0,0,0,7.5,2.25,0,0,0,0,29-FEB-2024,
OPTIDX,NIFTY,04-Apr-2024,20250,PE,0,0,0,8.6,2.7,0,0,0,0,29-FEB-2024,
OPTIDX,NIFTY,04-Apr-2024,20300,PE,0,0,0,9.8,3.25,0,0,0,0,29-FEB-2024,
OPTIDX,NIFTY,04-Apr-2024,20350,PE,0,0,0,11.2,3.95,0,0,0,0,29-FEB-2024,
OPTIDX,NIFTY,04-Apr-2024,20400,PE,0,0,0,12.7,4.75,0,0,0,0,29-FEB-2024,
OPTIDX,NIFTY,04-Apr-2024,20450,PE,0,0,0,14.4,5.65,0,0,0,0,29-FEB-2024,
OPTIDX,NIFTY,04-Apr-2024,20500,PE,0,0,0,16.3,6.75,0,0,0,0,29-FEB-2024,
OPTIDX,NIFTY,04-Apr-2024,20550,PE,0,0,0,18.4,8,0,0,0,0,29-FEB-2024,
OPTIDX,NIFTY,04-Apr-2024,20600,PE,0,0,0,20.75,9.45,0,0,0,0,29-FEB-2024,
OPTIDX,NIFTY,04-Apr-2024,20650,PE,0,0,0,23.35,11.15,0,0,0,0,29-FEB-2024,
OPTIDX,NIFTY,04-Apr-2024,20700,PE,0,0,0,26.2,13.1,0,0,0,0,29-FEB-2024,
OPTIDX,NIFTY,04-Apr-2024,20750,PE,0,0,0,29.3,15.3,0,0,0,0,29-FEB-2024,
OPTIDX,NIFTY,04-Apr-2024,20800,PE,20.85,20.85,20.85,20.85,20.85,1,10.41,50,50,29-FEB-2024,
OPTIDX,NIFTY,04-Apr-2024,20850,PE,0,0,0,36.5,20.75,0,0,0,0,29-FEB-2024,
OPTIDX,NIFTY,04-Apr-2024,20900,PE,0,0,0,40.6,24,0,0,0,0,29-FEB-2024,
OPTIDX,NIFTY,04-Apr-2024,20950,PE,0,0,0,45.1,27.65,0,0,0,0,29-FEB-2024,
OPTIDX,NIFTY,04-Apr-2024,21000,PE,0,0,0,50,31.8,0,0,0,0,29-FEB-2024,
OPTIDX,NIFTY,04-Apr-2024,21050,PE,0,0,0,55.3,36.45,0,0,0,0,29-FEB-2024,
OPTIDX,NIFTY,04-Apr-2024,21100,PE,0,0,0,61,41.6,0,0,0,0,29-FEB-2024,
OPTIDX,NIFTY,04-Apr-2024,21150,PE,0,0,0,67.25,47.35,0,0,0,0,29-FEB-2024,
OPTIDX,NIFTY,04-Apr-2024,21200,PE,0,0,0,73.95,53.75,0,0,0,0,29-FEB-2024,
OPTIDX,NIFTY,04-Apr-2024,21250,PE,0,0,0,81.15,60.75,0,0,0,0,29-FEB-2024,
OPTIDX,NIFTY,04-Apr-2024,21300,PE,0,0,0,88.95,68.5,0,0,0,0,29-FEB-2024,
OPTIDX,NIFTY,04-Apr-2024,21350,PE,0,0,0,97.3,77.05,0,0,0,0,29-FEB-2024,
OPTIDX,NIFTY,04-Apr-2024,21400,PE,0,0,0,106.2,86.35,0,0,0,0,29-FEB-2024,
OPTIDX,NIFTY,04-Apr-2024,21450,PE,0,0,0,115.75,96.5,0,0,0,0,29-FEB-2024,
OPTIDX,NIFTY,04-Apr-2024,21500,PE,142.55,144.7,142.55,143.35,143.35,15,162.32,750,750,29-FEB-2024,
OPTIDX,NIFTY,04-Apr-2024,21550,PE,0,0,0,136.8,119.5,0,0,0,0,29-FEB-2024,
OPTIDX,NIFTY,04-Apr-2024,21600,PE,0,0,0,148.35,132.4,0,0,0,0,29-FEB-2024,
OPTIDX,NIFTY,04-Apr-2024,21650,PE,0,0,0,161.45,146.35,0,0,0,0,29-FEB-2024,
OPTIDX,NIFTY,04-Apr-2024,21700,PE,222.55,222.55,192,193.5,193.5,97,1062.72,4200,4200,29-FEB-2024,
OPTIDX,NIFTY,04-Apr-2024,21750,PE,0,0,0,187.15,177.3,0,0,0,0,29-FEB-2024,
OPTIDX,NIFTY,04-Apr-2024,21800,PE,279.8,298.55,219.15,228.95,228.95,62,684.21,6750,700,29-FEB-2024,
OPTIDX,NIFTY,04-Apr-2024,21850,PE,0,0,0,217,212.65,0,0,0,0,29-FEB-2024,
OPTIDX,NIFTY,04-Apr-2024,21900,PE,291.5,302,250,273.55,273.55,45,499.12,1800,-900,29-FEB-2024,
OPTIDX,NIFTY,04-Apr-2024,21950,PE,314.65,330.4,270.6,284.15,284.15,10,111.26,550,300,29-FEB-2024,
OPTIDX,NIFTY,04-Apr-2024,22000,PE,358.95,358.95,275.6,283.25,283.25,77,859.18,11200,1700,29-FEB-2024,
OPTIDX,NIFTY,04-Apr-2024,22050,PE,0,0,0,286.45,297.05,0,0,0,0,29-FEB-2024,
OPTIDX,NIFTY,04-Apr-2024,22100,PE,391.7,391.7,347.5,347.5,321.05,18,202.08,400,-800,29-FEB-2024,
OPTIDX,NIFTY,04-Apr-2024,22150,PE,0,0,0,326.25,346.25,0,0,0,0,29-FEB-2024,
OPTIDX,NIFTY,04-Apr-2024,22200,PE,392.95,420.5,390.95,400.85,372.65,11,124.32,3250,0,29-FEB-2024,
OPTIDX,NIFTY,04-Apr-2024,22250,PE,423.45,423.45,423.45,423.45,400.2,1,11.33,150,50,29-FEB-2024,
OPTIDX,NIFTY,04-Apr-2024,22300,PE,0,0,0,503.65,428.9,0,0,112600,0,29-FEB-2024,
OPTIDX,NIFTY,04-Apr-2024,22350,PE,0,0,0,470,458.7,0,0,108600,0,29-FEB-2024,
OPTIDX,NIFTY,04-Apr-2024,22400,PE,0,0,0,388.75,489.65,0,0,150,0,29-FEB-2024,
OPTIDX,NIFTY,04-Apr-2024,22450,PE,0,0,0,525.15,521.7,0,0,50,0,29-FEB-2024,
OPTIDX,NIFTY,04-Apr-2024,22500,PE,0,0,0,575,554.85,0,0,450,0,29-FEB-2024,
OPTIDX,NIFTY,04-Apr-2024,22550,PE,0,0,0,520.55,589,0,0,0,0,29-FEB-2024,
OPTIDX,NIFTY,04-Apr-2024,22600,PE,0,0,0,535.75,624.15,0,0,50,0,29-FEB-2024,
OPTIDX,NIFTY,04-Apr-2024,22650,PE,0,0,0,577.9,660.3,0,0,0,0,29-FEB-2024,
OPTIDX,NIFTY,04-Apr-2024,22700,PE,0,0,0,607.8,697.4,0,0,0,0,29-FEB-2024,
OPTIDX,NIFTY,04-Apr-2024,22750,PE,0,0,0,638.6,735.35,0,0,0,0,29-FEB-2024,
OPTIDX,NIFTY,04-Apr-2024,22800,PE,0,0,0,670.2,774.2,0,0,0,0,29-FEB-2024,
OPTIDX,NIFTY,04-Apr-2024,22850,PE,0,0,0,702.6,813.9,0,0,0,0,29-FEB-2024,
OPTIDX,NIFTY,04-Apr-2024,22900,PE,0,0,0,735.8,854.35,0,0,0,0,29-FEB-2024,
OPTIDX,NIFTY,04-Apr-2024,22950,PE,0,0,0,769.75,895.55,0,0,0,0,29-FEB-2024,
OPTIDX,NIFTY,04-Apr-2024,23000,PE,0,0,0,804.5,937.45,0,0,0,0,29-FEB-2024,
OPTIDX,NIFTY,04-Apr-2024,23050,PE,0,0,0,839.95,980,0,0,0,0,29-FEB-2024,
OPTIDX,NIFTY,04-Apr-2024,23100,PE,0,0,0,876.15,1023.2,0,0,0,0,29-FEB-2024,
OPTIDX,NIFTY,04-Apr-2024,23150,PE,0,0,0,914,1066.95,0,0,0,0,29-FEB-2024,
OPTIDX,NIFTY,04-Apr-2024,23200,PE,0,0,0,950.8,1111.25,0,0,0,0,29-FEB-2024,
OPTIDX,NIFTY,04-Apr-2024,23250,PE,0,0,0,989,1156.05,0,0,0,0,29-FEB-2024,
OPTIDX,NIFTY,04-Apr-2024,23300,PE,0,0,0,1027.9,1201.35,0,0,0,0,29-FEB-2024,
OPTIDX,NIFTY,04-Apr-2024,23350,PE,0,0,0,1067.35,1247.05,0,0,0,0,29-FEB-2024,
OPTIDX,NIFTY,04-Apr-2024,23400,PE,0,0,0,1107.4,1293.15,0,0,0,0,29-FEB-2024,
OPTIDX,NIFTY,04-Apr-2024,23450,PE,0,0,0,1148.05,1339.6,0,0,0,0,29-FEB-2024,
OPTIDX,NIFTY,04-Apr-2024,23500,PE,0,0,0,1189.2,1386.45,0,0,0,0,29-FEB-2024,
OPTIDX,NIFTY,04-Apr-2024,23550,PE,0,0,0,1230.9,1433.55,0,0,0,0,29-FEB-2024,
OPTIDX,NIFTY,04-Apr-2024,23600,PE,0,0,0,1273.05,1480.95,0,0,0,0,29-FEB-2024,
OPTIDX,NIFTY,04-Apr-2024,23650,PE,0,0,0,1315.75,1528.6,0,0,0,0,29-FEB-2024,
OPTIDX,NIFTY,04-Apr-2024,23700,PE,0,0,0,1358.85,1576.45,0,0,0,0,29-FEB-2024,
OPTIDX,NIFTY,04-Apr-2024,23750,PE,0,0,0,1402.4,1624.55,0,0,0,0,29-FEB-2024,
OPTIDX,NIFTY,04-Apr-2024,23800,PE,0,0,0,1446.35,1672.85,0,0,0,0,29-FEB-2024,
OPTIDX,NIFTY,04-Apr-2024,23850,PE,0,0,0,1490.65,1721.3,0,0,0,0,29-FEB-2024,
OPTIDX,NIFTY,04-Apr-2024,23900,PE,0,0,0,1535.4,1769.9,0,0,0,0,29-FEB-2024,
OPTIDX,NIFTY,04-Apr-2024,23950,PE,0,0,0,1580.45,1818.6,0,0,0,0,29-FEB-2024,
OPTIDX,NIFTY,25-Apr-2024,19600,CE,2548.05,2746.5,2548,2744,2586.2,8,88.98,50,0,29-FEB-2024,
OPTIDX,NIFTY,25-Apr-2024,19650,CE,0,0,0,2104.85,2537,0,0,0,0,29-FEB-2024,
OPTIDX,NIFTY,25-Apr-2024,19700,CE,0,0,0,2060.25,2487.8,0,0,0,0,29-FEB-2024,
OPTIDX,NIFTY,25-Apr-2024,19750,CE,0,0,0,2016,2438.7,0,0,0,0,29-FEB-2024,
OPTIDX,NIFTY,25-Apr-2024,19800,CE,0,0,0,1972,2389.6,0,0,0,0,29-FEB-2024,
OPTIDX,NIFTY,25-Apr-2024,19850,CE,0,0,0,1928.35,2340.6,0,0,0,0,29-FEB-2024,
OPTIDX,NIFTY,25-Apr-2024,19900,CE,0,0,0,1885,2291.7,0,0,0,0,29-FEB-2024,
OPTIDX,NIFTY,25-Apr-2024,19950,CE,0,0,0,1842,2242.85,0,0,0,0,29-FEB-2024,
OPTIDX,NIFTY,25-Apr-2024,20000,CE,2199.95,2329.75,2186.35,2296,2296,165,1836.22,20300,1350,29-FEB-2024,
OPTIDX,NIFTY,25-Apr-2024,20050,CE,0,0,0,1757.1,2145.4,0,0,0,0,29-FEB-2024,
OPTIDX,NIFTY,25-Apr-2024,20100,CE,0,0,0,1715.15,2096.85,0,0,0,0,29-FEB-2024,
OPTIDX,NIFTY,25-Apr-2024,20150,CE,0,0,0,1673.65,2048.45,0,0,0,0,29-FEB-2024,
OPTIDX,NIFTY,25-Apr-2024,20200,CE,0,0,0,1632.55,2000.15,0,0,0,0,29-FEB-2024,
OPTIDX,NIFTY,25-Apr-2024,20250,CE,0,0,0,1591.85,1952,0,0,0,0,29-FEB-2024,
OPTIDX,NIFTY,25-Apr-2024,20300,CE,0,0,0,1551.6,1904.05,0,0,0,0,29-FEB-2024,
OPTIDX,NIFTY,25-Apr-2024,20350,CE,0,0,0,1511.75,1856.25,0,0,0,0,29-FEB-2024,
OPTIDX,NIFTY,25-Apr-2024,20400,CE,1905.2,1905.2,1905.2,1905.2,1808.7,1,11.15,650,50,29-FEB-2024,
OPTIDX,NIFTY,25-Apr-2024,20450,CE,0,0,0,1433.45,1761.35,0,0,0,0,29-FEB-2024,
OPTIDX,NIFTY,25-Apr-2024,20500,CE,1740,1849.25,1711.45,1849.25,1849.25,70,779.47,11900,2950,29-FEB-2024,
OPTIDX,NIFTY,25-Apr-2024,20550,CE,0,0,0,1357.05,1667.35,0,0,0,0,29-FEB-2024,
OPTIDX,NIFTY,25-Apr-2024,20600,CE,0,0,0,1868.7,1620.8,0,0,600,0,29-FEB-2024,
OPTIDX,NIFTY,25-Apr-2024,20650,CE,0,0,0,1282.65,1574.5,0,0,0,0,29-FEB-2024,
OPTIDX,NIFTY,25-Apr-2024,20700,CE,0,0,0,1247,1528.55,0,0,0,0,29-FEB-2024,
OPTIDX,NIFTY,25-Apr-2024,20750,CE,0,0,0,1211,1482.95,0,0,0,0,29-FEB-2024,
OPTIDX,NIFTY,25-Apr-2024,20800,CE,0,0,0,1174.75,1437.75,0,0,0,0,29-FEB-2024,
OPTIDX,NIFTY,25-Apr-2024,20850,CE,0,0,0,1139.95,1392.9,0,0,0,0,29-FEB-2024,
OPTIDX,NIFTY,25-Apr-2024,20900,CE,0,0,0,1105.75,1348.55,0,0,0,0,29-FEB-2024,
OPTIDX,NIFTY,25-Apr-2024,20950,CE,0,0,0,1072.05,1304.6,0,0,0,0,29-FEB-2024,
OPTIDX,NIFTY,25-Apr-2024,21000,CE,1340,1420,1300,1360.75,1360.75,725,8105.8,47700,5100,29-FEB-2024,
OPTIDX,NIFTY,25-Apr-2024,21050,CE,0,0,0,1006.45,1218.2,0,0,0,0,29-FEB-2024,
OPTIDX,NIFTY,25-Apr-2024,21100,CE,1300,1300,1300,1300,1300,1,11.2,50,50,29-FEB-2024,
OPTIDX,NIFTY,25-Apr-2024,21150,CE,0,0,0,1316.4,1133.95,0,0,50,0,29-FEB-2024,
OPTIDX,NIFTY,25-Apr-2024,21200,CE,0,0,0,912.45,1092.7,0,0,0,0,29-FEB-2024,
OPTIDX,NIFTY,25-Apr-2024,21250,CE,0,0,0,1178.05,1052.05,0,0,200,0,29-FEB-2024,
OPTIDX,NIFTY,25-Apr-2024,21300,CE,0,0,0,852.8,1012.1,0,0,0,0,29-FEB-2024,
OPTIDX,NIFTY,25-Apr-2024,21350,CE,0,0,0,823.9,972.75,0,0,0,0,29-FEB-2024,
OPTIDX,NIFTY,25-Apr-2024,21400,CE,0,0,0,1206.7,934.15,0,0,150,0,29-FEB-2024,
OPTIDX,NIFTY,25-Apr-2024,21450,CE,0,0,0,767.95,896.25,0,0,0,0,29-FEB-2024,
OPTIDX,NIFTY,25-Apr-2024,21500,CE,968,1020,911,982.25,982.25,604,6784.79,49700,5600,29-FEB-2024,
OPTIDX,NIFTY,25-Apr-2024,21550,CE,0,0,0,714.45,822.75,0,0,0,0,29-FEB-2024,
OPTIDX,NIFTY,25-Apr-2024,21600,CE,889,952,866,952,952,15,168.91,3950,550,29-FEB-2024,
OPTIDX,NIFTY,25-Apr-2024,21650,CE,0,0,0,1005.95,752.4,0,0,50,0,29-FEB-2024,
OPTIDX,NIFTY,25-Apr-2024,21700,CE,805.35,876,780,867.3,867.3,63,709.43,7750,950,29-FEB-2024,
OPTIDX,NIFTY,25-Apr-2024,21750,CE,0,0,0,840.3,685.4,0,0,600,0,29-FEB-2024,
OPTIDX,NIFTY,25-Apr-2024,21800,CE,758.1,815,720,775.3,775.3,246,2775.21,12550,3750,29-FEB-2024,
OPTIDX,NIFTY,25-Apr-2024,21850,CE,0,0,0,725,621.85,0,0,200,0,29-FEB-2024,
OPTIDX,NIFTY,25-Apr-2024,21900,CE,695,748.5,660.55,719.75,719.75,434,4902.92,15000,9300,29-FEB-2024,
OPTIDX,NIFTY,25-Apr-2024,21950,CE,665.45,699.55,646.5,685.65,685.65,20,226.22,600,300,29-FEB-2024,
OPTIDX,NIFTY,25-Apr-2024,22000,CE,631,685,601.05,649.9,649.9,5504,62316.01,292650,114700,29-FEB-2024,
OPTIDX,NIFTY,25-Apr-2024,22050,CE,619,650,589.05,603.4,505.5,10,113.32,1600,200,29-FEB-2024,
OPTIDX,NIFTY,25-Apr-2024,22100,CE,582.65,625.9,550,611.5,611.5,219,2484.08,27750,700,29-FEB-2024,
OPTIDX,NIFTY,25-Apr-2024,22150,CE,547.55,590,547.55,567.45,567.45,6,68.14,950,100,29-FEB-2024,
OPTIDX,NIFTY,25-Apr-2024,22200,CE,521,569.6,500,550.8,550.8,487,5535.92,47400,7000,29-FEB-2024,
OPTIDX,NIFTY,25-Apr-2024,22250,CE,497,525,490.85,512.5,512.5,6,68.26,1300,50,29-FEB-2024,
OPTIDX,NIFTY,25-Apr-2024,22300,CE,468.3,513.5,444.05,504.7,504.7,258,2939.07,16650,3300,29-FEB-2024,
OPTIDX,NIFTY,25-Apr-2024,22350,CE,440,481.55,440,475.05,475.05,3,34.22,500,0,29-FEB-2024,
OPTIDX,NIFTY,25-Apr-2024,22400,CE,421.15,459.05,402.6,443.6,443.6,86,981.5,6900,650,29-FEB-2024,
OPTIDX,NIFTY,25-Apr-2024,22450,CE,410.8,426.3,410.8,426.3,426.3,2,22.86,650,0,29-FEB-2024,
OPTIDX,NIFTY,25-Apr-2024,22500,CE,372,414,358.35,399.3,399.3,2933,33561.87,240400,-7400,29-FEB-2024,
OPTIDX,NIFTY,25-Apr-2024,22550,CE,360,389,350,389,389,21,240.62,300,150,29-FEB-2024,
OPTIDX,NIFTY,25-Apr-2024,22600,CE,350.6,364.95,319.95,341.85,341.85,229,2626.06,12600,8450,29-FEB-2024,
OPTIDX,NIFTY,25-Apr-2024,22650,CE,326.35,326.35,324.1,324.1,244.1,5,57.43,700,250,29-FEB-2024,
OPTIDX,NIFTY,25-Apr-2024,22700,CE,295,326.75,281,323.25,323.25,279,3208.96,12100,1900,29-FEB-2024,
OPTIDX,NIFTY,25-Apr-2024,22750,CE,284.5,290,282.8,290,290,11,126.69,200,-300,29-FEB-2024,
OPTIDX,NIFTY,25-Apr-2024,22800,CE,256.95,287.4,247.35,278.4,278.4,734,8466.14,22250,1100,29-FEB-2024,
OPTIDX,NIFTY,25-Apr-2024,22850,CE,246.6,253.2,246.6,252.9,184.45,5,57.75,300,100,29-FEB-2024,
OPTIDX,NIFTY,25-Apr-2024,22900,CE,226,253.75,211.05,236.45,236.45,342,3955.45,4200,1350,29-FEB-2024,
OPTIDX,NIFTY,25-Apr-2024,22950,CE,220.25,221.4,220.1,221.1,159.2,5,57.92,250,250,29-FEB-2024,
OPTIDX,NIFTY,25-Apr-2024,23000,CE,207.15,223,186.7,215.55,215.55,8425,97747.23,478750,123050,29-FEB-2024,
OPTIDX,NIFTY,25-Apr-2024,23050,CE,0,0,0,191.9,136.7,0,0,0,0,29-FEB-2024,
OPTIDX,NIFTY,25-Apr-2024,23100,CE,173,191.2,163,188.3,188.3,398,4632.51,10650,2450,29-FEB-2024,
OPTIDX,NIFTY,25-Apr-2024,23150,CE,0,0,0,183.8,116.8,0,0,50,0,29-FEB-2024,
OPTIDX,NIFTY,25-Apr-2024,23200,CE,110,172.55,110,167,167,26,303.65,750,750,29-FEB-2024,
OPTIDX,NIFTY,25-Apr-2024,23250,CE,151,151,151,151,99.3,10,117,1500,500,29-FEB-2024,
OPTIDX,NIFTY,25-Apr-2024,23300,CE,132,142.5,115.05,136.75,136.75,223,2612.53,9600,5500,29-FEB-2024,
OPTIDX,NIFTY,25-Apr-2024,23350,CE,82.6,82.6,77,77,77,5,58.57,250,100,29-FEB-2024,
OPTIDX,NIFTY,25-Apr-2024,23400,CE,117.1,123.65,106.3,117.4,117.4,192,2257.39,9050,2300,29-FEB-2024,
OPTIDX,NIFTY,25-Apr-2024,23450,CE,0,0,0,159.95,70.75,0,0,200,0,29-FEB-2024,
OPTIDX,NIFTY,25-Apr-2024,23500,CE,101.45,107.3,89.3,100.55,100.55,3337,39371.73,164850,-8050,29-FEB-2024,
OPTIDX,NIFTY,25-Apr-2024,23550,CE,0,0,0,182.75,59.25,0,0,750,0,29-FEB-2024,
OPTIDX,NIFTY,25-Apr-2024,23600,CE,75,88.85,71.45,85.05,85.05,62,734.16,5850,0,29-FEB-2024,
OPTIDX,NIFTY,25-Apr-2024,23650,CE,0,0,0,112.95,49.35,0,0,950,0,29-FEB-2024,
OPTIDX,NIFTY,25-Apr-2024,23700,CE,90,90,62.7,70.65,70.65,455,5407.44,33150,4700,29-FEB-2024,
OPTIDX,NIFTY,25-Apr-2024,23750,CE,40.45,70.85,40.45,69.15,69.15,19,226.24,950,150,29-FEB-2024,
OPTIDX,NIFTY,25-Apr-2024,23800,CE,66.7,67.1,53,60.45,60.45,250,2982.28,26050,750,29-FEB-2024,
OPTIDX,NIFTY,25-Apr-2024,23850,CE,49.15,49.15,49.1,49.1,33.75,41,489.93,2200,2050,29-FEB-2024,
OPTIDX,NIFTY,25-Apr-2024,23900,CE,55.2,56.35,44,51.15,51.15,3722,44564.84,157550,100050,29-FEB-2024,
OPTIDX,NIFTY,25-Apr-2024,23950,CE,54.05,59,41.55,44.4,44.4,61,731.94,3500,1650,29-FEB-2024,
OPTIDX,NIFTY,25-Apr-2024,19600,PE,25.85,30,17.8,18.65,18.65,1447,14196.28,62250,50100,29-FEB-2024,
OPTIDX,NIFTY,25-Apr-2024,19650,PE,0,0,0,57.1,1.75,0,0,0,0,29-FEB-2024,
OPTIDX,NIFTY,25-Apr-2024,19700,PE,0,0,0,52.2,2.05,0,0,450,0,29-FEB-2024,
OPTIDX,NIFTY,25-Apr-2024,19750,PE,0,0,0,74,2.4,0,0,350,0,29-FEB-2024,
OPTIDX,NIFTY,25-Apr-2024,19800,PE,0,0,0,71.65,2.8,0,0,0,0,29-FEB-2024,
OPTIDX,NIFTY,25-Apr-2024,19850,PE,0,0,0,46,3.3,0,0,50,0,29-FEB-2024,
OPTIDX,NIFTY,25-Apr-2024,19900,PE,0,0,0,82.85,3.85,0,0,0,0,29-FEB-2024,
OPTIDX,NIFTY,25-Apr-2024,19950,PE,0,0,0,89,4.5,0,0,0,0,29-FEB-2024,
OPTIDX,NIFTY,25-Apr-2024,20000,PE,42.95,44.25,32,34.15,34.15,2565,25697.89,433400,18700,29-FEB-2024,
OPTIDX,NIFTY,25-Apr-2024,20050,PE,0,0,0,102.3,6.05,0,0,0,0,29-FEB-2024,
OPTIDX,NIFTY,25-Apr-2024,20100,PE,0,0,0,45.1,7,0,0,50,0,29-FEB-2024,
OPTIDX,NIFTY,25-Apr-2024,20150,PE,0,0,0,33,8.05,0,0,50,0,29-FEB-2024,
OPTIDX,NIFTY,25-Apr-2024,20200,PE,32.35,50,32.35,43.6,43.6,56,566.84,8100,1400,29-FEB-2024,
OPTIDX,NIFTY,25-Apr-2024,20250,PE,0,0,0,133.55,10.6,0,0,0,0,29-FEB-2024,
OPTIDX,NIFTY,25-Apr-2024,20300,PE,0,0,0,142.4,12.1,0,0,0,0,29-FEB-2024,
OPTIDX,NIFTY,25-Apr-2024,20350,PE,0,0,0,151.7,13.8,0,0,0,0,29-FEB-2024,
OPTIDX,NIFTY,25-Apr-2024,20400,PE,0,0,0,161.45,15.7,0,0,0,0,29-FEB-2024,
OPTIDX,NIFTY,25-Apr-2024,20450,PE,0,0,0,171.65,17.85,0,0,0,0,29-FEB-2024,
OPTIDX,NIFTY,25-Apr-2024,20500,PE,79,79,58.75,62.05,62.05,3325,34193.98,511450,48750,29-FEB-2024,
OPTIDX,NIFTY,25-Apr-2024,20550,PE,0,0,0,70.85,22.85,0,0,400,0,29-FEB-2024,
OPTIDX,NIFTY,25-Apr-2024,20600,PE,76.1,82,61,63.65,63.65,859,8878.67,86300,14450,29-FEB-2024,
OPTIDX,NIFTY,25-Apr-2024,20650,PE,0,0,0,217.35,28.95,0,0,0,0,29-FEB-2024,
OPTIDX,NIFTY,25-Apr-2024,20700,PE,89.95,93.55,68.2,70.7,70.7,802,8334.03,190700,15900,29-FEB-2024,
OPTIDX,NIFTY,25-Apr-2024,20750,PE,0,0,0,243.95,36.4,0,0,0,0,29-FEB-2024,
OPTIDX,NIFTY,25-Apr-2024,20800,PE,103.5,106,78.2,83.1,83.1,1404,14666.99,172600,17150,29-FEB-2024,
OPTIDX,NIFTY,25-Apr-2024,20850,PE,0,0,0,271.15,45.3,0,0,0,0,29-FEB-2024,
OPTIDX,NIFTY,25-Apr-2024,20900,PE,130,130,90.3,94.75,94.75,861,9044.23,133800,9700,29-FEB-2024,
OPTIDX,NIFTY,25-Apr-2024,20950,PE,0,0,0,91.4,55.95,0,0,100,0,29-FEB-2024,
OPTIDX,NIFTY,25-Apr-2024,21000,PE,142.95,145.95,107.85,115.6,115.6,9265,97867.77,717950,97050,29-FEB-2024,
OPTIDX,NIFTY,25-Apr-2024,21050,PE,0,0,0,334.1,68.55,0,0,0,0,29-FEB-2024,
OPTIDX,NIFTY,25-Apr-2024,21100,PE,135,157.05,120.2,123.05,123.05,294,3122.39,56700,6750,29-FEB-2024,
OPTIDX,NIFTY,25-Apr-2024,21150,PE,140.45,141.95,135.05,138.55,138.55,75,798.41,1700,1450,29-FEB-2024,
OPTIDX,NIFTY,25-Apr-2024,21200,PE,172.5,177.45,135,141.1,141.1,459,4901.31,68500,5000,29-FEB-2024,
OPTIDX,NIFTY,25-Apr-2024,21250,PE,0,0,0,220.1,100.35,0,0,100,0,29-FEB-2024,
OPTIDX,NIFTY,25-Apr-2024,21300,PE,175,202.6,154,158.9,158.9,187,2008.06,49250,2650,29-FEB-2024,
OPTIDX,NIFTY,25-Apr-2024,21350,PE,0,0,0,207.8,120,0,0,650,0,29-FEB-2024,
OPTIDX,NIFTY,25-Apr-2024,21400,PE,240,240,175.5,180.5,180.5,331,3574.92,44700,8150,29-FEB-2024,
OPTIDX,NIFTY,25-Apr-2024,21450,PE,199.3,201.05,199.3,201.05,142.45,5,54.12,500,250,29-FEB-2024,
OPTIDX,NIFTY,25-Apr-2024,21500,PE,260,260,200.85,213.15,213.15,4844,52626.87,331600,45150,29-FEB-2024,
OPTIDX,NIFTY,25-Apr-2024,21550,PE,0,0,0,196.2,167.95,0,0,1600,0,29-FEB-2024,
OPTIDX,NIFTY,25-Apr-2024,21600,PE,258.75,275.75,224.4,233.95,233.95,465,5081.27,35200,7850,29-FEB-2024,
OPTIDX,NIFTY,25-Apr-2024,21650,PE,288.05,296.95,263.65,265,196.55,11,120.59,750,-50,29-FEB-2024,
OPTIDX,NIFTY,25-Apr-2024,21700,PE,315.1,317.9,251.35,259.95,259.95,584,6419.46,45050,4400,29-FEB-2024,
OPTIDX,NIFTY,25-Apr-2024,21750,PE,296.15,296.15,276.1,286.15,286.15,4,44.07,750,100,29-FEB-2024,
OPTIDX,NIFTY,25-Apr-2024,21800,PE,332,355.35,282.4,298.4,298.4,795,8791.73,34350,-1650,29-FEB-2024,
OPTIDX,NIFTY,25-Apr-2024,21850,PE,0,0,0,330.5,263.9,0,0,250,0,29-FEB-2024,
OPTIDX,NIFTY,25-Apr-2024,21900,PE,380.55,393,316.95,334.5,334.5,520,5787.68,21650,7450,29-FEB-2024,
OPTIDX,NIFTY,25-Apr-2024,21950,PE,390.45,416.45,336,336.2,336.2,24,267.95,1950,400,29-FEB-2024,
OPTIDX,NIFTY,25-Apr-2024,22000,PE,424.95,434.35,351,375.05,375.05,9642,107938.19,521800,125050,29-FEB-2024,
OPTIDX,NIFTY,25-Apr-2024,22050,PE,0,0,0,421.6,345.5,0,0,1150,0,29-FEB-2024,
OPTIDX,NIFTY,25-Apr-2024,22100,PE,463.45,463.45,392.05,399.2,399.2,243,2736.58,24900,1500,29-FEB-2024,
OPTIDX,NIFTY,25-Apr-2024,22150,PE,460,460,455.6,455.6,391.8,21,237.4,3400,850,29-FEB-2024,
OPTIDX,NIFTY,25-Apr-2024,22200,PE,525,525,433.45,449.95,449.95,650,7370.4,58000,2800,29-FEB-2024,
OPTIDX,NIFTY,25-Apr-2024,22250,PE,480,480,480,480,441.85,1,11.36,3400,0,29-FEB-2024,
OPTIDX,NIFTY,25-Apr-2024,22300,PE,529,576.7,478,495,495,206,2350.16,17350,2050,29-FEB-2024,
OPTIDX,NIFTY,25-Apr-2024,22350,PE,0,0,0,979,495.5,0,0,0,0,29-FEB-2024,
OPTIDX,NIFTY,25-Apr-2024,22400,PE,600,625,523.6,540.45,540.45,225,2586.51,11500,-2150,29-FEB-2024,
OPTIDX,NIFTY,25-Apr-2024,22450,PE,590,598,590,597.85,552.8,5,57.61,100,0,29-FEB-2024,
OPTIDX,NIFTY,25-Apr-2024,22500,PE,664.7,681.95,573.95,597.1,597.1,2897,33504.51,218000,45600,29-FEB-2024,
OPTIDX,NIFTY,25-Apr-2024,22550,PE,0,0,0,1113.45,613.65,0,0,0,0,29-FEB-2024,
OPTIDX,NIFTY,25-Apr-2024,22600,PE,679.35,679.35,628.9,628.9,628.9,2,23.25,100,0,29-FEB-2024,
OPTIDX,NIFTY,25-Apr-2024,22650,PE,0,0,0,1183.8,677.95,0,0,0,0,29-FEB-2024,
OPTIDX,NIFTY,25-Apr-2024,22700,PE,798.4,798.4,684.2,688.3,688.3,189,2214.06,7850,7150,29-FEB-2024,
OPTIDX,NIFTY,25-Apr-2024,22750,PE,0,0,0,1256.1,745.5,0,0,0,0,29-FEB-2024,
OPTIDX,NIFTY,25-Apr-2024,22800,PE,794.2,846.8,743.3,743.3,743.3,58,684.52,4800,0,29-FEB-2024,
OPTIDX,NIFTY,25-Apr-2024,22850,PE,845.05,845.05,845.05,845.05,816.25,8,94.78,400,350,29-FEB-2024,
OPTIDX,NIFTY,25-Apr-2024,22900,PE,878.65,878.65,869,869,852.75,9,106.99,500,450,29-FEB-2024,
OPTIDX,NIFTY,25-Apr-2024,22950,PE,0,0,0,900,889.95,0,0,50,0,29-FEB-2024,
OPTIDX,NIFTY,25-Apr-2024,23000,PE,980,1007,875,898.35,898.35,563,6738.82,86800,2450,29-FEB-2024,
OPTIDX,NIFTY,25-Apr-2024,23050,PE,0,0,0,1484.45,966.4,0,0,0,0,29-FEB-2024,
OPTIDX,NIFTY,25-Apr-2024,23100,PE,1005,1005,1000,1000,1005.65,2,24.1,150,100,29-FEB-2024,
OPTIDX,NIFTY,25-Apr-2024,23150,PE,0,0,0,1563.8,1045.5,0,0,0,0,29-FEB-2024,
OPTIDX,NIFTY,25-Apr-2024,23200,PE,0,0,0,1604.1,1085.95,0,0,0,0,29-FEB-2024,
OPTIDX,NIFTY,25-Apr-2024,23250,PE,0,0,0,1644.75,1127,0,0,0,0,29-FEB-2024,
OPTIDX,NIFTY,25-Apr-2024,23300,PE,0,0,0,1685.75,1168.55,0,0,0,0,29-FEB-2024,
OPTIDX,NIFTY,25-Apr-2024,23350,PE,0,0,0,1727.15,1210.65,0,0,0,0,29-FEB-2024,
OPTIDX,NIFTY,25-Apr-2024,23400,PE,0,0,0,1768.85,1253.25,0,0,0,0,29-FEB-2024,
OPTIDX,NIFTY,25-Apr-2024,23450,PE,0,0,0,1810.85,1296.35,0,0,0,0,29-FEB-2024,
OPTIDX,NIFTY,25-Apr-2024,23500,PE,1345.4,1400,1300,1300,1300,31,384.78,5700,700,29-FEB-2024,
OPTIDX,NIFTY,25-Apr-2024,23550,PE,0,0,0,1895.9,1383.8,0,0,0,0,29-FEB-2024,
OPTIDX,NIFTY,25-Apr-2024,23600,PE,0,0,0,1938.85,1428.2,0,0,0,0,29-FEB-2024,
OPTIDX,NIFTY,25-Apr-2024,23650,PE,0,0,0,1982.1,1472.9,0,0,0,0,29-FEB-2024,
OPTIDX,NIFTY,25-Apr-2024,23700,PE,0,0,0,1230,1518,0,0,450,0,29-FEB-2024,
OPTIDX,NIFTY,25-Apr-2024,23750,PE,0,0,0,2069.45,1563.45,0,0,0,0,29-FEB-2024,
OPTIDX,NIFTY,25-Apr-2024,23800,PE,0,0,0,2113.5,1609.2,0,0,0,0,29-FEB-2024,
OPTIDX,NIFTY,25-Apr-2024,23850,PE,0,0,0,2157.8,1655.25,0,0,0,0,29-FEB-2024,
OPTIDX,NIFTY,25-Apr-2024,23900,PE,1601.65,1601.65,1601.65,1601.65,1701.6,1,12.75,400,0,29-FEB-2024,
OPTIDX,NIFTY,25-Apr-2024,23950,PE,0,0,0,1487.95,1748.15,0,0,50,0,29-FEB-2024,
OPTIDX,NIFTY,27-Jun-2024,15000,CE,0,0,0,4599.25,7309.3,0,0,50,0,29-FEB-2024,
OPTIDX,NIFTY,27-Jun-2024,16000,CE,0,0,0,2666.1,6331.05,0,0,0,0,29-FEB-2024,
OPTIDX,NIFTY,27-Jun-2024,17000,CE,0,0,0,5010.65,5352.85,0,0,50,0,29-FEB-2024,
OPTIDX,NIFTY,27-Jun-2024,18000,CE,4320,4515.95,4308.8,4481.65,4481.65,47,526.1,25950,1850,29-FEB-2024,
OPTIDX,NIFTY,27-Jun-2024,18500,CE,4150,4150,4150,4150,3886.65,1,11.32,2825,0,29-FEB-2024,
OPTIDX,NIFTY,27-Jun-2024,19000,CE,3520,3520,3426.95,3500,3400.3,51,573.34,135400,-1250,29-FEB-2024,
OPTIDX,NIFTY,27-Jun-2024,20000,CE,2610,2681.95,2525.75,2680.3,2680.3,188,2122.2,254450,600,29-FEB-2024,
OPTIDX,NIFTY,27-Jun-2024,21000,CE,1778,1878,1741.7,1861.1,1861.1,214,2440.04,456400,900,29-FEB-2024,
OPTIDX,NIFTY,27-Jun-2024,22000,CE,1113.6,1169.1,1080,1148.5,1148.5,1633,18880.38,485250,21500,29-FEB-2024,
OPTIDX,NIFTY,27-Jun-2024,23000,CE,615.3,649.95,600,632.5,632.5,1764,20835.42,812900,12150,29-FEB-2024,
OPTIDX,NIFTY,27-Jun-2024,24000,CE,300,330,282.8,308.15,308.15,2743,33343.71,610950,25450,29-FEB-2024,
OPTIDX,NIFTY,27-Jun-2024,25000,CE,136.55,144,128.05,133.9,133.9,904,11361.79,333550,4050,29-FEB-2024,
OPTIDX,NIFTY,27-Jun-2024,26000,CE,60,64.8,59,61.85,61.85,499,6502.42,140750,7650,29-FEB-2024,
OPTIDX,NIFTY,27-Jun-2024,27000,CE,0,0,0,331.6,2.35,0,0,0,0,29-FEB-2024,
OPTIDX,NIFTY,27-Jun-2024,14000,PE,0,0,0,9,0.05,0,0,7075,0,29-FEB-2024,
OPTIDX,NIFTY,27-Jun-2024,15000,PE,0,0,0,3.05,0.05,0,0,12425,0,29-FEB-2024,
OPTIDX,NIFTY,27-Jun-2024,16000,PE,23,24,19.15,20.65,20.65,65,520.7,41250,2050,29-FEB-2024,
OPTIDX,NIFTY,27-Jun-2024,17000,PE,30,32.65,16.05,28.25,28.25,426,3627.31,139100,4800,29-FEB-2024,
OPTIDX,NIFTY,27-Jun-2024,18000,PE,45,47.5,36.5,39.15,39.15,811,7315.96,538450,-10700,29-FEB-2024,
OPTIDX,NIFTY,27-Jun-2024,19000,PE,83.05,85,72.6,75.05,75.05,1352,12897.49,787250,-5700,29-FEB-2024,
OPTIDX,NIFTY,27-Jun-2024,20000,PE,163.05,172,154.15,160.4,160.4,2412,24317.23,998750,5350,29-FEB-2024,
OPTIDX,NIFTY,27-Jun-2024,21000,PE,339,345,311.95,320.6,320.6,2241,23898.26,1200250,5400,29-FEB-2024,
OPTIDX,NIFTY,27-Jun-2024,22000,PE,640,660,580.45,597.85,597.85,2271,25685.02,980800,23850,29-FEB-2024,
OPTIDX,NIFTY,27-Jun-2024,23000,PE,1120.2,1159.85,1025,1053.75,1053.75,638,7687.53,298400,-1450,29-FEB-2024,
OPTIDX,NIFTY,27-Jun-2024,24000,PE,1763.7,1838,1692.1,1711.8,1711.8,208,2680.61,247400,-400,29-FEB-2024,
OPTIDX,NIFTY,27-Jun-2024,25000,PE,0,0,0,7199.55,2518.7,0,0,0,0,29-FEB-2024,
OPTIDX,NIFTY,27-Jun-2024,26000,PE,0,0,0,8015.6,3462.7,0,0,0,0,29-FEB-2024,
OPTIDX,NIFTY,27-Jun-2024,27000,PE,0,0,0,8206,4431.85,0,0,0,0,29-FEB-2024,
OPTIDX,NIFTY,26-Sep-2024,16000,CE,0,0,0,4667.4,6592.3,0,0,0,0,29-FEB-2024,
OPTIDX,NIFTY,26-Sep-2024,17000,CE,0,0,0,3800.4,5630.7,0,0,0,0,29-FEB-2024,
OPTIDX,NIFTY,26-Sep-2024,18000,CE,0,0,0,2994.95,4671.45,0,0,0,0,29-FEB-2024,
OPTIDX,NIFTY,26-Sep-2024,19000,CE,0,0,0,2277.4,3723.25,0,0,0,0,29-FEB-2024,
OPTIDX,NIFTY,26-Sep-2024,20000,CE,0,0,0,1666.45,2810.3,0,0,0,0,29-FEB-2024,
OPTIDX,NIFTY,26-Sep-2024,21000,CE,0,0,0,1173.8,1977.35,0,0,0,0,29-FEB-2024,
OPTIDX,NIFTY,26-Sep-2024,22000,CE,1445,1500,1430,1500,1500,27,316.61,14800,400,29-FEB-2024,
OPTIDX,NIFTY,26-Sep-2024,23000,CE,939,977.8,909.1,957.5,957.5,67,801.87,31900,450,29-FEB-2024,
OPTIDX,NIFTY,26-Sep-2024,24000,CE,552.5,560,515,545.9,545.9,41,503.07,12400,600,29-FEB-2024,
OPTIDX,NIFTY,26-Sep-2024,25000,CE,277,335,275,303.75,303.75,51,644.93,39850,150,29-FEB-2024,
OPTIDX,NIFTY,26-Sep-2024,26000,CE,0,0,0,150.95,83.05,0,0,9050,0,29-FEB-2024,
OPTIDX,NIFTY,26-Sep-2024,27000,CE,0,0,0,68.7,32.7,0,0,0,0,29-FEB-2024,
OPTIDX,NIFTY,26-Sep-2024,16000,PE,0,0,0,39.75,0.05,0,0,0,0,29-FEB-2024,
OPTIDX,NIFTY,26-Sep-2024,17000,PE,0,0,0,103.7,0.35,0,0,0,0,29-FEB-2024,
OPTIDX,NIFTY,26-Sep-2024,18000,PE,0,0,0,229.25,3,0,0,0,0,29-FEB-2024,
OPTIDX,NIFTY,26-Sep-2024,19000,PE,0,0,0,239.55,16.7,0,0,2850,0,29-FEB-2024,
OPTIDX,NIFTY,26-Sep-2024,20000,PE,0,0,0,762.75,65.7,0,0,0,0,29-FEB-2024,
OPTIDX,NIFTY,26-Sep-2024,21000,PE,371.5,372,340,348.6,348.6,367,3919.3,146600,8650,29-FEB-2024,
OPTIDX,NIFTY,26-Sep-2024,22000,PE,657.25,664.95,601.15,610,610,303,3428.85,57600,6350,29-FEB-2024,
OPTIDX,NIFTY,26-Sep-2024,23000,PE,1050,1101,993.8,1055.35,892.5,93,1118.88,19600,2150,29-FEB-2024,
OPTIDX,NIFTY,26-Sep-2024,24000,PE,0,0,0,3149.25,1502.2,0,0,0,0,29-FEB-2024,
OPTIDX,NIFTY,26-Sep-2024,25000,PE,0,0,0,3952.4,2256.35,0,0,0,0,29-FEB-2024,
OPTIDX,NIFTY,26-Sep-2024,26000,PE,0,0,0,4801.5,3109.85,0,0,0,0,29-FEB-2024,
OPTIDX,NIFTY,26-Sep-2024,27000,PE,0,0,0,5681.95,4021.45,0,0,0,0,29-FEB-2024,
OPTIDX,NIFTY,26-Dec-2024,14000,CE,0,0,0,8599,8740.8,0,0,100,0,29-FEB-2024,
OPTIDX,NIFTY,26-Dec-2024,15000,CE,0,0,0,7573,7794.95,0,0,2550,0,29-FEB-2024,
OPTIDX,NIFTY,26-Dec-2024,16000,CE,0,0,0,6651,6849.3,0,0,21950,0,29-FEB-2024,
OPTIDX,NIFTY,26-Dec-2024,17000,CE,0,0,0,5880,5904.85,0,0,18100,0,29-FEB-2024,
OPTIDX,NIFTY,26-Dec-2024,18000,CE,5150,5150,5000,5000,4965.55,3,34.58,23850,50,29-FEB-2024,
OPTIDX,NIFTY,26-Dec-2024,18500,CE,0,0,0,4400,4500.95,0,0,1000,0,29-FEB-2024,
OPTIDX,NIFTY,26-Dec-2024,19000,CE,4155.9,4180,4155.9,4160,4160,5,57.9,80750,50,29-FEB-2024,
OPTIDX,NIFTY,26-Dec-2024,20000,CE,3360,3676.5,3300.8,3350,3159.55,28,326.8,79400,-750,29-FEB-2024,
OPTIDX,NIFTY,26-Dec-2024,21000,CE,2528.6,2609,2528.6,2563,2350.25,23,270.8,117650,100,29-FEB-2024,
OPTIDX,NIFTY,26-Dec-2024,22000,CE,1858,1959.6,1838.15,1923.35,1923.35,88,1050.77,209850,200,29-FEB-2024,
OPTIDX,NIFTY,26-Dec-2024,23000,CE,1221.55,1337.45,1221.55,1314.7,1314.7,237,2877.85,163500,-900,29-FEB-2024,
OPTIDX,NIFTY,26-Dec-2024,24000,CE,846.5,865.3,803.75,842.25,842.25,265,3290.31,162500,2250,29-FEB-2024,
OPTIDX,NIFTY,26-Dec-2024,25000,CE,500.05,528.8,490.05,523.7,523.7,102,1300.98,197000,750,29-FEB-2024,
OPTIDX,NIFTY,26-Dec-2024,26000,CE,286,311,272.9,289.95,289.95,73,959.4,98700,-200,29-FEB-2024,
OPTIDX,NIFTY,26-Dec-2024,27000,CE,158.4,159.95,150,159,159,17,230.83,47450,-150,29-FEB-2024,
OPTIDX,NIFTY,26-Dec-2024,14000,PE,0,0,0,20.5,0.05,0,0,3300,0,29-FEB-2024,
OPTIDX,NIFTY,26-Dec-2024,15000,PE,0,0,0,3.05,0.05,0,0,28400,0,29-FEB-2024,
OPTIDX,NIFTY,26-Dec-2024,16000,PE,0,0,0,15.7,0.2,0,0,17050,0,29-FEB-2024,
OPTIDX,NIFTY,26-Dec-2024,17000,PE,0,0,0,58,1.6,0,0,75500,0,29-FEB-2024,
OPTIDX,NIFTY,26-Dec-2024,18000,PE,90.65,103.45,90.25,101.55,101.55,104,941.18,278700,2100,29-FEB-2024,
OPTIDX,NIFTY,26-Dec-2024,19000,PE,158,158.95,150.45,156.4,156.4,376,3601.08,390450,-5150,29-FEB-2024,
OPTIDX,NIFTY,26-Dec-2024,20000,PE,262.4,267.35,252.3,258.3,258.3,491,4973.49,555150,-300,29-FEB-2024,
OPTIDX,NIFTY,26-Dec-2024,21000,PE,441.3,444,413.55,428.8,428.8,1101,11797.22,1005700,21350,29-FEB-2024,
OPTIDX,NIFTY,26-Dec-2024,22000,PE,601,718,601,679.05,679.05,739,8382.51,526350,-7350,29-FEB-2024,
OPTIDX,NIFTY,26-Dec-2024,23000,PE,1069.95,1071,988,1004.1,1004.1,673,8085.22,194550,150,29-FEB-2024,
OPTIDX,NIFTY,26-Dec-2024,24000,PE,1559.8,1579.85,1478,1498.65,1498.65,73,931.49,49800,750,29-FEB-2024,
OPTIDX,NIFTY,26-Dec-2024,25000,PE,2133.55,2210,2102.45,2110.05,2110.05,61,829.18,28000,-2450,29-FEB-2024,
OPTIDX,NIFTY,26-Dec-2024,26000,PE,2900,2900,2879,2889.5,2889.5,4,57.77,2600,200,29-FEB-2024,
OPTIDX,NIFTY,26-Dec-2024,27000,PE,0,0,0,4500,3665.05,0,0,50,0,29-FEB-2024,
OPTIDX,NIFTY,26-Jun-2025,16000,CE,0,0,0,3227.55,7351.45,0,0,0,0,29-FEB-2024,
OPTIDX,NIFTY,26-Jun-2025,17000,CE,0,0,0,4165.5,6441.55,0,0,2750,0,29-FEB-2024,
OPTIDX,NIFTY,26-Jun-2025,18000,CE,0,0,0,3934,5541.05,0,0,2200,0,29-FEB-2024,
OPTIDX,NIFTY,26-Jun-2025,19000,CE,0,0,0,3077.9,4661.5,0,0,0,0,29-FEB-2024,
OPTIDX,NIFTY,26-Jun-2025,20000,CE,0,0,0,3180.85,3820.6,0,0,0,0,29-FEB-2024,
OPTIDX,NIFTY,26-Jun-2025,21000,CE,0,0,0,3199.45,3040.25,0,0,0,0,29-FEB-2024,
OPTIDX,NIFTY,26-Jun-2025,22000,CE,0,0,0,2088.15,2342.6,0,0,0,0,29-FEB-2024,
OPTIDX,NIFTY,26-Jun-2025,23000,CE,0,0,0,2003.65,1744.75,0,0,0,0,29-FEB-2024,
OPTIDX,NIFTY,26-Jun-2025,24000,CE,0,0,0,1100.85,1254.95,0,0,0,0,29-FEB-2024,
OPTIDX,NIFTY,26-Jun-2025,25000,CE,0,0,0,600,871.75,0,0,100,0,29-FEB-2024,
OPTIDX,NIFTY,26-Jun-2025,26000,CE,0,0,0,811.85,585.3,0,0,0,0,29-FEB-2024,
OPTIDX,NIFTY,26-Jun-2025,27000,CE,0,0,0,803.5,380.2,0,0,0,0,29-FEB-2024,
OPTIDX,NIFTY,26-Jun-2025,14000,PE,0,0,0,42.35,0.05,0,0,675,0,29-FEB-2024,
OPTIDX,NIFTY,26-Jun-2025,15000,PE,0,0,0,134,0.25,0,0,1800,0,29-FEB-2024,
OPTIDX,NIFTY,26-Jun-2025,16000,PE,0,0,0,129.2,1.5,0,0,100,0,29-FEB-2024,
OPTIDX,NIFTY,26-Jun-2025,17000,PE,0,0,0,3497.35,6.1,0,0,0,0,29-FEB-2024,
OPTIDX,NIFTY,26-Jun-2025,18000,PE,0,0,0,3586.15,20.15,0,0,0,0,29-FEB-2024,
OPTIDX,NIFTY,26-Jun-2025,19000,PE,0,0,0,3210.95,55.2,0,0,0,0,29-FEB-2024,
OPTIDX,NIFTY,26-Jun-2025,20000,PE,0,0,0,312.05,128.8,0,0,900,0,29-FEB-2024,
OPTIDX,NIFTY,26-Jun-2025,21000,PE,0,0,0,3070.85,263.05,0,0,0,0,29-FEB-2024,
OPTIDX,NIFTY,26-Jun-2025,22000,PE,0,0,0,839.9,479.95,0,0,150,0,29-FEB-2024,
OPTIDX,NIFTY,26-Jun-2025,23000,PE,0,0,0,1020,796.6,0,0,250,0,29-FEB-2024,
OPTIDX,NIFTY,26-Jun-2025,24000,PE,0,0,0,5875.1,1221.4,0,0,0,0,29-FEB-2024,
OPTIDX,NIFTY,26-Jun-2025,25000,PE,0,0,0,6576.35,1752.75,0,0,0,0,29-FEB-2024,
OPTIDX,NIFTY,26-Jun-2025,26000,PE,0,0,0,7299,2380.8,0,0,0,0,29-FEB-2024,
OPTIDX,NIFTY,26-Jun-2025,27000,PE,0,0,0,7438.15,3090.3,0,0,0,0,29-FEB-2024,
OPTIDX,NIFTY,24-Dec-2025,16000,CE,0,0,0,7200,7835.25,0,0,50,0,29-FEB-2024,
OPTIDX,NIFTY,24-Dec-2025,17000,CE,0,0,0,5080,6958.5,0,0,650,0,29-FEB-2024,
OPTIDX,NIFTY,24-Dec-2025,18000,CE,0,0,0,6099.95,6093.05,0,0,5650,0,29-FEB-2024,
OPTIDX,NIFTY,24-Dec-2025,19000,CE,0,0,0,5050,5248.75,0,0,3200,0,29-FEB-2024,
OPTIDX,NIFTY,24-Dec-2025,19500,CE,0,0,0,3200,4838.6,0,0,1300,0,29-FEB-2024,
OPTIDX,NIFTY,24-Dec-2025,20000,CE,0,0,0,3800,4439,0,0,300,0,29-FEB-2024,
OPTIDX,NIFTY,24-Dec-2025,21000,CE,0,0,0,1400,3679.3,0,0,100,0,29-FEB-2024,
OPTIDX,NIFTY,24-Dec-2025,22000,CE,0,0,0,3180,2984.9,0,0,800,0,29-FEB-2024,
OPTIDX,NIFTY,24-Dec-2025,23000,CE,0,0,0,2740,2368.2,0,0,2400,0,29-FEB-2024,
OPTIDX,NIFTY,24-Dec-2025,24000,CE,0,0,0,1396.05,1837,0,0,0,0,29-FEB-2024,
OPTIDX,NIFTY,24-Dec-2025,25000,CE,0,0,0,1222.85,1393.3,0,0,0,0,29-FEB-2024,
OPTIDX,NIFTY,24-Dec-2025,26000,CE,0,0,0,1070.85,1033.75,0,0,0,0,29-FEB-2024,
OPTIDX,NIFTY,24-Dec-2025,27000,CE,0,0,0,1071,750.85,0,0,0,0,29-FEB-2024,
OPTIDX,NIFTY,24-Dec-2025,13000,PE,0,0,0,400,0.05,0,0,150,0,29-FEB-2024,
OPTIDX,NIFTY,24-Dec-2025,15000,PE,0,0,0,62.15,0.9,0,0,1100,0,29-FEB-2024,
OPTIDX,NIFTY,24-Dec-2025,16000,PE,0,0,0,139.95,3.55,0,0,2150,0,29-FEB-2024,
OPTIDX,NIFTY,24-Dec-2025,16500,PE,0,0,0,38.15,6.5,0,0,2600,0,29-FEB-2024,
OPTIDX,NIFTY,24-Dec-2025,17000,PE,0,0,0,155.05,11.3,0,0,2400,0,29-FEB-2024,
OPTIDX,NIFTY,24-Dec-2025,18000,PE,0,0,0,324.95,30.3,0,0,3050,0,29-FEB-2024,
OPTIDX,NIFTY,24-Dec-2025,19000,PE,0,0,0,335,70.45,0,0,3050,0,29-FEB-2024,
OPTIDX,NIFTY,24-Dec-2025,20000,PE,0,0,0,572,145.1,0,0,4500,0,29-FEB-2024,
OPTIDX,NIFTY,24-Dec-2025,21000,PE,0,0,0,701,269.85,0,0,3200,0,29-FEB-2024,
OPTIDX,NIFTY,24-Dec-2025,22000,PE,0,0,0,899.95,459.9,0,0,2300,0,29-FEB-2024,
OPTIDX,NIFTY,24-Dec-2025,23000,PE,1041.75,1069.1,1041.75,1050,1050,5,60.14,2500,50,29-FEB-2024,
OPTIDX,NIFTY,24-Dec-2025,24000,PE,0,0,0,5649,1080.9,0,0,0,0,29-FEB-2024,
OPTIDX,NIFTY,24-Dec-2025,25000,PE,0,0,0,6310.55,1521.6,0,0,0,0,29-FEB-2024,
OPTIDX,NIFTY,24-Dec-2025,26000,PE,0,0,0,6993.25,2046.5,0,0,0,0,29-FEB-2024,
OPTIDX,NIFTY,24-Dec-2025,27000,PE,0,0,0,7112.8,2648.05,0,0,0,0,29-FEB-2024,
OPTIDX,NIFTY,25-Jun-2026,12000,CE,0,0,0,8690,11722.65,0,0,50,0,29-FEB-2024,
OPTIDX,NIFTY,25-Jun-2026,16000,CE,0,0,0,4748.3,8308.4,0,0,0,0,29-FEB-2024,
OPTIDX,NIFTY,25-Jun-2026,17000,CE,0,0,0,4348.25,7463.45,0,0,0,0,29-FEB-2024,
OPTIDX,NIFTY,25-Jun-2026,18000,CE,0,0,0,4150,6630.1,0,0,200,0,29-FEB-2024,
OPTIDX,NIFTY,25-Jun-2026,19000,CE,0,0,0,2872.25,5816.6,0,0,100,0,29-FEB-2024,
OPTIDX,NIFTY,25-Jun-2026,20000,CE,0,0,0,3829.5,5033.35,0,0,0,0,29-FEB-2024,
OPTIDX,NIFTY,25-Jun-2026,21000,CE,0,0,0,3881.9,4291.85,0,0,0,0,29-FEB-2024,
OPTIDX,NIFTY,25-Jun-2026,22000,CE,0,0,0,2722.55,3603.55,0,0,0,0,29-FEB-2024,
OPTIDX,NIFTY,25-Jun-2026,23000,CE,0,0,0,2645.65,2978,0,0,0,0,29-FEB-2024,
OPTIDX,NIFTY,25-Jun-2026,24000,CE,0,0,0,1698.3,2422.05,0,0,0,0,29-FEB-2024,
OPTIDX,NIFTY,25-Jun-2026,25000,CE,0,0,0,1510.4,1938.85,0,0,0,0,29-FEB-2024,
OPTIDX,NIFTY,25-Jun-2026,26000,CE,0,0,0,1343.15,1528.15,0,0,0,0,29-FEB-2024,
OPTIDX,NIFTY,25-Jun-2026,27000,CE,0,0,0,1352.8,1186.5,0,0,0,0,29-FEB-2024,
OPTIDX,NIFTY,25-Jun-2026,12000,PE,0,0,0,10.05,0.05,0,0,500,0,29-FEB-2024,
OPTIDX,NIFTY,25-Jun-2026,13000,PE,0,0,0,45.25,0.1,0,0,200,0,29-FEB-2024,
OPTIDX,NIFTY,25-Jun-2026,14000,PE,0,0,0,300,0.45,0,0,100,0,29-FEB-2024,
OPTIDX,NIFTY,25-Jun-2026,15000,PE,0,0,0,105.5,1.85,0,0,850,0,29-FEB-2024,
OPTIDX,NIFTY,25-Jun-2026,16000,PE,0,0,0,54.8,5.85,0,0,500,0,29-FEB-2024,
OPTIDX,NIFTY,25-Jun-2026,17000,PE,0,0,0,2627.25,15.9,0,0,0,0,29-FEB-2024,
OPTIDX,NIFTY,25-Jun-2026,18000,PE,0,0,0,3088.05,37.55,0,0,0,0,29-FEB-2024,
OPTIDX,NIFTY,25-Jun-2026,19000,PE,0,0,0,140.45,79.05,0,0,100,0,29-FEB-2024,
OPTIDX,NIFTY,25-Jun-2026,20000,PE,0,0,0,3159.75,150.8,0,0,0,0,29-FEB-2024,
OPTIDX,NIFTY,25-Jun-2026,21000,PE,0,0,0,3065.6,264.35,0,0,0,0,29-FEB-2024,
OPTIDX,NIFTY,25-Jun-2026,22000,PE,0,0,0,3829.5,431.05,0,0,0,0,29-FEB-2024,
OPTIDX,NIFTY,25-Jun-2026,23000,PE,0,0,0,859.2,660.55,0,0,150,0,29-FEB-2024,
OPTIDX,NIFTY,25-Jun-2026,24000,PE,0,0,0,5437.7,959.6,0,0,0,0,29-FEB-2024,
OPTIDX,NIFTY,25-Jun-2026,25000,PE,0,0,0,6063.1,1331.4,0,0,0,0,29-FEB-2024,
OPTIDX,NIFTY,25-Jun-2026,26000,PE,0,0,0,6709.2,1775.7,0,0,0,0,29-FEB-2024,
OPTIDX,NIFTY,25-Jun-2026,27000,PE,0,0,0,6810.7,2289.1,0,0,0,0,29-FEB-2024,
OPTIDX,NIFTY,31-Dec-2026,16000,CE,0,0,0,6200,8780.45,0,0,50,0,29-FEB-2024,
OPTIDX,NIFTY,31-Dec-2026,17000,CE,0,0,0,4955.1,7966.3,0,0,0,0,29-FEB-2024,
OPTIDX,NIFTY,31-Dec-2026,18000,CE,0,0,0,4501.45,7163.4,0,0,0,0,29-FEB-2024,
OPTIDX,NIFTY,31-Dec-2026,19000,CE,0,0,0,6000,6378.6,0,0,200,0,29-FEB-2024,
OPTIDX,NIFTY,31-Dec-2026,20000,CE,0,0,0,3704.3,5619.95,0,0,0,0,29-FEB-2024,
OPTIDX,NIFTY,31-Dec-2026,21000,CE,0,0,0,3356.25,4896.45,0,0,0,0,29-FEB-2024,
OPTIDX,NIFTY,31-Dec-2026,22000,CE,0,0,0,3039,4216.85,0,0,0,0,29-FEB-2024,
OPTIDX,NIFTY,31-Dec-2026,23000,CE,0,0,0,2020,3588.8,0,0,500,0,29-FEB-2024,
OPTIDX,NIFTY,31-Dec-2026,24000,CE,0,0,0,2010.65,3018.25,0,0,0,0,29-FEB-2024,
OPTIDX,NIFTY,31-Dec-2026,25000,CE,0,0,0,1811.2,2508.75,0,0,0,0,29-FEB-2024,
OPTIDX,NIFTY,31-Dec-2026,26000,CE,0,0,0,1631.05,2061.35,0,0,0,0,29-FEB-2024,
OPTIDX,NIFTY,31-Dec-2026,27000,CE,0,0,0,1651.65,1675,0,0,0,0,29-FEB-2024,
OPTIDX,NIFTY,31-Dec-2026,12000,PE,0,0,0,250.1,0.05,0,0,600,0,29-FEB-2024,
OPTIDX,NIFTY,31-Dec-2026,13000,PE,0,0,0,450,0.2,0,0,200,0,29-FEB-2024,
OPTIDX,NIFTY,31-Dec-2026,14000,PE,0,0,0,500,0.85,0,0,950,0,29-FEB-2024,
OPTIDX,NIFTY,31-Dec-2026,15000,PE,0,0,0,23,2.85,0,0,2200,0,29-FEB-2024,
OPTIDX,NIFTY,31-Dec-2026,16000,PE,0,0,0,28.35,8,0,0,2450,0,29-FEB-2024,
OPTIDX,NIFTY,31-Dec-2026,17000,PE,40.95,40.95,40.95,40.95,19.45,11,93.72,2650,0,29-FEB-2024,
OPTIDX,NIFTY,31-Dec-2026,18000,PE,65.1,346.95,65.1,275.2,275.2,45,407.99,6200,-150,29-FEB-2024,
OPTIDX,NIFTY,31-Dec-2026,19000,PE,0,0,0,139.95,83.05,0,0,3250,0,29-FEB-2024,
OPTIDX,NIFTY,31-Dec-2026,20000,PE,0,0,0,600,150.05,0,0,3750,0,29-FEB-2024,
OPTIDX,NIFTY,31-Dec-2026,21000,PE,0,0,0,649,252.2,0,0,850,0,29-FEB-2024,
OPTIDX,NIFTY,31-Dec-2026,22000,PE,0,0,0,609.65,398.25,0,0,100,0,29-FEB-2024,
OPTIDX,NIFTY,31-Dec-2026,23000,PE,0,0,0,957.4,595.9,0,0,6200,0,29-FEB-2024,
OPTIDX,NIFTY,31-Dec-2026,24000,PE,0,0,0,5233.45,850.95,0,0,0,0,29-FEB-2024,
OPTIDX,NIFTY,31-Dec-2026,25000,PE,0,0,0,5825.75,1167.1,0,0,0,0,29-FEB-2024,
OPTIDX,NIFTY,31-Dec-2026,26000,PE,0,0,0,6437.4,1545.35,0,0,0,0,29-FEB-2024,
OPTIDX,NIFTY,31-Dec-2026,27000,PE,0,0,0,6522.3,1984.65,0,0,0,0,29-FEB-2024,
OPTIDX,NIFTY,24-Jun-2027,16000,CE,0,0,0,4898.4,9202.75,0,0,0,0,29-FEB-2024,
OPTIDX,NIFTY,24-Jun-2027,17000,CE,0,0,0,4464.7,8415.55,0,0,0,0,29-FEB-2024,
OPTIDX,NIFTY,24-Jun-2027,18000,CE,0,0,0,4066.45,7639.05,0,0,0,0,29-FEB-2024,
OPTIDX,NIFTY,24-Jun-2027,19000,CE,0,0,0,3701.25,6878.8,0,0,100,0,29-FEB-2024,
OPTIDX,NIFTY,24-Jun-2027,20000,CE,0,0,0,3367.05,6141.55,0,0,0,0,29-FEB-2024,
OPTIDX,NIFTY,24-Jun-2027,21000,CE,0,0,0,3061.8,5434.45,0,0,0,0,29-FEB-2024,
OPTIDX,NIFTY,24-Jun-2027,22000,CE,0,0,0,2783.5,4764.6,0,0,0,0,29-FEB-2024,
OPTIDX,NIFTY,24-Jun-2027,23000,CE,0,0,0,2530.05,4138.45,0,0,0,0,29-FEB-2024,
OPTIDX,NIFTY,24-Jun-2027,24000,CE,0,0,0,2299.55,3561.1,0,0,0,0,29-FEB-2024,
OPTIDX,NIFTY,24-Jun-2027,25000,CE,0,0,0,2090.05,3036.05,0,0,0,0,29-FEB-2024,
OPTIDX,NIFTY,24-Jun-2027,26000,CE,0,0,0,1900.85,2565.1,0,0,0,0,29-FEB-2024,
OPTIDX,NIFTY,24-Jun-2027,27000,CE,0,0,0,1932.5,2148.25,0,0,0,0,29-FEB-2024,
OPTIDX,NIFTY,24-Jun-2027,16000,PE,0,0,0,1476.1,9.6,0,0,0,0,29-FEB-2024,
OPTIDX,NIFTY,24-Jun-2027,17000,PE,0,0,0,1814.75,21.75,0,0,0,0,29-FEB-2024,
OPTIDX,NIFTY,24-Jun-2027,18000,PE,0,0,0,2188.9,44.6,0,0,0,0,29-FEB-2024,
OPTIDX,NIFTY,24-Jun-2027,19000,PE,0,0,0,170,83.75,0,0,250,0,29-FEB-2024,
OPTIDX,NIFTY,24-Jun-2027,20000,PE,0,0,0,3034.2,145.8,0,0,0,0,29-FEB-2024,
OPTIDX,NIFTY,24-Jun-2027,21000,PE,0,0,0,3501.35,238.05,0,0,0,0,29-FEB-2024,
OPTIDX,NIFTY,24-Jun-2027,22000,PE,0,0,0,3995.4,367.6,0,0,0,0,29-FEB-2024,
OPTIDX,NIFTY,24-Jun-2027,23000,PE,0,0,0,4514.3,540.8,0,0,0,0,29-FEB-2024,
OPTIDX,NIFTY,24-Jun-2027,24000,PE,0,0,0,5056.2,762.75,0,0,0,0,29-FEB-2024,
OPTIDX,NIFTY,24-Jun-2027,25000,PE,0,0,0,5619.05,1037.1,0,0,0,0,29-FEB-2024,
OPTIDX,NIFTY,24-Jun-2027,26000,PE,0,0,0,6202.2,1365.5,0,0,0,0,29-FEB-2024,
OPTIDX,NIFTY,24-Jun-2027,27000,PE,0,0,0,6273.45,1748,0,0,0,0,29-FEB-2024,
OPTIDX,NIFTY,30-Dec-2027,16000,CE,0,0,0,7354.45,9643.35,0,0,0,0,29-FEB-2024,
OPTIDX,NIFTY,30-Dec-2027,17000,CE,0,0,0,6805.5,8883.85,0,0,0,0,29-FEB-2024,
OPTIDX,NIFTY,30-Dec-2027,18000,CE,0,0,0,6285.7,8134.2,0,0,0,0,29-FEB-2024,
OPTIDX,NIFTY,30-Dec-2027,19000,CE,0,0,0,5794.9,7399.05,0,0,0,0,29-FEB-2024,
OPTIDX,NIFTY,30-Dec-2027,20000,CE,0,0,0,5333.85,6683.85,0,0,0,0,29-FEB-2024,
OPTIDX,NIFTY,30-Dec-2027,21000,CE,0,0,0,4902.4,5994.4,0,0,0,0,29-FEB-2024,
OPTIDX,NIFTY,30-Dec-2027,22000,CE,0,0,0,4499.55,5336.6,0,0,0,0,29-FEB-2024,
OPTIDX,NIFTY,30-Dec-2027,23000,CE,0,0,0,4125.7,4715.65,0,0,0,0,29-FEB-2024,
OPTIDX,NIFTY,30-Dec-2027,24000,CE,0,0,0,3778.95,4136,0,0,0,0,29-FEB-2024,
OPTIDX,NIFTY,30-Dec-2027,25000,CE,0,0,0,3458.35,3601.1,0,0,0,0,29-FEB-2024,
OPTIDX,NIFTY,30-Dec-2027,26000,CE,0,0,0,3162.4,3112.85,0,0,0,0,29-FEB-2024,
OPTIDX,NIFTY,30-Dec-2027,27000,CE,0,0,0,2889.8,2672.1,0,0,0,0,29-FEB-2024,
OPTIDX,NIFTY,30-Dec-2027,15000,PE,0,0,0,27.8,4.55,0,0,350,0,29-FEB-2024,
OPTIDX,NIFTY,30-Dec-2027,16000,PE,0,0,0,479.35,10.9,0,0,0,0,29-FEB-2024,
OPTIDX,NIFTY,30-Dec-2027,17000,PE,0,0,0,514,23.3,0,0,14250,0,29-FEB-2024,
OPTIDX,NIFTY,30-Dec-2027,18000,PE,0,0,0,74.8,45.55,0,0,10500,0,29-FEB-2024,
OPTIDX,NIFTY,30-Dec-2027,19000,PE,0,0,0,760,82.3,0,0,700,0,29-FEB-2024,
OPTIDX,NIFTY,30-Dec-2027,20000,PE,515,515,515,515,515,1,10.25,2300,50,29-FEB-2024,
OPTIDX,NIFTY,30-Dec-2027,21000,PE,0,0,0,1563.55,221.45,0,0,0,0,29-FEB-2024,
OPTIDX,NIFTY,30-Dec-2027,22000,PE,0,0,0,1867.9,335.5,0,0,0,0,29-FEB-2024,
OPTIDX,NIFTY,30-Dec-2027,23000,PE,0,0,0,2201.3,486.45,0,0,0,0,29-FEB-2024,
OPTIDX,NIFTY,30-Dec-2027,24000,PE,0,0,0,2561.85,678.75,0,0,0,0,29-FEB-2024,
OPTIDX,NIFTY,30-Dec-2027,25000,PE,0,0,0,2948.45,915.7,0,0,0,0,29-FEB-2024,
OPTIDX,NIFTY,30-Dec-2027,26000,PE,0,0,0,3359.75,1199.4,0,0,0,0,29-FEB-2024,
OPTIDX,NIFTY,30-Dec-2027,27000,PE,0,0,0,3794.4,1530.55,0,0,0,0,29-FEB-2024,
OPTIDX,NIFTY,29-Jun-2028,16000,CE,0,0,0,8002.3,10052.95,0,0,0,0,29-FEB-2024,
OPTIDX,NIFTY,29-Jun-2028,17000,CE,0,0,0,7393.45,9318.9,0,0,0,0,29-FEB-2024,
OPTIDX,NIFTY,29-Jun-2028,18000,CE,0,0,0,6809.35,8593.85,0,0,0,0,29-FEB-2024,
OPTIDX,NIFTY,29-Jun-2028,19000,CE,0,0,0,6252.25,7881.7,0,0,0,0,29-FEB-2024,
OPTIDX,NIFTY,29-Jun-2028,20000,CE,0,0,0,5724.65,7187.05,0,0,0,0,29-FEB-2024,
OPTIDX,NIFTY,29-Jun-2028,21000,CE,0,0,0,5226.55,6514.65,0,0,0,0,29-FEB-2024,
OPTIDX,NIFTY,29-Jun-2028,22000,CE,0,0,0,4759.5,5869.4,0,0,0,0,29-FEB-2024,
OPTIDX,NIFTY,29-Jun-2028,23000,CE,0,0,0,4323.1,5255.8,0,0,0,0,29-FEB-2024,
OPTIDX,NIFTY,29-Jun-2028,24000,CE,0,0,0,3918.85,4677.7,0,0,0,0,29-FEB-2024,
OPTIDX,NIFTY,29-Jun-2028,25000,CE,0,0,0,3545.15,4138.25,0,0,0,0,29-FEB-2024,
OPTIDX,NIFTY,29-Jun-2028,26000,CE,0,0,0,3200.9,3639.5,0,0,0,0,29-FEB-2024,
OPTIDX,NIFTY,29-Jun-2028,27000,CE,0,0,0,2885.15,3182.6,0,0,0,0,29-FEB-2024,
OPTIDX,NIFTY,29-Jun-2028,16000,PE,0,0,0,194.2,11.75,0,0,0,0,29-FEB-2024,
OPTIDX,NIFTY,29-Jun-2028,17000,PE,0,0,0,283.1,24.05,0,0,0,0,29-FEB-2024,
OPTIDX,NIFTY,29-Jun-2028,18000,PE,0,0,0,396.75,45.35,0,0,0,0,29-FEB-2024,
OPTIDX,NIFTY,29-Jun-2028,19000,PE,0,0,0,537.45,79.55,0,0,0,0,29-FEB-2024,
OPTIDX,NIFTY,29-Jun-2028,20000,PE,0,0,0,707.55,131.2,0,0,0,0,29-FEB-2024,
OPTIDX,NIFTY,29-Jun-2028,21000,PE,0,0,0,907.2,205.2,0,0,0,0,29-FEB-2024,
OPTIDX,NIFTY,29-Jun-2028,22000,PE,0,0,0,1137.9,306.3,0,0,0,0,29-FEB-2024,
OPTIDX,NIFTY,29-Jun-2028,23000,PE,0,0,0,1399.25,439.05,0,0,0,0,29-FEB-2024,
OPTIDX,NIFTY,29-Jun-2028,24000,PE,0,0,0,1692.75,607.3,0,0,0,0,29-FEB-2024,
OPTIDX,NIFTY,29-Jun-2028,25000,PE,0,0,0,2016.8,814.15,0,0,0,0,29-FEB-2024,
OPTIDX,NIFTY,29-Jun-2028,26000,PE,0,0,0,2370.3,1061.75,0,0,0,0,29-FEB-2024,
OPTIDX,NIFTY,29-Jun-2028,27000,PE,0,0,0,2752.35,1351.2,0,0,0,0,29-FEB-2024,
OPTIDX,NIFTY,28-Dec-2028,16000,CE,0,0,0,10704.45,10448.7,0,0,0,0,29-FEB-2024,
OPTIDX,NIFTY,28-Dec-2028,17000,CE,0,0,0,10036.4,9739,0,0,0,0,29-FEB-2024,
OPTIDX,NIFTY,28-Dec-2028,18000,CE,0,0,0,9380.3,9037.5,0,0,0,0,29-FEB-2024,
OPTIDX,NIFTY,28-Dec-2028,19000,CE,0,0,0,8739,8347.45,0,0,0,0,29-FEB-2024,
OPTIDX,NIFTY,28-Dec-2028,20000,CE,0,0,0,8115.5,7672.75,0,0,0,0,29-FEB-2024,
OPTIDX,NIFTY,28-Dec-2028,21000,CE,0,0,0,7512.5,7017.45,0,0,0,0,29-FEB-2024,
OPTIDX,NIFTY,28-Dec-2028,22000,CE,0,0,0,6932.45,6385.55,0,0,0,0,29-FEB-2024,
OPTIDX,NIFTY,28-Dec-2028,23000,CE,0,0,0,6377.6,5781,0,0,0,0,29-FEB-2024,
OPTIDX,NIFTY,28-Dec-2028,24000,CE,0,0,0,5850.3,5207.15,0,0,0,0,29-FEB-2024,
OPTIDX,NIFTY,28-Dec-2028,25000,CE,0,0,0,5350.4,4666.85,0,0,0,0,29-FEB-2024,
OPTIDX,NIFTY,28-Dec-2028,26000,CE,0,0,0,4879.7,4162.15,0,0,0,0,29-FEB-2024,
OPTIDX,NIFTY,28-Dec-2028,27000,CE,0,0,0,4437.95,3694.4,0,0,0,0,29-FEB-2024,
OPTIDX,NIFTY,28-Dec-2028,16000,PE,0,0,0,39.6,12.25,0,0,0,0,29-FEB-2024,
OPTIDX,NIFTY,28-Dec-2028,17000,PE,0,0,0,66.15,24.2,0,0,0,0,29-FEB-2024,
OPTIDX,NIFTY,28-Dec-2028,18000,PE,0,0,0,104.65,44.35,0,0,0,0,29-FEB-2024,
OPTIDX,NIFTY,28-Dec-2028,19000,PE,0,0,0,158,75.95,0,0,0,0,29-FEB-2024,
OPTIDX,NIFTY,28-Dec-2028,20000,PE,0,0,0,229.1,122.9,0,0,0,0,29-FEB-2024,
OPTIDX,NIFTY,28-Dec-2028,21000,PE,0,0,0,320.7,189.2,0,0,0,0,29-FEB-2024,
OPTIDX,NIFTY,28-Dec-2028,22000,PE,0,0,0,435.3,279,0,0,0,0,29-FEB-2024,
OPTIDX,NIFTY,28-Dec-2028,23000,PE,0,0,0,575.05,396.1,0,0,0,0,29-FEB-2024,
OPTIDX,NIFTY,28-Dec-2028,24000,PE,0,0,0,742.35,543.9,0,0,0,0,29-FEB-2024,
OPTIDX,NIFTY,28-Dec-2028,25000,PE,0,0,0,937.05,725.25,0,0,0,0,29-FEB-2024,
OPTIDX,NIFTY,28-Dec-2028,26000,PE,0,0,0,1160.95,942.15,0,0,0,0,29-FEB-2024,
OPTIDX,NIFTY,28-Dec-2028,27000,PE,0,0,0,1413.85,1196.05,0,0,0,0,29-FEB-2024,
