INSTRUMENT,SYMBOL,EXPIRY_DT,STRIKE_PR,OPTION_TYP,OPEN,HIGH,LOW,CLOSE,SETTLE_PR,CONTRACTS,VAL_INLAKH,OPEN_INT,CHG_IN_OI,TIMESTAMP,
FUTIDX,NIFTY,29-Feb-2024,0,XX,21900.2,21938.8,21607,21630.5,21630.5,163520,1779759.11,11254250,-1136250,30-JAN-2024,
FUTIDX,NIFTY,28-Mar-2024,0,XX,22072.45,22083.05,21755.05,21774.95,21774.95,9029,98879.68,771850,-27750,30-JAN-2024,
FUTIDX,NIFTY,25-Apr-2024,0,XX,22198.95,22200,21890,21911.9,21911.9,2684,29552.97,122050,32350,30-JAN-2024,
OPTIDX,NIFTY,01-Feb-2024,19500,CE,2249,2280,2035,2064.2,2064.2,24,259.4,6550,-50,30-JAN-2024,
OPTIDX,NIFTY,01-Feb-2024,19550,CE,0,0,0,1815,1979.35,0,0,50,0,30-JAN-2024,
OPTIDX,NIFTY,01-Feb-2024,19600,CE,2110,2110,2110,2110,1929.35,1,10.85,1100,-50,30-JAN-2024,
OPTIDX,NIFTY,01-Feb-2024,19650,CE,0,0,0,1715,1879.35,0,0,50,0,30-JAN-2024,
OPTIDX,NIFTY,01-Feb-2024,19700,CE,2065,2065,1960,1960,1829.4,4,43.37,3550,-200,30-JAN-2024,
OPTIDX,NIFTY,01-Feb-2024,19750,CE,0,0,0,1960,1779.4,0,0,500,0,30-JAN-2024,
OPTIDX,NIFTY,01-Feb-2024,19800,CE,1988,1988,1798.1,1798.1,1729.4,9,97.4,2400,-400,30-JAN-2024,
OPTIDX,NIFTY,01-Feb-2024,19850,CE,1890,1890,1890,1890,1679.45,2,21.74,300,-100,30-JAN-2024,
OPTIDX,NIFTY,01-Feb-2024,19900,CE,0,0,0,1525,1629.45,0,0,6000,0,30-JAN-2024,
OPTIDX,NIFTY,01-Feb-2024,19950,CE,0,0,0,1507.15,1579.5,0,0,0,0,30-JAN-2024,
OPTIDX,NIFTY,01-Feb-2024,20000,CE,1866.4,1866.4,1522.9,1552.3,1552.3,94,1018.62,83100,-300,30-JAN-2024,
OPTIDX,NIFTY,01-Feb-2024,20050,CE,0,0,0,1283,1479.5,0,0,3900,0,30-JAN-2024,
OPTIDX,NIFTY,01-Feb-2024,20100,CE,0,0,0,1315,1429.55,0,0,6550,0,30-JAN-2024,
OPTIDX,NIFTY,01-Feb-2024,20150,CE,0,0,0,1218.05,1379.55,0,0,2100,0,30-JAN-2024,
OPTIDX,NIFTY,01-Feb-2024,20200,CE,0,0,0,1209.25,1329.55,0,0,3950,0,30-JAN-2024,
OPTIDX,NIFTY,01-Feb-2024,20250,CE,0,0,0,1240,1279.6,0,0,150,0,30-JAN-2024,
OPTIDX,NIFTY,01-Feb-2024,20300,CE,1447,1495.7,1282.3,1282.3,1229.6,16,173.97,4650,100,30-JAN-2024,
OPTIDX,NIFTY,01-Feb-2024,20350,CE,1475.05,1475.05,1209.35,1209.35,1209.35,8,86.9,4050,-150,30-JAN-2024,
OPTIDX,NIFTY,01-Feb-2024,20400,CE,1350,1403.05,1130.55,1177.35,1177.35,40,434.47,2900,-150,30-JAN-2024,
OPTIDX,NIFTY,01-Feb-2024,20450,CE,0,0,0,1347.8,1079.65,0,0,700,0,30-JAN-2024,
OPTIDX,NIFTY,01-Feb-2024,20500,CE,1366.25,1366.25,1024,1053.2,1053.2,564,6127.92,80000,-4450,30-JAN-2024,
OPTIDX,NIFTY,01-Feb-2024,20550,CE,0,0,0,1166,979.7,0,0,750,0,30-JAN-2024,
OPTIDX,NIFTY,01-Feb-2024,20600,CE,1200,1200,950.05,960.05,960.05,28,303.39,15350,-100,30-JAN-2024,
OPTIDX,NIFTY,01-Feb-2024,20650,CE,0,0,0,1132.85,879.75,0,0,5200,0,30-JAN-2024,
OPTIDX,NIFTY,01-Feb-2024,20700,CE,1106.45,1136.15,827.15,842.95,842.95,181,1965.53,102200,-4200,30-JAN-2024,
OPTIDX,NIFTY,01-Feb-2024,20750,CE,1000,1060.5,784.55,794.35,794.35,14,151.94,5700,-150,30-JAN-2024,
OPTIDX,NIFTY,01-Feb-2024,20800,CE,1055,1055,730,758,758,485,5253.91,155100,-15900,30-JAN-2024,
OPTIDX,NIFTY,01-Feb-2024,20850,CE,935.85,950,698.55,716.95,716.95,79,855.48,6300,-1400,30-JAN-2024,
OPTIDX,NIFTY,01-Feb-2024,20900,CE,949,954.9,634.2,667.35,667.35,553,5972.29,129850,7500,30-JAN-2024,
OPTIDX,NIFTY,01-Feb-2024,20950,CE,869.25,887.8,588.55,611.1,611.1,133,1441.84,7350,-2250,30-JAN-2024,
OPTIDX,NIFTY,01-Feb-2024,21000,CE,845,864.3,540,566.45,566.45,12445,134883.95,320900,-180650,30-JAN-2024,
OPTIDX,NIFTY,01-Feb-2024,21050,CE,800,813.2,499.4,526.5,526.5,158,1712.34,11700,-1200,30-JAN-2024,
OPTIDX,NIFTY,01-Feb-2024,21100,CE,766,768.75,452.1,474.4,474.4,3100,33643.03,143150,-21900,30-JAN-2024,
OPTIDX,NIFTY,01-Feb-2024,21150,CE,726,726,409.6,434.6,434.6,404,4388.33,36350,-5050,30-JAN-2024,
OPTIDX,NIFTY,01-Feb-2024,21200,CE,638,681.45,368,391.8,391.8,9699,105233.09,403250,-57550,30-JAN-2024,
OPTIDX,NIFTY,01-Feb-2024,21250,CE,592.25,632,329,347.9,347.9,2370,25726.25,85600,-18250,30-JAN-2024,
OPTIDX,NIFTY,01-Feb-2024,21300,CE,549.95,587.95,290.55,309.45,309.45,26143,283624.26,683050,-188600,30-JAN-2024,
OPTIDX,NIFTY,01-Feb-2024,21350,CE,536,541.95,254.8,273.05,273.05,8549,92757.02,159050,-18950,30-JAN-2024,
OPTIDX,NIFTY,01-Feb-2024,21400,CE,483.65,497.7,221.5,237.25,237.25,75078,815044.28,1048300,-117050,30-JAN-2024,
OPTIDX,NIFTY,01-Feb-2024,21450,CE,432.3,453.75,190.4,205.65,205.65,32296,350425.91,391400,56000,30-JAN-2024,
OPTIDX,NIFTY,01-Feb-2024,21500,CE,397.95,414.65,162,175,175,398388,4328036.58,2166100,197000,30-JAN-2024,
OPTIDX,NIFTY,01-Feb-2024,21550,CE,321.6,373.95,136.4,148.6,148.6,251262,2729892.15,1214150,670450,30-JAN-2024,
OPTIDX,NIFTY,01-Feb-2024,21600,CE,307.8,343.25,113.15,123.6,123.6,783632,8534786.52,3862600,2006900,30-JAN-2024,
OPTIDX,NIFTY,01-Feb-2024,21650,CE,280,298.6,93.3,102.05,102.05,592893,6469431.84,2160450,1530700,30-JAN-2024,
OPTIDX,NIFTY,01-Feb-2024,21700,CE,251,263.35,75.5,83.05,83.05,2155408,23560399.48,6528000,3782350,30-JAN-2024,
OPTIDX,NIFTY,01-Feb-2024,21750,CE,199,230.55,60.4,66.7,66.7,1083282,11862696.54,2610050,1429800,30-JAN-2024,
OPTIDX,NIFTY,01-Feb-2024,21800,CE,201,201.05,47.85,52.95,52.95,1921776,21069672.64,5312300,2145950,30-JAN-2024,
OPTIDX,NIFTY,01-Feb-2024,21850,CE,160,172.1,37.65,41.55,41.55,806490,8853072.25,2427750,1186150,30-JAN-2024,
OPTIDX,NIFTY,01-Feb-2024,21900,CE,118.6,146.55,29.35,32.95,32.95,1322190,14534248.34,4327450,1357050,30-JAN-2024,
OPTIDX,NIFTY,01-Feb-2024,21950,CE,118.25,123.85,22.9,25.7,25.7,669547,7371182.56,1908750,815050,30-JAN-2024,
OPTIDX,NIFTY,01-Feb-2024,22000,CE,91.15,103.65,18.1,20.35,20.35,1781266,19642798.59,6390800,2204250,30-JAN-2024,
OPTIDX,NIFTY,01-Feb-2024,22050,CE,74.7,86.55,14.05,15.9,15.9,596632,6590182.7,2129850,541350,30-JAN-2024,
OPTIDX,NIFTY,01-Feb-2024,22100,CE,60,70.7,11,12.4,12.4,932357,10318837.54,2291900,-25500,30-JAN-2024,
OPTIDX,NIFTY,01-Feb-2024,22150,CE,45,57.35,8.65,9.7,9.7,517209,5734608.93,1797550,1153050,30-JAN-2024,
OPTIDX,NIFTY,01-Feb-2024,22200,CE,38.65,50,7,7.75,7.75,872875,9698124.75,3372900,1081200,30-JAN-2024,
OPTIDX,NIFTY,01-Feb-2024,22250,CE,29,36.5,5.8,6.4,6.4,520702,5796911.53,1343000,556250,30-JAN-2024,
OPTIDX,NIFTY,01-Feb-2024,22300,CE,19,28.4,4.8,5.3,5.3,813236,9072986.32,2992900,508150,30-JAN-2024,
OPTIDX,NIFTY,01-Feb-2024,22350,CE,15,21.65,4,4.5,4.5,523359,5851283.95,1282850,36450,30-JAN-2024,
OPTIDX,NIFTY,01-Feb-2024,22400,CE,12.65,16.45,3.3,3.75,3.75,695376,7791201.05,4923500,1529750,30-JAN-2024,
OPTIDX,NIFTY,01-Feb-2024,22450,CE,9,12.5,3.05,3.45,3.45,428493,4811371.39,1525100,507300,30-JAN-2024,
OPTIDX,NIFTY,01-Feb-2024,22500,CE,6,9.6,2.8,3.15,3.15,893727,10056933.34,7240350,1691350,30-JAN-2024,
OPTIDX,NIFTY,01-Feb-2024,22550,CE,5.15,7.35,2.55,2.95,2.95,327455,3692807.59,2331450,1233400,30-JAN-2024,
OPTIDX,NIFTY,01-Feb-2024,22600,CE,4.15,5.75,2.35,2.7,2.7,423925,4791127.54,3232600,678800,30-JAN-2024,
OPTIDX,NIFTY,01-Feb-2024,22650,CE,3.55,4.75,2.2,2.5,2.5,214033,2424262.98,2036700,1398250,30-JAN-2024,
OPTIDX,NIFTY,01-Feb-2024,22700,CE,3,3.85,2.1,2.35,2.35,489598,5557626.05,3502200,1409900,30-JAN-2024,
OPTIDX,NIFTY,01-Feb-2024,22750,CE,2.45,3.5,1.8,2.15,2.15,210631,2396198.41,1523450,788100,30-JAN-2024,
OPTIDX,NIFTY,01-Feb-2024,22800,CE,1.8,2.85,1.75,2.1,2.1,370548,4224664.88,2200350,740350,30-JAN-2024,
OPTIDX,NIFTY,01-Feb-2024,22850,CE,1.85,2.55,1.55,1.9,1.9,96542,1103092.22,702950,497300,30-JAN-2024,
OPTIDX,NIFTY,01-Feb-2024,22900,CE,1.95,2.4,1.2,1.85,1.85,203265,2327576.75,1141800,553400,30-JAN-2024,
OPTIDX,NIFTY,01-Feb-2024,22950,CE,1.55,2.3,1.4,1.75,1.75,85278,978642.28,274650,125550,30-JAN-2024,
OPTIDX,NIFTY,01-Feb-2024,23000,CE,1.4,2.1,1.25,1.75,1.75,432847,4978103.21,4018300,657650,30-JAN-2024,
OPTIDX,NIFTY,01-Feb-2024,23050,CE,1.4,4.35,0.85,1.65,1.65,51848,597587.74,167100,104300,30-JAN-2024,
OPTIDX,NIFTY,01-Feb-2024,23100,CE,1.1,1.9,1.05,1.5,1.5,111658,1289733.14,362300,36150,30-JAN-2024,
OPTIDX,NIFTY,01-Feb-2024,23150,CE,1.1,1.9,1.1,1.5,1.5,20886,241771.01,111700,48350,30-JAN-2024,
OPTIDX,NIFTY,01-Feb-2024,23200,CE,1.1,1.8,0.85,1.5,1.5,73296,850285.21,417050,64750,30-JAN-2024,
OPTIDX,NIFTY,01-Feb-2024,23250,CE,1.1,1.75,0.75,1.5,1.5,24480,284597.16,98850,39500,30-JAN-2024,
OPTIDX,NIFTY,01-Feb-2024,23300,CE,1.05,1.7,0.9,1.45,1.45,61704,718893.2,667200,221400,30-JAN-2024,
OPTIDX,NIFTY,01-Feb-2024,23350,CE,1.2,1.65,1.05,1.45,1.45,18315,213839.74,84350,-32000,30-JAN-2024,
OPTIDX,NIFTY,01-Feb-2024,23400,CE,1.05,1.7,0.9,1.35,1.35,61245,716603.76,554550,132950,30-JAN-2024,
OPTIDX,NIFTY,01-Feb-2024,23450,CE,1.15,1.6,0.85,1.45,1.45,11205,131385.32,68050,29300,30-JAN-2024,
OPTIDX,NIFTY,01-Feb-2024,23500,CE,1,1.6,0.85,1.4,1.4,185527,2180054.27,3597150,970350,30-JAN-2024,
OPTIDX,NIFTY,01-Feb-2024,23550,CE,1,1.4,0.9,1.3,1.3,10666,125597.94,132700,6550,30-JAN-2024,
OPTIDX,NIFTY,01-Feb-2024,23600,CE,1,1.7,0.9,1.3,1.3,14301,168760.07,273400,-10250,30-JAN-2024,
OPTIDX,NIFTY,01-Feb-2024,23650,CE,1,1.45,0.8,1.25,1.25,8842,104561.33,98550,33250,30-JAN-2024,
OPTIDX,NIFTY,01-Feb-2024,23700,CE,0.8,1.5,0.8,1.3,1.3,28129,333343.85,546350,170400,30-JAN-2024,
OPTIDX,NIFTY,01-Feb-2024,23750,CE,1,1.5,0.8,1.25,1.25,15107,179403.52,199750,104350,30-JAN-2024,
OPTIDX,NIFTY,01-Feb-2024,23800,CE,0.9,1.6,0.75,1.3,1.3,56671,674416.44,1906900,946300,30-JAN-2024,
OPTIDX,NIFTY,01-Feb-2024,23850,CE,0.95,1.5,0.75,1.25,1.25,77591,925312.41,1856200,763350,30-JAN-2024,
OPTIDX,NIFTY,01-Feb-2024,19500,PE,1.5,2.2,0.6,0.7,0.7,237814,2318837.2,3645600,-1055100,30-JAN-2024,
OPTIDX,NIFTY,01-Feb-2024,19550,PE,1.7,2.2,0.6,0.65,0.65,36380,355634.48,145800,2650,30-JAN-2024,
OPTIDX,NIFTY,01-Feb-2024,19600,PE,1.6,2.15,0.6,0.65,0.65,38759,379865.5,370850,-87800,30-JAN-2024,
OPTIDX,NIFTY,01-Feb-2024,19650,PE,1.8,2.3,0.55,0.65,0.65,16924,166289.16,172400,-1250,30-JAN-2024,
OPTIDX,NIFTY,01-Feb-2024,19700,PE,1.65,2.3,0.6,0.7,0.7,59024,581425.54,883950,-177550,30-JAN-2024,
OPTIDX,NIFTY,01-Feb-2024,19750,PE,1.85,2.35,0.6,0.7,0.7,14362,141833.61,142500,16450,30-JAN-2024,
OPTIDX,NIFTY,01-Feb-2024,19800,PE,1.85,2.3,0.65,0.75,0.75,49685,491914.74,376150,-220300,30-JAN-2024,
OPTIDX,NIFTY,01-Feb-2024,19850,PE,1.85,2.4,0.65,0.75,0.75,26990,267889.5,759600,604100,30-JAN-2024,
OPTIDX,NIFTY,01-Feb-2024,19900,PE,1.85,2.45,0.75,0.85,0.85,52767,525069.35,278700,-192650,30-JAN-2024,
OPTIDX,NIFTY,01-Feb-2024,19950,PE,1.85,2.55,0.75,0.85,0.85,18412,183673,163150,-26950,30-JAN-2024,
OPTIDX,NIFTY,01-Feb-2024,20000,PE,1.5,2.55,0.85,1,1,224487,2245034.11,3137300,-762100,30-JAN-2024,
OPTIDX,NIFTY,01-Feb-2024,20050,PE,2,2.75,0.9,1,1,22492,225501.45,126700,-7050,30-JAN-2024,
OPTIDX,NIFTY,01-Feb-2024,20100,PE,1.9,2.9,0.9,0.95,0.95,82395,828141.75,524900,-323150,30-JAN-2024,
OPTIDX,NIFTY,01-Feb-2024,20150,PE,1.8,3.15,0.9,1,1,33406,336599.58,356850,-119800,30-JAN-2024,
OPTIDX,NIFTY,01-Feb-2024,20200,PE,2.3,3.3,0.9,1.05,1.05,161486,1631166.12,1225750,-944850,30-JAN-2024,
OPTIDX,NIFTY,01-Feb-2024,20250,PE,2.55,3.6,0.95,1.05,1.05,53448,541217.86,297100,-50850,30-JAN-2024,
OPTIDX,NIFTY,01-Feb-2024,20300,PE,2.5,3.9,1.1,1.2,1.2,190603,1934835.54,1154900,-138250,30-JAN-2024,
OPTIDX,NIFTY,01-Feb-2024,20350,PE,3.35,4.3,1.05,1.15,1.15,67976,691740.35,411600,-132400,30-JAN-2024,
OPTIDX,NIFTY,01-Feb-2024,20400,PE,3,4.7,1.25,1.35,1.35,207545,2117226.03,1356250,-395200,30-JAN-2024,
OPTIDX,NIFTY,01-Feb-2024,20450,PE,4.2,5.45,1.3,1.45,1.45,124196,1270100.39,409450,-560300,30-JAN-2024,
OPTIDX,NIFTY,01-Feb-2024,20500,PE,4,6.05,1.55,1.7,1.7,534323,5477625.31,3959100,906650,30-JAN-2024,
OPTIDX,NIFTY,01-Feb-2024,20550,PE,4.6,6.75,1.8,2.1,2.1,117383,1206302.19,735950,368850,30-JAN-2024,
OPTIDX,NIFTY,01-Feb-2024,20600,PE,5.25,7.65,2.2,2.5,2.5,466187,4802603.17,2361400,-137150,30-JAN-2024,
OPTIDX,NIFTY,01-Feb-2024,20650,PE,5.9,8.45,2.8,3.2,3.2,198814,2053193.38,1178850,123550,30-JAN-2024,
OPTIDX,NIFTY,01-Feb-2024,20700,PE,6.05,9.45,3.55,4.05,4.05,448719,4645390.36,2666550,1100100,30-JAN-2024,
OPTIDX,NIFTY,01-Feb-2024,20750,PE,8.1,10.7,4.3,5.3,5.3,227632,2362379.08,785650,257650,30-JAN-2024,
OPTIDX,NIFTY,01-Feb-2024,20800,PE,6.9,12.05,5.1,6.9,6.9,409624,4261614.42,1842100,112550,30-JAN-2024,
OPTIDX,NIFTY,01-Feb-2024,20850,PE,8.05,13.8,6.25,8.8,8.8,253095,2639647.54,734950,196700,30-JAN-2024,
OPTIDX,NIFTY,01-Feb-2024,20900,PE,9.95,16.1,7.75,11.3,11.3,458568,4794481.67,1377250,-521250,30-JAN-2024,
OPTIDX,NIFTY,01-Feb-2024,20950,PE,12,18.75,9.15,14.5,14.5,310110,3250415.1,1509300,126600,30-JAN-2024,
OPTIDX,NIFTY,01-Feb-2024,21000,PE,13,21.55,10.65,18,18,957056,10056525.61,4750850,502550,30-JAN-2024,
OPTIDX,NIFTY,01-Feb-2024,21050,PE,22,25.9,12.35,22.3,22.3,310691,3272956.12,650500,4200,30-JAN-2024,
OPTIDX,NIFTY,01-Feb-2024,21100,PE,19.85,31.95,14.15,27.55,27.55,568274,6001754.79,1702500,-61300,30-JAN-2024,
OPTIDX,NIFTY,01-Feb-2024,21150,PE,26.1,39.5,14.9,34.15,34.15,294871,3122328.05,639000,175600,30-JAN-2024,
OPTIDX,NIFTY,01-Feb-2024,21200,PE,25,48.5,15.1,42.1,42.1,678409,7202528.34,2204150,-196000,30-JAN-2024,
OPTIDX,NIFTY,01-Feb-2024,21250,PE,26.25,59.4,16.6,51.55,51.55,396146,4216996.86,911000,71700,30-JAN-2024,
OPTIDX,NIFTY,01-Feb-2024,21300,PE,39.95,71.9,22.9,62.75,62.75,855532,9132132.78,2926000,-108250,30-JAN-2024,
OPTIDX,NIFTY,01-Feb-2024,21350,PE,37.8,86.5,27,75.85,75.85,532262,5697077.13,1128750,-1128900,30-JAN-2024,
OPTIDX,NIFTY,01-Feb-2024,21400,PE,40,103.5,33.05,91.7,91.7,1028326,11038787.05,3201650,-591700,30-JAN-2024,
OPTIDX,NIFTY,01-Feb-2024,21450,PE,53,122.8,40,109.55,109.55,553480,5959155.14,1319850,101400,30-JAN-2024,
OPTIDX,NIFTY,01-Feb-2024,21500,PE,50.1,144.85,47.65,130.25,130.25,1831033,19771713.8,3784650,-1130800,30-JAN-2024,
OPTIDX,NIFTY,01-Feb-2024,21550,PE,74.85,169.5,58.9,153.8,153.8,972077,10530247.87,1409850,-310850,30-JAN-2024,
OPTIDX,NIFTY,01-Feb-2024,21600,PE,85,196.5,70.75,179.15,179.15,1874361,20365327,2696850,-1005750,30-JAN-2024,
OPTIDX,NIFTY,01-Feb-2024,21650,PE,89.05,226.9,81.2,206.95,206.95,1107501,12068662.02,948650,-699300,30-JAN-2024,
OPTIDX,NIFTY,01-Feb-2024,21700,PE,130,260,97.35,238.2,238.2,2429284,26552339.18,1599250,-1465050,30-JAN-2024,
OPTIDX,NIFTY,01-Feb-2024,21750,PE,140.9,294.1,114.55,272.7,272.7,1035602,11353972.23,643750,-174550,30-JAN-2024,
OPTIDX,NIFTY,01-Feb-2024,21800,PE,148.05,330,134.3,306.5,306.5,1260022,13861961.83,824150,-403200,30-JAN-2024,
OPTIDX,NIFTY,01-Feb-2024,21850,PE,165,370.15,159.8,342.6,342.6,231118,2550904.73,182400,-13350,30-JAN-2024,
OPTIDX,NIFTY,01-Feb-2024,21900,PE,201,410.95,183.5,388,388,273037,3024483.72,276950,-161650,30-JAN-2024,
OPTIDX,NIFTY,01-Feb-2024,21950,PE,225,453.6,210.6,428.45,428.45,34872,387745.62,46750,-32550,30-JAN-2024,
OPTIDX,NIFTY,01-Feb-2024,22000,PE,255.05,498,239.3,473.8,473.8,136285,1522476.59,737250,-122500,30-JAN-2024,
OPTIDX,NIFTY,01-Feb-2024,22050,PE,279.3,543.65,271.4,516.3,516.3,9727,109062.54,42100,-24600,30-JAN-2024,
OPTIDX,NIFTY,01-Feb-2024,22100,PE,317.6,590.45,306.05,569.85,569.85,14969,168461.69,150050,90900,30-JAN-2024,
OPTIDX,NIFTY,01-Feb-2024,22150,PE,355.3,632.6,353.1,611.3,611.3,1043,11785.78,13900,-1850,30-JAN-2024,
OPTIDX,NIFTY,01-Feb-2024,22200,PE,400.05,685,385.35,656.5,656.5,7658,86873.37,41900,-8300,30-JAN-2024,
OPTIDX,NIFTY,01-Feb-2024,22250,PE,432.2,734.25,432.2,709.35,709.35,673,7674.24,7000,900,30-JAN-2024,
OPTIDX,NIFTY,01-Feb-2024,22300,PE,492,780.65,464.6,759.2,759.2,2745,31438.08,18350,1700,30-JAN-2024,
OPTIDX,NIFTY,01-Feb-2024,22350,PE,521.25,830,521.25,800.55,800.55,331,3799.55,2350,2350,30-JAN-2024,
OPTIDX,NIFTY,01-Feb-2024,22400,PE,574.25,840.05,563.05,839.05,839.05,215,2482.21,3150,-3050,30-JAN-2024,
OPTIDX,NIFTY,01-Feb-2024,22450,PE,735.2,781.25,731.65,781.25,919.6,6,69.6,150,50,30-JAN-2024,
OPTIDX,NIFTY,01-Feb-2024,22500,PE,656.05,979,646.95,958.5,958.5,1018,11858.2,26200,3100,30-JAN-2024,
OPTIDX,NIFTY,01-Feb-2024,22550,PE,770,1012.85,770,1001.45,1001.45,4,46.98,200,50,30-JAN-2024,
OPTIDX,NIFTY,01-Feb-2024,22600,PE,800,1062.4,766.55,1062.4,1062.4,42,492.39,1150,350,30-JAN-2024,
OPTIDX,NIFTY,01-Feb-2024,22650,PE,0,0,0,951,1119.5,0,0,150,0,30-JAN-2024,
OPTIDX,NIFTY,01-Feb-2024,22700,PE,1000,1149.15,931.85,1149.15,1149.15,10,118.54,500,100,30-JAN-2024,
OPTIDX,NIFTY,01-Feb-2024,22750,PE,0,0,0,1369.35,1219.5,0,0,0,0,30-JAN-2024,
OPTIDX,NIFTY,01-Feb-2024,22800,PE,0,0,0,1250,1269.45,0,0,100,0,30-JAN-2024,
OPTIDX,NIFTY,01-Feb-2024,22850,PE,0,0,0,1458.1,1319.45,0,0,0,0,30-JAN-2024,
OPTIDX,NIFTY,01-Feb-2024,22900,PE,1105.45,1352.5,1069,1352.5,1352.5,7,84.4,150,150,30-JAN-2024,
OPTIDX,NIFTY,01-Feb-2024,22950,PE,0,0,0,1548.3,1419.4,0,0,0,0,30-JAN-2024,
OPTIDX,NIFTY,01-Feb-2024,23000,PE,1160,1475,1151.95,1447.65,1447.65,102,1237.27,12700,-650,30-JAN-2024,
OPTIDX,NIFTY,01-Feb-2024,23050,PE,0,0,0,1564.35,1519.4,0,0,50,0,30-JAN-2024,
OPTIDX,NIFTY,01-Feb-2024,23100,PE,0,0,0,1705.25,1569.35,0,0,100,0,30-JAN-2024,
OPTIDX,NIFTY,01-Feb-2024,23150,PE,0,0,0,1732.55,1619.35,0,0,0,0,30-JAN-2024,
OPTIDX,NIFTY,01-Feb-2024,23200,PE,1500,1504.5,1500,1504.5,1669.3,2,24.7,150,100,30-JAN-2024,
OPTIDX,NIFTY,01-Feb-2024,23250,PE,0,0,0,1826.25,1719.3,0,0,0,0,30-JAN-2024,
OPTIDX,NIFTY,01-Feb-2024,23300,PE,0,0,0,1873.45,1769.3,0,0,0,0,30-JAN-2024,
OPTIDX,NIFTY,01-Feb-2024,23350,PE,0,0,0,1920.8,1819.25,0,0,0,0,30-JAN-2024,
OPTIDX,NIFTY,01-Feb-2024,23400,PE,1850,1850,1850,1850,1850,1,12.62,350,50,30-JAN-2024,
OPTIDX,NIFTY,01-Feb-2024,23450,PE,0,0,0,2016.15,1919.25,0,0,0,0,30-JAN-2024,
OPTIDX,NIFTY,01-Feb-2024,23500,PE,1709,1951.4,1709,1934.4,1934.4,14,177.63,3300,300,30-JAN-2024,
OPTIDX,NIFTY,01-Feb-2024,23550,PE,0,0,0,2112.15,2019.2,0,0,0,0,30-JAN-2024,
OPTIDX,NIFTY,01-Feb-2024,23600,PE,0,0,0,1816.95,2069.15,0,0,200,0,30-JAN-2024,
OPTIDX,NIFTY,01-Feb-2024,23650,PE,0,0,0,2208.7,2119.15,0,0,0,0,30-JAN-2024,
OPTIDX,NIFTY,01-Feb-2024,23700,PE,0,0,0,2257.15,2169.15,0,0,0,0,30-JAN-2024,
OPTIDX,NIFTY,01-Feb-2024,23750,PE,0,0,0,2305.75,2219.1,0,0,0,0,30-JAN-2024,
OPTIDX,NIFTY,01-Feb-2024,23800,PE,0,0,0,2354.4,2269.1,0,0,0,0,30-JAN-2024,
OPTIDX,NIFTY,01-Feb-2024,23850,PE,2155.4,2155.4,2080.7,2080.7,2319.1,8,103.87,100,100,30-JAN-2024,
OPTIDX,NIFTY,08-Feb-2024,19500,CE,0,0,0,2296.55,2054.55,0,0,0,0,30-JAN-2024,
OPTIDX,NIFTY,08-Feb-2024,19550,CE,0,0,0,1900,2004.6,0,0,800,0,30-JAN-2024,
OPTIDX,NIFTY,08-Feb-2024,19600,CE,0,0,0,2198.1,1954.7,0,0,0,0,30-JAN-2024,
OPTIDX,NIFTY,08-Feb-2024,19650,CE,0,0,0,2148.95,1904.8,0,0,0,0,30-JAN-2024,
OPTIDX,NIFTY,08-Feb-2024,19700,CE,0,0,0,2099.9,1854.85,0,0,0,0,30-JAN-2024,
OPTIDX,NIFTY,08-Feb-2024,19750,CE,1970,2000,1830,1830,1830,3,32.52,200,0,30-JAN-2024,
OPTIDX,NIFTY,08-Feb-2024,19800,CE,1910,1940,1780,1780,1780,6,65.1,200,0,30-JAN-2024,
OPTIDX,NIFTY,08-Feb-2024,19850,CE,1910,1920,1910,1920,1705.1,2,21.76,550,100,30-JAN-2024,
OPTIDX,NIFTY,08-Feb-2024,19900,CE,0,0,0,1770,1655.2,0,0,50,0,30-JAN-2024,
OPTIDX,NIFTY,08-Feb-2024,19950,CE,0,0,0,1856.4,1605.3,0,0,0,0,30-JAN-2024,
OPTIDX,NIFTY,08-Feb-2024,20000,CE,0,0,0,1780,1555.35,0,0,5400,0,30-JAN-2024,
OPTIDX,NIFTY,08-Feb-2024,20050,CE,0,0,0,1760.1,1505.45,0,0,0,0,30-JAN-2024,
OPTIDX,NIFTY,08-Feb-2024,20100,CE,0,0,0,1272,1455.55,0,0,3800,0,30-JAN-2024,
OPTIDX,NIFTY,08-Feb-2024,20150,CE,0,0,0,1231,1405.65,0,0,150,0,30-JAN-2024,
OPTIDX,NIFTY,08-Feb-2024,20200,CE,0,0,0,1617.15,1355.75,0,0,0,0,30-JAN-2024,
OPTIDX,NIFTY,08-Feb-2024,20250,CE,0,0,0,1570.05,1305.85,0,0,0,0,30-JAN-2024,
OPTIDX,NIFTY,08-Feb-2024,20300,CE,0,0,0,1523.2,1256,0,0,0,0,30-JAN-2024,
OPTIDX,NIFTY,08-Feb-2024,20350,CE,0,0,0,1476.65,1206.15,0,0,0,0,30-JAN-2024,
OPTIDX,NIFTY,08-Feb-2024,20400,CE,1351,1351,1255,1255,1156.35,4,43.41,550,200,30-JAN-2024,
OPTIDX,NIFTY,08-Feb-2024,20450,CE,1400,1400,1130,1135,1135,10,108.16,700,150,30-JAN-2024,
OPTIDX,NIFTY,08-Feb-2024,20500,CE,1325,1328,1084.25,1091.15,1091.15,63,683.32,8900,1900,30-JAN-2024,
OPTIDX,NIFTY,08-Feb-2024,20550,CE,0,0,0,891,1007.35,0,0,500,0,30-JAN-2024,
OPTIDX,NIFTY,08-Feb-2024,20600,CE,0,0,0,1249.85,957.9,0,0,0,0,30-JAN-2024,
OPTIDX,NIFTY,08-Feb-2024,20650,CE,0,0,0,1205.85,908.6,0,0,0,0,30-JAN-2024,
OPTIDX,NIFTY,08-Feb-2024,20700,CE,908.8,915.3,899.9,908,908,3,32.41,1450,100,30-JAN-2024,
OPTIDX,NIFTY,08-Feb-2024,20750,CE,0,0,0,1119.45,810.85,0,0,0,0,30-JAN-2024,
OPTIDX,NIFTY,08-Feb-2024,20800,CE,1032.25,1060,809.55,809.55,809.55,31,337.87,2200,300,30-JAN-2024,
OPTIDX,NIFTY,08-Feb-2024,20850,CE,0,0,0,1035.35,714.65,0,0,0,0,30-JAN-2024,
OPTIDX,NIFTY,08-Feb-2024,20900,CE,930,930,720,728.6,728.6,11,119.34,3000,50,30-JAN-2024,
OPTIDX,NIFTY,08-Feb-2024,20950,CE,671,682.7,671,676.85,676.85,2,21.62,200,100,30-JAN-2024,
OPTIDX,NIFTY,08-Feb-2024,21000,CE,876.25,912,631.6,650.85,650.85,633,6883.72,34400,2500,30-JAN-2024,
OPTIDX,NIFTY,08-Feb-2024,21050,CE,808.35,824.7,591.05,597.55,597.55,11,119.9,1000,350,30-JAN-2024,
OPTIDX,NIFTY,08-Feb-2024,21100,CE,804.05,821.75,550.95,565.55,565.55,838,9125.42,41050,17500,30-JAN-2024,
OPTIDX,NIFTY,08-Feb-2024,21150,CE,731.3,745.9,517,523.9,523.9,189,2052.26,9500,5000,30-JAN-2024,
OPTIDX,NIFTY,08-Feb-2024,21200,CE,739.95,740,476.4,493.6,493.6,802,8741.97,76900,5800,30-JAN-2024,
OPTIDX,NIFTY,08-Feb-2024,21250,CE,688.45,694.05,442.85,457.35,457.35,355,3871.54,21200,4200,30-JAN-2024,
OPTIDX,NIFTY,08-Feb-2024,21300,CE,650,660.7,407.15,427.15,427.15,3746,40938.75,85750,-25150,30-JAN-2024,
OPTIDX,NIFTY,08-Feb-2024,21350,CE,608.9,618.85,373.9,389.85,389.85,695,7580.91,26550,4600,30-JAN-2024,
OPTIDX,NIFTY,08-Feb-2024,21400,CE,545.25,577,343.5,356.95,356.95,7463,81554.05,249600,-28700,30-JAN-2024,
OPTIDX,NIFTY,08-Feb-2024,21450,CE,511.25,541.9,313.9,327.95,327.95,1352,14751.54,36800,6850,30-JAN-2024,
OPTIDX,NIFTY,08-Feb-2024,21500,CE,470.65,505.55,285.25,299.35,299.35,25265,276190.58,393450,157900,30-JAN-2024,
OPTIDX,NIFTY,08-Feb-2024,21550,CE,445,465,258.35,272.4,272.4,6943,75879.45,109750,81950,30-JAN-2024,
OPTIDX,NIFTY,08-Feb-2024,21600,CE,415,440.9,233.8,245.7,245.7,30791,337335.6,415200,217700,30-JAN-2024,
OPTIDX,NIFTY,08-Feb-2024,21650,CE,380,421,211,219.5,219.5,14034,153982.92,176100,107050,30-JAN-2024,
OPTIDX,NIFTY,08-Feb-2024,21700,CE,349.45,369.85,189.4,199.95,199.95,68815,756181.53,647100,345800,30-JAN-2024,
OPTIDX,NIFTY,08-Feb-2024,21750,CE,336.3,341.1,169.55,179.6,179.6,32462,357220.36,234550,130750,30-JAN-2024,
OPTIDX,NIFTY,08-Feb-2024,21800,CE,295,309.3,151.5,159.15,159.15,92495,1018889,932500,553250,30-JAN-2024,
OPTIDX,NIFTY,08-Feb-2024,21850,CE,271,280.4,134.2,143.15,143.15,26337,290651.05,161500,92800,30-JAN-2024,
OPTIDX,NIFTY,08-Feb-2024,21900,CE,248.55,254.85,118.65,126.2,126.2,43604,481412.91,427650,221350,30-JAN-2024,
OPTIDX,NIFTY,08-Feb-2024,21950,CE,219.25,229.75,105,110.5,110.5,11602,128300.47,115850,59600,30-JAN-2024,
OPTIDX,NIFTY,08-Feb-2024,22000,CE,190.35,206.1,92.4,98.4,98.4,83117,920511.27,849450,371350,30-JAN-2024,
OPTIDX,NIFTY,08-Feb-2024,22050,CE,175.25,184.35,80.75,85.85,85.85,11358,125979.99,87150,28700,30-JAN-2024,
OPTIDX,NIFTY,08-Feb-2024,22100,CE,159.95,163.95,70.25,74.65,74.65,44114,490062.3,274450,133050,30-JAN-2024,
OPTIDX,NIFTY,08-Feb-2024,22150,CE,130,145.15,61.15,64.7,64.7,12236,136128.16,101050,37900,30-JAN-2024,
OPTIDX,NIFTY,08-Feb-2024,22200,CE,109.9,128.85,52.7,55.7,55.7,39318,438185.57,527600,259300,30-JAN-2024,
OPTIDX,NIFTY,08-Feb-2024,22250,CE,104.95,113.45,45,48.8,48.8,10736,119859.38,90900,33550,30-JAN-2024,
OPTIDX,NIFTY,08-Feb-2024,22300,CE,85,99.3,40.05,42.45,42.45,29943,334849.1,269150,126300,30-JAN-2024,
OPTIDX,NIFTY,08-Feb-2024,22350,CE,78.75,86.95,34.9,36.9,36.9,8662,97066.7,72300,43450,30-JAN-2024,
OPTIDX,NIFTY,08-Feb-2024,22400,CE,61,75.3,30.4,32.05,32.05,20803,233546.75,243200,91350,30-JAN-2024,
OPTIDX,NIFTY,08-Feb-2024,22450,CE,59.3,65.7,26.85,28.1,28.1,7773,87426.74,73100,38750,30-JAN-2024,
OPTIDX,NIFTY,08-Feb-2024,22500,CE,45,57.05,23.85,25.1,25.1,46460,523602.46,597600,109600,30-JAN-2024,
OPTIDX,NIFTY,08-Feb-2024,22550,CE,36.4,48.5,20.5,21.65,21.65,5608,63325.01,61200,25950,30-JAN-2024,
OPTIDX,NIFTY,08-Feb-2024,22600,CE,35,41.5,18.05,18.9,18.9,18849,213274.9,224700,60600,30-JAN-2024,
OPTIDX,NIFTY,08-Feb-2024,22650,CE,27,35.7,15.95,16.75,16.75,6057,68673.42,41350,20350,30-JAN-2024,
OPTIDX,NIFTY,08-Feb-2024,22700,CE,23,30.35,14.1,14.7,14.7,11696,132877.54,185100,101450,30-JAN-2024,
OPTIDX,NIFTY,08-Feb-2024,22750,CE,21,26.35,12.65,13.1,13.1,5834,66420.44,58600,14450,30-JAN-2024,
OPTIDX,NIFTY,08-Feb-2024,22800,CE,18.05,22.5,11,11.35,11.35,10126,115518.92,164450,69900,30-JAN-2024,
OPTIDX,NIFTY,08-Feb-2024,22850,CE,14.8,19.3,9.85,10.25,10.25,3255,37213.3,33900,-12600,30-JAN-2024,
OPTIDX,NIFTY,08-Feb-2024,22900,CE,12.75,16.6,9.1,9.55,9.55,4454,51026.71,77550,43500,30-JAN-2024,
OPTIDX,NIFTY,08-Feb-2024,22950,CE,12.75,14.35,8.1,8.4,8.4,1528,17542.42,28050,11950,30-JAN-2024,
OPTIDX,NIFTY,08-Feb-2024,23000,CE,9.9,12.1,7.2,7.75,7.75,25155,289402.57,557550,168250,30-JAN-2024,
OPTIDX,NIFTY,08-Feb-2024,23050,CE,9.6,10.95,6.65,6.9,6.9,1106,12751.25,21300,12800,30-JAN-2024,
OPTIDX,NIFTY,08-Feb-2024,23100,CE,8,9.5,6.15,6.55,6.55,10273,118693.36,206750,176550,30-JAN-2024,
OPTIDX,NIFTY,08-Feb-2024,23150,CE,0,0,0,10,0.05,0,0,3800,0,30-JAN-2024,
OPTIDX,NIFTY,08-Feb-2024,23200,CE,7.2,7.2,4.9,5.35,5.35,3737,43360.38,91550,29200,30-JAN-2024,
OPTIDX,NIFTY,08-Feb-2024,23250,CE,6.3,6.5,4.7,5.05,5.05,651,7569.65,15000,3050,30-JAN-2024,
OPTIDX,NIFTY,08-Feb-2024,23300,CE,4.45,5.5,4,4.35,4.35,5939,69203.15,162500,113300,30-JAN-2024,
OPTIDX,NIFTY,08-Feb-2024,23350,CE,0,0,0,3.05,0.05,0,0,1250,0,30-JAN-2024,
OPTIDX,NIFTY,08-Feb-2024,23400,CE,4.3,5,3.7,4.25,4.25,1114,13036.12,32700,20150,30-JAN-2024,
OPTIDX,NIFTY,08-Feb-2024,23450,CE,4.2,4.55,3.9,4.25,4.25,1305,15303.84,31950,11600,30-JAN-2024,
OPTIDX,NIFTY,08-Feb-2024,23500,CE,3.55,4.55,3.4,4,4,5911,69465.42,138250,62100,30-JAN-2024,
OPTIDX,NIFTY,08-Feb-2024,23550,CE,0,0,0,6.05,0.05,0,0,2200,0,30-JAN-2024,
OPTIDX,NIFTY,08-Feb-2024,23600,CE,3.75,4.35,3,3.85,3.85,1079,12734.13,19700,12650,30-JAN-2024,
OPTIDX,NIFTY,08-Feb-2024,23650,CE,3.4,3.95,3.1,3.7,3.7,523,6185.42,17850,3650,30-JAN-2024,
OPTIDX,NIFTY,08-Feb-2024,23700,CE,3.85,3.85,3,3.45,3.45,330,3911.04,20300,3100,30-JAN-2024,
OPTIDX,NIFTY,08-Feb-2024,23750,CE,3.45,4.5,3.15,3.8,3.8,694,8242.45,27500,9700,30-JAN-2024,
OPTIDX,NIFTY,08-Feb-2024,23800,CE,3,3.7,2.8,3.55,3.55,2222,26445.47,77650,55150,30-JAN-2024,
OPTIDX,NIFTY,08-Feb-2024,23850,CE,3.2,3.45,2.8,3.25,3.25,1301,15516.48,68750,18700,30-JAN-2024,
OPTIDX,NIFTY,08-Feb-2024,19500,PE,4,4.9,2.4,2.55,2.55,4515,44028.58,111450,107500,30-JAN-2024,
OPTIDX,NIFTY,08-Feb-2024,19550,PE,0,0,0,2.5,0.05,0,0,0,0,30-JAN-2024,
OPTIDX,NIFTY,08-Feb-2024,19600,PE,0,0,0,2.95,0.05,0,0,0,0,30-JAN-2024,
OPTIDX,NIFTY,08-Feb-2024,19650,PE,0,0,0,3.5,0.05,0,0,0,0,30-JAN-2024,
OPTIDX,NIFTY,08-Feb-2024,19700,PE,3.05,5.45,3.05,3.3,3.3,846,8334.65,19900,19900,30-JAN-2024,
OPTIDX,NIFTY,08-Feb-2024,19750,PE,0,0,0,4.8,0.05,0,0,0,0,30-JAN-2024,
OPTIDX,NIFTY,08-Feb-2024,19800,PE,0,0,0,5.6,0.05,0,0,0,0,30-JAN-2024,
OPTIDX,NIFTY,08-Feb-2024,19850,PE,0,0,0,6.55,0.05,0,0,0,0,30-JAN-2024,
OPTIDX,NIFTY,08-Feb-2024,19900,PE,6.1,7.25,4.6,4.85,4.85,2564,25519.2,55350,22150,30-JAN-2024,
OPTIDX,NIFTY,08-Feb-2024,19950,PE,6.65,8.75,5.15,5.45,5.45,467,4659.75,12450,4800,30-JAN-2024,
OPTIDX,NIFTY,08-Feb-2024,20000,PE,8.8,9,5.4,6,6,15051,150561.73,422250,148500,30-JAN-2024,
OPTIDX,NIFTY,08-Feb-2024,20050,PE,0,0,0,11.8,0.05,0,0,0,0,30-JAN-2024,
OPTIDX,NIFTY,08-Feb-2024,20100,PE,9.7,9.85,6.2,7.25,7.25,2291,23033.35,54250,15950,30-JAN-2024,
OPTIDX,NIFTY,08-Feb-2024,20150,PE,0,0,0,15.6,0.05,0,0,0,0,30-JAN-2024,
OPTIDX,NIFTY,08-Feb-2024,20200,PE,9.25,12.1,7.3,9.45,9.45,8427,85151.57,179800,122200,30-JAN-2024,
OPTIDX,NIFTY,08-Feb-2024,20250,PE,11.1,13.35,8.8,11.5,11.5,1394,14121.83,21250,14800,30-JAN-2024,
OPTIDX,NIFTY,08-Feb-2024,20300,PE,10.8,15.1,9.35,13.1,13.1,6017,61109.84,109650,38050,30-JAN-2024,
OPTIDX,NIFTY,08-Feb-2024,20350,PE,14.85,16.3,11.45,14.9,14.9,1376,14010.54,18750,0,30-JAN-2024,
OPTIDX,NIFTY,08-Feb-2024,20400,PE,13,19,12.45,17.55,17.55,6288,64187.06,110650,50200,30-JAN-2024,
OPTIDX,NIFTY,08-Feb-2024,20450,PE,18.95,21.45,13.3,20,20,1416,14491.32,20250,3750,30-JAN-2024,
OPTIDX,NIFTY,08-Feb-2024,20500,PE,16.35,24.4,15.25,22.95,22.95,22017,225894.11,327250,75000,30-JAN-2024,
OPTIDX,NIFTY,08-Feb-2024,20550,PE,18.05,27.6,17.35,25.95,25.95,3249,33420.75,19600,4150,30-JAN-2024,
OPTIDX,NIFTY,08-Feb-2024,20600,PE,20.85,31.35,18.1,29.5,29.5,11089,114354.4,154700,24850,30-JAN-2024,
OPTIDX,NIFTY,08-Feb-2024,20650,PE,22.6,42,22.4,33.7,33.7,7280,75267.06,40600,-43050,30-JAN-2024,
OPTIDX,NIFTY,08-Feb-2024,20700,PE,24.2,40.15,23.75,38.05,38.05,14018,145307.79,175250,-35300,30-JAN-2024,
OPTIDX,NIFTY,08-Feb-2024,20750,PE,27.3,45.6,27,42.75,42.75,7828,81353.32,32900,2150,30-JAN-2024,
OPTIDX,NIFTY,08-Feb-2024,20800,PE,32.5,51.7,29.3,48.5,48.5,18742,195295.99,213050,56050,30-JAN-2024,
OPTIDX,NIFTY,08-Feb-2024,20850,PE,34.55,58,33.1,54.5,54.5,8472,88518.58,53250,27750,30-JAN-2024,
OPTIDX,NIFTY,08-Feb-2024,20900,PE,50,65.85,34.2,61.75,61.75,21154,221591.77,224850,23650,30-JAN-2024,
OPTIDX,NIFTY,08-Feb-2024,20950,PE,42.8,73.75,41.4,69.05,69.05,5168,54284.96,43050,14050,30-JAN-2024,
OPTIDX,NIFTY,08-Feb-2024,21000,PE,49.65,82.95,38.8,78.3,78.3,49608,522436.4,679900,182750,30-JAN-2024,
OPTIDX,NIFTY,08-Feb-2024,21050,PE,52.35,92.25,52.2,87.25,87.25,6918,73063.01,43050,14500,30-JAN-2024,
OPTIDX,NIFTY,08-Feb-2024,21100,PE,62.1,103.35,54.5,97.85,97.85,18367,194505.63,184900,46500,30-JAN-2024,
OPTIDX,NIFTY,08-Feb-2024,21150,PE,67.2,115.05,61.85,109.35,109.35,7011,74460.84,61550,22250,30-JAN-2024,
OPTIDX,NIFTY,08-Feb-2024,21200,PE,72.25,128.65,66.45,121.55,121.55,24198,257676.86,295250,57700,30-JAN-2024,
OPTIDX,NIFTY,08-Feb-2024,21250,PE,82.75,143.7,72.5,136.5,136.5,9890,105628.25,67100,3500,30-JAN-2024,
OPTIDX,NIFTY,08-Feb-2024,21300,PE,84.95,160,82,151.1,151.1,37608,402830.78,359150,74700,30-JAN-2024,
OPTIDX,NIFTY,08-Feb-2024,21350,PE,91.65,176.7,90.9,169.55,169.55,10158,109131.49,76550,-650,30-JAN-2024,
OPTIDX,NIFTY,08-Feb-2024,21400,PE,105,195.55,100.15,187,187,35388,381279.07,412250,-46950,30-JAN-2024,
OPTIDX,NIFTY,08-Feb-2024,21450,PE,105.2,215.4,105.2,206.75,206.75,11523,124549.76,74650,-12150,30-JAN-2024,
OPTIDX,NIFTY,08-Feb-2024,21500,PE,139,237,123.55,226.75,226.75,72373,784699.57,762350,105900,30-JAN-2024,
OPTIDX,NIFTY,08-Feb-2024,21550,PE,156.55,260,138.05,249.85,249.85,15412,167674.09,84800,-8700,30-JAN-2024,
OPTIDX,NIFTY,08-Feb-2024,21600,PE,160,286,145.55,274.4,274.4,56880,620683.88,397600,32450,30-JAN-2024,
OPTIDX,NIFTY,08-Feb-2024,21650,PE,184.95,311.85,168.15,296.95,296.95,18016,197157.37,78450,-4150,30-JAN-2024,
OPTIDX,NIFTY,08-Feb-2024,21700,PE,222.8,341.35,181.7,325.05,325.05,71060,779996.78,363250,34300,30-JAN-2024,
OPTIDX,NIFTY,08-Feb-2024,21750,PE,203.4,370.7,200.1,352.2,352.2,23898,263156.65,74850,-21250,30-JAN-2024,
OPTIDX,NIFTY,08-Feb-2024,21800,PE,240,403.75,222.95,391.35,391.35,51325,567104.61,322050,189100,30-JAN-2024,
OPTIDX,NIFTY,08-Feb-2024,21850,PE,297.6,432.7,244.5,415.05,415.05,13399,148410.62,26750,300,30-JAN-2024,
OPTIDX,NIFTY,08-Feb-2024,21900,PE,277.55,469,275.85,453.55,453.55,14105,156833.71,118050,78150,30-JAN-2024,
OPTIDX,NIFTY,08-Feb-2024,21950,PE,295.65,501.45,292.95,482.85,482.85,2651,29578.34,27550,15400,30-JAN-2024,
OPTIDX,NIFTY,08-Feb-2024,22000,PE,341.45,540.35,320.65,522.25,522.25,8344,93469.03,107800,15700,30-JAN-2024,
OPTIDX,NIFTY,08-Feb-2024,22050,PE,346.75,565.1,346.75,548.35,548.35,750,8426.49,13450,250,30-JAN-2024,
OPTIDX,NIFTY,08-Feb-2024,22100,PE,391.8,617.05,390,599.95,599.95,1280,14443.05,35500,5500,30-JAN-2024,
OPTIDX,NIFTY,08-Feb-2024,22150,PE,419.05,657.4,419.05,639.95,639.95,320,3625.39,11800,2050,30-JAN-2024,
OPTIDX,NIFTY,08-Feb-2024,22200,PE,456,700.25,447.75,675.95,675.95,656,7462.62,23500,2350,30-JAN-2024,
OPTIDX,NIFTY,08-Feb-2024,22250,PE,530.95,733.35,530.95,716.75,716.75,231,2637.32,8650,2800,30-JAN-2024,
OPTIDX,NIFTY,08-Feb-2024,22300,PE,562.95,760.35,550.35,757.95,757.95,203,2326.65,6850,1100,30-JAN-2024,
OPTIDX,NIFTY,08-Feb-2024,22350,PE,606.95,822.65,602.15,813.6,813.6,27,310.75,4500,600,30-JAN-2024,
OPTIDX,NIFTY,08-Feb-2024,22400,PE,615.95,854.9,611.65,844.8,844.8,285,3286.46,13500,8350,30-JAN-2024,
OPTIDX,NIFTY,08-Feb-2024,22450,PE,651.35,873.1,649.1,873.1,893.8,25,289.62,2850,-100,30-JAN-2024,
OPTIDX,NIFTY,08-Feb-2024,22500,PE,700.8,970,700.8,959.6,959.6,145,1689.56,31550,-3100,30-JAN-2024,
OPTIDX,NIFTY,08-Feb-2024,22550,PE,729.35,995.95,724.2,995.95,995.95,55,641.16,2200,2200,30-JAN-2024,
OPTIDX,NIFTY,08-Feb-2024,22600,PE,875,914.15,835.05,914.15,1041.55,7,82.16,500,200,30-JAN-2024,
OPTIDX,NIFTY,08-Feb-2024,22650,PE,0,0,0,947.6,1091.1,0,0,0,0,30-JAN-2024,
OPTIDX,NIFTY,08-Feb-2024,22700,PE,0,0,0,987.85,1140.75,0,0,0,0,30-JAN-2024,
OPTIDX,NIFTY,08-Feb-2024,22750,PE,0,0,0,1028.7,1190.5,0,0,0,0,30-JAN-2024,
OPTIDX,NIFTY,08-Feb-2024,22800,PE,0,0,0,1070.2,1240.3,0,0,0,0,30-JAN-2024,
OPTIDX,NIFTY,08-Feb-2024,22850,PE,0,0,0,1112.25,1290.1,0,0,0,0,30-JAN-2024,
OPTIDX,NIFTY,08-Feb-2024,22900,PE,0,0,0,1154.85,1339.95,0,0,0,0,30-JAN-2024,
OPTIDX,NIFTY,08-Feb-2024,22950,PE,0,0,0,1198,1389.85,0,0,0,0,30-JAN-2024,
OPTIDX,NIFTY,08-Feb-2024,23000,PE,1116.15,1300,1116.15,1300,1439.7,17,206.12,3400,750,30-JAN-2024,
OPTIDX,NIFTY,08-Feb-2024,23050,PE,0,0,0,1285.7,1489.6,0,0,0,0,30-JAN-2024,
OPTIDX,NIFTY,08-Feb-2024,23100,PE,0,0,0,1330.2,1539.5,0,0,0,0,30-JAN-2024,
OPTIDX,NIFTY,08-Feb-2024,23150,PE,0,0,0,1375.15,1589.4,0,0,0,0,30-JAN-2024,
OPTIDX,NIFTY,08-Feb-2024,23200,PE,0,0,0,1420.5,1639.35,0,0,0,0,30-JAN-2024,
OPTIDX,NIFTY,08-Feb-2024,23250,PE,0,0,0,1466.15,1689.25,0,0,0,0,30-JAN-2024,
OPTIDX,NIFTY,08-Feb-2024,23300,PE,0,0,0,1512.2,1739.15,0,0,0,0,30-JAN-2024,
OPTIDX,NIFTY,08-Feb-2024,23350,PE,0,0,0,1558.5,1789.05,0,0,0,0,30-JAN-2024,
OPTIDX,NIFTY,08-Feb-2024,23400,PE,0,0,0,1605.15,1839,0,0,0,0,30-JAN-2024,
OPTIDX,NIFTY,08-Feb-2024,23450,PE,0,0,0,1652.05,1888.9,0,0,0,0,30-JAN-2024,
OPTIDX,NIFTY,08-Feb-2024,23500,PE,0,0,0,1699.2,1938.8,0,0,0,0,30-JAN-2024,
OPTIDX,NIFTY,08-Feb-2024,23550,PE,0,0,0,1746.55,1988.75,0,0,0,0,30-JAN-2024,
OPTIDX,NIFTY,08-Feb-2024,23600,PE,0,0,0,1794.15,2038.65,0,0,0,0,30-JAN-2024,
OPTIDX,NIFTY,08-Feb-2024,23650,PE,0,0,0,1442.45,2088.55,0,0,250,0,30-JAN-2024,
OPTIDX,NIFTY,08-Feb-2024,23700,PE,0,0,0,1889.95,2138.5,0,0,0,0,30-JAN-2024,
OPTIDX,NIFTY,08-Feb-2024,23750,PE,0,0,0,1938.05,2188.4,0,0,0,0,30-JAN-2024,
OPTIDX,NIFTY,08-Feb-2024,23800,PE,0,0,0,1986.35,2238.3,0,0,0,0,30-JAN-2024,
OPTIDX,NIFTY,08-Feb-2024,23850,PE,0,0,0,2034.8,2288.25,0,0,0,0,30-JAN-2024,
OPTIDX,NIFTY,15-Feb-2024,19500,CE,0,0,0,2285.3,2079.7,0,0,0,0,30-JAN-2024,
OPTIDX,NIFTY,15-Feb-2024,19550,CE,0,0,0,2236,2029.85,0,0,0,0,30-JAN-2024,
OPTIDX,NIFTY,15-Feb-2024,19600,CE,0,0,0,2186.8,1980,0,0,0,0,30-JAN-2024,
OPTIDX,NIFTY,15-Feb-2024,19650,CE,0,0,0,2137.7,1930.2,0,0,0,0,30-JAN-2024,
OPTIDX,NIFTY,15-Feb-2024,19700,CE,0,0,0,2088.65,1880.35,0,0,0,0,30-JAN-2024,
OPTIDX,NIFTY,15-Feb-2024,19750,CE,0,0,0,2039.7,1830.5,0,0,0,0,30-JAN-2024,
OPTIDX,NIFTY,15-Feb-2024,19800,CE,1980,2000,1810,1810,1810,3,32.59,150,150,30-JAN-2024,
OPTIDX,NIFTY,15-Feb-2024,19850,CE,1930,1940,1750,1750,1750,4,43.47,200,200,30-JAN-2024,
OPTIDX,NIFTY,15-Feb-2024,19900,CE,0,0,0,1893.55,1681.05,0,0,0,0,30-JAN-2024,
OPTIDX,NIFTY,15-Feb-2024,19950,CE,0,0,0,1400.25,1631.25,0,0,650,0,30-JAN-2024,
OPTIDX,NIFTY,15-Feb-2024,20000,CE,1780,1780,1778,1778,1581.5,3,32.66,3650,150,30-JAN-2024,
OPTIDX,NIFTY,15-Feb-2024,20050,CE,0,0,0,1748.8,1531.75,0,0,0,0,30-JAN-2024,
OPTIDX,NIFTY,15-Feb-2024,20100,CE,0,0,0,1400,1482.05,0,0,50,0,30-JAN-2024,
OPTIDX,NIFTY,15-Feb-2024,20150,CE,0,0,0,1653.3,1432.4,0,0,0,0,30-JAN-2024,
OPTIDX,NIFTY,15-Feb-2024,20200,CE,0,0,0,1605.9,1382.85,0,0,0,0,30-JAN-2024,
OPTIDX,NIFTY,15-Feb-2024,20250,CE,0,0,0,1558.75,1333.3,0,0,0,0,30-JAN-2024,
OPTIDX,NIFTY,15-Feb-2024,20300,CE,0,0,0,1120,1283.95,0,0,550,0,30-JAN-2024,
OPTIDX,NIFTY,15-Feb-2024,20350,CE,0,0,0,1100,1234.65,0,0,200,0,30-JAN-2024,
OPTIDX,NIFTY,15-Feb-2024,20400,CE,0,0,0,1419.25,1185.55,0,0,0,0,30-JAN-2024,
OPTIDX,NIFTY,15-Feb-2024,20450,CE,0,0,0,1373.5,1136.6,0,0,0,0,30-JAN-2024,
OPTIDX,NIFTY,15-Feb-2024,20500,CE,0,0,0,1020,1087.95,0,0,1750,0,30-JAN-2024,
OPTIDX,NIFTY,15-Feb-2024,20550,CE,0,0,0,1283.15,1039.5,0,0,0,0,30-JAN-2024,
OPTIDX,NIFTY,15-Feb-2024,20600,CE,0,0,0,1238.7,991.45,0,0,0,0,30-JAN-2024,
OPTIDX,NIFTY,15-Feb-2024,20650,CE,0,0,0,1194.75,943.75,0,0,0,0,30-JAN-2024,
OPTIDX,NIFTY,15-Feb-2024,20700,CE,0,0,0,1151.3,896.5,0,0,0,0,30-JAN-2024,
OPTIDX,NIFTY,15-Feb-2024,20750,CE,0,0,0,1108.4,849.8,0,0,0,0,30-JAN-2024,
OPTIDX,NIFTY,15-Feb-2024,20800,CE,1147.05,1147.05,1011.75,1011.75,803.7,25,273.64,1050,-800,30-JAN-2024,
OPTIDX,NIFTY,15-Feb-2024,20850,CE,0,0,0,1040.1,758.25,0,0,100,0,30-JAN-2024,
OPTIDX,NIFTY,15-Feb-2024,20900,CE,0,0,0,960.3,713.65,0,0,450,0,30-JAN-2024,
OPTIDX,NIFTY,15-Feb-2024,20950,CE,0,0,0,943.15,669.85,0,0,0,0,30-JAN-2024,
OPTIDX,NIFTY,15-Feb-2024,21000,CE,910,910,685,699,699,57,620.72,1900,0,30-JAN-2024,
OPTIDX,NIFTY,15-Feb-2024,21050,CE,0,0,0,864.75,585.3,0,0,0,0,30-JAN-2024,
OPTIDX,NIFTY,15-Feb-2024,21100,CE,735.55,735.55,735.55,735.55,544.65,1,10.91,1350,50,30-JAN-2024,
OPTIDX,NIFTY,15-Feb-2024,21150,CE,0,0,0,615.75,505.3,0,0,150,0,30-JAN-2024,
OPTIDX,NIFTY,15-Feb-2024,21200,CE,734,734,538,547.4,547.4,95,1037.08,2200,-850,30-JAN-2024,
OPTIDX,NIFTY,15-Feb-2024,21250,CE,671.65,671.65,671.6,671.6,430.65,4,43.84,2550,0,30-JAN-2024,
OPTIDX,NIFTY,15-Feb-2024,21300,CE,680,680,470.65,485.45,485.45,206,2253.98,6650,2950,30-JAN-2024,
OPTIDX,NIFTY,15-Feb-2024,21350,CE,625,625,446.9,446.9,446.9,4,43.77,3600,50,30-JAN-2024,
OPTIDX,NIFTY,15-Feb-2024,21400,CE,602,603.4,405,415.15,415.15,229,2503.89,9000,1650,30-JAN-2024,
OPTIDX,NIFTY,15-Feb-2024,21450,CE,551.8,569.6,387.85,401.9,401.9,19,208.39,2750,400,30-JAN-2024,
OPTIDX,NIFTY,15-Feb-2024,21500,CE,551.5,551.5,347,361.95,361.95,899,9850.63,37650,12750,30-JAN-2024,
OPTIDX,NIFTY,15-Feb-2024,21550,CE,500,519.8,320.5,336.3,336.3,230,2518.66,9550,4650,30-JAN-2024,
OPTIDX,NIFTY,15-Feb-2024,21600,CE,467.95,480.25,297.1,308.1,308.1,1173,12887.63,28250,13350,30-JAN-2024,
OPTIDX,NIFTY,15-Feb-2024,21650,CE,440,450,274.4,284,284,365,4014.78,11100,6050,30-JAN-2024,
OPTIDX,NIFTY,15-Feb-2024,21700,CE,410.85,424.75,250,262.3,262.3,2732,30098.21,46700,20600,30-JAN-2024,
OPTIDX,NIFTY,15-Feb-2024,21750,CE,390,390,227.9,237.1,237.1,628,6933.55,14850,9850,30-JAN-2024,
OPTIDX,NIFTY,15-Feb-2024,21800,CE,350,366.8,209.25,218.8,218.8,3510,38785.01,67500,32350,30-JAN-2024,
OPTIDX,NIFTY,15-Feb-2024,21850,CE,320,339.15,190,199.7,199.7,535,5919.2,10350,3400,30-JAN-2024,
OPTIDX,NIFTY,15-Feb-2024,21900,CE,292.9,310.05,172.4,179.2,179.2,1423,15754.77,32550,18550,30-JAN-2024,
OPTIDX,NIFTY,15-Feb-2024,21950,CE,258.05,276.9,152.65,162.55,162.55,388,4300,8700,4800,30-JAN-2024,
OPTIDX,NIFTY,15-Feb-2024,22000,CE,232.45,261.5,141,148,148,4563,50666.25,103800,57800,30-JAN-2024,
OPTIDX,NIFTY,15-Feb-2024,22050,CE,216.45,227.3,125.7,131.1,131.1,274,3044.34,14000,6450,30-JAN-2024,
OPTIDX,NIFTY,15-Feb-2024,22100,CE,198.65,218.1,115,119.8,119.8,789,8785.98,26150,9000,30-JAN-2024,
OPTIDX,NIFTY,15-Feb-2024,22150,CE,180,188.5,99.85,106,106,127,1415.68,5150,2100,30-JAN-2024,
OPTIDX,NIFTY,15-Feb-2024,22200,CE,180,180,91.3,95.9,95.9,1457,16268.32,35300,22500,30-JAN-2024,
OPTIDX,NIFTY,15-Feb-2024,22250,CE,151,151,81.6,84.3,84.3,493,5513.38,15850,14700,30-JAN-2024,
OPTIDX,NIFTY,15-Feb-2024,22300,CE,139.95,145.9,72.35,75.4,75.4,1257,14076,19300,5100,30-JAN-2024,
OPTIDX,NIFTY,15-Feb-2024,22350,CE,116,124.4,63,68.45,68.45,187,2098.27,5500,3650,30-JAN-2024,
OPTIDX,NIFTY,15-Feb-2024,22400,CE,110,116.8,57.7,59.65,59.65,1221,13723.35,32750,19300,30-JAN-2024,
OPTIDX,NIFTY,15-Feb-2024,22450,CE,55.2,55.2,52,53.95,53.95,49,551.34,2600,1050,30-JAN-2024,
OPTIDX,NIFTY,15-Feb-2024,22500,CE,78.05,93.55,47.05,48.85,48.85,4776,53893.8,122550,82050,30-JAN-2024,
OPTIDX,NIFTY,15-Feb-2024,22550,CE,0,0,0,130.35,11.75,0,0,0,0,30-JAN-2024,
OPTIDX,NIFTY,15-Feb-2024,22600,CE,72.7,74.4,32.5,38.9,38.9,680,7701.94,21400,6550,30-JAN-2024,
OPTIDX,NIFTY,15-Feb-2024,22650,CE,54.65,61.45,34.5,35.25,35.25,224,2542.03,7050,5550,30-JAN-2024,
OPTIDX,NIFTY,15-Feb-2024,22700,CE,48.55,58.7,30.95,31.85,31.85,1158,13168.88,33250,14500,30-JAN-2024,
OPTIDX,NIFTY,15-Feb-2024,22750,CE,0,0,0,92.2,5.05,0,0,0,0,30-JAN-2024,
OPTIDX,NIFTY,15-Feb-2024,22800,CE,41.1,50.95,24.8,25.7,25.7,1416,16166.98,31800,16650,30-JAN-2024,
OPTIDX,NIFTY,15-Feb-2024,22850,CE,16.65,24.2,16.65,21.5,21.5,22,251.58,1650,300,30-JAN-2024,
OPTIDX,NIFTY,15-Feb-2024,22900,CE,27.6,36.45,18.6,21.8,21.8,176,2017.55,5300,900,30-JAN-2024,
OPTIDX,NIFTY,15-Feb-2024,22950,CE,0,0,0,63.65,2,0,0,0,0,30-JAN-2024,
OPTIDX,NIFTY,15-Feb-2024,23000,CE,25.25,28.5,16.65,17.75,17.75,1358,15632.38,47650,7550,30-JAN-2024,
OPTIDX,NIFTY,15-Feb-2024,23050,CE,0,0,0,52.4,1.2,0,0,0,0,30-JAN-2024,
OPTIDX,NIFTY,15-Feb-2024,23100,CE,17.55,17.55,17.55,17.55,17.55,2,23.11,600,100,30-JAN-2024,
OPTIDX,NIFTY,15-Feb-2024,23150,CE,11.9,11.9,11.9,11.9,0.75,2,23.16,1100,100,30-JAN-2024,
OPTIDX,NIFTY,15-Feb-2024,23200,CE,17.4,17.8,10.55,12.7,12.7,52,603.61,2250,900,30-JAN-2024,
OPTIDX,NIFTY,15-Feb-2024,23250,CE,0,0,0,33.35,0.4,0,0,100,0,30-JAN-2024,
OPTIDX,NIFTY,15-Feb-2024,23300,CE,0,0,0,34.35,0.3,0,0,500,0,30-JAN-2024,
OPTIDX,NIFTY,15-Feb-2024,23350,CE,0,0,0,28.2,0.25,0,0,0,0,30-JAN-2024,
OPTIDX,NIFTY,15-Feb-2024,23400,CE,0,0,0,21.1,0.2,0,0,2200,0,30-JAN-2024,
OPTIDX,NIFTY,15-Feb-2024,23450,CE,0,0,0,22.65,0.15,0,0,0,0,30-JAN-2024,
OPTIDX,NIFTY,15-Feb-2024,23500,CE,8,9.95,7.35,7.6,7.6,987,11601.18,39650,24500,30-JAN-2024,
OPTIDX,NIFTY,15-Feb-2024,23550,CE,0,0,0,18.1,0.05,0,0,0,0,30-JAN-2024,
OPTIDX,NIFTY,15-Feb-2024,23600,CE,0,0,0,16.15,0.05,0,0,0,0,30-JAN-2024,
OPTIDX,NIFTY,15-Feb-2024,23650,CE,3.55,3.55,3.55,3.55,3.55,1,11.82,1750,0,30-JAN-2024,
OPTIDX,NIFTY,15-Feb-2024,23700,CE,5.6,7.7,5,6.55,6.55,235,2785.49,8050,5250,30-JAN-2024,
OPTIDX,NIFTY,15-Feb-2024,23750,CE,0,0,0,11.35,0.05,0,0,0,0,30-JAN-2024,
OPTIDX,NIFTY,15-Feb-2024,23800,CE,0,0,0,12.35,0.05,0,0,50,0,30-JAN-2024,
OPTIDX,NIFTY,15-Feb-2024,23850,CE,0,0,0,8.9,0.05,0,0,0,0,30-JAN-2024,
OPTIDX,NIFTY,15-Feb-2024,19500,PE,0,0,0,2.05,0.05,0,0,0,0,30-JAN-2024,
OPTIDX,NIFTY,15-Feb-2024,19550,PE,0,0,0,2.45,0.05,0,0,0,0,30-JAN-2024,
OPTIDX,NIFTY,15-Feb-2024,19600,PE,0,0,0,2.9,0.05,0,0,0,0,30-JAN-2024,
OPTIDX,NIFTY,15-Feb-2024,19650,PE,0,0,0,3.4,0.05,0,0,0,0,30-JAN-2024,
OPTIDX,NIFTY,15-Feb-2024,19700,PE,0,0,0,4.05,0.05,0,0,0,0,30-JAN-2024,
OPTIDX,NIFTY,15-Feb-2024,19750,PE,0,0,0,4.75,0.05,0,0,0,0,30-JAN-2024,
OPTIDX,NIFTY,15-Feb-2024,19800,PE,10,11.7,7.35,8.3,8.3,226,2238.48,10050,6800,30-JAN-2024,
OPTIDX,NIFTY,15-Feb-2024,19850,PE,0,0,0,6.5,0.1,0,0,0,0,30-JAN-2024,
OPTIDX,NIFTY,15-Feb-2024,19900,PE,0,0,0,7.55,0.15,0,0,0,0,30-JAN-2024,
OPTIDX,NIFTY,15-Feb-2024,19950,PE,0,0,0,8.8,0.2,0,0,0,0,30-JAN-2024,
OPTIDX,NIFTY,15-Feb-2024,20000,PE,11.75,15.1,10.55,14.25,14.25,881,8815.9,34850,-6450,30-JAN-2024,
OPTIDX,NIFTY,15-Feb-2024,20050,PE,0,0,0,11.75,0.4,0,0,0,0,30-JAN-2024,
OPTIDX,NIFTY,15-Feb-2024,20100,PE,0,0,0,13.5,0.55,0,0,0,0,30-JAN-2024,
OPTIDX,NIFTY,15-Feb-2024,20150,PE,0,0,0,15.5,0.8,0,0,0,0,30-JAN-2024,
OPTIDX,NIFTY,15-Feb-2024,20200,PE,0,0,0,17.75,1.05,0,0,0,0,30-JAN-2024,
OPTIDX,NIFTY,15-Feb-2024,20250,PE,0,0,0,20.3,1.4,0,0,0,0,30-JAN-2024,
OPTIDX,NIFTY,15-Feb-2024,20300,PE,0,0,0,23.1,1.85,0,0,0,0,30-JAN-2024,
OPTIDX,NIFTY,15-Feb-2024,20350,PE,0,0,0,26.25,2.45,0,0,0,0,30-JAN-2024,
OPTIDX,NIFTY,15-Feb-2024,20400,PE,0,0,0,29.75,3.15,0,0,0,0,30-JAN-2024,
OPTIDX,NIFTY,15-Feb-2024,20450,PE,0,0,0,33.65,4.1,0,0,0,0,30-JAN-2024,
OPTIDX,NIFTY,15-Feb-2024,20500,PE,31.75,44.95,28.4,42.9,42.9,2480,25466.18,86050,7100,30-JAN-2024,
OPTIDX,NIFTY,15-Feb-2024,20550,PE,0,0,0,42.6,6.7,0,0,0,0,30-JAN-2024,
OPTIDX,NIFTY,15-Feb-2024,20600,PE,0,0,0,47.8,8.45,0,0,0,0,30-JAN-2024,
OPTIDX,NIFTY,15-Feb-2024,20650,PE,0,0,0,53.5,10.65,0,0,0,0,30-JAN-2024,
OPTIDX,NIFTY,15-Feb-2024,20700,PE,51,66,42.1,64,64,678,7034.87,16100,10250,30-JAN-2024,
OPTIDX,NIFTY,15-Feb-2024,20750,PE,0,0,0,81.3,16.4,0,0,500,0,30-JAN-2024,
OPTIDX,NIFTY,15-Feb-2024,20800,PE,53.85,80.8,51.15,76.5,76.5,1348,14063.82,32600,-150,30-JAN-2024,
OPTIDX,NIFTY,15-Feb-2024,20850,PE,0,0,0,81.8,24.55,0,0,0,0,30-JAN-2024,
OPTIDX,NIFTY,15-Feb-2024,20900,PE,59.9,96.8,59.9,92.45,92.45,538,5643.94,9100,350,30-JAN-2024,
OPTIDX,NIFTY,15-Feb-2024,20950,PE,0,0,0,99.8,35.85,0,0,0,0,30-JAN-2024,
OPTIDX,NIFTY,15-Feb-2024,21000,PE,71.25,117.5,65.25,113.55,113.55,4764,50246.58,78400,3500,30-JAN-2024,
OPTIDX,NIFTY,15-Feb-2024,21050,PE,106.45,106.45,90.15,93.3,51,24,253.73,1900,450,30-JAN-2024,
OPTIDX,NIFTY,15-Feb-2024,21100,PE,90,141.25,86.65,135.3,135.3,489,5186.91,16850,650,30-JAN-2024,
OPTIDX,NIFTY,15-Feb-2024,21150,PE,120.75,153,107.1,149.65,149.65,62,659.8,3150,600,30-JAN-2024,
OPTIDX,NIFTY,15-Feb-2024,21200,PE,108,170,91.95,164.2,164.2,1368,14597.1,36800,9400,30-JAN-2024,
OPTIDX,NIFTY,15-Feb-2024,21250,PE,123,184.7,110.7,178.95,178.95,115,1230.85,2600,-150,30-JAN-2024,
OPTIDX,NIFTY,15-Feb-2024,21300,PE,135,200.05,124.1,194.65,194.65,1248,13390.7,30550,450,30-JAN-2024,
OPTIDX,NIFTY,15-Feb-2024,21350,PE,147.75,218,136.2,212.85,212.85,270,2906.01,4200,1550,30-JAN-2024,
OPTIDX,NIFTY,15-Feb-2024,21400,PE,156.8,238.55,145,229.4,229.4,1388,14991.95,18900,-9950,30-JAN-2024,
OPTIDX,NIFTY,15-Feb-2024,21450,PE,172,258.75,170,251.75,251.75,173,1874.59,3050,-50,30-JAN-2024,
OPTIDX,NIFTY,15-Feb-2024,21500,PE,175,280,159.2,270.5,270.5,3310,35969.19,80450,-6650,30-JAN-2024,
OPTIDX,NIFTY,15-Feb-2024,21550,PE,189.1,304.75,189.1,291.4,291.4,709,7726,4900,-9050,30-JAN-2024,
OPTIDX,NIFTY,15-Feb-2024,21600,PE,200,325.5,197.2,315.5,315.5,1740,19025.37,21800,3750,30-JAN-2024,
OPTIDX,NIFTY,15-Feb-2024,21650,PE,240.75,350,239.45,341.75,341.75,582,6382.05,5900,-3300,30-JAN-2024,
OPTIDX,NIFTY,15-Feb-2024,21700,PE,237.55,377.9,232.35,368.35,368.35,2156,23710.12,37800,200,30-JAN-2024,
OPTIDX,NIFTY,15-Feb-2024,21750,PE,265,404.5,253.25,392.45,392.45,713,7867.82,6650,-1950,30-JAN-2024,
OPTIDX,NIFTY,15-Feb-2024,21800,PE,276.45,435,276.4,425,425,1976,21871.63,46650,-500,30-JAN-2024,
OPTIDX,NIFTY,15-Feb-2024,21850,PE,331.8,466.6,322.6,454.55,454.55,236,2623.5,5500,1250,30-JAN-2024,
OPTIDX,NIFTY,15-Feb-2024,21900,PE,325.55,498.1,325.55,487.15,487.15,325,3626.31,6450,2800,30-JAN-2024,
OPTIDX,NIFTY,15-Feb-2024,21950,PE,405,534.95,395.15,520.5,520.5,52,582.79,1800,1750,30-JAN-2024,
OPTIDX,NIFTY,15-Feb-2024,22000,PE,382.35,567.8,371.45,553.6,553.6,1301,14595.09,13450,-1750,30-JAN-2024,
OPTIDX,NIFTY,15-Feb-2024,22050,PE,451.25,601.5,429.2,594.1,594.1,92,1035.78,4950,3700,30-JAN-2024,
OPTIDX,NIFTY,15-Feb-2024,22100,PE,0,0,0,554.6,571.05,0,0,1200,0,30-JAN-2024,
OPTIDX,NIFTY,15-Feb-2024,22150,PE,0,0,0,343.55,612.35,0,0,50,0,30-JAN-2024,
OPTIDX,NIFTY,15-Feb-2024,22200,PE,522.25,580,522,552.25,654.7,12,136.5,4700,-200,30-JAN-2024,
OPTIDX,NIFTY,15-Feb-2024,22250,PE,0,0,0,657.2,698,0,0,0,0,30-JAN-2024,
OPTIDX,NIFTY,15-Feb-2024,22300,PE,0,0,0,1021.7,742.15,0,0,1800,0,30-JAN-2024,
OPTIDX,NIFTY,15-Feb-2024,22350,PE,0,0,0,726.75,787.1,0,0,0,0,30-JAN-2024,
OPTIDX,NIFTY,15-Feb-2024,22400,PE,0,0,0,762.8,832.75,0,0,0,0,30-JAN-2024,
OPTIDX,NIFTY,15-Feb-2024,22450,PE,0,0,0,800.6,879,0,0,0,0,30-JAN-2024,
OPTIDX,NIFTY,15-Feb-2024,22500,PE,0,0,0,756.4,925.75,0,0,50,0,30-JAN-2024,
OPTIDX,NIFTY,15-Feb-2024,22550,PE,0,0,0,875.85,973.05,0,0,0,0,30-JAN-2024,
OPTIDX,NIFTY,15-Feb-2024,22600,PE,0,0,0,914.95,1020.75,0,0,0,0,30-JAN-2024,
OPTIDX,NIFTY,15-Feb-2024,22650,PE,0,0,0,954.75,1068.75,0,0,0,0,30-JAN-2024,
OPTIDX,NIFTY,15-Feb-2024,22700,PE,0,0,0,995.2,1117.1,0,0,0,0,30-JAN-2024,
OPTIDX,NIFTY,15-Feb-2024,22750,PE,0,0,0,1036.3,1165.75,0,0,0,0,30-JAN-2024,
OPTIDX,NIFTY,15-Feb-2024,22800,PE,0,0,0,1078,1214.6,0,0,0,0,30-JAN-2024,
OPTIDX,NIFTY,15-Feb-2024,22850,PE,0,0,0,1120.25,1263.6,0,0,0,0,30-JAN-2024,
OPTIDX,NIFTY,15-Feb-2024,22900,PE,0,0,0,1163.05,1312.8,0,0,0,0,30-JAN-2024,
OPTIDX,NIFTY,15-Feb-2024,22950,PE,0,0,0,1206.35,1362.1,0,0,0,0,30-JAN-2024,
OPTIDX,NIFTY,15-Feb-2024,23000,PE,0,0,0,1175,1411.5,0,0,700,0,30-JAN-2024,
OPTIDX,NIFTY,15-Feb-2024,23050,PE,0,0,0,1294.4,1461,0,0,0,0,30-JAN-2024,
OPTIDX,NIFTY,15-Feb-2024,23100,PE,0,0,0,1339.1,1510.6,0,0,0,0,30-JAN-2024,
OPTIDX,NIFTY,15-Feb-2024,23150,PE,0,0,0,1384.2,1560.25,0,0,0,0,30-JAN-2024,
OPTIDX,NIFTY,15-Feb-2024,23200,PE,0,0,0,1429.7,1609.9,0,0,0,0,30-JAN-2024,
OPTIDX,NIFTY,15-Feb-2024,23250,PE,0,0,0,1475.5,1659.65,0,0,0,0,30-JAN-2024,
OPTIDX,NIFTY,15-Feb-2024,23300,PE,0,0,0,1521.65,1709.4,0,0,0,0,30-JAN-2024,
OPTIDX,NIFTY,15-Feb-2024,23350,PE,0,0,0,1568.15,1759.15,0,0,0,0,30-JAN-2024,
OPTIDX,NIFTY,15-Feb-2024,23400,PE,0,0,0,1614.9,1808.95,0,0,0,0,30-JAN-2024,
OPTIDX,NIFTY,15-Feb-2024,23450,PE,0,0,0,1661.9,1858.75,0,0,0,0,30-JAN-2024,
OPTIDX,NIFTY,15-Feb-2024,23500,PE,0,0,0,1709.15,1908.55,0,0,0,0,30-JAN-2024,
OPTIDX,NIFTY,15-Feb-2024,23550,PE,0,0,0,1756.65,1958.4,0,0,0,0,30-JAN-2024,
OPTIDX,NIFTY,15-Feb-2024,23600,PE,0,0,0,1804.3,2008.25,0,0,0,0,30-JAN-2024,
OPTIDX,NIFTY,15-Feb-2024,23650,PE,0,0,0,1852.2,2058.05,0,0,0,0,30-JAN-2024,
OPTIDX,NIFTY,15-Feb-2024,23700,PE,0,0,0,1900.25,2107.9,0,0,0,0,30-JAN-2024,
OPTIDX,NIFTY,15-Feb-2024,23750,PE,0,0,0,1948.45,2157.75,0,0,0,0,30-JAN-2024,
OPTIDX,NIFTY,15-Feb-2024,23800,PE,0,0,0,1996.85,2207.6,0,0,0,0,30-JAN-2024,
OPTIDX,NIFTY,15-Feb-2024,23850,PE,0,0,0,2045.35,2257.45,0,0,0,0,30-JAN-2024,
OPTIDX,NIFTY,22-Feb-2024,19500,CE,0,0,0,2102.9,2104.95,0,0,0,0,30-JAN-2024,
OPTIDX,NIFTY,22-Feb-2024,19550,CE,0,0,0,2053.95,2055.2,0,0,0,0,30-JAN-2024,
OPTIDX,NIFTY,22-Feb-2024,19600,CE,0,0,0,2005.1,2005.45,0,0,0,0,30-JAN-2024,
OPTIDX,NIFTY,22-Feb-2024,19650,CE,0,0,0,1956.35,1955.75,0,0,0,0,30-JAN-2024,
OPTIDX,NIFTY,22-Feb-2024,19700,CE,0,0,0,1907.8,1906.05,0,0,0,0,30-JAN-2024,
OPTIDX,NIFTY,22-Feb-2024,19750,CE,0,0,0,1859.35,1856.35,0,0,0,0,30-JAN-2024,
OPTIDX,NIFTY,22-Feb-2024,19800,CE,0,0,0,1811.1,1806.7,0,0,0,0,30-JAN-2024,
OPTIDX,NIFTY,22-Feb-2024,19850,CE,0,0,0,1763,1757.05,0,0,0,0,30-JAN-2024,
OPTIDX,NIFTY,22-Feb-2024,19900,CE,0,0,0,1715.1,1707.5,0,0,0,0,30-JAN-2024,
OPTIDX,NIFTY,22-Feb-2024,19950,CE,0,0,0,1667.45,1657.95,0,0,0,0,30-JAN-2024,
OPTIDX,NIFTY,22-Feb-2024,20000,CE,0,0,0,1620.05,1608.5,0,0,0,0,30-JAN-2024,
OPTIDX,NIFTY,22-Feb-2024,20050,CE,0,0,0,1572.9,1559.1,0,0,0,0,30-JAN-2024,
OPTIDX,NIFTY,22-Feb-2024,20100,CE,0,0,0,1526.05,1509.85,0,0,0,0,30-JAN-2024,
OPTIDX,NIFTY,22-Feb-2024,20150,CE,0,0,0,1479.5,1460.65,0,0,0,0,30-JAN-2024,
OPTIDX,NIFTY,22-Feb-2024,20200,CE,0,0,0,1433.3,1411.65,0,0,0,0,30-JAN-2024,
OPTIDX,NIFTY,22-Feb-2024,20250,CE,0,0,0,1387.5,1362.8,0,0,0,0,30-JAN-2024,
OPTIDX,NIFTY,22-Feb-2024,20300,CE,0,0,0,1342.05,1314.1,0,0,0,0,30-JAN-2024,
OPTIDX,NIFTY,22-Feb-2024,20350,CE,0,0,0,1297.1,1265.65,0,0,0,0,30-JAN-2024,
OPTIDX,NIFTY,22-Feb-2024,20400,CE,0,0,0,1300,1217.45,0,0,50,0,30-JAN-2024,
OPTIDX,NIFTY,22-Feb-2024,20450,CE,0,0,0,1208.55,1169.6,0,0,0,0,30-JAN-2024,
OPTIDX,NIFTY,22-Feb-2024,20500,CE,0,0,0,1165,1122.05,0,0,0,0,30-JAN-2024,
OPTIDX,NIFTY,22-Feb-2024,20550,CE,0,0,0,1122.05,1074.85,0,0,0,0,30-JAN-2024,
OPTIDX,NIFTY,22-Feb-2024,20600,CE,0,0,0,1079.7,1028.15,0,0,0,0,30-JAN-2024,
OPTIDX,NIFTY,22-Feb-2024,20650,CE,0,0,0,1037.95,981.9,0,0,0,0,30-JAN-2024,
OPTIDX,NIFTY,22-Feb-2024,20700,CE,0,0,0,996.85,936.25,0,0,0,0,30-JAN-2024,
OPTIDX,NIFTY,22-Feb-2024,20750,CE,0,0,0,956.4,891.15,0,0,0,0,30-JAN-2024,
OPTIDX,NIFTY,22-Feb-2024,20800,CE,0,0,0,916.7,846.75,0,0,0,0,30-JAN-2024,
OPTIDX,NIFTY,22-Feb-2024,20850,CE,0,0,0,877.75,803.1,0,0,0,0,30-JAN-2024,
OPTIDX,NIFTY,22-Feb-2024,20900,CE,0,0,0,839.55,760.25,0,0,0,0,30-JAN-2024,
OPTIDX,NIFTY,22-Feb-2024,20950,CE,0,0,0,803,718.25,0,0,0,0,30-JAN-2024,
OPTIDX,NIFTY,22-Feb-2024,21000,CE,942.7,942.7,724.55,743.35,743.35,681,7425.22,25300,24100,30-JAN-2024,
OPTIDX,NIFTY,22-Feb-2024,21050,CE,0,0,0,729.75,637.15,0,0,0,0,30-JAN-2024,
OPTIDX,NIFTY,22-Feb-2024,21100,CE,0,0,0,702.5,598.15,0,0,0,0,30-JAN-2024,
OPTIDX,NIFTY,22-Feb-2024,21150,CE,0,0,0,661,560.3,0,0,0,0,30-JAN-2024,
OPTIDX,NIFTY,22-Feb-2024,21200,CE,747.05,747.05,705,705,523.6,4,43.84,250,100,30-JAN-2024,
OPTIDX,NIFTY,22-Feb-2024,21250,CE,0,0,0,596,488.2,0,0,0,0,30-JAN-2024,
OPTIDX,NIFTY,22-Feb-2024,21300,CE,702.25,702.25,527.8,541.3,541.3,14,153.43,3400,0,30-JAN-2024,
OPTIDX,NIFTY,22-Feb-2024,21350,CE,0,0,0,383.85,421.25,0,0,100,0,30-JAN-2024,
OPTIDX,NIFTY,22-Feb-2024,21400,CE,627,627,482,482,482,33,361.76,2700,-300,30-JAN-2024,
OPTIDX,NIFTY,22-Feb-2024,21450,CE,605.1,605.1,532.6,532.6,359.75,3,33.01,1700,50,30-JAN-2024,
OPTIDX,NIFTY,22-Feb-2024,21500,CE,580,602.6,397.05,408.2,408.2,318,3496.49,15200,1550,30-JAN-2024,
OPTIDX,NIFTY,22-Feb-2024,21550,CE,506.15,537.45,362.5,381.15,381.15,92,1009.73,4350,2100,30-JAN-2024,
OPTIDX,NIFTY,22-Feb-2024,21600,CE,526.55,526.55,340.3,352.5,352.5,333,3658.1,17250,11750,30-JAN-2024,
OPTIDX,NIFTY,22-Feb-2024,21650,CE,495,495,319.5,329.7,329.7,54,594.17,5250,1600,30-JAN-2024,
OPTIDX,NIFTY,22-Feb-2024,21700,CE,465.95,465.95,293.7,303.35,303.35,432,4767.91,12950,6300,30-JAN-2024,
OPTIDX,NIFTY,22-Feb-2024,21750,CE,390.65,421.85,271.25,274.8,274.8,29,320.28,5600,50,30-JAN-2024,
OPTIDX,NIFTY,22-Feb-2024,21800,CE,399.4,410,248.05,256.6,256.6,715,7915.11,17650,7900,30-JAN-2024,
OPTIDX,NIFTY,22-Feb-2024,21850,CE,357.35,365.6,230.05,236.05,236.05,118,1307.07,3050,2850,30-JAN-2024,
OPTIDX,NIFTY,22-Feb-2024,21900,CE,342.9,342.9,209.2,219.5,219.5,257,2851.99,5450,-1750,30-JAN-2024,
OPTIDX,NIFTY,22-Feb-2024,21950,CE,291.65,291.65,190.5,194.2,194.2,50,554.22,7150,50,30-JAN-2024,
OPTIDX,NIFTY,22-Feb-2024,22000,CE,289,307.1,176.75,182.3,182.3,1532,17042.27,47100,17150,30-JAN-2024,
OPTIDX,NIFTY,22-Feb-2024,22050,CE,220,220,160.7,162.35,162.35,76,844.24,7600,100,30-JAN-2024,
OPTIDX,NIFTY,22-Feb-2024,22100,CE,242.1,254.05,144,147.2,147.2,389,4336.57,26900,100,30-JAN-2024,
OPTIDX,NIFTY,22-Feb-2024,22150,CE,134.85,136.2,133.65,134.65,134.65,5,55.71,250,250,30-JAN-2024,
OPTIDX,NIFTY,22-Feb-2024,22200,CE,204,211.05,118.2,121.85,121.85,214,2392.48,5650,-700,30-JAN-2024,
OPTIDX,NIFTY,22-Feb-2024,22250,CE,128.45,128.45,111.8,113.05,113.05,7,78.27,350,350,30-JAN-2024,
OPTIDX,NIFTY,22-Feb-2024,22300,CE,131.35,174.75,97.7,98.6,98.6,490,5497.02,23800,150,30-JAN-2024,
OPTIDX,NIFTY,22-Feb-2024,22350,CE,0,0,0,135.7,51.4,0,0,0,0,30-JAN-2024,
OPTIDX,NIFTY,22-Feb-2024,22400,CE,137.35,142.25,78.95,81.1,81.1,100,1124.84,2000,-900,30-JAN-2024,
OPTIDX,NIFTY,22-Feb-2024,22450,CE,0,0,0,114.75,38.85,0,0,0,0,30-JAN-2024,
OPTIDX,NIFTY,22-Feb-2024,22500,CE,110,118.6,65.55,67.8,67.8,804,9085.01,20750,8800,30-JAN-2024,
OPTIDX,NIFTY,22-Feb-2024,22550,CE,62.3,62.3,62.3,62.3,62.3,1,11.3,50,50,30-JAN-2024,
OPTIDX,NIFTY,22-Feb-2024,22600,CE,91.6,97.55,53.55,53.85,53.85,370,4195.68,32000,1150,30-JAN-2024,
OPTIDX,NIFTY,22-Feb-2024,22650,CE,0,0,0,80.6,21.3,0,0,0,0,30-JAN-2024,
OPTIDX,NIFTY,22-Feb-2024,22700,CE,75.7,77.45,41.95,44.15,44.15,218,2480.53,23150,1050,30-JAN-2024,
OPTIDX,NIFTY,22-Feb-2024,22750,CE,0,0,0,66.95,15.45,0,0,0,0,30-JAN-2024,
OPTIDX,NIFTY,22-Feb-2024,22800,CE,44.75,66.35,36.85,37.95,37.95,84,959.57,3000,2550,30-JAN-2024,
OPTIDX,NIFTY,22-Feb-2024,22850,CE,0,0,0,55.3,11.05,0,0,0,0,30-JAN-2024,
OPTIDX,NIFTY,22-Feb-2024,22900,CE,0,0,0,50.15,9.3,0,0,0,0,30-JAN-2024,
OPTIDX,NIFTY,22-Feb-2024,22950,CE,40,41,36.35,36.35,7.8,5,57.47,500,0,30-JAN-2024,
OPTIDX,NIFTY,22-Feb-2024,23000,CE,37.65,43.45,25.3,27.1,27.1,423,4871.81,11650,5250,30-JAN-2024,
OPTIDX,NIFTY,22-Feb-2024,23050,CE,0,0,0,37.05,5.45,0,0,0,0,30-JAN-2024,
OPTIDX,NIFTY,22-Feb-2024,23100,CE,0,0,0,18.25,4.5,0,0,100,0,30-JAN-2024,
OPTIDX,NIFTY,22-Feb-2024,23150,CE,0,0,0,30.05,3.75,0,0,0,0,30-JAN-2024,
OPTIDX,NIFTY,22-Feb-2024,23200,CE,22.65,29.15,22,22,3.05,56,650.3,4550,500,30-JAN-2024,
OPTIDX,NIFTY,22-Feb-2024,23250,CE,0,0,0,24.25,2.5,0,0,0,0,30-JAN-2024,
OPTIDX,NIFTY,22-Feb-2024,23300,CE,0,0,0,21.7,2.05,0,0,0,0,30-JAN-2024,
OPTIDX,NIFTY,22-Feb-2024,23350,CE,14.95,27.6,13.9,15,15,37,432.27,1050,500,30-JAN-2024,
OPTIDX,NIFTY,22-Feb-2024,23400,CE,18.25,18.25,18.25,18.25,1.35,1,11.7,50,50,30-JAN-2024,
OPTIDX,NIFTY,22-Feb-2024,23450,CE,16.45,16.45,16.45,16.45,1.1,3,35.19,150,150,30-JAN-2024,
OPTIDX,NIFTY,22-Feb-2024,23500,CE,14.8,19.25,10.55,13.1,13.1,39,458.54,1550,1550,30-JAN-2024,
OPTIDX,NIFTY,22-Feb-2024,19500,PE,0,0,0,4.05,0.1,0,0,0,0,30-JAN-2024,
OPTIDX,NIFTY,22-Feb-2024,19550,PE,0,0,0,4.75,0.15,0,0,0,0,30-JAN-2024,
OPTIDX,NIFTY,22-Feb-2024,19600,PE,0,0,0,5.55,0.2,0,0,0,0,30-JAN-2024,
OPTIDX,NIFTY,22-Feb-2024,19650,PE,0,0,0,6.5,0.25,0,0,0,0,30-JAN-2024,
OPTIDX,NIFTY,22-Feb-2024,19700,PE,0,0,0,7.55,0.3,0,0,0,0,30-JAN-2024,
OPTIDX,NIFTY,22-Feb-2024,19750,PE,0,0,0,8.75,0.4,0,0,0,0,30-JAN-2024,
OPTIDX,NIFTY,22-Feb-2024,19800,PE,0,0,0,15.3,0.55,0,0,0,0,30-JAN-2024,
OPTIDX,NIFTY,22-Feb-2024,19850,PE,0,0,0,11.7,0.7,0,0,0,0,30-JAN-2024,
OPTIDX,NIFTY,22-Feb-2024,19900,PE,0,0,0,13.45,0.9,0,0,0,0,30-JAN-2024,
OPTIDX,NIFTY,22-Feb-2024,19950,PE,0,0,0,15.45,1.2,0,0,0,0,30-JAN-2024,
OPTIDX,NIFTY,22-Feb-2024,20000,PE,19.35,23.95,16.2,23.25,23.25,174,1741.78,8700,3250,30-JAN-2024,
OPTIDX,NIFTY,22-Feb-2024,20050,PE,0,0,0,20.2,1.9,0,0,0,0,30-JAN-2024,
OPTIDX,NIFTY,22-Feb-2024,20100,PE,0,0,0,23,2.4,0,0,0,0,30-JAN-2024,
OPTIDX,NIFTY,22-Feb-2024,20150,PE,0,0,0,26.1,3.05,0,0,0,0,30-JAN-2024,
OPTIDX,NIFTY,22-Feb-2024,20200,PE,0,0,0,29.55,3.8,0,0,0,0,30-JAN-2024,
OPTIDX,NIFTY,22-Feb-2024,20250,PE,0,0,0,33.4,4.75,0,0,0,0,30-JAN-2024,
OPTIDX,NIFTY,22-Feb-2024,20300,PE,0,0,0,37.65,5.85,0,0,0,0,30-JAN-2024,
OPTIDX,NIFTY,22-Feb-2024,20350,PE,0,0,0,42.3,7.2,0,0,0,0,30-JAN-2024,
OPTIDX,NIFTY,22-Feb-2024,20400,PE,39.9,51.5,35.1,47.4,47.4,62,633.72,13450,150,30-JAN-2024,
OPTIDX,NIFTY,22-Feb-2024,20450,PE,0,0,0,53.05,10.7,0,0,0,0,30-JAN-2024,
OPTIDX,NIFTY,22-Feb-2024,20500,PE,44.2,57.95,41.95,55.35,55.35,602,6185.7,10150,1050,30-JAN-2024,
OPTIDX,NIFTY,22-Feb-2024,20550,PE,0,0,0,65.85,15.55,0,0,0,0,30-JAN-2024,
OPTIDX,NIFTY,22-Feb-2024,20600,PE,0,0,0,73.15,18.6,0,0,0,0,30-JAN-2024,
OPTIDX,NIFTY,22-Feb-2024,20650,PE,0,0,0,81.05,22.15,0,0,0,0,30-JAN-2024,
OPTIDX,NIFTY,22-Feb-2024,20700,PE,60.4,87.15,58.1,83.55,83.55,940,9764.87,28750,19550,30-JAN-2024,
OPTIDX,NIFTY,22-Feb-2024,20750,PE,0,0,0,98.85,31,0,0,0,0,30-JAN-2024,
OPTIDX,NIFTY,22-Feb-2024,20800,PE,77.5,98.25,70.35,94,94,212,2214.16,34750,200,30-JAN-2024,
OPTIDX,NIFTY,22-Feb-2024,20850,PE,0,0,0,143,42.5,0,0,100,0,30-JAN-2024,
OPTIDX,NIFTY,22-Feb-2024,20900,PE,84.6,121.2,73.5,114.8,114.8,90,945.15,11600,1350,30-JAN-2024,
OPTIDX,NIFTY,22-Feb-2024,20950,PE,0,0,0,144,57.25,0,0,0,0,30-JAN-2024,
OPTIDX,NIFTY,22-Feb-2024,21000,PE,97.5,140.8,87.35,136.4,136.4,1706,18008.18,56200,14300,30-JAN-2024,
OPTIDX,NIFTY,22-Feb-2024,21050,PE,0,0,0,209.2,75.7,0,0,2100,0,30-JAN-2024,
OPTIDX,NIFTY,22-Feb-2024,21100,PE,116.15,166.5,116.15,160.6,160.6,156,1656.33,7250,1150,30-JAN-2024,
OPTIDX,NIFTY,22-Feb-2024,21150,PE,0,0,0,148.45,98.45,0,0,150,0,30-JAN-2024,
OPTIDX,NIFTY,22-Feb-2024,21200,PE,137.6,196.15,125,189.65,189.65,543,5797,18700,7800,30-JAN-2024,
OPTIDX,NIFTY,22-Feb-2024,21250,PE,118.6,160.05,118.6,160.05,125.9,9,96.31,600,-250,30-JAN-2024,
OPTIDX,NIFTY,22-Feb-2024,21300,PE,158.05,226.75,158.05,224.05,224.05,113,1214.04,3950,-150,30-JAN-2024,
OPTIDX,NIFTY,22-Feb-2024,21350,PE,181.35,243.85,181.35,232.3,232.3,61,657.32,2700,650,30-JAN-2024,
OPTIDX,NIFTY,22-Feb-2024,21400,PE,170.45,263.3,170.45,259.5,259.5,462,4993.39,17450,2800,30-JAN-2024,
OPTIDX,NIFTY,22-Feb-2024,21450,PE,205,290,201.8,282.15,282.15,40,433.92,2400,500,30-JAN-2024,
OPTIDX,NIFTY,22-Feb-2024,21500,PE,204.55,306,204.55,299.75,299.75,713,7755.16,24350,7450,30-JAN-2024,
OPTIDX,NIFTY,22-Feb-2024,21550,PE,221.55,333.2,221.45,326.15,326.15,62,676.64,1200,-1150,30-JAN-2024,
OPTIDX,NIFTY,22-Feb-2024,21600,PE,241.95,351.35,241.95,345.05,345.05,290,3176.28,3350,-300,30-JAN-2024,
OPTIDX,NIFTY,22-Feb-2024,21650,PE,291.7,365.05,287,363.25,363.25,11,120.83,200,-100,30-JAN-2024,
OPTIDX,NIFTY,22-Feb-2024,21700,PE,295,406,274.8,394.5,394.5,676,7444.73,5100,600,30-JAN-2024,
OPTIDX,NIFTY,22-Feb-2024,21750,PE,0,0,0,464.95,345.45,0,0,0,0,30-JAN-2024,
OPTIDX,NIFTY,22-Feb-2024,21800,PE,320,453.75,314.9,445.95,445.95,516,5715.58,6000,-8250,30-JAN-2024,
OPTIDX,NIFTY,22-Feb-2024,21850,PE,0,0,0,522.85,406.45,0,0,0,0,30-JAN-2024,
OPTIDX,NIFTY,22-Feb-2024,21900,PE,343.05,517.95,343.05,510.5,510.5,133,1483.65,4100,3850,30-JAN-2024,
OPTIDX,NIFTY,22-Feb-2024,21950,PE,0,0,0,584.6,472.85,0,0,0,0,30-JAN-2024,
OPTIDX,NIFTY,22-Feb-2024,22000,PE,443.75,590.05,443.75,584.95,584.95,170,1911.76,5050,5050,30-JAN-2024,
OPTIDX,NIFTY,22-Feb-2024,22050,PE,0,0,0,650.05,544.3,0,0,0,0,30-JAN-2024,
OPTIDX,NIFTY,22-Feb-2024,22100,PE,0,0,0,684.1,581.8,0,0,0,0,30-JAN-2024,
OPTIDX,NIFTY,22-Feb-2024,22150,PE,0,0,0,719,620.4,0,0,0,0,30-JAN-2024,
OPTIDX,NIFTY,22-Feb-2024,22200,PE,0,0,0,754.7,660,0,0,0,0,30-JAN-2024,
OPTIDX,NIFTY,22-Feb-2024,22250,PE,0,0,0,791.3,700.6,0,0,0,0,30-JAN-2024,
OPTIDX,NIFTY,22-Feb-2024,22300,PE,0,0,0,829.65,742.1,0,0,0,0,30-JAN-2024,
OPTIDX,NIFTY,22-Feb-2024,22350,PE,0,0,0,866.9,784.45,0,0,0,0,30-JAN-2024,
OPTIDX,NIFTY,22-Feb-2024,22400,PE,0,0,0,905.7,827.6,0,0,0,0,30-JAN-2024,
OPTIDX,NIFTY,22-Feb-2024,22450,PE,0,0,0,945.25,871.45,0,0,0,0,30-JAN-2024,
OPTIDX,NIFTY,22-Feb-2024,22500,PE,730,976.6,730,949.8,949.8,104,1209.1,4900,4900,30-JAN-2024,
OPTIDX,NIFTY,22-Feb-2024,22550,PE,0,0,0,1026.25,961.15,0,0,0,0,30-JAN-2024,
OPTIDX,NIFTY,22-Feb-2024,22600,PE,0,0,0,1067.7,1006.85,0,0,0,0,30-JAN-2024,
OPTIDX,NIFTY,22-Feb-2024,22650,PE,0,0,0,1109.7,1053.05,0,0,0,0,30-JAN-2024,
OPTIDX,NIFTY,22-Feb-2024,22700,PE,0,0,0,1152.3,1099.75,0,0,0,0,30-JAN-2024,
OPTIDX,NIFTY,22-Feb-2024,22750,PE,0,0,0,1195.4,1146.8,0,0,0,0,30-JAN-2024,
OPTIDX,NIFTY,22-Feb-2024,22800,PE,0,0,0,1238.95,1194.2,0,0,0,0,30-JAN-2024,
OPTIDX,NIFTY,22-Feb-2024,22850,PE,0,0,0,1283,1242,0,0,0,0,30-JAN-2024,
OPTIDX,NIFTY,22-Feb-2024,22900,PE,0,0,0,1327.5,1290,0,0,0,0,30-JAN-2024,
OPTIDX,NIFTY,22-Feb-2024,22950,PE,0,0,0,1372.4,1338.3,0,0,0,0,30-JAN-2024,
OPTIDX,NIFTY,22-Feb-2024,23000,PE,0,0,0,1417.7,1386.8,0,0,0,0,30-JAN-2024,
OPTIDX,NIFTY,22-Feb-2024,23050,PE,0,0,0,1463.35,1435.5,0,0,0,0,30-JAN-2024,
OPTIDX,NIFTY,22-Feb-2024,23100,PE,0,0,0,1509.35,1484.35,0,0,0,0,30-JAN-2024,
OPTIDX,NIFTY,22-Feb-2024,23150,PE,0,0,0,1555.65,1533.35,0,0,0,0,30-JAN-2024,
OPTIDX,NIFTY,22-Feb-2024,23200,PE,0,0,0,1602.25,1582.5,0,0,0,0,30-JAN-2024,
OPTIDX,NIFTY,22-Feb-2024,23250,PE,0,0,0,1649.15,1631.75,0,0,0,0,30-JAN-2024,
OPTIDX,NIFTY,22-Feb-2024,23300,PE,0,0,0,1696.25,1681.05,0,0,0,0,30-JAN-2024,
OPTIDX,NIFTY,22-Feb-2024,23350,PE,0,0,0,1743.65,1730.5,0,0,0,0,30-JAN-2024,
OPTIDX,NIFTY,22-Feb-2024,23400,PE,0,0,0,1791.2,1779.95,0,0,0,0,30-JAN-2024,
OPTIDX,NIFTY,22-Feb-2024,23450,PE,0,0,0,1839,1829.5,0,0,0,0,30-JAN-2024,
OPTIDX,NIFTY,22-Feb-2024,23500,PE,0,0,0,1886.95,1879.05,0,0,0,0,30-JAN-2024,
OPTIDX,NIFTY,29-Feb-2024,18650,CE,3144.45,3144.45,2970,2975,2975,3,32.52,33100,-150,30-JAN-2024,
OPTIDX,NIFTY,29-Feb-2024,18700,CE,3199.95,3200,2899.85,2906.95,2906.95,36,391.01,73800,-750,30-JAN-2024,
OPTIDX,NIFTY,29-Feb-2024,18750,CE,0,0,0,2900,2875.85,0,0,1150,0,30-JAN-2024,
OPTIDX,NIFTY,29-Feb-2024,18800,CE,0,0,0,2929.2,2826.1,0,0,11500,0,30-JAN-2024,
OPTIDX,NIFTY,29-Feb-2024,18850,CE,0,0,0,1710.25,2776.4,0,0,0,0,30-JAN-2024,
OPTIDX,NIFTY,29-Feb-2024,18900,CE,0,0,0,2555,2726.7,0,0,2450,0,30-JAN-2024,
OPTIDX,NIFTY,29-Feb-2024,18950,CE,0,0,0,2410,2676.95,0,0,200,0,30-JAN-2024,
OPTIDX,NIFTY,29-Feb-2024,19000,CE,2899.95,2900,2590.6,2604.75,2604.75,507,5512.16,706650,5950,30-JAN-2024,
OPTIDX,NIFTY,29-Feb-2024,19050,CE,0,0,0,2476.45,2577.55,0,0,100,0,30-JAN-2024,
OPTIDX,NIFTY,29-Feb-2024,19100,CE,0,0,0,2300.45,2527.8,0,0,2550,0,30-JAN-2024,
OPTIDX,NIFTY,29-Feb-2024,19150,CE,0,0,0,2340,2478.1,0,0,200,0,30-JAN-2024,
OPTIDX,NIFTY,29-Feb-2024,19200,CE,0,0,0,2482.35,2428.4,0,0,3950,0,30-JAN-2024,
OPTIDX,NIFTY,29-Feb-2024,19250,CE,0,0,0,2140,2378.7,0,0,150,0,30-JAN-2024,
OPTIDX,NIFTY,29-Feb-2024,19300,CE,2390,2390,2390,2390,2329.05,2,21.69,6250,100,30-JAN-2024,
OPTIDX,NIFTY,29-Feb-2024,19350,CE,0,0,0,2359.65,2279.35,0,0,9150,0,30-JAN-2024,
OPTIDX,NIFTY,29-Feb-2024,19400,CE,2479.25,2497.75,2217.05,2220.25,2220.25,105,1144.43,8900,-50,30-JAN-2024,
OPTIDX,NIFTY,29-Feb-2024,19450,CE,0,0,0,1231.75,2180.05,0,0,0,0,30-JAN-2024,
OPTIDX,NIFTY,29-Feb-2024,19500,CE,2410.55,2411.85,2100.8,2119.35,2119.35,176,1916.73,143650,650,30-JAN-2024,
OPTIDX,NIFTY,29-Feb-2024,19550,CE,0,0,0,1159.6,2080.8,0,0,0,0,30-JAN-2024,
OPTIDX,NIFTY,29-Feb-2024,19600,CE,2036.4,2036.4,2036.4,2036.4,2031.2,1,10.81,14150,50,30-JAN-2024,
OPTIDX,NIFTY,29-Feb-2024,19650,CE,0,0,0,1835.5,1981.65,0,0,200,0,30-JAN-2024,
OPTIDX,NIFTY,29-Feb-2024,19700,CE,2209.95,2219.25,1950,1960,1960,31,338.47,23950,500,30-JAN-2024,
OPTIDX,NIFTY,29-Feb-2024,19750,CE,0,0,0,1020.15,1882.7,0,0,0,0,30-JAN-2024,
OPTIDX,NIFTY,29-Feb-2024,19800,CE,2100.95,2100.95,1865,1865,1833.3,6,65.44,13300,0,30-JAN-2024,
OPTIDX,NIFTY,29-Feb-2024,19850,CE,0,0,0,1615.5,1784,0,0,250,0,30-JAN-2024,
OPTIDX,NIFTY,29-Feb-2024,19900,CE,1950,1965.7,1730,1730,1730,6,65.23,11650,-50,30-JAN-2024,
OPTIDX,NIFTY,29-Feb-2024,19950,CE,0,0,0,1493.5,1685.6,0,0,1900,0,30-JAN-2024,
OPTIDX,NIFTY,29-Feb-2024,20000,CE,1900,1940,1625.05,1648.6,1648.6,896,9739.22,764500,-15050,30-JAN-2024,
OPTIDX,NIFTY,29-Feb-2024,20050,CE,0,0,0,1517.3,1587.65,0,0,50,0,30-JAN-2024,
OPTIDX,NIFTY,29-Feb-2024,20100,CE,1751.1,1759.6,1534.75,1534.75,1534.75,12,130.49,10100,-300,30-JAN-2024,
OPTIDX,NIFTY,29-Feb-2024,20150,CE,0,0,0,1374.15,1490.35,0,0,150,0,30-JAN-2024,
OPTIDX,NIFTY,29-Feb-2024,20200,CE,1672.6,1672.6,1490,1490,1441.95,9,97.81,27100,0,30-JAN-2024,
OPTIDX,NIFTY,29-Feb-2024,20250,CE,0,0,0,1210,1393.8,0,0,450,0,30-JAN-2024,
OPTIDX,NIFTY,29-Feb-2024,20300,CE,1640,1640,1500,1500,1345.9,12,131.07,22050,-250,30-JAN-2024,
OPTIDX,NIFTY,29-Feb-2024,20350,CE,0,0,0,1136.75,1298.3,0,0,200,0,30-JAN-2024,
OPTIDX,NIFTY,29-Feb-2024,20400,CE,1514.05,1520,1261,1275.5,1275.5,6,65.35,41600,-200,30-JAN-2024,
OPTIDX,NIFTY,29-Feb-2024,20450,CE,0,0,0,1410,1204.15,0,0,950,0,30-JAN-2024,
OPTIDX,NIFTY,29-Feb-2024,20500,CE,1465,1475,1171.8,1192.35,1192.35,2123,23131.68,351600,-37850,30-JAN-2024,
OPTIDX,NIFTY,29-Feb-2024,20550,CE,0,0,0,1357,1111.55,0,0,800,0,30-JAN-2024,
OPTIDX,NIFTY,29-Feb-2024,20600,CE,1301.15,1334.15,1080.05,1102.3,1102.3,31,338.5,27150,-600,30-JAN-2024,
OPTIDX,NIFTY,29-Feb-2024,20650,CE,0,0,0,883.75,1020.95,0,0,1500,0,30-JAN-2024,
OPTIDX,NIFTY,29-Feb-2024,20700,CE,1286.2,1286.25,1004.35,1027.65,1027.65,52,566.87,62750,-50,30-JAN-2024,
OPTIDX,NIFTY,29-Feb-2024,20750,CE,1161,1161,957.15,969.45,969.45,3,32.67,1800,50,30-JAN-2024,
OPTIDX,NIFTY,29-Feb-2024,20800,CE,1199,1199,934.95,944.65,944.65,159,1734.26,90400,-200,30-JAN-2024,
OPTIDX,NIFTY,29-Feb-2024,20850,CE,1087.1,1087.1,895,908.8,908.8,8,87.38,5000,0,30-JAN-2024,
OPTIDX,NIFTY,29-Feb-2024,20900,CE,1100.45,1100.5,848,864.7,864.7,198,2161.46,103300,500,30-JAN-2024,
OPTIDX,NIFTY,29-Feb-2024,20950,CE,1028.7,1028.7,800.05,828.65,828.65,24,262.14,5250,400,30-JAN-2024,
OPTIDX,NIFTY,29-Feb-2024,21000,CE,1012,1047.7,768.4,787.2,787.2,5805,63507.15,667900,5900,30-JAN-2024,
OPTIDX,NIFTY,29-Feb-2024,21050,CE,928.35,986.05,742.35,752.45,752.45,127,1384.91,8350,-3550,30-JAN-2024,
OPTIDX,NIFTY,29-Feb-2024,21100,CE,950,958.65,700.8,710.5,710.5,726,7942.73,87450,-4250,30-JAN-2024,
OPTIDX,NIFTY,29-Feb-2024,21150,CE,894,894,663,672.35,672.35,249,2718.23,14600,7450,30-JAN-2024,
OPTIDX,NIFTY,29-Feb-2024,21200,CE,860,876.3,627.75,642.35,642.35,1582,17334.76,146900,-7100,30-JAN-2024,
OPTIDX,NIFTY,29-Feb-2024,21250,CE,793.7,828.35,595,607.15,607.15,178,1949.5,18550,3500,30-JAN-2024,
OPTIDX,NIFTY,29-Feb-2024,21300,CE,788,811.15,562.35,576.9,576.9,5860,64283.51,405100,4650,30-JAN-2024,
OPTIDX,NIFTY,29-Feb-2024,21350,CE,748.55,755.8,530,543.85,543.85,233,2562.46,22650,250,30-JAN-2024,
OPTIDX,NIFTY,29-Feb-2024,21400,CE,724.5,724.65,498,511.2,511.2,6679,73449.77,283400,-37450,30-JAN-2024,
OPTIDX,NIFTY,29-Feb-2024,21450,CE,686.05,686.05,467.05,480.05,480.05,672,7387.8,41200,6700,30-JAN-2024,
OPTIDX,NIFTY,29-Feb-2024,21500,CE,643,657.9,437.9,451.7,451.7,32373,356513.65,1557500,-20100,30-JAN-2024,
OPTIDX,NIFTY,29-Feb-2024,21550,CE,609.65,616.85,412,425.25,425.25,1850,20388.97,54450,10000,30-JAN-2024,
OPTIDX,NIFTY,29-Feb-2024,21600,CE,599.85,599.85,383.35,396.5,396.5,32530,358784.05,725200,206550,30-JAN-2024,
OPTIDX,NIFTY,29-Feb-2024,21650,CE,552,557.3,359.3,373.5,373.5,5782,63899.51,102900,51000,30-JAN-2024,
OPTIDX,NIFTY,29-Feb-2024,21700,CE,494.45,540.35,333.95,345.9,345.9,54993,608670.68,840600,-161250,30-JAN-2024,
OPTIDX,NIFTY,29-Feb-2024,21750,CE,465,504.7,312.05,323.4,323.4,5233,57988.7,75400,26100,30-JAN-2024,
OPTIDX,NIFTY,29-Feb-2024,21800,CE,435.05,462.75,288.3,299.3,299.3,43263,479677.47,941450,162100,30-JAN-2024,
OPTIDX,NIFTY,29-Feb-2024,21850,CE,396,434.3,268.6,280.15,280.15,3981,44192.09,84600,32450,30-JAN-2024,
OPTIDX,NIFTY,29-Feb-2024,21900,CE,391,406.65,247.4,256.05,256.05,27399,304555.26,544500,148050,30-JAN-2024,
OPTIDX,NIFTY,29-Feb-2024,21950,CE,361.15,381.15,229.6,237.45,237.45,5070,56432.44,44550,17900,30-JAN-2024,
OPTIDX,NIFTY,29-Feb-2024,22000,CE,339.7,367.5,211.25,219.1,219.1,69393,773439.9,2152400,181600,30-JAN-2024,
OPTIDX,NIFTY,29-Feb-2024,22050,CE,315.45,331,193.85,201,201,3054,34089.82,47950,13100,30-JAN-2024,
OPTIDX,NIFTY,29-Feb-2024,22100,CE,293.35,306.3,177.45,183.75,183.75,10999,122881.88,359700,46000,30-JAN-2024,
OPTIDX,NIFTY,29-Feb-2024,22150,CE,299,299,162.05,167.5,167.5,2544,28465.31,37500,5400,30-JAN-2024,
OPTIDX,NIFTY,29-Feb-2024,22200,CE,285,309,147,152.85,152.85,21404,239736.34,494050,-75300,30-JAN-2024,
OPTIDX,NIFTY,29-Feb-2024,22250,CE,235,242.45,135.9,140.55,140.55,2285,25630.78,73450,1850,30-JAN-2024,
OPTIDX,NIFTY,29-Feb-2024,22300,CE,210.1,223.9,123.5,126.95,126.95,12912,145029.42,338450,27250,30-JAN-2024,
OPTIDX,NIFTY,29-Feb-2024,22350,CE,204.4,206.7,112.9,117,117,1341,15090.94,33000,8250,30-JAN-2024,
OPTIDX,NIFTY,29-Feb-2024,22400,CE,180.5,188.8,102,105.7,105.7,13504,152139.83,331300,-32150,30-JAN-2024,
OPTIDX,NIFTY,29-Feb-2024,22450,CE,171.7,172.85,93.45,96.55,96.55,959,10826.46,39300,-6650,30-JAN-2024,
OPTIDX,NIFTY,29-Feb-2024,22500,CE,145.1,174.65,85.55,88.5,88.5,36726,415379.63,1389650,14450,30-JAN-2024,
OPTIDX,NIFTY,29-Feb-2024,22550,CE,144,144.4,78.45,81.05,81.05,1143,12949.3,19300,-5650,30-JAN-2024,
OPTIDX,NIFTY,29-Feb-2024,22600,CE,119.5,131.65,68,73.15,73.15,12015,136349.16,413400,63000,30-JAN-2024,
OPTIDX,NIFTY,29-Feb-2024,22650,CE,107.6,120.35,65.4,68,68,805,9154.66,31550,4000,30-JAN-2024,
OPTIDX,NIFTY,29-Feb-2024,22700,CE,100,109.35,59.7,61.6,61.6,16929,192859.37,407900,71100,30-JAN-2024,
OPTIDX,NIFTY,29-Feb-2024,22750,CE,96.05,99.1,46.35,55.8,55.8,1559,17792.15,50100,15450,30-JAN-2024,
OPTIDX,NIFTY,29-Feb-2024,22800,CE,86.05,90.35,49.8,51.2,51.2,12104,138388.66,365050,83900,30-JAN-2024,
OPTIDX,NIFTY,29-Feb-2024,22850,CE,79.55,81,45.9,47.4,47.4,1170,13401.99,65250,15200,30-JAN-2024,
OPTIDX,NIFTY,29-Feb-2024,22900,CE,71.4,74.1,42.85,44.5,44.5,7837,89962.63,159550,18450,30-JAN-2024,
OPTIDX,NIFTY,29-Feb-2024,22950,CE,66.7,67,39.6,41.1,41.1,1647,18944.7,41500,16500,30-JAN-2024,
OPTIDX,NIFTY,29-Feb-2024,23000,CE,59.65,62.7,38,39.75,39.75,46111,531430.76,3353800,190250,30-JAN-2024,
OPTIDX,NIFTY,29-Feb-2024,23050,CE,53.4,54.95,33.95,35.25,35.25,1313,15159.54,46150,33650,30-JAN-2024,
OPTIDX,NIFTY,29-Feb-2024,23100,CE,46.8,49.4,30.7,32.1,32.1,6948,80389.94,207650,54500,30-JAN-2024,
OPTIDX,NIFTY,29-Feb-2024,23150,CE,44.3,44.95,27.95,29.3,29.3,547,6341.2,13300,-2000,30-JAN-2024,
OPTIDX,NIFTY,29-Feb-2024,23200,CE,36.55,40.95,26.7,27.95,27.95,8184,95075.83,270600,76500,30-JAN-2024,
OPTIDX,NIFTY,29-Feb-2024,23250,CE,35.95,36.45,24.3,25.6,25.6,550,6402.25,12600,600,30-JAN-2024,
OPTIDX,NIFTY,29-Feb-2024,23300,CE,31,33.05,22.3,23.75,23.75,11645,135826.19,226450,-15750,30-JAN-2024,
OPTIDX,NIFTY,29-Feb-2024,23350,CE,29.4,29.7,20.5,21.75,21.75,549,6416.25,13350,-500,30-JAN-2024,
OPTIDX,NIFTY,29-Feb-2024,23400,CE,25.05,28.05,18.75,20.15,20.15,3093,36224.57,149100,4650,30-JAN-2024,
OPTIDX,NIFTY,29-Feb-2024,23450,CE,23.9,24.8,17.95,19,19,622,7299.59,18900,-5800,30-JAN-2024,
OPTIDX,NIFTY,29-Feb-2024,23500,CE,22.05,23.05,16.05,17.6,17.6,18871,221922.17,770400,-40150,30-JAN-2024,
OPTIDX,NIFTY,29-Feb-2024,23550,CE,18.3,21.15,15.05,16.45,16.45,638,7518.27,12050,-1100,30-JAN-2024,
OPTIDX,NIFTY,29-Feb-2024,23600,CE,17.8,19.1,13.75,14.95,14.95,3038,35873.76,294050,12650,30-JAN-2024,
OPTIDX,NIFTY,29-Feb-2024,23650,CE,16.1,18.1,13.1,13.9,13.9,543,6425.22,13750,-1750,30-JAN-2024,
OPTIDX,NIFTY,29-Feb-2024,23700,CE,14.7,16.75,11.9,12.65,12.65,2960,35097.02,116900,11600,30-JAN-2024,
OPTIDX,NIFTY,29-Feb-2024,23750,CE,13.25,16.15,11.45,12.05,12.05,604,7176.6,16700,3950,30-JAN-2024,
OPTIDX,NIFTY,29-Feb-2024,23800,CE,12.45,15.6,10.75,11.4,11.4,12623,150295.62,242200,78550,30-JAN-2024,
OPTIDX,NIFTY,29-Feb-2024,23850,CE,12.1,14.45,10.2,11,11,1527,18218.81,60550,12350,30-JAN-2024,
OPTIDX,NIFTY,29-Feb-2024,18650,PE,4.35,5.8,4.3,5.15,5.15,289,2695.67,31000,-2550,30-JAN-2024,
OPTIDX,NIFTY,29-Feb-2024,18700,PE,4.4,5.95,4.4,5.85,5.85,243,2272.72,49750,-3050,30-JAN-2024,
OPTIDX,NIFTY,29-Feb-2024,18750,PE,0,0,0,77,0.05,0,0,0,0,30-JAN-2024,
OPTIDX,NIFTY,29-Feb-2024,18800,PE,5.8,7.2,5.15,6.55,0.05,81,761.65,5150,-600,30-JAN-2024,
OPTIDX,NIFTY,29-Feb-2024,18850,PE,0,0,0,89.45,0.05,0,0,0,0,30-JAN-2024,
OPTIDX,NIFTY,29-Feb-2024,18900,PE,0,0,0,3.1,0.05,0,0,1250,0,30-JAN-2024,
OPTIDX,NIFTY,29-Feb-2024,18950,PE,0,0,0,103.4,0.05,0,0,0,0,30-JAN-2024,
OPTIDX,NIFTY,29-Feb-2024,19000,PE,7.05,8.6,6.9,8.15,8.15,2236,21250.66,1011650,32400,30-JAN-2024,
OPTIDX,NIFTY,29-Feb-2024,19050,PE,0,0,0,119.05,0.05,0,0,0,0,30-JAN-2024,
OPTIDX,NIFTY,29-Feb-2024,19100,PE,0,0,0,127.5,0.05,0,0,0,0,30-JAN-2024,
OPTIDX,NIFTY,29-Feb-2024,19150,PE,0,0,0,136.4,0.05,0,0,0,0,30-JAN-2024,
OPTIDX,NIFTY,29-Feb-2024,19200,PE,8.55,9.3,7.3,8.75,8.75,139,1334.99,19650,-800,30-JAN-2024,
OPTIDX,NIFTY,29-Feb-2024,19250,PE,9.7,9.7,8.45,9.25,0.1,12,115.55,1900,550,30-JAN-2024,
OPTIDX,NIFTY,29-Feb-2024,19300,PE,10.65,10.95,8.75,9.95,9.95,604,5831.56,72950,7800,30-JAN-2024,
OPTIDX,NIFTY,29-Feb-2024,19350,PE,10.45,10.5,9.25,10.15,10.15,43,416.23,4100,1450,30-JAN-2024,
OPTIDX,NIFTY,29-Feb-2024,19400,PE,9.8,12,8.9,10.55,10.55,1890,18342.46,57450,25500,30-JAN-2024,
OPTIDX,NIFTY,29-Feb-2024,19450,PE,11,12.3,9.25,12.25,12.25,67,651.93,6550,1150,30-JAN-2024,
OPTIDX,NIFTY,29-Feb-2024,19500,PE,10.75,13.75,10.5,13.05,13.05,7986,77911.77,1019250,83800,30-JAN-2024,
OPTIDX,NIFTY,29-Feb-2024,19550,PE,13.5,14,11.65,13.9,13.9,165,1613.93,5000,1100,30-JAN-2024,
OPTIDX,NIFTY,29-Feb-2024,19600,PE,12.7,15.5,11.4,14.45,14.45,1268,12434.84,67250,23200,30-JAN-2024,
OPTIDX,NIFTY,29-Feb-2024,19650,PE,14.85,16.5,12.7,15.8,15.8,268,2635.13,14300,3200,30-JAN-2024,
OPTIDX,NIFTY,29-Feb-2024,19700,PE,13.85,17.75,13.25,16.95,16.95,1672,16481.75,203350,32150,30-JAN-2024,
OPTIDX,NIFTY,29-Feb-2024,19750,PE,14.85,20.85,14.1,20.05,20.05,1387,13708.74,49400,1100,30-JAN-2024,
OPTIDX,NIFTY,29-Feb-2024,19800,PE,16.2,21.9,15,20.95,20.95,5030,49844.93,474350,20200,30-JAN-2024,
OPTIDX,NIFTY,29-Feb-2024,19850,PE,19.6,24.8,17.8,23.9,23.9,426,4232.61,14700,1200,30-JAN-2024,
OPTIDX,NIFTY,29-Feb-2024,19900,PE,19.9,26.9,19.75,25.75,25.75,3104,30920.92,350900,21350,30-JAN-2024,
OPTIDX,NIFTY,29-Feb-2024,19950,PE,21.55,29.75,21.5,28.65,28.65,664,6631.77,13650,-2100,30-JAN-2024,
OPTIDX,NIFTY,29-Feb-2024,20000,PE,25.3,33.5,22.25,32.1,32.1,21416,214462.84,2202300,-17500,30-JAN-2024,
OPTIDX,NIFTY,29-Feb-2024,20050,PE,25.2,35.35,25.2,34.5,34.5,347,3483.94,21850,-700,30-JAN-2024,
OPTIDX,NIFTY,29-Feb-2024,20100,PE,27.9,39.45,27.3,37.9,37.9,5130,51639.68,444550,0,30-JAN-2024,
OPTIDX,NIFTY,29-Feb-2024,20150,PE,39,42.15,28.5,41,41,570,5752.64,16900,3100,30-JAN-2024,
OPTIDX,NIFTY,29-Feb-2024,20200,PE,31.4,46.45,31.4,44.75,44.75,6913,69953.77,571650,27550,30-JAN-2024,
OPTIDX,NIFTY,29-Feb-2024,20250,PE,33.15,50,33.15,48.35,48.35,1037,10520.94,23950,3700,30-JAN-2024,
OPTIDX,NIFTY,29-Feb-2024,20300,PE,34.35,55,34.35,53.45,53.45,17876,181838.9,660650,69550,30-JAN-2024,
OPTIDX,NIFTY,29-Feb-2024,20350,PE,38.5,58.9,38.5,57.25,57.25,2422,24700.77,27350,2650,30-JAN-2024,
OPTIDX,NIFTY,29-Feb-2024,20400,PE,41.05,63.45,40.75,61.65,61.65,12367,126459.93,677550,27000,30-JAN-2024,
OPTIDX,NIFTY,29-Feb-2024,20450,PE,46.2,69.1,46.2,67.15,67.15,2194,22495.1,31700,7800,30-JAN-2024,
OPTIDX,NIFTY,29-Feb-2024,20500,PE,53,76.4,46.15,74.2,74.2,24229,249102.54,2325300,111950,30-JAN-2024,
OPTIDX,NIFTY,29-Feb-2024,20550,PE,53.25,94.4,53.25,78.95,78.95,970,9998.74,34050,9400,30-JAN-2024,
OPTIDX,NIFTY,29-Feb-2024,20600,PE,55.35,87.7,55,84.8,84.8,13611,140686.5,454550,29600,30-JAN-2024,
OPTIDX,NIFTY,29-Feb-2024,20650,PE,60.4,95.7,60.4,93.05,93.05,2127,22041.7,73700,2550,30-JAN-2024,
OPTIDX,NIFTY,29-Feb-2024,20700,PE,65.3,103,64.75,100.05,100.05,12656,131522.57,506400,38900,30-JAN-2024,
OPTIDX,NIFTY,29-Feb-2024,20750,PE,72.15,110.95,72.15,109.2,109.2,1169,12181.9,34350,-6050,30-JAN-2024,
OPTIDX,NIFTY,29-Feb-2024,20800,PE,65.15,119.95,65.1,117.25,117.25,18380,192053.82,650650,34800,30-JAN-2024,
OPTIDX,NIFTY,29-Feb-2024,20850,PE,85.4,130.8,85.4,127.6,127.6,1016,10646.62,24100,-6350,30-JAN-2024,
OPTIDX,NIFTY,29-Feb-2024,20900,PE,90.05,141.5,88.25,138.35,138.35,11924,125301.83,403850,-76400,30-JAN-2024,
OPTIDX,NIFTY,29-Feb-2024,20950,PE,100.25,152.6,93.75,148.95,148.95,2919,30774.75,21100,-8500,30-JAN-2024,
OPTIDX,NIFTY,29-Feb-2024,21000,PE,107.95,165.45,97.05,161.35,161.35,49639,524569.5,2992050,-160800,30-JAN-2024,
OPTIDX,NIFTY,29-Feb-2024,21050,PE,115,178.1,114.95,173.7,173.7,820,8689.78,30550,3400,30-JAN-2024,
OPTIDX,NIFTY,29-Feb-2024,21100,PE,124.35,190.85,118.6,186.6,186.6,10641,113101.56,387600,-700,30-JAN-2024,
OPTIDX,NIFTY,29-Feb-2024,21150,PE,135,205.9,130.15,201.6,201.6,774,8250.97,38350,6100,30-JAN-2024,
OPTIDX,NIFTY,29-Feb-2024,21200,PE,190,225,140.05,216,216,24337,260215.08,915450,-63450,30-JAN-2024,
OPTIDX,NIFTY,29-Feb-2024,21250,PE,168.2,237.85,150.8,230.35,230.35,2032,21799.66,98400,17100,30-JAN-2024,
OPTIDX,NIFTY,29-Feb-2024,21300,PE,166.95,254.7,160.55,248.85,248.85,18907,203391.63,1065550,73350,30-JAN-2024,
OPTIDX,NIFTY,29-Feb-2024,21350,PE,185,271.75,166.6,264.05,264.05,1943,20956.41,61450,-4000,30-JAN-2024,
OPTIDX,NIFTY,29-Feb-2024,21400,PE,222.2,289.65,175.35,281.8,281.8,20561,222471.31,612150,6050,30-JAN-2024,
OPTIDX,NIFTY,29-Feb-2024,21450,PE,202.15,309.6,202,301.7,301.7,2770,30064.97,63550,-14450,30-JAN-2024,
OPTIDX,NIFTY,29-Feb-2024,21500,PE,225,330,209.3,321.3,321.3,64613,703584.2,2340100,-71600,30-JAN-2024,
OPTIDX,NIFTY,29-Feb-2024,21550,PE,236,352.4,229.45,342.6,342.6,3706,40493.19,50650,-10700,30-JAN-2024,
OPTIDX,NIFTY,29-Feb-2024,21600,PE,247,376.35,239.1,366.05,366.05,44716,490167.34,844750,149050,30-JAN-2024,
OPTIDX,NIFTY,29-Feb-2024,21650,PE,264.4,400.4,256.65,387.5,387.5,6395,70294.64,90150,18700,30-JAN-2024,
OPTIDX,NIFTY,29-Feb-2024,21700,PE,279.8,427.55,250,415.25,415.25,72754,802231.21,1103850,60250,30-JAN-2024,
OPTIDX,NIFTY,29-Feb-2024,21750,PE,300.3,450.6,293.95,440.35,440.35,5991,66259.6,59450,2150,30-JAN-2024,
OPTIDX,NIFTY,29-Feb-2024,21800,PE,319.8,479.85,306.45,467.7,467.7,39187,434872.91,621650,57400,30-JAN-2024,
OPTIDX,NIFTY,29-Feb-2024,21850,PE,335.95,506.35,335.95,492.1,492.1,4492,50008.67,45850,-12400,30-JAN-2024,
OPTIDX,NIFTY,29-Feb-2024,21900,PE,360,538.25,357.05,523.25,523.25,18828,210252.07,357800,48000,30-JAN-2024,
OPTIDX,NIFTY,29-Feb-2024,21950,PE,394.55,565.85,393.55,553,553,1757,19683.32,9650,-6450,30-JAN-2024,
OPTIDX,NIFTY,29-Feb-2024,22000,PE,412.65,599.75,405,585.45,585.45,34393,386902.66,1244400,-51350,30-JAN-2024,
OPTIDX,NIFTY,29-Feb-2024,22050,PE,442.95,625.7,442.8,617.8,617.8,1068,12046.83,15350,-13500,30-JAN-2024,
OPTIDX,NIFTY,29-Feb-2024,22100,PE,469.45,664,455.65,649.4,649.4,4044,45785.83,77100,-25950,30-JAN-2024,
OPTIDX,NIFTY,29-Feb-2024,22150,PE,487.6,694.75,484.55,684.4,684.4,433,4917.05,12900,1250,30-JAN-2024,
OPTIDX,NIFTY,29-Feb-2024,22200,PE,524.95,735,521,720.15,720.15,1712,19514.05,102000,-650,30-JAN-2024,
OPTIDX,NIFTY,29-Feb-2024,22250,PE,565.15,767.6,565.1,752.25,752.25,150,1715.42,35100,100,30-JAN-2024,
OPTIDX,NIFTY,29-Feb-2024,22300,PE,586,807.55,583.05,790.25,790.25,1006,11556.53,69700,-3000,30-JAN-2024,
OPTIDX,NIFTY,29-Feb-2024,22350,PE,608.35,830.4,608.35,826.7,826.7,369,4247.69,14000,-3550,30-JAN-2024,
OPTIDX,NIFTY,29-Feb-2024,22400,PE,650.95,885.25,637.55,861.2,861.2,3668,42427.03,111050,-650,30-JAN-2024,
OPTIDX,NIFTY,29-Feb-2024,22450,PE,688.95,893.1,687.3,893.1,893.1,305,3534.96,18250,-2150,30-JAN-2024,
OPTIDX,NIFTY,29-Feb-2024,22500,PE,715.9,968.3,706.7,951.85,951.85,4784,55822.95,454100,-21350,30-JAN-2024,
OPTIDX,NIFTY,29-Feb-2024,22550,PE,758.3,971.8,758.3,971.8,971.8,8,93.44,10600,100,30-JAN-2024,
OPTIDX,NIFTY,29-Feb-2024,22600,PE,797.1,982.85,797.1,981,997.45,34,399.04,10200,250,30-JAN-2024,
OPTIDX,NIFTY,29-Feb-2024,22650,PE,833.55,919.15,833.55,919.15,1041.9,6,70.53,5150,-50,30-JAN-2024,
OPTIDX,NIFTY,29-Feb-2024,22700,PE,872.1,1125,872.05,1125,1125,20,236.66,15350,100,30-JAN-2024,
OPTIDX,NIFTY,29-Feb-2024,22750,PE,922.7,1004.25,922.65,1004.25,1132.35,10,118.52,7450,0,30-JAN-2024,
OPTIDX,NIFTY,29-Feb-2024,22800,PE,951.35,1187.65,951.35,1185,1178.3,14,166.82,10750,-50,30-JAN-2024,
OPTIDX,NIFTY,29-Feb-2024,22850,PE,1005.5,1047.45,1005.45,1047.45,1224.65,6,71.6,3300,-100,30-JAN-2024,
OPTIDX,NIFTY,29-Feb-2024,22900,PE,1035.55,1270,1035.55,1270,1270,20,239.99,6750,450,30-JAN-2024,
OPTIDX,NIFTY,29-Feb-2024,22950,PE,0,0,0,1138.55,1318.45,0,0,1350,0,30-JAN-2024,
OPTIDX,NIFTY,29-Feb-2024,23000,PE,1119.1,1416.8,1107,1394.2,1394.2,2743,33260.79,669450,35300,30-JAN-2024,
OPTIDX,NIFTY,29-Feb-2024,23050,PE,1424.1,1424.1,1424.1,1424.1,1424.1,1,12.23,850,0,30-JAN-2024,
OPTIDX,NIFTY,29-Feb-2024,23100,PE,1240.75,1452.55,1236.4,1438.55,1461.4,12,146.65,3500,100,30-JAN-2024,
OPTIDX,NIFTY,29-Feb-2024,23150,PE,1510.4,1510.4,1510.4,1510.4,1510.4,1,12.33,300,-50,30-JAN-2024,
OPTIDX,NIFTY,29-Feb-2024,23200,PE,1450.5,1584.5,1450.5,1570.8,1570.8,4,49.48,4750,50,30-JAN-2024,
OPTIDX,NIFTY,29-Feb-2024,23250,PE,0,0,0,1401.75,1606.4,0,0,300,0,30-JAN-2024,
OPTIDX,NIFTY,29-Feb-2024,23300,PE,1390.25,1616.1,1390.2,1616.1,1655.05,43,533.02,5500,-50,30-JAN-2024,
OPTIDX,NIFTY,29-Feb-2024,23350,PE,0,0,0,1623.2,1703.9,0,0,50,0,30-JAN-2024,
OPTIDX,NIFTY,29-Feb-2024,23400,PE,1583.45,1776.75,1583.45,1757,1757,16,200.56,800,800,30-JAN-2024,
OPTIDX,NIFTY,29-Feb-2024,23450,PE,0,0,0,2407.4,1801.85,0,0,0,0,30-JAN-2024,
OPTIDX,NIFTY,29-Feb-2024,23500,PE,1575,1875.35,1575,1854.45,1854.45,335,4220.91,86350,2800,30-JAN-2024,
OPTIDX,NIFTY,29-Feb-2024,23550,PE,0,0,0,2500.05,1900.25,0,0,0,0,30-JAN-2024,
OPTIDX,NIFTY,29-Feb-2024,23600,PE,0,0,0,2546.6,1949.55,0,0,0,0,30-JAN-2024,
OPTIDX,NIFTY,29-Feb-2024,23650,PE,0,0,0,2593.3,1998.9,0,0,0,0,30-JAN-2024,
OPTIDX,NIFTY,29-Feb-2024,23700,PE,1822.1,2038.2,1822.1,2038.2,2048.35,3,38.43,750,50,30-JAN-2024,
OPTIDX,NIFTY,29-Feb-2024,23750,PE,1934.2,2039.9,1920.7,2039.9,2097.8,4,51.42,200,200,30-JAN-2024,
OPTIDX,NIFTY,29-Feb-2024,23800,PE,1982.95,2147.6,1968.15,2147.6,2147.6,20,258.27,1600,650,30-JAN-2024,
OPTIDX,NIFTY,29-Feb-2024,23850,PE,2031.95,2218.2,2022.85,2204.6,2204.6,11,142.75,800,550,30-JAN-2024,
OPTIDX,NIFTY,28-Mar-2024,14000,CE,7800,7800,7600,7619.7,7619.7,21,227.4,322150,-700,30-JAN-2024,
OPTIDX,NIFTY,28-Mar-2024,15000,CE,0,0,0,6751.55,6682.15,0,0,25750,0,30-JAN-2024,
OPTIDX,NIFTY,28-Mar-2024,16000,CE,5900,5900,5795,5795,5692.8,30,327.48,42550,-1500,30-JAN-2024,
OPTIDX,NIFTY,28-Mar-2024,17000,CE,4906,4930,4680.95,4698.95,4698.95,19,207.7,140800,-550,30-JAN-2024,
OPTIDX,NIFTY,28-Mar-2024,18000,CE,3940,3960,3593.9,3698,3698,433,4728.76,634250,100,30-JAN-2024,
OPTIDX,NIFTY,28-Mar-2024,19000,CE,3010,3010,2722.35,2732.15,2732.15,97,1061.56,470200,-200,30-JAN-2024,
OPTIDX,NIFTY,28-Mar-2024,19500,CE,2273.15,2273.15,2249.75,2262.95,2262.95,21,228.51,1800,300,30-JAN-2024,
OPTIDX,NIFTY,28-Mar-2024,19550,CE,0,0,0,2607.5,2186.8,0,0,0,0,30-JAN-2024,
OPTIDX,NIFTY,28-Mar-2024,19600,CE,0,0,0,2560.8,2138.25,0,0,0,0,30-JAN-2024,
OPTIDX,NIFTY,28-Mar-2024,19650,CE,0,0,0,2514.3,2089.85,0,0,0,0,30-JAN-2024,
OPTIDX,NIFTY,28-Mar-2024,19700,CE,0,0,0,2467.95,2041.6,0,0,0,0,30-JAN-2024,
OPTIDX,NIFTY,28-Mar-2024,19750,CE,0,0,0,2421.85,1993.45,0,0,0,0,30-JAN-2024,
OPTIDX,NIFTY,28-Mar-2024,19800,CE,0,0,0,2000,1945.5,0,0,50,0,30-JAN-2024,
OPTIDX,NIFTY,28-Mar-2024,19850,CE,0,0,0,2330.25,1897.7,0,0,0,0,30-JAN-2024,
OPTIDX,NIFTY,28-Mar-2024,19900,CE,0,0,0,2284.75,1850.15,0,0,0,0,30-JAN-2024,
OPTIDX,NIFTY,28-Mar-2024,19950,CE,0,0,0,2239.55,1802.75,0,0,0,0,30-JAN-2024,
OPTIDX,NIFTY,28-Mar-2024,20000,CE,2090,2090,1800.05,1813.4,1813.4,214,2345.54,470500,-2550,30-JAN-2024,
OPTIDX,NIFTY,28-Mar-2024,20050,CE,0,0,0,2149.85,1708.75,0,0,0,0,30-JAN-2024,
OPTIDX,NIFTY,28-Mar-2024,20100,CE,0,0,0,2105.4,1662.1,0,0,0,0,30-JAN-2024,
OPTIDX,NIFTY,28-Mar-2024,20150,CE,0,0,0,2061.25,1615.8,0,0,0,0,30-JAN-2024,
OPTIDX,NIFTY,28-Mar-2024,20200,CE,0,0,0,1500,1569.8,0,0,50,0,30-JAN-2024,
OPTIDX,NIFTY,28-Mar-2024,20250,CE,0,0,0,1355.8,1524.15,0,0,50,0,30-JAN-2024,
OPTIDX,NIFTY,28-Mar-2024,20300,CE,1537.5,1567.25,1537.5,1552.4,1552.4,2,21.85,350,50,30-JAN-2024,
OPTIDX,NIFTY,28-Mar-2024,20350,CE,0,0,0,1339.55,1433.9,0,0,400,0,30-JAN-2024,
OPTIDX,NIFTY,28-Mar-2024,20400,CE,0,0,0,1309.75,1389.4,0,0,200,0,30-JAN-2024,
OPTIDX,NIFTY,28-Mar-2024,20450,CE,0,0,0,1208.75,1345.35,0,0,100,0,30-JAN-2024,
OPTIDX,NIFTY,28-Mar-2024,20500,CE,1593.05,1609.55,1367.95,1381.05,1381.05,223,2452.36,60000,5600,30-JAN-2024,
OPTIDX,NIFTY,28-Mar-2024,20550,CE,1375.7,1375.7,1375.6,1375.6,1258.65,2,21.92,1000,100,30-JAN-2024,
OPTIDX,NIFTY,28-Mar-2024,20600,CE,0,0,0,1480.3,1216.05,0,0,3800,0,30-JAN-2024,
OPTIDX,NIFTY,28-Mar-2024,20650,CE,1373.2,1373.2,1373.2,1373.2,1174,1,11.01,500,50,30-JAN-2024,
OPTIDX,NIFTY,28-Mar-2024,20700,CE,0,0,0,1425,1132.5,0,0,700,0,30-JAN-2024,
OPTIDX,NIFTY,28-Mar-2024,20750,CE,1356.5,1356.5,1356.4,1356.4,1091.65,2,22.1,800,100,30-JAN-2024,
OPTIDX,NIFTY,28-Mar-2024,20800,CE,1378.15,1387.15,1152.55,1152.55,1152.55,13,143.95,1700,250,30-JAN-2024,
OPTIDX,NIFTY,28-Mar-2024,20850,CE,1225.75,1225.75,1225.75,1225.75,1011.75,1,11.03,250,50,30-JAN-2024,
OPTIDX,NIFTY,28-Mar-2024,20900,CE,1251.55,1251.55,1170.05,1170.05,972.85,8,88.47,1600,-50,30-JAN-2024,
OPTIDX,NIFTY,28-Mar-2024,20950,CE,1135.9,1135.9,1031.2,1031.2,1031.2,2,22.03,200,100,30-JAN-2024,
OPTIDX,NIFTY,28-Mar-2024,21000,CE,1202,1243.35,981.4,996.95,996.95,1570,17355.82,1194650,3700,30-JAN-2024,
OPTIDX,NIFTY,28-Mar-2024,21050,CE,0,0,0,1001.6,860.3,0,0,500,0,30-JAN-2024,
OPTIDX,NIFTY,28-Mar-2024,21100,CE,1139.5,1139.5,908,920.35,920.35,17,187.69,8350,-200,30-JAN-2024,
OPTIDX,NIFTY,28-Mar-2024,21150,CE,882.4,882.4,882.4,882.4,882.4,1,11.01,350,50,30-JAN-2024,
OPTIDX,NIFTY,28-Mar-2024,21200,CE,1049.3,1061.55,844.2,861.65,861.65,64,708.52,25200,0,30-JAN-2024,
OPTIDX,NIFTY,28-Mar-2024,21250,CE,987.75,987.75,987.75,987.75,721.05,1,11.11,1450,0,30-JAN-2024,
OPTIDX,NIFTY,28-Mar-2024,21300,CE,974.15,974.15,772.35,786.5,786.5,281,3111.42,30700,-4650,30-JAN-2024,
OPTIDX,NIFTY,28-Mar-2024,21350,CE,810.55,810.55,765.5,765.5,765.5,2,22.13,2550,50,30-JAN-2024,
OPTIDX,NIFTY,28-Mar-2024,21400,CE,900,913.75,707.05,724.9,724.9,69,767.17,36650,250,30-JAN-2024,
OPTIDX,NIFTY,28-Mar-2024,21450,CE,882.75,882.75,797.9,818.1,595.2,13,144.95,3700,50,30-JAN-2024,
OPTIDX,NIFTY,28-Mar-2024,21500,CE,842.3,861.7,648,660.85,660.85,1596,17764.36,171200,5000,30-JAN-2024,
OPTIDX,NIFTY,28-Mar-2024,21550,CE,777.9,797.45,616.55,639.1,639.1,25,277.56,6600,750,30-JAN-2024,
OPTIDX,NIFTY,28-Mar-2024,21600,CE,796.1,796.1,590,601.2,601.2,486,5413.67,67050,-1700,30-JAN-2024,
OPTIDX,NIFTY,28-Mar-2024,21650,CE,773.8,773.8,574.8,580.65,580.65,32,356.48,2900,350,30-JAN-2024,
OPTIDX,NIFTY,28-Mar-2024,21700,CE,732.1,732.1,535.1,546.4,546.4,740,8262.83,42550,950,30-JAN-2024,
OPTIDX,NIFTY,28-Mar-2024,21750,CE,660,695,505.35,518.75,518.75,79,883.51,5750,1650,30-JAN-2024,
OPTIDX,NIFTY,28-Mar-2024,21800,CE,659.95,661.9,484.1,496.45,496.45,828,9268.34,61050,9750,30-JAN-2024,
OPTIDX,NIFTY,28-Mar-2024,21850,CE,608.25,610,480.4,501.85,386.2,17,190.47,950,150,30-JAN-2024,
OPTIDX,NIFTY,28-Mar-2024,21900,CE,589.3,601.75,434.55,446.85,446.85,325,3642.98,63000,-1250,30-JAN-2024,
OPTIDX,NIFTY,28-Mar-2024,21950,CE,557.85,567.35,424.25,425.55,425.55,21,235.48,2850,250,30-JAN-2024,
OPTIDX,NIFTY,28-Mar-2024,22000,CE,520,550,387.4,397.15,397.15,7141,80233.63,1059500,12400,30-JAN-2024,
OPTIDX,NIFTY,28-Mar-2024,22050,CE,504,504,365.9,377.75,377.75,35,392.75,11700,-300,30-JAN-2024,
OPTIDX,NIFTY,28-Mar-2024,22100,CE,485.05,491.6,347.4,355.15,355.15,358,4033.14,45500,1200,30-JAN-2024,
OPTIDX,NIFTY,28-Mar-2024,22150,CE,448.4,448.4,328.25,328.25,328.25,9,101.48,6650,0,30-JAN-2024,
OPTIDX,NIFTY,28-Mar-2024,22200,CE,436.75,442.65,303.5,313.55,313.55,1138,12851.23,97000,2150,30-JAN-2024,
OPTIDX,NIFTY,28-Mar-2024,22250,CE,406.7,411.35,285.45,297.15,297.15,26,293.6,3100,0,30-JAN-2024,
OPTIDX,NIFTY,28-Mar-2024,22300,CE,385.95,389.35,268.05,276.85,276.85,827,9362.91,56500,-700,30-JAN-2024,
OPTIDX,NIFTY,28-Mar-2024,22350,CE,367.4,367.4,253.45,258.5,258.5,24,271.7,2950,-450,30-JAN-2024,
OPTIDX,NIFTY,28-Mar-2024,22400,CE,343,346.35,236.5,242.55,242.55,560,6356.04,33350,2850,30-JAN-2024,
OPTIDX,NIFTY,28-Mar-2024,22450,CE,318.15,318.15,224,226.25,226.25,43,488.24,4700,650,30-JAN-2024,
OPTIDX,NIFTY,28-Mar-2024,22500,CE,308.75,309.6,208.6,214.85,214.85,4656,52998.04,325550,31000,30-JAN-2024,
OPTIDX,NIFTY,28-Mar-2024,22550,CE,281,283.65,195.5,200.7,200.7,147,1675.75,6200,2000,30-JAN-2024,
OPTIDX,NIFTY,28-Mar-2024,22600,CE,254.65,269.55,180.55,186.45,186.45,446,5093.26,27600,1700,30-JAN-2024,
OPTIDX,NIFTY,28-Mar-2024,22650,CE,235.45,244.9,173.75,173.75,173.75,48,548.69,2750,-400,30-JAN-2024,
OPTIDX,NIFTY,28-Mar-2024,22700,CE,233.85,234.8,156.8,161.65,161.65,887,10155.97,67100,7200,30-JAN-2024,
OPTIDX,NIFTY,28-Mar-2024,22750,CE,206.4,216.2,149.4,149.9,149.9,68,779.85,6350,950,30-JAN-2024,
OPTIDX,NIFTY,28-Mar-2024,22800,CE,202.45,206.65,135,138.55,138.55,843,9683.66,79800,1900,30-JAN-2024,
OPTIDX,NIFTY,28-Mar-2024,22850,CE,176.5,188.05,128.5,132.25,132.25,106,1219.32,5500,2050,30-JAN-2024,
OPTIDX,NIFTY,28-Mar-2024,22900,CE,173.05,179.2,118.3,123.35,123.35,801,9232.81,36750,-5200,30-JAN-2024,
OPTIDX,NIFTY,28-Mar-2024,22950,CE,164.75,166.35,112.65,115.75,115.75,176,2031.1,3150,250,30-JAN-2024,
OPTIDX,NIFTY,28-Mar-2024,23000,CE,155.05,159.5,103.95,108.45,108.45,12842,148529.9,885750,35900,30-JAN-2024,
OPTIDX,NIFTY,28-Mar-2024,23050,CE,142.8,143.3,100.5,102.05,102.05,82,950.19,2050,-600,30-JAN-2024,
OPTIDX,NIFTY,28-Mar-2024,23100,CE,128.3,133.55,91.6,93.85,93.85,332,3853.74,17750,1600,30-JAN-2024,
OPTIDX,NIFTY,28-Mar-2024,23150,CE,122.65,124.3,88.75,89.2,89.2,31,360.54,1500,50,30-JAN-2024,
OPTIDX,NIFTY,28-Mar-2024,23200,CE,115.55,116.65,80.3,83.1,83.1,460,5358.52,19700,1800,30-JAN-2024,
OPTIDX,NIFTY,28-Mar-2024,23250,CE,102.6,107.6,76.2,77.3,77.3,36,420.18,1550,-700,30-JAN-2024,
OPTIDX,NIFTY,28-Mar-2024,23300,CE,89.2,99.7,70.85,72.45,72.45,848,9915.33,30050,10800,30-JAN-2024,
OPTIDX,NIFTY,28-Mar-2024,23350,CE,89.4,89.4,64.05,68.05,68.05,51,597.39,1400,-300,30-JAN-2024,
OPTIDX,NIFTY,28-Mar-2024,23400,CE,85,87.4,61.3,63.9,63.9,272,3192.41,16100,1600,30-JAN-2024,
OPTIDX,NIFTY,28-Mar-2024,23450,CE,75,78.4,58.2,59.95,59.95,47,552.72,2100,-450,30-JAN-2024,
OPTIDX,NIFTY,28-Mar-2024,23500,CE,75,79.9,54,56.25,56.25,4480,52788.82,180000,32200,30-JAN-2024,
OPTIDX,NIFTY,28-Mar-2024,23550,CE,66.7,67.3,50.1,51.1,51.1,42,495.83,1550,-900,30-JAN-2024,
OPTIDX,NIFTY,28-Mar-2024,23600,CE,61.05,64.8,47.5,49.3,49.3,97,1147.24,6750,-750,30-JAN-2024,
OPTIDX,NIFTY,28-Mar-2024,23650,CE,54,60.45,45.6,46.35,46.35,247,2927.65,4350,-1800,30-JAN-2024,
OPTIDX,NIFTY,28-Mar-2024,23700,CE,53.15,56.5,41.8,43.35,43.35,77,914.38,3800,-350,30-JAN-2024,
OPTIDX,NIFTY,28-Mar-2024,23750,CE,45,52,41.65,41.65,18.35,82,975.66,1600,-2700,30-JAN-2024,
OPTIDX,NIFTY,28-Mar-2024,23800,CE,46.35,48.75,37.85,38.7,38.7,148,1764.44,9450,-1200,30-JAN-2024,
OPTIDX,NIFTY,28-Mar-2024,23850,CE,43.15,45,35,36.05,36.05,341,4073.67,9900,3900,30-JAN-2024,
OPTIDX,NIFTY,28-Mar-2024,24000,CE,32.8,36.25,28.5,29.45,29.45,3819,45890.71,746200,-20500,30-JAN-2024,
OPTIDX,NIFTY,28-Mar-2024,25000,CE,18.1,18.1,14.45,14.9,14.9,824,10306.45,364050,5200,30-JAN-2024,
OPTIDX,NIFTY,28-Mar-2024,26000,CE,10.2,11.4,9.3,9.9,9.9,421,5475.07,146650,4400,30-JAN-2024,
OPTIDX,NIFTY,28-Mar-2024,27000,CE,6.05,6.8,5.45,6.8,6.8,87,1174.77,14250,100,30-JAN-2024,
OPTIDX,NIFTY,28-Mar-2024,14000,PE,4.4,4.75,4,4.35,4.35,38,266.08,134550,-400,30-JAN-2024,
OPTIDX,NIFTY,28-Mar-2024,15000,PE,6.8,6.8,5,5.7,5.7,5,37.51,8750,50,30-JAN-2024,
OPTIDX,NIFTY,28-Mar-2024,16000,PE,3.05,3.05,3.05,3.05,0.05,2,16,179350,0,30-JAN-2024,
OPTIDX,NIFTY,28-Mar-2024,17000,PE,11.2,12.25,9.05,9.35,9.35,292,2483.47,336450,-3250,30-JAN-2024,
OPTIDX,NIFTY,28-Mar-2024,18000,PE,15.75,16.75,13.9,14.4,14.4,764,6881.62,901800,-5550,30-JAN-2024,
OPTIDX,NIFTY,28-Mar-2024,19000,PE,25.2,27.15,23.85,25.6,25.6,1174,11167.69,1316550,-3500,30-JAN-2024,
OPTIDX,NIFTY,28-Mar-2024,19500,PE,40,41.55,35.15,40.3,40.3,799,7805.64,42900,4350,30-JAN-2024,
OPTIDX,NIFTY,28-Mar-2024,19550,PE,0,0,0,44.35,6.15,0,0,1150,0,30-JAN-2024,
OPTIDX,NIFTY,28-Mar-2024,19600,PE,42,44.5,38.15,43.4,43.4,311,3054.25,16600,-7750,30-JAN-2024,
OPTIDX,NIFTY,28-Mar-2024,19650,PE,0,0,0,60,8.1,0,0,1350,0,30-JAN-2024,
OPTIDX,NIFTY,28-Mar-2024,19700,PE,47.25,50,42.15,48.5,48.5,357,3524.67,73150,9900,30-JAN-2024,
OPTIDX,NIFTY,28-Mar-2024,19750,PE,0,0,0,51,10.65,0,0,750,0,30-JAN-2024,
OPTIDX,NIFTY,28-Mar-2024,19800,PE,48.9,56,47.1,54.45,54.45,809,8029.82,136850,13300,30-JAN-2024,
OPTIDX,NIFTY,28-Mar-2024,19850,PE,0,0,0,66.85,13.85,0,0,200,0,30-JAN-2024,
OPTIDX,NIFTY,28-Mar-2024,19900,PE,60,63.85,53.95,62.9,62.9,467,4660.36,144550,8150,30-JAN-2024,
OPTIDX,NIFTY,28-Mar-2024,19950,PE,0,0,0,52,17.8,0,0,0,0,30-JAN-2024,
OPTIDX,NIFTY,28-Mar-2024,20000,PE,63,77,60.8,74.6,74.6,7764,77907.68,2264350,31350,30-JAN-2024,
OPTIDX,NIFTY,28-Mar-2024,20050,PE,0,0,0,60.5,22.7,0,0,0,0,30-JAN-2024,
OPTIDX,NIFTY,28-Mar-2024,20100,PE,66.3,81.55,66.3,80.2,80.2,494,4982.89,154600,8800,30-JAN-2024,
OPTIDX,NIFTY,28-Mar-2024,20150,PE,72,85.75,72,85.2,85.2,32,323.66,2050,-250,30-JAN-2024,
OPTIDX,NIFTY,28-Mar-2024,20200,PE,73.1,90.45,71,89.2,89.2,941,9541.89,233550,11650,30-JAN-2024,
OPTIDX,NIFTY,28-Mar-2024,20250,PE,0,0,0,51.1,36,0,0,100,0,30-JAN-2024,
OPTIDX,NIFTY,28-Mar-2024,20300,PE,50.3,50.3,50.3,50.3,50.3,1,10.17,50,50,30-JAN-2024,
OPTIDX,NIFTY,28-Mar-2024,20350,PE,90,110.7,90,109.65,109.65,88,899.78,3900,1200,30-JAN-2024,
OPTIDX,NIFTY,28-Mar-2024,20400,PE,92.7,116.9,92.7,114.15,114.15,575,5894.41,183950,6200,30-JAN-2024,
OPTIDX,NIFTY,28-Mar-2024,20450,PE,0,0,0,104,55.05,0,0,1150,0,30-JAN-2024,
OPTIDX,NIFTY,28-Mar-2024,20500,PE,103.95,136.15,102.2,132.85,132.85,3471,35789.16,746600,23450,30-JAN-2024,
OPTIDX,NIFTY,28-Mar-2024,20550,PE,117.7,140.15,117.7,140.15,140.15,20,206.75,2950,350,30-JAN-2024,
OPTIDX,NIFTY,28-Mar-2024,20600,PE,119,149.95,115,146.2,146.2,348,3607.45,148400,4650,30-JAN-2024,
OPTIDX,NIFTY,28-Mar-2024,20650,PE,132.8,157,130.3,155.35,155.35,10,103.94,5950,50,30-JAN-2024,
OPTIDX,NIFTY,28-Mar-2024,20700,PE,129.95,164.3,126.3,162.65,162.65,434,4523.73,135700,4100,30-JAN-2024,
OPTIDX,NIFTY,28-Mar-2024,20750,PE,151,176.6,145,173.8,173.8,47,491.28,9750,1250,30-JAN-2024,
OPTIDX,NIFTY,28-Mar-2024,20800,PE,141,186.8,136.6,184.25,184.25,511,5356.93,133100,6550,30-JAN-2024,
OPTIDX,NIFTY,28-Mar-2024,20850,PE,144.3,196,144.3,194,194,22,231.24,4100,300,30-JAN-2024,
OPTIDX,NIFTY,28-Mar-2024,20900,PE,159,211.35,158.95,207.15,207.15,426,4492.73,87650,2550,30-JAN-2024,
OPTIDX,NIFTY,28-Mar-2024,20950,PE,186.6,221.45,185.3,221.45,221.45,18,190.36,7450,150,30-JAN-2024,
OPTIDX,NIFTY,28-Mar-2024,21000,PE,185,236.95,171.65,233.05,233.05,7644,81066.21,2007400,-9500,30-JAN-2024,
OPTIDX,NIFTY,28-Mar-2024,21050,PE,206.35,250.05,206.35,245.05,245.05,36,383.09,9100,150,30-JAN-2024,
OPTIDX,NIFTY,28-Mar-2024,21100,PE,201.55,261.95,200.15,256.8,256.8,442,4714.3,58750,2600,30-JAN-2024,
OPTIDX,NIFTY,28-Mar-2024,21150,PE,221,274.15,221,271.65,271.65,32,342.54,3450,350,30-JAN-2024,
OPTIDX,NIFTY,28-Mar-2024,21200,PE,222.4,293.15,218.2,286.65,286.65,1348,14463.26,62450,9800,30-JAN-2024,
OPTIDX,NIFTY,28-Mar-2024,21250,PE,257,306.65,252,298.55,298.55,34,365.99,4050,300,30-JAN-2024,
OPTIDX,NIFTY,28-Mar-2024,21300,PE,246,323.2,237.75,317.4,317.4,1296,13990.63,66750,4150,30-JAN-2024,
OPTIDX,NIFTY,28-Mar-2024,21350,PE,288.55,335,274.6,332.75,332.75,25,270.63,20550,50,30-JAN-2024,
OPTIDX,NIFTY,28-Mar-2024,21400,PE,274,375.55,270.35,352.35,352.35,794,8622.74,64300,-4650,30-JAN-2024,
OPTIDX,NIFTY,28-Mar-2024,21450,PE,300.55,344.1,300.55,344.1,294.25,17,185.03,6650,50,30-JAN-2024,
OPTIDX,NIFTY,28-Mar-2024,21500,PE,310,397.75,284.8,386.6,386.6,4926,53813.31,608850,11400,30-JAN-2024,
OPTIDX,NIFTY,28-Mar-2024,21550,PE,325.75,416.4,325.75,409.35,409.35,49,537,5800,-400,30-JAN-2024,
OPTIDX,NIFTY,28-Mar-2024,21600,PE,336.95,440,333.95,427.4,427.4,723,7949.77,43750,-3850,30-JAN-2024,
OPTIDX,NIFTY,28-Mar-2024,21650,PE,355.05,458,355.05,446,446,97,1069.71,6100,1400,30-JAN-2024,
OPTIDX,NIFTY,28-Mar-2024,21700,PE,362.2,480.45,362.2,470.55,470.55,2533,27994.47,57750,-16500,30-JAN-2024,
OPTIDX,NIFTY,28-Mar-2024,21750,PE,393.4,499,393.4,491.65,491.65,110,1220.56,5800,2100,30-JAN-2024,
OPTIDX,NIFTY,28-Mar-2024,21800,PE,400.05,527,396.45,515.65,515.65,820,9124.71,52750,3700,30-JAN-2024,
OPTIDX,NIFTY,28-Mar-2024,21850,PE,427.9,550.7,427.9,538.95,538.95,48,536.59,3000,-250,30-JAN-2024,
OPTIDX,NIFTY,28-Mar-2024,21900,PE,440,574.95,439.05,567.45,567.45,183,2050.31,48250,-200,30-JAN-2024,
OPTIDX,NIFTY,28-Mar-2024,21950,PE,501.5,595,501.5,591.45,591.45,34,382.12,2000,-350,30-JAN-2024,
OPTIDX,NIFTY,28-Mar-2024,22000,PE,490,627.55,475,617.2,617.2,8292,93499.81,877450,-56750,30-JAN-2024,
OPTIDX,NIFTY,28-Mar-2024,22050,PE,595.95,650,595.95,650,650,8,90.65,1050,50,30-JAN-2024,
OPTIDX,NIFTY,28-Mar-2024,22100,PE,550.05,676.3,550.05,670.35,670.35,176,1998.12,22350,3450,30-JAN-2024,
OPTIDX,NIFTY,28-Mar-2024,22150,PE,0,0,0,788.45,658.5,0,0,700,0,30-JAN-2024,
OPTIDX,NIFTY,28-Mar-2024,22200,PE,600,735.1,593.65,726.5,726.5,340,3886.14,32200,2200,30-JAN-2024,
OPTIDX,NIFTY,28-Mar-2024,22250,PE,612.75,612.75,603.45,603.45,724.35,4,45.71,350,100,30-JAN-2024,
OPTIDX,NIFTY,28-Mar-2024,22300,PE,654,802.95,654,788.35,788.35,85,977.15,8200,1250,30-JAN-2024,
OPTIDX,NIFTY,28-Mar-2024,22350,PE,663.55,743.95,663.55,743.95,793.4,5,57.6,1300,100,30-JAN-2024,
OPTIDX,NIFTY,28-Mar-2024,22400,PE,681.75,864,681.75,854,854,29,336.04,4000,200,30-JAN-2024,
OPTIDX,NIFTY,28-Mar-2024,22450,PE,718.75,759.4,718.75,750.15,865.45,5,57.97,300,150,30-JAN-2024,
OPTIDX,NIFTY,28-Mar-2024,22500,PE,732,936.85,732,921.05,921.05,631,7358.31,98850,-5750,30-JAN-2024,
OPTIDX,NIFTY,28-Mar-2024,22550,PE,776.55,963.95,776.55,963.95,963.95,19,221.82,1100,600,30-JAN-2024,
OPTIDX,NIFTY,28-Mar-2024,22600,PE,796.05,986.15,796,976.95,976.95,28,328.22,2100,200,30-JAN-2024,
OPTIDX,NIFTY,28-Mar-2024,22650,PE,839.65,878.4,839.65,878.4,1017.9,4,47.01,2750,0,30-JAN-2024,
OPTIDX,NIFTY,28-Mar-2024,22700,PE,874.75,1070,874.75,1057.35,1057.35,61,721.45,4350,1650,30-JAN-2024,
OPTIDX,NIFTY,28-Mar-2024,22750,PE,950,1002,950,1002,1097.85,4,47.43,600,-50,30-JAN-2024,
OPTIDX,NIFTY,28-Mar-2024,22800,PE,995.55,1013.65,975.8,1013.65,1138.75,21,249.87,1800,300,30-JAN-2024,
OPTIDX,NIFTY,28-Mar-2024,22850,PE,0,0,0,1019.9,1180.15,0,0,1300,0,30-JAN-2024,
OPTIDX,NIFTY,28-Mar-2024,22900,PE,0,0,0,1050,1222.05,0,0,2350,0,30-JAN-2024,
OPTIDX,NIFTY,28-Mar-2024,22950,PE,0,0,0,1250.7,1264.45,0,0,750,0,30-JAN-2024,
OPTIDX,NIFTY,28-Mar-2024,23000,PE,1080,1324.6,1080,1308.75,1308.75,461,5576.96,181450,1950,30-JAN-2024,
OPTIDX,NIFTY,28-Mar-2024,23050,PE,0,0,0,1301.1,1350.7,0,0,1000,0,30-JAN-2024,
OPTIDX,NIFTY,28-Mar-2024,23100,PE,1385.85,1385.85,1385.85,1385.85,1385.85,1,12.24,300,50,30-JAN-2024,
OPTIDX,NIFTY,28-Mar-2024,23150,PE,0,0,0,1249.2,1438.65,0,0,500,0,30-JAN-2024,
OPTIDX,NIFTY,28-Mar-2024,23200,PE,1323.85,1323.85,1323.85,1323.85,1483.2,1,12.26,400,50,30-JAN-2024,
OPTIDX,NIFTY,28-Mar-2024,23250,PE,0,0,0,1340.2,1528.1,0,0,100,0,30-JAN-2024,
OPTIDX,NIFTY,28-Mar-2024,23300,PE,1345.5,1345.5,1345.5,1345.5,1573.35,1,12.32,500,0,30-JAN-2024,
OPTIDX,NIFTY,28-Mar-2024,23350,PE,0,0,0,1388.8,1618.9,0,0,0,0,30-JAN-2024,
OPTIDX,NIFTY,28-Mar-2024,23400,PE,0,0,0,1425.9,1664.8,0,0,0,0,30-JAN-2024,
OPTIDX,NIFTY,28-Mar-2024,23450,PE,0,0,0,1566.25,1710.95,0,0,0,0,30-JAN-2024,
OPTIDX,NIFTY,28-Mar-2024,23500,PE,1530.2,1530.2,1530.2,1530.2,1757.35,1,12.51,1350,-50,30-JAN-2024,
OPTIDX,NIFTY,28-Mar-2024,23550,PE,0,0,0,1542.3,1804.05,0,0,0,0,30-JAN-2024,
OPTIDX,NIFTY,28-Mar-2024,23600,PE,0,0,0,1581.9,1850.95,0,0,0,0,30-JAN-2024,
OPTIDX,NIFTY,28-Mar-2024,23650,PE,0,0,0,1621.9,1898.05,0,0,0,0,30-JAN-2024,
OPTIDX,NIFTY,28-Mar-2024,23700,PE,0,0,0,1662.25,1945.35,0,0,0,0,30-JAN-2024,
OPTIDX,NIFTY,28-Mar-2024,23750,PE,0,0,0,1702.95,1992.85,0,0,0,0,30-JAN-2024,
OPTIDX,NIFTY,28-Mar-2024,23800,PE,0,0,0,1744.05,2040.5,0,0,0,0,30-JAN-2024,
OPTIDX,NIFTY,28-Mar-2024,23850,PE,0,0,0,1785.45,2088.35,0,0,0,0,30-JAN-2024,
OPTIDX,NIFTY,28-Mar-2024,24000,PE,1949.95,2220,1949.95,2208.95,2208.95,71,925.33,245100,950,30-JAN-2024,
OPTIDX,NIFTY,28-Mar-2024,25000,PE,2925,3180,2905,3160.4,3160.4,283,3961.09,422900,3150,30-JAN-2024,
OPTIDX,NIFTY,28-Mar-2024,26000,PE,4050,4201,4050,4149.75,4149.75,43,647.89,12150,-500,30-JAN-2024,
OPTIDX,NIFTY,28-Mar-2024,27000,PE,4899,4899,4849,4880,5189.85,3,47.81,450,150,30-JAN-2024,
OPTIDX,NIFTY,25-Apr-2024,19600,CE,0,0,0,2149.7,2249.55,0,0,0,0,30-JAN-2024,
OPTIDX,NIFTY,25-Apr-2024,19650,CE,0,0,0,2104.85,2202.35,0,0,0,0,30-JAN-2024,
OPTIDX,NIFTY,25-Apr-2024,19700,CE,0,0,0,2060.25,2155.35,0,0,0,0,30-JAN-2024,
OPTIDX,NIFTY,25-Apr-2024,19750,CE,0,0,0,2016,2108.55,0,0,0,0,30-JAN-2024,
OPTIDX,NIFTY,25-Apr-2024,19800,CE,0,0,0,1972,2061.95,0,0,0,0,30-JAN-2024,
OPTIDX,NIFTY,25-Apr-2024,19850,CE,0,0,0,1928.35,2015.6,0,0,0,0,30-JAN-2024,
OPTIDX,NIFTY,25-Apr-2024,19900,CE,0,0,0,1885,1969.5,0,0,0,0,30-JAN-2024,
OPTIDX,NIFTY,25-Apr-2024,19950,CE,0,0,0,1842,1923.6,0,0,0,0,30-JAN-2024,
OPTIDX,NIFTY,25-Apr-2024,20000,CE,0,0,0,1799.35,1878.05,0,0,0,0,30-JAN-2024,
OPTIDX,NIFTY,25-Apr-2024,20050,CE,0,0,0,1757.1,1832.75,0,0,0,0,30-JAN-2024,
OPTIDX,NIFTY,25-Apr-2024,20100,CE,0,0,0,1715.15,1787.75,0,0,0,0,30-JAN-2024,
OPTIDX,NIFTY,25-Apr-2024,20150,CE,0,0,0,1673.65,1743.05,0,0,0,0,30-JAN-2024,
OPTIDX,NIFTY,25-Apr-2024,20200,CE,0,0,0,1632.55,1698.7,0,0,0,0,30-JAN-2024,
OPTIDX,NIFTY,25-Apr-2024,20250,CE,0,0,0,1591.85,1654.75,0,0,0,0,30-JAN-2024,
OPTIDX,NIFTY,25-Apr-2024,20300,CE,0,0,0,1551.6,1611.15,0,0,0,0,30-JAN-2024,
OPTIDX,NIFTY,25-Apr-2024,20350,CE,0,0,0,1511.75,1567.9,0,0,0,0,30-JAN-2024,
OPTIDX,NIFTY,25-Apr-2024,20400,CE,0,0,0,1472.35,1525.1,0,0,0,0,30-JAN-2024,
OPTIDX,NIFTY,25-Apr-2024,20450,CE,0,0,0,1433.45,1482.75,0,0,0,0,30-JAN-2024,
OPTIDX,NIFTY,25-Apr-2024,20500,CE,0,0,0,1395,1440.8,0,0,0,0,30-JAN-2024,
OPTIDX,NIFTY,25-Apr-2024,20550,CE,0,0,0,1357.05,1399.35,0,0,0,0,30-JAN-2024,
OPTIDX,NIFTY,25-Apr-2024,20600,CE,0,0,0,1319.6,1358.35,0,0,0,0,30-JAN-2024,
OPTIDX,NIFTY,25-Apr-2024,20650,CE,0,0,0,1282.65,1317.85,0,0,0,0,30-JAN-2024,
OPTIDX,NIFTY,25-Apr-2024,20700,CE,0,0,0,1247,1277.9,0,0,0,0,30-JAN-2024,
OPTIDX,NIFTY,25-Apr-2024,20750,CE,0,0,0,1211,1238.45,0,0,0,0,30-JAN-2024,
OPTIDX,NIFTY,25-Apr-2024,20800,CE,0,0,0,1174.75,1199.55,0,0,0,0,30-JAN-2024,
OPTIDX,NIFTY,25-Apr-2024,20850,CE,0,0,0,1139.95,1161.25,0,0,0,0,30-JAN-2024,
OPTIDX,NIFTY,25-Apr-2024,20900,CE,0,0,0,1105.75,1123.5,0,0,0,0,30-JAN-2024,
OPTIDX,NIFTY,25-Apr-2024,20950,CE,0,0,0,1072.05,1086.35,0,0,0,0,30-JAN-2024,
OPTIDX,NIFTY,25-Apr-2024,21000,CE,1414.6,1414.9,1163.5,1173.65,1173.65,59,658.03,2850,2550,30-JAN-2024,
OPTIDX,NIFTY,25-Apr-2024,21050,CE,0,0,0,1006.45,1013.9,0,0,0,0,30-JAN-2024,
OPTIDX,NIFTY,25-Apr-2024,21100,CE,0,0,0,974.55,978.65,0,0,0,0,30-JAN-2024,
OPTIDX,NIFTY,25-Apr-2024,21150,CE,0,0,0,943.2,944,0,0,0,0,30-JAN-2024,
OPTIDX,NIFTY,25-Apr-2024,21200,CE,0,0,0,912.45,910.05,0,0,0,0,30-JAN-2024,
OPTIDX,NIFTY,25-Apr-2024,21250,CE,0,0,0,882.35,876.8,0,0,0,0,30-JAN-2024,
OPTIDX,NIFTY,25-Apr-2024,21300,CE,0,0,0,852.8,844.2,0,0,0,0,30-JAN-2024,
OPTIDX,NIFTY,25-Apr-2024,21350,CE,0,0,0,823.9,812.3,0,0,0,0,30-JAN-2024,
OPTIDX,NIFTY,25-Apr-2024,21400,CE,0,0,0,795.6,781.15,0,0,0,0,30-JAN-2024,
OPTIDX,NIFTY,25-Apr-2024,21450,CE,0,0,0,767.95,750.65,0,0,0,0,30-JAN-2024,
OPTIDX,NIFTY,25-Apr-2024,21500,CE,982.45,1010,827.05,838.7,838.7,82,918.24,4650,3050,30-JAN-2024,
OPTIDX,NIFTY,25-Apr-2024,21550,CE,0,0,0,714.45,691.85,0,0,0,0,30-JAN-2024,
OPTIDX,NIFTY,25-Apr-2024,21600,CE,838.05,838.05,801.45,801.45,663.55,3,33.63,100,100,30-JAN-2024,
OPTIDX,NIFTY,25-Apr-2024,21650,CE,0,0,0,663.45,636,0,0,0,0,30-JAN-2024,
OPTIDX,NIFTY,25-Apr-2024,21700,CE,0,0,0,638.75,609.15,0,0,0,0,30-JAN-2024,
OPTIDX,NIFTY,25-Apr-2024,21750,CE,0,0,0,614.8,583.05,0,0,0,0,30-JAN-2024,
OPTIDX,NIFTY,25-Apr-2024,21800,CE,0,0,0,591.45,557.7,0,0,0,0,30-JAN-2024,
OPTIDX,NIFTY,25-Apr-2024,21850,CE,0,0,0,568.75,533.1,0,0,0,0,30-JAN-2024,
OPTIDX,NIFTY,25-Apr-2024,21900,CE,0,0,0,546.6,509.2,0,0,0,0,30-JAN-2024,
OPTIDX,NIFTY,25-Apr-2024,21950,CE,0,0,0,525.1,486.05,0,0,0,0,30-JAN-2024,
OPTIDX,NIFTY,25-Apr-2024,22000,CE,698.9,711.05,550.6,562,562,333,3769.74,16750,5500,30-JAN-2024,
OPTIDX,NIFTY,25-Apr-2024,22050,CE,0,0,0,483.85,441.9,0,0,0,0,30-JAN-2024,
OPTIDX,NIFTY,25-Apr-2024,22100,CE,0,0,0,464.15,420.9,0,0,0,0,30-JAN-2024,
OPTIDX,NIFTY,25-Apr-2024,22150,CE,0,0,0,445,400.65,0,0,0,0,30-JAN-2024,
OPTIDX,NIFTY,25-Apr-2024,22200,CE,0,0,0,426.45,381.05,0,0,0,0,30-JAN-2024,
OPTIDX,NIFTY,25-Apr-2024,22250,CE,0,0,0,408.45,362.2,0,0,0,0,30-JAN-2024,
OPTIDX,NIFTY,25-Apr-2024,22300,CE,408.4,408.4,408.4,408.4,408.4,1,11.35,50,50,30-JAN-2024,
OPTIDX,NIFTY,25-Apr-2024,22350,CE,0,0,0,374.2,326.5,0,0,0,0,30-JAN-2024,
OPTIDX,NIFTY,25-Apr-2024,22400,CE,0,0,0,357.85,309.65,0,0,0,0,30-JAN-2024,
OPTIDX,NIFTY,25-Apr-2024,22450,CE,0,0,0,342.1,293.45,0,0,0,0,30-JAN-2024,
OPTIDX,NIFTY,25-Apr-2024,22500,CE,451.95,455,344.95,350.45,350.45,194,2220.64,5650,3150,30-JAN-2024,
OPTIDX,NIFTY,25-Apr-2024,22550,CE,0,0,0,312.15,262.95,0,0,0,0,30-JAN-2024,
OPTIDX,NIFTY,25-Apr-2024,22600,CE,0,0,0,297.95,248.65,0,0,0,0,30-JAN-2024,
OPTIDX,NIFTY,25-Apr-2024,22650,CE,0,0,0,284.25,235,0,0,0,0,30-JAN-2024,
OPTIDX,NIFTY,25-Apr-2024,22700,CE,0,0,0,271.05,221.85,0,0,0,0,30-JAN-2024,
OPTIDX,NIFTY,25-Apr-2024,22750,CE,0,0,0,258.3,209.35,0,0,0,0,30-JAN-2024,
OPTIDX,NIFTY,25-Apr-2024,22800,CE,0,0,0,247.1,197.35,0,0,0,0,30-JAN-2024,
OPTIDX,NIFTY,25-Apr-2024,22850,CE,0,0,0,235.4,185.95,0,0,0,0,30-JAN-2024,
OPTIDX,NIFTY,25-Apr-2024,22900,CE,0,0,0,223.25,175.05,0,0,0,0,30-JAN-2024,
OPTIDX,NIFTY,25-Apr-2024,22950,CE,0,0,0,212.35,164.65,0,0,0,0,30-JAN-2024,
OPTIDX,NIFTY,25-Apr-2024,23000,CE,320,320,197.95,200.45,200.45,708,8225.78,28050,12650,30-JAN-2024,
OPTIDX,NIFTY,25-Apr-2024,23050,CE,0,0,0,191.9,145.4,0,0,0,0,30-JAN-2024,
OPTIDX,NIFTY,25-Apr-2024,23100,CE,0,0,0,182.25,136.45,0,0,0,0,30-JAN-2024,
OPTIDX,NIFTY,25-Apr-2024,23150,CE,0,0,0,173.05,128,0,0,0,0,30-JAN-2024,
OPTIDX,NIFTY,25-Apr-2024,23200,CE,0,0,0,164.2,119.95,0,0,0,0,30-JAN-2024,
OPTIDX,NIFTY,25-Apr-2024,23250,CE,0,0,0,155.7,112.35,0,0,0,0,30-JAN-2024,
OPTIDX,NIFTY,25-Apr-2024,23300,CE,0,0,0,147.6,105.15,0,0,0,0,30-JAN-2024,
OPTIDX,NIFTY,25-Apr-2024,23350,CE,0,0,0,139.85,98.3,0,0,0,0,30-JAN-2024,
OPTIDX,NIFTY,25-Apr-2024,23400,CE,0,0,0,132.45,91.85,0,0,0,0,30-JAN-2024,
OPTIDX,NIFTY,25-Apr-2024,23450,CE,0,0,0,125.35,85.75,0,0,0,0,30-JAN-2024,
OPTIDX,NIFTY,25-Apr-2024,23500,CE,193.95,193.95,106.1,110.3,110.3,174,2056.2,5250,5250,30-JAN-2024,
OPTIDX,NIFTY,25-Apr-2024,19600,PE,0,0,0,52.8,18.2,0,0,0,0,30-JAN-2024,
OPTIDX,NIFTY,25-Apr-2024,19650,PE,0,0,0,57.1,20.25,0,0,0,0,30-JAN-2024,
OPTIDX,NIFTY,25-Apr-2024,19700,PE,0,0,0,45,22.45,0,0,100,0,30-JAN-2024,
OPTIDX,NIFTY,25-Apr-2024,19750,PE,45.95,65.95,45.95,55.95,55.95,2,19.8,100,100,30-JAN-2024,
OPTIDX,NIFTY,25-Apr-2024,19800,PE,0,0,0,71.65,27.45,0,0,0,0,30-JAN-2024,
OPTIDX,NIFTY,25-Apr-2024,19850,PE,0,0,0,46,30.3,0,0,50,0,30-JAN-2024,
OPTIDX,NIFTY,25-Apr-2024,19900,PE,0,0,0,82.85,33.4,0,0,0,0,30-JAN-2024,
OPTIDX,NIFTY,25-Apr-2024,19950,PE,0,0,0,89,36.75,0,0,0,0,30-JAN-2024,
OPTIDX,NIFTY,25-Apr-2024,20000,PE,95.9,114,90.15,110.8,110.8,480,4824.09,29200,15600,30-JAN-2024,
OPTIDX,NIFTY,25-Apr-2024,20050,PE,0,0,0,102.3,44.25,0,0,0,0,30-JAN-2024,
OPTIDX,NIFTY,25-Apr-2024,20100,PE,0,0,0,109.55,48.5,0,0,0,0,30-JAN-2024,
OPTIDX,NIFTY,25-Apr-2024,20150,PE,0,0,0,117.15,53,0,0,0,0,30-JAN-2024,
OPTIDX,NIFTY,25-Apr-2024,20200,PE,0,0,0,125.15,57.9,0,0,0,0,30-JAN-2024,
OPTIDX,NIFTY,25-Apr-2024,20250,PE,0,0,0,133.55,63.15,0,0,0,0,30-JAN-2024,
OPTIDX,NIFTY,25-Apr-2024,20300,PE,0,0,0,142.4,68.75,0,0,0,0,30-JAN-2024,
OPTIDX,NIFTY,25-Apr-2024,20350,PE,0,0,0,151.7,74.75,0,0,0,0,30-JAN-2024,
OPTIDX,NIFTY,25-Apr-2024,20400,PE,0,0,0,161.45,81.15,0,0,0,0,30-JAN-2024,
OPTIDX,NIFTY,25-Apr-2024,20450,PE,0,0,0,171.65,88,0,0,0,0,30-JAN-2024,
OPTIDX,NIFTY,25-Apr-2024,20500,PE,162,189.95,144.5,176.85,176.85,312,3224.19,12700,11600,30-JAN-2024,
OPTIDX,NIFTY,25-Apr-2024,20550,PE,0,0,0,193.5,103,0,0,0,0,30-JAN-2024,
OPTIDX,NIFTY,25-Apr-2024,20600,PE,0,0,0,205.2,111.2,0,0,0,0,30-JAN-2024,
OPTIDX,NIFTY,25-Apr-2024,20650,PE,0,0,0,217.35,119.95,0,0,0,0,30-JAN-2024,
OPTIDX,NIFTY,25-Apr-2024,20700,PE,0,0,0,230.8,129.2,0,0,0,0,30-JAN-2024,
OPTIDX,NIFTY,25-Apr-2024,20750,PE,0,0,0,243.95,138.95,0,0,0,0,30-JAN-2024,
OPTIDX,NIFTY,25-Apr-2024,20800,PE,0,0,0,256.8,149.25,0,0,0,0,30-JAN-2024,
OPTIDX,NIFTY,25-Apr-2024,20850,PE,0,0,0,271.15,160.15,0,0,0,0,30-JAN-2024,
OPTIDX,NIFTY,25-Apr-2024,20900,PE,0,0,0,286.05,171.6,0,0,0,0,30-JAN-2024,
OPTIDX,NIFTY,25-Apr-2024,20950,PE,0,0,0,301.5,183.7,0,0,0,0,30-JAN-2024,
OPTIDX,NIFTY,25-Apr-2024,21000,PE,254.75,291.75,238.5,284.95,284.95,366,3889.95,24950,12150,30-JAN-2024,
OPTIDX,NIFTY,25-Apr-2024,21050,PE,0,0,0,334.1,209.65,0,0,0,0,30-JAN-2024,
OPTIDX,NIFTY,25-Apr-2024,21100,PE,0,0,0,351.3,223.6,0,0,0,0,30-JAN-2024,
OPTIDX,NIFTY,25-Apr-2024,21150,PE,0,0,0,369.1,238.2,0,0,0,0,30-JAN-2024,
OPTIDX,NIFTY,25-Apr-2024,21200,PE,0,0,0,387.5,253.45,0,0,0,0,30-JAN-2024,
OPTIDX,NIFTY,25-Apr-2024,21250,PE,0,0,0,406.5,269.4,0,0,0,0,30-JAN-2024,
OPTIDX,NIFTY,25-Apr-2024,21300,PE,0,0,0,426.1,286.05,0,0,0,0,30-JAN-2024,
OPTIDX,NIFTY,25-Apr-2024,21350,PE,0,0,0,446.3,303.35,0,0,0,0,30-JAN-2024,
OPTIDX,NIFTY,25-Apr-2024,21400,PE,345.75,421.4,345.75,416,416,7,76.23,250,100,30-JAN-2024,
OPTIDX,NIFTY,25-Apr-2024,21450,PE,0,0,0,488.6,340.1,0,0,0,0,30-JAN-2024,
OPTIDX,NIFTY,25-Apr-2024,21500,PE,346,450.8,346,442.2,442.2,200,2190.53,9000,3550,30-JAN-2024,
OPTIDX,NIFTY,25-Apr-2024,21550,PE,0,0,0,533.35,379.75,0,0,0,0,30-JAN-2024,
OPTIDX,NIFTY,25-Apr-2024,21600,PE,449,480,449,480,400.65,2,22.06,100,100,30-JAN-2024,
OPTIDX,NIFTY,25-Apr-2024,21650,PE,0,0,0,580.55,422.3,0,0,0,0,30-JAN-2024,
OPTIDX,NIFTY,25-Apr-2024,21700,PE,535.95,540.45,528.95,535.9,535.9,14,155.65,500,500,30-JAN-2024,
OPTIDX,NIFTY,25-Apr-2024,21750,PE,0,0,0,630.2,467.8,0,0,0,0,30-JAN-2024,
OPTIDX,NIFTY,25-Apr-2024,21800,PE,0,0,0,655.95,491.65,0,0,0,0,30-JAN-2024,
OPTIDX,NIFTY,25-Apr-2024,21850,PE,0,0,0,682.35,516.2,0,0,0,0,30-JAN-2024,
OPTIDX,NIFTY,25-Apr-2024,21900,PE,0,0,0,709.35,541.55,0,0,0,0,30-JAN-2024,
OPTIDX,NIFTY,25-Apr-2024,21950,PE,0,0,0,736.95,567.6,0,0,0,0,30-JAN-2024,
OPTIDX,NIFTY,25-Apr-2024,22000,PE,527.4,665,527.4,654.5,654.5,209,2360.71,13500,3250,30-JAN-2024,
OPTIDX,NIFTY,25-Apr-2024,22050,PE,0,0,0,793.95,621.9,0,0,0,0,30-JAN-2024,
OPTIDX,NIFTY,25-Apr-2024,22100,PE,0,0,0,823.35,650.1,0,0,0,0,30-JAN-2024,
OPTIDX,NIFTY,25-Apr-2024,22150,PE,0,0,0,853.35,679.05,0,0,0,0,30-JAN-2024,
OPTIDX,NIFTY,25-Apr-2024,22200,PE,0,0,0,883.9,708.7,0,0,0,0,30-JAN-2024,
OPTIDX,NIFTY,25-Apr-2024,22250,PE,0,0,0,915.05,739,0,0,0,0,30-JAN-2024,
OPTIDX,NIFTY,25-Apr-2024,22300,PE,0,0,0,946.75,770.05,0,0,0,0,30-JAN-2024,
OPTIDX,NIFTY,25-Apr-2024,22350,PE,0,0,0,979,801.75,0,0,0,0,30-JAN-2024,
OPTIDX,NIFTY,25-Apr-2024,22400,PE,0,0,0,1011.8,834.1,0,0,0,0,30-JAN-2024,
OPTIDX,NIFTY,25-Apr-2024,22450,PE,0,0,0,1045.15,867.1,0,0,0,0,30-JAN-2024,
OPTIDX,NIFTY,25-Apr-2024,22500,PE,800,864.8,791.25,853.4,900.8,18,209.95,2050,0,30-JAN-2024,
OPTIDX,NIFTY,25-Apr-2024,22550,PE,0,0,0,1113.45,935.05,0,0,0,0,30-JAN-2024,
OPTIDX,NIFTY,25-Apr-2024,22600,PE,0,0,0,1148.4,970,0,0,0,0,30-JAN-2024,
OPTIDX,NIFTY,25-Apr-2024,22650,PE,0,0,0,1183.8,1005.5,0,0,0,0,30-JAN-2024,
OPTIDX,NIFTY,25-Apr-2024,22700,PE,0,0,0,1219.7,1041.6,0,0,0,0,30-JAN-2024,
OPTIDX,NIFTY,25-Apr-2024,22750,PE,0,0,0,1256.1,1078.3,0,0,0,0,30-JAN-2024,
OPTIDX,NIFTY,25-Apr-2024,22800,PE,0,0,0,1294,1115.55,0,0,0,0,30-JAN-2024,
OPTIDX,NIFTY,25-Apr-2024,22850,PE,0,0,0,1331.45,1153.3,0,0,0,0,30-JAN-2024,
OPTIDX,NIFTY,25-Apr-2024,22900,PE,0,0,0,1368.4,1191.65,0,0,0,0,30-JAN-2024,
OPTIDX,NIFTY,25-Apr-2024,22950,PE,0,0,0,1406.65,1230.45,0,0,0,0,30-JAN-2024,
OPTIDX,NIFTY,25-Apr-2024,23000,PE,0,0,0,1445.35,1269.8,0,0,0,0,30-JAN-2024,
OPTIDX,NIFTY,25-Apr-2024,23050,PE,0,0,0,1484.45,1309.6,0,0,0,0,30-JAN-2024,
OPTIDX,NIFTY,25-Apr-2024,23100,PE,0,0,0,1523.9,1349.9,0,0,0,0,30-JAN-2024,
OPTIDX,NIFTY,25-Apr-2024,23150,PE,0,0,0,1563.8,1390.65,0,0,0,0,30-JAN-2024,
OPTIDX,NIFTY,25-Apr-2024,23200,PE,0,0,0,1604.1,1431.8,0,0,0,0,30-JAN-2024,
OPTIDX,NIFTY,25-Apr-2024,23250,PE,0,0,0,1644.75,1473.4,0,0,0,0,30-JAN-2024,
OPTIDX,NIFTY,25-Apr-2024,23300,PE,0,0,0,1685.75,1515.4,0,0,0,0,30-JAN-2024,
OPTIDX,NIFTY,25-Apr-2024,23350,PE,0,0,0,1727.15,1557.8,0,0,0,0,30-JAN-2024,
OPTIDX,NIFTY,25-Apr-2024,23400,PE,0,0,0,1768.85,1600.55,0,0,0,0,30-JAN-2024,
OPTIDX,NIFTY,25-Apr-2024,23450,PE,0,0,0,1810.85,1643.65,0,0,0,0,30-JAN-2024,
OPTIDX,NIFTY,25-Apr-2024,23500,PE,0,0,0,1853.25,1687.1,0,0,0,0,30-JAN-2024,
OPTIDX,NIFTY,27-Jun-2024,15000,CE,0,0,0,4599.25,6929.8,0,0,50,0,30-JAN-2024,
OPTIDX,NIFTY,27-Jun-2024,16000,CE,0,0,0,2666.1,5956.95,0,0,0,0,30-JAN-2024,
OPTIDX,NIFTY,27-Jun-2024,17000,CE,0,0,0,5010.65,4984.35,0,0,50,0,30-JAN-2024,
OPTIDX,NIFTY,27-Jun-2024,18000,CE,4231.8,4293.05,3918.8,3929.7,3929.7,10,110.33,18200,50,30-JAN-2024,
OPTIDX,NIFTY,27-Jun-2024,18500,CE,0,0,0,3554.75,3532.15,0,0,2825,0,30-JAN-2024,
OPTIDX,NIFTY,27-Jun-2024,19000,CE,3275,3307.05,3060,3071.85,3071.85,53,588.09,120100,2500,30-JAN-2024,
OPTIDX,NIFTY,27-Jun-2024,20000,CE,2488.9,2488.9,2243.15,2243.15,2243.15,38,426.36,173700,-50,30-JAN-2024,
OPTIDX,NIFTY,27-Jun-2024,21000,CE,1774.95,1798.9,1530,1543.2,1543.2,556,6302.74,354500,-5100,30-JAN-2024,
OPTIDX,NIFTY,27-Jun-2024,22000,CE,1129.95,1133,939,947.9,947.9,1688,19448.08,338050,13050,30-JAN-2024,
OPTIDX,NIFTY,27-Jun-2024,23000,CE,625,634.5,511.9,517.65,517.65,1841,21692.92,770250,23850,30-JAN-2024,
OPTIDX,NIFTY,27-Jun-2024,24000,CE,317,322,262,269.6,269.6,953,11575.38,244300,4500,30-JAN-2024,
OPTIDX,NIFTY,27-Jun-2024,25000,CE,155.05,159.95,123.55,131.95,131.95,287,3607.19,181350,3550,30-JAN-2024,
OPTIDX,NIFTY,27-Jun-2024,26000,CE,76.35,80,70.1,72.15,72.15,57,743.12,36150,800,30-JAN-2024,
OPTIDX,NIFTY,27-Jun-2024,27000,CE,0,0,0,331.6,4.15,0,0,0,0,30-JAN-2024,
OPTIDX,NIFTY,27-Jun-2024,14000,PE,0,0,0,3.05,0.05,0,0,7275,0,30-JAN-2024,
OPTIDX,NIFTY,27-Jun-2024,15000,PE,0,0,0,3.05,0.05,0,0,12425,0,30-JAN-2024,
OPTIDX,NIFTY,27-Jun-2024,16000,PE,0,0,0,3.05,0.05,0,0,37950,0,30-JAN-2024,
OPTIDX,NIFTY,27-Jun-2024,17000,PE,24.35,34.85,24.35,33.95,33.95,33,281.03,125900,-250,30-JAN-2024,
OPTIDX,NIFTY,27-Jun-2024,18000,PE,60,60.9,50,59.45,59.45,1014,9153.76,507900,17900,30-JAN-2024,
OPTIDX,NIFTY,27-Jun-2024,19000,PE,120.1,130,115.8,127.15,127.15,976,9331.45,798500,7200,30-JAN-2024,
OPTIDX,NIFTY,27-Jun-2024,20000,PE,214.95,250,214.95,244.65,244.65,1741,17613.18,1088950,16800,30-JAN-2024,
OPTIDX,NIFTY,27-Jun-2024,21000,PE,410.05,470,410,463.7,463.7,3415,36599.65,1007550,85550,30-JAN-2024,
OPTIDX,NIFTY,27-Jun-2024,22000,PE,715.55,865.15,714.95,845.45,845.45,2582,29430.17,904500,45400,30-JAN-2024,
OPTIDX,NIFTY,27-Jun-2024,23000,PE,1185.05,1385,1170.9,1375.6,1375.6,916,11118.55,154250,10450,30-JAN-2024,
OPTIDX,NIFTY,27-Jun-2024,24000,PE,1850,2080,1850,2069.5,2069.5,218,2824.64,47200,7050,30-JAN-2024,
OPTIDX,NIFTY,27-Jun-2024,25000,PE,0,0,0,7199.55,2850.05,0,0,0,0,30-JAN-2024,
OPTIDX,NIFTY,27-Jun-2024,26000,PE,0,0,0,8015.6,3786.9,0,0,0,0,30-JAN-2024,
OPTIDX,NIFTY,27-Jun-2024,27000,PE,0,0,0,8206,4748.2,0,0,0,0,30-JAN-2024,
OPTIDX,NIFTY,26-Sep-2024,16000,CE,0,0,0,4667.4,6216.9,0,0,0,0,30-JAN-2024,
OPTIDX,NIFTY,26-Sep-2024,17000,CE,0,0,0,3800.4,5261.85,0,0,0,0,30-JAN-2024,
OPTIDX,NIFTY,26-Sep-2024,18000,CE,0,0,0,2994.95,4313.55,0,0,0,0,30-JAN-2024,
OPTIDX,NIFTY,26-Sep-2024,19000,CE,0,0,0,2277.4,3388.1,0,0,0,0,30-JAN-2024,
OPTIDX,NIFTY,26-Sep-2024,20000,CE,0,0,0,1666.45,2518.2,0,0,0,0,30-JAN-2024,
OPTIDX,NIFTY,26-Sep-2024,21000,CE,0,0,0,1173.8,1749.95,0,0,0,0,30-JAN-2024,
OPTIDX,NIFTY,26-Sep-2024,22000,CE,1267,1450,1267,1330,1126.15,56,654.09,9800,2200,30-JAN-2024,
OPTIDX,NIFTY,26-Sep-2024,23000,CE,890,890,760.05,780.05,780.05,37,441,12500,-50,30-JAN-2024,
OPTIDX,NIFTY,26-Sep-2024,24000,CE,428.5,560,400,440,362.85,49,600.02,300,-350,30-JAN-2024,
OPTIDX,NIFTY,26-Sep-2024,25000,CE,160,260,160,169.8,181.35,15,189.05,1300,50,30-JAN-2024,
OPTIDX,NIFTY,26-Sep-2024,26000,CE,166,166,150,150,83.5,14,183.06,4350,400,30-JAN-2024,
OPTIDX,NIFTY,26-Sep-2024,27000,CE,0,0,0,68.7,35.6,0,0,0,0,30-JAN-2024,
OPTIDX,NIFTY,26-Sep-2024,16000,PE,0,0,0,39.75,0.2,0,0,0,0,30-JAN-2024,
OPTIDX,NIFTY,26-Sep-2024,17000,PE,0,0,0,103.7,1.75,0,0,0,0,30-JAN-2024,
OPTIDX,NIFTY,26-Sep-2024,18000,PE,0,0,0,229.25,10.05,0,0,0,0,30-JAN-2024,
OPTIDX,NIFTY,26-Sep-2024,19000,PE,0,0,0,239.55,41.15,0,0,2850,0,30-JAN-2024,
OPTIDX,NIFTY,26-Sep-2024,20000,PE,0,0,0,762.75,127.85,0,0,0,0,30-JAN-2024,
OPTIDX,NIFTY,26-Sep-2024,21000,PE,0,0,0,1201.1,316.2,0,0,0,0,30-JAN-2024,
OPTIDX,NIFTY,26-Sep-2024,22000,PE,760,850,760,843.1,843.1,22,250.59,3600,800,30-JAN-2024,
OPTIDX,NIFTY,26-Sep-2024,23000,PE,0,0,0,913.6,1146.45,0,0,100,0,30-JAN-2024,
OPTIDX,NIFTY,26-Sep-2024,24000,PE,0,0,0,3149.25,1798.8,0,0,0,0,30-JAN-2024,
OPTIDX,NIFTY,26-Sep-2024,25000,PE,0,0,0,3952.4,2573.9,0,0,0,0,30-JAN-2024,
OPTIDX,NIFTY,26-Sep-2024,26000,PE,0,0,0,4801.5,3432.65,0,0,0,0,30-JAN-2024,
OPTIDX,NIFTY,26-Sep-2024,27000,PE,0,0,0,5681.95,4341.35,0,0,0,0,30-JAN-2024,
OPTIDX,NIFTY,26-Dec-2024,14000,CE,0,0,0,8599,8353.4,0,0,100,0,30-JAN-2024,
OPTIDX,NIFTY,26-Dec-2024,15000,CE,0,0,0,7100,7412.85,0,0,2100,0,30-JAN-2024,
OPTIDX,NIFTY,26-Dec-2024,16000,CE,0,0,0,6400,6473,0,0,21950,0,30-JAN-2024,
OPTIDX,NIFTY,26-Dec-2024,17000,CE,0,0,0,5210,5536.3,0,0,21050,0,30-JAN-2024,
OPTIDX,NIFTY,26-Dec-2024,18000,CE,4575.05,4585,4575.05,4585,4610.25,3,33.87,24400,-50,30-JAN-2024,
OPTIDX,NIFTY,26-Dec-2024,18500,CE,0,0,0,4400,4156.05,0,0,1000,0,30-JAN-2024,
OPTIDX,NIFTY,26-Dec-2024,19000,CE,3930,3930,3850,3850,3711.65,7,80.11,72350,0,30-JAN-2024,
OPTIDX,NIFTY,26-Dec-2024,20000,CE,3113.3,3116.8,2914.9,2919.6,2919.6,46,529.39,77350,-250,30-JAN-2024,
OPTIDX,NIFTY,26-Dec-2024,21000,CE,2410,2411,2201,2220.5,2220.5,120,1400.56,123100,2400,30-JAN-2024,
OPTIDX,NIFTY,26-Dec-2024,22000,CE,1775,1775,1580,1583.6,1583.6,274,3238.97,173250,3250,30-JAN-2024,
OPTIDX,NIFTY,26-Dec-2024,23000,CE,1182,1228.35,1061.05,1073.7,1073.7,207,2499.19,152600,-2350,30-JAN-2024,
OPTIDX,NIFTY,26-Dec-2024,24000,CE,776.9,776.9,679.9,687.15,687.15,347,4289.48,135300,-6800,30-JAN-2024,
OPTIDX,NIFTY,26-Dec-2024,25000,CE,465,491.5,410,416.55,416.55,97,1234.1,172200,-100,30-JAN-2024,
OPTIDX,NIFTY,26-Dec-2024,26000,CE,270,275,240.1,243.65,243.65,181,2376.52,62850,1300,30-JAN-2024,
OPTIDX,NIFTY,26-Dec-2024,27000,CE,154.7,156.05,144,144,144,27,366.51,36150,550,30-JAN-2024,
OPTIDX,NIFTY,26-Dec-2024,14000,PE,0,0,0,20.5,0.05,0,0,3300,0,30-JAN-2024,
OPTIDX,NIFTY,26-Dec-2024,15000,PE,0,0,0,7.6,0.1,0,0,28300,0,30-JAN-2024,
OPTIDX,NIFTY,26-Dec-2024,16000,PE,52.95,60.95,44.7,54.35,54.35,100,802.59,14950,1500,30-JAN-2024,
OPTIDX,NIFTY,26-Dec-2024,17000,PE,0,0,0,77.45,4.8,0,0,75850,0,30-JAN-2024,
OPTIDX,NIFTY,26-Dec-2024,18000,PE,117.9,119.2,107,118.3,118.3,99,896.55,253050,1000,30-JAN-2024,
OPTIDX,NIFTY,26-Dec-2024,19000,PE,195.6,202,190.1,199.95,199.95,296,2840.98,442850,2450,30-JAN-2024,
OPTIDX,NIFTY,26-Dec-2024,20000,PE,320,345.3,307,336.45,336.45,500,5080.06,543900,4350,30-JAN-2024,
OPTIDX,NIFTY,26-Dec-2024,21000,PE,506.95,555.6,502,548.95,548.95,642,6906.9,859600,11850,30-JAN-2024,
OPTIDX,NIFTY,26-Dec-2024,22000,PE,781.95,862,775,855.2,855.2,466,5313.11,333400,8100,30-JAN-2024,
OPTIDX,NIFTY,26-Dec-2024,23000,PE,1190,1278.95,1162.8,1267.6,1267.6,275,3329.14,106050,4100,30-JAN-2024,
OPTIDX,NIFTY,26-Dec-2024,24000,PE,1680.8,1810.2,1660,1798.1,1798.1,137,1762.3,32450,850,30-JAN-2024,
OPTIDX,NIFTY,26-Dec-2024,25000,PE,2338.4,2490.25,2332,2490.25,2354.05,24,328.53,8450,-400,30-JAN-2024,
OPTIDX,NIFTY,26-Dec-2024,26000,PE,0,0,0,7636.7,3135.9,0,0,0,0,30-JAN-2024,
OPTIDX,NIFTY,26-Dec-2024,27000,PE,0,0,0,4500,3981.95,0,0,50,0,30-JAN-2024,
OPTIDX,NIFTY,26-Jun-2025,16000,CE,0,0,0,3227.55,6973.85,0,0,0,0,30-JAN-2024,
OPTIDX,NIFTY,26-Jun-2025,17000,CE,0,0,0,4165.5,6073.45,0,0,2750,0,30-JAN-2024,
OPTIDX,NIFTY,26-Jun-2025,18000,CE,0,0,0,3934,5188.05,0,0,2200,0,30-JAN-2024,
OPTIDX,NIFTY,26-Jun-2025,19000,CE,0,0,0,3077.9,4331.9,0,0,0,0,30-JAN-2024,
OPTIDX,NIFTY,26-Jun-2025,20000,CE,0,0,0,3180.85,3524.2,0,0,0,0,30-JAN-2024,
OPTIDX,NIFTY,26-Jun-2025,21000,CE,0,0,0,3199.45,2786.15,0,0,0,0,30-JAN-2024,
OPTIDX,NIFTY,26-Jun-2025,22000,CE,0,0,0,2088.15,2136.55,0,0,0,0,30-JAN-2024,
OPTIDX,NIFTY,26-Jun-2025,23000,CE,0,0,0,2003.65,1587.55,0,0,0,0,30-JAN-2024,
OPTIDX,NIFTY,26-Jun-2025,24000,CE,0,0,0,1100.85,1142.8,0,0,0,0,30-JAN-2024,
OPTIDX,NIFTY,26-Jun-2025,25000,CE,0,0,0,945.65,797.3,0,0,0,0,30-JAN-2024,
OPTIDX,NIFTY,26-Jun-2025,26000,CE,0,0,0,811.85,539.65,0,0,0,0,30-JAN-2024,
OPTIDX,NIFTY,26-Jun-2025,27000,CE,0,0,0,803.5,354.8,0,0,0,0,30-JAN-2024,
OPTIDX,NIFTY,26-Jun-2025,14000,PE,0,0,0,42.35,0.15,0,0,675,0,30-JAN-2024,
OPTIDX,NIFTY,26-Jun-2025,15000,PE,0,0,0,134,0.8,0,0,1800,0,30-JAN-2024,
OPTIDX,NIFTY,26-Jun-2025,16000,PE,0,0,0,129.2,3.6,0,0,100,0,30-JAN-2024,
OPTIDX,NIFTY,26-Jun-2025,17000,PE,0,0,0,3497.35,12.7,0,0,0,0,30-JAN-2024,
OPTIDX,NIFTY,26-Jun-2025,18000,PE,0,0,0,3586.15,36.8,0,0,0,0,30-JAN-2024,
OPTIDX,NIFTY,26-Jun-2025,19000,PE,0,0,0,3210.95,90.1,0,0,0,0,30-JAN-2024,
OPTIDX,NIFTY,26-Jun-2025,20000,PE,0,0,0,599.8,191.9,0,0,900,0,30-JAN-2024,
OPTIDX,NIFTY,26-Jun-2025,21000,PE,0,0,0,3070.85,363.35,0,0,0,0,30-JAN-2024,
OPTIDX,NIFTY,26-Jun-2025,22000,PE,0,0,0,3957.4,623.25,0,0,0,0,30-JAN-2024,
OPTIDX,NIFTY,26-Jun-2025,23000,PE,0,0,0,1170,983.75,0,0,0,0,30-JAN-2024,
OPTIDX,NIFTY,26-Jun-2025,24000,PE,0,0,0,5875.1,1448.45,0,0,0,0,30-JAN-2024,
OPTIDX,NIFTY,26-Jun-2025,25000,PE,0,0,0,6576.35,2012.45,0,0,0,0,30-JAN-2024,
OPTIDX,NIFTY,26-Jun-2025,26000,PE,0,0,0,7299,2664.3,0,0,0,0,30-JAN-2024,
OPTIDX,NIFTY,26-Jun-2025,27000,PE,0,0,0,7438.15,3388.95,0,0,0,0,30-JAN-2024,
OPTIDX,NIFTY,24-Dec-2025,16000,CE,0,0,0,7200,7456.4,0,0,50,0,30-JAN-2024,
OPTIDX,NIFTY,24-Dec-2025,17000,CE,0,0,0,5080,6589.95,0,0,650,0,30-JAN-2024,
OPTIDX,NIFTY,24-Dec-2025,18000,CE,0,0,0,6099.95,5739.6,0,0,5650,0,30-JAN-2024,
OPTIDX,NIFTY,24-Dec-2025,19000,CE,0,0,0,4401,4916.75,0,0,3200,0,30-JAN-2024,
OPTIDX,NIFTY,24-Dec-2025,19500,CE,0,0,0,3200,4520.05,0,0,1300,0,30-JAN-2024,
OPTIDX,NIFTY,24-Dec-2025,20000,CE,0,0,0,3800,4135.6,0,0,300,0,30-JAN-2024,
OPTIDX,NIFTY,24-Dec-2025,21000,CE,0,0,0,1400,3411.05,0,0,100,0,30-JAN-2024,
OPTIDX,NIFTY,24-Dec-2025,22000,CE,0,0,0,2751.35,2756.4,0,0,600,0,30-JAN-2024,
OPTIDX,NIFTY,24-Dec-2025,23000,CE,0,0,0,2310,2181.3,0,0,2650,0,30-JAN-2024,
OPTIDX,NIFTY,24-Dec-2025,24000,CE,0,0,0,1396.05,1690.5,0,0,0,0,30-JAN-2024,
OPTIDX,NIFTY,24-Dec-2025,25000,CE,0,0,0,1222.85,1283.45,0,0,0,0,30-JAN-2024,
OPTIDX,NIFTY,24-Dec-2025,26000,CE,0,0,0,1070.85,955.2,0,0,0,0,30-JAN-2024,
OPTIDX,NIFTY,24-Dec-2025,27000,CE,0,0,0,1071,697.45,0,0,0,0,30-JAN-2024,
OPTIDX,NIFTY,24-Dec-2025,13000,PE,0,0,0,400,0.1,0,0,150,0,30-JAN-2024,
OPTIDX,NIFTY,24-Dec-2025,15000,PE,0,0,0,62.15,2.1,0,0,1100,0,30-JAN-2024,
OPTIDX,NIFTY,24-Dec-2025,16000,PE,0,0,0,79,7.1,0,0,2550,0,30-JAN-2024,
OPTIDX,NIFTY,24-Dec-2025,16500,PE,0,0,0,38.15,12.25,0,0,2600,0,30-JAN-2024,
OPTIDX,NIFTY,24-Dec-2025,17000,PE,0,0,0,155.05,20.25,0,0,2400,0,30-JAN-2024,
OPTIDX,NIFTY,24-Dec-2025,18000,PE,0,0,0,324.95,49.45,0,0,3050,0,30-JAN-2024,
OPTIDX,NIFTY,24-Dec-2025,19000,PE,0,0,0,155.85,106.15,0,0,3850,0,30-JAN-2024,
OPTIDX,NIFTY,24-Dec-2025,20000,PE,572.05,572.05,559.95,572,204.55,27,277.65,4500,-650,30-JAN-2024,
OPTIDX,NIFTY,24-Dec-2025,21000,PE,0,0,0,701,359.55,0,0,3200,0,30-JAN-2024,
OPTIDX,NIFTY,24-Dec-2025,22000,PE,767.7,1100,528,1099,584.45,22,251.82,2550,300,30-JAN-2024,
OPTIDX,NIFTY,24-Dec-2025,23000,PE,1175.75,1300,1175.75,1251,888.9,3,36.36,1000,50,30-JAN-2024,
OPTIDX,NIFTY,24-Dec-2025,24000,PE,0,0,0,5649,1277.65,0,0,0,0,30-JAN-2024,
OPTIDX,NIFTY,24-Dec-2025,25000,PE,0,0,0,6310.55,1750.15,0,0,0,0,30-JAN-2024,
OPTIDX,NIFTY,24-Dec-2025,26000,PE,0,0,0,6993.25,2301.45,0,0,0,0,30-JAN-2024,
OPTIDX,NIFTY,24-Dec-2025,27000,PE,0,0,0,7112.8,2923.25,0,0,0,0,30-JAN-2024,
OPTIDX,NIFTY,25-Jun-2026,12000,CE,0,0,0,8690,11318.75,0,0,50,0,30-JAN-2024,
OPTIDX,NIFTY,25-Jun-2026,16000,CE,0,0,0,4748.3,7928.1,0,0,0,0,30-JAN-2024,
OPTIDX,NIFTY,25-Jun-2026,17000,CE,0,0,0,4348.25,7093.5,0,0,0,0,30-JAN-2024,
OPTIDX,NIFTY,25-Jun-2026,18000,CE,0,0,0,4150,6274.65,0,0,200,0,30-JAN-2024,
OPTIDX,NIFTY,25-Jun-2026,19000,CE,0,0,0,2872.25,5480.7,0,0,100,0,30-JAN-2024,
OPTIDX,NIFTY,25-Jun-2026,20000,CE,0,0,0,3829.5,4722.5,0,0,0,0,30-JAN-2024,
OPTIDX,NIFTY,25-Jun-2026,21000,CE,0,0,0,3881.9,4011.2,0,0,0,0,30-JAN-2024,
OPTIDX,NIFTY,25-Jun-2026,22000,CE,0,0,0,2722.55,3356.95,0,0,0,0,30-JAN-2024,
OPTIDX,NIFTY,25-Jun-2026,23000,CE,0,0,0,2645.65,2767.55,0,0,0,0,30-JAN-2024,
OPTIDX,NIFTY,25-Jun-2026,24000,CE,0,0,0,1698.3,2247.8,0,0,0,0,30-JAN-2024,
OPTIDX,NIFTY,25-Jun-2026,25000,CE,0,0,0,1510.4,1799.05,0,0,0,0,30-JAN-2024,
OPTIDX,NIFTY,25-Jun-2026,26000,CE,0,0,0,1343.15,1419.6,0,0,0,0,30-JAN-2024,
OPTIDX,NIFTY,25-Jun-2026,27000,CE,0,0,0,1352.8,1104.95,0,0,0,0,30-JAN-2024,
OPTIDX,NIFTY,25-Jun-2026,12000,PE,0,0,0,10.05,0.05,0,0,500,0,30-JAN-2024,
OPTIDX,NIFTY,25-Jun-2026,13000,PE,0,0,0,45.25,0.25,0,0,200,0,30-JAN-2024,
OPTIDX,NIFTY,25-Jun-2026,14000,PE,0,0,0,300,1.05,0,0,100,0,30-JAN-2024,
OPTIDX,NIFTY,25-Jun-2026,15000,PE,0,0,0,105.5,3.65,0,0,850,0,30-JAN-2024,
OPTIDX,NIFTY,25-Jun-2026,16000,PE,0,0,0,54.8,10.55,0,0,500,0,30-JAN-2024,
OPTIDX,NIFTY,25-Jun-2026,17000,PE,0,0,0,2627.25,26.2,0,0,0,0,30-JAN-2024,
OPTIDX,NIFTY,25-Jun-2026,18000,PE,0,0,0,3088.05,57.65,0,0,0,0,30-JAN-2024,
OPTIDX,NIFTY,25-Jun-2026,19000,PE,0,0,0,140.45,114,0,0,100,0,30-JAN-2024,
OPTIDX,NIFTY,25-Jun-2026,20000,PE,0,0,0,3159.75,206.1,0,0,0,0,30-JAN-2024,
OPTIDX,NIFTY,25-Jun-2026,21000,PE,0,0,0,3065.6,345.1,0,0,0,0,30-JAN-2024,
OPTIDX,NIFTY,25-Jun-2026,22000,PE,0,0,0,3829.5,541.1,0,0,0,0,30-JAN-2024,
OPTIDX,NIFTY,25-Jun-2026,23000,PE,0,0,0,4171.75,801.95,0,0,0,0,30-JAN-2024,
OPTIDX,NIFTY,25-Jun-2026,24000,PE,0,0,0,5437.7,1132.5,0,0,0,0,30-JAN-2024,
OPTIDX,NIFTY,25-Jun-2026,25000,PE,0,0,0,6063.1,1534.05,0,0,0,0,30-JAN-2024,
OPTIDX,NIFTY,25-Jun-2026,26000,PE,0,0,0,6709.2,2004.85,0,0,0,0,30-JAN-2024,
OPTIDX,NIFTY,25-Jun-2026,27000,PE,0,0,0,6810.7,2540.55,0,0,0,0,30-JAN-2024,
OPTIDX,NIFTY,31-Dec-2026,16000,CE,0,0,0,6200,8398.3,0,0,50,0,30-JAN-2024,
OPTIDX,NIFTY,31-Dec-2026,17000,CE,0,0,0,4955.1,7594.3,0,0,0,0,30-JAN-2024,
OPTIDX,NIFTY,31-Dec-2026,18000,CE,0,0,0,4501.45,6805.1,0,0,0,0,30-JAN-2024,
OPTIDX,NIFTY,31-Dec-2026,19000,CE,0,0,0,4999,6038,0,0,200,0,30-JAN-2024,
OPTIDX,NIFTY,31-Dec-2026,20000,CE,0,0,0,3704.3,5301.55,0,0,0,0,30-JAN-2024,
OPTIDX,NIFTY,31-Dec-2026,21000,CE,0,0,0,3356.25,4604.4,0,0,0,0,30-JAN-2024,
OPTIDX,NIFTY,31-Dec-2026,22000,CE,0,0,0,3039,3954.45,0,0,0,0,30-JAN-2024,
OPTIDX,NIFTY,31-Dec-2026,23000,CE,0,0,0,2020,3358.2,0,0,500,0,30-JAN-2024,
OPTIDX,NIFTY,31-Dec-2026,24000,CE,0,0,0,2010.65,2820.2,0,0,0,0,30-JAN-2024,
OPTIDX,NIFTY,31-Dec-2026,25000,CE,0,0,0,1811.2,2342.6,0,0,0,0,30-JAN-2024,
OPTIDX,NIFTY,31-Dec-2026,26000,CE,0,0,0,1631.05,1925.3,0,0,0,0,30-JAN-2024,
OPTIDX,NIFTY,31-Dec-2026,27000,CE,0,0,0,1651.65,1566.3,0,0,0,0,30-JAN-2024,
OPTIDX,NIFTY,31-Dec-2026,12000,PE,0,0,0,250.1,0.1,0,0,600,0,30-JAN-2024,
OPTIDX,NIFTY,31-Dec-2026,13000,PE,0,0,0,450,0.5,0,0,200,0,30-JAN-2024,
OPTIDX,NIFTY,31-Dec-2026,14000,PE,0,0,0,500,1.75,0,0,950,0,30-JAN-2024,
OPTIDX,NIFTY,31-Dec-2026,15000,PE,0,0,0,118.9,5.2,0,0,2200,0,30-JAN-2024,
OPTIDX,NIFTY,31-Dec-2026,16000,PE,0,0,0,73.05,13.45,0,0,2450,0,30-JAN-2024,
OPTIDX,NIFTY,31-Dec-2026,17000,PE,0,0,0,177.55,30.55,0,0,2700,0,30-JAN-2024,
OPTIDX,NIFTY,31-Dec-2026,18000,PE,0,0,0,374.15,62.4,0,0,6350,0,30-JAN-2024,
OPTIDX,NIFTY,31-Dec-2026,19000,PE,0,0,0,450,116.4,0,0,3200,0,30-JAN-2024,
OPTIDX,NIFTY,31-Dec-2026,20000,PE,0,0,0,600,201.05,0,0,3750,0,30-JAN-2024,
OPTIDX,NIFTY,31-Dec-2026,21000,PE,0,0,0,649,324.95,0,0,850,0,30-JAN-2024,
OPTIDX,NIFTY,31-Dec-2026,22000,PE,0,0,0,609.65,496.05,0,0,100,0,30-JAN-2024,
OPTIDX,NIFTY,31-Dec-2026,23000,PE,0,0,0,1200,720.9,0,0,6100,0,30-JAN-2024,
OPTIDX,NIFTY,31-Dec-2026,24000,PE,0,0,0,5233.45,1004,0,0,0,0,30-JAN-2024,
OPTIDX,NIFTY,31-Dec-2026,25000,PE,0,0,0,5825.75,1347.45,0,0,0,0,30-JAN-2024,
OPTIDX,NIFTY,31-Dec-2026,26000,PE,0,0,0,6437.4,1751.25,0,0,0,0,30-JAN-2024,
OPTIDX,NIFTY,31-Dec-2026,27000,PE,0,0,0,6522.3,2213.3,0,0,0,0,30-JAN-2024,
OPTIDX,NIFTY,24-Jun-2027,16000,CE,0,0,0,4898.4,8818.7,0,0,0,0,30-JAN-2024,
OPTIDX,NIFTY,24-Jun-2027,17000,CE,0,0,0,4464.7,8041.35,0,0,0,0,30-JAN-2024,
OPTIDX,NIFTY,24-Jun-2027,18000,CE,0,0,0,4066.45,7277.65,0,0,0,0,30-JAN-2024,
OPTIDX,NIFTY,24-Jun-2027,19000,CE,0,0,0,3701.25,6533.75,0,0,100,0,30-JAN-2024,
OPTIDX,NIFTY,24-Jun-2027,20000,CE,0,0,0,3367.05,5816.45,0,0,0,0,30-JAN-2024,
OPTIDX,NIFTY,24-Jun-2027,21000,CE,0,0,0,3061.8,5132.85,0,0,0,0,30-JAN-2024,
OPTIDX,NIFTY,24-Jun-2027,22000,CE,0,0,0,2783.5,4489.5,0,0,0,0,30-JAN-2024,
OPTIDX,NIFTY,24-Jun-2027,23000,CE,0,0,0,2530.05,3891.85,0,0,0,0,30-JAN-2024,
OPTIDX,NIFTY,24-Jun-2027,24000,CE,0,0,0,2299.55,3344.1,0,0,0,0,30-JAN-2024,
OPTIDX,NIFTY,24-Jun-2027,25000,CE,0,0,0,2090.05,2848.7,0,0,0,0,30-JAN-2024,
OPTIDX,NIFTY,24-Jun-2027,26000,CE,0,0,0,1900.85,2406.35,0,0,0,0,30-JAN-2024,
OPTIDX,NIFTY,24-Jun-2027,27000,CE,0,0,0,1932.5,2016.35,0,0,0,0,30-JAN-2024,
OPTIDX,NIFTY,24-Jun-2027,16000,PE,0,0,0,1476.1,15.5,0,0,0,0,30-JAN-2024,
OPTIDX,NIFTY,24-Jun-2027,17000,PE,0,0,0,1814.75,33.1,0,0,0,0,30-JAN-2024,
OPTIDX,NIFTY,24-Jun-2027,18000,PE,0,0,0,2188.9,64.3,0,0,0,0,30-JAN-2024,
OPTIDX,NIFTY,24-Jun-2027,19000,PE,0,0,0,170,115.3,0,0,250,0,30-JAN-2024,
OPTIDX,NIFTY,24-Jun-2027,20000,PE,0,0,0,3034.2,192.95,0,0,0,0,30-JAN-2024,
OPTIDX,NIFTY,24-Jun-2027,21000,PE,0,0,0,3501.35,304.3,0,0,0,0,30-JAN-2024,
OPTIDX,NIFTY,24-Jun-2027,22000,PE,0,0,0,3995.4,455.85,0,0,0,0,30-JAN-2024,
OPTIDX,NIFTY,24-Jun-2027,23000,PE,0,0,0,4514.3,653.15,0,0,0,0,30-JAN-2024,
OPTIDX,NIFTY,24-Jun-2027,24000,PE,0,0,0,5056.2,900.35,0,0,0,0,30-JAN-2024,
OPTIDX,NIFTY,24-Jun-2027,25000,PE,0,0,0,5619.05,1199.85,0,0,0,0,30-JAN-2024,
OPTIDX,NIFTY,24-Jun-2027,26000,PE,0,0,0,6202.2,1552.45,0,0,0,0,30-JAN-2024,
OPTIDX,NIFTY,24-Jun-2027,27000,PE,0,0,0,6273.45,1957.4,0,0,0,0,30-JAN-2024,
OPTIDX,NIFTY,30-Dec-2027,16000,CE,0,0,0,7354.45,9257.1,0,0,0,0,30-JAN-2024,
OPTIDX,NIFTY,30-Dec-2027,17000,CE,0,0,0,6805.5,8507.05,0,0,0,0,30-JAN-2024,
OPTIDX,NIFTY,30-Dec-2027,18000,CE,0,0,0,6285.7,7769.35,0,0,0,0,30-JAN-2024,
OPTIDX,NIFTY,30-Dec-2027,19000,CE,0,0,0,5794.9,7049.05,0,0,0,0,30-JAN-2024,
OPTIDX,NIFTY,30-Dec-2027,20000,CE,0,0,0,5333.85,6351.85,0,0,0,0,30-JAN-2024,
OPTIDX,NIFTY,30-Dec-2027,21000,CE,0,0,0,4902.4,5683.45,0,0,0,0,30-JAN-2024,
OPTIDX,NIFTY,30-Dec-2027,22000,CE,0,0,0,4499.55,5049.25,0,0,0,0,30-JAN-2024,
OPTIDX,NIFTY,30-Dec-2027,23000,CE,0,0,0,4125.7,4453.9,0,0,0,0,30-JAN-2024,
OPTIDX,NIFTY,30-Dec-2027,24000,CE,0,0,0,3778.95,3901.15,0,0,0,0,30-JAN-2024,
OPTIDX,NIFTY,30-Dec-2027,25000,CE,0,0,0,3458.35,3393.45,0,0,0,0,30-JAN-2024,
OPTIDX,NIFTY,30-Dec-2027,26000,CE,0,0,0,3162.4,2932.15,0,0,0,0,30-JAN-2024,
OPTIDX,NIFTY,30-Dec-2027,27000,CE,0,0,0,2889.8,2517.25,0,0,0,0,30-JAN-2024,
OPTIDX,NIFTY,30-Dec-2027,15000,PE,0,0,0,86.75,7.6,0,0,350,0,30-JAN-2024,
OPTIDX,NIFTY,30-Dec-2027,16000,PE,0,0,0,479.35,17.05,0,0,0,0,30-JAN-2024,
OPTIDX,NIFTY,30-Dec-2027,17000,PE,0,0,0,514,34.6,0,0,14250,0,30-JAN-2024,
OPTIDX,NIFTY,30-Dec-2027,18000,PE,0,0,0,74.8,64.5,0,0,10500,0,30-JAN-2024,
OPTIDX,NIFTY,30-Dec-2027,19000,PE,0,0,0,760,111.9,0,0,700,0,30-JAN-2024,
OPTIDX,NIFTY,30-Dec-2027,20000,PE,0,0,0,749.95,182.3,0,0,1700,0,30-JAN-2024,
OPTIDX,NIFTY,30-Dec-2027,21000,PE,0,0,0,1563.55,281.5,0,0,0,0,30-JAN-2024,
OPTIDX,NIFTY,30-Dec-2027,22000,PE,0,0,0,1867.9,414.9,0,0,0,0,30-JAN-2024,
OPTIDX,NIFTY,30-Dec-2027,23000,PE,0,0,0,2201.3,587.2,0,0,0,0,30-JAN-2024,
OPTIDX,NIFTY,30-Dec-2027,24000,PE,0,0,0,2561.85,802.05,0,0,0,0,30-JAN-2024,
OPTIDX,NIFTY,30-Dec-2027,25000,PE,0,0,0,2948.45,1062,0,0,0,0,30-JAN-2024,
OPTIDX,NIFTY,30-Dec-2027,26000,PE,0,0,0,3359.75,1368.35,0,0,0,0,30-JAN-2024,
OPTIDX,NIFTY,30-Dec-2027,27000,PE,0,0,0,3794.4,1721.05,0,0,0,0,30-JAN-2024,
OPTIDX,NIFTY,29-Jun-2028,16000,CE,0,0,0,8002.3,9664.55,0,0,0,0,30-JAN-2024,
OPTIDX,NIFTY,29-Jun-2028,17000,CE,0,0,0,7393.45,8939.45,0,0,0,0,30-JAN-2024,
OPTIDX,NIFTY,29-Jun-2028,18000,CE,0,0,0,6809.35,8225.55,0,0,0,0,30-JAN-2024,
OPTIDX,NIFTY,29-Jun-2028,19000,CE,0,0,0,6252.25,7527.1,0,0,0,0,30-JAN-2024,
OPTIDX,NIFTY,29-Jun-2028,20000,CE,0,0,0,5724.65,6848.8,0,0,0,0,30-JAN-2024,
OPTIDX,NIFTY,29-Jun-2028,21000,CE,0,0,0,5226.55,6195.4,0,0,0,0,30-JAN-2024,
OPTIDX,NIFTY,29-Jun-2028,22000,CE,0,0,0,4759.5,5571.5,0,0,0,0,30-JAN-2024,
OPTIDX,NIFTY,29-Jun-2028,23000,CE,0,0,0,4323.1,4981.1,0,0,0,0,30-JAN-2024,
OPTIDX,NIFTY,29-Jun-2028,24000,CE,0,0,0,3918.85,4427.55,0,0,0,0,30-JAN-2024,
OPTIDX,NIFTY,29-Jun-2028,25000,CE,0,0,0,3545.15,3913.25,0,0,0,0,30-JAN-2024,
OPTIDX,NIFTY,29-Jun-2028,26000,CE,0,0,0,3200.9,3439.7,0,0,0,0,30-JAN-2024,
OPTIDX,NIFTY,29-Jun-2028,27000,CE,0,0,0,2885.15,3007.45,0,0,0,0,30-JAN-2024,
OPTIDX,NIFTY,29-Jun-2028,16000,PE,0,0,0,194.2,17.95,0,0,0,0,30-JAN-2024,
OPTIDX,NIFTY,29-Jun-2028,17000,PE,0,0,0,283.1,35.1,0,0,0,0,30-JAN-2024,
OPTIDX,NIFTY,29-Jun-2028,18000,PE,0,0,0,396.75,63.4,0,0,0,0,30-JAN-2024,
OPTIDX,NIFTY,29-Jun-2028,19000,PE,0,0,0,537.45,107.15,0,0,0,0,30-JAN-2024,
OPTIDX,NIFTY,29-Jun-2028,20000,PE,0,0,0,707.55,171.1,0,0,0,0,30-JAN-2024,
OPTIDX,NIFTY,29-Jun-2028,21000,PE,0,0,0,907.2,259.9,0,0,0,0,30-JAN-2024,
OPTIDX,NIFTY,29-Jun-2028,22000,PE,0,0,0,1137.9,378.25,0,0,0,0,30-JAN-2024,
OPTIDX,NIFTY,29-Jun-2028,23000,PE,0,0,0,1399.25,530.05,0,0,0,0,30-JAN-2024,
OPTIDX,NIFTY,29-Jun-2028,24000,PE,0,0,0,1692.75,718.7,0,0,0,0,30-JAN-2024,
OPTIDX,NIFTY,29-Jun-2028,25000,PE,0,0,0,2016.8,946.65,0,0,0,0,30-JAN-2024,
OPTIDX,NIFTY,29-Jun-2028,26000,PE,0,0,0,2370.3,1215.35,0,0,0,0,30-JAN-2024,
OPTIDX,NIFTY,29-Jun-2028,27000,PE,0,0,0,2752.35,1525.3,0,0,0,0,30-JAN-2024,
OPTIDX,NIFTY,28-Dec-2028,16000,CE,0,0,0,10704.45,10058.05,0,0,0,0,30-JAN-2024,
OPTIDX,NIFTY,28-Dec-2028,17000,CE,0,0,0,10036.4,9356.85,0,0,0,0,30-JAN-2024,
OPTIDX,NIFTY,28-Dec-2028,18000,CE,0,0,0,9380.3,8665.75,0,0,0,0,30-JAN-2024,
OPTIDX,NIFTY,28-Dec-2028,19000,CE,0,0,0,8739,7988.35,0,0,0,0,30-JAN-2024,
OPTIDX,NIFTY,28-Dec-2028,20000,CE,0,0,0,8115.5,7328.6,0,0,0,0,30-JAN-2024,
OPTIDX,NIFTY,28-Dec-2028,21000,CE,0,0,0,7512.5,6690.55,0,0,0,0,30-JAN-2024,
OPTIDX,NIFTY,28-Dec-2028,22000,CE,0,0,0,6932.45,6078.05,0,0,0,0,30-JAN-2024,
OPTIDX,NIFTY,28-Dec-2028,23000,CE,0,0,0,6377.6,5494.65,0,0,0,0,30-JAN-2024,
OPTIDX,NIFTY,28-Dec-2028,24000,CE,0,0,0,5850.3,4943.25,0,0,0,0,30-JAN-2024,
OPTIDX,NIFTY,28-Dec-2028,25000,CE,0,0,0,5350.4,4426.2,0,0,0,0,30-JAN-2024,
OPTIDX,NIFTY,28-Dec-2028,26000,CE,0,0,0,4879.7,3945.1,0,0,0,0,30-JAN-2024,
OPTIDX,NIFTY,28-Dec-2028,27000,CE,0,0,0,4437.95,3500.7,0,0,0,0,30-JAN-2024,
OPTIDX,NIFTY,28-Dec-2028,16000,PE,0,0,0,39.6,18.45,0,0,0,0,30-JAN-2024,
OPTIDX,NIFTY,28-Dec-2028,17000,PE,0,0,0,66.15,34.9,0,0,0,0,30-JAN-2024,
OPTIDX,NIFTY,28-Dec-2028,18000,PE,0,0,0,104.65,61.4,0,0,0,0,30-JAN-2024,
OPTIDX,NIFTY,28-Dec-2028,19000,PE,0,0,0,158,101.65,0,0,0,0,30-JAN-2024,
OPTIDX,NIFTY,28-Dec-2028,20000,PE,0,0,0,229.1,159.6,0,0,0,0,30-JAN-2024,
OPTIDX,NIFTY,28-Dec-2028,21000,PE,0,0,0,320.7,239.2,0,0,0,0,30-JAN-2024,
OPTIDX,NIFTY,28-Dec-2028,22000,PE,0,0,0,435.3,344.35,0,0,0,0,30-JAN-2024,
OPTIDX,NIFTY,28-Dec-2028,23000,PE,0,0,0,575.05,478.6,0,0,0,0,30-JAN-2024,
OPTIDX,NIFTY,28-Dec-2028,24000,PE,0,0,0,742.35,644.85,0,0,0,0,30-JAN-2024,
OPTIDX,NIFTY,28-Dec-2028,25000,PE,0,0,0,937.05,845.5,0,0,0,0,30-JAN-2024,
OPTIDX,NIFTY,28-Dec-2028,26000,PE,0,0,0,1160.95,1082,0,0,0,0,30-JAN-2024,
OPTIDX,NIFTY,28-Dec-2028,27000,PE,0,0,0,1413.85,1355.3,0,0,0,0,30-JAN-2024,
