INSTRUMENT,SYMBOL,EXPIRY_DT,STRIKE_PR,OPTION_TYP,OPEN,HIGH,LOW,CLOSE,SETTLE_PR,CONTRACTS,VAL_INLAKH,OPEN_INT,CHG_IN_OI,TIMESTAMP,
FUTIDX,NIFTY,29-Feb-2024,0,XX,21614.95,21840,21570,21808.6,21808.6,146625,1594631.5,11246500,-7750,31-JAN-2024,
FUTIDX,NIFTY,28-Mar-2024,0,XX,21740.05,21975,21713.8,21945.55,21945.55,8067,88337.94,779050,7200,31-JAN-2024,
FUTIDX,NIFTY,25-Apr-2024,0,XX,21890.3,22104,21858.5,22083.25,22083.25,2333,25690.9,139550,17500,31-JAN-2024,
OPTIDX,NIFTY,01-Feb-2024,19500,CE,2073.45,2216.85,2073.45,2216.85,2229.3,4,43.3,6500,-50,31-JAN-2024,
OPTIDX,NIFTY,01-Feb-2024,19550,CE,0,0,0,1815,2179.3,0,0,50,0,31-JAN-2024,
OPTIDX,NIFTY,01-Feb-2024,19600,CE,0,0,0,2110,2129.3,0,0,1100,0,31-JAN-2024,
OPTIDX,NIFTY,01-Feb-2024,19650,CE,0,0,0,1715,2079.35,0,0,50,0,31-JAN-2024,
OPTIDX,NIFTY,01-Feb-2024,19700,CE,2030,2047,1965,2042.45,2042.45,28,304.13,2350,-1200,31-JAN-2024,
OPTIDX,NIFTY,01-Feb-2024,19750,CE,0,0,0,1960,1979.35,0,0,500,0,31-JAN-2024,
OPTIDX,NIFTY,01-Feb-2024,19800,CE,1780,1924,1780,1924,1929.35,10,108.34,2000,-400,31-JAN-2024,
OPTIDX,NIFTY,01-Feb-2024,19850,CE,0,0,0,1890,1879.35,0,0,300,0,31-JAN-2024,
OPTIDX,NIFTY,01-Feb-2024,19900,CE,1650,1845,1650,1827.9,1827.9,119,1290.87,750,-5250,31-JAN-2024,
OPTIDX,NIFTY,01-Feb-2024,19950,CE,0,0,0,1507.15,1779.4,0,0,0,0,31-JAN-2024,
OPTIDX,NIFTY,01-Feb-2024,20000,CE,1500,1764.6,1500,1736.65,1736.65,388,4213.32,70450,-12650,31-JAN-2024,
OPTIDX,NIFTY,01-Feb-2024,20050,CE,0,0,0,1283,1679.4,0,0,3900,0,31-JAN-2024,
OPTIDX,NIFTY,01-Feb-2024,20100,CE,1403,1641,1403,1607,1629.4,33,357.76,5300,-1250,31-JAN-2024,
OPTIDX,NIFTY,01-Feb-2024,20150,CE,0,0,0,1218.05,1579.45,0,0,2100,0,31-JAN-2024,
OPTIDX,NIFTY,01-Feb-2024,20200,CE,0,0,0,1209.25,1529.45,0,0,3950,0,31-JAN-2024,
OPTIDX,NIFTY,01-Feb-2024,20250,CE,0,0,0,1240,1479.45,0,0,150,0,31-JAN-2024,
OPTIDX,NIFTY,01-Feb-2024,20300,CE,1338.1,1442,1338.1,1426.8,1426.8,29,314.48,3300,-1350,31-JAN-2024,
OPTIDX,NIFTY,01-Feb-2024,20350,CE,1321,1388,1315,1381.75,1381.75,28,303.98,2900,-1150,31-JAN-2024,
OPTIDX,NIFTY,01-Feb-2024,20400,CE,1170,1341.85,1170,1280,1329.45,8,86.7,2550,-350,31-JAN-2024,
OPTIDX,NIFTY,01-Feb-2024,20450,CE,0,0,0,1347.8,1279.5,0,0,700,0,31-JAN-2024,
OPTIDX,NIFTY,01-Feb-2024,20500,CE,1000.05,1261,1000,1229.15,1229.15,349,3782.5,70450,-9550,31-JAN-2024,
OPTIDX,NIFTY,01-Feb-2024,20550,CE,1000,1154.65,1000,1141.4,1179.5,6,64.89,600,-150,31-JAN-2024,
OPTIDX,NIFTY,01-Feb-2024,20600,CE,1131.05,1147.3,1078.05,1132.45,1132.45,174,1886.93,15500,150,31-JAN-2024,
OPTIDX,NIFTY,01-Feb-2024,20650,CE,1055.95,1055.95,1005,1035.2,1079.5,4,43.36,5200,0,31-JAN-2024,
OPTIDX,NIFTY,01-Feb-2024,20700,CE,850,1068.3,850,1044.7,1044.7,92,997.72,101200,-1000,31-JAN-2024,
OPTIDX,NIFTY,01-Feb-2024,20750,CE,0,0,0,794.35,979.55,0,0,5700,0,31-JAN-2024,
OPTIDX,NIFTY,01-Feb-2024,20800,CE,727.55,963.85,707.9,930.65,930.65,470,5091.86,159000,3900,31-JAN-2024,
OPTIDX,NIFTY,01-Feb-2024,20850,CE,816.95,893.7,814.7,876.4,876.4,15,162.79,6250,-50,31-JAN-2024,
OPTIDX,NIFTY,01-Feb-2024,20900,CE,628.2,870.3,616.8,837.25,837.25,406,4393.13,121500,-8350,31-JAN-2024,
OPTIDX,NIFTY,01-Feb-2024,20950,CE,594.5,800.8,564.35,786.65,786.65,136,1473.96,6900,-450,31-JAN-2024,
OPTIDX,NIFTY,01-Feb-2024,21000,CE,521.1,771.15,511.4,730.25,730.25,17816,193073.58,292850,-28050,31-JAN-2024,
OPTIDX,NIFTY,01-Feb-2024,21050,CE,492.25,710.4,469.5,692.5,692.5,271,2930.94,10700,-1000,31-JAN-2024,
OPTIDX,NIFTY,01-Feb-2024,21100,CE,443.6,670.5,428.75,638.1,638.1,5000,54129.71,110150,-33000,31-JAN-2024,
OPTIDX,NIFTY,01-Feb-2024,21150,CE,406.55,615.55,386.4,586.95,586.95,565,6118.68,29700,-6650,31-JAN-2024,
OPTIDX,NIFTY,01-Feb-2024,21200,CE,361,578,342.45,537.1,537.1,19907,215591.09,318200,-85050,31-JAN-2024,
OPTIDX,NIFTY,01-Feb-2024,21250,CE,330.05,527.9,304.75,500.05,500.05,4255,46072.2,69050,-16550,31-JAN-2024,
OPTIDX,NIFTY,01-Feb-2024,21300,CE,300.85,480.35,266.2,449.45,449.45,45573,493715.74,593400,-89650,31-JAN-2024,
OPTIDX,NIFTY,01-Feb-2024,21350,CE,250,435.15,232.15,395.4,395.4,33405,361812.33,159100,50,31-JAN-2024,
OPTIDX,NIFTY,01-Feb-2024,21400,CE,213.05,390.8,198.05,359.65,359.65,229371,2486440.68,772050,-276250,31-JAN-2024,
OPTIDX,NIFTY,01-Feb-2024,21450,CE,199.95,346.5,168.25,317,317,223340,2421590.46,236450,-154950,31-JAN-2024,
OPTIDX,NIFTY,01-Feb-2024,21500,CE,170,304,140.75,276.35,276.35,1114723,12102637.09,1532250,-633850,31-JAN-2024,
OPTIDX,NIFTY,01-Feb-2024,21550,CE,138.1,265.8,116,238.15,238.15,752351,8176375.39,624450,-589700,31-JAN-2024,
OPTIDX,NIFTY,01-Feb-2024,21600,CE,103.95,229.9,94.55,203.65,203.65,2010651,21880949.87,2500350,-1362250,31-JAN-2024,
OPTIDX,NIFTY,01-Feb-2024,21650,CE,89.7,196.4,75.75,172.1,172.1,1596223,17394510.59,1570500,-589950,31-JAN-2024,
OPTIDX,NIFTY,01-Feb-2024,21700,CE,69,166,50.1,144.1,144.1,3292514,35927070.08,6241600,-286400,31-JAN-2024,
OPTIDX,NIFTY,01-Feb-2024,21750,CE,62.2,138.9,46.9,119.65,119.65,1585106,17318939.28,2984950,374900,31-JAN-2024,
OPTIDX,NIFTY,01-Feb-2024,21800,CE,49.2,114.5,36.75,98.2,98.2,2452923,26836779.72,5894450,582150,31-JAN-2024,
OPTIDX,NIFTY,01-Feb-2024,21850,CE,38,93.95,28.4,79.95,79.95,1154491,12650639.45,2839900,412150,31-JAN-2024,
OPTIDX,NIFTY,01-Feb-2024,21900,CE,31.5,76,21.95,64.9,64.9,1840178,20198313.32,6806150,2478700,31-JAN-2024,
OPTIDX,NIFTY,01-Feb-2024,21950,CE,25,61,16.9,52.55,52.55,936020,10291982.38,2775650,866900,31-JAN-2024,
OPTIDX,NIFTY,01-Feb-2024,22000,CE,17.2,49.05,13.35,42.85,42.85,2354342,25936293.75,7339600,948800,31-JAN-2024,
OPTIDX,NIFTY,01-Feb-2024,22050,CE,15.6,39.2,10.25,34.75,34.75,846498,9343514.77,2648450,518600,31-JAN-2024,
OPTIDX,NIFTY,01-Feb-2024,22100,CE,12.6,31,8.25,27.95,27.95,1285417,14217116.46,3673100,1381200,31-JAN-2024,
OPTIDX,NIFTY,01-Feb-2024,22150,CE,9.9,26,6.3,22.45,22.45,845825,9374252.76,1652350,-145200,31-JAN-2024,
OPTIDX,NIFTY,01-Feb-2024,22200,CE,7.8,21.9,5.2,17.8,17.8,1337658,14856335.19,5071650,1698750,31-JAN-2024,
OPTIDX,NIFTY,01-Feb-2024,22250,CE,6.25,19,3.65,13.95,13.95,831922,9259141.38,2667450,1324450,31-JAN-2024,
OPTIDX,NIFTY,01-Feb-2024,22300,CE,5.3,15,3.6,11,11,1135453,12664720.79,5121200,2128300,31-JAN-2024,
OPTIDX,NIFTY,01-Feb-2024,22350,CE,4.15,12.1,2.75,8.65,8.65,711902,7957625.7,2147700,864850,31-JAN-2024,
OPTIDX,NIFTY,01-Feb-2024,22400,CE,3.65,10,1.9,6.85,6.85,1165482,13056134.52,5572500,649000,31-JAN-2024,
OPTIDX,NIFTY,01-Feb-2024,22450,CE,3.7,8,2.15,5.5,5.5,505382,5673874.7,2478950,953850,31-JAN-2024,
OPTIDX,NIFTY,01-Feb-2024,22500,CE,2.95,6,1.7,4.4,4.4,1269233,14280837.05,10147450,2907100,31-JAN-2024,
OPTIDX,NIFTY,01-Feb-2024,22550,CE,3,5,1.45,3.6,3.6,475140,5357805.6,2032750,-298700,31-JAN-2024,
OPTIDX,NIFTY,01-Feb-2024,22600,CE,2.45,4,1.35,3.05,3.05,721680,8155823.31,4460300,1227700,31-JAN-2024,
OPTIDX,NIFTY,01-Feb-2024,22650,CE,2.45,3.3,1.15,2.65,2.65,284866,3226394.23,1570850,-465850,31-JAN-2024,
OPTIDX,NIFTY,01-Feb-2024,22700,CE,2.2,3,1,2.25,2.25,607475,6895388.04,3895250,393050,31-JAN-2024,
OPTIDX,NIFTY,01-Feb-2024,22750,CE,1.95,2.5,0.9,2,2,152533,1735186.1,1117000,-406450,31-JAN-2024,
OPTIDX,NIFTY,01-Feb-2024,22800,CE,1.85,2.15,0.85,1.85,1.85,390654,4453754.69,2596400,396050,31-JAN-2024,
OPTIDX,NIFTY,01-Feb-2024,22850,CE,1.75,2,0.75,1.65,1.65,84130,961244.43,562550,-140400,31-JAN-2024,
OPTIDX,NIFTY,01-Feb-2024,22900,CE,1.65,1.85,0.65,1.5,1.5,218241,2498990.73,1149800,8000,31-JAN-2024,
OPTIDX,NIFTY,01-Feb-2024,22950,CE,1.55,1.8,0.65,1.35,1.35,49297,565714.34,250450,-24200,31-JAN-2024,
OPTIDX,NIFTY,01-Feb-2024,23000,CE,1.5,1.65,0.7,1.2,1.2,518696,5965297.98,5042200,1023900,31-JAN-2024,
OPTIDX,NIFTY,01-Feb-2024,23050,CE,1.45,1.85,0.6,1.1,1.1,28611,329757.21,263200,96100,31-JAN-2024,
OPTIDX,NIFTY,01-Feb-2024,23100,CE,1.35,1.55,0.55,1.05,1.05,100685,1162961.47,417450,55150,31-JAN-2024,
OPTIDX,NIFTY,01-Feb-2024,23150,CE,0.95,1.55,0.55,1.05,1.05,22313,258284.34,218900,107200,31-JAN-2024,
OPTIDX,NIFTY,01-Feb-2024,23200,CE,1.4,1.5,0.5,0.95,0.95,78340,908779.8,461650,44600,31-JAN-2024,
OPTIDX,NIFTY,01-Feb-2024,23250,CE,0.7,1.5,0.5,0.9,0.9,15749,183089.45,185750,86900,31-JAN-2024,
OPTIDX,NIFTY,01-Feb-2024,23300,CE,1.2,1.35,0.55,0.85,0.85,53221,620049.33,408200,-259000,31-JAN-2024,
OPTIDX,NIFTY,01-Feb-2024,23350,CE,0.7,1.35,0.5,0.9,0.9,11945,139463,112000,27650,31-JAN-2024,
OPTIDX,NIFTY,01-Feb-2024,23400,CE,1.1,1.3,0.5,0.85,0.85,57484,672586.62,855150,300600,31-JAN-2024,
OPTIDX,NIFTY,01-Feb-2024,23450,CE,1.1,1.45,0.55,0.85,0.85,6296,73823.3,92450,24400,31-JAN-2024,
OPTIDX,NIFTY,01-Feb-2024,23500,CE,0.95,1.3,0.5,0.8,0.8,169769,1994856.66,3370050,-227100,31-JAN-2024,
OPTIDX,NIFTY,01-Feb-2024,23550,CE,1.3,1.3,0.45,0.8,0.8,8329,98077.3,127050,-5650,31-JAN-2024,
OPTIDX,NIFTY,01-Feb-2024,23600,CE,0.9,1.5,0.5,0.75,0.75,22823,269320.17,239400,-34000,31-JAN-2024,
OPTIDX,NIFTY,01-Feb-2024,23650,CE,1.2,1.3,0.5,0.7,0.7,5549,65619.09,125850,27300,31-JAN-2024,
OPTIDX,NIFTY,01-Feb-2024,23700,CE,1.1,1.15,0.45,0.7,0.7,26398,312825.95,494850,-51500,31-JAN-2024,
OPTIDX,NIFTY,01-Feb-2024,23750,CE,1.4,1.4,0.45,0.7,0.7,11170,132647.72,185700,-14050,31-JAN-2024,
OPTIDX,NIFTY,01-Feb-2024,23800,CE,1.15,1.15,0.45,0.7,0.7,67175,799408.08,1343250,-563650,31-JAN-2024,
OPTIDX,NIFTY,01-Feb-2024,23850,CE,0.95,1.3,0.45,0.65,0.65,65187,777378.74,1550300,-305900,31-JAN-2024,
OPTIDX,NIFTY,01-Feb-2024,19500,PE,0.65,1.05,0.35,0.65,0.65,392595,3827927.15,3667400,21800,31-JAN-2024,
OPTIDX,NIFTY,01-Feb-2024,19550,PE,0.7,1.1,0.4,0.75,0.75,44436,434377.92,391050,245250,31-JAN-2024,
OPTIDX,NIFTY,01-Feb-2024,19600,PE,0.7,1.1,0.45,0.75,0.75,62181,609396.7,647800,276950,31-JAN-2024,
OPTIDX,NIFTY,01-Feb-2024,19650,PE,0.65,1.1,0.45,0.85,0.85,34491,338888.24,504050,331650,31-JAN-2024,
OPTIDX,NIFTY,01-Feb-2024,19700,PE,0.75,1.1,0.55,0.8,0.8,67175,661700.25,1065300,181350,31-JAN-2024,
OPTIDX,NIFTY,01-Feb-2024,19750,PE,0.7,2.45,0.5,0.95,0.95,21041,207788.68,265100,122600,31-JAN-2024,
OPTIDX,NIFTY,01-Feb-2024,19800,PE,0.7,1.15,0.55,0.8,0.8,48129,476496.82,395450,19300,31-JAN-2024,
OPTIDX,NIFTY,01-Feb-2024,19850,PE,0.75,1.15,0.35,0.75,0.75,34645,343866,194650,-564950,31-JAN-2024,
OPTIDX,NIFTY,01-Feb-2024,19900,PE,0.9,1.2,0.6,0.8,0.8,36006,358274.96,297800,19100,31-JAN-2024,
OPTIDX,NIFTY,01-Feb-2024,19950,PE,0.85,1.25,0.6,0.8,0.8,16302,162619.6,125850,-37300,31-JAN-2024,
OPTIDX,NIFTY,01-Feb-2024,20000,PE,1,1.3,0.65,0.85,0.85,324733,3247489.62,2734550,-402750,31-JAN-2024,
OPTIDX,NIFTY,01-Feb-2024,20050,PE,1.05,1.35,0.65,0.95,0.95,32129,322109.86,178900,52200,31-JAN-2024,
OPTIDX,NIFTY,01-Feb-2024,20100,PE,0.8,1.4,0.65,0.9,0.9,100508,1010156.91,553650,28750,31-JAN-2024,
OPTIDX,NIFTY,01-Feb-2024,20150,PE,1.05,1.5,0.5,0.95,0.95,61213,616753.64,367900,11050,31-JAN-2024,
OPTIDX,NIFTY,01-Feb-2024,20200,PE,1.2,1.55,0.7,1,1,169534,1712387.99,1303850,78100,31-JAN-2024,
OPTIDX,NIFTY,01-Feb-2024,20250,PE,1.2,3.9,0.8,1.05,1.05,64336,651440.34,334500,37400,31-JAN-2024,
OPTIDX,NIFTY,01-Feb-2024,20300,PE,1.2,1.7,0.9,1.15,1.15,197051,2000188.85,947700,-207200,31-JAN-2024,
OPTIDX,NIFTY,01-Feb-2024,20350,PE,1.25,1.8,0.9,1.2,1.2,83990,854654.35,323400,-88200,31-JAN-2024,
OPTIDX,NIFTY,01-Feb-2024,20400,PE,1.4,1.9,1.1,1.3,1.3,312197,3184638.56,910400,-445850,31-JAN-2024,
OPTIDX,NIFTY,01-Feb-2024,20450,PE,1.35,2.1,0.9,1.5,1.5,130893,1338487.63,445450,36000,31-JAN-2024,
OPTIDX,NIFTY,01-Feb-2024,20500,PE,1.6,2.45,1.4,1.55,1.55,761342,7804429.68,4377100,418000,31-JAN-2024,
OPTIDX,NIFTY,01-Feb-2024,20550,PE,2,5.1,1.55,1.8,1.8,170518,1752253.82,723750,-12200,31-JAN-2024,
OPTIDX,NIFTY,01-Feb-2024,20600,PE,2.9,4.05,1.75,2.05,2.05,534566,5506682.38,2227950,-133450,31-JAN-2024,
OPTIDX,NIFTY,01-Feb-2024,20650,PE,3.5,5.5,1.95,2.3,2.3,249112,2572437.94,1430900,252050,31-JAN-2024,
OPTIDX,NIFTY,01-Feb-2024,20700,PE,4.3,6.95,2.55,2.9,2.9,718098,7433562.09,3736150,1069600,31-JAN-2024,
OPTIDX,NIFTY,01-Feb-2024,20750,PE,6,8.7,2.85,3.3,3.3,250543,2599921.06,1139550,353900,31-JAN-2024,
OPTIDX,NIFTY,01-Feb-2024,20800,PE,6.9,11.1,3.3,3.75,3.75,576596,5998053.44,3386350,1544250,31-JAN-2024,
OPTIDX,NIFTY,01-Feb-2024,20850,PE,8.6,13.95,3.6,4.4,4.4,267716,2791774.44,789800,54850,31-JAN-2024,
OPTIDX,NIFTY,01-Feb-2024,20900,PE,12.5,17.65,4.3,5.05,5.05,513868,5371813.09,1883750,506500,31-JAN-2024,
OPTIDX,NIFTY,01-Feb-2024,20950,PE,17.45,22,5,6,6,376190,3942232.37,1654150,144850,31-JAN-2024,
OPTIDX,NIFTY,01-Feb-2024,21000,PE,17,27.2,5.7,7,7,1119541,11761259.81,7219250,2468400,31-JAN-2024,
OPTIDX,NIFTY,01-Feb-2024,21050,PE,19.7,33.5,6.55,8.2,8.2,332489,3501642.7,1112850,462350,31-JAN-2024,
OPTIDX,NIFTY,01-Feb-2024,21100,PE,30,40.55,7.5,9.5,9.5,663120,7000951,2324750,622250,31-JAN-2024,
OPTIDX,NIFTY,01-Feb-2024,21150,PE,36.8,48.9,8.7,11.1,11.1,452820,4792434.43,1142800,503800,31-JAN-2024,
OPTIDX,NIFTY,01-Feb-2024,21200,PE,38.5,58.6,10.4,13.3,13.3,977650,10373459.5,3631650,1427500,31-JAN-2024,
OPTIDX,NIFTY,01-Feb-2024,21250,PE,49.85,70.4,12.25,15.75,15.75,634014,6744085.54,1497500,586500,31-JAN-2024,
OPTIDX,NIFTY,01-Feb-2024,21300,PE,60.6,83.7,14.85,19.1,19.1,1298900,13853902.76,3959100,1033100,31-JAN-2024,
OPTIDX,NIFTY,01-Feb-2024,21350,PE,71.05,99,18.2,23.35,23.35,953138,10193001.36,1523800,395050,31-JAN-2024,
OPTIDX,NIFTY,01-Feb-2024,21400,PE,96.55,116.85,23,28.95,28.95,1616445,17335278.8,4183500,981850,31-JAN-2024,
OPTIDX,NIFTY,01-Feb-2024,21450,PE,112.4,137.2,29.1,35.85,35.85,1109025,11927926.9,2037500,717650,31-JAN-2024,
OPTIDX,NIFTY,01-Feb-2024,21500,PE,124.9,159.7,37.1,44.9,44.9,2599187,28034524.89,7721250,3936600,31-JAN-2024,
OPTIDX,NIFTY,01-Feb-2024,21550,PE,161.3,184.95,47.6,57.1,57.1,1156389,12508699.71,2381600,971750,31-JAN-2024,
OPTIDX,NIFTY,01-Feb-2024,21600,PE,198.3,213.5,60.2,72.45,72.45,2287961,24818322.42,4165500,1468650,31-JAN-2024,
OPTIDX,NIFTY,01-Feb-2024,21650,PE,210,244,76,91.15,91.15,1264089,13751273.16,1770050,821400,31-JAN-2024,
OPTIDX,NIFTY,01-Feb-2024,21700,PE,250.05,277.65,94.85,112.1,112.1,2038620,22248570.89,3580200,1980950,31-JAN-2024,
OPTIDX,NIFTY,01-Feb-2024,21750,PE,290.5,313.95,116.8,137.05,137.05,577645,6325247.96,981400,337650,31-JAN-2024,
OPTIDX,NIFTY,01-Feb-2024,21800,PE,321.25,351.8,142.75,165.3,165.3,522656,5746008.83,1410000,585850,31-JAN-2024,
OPTIDX,NIFTY,01-Feb-2024,21850,PE,362.3,391.55,172.9,198.85,198.85,90534,998751.43,371350,188950,31-JAN-2024,
OPTIDX,NIFTY,01-Feb-2024,21900,PE,412,437,205,234.6,234.6,113530,1257435.12,483450,206500,31-JAN-2024,
OPTIDX,NIFTY,01-Feb-2024,21950,PE,459.2,480.95,240.85,270.45,270.45,17525,194860.83,156900,110150,31-JAN-2024,
OPTIDX,NIFTY,01-Feb-2024,22000,PE,502.05,526.75,280,312.7,312.7,91442,1021477.19,784150,46900,31-JAN-2024,
OPTIDX,NIFTY,01-Feb-2024,22050,PE,545.55,567.55,321.45,357,357,2295,25739.6,40550,-1550,31-JAN-2024,
OPTIDX,NIFTY,01-Feb-2024,22100,PE,601.8,617.35,364.05,395.05,395.05,5083,57245.57,136700,-13350,31-JAN-2024,
OPTIDX,NIFTY,01-Feb-2024,22150,PE,657.15,657.15,409.55,438.65,438.65,569,6436.62,11600,-2300,31-JAN-2024,
OPTIDX,NIFTY,01-Feb-2024,22200,PE,690,714.3,452.7,489.55,489.55,4343,49345.93,48900,7000,31-JAN-2024,
OPTIDX,NIFTY,01-Feb-2024,22250,PE,724.35,726,510,535.7,535.7,160,1824.43,7350,350,31-JAN-2024,
OPTIDX,NIFTY,01-Feb-2024,22300,PE,799.95,800,552,581.4,581.4,839,9634.11,18200,-150,31-JAN-2024,
OPTIDX,NIFTY,01-Feb-2024,22350,PE,614.9,630.65,604.75,624.05,624.05,106,1217.55,3650,1300,31-JAN-2024,
OPTIDX,NIFTY,01-Feb-2024,22400,PE,909.1,909.1,645.8,674.3,674.3,164,1893.51,3550,400,31-JAN-2024,
OPTIDX,NIFTY,01-Feb-2024,22450,PE,768.7,768.7,744.3,745.35,720.15,4,46.4,150,0,31-JAN-2024,
OPTIDX,NIFTY,01-Feb-2024,22500,PE,980.05,1010.45,738.95,767.25,767.25,753,8775.32,18900,-7300,31-JAN-2024,
OPTIDX,NIFTY,01-Feb-2024,22550,PE,1051.55,1051.55,806.55,819.1,819.1,23,269.8,400,200,31-JAN-2024,
OPTIDX,NIFTY,01-Feb-2024,22600,PE,876.85,898.7,857.3,863.35,863.35,70,822.16,1050,-100,31-JAN-2024,
OPTIDX,NIFTY,01-Feb-2024,22650,PE,931,939.05,931,932.1,932.1,14,165.07,500,350,31-JAN-2024,
OPTIDX,NIFTY,01-Feb-2024,22700,PE,1166.35,1166.35,947.1,974.35,974.35,19,225.15,450,-50,31-JAN-2024,
OPTIDX,NIFTY,01-Feb-2024,22750,PE,1261.8,1261.85,1239.45,1241,1020.1,9,108,100,100,31-JAN-2024,
OPTIDX,NIFTY,01-Feb-2024,22800,PE,0,0,0,1250,1070.1,0,0,100,0,31-JAN-2024,
OPTIDX,NIFTY,01-Feb-2024,22850,PE,0,0,0,1458.1,1120.1,0,0,0,0,31-JAN-2024,
OPTIDX,NIFTY,01-Feb-2024,22900,PE,1383.15,1383.15,1383.15,1383.15,1170.05,1,12.14,100,-50,31-JAN-2024,
OPTIDX,NIFTY,01-Feb-2024,22950,PE,0,0,0,1548.3,1220.05,0,0,0,0,31-JAN-2024,
OPTIDX,NIFTY,01-Feb-2024,23000,PE,1308.15,1319.1,1240,1265.45,1265.45,216,2620.99,15650,2950,31-JAN-2024,
OPTIDX,NIFTY,01-Feb-2024,23050,PE,0,0,0,1564.35,1320.05,0,0,50,0,31-JAN-2024,
OPTIDX,NIFTY,01-Feb-2024,23100,PE,0,0,0,1705.25,1370.05,0,0,100,0,31-JAN-2024,
OPTIDX,NIFTY,01-Feb-2024,23150,PE,0,0,0,1732.55,1420,0,0,0,0,31-JAN-2024,
OPTIDX,NIFTY,01-Feb-2024,23200,PE,1535,1535,1535,1535,1470,2,24.73,150,0,31-JAN-2024,
OPTIDX,NIFTY,01-Feb-2024,23250,PE,0,0,0,1826.25,1520,0,0,0,0,31-JAN-2024,
OPTIDX,NIFTY,01-Feb-2024,23300,PE,0,0,0,1873.45,1570,0,0,0,0,31-JAN-2024,
OPTIDX,NIFTY,01-Feb-2024,23350,PE,0,0,0,1920.8,1620,0,0,0,0,31-JAN-2024,
OPTIDX,NIFTY,01-Feb-2024,23400,PE,1740,1740,1680,1680,1680,6,75.27,200,-150,31-JAN-2024,
OPTIDX,NIFTY,01-Feb-2024,23450,PE,0,0,0,2016.15,1719.95,0,0,0,0,31-JAN-2024,
OPTIDX,NIFTY,01-Feb-2024,23500,PE,0,0,0,1934.4,1769.95,0,0,3300,0,31-JAN-2024,
OPTIDX,NIFTY,01-Feb-2024,23550,PE,0,0,0,2112.15,1819.95,0,0,0,0,31-JAN-2024,
OPTIDX,NIFTY,01-Feb-2024,23600,PE,0,0,0,1816.95,1869.95,0,0,200,0,31-JAN-2024,
OPTIDX,NIFTY,01-Feb-2024,23650,PE,0,0,0,2208.7,1919.95,0,0,0,0,31-JAN-2024,
OPTIDX,NIFTY,01-Feb-2024,23700,PE,0,0,0,2257.15,1969.9,0,0,0,0,31-JAN-2024,
OPTIDX,NIFTY,01-Feb-2024,23750,PE,0,0,0,2305.75,2019.9,0,0,0,0,31-JAN-2024,
OPTIDX,NIFTY,01-Feb-2024,23800,PE,0,0,0,2354.4,2069.9,0,0,0,0,31-JAN-2024,
OPTIDX,NIFTY,01-Feb-2024,23850,PE,0,0,0,2080.7,2119.9,0,0,100,0,31-JAN-2024,
OPTIDX,NIFTY,08-Feb-2024,19500,CE,0,0,0,2296.55,2254.55,0,0,0,0,31-JAN-2024,
OPTIDX,NIFTY,08-Feb-2024,19550,CE,0,0,0,1900,2204.6,0,0,800,0,31-JAN-2024,
OPTIDX,NIFTY,08-Feb-2024,19600,CE,0,0,0,2198.1,2154.65,0,0,0,0,31-JAN-2024,
OPTIDX,NIFTY,08-Feb-2024,19650,CE,0,0,0,2148.95,2104.75,0,0,0,0,31-JAN-2024,
OPTIDX,NIFTY,08-Feb-2024,19700,CE,0,0,0,2099.9,2054.8,0,0,0,0,31-JAN-2024,
OPTIDX,NIFTY,08-Feb-2024,19750,CE,0,0,0,1830,2004.9,0,0,200,0,31-JAN-2024,
OPTIDX,NIFTY,08-Feb-2024,19800,CE,1810,1810,1810,1810,1954.95,2,21.61,300,100,31-JAN-2024,
OPTIDX,NIFTY,08-Feb-2024,19850,CE,1770,1867,1770,1860,1905.05,3,32.52,550,0,31-JAN-2024,
OPTIDX,NIFTY,08-Feb-2024,19900,CE,1695,1835,1695,1835,1855.1,21,227.47,950,900,31-JAN-2024,
OPTIDX,NIFTY,08-Feb-2024,19950,CE,0,0,0,1856.4,1805.2,0,0,0,0,31-JAN-2024,
OPTIDX,NIFTY,08-Feb-2024,20000,CE,1616.3,1780,1610,1765.85,1765.85,63,683.9,7650,2250,31-JAN-2024,
OPTIDX,NIFTY,08-Feb-2024,20050,CE,0,0,0,1760.1,1705.35,0,0,0,0,31-JAN-2024,
OPTIDX,NIFTY,08-Feb-2024,20100,CE,1590.05,1640,1590.05,1640,1655.4,4,43.42,4000,200,31-JAN-2024,
OPTIDX,NIFTY,08-Feb-2024,20150,CE,1621,1621,1535,1535,1605.5,26,282.46,1450,1300,31-JAN-2024,
OPTIDX,NIFTY,08-Feb-2024,20200,CE,0,0,0,1617.15,1555.55,0,0,0,0,31-JAN-2024,
OPTIDX,NIFTY,08-Feb-2024,20250,CE,0,0,0,1570.05,1505.65,0,0,0,0,31-JAN-2024,
OPTIDX,NIFTY,08-Feb-2024,20300,CE,0,0,0,1523.2,1455.7,0,0,0,0,31-JAN-2024,
OPTIDX,NIFTY,08-Feb-2024,20350,CE,0,0,0,1476.65,1405.8,0,0,0,0,31-JAN-2024,
OPTIDX,NIFTY,08-Feb-2024,20400,CE,1300,1380.8,1300,1342.85,1342.85,35,380.48,2150,1600,31-JAN-2024,
OPTIDX,NIFTY,08-Feb-2024,20450,CE,1150,1320,1150,1290,1306,11,119.35,750,50,31-JAN-2024,
OPTIDX,NIFTY,08-Feb-2024,20500,CE,1150,1299.05,1150,1270.7,1270.7,58,630.49,10950,2050,31-JAN-2024,
OPTIDX,NIFTY,08-Feb-2024,20550,CE,0,0,0,891,1206.2,0,0,500,0,31-JAN-2024,
OPTIDX,NIFTY,08-Feb-2024,20600,CE,1030,1155,1030,1155,1156.35,7,75.95,350,350,31-JAN-2024,
OPTIDX,NIFTY,08-Feb-2024,20650,CE,0,0,0,1205.85,1106.55,0,0,0,0,31-JAN-2024,
OPTIDX,NIFTY,08-Feb-2024,20700,CE,889.95,1064.7,884,1064.7,1064.7,14,151.56,1900,450,31-JAN-2024,
OPTIDX,NIFTY,08-Feb-2024,20750,CE,0,0,0,1119.45,1007.05,0,0,0,0,31-JAN-2024,
OPTIDX,NIFTY,08-Feb-2024,20800,CE,840,991.2,840,970,970,25,271.73,2950,750,31-JAN-2024,
OPTIDX,NIFTY,08-Feb-2024,20850,CE,740,905,740,905,908.05,3,32.46,150,150,31-JAN-2024,
OPTIDX,NIFTY,08-Feb-2024,20900,CE,711.7,886.3,697.75,861.35,858.8,27,292.43,3100,100,31-JAN-2024,
OPTIDX,NIFTY,08-Feb-2024,20950,CE,675.1,849.1,655.5,849.1,849.1,13,140.87,550,350,31-JAN-2024,
OPTIDX,NIFTY,08-Feb-2024,21000,CE,630.25,820.8,612,794.65,794.65,3563,38714.42,110250,75850,31-JAN-2024,
OPTIDX,NIFTY,08-Feb-2024,21050,CE,618.95,752.85,618.95,732.2,712.95,23,250.29,1100,100,31-JAN-2024,
OPTIDX,NIFTY,08-Feb-2024,21100,CE,530.75,728.9,530.75,713.5,713.5,2140,23258.01,87150,46100,31-JAN-2024,
OPTIDX,NIFTY,08-Feb-2024,21150,CE,513.9,696.2,491.85,662.85,662.85,162,1760.05,10900,1400,31-JAN-2024,
OPTIDX,NIFTY,08-Feb-2024,21200,CE,477.45,652.3,458.3,623.9,623.9,2507,27257.5,87800,10900,31-JAN-2024,
OPTIDX,NIFTY,08-Feb-2024,21250,CE,441.05,609.25,427.75,584.6,584.6,392,4271.57,22000,800,31-JAN-2024,
OPTIDX,NIFTY,08-Feb-2024,21300,CE,400.15,570,387.95,544.75,544.75,2129,23189.99,81200,-4550,31-JAN-2024,
OPTIDX,NIFTY,08-Feb-2024,21350,CE,369,530.65,362.3,507.55,507.55,1817,19789.15,28650,2100,31-JAN-2024,
OPTIDX,NIFTY,08-Feb-2024,21400,CE,356.95,492.9,324.95,466.35,466.35,11097,120998.96,284700,35100,31-JAN-2024,
OPTIDX,NIFTY,08-Feb-2024,21450,CE,310.1,456.9,296.9,430.65,430.65,5215,56889.93,45200,8400,31-JAN-2024,
OPTIDX,NIFTY,08-Feb-2024,21500,CE,279.05,421.3,266.55,400.8,400.8,59645,651848.99,372200,-21250,31-JAN-2024,
OPTIDX,NIFTY,08-Feb-2024,21550,CE,260,386.3,241.7,365.4,365.4,17418,190428.12,71950,-37800,31-JAN-2024,
OPTIDX,NIFTY,08-Feb-2024,21600,CE,243.35,355,213.15,334.4,334.4,73822,808382.07,407500,-7700,31-JAN-2024,
OPTIDX,NIFTY,08-Feb-2024,21650,CE,202.4,323.5,194.8,306.1,306.1,34219,375150.27,148950,-27150,31-JAN-2024,
OPTIDX,NIFTY,08-Feb-2024,21700,CE,191.75,294,168.2,275.7,275.7,139607,1532607.4,1101350,454250,31-JAN-2024,
OPTIDX,NIFTY,08-Feb-2024,21750,CE,165,264.95,156,248.05,248.05,36969,406318,391950,157400,31-JAN-2024,
OPTIDX,NIFTY,08-Feb-2024,21800,CE,149.1,237.9,138.25,221.5,221.5,122541,1348209.96,1438100,505600,31-JAN-2024,
OPTIDX,NIFTY,08-Feb-2024,21850,CE,129.4,213.8,122.1,199.2,199.2,25423,280058.95,220350,58850,31-JAN-2024,
OPTIDX,NIFTY,08-Feb-2024,21900,CE,111.7,190,108.1,177.75,177.75,74686,823706.89,472000,44350,31-JAN-2024,
OPTIDX,NIFTY,08-Feb-2024,21950,CE,95.25,168.65,94.4,157.85,157.85,19183,211897.06,154950,39100,31-JAN-2024,
OPTIDX,NIFTY,08-Feb-2024,22000,CE,95.75,149.6,81.6,139.6,139.6,132872,1469914.67,1228600,379150,31-JAN-2024,
OPTIDX,NIFTY,08-Feb-2024,22050,CE,77.15,131.4,72,123.7,123.7,18354,203337.13,141200,54050,31-JAN-2024,
OPTIDX,NIFTY,08-Feb-2024,22100,CE,65.2,115,60.85,108.1,108.1,41415,459594.55,340150,65700,31-JAN-2024,
OPTIDX,NIFTY,08-Feb-2024,22150,CE,58.7,100.6,52.65,94.45,94.45,19413,215813.99,123300,22250,31-JAN-2024,
OPTIDX,NIFTY,08-Feb-2024,22200,CE,50.3,87.45,45.05,82.55,82.55,55574,618850.83,493200,-34400,31-JAN-2024,
OPTIDX,NIFTY,08-Feb-2024,22250,CE,43.55,75.75,39.55,71.95,71.95,17212,192009.55,143100,52200,31-JAN-2024,
OPTIDX,NIFTY,08-Feb-2024,22300,CE,34.6,65.7,33.75,62.25,62.25,30661,342687.97,367100,97950,31-JAN-2024,
OPTIDX,NIFTY,08-Feb-2024,22350,CE,32.85,56.2,28.9,54.3,54.3,12315,137902.61,114400,42100,31-JAN-2024,
OPTIDX,NIFTY,08-Feb-2024,22400,CE,28.4,49.05,26.55,47,47,33057,370893.28,340700,97500,31-JAN-2024,
OPTIDX,NIFTY,08-Feb-2024,22450,CE,24,43.9,22.3,40.85,40.85,10710,120406.25,100250,27150,31-JAN-2024,
OPTIDX,NIFTY,08-Feb-2024,22500,CE,25,37.6,20.35,35.6,35.6,60394,680353.89,900050,302450,31-JAN-2024,
OPTIDX,NIFTY,08-Feb-2024,22550,CE,18.45,33,18.05,30.7,30.7,7995,90249.13,91900,30700,31-JAN-2024,
OPTIDX,NIFTY,08-Feb-2024,22600,CE,16.9,28.1,15,26.2,26.2,21313,241076.28,285300,60600,31-JAN-2024,
OPTIDX,NIFTY,08-Feb-2024,22650,CE,15.65,24.65,13.5,22.65,22.65,6660,75491.27,74450,33100,31-JAN-2024,
OPTIDX,NIFTY,08-Feb-2024,22700,CE,14.65,22,12.45,19.65,19.65,15849,180020.95,305800,120700,31-JAN-2024,
OPTIDX,NIFTY,08-Feb-2024,22750,CE,11.5,19.9,10.05,16.95,16.95,9932,113049.78,119250,60650,31-JAN-2024,
OPTIDX,NIFTY,08-Feb-2024,22800,CE,10.7,16.45,9.6,14.4,14.4,21281,242735.85,285050,120600,31-JAN-2024,
OPTIDX,NIFTY,08-Feb-2024,22850,CE,9.85,14.05,8.45,12.5,12.5,6837,78149.5,109450,75550,31-JAN-2024,
OPTIDX,NIFTY,08-Feb-2024,22900,CE,9.1,12,7.55,10.55,10.55,12525,143468.24,214400,136850,31-JAN-2024,
OPTIDX,NIFTY,08-Feb-2024,22950,CE,8.4,11,6.5,9,9,9368,107534.46,116250,88200,31-JAN-2024,
OPTIDX,NIFTY,08-Feb-2024,23000,CE,6.85,9,5.7,7.75,7.75,31115,357931.04,873000,315450,31-JAN-2024,
OPTIDX,NIFTY,08-Feb-2024,23050,CE,7.05,8.25,5.35,7.3,7.3,2146,24739.59,38300,17000,31-JAN-2024,
OPTIDX,NIFTY,08-Feb-2024,23100,CE,6.4,7.4,5,6.2,6.2,9504,109798.9,233700,26950,31-JAN-2024,
OPTIDX,NIFTY,08-Feb-2024,23150,CE,0,0,0,10,0.05,0,0,3800,0,31-JAN-2024,
OPTIDX,NIFTY,08-Feb-2024,23200,CE,5.1,5.9,4,5.15,5.15,6593,76494.05,189800,98250,31-JAN-2024,
OPTIDX,NIFTY,08-Feb-2024,23250,CE,5.05,5.45,3.85,5.1,5.1,583,6778.72,22200,7200,31-JAN-2024,
OPTIDX,NIFTY,08-Feb-2024,23300,CE,4.4,4.8,3.3,4.3,4.3,6995,81505.65,121800,-40700,31-JAN-2024,
OPTIDX,NIFTY,08-Feb-2024,23350,CE,3.05,3.05,3.05,3.05,0.05,4,46.7,1250,0,31-JAN-2024,
OPTIDX,NIFTY,08-Feb-2024,23400,CE,4.25,4.9,3.25,4.05,4.05,1932,22607.99,48000,15300,31-JAN-2024,
OPTIDX,NIFTY,08-Feb-2024,23450,CE,4,4.15,3.15,3.85,3.85,1440,16886.64,32450,500,31-JAN-2024,
OPTIDX,NIFTY,08-Feb-2024,23500,CE,4.05,4.5,3,3.65,3.65,9686,113827.39,300450,162200,31-JAN-2024,
OPTIDX,NIFTY,08-Feb-2024,23550,CE,0,0,0,6.05,0.05,0,0,2200,0,31-JAN-2024,
OPTIDX,NIFTY,08-Feb-2024,23600,CE,3.6,4,2.75,3.3,3.3,945,11152.45,27300,7600,31-JAN-2024,
OPTIDX,NIFTY,08-Feb-2024,23650,CE,3.9,3.9,2.75,3.3,3.3,487,5759.56,19200,1350,31-JAN-2024,
OPTIDX,NIFTY,08-Feb-2024,23700,CE,3.5,4.15,2.65,3,3,1323,15679.52,38550,18250,31-JAN-2024,
OPTIDX,NIFTY,08-Feb-2024,23750,CE,3.85,3.9,2.55,2.95,2.95,702,8337.3,34200,6700,31-JAN-2024,
OPTIDX,NIFTY,08-Feb-2024,23800,CE,3.55,3.8,2.45,2.7,2.7,6050,72003.51,160800,83150,31-JAN-2024,
OPTIDX,NIFTY,08-Feb-2024,23850,CE,3.25,3.4,2.35,2.75,2.75,2551,30424.29,103250,34500,31-JAN-2024,
OPTIDX,NIFTY,08-Feb-2024,19500,PE,2.85,3.15,2.3,2.8,2.8,10883,106123.5,222700,111250,31-JAN-2024,
OPTIDX,NIFTY,08-Feb-2024,19550,PE,3,3.15,2.8,2.9,2.9,450,4399.41,12700,12700,31-JAN-2024,
OPTIDX,NIFTY,08-Feb-2024,19600,PE,3,3.35,2.9,3.05,3.05,202,1979.9,7850,7850,31-JAN-2024,
OPTIDX,NIFTY,08-Feb-2024,19650,PE,3.05,3.05,3.05,3.05,3.05,28,275.14,1200,1200,31-JAN-2024,
OPTIDX,NIFTY,08-Feb-2024,19700,PE,3.4,4.1,2.45,3.25,3.25,3088,30422.04,68000,48100,31-JAN-2024,
OPTIDX,NIFTY,08-Feb-2024,19750,PE,0,0,0,4.8,0.05,0,0,0,0,31-JAN-2024,
OPTIDX,NIFTY,08-Feb-2024,19800,PE,0,0,0,5.6,0.05,0,0,0,0,31-JAN-2024,
OPTIDX,NIFTY,08-Feb-2024,19850,PE,0,0,0,6.55,0.05,0,0,0,0,31-JAN-2024,
OPTIDX,NIFTY,08-Feb-2024,19900,PE,5.4,6.3,4.15,4.6,4.6,4510,44885.2,83200,27850,31-JAN-2024,
OPTIDX,NIFTY,08-Feb-2024,19950,PE,6.6,6.85,4.55,5,5,2414,24086.4,13000,550,31-JAN-2024,
OPTIDX,NIFTY,08-Feb-2024,20000,PE,7,7.85,5,5.55,5.55,27612,276199.48,611900,189650,31-JAN-2024,
OPTIDX,NIFTY,08-Feb-2024,20050,PE,0,0,0,11.8,0.05,0,0,0,0,31-JAN-2024,
OPTIDX,NIFTY,08-Feb-2024,20100,PE,8.7,9.15,5.55,6.4,6.4,6037,60691.7,70700,16450,31-JAN-2024,
OPTIDX,NIFTY,08-Feb-2024,20150,PE,0,0,0,15.6,0.05,0,0,0,0,31-JAN-2024,
OPTIDX,NIFTY,08-Feb-2024,20200,PE,10,11.95,6.6,7.4,7.4,9309,94057.8,224550,44750,31-JAN-2024,
OPTIDX,NIFTY,08-Feb-2024,20250,PE,11.8,14.3,7.55,8.3,8.3,2981,30195.74,40550,19300,31-JAN-2024,
OPTIDX,NIFTY,08-Feb-2024,20300,PE,15.1,16.4,8.05,9.45,9.45,12126,123139.4,203600,93950,31-JAN-2024,
OPTIDX,NIFTY,08-Feb-2024,20350,PE,18,18.4,9.4,10.4,10.4,3972,40438.46,36700,17950,31-JAN-2024,
OPTIDX,NIFTY,08-Feb-2024,20400,PE,19.9,21.35,10.35,11.45,11.45,14953,152618.7,195950,85300,31-JAN-2024,
OPTIDX,NIFTY,08-Feb-2024,20450,PE,20,24.55,11.7,12.8,12.8,2987,30565.73,22950,2700,31-JAN-2024,
OPTIDX,NIFTY,08-Feb-2024,20500,PE,24.95,28.6,13.2,14.3,14.3,29677,304447.59,469300,142050,31-JAN-2024,
OPTIDX,NIFTY,08-Feb-2024,20550,PE,30.25,32.55,14.8,15.75,15.75,4020,41345.8,24750,5150,31-JAN-2024,
OPTIDX,NIFTY,08-Feb-2024,20600,PE,31.65,35.85,16.15,17.55,17.55,17888,184421.57,298500,143800,31-JAN-2024,
OPTIDX,NIFTY,08-Feb-2024,20650,PE,37.55,40.75,18.35,19.95,19.95,5173,53478.19,50400,9800,31-JAN-2024,
OPTIDX,NIFTY,08-Feb-2024,20700,PE,39,46.65,20.4,22.3,22.3,26666,276365.73,270800,95550,31-JAN-2024,
OPTIDX,NIFTY,08-Feb-2024,20750,PE,46.25,51.65,23,25,25,13272,137894.04,73900,41000,31-JAN-2024,
OPTIDX,NIFTY,08-Feb-2024,20800,PE,50.05,59.1,26.1,28.45,28.45,31706,330284.87,397050,184000,31-JAN-2024,
OPTIDX,NIFTY,08-Feb-2024,20850,PE,56.65,65.35,29.55,32.5,32.5,7866,82167.65,62400,9150,31-JAN-2024,
OPTIDX,NIFTY,08-Feb-2024,20900,PE,63.5,75.4,33.5,36.55,36.55,27713,290223.24,263000,38150,31-JAN-2024,
OPTIDX,NIFTY,08-Feb-2024,20950,PE,75.75,82.45,38,41.5,41.5,7412,77833.16,80450,37400,31-JAN-2024,
OPTIDX,NIFTY,08-Feb-2024,21000,PE,80.65,93,43.1,47.35,47.35,67945,715405.6,954550,274650,31-JAN-2024,
OPTIDX,NIFTY,08-Feb-2024,21050,PE,96.95,102.95,48.4,52.75,52.75,7125,75220.7,74650,31600,31-JAN-2024,
OPTIDX,NIFTY,08-Feb-2024,21100,PE,104.4,114.6,54.35,58.6,58.6,31419,332598.66,394950,210050,31-JAN-2024,
OPTIDX,NIFTY,08-Feb-2024,21150,PE,111.35,127,61.2,66.4,66.4,8900,94481.34,62450,900,31-JAN-2024,
OPTIDX,NIFTY,08-Feb-2024,21200,PE,126.45,141.45,68.65,74.9,74.9,45316,482371.65,559350,264100,31-JAN-2024,
OPTIDX,NIFTY,08-Feb-2024,21250,PE,145.9,156.95,77.7,83.8,83.8,11350,121191.82,86900,19800,31-JAN-2024,
OPTIDX,NIFTY,08-Feb-2024,21300,PE,156.65,173,86.9,94.05,94.05,39485,422825.29,396100,36950,31-JAN-2024,
OPTIDX,NIFTY,08-Feb-2024,21350,PE,173.85,190.1,97.8,106.5,106.5,13944,149753.92,127750,51200,31-JAN-2024,
OPTIDX,NIFTY,08-Feb-2024,21400,PE,191.9,210,109.4,119.05,119.05,56264,605955.09,619750,207500,31-JAN-2024,
OPTIDX,NIFTY,08-Feb-2024,21450,PE,215.75,231.3,122,132.75,132.75,18214,196853.72,111850,37200,31-JAN-2024,
OPTIDX,NIFTY,08-Feb-2024,21500,PE,233.2,254.65,136,147.35,147.35,118122,1280187.24,1020300,257950,31-JAN-2024,
OPTIDX,NIFTY,08-Feb-2024,21550,PE,261.2,277.65,151.9,163.4,163.4,22093,240189.82,184050,99250,31-JAN-2024,
OPTIDX,NIFTY,08-Feb-2024,21600,PE,282.9,303.05,168.75,181.95,181.95,87347,952326.5,697550,299950,31-JAN-2024,
OPTIDX,NIFTY,08-Feb-2024,21650,PE,306.4,329.15,187.05,202.75,202.75,24238,265074.71,156450,78000,31-JAN-2024,
OPTIDX,NIFTY,08-Feb-2024,21700,PE,335.1,358.45,205.6,222.65,222.65,103026,1130051.31,864750,501500,31-JAN-2024,
OPTIDX,NIFTY,08-Feb-2024,21750,PE,352.9,389.8,228.5,247.55,247.55,18136,199569.75,187550,112700,31-JAN-2024,
OPTIDX,NIFTY,08-Feb-2024,21800,PE,391.35,420,251.85,271.55,271.55,48527,535858.2,692850,370800,31-JAN-2024,
OPTIDX,NIFTY,08-Feb-2024,21850,PE,447.95,448,276.9,297.15,297.15,3141,34809.57,37000,10250,31-JAN-2024,
OPTIDX,NIFTY,08-Feb-2024,21900,PE,442.2,491.25,303.55,326.55,326.55,6515,72459.4,146950,28900,31-JAN-2024,
OPTIDX,NIFTY,08-Feb-2024,21950,PE,505.2,523.75,337,354.3,354.3,866,9669.28,29350,1800,31-JAN-2024,
OPTIDX,NIFTY,08-Feb-2024,22000,PE,540,560,362.9,387.2,387.2,9507,106519.08,178200,70400,31-JAN-2024,
OPTIDX,NIFTY,08-Feb-2024,22050,PE,577.45,594.6,408,415.6,415.6,546,6139.47,24750,11300,31-JAN-2024,
OPTIDX,NIFTY,08-Feb-2024,22100,PE,621.85,635.5,433.1,460.05,460.05,1389,15696.2,58850,23350,31-JAN-2024,
OPTIDX,NIFTY,08-Feb-2024,22150,PE,666.1,666.1,470.4,495.7,495.7,137,1552.22,14450,2650,31-JAN-2024,
OPTIDX,NIFTY,08-Feb-2024,22200,PE,711.8,720.5,501,524.25,524.25,1180,13417.45,43400,19900,31-JAN-2024,
OPTIDX,NIFTY,08-Feb-2024,22250,PE,755.4,755.4,557.95,577.7,577.7,39,445.83,8900,250,31-JAN-2024,
OPTIDX,NIFTY,08-Feb-2024,22300,PE,760,822.7,581.8,613.05,613.05,302,3465.3,7850,1000,31-JAN-2024,
OPTIDX,NIFTY,08-Feb-2024,22350,PE,631.85,676.65,631.85,637.5,637.5,5,57.49,4350,-150,31-JAN-2024,
OPTIDX,NIFTY,08-Feb-2024,22400,PE,704.15,732.2,665.75,684.95,684.95,34,392.88,13900,400,31-JAN-2024,
OPTIDX,NIFTY,08-Feb-2024,22450,PE,764.65,764.65,764.65,764.65,764.65,1,11.6,2900,50,31-JAN-2024,
OPTIDX,NIFTY,08-Feb-2024,22500,PE,905,905,750,774.95,774.95,352,4100.4,33750,2200,31-JAN-2024,
OPTIDX,NIFTY,08-Feb-2024,22550,PE,913.85,913.85,913.85,913.85,795.35,1,11.73,2200,0,31-JAN-2024,
OPTIDX,NIFTY,08-Feb-2024,22600,PE,881.95,890,881.95,890,844.1,2,23.48,600,100,31-JAN-2024,
OPTIDX,NIFTY,08-Feb-2024,22650,PE,945,945,945,945,893.15,1,11.79,50,50,31-JAN-2024,
OPTIDX,NIFTY,08-Feb-2024,22700,PE,1004.25,1004.25,963.9,971.2,971.2,5,59.21,150,150,31-JAN-2024,
OPTIDX,NIFTY,08-Feb-2024,22750,PE,0,0,0,1028.7,991.85,0,0,0,0,31-JAN-2024,
OPTIDX,NIFTY,08-Feb-2024,22800,PE,0,0,0,1070.2,1041.4,0,0,0,0,31-JAN-2024,
OPTIDX,NIFTY,08-Feb-2024,22850,PE,0,0,0,1112.25,1091.1,0,0,0,0,31-JAN-2024,
OPTIDX,NIFTY,08-Feb-2024,22900,PE,0,0,0,1154.85,1140.85,0,0,0,0,31-JAN-2024,
OPTIDX,NIFTY,08-Feb-2024,22950,PE,0,0,0,1198,1190.65,0,0,0,0,31-JAN-2024,
OPTIDX,NIFTY,08-Feb-2024,23000,PE,1365,1400,1230,1273.95,1273.95,51,618.66,4600,1200,31-JAN-2024,
OPTIDX,NIFTY,08-Feb-2024,23050,PE,0,0,0,1285.7,1290.35,0,0,0,0,31-JAN-2024,
OPTIDX,NIFTY,08-Feb-2024,23100,PE,0,0,0,1330.2,1340.25,0,0,0,0,31-JAN-2024,
OPTIDX,NIFTY,08-Feb-2024,23150,PE,0,0,0,1375.15,1390.15,0,0,0,0,31-JAN-2024,
OPTIDX,NIFTY,08-Feb-2024,23200,PE,0,0,0,1420.5,1440.05,0,0,0,0,31-JAN-2024,
OPTIDX,NIFTY,08-Feb-2024,23250,PE,0,0,0,1466.15,1489.95,0,0,0,0,31-JAN-2024,
OPTIDX,NIFTY,08-Feb-2024,23300,PE,0,0,0,1512.2,1539.85,0,0,0,0,31-JAN-2024,
OPTIDX,NIFTY,08-Feb-2024,23350,PE,0,0,0,1558.5,1589.8,0,0,0,0,31-JAN-2024,
OPTIDX,NIFTY,08-Feb-2024,23400,PE,0,0,0,1605.15,1639.7,0,0,0,0,31-JAN-2024,
OPTIDX,NIFTY,08-Feb-2024,23450,PE,0,0,0,1652.05,1689.65,0,0,0,0,31-JAN-2024,
OPTIDX,NIFTY,08-Feb-2024,23500,PE,1740,1742.2,1733,1738.4,1738.4,3,37.85,150,150,31-JAN-2024,
OPTIDX,NIFTY,08-Feb-2024,23550,PE,0,0,0,1746.55,1789.5,0,0,0,0,31-JAN-2024,
OPTIDX,NIFTY,08-Feb-2024,23600,PE,0,0,0,1794.15,1839.4,0,0,0,0,31-JAN-2024,
OPTIDX,NIFTY,08-Feb-2024,23650,PE,0,0,0,1442.45,1889.35,0,0,250,0,31-JAN-2024,
OPTIDX,NIFTY,08-Feb-2024,23700,PE,0,0,0,1889.95,1939.25,0,0,0,0,31-JAN-2024,
OPTIDX,NIFTY,08-Feb-2024,23750,PE,0,0,0,1938.05,1989.2,0,0,0,0,31-JAN-2024,
OPTIDX,NIFTY,08-Feb-2024,23800,PE,0,0,0,1986.35,2039.1,0,0,0,0,31-JAN-2024,
OPTIDX,NIFTY,08-Feb-2024,23850,PE,0,0,0,2034.8,2089.05,0,0,0,0,31-JAN-2024,
OPTIDX,NIFTY,15-Feb-2024,19500,CE,0,0,0,2285.3,2279.7,0,0,0,0,31-JAN-2024,
OPTIDX,NIFTY,15-Feb-2024,19550,CE,0,0,0,2236,2229.85,0,0,0,0,31-JAN-2024,
OPTIDX,NIFTY,15-Feb-2024,19600,CE,0,0,0,2186.8,2180,0,0,0,0,31-JAN-2024,
OPTIDX,NIFTY,15-Feb-2024,19650,CE,0,0,0,2137.7,2130.15,0,0,0,0,31-JAN-2024,
OPTIDX,NIFTY,15-Feb-2024,19700,CE,0,0,0,2088.65,2080.3,0,0,0,0,31-JAN-2024,
OPTIDX,NIFTY,15-Feb-2024,19750,CE,0,0,0,2039.7,2030.4,0,0,0,0,31-JAN-2024,
OPTIDX,NIFTY,15-Feb-2024,19800,CE,0,0,0,1810,1980.55,0,0,150,0,31-JAN-2024,
OPTIDX,NIFTY,15-Feb-2024,19850,CE,0,0,0,1750,1930.7,0,0,200,0,31-JAN-2024,
OPTIDX,NIFTY,15-Feb-2024,19900,CE,1770,1850,1770,1850,1880.85,4,43.4,200,200,31-JAN-2024,
OPTIDX,NIFTY,15-Feb-2024,19950,CE,0,0,0,1400.25,1831,0,0,650,0,31-JAN-2024,
OPTIDX,NIFTY,15-Feb-2024,20000,CE,1750,1785,1730,1767.3,1767.3,174,1893.02,12250,8600,31-JAN-2024,
OPTIDX,NIFTY,15-Feb-2024,20050,CE,0,0,0,1748.8,1731.3,0,0,0,0,31-JAN-2024,
OPTIDX,NIFTY,15-Feb-2024,20100,CE,0,0,0,1400,1681.5,0,0,50,0,31-JAN-2024,
OPTIDX,NIFTY,15-Feb-2024,20150,CE,0,0,0,1653.3,1631.7,0,0,0,0,31-JAN-2024,
OPTIDX,NIFTY,15-Feb-2024,20200,CE,0,0,0,1605.9,1581.9,0,0,0,0,31-JAN-2024,
OPTIDX,NIFTY,15-Feb-2024,20250,CE,0,0,0,1558.75,1532.15,0,0,0,0,31-JAN-2024,
OPTIDX,NIFTY,15-Feb-2024,20300,CE,0,0,0,1120,1482.4,0,0,550,0,31-JAN-2024,
OPTIDX,NIFTY,15-Feb-2024,20350,CE,0,0,0,1100,1432.7,0,0,200,0,31-JAN-2024,
OPTIDX,NIFTY,15-Feb-2024,20400,CE,0,0,0,1419.25,1383.05,0,0,0,0,31-JAN-2024,
OPTIDX,NIFTY,15-Feb-2024,20450,CE,0,0,0,1373.5,1333.5,0,0,0,0,31-JAN-2024,
OPTIDX,NIFTY,15-Feb-2024,20500,CE,1277.6,1282,1265,1272.55,1272.55,10,108.86,2200,450,31-JAN-2024,
OPTIDX,NIFTY,15-Feb-2024,20550,CE,0,0,0,1283.15,1234.7,0,0,0,0,31-JAN-2024,
OPTIDX,NIFTY,15-Feb-2024,20600,CE,0,0,0,1238.7,1185.5,0,0,0,0,31-JAN-2024,
OPTIDX,NIFTY,15-Feb-2024,20650,CE,0,0,0,1194.75,1136.45,0,0,0,0,31-JAN-2024,
OPTIDX,NIFTY,15-Feb-2024,20700,CE,1080.7,1080.7,1080.7,1080.7,1087.65,2,21.78,100,100,31-JAN-2024,
OPTIDX,NIFTY,15-Feb-2024,20750,CE,0,0,0,1108.4,1039.05,0,0,0,0,31-JAN-2024,
OPTIDX,NIFTY,15-Feb-2024,20800,CE,1000,1000,1000,1000,990.85,2,21.8,1100,50,31-JAN-2024,
OPTIDX,NIFTY,15-Feb-2024,20850,CE,0,0,0,1040.1,942.95,0,0,100,0,31-JAN-2024,
OPTIDX,NIFTY,15-Feb-2024,20900,CE,787.95,909.1,787.9,909.1,895.5,10,108.53,250,-200,31-JAN-2024,
OPTIDX,NIFTY,15-Feb-2024,20950,CE,0,0,0,943.15,848.6,0,0,0,0,31-JAN-2024,
OPTIDX,NIFTY,15-Feb-2024,21000,CE,699,879.9,699,848,848,36,391.78,1700,-200,31-JAN-2024,
OPTIDX,NIFTY,15-Feb-2024,21050,CE,0,0,0,864.75,756.6,0,0,0,0,31-JAN-2024,
OPTIDX,NIFTY,15-Feb-2024,21100,CE,0,0,0,735.55,711.7,0,0,1350,0,31-JAN-2024,
OPTIDX,NIFTY,15-Feb-2024,21150,CE,0,0,0,615.75,667.65,0,0,150,0,31-JAN-2024,
OPTIDX,NIFTY,15-Feb-2024,21200,CE,541.7,702.15,541.7,660.6,660.6,53,578.75,1200,-1000,31-JAN-2024,
OPTIDX,NIFTY,15-Feb-2024,21250,CE,656.85,656.85,656.85,656.85,582.5,1,10.95,2550,0,31-JAN-2024,
OPTIDX,NIFTY,15-Feb-2024,21300,CE,469.85,620.7,466,597.95,597.95,152,1661.41,8900,2250,31-JAN-2024,
OPTIDX,NIFTY,15-Feb-2024,21350,CE,472.4,472.4,472.4,472.4,501.95,1,10.91,3550,-50,31-JAN-2024,
OPTIDX,NIFTY,15-Feb-2024,21400,CE,390.5,547.35,387.3,526.9,526.9,514,5623.49,9100,100,31-JAN-2024,
OPTIDX,NIFTY,15-Feb-2024,21450,CE,395.35,520,361.75,506.6,506.6,175,1915.97,4300,1550,31-JAN-2024,
OPTIDX,NIFTY,15-Feb-2024,21500,CE,335.35,485.3,331.6,460.05,460.05,2113,23164.02,34200,-3450,31-JAN-2024,
OPTIDX,NIFTY,15-Feb-2024,21550,CE,341.3,450,315.3,430.2,430.2,873,9579.04,24950,15400,31-JAN-2024,
OPTIDX,NIFTY,15-Feb-2024,21600,CE,290,423,268.5,403.2,403.2,2149,23606.87,32950,4700,31-JAN-2024,
OPTIDX,NIFTY,15-Feb-2024,21650,CE,270,389,264.85,376.05,376.05,894,9835.34,15100,4000,31-JAN-2024,
OPTIDX,NIFTY,15-Feb-2024,21700,CE,250,362,239,344.1,344.1,3525,38806.64,51700,5000,31-JAN-2024,
OPTIDX,NIFTY,15-Feb-2024,21750,CE,220,331.5,220,316.9,316.9,865,9534.16,20700,5850,31-JAN-2024,
OPTIDX,NIFTY,15-Feb-2024,21800,CE,210,306.8,202.3,292.15,292.15,7491,82693.74,107050,39550,31-JAN-2024,
OPTIDX,NIFTY,15-Feb-2024,21850,CE,201,278.3,180,269.5,269.5,396,4375.61,12150,1800,31-JAN-2024,
OPTIDX,NIFTY,15-Feb-2024,21900,CE,175,255.65,165.25,247.25,247.25,3638,40251.97,42250,9700,31-JAN-2024,
OPTIDX,NIFTY,15-Feb-2024,21950,CE,162,230.15,152.05,221.45,221.45,296,3278.61,9350,650,31-JAN-2024,
OPTIDX,NIFTY,15-Feb-2024,22000,CE,149,213.7,132.05,201.85,201.85,9226,102308.32,132650,28850,31-JAN-2024,
OPTIDX,NIFTY,15-Feb-2024,22050,CE,137.7,193.55,119.35,181.25,181.25,622,6907.58,18000,4000,31-JAN-2024,
OPTIDX,NIFTY,15-Feb-2024,22100,CE,109.7,175,109.7,166.2,166.2,2426,26996.46,56400,30250,31-JAN-2024,
OPTIDX,NIFTY,15-Feb-2024,22150,CE,95.4,154.15,95.4,149.05,149.05,253,2818.81,6250,1100,31-JAN-2024,
OPTIDX,NIFTY,15-Feb-2024,22200,CE,98.3,141.85,81.4,134,134,1668,18614.49,30500,-4800,31-JAN-2024,
OPTIDX,NIFTY,15-Feb-2024,22250,CE,85,127,84.8,123.25,123.25,374,4181.51,10950,-4900,31-JAN-2024,
OPTIDX,NIFTY,15-Feb-2024,22300,CE,65.05,114.95,65.05,108.45,108.45,1129,12643.59,22550,3250,31-JAN-2024,
OPTIDX,NIFTY,15-Feb-2024,22350,CE,69,101,62.1,97.7,97.7,206,2310.96,5850,350,31-JAN-2024,
OPTIDX,NIFTY,15-Feb-2024,22400,CE,61.15,90,49.6,87.05,87.05,1062,11934.85,35350,2600,31-JAN-2024,
OPTIDX,NIFTY,15-Feb-2024,22450,CE,56.7,80.9,54.65,78.15,78.15,179,2015.78,5600,3000,31-JAN-2024,
OPTIDX,NIFTY,15-Feb-2024,22500,CE,48.85,74.25,41,70.45,70.45,12028,135666.93,266200,143650,31-JAN-2024,
OPTIDX,NIFTY,15-Feb-2024,22550,CE,0,0,0,130.35,23.2,0,0,0,0,31-JAN-2024,
OPTIDX,NIFTY,15-Feb-2024,22600,CE,36,57.75,36,55.95,55.95,1543,17473.52,32700,11300,31-JAN-2024,
OPTIDX,NIFTY,15-Feb-2024,22650,CE,35.2,52,31.65,50.4,50.4,187,2122.16,8850,1800,31-JAN-2024,
OPTIDX,NIFTY,15-Feb-2024,22700,CE,31.2,47.45,29.25,45.6,45.6,839,9539.33,43550,10300,31-JAN-2024,
OPTIDX,NIFTY,15-Feb-2024,22750,CE,0,0,0,92.2,10.55,0,0,0,0,31-JAN-2024,
OPTIDX,NIFTY,15-Feb-2024,22800,CE,25,37.95,15.1,36.25,36.25,953,10879.37,36100,4300,31-JAN-2024,
OPTIDX,NIFTY,15-Feb-2024,22850,CE,19.35,32.8,19.35,32,32,70,800.77,3000,1350,31-JAN-2024,
OPTIDX,NIFTY,15-Feb-2024,22900,CE,22.9,31.1,13.1,29.15,29.15,868,9950.68,17400,12100,31-JAN-2024,
OPTIDX,NIFTY,15-Feb-2024,22950,CE,0,0,0,63.65,4.4,0,0,0,0,31-JAN-2024,
OPTIDX,NIFTY,15-Feb-2024,23000,CE,17.75,24.95,15.2,23.8,23.8,2654,30547.46,64150,16500,31-JAN-2024,
OPTIDX,NIFTY,15-Feb-2024,23050,CE,0,0,0,52.4,2.75,0,0,0,0,31-JAN-2024,
OPTIDX,NIFTY,15-Feb-2024,23100,CE,17.55,19.9,15.55,19.5,19.5,136,1572.07,5150,4550,31-JAN-2024,
OPTIDX,NIFTY,15-Feb-2024,23150,CE,0,0,0,11.9,1.65,0,0,1100,0,31-JAN-2024,
OPTIDX,NIFTY,15-Feb-2024,23200,CE,13,16.05,10.75,15.4,15.4,150,1741.05,5450,3200,31-JAN-2024,
OPTIDX,NIFTY,15-Feb-2024,23250,CE,0,0,0,33.35,1,0,0,100,0,31-JAN-2024,
OPTIDX,NIFTY,15-Feb-2024,23300,CE,0,0,0,34.35,0.75,0,0,500,0,31-JAN-2024,
OPTIDX,NIFTY,15-Feb-2024,23350,CE,0,0,0,28.2,0.6,0,0,0,0,31-JAN-2024,
OPTIDX,NIFTY,15-Feb-2024,23400,CE,0,0,0,21.1,0.45,0,0,2200,0,31-JAN-2024,
OPTIDX,NIFTY,15-Feb-2024,23450,CE,0,0,0,22.65,0.35,0,0,0,0,31-JAN-2024,
OPTIDX,NIFTY,15-Feb-2024,23500,CE,7.9,9,6.25,8.25,8.25,851,10002.33,57600,17950,31-JAN-2024,
OPTIDX,NIFTY,15-Feb-2024,23550,CE,0,0,0,18.1,0.2,0,0,0,0,31-JAN-2024,
OPTIDX,NIFTY,15-Feb-2024,23600,CE,0,0,0,16.15,0.15,0,0,0,0,31-JAN-2024,
OPTIDX,NIFTY,15-Feb-2024,23650,CE,6.5,8.6,6.3,7.4,7.4,340,4021.79,10050,8300,31-JAN-2024,
OPTIDX,NIFTY,15-Feb-2024,23700,CE,6.45,7.5,6.05,6.9,6.9,184,2181.01,9800,1750,31-JAN-2024,
OPTIDX,NIFTY,15-Feb-2024,23750,CE,0,0,0,11.35,0.05,0,0,0,0,31-JAN-2024,
OPTIDX,NIFTY,15-Feb-2024,23800,CE,0,0,0,12.35,0.05,0,0,50,0,31-JAN-2024,
OPTIDX,NIFTY,15-Feb-2024,23850,CE,0,0,0,8.9,0.05,0,0,0,0,31-JAN-2024,
OPTIDX,NIFTY,15-Feb-2024,19500,PE,0,0,0,2.05,0.05,0,0,0,0,31-JAN-2024,
OPTIDX,NIFTY,15-Feb-2024,19550,PE,0,0,0,2.45,0.05,0,0,0,0,31-JAN-2024,
OPTIDX,NIFTY,15-Feb-2024,19600,PE,0,0,0,2.9,0.05,0,0,0,0,31-JAN-2024,
OPTIDX,NIFTY,15-Feb-2024,19650,PE,0,0,0,3.4,0.05,0,0,0,0,31-JAN-2024,
OPTIDX,NIFTY,15-Feb-2024,19700,PE,0,0,0,4.05,0.05,0,0,0,0,31-JAN-2024,
OPTIDX,NIFTY,15-Feb-2024,19750,PE,0,0,0,4.75,0.05,0,0,0,0,31-JAN-2024,
OPTIDX,NIFTY,15-Feb-2024,19800,PE,10,11,7.3,9,9,213,2109.68,9100,-950,31-JAN-2024,
OPTIDX,NIFTY,15-Feb-2024,19850,PE,0,0,0,6.5,0.05,0,0,0,0,31-JAN-2024,
OPTIDX,NIFTY,15-Feb-2024,19900,PE,0,0,0,7.55,0.05,0,0,0,0,31-JAN-2024,
OPTIDX,NIFTY,15-Feb-2024,19950,PE,0,0,0,8.8,0.05,0,0,0,0,31-JAN-2024,
OPTIDX,NIFTY,15-Feb-2024,20000,PE,14.25,15.7,10,11.35,11.35,748,7484.33,39900,5050,31-JAN-2024,
OPTIDX,NIFTY,15-Feb-2024,20050,PE,0,0,0,11.75,0.1,0,0,0,0,31-JAN-2024,
OPTIDX,NIFTY,15-Feb-2024,20100,PE,0,0,0,13.5,0.1,0,0,0,0,31-JAN-2024,
OPTIDX,NIFTY,15-Feb-2024,20150,PE,0,0,0,15.5,0.15,0,0,0,0,31-JAN-2024,
OPTIDX,NIFTY,15-Feb-2024,20200,PE,0,0,0,17.75,0.25,0,0,0,0,31-JAN-2024,
OPTIDX,NIFTY,15-Feb-2024,20250,PE,0,0,0,20.3,0.35,0,0,0,0,31-JAN-2024,
OPTIDX,NIFTY,15-Feb-2024,20300,PE,0,0,0,23.1,0.45,0,0,0,0,31-JAN-2024,
OPTIDX,NIFTY,15-Feb-2024,20350,PE,0,0,0,26.25,0.65,0,0,0,0,31-JAN-2024,
OPTIDX,NIFTY,15-Feb-2024,20400,PE,0,0,0,29.75,0.85,0,0,0,0,31-JAN-2024,
OPTIDX,NIFTY,15-Feb-2024,20450,PE,0,0,0,33.65,1.15,0,0,0,0,31-JAN-2024,
OPTIDX,NIFTY,15-Feb-2024,20500,PE,46.8,49.9,27.55,28.8,28.8,3351,34403.14,116500,30450,31-JAN-2024,
OPTIDX,NIFTY,15-Feb-2024,20550,PE,0,0,0,42.6,2.05,0,0,0,0,31-JAN-2024,
OPTIDX,NIFTY,15-Feb-2024,20600,PE,0,0,0,47.8,2.7,0,0,0,0,31-JAN-2024,
OPTIDX,NIFTY,15-Feb-2024,20650,PE,23.1,44.95,23.1,43,43,126,1303.27,5850,5850,31-JAN-2024,
OPTIDX,NIFTY,15-Feb-2024,20700,PE,59.05,73.6,42.05,43.7,43.7,872,9046.67,26250,10150,31-JAN-2024,
OPTIDX,NIFTY,15-Feb-2024,20750,PE,25.7,44.2,25.7,44.15,44.15,4,41.57,550,50,31-JAN-2024,
OPTIDX,NIFTY,15-Feb-2024,20800,PE,84.95,87.95,50,52.85,52.85,2045,21332.54,67100,34500,31-JAN-2024,
OPTIDX,NIFTY,15-Feb-2024,20850,PE,0,0,0,81.8,9.5,0,0,0,0,31-JAN-2024,
OPTIDX,NIFTY,15-Feb-2024,20900,PE,99.05,107.3,63,67.1,67.1,1141,11965,23700,14600,31-JAN-2024,
OPTIDX,NIFTY,15-Feb-2024,20950,PE,0,0,0,99.8,14.85,0,0,0,0,31-JAN-2024,
OPTIDX,NIFTY,15-Feb-2024,21000,PE,118,128.85,76.75,81.3,81.3,6666,70286.65,196800,118400,31-JAN-2024,
OPTIDX,NIFTY,15-Feb-2024,21050,PE,0,0,0,93.3,22.6,0,0,1900,0,31-JAN-2024,
OPTIDX,NIFTY,15-Feb-2024,21100,PE,143.35,155.15,91.8,98.4,98.4,1037,10999,26650,9800,31-JAN-2024,
OPTIDX,NIFTY,15-Feb-2024,21150,PE,160,172.7,102.4,106.05,106.05,125,1329.28,5000,1850,31-JAN-2024,
OPTIDX,NIFTY,15-Feb-2024,21200,PE,172.5,184.45,111.55,118.7,118.7,1898,20248.27,43950,7150,31-JAN-2024,
OPTIDX,NIFTY,15-Feb-2024,21250,PE,186.15,186.15,121.25,129.15,129.15,236,2524.21,6300,3700,31-JAN-2024,
OPTIDX,NIFTY,15-Feb-2024,21300,PE,214.95,218.65,133,142.55,142.55,2639,28313.43,57300,26750,31-JAN-2024,
OPTIDX,NIFTY,15-Feb-2024,21350,PE,215,230.75,148.5,151.9,151.9,266,2862.13,5600,1400,31-JAN-2024,
OPTIDX,NIFTY,15-Feb-2024,21400,PE,244,255.9,158.85,168.9,168.9,2044,22064.5,39850,20950,31-JAN-2024,
OPTIDX,NIFTY,15-Feb-2024,21450,PE,264.4,275.15,172.8,183.15,183.15,391,4232.82,8050,5000,31-JAN-2024,
OPTIDX,NIFTY,15-Feb-2024,21500,PE,260,298,189,199.05,199.05,6121,66466.32,147450,67000,31-JAN-2024,
OPTIDX,NIFTY,15-Feb-2024,21550,PE,315.1,318.05,210,218.55,218.55,714,7775.18,6200,1300,31-JAN-2024,
OPTIDX,NIFTY,15-Feb-2024,21600,PE,344.9,347,222,234.6,234.6,2830,30930.12,36000,14200,31-JAN-2024,
OPTIDX,NIFTY,15-Feb-2024,21650,PE,368.3,368.3,243.6,253.6,253.6,933,10226.44,9500,3600,31-JAN-2024,
OPTIDX,NIFTY,15-Feb-2024,21700,PE,366.6,400,261.1,276,276,2894,31814.4,63300,25500,31-JAN-2024,
OPTIDX,NIFTY,15-Feb-2024,21750,PE,382.6,425.95,286.5,299,299,362,3992.9,11150,4500,31-JAN-2024,
OPTIDX,NIFTY,15-Feb-2024,21800,PE,424.95,453,303.85,319.6,319.6,1637,18118.5,82100,35450,31-JAN-2024,
OPTIDX,NIFTY,15-Feb-2024,21850,PE,457,477,337.25,352.25,352.25,87,966.71,6200,700,31-JAN-2024,
OPTIDX,NIFTY,15-Feb-2024,21900,PE,489.85,490,355.85,377.65,377.65,409,4556.64,7650,1200,31-JAN-2024,
OPTIDX,NIFTY,15-Feb-2024,21950,PE,0,0,0,520.5,313.6,0,0,1800,0,31-JAN-2024,
OPTIDX,NIFTY,15-Feb-2024,22000,PE,569.95,570,413.55,432.7,432.7,737,8271.69,15050,1600,31-JAN-2024,
OPTIDX,NIFTY,15-Feb-2024,22050,PE,574.95,574.95,574.95,574.95,378.75,2,22.62,5050,100,31-JAN-2024,
OPTIDX,NIFTY,15-Feb-2024,22100,PE,535.65,535.65,480.8,486,486,19,214.78,1500,300,31-JAN-2024,
OPTIDX,NIFTY,15-Feb-2024,22150,PE,0,0,0,343.55,450.2,0,0,50,0,31-JAN-2024,
OPTIDX,NIFTY,15-Feb-2024,22200,PE,668.6,700,555.1,562.1,488.05,11,125.52,4750,50,31-JAN-2024,
OPTIDX,NIFTY,15-Feb-2024,22250,PE,0,0,0,657.2,527.25,0,0,0,0,31-JAN-2024,
OPTIDX,NIFTY,15-Feb-2024,22300,PE,0,0,0,1021.7,567.7,0,0,1800,0,31-JAN-2024,
OPTIDX,NIFTY,15-Feb-2024,22350,PE,0,0,0,726.75,609.25,0,0,0,0,31-JAN-2024,
OPTIDX,NIFTY,15-Feb-2024,22400,PE,0,0,0,762.8,651.85,0,0,0,0,31-JAN-2024,
OPTIDX,NIFTY,15-Feb-2024,22450,PE,0,0,0,800.6,695.4,0,0,0,0,31-JAN-2024,
OPTIDX,NIFTY,15-Feb-2024,22500,PE,870,870,762.95,762.95,739.85,12,140.11,650,600,31-JAN-2024,
OPTIDX,NIFTY,15-Feb-2024,22550,PE,0,0,0,875.85,785,0,0,0,0,31-JAN-2024,
OPTIDX,NIFTY,15-Feb-2024,22600,PE,0,0,0,914.95,830.9,0,0,0,0,31-JAN-2024,
OPTIDX,NIFTY,15-Feb-2024,22650,PE,0,0,0,954.75,877.35,0,0,0,0,31-JAN-2024,
OPTIDX,NIFTY,15-Feb-2024,22700,PE,0,0,0,995.2,924.35,0,0,0,0,31-JAN-2024,
OPTIDX,NIFTY,15-Feb-2024,22750,PE,0,0,0,1036.3,971.8,0,0,0,0,31-JAN-2024,
OPTIDX,NIFTY,15-Feb-2024,22800,PE,0,0,0,1078,1019.65,0,0,0,0,31-JAN-2024,
OPTIDX,NIFTY,15-Feb-2024,22850,PE,0,0,0,1120.25,1067.85,0,0,0,0,31-JAN-2024,
OPTIDX,NIFTY,15-Feb-2024,22900,PE,0,0,0,1163.05,1116.35,0,0,0,0,31-JAN-2024,
OPTIDX,NIFTY,15-Feb-2024,22950,PE,0,0,0,1206.35,1165.1,0,0,0,0,31-JAN-2024,
OPTIDX,NIFTY,15-Feb-2024,23000,PE,0,0,0,1175,1214.05,0,0,700,0,31-JAN-2024,
OPTIDX,NIFTY,15-Feb-2024,23050,PE,0,0,0,1294.4,1263.2,0,0,0,0,31-JAN-2024,
OPTIDX,NIFTY,15-Feb-2024,23100,PE,0,0,0,1339.1,1312.45,0,0,0,0,31-JAN-2024,
OPTIDX,NIFTY,15-Feb-2024,23150,PE,0,0,0,1384.2,1361.85,0,0,0,0,31-JAN-2024,
OPTIDX,NIFTY,15-Feb-2024,23200,PE,0,0,0,1429.7,1411.35,0,0,0,0,31-JAN-2024,
OPTIDX,NIFTY,15-Feb-2024,23250,PE,0,0,0,1475.5,1460.9,0,0,0,0,31-JAN-2024,
OPTIDX,NIFTY,15-Feb-2024,23300,PE,0,0,0,1521.65,1510.5,0,0,0,0,31-JAN-2024,
OPTIDX,NIFTY,15-Feb-2024,23350,PE,0,0,0,1568.15,1560.2,0,0,0,0,31-JAN-2024,
OPTIDX,NIFTY,15-Feb-2024,23400,PE,0,0,0,1614.9,1609.9,0,0,0,0,31-JAN-2024,
OPTIDX,NIFTY,15-Feb-2024,23450,PE,0,0,0,1661.9,1659.7,0,0,0,0,31-JAN-2024,
OPTIDX,NIFTY,15-Feb-2024,23500,PE,0,0,0,1709.15,1709.45,0,0,0,0,31-JAN-2024,
OPTIDX,NIFTY,15-Feb-2024,23550,PE,0,0,0,1756.65,1759.25,0,0,0,0,31-JAN-2024,
OPTIDX,NIFTY,15-Feb-2024,23600,PE,0,0,0,1804.3,1809.05,0,0,0,0,31-JAN-2024,
OPTIDX,NIFTY,15-Feb-2024,23650,PE,0,0,0,1852.2,1858.9,0,0,0,0,31-JAN-2024,
OPTIDX,NIFTY,15-Feb-2024,23700,PE,0,0,0,1900.25,1908.7,0,0,0,0,31-JAN-2024,
OPTIDX,NIFTY,15-Feb-2024,23750,PE,0,0,0,1948.45,1958.55,0,0,0,0,31-JAN-2024,
OPTIDX,NIFTY,15-Feb-2024,23800,PE,0,0,0,1996.85,2008.4,0,0,0,0,31-JAN-2024,
OPTIDX,NIFTY,15-Feb-2024,23850,PE,0,0,0,2045.35,2058.25,0,0,0,0,31-JAN-2024,
OPTIDX,NIFTY,22-Feb-2024,19500,CE,0,0,0,2102.9,2304.9,0,0,0,0,31-JAN-2024,
OPTIDX,NIFTY,22-Feb-2024,19550,CE,0,0,0,2053.95,2255.1,0,0,0,0,31-JAN-2024,
OPTIDX,NIFTY,22-Feb-2024,19600,CE,0,0,0,2005.1,2205.3,0,0,0,0,31-JAN-2024,
OPTIDX,NIFTY,22-Feb-2024,19650,CE,0,0,0,1956.35,2155.55,0,0,0,0,31-JAN-2024,
OPTIDX,NIFTY,22-Feb-2024,19700,CE,0,0,0,1907.8,2105.75,0,0,0,0,31-JAN-2024,
OPTIDX,NIFTY,22-Feb-2024,19750,CE,0,0,0,1859.35,2056,0,0,0,0,31-JAN-2024,
OPTIDX,NIFTY,22-Feb-2024,19800,CE,0,0,0,1811.1,2006.25,0,0,0,0,31-JAN-2024,
OPTIDX,NIFTY,22-Feb-2024,19850,CE,0,0,0,1763,1956.5,0,0,0,0,31-JAN-2024,
OPTIDX,NIFTY,22-Feb-2024,19900,CE,1820,1820,1820,1820,1906.75,1,10.86,50,50,31-JAN-2024,
OPTIDX,NIFTY,22-Feb-2024,19950,CE,0,0,0,1667.45,1857.05,0,0,0,0,31-JAN-2024,
OPTIDX,NIFTY,22-Feb-2024,20000,CE,0,0,0,1620.05,1807.4,0,0,0,0,31-JAN-2024,
OPTIDX,NIFTY,22-Feb-2024,20050,CE,0,0,0,1572.9,1757.75,0,0,0,0,31-JAN-2024,
OPTIDX,NIFTY,22-Feb-2024,20100,CE,0,0,0,1526.05,1708.15,0,0,0,0,31-JAN-2024,
OPTIDX,NIFTY,22-Feb-2024,20150,CE,0,0,0,1479.5,1658.55,0,0,0,0,31-JAN-2024,
OPTIDX,NIFTY,22-Feb-2024,20200,CE,0,0,0,1433.3,1609.1,0,0,0,0,31-JAN-2024,
OPTIDX,NIFTY,22-Feb-2024,20250,CE,0,0,0,1387.5,1559.65,0,0,0,0,31-JAN-2024,
OPTIDX,NIFTY,22-Feb-2024,20300,CE,0,0,0,1342.05,1510.35,0,0,0,0,31-JAN-2024,
OPTIDX,NIFTY,22-Feb-2024,20350,CE,0,0,0,1297.1,1461.1,0,0,0,0,31-JAN-2024,
OPTIDX,NIFTY,22-Feb-2024,20400,CE,0,0,0,1300,1412.05,0,0,50,0,31-JAN-2024,
OPTIDX,NIFTY,22-Feb-2024,20450,CE,1270,1370,1270,1360,1363.1,7,76.2,350,350,31-JAN-2024,
OPTIDX,NIFTY,22-Feb-2024,20500,CE,1230,1330,1230,1290,1314.35,7,76.24,350,350,31-JAN-2024,
OPTIDX,NIFTY,22-Feb-2024,20550,CE,0,0,0,1122.05,1265.85,0,0,0,0,31-JAN-2024,
OPTIDX,NIFTY,22-Feb-2024,20600,CE,0,0,0,1079.7,1217.55,0,0,0,0,31-JAN-2024,
OPTIDX,NIFTY,22-Feb-2024,20650,CE,0,0,0,1037.95,1169.55,0,0,0,0,31-JAN-2024,
OPTIDX,NIFTY,22-Feb-2024,20700,CE,0,0,0,996.85,1121.9,0,0,0,0,31-JAN-2024,
OPTIDX,NIFTY,22-Feb-2024,20750,CE,0,0,0,956.4,1074.65,0,0,0,0,31-JAN-2024,
OPTIDX,NIFTY,22-Feb-2024,20800,CE,0,0,0,916.7,1027.8,0,0,0,0,31-JAN-2024,
OPTIDX,NIFTY,22-Feb-2024,20850,CE,0,0,0,877.75,981.4,0,0,0,0,31-JAN-2024,
OPTIDX,NIFTY,22-Feb-2024,20900,CE,0,0,0,839.55,935.6,0,0,0,0,31-JAN-2024,
OPTIDX,NIFTY,22-Feb-2024,20950,CE,0,0,0,803,890.4,0,0,0,0,31-JAN-2024,
OPTIDX,NIFTY,22-Feb-2024,21000,CE,800,895.65,783,885.7,885.7,840,9180.42,15200,-10100,31-JAN-2024,
OPTIDX,NIFTY,22-Feb-2024,21050,CE,0,0,0,729.75,802,0,0,0,0,31-JAN-2024,
OPTIDX,NIFTY,22-Feb-2024,21100,CE,0,0,0,702.5,759,0,0,0,0,31-JAN-2024,
OPTIDX,NIFTY,22-Feb-2024,21150,CE,0,0,0,661,716.85,0,0,0,0,31-JAN-2024,
OPTIDX,NIFTY,22-Feb-2024,21200,CE,0,0,0,705,675.6,0,0,250,0,31-JAN-2024,
OPTIDX,NIFTY,22-Feb-2024,21250,CE,0,0,0,596,635.4,0,0,0,0,31-JAN-2024,
OPTIDX,NIFTY,22-Feb-2024,21300,CE,600,657.8,588.1,638.2,638.2,10,109.63,3250,-150,31-JAN-2024,
OPTIDX,NIFTY,22-Feb-2024,21350,CE,0,0,0,383.85,558.25,0,0,100,0,31-JAN-2024,
OPTIDX,NIFTY,22-Feb-2024,21400,CE,465.9,570.1,455.7,562.8,521.4,26,284.71,3000,300,31-JAN-2024,
OPTIDX,NIFTY,22-Feb-2024,21450,CE,0,0,0,532.6,485.85,0,0,1700,0,31-JAN-2024,
OPTIDX,NIFTY,22-Feb-2024,21500,CE,410,530,379.8,501.95,501.95,302,3316.83,12350,-2850,31-JAN-2024,
OPTIDX,NIFTY,22-Feb-2024,21550,CE,394.35,496.35,394.35,467.65,418.65,50,549.56,5600,1250,31-JAN-2024,
OPTIDX,NIFTY,22-Feb-2024,21600,CE,339.35,465.15,323.55,447.15,447.15,461,5077.52,10250,-7000,31-JAN-2024,
OPTIDX,NIFTY,22-Feb-2024,21650,CE,360,430,355.5,404.85,404.85,75,826.59,6450,1200,31-JAN-2024,
OPTIDX,NIFTY,22-Feb-2024,21700,CE,298.85,405.05,280.3,394.45,394.45,470,5184.59,10900,-2050,31-JAN-2024,
OPTIDX,NIFTY,22-Feb-2024,21750,CE,261,377.6,261,362.9,362.9,25,276.21,6000,400,31-JAN-2024,
OPTIDX,NIFTY,22-Feb-2024,21800,CE,244.9,354.95,241.95,345.35,345.35,381,4212.5,13850,-3800,31-JAN-2024,
OPTIDX,NIFTY,22-Feb-2024,21850,CE,212.45,332.05,212.45,300.55,300.55,66,730.59,4000,950,31-JAN-2024,
OPTIDX,NIFTY,22-Feb-2024,21900,CE,217.3,301.3,217.3,286.25,286.25,463,5128.32,11200,5750,31-JAN-2024,
OPTIDX,NIFTY,22-Feb-2024,21950,CE,228.45,268.5,228.45,268.5,268.5,23,255.13,7300,150,31-JAN-2024,
OPTIDX,NIFTY,22-Feb-2024,22000,CE,182.3,255,164.65,244.3,244.3,1775,19725.77,66250,19150,31-JAN-2024,
OPTIDX,NIFTY,22-Feb-2024,22050,CE,162.35,229.9,146.6,223.5,223.5,148,1646.32,7950,350,31-JAN-2024,
OPTIDX,NIFTY,22-Feb-2024,22100,CE,141.9,216,136.85,206.65,206.65,398,4433.88,27450,550,31-JAN-2024,
OPTIDX,NIFTY,22-Feb-2024,22150,CE,176.95,182.9,172.9,182.9,135.4,24,267.93,1150,900,31-JAN-2024,
OPTIDX,NIFTY,22-Feb-2024,22200,CE,110,177,110,169.55,169.55,196,2190.56,5600,-50,31-JAN-2024,
OPTIDX,NIFTY,22-Feb-2024,22250,CE,154.5,162.95,139.6,160.6,160.6,11,123.23,350,0,31-JAN-2024,
OPTIDX,NIFTY,22-Feb-2024,22300,CE,95,146.2,91.2,140.8,140.8,337,3779.41,24450,650,31-JAN-2024,
OPTIDX,NIFTY,22-Feb-2024,22350,CE,0,0,0,135.7,84.15,0,0,0,0,31-JAN-2024,
OPTIDX,NIFTY,22-Feb-2024,22400,CE,72.8,123.9,72.3,113.8,113.8,84,945.39,3350,1350,31-JAN-2024,
OPTIDX,NIFTY,22-Feb-2024,22450,CE,0,0,0,114.75,65.05,0,0,0,0,31-JAN-2024,
OPTIDX,NIFTY,22-Feb-2024,22500,CE,65,100,62.95,95.8,95.8,619,6989.45,23750,3000,31-JAN-2024,
OPTIDX,NIFTY,22-Feb-2024,22550,CE,56.05,56.05,56.05,56.05,49.6,1,11.3,50,0,31-JAN-2024,
OPTIDX,NIFTY,22-Feb-2024,22600,CE,54,80.15,50.25,77.7,77.7,509,5770.54,37400,5400,31-JAN-2024,
OPTIDX,NIFTY,22-Feb-2024,22650,CE,0,0,0,80.6,37.3,0,0,0,0,31-JAN-2024,
OPTIDX,NIFTY,22-Feb-2024,22700,CE,48.8,65.65,47.4,63.25,63.25,131,1490.57,23550,400,31-JAN-2024,
OPTIDX,NIFTY,22-Feb-2024,22750,CE,0,0,0,66.95,27.65,0,0,0,0,31-JAN-2024,
OPTIDX,NIFTY,22-Feb-2024,22800,CE,35,52.7,28.8,52.1,52.1,90,1028.19,1550,-1450,31-JAN-2024,
OPTIDX,NIFTY,22-Feb-2024,22850,CE,0,0,0,55.3,20.25,0,0,0,0,31-JAN-2024,
OPTIDX,NIFTY,22-Feb-2024,22900,CE,0,0,0,50.15,17.2,0,0,0,0,31-JAN-2024,
OPTIDX,NIFTY,22-Feb-2024,22950,CE,25,30.05,25,27.05,14.6,3,34.46,500,0,31-JAN-2024,
OPTIDX,NIFTY,22-Feb-2024,23000,CE,27.75,38.35,22.55,37,37,975,11228.71,40650,29000,31-JAN-2024,
OPTIDX,NIFTY,22-Feb-2024,23050,CE,0,0,0,37.05,10.35,0,0,0,0,31-JAN-2024,
OPTIDX,NIFTY,22-Feb-2024,23100,CE,4.6,30,4.6,24.55,24.55,20,231.24,850,750,31-JAN-2024,
OPTIDX,NIFTY,22-Feb-2024,23150,CE,0,0,0,30.05,7.25,0,0,0,0,31-JAN-2024,
OPTIDX,NIFTY,22-Feb-2024,23200,CE,22,25,19.8,24.9,24.9,25,290.3,4900,350,31-JAN-2024,
OPTIDX,NIFTY,22-Feb-2024,23250,CE,0,0,0,24.25,5,0,0,0,0,31-JAN-2024,
OPTIDX,NIFTY,22-Feb-2024,23300,CE,0,0,0,21.7,4.15,0,0,0,0,31-JAN-2024,
OPTIDX,NIFTY,22-Feb-2024,23350,CE,15.95,15.95,15.95,15.95,3.4,1,11.68,1100,50,31-JAN-2024,
OPTIDX,NIFTY,22-Feb-2024,23400,CE,0,0,0,18.25,2.8,0,0,50,0,31-JAN-2024,
OPTIDX,NIFTY,22-Feb-2024,23450,CE,16.45,16.45,11.25,12.9,12.9,5,58.66,200,50,31-JAN-2024,
OPTIDX,NIFTY,22-Feb-2024,23500,CE,11.75,18.3,11.75,13.3,13.3,43,505.58,2250,700,31-JAN-2024,
OPTIDX,NIFTY,22-Feb-2024,19500,PE,0,0,0,4.05,0.05,0,0,0,0,31-JAN-2024,
OPTIDX,NIFTY,22-Feb-2024,19550,PE,0,0,0,4.75,0.05,0,0,0,0,31-JAN-2024,
OPTIDX,NIFTY,22-Feb-2024,19600,PE,0,0,0,5.55,0.05,0,0,0,0,31-JAN-2024,
OPTIDX,NIFTY,22-Feb-2024,19650,PE,0,0,0,6.5,0.05,0,0,0,0,31-JAN-2024,
OPTIDX,NIFTY,22-Feb-2024,19700,PE,0,0,0,7.55,0.1,0,0,0,0,31-JAN-2024,
OPTIDX,NIFTY,22-Feb-2024,19750,PE,0,0,0,8.75,0.1,0,0,0,0,31-JAN-2024,
OPTIDX,NIFTY,22-Feb-2024,19800,PE,0,0,0,15.3,0.15,0,0,0,0,31-JAN-2024,
OPTIDX,NIFTY,22-Feb-2024,19850,PE,0,0,0,11.7,0.2,0,0,0,0,31-JAN-2024,
OPTIDX,NIFTY,22-Feb-2024,19900,PE,0,0,0,13.45,0.3,0,0,0,0,31-JAN-2024,
OPTIDX,NIFTY,22-Feb-2024,19950,PE,0,0,0,15.45,0.35,0,0,0,0,31-JAN-2024,
OPTIDX,NIFTY,22-Feb-2024,20000,PE,30,30,15.05,16.25,16.25,387,3873.57,17700,9000,31-JAN-2024,
OPTIDX,NIFTY,22-Feb-2024,20050,PE,0,0,0,20.2,0.65,0,0,0,0,31-JAN-2024,
OPTIDX,NIFTY,22-Feb-2024,20100,PE,0,0,0,23,0.8,0,0,0,0,31-JAN-2024,
OPTIDX,NIFTY,22-Feb-2024,20150,PE,0,0,0,26.1,1.05,0,0,0,0,31-JAN-2024,
OPTIDX,NIFTY,22-Feb-2024,20200,PE,0,0,0,29.55,1.35,0,0,0,0,31-JAN-2024,
OPTIDX,NIFTY,22-Feb-2024,20250,PE,0,0,0,33.4,1.75,0,0,0,0,31-JAN-2024,
OPTIDX,NIFTY,22-Feb-2024,20300,PE,0,0,0,37.65,2.2,0,0,0,0,31-JAN-2024,
OPTIDX,NIFTY,22-Feb-2024,20350,PE,0,0,0,42.3,2.8,0,0,0,0,31-JAN-2024,
OPTIDX,NIFTY,22-Feb-2024,20400,PE,47,47.85,33.05,34.6,34.6,293,2994.84,14600,1150,31-JAN-2024,
OPTIDX,NIFTY,22-Feb-2024,20450,PE,0,0,0,53.05,4.35,0,0,0,0,31-JAN-2024,
OPTIDX,NIFTY,22-Feb-2024,20500,PE,59.75,59.75,38.65,43.65,43.65,153,1571.71,12450,2300,31-JAN-2024,
OPTIDX,NIFTY,22-Feb-2024,20550,PE,0,0,0,65.85,6.7,0,0,0,0,31-JAN-2024,
OPTIDX,NIFTY,22-Feb-2024,20600,PE,0,0,0,73.15,8.2,0,0,0,0,31-JAN-2024,
OPTIDX,NIFTY,22-Feb-2024,20650,PE,0,0,0,81.05,10,0,0,0,0,31-JAN-2024,
OPTIDX,NIFTY,22-Feb-2024,20700,PE,88.85,92.5,56.85,59.25,59.25,873,9070.18,11100,-17650,31-JAN-2024,
OPTIDX,NIFTY,22-Feb-2024,20750,PE,0,0,0,98.85,14.7,0,0,0,0,31-JAN-2024,
OPTIDX,NIFTY,22-Feb-2024,20800,PE,105,108.65,67.8,70.3,70.3,97,1012.66,35200,450,31-JAN-2024,
OPTIDX,NIFTY,22-Feb-2024,20850,PE,0,0,0,143,21.05,0,0,100,0,31-JAN-2024,
OPTIDX,NIFTY,22-Feb-2024,20900,PE,134.5,134.5,82.2,82.85,82.85,81,850.27,11950,350,31-JAN-2024,
OPTIDX,NIFTY,22-Feb-2024,20950,PE,0,0,0,144,29.6,0,0,0,0,31-JAN-2024,
OPTIDX,NIFTY,22-Feb-2024,21000,PE,146.65,153.5,97,100.55,100.55,1380,14570.89,58150,1950,31-JAN-2024,
OPTIDX,NIFTY,22-Feb-2024,21050,PE,0,0,0,209.2,40.85,0,0,2100,0,31-JAN-2024,
OPTIDX,NIFTY,22-Feb-2024,21100,PE,167.75,181,115,119.95,119.95,350,3715.23,16100,8850,31-JAN-2024,
OPTIDX,NIFTY,22-Feb-2024,21150,PE,0,0,0,148.45,55.25,0,0,150,0,31-JAN-2024,
OPTIDX,NIFTY,22-Feb-2024,21200,PE,204.95,204.95,134.95,140.25,140.25,237,2530.69,17750,-950,31-JAN-2024,
OPTIDX,NIFTY,22-Feb-2024,21250,PE,193.45,203.2,150.25,155.65,155.65,37,396.35,900,300,31-JAN-2024,
OPTIDX,NIFTY,22-Feb-2024,21300,PE,244.95,245,162.7,167.15,167.15,367,3941.88,6950,3000,31-JAN-2024,
OPTIDX,NIFTY,22-Feb-2024,21350,PE,227.5,227.5,177.3,180.55,180.55,40,430.86,2600,-100,31-JAN-2024,
OPTIDX,NIFTY,22-Feb-2024,21400,PE,279.15,286.1,187.6,195.9,195.9,529,5715.81,22750,5300,31-JAN-2024,
OPTIDX,NIFTY,22-Feb-2024,21450,PE,307,307,214.9,214.9,123.05,30,325.59,2150,-250,31-JAN-2024,
OPTIDX,NIFTY,22-Feb-2024,21500,PE,321.1,327.55,220,226.55,226.55,682,7418.28,22150,-2200,31-JAN-2024,
OPTIDX,NIFTY,22-Feb-2024,21550,PE,307.6,356.1,235.9,242.65,242.65,78,851.6,1950,750,31-JAN-2024,
OPTIDX,NIFTY,22-Feb-2024,21600,PE,359.5,372.75,256.35,265.6,265.6,235,2571.93,3650,300,31-JAN-2024,
OPTIDX,NIFTY,22-Feb-2024,21650,PE,308.15,315.35,276.75,283.7,283.7,36,394.99,550,350,31-JAN-2024,
OPTIDX,NIFTY,22-Feb-2024,21700,PE,376,376,293.8,306.05,306.05,217,2389.53,4650,-450,31-JAN-2024,
OPTIDX,NIFTY,22-Feb-2024,21750,PE,0,0,0,464.95,237.1,0,0,0,0,31-JAN-2024,
OPTIDX,NIFTY,22-Feb-2024,21800,PE,461,477.35,335.25,348.25,348.25,92,1020.56,6000,0,31-JAN-2024,
OPTIDX,NIFTY,22-Feb-2024,21850,PE,0,0,0,522.85,286.65,0,0,0,0,31-JAN-2024,
OPTIDX,NIFTY,22-Feb-2024,21900,PE,0,0,0,510.5,313.65,0,0,4100,0,31-JAN-2024,
OPTIDX,NIFTY,22-Feb-2024,21950,PE,0,0,0,584.6,342.1,0,0,0,0,31-JAN-2024,
OPTIDX,NIFTY,22-Feb-2024,22000,PE,590.05,590.05,441,441,441,70,787.26,7400,2350,31-JAN-2024,
OPTIDX,NIFTY,22-Feb-2024,22050,PE,0,0,0,650.05,403.2,0,0,0,0,31-JAN-2024,
OPTIDX,NIFTY,22-Feb-2024,22100,PE,0,0,0,684.1,435.85,0,0,0,0,31-JAN-2024,
OPTIDX,NIFTY,22-Feb-2024,22150,PE,0,0,0,719,469.75,0,0,0,0,31-JAN-2024,
OPTIDX,NIFTY,22-Feb-2024,22200,PE,0,0,0,754.7,505,0,0,0,0,31-JAN-2024,
OPTIDX,NIFTY,22-Feb-2024,22250,PE,0,0,0,791.3,541.4,0,0,0,0,31-JAN-2024,
OPTIDX,NIFTY,22-Feb-2024,22300,PE,0,0,0,829.65,579,0,0,0,0,31-JAN-2024,
OPTIDX,NIFTY,22-Feb-2024,22350,PE,0,0,0,866.9,617.75,0,0,0,0,31-JAN-2024,
OPTIDX,NIFTY,22-Feb-2024,22400,PE,0,0,0,905.7,657.5,0,0,0,0,31-JAN-2024,
OPTIDX,NIFTY,22-Feb-2024,22450,PE,0,0,0,945.25,698.2,0,0,0,0,31-JAN-2024,
OPTIDX,NIFTY,22-Feb-2024,22500,PE,973.55,973.55,830,830,739.85,2,23.4,4950,50,31-JAN-2024,
OPTIDX,NIFTY,22-Feb-2024,22550,PE,0,0,0,1026.25,782.35,0,0,0,0,31-JAN-2024,
OPTIDX,NIFTY,22-Feb-2024,22600,PE,0,0,0,1067.7,825.65,0,0,0,0,31-JAN-2024,
OPTIDX,NIFTY,22-Feb-2024,22650,PE,0,0,0,1109.7,869.65,0,0,0,0,31-JAN-2024,
OPTIDX,NIFTY,22-Feb-2024,22700,PE,0,0,0,1152.3,914.3,0,0,0,0,31-JAN-2024,
OPTIDX,NIFTY,22-Feb-2024,22750,PE,0,0,0,1195.4,959.6,0,0,0,0,31-JAN-2024,
OPTIDX,NIFTY,22-Feb-2024,22800,PE,0,0,0,1238.95,1005.45,0,0,0,0,31-JAN-2024,
OPTIDX,NIFTY,22-Feb-2024,22850,PE,0,0,0,1283,1051.75,0,0,0,0,31-JAN-2024,
OPTIDX,NIFTY,22-Feb-2024,22900,PE,0,0,0,1327.5,1098.55,0,0,0,0,31-JAN-2024,
OPTIDX,NIFTY,22-Feb-2024,22950,PE,0,0,0,1372.4,1145.7,0,0,0,0,31-JAN-2024,
OPTIDX,NIFTY,22-Feb-2024,23000,PE,0,0,0,1417.7,1193.25,0,0,0,0,31-JAN-2024,
OPTIDX,NIFTY,22-Feb-2024,23050,PE,0,0,0,1463.35,1241.1,0,0,0,0,31-JAN-2024,
OPTIDX,NIFTY,22-Feb-2024,23100,PE,0,0,0,1509.35,1289.2,0,0,0,0,31-JAN-2024,
OPTIDX,NIFTY,22-Feb-2024,23150,PE,0,0,0,1555.65,1337.6,0,0,0,0,31-JAN-2024,
OPTIDX,NIFTY,22-Feb-2024,23200,PE,0,0,0,1602.25,1386.15,0,0,0,0,31-JAN-2024,
OPTIDX,NIFTY,22-Feb-2024,23250,PE,0,0,0,1649.15,1434.9,0,0,0,0,31-JAN-2024,
OPTIDX,NIFTY,22-Feb-2024,23300,PE,0,0,0,1696.25,1483.85,0,0,0,0,31-JAN-2024,
OPTIDX,NIFTY,22-Feb-2024,23350,PE,0,0,0,1743.65,1532.9,0,0,0,0,31-JAN-2024,
OPTIDX,NIFTY,22-Feb-2024,23400,PE,0,0,0,1791.2,1582.1,0,0,0,0,31-JAN-2024,
OPTIDX,NIFTY,22-Feb-2024,23450,PE,0,0,0,1839,1631.4,0,0,0,0,31-JAN-2024,
OPTIDX,NIFTY,22-Feb-2024,23500,PE,0,0,0,1886.95,1680.75,0,0,0,0,31-JAN-2024,
OPTIDX,NIFTY,29-Feb-2024,18650,CE,3085.5,3135,3085.5,3135,3135,4,43.51,33100,0,31-JAN-2024,
OPTIDX,NIFTY,29-Feb-2024,18700,CE,0,0,0,2906.95,3125.7,0,0,73800,0,31-JAN-2024,
OPTIDX,NIFTY,29-Feb-2024,18750,CE,0,0,0,2900,3076,0,0,1150,0,31-JAN-2024,
OPTIDX,NIFTY,29-Feb-2024,18800,CE,2940,2940,2940,2940,3026.25,1,10.87,11450,-50,31-JAN-2024,
OPTIDX,NIFTY,29-Feb-2024,18850,CE,0,0,0,1710.25,2976.5,0,0,0,0,31-JAN-2024,
OPTIDX,NIFTY,29-Feb-2024,18900,CE,0,0,0,2555,2926.8,0,0,2450,0,31-JAN-2024,
OPTIDX,NIFTY,29-Feb-2024,18950,CE,0,0,0,2410,2877.05,0,0,200,0,31-JAN-2024,
OPTIDX,NIFTY,29-Feb-2024,19000,CE,2590,2811,2590,2798.45,2798.45,308,3352.09,705150,-1500,31-JAN-2024,
OPTIDX,NIFTY,29-Feb-2024,19050,CE,0,0,0,2476.45,2777.6,0,0,100,0,31-JAN-2024,
OPTIDX,NIFTY,29-Feb-2024,19100,CE,0,0,0,2300.45,2727.85,0,0,2550,0,31-JAN-2024,
OPTIDX,NIFTY,29-Feb-2024,19150,CE,0,0,0,2340,2678.15,0,0,200,0,31-JAN-2024,
OPTIDX,NIFTY,29-Feb-2024,19200,CE,0,0,0,2482.35,2628.4,0,0,3950,0,31-JAN-2024,
OPTIDX,NIFTY,29-Feb-2024,19250,CE,0,0,0,2140,2578.7,0,0,150,0,31-JAN-2024,
OPTIDX,NIFTY,29-Feb-2024,19300,CE,0,0,0,2390,2528.95,0,0,6250,0,31-JAN-2024,
OPTIDX,NIFTY,29-Feb-2024,19350,CE,0,0,0,2359.65,2479.25,0,0,9150,0,31-JAN-2024,
OPTIDX,NIFTY,29-Feb-2024,19400,CE,2313.3,2428.05,2313.3,2417.4,2417.4,28,304.62,8900,0,31-JAN-2024,
OPTIDX,NIFTY,29-Feb-2024,19450,CE,0,0,0,1231.75,2379.85,0,0,0,0,31-JAN-2024,
OPTIDX,NIFTY,29-Feb-2024,19500,CE,2090.95,2325,2080,2304.8,2304.8,107,1161.43,144800,1150,31-JAN-2024,
OPTIDX,NIFTY,29-Feb-2024,19550,CE,0,0,0,1159.6,2280.45,0,0,0,0,31-JAN-2024,
OPTIDX,NIFTY,29-Feb-2024,19600,CE,2007.1,2189.9,2007.1,2188.15,2188.15,7,75.99,14150,0,31-JAN-2024,
OPTIDX,NIFTY,29-Feb-2024,19650,CE,0,0,0,1835.5,2181.1,0,0,200,0,31-JAN-2024,
OPTIDX,NIFTY,29-Feb-2024,19700,CE,2111.25,2126.5,2061.65,2106.5,2106.5,34,370.52,23950,0,31-JAN-2024,
OPTIDX,NIFTY,29-Feb-2024,19750,CE,0,0,0,1020.15,2081.85,0,0,0,0,31-JAN-2024,
OPTIDX,NIFTY,29-Feb-2024,19800,CE,1984.9,1984.9,1984.9,1984.9,2032.25,1,10.89,13300,0,31-JAN-2024,
OPTIDX,NIFTY,29-Feb-2024,19850,CE,0,0,0,1615.5,1982.65,0,0,250,0,31-JAN-2024,
OPTIDX,NIFTY,29-Feb-2024,19900,CE,1710.55,1931.3,1710.55,1903.6,1903.6,37,402.84,10350,-1300,31-JAN-2024,
OPTIDX,NIFTY,29-Feb-2024,19950,CE,0,0,0,1493.5,1883.65,0,0,1900,0,31-JAN-2024,
OPTIDX,NIFTY,29-Feb-2024,20000,CE,1600,1844.45,1600,1823.4,1823.4,744,8098.71,774450,9950,31-JAN-2024,
OPTIDX,NIFTY,29-Feb-2024,20050,CE,0,0,0,1517.3,1784.9,0,0,50,0,31-JAN-2024,
OPTIDX,NIFTY,29-Feb-2024,20100,CE,0,0,0,1534.75,1735.6,0,0,10100,0,31-JAN-2024,
OPTIDX,NIFTY,29-Feb-2024,20150,CE,0,0,0,1374.15,1686.45,0,0,150,0,31-JAN-2024,
OPTIDX,NIFTY,29-Feb-2024,20200,CE,1437.7,1600,1431.3,1600,1600,5,54.28,27050,-50,31-JAN-2024,
OPTIDX,NIFTY,29-Feb-2024,20250,CE,0,0,0,1210,1588.45,0,0,450,0,31-JAN-2024,
OPTIDX,NIFTY,29-Feb-2024,20300,CE,0,0,0,1500,1539.65,0,0,22050,0,31-JAN-2024,
OPTIDX,NIFTY,29-Feb-2024,20350,CE,0,0,0,1136.75,1491,0,0,200,0,31-JAN-2024,
OPTIDX,NIFTY,29-Feb-2024,20400,CE,1450,1450,1430,1430,1442.6,21,229.22,42650,1050,31-JAN-2024,
OPTIDX,NIFTY,29-Feb-2024,20450,CE,0,0,0,1410,1394.4,0,0,950,0,31-JAN-2024,
OPTIDX,NIFTY,29-Feb-2024,20500,CE,1146.8,1375,1146.8,1342.2,1342.2,719,7834.93,357600,6000,31-JAN-2024,
OPTIDX,NIFTY,29-Feb-2024,20550,CE,0,0,0,1357,1298.75,0,0,800,0,31-JAN-2024,
OPTIDX,NIFTY,29-Feb-2024,20600,CE,1041.6,1285.25,1041.6,1267.55,1267.55,119,1299.93,32250,5100,31-JAN-2024,
OPTIDX,NIFTY,29-Feb-2024,20650,CE,1041.8,1041.8,1041.8,1041.8,1204.45,1,10.84,1550,50,31-JAN-2024,
OPTIDX,NIFTY,29-Feb-2024,20700,CE,998.55,1195.15,998.55,1178.2,1178.2,140,1529.71,63850,1100,31-JAN-2024,
OPTIDX,NIFTY,29-Feb-2024,20750,CE,0,0,0,969.45,1111.7,0,0,1800,0,31-JAN-2024,
OPTIDX,NIFTY,29-Feb-2024,20800,CE,900.05,1106.4,900,1082.25,1082.25,118,1287.56,91350,950,31-JAN-2024,
OPTIDX,NIFTY,29-Feb-2024,20850,CE,878.5,949.15,878.5,949.15,1020.95,17,185.13,5150,150,31-JAN-2024,
OPTIDX,NIFTY,29-Feb-2024,20900,CE,841.3,1030,841.3,1015.95,1015.95,74,808.14,102700,-600,31-JAN-2024,
OPTIDX,NIFTY,29-Feb-2024,20950,CE,801.2,983.55,801.2,968.15,968.15,25,273.4,5300,50,31-JAN-2024,
OPTIDX,NIFTY,29-Feb-2024,21000,CE,757,950,742.15,923.8,923.8,5165,56467.57,679750,11850,31-JAN-2024,
OPTIDX,NIFTY,29-Feb-2024,21050,CE,737.25,909.05,737.25,870,846.75,27,295.36,8550,200,31-JAN-2024,
OPTIDX,NIFTY,29-Feb-2024,21100,CE,687.95,869.6,675,845.7,845.7,293,3206.23,88650,1200,31-JAN-2024,
OPTIDX,NIFTY,29-Feb-2024,21150,CE,653.05,824.6,653.05,801.4,801.4,34,371.46,14750,150,31-JAN-2024,
OPTIDX,NIFTY,29-Feb-2024,21200,CE,617.95,796,606,766.4,766.4,1319,14444.4,144450,-2450,31-JAN-2024,
OPTIDX,NIFTY,29-Feb-2024,21250,CE,598,746.65,598,737.35,737.35,84,921.69,19300,750,31-JAN-2024,
OPTIDX,NIFTY,29-Feb-2024,21300,CE,582,720.25,543.05,692,692,3055,33525.72,385200,-19900,31-JAN-2024,
OPTIDX,NIFTY,29-Feb-2024,21350,CE,529.05,678.3,515.55,654.2,654.2,490,5376.52,22800,150,31-JAN-2024,
OPTIDX,NIFTY,29-Feb-2024,21400,CE,490.45,649.8,480,624,624,6817,74814.85,318350,34950,31-JAN-2024,
OPTIDX,NIFTY,29-Feb-2024,21450,CE,480.05,610,455.3,593.8,593.8,1087,11943.07,35950,-5250,31-JAN-2024,
OPTIDX,NIFTY,29-Feb-2024,21500,CE,433.45,581.3,422.15,556.85,556.85,46324,509869.65,1464000,-93500,31-JAN-2024,
OPTIDX,NIFTY,29-Feb-2024,21550,CE,403.95,549.75,398.3,522.5,522.5,2969,32699.13,41000,-13450,31-JAN-2024,
OPTIDX,NIFTY,29-Feb-2024,21600,CE,389.95,516.95,370,495.95,495.95,39274,433144.88,608700,-116500,31-JAN-2024,
OPTIDX,NIFTY,29-Feb-2024,21650,CE,350,484,347.35,461.8,461.8,7097,78330.37,77150,-25750,31-JAN-2024,
OPTIDX,NIFTY,29-Feb-2024,21700,CE,335,456,320.4,437.5,437.5,42919,474510.29,910500,69900,31-JAN-2024,
OPTIDX,NIFTY,29-Feb-2024,21750,CE,306.15,426.8,298.5,408.4,408.4,4765,52719.76,97150,21750,31-JAN-2024,
OPTIDX,NIFTY,29-Feb-2024,21800,CE,300,399.25,277.55,377.7,377.7,38744,429272.51,1020450,79000,31-JAN-2024,
OPTIDX,NIFTY,29-Feb-2024,21850,CE,257.55,373.35,257.55,352.8,352.8,4751,52672.02,87000,2400,31-JAN-2024,
OPTIDX,NIFTY,29-Feb-2024,21900,CE,243.75,346,236.55,328.2,328.2,14159,157204.49,474850,-69650,31-JAN-2024,
OPTIDX,NIFTY,29-Feb-2024,21950,CE,227.45,320.35,220.75,305.7,305.7,4830,53702.43,48300,3750,31-JAN-2024,
OPTIDX,NIFTY,29-Feb-2024,22000,CE,206.5,298.65,201,283.15,283.15,71497,795832.38,2098750,-53650,31-JAN-2024,
OPTIDX,NIFTY,29-Feb-2024,22050,CE,190.3,275,190.3,262.75,262.75,2111,23531.22,55300,7350,31-JAN-2024,
OPTIDX,NIFTY,29-Feb-2024,22100,CE,175,254.65,168.9,241.4,241.4,9363,104469.71,342850,-16850,31-JAN-2024,
OPTIDX,NIFTY,29-Feb-2024,22150,CE,155.05,233.2,154.55,224.75,224.75,1288,14396.1,38800,1300,31-JAN-2024,
OPTIDX,NIFTY,29-Feb-2024,22200,CE,147,214.85,139.8,204.6,204.6,21573,241451.91,540300,46250,31-JAN-2024,
OPTIDX,NIFTY,29-Feb-2024,22250,CE,143,196.85,128.9,189.25,189.25,1775,19897.06,67100,-6350,31-JAN-2024,
OPTIDX,NIFTY,29-Feb-2024,22300,CE,121.3,182,116.3,173,173,11579,129995.84,303450,-35000,31-JAN-2024,
OPTIDX,NIFTY,29-Feb-2024,22350,CE,116.35,166.3,105.95,158.95,158.95,2116,23799.95,42000,9000,31-JAN-2024,
OPTIDX,NIFTY,29-Feb-2024,22400,CE,99.8,151.05,95.75,143.45,143.45,12957,145938.42,343850,12550,31-JAN-2024,
OPTIDX,NIFTY,29-Feb-2024,22450,CE,89,138.1,88,133.65,133.65,1035,11680.22,42500,3200,31-JAN-2024,
OPTIDX,NIFTY,29-Feb-2024,22500,CE,87.15,127.9,79.45,119.85,119.85,37347,422155.27,1433350,43700,31-JAN-2024,
OPTIDX,NIFTY,29-Feb-2024,22550,CE,74.8,115.5,72.45,108.75,108.75,1441,16317.86,28300,9000,31-JAN-2024,
OPTIDX,NIFTY,29-Feb-2024,22600,CE,69.9,106,65.65,100.3,100.3,13126,148893.71,503650,90250,31-JAN-2024,
OPTIDX,NIFTY,29-Feb-2024,22650,CE,61.95,95.3,60.8,91,91,723,8217.27,28000,-3550,31-JAN-2024,
OPTIDX,NIFTY,29-Feb-2024,22700,CE,59,87.45,55.25,83.4,83.4,11803,134384.55,487850,79950,31-JAN-2024,
OPTIDX,NIFTY,29-Feb-2024,22750,CE,56,79,50.4,75.45,75.45,1256,14328.83,49000,-1100,31-JAN-2024,
OPTIDX,NIFTY,29-Feb-2024,22800,CE,50.25,71.95,45.8,68.7,68.7,9917,113352.59,409550,44500,31-JAN-2024,
OPTIDX,NIFTY,29-Feb-2024,22850,CE,42.65,65.65,42.65,62.6,62.6,877,10044.81,65300,50,31-JAN-2024,
OPTIDX,NIFTY,29-Feb-2024,22900,CE,42.55,60.6,39.4,58.1,58.1,6115,70173.32,205400,45850,31-JAN-2024,
OPTIDX,NIFTY,29-Feb-2024,22950,CE,36,54.85,36,53.25,53.25,1022,11751,45650,4150,31-JAN-2024,
OPTIDX,NIFTY,29-Feb-2024,23000,CE,39.4,52.4,35.1,50.35,50.35,42660,491535,3621450,267650,31-JAN-2024,
OPTIDX,NIFTY,29-Feb-2024,23050,CE,33.45,46.35,32.05,44.8,44.8,1127,13011.16,56600,10450,31-JAN-2024,
OPTIDX,NIFTY,29-Feb-2024,23100,CE,31,41.3,28.35,39.8,39.8,9170,106076.02,338300,130650,31-JAN-2024,
OPTIDX,NIFTY,29-Feb-2024,23150,CE,28.8,38.2,26.75,37.15,37.15,327,3790.45,14250,950,31-JAN-2024,
OPTIDX,NIFTY,29-Feb-2024,23200,CE,26.1,35.25,24.65,34.1,34.1,6848,79539.64,282900,12300,31-JAN-2024,
OPTIDX,NIFTY,29-Feb-2024,23250,CE,26.9,32.1,22.75,30.8,30.8,339,3945.54,11150,-1450,31-JAN-2024,
OPTIDX,NIFTY,29-Feb-2024,23300,CE,24.75,28.8,17.4,27.75,27.75,7350,85717.22,307150,80700,31-JAN-2024,
OPTIDX,NIFTY,29-Feb-2024,23350,CE,20.15,27,19.1,26.2,26.2,527,6158.75,11950,-1400,31-JAN-2024,
OPTIDX,NIFTY,29-Feb-2024,23400,CE,19.05,24.85,17.6,24.2,24.2,3623,42427.13,138050,-11050,31-JAN-2024,
OPTIDX,NIFTY,29-Feb-2024,23450,CE,20.1,22.6,16.4,22.1,22.1,387,4541.27,17700,-1200,31-JAN-2024,
OPTIDX,NIFTY,29-Feb-2024,23500,CE,14.3,22,14.3,20.6,20.6,16690,196262.59,828150,57750,31-JAN-2024,
OPTIDX,NIFTY,29-Feb-2024,23550,CE,15.1,19.5,13.75,18.8,18.8,284,3346.51,12350,300,31-JAN-2024,
OPTIDX,NIFTY,29-Feb-2024,23600,CE,15,17.7,12.85,17.15,17.15,6332,74767.42,263400,-30650,31-JAN-2024,
OPTIDX,NIFTY,29-Feb-2024,23650,CE,14.3,16.4,12.05,15.85,15.85,405,4791.97,13000,-750,31-JAN-2024,
OPTIDX,NIFTY,29-Feb-2024,23700,CE,14,15.2,11.2,14.75,14.75,1905,22585.95,144650,27750,31-JAN-2024,
OPTIDX,NIFTY,29-Feb-2024,23750,CE,11,14.25,10.75,13.85,13.85,318,3778.15,15400,-1300,31-JAN-2024,
OPTIDX,NIFTY,29-Feb-2024,23800,CE,12.25,13.15,9.8,12.55,12.55,2685,31966.67,259000,16800,31-JAN-2024,
OPTIDX,NIFTY,29-Feb-2024,23850,CE,11.25,13.7,9.5,12.05,12.05,649,7742.79,62650,2100,31-JAN-2024,
OPTIDX,NIFTY,29-Feb-2024,18650,PE,5.5,5.85,4.8,5.35,5.35,244,2275.97,36800,5800,31-JAN-2024,
OPTIDX,NIFTY,29-Feb-2024,18700,PE,5.85,6.1,4.6,5.2,5.2,123,1150.38,49900,150,31-JAN-2024,
OPTIDX,NIFTY,29-Feb-2024,18750,PE,0,0,0,77,0.05,0,0,0,0,31-JAN-2024,
OPTIDX,NIFTY,29-Feb-2024,18800,PE,0,0,0,6.55,0.05,0,0,5150,0,31-JAN-2024,
OPTIDX,NIFTY,29-Feb-2024,18850,PE,0,0,0,89.45,0.05,0,0,0,0,31-JAN-2024,
OPTIDX,NIFTY,29-Feb-2024,18900,PE,0,0,0,3.1,0.05,0,0,1250,0,31-JAN-2024,
OPTIDX,NIFTY,29-Feb-2024,18950,PE,0,0,0,103.4,0.05,0,0,0,0,31-JAN-2024,
OPTIDX,NIFTY,29-Feb-2024,19000,PE,7.2,10.9,6.65,7.3,7.3,2147,20404.24,1025450,13800,31-JAN-2024,
OPTIDX,NIFTY,29-Feb-2024,19050,PE,0,0,0,119.05,0.05,0,0,0,0,31-JAN-2024,
OPTIDX,NIFTY,29-Feb-2024,19100,PE,0,0,0,127.5,0.05,0,0,0,0,31-JAN-2024,
OPTIDX,NIFTY,29-Feb-2024,19150,PE,0,0,0,136.4,0.05,0,0,0,0,31-JAN-2024,
OPTIDX,NIFTY,29-Feb-2024,19200,PE,9.15,11.5,6.7,7.7,7.7,455,4369.74,20200,550,31-JAN-2024,
OPTIDX,NIFTY,29-Feb-2024,19250,PE,0,0,0,9.25,0.05,0,0,1900,0,31-JAN-2024,
OPTIDX,NIFTY,29-Feb-2024,19300,PE,11,11.2,7.2,7.85,7.85,349,3369.32,68300,-4650,31-JAN-2024,
OPTIDX,NIFTY,29-Feb-2024,19350,PE,10.85,10.85,7.95,8.8,8.8,66,638.84,4200,100,31-JAN-2024,
OPTIDX,NIFTY,29-Feb-2024,19400,PE,11.4,11.4,7.75,8.55,8.55,799,7753.73,53250,-4200,31-JAN-2024,
OPTIDX,NIFTY,29-Feb-2024,19450,PE,12.25,12.25,8.65,9.25,9.25,114,1109.18,6300,-250,31-JAN-2024,
OPTIDX,NIFTY,29-Feb-2024,19500,PE,14.2,14.7,9.5,10.15,10.15,18016,175753.12,926000,-93250,31-JAN-2024,
OPTIDX,NIFTY,29-Feb-2024,19550,PE,14.7,14.75,9.5,10.4,10.4,3157,30875.86,7750,2750,31-JAN-2024,
OPTIDX,NIFTY,29-Feb-2024,19600,PE,16.45,17.05,9.5,10.85,10.85,6702,65715.19,135400,68150,31-JAN-2024,
OPTIDX,NIFTY,29-Feb-2024,19650,PE,17.25,17.25,10.2,11.8,11.8,4813,47315.89,62650,48350,31-JAN-2024,
OPTIDX,NIFTY,29-Feb-2024,19700,PE,19.05,19.2,11.7,13.3,13.3,5750,56675.32,124150,-79200,31-JAN-2024,
OPTIDX,NIFTY,29-Feb-2024,19750,PE,13.65,21.7,13.1,14.55,14.55,2716,26842.27,32150,-17250,31-JAN-2024,
OPTIDX,NIFTY,29-Feb-2024,19800,PE,21.95,23.9,14.15,15.6,15.6,9805,97148.2,361350,-113000,31-JAN-2024,
OPTIDX,NIFTY,29-Feb-2024,19850,PE,26.25,26.3,15.7,16.8,16.8,1901,18883.8,63700,49000,31-JAN-2024,
OPTIDX,NIFTY,29-Feb-2024,19900,PE,28.45,29.1,16.95,18.9,18.9,12285,122357.05,416050,65150,31-JAN-2024,
OPTIDX,NIFTY,29-Feb-2024,19950,PE,32.05,32.3,19,20.4,20.4,601,6001.31,16700,3050,31-JAN-2024,
OPTIDX,NIFTY,29-Feb-2024,20000,PE,33.95,36.2,21.75,22.9,22.9,32603,326447.42,2482650,280350,31-JAN-2024,
OPTIDX,NIFTY,29-Feb-2024,20050,PE,38.2,38.75,23.1,23.85,23.85,743,7458.63,19050,-2800,31-JAN-2024,
OPTIDX,NIFTY,29-Feb-2024,20100,PE,43.55,43.55,24.55,26.2,26.2,9996,100604,577150,132600,31-JAN-2024,
OPTIDX,NIFTY,29-Feb-2024,20150,PE,45.25,45.9,27.65,29.2,29.2,739,7457.37,11050,-5850,31-JAN-2024,
OPTIDX,NIFTY,29-Feb-2024,20200,PE,50.8,50.8,30.4,31.9,31.9,8488,85878.65,609900,38250,31-JAN-2024,
OPTIDX,NIFTY,29-Feb-2024,20250,PE,53.95,54.2,33,34.25,34.25,688,6979.32,22850,-1100,31-JAN-2024,
OPTIDX,NIFTY,29-Feb-2024,20300,PE,56.95,60.45,36.3,38.2,38.2,9266,94246.45,662900,2250,31-JAN-2024,
OPTIDX,NIFTY,29-Feb-2024,20350,PE,63,64,38.75,40.8,40.8,1475,15040.99,38250,10900,31-JAN-2024,
OPTIDX,NIFTY,29-Feb-2024,20400,PE,65.7,68.85,42,44,44,12466,127463.65,720700,43150,31-JAN-2024,
OPTIDX,NIFTY,29-Feb-2024,20450,PE,73.85,74.85,46.25,48.45,48.45,1453,14895.96,34250,2550,31-JAN-2024,
OPTIDX,NIFTY,29-Feb-2024,20500,PE,78.95,85,51.05,53.95,53.95,30231,310760.36,2492400,167100,31-JAN-2024,
OPTIDX,NIFTY,29-Feb-2024,20550,PE,86.4,87.35,54.7,56.85,56.85,1786,18404.78,63400,29350,31-JAN-2024,
OPTIDX,NIFTY,29-Feb-2024,20600,PE,93.8,94.8,59.4,61.6,61.6,8547,88325.87,492350,37800,31-JAN-2024,
OPTIDX,NIFTY,29-Feb-2024,20650,PE,94.65,103.2,65.2,68.1,68.1,2015,20880.6,103950,30250,31-JAN-2024,
OPTIDX,NIFTY,29-Feb-2024,20700,PE,108.95,112.05,70.4,73.05,73.05,10636,110516.36,528150,21750,31-JAN-2024,
OPTIDX,NIFTY,29-Feb-2024,20750,PE,113.15,120.45,77.2,79.5,79.5,575,5991.91,34000,-350,31-JAN-2024,
OPTIDX,NIFTY,29-Feb-2024,20800,PE,115,130.35,83.15,85.95,85.95,13260,138545.54,666850,16200,31-JAN-2024,
OPTIDX,NIFTY,29-Feb-2024,20850,PE,137.2,141,90.7,94.4,94.4,1060,11103.3,38400,14300,31-JAN-2024,
OPTIDX,NIFTY,29-Feb-2024,20900,PE,147.15,152.95,98.8,101.6,101.6,9575,100607.34,433350,29500,31-JAN-2024,
OPTIDX,NIFTY,29-Feb-2024,20950,PE,155,161.75,107.75,111.1,111.1,1273,13411.1,24450,3350,31-JAN-2024,
OPTIDX,NIFTY,29-Feb-2024,21000,PE,170.65,178.4,116.55,120.4,120.4,47783,504885.63,3168400,176350,31-JAN-2024,
OPTIDX,NIFTY,29-Feb-2024,21050,PE,186.1,189.5,126.6,129.45,129.45,774,8201.65,29100,-1450,31-JAN-2024,
OPTIDX,NIFTY,29-Feb-2024,21100,PE,197.95,204.65,135.5,139.8,139.8,8170,86831.54,408900,21300,31-JAN-2024,
OPTIDX,NIFTY,29-Feb-2024,21150,PE,210,220.3,145.5,150.1,150.1,1122,11959.97,38900,550,31-JAN-2024,
OPTIDX,NIFTY,29-Feb-2024,21200,PE,220.8,238.35,157.3,162.5,162.5,18600,198870.23,906000,-9450,31-JAN-2024,
OPTIDX,NIFTY,29-Feb-2024,21250,PE,231,252.95,168.45,175.05,175.05,2597,27849.42,93300,-5100,31-JAN-2024,
OPTIDX,NIFTY,29-Feb-2024,21300,PE,268.65,270.9,181.8,187.6,187.6,15297,164492.59,1095150,29600,31-JAN-2024,
OPTIDX,NIFTY,29-Feb-2024,21350,PE,288.7,288.7,194.8,201.35,201.35,2784,30029.45,59900,-1550,31-JAN-2024,
OPTIDX,NIFTY,29-Feb-2024,21400,PE,300,307,207.25,215.3,215.3,22491,243366.11,669650,57500,31-JAN-2024,
OPTIDX,NIFTY,29-Feb-2024,21450,PE,319.05,327.8,223.8,231.7,231.7,3161,34317.58,58550,-5000,31-JAN-2024,
OPTIDX,NIFTY,29-Feb-2024,21500,PE,331.1,350,238.15,247.35,247.35,75929,826614.52,2287900,-52200,31-JAN-2024,
OPTIDX,NIFTY,29-Feb-2024,21550,PE,363.1,372.2,255.7,266.4,266.4,2705,29549.17,48450,-2200,31-JAN-2024,
OPTIDX,NIFTY,29-Feb-2024,21600,PE,386.05,396.2,273,285,285,39923,437435.09,782700,-62050,31-JAN-2024,
OPTIDX,NIFTY,29-Feb-2024,21650,PE,413.55,419.45,291.85,304.45,304.45,5610,61642.27,84000,-6150,31-JAN-2024,
OPTIDX,NIFTY,29-Feb-2024,21700,PE,428,446.5,311.8,325.6,325.6,46243,509783.99,1005900,-97950,31-JAN-2024,
OPTIDX,NIFTY,29-Feb-2024,21750,PE,462.1,471.9,331.5,345.45,345.45,4068,44991.61,82150,22700,31-JAN-2024,
OPTIDX,NIFTY,29-Feb-2024,21800,PE,492.8,502.9,354.5,370.15,370.15,28573,316985.19,702300,80650,31-JAN-2024,
OPTIDX,NIFTY,29-Feb-2024,21850,PE,516.35,519,376.2,391.65,391.65,1532,17058.53,50850,5000,31-JAN-2024,
OPTIDX,NIFTY,29-Feb-2024,21900,PE,550.15,558.9,401.45,420.4,420.4,9551,106677.3,475350,117550,31-JAN-2024,
OPTIDX,NIFTY,29-Feb-2024,21950,PE,574.9,584.85,429.55,443.45,443.45,727,8152.83,16200,6550,31-JAN-2024,
OPTIDX,NIFTY,29-Feb-2024,22000,PE,610.05,622.95,453.2,471.3,471.3,18777,211272.34,1310450,66050,31-JAN-2024,
OPTIDX,NIFTY,29-Feb-2024,22050,PE,643.95,643.95,483.65,494.3,494.3,324,3655.49,14650,-700,31-JAN-2024,
OPTIDX,NIFTY,29-Feb-2024,22100,PE,678.05,686.95,510.9,527.85,527.85,1550,17564.57,80350,3250,31-JAN-2024,
OPTIDX,NIFTY,29-Feb-2024,22150,PE,640,640,545.2,564,564,36,409.11,12950,50,31-JAN-2024,
OPTIDX,NIFTY,29-Feb-2024,22200,PE,747.45,754.5,569.85,586.15,586.15,1050,11985.2,101250,-750,31-JAN-2024,
OPTIDX,NIFTY,29-Feb-2024,22250,PE,710,710,609,613,613,44,503.71,35300,200,31-JAN-2024,
OPTIDX,NIFTY,29-Feb-2024,22300,PE,809.45,816,633.5,655.3,655.3,422,4849.82,66600,-3100,31-JAN-2024,
OPTIDX,NIFTY,29-Feb-2024,22350,PE,0,0,0,826.7,626.85,0,0,14000,0,31-JAN-2024,
OPTIDX,NIFTY,29-Feb-2024,22400,PE,891.6,891.6,701.25,720.35,720.35,264,3057.23,111400,350,31-JAN-2024,
OPTIDX,NIFTY,29-Feb-2024,22450,PE,0,0,0,893.1,703.05,0,0,18250,0,31-JAN-2024,
OPTIDX,NIFTY,29-Feb-2024,22500,PE,992.95,993,776,802.5,802.5,2760,32253.58,449900,-4200,31-JAN-2024,
OPTIDX,NIFTY,29-Feb-2024,22550,PE,0,0,0,971.8,782.9,0,0,10600,0,31-JAN-2024,
OPTIDX,NIFTY,29-Feb-2024,22600,PE,1065,1087.65,860,883.6,883.6,17,199.94,10450,250,31-JAN-2024,
OPTIDX,NIFTY,29-Feb-2024,22650,PE,963.25,963.25,963.25,963.25,866,1,11.8,5200,50,31-JAN-2024,
OPTIDX,NIFTY,29-Feb-2024,22700,PE,1036.65,1036.65,950,968.15,968.15,16,189.45,15650,300,31-JAN-2024,
OPTIDX,NIFTY,29-Feb-2024,22750,PE,0,0,0,1004.25,952,0,0,7450,0,31-JAN-2024,
OPTIDX,NIFTY,29-Feb-2024,22800,PE,1047.6,1047.6,1047.6,1047.6,995.95,1,11.92,10700,-50,31-JAN-2024,
OPTIDX,NIFTY,29-Feb-2024,22850,PE,0,0,0,1047.45,1040.5,0,0,3300,0,31-JAN-2024,
OPTIDX,NIFTY,29-Feb-2024,22900,PE,1148.7,1148.7,1148.7,1148.7,1085.55,1,12.02,6750,0,31-JAN-2024,
OPTIDX,NIFTY,29-Feb-2024,22950,PE,1361.95,1361.95,1169.8,1177.85,1177.85,6,72.56,1250,-100,31-JAN-2024,
OPTIDX,NIFTY,29-Feb-2024,23000,PE,1430,1439,1195,1225.15,1225.15,687,8342.9,667850,-1600,31-JAN-2024,
OPTIDX,NIFTY,29-Feb-2024,23050,PE,1460.8,1460.8,1460.8,1460.8,1223.5,1,12.25,850,0,31-JAN-2024,
OPTIDX,NIFTY,29-Feb-2024,23100,PE,1452.15,1452.15,1452.15,1452.15,1270.3,1,12.27,3500,0,31-JAN-2024,
OPTIDX,NIFTY,29-Feb-2024,23150,PE,1534.4,1534.4,1534.4,1534.4,1317.45,1,12.34,250,-50,31-JAN-2024,
OPTIDX,NIFTY,29-Feb-2024,23200,PE,1590.65,1590.65,1383.6,1398,1398,37,456.15,5100,350,31-JAN-2024,
OPTIDX,NIFTY,29-Feb-2024,23250,PE,1629.8,1629.8,1629.8,1629.8,1412.6,1,12.43,300,0,31-JAN-2024,
OPTIDX,NIFTY,29-Feb-2024,23300,PE,1612.05,1612.05,1500,1500,1460.55,5,62.17,5500,0,31-JAN-2024,
OPTIDX,NIFTY,29-Feb-2024,23350,PE,1742.55,1742.55,1496.75,1496.75,1496.75,5,62.48,200,150,31-JAN-2024,
OPTIDX,NIFTY,29-Feb-2024,23400,PE,1792.45,1792.45,1579.45,1589.35,1589.35,20,250.64,1600,800,31-JAN-2024,
OPTIDX,NIFTY,29-Feb-2024,23450,PE,0,0,0,2407.4,1605.7,0,0,0,0,31-JAN-2024,
OPTIDX,NIFTY,29-Feb-2024,23500,PE,1901.65,1910.55,1663.95,1697.1,1697.1,136,1716.56,88400,2050,31-JAN-2024,
OPTIDX,NIFTY,29-Feb-2024,23550,PE,0,0,0,2500.05,1703.25,0,0,0,0,31-JAN-2024,
OPTIDX,NIFTY,29-Feb-2024,23600,PE,1997,1997,1778.85,1778.85,1778.85,12,152.87,500,500,31-JAN-2024,
OPTIDX,NIFTY,29-Feb-2024,23650,PE,2039.35,2039.35,1827.65,1827.65,1827.65,10,127.84,400,400,31-JAN-2024,
OPTIDX,NIFTY,29-Feb-2024,23700,PE,2086.4,2086.45,1876.25,1876.25,1876.25,12,154.03,1200,450,31-JAN-2024,
OPTIDX,NIFTY,29-Feb-2024,23750,PE,2133.4,2155.85,1910,1939.15,1939.15,29,372.81,1400,1200,31-JAN-2024,
OPTIDX,NIFTY,29-Feb-2024,23800,PE,2186.05,2186.05,1960.95,1998.1,1949.1,13,167.86,1950,350,31-JAN-2024,
OPTIDX,NIFTY,29-Feb-2024,23850,PE,2213.8,2213.8,2014.3,2014.3,2014.3,15,194.5,1550,750,31-JAN-2024,
OPTIDX,NIFTY,28-Mar-2024,14000,CE,7700,7730,7700,7724.85,7724.85,3,32.57,322200,50,31-JAN-2024,
OPTIDX,NIFTY,28-Mar-2024,15000,CE,6825,6834.55,6814.45,6834.55,6883,5,54.56,25500,-250,31-JAN-2024,
OPTIDX,NIFTY,28-Mar-2024,16000,CE,5715,5845,5690,5805,5893.45,13,141.55,41900,-650,31-JAN-2024,
OPTIDX,NIFTY,28-Mar-2024,17000,CE,4689.15,4862.25,4689.15,4850,4850,8,87.28,140700,-100,31-JAN-2024,
OPTIDX,NIFTY,28-Mar-2024,18000,CE,3698,3900,3698,3870.45,3870.45,333,3637.67,634650,400,31-JAN-2024,
OPTIDX,NIFTY,28-Mar-2024,19000,CE,2737.65,2925,2713.4,2915,2915,48,524.87,470400,200,31-JAN-2024,
OPTIDX,NIFTY,28-Mar-2024,19500,CE,2240.3,2517.7,2240.3,2517.7,2517.7,5,54.62,1900,100,31-JAN-2024,
OPTIDX,NIFTY,28-Mar-2024,19550,CE,0,0,0,2607.5,2384.1,0,0,0,0,31-JAN-2024,
OPTIDX,NIFTY,28-Mar-2024,19600,CE,0,0,0,2560.8,2335.2,0,0,0,0,31-JAN-2024,
OPTIDX,NIFTY,28-Mar-2024,19650,CE,0,0,0,2514.3,2286.35,0,0,0,0,31-JAN-2024,
OPTIDX,NIFTY,28-Mar-2024,19700,CE,0,0,0,2467.95,2237.65,0,0,0,0,31-JAN-2024,
OPTIDX,NIFTY,28-Mar-2024,19750,CE,0,0,0,2421.85,2189,0,0,0,0,31-JAN-2024,
OPTIDX,NIFTY,28-Mar-2024,19800,CE,1981.2,1981.2,1950,1950,2140.45,18,195.79,950,900,31-JAN-2024,
OPTIDX,NIFTY,28-Mar-2024,19850,CE,0,0,0,2330.25,2092.05,0,0,0,0,31-JAN-2024,
OPTIDX,NIFTY,28-Mar-2024,19900,CE,0,0,0,2284.75,2043.75,0,0,0,0,31-JAN-2024,
OPTIDX,NIFTY,28-Mar-2024,19950,CE,0,0,0,2239.55,1995.65,0,0,0,0,31-JAN-2024,
OPTIDX,NIFTY,28-Mar-2024,20000,CE,1790.2,2000.3,1786.9,1980.5,1980.5,175,1916.2,467100,-3400,31-JAN-2024,
OPTIDX,NIFTY,28-Mar-2024,20050,CE,0,0,0,2149.85,1899.9,0,0,0,0,31-JAN-2024,
OPTIDX,NIFTY,28-Mar-2024,20100,CE,1700.35,1954.55,1700.35,1954.55,1954.55,4,43.85,100,100,31-JAN-2024,
OPTIDX,NIFTY,28-Mar-2024,20150,CE,0,0,0,2061.25,1804.9,0,0,0,0,31-JAN-2024,
OPTIDX,NIFTY,28-Mar-2024,20200,CE,1608.75,1864.15,1608.75,1864.15,1864.15,4,43.87,150,100,31-JAN-2024,
OPTIDX,NIFTY,28-Mar-2024,20250,CE,0,0,0,1355.8,1710.9,0,0,50,0,31-JAN-2024,
OPTIDX,NIFTY,28-Mar-2024,20300,CE,0,0,0,1552.4,1664.25,0,0,350,0,31-JAN-2024,
OPTIDX,NIFTY,28-Mar-2024,20350,CE,0,0,0,1339.55,1617.95,0,0,400,0,31-JAN-2024,
OPTIDX,NIFTY,28-Mar-2024,20400,CE,1447.9,1656.8,1447.9,1656.8,1656.8,4,43.9,300,100,31-JAN-2024,
OPTIDX,NIFTY,28-Mar-2024,20450,CE,0,0,0,1208.75,1526.3,0,0,100,0,31-JAN-2024,
OPTIDX,NIFTY,28-Mar-2024,20500,CE,1350.6,1550,1350.6,1526.9,1526.9,130,1429.67,61950,1950,31-JAN-2024,
OPTIDX,NIFTY,28-Mar-2024,20550,CE,1367.2,1367.2,1362.95,1362.95,1436.05,2,21.91,1100,100,31-JAN-2024,
OPTIDX,NIFTY,28-Mar-2024,20600,CE,1269.4,1350,1269.1,1350,1391.55,12,131.43,4050,250,31-JAN-2024,
OPTIDX,NIFTY,28-Mar-2024,20650,CE,0,0,0,1373.2,1347.5,0,0,500,0,31-JAN-2024,
OPTIDX,NIFTY,28-Mar-2024,20700,CE,1192.05,1378.7,1192.05,1377.25,1377.25,17,186.92,1350,650,31-JAN-2024,
OPTIDX,NIFTY,28-Mar-2024,20750,CE,0,0,0,1356.4,1260.75,0,0,800,0,31-JAN-2024,
OPTIDX,NIFTY,28-Mar-2024,20800,CE,1126.15,1167.15,1120.15,1167.15,1218.2,9,98.69,1700,0,31-JAN-2024,
OPTIDX,NIFTY,28-Mar-2024,20850,CE,0,0,0,1225.75,1176.1,0,0,250,0,31-JAN-2024,
OPTIDX,NIFTY,28-Mar-2024,20900,CE,0,0,0,1170.05,1134.65,0,0,1600,0,31-JAN-2024,
OPTIDX,NIFTY,28-Mar-2024,20950,CE,1143.1,1143.1,1143.1,1143.1,1093.75,1,11.04,250,50,31-JAN-2024,
OPTIDX,NIFTY,28-Mar-2024,21000,CE,998,1152.25,960,1126.25,1126.25,2440,26937.21,1212950,18300,31-JAN-2024,
OPTIDX,NIFTY,28-Mar-2024,21050,CE,939.9,939.9,932.3,932.3,1013.85,2,21.98,600,100,31-JAN-2024,
OPTIDX,NIFTY,28-Mar-2024,21100,CE,924.8,1067.4,924.8,1014,974.9,20,221.13,8250,-100,31-JAN-2024,
OPTIDX,NIFTY,28-Mar-2024,21150,CE,0,0,0,882.4,936.65,0,0,350,0,31-JAN-2024,
OPTIDX,NIFTY,28-Mar-2024,21200,CE,832.25,994.25,821.55,962.1,962.1,82,906.71,26950,1750,31-JAN-2024,
OPTIDX,NIFTY,28-Mar-2024,21250,CE,929.25,929.25,915.95,915.95,862.35,2,22.17,1450,0,31-JAN-2024,
OPTIDX,NIFTY,28-Mar-2024,21300,CE,773.95,918,755,902.9,902.9,113,1252.03,31200,500,31-JAN-2024,
OPTIDX,NIFTY,28-Mar-2024,21350,CE,751.55,867.75,751.55,867.75,791.05,12,132.82,2900,350,31-JAN-2024,
OPTIDX,NIFTY,28-Mar-2024,21400,CE,702.95,848,700,832.95,832.95,165,1832.18,35250,-1400,31-JAN-2024,
OPTIDX,NIFTY,28-Mar-2024,21450,CE,794.4,808.65,794.4,808.65,808.65,2,22.25,3800,100,31-JAN-2024,
OPTIDX,NIFTY,28-Mar-2024,21500,CE,640,788.65,630.15,768.35,768.35,2366,26310.71,164850,-6350,31-JAN-2024,
OPTIDX,NIFTY,28-Mar-2024,21550,CE,677,749.05,675,720.7,720.7,64,712.56,7750,1150,31-JAN-2024,
OPTIDX,NIFTY,28-Mar-2024,21600,CE,570.05,725,570.05,704.8,704.8,1059,11802.53,63650,-3400,31-JAN-2024,
OPTIDX,NIFTY,28-Mar-2024,21650,CE,560.85,687.85,560.05,658.4,597.05,139,1550.38,5850,2950,31-JAN-2024,
OPTIDX,NIFTY,28-Mar-2024,21700,CE,534.95,662.5,517.5,642.95,642.95,992,11068.65,45500,2950,31-JAN-2024,
OPTIDX,NIFTY,28-Mar-2024,21750,CE,497.75,642.85,497.75,624.7,624.7,102,1140.16,7550,1800,31-JAN-2024,
OPTIDX,NIFTY,28-Mar-2024,21800,CE,474,605.5,470,585.55,585.55,801,8959.57,60950,-100,31-JAN-2024,
OPTIDX,NIFTY,28-Mar-2024,21850,CE,513,569.9,504.95,568.95,568.95,29,324.83,1550,600,31-JAN-2024,
OPTIDX,NIFTY,28-Mar-2024,21900,CE,428.95,549.9,419.2,529.4,529.4,442,4953.09,68600,5600,31-JAN-2024,
OPTIDX,NIFTY,28-Mar-2024,21950,CE,383.75,517.15,383.75,502.6,502.6,46,515.98,3100,250,31-JAN-2024,
OPTIDX,NIFTY,28-Mar-2024,22000,CE,384.15,495.95,374.75,481.45,481.45,8250,92631.15,1023100,-36400,31-JAN-2024,
OPTIDX,NIFTY,28-Mar-2024,22050,CE,368.55,457.45,368.55,457.45,457.45,7,78.58,11550,-150,31-JAN-2024,
OPTIDX,NIFTY,28-Mar-2024,22100,CE,319.6,448,319.6,433.1,433.1,465,5233.6,51450,5950,31-JAN-2024,
OPTIDX,NIFTY,28-Mar-2024,22150,CE,344.95,413.05,340.6,413.05,413.05,30,338.03,6400,-250,31-JAN-2024,
OPTIDX,NIFTY,28-Mar-2024,22200,CE,304.45,396,295,382,382,1082,12202.48,96450,-550,31-JAN-2024,
OPTIDX,NIFTY,28-Mar-2024,22250,CE,267.75,374.5,267.75,374.5,374.5,26,293.57,3450,350,31-JAN-2024,
OPTIDX,NIFTY,28-Mar-2024,22300,CE,265.85,352.05,263.8,340.1,340.1,491,5551.27,53450,-3050,31-JAN-2024,
OPTIDX,NIFTY,28-Mar-2024,22350,CE,233.8,332.2,233.8,323.55,323.55,69,780.86,3100,150,31-JAN-2024,
OPTIDX,NIFTY,28-Mar-2024,22400,CE,233.95,315,233.95,305.85,305.85,394,4468.72,37800,4450,31-JAN-2024,
OPTIDX,NIFTY,28-Mar-2024,22450,CE,234.3,297.15,228.3,288.8,288.8,137,1557.26,5150,450,31-JAN-2024,
OPTIDX,NIFTY,28-Mar-2024,22500,CE,205,279,202,267.55,267.55,6716,76395.8,409200,83650,31-JAN-2024,
OPTIDX,NIFTY,28-Mar-2024,22550,CE,200.3,262.45,200.3,254.75,254.75,250,2850.1,14450,8250,31-JAN-2024,
OPTIDX,NIFTY,28-Mar-2024,22600,CE,186.45,241.85,174.95,233.9,233.9,327,3729.86,28050,450,31-JAN-2024,
OPTIDX,NIFTY,28-Mar-2024,22650,CE,164.95,226,163.8,225.2,225.2,180,2056.05,4350,1600,31-JAN-2024,
OPTIDX,NIFTY,28-Mar-2024,22700,CE,150.1,210.55,150.1,203.85,203.85,1148,13140.24,63700,-3400,31-JAN-2024,
OPTIDX,NIFTY,28-Mar-2024,22750,CE,159.05,196.95,154.35,190.9,190.9,221,2533.34,9000,2650,31-JAN-2024,
OPTIDX,NIFTY,28-Mar-2024,22800,CE,131.95,182.6,130.75,176.4,176.4,2878,33026.58,130950,51150,31-JAN-2024,
OPTIDX,NIFTY,28-Mar-2024,22850,CE,126.25,168,123.55,164.25,164.25,243,2794.77,7500,2000,31-JAN-2024,
OPTIDX,NIFTY,28-Mar-2024,22900,CE,117.95,156.05,117.95,152.85,152.85,365,4204.82,41500,4750,31-JAN-2024,
OPTIDX,NIFTY,28-Mar-2024,22950,CE,109,149.35,109,145.1,145.1,1165,13449.78,36200,33050,31-JAN-2024,
OPTIDX,NIFTY,28-Mar-2024,23000,CE,108.45,141.05,100,136.05,136.05,11181,129266.42,863900,-21850,31-JAN-2024,
OPTIDX,NIFTY,28-Mar-2024,23050,CE,101,131,97.5,128.85,128.85,214,2478.56,2450,400,31-JAN-2024,
OPTIDX,NIFTY,28-Mar-2024,23100,CE,94,119.6,90.1,117.75,117.75,167,1937.72,19050,1300,31-JAN-2024,
OPTIDX,NIFTY,28-Mar-2024,23150,CE,89.45,112.25,87.85,107.4,107.4,68,790.52,1850,350,31-JAN-2024,
OPTIDX,NIFTY,28-Mar-2024,23200,CE,78.85,105.4,78.85,101,101,450,5241.08,21600,1900,31-JAN-2024,
OPTIDX,NIFTY,28-Mar-2024,23250,CE,80.3,98.5,76.95,95.3,95.3,65,758.37,2550,1000,31-JAN-2024,
OPTIDX,NIFTY,28-Mar-2024,23300,CE,71.65,92,70,88.1,88.1,282,3296.68,32150,2100,31-JAN-2024,
OPTIDX,NIFTY,28-Mar-2024,23350,CE,64.7,84.75,64.7,81.75,81.75,54,632.47,1450,50,31-JAN-2024,
OPTIDX,NIFTY,28-Mar-2024,23400,CE,65.45,80,61.75,77.35,77.35,113,1326.03,16550,450,31-JAN-2024,
OPTIDX,NIFTY,28-Mar-2024,23450,CE,59.9,72.35,57.45,70.8,70.8,67,787.74,2900,800,31-JAN-2024,
OPTIDX,NIFTY,28-Mar-2024,23500,CE,55,68.3,52,66.05,66.05,4052,47733.96,194800,14800,31-JAN-2024,
OPTIDX,NIFTY,28-Mar-2024,23550,CE,53.7,63.1,52.4,61.75,61.75,39,460.37,1950,400,31-JAN-2024,
OPTIDX,NIFTY,28-Mar-2024,23600,CE,49,60,44,58.05,58.05,148,1750.46,9350,2600,31-JAN-2024,
OPTIDX,NIFTY,28-Mar-2024,23650,CE,44.45,56.65,42.5,54.4,54.4,76,900.68,5650,1300,31-JAN-2024,
OPTIDX,NIFTY,28-Mar-2024,23700,CE,40.85,52.55,40.85,51.55,51.55,92,1092.41,5500,1700,31-JAN-2024,
OPTIDX,NIFTY,28-Mar-2024,23750,CE,45,49.7,43.75,46.95,46.95,24,285.55,1650,50,31-JAN-2024,
OPTIDX,NIFTY,28-Mar-2024,23800,CE,36.3,46.9,36.3,45.1,45.1,112,1335.21,11050,1600,31-JAN-2024,
OPTIDX,NIFTY,28-Mar-2024,23850,CE,36.45,44.1,31.55,42.65,42.65,184,2197.87,10250,350,31-JAN-2024,
OPTIDX,NIFTY,28-Mar-2024,24000,CE,29.5,35.8,27.1,34.55,34.55,3789,45529.96,771700,25500,31-JAN-2024,
OPTIDX,NIFTY,28-Mar-2024,25000,CE,14.45,16.3,13.4,15.95,15.95,618,7729.72,366250,2200,31-JAN-2024,
OPTIDX,NIFTY,28-Mar-2024,26000,CE,9.65,11,8.6,10.35,10.35,105,1365.51,147750,1100,31-JAN-2024,
OPTIDX,NIFTY,28-Mar-2024,27000,CE,6.3,9.8,6.3,7.75,7.75,168,2268.63,16850,2600,31-JAN-2024,
OPTIDX,NIFTY,28-Mar-2024,14000,PE,4.1,4.5,3.7,4,4,73,511.14,132550,-2000,31-JAN-2024,
OPTIDX,NIFTY,28-Mar-2024,15000,PE,6.45,6.7,5.2,6,6,13,97.53,8400,-350,31-JAN-2024,
OPTIDX,NIFTY,28-Mar-2024,16000,PE,0,0,0,3.05,0.05,0,0,179350,0,31-JAN-2024,
OPTIDX,NIFTY,28-Mar-2024,17000,PE,10.6,11.7,9.2,11.35,11.35,395,3359.54,332700,-3750,31-JAN-2024,
OPTIDX,NIFTY,28-Mar-2024,18000,PE,15.35,15.75,14.25,15.05,15.05,1070,9638,897950,-3850,31-JAN-2024,
OPTIDX,NIFTY,28-Mar-2024,19000,PE,26.95,27.45,22,22.85,22.85,1367,13002.45,1324500,7950,31-JAN-2024,
OPTIDX,NIFTY,28-Mar-2024,19500,PE,44.95,44.95,31,32.8,32.8,2490,24321.46,88800,45900,31-JAN-2024,
OPTIDX,NIFTY,28-Mar-2024,19550,PE,0,0,0,44.35,3.45,0,0,1150,0,31-JAN-2024,
OPTIDX,NIFTY,28-Mar-2024,19600,PE,44.25,44.25,33.6,36,36,471,4624.78,22300,5700,31-JAN-2024,
OPTIDX,NIFTY,28-Mar-2024,19650,PE,0,0,0,60,4.65,0,0,1350,0,31-JAN-2024,
OPTIDX,NIFTY,28-Mar-2024,19700,PE,51,52.25,38,39.35,39.35,1772,17494.38,83650,10500,31-JAN-2024,
OPTIDX,NIFTY,28-Mar-2024,19750,PE,0,0,0,51,6.2,0,0,750,0,31-JAN-2024,
OPTIDX,NIFTY,28-Mar-2024,19800,PE,58.75,58.8,42.75,45.2,45.2,686,6807.96,143450,6600,31-JAN-2024,
OPTIDX,NIFTY,28-Mar-2024,19850,PE,0,0,0,66.85,8.2,0,0,200,0,31-JAN-2024,
OPTIDX,NIFTY,28-Mar-2024,19900,PE,65.5,65.8,49,52.35,52.35,548,5467.39,152650,8100,31-JAN-2024,
OPTIDX,NIFTY,28-Mar-2024,19950,PE,0,0,0,52,10.75,0,0,0,0,31-JAN-2024,
OPTIDX,NIFTY,28-Mar-2024,20000,PE,67.65,80.05,58.95,62.1,62.1,10608,106425.15,2345200,80850,31-JAN-2024,
OPTIDX,NIFTY,28-Mar-2024,20050,PE,0,0,0,60.5,13.95,0,0,0,0,31-JAN-2024,
OPTIDX,NIFTY,28-Mar-2024,20100,PE,84.3,85.1,63.5,66.85,66.85,417,4205.19,161800,7200,31-JAN-2024,
OPTIDX,NIFTY,28-Mar-2024,20150,PE,89.25,89.25,67.05,68.95,68.95,62,627.02,2650,600,31-JAN-2024,
OPTIDX,NIFTY,28-Mar-2024,20200,PE,93.4,95.1,69.9,73.2,73.2,1133,11487.44,241150,7600,31-JAN-2024,
OPTIDX,NIFTY,28-Mar-2024,20250,PE,0,0,0,51.1,22.85,0,0,100,0,31-JAN-2024,
OPTIDX,NIFTY,28-Mar-2024,20300,PE,53.15,90.8,53.1,83,83,279,2843.86,7500,7450,31-JAN-2024,
OPTIDX,NIFTY,28-Mar-2024,20350,PE,106.9,106.9,86,87.2,87.2,81,828.01,4500,600,31-JAN-2024,
OPTIDX,NIFTY,28-Mar-2024,20400,PE,120.05,121.5,91.4,94.4,94.4,759,7780.35,190450,6500,31-JAN-2024,
OPTIDX,NIFTY,28-Mar-2024,20450,PE,0,0,0,104,36.15,0,0,1150,0,31-JAN-2024,
OPTIDX,NIFTY,28-Mar-2024,20500,PE,150.05,150.05,107,110.85,110.85,3605,37164.64,752050,5450,31-JAN-2024,
OPTIDX,NIFTY,28-Mar-2024,20550,PE,130.75,130.75,112.55,120.45,44.9,90,930.03,2200,-750,31-JAN-2024,
OPTIDX,NIFTY,28-Mar-2024,20600,PE,155.4,155.5,118,121.95,121.95,414,4290.9,150750,2350,31-JAN-2024,
OPTIDX,NIFTY,28-Mar-2024,20650,PE,143.4,148.55,124.95,134.75,55.25,72,748.15,7750,1800,31-JAN-2024,
OPTIDX,NIFTY,28-Mar-2024,20700,PE,172.3,175.8,130.55,135.4,135.4,986,10274.79,142000,6300,31-JAN-2024,
OPTIDX,NIFTY,28-Mar-2024,20750,PE,166,166.5,140.1,144.2,144.2,97,1013.67,11550,1800,31-JAN-2024,
OPTIDX,NIFTY,28-Mar-2024,20800,PE,194.4,197.65,148,152.9,152.9,715,7494.55,138550,5450,31-JAN-2024,
OPTIDX,NIFTY,28-Mar-2024,20850,PE,184.7,184.7,158.6,163.5,163.5,71,746.18,5200,1100,31-JAN-2024,
OPTIDX,NIFTY,28-Mar-2024,20900,PE,218,220.2,168,173.3,173.3,442,4659.67,88550,900,31-JAN-2024,
OPTIDX,NIFTY,28-Mar-2024,20950,PE,228,228,180,185.8,185.8,80,845.64,9100,1650,31-JAN-2024,
OPTIDX,NIFTY,28-Mar-2024,21000,PE,233.05,248.4,190.5,197.5,197.5,9788,103788.29,2058550,51150,31-JAN-2024,
OPTIDX,NIFTY,28-Mar-2024,21050,PE,250.05,256.9,199.4,211.4,117.45,69,733.63,9000,-100,31-JAN-2024,
OPTIDX,NIFTY,28-Mar-2024,21100,PE,265.25,272.45,209.65,217.3,217.3,602,6419.46,58500,-250,31-JAN-2024,
OPTIDX,NIFTY,28-Mar-2024,21150,PE,283,283,226.45,235.8,139.2,49,524.14,2950,-500,31-JAN-2024,
OPTIDX,NIFTY,28-Mar-2024,21200,PE,299.7,302.85,233.95,242.65,242.65,1383,14835.58,50500,-11950,31-JAN-2024,
OPTIDX,NIFTY,28-Mar-2024,21250,PE,289.4,289.4,248.95,254.1,254.1,63,677.64,4050,0,31-JAN-2024,
OPTIDX,NIFTY,28-Mar-2024,21300,PE,337.95,338,259.1,272.6,272.6,1698,18320.63,60650,-6100,31-JAN-2024,
OPTIDX,NIFTY,28-Mar-2024,21350,PE,335.05,335.05,275.25,284.3,284.3,118,1276.99,20550,0,31-JAN-2024,
OPTIDX,NIFTY,28-Mar-2024,21400,PE,364.5,370.95,288.6,296.8,296.8,836,9075.88,66400,2100,31-JAN-2024,
OPTIDX,NIFTY,28-Mar-2024,21450,PE,363,363,305.05,313.5,313.5,148,1611.06,7050,400,31-JAN-2024,
OPTIDX,NIFTY,28-Mar-2024,21500,PE,405,411.6,316.2,328.5,328.5,19317,210916.68,750850,142000,31-JAN-2024,
OPTIDX,NIFTY,28-Mar-2024,21550,PE,404.8,404.8,334.95,347.45,347.45,199,2179.28,6200,400,31-JAN-2024,
OPTIDX,NIFTY,28-Mar-2024,21600,PE,439.55,447.25,354,365.25,365.25,1188,13055.6,48100,4350,31-JAN-2024,
OPTIDX,NIFTY,28-Mar-2024,21650,PE,464.95,473.9,375.05,382.6,382.6,183,2017.9,4450,-1650,31-JAN-2024,
OPTIDX,NIFTY,28-Mar-2024,21700,PE,484.55,494.15,392.1,404.1,404.1,2079,22997.22,62950,5200,31-JAN-2024,
OPTIDX,NIFTY,28-Mar-2024,21750,PE,498.75,502.55,413,424.9,424.9,142,1574.9,6750,950,31-JAN-2024,
OPTIDX,NIFTY,28-Mar-2024,21800,PE,530.15,541,431.2,443,443,636,7079.11,53850,1100,31-JAN-2024,
OPTIDX,NIFTY,28-Mar-2024,21850,PE,548.95,548.95,468,468,468,20,223.54,2650,-350,31-JAN-2024,
OPTIDX,NIFTY,28-Mar-2024,21900,PE,585.05,587.4,472.25,485.9,485.9,318,3562.57,52400,4150,31-JAN-2024,
OPTIDX,NIFTY,28-Mar-2024,21950,PE,560,560,504,504,504,7,78.64,2150,150,31-JAN-2024,
OPTIDX,NIFTY,28-Mar-2024,22000,PE,639.95,646,520.05,533.65,533.65,8534,96255.35,898200,20750,31-JAN-2024,
OPTIDX,NIFTY,28-Mar-2024,22050,PE,568,568,565.95,565.95,480.85,2,22.61,1000,-50,31-JAN-2024,
OPTIDX,NIFTY,28-Mar-2024,22100,PE,684.95,684.95,569,580.5,580.5,133,1509.33,20500,-1850,31-JAN-2024,
OPTIDX,NIFTY,28-Mar-2024,22150,PE,0,0,0,788.45,536.45,0,0,700,0,31-JAN-2024,
OPTIDX,NIFTY,28-Mar-2024,22200,PE,736,736,616.9,630.85,630.85,194,2215.79,30200,-2000,31-JAN-2024,
OPTIDX,NIFTY,28-Mar-2024,22250,PE,0,0,0,603.45,595.6,0,0,350,0,31-JAN-2024,
OPTIDX,NIFTY,28-Mar-2024,22300,PE,815.95,815.95,679.9,694,694,65,747.5,8650,450,31-JAN-2024,
OPTIDX,NIFTY,28-Mar-2024,22350,PE,0,0,0,743.95,658.1,0,0,1300,0,31-JAN-2024,
OPTIDX,NIFTY,28-Mar-2024,22400,PE,882.4,882.7,735,762.05,690.6,16,185.55,4200,200,31-JAN-2024,
OPTIDX,NIFTY,28-Mar-2024,22450,PE,0,0,0,750.15,723.95,0,0,300,0,31-JAN-2024,
OPTIDX,NIFTY,28-Mar-2024,22500,PE,921,958.95,792,809.05,809.05,727,8482.42,102050,3200,31-JAN-2024,
OPTIDX,NIFTY,28-Mar-2024,22550,PE,829,829,829,829,829,1,11.68,1100,0,31-JAN-2024,
OPTIDX,NIFTY,28-Mar-2024,22600,PE,1015.1,1015.1,862,894.05,828.55,10,117.68,2250,150,31-JAN-2024,
OPTIDX,NIFTY,28-Mar-2024,22650,PE,1054.25,1054.25,892.7,892.7,864.9,9,106.41,2800,50,31-JAN-2024,
OPTIDX,NIFTY,28-Mar-2024,22700,PE,1070,1070,938.75,950.5,950.5,9,106.48,4600,250,31-JAN-2024,
OPTIDX,NIFTY,28-Mar-2024,22750,PE,1116.75,1116.75,1116.75,1116.75,939.7,1,11.93,650,50,31-JAN-2024,
OPTIDX,NIFTY,28-Mar-2024,22800,PE,0,0,0,1013.65,978.1,0,0,1800,0,31-JAN-2024,
OPTIDX,NIFTY,28-Mar-2024,22850,PE,1209.4,1209.4,1053.45,1053.45,1017.15,7,83.92,1450,150,31-JAN-2024,
OPTIDX,NIFTY,28-Mar-2024,22900,PE,0,0,0,1050,1056.8,0,0,2350,0,31-JAN-2024,
OPTIDX,NIFTY,28-Mar-2024,22950,PE,0,0,0,1250.7,1097.1,0,0,750,0,31-JAN-2024,
OPTIDX,NIFTY,28-Mar-2024,23000,PE,1308.75,1343,1148,1180.65,1180.65,598,7234.22,182250,800,31-JAN-2024,
OPTIDX,NIFTY,28-Mar-2024,23050,PE,1356.7,1356.7,1356.7,1356.7,1179.3,1,12.2,1050,50,31-JAN-2024,
OPTIDX,NIFTY,28-Mar-2024,23100,PE,1378.55,1378.55,1363.75,1363.75,1221.2,2,24.47,400,100,31-JAN-2024,
OPTIDX,NIFTY,28-Mar-2024,23150,PE,0,0,0,1249.2,1263.55,0,0,500,0,31-JAN-2024,
OPTIDX,NIFTY,28-Mar-2024,23200,PE,1400,1400,1335,1335,1306.45,5,61.39,650,250,31-JAN-2024,
OPTIDX,NIFTY,28-Mar-2024,23250,PE,1398.8,1398.8,1398.8,1398.8,1349.75,1,12.32,150,50,31-JAN-2024,
OPTIDX,NIFTY,28-Mar-2024,23300,PE,0,0,0,1345.5,1393.5,0,0,500,0,31-JAN-2024,
OPTIDX,NIFTY,28-Mar-2024,23350,PE,0,0,0,1388.8,1437.65,0,0,0,0,31-JAN-2024,
OPTIDX,NIFTY,28-Mar-2024,23400,PE,0,0,0,1425.9,1482.15,0,0,0,0,31-JAN-2024,
OPTIDX,NIFTY,28-Mar-2024,23450,PE,0,0,0,1566.25,1527.05,0,0,0,0,31-JAN-2024,
OPTIDX,NIFTY,28-Mar-2024,23500,PE,0,0,0,1530.2,1572.3,0,0,1350,0,31-JAN-2024,
OPTIDX,NIFTY,28-Mar-2024,23550,PE,0,0,0,1542.3,1617.85,0,0,0,0,31-JAN-2024,
OPTIDX,NIFTY,28-Mar-2024,23600,PE,0,0,0,1581.9,1663.7,0,0,0,0,31-JAN-2024,
OPTIDX,NIFTY,28-Mar-2024,23650,PE,0,0,0,1621.9,1709.85,0,0,0,0,31-JAN-2024,
OPTIDX,NIFTY,28-Mar-2024,23700,PE,0,0,0,1662.25,1756.25,0,0,0,0,31-JAN-2024,
OPTIDX,NIFTY,28-Mar-2024,23750,PE,0,0,0,1702.95,1802.9,0,0,0,0,31-JAN-2024,
OPTIDX,NIFTY,28-Mar-2024,23800,PE,0,0,0,1744.05,1849.8,0,0,0,0,31-JAN-2024,
OPTIDX,NIFTY,28-Mar-2024,23850,PE,0,0,0,1785.45,1896.9,0,0,0,0,31-JAN-2024,
OPTIDX,NIFTY,28-Mar-2024,24000,PE,2150,2160,2020,2036.8,2036.8,81,1056.56,245550,450,31-JAN-2024,
OPTIDX,NIFTY,28-Mar-2024,25000,PE,3100,3110,2995,3001.85,3001.85,55,770.77,424100,1200,31-JAN-2024,
OPTIDX,NIFTY,28-Mar-2024,26000,PE,4050,4050,4000,4015,4015,24,360.22,11000,-1150,31-JAN-2024,
OPTIDX,NIFTY,28-Mar-2024,27000,PE,4981.15,4999,4940.95,4940.95,4940.95,4,63.93,650,200,31-JAN-2024,
OPTIDX,NIFTY,25-Apr-2024,19600,CE,0,0,0,2149.7,2443.45,0,0,0,0,31-JAN-2024,
OPTIDX,NIFTY,25-Apr-2024,19650,CE,0,0,0,2104.85,2395.65,0,0,0,0,31-JAN-2024,
OPTIDX,NIFTY,25-Apr-2024,19700,CE,0,0,0,2060.25,2347.95,0,0,0,0,31-JAN-2024,
OPTIDX,NIFTY,25-Apr-2024,19750,CE,0,0,0,2016,2300.45,0,0,0,0,31-JAN-2024,
OPTIDX,NIFTY,25-Apr-2024,19800,CE,0,0,0,1972,2253.1,0,0,0,0,31-JAN-2024,
OPTIDX,NIFTY,25-Apr-2024,19850,CE,0,0,0,1928.35,2205.95,0,0,0,0,31-JAN-2024,
OPTIDX,NIFTY,25-Apr-2024,19900,CE,0,0,0,1885,2158.95,0,0,0,0,31-JAN-2024,
OPTIDX,NIFTY,25-Apr-2024,19950,CE,0,0,0,1842,2112.15,0,0,0,0,31-JAN-2024,
OPTIDX,NIFTY,25-Apr-2024,20000,CE,0,0,0,1799.35,2065.6,0,0,0,0,31-JAN-2024,
OPTIDX,NIFTY,25-Apr-2024,20050,CE,0,0,0,1757.1,2019.25,0,0,0,0,31-JAN-2024,
OPTIDX,NIFTY,25-Apr-2024,20100,CE,0,0,0,1715.15,1973.15,0,0,0,0,31-JAN-2024,
OPTIDX,NIFTY,25-Apr-2024,20150,CE,0,0,0,1673.65,1927.3,0,0,0,0,31-JAN-2024,
OPTIDX,NIFTY,25-Apr-2024,20200,CE,0,0,0,1632.55,1881.75,0,0,0,0,31-JAN-2024,
OPTIDX,NIFTY,25-Apr-2024,20250,CE,0,0,0,1591.85,1836.5,0,0,0,0,31-JAN-2024,
OPTIDX,NIFTY,25-Apr-2024,20300,CE,0,0,0,1551.6,1791.5,0,0,0,0,31-JAN-2024,
OPTIDX,NIFTY,25-Apr-2024,20350,CE,0,0,0,1511.75,1746.85,0,0,0,0,31-JAN-2024,
OPTIDX,NIFTY,25-Apr-2024,20400,CE,0,0,0,1472.35,1702.55,0,0,0,0,31-JAN-2024,
OPTIDX,NIFTY,25-Apr-2024,20450,CE,0,0,0,1433.45,1658.6,0,0,0,0,31-JAN-2024,
OPTIDX,NIFTY,25-Apr-2024,20500,CE,0,0,0,1395,1615,0,0,0,0,31-JAN-2024,
OPTIDX,NIFTY,25-Apr-2024,20550,CE,0,0,0,1357.05,1571.85,0,0,0,0,31-JAN-2024,
OPTIDX,NIFTY,25-Apr-2024,20600,CE,0,0,0,1319.6,1529.05,0,0,0,0,31-JAN-2024,
OPTIDX,NIFTY,25-Apr-2024,20650,CE,0,0,0,1282.65,1486.7,0,0,0,0,31-JAN-2024,
OPTIDX,NIFTY,25-Apr-2024,20700,CE,0,0,0,1247,1444.8,0,0,0,0,31-JAN-2024,
OPTIDX,NIFTY,25-Apr-2024,20750,CE,0,0,0,1211,1403.35,0,0,0,0,31-JAN-2024,
OPTIDX,NIFTY,25-Apr-2024,20800,CE,0,0,0,1174.75,1362.35,0,0,0,0,31-JAN-2024,
OPTIDX,NIFTY,25-Apr-2024,20850,CE,0,0,0,1139.95,1321.9,0,0,0,0,31-JAN-2024,
OPTIDX,NIFTY,25-Apr-2024,20900,CE,0,0,0,1105.75,1281.95,0,0,0,0,31-JAN-2024,
OPTIDX,NIFTY,25-Apr-2024,20950,CE,0,0,0,1072.05,1242.55,0,0,0,0,31-JAN-2024,
OPTIDX,NIFTY,25-Apr-2024,21000,CE,1174.2,1310,1174.2,1296,1296,36,400.59,2900,50,31-JAN-2024,
OPTIDX,NIFTY,25-Apr-2024,21050,CE,0,0,0,1006.45,1165.35,0,0,0,0,31-JAN-2024,
OPTIDX,NIFTY,25-Apr-2024,21100,CE,0,0,0,974.55,1127.6,0,0,0,0,31-JAN-2024,
OPTIDX,NIFTY,25-Apr-2024,21150,CE,0,0,0,943.2,1090.45,0,0,0,0,31-JAN-2024,
OPTIDX,NIFTY,25-Apr-2024,21200,CE,0,0,0,912.45,1053.95,0,0,0,0,31-JAN-2024,
OPTIDX,NIFTY,25-Apr-2024,21250,CE,0,0,0,882.35,1018.05,0,0,0,0,31-JAN-2024,
OPTIDX,NIFTY,25-Apr-2024,21300,CE,0,0,0,852.8,982.75,0,0,0,0,31-JAN-2024,
OPTIDX,NIFTY,25-Apr-2024,21350,CE,0,0,0,823.9,948.15,0,0,0,0,31-JAN-2024,
OPTIDX,NIFTY,25-Apr-2024,21400,CE,0,0,0,795.6,914.2,0,0,0,0,31-JAN-2024,
OPTIDX,NIFTY,25-Apr-2024,21450,CE,0,0,0,767.95,880.9,0,0,0,0,31-JAN-2024,
OPTIDX,NIFTY,25-Apr-2024,21500,CE,829.2,966,820,955.35,955.35,88,986.23,5100,450,31-JAN-2024,
OPTIDX,NIFTY,25-Apr-2024,21550,CE,0,0,0,714.45,816.4,0,0,0,0,31-JAN-2024,
OPTIDX,NIFTY,25-Apr-2024,21600,CE,782.1,892.8,769.9,892.8,892.8,19,213.06,600,500,31-JAN-2024,
OPTIDX,NIFTY,25-Apr-2024,21650,CE,0,0,0,663.45,754.7,0,0,0,0,31-JAN-2024,
OPTIDX,NIFTY,25-Apr-2024,21700,CE,801,847.45,766.2,804.45,804.45,4,45,100,100,31-JAN-2024,
OPTIDX,NIFTY,25-Apr-2024,21750,CE,0,0,0,614.8,695.9,0,0,0,0,31-JAN-2024,
OPTIDX,NIFTY,25-Apr-2024,21800,CE,0,0,0,591.45,667.55,0,0,0,0,31-JAN-2024,
OPTIDX,NIFTY,25-Apr-2024,21850,CE,0,0,0,568.75,639.95,0,0,0,0,31-JAN-2024,
OPTIDX,NIFTY,25-Apr-2024,21900,CE,0,0,0,546.6,613.1,0,0,0,0,31-JAN-2024,
OPTIDX,NIFTY,25-Apr-2024,21950,CE,0,0,0,525.1,586.95,0,0,0,0,31-JAN-2024,
OPTIDX,NIFTY,25-Apr-2024,22000,CE,541,665.05,541,645.5,645.5,266,3008.59,19050,2300,31-JAN-2024,
OPTIDX,NIFTY,25-Apr-2024,22050,CE,441.9,441.9,441.9,441.9,536.9,2,22.49,100,100,31-JAN-2024,
OPTIDX,NIFTY,25-Apr-2024,22100,CE,619.2,619.2,619.2,619.2,619.2,1,11.35,50,50,31-JAN-2024,
OPTIDX,NIFTY,25-Apr-2024,22150,CE,0,0,0,445,489.75,0,0,0,0,31-JAN-2024,
OPTIDX,NIFTY,25-Apr-2024,22200,CE,0,0,0,426.45,467.25,0,0,0,0,31-JAN-2024,
OPTIDX,NIFTY,25-Apr-2024,22250,CE,0,0,0,408.45,445.5,0,0,0,0,31-JAN-2024,
OPTIDX,NIFTY,25-Apr-2024,22300,CE,450,450,450,450,424.45,1,11.37,100,50,31-JAN-2024,
OPTIDX,NIFTY,25-Apr-2024,22350,CE,0,0,0,374.2,404.1,0,0,0,0,31-JAN-2024,
OPTIDX,NIFTY,25-Apr-2024,22400,CE,0,0,0,357.85,384.45,0,0,0,0,31-JAN-2024,
OPTIDX,NIFTY,25-Apr-2024,22450,CE,0,0,0,342.1,365.5,0,0,0,0,31-JAN-2024,
OPTIDX,NIFTY,25-Apr-2024,22500,CE,351,423.7,344.2,407.8,407.8,147,1683.01,5850,200,31-JAN-2024,
OPTIDX,NIFTY,25-Apr-2024,22550,CE,0,0,0,312.15,329.65,0,0,0,0,31-JAN-2024,
OPTIDX,NIFTY,25-Apr-2024,22600,CE,0,0,0,297.95,312.75,0,0,0,0,31-JAN-2024,
OPTIDX,NIFTY,25-Apr-2024,22650,CE,0,0,0,284.25,296.5,0,0,0,0,31-JAN-2024,
OPTIDX,NIFTY,25-Apr-2024,22700,CE,0,0,0,271.05,280.85,0,0,0,0,31-JAN-2024,
OPTIDX,NIFTY,25-Apr-2024,22750,CE,0,0,0,258.3,265.85,0,0,0,0,31-JAN-2024,
OPTIDX,NIFTY,25-Apr-2024,22800,CE,310.45,323.6,305.4,314.5,314.5,3,34.66,100,100,31-JAN-2024,
OPTIDX,NIFTY,25-Apr-2024,22850,CE,0,0,0,235.4,237.7,0,0,0,0,31-JAN-2024,
OPTIDX,NIFTY,25-Apr-2024,22900,CE,0,0,0,223.25,224.55,0,0,0,0,31-JAN-2024,
OPTIDX,NIFTY,25-Apr-2024,22950,CE,0,0,0,212.35,211.95,0,0,0,0,31-JAN-2024,
OPTIDX,NIFTY,25-Apr-2024,23000,CE,181,247,181,238.75,238.75,264,3065.43,30150,2100,31-JAN-2024,
OPTIDX,NIFTY,25-Apr-2024,23050,CE,0,0,0,191.9,188.4,0,0,0,0,31-JAN-2024,
OPTIDX,NIFTY,25-Apr-2024,23100,CE,0,0,0,182.25,177.4,0,0,0,0,31-JAN-2024,
OPTIDX,NIFTY,25-Apr-2024,23150,CE,0,0,0,173.05,166.95,0,0,0,0,31-JAN-2024,
OPTIDX,NIFTY,25-Apr-2024,23200,CE,0,0,0,164.2,157,0,0,0,0,31-JAN-2024,
OPTIDX,NIFTY,25-Apr-2024,23250,CE,0,0,0,155.7,147.5,0,0,0,0,31-JAN-2024,
OPTIDX,NIFTY,25-Apr-2024,23300,CE,0,0,0,147.6,138.5,0,0,0,0,31-JAN-2024,
OPTIDX,NIFTY,25-Apr-2024,23350,CE,0,0,0,139.85,129.95,0,0,0,0,31-JAN-2024,
OPTIDX,NIFTY,25-Apr-2024,23400,CE,0,0,0,132.45,121.85,0,0,0,0,31-JAN-2024,
OPTIDX,NIFTY,25-Apr-2024,23450,CE,0,0,0,125.35,114.15,0,0,0,0,31-JAN-2024,
OPTIDX,NIFTY,25-Apr-2024,23500,CE,110.3,150,110,141.4,141.4,81,957.08,7550,2300,31-JAN-2024,
OPTIDX,NIFTY,25-Apr-2024,19600,PE,0,0,0,52.8,12.05,0,0,0,0,31-JAN-2024,
OPTIDX,NIFTY,25-Apr-2024,19650,PE,0,0,0,57.1,13.45,0,0,0,0,31-JAN-2024,
OPTIDX,NIFTY,25-Apr-2024,19700,PE,0,0,0,45,15.05,0,0,100,0,31-JAN-2024,
OPTIDX,NIFTY,25-Apr-2024,19750,PE,82,82,52,74,16.75,9,89.19,350,250,31-JAN-2024,
OPTIDX,NIFTY,25-Apr-2024,19800,PE,0,0,0,71.65,18.6,0,0,0,0,31-JAN-2024,
OPTIDX,NIFTY,25-Apr-2024,19850,PE,0,0,0,46,20.65,0,0,50,0,31-JAN-2024,
OPTIDX,NIFTY,25-Apr-2024,19900,PE,0,0,0,82.85,22.9,0,0,0,0,31-JAN-2024,
OPTIDX,NIFTY,25-Apr-2024,19950,PE,0,0,0,89,25.3,0,0,0,0,31-JAN-2024,
OPTIDX,NIFTY,25-Apr-2024,20000,PE,110,115,91,92,92,392,3939.23,40200,11000,31-JAN-2024,
OPTIDX,NIFTY,25-Apr-2024,20050,PE,0,0,0,102.3,30.85,0,0,0,0,31-JAN-2024,
OPTIDX,NIFTY,25-Apr-2024,20100,PE,0,0,0,109.55,33.95,0,0,0,0,31-JAN-2024,
OPTIDX,NIFTY,25-Apr-2024,20150,PE,0,0,0,117.15,37.35,0,0,0,0,31-JAN-2024,
OPTIDX,NIFTY,25-Apr-2024,20200,PE,0,0,0,125.15,41,0,0,0,0,31-JAN-2024,
OPTIDX,NIFTY,25-Apr-2024,20250,PE,0,0,0,133.55,44.95,0,0,0,0,31-JAN-2024,
OPTIDX,NIFTY,25-Apr-2024,20300,PE,0,0,0,142.4,49.2,0,0,0,0,31-JAN-2024,
OPTIDX,NIFTY,25-Apr-2024,20350,PE,0,0,0,151.7,53.75,0,0,0,0,31-JAN-2024,
OPTIDX,NIFTY,25-Apr-2024,20400,PE,0,0,0,161.45,58.7,0,0,0,0,31-JAN-2024,
OPTIDX,NIFTY,25-Apr-2024,20450,PE,0,0,0,171.65,63.95,0,0,0,0,31-JAN-2024,
OPTIDX,NIFTY,25-Apr-2024,20500,PE,185,195,151.5,155.1,155.1,207,2138.59,16850,4150,31-JAN-2024,
OPTIDX,NIFTY,25-Apr-2024,20550,PE,0,0,0,193.5,75.6,0,0,0,0,31-JAN-2024,
OPTIDX,NIFTY,25-Apr-2024,20600,PE,0,0,0,205.2,82.05,0,0,0,0,31-JAN-2024,
OPTIDX,NIFTY,25-Apr-2024,20650,PE,0,0,0,217.35,88.95,0,0,0,0,31-JAN-2024,
OPTIDX,NIFTY,25-Apr-2024,20700,PE,0,0,0,230.8,96.25,0,0,0,0,31-JAN-2024,
OPTIDX,NIFTY,25-Apr-2024,20750,PE,0,0,0,243.95,104,0,0,0,0,31-JAN-2024,
OPTIDX,NIFTY,25-Apr-2024,20800,PE,0,0,0,256.8,112.25,0,0,0,0,31-JAN-2024,
OPTIDX,NIFTY,25-Apr-2024,20850,PE,0,0,0,271.15,121,0,0,0,0,31-JAN-2024,
OPTIDX,NIFTY,25-Apr-2024,20900,PE,0,0,0,286.05,130.3,0,0,0,0,31-JAN-2024,
OPTIDX,NIFTY,25-Apr-2024,20950,PE,0,0,0,301.5,140.1,0,0,0,0,31-JAN-2024,
OPTIDX,NIFTY,25-Apr-2024,21000,PE,300.05,300.85,242.15,252.25,252.25,300,3189.43,29300,4350,31-JAN-2024,
OPTIDX,NIFTY,25-Apr-2024,21050,PE,0,0,0,334.1,161.35,0,0,0,0,31-JAN-2024,
OPTIDX,NIFTY,25-Apr-2024,21100,PE,0,0,0,351.3,172.85,0,0,0,0,31-JAN-2024,
OPTIDX,NIFTY,25-Apr-2024,21150,PE,0,0,0,369.1,184.9,0,0,0,0,31-JAN-2024,
OPTIDX,NIFTY,25-Apr-2024,21200,PE,0,0,0,387.5,197.6,0,0,0,0,31-JAN-2024,
OPTIDX,NIFTY,25-Apr-2024,21250,PE,0,0,0,406.5,210.9,0,0,0,0,31-JAN-2024,
OPTIDX,NIFTY,25-Apr-2024,21300,PE,0,0,0,426.1,224.85,0,0,0,0,31-JAN-2024,
OPTIDX,NIFTY,25-Apr-2024,21350,PE,0,0,0,446.3,239.5,0,0,0,0,31-JAN-2024,
OPTIDX,NIFTY,25-Apr-2024,21400,PE,416,416,355.85,359,254.75,15,163.38,400,150,31-JAN-2024,
OPTIDX,NIFTY,25-Apr-2024,21450,PE,0,0,0,488.6,270.7,0,0,0,0,31-JAN-2024,
OPTIDX,NIFTY,25-Apr-2024,21500,PE,451.35,460,370,382.35,382.35,167,1829.04,10250,1250,31-JAN-2024,
OPTIDX,NIFTY,25-Apr-2024,21550,PE,0,0,0,533.35,304.6,0,0,0,0,31-JAN-2024,
OPTIDX,NIFTY,25-Apr-2024,21600,PE,446,471,423.9,432.75,322.65,29,319.55,1050,950,31-JAN-2024,
OPTIDX,NIFTY,25-Apr-2024,21650,PE,0,0,0,580.55,341.35,0,0,0,0,31-JAN-2024,
OPTIDX,NIFTY,25-Apr-2024,21700,PE,496.5,514,450,467.35,467.35,13,144.15,850,350,31-JAN-2024,
OPTIDX,NIFTY,25-Apr-2024,21750,PE,0,0,0,630.2,380.95,0,0,0,0,31-JAN-2024,
OPTIDX,NIFTY,25-Apr-2024,21800,PE,0,0,0,655.95,401.85,0,0,0,0,31-JAN-2024,
OPTIDX,NIFTY,25-Apr-2024,21850,PE,0,0,0,682.35,423.5,0,0,0,0,31-JAN-2024,
OPTIDX,NIFTY,25-Apr-2024,21900,PE,0,0,0,709.35,445.85,0,0,0,0,31-JAN-2024,
OPTIDX,NIFTY,25-Apr-2024,21950,PE,0,0,0,736.95,468.9,0,0,0,0,31-JAN-2024,
OPTIDX,NIFTY,25-Apr-2024,22000,PE,664,664,562.5,575.8,575.8,158,1784.4,15550,2050,31-JAN-2024,
OPTIDX,NIFTY,25-Apr-2024,22050,PE,0,0,0,793.95,517.3,0,0,0,0,31-JAN-2024,
OPTIDX,NIFTY,25-Apr-2024,22100,PE,0,0,0,823.35,542.55,0,0,0,0,31-JAN-2024,
OPTIDX,NIFTY,25-Apr-2024,22150,PE,0,0,0,853.35,568.55,0,0,0,0,31-JAN-2024,
OPTIDX,NIFTY,25-Apr-2024,22200,PE,0,0,0,883.9,595.3,0,0,0,0,31-JAN-2024,
OPTIDX,NIFTY,25-Apr-2024,22250,PE,0,0,0,915.05,622.75,0,0,0,0,31-JAN-2024,
OPTIDX,NIFTY,25-Apr-2024,22300,PE,0,0,0,946.75,650.95,0,0,0,0,31-JAN-2024,
OPTIDX,NIFTY,25-Apr-2024,22350,PE,0,0,0,979,679.8,0,0,0,0,31-JAN-2024,
OPTIDX,NIFTY,25-Apr-2024,22400,PE,0,0,0,1011.8,709.4,0,0,0,0,31-JAN-2024,
OPTIDX,NIFTY,25-Apr-2024,22450,PE,0,0,0,1045.15,739.7,0,0,0,0,31-JAN-2024,
OPTIDX,NIFTY,25-Apr-2024,22500,PE,900,900,781.55,781.55,781.55,7,81.64,2200,150,31-JAN-2024,
OPTIDX,NIFTY,25-Apr-2024,22550,PE,0,0,0,1113.45,802.3,0,0,0,0,31-JAN-2024,
OPTIDX,NIFTY,25-Apr-2024,22600,PE,0,0,0,1148.4,834.6,0,0,0,0,31-JAN-2024,
OPTIDX,NIFTY,25-Apr-2024,22650,PE,0,0,0,1183.8,867.55,0,0,0,0,31-JAN-2024,
OPTIDX,NIFTY,25-Apr-2024,22700,PE,0,0,0,1219.7,901.15,0,0,0,0,31-JAN-2024,
OPTIDX,NIFTY,25-Apr-2024,22750,PE,0,0,0,1256.1,935.35,0,0,0,0,31-JAN-2024,
OPTIDX,NIFTY,25-Apr-2024,22800,PE,0,0,0,1294,970.2,0,0,0,0,31-JAN-2024,
OPTIDX,NIFTY,25-Apr-2024,22850,PE,0,0,0,1331.45,1005.65,0,0,0,0,31-JAN-2024,
OPTIDX,NIFTY,25-Apr-2024,22900,PE,0,0,0,1368.4,1041.7,0,0,0,0,31-JAN-2024,
OPTIDX,NIFTY,25-Apr-2024,22950,PE,0,0,0,1406.65,1078.3,0,0,0,0,31-JAN-2024,
OPTIDX,NIFTY,25-Apr-2024,23000,PE,0,0,0,1445.35,1115.45,0,0,0,0,31-JAN-2024,
OPTIDX,NIFTY,25-Apr-2024,23050,PE,0,0,0,1484.45,1153.2,0,0,0,0,31-JAN-2024,
OPTIDX,NIFTY,25-Apr-2024,23100,PE,0,0,0,1523.9,1191.45,0,0,0,0,31-JAN-2024,
OPTIDX,NIFTY,25-Apr-2024,23150,PE,0,0,0,1563.8,1230.2,0,0,0,0,31-JAN-2024,
OPTIDX,NIFTY,25-Apr-2024,23200,PE,0,0,0,1604.1,1269.45,0,0,0,0,31-JAN-2024,
OPTIDX,NIFTY,25-Apr-2024,23250,PE,0,0,0,1644.75,1309.2,0,0,0,0,31-JAN-2024,
OPTIDX,NIFTY,25-Apr-2024,23300,PE,0,0,0,1685.75,1349.4,0,0,0,0,31-JAN-2024,
OPTIDX,NIFTY,25-Apr-2024,23350,PE,0,0,0,1727.15,1390.1,0,0,0,0,31-JAN-2024,
OPTIDX,NIFTY,25-Apr-2024,23400,PE,0,0,0,1768.85,1431.2,0,0,0,0,31-JAN-2024,
OPTIDX,NIFTY,25-Apr-2024,23450,PE,0,0,0,1810.85,1472.7,0,0,0,0,31-JAN-2024,
OPTIDX,NIFTY,25-Apr-2024,23500,PE,0,0,0,1853.25,1514.65,0,0,0,0,31-JAN-2024,
OPTIDX,NIFTY,27-Jun-2024,15000,CE,0,0,0,4599.25,7130.7,0,0,50,0,31-JAN-2024,
OPTIDX,NIFTY,27-Jun-2024,16000,CE,0,0,0,2666.1,6157.7,0,0,0,0,31-JAN-2024,
OPTIDX,NIFTY,27-Jun-2024,17000,CE,0,0,0,5010.65,5184.8,0,0,50,0,31-JAN-2024,
OPTIDX,NIFTY,27-Jun-2024,18000,CE,4012.85,4133,4012.85,4115,4213.4,7,77.36,18550,350,31-JAN-2024,
OPTIDX,NIFTY,27-Jun-2024,18500,CE,0,0,0,3554.75,3730.3,0,0,2825,0,31-JAN-2024,
OPTIDX,NIFTY,27-Jun-2024,19000,CE,3200,3230,3200,3230,3230,3,33.33,120200,100,31-JAN-2024,
OPTIDX,NIFTY,27-Jun-2024,20000,CE,2350,2450,2350,2450,2450,30,336.07,173200,-500,31-JAN-2024,
OPTIDX,NIFTY,27-Jun-2024,21000,CE,1564.45,1700,1564.45,1678.95,1678.95,246,2786.76,352250,-2250,31-JAN-2024,
OPTIDX,NIFTY,27-Jun-2024,22000,CE,953,1071.4,919,1051.6,1051.6,1089,12541.09,360400,22350,31-JAN-2024,
OPTIDX,NIFTY,27-Jun-2024,23000,CE,515.05,594,509.9,578.3,578.3,630,7421.83,773450,3200,31-JAN-2024,
OPTIDX,NIFTY,27-Jun-2024,24000,CE,276,305,225.3,297.7,297.7,497,6035.19,248150,3850,31-JAN-2024,
OPTIDX,NIFTY,27-Jun-2024,25000,CE,135,149.9,120,145.55,145.55,335,4210.82,184750,3400,31-JAN-2024,
OPTIDX,NIFTY,27-Jun-2024,26000,CE,71,77,66.2,74.6,74.6,81,1055.92,36200,50,31-JAN-2024,
OPTIDX,NIFTY,27-Jun-2024,27000,CE,0,0,0,331.6,5.75,0,0,0,0,31-JAN-2024,
OPTIDX,NIFTY,27-Jun-2024,14000,PE,0,0,0,3.05,0.05,0,0,7275,0,31-JAN-2024,
OPTIDX,NIFTY,27-Jun-2024,15000,PE,0,0,0,3.05,0.05,0,0,12425,0,31-JAN-2024,
OPTIDX,NIFTY,27-Jun-2024,16000,PE,0,0,0,3.05,0.05,0,0,37950,0,31-JAN-2024,
OPTIDX,NIFTY,27-Jun-2024,17000,PE,44.7,45,37.9,39.7,39.7,228,1942.84,124300,-1600,31-JAN-2024,
OPTIDX,NIFTY,27-Jun-2024,18000,PE,59.4,62.45,54,57.7,57.7,950,8577.51,515150,7250,31-JAN-2024,
OPTIDX,NIFTY,27-Jun-2024,19000,PE,130,130,118,122,122,634,6061.59,797500,-1000,31-JAN-2024,
OPTIDX,NIFTY,27-Jun-2024,20000,PE,248.95,251.95,230,233.95,233.95,1055,10675.59,1104850,15900,31-JAN-2024,
OPTIDX,NIFTY,27-Jun-2024,21000,PE,468.85,479.5,420.8,426.8,426.8,1914,20512.97,1022050,14500,31-JAN-2024,
OPTIDX,NIFTY,27-Jun-2024,22000,PE,859.25,863.95,761.35,774.3,774.3,1380,15721.37,918900,14400,31-JAN-2024,
OPTIDX,NIFTY,27-Jun-2024,23000,PE,1393.25,1401.05,1246.7,1265.6,1265.6,273,3315.33,155150,900,31-JAN-2024,
OPTIDX,NIFTY,27-Jun-2024,24000,PE,1990,1990,1920,1950,1808.15,4,51.9,47300,100,31-JAN-2024,
OPTIDX,NIFTY,27-Jun-2024,25000,PE,0,0,0,7199.55,2665.85,0,0,0,0,31-JAN-2024,
OPTIDX,NIFTY,27-Jun-2024,26000,PE,0,0,0,8015.6,3593.35,0,0,0,0,31-JAN-2024,
OPTIDX,NIFTY,27-Jun-2024,27000,PE,0,0,0,8206,4551.1,0,0,0,0,31-JAN-2024,
OPTIDX,NIFTY,26-Sep-2024,16000,CE,0,0,0,4667.4,6417.6,0,0,0,0,31-JAN-2024,
OPTIDX,NIFTY,26-Sep-2024,17000,CE,0,0,0,3800.4,5462,0,0,0,0,31-JAN-2024,
OPTIDX,NIFTY,26-Sep-2024,18000,CE,0,0,0,2994.95,4511.65,0,0,0,0,31-JAN-2024,
OPTIDX,NIFTY,26-Sep-2024,19000,CE,0,0,0,2277.4,3580.15,0,0,0,0,31-JAN-2024,
OPTIDX,NIFTY,26-Sep-2024,20000,CE,0,0,0,1666.45,2696.8,0,0,0,0,31-JAN-2024,
OPTIDX,NIFTY,26-Sep-2024,21000,CE,0,0,0,1173.8,1905.3,0,0,0,0,31-JAN-2024,
OPTIDX,NIFTY,26-Sep-2024,22000,CE,1367.35,1367.35,1367.35,1367.35,1250.05,1,11.68,9850,50,31-JAN-2024,
OPTIDX,NIFTY,26-Sep-2024,23000,CE,845.95,884.2,832.1,832.1,756.6,7,83.49,12550,50,31-JAN-2024,
OPTIDX,NIFTY,26-Sep-2024,24000,CE,0,0,0,440,421.2,0,0,300,0,31-JAN-2024,
OPTIDX,NIFTY,26-Sep-2024,25000,CE,200,284,200,284,215.65,33,416.77,1850,550,31-JAN-2024,
OPTIDX,NIFTY,26-Sep-2024,26000,CE,0,0,0,150,101.8,0,0,4350,0,31-JAN-2024,
OPTIDX,NIFTY,26-Sep-2024,27000,CE,0,0,0,68.7,44.45,0,0,0,0,31-JAN-2024,
OPTIDX,NIFTY,26-Sep-2024,16000,PE,0,0,0,39.75,0.15,0,0,0,0,31-JAN-2024,
OPTIDX,NIFTY,26-Sep-2024,17000,PE,0,0,0,103.7,1.3,0,0,0,0,31-JAN-2024,
OPTIDX,NIFTY,26-Sep-2024,18000,PE,0,0,0,229.25,7.7,0,0,0,0,31-JAN-2024,
OPTIDX,NIFTY,26-Sep-2024,19000,PE,0,0,0,239.55,33,0,0,2850,0,31-JAN-2024,
OPTIDX,NIFTY,26-Sep-2024,20000,PE,0,0,0,762.75,106.35,0,0,0,0,31-JAN-2024,
OPTIDX,NIFTY,26-Sep-2024,21000,PE,0,0,0,1201.1,271.65,0,0,0,0,31-JAN-2024,
OPTIDX,NIFTY,26-Sep-2024,22000,PE,830,830,765.1,823.6,823.6,22,251.01,2900,-700,31-JAN-2024,
OPTIDX,NIFTY,26-Sep-2024,23000,PE,0,0,0,913.6,1036.5,0,0,100,0,31-JAN-2024,
OPTIDX,NIFTY,26-Sep-2024,24000,PE,0,0,0,3149.25,1657.85,0,0,0,0,31-JAN-2024,
OPTIDX,NIFTY,26-Sep-2024,25000,PE,0,0,0,3952.4,2409.05,0,0,0,0,31-JAN-2024,
OPTIDX,NIFTY,26-Sep-2024,26000,PE,0,0,0,4801.5,3251.95,0,0,0,0,31-JAN-2024,
OPTIDX,NIFTY,26-Sep-2024,27000,PE,0,0,0,5681.95,4151.4,0,0,0,0,31-JAN-2024,
OPTIDX,NIFTY,26-Dec-2024,14000,CE,0,0,0,8599,8554.55,0,0,100,0,31-JAN-2024,
OPTIDX,NIFTY,26-Dec-2024,15000,CE,0,0,0,7100,7613.8,0,0,2100,0,31-JAN-2024,
OPTIDX,NIFTY,26-Dec-2024,16000,CE,0,0,0,6400,6673.6,0,0,21950,0,31-JAN-2024,
OPTIDX,NIFTY,26-Dec-2024,17000,CE,5325.05,5325.05,5325.05,5325.05,5735.9,1,11.16,21050,0,31-JAN-2024,
OPTIDX,NIFTY,26-Dec-2024,18000,CE,0,0,0,4585,4807.1,0,0,24400,0,31-JAN-2024,
OPTIDX,NIFTY,26-Dec-2024,18500,CE,0,0,0,4400,4350.25,0,0,1000,0,31-JAN-2024,
OPTIDX,NIFTY,26-Dec-2024,19000,CE,3827.2,3900,3827.2,3900,3900,10,114.41,72350,0,31-JAN-2024,
OPTIDX,NIFTY,26-Dec-2024,20000,CE,2955.85,3087.4,2955.85,3075,3075,14,161.39,77450,100,31-JAN-2024,
OPTIDX,NIFTY,26-Dec-2024,21000,CE,2200,2381.75,2176.05,2364.5,2364.5,77,898.11,124350,1250,31-JAN-2024,
OPTIDX,NIFTY,26-Dec-2024,22000,CE,1570,1716.5,1565,1694.65,1694.65,173,2047.19,174400,1150,31-JAN-2024,
OPTIDX,NIFTY,26-Dec-2024,23000,CE,1128,1198.85,1004.2,1146.5,1146.5,107,1291.56,153100,500,31-JAN-2024,
OPTIDX,NIFTY,26-Dec-2024,24000,CE,697.8,745.3,690,735.25,735.25,86,1063.18,136600,1300,31-JAN-2024,
OPTIDX,NIFTY,26-Dec-2024,25000,CE,402,465,402,442,442,238,3027.43,175100,2900,31-JAN-2024,
OPTIDX,NIFTY,26-Dec-2024,26000,CE,235,266,235,258.25,258.25,46,603.72,63600,750,31-JAN-2024,
OPTIDX,NIFTY,26-Dec-2024,27000,CE,146,148,133,143.7,143.7,75,1017.87,38550,2400,31-JAN-2024,
OPTIDX,NIFTY,26-Dec-2024,14000,PE,0,0,0,20.5,0.05,0,0,3300,0,31-JAN-2024,
OPTIDX,NIFTY,26-Dec-2024,15000,PE,0,0,0,7.6,0.1,0,0,28300,0,31-JAN-2024,
OPTIDX,NIFTY,26-Dec-2024,16000,PE,55.45,64.15,50.2,54.9,0.65,50,401.41,16400,1450,31-JAN-2024,
OPTIDX,NIFTY,26-Dec-2024,17000,PE,50,78.2,50,69.3,69.3,6,51.2,75700,-150,31-JAN-2024,
OPTIDX,NIFTY,26-Dec-2024,18000,PE,118.4,128.15,110.05,111.65,111.65,103,932.83,254000,950,31-JAN-2024,
OPTIDX,NIFTY,26-Dec-2024,19000,PE,200.45,201.95,191,196.55,196.55,134,1286.21,443750,900,31-JAN-2024,
OPTIDX,NIFTY,26-Dec-2024,20000,PE,342,343,320,325.05,325.05,209,2124.24,545550,1650,31-JAN-2024,
OPTIDX,NIFTY,26-Dec-2024,21000,PE,547,561,520,524,524,581,6254.94,856250,-3350,31-JAN-2024,
OPTIDX,NIFTY,26-Dec-2024,22000,PE,864.1,865,800.05,810.8,810.8,285,3251.8,340950,7550,31-JAN-2024,
OPTIDX,NIFTY,26-Dec-2024,23000,PE,1297.15,1297.15,1190.05,1209.6,1209.6,222,2688.27,106100,50,31-JAN-2024,
OPTIDX,NIFTY,26-Dec-2024,24000,PE,1859.75,1859.75,1707,1708,1708,29,373.37,32650,200,31-JAN-2024,
OPTIDX,NIFTY,26-Dec-2024,25000,PE,2470.35,2470.35,2387,2393.35,2393.35,33,452.3,8550,100,31-JAN-2024,
OPTIDX,NIFTY,26-Dec-2024,26000,PE,0,0,0,7636.7,2969.85,0,0,0,0,31-JAN-2024,
OPTIDX,NIFTY,26-Dec-2024,27000,PE,0,0,0,4500,3802.85,0,0,50,0,31-JAN-2024,
OPTIDX,NIFTY,26-Jun-2025,16000,CE,0,0,0,3227.55,7174.1,0,0,0,0,31-JAN-2024,
OPTIDX,NIFTY,26-Jun-2025,17000,CE,0,0,0,4165.5,6272.2,0,0,2750,0,31-JAN-2024,
OPTIDX,NIFTY,26-Jun-2025,18000,CE,0,0,0,3934,5383.4,0,0,2200,0,31-JAN-2024,
OPTIDX,NIFTY,26-Jun-2025,19000,CE,0,0,0,3077.9,4520.85,0,0,0,0,31-JAN-2024,
OPTIDX,NIFTY,26-Jun-2025,20000,CE,0,0,0,3180.85,3702.75,0,0,0,0,31-JAN-2024,
OPTIDX,NIFTY,26-Jun-2025,21000,CE,0,0,0,3199.45,2949.9,0,0,0,0,31-JAN-2024,
OPTIDX,NIFTY,26-Jun-2025,22000,CE,0,0,0,2088.15,2281.5,0,0,0,0,31-JAN-2024,
OPTIDX,NIFTY,26-Jun-2025,23000,CE,0,0,0,2003.65,1711,0,0,0,0,31-JAN-2024,
OPTIDX,NIFTY,26-Jun-2025,24000,CE,0,0,0,1100.85,1243.8,0,0,0,0,31-JAN-2024,
OPTIDX,NIFTY,26-Jun-2025,25000,CE,0,0,0,945.65,876.7,0,0,0,0,31-JAN-2024,
OPTIDX,NIFTY,26-Jun-2025,26000,CE,0,0,0,811.85,599.7,0,0,0,0,31-JAN-2024,
OPTIDX,NIFTY,26-Jun-2025,27000,CE,0,0,0,803.5,398.55,0,0,0,0,31-JAN-2024,
OPTIDX,NIFTY,26-Jun-2025,14000,PE,0,0,0,42.35,0.1,0,0,675,0,31-JAN-2024,
OPTIDX,NIFTY,26-Jun-2025,15000,PE,0,0,0,134,0.65,0,0,1800,0,31-JAN-2024,
OPTIDX,NIFTY,26-Jun-2025,16000,PE,0,0,0,129.2,2.95,0,0,100,0,31-JAN-2024,
OPTIDX,NIFTY,26-Jun-2025,17000,PE,0,0,0,3497.35,10.7,0,0,0,0,31-JAN-2024,
OPTIDX,NIFTY,26-Jun-2025,18000,PE,0,0,0,3586.15,31.55,0,0,0,0,31-JAN-2024,
OPTIDX,NIFTY,26-Jun-2025,19000,PE,0,0,0,3210.95,78.65,0,0,0,0,31-JAN-2024,
OPTIDX,NIFTY,26-Jun-2025,20000,PE,0,0,0,599.8,170.25,0,0,900,0,31-JAN-2024,
OPTIDX,NIFTY,26-Jun-2025,21000,PE,0,0,0,3070.85,327.05,0,0,0,0,31-JAN-2024,
OPTIDX,NIFTY,26-Jun-2025,22000,PE,0,0,0,3957.4,568.3,0,0,0,0,31-JAN-2024,
OPTIDX,NIFTY,26-Jun-2025,23000,PE,0,0,0,1170,907.5,0,0,0,0,31-JAN-2024,
OPTIDX,NIFTY,26-Jun-2025,24000,PE,0,0,0,5875.1,1349.95,0,0,0,0,31-JAN-2024,
OPTIDX,NIFTY,26-Jun-2025,25000,PE,0,0,0,6576.35,1892.5,0,0,0,0,31-JAN-2024,
OPTIDX,NIFTY,26-Jun-2025,26000,PE,0,0,0,7299,2525.15,0,0,0,0,31-JAN-2024,
OPTIDX,NIFTY,26-Jun-2025,27000,PE,0,0,0,7438.15,3233.65,0,0,0,0,31-JAN-2024,
OPTIDX,NIFTY,24-Dec-2025,16000,CE,0,0,0,7200,7656.35,0,0,50,0,31-JAN-2024,
OPTIDX,NIFTY,24-Dec-2025,17000,CE,0,0,0,5080,6788.15,0,0,650,0,31-JAN-2024,
OPTIDX,NIFTY,24-Dec-2025,18000,CE,0,0,0,6099.95,5934.4,0,0,5650,0,31-JAN-2024,
OPTIDX,NIFTY,24-Dec-2025,19000,CE,0,0,0,4401,5105.85,0,0,3200,0,31-JAN-2024,
OPTIDX,NIFTY,24-Dec-2025,19500,CE,0,0,0,3200,4705.15,0,0,1300,0,31-JAN-2024,
OPTIDX,NIFTY,24-Dec-2025,20000,CE,0,0,0,3800,4316.05,0,0,300,0,31-JAN-2024,
OPTIDX,NIFTY,24-Dec-2025,21000,CE,0,0,0,1400,3579.65,0,0,100,0,31-JAN-2024,
OPTIDX,NIFTY,24-Dec-2025,22000,CE,0,0,0,2751.35,2910.25,0,0,600,0,31-JAN-2024,
OPTIDX,NIFTY,24-Dec-2025,23000,CE,0,0,0,2310,2318.1,0,0,2650,0,31-JAN-2024,
OPTIDX,NIFTY,24-Dec-2025,24000,CE,0,0,0,1396.05,1808.9,0,0,0,0,31-JAN-2024,
OPTIDX,NIFTY,24-Dec-2025,25000,CE,0,0,0,1222.85,1383.25,0,0,0,0,31-JAN-2024,
OPTIDX,NIFTY,24-Dec-2025,26000,CE,0,0,0,1070.85,1037.1,0,0,0,0,31-JAN-2024,
OPTIDX,NIFTY,24-Dec-2025,27000,CE,0,0,0,1071,762.95,0,0,0,0,31-JAN-2024,
OPTIDX,NIFTY,24-Dec-2025,13000,PE,0,0,0,400,0.05,0,0,150,0,31-JAN-2024,
OPTIDX,NIFTY,24-Dec-2025,15000,PE,0,0,0,62.15,1.75,0,0,1100,0,31-JAN-2024,
OPTIDX,NIFTY,24-Dec-2025,16000,PE,0,0,0,79,6.1,0,0,2550,0,31-JAN-2024,
OPTIDX,NIFTY,24-Dec-2025,16500,PE,0,0,0,38.15,10.55,0,0,2600,0,31-JAN-2024,
OPTIDX,NIFTY,24-Dec-2025,17000,PE,0,0,0,155.05,17.6,0,0,2400,0,31-JAN-2024,
OPTIDX,NIFTY,24-Dec-2025,18000,PE,0,0,0,324.95,43.55,0,0,3050,0,31-JAN-2024,
OPTIDX,NIFTY,24-Dec-2025,19000,PE,0,0,0,155.85,94.7,0,0,3850,0,31-JAN-2024,
OPTIDX,NIFTY,24-Dec-2025,20000,PE,0,0,0,572,184.65,0,0,4500,0,31-JAN-2024,
OPTIDX,NIFTY,24-Dec-2025,21000,PE,0,0,0,701,327.95,0,0,3200,0,31-JAN-2024,
OPTIDX,NIFTY,24-Dec-2025,22000,PE,0,0,0,1099,538.25,0,0,2550,0,31-JAN-2024,
OPTIDX,NIFTY,24-Dec-2025,23000,PE,1232,1232,1232,1232,825.85,1,12.11,1000,0,31-JAN-2024,
OPTIDX,NIFTY,24-Dec-2025,24000,PE,0,0,0,5649,1196.35,0,0,0,0,31-JAN-2024,
OPTIDX,NIFTY,24-Dec-2025,25000,PE,0,0,0,6310.55,1650.4,0,0,0,0,31-JAN-2024,
OPTIDX,NIFTY,24-Dec-2025,26000,PE,0,0,0,6993.25,2183.95,0,0,0,0,31-JAN-2024,
OPTIDX,NIFTY,24-Dec-2025,27000,PE,0,0,0,7112.8,2789.55,0,0,0,0,31-JAN-2024,
OPTIDX,NIFTY,25-Jun-2026,12000,CE,0,0,0,8690,11520.45,0,0,50,0,31-JAN-2024,
OPTIDX,NIFTY,25-Jun-2026,16000,CE,0,0,0,4748.3,8127.85,0,0,0,0,31-JAN-2024,
OPTIDX,NIFTY,25-Jun-2026,17000,CE,0,0,0,4348.25,7291.45,0,0,0,0,31-JAN-2024,
OPTIDX,NIFTY,25-Jun-2026,18000,CE,0,0,0,4150,6469.4,0,0,200,0,31-JAN-2024,
OPTIDX,NIFTY,25-Jun-2026,19000,CE,0,0,0,2872.25,5670.4,0,0,100,0,31-JAN-2024,
OPTIDX,NIFTY,25-Jun-2026,20000,CE,0,0,0,3829.5,4904.95,0,0,0,0,31-JAN-2024,
OPTIDX,NIFTY,25-Jun-2026,21000,CE,0,0,0,3881.9,4184,0,0,0,0,31-JAN-2024,
OPTIDX,NIFTY,25-Jun-2026,22000,CE,0,0,0,2722.55,3517.7,0,0,0,0,31-JAN-2024,
OPTIDX,NIFTY,25-Jun-2026,23000,CE,0,0,0,2645.65,2914.4,0,0,0,0,31-JAN-2024,
OPTIDX,NIFTY,25-Jun-2026,24000,CE,0,0,0,1698.3,2379.35,0,0,0,0,31-JAN-2024,
OPTIDX,NIFTY,25-Jun-2026,25000,CE,0,0,0,1510.4,1914.65,0,0,0,0,31-JAN-2024,
OPTIDX,NIFTY,25-Jun-2026,26000,CE,0,0,0,1343.15,1519.25,0,0,0,0,31-JAN-2024,
OPTIDX,NIFTY,25-Jun-2026,27000,CE,0,0,0,1352.8,1189.25,0,0,0,0,31-JAN-2024,
OPTIDX,NIFTY,25-Jun-2026,12000,PE,0,0,0,10.05,0.05,0,0,500,0,31-JAN-2024,
OPTIDX,NIFTY,25-Jun-2026,13000,PE,0,0,0,45.25,0.2,0,0,200,0,31-JAN-2024,
OPTIDX,NIFTY,25-Jun-2026,14000,PE,0,0,0,300,0.9,0,0,100,0,31-JAN-2024,
OPTIDX,NIFTY,25-Jun-2026,15000,PE,0,0,0,105.5,3.15,0,0,850,0,31-JAN-2024,
OPTIDX,NIFTY,25-Jun-2026,16000,PE,0,0,0,54.8,9.2,0,0,500,0,31-JAN-2024,
OPTIDX,NIFTY,25-Jun-2026,17000,PE,0,0,0,2627.25,23.25,0,0,0,0,31-JAN-2024,
OPTIDX,NIFTY,25-Jun-2026,18000,PE,0,0,0,3088.05,51.6,0,0,0,0,31-JAN-2024,
OPTIDX,NIFTY,25-Jun-2026,19000,PE,0,0,0,140.45,103.1,0,0,100,0,31-JAN-2024,
OPTIDX,NIFTY,25-Jun-2026,20000,PE,0,0,0,3159.75,188.1,0,0,0,0,31-JAN-2024,
OPTIDX,NIFTY,25-Jun-2026,21000,PE,0,0,0,3065.6,317.55,0,0,0,0,31-JAN-2024,
OPTIDX,NIFTY,25-Jun-2026,22000,PE,0,0,0,3829.5,501.75,0,0,0,0,31-JAN-2024,
OPTIDX,NIFTY,25-Jun-2026,23000,PE,0,0,0,4171.75,748.85,0,0,0,0,31-JAN-2024,
OPTIDX,NIFTY,25-Jun-2026,24000,PE,0,0,0,5437.7,1064.25,0,0,0,0,31-JAN-2024,
OPTIDX,NIFTY,25-Jun-2026,25000,PE,0,0,0,6063.1,1450,0,0,0,0,31-JAN-2024,
OPTIDX,NIFTY,25-Jun-2026,26000,PE,0,0,0,6709.2,1905,0,0,0,0,31-JAN-2024,
OPTIDX,NIFTY,25-Jun-2026,27000,PE,0,0,0,6810.7,2425.45,0,0,0,0,31-JAN-2024,
OPTIDX,NIFTY,31-Dec-2026,16000,CE,0,0,0,6200,8598,0,0,50,0,31-JAN-2024,
OPTIDX,NIFTY,31-Dec-2026,17000,CE,0,0,0,4955.1,7792.25,0,0,0,0,31-JAN-2024,
OPTIDX,NIFTY,31-Dec-2026,18000,CE,0,0,0,4501.45,7000.1,0,0,0,0,31-JAN-2024,
OPTIDX,NIFTY,31-Dec-2026,19000,CE,0,0,0,4999,6228.65,0,0,200,0,31-JAN-2024,
OPTIDX,NIFTY,31-Dec-2026,20000,CE,0,0,0,3704.3,5486.05,0,0,0,0,31-JAN-2024,
OPTIDX,NIFTY,31-Dec-2026,21000,CE,0,0,0,3356.25,4780.8,0,0,0,0,31-JAN-2024,
OPTIDX,NIFTY,31-Dec-2026,22000,CE,0,0,0,3039,4121,0,0,0,0,31-JAN-2024,
OPTIDX,NIFTY,31-Dec-2026,23000,CE,0,0,0,2020,3513.25,0,0,500,0,31-JAN-2024,
OPTIDX,NIFTY,31-Dec-2026,24000,CE,0,0,0,2010.65,2962.4,0,0,0,0,31-JAN-2024,
OPTIDX,NIFTY,31-Dec-2026,25000,CE,0,0,0,1811.2,2471.15,0,0,0,0,31-JAN-2024,
OPTIDX,NIFTY,31-Dec-2026,26000,CE,0,0,0,1631.05,2039.8,0,0,0,0,31-JAN-2024,
OPTIDX,NIFTY,31-Dec-2026,27000,CE,0,0,0,1651.65,1666.85,0,0,0,0,31-JAN-2024,
OPTIDX,NIFTY,31-Dec-2026,12000,PE,0,0,0,250.1,0.1,0,0,600,0,31-JAN-2024,
OPTIDX,NIFTY,31-Dec-2026,13000,PE,0,0,0,450,0.4,0,0,200,0,31-JAN-2024,
OPTIDX,NIFTY,31-Dec-2026,14000,PE,0,0,0,500,1.5,0,0,950,0,31-JAN-2024,
OPTIDX,NIFTY,31-Dec-2026,15000,PE,0,0,0,118.9,4.6,0,0,2200,0,31-JAN-2024,
OPTIDX,NIFTY,31-Dec-2026,16000,PE,0,0,0,73.05,11.95,0,0,2450,0,31-JAN-2024,
OPTIDX,NIFTY,31-Dec-2026,17000,PE,51.25,293.95,51.25,222,27.45,27,232.5,2550,-150,31-JAN-2024,
OPTIDX,NIFTY,31-Dec-2026,18000,PE,0,0,0,374.15,56.55,0,0,6350,0,31-JAN-2024,
OPTIDX,NIFTY,31-Dec-2026,19000,PE,0,0,0,450,106.3,0,0,3200,0,31-JAN-2024,
OPTIDX,NIFTY,31-Dec-2026,20000,PE,0,0,0,600,184.95,0,0,3750,0,31-JAN-2024,
OPTIDX,NIFTY,31-Dec-2026,21000,PE,0,0,0,649,300.95,0,0,850,0,31-JAN-2024,
OPTIDX,NIFTY,31-Dec-2026,22000,PE,0,0,0,609.65,462.35,0,0,100,0,31-JAN-2024,
OPTIDX,NIFTY,31-Dec-2026,23000,PE,0,0,0,1200,675.85,0,0,6100,0,31-JAN-2024,
OPTIDX,NIFTY,31-Dec-2026,24000,PE,0,0,0,5233.45,946.25,0,0,0,0,31-JAN-2024,
OPTIDX,NIFTY,31-Dec-2026,25000,PE,0,0,0,5825.75,1276.2,0,0,0,0,31-JAN-2024,
OPTIDX,NIFTY,31-Dec-2026,26000,PE,0,0,0,6437.4,1666.1,0,0,0,0,31-JAN-2024,
OPTIDX,NIFTY,31-Dec-2026,27000,PE,0,0,0,6522.3,2114.35,0,0,0,0,31-JAN-2024,
OPTIDX,NIFTY,24-Jun-2027,16000,CE,0,0,0,4898.4,9018.4,0,0,0,0,31-JAN-2024,
OPTIDX,NIFTY,24-Jun-2027,17000,CE,0,0,0,4464.7,8239.4,0,0,0,0,31-JAN-2024,
OPTIDX,NIFTY,24-Jun-2027,18000,CE,0,0,0,4066.45,7473.05,0,0,0,0,31-JAN-2024,
OPTIDX,NIFTY,24-Jun-2027,19000,CE,0,0,0,3701.25,6725.25,0,0,100,0,31-JAN-2024,
OPTIDX,NIFTY,24-Jun-2027,20000,CE,0,0,0,3367.05,6002.65,0,0,0,0,31-JAN-2024,
OPTIDX,NIFTY,24-Jun-2027,21000,CE,0,0,0,3061.8,5312.2,0,0,0,0,31-JAN-2024,
OPTIDX,NIFTY,24-Jun-2027,22000,CE,0,0,0,2783.5,4660.45,0,0,0,0,31-JAN-2024,
OPTIDX,NIFTY,24-Jun-2027,23000,CE,0,0,0,2530.05,4053,0,0,0,0,31-JAN-2024,
OPTIDX,NIFTY,24-Jun-2027,24000,CE,0,0,0,2299.55,3494.3,0,0,0,0,31-JAN-2024,
OPTIDX,NIFTY,24-Jun-2027,25000,CE,0,0,0,2090.05,2986.95,0,0,0,0,31-JAN-2024,
OPTIDX,NIFTY,24-Jun-2027,26000,CE,0,0,0,1900.85,2532.2,0,0,0,0,31-JAN-2024,
OPTIDX,NIFTY,24-Jun-2027,27000,CE,0,0,0,1932.5,2129.6,0,0,0,0,31-JAN-2024,
OPTIDX,NIFTY,24-Jun-2027,16000,PE,0,0,0,1476.1,13.95,0,0,0,0,31-JAN-2024,
OPTIDX,NIFTY,24-Jun-2027,17000,PE,0,0,0,1814.75,30,0,0,0,0,31-JAN-2024,
OPTIDX,NIFTY,24-Jun-2027,18000,PE,0,0,0,2188.9,58.75,0,0,0,0,31-JAN-2024,
OPTIDX,NIFTY,24-Jun-2027,19000,PE,0,0,0,170,106,0,0,250,0,31-JAN-2024,
OPTIDX,NIFTY,24-Jun-2027,20000,PE,0,0,0,3034.2,178.5,0,0,0,0,31-JAN-2024,
OPTIDX,NIFTY,24-Jun-2027,21000,PE,0,0,0,3501.35,283.15,0,0,0,0,31-JAN-2024,
OPTIDX,NIFTY,24-Jun-2027,22000,PE,0,0,0,3995.4,426.45,0,0,0,0,31-JAN-2024,
OPTIDX,NIFTY,24-Jun-2027,23000,PE,0,0,0,4514.3,614.1,0,0,0,0,31-JAN-2024,
OPTIDX,NIFTY,24-Jun-2027,24000,PE,0,0,0,5056.2,850.45,0,0,0,0,31-JAN-2024,
OPTIDX,NIFTY,24-Jun-2027,25000,PE,0,0,0,5619.05,1138.2,0,0,0,0,31-JAN-2024,
OPTIDX,NIFTY,24-Jun-2027,26000,PE,0,0,0,6202.2,1478.55,0,0,0,0,31-JAN-2024,
OPTIDX,NIFTY,24-Jun-2027,27000,PE,0,0,0,6273.45,1871,0,0,0,0,31-JAN-2024,
OPTIDX,NIFTY,30-Dec-2027,16000,CE,0,0,0,7354.45,9456.85,0,0,0,0,31-JAN-2024,
OPTIDX,NIFTY,30-Dec-2027,17000,CE,0,0,0,6805.5,8705.25,0,0,0,0,31-JAN-2024,
OPTIDX,NIFTY,30-Dec-2027,18000,CE,0,0,0,6285.7,7965.15,0,0,0,0,31-JAN-2024,
OPTIDX,NIFTY,30-Dec-2027,19000,CE,0,0,0,5794.9,7241.55,0,0,0,0,31-JAN-2024,
OPTIDX,NIFTY,30-Dec-2027,20000,CE,0,0,0,5333.85,6539.8,0,0,0,0,31-JAN-2024,
OPTIDX,NIFTY,30-Dec-2027,21000,CE,0,0,0,4902.4,5865.55,0,0,0,0,31-JAN-2024,
OPTIDX,NIFTY,30-Dec-2027,22000,CE,0,0,0,4499.55,5224.2,0,0,0,0,31-JAN-2024,
OPTIDX,NIFTY,30-Dec-2027,23000,CE,0,0,0,4125.7,4620.55,0,0,0,0,31-JAN-2024,
OPTIDX,NIFTY,30-Dec-2027,24000,CE,0,0,0,3778.95,4058.4,0,0,0,0,31-JAN-2024,
OPTIDX,NIFTY,30-Dec-2027,25000,CE,0,0,0,3458.35,3540.45,0,0,0,0,31-JAN-2024,
OPTIDX,NIFTY,30-Dec-2027,26000,CE,0,0,0,3162.4,3068.25,0,0,0,0,31-JAN-2024,
OPTIDX,NIFTY,30-Dec-2027,27000,CE,0,0,0,2889.8,2642.1,0,0,0,0,31-JAN-2024,
OPTIDX,NIFTY,30-Dec-2027,15000,PE,27.8,27.8,27.8,27.8,6.85,1,7.51,350,0,31-JAN-2024,
OPTIDX,NIFTY,30-Dec-2027,16000,PE,0,0,0,479.35,15.45,0,0,0,0,31-JAN-2024,
OPTIDX,NIFTY,30-Dec-2027,17000,PE,0,0,0,514,31.6,0,0,14250,0,31-JAN-2024,
OPTIDX,NIFTY,30-Dec-2027,18000,PE,0,0,0,74.8,59.3,0,0,10500,0,31-JAN-2024,
OPTIDX,NIFTY,30-Dec-2027,19000,PE,0,0,0,760,103.45,0,0,700,0,31-JAN-2024,
OPTIDX,NIFTY,30-Dec-2027,20000,PE,0,0,0,749.95,169.45,0,0,1700,0,31-JAN-2024,
OPTIDX,NIFTY,30-Dec-2027,21000,PE,0,0,0,1563.55,263,0,0,0,0,31-JAN-2024,
OPTIDX,NIFTY,30-Dec-2027,22000,PE,0,0,0,1867.9,389.4,0,0,0,0,31-JAN-2024,
OPTIDX,NIFTY,30-Dec-2027,23000,PE,0,0,0,2201.3,553.5,0,0,0,0,31-JAN-2024,
OPTIDX,NIFTY,30-Dec-2027,24000,PE,0,0,0,2561.85,759.15,0,0,0,0,31-JAN-2024,
OPTIDX,NIFTY,30-Dec-2027,25000,PE,0,0,0,2948.45,1008.95,0,0,0,0,31-JAN-2024,
OPTIDX,NIFTY,30-Dec-2027,26000,PE,0,0,0,3359.75,1304.55,0,0,0,0,31-JAN-2024,
OPTIDX,NIFTY,30-Dec-2027,27000,PE,0,0,0,3794.4,1646.15,0,0,0,0,31-JAN-2024,
OPTIDX,NIFTY,29-Jun-2028,16000,CE,0,0,0,8002.3,9864.4,0,0,0,0,31-JAN-2024,
OPTIDX,NIFTY,29-Jun-2028,17000,CE,0,0,0,7393.45,9137.85,0,0,0,0,31-JAN-2024,
OPTIDX,NIFTY,29-Jun-2028,18000,CE,0,0,0,6809.35,8421.85,0,0,0,0,31-JAN-2024,
OPTIDX,NIFTY,29-Jun-2028,19000,CE,0,0,0,6252.25,7720.4,0,0,0,0,31-JAN-2024,
OPTIDX,NIFTY,29-Jun-2028,20000,CE,0,0,0,5724.65,7038.15,0,0,0,0,31-JAN-2024,
OPTIDX,NIFTY,29-Jun-2028,21000,CE,0,0,0,5226.55,6379.75,0,0,0,0,31-JAN-2024,
OPTIDX,NIFTY,29-Jun-2028,22000,CE,0,0,0,4759.5,5749.75,0,0,0,0,31-JAN-2024,
OPTIDX,NIFTY,29-Jun-2028,23000,CE,0,0,0,4323.1,5152.2,0,0,0,0,31-JAN-2024,
OPTIDX,NIFTY,29-Jun-2028,24000,CE,0,0,0,3918.85,4590.5,0,0,0,0,31-JAN-2024,
OPTIDX,NIFTY,29-Jun-2028,25000,CE,0,0,0,3545.15,4067.25,0,0,0,0,31-JAN-2024,
OPTIDX,NIFTY,29-Jun-2028,26000,CE,0,0,0,3200.9,3584.15,0,0,0,0,31-JAN-2024,
OPTIDX,NIFTY,29-Jun-2028,27000,CE,0,0,0,2885.15,3141.9,0,0,0,0,31-JAN-2024,
OPTIDX,NIFTY,29-Jun-2028,16000,PE,0,0,0,194.2,16.4,0,0,0,0,31-JAN-2024,
OPTIDX,NIFTY,29-Jun-2028,17000,PE,0,0,0,283.1,32.25,0,0,0,0,31-JAN-2024,
OPTIDX,NIFTY,29-Jun-2028,18000,PE,0,0,0,396.75,58.55,0,0,0,0,31-JAN-2024,
OPTIDX,NIFTY,29-Jun-2028,19000,PE,0,0,0,537.45,99.5,0,0,0,0,31-JAN-2024,
OPTIDX,NIFTY,29-Jun-2028,20000,PE,0,0,0,707.55,159.6,0,0,0,0,31-JAN-2024,
OPTIDX,NIFTY,29-Jun-2028,21000,PE,0,0,0,907.2,243.55,0,0,0,0,31-JAN-2024,
OPTIDX,NIFTY,29-Jun-2028,22000,PE,0,0,0,1137.9,355.9,0,0,0,0,31-JAN-2024,
OPTIDX,NIFTY,29-Jun-2028,23000,PE,0,0,0,1399.25,500.7,0,0,0,0,31-JAN-2024,
OPTIDX,NIFTY,29-Jun-2028,24000,PE,0,0,0,1692.75,681.4,0,0,0,0,31-JAN-2024,
OPTIDX,NIFTY,29-Jun-2028,25000,PE,0,0,0,2016.8,900.5,0,0,0,0,31-JAN-2024,
OPTIDX,NIFTY,29-Jun-2028,26000,PE,0,0,0,2370.3,1159.75,0,0,0,0,31-JAN-2024,
OPTIDX,NIFTY,29-Jun-2028,27000,PE,0,0,0,2752.35,1459.8,0,0,0,0,31-JAN-2024,
OPTIDX,NIFTY,28-Dec-2028,16000,CE,0,0,0,10704.45,10258.05,0,0,0,0,31-JAN-2024,
OPTIDX,NIFTY,28-Dec-2028,17000,CE,0,0,0,10036.4,9555.5,0,0,0,0,31-JAN-2024,
OPTIDX,NIFTY,28-Dec-2028,18000,CE,0,0,0,9380.3,8862.5,0,0,0,0,31-JAN-2024,
OPTIDX,NIFTY,28-Dec-2028,19000,CE,0,0,0,8739,8182.5,0,0,0,0,31-JAN-2024,
OPTIDX,NIFTY,28-Dec-2028,20000,CE,0,0,0,8115.5,7519.3,0,0,0,0,31-JAN-2024,
OPTIDX,NIFTY,28-Dec-2028,21000,CE,0,0,0,7512.5,6876.9,0,0,0,0,31-JAN-2024,
OPTIDX,NIFTY,28-Dec-2028,22000,CE,0,0,0,6932.45,6259.1,0,0,0,0,31-JAN-2024,
OPTIDX,NIFTY,28-Dec-2028,23000,CE,0,0,0,6377.6,5669.5,0,0,0,0,31-JAN-2024,
OPTIDX,NIFTY,28-Dec-2028,24000,CE,0,0,0,5850.3,5111.05,0,0,0,0,31-JAN-2024,
OPTIDX,NIFTY,28-Dec-2028,25000,CE,0,0,0,5350.4,4586.2,0,0,0,0,31-JAN-2024,
OPTIDX,NIFTY,28-Dec-2028,26000,CE,0,0,0,4879.7,4096.6,0,0,0,0,31-JAN-2024,
OPTIDX,NIFTY,28-Dec-2028,27000,CE,0,0,0,4437.95,3643.3,0,0,0,0,31-JAN-2024,
OPTIDX,NIFTY,28-Dec-2028,16000,PE,0,0,0,39.6,16.95,0,0,0,0,31-JAN-2024,
OPTIDX,NIFTY,28-Dec-2028,17000,PE,0,0,0,66.15,32.2,0,0,0,0,31-JAN-2024,
OPTIDX,NIFTY,28-Dec-2028,18000,PE,0,0,0,104.65,57,0,0,0,0,31-JAN-2024,
OPTIDX,NIFTY,28-Dec-2028,19000,PE,0,0,0,158,94.75,0,0,0,0,31-JAN-2024,
OPTIDX,NIFTY,28-Dec-2028,20000,PE,0,0,0,229.1,149.35,0,0,0,0,31-JAN-2024,
OPTIDX,NIFTY,28-Dec-2028,21000,PE,0,0,0,320.7,224.75,0,0,0,0,31-JAN-2024,
OPTIDX,NIFTY,28-Dec-2028,22000,PE,0,0,0,435.3,324.75,0,0,0,0,31-JAN-2024,
OPTIDX,NIFTY,28-Dec-2028,23000,PE,0,0,0,575.05,452.9,0,0,0,0,31-JAN-2024,
OPTIDX,NIFTY,28-Dec-2028,24000,PE,0,0,0,742.35,612.25,0,0,0,0,31-JAN-2024,
OPTIDX,NIFTY,28-Dec-2028,25000,PE,0,0,0,937.05,805.15,0,0,0,0,31-JAN-2024,
OPTIDX,NIFTY,28-Dec-2028,26000,PE,0,0,0,1160.95,1033.4,0,0,0,0,31-JAN-2024,
OPTIDX,NIFTY,28-Dec-2028,27000,PE,0,0,0,1413.85,1297.85,0,0,0,0,31-JAN-2024,
